/*******************************************************************************
 * Size: 14 px
 * Bpp: 4
 * Opts: --font assets/fonts/SourceCodePro-Regular.ttf --size 14 --bpp 4 --format lvgl --range 0x20-0x7F,0xA0-0xFF,0x100-0x17F,0x400-0x4FF,0x2013-0x2014,0x2018-0x201D,0x2022,0x2026,0x20AC,0x2122 -o assets/fonts/source_code_pro_14.c
 ******************************************************************************/

#ifdef LV_LVGL_H_INCLUDE_SIMPLE
#include "lvgl.h"
#else
#include "lvgl/lvgl.h"
#endif

#ifndef SOURCE_CODE_PRO_14
#define SOURCE_CODE_PRO_14 1
#endif

#if SOURCE_CODE_PRO_14

/*-----------------
 *    BITMAPS
 *----------------*/

/*Store the image of the glyphs*/
static LV_ATTRIBUTE_LARGE_CONST const uint8_t glyph_bitmap[] = {
    /* U+0020 " " */

    /* U+0021 "!" */
    0x5c, 0x0, 0x38, 0x8, 0x4, 0x20, 0xe0, 0x11,
    0x81, 0xd8, 0x5e, 0x89, 0x8, 0x0,

    /* U+0022 "\"" */
    0x2b, 0x30, 0xa6, 0x4, 0x60, 0x5e, 0x30, 0x10,
    0x2f, 0x10, 0x60, 0x12, 0x2, 0x20, 0x30, 0x80,

    /* U+0023 "#" */
    0x0, 0x58, 0x2a, 0x80, 0x4, 0x40, 0xd6, 0x6,
    0xf7, 0xd7, 0xe3, 0x6b, 0xb6, 0xa6, 0x98, 0x8,
    0x81, 0xc0, 0x13, 0x28, 0xc3, 0xc0, 0x95, 0xce,
    0x5c, 0x0, 0x38, 0x9, 0x0, 0x73, 0x70, 0x0,

    /* U+0024 "$" */
    0x0, 0x15, 0x80, 0x7f, 0xd5, 0x8f, 0xcc, 0x8,
    0xfd, 0x9e, 0x40, 0x3, 0x20, 0x14, 0x4, 0x9c,
    0xb4, 0x0, 0x9f, 0xb6, 0xa4, 0x3, 0x37, 0xb0,
    0xc3, 0x88, 0x20, 0x8a, 0x7b, 0x3f, 0xb4, 0x6,
    0x7d, 0x2c, 0xc0, 0x3f, 0x0,

    /* U+0025 "%" */
    0x2b, 0xb4, 0x80, 0x4c, 0x15, 0xd6, 0x66, 0x1c,
    0x30, 0x1, 0x80, 0x8a, 0xfd, 0x42, 0x72, 0xf4,
    0xa8, 0xc0, 0x3, 0x56, 0xc3, 0x56, 0x60, 0x14,
    0x9d, 0xcd, 0x78, 0x2, 0x4, 0xdc, 0xc4, 0x40,
    0xa7, 0x0, 0xc4, 0x2, 0xb, 0x40, 0x8, 0xec,
    0x80,

    /* U+0026 "&" */
    0x0, 0x46, 0xe0, 0x80, 0x62, 0x5d, 0x47, 0x0,
    0xc2, 0x20, 0x32, 0x0, 0xc6, 0x57, 0x88, 0x1,
    0x90, 0x1d, 0xc0, 0x76, 0x3, 0x58, 0xf0, 0x15,
    0x80, 0x8a, 0x56, 0x94, 0x8e, 0xc, 0x86, 0x12,
    0xa0, 0x60, 0x73, 0xbf, 0x39, 0x7e, 0x0,

    /* U+0027 "'" */
    0x6a, 0xe5, 0xf2, 0x20, 0xb3, 0x0,

    /* U+0028 "(" */
    0x0, 0xfd, 0x6c, 0x0, 0x93, 0x60, 0x34, 0x80,
    0x4, 0xd8, 0x4, 0x88, 0x0, 0x84, 0x80, 0x3f,
    0x84, 0x2, 0x44, 0x0, 0x5d, 0x20, 0x12, 0xbb,
    0x0, 0x55, 0x6a, 0x0, 0x1c, 0x70,

    /* U+0029 ")" */
    0x1, 0x0, 0x87, 0xc, 0x0, 0x3f, 0xa2, 0x0,
    0x29, 0xb0, 0x9, 0xd0, 0x3, 0x2a, 0x0, 0x44,
    0x40, 0xc, 0x20, 0x11, 0x10, 0x2, 0x54, 0x0,
    0x2a, 0x84, 0x6, 0xe4, 0x7, 0x2c, 0x80, 0x79,
    0x40, 0x0,

    /* U+002A "*" */
    0x0, 0x14, 0x0, 0x70, 0x88, 0x2, 0x8b, 0xa5,
    0x9c, 0x18, 0xa4, 0x3c, 0xc0, 0x81, 0xc, 0x60,
    0x5, 0xfc, 0xe6, 0x60, 0x6, 0x90, 0x51, 0x80,

    /* U+002B "+" */
    0x0, 0x9, 0x80, 0x72, 0xc8, 0x7, 0xfa, 0xfa,
    0x97, 0xb8, 0x57, 0xd4, 0xbd, 0xc2, 0x0, 0xff,
    0xe1, 0x0,

    /* U+002C "," */
    0x0, 0xea, 0xf3, 0x3, 0xb, 0x9, 0x6e, 0x2,
    0x77, 0xf, 0x68, 0x8b, 0xc, 0x0,

    /* U+002D "-" */
    0xbe, 0xee, 0x20,

    /* U+002E "." */
    0x24, 0xf, 0xb3, 0x71, 0x20,

    /* U+002F "/" */
    0x0, 0xc7, 0xa0, 0x1d, 0x54, 0x0, 0xe7, 0x60,
    0xc, 0xa8, 0x20, 0x1b, 0xb8, 0x1, 0x89, 0x50,
    0x3, 0x53, 0x0, 0x73, 0x50, 0x6, 0x42, 0x20,
    0x6, 0xea, 0x0, 0xc2, 0x8c, 0x1, 0x9d, 0xc0,
    0x1c,

    /* U+0030 "0" */
    0x7, 0xef, 0xb1, 0x5, 0xac, 0xf2, 0xa0, 0x98,
    0x20, 0x95, 0x23, 0x75, 0xb0, 0x57, 0x3, 0x26,
    0x0, 0x18, 0x9b, 0xe8, 0x39, 0x2a, 0x0, 0x46,
    0xbf, 0x4, 0x12, 0xa2, 0x91, 0x9e, 0x76, 0x0,

    /* U+0031 "1" */
    0x7, 0xbf, 0x10, 0x8, 0x70, 0x3, 0x99, 0x80,
    0x1f, 0xfd, 0xb9, 0xfe, 0xe, 0xf6,

    /* U+0032 "2" */
    0x1, 0xbe, 0xe4, 0x80, 0x57, 0xdc, 0xf2, 0x80,
    0x5, 0x28, 0xf, 0x20, 0x7, 0x89, 0x40, 0x38,
    0xa6, 0xc0, 0x30, 0xfd, 0x90, 0x4, 0x39, 0xa,
    0x1, 0x16, 0x42, 0x80, 0x6c, 0x2a, 0xff, 0x90,

    /* U+0033 "3" */
    0x2, 0xbe, 0xfb, 0x10, 0x2, 0xef, 0x78, 0xe8,
    0x1, 0xd8, 0x1, 0xc4, 0x1, 0xc5, 0x12, 0x1,
    0x17, 0xea, 0xb8, 0x4, 0x5f, 0xc1, 0x80, 0x1c,
    0x32, 0x66, 0xb, 0x40, 0x3, 0x81, 0x7, 0xc7,
    0xfb, 0x30, 0x20,

    /* U+0034 "4" */
    0x0, 0xcb, 0xe8, 0x1, 0x8a, 0x4, 0x3, 0xba,
    0xcc, 0x3, 0x43, 0x30, 0x3, 0x1a, 0xd0, 0x6,
    0x1e, 0xe0, 0x7, 0x39, 0x67, 0xf8, 0xae, 0x5b,
    0xff, 0x15, 0xc8, 0x7, 0xe0,

    /* U+0035 "5" */
    0x3, 0xff, 0xda, 0x0, 0x73, 0xff, 0xb4, 0x0,
    0x2c, 0x1, 0xe2, 0x7d, 0xeb, 0x20, 0x3, 0x46,
    0xf1, 0xe0, 0x0, 0x54, 0x1, 0x0, 0x80, 0x1e,
    0x17, 0xc, 0x40, 0x5, 0x11, 0x84, 0x43, 0xfc,
    0x18, 0x0,

    /* U+0036 "6" */
    0x2, 0xbf, 0xe8, 0x1, 0xce, 0xff, 0x68, 0x4b,
    0x28, 0xa, 0x82, 0x6d, 0x6e, 0x20, 0x14, 0xcb,
    0x7e, 0xc8, 0xe0, 0xc0, 0xd5, 0x1f, 0x0, 0x21,
    0xe, 0x63, 0x4, 0x57, 0x4b, 0xef, 0x8d, 0x10,

    /* U+0037 "7" */
    0xf, 0xff, 0x30, 0x7f, 0xec, 0x36, 0x0, 0xee,
    0xe0, 0x7, 0x42, 0x10, 0x7, 0x34, 0x0, 0x72,
    0x18, 0x80, 0x76, 0x20, 0x7, 0x8b, 0x80, 0x3c,
    0xc2, 0x1, 0x0,

    /* U+0038 "8" */
    0x0, 0x3e, 0xeb, 0x8, 0x0, 0xb5, 0x9b, 0x3e,
    0x0, 0x34, 0x10, 0x52, 0x0, 0x3a, 0x28, 0x2b,
    0x80, 0x5, 0x67, 0x6e, 0x80, 0x15, 0xf9, 0xb1,
    0x82, 0xa, 0xe0, 0x6, 0x57, 0x3, 0x70, 0x1,
    0x2a, 0x83, 0x75, 0xdb, 0xf6, 0x60,

    /* U+0039 "9" */
    0x1, 0xae, 0xe4, 0x80, 0x5a, 0x5d, 0xc0, 0xa0,
    0x1, 0xc8, 0x2, 0x50, 0x40, 0x98, 0x0, 0xc2,
    0xa1, 0xf9, 0xd8, 0x66, 0x10, 0x2b, 0xec, 0x52,
    0x60, 0xe, 0x41, 0x30, 0x64, 0x3, 0x98, 0x0,
    0x14, 0xff, 0x53, 0x80,

    /* U+003A ":" */
    0xae, 0x17, 0x12, 0xfb, 0x32, 0x40, 0x24, 0xf,
    0xb3, 0x71, 0x20,

    /* U+003B ";" */
    0xa, 0xe1, 0x7, 0x12, 0xf, 0xb3, 0x2, 0x40,
    0xf, 0x57, 0x98, 0x18, 0x58, 0x4b, 0x70, 0x13,
    0xb8, 0x7b, 0x44, 0x58, 0x60,

    /* U+003C "<" */
    0x0, 0xe5, 0x0, 0x86, 0xfc, 0x0, 0xb9, 0xb4,
    0x35, 0xde, 0xc0, 0xa9, 0x24, 0x0, 0x4b, 0xf6,
    0x0, 0x97, 0x36, 0xc4, 0x0, 0x37, 0xda, 0x1,
    0x97, 0x40,

    /* U+003D "=" */
    0xbe, 0xee, 0x2b, 0xee, 0xe2, 0x0, 0xfa, 0xfb,
    0xb8, 0x80,

    /* U+003E ">" */
    0x31, 0x0, 0xcf, 0x88, 0x1, 0x27, 0xc4, 0x80,
    0x45, 0x9d, 0xa8, 0x1, 0x3b, 0xb8, 0x0, 0x58,
    0x74, 0xf, 0xf1, 0x20, 0xfb, 0x88, 0x0, 0x6a,
    0x10, 0x8,

    /* U+003F "?" */
    0x8, 0xee, 0x58, 0x97, 0xf7, 0x2, 0x9, 0xc0,
    0x6, 0x20, 0x12, 0xa4, 0x80, 0x12, 0x70, 0x40,
    0x5, 0x0, 0x19, 0x90, 0x3, 0x77, 0x0, 0x31,
    0x10, 0x0,

    /* U+0040 "@" */
    0x0, 0x1d, 0xe6, 0x18, 0x0, 0x7d, 0x39, 0x8a,
    0x30, 0xfe, 0x20, 0x4, 0xd8, 0x88, 0xc0, 0x4,
    0x59, 0xc0, 0xb2, 0x38, 0x1c, 0xc2, 0x62, 0xb4,
    0x1c, 0xc1, 0xd8, 0x30, 0xd, 0xc3, 0xa2, 0x74,
    0x81, 0xd0, 0xaa, 0x56, 0x2, 0xe5, 0x0, 0x8,
    0x0, 0x1f, 0xdc, 0xb3, 0x0,

    /* U+0041 "A" */
    0x0, 0xab, 0xc0, 0x3c, 0x8c, 0xa0, 0x19, 0x53,
    0x78, 0x3, 0x7f, 0x91, 0x44, 0x2, 0x45, 0x7,
    0x70, 0x1, 0x47, 0xfc, 0xda, 0x0, 0xea, 0xff,
    0x90, 0x41, 0x10, 0x1, 0x23, 0xb1, 0x88, 0x5,
    0xb4,

    /* U+0042 "B" */
    0x9f, 0xf7, 0x62, 0x0, 0x1f, 0xfa, 0xec, 0x1,
    0xcc, 0x2, 0x1, 0xa4, 0xc4, 0x1f, 0xfc, 0xd0,
    0x0, 0x7f, 0xf6, 0xca, 0x80, 0x63, 0x5c, 0x0,
    0xc6, 0xde, 0xf, 0xfe, 0xe8, 0x60,

    /* U+0043 "C" */
    0x0, 0x15, 0xf7, 0xc8, 0x0, 0xb7, 0x3f, 0x84,
    0xc2, 0x59, 0xc4, 0x50, 0x60, 0x94, 0x1, 0xc2,
    0x2, 0x1, 0xc2, 0x2, 0x1, 0xe4, 0xa0, 0xf,
    0x4b, 0x40, 0x94, 0x38, 0x16, 0x1f, 0x61, 0x30,

    /* U+0044 "D" */
    0xcf, 0xf7, 0x48, 0x80, 0x27, 0xf0, 0xb0, 0x3,
    0x15, 0x9b, 0x0, 0x73, 0xe0, 0x7, 0x8, 0x80,
    0x38, 0x44, 0x1, 0xcf, 0x80, 0x11, 0x59, 0xb0,
    0x4f, 0xe1, 0x60, 0x0,

    /* U+0045 "E" */
    0x6f, 0xfe, 0x40, 0x3f, 0xfc, 0x80, 0x1f, 0xfc,
    0x33, 0xff, 0xa4, 0x0, 0x7f, 0xf4, 0x80, 0x7f,
    0xf1, 0xf, 0xff, 0x30,

    /* U+0046 "F" */
    0x2f, 0xfe, 0x70, 0x7, 0xfe, 0x70, 0xf, 0xfe,
    0x27, 0xfd, 0x80, 0x17, 0xfd, 0x80, 0x1f, 0xfc,
    0xa0,

    /* U+0047 "G" */
    0x0, 0x26, 0x7f, 0x38, 0x1, 0x6e, 0xbb, 0x3c,
    0x42, 0x25, 0x84, 0xa0, 0x48, 0x8e, 0x1, 0xc2,
    0x2, 0xf, 0xfe, 0x71, 0x1, 0x7, 0xf6, 0x2,
    0x17, 0x0, 0xf5, 0xcb, 0x9, 0x28, 0x1, 0x6a,
    0x9d, 0x8a, 0xe0,

    /* U+0048 "H" */
    0xe4, 0x0, 0xb9, 0x0, 0x3f, 0xf9, 0x55, 0xdd,
    0x8, 0x2, 0xff, 0xe1, 0x0, 0x8, 0xe0, 0xf,
    0xfe, 0x20,

    /* U+0049 "I" */
    0xaf, 0xfe, 0xa, 0xf9, 0x3f, 0xf0, 0x7, 0xff,
    0x7e, 0xbe, 0x4f, 0xfc, 0x20,

    /* U+004A "J" */
    0x1f, 0xfd, 0xc3, 0xff, 0x58, 0x7, 0xff, 0x44,
    0x4e, 0xa0, 0x4a, 0x52, 0xcb, 0xb1, 0xa4,

    /* U+004B "K" */
    0xa8, 0x0, 0xf, 0x28, 0x7, 0x6b, 0x28, 0x6,
    0xa6, 0x80, 0xd, 0xb, 0x60, 0x19, 0x54, 0x72,
    0x1, 0x8f, 0xfc, 0xe2, 0x1, 0x31, 0x1b, 0x58,
    0x7, 0xa1, 0x50, 0x3, 0x86, 0x24, 0x0,

    /* U+004C "L" */
    0x2f, 0x0, 0xff, 0xf6, 0x7f, 0xe9,

    /* U+004D "M" */
    0xf9, 0x0, 0x1f, 0xb0, 0x38, 0x2, 0xc4, 0x0,
    0xa8, 0xa, 0xa0, 0x6, 0xe8, 0xd8, 0x2, 0x44,
    0x5f, 0x0, 0x46, 0xec, 0xa0, 0x1a, 0x60, 0x3,
    0x8d, 0x80, 0x3f, 0xc0,

    /* U+004E "N" */
    0xdb, 0x0, 0xb9, 0x1, 0x4c, 0x3, 0x9a, 0x0,
    0x3a, 0xd9, 0x0, 0x33, 0xc4, 0x0, 0xc0, 0x25,
    0x14, 0x0, 0xe8, 0x80, 0x80, 0x65, 0x3, 0x0,
    0xe8, 0x0, 0x0,

    /* U+004F "O" */
    0x0, 0x47, 0x7d, 0x90, 0x2, 0x17, 0x78, 0xb0,
    0x0, 0xf2, 0x63, 0x26, 0xc6, 0x8, 0x1, 0x26,
    0x38, 0x80, 0x6e, 0x17, 0x10, 0xd, 0xc2, 0x60,
    0x80, 0x12, 0x60, 0x3c, 0x98, 0xc8, 0x30, 0x45,
    0x6f, 0x16, 0x0,

    /* U+0050 "P" */
    0x9f, 0xf7, 0x6c, 0x0, 0x1b, 0xfb, 0xd9, 0x80,
    0x18, 0x93, 0xc0, 0x31, 0xa6, 0x3, 0x7f, 0xd0,
    0xa0, 0xdf, 0xec, 0x60, 0xf, 0xfe, 0x50,

    /* U+0051 "Q" */
    0x0, 0x3f, 0x7d, 0x8, 0x1, 0xeb, 0x78, 0xf0,
    0x1, 0x30, 0x63, 0x26, 0xa6, 0x2a, 0x1, 0x3e,
    0x38, 0x80, 0x61, 0x20, 0xf, 0x85, 0x84, 0x40,
    0x11, 0x16, 0x70, 0x9, 0x6c, 0x22, 0xa, 0x76,
    0xa6, 0xb, 0x53, 0x98, 0xa0, 0x9, 0x30, 0x40,
    0x3e, 0xcb, 0xf9,

    /* U+0052 "R" */
    0x9f, 0xf7, 0x6b, 0x80, 0x1b, 0xfb, 0x92, 0x80,
    0x18, 0xc8, 0x80, 0x19, 0xd, 0x41, 0xbf, 0xd3,
    0x46, 0xd, 0xee, 0x2a, 0x1, 0xa0, 0x94, 0x3,
    0xa2, 0x0, 0x1c, 0xc0, 0xe0,

    /* U+0053 "S" */
    0x0, 0x47, 0x7e, 0xa8, 0x1, 0x97, 0x3e, 0x7c,
    0x1, 0xee, 0x40, 0x94, 0x0, 0xa4, 0x92, 0x0,
    0xc7, 0xe3, 0x96, 0x60, 0x10, 0xc7, 0x66, 0xc,
    0x3, 0x9d, 0x10, 0x19, 0x4, 0x8, 0x83, 0xd,
    0x2c, 0xf9, 0xa4,

    /* U+0054 "T" */
    0x6f, 0xff, 0x63, 0x7f, 0xa4, 0xff, 0xd8, 0x1,
    0xff, 0xec,

    /* U+0055 "U" */
    0xe4, 0x0, 0xb5, 0x0, 0x3f, 0xfa, 0xe4, 0x40,
    0x8, 0x9e, 0xec, 0x63, 0x24, 0x6e, 0xbb, 0xcb,
    0xe0,

    /* U+0056 "V" */
    0x3f, 0x0, 0xd1, 0x46, 0x28, 0x1, 0x2f, 0x3,
    0xe8, 0x0, 0x88, 0x81, 0xae, 0x0, 0x55, 0x0,
    0x10, 0xc, 0x2f, 0xc0, 0x27, 0xb1, 0x35, 0x0,
    0xb5, 0x12, 0x0, 0xc8, 0x53, 0xc0, 0x1c, 0x86,
    0x80, 0x0,

    /* U+0057 "W" */
    0xc8, 0x0, 0xef, 0x36, 0x20, 0xc, 0x40, 0x7a,
    0xc0, 0xdc, 0xc, 0x20, 0x42, 0x1a, 0x4, 0x45,
    0x7, 0x20, 0x57, 0x4e, 0x20, 0x20, 0x42, 0xcc,
    0x17, 0x0, 0xb, 0x91, 0xd0, 0x4c, 0x0, 0xc9,
    0xa4, 0xa, 0xc0, 0x3, 0x14, 0x4, 0x12, 0x0,

    /* U+0058 "X" */
    0xc, 0x70, 0x0, 0xf9, 0x87, 0xc0, 0x84, 0x31,
    0x81, 0xb4, 0x13, 0xc0, 0x5, 0xf, 0xd0, 0x20,
    0x10, 0xa1, 0xb8, 0x6, 0x34, 0x59, 0x0, 0xdf,
    0x16, 0xe4, 0x0, 0x51, 0x61, 0x79, 0x0, 0x5c,
    0x80, 0x21, 0x54,

    /* U+0059 "Y" */
    0x3f, 0x10, 0xa, 0x64, 0x6b, 0x20, 0x1, 0x68,
    0x8, 0x71, 0x8, 0x71, 0x2, 0x68, 0x17, 0x90,
    0xa, 0x1e, 0xa4, 0x40, 0x21, 0x65, 0x70, 0xe,
    0xe2, 0x0, 0xff, 0xe3, 0x80,

    /* U+005A "Z" */
    0xa, 0xff, 0xe6, 0xa, 0xff, 0xa8, 0x98, 0x3,
    0xd, 0xf0, 0x7, 0x53, 0x18, 0x6, 0x67, 0x80,
    0xc, 0x51, 0xc0, 0x1d, 0xd0, 0x40, 0x1a, 0x1d,
    0x80, 0x30, 0xba, 0x7f, 0xe8,

    /* U+005B "[" */
    0xda, 0xa8, 0x1, 0x75, 0x40, 0xf, 0xff, 0x13,
    0x5d, 0x50, 0x0,

    /* U+005C "\\" */
    0x69, 0x0, 0xe7, 0x70, 0x7, 0xa, 0x30, 0x7,
    0x75, 0x0, 0x72, 0x11, 0x0, 0x39, 0xa8, 0x3,
    0xa9, 0x80, 0x38, 0x95, 0x0, 0x3b, 0xb8, 0x1,
    0xca, 0x82, 0x1, 0xce, 0xc0, 0x1d, 0x54, 0x0,

    /* U+005D "]" */
    0x6a, 0xa7, 0x23, 0x55, 0x10, 0x3, 0xff, 0xc4,
    0xd5, 0x46, 0x70,

    /* U+005E "^" */
    0x0, 0x1b, 0x0, 0x68, 0x80, 0x80, 0x5, 0xa5,
    0x80, 0xd, 0x4d, 0x40, 0xa, 0x61, 0x64, 0x43,
    0x8, 0x77, 0x0,

    /* U+005F "_" */
    0x2f, 0xff, 0x48,

    /* U+0060 "`" */
    0x57, 0x0, 0x3c, 0xa0, 0x16, 0x78, 0x0, 0xac,
    0x0,

    /* U+0061 "a" */
    0x18, 0xdf, 0xc3, 0x5, 0xec, 0xfb, 0xd0, 0x46,
    0x13, 0x21, 0x21, 0xac, 0xb3, 0x1, 0xad, 0xc8,
    0x60, 0x3, 0x80, 0x6, 0x0, 0x1f, 0x7f, 0xb8,
    0x60,

    /* U+0062 "b" */
    0xb7, 0x0, 0xff, 0xe4, 0x7d, 0x7e, 0xa8, 0x1,
    0x67, 0xe2, 0x88, 0x28, 0xc1, 0x4d, 0x40, 0x39,
    0xbc, 0x3, 0x9f, 0x82, 0xc8, 0x1c, 0xdc, 0x2e,
    0x7e, 0xf4, 0x40,

    /* U+0063 "c" */
    0x3, 0xbf, 0xe9, 0x3, 0xce, 0xff, 0x70, 0xc3,
    0xa8, 0xb, 0x8b, 0x68, 0x7, 0x36, 0x80, 0x77,
    0xbb, 0x0, 0xb9, 0xa5, 0xd7, 0xfb, 0x88,

    /* U+0064 "d" */
    0x0, 0xf7, 0x88, 0x7, 0xff, 0x1a, 0x7b, 0x5c,
    0x2, 0x94, 0xfd, 0x0, 0xcd, 0xc2, 0xe, 0x0,
    0x20, 0x30, 0xe, 0x20, 0x30, 0xf, 0x2c, 0x8,
    0xa4, 0x2, 0xb1, 0xfc, 0xc0, 0x80,

    /* U+0065 "e" */
    0x0, 0x36, 0xf6, 0x18, 0x1, 0xaf, 0xfb, 0xf4,
    0x42, 0x20, 0x40, 0x68, 0xe0, 0x37, 0xdd, 0x20,
    0x80, 0xd7, 0x76, 0x70, 0x99, 0x18, 0x1, 0x40,
    0xf, 0x7d, 0xfb, 0xa0,

    /* U+0066 "f" */
    0x0, 0xa7, 0xbf, 0x0, 0x26, 0x4f, 0xf6, 0x80,
    0x5e, 0xa2, 0x2, 0x11, 0xcc, 0xfd, 0xc5, 0x8,
    0xe6, 0x7e, 0xe2, 0x80, 0x7f, 0xf7, 0x40,

    /* U+0067 "g" */
    0x8, 0xde, 0xff, 0x72, 0xab, 0x79, 0x23, 0xf5,
    0x40, 0x1b, 0xa1, 0xd5, 0x10, 0xdd, 0x2, 0x6,
    0xe6, 0x1c, 0x19, 0x73, 0xe, 0x0, 0x57, 0xff,
    0x76, 0xaf, 0x67, 0xfb, 0xae, 0x9, 0xc0, 0x2c,
    0x4d, 0x8d, 0xdd, 0x20,

    /* U+0068 "h" */
    0xb7, 0x0, 0xff, 0xe4, 0xc, 0x77, 0x1c, 0x1,
    0x7b, 0xd5, 0x2, 0x14, 0xa0, 0x84, 0xa0, 0x1e,
    0x10, 0xf, 0xfe, 0x48,

    /* U+0069 "i" */
    0x0, 0xb6, 0x40, 0x24, 0xf0, 0xa, 0x5a, 0xff,
    0xe9, 0xbf, 0xf3, 0x0, 0x7f, 0xf3, 0x80,

    /* U+006A "j" */
    0x0, 0xdb, 0x20, 0x19, 0x3c, 0x3, 0x4b, 0x5,
    0xff, 0xd2, 0x17, 0xfe, 0x60, 0xf, 0xfe, 0xc0,
    0x81, 0x0, 0xbe, 0xf, 0x73, 0xd9, 0x0,

    /* U+006B "k" */
    0x8a, 0x0, 0xff, 0xe7, 0x1f, 0x18, 0x6, 0x3d,
    0xd1, 0x80, 0x47, 0xb4, 0x60, 0x13, 0x69, 0x18,
    0x6, 0x3a, 0xd9, 0x30, 0x9, 0x50, 0x6f, 0x44,
    0x3, 0x95, 0xec, 0x0,

    /* U+006C "l" */
    0xef, 0xf4, 0x80, 0x5d, 0xee, 0x1, 0xff, 0xe4,
    0xe4, 0x10, 0xc, 0xcf, 0xdc, 0x40,

    /* U+006D "m" */
    0x3c, 0xae, 0x6a, 0xe4, 0x3, 0x9a, 0x98, 0x87,
    0x80, 0xd, 0xc8, 0x86, 0xe0, 0x1f, 0x8, 0x7,
    0xff, 0x30,

    /* U+006E "n" */
    0xb5, 0x9c, 0xe7, 0x0, 0x45, 0x66, 0x20, 0x42,
    0x8c, 0x8, 0x8a, 0x1, 0xe1, 0x0, 0xff, 0xe4,
    0x80,

    /* U+006F "o" */
    0x0, 0x47, 0x7d, 0x90, 0x2, 0x53, 0xfd, 0x98,
    0x10, 0x6f, 0x10, 0x73, 0x72, 0x2, 0x0, 0x9f,
    0x88, 0x8, 0x2, 0x7e, 0x6, 0xf1, 0x7, 0x37,
    0x9, 0x4f, 0xf6, 0x60, 0x40,

    /* U+0070 "p" */
    0xb7, 0xbc, 0xd5, 0x0, 0x5d, 0x67, 0x51, 0x5,
    0x88, 0x1a, 0x28, 0x7, 0xf, 0x80, 0x73, 0xf0,
    0x59, 0x3, 0x9b, 0x82, 0xcf, 0xde, 0x88, 0x75,
    0xfe, 0x18, 0x7, 0xff, 0xc,

    /* U+0071 "q" */
    0x0, 0x4f, 0x6b, 0xf0, 0x84, 0xa7, 0xe8, 0x8,
    0x1, 0xb8, 0x41, 0xc0, 0x4, 0x6, 0x1, 0xc4,
    0x6, 0x1, 0xe5, 0x81, 0x14, 0x80, 0x56, 0x3d,
    0x98, 0x0, 0x86, 0xbf, 0x54, 0x3, 0xff, 0x8c,

    /* U+0072 "r" */
    0xf1, 0x8d, 0xe5, 0xd, 0xed, 0xe5, 0xb, 0x60,
    0xc, 0x80, 0x1f, 0xfc, 0xa0,

    /* U+0073 "s" */
    0x9, 0xee, 0x62, 0x83, 0x97, 0x74, 0x0, 0x25,
    0x50, 0x92, 0x82, 0xd7, 0xfb, 0x14, 0x0, 0x95,
    0xd1, 0x47, 0xa, 0x0, 0x61, 0xb, 0xfe, 0xe7,
    0xc1, 0x80,

    /* U+0074 "t" */
    0x0, 0xbc, 0x3, 0xff, 0x83, 0xdc, 0xe, 0xe9,
    0x43, 0xbc, 0x3b, 0xa5, 0x0, 0xff, 0xe3, 0x8,
    0x8, 0x7, 0x89, 0x80, 0x2, 0x1, 0x4d, 0x7f,
    0x38,

    /* U+0075 "u" */
    0xe3, 0x0, 0xf, 0x88, 0x7, 0xff, 0x29, 0xc0,
    0x39, 0x78, 0xa, 0x80, 0x12, 0xdf, 0xd2, 0x20,

    /* U+0076 "v" */
    0x1f, 0x10, 0xa, 0x5c, 0x55, 0x80, 0x26, 0x60,
    0x75, 0x0, 0x19, 0x44, 0x10, 0x10, 0x2b, 0x80,
    0x2a, 0xe2, 0x14, 0x0, 0x99, 0x2e, 0x80, 0x30,
    0xa3, 0x30, 0x0,

    /* U+0077 "w" */
    0xc5, 0x3, 0x70, 0x7, 0x12, 0xe0, 0x54, 0x0,
    0x88, 0xb1, 0x41, 0x54, 0x8a, 0x60, 0xe6, 0x22,
    0xd3, 0x32, 0x1, 0xb, 0xb9, 0x33, 0x74, 0x0,
    0x5a, 0xc3, 0x57, 0x70, 0x0, 0xcc, 0xa0, 0x46,
    0x40,

    /* U+0078 "x" */
    0x8, 0xb0, 0x2, 0x70, 0x84, 0x33, 0x2, 0xa8,
    0x20, 0xf, 0x8a, 0x74, 0x0, 0x89, 0x55, 0x0,
    0x19, 0x5d, 0xac, 0x2, 0x1b, 0xf9, 0x76, 0x0,
    0x54, 0x98, 0x7c, 0x10,

    /* U+0079 "y" */
    0x1f, 0x10, 0xa, 0x60, 0x55, 0x80, 0x27, 0xa0,
    0x99, 0x0, 0x15, 0x44, 0x6, 0xaa, 0xe, 0xe0,
    0x5, 0xf2, 0x2a, 0xa0, 0x9, 0x6, 0xd8, 0x3,
    0xad, 0x68, 0x3, 0x8d, 0x8, 0x3, 0x15, 0xc0,
    0x6, 0xec, 0xb3, 0x0, 0x80,

    /* U+007A "z" */
    0x7f, 0xfe, 0x37, 0xff, 0x8d, 0xcc, 0x2, 0xa6,
    0x80, 0xa, 0x1a, 0x80, 0x26, 0x5d, 0x0, 0x92,
    0x3c, 0x40, 0x2a, 0x1d, 0xff, 0x98,

    /* U+007B "{" */
    0x0, 0xaa, 0xe8, 0x2, 0x50, 0xba, 0x0, 0x8c,
    0xc0, 0x1c, 0x60, 0x1f, 0x18, 0x7, 0x69, 0x0,
    0x47, 0xab, 0x20, 0x11, 0xed, 0x40, 0x7, 0x10,
    0x7, 0x8c, 0x3, 0xc6, 0x40, 0x1c, 0xa7, 0x54,
    0x0,

    /* U+007C "|" */
    0x5b, 0x0, 0xff, 0xe7, 0x0,

    /* U+007D "}" */
    0x6a, 0xc3, 0x0, 0x35, 0x44, 0x0, 0x33, 0x38,
    0x6, 0x17, 0x0, 0xff, 0x13, 0x8, 0x4, 0x2b,
    0xd0, 0x0, 0x25, 0xf8, 0x0, 0xb, 0x0, 0x61,
    0x70, 0xc, 0xce, 0x0, 0x6a, 0xe8, 0x0, 0x0,

    /* U+007E "~" */
    0x3d, 0xc5, 0x9, 0x29, 0xfe, 0xfe, 0x12,

    /* U+00A0 " " */

    /* U+00A1 "¡" */
    0x9e, 0x12, 0x10, 0xbe, 0x10, 0x8, 0xe0, 0x0,
    0x60, 0xe0, 0x10, 0x80, 0x80, 0x4e, 0x0,

    /* U+00A2 "¢" */
    0x0, 0xa4, 0x40, 0x21, 0xa6, 0xf7, 0x0, 0x61,
    0xae, 0x98, 0x21, 0xc9, 0x92, 0x1, 0x28, 0x7,
    0x12, 0x80, 0x72, 0x4, 0x19, 0x94, 0x1, 0xaa,
    0xad, 0xc0, 0x1, 0xeb, 0x6c, 0x80, 0x6f, 0x30,
    0x0,

    /* U+00A3 "£" */
    0x1, 0xae, 0xe4, 0x80, 0x28, 0xfb, 0xf8, 0x41,
    0x2c, 0x5, 0xc4, 0xd, 0xc0, 0x35, 0x8d, 0xe6,
    0x8, 0x2f, 0x8b, 0x30, 0x40, 0x6, 0x70, 0xc,
    0x31, 0xe0, 0x1b, 0xa, 0xff, 0xe7,

    /* U+00A4 "¤" */
    0x6, 0x0, 0xc6, 0x60, 0xca, 0xcd, 0x9e, 0x10,
    0x95, 0xed, 0x24, 0x20, 0x46, 0x20, 0x84, 0x0,
    0xff, 0x2b, 0x10, 0x42, 0x0, 0x21, 0x7b, 0x49,
    0x8, 0x32, 0xb3, 0x67, 0x80,

    /* U+00A5 "¥" */
    0xe, 0x30, 0xb, 0x14, 0x2f, 0xc0, 0xa, 0xea,
    0xa, 0xea, 0x11, 0x20, 0x14, 0xc4, 0x28, 0x80,
    0x13, 0x0, 0xfb, 0x46, 0x13, 0x56, 0x75, 0x43,
    0x9, 0xaa, 0x15, 0x50, 0xc2, 0x6a, 0x85, 0x54,
    0x30, 0xf, 0xc0,

    /* U+00A6 "¦" */
    0x5b, 0x0, 0xff, 0x2c, 0x80, 0x16, 0x40, 0x3f,
    0xc0,

    /* U+00A7 "§" */
    0x4, 0xde, 0xb2, 0x0, 0x44, 0xf7, 0x98, 0x1,
    0xf0, 0x10, 0x40, 0x5d, 0x35, 0x80, 0x11, 0x59,
    0x37, 0x20, 0x62, 0x9, 0xac, 0x31, 0x34, 0x42,
    0x31, 0x79, 0x67, 0xd0, 0x0, 0x63, 0xc1, 0x80,
    0x9c, 0x3, 0x8b, 0xb9, 0x90, 0x40,

    /* U+00A8 "¨" */
    0x53, 0x7, 0x1e, 0x51, 0x93,

    /* U+00A9 "©" */
    0x0, 0x24, 0xc9, 0xc0, 0x27, 0x29, 0x92, 0xd0,
    0xf, 0x3d, 0x62, 0x4b, 0xba, 0xaf, 0x30, 0x87,
    0xbc, 0x48, 0xc0, 0x40, 0x1f, 0xee, 0x57, 0x60,
    0x20, 0x3, 0xec, 0x66, 0x14, 0xf4, 0x7d, 0xeb,
    0x16, 0x5c, 0x18, 0xa6, 0x4b, 0x40,

    /* U+00AA "ª" */
    0x3b, 0xb5, 0x1, 0xdd, 0x98, 0x89, 0x52, 0x22,
    0x8e, 0x96, 0x7f, 0x8a, 0x70,

    /* U+00AB "«" */
    0x0, 0x10, 0x0, 0x80, 0x11, 0x40, 0xb2, 0xe,
    0x90, 0x97, 0x41, 0x50, 0x1d, 0x22, 0x17, 0x21,
    0x32, 0x20, 0x6a, 0x93, 0xae, 0x0, 0x3c, 0x2,
    0x68, 0x0,

    /* U+00AC "¬" */
    0xbe, 0xee, 0x3b, 0xee, 0xca, 0x1, 0xff, 0xc1,
    0xe2,

    /* U+00AD "­" */
    0xbe, 0xee, 0x20,

    /* U+00AE "®" */
    0x2, 0x88, 0x28, 0xd, 0x80, 0xd, 0x92, 0xc7,
    0x4b, 0xc0, 0x5, 0xc8, 0x9, 0x7d, 0x2f, 0xe3,
    0x7b, 0x44, 0xc0,

    /* U+00AF "¯" */
    0x8c, 0xc8, 0x0,

    /* U+00B0 "°" */
    0x9, 0xa3, 0x7d, 0xa8, 0x10, 0x9, 0xb6, 0xa0,

    /* U+00B1 "±" */
    0x0, 0x25, 0x0, 0x7f, 0xf1, 0x6b, 0x69, 0x77,
    0x45, 0x5b, 0x4b, 0xba, 0x20, 0xf, 0xe4, 0xa0,
    0xa, 0xfb, 0xb8, 0x80,

    /* U+00B2 "²" */
    0x5c, 0xd5, 0x0, 0x66, 0x2c, 0x14, 0x0, 0x60,
    0x15, 0x48, 0x2, 0xf5, 0x2, 0x92, 0xb0, 0xc0,

    /* U+00B3 "³" */
    0x4, 0xcc, 0x30, 0x5, 0x98, 0x80, 0x2, 0x1,
    0x18, 0x4, 0x9f, 0x60, 0x2, 0x4d, 0xa2, 0x4,
    0xbb, 0x29, 0x0,

    /* U+00B4 "´" */
    0x2, 0xa0, 0x1f, 0xd0, 0x6b, 0x70, 0x76, 0x0,
    0x0,

    /* U+00B5 "µ" */
    0xd5, 0x0, 0x17, 0x80, 0x7f, 0xf2, 0x4, 0x3,
    0x84, 0x2, 0xe1, 0x28, 0x10, 0xb, 0xbe, 0x4e,
    0x42, 0x3f, 0x4b, 0x24, 0x1c, 0x3, 0xff, 0x80,

    /* U+00B6 "¶" */
    0x1a, 0xee, 0x2e, 0x5a, 0x88, 0x4, 0x80, 0x1f,
    0xf3, 0x80, 0x74, 0xb0, 0x80, 0x69, 0xee, 0x0,
    0x7f, 0xf3, 0x1a, 0x80,

    /* U+00B7 "·" */
    0x24, 0xf, 0xb3, 0x71, 0x10,

    /* U+00B8 "¸" */
    0x0, 0x10, 0x1, 0xd4, 0x0, 0xd6, 0x61, 0xc,
    0x40,

    /* U+00B9 "¹" */
    0x19, 0xf1, 0x0, 0x68, 0x80, 0x5, 0xc, 0x3,
    0xff, 0x80, 0xd8, 0x5a, 0xe0,

    /* U+00BA "º" */
    0x3, 0xcc, 0x40, 0x3, 0xb9, 0x86, 0x60, 0x32,
    0x3, 0x50, 0x32, 0x3, 0x50, 0xee, 0x61, 0x98,

    /* U+00BB "»" */
    0x10, 0x8, 0x40, 0x9, 0x60, 0x5a, 0x20, 0xa5,
    0x45, 0x5a, 0x0, 0x85, 0x6, 0x14, 0xb, 0x60,
    0x71, 0x46, 0x39, 0x3b, 0xc0, 0x79, 0x3, 0xc0,
    0x0,

    /* U+00BC "¼" */
    0xa, 0xf0, 0x8, 0x60, 0x1, 0x42, 0x1, 0x56,
    0x80, 0x7a, 0x75, 0x40, 0x3d, 0x4c, 0x1, 0xb4,
    0x0, 0x24, 0x1, 0x98, 0x82, 0x0, 0x32, 0xf9,
    0x19, 0x2a, 0x81, 0x26, 0x82, 0xc6, 0xf8, 0x13,
    0x40, 0x11, 0x37, 0xc0,

    /* U+00BD "½" */
    0xa, 0xf0, 0x8, 0x60, 0x1, 0x42, 0x1, 0x56,
    0x80, 0x7a, 0x79, 0x40, 0x3d, 0x6a, 0x1, 0xb0,
    0xa, 0x30, 0xc0, 0x2b, 0x30, 0xb9, 0xa0, 0x4,
    0x9, 0x90, 0xef, 0x82, 0x9c, 0x0, 0x1c, 0x58,
    0x16, 0x80, 0xb, 0x4b, 0x40,

    /* U+00BE "¾" */
    0x1a, 0xb4, 0x0, 0x8c, 0x6, 0xff, 0x80, 0x5,
    0xc2, 0x7, 0x3e, 0x0, 0xef, 0x12, 0x3c, 0x80,
    0x6f, 0x20, 0x5, 0xd4, 0x3, 0x18, 0x0, 0xaa,
    0xc4, 0x20, 0xc0, 0x21, 0xb6, 0x21, 0x45, 0x1,
    0xc8, 0x2a, 0xb, 0xe0, 0x1f, 0x30, 0x89, 0xbe,
    0x0,

    /* U+00BF "¿" */
    0x0, 0x37, 0x98, 0x4, 0x20, 0xe0, 0x13, 0xf2,
    0x0, 0x69, 0x0, 0xc6, 0xc0, 0x10, 0xf5, 0x0,
    0x59, 0x8, 0x0, 0x33, 0x28, 0x4, 0x22, 0x30,
    0x57, 0x29, 0xef, 0x95,

    /* U+00C0 "À" */
    0x0, 0x1c, 0x80, 0x78, 0xc2, 0xc0, 0x3d, 0x30,
    0x1, 0xea, 0xc0, 0xf, 0x23, 0x28, 0x6, 0x54,
    0xde, 0x0, 0xdf, 0xe4, 0x51, 0x0, 0x91, 0x41,
    0xdc, 0x0, 0x51, 0xff, 0x36, 0x80, 0x3a, 0xbf,
    0xe4, 0x10, 0x44, 0x0, 0x48, 0xec, 0x62, 0x1,
    0x6d, 0x0,

    /* U+00C1 "Á" */
    0x0, 0xc9, 0x20, 0x1c, 0xb3, 0x60, 0x1c, 0xfa,
    0x40, 0x1d, 0x1e, 0x1, 0xe4, 0x65, 0x0, 0xca,
    0x9b, 0xc0, 0x1b, 0xfc, 0x8a, 0x20, 0x12, 0x28,
    0x3b, 0x80, 0xa, 0x3f, 0xe6, 0xd0, 0x7, 0x57,
    0xfc, 0x82, 0x8, 0x80, 0x9, 0x1d, 0x8c, 0x40,
    0x2d, 0xa0,

    /* U+00C2 "Â" */
    0x0, 0xb3, 0x8c, 0x3, 0x4d, 0x67, 0x88, 0x5,
    0xc, 0x5a, 0x20, 0x10, 0xd7, 0x88, 0x7, 0x23,
    0x28, 0x6, 0x54, 0xde, 0x0, 0xdf, 0xe4, 0x51,
    0x0, 0x91, 0x41, 0xdc, 0x0, 0x51, 0xff, 0x36,
    0x80, 0x3a, 0xbf, 0xe4, 0x10, 0x44, 0x0, 0x48,
    0xec, 0x62, 0x1, 0x6d, 0x0,

    /* U+00C3 "Ã" */
    0x0, 0x56, 0xa1, 0xb8, 0x0, 0x89, 0x9d, 0xc4,
    0x0, 0x14, 0xd, 0x69, 0x80, 0x6a, 0xf0, 0xf,
    0x23, 0x28, 0x6, 0x54, 0xde, 0x0, 0xdf, 0xe4,
    0x51, 0x0, 0x91, 0x41, 0xdc, 0x0, 0x51, 0xff,
    0x36, 0x80, 0x3a, 0xbf, 0xe4, 0x10, 0x44, 0x0,
    0x48, 0xec, 0x62, 0x1, 0x6d, 0x0,

    /* U+00C4 "Ä" */
    0x0, 0xff, 0x54, 0xf, 0x88, 0x5, 0x72, 0x38,
    0x20, 0x10, 0xdf, 0x98, 0x7, 0x23, 0x28, 0x6,
    0x54, 0xde, 0x0, 0xdf, 0xe4, 0x51, 0x0, 0x91,
    0x41, 0xdc, 0x0, 0x51, 0xff, 0x36, 0x80, 0x3a,
    0xbf, 0xe4, 0x10, 0x44, 0x0, 0x48, 0xec, 0x62,
    0x1, 0x6d, 0x0,

    /* U+00C5 "Å" */
    0x0, 0x9a, 0x4, 0x3, 0xf, 0x53, 0x0, 0x61,
    0x13, 0x8, 0x7, 0x69, 0x30, 0x7, 0x74, 0x80,
    0x79, 0x19, 0x40, 0x32, 0xa6, 0xf0, 0x6, 0xff,
    0x22, 0x88, 0x4, 0x8a, 0xe, 0xe0, 0x2, 0x8f,
    0xf9, 0xb4, 0x1, 0xd5, 0xff, 0x20, 0x82, 0x20,
    0x2, 0x47, 0x63, 0x10, 0xb, 0x68,

    /* U+00C6 "Æ" */
    0x0, 0xd1, 0xff, 0x88, 0x3, 0x32, 0x3f, 0xf8,
    0x80, 0x25, 0x51, 0x0, 0x7d, 0x3e, 0x1, 0xf1,
    0xa, 0x3, 0xfc, 0x80, 0x56, 0x5e, 0xcf, 0xf2,
    0x1, 0x3f, 0x7b, 0x0, 0x73, 0x28, 0x80, 0x7d,
    0x5c, 0x1, 0x3f, 0xf9, 0x0,

    /* U+00C7 "Ç" */
    0x0, 0x15, 0xf7, 0xc8, 0x0, 0xb7, 0x3f, 0x84,
    0xc2, 0x59, 0xc4, 0x50, 0x60, 0x94, 0x1, 0xc2,
    0x2, 0x1, 0xc2, 0x2, 0x1, 0xe4, 0xa0, 0xf,
    0x4b, 0x40, 0x94, 0x38, 0x16, 0x1f, 0x69, 0x30,
    0x0, 0xed, 0x36, 0x84, 0x3, 0x47, 0x80, 0x71,
    0xd2, 0x80, 0x0,

    /* U+00C8 "È" */
    0x0, 0x51, 0x0, 0x77, 0x79, 0x80, 0x64, 0xc2,
    0x0, 0x37, 0xfb, 0xb9, 0xe8, 0x7, 0xff, 0x90,
    0x3, 0xff, 0x86, 0x7f, 0xf4, 0x80, 0xf, 0xfe,
    0x90, 0xf, 0xfe, 0x21, 0xff, 0xe6,

    /* U+00C9 "É" */
    0x0, 0xd6, 0x20, 0x10, 0xe6, 0x4, 0x2, 0x1e,
    0x70, 0x3, 0x7f, 0xb7, 0xfc, 0x80, 0x7f, 0xf9,
    0x0, 0x3f, 0xf8, 0x67, 0xff, 0x48, 0x0, 0xff,
    0xe9, 0x0, 0xff, 0xe2, 0x1f, 0xfe, 0x60,

    /* U+00CA "Ê" */
    0x0, 0x2f, 0x50, 0x4, 0x5d, 0xe6, 0xc0, 0x2,
    0xb1, 0x97, 0x6, 0xff, 0xdc, 0x80, 0x7f, 0xf9,
    0x0, 0x3f, 0xf8, 0x67, 0xff, 0x48, 0x0, 0xff,
    0xe9, 0x0, 0xff, 0xe2, 0x1f, 0xfe, 0x60,

    /* U+00CB "Ë" */
    0x0, 0xfc, 0x7e, 0x17, 0x0, 0x3, 0xd0, 0x99,
    0x3, 0x7e, 0xfe, 0xf2, 0x1, 0xff, 0xe4, 0x0,
    0xff, 0xe1, 0x9f, 0xfd, 0x20, 0x3, 0xff, 0xa4,
    0x3, 0xff, 0x88, 0x7f, 0xf9, 0x80,

    /* U+00CC "Ì" */
    0x3, 0x90, 0xe, 0x30, 0xb0, 0xe, 0x98, 0x0,
    0xab, 0xfd, 0x9f, 0xe0, 0xaf, 0x93, 0xff, 0x0,
    0x7f, 0xf7, 0xeb, 0xe4, 0xff, 0xc2,

    /* U+00CD "Í" */
    0x0, 0x92, 0x40, 0x32, 0xcd, 0x80, 0x67, 0xd2,
    0x0, 0x57, 0xef, 0xfc, 0x15, 0xf2, 0x7f, 0xe0,
    0xf, 0xfe, 0xfd, 0x7c, 0x9f, 0xf8, 0x40,

    /* U+00CE "Î" */
    0x0, 0x67, 0x18, 0x5, 0x35, 0x9e, 0x20, 0x8,
    0x62, 0xd1, 0xa, 0xef, 0xf7, 0x78, 0x57, 0xc9,
    0xff, 0x80, 0x3f, 0xfb, 0xf5, 0xf2, 0x7f, 0xe1,

    /* U+00CF "Ï" */
    0x0, 0xfd, 0x50, 0x3e, 0x20, 0xb, 0x91, 0xc1,
    0xa, 0xee, 0x7e, 0x78, 0x57, 0xc9, 0xff, 0x80,
    0x3f, 0xfb, 0xf5, 0xf2, 0x7f, 0xe1,

    /* U+00D0 "Ð" */
    0xc, 0xff, 0x74, 0x88, 0x5, 0x3f, 0x85, 0x80,
    0x1c, 0x56, 0x6c, 0x1, 0xe7, 0xca, 0x38, 0xd5,
    0x1, 0x15, 0x1c, 0x6a, 0x80, 0x88, 0x3, 0xcf,
    0x80, 0x18, 0xac, 0xd8, 0x1, 0x3f, 0x85, 0x80,

    /* U+00D1 "Ñ" */
    0x9, 0xd6, 0x19, 0x0, 0x1e, 0xfe, 0x68, 0x2,
    0x82, 0x75, 0x3, 0x6c, 0x2, 0xe4, 0x5, 0x30,
    0xe, 0x68, 0x0, 0xeb, 0x64, 0x0, 0xcf, 0x10,
    0x3, 0x0, 0x94, 0x50, 0x3, 0xa2, 0x2, 0x1,
    0x94, 0xc, 0x3, 0xa0, 0x0,

    /* U+00D2 "Ò" */
    0x0, 0x13, 0x80, 0x78, 0xf2, 0x0, 0x38, 0x6f,
    0x40, 0x3a, 0x3a, 0xac, 0x80, 0x10, 0xbb, 0xc5,
    0x80, 0x7, 0x93, 0x19, 0x36, 0x30, 0x40, 0x9,
    0x31, 0xc4, 0x3, 0x70, 0xb8, 0x80, 0x6e, 0x13,
    0x4, 0x0, 0x93, 0x1, 0xe4, 0xc6, 0x41, 0x82,
    0x2b, 0x78, 0xb0, 0x0,

    /* U+00D3 "Ó" */
    0x0, 0xc4, 0xe0, 0x1c, 0x7e, 0x60, 0x1c, 0xfe,
    0x80, 0x1a, 0x2b, 0x6c, 0x80, 0x10, 0xbb, 0xc5,
    0x80, 0x7, 0x93, 0x19, 0x36, 0x30, 0x40, 0x9,
    0x31, 0xc4, 0x3, 0x70, 0xb8, 0x80, 0x6e, 0x13,
    0x4, 0x0, 0x93, 0x1, 0xe4, 0xc6, 0x41, 0x82,
    0x2b, 0x78, 0xb0, 0x0,

    /* U+00D4 "Ô" */
    0x0, 0xb3, 0x8c, 0x3, 0x45, 0xef, 0x80, 0x6a,
    0x73, 0xe0, 0xd, 0x5d, 0xf2, 0x40, 0x8, 0x5d,
    0xe2, 0xc0, 0x3, 0xc9, 0x8c, 0x9b, 0x18, 0x20,
    0x4, 0x98, 0xe2, 0x1, 0xb8, 0x5c, 0x40, 0x37,
    0x9, 0x82, 0x0, 0x49, 0x80, 0xf2, 0x63, 0x20,
    0xc1, 0x15, 0xbc, 0x58, 0x0,

    /* U+00D5 "Õ" */
    0x0, 0x56, 0xa1, 0xb8, 0x0, 0x89, 0x9d, 0xc4,
    0x0, 0x14, 0xd, 0x69, 0x80, 0x51, 0xdf, 0x64,
    0x0, 0x85, 0xde, 0x2c, 0x0, 0x3c, 0x98, 0xc9,
    0xb1, 0x82, 0x0, 0x49, 0x8e, 0x20, 0x1b, 0x85,
    0xc4, 0x3, 0x70, 0x98, 0x20, 0x4, 0x98, 0xf,
    0x26, 0x32, 0xc, 0x11, 0x5b, 0xc5, 0x80,

    /* U+00D6 "Ö" */
    0x0, 0xff, 0x54, 0xf, 0x88, 0x5, 0x72, 0x38,
    0x20, 0x10, 0x88, 0xc, 0x3, 0x47, 0x7d, 0x90,
    0x2, 0x17, 0x78, 0xb0, 0x0, 0xf2, 0x63, 0x26,
    0xc6, 0x8, 0x1, 0x26, 0x38, 0x80, 0x6e, 0x17,
    0x10, 0xd, 0xc2, 0x60, 0x80, 0x12, 0x60, 0x3c,
    0x98, 0xc8, 0x30, 0x45, 0x6f, 0x16, 0x0,

    /* U+00D7 "×" */
    0x12, 0x0, 0x8c, 0xbc, 0x82, 0x68, 0xe7, 0xe4,
    0xe4, 0x11, 0xda, 0xc0, 0x10, 0x35, 0x82, 0xa7,
    0x6b, 0x14, 0xb6, 0x0, 0x5b,

    /* U+00D8 "Ø" */
    0x0, 0xf8, 0x40, 0x11, 0xdf, 0x51, 0x0, 0x85,
    0xde, 0x7, 0x80, 0x79, 0x31, 0x71, 0x73, 0x4,
    0xa, 0xa3, 0xfb, 0x88, 0x30, 0xbf, 0x13, 0x89,
    0x5d, 0x7, 0x9, 0x8e, 0x48, 0x82, 0x60, 0x28,
    0x38, 0xc9, 0xb2, 0x3c, 0xf7, 0xb, 0x1, 0x35,
    0xf7, 0xec, 0x80,

    /* U+00D9 "Ù" */
    0x3, 0x90, 0xe, 0x30, 0xb0, 0xe, 0x98, 0x0,
    0xb9, 0x0, 0xc3, 0x50, 0x3, 0xff, 0xae, 0x44,
    0x0, 0x89, 0xee, 0xc6, 0x32, 0x46, 0xeb, 0xbc,
    0xbe, 0x0,

    /* U+00DA "Ú" */
    0x0, 0x92, 0x40, 0x32, 0xcd, 0x80, 0x67, 0xd2,
    0x0, 0x72, 0x10, 0x3, 0x50, 0x3, 0xff, 0xae,
    0x44, 0x0, 0x89, 0xee, 0xc6, 0x32, 0x46, 0xeb,
    0xbc, 0xbe, 0x0,

    /* U+00DB "Û" */
    0x0, 0x67, 0x18, 0x5, 0x35, 0x9e, 0x20, 0x8,
    0x62, 0xd1, 0xe, 0x50, 0x0, 0xea, 0x0, 0x7f,
    0xf5, 0xc8, 0x80, 0x11, 0x3d, 0xd8, 0xc6, 0x48,
    0xdd, 0x77, 0x97, 0xc0,

    /* U+00DC "Ü" */
    0x0, 0xfd, 0x50, 0x3e, 0x20, 0xb, 0x91, 0xc1,
    0x0, 0x8, 0x80, 0xc0, 0x1c, 0x80, 0x16, 0xa0,
    0x7, 0xff, 0x5c, 0x88, 0x1, 0x13, 0xdd, 0x8c,
    0x64, 0x8d, 0xd7, 0x79, 0x7c, 0x0,

    /* U+00DD "Ý" */
    0x0, 0xc9, 0x20, 0x1c, 0xb3, 0x60, 0x1c, 0xfa,
    0x40, 0x3, 0xf1, 0x20, 0x4, 0xc8, 0xd6, 0x40,
    0x2, 0xd0, 0x10, 0xe2, 0x10, 0xe2, 0x4, 0xd0,
    0x2f, 0x20, 0x14, 0x3d, 0x48, 0x80, 0x42, 0xca,
    0xe0, 0x1d, 0xc4, 0x1, 0xff, 0xc7,

    /* U+00DE "Þ" */
    0x99, 0x0, 0x79, 0xbf, 0xda, 0xc0, 0x6, 0xff,
    0x74, 0x28, 0x6, 0x37, 0xc0, 0xe, 0x31, 0x0,
    0xc8, 0xb6, 0xd, 0xfe, 0x8a, 0x30, 0x6f, 0xf6,
    0x28, 0x7, 0xe0,

    /* U+00DF "ß" */
    0x8, 0xee, 0x38, 0x1, 0xd7, 0xfd, 0x26, 0x19,
    0x42, 0x23, 0x0, 0x38, 0x83, 0x30, 0xc0, 0x34,
    0x48, 0x7, 0x1d, 0x80, 0x76, 0x1f, 0x18, 0x4,
    0x35, 0x1e, 0x1, 0x18, 0x7, 0x17, 0xf5, 0xf0,

    /* U+00E0 "à" */
    0x2, 0xa0, 0xe, 0x21, 0x90, 0xe, 0xb2, 0x20,
    0x7, 0x59, 0x0, 0x6, 0x37, 0xf0, 0xc1, 0x7b,
    0x3e, 0xf4, 0x11, 0x84, 0xc8, 0x48, 0x6b, 0x2c,
    0xc0, 0x6b, 0x72, 0x18, 0x0, 0xe0, 0x1, 0x80,
    0x7, 0xdf, 0xee, 0x18, 0x0,

    /* U+00E1 "á" */
    0x0, 0xd4, 0x20, 0x1a, 0x84, 0x40, 0x11, 0x85,
    0x80, 0x63, 0xa0, 0x8, 0x63, 0x7f, 0xc, 0x17,
    0xb3, 0xef, 0x41, 0x18, 0x4c, 0x84, 0x86, 0xb2,
    0xcc, 0x6, 0xb7, 0x21, 0x80, 0xe, 0x0, 0x18,
    0x0, 0x7d, 0xfe, 0xe1, 0x80,

    /* U+00E2 "â" */
    0x0, 0x14, 0x8, 0x6, 0xe1, 0xd0, 0x9, 0xa6,
    0x66, 0x0, 0x32, 0x82, 0xb0, 0xc, 0x6f, 0xe1,
    0x82, 0xf6, 0x7d, 0xe8, 0x23, 0x9, 0x90, 0x90,
    0xd6, 0x59, 0x80, 0xd6, 0xe4, 0x30, 0x1, 0xc0,
    0x3, 0x0, 0xf, 0xbf, 0xdc, 0x30,

    /* U+00E3 "ã" */
    0x7, 0xd8, 0x1b, 0x0, 0x6e, 0xbf, 0x78, 0x1,
    0x40, 0xf8, 0xa0, 0x31, 0xbf, 0x86, 0xb, 0xd9,
    0xf7, 0xa0, 0x8c, 0x26, 0x42, 0x43, 0x59, 0x66,
    0x3, 0x5b, 0x90, 0xc0, 0x7, 0x0, 0xc, 0x0,
    0x3e, 0xff, 0x70, 0xc0,

    /* U+00E4 "ä" */
    0x7, 0xb0, 0xb6, 0x0, 0x27, 0x7, 0x28, 0x0,
    0xd4, 0x14, 0xc0, 0x63, 0x7f, 0xc, 0x17, 0xb3,
    0xef, 0x41, 0x18, 0x4c, 0x84, 0x86, 0xb2, 0xcc,
    0x6, 0xb7, 0x21, 0x80, 0xe, 0x0, 0x18, 0x0,
    0x7d, 0xfe, 0xe1, 0x80,

    /* U+00E5 "å" */
    0x0, 0x34, 0x30, 0x6, 0xa8, 0xa0, 0xd, 0x51,
    0x40, 0x19, 0xa1, 0x80, 0x3, 0x1b, 0xf8, 0x60,
    0xbd, 0x9f, 0x7a, 0x8, 0xc2, 0x64, 0x24, 0x35,
    0x96, 0x60, 0x35, 0xb9, 0xc, 0x0, 0x70, 0x0,
    0xc0, 0x3, 0xef, 0xf7, 0xc, 0x0,

    /* U+00E6 "æ" */
    0x3c, 0xeb, 0x2c, 0xe6, 0x1, 0xfe, 0x2c, 0xfe,
    0xb1, 0x23, 0xf, 0x23, 0x7, 0x50, 0x9b, 0xd3,
    0xee, 0x20, 0xc8, 0xdc, 0xa7, 0x74, 0xa5, 0xe0,
    0xa8, 0x80, 0x20, 0x89, 0xe1, 0xd9, 0xf9, 0x0,

    /* U+00E7 "ç" */
    0x3, 0xbf, 0xe9, 0x3, 0xce, 0xff, 0x70, 0xc3,
    0xa8, 0xb, 0x8b, 0x68, 0x7, 0x36, 0x80, 0x77,
    0xbb, 0x0, 0xb9, 0xa5, 0xd7, 0xf7, 0x8, 0x13,
    0xf, 0xa4, 0x40, 0x28, 0xc0, 0xc, 0x7d, 0x40,
    0x0,

    /* U+00E8 "è" */
    0x0, 0x14, 0x80, 0x78, 0x96, 0x0, 0x3d, 0x86,
    0x20, 0x1e, 0xb1, 0x0, 0xcd, 0xbd, 0x86, 0x0,
    0x6b, 0xfe, 0xfd, 0x10, 0x88, 0x10, 0x1a, 0x38,
    0xd, 0xf7, 0x48, 0x20, 0x35, 0xdd, 0x9c, 0x26,
    0x46, 0x0, 0x50, 0x3, 0xdf, 0x7e, 0xe8, 0x0,

    /* U+00E9 "é" */
    0x0, 0xea, 0x10, 0xe, 0xa0, 0x10, 0xc, 0x61,
    0x40, 0x1c, 0x74, 0x1, 0xcd, 0xbd, 0x86, 0x0,
    0x6b, 0xfe, 0xfd, 0x10, 0x88, 0x10, 0x1a, 0x38,
    0xd, 0xf7, 0x48, 0x20, 0x35, 0xdd, 0x9c, 0x26,
    0x46, 0x0, 0x50, 0x3, 0xdf, 0x7e, 0xe8, 0x0,

    /* U+00EA "ê" */
    0x0, 0x8a, 0x4, 0x3, 0xf, 0x8e, 0x80, 0x66,
    0x99, 0x52, 0x80, 0x4e, 0x80, 0xca, 0x1, 0x36,
    0xf6, 0x18, 0x1, 0xaf, 0xfb, 0xf4, 0x42, 0x20,
    0x40, 0x68, 0xe0, 0x37, 0xdd, 0x20, 0x80, 0xd7,
    0x76, 0x70, 0x99, 0x18, 0x1, 0x40, 0xf, 0x7d,
    0xfb, 0xa0,

    /* U+00EB "ë" */
    0x0, 0x45, 0x6, 0x28, 0x5, 0x7e, 0x14, 0xe0,
    0x11, 0xa8, 0x31, 0x0, 0x4d, 0xbd, 0x86, 0x0,
    0x6b, 0xfe, 0xfd, 0x10, 0x88, 0x10, 0x1a, 0x38,
    0xd, 0xf7, 0x48, 0x20, 0x35, 0xdd, 0x9c, 0x26,
    0x46, 0x0, 0x50, 0x3, 0xdf, 0x7e, 0xe8, 0x0,

    /* U+00EC "ì" */
    0x0, 0xfa, 0xd0, 0x2, 0x8a, 0x20, 0x1, 0xea,
    0x0, 0x46, 0xd7, 0xff, 0x4d, 0xff, 0x98, 0x3,
    0xff, 0x9c,

    /* U+00ED "í" */
    0x0, 0xff, 0x43, 0x80, 0x4c, 0xac, 0x1, 0x7e,
    0x8, 0x5, 0x22, 0x17, 0xff, 0x48, 0x5f, 0xf9,
    0x80, 0x3f, 0xfa, 0x80,

    /* U+00EE "î" */
    0x0, 0x9d, 0x40, 0x34, 0x6c, 0xa0, 0x0, 0x42,
    0xb7, 0x40, 0x1, 0x80, 0x19, 0xb, 0xff, 0xa4,
    0x1, 0x7f, 0xe6, 0x0, 0xff, 0xed, 0x0,

    /* U+00EF "ï" */
    0x2, 0xe2, 0x5c, 0x2, 0x92, 0x7a, 0x0, 0x38,
    0x13, 0x5f, 0xfd, 0x21, 0x7f, 0xe6, 0x0, 0xff,
    0xea, 0x0,

    /* U+00F0 "ð" */
    0x0, 0x34, 0x88, 0xa0, 0x2, 0x60, 0xfc, 0xd0,
    0x9, 0xd2, 0x4d, 0xc0, 0x25, 0xd7, 0x89, 0x0,
    0xab, 0x75, 0xc8, 0x21, 0x27, 0x9b, 0xc0, 0x80,
    0xd4, 0x20, 0xca, 0x44, 0x1, 0x0, 0xe2, 0x1,
    0x0, 0x9c, 0xc1, 0xf4, 0x42, 0x1, 0x2, 0x13,
    0xfc, 0x78, 0x0,

    /* U+00F1 "ñ" */
    0x7, 0xd8, 0x1b, 0x0, 0x6e, 0xbf, 0x78, 0x1,
    0x40, 0xf8, 0xa1, 0x6b, 0x39, 0xce, 0x0, 0x8a,
    0xcc, 0x40, 0x85, 0x18, 0x11, 0x14, 0x3, 0xc2,
    0x1, 0xff, 0xc9,

    /* U+00F2 "ò" */
    0x0, 0x2b, 0x80, 0x79, 0xe5, 0x0, 0x38, 0xb3,
    0xc0, 0x3c, 0x56, 0x1, 0xd1, 0xdf, 0x64, 0x0,
    0x94, 0xff, 0x66, 0x4, 0x1b, 0xc4, 0x1c, 0xdc,
    0x80, 0x80, 0x27, 0xe2, 0x2, 0x0, 0x9f, 0x81,
    0xbc, 0x41, 0xcd, 0xc2, 0x53, 0xfd, 0x98, 0x10,

    /* U+00F3 "ó" */
    0x0, 0xc5, 0x40, 0x1c, 0x3f, 0xa0, 0x1c, 0xd6,
    0xe0, 0x1c, 0xec, 0x1, 0xd1, 0xdf, 0x64, 0x0,
    0x94, 0xff, 0x66, 0x4, 0x1b, 0xc4, 0x1c, 0xdc,
    0x80, 0x80, 0x27, 0xe2, 0x2, 0x0, 0x9f, 0x81,
    0xbc, 0x41, 0xcd, 0xc2, 0x53, 0xfd, 0x98, 0x10,

    /* U+00F4 "ô" */
    0x0, 0x91, 0xc0, 0x38, 0xe7, 0x64, 0x3, 0x57,
    0xd0, 0x10, 0x5, 0x24, 0x12, 0x40, 0x14, 0x77,
    0xd9, 0x0, 0x25, 0x3f, 0xd9, 0x81, 0x6, 0xf1,
    0x7, 0x37, 0x20, 0x20, 0x9, 0xf8, 0x80, 0x80,
    0x27, 0xe0, 0x6f, 0x10, 0x73, 0x70, 0x94, 0xff,
    0x66, 0x4,

    /* U+00F5 "õ" */
    0x0, 0x5e, 0xaa, 0x38, 0x0, 0x8f, 0x72, 0x14,
    0x0, 0x50, 0x13, 0x84, 0x1, 0x47, 0x7d, 0x90,
    0x2, 0x53, 0xfd, 0x98, 0x10, 0x6f, 0x10, 0x73,
    0x72, 0x2, 0x0, 0x9f, 0x88, 0x8, 0x2, 0x7e,
    0x6, 0xf1, 0x7, 0x37, 0x9, 0x4f, 0xf6, 0x60,
    0x40,

    /* U+00F6 "ö" */
    0x0, 0x5b, 0xf, 0x10, 0x5, 0xca, 0x32, 0x60,
    0x12, 0x98, 0x38, 0x80, 0x51, 0xdf, 0x64, 0x0,
    0x94, 0xff, 0x66, 0x4, 0x1b, 0xc4, 0x1c, 0xdc,
    0x80, 0x80, 0x27, 0xe2, 0x2, 0x0, 0x9f, 0x81,
    0xbc, 0x41, 0xcd, 0xc2, 0x53, 0xfd, 0x98, 0x10,

    /* U+00F7 "÷" */
    0x0, 0x12, 0x80, 0x72, 0x48, 0x7, 0x36, 0x0,
    0x57, 0xdd, 0xc5, 0x7d, 0xdc, 0x40, 0x2, 0x50,
    0xe, 0x49, 0x0, 0x80,

    /* U+00F8 "ø" */
    0x0, 0xff, 0x47, 0x72, 0xf1, 0x2, 0x53, 0xf9,
    0xcd, 0x1, 0xbc, 0x61, 0x8d, 0x84, 0xd, 0x4e,
    0x9b, 0x84, 0x1e, 0x6c, 0x1b, 0x81, 0xa3, 0xc1,
    0xc9, 0xc1, 0x1b, 0x7f, 0x30, 0x21, 0xb3, 0xdf,
    0x64, 0x0,

    /* U+00F9 "ù" */
    0x0, 0xfc, 0xf0, 0x1, 0xcc, 0xac, 0x1, 0x87,
    0x3c, 0x3, 0x86, 0x40, 0x2e, 0x30, 0x0, 0xf8,
    0x80, 0x7f, 0xf2, 0x9c, 0x3, 0x97, 0x80, 0xa8,
    0x1, 0x2d, 0xfd, 0x22, 0x0,

    /* U+00FA "ú" */
    0x0, 0xff, 0x25, 0x80, 0x62, 0xaf, 0x0, 0xc9,
    0xa8, 0x1, 0x98, 0xc0, 0x2e, 0x30, 0x0, 0xf8,
    0x80, 0x7f, 0xf2, 0x9c, 0x3, 0x97, 0x80, 0xa8,
    0x1, 0x2d, 0xfd, 0x22, 0x0,

    /* U+00FB "û" */
    0x0, 0x2b, 0x80, 0x64, 0x9d, 0x80, 0xb, 0x75,
    0x40, 0x20, 0x9, 0x10, 0x81, 0xe, 0x30, 0x0,
    0xf8, 0x80, 0x7f, 0xf2, 0x9c, 0x3, 0x97, 0x80,
    0xa8, 0x1, 0x2d, 0xfd, 0x22, 0x0,

    /* U+00FC "ü" */
    0xc, 0x52, 0xe2, 0x0, 0x53, 0x94, 0x90, 0x1,
    0x88, 0x1c, 0x1, 0xc6, 0x0, 0x1f, 0x10, 0xf,
    0xfe, 0x53, 0x80, 0x72, 0xf0, 0x15, 0x0, 0x25,
    0xbf, 0xa4, 0x40,

    /* U+00FD "ý" */
    0x0, 0xff, 0xe0, 0x1e, 0x0, 0x70, 0xec, 0x80,
    0x72, 0x5a, 0x80, 0x72, 0xa8, 0x2, 0x1f, 0x10,
    0xa, 0x60, 0x55, 0x80, 0x27, 0xa0, 0x99, 0x0,
    0x15, 0x44, 0x6, 0xaa, 0xe, 0xe0, 0x5, 0xf2,
    0x2a, 0xa0, 0x9, 0x6, 0xd8, 0x3, 0xad, 0x68,
    0x3, 0x8d, 0x8, 0x3, 0x15, 0xc0, 0x6, 0xec,
    0xb3, 0x0, 0x80,

    /* U+00FE "þ" */
    0xb7, 0x0, 0xff, 0xe4, 0x7d, 0x7e, 0xa8, 0x1,
    0x67, 0xe2, 0x88, 0x28, 0xc1, 0x4d, 0x40, 0x39,
    0xbc, 0x3, 0x9f, 0x82, 0xc8, 0x1c, 0xdc, 0x16,
    0x7e, 0xf0, 0x43, 0xaf, 0xf0, 0x80, 0x3f, 0xf8,
    0x60,

    /* U+00FF "ÿ" */
    0x0, 0x5b, 0x87, 0x18, 0x5, 0xc8, 0x12, 0x40,
    0x12, 0x98, 0x38, 0x80, 0xf8, 0x80, 0x53, 0x2,
    0xac, 0x1, 0x3d, 0x4, 0xc8, 0x0, 0xaa, 0x20,
    0x35, 0x50, 0x77, 0x0, 0x2f, 0x91, 0x55, 0x0,
    0x48, 0x36, 0xc0, 0x1d, 0x6b, 0x40, 0x1c, 0x68,
    0x40, 0x18, 0xae, 0x0, 0x37, 0x65, 0x98, 0x4,

    /* U+0100 "Ā" */
    0x0, 0x46, 0x64, 0x1, 0xa3, 0x32, 0x0, 0xea,
    0xf0, 0xf, 0x23, 0x28, 0x6, 0x54, 0xde, 0x0,
    0xdf, 0xe4, 0x51, 0x0, 0x91, 0x41, 0xdc, 0x0,
    0x51, 0xff, 0x36, 0x80, 0x3a, 0xbf, 0xe4, 0x10,
    0x44, 0x0, 0x48, 0xec, 0x62, 0x1, 0x6d, 0x0,

    /* U+0101 "ā" */
    0x4, 0xcc, 0x90, 0x0, 0x99, 0x92, 0x0, 0xc6,
    0xfe, 0x18, 0x2f, 0x67, 0xde, 0x82, 0x30, 0x99,
    0x9, 0xd, 0x65, 0x98, 0xd, 0x6e, 0x43, 0x0,
    0x1c, 0x0, 0x30, 0x0, 0xfb, 0xfd, 0xc3, 0x0,

    /* U+0102 "Ă" */
    0x0, 0xff, 0x59, 0x5, 0x88, 0x5, 0x32, 0xbd,
    0x10, 0x8, 0xae, 0xcc, 0x1, 0xd5, 0xe0, 0x1e,
    0x46, 0x50, 0xc, 0xa9, 0xbc, 0x1, 0xbf, 0xc8,
    0xa2, 0x1, 0x22, 0x83, 0xb8, 0x0, 0xa3, 0xfe,
    0x6d, 0x0, 0x75, 0x7f, 0xc8, 0x20, 0x88, 0x0,
    0x91, 0xd8, 0xc4, 0x2, 0xda,

    /* U+0103 "ă" */
    0x3, 0x0, 0x88, 0x0, 0x8c, 0xe, 0xa0, 0x7,
    0xcc, 0x73, 0x80, 0x55, 0x92, 0x0, 0x18, 0xdf,
    0xc3, 0x5, 0xec, 0xfb, 0xd0, 0x46, 0x13, 0x21,
    0x21, 0xac, 0xb3, 0x1, 0xad, 0xc8, 0x60, 0x3,
    0x80, 0x6, 0x0, 0x1f, 0x7f, 0xb8, 0x60,

    /* U+0104 "Ą" */
    0x0, 0xab, 0xc0, 0x3e, 0x46, 0x50, 0xe, 0x54,
    0xde, 0x0, 0xef, 0xf2, 0x28, 0x80, 0x64, 0x50,
    0x77, 0x0, 0x4a, 0x3f, 0xe6, 0xd0, 0xb, 0xab,
    0xfe, 0x41, 0x0, 0x22, 0x0, 0x24, 0x70, 0x63,
    0x10, 0xb, 0x68, 0x1b, 0x0, 0x37, 0x48, 0x7,
    0x89, 0x14, 0x3, 0xc4, 0x3a, 0x80,

    /* U+0105 "ą" */
    0x18, 0xdf, 0xc3, 0x5, 0xec, 0xfb, 0xd0, 0x46,
    0x13, 0x21, 0x21, 0xac, 0xb3, 0x1, 0xad, 0xc8,
    0x60, 0x3, 0x80, 0x6, 0x0, 0x1f, 0x7f, 0xb8,
    0x62, 0x79, 0xf9, 0x88, 0x20, 0xc, 0xa8, 0x1,
    0xcf, 0x8c,

    /* U+0106 "Ć" */
    0x0, 0xe6, 0x30, 0xe, 0x8a, 0x20, 0xe, 0xdc,
    0x10, 0x8, 0xae, 0xdf, 0x20, 0x2, 0xdc, 0xfe,
    0x13, 0x9, 0x67, 0x11, 0x41, 0x82, 0x50, 0x7,
    0x8, 0x8, 0x7, 0x8, 0x8, 0x7, 0x92, 0x80,
    0x3d, 0x2d, 0x2, 0x50, 0xe0, 0x58, 0x7d, 0x84,
    0xc0,

    /* U+0107 "ć" */
    0x0, 0xcc, 0xa0, 0x19, 0x21, 0xc0, 0x37, 0xe1,
    0x0, 0x6b, 0x20, 0x8, 0xef, 0xfa, 0x40, 0xf3,
    0xbf, 0xdc, 0x30, 0xea, 0x2, 0xe2, 0xda, 0x1,
    0xcd, 0xa0, 0x1d, 0xee, 0xc0, 0x2e, 0x69, 0x75,
    0xfe, 0xe2,

    /* U+0108 "Ĉ" */
    0x0, 0x8b, 0xb0, 0x3, 0xbb, 0x6e, 0x0, 0x37,
    0x1b, 0xd8, 0x4, 0x53, 0xdf, 0x40, 0x2, 0xdc,
    0xfe, 0x13, 0x9, 0x67, 0x11, 0x41, 0x82, 0x50,
    0x7, 0x8, 0x8, 0x7, 0x8, 0x8, 0x7, 0x92,
    0x80, 0x3d, 0x2d, 0x2, 0x50, 0xe0, 0x58, 0x7d,
    0x84, 0xc0,

    /* U+0109 "ĉ" */
    0x0, 0x9d, 0x0, 0x34, 0x6c, 0x98, 0x0, 0x45,
    0x59, 0x20, 0x1, 0x90, 0x1a, 0x0, 0x1d, 0xff,
    0x48, 0x1e, 0x77, 0xfb, 0x86, 0x1d, 0x40, 0x5c,
    0x5b, 0x40, 0x39, 0xb4, 0x3, 0xbd, 0xd8, 0x5,
    0xcd, 0x2e, 0xbf, 0xdc, 0x40,

    /* U+010A "Ċ" */
    0x0, 0xd8, 0xe0, 0x1e, 0xa4, 0x0, 0xf3, 0x18,
    0x6, 0x2b, 0xef, 0x90, 0x1, 0x6e, 0x7f, 0x9,
    0x84, 0xb3, 0x88, 0xa0, 0xc1, 0x28, 0x3, 0x84,
    0x4, 0x3, 0x84, 0x4, 0x3, 0xc9, 0x40, 0x1e,
    0x96, 0x81, 0x28, 0x70, 0x2c, 0x3e, 0xc2, 0x60,

    /* U+010B "ċ" */
    0x0, 0xb6, 0x0, 0x39, 0xf8, 0x3, 0xa9, 0x80,
    0x23, 0xbf, 0xe9, 0x3, 0xce, 0xff, 0x70, 0xc3,
    0xa8, 0xb, 0x8b, 0x68, 0x7, 0x36, 0x80, 0x77,
    0xbb, 0x0, 0xb9, 0xa5, 0xd7, 0xfb, 0x88,

    /* U+010C "Č" */
    0x0, 0xa8, 0x4e, 0x0, 0x37, 0x67, 0xc8, 0x6,
    0x4d, 0xc1, 0x0, 0x8a, 0xfb, 0xe4, 0x0, 0x5b,
    0x9f, 0xc2, 0x61, 0x2c, 0xe2, 0x28, 0x30, 0x4a,
    0x0, 0xe1, 0x1, 0x0, 0xe1, 0x1, 0x0, 0xf2,
    0x50, 0x7, 0xa5, 0xa0, 0x4a, 0x1c, 0xb, 0xf,
    0xb0, 0x98,

    /* U+010D "č" */
    0x1, 0x80, 0x19, 0x0, 0x8, 0x56, 0x50, 0x5,
    0x1b, 0x26, 0x1, 0x9d, 0x0, 0x23, 0xbf, 0xe9,
    0x3, 0xce, 0xff, 0x70, 0xc3, 0xa8, 0xb, 0x8b,
    0x68, 0x7, 0x36, 0x80, 0x77, 0xbb, 0x0, 0xb9,
    0xa5, 0xd7, 0xfb, 0x88,

    /* U+010E "Ď" */
    0x8, 0x40, 0xa1, 0x0, 0x44, 0x37, 0x84, 0x2,
    0xcd, 0x40, 0x6, 0x7f, 0xba, 0x44, 0x1, 0x3f,
    0x85, 0x80, 0x18, 0xac, 0xd8, 0x3, 0x9f, 0x0,
    0x38, 0x44, 0x1, 0xc2, 0x20, 0xe, 0x7c, 0x0,
    0x8a, 0xcd, 0x82, 0x7f, 0xb, 0x0,

    /* U+010F "ď" */
    0x0, 0xf9, 0x20, 0x3, 0xe1, 0x20, 0xe, 0x6b,
    0x3, 0x0, 0xfc, 0x20, 0x1f, 0x2c, 0x0, 0xd7,
    0xe7, 0x80, 0x6a, 0x1e, 0xd2, 0x0, 0x85, 0x28,
    0x45, 0xa0, 0x11, 0x8, 0x80, 0x3c, 0x42, 0x1,
    0xf0, 0x9c, 0x81, 0xd8, 0x6, 0xe2, 0xff, 0x40,
    0x4,

    /* U+0110 "Đ" */
    0xc, 0xff, 0x74, 0x88, 0x5, 0x3f, 0x85, 0x80,
    0x1c, 0x56, 0x6c, 0x1, 0xe7, 0xca, 0x38, 0xd5,
    0x1, 0x15, 0x1c, 0x6a, 0x80, 0x88, 0x3, 0xcf,
    0x80, 0x18, 0xac, 0xd8, 0x1, 0x3f, 0x85, 0x80,

    /* U+0111 "đ" */
    0x0, 0xf7, 0x88, 0x6, 0x7e, 0xe0, 0x60, 0x80,
    0x4f, 0xdc, 0xc, 0x10, 0x4, 0xf6, 0xb8, 0x6,
    0x94, 0xcd, 0x0, 0xe6, 0xe2, 0x7, 0x0, 0x88,
    0xc, 0x3, 0xc4, 0x6, 0x1, 0xf2, 0xc0, 0x8a,
    0x40, 0x35, 0x8f, 0xe6, 0x4, 0x0,

    /* U+0112 "Ē" */
    0x2, 0xcc, 0x98, 0x0, 0x59, 0x93, 0x3, 0x7f,
    0xf2, 0x1, 0xff, 0xe4, 0x0, 0xff, 0xe1, 0x9f,
    0xfd, 0x20, 0x3, 0xff, 0xa4, 0x3, 0xff, 0x88,
    0x7f, 0xf9, 0x80,

    /* U+0113 "ē" */
    0x0, 0x2e, 0x64, 0x60, 0x12, 0xe6, 0x46, 0x1,
    0x36, 0xf6, 0x18, 0x1, 0xaf, 0xfb, 0xf4, 0x42,
    0x20, 0x40, 0x68, 0xe0, 0x37, 0xdd, 0x20, 0x80,
    0xd7, 0x76, 0x70, 0x99, 0x18, 0x1, 0x40, 0xf,
    0x7d, 0xfb, 0xa0,

    /* U+0114 "Ĕ" */
    0x0, 0xfc, 0x92, 0x9, 0x0, 0x4, 0x1b, 0xe9,
    0x0, 0xa2, 0xe8, 0x41, 0xbf, 0xf9, 0x0, 0xff,
    0xf2, 0x0, 0x7f, 0xf0, 0xcf, 0xfe, 0x90, 0x1,
    0xff, 0xd2, 0x1, 0xff, 0xc4, 0x3f, 0xfc, 0xc0,

    /* U+0115 "ĕ" */
    0x0, 0x18, 0x4, 0x40, 0x15, 0xa8, 0x42, 0x0,
    0x51, 0xf8, 0x2c, 0x1, 0xab, 0x24, 0x3, 0x36,
    0xf6, 0x18, 0x1, 0xaf, 0xfb, 0xf4, 0x42, 0x20,
    0x40, 0x68, 0xe0, 0x37, 0xdd, 0x20, 0x80, 0xd7,
    0x76, 0x70, 0x99, 0x18, 0x1, 0x40, 0xf, 0x7d,
    0xfb, 0xa0,

    /* U+0116 "Ė" */
    0x0, 0x9c, 0x40, 0x30, 0xca, 0x80, 0x61, 0xe4,
    0x0, 0x37, 0xff, 0x20, 0x1f, 0xfe, 0x40, 0xf,
    0xfe, 0x19, 0xff, 0xd2, 0x0, 0x3f, 0xfa, 0x40,
    0x3f, 0xf8, 0x87, 0xff, 0x98,

    /* U+0117 "ė" */
    0x0, 0x97, 0x8c, 0x3, 0x99, 0x44, 0x3, 0x8e,
    0xc8, 0x3, 0x36, 0xf6, 0x18, 0x1, 0xaf, 0xfb,
    0xf4, 0x42, 0x20, 0x40, 0x68, 0xe0, 0x37, 0xdd,
    0x20, 0x80, 0xd7, 0x76, 0x70, 0x99, 0x18, 0x1,
    0x40, 0xf, 0x7d, 0xfb, 0xa0,

    /* U+0118 "Ę" */
    0x6f, 0xfe, 0x40, 0x3f, 0xfc, 0x80, 0x1f, 0x8f,
    0xfe, 0x90, 0x1, 0xff, 0xd2, 0x1, 0xff, 0xcb,
    0x3f, 0xfc, 0xcc, 0xff, 0xaa, 0x18, 0x3, 0x5b,
    0x80, 0x72, 0x6b, 0x80,

    /* U+0119 "ę" */
    0x0, 0x36, 0xf6, 0x18, 0x1, 0xaf, 0xfb, 0xf4,
    0x42, 0x20, 0x40, 0x68, 0xe0, 0x37, 0xdd, 0x20,
    0x80, 0xd7, 0x76, 0x70, 0x99, 0x18, 0x1, 0x40,
    0xf, 0x7d, 0xfe, 0xe0, 0x9, 0xb7, 0x96, 0xc0,
    0x39, 0xb0, 0x3, 0xc9, 0x76, 0x0,

    /* U+011A "Ě" */
    0x2, 0x90, 0x66, 0x0, 0xb, 0xf7, 0x18, 0x2,
    0x6d, 0xa0, 0x3, 0x7f, 0xf2, 0x1, 0xff, 0xe4,
    0x0, 0xff, 0xe1, 0x9f, 0xfd, 0x20, 0x3, 0xff,
    0xa4, 0x3, 0xff, 0x88, 0x7f, 0xf9, 0x80,

    /* U+011B "ě" */
    0x0, 0x39, 0x82, 0xa8, 0x2, 0x6e, 0x89, 0x50,
    0x8, 0x7c, 0x34, 0x3, 0x8a, 0x4, 0x3, 0x36,
    0xf6, 0x18, 0x1, 0xaf, 0xfb, 0xf4, 0x42, 0x20,
    0x40, 0x68, 0xe0, 0x37, 0xdd, 0x20, 0x80, 0xd7,
    0x76, 0x70, 0x99, 0x18, 0x1, 0x40, 0xf, 0x7d,
    0xfb, 0xa0,

    /* U+011C "Ĝ" */
    0x0, 0x97, 0xe4, 0x3, 0x14, 0xf1, 0x28, 0x4,
    0x7a, 0x36, 0xe0, 0x12, 0xef, 0xf2, 0x80, 0x16,
    0xeb, 0xb3, 0xc4, 0x22, 0x58, 0x4a, 0x4, 0x88,
    0xe0, 0x1c, 0x20, 0x20, 0xff, 0xe7, 0x10, 0x10,
    0x7f, 0x60, 0x21, 0x70, 0xf, 0x5c, 0xb0, 0x92,
    0x80, 0x16, 0xa9, 0xd8, 0xae,

    /* U+011D "ĝ" */
    0x0, 0x1b, 0x80, 0x62, 0xee, 0x50, 0x5, 0x7d,
    0x24, 0x60, 0x9, 0x30, 0x83, 0x0, 0x46, 0xf7,
    0xfb, 0x95, 0x5b, 0xc9, 0x1f, 0xaa, 0x0, 0xdd,
    0xe, 0xa8, 0x86, 0xe8, 0x10, 0x37, 0x30, 0xe0,
    0xcb, 0x98, 0x70, 0x2, 0xbf, 0xfb, 0xb5, 0x7b,
    0x3f, 0xdd, 0x70, 0x4e, 0x1, 0x62, 0x6c, 0x6e,
    0xe9,

    /* U+011E "Ğ" */
    0x0, 0xff, 0x24, 0x82, 0xc0, 0x4, 0x83, 0x7f,
    0x20, 0x1a, 0x2e, 0x84, 0x2, 0x4c, 0xfe, 0x70,
    0x2, 0xdd, 0x76, 0x78, 0x84, 0x4b, 0x9, 0x40,
    0x91, 0x1c, 0x3, 0x84, 0x4, 0x1f, 0xfc, 0xe2,
    0x2, 0xf, 0xec, 0x4, 0x2e, 0x1, 0xeb, 0x96,
    0x12, 0x50, 0x2, 0xd5, 0x3b, 0x15, 0xc0,

    /* U+011F "ğ" */
    0x3, 0x0, 0x8, 0x80, 0x12, 0x61, 0x6a, 0x0,
    0xb8, 0xcd, 0x40, 0x0, 0xde, 0x38, 0x5, 0x1b,
    0xdf, 0xee, 0x55, 0x6f, 0x24, 0x7e, 0xa8, 0x3,
    0x74, 0x3a, 0xa2, 0x1b, 0xa0, 0x40, 0xdc, 0xc3,
    0x83, 0x2e, 0x61, 0xc0, 0xa, 0xff, 0xee, 0xd5,
    0xec, 0xff, 0x75, 0xc1, 0x38, 0x5, 0x89, 0xb1,
    0xbb, 0xa4,

    /* U+0120 "Ġ" */
    0x0, 0x87, 0x90, 0x3, 0x86, 0x54, 0x3, 0xce,
    0x20, 0x19, 0x33, 0xf9, 0xc0, 0xb, 0x75, 0xd9,
    0xe2, 0x11, 0x2c, 0x25, 0x2, 0x44, 0x70, 0xe,
    0x10, 0x10, 0x7f, 0xf3, 0x88, 0x8, 0x3f, 0xb0,
    0x10, 0xb8, 0x7, 0xae, 0x58, 0x49, 0x40, 0xb,
    0x54, 0xec, 0x57,

    /* U+0121 "ġ" */
    0x0, 0x37, 0x8, 0x6, 0x24, 0x10, 0xc, 0x94,
    0x1, 0xa3, 0x7b, 0xfd, 0xca, 0xad, 0xe4, 0x8f,
    0xd5, 0x0, 0x6e, 0x87, 0x54, 0x43, 0x74, 0x8,
    0x1b, 0x98, 0x70, 0x65, 0xcc, 0x38, 0x1, 0x5f,
    0xfd, 0xda, 0xbd, 0x9f, 0xee, 0xb8, 0x27, 0x0,
    0xb1, 0x36, 0x37, 0x74, 0x80,

    /* U+0122 "Ģ" */
    0x0, 0x26, 0x7f, 0x38, 0x1, 0x6e, 0xbb, 0x3c,
    0x42, 0x25, 0x84, 0xa0, 0x48, 0x8e, 0x1, 0xc2,
    0x2, 0xf, 0xfe, 0x71, 0x1, 0x7, 0xf6, 0x2,
    0x17, 0x0, 0xf5, 0xcb, 0x9, 0x28, 0x1, 0x6a,
    0x9d, 0x8a, 0xe0, 0x5, 0xcb, 0xe9, 0x0, 0xec,
    0x90, 0xe, 0x52, 0xc0, 0x0,

    /* U+0123 "ģ" */
    0x0, 0x1c, 0xa8, 0x6, 0x8a, 0x50, 0xd, 0x14,
    0x1, 0xc7, 0x20, 0x1a, 0x37, 0xbf, 0xdc, 0xaa,
    0xde, 0x48, 0xfd, 0x50, 0x6, 0xe8, 0x75, 0x44,
    0x37, 0x40, 0x81, 0xb9, 0x87, 0x6, 0x5c, 0xc3,
    0x80, 0x15, 0xff, 0xdd, 0xab, 0xd9, 0xfe, 0xeb,
    0x82, 0x70, 0xb, 0x13, 0x63, 0x77, 0x48,

    /* U+0124 "Ĥ" */
    0x0, 0x67, 0x18, 0x5, 0x35, 0x9e, 0x20, 0x8,
    0x62, 0xd1, 0xe, 0x50, 0x0, 0xf2, 0x0, 0x7f,
    0xf2, 0xab, 0xba, 0x10, 0x5, 0xff, 0xc2, 0x0,
    0x11, 0xc0, 0x1f, 0xfc, 0x40,

    /* U+0125 "ĥ" */
    0x0, 0x3a, 0x80, 0x7a, 0x87, 0xd8, 0x3, 0xa1,
    0xa9, 0x0, 0x38, 0xad, 0xc8, 0x3, 0xff, 0x9a,
    0x31, 0xdc, 0x70, 0xd, 0x7b, 0xd5, 0x2, 0x1,
    0x52, 0x82, 0x12, 0x80, 0x7e, 0x10, 0xf, 0xfe,
    0x78,

    /* U+0126 "Ħ" */
    0xe, 0x40, 0xb, 0x90, 0x28, 0x6b, 0x76, 0x1a,
    0x3a, 0x1a, 0xdd, 0x86, 0x8c, 0x3, 0xfe, 0xae,
    0xe8, 0x40, 0x35, 0xff, 0xc2, 0x1, 0x84, 0x70,
    0x7, 0xff, 0x24,

    /* U+0127 "ħ" */
    0xb, 0x70, 0xe, 0x94, 0x9e, 0xe3, 0x0, 0x25,
    0x27, 0xb8, 0xc0, 0x18, 0x63, 0xb8, 0xc0, 0x14,
    0x77, 0x2e, 0x44, 0x1, 0x2c, 0xa, 0x2a, 0x1,
    0xe3, 0x10, 0xf, 0xfe, 0x60,

    /* U+0128 "Ĩ" */
    0xa, 0xd4, 0x37, 0x2, 0x26, 0x77, 0x10, 0xa,
    0x6, 0xb4, 0xc2, 0xbf, 0xf8, 0x2b, 0xe4, 0xff,
    0xc0, 0x1f, 0xfd, 0xfa, 0xf9, 0x3f, 0xf0, 0x80,

    /* U+0129 "ĩ" */
    0x2, 0xdc, 0x29, 0x30, 0x49, 0xe9, 0x33, 0x3,
    0x21, 0x5d, 0x5, 0xff, 0xd2, 0x0, 0xbf, 0xf3,
    0x0, 0x7f, 0xf6, 0x80,

    /* U+012A "Ī" */
    0x8, 0xcc, 0x80, 0x28, 0xcc, 0x80, 0x15, 0xff,
    0xc1, 0x5f, 0x27, 0xfe, 0x0, 0xff, 0xef, 0xd7,
    0xc9, 0xff, 0x84,

    /* U+012B "ī" */
    0x0, 0x66, 0x52, 0x0, 0xcc, 0xa6, 0xff, 0xe9,
    0xb, 0xff, 0x30, 0x7, 0xff, 0x50,

    /* U+012C "Ĭ" */
    0x0, 0xfd, 0x64, 0x16, 0x20, 0x9, 0x95, 0xe8,
    0x80, 0xa, 0xec, 0xc0, 0xa, 0xff, 0xe0, 0xaf,
    0x93, 0xff, 0x0, 0x7f, 0xf7, 0xeb, 0xe4, 0xff,
    0xc2,

    /* U+012D "ĭ" */
    0x1, 0x20, 0x1, 0x80, 0x5c, 0x5, 0xe0, 0x1,
    0x9c, 0xee, 0x0, 0x4b, 0x98, 0x20, 0xbf, 0xfa,
    0x40, 0x17, 0xfe, 0x60, 0xf, 0xfe, 0xd0,

    /* U+012E "Į" */
    0xaf, 0xfe, 0xa, 0xf9, 0x3f, 0xf0, 0x7, 0xff,
    0x7e, 0xbe, 0x4f, 0xfc, 0x35, 0xef, 0x5f, 0xe1,
    0x0, 0x32, 0x80, 0x72, 0xea, 0x80, 0x0,

    /* U+012F "į" */
    0x0, 0xb6, 0x40, 0x32, 0x78, 0x6, 0x96, 0xb,
    0xff, 0xa4, 0x2f, 0xfc, 0xc0, 0x1f, 0xfd, 0x61,
    0xb, 0x0, 0x9b, 0xc8, 0x2, 0x4b, 0xb0, 0x80,

    /* U+0130 "İ" */
    0x0, 0x1b, 0x0, 0x72, 0x58, 0x7, 0x3e, 0x80,
    0x55, 0xff, 0xc1, 0x5f, 0x27, 0xfe, 0x0, 0xff,
    0xef, 0xd7, 0xc9, 0xff, 0x84,

    /* U+0131 "ı" */
    0xbf, 0xfa, 0x6f, 0xfc, 0xc0, 0x1f, 0xfc, 0xe0,

    /* U+0132 "Ĳ" */
    0x7b, 0x0, 0x2e, 0x80, 0x7f, 0xf9, 0x1e, 0xc0,
    0x1a, 0xc0, 0x17, 0x34, 0x0,

    /* U+0133 "ĳ" */
    0x7c, 0x0, 0x1f, 0x11, 0xd8, 0x0, 0x98, 0xd1,
    0xc0, 0x3, 0x2, 0xf6, 0x0, 0x1f, 0x10, 0xf,
    0xfe, 0xf3, 0xd8, 0x6, 0x10, 0xc, 0xa0, 0x1d,
    0x54, 0x90,

    /* U+0134 "Ĵ" */
    0x0, 0x3f, 0x40, 0x0, 0xf3, 0x89, 0x0, 0xec,
    0x29, 0x47, 0xff, 0x87, 0xfe, 0xb0, 0xf, 0xfe,
    0x88, 0x9d, 0x40, 0x94, 0xa5, 0x97, 0x63, 0x48,

    /* U+0135 "ĵ" */
    0x0, 0xce, 0xa0, 0x1d, 0x1b, 0x28, 0x1, 0x8,
    0x56, 0xe8, 0x2, 0x18, 0x1, 0x90, 0x5, 0xff,
    0xd2, 0x1, 0x5f, 0xf9, 0x80, 0x3f, 0xfc, 0x82,
    0x1, 0x10, 0xb, 0xe0, 0x0, 0x7b, 0x9e, 0xc8,
    0x0,

    /* U+0136 "Ķ" */
    0xa8, 0x0, 0xf, 0x28, 0x7, 0x6b, 0x28, 0x6,
    0xa6, 0x80, 0xd, 0xb, 0x60, 0x19, 0x54, 0x72,
    0x1, 0x8f, 0xfc, 0xe2, 0x1, 0x31, 0x1b, 0x58,
    0x7, 0xa1, 0x50, 0x3, 0x86, 0x24, 0x2a, 0x0,
    0x81, 0xf4, 0x3, 0x2d, 0x0, 0x72, 0x6e, 0x0,
    0x40,

    /* U+0137 "ķ" */
    0x8a, 0x0, 0xff, 0xe7, 0x1f, 0x18, 0x6, 0x3d,
    0xd1, 0x80, 0x47, 0xb4, 0x60, 0x13, 0x69, 0x18,
    0x6, 0x3a, 0xd9, 0x30, 0x9, 0x50, 0x6f, 0x44,
    0x3, 0x95, 0xec, 0x22, 0x80, 0x82, 0x68, 0x3,
    0x54, 0x80, 0x72, 0x97, 0x80, 0x40,

    /* U+0138 "ĸ" */
    0x8a, 0x0, 0x1f, 0x18, 0x6, 0x3d, 0xd1, 0x80,
    0x47, 0xb4, 0x60, 0x13, 0x69, 0x98, 0x3, 0x1d,
    0x7c, 0x98, 0x4, 0xa8, 0x57, 0xc0, 0x1e, 0x54,
    0xa0,

    /* U+0139 "Ĺ" */
    0x0, 0x59, 0x0, 0x43, 0x98, 0x20, 0x8, 0x79,
    0xc0, 0x31, 0x68, 0x7, 0xff, 0xb3, 0xff, 0x48,

    /* U+013A "ĺ" */
    0x0, 0xff, 0x43, 0x0, 0x69, 0x26, 0x0, 0xd7,
    0x40, 0x17, 0x7e, 0xc8, 0x5, 0xde, 0xe0, 0x1f,
    0xfe, 0x4e, 0x41, 0x0, 0xcc, 0xfd, 0xc4,

    /* U+013B "Ļ" */
    0x2f, 0x0, 0xff, 0xf6, 0x7f, 0xe9, 0x2f, 0xf7,
    0x7f, 0xa4, 0x2, 0x4d, 0x0, 0xc7, 0x8a, 0x0,

    /* U+013C "ļ" */
    0xef, 0xf4, 0x80, 0x5d, 0xee, 0x1, 0xff, 0xe4,
    0xe4, 0x10, 0xc, 0xcf, 0xdc, 0x40, 0xa, 0xf3,
    0x90, 0x3, 0x4a, 0x80, 0x66, 0x17, 0x0,

    /* U+013D "Ľ" */
    0x0, 0xd4, 0xa0, 0x1f, 0x8b, 0xc0, 0x26, 0x0,
    0xe2, 0x10, 0xe, 0x82, 0x0, 0xff, 0xed, 0x7f,
    0xe9,

    /* U+013E "ľ" */
    0x0, 0xc9, 0x0, 0x1c, 0x44, 0xe, 0xff, 0x49,
    0x98, 0x3b, 0xdc, 0x1, 0xc0, 0x1c, 0xae, 0x1,
    0xff, 0xda, 0xe4, 0x10, 0xc, 0xcf, 0xdc, 0x40,

    /* U+013F "Ŀ" */
    0x2f, 0x0, 0xff, 0xe5, 0x95, 0x98, 0x6, 0x15,
    0x70, 0xc, 0x7c, 0x80, 0x1f, 0xfc, 0x4f, 0xfd,
    0x20,

    /* U+0140 "ŀ" */
    0x7f, 0xf8, 0x40, 0x33, 0xff, 0x0, 0x7f, 0xf4,
    0xee, 0x80, 0x3e, 0x32, 0x0, 0xfa, 0x20, 0x1,
    0xff, 0x8, 0x90, 0x4, 0x3, 0xae, 0xdf, 0x60,
    0x0,

    /* U+0141 "Ł" */
    0x2, 0xf0, 0xf, 0xfe, 0x6b, 0x69, 0x0, 0x6d,
    0xec, 0x20, 0x5f, 0xc, 0x81, 0x0, 0x37, 0x80,
    0x80, 0x63, 0x0, 0xff, 0x7f, 0xe9,

    /* U+0142 "ł" */
    0xef, 0xf4, 0x80, 0x5d, 0xee, 0x1, 0xfc, 0x60,
    0x19, 0x72, 0x80, 0x6, 0xa3, 0xf2, 0x7, 0xec,
    0x86, 0x0, 0x3c, 0x30, 0xf, 0xfe, 0xf, 0x20,
    0x80, 0x66, 0x7e, 0xe2, 0x0,

    /* U+0143 "Ń" */
    0x0, 0x8e, 0x80, 0x31, 0xf4, 0x80, 0x62, 0xc3,
    0x0, 0x6d, 0x88, 0x83, 0x90, 0x14, 0xc0, 0x39,
    0xa0, 0x3, 0xad, 0x90, 0x3, 0x3c, 0x40, 0xc,
    0x2, 0x51, 0x40, 0xe, 0x88, 0x8, 0x6, 0x50,
    0x30, 0xe, 0x80, 0x0,

    /* U+0144 "ń" */
    0x0, 0xff, 0xe, 0x8, 0x6, 0xd4, 0x10, 0x8,
    0xae, 0x0, 0x31, 0x38, 0x5, 0x6b, 0x39, 0xce,
    0x0, 0x8a, 0xcc, 0x40, 0x85, 0x18, 0x11, 0x14,
    0x3, 0xc2, 0x1, 0xff, 0xc9,

    /* U+0145 "Ņ" */
    0xdb, 0x0, 0xb9, 0x1, 0x4c, 0x3, 0x9a, 0x0,
    0x3a, 0xd9, 0x0, 0x33, 0xc4, 0x0, 0xc0, 0x25,
    0x14, 0x0, 0xe8, 0x80, 0x80, 0x65, 0x3, 0x0,
    0xe8, 0x0, 0x6a, 0x8, 0x27, 0xa0, 0x0, 0xb0,
    0x80, 0x35, 0x31, 0x80, 0x0,

    /* U+0146 "ņ" */
    0xb5, 0x9c, 0xe7, 0x0, 0x45, 0x66, 0x20, 0x42,
    0x8c, 0x8, 0x8a, 0x1, 0xe1, 0x0, 0xff, 0xe4,
    0xdb, 0x80, 0x86, 0xa8, 0x0, 0x69, 0x40, 0x33,
    0x3, 0x80, 0x0,

    /* U+0147 "Ň" */
    0x6, 0x50, 0x92, 0x0, 0x37, 0x6f, 0x90, 0x5,
    0x7a, 0xc0, 0xd, 0xb0, 0xb, 0x90, 0x14, 0xc0,
    0x39, 0xa0, 0x3, 0xad, 0x90, 0x3, 0x3c, 0x40,
    0xc, 0x2, 0x51, 0x40, 0xe, 0x88, 0x8, 0x6,
    0x50, 0x30, 0xe, 0x80, 0x0,

    /* U+0148 "ň" */
    0x2, 0x0, 0x88, 0x0, 0xf4, 0x36, 0xc0, 0x5,
    0x2e, 0xd4, 0x0, 0xa3, 0xd8, 0x1, 0x6b, 0x39,
    0xce, 0x0, 0x8a, 0xcc, 0x40, 0x85, 0x18, 0x11,
    0x14, 0x3, 0xc2, 0x1, 0xff, 0xc9,

    /* U+0149 "ŉ" */
    0x1e, 0xa0, 0xf, 0xc2, 0xa0, 0x1f, 0xf, 0x88,
    0x7, 0xe7, 0x64, 0xb6, 0xce, 0x80, 0x1e, 0x80,
    0x40, 0xcf, 0x73, 0x19, 0x0, 0xb, 0x0, 0x93,
    0x0, 0x7e, 0x13, 0x0, 0xff, 0xe9, 0x0,

    /* U+014A "Ŋ" */
    0xd7, 0xbd, 0xd2, 0x80, 0x2a, 0x76, 0x68, 0x82,
    0x8, 0x11, 0xa, 0x1, 0xc5, 0xa0, 0x1c, 0x20,
    0x1e, 0x10, 0xf, 0x11, 0x0, 0x21, 0x44, 0x58,
    0x5, 0x16, 0xe6,

    /* U+014B "ŋ" */
    0xb5, 0x9c, 0xe6, 0x0, 0x45, 0x66, 0x24, 0x42,
    0x8c, 0x8, 0x8a, 0x1, 0xe1, 0x0, 0xff, 0xe4,
    0xdb, 0x80, 0x7f, 0x89, 0xc0, 0x27, 0xf6, 0x20,

    /* U+014C "Ō" */
    0x0, 0x46, 0x64, 0x1, 0xa3, 0x32, 0x0, 0xd1,
    0xdf, 0x64, 0x0, 0x85, 0xde, 0x2c, 0x0, 0x3c,
    0x98, 0xc9, 0xb1, 0x82, 0x0, 0x49, 0x8e, 0x20,
    0x1b, 0x85, 0xc4, 0x3, 0x70, 0x98, 0x20, 0x4,
    0x98, 0xf, 0x26, 0x32, 0xc, 0x11, 0x5b, 0xc5,
    0x80,

    /* U+014D "ō" */
    0x0, 0x46, 0x64, 0x1, 0xa3, 0x32, 0x0, 0xd1,
    0xdf, 0x64, 0x0, 0x94, 0xff, 0x66, 0x4, 0x1b,
    0xc4, 0x1c, 0xdc, 0x80, 0x80, 0x27, 0xe2, 0x2,
    0x0, 0x9f, 0x81, 0xbc, 0x41, 0xcd, 0xc2, 0x53,
    0xfd, 0x98, 0x10,

    /* U+014E "Ŏ" */
    0x0, 0xff, 0x59, 0x5, 0x88, 0x5, 0x32, 0xbd,
    0x10, 0x8, 0xae, 0xcc, 0x1, 0xa3, 0xbe, 0xc8,
    0x1, 0xb, 0xbc, 0x58, 0x0, 0x79, 0x31, 0x93,
    0x63, 0x4, 0x0, 0x93, 0x1c, 0x40, 0x37, 0xb,
    0x88, 0x6, 0xe1, 0x30, 0x40, 0x9, 0x30, 0x1e,
    0x4c, 0x64, 0x18, 0x22, 0xb7, 0x8b, 0x0,

    /* U+014F "ŏ" */
    0x0, 0x18, 0x0, 0x84, 0x2, 0x82, 0x9, 0x30,
    0xa, 0x65, 0x9a, 0x40, 0x11, 0x5e, 0x30, 0x6,
    0x8e, 0xfb, 0x20, 0x4, 0xa7, 0xfb, 0x30, 0x20,
    0xde, 0x20, 0xe6, 0xe4, 0x4, 0x1, 0x3f, 0x10,
    0x10, 0x4, 0xfc, 0xd, 0xe2, 0xe, 0x6e, 0x12,
    0x9f, 0xec, 0xc0, 0x80,

    /* U+0150 "Ő" */
    0x0, 0x95, 0x45, 0x20, 0x10, 0xca, 0x4d, 0x0,
    0x6e, 0x1f, 0x30, 0xa, 0x73, 0xfc, 0x40, 0x8,
    0x5d, 0xe2, 0xc0, 0x3, 0xc9, 0x8c, 0x9b, 0x18,
    0x20, 0x4, 0x98, 0xe2, 0x1, 0xb8, 0x5c, 0x40,
    0x37, 0x9, 0x82, 0x0, 0x49, 0x80, 0xf2, 0x63,
    0x20, 0xc1, 0x15, 0xbc, 0x58, 0x0,

    /* U+0151 "ő" */
    0x0, 0x89, 0x45, 0xc0, 0x34, 0xc, 0x88, 0x4,
    0x20, 0x86, 0xc0, 0x10, 0xd0, 0x58, 0x6, 0x8e,
    0xfb, 0x20, 0x4, 0xa7, 0xfb, 0x30, 0x20, 0xde,
    0x20, 0xe6, 0xe4, 0x4, 0x1, 0x3f, 0x10, 0x10,
    0x4, 0xfc, 0xd, 0xe2, 0xe, 0x6e, 0x12, 0x9f,
    0xec, 0xc0, 0x80,

    /* U+0152 "Œ" */
    0x1, 0x9e, 0xff, 0xc4, 0x14, 0x7e, 0xb3, 0xfe,
    0x23, 0x4a, 0x10, 0xe, 0x53, 0x0, 0xf8, 0x5c,
    0x2, 0x9f, 0x70, 0x17, 0x0, 0xa7, 0xdc, 0x14,
    0xc4, 0x3, 0xc6, 0x94, 0x20, 0x1e, 0xa2, 0xf5,
    0x9f, 0xf2, 0x0,

    /* U+0153 "œ" */
    0xa, 0xfa, 0x1b, 0xf7, 0x7, 0x1f, 0x3d, 0xd7,
    0x48, 0xe7, 0x5, 0x9b, 0xa, 0x2b, 0x8, 0x10,
    0x77, 0x10, 0x58, 0x40, 0x83, 0xba, 0x5c, 0xe0,
    0xa2, 0x70, 0x20, 0x71, 0xf2, 0xcc, 0x7c, 0x80,

    /* U+0154 "Ŕ" */
    0x0, 0x92, 0x40, 0x32, 0x4d, 0x0, 0x66, 0xd3,
    0x0, 0x4f, 0xef, 0x6b, 0x80, 0x1b, 0xfb, 0x92,
    0x80, 0x18, 0xc8, 0x80, 0x19, 0xd, 0x41, 0xbf,
    0xd3, 0x46, 0xd, 0xee, 0x2a, 0x1, 0xa0, 0x94,
    0x3, 0xa2, 0x0, 0x1c, 0xc0, 0xe0,

    /* U+0155 "ŕ" */
    0x0, 0xfe, 0x97, 0x0, 0x99, 0x18, 0x2, 0xfc,
    0x10, 0xa, 0x44, 0x1, 0xe3, 0x1b, 0xca, 0x1b,
    0xdb, 0xca, 0x16, 0xc0, 0x19, 0x0, 0x3f, 0xf9,
    0x40,

    /* U+0156 "Ŗ" */
    0x9f, 0xf7, 0x6b, 0x80, 0x1b, 0xfb, 0x92, 0x80,
    0x18, 0xc8, 0x80, 0x19, 0xd, 0x41, 0xbf, 0xd3,
    0x46, 0xd, 0xee, 0x2a, 0x1, 0xa0, 0x94, 0x3,
    0xa2, 0x0, 0x1c, 0xc0, 0xf3, 0x20, 0x10, 0xd7,
    0x0, 0xd, 0xb0, 0x6, 0x71, 0x50, 0x0,

    /* U+0157 "ŗ" */
    0xf, 0x18, 0xde, 0x50, 0x6, 0xf6, 0xf2, 0x80,
    0x2d, 0x80, 0x39, 0x0, 0x3f, 0xf9, 0xda, 0x60,
    0x1c, 0xb6, 0x1, 0x93, 0x74, 0x1, 0x80,

    /* U+0158 "Ř" */
    0x7, 0x40, 0xa1, 0x0, 0x3c, 0x6f, 0x88, 0x5,
    0x9a, 0xa0, 0x9, 0xff, 0x76, 0xb8, 0x1, 0xbf,
    0xb9, 0x28, 0x1, 0x8c, 0x88, 0x1, 0x90, 0xd4,
    0x1b, 0xfd, 0x34, 0x60, 0xde, 0xe2, 0xa0, 0x1a,
    0x9, 0x40, 0x3a, 0x20, 0x1, 0xcc, 0xe,

    /* U+0159 "ř" */
    0x2, 0x0, 0x10, 0xf, 0x1b, 0x40, 0xf, 0x6d,
    0x50, 0x0, 0x5d, 0x80, 0xf, 0x18, 0xde, 0x50,
    0xde, 0xde, 0x50, 0xb6, 0x0, 0xc8, 0x1, 0xff,
    0xca,

    /* U+015A "Ś" */
    0x0, 0xc3, 0x0, 0x1c, 0x39, 0xe0, 0x1c, 0x7c,
    0xe0, 0x1a, 0x33, 0x1a, 0xa0, 0x6, 0x5c, 0xf9,
    0xf0, 0x7, 0xb9, 0x2, 0x50, 0x2, 0x92, 0x48,
    0x3, 0x1f, 0x8e, 0x59, 0x80, 0x43, 0x1d, 0x98,
    0x30, 0xe, 0x74, 0x40, 0x64, 0x10, 0x22, 0xc,
    0x34, 0xb3, 0xe6, 0x90,

    /* U+015B "ś" */
    0x0, 0x86, 0x80, 0x3b, 0x34, 0x3, 0x35, 0x38,
    0x6, 0x67, 0x0, 0xd3, 0xdc, 0xc5, 0x7, 0x2e,
    0xe8, 0x0, 0x4a, 0xa1, 0x25, 0x5, 0xaf, 0xf6,
    0x28, 0x1, 0x2b, 0xa2, 0x8e, 0x14, 0x0, 0xc2,
    0x17, 0xfd, 0xcf, 0x83,

    /* U+015C "Ŝ" */
    0x0, 0xa3, 0xd8, 0x3, 0x21, 0xf5, 0x10, 0x4,
    0xd6, 0x3a, 0x60, 0x15, 0x77, 0xe2, 0x0, 0x19,
    0x73, 0xe7, 0xc0, 0x1e, 0xe4, 0x9, 0x40, 0xa,
    0x49, 0x20, 0xc, 0x7e, 0x39, 0x66, 0x1, 0xc,
    0x76, 0x60, 0xc0, 0x39, 0xd1, 0x1, 0x90, 0x40,
    0x88, 0x30, 0xd2, 0xcf, 0x9a, 0x40,

    /* U+015D "ŝ" */
    0x0, 0x23, 0x80, 0x62, 0x9d, 0x90, 0xa, 0xfe,
    0x80, 0x80, 0x12, 0x41, 0x24, 0x0, 0x9e, 0xe6,
    0x28, 0x39, 0x77, 0x40, 0x2, 0x55, 0x9, 0x28,
    0x2d, 0x7f, 0xb1, 0x40, 0x9, 0x5d, 0x14, 0x70,
    0xa0, 0x6, 0x10, 0xbf, 0xee, 0x7c, 0x18,

    /* U+015E "Ş" */
    0x0, 0x47, 0x7e, 0xa8, 0x1, 0x97, 0x3e, 0x7c,
    0x1, 0xee, 0x40, 0x94, 0x0, 0xa4, 0x92, 0x0,
    0xc7, 0xe3, 0x96, 0x60, 0x10, 0xc7, 0x66, 0xc,
    0x3, 0x9d, 0x10, 0x19, 0x4, 0x8, 0x83, 0xd,
    0x2c, 0xf9, 0xa4, 0x1, 0xac, 0x4d, 0x50, 0xc,
    0x44, 0x70, 0xe, 0x72, 0x40, 0x0,

    /* U+015F "ş" */
    0x9, 0xee, 0x62, 0x83, 0x97, 0x74, 0x0, 0x25,
    0x50, 0x92, 0x82, 0xd7, 0xfb, 0x14, 0x0, 0x95,
    0xd1, 0x47, 0xa, 0x0, 0x61, 0xb, 0xfe, 0xff,
    0x41, 0x9a, 0xb5, 0x75, 0x80, 0x23, 0x6, 0x0,
    0xce, 0x28, 0x0,

    /* U+0160 "Š" */
    0x0, 0x2b, 0x4, 0x18, 0x4, 0xb9, 0xbe, 0x60,
    0x1a, 0xb5, 0xc0, 0x34, 0x77, 0xea, 0x80, 0x19,
    0x73, 0xe7, 0xc0, 0x1e, 0xe4, 0x9, 0x40, 0xa,
    0x49, 0x20, 0xc, 0x7e, 0x39, 0x66, 0x1, 0xc,
    0x76, 0x60, 0xc0, 0x39, 0xd1, 0x1, 0x90, 0x40,
    0x88, 0x30, 0xd2, 0xcf, 0x9a, 0x40,

    /* U+0161 "š" */
    0x8, 0x10, 0x72, 0x0, 0x56, 0x4f, 0x10, 0x0,
    0xa7, 0xa4, 0x3, 0x23, 0x80, 0x69, 0xee, 0x62,
    0x83, 0x97, 0x74, 0x0, 0x25, 0x50, 0x92, 0x82,
    0xd7, 0xfb, 0x14, 0x0, 0x95, 0xd1, 0x47, 0xa,
    0x0, 0x61, 0xb, 0xfe, 0xe7, 0xc1, 0x80,

    /* U+0162 "Ţ" */
    0x6f, 0xff, 0x63, 0x7f, 0xa4, 0xff, 0xd8, 0x1,
    0xff, 0xe8, 0x10, 0xf, 0xac, 0x3, 0xc9, 0x44,
    0x1, 0xd6, 0xc6, 0x0,

    /* U+0163 "ţ" */
    0x0, 0xbc, 0x3, 0xff, 0x83, 0xdc, 0xe, 0xe9,
    0x43, 0xbc, 0x3b, 0xa5, 0x0, 0xff, 0xe3, 0x8,
    0x8, 0x7, 0x89, 0x80, 0x2, 0x1, 0x4d, 0x7f,
    0x38, 0x4, 0x9c, 0xbc, 0xc0, 0x18, 0xcc, 0xc0,
    0x1c, 0xe4, 0xa0,

    /* U+0164 "Ť" */
    0x0, 0x42, 0x5, 0x8, 0x5, 0x10, 0xde, 0x10,
    0xd, 0x9a, 0x80, 0x6, 0xff, 0xf6, 0x37, 0xfa,
    0x4f, 0xfd, 0x80, 0x1f, 0xfe, 0xc0,

    /* U+0165 "ť" */
    0x0, 0xe5, 0x70, 0xf, 0x17, 0x0, 0x78, 0x44,
    0x1, 0xbc, 0x1, 0xc0, 0x1e, 0x66, 0x0, 0x3b,
    0x81, 0xdd, 0x28, 0x77, 0x87, 0x74, 0xa0, 0x1f,
    0xfc, 0x61, 0x1, 0x0, 0xf1, 0x30, 0x0, 0x40,
    0x29, 0xaf, 0xe7,

    /* U+0166 "Ŧ" */
    0x6f, 0xff, 0x63, 0x7f, 0xa4, 0xff, 0xd8, 0x1,
    0xff, 0xc5, 0x5d, 0x83, 0xda, 0x0, 0x2e, 0xc1,
    0xed, 0x0, 0x7f, 0xf3, 0x40,

    /* U+0167 "ŧ" */
    0x0, 0xbc, 0x3, 0xff, 0x83, 0xdc, 0xe, 0xe9,
    0x43, 0xbc, 0x3b, 0xa5, 0x0, 0xfe, 0xdc, 0xd,
    0xd8, 0x43, 0x70, 0x37, 0x61, 0x0, 0x8, 0x98,
    0x0, 0x20, 0x15, 0x5f, 0xf3, 0x80,

    /* U+0168 "Ũ" */
    0xa, 0xd4, 0x37, 0x2, 0x26, 0x77, 0x10, 0xa,
    0x6, 0xb4, 0xc3, 0x90, 0x2, 0xd4, 0x0, 0xff,
    0xeb, 0x91, 0x0, 0x22, 0x7b, 0xb1, 0x8c, 0x91,
    0xba, 0xef, 0x2f, 0x80,

    /* U+0169 "ũ" */
    0xc, 0xd5, 0x53, 0x1, 0xde, 0x7c, 0xb8, 0x1b,
    0x8d, 0x60, 0x87, 0x18, 0x0, 0x7c, 0x40, 0x3f,
    0xf9, 0x4e, 0x1, 0xcb, 0xc0, 0x54, 0x0, 0x96,
    0xfe, 0x91, 0x0,

    /* U+016A "Ū" */
    0x8, 0xcc, 0x80, 0x28, 0xcc, 0x80, 0x1c, 0x80,
    0x16, 0xa0, 0x7, 0xff, 0x5c, 0x88, 0x1, 0x13,
    0xdd, 0x8c, 0x64, 0x8d, 0xd7, 0x79, 0x7c, 0x0,

    /* U+016B "ū" */
    0x9, 0xcc, 0x80, 0x29, 0xcc, 0x80, 0x1c, 0x60,
    0x1, 0xf1, 0x0, 0xff, 0xe5, 0x38, 0x7, 0x2f,
    0x1, 0x50, 0x2, 0x5b, 0xfa, 0x44, 0x0,

    /* U+016C "Ŭ" */
    0x0, 0xfd, 0x64, 0x16, 0x20, 0x9, 0x95, 0xe8,
    0x80, 0xa, 0xec, 0xc0, 0xe, 0x40, 0xb, 0x50,
    0x3, 0xff, 0xae, 0x44, 0x0, 0x89, 0xee, 0xc6,
    0x32, 0x46, 0xeb, 0xbc, 0xbe, 0x0,

    /* U+016D "ŭ" */
    0x3, 0x0, 0x10, 0x80, 0x3c, 0x83, 0x80, 0x2f,
    0xec, 0x91, 0x0, 0x1e, 0x61, 0x40, 0x1c, 0x60,
    0x1, 0xf1, 0x0, 0xff, 0xe5, 0x38, 0x7, 0x2f,
    0x1, 0x50, 0x2, 0x5b, 0xfa, 0x44, 0x0,

    /* U+016E "Ů" */
    0x0, 0x34, 0x8, 0x4, 0x3d, 0x4c, 0x1, 0x8,
    0x98, 0x40, 0x36, 0x93, 0x0, 0x39, 0x10, 0xc1,
    0xa8, 0x1, 0xff, 0xd7, 0x22, 0x0, 0x44, 0xf7,
    0x63, 0x19, 0x23, 0x75, 0xde, 0x5f, 0x0,

    /* U+016F "ů" */
    0x0, 0x44, 0x90, 0x4, 0xbf, 0x56, 0x1, 0x2f,
    0x55, 0x80, 0x69, 0x91, 0x0, 0x38, 0xc0, 0x3,
    0xe2, 0x1, 0xff, 0xca, 0x70, 0xe, 0x5e, 0x2,
    0xa0, 0x4, 0xb7, 0xf4, 0x88, 0x0,

    /* U+0170 "Ű" */
    0x0, 0xfe, 0x76, 0x3a, 0x0, 0x16, 0x37, 0xd8,
    0x0, 0xa8, 0x38, 0x43, 0x90, 0x40, 0xb5, 0x0,
    0x3f, 0xfa, 0xe4, 0x40, 0x8, 0x9e, 0xec, 0x63,
    0x24, 0x6e, 0xbb, 0xcb, 0xe0,

    /* U+0171 "ű" */
    0x0, 0x23, 0x13, 0x80, 0x50, 0x90, 0x80, 0x1,
    0xb2, 0x21, 0x80, 0x5, 0xc2, 0x0, 0x1c, 0x60,
    0x1, 0xf1, 0x0, 0xff, 0xe5, 0x38, 0x7, 0x2f,
    0x1, 0x50, 0x2, 0x5b, 0xfa, 0x44, 0x0,

    /* U+0172 "Ų" */
    0xe4, 0x0, 0xb5, 0x0, 0x3f, 0xfa, 0xe4, 0x40,
    0x8, 0x9e, 0xec, 0x41, 0x2, 0x6e, 0x99, 0xeb,
    0x80, 0x9, 0x94, 0x69, 0x0, 0x52, 0xe0, 0x1c,
    0x9a, 0xc0, 0x0,

    /* U+0173 "ų" */
    0xe3, 0x0, 0xf, 0x88, 0x7, 0xff, 0x29, 0xc0,
    0x39, 0x78, 0xa, 0x80, 0x12, 0xdf, 0xd2, 0x22,
    0x2c, 0xfc, 0xbd, 0x0, 0xc4, 0x43, 0x0, 0xc4,
    0xf8, 0x80,

    /* U+0174 "Ŵ" */
    0x0, 0xb3, 0x8c, 0x3, 0xa2, 0xb3, 0xc4, 0x3,
    0x4b, 0x16, 0x88, 0x3, 0x20, 0x40, 0x2, 0x1e,
    0x6c, 0x40, 0x18, 0x80, 0xf5, 0x81, 0xb8, 0x18,
    0x40, 0x84, 0x34, 0x8, 0x8a, 0xe, 0x40, 0xae,
    0x9c, 0x40, 0x40, 0x85, 0x98, 0x2e, 0x0, 0x17,
    0x23, 0xa0, 0x98, 0x1, 0x93, 0x48, 0x15, 0x80,
    0x6, 0x28, 0x8, 0x24, 0x0,

    /* U+0175 "ŵ" */
    0x0, 0x91, 0xc0, 0x3c, 0x73, 0xd2, 0x1, 0xd7,
    0x92, 0x24, 0x1, 0xa0, 0x42, 0x8, 0x1, 0x8a,
    0x6, 0xe0, 0xe, 0x25, 0xc0, 0xa8, 0x1, 0x11,
    0x62, 0x82, 0xa9, 0x14, 0xc1, 0xcc, 0x45, 0xa6,
    0x64, 0x2, 0x17, 0x72, 0x66, 0xe8, 0x0, 0xb5,
    0x86, 0xae, 0xe0, 0x1, 0x99, 0x40, 0x8c, 0x80,

    /* U+0176 "Ŷ" */
    0x0, 0xb3, 0x8c, 0x3, 0x4d, 0x67, 0x88, 0x5,
    0xc, 0x5a, 0x20, 0x7e, 0x1, 0xc, 0xc8, 0xd6,
    0x40, 0x2, 0xd0, 0x10, 0xe2, 0x10, 0xe2, 0x4,
    0xd0, 0x2f, 0x20, 0x14, 0x3d, 0x48, 0x80, 0x42,
    0xca, 0xe0, 0x1d, 0xc4, 0x1, 0xff, 0xc7,

    /* U+0177 "ŷ" */
    0x0, 0x91, 0xc0, 0x38, 0xa7, 0xa8, 0x3, 0x56,
    0x4e, 0x98, 0x5, 0x2, 0xe, 0x60, 0x3e, 0x20,
    0x14, 0xc0, 0xab, 0x0, 0x4f, 0x41, 0x32, 0x0,
    0x2a, 0x88, 0xd, 0x54, 0x1d, 0xc0, 0xb, 0xe4,
    0x55, 0x40, 0x12, 0xd, 0xb0, 0x7, 0x5a, 0xd0,
    0x7, 0x1a, 0x10, 0x6, 0x2b, 0x80, 0xd, 0xd9,
    0x66, 0x1, 0x0,

    /* U+0178 "Ÿ" */
    0x0, 0xff, 0x54, 0xf, 0x88, 0x5, 0x72, 0x38,
    0x20, 0x7e, 0x2, 0x7, 0x32, 0x35, 0x90, 0x0,
    0xb4, 0x4, 0x38, 0x84, 0x38, 0x81, 0x34, 0xb,
    0xc8, 0x5, 0xf, 0x52, 0x20, 0x10, 0xb2, 0xb8,
    0x7, 0x71, 0x0, 0x7f, 0xf1, 0xc0,

    /* U+0179 "Ź" */
    0x0, 0xc5, 0x60, 0x1c, 0x5f, 0xc0, 0x1c, 0x7e,
    0xa0, 0x15, 0x7f, 0x6f, 0xf9, 0x82, 0xbf, 0xea,
    0x26, 0x0, 0xc3, 0x7c, 0x1, 0xd4, 0xc6, 0x1,
    0x99, 0xe0, 0x3, 0x14, 0x70, 0x7, 0x74, 0x10,
    0x6, 0x87, 0x60, 0xc, 0x2e, 0x9f, 0xfa, 0x0,

    /* U+017A "ź" */
    0x0, 0xff, 0xe, 0x10, 0x6, 0xa5, 0x20, 0x8,
    0x8e, 0x40, 0x31, 0x40, 0x4, 0xff, 0xfc, 0x6f,
    0xff, 0x1b, 0x98, 0x5, 0x4d, 0x0, 0x14, 0x35,
    0x0, 0x4c, 0xba, 0x1, 0x24, 0x78, 0x80, 0x54,
    0x3b, 0xff, 0x30,

    /* U+017B "Ż" */
    0x0, 0x85, 0xc0, 0x3c, 0x52, 0x40, 0x1c, 0x7c,
    0x40, 0x15, 0x7f, 0xf3, 0x5, 0x7f, 0xd4, 0x4c,
    0x1, 0x86, 0xf8, 0x3, 0xa9, 0x8c, 0x3, 0x33,
    0xc0, 0x6, 0x28, 0xe0, 0xe, 0xe8, 0x20, 0xd,
    0xe, 0xc0, 0x18, 0x5d, 0x3f, 0xf4, 0x0,

    /* U+017C "ż" */
    0x0, 0x27, 0x20, 0x6, 0x65, 0x60, 0xc, 0x56,
    0x40, 0x7, 0xff, 0xe3, 0x7f, 0xf8, 0xdc, 0xc0,
    0x2a, 0x68, 0x0, 0xa1, 0xa8, 0x2, 0x65, 0xd0,
    0x9, 0x23, 0xc4, 0x2, 0xa1, 0xdf, 0xf9, 0x80,

    /* U+017D "Ž" */
    0x0, 0x2b, 0x84, 0x18, 0x4, 0xbd, 0xa0, 0x60,
    0x1a, 0x76, 0x0, 0x2a, 0xff, 0xe6, 0xa, 0xff,
    0xa8, 0x98, 0x3, 0xd, 0xf0, 0x7, 0x53, 0x18,
    0x6, 0x67, 0x80, 0xc, 0x51, 0xc0, 0x1d, 0xd0,
    0x40, 0x1a, 0x1d, 0x80, 0x30, 0xba, 0x7f, 0xe8,

    /* U+017E "ž" */
    0x2, 0x0, 0x88, 0x0, 0xd6, 0x36, 0xc0, 0x4,
    0xce, 0xc4, 0x0, 0x9f, 0xdc, 0x0, 0xff, 0xfc,
    0x6f, 0xff, 0x1b, 0x98, 0x5, 0x4d, 0x0, 0x14,
    0x35, 0x0, 0x4c, 0xba, 0x1, 0x24, 0x78, 0x80,
    0x54, 0x3b, 0xff, 0x30,

    /* U+017F "ſ" */
    0x0, 0xa7, 0xbf, 0x0, 0x26, 0x4f, 0xf6, 0x80,
    0x5e, 0xa2, 0x2, 0x11, 0xcc, 0x1, 0xd1, 0xcc,
    0x1, 0xff, 0xe1,

    /* U+0400 "Ѐ" */
    0x0, 0x51, 0x0, 0x77, 0x79, 0x80, 0x64, 0xc2,
    0x0, 0x37, 0xfb, 0xb9, 0xe8, 0x7, 0xff, 0x90,
    0x3, 0xff, 0x86, 0x7f, 0xf4, 0x80, 0xf, 0xfe,
    0x90, 0xf, 0xfe, 0x21, 0xff, 0xe6,

    /* U+0401 "Ё" */
    0x0, 0xfc, 0x7e, 0x17, 0x0, 0x3, 0xd0, 0x99,
    0x3, 0x7e, 0xfe, 0xf2, 0x1, 0xff, 0xe4, 0x0,
    0xff, 0xe1, 0x9f, 0xfd, 0x20, 0x3, 0xff, 0xa4,
    0x3, 0xff, 0x88, 0x7f, 0xf9, 0x80,

    /* U+0402 "Ђ" */
    0xef, 0xfe, 0x80, 0x7, 0x7b, 0x33, 0xfd, 0x0,
    0x1f, 0xfc, 0x26, 0xff, 0x50, 0x80, 0x65, 0xfe,
    0xa, 0x0, 0xc6, 0x3, 0x8, 0x1, 0xf1, 0x80,
    0x7e, 0x92, 0x0, 0xf7, 0xaf, 0x0,

    /* U+0403 "Ѓ" */
    0x0, 0x92, 0x40, 0x32, 0xcd, 0x80, 0x67, 0xd2,
    0x0, 0xf, 0xef, 0xfc, 0xe0, 0xf, 0xfc, 0xe0,
    0x1f, 0xfe, 0x50,

    /* U+0404 "Є" */
    0x0, 0x1d, 0xff, 0xa8, 0x40, 0xfb, 0xb6, 0x18,
    0x44, 0xa8, 0x89, 0x88, 0x12, 0xff, 0xe0, 0xd,
    0xbf, 0xf0, 0x6, 0x70, 0xf, 0x27, 0x0, 0x7a,
    0x12, 0x8, 0x6a, 0x0, 0xf0, 0xf7, 0xce, 0x0,

    /* U+0405 "Ѕ" */
    0x0, 0x47, 0x7e, 0xa8, 0x1, 0x97, 0x3e, 0x7c,
    0x1, 0xee, 0x40, 0x94, 0x0, 0xa4, 0x92, 0x0,
    0xc7, 0xe3, 0x96, 0x60, 0x10, 0xc7, 0x66, 0xc,
    0x3, 0x9d, 0x10, 0x19, 0x4, 0x8, 0x83, 0xd,
    0x2c, 0xf9, 0xa4,

    /* U+0406 "І" */
    0xaf, 0xfe, 0xa, 0xf9, 0x3f, 0xf0, 0x7, 0xff,
    0x7e, 0xbe, 0x4f, 0xfc, 0x20,

    /* U+0407 "Ї" */
    0x0, 0xfd, 0x50, 0x3e, 0x20, 0xb, 0x91, 0xc1,
    0xa, 0xee, 0x7e, 0x78, 0x57, 0xc9, 0xff, 0x80,
    0x3f, 0xfb, 0xf5, 0xf2, 0x7f, 0xe1,

    /* U+0408 "Ј" */
    0x1f, 0xfd, 0xc3, 0xff, 0x58, 0x7, 0xff, 0x44,
    0x4e, 0xa0, 0x4a, 0x52, 0xcb, 0xb1, 0xa4,

    /* U+0409 "Љ" */
    0x0, 0x2f, 0xfc, 0x1, 0xe3, 0x6e, 0x0, 0xf8,
    0x44, 0x1, 0xfb, 0xfc, 0x0, 0xeb, 0x20, 0x8,
    0x88, 0x0, 0xec, 0x90, 0x9, 0x84, 0x2, 0x74,
    0x0, 0x89, 0x80, 0x21, 0x0, 0x90, 0x8, 0x0,
    0x56, 0x80, 0xa, 0x90, 0xb, 0x46, 0x80,

    /* U+040A "Њ" */
    0x79, 0x4, 0xc0, 0xf, 0xfe, 0xa3, 0x75, 0x1e,
    0xd9, 0x0, 0x17, 0xec, 0xbc, 0xf8, 0x0, 0x62,
    0x31, 0x41, 0x80, 0x7c, 0xc6, 0x1, 0xc7, 0xf5,
    0xc0,

    /* U+040B "Ћ" */
    0xef, 0xfe, 0x80, 0xef, 0x66, 0x7f, 0xa0, 0x3,
    0xff, 0x80, 0xdf, 0xd4, 0x20, 0x12, 0xff, 0x82,
    0xc0, 0x23, 0x1, 0xe4, 0x0, 0xf3, 0x88, 0x7,
    0xff, 0x10,

    /* U+040C "Ќ" */
    0x0, 0x8a, 0xc0, 0x38, 0xbf, 0xc0, 0x1c, 0x7e,
    0x80, 0x14, 0xc8, 0x48, 0x2f, 0x0, 0x3a, 0x4b,
    0x0, 0x31, 0x3c, 0x80, 0x74, 0x48, 0x6, 0x6f,
    0x54, 0x0, 0xcd, 0xed, 0xe0, 0x1e, 0x91, 0x70,
    0xf, 0x74, 0x10, 0x7, 0x1b, 0xf0, 0x0,

    /* U+040D "Ѝ" */
    0x3, 0xa0, 0xe, 0x32, 0xb0, 0xe, 0x88, 0x0,
    0x5c, 0x60, 0x69, 0xea, 0x1, 0xa0, 0x40, 0x32,
    0x8a, 0x80, 0x68, 0x83, 0x80, 0x4c, 0x2a, 0x1,
    0xa2, 0x0, 0x20, 0xb, 0x54, 0x0, 0xcd, 0x0,
    0x1c, 0x86, 0x1, 0x80,

    /* U+040E "Ў" */
    0x0, 0x5a, 0x86, 0x18, 0x5, 0x3f, 0x56, 0x60,
    0x11, 0x55, 0x1c, 0x0, 0x5e, 0x40, 0x14, 0xc8,
    0x96, 0x80, 0x26, 0xb0, 0x87, 0x0, 0x32, 0x10,
    0x12, 0x30, 0x57, 0x0, 0x51, 0x66, 0x4a, 0x1,
    0x18, 0xfb, 0x0, 0x74, 0x9c, 0x80, 0x62, 0xf5,
    0x10, 0x9, 0x34, 0x6c, 0x2,

    /* U+040F "Џ" */
    0xf3, 0x0, 0xb5, 0x40, 0x3f, 0xfc, 0xd9, 0xff,
    0x10, 0x7f, 0xac, 0xff, 0xca, 0x1, 0x38, 0x7,
    0xf8,

    /* U+0410 "А" */
    0x0, 0xab, 0xc0, 0x3c, 0x8c, 0xa0, 0x19, 0x53,
    0x78, 0x3, 0x7f, 0x91, 0x44, 0x2, 0x45, 0x7,
    0x70, 0x1, 0x47, 0xfc, 0xda, 0x0, 0xea, 0xff,
    0x90, 0x41, 0x10, 0x1, 0x23, 0xb1, 0x88, 0x5,
    0xb4,

    /* U+0411 "Б" */
    0x9f, 0xfe, 0x0, 0x3f, 0xfe, 0x0, 0xff, 0xe2,
    0x3f, 0xfb, 0x60, 0x0, 0xff, 0xee, 0x57, 0x0,
    0xc6, 0xbc, 0x1, 0x8d, 0x7c, 0x1f, 0xfd, 0xd4,
    0xc0,

    /* U+0412 "В" */
    0x9f, 0xf7, 0x62, 0x0, 0x1f, 0xfa, 0xec, 0x1,
    0xcc, 0x2, 0x1, 0xa4, 0xc4, 0x1f, 0xfc, 0xd0,
    0x0, 0x7f, 0xf6, 0xca, 0x80, 0x63, 0x5c, 0x0,
    0xc6, 0xde, 0xf, 0xfe, 0xe8, 0x60,

    /* U+0413 "Г" */
    0x1f, 0xfe, 0x70, 0x7, 0xfe, 0x70, 0xf, 0xff,
    0x28,

    /* U+0414 "Д" */
    0x0, 0x37, 0xfe, 0x10, 0xb, 0x9f, 0xf8, 0x3,
    0x8f, 0x40, 0x3e, 0x57, 0x0, 0xf0, 0x88, 0x80,
    0x3c, 0x44, 0x0, 0xf9, 0x10, 0x1, 0xf5, 0x50,
    0x3, 0xd4, 0x59, 0xfe, 0xe0, 0xe1, 0x8, 0xff,
    0xdc, 0x0, 0x30, 0xf, 0x84, 0x3, 0xf8,

    /* U+0415 "Е" */
    0x6f, 0xfe, 0x40, 0x3f, 0xfc, 0x80, 0x1f, 0xfc,
    0x33, 0xff, 0xa4, 0x0, 0x7f, 0xf4, 0x80, 0x7f,
    0xf1, 0xf, 0xff, 0x30,

    /* U+0416 "Ж" */
    0xe9, 0x5, 0xb0, 0x4e, 0x4c, 0x73, 0x0, 0xa2,
    0x50, 0x99, 0x0, 0x2, 0x4e, 0x0, 0xcb, 0x0,
    0x3a, 0x0, 0x4c, 0x74, 0x92, 0x40, 0x12, 0xaa,
    0x93, 0x14, 0x2, 0x99, 0x0, 0xc, 0x10, 0x14,
    0xcc, 0x1, 0x57, 0x84, 0xd0, 0x6, 0x64, 0x20,

    /* U+0417 "З" */
    0x1, 0xae, 0xfc, 0x40, 0x2, 0xff, 0xd5, 0x60,
    0x4, 0x51, 0x0, 0x10, 0x4, 0x3d, 0xf3, 0x20,
    0x8, 0x7b, 0xea, 0x84, 0x1, 0xca, 0x8a, 0x2,
    0x1, 0x84, 0x1, 0xf0, 0x22, 0x74, 0x50, 0xc3,
    0xfe, 0xbc, 0x20,

    /* U+0418 "И" */
    0xe3, 0x0, 0x27, 0xa8, 0x6, 0x81, 0x0, 0xca,
    0x2a, 0x1, 0xa2, 0xe, 0x1, 0x30, 0xa8, 0x6,
    0x88, 0x0, 0x80, 0x2d, 0x50, 0x3, 0x34, 0x0,
    0x72, 0x18, 0x6,

    /* U+0419 "Й" */
    0xb, 0x50, 0xc3, 0x0, 0x4f, 0xd5, 0x98, 0x0,
    0xaa, 0x8e, 0x0, 0xe3, 0x0, 0x27, 0xa8, 0x6,
    0x81, 0x0, 0xca, 0x2a, 0x1, 0xa2, 0xe, 0x1,
    0x30, 0xa8, 0x6, 0x88, 0x0, 0x80, 0x2d, 0x50,
    0x3, 0x34, 0x0, 0x72, 0x18, 0x6,

    /* U+041A "К" */
    0x0, 0xfd, 0x32, 0x0, 0xaf, 0x0, 0x3a, 0x4b,
    0x0, 0x31, 0x3c, 0x80, 0x74, 0x48, 0x6, 0x6f,
    0x54, 0x0, 0xcd, 0xed, 0xe0, 0x1e, 0x91, 0x70,
    0xf, 0x74, 0x10, 0x7, 0x1b, 0xf0, 0x0,

    /* U+041B "Л" */
    0x0, 0x1f, 0xfe, 0x40, 0x2, 0xa7, 0xf8, 0x40,
    0x2e, 0x30, 0xf, 0x26, 0x80, 0x78, 0xdc, 0x3,
    0x88, 0x8, 0x3, 0x9c, 0xc0, 0x38, 0xa6, 0xc0,
    0x3b, 0xc1, 0xc0, 0x38,

    /* U+041C "М" */
    0xf9, 0x0, 0x1f, 0xb0, 0x38, 0x2, 0xc4, 0x0,
    0xa8, 0xa, 0xa0, 0x6, 0xe8, 0xd8, 0x2, 0x44,
    0x5f, 0x0, 0x46, 0xec, 0xa0, 0x1a, 0x60, 0x3,
    0x8d, 0x80, 0x3f, 0xc0,

    /* U+041D "Н" */
    0xe4, 0x0, 0xb9, 0x0, 0x3f, 0xf9, 0x55, 0xdd,
    0x8, 0x2, 0xff, 0xe1, 0x0, 0x8, 0xe0, 0xf,
    0xfe, 0x20,

    /* U+041E "О" */
    0x0, 0x47, 0x7d, 0x90, 0x2, 0x17, 0x78, 0xb0,
    0x0, 0xf2, 0x63, 0x26, 0xc6, 0x8, 0x1, 0x26,
    0x38, 0x80, 0x6e, 0x17, 0x10, 0xd, 0xc2, 0x60,
    0x80, 0x12, 0x60, 0x3c, 0x98, 0xc8, 0x30, 0x45,
    0x6f, 0x16, 0x0,

    /* U+041F "П" */
    0xef, 0xfe, 0x40, 0xbf, 0xf8, 0x40, 0x3f, 0xfc,
    0xc0,

    /* U+0420 "Р" */
    0x9f, 0xf7, 0x6c, 0x0, 0x1b, 0xfb, 0xd9, 0x80,
    0x18, 0x93, 0xc0, 0x31, 0xa6, 0x3, 0x7f, 0xd0,
    0xa0, 0xdf, 0xec, 0x60, 0xf, 0xfe, 0x50,

    /* U+0421 "С" */
    0x0, 0x15, 0xf7, 0xc8, 0x0, 0xb7, 0x3f, 0x84,
    0xc2, 0x59, 0xc4, 0x50, 0x60, 0x94, 0x1, 0xc2,
    0x2, 0x1, 0xc2, 0x2, 0x1, 0xe4, 0xa0, 0xf,
    0x4b, 0x40, 0x94, 0x38, 0x16, 0x1f, 0x61, 0x30,

    /* U+0422 "Т" */
    0x6f, 0xff, 0x63, 0x7f, 0xa4, 0xff, 0xd8, 0x1,
    0xff, 0xec,

    /* U+0423 "У" */
    0x2f, 0x20, 0xa, 0x64, 0x4b, 0x40, 0x13, 0x58,
    0x43, 0x80, 0x19, 0x8, 0x9, 0x18, 0x2b, 0x80,
    0x28, 0xb3, 0x25, 0x0, 0x8c, 0x7d, 0x80, 0x3a,
    0x4e, 0x40, 0x31, 0x7a, 0x88, 0x4, 0x9a, 0x36,
    0x1, 0x0,

    /* U+0424 "Ф" */
    0x0, 0x96, 0xc0, 0x39, 0x32, 0xd3, 0x60, 0x0,
    0x57, 0xf6, 0x98, 0x70, 0x14, 0xc6, 0x0, 0x18,
    0x60, 0x11, 0x0, 0x62, 0x10, 0xe3, 0x0, 0xca,
    0x40, 0xca, 0xe6, 0xe9, 0x36, 0x3, 0xfd, 0x67,
    0xf0, 0xc0, 0x1, 0x98, 0x4b, 0x50, 0x0,

    /* U+0425 "Х" */
    0xc, 0x70, 0x0, 0xf9, 0x87, 0xc0, 0x84, 0x31,
    0x81, 0xb4, 0x13, 0xc0, 0x5, 0xf, 0xd0, 0x20,
    0x10, 0xa1, 0xb8, 0x6, 0x34, 0x59, 0x0, 0xdf,
    0x16, 0xe4, 0x0, 0x51, 0x61, 0x79, 0x0, 0x5c,
    0x80, 0x21, 0x54,

    /* U+0426 "Ц" */
    0xe4, 0x0, 0xb9, 0x0, 0x3f, 0xfd, 0xd7, 0xff,
    0xd, 0x9f, 0x7f, 0xf1, 0x0, 0x7e, 0x10, 0xf,
    0xc0,

    /* U+0427 "Ч" */
    0x1f, 0x10, 0xb, 0xcc, 0x3, 0xf0, 0x81, 0x80,
    0x78, 0xe0, 0x40, 0x3b, 0x83, 0xfd, 0xc0, 0x11,
    0x57, 0x7f, 0x0, 0x7f, 0xf3, 0x80,

    /* U+0428 "Ш" */
    0x7a, 0x5, 0xb0, 0x3d, 0x0, 0xff, 0xf6, 0xaf,
    0xd2, 0x7e, 0x0,

    /* U+0429 "Щ" */
    0x79, 0x9, 0x70, 0xa6, 0x0, 0xff, 0xfa, 0xb7,
    0xb4, 0x7a, 0xca, 0x3f, 0xff, 0x8c, 0x3, 0xf9,
    0xc0, 0x3f, 0x8,

    /* U+042A "Ъ" */
    0xbf, 0xf8, 0x3, 0xaf, 0xf0, 0x3, 0xff, 0xa1,
    0xfb, 0x42, 0x1, 0xdf, 0x87, 0xa0, 0x1e, 0x1b,
    0x30, 0xf, 0xac, 0xc0, 0x3b, 0xf8, 0xb8, 0x0,

    /* U+042B "Ы" */
    0x3d, 0x0, 0xcf, 0x40, 0x1f, 0xfc, 0xd2, 0xec,
    0x50, 0xc, 0x5d, 0xf6, 0x60, 0x1c, 0x68, 0xc0,
    0x1c, 0x68, 0xe0, 0x11, 0x7f, 0x59, 0x0, 0x0,

    /* U+042C "Ь" */
    0xa8, 0x0, 0xff, 0xe7, 0xbf, 0xf6, 0x38, 0x1,
    0xff, 0xbe, 0x98, 0x3, 0x1a, 0x78, 0x6, 0x37,
    0xc0, 0x7f, 0xf7, 0x4a, 0x80,

    /* U+042D "Э" */
    0x5, 0xdf, 0xe8, 0x0, 0x8f, 0xbf, 0xa, 0x80,
    0xc, 0x60, 0x54, 0xe4, 0x0, 0x8f, 0xf8, 0x90,
    0x1, 0x1f, 0xf1, 0x88, 0x7, 0x88, 0x80, 0x1c,
    0x82, 0xe5, 0xc8, 0x29, 0x4c, 0x44, 0xb9, 0xea,
    0x99, 0x0,

    /* U+042E "Ю" */
    0x6c, 0x2, 0xce, 0x90, 0xd, 0xd7, 0xca, 0xc0,
    0x11, 0xb0, 0x5e, 0x81, 0xf0, 0x8, 0x13, 0x1,
    0x68, 0x6, 0x30, 0x12, 0x0, 0xc6, 0x0, 0x11,
    0x10, 0x13, 0x0, 0x4f, 0x65, 0x5c, 0x1, 0x42,
    0xea, 0x28,

    /* U+042F "Я" */
    0x3, 0xbe, 0xff, 0x80, 0x1a, 0x7d, 0xfa, 0x1,
    0xd, 0x0, 0x78, 0xac, 0x40, 0x3b, 0xf, 0xbf,
    0x40, 0x21, 0xc2, 0xfd, 0x0, 0x86, 0x38, 0x3,
    0xad, 0xc, 0x3, 0x22, 0xd8, 0x7, 0x0,

    /* U+0430 "а" */
    0x18, 0xdf, 0xc3, 0x5, 0xec, 0xfb, 0xd0, 0x46,
    0x13, 0x21, 0x21, 0xac, 0xb3, 0x1, 0xad, 0xc8,
    0x60, 0x3, 0x80, 0x6, 0x0, 0x1f, 0x7f, 0xb8,
    0x60,

    /* U+0431 "б" */
    0x0, 0x85, 0x20, 0x0, 0x79, 0xd2, 0x20, 0x3b,
    0x5f, 0xb2, 0x12, 0xcc, 0x0, 0xc9, 0xf7, 0xda,
    0x80, 0x59, 0x5d, 0x76, 0x10, 0x91, 0x6, 0x24,
    0x31, 0x0, 0x84, 0xdd, 0x0, 0x22, 0x24, 0xc8,
    0xc2, 0xd, 0xe, 0x3b, 0xcf, 0xc0,

    /* U+0432 "в" */
    0x8f, 0xee, 0xa0, 0x0, 0xdd, 0xcf, 0x72, 0x0,
    0xc6, 0x26, 0xd, 0xdc, 0xd9, 0x10, 0x6e, 0xea,
    0x98, 0x3, 0x8, 0xc0, 0xdd, 0xd2, 0xb8,

    /* U+0433 "г" */
    0xff, 0xe4, 0xc, 0xff, 0x90, 0x3, 0xff, 0xa4,

    /* U+0434 "д" */
    0x0, 0x6f, 0xfd, 0x80, 0x11, 0x77, 0xd0, 0x7,
    0x8, 0x7, 0x11, 0x0, 0x3c, 0xec, 0x1, 0xef,
    0xd0, 0xe, 0x65, 0x9f, 0xf5, 0x1d, 0x82, 0x7f,
    0xea, 0x73, 0x0, 0xf3, 0xa7, 0x80, 0x67, 0xf0,

    /* U+0435 "е" */
    0x0, 0x36, 0xf6, 0x18, 0x1, 0xaf, 0xfb, 0xf4,
    0x42, 0x20, 0x40, 0x68, 0xe0, 0x37, 0xdd, 0x20,
    0x80, 0xd7, 0x76, 0x70, 0x99, 0x18, 0x1, 0x40,
    0xf, 0x7d, 0xfb, 0xa0,

    /* U+0436 "ж" */
    0xba, 0x5, 0xc0, 0x4e, 0x2a, 0x64, 0x0, 0xa6,
    0xc8, 0x67, 0x80, 0x8, 0x2a, 0x0, 0x65, 0xa3,
    0xb5, 0x0, 0xa6, 0x28, 0xf9, 0xc4, 0x9, 0x18,
    0x0, 0x2f, 0x21, 0xc, 0x20, 0x15, 0xb8, 0x80,

    /* U+0437 "з" */
    0x5, 0xce, 0xe5, 0x90, 0x0, 0xff, 0xb8, 0x72,
    0x0, 0x63, 0x0, 0x84, 0x2, 0x3e, 0xf6, 0x90,
    0x8, 0xfb, 0xeb, 0x4, 0x1c, 0x80, 0x2, 0x1,
    0xf, 0x75, 0x36, 0x20,

    /* U+0438 "и" */
    0x98, 0x0, 0x37, 0x80, 0x43, 0x60, 0x1a, 0xec,
    0x0, 0xf5, 0x17, 0x0, 0x7c, 0x51, 0x80, 0x1a,
    0xc4, 0x2, 0x26, 0x0, 0x80,

    /* U+0439 "й" */
    0xb, 0x40, 0x86, 0xa, 0xea, 0x16, 0x1, 0xaa,
    0x48, 0x4c, 0x0, 0x1b, 0xc0, 0x21, 0xb0, 0xd,
    0x76, 0x0, 0x7a, 0x8b, 0x80, 0x3e, 0x28, 0xc0,
    0xd, 0x62, 0x1, 0x13, 0x0, 0x40,

    /* U+043A "к" */
    0x0, 0xf9, 0xec, 0x0, 0x3a, 0xe0, 0x1a, 0xad,
    0xc0, 0x23, 0x66, 0x0, 0x13, 0xf1, 0x40, 0x24,
    0xfd, 0x62, 0x0, 0xc5, 0x3c, 0x1, 0xce, 0xe,

    /* U+043B "л" */
    0x0, 0x5f, 0xfe, 0x0, 0x3e, 0x7e, 0x0, 0x44,
    0x40, 0xe, 0x11, 0x0, 0x62, 0x20, 0x7, 0x53,
    0x80, 0x67, 0x68, 0x0, 0xc0,

    /* U+043C "м" */
    0x1f, 0x70, 0x0, 0xfc, 0x0, 0xd0, 0x1, 0x84,
    0x2, 0x64, 0xa, 0x40, 0x0, 0xf7, 0xd, 0x8c,
    0x2, 0x54, 0x9e, 0x0, 0xe6, 0x45, 0x0, 0xe9,
    0xd0, 0x8,

    /* U+043D "н" */
    0xb7, 0x0, 0xbc, 0x40, 0x3f, 0xf8, 0x71, 0xdd,
    0x0, 0x4f, 0xfe, 0xc0, 0xb, 0xc4, 0x44, 0x1,
    0xfc,

    /* U+043E "о" */
    0x0, 0x47, 0x7d, 0x90, 0x2, 0x53, 0xfd, 0x98,
    0x10, 0x6f, 0x10, 0x73, 0x72, 0x2, 0x0, 0x9f,
    0x88, 0x8, 0x2, 0x7e, 0x6, 0xf1, 0x7, 0x37,
    0x9, 0x4f, 0xf6, 0x60, 0x40,

    /* U+043F "п" */
    0xbf, 0xfe, 0x10, 0x8f, 0xf8, 0x3, 0xff, 0xb2,

    /* U+0440 "р" */
    0xb7, 0xbc, 0xd5, 0x0, 0x5d, 0x67, 0x51, 0x5,
    0x88, 0x1a, 0x28, 0x7, 0xf, 0x80, 0x73, 0xf0,
    0x59, 0x3, 0x9b, 0x82, 0xcf, 0xde, 0x88, 0x75,
    0xfe, 0x18, 0x7, 0xff, 0xc,

    /* U+0441 "с" */
    0x3, 0xbf, 0xe9, 0x3, 0xce, 0xff, 0x70, 0xc3,
    0xa8, 0xb, 0x8b, 0x68, 0x7, 0x36, 0x80, 0x77,
    0xbb, 0x0, 0xb9, 0xa5, 0xd7, 0xfb, 0x88,

    /* U+0442 "т" */
    0x1f, 0xff, 0x38, 0xff, 0xa4, 0xff, 0xce, 0x1,
    0xff, 0xdc,

    /* U+0443 "у" */
    0x1f, 0x10, 0xa, 0x60, 0x55, 0x80, 0x27, 0xa0,
    0x99, 0x0, 0x15, 0x44, 0x6, 0xaa, 0xe, 0xe0,
    0x5, 0xf2, 0x2a, 0xa0, 0x9, 0x6, 0xd8, 0x3,
    0xad, 0x68, 0x3, 0x8d, 0x8, 0x3, 0x15, 0xc0,
    0x6, 0xec, 0xb3, 0x0, 0x80,

    /* U+0444 "ф" */
    0x0, 0x97, 0x0, 0x3f, 0xf9, 0xf, 0xf0, 0x5b,
    0xa2, 0x24, 0x6d, 0x1e, 0xa4, 0x2a, 0x11, 0x18,
    0x35, 0xfc, 0x80, 0x33, 0x9f, 0x98, 0x6, 0x73,
    0x44, 0x9, 0x30, 0x72, 0x1b, 0x7d, 0x1f, 0x34,
    0x4, 0x74, 0x17, 0x60, 0x80, 0x7f, 0xf1, 0x0,

    /* U+0445 "х" */
    0x8, 0xb0, 0x2, 0x70, 0x84, 0x33, 0x2, 0xa8,
    0x20, 0xf, 0x8a, 0x74, 0x0, 0x89, 0x55, 0x0,
    0x19, 0x5d, 0xac, 0x2, 0x1b, 0xf9, 0x76, 0x0,
    0x54, 0x98, 0x7c, 0x10,

    /* U+0446 "ц" */
    0xb7, 0x0, 0x1f, 0x80, 0x7f, 0xf6, 0x63, 0xfd,
    0x81, 0xd7, 0xff, 0xb4, 0x3, 0xff, 0x82, 0x76,

    /* U+0447 "ч" */
    0xc6, 0x0, 0x26, 0x80, 0x79, 0x74, 0x40, 0x42,
    0x7, 0xfa, 0xc0, 0x6b, 0xb9, 0x40, 0x1f, 0xfc,
    0x10,

    /* U+0448 "ш" */
    0x3f, 0x5, 0xb0, 0x99, 0x0, 0x7f, 0xf7, 0xbe,
    0x93, 0xd8, 0x0,

    /* U+0449 "щ" */
    0x3f, 0x6, 0xa0, 0xa7, 0x0, 0xff, 0xf2, 0x7c,
    0xaf, 0xac, 0x21, 0xff, 0xf9, 0x0, 0x3f, 0x9c,
    0x3, 0xef, 0x20,

    /* U+044A "ъ" */
    0x7f, 0xf8, 0x3, 0x3f, 0xe0, 0x7, 0xff, 0x17,
    0xb6, 0x84, 0x3, 0x76, 0x84, 0x0, 0x7f, 0xf0,
    0x3b, 0x83, 0x0,

    /* U+044B "ы" */
    0xf, 0x0, 0xd4, 0xc0, 0x1f, 0xfc, 0x6e, 0xd9,
    0x0, 0xee, 0xd2, 0x60, 0xf, 0xfe, 0x7, 0x70,
    0x58, 0x0,

    /* U+044C "ь" */
    0x4e, 0x0, 0xff, 0xe4, 0xf, 0x73, 0x18, 0x0,
    0x3d, 0xd4, 0x90, 0x7, 0xe1, 0xee, 0x7c, 0x90,

    /* U+044D "э" */
    0x5, 0xde, 0xe4, 0x80, 0x47, 0xfd, 0xe5, 0x60,
    0x6, 0x20, 0x1a, 0x42, 0x0, 0x2f, 0x73, 0xc1,
    0x80, 0xb, 0xdd, 0x3, 0x3, 0x88, 0xd, 0x21,
    0x0, 0xe7, 0xf8, 0xac, 0x0,

    /* U+044E "ю" */
    0x6c, 0x1, 0xbc, 0xa0, 0xd, 0x5d, 0x80, 0xe0,
    0x12, 0x28, 0x7d, 0x81, 0xf0, 0x4, 0x22, 0x3,
    0xc0, 0x8, 0x84, 0x0, 0x46, 0xe1, 0x56, 0x1,
    0x75, 0xf3, 0x38,

    /* U+044F "я" */
    0x4, 0xce, 0xeb, 0xc0, 0x13, 0x5d, 0xcc, 0x0,
    0x84, 0x40, 0x1e, 0xfb, 0xfe, 0xc0, 0x8, 0xd5,
    0x5d, 0x80, 0x12, 0x3d, 0x80, 0x74, 0xc0, 0x80,
    0x60,

    /* U+0450 "ѐ" */
    0x0, 0x14, 0x80, 0x78, 0x96, 0x0, 0x3d, 0x86,
    0x20, 0x1e, 0xb1, 0x0, 0xcd, 0xbd, 0x86, 0x0,
    0x6b, 0xfe, 0xfd, 0x10, 0x88, 0x10, 0x1a, 0x38,
    0xd, 0xf7, 0x48, 0x20, 0x35, 0xdd, 0x9c, 0x26,
    0x46, 0x0, 0x50, 0x3, 0xdf, 0x7e, 0xe8, 0x0,

    /* U+0451 "ё" */
    0x0, 0x45, 0x6, 0x28, 0x5, 0x7e, 0x14, 0xe0,
    0x11, 0xa8, 0x31, 0x0, 0x4d, 0xbd, 0x86, 0x0,
    0x6b, 0xfe, 0xfd, 0x10, 0x88, 0x10, 0x1a, 0x38,
    0xd, 0xf7, 0x48, 0x20, 0x35, 0xdd, 0x9c, 0x26,
    0x46, 0x0, 0x50, 0x3, 0xdf, 0x7e, 0xe8, 0x0,

    /* U+0452 "ђ" */
    0x0, 0xfe, 0xb7, 0x0, 0xe9, 0x49, 0xdd, 0x28,
    0x2, 0x52, 0x77, 0x4a, 0x1, 0x86, 0x3f, 0x90,
    0x2, 0x8d, 0xf9, 0xb1, 0x0, 0x4a, 0x83, 0x8a,
    0x0, 0x79, 0x48, 0x3, 0xc3, 0xe0, 0x1e, 0x1f,
    0x0, 0xf3, 0x88, 0x5b, 0x80, 0x46, 0xa0, 0x1c,
    0xc2, 0x60, 0x10, 0xf5, 0xe8, 0x0,

    /* U+0453 "ѓ" */
    0x0, 0xfe, 0x87, 0x0, 0x95, 0x4c, 0x1, 0x66,
    0x4, 0x2, 0x91, 0x0, 0x7f, 0xf2, 0x6, 0x7f,
    0xc8, 0x1, 0xff, 0xd2,

    /* U+0454 "є" */
    0x4, 0xce, 0xe4, 0x8a, 0x54, 0x77, 0x3c, 0x3e,
    0x50, 0x0, 0xc2, 0xd3, 0xdc, 0xd0, 0x3, 0x47,
    0x73, 0x40, 0x1f, 0x8, 0x0, 0x53, 0x4b, 0x8f,
    0xef, 0x20,

    /* U+0455 "ѕ" */
    0x9, 0xee, 0x62, 0x83, 0x97, 0x74, 0x0, 0x25,
    0x50, 0x92, 0x82, 0xd7, 0xfb, 0x14, 0x0, 0x95,
    0xd1, 0x47, 0xa, 0x0, 0x61, 0xb, 0xfe, 0xe7,
    0xc1, 0x80,

    /* U+0456 "і" */
    0x0, 0xb6, 0x40, 0x24, 0xf0, 0xa, 0x5a, 0xff,
    0xe9, 0xbf, 0xf3, 0x0, 0x7f, 0xf3, 0x80,

    /* U+0457 "ї" */
    0x2, 0xe2, 0x5c, 0x2, 0x92, 0x7a, 0x0, 0x38,
    0x13, 0x5f, 0xfd, 0x21, 0x7f, 0xe6, 0x0, 0xff,
    0xea, 0x0,

    /* U+0458 "ј" */
    0x0, 0xdb, 0x20, 0x19, 0x3c, 0x3, 0x4b, 0x5,
    0xff, 0xd2, 0x17, 0xfe, 0x60, 0xf, 0xfe, 0xc0,
    0x81, 0x0, 0xbe, 0xf, 0x73, 0xd9, 0x0,

    /* U+0459 "љ" */
    0x0, 0x3f, 0xfc, 0x1, 0xe7, 0xe0, 0xf, 0x7f,
    0x80, 0x1d, 0x42, 0x0, 0x21, 0x0, 0x71, 0xc0,
    0x1, 0x88, 0x2, 0xd2, 0x3, 0x32, 0x80, 0xf,
    0xc8, 0x31, 0xc4, 0x1, 0x81, 0x0,

    /* U+045A "њ" */
    0x3f, 0x4, 0xd0, 0xf, 0xfe, 0x4f, 0x59, 0x75,
    0x90, 0x3, 0xe8, 0xb8, 0xe0, 0x0, 0x22, 0x0,
    0xfc, 0x5c, 0x90,

    /* U+045B "ћ" */
    0x0, 0xfe, 0xb7, 0x0, 0xe9, 0x49, 0xee, 0x30,
    0x2, 0x52, 0x7b, 0x8c, 0x1, 0x86, 0x3b, 0x8c,
    0x1, 0x47, 0x72, 0xe4, 0x40, 0x12, 0xc0, 0xa2,
    0xa0, 0x1e, 0x31, 0x0, 0xff, 0xe6, 0x0,

    /* U+045C "ќ" */
    0x0, 0xff, 0xe, 0x10, 0x6, 0xd4, 0x20, 0x8,
    0x92, 0x0, 0x31, 0x40, 0x4, 0xf6, 0x0, 0x1d,
    0x70, 0xd, 0x56, 0xe0, 0x11, 0xb3, 0x0, 0x9,
    0xf8, 0xa0, 0x12, 0x7e, 0xb1, 0x0, 0x62, 0x9e,
    0x0, 0xe7, 0x7,

    /* U+045D "ѝ" */
    0x0, 0xf9, 0x2c, 0x3, 0x20, 0x48, 0x6, 0xb0,
    0x10, 0xd, 0x22, 0x13, 0x0, 0x6, 0xf0, 0x8,
    0x6c, 0x3, 0x5d, 0x80, 0x1e, 0xa2, 0xe0, 0xf,
    0x8a, 0x30, 0x3, 0x58, 0x80, 0x44, 0xc0, 0x10,

    /* U+045E "ў" */
    0x0, 0x61, 0x85, 0x20, 0x5, 0xd3, 0x44, 0x80,
    0x11, 0x55, 0x20, 0x0, 0x3e, 0x20, 0x14, 0xc0,
    0xab, 0x0, 0x4f, 0x41, 0x32, 0x0, 0x2a, 0x88,
    0xd, 0x54, 0x1d, 0xc0, 0xb, 0xe4, 0x55, 0x40,
    0x12, 0xd, 0xb0, 0x7, 0x5a, 0xd0, 0x7, 0x1a,
    0x10, 0x6, 0x2b, 0x80, 0xd, 0xd9, 0x66, 0x1,
    0x0,

    /* U+045F "џ" */
    0x99, 0x0, 0xf, 0xc0, 0x3f, 0xfa, 0x6d, 0xfe,
    0xc0, 0x9f, 0xa3, 0xff, 0x0, 0x4e, 0x1, 0x9f,
    0x80, 0x0,

    /* U+0462 "Ѣ" */
    0x0, 0x63, 0x0, 0x7f, 0xf0, 0x2b, 0xce, 0x7f,
    0xce, 0x15, 0xe7, 0x3f, 0xe7, 0x0, 0xff, 0xe0,
    0x46, 0xe4, 0x0, 0x68, 0xdd, 0x24, 0x0, 0x70,
    0xd9, 0x0, 0x70, 0xd6, 0x80, 0x53, 0xd8, 0xae,

    /* U+0463 "ѣ" */
    0x0, 0x26, 0x80, 0x7f, 0xf0, 0x1b, 0xec, 0xbf,
    0xcc, 0xd, 0xf6, 0x5f, 0xe6, 0x0, 0xff, 0xe0,
    0x17, 0x6d, 0x0, 0x62, 0xed, 0x18, 0x0, 0xff,
    0x8b, 0xb8, 0x32,

    /* U+0472 "Ѳ" */
    0x0, 0x47, 0x7d, 0x90, 0x2, 0xb, 0xfd, 0xde,
    0x0, 0x7a, 0x10, 0x54, 0x63, 0xf, 0xfc, 0xd8,
    0xe3, 0xff, 0xa0, 0x5c, 0x40, 0x37, 0x9, 0x82,
    0x80, 0x4f, 0x80, 0xf0, 0x41, 0x20, 0xc1, 0xb,
    0x9e, 0x58, 0x0,

    /* U+0473 "ѳ" */
    0x0, 0x47, 0x72, 0xc8, 0x1, 0x27, 0xfd, 0xb8,
    0x20, 0xd2, 0x20, 0xca, 0xe4, 0x19, 0xdd, 0x27,
    0x10, 0x7f, 0x74, 0xbc, 0xd, 0x62, 0xa, 0x8e,
    0x12, 0x5f, 0xdc, 0xc1,

    /* U+0474 "Ѵ" */
    0x0, 0xfe, 0x4e, 0x0, 0xcd, 0xe8, 0x81, 0x30,
    0xa, 0x31, 0x1, 0x6c, 0x0, 0x84, 0x60, 0xf,
    0x50, 0x6, 0xa0, 0x4, 0xa4, 0x40, 0x7b, 0x0,
    0xca, 0xa2, 0x3, 0x0, 0xdf, 0x88, 0x80, 0xe,
    0x54, 0xaf, 0x0, 0xf2, 0x1a, 0x0, 0x40,

    /* U+0475 "ѵ" */
    0x0, 0xfe, 0xd5, 0x0, 0xb2, 0x82, 0xbc, 0x0,
    0xcc, 0xa0, 0x55, 0x0, 0x37, 0x80, 0x4, 0x6a,
    0x2a, 0x80, 0x15, 0x7a, 0x20, 0x3, 0x3a, 0x7f,
    0x80, 0x30, 0xaa, 0x90, 0x0,

    /* U+0490 "Ґ" */
    0x0, 0xe4, 0x30, 0xe, 0xd5, 0x0, 0xe2, 0x1,
    0xff, 0xc8, 0x60, 0xf, 0xfc, 0xa0, 0x1f, 0xfe,
    0x50,

    /* U+0491 "ґ" */
    0x0, 0xde, 0x1, 0xf5, 0xff, 0xc2, 0x0, 0x9f,
    0xf7, 0x0, 0x7f, 0xf4, 0xc0,

    /* U+0492 "Ғ" */
    0x0, 0x7f, 0xf2, 0x80, 0x5b, 0xff, 0x28, 0x7,
    0xff, 0x10, 0xb4, 0x3f, 0x58, 0x0, 0x5a, 0x1f,
    0xac, 0x1, 0xff, 0xce,

    /* U+0493 "ғ" */
    0xf, 0xfe, 0x40, 0x6, 0x7f, 0xc8, 0x1, 0xf6,
    0x86, 0xf4, 0x0, 0x34, 0x37, 0xa0, 0x3, 0xff,
    0x88,

    /* U+0496 "Җ" */
    0xe9, 0x5, 0xb0, 0x4e, 0x4c, 0x73, 0x0, 0xa2,
    0x50, 0x99, 0x0, 0x2, 0x4e, 0x0, 0xcb, 0x0,
    0x3a, 0x0, 0x4c, 0x74, 0x92, 0x40, 0x12, 0xaa,
    0x93, 0x14, 0x2, 0x99, 0x0, 0xc, 0xc, 0x14,
    0xcc, 0x1, 0x54, 0x84, 0xd0, 0x6, 0x65, 0x6c,
    0x70, 0x5b, 0x1, 0xaf, 0x0, 0xfc, 0x20, 0x1f,
    0xc0,

    /* U+0497 "җ" */
    0xba, 0x5, 0xc0, 0x4e, 0x2a, 0x64, 0x0, 0xa6,
    0xc8, 0x67, 0x80, 0x8, 0x2a, 0x0, 0x65, 0xa3,
    0xb5, 0x0, 0xa6, 0x28, 0xf9, 0x84, 0x9, 0x18,
    0x0, 0x2d, 0x1, 0xc, 0x20, 0x15, 0xb3, 0xd4,
    0x2, 0xe0, 0x14, 0x80, 0x7f, 0x8, 0x7, 0xc8,
    0x80,

    /* U+0498 "Ҙ" */
    0x1, 0xae, 0xfb, 0x20, 0x3, 0x96, 0x71, 0xf8,
    0x1, 0xa0, 0x86, 0x48, 0x3, 0xd2, 0x80, 0x10,
    0xf7, 0xbf, 0x80, 0x43, 0xdf, 0x74, 0x60, 0x1c,
    0x88, 0xb0, 0x50, 0xc, 0xfc, 0x1f, 0xd3, 0x1a,
    0x2c, 0x15, 0xa0, 0xd3, 0x80, 0x11, 0xe9, 0x20,
    0x7, 0x9c, 0x2,

    /* U+0499 "ҙ" */
    0x5, 0xce, 0xe5, 0x90, 0x0, 0xff, 0xb8, 0x72,
    0x0, 0x63, 0x0, 0x84, 0x2, 0x3e, 0xf6, 0x90,
    0x8, 0xfb, 0xeb, 0x4, 0x20, 0xc0, 0x2, 0x1,
    0x6c, 0x7f, 0xba, 0xc4, 0x16, 0xdd, 0xd6, 0x80,
    0x1f, 0xfc, 0x9, 0x90, 0x4,

    /* U+049A "Қ" */
    0x0, 0xfd, 0x32, 0x0, 0xaf, 0x0, 0x3a, 0x4b,
    0x0, 0x31, 0x3c, 0x80, 0x74, 0x48, 0x6, 0x6f,
    0x55, 0x0, 0x66, 0xf6, 0x90, 0xf, 0x4b, 0x28,
    0x7, 0xba, 0xc0, 0x3c, 0x6d, 0x85, 0x32, 0x0,
    0xa0, 0x44, 0x1, 0xf0, 0x80, 0x7e,

    /* U+049B "қ" */
    0x0, 0xfc, 0xf6, 0x0, 0x1d, 0x70, 0xe, 0xab,
    0x70, 0xc, 0x6c, 0xc0, 0x9, 0x3f, 0x14, 0x3,
    0x27, 0xeb, 0x10, 0x7, 0x14, 0xf0, 0x7, 0x9c,
    0x3c, 0x1e, 0xc0, 0x2c, 0x0, 0xfc, 0x20, 0x1f,
    0x58, 0x0,

    /* U+04A0 "Ҡ" */
    0x0, 0xfe, 0xbf, 0xf8, 0x0, 0xbe, 0x37, 0xfa,
    0x1, 0x5e, 0x88, 0x7, 0x3b, 0x10, 0x7, 0xaa,
    0x40, 0x3d, 0xe0, 0x20, 0x1e, 0xf0, 0x50, 0xf,
    0xa6, 0xc0, 0x3e, 0x44, 0x40, 0x7, 0xd6, 0xc4,

    /* U+04A1 "ҡ" */
    0x0, 0xfe, 0x7f, 0xf7, 0x0, 0x26, 0xc1, 0xff,
    0x40, 0x6, 0xb6, 0x1, 0xea, 0x90, 0xe, 0x1f,
    0x67, 0x0, 0xe1, 0xf8, 0xb0, 0xf, 0x9d, 0xc,
    0x3, 0xe9, 0xe0,

    /* U+04A2 "Ң" */
    0xe4, 0x0, 0xb9, 0x0, 0x3f, 0xf9, 0xd5, 0xdd,
    0x8, 0x5, 0x7f, 0xf0, 0x80, 0x42, 0x38, 0x3,
    0xff, 0x8b, 0xe5, 0xc8, 0x1, 0x73, 0x88, 0x7,
    0xc2, 0x1, 0xf8,

    /* U+04A3 "ң" */
    0xb7, 0x0, 0x1f, 0x80, 0x7f, 0xf1, 0x23, 0xb9,
    0xa0, 0x13, 0xff, 0xa8, 0x2, 0xf1, 0x13, 0x80,
    0x7e, 0xfb, 0x70, 0x1, 0xe8, 0x80, 0x7f, 0xf0,
    0xa, 0x80,

    /* U+04AA "Ҫ" */
    0x0, 0x15, 0x77, 0xc8, 0x0, 0xb0, 0xbf, 0x80,
    0xc2, 0x12, 0x4, 0x52, 0x60, 0xbc, 0x1, 0xc2,
    0xc, 0x1, 0xc2, 0x1, 0xf8, 0x90, 0x3, 0xd7,
    0x2, 0x0, 0x12, 0x6, 0x4f, 0x99, 0x7b, 0x80,
    0x2b, 0x54, 0xb1, 0x40, 0x23, 0x6c, 0x20, 0xf,
    0x8, 0x0,

    /* U+04AB "ҫ" */
    0x4, 0xcf, 0xe9, 0x4, 0xb9, 0xff, 0x70, 0xfb,
    0xa8, 0xb, 0x8b, 0x68, 0x7, 0x36, 0x80, 0x77,
    0xbb, 0x0, 0xc2, 0x23, 0x37, 0xfc, 0x8, 0x7,
    0x67, 0x50, 0x1, 0xce, 0x1, 0xdc, 0x60, 0x0,

    /* U+04AE "Ү" */
    0x3f, 0x10, 0xa, 0x64, 0x6b, 0x20, 0x1, 0x68,
    0x8, 0x71, 0x8, 0x71, 0x2, 0x68, 0x17, 0x90,
    0xa, 0x1e, 0xa4, 0x40, 0x21, 0x65, 0x70, 0xe,
    0xe2, 0x0, 0xff, 0xe3, 0x80,

    /* U+04AF "ү" */
    0x1f, 0x10, 0xa, 0x9c, 0x55, 0x80, 0x2, 0xac,
    0x13, 0x40, 0x7, 0x51, 0x3, 0x4, 0xb, 0xe0,
    0xa, 0xf8, 0xc1, 0x0, 0x26, 0x49, 0xa0, 0xe,
    0x75, 0x60, 0xe, 0xc2, 0x10, 0xf, 0xfe, 0x30,

    /* U+04B0 "Ұ" */
    0x3f, 0x10, 0xa, 0x64, 0x6b, 0x20, 0x2, 0x68,
    0x8, 0x71, 0xb, 0x71, 0x2, 0x68, 0x27, 0x80,
    0xa, 0x1e, 0x64, 0x1, 0x36, 0x2, 0x56, 0x0,
    0x1b, 0x60, 0xf7, 0x0, 0x3f, 0xf8, 0xa0,

    /* U+04B1 "ұ" */
    0x1f, 0x10, 0xa, 0x9c, 0x55, 0x80, 0x2, 0xac,
    0x13, 0x40, 0x7, 0x51, 0x3, 0x14, 0xb, 0xe0,
    0xa, 0xb8, 0xc1, 0x0, 0x26, 0x49, 0xa0, 0x9,
    0xf4, 0x56, 0x78, 0x0, 0xfb, 0x45, 0xdc, 0x0,
    0xff, 0xe2, 0x80,

    /* U+04B2 "Ҳ" */
    0xc, 0x70, 0x0, 0xf9, 0x87, 0xc0, 0x84, 0xa9,
    0x81, 0xac, 0xb, 0x58, 0x5, 0x6d, 0x6c, 0x20,
    0x10, 0xaa, 0xa4, 0x3, 0x12, 0x1b, 0x80, 0x69,
    0x97, 0x40, 0x80, 0x15, 0x9c, 0x9a, 0x0, 0x17,
    0x20, 0x8, 0x79, 0xe, 0x40, 0xb, 0x10, 0x3,
    0xff, 0x86, 0x20,

    /* U+04B3 "ҳ" */
    0x8, 0xb0, 0x2, 0x70, 0x84, 0x3b, 0x4, 0xd0,
    0x80, 0x3a, 0x29, 0x50, 0x2, 0x25, 0x54, 0x80,
    0x65, 0x76, 0xb0, 0x8, 0x6f, 0xa5, 0xd8, 0x1,
    0x52, 0x41, 0xf3, 0xa1, 0x6e, 0x0, 0x2b, 0x10,
    0xf, 0xfe, 0x12, 0xc0,

    /* U+04B6 "Ҷ" */
    0x1f, 0x10, 0xb, 0xc8, 0x3, 0xfc, 0x20, 0x60,
    0x1f, 0x1c, 0x8, 0x7, 0xb8, 0x7f, 0xdc, 0x1,
    0x8a, 0xfb, 0xf8, 0x3, 0xff, 0xa1, 0x22, 0x1,
    0xef, 0x40, 0xf, 0xfe, 0x30, 0x80,

    /* U+04B7 "ҷ" */
    0xc6, 0x0, 0x36, 0x0, 0x7e, 0x5d, 0x10, 0xd,
    0x3, 0xfd, 0x0, 0x1, 0xae, 0xe4, 0x0, 0x7f,
    0xf0, 0x8f, 0x0, 0x33, 0x53, 0x80, 0x7f, 0xf0,
    0x12, 0x0,

    /* U+04BA "Һ" */
    0xb7, 0x0, 0xff, 0xe4, 0x4f, 0xfb, 0x10, 0x1,
    0x3f, 0xea, 0xb1, 0x0, 0xcc, 0x6e, 0x1, 0xce,
    0x20, 0x1f, 0xfc, 0x20,

    /* U+04BB "һ" */
    0x0, 0xfa, 0xdc, 0x3, 0xff, 0x90, 0x31, 0xdc,
    0x70, 0x5, 0xef, 0x54, 0x8, 0x52, 0x82, 0x12,
    0x80, 0x78, 0x40, 0x3f, 0xf9, 0x20,

    /* U+04C0 "Ӏ" */
    0xaf, 0xfe, 0xa, 0xf9, 0x3f, 0xf0, 0x7, 0xff,
    0x7e, 0xbe, 0x4f, 0xfc, 0x20,

    /* U+04C1 "Ӂ" */
    0x0, 0x62, 0x6, 0x90, 0x6, 0xee, 0x55, 0x90,
    0x6, 0x2a, 0xa3, 0x0, 0x5d, 0x20, 0xb6, 0x9,
    0xc9, 0x8e, 0x60, 0x14, 0x4a, 0x13, 0x20, 0x0,
    0x49, 0xc0, 0x19, 0x60, 0x7, 0x40, 0x9, 0x8e,
    0x92, 0x48, 0x2, 0x55, 0x52, 0x62, 0x80, 0x53,
    0x20, 0x1, 0x82, 0x2, 0x99, 0x80, 0x2a, 0xf0,
    0x9a, 0x0, 0xcc, 0x84,

    /* U+04C2 "ӂ" */
    0x0, 0x69, 0x5, 0x98, 0x6, 0xe9, 0xac, 0x30,
    0xc, 0x77, 0x4e, 0x1, 0x5d, 0x2, 0xe0, 0x27,
    0x15, 0x32, 0x0, 0x53, 0x64, 0x33, 0xc0, 0x4,
    0x15, 0x0, 0x32, 0xd1, 0xda, 0x80, 0x53, 0x14,
    0x7c, 0xe2, 0x4, 0x8c, 0x0, 0x17, 0x90, 0x86,
    0x10, 0xa, 0xdc, 0x40,

    /* U+04CF "ӏ" */
    0xef, 0xf4, 0x80, 0x5d, 0xee, 0x1, 0xff, 0xe4,
    0xe4, 0x10, 0xc, 0xcf, 0xdc, 0x40,

    /* U+04D0 "Ӑ" */
    0x0, 0x62, 0x6, 0x90, 0x5, 0xdc, 0xab, 0x20,
    0x8, 0xaa, 0x8c, 0x1, 0xd5, 0xe0, 0x1e, 0x46,
    0x50, 0xc, 0xa9, 0xbc, 0x1, 0xbf, 0xc8, 0xa2,
    0x1, 0x22, 0x83, 0xb8, 0x0, 0xa3, 0xfe, 0x6d,
    0x0, 0x75, 0x7f, 0xc8, 0x20, 0x88, 0x0, 0x91,
    0xd8, 0xc4, 0x2, 0xda,

    /* U+04D1 "ӑ" */
    0x5, 0x20, 0x24, 0x0, 0x15, 0x5, 0x10, 0x1,
    0xc6, 0x85, 0x80, 0x29, 0xa9, 0x0, 0xc, 0x6f,
    0xe1, 0x82, 0xf6, 0x7d, 0xe8, 0x23, 0x9, 0x90,
    0x90, 0xd6, 0x59, 0x80, 0xd6, 0xe4, 0x30, 0x1,
    0xc0, 0x3, 0x0, 0xf, 0xbf, 0xdc, 0x30,

    /* U+04D4 "Ӕ" */
    0x0, 0xd1, 0xff, 0x88, 0x3, 0x32, 0x3f, 0xf8,
    0x80, 0x25, 0x51, 0x0, 0x7d, 0x3e, 0x1, 0xf1,
    0xa, 0x3, 0xfc, 0x80, 0x56, 0x5e, 0xcf, 0xf2,
    0x1, 0x3f, 0x7b, 0x0, 0x73, 0x28, 0x80, 0x7d,
    0x5c, 0x1, 0x3f, 0xf9, 0x0,

    /* U+04D5 "ӕ" */
    0x3c, 0xeb, 0x2c, 0xe6, 0x1, 0xfe, 0x2c, 0xfe,
    0xb1, 0x23, 0xf, 0x23, 0x7, 0x50, 0x9b, 0xd3,
    0xee, 0x20, 0xc8, 0xdc, 0xa7, 0x74, 0xa5, 0xe0,
    0xa8, 0x80, 0x20, 0x89, 0xe1, 0xd9, 0xf9, 0x0,

    /* U+04D6 "Ӗ" */
    0x5, 0xb0, 0x69, 0x0, 0x29, 0xd6, 0x40, 0x5,
    0x15, 0x41, 0x6, 0xff, 0xe4, 0x3, 0xff, 0xc8,
    0x1, 0xff, 0xc3, 0x3f, 0xfa, 0x40, 0x7, 0xff,
    0x48, 0x7, 0xff, 0x10, 0xff, 0xf3, 0x0,

    /* U+04D7 "ӗ" */
    0x0, 0x28, 0x81, 0xa0, 0x5, 0xac, 0x14, 0x20,
    0x14, 0x75, 0xa, 0x80, 0x69, 0xa8, 0x0, 0xcd,
    0xbd, 0x86, 0x0, 0x6b, 0xfe, 0xfd, 0x10, 0x88,
    0x10, 0x1a, 0x38, 0xd, 0xf7, 0x48, 0x20, 0x35,
    0xdd, 0x9c, 0x26, 0x46, 0x0, 0x50, 0x3, 0xdf,
    0x7e, 0xe8, 0x0,

    /* U+04D8 "Ә" */
    0x0, 0x3f, 0x7d, 0x90, 0x5, 0xf9, 0xc7, 0x80,
    0x14, 0x10, 0xc1, 0x30, 0x7, 0x93, 0xcb, 0xb7,
    0x73, 0x19, 0x87, 0x37, 0x67, 0x31, 0x24, 0x0,
    0x93, 0x2, 0x20, 0x63, 0x20, 0xa0, 0xb7, 0xbc,
    0x58, 0x0,

    /* U+04D9 "ә" */
    0x3, 0xbe, 0xe5, 0x90, 0x0, 0x63, 0xb9, 0x98,
    0x10, 0x23, 0x0, 0x39, 0x38, 0x7f, 0x76, 0x31,
    0x0, 0x7f, 0x74, 0x64, 0xd, 0x60, 0x6, 0x25,
    0x9, 0x3e, 0xfd, 0xc0,

    /* U+04E2 "Ӣ" */
    0x7, 0xcc, 0x84, 0x0, 0xf9, 0x90, 0x87, 0x18,
    0x1, 0x3d, 0x40, 0x34, 0x8, 0x6, 0x51, 0x50,
    0xd, 0x10, 0x70, 0x9, 0x85, 0x40, 0x34, 0x40,
    0x4, 0x1, 0x6a, 0x80, 0x19, 0xa0, 0x3, 0x90,
    0xc0, 0x30,

    /* U+04E3 "ӣ" */
    0x6, 0xcc, 0x88, 0x1b, 0x32, 0x29, 0x80, 0x3,
    0x78, 0x4, 0x36, 0x1, 0xae, 0xc0, 0xf, 0x51,
    0x70, 0x7, 0xc5, 0x18, 0x1, 0xac, 0x40, 0x22,
    0x60, 0x8,

    /* U+04E6 "Ӧ" */
    0x0, 0xff, 0x54, 0xf, 0x88, 0x5, 0x72, 0x38,
    0x20, 0x10, 0x88, 0xc, 0x3, 0x47, 0x7d, 0x90,
    0x2, 0x17, 0x78, 0xb0, 0x0, 0xf2, 0x63, 0x26,
    0xc6, 0x8, 0x1, 0x26, 0x38, 0x80, 0x6e, 0x17,
    0x10, 0xd, 0xc2, 0x60, 0x80, 0x12, 0x60, 0x3c,
    0x98, 0xc8, 0x30, 0x45, 0x6f, 0x16, 0x0,

    /* U+04E7 "ӧ" */
    0x0, 0x5b, 0xf, 0x10, 0x5, 0xca, 0x32, 0x60,
    0x12, 0x98, 0x38, 0x80, 0x51, 0xdf, 0x64, 0x0,
    0x94, 0xff, 0x66, 0x4, 0x1b, 0xc4, 0x1c, 0xdc,
    0x80, 0x80, 0x27, 0xe2, 0x2, 0x0, 0x9f, 0x81,
    0xbc, 0x41, 0xcd, 0xc2, 0x53, 0xfd, 0x98, 0x10,

    /* U+04E8 "Ө" */
    0x0, 0x47, 0x7d, 0x90, 0x2, 0xb, 0xfd, 0xde,
    0x0, 0x7a, 0x10, 0x54, 0x63, 0xf, 0xfc, 0xd8,
    0xe3, 0xff, 0xa0, 0x5c, 0x40, 0x37, 0x9, 0x82,
    0x80, 0x4f, 0x80, 0xf0, 0x41, 0x20, 0xc1, 0xb,
    0x9e, 0x58, 0x0,

    /* U+04E9 "ө" */
    0x0, 0x47, 0x72, 0xc8, 0x1, 0x27, 0xfd, 0xb8,
    0x20, 0xd2, 0x20, 0xca, 0xe4, 0x19, 0xdd, 0x27,
    0x10, 0x7f, 0x74, 0xbc, 0xd, 0x62, 0xa, 0x8e,
    0x12, 0x5f, 0xdc, 0xc1,

    /* U+04EE "Ӯ" */
    0x0, 0x3e, 0x64, 0x20, 0x13, 0xe6, 0x42, 0x5,
    0xe4, 0x1, 0x4c, 0x89, 0x68, 0x2, 0x6b, 0x8,
    0x70, 0x3, 0x21, 0x1, 0x23, 0x5, 0x70, 0x5,
    0x16, 0x64, 0xa0, 0x11, 0x8f, 0xb0, 0x7, 0x49,
    0xc8, 0x6, 0x2f, 0x51, 0x0, 0x93, 0x46, 0xc0,
    0x20,

    /* U+04EF "ӯ" */
    0x0, 0x3e, 0x64, 0x20, 0x13, 0xe6, 0x42, 0x3,
    0xe2, 0x1, 0x4c, 0xa, 0xb0, 0x4, 0xf4, 0x13,
    0x20, 0x2, 0xa8, 0x80, 0xd5, 0x41, 0xdc, 0x0,
    0xbe, 0x45, 0x54, 0x1, 0x20, 0xdb, 0x0, 0x75,
    0xad, 0x0, 0x71, 0xa1, 0x0, 0x62, 0xb8, 0x0,
    0xdd, 0x96, 0x60, 0x10,

    /* U+04F2 "Ӳ" */
    0x0, 0xff, 0x99, 0xce, 0x80, 0x21, 0xa7, 0x88,
    0x0, 0x43, 0xa1, 0x24, 0x5, 0xe4, 0x20, 0x53,
    0x22, 0x5a, 0x0, 0x9a, 0xc2, 0x1c, 0x0, 0xc8,
    0x40, 0x48, 0xc1, 0x5c, 0x1, 0x45, 0x99, 0x28,
    0x4, 0x63, 0xec, 0x1, 0xd2, 0x72, 0x1, 0x8b,
    0xd4, 0x40, 0x24, 0xd1, 0xb0, 0x8,

    /* U+04F3 "ӳ" */
    0x0, 0x8a, 0x6, 0x40, 0x34, 0x64, 0xe0, 0x6,
    0x24, 0x15, 0x0, 0xd0, 0x12, 0x0, 0x1f, 0x10,
    0xa, 0x60, 0x55, 0x80, 0x27, 0xa0, 0x99, 0x0,
    0x15, 0x44, 0x6, 0xaa, 0xe, 0xe0, 0x5, 0xf2,
    0x2a, 0xa0, 0x9, 0x6, 0xd8, 0x3, 0xad, 0x68,
    0x3, 0x8d, 0x8, 0x3, 0x15, 0xc0, 0x6, 0xec,
    0xb3, 0x0, 0x80,

    /* U+2013 "–" */
    0xce, 0xee, 0x4d, 0xff, 0xe4,

    /* U+2014 "—" */
    0xee, 0xfc, 0xbf, 0xff, 0x94,

    /* U+2018 "‘" */
    0x0, 0x40, 0x83, 0x88, 0x82, 0x64, 0x0, 0x1e,
    0x10, 0x41, 0x0, 0x5f, 0x88,

    /* U+2019 "’" */
    0x9e, 0x12, 0x17, 0xb5, 0x32, 0x75, 0xbf, 0x0,

    /* U+201A "‚" */
    0x0, 0xaf, 0xc8, 0x41, 0x29, 0x48, 0xd9, 0x2f,
    0x40,

    /* U+201B "‛" */
    0x9, 0xe1, 0x6, 0x13, 0x1, 0xe2, 0x6, 0x80,
    0x4, 0x1, 0x0,

    /* U+201C "“" */
    0x3, 0x60, 0x28, 0x2e, 0x70, 0xfb, 0xab, 0x15,
    0x43, 0x29, 0x63, 0x69, 0xf0, 0x14, 0x3, 0x5f,
    0x72, 0xfa,

    /* U+201D "”" */
    0x4f, 0x61, 0xea, 0x1, 0xa, 0x31, 0x50, 0x5b,
    0x72, 0xe1, 0x0, 0x7f, 0x82, 0x58, 0x17, 0x50,
    0x86, 0x0,

    /* U+2022 "•" */
    0x0, 0x8, 0x1, 0x3b, 0x92, 0x12, 0x20, 0xc6,
    0x20, 0x10, 0xf1, 0xc, 0x10,

    /* U+2026 "…" */
    0x0, 0xfc, 0xde, 0x75, 0xe3, 0xb8, 0x60, 0x2,
    0x11, 0x9c,

    /* U+20AC "€" */
    0x0, 0x9f, 0x7b, 0x8, 0x1, 0x37, 0x9d, 0xc,
    0x2, 0xdc, 0x20, 0x88, 0x1d, 0x9, 0xbb, 0x80,
    0x64, 0xae, 0xf0, 0xc, 0x95, 0x54, 0x80, 0x3a,
    0x11, 0x54, 0x40, 0x0, 0xb7, 0x8, 0x23, 0x80,
    0x25, 0x3f, 0xe5,

    /* U+2122 "™" */
    0x6, 0x68, 0x94, 0x0, 0xc0, 0x76, 0x0, 0xb5,
    0x54, 0x82, 0xb3, 0x92, 0xe6, 0xc, 0x3, 0xc2,
    0x20, 0x8, 0x40, 0x28, 0x83, 0x80
};


/*---------------------
 *  GLYPH DESCRIPTION
 *--------------------*/

static const lv_font_fmt_txt_glyph_dsc_t glyph_dsc[] = {
    {.bitmap_index = 0, .adv_w = 0, .box_w = 0, .box_h = 0, .ofs_x = 0, .ofs_y = 0} /* id = 0 reserved */,
    {.bitmap_index = 0, .adv_w = 134, .box_w = 0, .box_h = 0, .ofs_x = 0, .ofs_y = 0},
    {.bitmap_index = 0, .adv_w = 134, .box_w = 3, .box_h = 9, .ofs_x = 3, .ofs_y = 0},
    {.bitmap_index = 14, .adv_w = 134, .box_w = 6, .box_h = 5, .ofs_x = 1, .ofs_y = 5},
    {.bitmap_index = 30, .adv_w = 134, .box_w = 7, .box_h = 9, .ofs_x = 1, .ofs_y = 0},
    {.bitmap_index = 62, .adv_w = 134, .box_w = 7, .box_h = 12, .ofs_x = 1, .ofs_y = -2},
    {.bitmap_index = 99, .adv_w = 134, .box_w = 9, .box_h = 9, .ofs_x = 0, .ofs_y = 0},
    {.bitmap_index = 140, .adv_w = 134, .box_w = 9, .box_h = 9, .ofs_x = 0, .ofs_y = 0},
    {.bitmap_index = 179, .adv_w = 134, .box_w = 2, .box_h = 5, .ofs_x = 3, .ofs_y = 5},
    {.bitmap_index = 185, .adv_w = 134, .box_w = 5, .box_h = 14, .ofs_x = 2, .ofs_y = -3},
    {.bitmap_index = 215, .adv_w = 134, .box_w = 5, .box_h = 14, .ofs_x = 1, .ofs_y = -3},
    {.bitmap_index = 249, .adv_w = 134, .box_w = 7, .box_h = 7, .ofs_x = 1, .ofs_y = 1},
    {.bitmap_index = 273, .adv_w = 134, .box_w = 7, .box_h = 7, .ofs_x = 1, .ofs_y = 1},
    {.bitmap_index = 291, .adv_w = 134, .box_w = 4, .box_h = 7, .ofs_x = 2, .ofs_y = -4},
    {.bitmap_index = 305, .adv_w = 134, .box_w = 7, .box_h = 1, .ofs_x = 1, .ofs_y = 4},
    {.bitmap_index = 308, .adv_w = 134, .box_w = 3, .box_h = 3, .ofs_x = 3, .ofs_y = 0},
    {.bitmap_index = 313, .adv_w = 134, .box_w = 7, .box_h = 12, .ofs_x = 1, .ofs_y = -2},
    {.bitmap_index = 346, .adv_w = 134, .box_w = 7, .box_h = 9, .ofs_x = 1, .ofs_y = 0},
    {.bitmap_index = 378, .adv_w = 134, .box_w = 7, .box_h = 9, .ofs_x = 1, .ofs_y = 0},
    {.bitmap_index = 392, .adv_w = 134, .box_w = 8, .box_h = 9, .ofs_x = 0, .ofs_y = 0},
    {.bitmap_index = 424, .adv_w = 134, .box_w = 8, .box_h = 9, .ofs_x = 0, .ofs_y = 0},
    {.bitmap_index = 459, .adv_w = 134, .box_w = 8, .box_h = 9, .ofs_x = 0, .ofs_y = 0},
    {.bitmap_index = 488, .adv_w = 134, .box_w = 8, .box_h = 9, .ofs_x = 0, .ofs_y = 0},
    {.bitmap_index = 522, .adv_w = 134, .box_w = 7, .box_h = 9, .ofs_x = 1, .ofs_y = 0},
    {.bitmap_index = 554, .adv_w = 134, .box_w = 8, .box_h = 9, .ofs_x = 0, .ofs_y = 0},
    {.bitmap_index = 581, .adv_w = 134, .box_w = 8, .box_h = 9, .ofs_x = 0, .ofs_y = 0},
    {.bitmap_index = 619, .adv_w = 134, .box_w = 8, .box_h = 9, .ofs_x = 0, .ofs_y = 0},
    {.bitmap_index = 655, .adv_w = 134, .box_w = 3, .box_h = 7, .ofs_x = 3, .ofs_y = 0},
    {.bitmap_index = 666, .adv_w = 134, .box_w = 4, .box_h = 11, .ofs_x = 2, .ofs_y = -4},
    {.bitmap_index = 687, .adv_w = 134, .box_w = 6, .box_h = 9, .ofs_x = 1, .ofs_y = 0},
    {.bitmap_index = 713, .adv_w = 134, .box_w = 7, .box_h = 4, .ofs_x = 1, .ofs_y = 3},
    {.bitmap_index = 723, .adv_w = 134, .box_w = 6, .box_h = 9, .ofs_x = 1, .ofs_y = 0},
    {.bitmap_index = 749, .adv_w = 134, .box_w = 6, .box_h = 9, .ofs_x = 1, .ofs_y = 0},
    {.bitmap_index = 775, .adv_w = 134, .box_w = 8, .box_h = 11, .ofs_x = 0, .ofs_y = -2},
    {.bitmap_index = 820, .adv_w = 134, .box_w = 8, .box_h = 9, .ofs_x = 0, .ofs_y = 0},
    {.bitmap_index = 853, .adv_w = 134, .box_w = 7, .box_h = 9, .ofs_x = 1, .ofs_y = 0},
    {.bitmap_index = 883, .adv_w = 134, .box_w = 8, .box_h = 9, .ofs_x = 0, .ofs_y = 0},
    {.bitmap_index = 915, .adv_w = 134, .box_w = 7, .box_h = 9, .ofs_x = 1, .ofs_y = 0},
    {.bitmap_index = 943, .adv_w = 134, .box_w = 7, .box_h = 9, .ofs_x = 1, .ofs_y = 0},
    {.bitmap_index = 963, .adv_w = 134, .box_w = 7, .box_h = 9, .ofs_x = 1, .ofs_y = 0},
    {.bitmap_index = 980, .adv_w = 134, .box_w = 8, .box_h = 9, .ofs_x = 0, .ofs_y = 0},
    {.bitmap_index = 1015, .adv_w = 134, .box_w = 7, .box_h = 9, .ofs_x = 1, .ofs_y = 0},
    {.bitmap_index = 1033, .adv_w = 134, .box_w = 7, .box_h = 9, .ofs_x = 1, .ofs_y = 0},
    {.bitmap_index = 1046, .adv_w = 134, .box_w = 6, .box_h = 9, .ofs_x = 1, .ofs_y = 0},
    {.bitmap_index = 1061, .adv_w = 134, .box_w = 8, .box_h = 9, .ofs_x = 1, .ofs_y = 0},
    {.bitmap_index = 1092, .adv_w = 134, .box_w = 7, .box_h = 9, .ofs_x = 1, .ofs_y = 0},
    {.bitmap_index = 1098, .adv_w = 134, .box_w = 7, .box_h = 9, .ofs_x = 1, .ofs_y = 0},
    {.bitmap_index = 1126, .adv_w = 134, .box_w = 7, .box_h = 9, .ofs_x = 1, .ofs_y = 0},
    {.bitmap_index = 1153, .adv_w = 134, .box_w = 8, .box_h = 9, .ofs_x = 0, .ofs_y = 0},
    {.bitmap_index = 1188, .adv_w = 134, .box_w = 7, .box_h = 9, .ofs_x = 1, .ofs_y = 0},
    {.bitmap_index = 1211, .adv_w = 134, .box_w = 8, .box_h = 12, .ofs_x = 0, .ofs_y = -3},
    {.bitmap_index = 1254, .adv_w = 134, .box_w = 7, .box_h = 9, .ofs_x = 1, .ofs_y = 0},
    {.bitmap_index = 1283, .adv_w = 134, .box_w = 8, .box_h = 9, .ofs_x = 0, .ofs_y = 0},
    {.bitmap_index = 1318, .adv_w = 134, .box_w = 8, .box_h = 9, .ofs_x = 0, .ofs_y = 0},
    {.bitmap_index = 1328, .adv_w = 134, .box_w = 7, .box_h = 9, .ofs_x = 1, .ofs_y = 0},
    {.bitmap_index = 1345, .adv_w = 134, .box_w = 8, .box_h = 9, .ofs_x = 0, .ofs_y = 0},
    {.bitmap_index = 1379, .adv_w = 134, .box_w = 9, .box_h = 9, .ofs_x = 0, .ofs_y = 0},
    {.bitmap_index = 1419, .adv_w = 134, .box_w = 8, .box_h = 9, .ofs_x = 0, .ofs_y = 0},
    {.bitmap_index = 1454, .adv_w = 134, .box_w = 8, .box_h = 9, .ofs_x = 0, .ofs_y = 0},
    {.bitmap_index = 1483, .adv_w = 134, .box_w = 8, .box_h = 9, .ofs_x = 0, .ofs_y = 0},
    {.bitmap_index = 1512, .adv_w = 134, .box_w = 5, .box_h = 12, .ofs_x = 3, .ofs_y = -2},
    {.bitmap_index = 1523, .adv_w = 134, .box_w = 7, .box_h = 12, .ofs_x = 1, .ofs_y = -2},
    {.bitmap_index = 1555, .adv_w = 134, .box_w = 5, .box_h = 12, .ofs_x = 1, .ofs_y = -2},
    {.bitmap_index = 1566, .adv_w = 134, .box_w = 6, .box_h = 6, .ofs_x = 1, .ofs_y = 4},
    {.bitmap_index = 1585, .adv_w = 134, .box_w = 8, .box_h = 1, .ofs_x = 0, .ofs_y = -2},
    {.bitmap_index = 1588, .adv_w = 134, .box_w = 4, .box_h = 4, .ofs_x = 2, .ofs_y = 7},
    {.bitmap_index = 1597, .adv_w = 134, .box_w = 7, .box_h = 7, .ofs_x = 1, .ofs_y = 0},
    {.bitmap_index = 1622, .adv_w = 134, .box_w = 7, .box_h = 10, .ofs_x = 1, .ofs_y = 0},
    {.bitmap_index = 1649, .adv_w = 134, .box_w = 7, .box_h = 7, .ofs_x = 1, .ofs_y = 0},
    {.bitmap_index = 1672, .adv_w = 134, .box_w = 8, .box_h = 10, .ofs_x = 0, .ofs_y = 0},
    {.bitmap_index = 1702, .adv_w = 134, .box_w = 8, .box_h = 7, .ofs_x = 0, .ofs_y = 0},
    {.bitmap_index = 1730, .adv_w = 134, .box_w = 8, .box_h = 10, .ofs_x = 1, .ofs_y = 0},
    {.bitmap_index = 1753, .adv_w = 134, .box_w = 7, .box_h = 10, .ofs_x = 1, .ofs_y = -3},
    {.bitmap_index = 1789, .adv_w = 134, .box_w = 7, .box_h = 10, .ofs_x = 1, .ofs_y = 0},
    {.bitmap_index = 1809, .adv_w = 134, .box_w = 5, .box_h = 10, .ofs_x = 1, .ofs_y = 0},
    {.bitmap_index = 1824, .adv_w = 134, .box_w = 6, .box_h = 13, .ofs_x = 0, .ofs_y = -3},
    {.bitmap_index = 1847, .adv_w = 134, .box_w = 8, .box_h = 10, .ofs_x = 1, .ofs_y = 0},
    {.bitmap_index = 1875, .adv_w = 134, .box_w = 7, .box_h = 10, .ofs_x = 1, .ofs_y = 0},
    {.bitmap_index = 1889, .adv_w = 134, .box_w = 8, .box_h = 7, .ofs_x = 0, .ofs_y = 0},
    {.bitmap_index = 1907, .adv_w = 134, .box_w = 7, .box_h = 7, .ofs_x = 1, .ofs_y = 0},
    {.bitmap_index = 1924, .adv_w = 134, .box_w = 8, .box_h = 7, .ofs_x = 0, .ofs_y = 0},
    {.bitmap_index = 1953, .adv_w = 134, .box_w = 7, .box_h = 10, .ofs_x = 1, .ofs_y = -3},
    {.bitmap_index = 1982, .adv_w = 134, .box_w = 8, .box_h = 10, .ofs_x = 0, .ofs_y = -3},
    {.bitmap_index = 2014, .adv_w = 134, .box_w = 6, .box_h = 7, .ofs_x = 2, .ofs_y = 0},
    {.bitmap_index = 2027, .adv_w = 134, .box_w = 7, .box_h = 7, .ofs_x = 1, .ofs_y = 0},
    {.bitmap_index = 2053, .adv_w = 134, .box_w = 8, .box_h = 9, .ofs_x = 0, .ofs_y = 0},
    {.bitmap_index = 2078, .adv_w = 134, .box_w = 7, .box_h = 7, .ofs_x = 1, .ofs_y = 0},
    {.bitmap_index = 2094, .adv_w = 134, .box_w = 8, .box_h = 7, .ofs_x = 0, .ofs_y = 0},
    {.bitmap_index = 2121, .adv_w = 134, .box_w = 9, .box_h = 7, .ofs_x = 0, .ofs_y = 0},
    {.bitmap_index = 2154, .adv_w = 134, .box_w = 8, .box_h = 7, .ofs_x = 0, .ofs_y = 0},
    {.bitmap_index = 2182, .adv_w = 134, .box_w = 8, .box_h = 10, .ofs_x = 0, .ofs_y = -3},
    {.bitmap_index = 2219, .adv_w = 134, .box_w = 7, .box_h = 7, .ofs_x = 1, .ofs_y = 0},
    {.bitmap_index = 2241, .adv_w = 134, .box_w = 7, .box_h = 12, .ofs_x = 1, .ofs_y = -2},
    {.bitmap_index = 2274, .adv_w = 134, .box_w = 2, .box_h = 14, .ofs_x = 3, .ofs_y = -4},
    {.bitmap_index = 2279, .adv_w = 134, .box_w = 6, .box_h = 12, .ofs_x = 1, .ofs_y = -2},
    {.bitmap_index = 2311, .adv_w = 134, .box_w = 7, .box_h = 2, .ofs_x = 1, .ofs_y = 4},
    {.bitmap_index = 2318, .adv_w = 134, .box_w = 0, .box_h = 0, .ofs_x = 0, .ofs_y = 0},
    {.bitmap_index = 2318, .adv_w = 134, .box_w = 3, .box_h = 10, .ofs_x = 3, .ofs_y = -3},
    {.bitmap_index = 2333, .adv_w = 134, .box_w = 7, .box_h = 10, .ofs_x = 1, .ofs_y = -1},
    {.bitmap_index = 2366, .adv_w = 134, .box_w = 7, .box_h = 9, .ofs_x = 1, .ofs_y = 0},
    {.bitmap_index = 2396, .adv_w = 134, .box_w = 8, .box_h = 8, .ofs_x = 0, .ofs_y = 1},
    {.bitmap_index = 2425, .adv_w = 134, .box_w = 8, .box_h = 9, .ofs_x = 0, .ofs_y = 0},
    {.bitmap_index = 2460, .adv_w = 134, .box_w = 2, .box_h = 14, .ofs_x = 3, .ofs_y = -4},
    {.bitmap_index = 2469, .adv_w = 134, .box_w = 7, .box_h = 11, .ofs_x = 1, .ofs_y = -2},
    {.bitmap_index = 2507, .adv_w = 134, .box_w = 5, .box_h = 2, .ofs_x = 2, .ofs_y = 8},
    {.bitmap_index = 2512, .adv_w = 134, .box_w = 8, .box_h = 10, .ofs_x = 0, .ofs_y = 0},
    {.bitmap_index = 2550, .adv_w = 134, .box_w = 5, .box_h = 5, .ofs_x = 2, .ofs_y = 5},
    {.bitmap_index = 2563, .adv_w = 134, .box_w = 7, .box_h = 7, .ofs_x = 1, .ofs_y = 0},
    {.bitmap_index = 2589, .adv_w = 134, .box_w = 7, .box_h = 4, .ofs_x = 1, .ofs_y = 1},
    {.bitmap_index = 2598, .adv_w = 134, .box_w = 7, .box_h = 1, .ofs_x = 1, .ofs_y = 4},
    {.bitmap_index = 2601, .adv_w = 134, .box_w = 6, .box_h = 6, .ofs_x = 1, .ofs_y = 4},
    {.bitmap_index = 2620, .adv_w = 134, .box_w = 5, .box_h = 1, .ofs_x = 2, .ofs_y = 8},
    {.bitmap_index = 2623, .adv_w = 134, .box_w = 4, .box_h = 4, .ofs_x = 2, .ofs_y = 6},
    {.bitmap_index = 2631, .adv_w = 134, .box_w = 7, .box_h = 8, .ofs_x = 1, .ofs_y = 0},
    {.bitmap_index = 2651, .adv_w = 134, .box_w = 5, .box_h = 6, .ofs_x = 2, .ofs_y = 5},
    {.bitmap_index = 2667, .adv_w = 134, .box_w = 6, .box_h = 6, .ofs_x = 1, .ofs_y = 5},
    {.bitmap_index = 2686, .adv_w = 134, .box_w = 4, .box_h = 4, .ofs_x = 3, .ofs_y = 7},
    {.bitmap_index = 2695, .adv_w = 134, .box_w = 7, .box_h = 10, .ofs_x = 1, .ofs_y = -3},
    {.bitmap_index = 2719, .adv_w = 134, .box_w = 6, .box_h = 11, .ofs_x = 1, .ofs_y = -2},
    {.bitmap_index = 2739, .adv_w = 134, .box_w = 3, .box_h = 3, .ofs_x = 3, .ofs_y = 4},
    {.bitmap_index = 2744, .adv_w = 134, .box_w = 4, .box_h = 4, .ofs_x = 2, .ofs_y = -3},
    {.bitmap_index = 2753, .adv_w = 134, .box_w = 5, .box_h = 6, .ofs_x = 2, .ofs_y = 5},
    {.bitmap_index = 2766, .adv_w = 134, .box_w = 6, .box_h = 5, .ofs_x = 1, .ofs_y = 5},
    {.bitmap_index = 2782, .adv_w = 134, .box_w = 7, .box_h = 7, .ofs_x = 1, .ofs_y = 0},
    {.bitmap_index = 2807, .adv_w = 134, .box_w = 9, .box_h = 9, .ofs_x = 0, .ofs_y = 0},
    {.bitmap_index = 2843, .adv_w = 134, .box_w = 9, .box_h = 9, .ofs_x = 0, .ofs_y = 0},
    {.bitmap_index = 2880, .adv_w = 134, .box_w = 9, .box_h = 9, .ofs_x = 0, .ofs_y = 0},
    {.bitmap_index = 2921, .adv_w = 134, .box_w = 6, .box_h = 10, .ofs_x = 1, .ofs_y = -3},
    {.bitmap_index = 2949, .adv_w = 134, .box_w = 8, .box_h = 12, .ofs_x = 0, .ofs_y = 0},
    {.bitmap_index = 2991, .adv_w = 134, .box_w = 8, .box_h = 12, .ofs_x = 0, .ofs_y = 0},
    {.bitmap_index = 3033, .adv_w = 134, .box_w = 8, .box_h = 12, .ofs_x = 0, .ofs_y = 0},
    {.bitmap_index = 3078, .adv_w = 134, .box_w = 8, .box_h = 12, .ofs_x = 0, .ofs_y = 0},
    {.bitmap_index = 3124, .adv_w = 134, .box_w = 8, .box_h = 12, .ofs_x = 0, .ofs_y = 0},
    {.bitmap_index = 3167, .adv_w = 134, .box_w = 8, .box_h = 13, .ofs_x = 0, .ofs_y = 0},
    {.bitmap_index = 3213, .adv_w = 134, .box_w = 10, .box_h = 9, .ofs_x = -1, .ofs_y = 0},
    {.bitmap_index = 3250, .adv_w = 134, .box_w = 8, .box_h = 12, .ofs_x = 0, .ofs_y = -3},
    {.bitmap_index = 3293, .adv_w = 134, .box_w = 7, .box_h = 12, .ofs_x = 1, .ofs_y = 0},
    {.bitmap_index = 3323, .adv_w = 134, .box_w = 7, .box_h = 12, .ofs_x = 1, .ofs_y = 0},
    {.bitmap_index = 3354, .adv_w = 134, .box_w = 7, .box_h = 12, .ofs_x = 1, .ofs_y = 0},
    {.bitmap_index = 3385, .adv_w = 134, .box_w = 7, .box_h = 12, .ofs_x = 1, .ofs_y = 0},
    {.bitmap_index = 3415, .adv_w = 134, .box_w = 7, .box_h = 12, .ofs_x = 1, .ofs_y = 0},
    {.bitmap_index = 3437, .adv_w = 134, .box_w = 7, .box_h = 12, .ofs_x = 1, .ofs_y = 0},
    {.bitmap_index = 3460, .adv_w = 134, .box_w = 7, .box_h = 12, .ofs_x = 1, .ofs_y = 0},
    {.bitmap_index = 3484, .adv_w = 134, .box_w = 7, .box_h = 12, .ofs_x = 1, .ofs_y = 0},
    {.bitmap_index = 3506, .adv_w = 134, .box_w = 8, .box_h = 9, .ofs_x = 0, .ofs_y = 0},
    {.bitmap_index = 3538, .adv_w = 134, .box_w = 7, .box_h = 12, .ofs_x = 1, .ofs_y = 0},
    {.bitmap_index = 3575, .adv_w = 134, .box_w = 8, .box_h = 12, .ofs_x = 0, .ofs_y = 0},
    {.bitmap_index = 3619, .adv_w = 134, .box_w = 8, .box_h = 12, .ofs_x = 0, .ofs_y = 0},
    {.bitmap_index = 3663, .adv_w = 134, .box_w = 8, .box_h = 12, .ofs_x = 0, .ofs_y = 0},
    {.bitmap_index = 3708, .adv_w = 134, .box_w = 8, .box_h = 12, .ofs_x = 0, .ofs_y = 0},
    {.bitmap_index = 3755, .adv_w = 134, .box_w = 8, .box_h = 13, .ofs_x = 0, .ofs_y = 0},
    {.bitmap_index = 3802, .adv_w = 134, .box_w = 6, .box_h = 7, .ofs_x = 1, .ofs_y = 1},
    {.bitmap_index = 3823, .adv_w = 134, .box_w = 8, .box_h = 11, .ofs_x = 0, .ofs_y = -1},
    {.bitmap_index = 3866, .adv_w = 134, .box_w = 7, .box_h = 12, .ofs_x = 1, .ofs_y = 0},
    {.bitmap_index = 3892, .adv_w = 134, .box_w = 7, .box_h = 12, .ofs_x = 1, .ofs_y = 0},
    {.bitmap_index = 3919, .adv_w = 134, .box_w = 7, .box_h = 12, .ofs_x = 1, .ofs_y = 0},
    {.bitmap_index = 3947, .adv_w = 134, .box_w = 7, .box_h = 13, .ofs_x = 1, .ofs_y = 0},
    {.bitmap_index = 3977, .adv_w = 134, .box_w = 8, .box_h = 12, .ofs_x = 0, .ofs_y = 0},
    {.bitmap_index = 4015, .adv_w = 134, .box_w = 7, .box_h = 9, .ofs_x = 1, .ofs_y = 0},
    {.bitmap_index = 4042, .adv_w = 134, .box_w = 7, .box_h = 10, .ofs_x = 1, .ofs_y = 0},
    {.bitmap_index = 4074, .adv_w = 134, .box_w = 7, .box_h = 11, .ofs_x = 1, .ofs_y = 0},
    {.bitmap_index = 4111, .adv_w = 134, .box_w = 7, .box_h = 11, .ofs_x = 1, .ofs_y = 0},
    {.bitmap_index = 4148, .adv_w = 134, .box_w = 7, .box_h = 11, .ofs_x = 1, .ofs_y = 0},
    {.bitmap_index = 4186, .adv_w = 134, .box_w = 7, .box_h = 10, .ofs_x = 1, .ofs_y = 0},
    {.bitmap_index = 4222, .adv_w = 134, .box_w = 7, .box_h = 10, .ofs_x = 1, .ofs_y = 0},
    {.bitmap_index = 4258, .adv_w = 134, .box_w = 7, .box_h = 11, .ofs_x = 1, .ofs_y = 0},
    {.bitmap_index = 4296, .adv_w = 134, .box_w = 9, .box_h = 7, .ofs_x = 0, .ofs_y = 0},
    {.bitmap_index = 4328, .adv_w = 134, .box_w = 7, .box_h = 10, .ofs_x = 1, .ofs_y = -3},
    {.bitmap_index = 4361, .adv_w = 134, .box_w = 8, .box_h = 11, .ofs_x = 0, .ofs_y = 0},
    {.bitmap_index = 4401, .adv_w = 134, .box_w = 8, .box_h = 11, .ofs_x = 0, .ofs_y = 0},
    {.bitmap_index = 4441, .adv_w = 134, .box_w = 8, .box_h = 11, .ofs_x = 0, .ofs_y = 0},
    {.bitmap_index = 4483, .adv_w = 134, .box_w = 8, .box_h = 10, .ofs_x = 0, .ofs_y = 0},
    {.bitmap_index = 4523, .adv_w = 134, .box_w = 5, .box_h = 12, .ofs_x = 1, .ofs_y = 0},
    {.bitmap_index = 4541, .adv_w = 134, .box_w = 6, .box_h = 12, .ofs_x = 1, .ofs_y = 0},
    {.bitmap_index = 4561, .adv_w = 134, .box_w = 7, .box_h = 11, .ofs_x = 1, .ofs_y = 0},
    {.bitmap_index = 4584, .adv_w = 134, .box_w = 6, .box_h = 10, .ofs_x = 1, .ofs_y = 0},
    {.bitmap_index = 4602, .adv_w = 134, .box_w = 8, .box_h = 11, .ofs_x = 0, .ofs_y = 0},
    {.bitmap_index = 4645, .adv_w = 134, .box_w = 7, .box_h = 10, .ofs_x = 1, .ofs_y = 0},
    {.bitmap_index = 4672, .adv_w = 134, .box_w = 8, .box_h = 11, .ofs_x = 0, .ofs_y = 0},
    {.bitmap_index = 4712, .adv_w = 134, .box_w = 8, .box_h = 11, .ofs_x = 0, .ofs_y = 0},
    {.bitmap_index = 4752, .adv_w = 134, .box_w = 8, .box_h = 11, .ofs_x = 0, .ofs_y = 0},
    {.bitmap_index = 4794, .adv_w = 134, .box_w = 8, .box_h = 10, .ofs_x = 0, .ofs_y = 0},
    {.bitmap_index = 4835, .adv_w = 134, .box_w = 8, .box_h = 10, .ofs_x = 0, .ofs_y = 0},
    {.bitmap_index = 4875, .adv_w = 134, .box_w = 7, .box_h = 7, .ofs_x = 1, .ofs_y = 1},
    {.bitmap_index = 4895, .adv_w = 134, .box_w = 8, .box_h = 9, .ofs_x = 0, .ofs_y = -1},
    {.bitmap_index = 4929, .adv_w = 134, .box_w = 7, .box_h = 12, .ofs_x = 1, .ofs_y = 0},
    {.bitmap_index = 4958, .adv_w = 134, .box_w = 7, .box_h = 12, .ofs_x = 1, .ofs_y = 0},
    {.bitmap_index = 4987, .adv_w = 134, .box_w = 7, .box_h = 11, .ofs_x = 1, .ofs_y = 0},
    {.bitmap_index = 5017, .adv_w = 134, .box_w = 7, .box_h = 10, .ofs_x = 1, .ofs_y = 0},
    {.bitmap_index = 5044, .adv_w = 134, .box_w = 8, .box_h = 15, .ofs_x = 0, .ofs_y = -3},
    {.bitmap_index = 5095, .adv_w = 134, .box_w = 7, .box_h = 13, .ofs_x = 1, .ofs_y = -3},
    {.bitmap_index = 5128, .adv_w = 134, .box_w = 8, .box_h = 13, .ofs_x = 0, .ofs_y = -3},
    {.bitmap_index = 5176, .adv_w = 134, .box_w = 8, .box_h = 11, .ofs_x = 0, .ofs_y = 0},
    {.bitmap_index = 5216, .adv_w = 134, .box_w = 7, .box_h = 9, .ofs_x = 1, .ofs_y = 0},
    {.bitmap_index = 5248, .adv_w = 134, .box_w = 8, .box_h = 13, .ofs_x = 0, .ofs_y = 0},
    {.bitmap_index = 5293, .adv_w = 134, .box_w = 7, .box_h = 11, .ofs_x = 1, .ofs_y = 0},
    {.bitmap_index = 5332, .adv_w = 134, .box_w = 9, .box_h = 12, .ofs_x = 0, .ofs_y = -3},
    {.bitmap_index = 5378, .adv_w = 134, .box_w = 7, .box_h = 10, .ofs_x = 1, .ofs_y = -3},
    {.bitmap_index = 5412, .adv_w = 134, .box_w = 8, .box_h = 12, .ofs_x = 0, .ofs_y = 0},
    {.bitmap_index = 5453, .adv_w = 134, .box_w = 7, .box_h = 11, .ofs_x = 1, .ofs_y = 0},
    {.bitmap_index = 5487, .adv_w = 134, .box_w = 8, .box_h = 12, .ofs_x = 0, .ofs_y = 0},
    {.bitmap_index = 5529, .adv_w = 134, .box_w = 7, .box_h = 11, .ofs_x = 1, .ofs_y = 0},
    {.bitmap_index = 5566, .adv_w = 134, .box_w = 8, .box_h = 12, .ofs_x = 0, .ofs_y = 0},
    {.bitmap_index = 5606, .adv_w = 134, .box_w = 7, .box_h = 10, .ofs_x = 1, .ofs_y = 0},
    {.bitmap_index = 5637, .adv_w = 134, .box_w = 8, .box_h = 12, .ofs_x = 0, .ofs_y = 0},
    {.bitmap_index = 5679, .adv_w = 134, .box_w = 7, .box_h = 11, .ofs_x = 1, .ofs_y = 0},
    {.bitmap_index = 5715, .adv_w = 134, .box_w = 7, .box_h = 12, .ofs_x = 1, .ofs_y = 0},
    {.bitmap_index = 5753, .adv_w = 134, .box_w = 9, .box_h = 12, .ofs_x = 0, .ofs_y = 0},
    {.bitmap_index = 5794, .adv_w = 134, .box_w = 8, .box_h = 9, .ofs_x = 0, .ofs_y = 0},
    {.bitmap_index = 5826, .adv_w = 134, .box_w = 9, .box_h = 10, .ofs_x = 0, .ofs_y = 0},
    {.bitmap_index = 5864, .adv_w = 134, .box_w = 7, .box_h = 11, .ofs_x = 1, .ofs_y = 0},
    {.bitmap_index = 5891, .adv_w = 134, .box_w = 8, .box_h = 9, .ofs_x = 0, .ofs_y = 0},
    {.bitmap_index = 5926, .adv_w = 134, .box_w = 7, .box_h = 13, .ofs_x = 1, .ofs_y = 0},
    {.bitmap_index = 5958, .adv_w = 134, .box_w = 8, .box_h = 11, .ofs_x = 0, .ofs_y = 0},
    {.bitmap_index = 6000, .adv_w = 134, .box_w = 7, .box_h = 12, .ofs_x = 1, .ofs_y = 0},
    {.bitmap_index = 6029, .adv_w = 134, .box_w = 8, .box_h = 10, .ofs_x = 0, .ofs_y = 0},
    {.bitmap_index = 6066, .adv_w = 134, .box_w = 7, .box_h = 12, .ofs_x = 1, .ofs_y = -3},
    {.bitmap_index = 6094, .adv_w = 134, .box_w = 8, .box_h = 10, .ofs_x = 0, .ofs_y = -3},
    {.bitmap_index = 6132, .adv_w = 134, .box_w = 7, .box_h = 12, .ofs_x = 1, .ofs_y = 0},
    {.bitmap_index = 6163, .adv_w = 134, .box_w = 8, .box_h = 11, .ofs_x = 0, .ofs_y = 0},
    {.bitmap_index = 6205, .adv_w = 134, .box_w = 8, .box_h = 12, .ofs_x = 0, .ofs_y = 0},
    {.bitmap_index = 6250, .adv_w = 134, .box_w = 7, .box_h = 14, .ofs_x = 1, .ofs_y = -3},
    {.bitmap_index = 6299, .adv_w = 134, .box_w = 8, .box_h = 13, .ofs_x = 0, .ofs_y = 0},
    {.bitmap_index = 6346, .adv_w = 134, .box_w = 7, .box_h = 14, .ofs_x = 1, .ofs_y = -3},
    {.bitmap_index = 6396, .adv_w = 134, .box_w = 8, .box_h = 12, .ofs_x = 0, .ofs_y = 0},
    {.bitmap_index = 6439, .adv_w = 134, .box_w = 7, .box_h = 13, .ofs_x = 1, .ofs_y = -3},
    {.bitmap_index = 6484, .adv_w = 134, .box_w = 8, .box_h = 12, .ofs_x = 0, .ofs_y = -3},
    {.bitmap_index = 6529, .adv_w = 134, .box_w = 7, .box_h = 14, .ofs_x = 1, .ofs_y = -3},
    {.bitmap_index = 6576, .adv_w = 134, .box_w = 7, .box_h = 12, .ofs_x = 1, .ofs_y = 0},
    {.bitmap_index = 6605, .adv_w = 134, .box_w = 9, .box_h = 13, .ofs_x = -1, .ofs_y = 0},
    {.bitmap_index = 6638, .adv_w = 134, .box_w = 9, .box_h = 9, .ofs_x = 0, .ofs_y = 0},
    {.bitmap_index = 6665, .adv_w = 134, .box_w = 8, .box_h = 10, .ofs_x = 0, .ofs_y = 0},
    {.bitmap_index = 6694, .adv_w = 134, .box_w = 7, .box_h = 12, .ofs_x = 1, .ofs_y = 0},
    {.bitmap_index = 6718, .adv_w = 134, .box_w = 7, .box_h = 10, .ofs_x = 1, .ofs_y = 0},
    {.bitmap_index = 6738, .adv_w = 134, .box_w = 7, .box_h = 11, .ofs_x = 1, .ofs_y = 0},
    {.bitmap_index = 6757, .adv_w = 134, .box_w = 6, .box_h = 9, .ofs_x = 1, .ofs_y = 0},
    {.bitmap_index = 6771, .adv_w = 134, .box_w = 7, .box_h = 13, .ofs_x = 1, .ofs_y = 0},
    {.bitmap_index = 6796, .adv_w = 134, .box_w = 7, .box_h = 11, .ofs_x = 1, .ofs_y = 0},
    {.bitmap_index = 6819, .adv_w = 134, .box_w = 7, .box_h = 12, .ofs_x = 1, .ofs_y = -3},
    {.bitmap_index = 6842, .adv_w = 134, .box_w = 6, .box_h = 13, .ofs_x = 1, .ofs_y = -3},
    {.bitmap_index = 6866, .adv_w = 134, .box_w = 7, .box_h = 12, .ofs_x = 1, .ofs_y = 0},
    {.bitmap_index = 6887, .adv_w = 134, .box_w = 5, .box_h = 7, .ofs_x = 1, .ofs_y = 0},
    {.bitmap_index = 6895, .adv_w = 134, .box_w = 6, .box_h = 11, .ofs_x = 1, .ofs_y = -2},
    {.bitmap_index = 6908, .adv_w = 134, .box_w = 7, .box_h = 13, .ofs_x = 1, .ofs_y = -3},
    {.bitmap_index = 6934, .adv_w = 134, .box_w = 6, .box_h = 12, .ofs_x = 1, .ofs_y = 0},
    {.bitmap_index = 6958, .adv_w = 134, .box_w = 8, .box_h = 14, .ofs_x = 0, .ofs_y = -3},
    {.bitmap_index = 6991, .adv_w = 134, .box_w = 8, .box_h = 12, .ofs_x = 1, .ofs_y = -3},
    {.bitmap_index = 7032, .adv_w = 134, .box_w = 8, .box_h = 13, .ofs_x = 1, .ofs_y = -3},
    {.bitmap_index = 7070, .adv_w = 134, .box_w = 8, .box_h = 7, .ofs_x = 1, .ofs_y = 0},
    {.bitmap_index = 7095, .adv_w = 134, .box_w = 7, .box_h = 12, .ofs_x = 1, .ofs_y = 0},
    {.bitmap_index = 7111, .adv_w = 134, .box_w = 7, .box_h = 14, .ofs_x = 1, .ofs_y = 0},
    {.bitmap_index = 7134, .adv_w = 134, .box_w = 7, .box_h = 12, .ofs_x = 1, .ofs_y = -3},
    {.bitmap_index = 7150, .adv_w = 134, .box_w = 7, .box_h = 13, .ofs_x = 1, .ofs_y = -3},
    {.bitmap_index = 7173, .adv_w = 134, .box_w = 7, .box_h = 11, .ofs_x = 1, .ofs_y = 0},
    {.bitmap_index = 7190, .adv_w = 134, .box_w = 7, .box_h = 12, .ofs_x = 1, .ofs_y = 0},
    {.bitmap_index = 7214, .adv_w = 134, .box_w = 7, .box_h = 9, .ofs_x = 1, .ofs_y = 0},
    {.bitmap_index = 7231, .adv_w = 134, .box_w = 9, .box_h = 10, .ofs_x = 0, .ofs_y = 0},
    {.bitmap_index = 7256, .adv_w = 134, .box_w = 8, .box_h = 9, .ofs_x = 0, .ofs_y = 0},
    {.bitmap_index = 7278, .adv_w = 134, .box_w = 7, .box_h = 10, .ofs_x = 1, .ofs_y = 0},
    {.bitmap_index = 7307, .adv_w = 134, .box_w = 7, .box_h = 12, .ofs_x = 1, .ofs_y = 0},
    {.bitmap_index = 7343, .adv_w = 134, .box_w = 7, .box_h = 12, .ofs_x = 1, .ofs_y = 0},
    {.bitmap_index = 7372, .adv_w = 134, .box_w = 7, .box_h = 12, .ofs_x = 1, .ofs_y = -3},
    {.bitmap_index = 7409, .adv_w = 134, .box_w = 7, .box_h = 10, .ofs_x = 1, .ofs_y = -3},
    {.bitmap_index = 7436, .adv_w = 134, .box_w = 7, .box_h = 12, .ofs_x = 1, .ofs_y = 0},
    {.bitmap_index = 7473, .adv_w = 134, .box_w = 7, .box_h = 11, .ofs_x = 1, .ofs_y = 0},
    {.bitmap_index = 7503, .adv_w = 134, .box_w = 10, .box_h = 10, .ofs_x = -1, .ofs_y = 0},
    {.bitmap_index = 7534, .adv_w = 134, .box_w = 7, .box_h = 9, .ofs_x = 1, .ofs_y = 0},
    {.bitmap_index = 7561, .adv_w = 134, .box_w = 7, .box_h = 10, .ofs_x = 1, .ofs_y = -3},
    {.bitmap_index = 7585, .adv_w = 134, .box_w = 8, .box_h = 11, .ofs_x = 0, .ofs_y = 0},
    {.bitmap_index = 7626, .adv_w = 134, .box_w = 8, .box_h = 9, .ofs_x = 0, .ofs_y = 0},
    {.bitmap_index = 7661, .adv_w = 134, .box_w = 8, .box_h = 13, .ofs_x = 0, .ofs_y = 0},
    {.bitmap_index = 7708, .adv_w = 134, .box_w = 8, .box_h = 11, .ofs_x = 0, .ofs_y = 0},
    {.bitmap_index = 7752, .adv_w = 134, .box_w = 8, .box_h = 12, .ofs_x = 0, .ofs_y = 0},
    {.bitmap_index = 7798, .adv_w = 134, .box_w = 8, .box_h = 11, .ofs_x = 0, .ofs_y = 0},
    {.bitmap_index = 7841, .adv_w = 134, .box_w = 9, .box_h = 9, .ofs_x = 0, .ofs_y = 0},
    {.bitmap_index = 7876, .adv_w = 134, .box_w = 9, .box_h = 7, .ofs_x = 0, .ofs_y = 0},
    {.bitmap_index = 7908, .adv_w = 134, .box_w = 7, .box_h = 12, .ofs_x = 1, .ofs_y = 0},
    {.bitmap_index = 7946, .adv_w = 134, .box_w = 6, .box_h = 12, .ofs_x = 2, .ofs_y = 0},
    {.bitmap_index = 7971, .adv_w = 134, .box_w = 7, .box_h = 12, .ofs_x = 1, .ofs_y = -3},
    {.bitmap_index = 8010, .adv_w = 134, .box_w = 7, .box_h = 10, .ofs_x = 1, .ofs_y = -3},
    {.bitmap_index = 8033, .adv_w = 134, .box_w = 7, .box_h = 12, .ofs_x = 1, .ofs_y = 0},
    {.bitmap_index = 8072, .adv_w = 134, .box_w = 6, .box_h = 11, .ofs_x = 2, .ofs_y = 0},
    {.bitmap_index = 8097, .adv_w = 134, .box_w = 8, .box_h = 12, .ofs_x = 0, .ofs_y = 0},
    {.bitmap_index = 8141, .adv_w = 134, .box_w = 7, .box_h = 11, .ofs_x = 1, .ofs_y = 0},
    {.bitmap_index = 8177, .adv_w = 134, .box_w = 8, .box_h = 12, .ofs_x = 0, .ofs_y = 0},
    {.bitmap_index = 8223, .adv_w = 134, .box_w = 7, .box_h = 11, .ofs_x = 1, .ofs_y = 0},
    {.bitmap_index = 8262, .adv_w = 134, .box_w = 8, .box_h = 12, .ofs_x = 0, .ofs_y = -3},
    {.bitmap_index = 8308, .adv_w = 134, .box_w = 7, .box_h = 10, .ofs_x = 1, .ofs_y = -3},
    {.bitmap_index = 8343, .adv_w = 134, .box_w = 8, .box_h = 12, .ofs_x = 0, .ofs_y = 0},
    {.bitmap_index = 8389, .adv_w = 134, .box_w = 7, .box_h = 11, .ofs_x = 1, .ofs_y = 0},
    {.bitmap_index = 8428, .adv_w = 134, .box_w = 8, .box_h = 12, .ofs_x = 0, .ofs_y = -3},
    {.bitmap_index = 8448, .adv_w = 134, .box_w = 8, .box_h = 12, .ofs_x = 0, .ofs_y = -3},
    {.bitmap_index = 8483, .adv_w = 134, .box_w = 8, .box_h = 12, .ofs_x = 0, .ofs_y = 0},
    {.bitmap_index = 8505, .adv_w = 134, .box_w = 8, .box_h = 12, .ofs_x = 0, .ofs_y = 0},
    {.bitmap_index = 8540, .adv_w = 134, .box_w = 8, .box_h = 9, .ofs_x = 0, .ofs_y = 0},
    {.bitmap_index = 8561, .adv_w = 134, .box_w = 8, .box_h = 9, .ofs_x = 0, .ofs_y = 0},
    {.bitmap_index = 8591, .adv_w = 134, .box_w = 7, .box_h = 12, .ofs_x = 1, .ofs_y = 0},
    {.bitmap_index = 8619, .adv_w = 134, .box_w = 7, .box_h = 10, .ofs_x = 1, .ofs_y = 0},
    {.bitmap_index = 8646, .adv_w = 134, .box_w = 7, .box_h = 11, .ofs_x = 1, .ofs_y = 0},
    {.bitmap_index = 8670, .adv_w = 134, .box_w = 7, .box_h = 9, .ofs_x = 1, .ofs_y = 0},
    {.bitmap_index = 8693, .adv_w = 134, .box_w = 7, .box_h = 13, .ofs_x = 1, .ofs_y = 0},
    {.bitmap_index = 8723, .adv_w = 134, .box_w = 7, .box_h = 11, .ofs_x = 1, .ofs_y = 0},
    {.bitmap_index = 8754, .adv_w = 134, .box_w = 7, .box_h = 13, .ofs_x = 1, .ofs_y = 0},
    {.bitmap_index = 8785, .adv_w = 134, .box_w = 7, .box_h = 11, .ofs_x = 1, .ofs_y = 0},
    {.bitmap_index = 8815, .adv_w = 134, .box_w = 7, .box_h = 13, .ofs_x = 1, .ofs_y = 0},
    {.bitmap_index = 8844, .adv_w = 134, .box_w = 7, .box_h = 11, .ofs_x = 1, .ofs_y = 0},
    {.bitmap_index = 8875, .adv_w = 134, .box_w = 7, .box_h = 12, .ofs_x = 1, .ofs_y = -3},
    {.bitmap_index = 8902, .adv_w = 134, .box_w = 7, .box_h = 10, .ofs_x = 1, .ofs_y = -3},
    {.bitmap_index = 8928, .adv_w = 134, .box_w = 9, .box_h = 12, .ofs_x = 0, .ofs_y = 0},
    {.bitmap_index = 8981, .adv_w = 134, .box_w = 9, .box_h = 11, .ofs_x = 0, .ofs_y = 0},
    {.bitmap_index = 9029, .adv_w = 134, .box_w = 8, .box_h = 12, .ofs_x = 0, .ofs_y = 0},
    {.bitmap_index = 9068, .adv_w = 134, .box_w = 8, .box_h = 14, .ofs_x = 0, .ofs_y = -3},
    {.bitmap_index = 9119, .adv_w = 134, .box_w = 8, .box_h = 12, .ofs_x = 0, .ofs_y = 0},
    {.bitmap_index = 9157, .adv_w = 134, .box_w = 8, .box_h = 12, .ofs_x = 0, .ofs_y = 0},
    {.bitmap_index = 9197, .adv_w = 134, .box_w = 7, .box_h = 12, .ofs_x = 1, .ofs_y = 0},
    {.bitmap_index = 9232, .adv_w = 134, .box_w = 8, .box_h = 12, .ofs_x = 0, .ofs_y = 0},
    {.bitmap_index = 9271, .adv_w = 134, .box_w = 7, .box_h = 10, .ofs_x = 1, .ofs_y = 0},
    {.bitmap_index = 9303, .adv_w = 134, .box_w = 8, .box_h = 12, .ofs_x = 0, .ofs_y = 0},
    {.bitmap_index = 9343, .adv_w = 134, .box_w = 7, .box_h = 11, .ofs_x = 1, .ofs_y = 0},
    {.bitmap_index = 9379, .adv_w = 134, .box_w = 8, .box_h = 10, .ofs_x = 1, .ofs_y = 0},
    {.bitmap_index = 9398, .adv_w = 134, .box_w = 7, .box_h = 12, .ofs_x = 1, .ofs_y = 0},
    {.bitmap_index = 9428, .adv_w = 134, .box_w = 7, .box_h = 12, .ofs_x = 1, .ofs_y = 0},
    {.bitmap_index = 9458, .adv_w = 134, .box_w = 9, .box_h = 9, .ofs_x = 0, .ofs_y = 0},
    {.bitmap_index = 9488, .adv_w = 134, .box_w = 7, .box_h = 12, .ofs_x = 1, .ofs_y = 0},
    {.bitmap_index = 9507, .adv_w = 134, .box_w = 8, .box_h = 9, .ofs_x = 0, .ofs_y = 0},
    {.bitmap_index = 9539, .adv_w = 134, .box_w = 8, .box_h = 9, .ofs_x = 0, .ofs_y = 0},
    {.bitmap_index = 9574, .adv_w = 134, .box_w = 7, .box_h = 9, .ofs_x = 1, .ofs_y = 0},
    {.bitmap_index = 9587, .adv_w = 134, .box_w = 7, .box_h = 12, .ofs_x = 1, .ofs_y = 0},
    {.bitmap_index = 9609, .adv_w = 134, .box_w = 6, .box_h = 9, .ofs_x = 1, .ofs_y = 0},
    {.bitmap_index = 9624, .adv_w = 134, .box_w = 10, .box_h = 9, .ofs_x = -1, .ofs_y = 0},
    {.bitmap_index = 9663, .adv_w = 134, .box_w = 9, .box_h = 9, .ofs_x = 0, .ofs_y = 0},
    {.bitmap_index = 9688, .adv_w = 134, .box_w = 8, .box_h = 9, .ofs_x = 0, .ofs_y = 0},
    {.bitmap_index = 9714, .adv_w = 134, .box_w = 8, .box_h = 12, .ofs_x = 1, .ofs_y = 0},
    {.bitmap_index = 9753, .adv_w = 134, .box_w = 7, .box_h = 12, .ofs_x = 1, .ofs_y = 0},
    {.bitmap_index = 9789, .adv_w = 134, .box_w = 8, .box_h = 12, .ofs_x = 0, .ofs_y = 0},
    {.bitmap_index = 9834, .adv_w = 134, .box_w = 7, .box_h = 12, .ofs_x = 1, .ofs_y = -3},
    {.bitmap_index = 9851, .adv_w = 134, .box_w = 8, .box_h = 9, .ofs_x = 0, .ofs_y = 0},
    {.bitmap_index = 9884, .adv_w = 134, .box_w = 7, .box_h = 9, .ofs_x = 1, .ofs_y = 0},
    {.bitmap_index = 9909, .adv_w = 134, .box_w = 7, .box_h = 9, .ofs_x = 1, .ofs_y = 0},
    {.bitmap_index = 9939, .adv_w = 134, .box_w = 7, .box_h = 9, .ofs_x = 1, .ofs_y = 0},
    {.bitmap_index = 9948, .adv_w = 134, .box_w = 9, .box_h = 12, .ofs_x = 0, .ofs_y = -3},
    {.bitmap_index = 9987, .adv_w = 134, .box_w = 7, .box_h = 9, .ofs_x = 1, .ofs_y = 0},
    {.bitmap_index = 10007, .adv_w = 134, .box_w = 9, .box_h = 9, .ofs_x = 0, .ofs_y = 0},
    {.bitmap_index = 10047, .adv_w = 134, .box_w = 8, .box_h = 9, .ofs_x = 0, .ofs_y = 0},
    {.bitmap_index = 10082, .adv_w = 134, .box_w = 7, .box_h = 9, .ofs_x = 1, .ofs_y = 0},
    {.bitmap_index = 10109, .adv_w = 134, .box_w = 7, .box_h = 12, .ofs_x = 1, .ofs_y = 0},
    {.bitmap_index = 10147, .adv_w = 134, .box_w = 8, .box_h = 10, .ofs_x = 1, .ofs_y = 0},
    {.bitmap_index = 10178, .adv_w = 134, .box_w = 8, .box_h = 9, .ofs_x = 0, .ofs_y = 0},
    {.bitmap_index = 10206, .adv_w = 134, .box_w = 7, .box_h = 9, .ofs_x = 1, .ofs_y = 0},
    {.bitmap_index = 10234, .adv_w = 134, .box_w = 7, .box_h = 9, .ofs_x = 1, .ofs_y = 0},
    {.bitmap_index = 10252, .adv_w = 134, .box_w = 8, .box_h = 9, .ofs_x = 0, .ofs_y = 0},
    {.bitmap_index = 10287, .adv_w = 134, .box_w = 7, .box_h = 9, .ofs_x = 1, .ofs_y = 0},
    {.bitmap_index = 10296, .adv_w = 134, .box_w = 7, .box_h = 9, .ofs_x = 1, .ofs_y = 0},
    {.bitmap_index = 10319, .adv_w = 134, .box_w = 8, .box_h = 9, .ofs_x = 0, .ofs_y = 0},
    {.bitmap_index = 10351, .adv_w = 134, .box_w = 8, .box_h = 9, .ofs_x = 0, .ofs_y = 0},
    {.bitmap_index = 10361, .adv_w = 134, .box_w = 8, .box_h = 9, .ofs_x = 0, .ofs_y = 0},
    {.bitmap_index = 10395, .adv_w = 134, .box_w = 9, .box_h = 9, .ofs_x = 0, .ofs_y = 0},
    {.bitmap_index = 10434, .adv_w = 134, .box_w = 8, .box_h = 9, .ofs_x = 0, .ofs_y = 0},
    {.bitmap_index = 10469, .adv_w = 134, .box_w = 8, .box_h = 12, .ofs_x = 1, .ofs_y = -3},
    {.bitmap_index = 10486, .adv_w = 134, .box_w = 8, .box_h = 9, .ofs_x = 0, .ofs_y = 0},
    {.bitmap_index = 10508, .adv_w = 134, .box_w = 8, .box_h = 9, .ofs_x = 0, .ofs_y = 0},
    {.bitmap_index = 10519, .adv_w = 134, .box_w = 9, .box_h = 12, .ofs_x = 0, .ofs_y = -3},
    {.bitmap_index = 10538, .adv_w = 134, .box_w = 9, .box_h = 9, .ofs_x = 0, .ofs_y = 0},
    {.bitmap_index = 10562, .adv_w = 134, .box_w = 8, .box_h = 9, .ofs_x = 0, .ofs_y = 0},
    {.bitmap_index = 10586, .adv_w = 134, .box_w = 7, .box_h = 9, .ofs_x = 1, .ofs_y = 0},
    {.bitmap_index = 10607, .adv_w = 134, .box_w = 8, .box_h = 9, .ofs_x = 0, .ofs_y = 0},
    {.bitmap_index = 10641, .adv_w = 134, .box_w = 8, .box_h = 9, .ofs_x = 0, .ofs_y = 0},
    {.bitmap_index = 10675, .adv_w = 134, .box_w = 8, .box_h = 9, .ofs_x = 0, .ofs_y = 0},
    {.bitmap_index = 10706, .adv_w = 134, .box_w = 7, .box_h = 7, .ofs_x = 1, .ofs_y = 0},
    {.bitmap_index = 10731, .adv_w = 134, .box_w = 7, .box_h = 11, .ofs_x = 1, .ofs_y = 0},
    {.bitmap_index = 10769, .adv_w = 134, .box_w = 7, .box_h = 7, .ofs_x = 1, .ofs_y = 0},
    {.bitmap_index = 10792, .adv_w = 134, .box_w = 6, .box_h = 7, .ofs_x = 2, .ofs_y = 0},
    {.bitmap_index = 10800, .adv_w = 134, .box_w = 8, .box_h = 10, .ofs_x = 0, .ofs_y = -3},
    {.bitmap_index = 10832, .adv_w = 134, .box_w = 8, .box_h = 7, .ofs_x = 0, .ofs_y = 0},
    {.bitmap_index = 10860, .adv_w = 134, .box_w = 9, .box_h = 7, .ofs_x = 0, .ofs_y = 0},
    {.bitmap_index = 10892, .adv_w = 134, .box_w = 8, .box_h = 7, .ofs_x = 0, .ofs_y = 0},
    {.bitmap_index = 10920, .adv_w = 134, .box_w = 6, .box_h = 7, .ofs_x = 1, .ofs_y = 0},
    {.bitmap_index = 10941, .adv_w = 134, .box_w = 6, .box_h = 10, .ofs_x = 1, .ofs_y = 0},
    {.bitmap_index = 10971, .adv_w = 134, .box_w = 7, .box_h = 8, .ofs_x = 1, .ofs_y = 0},
    {.bitmap_index = 10995, .adv_w = 134, .box_w = 7, .box_h = 7, .ofs_x = 0, .ofs_y = 0},
    {.bitmap_index = 11016, .adv_w = 134, .box_w = 8, .box_h = 7, .ofs_x = 0, .ofs_y = 0},
    {.bitmap_index = 11042, .adv_w = 134, .box_w = 7, .box_h = 7, .ofs_x = 1, .ofs_y = 0},
    {.bitmap_index = 11059, .adv_w = 134, .box_w = 8, .box_h = 7, .ofs_x = 0, .ofs_y = 0},
    {.bitmap_index = 11088, .adv_w = 134, .box_w = 7, .box_h = 7, .ofs_x = 1, .ofs_y = 0},
    {.bitmap_index = 11096, .adv_w = 134, .box_w = 7, .box_h = 10, .ofs_x = 1, .ofs_y = -3},
    {.bitmap_index = 11125, .adv_w = 134, .box_w = 7, .box_h = 7, .ofs_x = 1, .ofs_y = 0},
    {.bitmap_index = 11148, .adv_w = 134, .box_w = 8, .box_h = 7, .ofs_x = 0, .ofs_y = 0},
    {.bitmap_index = 11158, .adv_w = 134, .box_w = 8, .box_h = 10, .ofs_x = 0, .ofs_y = -3},
    {.bitmap_index = 11195, .adv_w = 134, .box_w = 8, .box_h = 13, .ofs_x = 0, .ofs_y = -3},
    {.bitmap_index = 11235, .adv_w = 134, .box_w = 8, .box_h = 7, .ofs_x = 0, .ofs_y = 0},
    {.bitmap_index = 11263, .adv_w = 134, .box_w = 7, .box_h = 10, .ofs_x = 1, .ofs_y = -3},
    {.bitmap_index = 11279, .adv_w = 134, .box_w = 6, .box_h = 7, .ofs_x = 1, .ofs_y = 0},
    {.bitmap_index = 11296, .adv_w = 134, .box_w = 8, .box_h = 7, .ofs_x = 0, .ofs_y = 0},
    {.bitmap_index = 11307, .adv_w = 134, .box_w = 9, .box_h = 10, .ofs_x = 0, .ofs_y = -3},
    {.bitmap_index = 11326, .adv_w = 134, .box_w = 8, .box_h = 7, .ofs_x = 0, .ofs_y = 0},
    {.bitmap_index = 11345, .adv_w = 134, .box_w = 8, .box_h = 7, .ofs_x = 0, .ofs_y = 0},
    {.bitmap_index = 11363, .adv_w = 134, .box_w = 7, .box_h = 7, .ofs_x = 1, .ofs_y = 0},
    {.bitmap_index = 11379, .adv_w = 134, .box_w = 8, .box_h = 7, .ofs_x = 0, .ofs_y = 0},
    {.bitmap_index = 11408, .adv_w = 134, .box_w = 8, .box_h = 7, .ofs_x = 0, .ofs_y = 0},
    {.bitmap_index = 11435, .adv_w = 134, .box_w = 8, .box_h = 7, .ofs_x = 0, .ofs_y = 0},
    {.bitmap_index = 11460, .adv_w = 134, .box_w = 8, .box_h = 11, .ofs_x = 0, .ofs_y = 0},
    {.bitmap_index = 11500, .adv_w = 134, .box_w = 8, .box_h = 10, .ofs_x = 0, .ofs_y = 0},
    {.bitmap_index = 11540, .adv_w = 134, .box_w = 8, .box_h = 14, .ofs_x = 0, .ofs_y = -3},
    {.bitmap_index = 11586, .adv_w = 134, .box_w = 6, .box_h = 12, .ofs_x = 2, .ofs_y = 0},
    {.bitmap_index = 11606, .adv_w = 134, .box_w = 7, .box_h = 7, .ofs_x = 1, .ofs_y = 0},
    {.bitmap_index = 11632, .adv_w = 134, .box_w = 7, .box_h = 7, .ofs_x = 1, .ofs_y = 0},
    {.bitmap_index = 11658, .adv_w = 134, .box_w = 5, .box_h = 10, .ofs_x = 1, .ofs_y = 0},
    {.bitmap_index = 11673, .adv_w = 134, .box_w = 6, .box_h = 10, .ofs_x = 1, .ofs_y = 0},
    {.bitmap_index = 11691, .adv_w = 134, .box_w = 6, .box_h = 13, .ofs_x = 0, .ofs_y = -3},
    {.bitmap_index = 11714, .adv_w = 134, .box_w = 9, .box_h = 7, .ofs_x = -1, .ofs_y = 0},
    {.bitmap_index = 11744, .adv_w = 134, .box_w = 8, .box_h = 7, .ofs_x = 0, .ofs_y = 0},
    {.bitmap_index = 11763, .adv_w = 134, .box_w = 8, .box_h = 11, .ofs_x = 0, .ofs_y = 0},
    {.bitmap_index = 11794, .adv_w = 134, .box_w = 7, .box_h = 12, .ofs_x = 1, .ofs_y = 0},
    {.bitmap_index = 11829, .adv_w = 134, .box_w = 6, .box_h = 12, .ofs_x = 1, .ofs_y = 0},
    {.bitmap_index = 11861, .adv_w = 134, .box_w = 8, .box_h = 13, .ofs_x = 0, .ofs_y = -3},
    {.bitmap_index = 11910, .adv_w = 134, .box_w = 6, .box_h = 10, .ofs_x = 1, .ofs_y = -3},
    {.bitmap_index = 11928, .adv_w = 134, .box_w = 8, .box_h = 10, .ofs_x = 0, .ofs_y = 0},
    {.bitmap_index = 11960, .adv_w = 134, .box_w = 8, .box_h = 9, .ofs_x = 0, .ofs_y = 0},
    {.bitmap_index = 11987, .adv_w = 134, .box_w = 8, .box_h = 9, .ofs_x = 0, .ofs_y = 0},
    {.bitmap_index = 12022, .adv_w = 134, .box_w = 8, .box_h = 7, .ofs_x = 0, .ofs_y = 0},
    {.bitmap_index = 12050, .adv_w = 134, .box_w = 9, .box_h = 10, .ofs_x = 0, .ofs_y = 0},
    {.bitmap_index = 12089, .adv_w = 134, .box_w = 8, .box_h = 8, .ofs_x = 0, .ofs_y = 0},
    {.bitmap_index = 12118, .adv_w = 134, .box_w = 7, .box_h = 12, .ofs_x = 1, .ofs_y = 0},
    {.bitmap_index = 12135, .adv_w = 134, .box_w = 6, .box_h = 9, .ofs_x = 2, .ofs_y = 0},
    {.bitmap_index = 12148, .adv_w = 134, .box_w = 8, .box_h = 9, .ofs_x = 0, .ofs_y = 0},
    {.bitmap_index = 12168, .adv_w = 134, .box_w = 7, .box_h = 7, .ofs_x = 1, .ofs_y = 0},
    {.bitmap_index = 12185, .adv_w = 134, .box_w = 9, .box_h = 12, .ofs_x = 0, .ofs_y = -3},
    {.bitmap_index = 12234, .adv_w = 134, .box_w = 9, .box_h = 10, .ofs_x = 0, .ofs_y = -3},
    {.bitmap_index = 12275, .adv_w = 134, .box_w = 8, .box_h = 12, .ofs_x = 0, .ofs_y = -3},
    {.bitmap_index = 12318, .adv_w = 134, .box_w = 8, .box_h = 10, .ofs_x = 0, .ofs_y = -3},
    {.bitmap_index = 12355, .adv_w = 134, .box_w = 8, .box_h = 13, .ofs_x = 1, .ofs_y = -3},
    {.bitmap_index = 12393, .adv_w = 134, .box_w = 8, .box_h = 11, .ofs_x = 1, .ofs_y = -3},
    {.bitmap_index = 12427, .adv_w = 134, .box_w = 9, .box_h = 10, .ofs_x = 0, .ofs_y = 0},
    {.bitmap_index = 12459, .adv_w = 134, .box_w = 9, .box_h = 8, .ofs_x = 0, .ofs_y = 0},
    {.bitmap_index = 12486, .adv_w = 134, .box_w = 8, .box_h = 12, .ofs_x = 1, .ofs_y = -3},
    {.bitmap_index = 12513, .adv_w = 134, .box_w = 7, .box_h = 10, .ofs_x = 1, .ofs_y = -3},
    {.bitmap_index = 12539, .adv_w = 134, .box_w = 8, .box_h = 12, .ofs_x = 0, .ofs_y = -3},
    {.bitmap_index = 12581, .adv_w = 134, .box_w = 7, .box_h = 10, .ofs_x = 1, .ofs_y = -3},
    {.bitmap_index = 12613, .adv_w = 134, .box_w = 8, .box_h = 9, .ofs_x = 0, .ofs_y = 0},
    {.bitmap_index = 12642, .adv_w = 134, .box_w = 8, .box_h = 10, .ofs_x = 0, .ofs_y = -3},
    {.bitmap_index = 12674, .adv_w = 134, .box_w = 8, .box_h = 9, .ofs_x = 0, .ofs_y = 0},
    {.bitmap_index = 12705, .adv_w = 134, .box_w = 8, .box_h = 10, .ofs_x = 0, .ofs_y = -3},
    {.bitmap_index = 12740, .adv_w = 134, .box_w = 8, .box_h = 12, .ofs_x = 0, .ofs_y = -3},
    {.bitmap_index = 12783, .adv_w = 134, .box_w = 8, .box_h = 10, .ofs_x = 0, .ofs_y = -3},
    {.bitmap_index = 12819, .adv_w = 134, .box_w = 9, .box_h = 12, .ofs_x = 0, .ofs_y = -3},
    {.bitmap_index = 12849, .adv_w = 134, .box_w = 7, .box_h = 10, .ofs_x = 1, .ofs_y = -3},
    {.bitmap_index = 12875, .adv_w = 134, .box_w = 7, .box_h = 9, .ofs_x = 1, .ofs_y = 0},
    {.bitmap_index = 12895, .adv_w = 134, .box_w = 7, .box_h = 11, .ofs_x = 1, .ofs_y = 0},
    {.bitmap_index = 12917, .adv_w = 134, .box_w = 7, .box_h = 9, .ofs_x = 1, .ofs_y = 0},
    {.bitmap_index = 12930, .adv_w = 134, .box_w = 9, .box_h = 12, .ofs_x = 0, .ofs_y = 0},
    {.bitmap_index = 12982, .adv_w = 134, .box_w = 9, .box_h = 10, .ofs_x = 0, .ofs_y = 0},
    {.bitmap_index = 13026, .adv_w = 134, .box_w = 7, .box_h = 10, .ofs_x = 1, .ofs_y = 0},
    {.bitmap_index = 13040, .adv_w = 134, .box_w = 8, .box_h = 12, .ofs_x = 0, .ofs_y = 0},
    {.bitmap_index = 13084, .adv_w = 134, .box_w = 7, .box_h = 11, .ofs_x = 1, .ofs_y = 0},
    {.bitmap_index = 13123, .adv_w = 134, .box_w = 10, .box_h = 9, .ofs_x = -1, .ofs_y = 0},
    {.bitmap_index = 13160, .adv_w = 134, .box_w = 9, .box_h = 7, .ofs_x = 0, .ofs_y = 0},
    {.bitmap_index = 13192, .adv_w = 134, .box_w = 7, .box_h = 12, .ofs_x = 1, .ofs_y = 0},
    {.bitmap_index = 13223, .adv_w = 134, .box_w = 8, .box_h = 11, .ofs_x = 0, .ofs_y = 0},
    {.bitmap_index = 13266, .adv_w = 134, .box_w = 8, .box_h = 9, .ofs_x = 0, .ofs_y = 0},
    {.bitmap_index = 13300, .adv_w = 134, .box_w = 8, .box_h = 7, .ofs_x = 0, .ofs_y = 0},
    {.bitmap_index = 13328, .adv_w = 134, .box_w = 7, .box_h = 11, .ofs_x = 1, .ofs_y = 0},
    {.bitmap_index = 13362, .adv_w = 134, .box_w = 6, .box_h = 9, .ofs_x = 1, .ofs_y = 0},
    {.bitmap_index = 13388, .adv_w = 134, .box_w = 8, .box_h = 13, .ofs_x = 0, .ofs_y = 0},
    {.bitmap_index = 13435, .adv_w = 134, .box_w = 8, .box_h = 10, .ofs_x = 0, .ofs_y = 0},
    {.bitmap_index = 13475, .adv_w = 134, .box_w = 8, .box_h = 9, .ofs_x = 0, .ofs_y = 0},
    {.bitmap_index = 13510, .adv_w = 134, .box_w = 8, .box_h = 7, .ofs_x = 0, .ofs_y = 0},
    {.bitmap_index = 13538, .adv_w = 134, .box_w = 8, .box_h = 11, .ofs_x = 0, .ofs_y = 0},
    {.bitmap_index = 13579, .adv_w = 134, .box_w = 8, .box_h = 12, .ofs_x = 0, .ofs_y = -3},
    {.bitmap_index = 13623, .adv_w = 134, .box_w = 8, .box_h = 13, .ofs_x = 0, .ofs_y = 0},
    {.bitmap_index = 13669, .adv_w = 134, .box_w = 8, .box_h = 14, .ofs_x = 0, .ofs_y = -3},
    {.bitmap_index = 13720, .adv_w = 134, .box_w = 7, .box_h = 2, .ofs_x = 1, .ofs_y = 2},
    {.bitmap_index = 13725, .adv_w = 134, .box_w = 9, .box_h = 2, .ofs_x = 0, .ofs_y = 2},
    {.bitmap_index = 13730, .adv_w = 134, .box_w = 4, .box_h = 6, .ofs_x = 2, .ofs_y = 4},
    {.bitmap_index = 13743, .adv_w = 134, .box_w = 3, .box_h = 5, .ofs_x = 3, .ofs_y = 5},
    {.bitmap_index = 13751, .adv_w = 134, .box_w = 3, .box_h = 6, .ofs_x = 3, .ofs_y = -3},
    {.bitmap_index = 13760, .adv_w = 134, .box_w = 4, .box_h = 5, .ofs_x = 2, .ofs_y = 5},
    {.bitmap_index = 13771, .adv_w = 134, .box_w = 6, .box_h = 6, .ofs_x = 1, .ofs_y = 4},
    {.bitmap_index = 13789, .adv_w = 134, .box_w = 7, .box_h = 5, .ofs_x = 1, .ofs_y = 5},
    {.bitmap_index = 13807, .adv_w = 134, .box_w = 5, .box_h = 5, .ofs_x = 2, .ofs_y = 2},
    {.bitmap_index = 13820, .adv_w = 134, .box_w = 8, .box_h = 3, .ofs_x = 0, .ofs_y = 0},
    {.bitmap_index = 13830, .adv_w = 134, .box_w = 8, .box_h = 9, .ofs_x = 0, .ofs_y = 0},
    {.bitmap_index = 13865, .adv_w = 134, .box_w = 9, .box_h = 5, .ofs_x = -1, .ofs_y = 5}
};

/*---------------------
 *  CHARACTER MAPPING
 *--------------------*/

static const uint16_t unicode_list_3[] = {
    0x0, 0x1, 0x10, 0x11, 0x12, 0x13, 0x2e, 0x2f,
    0x30, 0x31, 0x34, 0x35, 0x36, 0x37, 0x38, 0x39,
    0x3e, 0x3f, 0x40, 0x41, 0x48, 0x49, 0x4c, 0x4d,
    0x4e, 0x4f, 0x50, 0x51, 0x54, 0x55, 0x58, 0x59,
    0x5e, 0x5f, 0x60, 0x6d, 0x6e, 0x6f, 0x72, 0x73,
    0x74, 0x75, 0x76, 0x77, 0x80, 0x81, 0x84, 0x85,
    0x86, 0x87, 0x8c, 0x8d, 0x90, 0x91, 0x1bb1, 0x1bb2,
    0x1bb6, 0x1bb7, 0x1bb8, 0x1bb9, 0x1bba, 0x1bbb, 0x1bc0, 0x1bc4,
    0x1c4a, 0x1cc0
};

/*Collect the unicode lists and glyph_id offsets*/
static const lv_font_fmt_txt_cmap_t cmaps[] =
{
    {
        .range_start = 32, .range_length = 95, .glyph_id_start = 1,
        .unicode_list = NULL, .glyph_id_ofs_list = NULL, .list_length = 0, .type = LV_FONT_FMT_TXT_CMAP_FORMAT0_TINY
    },
    {
        .range_start = 160, .range_length = 224, .glyph_id_start = 96,
        .unicode_list = NULL, .glyph_id_ofs_list = NULL, .list_length = 0, .type = LV_FONT_FMT_TXT_CMAP_FORMAT0_TINY
    },
    {
        .range_start = 1024, .range_length = 96, .glyph_id_start = 320,
        .unicode_list = NULL, .glyph_id_ofs_list = NULL, .list_length = 0, .type = LV_FONT_FMT_TXT_CMAP_FORMAT0_TINY
    },
    {
        .range_start = 1122, .range_length = 7361, .glyph_id_start = 416,
        .unicode_list = unicode_list_3, .glyph_id_ofs_list = NULL, .list_length = 66, .type = LV_FONT_FMT_TXT_CMAP_SPARSE_TINY
    }
};



/*--------------------
 *  ALL CUSTOM DATA
 *--------------------*/

#if LVGL_VERSION_MAJOR == 8
/*Store all the custom data of the font*/
static  lv_font_fmt_txt_glyph_cache_t cache;
#endif

#if LVGL_VERSION_MAJOR >= 8
static const lv_font_fmt_txt_dsc_t font_dsc = {
#else
static lv_font_fmt_txt_dsc_t font_dsc = {
#endif
    .glyph_bitmap = glyph_bitmap,
    .glyph_dsc = glyph_dsc,
    .cmaps = cmaps,
    .kern_dsc = NULL,
    .kern_scale = 0,
    .cmap_num = 4,
    .bpp = 4,
    .kern_classes = 0,
    .bitmap_format = 1,
#if LVGL_VERSION_MAJOR == 8
    .cache = &cache
#endif
};



/*-----------------
 *  PUBLIC FONT
 *----------------*/

/*Initialize a public general font descriptor*/
#if LVGL_VERSION_MAJOR >= 8
lv_font_t source_code_pro_14 = {
#else
lv_font_t source_code_pro_14 = {
#endif
    .get_glyph_dsc = lv_font_get_glyph_dsc_fmt_txt,    /*Function pointer to get glyph's data*/
    .get_glyph_bitmap = lv_font_get_bitmap_fmt_txt,    /*Function pointer to get glyph's bitmap*/
    .line_height = 18,          /*The maximum line height required by the font*/
    .base_line = 4,             /*Baseline measured from the bottom of the line*/
#if !(LVGL_VERSION_MAJOR == 6 && LVGL_VERSION_MINOR == 0)
    .subpx = LV_FONT_SUBPX_NONE,
#endif
#if LV_VERSION_CHECK(7, 4, 0) || LVGL_VERSION_MAJOR >= 8
    .underline_position = -1,
    .underline_thickness = 1,
#endif
    .dsc = &font_dsc,          /*The custom font data. Will be accessed by `get_glyph_bitmap/dsc` */
#if LV_VERSION_CHECK(8, 2, 0) || LVGL_VERSION_MAJOR >= 9
    .fallback = NULL,
#endif
    .user_data = NULL,
};



#endif /*#if SOURCE_CODE_PRO_14*/

