/*******************************************************************************
 * Size: 16 px
 * Bpp: 4
 * Opts: --font assets/fonts/materialdesignicons-webfont.ttf --size 16 --bpp 4 --format lvgl --range 0xF0026,0xF0028,0xF0029,0xF05D8,0xF093A,0xF009A,0xF00AD,0xF00E4,0xF00AF,0xF00B1,0xF0B5C,0xF05DA,0xF0625,0xF0109,0xF011D,0xF012A,0xF012C,0xF0E1E,0xF0140,0xF0141,0xF0142,0xF0143,0xF0150,0xF0156,0xF0159,0xF0169,0xF0174,0xF018D,0xF018F,0xF01A4,0xF01B4,0xF01BC,0xF01D9,0xF01DA,0xF01EA,0xF0E9F,0xF01FA,0xF0200,0xF0208,0xF0209,0xF0210,0xF0238,0xF0241,0xF024B,0xF0256,0xF0259,0xF0279,0xF02D7,0xF02DC,0xF02E3,0xF02FC,0xF02FD,0xF0317,0xF0328,0xF0335,0xF0339,0xF033E,0xF0FC6,0xF0349,0xF1276,0xF0347,0xF0369,0xF0374,0xF0F1B,0xF0415,0xF046D,0xF03D6,0xF03D8,0xF03E4,0xF03EB,0xF040A,0xF040C,0xF0425,0xF042A,0xF042B,0xF0433,0xF032A,0xF0438,0xF044E,0xF0450,0xF0465,0xF0467,0xF0469,0xF06A9,0xF0479,0xF048A,0xF0493,0xF04B2,0xF04C5,0xF04DB,0xF14F1,0xF04E2,0xF06E4,0xF04E6,0xF03C8,0xF050F,0xF0510,0xF054C,0xF0E04,0xF0E05,0xF0F54,0xF1531,0xF1B2B,0xF0566,0xF0567,0xF0568,0xF056E,0xF0570,0xF0572,0xF057E,0xF0580,0xF0581,0xF058C,0xF05A1,0xF05A9,0xF05AA,0xF05CA,0xF0553,0xF05E1,0xF062C,0xF09AD,0xF062E,0xF06A5,0xF06B0,0xF0709,0xF0717,0xF072E,0xF0731,0xF0734,0xF0737,0xF17BF,0xF073A,0xF0758,0xF02C2,0xF0770,0xF0792,0xF0CE1,0xF0901,0xF0902,0xF0903,0xF0906,0xF0907,0xF0427,0xF0905,0xF0FB3,0xF1107,0xF07E7,0xF1108,0xF14FF,0xF1109,0xF07E8,0xF07E9,0xF06A6,0xF1425,0xF1C3B,0xF0796,0xF0795,0xF0799,0xF081D,0xF1542,0xF1543,0xF091F,0xF0920,0xF0921,0xF0922,0xF0924,0xF0925,0xF0927,0xF0928,0xF092A,0xF095B,0xF0996,0xF022F,0xF0A46,0xF0A66,0xF0A7A,0xF0BEC,0xF0BC2,0xF0D3B,0xF0D49,0xF07F4,0xF0D91,0xF0D4C,0xF0D51,0xF0D55,0xF0E4F,0xF19F0,0xF19F3,0xF10B5,0xF0336,0xF1A4E,0xF1A4F,0xF1A50,0xF1A51,0xF1A52,0xF1A53,0xF1A54,0xF1A55,0xF1A56,0xF06E8,0xF07D6,0xF0E5B,0xF11C0,0xF0EC7,0xF0F85,0xF0F86,0xF0F9C,0xF128D,0xF1323,0xF147D,0xF16B5,0xF16BD,0xF16BF,0xF18B8,0xF02EB,0xF02EE,0xF1274,0xF01A7,0xF04CE,0xF1A45,0xF15EE,0xF1B35,0xF01BE,0xF004C,0xF051F,0xF005D,0xF0045,0xF004D,0xF0054,0xF0042,0xF0043,0xF005B,0xF005C,0xF004E,0xF005F,0xF0E73,0xF0E79,0xF04FE,0xF030C,0xF030F,0xF0311,0xF0632,0xF0636 -o firmware/helixscreen-esp32/components/helixcore/fonts/mdi_icons_16.c
 ******************************************************************************/

#ifdef LV_LVGL_H_INCLUDE_SIMPLE
#include "lvgl.h"
#else
#include "lvgl/lvgl.h"
#endif

#ifndef MDI_ICONS_16
#define MDI_ICONS_16 1
#endif

#if MDI_ICONS_16

/*-----------------
 *    BITMAPS
 *----------------*/

/*Store the image of the glyphs*/
static LV_ATTRIBUTE_LARGE_CONST const uint8_t glyph_bitmap[] = {
    /* U+F0026 "󰀦" */
    0x0, 0xff, 0xe5, 0xc4, 0x0, 0x3f, 0xf8, 0x24,
    0xee, 0x20, 0xf, 0xfe, 0x4, 0x80, 0x24, 0x3,
    0xfe, 0x54, 0x0, 0x22, 0x80, 0x7f, 0xac, 0x22,
    0x1, 0x60, 0x1f, 0xd0, 0x20, 0x44, 0x1, 0x80,
    0xf, 0x89, 0xc0, 0x3c, 0xe4, 0x1, 0xe9, 0x0,
    0xbf, 0xc0, 0x14, 0x0, 0x72, 0x20, 0x2, 0x44,
    0x0, 0x4a, 0x80, 0x1a, 0x40, 0x35, 0xd8, 0x3,
    0x48, 0x4, 0xe4, 0x1, 0xaa, 0x80, 0x18, 0x9c,
    0x6, 0x0, 0x3f, 0xf8, 0x10, 0x20,

    /* U+F0028 "󰀨" */
    0x0, 0xe4, 0x65, 0x20, 0xf, 0xd3, 0xf7, 0x35,
    0xb8, 0x60, 0x18, 0x75, 0x80, 0x38, 0xf1, 0x0,
    0x2a, 0x20, 0x8, 0x40, 0x35, 0x90, 0x22, 0x0,
    0x37, 0x98, 0x6, 0xb0, 0xe0, 0xf, 0xf9, 0x81,
    0x80, 0x3f, 0xf8, 0x4, 0x20, 0x1c, 0xe2, 0x1,
    0xe6, 0x0, 0xe9, 0x20, 0xe, 0x3c, 0x0, 0xee,
    0x30, 0xc, 0x62, 0xc0, 0x1d, 0x24, 0x1, 0xa4,
    0x6, 0x80, 0x33, 0x88, 0x4, 0xaa, 0x0, 0x2d,
    0x0, 0x7c, 0xd4, 0x1, 0x97, 0xa1, 0x8, 0xdb,
    0x24, 0x2,

    /* U+F0029 "󰀩" */
    0x0, 0xf, 0x7f, 0xed, 0x10, 0x8, 0x7c, 0x40,
    0x31, 0x60, 0x80, 0xf8, 0x80, 0xc, 0xc0, 0x2,
    0xc1, 0xf1, 0x0, 0xa6, 0x40, 0x11, 0x60, 0x80,
    0x7f, 0x88, 0x3, 0xff, 0x8b, 0x98, 0x0, 0xff,
    0x33, 0x0, 0x38, 0x40, 0x35, 0x50, 0x3, 0xe,
    0x8, 0x5, 0x32, 0x0, 0x87, 0xcb, 0x4, 0x0,
    0x66, 0x0, 0xf, 0x88, 0x16, 0x8, 0x6, 0x1f,
    0x10,

    /* U+F0042 "󰁂" */
    0x0, 0xfc, 0x60, 0x1f, 0x9f, 0xc, 0x3, 0xcf,
    0x10, 0x3a, 0x50, 0x9, 0xe2, 0xe, 0xe, 0x60,
    0x7, 0x88, 0x38, 0x7, 0x3c, 0x41, 0xc0, 0x39,
    0xe2, 0xe, 0x1, 0xd5, 0x10, 0x70, 0xf, 0x19,
    0x85, 0x98, 0xa0, 0x10, 0x90, 0xdd, 0xde, 0x1,
    0x0,

    /* U+F0043 "󰁃" */
    0x11, 0x0, 0x7e, 0xbc, 0x10, 0xf, 0xac, 0x70,
    0x40, 0x3c, 0x3a, 0x38, 0x20, 0x15, 0x28, 0xe,
    0x8e, 0x8, 0x1, 0x8, 0x0, 0x3a, 0x38, 0x20,
    0x1e, 0x1d, 0x1c, 0x10, 0xf, 0xe, 0x8e, 0x0,
    0x61, 0x77, 0x32, 0x10, 0x80, 0x45, 0x33, 0x30,
    0x8c,

    /* U+F0045 "󰁅" */
    0x0, 0xe4, 0x20, 0xf, 0xf5, 0x28, 0x7, 0xff,
    0x74, 0xac, 0x40, 0x3c, 0xd2, 0x6, 0xd8, 0x20,
    0x19, 0xa7, 0x80, 0x70, 0x30, 0x40, 0xd, 0x30,
    0xe0, 0x1, 0xc0, 0xc0, 0xb9, 0x87, 0x0, 0xc3,
    0x80, 0x27, 0xe, 0x1, 0xe1, 0xc2, 0x87, 0x0,
    0xfc, 0x3a, 0xe0, 0x1c,

    /* U+F004C "󰁌" */
    0xff, 0xd4, 0x0, 0xaf, 0xfc, 0x0, 0x4a, 0x90,
    0x4, 0xd2, 0x0, 0x48, 0x83, 0x30, 0x0, 0xc9,
    0x10, 0x0, 0xe8, 0x96, 0x0, 0x3c, 0x43, 0x81,
    0x59, 0xe2, 0x2, 0x29, 0x87, 0x65, 0xa3, 0x7,
    0xf1, 0x17, 0xb8, 0x1d, 0x0, 0x7f, 0xf0, 0x28,
    0xc1, 0xfc, 0x45, 0xec, 0x7, 0x4a, 0xcf, 0x12,
    0x22, 0x99, 0x33, 0x14, 0x3a, 0x20, 0xe0, 0x7,
    0x89, 0xe0, 0x2, 0x20, 0x8c, 0x0, 0x64, 0x88,
    0x0, 0x92, 0xa4, 0x1, 0x34, 0x80, 0x0,

    /* U+F004D "󰁍" */
    0x0, 0xff, 0xe2, 0xbc, 0x80, 0x7f, 0x3c, 0x78,
    0x7, 0xe7, 0x89, 0x60, 0xf, 0x9e, 0x25, 0x80,
    0x3e, 0x78, 0x31, 0x77, 0xf1, 0x5, 0x1, 0x4c,
    0xfc, 0xc1, 0x84, 0x7f, 0xdd, 0xe4, 0x1, 0xc0,
    0xc1, 0x0, 0xfc, 0x38, 0x18, 0x20, 0x1f, 0x87,
    0x2, 0x80, 0x3f, 0x87, 0x24, 0x3, 0x80,

    /* U+F004E "󰁎" */
    0x0, 0xe1, 0x20, 0xf, 0xe1, 0xcc, 0x10, 0x7,
    0xc3, 0x84, 0x2c, 0x1, 0xe1, 0xc2, 0xb, 0x40,
    0xe, 0x1c, 0x20, 0x3d, 0x99, 0xc6, 0x18, 0x40,
    0x3, 0x66, 0xf0, 0x28, 0x7, 0xfd, 0xe, 0x0,
    0x3d, 0xde, 0x50, 0x4, 0x38, 0x1c, 0x91, 0x60,
    0xd, 0xe, 0x8, 0xc0, 0x1f, 0xa1, 0xd9, 0x80,
    0x1f, 0xd1, 0x20, 0x1c,

    /* U+F0054 "󰁔" */
    0x0, 0xff, 0xe2, 0xcb, 0x80, 0x7f, 0xbe, 0x1c,
    0x3, 0xf9, 0xa6, 0x1c, 0x3, 0xf9, 0xa6, 0x1c,
    0x0, 0x4c, 0xde, 0x3, 0x87, 0x6, 0xbb, 0xf8,
    0x82, 0x81, 0x37, 0x7d, 0x86, 0x58, 0x1, 0xf0,
    0xe0, 0x60, 0x80, 0x78, 0x70, 0x30, 0x40, 0x3e,
    0xa0, 0xc1, 0x0, 0xfd, 0x38, 0x20, 0x18,

    /* U+F005B "󰁛" */
    0x67, 0x7e, 0x50, 0xa, 0x21, 0x33, 0xbc, 0x3,
    0x8f, 0xfb, 0x94, 0x1, 0x9c, 0x70, 0x40, 0x3d,
    0xfa, 0x38, 0x20, 0x1e, 0x1d, 0x1c, 0x10, 0xf,
    0xe, 0x8e, 0x8, 0x3, 0x58, 0x0, 0x3a, 0x38,
    0x20, 0x62, 0x1, 0xe, 0x8e, 0x8, 0x7, 0x87,
    0x5c, 0x0,

    /* U+F005C "󰁜" */
    0x0, 0xb, 0xbf, 0x8c, 0x0, 0x53, 0x3a, 0x20,
    0x80, 0x3, 0xee, 0xa4, 0x3, 0xf3, 0xc4, 0x4,
    0x3, 0x9e, 0x20, 0xe0, 0x1c, 0xf1, 0x7, 0x0,
    0xe7, 0x88, 0x38, 0x7, 0x3c, 0x41, 0xc0, 0x2d,
    0x66, 0x44, 0x1c, 0x3, 0x18, 0x9c, 0xb8, 0x7,
    0xc0,

    /* U+F005D "󰁝" */
    0x0, 0xff, 0xe2, 0xe, 0xc0, 0x7, 0xe1, 0xc2,
    0x78, 0x0, 0xf0, 0xe0, 0x9, 0xbc, 0x0, 0x61,
    0xc0, 0xc0, 0xb9, 0x78, 0x0, 0xe, 0x6, 0x8,
    0x1, 0xa5, 0xe0, 0xd, 0xb0, 0x40, 0x33, 0x48,
    0x81, 0x58, 0x80, 0x79, 0xa4, 0x3, 0xff, 0xbd,
    0x4a, 0x1, 0xc0,

    /* U+F005F "󰁟" */
    0x0, 0xe4, 0x65, 0x20, 0xf, 0xd1, 0xf7, 0x35,
    0xba, 0x40, 0xc, 0x3a, 0xe0, 0x1c, 0x56, 0xc0,
    0x15, 0x10, 0x7, 0xe9, 0x30, 0x44, 0x0, 0x43,
    0x8c, 0x1, 0xbc, 0x34, 0x3, 0x69, 0xcb, 0x0,
    0x46, 0x4a, 0x1, 0x61, 0x80, 0x25, 0x40, 0x27,
    0x10, 0x0, 0xfa, 0x80, 0x2d, 0x80, 0x33, 0x0,
    0x4, 0xc8, 0x0, 0xa6, 0x1, 0x36, 0x0, 0x6f,
    0x22, 0x0, 0x71, 0xb8, 0x80, 0x4f, 0xba, 0x10,
    0x9, 0xc0, 0x16, 0x1, 0xfc, 0x70, 0x0, 0x5a,
    0x10, 0xf, 0x26, 0x0, 0x65, 0xf8, 0x42, 0x36,
    0xbb, 0x0, 0x40,

    /* U+F009A "󰂚" */
    0x0, 0xe8, 0x80, 0x7, 0xf2, 0x3b, 0x90, 0x3,
    0xe8, 0xb0, 0x5, 0xc0, 0x7, 0x53, 0x80, 0x67,
    0xa0, 0x8, 0xd4, 0x3, 0xca, 0x60, 0xb, 0x0,
    0xfd, 0x60, 0x2, 0x0, 0xfc, 0x40, 0x1f, 0xfd,
    0xa7, 0x0, 0xfc, 0xe1, 0x84, 0x1, 0xf8, 0xb2,
    0x6a, 0xbf, 0xd2, 0xab, 0x9a, 0xa8, 0xca, 0xb8,
    0x3, 0x1e, 0x60, 0xc0, 0x30,

    /* U+F00AD "󰂭" */
    0x0, 0xc5, 0x3b, 0xfe, 0xd9, 0x20, 0xf, 0xa3,
    0x51, 0x66, 0x4a, 0x9b, 0x0, 0x1d, 0x6f, 0x5b,
    0xc, 0xc8, 0xda, 0x7b, 0x0, 0xa1, 0x35, 0x40,
    0x3c, 0x40, 0x90, 0x4, 0xf4, 0x40, 0x1e, 0x78,
    0x85, 0x39, 0x59, 0x28, 0x7, 0x9e, 0x20, 0xea,
    0x56, 0x8a, 0x1, 0xe7, 0x88, 0x38, 0x1, 0x50,
    0xb8, 0x3, 0x9e, 0x20, 0xe0, 0x17, 0x10, 0x7,
    0x9e, 0x20, 0xe0, 0x1e, 0x2e, 0x0, 0x9e, 0x20,
    0xe0, 0x1d, 0xc4, 0x8a, 0x0, 0x78, 0x83, 0x80,
    0x79, 0x52, 0x89, 0x5e, 0x20, 0xe0, 0x1e, 0x52,
    0xb3, 0x7a, 0x88, 0x38, 0x7, 0x8a, 0x9c, 0x82,
    0x10, 0x8, 0x3, 0xcb, 0xa9, 0x0, 0x15, 0xbd,
    0x6c, 0x33, 0x23, 0x69, 0xec, 0x3, 0xa3, 0x11,
    0x66, 0x4a, 0x9b, 0x0, 0x10,

    /* U+F00AF "󰂯" */
    0x0, 0xca, 0x1, 0xfa, 0x2c, 0x2, 0x11, 0x0,
    0x49, 0x60, 0xb, 0xf2, 0x0, 0x2a, 0x58, 0x59,
    0x61, 0x6, 0x32, 0x28, 0xe9, 0x61, 0xdb, 0x42,
    0x80, 0xe9, 0x9, 0x43, 0x80, 0x43, 0x60, 0x2c,
    0x1, 0x9e, 0x0, 0x70, 0x40, 0xf, 0x10, 0x27,
    0xc, 0x16, 0x88, 0x38, 0x7b, 0x11, 0xe, 0x5c,
    0x1, 0x9, 0x86, 0xac, 0x1, 0xb0, 0xc0, 0x39,
    0xb0, 0xc0, 0x0,

    /* U+F00B1 "󰂱" */
    0x0, 0xf2, 0x80, 0x7f, 0xf0, 0x22, 0xc0, 0x3e,
    0x11, 0x0, 0x49, 0x60, 0x1e, 0xbf, 0x20, 0x2,
    0xa5, 0x80, 0x75, 0x96, 0x10, 0x63, 0x22, 0x80,
    0x61, 0xd2, 0xc3, 0xb6, 0x85, 0x0, 0xa2, 0xc7,
    0x48, 0x4a, 0x1c, 0xf4, 0x81, 0x50, 0x86, 0xc0,
    0x58, 0x2c, 0x94, 0x33, 0x4, 0xf0, 0x3, 0x83,
    0x16, 0xe0, 0x26, 0xf1, 0x2, 0x70, 0xc1, 0x40,
    0x9, 0xa2, 0xe, 0x1e, 0xc4, 0x40, 0xc, 0x72,
    0xe0, 0x8, 0x4c, 0x30, 0xc, 0xac, 0x1, 0xb0,
    0xc0, 0x3f, 0x9b, 0xc, 0x3, 0x0,

    /* U+F00E4 "󰃤" */
    0x0, 0x98, 0x80, 0x28, 0x10, 0xe, 0xdc, 0x66,
    0x53, 0x90, 0x7, 0x68, 0xcc, 0x94, 0xcc, 0x1,
    0x33, 0xc8, 0x6, 0x3b, 0x63, 0x1b, 0x80, 0x1,
    0x10, 0x41, 0x21, 0x7, 0x4c, 0xb, 0x75, 0x0,
    0xd, 0x71, 0xf3, 0x2, 0xff, 0x48, 0x3, 0x20,
    0x68, 0x80, 0x6a, 0x8a, 0x0, 0x8b, 0x0, 0xff,
    0xe0, 0xd, 0x10, 0xd, 0x51, 0x40, 0x11, 0x63,
    0xfe, 0x20, 0xe, 0xbf, 0x80, 0xb, 0x58, 0x40,
    0xed, 0x0, 0x0,

    /* U+F0109 "󰄉" */
    0x0, 0xf3, 0x28, 0x7, 0xfc, 0xb3, 0x44, 0x1,
    0xfe, 0x60, 0x13, 0x0, 0xfb, 0xa4, 0xf, 0xb8,
    0x20, 0xa, 0x10, 0xa, 0x5b, 0x4, 0x40, 0x10,
    0xa4, 0x0, 0x4e, 0xa7, 0xe6, 0x1, 0xd, 0xb0,
    0x80, 0x54, 0x63, 0x8c, 0x1, 0x28, 0x21, 0x8,
    0x3, 0x44, 0x24, 0x80, 0x23, 0xd9, 0xb0, 0x0,
    0xd0, 0x9, 0x80, 0x43, 0xe6, 0xe0, 0x12, 0x7f,
    0x8, 0x4, 0x44, 0xb2, 0x30, 0xf, 0xcc, 0x8,
    0x66, 0xe0, 0xf, 0x86, 0x18, 0x43, 0x8f, 0x4,
    0x3, 0x1e, 0x1c, 0x80, 0xb, 0x7, 0xaa, 0x21,
    0x78, 0xd8, 0x1, 0x8b, 0x68, 0x15, 0x6, 0xec,
    0x20, 0x0,

    /* U+F011D "󰄝" */
    0x0, 0xf1, 0x0, 0x7f, 0xf0, 0xf, 0x68, 0x3,
    0xfc, 0x78, 0xb, 0x40, 0x1f, 0x93, 0x14, 0x59,
    0x6c, 0x3, 0xec, 0x5a, 0x3f, 0xc6, 0x20, 0xf,
    0x45, 0x0, 0x47, 0xa4, 0x1, 0xff, 0xc5, 0xa5,
    0x0, 0xff, 0x5a, 0x20, 0x80, 0x3f, 0xca, 0x40,
    0x1e, 0xe7, 0x0, 0xf1, 0xeb, 0xbe, 0x46, 0x77,
    0xc2, 0x76, 0xf3, 0x3f, 0xe4, 0x40,

    /* U+F012A "󰄪" */
    0xe7, 0x0, 0xff, 0xe5, 0x8e, 0x90, 0x7, 0xfd,
    0x6, 0x40, 0x1c, 0xc0, 0x18, 0xda, 0xc0, 0x3a,
    0x27, 0x50, 0x1, 0xe6, 0xa0, 0x18, 0x9e, 0x1e,
    0xec, 0xe7, 0xe0, 0x1d, 0x26, 0xf5, 0x6d, 0xc,
    0x60, 0x19, 0x11, 0xe0, 0x4, 0xd9, 0x80, 0xe,
    0x95, 0x30, 0xc, 0xc2, 0x1, 0xa8, 0xac, 0x3,
    0xfe, 0x24, 0x42, 0xaf, 0xf1, 0x0, 0x12, 0xab,
    0xfc, 0xa0,

    /* U+F012C "󰄬" */
    0x0, 0xff, 0xe5, 0x5d, 0x80, 0x3f, 0xad, 0x20,
    0x3, 0xf5, 0xa6, 0x18, 0x7, 0xd6, 0x98, 0x60,
    0x74, 0x1, 0xad, 0x30, 0xc0, 0x25, 0xb0, 0x5,
    0xa6, 0x18, 0x4, 0x78, 0x97, 0x64, 0xc3, 0x0,
    0xe3, 0xc4, 0x46, 0x18, 0x7, 0xc7, 0x98, 0x30,
    0xf, 0x0,

    /* U+F0140 "󰅀" */
    0x0, 0xfd, 0x76, 0x0, 0xd7, 0x68, 0x4b, 0x0,
    0x5a, 0x41, 0xe2, 0x5d, 0x93, 0xc, 0xf, 0x11,
    0x18, 0x60, 0x11, 0xe6, 0xc, 0x0,

    /* U+F0141 "󰅁" */
    0x0, 0x8e, 0xc0, 0x23, 0xc0, 0x8, 0xf1, 0x2c,
    0xf, 0x12, 0xc0, 0x3f, 0x1e, 0x25, 0x80, 0x47,
    0x89, 0x60, 0x11, 0xe0, 0x0,

    /* U+F0142 "󰅂" */
    0xb, 0x30, 0xe, 0xc3, 0x0, 0xad, 0x30, 0xc0,
    0x2b, 0x4c, 0x30, 0xf, 0xd6, 0x98, 0x61, 0x69,
    0x86, 0x1, 0x61, 0x80, 0x0,

    /* U+F0143 "󰅃" */
    0x0, 0x8c, 0xc0, 0x1c, 0x79, 0x83, 0x0, 0x8f,
    0x11, 0x18, 0x60, 0x78, 0x97, 0x64, 0xc3, 0x84,
    0xb0, 0x5, 0xa4, 0x5d, 0x80, 0x35, 0xd8,

    /* U+F0150 "󰅐" */
    0x0, 0xe4, 0x66, 0x10, 0x7, 0xe8, 0xfb, 0x89,
    0xdc, 0x30, 0xe, 0xc7, 0x9f, 0xef, 0xc7, 0xc5,
    0x0, 0xa8, 0xb5, 0x80, 0x80, 0xed, 0xa8, 0x80,
    0xd6, 0x88, 0x1, 0x82, 0x0, 0x92, 0x80, 0xb2,
    0x40, 0xf, 0xd6, 0xa0, 0x6e, 0x1, 0xfc, 0x80,
    0x40, 0x60, 0x1c, 0xe0, 0x11, 0x80, 0x91, 0x0,
    0x36, 0x6e, 0x10, 0x28, 0x16, 0x20, 0x80, 0x45,
    0x73, 0x1, 0xc4, 0x2a, 0x54, 0x1, 0xcb, 0x48,
    0xb0, 0x0, 0xe4, 0xa1, 0x0, 0xcb, 0x6a, 0xa0,
    0x1, 0xe2, 0x75, 0x3c, 0x6d, 0x35, 0x0, 0x63,
    0xe9, 0x1a, 0x44, 0x64, 0x80, 0x40,

    /* U+F0156 "󰅖" */
    0x15, 0x0, 0xf2, 0x8a, 0x53, 0x0, 0x67, 0xa4,
    0x58, 0x96, 0x0, 0x3c, 0x41, 0x41, 0xe2, 0x59,
    0xe2, 0xe, 0x1, 0x3c, 0x4c, 0x41, 0xc0, 0x3f,
    0x8, 0x7, 0x3c, 0x45, 0x2c, 0x1, 0x3c, 0x41,
    0xdd, 0x12, 0xc0, 0xb1, 0x7, 0x0, 0x3c, 0x4a,
    0xa5, 0x38, 0x6, 0x7a, 0x40,

    /* U+F0159 "󰅙" */
    0x0, 0xe4, 0x65, 0x30, 0xf, 0xcf, 0xd7, 0x35,
    0x9a, 0xa0, 0x1d, 0x70, 0x20, 0x18, 0xaa, 0x0,
    0x29, 0x40, 0xf, 0xce, 0xc0, 0x4c, 0x5, 0xa6,
    0x0, 0x5d, 0x0, 0x40, 0x50, 0x0, 0x9b, 0x4d,
    0x69, 0x40, 0x2, 0x84, 0x1, 0x5a, 0xe5, 0x3c,
    0x0, 0x46, 0x20, 0x1b, 0x40, 0x16, 0x1, 0xbc,
    0x80, 0x25, 0x97, 0x4d, 0x30, 0xb, 0xb0, 0x0,
    0x74, 0xf1, 0x6b, 0xa0, 0x13, 0xa9, 0x1, 0xdc,
    0x0, 0x2e, 0x80, 0xa, 0x21, 0xe0, 0x4, 0x0,
    0xc8, 0x5, 0x60, 0x2, 0xc2, 0x0, 0xf1, 0xe0,
    0x80, 0x47, 0xb4, 0xa6, 0x65, 0xbc, 0x10, 0x0,

    /* U+F0169 "󰅩" */
    0x0, 0x4f, 0xd0, 0x2, 0xbe, 0x40, 0x33, 0x32,
    0x40, 0x12, 0xcc, 0x0, 0xec, 0x30, 0x1, 0xe0,
    0x7, 0xff, 0x10, 0x40, 0x3f, 0x8, 0x3e, 0x83,
    0x80, 0x67, 0xd, 0x7a, 0x34, 0x20, 0xc, 0x48,
    0x75, 0xb6, 0x8a, 0x1, 0x95, 0x2f, 0x41, 0x0,
    0x3f, 0x20, 0x7, 0xff, 0x13, 0xc, 0x0, 0x78,
    0x1, 0xcc, 0xc9, 0x0, 0x4b, 0x30, 0x0,

    /* U+F0174 "󰅴" */
    0x0, 0x8e, 0xc0, 0x35, 0x98, 0x7, 0x1e, 0x0,
    0x7b, 0xc, 0x2, 0x3c, 0x5b, 0x0, 0xd6, 0xb8,
    0x60, 0x78, 0xb4, 0x1, 0xea, 0x5c, 0x30, 0xf,
    0xfe, 0x11, 0xe2, 0xd0, 0x7, 0xa9, 0x70, 0xc0,
    0xf1, 0x6c, 0x3, 0x5a, 0xe1, 0x80, 0x47, 0x80,
    0x1e, 0xc3, 0x0, 0x0,

    /* U+F018D "󰆍" */
    0x7f, 0xff, 0xfb, 0x46, 0x80, 0x3f, 0xe2, 0x73,
    0x32, 0xaf, 0xf8, 0x2, 0xba, 0xaf, 0xf0, 0x80,
    0x45, 0xd8, 0x20, 0x1f, 0xe2, 0xc2, 0xc1, 0x0,
    0xff, 0x16, 0x15, 0x80, 0x7f, 0xd0, 0x1c, 0x1,
    0xfe, 0xa5, 0xb4, 0x6f, 0xf7, 0x0, 0x70, 0xfe,
    0x20, 0x25, 0x52, 0xc0, 0x23, 0xd4, 0x6, 0x55,
    0x38, 0x4, 0xa2, 0x14, 0xb5, 0x5f, 0xe2, 0x70,

    /* U+F018F "󰆏" */
    0x5, 0x5f, 0xc4, 0x1, 0x5d, 0x57, 0xe4, 0x0,
    0x9a, 0x7f, 0xfe, 0x60, 0xf, 0x1b, 0x37, 0xe1,
    0x0, 0x16, 0x45, 0xdf, 0xa3, 0x40, 0x2, 0x1f,
    0xbb, 0xe8, 0x20, 0xf, 0xff, 0xac, 0xa0, 0x7,
    0xfc, 0x84, 0x1, 0xff, 0xce, 0x20, 0xef, 0xff,
    0x49, 0x0, 0x7, 0x6a, 0xbf, 0x68,

    /* U+F01A4 "󰆤" */
    0x0, 0xf8, 0xdc, 0x3, 0xff, 0x85, 0x72, 0x1,
    0xff, 0xc0, 0x7e, 0x71, 0xfb, 0x20, 0xf, 0xd7,
    0x32, 0xcd, 0xa0, 0xd4, 0x0, 0xf4, 0xb7, 0xb9,
    0x92, 0xdc, 0x59, 0x0, 0x62, 0x6e, 0x10, 0x46,
    0x10, 0x74, 0x80, 0xd, 0x46, 0x60, 0xbb, 0x4f,
    0x18, 0x7a, 0x80, 0x4e, 0xaa, 0x4, 0x40, 0x5,
    0x0, 0xa1, 0x8, 0x34, 0x46, 0x2, 0x1, 0x9c,
    0xc, 0x1b, 0x7, 0x59, 0x1, 0x0, 0x35, 0x82,
    0x87, 0xc0, 0x2, 0x85, 0xc7, 0x10, 0xe1, 0xc6,
    0x50, 0x40, 0x23, 0x68, 0x73, 0xbc, 0x72, 0xc0,
    0x90, 0xe, 0x97, 0x8e, 0xa9, 0xcd, 0xc, 0x20,
    0xf, 0x46, 0xb3, 0xb2, 0xd6, 0x90, 0x7, 0xe2,
    0x8a, 0x19, 0x50, 0xf, 0xfe, 0x3, 0xf8, 0x7,
    0xc0,

    /* U+F01A7 "󰆧" */
    0x0, 0xe5, 0x20, 0xf, 0xc7, 0x95, 0xb0, 0x1,
    0xc3, 0x58, 0xfb, 0x2d, 0xcc, 0x0, 0x7e, 0x4a,
    0xb2, 0x6f, 0x79, 0xd3, 0x80, 0x65, 0x0, 0x86,
    0xcc, 0xa8, 0x15, 0xb9, 0x40, 0x67, 0x40, 0x80,
    0x1f, 0xe7, 0xac, 0xf7, 0xac, 0x10, 0x8, 0x67,
    0xd, 0x39, 0x40, 0x3e, 0x31, 0xd0, 0xf, 0x18,
    0x7, 0xf8, 0xa6, 0x0, 0x38, 0xb0, 0xff, 0x61,
    0xf5, 0x0, 0x11, 0xa1, 0x8c, 0xf, 0xc9, 0x63,
    0xd, 0x38, 0x60, 0x10, 0xce, 0x23, 0xf3, 0x0,
    0x40,

    /* U+F01B4 "󰆴" */
    0x45, 0x7f, 0xfb, 0x55, 0x45, 0x35, 0x0, 0x11,
    0x55, 0x13, 0x2a, 0xbe, 0xb6, 0x2a, 0xaf, 0xa0,
    0x3, 0xff, 0xf6, 0x66, 0x0, 0xf5, 0x0,

    /* U+F01BC "󰆼" */
    0x0, 0x1c, 0xef, 0xfb, 0xad, 0x80, 0x28, 0xc6,
    0x20, 0x0, 0xa4, 0xe8, 0x83, 0x80, 0x7e, 0x26,
    0x3, 0x0, 0xfe, 0x41, 0xd7, 0x10, 0xe, 0x3c,
    0x20, 0x88, 0x76, 0xdd, 0x5f, 0x63, 0xc8, 0xb7,
    0x43, 0x31, 0xde, 0xbb, 0x78, 0x48, 0xbd, 0xee,
    0xb2, 0x51, 0xc, 0x22, 0xe8, 0x42, 0x21, 0xb5,
    0xcb, 0x4, 0x68, 0xce, 0xef, 0xbc, 0x5c, 0xe7,
    0x7f, 0xdd, 0x6c, 0x52, 0x11, 0x8c, 0x40, 0x1,
    0x49, 0xd1,

    /* U+F01BE "󰆾" */
    0x0, 0xf9, 0x4, 0x3, 0xff, 0x80, 0xb7, 0x82,
    0x1, 0xfe, 0x5a, 0x2, 0xc1, 0x0, 0xfe, 0x6c,
    0x17, 0xe0, 0xf, 0xc6, 0x6, 0x60, 0xf3, 0x11,
    0x80, 0x32, 0xf8, 0x7, 0xc5, 0x82, 0x0, 0x5a,
    0x27, 0x78, 0x35, 0xdd, 0x65, 0x82, 0x1c, 0x3,
    0x33, 0xa, 0x4c, 0x98, 0x9, 0x42, 0xd0, 0xfb,
    0xa1, 0x9e, 0xe6, 0x85, 0x20, 0x2, 0xd0, 0x3,
    0xf5, 0x28, 0x6, 0x80, 0xf, 0x8d, 0x40, 0x3e,
    0x8c, 0x19, 0xc3, 0x0, 0xfe, 0x87, 0x1, 0x93,
    0x0, 0xff, 0x5a, 0x52, 0x80, 0x7f, 0xf0, 0x2d,
    0x40, 0x3c,

    /* U+F01D9 "󰇙" */
    0x5, 0x60, 0x2a, 0x95, 0x31, 0x6, 0x1e, 0xe1,
    0x82, 0xb8, 0x15, 0x4a, 0x98, 0x83, 0xf, 0x70,
    0xc1, 0x5c, 0xa, 0xa5, 0x4c, 0x41, 0x87, 0xb8,
    0x60,

    /* U+F01DA "󰇚" */
    0x0, 0x1f, 0xfd, 0x80, 0x1f, 0xfd, 0x56, 0xfc,
    0x0, 0x8f, 0xf4, 0x5a, 0x40, 0x38, 0xb0, 0x41,
    0xa4, 0x2, 0x2c, 0x10, 0x9, 0xa4, 0xb, 0x4,
    0x3, 0x9a, 0xb0, 0x40, 0x3e, 0x51, 0x0, 0xdb,
    0xff, 0xf9, 0xa6, 0xab, 0xf2, 0x0,

    /* U+F01EA "󰇪" */
    0x0, 0xc4, 0x40, 0xf, 0xdd, 0xc0, 0xf, 0x9c,
    0xcc, 0xc0, 0x1c, 0x50, 0x0, 0x92, 0x0, 0xdc,
    0x1, 0xb8, 0x2, 0x73, 0x0, 0xc6, 0xc0, 0x50,
    0x1, 0xe9, 0x22, 0x7f, 0xfe, 0x26, 0xaa, 0xfc,
    0xc0, 0x1f, 0xe0,

    /* U+F01FA "󰇺" */
    0x0, 0xc2, 0xab, 0xc0, 0x1f, 0xe4, 0xaa, 0xe0,
    0xf, 0xf2, 0xfd, 0x7, 0xf8, 0x3, 0xfd, 0x5b,
    0x61, 0xbb, 0x80, 0xcc, 0x7, 0x1, 0xa, 0x42,
    0x4, 0x58, 0x3b, 0x5, 0x9c, 0x8, 0x3, 0xf1,
    0x98, 0x3, 0x43, 0x80, 0x7e, 0xc1, 0x0, 0xc8,
    0x60, 0x1f, 0xfc, 0x2c, 0x40, 0xf, 0xd2, 0x20,
    0x1, 0x30, 0x23, 0x10, 0xf, 0x31, 0x80, 0x13,
    0x2, 0x33, 0xc8, 0x3, 0xd7, 0x22, 0x1, 0xc3,
    0xbd, 0xdc, 0xc, 0xc0,

    /* U+F0200 "󰈀" */
    0x6f, 0xff, 0xfa, 0x82, 0xc0, 0x3f, 0xe5, 0x23,
    0x0, 0x87, 0xfe, 0xc0, 0xc, 0x20, 0x1f, 0xfc,
    0x4d, 0xfe, 0x0, 0x8f, 0xfc, 0x60, 0x1f, 0xfe,
    0x36, 0xe0, 0xe6, 0x3f, 0x20, 0xf, 0xfe, 0x3e,
    0xc8, 0xf8, 0xce, 0x6, 0x98, 0x0, 0x80, 0x3f,
    0xf8, 0x3, 0xcc, 0xab, 0xfe, 0xa2,

    /* U+F0208 "󰈈" */
    0x0, 0xc5, 0x3b, 0xfe, 0xd9, 0x20, 0xf, 0xa3,
    0x58, 0x91, 0x4, 0xdb, 0x0, 0x1d, 0x6e, 0x7,
    0xd7, 0x6e, 0x30, 0x7b, 0x0, 0xa1, 0x0, 0x1a,
    0xbd, 0xc5, 0xd0, 0x2, 0x40, 0xb, 0x80, 0x10,
    0x68, 0x45, 0x42, 0x80, 0x7, 0x10, 0xf, 0xfe,
    0x20, 0xb8, 0x1, 0x6, 0x84, 0x54, 0x28, 0x0,
    0x71, 0x8, 0x40, 0x6, 0xaf, 0x71, 0x74, 0x0,
    0x90, 0x1, 0x5b, 0x81, 0xf5, 0xdb, 0x8c, 0x1e,
    0xc0, 0x3a, 0x35, 0x89, 0x10, 0x4d, 0xb0, 0x1,
    0x0,

    /* U+F0209 "󰈉" */
    0x4, 0xa0, 0xf, 0xfe, 0x13, 0x25, 0x2, 0x6f,
    0xfb, 0x64, 0x80, 0x38, 0xb1, 0x69, 0x10, 0x68,
    0x4d, 0xb0, 0x1, 0xd0, 0xb, 0x53, 0x97, 0xc6,
    0xf, 0x60, 0x14, 0x28, 0x1, 0x28, 0x21, 0x74,
    0x0, 0x90, 0x2, 0xe0, 0x4, 0xc5, 0xa8, 0x31,
    0x40, 0x3, 0x88, 0x7, 0x10, 0xad, 0x38, 0x38,
    0x6, 0x17, 0x0, 0x20, 0xd0, 0xad, 0x2, 0x80,
    0x20, 0x42, 0x10, 0x1, 0xab, 0xda, 0x95, 0x2c,
    0xae, 0x1, 0x5b, 0x81, 0xf5, 0xc8, 0xad, 0x4d,
    0x0, 0x74, 0x6b, 0x12, 0x20, 0x99, 0x28, 0x3,
    0xe2, 0x9d, 0xff, 0x6c, 0xe2, 0x50, 0x7, 0xff,
    0x4, 0xb3, 0x80, 0x0,

    /* U+F0210 "󰈐" */
    0x0, 0xe2, 0xad, 0xb3, 0x0, 0xfe, 0xe5, 0x24,
    0xe0, 0xf, 0xe3, 0x0, 0x98, 0x3, 0xff, 0x80,
    0xb6, 0x1, 0x8f, 0xb4, 0x41, 0x40, 0x14, 0x2,
    0x20, 0x4, 0x89, 0x69, 0x18, 0x2, 0xb3, 0xb9,
    0x82, 0x20, 0x1, 0xeb, 0x3b, 0x94, 0xc0, 0x7,
    0x4, 0x1, 0xff, 0xc0, 0x28, 0x20, 0x1, 0xab,
    0xb9, 0xb4, 0x80, 0x2, 0x2d, 0xef, 0xca, 0x0,
    0x19, 0x61, 0xc, 0x80, 0x4, 0x1, 0x40, 0x4,
    0x1, 0xde, 0x30, 0xd, 0x6a, 0x0, 0x10, 0xf,
    0xe6, 0x0, 0x8c, 0x3, 0xfb, 0x90, 0x97, 0x40,
    0x38,

    /* U+F022F "󰈯" */
    0x0, 0x1a, 0xa9, 0x0, 0x3f, 0xdd, 0x54, 0xb1,
    0x0, 0xfa, 0xbc, 0x80, 0x2e, 0xd0, 0xf, 0x20,
    0x7, 0x8a, 0xea, 0xb2, 0x0, 0x71, 0xa0, 0x1,
    0x94, 0x14, 0x80, 0x3a, 0xe0, 0x26, 0x86, 0x84,
    0x3, 0xd1, 0x81, 0xb2, 0x3e, 0x20, 0x1f, 0xfe,
    0x43, 0x40, 0x43, 0x5, 0x0, 0xfa, 0xe0, 0x26,
    0x86, 0x84, 0x3, 0xd1, 0x81, 0xb2, 0x3e, 0x20,
    0x60, 0x1f, 0x4d, 0x56, 0x48, 0x55, 0xf3, 0xb2,
    0xae, 0x20,

    /* U+F0238 "󰈸" */
    0x0, 0xc3, 0x42, 0x1, 0xe1, 0xc5, 0x10, 0xf,
    0x59, 0x0, 0x80, 0x70, 0xa8, 0x2, 0xc0, 0x33,
    0xa8, 0x4, 0xb4, 0x0, 0x3c, 0x0, 0x8c, 0x17,
    0x2, 0xd5, 0x40, 0x8, 0x40, 0x35, 0x21, 0xd0,
    0x1, 0x58, 0x86, 0x68, 0x18, 0x1, 0x40, 0x80,
    0xa, 0x1, 0x49, 0xa1, 0x86, 0x94, 0x80, 0x27,
    0xac, 0x15, 0x1, 0xad, 0x0, 0x4e, 0x68, 0x2,
    0x4b, 0xff, 0x63, 0x0, 0x0,

    /* U+F0241 "󰉁" */
    0x26, 0x6f, 0xb, 0xcc, 0xf5, 0x88, 0x7, 0xa0,
    0x3, 0xc4, 0xa0, 0x1e, 0x80, 0xf, 0xb, 0x88,
    0x7, 0xe, 0xf8, 0x88, 0x84, 0x2, 0x81, 0x4d,
    0xb0, 0x1, 0xb0, 0x7, 0xbc, 0x3, 0xca, 0x60,
    0x1e, 0xb0, 0xf, 0x40, 0x80, 0x73, 0x38, 0x6,

    /* U+F024B "󰉋" */
    0x5, 0x5c, 0x60, 0x1f, 0xae, 0xab, 0x62, 0x0,
    0x7c, 0xc0, 0x1d, 0x7f, 0xfd, 0xc4, 0x1, 0xff,
    0xc0, 0x14, 0x0, 0xff, 0xff, 0x80, 0x7f, 0x30,
    0x7, 0xff, 0x0, 0xae, 0xab, 0xfe, 0xc4,

    /* U+F0256 "󰉖" */
    0x5, 0x5c, 0x60, 0x1f, 0xae, 0xab, 0x62, 0x0,
    0x7c, 0xc0, 0x1d, 0x7f, 0xfd, 0xa2, 0xb, 0x55,
    0xfe, 0x27, 0xc, 0x55, 0xff, 0x8, 0x7, 0xff,
    0xed, 0xa7, 0xff, 0xfc, 0x2b, 0x75, 0x5f, 0xf6,
    0x18,

    /* U+F0259 "󰉙" */
    0x28, 0x99, 0x98, 0x3, 0xf7, 0x3b, 0x35, 0x30,
    0x67, 0xc2, 0x4, 0x1, 0xcf, 0x99, 0xde, 0x20,
    0x1f, 0x88, 0x2, 0x12, 0x0, 0xf8, 0xf6, 0x0,
    0x3f, 0xc7, 0x80, 0xee, 0x0, 0xfe, 0x69, 0x17,
    0x11, 0x0, 0x7e, 0x56, 0x3b, 0x61, 0x0, 0xff,
    0xe2, 0x18, 0x7, 0xd8, 0x60, 0x19, 0x0, 0x3e,
    0x10, 0x8, 0x4e, 0x7b, 0x77, 0xfb, 0xb8, 0x0,

    /* U+F0279 "󰉹" */
    0xa, 0x61, 0x77, 0xfe, 0x2, 0x5c, 0x29, 0x9f,
    0xe1, 0x2d, 0xa3, 0xee, 0xfe, 0x10, 0x20, 0xf,
    0xfe, 0xd, 0x30, 0xbb, 0xff, 0x1, 0x2e, 0x14,
    0xcf, 0xf0, 0x96, 0xd1, 0xf7, 0x7f, 0x8, 0x10,
    0x7, 0xff, 0x6, 0x98, 0x5d, 0xff, 0x80, 0x97,
    0xa, 0x67, 0xf8, 0x4b, 0x68, 0xfb, 0xbf, 0x84,

    /* U+F02C2 "󰋂" */
    0x8, 0x10, 0x67, 0x7f, 0xe4, 0x0, 0x1e, 0x8,
    0x4c, 0x4c, 0xd1, 0x33, 0x5a, 0x5, 0x9e, 0x3f,
    0xc, 0x77, 0x6, 0x3b, 0x82, 0x40, 0x11, 0x60,
    0xc8, 0x7, 0xff, 0x1, 0xb, 0x19, 0x19, 0xc7,
    0x1d, 0xc2, 0x1, 0x94, 0x4f, 0x4c, 0x24, 0x12,
    0x64, 0x1, 0xd3, 0xdc, 0x3d, 0x7e, 0x18, 0xee,
    0x8, 0x7, 0xc2, 0x7a, 0x32, 0x1, 0xfb, 0x5d,
    0xc2, 0x87, 0xac, 0x8c, 0xe2, 0x1, 0x92, 0x64,
    0xa, 0x25, 0xa6, 0x12, 0x1, 0xd3, 0xdc, 0x18,
    0xee, 0x1e, 0xbf, 0x8, 0x7, 0xfc, 0x27, 0xa3,
    0x20, 0x11, 0xeb, 0xb8, 0x71, 0xdc, 0x28, 0x7a,
    0xcc, 0x0, 0x5b, 0xcc, 0x85, 0x26, 0x42, 0xa2,
    0x5a, 0x20, 0x6, 0xde, 0xef, 0xf0, 0x30, 0x7,
    0xff, 0xb, 0x1c,

    /* U+F02D7 "󰋗" */
    0x0, 0xcb, 0x59, 0x8a, 0x50, 0xf, 0x16, 0xd2,
    0x99, 0x96, 0xb0, 0x80, 0x22, 0xc2, 0x5, 0xcc,
    0x28, 0x1e, 0x8, 0x3, 0x84, 0x12, 0x80, 0x14,
    0xa0, 0x3a, 0x8, 0x60, 0xe, 0x4c, 0xc1, 0xf0,
    0x0, 0xcd, 0xa0, 0x15, 0x58, 0x4, 0x40, 0x15,
    0x10, 0x7, 0xa8, 0xa0, 0x2, 0x20, 0xf, 0x32,
    0xe0, 0x80, 0x62, 0x0, 0xed, 0x42, 0x0, 0xc5,
    0xa0, 0x1d, 0x76, 0x0, 0xed, 0x43, 0x0, 0xd0,
    0xc0, 0x18, 0xd0, 0x38, 0x3, 0x17, 0x0, 0x6e,
    0x0, 0x16, 0x90, 0x2, 0xa0, 0x0, 0x5a, 0x40,
    0x11, 0x6d, 0x29, 0x11, 0x6b, 0x48, 0x0,

    /* U+F02DC "󰋜" */
    0x0, 0xf5, 0xa8, 0x7, 0xf8, 0x71, 0x29, 0x80,
    0x3f, 0x16, 0x18, 0x2, 0x60, 0x3, 0xc7, 0x84,
    0x1, 0x9e, 0x40, 0x32, 0x60, 0x80, 0x79, 0xac,
    0x0, 0xb6, 0x1, 0xfc, 0x98, 0x2b, 0xe4, 0x1,
    0xfa, 0x70, 0x40, 0x39, 0x6a, 0x80, 0x1f, 0xf6,
    0x2a, 0x84, 0x3, 0xff, 0xaf, 0x35, 0x44, 0x0,
    0x5d, 0x51, 0x0, 0x0,

    /* U+F02E3 "󰋣" */
    0x4d, 0x0, 0xff, 0xe1, 0x9, 0x1, 0x42, 0x82,
    0xc4, 0x73, 0x0, 0x61, 0xd7, 0xa5, 0xf7, 0x7e,
    0x9b, 0x0, 0x94, 0x2, 0xc0, 0xf, 0x90, 0xc0,
    0xa, 0x20, 0xd, 0x0, 0xfc, 0xc0, 0x1, 0xf9,
    0xc4, 0x0, 0xff, 0xb7, 0x2f, 0xb5, 0x40, 0x3f,
    0xc4, 0x5c, 0x1, 0xff, 0x77, 0x7f, 0xf0, 0x0,
    0x30, 0x8f, 0xff, 0x0, 0x0, 0xbc, 0x1, 0xff,
    0xc0, 0xe5,

    /* U+F02EB "󰋫" */
    0x16, 0x77, 0xff, 0x28, 0x6c, 0xc4, 0x7f, 0xa9,
    0x48, 0x3, 0xff, 0x80, 0x40, 0x1f, 0xfc, 0x91,
    0xc0, 0xf, 0xc3, 0x82, 0x1a, 0x74, 0x1, 0xf6,
    0x9e, 0xc9, 0x82, 0xb0, 0x7, 0x38, 0x90, 0xa1,
    0x15, 0x64, 0x0, 0x30, 0x7d, 0xdf, 0xc4, 0x3,
    0x64, 0x23, 0xfe, 0x37,

    /* U+F02EE "󰋮" */
    0x9f, 0xff, 0xf4, 0xb0, 0x7, 0xf9, 0x80, 0x3f,
    0xf8, 0x82, 0x1, 0xf1, 0x80, 0xf, 0xd8, 0x2,
    0xbb, 0x6, 0x91, 0x34, 0xe5, 0x82, 0xd5, 0x56,
    0xb9, 0x85, 0xd8, 0x9d, 0x5d, 0xd2, 0xda, 0xaa,
    0xc1, 0xe0, 0xf4, 0xcd, 0xa1, 0x76, 0x0, 0x9f,
    0xcc, 0x0, 0x60, 0x1f, 0x8, 0x7, 0xff, 0x11,
    0x80, 0x3f, 0xcc,

    /* U+F02FC "󰋼" */
    0x0, 0xe4, 0x65, 0x20, 0xf, 0xd3, 0xf7, 0x35,
    0xb8, 0x60, 0x18, 0x75, 0x80, 0x38, 0xf1, 0x0,
    0x2a, 0x20, 0x8, 0x40, 0x35, 0x90, 0x22, 0x0,
    0x37, 0x98, 0x6, 0xb0, 0xe0, 0xe, 0xe3, 0x0,
    0xcc, 0xc, 0x1, 0xd2, 0x40, 0x1c, 0x42, 0x1,
    0xce, 0x20, 0x1e, 0x60, 0xf, 0xfe, 0x1, 0xe0,
    0x7, 0xfc, 0x62, 0xc0, 0x1d, 0x24, 0x1, 0xa4,
    0x6, 0x80, 0x33, 0x88, 0x4, 0xaa, 0x0, 0x2d,
    0x0, 0x7c, 0xd4, 0x1, 0x97, 0xa1, 0x8, 0xdb,
    0x24, 0x2,

    /* U+F02FD "󰋽" */
    0x0, 0xe4, 0x66, 0x10, 0x7, 0xe8, 0xfb, 0x89,
    0xdc, 0x30, 0xe, 0xc7, 0x9f, 0xef, 0xc7, 0xc5,
    0x0, 0xa8, 0xb5, 0x81, 0x48, 0xed, 0xa8, 0x80,
    0xd6, 0x88, 0x1, 0x68, 0x0, 0x92, 0x80, 0xb2,
    0x40, 0xb, 0x98, 0x2, 0xb5, 0x3, 0x70, 0xd,
    0x8a, 0x1, 0x20, 0x10, 0x18, 0x6, 0x23, 0x0,
    0x8c, 0x4, 0x88, 0x1, 0xfc, 0xa0, 0x58, 0x82,
    0x1, 0xfb, 0x88, 0x54, 0xa8, 0x2, 0xf6, 0x0,
    0x22, 0xc0, 0x3, 0x92, 0x84, 0x4, 0x0, 0xb6,
    0xaa, 0x0, 0x1d, 0xa7, 0x53, 0xc6, 0xd3, 0x50,
    0x6, 0x4e, 0x91, 0xa4, 0x46, 0x48, 0x4,

    /* U+F030C "󰌌" */
    0x6d, 0xdf, 0xfa, 0x82, 0xc8, 0xbf, 0xe5, 0x30,
    0x6, 0x27, 0x27, 0x27, 0x27, 0x18, 0x6, 0xa6,
    0x96, 0x96, 0x96, 0x92, 0x0, 0xd4, 0xd2, 0xd2,
    0xd2, 0xd2, 0x40, 0x19, 0x5d, 0x1d, 0x1d, 0x1d,
    0x4, 0x3, 0x49, 0xd1, 0xd1, 0xd1, 0xd1, 0x0,
    0x7b, 0xff, 0x94, 0x3, 0xf3, 0x37, 0x38, 0x6,
    0xb2, 0x2a, 0xef, 0x80, 0x88, 0xa6,

    /* U+F030F "󰌏" */
    0x8f, 0xff, 0xfb, 0x1, 0x40, 0x3f, 0xe3, 0x30,
    0x3, 0x97, 0xd7, 0xd7, 0xd7, 0xcc, 0x3, 0x52,
    0x52, 0x52, 0x52, 0x51, 0x0, 0x6a, 0x4a, 0x4a,
    0x4a, 0x4a, 0x20, 0xd, 0x2e, 0xce, 0xce, 0xce,
    0xc4, 0x1, 0x9c, 0xac, 0x2c, 0x2c, 0xa4, 0x40,
    0x3d, 0xbb, 0xca, 0x1, 0x98, 0x2, 0xff, 0xe5,
    0x0, 0x8a, 0xab, 0xff, 0x81, 0xa2, 0x25, 0x58,
    0x40, 0x32, 0xac, 0x40, 0x1c, 0xf5, 0x51, 0x0,
    0x7f, 0x1e, 0x4, 0x38, 0x7, 0xf8, 0xf9, 0xc0,
    0x3c,

    /* U+F0311 "󰌑" */
    0x0, 0x86, 0x0, 0x3e, 0x10, 0x0, 0xe2, 0x88,
    0x7, 0x2f, 0x0, 0xe0, 0x60, 0x80, 0x7c, 0x38,
    0x4a, 0xec, 0xde, 0xf0, 0x42, 0x5, 0xbb, 0xf9,
    0xc9, 0x64, 0x2b, 0x77, 0xf8, 0x1a, 0x61, 0xc0,
    0x3f, 0xcd, 0x32, 0x10, 0xf, 0xf3, 0x70, 0x80,
    0x7c,

    /* U+F0317 "󰌗" */
    0x0, 0xc2, 0xcd, 0x28, 0x7, 0xf6, 0xc5, 0xda,
    0x94, 0x3, 0xf0, 0xc6, 0xe8, 0x8c, 0x3, 0xfb,
    0x15, 0x46, 0x1, 0xfc, 0xaa, 0xaa, 0x2, 0x0,
    0x7e, 0x8f, 0x29, 0xe2, 0x0, 0xcc, 0xde, 0x3c,
    0x66, 0xe3, 0xab, 0x89, 0x8b, 0x37, 0xb9, 0x95,
    0xd9, 0x73, 0x74, 0x1f, 0xbb, 0x9c, 0xf7, 0x4c,
    0x19, 0x80, 0xeb, 0x3, 0xe7, 0x3f, 0x60, 0x33,
    0x4d, 0x42, 0xd, 0x9d, 0x51, 0x28, 0x2, 0x75,
    0x40, 0x8, 0x55, 0x46, 0x1, 0xa5, 0xac, 0x2,
    0x26, 0x62, 0x0, 0xd, 0x55, 0x6a, 0xc3, 0x45,
    0x76, 0x18, 0x0,

    /* U+F0328 "󰌨" */
    0x0, 0xe4, 0x40, 0x7, 0xf3, 0xdd, 0x9c, 0x3,
    0xc3, 0x70, 0x0, 0x8b, 0x10, 0x8, 0xf1, 0x0,
    0x32, 0x61, 0x83, 0x61, 0x0, 0x78, 0xb1, 0x80,
    0x3f, 0xf8, 0xd, 0x84, 0x1, 0xe2, 0xc6, 0x11,
    0x62, 0x0, 0x64, 0xc1, 0x15, 0xea, 0x5c, 0x0,
    0x22, 0xd3, 0x6e, 0x9e, 0xa5, 0xee, 0xcf, 0x34,
    0xf4, 0x11, 0x4d, 0x8a, 0xac, 0x6a, 0x80, 0x9,
    0x74, 0x7f, 0xc3, 0xaa, 0x1, 0xc5, 0xa8, 0x8d,
    0x20, 0xf, 0xd5, 0x40, 0xe,

    /* U+F032A "󰌪" */
    0x0, 0xff, 0xe0, 0x1a, 0x80, 0x78, 0x4d, 0xa2,
    0xfb, 0x0, 0x32, 0x57, 0x73, 0x25, 0xd0, 0x41,
    0x40, 0x17, 0x65, 0x10, 0x25, 0x30, 0x2, 0x80,
    0x29, 0x0, 0x9, 0x4e, 0xa6, 0x0, 0xe0, 0x45,
    0x0, 0x57, 0x52, 0x80, 0x46, 0x81, 0xa0, 0xb,
    0xa, 0x0, 0xe8, 0x0, 0xce, 0xd4, 0x1, 0xca,
    0x80, 0xa, 0x18, 0xe0, 0xe, 0x2a, 0x0, 0x8f,
    0x10, 0xc0, 0x31, 0xe0, 0x7, 0x17, 0x80, 0x42,
    0xf8, 0x20, 0x1c, 0x49, 0x37, 0x9d, 0x0, 0x1f,
    0x9d, 0x90, 0xc0, 0x3f, 0x0,

    /* U+F0335 "󰌵" */
    0x0, 0x9a, 0x64, 0xa0, 0x18, 0xfa, 0x59, 0x95,
    0x82, 0x3, 0xa2, 0x1, 0x8f, 0x41, 0x84, 0x3,
    0xc6, 0x98, 0x1, 0xf8, 0xc0, 0x3f, 0xd8, 0x1,
    0xf8, 0xd8, 0x40, 0x3c, 0x68, 0x3a, 0x20, 0x18,
    0xb4, 0x0, 0x64, 0x1, 0x94, 0x40, 0x26, 0x0,
    0xdc, 0x1, 0xab, 0xff, 0x30, 0x7, 0x33, 0x60,
    0xf, 0x55, 0xdb, 0x0, 0x20,

    /* U+F0336 "󰌶" */
    0x0, 0x8d, 0x98, 0x40, 0x18, 0x73, 0x11, 0x3b,
    0x40, 0x16, 0xe, 0x77, 0xd2, 0x50, 0x31, 0x61,
    0x80, 0x16, 0x94, 0xf5, 0x44, 0x3, 0x21, 0x20,
    0x18, 0x7, 0xe3, 0x70, 0xe, 0x22, 0x1c, 0x85,
    0x0, 0x43, 0xc6, 0x83, 0xa9, 0x0, 0xd, 0x1d,
    0x0, 0x19, 0x1a, 0xa8, 0x54, 0x40, 0x26, 0x4a,
    0xa1, 0x70, 0x6, 0xaf, 0xfc, 0xc0, 0x1c, 0xef,
    0x30, 0x7, 0xae, 0x65, 0x80, 0x10,

    /* U+F0339 "󰌹" */
    0x0, 0xfe, 0x11, 0x0, 0x7f, 0x8f, 0x7b, 0x94,
    0x1, 0xf9, 0x31, 0xb2, 0x92, 0x80, 0x3c, 0x76,
    0xb6, 0x6b, 0x6a, 0x20, 0x18, 0xb1, 0x68, 0x2,
    0x60, 0xf, 0x41, 0xd1, 0x79, 0x84, 0x10, 0x80,
    0x8, 0x1d, 0x0, 0x8e, 0x41, 0x78, 0x0, 0x78,
    0xe, 0x80, 0x4, 0x70, 0xc3, 0x0, 0x72, 0x84,
    0x99, 0x2, 0x38, 0x10, 0x0, 0x4a, 0x0, 0xfc,
    0xa8, 0xe0, 0x3, 0xcc, 0x1, 0x52, 0xe1, 0x0,
    0x61, 0x5b, 0x53, 0xb5, 0xc3, 0x0, 0xf5, 0xa5,
    0x63, 0x61, 0x80, 0x7c, 0x35, 0xdc, 0xd3, 0x0,
    0xf8,

    /* U+F033E "󰌾" */
    0x0, 0xe3, 0x41, 0x0, 0xf8, 0x73, 0x17, 0xce,
    0x1, 0xeb, 0x1c, 0xf9, 0x85, 0x0, 0xe5, 0x83,
    0x6, 0x4e, 0x0, 0xc2, 0xc, 0x1, 0x13, 0x80,
    0x47, 0x21, 0x4e, 0xf2, 0x93, 0x8, 0x63, 0x83,
    0x44, 0x46, 0x33, 0x64, 0x1, 0xfe, 0x60, 0xf,
    0x8, 0x7, 0xfb, 0x79, 0xc0, 0x3f, 0x88, 0x30,
    0x3, 0xfa, 0xde, 0x80, 0x3f, 0x92, 0x4, 0x3,
    0x18, 0x7, 0xfc, 0x2c, 0x42, 0x3f, 0x14, 0x0,

    /* U+F0347 "󰍇" */
    0xdd, 0x48, 0x7, 0xa7, 0x74, 0x44, 0x30, 0xf,
    0x19, 0x13, 0xb9, 0x60, 0x1e, 0xbe, 0xe4, 0xc9,
    0x0, 0x3c, 0x93, 0x27, 0x77, 0x80, 0x7b, 0xdd,
    0xc0, 0x1f, 0xfd, 0x81, 0x6, 0x0, 0xf3, 0x80,
    0xa0, 0x1a, 0x80, 0x64, 0x20, 0x49, 0x0, 0x53,
    0x8, 0x9a, 0xc0, 0x12, 0x6e, 0x0, 0x9e, 0xe4,
    0x80, 0x1c, 0xc2, 0x20, 0x1, 0xe8, 0x80, 0x4,
    0xfd, 0x2c, 0xc9, 0xe7, 0x0, 0x0,

    /* U+F0349 "󰍉" */
    0x0, 0x4f, 0x7e, 0x20, 0x7, 0xb5, 0xda, 0x5a,
    0xd8, 0x3, 0x41, 0x64, 0x35, 0x44, 0x88, 0x4,
    0xce, 0x40, 0x13, 0x8b, 0x80, 0x43, 0xc0, 0x1c,
    0x5c, 0x1, 0x17, 0x0, 0x71, 0xf0, 0x5, 0x4e,
    0x60, 0x14, 0x83, 0x80, 0x4e, 0x99, 0x31, 0x8c,
    0x64, 0x1, 0xae, 0x55, 0x4d, 0x8d, 0x86, 0x1,
    0x9b, 0x36, 0x8e, 0x8f, 0xc, 0x3, 0xfb, 0xf,
    0xc, 0x3, 0xfb, 0x18, 0x80,

    /* U+F0369 "󰍩" */
    0x19, 0xaa, 0xff, 0x48, 0xc3, 0x2a, 0xff, 0x9a,
    0xc, 0x3, 0xff, 0x80, 0x60, 0x17, 0xff, 0xe0,
    0xf, 0x55, 0x7e, 0x0, 0xf5, 0x57, 0xe0, 0xf,
    0x55, 0x7e, 0x0, 0xf5, 0x57, 0x2, 0xa8, 0x3,
    0xd5, 0x5c, 0x80, 0x1f, 0x95, 0x78, 0x40, 0x3f,
    0xf8, 0xdc, 0x0, 0x7f, 0xff, 0xf2, 0x3, 0xc0,
    0x7, 0xfd, 0x30, 0x1, 0xff, 0xc0,

    /* U+F0374 "󰍴" */
    0x67, 0x7f, 0xc7, 0x53, 0x3f, 0x94,

    /* U+F03C8 "󰏈" */
    0x0, 0xf8, 0x40, 0x3f, 0xf8, 0x47, 0xd0, 0x1,
    0xff, 0xc1, 0x60, 0x6c, 0xc2, 0x0, 0x7f, 0xf0,
    0xd, 0x10, 0xe0, 0x1f, 0xfc, 0x6, 0xaa, 0x18,
    0x7, 0xff, 0x1, 0x37, 0x4a, 0x1, 0xff, 0xc0,
    0x4c, 0xc2, 0x0, 0x7f, 0xf0, 0x1d, 0x10, 0x60,
    0x1f, 0xfc, 0x3, 0xaa, 0x30, 0x7, 0xff, 0x1,
    0x77, 0x48, 0x1, 0xa8, 0x80, 0x54, 0x24, 0x14,
    0x92, 0x0, 0x5, 0x43, 0xb1, 0x9e, 0x4, 0x0,
    0x67, 0x6d, 0x8d, 0x1b, 0x84, 0x7b, 0xb, 0x36,
    0x43, 0xf7, 0x48, 0xb1, 0x6c, 0xa5, 0x77, 0x64,
    0x93, 0xad, 0x63, 0xa, 0x7b, 0x5d, 0x66, 0xc4,
    0x37, 0x2a, 0xdb, 0xd1, 0x5e, 0x1f, 0x2e, 0x99,
    0x95, 0x78, 0xf0, 0xea,

    /* U+F03D6 "󰏖" */
    0x0, 0xf8, 0xcc, 0x1, 0xff, 0xc0, 0x2b, 0xcc,
    0x59, 0x0, 0x7e, 0x19, 0xd4, 0x3a, 0x5d, 0x91,
    0x0, 0xe7, 0xe6, 0x0, 0x97, 0xa1, 0xf9, 0xc0,
    0x24, 0x80, 0xf, 0x99, 0xc2, 0x10, 0x1, 0x20,
    0xa2, 0x1, 0x9f, 0x92, 0x8e, 0x0, 0x14, 0x1f,
    0xe6, 0x2, 0xe9, 0x9c, 0x68, 0x0, 0x70, 0x0,
    0xce, 0x9, 0xee, 0xac, 0x82, 0x0, 0x3e, 0x31,
    0x2c, 0x6a, 0xb0, 0xf, 0x18, 0x6, 0x39, 0xd5,
    0x30, 0xe, 0x29, 0x80, 0xa, 0xd8, 0x66, 0x44,
    0x1, 0xb6, 0x1b, 0x50, 0x0, 0xfc, 0xf1, 0xa0,
    0x1c, 0xfe, 0xb6, 0x31, 0x7, 0xf7, 0x0, 0xf8,
    0x63, 0x55, 0x5b, 0x2, 0x1, 0x80,

    /* U+F03D8 "󰏘" */
    0x0, 0x9b, 0x3b, 0xf1, 0xc0, 0x30, 0xe6, 0xd8,
    0x8a, 0xa9, 0xc6, 0x0, 0xd3, 0xf7, 0x27, 0x65,
    0x1d, 0x16, 0x30, 0xac, 0x26, 0xb7, 0x1, 0x8a,
    0x7e, 0x3, 0x0, 0x21, 0xfb, 0x39, 0x0, 0x7f,
    0x84, 0x1f, 0x84, 0x3, 0x1f, 0xb2, 0x10, 0x7,
    0xfa, 0x28, 0x3, 0xca, 0xa7, 0xe3, 0x63, 0x0,
    0xd1, 0x54, 0x81, 0x0, 0x69, 0x80, 0x58, 0x1,
    0xe1, 0xc9, 0x30, 0x10, 0xe,

    /* U+F03E4 "󰏤" */
    0x66, 0x20, 0x1, 0x19, 0x93, 0x2e, 0x0, 0x74,
    0xc8, 0x3, 0xff, 0xd8, 0x44, 0x30, 0x1, 0x91,
    0x0,

    /* U+F03EB "󰏫" */
    0x0, 0xfc, 0x3b, 0x0, 0x1f, 0xd6, 0x4f, 0x0,
    0x1e, 0x19, 0xb3, 0x5, 0x0, 0xe1, 0xf6, 0xad,
    0x5c, 0x0, 0xc3, 0xe2, 0x9, 0x14, 0x20, 0x10,
    0xf8, 0x80, 0x6, 0x0, 0x30, 0xf8, 0x80, 0x7,
    0xc4, 0x2, 0x1f, 0x10, 0x0, 0xf8, 0x80, 0x43,
    0xe2, 0x0, 0x1f, 0x10, 0xd, 0xe2, 0x0, 0x1f,
    0x10, 0xe, 0x10, 0x0, 0xf8, 0x80, 0x7e, 0x1f,
    0x10, 0xf, 0x80,

    /* U+F040A "󰐊" */
    0x30, 0xf, 0xa7, 0xc, 0x3, 0xc7, 0x90, 0x1,
    0xf3, 0xea, 0x0, 0x78, 0xae, 0x84, 0x3, 0xcc,
    0x40, 0x1d, 0x18, 0x60, 0x12, 0x6b, 0x80, 0x43,
    0x36, 0x40, 0x17, 0xf9, 0x80, 0x38,

    /* U+F040C "󰐌" */
    0x0, 0xe4, 0x66, 0x18, 0x7, 0xe9, 0xfb, 0x99,
    0x66, 0xa0, 0x6, 0x1d, 0x60, 0xe, 0x2b, 0x70,
    0xa, 0x88, 0x3, 0xf4, 0x20, 0x22, 0x0, 0x25,
    0x10, 0xe, 0x90, 0xe0, 0xd, 0x9e, 0x80, 0x18,
    0x8d, 0x80, 0x38, 0x6d, 0xc0, 0x33, 0x8, 0x7,
    0xd4, 0x40, 0x11, 0xb0, 0x7, 0x97, 0x48, 0x2,
    0x2c, 0x0, 0xc3, 0x34, 0x1, 0xc8, 0xe2, 0x1,
    0x43, 0x0, 0x73, 0x80, 0x28, 0x3, 0xf8, 0xe0,
    0x0, 0x96, 0x20, 0x1e, 0x4d, 0x0, 0xc9, 0xd2,
    0x84, 0x6d, 0x76, 0x10, 0x0,

    /* U+F0415 "󰐕" */
    0x0, 0xcc, 0x60, 0x1f, 0xa1, 0x0, 0x3f, 0xf9,
    0x8c, 0xef, 0x6, 0xbb, 0xc7, 0x53, 0x30, 0xa4,
    0xcc, 0xb9, 0xdd, 0xc, 0xf7, 0x4c, 0x1, 0xff,
    0xcc, 0x21, 0x0, 0xc0,

    /* U+F0425 "󰐥" */
    0x0, 0xed, 0x60, 0xf, 0x8, 0x7, 0x10, 0x4,
    0x3f, 0x0, 0x1b, 0x24, 0x1, 0x47, 0x0, 0x1a,
    0x99, 0x5, 0x24, 0x3, 0x91, 0x1e, 0xa0, 0x80,
    0x1e, 0xc5, 0x0, 0xe4, 0x20, 0x8, 0xd4, 0x10,
    0x1, 0x28, 0x0, 0xc6, 0x14, 0x90, 0xe, 0x44,
    0x78, 0x51, 0xe2, 0x0, 0xbd, 0xb2, 0x0, 0xe3,
    0xdf, 0xf4, 0x42, 0x40, 0x22, 0xbd, 0xbb, 0x7b,
    0x80, 0x0,

    /* U+F0427 "󰐧" */
    0x0, 0x99, 0xbc, 0x1, 0xd5, 0x37, 0x7a, 0x68,
    0x2, 0xa5, 0xbd, 0xdd, 0x6b, 0x41, 0x69, 0x88,
    0x18, 0xc0, 0x98, 0x96, 0x96, 0x14, 0x2, 0x0,
    0xa0, 0xb4, 0x0, 0x32, 0x82, 0x10, 0x2b, 0x0,
    0x7d, 0x28, 0x1, 0xf2, 0xf8, 0x6, 0xf5, 0x0,
    0xbd, 0x9b, 0xf7, 0x81, 0x3d, 0xdf, 0xe7, 0x20,

    /* U+F042A "󰐪" */
    0x0, 0xb3, 0x3f, 0x0, 0x78, 0xcf, 0xf0, 0x7,
    0x88, 0xbf, 0x0, 0x63, 0x6b, 0xbf, 0xcc, 0x40,
    0xb9, 0x33, 0xfe, 0xd2, 0xf0, 0xf, 0xf6, 0x82,
    0x0, 0x7f, 0xda, 0x1, 0xe4, 0x77, 0xc8, 0x1,
    0xfb, 0xa2, 0x37, 0x0, 0x69, 0xaa, 0x0, 0x7e,
    0xaa, 0x21, 0xaa, 0x83, 0x15, 0x76, 0x2, 0xa8,
    0x80, 0x33, 0x55, 0x66, 0x0, 0xc0,

    /* U+F042B "󰐫" */
    0x3, 0x67, 0x7f, 0xcc, 0x40, 0xb9, 0x31, 0x1f,
    0xa7, 0x4b, 0xc0, 0x3f, 0xdc, 0x8, 0x1, 0x8,
    0xfe, 0xf0, 0x10, 0xb, 0xbb, 0xed, 0x10, 0xf,
    0xc8, 0x80, 0xf, 0x7b, 0xb8, 0x13, 0x2e, 0xd8,
    0x84, 0xee, 0x45, 0x88, 0x5d, 0x97, 0x6d, 0xee,
    0xa2, 0x6, 0x1, 0x20, 0x2b, 0x1a, 0x82, 0x0,
    0x7d, 0x2f, 0x70, 0xf0, 0x1, 0xf8, 0xac, 0x62,
    0x48, 0x3, 0xe1, 0x94, 0x0, 0x3d, 0x88, 0x7,
    0xbd, 0x2c, 0x62, 0xf, 0xe0, 0x1e, 0x19, 0xd5,
    0x56, 0xc8, 0x80, 0x40,

    /* U+F0433 "󰐳" */
    0x9f, 0xf8, 0x3, 0xf7, 0xfd, 0x2c, 0xca, 0xa0,
    0x7, 0xea, 0xa3, 0x30, 0x31, 0x1, 0x54, 0x40,
    0x4, 0x55, 0x2, 0x60, 0x4, 0x95, 0x52, 0x80,
    0x2a, 0xb2, 0x0, 0x3d, 0x40, 0x1e, 0x21, 0xce,
    0x11, 0xe0, 0x5, 0xf0, 0xd, 0x42, 0x1, 0xae,
    0x80, 0x3c, 0xca, 0xa, 0x6e, 0x6e, 0xc0, 0xac,
    0x1, 0xc7, 0x54, 0xd0, 0x0, 0xf5, 0x18, 0x7,
    0x3a, 0x0, 0x11, 0x8c, 0xf2, 0x38, 0x6, 0x6a,
    0x77, 0x70, 0x85, 0xf6, 0x6a, 0x0, 0x67, 0x89,
    0x84, 0xa4, 0xbe, 0xcc, 0x20, 0x7, 0xb8, 0x42,
    0xb1, 0x0, 0xcc, 0x20, 0xf, 0x50, 0x7, 0x88,
    0x2, 0x3f, 0xbf, 0xca, 0xaf, 0x0, 0x25, 0x54,
    0xb4, 0xa1, 0x54, 0x0, 0xec, 0x40, 0x55, 0x12,
    0x10, 0x1a, 0xad, 0x80, 0xcc, 0xaa, 0x0, 0x7e,
    0xaa, 0x33, 0x0,

    /* U+F0438 "󰐸" */
    0x0, 0xa, 0x80, 0xd, 0x40, 0x6, 0xa0, 0x1a,
    0xa0, 0x1, 0xfe, 0x0, 0x7f, 0x0, 0x46, 0x96,
    0x6, 0x69, 0x3, 0x37, 0x80, 0x46, 0x90, 0x6,
    0x9e, 0x6, 0x92, 0x1, 0x9c, 0xc0, 0xc, 0xc0,
    0x3, 0x38, 0x4, 0x43, 0xe0, 0x4d, 0x60, 0x4d,
    0x60, 0x11, 0x69, 0x1, 0x58, 0x81, 0x58, 0x80,
    0x1f, 0xff, 0xfe, 0xd1, 0xa0, 0x63, 0x8, 0x4,
    0x60, 0x72, 0x23, 0x98, 0x5d, 0xb, 0x8e, 0xd0,
    0x52, 0x0, 0x66, 0xe1, 0x21, 0xe6, 0x6, 0x20,
    0xd, 0x6e, 0x1a, 0xf, 0x41, 0x68, 0x1, 0x2d,
    0x57, 0xf8, 0x0, 0xfc, 0xab, 0xfe, 0x62,

    /* U+F044E "󰑎" */
    0x0, 0xff, 0xe3, 0x24, 0x54, 0xb0, 0x80, 0xe,
    0x40, 0x9, 0xb6, 0xea, 0xd3, 0xce, 0x78, 0x60,
    0xb6, 0x51, 0xbf, 0xd4, 0x51, 0x80, 0x2, 0xa1,
    0xd7, 0x20, 0x15, 0xe0, 0xd, 0x21, 0xa4, 0x1,
    0x8f, 0x0, 0x37, 0xc1, 0x80, 0x75, 0x2a, 0xec,

    /* U+F0450 "󰑐" */
    0x0, 0xc2, 0x88, 0x10, 0xf, 0xd, 0x75, 0xdb,
    0xa8, 0x61, 0x40, 0x7d, 0xeb, 0xbe, 0x93, 0x9c,
    0x1, 0x67, 0xaa, 0x20, 0xac, 0x1, 0xa, 0xc0,
    0x6, 0x87, 0x0, 0x94, 0x14, 0x3, 0x6d, 0x54,
    0x80, 0x1f, 0x2a, 0xe1, 0x50, 0x50, 0xf, 0x25,
    0x0, 0xac, 0x0, 0x70, 0xc8, 0x5, 0x67, 0xaa,
    0x2, 0xb8, 0x16, 0x0, 0x1f, 0x7a, 0xfe, 0xa6,
    0xc1, 0x0, 0x86, 0xba, 0xed, 0xd6, 0x20, 0x0,

    /* U+F0465 "󰑥" */
    0x0, 0xff, 0xe2, 0x9c, 0x80, 0x7f, 0x1e, 0x10,
    0x80, 0x7c, 0x58, 0x9, 0xd4, 0x20, 0x1c, 0x4e,
    0x9, 0x49, 0x82, 0x0, 0xa7, 0x8, 0x71, 0x5f,
    0xb, 0x1, 0x52, 0x0, 0x44, 0x80, 0xc2, 0x88,
    0x52, 0x80, 0x46, 0x0, 0x40, 0x50, 0xf, 0xfe,
    0xd, 0x28, 0x7, 0x90, 0x14, 0x54, 0x80, 0x38,
    0x61, 0x44, 0x29, 0xdc, 0xa0, 0x5, 0xf0, 0xb0,
    0xd, 0xb4, 0xaa, 0xa4, 0xc1, 0x0, 0xd5, 0xc8,
    0x8e, 0xa1, 0x0, 0x0,

    /* U+F0467 "󰑧" */
    0x0, 0xff, 0xe2, 0xc9, 0x80, 0x7f, 0x9, 0x61,
    0x80, 0x78, 0x6b, 0x90, 0x30, 0x80, 0x30, 0xe2,
    0x52, 0x3, 0x90, 0x6, 0xb0, 0xf5, 0x17, 0x80,
    0x7a, 0x1, 0x58, 0x10, 0x98, 0x0, 0x12, 0x8a,
    0x82, 0x0, 0xc, 0x2, 0x5a, 0x0, 0xff, 0xe0,
    0xa8, 0x20, 0x7, 0x96, 0x80, 0x56, 0x4, 0x3,
    0x89, 0x44, 0x2c, 0x3d, 0x40, 0xa, 0xee, 0xa0,
    0x0, 0xe2, 0x52, 0xaa, 0xb4, 0x3, 0x86, 0xb9,
    0x11, 0xd4, 0x1, 0x0,

    /* U+F0469 "󰑩" */
    0x0, 0xfc, 0x62, 0x1, 0xfa, 0x76, 0x6b, 0xc,
    0x3, 0x8f, 0xe4, 0xf, 0x90, 0x3, 0x8d, 0xf6,
    0x76, 0x9c, 0x3, 0xc3, 0x26, 0xb0, 0x1, 0xfd,
    0xea, 0x1, 0xff, 0xc3, 0x11, 0xf8, 0xc, 0x42,
    0xfb, 0xbe, 0x9, 0xeb, 0x40, 0x20, 0x11, 0x1,
    0x0, 0x48, 0x0, 0xd2, 0xff, 0x16, 0x80, 0x7b,
    0xcb, 0xb8, 0x5e, 0x1, 0x98, 0x3, 0xfc, 0xc0,

    /* U+F046D "󰑭" */
    0x0, 0xff, 0xe7, 0xad, 0x80, 0x7f, 0xf0, 0xb5,
    0x30, 0x3, 0xfe, 0x4e, 0xa6, 0x3b, 0x0, 0xfe,
    0x45, 0x3c, 0x70, 0xe0, 0xf, 0xea, 0xc2, 0x11,
    0x52, 0x80, 0x7c, 0xad, 0xa4, 0x0, 0xa5, 0x0,
    0xfc, 0x73, 0x62, 0x14, 0xa0, 0x1f, 0x27, 0x70,
    0x1c, 0x69, 0x40, 0x3e, 0x45, 0x53, 0x80, 0x29,
    0x40, 0x3f, 0x56, 0xc0, 0x2, 0x94, 0x3, 0xe5,
    0x86, 0x3c, 0xa, 0x50, 0xf, 0xdc, 0xee, 0x0,
    0x52, 0x80, 0x7f, 0x59, 0x80, 0x29, 0x40, 0x3f,
    0xec, 0x4a, 0x50, 0xf, 0xfe, 0xd, 0xa8, 0x7,
    0xfc,

    /* U+F0479 "󰑹" */
    0x0, 0xc6, 0xcd, 0xc8, 0x1, 0x93, 0x6e, 0x6e,
    0x6e, 0xc6, 0x0, 0x4b, 0x4d, 0x5d, 0x5d, 0x6,
    0x4, 0xb0, 0xf, 0xe3, 0xb0, 0x3, 0x37, 0x80,
    0xc, 0x1, 0x1c, 0x9c, 0x9c, 0x80, 0x7f, 0xff,
    0xc0, 0x3f, 0xe5, 0x42, 0x2f, 0xc8, 0xa0,

    /* U+F048A "󰒊" */
    0x88, 0x8, 0x7, 0xff, 0x0, 0x9f, 0xa8, 0xc0,
    0x3f, 0xf8, 0x2b, 0x98, 0x50, 0xf, 0xfe, 0x9,
    0xd7, 0x40, 0x80, 0x76, 0x98, 0x7, 0xb, 0xf5,
    0x18, 0x4, 0xf9, 0xfd, 0x95, 0xc, 0x62, 0xb9,
    0x85, 0x0, 0xfe, 0x70, 0xf, 0x3e, 0x7f, 0x65,
    0x43, 0x20, 0xae, 0x61, 0x43, 0x4c, 0x3, 0x85,
    0xfa, 0x8c, 0x3, 0xf1, 0xd7, 0x40, 0x80, 0x7e,
    0x5c, 0xc2, 0x80, 0x7e, 0x37, 0xea, 0x30, 0xf,
    0xf0,

    /* U+F0493 "󰒓" */
    0x0, 0xe4, 0x66, 0x20, 0x7, 0xfa, 0x26, 0x5e,
    0x1, 0xf2, 0x80, 0x90, 0x1, 0x44, 0x14, 0x2,
    0x8a, 0xee, 0x8, 0x0, 0x7b, 0x95, 0x0, 0x4e,
    0x2, 0x1, 0xe1, 0x7, 0x26, 0x0, 0xcf, 0xfe,
    0x70, 0xc, 0xc9, 0xa0, 0x2, 0x80, 0x4, 0x10,
    0x3, 0x50, 0x8, 0x0, 0xc0, 0x19, 0x80, 0x4,
    0x3, 0x60, 0x4, 0x20, 0x1, 0x20, 0x2, 0xc5,
    0x10, 0x1, 0x64, 0x43, 0x0, 0x24, 0x42, 0x98,
    0x4, 0x2e, 0xe1, 0x0, 0x8d, 0x43, 0xce, 0x60,
    0x3, 0x44, 0x9f, 0x80, 0xf, 0x19, 0xc8, 0x0,
    0x6e, 0xd8, 0x60, 0x1e, 0x42, 0x22, 0x80, 0x70,

    /* U+F04B2 "󰒲" */
    0x0, 0xff, 0x8d, 0x56, 0x10, 0xf, 0xfa, 0x2a,
    0xa5, 0x0, 0xff, 0xaf, 0xc8, 0xd0, 0x3, 0xd3,
    0x55, 0x0, 0x2c, 0xf4, 0x3, 0xf9, 0x14, 0x21,
    0x19, 0x4, 0x3, 0xd3, 0xe3, 0x20, 0x60, 0xf4,
    0xa5, 0xff, 0x70, 0x15, 0x2b, 0x5, 0xff, 0xc8,
    0x6c, 0xc0, 0x20, 0xe0, 0xd7, 0x0, 0xf0, 0xc9,
    0xe, 0x80, 0x6, 0x64, 0x20, 0x1e, 0xa5, 0xc1,
    0xc, 0xee, 0x84, 0x3, 0x89, 0x47, 0x78, 0x3,
    0xfe, 0x2a, 0xac, 0x1, 0xff, 0x0,

    /* U+F04C5 "󰓅" */
    0x0, 0x86, 0x37, 0xfb, 0x18, 0x3, 0xcb, 0xcc,
    0xb3, 0xa, 0x40, 0x82, 0x0, 0x4a, 0x6e, 0x86,
    0x64, 0xb5, 0xe8, 0x80, 0x29, 0x64, 0x2, 0x19,
    0xd4, 0x83, 0x6, 0x1b, 0x0, 0x9b, 0xd8, 0x20,
    0x74, 0xb1, 0x4, 0x1, 0x52, 0x20, 0x4e, 0x0,
    0x41, 0x20, 0x0, 0xa8, 0x5, 0x20, 0x2, 0xe0,
    0x30, 0x0, 0x90, 0x1, 0x50, 0x0, 0x3f, 0x88,
    0x1, 0x7b, 0x3d, 0x0, 0x8, 0x86, 0xa2, 0xc0,
    0x2, 0x98, 0x0, 0xa0, 0x90, 0x9e, 0x48, 0x3,
    0xc8, 0xb2, 0x0, 0x88, 0x18, 0x7, 0x9a, 0x90,
    0x0,

    /* U+F04CE "󰓎" */
    0x0, 0xf0, 0x88, 0x3, 0xff, 0x80, 0xcc, 0x0,
    0xff, 0xe0, 0x4c, 0x80, 0x3f, 0xe5, 0x11, 0x28,
    0x7, 0xe1, 0x39, 0x0, 0x49, 0x88, 0x4, 0x7d,
    0xfd, 0x86, 0x0, 0x3c, 0xef, 0xe3, 0x36, 0x88,
    0x7, 0xe1, 0xd3, 0x3, 0xc2, 0x0, 0xf1, 0x61,
    0x80, 0x45, 0xe0, 0x1e, 0xf2, 0x0, 0xe6, 0x0,
    0xf3, 0x0, 0x7b, 0x0, 0x6, 0x60, 0x6, 0x0,
    0x79, 0x6, 0x73, 0x12, 0x28, 0x1, 0xe5, 0xf6,
    0x0, 0x37, 0xa8, 0x4,

    /* U+F04DB "󰓛" */
    0xff, 0xfc, 0x1, 0xff, 0xec,

    /* U+F04E2 "󰓢" */
    0x0, 0x52, 0x0, 0x7d, 0x6b, 0x68, 0x1, 0xca,
    0x20, 0x7a, 0x20, 0x19, 0x68, 0xaa, 0x44, 0x3,
    0xfc, 0xa4, 0x1, 0xfa, 0xd0, 0x3, 0xff, 0x85,
    0x28, 0x1, 0xf9, 0x8, 0x3, 0xfc, 0xb4, 0x35,
    0x22, 0x1, 0x94, 0x40, 0xf4, 0x40, 0x3a, 0xd2,
    0xd0, 0x0,

    /* U+F04E6 "󰓦" */
    0x0, 0xff, 0xe2, 0xe0, 0x7, 0xfb, 0xd, 0x4,
    0x3, 0xe6, 0x30, 0xbe, 0xa1, 0x0, 0xe6, 0x80,
    0xea, 0x7f, 0x10, 0x3, 0x80, 0x1e, 0x5, 0x74,
    0xec, 0x6, 0x10, 0x0, 0xe0, 0x14, 0x28, 0xa8,
    0x20, 0x7, 0x90, 0x14, 0x3, 0xff, 0x80, 0xa0,
    0xa0, 0x1e, 0x40, 0x51, 0x58, 0x0, 0x9c, 0x0,
    0xb0, 0x21, 0x67, 0xaa, 0x10, 0xe0, 0x7, 0x0,
    0xf, 0xbd, 0x78, 0x43, 0x0, 0x70, 0xd7, 0x58,
    0x1b, 0x0, 0x7c, 0x28, 0x78, 0x1, 0xfe, 0xc0,
    0xe,

    /* U+F04FE "󰓾" */
    0x0, 0xf6, 0x28, 0x7, 0xfc, 0xa7, 0xe4, 0x1,
    0xf9, 0x7a, 0x81, 0x76, 0x80, 0x3c, 0x94, 0x9c,
    0x33, 0x4b, 0x40, 0x1d, 0x2b, 0x43, 0xec, 0xb6,
    0xa8, 0x1, 0x21, 0x40, 0x0, 0x40, 0x8, 0x7c,
    0x0, 0x6f, 0x4, 0x0, 0x20, 0x82, 0x82, 0x30,
    0xd2, 0x85, 0x88, 0x71, 0x7, 0x98, 0xd9, 0x65,
    0x86, 0x88, 0x51, 0x85, 0x2a, 0x69, 0x82, 0x4,
    0x0, 0x4, 0x0, 0x6b, 0xa0, 0x10, 0xcb, 0xc0,
    0x7b, 0x26, 0x9b, 0x0, 0x66, 0x97, 0xf1, 0x9b,
    0x5c, 0x0, 0xf3, 0x74, 0x82, 0xe5, 0x80, 0x7e,
    0x16, 0x3f, 0x30, 0xe,

    /* U+F050F "󰔏" */
    0x0, 0x95, 0x40, 0x1d, 0x55, 0x80, 0x32, 0xcc,
    0x94, 0x3, 0x8c, 0xc0, 0x1e, 0xff, 0x0, 0x79,
    0x54, 0x1, 0xff, 0xc8, 0x90, 0xd, 0x20, 0x4c,
    0x1, 0x98, 0x98, 0x3, 0xcc, 0xc0, 0xf, 0x31,
    0x28, 0x6, 0x52, 0xa, 0x83, 0x34, 0x50, 0x0,

    /* U+F0510 "󰔐" */
    0x0, 0xf2, 0xa8, 0x3, 0x87, 0x31, 0x1, 0x55,
    0x82, 0x32, 0xc5, 0x55, 0xa0, 0xb3, 0x25, 0xd,
    0x53, 0xb, 0xb2, 0x0, 0xc, 0xc0, 0x4, 0xb9,
    0x1d, 0xd5, 0x80, 0x3b, 0x80, 0xb, 0xdf, 0x1f,
    0xf5, 0x0, 0x11, 0x0, 0xa, 0xfe, 0x1a, 0xa3,
    0x0, 0x79, 0xaa, 0x40, 0x22, 0x0, 0xf1, 0x0,
    0x6, 0xa8, 0x96, 0x1, 0xad, 0x2a, 0x47, 0xd4,
    0xd0, 0x3, 0x21, 0xcf, 0xd, 0x23, 0x80, 0x79,
    0xee, 0x81, 0x45, 0x40, 0x3c, 0xa4, 0x80, 0x10,
    0xc0, 0x6, 0x81, 0x0, 0xf3, 0xdb, 0x32, 0xdc,
    0x2,

    /* U+F051F "󰔟" */
    0x77, 0xfd, 0x13, 0x3e, 0x80, 0xbe, 0xed, 0x60,
    0x10, 0xe6, 0x18, 0x0, 0x3e, 0x32, 0xed, 0xe3,
    0x8f, 0x2b, 0x72, 0xba, 0x58, 0x93, 0x26, 0xb3,
    0x1, 0xa6, 0x42, 0x40, 0x4, 0x42, 0xf0, 0x2c,
    0x25, 0xb1, 0x7, 0x16, 0x9a, 0xcc, 0x0, 0x36,
    0xa0, 0x1f, 0xde, 0xef, 0xbc, 0x5, 0x26, 0x72,
    0x8,

    /* U+F054C "󰕌" */
    0x0, 0xff, 0xe1, 0x49, 0x80, 0x5, 0xa6, 0xa1,
    0x0, 0x31, 0xe1, 0xbf, 0x4b, 0x2b, 0xde, 0xa0,
    0x6, 0xc8, 0x2a, 0xef, 0xd8, 0x2b, 0x50, 0xe,
    0xe5, 0x10, 0x27, 0xd1, 0xa2, 0x0, 0xd8, 0x60,
    0x18, 0xb4, 0x27, 0x15, 0x75, 0x0, 0x71, 0xc7,
    0x80,

    /* U+F0553 "󰕓" */
    0x0, 0xc2, 0x1, 0xfd, 0xae, 0x1, 0xf3, 0x9c,
    0x20, 0x7, 0x8c, 0x54, 0x3, 0xb, 0x1a, 0x1e,
    0x24, 0x41, 0x6a, 0x70, 0x3, 0x3b, 0xbc, 0xc0,
    0x80, 0x3e, 0x80, 0x80, 0xd, 0x21, 0x60, 0xc,
    0x53, 0xc5, 0xf0, 0x10, 0x66, 0x50, 0xad, 0x33,
    0x80, 0x27, 0xfc, 0x53, 0xfe, 0x80, 0xf, 0xfe,
    0x12, 0x95, 0x80, 0x7d, 0xe0, 0x46, 0x1, 0xe8,
    0x47, 0x30, 0x8,

    /* U+F0566 "󰕦" */
    0x0, 0xd9, 0xff, 0xec, 0x0, 0xfc, 0x6d, 0x55,
    0x98, 0xc0, 0x3d, 0x6, 0x18, 0xab, 0xb0, 0xe,
    0x0, 0x6, 0x2e, 0xc0, 0x1f, 0x99, 0xc4, 0xf1,
    0x0, 0x3f, 0xf8, 0x9, 0x80, 0x1f, 0xfd, 0x43,
    0x10, 0xf, 0xfe, 0x0, 0x9e, 0x20, 0x7, 0xff,
    0x1, 0x30, 0x1, 0xca, 0x1, 0xf9, 0x78, 0x3,
    0x8, 0x3, 0x15, 0x76, 0x0, 0x4, 0x3, 0xc6,
    0xd5, 0x59, 0x8c, 0x3, 0x0,

    /* U+F0567 "󰕧" */
    0xef, 0xff, 0xc6, 0x6, 0x20, 0x1f, 0x98, 0xf0,
    0x3, 0xfb, 0x70, 0x3, 0xfc, 0xe0, 0x1f, 0xfc,
    0xb7, 0x0, 0xff, 0xb7, 0x0, 0x40, 0x3f, 0x31,
    0xe0,

    /* U+F0568 "󰕨" */
    0x15, 0x0, 0xff, 0x92, 0x94, 0x3, 0xfc, 0xb5,
    0x45, 0x0, 0xff, 0x58, 0x52, 0x8e, 0xff, 0xc6,
    0x6, 0x2, 0x0, 0xa4, 0xc2, 0x0, 0x31, 0xe0,
    0x7, 0x52, 0x61, 0x6, 0xe0, 0x7, 0xd4, 0x98,
    0x4e, 0x1, 0xfd, 0x49, 0x84, 0x1, 0xfe, 0xa4,
    0xc2, 0x0, 0xff, 0x52, 0x61, 0x0, 0x80, 0x7e,
    0xa4, 0xc0, 0xef, 0xff, 0xd5, 0x44, 0x0, 0xff,
    0x2d, 0x60,

    /* U+F056E "󰕮" */
    0xff, 0xe5, 0x57, 0xff, 0x0, 0x7f, 0xf7, 0x97,
    0xff, 0x80, 0x3c, 0x75, 0x5c, 0xab, 0xcc, 0xc5,
    0x5e, 0xaa, 0xe3, 0x0, 0xf7, 0xff, 0x28, 0x7,
    0xff, 0x78,

    /* U+F0570 "󰕰" */
    0xff, 0xe5, 0x57, 0xff, 0x0, 0x7f, 0xf9, 0x2a,
    0xb9, 0x11, 0x55, 0xc0, 0x1f, 0xfc, 0xa, 0xae,
    0x44, 0x55, 0x70, 0x7, 0xff, 0x90,

    /* U+F0572 "󰕲" */
    0x1a, 0xa2, 0xc5, 0x57, 0xc4, 0xa, 0xad, 0x45,
    0x5f, 0x84, 0x3, 0xff, 0x82, 0x35, 0x4b, 0x8a,
    0xaf, 0x88, 0x6a, 0x97, 0x15, 0x5f, 0x10, 0x7,
    0xff, 0x4, 0x6a, 0x97, 0x15, 0x5f, 0x10, 0xd5,
    0x2e, 0x2a, 0xbe, 0x20, 0xf, 0xfe, 0x12, 0xab,
    0x51, 0x57, 0xe1,

    /* U+F057E "󰕾" */
    0x0, 0xf9, 0xd8, 0x3, 0xf6, 0x0, 0x27, 0x4,
    0x3, 0xb0, 0xc1, 0xf4, 0x74, 0x3, 0x61, 0x80,
    0x10, 0xbc, 0xdb, 0xfe, 0x30, 0xb, 0xa0, 0x96,
    0x80, 0x3f, 0x30, 0x61, 0x80, 0x7f, 0xf2, 0x18,
    0x30, 0xff, 0xe3, 0x0, 0xba, 0x9, 0x68, 0x2,
    0xc3, 0x0, 0x21, 0x79, 0xb0, 0x6, 0xc3, 0x7,
    0xd1, 0xd0, 0xf, 0x60, 0x2, 0x70, 0x40,

    /* U+F0580 "󰖀" */
    0x0, 0xff, 0xe1, 0xd8, 0x80, 0x7d, 0x68, 0x1,
    0xf5, 0xa0, 0x1, 0x0, 0x1b, 0xfe, 0x40, 0xb,
    0x68, 0x3, 0xf9, 0x40, 0x3f, 0xf8, 0xea, 0x1b,
    0xfe, 0x40, 0xb, 0x68, 0x3, 0x5a, 0x0, 0x10,
    0x3, 0xd6, 0x80, 0x1f, 0xd6, 0x20, 0x10,

    /* U+F0581 "󰖁" */
    0x95, 0x0, 0xe7, 0x60, 0xb, 0x29, 0x40, 0x18,
    0x0, 0x9c, 0x10, 0x5a, 0xa2, 0x88, 0x81, 0xf4,
    0x74, 0x0, 0xb5, 0x44, 0xc0, 0x42, 0xf3, 0x6f,
    0xf5, 0x5, 0x20, 0x74, 0x12, 0xd0, 0x7, 0x52,
    0xda, 0x6, 0x18, 0x7, 0xa9, 0x34, 0x3, 0xfa,
    0xa8, 0x81, 0xe7, 0xff, 0x18, 0x1, 0x6a, 0x8b,
    0x10, 0x0, 0xb0, 0xc0, 0xb, 0x14, 0x88, 0x0,
    0xd8, 0x60, 0xd0, 0x54, 0xa0, 0x1d, 0x80, 0x33,
    0xb5, 0x80,

    /* U+F058C "󰖌" */
    0x0, 0x91, 0x0, 0x1c, 0x57, 0x44, 0x1, 0xb8,
    0x7, 0x80, 0x27, 0x30, 0x1, 0xb8, 0xc, 0x0,
    0x68, 0x19, 0x0, 0xf4, 0xa8, 0x7, 0x94, 0x80,
    0x3c, 0x46, 0x1, 0xe3, 0x90, 0xf, 0x4a, 0xc8,
    0x6, 0x95, 0x6, 0xfb, 0xb7, 0xb0, 0x0,

    /* U+F05A1 "󰖡" */
    0x0, 0xe8, 0xee, 0x30, 0x7, 0xf3, 0xba, 0x5a,
    0x4c, 0x3, 0xf6, 0x33, 0xc1, 0x20, 0x7, 0xe2,
    0x41, 0x32, 0x10, 0xe, 0x1e, 0xf6, 0x2e, 0xc0,
    0x9f, 0xc0, 0xa, 0x44, 0x3, 0xf1, 0xa8, 0x1,
    0x0, 0x3f, 0xd8, 0x0, 0x30, 0xf, 0xf2, 0x2,
    0x0, 0x7f, 0xc4, 0x38, 0x1, 0xff, 0xc0, 0x53,
    0x0, 0xff, 0xe0, 0x1e, 0x80, 0x7f, 0xc2, 0x80,

    /* U+F05A9 "󰖩" */
    0x0, 0x85, 0xef, 0xbf, 0xdd, 0x6e, 0x20, 0x18,
    0x6b, 0xa1, 0x4, 0x0, 0x29, 0x1d, 0x42, 0x0,
    0xf5, 0x5, 0xad, 0xff, 0x6d, 0x28, 0x2f, 0x80,
    0x2d, 0x7a, 0x94, 0x80, 0x4, 0xb5, 0xcb, 0x60,
    0x5, 0xa1, 0x29, 0xdf, 0xf6, 0xc9, 0xd, 0x28,
    0x6, 0x7d, 0x62, 0x0, 0x13, 0x6b, 0x80, 0x79,
    0x45, 0xf3, 0xfd, 0x8e, 0x2a, 0x1, 0xe2, 0xe8,
    0x30, 0x1, 0xc7, 0x10, 0x7, 0xe1, 0xae, 0xe5,
    0x8, 0x7, 0xf8, 0x5c, 0x44, 0xe2, 0x1, 0xff,
    0x78, 0x3, 0xc0, 0x3f, 0xf8, 0x5, 0x32, 0x20,
    0xf, 0x0,

    /* U+F05AA "󰖪" */
    0x1c, 0x20, 0x6b, 0xdf, 0xf7, 0x5b, 0x88, 0x4,
    0x2f, 0x84, 0x44, 0x20, 0x0, 0xa4, 0x75, 0x8,
    0x1, 0x47, 0x1b, 0x75, 0xfe, 0xda, 0x50, 0x5f,
    0x0, 0x5a, 0xa6, 0x1, 0x0, 0x9, 0x6b, 0x96,
    0xc0, 0xb, 0x54, 0x5c, 0x24, 0xed, 0x92, 0x1a,
    0x50, 0xc, 0xe8, 0x38, 0xd4, 0x4d, 0xae, 0x1,
    0xe5, 0x5, 0x4c, 0x6d, 0x61, 0x50, 0xf, 0x17,
    0xd5, 0x13, 0x2, 0x78, 0x80, 0x3f, 0xd, 0x20,
    0xe1, 0x0, 0x7f, 0x85, 0xc4, 0x7, 0x8, 0x3,
    0xfd, 0xe0, 0xd, 0x4f, 0x10, 0xf, 0xe2, 0x9a,
    0x2a, 0x75, 0x0, 0x80,

    /* U+F05CA "󰗊" */
    0x0, 0xe4, 0x90, 0xf, 0xf2, 0xae, 0xe7, 0x55,
    0xc6, 0x1, 0x86, 0xab, 0x28, 0xd5, 0x6b, 0x0,
    0xc3, 0xff, 0xf1, 0x4f, 0xc0, 0x7, 0xc8, 0xe0,
    0x5, 0x26, 0x0, 0xfe, 0x68, 0x40, 0x87, 0x0,
    0x8, 0x80, 0x3c, 0x51, 0x54, 0x8, 0x0, 0x76,
    0x80, 0x7c, 0xe6, 0xb2, 0x0, 0x60, 0x32, 0x0,
    0xf4, 0x91, 0x28, 0x82, 0x98, 0xec, 0x3, 0xa5,
    0xaf, 0x4a, 0x8, 0xea, 0x8e, 0x1, 0xa5, 0xad,
    0x3, 0x26, 0xc1, 0x38, 0x54, 0x2, 0xeb, 0x40,
    0x8, 0xdc, 0x69, 0x43, 0x80, 0x27, 0x40, 0xc,
    0xa3, 0xfb, 0xab, 0x41, 0x0, 0xfc, 0x70, 0x20,
    0x4, 0x65,

    /* U+F05D8 "󰗘" */
    0x16, 0x6f, 0x80, 0x3d, 0xb1, 0x77, 0xe1, 0x0,
    0xe1, 0x8d, 0xdf, 0x8, 0x7, 0xec, 0xff, 0xf6,
    0x0, 0x71, 0x9a, 0x6a, 0xba, 0x0, 0x3e, 0x75,
    0x44, 0xca, 0x20, 0x1f, 0x3f, 0x77, 0xc0, 0x1e,
    0xb0, 0xf, 0x9, 0xd2, 0x80, 0x7f, 0xf0, 0x1c,
    0xc0, 0x3f, 0xfa, 0x7, 0xe2, 0x1, 0xff, 0xd0,
    0x92, 0x2f, 0x29, 0x80,

    /* U+F05DA "󰗚" */
    0x0, 0xff, 0xe0, 0x8, 0x7, 0xff, 0xa, 0x5c,
    0x3, 0x8d, 0x59, 0x48, 0x2, 0xa6, 0x0, 0xc7,
    0xd9, 0x53, 0x5b, 0x61, 0x6a, 0x1, 0x71, 0xb0,
    0x80, 0x72, 0x3, 0x0, 0x61, 0x60, 0xf, 0xff,
    0x7a, 0x30, 0x7, 0xff, 0x5, 0xac, 0x3, 0xff,
    0x83, 0x72, 0x1, 0xff, 0xc2, 0x75, 0x66, 0x18,
    0x7, 0x84, 0x2, 0xbe, 0xa8, 0x9c, 0x0, 0x3c,
    0x6f, 0xf7, 0xe3, 0x16, 0x7f, 0x7f, 0x43, 0x80,

    /* U+F05E1 "󰗡" */
    0x0, 0xe4, 0x65, 0x30, 0xf, 0xcf, 0xd7, 0x15,
    0x9a, 0xa0, 0x1d, 0x71, 0x3d, 0xcf, 0xd4, 0xa8,
    0x0, 0xa5, 0x75, 0xc4, 0x0, 0x53, 0x4e, 0xc0,
    0x4d, 0x64, 0x1, 0xc8, 0xcf, 0x1, 0x44, 0xa0,
    0x1c, 0xb7, 0x69, 0x14, 0x27, 0x0, 0xe5, 0xa6,
    0x81, 0x23, 0x13, 0xb, 0x60, 0x5a, 0x69, 0x0,
    0xf, 0x91, 0x3, 0x26, 0x54, 0xd2, 0x1, 0x1f,
    0x62, 0xb, 0xc3, 0x32, 0x40, 0x25, 0x7, 0x52,
    0xa0, 0x7b, 0x90, 0x8, 0x6d, 0x44, 0x3d, 0x2c,
    0x50, 0x2, 0x2c, 0x3b, 0x0, 0x16, 0x37, 0x54,
    0x42, 0xf4, 0x70, 0x40, 0x23, 0xda, 0x4, 0x40,
    0xde, 0x8, 0x0,

    /* U+F0625 "󰘥" */
    0x0, 0xe4, 0x66, 0x18, 0x7, 0xe8, 0xfb, 0x89,
    0xce, 0x50, 0xe, 0xc7, 0x8e, 0xe7, 0xeb, 0xd4,
    0x80, 0x52, 0x5a, 0xf3, 0xdc, 0x49, 0xa6, 0x60,
    0x13, 0x59, 0x3b, 0xa5, 0xa4, 0xd5, 0xe0, 0x28,
    0x94, 0x1, 0x2f, 0x4, 0x81, 0x22, 0x86, 0xe0,
    0x7, 0x60, 0x32, 0x30, 0x12, 0x30, 0x30, 0xc,
    0x99, 0x8, 0x0, 0x1f, 0x22, 0x0, 0x6f, 0x57,
    0x0, 0x8f, 0xb1, 0x4, 0x2, 0xf9, 0x0, 0x94,
    0x1d, 0x4a, 0x80, 0x28, 0xb0, 0x0, 0xda, 0x88,
    0x72, 0x58, 0x86, 0x40, 0x16, 0x1d, 0x80, 0xf,
    0x17, 0xaa, 0x21, 0x7a, 0x38, 0x20, 0x11, 0xf4,
    0x8a, 0xa0, 0xde, 0x8, 0x0,

    /* U+F062C "󰘬" */
    0x1, 0x63, 0x0, 0xfc, 0x3f, 0x38, 0x60, 0x18,
    0x40, 0xa, 0x3a, 0x36, 0x0, 0x3e, 0xe5, 0x2,
    0x16, 0x8d, 0x80, 0x21, 0x75, 0x50, 0x34, 0x2c,
    0xc0, 0x4, 0x9c, 0xc, 0x1, 0x38, 0x5, 0x26,
    0x6a, 0x20, 0xf, 0xb, 0x1b, 0x28, 0x6, 0xac,
    0xfe, 0x93, 0x80, 0xe, 0x60, 0x8a, 0xcc, 0x8,
    0x7, 0x36, 0x3a, 0x98, 0x7, 0x68, 0x31, 0x0,
    0x7c, 0x85, 0xa2, 0xa0, 0x1f, 0x30, 0x58, 0x88,
    0x3, 0xe2, 0x95, 0x66, 0x0, 0x7c,

    /* U+F062E "󰘮" */
    0x0, 0xfd, 0x88, 0x0, 0x66, 0xf1, 0x81, 0xf3,
    0x32, 0xef, 0xca, 0x0, 0x4b, 0xb6, 0xef, 0x98,
    0x1, 0x7b, 0xa0, 0x2, 0x60, 0x6, 0xc4, 0x0,
    0x33, 0x38, 0xc1, 0x9a, 0x57, 0x66, 0x5d, 0x90,
    0x1, 0x57, 0x7e, 0xdd, 0x58, 0x3, 0x37, 0x7c,
    0x0, 0x4c, 0xa, 0x50, 0xe, 0x66, 0x3a, 0x83,
    0xfb, 0x37, 0x5d, 0xe0, 0x2, 0x5d, 0xf6, 0xee,
    0x0, 0x46, 0xef, 0x0, 0x77, 0x38, 0x7, 0x0,

    /* U+F0632 "󰘲" */
    0x0, 0xf2, 0x20, 0x3, 0xfe, 0x4b, 0xb2, 0x0,
    0x7f, 0x25, 0xb3, 0x2d, 0x0, 0x3e, 0x4b, 0x69,
    0x93, 0x5a, 0x0, 0x72, 0x5b, 0x48, 0x2, 0x5a,
    0xd0, 0x2, 0x4b, 0x1e, 0x0, 0xdc, 0x36, 0x80,
    0x72, 0x21, 0x0, 0x1a, 0x0, 0x64, 0xcd, 0xbd,
    0x60, 0x1e, 0xbe, 0xd3, 0x0, 0xff, 0xe3, 0xbb,
    0xe0, 0xf, 0xc2, 0x29, 0x9c, 0x22, 0x0, 0xf2,
    0x77, 0x79, 0x0, 0x3c, 0xbf, 0xfe, 0x50, 0xf,
    0xd5, 0x58, 0x3, 0xff, 0x99, 0x55, 0x80, 0x38,

    /* U+F0636 "󰘶" */
    0x0, 0xff, 0xe4, 0x66, 0x0, 0x3f, 0xec, 0x22,
    0x60, 0x7, 0xf6, 0x16, 0x60, 0xb0, 0x3, 0xec,
    0x2c, 0x22, 0x61, 0x60, 0x7, 0x61, 0x61, 0x0,
    0xb, 0xb, 0x0, 0x2c, 0x31, 0xd0, 0xd, 0xa2,
    0x78, 0x5, 0x34, 0xc0, 0x1e, 0x6a, 0x92, 0x22,
    0xab, 0x0, 0x3d, 0x8a, 0xa2, 0x0, 0xff, 0xe3,
    0xff, 0xe0, 0xf, 0xc9, 0x55, 0xe4, 0x0, 0x80,

    /* U+F06A5 "󰚥" */
    0xa, 0xa0, 0x2, 0xa8, 0x1, 0xfc, 0x2c, 0xc5,
    0x53, 0x30, 0x70, 0xcd, 0x54, 0x33, 0x61, 0x0,
    0x78, 0x80, 0x3f, 0xf9, 0x98, 0x1, 0xec, 0x3c,
    0x0, 0xd8, 0x60, 0x6a, 0x0, 0x53, 0x0, 0xfe,

    /* U+F06A6 "󰚦" */
    0x19, 0x0, 0xff, 0xe1, 0x25, 0x80, 0x35, 0x80,
    0x1a, 0xc0, 0x18, 0x71, 0xac, 0x14, 0x3, 0xfc,
    0x38, 0xd7, 0xa, 0xb1, 0xf8, 0x7, 0x87, 0x92,
    0xcf, 0x28, 0x5a, 0x40, 0x3f, 0x25, 0xcb, 0x0,
    0x14, 0x3, 0xf9, 0x2e, 0x58, 0x3, 0xff, 0x80,
    0x97, 0x2c, 0x1, 0xf0, 0x80, 0x64, 0xb9, 0x90,
    0x7, 0x8a, 0x40, 0x32, 0x5a, 0x80, 0x7c, 0xd2,
    0x1, 0x13, 0x58, 0x7, 0xe6, 0x10, 0x5, 0x63,
    0x58, 0x7, 0xff, 0x0, 0x71, 0xac, 0x3, 0xee,
    0xff, 0x38, 0xe, 0x32, 0x0, 0x7f, 0xf0, 0x7,
    0x50,

    /* U+F06A9 "󰚩" */
    0x0, 0xf9, 0x64, 0x40, 0x3f, 0xf8, 0x3, 0x4c,
    0xc0, 0xf, 0xfe, 0x0, 0x90, 0x18, 0x7, 0xff,
    0x0, 0x54, 0x58, 0x3, 0xfc, 0xdd, 0xc7, 0x1d,
    0xfa, 0x10, 0xf, 0x4c, 0x84, 0x3, 0x97, 0xc8,
    0x3, 0x23, 0x0, 0x7e, 0x1e, 0x0, 0xdc, 0x0,
    0x10, 0xe, 0x10, 0x31, 0x0, 0x32, 0xf, 0x71,
    0xc0, 0x3, 0xdc, 0x70, 0x82, 0x19, 0x17, 0x10,
    0xa0, 0x3, 0x88, 0x50, 0x35, 0x98, 0x1, 0xcc,
    0x60, 0x0, 0xe6, 0x16, 0x1, 0x13, 0x8, 0xb3,
    0x94, 0x0, 0x39, 0xec, 0x9, 0xa1, 0x2a, 0x1,
    0xff, 0x42, 0x0, 0x25, 0x57, 0xfd, 0x6, 0x0,

    /* U+F06B0 "󰚰" */
    0x0, 0xff, 0xe2, 0xad, 0x6e, 0x41, 0x0, 0x1c,
    0x0, 0x5b, 0x40, 0xab, 0x6b, 0xd5, 0x80, 0xe0,
    0xf5, 0x44, 0xec, 0xc2, 0x80, 0x20, 0x34, 0x42,
    0x44, 0x38, 0x3, 0x34, 0x8, 0x1, 0xcd, 0x10,
    0x66, 0x52, 0x5, 0x0, 0xe4, 0xcc, 0xa4, 0x0,
    0x20, 0x11, 0x40, 0x80, 0x26, 0x88, 0x10, 0x2,
    0xcd, 0xf3, 0x5, 0x20, 0x5b, 0x0, 0xcf, 0x86,
    0x87, 0x61, 0x67, 0x60, 0x18, 0x8e, 0x94, 0xc0,
    0x75, 0x7a, 0x15, 0xab, 0x12, 0x80, 0x23, 0xf6,
    0x5a, 0x81, 0xaa, 0x0, 0x70, 0xc6, 0xff, 0x5a,
    0x80, 0x40,

    /* U+F06E4 "󰛤" */
    0x0, 0x23, 0xa8, 0x7, 0x95, 0xd0, 0x2, 0xcb,
    0x9a, 0xd3, 0x0, 0x1e, 0xd4, 0xde, 0x4, 0x96,
    0xf7, 0x1b, 0x11, 0x18, 0xdd, 0xcd, 0x29, 0x79,
    0x20, 0x1b, 0x6b, 0xb3, 0x58, 0x81, 0x4b, 0x80,
    0x7f, 0xf1, 0x1e, 0x48, 0x6, 0xda, 0xec, 0xd6,
    0x20, 0x52, 0xf0, 0x5b, 0xdc, 0x6c, 0x44, 0x62,
    0xf7, 0x34, 0xa4, 0x72, 0xe6, 0xb4, 0xc0, 0x7,
    0xd5, 0x37, 0x80,

    /* U+F06E8 "󰛨" */
    0x0, 0xfc, 0x20, 0x1f, 0xfc, 0x27, 0xf0, 0xf,
    0xf1, 0x80, 0x42, 0x40, 0x10, 0x90, 0x6, 0x3c,
    0x60, 0x3, 0x60, 0x0, 0x73, 0x80, 0x31, 0xc0,
    0x1, 0x6a, 0xe0, 0x41, 0xf8, 0x3, 0x9d, 0xaa,
    0x8a, 0x8f, 0xe5, 0x44, 0x1, 0xe6, 0x50, 0xc,
    0x3c, 0x1, 0xce, 0xc1, 0xa0, 0x1e, 0x22, 0xb,
    0xa8, 0xcd, 0x0, 0x7f, 0x8a, 0x7c, 0x7b, 0x0,
    0xc0, 0x3c, 0x24, 0x7d, 0x40, 0x1a, 0x44, 0x3,
    0xa0, 0x3, 0xf0, 0xf8, 0x80, 0x52, 0xc0, 0x1f,
    0xc2, 0x40, 0x12, 0x80, 0x7f, 0xdd, 0x32, 0xa3,
    0x0, 0xff, 0x8e, 0x65, 0xa0, 0x1f, 0xfc, 0x1,
    0xba, 0x90, 0xf, 0x0,

    /* U+F0709 "󰜉" */
    0x0, 0xe2, 0x0, 0xff, 0x16, 0x0, 0x7f, 0x1e,
    0xa, 0x8, 0x7, 0x87, 0x44, 0x2f, 0xa8, 0x40,
    0x30, 0xb8, 0x3, 0xe9, 0x30, 0x40, 0xc, 0x12,
    0xc0, 0x5, 0xe0, 0xb0, 0x19, 0x40, 0x96, 0x0,
    0xa1, 0x45, 0x41, 0x40, 0x12, 0x1, 0x20, 0x10,
    0x7, 0xff, 0x1, 0x41, 0x0, 0x3c, 0x80, 0x62,
    0x96, 0x20, 0x18, 0x6d, 0x80, 0x14, 0x1e, 0x60,
    0x2b, 0xe7, 0x20, 0x1, 0xf4, 0x18, 0xea, 0x4c,
    0x0, 0xc3, 0x45, 0x76, 0xea, 0x10, 0x0,

    /* U+F0717 "󰜗" */
    0x0, 0xe3, 0x25, 0x0, 0xff, 0x56, 0xd1, 0x0,
    0x79, 0x0, 0x12, 0x2e, 0x40, 0x46, 0x0, 0x3b,
    0x20, 0xb, 0xc0, 0x11, 0x0, 0x1f, 0xe, 0x4a,
    0x18, 0x67, 0x54, 0x71, 0x4a, 0x7b, 0x7b, 0x79,
    0x88, 0x88, 0x21, 0x6c, 0x21, 0x20, 0xdd, 0xe5,
    0x0, 0xff, 0xe1, 0x42, 0xd8, 0x42, 0x41, 0xbb,
    0xca, 0x29, 0x4f, 0x6f, 0x6f, 0x31, 0x11, 0xf,
    0x87, 0xa5, 0xc, 0x33, 0xb2, 0x38, 0x1d, 0x18,
    0x5, 0xe0, 0xb, 0x80, 0x9, 0x40, 0x12, 0x2e,
    0x40, 0x46, 0x1, 0xea, 0xd9, 0x20, 0xc,

    /* U+F072E "󰜮" */
    0x0, 0xca, 0xb8, 0x3, 0xf5, 0x56, 0x0, 0xff,
    0xf4, 0xdf, 0xf8, 0x3, 0x7f, 0xac, 0x1, 0x68,
    0x1, 0xe4, 0xb0, 0xa, 0xd0, 0x3, 0x25, 0x80,
    0x75, 0xa0, 0x1, 0x2c, 0x3, 0xeb, 0x44, 0x58,
    0x7, 0xf5, 0xd8, 0x3, 0x80,

    /* U+F0731 "󰜱" */
    0x0, 0xff, 0xe2, 0xd8, 0x7, 0xfa, 0xd0, 0x3,
    0xfa, 0xd0, 0x3, 0xfa, 0xd0, 0x1, 0xff, 0xca,
    0x16, 0x80, 0x1f, 0xfc, 0xab, 0x40, 0xf, 0xfa,
    0xd0, 0x1, 0xff, 0xca, 0x1, 0x5a, 0x0, 0x7f,
    0xd6, 0x80, 0x1f, 0xf5, 0x80, 0x78,

    /* U+F0734 "󰜴" */
    0x0, 0xff, 0xe3, 0x58, 0x7, 0xfc, 0x96, 0x1,
    0xff, 0x25, 0x80, 0x4b, 0xff, 0xc0, 0x4, 0xb0,
    0xf, 0xf9, 0x2c, 0x3, 0xff, 0x94, 0x96, 0xb,
    0xff, 0xc0, 0x4, 0xb0, 0xf, 0xe4, 0xb0, 0xf,
    0xe4, 0xb0, 0xf, 0xf5, 0x80, 0x70,

    /* U+F0737 "󰜷" */
    0x0, 0xff, 0xe2, 0xdd, 0x80, 0x3f, 0xad, 0x11,
    0x60, 0x1f, 0x5a, 0x0, 0x12, 0xc0, 0x3a, 0xd0,
    0x3, 0x25, 0x80, 0x56, 0x80, 0x1e, 0x4b, 0x0,
    0x5f, 0xf8, 0x3, 0x7f, 0xac, 0x3, 0xff, 0xd3,
    0x55, 0x80, 0x30,

    /* U+F073A "󰜺" */
    0x0, 0xe4, 0x65, 0x30, 0xf, 0xcf, 0xd7, 0x15,
    0x9a, 0xa0, 0x1d, 0x71, 0x3f, 0xdf, 0xa9, 0x50,
    0x1, 0x4a, 0xa, 0x80, 0x45, 0x34, 0xec, 0x4,
    0xd4, 0xb8, 0x40, 0x19, 0x5e, 0x2, 0x89, 0x6d,
    0x70, 0x80, 0x34, 0x8a, 0x12, 0x0, 0x2d, 0x70,
    0x80, 0x21, 0x23, 0x10, 0xd, 0x6b, 0x84, 0x1,
    0xf, 0x91, 0x0, 0x35, 0xae, 0x10, 0x0, 0xfb,
    0x10, 0x40, 0x35, 0xae, 0x12, 0x83, 0xa9, 0x50,
    0x7, 0x5a, 0xe5, 0xa8, 0x87, 0xa5, 0x88, 0x6,
    0x81, 0x3b, 0x0, 0x16, 0x37, 0x54, 0x42, 0xf0,
    0xf0, 0x40, 0x23, 0xda, 0x4, 0x40, 0xde, 0x8,
    0x0,

    /* U+F0758 "󰝘" */
    0x16, 0x77, 0xff, 0x20, 0x6c, 0x4c, 0xe8, 0x99,
    0xeb, 0x32, 0x9e, 0xec, 0x31, 0xdd, 0x81, 0x80,
    0x3f, 0xfb, 0xfa, 0xef, 0x87, 0x1d, 0xf0, 0x4,
    0x93, 0x38, 0x12, 0x67, 0x0, 0x53, 0xdd, 0x86,
    0x3b, 0xb0, 0x7, 0xff, 0x80, 0xf5, 0xdf, 0xe,
    0x3b, 0xe0, 0x5, 0xbc, 0xce, 0x14, 0x99, 0xc8,
    0xa0,

    /* U+F0770 "󰝰" */
    0x5, 0x5c, 0x60, 0x1f, 0xd7, 0x55, 0xb1, 0x0,
    0x3f, 0x28, 0x7, 0x5f, 0xff, 0x30, 0x4, 0xb5,
    0x5f, 0xe2, 0x0, 0xb5, 0x33, 0x3f, 0xb6, 0x44,
    0x0, 0xec, 0xdf, 0xf0, 0x80, 0x30, 0x3, 0xfc,
    0x80, 0x12, 0x0, 0x7f, 0xb0, 0x1, 0xa2, 0x1,
    0xfe, 0x50, 0x34, 0x0, 0xff, 0x9, 0x2, 0x8,
    0x7, 0xfa, 0x40, 0x13, 0xdb, 0xbf, 0xdc, 0xe0,
    0x0,

    /* U+F0792 "󰞒" */
    0x0, 0xf6, 0x30, 0x7, 0xff, 0x0, 0x84, 0x3,
    0xff, 0xe6, 0x7a, 0x40, 0x1e, 0x7b, 0x0, 0x8c,
    0x70, 0x80, 0x33, 0xc6, 0x80, 0x6c, 0x2c, 0x20,
    0x3, 0xc4, 0xb0, 0x7, 0x61, 0x60, 0x54, 0x4b,
    0x0, 0x7d, 0x84, 0x25, 0x2c, 0x1, 0xfd, 0x87,
    0x2c, 0x1, 0xd9, 0xbb, 0xc3, 0x7b, 0xbc, 0xd5,
    0x77, 0xff, 0xc0, 0x50,

    /* U+F0795 "󰞕" */
    0x66, 0xff, 0xe0, 0x9d, 0x5d, 0xff, 0xf0, 0x17,
    0x37, 0x78, 0x6f, 0x77, 0x98, 0x3, 0xb0, 0xe5,
    0x80, 0x3f, 0xb0, 0x80, 0xa5, 0x80, 0x3e, 0xc2,
    0xc1, 0xa8, 0x96, 0x0, 0xec, 0x2c, 0x20, 0x3,
    0xc4, 0xb0, 0x4, 0x63, 0x84, 0x1, 0x9e, 0x34,
    0x2, 0x3d, 0x20, 0xf, 0x3d, 0x80, 0x7f, 0xfd,
    0x8, 0x40, 0x3c,

    /* U+F0796 "󰞖" */
    0x66, 0xff, 0xe0, 0x9d, 0x5d, 0xf4, 0xc5, 0xdf,
    0x2e, 0x6e, 0xf1, 0x46, 0xef, 0x30, 0x7, 0xff,
    0xb8, 0x40, 0x3f, 0x8, 0x4, 0x7c, 0x80, 0x1e,
    0xbd, 0x0, 0x8d, 0xad, 0x0, 0x35, 0xa7, 0x80,
    0x69, 0x6b, 0x40, 0x1b, 0x4c, 0x30, 0xe, 0x96,
    0xb2, 0x84, 0xc3, 0x0, 0xfa, 0x58, 0x1, 0x86,
    0x1, 0xfd, 0x2f, 0x86, 0x1, 0xc0,

    /* U+F0799 "󰞙" */
    0x0, 0xf1, 0x0, 0x7f, 0xf0, 0xf, 0x6c, 0x3,
    0xfc, 0x78, 0x9, 0x60, 0x1f, 0x8f, 0x10, 0x55,
    0x2c, 0x3, 0xc7, 0x89, 0x67, 0x98, 0x4b, 0x0,
    0xc7, 0x89, 0x60, 0x11, 0xe2, 0x50, 0x4, 0x6f,
    0x60, 0x1c, 0x79, 0x80, 0xd, 0x0, 0x1f, 0x1b,
    0x0, 0x7f, 0xfb, 0x99, 0xbc, 0x78, 0xcd, 0xc7,
    0x57, 0x7c, 0x6f, 0x77, 0xca,

    /* U+F07D6 "󰟖" */
    0x0, 0xff, 0xe2, 0x8e, 0xa0, 0x7, 0xf8, 0x7c,
    0xed, 0x0, 0x3f, 0xf, 0x96, 0x35, 0xa0, 0x7,
    0xd8, 0x1d, 0xb8, 0xd6, 0x80, 0x1e, 0x91, 0xba,
    0xe, 0x6b, 0x40, 0xe, 0x4b, 0x6c, 0x2f, 0xa6,
    0xb4, 0x0, 0xe4, 0xb6, 0xeb, 0xcb, 0x6b, 0x40,
    0xe, 0x4b, 0x6a, 0xd8, 0xf6, 0xb4, 0x0, 0xe4,
    0xb6, 0xbc, 0x25, 0x3, 0x0, 0xf2, 0x5b, 0x7c,
    0x13, 0x50, 0x7, 0xc9, 0x6c, 0x6f, 0x3a, 0x1,
    0xf9, 0x2e, 0x10, 0x3, 0xfe, 0x47, 0xd0, 0x8,

    /* U+F07E7 "󰟧" */
    0x16, 0x77, 0xfe, 0x64, 0xa, 0x98, 0x8d, 0x31,
    0x1a, 0x6c, 0xd8, 0x0, 0x33, 0xdc, 0xfc, 0x40,
    0x9, 0x4c, 0x7, 0x18, 0x40, 0x7, 0x70, 0x1,
    0xda, 0x40, 0x1e, 0x74, 0x0, 0x8c, 0xc0, 0x1f,
    0xa0, 0x2, 0x41, 0xe8, 0x0, 0x87, 0xa0, 0xc0,
    0x2f, 0x0, 0xff, 0xe0, 0xf0, 0xf4, 0x0, 0x43,
    0xd0, 0x20, 0x13, 0x0, 0x7f, 0x30, 0x6, 0x90,
    0xf, 0x8a, 0x0, 0x33, 0x48, 0x7, 0x26, 0x0,
    0x46, 0x0, 0x6f, 0x97, 0x8c, 0xb1, 0x0, 0x1c,
    0x10, 0x8c, 0xf2, 0xc4, 0x22, 0x24, 0x50,

    /* U+F07E8 "󰟨" */
    0x16, 0x6f, 0xf9, 0x3, 0x62, 0xef, 0xfe, 0x41,
    0x8d, 0xdf, 0xf0, 0x90, 0x7, 0xa0, 0xc0, 0x3f,
    0xf8, 0xc, 0xa0, 0x1f, 0xfc, 0xef, 0x60, 0xf,
    0xfe, 0x0, 0x80, 0x7f, 0xf2, 0xcf, 0xfc, 0x20,
    0x6, 0xfe, 0x0, 0xe2, 0x88, 0x8, 0x1, 0x62,
    0x0, 0x1c, 0x2e, 0xe0, 0x8, 0xdd, 0x80, 0x36,
    0x33, 0x7f, 0x84, 0xed, 0xee, 0xff, 0xc8, 0x80,

    /* U+F07E9 "󰟩" */
    0x16, 0x77, 0xfe, 0x64, 0xa, 0x98, 0x8d, 0x31,
    0x1a, 0x6c, 0xd8, 0x0, 0x33, 0xdc, 0xfc, 0x40,
    0x9, 0x4c, 0x7, 0xc, 0xc0, 0x3, 0xb8, 0x0,
    0xed, 0x2b, 0x40, 0x7, 0x33, 0xa0, 0x4, 0x66,
    0x0, 0xfd, 0x0, 0x12, 0x0, 0x79, 0xc8, 0xc,
    0x2, 0xf0, 0x7, 0x30, 0x2, 0x50, 0x3, 0xb8,
    0x3, 0xf8, 0x40, 0x26, 0x0, 0x8b, 0xe0, 0x2,
    0x60, 0xd, 0x20, 0x3, 0x8d, 0x0, 0x14, 0x0,
    0x66, 0x90, 0x17, 0x50, 0x4c, 0x0, 0x8c, 0x0,
    0xdf, 0x2f, 0x19, 0x62, 0x0, 0x38, 0x21, 0x19,
    0xe5, 0x88, 0x44, 0x48, 0xa0,

    /* U+F07F4 "󰟴" */
    0x0, 0x92, 0x80, 0x23, 0xb0, 0xf, 0x9d, 0x68,
    0xf, 0x4, 0x3, 0x95, 0x4c, 0xc5, 0xbc, 0x1f,
    0x55, 0x10, 0x5d, 0x54, 0xc0, 0x80, 0x35, 0x56,
    0x8b, 0x4f, 0xff, 0xe1, 0xc1, 0x20, 0xf, 0xfb,
    0xc4, 0x3, 0xff, 0x81, 0xe2, 0x1, 0xff, 0xc0,
    0xf1, 0x0, 0xff, 0xe0, 0x18, 0x7, 0xff, 0x17,
    0x15, 0x7f, 0x8, 0x4, 0xaa, 0xaa, 0xfc, 0x0,
    0x33, 0x0,

    /* U+F081D "󰠝" */
    0x0, 0xf2, 0x32, 0x0, 0x7f, 0x9a, 0xe6, 0xe8,
    0x3, 0x26, 0x88, 0x2, 0x80, 0x27, 0x0, 0xc8,
    0x38, 0x20, 0x18, 0x64, 0x3, 0xac, 0xb0, 0x68,
    0x1, 0xa8, 0x1, 0x96, 0x0, 0xb1, 0xe4, 0x0,
    0xd5, 0x6e, 0x1a, 0x1, 0x16, 0x3c, 0xe4, 0xaa,
    0x43, 0xf8, 0x6, 0x2c, 0x79, 0x0, 0xd8, 0xe6,
    0x0, 0x26, 0x2c, 0x7d, 0x30, 0x0, 0x86, 0x77,
    0x36, 0x48, 0x98, 0x7a, 0x43, 0x20, 0x1, 0x10,
    0x41, 0x1, 0x60, 0x6f, 0x18, 0x6, 0x87, 0x0,
    0x87, 0x4, 0x3, 0xc4, 0x1, 0x1e, 0x36, 0x8,
    0x7, 0x42, 0x92, 0x70, 0x5a, 0x0, 0x0,

    /* U+F0901 "󰤁" */
    0x0, 0x9b, 0x3b, 0x98, 0xc0, 0x18, 0x72, 0x56,
    0x20, 0xb3, 0x82, 0x0, 0xd1, 0xd9, 0x55, 0x4e,
    0x8e, 0x83, 0x1f, 0x90, 0x4c, 0x80, 0xbc, 0xda,
    0x98, 0x80, 0x3c, 0x4d, 0x45, 0xe0, 0x1f, 0xbc,
    0x80, 0x3f, 0xf8, 0x5, 0xe0, 0x1f, 0xbc, 0xa9,
    0x88, 0x3, 0xc4, 0xd4, 0xc7, 0xe4, 0x13, 0x20,
    0x2f, 0x36, 0xd, 0x1d, 0x95, 0x54, 0xe8, 0xe8,
    0x0, 0x72, 0x56, 0x20, 0xb3, 0x82, 0x0,

    /* U+F0902 "󰤂" */
    0x0, 0x9b, 0x3b, 0x98, 0xc0, 0x18, 0x72, 0x56,
    0x20, 0xb3, 0x82, 0x0, 0xd1, 0xd9, 0x66, 0x4e,
    0x8e, 0x83, 0x1f, 0x90, 0x6, 0x2f, 0x36, 0xa6,
    0x20, 0xf, 0x13, 0x51, 0x78, 0x7, 0xef, 0x20,
    0xf, 0xfe, 0x1, 0x78, 0x7, 0xef, 0x2a, 0x62,
    0x0, 0xf1, 0x35, 0x31, 0xf9, 0x0, 0x62, 0xf3,
    0x60, 0xd1, 0xd9, 0x66, 0x4e, 0x8e, 0x80, 0x7,
    0x25, 0x62, 0xb, 0x38, 0x20,

    /* U+F0903 "󰤃" */
    0xe7, 0x0, 0xff, 0xe5, 0x0,

    /* U+F0905 "󰤅" */
    0x16, 0x6f, 0xf8, 0xc2, 0xa6, 0x7a, 0x26, 0x7b,
    0xd, 0x80, 0x3, 0x3f, 0xdf, 0x88, 0x1, 0x30,
    0x0, 0xbd, 0x80, 0x23, 0xb7, 0x0, 0xee, 0x1a,
    0x10, 0x3, 0x2c, 0x18, 0x4, 0x66, 0x84, 0x0,
    0xba, 0xc6, 0x0, 0x24, 0x2, 0x81, 0x0, 0x41,
    0x92, 0x80, 0x5e, 0x14, 0xc0, 0x1b, 0x4c, 0x40,
    0x2e, 0x0, 0xd2, 0x80, 0x11, 0x0, 0x4c, 0x1,
    0x9c, 0x80, 0x2a, 0x0, 0xd2, 0x1, 0xf1, 0x38,
    0x6, 0x69, 0x0, 0x73, 0x2, 0x60, 0x7, 0x9b,
    0xa5, 0xe3, 0x2c, 0x40, 0x3, 0x4, 0x51, 0xa5,
    0x28, 0x91, 0x4a, 0x80,

    /* U+F0906 "󰤆" */
    0x0, 0xf6, 0xb0, 0x7, 0xc6, 0x20, 0x1e, 0x40,
    0x8, 0x76, 0x0, 0x38, 0x6e, 0x40, 0x10, 0x72,
    0x1, 0xc3, 0x4c, 0x60, 0xd6, 0x1, 0xf2, 0x95,
    0x90, 0x20, 0x7, 0xe4, 0x30, 0xf, 0x21, 0x0,
    0x46, 0x4, 0x8, 0x1, 0x4a, 0x0, 0x4e, 0x60,
    0xb6, 0x1, 0xf2, 0x95, 0x85, 0x95, 0x80, 0x72,
    0x53, 0x18, 0xe, 0x2f, 0x43, 0x32, 0xec, 0xb2,
    0x1, 0x1f, 0xb2, 0xcc, 0x5, 0x50, 0x3, 0x86,
    0x37, 0xfa, 0xd4, 0x2,

    /* U+F0907 "󰤇" */
    0x0, 0xe9, 0xfd, 0x60, 0xf, 0xeb, 0x2, 0x98,
    0x0, 0xfc, 0x50, 0x80, 0xfe, 0xe0, 0x1f, 0x3c,
    0x80, 0x1f, 0x54, 0x2, 0x17, 0x97, 0xb0, 0x2,
    0xbc, 0x80, 0xb, 0xe1, 0xa1, 0x80, 0x4, 0x44,
    0x0, 0x48, 0x80, 0x78, 0x72, 0x0, 0xa, 0x1,
    0x26, 0x40, 0x39, 0x80, 0x4, 0x3, 0x26, 0x20,
    0x60, 0x0, 0x78, 0x40, 0x39, 0xda, 0x0, 0x2,
    0xb0, 0x1, 0x8c, 0x20, 0xdc, 0x1, 0x4a, 0x1,
    0x8e, 0xc6, 0x20, 0x20,

    /* U+F091F "󰤟" */
    0x0, 0x89, 0xef, 0x7f, 0xdb, 0x6e, 0x40, 0x18,
    0xaf, 0x64, 0x6a, 0x65, 0x43, 0x3b, 0x64, 0xd,
    0xaf, 0x7d, 0x4e, 0xcc, 0x7a, 0xeb, 0x7d, 0x64,
    0x15, 0x40, 0xf, 0xc8, 0xa0, 0x85, 0x4c, 0xc0,
    0xf, 0xcc, 0xcb, 0x20, 0x48, 0x93, 0x0, 0xf1,
    0xcc, 0x20, 0x4, 0xeb, 0xa2, 0x24, 0x40, 0x8b,
    0x51, 0xc0, 0x3a, 0x8f, 0xfa, 0xed, 0xde, 0x76,
    0x1, 0xf7, 0x80, 0x70, 0xf8, 0x7, 0xe2, 0xa0,
    0xd, 0x64, 0x1, 0xfc, 0x90, 0x0, 0x84, 0x0,
    0xff, 0x9d, 0x54, 0xe0, 0x1f, 0xfc, 0x1a, 0xa0,
    0x7, 0xc0,

    /* U+F0920 "󰤠" */
    0x0, 0x85, 0xaf, 0x7f, 0xdb, 0x6c, 0x20, 0x18,
    0xab, 0xa0, 0x6a, 0x65, 0x43, 0x1d, 0x44, 0xb,
    0xaf, 0x5d, 0x4e, 0xcc, 0x7a, 0xea, 0x7d, 0x67,
    0x5, 0x50, 0x7, 0xe5, 0xf8, 0x52, 0xa7, 0x50,
    0xf, 0xe2, 0x63, 0x5, 0x7a, 0x20, 0xf, 0x14,
    0x87, 0x28, 0x2, 0x13, 0xc0, 0x2, 0x20, 0x7,
    0x98, 0x7, 0xac, 0x33, 0xbb, 0x61, 0xd8, 0x7,
    0xde, 0x62, 0x0, 0x13, 0xd1, 0x2, 0x10, 0xc,
    0x56, 0x1, 0xa8, 0xc0, 0x1a, 0x80, 0x1c, 0x90,
    0x0, 0x75, 0x0, 0xbd, 0x40, 0x3c, 0xea, 0x90,
    0x1, 0xa9, 0x0, 0x3e, 0xab, 0x0, 0xe5, 0x10,

    /* U+F0921 "󰤡" */
    0x0, 0x89, 0xef, 0x7f, 0xdb, 0x6e, 0x40, 0x18,
    0xaf, 0x64, 0x6a, 0x65, 0x43, 0x3b, 0x64, 0xd,
    0xaf, 0x7d, 0x4e, 0xcc, 0x7a, 0xeb, 0x7d, 0x64,
    0x5, 0x40, 0xf, 0xc8, 0xa2, 0x85, 0x4c, 0xc0,
    0xf, 0xc6, 0xb4, 0x40, 0xaf, 0x26, 0x1, 0xf1,
    0xe2, 0x0, 0x50, 0x9a, 0x22, 0x44, 0x8, 0x46,
    0xd8, 0x7, 0x50, 0x7f, 0x5d, 0xa4, 0x53, 0x74,
    0xe0, 0x18, 0x74, 0x40, 0x29, 0x27, 0x20, 0xf0,
    0xe, 0x39, 0x0, 0x20, 0xea, 0x6c, 0xb9, 0x80,
    0x73, 0x30, 0x4, 0x4, 0x3, 0x30, 0x7, 0xa4,
    0xcc, 0x1, 0xff, 0xc2, 0xe8, 0x5, 0x11, 0x89,
    0xc0,

    /* U+F0922 "󰤢" */
    0x0, 0x89, 0xef, 0x7f, 0xdb, 0x6e, 0x40, 0x18,
    0xaf, 0x64, 0x6a, 0x65, 0x43, 0x3b, 0x64, 0xd,
    0xaf, 0x7d, 0x4e, 0xcc, 0x7a, 0xeb, 0x7d, 0x64,
    0x15, 0x40, 0xf, 0xc8, 0xa0, 0x85, 0x4c, 0xc0,
    0x1, 0x22, 0x8, 0x0, 0xcc, 0xb2, 0x4, 0x89,
    0x8d, 0xd5, 0xdb, 0x75, 0x13, 0x8, 0x1, 0x3a,
    0xb9, 0x0, 0x62, 0x74, 0x70, 0xe, 0xa2, 0x0,
    0xf1, 0x58, 0x7, 0xde, 0x20, 0x1d, 0xe0, 0x1f,
    0x8a, 0x80, 0x35, 0x90, 0x7, 0xf2, 0x40, 0x2,
    0x10, 0x3, 0xfe, 0x75, 0x53, 0x80, 0x7f, 0xf0,
    0x6a, 0x80, 0x1f, 0x0,

    /* U+F0924 "󰤤" */
    0x0, 0x89, 0xef, 0x7f, 0xdb, 0x6e, 0x40, 0x18,
    0xaf, 0x64, 0x6a, 0x65, 0x43, 0x3b, 0x64, 0xd,
    0xaf, 0x7d, 0x4e, 0xcc, 0x7a, 0xeb, 0x7d, 0x64,
    0x5, 0x40, 0xf, 0xc8, 0xa2, 0x85, 0x4c, 0xc0,
    0x1, 0x22, 0x8, 0x0, 0x6b, 0x44, 0xa, 0xf3,
    0x1b, 0xab, 0xb6, 0xb8, 0x1e, 0x20, 0x5, 0x8,
    0xe4, 0x1, 0x1b, 0xc6, 0xd8, 0x7, 0x50, 0x80,
    0x64, 0x14, 0xdd, 0x38, 0x6, 0x1d, 0x0, 0xd2,
    0x4e, 0x41, 0xe0, 0x1c, 0x72, 0x0, 0x41, 0xd4,
    0xd9, 0x73, 0x0, 0xe6, 0x60, 0x8, 0x8, 0x6,
    0x60, 0xf, 0x49, 0x98, 0x3, 0xff, 0x85, 0xd0,
    0xa, 0x23, 0x13, 0x80,

    /* U+F0925 "󰤥" */
    0x0, 0x89, 0xef, 0x7f, 0xdb, 0x6e, 0x40, 0x18,
    0xaf, 0x64, 0x6a, 0x65, 0x43, 0x3b, 0x64, 0xd,
    0xaf, 0x7d, 0x4e, 0xcc, 0x7a, 0xeb, 0x7d, 0x64,
    0x15, 0x40, 0x48, 0x99, 0x3a, 0x2, 0x28, 0x21,
    0x53, 0x57, 0x5b, 0xb3, 0x22, 0xf6, 0x5a, 0xc8,
    0x12, 0x14, 0x40, 0x3c, 0x4d, 0x8, 0x1, 0x3a,
    0x80, 0x7e, 0x47, 0x0, 0xea, 0x20, 0xf, 0x15,
    0x80, 0x7d, 0xe2, 0x1, 0xde, 0x1, 0xf8, 0xa8,
    0x3, 0x59, 0x0, 0x7f, 0x24, 0x0, 0x21, 0x0,
    0x3f, 0xe7, 0x55, 0x38, 0x7, 0xff, 0x6, 0xa8,
    0x1, 0xf0,

    /* U+F0927 "󰤧" */
    0x0, 0x89, 0xef, 0x7f, 0xdb, 0x6e, 0x40, 0x18,
    0xaf, 0x64, 0x6a, 0x65, 0x43, 0x3b, 0x64, 0xd,
    0xaf, 0x7d, 0x4e, 0xcc, 0x7a, 0xeb, 0x7d, 0x64,
    0x5, 0x40, 0x48, 0x99, 0x3a, 0x2, 0x28, 0xa1,
    0x53, 0x57, 0x5b, 0xb3, 0x22, 0xec, 0x8b, 0x44,
    0xa, 0xea, 0x20, 0x1c, 0xd6, 0x98, 0x80, 0x14,
    0x20, 0x7, 0x1c, 0xc6, 0xd8, 0x7, 0x50, 0x80,
    0x64, 0x14, 0xdd, 0x38, 0x6, 0x1d, 0x0, 0xd2,
    0x4e, 0x21, 0xe0, 0x1c, 0x72, 0x0, 0x41, 0xd4,
    0xe9, 0x73, 0x0, 0xe6, 0x60, 0x8, 0x8, 0x6,
    0x60, 0xf, 0x49, 0x98, 0x3, 0xff, 0x85, 0xd0,
    0xa, 0x45, 0x9c,

    /* U+F0928 "󰤨" */
    0x0, 0x89, 0xef, 0x7f, 0xdb, 0x6e, 0x40, 0x18,
    0xaf, 0x61, 0x8, 0x0, 0x49, 0x1b, 0x64, 0xd,
    0xa8, 0x1, 0xfe, 0x4d, 0x64, 0x10, 0xf, 0xfe,
    0xa, 0x15, 0x0, 0x7f, 0xf0, 0x2c, 0x81, 0x20,
    0x3, 0xfd, 0x8, 0x1, 0x3a, 0x80, 0x7e, 0x47,
    0x0, 0xea, 0x20, 0xf, 0x15, 0x80, 0x7d, 0xe2,
    0x1, 0xde, 0x1, 0xf8, 0xa8, 0x3, 0x59, 0x0,
    0x7f, 0x24, 0x0, 0x21, 0x0, 0x3f, 0xe7, 0x55,
    0x38, 0x7, 0xff, 0x6, 0xa8, 0x1, 0xf0,

    /* U+F092A "󰤪" */
    0x0, 0x89, 0xef, 0x7f, 0xdb, 0x6e, 0x40, 0x18,
    0xaf, 0x61, 0x8, 0x0, 0x49, 0x1b, 0x64, 0xd,
    0xa8, 0x1, 0xfe, 0x4d, 0x64, 0x0, 0xff, 0xe0,
    0x8a, 0x15, 0x0, 0x7f, 0xa, 0x1d, 0x10, 0x2b,
    0x80, 0x7c, 0xdd, 0x78, 0x80, 0x14, 0x20, 0x7,
    0x1c, 0xc6, 0xd8, 0x7, 0x50, 0x80, 0x64, 0x14,
    0xdd, 0x38, 0x6, 0x1d, 0x0, 0xd2, 0x4e, 0x41,
    0xe0, 0x1c, 0x72, 0x0, 0x41, 0xd4, 0xd9, 0x73,
    0x0, 0xe6, 0x60, 0x8, 0x8, 0x6, 0x60, 0xf,
    0x49, 0x98, 0x3, 0xff, 0x85, 0xd0, 0xa, 0x23,
    0x13, 0x80,

    /* U+F093A "󰤺" */
    0x16, 0x77, 0xf0, 0x7, 0xb6, 0x26, 0x7c, 0x20,
    0x1c, 0x53, 0xdd, 0xe1, 0x0, 0xfd, 0x9f, 0xfe,
    0xc0, 0xe, 0x33, 0x4d, 0x57, 0x40, 0x7, 0xc8,
    0xa8, 0xef, 0x31, 0x0, 0x7c, 0xbd, 0xbb, 0xde,
    0x40, 0x1d, 0x80, 0x7, 0x0, 0xc9, 0x28, 0x1,
    0xe9, 0xd3, 0x0, 0x9c, 0xc0, 0x3e, 0x2c, 0x90,
    0xf, 0xfe, 0x1, 0xd8, 0x6, 0x3f, 0x20, 0xc,
    0xf8, 0x40, 0x1f, 0xec, 0x80, 0x8, 0xc0, 0x3a,
    0x88, 0x4c, 0x46, 0x44, 0x0,

    /* U+F095B "󰥛" */
    0x0, 0x4f, 0xe9, 0x80, 0x7f, 0x53, 0xc3, 0x68,
    0x7, 0xe2, 0x5b, 0x7b, 0x7, 0x0, 0xf9, 0x45,
    0x40, 0xf, 0x40, 0x1f, 0x6a, 0x80, 0x54, 0x44,
    0x0, 0xf0, 0x90, 0x4, 0x62, 0xa0, 0x1e, 0xb9,
    0x0, 0xc9, 0x80, 0x1b, 0x20, 0x3, 0xde, 0x80,
    0x18, 0xb8, 0x3, 0xca, 0xa, 0x0, 0x21, 0x50,
    0xf, 0x96, 0x40, 0x14, 0x26, 0x1, 0xf4, 0x9c,
    0xc3, 0xc0, 0x7, 0xe3, 0xa7, 0x68, 0x60,

    /* U+F0996 "󰦖" */
    0x0, 0xc4, 0xe6, 0x67, 0x20, 0xf, 0xab, 0x65,
    0xdd, 0x3b, 0x40, 0x1e, 0x2a, 0xe4, 0x47, 0x52,
    0x68, 0x5, 0x4f, 0xa, 0x6, 0x20, 0xbe, 0x74,
    0x4, 0xa4, 0x1, 0x4a, 0x0, 0x6, 0xd4, 0x94,
    0x54, 0x3, 0xf2, 0x8a, 0xa5, 0x0, 0x7f, 0x97,
    0x80, 0x3c, 0x52, 0x40, 0x1c, 0x94, 0x1, 0xa2,
    0x72, 0x40, 0xb, 0xca, 0x2a, 0x1, 0x97, 0x84,
    0x48, 0x2a, 0x4a, 0x40, 0x1e, 0x80, 0xa6, 0x20,
    0xa7, 0x72, 0x0, 0x65, 0xf2, 0x90, 0xd, 0xb7,
    0xc6, 0x9d, 0x4f, 0x80, 0x1d, 0x5b, 0x20, 0xf1,
    0xb2, 0x1, 0x0,

    /* U+F09AD "󰦭" */
    0x0, 0xc8, 0xab, 0x84, 0x3, 0xe6, 0xba, 0xad,
    0xe0, 0x1f, 0x71, 0xff, 0xd8, 0x22, 0x0, 0x85,
    0x98, 0x84, 0xcd, 0x58, 0x4b, 0x20, 0x6c, 0x58,
    0x9d, 0xdc, 0xa4, 0xb7, 0x64, 0x18, 0xdd, 0xff,
    0x9, 0x6, 0x3f, 0xb2, 0xae, 0xbd, 0x51, 0x0,
    0x2c, 0x4, 0xd5, 0x64, 0x2a, 0x0, 0xa7, 0x57,
    0xbf, 0xf5, 0x3f, 0x88, 0x4, 0x54, 0x20, 0x19,
    0x60, 0x3, 0x4f, 0xff, 0xf8, 0x42, 0x6a, 0xbf,
    0xf8, 0x8,

    /* U+F0A46 "󰩆" */
    0x0, 0x8, 0x7, 0xff, 0x8, 0x79, 0x80, 0xd5,
    0x70, 0x7, 0xc3, 0x52, 0xc5, 0x15, 0x50, 0x7,
    0xe5, 0xa9, 0x7c, 0x2f, 0xf0, 0x7, 0xf2, 0xaa,
    0x5f, 0x22, 0xaa, 0x0, 0xc2, 0xa0, 0xca, 0x12,
    0xf2, 0xea, 0xa0, 0xaf, 0x54, 0xa0, 0xc0, 0xa,
    0x5f, 0x8, 0x3, 0xe5, 0x60, 0xd, 0x2f, 0x85,
    0xea, 0x1, 0xa8, 0xc0, 0x3a, 0x5f, 0x8, 0x3,
    0xbd, 0x40, 0x3d, 0x2f, 0x84, 0x1, 0xff, 0xc1,
    0x97, 0xc2, 0x5, 0xf0, 0xaf, 0xc0, 0xf, 0x4b,
    0xe3, 0x0, 0x71, 0xed, 0x57, 0xa4, 0xc, 0x3,
    0xc4, 0xab, 0xee, 0x10,

    /* U+F0A66 "󰩦" */
    0x0, 0xc2, 0xc8, 0x1, 0xfe, 0x1f, 0x9b, 0x80,
    0xf, 0xb, 0x3d, 0x87, 0xcb, 0xbc, 0x80, 0x16,
    0xc4, 0xa2, 0x1, 0x46, 0x65, 0x68, 0x0, 0x29,
    0xee, 0x50, 0x1f, 0x74, 0x24, 0x1, 0x60, 0x80,
    0x7f, 0xd0, 0xd8, 0x1, 0xfa, 0x60, 0x1b, 0x9,
    0x40, 0x3d, 0xb2, 0xe6, 0x2, 0x23, 0x0, 0xf1,
    0xb0, 0x30, 0x38, 0xa0, 0x7, 0xaf, 0x85, 0x36,
    0x24, 0x88, 0xc8, 0x1, 0x2a, 0x78, 0x9c, 0x33,
    0x36, 0x2f, 0x44, 0x1, 0x82, 0x7, 0xaf, 0x31,
    0xdc, 0xa, 0x71, 0x30, 0x5, 0xbc, 0x93, 0x80,
    0xd2, 0xca, 0x20, 0x0,

    /* U+F0A7A "󰩺" */
    0x5, 0x5b, 0x7f, 0xe7, 0x55, 0x18, 0xd5, 0x44,
    0x1, 0x45, 0x52, 0xc6, 0x4b, 0xff, 0xd2, 0x50,
    0x1, 0xa9, 0xc7, 0x4c, 0x3, 0xe6, 0xf0, 0x20,
    0xf, 0xff, 0x66, 0xc8, 0xf1, 0x80, 0x71, 0xaa,
    0x21, 0x51, 0x70, 0x2, 0x40, 0xaa, 0xf2, 0xd0,
    0x0,

    /* U+F0B5C "󰭜" */
    0x0, 0x93, 0xff, 0xfe, 0x90, 0x0, 0xd2, 0xd5,
    0x7f, 0x33, 0x0, 0x16, 0x74, 0xa8, 0xab, 0x91,
    0x55, 0x80, 0x5, 0x57, 0x0, 0x2a, 0xc0, 0x5,
    0xec, 0x1, 0xd, 0xb9, 0x80, 0x25, 0x6c, 0xf1,
    0x58, 0x2, 0xb3, 0x80, 0x8, 0xb1, 0x71, 0x6c,
    0x3, 0xff, 0x91, 0x67, 0x0, 0x11, 0x62, 0xe2,
    0xd8, 0x6, 0x1b, 0x73, 0x0, 0x4a, 0xd9, 0xea,
    0xb0, 0x6, 0x55, 0x70, 0x2, 0xac, 0x0, 0x7e,
    0xc0, 0x1d, 0x67, 0x4a, 0x8a, 0xb9, 0x15, 0x58,
    0x1, 0xd, 0x2d, 0x57, 0xf3, 0x30,

    /* U+F0BC2 "󰯂" */
    0x0, 0x91, 0x9d, 0xfc, 0xc4, 0x1, 0x45, 0xcc,
    0x47, 0xa7, 0x48, 0x0, 0xa0, 0x1f, 0xbc, 0x50,
    0x0, 0x61, 0x59, 0x95, 0x80, 0x86, 0xb8, 0x6,
    0xd4, 0x48, 0xc0, 0x23, 0x10, 0xc, 0xd3, 0x34,
    0x0, 0x7f, 0x67, 0x74, 0x80, 0x1f, 0xdb, 0xff,
    0x20, 0x7, 0xff, 0x25, 0xd5, 0x7c, 0x60, 0x1e,
    0x9a, 0xaf, 0x48, 0x6, 0xdf, 0xff, 0xa9, 0x70,
    0x2, 0x70, 0xf, 0x97, 0x50, 0x2, 0xb7, 0x55,
    0xfc, 0xe0, 0x10,

    /* U+F0BEC "󰯬" */
    0x0, 0xe3, 0x66, 0x18, 0x7, 0xe6, 0xec, 0x99,
    0x67, 0x30, 0x7, 0x54, 0x88, 0x6, 0x19, 0xa0,
    0xa, 0x14, 0x2, 0x11, 0x0, 0x4b, 0x0, 0x2e,
    0x1, 0x5f, 0x72, 0xc0, 0x27, 0x17, 0x0, 0xc9,
    0xce, 0x80, 0x19, 0xfc, 0x3, 0xa9, 0x40, 0x3b,
    0xcc, 0x3, 0x94, 0x80, 0x3c, 0x40, 0x1d, 0xee,
    0x1, 0xc3, 0x60, 0x1f, 0xfc, 0xb, 0x33, 0x0,
    0x4e, 0x1a, 0xe0, 0x11, 0x98, 0x38, 0x40, 0x10,
    0x2b, 0x0, 0x1, 0xe0, 0x1, 0x61, 0x0, 0x78,
    0xb0, 0x80, 0x22, 0xda, 0x52, 0x22, 0xd6, 0x90,
    0x0,

    /* U+F0CE1 "󰳡" */
    0x0, 0xc9, 0x15, 0x2a, 0x1, 0xf1, 0x65, 0xba,
    0xb5, 0x73, 0x0, 0x62, 0xd3, 0x0, 0xe1, 0x97,
    0x0, 0xbc, 0x3, 0x49, 0x0, 0x50, 0x60, 0xc4,
    0x1, 0x53, 0x61, 0x0, 0x50, 0x18, 0x1, 0x52,
    0x80, 0xe0, 0x80, 0x10, 0x1c, 0x1, 0x2b, 0x65,
    0x47, 0x82, 0x0, 0x20, 0x8, 0xed, 0x1, 0xb1,
    0x8c, 0x2, 0x70, 0x5, 0x20, 0x4, 0x36, 0x40,
    0x2, 0xc0, 0xf, 0xf9, 0x1, 0x88, 0x3, 0xfd,
    0x0, 0xe, 0x0, 0xda, 0x60, 0x14, 0x18, 0x0,
    0xf4, 0xc0, 0x38, 0x65, 0xc0, 0x31, 0x65, 0xba,
    0xb5, 0x73, 0x0, 0x40,

    /* U+F0D3B "󰴻" */
    0x0, 0xff, 0x8c, 0x40, 0x22, 0xae, 0xe5, 0x10,
    0x2, 0x33, 0x8c, 0xb, 0x54, 0x44, 0xb8, 0x40,
    0xe0, 0xa, 0x8, 0x0, 0xe1, 0x75, 0x0, 0xbc,
    0x10, 0x3, 0x26, 0xd, 0x16, 0xdb, 0x0, 0x9,
    0xa7, 0xa6, 0xac, 0x20, 0x90, 0x1, 0xdf, 0x9d,
    0x9a, 0xc0, 0x5, 0x0, 0x8a, 0xb6, 0x9c, 0x80,
    0x24, 0x0, 0xc5, 0x44, 0x10, 0x86, 0xe0, 0xa0,
    0x1c, 0xee, 0xc7, 0xbc, 0x87, 0x42, 0x0, 0x80,

    /* U+F0D49 "󰵉" */
    0x0, 0xf9, 0x44, 0x3, 0xff, 0x80, 0xd5, 0x82,
    0x1, 0xfe, 0x69, 0x2, 0xc1, 0x0, 0xfe, 0x6f,
    0x18, 0xd1, 0x0, 0xff, 0xfd, 0x30, 0xd9, 0x0,
    0x79, 0x4, 0x13, 0x65, 0x83, 0x64, 0x41, 0x80,
    0x1d, 0x75, 0x6d, 0xb3, 0x92, 0xfe, 0xf2, 0x40,
    0x8a, 0xf7, 0x62, 0x0, 0x37, 0x34, 0x2, 0x89,
    0x80, 0xa0, 0x7, 0xac, 0x1, 0xe3, 0xbd, 0x44,
    0x1, 0xe6, 0xbf, 0x80,

    /* U+F0D4C "󰵌" */
    0x0, 0xfb, 0x9c, 0x3, 0xff, 0xfe, 0x1, 0xff,
    0xcf, 0x61, 0xb2, 0x0, 0xf2, 0x8, 0x26, 0xcb,
    0x6, 0xc8, 0x80, 0x6e, 0xab, 0xb3, 0xec, 0xe5,
    0x3f, 0xb0, 0x4, 0x88, 0x6b, 0xa2, 0x0, 0x2f,
    0x34, 0xea, 0x9, 0x80, 0xa0, 0x7, 0xa3, 0x58,
    0x45, 0xbd, 0x44, 0x1, 0xf1, 0x5a, 0x80,

    /* U+F0D51 "󰵑" */
    0x0, 0xfb, 0x9c, 0x3, 0xff, 0xfe, 0x1, 0xff,
    0xcf, 0x61, 0xb2, 0x0, 0xfe, 0x4d, 0x96, 0xd,
    0x91, 0x6, 0x0, 0x8a, 0xec, 0xdb, 0x39, 0x2f,
    0xef, 0x24, 0x11, 0xad, 0x76, 0x20, 0x3, 0x73,
    0x40, 0x28, 0x1c, 0x6a, 0x0, 0x7a, 0xc0, 0x1e,
    0x16, 0xe0, 0x1f, 0x9a, 0xfe, 0x0,

    /* U+F0D55 "󰵕" */
    0x0, 0xf9, 0x44, 0x3, 0xff, 0x80, 0xd5, 0x82,
    0x1, 0xfe, 0x69, 0x2, 0xc1, 0x0, 0xfe, 0x6f,
    0x18, 0xd1, 0x0, 0xff, 0xfd, 0x30, 0xd9, 0x0,
    0x7f, 0x26, 0xcb, 0x6, 0xc8, 0x80, 0x71, 0x5d,
    0x9b, 0x67, 0x29, 0xfd, 0x80, 0x28, 0xd6, 0xbb,
    0x10, 0x1, 0x79, 0xa7, 0x50, 0xe, 0x35, 0x0,
    0x3d, 0x1a, 0xc2,

    /* U+F0D91 "󰶑" */
    0x0, 0xcb, 0xa8, 0x0, 0x40, 0x51, 0x50, 0xe,
    0xe2, 0xd0, 0x7, 0x1c, 0x1c, 0x88, 0x4, 0x5f,
    0x10, 0x0, 0x65, 0x47, 0x40, 0x9c, 0x6e, 0xad,
    0x44, 0x0, 0xc8, 0x31, 0xc3, 0xcc, 0x20, 0x9,
    0x0, 0xdf, 0x3b, 0xe2, 0x16, 0x80, 0x4, 0x64,
    0x30, 0x2c, 0xee, 0x8, 0xa, 0x3, 0x2d, 0xcc,
    0x80, 0x2, 0xf6, 0x34, 0xe6, 0x1f, 0x5b, 0xaa,
    0x0, 0xf3, 0xb8, 0x1, 0x60, 0x1f, 0xf6, 0x1,
    0x93, 0x0, 0x7f, 0x94, 0xb4, 0xa0, 0x3, 0xf8,
    0x4a, 0x86, 0x44, 0x3, 0xf9, 0x1, 0x81, 0xc0,
    0x3f, 0xd8, 0x82, 0x1, 0xff, 0xc0, 0x1f, 0x0,
    0xa, 0x80, 0x7f, 0x0,

    /* U+F0E04 "󰸄" */
    0x0, 0x91, 0x40, 0x3f, 0xe8, 0xba, 0xc0, 0xf,
    0xf2, 0xbd, 0x98, 0x80, 0x7f, 0xb9, 0xc0, 0x3f,
    0xf8, 0x19, 0x60, 0x1f, 0xfc, 0x5, 0x70, 0xf,
    0xfe, 0x2b, 0x37, 0x10, 0x0, 0xc0, 0x23, 0xa,
    0xbb, 0xce, 0xe, 0x20, 0x14, 0x6, 0x6e, 0xe5,
    0x8, 0x0, 0xca, 0x60, 0x1e, 0x30, 0xf, 0x28,
    0x7, 0x88, 0x3, 0xc4, 0x1, 0xe1, 0x70, 0xc,
    0x68, 0x1, 0xf4, 0x49, 0x93, 0xe0, 0x7, 0xc0,

    /* U+F0E05 "󰸅" */
    0x0, 0x91, 0x40, 0x3f, 0xe8, 0xba, 0xc0, 0xf,
    0xf2, 0xbd, 0x98, 0x80, 0x7f, 0xb9, 0xc0, 0x3f,
    0xf8, 0x19, 0x60, 0x1c, 0xc4, 0x1, 0xca, 0xe0,
    0x1d, 0x8, 0x1, 0xfe, 0x66, 0xe, 0x31, 0x0,
    0xc, 0x2, 0x30, 0xab, 0x4, 0xb7, 0x7, 0x10,
    0xa, 0x3, 0x34, 0x63, 0x54, 0x20, 0x3, 0x29,
    0x80, 0x8, 0xc0, 0x6, 0x1, 0xe5, 0x0, 0x62,
    0x80, 0x8, 0x3, 0xc4, 0x1, 0xe1, 0x70, 0xc,
    0x68, 0x1, 0xf4, 0x49, 0x93, 0xe0, 0x7, 0xc0,

    /* U+F0E1E "󰸞" */
    0x0, 0xff, 0x9c, 0x3, 0xff, 0x81, 0x51, 0x80,
    0x1f, 0xea, 0x50, 0x22, 0x0, 0x7e, 0xa5, 0x1,
    0xc2, 0x0, 0x10, 0x6, 0xa5, 0x1, 0xc2, 0x0,
    0x1e, 0xd0, 0x2, 0x94, 0x7, 0x8, 0x2, 0xe0,
    0x5a, 0xa2, 0x80, 0xe1, 0x0, 0x6f, 0x10, 0x55,
    0x0, 0xe9, 0x0, 0x71, 0x60, 0x80, 0x7, 0x4c,
    0x3, 0xe2, 0xd1, 0x16, 0x98, 0x7, 0xf1, 0xee,
    0x8c, 0x3, 0xe0,

    /* U+F0E4F "󰹏" */
    0x0, 0xe6, 0x99, 0x28, 0x7, 0x8, 0x1f, 0x4b,
    0x32, 0xb0, 0x40, 0x11, 0x82, 0xa2, 0x1, 0x8f,
    0x40, 0x10, 0xd8, 0xf2, 0x1, 0xc6, 0x80, 0xb,
    0xd, 0x79, 0x0, 0xe3, 0x0, 0x98, 0xf5, 0xa4,
    0x3, 0xf6, 0x1, 0xe3, 0x48, 0x4, 0x60, 0x13,
    0x8, 0x1e, 0x34, 0x81, 0xa0, 0x4, 0x3a, 0x20,
    0x78, 0xd5, 0xa0, 0x1c, 0x64, 0x0, 0x3b, 0x51,
    0x0, 0xf3, 0x0, 0x49, 0x60, 0x1f, 0x57, 0xfe,
    0x7b, 0x0, 0xf9, 0x9b, 0x6b, 0x58, 0x7, 0xaa,
    0xed, 0x83, 0x84, 0x0,

    /* U+F0E5B "󰹛" */
    0x0, 0x8d, 0xdf, 0xc0, 0x1d, 0x51, 0x1e, 0x20,
    0xf, 0xfe, 0x7b, 0x28, 0x7, 0xa8, 0xc0, 0x10,
    0x60, 0x1e, 0x74, 0x0, 0xff, 0xe1, 0x10, 0x80,
    0x78, 0x44, 0x0, 0xce, 0x50, 0xd, 0x7c, 0xc0,
    0x1a, 0x8c, 0x1, 0x48, 0x1, 0xf6, 0xbc, 0xa8,
    0x7, 0xe1, 0x23, 0x0, 0xc8, 0xef, 0xa1, 0x44,
    0x3, 0x6c, 0xce, 0x57, 0x40, 0xc,

    /* U+F0E73 "󰹳" */
    0x0, 0xc4, 0x1, 0xe2, 0x0, 0xfa, 0x70, 0x40,
    0x30, 0xe4, 0x80, 0x74, 0xb5, 0x8, 0x6, 0x1a,
    0x69, 0x0, 0xa5, 0x90, 0xdd, 0xfc, 0x68, 0xd2,
    0x2, 0xe0, 0xb3, 0x3f, 0x94, 0x1c, 0x45, 0x82,
    0x5d, 0xdf, 0x88, 0x70, 0x40, 0xb0, 0xb0, 0x3,
    0xd8, 0x58, 0x40, 0x11, 0x62, 0x0, 0x79, 0x30,
    0x80, 0x0,

    /* U+F0E79 "󰹹" */
    0x0, 0x84, 0x3, 0xc5, 0xf2, 0x1, 0x8b, 0x5,
    0xa4, 0x0, 0x58, 0x42, 0x8d, 0x21, 0x45, 0x81,
    0x96, 0xe5, 0x18, 0x1, 0x27, 0x90, 0x7, 0x84,
    0x3, 0xff, 0xa6, 0x21, 0x18, 0x1, 0x27, 0x95,
    0x16, 0x6, 0x5b, 0x91, 0x30, 0x85, 0x1a, 0x40,
    0x5, 0x82, 0xd2, 0x1, 0x8b, 0xe4, 0x2,

    /* U+F0E9F "󰺟" */
    0x0, 0xfe, 0x71, 0x0, 0xff, 0xe0, 0x16, 0x42,
    0x80, 0x7f, 0xcd, 0xa1, 0xa8, 0x1, 0xf1, 0x6f,
    0xe4, 0xbe, 0x11, 0x37, 0xe0, 0x0, 0x35, 0xe0,
    0xe7, 0x50, 0x0, 0x80, 0x77, 0x53, 0x0, 0x79,
    0x0, 0x3f, 0x86, 0xbc, 0x1e, 0x4, 0x2, 0x80,
    0x77, 0x53, 0x0,

    /* U+F0EC7 "󰻇" */
    0x0, 0xff, 0xe5, 0x8e, 0xf5, 0x18, 0x7, 0xfc,
    0x38, 0x69, 0xd4, 0x1, 0xff, 0xe, 0x63, 0x4f,
    0x0, 0x3f, 0xe1, 0x20, 0x95, 0x90, 0xf, 0xfe,
    0x14, 0xb9, 0x0, 0x66, 0xb7, 0xb, 0xb4, 0x0,
    0x53, 0x60, 0x1b, 0xaf, 0xd, 0x6f, 0xe4, 0x0,
    0x8a, 0x1, 0xa2, 0x9c, 0xc0, 0xe, 0xe0, 0x1,
    0xf3, 0x80, 0x6b, 0x73, 0x0, 0xf8, 0xac, 0xc0,
    0x16, 0x1, 0xd0, 0xe0, 0x19, 0x50, 0x1, 0xd7,
    0xa6, 0x95, 0xf2, 0x1, 0xae, 0x40, 0xb, 0x4c,
    0x15, 0x47, 0x0, 0xe2, 0x7a, 0x0, 0xff, 0xe1,
    0x48, 0xd0, 0x18, 0x80, 0x7f, 0xd6, 0x7d, 0x98,
    0x10, 0xf, 0xfa, 0x75, 0x83, 0x44, 0x3, 0xfe,
    0x39, 0xdc, 0x10, 0xf, 0x80,

    /* U+F0F1B "󰼛" */
    0x50, 0xf, 0xa3, 0x8, 0x3, 0xc7, 0xb0, 0x1,
    0xd1, 0x2f, 0xa6, 0x1, 0xb, 0x73, 0x64, 0x80,
    0x7f, 0x85, 0xb9, 0xb2, 0x40, 0x11, 0x2f, 0xa6,
    0x1, 0x1e, 0xc0, 0x6, 0x8c, 0x20, 0xe,

    /* U+F0F54 "󰽔" */
    0x0, 0xf4, 0x40, 0x3, 0xfe, 0x97, 0x75, 0x0,
    0x7f, 0x53, 0x0, 0x16, 0x80, 0x3e, 0xb5, 0x0,
    0xde, 0x32, 0x80, 0x16, 0x20, 0x7, 0x2c, 0x5f,
    0x80, 0xe1, 0x80, 0x7c, 0x6a, 0xe0, 0xf, 0x40,
    0xf, 0xd0, 0x60, 0x26, 0x20, 0x1f, 0xfd, 0x55,
    0x6, 0x0, 0x10, 0x7, 0xec, 0x43, 0x0, 0x58,
    0x3, 0xd9, 0xb9, 0x5c, 0x2, 0x10, 0x2, 0xcc,
    0xf1, 0x9a, 0x9, 0x60,

    /* U+F0F85 "󰾅" */
    0x0, 0xff, 0xe4, 0x11, 0x0, 0x3f, 0x85, 0xc1,
    0x10, 0x6c, 0x1, 0xe4, 0xfb, 0xd, 0xd1, 0xce,
    0x90, 0x4, 0x96, 0xf8, 0x8, 0x80, 0xe1, 0xc2,
    0x0, 0x53, 0x48, 0x18, 0x0, 0xc7, 0xe, 0x41,
    0x46, 0x0, 0x8, 0x0, 0x40, 0x4, 0xa1, 0x7a,
    0x8, 0x2, 0xc0, 0x16, 0x0, 0x41, 0x41, 0x20,
    0x8, 0xc0, 0x6, 0x1, 0x17, 0x9, 0x80, 0x46,
    0x0, 0x40, 0x8, 0x7f, 0x50, 0x2, 0xd7, 0x75,
    0x0, 0x8, 0x86, 0xa2, 0xc0, 0x1, 0x88, 0x8,
    0x2, 0x9, 0x9, 0xe4, 0x80, 0x3c, 0xaa, 0x90,
    0x4, 0x40, 0xc0, 0x3c, 0xf4, 0x80,

    /* U+F0F86 "󰾆" */
    0x0, 0x85, 0xf7, 0xfb, 0x18, 0x3, 0x88, 0xc4,
    0x4b, 0x30, 0xd3, 0xa4, 0x1, 0x17, 0xcb, 0xc3,
    0x32, 0xb8, 0x70, 0x40, 0x5, 0xed, 0xce, 0x1,
    0xe, 0x1d, 0x2, 0xf1, 0xa8, 0x46, 0xa0, 0x5,
    0x28, 0x58, 0xe1, 0x60, 0x2, 0xb6, 0x0, 0x20,
    0xa1, 0x10, 0x5, 0xc0, 0x2b, 0x0, 0x8b, 0x84,
    0xc0, 0x10, 0x40, 0x7, 0x0, 0x87, 0xf5, 0x0,
    0x2c, 0x67, 0xa0, 0x1, 0x10, 0xd4, 0x58, 0x0,
    0x33, 0x0, 0x14, 0x12, 0x13, 0xc9, 0x0, 0x79,
    0x55, 0x20, 0x8, 0x81, 0x80, 0x79, 0xe9, 0x0,

    /* U+F0F9C "󰾜" */
    0x0, 0xe1, 0xb5, 0x0, 0xff, 0xe, 0x25, 0x30,
    0x7, 0xe2, 0xf0, 0xe8, 0x98, 0x0, 0xf1, 0xe1,
    0x60, 0xbd, 0x3c, 0x80, 0x61, 0xa7, 0xc1, 0x70,
    0x5b, 0x6b, 0x0, 0x86, 0x64, 0x0, 0x99, 0x2,
    0xa, 0x60, 0xf7, 0xff, 0xb, 0x38, 0x2, 0x70,
    0x6e, 0xab, 0x80, 0x98, 0x3, 0x95, 0x42, 0xea,
    0xa3, 0xc1, 0x0, 0xfa, 0x94, 0x1, 0x82, 0x1,
    0xfd, 0x1f, 0xfe, 0x10, 0xe, 0xaa, 0xfe, 0x40,
    0x0,

    /* U+F0FB3 "󰾳" */
    0x16, 0x6f, 0xf8, 0xc2, 0xa6, 0x7f, 0xec, 0x16,
    0x0, 0xff, 0xe0, 0x10, 0x6, 0x12, 0x28, 0x40,
    0x3f, 0x47, 0x6e, 0xdd, 0x82, 0x1, 0xd0, 0xe0,
    0x1c, 0x7a, 0x20, 0x13, 0xa5, 0x90, 0x6, 0x74,
    0xd0, 0xb, 0x51, 0xe, 0xa, 0x21, 0x76, 0x30,
    0xa, 0xd7, 0x54, 0xaa, 0x43, 0x72, 0x80, 0x21,
    0xc0, 0x1, 0x45, 0x0, 0xd2, 0x80, 0x61, 0xc7,
    0x61, 0x47, 0xb5, 0x0, 0xf0, 0xc4, 0xcd, 0x8,
    0x1, 0xff, 0xc5, 0x18, 0x22, 0xff, 0x98, 0x80,

    /* U+F0FC6 "󰿆" */
    0x0, 0xff, 0x21, 0x80, 0x7f, 0xc9, 0xd7, 0x98,
    0x10, 0xf, 0xea, 0x4e, 0xd1, 0xb0, 0xf, 0xca,
    0x34, 0x25, 0xa, 0x1, 0xf8, 0xc4, 0x2, 0x60,
    0x11, 0x33, 0xbf, 0x60, 0xb1, 0x1, 0x38, 0x6c,
    0xc4, 0x72, 0x84, 0xf8, 0xc, 0x8, 0x80, 0x3f,
    0x8c, 0x3, 0xf8, 0x40, 0x3f, 0xf8, 0x33, 0xd4,
    0x1, 0xff, 0xc0, 0x50, 0x70, 0xf, 0xfe, 0x7,
    0x3f, 0x80, 0x7f, 0xf0, 0xa, 0x8, 0x3, 0xff,
    0x97, 0x64, 0x5f, 0xd0, 0x1, 0x80,

    /* U+F10B5 "󱂵" */
    0x28, 0x8c, 0xc0, 0x1f, 0xb9, 0xdf, 0x4c, 0x19,
    0xf0, 0x80, 0x80, 0x73, 0xe6, 0x77, 0x18, 0x7,
    0xff, 0x5, 0x40, 0x3e, 0xae, 0x30, 0xf, 0xe2,
    0xd5, 0x1c, 0x50, 0xf, 0xc8, 0x60, 0x11, 0x8,
    0x7, 0xcc, 0xb, 0x80, 0xc2, 0x1, 0xfc, 0x64,
    0x1, 0xff, 0x7c, 0xe, 0x88, 0x4, 0x80, 0x1c,
    0x22, 0x2, 0x0, 0x92, 0x7b, 0xbf, 0xef, 0x20,

    /* U+F1107 "󱄇" */
    0x39, 0xaa, 0xff, 0x38, 0x7b, 0x2a, 0xce, 0xae,
    0xab, 0xa1, 0x4, 0x0, 0x79, 0xa3, 0x7f, 0x0,
    0x11, 0x0, 0xf, 0xc, 0x39, 0x81, 0xec, 0x3,
    0xb4, 0x3, 0xe4, 0x60, 0x9, 0x44, 0x3, 0xf5,
    0x80, 0x5a, 0x3d, 0x0, 0x10, 0xf4, 0x10, 0x7,
    0xff, 0x17, 0x47, 0xa0, 0x2, 0x1e, 0x82, 0x0,
    0x94, 0x40, 0x3f, 0x58, 0x6, 0xa0, 0xf, 0x91,
    0x80, 0x32, 0x61, 0x87, 0x30, 0x3d, 0x80, 0x42,
    0x0, 0x3c, 0xd1, 0xbf, 0x80, 0x8, 0xf9, 0x95,
    0x67, 0x57, 0x55, 0xd0, 0xa0,

    /* U+F1108 "󱄈" */
    0x16, 0x6f, 0xf9, 0x2, 0xa6, 0x7a, 0x26, 0x7a,
    0xcd, 0x80, 0x3, 0x3d, 0xcf, 0xc4, 0x0, 0x94,
    0x0, 0x38, 0xc1, 0xd0, 0x77, 0x0, 0x1d, 0xa4,
    0x1, 0xe7, 0x40, 0x8, 0xcc, 0x0, 0x1e, 0x80,
    0xa, 0x0, 0x24, 0x1e, 0x80, 0x8, 0x7a, 0xc,
    0x2, 0xf0, 0xf, 0xfe, 0xf, 0xf, 0x40, 0x4,
    0x3d, 0x2, 0x1, 0x30, 0x7, 0xf3, 0x0, 0x69,
    0x0, 0xf8, 0xa0, 0x3, 0x34, 0x80, 0x72, 0x60,
    0x7, 0x9b, 0xe5, 0xe3, 0x2c, 0x40, 0x7, 0x4,
    0x59, 0x29, 0x44, 0x8a, 0x45,

    /* U+F1109 "󱄉" */
    0x16, 0x77, 0xfe, 0x64, 0xa, 0x98, 0x8d, 0x31,
    0x1a, 0x6c, 0xd8, 0x0, 0x33, 0xdc, 0xfc, 0x40,
    0x9, 0x4c, 0x7, 0x18, 0x40, 0x7, 0x70, 0x1,
    0xda, 0x40, 0x1e, 0x74, 0x0, 0x8c, 0xc0, 0xc4,
    0x0, 0x62, 0x8, 0x0, 0x90, 0x1, 0x8, 0x0,
    0x84, 0x3, 0x0, 0xbc, 0x3, 0xff, 0x83, 0xc0,
    0x2, 0x30, 0x1, 0x18, 0x8, 0x4, 0xc0, 0xc,
    0x50, 0x6, 0x28, 0x30, 0x6, 0x90, 0xf, 0x8a,
    0x0, 0x33, 0x48, 0x7, 0x26, 0x0, 0x46, 0x0,
    0x6f, 0x97, 0x8c, 0xb1, 0x0, 0x1c, 0x10, 0x8c,
    0xf2, 0xc4, 0x22, 0x24, 0x50,

    /* U+F11C0 "󱇀" */
    0x0, 0x8d, 0xdf, 0xc0, 0x1f, 0xaa, 0x23, 0xc4,
    0x1, 0xff, 0xd4, 0x20, 0x9, 0x94, 0x3, 0xd4,
    0x66, 0xd2, 0x0, 0x41, 0x80, 0x79, 0xd0, 0x3,
    0xff, 0x90, 0x42, 0x1, 0xe1, 0x10, 0x9, 0x80,
    0x33, 0x98, 0x3, 0x67, 0x31, 0xf0, 0x80, 0x69,
    0x50, 0x5, 0x98, 0x0, 0xfc, 0x80, 0x3a, 0xa9,
    0x88, 0x1, 0x15, 0x10, 0x7, 0xbd, 0x80, 0x30,
    0xa8, 0x23, 0xbe, 0x85, 0x10, 0xf, 0xb6, 0x67,
    0x2b, 0xa0, 0x7, 0xc0,

    /* U+F1274 "󱉴" */
    0x9f, 0xff, 0xf4, 0xb3, 0x2a, 0xbf, 0x33, 0x3,
    0x15, 0x7f, 0x60, 0x7, 0xff, 0xca, 0xbf, 0xd4,
    0x0, 0xaf, 0xf5, 0x0, 0x1a, 0x95, 0x8, 0x88,
    0xb4, 0xc0, 0x1b, 0x7, 0x74, 0x38, 0x1, 0x33,
    0x2a, 0x40, 0x34, 0xd3, 0x30,

    /* U+F1276 "󱉶" */
    0x26, 0x73, 0x0, 0xf3, 0x3b, 0x7, 0xc4, 0xa8,
    0x7, 0xaa, 0x64, 0xa7, 0x3c, 0xc0, 0x1e, 0xce,
    0x13, 0x21, 0x1, 0xaf, 0xd6, 0x0, 0xc4, 0x78,
    0xc1, 0xaf, 0x29, 0x2a, 0x1, 0x62, 0x80, 0x8,
    0xe5, 0xa5, 0x3c, 0x3, 0xff, 0x82, 0x20, 0x1f,
    0x11, 0xcb, 0x4a, 0x60, 0x7, 0xed, 0x79, 0x73,
    0x83, 0x0, 0xf8, 0x6b, 0xfb, 0x13, 0x48, 0x2,
    0x63, 0x0, 0xf5, 0xa1, 0x83, 0x14, 0x20, 0x7,
    0xd4, 0x21, 0x8, 0x7a, 0xe6, 0x1, 0xe6, 0x71,
    0x5, 0x79, 0x50, 0xf, 0x54, 0x92, 0x0,

    /* U+F128D "󱊍" */
    0x4, 0xff, 0x69, 0x6, 0x7f, 0x98, 0x2, 0xe0,
    0x1, 0x21, 0x98, 0x1, 0x40, 0xf, 0x50, 0xa,
    0x70, 0x2, 0x3f, 0x10, 0x6a, 0xaf, 0xd0, 0x1,
    0x62, 0xaf, 0xe4, 0x0, 0xff, 0xfc, 0x57, 0xff,
    0xec, 0x0, 0x55, 0x7f, 0xf0, 0x4,

    /* U+F1323 "󱌣" */
    0x0, 0xe2, 0x0, 0xff, 0x87, 0x36, 0xc0, 0x13,
    0xca, 0x1, 0x87, 0xc, 0xa8, 0x19, 0xa5, 0x40,
    0xb, 0x8, 0x8, 0x81, 0xe1, 0xaf, 0x60, 0x2a,
    0xc0, 0x12, 0x8a, 0x5, 0x42, 0x82, 0xd2, 0x29,
    0x4, 0xe1, 0xa, 0xbd, 0x2, 0x58, 0x4e, 0xb8,
    0x11, 0x3e, 0xa0, 0x2, 0x4c, 0x30, 0x40, 0x2c,
    0x10, 0xf, 0x18, 0x61, 0x96, 0x17, 0x28, 0x7,
    0xb0, 0xcb, 0x5, 0x6, 0x94, 0x3, 0x61, 0x96,
    0x8, 0x3c, 0x5, 0x28, 0x3, 0xc, 0xb0, 0x40,
    0x27, 0x80, 0xa4, 0x9, 0x2c, 0x10, 0xe, 0x78,
    0x34, 0x5, 0xd1, 0x0, 0xf9, 0xf0, 0x0,

    /* U+F1425 "󱐥" */
    0xa, 0x60, 0x6, 0xd0, 0x7, 0xf0, 0xb6, 0x2a,
    0x8d, 0x87, 0xd, 0x6a, 0x82, 0x78, 0x55, 0xff,
    0xa8, 0x80, 0x3f, 0xf8, 0xbe, 0x1, 0xb8, 0x6d,
    0x64, 0x7, 0x17, 0x12, 0x9a, 0xf0, 0x70, 0x81,
    0x49, 0xa, 0xc8, 0x3, 0xf8,

    /* U+F147D "󱑽" */
    0x0, 0xff, 0xe3, 0x11, 0x0, 0x3f, 0xe1, 0x18,
    0x0, 0x44, 0x0, 0xf9, 0xd9, 0x80, 0x6, 0x60,
    0x7, 0xda, 0x44, 0x60, 0x22, 0x80, 0x38, 0x5a,
    0xf2, 0x9f, 0xfd, 0x22, 0x0, 0x19, 0xe2, 0x34,
    0x38, 0x66, 0x27, 0x48, 0x80, 0x7f, 0xf0, 0x86,
    0x78, 0x8d, 0xe, 0x19, 0x53, 0xa4, 0x40, 0x2,
    0xd7, 0x94, 0xff, 0x92, 0x20, 0x1d, 0xa4, 0x46,
    0x2, 0x28, 0x3, 0xce, 0xcc, 0x0, 0x33, 0x0,
    0x3e, 0x11, 0x80, 0x6, 0x40, 0x1f, 0x88, 0x80,
    0x1, 0x0, 0xe0,

    /* U+F14F1 "󱓱" */
    0x66, 0xff, 0xe0, 0x95, 0xc5, 0xcc, 0x4c, 0xeb,
    0x9b, 0x94, 0x8, 0xd5, 0xf1, 0x0, 0x3e, 0xae,
    0x88, 0x7, 0xf, 0xe6, 0x20, 0x3, 0xd8, 0xcd,
    0x3a, 0xa9, 0x9b, 0x8, 0xb, 0xd8, 0xdd, 0xf8,
    0x6c, 0x8c,

    /* U+F14FF "󱓿" */
    0x16, 0x77, 0xfe, 0x64, 0xa, 0x98, 0x8d, 0x31,
    0x1a, 0x6c, 0xd8, 0x0, 0x33, 0xdc, 0xfc, 0x40,
    0x9, 0x4c, 0x7, 0x18, 0x3a, 0xe, 0xe0, 0x3,
    0xb4, 0x80, 0x3c, 0xe8, 0x1, 0x19, 0x80, 0x3,
    0xd0, 0x1, 0x40, 0x4, 0x80, 0x10, 0xf4, 0x0,
    0x46, 0x1, 0x78, 0x7, 0xff, 0x7, 0x80, 0x21,
    0xe8, 0x0, 0x84, 0x2, 0x60, 0x8, 0x7a, 0x0,
    0x26, 0x0, 0xd2, 0x1, 0xf1, 0x40, 0x6, 0x69,
    0x1, 0xe8, 0x4, 0xc0, 0x8, 0xc0, 0xd, 0xf2,
    0xf1, 0x96, 0x20, 0x3, 0x82, 0x11, 0x9e, 0x58,
    0x84, 0x44, 0x8a,

    /* U+F1531 "󱔱" */
    0x0, 0xff, 0xe1, 0x9e, 0x8, 0x4, 0xbb, 0x62,
    0x1, 0xc6, 0xf8, 0x20, 0x34, 0xed, 0x60, 0x1e,
    0xb6, 0xc1, 0x30, 0x84, 0x60, 0xf, 0xad, 0xb0,
    0xe8, 0xc0, 0x3f, 0xd6, 0xd8, 0x8a, 0xc0, 0x1f,
    0xeb, 0x6c, 0x59, 0x0, 0xff, 0xa0, 0xb1, 0xfc,
    0x3, 0xfc, 0xa0, 0x58, 0x40, 0x1f, 0xc5, 0x20,
    0x2, 0xc1, 0x0, 0xfc, 0xa0, 0x18, 0xb0, 0x40,
    0x3f, 0xf8, 0x25, 0x82, 0x1, 0xe4, 0x0, 0xe3,
    0x6c, 0x10, 0xe, 0x38, 0x0, 0x87, 0xad, 0xb0,
    0x40, 0x39, 0xf6, 0x6b, 0x88, 0x2d, 0xcc,

    /* U+F1542 "󱕂" */
    0x0, 0xf8, 0xb3, 0xec, 0x40, 0x3f, 0xb0, 0x25,
    0xb4, 0x1, 0xbf, 0xfe, 0x1e, 0x69, 0x3f, 0x69,
    0xaa, 0xf0, 0x50, 0x68, 0xd2, 0x21, 0x57, 0xd2,
    0xfe, 0xd6, 0xa4, 0x1, 0xf3, 0x6d, 0xf2, 0x80,
    0x71, 0xa0, 0x4, 0x48, 0x20, 0x1d, 0x79, 0x7a,
    0x20, 0x1f, 0x24, 0x26, 0x70, 0x52, 0xaf, 0x8a,
    0x5c, 0x8c, 0x51, 0x15, 0x5e, 0x4d, 0xc2, 0x87,
    0x68, 0xff, 0xf3, 0x1, 0xcb, 0x4b, 0xb8, 0x3,
    0xe0,

    /* U+F1543 "󱕃" */
    0x0, 0x31, 0x0, 0x62, 0x60, 0xd, 0x2e, 0x1,
    0x9e, 0x40, 0x3f, 0x96, 0xc3, 0x4, 0x3, 0xc3,
    0x4f, 0x63, 0x40, 0x1e, 0x50, 0x94, 0xb4, 0x0,
    0xf3, 0x4, 0x15, 0x18, 0x7, 0x8a, 0x5f, 0x4b,
    0x81, 0xc3, 0x84, 0x0, 0xd4, 0x1c, 0x51, 0x6,
    0x66, 0x0, 0x7c, 0xd1, 0x38, 0x48, 0x1, 0xf7,
    0x81, 0x3, 0x80, 0x7a, 0x1f, 0x71, 0xc, 0x3,
    0xcd, 0x84, 0xf6, 0x1, 0xf8, 0xcb, 0x0, 0x30,
    0x90, 0x0,

    /* U+F15EE "󱗮" */
    0x16, 0x6f, 0x8c, 0x36, 0x67, 0xec, 0x11, 0x0,
    0x7e, 0x20, 0xf, 0xfe, 0x50, 0x80, 0x7f, 0x79,
    0x80, 0x7f, 0xf4, 0x38, 0xc0, 0x3f, 0xf9, 0xca,
    0x1, 0xf1, 0x9a, 0x2a, 0x3f, 0xeb, 0x6c, 0x0,

    /* U+F16B5 "󱚵" */
    0x0, 0xc9, 0x15, 0x97, 0x4e, 0x40, 0x1d, 0x1d,
    0x6e, 0xa6, 0x8b, 0x18, 0xa0, 0x2, 0xe7, 0x13,
    0x7a, 0xcb, 0x95, 0x58, 0x40, 0x94, 0xf3, 0x10,
    0xa6, 0x8d, 0x56, 0x18, 0xc1, 0x78, 0x62, 0xd5,
    0x97, 0x28, 0x1, 0xf4, 0x74, 0xa9, 0xa3, 0x5d,
    0x0, 0x7b, 0xc1, 0x6b, 0x2e, 0x9, 0x80, 0x40,
    0x33, 0xf5, 0x29, 0xa3, 0xee, 0x83, 0x18, 0x3,
    0x9, 0xdf, 0xf4, 0x0, 0x86, 0xb0, 0x7, 0xa,
    0x0, 0x90, 0x5, 0x28, 0x1, 0xc5, 0x40, 0x54,
    0x1, 0x21, 0x0, 0x79, 0x5b, 0x80, 0x3c,

    /* U+F16BD "󱚽" */
    0x0, 0x85, 0xef, 0xbf, 0xdd, 0x6e, 0x20, 0x18,
    0x6b, 0xa1, 0x4, 0x0, 0x29, 0x1d, 0x42, 0x0,
    0xf5, 0x5, 0xad, 0xff, 0x6d, 0x28, 0x2f, 0x80,
    0x2d, 0x7a, 0x94, 0x80, 0x4, 0xb5, 0xcb, 0x60,
    0x5, 0xa1, 0x29, 0xdf, 0xf6, 0xc9, 0xd, 0x28,
    0x6, 0x7d, 0x62, 0x0, 0x13, 0x6b, 0x80, 0x79,
    0x45, 0xf3, 0xfb, 0x18, 0x94, 0x3, 0xc5, 0xd0,
    0x60, 0x27, 0x3a, 0x40, 0x1f, 0x86, 0xbb, 0xcc,
    0x3, 0x10, 0x7, 0x85, 0xc4, 0x8c, 0x2, 0xae,
    0x0, 0xfb, 0xc1, 0x82, 0xda, 0x93, 0x40, 0x3e,
    0x29, 0xe0, 0xf9, 0x4f, 0x10, 0xf, 0xcc, 0xa0,
    0x97, 0xe2, 0x0,

    /* U+F16BF "󱚿" */
    0x0, 0x85, 0xef, 0xbf, 0xdd, 0x6e, 0x20, 0x18,
    0x6b, 0xa1, 0x4, 0x0, 0x29, 0x1d, 0x42, 0x0,
    0xf5, 0x5, 0xad, 0xff, 0x6d, 0x28, 0x2f, 0x80,
    0x2d, 0x7a, 0x94, 0x80, 0x4, 0xb5, 0xcb, 0x60,
    0x5, 0xa1, 0x28, 0xdf, 0xec, 0x81, 0x15, 0x28,
    0x6, 0x7d, 0x72, 0x1, 0x32, 0x10, 0xf, 0x90,
    0x16, 0xf7, 0x57, 0x4d, 0xb4, 0x1, 0xc7, 0xd4,
    0x84, 0x44, 0x1a, 0xd2, 0x70, 0xe, 0x10, 0x7b,
    0xa0, 0x27, 0x2e, 0xf0, 0xf, 0xc, 0xa0, 0x86,
    0xa6, 0xcb, 0x98, 0x7, 0xd, 0x0, 0x80, 0x80,
    0x66, 0x0, 0xf2, 0x3e, 0x80, 0x7f, 0xf0, 0xa1,
    0xc1, 0x44, 0x62, 0x70,

    /* U+F17BF "󱞿" */
    0x0, 0xfc, 0x20, 0x1f, 0xf1, 0xf4, 0x0, 0x7f,
    0x1e, 0x3, 0xc0, 0x7, 0xc7, 0x88, 0x8, 0xf0,
    0x1, 0xe8, 0x4b, 0xe, 0x97, 0x10, 0xe, 0xbb,
    0x0, 0x4d, 0xc2, 0x1, 0xff, 0x8, 0x7, 0xe1,
    0x1, 0x0, 0xff, 0x30, 0x28, 0x7, 0xe1, 0x78,
    0x80, 0x80, 0x4b, 0xff, 0xba, 0x20, 0xe0, 0x19,
    0x2a, 0xb5, 0xf3, 0x80, 0x70,

    /* U+F18B8 "󱢸" */
    0x3, 0x77, 0xf0, 0x7, 0xea, 0x88, 0xf1, 0x0,
    0x7f, 0xf2, 0x44, 0x3, 0xe1, 0x0, 0xf7, 0xb0,
    0x7, 0xb1, 0xc0, 0x3f, 0xfa, 0xe4, 0x20, 0x1e,
    0x11, 0x0, 0x76, 0x72, 0x80, 0x6b, 0xe4, 0x70,
    0x36, 0x0, 0xa8, 0xc0, 0x14, 0x81, 0x36, 0x1d,
    0xa0, 0x1b, 0x5e, 0x54, 0x5, 0x28, 0xcb, 0x80,
    0x30, 0xc3, 0x0, 0x5, 0xa0, 0x96, 0xc0, 0x3f,
    0xca, 0x42, 0xe8, 0x1, 0xfc, 0x2d, 0xc4, 0xd6,
    0x0,

    /* U+F19F0 "󱧰" */
    0x5, 0x5c, 0x60, 0x1f, 0xae, 0xab, 0x62, 0x0,
    0x7c, 0xa0, 0x1d, 0x7f, 0xfd, 0xc4, 0x1, 0xff,
    0xc0, 0x14, 0x0, 0xff, 0xe0, 0x88, 0x7, 0xff,
    0x30, 0xd0, 0x80, 0x3f, 0x87, 0x31, 0x7a, 0xe0,
    0x1f, 0xb0, 0xca, 0xc4, 0x3, 0xf2, 0x91, 0x31,
    0x30, 0x54, 0x3, 0xda, 0x5, 0xa1, 0x83, 0x75,
    0x5e, 0x50, 0xf, 0x95, 0x7c, 0x40, 0x1, 0x50,
    0x0,

    /* U+F19F3 "󱧳" */
    0x5, 0x5c, 0x60, 0x1f, 0xae, 0xab, 0x62, 0x0,
    0x7c, 0xa0, 0x1d, 0x7f, 0xfd, 0xa2, 0xb, 0x55,
    0xfe, 0x27, 0xd, 0x55, 0xff, 0x8, 0x7, 0xff,
    0x3c, 0xc0, 0x3f, 0xf8, 0x3a, 0xc0, 0x1f, 0xe2,
    0xb1, 0x0, 0xff, 0x16, 0x26, 0xa, 0xc7, 0xff,
    0x38, 0x16, 0x86, 0xd, 0xd5, 0x79, 0x40, 0x3e,
    0x55, 0xf1, 0x0, 0x5, 0x44, 0x0,

    /* U+F1A45 "󱩅" */
    0x0, 0x28, 0x80, 0x14, 0xc0, 0x6, 0x80, 0x74,
    0x80, 0x54, 0x80, 0xe, 0xe0, 0x72, 0x28, 0x49,
    0x38, 0x41, 0x5b, 0x94, 0x82, 0xa7, 0x1, 0x3c,
    0xd, 0x19, 0x7, 0x9, 0x82, 0x83, 0x4, 0x1a,
    0x4, 0x8b, 0x83, 0x8d, 0x82, 0xa4, 0x81, 0x3c,
    0x8, 0x5a, 0xa0, 0x49, 0x38, 0x40, 0x58, 0x29,
    0xc8, 0x38, 0x18, 0x20, 0x78, 0x9, 0xa8, 0x42,
    0x20, 0x20, 0xd4, 0x20, 0x61, 0x8a, 0x41, 0x4f,
    0xc0, 0x9a, 0x1, 0x24, 0x81, 0x6c, 0xc0, 0xa9,
    0x80,

    /* U+F1A4E "󱩎" */
    0x0, 0xf8, 0xcc, 0x1, 0xff, 0xc2, 0x99, 0x0,
    0x7f, 0xa, 0x80, 0x59, 0x80, 0x9, 0x44, 0x3,
    0x25, 0x28, 0x1, 0x98, 0x0, 0x5a, 0x40, 0xc,
    0xb4, 0x85, 0x5d, 0xca, 0x24, 0xa5, 0x0, 0xe5,
    0x3c, 0x79, 0x93, 0xe1, 0xa8, 0x7, 0xd0, 0x7a,
    0xee, 0xd3, 0x80, 0xc, 0x74, 0xc0, 0x94, 0x1,
    0xa9, 0x1, 0xa8, 0xc0, 0x38, 0x40, 0x30, 0x80,
    0x71, 0xd3, 0x2, 0x50, 0x6, 0xb4, 0x6, 0xa3,
    0x0, 0xd0, 0x78, 0x44, 0xd2, 0x80, 0xf, 0xc5,
    0xa7, 0xdc, 0x2d, 0x20, 0xf, 0xe2, 0x3, 0x30,
    0x10, 0x7, 0xfd, 0x95, 0x4c, 0x0, 0xff, 0xe0,
    0x35, 0x51, 0x80, 0x3f, 0xf8, 0xb, 0x54, 0x50,
    0xf, 0x0,

    /* U+F1A4F "󱩏" */
    0x0, 0xf8, 0x90, 0x3, 0xff, 0x84, 0x92, 0x1,
    0xfe, 0x60, 0x8, 0x90, 0x2, 0x42, 0x0, 0xc5,
    0x32, 0x0, 0x24, 0x80, 0xa, 0xec, 0x1, 0x8a,
    0xec, 0x13, 0xdf, 0x88, 0x53, 0x20, 0xe, 0x42,
    0xd7, 0x99, 0x3d, 0xab, 0x0, 0x7c, 0xe5, 0xee,
    0xd6, 0xd6, 0x1, 0xce, 0xc1, 0x8a, 0x20, 0x15,
    0x9, 0x1b, 0x18, 0xcd, 0x0, 0x4, 0x3, 0x38,
    0x1, 0x6d, 0x7, 0xb0, 0x35, 0x10, 0x1, 0x41,
    0x11, 0xb5, 0xc0, 0x33, 0x2d, 0xda, 0x78, 0xb8,
    0x3, 0xfa, 0x89, 0x18, 0x68, 0xc0, 0x3f, 0xcc,
    0x1, 0x30, 0x7, 0xfd, 0x7d, 0xcf, 0x20, 0xf,
    0xf8, 0x7b, 0x8e, 0x1, 0xff, 0xc0, 0x1e, 0xe3,
    0x80, 0x78,

    /* U+F1A50 "󱩐" */
    0x0, 0xf8, 0xcc, 0x1, 0xff, 0xc2, 0x99, 0x0,
    0x7f, 0xa, 0x80, 0x59, 0x80, 0x9, 0x44, 0x3,
    0x25, 0x28, 0x1, 0x98, 0x0, 0x5a, 0x40, 0xc,
    0xb4, 0x85, 0x5d, 0xca, 0x24, 0xa5, 0x0, 0xe5,
    0x3c, 0x79, 0x93, 0xe1, 0xa8, 0x7, 0xd0, 0x7a,
    0xee, 0xd3, 0x80, 0xc, 0x74, 0xc0, 0x94, 0x1,
    0xa9, 0x1, 0xa8, 0xc0, 0x3f, 0xf8, 0x87, 0x4c,
    0x9, 0x40, 0x1a, 0x90, 0x1a, 0x8c, 0x3, 0x41,
    0x7f, 0xe2, 0x80, 0xf, 0xc5, 0xa0, 0x1b, 0x48,
    0x3, 0xf8, 0x80, 0x31, 0x0, 0x7f, 0xd9, 0x54,
    0xc0, 0xf, 0xfe, 0x3, 0x55, 0x18, 0x3, 0xff,
    0x80, 0xb5, 0x45, 0x0, 0xf0,

    /* U+F1A51 "󱩑" */
    0x0, 0xf8, 0x90, 0x3, 0xff, 0x84, 0x92, 0x1,
    0xfe, 0x60, 0x8, 0x90, 0x2, 0x42, 0x0, 0xc5,
    0x32, 0x0, 0x24, 0x80, 0xa, 0xec, 0x1, 0x8a,
    0xec, 0x13, 0xdf, 0x88, 0x53, 0x20, 0xe, 0x42,
    0xd7, 0x99, 0x3d, 0xab, 0x0, 0x7c, 0xe7, 0xee,
    0xd6, 0xd6, 0x1, 0x87, 0x28, 0x31, 0x4, 0x2,
    0xa1, 0x25, 0xc6, 0x1b, 0xc0, 0x0, 0x80, 0x67,
    0x0, 0x35, 0x90, 0x3b, 0x6, 0xa7, 0x76, 0xa2,
    0x21, 0xba, 0x0, 0x66, 0x51, 0x1c, 0x1c, 0x1,
    0xfd, 0x44, 0x1, 0x51, 0x80, 0x7f, 0x98, 0x2,
    0x60, 0xf, 0xfa, 0xfb, 0x9e, 0x40, 0x1f, 0xf0,
    0xf7, 0x1c, 0x3, 0xff, 0x80, 0x3d, 0xc7, 0x0,
    0xf0,

    /* U+F1A52 "󱩒" */
    0x0, 0xf8, 0x90, 0x3, 0xff, 0x84, 0x92, 0x1,
    0xfe, 0x60, 0x8, 0x90, 0x2, 0x42, 0x0, 0xc5,
    0x32, 0x0, 0x24, 0x80, 0xa, 0xec, 0x1, 0x8a,
    0xec, 0x13, 0xdf, 0x88, 0x53, 0x20, 0xe, 0x42,
    0xd7, 0x99, 0x3d, 0xab, 0x0, 0x7c, 0xe7, 0xee,
    0xd6, 0xd6, 0x1, 0x87, 0x28, 0x31, 0x4, 0x2,
    0xa1, 0x25, 0xc7, 0x1b, 0xc0, 0x3, 0xcc, 0xf0,
    0x1, 0xa9, 0x1, 0xd8, 0x34, 0x99, 0xb2, 0x91,
    0xd, 0x8c, 0x3, 0x32, 0x80, 0x61, 0xe0, 0xf,
    0xea, 0x20, 0xa, 0x8c, 0x3, 0xfc, 0xc0, 0x13,
    0x0, 0x7f, 0xd7, 0xdc, 0xf2, 0x0, 0xff, 0x87,
    0xb8, 0xe0, 0x1f, 0xfc, 0x1, 0xee, 0x38, 0x7,
    0x80,

    /* U+F1A53 "󱩓" */
    0x0, 0xf8, 0xcc, 0x1, 0xff, 0xc2, 0x99, 0x0,
    0x7f, 0xa, 0x80, 0x59, 0x80, 0x9, 0x44, 0x3,
    0x25, 0x28, 0x1, 0x98, 0x0, 0x5a, 0x40, 0xc,
    0xb4, 0x85, 0x5d, 0xca, 0x24, 0xa5, 0x0, 0xe5,
    0x3c, 0x79, 0x93, 0xe1, 0xa8, 0x7, 0xd0, 0x7a,
    0xee, 0xd3, 0x80, 0xc, 0x74, 0xc0, 0x94, 0x1,
    0xa9, 0x1, 0xa8, 0xc0, 0x3a, 0x3f, 0xf4, 0x0,
    0x71, 0xd3, 0x2, 0x0, 0x79, 0x1, 0xa8, 0xc0,
    0x34, 0x0, 0x7a, 0x0, 0x3f, 0x16, 0x80, 0x6d,
    0x20, 0xf, 0xe2, 0x0, 0xc4, 0x1, 0xff, 0x65,
    0x53, 0x0, 0x3f, 0xf8, 0xd, 0x54, 0x60, 0xf,
    0xfe, 0x2, 0xd5, 0x14, 0x3, 0xc0,

    /* U+F1A54 "󱩔" */
    0x0, 0xf8, 0xcc, 0x1, 0xff, 0xc2, 0x99, 0x0,
    0x7f, 0xa, 0x80, 0x59, 0x80, 0x9, 0x44, 0x3,
    0x25, 0x28, 0x1, 0x98, 0x0, 0x5a, 0x40, 0xc,
    0xb4, 0x85, 0x5d, 0xca, 0x24, 0xa5, 0x0, 0xe5,
    0x3c, 0x68, 0x83, 0x61, 0xa8, 0x7, 0xd2, 0x58,
    0xcc, 0xc2, 0x90, 0xc, 0x9b, 0x20, 0x85, 0xdd,
    0x89, 0x2, 0x75, 0x1a, 0xf4, 0x4, 0x7f, 0x6,
    0xdb, 0x13, 0x20, 0x38, 0x7, 0x9c, 0x11, 0x88,
    0x3, 0x41, 0x0, 0x62, 0x80, 0xf, 0xc3, 0xa0,
    0x1b, 0x44, 0x3, 0xfc, 0x20, 0x1, 0x0, 0xff,
    0xe0, 0x77, 0x60, 0xf, 0xfe, 0x2, 0x77, 0x10,
    0x3, 0xff, 0x80, 0x9d, 0xc4, 0x0, 0xf0,

    /* U+F1A55 "󱩕" */
    0x0, 0xf8, 0xcc, 0x1, 0xff, 0xc2, 0x99, 0x0,
    0x7f, 0xa, 0x80, 0x59, 0x80, 0x9, 0x44, 0x3,
    0x25, 0x28, 0x1, 0x98, 0x0, 0x5a, 0x40, 0xc,
    0xb4, 0x85, 0x5d, 0xca, 0x24, 0xa5, 0x0, 0xe5,
    0x3c, 0x68, 0x83, 0x61, 0xa8, 0x7, 0xd2, 0x2b,
    0xfe, 0x51, 0x90, 0xc, 0x9b, 0x20, 0x80, 0xcd,
    0x81, 0x2, 0x75, 0x1a, 0xf4, 0x4, 0x3, 0xc2,
    0x1b, 0x6c, 0x4c, 0x80, 0xe0, 0x1e, 0x70, 0x46,
    0x20, 0xd, 0x4, 0x1, 0x8a, 0x0, 0x3f, 0xe,
    0x80, 0x6d, 0x10, 0xf, 0xf0, 0x80, 0x4, 0x3,
    0xff, 0x81, 0xdd, 0x80, 0x3f, 0xf8, 0x9, 0xdc,
    0x40, 0xf, 0xfe, 0x2, 0x77, 0x10, 0x3, 0xc0,

    /* U+F1A56 "󱩖" */
    0x0, 0xf8, 0xcc, 0x1, 0xff, 0xc2, 0x99, 0x0,
    0x7f, 0xa, 0x80, 0x59, 0x80, 0x9, 0x44, 0x3,
    0x25, 0x28, 0x1, 0x98, 0x0, 0x5a, 0x40, 0xc,
    0xb4, 0x85, 0x5d, 0xca, 0x24, 0xa5, 0x0, 0xe5,
    0x3c, 0x78, 0x83, 0xe1, 0xa8, 0x7, 0xd0, 0x25,
    0x32, 0x21, 0x80, 0xc, 0x74, 0xc0, 0x80, 0x1e,
    0x40, 0x6a, 0x30, 0xf, 0xfe, 0x21, 0xd3, 0x2,
    0x0, 0x79, 0x1, 0xa8, 0xc0, 0x34, 0x0, 0x7a,
    0x0, 0x3f, 0x16, 0x80, 0x6d, 0x20, 0xf, 0xe2,
    0x0, 0xc4, 0x1, 0xff, 0x65, 0x53, 0x0, 0x3f,
    0xf8, 0xd, 0x54, 0x60, 0xf, 0xfe, 0x2, 0xd5,
    0x14, 0x3, 0xc0,

    /* U+F1B2B "󱬫" */
    0x0, 0xff, 0xe0, 0x9, 0x0, 0x7f, 0xc9, 0x86,
    0x1, 0xfe, 0x4a, 0x91, 0x0, 0xfe, 0x4a, 0xa2,
    0x0, 0x7f, 0x25, 0x51, 0x0, 0x3e, 0x16, 0x9a,
    0xa2, 0x0, 0x7c, 0x5f, 0x6c, 0xe8, 0x1, 0xf1,
    0x64, 0xe9, 0x78, 0x7, 0xc5, 0x83, 0x4e, 0x6e,
    0x1, 0xe2, 0xc1, 0x2, 0x9c, 0x10, 0xe, 0x2c,
    0x10, 0x0, 0xe1, 0x0, 0x7a, 0xc4, 0x0, 0x38,
    0x40, 0x1f, 0x70, 0x0, 0x70, 0x80, 0x3f, 0x3c,
    0x36, 0x10, 0x7, 0xf0,

    /* U+F1B35 "󱬵" */
    0x2f, 0xff, 0xfe, 0x14, 0x93, 0x0, 0x22, 0xab,
    0xe3, 0x2, 0xa0, 0x97, 0x87, 0x55, 0xfb, 0x9b,
    0x8c,

    /* U+F1C3B "󱰻" */
    0x0, 0xfe, 0x9a, 0xa8, 0x40, 0x23, 0x30, 0x1,
    0x8, 0x55, 0xd5, 0x67, 0x30, 0x4, 0x50, 0x2,
    0x14, 0xa8, 0x40, 0x29, 0xc1, 0x0, 0xf8, 0x40,
    0x3f, 0x13, 0x2b, 0x30, 0xb4, 0xe8, 0x3, 0xec,
    0x23, 0x99, 0xa, 0xe2, 0x80, 0x7c, 0x20, 0x1e,
    0x20, 0x20, 0xf, 0xfe, 0xd0, 0x80, 0x78, 0x40,
    0x3f, 0x60, 0x80, 0x62, 0xc4, 0x20, 0xf, 0x16,
    0x8, 0x0, 0xb1, 0xac, 0x3, 0xf1, 0x28, 0x2,
    0x86, 0x40, 0x3f, 0xc2, 0x44, 0x10, 0x52, 0x2f,
    0x20, 0x80
};


/*---------------------
 *  GLYPH DESCRIPTION
 *--------------------*/

static const lv_font_fmt_txt_glyph_dsc_t glyph_dsc[] = {
    {.bitmap_index = 0, .adv_w = 0, .box_w = 0, .box_h = 0, .ofs_x = 0, .ofs_y = 0} /* id = 0 reserved */,
    {.bitmap_index = 0, .adv_w = 256, .box_w = 16, .box_h = 13, .ofs_x = 0, .ofs_y = 0},
    {.bitmap_index = 70, .adv_w = 256, .box_w = 14, .box_h = 14, .ofs_x = 1, .ofs_y = -1},
    {.bitmap_index = 144, .adv_w = 256, .box_w = 12, .box_h = 12, .ofs_x = 2, .ofs_y = 0},
    {.bitmap_index = 201, .adv_w = 256, .box_w = 10, .box_h = 10, .ofs_x = 3, .ofs_y = 1},
    {.bitmap_index = 242, .adv_w = 256, .box_w = 10, .box_h = 10, .ofs_x = 3, .ofs_y = 1},
    {.bitmap_index = 283, .adv_w = 256, .box_w = 12, .box_h = 12, .ofs_x = 2, .ofs_y = 0},
    {.bitmap_index = 327, .adv_w = 256, .box_w = 12, .box_h = 12, .ofs_x = 2, .ofs_y = 0},
    {.bitmap_index = 398, .adv_w = 256, .box_w = 12, .box_h = 12, .ofs_x = 2, .ofs_y = 0},
    {.bitmap_index = 445, .adv_w = 256, .box_w = 12, .box_h = 12, .ofs_x = 2, .ofs_y = 0},
    {.bitmap_index = 497, .adv_w = 256, .box_w = 12, .box_h = 12, .ofs_x = 2, .ofs_y = 0},
    {.bitmap_index = 544, .adv_w = 256, .box_w = 10, .box_h = 10, .ofs_x = 3, .ofs_y = 1},
    {.bitmap_index = 586, .adv_w = 256, .box_w = 10, .box_h = 10, .ofs_x = 3, .ofs_y = 1},
    {.bitmap_index = 627, .adv_w = 256, .box_w = 12, .box_h = 12, .ofs_x = 2, .ofs_y = 0},
    {.bitmap_index = 670, .adv_w = 256, .box_w = 14, .box_h = 14, .ofs_x = 1, .ofs_y = -1},
    {.bitmap_index = 753, .adv_w = 256, .box_w = 12, .box_h = 15, .ofs_x = 2, .ofs_y = -2},
    {.bitmap_index = 806, .adv_w = 256, .box_w = 16, .box_h = 16, .ofs_x = 0, .ofs_y = -2},
    {.bitmap_index = 915, .adv_w = 256, .box_w = 9, .box_h = 14, .ofs_x = 3, .ofs_y = -1},
    {.bitmap_index = 974, .adv_w = 256, .box_w = 13, .box_h = 14, .ofs_x = 1, .ofs_y = -1},
    {.bitmap_index = 1052, .adv_w = 256, .box_w = 12, .box_h = 12, .ofs_x = 2, .ofs_y = 0},
    {.bitmap_index = 1119, .adv_w = 256, .box_w = 14, .box_h = 15, .ofs_x = 1, .ofs_y = -1},
    {.bitmap_index = 1209, .adv_w = 256, .box_w = 14, .box_h = 12, .ofs_x = 1, .ofs_y = 1},
    {.bitmap_index = 1263, .adv_w = 256, .box_w = 14, .box_h = 12, .ofs_x = 1, .ofs_y = 0},
    {.bitmap_index = 1321, .adv_w = 256, .box_w = 12, .box_h = 10, .ofs_x = 2, .ofs_y = 1},
    {.bitmap_index = 1363, .adv_w = 256, .box_w = 8, .box_h = 6, .ofs_x = 4, .ofs_y = 3},
    {.bitmap_index = 1385, .adv_w = 256, .box_w = 6, .box_h = 8, .ofs_x = 5, .ofs_y = 2},
    {.bitmap_index = 1406, .adv_w = 256, .box_w = 6, .box_h = 8, .ofs_x = 5, .ofs_y = 2},
    {.bitmap_index = 1427, .adv_w = 256, .box_w = 8, .box_h = 6, .ofs_x = 4, .ofs_y = 3},
    {.bitmap_index = 1450, .adv_w = 256, .box_w = 14, .box_h = 14, .ofs_x = 1, .ofs_y = -1},
    {.bitmap_index = 1536, .adv_w = 256, .box_w = 10, .box_h = 10, .ofs_x = 3, .ofs_y = 1},
    {.bitmap_index = 1581, .adv_w = 256, .box_w = 14, .box_h = 14, .ofs_x = 1, .ofs_y = -1},
    {.bitmap_index = 1669, .adv_w = 256, .box_w = 12, .box_h = 12, .ofs_x = 2, .ofs_y = 0},
    {.bitmap_index = 1724, .adv_w = 256, .box_w = 14, .box_h = 8, .ofs_x = 1, .ofs_y = 2},
    {.bitmap_index = 1768, .adv_w = 256, .box_w = 14, .box_h = 12, .ofs_x = 1, .ofs_y = 0},
    {.bitmap_index = 1824, .adv_w = 256, .box_w = 13, .box_h = 16, .ofs_x = 1, .ofs_y = -2},
    {.bitmap_index = 1870, .adv_w = 256, .box_w = 16, .box_h = 16, .ofs_x = 0, .ofs_y = -2},
    {.bitmap_index = 1975, .adv_w = 256, .box_w = 12, .box_h = 14, .ofs_x = 2, .ofs_y = -1},
    {.bitmap_index = 2048, .adv_w = 256, .box_w = 10, .box_h = 12, .ofs_x = 3, .ofs_y = 0},
    {.bitmap_index = 2071, .adv_w = 256, .box_w = 12, .box_h = 12, .ofs_x = 2, .ofs_y = 0},
    {.bitmap_index = 2137, .adv_w = 256, .box_w = 15, .box_h = 15, .ofs_x = 0, .ofs_y = -2},
    {.bitmap_index = 2219, .adv_w = 256, .box_w = 4, .box_h = 12, .ofs_x = 6, .ofs_y = 0},
    {.bitmap_index = 2244, .adv_w = 256, .box_w = 10, .box_h = 12, .ofs_x = 3, .ofs_y = 0},
    {.bitmap_index = 2282, .adv_w = 256, .box_w = 10, .box_h = 10, .ofs_x = 3, .ofs_y = 1},
    {.bitmap_index = 2317, .adv_w = 256, .box_w = 16, .box_h = 12, .ofs_x = 0, .ofs_y = 0},
    {.bitmap_index = 2385, .adv_w = 256, .box_w = 14, .box_h = 13, .ofs_x = 1, .ofs_y = -1},
    {.bitmap_index = 2431, .adv_w = 256, .box_w = 16, .box_h = 10, .ofs_x = 0, .ofs_y = 1},
    {.bitmap_index = 2504, .adv_w = 256, .box_w = 16, .box_h = 13, .ofs_x = 0, .ofs_y = -1},
    {.bitmap_index = 2596, .adv_w = 256, .box_w = 14, .box_h = 14, .ofs_x = 1, .ofs_y = -1},
    {.bitmap_index = 2677, .adv_w = 256, .box_w = 14, .box_h = 15, .ofs_x = 1, .ofs_y = -1},
    {.bitmap_index = 2743, .adv_w = 256, .box_w = 10, .box_h = 13, .ofs_x = 3, .ofs_y = -1},
    {.bitmap_index = 2804, .adv_w = 256, .box_w = 8, .box_h = 14, .ofs_x = 4, .ofs_y = -1},
    {.bitmap_index = 2844, .adv_w = 256, .box_w = 14, .box_h = 12, .ofs_x = 1, .ofs_y = 0},
    {.bitmap_index = 2875, .adv_w = 256, .box_w = 14, .box_h = 12, .ofs_x = 1, .ofs_y = 0},
    {.bitmap_index = 2908, .adv_w = 256, .box_w = 14, .box_h = 12, .ofs_x = 1, .ofs_y = 0},
    {.bitmap_index = 2964, .adv_w = 256, .box_w = 14, .box_h = 11, .ofs_x = 1, .ofs_y = 0},
    {.bitmap_index = 3012, .adv_w = 256, .box_w = 16, .box_h = 16, .ofs_x = -1, .ofs_y = -3},
    {.bitmap_index = 3119, .adv_w = 256, .box_w = 14, .box_h = 14, .ofs_x = 1, .ofs_y = -1},
    {.bitmap_index = 3206, .adv_w = 256, .box_w = 14, .box_h = 12, .ofs_x = 1, .ofs_y = 0},
    {.bitmap_index = 3258, .adv_w = 256, .box_w = 16, .box_h = 11, .ofs_x = 0, .ofs_y = 0},
    {.bitmap_index = 3316, .adv_w = 256, .box_w = 14, .box_h = 10, .ofs_x = 1, .ofs_y = 1},
    {.bitmap_index = 3360, .adv_w = 256, .box_w = 12, .box_h = 12, .ofs_x = 2, .ofs_y = 0},
    {.bitmap_index = 3411, .adv_w = 256, .box_w = 14, .box_h = 14, .ofs_x = 1, .ofs_y = -1},
    {.bitmap_index = 3485, .adv_w = 256, .box_w = 14, .box_h = 14, .ofs_x = 1, .ofs_y = -1},
    {.bitmap_index = 3572, .adv_w = 256, .box_w = 14, .box_h = 10, .ofs_x = 1, .ofs_y = 1},
    {.bitmap_index = 3626, .adv_w = 256, .box_w = 14, .box_h = 14, .ofs_x = 1, .ofs_y = -2},
    {.bitmap_index = 3699, .adv_w = 256, .box_w = 13, .box_h = 9, .ofs_x = 1, .ofs_y = 1},
    {.bitmap_index = 3740, .adv_w = 256, .box_w = 14, .box_h = 14, .ofs_x = 1, .ofs_y = -1},
    {.bitmap_index = 3823, .adv_w = 256, .box_w = 12, .box_h = 14, .ofs_x = 2, .ofs_y = -1},
    {.bitmap_index = 3892, .adv_w = 256, .box_w = 14, .box_h = 13, .ofs_x = 1, .ofs_y = -1},
    {.bitmap_index = 3969, .adv_w = 256, .box_w = 10, .box_h = 14, .ofs_x = 3, .ofs_y = -1},
    {.bitmap_index = 4022, .adv_w = 256, .box_w = 10, .box_h = 14, .ofs_x = 3, .ofs_y = -1},
    {.bitmap_index = 4084, .adv_w = 256, .box_w = 14, .box_h = 14, .ofs_x = 1, .ofs_y = -1},
    {.bitmap_index = 4165, .adv_w = 256, .box_w = 12, .box_h = 15, .ofs_x = 2, .ofs_y = -1},
    {.bitmap_index = 4229, .adv_w = 256, .box_w = 12, .box_h = 14, .ofs_x = 2, .ofs_y = -1},
    {.bitmap_index = 4291, .adv_w = 256, .box_w = 12, .box_h = 12, .ofs_x = 2, .ofs_y = 0},
    {.bitmap_index = 4352, .adv_w = 256, .box_w = 14, .box_h = 14, .ofs_x = 1, .ofs_y = -1},
    {.bitmap_index = 4406, .adv_w = 256, .box_w = 10, .box_h = 2, .ofs_x = 3, .ofs_y = 5},
    {.bitmap_index = 4412, .adv_w = 256, .box_w = 16, .box_h = 16, .ofs_x = 0, .ofs_y = -2},
    {.bitmap_index = 4512, .adv_w = 256, .box_w = 16, .box_h = 14, .ofs_x = 0, .ofs_y = -1},
    {.bitmap_index = 4606, .adv_w = 256, .box_w = 12, .box_h = 12, .ofs_x = 2, .ofs_y = 0},
    {.bitmap_index = 4667, .adv_w = 256, .box_w = 8, .box_h = 10, .ofs_x = 4, .ofs_y = 1},
    {.bitmap_index = 4684, .adv_w = 256, .box_w = 12, .box_h = 12, .ofs_x = 2, .ofs_y = 0},
    {.bitmap_index = 4743, .adv_w = 256, .box_w = 8, .box_h = 10, .ofs_x = 5, .ofs_y = 1},
    {.bitmap_index = 4773, .adv_w = 256, .box_w = 14, .box_h = 14, .ofs_x = 1, .ofs_y = -1},
    {.bitmap_index = 4850, .adv_w = 256, .box_w = 10, .box_h = 10, .ofs_x = 3, .ofs_y = 1},
    {.bitmap_index = 4878, .adv_w = 256, .box_w = 11, .box_h = 12, .ofs_x = 2, .ofs_y = 0},
    {.bitmap_index = 4936, .adv_w = 256, .box_w = 12, .box_h = 10, .ofs_x = 2, .ofs_y = 1},
    {.bitmap_index = 4984, .adv_w = 256, .box_w = 14, .box_h = 12, .ofs_x = 1, .ofs_y = 0},
    {.bitmap_index = 5038, .adv_w = 256, .box_w = 14, .box_h = 14, .ofs_x = 1, .ofs_y = -1},
    {.bitmap_index = 5114, .adv_w = 256, .box_w = 16, .box_h = 16, .ofs_x = 0, .ofs_y = -2},
    {.bitmap_index = 5229, .adv_w = 256, .box_w = 14, .box_h = 14, .ofs_x = 1, .ofs_y = -1},
    {.bitmap_index = 5316, .adv_w = 256, .box_w = 14, .box_h = 7, .ofs_x = 1, .ofs_y = 3},
    {.bitmap_index = 5356, .adv_w = 256, .box_w = 12, .box_h = 12, .ofs_x = 2, .ofs_y = 0},
    {.bitmap_index = 5420, .adv_w = 256, .box_w = 12, .box_h = 14, .ofs_x = 2, .ofs_y = 0},
    {.bitmap_index = 5488, .adv_w = 256, .box_w = 12, .box_h = 14, .ofs_x = 2, .ofs_y = 0},
    {.bitmap_index = 5556, .adv_w = 256, .box_w = 12, .box_h = 13, .ofs_x = 2, .ofs_y = 0},
    {.bitmap_index = 5612, .adv_w = 256, .box_w = 16, .box_h = 16, .ofs_x = 0, .ofs_y = -2},
    {.bitmap_index = 5693, .adv_w = 256, .box_w = 12, .box_h = 14, .ofs_x = 2, .ofs_y = -1},
    {.bitmap_index = 5732, .adv_w = 256, .box_w = 15, .box_h = 12, .ofs_x = 1, .ofs_y = 0},
    {.bitmap_index = 5797, .adv_w = 256, .box_w = 14, .box_h = 14, .ofs_x = 1, .ofs_y = -1},
    {.bitmap_index = 5885, .adv_w = 256, .box_w = 16, .box_h = 12, .ofs_x = 0, .ofs_y = 0},
    {.bitmap_index = 5955, .adv_w = 256, .box_w = 14, .box_h = 12, .ofs_x = 1, .ofs_y = 0},
    {.bitmap_index = 6036, .adv_w = 256, .box_w = 14, .box_h = 13, .ofs_x = 1, .ofs_y = 0},
    {.bitmap_index = 6104, .adv_w = 256, .box_w = 8, .box_h = 8, .ofs_x = 4, .ofs_y = 2},
    {.bitmap_index = 6109, .adv_w = 256, .box_w = 10, .box_h = 12, .ofs_x = 3, .ofs_y = 0},
    {.bitmap_index = 6151, .adv_w = 256, .box_w = 12, .box_h = 16, .ofs_x = 2, .ofs_y = -2},
    {.bitmap_index = 6224, .adv_w = 256, .box_w = 14, .box_h = 14, .ofs_x = 1, .ofs_y = -1},
    {.bitmap_index = 6308, .adv_w = 256, .box_w = 8, .box_h = 14, .ofs_x = 4, .ofs_y = -1},
    {.bitmap_index = 6348, .adv_w = 256, .box_w = 13, .box_h = 14, .ofs_x = 1, .ofs_y = -1},
    {.bitmap_index = 6429, .adv_w = 256, .box_w = 8, .box_h = 14, .ofs_x = 4, .ofs_y = -1},
    {.bitmap_index = 6478, .adv_w = 256, .box_w = 14, .box_h = 7, .ofs_x = 1, .ofs_y = 3},
    {.bitmap_index = 6519, .adv_w = 256, .box_w = 10, .box_h = 15, .ofs_x = 3, .ofs_y = -1},
    {.bitmap_index = 6578, .adv_w = 256, .box_w = 16, .box_h = 12, .ofs_x = 0, .ofs_y = 0},
    {.bitmap_index = 6639, .adv_w = 256, .box_w = 12, .box_h = 8, .ofs_x = 2, .ofs_y = 2},
    {.bitmap_index = 6664, .adv_w = 256, .box_w = 13, .box_h = 13, .ofs_x = 1, .ofs_y = 0},
    {.bitmap_index = 6722, .adv_w = 256, .box_w = 12, .box_h = 12, .ofs_x = 2, .ofs_y = 0},
    {.bitmap_index = 6748, .adv_w = 256, .box_w = 12, .box_h = 12, .ofs_x = 2, .ofs_y = 0},
    {.bitmap_index = 6770, .adv_w = 256, .box_w = 13, .box_h = 10, .ofs_x = 2, .ofs_y = 1},
    {.bitmap_index = 6813, .adv_w = 256, .box_w = 12, .box_h = 12, .ofs_x = 2, .ofs_y = 0},
    {.bitmap_index = 6868, .adv_w = 256, .box_w = 10, .box_h = 12, .ofs_x = 3, .ofs_y = 0},
    {.bitmap_index = 6907, .adv_w = 256, .box_w = 12, .box_h = 12, .ofs_x = 2, .ofs_y = 0},
    {.bitmap_index = 6973, .adv_w = 256, .box_w = 8, .box_h = 12, .ofs_x = 4, .ofs_y = 0},
    {.bitmap_index = 7012, .adv_w = 256, .box_w = 14, .box_h = 12, .ofs_x = 1, .ofs_y = 0},
    {.bitmap_index = 7068, .adv_w = 256, .box_w = 16, .box_h = 12, .ofs_x = 0, .ofs_y = 0},
    {.bitmap_index = 7150, .adv_w = 256, .box_w = 16, .box_h = 12, .ofs_x = 0, .ofs_y = 0},
    {.bitmap_index = 7234, .adv_w = 256, .box_w = 16, .box_h = 14, .ofs_x = 0, .ofs_y = -1},
    {.bitmap_index = 7324, .adv_w = 256, .box_w = 14, .box_h = 14, .ofs_x = 1, .ofs_y = -1},
    {.bitmap_index = 7376, .adv_w = 256, .box_w = 16, .box_h = 14, .ofs_x = 0, .ofs_y = -1},
    {.bitmap_index = 7440, .adv_w = 256, .box_w = 14, .box_h = 14, .ofs_x = 1, .ofs_y = -1},
    {.bitmap_index = 7531, .adv_w = 256, .box_w = 14, .box_h = 14, .ofs_x = 1, .ofs_y = -1},
    {.bitmap_index = 7624, .adv_w = 256, .box_w = 12, .box_h = 14, .ofs_x = 2, .ofs_y = -1},
    {.bitmap_index = 7694, .adv_w = 256, .box_w = 12, .box_h = 13, .ofs_x = 2, .ofs_y = -1},
    {.bitmap_index = 7758, .adv_w = 256, .box_w = 14, .box_h = 16, .ofs_x = 1, .ofs_y = -2},
    {.bitmap_index = 7830, .adv_w = 256, .box_w = 14, .box_h = 12, .ofs_x = 1, .ofs_y = 0},
    {.bitmap_index = 7886, .adv_w = 256, .box_w = 8, .box_h = 12, .ofs_x = 4, .ofs_y = 0},
    {.bitmap_index = 7918, .adv_w = 256, .box_w = 15, .box_h = 15, .ofs_x = 0, .ofs_y = -2},
    {.bitmap_index = 7999, .adv_w = 256, .box_w = 16, .box_h = 14, .ofs_x = 0, .ofs_y = -1},
    {.bitmap_index = 8087, .adv_w = 256, .box_w = 13, .box_h = 14, .ofs_x = 1, .ofs_y = -1},
    {.bitmap_index = 8169, .adv_w = 256, .box_w = 16, .box_h = 8, .ofs_x = 0, .ofs_y = 2},
    {.bitmap_index = 8228, .adv_w = 256, .box_w = 16, .box_h = 16, .ofs_x = 0, .ofs_y = -2},
    {.bitmap_index = 8320, .adv_w = 256, .box_w = 12, .box_h = 14, .ofs_x = 2, .ofs_y = 0},
    {.bitmap_index = 8391, .adv_w = 256, .box_w = 13, .box_h = 14, .ofs_x = 1, .ofs_y = -1},
    {.bitmap_index = 8470, .adv_w = 256, .box_w = 12, .box_h = 12, .ofs_x = 2, .ofs_y = 0},
    {.bitmap_index = 8507, .adv_w = 256, .box_w = 12, .box_h = 12, .ofs_x = 2, .ofs_y = 0},
    {.bitmap_index = 8545, .adv_w = 256, .box_w = 12, .box_h = 12, .ofs_x = 2, .ofs_y = 0},
    {.bitmap_index = 8583, .adv_w = 256, .box_w = 12, .box_h = 12, .ofs_x = 2, .ofs_y = 0},
    {.bitmap_index = 8618, .adv_w = 256, .box_w = 14, .box_h = 14, .ofs_x = 1, .ofs_y = -1},
    {.bitmap_index = 8707, .adv_w = 256, .box_w = 14, .box_h = 14, .ofs_x = 1, .ofs_y = -1},
    {.bitmap_index = 8756, .adv_w = 256, .box_w = 15, .box_h = 12, .ofs_x = 1, .ofs_y = 0},
    {.bitmap_index = 8813, .adv_w = 256, .box_w = 14, .box_h = 14, .ofs_x = 1, .ofs_y = -1},
    {.bitmap_index = 8865, .adv_w = 256, .box_w = 14, .box_h = 14, .ofs_x = 1, .ofs_y = -1},
    {.bitmap_index = 8916, .adv_w = 256, .box_w = 14, .box_h = 14, .ofs_x = 1, .ofs_y = -1},
    {.bitmap_index = 8970, .adv_w = 256, .box_w = 14, .box_h = 14, .ofs_x = 1, .ofs_y = -1},
    {.bitmap_index = 9023, .adv_w = 256, .box_w = 14, .box_h = 14, .ofs_x = 1, .ofs_y = -1},
    {.bitmap_index = 9095, .adv_w = 256, .box_w = 14, .box_h = 14, .ofs_x = 1, .ofs_y = -1},
    {.bitmap_index = 9174, .adv_w = 256, .box_w = 14, .box_h = 14, .ofs_x = 1, .ofs_y = -1},
    {.bitmap_index = 9230, .adv_w = 256, .box_w = 14, .box_h = 14, .ofs_x = 1, .ofs_y = -1},
    {.bitmap_index = 9315, .adv_w = 256, .box_w = 14, .box_h = 12, .ofs_x = 1, .ofs_y = 0},
    {.bitmap_index = 9373, .adv_w = 256, .box_w = 14, .box_h = 14, .ofs_x = 1, .ofs_y = -1},
    {.bitmap_index = 9460, .adv_w = 256, .box_w = 12, .box_h = 12, .ofs_x = 2, .ofs_y = 0},
    {.bitmap_index = 9523, .adv_w = 256, .box_w = 12, .box_h = 12, .ofs_x = 2, .ofs_y = 0},
    {.bitmap_index = 9584, .adv_w = 256, .box_w = 2, .box_h = 12, .ofs_x = 7, .ofs_y = 0},
    {.bitmap_index = 9589, .adv_w = 256, .box_w = 14, .box_h = 14, .ofs_x = 1, .ofs_y = -1},
    {.bitmap_index = 9673, .adv_w = 256, .box_w = 13, .box_h = 13, .ofs_x = 1, .ofs_y = -1},
    {.bitmap_index = 9741, .adv_w = 256, .box_w = 13, .box_h = 12, .ofs_x = 1, .ofs_y = 0},
    {.bitmap_index = 9809, .adv_w = 256, .box_w = 16, .box_h = 13, .ofs_x = 0, .ofs_y = -1},
    {.bitmap_index = 9891, .adv_w = 256, .box_w = 16, .box_h = 13, .ofs_x = 0, .ofs_y = -1},
    {.bitmap_index = 9979, .adv_w = 256, .box_w = 16, .box_h = 13, .ofs_x = 0, .ofs_y = -1},
    {.bitmap_index = 10068, .adv_w = 256, .box_w = 16, .box_h = 13, .ofs_x = 0, .ofs_y = -1},
    {.bitmap_index = 10152, .adv_w = 256, .box_w = 16, .box_h = 13, .ofs_x = 0, .ofs_y = -1},
    {.bitmap_index = 10244, .adv_w = 256, .box_w = 16, .box_h = 13, .ofs_x = 0, .ofs_y = -1},
    {.bitmap_index = 10326, .adv_w = 256, .box_w = 16, .box_h = 13, .ofs_x = 0, .ofs_y = -1},
    {.bitmap_index = 10417, .adv_w = 256, .box_w = 16, .box_h = 13, .ofs_x = 0, .ofs_y = -1},
    {.bitmap_index = 10488, .adv_w = 256, .box_w = 16, .box_h = 13, .ofs_x = 0, .ofs_y = -1},
    {.bitmap_index = 10570, .adv_w = 256, .box_w = 14, .box_h = 14, .ofs_x = 1, .ofs_y = -1},
    {.bitmap_index = 10639, .adv_w = 256, .box_w = 14, .box_h = 12, .ofs_x = 1, .ofs_y = 0},
    {.bitmap_index = 10702, .adv_w = 256, .box_w = 14, .box_h = 14, .ofs_x = 1, .ofs_y = -1},
    {.bitmap_index = 10785, .adv_w = 256, .box_w = 14, .box_h = 12, .ofs_x = 1, .ofs_y = 0},
    {.bitmap_index = 10851, .adv_w = 256, .box_w = 16, .box_h = 14, .ofs_x = 0, .ofs_y = -1},
    {.bitmap_index = 10935, .adv_w = 256, .box_w = 14, .box_h = 14, .ofs_x = 1, .ofs_y = -1},
    {.bitmap_index = 11019, .adv_w = 256, .box_w = 12, .box_h = 12, .ofs_x = 2, .ofs_y = 0},
    {.bitmap_index = 11060, .adv_w = 256, .box_w = 16, .box_h = 12, .ofs_x = 0, .ofs_y = 0},
    {.bitmap_index = 11138, .adv_w = 256, .box_w = 14, .box_h = 14, .ofs_x = 1, .ofs_y = -1},
    {.bitmap_index = 11205, .adv_w = 256, .box_w = 14, .box_h = 14, .ofs_x = 1, .ofs_y = -1},
    {.bitmap_index = 11286, .adv_w = 256, .box_w = 14, .box_h = 14, .ofs_x = 1, .ofs_y = -1},
    {.bitmap_index = 11370, .adv_w = 256, .box_w = 14, .box_h = 10, .ofs_x = 1, .ofs_y = 1},
    {.bitmap_index = 11434, .adv_w = 256, .box_w = 15, .box_h = 14, .ofs_x = 0, .ofs_y = -1},
    {.bitmap_index = 11494, .adv_w = 256, .box_w = 15, .box_h = 13, .ofs_x = 0, .ofs_y = -1},
    {.bitmap_index = 11541, .adv_w = 256, .box_w = 15, .box_h = 13, .ofs_x = 0, .ofs_y = -1},
    {.bitmap_index = 11587, .adv_w = 256, .box_w = 15, .box_h = 13, .ofs_x = 0, .ofs_y = 0},
    {.bitmap_index = 11638, .adv_w = 256, .box_w = 15, .box_h = 15, .ofs_x = 1, .ofs_y = -1},
    {.bitmap_index = 11730, .adv_w = 256, .box_w = 14, .box_h = 14, .ofs_x = 1, .ofs_y = -1},
    {.bitmap_index = 11794, .adv_w = 256, .box_w = 14, .box_h = 14, .ofs_x = 1, .ofs_y = -1},
    {.bitmap_index = 11866, .adv_w = 256, .box_w = 14, .box_h = 11, .ofs_x = 1, .ofs_y = 0},
    {.bitmap_index = 11925, .adv_w = 256, .box_w = 13, .box_h = 14, .ofs_x = 1, .ofs_y = -1},
    {.bitmap_index = 12001, .adv_w = 256, .box_w = 12, .box_h = 14, .ofs_x = 1, .ofs_y = -1},
    {.bitmap_index = 12055, .adv_w = 256, .box_w = 16, .box_h = 8, .ofs_x = 0, .ofs_y = 2},
    {.bitmap_index = 12105, .adv_w = 256, .box_w = 8, .box_h = 16, .ofs_x = 4, .ofs_y = -2},
    {.bitmap_index = 12152, .adv_w = 256, .box_w = 16, .box_h = 7, .ofs_x = 0, .ofs_y = 4},
    {.bitmap_index = 12195, .adv_w = 256, .box_w = 16, .box_h = 18, .ofs_x = 0, .ofs_y = -3},
    {.bitmap_index = 12296, .adv_w = 256, .box_w = 8, .box_h = 10, .ofs_x = 4, .ofs_y = 1},
    {.bitmap_index = 12327, .adv_w = 256, .box_w = 14, .box_h = 13, .ofs_x = 1, .ofs_y = -1},
    {.bitmap_index = 12387, .adv_w = 256, .box_w = 14, .box_h = 14, .ofs_x = 1, .ofs_y = 0},
    {.bitmap_index = 12473, .adv_w = 256, .box_w = 14, .box_h = 12, .ofs_x = 1, .ofs_y = 0},
    {.bitmap_index = 12553, .adv_w = 256, .box_w = 14, .box_h = 12, .ofs_x = 1, .ofs_y = 0},
    {.bitmap_index = 12618, .adv_w = 256, .box_w = 14, .box_h = 14, .ofs_x = 1, .ofs_y = -1},
    {.bitmap_index = 12690, .adv_w = 256, .box_w = 15, .box_h = 15, .ofs_x = 1, .ofs_y = -1},
    {.bitmap_index = 12760, .adv_w = 256, .box_w = 14, .box_h = 12, .ofs_x = 1, .ofs_y = 0},
    {.bitmap_index = 12816, .adv_w = 256, .box_w = 14, .box_h = 14, .ofs_x = 1, .ofs_y = -1},
    {.bitmap_index = 12893, .adv_w = 256, .box_w = 14, .box_h = 14, .ofs_x = 1, .ofs_y = -1},
    {.bitmap_index = 12970, .adv_w = 256, .box_w = 14, .box_h = 14, .ofs_x = 1, .ofs_y = -1},
    {.bitmap_index = 13055, .adv_w = 256, .box_w = 15, .box_h = 14, .ofs_x = 1, .ofs_y = -1},
    {.bitmap_index = 13123, .adv_w = 256, .box_w = 12, .box_h = 12, .ofs_x = 2, .ofs_y = 0},
    {.bitmap_index = 13160, .adv_w = 256, .box_w = 14, .box_h = 14, .ofs_x = 1, .ofs_y = -1},
    {.bitmap_index = 13239, .adv_w = 256, .box_w = 13, .box_h = 12, .ofs_x = 2, .ofs_y = 0},
    {.bitmap_index = 13277, .adv_w = 256, .box_w = 14, .box_h = 14, .ofs_x = 1, .ofs_y = -1},
    {.bitmap_index = 13364, .adv_w = 256, .box_w = 8, .box_h = 12, .ofs_x = 4, .ofs_y = 0},
    {.bitmap_index = 13401, .adv_w = 256, .box_w = 14, .box_h = 14, .ofs_x = 1, .ofs_y = -1},
    {.bitmap_index = 13476, .adv_w = 256, .box_w = 14, .box_h = 6, .ofs_x = 1, .ofs_y = 3},
    {.bitmap_index = 13510, .adv_w = 256, .box_w = 14, .box_h = 14, .ofs_x = 1, .ofs_y = -1},
    {.bitmap_index = 13593, .adv_w = 256, .box_w = 15, .box_h = 15, .ofs_x = 0, .ofs_y = -1},
    {.bitmap_index = 13672, .adv_w = 256, .box_w = 14, .box_h = 12, .ofs_x = 1, .ofs_y = 0},
    {.bitmap_index = 13737, .adv_w = 256, .box_w = 12, .box_h = 14, .ofs_x = 2, .ofs_y = -1},
    {.bitmap_index = 13803, .adv_w = 256, .box_w = 10, .box_h = 14, .ofs_x = 3, .ofs_y = -1},
    {.bitmap_index = 13835, .adv_w = 256, .box_w = 15, .box_h = 12, .ofs_x = 0, .ofs_y = 0},
    {.bitmap_index = 13914, .adv_w = 256, .box_w = 16, .box_h = 13, .ofs_x = 0, .ofs_y = -1},
    {.bitmap_index = 14005, .adv_w = 256, .box_w = 16, .box_h = 13, .ofs_x = 0, .ofs_y = -1},
    {.bitmap_index = 14097, .adv_w = 256, .box_w = 13, .box_h = 12, .ofs_x = 2, .ofs_y = 0},
    {.bitmap_index = 14150, .adv_w = 256, .box_w = 15, .box_h = 14, .ofs_x = 1, .ofs_y = -1},
    {.bitmap_index = 14215, .adv_w = 256, .box_w = 14, .box_h = 13, .ofs_x = 1, .ofs_y = -1},
    {.bitmap_index = 14272, .adv_w = 256, .box_w = 14, .box_h = 13, .ofs_x = 1, .ofs_y = -1},
    {.bitmap_index = 14326, .adv_w = 256, .box_w = 12, .box_h = 12, .ofs_x = 2, .ofs_y = 0},
    {.bitmap_index = 14399, .adv_w = 256, .box_w = 16, .box_h = 16, .ofs_x = 0, .ofs_y = -2},
    {.bitmap_index = 14497, .adv_w = 256, .box_w = 16, .box_h = 16, .ofs_x = 0, .ofs_y = -2},
    {.bitmap_index = 14595, .adv_w = 256, .box_w = 16, .box_h = 16, .ofs_x = 0, .ofs_y = -2},
    {.bitmap_index = 14688, .adv_w = 256, .box_w = 16, .box_h = 16, .ofs_x = 0, .ofs_y = -2},
    {.bitmap_index = 14785, .adv_w = 256, .box_w = 16, .box_h = 16, .ofs_x = 0, .ofs_y = -2},
    {.bitmap_index = 14882, .adv_w = 256, .box_w = 16, .box_h = 16, .ofs_x = 0, .ofs_y = -2},
    {.bitmap_index = 14976, .adv_w = 256, .box_w = 16, .box_h = 16, .ofs_x = 0, .ofs_y = -2},
    {.bitmap_index = 15071, .adv_w = 256, .box_w = 16, .box_h = 16, .ofs_x = 0, .ofs_y = -2},
    {.bitmap_index = 15167, .adv_w = 256, .box_w = 16, .box_h = 16, .ofs_x = 0, .ofs_y = -2},
    {.bitmap_index = 15258, .adv_w = 256, .box_w = 14, .box_h = 14, .ofs_x = 1, .ofs_y = -1},
    {.bitmap_index = 15326, .adv_w = 256, .box_w = 16, .box_h = 3, .ofs_x = 0, .ofs_y = 1},
    {.bitmap_index = 15343, .adv_w = 256, .box_w = 16, .box_h = 14, .ofs_x = 0, .ofs_y = -1}
};

/*---------------------
 *  CHARACTER MAPPING
 *--------------------*/

static const uint16_t unicode_list_0[] = {
    0x0, 0x2, 0x3, 0x1c, 0x1d, 0x1f, 0x26, 0x27,
    0x28, 0x2e, 0x35, 0x36, 0x37, 0x39, 0x74, 0x87,
    0x89, 0x8b, 0xbe, 0xe3, 0xf7, 0x104, 0x106, 0x11a,
    0x11b, 0x11c, 0x11d, 0x12a, 0x130, 0x133, 0x143, 0x14e,
    0x167, 0x169, 0x17e, 0x181, 0x18e, 0x196, 0x198, 0x1b3,
    0x1b4, 0x1c4, 0x1d4, 0x1da, 0x1e2, 0x1e3, 0x1ea, 0x209,
    0x212, 0x21b, 0x225, 0x230, 0x233, 0x253, 0x29c, 0x2b1,
    0x2b6, 0x2bd, 0x2c5, 0x2c8, 0x2d6, 0x2d7, 0x2e6, 0x2e9,
    0x2eb, 0x2f1, 0x302, 0x304, 0x30f, 0x310, 0x313, 0x318,
    0x321, 0x323, 0x343, 0x34e, 0x3a2, 0x3b0, 0x3b2, 0x3be,
    0x3c5, 0x3e4, 0x3e6, 0x3ef, 0x3ff, 0x401, 0x404, 0x405,
    0x40d, 0x412, 0x428, 0x42a, 0x43f, 0x441, 0x443, 0x447,
    0x453, 0x464, 0x46d, 0x48c, 0x49f, 0x4a8, 0x4b5, 0x4bc,
    0x4c0, 0x4d8, 0x4e9, 0x4ea, 0x4f9, 0x526, 0x52d, 0x540,
    0x541, 0x542, 0x548, 0x54a, 0x54c, 0x558, 0x55a, 0x55b,
    0x566, 0x57b, 0x583, 0x584, 0x5a4, 0x5b2, 0x5b4, 0x5bb,
    0x5ff, 0x606, 0x608, 0x60c, 0x610, 0x67f, 0x680, 0x683,
    0x68a, 0x6be, 0x6c2, 0x6e3, 0x6f1, 0x708, 0x70b, 0x70e,
    0x711, 0x714, 0x732, 0x74a, 0x76c, 0x76f, 0x770, 0x773,
    0x7b0, 0x7c1, 0x7c2, 0x7c3, 0x7ce, 0x7f7, 0x8db, 0x8dc,
    0x8dd, 0x8df, 0x8e0, 0x8e1, 0x8f9, 0x8fa, 0x8fb, 0x8fc,
    0x8fe, 0x8ff, 0x901, 0x902, 0x904, 0x914, 0x935, 0x970,
    0x987, 0xa20, 0xa40, 0xa54, 0xb36, 0xb9c, 0xbc6, 0xcbb,
    0xd15, 0xd23, 0xd26, 0xd2b, 0xd2f, 0xd6b, 0xdde, 0xddf,
    0xdf8, 0xe29, 0xe35, 0xe4d, 0xe53, 0xe79, 0xea1, 0xef5,
    0xf2e, 0xf5f, 0xf60, 0xf76, 0xf8d, 0xfa0, 0x108f, 0x10e1,
    0x10e2, 0x10e3, 0x119a, 0x124e, 0x1250, 0x1267, 0x12fd, 0x13ff,
    0x1457, 0x14cb, 0x14d9, 0x150b, 0x151c, 0x151d, 0x15c8, 0x168f,
    0x1697, 0x1699, 0x1799, 0x1892, 0x19ca, 0x19cd, 0x1a1f, 0x1a28,
    0x1a29, 0x1a2a, 0x1a2b, 0x1a2c, 0x1a2d, 0x1a2e, 0x1a2f, 0x1a30,
    0x1b05, 0x1b0f, 0x1c15
};

/*Collect the unicode lists and glyph_id offsets*/
static const lv_font_fmt_txt_cmap_t cmaps[] =
{
    {
        .range_start = 983078, .range_length = 7190, .glyph_id_start = 1,
        .unicode_list = unicode_list_0, .glyph_id_ofs_list = NULL, .list_length = 243, .type = LV_FONT_FMT_TXT_CMAP_SPARSE_TINY
    }
};



/*--------------------
 *  ALL CUSTOM DATA
 *--------------------*/

#if LVGL_VERSION_MAJOR == 8
/*Store all the custom data of the font*/
static  lv_font_fmt_txt_glyph_cache_t cache;
#endif

#if LVGL_VERSION_MAJOR >= 8
static const lv_font_fmt_txt_dsc_t font_dsc = {
#else
static lv_font_fmt_txt_dsc_t font_dsc = {
#endif
    .glyph_bitmap = glyph_bitmap,
    .glyph_dsc = glyph_dsc,
    .cmaps = cmaps,
    .kern_dsc = NULL,
    .kern_scale = 0,
    .cmap_num = 1,
    .bpp = 4,
    .kern_classes = 0,
    .bitmap_format = 1,
#if LVGL_VERSION_MAJOR == 8
    .cache = &cache
#endif
};



/*-----------------
 *  PUBLIC FONT
 *----------------*/

/*Initialize a public general font descriptor*/
#if LVGL_VERSION_MAJOR >= 8
lv_font_t mdi_icons_16 = {
#else
lv_font_t mdi_icons_16 = {
#endif
    .get_glyph_dsc = lv_font_get_glyph_dsc_fmt_txt,    /*Function pointer to get glyph's data*/
    .get_glyph_bitmap = lv_font_get_bitmap_fmt_txt,    /*Function pointer to get glyph's bitmap*/
    .line_height = 18,          /*The maximum line height required by the font*/
    .base_line = 3,             /*Baseline measured from the bottom of the line*/
#if !(LVGL_VERSION_MAJOR == 6 && LVGL_VERSION_MINOR == 0)
    .subpx = LV_FONT_SUBPX_NONE,
#endif
#if LV_VERSION_CHECK(7, 4, 0) || LVGL_VERSION_MAJOR >= 8
    .underline_position = 0,
    .underline_thickness = 0,
#endif
    .dsc = &font_dsc,          /*The custom font data. Will be accessed by `get_glyph_bitmap/dsc` */
#if LV_VERSION_CHECK(8, 2, 0) || LVGL_VERSION_MAJOR >= 9
    .fallback = NULL,
#endif
    .user_data = NULL,
};



#endif /*#if MDI_ICONS_16*/

