/*******************************************************************************
 * Size: 48 px
 * Bpp: 4
 * Opts: --font assets/fonts/materialdesignicons-webfont.ttf --size 48 --bpp 4 --format lvgl --range 0xF0026,0xF0028,0xF0029,0xF05D8,0xF093A,0xF009A,0xF00AD,0xF00E4,0xF00AF,0xF00B1,0xF0B5C,0xF05DA,0xF0625,0xF0109,0xF011D,0xF012A,0xF012C,0xF0E1E,0xF0140,0xF0141,0xF0142,0xF0143,0xF0150,0xF0156,0xF0159,0xF0169,0xF0174,0xF018D,0xF018F,0xF01A4,0xF01B4,0xF01BC,0xF01D9,0xF01DA,0xF01EA,0xF0E9F,0xF01FA,0xF0200,0xF0208,0xF0209,0xF0210,0xF0238,0xF0241,0xF024B,0xF0256,0xF0259,0xF0279,0xF02D7,0xF02DC,0xF02E3,0xF02FC,0xF02FD,0xF0317,0xF0328,0xF0335,0xF0339,0xF033E,0xF0FC6,0xF0349,0xF1276,0xF0347,0xF0369,0xF0374,0xF0F1B,0xF0415,0xF046D,0xF03D6,0xF03D8,0xF03E4,0xF03EB,0xF040A,0xF040C,0xF0425,0xF042A,0xF042B,0xF0433,0xF032A,0xF0438,0xF044E,0xF0450,0xF0465,0xF0467,0xF0469,0xF06A9,0xF0479,0xF048A,0xF0493,0xF04B2,0xF04C5,0xF04DB,0xF14F1,0xF04E2,0xF06E4,0xF04E6,0xF03C8,0xF050F,0xF0510,0xF054C,0xF0E04,0xF0E05,0xF0F54,0xF1531,0xF1B2B,0xF0566,0xF0567,0xF0568,0xF056E,0xF0570,0xF0572,0xF057E,0xF0580,0xF0581,0xF058C,0xF05A1,0xF05A9,0xF05AA,0xF05CA,0xF0553,0xF05E1,0xF062C,0xF09AD,0xF062E,0xF06A5,0xF06B0,0xF0709,0xF0717,0xF072E,0xF0731,0xF0734,0xF0737,0xF17BF,0xF073A,0xF0758,0xF02C2,0xF0770,0xF0792,0xF0CE1,0xF0901,0xF0902,0xF0903,0xF0906,0xF0907,0xF0427,0xF0905,0xF0FB3,0xF1107,0xF07E7,0xF1108,0xF14FF,0xF1109,0xF07E8,0xF07E9,0xF06A6,0xF1425,0xF1C3B,0xF0796,0xF0795,0xF0799,0xF081D,0xF1542,0xF1543,0xF091F,0xF0920,0xF0921,0xF0922,0xF0924,0xF0925,0xF0927,0xF0928,0xF092A,0xF095B,0xF0996,0xF022F,0xF0A46,0xF0A66,0xF0A7A,0xF0BEC,0xF0BC2,0xF0D3B,0xF0D49,0xF07F4,0xF0D91,0xF0D4C,0xF0D51,0xF0D55,0xF0E4F,0xF19F0,0xF19F3,0xF10B5,0xF0336,0xF1A4E,0xF1A4F,0xF1A50,0xF1A51,0xF1A52,0xF1A53,0xF1A54,0xF1A55,0xF1A56,0xF06E8,0xF07D6,0xF0E5B,0xF11C0,0xF0EC7,0xF0F85,0xF0F86,0xF0F9C,0xF128D,0xF1323,0xF147D,0xF16B5,0xF16BD,0xF16BF,0xF18B8,0xF02EB,0xF02EE,0xF1274,0xF01A7,0xF04CE,0xF1A45,0xF15EE,0xF1B35,0xF01BE,0xF004C,0xF051F,0xF005D,0xF0045,0xF004D,0xF0054,0xF0042,0xF0043,0xF005B,0xF005C,0xF004E,0xF005F,0xF0E73,0xF0E79,0xF04FE,0xF030C,0xF030F,0xF0311,0xF0632,0xF0636 -o firmware/helixscreen-esp32/components/helixcore/fonts/mdi_icons_48.c
 ******************************************************************************/

#ifdef LV_LVGL_H_INCLUDE_SIMPLE
#include "lvgl.h"
#else
#include "lvgl/lvgl.h"
#endif

#ifndef MDI_ICONS_48
#define MDI_ICONS_48 1
#endif

#if MDI_ICONS_48

/*-----------------
 *    BITMAPS
 *----------------*/

/*Store the image of the glyphs*/
static LV_ATTRIBUTE_LARGE_CONST const uint8_t glyph_bitmap[] = {
    /* U+F0026 "󰀦" */
    0x0, 0xff, 0xe5, 0x22, 0x0, 0x3f, 0xfc, 0x13,
    0x20, 0xf, 0xfe, 0xfb, 0x11, 0x18, 0x3, 0xff,
    0xba, 0x30, 0x0, 0x81, 0x0, 0xff, 0xee, 0x40,
    0x80, 0x6, 0x0, 0x3f, 0xfb, 0x64, 0xc0, 0x19,
    0x88, 0x3, 0xff, 0xb5, 0xc0, 0x1e, 0xe0, 0xf,
    0xfe, 0xca, 0x98, 0x7, 0x8d, 0x40, 0x3f, 0xfb,
    0x16, 0x1, 0xfa, 0xc0, 0x3f, 0xfa, 0xee, 0x20,
    0x1f, 0x85, 0xc0, 0x3f, 0xfa, 0xa3, 0x0, 0x1f,
    0xe8, 0x10, 0xf, 0xfe, 0xa5, 0x80, 0x7f, 0xf0,
    0x2c, 0x3, 0xff, 0xa6, 0x6a, 0x1, 0xff, 0xc0,
    0x53, 0x0, 0xff, 0xe9, 0x78, 0x7, 0xff, 0xb,
    0xc0, 0x3f, 0xfa, 0x2c, 0x60, 0x1d, 0xff, 0x80,
    0x38, 0xd8, 0x3, 0xff, 0xa1, 0x0, 0x1f, 0xfc,
    0x48, 0x0, 0xff, 0xe7, 0xc0, 0x80, 0x7f, 0xf1,
    0x6, 0x0, 0x3f, 0xf9, 0xa4, 0xe0, 0x1f, 0xfc,
    0x67, 0x20, 0xf, 0xfe, 0x64, 0x80, 0x7f, 0xf2,
    0x24, 0x3, 0xff, 0x96, 0x88, 0x0, 0xff, 0xe4,
    0x22, 0x0, 0x3f, 0xf9, 0x52, 0x1, 0xff, 0xca,
    0x90, 0xf, 0xfe, 0x4b, 0x90, 0x7, 0xff, 0x28,
    0x9c, 0x3, 0xff, 0x8e, 0x30, 0x1, 0xff, 0xcc,
    0x81, 0x0, 0xff, 0xe3, 0x40, 0x7, 0xff, 0x3a,
    0x0, 0x3f, 0xf8, 0xa6, 0xc0, 0x1f, 0xf7, 0xfe,
    0x0, 0xff, 0x98, 0xc0, 0x3f, 0xf8, 0x9e, 0x1,
    0xff, 0xd0, 0xf0, 0xf, 0xfe, 0x1a, 0x98, 0x7,
    0xff, 0x40, 0xd4, 0x3, 0xff, 0x85, 0x60, 0x1f,
    0xfd, 0x2b, 0x0, 0xff, 0xe0, 0xc0, 0x80, 0x7f,
    0xf0, 0x7f, 0xf0, 0x7, 0xff, 0x4, 0x60, 0x3,
    0xfe, 0x27, 0x0, 0xff, 0xea, 0x39, 0x0, 0x7f,
    0xa0, 0x3, 0xff, 0xad, 0x0, 0x1f, 0xc8, 0xa0,
    0x1f, 0xfd, 0x65, 0x40, 0xf, 0xd2, 0x1, 0xff,
    0xc4, 0xff, 0xc0, 0x1f, 0xfc, 0x49, 0x0, 0xf9,
    0x88, 0x3, 0xff, 0xb0, 0x4c, 0x1, 0xc3, 0x0,
    0x1f, 0xfd, 0xa8, 0x10, 0xd, 0x2, 0x1, 0xff,
    0xda, 0x18, 0x0, 0x89, 0x80, 0x3f, 0xfb, 0x8c,
    0x40, 0x9, 0x0, 0xff, 0xef, 0x48, 0x0,

    /* U+F0028 "󰀨" */
    0x0, 0xff, 0xe1, 0x1b, 0xd6, 0x77, 0xfb, 0xb2,
    0x98, 0xc0, 0x3f, 0xf9, 0xa3, 0x1b, 0x90, 0xa6,
    0x20, 0x1, 0x35, 0x9c, 0xd8, 0x10, 0xf, 0xfe,
    0x40, 0xcf, 0x39, 0x0, 0x7f, 0xf0, 0x9, 0xfa,
    0x44, 0x3, 0xff, 0x8a, 0xbe, 0xc0, 0x1f, 0xfc,
    0x66, 0xf5, 0x0, 0xff, 0xe1, 0xcd, 0x8, 0x7,
    0xff, 0x20, 0x6a, 0x40, 0x3f, 0xf8, 0x36, 0xc0,
    0x1f, 0xfc, 0xc6, 0xb0, 0xf, 0xfa, 0xd0, 0x3,
    0xff, 0x9c, 0x96, 0x1, 0xfd, 0x28, 0x1, 0xff,
    0xd0, 0x49, 0x0, 0xf9, 0x58, 0x3, 0xff, 0xa4,
    0xca, 0x1, 0xc3, 0x60, 0x1f, 0xfd, 0x4b, 0x10,
    0xd, 0x2, 0x1, 0xff, 0xc2, 0xff, 0xc0, 0x1f,
    0xfc, 0x21, 0x80, 0x8, 0x58, 0x3, 0xff, 0xac,
    0xc2, 0x0, 0x90, 0xf, 0xfe, 0xc4, 0x80, 0x14,
    0x3, 0xff, 0xb0, 0xa0, 0x64, 0x1, 0xff, 0xd8,
    0x23, 0x40, 0xf, 0xfe, 0xd2, 0xe8, 0x7, 0xff,
    0x6b, 0x18, 0x3, 0xff, 0xb4, 0xc4, 0x1, 0xff,
    0xda, 0x21, 0x0, 0xff, 0xed, 0x8, 0x7, 0xff,
    0x70, 0x40, 0x3f, 0xfb, 0x42, 0x40, 0x1f, 0xfc,
    0x5f, 0xfc, 0x1, 0xff, 0xc5, 0x26, 0x0, 0xff,
    0xed, 0x36, 0x80, 0x7f, 0xf6, 0xb5, 0x0, 0x3f,
    0xfb, 0x48, 0x64, 0x1, 0xff, 0xc4, 0xff, 0xc0,
    0x1f, 0xfc, 0x42, 0x30, 0x50, 0xf, 0xfe, 0xc2,
    0x80, 0x24, 0x3, 0xff, 0xb1, 0x20, 0x1, 0x60,
    0xf, 0xfe, 0xb3, 0x8, 0x5, 0x2, 0x1, 0xff,
    0xc2, 0xff, 0xc0, 0x1f, 0xfc, 0x21, 0x80, 0xc,
    0x36, 0x1, 0xff, 0xd4, 0xb1, 0x0, 0xe5, 0x60,
    0xf, 0xfe, 0x93, 0x28, 0x7, 0xd2, 0x80, 0x1f,
    0xfd, 0x4, 0x90, 0xf, 0xeb, 0x40, 0xf, 0xfe,
    0x72, 0x58, 0x7, 0xfd, 0x6c, 0x1, 0xff, 0xcc,
    0x6b, 0x0, 0xff, 0xe0, 0xcd, 0x8, 0x7, 0xff,
    0x20, 0x6a, 0x40, 0x3f, 0xf8, 0x6b, 0xec, 0x1,
    0xff, 0xc6, 0x6f, 0x50, 0xf, 0xfe, 0x28, 0xcf,
    0x39, 0x0, 0x7f, 0xf0, 0x9, 0xfa, 0x44, 0x3,
    0xff, 0x90, 0x31, 0xb9, 0xa, 0x62, 0x0, 0x13,
    0x58, 0xcd, 0x81, 0x0, 0xff, 0x80,

    /* U+F0029 "󰀩" */
    0x0, 0xfe, 0x1e, 0xff, 0xff, 0xe1, 0x68, 0x80,
    0x7f, 0xf1, 0x47, 0xc4, 0x3, 0xff, 0x84, 0x58,
    0x20, 0x1f, 0xfc, 0x31, 0xf1, 0x0, 0xff, 0xe2,
    0x16, 0x8, 0x7, 0xff, 0x4, 0x7c, 0x40, 0x3f,
    0xf8, 0xc5, 0x82, 0x1, 0xff, 0xf, 0x88, 0x7,
    0xff, 0x20, 0xb0, 0x40, 0x3f, 0x87, 0xc4, 0x3,
    0xff, 0x94, 0x58, 0x20, 0x1f, 0xf, 0x88, 0x7,
    0xff, 0x30, 0xb0, 0x40, 0x38, 0x7c, 0x40, 0x3f,
    0xf9, 0xc5, 0x82, 0x1, 0xf, 0x88, 0x7, 0xff,
    0x3, 0xff, 0x0, 0x7f, 0xf0, 0xb, 0x4, 0x7,
    0xc4, 0x3, 0xff, 0xa4, 0x58, 0x3e, 0x20, 0x1f,
    0xfd, 0x42, 0xc1, 0x0, 0xff, 0xeb, 0x10, 0x7,
    0xff, 0xfc, 0x3, 0xff, 0xfe, 0x1, 0xff, 0xff,
    0x0, 0xff, 0xff, 0x80, 0x6f, 0xfc, 0x1, 0xff,
    0xff, 0x0, 0xff, 0xfa, 0xff, 0xe0, 0xf, 0xfe,
    0x20, 0x80, 0x7f, 0xf5, 0x87, 0x4, 0x3, 0xff,
    0xa8, 0x3e, 0x58, 0x20, 0x1f, 0xfd, 0x21, 0xf1,
    0x2, 0xc1, 0x0, 0xff, 0xe0, 0x7f, 0xe0, 0xf,
    0xfe, 0x0, 0xf8, 0x80, 0x45, 0x82, 0x1, 0xff,
    0xce, 0x1f, 0x10, 0xe, 0x2c, 0x10, 0xf, 0xfe,
    0x60, 0xf8, 0x80, 0x7c, 0x58, 0x20, 0x1f, 0xfc,
    0xa1, 0xf1, 0x0, 0xfe, 0x2c, 0x10, 0xf, 0xfe,
    0x40, 0xf8, 0x80, 0x7f, 0xc5, 0x82, 0x1, 0xff,
    0xc6, 0x1f, 0x10, 0xf, 0xfe, 0x9, 0x60, 0x80,
    0x7f, 0xf1, 0x7, 0xc4, 0x3, 0xff, 0x86, 0x58,
    0x20, 0x1f, 0xfc, 0x21, 0xf1, 0x0, 0xfc,

    /* U+F0042 "󰁂" */
    0x0, 0xff, 0xe6, 0x2c, 0x80, 0x7f, 0xf3, 0x56,
    0x9a, 0x40, 0x3f, 0xf9, 0x6b, 0x40, 0x6, 0x90,
    0xf, 0xfe, 0x4a, 0xd0, 0x6, 0xc0, 0xf, 0xfe,
    0x42, 0xd0, 0x6, 0xa5, 0x0, 0xff, 0xe3, 0xad,
    0x0, 0x6a, 0x50, 0xf, 0xfe, 0x3a, 0xd0, 0x6,
    0xa5, 0x0, 0xff, 0xe3, 0xad, 0x0, 0x6a, 0x50,
    0xb, 0xff, 0x0, 0x7f, 0xf0, 0x16, 0x80, 0x35,
    0x28, 0x7, 0xff, 0x1d, 0x68, 0x3, 0x52, 0x80,
    0x7f, 0xf1, 0xd6, 0x80, 0x35, 0x28, 0x7, 0xff,
    0x1d, 0x68, 0x3, 0x52, 0x80, 0x7f, 0xf1, 0xd6,
    0x80, 0x35, 0x28, 0x7, 0xff, 0x1d, 0x68, 0x3,
    0x52, 0x80, 0x7f, 0xf1, 0xd6, 0x80, 0x35, 0x28,
    0x7, 0xff, 0x1d, 0x68, 0x3, 0x52, 0x80, 0x7f,
    0xf1, 0xd6, 0x80, 0x35, 0x28, 0x7, 0xff, 0x1d,
    0x68, 0x3, 0x52, 0x80, 0x7f, 0xf1, 0xd6, 0x80,
    0x35, 0x28, 0x7, 0xff, 0x1d, 0x68, 0x3, 0x52,
    0x80, 0x7f, 0xf1, 0xd6, 0x80, 0x35, 0x28, 0x7,
    0xff, 0x22, 0x80, 0x35, 0x28, 0x7, 0xff, 0x36,
    0x94, 0x3, 0xff, 0x9b, 0x4a, 0x1, 0xff, 0xce,
    0xaf, 0xff, 0xfe, 0x0, 0x7, 0xff, 0xfc, 0x3,
    0xff, 0x8a,

    /* U+F0043 "󰁃" */
    0x0, 0x4a, 0x80, 0x7f, 0xf3, 0x65, 0xa9, 0x40,
    0x3f, 0xf9, 0x72, 0xc0, 0xa, 0x50, 0xf, 0xfe,
    0x56, 0x0, 0x6a, 0x50, 0xf, 0xfe, 0x4a, 0xd0,
    0x6, 0xa5, 0x0, 0xff, 0xe4, 0xad, 0x0, 0x6a,
    0x50, 0xf, 0xfe, 0x4a, 0xd0, 0x6, 0xa5, 0x0,
    0xff, 0xe4, 0xad, 0x0, 0x6a, 0x50, 0xf, 0xfe,
    0x4a, 0xd0, 0x6, 0xa5, 0x0, 0xff, 0xe0, 0x7f,
    0xe0, 0xe, 0x5a, 0x0, 0xd4, 0xa0, 0x1f, 0xfc,
    0x95, 0xa0, 0xd, 0x4a, 0x1, 0xff, 0xc9, 0x5a,
    0x0, 0xd4, 0xa0, 0x1f, 0xfc, 0x95, 0xa0, 0xd,
    0x4a, 0x1, 0xff, 0xc9, 0x5a, 0x0, 0xd4, 0xa0,
    0x1f, 0xfc, 0x95, 0xa0, 0xd, 0x4a, 0x1, 0xff,
    0xc9, 0x5a, 0x0, 0xd4, 0xa0, 0x1f, 0xfc, 0x95,
    0xa0, 0xd, 0x4a, 0x1, 0xff, 0xc9, 0x5a, 0x0,
    0xd4, 0xa0, 0x1f, 0xfc, 0x95, 0xa0, 0xd, 0x4a,
    0x1, 0xff, 0xc9, 0x5a, 0x0, 0xd4, 0xa0, 0x1f,
    0xfc, 0x95, 0xa0, 0xd, 0x4a, 0x1, 0xff, 0xc9,
    0x5a, 0x0, 0xd4, 0x1, 0xff, 0xca, 0x5a, 0x0,
    0xff, 0xe7, 0xad, 0x0, 0x7f, 0xf0, 0xff, 0xff,
    0xf8, 0x14, 0x1, 0xff, 0xff, 0x0, 0xff, 0xe2,
    0x0,

    /* U+F0045 "󰁅" */
    0x0, 0xff, 0xf1, 0x7f, 0xe0, 0xf, 0xff, 0xf8,
    0x7, 0xff, 0xfc, 0x3, 0xff, 0xfe, 0x1, 0xff,
    0xff, 0x0, 0xff, 0xff, 0x80, 0x7f, 0xf3, 0x61,
    0xc0, 0x3f, 0xf9, 0x8f, 0x0, 0x14, 0x3c, 0x38,
    0x7, 0xff, 0x29, 0xe1, 0xe0, 0x1d, 0xc0, 0x8,
    0x70, 0xf, 0xfe, 0x43, 0xc0, 0x1, 0xdc, 0x80,
    0x1a, 0x1c, 0x3, 0xff, 0x8c, 0xf0, 0x1, 0x90,
    0xf0, 0x3, 0x44, 0x0, 0x3f, 0xf8, 0x91, 0x0,
    0xd, 0x86, 0x7, 0x80, 0x19, 0xe0, 0x3, 0xff,
    0x85, 0xe, 0x1, 0xb0, 0xc0, 0x23, 0xc0, 0xc,
    0xf0, 0x1, 0xff, 0xc0, 0x87, 0x0, 0xd8, 0x60,
    0x1c, 0x78, 0x1, 0x9e, 0x0, 0x3f, 0xd0, 0xe0,
    0x1b, 0xc, 0x3, 0xe3, 0xc0, 0xc, 0xf0, 0x1,
    0xfa, 0x1c, 0x3, 0x61, 0x80, 0x7f, 0x1e, 0x0,
    0x67, 0x80, 0xf, 0x43, 0x80, 0x6c, 0x30, 0xf,
    0xf8, 0xf0, 0x3, 0x3c, 0x0, 0x68, 0x70, 0xd,
    0x86, 0x1, 0xff, 0xc1, 0x3c, 0x0, 0xce, 0x1,
    0x9c, 0x3, 0x61, 0x80, 0x7f, 0xf0, 0xcf, 0x0,
    0x3f, 0xf8, 0x18, 0x60, 0x1f, 0xfc, 0x53, 0xc0,
    0xf, 0xf6, 0x18, 0x7, 0xff, 0x1c, 0xf0, 0x3,
    0xf6, 0x18, 0x7, 0xff, 0x24, 0xf0, 0x3, 0xd8,
    0x60, 0x1f, 0xfc, 0xb3, 0xc0, 0xd, 0x86, 0x1,
    0xff, 0xcd, 0x3c, 0x0, 0x61, 0x80, 0x7f, 0xf3,
    0xcf, 0x30, 0x60, 0x1f, 0xfc, 0x20,

    /* U+F004C "󰁌" */
    0xff, 0xff, 0xe1, 0x0, 0x7e, 0xff, 0xff, 0xe1,
    0x0, 0x7f, 0xff, 0xc0, 0x3f, 0xfb, 0x95, 0xff,
    0xe0, 0xf, 0xdf, 0xfe, 0xa0, 0xf, 0xfe, 0x15,
    0x28, 0x7, 0xff, 0x19, 0x68, 0x3, 0xff, 0x87,
    0x4a, 0x1, 0xff, 0xc4, 0x5a, 0x0, 0xff, 0xe0,
    0x50, 0x6, 0xa5, 0x0, 0xff, 0xe1, 0x2d, 0x0,
    0x6a, 0x0, 0xfc, 0xb4, 0x1, 0xa9, 0x40, 0x3f,
    0xf8, 0xb, 0x40, 0x1a, 0x94, 0x3, 0xf9, 0x68,
    0x3, 0x52, 0x80, 0x7f, 0x96, 0x80, 0x35, 0x28,
    0x7, 0xfc, 0xb4, 0x1, 0xa9, 0x40, 0x3f, 0x2d,
    0x0, 0x6a, 0x50, 0xf, 0xfe, 0xa, 0xd0, 0x6,
    0xa5, 0x0, 0xf2, 0xd0, 0x6, 0xa5, 0x0, 0xff,
    0xe1, 0xad, 0x0, 0x6a, 0x50, 0xc, 0xb4, 0x1,
    0xa9, 0x40, 0x3f, 0xf8, 0xab, 0x40, 0x18, 0xc0,
    0x31, 0x80, 0x6a, 0x50, 0xf, 0xef, 0xfc, 0x1,
    0xe5, 0xa0, 0x4, 0xb0, 0x6, 0x69, 0x0, 0x52,
    0x80, 0x7b, 0xff, 0x0, 0x7f, 0xcb, 0x52, 0xc0,
    0x1e, 0x69, 0xa5, 0x0, 0xff, 0xe5, 0xab, 0x0,
    0x7e, 0x65, 0x0, 0xff, 0xff, 0x80, 0x7f, 0xfb,
    0x55, 0x80, 0x3f, 0x32, 0x80, 0x7f, 0xf2, 0xd6,
    0xa5, 0x80, 0x3c, 0xd3, 0x4a, 0x1, 0xff, 0x7f,
    0xe0, 0xf, 0x2d, 0x0, 0x25, 0x80, 0x33, 0x48,
    0x2, 0x94, 0x3, 0xdf, 0xf8, 0x3, 0xf9, 0x68,
    0x3, 0x18, 0x6, 0x30, 0xd, 0x4a, 0x1, 0xff,
    0xc5, 0x5a, 0x0, 0xd4, 0xa0, 0x19, 0x68, 0x3,
    0x52, 0x80, 0x7f, 0xf0, 0xd6, 0x80, 0x35, 0x28,
    0x7, 0x96, 0x80, 0x35, 0x28, 0x7, 0xff, 0x5,
    0x68, 0x3, 0x52, 0x80, 0x7e, 0x5a, 0x0, 0xd4,
    0xa0, 0x1f, 0xf2, 0xd0, 0x6, 0xa5, 0x0, 0xff,
    0x2d, 0x0, 0x6a, 0x50, 0xf, 0xe5, 0xa0, 0xd,
    0x4a, 0x1, 0xff, 0xc0, 0x5a, 0x0, 0xd4, 0xa0,
    0x1f, 0xa8, 0x3, 0x52, 0x80, 0x7f, 0xf0, 0x96,
    0x80, 0x35, 0x0, 0x7f, 0xf0, 0x29, 0x40, 0x3f,
    0xf8, 0x8b, 0x40, 0x1f, 0xfc, 0x3a, 0x50, 0xf,
    0xfe, 0x32, 0xd0, 0x7, 0xff, 0xa, 0xbf, 0xfc,
    0x1, 0xfb, 0xff, 0xd4, 0x1, 0xff, 0xff, 0x0,
    0xff, 0xee, 0x0,

    /* U+F004D "󰁍" */
    0x0, 0xff, 0xe1, 0x9b, 0x80, 0x7f, 0xf4, 0x8f,
    0x22, 0x0, 0x1f, 0xfd, 0x3, 0xc0, 0x3, 0xc0,
    0x7, 0xff, 0x38, 0xf0, 0x3, 0x78, 0x7, 0xff,
    0x34, 0xf0, 0x3, 0x43, 0x80, 0x7f, 0xf3, 0xf,
    0x0, 0x34, 0x38, 0x7, 0xff, 0x30, 0xf0, 0x3,
    0x43, 0x80, 0x7f, 0xf3, 0xf, 0x0, 0x33, 0xb8,
    0x3, 0xff, 0x98, 0x78, 0x1, 0x9e, 0x0, 0x3f,
    0xf9, 0x87, 0x80, 0x19, 0xe0, 0x3, 0xff, 0x98,
    0x78, 0x1, 0x9e, 0x0, 0x3f, 0xf9, 0x87, 0x80,
    0x19, 0xe0, 0x3, 0xff, 0x98, 0x78, 0x1, 0x9e,
    0x0, 0x3f, 0xf9, 0x87, 0x80, 0x19, 0xe0, 0x3,
    0xff, 0x98, 0x78, 0x1, 0xcf, 0xff, 0xff, 0xcb,
    0x3, 0xc0, 0xf, 0xff, 0xa1, 0xe0, 0x7, 0xff,
    0x50, 0xf0, 0x3, 0x9f, 0xff, 0xff, 0x96, 0x1,
    0x1e, 0x0, 0x67, 0x80, 0xf, 0xfe, 0x71, 0xe0,
    0x6, 0x78, 0x0, 0xff, 0xe7, 0x1e, 0x0, 0x67,
    0x80, 0xf, 0xfe, 0x71, 0xe0, 0x6, 0x78, 0x0,
    0xff, 0xe7, 0x1e, 0x0, 0x67, 0x80, 0xf, 0xfe,
    0x71, 0xe0, 0x6, 0x78, 0x0, 0xff, 0xe7, 0x1e,
    0x0, 0x67, 0x70, 0x7, 0xff, 0x38, 0xf0, 0x3,
    0x43, 0x80, 0x7f, 0xf3, 0x8f, 0x0, 0x34, 0x38,
    0x7, 0xff, 0x38, 0xf0, 0x3, 0x43, 0x80, 0x7f,
    0xf3, 0x8f, 0x0, 0x37, 0x80, 0x7f, 0xf3, 0xcf,
    0x0, 0xf, 0x0, 0x1f, 0xfd, 0x3, 0xc8, 0x80,
    0x7, 0xff, 0xc,

    /* U+F004E "󰁎" */
    0x0, 0xff, 0xe1, 0x9b, 0x80, 0x7f, 0xf4, 0x8f,
    0x22, 0x0, 0x1f, 0xfd, 0x3, 0xc0, 0x3, 0xb8,
    0x3, 0xff, 0x9c, 0x78, 0x1, 0xa1, 0xc0, 0x3f,
    0xf9, 0x87, 0x80, 0x1e, 0x87, 0x0, 0xff, 0xe5,
    0x1e, 0x0, 0x7f, 0xf4, 0x8f, 0x0, 0x3f, 0x43,
    0x80, 0x7f, 0xf2, 0xf, 0x0, 0x3f, 0x43, 0x80,
    0x7f, 0xf2, 0xf, 0x0, 0x3f, 0x43, 0x80, 0x7f,
    0xf2, 0xf, 0x0, 0x3f, 0x43, 0x80, 0x7f, 0xf2,
    0xf, 0x0, 0x3f, 0x43, 0x80, 0x7f, 0xf2, 0xf,
    0x0, 0x3f, 0x3b, 0x80, 0x3f, 0xf9, 0x7, 0x80,
    0x1f, 0xcf, 0xff, 0xff, 0xc5, 0x0, 0x8f, 0x0,
    0x3f, 0xfa, 0x47, 0x80, 0x1f, 0xfd, 0x23, 0xc0,
    0xf, 0xff, 0xa1, 0xe0, 0x7, 0xff, 0x50, 0xf0,
    0x3, 0xff, 0xa8, 0x78, 0x1, 0xff, 0xd4, 0x3c,
    0x0, 0xfe, 0x7f, 0xff, 0xfe, 0x28, 0x7, 0x1e,
    0x0, 0x7e, 0x78, 0x0, 0xff, 0xe5, 0x1e, 0x0,
    0x7e, 0x78, 0x0, 0xff, 0xe5, 0x1e, 0x0, 0x7e,
    0x78, 0x0, 0xff, 0xe5, 0x1e, 0x0, 0x7e, 0x78,
    0x0, 0xff, 0xe5, 0x1e, 0x0, 0x7e, 0x78, 0x0,
    0xff, 0xe5, 0x1e, 0x0, 0x7e, 0x77, 0x0, 0x7f,
    0xf2, 0x8f, 0x0, 0x3f, 0xfa, 0x87, 0x80, 0x1e,
    0x87, 0x0, 0xff, 0xe6, 0x1e, 0x0, 0x68, 0x70,
    0xf, 0xfe, 0x71, 0xe0, 0x1, 0xdc, 0x1, 0xff,
    0xd0, 0x3c, 0x88, 0x0, 0x7f, 0xf0, 0xc0,

    /* U+F0054 "󰁔" */
    0x0, 0xff, 0xe2, 0x39, 0x80, 0x7f, 0xf4, 0xa2,
    0x18, 0x60, 0x1f, 0xfd, 0x8, 0x70, 0x6, 0x18,
    0x7, 0xff, 0x3f, 0xc0, 0x36, 0x18, 0x7, 0xff,
    0x39, 0xe0, 0x3, 0x61, 0x80, 0x7f, 0xf3, 0x9e,
    0x0, 0x36, 0x18, 0x7, 0xff, 0x39, 0xe0, 0x3,
    0x61, 0x80, 0x7f, 0xf3, 0x9d, 0xc0, 0x1b, 0xc,
    0x3, 0xff, 0x9d, 0xe, 0x1, 0xb0, 0xc0, 0x3f,
    0xf9, 0xd0, 0xe0, 0x1b, 0xc, 0x3, 0xff, 0x9d,
    0xe, 0x1, 0xb0, 0xc0, 0x3f, 0xf9, 0xd0, 0xe0,
    0x1b, 0xc, 0x3, 0xff, 0x9d, 0xe, 0x1, 0xb0,
    0xc0, 0x3f, 0xf9, 0xd0, 0xe0, 0x1b, 0xc, 0x2,
    0xff, 0xff, 0xe5, 0xb8, 0x7, 0x61, 0x80, 0x7f,
    0xf5, 0x30, 0xc0, 0x3f, 0xfe, 0x98, 0x61, 0xff,
    0xff, 0xcb, 0x70, 0xe, 0xc3, 0x0, 0xff, 0xe6,
    0x43, 0x80, 0x6c, 0x30, 0xf, 0xfe, 0x64, 0x38,
    0x6, 0xc3, 0x0, 0xff, 0xe6, 0x43, 0x80, 0x6c,
    0x30, 0xf, 0xfe, 0x64, 0x38, 0x6, 0xc3, 0x0,
    0xff, 0xe6, 0x43, 0x80, 0x6c, 0x30, 0xf, 0xfe,
    0x64, 0x38, 0x6, 0xc3, 0x0, 0xff, 0xe6, 0x3b,
    0x80, 0x36, 0x18, 0x7, 0xff, 0x31, 0xe0, 0x3,
    0x61, 0x80, 0x7f, 0xf3, 0x1e, 0x0, 0x36, 0x18,
    0x7, 0xff, 0x31, 0xe0, 0x3, 0x61, 0x80, 0x7f,
    0xf3, 0x7c, 0x3, 0x61, 0x80, 0x7f, 0xf3, 0xa1,
    0xc0, 0x18, 0x60, 0x1f, 0xfd, 0x8, 0x86, 0x18,
    0x7, 0xff, 0x8,

    /* U+F005B "󰁛" */
    0xff, 0xff, 0xe4, 0x0, 0x7f, 0xff, 0xc0, 0x3f,
    0xf9, 0x95, 0xff, 0xff, 0xc0, 0x0, 0xff, 0xe1,
    0xd2, 0x80, 0x7f, 0xf3, 0xe9, 0x40, 0x3f, 0xf9,
    0x54, 0x1, 0xa9, 0x40, 0x3f, 0xf9, 0x2b, 0x40,
    0x1a, 0x94, 0x3, 0xff, 0x92, 0xb4, 0x1, 0xa9,
    0x40, 0x3f, 0xf9, 0x2b, 0x40, 0x1a, 0x94, 0x3,
    0xff, 0x92, 0xb4, 0x1, 0xa9, 0x40, 0x3f, 0xf9,
    0x2b, 0x40, 0x1a, 0x94, 0x3, 0xff, 0x92, 0xb4,
    0x1, 0xa9, 0x40, 0x3f, 0xf9, 0x2b, 0x40, 0x1a,
    0x94, 0x3, 0xff, 0x92, 0xb4, 0x1, 0xa9, 0x40,
    0x3f, 0xf9, 0x2b, 0x40, 0x1a, 0x94, 0x3, 0xff,
    0x92, 0xb4, 0x1, 0xa9, 0x40, 0x3f, 0xf9, 0x2b,
    0x40, 0x1a, 0x94, 0x3, 0xff, 0x92, 0xb4, 0x1,
    0xa9, 0x40, 0x3b, 0xff, 0x0, 0x7f, 0xf0, 0x16,
    0x80, 0x35, 0x28, 0x7, 0xff, 0x25, 0x68, 0x3,
    0x52, 0x80, 0x7f, 0xf2, 0x56, 0x80, 0x35, 0x28,
    0x7, 0xff, 0x25, 0x68, 0x3, 0x52, 0x80, 0x7f,
    0xf2, 0x56, 0x80, 0x35, 0x28, 0x7, 0xff, 0x25,
    0x68, 0x3, 0x60, 0x7, 0xff, 0x29, 0x68, 0x0,
    0xd2, 0x1, 0xff, 0xcb, 0x5a, 0x69, 0x0,

    /* U+F005C "󰁜" */
    0x0, 0xfd, 0xff, 0xff, 0xc8, 0x0, 0xff, 0xff,
    0x80, 0x7f, 0xf1, 0x7f, 0xff, 0xf8, 0x14, 0x1,
    0xff, 0xce, 0x5a, 0x0, 0xff, 0xe6, 0xad, 0x0,
    0x7f, 0xf3, 0x56, 0x80, 0x35, 0x0, 0x7f, 0xf2,
    0x16, 0x80, 0x35, 0x28, 0x7, 0xff, 0x1d, 0x68,
    0x3, 0x52, 0x80, 0x7f, 0xf1, 0xd6, 0x80, 0x35,
    0x28, 0x7, 0xff, 0x1d, 0x68, 0x3, 0x52, 0x80,
    0x7f, 0xf1, 0xd6, 0x80, 0x35, 0x28, 0x7, 0xff,
    0x1d, 0x68, 0x3, 0x52, 0x80, 0x7f, 0xf1, 0xd6,
    0x80, 0x35, 0x28, 0x7, 0xff, 0x1d, 0x68, 0x3,
    0x52, 0x80, 0x7f, 0xf1, 0xd6, 0x80, 0x35, 0x28,
    0x7, 0xff, 0x1d, 0x68, 0x3, 0x52, 0x80, 0x7f,
    0xf1, 0xd6, 0x80, 0x35, 0x28, 0x7, 0xff, 0x1d,
    0x68, 0x3, 0x52, 0x80, 0x7f, 0xf1, 0xd6, 0x80,
    0x35, 0x28, 0x7, 0xff, 0x3, 0xff, 0x0, 0x4b,
    0x40, 0x1a, 0x94, 0x3, 0xff, 0x8e, 0xb4, 0x1,
    0xa9, 0x40, 0x3f, 0xf8, 0xeb, 0x40, 0x1a, 0x94,
    0x3, 0xff, 0x8e, 0xb4, 0x1, 0xa9, 0x40, 0x3f,
    0xf9, 0x18, 0x1, 0xa9, 0x40, 0x3f, 0xf9, 0x32,
    0xc0, 0xa, 0x50, 0xf, 0xfe, 0x5c, 0xb5, 0x28,
    0x7, 0xff, 0x2c,

    /* U+F005D "󰁝" */
    0x0, 0xff, 0xe1, 0x99, 0x80, 0x3f, 0xfa, 0x27,
    0x98, 0x30, 0xf, 0xfe, 0x79, 0xe0, 0x3, 0xc,
    0x3, 0xff, 0x9a, 0x78, 0x1, 0xb0, 0xc0, 0x3f,
    0xf9, 0x67, 0x80, 0x1e, 0xc3, 0x0, 0xff, 0xe4,
    0x9e, 0x0, 0x7e, 0xc3, 0x0, 0xff, 0xe3, 0x9e,
    0x0, 0x7f, 0xb0, 0xc0, 0x3f, 0xf8, 0xa7, 0x80,
    0x1f, 0xfc, 0xc, 0x30, 0xf, 0xfe, 0x19, 0xe0,
    0x6, 0x70, 0xc, 0xe0, 0x1b, 0xc, 0x3, 0xff,
    0x82, 0x78, 0x1, 0x9e, 0x0, 0x34, 0x38, 0x6,
    0xc3, 0x0, 0xff, 0x8f, 0x0, 0x33, 0xc0, 0x7,
    0xa1, 0xc0, 0x36, 0x18, 0x7, 0xf1, 0xe0, 0x6,
    0x78, 0x0, 0xfd, 0xe, 0x1, 0xb0, 0xc0, 0x3e,
    0x3c, 0x0, 0xcf, 0x0, 0x1f, 0xe8, 0x70, 0xd,
    0x86, 0x1, 0xc7, 0x80, 0x19, 0xe0, 0x3, 0xff,
    0x81, 0xe, 0x1, 0xb0, 0xc0, 0x23, 0xc0, 0xc,
    0xf0, 0x1, 0xff, 0xc2, 0x87, 0x0, 0xd8, 0x60,
    0x78, 0x1, 0x9e, 0x0, 0x3f, 0xf8, 0x90, 0xe0,
    0x1b, 0xd, 0x0, 0x34, 0x40, 0x3, 0xff, 0x8d,
    0x10, 0x0, 0xc8, 0xee, 0x0, 0x43, 0x80, 0x7f,
    0xf2, 0x1e, 0x0, 0xe, 0xe0, 0x87, 0x87, 0x0,
    0xff, 0xe5, 0x3c, 0x3c, 0x0, 0x50, 0xe0, 0x1f,
    0xfc, 0xc7, 0x80, 0xf, 0xff, 0xf8, 0x7, 0xff,
    0xfc, 0x3, 0xff, 0xfe, 0x1, 0xff, 0xff, 0x0,
    0xff, 0xff, 0x80, 0x7f, 0xf3, 0x7f, 0xf0, 0x7,
    0xff, 0x8,

    /* U+F005F "󰁟" */
    0x0, 0xff, 0xe1, 0x1b, 0xd6, 0x77, 0xfb, 0xb2,
    0x9c, 0xc0, 0x3f, 0xf9, 0xa3, 0x1b, 0x90, 0xa6,
    0x20, 0x1, 0x35, 0x8c, 0xd8, 0x10, 0xf, 0xfe,
    0x40, 0xcf, 0x39, 0x0, 0x7f, 0xf0, 0x9, 0xfa,
    0x44, 0x3, 0xff, 0x8a, 0xbe, 0xc0, 0x1f, 0xfc,
    0x66, 0xf5, 0x0, 0xff, 0xe1, 0xcd, 0x8, 0x7,
    0xff, 0x20, 0x6a, 0x40, 0x3f, 0xf8, 0x36, 0xc0,
    0x1f, 0xfc, 0xc6, 0xb0, 0xf, 0xfa, 0xd0, 0x3,
    0xff, 0x9c, 0x96, 0x1, 0xfd, 0x28, 0x1, 0xff,
    0xd0, 0x49, 0x0, 0xf9, 0x58, 0x3, 0xff, 0xa4,
    0xca, 0x1, 0xc3, 0x60, 0x1f, 0xfd, 0x4b, 0x10,
    0xd, 0x2, 0x1, 0xff, 0xc3, 0x88, 0x0, 0x7f,
    0xf0, 0xc6, 0x0, 0x21, 0x60, 0xf, 0xfe, 0x1c,
    0x3b, 0xa0, 0x3, 0xff, 0x86, 0xc2, 0x0, 0x90,
    0xf, 0xfe, 0x1c, 0x38, 0x1, 0xe0, 0x3, 0xff,
    0x87, 0x20, 0x5, 0x0, 0xff, 0xe1, 0x43, 0x80,
    0x67, 0x80, 0xf, 0xfe, 0x12, 0x81, 0x90, 0x7,
    0xff, 0x6, 0x1c, 0x3, 0xcf, 0x0, 0x1f, 0xfc,
    0x12, 0x34, 0x0, 0xff, 0xe0, 0xc3, 0x80, 0x7e,
    0x78, 0x0, 0xff, 0xe0, 0xa6, 0x80, 0x7f, 0xf0,
    0x21, 0xc0, 0x3f, 0xcf, 0x0, 0x1f, 0xfc, 0xd,
    0x60, 0xf, 0xfa, 0x1c, 0x3, 0xff, 0x80, 0xf0,
    0x1, 0xff, 0x31, 0x0, 0x7f, 0xa1, 0xc0, 0x3f,
    0xf8, 0x4f, 0x0, 0x1f, 0xe2, 0x10, 0xf, 0xe8,
    0x70, 0xf, 0xfe, 0x23, 0xc0, 0x7, 0xf0, 0x80,
    0x7f, 0xa3, 0xff, 0x80, 0x3f, 0x7f, 0xf4, 0x0,
    0x7f, 0x84, 0x3, 0xff, 0xb4, 0x24, 0x1, 0xff,
    0xda, 0x26, 0x0, 0xff, 0xed, 0x36, 0x80, 0x7f,
    0xf6, 0xb5, 0x0, 0x3f, 0xfb, 0x48, 0x64, 0x1,
    0xff, 0xd8, 0x23, 0x5, 0x0, 0xff, 0xec, 0x28,
    0x2, 0x40, 0x3f, 0xf8, 0x5f, 0xff, 0x80, 0x3f,
    0xf8, 0x52, 0x0, 0x16, 0x0, 0xff, 0xeb, 0x30,
    0x80, 0x50, 0x20, 0x1f, 0xfd, 0x41, 0x80, 0xc,
    0x36, 0x1, 0xff, 0xd4, 0xb1, 0x0, 0xe5, 0x60,
    0xf, 0xfe, 0x93, 0x28, 0x7, 0xd2, 0x80, 0x1f,
    0xfd, 0x4, 0x90, 0xf, 0xeb, 0x40, 0xf, 0xfe,
    0x72, 0x58, 0x7, 0xfd, 0x6c, 0x1, 0xff, 0xcc,
    0x6b, 0x0, 0xff, 0xe0, 0xcd, 0x8, 0x7, 0xff,
    0x20, 0x6a, 0x40, 0x3f, 0xf8, 0x6b, 0xec, 0x1,
    0xff, 0xc6, 0x6f, 0x50, 0xf, 0xfe, 0x28, 0xcf,
    0x39, 0x0, 0x7f, 0xf0, 0x9, 0xfa, 0x44, 0x3,
    0xff, 0x90, 0x31, 0xb9, 0xa, 0x62, 0x0, 0x13,
    0x58, 0xcd, 0x81, 0x0, 0xff, 0x80,

    /* U+F009A "󰂚" */
    0x0, 0xff, 0xe1, 0x95, 0x77, 0x28, 0x80, 0x3f,
    0xfa, 0x25, 0x8a, 0x22, 0x5c, 0x20, 0xf, 0xfe,
    0x84, 0x88, 0x6, 0x19, 0x0, 0xff, 0xe8, 0x20,
    0x7, 0x90, 0x3, 0xff, 0x9e, 0x60, 0x1f, 0x8c,
    0x3, 0xff, 0x98, 0xb9, 0x80, 0xf, 0xd9, 0x85,
    0x0, 0xff, 0xe4, 0x16, 0x51, 0x80, 0x7f, 0x8e,
    0xb0, 0x80, 0x3f, 0xf8, 0xa9, 0x86, 0x1, 0xff,
    0xc2, 0x3c, 0x40, 0xf, 0xfe, 0x19, 0xd8, 0x80,
    0x7f, 0xf1, 0x6, 0xcc, 0x3, 0xff, 0x82, 0x5a,
    0x1, 0xff, 0xc8, 0xd2, 0x0, 0xff, 0xe0, 0x48,
    0x80, 0x7f, 0xf2, 0x6, 0x40, 0x3f, 0xe5, 0x40,
    0xf, 0xfe, 0x52, 0x28, 0x7, 0xfa, 0x0, 0x3f,
    0xf9, 0x92, 0x1, 0xfc, 0x64, 0x1, 0xff, 0xcc,
    0x33, 0x0, 0x7e, 0x40, 0xf, 0xfe, 0x72, 0x0,
    0x7e, 0xc0, 0xf, 0xfe, 0x76, 0x0, 0x7e, 0x60,
    0xf, 0xfe, 0x73, 0x0, 0x7e, 0x30, 0xf, 0xfe,
    0x71, 0x80, 0x7e, 0x10, 0xf, 0xfe, 0x70, 0x80,
    0x7f, 0xff, 0xc0, 0x3f, 0xff, 0xe0, 0x1f, 0xff,
    0xf0, 0xf, 0xff, 0xf8, 0x7, 0xff, 0xfc, 0x3,
    0xff, 0xa0, 0xe0, 0x1f, 0xfd, 0x7, 0x0, 0xe7,
    0x80, 0xf, 0xfe, 0x84, 0x38, 0x4, 0xf0, 0x1,
    0xff, 0xd2, 0x87, 0x8, 0x80, 0x7, 0xff, 0x52,
    0x20, 0xe0, 0x1f, 0xfd, 0x67, 0x0, 0xff, 0xec,
    0x7f, 0xff, 0xf6, 0x0, 0x3f, 0xfc, 0xdf, 0xff,
    0x80, 0x3f, 0xfa, 0x8, 0x1, 0xe4, 0x0, 0xff,
    0xe8, 0x40, 0x7, 0xa0, 0x3, 0xff, 0xa0, 0x78,
    0x80, 0x4, 0xc3, 0x0, 0xff, 0xe8, 0x9d, 0xff,
    0xac, 0xc0, 0x3f, 0xf8, 0x60,

    /* U+F00AD "󰂭" */
    0x0, 0xff, 0xe2, 0x8a, 0xc5, 0xef, 0x7f, 0xbb,
    0x6e, 0x14, 0x40, 0x3f, 0xfa, 0x62, 0xd9, 0xd4,
    0xe8, 0x42, 0x0, 0x12, 0x47, 0xae, 0xc6, 0x10,
    0xf, 0xfe, 0x70, 0xc7, 0x49, 0x80, 0x7f, 0xf0,
    0x8e, 0x7a, 0x4, 0x3, 0xff, 0x96, 0xfc, 0xe0,
    0x1f, 0xfc, 0x87, 0xe7, 0x0, 0xff, 0xe4, 0x16,
    0x40, 0x7, 0x8d, 0xeb, 0x3b, 0xfd, 0xd9, 0x4e,
    0x60, 0x1e, 0x8c, 0x20, 0xf, 0xfe, 0x2a, 0x69,
    0x80, 0x61, 0x8d, 0xc8, 0x53, 0x10, 0x0, 0x9a,
    0xc6, 0x73, 0x88, 0x6, 0x3d, 0x40, 0xf, 0xfe,
    0x1b, 0x58, 0x6, 0x19, 0xe7, 0x20, 0xf, 0xfe,
    0x0, 0xc7, 0x40, 0x80, 0x6b, 0x60, 0xf, 0xfe,
    0xb, 0x48, 0x6, 0x5f, 0x60, 0xf, 0xfe, 0x33,
    0xfa, 0x0, 0x69, 0x60, 0xf, 0xf9, 0x24, 0x3,
    0x4d, 0x8, 0x7, 0xff, 0x20, 0x6d, 0x40, 0x34,
    0xa0, 0x7, 0xf1, 0x58, 0x6, 0xb6, 0x0, 0xff,
    0xe5, 0xaa, 0x80, 0x3a, 0xc8, 0x3, 0xf7, 0x0,
    0x6b, 0x40, 0xf, 0xfe, 0x5a, 0xd0, 0x7, 0xdc,
    0x1, 0xf3, 0x98, 0x5, 0x28, 0x1, 0xff, 0xcb,
    0x5a, 0x0, 0xca, 0x1, 0x1b, 0x80, 0x70, 0xc0,
    0x4, 0xac, 0x1, 0xff, 0xcb, 0x5a, 0x0, 0xd5,
    0x44, 0x0, 0xa0, 0x40, 0x34, 0x80, 0x43, 0x60,
    0x1f, 0xfc, 0xb5, 0xa0, 0xd, 0x4a, 0x14, 0x20,
    0x14, 0x80, 0x42, 0xe0, 0x14, 0x8, 0x7, 0xff,
    0x29, 0x68, 0x3, 0x52, 0x80, 0x6, 0x40, 0x27,
    0x10, 0x3, 0x0, 0x42, 0xc0, 0x1f, 0xfc, 0xa5,
    0xa0, 0xd, 0x4a, 0x1, 0x9c, 0x40, 0x27, 0x0,
    0x58, 0x5, 0x20, 0x1f, 0xfc, 0xa5, 0xa0, 0xd,
    0x4a, 0x1, 0xe6, 0x0, 0xa8, 0x4, 0xc0, 0x25,
    0x0, 0xff, 0xe4, 0xad, 0x0, 0x6a, 0x50, 0xf,
    0xa4, 0x2, 0x31, 0x40, 0x8, 0xc8, 0x3, 0xff,
    0x90, 0xb4, 0x1, 0xa9, 0x40, 0x3f, 0x9, 0x80,
    0x49, 0xa0, 0x12, 0x0, 0x7f, 0xf2, 0x16, 0x80,
    0x35, 0x28, 0x7, 0xf9, 0x0, 0x2d, 0x30, 0xb,
    0x40, 0x3f, 0xf8, 0xeb, 0x40, 0x1a, 0x94, 0x3,
    0xfe, 0xd0, 0x8, 0xd8, 0x2, 0x60, 0xf, 0xfe,
    0x32, 0xd0, 0x6, 0xa5, 0x0, 0xff, 0xe0, 0x30,
    0x4, 0xc6, 0x1, 0x10, 0x7, 0xff, 0x15, 0x68,
    0x3, 0x52, 0x80, 0x7f, 0xf0, 0x48, 0x2, 0x31,
    0x0, 0x84, 0x3, 0xff, 0x88, 0xb4, 0x1, 0xa9,
    0x40, 0x3f, 0xf8, 0x42, 0x1, 0x8, 0x7, 0xff,
    0x21, 0x68, 0x3, 0x52, 0x80, 0x7f, 0xf2, 0x4,
    0x2, 0x10, 0xf, 0xfe, 0x12, 0xd0, 0x6, 0xa5,
    0x0, 0xff, 0xe2, 0x8, 0x4, 0x26, 0x1, 0x10,
    0x7, 0xff, 0x5, 0x68, 0x3, 0x52, 0x80, 0x7f,
    0xf1, 0x48, 0x2, 0x36, 0x0, 0x98, 0x3, 0xff,
    0x80, 0xb4, 0x1, 0xa9, 0x40, 0x3f, 0xf8, 0xcc,
    0x1, 0x31, 0x80, 0x5a, 0x1, 0xff, 0x2d, 0x0,
    0x6a, 0x50, 0xf, 0xfe, 0x3e, 0x80, 0x47, 0xa0,
    0x12, 0x0, 0x7f, 0x96, 0x80, 0x35, 0x28, 0x7,
    0xff, 0x21, 0x0, 0x2d, 0x40, 0x8, 0xc4, 0x3,
    0xf2, 0xd0, 0x6, 0xa5, 0x0, 0xff, 0xe4, 0x11,
    0x80, 0x48, 0x26, 0x1, 0x48, 0x7, 0xcb, 0x40,
    0x1a, 0x94, 0x3, 0xff, 0x92, 0xa0, 0x11, 0x88,
    0x58, 0x4, 0xc0, 0x1e, 0x5a, 0x0, 0xd4, 0xa0,
    0x1f, 0xfc, 0xa9, 0x0, 0xa8, 0x0, 0xc0, 0x10,
    0xb8, 0x6, 0x5a, 0x0, 0xd4, 0xa0, 0x1f, 0xfc,
    0xa6, 0x10, 0x9, 0xc0, 0x2, 0xe0, 0x14, 0x88,
    0x1, 0x68, 0x3, 0x52, 0x80, 0x7f, 0xf2, 0x86,
    0x0, 0x27, 0x10, 0xa, 0x40, 0x21, 0xa0, 0x5a,
    0x0, 0xd4, 0xa0, 0x1f, 0xfc, 0xbb, 0x10, 0xa,
    0x40, 0x30, 0xc0, 0x4, 0x95, 0x40, 0xd, 0x4a,
    0x1, 0xff, 0xcb, 0x65, 0x0, 0xa0, 0x40, 0x39,
    0xcc, 0x2, 0x50, 0xd, 0x4a, 0x1, 0xff, 0xcb,
    0x49, 0x0, 0x8d, 0xc0, 0x3e, 0xe0, 0xf, 0xa9,
    0x40, 0x3f, 0xf9, 0x69, 0x60, 0x1b, 0x80, 0x3f,
    0x15, 0x80, 0x72, 0xa8, 0x3, 0xff, 0x96, 0xd6,
    0x1, 0xac, 0x80, 0x3f, 0x92, 0x40, 0x32, 0xd8,
    0x80, 0x7f, 0xf2, 0x6, 0xa4, 0x3, 0x4a, 0x0,
    0x7f, 0xcd, 0x20, 0x19, 0x3d, 0xc0, 0x3f, 0xf8,
    0xcd, 0xea, 0x1, 0xa5, 0x80, 0x3f, 0xf8, 0x2d,
    0x60, 0x18, 0x63, 0xa0, 0x40, 0x3f, 0xf8, 0x4,
    0xfd, 0x22, 0x1, 0xad, 0x80, 0x3f, 0xf8, 0x69,
    0xa6, 0x1, 0x85, 0xfb, 0x21, 0x4c, 0x40, 0x2,
    0x6b, 0x19, 0xb0, 0x20, 0x18, 0xf5, 0x0, 0x3f,
    0xf8, 0xa5, 0x90, 0x1, 0xe3, 0x7a, 0xce, 0xff,
    0x76, 0x53, 0x98, 0x7, 0xa3, 0x8, 0x3, 0xff,
    0x90, 0xfc, 0xe0, 0x1f, 0xfc, 0x87, 0xe7, 0x0,
    0xff, 0xe5, 0x8c, 0x74, 0x18, 0x7, 0xff, 0x8,
    0xe3, 0xa0, 0x40, 0x3f, 0xf9, 0xc2, 0xf9, 0xd4,
    0xe8, 0x42, 0x0, 0x12, 0x47, 0xae, 0xc7, 0x10,
    0xf, 0xfe, 0x10,

    /* U+F00AF "󰂯" */
    0x0, 0xff, 0xe0, 0x7f, 0x9c, 0x3, 0xff, 0x9b,
    0xe, 0x1, 0xff, 0xcd, 0x87, 0x0, 0xff, 0xe6,
    0xc3, 0x80, 0x7f, 0xf3, 0x62, 0x0, 0x1f, 0xfc,
    0xd7, 0x80, 0xf, 0xd2, 0xa0, 0x1f, 0xfc, 0x37,
    0x80, 0xf, 0x4b, 0x52, 0x80, 0x7f, 0xf0, 0xde,
    0x0, 0x34, 0xb0, 0x2, 0x94, 0x3, 0xfd, 0x80,
    0x19, 0xe0, 0x2, 0xc0, 0xd, 0x4a, 0x1, 0xfc,
    0x78, 0x1, 0x9e, 0x0, 0xb, 0x40, 0x1a, 0x94,
    0x3, 0xf8, 0xf0, 0x3, 0x3c, 0x0, 0x16, 0x80,
    0x35, 0x30, 0x7, 0xf1, 0xb8, 0x6, 0x73, 0x0,
    0x2d, 0x0, 0x69, 0x60, 0xf, 0xcc, 0xe0, 0x1a,
    0x8c, 0x2, 0x5a, 0x0, 0xd2, 0xc0, 0x1e, 0x69,
    0x0, 0xd4, 0xa0, 0x1c, 0xb4, 0x1, 0xa5, 0x80,
    0x33, 0x48, 0x6, 0xa5, 0x0, 0xf9, 0x68, 0x3,
    0x48, 0x6, 0x90, 0xd, 0x4a, 0x1, 0xfc, 0xb4,
    0x1, 0xff, 0xc0, 0xa5, 0x0, 0xff, 0x96, 0x80,
    0x3f, 0xd4, 0xa0, 0x1f, 0xfc, 0x15, 0xa0, 0xf,
    0xd4, 0xa0, 0x1f, 0xfc, 0x35, 0xa0, 0xf, 0x52,
    0x80, 0x7f, 0xf7, 0x96, 0x80, 0x3d, 0x4a, 0x1,
    0xff, 0xc3, 0x5a, 0x0, 0xfd, 0x4a, 0x1, 0xff,
    0xc1, 0x5a, 0x0, 0xff, 0x52, 0x80, 0x7f, 0xcb,
    0x40, 0x1f, 0xfc, 0xa, 0x50, 0xf, 0xe5, 0xa0,
    0xd, 0x40, 0x1a, 0x80, 0x35, 0x28, 0x7, 0xcb,
    0x40, 0x1a, 0x94, 0x3, 0x2d, 0x0, 0x6a, 0x50,
    0xe, 0x5a, 0x0, 0xd4, 0xa0, 0x1e, 0x59, 0x0,
    0xd4, 0xa0, 0x12, 0xd0, 0x6, 0xa5, 0x0, 0xfc,
    0xce, 0x1, 0xa8, 0xc1, 0x68, 0x3, 0x52, 0x80,
    0x7f, 0x1b, 0x80, 0x67, 0x35, 0xa0, 0xd, 0x4a,
    0x1, 0xfc, 0x78, 0x1, 0x9e, 0x3, 0x0, 0x35,
    0x28, 0x7, 0xf1, 0xe0, 0x6, 0x78, 0x0, 0x4b,
    0x0, 0x29, 0x40, 0x3f, 0xd8, 0x1, 0x9e, 0x0,
    0x34, 0xb5, 0x28, 0x7, 0xff, 0xd, 0xe0, 0x3,
    0xd2, 0xa0, 0x1f, 0xfc, 0x37, 0x80, 0xf, 0xfe,
    0x5b, 0xc0, 0x7, 0xff, 0x2e, 0x20, 0x1, 0xff,
    0xcb, 0x87, 0x0, 0xff, 0xe5, 0xc3, 0x80, 0x7f,
    0xf2, 0xe1, 0xc0, 0x3f, 0xc0,

    /* U+F00B1 "󰂱" */
    0x0, 0xff, 0xe2, 0x7f, 0x9c, 0x3, 0xff, 0xaf,
    0xe, 0x1, 0xff, 0xd7, 0x87, 0x0, 0xff, 0xeb,
    0xc3, 0x80, 0x7f, 0xf5, 0xe2, 0x0, 0x1f, 0xfd,
    0x77, 0x80, 0xf, 0xfe, 0x34, 0xa8, 0x7, 0xff,
    0xd, 0xe0, 0x3, 0xff, 0x89, 0x2d, 0x4a, 0x1,
    0xff, 0xc3, 0x78, 0x0, 0xff, 0xe1, 0x4b, 0x0,
    0x29, 0x40, 0x3f, 0xd8, 0x1, 0x9e, 0x0, 0x3f,
    0xf8, 0x38, 0x1, 0xa9, 0x40, 0x3f, 0x8f, 0x0,
    0x33, 0xc0, 0x7, 0xff, 0x1, 0x68, 0x3, 0x52,
    0x80, 0x7f, 0x1e, 0x0, 0x67, 0x80, 0xf, 0xfe,
    0x2, 0xd0, 0x6, 0xa6, 0x0, 0xfe, 0x37, 0x0,
    0xce, 0x60, 0x1f, 0xfc, 0x5, 0xa0, 0xd, 0x2c,
    0x1, 0xf9, 0x9c, 0x3, 0x51, 0x80, 0x7f, 0xf0,
    0x56, 0x80, 0x34, 0xb0, 0x7, 0x9a, 0x40, 0x35,
    0x28, 0x7, 0xff, 0xd, 0x68, 0x3, 0x4b, 0x0,
    0x66, 0x90, 0xd, 0x4a, 0x1, 0xff, 0xc5, 0x5a,
    0x0, 0xd2, 0x1, 0xa4, 0x3, 0x52, 0x80, 0x7f,
    0xf0, 0x22, 0x0, 0x1c, 0xb4, 0x1, 0xff, 0xc0,
    0xa5, 0x0, 0xe8, 0x70, 0xe, 0x87, 0x74, 0x0,
    0x72, 0xd0, 0x7, 0xfa, 0x94, 0x3, 0xa1, 0xe1,
    0xc0, 0x28, 0x70, 0x3, 0xb8, 0x3, 0x96, 0x80,
    0x3f, 0x52, 0x80, 0x74, 0x38, 0x2, 0x1c, 0x21,
    0xc0, 0x34, 0x38, 0x7, 0x2d, 0x0, 0x7a, 0x94,
    0x3, 0x9d, 0xc0, 0x1a, 0x1f, 0xc0, 0x3f, 0xfa,
    0xde, 0xf0, 0x1, 0xa1, 0xc0, 0x39, 0x68, 0x3,
    0xd4, 0xa0, 0x1c, 0xee, 0x0, 0xcf, 0x0, 0xf0,
    0x0, 0x77, 0x0, 0x72, 0xd0, 0x7, 0xea, 0x50,
    0xe, 0x87, 0x0, 0x3c, 0x0, 0x4f, 0xf, 0x0,
    0x1c, 0xb4, 0x1, 0xfe, 0xa5, 0x0, 0xe8, 0x77,
    0x40, 0x7, 0x3c, 0x0, 0x72, 0xd0, 0x7, 0xff,
    0x2, 0x94, 0x3, 0xa2, 0x0, 0x1f, 0xfc, 0x5,
    0xa0, 0xd, 0x40, 0x1a, 0x80, 0x35, 0x28, 0x7,
    0xff, 0x15, 0x68, 0x3, 0x52, 0x80, 0x65, 0xa0,
    0xd, 0x4a, 0x1, 0xff, 0xc3, 0x5a, 0x0, 0xd4,
    0xa0, 0x1e, 0x59, 0x0, 0xd4, 0xa0, 0x1f, 0xfc,
    0x15, 0xa0, 0xd, 0x4a, 0x1, 0xf9, 0x9c, 0x3,
    0x51, 0x80, 0x7f, 0xcb, 0x40, 0x1a, 0x94, 0x3,
    0xf8, 0xdc, 0x3, 0x39, 0x80, 0x7f, 0x96, 0x80,
    0x35, 0x28, 0x7, 0xf1, 0xe0, 0x6, 0x78, 0x0,
    0xff, 0xb0, 0x3, 0x52, 0x80, 0x7f, 0x1e, 0x0,
    0x67, 0x80, 0xf, 0xfe, 0x4, 0xb0, 0x2, 0x94,
    0x3, 0xfd, 0x80, 0x19, 0xe0, 0x3, 0xff, 0x85,
    0x2d, 0x4a, 0x1, 0xff, 0xc3, 0x78, 0x0, 0xff,
    0xe2, 0x4a, 0x80, 0x7f, 0xf0, 0xde, 0x0, 0x3f,
    0xfa, 0xaf, 0x0, 0x1f, 0xfd, 0x58, 0x80, 0x7,
    0xff, 0x56, 0x1c, 0x3, 0xff, 0xab, 0xe, 0x1,
    0xff, 0xd5, 0x87, 0x0, 0xff, 0xe2, 0x0,

    /* U+F00E4 "󰃤" */
    0x0, 0xfe, 0xa5, 0x0, 0xff, 0xe0, 0x2d, 0x0,
    0x7f, 0xf1, 0x6d, 0x69, 0x40, 0x3f, 0xcb, 0x4b,
    0x60, 0x1f, 0xfc, 0x3a, 0x40, 0x5, 0x28, 0x7,
    0xe5, 0xa0, 0x2, 0x50, 0x7, 0xff, 0xb, 0xc0,
    0x35, 0x28, 0x7, 0x96, 0x80, 0x37, 0x80, 0x7f,
    0xf0, 0x96, 0x80, 0x35, 0x67, 0x7f, 0xbb, 0x28,
    0x3, 0x52, 0x80, 0x7f, 0xf0, 0xd6, 0x80, 0x31,
    0x88, 0x0, 0x4c, 0x3, 0x52, 0x80, 0x7f, 0xf1,
    0x44, 0x3, 0xff, 0x84, 0x20, 0x1f, 0xfc, 0x56,
    0xb0, 0xf, 0xfe, 0x15, 0xb0, 0x7, 0xff, 0xd,
    0x24, 0x3, 0xff, 0x89, 0x28, 0x1, 0xff, 0xc1,
    0x1a, 0x0, 0xff, 0xe3, 0x50, 0x80, 0x7d, 0xff,
    0xdc, 0x20, 0x1f, 0xfc, 0x61, 0xef, 0xfe, 0x0,
    0xff, 0xff, 0x80, 0x7f, 0xf4, 0x7f, 0xf0, 0x80,
    0x7d, 0xff, 0xf8, 0x3, 0xe2, 0xff, 0xc0, 0x1e,
    0x10, 0xf, 0xfe, 0x51, 0x0, 0x7f, 0xff, 0xbf,
    0xf0, 0x7, 0xef, 0xff, 0xc0, 0x1f, 0xbf, 0xf0,
    0x7, 0xff, 0xfc, 0x3, 0xff, 0xa3, 0xff, 0x80,
    0x3f, 0x7f, 0xfe, 0x0, 0xfd, 0xff, 0x80, 0x3f,
    0xff, 0xc2, 0x1, 0xff, 0xca, 0x10, 0xf, 0x7f,
    0xe1, 0x0, 0xfb, 0xff, 0xf0, 0x7, 0xc3, 0xff,
    0x80, 0x3f, 0xff, 0xe0, 0x1f, 0xfd, 0x1f, 0xfe,
    0xe0, 0xf, 0xfe, 0x47, 0x7f, 0xf0, 0x7, 0xc3,
    0x40, 0x1f, 0xfc, 0x6a, 0x10, 0xf, 0xfe, 0xa,
    0xc0, 0x7, 0xff, 0x12, 0x14, 0x3, 0xff, 0x86,
    0xf4, 0x1, 0xff, 0xc2, 0xa7, 0x0, 0xff, 0xe2,
    0xaf, 0x28, 0x7, 0xf9, 0x79, 0x40, 0x3f, 0xf8,
    0xe3, 0x5d, 0x8, 0x20, 0x1, 0x48, 0xea, 0x10,
    0xf, 0xf0,

    /* U+F0109 "󰄉" */
    0x0, 0xff, 0xf6, 0x9d, 0xff, 0xac, 0x80, 0x3f,
    0xfa, 0xa7, 0x88, 0x0, 0x4d, 0x20, 0xf, 0xfe,
    0xa4, 0x0, 0x7a, 0x40, 0x3f, 0xfa, 0x88, 0x1,
    0xe4, 0x0, 0xff, 0xfe, 0x20, 0x7, 0x90, 0x3,
    0xff, 0xa9, 0x0, 0x1e, 0x80, 0xf, 0xfe, 0x53,
    0xd2, 0x0, 0x7c, 0x78, 0x80, 0x4, 0xc3, 0x0,
    0xff, 0xe4, 0xc4, 0x16, 0xdc, 0x3, 0xe3, 0xbf,
    0xf5, 0x98, 0x7, 0xf9, 0xec, 0x3, 0xfc, 0x40,
    0x14, 0x50, 0x7, 0xff, 0x25, 0xe1, 0x24, 0x3,
    0xfb, 0x80, 0x32, 0xe9, 0x0, 0x7f, 0xf1, 0x9a,
    0x0, 0xc, 0xa0, 0x1f, 0x92, 0x0, 0x31, 0x62,
    0x0, 0x7f, 0xf1, 0x5c, 0x40, 0x2b, 0x0, 0xfe,
    0x75, 0x0, 0xc3, 0x6e, 0x1, 0xff, 0xc4, 0x1d,
    0x0, 0x86, 0x0, 0x3f, 0xa8, 0x80, 0x3a, 0x28,
    0x3, 0xff, 0x88, 0x70, 0x1, 0x38, 0x80, 0x7f,
    0x78, 0x80, 0x72, 0xe9, 0x0, 0x7f, 0xf0, 0xdc,
    0x40, 0x26, 0x0, 0xfe, 0x2a, 0x0, 0xf1, 0x62,
    0x0, 0x7f, 0xf0, 0xe0, 0x2, 0xa0, 0xf, 0xf2,
    0x40, 0x7, 0x86, 0xdc, 0x3, 0xff, 0x84, 0xc0,
    0x11, 0x10, 0x3, 0xfc, 0xea, 0x1, 0xf4, 0x50,
    0x7, 0xff, 0x9, 0x40, 0x25, 0x0, 0xff, 0xa8,
    0x80, 0x3e, 0x5d, 0x20, 0xf, 0xfe, 0x7, 0x80,
    0x5a, 0x1, 0xff, 0xc0, 0xf1, 0x0, 0xf8, 0xb0,
    0x80, 0x3f, 0xe7, 0x0, 0x98, 0x3, 0xff, 0x80,
    0x54, 0x1, 0xf8, 0x64, 0x3, 0xfe, 0x20, 0x8,
    0x80, 0x3f, 0xf8, 0x29, 0x0, 0x1f, 0x90, 0x3,
    0xff, 0x86, 0x3f, 0xf8, 0x3, 0xfc, 0xea, 0x1,
    0xff, 0xcc, 0x10, 0x8, 0x40, 0x3f, 0xd4, 0x40,
    0x1e, 0x40, 0xf, 0xf8, 0x40, 0x21, 0x20, 0x8,
    0xc0, 0x3f, 0xef, 0x10, 0xe, 0x80, 0xf, 0xf8,
    0xc0, 0x22, 0x60, 0x9, 0xc0, 0x3f, 0xe2, 0xc4,
    0x0, 0x26, 0x18, 0x7, 0xfc, 0x80, 0x13, 0x68,
    0x5, 0x80, 0x1f, 0xfc, 0x2, 0xbf, 0xf5, 0x98,
    0x7, 0xff, 0x3, 0x0, 0x2c, 0x40, 0x9, 0xc0,
    0x3f, 0xfa, 0x4a, 0x1, 0x29, 0x90, 0x0, 0x54,
    0x3, 0xff, 0xa0, 0xa0, 0x11, 0x18, 0x28, 0x5,
    0x0, 0x1f, 0xfd, 0x8, 0x0, 0x94, 0x1, 0x20,
    0x11, 0x38, 0x7, 0xff, 0x39, 0xc8, 0x2, 0x90,
    0x0, 0xb0, 0x5, 0x4, 0x1, 0xff, 0xcc, 0x28,
    0x0, 0x98, 0x40, 0x28, 0x10, 0xb, 0xc4, 0x3,
    0xff, 0x94, 0x3e, 0x1, 0xc, 0x0, 0x61, 0xb0,
    0x8, 0xb4, 0x40, 0x3f, 0xf9, 0x3, 0xa4, 0x1,
    0x58, 0x80, 0x72, 0xb0, 0x4, 0x78, 0x40, 0x1f,
    0xfc, 0x62, 0xc3, 0x0, 0x99, 0x40, 0x3e, 0x94,
    0x0, 0x8b, 0x5c, 0x3, 0xff, 0x88, 0xfa, 0x40,
    0x12, 0x48, 0x7, 0xf5, 0xa0, 0x6, 0x8d, 0x50,
    0xf, 0xfe, 0x2, 0xec, 0x0, 0x64, 0xb0, 0xf,
    0xfa, 0xd8, 0x3, 0x15, 0x74, 0xa9, 0x8, 0x0,
    0x49, 0x67, 0xe8, 0x80, 0x33, 0x58, 0x7, 0xff,
    0x6, 0x68, 0x40, 0x30, 0xb5, 0x6f, 0x7f, 0xbb,
    0x69, 0x80, 0x38, 0x6a, 0x40, 0x3f, 0xf8, 0x6b,
    0xec, 0x1, 0xff, 0xc6, 0x6f, 0x50, 0xf, 0xfe,
    0x28, 0xcf, 0x39, 0x0, 0x7f, 0xf0, 0x9, 0xfa,
    0x44, 0x3, 0xff, 0x90, 0x31, 0xb9, 0xa, 0x62,
    0x0, 0x13, 0x58, 0xcd, 0x81, 0x0, 0xff, 0x80,

    /* U+F011D "󰄝" */
    0x0, 0xff, 0xe3, 0xbb, 0x80, 0x3f, 0xfb, 0x2f,
    0x10, 0x70, 0xf, 0xfe, 0xbc, 0x40, 0x1, 0x10,
    0x0, 0xff, 0xea, 0xc3, 0x80, 0x67, 0x80, 0xf,
    0xfe, 0x9c, 0x38, 0x7, 0x9e, 0x0, 0x3f, 0xfa,
    0x30, 0xe0, 0x1f, 0x9e, 0x0, 0x3f, 0xf9, 0xf2,
    0xe0, 0x1f, 0xe7, 0x90, 0xf, 0xfe, 0x6c, 0xb0,
    0x4, 0x20, 0x18, 0x40, 0x26, 0x90, 0xf, 0xfe,
    0x5c, 0xb0, 0x4, 0x38, 0x1, 0xb0, 0x40, 0x26,
    0x90, 0xf, 0xfe, 0x4c, 0xb0, 0x4, 0x38, 0x40,
    0x18, 0xb0, 0x40, 0x26, 0x90, 0xf, 0xfe, 0x3d,
    0x30, 0x4, 0x38, 0x40, 0x1e, 0x2c, 0x10, 0x9,
    0xa8, 0x3, 0xff, 0x8d, 0xa0, 0x11, 0x61, 0x0,
    0x7e, 0x2c, 0x10, 0xb, 0x40, 0x3f, 0xf8, 0xcf,
    0x0, 0x58, 0x40, 0x1f, 0xe2, 0xf2, 0x8, 0x70,
    0xf, 0xfe, 0x3b, 0xce, 0x8, 0x7, 0xff, 0x0,
    0x72, 0x5c, 0x3, 0xff, 0x92, 0xc2, 0x1, 0xff,
    0xc2, 0x16, 0x0, 0xff, 0xff, 0x80, 0x7f, 0xff,
    0xc0, 0x3f, 0xfe, 0x3f, 0xf8, 0x3, 0xff, 0xa9,
    0xff, 0x80, 0x3f, 0xff, 0xe0, 0x1f, 0xff, 0xf0,
    0xf, 0xff, 0xc7, 0xfe, 0x0, 0xff, 0xff, 0x80,
    0x7f, 0xfc, 0xc4, 0x2, 0xff, 0xff, 0xea, 0x0,
    0x42, 0x80, 0x1f, 0xfd, 0xa4, 0x81, 0x0, 0xff,
    0xec, 0xd, 0x96, 0x28, 0x80, 0x7f, 0xf5, 0x5,
    0x7c, 0x40,

    /* U+F012A "󰄪" */
    0xff, 0xc0, 0x1f, 0xff, 0xf0, 0xf, 0xff, 0xf8,
    0x3, 0x20, 0x3, 0xff, 0xb2, 0xc6, 0xfc, 0xc0,
    0x1f, 0xfd, 0x61, 0x80, 0x0, 0xf8, 0x7, 0xff,
    0x5a, 0x4, 0x2, 0x80, 0xf, 0xfe, 0xa9, 0xb0,
    0x5, 0x2, 0x1, 0xff, 0xd5, 0xf0, 0x8, 0x9c,
    0x3, 0xff, 0xaa, 0xa6, 0x1, 0x48, 0x7, 0xff,
    0x10, 0xec, 0x80, 0x3f, 0xf8, 0x76, 0x1, 0x22,
    0x0, 0x3f, 0xf8, 0x9e, 0x9b, 0x0, 0x1f, 0xfc,
    0x18, 0x10, 0xa, 0x40, 0x3f, 0xf8, 0x8c, 0x60,
    0x7, 0xe6, 0x0, 0xff, 0x13, 0x80, 0x4e, 0x40,
    0x1f, 0xfc, 0x31, 0x80, 0xc, 0x33, 0x86, 0x1,
    0xfa, 0x0, 0x21, 0x80, 0xf, 0xfe, 0x24, 0x8,
    0x7, 0x8f, 0x28, 0x40, 0x39, 0x14, 0x2, 0x80,
    0xf, 0xfe, 0x21, 0x30, 0x4, 0x80, 0x1c, 0xbc,
    0xe0, 0x1a, 0x40, 0x23, 0x60, 0xf, 0xfe, 0x24,
    0x80, 0x45, 0x7c, 0xa0, 0x1d, 0x1a, 0xa0, 0xc4,
    0x1, 0x78, 0x7, 0xff, 0x11, 0x50, 0x2, 0x90,
    0x1a, 0xc3, 0x0, 0xc5, 0x57, 0x0, 0x12, 0x98,
    0x7, 0xff, 0x12, 0x0, 0x25, 0x40, 0x8, 0xf2,
    0x44, 0x3, 0x20, 0x80, 0x56, 0x1, 0xff, 0xc4,
    0x72, 0x0, 0xa0, 0x3, 0xcd, 0xce, 0x1, 0xf4,
    0x8, 0x7, 0xff, 0xc, 0x60, 0x2, 0x72, 0x0,
    0xfd, 0x1a, 0xa0, 0x18, 0x9c, 0x3, 0xff, 0x89,
    0x60, 0x10, 0xc0, 0x7, 0xf8, 0xaa, 0xc8, 0x1,
    0x0, 0x1f, 0xfc, 0x43, 0x50, 0xa, 0xc0, 0x3f,
    0xf8, 0x29, 0xb2, 0xaa, 0x0, 0xff, 0xe2, 0x78,
    0x4, 0x6a, 0x1, 0xff, 0xc3, 0x6a, 0x0, 0xff,
    0xe2, 0x31, 0x80, 0x5e, 0x1, 0xff, 0xd6, 0x80,
    0x9, 0x8c, 0x3, 0xff, 0xab, 0x2, 0x1, 0x40,
    0x7, 0xff, 0x54, 0x9c, 0x2, 0x81, 0x0, 0xff,
    0xea, 0xc8, 0x4, 0x4e, 0x1, 0xff, 0xd6, 0x40,
    0xa, 0x40, 0x3f, 0xfb, 0x48, 0x80, 0xf, 0xfe,
    0xd4, 0x0, 0x7f, 0xf6, 0xf3, 0xff, 0xff, 0xa8,
    0x1, 0xff, 0xff, 0x0, 0xff, 0xf0, 0x80,

    /* U+F012C "󰄬" */
    0x0, 0xff, 0xe9, 0x9b, 0x80, 0x7f, 0xf5, 0xf,
    0x22, 0x0, 0x1f, 0xfd, 0x23, 0xc0, 0x3, 0xc0,
    0x7, 0xff, 0x40, 0xf0, 0x3, 0x78, 0x7, 0xff,
    0x3c, 0xf0, 0x3, 0x43, 0x80, 0x7f, 0xf3, 0x8f,
    0x0, 0x34, 0x38, 0x7, 0xff, 0x38, 0xf0, 0x3,
    0x43, 0x80, 0x7f, 0xf3, 0x8f, 0x0, 0x34, 0x38,
    0x7, 0xff, 0x38, 0xf0, 0x3, 0x43, 0x80, 0x7f,
    0xf3, 0x8f, 0x0, 0x34, 0x38, 0x7, 0xff, 0x38,
    0xf0, 0x3, 0x43, 0x80, 0x7f, 0xf3, 0x8f, 0x0,
    0x34, 0x38, 0x7, 0xff, 0x38, 0xf0, 0x3, 0x43,
    0x80, 0x7f, 0x9c, 0xc0, 0x3f, 0xf8, 0x47, 0x80,
    0x1a, 0x1c, 0x3, 0xfc, 0xf1, 0x86, 0x1, 0xff,
    0xc0, 0x3c, 0x0, 0xd0, 0xe0, 0x1f, 0xe7, 0x80,
    0x6, 0x18, 0x7, 0xf8, 0xf0, 0x3, 0x43, 0x80,
    0x7f, 0xf1, 0x30, 0xc0, 0x3f, 0x1e, 0x0, 0x68,
    0x70, 0xf, 0xfe, 0x3, 0xc0, 0x6, 0xc3, 0x0,
    0xf1, 0xe0, 0x6, 0x87, 0x0, 0xff, 0xe1, 0x3c,
    0x0, 0x6c, 0x30, 0xc, 0x78, 0x1, 0xa1, 0xc0,
    0x3f, 0xf8, 0x8f, 0x0, 0x1b, 0xc, 0x0, 0x78,
    0x1, 0xa1, 0xc0, 0x3f, 0xf8, 0xcf, 0x0, 0x1b,
    0xc, 0xd8, 0x1, 0xa1, 0xc0, 0x3f, 0xf9, 0xf,
    0x0, 0x1b, 0x30, 0x1, 0xa1, 0xc0, 0x3f, 0xf9,
    0x4f, 0x0, 0x1f, 0xa1, 0xc0, 0x3f, 0xf9, 0x8f,
    0x0, 0x1e, 0x87, 0x0, 0xff, 0xe7, 0x3c, 0x0,
    0x68, 0x70, 0xf, 0xfe, 0x83, 0xc0, 0x2, 0x1c,
    0x3, 0xff, 0xa4, 0xf1, 0x7, 0x0, 0xff, 0xe5,
    0x0,

    /* U+F0140 "󰅀" */
    0x0, 0x39, 0x80, 0x7f, 0xf1, 0xd, 0xc0, 0x28,
    0x86, 0x18, 0x7, 0xff, 0x8, 0xf2, 0x20, 0x10,
    0xe0, 0xc, 0x30, 0xf, 0xfe, 0x1, 0xe0, 0x1,
    0xe3, 0xc0, 0x36, 0x18, 0x7, 0xf8, 0xf0, 0x3,
    0x7b, 0xc0, 0x6, 0xc3, 0x0, 0xfc, 0x78, 0x1,
    0xa1, 0xc1, 0xe0, 0x3, 0x61, 0x80, 0x78, 0xf0,
    0x3, 0x43, 0x80, 0x4f, 0x0, 0x1b, 0xc, 0x3,
    0x1e, 0x0, 0x68, 0x70, 0xe, 0x78, 0x0, 0xd8,
    0x60, 0x3, 0xc0, 0xd, 0xe, 0x1, 0xf3, 0xc0,
    0x6, 0xc3, 0x36, 0x0, 0x68, 0x70, 0xf, 0xe7,
    0x80, 0xd, 0x98, 0x0, 0xd0, 0xe0, 0x1f, 0xf3,
    0xc0, 0x7, 0xe8, 0x70, 0xf, 0xfe, 0xb, 0xc0,
    0x7, 0xa1, 0xc0, 0x3f, 0xf8, 0x6f, 0x0, 0x1a,
    0x1c, 0x3, 0xff, 0x8a, 0xf0, 0x0, 0x87, 0x0,
    0xff, 0xe3, 0xbc, 0x41, 0xc0, 0x3f, 0xc0,

    /* U+F0141 "󰅁" */
    0x0, 0xff, 0x9e, 0x0, 0x3f, 0xf8, 0xf, 0xf,
    0x0, 0x1f, 0xe7, 0x80, 0x3, 0xb8, 0x3, 0xf3,
    0xc0, 0x6, 0x40, 0xf, 0x9e, 0x0, 0x36, 0x18,
    0x7, 0x9e, 0x0, 0x36, 0x18, 0x7, 0x9e, 0x0,
    0x36, 0x18, 0x7, 0x9e, 0x0, 0x36, 0x18, 0x7,
    0x9e, 0x0, 0x36, 0x18, 0x7, 0x9e, 0x0, 0x36,
    0x18, 0x7, 0x9e, 0x0, 0x36, 0x18, 0x7, 0x9e,
    0x0, 0x36, 0x18, 0x7, 0xff, 0x29, 0xe0, 0x3,
    0x61, 0x80, 0x7e, 0x78, 0x0, 0xd8, 0x60, 0x1f,
    0x9e, 0x0, 0x36, 0x18, 0x7, 0xe7, 0x80, 0xd,
    0x86, 0x1, 0xf9, 0xe0, 0x3, 0x61, 0x80, 0x7e,
    0x78, 0x0, 0xd8, 0x60, 0x1f, 0x9e, 0x0, 0x36,
    0x18, 0x7, 0xe7, 0x80, 0xd, 0x86, 0x1, 0xf9,
    0xe0, 0x3, 0x20, 0x7, 0xf3, 0xc0, 0x1, 0xdc,
    0x1, 0xfe, 0x78, 0x78, 0x0,

    /* U+F0142 "󰅂" */
    0x0, 0x43, 0x80, 0x7f, 0xf0, 0x21, 0xe1, 0xc0,
    0x3f, 0xce, 0xe0, 0x4, 0x38, 0x7, 0xf2, 0x0,
    0x68, 0x70, 0xf, 0xc7, 0x80, 0x1a, 0x1c, 0x3,
    0xf1, 0xe0, 0x6, 0x87, 0x0, 0xfc, 0x78, 0x1,
    0xa1, 0xc0, 0x3f, 0x1e, 0x0, 0x68, 0x70, 0xf,
    0xc7, 0x80, 0x1a, 0x1c, 0x3, 0xf1, 0xe0, 0x6,
    0x87, 0x0, 0xfc, 0x78, 0x1, 0xa1, 0xc0, 0x3f,
    0x1e, 0x0, 0x68, 0x70, 0xf, 0xfe, 0x51, 0xe0,
    0x6, 0x87, 0x0, 0xf1, 0xe0, 0x6, 0x87, 0x0,
    0xf1, 0xe0, 0x6, 0x87, 0x0, 0xf1, 0xe0, 0x6,
    0x87, 0x0, 0xf1, 0xe0, 0x6, 0x87, 0x0, 0xf1,
    0xe0, 0x6, 0x87, 0x0, 0xf1, 0xe0, 0x6, 0x87,
    0x0, 0xf1, 0xe0, 0x6, 0x87, 0x0, 0xf9, 0x0,
    0x34, 0x38, 0x7, 0xe7, 0x70, 0x2, 0x1c, 0x3,
    0xfd, 0xf, 0xe, 0x1, 0xfe,

    /* U+F0143 "󰅃" */
    0x0, 0xff, 0x9d, 0xc0, 0x1f, 0xfc, 0x97, 0x88,
    0x38, 0x7, 0xff, 0x1d, 0xe0, 0x1, 0xe, 0x1,
    0xff, 0xc5, 0x78, 0x0, 0xd0, 0xe0, 0x1f, 0xfc,
    0x37, 0x80, 0xf, 0x43, 0x80, 0x7f, 0xf0, 0x5e,
    0x0, 0x3f, 0x43, 0x80, 0x7f, 0xcf, 0x0, 0x1b,
    0x30, 0x1, 0xa1, 0xc0, 0x3f, 0x9e, 0x0, 0x36,
    0x19, 0xb0, 0x3, 0x43, 0x80, 0x7c, 0xf0, 0x1,
    0xb0, 0xc0, 0x7, 0x80, 0x1a, 0x1c, 0x3, 0x9e,
    0x0, 0x36, 0x18, 0x6, 0x3c, 0x0, 0xd0, 0xe0,
    0x13, 0xc0, 0x6, 0xc3, 0x0, 0xf1, 0xe0, 0x6,
    0x87, 0x7, 0x80, 0xd, 0x86, 0x1, 0xf8, 0xf0,
    0x3, 0x43, 0xf8, 0x6, 0xc3, 0x0, 0xff, 0x1e,
    0x0, 0x6f, 0x87, 0x0, 0x61, 0x80, 0x7f, 0xf0,
    0xf, 0x0, 0xf, 0x1, 0x10, 0xc3, 0x0, 0xff,
    0xe1, 0x1e, 0x44, 0x0,

    /* U+F0150 "󰅐" */
    0x0, 0xff, 0xe1, 0x1b, 0xd6, 0x77, 0xfb, 0xb2,
    0x9c, 0xc0, 0x3f, 0xf9, 0xa3, 0x1b, 0x90, 0xa6,
    0x20, 0x1, 0x35, 0x8c, 0xd8, 0x10, 0xf, 0xfe,
    0x40, 0xcf, 0x39, 0x0, 0x7f, 0xf0, 0x9, 0xfa,
    0x44, 0x3, 0xff, 0x8a, 0xbe, 0xc0, 0x1f, 0xfc,
    0x66, 0xf5, 0x0, 0xff, 0xe1, 0xcd, 0x8, 0x7,
    0x2c, 0xef, 0x7f, 0xbb, 0x65, 0x40, 0x38, 0x6a,
    0x40, 0x3f, 0xf8, 0x36, 0xc0, 0x18, 0xab, 0xe9,
    0x88, 0x40, 0x2, 0x4d, 0x5f, 0x44, 0x1, 0x9a,
    0xc0, 0x3f, 0xeb, 0x40, 0xd, 0x1a, 0xa0, 0x1f,
    0xfc, 0x5, 0xd8, 0x0, 0xc9, 0x60, 0x1f, 0xd2,
    0x80, 0x11, 0x6b, 0x80, 0x7f, 0xf1, 0x1f, 0x48,
    0x2, 0x49, 0x0, 0xf9, 0x58, 0x2, 0x3c, 0x20,
    0xf, 0xfe, 0x31, 0x61, 0x80, 0x4c, 0xa0, 0x1c,
    0x36, 0x1, 0x16, 0x88, 0x7, 0xff, 0x20, 0x74,
    0x80, 0x2b, 0x10, 0xd, 0x2, 0x1, 0x78, 0x80,
    0x7f, 0x7f, 0xc0, 0x1f, 0xe1, 0xf0, 0x8, 0x60,
    0x2, 0x16, 0x0, 0xa0, 0x80, 0x3f, 0xf9, 0x85,
    0x0, 0x13, 0x8, 0x2, 0x40, 0x22, 0x70, 0xf,
    0xfe, 0x73, 0x90, 0x5, 0x20, 0x5, 0x0, 0xa0,
    0x3, 0xff, 0xa1, 0x0, 0x12, 0x81, 0x90, 0x4,
    0xa0, 0x1f, 0xfd, 0x5, 0x0, 0x88, 0xd0, 0x2,
    0x60, 0xf, 0xfe, 0x92, 0x80, 0x49, 0xa0, 0x16,
    0x0, 0x7f, 0xf4, 0xb0, 0x2, 0xd6, 0x0, 0x9c,
    0x3, 0xff, 0xa4, 0x80, 0x13, 0x10, 0x4, 0x60,
    0x1f, 0xfd, 0x23, 0x0, 0x88, 0x40, 0x21, 0x0,
    0xff, 0xe9, 0x8, 0x4, 0x20, 0x1f, 0xfc, 0x94,
    0x0, 0xff, 0xe3, 0x8, 0x4, 0x20, 0x1f, 0xfc,
    0x4b, 0xa1, 0x0, 0xff, 0x84, 0x2, 0x12, 0x0,
    0x8c, 0x3, 0xff, 0x83, 0x64, 0x0, 0x5e, 0x70,
    0xf, 0xf1, 0x80, 0x44, 0xc0, 0x13, 0x80, 0x7f,
    0xf0, 0x53, 0x60, 0x2, 0x8d, 0x40, 0xf, 0xc8,
    0x1, 0x36, 0x80, 0x58, 0x1, 0xff, 0xc3, 0x7e,
    0x50, 0x1, 0x5d, 0x88, 0x3, 0xd8, 0x1, 0x6a,
    0x0, 0x4e, 0x1, 0xff, 0xc4, 0x1a, 0xb2, 0x0,
    0x26, 0xb8, 0x7, 0x28, 0x4, 0x86, 0x40, 0x1,
    0x50, 0xf, 0xfe, 0x2a, 0x6b, 0x80, 0x5c, 0x1,
    0x94, 0x2, 0x23, 0x5, 0x0, 0xa0, 0x3, 0xff,
    0x8f, 0x1a, 0x81, 0x0, 0x1a, 0x0, 0x25, 0x0,
    0x48, 0x4, 0x4e, 0x1, 0xff, 0xc7, 0x2b, 0xd1,
    0x0, 0x9c, 0x80, 0x29, 0x0, 0xb, 0x0, 0x50,
    0x40, 0x1f, 0xfc, 0x82, 0x0, 0x8a, 0x0, 0x26,
    0x10, 0xa, 0x4, 0x2, 0xf1, 0x0, 0xff, 0xe5,
    0xf, 0x80, 0x43, 0x0, 0x18, 0x6c, 0x2, 0x2d,
    0x10, 0xf, 0xfe, 0x40, 0xe9, 0x0, 0x56, 0x20,
    0x1c, 0xac, 0x1, 0x1e, 0x10, 0x7, 0xff, 0x18,
    0xb0, 0xc0, 0x26, 0x50, 0xf, 0xa5, 0x0, 0x22,
    0xd7, 0x0, 0xff, 0xe2, 0x3e, 0x90, 0x4, 0x92,
    0x1, 0xfd, 0x68, 0x1, 0xa3, 0x54, 0x3, 0xff,
    0x80, 0xbb, 0x0, 0x19, 0x2c, 0x3, 0xfe, 0xb6,
    0x0, 0xc5, 0x5d, 0x2a, 0x42, 0x0, 0x12, 0x59,
    0xfa, 0x20, 0xc, 0xd6, 0x1, 0xff, 0xc1, 0x9a,
    0x10, 0xc, 0x2d, 0x5b, 0xdf, 0xee, 0xda, 0x60,
    0xe, 0x1a, 0x90, 0xf, 0xfe, 0x1a, 0xfb, 0x0,
    0x7f, 0xf1, 0x9b, 0xd4, 0x3, 0xff, 0x8a, 0x33,
    0xce, 0x40, 0x1f, 0xfc, 0x2, 0x7e, 0x91, 0x0,
    0xff, 0xe4, 0xc, 0x6e, 0x42, 0x98, 0x80, 0x4,
    0xd6, 0x33, 0x60, 0x40, 0x3f, 0xe0,

    /* U+F0156 "󰅖" */
    0x0, 0x4a, 0x80, 0x7f, 0xf2, 0x16, 0x40, 0x29,
    0x6a, 0x50, 0xf, 0xfe, 0x32, 0xd3, 0x48, 0x4b,
    0x0, 0x29, 0x40, 0x3f, 0xf8, 0x8b, 0x40, 0x6,
    0x9c, 0x0, 0xd4, 0xa0, 0x1f, 0xfc, 0x25, 0xa0,
    0xd, 0x8b, 0x40, 0x1a, 0x94, 0x3, 0xff, 0x80,
    0xb4, 0x1, 0xa9, 0x41, 0x68, 0x3, 0x52, 0x80,
    0x7f, 0x96, 0x80, 0x35, 0x28, 0x4, 0xb4, 0x1,
    0xa9, 0x40, 0x3f, 0x2d, 0x0, 0x6a, 0x50, 0xe,
    0x5a, 0x0, 0xd4, 0xa0, 0x1e, 0x5a, 0x0, 0xd4,
    0xa0, 0x1f, 0x2d, 0x0, 0x6a, 0x50, 0xc, 0xb4,
    0x1, 0xa9, 0x40, 0x3f, 0x96, 0x80, 0x35, 0x28,
    0x1, 0x68, 0x3, 0x52, 0x80, 0x7f, 0xcb, 0x40,
    0x1a, 0x95, 0x54, 0x1, 0xa9, 0x40, 0x3f, 0xf8,
    0x2b, 0x40, 0x1a, 0xa8, 0x1, 0xa9, 0x40, 0x3f,
    0xf8, 0x6b, 0x40, 0x1f, 0xa9, 0x40, 0x3f, 0xf8,
    0xab, 0x40, 0x1e, 0xa5, 0x0, 0xff, 0xf1, 0x2d,
    0x0, 0x7a, 0x94, 0x3, 0xff, 0x8a, 0xb4, 0x1,
    0xfa, 0x94, 0x3, 0xff, 0x86, 0xb4, 0x1, 0xaa,
    0x80, 0x1a, 0x94, 0x3, 0xff, 0x82, 0xb4, 0x1,
    0xa9, 0x55, 0x40, 0x1a, 0x94, 0x3, 0xfe, 0x5a,
    0x0, 0xd4, 0xa0, 0x5, 0xa0, 0xd, 0x4a, 0x1,
    0xfc, 0xb4, 0x1, 0xa9, 0x40, 0x32, 0xd0, 0x6,
    0xa5, 0x0, 0xf9, 0x68, 0x3, 0x52, 0x80, 0x79,
    0x68, 0x3, 0x52, 0x80, 0x72, 0xd0, 0x6, 0xa5,
    0x0, 0xfc, 0xb4, 0x1, 0xa9, 0x40, 0x25, 0xa0,
    0xd, 0x4a, 0x1, 0xfe, 0x5a, 0x0, 0xd4, 0xa0,
    0xb4, 0x1, 0xa9, 0x40, 0x3f, 0xf8, 0xb, 0x40,
    0x1a, 0x97, 0x0, 0x35, 0x28, 0x7, 0xff, 0x9,
    0x68, 0x3, 0x64, 0xb0, 0x2, 0x94, 0x3, 0xff,
    0x88, 0xb4, 0x0, 0x69, 0x9, 0x6a, 0x50, 0xf,
    0xfe, 0x32, 0xd3, 0x48, 0x0,

    /* U+F0159 "󰅙" */
    0x0, 0xff, 0xe1, 0x1b, 0xd6, 0x6f, 0x73, 0x72,
    0x9c, 0xc0, 0x3f, 0xf9, 0xa3, 0x1b, 0x90, 0xa6,
    0x42, 0x22, 0x35, 0x8c, 0xd8, 0x10, 0xf, 0xfe,
    0x40, 0xc7, 0x39, 0x0, 0x7f, 0xf0, 0x9, 0xfa,
    0x4, 0x3, 0xff, 0x8a, 0xbe, 0xe0, 0x1f, 0xfc,
    0x67, 0xf4, 0x0, 0xff, 0xe1, 0xcd, 0x8, 0x7,
    0xff, 0x20, 0x6e, 0x40, 0x3f, 0xf8, 0x36, 0xc0,
    0x1f, 0xfc, 0xc6, 0xb0, 0xf, 0xfa, 0xd0, 0x3,
    0xff, 0x9c, 0x96, 0x1, 0xfd, 0x28, 0x1, 0xff,
    0xd0, 0x49, 0x0, 0xf9, 0x58, 0x3, 0xff, 0xa4,
    0xc8, 0x1, 0xc3, 0x60, 0x1f, 0xfd, 0x4a, 0x10,
    0xd, 0x2, 0x1, 0xfa, 0xd4, 0x3, 0xff, 0x80,
    0xb6, 0x1, 0xf8, 0x64, 0x2, 0x16, 0x0, 0xfd,
    0x69, 0x4a, 0x1, 0xfe, 0x5a, 0x4b, 0x0, 0xfc,
    0xe2, 0x0, 0x90, 0xf, 0xd6, 0x80, 0xa, 0x50,
    0xf, 0xcb, 0x40, 0x4, 0xb0, 0xf, 0xd2, 0x0,
    0x50, 0xf, 0xdc, 0x1, 0xa9, 0x40, 0x3c, 0xb4,
    0x1, 0xb8, 0x3, 0xf2, 0x81, 0x90, 0x7, 0xe5,
    0xa0, 0xd, 0x4a, 0x1, 0x96, 0x80, 0x35, 0x28,
    0x7, 0xe2, 0x34, 0x0, 0xff, 0x2d, 0x0, 0x6a,
    0x50, 0x2, 0xd0, 0x6, 0xa5, 0x0, 0xff, 0x26,
    0x80, 0x7f, 0xcb, 0x40, 0x1a, 0x95, 0x54, 0x1,
    0xa9, 0x40, 0x3f, 0xed, 0x60, 0xf, 0xfe, 0x2,
    0xd0, 0x6, 0xaa, 0x0, 0x6a, 0x50, 0xf, 0xfe,
    0x3, 0x10, 0x7, 0xff, 0x5, 0x68, 0x3, 0xf5,
    0x28, 0x7, 0xff, 0x4, 0x44, 0x1, 0xff, 0xc2,
    0x5a, 0x0, 0xf5, 0x28, 0x7, 0xff, 0x8, 0xc0,
    0x3f, 0xfb, 0x82, 0x1, 0xff, 0xc2, 0x5a, 0x0,
    0xf5, 0x28, 0x7, 0xff, 0x8, 0xc8, 0x3, 0xff,
    0x82, 0xb4, 0x1, 0xfa, 0x94, 0x3, 0xff, 0x82,
    0x2c, 0x1, 0xff, 0xc0, 0x5a, 0x0, 0xd5, 0x40,
    0xd, 0x4a, 0x1, 0xff, 0xc0, 0x6d, 0x0, 0xff,
    0x96, 0x80, 0x35, 0x2a, 0xa8, 0x3, 0x52, 0x80,
    0x7f, 0xda, 0x80, 0x1f, 0xe5, 0xa0, 0xd, 0x4a,
    0x0, 0x5a, 0x0, 0xd4, 0xa0, 0x1f, 0xe4, 0x32,
    0x0, 0xfc, 0xb4, 0x1, 0xa9, 0x40, 0x32, 0xd0,
    0x6, 0xa5, 0x0, 0xfc, 0x46, 0xa, 0x1, 0xfb,
    0x80, 0x35, 0x28, 0x7, 0x96, 0x80, 0x37, 0x0,
    0x7e, 0x50, 0x4, 0x80, 0x7e, 0xb4, 0x0, 0x52,
    0x80, 0x7e, 0x5a, 0x0, 0x25, 0x80, 0x7e, 0x90,
    0x0, 0xb0, 0x7, 0xeb, 0x4a, 0x50, 0xf, 0xf2,
    0xd2, 0x58, 0x7, 0xe7, 0x10, 0xa, 0x4, 0x3,
    0xf5, 0xa8, 0x7, 0xff, 0x1, 0x6c, 0x3, 0xf0,
    0xc8, 0x6, 0x1b, 0x0, 0xff, 0xea, 0x58, 0x80,
    0x72, 0xb0, 0x7, 0xff, 0x49, 0x94, 0x3, 0xe9,
    0x40, 0xf, 0xfe, 0x82, 0x48, 0x7, 0xf5, 0xa0,
    0x7, 0xff, 0x39, 0x2c, 0x3, 0xfe, 0xb6, 0x0,
    0xff, 0xe6, 0x35, 0x80, 0x7f, 0xf0, 0x66, 0x84,
    0x3, 0xff, 0x90, 0x35, 0x20, 0x1f, 0xfc, 0x35,
    0xf6, 0x0, 0xff, 0xe3, 0x37, 0xa8, 0x7, 0xff,
    0x14, 0x67, 0x9c, 0x80, 0x3f, 0xf8, 0x4, 0xfd,
    0x22, 0x1, 0xff, 0xc8, 0x18, 0xdc, 0x85, 0x31,
    0x0, 0x9, 0xac, 0x66, 0xc0, 0x80, 0x7f, 0xc0,

    /* U+F0169 "󰅩" */
    0x0, 0xf8, 0xab, 0xff, 0x80, 0x3f, 0x7f, 0xf5,
    0x10, 0x7, 0xff, 0x4, 0xb1, 0x40, 0x3f, 0xf8,
    0xcb, 0x84, 0x1, 0xff, 0xc0, 0x91, 0x0, 0xff,
    0xe4, 0xc, 0x0, 0x7f, 0xf0, 0x10, 0x3, 0xff,
    0x94, 0xa0, 0x1f, 0xfc, 0x4f, 0xfc, 0x1, 0xfb,
    0xff, 0x0, 0x7f, 0xff, 0xc0, 0x3f, 0xff, 0xe0,
    0x1f, 0xff, 0xf0, 0xf, 0xff, 0xf8, 0x4, 0x80,
    0x1f, 0xfc, 0xc4, 0x0, 0xff, 0x48, 0x7, 0xff,
    0x32, 0x40, 0x3f, 0x26, 0x90, 0x4, 0x80, 0x1f,
    0xfc, 0x44, 0x0, 0x8b, 0x50, 0x2, 0xff, 0xac,
    0x80, 0x34, 0x80, 0x7f, 0xf1, 0x24, 0x3, 0x15,
    0xff, 0xc0, 0x1f, 0x26, 0x90, 0x7, 0xff, 0x10,
    0xb5, 0x0, 0x3f, 0xfc, 0xc9, 0xa4, 0x1, 0xff,
    0xc4, 0x2d, 0x40, 0xf, 0xbf, 0xeb, 0x20, 0xd,
    0x20, 0x1f, 0xfc, 0x49, 0x0, 0xc5, 0x7f, 0xf0,
    0x4, 0x9a, 0x40, 0x12, 0x0, 0x7f, 0xf1, 0x10,
    0x2, 0x2d, 0x40, 0xf, 0xd2, 0x1, 0xff, 0xcc,
    0x90, 0xf, 0xf2, 0x0, 0x7f, 0xf3, 0x10, 0x3,
    0xff, 0xfe, 0x1, 0xff, 0xff, 0x0, 0xff, 0xff,
    0x80, 0x7f, 0xff, 0xc0, 0x2f, 0xfc, 0x1, 0xfb,
    0xff, 0x0, 0x7f, 0xf1, 0x10, 0x3, 0xff, 0x94,
    0xa0, 0x1f, 0xfc, 0x9, 0x10, 0xf, 0xfe, 0x40,
    0xc0, 0x7, 0xff, 0x0, 0xb1, 0x0, 0x3f, 0xf8,
    0xc9, 0x84, 0x1, 0xe0,

    /* U+F0174 "󰅴" */
    0x0, 0xff, 0x9e, 0x0, 0x3f, 0xf8, 0x50, 0xe0,
    0x1f, 0xfc, 0x97, 0x87, 0x80, 0xf, 0xfe, 0x4,
    0x3c, 0x38, 0x7, 0xff, 0x1d, 0xe0, 0x0, 0xee,
    0x0, 0xff, 0x3b, 0x80, 0x10, 0xe0, 0x1f, 0xfc,
    0x57, 0x80, 0x8, 0x50, 0x3, 0xfc, 0x80, 0x1a,
    0x1c, 0x3, 0xff, 0x86, 0xf0, 0x1, 0xe, 0x98,
    0x7, 0xf8, 0xf0, 0x40, 0x28, 0x70, 0xf, 0xfe,
    0xb, 0xc0, 0x4, 0x3a, 0x60, 0x1f, 0xfc, 0x3,
    0xd1, 0x0, 0xa1, 0xc0, 0x3f, 0xe7, 0x80, 0x8,
    0x74, 0xc0, 0x3f, 0xf8, 0x47, 0xa2, 0x1, 0x43,
    0x80, 0x7f, 0x3c, 0x0, 0x43, 0x86, 0x1, 0xff,
    0xc4, 0x3d, 0x10, 0xa, 0x1c, 0x3, 0xe7, 0x80,
    0x8, 0x70, 0x80, 0x3f, 0xf8, 0xc7, 0x82, 0x1,
    0x43, 0x80, 0x73, 0xc0, 0x4, 0x38, 0x40, 0x1f,
    0xfc, 0x82, 0xc1, 0x0, 0xa1, 0xc0, 0x27, 0x80,
    0x8, 0x70, 0x80, 0x3f, 0xf9, 0x45, 0x82, 0x1,
    0x43, 0x83, 0xc0, 0x4, 0x38, 0x40, 0x1f, 0xfc,
    0xc2, 0xc1, 0x0, 0xa1, 0xc0, 0x3f, 0xfb, 0x8f,
    0x0, 0x10, 0xe1, 0x0, 0x7f, 0xf3, 0xb, 0x4,
    0x2, 0x87, 0x7, 0x80, 0x8, 0x70, 0x80, 0x3f,
    0xf9, 0x45, 0x82, 0x1, 0x43, 0x80, 0x4f, 0x0,
    0x10, 0xe1, 0x0, 0x7f, 0xf2, 0xb, 0x4, 0x2,
    0x87, 0x0, 0xe7, 0x80, 0x8, 0x70, 0x80, 0x3f,
    0xf8, 0xc5, 0x82, 0x1, 0x43, 0x80, 0x7c, 0xf0,
    0x1, 0xe, 0x18, 0x7, 0xff, 0x10, 0xf0, 0x40,
    0x28, 0x70, 0xf, 0xe7, 0x80, 0x8, 0x74, 0xc0,
    0x3f, 0xf8, 0x47, 0xa2, 0x1, 0x43, 0x80, 0x7f,
    0xcf, 0x0, 0x10, 0xe9, 0x80, 0x7f, 0xf0, 0xf,
    0x44, 0x2, 0x87, 0x0, 0xff, 0xe0, 0xbc, 0x0,
    0x43, 0xa6, 0x1, 0xfe, 0x3d, 0x10, 0xa, 0x1c,
    0x3, 0xff, 0x86, 0xf0, 0x1, 0xa, 0x0, 0x7f,
    0x90, 0x40, 0x28, 0x70, 0xf, 0xfe, 0x2b, 0xc0,
    0x1, 0xdc, 0x1, 0xfe, 0x77, 0x0, 0x21, 0xc0,
    0x3f, 0xf8, 0xef, 0xf, 0x0, 0x1f, 0xfc, 0x8,
    0x78, 0x70, 0xf, 0xf0,

    /* U+F018D "󰆍" */
    0x2, 0xaf, 0xff, 0xfe, 0xb5, 0x10, 0x16, 0x28,
    0x7, 0xff, 0x59, 0x70, 0xa0, 0x40, 0x3f, 0xfb,
    0x3, 0x8, 0x1, 0xff, 0xda, 0x41, 0x0, 0xff,
    0xed, 0x8, 0x7, 0xff, 0xfc, 0x3, 0xff, 0xcb,
    0xff, 0xff, 0xd4, 0x0, 0xff, 0xff, 0x80, 0x7f,
    0xfb, 0x17, 0xff, 0x90, 0x3, 0xff, 0xaa, 0xb4,
    0x1, 0xad, 0x40, 0x3f, 0xfa, 0xab, 0x40, 0x1a,
    0x94, 0x3, 0xff, 0xaa, 0xb4, 0x1, 0xa9, 0x40,
    0x3f, 0xfa, 0xab, 0x40, 0x1a, 0x94, 0x3, 0xff,
    0xaa, 0xb4, 0x1, 0xa9, 0x40, 0x3f, 0xfa, 0xab,
    0x40, 0x1a, 0x94, 0x3, 0xff, 0xaa, 0xb4, 0x1,
    0xac, 0x3, 0xff, 0xac, 0x60, 0x1f, 0xfd, 0xa6,
    0x90, 0xd, 0x60, 0x1f, 0xfd, 0x46, 0x90, 0xd,
    0x2a, 0x1, 0xff, 0xd3, 0x59, 0x0, 0xd2, 0xc0,
    0x1f, 0xfd, 0x35, 0xa0, 0xd, 0x2c, 0x1, 0xbf,
    0xff, 0xc0, 0x1f, 0xfc, 0x55, 0xa0, 0xd, 0x2c,
    0x1, 0xff, 0xd3, 0x5a, 0x0, 0xd2, 0xc0, 0x1f,
    0xfd, 0x35, 0xa0, 0xd, 0x2c, 0x1, 0xff, 0xd4,
    0x5f, 0xfe, 0x60, 0xf, 0xdf, 0xff, 0xe0, 0xf,
    0xff, 0xf8, 0x7, 0xff, 0xa4, 0x40, 0x2f, 0xff,
    0xfe, 0xa0, 0x4, 0x28, 0x1, 0xff, 0xda, 0x48,
    0x10, 0xf, 0xfe, 0xc0, 0xc1, 0x62, 0x0, 0x7f,
    0xf5, 0x97, 0x8,

    /* U+F018F "󰆏" */
    0x0, 0xff, 0xed, 0x95, 0xff, 0xff, 0xf3, 0x40,
    0x3f, 0xc5, 0x88, 0x1, 0xff, 0xd7, 0x81, 0x0,
    0xff, 0xec, 0x20, 0x7, 0xff, 0x64, 0x40, 0x2f,
    0xff, 0xfe, 0x60, 0x7, 0xff, 0xfc, 0x3, 0xff,
    0xdc, 0x55, 0xdf, 0xff, 0xfc, 0xae, 0xa2, 0x0,
    0xfe, 0x2c, 0x51, 0x0, 0xff, 0xe5, 0xa, 0xe1,
    0x0, 0x7e, 0x81, 0x0, 0xff, 0xe7, 0xc, 0x0,
    0x7e, 0x50, 0xf, 0xfe, 0x82, 0x80, 0x7f, 0xf0,
    0x3f, 0xff, 0xf9, 0x40, 0x1f, 0xff, 0xf0, 0xf,
    0xff, 0xf8, 0x7, 0xff, 0xfc, 0x3, 0xff, 0xfe,
    0x1, 0xff, 0xff, 0x0, 0xff, 0xff, 0x80, 0x7f,
    0xff, 0xc0, 0x3f, 0xff, 0xe0, 0x1f, 0xff, 0xf0,
    0xf, 0xff, 0x3f, 0xfe, 0x0, 0xff, 0xff, 0x80,
    0x7f, 0xff, 0xc0, 0x3f, 0xff, 0xe0, 0x1f, 0xff,
    0xf0, 0xf, 0xfe, 0x7, 0xff, 0xff, 0x28, 0x3,
    0xff, 0x80, 0x80, 0x1f, 0xfd, 0x4, 0x0, 0xfd,
    0x20, 0x1f, 0xfd, 0x9, 0x0, 0xfc, 0x5a, 0x80,
    0x1f, 0xfc, 0xc4, 0xd2, 0x0, 0xfe, 0x2b, 0xff,
    0xff, 0xe6, 0x59, 0x0,

    /* U+F01A4 "󰆤" */
    0x0, 0xff, 0xfb, 0xff, 0xe0, 0xf, 0xff, 0xf8,
    0x7, 0xff, 0xfc, 0x3, 0xff, 0x9c, 0x4d, 0x5a,
    0x1, 0xb6, 0x98, 0x80, 0x3f, 0xfa, 0x8b, 0x9b,
    0x2a, 0x40, 0x18, 0x96, 0x77, 0x14, 0x3, 0xff,
    0xa0, 0x9b, 0x46, 0x1, 0xff, 0xc0, 0x3a, 0xd4,
    0x0, 0xff, 0xe6, 0xcd, 0x90, 0x7, 0xff, 0x10,
    0xae, 0x0, 0x3f, 0xf9, 0x43, 0x8c, 0x1, 0xc7,
    0x17, 0xbd, 0xcd, 0xb8, 0x30, 0xe, 0x7c, 0x10,
    0xf, 0xfe, 0x38, 0xe1, 0x80, 0x65, 0xdc, 0x74,
    0x21, 0x11, 0x23, 0xe6, 0xa8, 0x6, 0x3c, 0x10,
    0xf, 0xfe, 0x36, 0x90, 0x4, 0x59, 0x44, 0x1,
    0xfe, 0x2a, 0xc2, 0x0, 0x8b, 0x40, 0x3f, 0xf8,
    0xb2, 0x60, 0x12, 0x69, 0x80, 0x7f, 0xf0, 0x8f,
    0x50, 0x2, 0x38, 0x0, 0xff, 0xe1, 0xa3, 0x0,
    0x49, 0x60, 0x1f, 0xfc, 0x6b, 0x40, 0x9, 0xd0,
    0x3, 0xff, 0x85, 0x20, 0x11, 0x58, 0x7, 0xff,
    0x22, 0xc8, 0x2, 0x90, 0xf, 0xfe, 0xa, 0x90,
    0x5, 0xc0, 0x1f, 0x14, 0x67, 0x73, 0x20, 0x80,
    0x3e, 0xe0, 0x8, 0x94, 0x3, 0xff, 0x81, 0x20,
    0x12, 0x98, 0x7, 0xa3, 0x5c, 0xc4, 0x46, 0xfb,
    0x0, 0x1e, 0x35, 0x0, 0xa4, 0x3, 0xfe, 0x23,
    0x0, 0xa0, 0x3, 0xd6, 0xe0, 0x1f, 0x9e, 0xc0,
    0x3d, 0x0, 0x11, 0x90, 0x7, 0xf9, 0x0, 0x23,
    0x20, 0xe, 0x84, 0x0, 0xff, 0x24, 0x0, 0x71,
    0x18, 0x4, 0x80, 0x1f, 0xec, 0x0, 0xac, 0x3,
    0x89, 0xc0, 0x3f, 0xf8, 0xe, 0x40, 0x1d, 0x60,
    0x16, 0x0, 0x7f, 0x9c, 0x2, 0x30, 0xe, 0xa0,
    0xf, 0xfe, 0x15, 0x0, 0x71, 0x80, 0x4e, 0x1,
    0xef, 0xfc, 0x40, 0x12, 0x80, 0x72, 0x80, 0x7f,
    0xf0, 0x90, 0x3, 0x98, 0x2, 0x2f, 0xfc, 0x1,
    0xfe, 0x10, 0xe, 0x30, 0xf, 0xfe, 0x11, 0x0,
    0x71, 0x80, 0x7f, 0xfd, 0x4, 0x3, 0x8c, 0x3,
    0xff, 0x84, 0x40, 0x1c, 0x60, 0x1f, 0xef, 0xfc,
    0x40, 0x12, 0x80, 0x72, 0x80, 0x7f, 0xf0, 0x90,
    0x3, 0x98, 0x2, 0x2f, 0xfc, 0x1, 0xe7, 0x0,
    0x8c, 0x3, 0xa8, 0x3, 0xff, 0x85, 0x40, 0x1c,
    0x60, 0x13, 0x80, 0x7f, 0xb0, 0x2, 0xb0, 0xe,
    0x27, 0x0, 0xff, 0xe0, 0x39, 0x0, 0x75, 0x80,
    0x58, 0x1, 0xfe, 0x40, 0x8, 0xc8, 0x3, 0xa1,
    0x0, 0x3f, 0xc9, 0x0, 0x1c, 0x46, 0x1, 0x20,
    0x7, 0xf8, 0x8c, 0x2, 0x80, 0xf, 0x5b, 0x80,
    0x7e, 0x7b, 0x0, 0xf4, 0x0, 0x46, 0x40, 0x1f,
    0xf4, 0x80, 0x4a, 0x60, 0x1e, 0x8d, 0x72, 0x11,
    0x13, 0xec, 0x0, 0x78, 0xd4, 0x2, 0x90, 0xf,
    0xfe, 0x2, 0x90, 0x5, 0xc0, 0x1f, 0x14, 0x6f,
    0x73, 0x60, 0x80, 0x3e, 0xe0, 0x8, 0x94, 0x3,
    0xff, 0x83, 0x20, 0x11, 0x58, 0x7, 0xff, 0x22,
    0xc8, 0x2, 0x90, 0xf, 0xfe, 0x12, 0x30, 0x4,
    0x96, 0x1, 0xff, 0xc6, 0xb4, 0x0, 0x99, 0x0,
    0x3f, 0xf8, 0x72, 0x60, 0x12, 0x69, 0x80, 0x7f,
    0xf0, 0x8f, 0x50, 0x2, 0x39, 0x0, 0xff, 0xe2,
    0xe9, 0x0, 0x45, 0x94, 0x40, 0x1f, 0xe2, 0xac,
    0x20, 0x8, 0xb4, 0x3, 0xff, 0x8c, 0x38, 0x60,
    0x19, 0x77, 0x1d, 0x4, 0x0, 0x28, 0xf9, 0xaa,
    0x1, 0x8f, 0x4, 0x3, 0xff, 0x8e, 0x38, 0xc0,
    0x1c, 0x71, 0x7d, 0xfe, 0xeb, 0x83, 0x0, 0xe6,
    0xc1, 0x0, 0xff, 0xe5, 0x4d, 0x90, 0x7, 0xff,
    0x10, 0xae, 0x40, 0x3f, 0xf9, 0xa9, 0xb4, 0x60,
    0x1f, 0xfc, 0x3, 0xad, 0x40, 0xf, 0xfe, 0x82,
    0xe6, 0xca, 0x90, 0x6, 0x25, 0x9d, 0xc5, 0x0,
    0xff, 0xea, 0x13, 0x56, 0x80, 0x6d, 0xa6, 0x20,
    0xf, 0xff, 0xf8, 0x7, 0xff, 0xfc, 0x3, 0xff,
    0x9d, 0xff, 0x80, 0x3f, 0xf9, 0x20,

    /* U+F01A7 "󰆧" */
    0x0, 0xff, 0xe2, 0x2e, 0xe9, 0x80, 0x3f, 0xfa,
    0x69, 0x94, 0x44, 0x9d, 0x40, 0xf, 0xfe, 0x79,
    0x5d, 0x8c, 0x3, 0x15, 0xd8, 0xc0, 0x3f, 0xf9,
    0x63, 0x3a, 0x80, 0x1f, 0x93, 0x28, 0x40, 0x3f,
    0xf9, 0xf, 0xcc, 0x1, 0xca, 0xc0, 0x1c, 0xbd,
    0x0, 0x1f, 0xfc, 0x55, 0xe8, 0x0, 0xe3, 0xca,
    0x9d, 0x40, 0xe, 0x7e, 0x60, 0xf, 0xfe, 0xa,
    0x65, 0x8, 0x6, 0x2a, 0xc3, 0x0, 0x15, 0xd8,
    0x80, 0x30, 0xce, 0xa0, 0x7, 0xf1, 0x5d, 0x8c,
    0x3, 0xc, 0xea, 0x80, 0x79, 0x36, 0x44, 0x3,
    0x15, 0xe1, 0x80, 0x70, 0xce, 0xa0, 0x7, 0x3f,
    0xb0, 0x7, 0xf9, 0xb9, 0xc0, 0x38, 0xf2, 0x84,
    0x0, 0xbc, 0xc0, 0x1c, 0xbb, 0x2, 0x1, 0xff,
    0xc1, 0x8e, 0x60, 0xe, 0x5e, 0x60, 0xb0, 0xe,
    0x3c, 0xa2, 0x0, 0xff, 0xe2, 0xc, 0xea, 0x0,
    0x74, 0x80, 0x80, 0x7f, 0xf5, 0xc4, 0x3, 0xc7,
    0x94, 0x40, 0x1f, 0xfc, 0x41, 0x9d, 0x40, 0xf,
    0xfe, 0x1a, 0xec, 0x0, 0x7f, 0xf0, 0xa3, 0x98,
    0x3, 0xff, 0x82, 0xa0, 0x1c, 0xfc, 0xc0, 0x1f,
    0xe6, 0xe7, 0x0, 0xe4, 0x0, 0xfe, 0xac, 0x30,
    0xc, 0x33, 0xa8, 0x1, 0xe4, 0xd9, 0x10, 0xc,
    0x79, 0x60, 0x1f, 0xe3, 0xca, 0x20, 0xc, 0x57,
    0x63, 0x0, 0x15, 0xd8, 0x80, 0x30, 0xd6, 0x18,
    0x7, 0xff, 0x5, 0x76, 0x4, 0x3, 0x26, 0x4c,
    0xb5, 0x0, 0x3a, 0x39, 0x40, 0x3f, 0xf8, 0xaf,
    0xec, 0x1, 0xcc, 0xc0, 0xe, 0x6e, 0x70, 0xf,
    0xfe, 0x40, 0xce, 0xa0, 0x7, 0xe4, 0xd9, 0x10,
    0xf, 0xfe, 0x59, 0x5d, 0x88, 0x3, 0x15, 0xd8,
    0x80, 0x3f, 0xf9, 0xe9, 0xa0, 0x1b, 0x50, 0x3,
    0xff, 0xfe, 0x1, 0xff, 0xff, 0x0, 0xff, 0xf5,
    0x8, 0x7, 0xff, 0x63, 0xd8, 0x3, 0xff, 0x98,
    0xba, 0x1, 0xc2, 0x1, 0xc, 0xe1, 0x80, 0x7f,
    0xf2, 0xf, 0x28, 0x80, 0x30, 0xd8, 0x7, 0x1e,
    0x51, 0x0, 0x7f, 0xf1, 0x6, 0xb0, 0xc0, 0x3a,
    0x41, 0x79, 0x80, 0x39, 0x76, 0x0, 0x3f, 0xf8,
    0x51, 0xca, 0x1, 0xcb, 0xcc, 0x0, 0x19, 0xd4,
    0x0, 0xe7, 0xe6, 0x0, 0xff, 0x2f, 0x38, 0x7,
    0x1e, 0x50, 0x80, 0x71, 0x5d, 0x8c, 0x3, 0xc,
    0xe1, 0x80, 0x78, 0xf2, 0x84, 0x3, 0x15, 0x61,
    0x80, 0x7f, 0x26, 0x50, 0x80, 0x63, 0xca, 0x0,
    0xd5, 0x86, 0x1, 0x86, 0x75, 0x40, 0x3f, 0xf8,
    0x2b, 0xd0, 0x1, 0xca, 0x1, 0x94, 0x3, 0x9f,
    0x98, 0x3, 0xff, 0x8a, 0xfc, 0xc0, 0x1f, 0xfc,
    0x5, 0xe8, 0x0, 0xff, 0xe4, 0xc, 0xea, 0x0,
    0x7e, 0x4c, 0xa1, 0x0, 0xff, 0xe5, 0x95, 0xd8,
    0xc0, 0x31, 0x5d, 0x8c, 0x3, 0xff, 0x9e, 0x99,
    0x44, 0x33, 0xa8, 0x1, 0xff, 0xc3,

    /* U+F01B4 "󰆴" */
    0x0, 0xfc, 0xff, 0xff, 0xe7, 0x0, 0xff, 0xe1,
    0xc4, 0x0, 0x3f, 0xd1, 0x0, 0xf, 0xbf, 0xfe,
    0x70, 0xf, 0xfe, 0x3, 0xff, 0xfc, 0x1, 0xff,
    0xff, 0x0, 0xfe, 0xff, 0xff, 0xe8, 0x0, 0x7f,
    0xf4, 0xbf, 0xff, 0xf9, 0x80, 0x1f, 0xff, 0xf0,
    0xf, 0xff, 0xf8, 0x7, 0xff, 0xfc, 0x3, 0xff,
    0xfe, 0x1, 0xff, 0xff, 0x0, 0xff, 0xff, 0x80,
    0x7f, 0xff, 0xc0, 0x3f, 0xff, 0xe0, 0x1f, 0xff,
    0xf0, 0x40, 0xf, 0xfe, 0x52, 0x80, 0x69, 0x10,
    0xf, 0xfe, 0x40, 0xc0, 0x6, 0x2c, 0x40, 0xf,
    0xfe, 0x32, 0x61, 0x0, 0x0,

    /* U+F01BC "󰆼" */
    0x0, 0xff, 0x23, 0xd6, 0x77, 0xfe, 0xec, 0xa7,
    0x40, 0xf, 0xfe, 0x20, 0xb6, 0x7d, 0xc2, 0x98,
    0x80, 0x61, 0x35, 0x8b, 0xfc, 0x61, 0x0, 0xff,
    0xc, 0x74, 0x98, 0x7, 0xff, 0x10, 0xe7, 0xa0,
    0x40, 0x3e, 0x4f, 0x70, 0xf, 0xfe, 0x53, 0xfa,
    0x0, 0x73, 0x58, 0x80, 0x7f, 0xf3, 0x6, 0xd8,
    0x2, 0x39, 0x0, 0xff, 0xe8, 0x49, 0x80, 0x20,
    0x3, 0xff, 0xa5, 0x0, 0x4, 0x0, 0xff, 0xe9,
    0x20, 0x7, 0xff, 0x61, 0x0, 0x3f, 0xfa, 0x48,
    0x0, 0x80, 0xf, 0xfe, 0x94, 0x0, 0xe, 0x40,
    0x3f, 0xfa, 0x12, 0x60, 0x13, 0x50, 0x80, 0x7f,
    0xf3, 0x6, 0x98, 0x2, 0x40, 0x5f, 0x60, 0xf,
    0xfe, 0x53, 0x7a, 0x82, 0x0, 0x20, 0x0, 0x33,
    0xd0, 0x60, 0x1f, 0xfc, 0x43, 0x8e, 0x91, 0x0,
    0x40, 0x0, 0xe4, 0x2, 0x17, 0xce, 0xa7, 0x42,
    0x10, 0xc, 0x24, 0x8f, 0x5d, 0x8e, 0x20, 0x15,
    0x18, 0x4, 0xd6, 0x20, 0x18, 0x56, 0x2f, 0x7b,
    0xff, 0x76, 0xdc, 0x28, 0x80, 0x61, 0xb5, 0x0,
    0xe4, 0xe7, 0x0, 0xff, 0xe5, 0x3f, 0x20, 0x7,
    0xe8, 0xf9, 0x40, 0xf, 0xfe, 0x22, 0x4f, 0xc0,
    0x7, 0x90, 0x3, 0x9a, 0xfe, 0xe1, 0x4c, 0x84,
    0x0, 0x24, 0x6b, 0x17, 0xf6, 0xc0, 0x1c, 0x80,
    0x8, 0x0, 0xfc, 0x8f, 0x59, 0xbd, 0xfe, 0xed,
    0xca, 0x74, 0x0, 0xfd, 0x0, 0x3, 0x90, 0xf,
    0xfe, 0x85, 0x18, 0x4, 0xd6, 0x20, 0x1f, 0xfc,
    0xc1, 0xb5, 0x0, 0x90, 0x13, 0x9c, 0x3, 0xff,
    0x94, 0xfc, 0x80, 0x80, 0x8, 0x0, 0xa3, 0xe5,
    0x0, 0x3f, 0xf8, 0x89, 0x3f, 0x0, 0x14, 0x0,
    0xe, 0x40, 0x33, 0x5f, 0xdc, 0x29, 0x90, 0x80,
    0x4, 0x8d, 0x62, 0xfe, 0xd8, 0x3, 0x49, 0x80,
    0x4d, 0x62, 0x1, 0xc8, 0xf5, 0x9b, 0xdf, 0xee,
    0xdc, 0xa7, 0x40, 0xe, 0x1b, 0x60, 0xe, 0x4f,
    0x70, 0xf, 0xfe, 0x53, 0xfa, 0x0, 0x7c, 0x31,
    0xd2, 0x60, 0x1f, 0xfc, 0x43, 0x9e, 0x81, 0x0,
    0xe4, 0x0, 0xc2, 0xd9, 0xd6, 0xea, 0x62, 0x1,
    0x84, 0xd5, 0xef, 0xb1, 0x84, 0x3, 0x20, 0x2,
    0x0, 0x3e, 0x14, 0x8a, 0xce, 0xff, 0xdd, 0x95,
    0x8, 0x20, 0x1f, 0x40, 0x0, 0xe4, 0x3, 0xff,
    0xa1, 0x26, 0x1, 0x35, 0x88, 0x7, 0xff, 0x30,
    0x6d, 0x80, 0x39, 0x3d, 0xc0, 0x3f, 0xf9, 0x4f,
    0xe8, 0x1, 0xf0, 0xc7, 0x49, 0x80, 0x7f, 0xf1,
    0xe, 0x7a, 0x4, 0x3, 0xfc, 0x2d, 0x9d, 0x6e,
    0xa6, 0x20, 0x18, 0x4d, 0x5e, 0xfb, 0x18, 0x40,
    0x3c,

    /* U+F01BE "󰆾" */
    0x0, 0xff, 0xe4, 0x11, 0x0, 0x3f, 0xfb, 0x65,
    0x98, 0x20, 0xf, 0xfe, 0xc9, 0x60, 0x8b, 0x8,
    0x3, 0xff, 0xae, 0x58, 0x20, 0x1, 0xc2, 0x0,
    0xff, 0xea, 0x96, 0x8, 0x6, 0x1c, 0x20, 0xf,
    0xfe, 0x99, 0x60, 0x80, 0x78, 0x70, 0x80, 0x3f,
    0xfa, 0x25, 0x82, 0x1, 0xf8, 0x70, 0x80, 0x3f,
    0xf9, 0xe5, 0x82, 0x1, 0xfe, 0x1c, 0x20, 0xf,
    0xfe, 0x69, 0x60, 0x80, 0x7f, 0xf0, 0x7, 0x8,
    0x3, 0xff, 0x98, 0x5d, 0xff, 0xc0, 0x1b, 0xff,
    0xb8, 0x80, 0x3f, 0xff, 0xe0, 0x1f, 0xfd, 0x12,
    0x0, 0xff, 0xe6, 0x10, 0x7, 0xff, 0xc, 0xb0,
    0x3, 0xff, 0x99, 0x84, 0x1, 0xff, 0xc1, 0x2c,
    0x10, 0xf, 0xfe, 0x60, 0xe1, 0x0, 0x7f, 0xc5,
    0x82, 0x1, 0xff, 0xce, 0x1c, 0x20, 0xf, 0xe2,
    0xc1, 0x0, 0xff, 0xe8, 0xe, 0x10, 0x7, 0xc5,
    0x82, 0x1, 0xff, 0xd2, 0x1c, 0x20, 0xe, 0x2c,
    0x10, 0xf, 0xfe, 0xa0, 0xe1, 0x0, 0x45, 0x82,
    0x1, 0xdf, 0xff, 0xe0, 0xd, 0xff, 0xfe, 0x0,
    0xe1, 0xc2, 0x2, 0xc1, 0x0, 0xff, 0xec, 0xe,
    0x10, 0x7, 0xff, 0x78, 0xb0, 0x40, 0x3f, 0xfb,
    0x3, 0x84, 0x5, 0x82, 0x1, 0xdf, 0xff, 0xe0,
    0xd, 0xff, 0xfe, 0x0, 0xe1, 0xc2, 0x0, 0x8b,
    0x4, 0x3, 0xff, 0xa8, 0x38, 0x40, 0x1c, 0x58,
    0x20, 0x1f, 0xfd, 0x21, 0xc2, 0x0, 0xf8, 0xb0,
    0x40, 0x3f, 0xfa, 0x3, 0x84, 0x1, 0xfc, 0x58,
    0x20, 0x1f, 0xfc, 0xe1, 0xc2, 0x0, 0xff, 0x8b,
    0x4, 0x3, 0xff, 0x98, 0x38, 0x40, 0x1f, 0xfc,
    0x12, 0xc0, 0xf, 0xfe, 0x66, 0x10, 0x7, 0xff,
    0xc, 0x80, 0x3f, 0xf9, 0x84, 0x1, 0xff, 0xff,
    0x0, 0xff, 0xe8, 0x97, 0x7f, 0xf0, 0x6, 0xff,
    0xee, 0x20, 0xf, 0xfe, 0x61, 0x60, 0x80, 0x7f,
    0xf0, 0x7, 0x8, 0x3, 0xff, 0x9a, 0x58, 0x20,
    0x1f, 0xe1, 0xc2, 0x0, 0xff, 0xe7, 0x96, 0x8,
    0x7, 0xe1, 0xc2, 0x0, 0xff, 0xe8, 0x96, 0x8,
    0x7, 0x87, 0x8, 0x3, 0xff, 0xa6, 0x58, 0x20,
    0x18, 0x70, 0x80, 0x3f, 0xfa, 0xa5, 0x82, 0x0,
    0x1c, 0x20, 0xf, 0xfe, 0xb9, 0x60, 0x8b, 0x8,
    0x3, 0xff, 0xb2, 0x59, 0x82, 0x0, 0xff, 0xe3,
    0x80,

    /* U+F01D9 "󰇙" */
    0x0, 0xff, 0xe0, 0x1d, 0xff, 0xac, 0x80, 0x23,
    0xc4, 0x0, 0x26, 0x90, 0x2, 0x0, 0x3d, 0x20,
    0x4, 0x0, 0xf2, 0x0, 0x7f, 0xf0, 0x10, 0x3,
    0xc8, 0x0, 0x80, 0xf, 0x40, 0x0, 0xf1, 0x0,
    0x9, 0x86, 0x1, 0x1d, 0xff, 0xac, 0xc0, 0x3f,
    0xfa, 0xc7, 0x7f, 0xeb, 0x20, 0x8, 0xf1, 0x0,
    0x9, 0xa4, 0x0, 0x80, 0xf, 0x48, 0x1, 0x0,
    0x3c, 0x80, 0x1f, 0xfc, 0x4, 0x0, 0xf2, 0x0,
    0x20, 0x3, 0xd0, 0x0, 0x3c, 0x40, 0x2, 0x61,
    0x80, 0x47, 0x7f, 0xeb, 0x30, 0xf, 0xfe, 0xb1,
    0xdf, 0xfa, 0xc8, 0x2, 0x3c, 0x40, 0x2, 0x69,
    0x0, 0x20, 0x3, 0xd2, 0x0, 0x40, 0xf, 0x20,
    0x7, 0xff, 0x1, 0x0, 0x3c, 0x80, 0x8, 0x0,
    0xf4, 0x0, 0xf, 0x10, 0x0, 0x98, 0x60, 0x11,
    0xdf, 0xfa, 0xcc, 0x0,

    /* U+F01DA "󰇚" */
    0x0, 0xfd, 0xff, 0xff, 0xc0, 0x0, 0xff, 0xff,
    0x80, 0x7f, 0xff, 0xc0, 0x3f, 0xff, 0xe0, 0x1f,
    0xff, 0xf0, 0xf, 0xfe, 0x23, 0xff, 0xfc, 0x1,
    0xff, 0xc0, 0xff, 0xf9, 0xdd, 0x0, 0x1f, 0xfc,
    0xc8, 0x70, 0x78, 0x0, 0xff, 0xe5, 0x43, 0x80,
    0x4f, 0x0, 0x1f, 0xfc, 0x88, 0x70, 0xe, 0x78,
    0x0, 0xff, 0xe3, 0x43, 0x80, 0x7c, 0xf0, 0x1,
    0xff, 0xc4, 0x87, 0x0, 0xfe, 0x78, 0x0, 0xff,
    0xe1, 0x43, 0x80, 0x7f, 0xcf, 0x0, 0x1f, 0xfc,
    0x8, 0x70, 0xf, 0xfe, 0xb, 0xc0, 0x7, 0xfa,
    0x1c, 0x3, 0xff, 0x86, 0xf0, 0x1, 0xfa, 0x1c,
    0x3, 0xff, 0x8a, 0xf0, 0x1, 0xe8, 0x70, 0xf,
    0xfe, 0x3b, 0xc0, 0x6, 0x87, 0x0, 0xff, 0xe4,
    0xbc, 0x0, 0x21, 0xc0, 0x3f, 0xf9, 0x6f, 0x10,
    0x70, 0xf, 0xfe, 0x6b, 0xb8, 0x3, 0xff, 0xfe,
    0x1, 0xff, 0xca, 0xff, 0xff, 0xe8, 0x0, 0x7f,
    0xff, 0xc0, 0x3f, 0xbf, 0xff, 0xfa, 0x0,

    /* U+F01EA "󰇪" */
    0x0, 0xff, 0xe0, 0xaa, 0x0, 0x7f, 0xf3, 0x46,
    0xe8, 0x40, 0x3f, 0xf9, 0x96, 0x22, 0xb0, 0xf,
    0xfe, 0x5a, 0xa8, 0x0, 0xa8, 0x1, 0xff, 0xc9,
    0x1b, 0x0, 0xd4, 0x20, 0x1f, 0xfc, 0x8b, 0x10,
    0xc, 0x36, 0x1, 0xff, 0xc7, 0x55, 0x0, 0x79,
    0x50, 0x3, 0xff, 0x8a, 0x36, 0x1, 0xfa, 0x84,
    0x3, 0xff, 0x89, 0x62, 0x1, 0xf8, 0x6c, 0x3,
    0xff, 0x86, 0xaa, 0x0, 0xff, 0x2a, 0x0, 0x7f,
    0xf0, 0x46, 0xc0, 0x3f, 0xf8, 0x14, 0x20, 0x1f,
    0xfc, 0xb, 0x10, 0xf, 0xfe, 0x0, 0xd8, 0x7,
    0xfc, 0xaa, 0x0, 0xff, 0xe1, 0x2a, 0x0, 0x7f,
    0xd, 0x80, 0x7f, 0xf1, 0x28, 0x40, 0x3f, 0x58,
    0x80, 0x7f, 0xf1, 0x6, 0xc0, 0x3e, 0x55, 0x0,
    0x7f, 0xf1, 0x95, 0x0, 0x38, 0x6c, 0x3, 0xff,
    0x91, 0x42, 0x1, 0xac, 0x40, 0x3f, 0xf9, 0x3,
    0x60, 0x12, 0xa8, 0x3, 0xff, 0x94, 0xa8, 0x3,
    0x60, 0x1f, 0xfc, 0xca, 0x11, 0x77, 0xff, 0xff,
    0x33, 0x84, 0x3, 0xff, 0xfe, 0x1, 0xfd, 0xff,
    0xff, 0xd0, 0x0, 0xff, 0xff, 0x80, 0x7f, 0x0,

    /* U+F01FA "󰇺" */
    0x0, 0xff, 0xf7, 0xff, 0xff, 0xf1, 0x0, 0x3f,
    0xff, 0xe0, 0x1f, 0xff, 0xf0, 0xf, 0xfe, 0x37,
    0xff, 0x80, 0x37, 0xff, 0x80, 0x3f, 0xff, 0xe0,
    0x1f, 0xff, 0xf0, 0xf, 0xfe, 0x2b, 0xff, 0xf8,
    0x3, 0x7f, 0xff, 0xf0, 0x0, 0x3f, 0xf9, 0x51,
    0x0, 0xf, 0xfe, 0xfc, 0x38, 0x7, 0xff, 0x3f,
    0xff, 0xc0, 0x1f, 0xe8, 0x70, 0xf, 0xfe, 0xc7,
    0xfe, 0x0, 0xce, 0x1, 0xff, 0xff, 0x0, 0xff,
    0xff, 0x80, 0x7f, 0xfb, 0xff, 0xf0, 0x7, 0xff,
    0xbb, 0xff, 0x0, 0x7f, 0xff, 0xc0, 0x3f, 0xff,
    0xe0, 0x1f, 0xfd, 0x2f, 0xfc, 0x1, 0xff, 0xff,
    0x0, 0xff, 0xef, 0xff, 0xe0, 0xf, 0xff, 0xf8,
    0x7, 0xff, 0xef, 0xff, 0x0, 0x6f, 0xff, 0x40,
    0x7, 0xff, 0x85, 0xdc, 0x1, 0xff, 0xe1, 0x87,
    0x0, 0xff, 0xe4, 0xff, 0xf8, 0x3, 0xff, 0x8d,
    0xe, 0x1, 0xff, 0xe1, 0x8f, 0xff, 0xfe, 0x20,
    0x7, 0xfc,

    /* U+F0200 "󰈀" */
    0x0, 0x36, 0xff, 0xff, 0xf5, 0x35, 0x80, 0x2a,
    0x92, 0x0, 0xff, 0xea, 0x14, 0xd0, 0x32, 0x80,
    0x7f, 0xf6, 0x15, 0xa8, 0x3, 0xff, 0xb5, 0x46,
    0x1, 0xff, 0xda, 0x30, 0xf, 0xff, 0x57, 0xff,
    0xff, 0x0, 0x3, 0xff, 0xfe, 0x1, 0xff, 0xff,
    0x0, 0xff, 0xfd, 0x7f, 0xfe, 0x0, 0xff, 0xe0,
    0x7f, 0xfe, 0x0, 0xff, 0xff, 0x80, 0x7f, 0xff,
    0xc0, 0x3f, 0xff, 0xe0, 0x1f, 0xff, 0xf0, 0xf,
    0xff, 0xf8, 0x7, 0xff, 0xfc, 0x3, 0xdf, 0xf8,
    0x3, 0x7f, 0xe0, 0xd, 0xff, 0x80, 0x3f, 0xff,
    0xe0, 0x1f, 0xff, 0xf0, 0xf, 0xff, 0xb7, 0xfe,
    0x0, 0xdf, 0xf8, 0x3, 0x7f, 0xe0, 0xd, 0xff,
    0x80, 0x3f, 0xff, 0xe0, 0x1f, 0xfe, 0x73, 0x0,
    0xff, 0xed, 0x1d, 0x0, 0x7f, 0xf6, 0xa9, 0x94,
    0x3, 0xff, 0xb0, 0xac, 0x15, 0x26, 0x1, 0xff,
    0xd4, 0x39, 0xa0,

    /* U+F0208 "󰈈" */
    0x0, 0xff, 0xe2, 0xa, 0xcd, 0xef, 0xfe, 0xdb,
    0x95, 0x10, 0xf, 0xfe, 0x88, 0xb6, 0x75, 0x32,
    0x10, 0x6, 0x24, 0x6a, 0xec, 0x60, 0xf, 0xfe,
    0x68, 0xc7, 0x49, 0x80, 0x7f, 0xf0, 0x8e, 0x7e,
    0x4, 0x3, 0xff, 0x92, 0xdc, 0xe0, 0x1f, 0xfc,
    0x87, 0xf6, 0x0, 0xff, 0xe3, 0xd, 0xc8, 0x7,
    0xff, 0x2c, 0x66, 0xc4, 0x3, 0xff, 0x86, 0x58,
    0x80, 0x1f, 0xcd, 0x7d, 0xfe, 0xeb, 0x60, 0xf,
    0xe4, 0xc2, 0x0, 0xff, 0xe0, 0xa6, 0x90, 0x7,
    0xe4, 0xe9, 0x41, 0x0, 0xa, 0x4f, 0x20, 0x7,
    0xe2, 0xd4, 0x0, 0xff, 0x8e, 0xc0, 0x3f, 0xa2,
    0xc4, 0x3, 0xf0, 0xdc, 0x0, 0x7f, 0x59, 0x80,
    0x7f, 0x1e, 0x0, 0x7f, 0x43, 0x80, 0x7f, 0xf0,
    0x1e, 0x0, 0x3f, 0xb0, 0xc0, 0x3f, 0x68, 0x7,
    0xf2, 0x38, 0x6, 0x7c, 0xff, 0x63, 0x80, 0x67,
    0x40, 0xf, 0xee, 0x0, 0xfa, 0x44, 0x3, 0xfa,
    0x80, 0x22, 0xd8, 0x30, 0x1, 0xc6, 0x90, 0x5,
    0x40, 0x1f, 0xc5, 0x20, 0x1c, 0x8c, 0x1, 0xfc,
    0xc2, 0x1, 0x79, 0x0, 0x78, 0xbc, 0x2, 0x16,
    0x0, 0xfe, 0x64, 0x0, 0xd2, 0x1, 0xfe, 0xd0,
    0x9, 0xc8, 0x3, 0xf1, 0x38, 0x5, 0xa0, 0x1f,
    0xe9, 0x0, 0x94, 0x80, 0x3f, 0xca, 0x1, 0x58,
    0x7, 0xfa, 0xc0, 0x25, 0x0, 0xff, 0x12, 0x0,
    0x24, 0x3, 0xfe, 0x10, 0x8, 0xc0, 0x3f, 0xc6,
    0x1, 0x8, 0x7, 0xfd, 0x0, 0x1f, 0xfe, 0x49,
    0x0, 0xff, 0x84, 0x2, 0x30, 0xf, 0xf1, 0x80,
    0x42, 0x1, 0xff, 0x40, 0x1, 0x48, 0x3, 0xfc,
    0xa0, 0x15, 0x80, 0x7f, 0xac, 0x2, 0x50, 0xf,
    0xf1, 0x20, 0x5, 0x20, 0x1f, 0xed, 0x0, 0x9c,
    0x80, 0x3f, 0x13, 0x80, 0x5a, 0x1, 0xfe, 0x90,
    0xc, 0x8c, 0x1, 0xfc, 0xc2, 0x1, 0x79, 0x0,
    0x78, 0xbc, 0x2, 0x16, 0x0, 0xfe, 0x64, 0x0,
    0xe9, 0x10, 0xf, 0xea, 0x0, 0x8b, 0x60, 0xc0,
    0x7, 0x1a, 0x40, 0x15, 0x0, 0x7f, 0x14, 0x80,
    0x7d, 0xa0, 0x1f, 0xc8, 0xe0, 0x19, 0xf3, 0xfd,
    0x8e, 0x1, 0x9d, 0x0, 0x3f, 0xb8, 0x3, 0xf1,
    0xe0, 0x7, 0xf4, 0x38, 0x7, 0xff, 0x1, 0xe0,
    0x3, 0xfb, 0xc, 0x3, 0xf8, 0xec, 0x3, 0xfa,
    0x2c, 0x40, 0x3f, 0xd, 0xc0, 0x7, 0xf5, 0x98,
    0x7, 0xfc, 0x98, 0x40, 0x1f, 0x93, 0xa5, 0x4,
    0x0, 0x29, 0x3c, 0x80, 0x1f, 0x8b, 0x10, 0x3,
    0xff, 0x82, 0x78, 0x80, 0x1f, 0xcd, 0x7d, 0xfe,
    0xeb, 0x60, 0xf, 0xe4, 0xc3, 0x0, 0xff, 0xe1,
    0x8d, 0xc8, 0x7, 0xff, 0x32, 0x6c, 0x40, 0x3f,
    0xf8, 0xcd, 0xce, 0x1, 0xff, 0xc8, 0x7e, 0x60,
    0xf, 0xfe, 0x48, 0xc7, 0x41, 0x80, 0x7f, 0xf0,
    0x8e, 0x3a, 0x4, 0x3, 0xff, 0x98, 0x2f, 0x9d,
    0x2c, 0x64, 0x1, 0x88, 0xda, 0xbb, 0x1c, 0x40,
    0x3f, 0xf8, 0x20,

    /* U+F0209 "󰈉" */
    0x0, 0xc3, 0x64, 0x1, 0xff, 0xde, 0x1c, 0x4c,
    0x20, 0xf, 0xfe, 0xed, 0x10, 0xe, 0x10, 0x7,
    0xff, 0x72, 0x44, 0x0, 0x38, 0x40, 0x1e, 0x15,
    0x8b, 0xde, 0xff, 0xb6, 0xe5, 0x44, 0x3, 0xff,
    0x8e, 0x58, 0x20, 0x1, 0xc2, 0x0, 0xd1, 0xd4,
    0xe8, 0x42, 0x1, 0x12, 0x35, 0x76, 0x30, 0x7,
    0xff, 0x18, 0xb0, 0x40, 0x3, 0x84, 0x1, 0x49,
    0x80, 0x7f, 0xf0, 0x4e, 0x7e, 0x4, 0x3, 0xff,
    0x88, 0x58, 0x20, 0x1, 0xc2, 0x0, 0xe, 0x98,
    0x7, 0xff, 0xd, 0xfd, 0x80, 0x3f, 0xf8, 0x85,
    0x82, 0x0, 0x1c, 0x20, 0x0, 0xe9, 0x80, 0x7f,
    0xf0, 0xc6, 0x6c, 0x40, 0x3f, 0xf8, 0x62, 0x1,
    0x87, 0x8, 0x0, 0x3a, 0xd5, 0xdf, 0xee, 0xb6,
    0x0, 0xfe, 0x4c, 0x20, 0xf, 0xfe, 0xa, 0x60,
    0x80, 0x61, 0xc2, 0x0, 0xc, 0xa8, 0x80, 0x5,
    0x27, 0x90, 0x3, 0xf1, 0x6a, 0x0, 0x7f, 0xc9,
    0x60, 0x1f, 0xe, 0x10, 0x7, 0xf8, 0x6e, 0x0,
    0x3f, 0xac, 0xc0, 0x3f, 0x8a, 0x80, 0x3f, 0x87,
    0x8, 0x3, 0xfe, 0x78, 0x0, 0xfe, 0xc3, 0x0,
    0xfd, 0xe2, 0x1, 0xfe, 0x1c, 0x20, 0x8, 0x73,
    0xe, 0x1, 0x9d, 0x0, 0x3f, 0xb8, 0x3, 0xe9,
    0x20, 0xf, 0xe1, 0x0, 0xe, 0x10, 0x0, 0x74,
    0x23, 0x48, 0x2, 0xa0, 0xf, 0xe2, 0x90, 0xe,
    0x46, 0x0, 0xfe, 0x4c, 0x10, 0x0, 0xe1, 0x0,
    0x7, 0xc, 0xbc, 0x2, 0x16, 0x0, 0xfe, 0x64,
    0x0, 0xd2, 0x1, 0xfe, 0xe2, 0xc1, 0x0, 0xe,
    0x10, 0x5, 0x86, 0x4e, 0x1, 0x68, 0x7, 0xfa,
    0x40, 0x25, 0x20, 0xf, 0xf2, 0x1, 0x60, 0x80,
    0x7, 0x8, 0x2, 0xc3, 0xb0, 0x9, 0x40, 0x3f,
    0xc4, 0x80, 0x9, 0x0, 0xff, 0x84, 0x0, 0x40,
    0x18, 0x70, 0x80, 0x2c, 0x70, 0x8, 0x40, 0x3f,
    0xe8, 0x0, 0xff, 0xe3, 0x8, 0x6, 0x1c, 0x20,
    0xa, 0xc0, 0x3f, 0xf8, 0xd2, 0x1, 0xff, 0x8,
    0x4, 0x60, 0x1c, 0x38, 0x40, 0x1e, 0x10, 0xf,
    0xfa, 0x40, 0xa, 0x40, 0x1f, 0xe5, 0x0, 0xac,
    0x3, 0xc3, 0x84, 0x1, 0xc8, 0x1, 0xfe, 0x25,
    0x0, 0xa4, 0x3, 0xfd, 0xa0, 0x13, 0x90, 0x7,
    0x87, 0x8, 0x3, 0x60, 0x7, 0xfb, 0x80, 0x32,
    0x30, 0x7, 0xf3, 0x8, 0x5, 0xe4, 0x1, 0xe1,
    0xc2, 0x0, 0xa0, 0xc0, 0x3f, 0x31, 0x80, 0x74,
    0x88, 0x7, 0xf5, 0x0, 0x45, 0xb0, 0x60, 0x22,
    0x0, 0xe, 0x10, 0x0, 0x74, 0xc0, 0x3c, 0x52,
    0x1, 0xf6, 0x80, 0x7f, 0x23, 0x80, 0x67, 0xcf,
    0xec, 0x10, 0x0, 0xe1, 0x0, 0x7, 0x4c, 0x3,
    0xf, 0x80, 0x7e, 0x3c, 0x0, 0xfe, 0x87, 0x0,
    0xf8, 0xb0, 0x40, 0x3, 0x84, 0x0, 0x1d, 0x30,
    0xb, 0x48, 0x3, 0xf8, 0xec, 0x3, 0xfa, 0x2c,
    0x40, 0x3c, 0x58, 0x20, 0x1, 0xc2, 0x0, 0xe,
    0x98, 0xe1, 0x80, 0x7f, 0xc9, 0x84, 0x1, 0xf9,
    0x3a, 0x50, 0x40, 0x2, 0xb2, 0x20, 0x10, 0xe1,
    0x0, 0x7, 0x70, 0xc0, 0x3f, 0xf8, 0x27, 0x88,
    0x1, 0xfc, 0xd7, 0xdf, 0xee, 0xa4, 0x0, 0xe1,
    0xc2, 0x0, 0x9, 0x0, 0x7f, 0xf0, 0xc6, 0xe4,
    0x3, 0xff, 0x94, 0x38, 0x40, 0x1f, 0xfc, 0x86,
    0xe7, 0x0, 0xff, 0xe4, 0x8e, 0x10, 0x7, 0xff,
    0x20, 0x63, 0xa0, 0xc0, 0x3f, 0xf8, 0x49, 0x2,
    0x0, 0x1c, 0x20, 0xf, 0xfe, 0x48, 0xbe, 0x74,
    0xb1, 0x90, 0x4, 0x24, 0x8f, 0x5d, 0x6f, 0x82,
    0x0, 0x1c, 0x20, 0xf, 0xfe, 0x58, 0xb4, 0xe6,
    0xff, 0xdd, 0xb7, 0xa, 0x20, 0x2, 0xc1, 0x0,
    0xe, 0x10, 0x7, 0xff, 0x6c, 0xb0, 0x40, 0x3,
    0x84, 0x1, 0xff, 0xdb, 0x2c, 0x10, 0x0, 0xc8,
    0x7, 0xff, 0x70, 0xb0, 0x40, 0xa8, 0x3, 0xff,
    0xba, 0x58, 0x98, 0x20, 0x1c,

    /* U+F0210 "󰈐" */
    0x0, 0xff, 0xe2, 0x94, 0x6f, 0x7f, 0x64, 0x10,
    0x7, 0xff, 0x4d, 0xb5, 0xc8, 0x40, 0x4d, 0xf6,
    0x40, 0x3f, 0xfa, 0x2b, 0x20, 0x1f, 0xcd, 0x40,
    0x1f, 0xfd, 0xb, 0x0, 0xff, 0x94, 0xc0, 0x3f,
    0xf9, 0xcc, 0x20, 0x1f, 0xfc, 0x4, 0x0, 0xff,
    0xe7, 0x60, 0x7, 0xff, 0x71, 0x80, 0x3f, 0xf8,
    0x28, 0x1, 0xff, 0xce, 0x10, 0xf, 0xfe, 0x2,
    0x18, 0x7, 0xff, 0x68, 0xe8, 0x3, 0xff, 0x9e,
    0xc0, 0x1f, 0xe7, 0xc1, 0x0, 0xff, 0xe7, 0x98,
    0x7, 0xf6, 0x40, 0x7, 0xff, 0x18, 0xdd, 0xc6,
    0x1, 0xf6, 0x0, 0x7e, 0x93, 0x0, 0xff, 0xe3,
    0x56, 0x44, 0x32, 0x80, 0x3c, 0x80, 0x1f, 0x13,
    0x0, 0x7f, 0xf1, 0xa5, 0x40, 0x32, 0xd8, 0x7,
    0x98, 0x3, 0xca, 0x1, 0xff, 0xc6, 0x26, 0x0,
    0xf2, 0x38, 0x7, 0x58, 0x7, 0xff, 0x1, 0x22,
    0xf3, 0x72, 0x98, 0x3, 0xa8, 0x3, 0xf4, 0x18,
    0x6, 0x31, 0x0, 0xe7, 0xd1, 0x29, 0xfb, 0x74,
    0x32, 0x35, 0x9f, 0x60, 0x9, 0x0, 0x3f, 0xb1,
    0x40, 0x2c, 0x10, 0xf, 0x17, 0xeb, 0x0, 0x7f,
    0xa6, 0x0, 0x4, 0x1, 0xfe, 0xad, 0x88, 0x10,
    0x7, 0xe1, 0x0, 0xff, 0xe0, 0xb9, 0x80, 0x80,
    0x7f, 0xc4, 0xee, 0x0, 0x93, 0x74, 0x80, 0x1f,
    0xfc, 0x59, 0x1, 0x0, 0xff, 0xe2, 0xc9, 0x12,
    0x40, 0x3f, 0xf8, 0xa8, 0x6, 0x1, 0xff, 0xda,
    0x10, 0x40, 0xf, 0xfe, 0x2c, 0x91, 0x24, 0x3,
    0xff, 0x8f, 0x60, 0x1f, 0xfc, 0x54, 0xdd, 0x20,
    0x4, 0xce, 0x40, 0x1f, 0xfc, 0x12, 0x90, 0xf,
    0xfe, 0x8, 0x80, 0x7e, 0x39, 0x8d, 0xa1, 0x0,
    0xfe, 0x20, 0x3, 0x50, 0x80, 0x7f, 0x36, 0xf9,
    0x0, 0x78, 0x74, 0x2, 0x5c, 0x0, 0xfe, 0x40,
    0x9, 0x7a, 0x54, 0xc8, 0x88, 0xf7, 0xf2, 0x43,
    0xac, 0x1, 0xc2, 0x60, 0x18, 0xa8, 0x3, 0xf6,
    0x80, 0x73, 0x56, 0x6e, 0xae, 0x10, 0x3, 0x84,
    0x3, 0xd6, 0x1, 0xca, 0x80, 0x1e, 0x44, 0x0,
    0x7f, 0xf1, 0x94, 0x3, 0xcc, 0x1, 0xeb, 0x50,
    0xc, 0x96, 0x1, 0xff, 0xc6, 0x52, 0x0, 0xf9,
    0x0, 0x3d, 0x59, 0x10, 0xcb, 0x0, 0xff, 0xe3,
    0x1d, 0x0, 0x7e, 0xc0, 0xf, 0x8d, 0xdc, 0x60,
    0x1f, 0xfc, 0x67, 0xc0, 0xf, 0xe3, 0x0, 0xff,
    0xe7, 0x8e, 0x40, 0x7, 0xf9, 0x80, 0x3f, 0xf9,
    0xf4, 0x60, 0x1f, 0xfd, 0xa3, 0x40, 0xf, 0xfe,
    0x0, 0x80, 0x7f, 0xf3, 0x90, 0x3, 0xff, 0x82,
    0xc0, 0x1f, 0xfd, 0xcc, 0x0, 0xff, 0xe7, 0x20,
    0x7, 0xff, 0x0, 0x58, 0x3, 0xff, 0x9c, 0x6a,
    0x1, 0xff, 0x58, 0x7, 0xff, 0x42, 0x98, 0x3,
    0xfa, 0x54, 0x3, 0xff, 0xa3, 0x3a, 0xe6, 0x20,
    0x24, 0xda, 0xc0, 0x1f, 0xfc, 0x50,

    /* U+F022F "󰈯" */
    0x0, 0xff, 0xf1, 0x3f, 0xff, 0xfa, 0x0, 0x3f,
    0xfa, 0x10, 0x1, 0xfe, 0x70, 0xf, 0xff, 0xf8,
    0x7, 0xff, 0x42, 0x3b, 0xfe, 0x0, 0xff, 0xe0,
    0x7f, 0xdd, 0x0, 0x1f, 0xfc, 0x58, 0x71, 0x0,
    0xff, 0xe3, 0xb, 0xc0, 0x7, 0xff, 0x11, 0x80,
    0x3f, 0xf9, 0x4c, 0x1, 0xff, 0xc4, 0x10, 0xf,
    0xfe, 0x50, 0x80, 0x7f, 0xf7, 0x3f, 0xff, 0xf8,
    0x80, 0x1f, 0xff, 0xf0, 0xf, 0xff, 0x8f, 0xfe,
    0x0, 0xdf, 0xf8, 0x3, 0x7f, 0xe0, 0xf, 0xff,
    0xf8, 0x7, 0xff, 0xd7, 0xff, 0x0, 0x6f, 0xfc,
    0x1, 0xbf, 0xf0, 0x7, 0xff, 0xfc, 0x3, 0xff,
    0xfe, 0x1, 0xff, 0xff, 0x0, 0xff, 0xff, 0x80,
    0x7f, 0xff, 0xc0, 0x3f, 0xff, 0xe0, 0x1f, 0xff,
    0xf0, 0xf, 0xfe, 0x1f, 0xfe, 0x0, 0xdf, 0xf8,
    0x3, 0x7f, 0xe0, 0xf, 0xff, 0xf8, 0x7, 0xff,
    0xd7, 0xff, 0x0, 0x6f, 0xfc, 0x1, 0xbf, 0xf0,
    0x7, 0xff, 0xfc, 0x3, 0xff, 0xfb, 0xff, 0xff,
    0xc4, 0x10, 0xf, 0xfe, 0x50, 0x80, 0x7f, 0xf1,
    0x18, 0x3, 0xff, 0x94, 0xe0, 0x1f, 0xfc, 0x48,
    0x71, 0x0, 0xff, 0xe3, 0xb, 0xc8, 0x7, 0xff,
    0x10,

    /* U+F0238 "󰈸" */
    0x0, 0xff, 0xe2, 0xc, 0x48, 0x7, 0xff, 0x39,
    0xf9, 0xf4, 0x3, 0xff, 0x98, 0x59, 0x0, 0x4,
    0x0, 0xff, 0xe5, 0x96, 0x18, 0x0, 0x40, 0x3f,
    0xf9, 0x63, 0x82, 0x1, 0x10, 0x7, 0xff, 0x2f,
    0x44, 0x3, 0x8, 0x7, 0xff, 0x29, 0xcc, 0x3,
    0x88, 0x3, 0xff, 0x92, 0x30, 0x1, 0xf1, 0x80,
    0x7f, 0xf2, 0x24, 0x3, 0xf5, 0x0, 0x7f, 0xf2,
    0x14, 0x3, 0xf3, 0x10, 0x7, 0xff, 0x18, 0xc8,
    0x3, 0xfb, 0x80, 0x3f, 0xf8, 0x66, 0x0, 0x40,
    0xf, 0xf1, 0xd8, 0x7, 0xff, 0x5, 0x50, 0x1,
    0xa0, 0x1f, 0xf2, 0x60, 0x80, 0x7f, 0x8e, 0x90,
    0x0, 0xe0, 0x1f, 0xfc, 0x3, 0xf3, 0x0, 0xfe,
    0xf0, 0x20, 0xf, 0xfe, 0x20, 0xe3, 0x80, 0x7c,
    0xa6, 0x2, 0x0, 0x30, 0xf, 0xfe, 0x1c, 0x40,
    0x3, 0xd0, 0x0, 0x10, 0x1, 0x0, 0x78, 0x94,
    0x3, 0xf3, 0xb0, 0x6, 0x32, 0x0, 0x10, 0x1,
    0x80, 0x3c, 0x90, 0x1, 0xfd, 0x22, 0x1, 0x20,
    0x4, 0x80, 0xd, 0x0, 0xf0, 0x95, 0x80, 0x7f,
    0x40, 0x5, 0x80, 0x15, 0x0, 0x14, 0x3, 0xc2,
    0x9, 0x60, 0x1f, 0x98, 0x80, 0xc, 0x1, 0x12,
    0x81, 0x8, 0x7, 0x28, 0x1, 0x30, 0x3, 0xf2,
    0x80, 0x8, 0x3, 0x58, 0x81, 0x80, 0x71, 0x80,
    0x47, 0x60, 0x1f, 0x60, 0x7, 0xc3, 0xdc, 0x20,
    0xf, 0x10, 0x4, 0x8a, 0x1, 0xe5, 0x0, 0x8,
    0x7, 0x84, 0x3, 0xe6, 0x0, 0xdc, 0x1, 0xe1,
    0x0, 0x10, 0x7, 0xff, 0x9, 0x80, 0x33, 0x0,
    0x7f, 0x20, 0x7, 0xff, 0x4, 0xc8, 0x3, 0x8,
    0x7, 0x88, 0x1, 0x60, 0x1f, 0xfc, 0x1e, 0x0,
    0xe4, 0x0, 0xf3, 0x80, 0xc, 0x40, 0x3f, 0xc3,
    0x84, 0x1, 0xd4, 0x1, 0xef, 0x0, 0xa4, 0x3,
    0xfa, 0x38, 0xc0, 0x3a, 0x48, 0x3, 0xca, 0x1,
    0x38, 0x80, 0x7e, 0x94, 0x0, 0xc3, 0x4c, 0x1,
    0xe7, 0x0, 0xea, 0x0, 0xfc, 0x37, 0xb3, 0x17,
    0xca, 0x1, 0xe2, 0x80, 0xe, 0x49, 0x0, 0xfe,
    0x26, 0x74, 0x0, 0xf8, 0x7c, 0x3, 0xe6, 0xa0,
    0xf, 0xfe, 0x30, 0xe9, 0x0, 0x7e, 0x5d, 0x20,
    0xf, 0xfe, 0x19, 0xe1, 0x80, 0x7f, 0x8b, 0x64,
    0x80, 0x3f, 0xe2, 0x9c, 0x20, 0xf, 0xfe, 0xb,
    0x6e, 0x3a, 0x10, 0x4, 0x49, 0x19, 0xac, 0x1,
    0xff, 0xc5, 0x38, 0xbd, 0xff, 0xb6, 0xdc, 0xc0,
    0x3f, 0x80,

    /* U+F0241 "󰉁" */
    0xf, 0xff, 0xfe, 0x3e, 0x0, 0x7f, 0xf2, 0x60,
    0x3, 0xff, 0x90, 0x68, 0x1, 0xff, 0xc8, 0x80,
    0xf, 0xfe, 0x41, 0xa0, 0x7, 0xff, 0x22, 0x0,
    0x3f, 0xf9, 0x6, 0x80, 0x1f, 0xfc, 0x88, 0x0,
    0xff, 0xe4, 0x22, 0x0, 0x3f, 0xf9, 0x10, 0x1,
    0xff, 0xc8, 0x43, 0x0, 0xff, 0xe4, 0x40, 0x7,
    0xff, 0x21, 0xc, 0x3, 0xff, 0x91, 0x0, 0x1f,
    0xfc, 0x84, 0x30, 0xf, 0xfe, 0x44, 0x0, 0x7f,
    0xf2, 0x73, 0xff, 0xd6, 0x1, 0xff, 0xc9, 0x90,
    0xf, 0xfe, 0x43, 0x90, 0x7, 0xff, 0x1c, 0x60,
    0x3, 0xff, 0x91, 0x60, 0x1f, 0xfc, 0x83, 0x50,
    0xd, 0xff, 0xe0, 0xf, 0xf7, 0x80, 0x7f, 0xf2,
    0x18, 0xc0, 0x3f, 0xf9, 0x10, 0x1, 0xff, 0xc8,
    0x81, 0x0, 0xff, 0xe3, 0x93, 0x80, 0x7f, 0xf2,
    0x24, 0x3, 0xff, 0x90, 0xa8, 0x1, 0xff, 0xc8,
    0x80, 0xf, 0xfe, 0x43, 0x90, 0x7, 0xff, 0x1c,
    0x60, 0x3, 0xff, 0x91, 0x60, 0x1f, 0xfc, 0x83,
    0x50, 0xf, 0xfe, 0x47, 0x0, 0x7f, 0xf2, 0x18,
    0x80, 0x3f, 0xf8, 0xe3, 0x0, 0x1f, 0xfc, 0x88,
    0x10, 0xf, 0xfe, 0x39, 0x30, 0x7, 0xff, 0x23,
    0x80, 0x3f, 0xf8, 0x40,

    /* U+F024B "󰉋" */
    0x0, 0xff, 0xee, 0x95, 0xff, 0xff, 0xf0, 0x5c,
    0x3, 0xff, 0x96, 0x58, 0x80, 0x1f, 0xfc, 0x18,
    0x70, 0xf, 0xfe, 0x54, 0x8, 0x7, 0xff, 0xe,
    0x1c, 0x3, 0xff, 0x92, 0x80, 0x1f, 0xfc, 0x58,
    0x70, 0xf, 0xfe, 0x40, 0x80, 0x7f, 0xf1, 0xa3,
    0xff, 0xff, 0x8b, 0x44, 0x1, 0xff, 0xda, 0x5c,
    0x20, 0xf, 0xfe, 0xd0, 0xc0, 0x7, 0xff, 0x6d,
    0x0, 0x3f, 0xfb, 0x62, 0x1, 0xff, 0xff, 0x0,
    0xff, 0xff, 0x80, 0x7f, 0xff, 0xc0, 0x3f, 0xff,
    0xe0, 0x1f, 0xff, 0xf0, 0xf, 0xff, 0xf8, 0x7,
    0xff, 0xfc, 0x3, 0xff, 0xfe, 0x1, 0xff, 0xff,
    0x0, 0xff, 0xff, 0x80, 0x7f, 0x84, 0x3, 0xff,
    0xb4, 0x28, 0x1, 0xff, 0xda, 0x48, 0x10, 0xf,
    0xfe, 0xc0, 0xc1, 0x62, 0x0, 0x7f, 0xf5, 0x93,
    0x8, 0xa, 0xff, 0xff, 0xfa, 0xd6, 0x40,

    /* U+F0256 "󰉖" */
    0x0, 0xff, 0xee, 0x95, 0xff, 0xff, 0xf0, 0x5c,
    0x3, 0xff, 0x96, 0x58, 0x80, 0x1f, 0xfc, 0x18,
    0x70, 0xf, 0xfe, 0x54, 0x8, 0x7, 0xff, 0xe,
    0x1c, 0x3, 0xff, 0x92, 0x80, 0x1f, 0xfc, 0x58,
    0x70, 0xf, 0xfe, 0x40, 0x80, 0x7f, 0xf1, 0xa3,
    0xff, 0xff, 0x8b, 0x44, 0x1, 0xff, 0xda, 0x5c,
    0x20, 0xf, 0xfe, 0xd0, 0xc0, 0x7, 0xff, 0x6d,
    0x0, 0x37, 0xff, 0xff, 0x50, 0x2, 0x10, 0xf,
    0xff, 0xf8, 0x7, 0xff, 0xfc, 0x3, 0xff, 0xfe,
    0x1, 0xff, 0xff, 0x0, 0xff, 0xff, 0x80, 0x7f,
    0xff, 0xc0, 0x3f, 0xff, 0xe0, 0x1f, 0xff, 0xf0,
    0xf, 0xff, 0xf8, 0x7, 0xff, 0xfc, 0x3, 0xfc,
    0x20, 0x17, 0xff, 0xff, 0x50, 0x2, 0x14, 0x0,
    0xff, 0xed, 0x24, 0x8, 0x7, 0xff, 0x60, 0x60,
    0xb1, 0x0, 0x3f, 0xfa, 0xc9, 0x84, 0x5, 0x7f,
    0xff, 0xfd, 0x6b, 0x20,

    /* U+F0259 "󰉙" */
    0x0, 0xff, 0xee, 0x95, 0xff, 0xff, 0xf0, 0x60,
    0x3, 0xff, 0x96, 0x58, 0x80, 0x1f, 0xfc, 0x17,
    0x80, 0xf, 0xfe, 0x54, 0x8, 0x7, 0xff, 0xd,
    0xe0, 0x3, 0xff, 0x92, 0x80, 0x1f, 0xfc, 0x57,
    0x80, 0xf, 0xfe, 0x40, 0x80, 0x7f, 0xf1, 0x9f,
    0xff, 0xff, 0x8b, 0x44, 0x1, 0xff, 0xda, 0x5c,
    0x20, 0xf, 0xfe, 0xd0, 0xc0, 0x7, 0xff, 0x6d,
    0x0, 0x3f, 0xfb, 0x62, 0x1, 0xff, 0xcd, 0x11,
    0x0, 0x7f, 0xf6, 0x47, 0x30, 0x20, 0x1f, 0xfd,
    0x71, 0xc2, 0x26, 0x8, 0x7, 0xff, 0x54, 0xb0,
    0x80, 0x5, 0x84, 0x1, 0xff, 0xd3, 0x2c, 0x20,
    0xc, 0x58, 0x40, 0x1f, 0xfd, 0x12, 0xc1, 0x0,
    0xf0, 0xe1, 0x0, 0x7f, 0xf3, 0xcb, 0x4, 0x3,
    0xf0, 0xe1, 0x0, 0x7f, 0xf3, 0x4b, 0x4, 0x3,
    0xfc, 0x38, 0x40, 0x1f, 0xfc, 0xb2, 0xf1, 0x0,
    0xff, 0xe0, 0xf, 0x90, 0x7, 0xff, 0x28, 0xb7,
    0xff, 0x80, 0x37, 0xff, 0x69, 0x0, 0x7f, 0xff,
    0xc0, 0x3f, 0xff, 0xe0, 0x1f, 0xff, 0xf0, 0xf,
    0xff, 0xf8, 0x7, 0xf7, 0xfe, 0x0, 0xff, 0xf4,
    0x8, 0x7, 0xff, 0x68, 0x50, 0x3, 0xff, 0xb4,
    0x90, 0x20, 0x1f, 0xfd, 0x81, 0x82, 0xc4, 0x0,
    0xff, 0xeb, 0x26, 0x10, 0x15, 0xff, 0xff, 0xf5,
    0xac, 0x80,

    /* U+F0279 "󰉹" */
    0x0, 0x47, 0x72, 0x0, 0x3f, 0xfa, 0xb0, 0xe2,
    0x27, 0x80, 0xb, 0xff, 0xff, 0xa0, 0xc, 0x1,
    0x98, 0x3, 0xff, 0xb2, 0x60, 0x1f, 0xfd, 0x46,
    0x0, 0xca, 0x1, 0xff, 0xd4, 0x87, 0x11, 0x3c,
    0x0, 0x5f, 0xff, 0xfd, 0x0, 0x4, 0x77, 0x20,
    0x3, 0xff, 0xfe, 0x1, 0xff, 0xff, 0x0, 0xff,
    0xff, 0x47, 0x72, 0x0, 0x3f, 0xfa, 0xb0, 0xe2,
    0x27, 0x80, 0xb, 0xff, 0xff, 0xa0, 0xc, 0x1,
    0x98, 0x3, 0xff, 0xb2, 0x60, 0x1f, 0xfd, 0x46,
    0x0, 0xca, 0x1, 0xff, 0xd4, 0x87, 0x11, 0x3c,
    0x0, 0x5f, 0xff, 0xfd, 0x0, 0x4, 0x77, 0x20,
    0x3, 0xff, 0xfe, 0x1, 0xff, 0xff, 0x0, 0xff,
    0xff, 0x47, 0x72, 0x0, 0x3f, 0xfa, 0xb0, 0xe2,
    0x27, 0x80, 0xb, 0xff, 0xff, 0xa0, 0xc, 0x1,
    0x98, 0x3, 0xff, 0xb2, 0x60, 0x1f, 0xfd, 0x46,
    0x0, 0xca, 0x1, 0xff, 0xd4, 0x87, 0x11, 0x3c,
    0x0, 0x5f, 0xff, 0xfd, 0x0,

    /* U+F02C2 "󰋂" */
    0x1, 0xb2, 0x0, 0xff, 0xee, 0x8e, 0x26, 0x10,
    0x4, 0x39, 0xff, 0xff, 0xd2, 0xea, 0x10, 0x6,
    0x90, 0xe, 0x10, 0x0, 0x74, 0xc0, 0x3f, 0xfa,
    0x22, 0xbe, 0x21, 0xc2, 0x0, 0x1c, 0x20, 0x0,
    0xe9, 0x80, 0x7f, 0xf4, 0x86, 0xc0, 0xb0, 0x40,
    0x3, 0x84, 0x0, 0x1c, 0x30, 0xf, 0xfe, 0x92,
    0x0, 0xb, 0x4, 0x0, 0x38, 0x40, 0x16, 0x7f,
    0xc0, 0x1b, 0xff, 0xf0, 0x6, 0xff, 0xfc, 0x1,
    0x8, 0x4, 0x58, 0x1, 0xe, 0x10, 0x7, 0xff,
    0x68, 0x80, 0x30, 0xe1, 0x0, 0x7f, 0xf7, 0xc7,
    0x8, 0x3, 0x18, 0x7, 0xff, 0x68, 0x70, 0x80,
    0x2c, 0x30, 0xf, 0xfe, 0xb8, 0x80, 0x7, 0x8,
    0x2, 0xd3, 0x0, 0xff, 0xeb, 0x60, 0x80, 0x7,
    0x8, 0x0, 0x3a, 0x60, 0x1f, 0xfd, 0x52, 0xc1,
    0x0, 0xe, 0x10, 0x0, 0x74, 0x3, 0xff, 0xab,
    0xfa, 0x20, 0x10, 0xe1, 0x0, 0x4, 0x59, 0xff,
    0xe0, 0xd, 0xff, 0xf8, 0x3, 0xff, 0x90, 0x38,
    0x40, 0x1, 0xd3, 0x0, 0xff, 0xed, 0xe, 0x10,
    0x0, 0x74, 0xc0, 0x3f, 0xfb, 0x43, 0x84, 0x0,
    0x1c, 0x30, 0xf, 0xfe, 0x87, 0xff, 0xb4, 0x40,
    0x3, 0x84, 0x1, 0x67, 0xfc, 0x1, 0xbf, 0xff,
    0x0, 0x7f, 0xf1, 0xcb, 0x0, 0x21, 0xc2, 0x0,
    0xff, 0xed, 0x10, 0x6, 0x1c, 0x20, 0xf, 0xfe,
    0xf8, 0xe1, 0x0, 0x63, 0x0, 0xff, 0xed, 0xe,
    0x10, 0x5, 0x86, 0x1, 0xff, 0xd7, 0x10, 0x0,
    0xe1, 0x0, 0x5a, 0x60, 0x1f, 0xfd, 0x6c, 0x10,
    0x0, 0xe1, 0x0, 0x7, 0x4c, 0x3, 0xff, 0xaa,
    0x58, 0x20, 0x1, 0xc2, 0x0, 0xe, 0x80, 0x7f,
    0xf2, 0x7f, 0xff, 0x0, 0x6f, 0xd1, 0x0, 0x87,
    0x8, 0x0, 0x22, 0xcf, 0xff, 0x0, 0x7f, 0xf5,
    0x7, 0x8, 0x0, 0x3a, 0x60, 0x1f, 0xfd, 0xa1,
    0xc2, 0x0, 0xe, 0x98, 0x7, 0xff, 0x68, 0x70,
    0x80, 0x3, 0x86, 0x1, 0xff, 0xc4, 0xff, 0xfc,
    0x1, 0xbf, 0xfd, 0xa2, 0x0, 0x1c, 0x20, 0xb,
    0x3f, 0xe0, 0xf, 0xfe, 0x99, 0x60, 0x4, 0x38,
    0x40, 0x1f, 0xfd, 0xa2, 0x0, 0xc3, 0x84, 0x1,
    0xff, 0xdf, 0x1c, 0x20, 0xc, 0x60, 0x1f, 0xfd,
    0xa1, 0xc2, 0x0, 0xb4, 0x80, 0x3f, 0xfa, 0xe2,
    0x0, 0x1c, 0x20, 0x0, 0xe1, 0x0, 0x7f, 0xf5,
    0xb0, 0x40, 0x3, 0x84, 0x0, 0x1c, 0x30, 0xf,
    0xfe, 0xa9, 0x60, 0x80, 0x7, 0x8, 0x0, 0x3a,
    0x1, 0xc2, 0x1, 0x7f, 0xfe, 0x0, 0xdf, 0xff,
    0x80, 0x37, 0xe8, 0x80, 0x43, 0x84, 0x0, 0x10,
    0xe, 0x40, 0xf, 0xfe, 0xb0, 0xe1, 0x0, 0x7d,
    0x2, 0x1, 0xff, 0xd6, 0x1c, 0x20, 0xf, 0x16,
    0x28, 0x80, 0x7f, 0xf5, 0x47, 0x8, 0x3, 0xc5,
    0x5d, 0xff, 0xff, 0xd2, 0xd1, 0x0, 0xe, 0x10,
    0x7, 0xff, 0x68, 0xb0, 0x40, 0x3, 0x20, 0x1f,
    0xfd, 0xb2, 0xc1, 0x2, 0xa0, 0xf, 0xfe, 0xe1,
    0x61, 0xe0, 0x80,

    /* U+F02D7 "󰋗" */
    0x0, 0xff, 0xe1, 0x1b, 0xd6, 0x77, 0xf6, 0xe5,
    0x39, 0x80, 0x7f, 0xf3, 0x46, 0x37, 0x21, 0x4c,
    0x40, 0x48, 0xd6, 0x33, 0x60, 0x40, 0x3f, 0xf9,
    0x3, 0x3c, 0xe4, 0x1, 0xff, 0xc0, 0x27, 0xe8,
    0x10, 0xf, 0xfe, 0x2a, 0xfb, 0x0, 0x7f, 0xf1,
    0x9f, 0xd0, 0x3, 0xff, 0x87, 0x34, 0x20, 0x1f,
    0xfc, 0x81, 0xb9, 0x0, 0xff, 0xe0, 0xdb, 0x0,
    0x7f, 0xf3, 0x1a, 0xc0, 0x3f, 0xeb, 0x40, 0xf,
    0xe2, 0x8c, 0xee, 0x64, 0x10, 0x7, 0xf2, 0x58,
    0x7, 0xf4, 0xa0, 0x7, 0xf4, 0x6b, 0x98, 0x88,
    0xdf, 0x60, 0x3, 0xf9, 0x24, 0x3, 0xe5, 0x60,
    0xf, 0xeb, 0x70, 0xf, 0xcf, 0x60, 0x1f, 0xcc,
    0x80, 0x1c, 0x36, 0x1, 0xfd, 0x8, 0x1, 0xfe,
    0x48, 0x0, 0xfe, 0xa1, 0x0, 0xd0, 0x20, 0x1f,
    0x89, 0xc0, 0x23, 0xbf, 0xf5, 0x90, 0x4, 0xe4,
    0x1, 0xf8, 0x64, 0x2, 0x16, 0x0, 0xfe, 0xa0,
    0x8, 0xf1, 0x0, 0x9, 0xa4, 0x1, 0x50, 0x7,
    0xf3, 0x88, 0x2, 0x40, 0x3f, 0xca, 0x1, 0x40,
    0x7, 0xa4, 0x2, 0x40, 0xf, 0xf4, 0x80, 0x14,
    0x3, 0xfc, 0x60, 0x12, 0x0, 0x79, 0x0, 0x22,
    0x0, 0xff, 0x28, 0x19, 0x0, 0x7f, 0xbb, 0xfe,
    0x0, 0xff, 0xe5, 0x11, 0xa0, 0x7, 0xff, 0x29,
    0x0, 0x22, 0x0, 0xff, 0x93, 0x40, 0x3f, 0xf9,
    0x23, 0x20, 0x15, 0x80, 0x7f, 0xda, 0xc0, 0x1f,
    0xfc, 0x9d, 0x20, 0x1, 0x38, 0x7, 0xfc, 0xc4,
    0x1, 0xff, 0xc8, 0xc3, 0x0, 0xf, 0x80, 0x7f,
    0xf0, 0x4, 0x40, 0x1f, 0xfc, 0x7b, 0x30, 0xb,
    0x48, 0x3, 0xff, 0x80, 0x60, 0x1f, 0xfc, 0x79,
    0x40, 0xb, 0xc, 0x3, 0xff, 0x82, 0x22, 0x0,
    0xff, 0xe2, 0x93, 0x0, 0x54, 0x60, 0x1f, 0xfc,
    0x21, 0x20, 0xf, 0xfe, 0x2d, 0x0, 0x48, 0xa0,
    0x1f, 0xfc, 0x32, 0x60, 0xf, 0xfe, 0x2a, 0x80,
    0x5c, 0x1, 0xff, 0xc4, 0x6d, 0x0, 0xff, 0xe2,
    0x98, 0x4, 0x80, 0x1f, 0xfc, 0x4d, 0x40, 0xf,
    0xfe, 0x28, 0x80, 0x42, 0x1, 0xff, 0xc4, 0x43,
    0x20, 0xf, 0xfe, 0x27, 0xfe, 0x0, 0xff, 0xe2,
    0x11, 0x82, 0x80, 0x7f, 0xf6, 0x14, 0x1, 0x20,
    0x1f, 0xfd, 0x89, 0x0, 0xb, 0x0, 0x7f, 0xf5,
    0x98, 0x40, 0x28, 0x10, 0xf, 0xfe, 0x17, 0xfe,
    0x0, 0xff, 0xe1, 0xc, 0x0, 0x61, 0xb0, 0xf,
    0xfe, 0xa5, 0x88, 0x7, 0x2b, 0x0, 0x7f, 0xf4,
    0x99, 0x40, 0x3e, 0x94, 0x0, 0xff, 0xe8, 0x24,
    0x80, 0x7f, 0x5a, 0x0, 0x7f, 0xdf, 0xf8, 0x3,
    0xfe, 0x4b, 0x0, 0xff, 0xad, 0x80, 0x3f, 0xf9,
    0x8d, 0x60, 0x1f, 0xfc, 0x19, 0xa1, 0x0, 0xff,
    0xe4, 0xd, 0x48, 0x7, 0xff, 0xd, 0x7d, 0x80,
    0x3f, 0xf8, 0xcd, 0xea, 0x1, 0xff, 0xc5, 0x19,
    0xe7, 0x20, 0xf, 0xfe, 0x1, 0x3f, 0x48, 0x80,
    0x7f, 0xf2, 0x6, 0x37, 0x21, 0x4c, 0x40, 0x2,
    0x6b, 0x19, 0xb0, 0x20, 0x1f, 0xf0,

    /* U+F02DC "󰋜" */
    0x0, 0xff, 0xe3, 0xc4, 0x0, 0x3f, 0xfb, 0x34,
    0xee, 0xa0, 0xf, 0xfe, 0xbd, 0xa8, 0x1, 0x6c,
    0x3, 0xff, 0xa8, 0x38, 0x80, 0x19, 0x30, 0x40,
    0x3f, 0xfa, 0x25, 0x86, 0x1, 0xe3, 0xc2, 0x0,
    0xff, 0xe7, 0x9e, 0x10, 0x7, 0xe2, 0xc3, 0x0,
    0xff, 0xe6, 0xa6, 0x8, 0x7, 0xf8, 0x71, 0x0,
    0x3f, 0xf9, 0x6b, 0x60, 0x1f, 0xfc, 0x2b, 0x50,
    0xf, 0xfe, 0x4b, 0xd0, 0x7, 0xff, 0x12, 0x98,
    0x3, 0xff, 0x8f, 0x10, 0x0, 0xff, 0xe3, 0x4c,
    0x0, 0x7f, 0xf1, 0x69, 0xc0, 0x3f, 0xf9, 0xf,
    0x40, 0x1f, 0xfc, 0x3b, 0x50, 0xf, 0xfe, 0x52,
    0xd8, 0x7, 0xff, 0x0, 0x71, 0x0, 0x3f, 0xf9,
    0x89, 0x82, 0x1, 0xfc, 0x58, 0x60, 0x1f, 0xfc,
    0xe3, 0xc2, 0x0, 0xf8, 0xb0, 0x80, 0x3f, 0xfa,
    0x5, 0x84, 0x1, 0xc9, 0xa2, 0x1, 0xff, 0xd2,
    0x1d, 0x40, 0x9, 0x6c, 0x3, 0xff, 0xad, 0x6a,
    0xd, 0x40, 0x1f, 0xfd, 0x8a, 0x66, 0x7f, 0xf0,
    0x7, 0xff, 0x43, 0xff, 0x98, 0x3, 0xff, 0xfe,
    0x1, 0xff, 0xf1, 0xff, 0xfc, 0x1, 0xff, 0xff,
    0x0, 0xff, 0xff, 0x80, 0x7f, 0xff, 0xc0, 0x3f,
    0xff, 0xe0, 0x1f, 0xff, 0xf0, 0xf, 0xff, 0xf8,
    0x7, 0xff, 0x3, 0xff, 0xfc, 0x1, 0xfb, 0xff,
    0xfc, 0x1, 0xe0,

    /* U+F02E3 "󰋣" */
    0xf, 0xfc, 0x1, 0xff, 0xff, 0x0, 0xff, 0xff,
    0x80, 0x7f, 0xf6, 0xdf, 0x7f, 0xda, 0xe0, 0x1d,
    0xff, 0xff, 0xc5, 0xd9, 0x30, 0xf, 0xfe, 0x8,
    0xec, 0x10, 0x0, 0xa3, 0x44, 0x3, 0xff, 0x90,
    0x4d, 0x94, 0x1, 0xff, 0xc0, 0xc2, 0x0, 0xf1,
    0x68, 0x7, 0xff, 0x2d, 0x70, 0x3, 0xfc, 0xe4,
    0x1, 0xf8, 0xd8, 0x3, 0xff, 0x96, 0x74, 0x1,
    0xfd, 0x40, 0x1f, 0xea, 0x0, 0xff, 0xe6, 0x29,
    0x80, 0x7e, 0x20, 0xf, 0xf1, 0x0, 0x7f, 0xf3,
    0x68, 0x3, 0xff, 0xc2, 0x80, 0x1f, 0x88, 0x3,
    0xfc, 0x40, 0x1f, 0xfc, 0xd2, 0x0, 0xfd, 0x40,
    0x1f, 0xea, 0x0, 0xff, 0xeb, 0x39, 0x0, 0x7e,
    0x36, 0x0, 0xff, 0xeb, 0xe1, 0x80, 0x78, 0xf4,
    0x3, 0xff, 0xb0, 0x39, 0x26, 0x22, 0x39, 0xc1,
    0x0, 0xff, 0xed, 0x36, 0x77, 0x31, 0x80, 0x3f,
    0xff, 0xe0, 0x1e, 0xff, 0xff, 0xe2, 0x0, 0x7f,
    0xff, 0xc0, 0x3f, 0xff, 0xe0, 0x1f, 0xff, 0xf0,
    0xf, 0xfe, 0xbf, 0xff, 0xff, 0x60, 0x3, 0xff,
    0xfe, 0x1, 0xff, 0xff, 0x0, 0xff, 0xff, 0x80,
    0x7f, 0xdf, 0xf8, 0x3, 0xff, 0xb1, 0xff, 0x80,

    /* U+F02EB "󰋫" */
    0x1, 0xae, 0xff, 0xff, 0xea, 0x75, 0x8, 0xf,
    0xa8, 0x80, 0x7f, 0xf5, 0x5, 0x7c, 0x6c, 0x40,
    0x3f, 0xfb, 0x3, 0x68, 0x1, 0xff, 0xda, 0x41,
    0x0, 0xff, 0xed, 0x8, 0x7, 0xff, 0xfc, 0x3,
    0xff, 0xfe, 0x1, 0xff, 0xfe, 0x75, 0x0, 0xff,
    0xec, 0x9c, 0x51, 0x0, 0x7f, 0xf5, 0xc7, 0x40,
    0x1e, 0x1, 0xff, 0xcd, 0x76, 0x0, 0xfd, 0x42,
    0x0, 0x29, 0x0, 0xff, 0xe5, 0x9c, 0x4a, 0x0,
    0x7a, 0x10, 0x3, 0x32, 0x80, 0x7f, 0xf2, 0x47,
    0x40, 0x16, 0x40, 0x19, 0x1c, 0x3, 0xd4, 0x40,
    0x1f, 0xfc, 0x8a, 0x10, 0xb, 0xc4, 0x0, 0x54,
    0x1, 0xfb, 0xc0, 0x3f, 0xf8, 0xf0, 0x80, 0x18,
    0xb4, 0x1, 0xc2, 0x1, 0xf8, 0xa4, 0x3, 0xff,
    0x8a, 0x8e, 0x1, 0xe3, 0xa9, 0x30, 0xf, 0xf3,
    0x28, 0x7, 0xff, 0xc, 0xa8, 0x3, 0xf2, 0xb0,
    0x7, 0xff, 0x2, 0x88, 0x3, 0xff, 0x85, 0xc2,
    0x1, 0xff, 0xcb, 0xf0, 0xf, 0xfe, 0xc, 0x98,
    0x7, 0xff, 0x30, 0xa4, 0x3, 0xff, 0x81, 0x3f,
    0xff, 0xfc, 0xe9, 0x0, 0xff, 0xf1, 0x8, 0x7,
    0xff, 0x68, 0x50, 0x3, 0xff, 0xb4, 0x90, 0x20,
    0x1f, 0xfd, 0x81, 0xb2, 0xc5, 0x10, 0xf, 0xfe,
    0xa0, 0xaf, 0x88,

    /* U+F02EE "󰋮" */
    0x2, 0xaf, 0xff, 0xfe, 0x95, 0x10, 0x16, 0x28,
    0x7, 0xff, 0x49, 0x70, 0xa4, 0x40, 0x3f, 0xfa,
    0x83, 0x8, 0x1, 0xff, 0xd6, 0x50, 0xf, 0xff,
    0xf8, 0x7, 0xff, 0xfc, 0x3, 0xff, 0xfe, 0x1,
    0xff, 0xdc, 0x65, 0x0, 0xff, 0xe1, 0x2a, 0x80,
    0x3f, 0xf8, 0xab, 0x34, 0xa0, 0x1f, 0xfc, 0x5,
    0xaa, 0x28, 0x6, 0x60, 0xf, 0xf2, 0xd0, 0x2,
    0x94, 0x3, 0xfc, 0xb4, 0x0, 0xa5, 0x0, 0xa5,
    0x40, 0x3f, 0x2d, 0x0, 0x6a, 0x50, 0xf, 0xcb,
    0x40, 0x1a, 0x94, 0x2, 0xa5, 0x0, 0xf2, 0xd0,
    0x7, 0xa9, 0x40, 0x3c, 0xb4, 0x1, 0xea, 0x50,
    0xa, 0x94, 0x3, 0x2d, 0x0, 0x7e, 0xa5, 0x0,
    0xc9, 0x40, 0x1f, 0xa9, 0x40, 0x2a, 0x50, 0x2,
    0xd0, 0x6, 0xba, 0x0, 0xd4, 0xa0, 0x4, 0xb0,
    0xd, 0x32, 0x0, 0xd4, 0x1, 0xa9, 0x11, 0x40,
    0x1a, 0xd1, 0x68, 0x3, 0x52, 0xa5, 0x80, 0x69,
    0x66, 0x48, 0x6, 0xa0, 0xd, 0x76, 0x0, 0xd6,
    0x80, 0x5, 0xa0, 0xd, 0x56, 0x1, 0xa5, 0x80,
    0xd, 0x20, 0x12, 0xd0, 0x7, 0xea, 0x40, 0xc,
    0xb4, 0x1, 0xfa, 0x58, 0x3, 0x34, 0x80, 0x4b,
    0x40, 0x1e, 0xa5, 0x0, 0xf2, 0xd0, 0x7, 0xa5,
    0x80, 0x3c, 0xd2, 0x1, 0x2d, 0x0, 0x6a, 0x50,
    0xf, 0xcb, 0x40, 0x1a, 0x58, 0x3, 0xf3, 0x48,
    0x4, 0xb4, 0x0, 0xa5, 0x0, 0xff, 0x2d, 0x0,
    0x25, 0x80, 0x3f, 0xcc, 0x1, 0x96, 0xa8, 0xa0,
    0x1f, 0xfc, 0x5, 0xa9, 0x60, 0xf, 0xfe, 0x2a,
    0xa8, 0x3, 0xff, 0x84, 0xac, 0x1, 0xff, 0xff,
    0x0, 0xff, 0xff, 0x80, 0x7f, 0xff, 0xc0, 0x3f,
    0xfb, 0x88, 0x1, 0xff, 0xd6, 0x59, 0x10, 0xf,
    0xfe, 0xa0, 0xc1, 0x62, 0x0, 0x7f, 0xf4, 0x93,
    0x8,

    /* U+F02FC "󰋼" */
    0x0, 0xff, 0xe1, 0x1b, 0xd6, 0x77, 0xfb, 0xb2,
    0x98, 0xc0, 0x3f, 0xf9, 0xa3, 0x1b, 0x90, 0xa6,
    0x20, 0x1, 0x35, 0x9c, 0xd8, 0x10, 0xf, 0xfe,
    0x40, 0xcf, 0x39, 0x0, 0x7f, 0xf0, 0x9, 0xfa,
    0x44, 0x3, 0xff, 0x8a, 0xbe, 0xc0, 0x1f, 0xfc,
    0x66, 0xf5, 0x0, 0xff, 0xe1, 0xcd, 0x8, 0x7,
    0xff, 0x20, 0x6a, 0x40, 0x3f, 0xf8, 0x36, 0xc0,
    0x1f, 0xfc, 0xc6, 0xb0, 0xf, 0xfa, 0xd0, 0x3,
    0xff, 0x9c, 0x96, 0x1, 0xfd, 0x28, 0x1, 0xff,
    0xd0, 0x49, 0x0, 0xf9, 0x58, 0x3, 0xff, 0xa4,
    0xca, 0x1, 0xc3, 0x60, 0x1f, 0xfd, 0x4b, 0x10,
    0xd, 0x2, 0x1, 0xff, 0xc2, 0xff, 0xc0, 0x1f,
    0xfc, 0x21, 0x80, 0x8, 0x58, 0x3, 0xff, 0xac,
    0xc2, 0x0, 0x90, 0xf, 0xfe, 0xc4, 0x80, 0x14,
    0x3, 0xff, 0xb0, 0xa0, 0x64, 0x1, 0xff, 0xc4,
    0xff, 0xc0, 0x1f, 0xfc, 0x42, 0x34, 0x0, 0xff,
    0xed, 0x2e, 0x80, 0x7f, 0xf6, 0xb1, 0x80, 0x3f,
    0xfb, 0x4c, 0x40, 0x1f, 0xfc, 0x5f, 0xfc, 0x1,
    0xff, 0xc5, 0x21, 0x0, 0xff, 0xed, 0x8, 0x7,
    0xff, 0x70, 0x40, 0x3f, 0xfb, 0x42, 0x40, 0x1f,
    0xfd, 0xa2, 0x60, 0xf, 0xfe, 0xd3, 0x68, 0x7,
    0xff, 0x6b, 0x50, 0x3, 0xff, 0xb4, 0x86, 0x40,
    0x1f, 0xfd, 0x82, 0x30, 0x50, 0xf, 0xfe, 0xc2,
    0x80, 0x24, 0x3, 0xff, 0xb1, 0x20, 0x1, 0x60,
    0xf, 0xfe, 0xb3, 0x8, 0x5, 0x2, 0x1, 0xff,
    0xc2, 0xff, 0xc0, 0x1f, 0xfc, 0x21, 0x80, 0xc,
    0x36, 0x1, 0xff, 0xd4, 0xb1, 0x0, 0xe5, 0x60,
    0xf, 0xfe, 0x93, 0x28, 0x7, 0xd2, 0x80, 0x1f,
    0xfd, 0x4, 0x90, 0xf, 0xeb, 0x40, 0xf, 0xfe,
    0x72, 0x58, 0x7, 0xfd, 0x6c, 0x1, 0xff, 0xcc,
    0x6b, 0x0, 0xff, 0xe0, 0xcd, 0x8, 0x7, 0xff,
    0x20, 0x6a, 0x40, 0x3f, 0xf8, 0x6b, 0xec, 0x1,
    0xff, 0xc6, 0x6f, 0x50, 0xf, 0xfe, 0x28, 0xcf,
    0x39, 0x0, 0x7f, 0xf0, 0x9, 0xfa, 0x44, 0x3,
    0xff, 0x90, 0x31, 0xb9, 0xa, 0x62, 0x0, 0x13,
    0x58, 0xcd, 0x81, 0x0, 0xff, 0x80,

    /* U+F02FD "󰋽" */
    0x0, 0xff, 0xe1, 0x1b, 0xd6, 0x77, 0xfb, 0xb2,
    0x98, 0xc0, 0x3f, 0xf9, 0xa3, 0x1b, 0x90, 0xa6,
    0x20, 0x1, 0x35, 0x9c, 0xd8, 0x10, 0xf, 0xfe,
    0x40, 0xcf, 0x39, 0x0, 0x7f, 0xf0, 0x9, 0xfa,
    0x44, 0x3, 0xff, 0x8a, 0xbe, 0xc0, 0x1f, 0xfc,
    0x66, 0xf5, 0x0, 0xff, 0xe1, 0xcd, 0x8, 0x7,
    0x2c, 0xef, 0x7f, 0xbb, 0x65, 0x40, 0x38, 0x6a,
    0x40, 0x3f, 0xf8, 0x36, 0xc0, 0x18, 0xab, 0xe9,
    0x88, 0x40, 0x2, 0x4d, 0x5f, 0x44, 0x1, 0x9a,
    0xc0, 0x3f, 0xeb, 0x40, 0xd, 0x1a, 0xa0, 0x1f,
    0xfc, 0x5, 0xd8, 0x0, 0xc9, 0x60, 0x1f, 0xd2,
    0x80, 0x11, 0x6b, 0x80, 0x7f, 0xf1, 0x1f, 0x48,
    0x2, 0x49, 0x0, 0xf9, 0x58, 0x2, 0x3c, 0x20,
    0xf, 0xfe, 0x31, 0x61, 0x80, 0x4c, 0xa0, 0x1c,
    0x36, 0x1, 0x16, 0x88, 0x7, 0xff, 0x20, 0x74,
    0x80, 0x2b, 0x10, 0xd, 0x2, 0x1, 0x78, 0x80,
    0x7f, 0x7f, 0xe0, 0xf, 0xe1, 0xf0, 0x8, 0x60,
    0x2, 0x16, 0x0, 0xa0, 0x80, 0x3f, 0xf9, 0x85,
    0x0, 0x13, 0x8, 0x2, 0x40, 0x22, 0x70, 0xf,
    0xfe, 0x73, 0x90, 0x5, 0x20, 0x5, 0x0, 0xa0,
    0x3, 0xff, 0xa1, 0x0, 0x12, 0x81, 0x90, 0x4,
    0xa0, 0x1f, 0xfc, 0xf, 0xfc, 0x1, 0xff, 0xc0,
    0x50, 0x8, 0x8d, 0x0, 0x26, 0x0, 0xff, 0xe9,
    0x28, 0x4, 0xba, 0x1, 0x60, 0x7, 0xff, 0x4b,
    0x0, 0x2c, 0x60, 0x9, 0xc0, 0x3f, 0xfa, 0x48,
    0x1, 0x31, 0x0, 0x44, 0x1, 0xff, 0xc1, 0xff,
    0xc0, 0x1f, 0xfc, 0x13, 0x0, 0x88, 0x40, 0x3f,
    0xfa, 0xc2, 0x1, 0x8, 0x7, 0xff, 0x70, 0x40,
    0x3f, 0xfa, 0xc2, 0x1, 0x9, 0x0, 0x44, 0x1,
    0xff, 0xd2, 0x30, 0x8, 0x98, 0x2, 0x70, 0xf,
    0xfe, 0x92, 0x0, 0x4d, 0xa0, 0x16, 0x0, 0x7f,
    0xf4, 0xb0, 0x2, 0xd4, 0x0, 0x9c, 0x3, 0xff,
    0xa4, 0xa0, 0x12, 0x19, 0x0, 0x5, 0x40, 0x3f,
    0xfa, 0xa, 0x1, 0x11, 0x82, 0x80, 0x50, 0x1,
    0xff, 0xd0, 0x80, 0x9, 0x40, 0x12, 0x1, 0x13,
    0x80, 0x7f, 0xf3, 0x9c, 0x80, 0x29, 0x0, 0xb,
    0x0, 0x50, 0x40, 0x1f, 0xfc, 0xc2, 0x80, 0x9,
    0x84, 0x2, 0x81, 0x0, 0xbc, 0x40, 0x3f, 0xbf,
    0xf0, 0x7, 0xf0, 0xf8, 0x4, 0x30, 0x1, 0x86,
    0xc0, 0x22, 0xd1, 0x0, 0xff, 0xe4, 0xe, 0x90,
    0x5, 0x62, 0x1, 0xca, 0xc0, 0x11, 0xe1, 0x0,
    0x7f, 0xf1, 0x8b, 0xc, 0x2, 0x65, 0x0, 0xfa,
    0x50, 0x2, 0x2d, 0x70, 0xf, 0xfe, 0x23, 0xe9,
    0x0, 0x49, 0x20, 0x1f, 0xd6, 0x80, 0x1a, 0x35,
    0x40, 0x3f, 0xf8, 0xb, 0xb0, 0x1, 0x92, 0xc0,
    0x3f, 0xeb, 0x60, 0xc, 0x55, 0xd2, 0xa4, 0x1,
    0x89, 0x67, 0xe8, 0x80, 0x33, 0x58, 0x7, 0xff,
    0x6, 0x68, 0x40, 0x30, 0xb5, 0x6f, 0xfe, 0xda,
    0x60, 0xe, 0x1a, 0x90, 0xf, 0xfe, 0x1a, 0xfb,
    0x0, 0x7f, 0xf1, 0x9b, 0xd4, 0x3, 0xff, 0x8a,
    0x33, 0xce, 0x40, 0x1f, 0xfc, 0x2, 0x7e, 0x91,
    0x0, 0xff, 0xe4, 0xc, 0x6e, 0x42, 0x98, 0x80,
    0x4, 0xd6, 0x33, 0x60, 0x40, 0x3f, 0xe0,

    /* U+F030C "󰌌" */
    0x1, 0xae, 0xff, 0xff, 0xea, 0x75, 0x8, 0xf,
    0xa8, 0x80, 0x7f, 0xf5, 0x5, 0x7c, 0x6c, 0x40,
    0x3f, 0xfb, 0x3, 0x68, 0x1, 0xff, 0xda, 0x41,
    0x0, 0xff, 0xed, 0x8, 0x7, 0xff, 0x8b, 0xff,
    0x0, 0x3f, 0xf0, 0x3, 0xff, 0x0, 0x3f, 0xf0,
    0x3, 0xff, 0x0, 0x7f, 0xff, 0xc0, 0x3f, 0xfd,
    0xbf, 0xf8, 0x1, 0xff, 0x80, 0x1f, 0xf8, 0x1,
    0xff, 0x80, 0x1f, 0xf8, 0x3, 0xff, 0xd1, 0xff,
    0x80, 0x1f, 0xf8, 0x1, 0xff, 0x80, 0x1f, 0xf8,
    0x1, 0xff, 0x80, 0x3f, 0xff, 0xe0, 0x1f, 0xfe,
    0xdf, 0xfc, 0x0, 0xff, 0xc0, 0xf, 0xfc, 0x0,
    0xff, 0xc0, 0xf, 0xfc, 0x1, 0xff, 0xff, 0x0,
    0xff, 0xf9, 0xff, 0xff, 0xf1, 0x0, 0x3f, 0xff,
    0xe0, 0x1f, 0xfe, 0xd1, 0x0, 0xff, 0xbf, 0xff,
    0xf8, 0x80, 0x1f, 0xf0, 0xa0, 0x7, 0xff, 0x69,
    0x20, 0x40, 0x3f, 0xfb, 0x3, 0x65, 0x8a, 0x20,
    0x1f, 0xfd, 0x41, 0x5f, 0x10,

    /* U+F030F "󰌏" */
    0x2, 0xaf, 0xff, 0xfe, 0xb5, 0x10, 0x16, 0x28,
    0x7, 0xff, 0x59, 0x70, 0xa0, 0x40, 0x3f, 0xfb,
    0x3, 0x8, 0x1, 0xff, 0xda, 0x41, 0x0, 0xff,
    0xed, 0x8, 0x7, 0xff, 0x8b, 0xff, 0x0, 0x3f,
    0xf0, 0x3, 0xff, 0x0, 0x3f, 0xf0, 0x3, 0xff,
    0x0, 0x7f, 0xff, 0xc0, 0x3f, 0xfd, 0xbf, 0xf8,
    0x1, 0xff, 0x80, 0x1f, 0xf8, 0x1, 0xff, 0x80,
    0x1f, 0xf8, 0x3, 0xff, 0xd1, 0xff, 0x80, 0x1f,
    0xf8, 0x1, 0xff, 0x80, 0x1f, 0xf8, 0x1, 0xff,
    0x80, 0x3f, 0xff, 0xe0, 0x1f, 0xfe, 0xdf, 0xfc,
    0x0, 0xff, 0xc0, 0xf, 0xfc, 0x0, 0xff, 0xc0,
    0xf, 0xfc, 0x1, 0xff, 0xff, 0x0, 0xff, 0xf9,
    0xff, 0xff, 0xf1, 0x0, 0x3f, 0xff, 0xe0, 0x1f,
    0xfe, 0xd1, 0x0, 0xff, 0xbf, 0xff, 0xf8, 0x80,
    0x1f, 0xf0, 0xa0, 0x7, 0xff, 0x69, 0x20, 0x40,
    0x3f, 0xfb, 0x3, 0x5, 0x88, 0x1, 0xff, 0xd6,
    0x4c, 0x20, 0x2b, 0xff, 0xff, 0xeb, 0x59, 0x0,
    0x7f, 0xff, 0xc0, 0x3f, 0xfd, 0xcf, 0xff, 0xff,
    0xc2, 0x70, 0xf, 0xfe, 0x63, 0xc0, 0x7, 0xff,
    0x2, 0x1c, 0x3, 0xff, 0x9a, 0xf0, 0x1, 0xfe,
    0x87, 0x0, 0xff, 0xe7, 0xbc, 0x0, 0x7e, 0x87,
    0x0, 0xff, 0xe8, 0xbc, 0x0, 0x7a, 0x1c, 0x3,
    0xff, 0xa6, 0xee, 0x0, 0xd0, 0xe0, 0x1f, 0xfd,
    0x58, 0x70, 0x3, 0xb8, 0x3, 0xff, 0xaf, 0xe,
    0xe8, 0x0, 0xff, 0xec, 0xc4, 0x0, 0x3f, 0xf8,
    0xe0,

    /* U+F0311 "󰌑" */
    0x0, 0xff, 0x9e, 0x0, 0x3f, 0xfa, 0xef, 0xf,
    0x0, 0x1f, 0xfd, 0x57, 0x80, 0x3, 0xb8, 0x3,
    0xff, 0x8f, 0xff, 0x80, 0x3f, 0x3c, 0x0, 0x64,
    0x0, 0xff, 0xe9, 0x3c, 0x0, 0x6c, 0x30, 0xf,
    0xfe, 0x8b, 0xc0, 0x6, 0xc3, 0x0, 0xff, 0xe8,
    0xbc, 0x0, 0x6c, 0x30, 0xf, 0xfe, 0x8b, 0xc0,
    0x6, 0xc3, 0x0, 0xff, 0xe8, 0xbc, 0x0, 0x6c,
    0x30, 0xf, 0xfe, 0x8b, 0xc0, 0x6, 0xc3, 0x0,
    0xff, 0xe8, 0xbc, 0x0, 0x76, 0x7f, 0xff, 0xf3,
    0x40, 0x33, 0xc0, 0x7, 0xff, 0xf9, 0xe0, 0x3,
    0xff, 0xb2, 0xf0, 0x1, 0xd9, 0xff, 0xff, 0xd1,
    0x0, 0x3c, 0x0, 0x6c, 0x30, 0xf, 0xfe, 0x9b,
    0xc0, 0x6, 0xc3, 0x0, 0xff, 0xe9, 0xbc, 0x0,
    0x6c, 0x30, 0xf, 0xfe, 0x9b, 0xc0, 0x6, 0xc3,
    0x0, 0xff, 0xe9, 0xbc, 0x0, 0x6c, 0x30, 0xf,
    0xfe, 0x9b, 0xc0, 0x6, 0xc3, 0x0, 0xff, 0xe9,
    0xbc, 0x0, 0x64, 0x0, 0xff, 0xea, 0x3c, 0x0,
    0x1d, 0xc0, 0x1f, 0xfd, 0x57, 0x87, 0x80, 0xf,
    0xfe, 0x60,

    /* U+F0317 "󰌗" */
    0x0, 0xff, 0xe0, 0x8d, 0x77, 0xff, 0xee, 0xa1,
    0x0, 0xff, 0xe6, 0x8f, 0xa8, 0x80, 0x7e, 0x15,
    0xf1, 0x0, 0xff, 0xe6, 0x58, 0x80, 0x7f, 0xf0,
    0x6, 0xc0, 0x3f, 0xf9, 0x88, 0x1, 0xff, 0xc2,
    0x40, 0xf, 0xfe, 0x60, 0x80, 0x5f, 0xff, 0x80,
    0x21, 0x0, 0xff, 0xff, 0x80, 0x7f, 0xff, 0xc0,
    0x3f, 0xff, 0xc2, 0x1, 0x7f, 0xfe, 0x0, 0x84,
    0x3, 0xff, 0x98, 0x80, 0x1f, 0xfc, 0x24, 0x0,
    0xff, 0xe6, 0x40, 0x80, 0x7f, 0xf0, 0x6, 0x0,
    0x3f, 0xf9, 0x85, 0x88, 0x1, 0xfe, 0x5c, 0x20,
    0xf, 0xfe, 0x69, 0x5f, 0xfc, 0x1, 0xbf, 0xea,
    0x20, 0xf, 0xff, 0xf8, 0x7, 0xff, 0xbb, 0xff,
    0xff, 0x8c, 0x1, 0xbf, 0xff, 0xf8, 0xc0, 0x1f,
    0xff, 0xf0, 0xf, 0xff, 0xf, 0xff, 0xe0, 0xd,
    0xff, 0xff, 0xc4, 0x0, 0xdf, 0xff, 0x80, 0x3f,
    0xff, 0xe0, 0x1f, 0xfe, 0x42, 0xaf, 0xf8, 0x3,
    0x7f, 0xd6, 0x40, 0x1e, 0x2b, 0xff, 0x80, 0x37,
    0xfd, 0x44, 0x1, 0xc5, 0x8a, 0x1, 0xfe, 0x4d,
    0x20, 0xc, 0x5a, 0x80, 0x1f, 0xe5, 0xc2, 0x0,
    0xd2, 0x20, 0x1f, 0xfc, 0x19, 0x0, 0xd2, 0x1,
    0xff, 0xc1, 0x18, 0x0, 0xc8, 0x1, 0xff, 0xc2,
    0x40, 0xc, 0x80, 0x1f, 0xfc, 0x25, 0x0, 0xfd,
    0xff, 0xf8, 0x3, 0xff, 0x81, 0xff, 0xf8, 0x3,
    0xff, 0xfe, 0x1, 0xff, 0xff, 0x0, 0xff, 0xf9,
    0x7f, 0xfe, 0x0, 0xff, 0xe0, 0x7f, 0xfe, 0x0,
    0xfc, 0x80, 0x1f, 0xfc, 0x24, 0x0, 0xc8, 0x1,
    0xff, 0xc2, 0x50, 0xd, 0x22, 0x1, 0xff, 0xc0,
    0x19, 0x0, 0xd2, 0x20, 0x1f, 0xfc, 0x1, 0x80,
    0xc, 0x58, 0xa2, 0x1, 0xf8, 0x57, 0x8, 0x3,
    0x16, 0x28, 0x80, 0x7e, 0x15, 0xc2, 0x0, 0x0,

    /* U+F0328 "󰌨" */
    0x0, 0xff, 0xe2, 0xcc, 0x80, 0x3f, 0xfa, 0x83,
    0x8c, 0xcc, 0x10, 0xf, 0xfe, 0x8a, 0x79, 0x80,
    0xf, 0xd0, 0x3, 0xff, 0x9e, 0xf6, 0x20, 0x18,
    0x6d, 0xc0, 0x3f, 0xf9, 0x83, 0x70, 0x1, 0xfa,
    0x2c, 0x3, 0xff, 0x94, 0x58, 0x80, 0x1f, 0xe4,
    0xd2, 0x0, 0xff, 0xe3, 0xae, 0x90, 0x7, 0xff,
    0x0, 0xb5, 0x40, 0x3f, 0xf8, 0xb3, 0x40, 0x1f,
    0xfc, 0x4a, 0x90, 0xf, 0xfe, 0x10, 0xe3, 0x0,
    0x7f, 0xf1, 0x9b, 0x4, 0x3, 0xfe, 0x4f, 0x30,
    0xf, 0xfe, 0x41, 0xfa, 0x0, 0x7f, 0x3d, 0x88,
    0x7, 0xff, 0x28, 0x6d, 0xc0, 0x3c, 0x37, 0x0,
    0x1f, 0xfc, 0xe8, 0xb1, 0x0, 0x8f, 0x10, 0x3,
    0xff, 0xa0, 0x98, 0x60, 0xd8, 0x40, 0x1f, 0xfd,
    0x22, 0xc6, 0x0, 0xff, 0xec, 0x36, 0x10, 0x7,
    0xff, 0x48, 0xb1, 0x80, 0xf1, 0x0, 0x3f, 0xfa,
    0x9, 0x86, 0x1, 0xd, 0xc0, 0x7, 0xff, 0x3a,
    0x2c, 0x40, 0x3c, 0xf6, 0x20, 0x1f, 0xfc, 0xa1,
    0xb7, 0x0, 0xfe, 0x4f, 0x30, 0xf, 0xfe, 0x41,
    0xfa, 0x0, 0x7f, 0xc3, 0x8c, 0x1, 0xff, 0xc6,
    0x6c, 0x10, 0xf, 0xe3, 0x0, 0xd3, 0x40, 0x1f,
    0xfc, 0x4a, 0x90, 0xc, 0x60, 0x18, 0x73, 0xe,
    0x1, 0x97, 0x48, 0x3, 0xff, 0x80, 0x5a, 0xa0,
    0x19, 0xf3, 0x2, 0x9, 0xe6, 0x11, 0x40, 0x18,
    0xb5, 0x0, 0x3f, 0xc9, 0xa4, 0x1, 0xaa, 0x0,
    0xfd, 0x30, 0x40, 0x25, 0xd2, 0x0, 0xd7, 0x0,
    0x1f, 0xa2, 0xc0, 0x31, 0x6a, 0x80, 0x43, 0x91,
    0x62, 0x1, 0x16, 0xa8, 0x6, 0x7b, 0x10, 0xc,
    0x36, 0xe0, 0x19, 0x74, 0x80, 0x21, 0xb8, 0x4,
    0xc3, 0x0, 0xd5, 0x0, 0x19, 0x3c, 0xc0, 0x7,
    0xe8, 0x1, 0xa2, 0x80, 0x31, 0xe2, 0x0, 0x45,
    0x8c, 0x1, 0x9e, 0xc4, 0x2, 0x1c, 0x66, 0x60,
    0x80, 0x43, 0x6e, 0x1, 0x9b, 0x8, 0x3, 0xd3,
    0x20, 0xc, 0x9e, 0x60, 0x1a, 0x64, 0x1, 0x8f,
    0xd0, 0x3, 0x4c, 0x80, 0x3f, 0x9b, 0x8, 0x2,
    0x1c, 0x60, 0xf, 0xcd, 0x82, 0x1, 0x16, 0x30,
    0x7, 0xfc, 0x78, 0x80, 0x1a, 0x64, 0x1, 0xe9,
    0x90, 0x6, 0x4c, 0x30, 0xf, 0xfe, 0x8, 0xdc,
    0x0, 0x66, 0xc1, 0x0, 0x16, 0x30, 0x6, 0x8b,
    0x10, 0xf, 0xfe, 0x23, 0xd8, 0x80, 0x47, 0xe8,
    0x8c, 0x30, 0x8, 0x6d, 0xc0, 0x3f, 0xf8, 0xe9,
    0x86, 0x1, 0xd, 0xd8, 0x40, 0x23, 0xf4, 0x0,
    0xff, 0xe4, 0x96, 0x30, 0x7, 0xe6, 0xc1, 0x0,
    0xff, 0xe6, 0x4c, 0x80, 0x3d, 0x32, 0x0, 0xff,
    0xe7, 0xb6, 0x10, 0x0, 0xb1, 0x80, 0x3f, 0xfa,
    0x27, 0x88, 0x8c, 0x30, 0xf, 0xfe, 0x98, 0xdd,
    0x84, 0x3, 0xff, 0x88,

    /* U+F032A "󰌪" */
    0x0, 0xff, 0xed, 0xa0, 0x7, 0xff, 0x64, 0x67,
    0x80, 0x3f, 0xfa, 0xe9, 0x3c, 0xda, 0x1, 0xff,
    0xd2, 0x14, 0x7b, 0xfb, 0x60, 0x2, 0x0, 0x7f,
    0xf3, 0x9, 0x1e, 0x73, 0xb9, 0x70, 0x80, 0x1c,
    0x60, 0x1f, 0xfc, 0x52, 0x46, 0x9b, 0xdf, 0xdb,
    0x86, 0x31, 0x0, 0xfc, 0x80, 0x1f, 0xfc, 0x12,
    0x69, 0xcf, 0xdb, 0x96, 0x42, 0x0, 0xff, 0xe1,
    0xe8, 0x7, 0xf8, 0x5f, 0x75, 0x2c, 0x60, 0x1f,
    0xfc, 0xa7, 0x0, 0xfe, 0x7e, 0x82, 0x0, 0xff,
    0xe6, 0xa0, 0x80, 0x7c, 0x7b, 0x0, 0x1f, 0xfd,
    0xd, 0x0, 0xf9, 0xb0, 0x80, 0x3f, 0xf8, 0x62,
    0x91, 0x30, 0xa2, 0x1, 0xf3, 0x0, 0x79, 0xa4,
    0x3, 0xff, 0x84, 0x4f, 0xbd, 0xfb, 0x30, 0xa2,
    0x1, 0xe5, 0x0, 0xf2, 0xc8, 0x7, 0xff, 0x5,
    0xb7, 0x53, 0x5d, 0x6a, 0x1, 0xfe, 0x90, 0xe,
    0x2a, 0x0, 0xff, 0xe0, 0x3f, 0x49, 0x3f, 0xb8,
    0x80, 0x7f, 0xc4, 0x60, 0x1d, 0xc0, 0x1f, 0xf2,
    0xf4, 0xa, 0x74, 0x8, 0x7, 0xff, 0x6, 0xc0,
    0x39, 0x4c, 0x3, 0xf8, 0x6e, 0x84, 0x26, 0xc4,
    0x3, 0xff, 0x84, 0x2c, 0x1, 0xd0, 0x1, 0xfc,
    0x7e, 0x80, 0x5a, 0xc0, 0x1f, 0xfc, 0x49, 0x0,
    0xe3, 0x20, 0xf, 0xc9, 0x82, 0x7, 0x84, 0x1,
    0xff, 0xc4, 0x17, 0x0, 0xea, 0x0, 0xfc, 0x96,
    0x0, 0x3c, 0x10, 0xf, 0xfe, 0x2c, 0x0, 0x79,
    0x40, 0x3e, 0x4b, 0x0, 0x16, 0x80, 0x7f, 0xf1,
    0x89, 0x80, 0x3c, 0x40, 0x1e, 0x2a, 0x0, 0xe,
    0x8, 0x7, 0xff, 0x1a, 0x40, 0x3f, 0xf8, 0x5e,
    0x20, 0xa, 0x10, 0xf, 0xfe, 0x32, 0xa0, 0x7,
    0xc4, 0x1, 0xd0, 0x40, 0x7, 0x40, 0xf, 0xfe,
    0x30, 0xd8, 0x7, 0xe4, 0x0, 0xc6, 0xe0, 0x2,
    0x80, 0xf, 0xfe, 0x3d, 0x8, 0x7, 0xea, 0x0,
    0xd0, 0x1, 0x70, 0x7, 0xff, 0x1d, 0xd0, 0x3,
    0xf8, 0x90, 0x0, 0x68, 0x0, 0x53, 0x0, 0xff,
    0xe3, 0x24, 0x0, 0x7f, 0xd2, 0x0, 0x80, 0xa,
    0x0, 0x3f, 0xf8, 0xc7, 0x60, 0x1f, 0xfc, 0x2,
    0xa1, 0x40, 0x3, 0x10, 0x7, 0xff, 0x14, 0xf0,
    0x3, 0xff, 0x84, 0xb8, 0x1, 0x40, 0x7, 0xff,
    0x14, 0xf0, 0x3, 0xff, 0x88, 0x40, 0x5, 0x10,
    0xf, 0xfe, 0x23, 0x60, 0x7, 0xff, 0x22, 0x40,
    0x3f, 0xf8, 0x63, 0x52, 0x1, 0xff, 0xc8, 0x43,
    0x0, 0xff, 0xe1, 0x37, 0xa8, 0x7, 0xff, 0x27,
    0x80, 0x3f, 0xf8, 0x2, 0xfd, 0x22, 0x1, 0xff,
    0xc9, 0x15, 0x0, 0x98, 0xc0, 0x22, 0x47, 0xbe,
    0x81, 0x0, 0xff, 0xe5, 0xb0, 0x4, 0x53, 0x9f,
    0xf6, 0xdc, 0x20, 0x7, 0xff, 0x3a, 0x40, 0x2a,
    0x0, 0xff, 0xeb, 0x18, 0x80, 0x4c, 0x1, 0xff,
    0xd6, 0x3f, 0xb5, 0x61, 0x0, 0xff, 0xe9, 0x80,

    /* U+F0335 "󰌵" */
    0x0, 0xfe, 0x38, 0xbd, 0xee, 0x6d, 0xc1, 0x80,
    0x7f, 0xf1, 0x17, 0x71, 0xd0, 0x84, 0x44, 0x8f,
    0x9a, 0xa0, 0x1f, 0xfc, 0x2, 0xca, 0x20, 0xf,
    0xf1, 0x56, 0x10, 0x7, 0xf2, 0x69, 0x80, 0x7f,
    0xf0, 0x8f, 0x50, 0x3, 0xe4, 0xb0, 0xf, 0xfe,
    0x35, 0xa0, 0x7, 0x15, 0x80, 0x7f, 0xf2, 0x2c,
    0x80, 0x37, 0x0, 0x7f, 0xf2, 0xb8, 0x2, 0x53,
    0x0, 0xff, 0xe5, 0x1a, 0x80, 0x20, 0x3, 0xff,
    0x99, 0x0, 0x64, 0x1, 0xff, 0xcc, 0x23, 0xb0,
    0xf, 0xfe, 0x75, 0x98, 0x7, 0xff, 0x38, 0xd4,
    0x3, 0xff, 0x9c, 0xc2, 0x1, 0xff, 0xce, 0x30,
    0xf, 0xfe, 0x80, 0x80, 0x7f, 0xf3, 0x8d, 0x40,
    0x3f, 0xf9, 0xcc, 0x60, 0x1f, 0xfc, 0xe3, 0xb0,
    0xf, 0xfe, 0x75, 0x99, 0x0, 0x7f, 0xf3, 0x8,
    0xc2, 0x0, 0x3f, 0xf9, 0x90, 0x0, 0x53, 0x0,
    0xff, 0xe5, 0x1a, 0x80, 0x5c, 0x1, 0xff, 0xca,
    0xe0, 0xc, 0x56, 0x1, 0xff, 0xc8, 0xb2, 0x0,
    0xe4, 0xb1, 0x0, 0xff, 0xe2, 0xd, 0xa0, 0x7,
    0xc9, 0xe0, 0x1f, 0xfc, 0x4f, 0x40, 0xf, 0xe1,
    0x0, 0xff, 0xe2, 0x8, 0x7, 0xff, 0xfc, 0x3,
    0xff, 0x90, 0x40, 0x1f, 0xfc, 0x22, 0x0, 0xff,
    0xe0, 0x48, 0x80, 0x7f, 0xf0, 0x6, 0x40, 0x3f,
    0xf8, 0x9, 0xdf, 0xff, 0xfc, 0xe, 0x40, 0xf,
    0xff, 0xf8, 0x7, 0xff, 0x2f, 0xff, 0xff, 0x80,
    0x1, 0xff, 0xe0, 0x10, 0xf, 0xf0, 0x80, 0x7f,
    0xf1, 0x28, 0x80, 0x3f, 0x15, 0x0, 0x7e,

    /* U+F0336 "󰌶" */
    0x0, 0xfe, 0x38, 0xbd, 0xef, 0xdb, 0x83, 0x0,
    0xff, 0xe2, 0x2e, 0xe3, 0xa1, 0x8, 0x12, 0x3e,
    0x6a, 0x80, 0x7f, 0xf0, 0xb, 0x28, 0x80, 0x3f,
    0xc5, 0x58, 0x40, 0x1f, 0xc9, 0xa6, 0x1, 0xff,
    0xc2, 0x3d, 0x40, 0xf, 0x92, 0xc0, 0x39, 0xaf,
    0xbf, 0xdd, 0x6c, 0x1, 0xd6, 0x80, 0x1c, 0x56,
    0x1, 0x93, 0xa5, 0x4, 0x0, 0x29, 0x3c, 0x80,
    0x1a, 0xc8, 0x3, 0x70, 0x6, 0x8b, 0x10, 0xf,
    0xc3, 0x70, 0x1, 0xb8, 0x2, 0x53, 0x0, 0xa1,
    0xc0, 0x3f, 0xf8, 0xf, 0x0, 0x11, 0xa8, 0x2,
    0x0, 0x24, 0x70, 0xf, 0xfe, 0x13, 0xa0, 0x5,
    0x0, 0x64, 0x1, 0x50, 0x7, 0xff, 0x12, 0x80,
    0x22, 0x3b, 0x0, 0x98, 0x40, 0x3f, 0xf8, 0x82,
    0xc0, 0x15, 0x98, 0x5, 0xa0, 0x1f, 0xfc, 0x6d,
    0x0, 0x8d, 0x40, 0x25, 0x0, 0xff, 0xe3, 0x28,
    0x4, 0xc2, 0x1, 0x8, 0x7, 0xff, 0x18, 0x40,
    0x22, 0x0, 0xff, 0xe7, 0x88, 0x80, 0x21, 0x0,
    0xff, 0xe3, 0x8, 0x4, 0x6a, 0x1, 0x28, 0x7,
    0xff, 0x19, 0x40, 0x26, 0x30, 0xb, 0x80, 0x3f,
    0xf8, 0xdc, 0x1, 0x1d, 0x80, 0x4a, 0x20, 0x1f,
    0xfc, 0x41, 0x50, 0xa, 0xcc, 0x80, 0x2a, 0x0,
    0xff, 0xe2, 0x50, 0x4, 0x46, 0x10, 0x1, 0x23,
    0x80, 0x7f, 0xf0, 0x9d, 0x0, 0x28, 0x0, 0x29,
    0x80, 0x50, 0xe0, 0x1f, 0xfc, 0x7, 0x80, 0x8,
    0xd4, 0x2, 0xe0, 0xd, 0x14, 0x20, 0x1f, 0x86,
    0xa0, 0x3, 0x70, 0x6, 0x2b, 0x0, 0xcb, 0xe0,
    0x1f, 0xbd, 0x40, 0x35, 0x90, 0x7, 0x25, 0x88,
    0x4, 0x20, 0x1f, 0x84, 0x2, 0x1b, 0x40, 0xf,
    0x93, 0xc0, 0x3f, 0xf8, 0x9e, 0x80, 0x1f, 0xc2,
    0x1, 0xff, 0xc4, 0x10, 0xf, 0xfe, 0xff, 0xff,
    0xe0, 0xf, 0xff, 0x1, 0x0, 0x7f, 0xf0, 0x88,
    0x3, 0xff, 0x81, 0x22, 0x1, 0xff, 0xc0, 0x19,
    0x0, 0xff, 0xe0, 0x27, 0x7f, 0xff, 0xf0, 0x39,
    0x0, 0x3f, 0xff, 0xe0, 0x1f, 0xfc, 0xbf, 0xff,
    0xfe, 0x0, 0x7, 0xff, 0x80, 0x40, 0x3f, 0xc2,
    0x1, 0xff, 0xc4, 0xa2, 0x0, 0xfc, 0x54, 0x1,
    0xf8,

    /* U+F0339 "󰌹" */
    0x0, 0xff, 0xe6, 0xa3, 0x3b, 0x20, 0x7, 0xff,
    0x48, 0xa7, 0xee, 0x62, 0x6f, 0xe8, 0x80, 0x3f,
    0xf9, 0xcf, 0xac, 0x1, 0xf2, 0xeb, 0x80, 0x7f,
    0xf3, 0x2a, 0x0, 0x3f, 0xe8, 0x90, 0xf, 0xfe,
    0x55, 0x28, 0x6, 0x26, 0x86, 0x20, 0xc, 0xce,
    0x1, 0xff, 0xc8, 0x95, 0x0, 0x86, 0xf6, 0x5e,
    0x76, 0xc4, 0x2, 0x82, 0x0, 0xff, 0xe3, 0x4b,
    0x0, 0x45, 0xe8, 0x1, 0xc9, 0x82, 0x1, 0x40,
    0x7, 0xff, 0x16, 0x58, 0x2, 0x2c, 0x10, 0xf,
    0x8a, 0x80, 0x25, 0x0, 0xff, 0xe2, 0x4b, 0x0,
    0x43, 0x82, 0x1, 0xfc, 0x84, 0x1, 0x20, 0x7,
    0xff, 0xa, 0x58, 0x2, 0x1c, 0x10, 0xf, 0xf9,
    0x0, 0x22, 0x0, 0xff, 0xe0, 0xc3, 0x0, 0x43,
    0x84, 0x1, 0xff, 0xc0, 0xe0, 0x8, 0x40, 0x3f,
    0xf8, 0xe, 0xe0, 0x8, 0x70, 0x80, 0x3f, 0xf8,
    0x3c, 0x1, 0x8, 0x7, 0xfc, 0x70, 0x1, 0xe,
    0x10, 0x4, 0x26, 0x1, 0xfc, 0x80, 0x11, 0x0,
    0x7f, 0xd0, 0x1, 0xe, 0x10, 0x4, 0x9d, 0x96,
    0x1, 0xf2, 0x10, 0x4, 0x80, 0x1f, 0xe1, 0x40,
    0xa, 0x88, 0x3, 0x78, 0x1, 0x24, 0x3, 0x86,
    0x80, 0x26, 0x0, 0xff, 0x90, 0x2, 0x34, 0x0,
    0xe2, 0x0, 0x99, 0x0, 0x36, 0x8, 0x5, 0x60,
    0x1f, 0xf6, 0x80, 0x48, 0x1, 0xe8, 0x20, 0xa,
    0x0, 0x31, 0x0, 0x50, 0x40, 0x1f, 0x10, 0x4,
    0x20, 0x17, 0x0, 0x78, 0x78, 0x2, 0x32, 0x0,
    0x90, 0x0, 0xae, 0x1, 0xf5, 0x28, 0x4, 0x20,
    0x10, 0x80, 0x7c, 0x68, 0x1, 0x20, 0x4, 0x60,
    0xb4, 0x1, 0xf5, 0x2f, 0x80, 0x5c, 0x1, 0x60,
    0x7, 0xe3, 0x0, 0xb8, 0x3, 0x2d, 0x0, 0x7d,
    0x4a, 0x6, 0x1, 0x20, 0x4, 0x86, 0x1, 0xf7,
    0x0, 0x7d, 0x54, 0x0, 0xf9, 0xd4, 0x0, 0x80,
    0x11, 0x18, 0x5, 0xc2, 0x1, 0xee, 0x0, 0xf8,
    0x80, 0x3e, 0x28, 0x0, 0x88, 0x3, 0x40, 0x4,
    0x50, 0x1, 0xe4, 0x0, 0xb4, 0x3, 0xfe, 0xb0,
    0x8, 0x70, 0x3, 0x23, 0x0, 0x44, 0x1, 0xc8,
    0x60, 0x12, 0x0, 0x7f, 0xcc, 0x1, 0x50, 0x80,
    0x74, 0xa0, 0x3, 0xc0, 0x31, 0x50, 0x4, 0x82,
    0x1, 0xfe, 0x40, 0x8, 0x90, 0x3, 0xeb, 0xce,
    0x40, 0x8, 0xb0, 0x40, 0x28, 0x0, 0xff, 0x88,
    0x2, 0x40, 0xf, 0xe3, 0x10, 0x8, 0xb0, 0x40,
    0x28, 0x30, 0xf, 0xf8, 0x40, 0x2e, 0x0, 0xff,
    0xe0, 0x96, 0x8, 0x4, 0xee, 0x0, 0xff, 0xe0,
    0x8, 0x5, 0xc0, 0x1f, 0xfc, 0x2, 0xc1, 0x0,
    0x9a, 0x0, 0x3f, 0xf8, 0x24, 0x1, 0x20, 0x7,
    0xfc, 0x38, 0x20, 0x13, 0x48, 0x7, 0xff, 0x9,
    0x0, 0x22, 0x40, 0xf, 0xe1, 0xc1, 0x0, 0x9a,
    0x40, 0x3f, 0xf8, 0x8a, 0x1, 0x51, 0x0, 0x7c,
    0x38, 0x40, 0x13, 0x48, 0x7, 0xff, 0x16, 0x0,
    0x21, 0xc4, 0x0, 0xe4, 0xf2, 0x0, 0x9a, 0x40,
    0x3f, 0xf8, 0xc5, 0x0, 0x10, 0xde, 0xcb, 0xce,
    0xd8, 0x80, 0x4b, 0x20, 0x1f, 0xfc, 0x87, 0x60,
    0xc, 0x4d, 0xc, 0x40, 0x19, 0x68, 0x3, 0xff,
    0x95, 0x30, 0x1, 0xff, 0x45, 0x0, 0x7f, 0xf3,
    0x1f, 0x54, 0x3, 0xe6, 0xd7, 0x0, 0xff, 0xe7,
    0x15, 0x7d, 0xcc, 0x4d, 0xfc, 0x90, 0x7, 0xff,
    0x28,

    /* U+F033E "󰌾" */
    0x0, 0xff, 0xf1, 0xb5, 0xf7, 0xfb, 0xad, 0x80,
    0x3f, 0xf9, 0x89, 0xd2, 0x82, 0x0, 0x14, 0x9e,
    0x40, 0xf, 0xfe, 0x4c, 0x58, 0x80, 0x7e, 0x1b,
    0x80, 0xf, 0xfe, 0x3c, 0x38, 0x7, 0xff, 0x1,
    0xe0, 0x3, 0xff, 0x8a, 0x8e, 0x1, 0x9f, 0x3f,
    0xd8, 0xe0, 0x19, 0xd0, 0x3, 0xff, 0x89, 0x40,
    0x11, 0x6c, 0x18, 0x0, 0xe3, 0x48, 0x2, 0xa0,
    0xf, 0xfe, 0x1b, 0x8, 0x5, 0xe4, 0x1, 0xe2,
    0xf0, 0x8, 0x58, 0x3, 0xff, 0x85, 0xa0, 0x13,
    0x90, 0x7, 0xe2, 0x70, 0xb, 0x40, 0x3f, 0xf8,
    0x4a, 0x1, 0x58, 0x7, 0xfa, 0xc0, 0x25, 0x0,
    0xff, 0xe1, 0x8, 0x4, 0x60, 0x1f, 0xe3, 0x0,
    0x84, 0x3, 0xff, 0xfe, 0x1, 0xff, 0xfa, 0x2a,
    0xef, 0xf0, 0x6, 0xff, 0xff, 0xe0, 0x0, 0x6f,
    0xf7, 0x51, 0x0, 0x45, 0x8a, 0x20, 0x1f, 0xfc,
    0xc1, 0x5c, 0x20, 0x4, 0x88, 0x7, 0xff, 0x40,
    0x64, 0x0, 0x80, 0x1f, 0xfd, 0x24, 0x0, 0xff,
    0xff, 0x80, 0x7f, 0xff, 0xc0, 0x3f, 0xff, 0x27,
    0x7f, 0xeb, 0x20, 0xf, 0xfe, 0x79, 0xe2, 0x0,
    0x13, 0x48, 0x3, 0xff, 0x9d, 0x0, 0x1e, 0x90,
    0xf, 0xfe, 0x72, 0x0, 0x79, 0x0, 0x3f, 0xfe,
    0x8, 0x1, 0xe4, 0x0, 0xff, 0xe7, 0x40, 0x7,
    0xa0, 0x3, 0xff, 0x9c, 0x78, 0x80, 0x4, 0xc3,
    0x0, 0xff, 0xe7, 0x9d, 0xff, 0xac, 0xc0, 0x3f,
    0xff, 0xe0, 0x1f, 0xff, 0xf0, 0xf, 0xff, 0xca,
    0x0, 0x7f, 0xf4, 0x90, 0x1, 0x22, 0x1, 0xff,
    0xd0, 0x19, 0x0, 0x16, 0x28, 0x80, 0x7f, 0xf3,
    0x5, 0x70, 0x80,

    /* U+F0347 "󰍇" */
    0xff, 0xfc, 0x1, 0xff, 0xc8, 0xff, 0xfc, 0x1,
    0xff, 0xff, 0x0, 0xff, 0xff, 0x80, 0x7f, 0xf4,
    0xbf, 0xff, 0x0, 0x7f, 0xf2, 0x3f, 0xff, 0x0,
    0x7f, 0xff, 0xc0, 0x3f, 0xfa, 0xbf, 0xff, 0x80,
    0x3f, 0xf9, 0x1f, 0xff, 0x80, 0x3f, 0xff, 0xe0,
    0x1f, 0xff, 0xf0, 0xf, 0xff, 0xf8, 0x7, 0xff,
    0xfc, 0x3, 0xff, 0xfe, 0x1, 0xff, 0xed, 0x10,
    0xf, 0x84, 0x3, 0xff, 0x8c, 0x20, 0x1f, 0x9,
    0x0, 0x7c, 0x80, 0x1f, 0xfc, 0x65, 0x0, 0xf8,
    0x94, 0x3, 0xef, 0x0, 0xff, 0xe3, 0x70, 0x7,
    0xcb, 0xe0, 0x1f, 0x29, 0x0, 0x7f, 0xf1, 0x5,
    0x40, 0x3e, 0xf7, 0x0, 0xfd, 0x20, 0x1f, 0xfc,
    0x4a, 0x0, 0xfc, 0xe2, 0x60, 0x1f, 0x23, 0x80,
    0x7f, 0xf0, 0x9d, 0x0, 0x3e, 0x31, 0x9, 0x0,
    0xfd, 0xe, 0x1, 0xff, 0xc0, 0x88, 0x0, 0x7e,
    0x90, 0x2, 0x90, 0x7, 0xe8, 0xa2, 0x0, 0xfc,
    0x36, 0xe0, 0x1f, 0x89, 0x40, 0x2e, 0x0, 0xfe,
    0x5d, 0xa5, 0x20, 0x0, 0xad, 0x72, 0x0, 0x7f,
    0x70, 0x6, 0x36, 0x0, 0xff, 0x2d, 0x6f, 0xfb,
    0xa9, 0x40, 0x3f, 0xcc, 0x60, 0x1d, 0x26, 0x1,
    0xff, 0xce, 0x39, 0x0, 0xfb, 0x48, 0x3, 0xff,
    0x98, 0x5a, 0x1, 0xf8, 0x70, 0xc0, 0x3f, 0xf9,
    0x47, 0x82, 0x1, 0xfc, 0x38, 0xc0, 0x1f, 0xfc,
    0x86, 0xc1, 0x0, 0xff, 0xe0, 0x4d, 0x90, 0x7,
    0xff, 0x10, 0xb2, 0x40, 0x3f, 0xf8, 0x69, 0xb4,
    0x60, 0x1f, 0xfc, 0x3, 0xad, 0x30, 0xf, 0xfe,
    0x32, 0xe7, 0x4b, 0x18, 0x80, 0x4, 0xda, 0x7b,
    0x14, 0x3, 0xfc,

    /* U+F0349 "󰍉" */
    0x0, 0xfc, 0x71, 0x7d, 0xfe, 0xeb, 0x82, 0x0,
    0xff, 0xe5, 0xa6, 0x61, 0xd0, 0x40, 0x2, 0x8f,
    0xb8, 0x60, 0x1f, 0xfc, 0x89, 0xb3, 0x0, 0xff,
    0x1e, 0x48, 0x7, 0xff, 0x14, 0x71, 0x80, 0x3f,
    0xf8, 0x4d, 0x82, 0x1, 0xff, 0xc3, 0xd3, 0x0,
    0xc9, 0x3b, 0xdc, 0xd9, 0x40, 0xc, 0x7a, 0x1,
    0xff, 0xc2, 0x93, 0x0, 0x8a, 0xec, 0xc4, 0x22,
    0x26, 0xbc, 0x20, 0x8, 0xe4, 0x3, 0xff, 0x80,
    0x8c, 0x1, 0x1e, 0x20, 0x7, 0xe3, 0xd4, 0x0,
    0x98, 0xc0, 0x3f, 0xe8, 0x0, 0x8b, 0x44, 0x3,
    0xfe, 0xb2, 0x0, 0xa0, 0x3, 0xfc, 0x66, 0x0,
    0xa4, 0x40, 0x3f, 0xf8, 0x3c, 0x1, 0x21, 0x0,
    0x7f, 0x58, 0x4, 0x88, 0x0, 0xff, 0xe1, 0x1a,
    0x80, 0x4a, 0x1, 0xfc, 0x60, 0x16, 0x80, 0x7f,
    0xf1, 0x3c, 0x2, 0xc0, 0xf, 0xe5, 0x0, 0x90,
    0x3, 0xff, 0x88, 0x80, 0x13, 0x0, 0x7f, 0x8,
    0x4, 0x60, 0x1f, 0xfc, 0x41, 0x0, 0x8c, 0x3,
    0xff, 0xc0, 0x20, 0x11, 0x80, 0x7f, 0xf1, 0x4,
    0x2, 0x30, 0xf, 0xe5, 0x0, 0x90, 0x3, 0xff,
    0x88, 0x80, 0x13, 0x0, 0x7f, 0x18, 0x5, 0xa0,
    0x1f, 0xfc, 0x4f, 0x0, 0xb0, 0x3, 0xfa, 0x80,
    0x24, 0x30, 0xf, 0xfe, 0x11, 0x28, 0x4, 0xa0,
    0x1f, 0xc4, 0x60, 0x17, 0x0, 0x7f, 0xf0, 0xb8,
    0x2, 0x42, 0x0, 0xff, 0x78, 0x4, 0x56, 0x1,
    0xff, 0xc0, 0xb3, 0x0, 0xa0, 0x3, 0xfe, 0x36,
    0x0, 0x93, 0x4c, 0x3, 0xf1, 0x62, 0x0, 0x4c,
    0x60, 0x1f, 0xfc, 0x9, 0x30, 0x8, 0xb2, 0x94,
    0x40, 0x2, 0xb5, 0xa6, 0x1, 0xa0, 0x3, 0xff,
    0x85, 0xa6, 0x1, 0x96, 0xbb, 0xfd, 0xd4, 0xa0,
    0x1e, 0xef, 0x70, 0xf, 0xfe, 0x0, 0xe3, 0x0,
    0x7f, 0xf0, 0x9b, 0x80, 0x28, 0x80, 0x7, 0xff,
    0x6, 0x71, 0x0, 0x3f, 0xc9, 0x92, 0x20, 0x19,
    0xe0, 0x3, 0xff, 0x82, 0x77, 0xb0, 0x84, 0x2,
    0x49, 0x1b, 0x66, 0x0, 0x80, 0xc, 0xf0, 0x1,
    0xff, 0xc2, 0x27, 0xbd, 0xfe, 0xdb, 0x72, 0x0,
    0xce, 0xe0, 0xc, 0xf0, 0x1, 0xff, 0xd0, 0x87,
    0x0, 0xcf, 0x0, 0x1f, 0xfd, 0x8, 0x70, 0xc,
    0xf0, 0x1, 0xff, 0xd0, 0x87, 0x0, 0xcf, 0x0,
    0x1f, 0xfd, 0x8, 0x70, 0xc, 0xf0, 0x1, 0xff,
    0xd0, 0x87, 0x0, 0xce, 0xe0, 0xf, 0xfe, 0x84,
    0x38, 0x7, 0xff, 0x5a, 0x1c, 0x1, 0xe, 0x1,
    0xff, 0xd2, 0x88, 0x9c, 0x0,

    /* U+F0369 "󰍩" */
    0x1, 0xae, 0xff, 0xff, 0xea, 0x75, 0x8, 0xf,
    0xa8, 0x80, 0x7f, 0xf5, 0x5, 0x7c, 0x6c, 0x40,
    0x3f, 0xfb, 0x3, 0x68, 0x1, 0xff, 0xda, 0x41,
    0x0, 0xff, 0xed, 0x8, 0x7, 0xff, 0xfc, 0x3,
    0xff, 0xd3, 0xff, 0xff, 0xcc, 0x0, 0xff, 0xff,
    0x80, 0x7f, 0xfc, 0x7f, 0xff, 0xf9, 0x80, 0x1f,
    0xfe, 0xcf, 0xff, 0xfe, 0x60, 0x7, 0xff, 0xfc,
    0x3, 0xff, 0xe3, 0xff, 0xff, 0xcc, 0x0, 0xff,
    0xf6, 0x7f, 0xff, 0xf1, 0x0, 0x3f, 0xff, 0xe0,
    0x1f, 0xff, 0x9f, 0xff, 0xfe, 0x20, 0x7, 0xff,
    0xfc, 0x3, 0xff, 0xfe, 0x1, 0xff, 0xcd, 0x10,
    0xf, 0xfe, 0xda, 0x0, 0x7f, 0xf6, 0x86, 0x0,
    0x3f, 0xfb, 0x2b, 0x84, 0x1, 0xf3, 0xff, 0xff,
    0xf4, 0x68, 0x80, 0x3e, 0x78, 0x0, 0xff, 0xec,
    0xbc, 0x0, 0x7f, 0xf6, 0x5e, 0x0, 0x3f, 0xfb,
    0x2f, 0x0, 0x1f, 0xfd, 0x97, 0x80, 0xf, 0xfe,
    0xcb, 0xc0, 0x7, 0xff, 0x66, 0x20, 0x1, 0xff,
    0xda,

    /* U+F0374 "󰍴" */
    0xff, 0xff, 0xe8, 0x0, 0x7f, 0xff, 0xc0, 0x3f,
    0x80,

    /* U+F03C8 "󰏈" */
    0x0, 0xff, 0xfc, 0xcf, 0x72, 0x40, 0x3f, 0xfb,
    0xf2, 0xc2, 0x26, 0x80, 0xf, 0xfe, 0xf3, 0x80,
    0x66, 0x0, 0xff, 0xef, 0x8, 0x6, 0x10, 0xf,
    0xff, 0x27, 0xff, 0xe0, 0xf, 0xff, 0xf8, 0x7,
    0xff, 0xfc, 0x3, 0xff, 0xad, 0xff, 0xf8, 0x3,
    0xff, 0xfe, 0x1, 0xff, 0xff, 0x0, 0xff, 0xeb,
    0x7f, 0xfe, 0x0, 0xff, 0xff, 0x80, 0x7f, 0xff,
    0xc0, 0x3f, 0xfa, 0xdf, 0xff, 0x80, 0x3f, 0xff,
    0xe0, 0x1f, 0xff, 0xf0, 0xf, 0xfe, 0xb7, 0xff,
    0xe0, 0xf, 0xff, 0xf8, 0x7, 0xff, 0xfc, 0x3,
    0xff, 0xad, 0xff, 0xf8, 0x3, 0xff, 0xfe, 0x1,
    0xff, 0xea, 0x90, 0xf, 0x40, 0x7, 0xff, 0x27,
    0xf1, 0x80, 0x3f, 0x85, 0xc0, 0x32, 0xb0, 0x7,
    0x9d, 0x40, 0x37, 0x63, 0x0, 0x7f, 0x9b, 0x3c,
    0xe, 0x74, 0xc0, 0x3c, 0x7f, 0x0, 0x1b, 0x80,
    0x3f, 0x48, 0x6, 0x13, 0x9d, 0x30, 0xf, 0x1e,
    0xc9, 0x80, 0x62, 0xc5, 0x0, 0xc9, 0x82, 0x1,
    0xc8, 0x1, 0xf8, 0xc0, 0x3e, 0x2c, 0x40, 0xc,
    0xb8, 0x40, 0x1f, 0xa9, 0x80, 0xd, 0x60, 0x1f,
    0xfc, 0xeb, 0x60, 0x3, 0x50, 0x7, 0x74, 0x80,
    0x69, 0xff, 0x48, 0x7, 0xe3, 0x0, 0xfc, 0x60,
    0x1b, 0xa4, 0x3, 0x4f, 0xfa, 0x40, 0x34, 0xf0,
    0xb5, 0x0, 0x7f, 0xa8, 0x3, 0x40, 0x7, 0xe9,
    0x0, 0xc2, 0xd4, 0x1, 0xfe, 0xa6, 0x10, 0x2,
    0xe1, 0x0, 0x78, 0x71, 0x40, 0x32, 0x38, 0x7,
    0x9d, 0x40, 0x3c, 0xb8, 0x20, 0x1e, 0x2c, 0x50,
    0xe, 0x3d, 0x93, 0x11, 0x1c, 0xf1, 0x80, 0x7a,
    0x2d, 0x4, 0x49, 0x70, 0x1, 0xf8, 0xfa, 0x4c,
    0x44, 0x73, 0xa6, 0x1, 0xf9, 0xb3, 0xb9, 0x8c,
    0x1, 0xfc, 0x97, 0xdc, 0xb4, 0x0, 0xff, 0x9b,
    0x3b, 0x98, 0xc0, 0x1f, 0xfe, 0xb7, 0x0, 0xff,
    0x36, 0x77, 0x31, 0x80, 0x3f, 0xcd, 0x9d, 0xcc,
    0x60, 0xf, 0xf3, 0x80, 0x68, 0xe4, 0x0, 0xf1,
    0xec, 0x98, 0x88, 0xe7, 0x4c, 0x3, 0xc7, 0xb2,
    0x62, 0x23, 0x9d, 0x30, 0xf, 0x27, 0x40, 0x7,
    0xd, 0xa8, 0x6, 0x5c, 0x20, 0xf, 0x16, 0x28,
    0x6, 0x5c, 0x20, 0xf, 0x16, 0x28, 0x6, 0x5b,
    0x10, 0xf, 0xd4, 0xc2, 0x26, 0xa0, 0xf, 0xf5,
    0x38, 0x89, 0xa8, 0x3, 0xfd, 0x4c, 0x22, 0x6a,
    0x0, 0xff, 0xa7, 0xb9, 0x20, 0x1a, 0x7f, 0xd2,
    0x1, 0xa3, 0xb9, 0x20, 0x1a, 0x7f, 0xd2, 0x1,
    0xa7, 0xb9, 0x20, 0x1f, 0xac, 0x3, 0xfd, 0x6c,
    0x0, 0x6a, 0x0, 0xff, 0x53, 0x0, 0x1a, 0xc0,
    0x3f, 0xd6, 0x1, 0x93, 0x8, 0x3, 0xc5, 0x88,
    0x1, 0x97, 0x4, 0x3, 0xc5, 0x8a, 0x1, 0x93,
    0x8, 0x3, 0xc5, 0x88, 0x1, 0xc7, 0xb2, 0x60,
    0x3, 0x8d, 0x30, 0xf, 0x1f, 0x41, 0x80, 0xe,
    0x74, 0xc0, 0x3c, 0x7b, 0x6, 0x0, 0x39, 0xd3,
    0x0, 0x80,

    /* U+F03D6 "󰏖" */
    0x0, 0xff, 0xe4, 0x36, 0xe9, 0x80, 0x3f, 0xfb,
    0x49, 0xb2, 0x44, 0x9d, 0x40, 0xf, 0xfe, 0xb1,
    0x5d, 0x88, 0x3, 0x15, 0xd8, 0x80, 0x3f, 0xfa,
    0x43, 0x3a, 0x80, 0x1f, 0x93, 0x64, 0x40, 0x3f,
    0xf9, 0xef, 0xcc, 0x1, 0xe5, 0x0, 0xe6, 0xe7,
    0x0, 0xff, 0xe6, 0x2f, 0x40, 0x7, 0xea, 0xc4,
    0x0, 0xe8, 0xe6, 0x0, 0xff, 0xe4, 0x26, 0x50,
    0x80, 0x7f, 0x8e, 0xec, 0x40, 0x18, 0x67, 0x50,
    0x3, 0xff, 0x88, 0x57, 0x63, 0x0, 0xff, 0xe1,
    0x26, 0xc8, 0x80, 0x62, 0xbb, 0x10, 0x7, 0xff,
    0x0, 0x67, 0x50, 0x3, 0xff, 0x8c, 0xdc, 0xe0,
    0x1c, 0x9b, 0x22, 0x1, 0xfc, 0xbc, 0xc0, 0x1f,
    0xfc, 0xa8, 0xd5, 0x0, 0xe6, 0xe4, 0x0, 0xf8,
    0x68, 0x3, 0xff, 0x9a, 0x55, 0x86, 0x1, 0xd4,
    0x20, 0x1e, 0x80, 0xf, 0xfe, 0xb8, 0xc0, 0x7,
    0x13, 0x0, 0x7f, 0xf3, 0x8a, 0xb0, 0xc0, 0x3c,
    0xc4, 0x1, 0xa4, 0x3, 0xff, 0x9d, 0x1a, 0xa0,
    0x18, 0xc8, 0x2, 0x90, 0x9, 0x10, 0x1, 0xca,
    0x1, 0xff, 0xc6, 0x6e, 0x70, 0xc, 0x35, 0x90,
    0x1, 0x22, 0x0, 0x12, 0x1, 0xea, 0xc3, 0x0,
    0xff, 0xe1, 0x26, 0xc8, 0x80, 0x67, 0xe5, 0x4,
    0x0, 0xd0, 0x0, 0x20, 0xf, 0x8f, 0x28, 0x80,
    0x3f, 0xc7, 0x76, 0x20, 0xc, 0xbd, 0x0, 0x8,
    0xe0, 0xc, 0x40, 0x9, 0x0, 0xfe, 0x5d, 0x81,
    0x0, 0xfa, 0x71, 0x0, 0x31, 0xe5, 0x8, 0x2f,
    0x38, 0x7, 0x40, 0x1, 0xbb, 0x80, 0x1f, 0xcf,
    0xec, 0x1, 0xe6, 0x0, 0xc3, 0x38, 0x60, 0x79,
    0x42, 0x1, 0x8f, 0x18, 0x2, 0x11, 0x0, 0x7f,
    0x86, 0x75, 0x0, 0x3f, 0x3f, 0x30, 0xd, 0x61,
    0x80, 0x7b, 0xc, 0x3, 0xff, 0x8c, 0x57, 0x62,
    0x0, 0xc7, 0xb0, 0x0, 0x7e, 0x50, 0xf, 0xfe,
    0x92, 0x68, 0x6, 0x23, 0x5, 0xe8, 0x0, 0xe4,
    0x0, 0xff, 0xea, 0xd, 0xe5, 0x8, 0x6, 0x2b,
    0xb0, 0x7, 0xff, 0x55, 0x4c, 0x3, 0xc, 0x6a,
    0x0, 0x7f, 0xf6, 0xdb, 0xdc, 0x3, 0xff, 0xb6,
    0x79, 0x22, 0x1, 0xff, 0xda, 0x1a, 0xc3, 0x0,
    0xff, 0xe5, 0x8, 0x7, 0xff, 0xe, 0xa9, 0xca,
    0x1, 0xf0, 0x80, 0x7f, 0xf1, 0x3d, 0x80, 0x3f,
    0xf8, 0x4a, 0xa0, 0xf, 0xcd, 0xe0, 0x1f, 0xfc,
    0x1, 0x0, 0x86, 0x70, 0xc0, 0x3f, 0xf9, 0x7,
    0x92, 0x20, 0x10, 0x80, 0x7e, 0xb0, 0xe, 0x3c,
    0xa2, 0x0, 0xff, 0xe2, 0x15, 0x61, 0x80, 0x75,
    0x80, 0x7e, 0x5e, 0x60, 0xe, 0x5d, 0x80, 0xf,
    0xfe, 0x14, 0x6a, 0x80, 0x73, 0x72, 0x80, 0x7f,
    0xc, 0xea, 0x0, 0x73, 0xf3, 0x0, 0x7f, 0x9b,
    0x9c, 0x3, 0x93, 0x64, 0x40, 0x3f, 0xf8, 0x5,
    0x76, 0x20, 0xc, 0x33, 0x86, 0x1, 0xe3, 0xc9,
    0x10, 0xc, 0x57, 0x62, 0x0, 0xff, 0xe2, 0x26,
    0xc8, 0x80, 0x63, 0xca, 0x0, 0xd5, 0x86, 0x1,
    0x86, 0x75, 0x0, 0x3f, 0xf9, 0xd, 0xd0, 0x1,
    0xca, 0x1, 0x94, 0x3, 0xa3, 0x98, 0x3, 0xff,
    0x98, 0xfc, 0xc0, 0x1f, 0xfc, 0x6, 0xe7, 0x0,
    0xff, 0xe7, 0x8c, 0xea, 0x0, 0x7e, 0x4d, 0x91,
    0x0, 0xff, 0xe9, 0x15, 0xd8, 0x80, 0x31, 0x5d,
    0x88, 0x3, 0xff, 0xac, 0x9b, 0x24, 0x49, 0xd4,
    0x0, 0xff, 0xe3, 0x0,

    /* U+F03D8 "󰏘" */
    0x0, 0xff, 0xe0, 0xb, 0x4e, 0xf7, 0xfb, 0xb6,
    0x9c, 0xc0, 0x3f, 0xf9, 0x4b, 0x9d, 0x2c, 0x42,
    0x0, 0x12, 0x58, 0xce, 0x81, 0x0, 0xff, 0xe2,
    0x9e, 0x51, 0x80, 0x7f, 0xf0, 0x5, 0xfa, 0x0,
    0x3f, 0xf8, 0x71, 0x86, 0x1, 0xff, 0xc5, 0x7e,
    0x40, 0xf, 0xfe, 0x5, 0xb8, 0x5, 0x1d, 0xc8,
    0x0, 0xf4, 0x77, 0x20, 0x2, 0x1b, 0x70, 0xf,
    0xf6, 0x20, 0x5, 0xe, 0x22, 0x79, 0x0, 0xd2,
    0xe2, 0x27, 0x80, 0xd, 0x10, 0x0, 0xfd, 0x66,
    0x1, 0x98, 0x3, 0x38, 0x6, 0x70, 0xc, 0xc0,
    0x1c, 0xec, 0x1, 0xe8, 0x40, 0xf, 0xfe, 0x7c,
    0x98, 0x6, 0x37, 0x0, 0xf3, 0x0, 0x67, 0x0,
    0xce, 0x1, 0x98, 0x3, 0xee, 0x0, 0xde, 0x1,
    0xf4, 0x30, 0x89, 0xa4, 0x3, 0x4b, 0x8, 0x9a,
    0x0, 0x3e, 0x26, 0x0, 0x29, 0x80, 0x7e, 0x9e,
    0xe4, 0x80, 0x7a, 0x7b, 0x92, 0x1, 0xfd, 0x60,
    0x9, 0x0, 0xff, 0xea, 0x12, 0x9, 0x80, 0x51,
    0xdc, 0x80, 0xf, 0xfe, 0x34, 0x77, 0x20, 0x3,
    0x63, 0x80, 0x50, 0xe2, 0x27, 0x80, 0xf, 0xfe,
    0x24, 0x38, 0x89, 0xe0, 0x2, 0x4c, 0x0, 0x98,
    0x3, 0x30, 0x7, 0xff, 0x11, 0x80, 0x33, 0x0,
    0x44, 0xe0, 0x1f, 0xfd, 0x23, 0x0, 0x84, 0xc0,
    0x26, 0x0, 0xcc, 0x1, 0xff, 0xc4, 0x60, 0xc,
    0xa0, 0x18, 0x40, 0x28, 0x71, 0x13, 0xc0, 0x7,
    0xff, 0x12, 0x1c, 0x44, 0xf0, 0x1, 0x8, 0x7,
    0x47, 0x72, 0x0, 0x3f, 0xf8, 0xd1, 0xdc, 0x80,
    0xc, 0x82, 0x1, 0xff, 0xd6, 0xf3, 0x0, 0xff,
    0xea, 0x8a, 0xb8, 0x7, 0xff, 0x56, 0x83, 0x0,
    0x3f, 0xfa, 0x8e, 0x80, 0xe0, 0x1f, 0xfd, 0x37,
    0x80, 0x0, 0x98, 0x7, 0xff, 0x40, 0xae, 0x0,
    0x34, 0x80, 0x7f, 0xf3, 0x4, 0x96, 0xb5, 0x0,
    0x39, 0x4c, 0x3, 0xff, 0x8a, 0x7b, 0xff, 0xbb,
    0x69, 0x40, 0x3f, 0x78, 0x7, 0xff, 0x10, 0x70,
    0x80, 0x3f, 0xf8, 0x86, 0xe0, 0x1f, 0xfc, 0x37,
    0x0, 0xff, 0xe3, 0xc2, 0x0, 0x7f, 0xf5, 0xec,
    0xc0, 0x3f, 0xf8, 0x2e, 0x1, 0xff, 0xc9, 0xc4,
    0x0, 0xff, 0xe0, 0xc, 0x0, 0x7f, 0xf2, 0x6d,
    0xc0, 0x3f, 0xf8, 0xc, 0x1, 0xff, 0xca, 0x8c,
    0x30, 0xf, 0xfe, 0xb1, 0xe5, 0x18, 0x7, 0xe6,
    0x0, 0xff, 0xe6, 0xae, 0x74, 0xa9, 0x8, 0xb,
    0xc0, 0x7, 0xff, 0xc,

    /* U+F03E4 "󰏤" */
    0xff, 0xfc, 0x1, 0xfb, 0xff, 0xf0, 0x7, 0xff,
    0xfc, 0x3, 0xff, 0xfe, 0x1, 0xff, 0xff, 0x0,
    0xff, 0xff, 0x80, 0x7f, 0xff, 0xc0, 0x3f, 0xff,
    0xe0, 0x1f, 0xff, 0xf0, 0xf, 0xff, 0xf8, 0x7,
    0xff, 0x90,

    /* U+F03EB "󰏫" */
    0x0, 0xff, 0xe7, 0x96, 0x7c, 0x80, 0x7f, 0xf4,
    0xc7, 0xc, 0x1a, 0x80, 0x3f, 0xfa, 0x23, 0xe2,
    0x1, 0x2d, 0x0, 0x7f, 0xf3, 0xc7, 0xc4, 0x3,
    0x96, 0x80, 0x3f, 0xf9, 0xce, 0x20, 0x1f, 0x2d,
    0x0, 0x7f, 0xf3, 0x5a, 0x0, 0x3f, 0x2c, 0x80,
    0x7f, 0xf2, 0x45, 0x0, 0xf, 0x0, 0x1f, 0x98,
    0x3, 0xff, 0x90, 0x3f, 0x68, 0x0, 0x78, 0x0,
    0xf8, 0xc0, 0x3f, 0xf8, 0xe3, 0xe2, 0x16, 0x80,
    0x7, 0x80, 0xe, 0x1e, 0x0, 0xff, 0xe3, 0xf,
    0x88, 0x5, 0x68, 0x0, 0x78, 0x0, 0x87, 0xc8,
    0x3, 0xff, 0x8a, 0x3e, 0x20, 0x1d, 0x68, 0x0,
    0x78, 0x1, 0xf1, 0x0, 0xff, 0xe2, 0x8f, 0x88,
    0x7, 0xd6, 0x80, 0x7, 0x9f, 0x10, 0xf, 0xfe,
    0x28, 0xf8, 0x80, 0x7f, 0x5a, 0x0, 0x18, 0x40,
    0x3f, 0xf8, 0xa3, 0xe2, 0x1, 0xff, 0x5a, 0x0,
    0x7f, 0xf1, 0xc7, 0xc4, 0x3, 0xff, 0x80, 0x2a,
    0x1, 0xff, 0xc6, 0x1f, 0x10, 0xf, 0xfe, 0x0,
    0xf8, 0x80, 0x7f, 0xf1, 0x47, 0xc4, 0x3, 0xff,
    0x80, 0x3e, 0x20, 0x1f, 0xfc, 0x51, 0xf1, 0x0,
    0xff, 0xe0, 0xf, 0x88, 0x7, 0xff, 0x14, 0x7c,
    0x40, 0x3f, 0xf8, 0x3, 0xe2, 0x1, 0xff, 0xc5,
    0x1f, 0x10, 0xf, 0xfe, 0x0, 0xf8, 0x80, 0x7f,
    0xf1, 0x47, 0xc4, 0x3, 0xff, 0x80, 0x3e, 0x20,
    0x1f, 0xfc, 0x51, 0xf1, 0x0, 0xff, 0xe0, 0xf,
    0x88, 0x7, 0xff, 0x14, 0x7c, 0x40, 0x3f, 0xf8,
    0x3, 0xe2, 0x1, 0xff, 0xc5, 0x1f, 0x10, 0xf,
    0xfe, 0x0, 0xf8, 0x80, 0x7f, 0xf1, 0x47, 0xc4,
    0x3, 0xff, 0x80, 0x3e, 0x20, 0x1f, 0xfc, 0x51,
    0xf1, 0x0, 0xff, 0xe0, 0xf, 0x88, 0x7, 0xff,
    0x14, 0x7c, 0x40, 0x3f, 0xf8, 0x3, 0xe2, 0x1,
    0xff, 0xc5, 0x1f, 0x10, 0xf, 0xfe, 0x0, 0xf8,
    0x80, 0x7f, 0xf1, 0xbc, 0x40, 0x3f, 0xf8, 0x3,
    0xe2, 0x1, 0xff, 0xc7, 0x10, 0xf, 0xfe, 0x0,
    0xf8, 0x80, 0x7f, 0xf5, 0x7, 0xc4, 0x3, 0xff,
    0xa8, 0x3e, 0x20, 0x1f, 0xfd, 0x41, 0xf1, 0x0,
    0xff, 0xea, 0xf, 0x88, 0x7, 0xff, 0x50, 0x7c,
    0x40, 0x3f, 0xfa, 0x83, 0xe2, 0x1, 0xff, 0xce,

    /* U+F040A "󰐊" */
    0x50, 0xf, 0xfe, 0x4d, 0x59, 0x0, 0x7f, 0xf2,
    0x13, 0x5c, 0x3, 0xff, 0x93, 0x1a, 0x60, 0x1f,
    0xfc, 0x82, 0xc9, 0x0, 0xff, 0xe4, 0xb7, 0x20,
    0x7, 0xff, 0x20, 0x6e, 0x84, 0x3, 0xff, 0x90,
    0xbe, 0xc0, 0x1f, 0xfc, 0x81, 0x9b, 0x20, 0xf,
    0xfe, 0x42, 0x6b, 0x80, 0x7f, 0xf2, 0x63, 0x4c,
    0x3, 0xff, 0x90, 0x59, 0x0, 0x1f, 0xfc, 0x97,
    0xe4, 0x0, 0xff, 0xe4, 0xd, 0xd0, 0x80, 0x7f,
    0xf2, 0x16, 0x40, 0x3f, 0xf8, 0xe5, 0x90, 0x1,
    0xff, 0xc6, 0x8d, 0x30, 0xf, 0xfe, 0x29, 0xeb,
    0x80, 0x7f, 0xf1, 0x46, 0x70, 0x80, 0x3f, 0xf8,
    0xab, 0xec, 0x1, 0xff, 0xc5, 0x1b, 0xa1, 0x0,
    0xff, 0xe2, 0xb7, 0x20, 0x7, 0xff, 0x14, 0xb2,
    0x40, 0x3f, 0xf8, 0xd1, 0xa6, 0x1, 0xff, 0xc5,
    0x3d, 0x70, 0xf, 0xfe, 0x34, 0xe1, 0x0, 0x7f,
    0xf1, 0x57, 0x98, 0x3, 0xff, 0x8a, 0x55, 0x41,
    0x0, 0xff, 0xe3, 0x6a, 0x80, 0x7f, 0xf2, 0x0,

    /* U+F040C "󰐌" */
    0x0, 0xff, 0xe1, 0x1b, 0xd6, 0x77, 0xfb, 0xb2,
    0x98, 0xc0, 0x3f, 0xf9, 0xa3, 0x1b, 0x90, 0xa6,
    0x20, 0x1, 0x35, 0x9c, 0xd8, 0x10, 0xf, 0xfe,
    0x40, 0xcf, 0x39, 0x0, 0x7f, 0xf0, 0x9, 0xfa,
    0x44, 0x3, 0xff, 0x8a, 0xbe, 0xc0, 0x1f, 0xfc,
    0x66, 0xf5, 0x0, 0xff, 0xe1, 0xcd, 0x8, 0x7,
    0xff, 0x20, 0x6a, 0x40, 0x3f, 0xf8, 0x36, 0xc0,
    0x1f, 0xfc, 0xc6, 0xb0, 0xf, 0xfa, 0xd0, 0x3,
    0xff, 0x9c, 0x96, 0x1, 0xfd, 0x28, 0x1, 0xff,
    0xd0, 0x49, 0x0, 0xf9, 0x58, 0x3, 0xff, 0xa4,
    0xca, 0x1, 0xc3, 0x60, 0x1f, 0xfd, 0x4b, 0x10,
    0xd, 0x2, 0x1, 0xff, 0xd4, 0x18, 0x0, 0x85,
    0x80, 0x3f, 0xf8, 0x32, 0x1, 0xff, 0xc8, 0x61,
    0x0, 0x48, 0x7, 0xff, 0x9, 0xb4, 0x80, 0x3f,
    0xf8, 0xf2, 0x0, 0x50, 0xf, 0xfe, 0x19, 0x6a,
    0x80, 0x7f, 0xf1, 0x94, 0xc, 0x80, 0x3f, 0xf8,
    0xb5, 0x20, 0x1f, 0xfc, 0x52, 0x34, 0x0, 0xff,
    0xe3, 0xb6, 0x90, 0x7, 0xff, 0x11, 0x74, 0x3,
    0xff, 0x90, 0x5a, 0xa0, 0x1f, 0xfc, 0x3c, 0x60,
    0xf, 0xfe, 0x55, 0x48, 0x7, 0xff, 0x9, 0x88,
    0x3, 0xff, 0x96, 0xda, 0x40, 0x1f, 0xfc, 0x2,
    0x10, 0xf, 0xfe, 0x61, 0x6a, 0x80, 0x7f, 0xc2,
    0x1, 0xff, 0xdc, 0x10, 0xf, 0xfe, 0x61, 0x6a,
    0x80, 0x7f, 0xc2, 0x40, 0x1f, 0xfc, 0xb6, 0xd2,
    0x0, 0xff, 0xe0, 0x13, 0x0, 0x7f, 0xf2, 0xaa,
    0x40, 0x3f, 0xf8, 0x4d, 0xa0, 0x1f, 0xfc, 0x82,
    0xd5, 0x0, 0xff, 0xe1, 0xea, 0x0, 0x7f, 0xf1,
    0xdb, 0x48, 0x3, 0xff, 0x88, 0x86, 0x40, 0x1f,
    0xfc, 0x5a, 0x90, 0xf, 0xfe, 0x29, 0x18, 0x28,
    0x7, 0xff, 0xc, 0xb5, 0x40, 0x3f, 0xf8, 0xca,
    0x0, 0x90, 0xf, 0xfe, 0x13, 0x69, 0x0, 0x7f,
    0xf1, 0xe4, 0x0, 0x2c, 0x1, 0xff, 0xc1, 0x90,
    0xf, 0xfe, 0x43, 0x8, 0x5, 0x2, 0x1, 0xff,
    0xd4, 0x18, 0x0, 0xc3, 0x60, 0x1f, 0xfd, 0x4b,
    0x10, 0xe, 0x56, 0x0, 0xff, 0xe9, 0x32, 0x80,
    0x7d, 0x28, 0x1, 0xff, 0xd0, 0x49, 0x0, 0xfe,
    0xb4, 0x0, 0xff, 0xe7, 0x25, 0x80, 0x7f, 0xd6,
    0xc0, 0x1f, 0xfc, 0xc6, 0xb0, 0xf, 0xfe, 0xc,
    0xd0, 0x80, 0x7f, 0xf2, 0x6, 0xa4, 0x3, 0xff,
    0x86, 0xbe, 0xc0, 0x1f, 0xfc, 0x66, 0xf5, 0x0,
    0xff, 0xe2, 0x8c, 0xf3, 0x90, 0x7, 0xff, 0x0,
    0x9f, 0xa4, 0x40, 0x3f, 0xf9, 0x3, 0x1b, 0x90,
    0xa6, 0x20, 0x1, 0x35, 0x8c, 0xd8, 0x10, 0xf,
    0xf8,

    /* U+F0415 "󰐕" */
    0x0, 0xff, 0xe0, 0x7f, 0xe0, 0xf, 0xff, 0xf8,
    0x7, 0xff, 0xfc, 0x3, 0xff, 0xfe, 0x1, 0xff,
    0xff, 0x0, 0xff, 0xe4, 0x7f, 0xff, 0xf0, 0x0,
    0x37, 0xff, 0xff, 0x0, 0x3, 0xff, 0xfe, 0x1,
    0xfd, 0xff, 0xff, 0xc0, 0x0, 0xdf, 0xff, 0xfc,
    0x0, 0xf, 0xff, 0xf8, 0x7, 0xff, 0xfc, 0x3,
    0xff, 0xfe, 0x1, 0xff, 0xff, 0x0, 0xfc,

    /* U+F0425 "󰐥" */
    0x0, 0xff, 0xe1, 0xff, 0xe0, 0xf, 0xff, 0xf8,
    0x7, 0xff, 0xfc, 0x3, 0xe1, 0xc8, 0x0, 0xff,
    0xe2, 0x3e, 0x90, 0x7, 0xfc, 0x5e, 0x6e, 0xe0,
    0xf, 0xfe, 0x13, 0xc1, 0x61, 0x0, 0x7f, 0xe,
    0x8, 0x2, 0x18, 0x3, 0xff, 0x80, 0xd0, 0x0,
    0x1c, 0x20, 0xf, 0xda, 0x20, 0x12, 0xb0, 0x7,
    0xff, 0x1, 0xd4, 0x2, 0x1f, 0x0, 0xfa, 0xc,
    0x2, 0x7a, 0x0, 0xff, 0xe0, 0x8d, 0x38, 0x4,
    0x52, 0x1, 0xc4, 0xe0, 0x12, 0xc0, 0x7, 0xff,
    0x12, 0x18, 0x2, 0x63, 0x0, 0xd6, 0x1, 0xd,
    0x0, 0x7f, 0xf1, 0xa4, 0x80, 0x29, 0x0, 0x85,
    0x80, 0x2b, 0x0, 0xff, 0xe4, 0x48, 0x4, 0xa2,
    0x0, 0x40, 0x8, 0x94, 0x3, 0xff, 0x90, 0x86,
    0x1, 0x30, 0x3, 0xc0, 0x25, 0x0, 0xff, 0xe5,
    0x58, 0x5, 0x80, 0x7, 0x0, 0xb0, 0x3, 0xff,
    0x94, 0x80, 0x12, 0x80, 0x8, 0x2, 0x50, 0xf,
    0xfe, 0x51, 0x80, 0x42, 0x1, 0xe1, 0x0, 0xff,
    0xe7, 0x88, 0x7, 0xff, 0x44, 0x40, 0x38, 0x40,
    0x21, 0x0, 0xff, 0xe5, 0x88, 0x4, 0x20, 0x60,
    0x12, 0x80, 0x7f, 0x7f, 0xe0, 0xf, 0xe2, 0x0,
    0x84, 0x0, 0xe0, 0x16, 0x0, 0x7f, 0xf2, 0x90,
    0x2, 0x50, 0x6, 0x0, 0x4a, 0x1, 0xff, 0xca,
    0xa0, 0xb, 0x0, 0xe, 0x1, 0x12, 0x80, 0x7f,
    0xf2, 0xc, 0xc0, 0x13, 0x0, 0x5, 0x40, 0x28,
    0x0, 0xff, 0xe4, 0x78, 0x4, 0x82, 0x1, 0x40,
    0x4, 0x52, 0x1, 0xff, 0xc6, 0x83, 0x0, 0xa0,
    0x3, 0x13, 0x80, 0x4d, 0x0, 0x1f, 0xfc, 0x46,
    0x70, 0x9, 0x4c, 0x3, 0xa0, 0x80, 0x27, 0x90,
    0xf, 0xfe, 0x14, 0x48, 0x4, 0x36, 0x1, 0xf7,
    0x88, 0x4, 0xda, 0xa0, 0x1f, 0xe4, 0xd7, 0x0,
    0xda, 0x20, 0x1f, 0x16, 0x88, 0x4, 0x55, 0xb0,
    0x82, 0x0, 0x14, 0x7d, 0xb2, 0x0, 0xd6, 0x60,
    0x1f, 0xc7, 0x84, 0x1, 0x89, 0xef, 0xbf, 0xdd,
    0x70, 0x40, 0x18, 0xb5, 0x0, 0x3f, 0xe2, 0xd7,
    0x0, 0xff, 0xe2, 0x36, 0x90, 0x7, 0xff, 0xa,
    0x35, 0x80, 0x3f, 0xf8, 0xb, 0xb2, 0x1, 0xff,
    0xc5, 0x29, 0xfa, 0x62, 0x10, 0x8, 0x96, 0x7a,
    0x88, 0x3, 0xff, 0x92, 0xb3, 0xbd, 0xff, 0x6d,
    0x30, 0x80, 0x7f, 0xc0,

    /* U+F0427 "󰐧" */
    0x0, 0xfe, 0x7f, 0xff, 0xfe, 0x23, 0x80, 0x7f,
    0xf1, 0x5e, 0x0, 0x3f, 0xf8, 0x90, 0xe0, 0x1f,
    0xfc, 0x37, 0x80, 0xf, 0xfe, 0x34, 0x38, 0x7,
    0xff, 0x5, 0xe0, 0x3, 0xff, 0x91, 0xe, 0x1,
    0xff, 0x3c, 0x0, 0x43, 0xbf, 0xff, 0xfc, 0xd,
    0x10, 0xa, 0x1c, 0x3, 0xf9, 0xe0, 0x2, 0x1c,
    0x20, 0xf, 0xfe, 0x1, 0x60, 0x80, 0x50, 0xe0,
    0x1f, 0x3c, 0x0, 0x43, 0x84, 0x1, 0xff, 0xc2,
    0x2c, 0x10, 0xa, 0x1c, 0x3, 0xa2, 0x0, 0x10,
    0xe1, 0x0, 0x7f, 0xf1, 0xb, 0x4, 0x2, 0x88,
    0x0, 0x50, 0xe0, 0x10, 0xe1, 0x0, 0x7d, 0xff,
    0x80, 0x3e, 0x2c, 0x10, 0x9, 0xe0, 0x21, 0xc0,
    0x21, 0xc2, 0x0, 0xff, 0xe4, 0x16, 0x8, 0x4,
    0xf0, 0xe0, 0x10, 0xe1, 0x0, 0x7f, 0xf2, 0x8b,
    0x4, 0x2, 0x70, 0xd, 0xa4, 0x1, 0xff, 0xcc,
    0x2d, 0x0, 0xfc, 0x60, 0x17, 0xfe, 0x0, 0xff,
    0xe0, 0x7f, 0xe0, 0x8, 0xc0, 0x3f, 0xff, 0xe0,
    0x1f, 0xfe, 0x9f, 0xfc, 0x1, 0xff, 0xff, 0x0,
    0xff, 0xf6, 0xff, 0xe0, 0xf, 0xfe, 0x7, 0xfe,
    0x0, 0xff, 0xff, 0x80, 0x7f, 0xf8, 0x7f, 0xff,
    0xfa, 0x0, 0x1f, 0xff, 0xf0, 0xf, 0xfe, 0xc8,

    /* U+F042A "󰐪" */
    0x0, 0xfd, 0xff, 0xff, 0xcc, 0x0, 0xff, 0xff,
    0x80, 0x7f, 0xff, 0xc0, 0x3f, 0xff, 0xe0, 0x1f,
    0xff, 0xbf, 0xff, 0xfe, 0x60, 0x7, 0xff, 0x9d,
    0xb3, 0xbf, 0xff, 0xfa, 0x1d, 0x8c, 0x1, 0x87,
    0x24, 0xc4, 0x3, 0xff, 0xa0, 0x27, 0x38, 0x20,
    0xd, 0x30, 0xf, 0xfe, 0xb1, 0xe8, 0x31, 0x80,
    0x7f, 0xf6, 0xd, 0xa8, 0x3, 0xff, 0xa6, 0x9d,
    0xc4, 0x0, 0xa8, 0x80, 0x3f, 0xfa, 0x74, 0x22,
    0xa0, 0x8, 0x84, 0x3, 0xff, 0xb4, 0x20, 0x1f,
    0xfd, 0x4b, 0x11, 0x50, 0x7, 0xff, 0x61, 0x7b,
    0x88, 0x1, 0xff, 0xff, 0x0, 0xff, 0xf8, 0xff,
    0xff, 0xf1, 0x0, 0x3f, 0xff, 0xe0, 0x1f, 0xff,
    0xf0, 0xf, 0xff, 0x97, 0xff, 0xe0, 0xf, 0xfe,
    0x67, 0xff, 0xe0, 0xf, 0xff, 0xf8, 0x7, 0xff,
    0xb7, 0xff, 0xff, 0x88, 0x1, 0xff, 0xff, 0x0,
    0xff, 0xf6, 0x80,

    /* U+F042B "󰐫" */
    0x0, 0x9b, 0x3b, 0xff, 0xff, 0xa1, 0xd8, 0xc0,
    0x18, 0x72, 0x4c, 0x40, 0x3f, 0xfa, 0x2, 0x73,
    0x82, 0x0, 0xd3, 0x0, 0xff, 0xeb, 0x1e, 0x83,
    0x18, 0x7, 0xff, 0x60, 0xda, 0x80, 0x3f, 0xfa,
    0x69, 0xdc, 0x40, 0xa, 0x88, 0x3, 0xff, 0xa7,
    0x42, 0x2a, 0x0, 0x88, 0x40, 0x3f, 0xfb, 0x42,
    0x1, 0xff, 0xd4, 0xb1, 0x15, 0x0, 0x7f, 0xf6,
    0x17, 0xb8, 0x80, 0x1f, 0xfe, 0x8f, 0xff, 0xfe,
    0x60, 0x7, 0xff, 0xfc, 0x3, 0xff, 0xfe, 0x1,
    0xff, 0xd8, 0x6d, 0xd3, 0x0, 0x7f, 0xf5, 0x9b,
    0xa4, 0x89, 0x3c, 0xc0, 0x1f, 0xfd, 0x26, 0xe9,
    0x10, 0xc, 0x33, 0xcc, 0x1, 0xff, 0xc2, 0xff,
    0xfc, 0x1, 0x9b, 0xa4, 0x40, 0x3f, 0xc, 0xf3,
    0x0, 0x6f, 0xff, 0xc0, 0x1f, 0xe7, 0xe9, 0x10,
    0xe, 0x66, 0x0, 0x70, 0xcf, 0x38, 0x7, 0xff,
    0x19, 0x3a, 0x4, 0x3, 0xc, 0x7c, 0xcb, 0xe0,
    0x40, 0x30, 0xc7, 0x20, 0x7, 0xff, 0x12, 0x84,
    0x3, 0x1d, 0x73, 0x80, 0x67, 0xea, 0x30, 0xc,
    0x34, 0x1, 0xff, 0xc4, 0x10, 0xf, 0x8, 0x7,
    0xe1, 0x0, 0xf0, 0x80, 0x7f, 0xf2, 0x8e, 0xec,
    0x60, 0x18, 0xee, 0xc6, 0x1, 0xff, 0xd2, 0x4c,
    0xa2, 0x25, 0x62, 0x0, 0x7f, 0xf4, 0x10, 0x3,
    0x97, 0x74, 0xa0, 0x1c, 0x80, 0x1f, 0xfc, 0xcb,
    0xc3, 0x0, 0xff, 0x26, 0x58, 0x7, 0xff, 0x34,
    0xf2, 0xcc, 0x3, 0xc7, 0x76, 0x30, 0xf, 0xfe,
    0x82, 0x65, 0x0, 0x6a, 0xc4, 0x0, 0xff, 0xea,
    0x28, 0x6, 0x50, 0xf, 0xff, 0xcb, 0x0, 0x7f,
    0xf0, 0x98, 0x3, 0xff, 0x99, 0x3a, 0x80, 0x1f,
    0xe4, 0xd9, 0x0, 0xff, 0xe4, 0x20, 0x6, 0x2b,
    0xc3, 0x0, 0xf1, 0xe5, 0x90, 0x6, 0x40, 0xf,
    0xfe, 0x25, 0xb8, 0x7, 0x1e, 0x50, 0x6, 0xac,
    0x30, 0xe, 0x7b, 0x0, 0xff, 0xe2, 0xc7, 0x30,
    0x7, 0x28, 0x6, 0x50, 0xe, 0x6e, 0x80, 0xf,
    0xfe, 0x38, 0xce, 0xa8, 0x7, 0xff, 0x1, 0x76,
    0x44, 0x3, 0xff, 0x94, 0x55, 0x86, 0x1, 0xf8,
    0xf2, 0x88, 0x3, 0xff, 0x9c, 0x79, 0x64, 0x1,
    0x8a, 0xf0, 0xc0, 0x3f, 0xfa, 0x49, 0xb2, 0x44,
    0x9d, 0x40, 0xf, 0xfe, 0x20,

    /* U+F0433 "󰐳" */
    0x2, 0xaf, 0xff, 0xe0, 0xf, 0xfe, 0x67, 0xff,
    0xf5, 0x10, 0x16, 0x28, 0x7, 0xff, 0x79, 0x70,
    0xa4, 0x40, 0x3f, 0xfc, 0x3, 0x8, 0x1, 0xff,
    0xe2, 0x50, 0xd, 0xff, 0xf8, 0x3, 0xff, 0x99,
    0xff, 0xf8, 0x3, 0xff, 0xfe, 0x1, 0xff, 0xff,
    0x0, 0xf7, 0xff, 0xff, 0x0, 0x3, 0xf7, 0xff,
    0xff, 0x0, 0x3, 0xff, 0xfe, 0x1, 0xff, 0xff,
    0x0, 0x7f, 0xe0, 0xf, 0xdf, 0xf8, 0x3, 0xdf,
    0xf8, 0x3, 0xdf, 0xf8, 0x3, 0xf7, 0xfe, 0x0,
    0xff, 0xff, 0x80, 0x7f, 0xff, 0xc0, 0x3d, 0xff,
    0x80, 0x3f, 0xf8, 0x9f, 0xf8, 0x3, 0xff, 0xfe,
    0x1, 0xff, 0xff, 0x0, 0xff, 0xe1, 0x7f, 0xff,
    0xf0, 0x0, 0x1f, 0xf8, 0x1, 0xff, 0xff, 0xc0,
    0x0, 0xff, 0xfa, 0x7f, 0xe0, 0xf, 0x7f, 0xfe,
    0x0, 0x7f, 0xe0, 0xd, 0xff, 0x80, 0x3f, 0xff,
    0xe0, 0x1f, 0xff, 0xf0, 0xf, 0xf7, 0xfe, 0x0,
    0xf7, 0xfe, 0x0, 0xf7, 0xff, 0xff, 0x0, 0x3,
    0xff, 0xe9, 0xff, 0xff, 0xc0, 0x0, 0xff, 0xff,
    0x80, 0x7f, 0xf2, 0xff, 0xf0, 0x3, 0xff, 0xff,
    0x80, 0x1, 0xff, 0xf8, 0xff, 0xc0, 0x1e, 0xff,
    0xf0, 0x7, 0xff, 0xfc, 0x3, 0xff, 0xfe, 0x1,
    0xff, 0xc2, 0xff, 0xc0, 0x1f, 0xbf, 0xf0, 0x7,
    0xfb, 0xff, 0xff, 0x84, 0x1, 0xbf, 0xf0, 0x7,
    0xff, 0xfc, 0x3, 0xff, 0xfe, 0x0, 0xff, 0xff,
    0xe0, 0x0, 0x3f, 0xf0, 0x7, 0xbf, 0xf0, 0x7,
    0xff, 0xfc, 0x3, 0xff, 0xfe, 0x1, 0xfe, 0xff,
    0xfc, 0x1, 0xff, 0xcc, 0xff, 0xfc, 0x1, 0x90,
    0x3, 0xff, 0xc4, 0xb2, 0x20, 0x1f, 0xfe, 0x1,
    0x82, 0xc4, 0x0, 0xff, 0xef, 0x26, 0x10,

    /* U+F0438 "󰐸" */
    0x0, 0xfd, 0x8, 0x1, 0xfe, 0xb7, 0x0, 0xff,
    0x5b, 0x80, 0x7f, 0xf0, 0x55, 0xee, 0xc6, 0x1,
    0xf3, 0xa4, 0x73, 0x0, 0x7c, 0xe9, 0x1c, 0xe0,
    0x1f, 0xe1, 0xb0, 0x2, 0x50, 0x7, 0x8a, 0x0,
    0x2, 0x20, 0xf, 0x14, 0x0, 0x7, 0x80, 0x3f,
    0xd6, 0x20, 0x1, 0x90, 0xf, 0x70, 0x4, 0x6e,
    0x1, 0xe9, 0x0, 0x8a, 0x40, 0x3f, 0x95, 0x40,
    0x15, 0x0, 0x79, 0xcc, 0x2, 0xe0, 0xf, 0x32,
    0x0, 0x52, 0x1, 0xfc, 0x36, 0x1, 0x2a, 0x0,
    0x71, 0x40, 0x4, 0xe4, 0x1, 0xc3, 0x0, 0x13,
    0x20, 0x7, 0xf3, 0x88, 0x5, 0x20, 0x1e, 0x70,
    0xd, 0x60, 0x1e, 0x51, 0x0, 0xb0, 0x3, 0xfc,
    0xc4, 0x1, 0x40, 0x7, 0x95, 0x0, 0x2e, 0x0,
    0xf2, 0x28, 0x5, 0x62, 0x1, 0xfe, 0xe0, 0x9,
    0x18, 0x3, 0xd2, 0x1, 0x14, 0x0, 0x7a, 0xc4,
    0x0, 0x36, 0x1, 0xfe, 0x36, 0x0, 0xa4, 0x40,
    0x38, 0xa0, 0x2, 0x73, 0x0, 0xe1, 0x80, 0x9,
    0x50, 0x3, 0xfd, 0x22, 0x1, 0x50, 0x7, 0x9c,
    0x40, 0x2f, 0x0, 0xf3, 0x10, 0x5, 0x20, 0x1f,
    0xe3, 0x10, 0xb, 0x0, 0x3c, 0x82, 0x1, 0x48,
    0x7, 0x8c, 0x80, 0x2a, 0x0, 0xff, 0x78, 0x4,
    0x4e, 0x1, 0xea, 0x0, 0x91, 0x40, 0x3d, 0xc0,
    0x11, 0xb8, 0x7, 0xf3, 0x98, 0x5, 0xc0, 0x1e,
    0x91, 0x0, 0xa8, 0x3, 0xce, 0x40, 0x17, 0x0,
    0x7f, 0x14, 0x0, 0x4e, 0x60, 0x1c, 0x6c, 0x1,
    0x48, 0x80, 0x71, 0x40, 0x4, 0xe4, 0x1, 0xfc,
    0x26, 0x0, 0x28, 0x0, 0xf1, 0x30, 0x0, 0xd8,
    0x3, 0xc6, 0xe0, 0x2, 0x80, 0xf, 0xf1, 0xe5,
    0x9f, 0x0, 0x7c, 0x33, 0xcd, 0xc0, 0x1f, 0xc,
    0x73, 0xf0, 0x7, 0xff, 0x5, 0x30, 0xc0, 0x3f,
    0x86, 0x48, 0x3, 0xf8, 0x60, 0xc0, 0x3f, 0xff,
    0xe0, 0x1f, 0xfc, 0x12, 0xaf, 0xff, 0xfe, 0xb5,
    0x10, 0x16, 0x28, 0x7, 0xff, 0x59, 0x70, 0xa0,
    0x40, 0x3f, 0xfb, 0x3, 0x8, 0x1, 0xff, 0xda,
    0x41, 0x0, 0xe4, 0xdd, 0x20, 0x6, 0x4d, 0xd2,
    0x0, 0x64, 0xdd, 0x20, 0x6, 0x4d, 0xd2, 0x0,
    0x70, 0x80, 0x7a, 0x48, 0x92, 0x1, 0xa8, 0x89,
    0x40, 0x1a, 0x88, 0x94, 0x1, 0xa4, 0x89, 0x20,
    0x1f, 0xfc, 0x2, 0x0, 0x10, 0x6, 0x10, 0x0,
    0x80, 0x61, 0x0, 0x8, 0x6, 0x20, 0x1, 0x0,
    0x7f, 0xff, 0xc0, 0x3f, 0xfd, 0xa4, 0x0, 0x20,
    0xc, 0x20, 0x1, 0x0, 0xc2, 0x0, 0x10, 0xc,
    0x40, 0x2, 0x0, 0xff, 0xe0, 0x48, 0x8a, 0x40,
    0x35, 0x88, 0xa8, 0x3, 0x50, 0x8a, 0xc0, 0x34,
    0x88, 0xa4, 0x3, 0xff, 0x80, 0x9d, 0xc4, 0x0,
    0xcb, 0xdc, 0x40, 0xc, 0x9d, 0xc5, 0x0, 0xc9,
    0xdc, 0x40, 0xf, 0xff, 0xf8, 0x7, 0xff, 0xaf,
    0xff, 0xff, 0xa8, 0x1, 0xff, 0xff, 0x0, 0xff,
    0xf2, 0x80,

    /* U+F044E "󰑎" */
    0x0, 0xff, 0xff, 0x80, 0x7a, 0x0, 0x3f, 0xfb,
    0x70, 0xe0, 0x1f, 0xfc, 0x23, 0x7a, 0xcd, 0xef,
    0xec, 0xa7, 0x30, 0xf, 0xfe, 0x4, 0x38, 0x7,
    0xff, 0x0, 0xa3, 0xb2, 0x14, 0xc8, 0x40, 0x4d,
    0x63, 0x3a, 0x48, 0x3, 0xf4, 0x38, 0x7, 0xfc,
    0x57, 0xae, 0x20, 0x1f, 0xfc, 0x1, 0x6d, 0xa2,
    0x0, 0xe8, 0x70, 0xf, 0xf9, 0xf5, 0x0, 0x3f,
    0xf8, 0xcb, 0xb0, 0x1, 0x3b, 0x80, 0x3f, 0xc3,
    0x90, 0x1, 0xff, 0xca, 0x7c, 0x27, 0x80, 0xf,
    0xf1, 0x61, 0x80, 0x78, 0x56, 0x73, 0xbf, 0xdb,
    0x92, 0x80, 0x1f, 0x1e, 0xc0, 0x7, 0xf8, 0xb4,
    0x80, 0x38, 0xa7, 0xa9, 0x8c, 0x40, 0x4, 0x6d,
    0x7f, 0x2, 0x1, 0xff, 0xc4, 0x1c, 0x0, 0xf4,
    0x6b, 0x0, 0x7f, 0xf0, 0x1f, 0x9c, 0x3, 0xff,
    0x87, 0xa2, 0x1, 0x87, 0x5c, 0x3, 0xff, 0x89,
    0x18, 0x20, 0x1f, 0xfc, 0x7, 0x30, 0xc, 0x5e,
    0x40, 0x1f, 0xfc, 0x64, 0x10, 0xf, 0xf8, 0xa0,
    0x3, 0xe, 0x8, 0x7, 0xff, 0x19, 0xe0, 0x3,
    0xff, 0x81, 0x0, 0x1d, 0x82, 0x1, 0xff, 0xc6,
    0x88, 0x0, 0x7f, 0xf0, 0x5, 0x40, 0x34, 0x10,
    0x7, 0xff, 0x1a, 0x1c, 0x3, 0xff, 0x83, 0x20,
    0x18, 0x9c, 0x3, 0xff, 0x8d, 0xe, 0x1, 0xff,
    0xc3, 0x10, 0xa, 0xc0, 0x3f, 0xf8, 0xd0, 0xe0,
    0x1f, 0xfc, 0x38, 0xec, 0x72, 0x60, 0xf, 0xfe,
    0x2c, 0x38, 0x7, 0xff, 0x10,

    /* U+F0450 "󰑐" */
    0x0, 0xff, 0xf1, 0x2c, 0xef, 0x7f, 0xdb, 0x4a,
    0x1, 0xfe, 0x80, 0xf, 0xf1, 0x57, 0xd3, 0x10,
    0x80, 0x44, 0xb5, 0xf2, 0x20, 0x1e, 0x87, 0x0,
    0xfe, 0x8d, 0x50, 0xf, 0xfe, 0x3, 0x74, 0x0,
    0x68, 0x70, 0xf, 0xc5, 0xae, 0x1, 0xff, 0xc4,
    0x7c, 0x10, 0x87, 0x0, 0xfc, 0x78, 0x40, 0x18,
    0x9e, 0xfb, 0xfd, 0xb6, 0xc2, 0x1, 0x8f, 0xe5,
    0xc0, 0x3f, 0x16, 0x88, 0x4, 0x55, 0xb0, 0x82,
    0x0, 0x24, 0x9e, 0x81, 0x0, 0x85, 0x80, 0x3f,
    0xbc, 0x40, 0x26, 0xd5, 0x0, 0xff, 0x3f, 0x98,
    0x7, 0xff, 0x2, 0x8, 0x2, 0x89, 0x0, 0xff,
    0xe0, 0x8e, 0x10, 0x7, 0xf8, 0x9c, 0x2, 0x67,
    0x0, 0xff, 0xe1, 0xc1, 0x0, 0x7f, 0xa0, 0x2,
    0x29, 0x0, 0xff, 0xe1, 0xc3, 0x80, 0x7f, 0xca,
    0x1, 0x40, 0x7, 0xff, 0xe, 0x1c, 0x3, 0xfe,
    0x60, 0x8, 0x94, 0x3, 0xff, 0x85, 0xe, 0x1,
    0xff, 0xc0, 0xc0, 0x9, 0x40, 0x3f, 0xf8, 0x50,
    0xe0, 0x1f, 0xfc, 0x17, 0x0, 0xb0, 0x3, 0xff,
    0x83, 0xe, 0x1, 0xff, 0xc2, 0x30, 0x9, 0x40,
    0x3f, 0xf8, 0x31, 0xff, 0xff, 0xc1, 0x0, 0x8,
    0x4, 0x20, 0x1f, 0xff, 0x31, 0x0, 0x84, 0x3,
    0xff, 0xa2, 0x60, 0x12, 0x80, 0x7f, 0xf4, 0x5c,
    0x2, 0xc0, 0xf, 0xfe, 0x8e, 0x0, 0x4a, 0x1,
    0xff, 0xca, 0xdf, 0xf9, 0x0, 0xe, 0x1, 0x12,
    0x80, 0x7f, 0xf2, 0x14, 0x80, 0x2, 0x80, 0x1,
    0x50, 0xa, 0x0, 0x3f, 0xf8, 0xe3, 0x60, 0x13,
    0x80, 0x68, 0x0, 0x8a, 0x40, 0x3f, 0xf8, 0xd6,
    0x20, 0x14, 0x0, 0x62, 0x70, 0x9, 0x9c, 0x3,
    0xff, 0x89, 0x2a, 0x1, 0x38, 0x80, 0x74, 0x10,
    0x5, 0x12, 0x1, 0xff, 0xc1, 0x1b, 0x60, 0x8,
    0xe0, 0x3, 0xef, 0x10, 0x9, 0xb5, 0x40, 0x3f,
    0xcb, 0xe8, 0x1, 0xe, 0x80, 0x7e, 0x2d, 0x10,
    0x8, 0xab, 0x61, 0x4, 0x0, 0x29, 0x1d, 0x42,
    0x1, 0xe, 0x8, 0x7, 0xf1, 0xe1, 0x0, 0x62,
    0x7b, 0xef, 0xf7, 0x5b, 0x88, 0x6, 0x2f, 0x20,
    0xf, 0xf8, 0xb5, 0xc0, 0x3f, 0xf8, 0x8f, 0xa2,
    0x1, 0xff, 0xc2, 0x8d, 0x50, 0xf, 0xfe, 0x3,
    0x6c, 0x0, 0x7f, 0xf1, 0x4a, 0xba, 0x54, 0x84,
    0x0, 0x24, 0xd5, 0xd2, 0x40, 0x1f, 0xfc, 0x81,
    0x6a, 0xde, 0xff, 0x76, 0xca, 0x88, 0x7, 0xfc,

    /* U+F0465 "󰑥" */
    0x0, 0xff, 0xf3, 0x40, 0x7, 0xff, 0x4e, 0x1c,
    0x3, 0xff, 0xa5, 0xe, 0x1, 0xff, 0xd2, 0x87,
    0x0, 0xff, 0xe9, 0x43, 0x80, 0x7f, 0xf4, 0xa1,
    0xc0, 0x3f, 0xfa, 0x50, 0xe0, 0x1d, 0x72, 0x80,
    0x1f, 0xfc, 0xa8, 0x70, 0xf, 0x23, 0x5f, 0xc8,
    0x80, 0x7f, 0xf1, 0xa1, 0xc0, 0x3f, 0xe6, 0xe7,
    0x0, 0xff, 0xe2, 0x90, 0x7, 0xff, 0xa, 0x30,
    0x40, 0x3f, 0xf8, 0x74, 0xa0, 0x1f, 0x53, 0x8,
    0x6, 0x3f, 0x20, 0xf, 0xfe, 0x1d, 0x28, 0x7,
    0x96, 0x7a, 0x44, 0x2, 0x1c, 0x10, 0xf, 0x9c,
    0x3, 0xea, 0x60, 0xf, 0xcd, 0xe8, 0x1, 0xe,
    0x80, 0x79, 0xe2, 0x80, 0x3e, 0x96, 0x0, 0xfc,
    0x36, 0xa0, 0x11, 0xc0, 0x6, 0x18, 0x5, 0xa0,
    0xf, 0xa5, 0x80, 0x3f, 0xa9, 0x0, 0x27, 0x20,
    0xa, 0x0, 0x24, 0x0, 0xfd, 0x2e, 0x1, 0xfd,
    0x42, 0x1, 0x58, 0x4, 0xc0, 0x15, 0x80, 0x7f,
    0x43, 0x80, 0x7e, 0x1b, 0x0, 0x98, 0x41, 0x40,
    0x22, 0x50, 0xf, 0xf4, 0x40, 0x3, 0xf2, 0x90,
    0x4, 0x81, 0x80, 0x12, 0x80, 0x7f, 0xf0, 0x1c,
    0x3, 0xf9, 0x40, 0x2f, 0x2, 0x0, 0xb0, 0x3,
    0xff, 0x95, 0x80, 0x13, 0x85, 0xff, 0xc8, 0x1,
    0xff, 0xca, 0x60, 0x8, 0x80, 0x3f, 0xfa, 0x4,
    0x1, 0xff, 0xf5, 0x20, 0xe, 0xbf, 0xf9, 0x0,
    0x3f, 0xf9, 0x4c, 0x1, 0x10, 0x10, 0x5, 0x80,
    0x1f, 0xfc, 0xac, 0x0, 0x9c, 0x30, 0x2, 0x50,
    0xf, 0xfe, 0x52, 0x80, 0x5e, 0xa, 0x1, 0x12,
    0x80, 0x7f, 0xf2, 0x14, 0x80, 0x24, 0x0, 0x30,
    0x5, 0x0, 0x1f, 0xfc, 0x71, 0xb0, 0x9, 0x84,
    0x1, 0x60, 0x12, 0x0, 0x7f, 0xf1, 0xe8, 0x40,
    0x2b, 0x0, 0x89, 0xc1, 0xa4, 0x3, 0xff, 0x8d,
    0x28, 0x1, 0x39, 0x0, 0x68, 0x84, 0x80, 0x61,
    0x0, 0xff, 0xe0, 0xd, 0xb0, 0x4, 0x70, 0x1,
    0xe7, 0x0, 0xd5, 0xec, 0x1, 0xfe, 0x6f, 0x40,
    0x8, 0x74, 0x3, 0xfe, 0xa5, 0x19, 0xe9, 0x40,
    0xc, 0xb3, 0xd2, 0x20, 0x10, 0xe0, 0x80, 0x7f,
    0xa1, 0x40, 0x21, 0x6b, 0x0, 0xd4, 0xc2, 0x1,
    0x8f, 0xc8, 0x3, 0xfe, 0x86, 0x0, 0xff, 0xe2,
    0x46, 0x8, 0x7, 0xff, 0x6, 0x75, 0x40, 0x3f,
    0xf8, 0xd, 0xae, 0x1, 0xff, 0xc4, 0x2a, 0xfa,
    0x63, 0x0, 0xc8, 0xd7, 0xf2, 0x40, 0x1f, 0xc0,

    /* U+F0467 "󰑧" */
    0x0, 0xff, 0xf2, 0x40, 0x7, 0xff, 0x51, 0xe0,
    0x3, 0xff, 0xa8, 0xf0, 0x1, 0xff, 0xd4, 0x78,
    0x0, 0xff, 0xea, 0x3c, 0x0, 0x7f, 0xf5, 0x1e,
    0x0, 0x3f, 0xf9, 0x89, 0x36, 0x1, 0xcf, 0x0,
    0x1f, 0xfc, 0x81, 0x9f, 0xb6, 0x40, 0xf, 0x3c,
    0x0, 0x7f, 0xf1, 0x9f, 0x98, 0x3, 0xfe, 0x78,
    0x0, 0xff, 0xe1, 0x8e, 0x40, 0x7, 0xff, 0x8,
    0x80, 0x3f, 0xf8, 0x45, 0xe6, 0x1, 0x85, 0xa8,
    0x3, 0xe5, 0xa0, 0xf, 0xfe, 0x8, 0xe0, 0x80,
    0x43, 0x3d, 0x2a, 0x1, 0xe5, 0xa0, 0xf, 0xfe,
    0x16, 0x88, 0x4, 0x9e, 0xc0, 0x1f, 0x9a, 0x80,
    0x3e, 0x70, 0xf, 0x41, 0x80, 0x4d, 0x62, 0x1,
    0xf9, 0xa4, 0x3, 0xe9, 0x88, 0x0, 0x62, 0x70,
    0x9, 0x24, 0x3, 0xf9, 0xa4, 0x3, 0xea, 0x60,
    0x71, 0x0, 0xac, 0x2, 0x1a, 0x0, 0xfe, 0x79,
    0x0, 0xf8, 0x50, 0x2, 0x80, 0x0, 0xb0, 0x5,
    0x62, 0x1, 0xf9, 0xe0, 0x3, 0xf0, 0xc0, 0x4,
    0xc0, 0x4, 0x0, 0x89, 0x40, 0x3f, 0x44, 0x0,
    0x3f, 0xcc, 0x20, 0x12, 0x87, 0x80, 0x4a, 0x1,
    0xfc, 0xe0, 0x1f, 0xfc, 0x7, 0x0, 0xb0, 0x1c,
    0x2, 0xc0, 0xf, 0xfe, 0x56, 0x80, 0x44, 0x4,
    0x1, 0x28, 0x7, 0xff, 0x29, 0x3f, 0xeb, 0x0,
    0xe1, 0x0, 0xff, 0xfa, 0x88, 0x7, 0xff, 0x40,
    0x80, 0x25, 0x0, 0xff, 0xe5, 0x27, 0xfd, 0x60,
    0xe0, 0x16, 0x0, 0x7f, 0xf2, 0xb4, 0x2, 0x20,
    0xf0, 0x9, 0x40, 0x3f, 0xf9, 0x4e, 0x1, 0x60,
    0x20, 0x4, 0x4a, 0x1, 0xff, 0xc8, 0x51, 0x0,
    0x94, 0x5, 0x80, 0x2b, 0x10, 0xf, 0xfe, 0x3d,
    0x80, 0x4c, 0x1, 0x58, 0x4, 0x34, 0x1, 0xff,
    0xc7, 0x50, 0xa, 0xc0, 0x22, 0x70, 0x9, 0x24,
    0x3, 0xff, 0x8d, 0x6a, 0xe, 0x40, 0x1a, 0xc,
    0x2, 0x6b, 0x10, 0xf, 0xfe, 0x0, 0x80, 0x6a,
    0x88, 0x0, 0x7b, 0x44, 0x2, 0x4f, 0x60, 0xf,
    0xf3, 0x7d, 0x0, 0x67, 0x0, 0xf8, 0x70, 0x40,
    0x21, 0x9e, 0x95, 0x0, 0xc9, 0x3d, 0x22, 0xb4,
    0x1, 0xff, 0xc0, 0x2f, 0x30, 0xc, 0x2d, 0x40,
    0x1a, 0xd8, 0x40, 0x25, 0x80, 0xf, 0xfe, 0x0,
    0xe4, 0x0, 0x7f, 0xf1, 0x1e, 0x0, 0x3f, 0xf8,
    0x4f, 0xac, 0x1, 0xff, 0xc0, 0x6d, 0x80, 0xf,
    0xfe, 0x21, 0x4f, 0xdb, 0x20, 0x6, 0x47, 0xbf,
    0x92, 0x0, 0xfc,

    /* U+F0469 "󰑩" */
    0x0, 0xff, 0xe4, 0x9c, 0x67, 0x7f, 0xbb, 0x20,
    0xc0, 0x3f, 0xf9, 0x89, 0xb8, 0xe6, 0x20, 0x1,
    0x37, 0xcd, 0x40, 0xf, 0xfe, 0x40, 0xdd, 0x88,
    0x0, 0x8d, 0x10, 0x64, 0x0, 0x15, 0xe0, 0x80,
    0x7f, 0xf1, 0x4f, 0xd0, 0xa, 0xbe, 0xe5, 0xdd,
    0x37, 0xf4, 0x40, 0x7e, 0x60, 0x1f, 0xfc, 0x49,
    0x10, 0xad, 0x50, 0x1, 0xaa, 0x8c, 0x0, 0xbb,
    0x40, 0x32, 0x1, 0xff, 0xc4, 0xa6, 0xd5, 0x2,
    0xaf, 0xca, 0xa6, 0x7d, 0x10, 0x2e, 0xb5, 0x0,
    0x7f, 0xf1, 0x64, 0x81, 0xf5, 0x40, 0x3c, 0xba,
    0xe0, 0x52, 0x1, 0xff, 0xc8, 0x58, 0x1, 0x8c,
    0xee, 0x64, 0x8, 0x42, 0x80, 0x7f, 0xf2, 0x96,
    0x1b, 0x9c, 0xc4, 0x46, 0xfc, 0xce, 0xa0, 0x1f,
    0xfc, 0xb7, 0x90, 0xf, 0xd3, 0x0, 0x1f, 0xff,
    0xf0, 0xf, 0xfe, 0x6f, 0xfe, 0x0, 0xff, 0xff,
    0x80, 0x7f, 0xff, 0xc0, 0x3f, 0xff, 0xe0, 0x1f,
    0xfd, 0x82, 0xbf, 0xff, 0xfe, 0x48, 0x6, 0xff,
    0xeb, 0x20, 0x2d, 0x40, 0xf, 0xfe, 0x92, 0x69,
    0x48, 0x7, 0xff, 0x5a, 0x50, 0x3, 0xff, 0xac,
    0x80, 0x1f, 0xff, 0xf0, 0xb, 0xff, 0x0, 0x5f,
    0xf8, 0x2, 0xff, 0xc0, 0x1f, 0xff, 0xf0, 0xf,
    0xff, 0x3f, 0xfe, 0x0, 0xbf, 0xf0, 0x5, 0xff,
    0x80, 0x3f, 0xff, 0xe0, 0x1f, 0xc8, 0x1, 0xff,
    0xd6, 0x59, 0x10, 0xf, 0xfe, 0xa0, 0xc1, 0x62,
    0x0, 0x7f, 0xf4, 0x93, 0x8,

    /* U+F046D "󰑭" */
    0x0, 0xff, 0xff, 0x80, 0x7, 0x58, 0x3, 0xff,
    0xb8, 0x38, 0x52, 0xc0, 0x1f, 0xfd, 0xa2, 0xf2,
    0x0, 0x4b, 0x0, 0x7f, 0xf6, 0x68, 0x40, 0x34,
    0xb0, 0x7, 0xff, 0x62, 0x18, 0x3, 0xa5, 0x80,
    0x3f, 0xfa, 0x82, 0x60, 0x9, 0x60, 0xe, 0x96,
    0x0, 0xff, 0xe9, 0xe, 0x60, 0xc0, 0x12, 0xc0,
    0x1d, 0x2c, 0x1, 0xff, 0xd0, 0x2c, 0x20, 0xc3,
    0x0, 0x4b, 0x0, 0x74, 0xb0, 0x7, 0xff, 0x3d,
    0x48, 0x2, 0xd3, 0x0, 0x58, 0x7, 0xac, 0x3,
    0xff, 0x9e, 0xf0, 0x1, 0xe, 0x91, 0x30, 0x3,
    0x8b, 0x0, 0x3f, 0xf9, 0x82, 0x80, 0x7, 0x80,
    0x8, 0x73, 0x2, 0x1, 0x8b, 0x4, 0x3, 0xff,
    0x96, 0x39, 0x68, 0x0, 0x20, 0xc, 0x22, 0x0,
    0xc5, 0x82, 0x1, 0xff, 0xcb, 0x1c, 0x20, 0xb4,
    0x5a, 0x0, 0xfe, 0x2c, 0x10, 0xf, 0xfe, 0x62,
    0x10, 0x5, 0x74, 0x1, 0xfc, 0x58, 0x20, 0x1f,
    0xfc, 0xd5, 0x90, 0xf, 0xfe, 0x9, 0x60, 0x80,
    0x7f, 0xf2, 0xc5, 0x0, 0xd, 0x20, 0x1f, 0xf1,
    0x60, 0x80, 0x7f, 0xf2, 0xc7, 0x2d, 0x40, 0xd,
    0x0, 0x1f, 0xc5, 0x82, 0x1, 0xff, 0xcb, 0x1c,
    0x20, 0xa5, 0x0, 0x3c, 0x0, 0x7c, 0x58, 0x20,
    0x1f, 0xfc, 0xc5, 0x20, 0xa, 0x94, 0x0, 0xa0,
    0x1e, 0x2c, 0x10, 0xf, 0xfe, 0x6a, 0x50, 0x6,
    0xa5, 0x2c, 0x0, 0xe2, 0xc1, 0x0, 0xff, 0xe5,
    0x8a, 0x80, 0x16, 0x80, 0x35, 0x60, 0x80, 0x62,
    0xc1, 0x0, 0xff, 0xe5, 0x8e, 0x53, 0x0, 0x7e,
    0x10, 0xc, 0x58, 0x20, 0x1f, 0xfc, 0xb1, 0xc2,
    0x9, 0x65, 0xa0, 0xf, 0xe2, 0xc1, 0x0, 0xff,
    0xe6, 0x29, 0x0, 0x53, 0x40, 0x1f, 0xc5, 0x82,
    0x1, 0xff, 0xcd, 0x4b, 0x0, 0xff, 0xe0, 0x96,
    0x8, 0x7, 0xff, 0x2c, 0x9c, 0x0, 0x96, 0x1,
    0xff, 0x16, 0x8, 0x7, 0xff, 0x2c, 0x7e, 0x20,
    0x0, 0x4b, 0x0, 0xfe, 0x2c, 0x10, 0xf, 0xfe,
    0x58, 0xe1, 0x3, 0xc0, 0x1, 0x2c, 0x3, 0xe2,
    0xc1, 0x0, 0xff, 0xe6, 0x11, 0x0, 0x27, 0x80,
    0x3, 0x8, 0x7, 0x16, 0x8, 0x7, 0xff, 0x34,
    0xf0, 0x3, 0x3c, 0x16, 0x8, 0x6, 0x2c, 0x10,
    0xf, 0xfe, 0x59, 0x40, 0x0, 0xf0, 0x3, 0x3e,
    0x88, 0x6, 0x2c, 0x10, 0xf, 0xfe, 0x58, 0xe3,
    0xc8, 0x1, 0x80, 0x3f, 0xc5, 0x82, 0x1, 0xff,
    0xcb, 0x1c, 0x10, 0x6a, 0x5a, 0x0, 0xfe, 0x2c,
    0x10, 0xf, 0xfe, 0x66, 0x10, 0x4, 0xb4, 0x1,
    0xfc, 0x58, 0x20, 0x1f, 0xfc, 0xda, 0x0, 0xff,
    0xe1, 0x16, 0x8, 0x7, 0xff, 0x39, 0xe0, 0x3,
    0xff, 0x80, 0x58, 0x20, 0x1f, 0xfd, 0x7, 0x80,
    0xf, 0xf1, 0x60, 0x80, 0x7f, 0xf4, 0x9e, 0x0,
    0x3f, 0x16, 0x8, 0x7, 0xff, 0x51, 0xe0, 0x3,
    0xc5, 0x82, 0x1, 0xff, 0xd6, 0x78, 0x0, 0xc5,
    0x82, 0x1, 0xff, 0xd8, 0x78, 0x0, 0x16, 0x8,
    0x7, 0xff, 0x69, 0xe0, 0xb0, 0x40, 0x3f, 0xfb,
    0x8f, 0xa2, 0x1, 0xff, 0xd5,

    /* U+F0479 "󰑹" */
    0x0, 0xff, 0xe0, 0x3f, 0xff, 0xff, 0x13, 0xa8,
    0x80, 0x3f, 0xf8, 0x31, 0x0, 0xf, 0xfe, 0x20,
    0xae, 0x10, 0x7, 0xfd, 0xe, 0x1, 0xff, 0xc7,
    0x19, 0x0, 0xff, 0x43, 0x80, 0x7f, 0xf2, 0x50,
    0x3, 0xfa, 0x1c, 0x2, 0xff, 0xc0, 0xf, 0xfc,
    0x0, 0xff, 0xc0, 0x1f, 0xfc, 0x8, 0x70, 0xf,
    0xfe, 0x9c, 0x38, 0x7, 0xff, 0x4e, 0x1c, 0x3,
    0xff, 0xa7, 0xe, 0x1, 0xff, 0xd3, 0x87, 0x0,
    0xff, 0xe9, 0xc3, 0x80, 0x7f, 0xf4, 0xe1, 0xc0,
    0x3f, 0xfa, 0x8e, 0x1, 0xff, 0x7f, 0xe0, 0x7,
    0xfe, 0x0, 0x7f, 0xe0, 0xf, 0xff, 0xf8, 0x7,
    0xff, 0xfc, 0x3, 0xff, 0xfe, 0x1, 0xff, 0xff,
    0x0, 0xff, 0xff, 0x80, 0x7f, 0xff, 0xc0, 0x3f,
    0xff, 0xe0, 0x1f, 0xff, 0xf0, 0xf, 0xff, 0xf8,
    0x7, 0xff, 0xfc, 0x3, 0xff, 0xf8, 0x80, 0x1f,
    0xfd, 0x24, 0x0, 0x48, 0x80, 0x7f, 0xf4, 0x6,
    0x40, 0x5, 0x8a, 0x20, 0x1f, 0xfc, 0xc1, 0x5c,
    0x20,

    /* U+F048A "󰒊" */
    0xc5, 0x0, 0xff, 0xee, 0x9d, 0x74, 0x8, 0x7,
    0xff, 0x70, 0x5f, 0xa8, 0xc0, 0x3f, 0xfb, 0xab,
    0x98, 0x50, 0xf, 0xfe, 0xe9, 0xd7, 0x40, 0x80,
    0x7f, 0xf7, 0x5, 0xfa, 0x8c, 0x3, 0xff, 0xba,
    0xb9, 0x85, 0x0, 0xff, 0xee, 0x9d, 0x74, 0x8,
    0x7, 0xff, 0x70, 0x5f, 0xa8, 0xc0, 0x3f, 0xfb,
    0xab, 0x98, 0x50, 0xf, 0xfe, 0xe9, 0xd7, 0x40,
    0x80, 0x7f, 0xf7, 0x5, 0xfa, 0x8c, 0x3, 0xff,
    0xba, 0xb9, 0x85, 0x0, 0xff, 0xee, 0x9d, 0x74,
    0x8, 0x7, 0xfb, 0xf6, 0xe5, 0x90, 0x80, 0x3f,
    0xf9, 0x62, 0xfd, 0x46, 0x1, 0xfc, 0x48, 0xd3,
    0x7b, 0xfd, 0x92, 0xea, 0x62, 0x1, 0xff, 0xc6,
    0x5c, 0xc2, 0x80, 0x7f, 0xf0, 0x84, 0xda, 0x2b,
    0x3b, 0xf6, 0xa1, 0x90, 0x80, 0x3f, 0xf8, 0x27,
    0x5d, 0x2, 0x1, 0xff, 0xc7, 0x25, 0x79, 0xbd,
    0xfe, 0xb9, 0x75, 0x31, 0x0, 0xf8, 0x5f, 0xa8,
    0xc0, 0x3f, 0xfe, 0x4, 0xaf, 0x37, 0xbf, 0xd7,
    0x2e, 0xa6, 0x20, 0x1f, 0xb, 0xf5, 0x18, 0x7,
    0xf0, 0x9a, 0xc5, 0x67, 0x7e, 0xd4, 0x32, 0x10,
    0x7, 0xff, 0x4, 0xeb, 0xa0, 0x40, 0x31, 0x23,
    0x4d, 0xef, 0xf6, 0x53, 0xa9, 0x88, 0x7, 0xff,
    0x19, 0x73, 0xa, 0x1, 0xef, 0xdb, 0x96, 0x42,
    0x0, 0xff, 0xe5, 0x8b, 0xf5, 0x18, 0x7, 0xff,
    0x60, 0xeb, 0xa0, 0x40, 0x3f, 0xfb, 0xb, 0x98,
    0x50, 0xf, 0xfe, 0xc0, 0xbf, 0x51, 0x80, 0x7f,
    0xf6, 0xe, 0xba, 0x4, 0x3, 0xff, 0xb0, 0xb9,
    0x85, 0x0, 0xff, 0xec, 0xb, 0xf5, 0x18, 0x7,
    0xff, 0x60, 0xeb, 0xa0, 0x40, 0x3f, 0xfb, 0xb,
    0x98, 0x50, 0xf, 0xfe, 0xc0, 0xbf, 0x51, 0x80,
    0x7f, 0xf6, 0xe, 0xba, 0x4, 0x3, 0xff, 0xb0,
    0xb9, 0x85, 0x0, 0xff, 0xec, 0xb, 0xf5, 0x18,
    0x7, 0xff, 0x60, 0xeb, 0xa0, 0x40, 0x3f, 0xfb,
    0x40,

    /* U+F0493 "󰒓" */
    0x0, 0xff, 0xe1, 0xdf, 0xff, 0xeb, 0x0, 0xff,
    0xe9, 0x20, 0x7, 0xe4, 0x0, 0xff, 0xe8, 0x98,
    0x7, 0xf8, 0xc0, 0x3f, 0xfa, 0xc, 0x1, 0xfe,
    0x60, 0xf, 0xfe, 0x81, 0x0, 0x7f, 0x88, 0x3,
    0xff, 0xa1, 0xa0, 0x1f, 0xed, 0x0, 0xff, 0xe3,
    0x27, 0x52, 0x0, 0x61, 0x75, 0x0, 0xff, 0x2b,
    0x88, 0x6, 0x4a, 0xe4, 0x0, 0xfd, 0x22, 0xb7,
    0xae, 0x29, 0xf0, 0x1, 0xff, 0xc0, 0x8f, 0x41,
    0x7d, 0xb5, 0x19, 0x0, 0xf9, 0xc8, 0x2, 0x28,
    0xeb, 0x10, 0xf, 0xfe, 0x10, 0xdf, 0x41, 0x0,
    0x44, 0xe0, 0x1c, 0x30, 0x1, 0xff, 0xd4, 0x81,
    0x0, 0xd0, 0x1, 0xff, 0xd6, 0x80, 0x8, 0xd8,
    0x3, 0xff, 0xac, 0xc6, 0x0, 0xf0, 0xf, 0xfe,
    0xc7, 0x82, 0x18, 0x7, 0xff, 0x8, 0x63, 0x7f,
    0xdb, 0x2, 0x1, 0xff, 0xc2, 0x34, 0x70, 0xf,
    0xfe, 0x12, 0xf3, 0x90, 0x0, 0x9f, 0x94, 0x3,
    0xff, 0x84, 0xe7, 0x62, 0x1, 0xff, 0x2d, 0x0,
    0x7e, 0xa5, 0x0, 0xff, 0x86, 0xcc, 0x13, 0xcc,
    0x3, 0xf8, 0x68, 0x3, 0xfd, 0x42, 0x1, 0xfc,
    0x7e, 0x80, 0x10, 0xe3, 0x0, 0x7e, 0x80, 0xf,
    0xfe, 0x4, 0x80, 0x7e, 0x6c, 0x10, 0xf, 0x48,
    0x7, 0xe4, 0x0, 0xff, 0xe0, 0x28, 0x7, 0xc3,
    0x20, 0x1f, 0xfc, 0x52, 0x0, 0xff, 0xe0, 0x10,
    0x7, 0xc2, 0x1, 0xff, 0xee, 0x20, 0xf, 0xfe,
    0x1, 0x0, 0x7c, 0x20, 0x1f, 0xd2, 0x1, 0xf9,
    0x0, 0x3f, 0xf8, 0xa, 0x1, 0xf0, 0xc8, 0x7,
    0x87, 0x18, 0x3, 0xf4, 0x0, 0x7f, 0xf0, 0x24,
    0x3, 0xf3, 0x60, 0x80, 0x47, 0xe6, 0x1, 0xfc,
    0x34, 0x1, 0xfe, 0xa1, 0x0, 0xfe, 0x3f, 0x30,
    0x3c, 0x10, 0xf, 0xf9, 0x68, 0x3, 0xf5, 0x28,
    0x7, 0xfc, 0x38, 0x6e, 0x1, 0xff, 0xc2, 0x5e,
    0x62, 0x0, 0x13, 0x72, 0x80, 0x7f, 0xf0, 0x9d,
    0xc, 0x3, 0xff, 0x84, 0x33, 0xbf, 0xed, 0x91,
    0x0, 0xff, 0xe1, 0x1a, 0x7, 0x80, 0x7f, 0xf6,
    0x3c, 0x0, 0x6c, 0x1, 0xff, 0xd6, 0x63, 0x0,
    0xa0, 0x3, 0xff, 0xad, 0x0, 0x18, 0x60, 0x3,
    0xff, 0xa9, 0x2, 0x1, 0xce, 0x40, 0x11, 0x47,
    0x58, 0x80, 0x7f, 0xf0, 0x86, 0xfa, 0x8, 0x2,
    0x27, 0x0, 0xfa, 0x45, 0x6f, 0x5c, 0x53, 0xe0,
    0x3, 0xff, 0x81, 0x1c, 0x82, 0xfb, 0x6a, 0x32,
    0x1, 0xf9, 0x3a, 0x90, 0x3, 0xb, 0xa8, 0x7,
    0xf9, 0x5c, 0x3, 0x92, 0xb9, 0x0, 0x3f, 0xf8,
    0xda, 0x1, 0xfe, 0xd0, 0xf, 0xfe, 0x81, 0x0,
    0x7f, 0x88, 0x3, 0xff, 0xa0, 0xc0, 0x1f, 0xe6,
    0x0, 0xff, 0xe8, 0x18, 0x7, 0xf8, 0xc0, 0x3f,
    0xfa, 0x28, 0x1, 0xf9, 0x0, 0x3f, 0xf8, 0x60,

    /* U+F04B2 "󰒲" */
    0x0, 0xff, 0xff, 0x80, 0x6f, 0xff, 0xfe, 0x0,
    0x7, 0xff, 0xfc, 0x3, 0xff, 0xfe, 0x1, 0xff,
    0xca, 0xff, 0xf2, 0x80, 0x66, 0x0, 0xff, 0xed,
    0xba, 0x80, 0x49, 0x20, 0x1f, 0xfd, 0xa5, 0x80,
    0x8, 0xa8, 0x3, 0xff, 0xb4, 0x74, 0x1, 0xf,
    0x88, 0x7, 0xff, 0x1f, 0xff, 0xff, 0x80, 0x1,
    0xe1, 0xd0, 0xd, 0xa4, 0x1, 0xff, 0xda, 0xc1,
    0x0, 0xa8, 0xc0, 0x3f, 0xfb, 0x56, 0x40, 0x13,
    0xa8, 0x7, 0xff, 0x6a, 0x50, 0x2, 0x48, 0x0,
    0xff, 0xe5, 0xff, 0xf9, 0x40, 0x33, 0x80, 0x66,
    0x0, 0xc9, 0xff, 0xe0, 0xf, 0xfe, 0x5c, 0x28,
    0x4, 0x90, 0x1, 0xff, 0xda, 0x57, 0x0, 0x8a,
    0xc0, 0x3f, 0xfb, 0x47, 0x40, 0x10, 0xf8, 0x7,
    0xff, 0x23, 0xff, 0xff, 0x80, 0x1, 0xe2, 0xd0,
    0xd, 0xa4, 0x1, 0xef, 0xff, 0xfe, 0x0, 0x7,
    0xff, 0x23, 0xc4, 0x2, 0xa3, 0x0, 0xff, 0xed,
    0x59, 0x0, 0x4e, 0xa0, 0x1f, 0xfd, 0xa8, 0x40,
    0x9, 0x60, 0x3, 0xff, 0x97, 0xff, 0xe6, 0x0,
    0xcc, 0x1, 0x9c, 0x3, 0x2f, 0xff, 0x80, 0x3f,
    0xf9, 0x6e, 0xc0, 0x12, 0x48, 0x7, 0xff, 0x69,
    0x60, 0x2, 0x2b, 0x0, 0xff, 0xed, 0x1d, 0x0,
    0x43, 0x80, 0x1f, 0xfd, 0xa1, 0xd0, 0xd, 0xa2,
    0x1, 0xef, 0xff, 0xfe, 0x0, 0x7, 0xff, 0x23,
    0x4, 0x2, 0xa3, 0x0, 0xff, 0xed, 0x59, 0x0,
    0x50, 0xa0, 0x1f, 0xfd, 0xa9, 0x40, 0x9, 0x5c,
    0x3, 0xff, 0xb6, 0xc0, 0x19, 0x7f, 0xfc, 0x1,
    0xff, 0xff, 0x0, 0xff, 0xff, 0x80, 0x7f, 0xf2,
    0xbf, 0xff, 0xf8, 0x0, 0x1f, 0xfd, 0x50,

    /* U+F04C5 "󰓅" */
    0x0, 0xff, 0xe1, 0x1b, 0xd6, 0xf7, 0xfb, 0xb6,
    0x9c, 0xc0, 0x3f, 0xf9, 0xa3, 0x1d, 0x90, 0xa4,
    0x20, 0x1, 0x25, 0x8c, 0xd8, 0x10, 0xf, 0xfe,
    0x40, 0xcf, 0x38, 0x80, 0x7f, 0xf0, 0x9, 0xf9,
    0xc0, 0x3f, 0xf8, 0xcd, 0xcc, 0x1, 0xff, 0xc5,
    0x87, 0x0, 0xf0, 0x80, 0x7f, 0xaa, 0x40, 0x3c,
    0x91, 0x9b, 0xdf, 0xd9, 0x2a, 0xd, 0xce, 0x1,
    0xcb, 0x62, 0x1, 0xfd, 0x8a, 0x1, 0x86, 0x7e,
    0xdc, 0xc8, 0x40, 0x4d, 0xab, 0xe4, 0x40, 0x31,
    0x65, 0x78, 0x7, 0xf5, 0x98, 0x6, 0x7e, 0x60,
    0xf, 0xfe, 0x20, 0xce, 0x9a, 0x20, 0x3, 0xf5,
    0x20, 0x4, 0x39, 0x0, 0x1f, 0xfc, 0x56, 0xf6,
    0x0, 0x48, 0x7, 0xe6, 0x50, 0x8, 0xbc, 0xc0,
    0x3f, 0xf8, 0x89, 0xb2, 0x20, 0x7, 0x20, 0xf,
    0x86, 0x40, 0x21, 0xc1, 0x0, 0xff, 0xe1, 0x95,
    0xd8, 0x80, 0x21, 0x80, 0xf, 0xd0, 0x1, 0xb0,
    0x40, 0x3f, 0xf8, 0x71, 0xa8, 0x1, 0xd0, 0x1,
    0x9c, 0x2, 0x16, 0x0, 0xa0, 0x80, 0x3f, 0xf8,
    0x4d, 0xce, 0x1, 0xe3, 0x60, 0xa, 0x20, 0x20,
    0x9, 0x0, 0x89, 0xc0, 0x3f, 0xf8, 0x27, 0x92,
    0x20, 0x1f, 0x78, 0x4, 0x4e, 0xc, 0x0, 0x60,
    0xa, 0x0, 0x3f, 0xf8, 0x3, 0x58, 0x60, 0x1f,
    0x94, 0xc0, 0x29, 0x0, 0x50, 0x18, 0x80, 0x5,
    0x40, 0x3f, 0xe7, 0xe5, 0x0, 0xff, 0x58, 0x6,
    0x40, 0x1, 0x11, 0x0, 0x27, 0x0, 0xff, 0xe,
    0x40, 0x7, 0xfc, 0xe2, 0x1, 0x94, 0x2, 0x4d,
    0x0, 0xb0, 0x3, 0xfd, 0xa6, 0x1, 0xff, 0xc,
    0x0, 0x76, 0x0, 0x5e, 0xc0, 0x13, 0x80, 0x7f,
    0x31, 0x80, 0x7f, 0xf0, 0x2c, 0x3, 0xc8, 0x1,
    0x29, 0x0, 0x44, 0x1, 0xfd, 0x40, 0x1f, 0xfc,
    0x3, 0x50, 0xf, 0x10, 0x4, 0x22, 0x0, 0xff,
    0xe0, 0x98, 0x7, 0xff, 0x3, 0xc0, 0x3f, 0xe2,
    0x0, 0xff, 0xe7, 0x31, 0x80, 0x7f, 0xf0, 0x4,
    0x3, 0xff, 0x82, 0x60, 0x1f, 0xf4, 0x0, 0x7f,
    0xf0, 0x4, 0x80, 0x22, 0x0, 0xfe, 0xb0, 0xf,
    0xf4, 0x8, 0x7, 0xe3, 0x0, 0x89, 0x80, 0x27,
    0x0, 0xfe, 0x72, 0x0, 0xfc, 0x6e, 0x1, 0xfc,
    0xa0, 0x13, 0x68, 0x5, 0xe0, 0x1f, 0xec, 0x20,
    0xf, 0x1e, 0x80, 0x7f, 0xb0, 0x2, 0xd4, 0x0,
    0x94, 0x3, 0xfc, 0x3b, 0x26, 0x22, 0x4a, 0xc1,
    0x0, 0xff, 0x28, 0x4, 0x86, 0x20, 0x13, 0x0,
    0x7f, 0xcd, 0x9d, 0xcb, 0x50, 0xf, 0xf9, 0x80,
    0x22, 0x30, 0x60, 0xa, 0x0, 0x3f, 0xfa, 0x10,
    0x1, 0x28, 0x2, 0x40, 0x21, 0x80, 0xf, 0xfe,
    0x74, 0x8, 0x5, 0x20, 0x1, 0x60, 0x9, 0xcc,
    0x3, 0xff, 0x98, 0x6e, 0x1, 0x30, 0x80, 0x50,
    0x20, 0x16, 0x88, 0x7, 0xff, 0x28, 0x74, 0x2,
    0x18, 0x0, 0xc3, 0x60, 0x10, 0xe8, 0x7, 0xff,
    0x2b, 0x44, 0x2, 0xb1, 0x0, 0xe5, 0x60, 0x8,
    0xcc, 0x1, 0xff, 0xc8, 0x23, 0x0, 0x99, 0x40,
    0x3e, 0x94, 0x0, 0x88, 0x3, 0xff, 0x90, 0x60,
    0x12, 0x48, 0x7, 0xf5, 0xc2, 0xe0, 0x80, 0x7f,
    0xf2, 0x7, 0x16, 0x2c, 0x3, 0x80,

    /* U+F04CE "󰓎" */
    0x0, 0xff, 0xe3, 0x99, 0x80, 0x3f, 0xfb, 0x53,
    0x40, 0x1f, 0xfd, 0x91, 0x56, 0x10, 0xf, 0xfe,
    0xc3, 0x0, 0x18, 0x3, 0xff, 0xb1, 0x20, 0x9,
    0x0, 0xff, 0xeb, 0xa8, 0x80, 0x5, 0x40, 0x3f,
    0xfa, 0xd2, 0x1, 0xa4, 0x3, 0xff, 0xaa, 0x46,
    0x1, 0x8c, 0x80, 0x3f, 0xfa, 0x96, 0x1, 0xeb,
    0x0, 0xff, 0xe9, 0x8b, 0x0, 0x79, 0x84, 0x3,
    0xff, 0xa4, 0xc0, 0x1f, 0x98, 0x3, 0xff, 0xa5,
    0x40, 0x1f, 0xa8, 0x3, 0xff, 0xa2, 0x84, 0x1,
    0xf8, 0x90, 0x3, 0xff, 0x90, 0x24, 0x6a, 0xd1,
    0x35, 0x40, 0xf, 0xf5, 0x52, 0x61, 0x94, 0xc8,
    0x40, 0x3c, 0xd5, 0x7b, 0xdf, 0xdb, 0x95, 0x2e,
    0xca, 0x20, 0x1f, 0xe1, 0x56, 0x79, 0xac, 0xde,
    0xfe, 0xdb, 0xa6, 0x60, 0xa1, 0x8, 0x7, 0xff,
    0x48, 0x49, 0x5, 0x82, 0xd8, 0x3, 0xff, 0xac,
    0xd6, 0x1, 0x4c, 0x0, 0x7f, 0xf5, 0x22, 0x40,
    0x39, 0xe8, 0x3, 0xff, 0xa5, 0x4e, 0x1, 0xf2,
    0xd8, 0x80, 0x7f, 0xf3, 0x86, 0xd4, 0x3, 0xf9,
    0x30, 0x40, 0x3f, 0xf9, 0x83, 0x88, 0x1, 0xff,
    0x17, 0x98, 0x7, 0xff, 0x28, 0xfc, 0x80, 0x3f,
    0xf8, 0x23, 0x88, 0x1, 0xff, 0xc8, 0x4c, 0x10,
    0xf, 0xfe, 0x25, 0xb0, 0x7, 0xff, 0x19, 0xac,
    0x3, 0xff, 0x8f, 0x40, 0x1f, 0xfc, 0x6a, 0x0,
    0xff, 0xe4, 0x20, 0x7, 0xff, 0x19, 0x0, 0x3f,
    0xf9, 0x18, 0x1, 0xff, 0xc6, 0xc0, 0xf, 0xfe,
    0x42, 0x80, 0x7f, 0xf1, 0x94, 0x3, 0xff, 0x8e,
    0x42, 0x1, 0xff, 0xc6, 0x12, 0x0, 0xff, 0xe3,
    0x20, 0x7, 0xff, 0x21, 0x0, 0x3f, 0xf8, 0xd8,
    0x1, 0xfc, 0x66, 0x0, 0xfe, 0xf0, 0xf, 0xfe,
    0x33, 0x80, 0x7c, 0x33, 0x98, 0x91, 0x0, 0xf9,
    0x0, 0x3f, 0xf8, 0xa2, 0x40, 0x1e, 0x6f, 0x60,
    0x3, 0x7b, 0x0, 0x78, 0x84, 0x3, 0xff, 0x88,
    0x80, 0x1c, 0x59, 0x22, 0x1, 0x86, 0x70, 0x80,
    0x39, 0x0, 0x3f, 0xf8, 0x9a, 0x1, 0xa3, 0x4c,
    0x3, 0xf1, 0xec, 0x0, 0x6d, 0x0, 0xff, 0xe2,
    0x20, 0x1, 0x79, 0xc0, 0x3f, 0xf8, 0xf, 0xca,
    0x0, 0x40, 0xf, 0xfe, 0x21, 0x95, 0xd0, 0x80,
    0x7f, 0xf0, 0x86, 0xac, 0x8c, 0x3, 0xff, 0x86,
    0x71, 0xa8, 0x1, 0xff, 0xc6, 0x4d, 0x83, 0x0,
    0xf8,

    /* U+F04DB "󰓛" */
    0xff, 0xff, 0xe6, 0x0, 0x7f, 0xff, 0xc0, 0x3f,
    0xff, 0xe0, 0x1f, 0xff, 0xf0, 0xf, 0xff, 0xf8,
    0x7, 0xff, 0xfc, 0x3, 0xff, 0xfe, 0x1, 0xff,
    0xff, 0x0, 0xff, 0xe7, 0x80,

    /* U+F04E2 "󰓢" */
    0x0, 0xfa, 0x1c, 0x3, 0xff, 0x9b, 0xf, 0xe,
    0x1, 0xff, 0xcb, 0x87, 0x0, 0x43, 0x80, 0x7f,
    0xf2, 0x61, 0xc0, 0x34, 0x38, 0x7, 0xff, 0x1e,
    0x1c, 0x3, 0xd0, 0xe0, 0x1f, 0xfc, 0x58, 0x70,
    0xf, 0xd0, 0xe0, 0x1f, 0xfc, 0x38, 0x70, 0xf,
    0xf4, 0x38, 0x7, 0xff, 0x5, 0xdc, 0x1, 0xff,
    0xc0, 0x87, 0x0, 0xff, 0xe0, 0x3f, 0xff, 0x0,
    0x6f, 0xfe, 0x70, 0xf, 0xff, 0xf8, 0x7, 0xff,
    0xfc, 0x3, 0xff, 0x91, 0xff, 0x80, 0x3f, 0xff,
    0xe0, 0x1f, 0xff, 0xf0, 0xf, 0xff, 0x77, 0xfe,
    0x0, 0xff, 0xff, 0x80, 0x7f, 0xff, 0xc0, 0x3f,
    0xf9, 0xf, 0xff, 0xc0, 0x1b, 0xff, 0x9c, 0x3,
    0xff, 0x80, 0xf0, 0x1, 0xff, 0xc0, 0x77, 0x0,
    0x7f, 0xf0, 0x5e, 0x0, 0x3f, 0xcf, 0x0, 0x1f,
    0xfc, 0x37, 0x80, 0xf, 0xcf, 0x0, 0x1f, 0xfc,
    0x57, 0x80, 0xf, 0x3c, 0x0, 0x7f, 0xf1, 0xde,
    0x0, 0x33, 0xc0, 0x7, 0xff, 0x25, 0xe0, 0x0,
    0xf0, 0x1, 0xff, 0xcb, 0x78, 0x78, 0x0, 0xf0,

    /* U+F04E6 "󰓦" */
    0x0, 0xff, 0xf3, 0x40, 0x7, 0xff, 0x52, 0x1c,
    0x3, 0xff, 0xa7, 0xe, 0x1, 0xff, 0xd3, 0x77,
    0x0, 0x7f, 0xf4, 0xde, 0x0, 0x3f, 0xfa, 0x6f,
    0x0, 0x1f, 0xfd, 0x37, 0x80, 0xe, 0xfe, 0xd9,
    0x50, 0xf, 0xfe, 0x4b, 0xc0, 0x7, 0xc2, 0x4d,
    0x5f, 0x44, 0x1, 0xff, 0xd4, 0x5d, 0x80, 0xf,
    0xfe, 0x2b, 0xc0, 0x7, 0xff, 0x9, 0xf4, 0x80,
    0x3f, 0xf8, 0x8f, 0x0, 0x1d, 0xfd, 0x6e, 0x40,
    0x18, 0xb0, 0xc0, 0x3f, 0xf8, 0x8f, 0x0, 0x1c,
    0x29, 0x1b, 0x44, 0x1, 0xe, 0x90, 0x7, 0xff,
    0x11, 0xe0, 0x3, 0xf2, 0xeb, 0x0, 0x43, 0xe0,
    0x1f, 0x18, 0x7, 0xf3, 0xc0, 0x7, 0xf4, 0xc0,
    0x4, 0x50, 0x1, 0xc3, 0x90, 0x1, 0xfc, 0xf0,
    0x1, 0xfc, 0xec, 0x1, 0x39, 0x0, 0x68, 0x7,
    0x80, 0xf, 0xe7, 0x80, 0xf, 0xe9, 0x20, 0xa,
    0x0, 0x33, 0x0, 0x1c, 0xc0, 0x3f, 0x9c, 0x3,
    0xfd, 0x0, 0x12, 0x80, 0x4a, 0x1, 0x9, 0x80,
    0x7f, 0xf2, 0x14, 0x80, 0x25, 0x0, 0x60, 0x4,
    0xc0, 0x1f, 0xfc, 0xa5, 0x0, 0xb0, 0x0, 0x80,
    0x16, 0x0, 0x7f, 0xf2, 0xb0, 0x2, 0x40, 0x1,
    0x80, 0x4a, 0x1, 0xff, 0xca, 0x50, 0x8, 0xc0,
    0x2, 0x1, 0x8, 0x7, 0xff, 0x28, 0x40, 0x21,
    0x0, 0xff, 0xec, 0x8, 0x4, 0x20, 0x1f, 0xfc,
    0xa1, 0x0, 0x84, 0x0, 0x60, 0x12, 0x80, 0x7f,
    0xf2, 0x94, 0x2, 0x20, 0x3, 0x80, 0x58, 0x1,
    0xff, 0xca, 0xc0, 0x9, 0x40, 0x18, 0x1, 0x28,
    0x7, 0xff, 0x29, 0x80, 0x2c, 0x0, 0x38, 0x4,
    0x4a, 0x1, 0xff, 0xc8, 0x31, 0x0, 0x94, 0x0,
    0x2a, 0x1, 0x40, 0x7, 0xf9, 0xc0, 0x3f, 0x8d,
    0xc0, 0xc, 0x1, 0xa0, 0x2, 0x29, 0x0, 0xfe,
    0x87, 0x0, 0xfe, 0x87, 0x8, 0x0, 0xc4, 0xe0,
    0x13, 0x38, 0x7, 0xf4, 0x38, 0x7, 0xf4, 0x60,
    0x80, 0x74, 0x10, 0x5, 0x12, 0x1, 0xfd, 0xe,
    0x1, 0xfc, 0x60, 0x1f, 0x78, 0x80, 0x4d, 0xaa,
    0x1, 0xfa, 0x1c, 0x3, 0xff, 0x88, 0x5a, 0x20,
    0x11, 0x56, 0xc2, 0x8, 0x7, 0x43, 0x80, 0x7f,
    0xf1, 0xf, 0x8, 0x3, 0x13, 0xdf, 0x78, 0x7,
    0x43, 0x80, 0x7f, 0xf1, 0xb, 0x5c, 0x3, 0xff,
    0x85, 0xe, 0x1, 0xff, 0xc5, 0x8d, 0x50, 0xf,
    0xfe, 0xa1, 0x57, 0x4a, 0x90, 0x80, 0x7d, 0xe,
    0x1, 0xff, 0xc8, 0x16, 0xad, 0xef, 0x0, 0xe8,
    0x70, 0xf, 0xfe, 0x9c, 0x38, 0x7, 0xff, 0x4e,
    0x1c, 0x3, 0xff, 0xa7, 0xe, 0x1, 0xff, 0xd3,
    0x77, 0x0, 0x7f, 0xf4, 0xde, 0x0, 0x3f, 0xfa,
    0x90, 0x1, 0xff, 0xc4,

    /* U+F04FE "󰓾" */
    0x0, 0xff, 0xe3, 0x7f, 0xe0, 0xf, 0xff, 0xf8,
    0x7, 0xff, 0xfc, 0x2, 0x58, 0xb0, 0xd, 0x70,
    0xa0, 0x1f, 0xfc, 0xf2, 0x9e, 0xa7, 0x40, 0xc,
    0x8f, 0x5d, 0x24, 0x1, 0xff, 0xcb, 0x7d, 0x61,
    0x0, 0xff, 0xb, 0x6b, 0x80, 0x7f, 0xf2, 0x7,
    0x20, 0x3, 0xff, 0x89, 0x18, 0x20, 0x1f, 0xfc,
    0x52, 0xf3, 0x0, 0xc2, 0xf6, 0x1, 0xad, 0xc4,
    0x3, 0x1f, 0x90, 0x7, 0xff, 0xc, 0x70, 0x40,
    0x21, 0xae, 0x84, 0x0, 0xc9, 0x1d, 0x42, 0x1,
    0xe, 0x8, 0x7, 0xff, 0xb, 0x44, 0x2, 0x5e,
    0x50, 0xf, 0xf2, 0xf2, 0x80, 0x43, 0xa0, 0x1f,
    0xfc, 0x17, 0x30, 0x9, 0xa8, 0x3, 0xff, 0x85,
    0x4c, 0x1, 0x1b, 0x80, 0x7f, 0xc5, 0x0, 0x12,
    0xc8, 0x7, 0xbf, 0xf0, 0x7, 0xa5, 0x40, 0x28,
    0x20, 0xf, 0xf5, 0x80, 0x43, 0x40, 0x1f, 0xfc,
    0x6a, 0x10, 0xa, 0xc0, 0x3f, 0xce, 0x1, 0x58,
    0x7, 0xff, 0x22, 0xc0, 0x27, 0x0, 0xfe, 0x51,
    0x0, 0xa, 0x80, 0x7f, 0xf2, 0x14, 0x40, 0x2,
    0xa0, 0x1f, 0xb4, 0x2, 0x60, 0xf, 0xfe, 0x53,
    0x0, 0x5a, 0x1, 0xf8, 0xc0, 0x2c, 0x0, 0xff,
    0xe5, 0x60, 0x4, 0x60, 0x1b, 0xff, 0x20, 0x5,
    0x7f, 0xf0, 0x7, 0x93, 0x74, 0x80, 0x1e, 0xff,
    0xac, 0x2, 0x4f, 0xfc, 0x1, 0xff, 0xc6, 0x92,
    0x24, 0x80, 0x7f, 0xff, 0xc2, 0x48, 0x92, 0x1,
    0xff, 0xc6, 0xff, 0xc8, 0x1, 0x5f, 0xfc, 0x1,
    0xe4, 0xdd, 0x20, 0x7, 0xbf, 0xeb, 0x0, 0x93,
    0xff, 0x0, 0x63, 0x0, 0xb0, 0x3, 0xff, 0x95,
    0x80, 0x11, 0x80, 0x7e, 0xd0, 0x9, 0x80, 0x3f,
    0xf9, 0x4c, 0x1, 0x68, 0x7, 0xe5, 0x10, 0x0,
    0xa8, 0x7, 0xff, 0x21, 0x44, 0x0, 0x2a, 0x1,
    0xfc, 0xe0, 0x15, 0x80, 0x7f, 0xf2, 0x2c, 0x2,
    0x70, 0xf, 0xf5, 0x80, 0x43, 0x40, 0x1f, 0xfc,
    0x6a, 0x10, 0xa, 0xc0, 0x3f, 0xc5, 0x0, 0x12,
    0xc0, 0x7, 0xbf, 0xf0, 0x7, 0xa5, 0x40, 0x28,
    0x20, 0xf, 0xf9, 0xcc, 0x2, 0x7a, 0x0, 0xff,
    0xe1, 0x53, 0x0, 0x46, 0xe0, 0x1f, 0xfc, 0x1d,
    0x10, 0x9, 0x79, 0x40, 0x3f, 0xcb, 0xca, 0x1,
    0xe, 0x80, 0x7f, 0xf0, 0x87, 0x4, 0x2, 0x1a,
    0xe8, 0x40, 0xc, 0x91, 0xd4, 0x20, 0x10, 0xe0,
    0x80, 0x7f, 0xf0, 0xcb, 0xcc, 0x3, 0xb, 0xd8,
    0x6, 0xb7, 0x10, 0xc, 0x7e, 0x40, 0x1f, 0xfc,
    0x51, 0xc8, 0x0, 0xff, 0xe2, 0x46, 0x8, 0x7,
    0xff, 0x21, 0xf5, 0x84, 0x3, 0xfc, 0x2d, 0xae,
    0x1, 0xff, 0xcb, 0x29, 0xea, 0x74, 0x0, 0xc8,
    0xf5, 0xd2, 0x40, 0x1f, 0xfc, 0xf5, 0x8b, 0x0,
    0xd7, 0xa, 0x1, 0xff, 0xff, 0x0, 0xff, 0xf8,
    0x0,

    /* U+F050F "󰔏" */
    0x0, 0xfc, 0xd9, 0xdc, 0xc6, 0x0, 0xff, 0xe1,
    0xe, 0xc9, 0x88, 0x8e, 0x74, 0x40, 0x3f, 0xf8,
    0x18, 0x40, 0x1e, 0x2c, 0x0, 0xff, 0x9c, 0x80,
    0x3f, 0x13, 0x80, 0x7f, 0xac, 0x2, 0x4e, 0xe2,
    0x0, 0x56, 0x1, 0xfe, 0x30, 0xa, 0x44, 0x52,
    0x1, 0x18, 0x7, 0xff, 0x8, 0x80, 0x4, 0x1,
    0xff, 0xff, 0x0, 0xff, 0xf4, 0xff, 0xe0, 0xf,
    0xff, 0xf8, 0x7, 0xff, 0xfc, 0x3, 0xff, 0xe3,
    0x20, 0x1f, 0xfc, 0x9, 0x0, 0xfa, 0x58, 0x3,
    0xff, 0x80, 0xd2, 0x1, 0xca, 0xc0, 0x1f, 0xfc,
    0x26, 0x50, 0xd, 0x60, 0x1f, 0xfc, 0x4b, 0x0,
    0x94, 0x40, 0x3f, 0xf8, 0x82, 0xa0, 0xf, 0x0,
    0xff, 0xe3, 0x78, 0x1, 0x0, 0x3f, 0xf8, 0xce,
    0x0, 0x10, 0xf, 0xfe, 0x31, 0x0, 0x7f, 0xf3,
    0x8, 0x3, 0xff, 0x8c, 0x40, 0x7, 0x0, 0xff,
    0xe3, 0x38, 0x3, 0xc0, 0x3f, 0xf8, 0xde, 0x0,
    0x51, 0x0, 0xff, 0xe2, 0x12, 0x80, 0x54, 0x1,
    0xff, 0xc4, 0x90, 0xc, 0x8e, 0x1, 0xff, 0xc2,
    0x74, 0x0, 0xe8, 0x70, 0xf, 0xfe, 0x3, 0xc0,
    0x7, 0xd1, 0x64, 0x1, 0xf8, 0xae, 0x0, 0x3f,
    0x93, 0x69, 0x48, 0x44, 0x4b, 0x5a, 0x80, 0x1c,

    /* U+F0510 "󰔐" */
    0x0, 0xff, 0xe1, 0xb6, 0x77, 0x31, 0x80, 0x3f,
    0xfa, 0x3, 0xb2, 0x62, 0x23, 0x9d, 0x10, 0xf,
    0xfe, 0xf, 0xff, 0xe0, 0xe, 0xc2, 0x0, 0xf1,
    0x60, 0x7, 0x7f, 0xfe, 0x0, 0xff, 0xe0, 0x39,
    0x0, 0x7e, 0x27, 0x0, 0xff, 0xe6, 0x58, 0x4,
    0x9d, 0xc4, 0x0, 0xac, 0x3, 0xff, 0x98, 0x60,
    0x14, 0x88, 0xa4, 0x2, 0x30, 0xf, 0xfe, 0x7,
    0xff, 0xe0, 0xf, 0xc4, 0x0, 0x20, 0xf, 0xdf,
    0xff, 0x80, 0x3f, 0xff, 0xe0, 0x1f, 0xfd, 0x5f,
    0xff, 0xc0, 0x1f, 0xfc, 0x8f, 0xff, 0xc0, 0x1f,
    0xfe, 0x8f, 0xfc, 0x1, 0xff, 0xe8, 0xff, 0xfc,
    0x1, 0xff, 0xc8, 0xff, 0xfc, 0x1, 0xff, 0xff,
    0x0, 0xff, 0xea, 0xff, 0xfe, 0x0, 0xff, 0xe4,
    0x7f, 0xfe, 0x0, 0xff, 0xef, 0xa0, 0x7, 0xff,
    0x21, 0x0, 0x3f, 0xf8, 0x27, 0x60, 0x1f, 0xfc,
    0x8b, 0x30, 0xf, 0x7f, 0xfb, 0x0, 0x34, 0x80,
    0x7f, 0xf0, 0x24, 0x3, 0x67, 0xff, 0x80, 0x3f,
    0xd2, 0xc0, 0x1f, 0xfc, 0x6, 0x80, 0xf, 0xfe,
    0x3a, 0xb0, 0x7, 0xff, 0x9, 0xd0, 0x3, 0xff,
    0x8d, 0x0, 0x1f, 0xfc, 0x4a, 0x0, 0xfe, 0xff,
    0xce, 0x1, 0x29, 0x0, 0x7f, 0xf1, 0x5, 0x40,
    0x27, 0xff, 0xc0, 0x18, 0xc0, 0x2f, 0x0, 0xff,
    0xe3, 0x78, 0x4, 0x60, 0x1f, 0x98, 0x2, 0x70,
    0xf, 0xfe, 0x32, 0x0, 0x4c, 0x1, 0xf8, 0xc0,
    0x22, 0x0, 0xff, 0xe3, 0x8, 0x4, 0x60, 0x1b,
    0xff, 0x8, 0x7, 0xff, 0x38, 0x7f, 0xf0, 0x7,
    0xe1, 0x0, 0xff, 0xe3, 0x10, 0x7, 0xff, 0x11,
    0x0, 0x3f, 0xf8, 0xce, 0x1, 0xff, 0xc4, 0xf0,
    0xf, 0xfe, 0x37, 0x80, 0x7f, 0xf1, 0x14, 0x40,
    0x3f, 0xf8, 0x82, 0xa0, 0x1f, 0xfc, 0x5b, 0x0,
    0xff, 0xe2, 0x58, 0x7, 0xff, 0x19, 0x58, 0x3,
    0xff, 0x84, 0xca, 0x1, 0xff, 0xc7, 0x96, 0x0,
    0xff, 0xe0, 0x34, 0x80, 0x7f, 0xf2, 0x66, 0x84,
    0x3, 0xf0, 0xd4, 0x80, 0x7f, 0xf2, 0xd7, 0xa9,
    0x4, 0x0, 0x4b, 0x5c, 0xa0, 0x1f, 0xfc, 0xe5,
    0xbe, 0xff, 0x6d, 0x28, 0x7, 0xff, 0x8,

    /* U+F051F "󰔟" */
    0xff, 0xff, 0xe6, 0x0, 0x7f, 0xff, 0xc3, 0xff,
    0xff, 0x88, 0x1, 0xff, 0xff, 0x0, 0xfe, 0xff,
    0xfc, 0x1, 0xff, 0xc4, 0x10, 0xf, 0x8, 0x7,
    0xff, 0x13, 0x4, 0x3, 0xe, 0x0, 0x7f, 0xf0,
    0x20, 0x2, 0x2c, 0x10, 0x0, 0xe1, 0x0, 0x50,
    0x1, 0x9c, 0x2, 0x78, 0x0, 0x8b, 0x4, 0x58,
    0x40, 0x14, 0x38, 0x4, 0xf0, 0xe0, 0x13, 0xc0,
    0x4, 0x59, 0x82, 0x0, 0xa1, 0xc0, 0x27, 0x80,
    0x87, 0x0, 0x9e, 0x0, 0x22, 0x20, 0x5, 0xe,
    0x1, 0x3c, 0x0, 0x50, 0xe0, 0x13, 0xc0, 0x7,
    0xa1, 0xc0, 0x27, 0x80, 0xe, 0x87, 0x0, 0x9e,
    0x0, 0x34, 0x38, 0x4, 0xf0, 0x1, 0xf4, 0x38,
    0x4, 0xf0, 0x0, 0x87, 0x0, 0x9e, 0x0, 0x3f,
    0xa1, 0xc0, 0x27, 0x88, 0x38, 0x4, 0xf0, 0x1,
    0xff, 0x43, 0x80, 0x4e, 0xe0, 0x9, 0xe0, 0x3,
    0xff, 0xb1, 0xe, 0x1, 0x3b, 0x80, 0x27, 0x80,
    0xf, 0xfa, 0x1c, 0x2, 0x78, 0x83, 0x80, 0x4f,
    0x0, 0x1f, 0xd0, 0xe0, 0x13, 0xc0, 0x2, 0x1c,
    0x2, 0x78, 0x0, 0xfa, 0x1c, 0x2, 0x78, 0x0,
    0xd0, 0xe0, 0x13, 0xc0, 0x7, 0x43, 0x80, 0x4f,
    0x0, 0x1e, 0x87, 0x0, 0x9e, 0x0, 0x28, 0x70,
    0x9, 0xe0, 0x3, 0xf4, 0x38, 0x4, 0xf0, 0x10,
    0xe0, 0x13, 0xc0, 0x7, 0xfa, 0x1c, 0x2, 0x78,
    0x70, 0x9, 0xe0, 0x3, 0xff, 0x81, 0xe, 0x1,
    0x38, 0x6, 0x80, 0xf, 0xfe, 0x14, 0x0, 0x7f,
    0xff, 0xc0, 0x3f, 0xff, 0xe0, 0xf, 0xff, 0xfe,
    0x20, 0x7, 0xff, 0xfc, 0x0,

    /* U+F054C "󰕌" */
    0x0, 0xff, 0xee, 0xc0, 0x7, 0xff, 0x71, 0xe0,
    0x3, 0xff, 0xb8, 0xf0, 0x1, 0xff, 0xc0, 0x37,
    0xac, 0xef, 0xed, 0xca, 0x73, 0x0, 0xff, 0xe2,
    0x3c, 0x0, 0x7e, 0x29, 0xec, 0x85, 0x31, 0x1,
    0x23, 0x58, 0xce, 0x82, 0x0, 0xff, 0xe1, 0x3c,
    0x0, 0x71, 0x56, 0xb0, 0x80, 0x7f, 0xf0, 0x5,
    0xf6, 0xc8, 0x3, 0xff, 0x82, 0xee, 0x0, 0xa3,
    0x54, 0x3, 0xff, 0x8c, 0x9a, 0xe0, 0x1f, 0xfc,
    0x18, 0x72, 0xd7, 0x0, 0xff, 0xe5, 0x46, 0x8,
    0x7, 0xff, 0x2, 0x34, 0x80, 0x3e, 0x59, 0xcd,
    0xff, 0x76, 0x4a, 0x88, 0x7, 0x8f, 0x8, 0x3,
    0xff, 0x8c, 0x33, 0xf4, 0xc6, 0x40, 0x1, 0x36,
    0xae, 0x92, 0x0, 0xe2, 0xc2, 0x0, 0xff, 0xe2,
    0x47, 0x30, 0x7, 0xff, 0x1, 0xb6, 0x0, 0x38,
    0x70, 0x40, 0x3f, 0xf8, 0x23, 0x8e, 0x1, 0xff,
    0xc4, 0x7c, 0x10, 0xc, 0x3a, 0x1, 0xff, 0xc1,
    0x14, 0x0, 0xff, 0xe3, 0x1f, 0x90, 0x6, 0x37,
    0x0, 0xff, 0xe0, 0xc3, 0x80, 0x7f, 0xf1, 0x87,
    0x4, 0x3, 0x41, 0x0, 0x7f, 0xf0, 0x62, 0x0,
    0x1f, 0xfc, 0x61, 0xc0, 0xe, 0x80, 0xf, 0xfe,
    0x13, 0xc0, 0x7, 0xff, 0x18, 0xa0, 0x3, 0x28,
    0x80, 0x7f, 0xf0, 0x9e, 0x0, 0x3f, 0xf8, 0xce,
    0x40, 0x1a, 0x40, 0x3f, 0xf8, 0x6f, 0x0, 0x1f,
    0xfc, 0x6b, 0x0, 0x84, 0x3, 0xff, 0x8a, 0xf0,
    0x1, 0xff, 0xc5, 0x62, 0x7c, 0xe8,

    /* U+F0553 "󰕓" */
    0x0, 0xff, 0xef, 0xc1, 0x80, 0x7f, 0xf3, 0x91,
    0xf4, 0x40, 0x3f, 0xf9, 0x83, 0x40, 0x3a, 0x1,
    0xff, 0xcc, 0xd1, 0x0, 0x1c, 0x0, 0x7f, 0xf2,
    0xa0, 0xc0, 0x33, 0xa0, 0x7, 0xff, 0x21, 0x1c,
    0x3, 0xd4, 0x40, 0x1f, 0xfc, 0x61, 0xa0, 0xf,
    0x87, 0x80, 0x3f, 0xf8, 0xd4, 0x20, 0x1f, 0x8e,
    0x40, 0x3f, 0xf8, 0xb7, 0xfe, 0xd0, 0x8, 0xff,
    0xe9, 0x0, 0xff, 0xfc, 0x92, 0xa8, 0x40, 0x3f,
    0xf9, 0x63, 0x7b, 0x54, 0xe7, 0x0, 0xff, 0xe0,
    0xff, 0xfe, 0xd, 0x40, 0xd, 0xc, 0x1, 0xff,
    0xc8, 0x43, 0x0, 0xf4, 0x0, 0x7f, 0xf2, 0x30,
    0x3, 0xe1, 0x20, 0xf, 0xff, 0x26, 0x0, 0x7c,
    0x24, 0x1, 0xff, 0xc7, 0x44, 0x0, 0x7a, 0xc0,
    0x3f, 0xf9, 0x36, 0xc0, 0x1a, 0x54, 0x3, 0xff,
    0x95, 0x60, 0x10, 0xb0, 0x7, 0xff, 0x7, 0xfc,
    0x1, 0xbb, 0xc0, 0x3f, 0xf9, 0x62, 0x1, 0xff,
    0xed, 0x10, 0xf, 0x8c, 0x2, 0x1f, 0xfe, 0xd0,
    0x8, 0xff, 0xfc, 0x1, 0x84, 0x2, 0x12, 0x0,
    0xff, 0xe5, 0x18, 0x7, 0x48, 0x7, 0xff, 0x2b,
    0xc0, 0x39, 0x31, 0x0, 0x3f, 0xf8, 0xc9, 0xa6,
    0x1, 0xe3, 0xbf, 0xff, 0x68, 0x4, 0x7f, 0xff,
    0x59, 0x0, 0x7f, 0xff, 0xc0, 0x3f, 0xff, 0xe0,
    0x1f, 0xc3, 0x0, 0x11, 0xb0, 0x7, 0xff, 0x2a,
    0x94, 0x3, 0x4b, 0x0, 0x7f, 0xf2, 0x11, 0x0,
    0x1e, 0x80, 0xf, 0xfe, 0x46, 0x0, 0x7c, 0x24,
    0x1, 0xff, 0xd0, 0x10, 0xf, 0xfe, 0x3e, 0x0,
    0x7c, 0x26, 0x1, 0xff, 0xc7, 0x43, 0x0, 0xf4,
    0x0, 0x7f, 0xf2, 0x75, 0x0, 0x34, 0x30, 0x7,
    0xff, 0x24, 0x6f, 0x26, 0xb9, 0xc0, 0x3f, 0xe0,

    /* U+F0566 "󰕦" */
    0x0, 0xff, 0xe0, 0xc7, 0x7f, 0xff, 0xf1, 0xba,
    0x0, 0x3f, 0xf9, 0xb0, 0xe2, 0x1, 0xff, 0xc6,
    0x17, 0x80, 0xf, 0xfe, 0x63, 0x0, 0x7f, 0xf2,
    0x98, 0x3, 0xff, 0x98, 0x20, 0x1f, 0xfc, 0xa1,
    0x0, 0xff, 0xe8, 0x7f, 0xff, 0xf1, 0x0, 0x3f,
    0xff, 0xe0, 0x1f, 0xff, 0xf0, 0xf, 0xfe, 0x27,
    0xfe, 0x0, 0xff, 0xe8, 0x7f, 0xe0, 0xf, 0xff,
    0xf8, 0x7, 0xff, 0xff, 0xff, 0x0, 0x7f, 0xf7,
    0x3f, 0xf0, 0x7, 0xff, 0xfc, 0x3, 0xff, 0xfe,
    0x1, 0xff, 0xff, 0x0, 0xff, 0xff, 0x80, 0x7f,
    0xff, 0xc0, 0x3f, 0xff, 0xe0, 0x1f, 0xff, 0xf0,
    0xb, 0xff, 0x0, 0x7f, 0xf7, 0x3f, 0xf0, 0x7,
    0xff, 0xfc, 0x3, 0xff, 0xff, 0xff, 0x80, 0x3f,
    0xfa, 0x1f, 0xf8, 0x3, 0xff, 0xfe, 0x1, 0xff,
    0xff, 0x0, 0xff, 0xe2, 0x7f, 0xff, 0xf1, 0x0,
    0x3f, 0xfa, 0x2, 0x1, 0xff, 0xca, 0x10, 0xf,
    0xfe, 0x63, 0x0, 0x7f, 0xf2, 0x98, 0x3, 0xff,
    0x99, 0xe, 0x20, 0x1f, 0xfc, 0x61, 0x78, 0x0,
    0xff, 0xe0, 0x0,

    /* U+F0567 "󰕧" */
    0x5e, 0xff, 0xff, 0xe6, 0x72, 0x0, 0x7e, 0xb1,
    0x0, 0xff, 0xe6, 0xd, 0x0, 0x7c, 0xe2, 0x1,
    0xff, 0xce, 0x10, 0xf, 0x3c, 0x0, 0x7f, 0xf5,
    0x5e, 0x0, 0x3f, 0xfa, 0xaf, 0x0, 0x1f, 0xfd,
    0x57, 0x80, 0xf, 0xfe, 0xab, 0xc0, 0x7, 0xff,
    0x55, 0xe0, 0x3, 0xff, 0xaa, 0xf0, 0x1, 0xff,
    0xd6, 0x80, 0xf, 0xff, 0xf8, 0x7, 0xff, 0xfc,
    0x3, 0xff, 0xea, 0xe0, 0x1f, 0xfd, 0x78, 0x80,
    0x7, 0xff, 0x5d, 0xe0, 0x3, 0xff, 0xae, 0xf0,
    0x1, 0xff, 0xd7, 0x78, 0x0, 0xff, 0xeb, 0xbc,
    0x0, 0x7f, 0xf5, 0xde, 0x0, 0x40, 0x3f, 0xf9,
    0xc2, 0x1, 0xe7, 0x8b, 0x10, 0xf, 0xfe, 0x60,
    0xd0, 0x7, 0xce,

    /* U+F0568 "󰕨" */
    0x1, 0xb2, 0x0, 0xff, 0xeb, 0xe, 0x26, 0x10,
    0x7, 0xff, 0x56, 0x88, 0x7, 0x8, 0x3, 0xff,
    0xa9, 0x22, 0x0, 0x1c, 0x20, 0xf, 0xfe, 0x99,
    0x60, 0x80, 0x7, 0x8, 0x3, 0xff, 0xa6, 0x58,
    0x20, 0x1, 0xc2, 0x0, 0xff, 0xe9, 0x96, 0x8,
    0x0, 0x70, 0x80, 0x3f, 0xfa, 0x65, 0x82, 0x0,
    0x1c, 0x20, 0xf, 0xfe, 0x8a, 0xf6, 0x88, 0x4,
    0x38, 0x40, 0x10, 0xef, 0xff, 0xfd, 0xc8, 0x1,
    0xfe, 0xb1, 0x0, 0xf0, 0xe1, 0x0, 0x7, 0x8,
    0x3, 0xfc, 0x34, 0x1, 0xf3, 0x80, 0x4, 0x3,
    0xf0, 0xe1, 0x0, 0x7, 0x8, 0x3, 0xfc, 0x20,
    0x1e, 0x78, 0x0, 0xff, 0xe0, 0xe, 0x10, 0x0,
    0x70, 0x80, 0x3f, 0xf8, 0x6f, 0x0, 0x1f, 0xfc,
    0x21, 0xc2, 0x0, 0xe, 0x10, 0x7, 0xff, 0x5,
    0xe0, 0x3, 0xff, 0x88, 0x38, 0x40, 0x1, 0xc2,
    0x0, 0xff, 0x9e, 0x0, 0x3f, 0xf8, 0xc3, 0x84,
    0x0, 0x1c, 0x20, 0xf, 0xe7, 0x80, 0xf, 0xfe,
    0x40, 0xe1, 0x0, 0x7, 0x8, 0x3, 0xe7, 0x80,
    0xf, 0xfe, 0x50, 0xe1, 0x0, 0x7, 0x8, 0x3,
    0x9e, 0x0, 0x3f, 0xf9, 0x83, 0x84, 0x0, 0x1c,
    0x20, 0xd, 0x0, 0x1f, 0xfc, 0xe1, 0xc2, 0x0,
    0xe, 0x10, 0x7, 0xff, 0x4c, 0x70, 0x80, 0x3,
    0x84, 0x1, 0xff, 0xd3, 0x1c, 0x20, 0x0, 0xe1,
    0x0, 0x7f, 0xf4, 0xc7, 0x8, 0x0, 0x38, 0x40,
    0x1f, 0xfd, 0x31, 0xc2, 0x0, 0xe, 0x10, 0x7,
    0xff, 0x4c, 0x70, 0x80, 0x3, 0x84, 0x1, 0xff,
    0xd3, 0x1c, 0x20, 0x0, 0xe1, 0x0, 0x7f, 0xf4,
    0xc7, 0x8, 0x0, 0x38, 0x40, 0x1f, 0xfd, 0x31,
    0xc2, 0x0, 0xe, 0x10, 0x7, 0xff, 0x4c, 0x70,
    0x80, 0x3, 0x84, 0x1, 0xff, 0xd3, 0x1c, 0x20,
    0x0, 0xe1, 0x0, 0x7f, 0xf4, 0xc7, 0x8, 0x0,
    0x38, 0x40, 0x1, 0x0, 0xff, 0xe8, 0xe, 0x10,
    0x0, 0x70, 0x1, 0x62, 0x1, 0xff, 0xcc, 0x11,
    0x0, 0x7, 0x8, 0x0, 0x20, 0x5, 0xef, 0xff,
    0xfe, 0x67, 0x60, 0x80, 0x7, 0x8, 0x3, 0xff,
    0xa6, 0x58, 0x20, 0x1, 0xc2, 0x0, 0xff, 0xe9,
    0x96, 0x8, 0x0, 0x70, 0x80, 0x3f, 0xfa, 0x65,
    0x82, 0x0, 0x19, 0x0, 0xff, 0xea, 0x16, 0x8,
    0x15, 0x0, 0x7f, 0xf5, 0x4b, 0xf, 0x4,

    /* U+F056E "󰕮" */
    0xff, 0xff, 0xe2, 0x0, 0x6f, 0xff, 0xfe, 0x20,
    0x7, 0xff, 0xfc, 0x3, 0xff, 0xfe, 0x1, 0xff,
    0xff, 0x0, 0xff, 0xff, 0x80, 0x7f, 0xff, 0xc0,
    0x3f, 0xfb, 0xbf, 0xff, 0xfc, 0x40, 0xf, 0xff,
    0xf8, 0x7, 0xff, 0xa7, 0xff, 0xff, 0x88, 0x1,
    0xff, 0xff, 0x0, 0xff, 0xea, 0xff, 0xff, 0xf1,
    0x0, 0x3f, 0xff, 0xe0, 0x1f, 0xfe, 0x9f, 0xff,
    0xfe, 0x20, 0x7, 0xff, 0xfc, 0x3, 0xff, 0xfe,
    0x1, 0xff, 0xff, 0x0, 0xff, 0xff, 0x80, 0x7f,
    0xff, 0xc0, 0x3f, 0xfb, 0xa0,

    /* U+F0570 "󰕰" */
    0xff, 0xff, 0xe2, 0x0, 0x6f, 0xff, 0xfe, 0x20,
    0x7, 0xff, 0xfc, 0x3, 0xff, 0xfe, 0x1, 0xff,
    0xff, 0x0, 0xff, 0xff, 0x80, 0x7f, 0xff, 0xc0,
    0x3f, 0xff, 0xe0, 0x1f, 0xff, 0xf0, 0xf, 0xfe,
    0x1f, 0xff, 0xff, 0x10, 0x3, 0x7f, 0xff, 0xf1,
    0x0, 0x3f, 0xff, 0xe0, 0x1f, 0xfd, 0x5f, 0xff,
    0xfe, 0x20, 0x6, 0xff, 0xff, 0xe2, 0x0, 0x7f,
    0xff, 0xc0, 0x3f, 0xff, 0xe0, 0x1f, 0xff, 0xf0,
    0xf, 0xff, 0xf8, 0x7, 0xff, 0xfc, 0x3, 0xff,
    0xfe, 0x1, 0xff, 0xff, 0x0, 0xff, 0xe1, 0x80,

    /* U+F0572 "󰕲" */
    0xf, 0xff, 0xc0, 0xf, 0xff, 0xfe, 0x60, 0x7,
    0xff, 0xfc, 0x3, 0xff, 0xfe, 0x1, 0xff, 0xff,
    0x0, 0xff, 0xe4, 0xff, 0xfe, 0x0, 0x7f, 0xff,
    0xf3, 0x0, 0x3f, 0xfb, 0x1f, 0xff, 0x80, 0x1f,
    0xff, 0xfc, 0xc0, 0xf, 0xff, 0xf8, 0x7, 0xff,
    0xfc, 0x3, 0xff, 0xfe, 0x1, 0xff, 0xc9, 0xff,
    0xfc, 0x0, 0xff, 0xff, 0xe6, 0x0, 0x7f, 0xf6,
    0x3f, 0xff, 0x0, 0x3f, 0xff, 0xf9, 0x80, 0x1f,
    0xff, 0xf0, 0xf, 0xff, 0xf8, 0x7, 0xff, 0xfc,
    0x3, 0xff, 0x90,

    /* U+F057E "󰕾" */
    0x0, 0xff, 0xe5, 0x28, 0x80, 0x7f, 0xf5, 0xab,
    0xad, 0x0, 0x3f, 0xf9, 0xf0, 0x1, 0xe4, 0xbc,
    0x30, 0xf, 0xfe, 0x64, 0x38, 0x7, 0xe3, 0xc8,
    0x0, 0xff, 0xe5, 0x43, 0x80, 0x71, 0x80, 0x73,
    0xd8, 0x7, 0xff, 0x22, 0x1c, 0x3, 0xd9, 0xaa,
    0x1, 0x93, 0x0, 0x3f, 0xf8, 0xd0, 0xe0, 0x1f,
    0x8a, 0xb0, 0x80, 0x23, 0xb0, 0xf, 0xfe, 0x24,
    0x38, 0x7, 0xfc, 0x78, 0x60, 0x12, 0x40, 0x7,
    0xff, 0xa, 0x1c, 0x3, 0xff, 0x82, 0x38, 0x60,
    0x13, 0x98, 0x7, 0xff, 0x2, 0x1c, 0x3, 0xff,
    0x89, 0xa2, 0x1, 0x78, 0x7, 0xfd, 0xe, 0x1,
    0xff, 0x59, 0x0, 0x61, 0xa0, 0x8, 0xd4, 0x3,
    0xfa, 0x1c, 0x3, 0xff, 0x80, 0x9a, 0x80, 0x19,
    0x14, 0x2, 0x90, 0xff, 0xfc, 0xe0, 0x1f, 0xfc,
    0x3b, 0x20, 0xd, 0x20, 0x11, 0x88, 0x7, 0xff,
    0x37, 0x80, 0x31, 0x98, 0x2, 0x70, 0xf, 0xfe,
    0x69, 0xa0, 0x6, 0x40, 0xb, 0x0, 0x3f, 0xf9,
    0xdc, 0x1, 0xb0, 0x2, 0x60, 0xf, 0xfe, 0x73,
    0x80, 0x66, 0x0, 0x88, 0x3, 0xff, 0x9c, 0x40,
    0x18, 0xc0, 0x21, 0x0, 0xff, 0xf9, 0x10, 0x6,
    0x30, 0x8, 0x40, 0x3f, 0xf9, 0xce, 0x1, 0x98,
    0x2, 0x20, 0xf, 0xfe, 0x77, 0x0, 0x6c, 0x0,
    0x98, 0x3, 0xff, 0x9a, 0x68, 0x1, 0x90, 0x2,
    0xc0, 0xf, 0xfe, 0x6f, 0x0, 0x63, 0x30, 0x4,
    0xff, 0xff, 0x9c, 0x3, 0xff, 0x87, 0x84, 0x1,
    0xa4, 0x2, 0x31, 0x0, 0xfd, 0xe, 0x1, 0xff,
    0xc0, 0x5d, 0x30, 0xc, 0x8a, 0x1, 0x48, 0x7,
    0xfa, 0x1c, 0x3, 0xfe, 0xa2, 0x0, 0xc3, 0x40,
    0x11, 0xa8, 0x7, 0xfd, 0xe, 0x1, 0xff, 0xc4,
    0xd1, 0x0, 0xbc, 0x3, 0xff, 0x83, 0xe, 0x1,
    0xff, 0xc1, 0x1c, 0x30, 0x9, 0xcc, 0x3, 0xff,
    0x85, 0xe, 0x1, 0xff, 0x1e, 0x18, 0x4, 0x90,
    0x1, 0xff, 0xc4, 0x87, 0x0, 0xfc, 0x55, 0x84,
    0x1, 0x1d, 0x80, 0x7f, 0xf1, 0xa1, 0xc0, 0x3d,
    0x9a, 0xa0, 0x19, 0x30, 0x3, 0xff, 0x91, 0xe,
    0x1, 0xc6, 0x1, 0xcf, 0x60, 0x1f, 0xfc, 0xa8,
    0x70, 0xf, 0xc7, 0x90, 0x1, 0xff, 0xcc, 0x80,
    0xf, 0x25, 0xe1, 0x80, 0x7f, 0xf4, 0xa7, 0xad,
    0x0, 0x3f, 0xc0,

    /* U+F0580 "󰖀" */
    0x0, 0xff, 0xf0, 0xc0, 0x7, 0xff, 0x3a, 0x1c,
    0x3, 0xff, 0x9b, 0xe, 0x1, 0xff, 0xcd, 0x87,
    0x0, 0xff, 0xe6, 0xc3, 0x80, 0x7f, 0xf3, 0x61,
    0xc0, 0x3f, 0xf9, 0xb0, 0xe0, 0x1f, 0xfc, 0xd8,
    0x70, 0xf, 0xfe, 0x6c, 0x38, 0x7, 0xfd, 0x84,
    0x1, 0xff, 0xc0, 0x87, 0x0, 0xff, 0xe0, 0x1e,
    0xa0, 0x5, 0xff, 0xf9, 0xc0, 0x3f, 0xf8, 0x76,
    0x40, 0x1f, 0xfc, 0xfe, 0x0, 0xff, 0xe7, 0x9a,
    0x80, 0x7f, 0xf3, 0xfc, 0x3, 0xff, 0x9e, 0x80,
    0x1f, 0xfc, 0xf1, 0x0, 0xff, 0xf5, 0x88, 0x7,
    0xff, 0x3d, 0x0, 0x3f, 0xf9, 0xfe, 0x1, 0xff,
    0xce, 0x35, 0x0, 0xff, 0xe7, 0x70, 0x3, 0xff,
    0xf4, 0x0, 0x7f, 0xf0, 0xec, 0x80, 0x3f, 0xcf,
    0x0, 0x1f, 0xfc, 0x4, 0xd4, 0x0, 0xff, 0xe0,
    0x3c, 0x0, 0x7f, 0xd6, 0x40, 0x1f, 0xfc, 0x27,
    0x80, 0xf, 0xfe, 0x7b, 0xc0, 0x7, 0xff, 0x3d,
    0xe0, 0x3, 0xff, 0x9e, 0xf0, 0x1, 0xff, 0xcf,
    0x78, 0x0, 0xff, 0xe7, 0xbc, 0x0, 0x7f, 0xf3,
    0xde, 0x0, 0x3f, 0xf9, 0xee, 0x1, 0xfe,

    /* U+F0581 "󰖁" */
    0x1, 0xb2, 0x0, 0xff, 0xe3, 0x28, 0x80, 0x7f,
    0xf0, 0x7, 0x13, 0x8, 0x3, 0xff, 0x8b, 0x5d,
    0x68, 0x1, 0xfe, 0xd2, 0x1, 0xc2, 0x0, 0xff,
    0xa0, 0x3, 0xc9, 0x78, 0x60, 0x1f, 0xb8, 0x40,
    0x3, 0x84, 0x1, 0xfd, 0xe, 0x1, 0xf8, 0xf2,
    0x0, 0x3e, 0x2c, 0x10, 0x0, 0xe1, 0x0, 0x7d,
    0xe, 0x1, 0xc6, 0x1, 0xcf, 0x60, 0x1f, 0x16,
    0x8, 0x0, 0x70, 0x80, 0x3a, 0x1c, 0x3, 0xd9,
    0xaa, 0x1, 0x93, 0x0, 0x3e, 0x2c, 0x10, 0x0,
    0xe1, 0x0, 0x65, 0x0, 0xfc, 0x55, 0x84, 0x1,
    0x1d, 0x80, 0x7c, 0x58, 0x20, 0x1, 0xc2, 0x0,
    0xb0, 0x80, 0x3f, 0x8f, 0xc, 0x2, 0x48, 0x0,
    0xf8, 0xb0, 0x40, 0x3, 0x84, 0x0, 0x1c, 0x20,
    0xf, 0xe1, 0xc3, 0x0, 0x9c, 0xc0, 0x3e, 0x2c,
    0x10, 0x0, 0xe1, 0x0, 0x7, 0x8, 0x3, 0xfd,
    0xa2, 0x1, 0x78, 0x7, 0xe2, 0xc1, 0x0, 0xe,
    0x10, 0x0, 0x70, 0x3, 0x59, 0x0, 0x61, 0xa0,
    0x8, 0xd4, 0x3, 0xf1, 0x60, 0x80, 0x7, 0x8,
    0x0, 0x20, 0x19, 0x35, 0x0, 0x32, 0x28, 0x5,
    0x21, 0xff, 0xfb, 0x44, 0x2, 0x1c, 0x20, 0xf,
    0xd6, 0x40, 0x1a, 0x40, 0x23, 0x10, 0xf, 0xfe,
    0x10, 0xe1, 0x0, 0x7e, 0xe0, 0xc, 0x66, 0x0,
    0x9c, 0x3, 0xff, 0x86, 0x38, 0x40, 0x18, 0xc0,
    0x6, 0x80, 0x19, 0x0, 0x2c, 0x0, 0xff, 0xe2,
    0xe, 0x10, 0x5, 0x86, 0x0, 0xe0, 0xd, 0x80,
    0x13, 0x0, 0x7f, 0xf1, 0x47, 0x8, 0x2, 0xc3,
    0x7, 0x0, 0xcc, 0x1, 0x10, 0x7, 0xff, 0x18,
    0x70, 0x80, 0x2c, 0x32, 0x0, 0xc6, 0x1, 0x8,
    0x7, 0xff, 0x1c, 0x70, 0x80, 0x2c, 0x40, 0xc,
    0x20, 0x1f, 0xfc, 0xc1, 0xc2, 0x0, 0xac, 0x3,
    0x10, 0x4, 0x20, 0x1f, 0xfc, 0x61, 0x0, 0xe,
    0x10, 0x7, 0xcc, 0x1, 0x18, 0x7, 0xff, 0x1b,
    0x4, 0x0, 0x38, 0x40, 0x1e, 0x30, 0x9, 0xc0,
    0x3f, 0xf8, 0xc5, 0x82, 0x0, 0x1c, 0x20, 0xe,
    0xb0, 0xb, 0x0, 0x3f, 0xf8, 0xe5, 0x82, 0x0,
    0x1c, 0x20, 0xf, 0xcf, 0xff, 0xf9, 0xc0, 0x3f,
    0xe2, 0xc1, 0x0, 0xe, 0x10, 0x5, 0x86, 0x6,
    0x20, 0x1f, 0xa1, 0xc0, 0x3f, 0xe2, 0xc1, 0x0,
    0xe, 0x10, 0x5, 0xa5, 0x20, 0x1f, 0xe8, 0x70,
    0xf, 0xf8, 0xb0, 0x40, 0x3, 0x84, 0x0, 0x1c,
    0x50, 0xf, 0xfa, 0x1c, 0x3, 0xfe, 0x2c, 0x10,
    0x0, 0xe1, 0x0, 0x4, 0x3, 0xff, 0x83, 0xe,
    0x1, 0xff, 0x16, 0x8, 0x0, 0x70, 0x80, 0x3f,
    0xf8, 0x90, 0xe0, 0x1f, 0xf0, 0x98, 0x4, 0x38,
    0x40, 0x1f, 0xfc, 0x48, 0x70, 0xf, 0xc5, 0x58,
    0x40, 0x18, 0x70, 0x80, 0x3f, 0xf8, 0x90, 0xe0,
    0x1e, 0xbd, 0x50, 0xf, 0x87, 0x8, 0x3, 0xff,
    0x89, 0xe, 0x1, 0xc8, 0x1, 0xcf, 0xa2, 0x0,
    0x1c, 0x20, 0xf, 0xfe, 0x24, 0x38, 0x7, 0xe3,
    0xc8, 0x2c, 0x10, 0x0, 0xc8, 0x7, 0xff, 0x16,
    0x0, 0x3c, 0x97, 0x86, 0x0, 0x2c, 0x10, 0x2a,
    0x0, 0xff, 0xe5, 0x4f, 0x5a, 0x0, 0x71, 0x61,
    0xe0, 0x80,

    /* U+F058C "󰖌" */
    0x0, 0xff, 0x84, 0x40, 0x1f, 0xfc, 0xac, 0xd0,
    0xf, 0xfe, 0x4d, 0x11, 0xd0, 0x7, 0xff, 0x1d,
    0xd4, 0x0, 0xae, 0x1, 0xff, 0xc5, 0x48, 0x0,
    0xd0, 0x80, 0x1f, 0xfc, 0x31, 0xa0, 0xf, 0x50,
    0x80, 0x7f, 0xf0, 0xa8, 0x40, 0x3c, 0x34, 0x1,
    0xff, 0xc1, 0x74, 0x0, 0xfc, 0x8e, 0x1, 0xff,
    0x14, 0x0, 0x7f, 0xa0, 0x80, 0x3f, 0xdc, 0x1,
    0xff, 0xc0, 0xe0, 0xf, 0xe7, 0x30, 0xf, 0xfe,
    0x1, 0xb8, 0x7, 0xc3, 0x0, 0x1f, 0xfc, 0x28,
    0x10, 0xf, 0x58, 0x7, 0xff, 0x12, 0xc0, 0x38,
    0xd4, 0x3, 0xff, 0x88, 0xa6, 0x1, 0xa0, 0x3,
    0xff, 0x8d, 0x0, 0x11, 0xa0, 0x7, 0xff, 0x19,
    0xc, 0x1, 0x20, 0x1f, 0xfc, 0x89, 0x1, 0x50,
    0xf, 0xfe, 0x42, 0x8b, 0x80, 0x7f, 0xf2, 0x9f,
    0x0, 0x3f, 0xf9, 0x58, 0xe0, 0x1f, 0xfc, 0xa7,
    0x20, 0xf, 0xfe, 0x51, 0x0, 0x7f, 0xf3, 0x4,
    0x3, 0xff, 0x94, 0x2a, 0x1, 0xff, 0xca, 0x5c,
    0x0, 0xff, 0xe5, 0x62, 0x80, 0x7f, 0xf2, 0x94,
    0x94, 0x3, 0xff, 0x90, 0xa4, 0x16, 0x1, 0xff,
    0xc8, 0xb0, 0x0, 0xd0, 0x7, 0xff, 0x1a, 0x84,
    0x2, 0x58, 0x0, 0xff, 0xe2, 0x42, 0x80, 0x73,
    0xd0, 0x7, 0xff, 0xa, 0x9c, 0x3, 0xe5, 0xd5,
    0x0, 0xff, 0x2e, 0xa8, 0x7, 0xf1, 0x56, 0xc1,
    0x88, 0x0, 0x4e, 0x36, 0x88, 0x3, 0xff, 0x80,
    0x4f, 0x9d, 0xfe, 0xec, 0x72, 0x0, 0xf8,

    /* U+F05A1 "󰖡" */
    0x0, 0xff, 0xe2, 0x14, 0xef, 0xfb, 0x64, 0x80,
    0x3f, 0xfa, 0x73, 0xac, 0x40, 0x2, 0x6d, 0x90,
    0xf, 0xfe, 0x8d, 0xb0, 0x7, 0xe6, 0xb0, 0xf,
    0xfe, 0x7c, 0xa0, 0x7, 0xf9, 0x20, 0x3, 0xff,
    0x9a, 0x4c, 0x1, 0x15, 0x77, 0x28, 0x80, 0x27,
    0x20, 0xf, 0xfe, 0x65, 0x0, 0x45, 0x8a, 0x22,
    0x5c, 0x20, 0xa, 0x80, 0x3f, 0xf9, 0x8a, 0x1,
    0x48, 0x80, 0x61, 0x90, 0x9, 0x40, 0x3f, 0xf9,
    0x86, 0x1, 0x20, 0x7, 0x90, 0x2, 0x30, 0xf,
    0xfe, 0x60, 0x80, 0x7f, 0xf6, 0xc8, 0x2, 0x40,
    0xf, 0x20, 0x4, 0x60, 0x1f, 0xfc, 0xc4, 0x0,
    0xa4, 0x3, 0xd2, 0x1, 0x20, 0x7, 0xff, 0x32,
    0x80, 0x22, 0xd4, 0x0, 0x26, 0x90, 0x5, 0x60,
    0x1f, 0xfc, 0x52, 0xae, 0xff, 0xd8, 0x1, 0x8a,
    0xff, 0xd6, 0x40, 0x1b, 0x7f, 0xf7, 0x51, 0x0,
    0x7f, 0x16, 0x28, 0x80, 0x7f, 0xf3, 0x5, 0x70,
    0x80, 0x3f, 0x40, 0x80, 0x7f, 0xf4, 0x6, 0x0,
    0x3f, 0x28, 0x7, 0xff, 0x49, 0x40, 0x3e, 0x40,
    0xf, 0xfe, 0xa2, 0x0, 0x7b, 0x0, 0x3f, 0xfa,
    0x98, 0x1, 0xe4, 0x0, 0xff, 0xea, 0x20, 0x7,
    0x8c, 0x3, 0xff, 0xa8, 0x60, 0x1c, 0x80, 0x1f,
    0xfd, 0x64, 0x0, 0xd8, 0x1, 0xff, 0xd6, 0xc0,
    0xc, 0x80, 0x1f, 0xfd, 0x64, 0x0, 0xc6, 0x1,
    0xff, 0xd6, 0x30, 0x9, 0x0, 0x3f, 0xfb, 0x8,
    0x0, 0xc0, 0xf, 0xfe, 0xc6, 0x0, 0x10, 0x3,
    0xff, 0xb0, 0x80, 0x3, 0x0, 0xff, 0xec, 0x18,
    0x20, 0x7, 0xff, 0x69, 0x30, 0x3, 0xff, 0xb5,
    0x86, 0x1, 0xff, 0xda, 0x35, 0x0, 0xff, 0xed,
    0x28, 0x7, 0xff, 0x71, 0x0, 0x3f, 0xfb, 0x49,
    0x2, 0x1, 0xff, 0xd8, 0x18, 0x2c, 0x40, 0xf,
    0xfe, 0xb2, 0xe1, 0x0,

    /* U+F05A9 "󰖩" */
    0x0, 0xff, 0xe1, 0x1b, 0x4d, 0xef, 0x73, 0xfd,
    0xdc, 0xdb, 0x96, 0x30, 0xf, 0xfe, 0x60, 0xb5,
    0xfe, 0x4b, 0x21, 0x8, 0x80, 0x2, 0x22, 0x46,
    0x9c, 0xfb, 0x61, 0x0, 0xff, 0xe3, 0x2d, 0xf4,
    0xa0, 0x7, 0xff, 0x19, 0x27, 0xad, 0x40, 0x3f,
    0xf8, 0x4f, 0xd4, 0x80, 0x1f, 0xfc, 0xc4, 0xae,
    0x70, 0xf, 0xf3, 0x74, 0x8, 0x7, 0xff, 0x40,
    0x63, 0x98, 0x3, 0xc7, 0xb2, 0x20, 0x1f, 0xfd,
    0x41, 0x9d, 0x30, 0xa, 0x30, 0x80, 0x3f, 0xc2,
    0x8f, 0x59, 0xdf, 0xfb, 0xb2, 0x9d, 0x4, 0x3,
    0xfc, 0x59, 0x0, 0x8e, 0x1, 0xfc, 0x2f, 0x9d,
    0x70, 0xa6, 0x20, 0x18, 0x4d, 0x62, 0xfb, 0x1c,
    0x40, 0x3f, 0x9d, 0x10, 0xc0, 0x1f, 0x25, 0xf4,
    0x18, 0x7, 0xff, 0x10, 0xe3, 0xad, 0x0, 0x3e,
    0x64, 0x9, 0x20, 0xc, 0x99, 0x68, 0x1, 0xff,
    0xca, 0x4b, 0xc4, 0x0, 0xc5, 0x20, 0x17, 0x80,
    0x6, 0xac, 0xc0, 0x3f, 0xf9, 0xc7, 0x74, 0x20,
    0xf, 0x0, 0xc5, 0x4b, 0xea, 0x1, 0xff, 0xd2,
    0x5f, 0x5a, 0x20, 0xe, 0x5a, 0x10, 0xf, 0xe1,
    0x58, 0xbd, 0xef, 0xf7, 0x6d, 0xc2, 0x88, 0x7,
    0xf0, 0xd2, 0x80, 0x7f, 0xf1, 0x17, 0x3a, 0x9d,
    0x8, 0x40, 0x2, 0x48, 0xf5, 0xd8, 0xa0, 0x1f,
    0xfc, 0xb1, 0x8e, 0xa3, 0x0, 0xff, 0xe1, 0x1d,
    0x74, 0x8, 0x7, 0xff, 0x1d, 0xb9, 0xc4, 0x3,
    0xff, 0x8c, 0x2f, 0xcc, 0x1, 0xff, 0xc4, 0x2c,
    0x90, 0xf, 0xfe, 0x64, 0xe1, 0x0, 0x7f, 0xf0,
    0x88, 0x40, 0x3f, 0xf9, 0xc2, 0x40, 0x1f, 0xfc,
    0x3f, 0x0, 0xf8, 0x9a, 0xb3, 0xbf, 0xdd, 0x94,
    0xc4, 0x1, 0xf7, 0x80, 0x7f, 0xf1, 0xa, 0x80,
    0x32, 0xe6, 0xca, 0x98, 0x80, 0x4, 0xd6, 0x77,
    0x14, 0x3, 0x51, 0x0, 0x7f, 0xf1, 0x55, 0x81,
    0x36, 0x8c, 0x3, 0xff, 0x80, 0x75, 0xa6, 0xc,
    0xa0, 0x1f, 0xfc, 0x79, 0xab, 0x20, 0xf, 0xfe,
    0x21, 0x65, 0x48, 0x7, 0xff, 0x25, 0x40, 0x3f,
    0xf9, 0xa, 0x1, 0xff, 0xfc, 0x17, 0xbe, 0xff,
    0x75, 0xb8, 0x80, 0x7f, 0xf5, 0x6, 0xba, 0x10,
    0x40, 0x2, 0x91, 0xd4, 0x20, 0x1f, 0xfd, 0x2f,
    0x50, 0xf, 0xf2, 0xf8, 0x7, 0xff, 0x4a, 0x0,
    0x3f, 0xf8, 0x10, 0x1, 0xff, 0xd2, 0x65, 0x0,
    0xff, 0x2b, 0x0, 0x7f, 0xf4, 0xe8, 0x80, 0x3f,
    0x15, 0x0, 0x7f, 0xf5, 0x7c, 0x3, 0xf7, 0x80,
    0x7f, 0xf5, 0x8a, 0x40, 0x3d, 0x24, 0x1, 0xff,
    0xd7, 0x65, 0x0, 0xca, 0xc0, 0x1f, 0xfd, 0x9a,
    0x20, 0x1, 0x50, 0x7, 0xff, 0x6f, 0xc0, 0x1e,
    0x1, 0xff, 0xdc, 0x29, 0x91, 0x0, 0x7f, 0xf2,
    0x0,

    /* U+F05AA "󰖪" */
    0x0, 0xd, 0x90, 0x7, 0xf8, 0x9a, 0x2b, 0x3b,
    0x9f, 0xee, 0xe6, 0xdc, 0xb1, 0x80, 0x7f, 0xf0,
    0xc7, 0x13, 0x8, 0x3, 0x85, 0xaf, 0xb6, 0x5d,
    0x4c, 0x44, 0x0, 0x11, 0x12, 0x34, 0xe7, 0xdb,
    0x8, 0x7, 0xfd, 0xa4, 0x3, 0x84, 0x1, 0xb6,
    0x50, 0x40, 0x3f, 0xf8, 0xa9, 0x3d, 0x6a, 0x1,
    0xfd, 0xc2, 0x0, 0x1c, 0x20, 0xb, 0xc, 0x3,
    0xff, 0x94, 0x95, 0xce, 0x1, 0xf1, 0x61, 0x0,
    0x7, 0x8, 0x2, 0xc3, 0x0, 0xff, 0xe5, 0x8c,
    0x73, 0x0, 0x78, 0xa0, 0x2, 0x1c, 0x20, 0xb,
    0xc, 0x3, 0xff, 0x98, 0x33, 0xa6, 0x1, 0xa2,
    0x80, 0x30, 0xe1, 0x0, 0x58, 0x86, 0xd3, 0x9b,
    0xdf, 0xf7, 0x65, 0x3a, 0x8, 0x7, 0xf8, 0xb2,
    0x0, 0x8, 0xe0, 0x1e, 0x1c, 0x20, 0xa, 0xf2,
    0x58, 0xc8, 0x40, 0x21, 0x35, 0x8b, 0xec, 0x71,
    0x0, 0xfe, 0x74, 0x4, 0x60, 0xf, 0x87, 0x8,
    0x3, 0xff, 0x8c, 0x71, 0xd6, 0x80, 0x1f, 0x32,
    0x0, 0x24, 0x80, 0x3e, 0x1c, 0x20, 0xf, 0xfe,
    0x42, 0x5e, 0x20, 0x6, 0x29, 0x0, 0xde, 0x0,
    0x1a, 0xd1, 0x0, 0xe, 0x10, 0x7, 0xff, 0x24,
    0xee, 0x84, 0x1, 0xe0, 0x1c, 0x54, 0xbe, 0xa5,
    0x82, 0x0, 0x1c, 0x20, 0xf, 0xfe, 0x52, 0xfa,
    0xd1, 0x0, 0x79, 0x68, 0x40, 0x5, 0x82, 0x0,
    0x1c, 0x20, 0xd, 0x7f, 0xee, 0xdb, 0x85, 0x10,
    0xf, 0xe1, 0xa5, 0x0, 0xff, 0xe0, 0x96, 0x8,
    0x0, 0x70, 0x80, 0x2b, 0x30, 0x12, 0x47, 0xae,
    0xc6, 0x0, 0xff, 0xe6, 0x1a, 0x0, 0x43, 0x84,
    0x1, 0x61, 0x80, 0x78, 0xe7, 0xa0, 0x40, 0x3f,
    0xf9, 0xf, 0xca, 0x1, 0x87, 0x8, 0x2, 0xc3,
    0x0, 0xf8, 0x5f, 0x98, 0x3, 0xff, 0x8a, 0x5b,
    0x0, 0x1f, 0xe, 0x10, 0x5, 0x86, 0x1, 0xfd,
    0x38, 0x40, 0x1f, 0xfc, 0x32, 0x0, 0xff, 0xe,
    0x10, 0x5, 0x86, 0x1, 0xfc, 0x24, 0x1, 0xff,
    0xc4, 0xf0, 0xf, 0xf0, 0xe1, 0x0, 0x58, 0xc4,
    0x1, 0xf7, 0x80, 0x7f, 0xf1, 0x4a, 0x80, 0x32,
    0x5e, 0x88, 0x0, 0x70, 0x80, 0x29, 0xdc, 0x50,
    0xd, 0x44, 0x1, 0xff, 0xc6, 0x56, 0x3, 0xcb,
    0x42, 0xc1, 0x0, 0xe, 0x10, 0x6, 0x3a, 0xd4,
    0x6, 0x50, 0xf, 0xfe, 0x44, 0xd6, 0x18, 0x4,
    0x58, 0x20, 0x1, 0xc2, 0x0, 0xe2, 0xba, 0x90,
    0xf, 0xfe, 0x52, 0x80, 0x78, 0xb0, 0x80, 0x3,
    0x84, 0x1, 0xe5, 0x0, 0xff, 0xe9, 0x96, 0x10,
    0x0, 0x70, 0x80, 0x3f, 0xfa, 0xe2, 0xf7, 0x84,
    0x1, 0xe, 0x10, 0x7, 0xff, 0x50, 0x67, 0xa1,
    0x8, 0x3, 0x87, 0x8, 0x3, 0xff, 0xa7, 0xec,
    0x1, 0xfe, 0x1c, 0x20, 0xf, 0xfe, 0x94, 0x0,
    0x7f, 0xf0, 0x7, 0x8, 0x3, 0xff, 0xa2, 0xca,
    0x1, 0xff, 0xc0, 0x1c, 0x20, 0xf, 0xfe, 0x8d,
    0x10, 0x7, 0xe2, 0x10, 0x0, 0xe1, 0x0, 0x7f,
    0xf4, 0x7c, 0x3, 0xf7, 0xe0, 0x80, 0x7, 0x8,
    0x3, 0xff, 0xa0, 0x52, 0x1, 0xea, 0x22, 0x60,
    0x80, 0x7, 0x8, 0x3, 0xff, 0xa0, 0xca, 0x1,
    0x99, 0x40, 0x5, 0x82, 0x0, 0x1c, 0x10, 0xf,
    0xfe, 0x85, 0x10, 0x0, 0xa4, 0x3, 0x16, 0x8,
    0x0, 0x68, 0x3, 0xff, 0xa3, 0xe0, 0xf, 0x0,
    0xf1, 0x60, 0x81, 0x50, 0x7, 0xff, 0x44, 0xa6,
    0x88, 0x3, 0xe2, 0xc4, 0xc1, 0x0, 0xfc,

    /* U+F05CA "󰗊" */
    0x0, 0xff, 0xe1, 0xff, 0xe0, 0xf, 0xff, 0xf8,
    0x7, 0xff, 0xfc, 0x3, 0xff, 0x89, 0xff, 0xff,
    0xc2, 0x0, 0xdf, 0xff, 0xfc, 0x20, 0xf, 0xff,
    0xf8, 0x7, 0xff, 0xfc, 0x1, 0xff, 0xff, 0xca,
    0x20, 0x0, 0xff, 0xf8, 0x3, 0xff, 0xae, 0x64,
    0x0, 0x70, 0xf, 0xfe, 0xec, 0x80, 0x54, 0x1,
    0xff, 0xdc, 0x25, 0x0, 0x11, 0x80, 0x7f, 0xf3,
    0xd7, 0xfe, 0xa0, 0xf, 0xd0, 0x1, 0x40, 0x7,
    0xff, 0x41, 0x48, 0x0, 0xa8, 0x1, 0xe3, 0x50,
    0x1, 0x28, 0x7, 0xff, 0x46, 0xc0, 0x29, 0x0,
    0xf7, 0x0, 0x50, 0x1, 0xff, 0xd2, 0x63, 0x0,
    0x13, 0x80, 0x68, 0x20, 0x1, 0xa8, 0x7, 0xff,
    0x4f, 0xc0, 0x28, 0x40, 0x1, 0xb8, 0x5, 0xc0,
    0x1f, 0x1f, 0xfe, 0x30, 0xf, 0xfe, 0x39, 0xc0,
    0x5, 0x44, 0x3a, 0x1, 0x41, 0x0, 0x7d, 0x40,
    0x1a, 0x80, 0x3f, 0xf9, 0xe, 0x60, 0x1, 0xed,
    0x10, 0x1, 0xb8, 0x7, 0xe7, 0x0, 0xcc, 0x1,
    0xff, 0xc9, 0xd1, 0x0, 0x19, 0x80, 0x3, 0xa0,
    0x1f, 0x94, 0x40, 0x39, 0x40, 0x3f, 0xf9, 0x3,
    0xa0, 0x1e, 0xd1, 0x0, 0xfd, 0xc0, 0x1e, 0xe0,
    0xf, 0xfe, 0x48, 0x88, 0x3, 0x8, 0x80, 0x3f,
    0xa, 0x0, 0x4, 0x40, 0x4, 0x10, 0xf, 0xfe,
    0x39, 0x60, 0x80, 0x61, 0xc2, 0x0, 0xf9, 0x80,
    0x26, 0x70, 0x9, 0x80, 0x3f, 0xf8, 0xc5, 0x82,
    0x1, 0xe1, 0xc2, 0x0, 0xf5, 0x0, 0x55, 0x40,
    0xa, 0x80, 0x3f, 0xf8, 0xa5, 0x82, 0x1, 0x3b,
    0x80, 0x21, 0xc3, 0x0, 0xc6, 0x40, 0x3, 0x23,
    0x20, 0x1, 0x18, 0x7, 0xff, 0xc, 0xb0, 0x40,
    0x27, 0x88, 0x38, 0x4, 0x38, 0x60, 0x15, 0x0,
    0x54, 0x0, 0xa0, 0xa, 0x80, 0x3f, 0xf8, 0x45,
    0x82, 0x1, 0x3c, 0x0, 0x21, 0xc0, 0x35, 0x0,
    0x4e, 0x1, 0x38, 0x1, 0x80, 0x26, 0x0, 0xff,
    0xe0, 0x9e, 0x8, 0x5, 0x10, 0x0, 0xd0, 0xe0,
    0x15, 0x0, 0x14, 0x40, 0x8, 0x20, 0x1, 0x40,
    0x9, 0x40, 0x3f, 0xe3, 0xd1, 0x0, 0xa1, 0xc0,
    0x3d, 0xe, 0x4, 0x60, 0xe, 0x0, 0xb8, 0x3,
    0x70, 0x5, 0xc0, 0x1f, 0xe3, 0xc1, 0x0, 0xa1,
    0xc0, 0x3f, 0x43, 0xd0, 0x0, 0x50, 0x2, 0x50,
    0xc, 0xa2, 0x0, 0x41, 0x0, 0xfc, 0x78, 0x1,
    0xa1, 0xc0, 0x3f, 0xd0, 0xe0, 0x6, 0x0, 0xdf,
    0xfe, 0x10, 0x9, 0x80, 0x3f, 0x20, 0x6, 0x87,
    0x0, 0xff, 0xe1, 0xd0, 0x7, 0xff, 0xa, 0x80,
    0x3f, 0x3c, 0x0, 0x21, 0xc0, 0x3f, 0xf8, 0x66,
    0x40, 0x1f, 0xfc, 0x22, 0x30, 0xf, 0xcf, 0x10,
    0x70, 0xf, 0xfe, 0x25, 0x0, 0x7f, 0xf1, 0x28,
    0x3, 0xf9, 0xdc, 0x1, 0xff, 0xc5, 0x70, 0xb,
    0xbf, 0xff, 0x70, 0x4, 0xc0, 0x1f, 0xfc, 0xf5,
    0x10, 0x2, 0x8, 0x7, 0xe1, 0x50, 0x9, 0x40,
    0x3f, 0xf9, 0xdc, 0x1, 0x70, 0x7, 0xfb, 0x80,
    0x2e, 0x0, 0xff, 0xe6, 0x8a, 0x0, 0x5, 0x40,
    0x3f, 0xc8, 0x20, 0x4, 0x10, 0xf, 0xfe, 0x63,
    0x0, 0x4e, 0x1, 0xff, 0xc0, 0x60, 0x9, 0x80,
    0x3f, 0xf9, 0x96, 0x1, 0x50, 0x7, 0xff, 0x2,
    0x80, 0x2a, 0x0,

    /* U+F05D8 "󰗘" */
    0x1, 0xae, 0xff, 0xff, 0xe4, 0x0, 0x7f, 0xf1,
    0x7, 0xd4, 0x40, 0x3f, 0xfb, 0x16, 0x20, 0x1f,
    0xfd, 0xa4, 0x0, 0xff, 0xed, 0x88, 0x5, 0xff,
    0xff, 0xc8, 0x0, 0xff, 0xff, 0x80, 0x7f, 0xfe,
    0x8a, 0xbf, 0xff, 0xf9, 0x20, 0x1f, 0xfc, 0x42,
    0xc5, 0x0, 0xff, 0xec, 0xc8, 0x80, 0x7f, 0xf6,
    0x90, 0x3, 0xff, 0xbf, 0xff, 0xff, 0xc8, 0x0,
    0xff, 0xff, 0x80, 0x7f, 0xfe, 0x8e, 0xff, 0xff,
    0xf8, 0xd6, 0x40, 0x1f, 0xfc, 0x53, 0xc4, 0x0,
    0xff, 0xe3, 0x26, 0x10, 0x7, 0xff, 0x12, 0x0,
    0x3f, 0xf9, 0x23, 0x0, 0x1f, 0xfc, 0x44, 0x0,
    0xff, 0xe5, 0x20, 0x7, 0xff, 0x6c, 0x40, 0x3f,
    0xff, 0xe0, 0x1f, 0xfe, 0x1f, 0xfc, 0x1, 0xff,
    0xff, 0x0, 0xff, 0xff, 0x80, 0x7f, 0xff, 0xc0,
    0x3f, 0xff, 0xe0, 0x1f, 0xfc, 0xcf, 0xfc, 0x1,
    0xff, 0xff, 0x0, 0xff, 0xff, 0x80, 0x7f, 0xf6,
    0x44, 0x3, 0xff, 0x88, 0x80, 0x1f, 0xfc, 0xa4,
    0x0, 0xff, 0xe2, 0x48, 0x80, 0x7f, 0xf2, 0x6,
    0xc0, 0x3f, 0xf8, 0x85, 0x8a, 0x20, 0x1f, 0xfc,
    0x41, 0x5f, 0x10,

    /* U+F05DA "󰗚" */
    0x0, 0xff, 0xec, 0x40, 0x7, 0xff, 0x82, 0x9c,
    0x3, 0xff, 0xbf, 0x6a, 0x1, 0xff, 0xde, 0x1c,
    0x40, 0xf, 0xfe, 0xf0, 0xe1, 0x80, 0x7f, 0xf7,
    0x8b, 0xc8, 0x3, 0xff, 0x8c, 0x4b, 0x17, 0xbd,
    0xcf, 0xed, 0xb8, 0x51, 0x0, 0xff, 0x1e, 0x8,
    0x7, 0xff, 0x15, 0xb7, 0x54, 0xe8, 0x42, 0x20,
    0x12, 0x47, 0xae, 0xc6, 0x0, 0xf9, 0x30, 0x40,
    0x3f, 0xda, 0xc0, 0x19, 0x7a, 0x48, 0x3, 0xff,
    0x84, 0x73, 0xc8, 0x1, 0x9a, 0xc0, 0x3f, 0xf8,
    0x5, 0x3c, 0x80, 0xa, 0x10, 0xf, 0xfe, 0x30,
    0xd8, 0x6, 0x90, 0xf, 0xfe, 0x18, 0xd8, 0x7,
    0xff, 0xfc, 0x3, 0xff, 0xfe, 0x1, 0xff, 0xff,
    0x0, 0xff, 0xff, 0x80, 0x7f, 0xff, 0xc0, 0x3f,
    0xff, 0xe0, 0x1f, 0xff, 0xf0, 0xf, 0xff, 0xa4,
    0x80, 0x7f, 0xf8, 0x2d, 0x80, 0x3f, 0xfb, 0xc3,
    0x88, 0x1, 0xff, 0xde, 0x1c, 0x30, 0xf, 0xfe,
    0xf1, 0x79, 0x0, 0x7f, 0xf7, 0x8f, 0x4, 0x3,
    0xff, 0xbc, 0x98, 0x20, 0x1f, 0xfd, 0xe5, 0xb0,
    0xf, 0xfe, 0xfb, 0xd0, 0x7, 0xff, 0x82, 0x0,
    0x3f, 0xff, 0xe0, 0x1f, 0xfc, 0x52, 0x69, 0xcd,
    0xee, 0x6e, 0x5c, 0x29, 0x0, 0x7f, 0xf4, 0x8e,
    0x7b, 0x65, 0x8c, 0x84, 0x44, 0x68, 0xf5, 0xa0,
    0x1f, 0xfd, 0x4, 0xcc, 0x30, 0x80, 0x7f, 0xf7,
    0x6c, 0xc0, 0x3f, 0xf9, 0xe6, 0xf5, 0xbd, 0xff,
    0x76, 0x42, 0x88, 0x7, 0xf1, 0xb5, 0x6f, 0x7f,
    0xdd, 0x92, 0xc2, 0x1, 0xe1, 0x3, 0xae, 0xc8,
    0x52, 0x10, 0x8, 0x4d, 0xeb, 0xb1, 0x80, 0x31,
    0xcf, 0x64, 0xa9, 0x8, 0x4, 0x26, 0xd3, 0xd8,
    0xa0, 0x20, 0xc, 0xdc, 0x51, 0x0, 0xff, 0xe0,
    0x9c, 0xf2, 0xa6, 0xe3, 0x8, 0x7, 0xff, 0x4,
    0xeb, 0xbc, 0x0,

    /* U+F05E1 "󰗡" */
    0x0, 0xff, 0xe1, 0x1b, 0xd6, 0x6f, 0x73, 0x72,
    0x9c, 0xc0, 0x3f, 0xf9, 0xa3, 0x1b, 0x90, 0xa6,
    0x42, 0x22, 0x35, 0x8c, 0xd8, 0x10, 0xf, 0xfe,
    0x40, 0xc7, 0x39, 0x0, 0x7f, 0xf0, 0x9, 0xfa,
    0x4, 0x3, 0xff, 0x8a, 0xbe, 0xe0, 0x1f, 0xfc,
    0x67, 0xf4, 0x0, 0xff, 0xe1, 0xcd, 0x8, 0x7,
    0x2c, 0xef, 0x7f, 0xbb, 0x65, 0x40, 0x38, 0x6e,
    0x40, 0x3f, 0xf8, 0x36, 0xc0, 0x18, 0xab, 0xe9,
    0x88, 0x40, 0x2, 0x4d, 0x5f, 0x44, 0x1, 0x9a,
    0xc0, 0x3f, 0xeb, 0x40, 0xd, 0x1a, 0xa0, 0x1f,
    0xfc, 0x5, 0xd8, 0x0, 0xc9, 0x60, 0x1f, 0xd2,
    0x80, 0x11, 0x6b, 0x80, 0x7f, 0xf1, 0x1f, 0x48,
    0x2, 0x49, 0x0, 0xf9, 0x58, 0x2, 0x3c, 0x20,
    0xf, 0xfe, 0x31, 0x61, 0x80, 0x4c, 0x80, 0x1c,
    0x36, 0x1, 0x16, 0x88, 0x7, 0xff, 0x20, 0x74,
    0x80, 0x2a, 0x10, 0xd, 0x22, 0x1, 0x78, 0x80,
    0x7f, 0xf2, 0x87, 0xc0, 0x21, 0x90, 0x8, 0x5c,
    0x2, 0x82, 0x0, 0xff, 0xe4, 0x1b, 0x80, 0xa,
    0x0, 0x27, 0x10, 0x4, 0x80, 0x44, 0xe0, 0x1f,
    0xfc, 0x83, 0xd8, 0x70, 0x3, 0x90, 0x5, 0x20,
    0x5, 0x0, 0xa0, 0x3, 0xff, 0x90, 0x7a, 0x21,
    0xe, 0x0, 0x80, 0x9, 0x40, 0xc8, 0x2, 0x50,
    0xf, 0xfe, 0x39, 0xe0, 0x80, 0x5e, 0x0, 0x50,
    0x8, 0x8d, 0x0, 0x26, 0x0, 0xff, 0xe3, 0x9e,
    0x0, 0x67, 0x80, 0x9, 0x40, 0x24, 0xd0, 0xb,
    0x0, 0x3f, 0xf8, 0xc7, 0x80, 0x19, 0xe0, 0x3,
    0x60, 0x5, 0xac, 0x1, 0x38, 0x7, 0xff, 0x14,
    0xf0, 0x3, 0x3c, 0x0, 0x72, 0x0, 0x4c, 0x40,
    0x11, 0x0, 0x7f, 0xf1, 0xf, 0x0, 0x33, 0xc0,
    0x7, 0x8c, 0x2, 0x11, 0x0, 0x7f, 0x39, 0x80,
    0x7e, 0x3c, 0x0, 0xcf, 0x0, 0x1f, 0x8, 0x4,
    0x60, 0x1f, 0xd1, 0xc, 0x30, 0xf, 0x1e, 0x0,
    0x67, 0x80, 0xf, 0xfe, 0x8, 0x80, 0x7d, 0xe,
    0x0, 0xc3, 0x0, 0xc7, 0x80, 0x19, 0xe0, 0x3,
    0xf8, 0x40, 0x23, 0x20, 0x8, 0x80, 0x2f, 0x0,
    0xd8, 0x60, 0x3, 0xc0, 0xc, 0xf0, 0x1, 0xfe,
    0x30, 0x8, 0x58, 0x2, 0x70, 0x9, 0xe0, 0x3,
    0x61, 0xa6, 0x0, 0x67, 0x80, 0xf, 0xf9, 0x0,
    0x26, 0xd0, 0xb, 0x0, 0x33, 0xb8, 0x3, 0x65,
    0x80, 0x67, 0x80, 0xf, 0xfe, 0x6, 0x0, 0x5a,
    0x80, 0x13, 0x80, 0x74, 0x38, 0x7, 0xe7, 0x80,
    0xf, 0xfe, 0xa, 0x80, 0x48, 0x64, 0x0, 0x15,
    0x0, 0xe8, 0x70, 0xf, 0x3c, 0x0, 0x7f, 0xf0,
    0x54, 0x2, 0x23, 0x5, 0x0, 0xa0, 0x3, 0xd0,
    0xe0, 0x19, 0xe0, 0x3, 0xff, 0x85, 0x0, 0x12,
    0x80, 0x24, 0x2, 0x27, 0x0, 0xf4, 0x38, 0x1,
    0xe0, 0x3, 0xff, 0x84, 0xe4, 0x1, 0x48, 0x0,
    0x5c, 0x2, 0x82, 0x0, 0xf4, 0x3b, 0xa0, 0x3,
    0xff, 0x84, 0x50, 0x1, 0x38, 0x80, 0x52, 0x20,
    0x17, 0x88, 0x7, 0xa2, 0x0, 0x1f, 0xfc, 0x21,
    0xf0, 0x8, 0x64, 0x3, 0xd, 0x80, 0x45, 0xa2,
    0x1, 0xff, 0xc8, 0x1d, 0x20, 0xa, 0xc4, 0x3,
    0x95, 0x80, 0x23, 0xc2, 0x0, 0xff, 0xe3, 0x16,
    0x18, 0x4, 0xca, 0x1, 0xf4, 0xa0, 0x4, 0x5a,
    0xe0, 0x1f, 0xfc, 0x47, 0xd2, 0x0, 0x92, 0x40,
    0x3f, 0xad, 0x0, 0x34, 0x6a, 0x80, 0x7f, 0xf0,
    0x17, 0x60, 0x3, 0x25, 0x80, 0x7f, 0xd6, 0xc0,
    0x18, 0xab, 0xa5, 0x48, 0x3, 0x12, 0xcf, 0xd1,
    0x0, 0x66, 0xb0, 0xf, 0xfe, 0xc, 0xd0, 0x80,
    0x61, 0x6a, 0xdf, 0xfd, 0xb4, 0xc0, 0x1c, 0x35,
    0x20, 0x1f, 0xfc, 0x35, 0xf7, 0x0, 0xff, 0xe3,
    0x3f, 0xa8, 0x7, 0xff, 0x14, 0x63, 0x9c, 0x80,
    0x3f, 0xf8, 0x4, 0xfd, 0x2, 0x1, 0xff, 0xc8,
    0x18, 0xdc, 0x85, 0x31, 0x0, 0x9, 0xac, 0x66,
    0xc0, 0x80, 0x7f, 0xc0,

    /* U+F0625 "󰘥" */
    0x0, 0xff, 0xe1, 0x1b, 0xd6, 0x77, 0xfb, 0xb2,
    0x98, 0xc0, 0x3f, 0xf9, 0xa3, 0x1b, 0x90, 0xa6,
    0x20, 0x1, 0x35, 0x9c, 0xd8, 0x10, 0xf, 0xfe,
    0x40, 0xcf, 0x39, 0x0, 0x7f, 0xf0, 0x9, 0xfa,
    0x44, 0x3, 0xff, 0x8a, 0xbe, 0xc0, 0x1f, 0xfc,
    0x66, 0xf5, 0x0, 0xff, 0xe1, 0xcd, 0x8, 0x7,
    0x2c, 0xef, 0x7f, 0xbb, 0x65, 0x40, 0x38, 0x6a,
    0x40, 0x3f, 0xf8, 0x36, 0xc0, 0x18, 0xab, 0xe9,
    0x88, 0x40, 0x2, 0x4d, 0x5f, 0x44, 0x1, 0x9a,
    0xc0, 0x3f, 0xeb, 0x40, 0xd, 0x1a, 0xa0, 0x1f,
    0xfc, 0x5, 0xd8, 0x0, 0xc9, 0x60, 0x1f, 0xd2,
    0x80, 0x11, 0x6b, 0x80, 0x7f, 0xf1, 0x1f, 0x48,
    0x2, 0x49, 0x0, 0xf9, 0x58, 0x2, 0x3c, 0x20,
    0xe, 0x29, 0xdf, 0xf6, 0xc9, 0x0, 0x71, 0x61,
    0x80, 0x4c, 0xa0, 0x1c, 0x36, 0x1, 0x16, 0x88,
    0x7, 0x4e, 0xb1, 0x0, 0x9, 0xb6, 0x40, 0x38,
    0x74, 0x80, 0x2b, 0x10, 0xd, 0x2, 0x1, 0x78,
    0x80, 0x75, 0xb0, 0x7, 0xe6, 0xb0, 0xe, 0x1f,
    0x0, 0x86, 0x0, 0x21, 0x60, 0xa, 0x8, 0x3,
    0xa5, 0x0, 0x3f, 0xc9, 0x0, 0x1c, 0x50, 0x1,
    0x30, 0x80, 0x24, 0x2, 0x27, 0x0, 0xe2, 0x60,
    0x8, 0xab, 0xb9, 0x44, 0x1, 0x39, 0x0, 0x73,
    0x90, 0x5, 0x20, 0x5, 0x0, 0xa0, 0x3, 0xd4,
    0x1, 0x16, 0x28, 0x89, 0x70, 0x80, 0x2a, 0x0,
    0xf4, 0x0, 0x4a, 0x6, 0x40, 0x12, 0x80, 0x79,
    0x40, 0x29, 0x10, 0xc, 0x32, 0x1, 0x28, 0x7,
    0x94, 0x2, 0x23, 0x40, 0x9, 0x80, 0x3e, 0x30,
    0x9, 0x0, 0x3c, 0x80, 0x11, 0x80, 0x7c, 0xa0,
    0x12, 0xe8, 0x5, 0x80, 0x1f, 0x77, 0xfc, 0x1,
    0xff, 0xc7, 0xc0, 0xb, 0x18, 0x2, 0x70, 0xf,
    0xfe, 0x32, 0x80, 0x4a, 0x1, 0xf2, 0x0, 0x4c,
    0x40, 0x11, 0x0, 0x7f, 0xf1, 0x4e, 0xc0, 0x2f,
    0x0, 0xf8, 0xc0, 0x22, 0x10, 0xf, 0xfe, 0x42,
    0xe0, 0x80, 0x15, 0x0, 0x3e, 0x10, 0x8, 0x40,
    0x3f, 0xf9, 0x11, 0x40, 0x12, 0x50, 0x7, 0xff,
    0x4, 0x40, 0x3f, 0xf8, 0xce, 0xe0, 0x9, 0x6c,
    0x3, 0xf8, 0x40, 0x21, 0x20, 0x8, 0x80, 0x3f,
    0xf8, 0x25, 0x0, 0x13, 0x50, 0x7, 0xf8, 0xc0,
    0x22, 0x60, 0x9, 0xc0, 0x3f, 0xf8, 0x36, 0x1,
    0x1c, 0x80, 0x7f, 0xc8, 0x1, 0x36, 0x80, 0x58,
    0x1, 0xff, 0xc1, 0x40, 0xa, 0x0, 0x3f, 0xf8,
    0x18, 0x1, 0x6a, 0x0, 0x4e, 0x1, 0xff, 0xc1,
    0x20, 0x9, 0x0, 0x3f, 0xf8, 0xa, 0x1, 0x21,
    0x90, 0x0, 0x54, 0x3, 0xff, 0x81, 0xff, 0x80,
    0x3f, 0xf8, 0xa, 0x1, 0x11, 0x82, 0x80, 0x50,
    0x1, 0xff, 0xd0, 0x80, 0x9, 0x40, 0x12, 0x1,
    0x13, 0x80, 0x7f, 0xdf, 0xf8, 0x3, 0xfe, 0x72,
    0x0, 0xa4, 0x0, 0x2c, 0x1, 0x41, 0x0, 0x7f,
    0xf3, 0xa, 0x0, 0x26, 0x10, 0xa, 0x4, 0x2,
    0xf1, 0x0, 0xff, 0xe5, 0xf, 0x80, 0x43, 0x0,
    0x18, 0x6c, 0x2, 0x2d, 0x10, 0xf, 0xfe, 0x40,
    0xe9, 0x0, 0x56, 0x20, 0x1c, 0xac, 0x1, 0x1e,
    0x10, 0x7, 0xdf, 0xf8, 0x3, 0xe2, 0xc3, 0x0,
    0x99, 0x40, 0x3e, 0x94, 0x0, 0x8b, 0x5c, 0x3,
    0xff, 0x88, 0xfa, 0x40, 0x12, 0x48, 0x7, 0xf5,
    0xa0, 0x6, 0x8d, 0x50, 0xf, 0xfe, 0x2, 0xec,
    0x0, 0x64, 0xb0, 0xf, 0xfa, 0xd8, 0x3, 0x15,
    0x74, 0xa9, 0x0, 0x62, 0x59, 0xfa, 0x20, 0xc,
    0xd6, 0x1, 0xff, 0xc1, 0x9a, 0x10, 0xc, 0x2d,
    0x5b, 0xff, 0xb6, 0x98, 0x3, 0x86, 0xa4, 0x3,
    0xff, 0x86, 0xbe, 0xc0, 0x1f, 0xfc, 0x66, 0xf5,
    0x0, 0xff, 0xe2, 0x8c, 0xf3, 0x90, 0x7, 0xff,
    0x0, 0x9f, 0xa4, 0x40, 0x3f, 0xf9, 0x3, 0x1b,
    0x90, 0xa6, 0x20, 0x1, 0x35, 0x8c, 0xd8, 0x10,
    0xf, 0xf8,

    /* U+F062C "󰘬" */
    0x0, 0xcd, 0x9d, 0xcc, 0x60, 0xf, 0xfe, 0x70,
    0xe4, 0x98, 0x88, 0xe7, 0x4, 0x3, 0xff, 0x99,
    0x86, 0x1, 0xe3, 0xd0, 0xf, 0xfe, 0x5b, 0x90,
    0x7, 0xe3, 0x60, 0xf, 0xfe, 0x55, 0x0, 0x49,
    0xdc, 0x40, 0xa, 0x80, 0x3f, 0xe7, 0xdf, 0xf6,
    0xb8, 0x7, 0x10, 0x5, 0x42, 0x2a, 0x0, 0x88,
    0x3, 0xf8, 0x76, 0x8, 0x0, 0x51, 0xa2, 0x1,
    0xff, 0xcc, 0xd2, 0x0, 0xf1, 0x60, 0x4, 0x40,
    0x15, 0x88, 0xa8, 0x2, 0x20, 0xf, 0xcc, 0x60,
    0x1f, 0x89, 0xc0, 0x14, 0x1, 0x2f, 0x71, 0x0,
    0x2a, 0x0, 0xfd, 0x40, 0x12, 0x77, 0x14, 0x2,
    0xa0, 0x3, 0x98, 0x7, 0xe3, 0x60, 0xf, 0xc4,
    0x1, 0x50, 0x8a, 0xc0, 0x22, 0x0, 0xb4, 0xc0,
    0x3c, 0x7a, 0x1, 0xff, 0xcc, 0x1c, 0x90, 0xd,
    0x38, 0x20, 0x1f, 0xc4, 0x1, 0x50, 0x8a, 0x80,
    0x22, 0x0, 0xe6, 0x0, 0xcc, 0x1, 0xff, 0x50,
    0x4, 0x9d, 0xc4, 0x0, 0xa8, 0x3, 0xff, 0x94,
    0xc6, 0x1, 0xf8, 0x9c, 0x3, 0xff, 0x97, 0xa6,
    0x1, 0xe2, 0xf0, 0xf, 0xfe, 0x60, 0xe3, 0x0,
    0x43, 0x1a, 0x40, 0x1f, 0xfc, 0xe5, 0x0, 0x9d,
    0xc0, 0x1f, 0xfc, 0xf7, 0x30, 0xb, 0x0, 0x3f,
    0xf9, 0xf1, 0x0, 0x8, 0x54, 0x3, 0xff, 0x96,
    0x29, 0x1c, 0xe0, 0x1a, 0x40, 0x3f, 0xf8, 0xa2,
    0xd5, 0xbd, 0xfe, 0xeb, 0x71, 0x0, 0xc6, 0xe0,
    0x1f, 0xfc, 0x32, 0xae, 0x95, 0x21, 0x0, 0xfe,
    0x3d, 0x0, 0xff, 0xe2, 0x6a, 0x80, 0x7f, 0xf0,
    0x5b, 0x4, 0x3, 0xff, 0x9e, 0x27, 0x1b, 0x20,
    0x1f, 0xfc, 0xa2, 0x7a, 0xde, 0xff, 0x76, 0x39,
    0x0, 0x7f, 0xf2, 0x4e, 0xf6, 0x14, 0x84, 0x3,
    0xff, 0x9c, 0xb8, 0x80, 0x1f, 0xfd, 0x22, 0xa0,
    0xf, 0xfe, 0x7b, 0x0, 0x67, 0x0, 0xff, 0xe7,
    0xe, 0x48, 0x6, 0x5d, 0x10, 0xf, 0xfe, 0x66,
    0x98, 0x7, 0x8b, 0x40, 0x3f, 0xf9, 0x6e, 0x60,
    0x1f, 0x8d, 0x40, 0x3f, 0xf9, 0x54, 0x1, 0x2f,
    0x71, 0x0, 0x2e, 0x0, 0xff, 0xe5, 0x10, 0x5,
    0x62, 0x2a, 0x0, 0x94, 0x3, 0xff, 0xd8, 0x40,
    0x15, 0x8, 0xa8, 0x2, 0x20, 0xf, 0xfe, 0x55,
    0x0, 0x49, 0xdc, 0x40, 0xa, 0x80, 0x3f, 0xf9,
    0x4e, 0x40, 0x1f, 0x8d, 0x80, 0x3f, 0xf9, 0x78,
    0x60, 0x1e, 0x3d, 0x0, 0xff, 0xe6, 0xe, 0x49,
    0x88, 0x8e, 0x70, 0x40, 0x3f, 0xf9, 0x40,

    /* U+F062E "󰘮" */
    0x0, 0xff, 0xe6, 0x7f, 0xe0, 0xf, 0xff, 0xf8,
    0x7, 0xff, 0x77, 0xff, 0xff, 0x90, 0x1, 0xfb,
    0xff, 0xf0, 0x7, 0xff, 0xfc, 0x3, 0xff, 0xab,
    0xff, 0xff, 0xc8, 0x0, 0xfd, 0xff, 0xf8, 0x3,
    0xff, 0xfe, 0x1, 0xff, 0xdd, 0xff, 0xc0, 0x1f,
    0xfc, 0xf, 0xfc, 0x1, 0xff, 0xff, 0x0, 0xff,
    0xee, 0xff, 0xfe, 0x0, 0xfd, 0xff, 0xff, 0xc8,
    0x0, 0xff, 0xff, 0x80, 0x7f, 0xf5, 0x7f, 0xff,
    0x0, 0x7e, 0xff, 0xff, 0xe4, 0x0, 0x7f, 0xff,
    0xc0, 0x3f, 0xfb, 0xbf, 0xf8, 0x3, 0x7f, 0xe0,
    0xf, 0xff, 0xf8, 0x7, 0xff, 0x97, 0xff, 0xff,
    0x80, 0x1, 0xfb, 0xff, 0xff, 0x88, 0x1, 0xff,
    0xff, 0x0, 0xff, 0xea, 0xff, 0xff, 0xf0, 0x0,
    0x3f, 0x7f, 0xff, 0xf1, 0x0, 0x3f, 0xff, 0xe0,
    0x1f, 0xfd, 0x50,

    /* U+F0632 "󰘲" */
    0x0, 0xff, 0xe3, 0xbc, 0x0, 0x7f, 0xf6, 0x5e,
    0x1e, 0x0, 0x3f, 0xfa, 0xef, 0x0, 0x7, 0x80,
    0xf, 0xfe, 0xab, 0xc0, 0x6, 0x78, 0x0, 0xff,
    0xe9, 0xbc, 0x0, 0x79, 0xe0, 0x3, 0xff, 0xa2,
    0xf0, 0x1, 0x8, 0x80, 0x27, 0x80, 0xf, 0xfe,
    0x7b, 0xc0, 0x4, 0x3b, 0xa1, 0x0, 0x9e, 0x0,
    0x3f, 0xf9, 0xaf, 0x0, 0x10, 0xe9, 0x9b, 0x40,
    0x33, 0xc0, 0x7, 0xff, 0x2d, 0xe0, 0x3, 0x69,
    0x80, 0xf, 0x0, 0x33, 0xc0, 0x7, 0xff, 0x25,
    0xe0, 0x3, 0x61, 0x80, 0x63, 0xc0, 0xc, 0xf0,
    0x1, 0xff, 0xc7, 0x78, 0x0, 0xd8, 0x60, 0x1e,
    0x3c, 0x0, 0xcf, 0x0, 0x1f, 0xfc, 0x57, 0x80,
    0xd, 0x86, 0x1, 0xf8, 0xf0, 0x3, 0x3c, 0x0,
    0x7f, 0xf0, 0xde, 0x0, 0x36, 0x18, 0x7, 0xf8,
    0xf0, 0x3, 0x3c, 0x0, 0x7f, 0xf0, 0x5e, 0x0,
    0x36, 0x18, 0x7, 0xff, 0x0, 0xf0, 0x3, 0x3c,
    0x0, 0x7f, 0xcf, 0x0, 0x1b, 0xc, 0x3, 0xff,
    0x84, 0x78, 0x1, 0x9e, 0x0, 0x3f, 0x9e, 0x0,
    0x35, 0x98, 0x7, 0xff, 0x10, 0xec, 0x3, 0x3c,
    0x0, 0x7c, 0xf0, 0x1, 0xd7, 0xff, 0x0, 0x7f,
    0xf0, 0x3f, 0xeb, 0x0, 0xe7, 0x80, 0xe, 0x78,
    0x0, 0xff, 0xea, 0x3c, 0x0, 0x4f, 0x0, 0x1f,
    0xfd, 0x67, 0x80, 0x78, 0x0, 0xff, 0xec, 0x3b,
    0xdf, 0xff, 0xc0, 0x1f, 0xfc, 0x8f, 0xff, 0xe7,
    0x0, 0xff, 0xff, 0x80, 0x7f, 0xff, 0xc0, 0x3f,
    0xff, 0xe0, 0x1f, 0xff, 0x9f, 0xff, 0xfe, 0x0,
    0x7, 0xff, 0xfc, 0x3, 0xff, 0xf3, 0xff, 0xff,
    0xc8, 0x0, 0xff, 0xff, 0x80, 0x7f, 0xfd, 0x7f,
    0xff, 0xf9, 0x0, 0x1f, 0xff, 0xf0, 0xf, 0xff,
    0xcf, 0xff, 0xff, 0x0, 0x3, 0xff, 0xfe, 0x1,
    0xff, 0xfd, 0xff, 0xff, 0xe0, 0x0, 0x7f, 0xff,
    0xc0, 0x3f, 0xfd, 0xe0,

    /* U+F0636 "󰘶" */
    0x0, 0xff, 0xf7, 0xc4, 0x0, 0x3f, 0xfb, 0x30,
    0xee, 0x80, 0xf, 0xfe, 0xbc, 0x38, 0x1, 0xe0,
    0x3, 0xff, 0xab, 0xe, 0x1, 0x9e, 0x0, 0x3f,
    0xfa, 0x70, 0xe0, 0x1e, 0x78, 0x0, 0xff, 0xe8,
    0xc3, 0x80, 0x7e, 0x78, 0x0, 0xff, 0xe7, 0xc3,
    0x80, 0x6c, 0xc0, 0x6, 0x77, 0x0, 0x7f, 0xf3,
    0x5d, 0xc0, 0x1b, 0xc, 0xd8, 0x1, 0xa1, 0xc0,
    0x3f, 0xf9, 0x6f, 0x0, 0x1b, 0xc, 0x0, 0x78,
    0x1, 0xa1, 0xc0, 0x3f, 0xf9, 0x2f, 0x0, 0x1b,
    0xc, 0x3, 0x1e, 0x0, 0x68, 0x70, 0xf, 0xfe,
    0x3b, 0xc0, 0x6, 0xc3, 0x0, 0xf1, 0xe0, 0x6,
    0x87, 0x0, 0xff, 0xe2, 0xbc, 0x0, 0x6c, 0x30,
    0xf, 0xc7, 0x80, 0x1a, 0x1c, 0x3, 0xff, 0x86,
    0xf0, 0x1, 0xb0, 0xc0, 0x3f, 0xc7, 0x80, 0x1a,
    0x1c, 0x3, 0xff, 0x82, 0xf0, 0x1, 0xb0, 0xc0,
    0x3f, 0xf8, 0x7, 0x80, 0x1a, 0x1c, 0x3, 0xfe,
    0x78, 0x0, 0xd8, 0x60, 0x1f, 0xfc, 0x23, 0xc0,
    0xd, 0xe, 0x1, 0xfc, 0xf0, 0x1, 0xb0, 0xc0,
    0x3f, 0xf8, 0x87, 0x80, 0x1a, 0x1c, 0x3, 0xe7,
    0x80, 0xe, 0xcf, 0xf8, 0x3, 0xff, 0x81, 0xff,
    0x60, 0x7, 0x43, 0x80, 0x73, 0xc0, 0x7, 0xff,
    0x52, 0x1c, 0x2, 0x78, 0x0, 0xff, 0xeb, 0x43,
    0x83, 0xc0, 0x7, 0xff, 0x62, 0x1d, 0xdf, 0xff,
    0xc0, 0x1f, 0xfc, 0x8f, 0xff, 0xe7, 0x0, 0xff,
    0xff, 0x80, 0x7f, 0xff, 0xc0, 0x3f, 0xff, 0xe0,
    0x1f, 0xff, 0x9f, 0xff, 0xfe, 0x0, 0x7, 0xff,
    0xfc, 0x3, 0xff, 0xf3, 0xff, 0xff, 0xc8, 0x0,
    0xff, 0x0,

    /* U+F06A5 "󰚥" */
    0x0, 0xdf, 0xf8, 0x3, 0xf7, 0xfe, 0x0, 0xff,
    0xff, 0x80, 0x7f, 0xff, 0xc0, 0x3f, 0xf9, 0x63,
    0x5e, 0x1, 0xbf, 0xff, 0x0, 0x6f, 0xa1, 0x1,
    0xc5, 0x0, 0xff, 0xe3, 0x2e, 0xd, 0x90, 0x7,
    0xff, 0x20, 0xa1, 0x40, 0x3f, 0xf9, 0x4e, 0x1,
    0xff, 0xcb, 0x10, 0xf, 0xff, 0xf8, 0x7, 0xff,
    0xfc, 0x3, 0xff, 0xfe, 0x1, 0xff, 0xc3, 0x80,
    0xf, 0xfe, 0x54, 0x3c, 0x0, 0x7f, 0xf2, 0x21,
    0xc1, 0xe0, 0x3, 0xff, 0x8d, 0xe, 0x1, 0x3c,
    0x0, 0x7f, 0xf1, 0x21, 0xc0, 0x39, 0xe0, 0x3,
    0xff, 0x85, 0xe, 0x1, 0xf3, 0xc0, 0x7, 0xff,
    0x2, 0x1c, 0x3, 0xf9, 0xe0, 0x3, 0xfd, 0xe,
    0x1, 0xff, 0x38, 0x7, 0xf9, 0xc0, 0x3f, 0xff,
    0xe0, 0x1f, 0xfe, 0x70,

    /* U+F06A6 "󰚦" */
    0x0, 0x18, 0x7, 0xff, 0x75, 0x33, 0x0, 0x1f,
    0xfd, 0xb4, 0xb0, 0x3c, 0x0, 0xff, 0xef, 0x1e,
    0x0, 0x7e, 0xff, 0xc0, 0x1f, 0xbf, 0xf0, 0x7,
    0xff, 0x5, 0x2c, 0x2, 0x3c, 0x0, 0xff, 0xec,
    0xa5, 0x80, 0x47, 0x80, 0x1f, 0xfd, 0x94, 0xb0,
    0x8, 0xf0, 0x3, 0x84, 0x3, 0xff, 0xa6, 0x94,
    0x1, 0x1e, 0x0, 0x6c, 0x10, 0xf, 0xfe, 0x9a,
    0xd0, 0x4, 0x78, 0x1, 0x16, 0x8, 0x7, 0xff,
    0x4d, 0x68, 0x2, 0x3c, 0x0, 0x8b, 0x4, 0x3,
    0xff, 0xa6, 0xb4, 0x1, 0x1e, 0x0, 0x45, 0x80,
    0x1f, 0xfd, 0x45, 0xa0, 0x8, 0xf0, 0x2, 0x22,
    0x77, 0xff, 0x80, 0x37, 0xd0, 0x80, 0x7f, 0xf1,
    0x96, 0x80, 0x23, 0xc0, 0x8, 0xb0, 0x40, 0x3f,
    0xcb, 0x82, 0x1, 0xff, 0xc6, 0x55, 0x0, 0x47,
    0x80, 0x11, 0x60, 0x80, 0x7f, 0x8a, 0x0, 0x3f,
    0xf8, 0xe8, 0x1, 0x8f, 0x0, 0x22, 0xc1, 0x0,
    0xff, 0x38, 0x7, 0xff, 0x1c, 0x40, 0x38, 0xf0,
    0x2, 0x2c, 0x10, 0xf, 0xe1, 0x0, 0xff, 0xe7,
    0x1e, 0x0, 0x45, 0x82, 0x1, 0xff, 0xd8, 0x3c,
    0x0, 0x8b, 0x4, 0x3, 0xff, 0xb0, 0x78, 0x1,
    0x16, 0x8, 0x7, 0xff, 0x60, 0xf0, 0x2, 0x2c,
    0x10, 0xf, 0xfe, 0xc1, 0xe0, 0x4, 0x58, 0x20,
    0x1f, 0xfd, 0x83, 0xc0, 0x8, 0xb0, 0x40, 0x3f,
    0xfb, 0x7, 0x80, 0x11, 0x60, 0x80, 0x7f, 0xf6,
    0xf, 0x0, 0x22, 0xc1, 0x0, 0xff, 0xec, 0x1e,
    0x0, 0x45, 0xa2, 0x1, 0xff, 0xd8, 0x3c, 0x0,
    0x8f, 0x44, 0x3, 0xff, 0x8f, 0x0, 0x1f, 0xfc,
    0x43, 0xc0, 0x8, 0xfc, 0x3, 0xff, 0x8e, 0xf0,
    0x1, 0xff, 0xc4, 0x3c, 0x0, 0x84, 0x3, 0xff,
    0x90, 0xf0, 0x1, 0xff, 0xc4, 0x3c, 0x0, 0xff,
    0xe6, 0x3c, 0x0, 0x7f, 0xf1, 0xf, 0x0, 0x3f,
    0xf9, 0x8f, 0x0, 0x1f, 0xfc, 0x43, 0xc0, 0xf,
    0xfe, 0x63, 0xc0, 0x7, 0xff, 0x1, 0x40, 0x23,
    0xc0, 0xf, 0xfe, 0x63, 0xc0, 0x7, 0xf9, 0xea,
    0xc0, 0x23, 0xc0, 0xf, 0xfe, 0x63, 0x80, 0x7f,
    0xa0, 0x12, 0xc0, 0x23, 0xc0, 0xf, 0xfe, 0xca,
    0x58, 0x4, 0x78, 0x1, 0xff, 0xd9, 0x4b, 0x0,
    0x8f, 0x0, 0x3f, 0xfb, 0x29, 0x60, 0x11, 0xe0,
    0x7, 0xff, 0x65, 0x2c, 0x2, 0x3c, 0x0, 0xff,
    0xec, 0xa5, 0x80, 0x47, 0x80, 0x1f, 0xfc, 0x7f,
    0xff, 0xf0, 0x7, 0xe4, 0xb0, 0x8, 0xf0, 0x3,
    0xff, 0xb2, 0x96, 0x1, 0x30, 0x7, 0xff, 0x69,
    0x2c, 0x16, 0x80, 0x3f, 0xfb, 0x69, 0x94, 0x0,

    /* U+F06A9 "󰚩" */
    0x0, 0xff, 0xe4, 0x15, 0x77, 0x28, 0x80, 0x3f,
    0xfb, 0x65, 0x8a, 0x22, 0x5c, 0x20, 0xf, 0xfe,
    0xd4, 0x88, 0x6, 0x19, 0x0, 0xff, 0xed, 0x20,
    0x7, 0x90, 0x3, 0xff, 0xfe, 0x1, 0xfc, 0x80,
    0x1e, 0x40, 0xf, 0xfe, 0xd4, 0x88, 0x6, 0x19,
    0x0, 0xff, 0xed, 0x16, 0x0, 0x6f, 0x20, 0xf,
    0xfe, 0xd9, 0x0, 0x61, 0x0, 0xff, 0xff, 0x80,
    0x72, 0x4e, 0x77, 0xfc, 0x1, 0xbf, 0xee, 0xc9,
    0x40, 0xf, 0xfe, 0x72, 0xed, 0xb1, 0x88, 0x7,
    0xf8, 0x4d, 0xaf, 0x54, 0x3, 0xff, 0x94, 0x59,
    0x44, 0x1, 0xff, 0xc6, 0x2a, 0xc2, 0x0, 0xff,
    0xe3, 0xa6, 0x98, 0x7, 0xff, 0x28, 0xf1, 0x0,
    0x3f, 0xf8, 0xa9, 0x60, 0x1f, 0xfc, 0xd1, 0xb4,
    0x0, 0xff, 0xe1, 0x95, 0x80, 0x7f, 0xf4, 0x2c,
    0x80, 0x3f, 0xf8, 0x5c, 0x1, 0xff, 0xd2, 0xe0,
    0xf, 0xfe, 0xb, 0x18, 0x7, 0xff, 0x48, 0xd4,
    0x3, 0xff, 0x81, 0x60, 0x1f, 0xfd, 0x48, 0x0,
    0xff, 0x8c, 0x80, 0x3f, 0xfa, 0x84, 0x60, 0x1f,
    0xeb, 0x0, 0xff, 0xeb, 0x58, 0x7, 0xf9, 0x0,
    0x3f, 0xfa, 0xc8, 0x1, 0xfe, 0x20, 0xe, 0x5c,
    0xff, 0x62, 0x80, 0x7f, 0xf0, 0x17, 0x3f, 0xd8,
    0xa0, 0x1c, 0x40, 0x1f, 0xe1, 0x0, 0xd1, 0x46,
    0x0, 0x3a, 0x80, 0xf, 0xf4, 0x51, 0x80, 0xe,
    0xa0, 0x3, 0x8, 0x7, 0x93, 0x7f, 0xc0, 0x19,
    0x1c, 0x3, 0xce, 0x80, 0x1f, 0x91, 0xc0, 0x3c,
    0xe8, 0x1, 0xbf, 0xda, 0x80, 0xa, 0x20, 0xf,
    0x78, 0x7, 0xef, 0x0, 0xfd, 0xe0, 0x1f, 0xbc,
    0x3, 0xc5, 0x40, 0x1, 0x0, 0xf9, 0x40, 0x3f,
    0x28, 0x7, 0xe5, 0x0, 0xfc, 0xa0, 0x1f, 0x8,
    0x7, 0xff, 0xb1, 0x40, 0x3f, 0x28, 0x7, 0xe5,
    0x0, 0xfc, 0xa0, 0x1f, 0xfc, 0x6f, 0x0, 0xfd,
    0xe0, 0x1f, 0xbc, 0x3, 0xf7, 0x80, 0x7f, 0xf1,
    0x91, 0xc0, 0x3c, 0xe8, 0x1, 0xf9, 0x1c, 0x3,
    0xce, 0x80, 0x1f, 0xfc, 0x78, 0xb3, 0x0, 0x1d,
    0xc0, 0x7, 0xfa, 0x2c, 0xc0, 0x7, 0x70, 0x1,
    0xff, 0x8, 0x7, 0xf2, 0x67, 0xfb, 0x10, 0x3,
    0xff, 0x80, 0x99, 0xfe, 0xc4, 0x0, 0xfe, 0x10,
    0x5, 0x10, 0x7, 0xff, 0x70, 0xa8, 0x0, 0x9b,
    0xfe, 0x0, 0xff, 0xec, 0x7f, 0xb5, 0x0, 0x3f,
    0xff, 0xe0, 0x1f, 0xfc, 0xb4, 0x0, 0xff, 0xeb,
    0x28, 0x7, 0xfa, 0x44, 0x3, 0xff, 0xa8, 0x30,
    0x1, 0xfe, 0x2c, 0x51, 0x0, 0xff, 0xe8, 0xa,
    0xe1, 0x0, 0x70,

    /* U+F06B0 "󰚰" */
    0x0, 0xff, 0xf4, 0x1b, 0x3c, 0x41, 0xd4, 0x80,
    0x3f, 0xf8, 0x2e, 0x1, 0xff, 0xc0, 0x5b, 0xfc,
    0x98, 0x77, 0x45, 0x6f, 0xd2, 0x0, 0x7f, 0x3c,
    0x0, 0x7f, 0x9f, 0xa9, 0x0, 0x3f, 0xcb, 0x7a,
    0xa0, 0x1e, 0x68, 0x0, 0xfe, 0x3d, 0x81, 0x0,
    0xff, 0xe1, 0x15, 0x59, 0x0, 0x4d, 0x20, 0x1f,
    0xcf, 0x84, 0x1, 0xc4, 0xb1, 0x30, 0xe8, 0x20,
    0x1c, 0x9a, 0x80, 0xb2, 0x1, 0xfd, 0x30, 0x1,
    0x86, 0x37, 0x54, 0xec, 0xf1, 0x7d, 0x8c, 0x1,
    0xd7, 0x34, 0x1, 0xfd, 0xc, 0x1, 0x9f, 0x9c,
    0x80, 0x3f, 0x1c, 0xf2, 0x80, 0x66, 0x0, 0xfe,
    0x67, 0x0, 0x86, 0xe0, 0x3, 0xff, 0x82, 0x35,
    0x20, 0x1f, 0xfc, 0x2, 0x90, 0x8, 0x71, 0x0,
    0x3f, 0xf8, 0x8d, 0x40, 0x1f, 0xf4, 0x80, 0x6d,
    0x20, 0xf, 0xfe, 0x28, 0xc0, 0x7, 0xf8, 0xd0,
    0x2, 0x93, 0x0, 0xfd, 0xff, 0x0, 0x78, 0x70,
    0x80, 0x3f, 0xd0, 0x1, 0x1b, 0x0, 0x7f, 0xf1,
    0x47, 0x8, 0x3, 0xfe, 0x40, 0xa, 0x0, 0x3f,
    0xf8, 0xa3, 0xa4, 0x1, 0xff, 0x28, 0x4, 0x48,
    0x1, 0xff, 0xc5, 0xd3, 0x0, 0xff, 0xe0, 0x60,
    0x4, 0xa0, 0x1f, 0xfc, 0x51, 0x8b, 0xbf, 0xfe,
    0x0, 0x28, 0x5, 0xa0, 0x1f, 0xfc, 0x51, 0x44,
    0xff, 0xe0, 0x80, 0x80, 0x4e, 0x1, 0xff, 0xd4,
    0x30, 0x8, 0xc0, 0x3f, 0xfa, 0x82, 0x1, 0x8,
    0x7, 0xff, 0x9, 0x0, 0x3f, 0xf8, 0x1b, 0xb6,
    0x0, 0x80, 0x42, 0x1, 0xff, 0xc2, 0xba, 0x10,
    0xf, 0xe2, 0x2e, 0x2, 0x0, 0x94, 0x3, 0xfe,
    0xb2, 0x0, 0x2f, 0xb0, 0x7, 0xe1, 0x0, 0x88,
    0x14, 0x2, 0x30, 0xf, 0xf9, 0x36, 0x0, 0x3,
    0x38, 0x60, 0x1e, 0x40, 0x9, 0x83, 0xc0, 0x2b,
    0x0, 0xff, 0xe0, 0xbf, 0x28, 0x0, 0xf2, 0x0,
    0x3b, 0x0, 0x2c, 0x7, 0x0, 0x8c, 0x40, 0x3f,
    0xf8, 0x23, 0x56, 0x40, 0xf, 0x0, 0xc2, 0x80,
    0x13, 0x80, 0x98, 0x5, 0x0, 0x1f, 0xfc, 0x34,
    0xd8, 0x27, 0x0, 0xd0, 0x1, 0x20, 0x80, 0x24,
    0x2, 0x62, 0x0, 0xff, 0xe2, 0x3e, 0x80, 0x62,
    0x60, 0xb, 0x80, 0x25, 0x20, 0xb, 0xc0, 0x3f,
    0xf9, 0x5c, 0x1, 0x12, 0x80, 0x69, 0x0, 0x8a,
    0xc0, 0x3f, 0xf9, 0x14, 0x60, 0x14, 0x80, 0x72,
    0x28, 0x4, 0x96, 0x1, 0xff, 0xc6, 0x95, 0x0,
    0x95, 0x0, 0x3d, 0x46, 0x1, 0x26, 0x90, 0x7,
    0xff, 0x8, 0xb1, 0x80, 0x22, 0xa0, 0xf, 0xda,
    0x40, 0x11, 0x6c, 0x88, 0x7, 0xf8, 0x63, 0x4c,
    0x2, 0x2c, 0x0, 0xfe, 0x1c, 0x30, 0xc, 0xdd,
    0x6c, 0x60, 0x18, 0xda, 0xf9, 0xc0, 0x31, 0xe0,
    0x80, 0x7f, 0x87, 0x14, 0x3, 0x92, 0x73, 0xff,
    0x64, 0xa0, 0x7, 0x2e, 0x8, 0x7, 0xff, 0x6,
    0xac, 0x80, 0x3f, 0xf8, 0x85, 0x74, 0x1, 0xff,
    0xc4, 0x4d, 0xa3, 0x0, 0xff, 0xe0, 0x1d, 0x6a,
    0x0, 0x7f, 0xf1, 0xd7, 0x3a, 0x58, 0xc4, 0x0,
    0x26, 0xd3, 0xd8, 0xa0, 0x1f, 0xfc, 0xb1, 0x69,
    0xce, 0xff, 0x76, 0x4b, 0x8, 0x7, 0xff, 0x0,

    /* U+F06E4 "󰛤" */
    0x0, 0xf9, 0x67, 0x37, 0x29, 0xc8, 0x3, 0xff,
    0x8c, 0x4f, 0x79, 0xb9, 0x2a, 0x1, 0xff, 0xc0,
    0x6e, 0xa6, 0x32, 0x35, 0x8d, 0xa2, 0x0, 0xff,
    0xe1, 0x1d, 0xec, 0x21, 0x91, 0xb5, 0x73, 0x0,
    0x7e, 0x1c, 0x91, 0x0, 0xfc, 0xba, 0xc0, 0x1f,
    0xfc, 0x7, 0xc4, 0x0, 0xfc, 0x33, 0x82, 0x1,
    0xc3, 0x86, 0x1, 0xff, 0xc0, 0x99, 0x0, 0x7f,
    0xaa, 0x0, 0x3f, 0xf8, 0x7, 0x82, 0x1, 0xb4,
    0x80, 0x33, 0x5e, 0x62, 0x4c, 0x3, 0x35, 0x80,
    0x7e, 0xb5, 0x0, 0xc9, 0x39, 0x8b, 0x60, 0xc,
    0x5a, 0x1, 0x39, 0x80, 0x49, 0xd2, 0x86, 0x66,
    0xca, 0x0, 0xc9, 0x82, 0x1, 0x87, 0x10, 0x3,
    0x5d, 0x98, 0xcc, 0x93, 0xc8, 0x1, 0x1b, 0x80,
    0xc0, 0x4, 0x96, 0x20, 0x1e, 0x5d, 0x10, 0x8,
    0xf0, 0x80, 0x5, 0xe6, 0x1, 0xe, 0xa0, 0x7,
    0x86, 0xd0, 0x2, 0x80, 0x70, 0x8, 0x68, 0x3,
    0xf8, 0xbc, 0x80, 0x22, 0xc3, 0x36, 0x8, 0x4,
    0x5e, 0x40, 0x1f, 0xd4, 0x20, 0x13, 0x68, 0x4,
    0xc2, 0x1, 0xfe, 0x1c, 0x30, 0x8, 0x73, 0x2,
    0x1, 0x26, 0x88, 0x7, 0xf8, 0x58, 0x2, 0xd5,
    0x0, 0xac, 0x3, 0xff, 0x80, 0x38, 0xa0, 0x1f,
    0x96, 0xc0, 0x3f, 0xf8, 0x36, 0x1, 0x28, 0x80,
    0x44, 0x1, 0xff, 0xc2, 0xa7, 0x0, 0xf3, 0xd0,
    0x7, 0xff, 0x8, 0x80, 0x21, 0x0, 0xff, 0xf2,
    0x8, 0x4, 0x40, 0x1f, 0xfc, 0x2a, 0x70, 0xf,
    0x3d, 0x0, 0x7f, 0xf0, 0x88, 0x2, 0x15, 0x0,
    0x90, 0x3, 0xff, 0x83, 0x6a, 0x1, 0xf9, 0x70,
    0x40, 0x3f, 0xf8, 0x16, 0x1, 0x2e, 0x80, 0x52,
    0x20, 0x1f, 0xe1, 0xd4, 0x0, 0x87, 0x30, 0x20,
    0x11, 0xe0, 0x80, 0x7f, 0x85, 0x80, 0x2d, 0x70,
    0x8, 0x68, 0x3, 0xf8, 0xbc, 0x80, 0x22, 0xc3,
    0x36, 0x10, 0x4, 0x5e, 0x40, 0x1f, 0xd4, 0x20,
    0x13, 0x8c, 0x0, 0x49, 0x62, 0x1, 0xe4, 0xd1,
    0x0, 0x8f, 0x8, 0x0, 0x58, 0x60, 0x10, 0xea,
    0x80, 0x78, 0x6d, 0x0, 0x28, 0x10, 0x73, 0x0,
    0x93, 0xa5, 0xc, 0xcd, 0x76, 0x0, 0xc9, 0x82,
    0x1, 0x87, 0x10, 0x3, 0x56, 0x31, 0x99, 0x27,
    0x90, 0x2, 0x37, 0x0, 0xb4, 0x80, 0x33, 0x5e,
    0x62, 0x50, 0x3, 0x2d, 0x80, 0x7e, 0xb6, 0x0,
    0xc7, 0x39, 0x8b, 0x60, 0xc, 0x5a, 0x1, 0x87,
    0xc, 0x3, 0xff, 0x81, 0x14, 0x1, 0xfe, 0x98,
    0x0, 0xff, 0xe0, 0x1e, 0x8, 0x7, 0xe, 0x40,
    0x80, 0x7e, 0x4c, 0x70, 0xf, 0xfe, 0x3, 0xe1,
    0x80, 0x7e, 0x18, 0xc1, 0x0, 0xfc, 0xfd, 0x4c,
    0x64, 0x69, 0x1b, 0x66, 0x1, 0xff, 0xc2, 0x3c,
    0xc4, 0x21, 0x91, 0xb5, 0x73, 0x80, 0x70,

    /* U+F06E8 "󰛨" */
    0x0, 0xff, 0xfb, 0xff, 0xe0, 0xf, 0xff, 0xf8,
    0x7, 0xff, 0xfc, 0x3, 0xff, 0xe7, 0x2a, 0x1,
    0xff, 0xce, 0x59, 0x0, 0xff, 0xe1, 0xcb, 0x52,
    0x80, 0x7f, 0xbf, 0xf0, 0x7, 0xf9, 0x69, 0xa4,
    0x3, 0xff, 0x83, 0x2c, 0x0, 0xa5, 0x0, 0xff,
    0xe5, 0x2d, 0x0, 0x1a, 0x40, 0x3f, 0xf8, 0x18,
    0x1, 0xa9, 0x40, 0x3f, 0xf9, 0xb, 0x40, 0x1b,
    0x0, 0x3f, 0xf8, 0xb, 0x40, 0x1b, 0x80, 0x3f,
    0xf9, 0x1c, 0x1, 0xa9, 0x40, 0x3f, 0xf8, 0x2b,
    0x40, 0x3, 0xb0, 0xe, 0x27, 0xbe, 0xff, 0x75,
    0xb9, 0x0, 0x75, 0x98, 0x2, 0x94, 0x3, 0xff,
    0x86, 0xb4, 0x98, 0x1, 0x8a, 0xb6, 0x10, 0x40,
    0x2, 0x91, 0xb4, 0x40, 0x1b, 0x12, 0x94, 0x3,
    0xff, 0x8a, 0xb6, 0x1, 0x9b, 0x54, 0x3, 0xfc,
    0xba, 0xc0, 0x1a, 0xd4, 0x3, 0xff, 0x97, 0x12,
    0x1, 0xff, 0xc2, 0x98, 0x0, 0xff, 0xe7, 0xb3,
    0x80, 0x7f, 0xf1, 0x1d, 0x80, 0x3f, 0xf9, 0xa5,
    0x20, 0x1f, 0xfc, 0x69, 0x20, 0xf, 0xfe, 0x64,
    0x0, 0x7f, 0xf2, 0x20, 0x3, 0xff, 0x96, 0x4a,
    0x1, 0xff, 0xc8, 0x52, 0x0, 0xff, 0xe5, 0x28,
    0x7, 0xff, 0x29, 0x40, 0x3f, 0xf9, 0x58, 0x1,
    0xff, 0xca, 0xc0, 0xf, 0xfe, 0x7, 0xff, 0x80,
    0x32, 0x80, 0x7f, 0xf2, 0x94, 0x3, 0x7f, 0xf8,
    0x3, 0xff, 0x80, 0x20, 0x1f, 0xfc, 0xa1, 0x0,
    0xff, 0xfc, 0x8, 0x7, 0xff, 0x28, 0x40, 0x3f,
    0xf8, 0x1f, 0xfe, 0x0, 0xca, 0x1, 0xff, 0xca,
    0x50, 0xd, 0xff, 0xe0, 0xf, 0xfe, 0x6, 0x0,
    0x7f, 0xf2, 0xb0, 0x3, 0xff, 0x94, 0xc0, 0x1f,
    0xfc, 0xa6, 0x0, 0xff, 0xe5, 0xa, 0x80, 0x7f,
    0xf2, 0x14, 0x40, 0x3f, 0xf9, 0x76, 0x1, 0xff,
    0xc8, 0xb0, 0xf, 0xfe, 0x60, 0xd0, 0x7, 0xff,
    0x1a, 0x84, 0x3, 0xff, 0x9a, 0xb0, 0x1, 0xff,
    0xc4, 0x85, 0x0, 0xff, 0xe7, 0xbd, 0x0, 0x7f,
    0xf0, 0xa9, 0xc0, 0x3f, 0xfa, 0x2b, 0xc0, 0x1f,
    0xfc, 0xe, 0x50, 0xf, 0xfe, 0x98, 0x80, 0x7f,
    0xf0, 0x4, 0x3, 0xff, 0xfe, 0x1, 0xff, 0xe6,
    0x10, 0xf, 0xf0, 0x80, 0x7f, 0xf5, 0xa8, 0x40,
    0x3f, 0xd, 0x0, 0x7f, 0xf5, 0x93, 0xbf, 0xff,
    0x72, 0x0, 0x7f, 0xff, 0xc0, 0x3e, 0xff, 0xfc,
    0x1, 0xff, 0xff, 0x0, 0xfe, 0x10, 0xf, 0x8,
    0x7, 0xff, 0x6a, 0x84, 0x3, 0xd, 0x0, 0x7f,
    0xf6, 0x93, 0xbf, 0xf7, 0x20, 0x7, 0xff, 0x1c,

    /* U+F0709 "󰜉" */
    0x0, 0xff, 0xe2, 0x20, 0x7, 0xff, 0x51, 0x6c,
    0x3, 0xff, 0xa6, 0xb4, 0x1, 0xff, 0xd3, 0x5a,
    0x0, 0xff, 0xe9, 0xad, 0x0, 0x7f, 0xf4, 0xd6,
    0x80, 0x3f, 0xfa, 0x6b, 0x40, 0x1f, 0xfd, 0x35,
    0xa0, 0xf, 0x7f, 0xb6, 0x94, 0x3, 0xff, 0x90,
    0xb4, 0x1, 0xfc, 0x4b, 0x5f, 0x22, 0x1, 0xff,
    0xc4, 0x6a, 0x0, 0xff, 0xe1, 0x37, 0x40, 0x7,
    0xff, 0xf, 0x0, 0x3f, 0xf8, 0xaf, 0x82, 0x1,
    0xff, 0xc1, 0xa5, 0x0, 0xfd, 0xfb, 0x6c, 0x20,
    0x18, 0xfc, 0x80, 0x3f, 0xf8, 0x34, 0xa0, 0x1f,
    0x89, 0x27, 0xa4, 0x40, 0x21, 0xc1, 0x0, 0xff,
    0xe0, 0xd2, 0x80, 0x7f, 0xcd, 0xca, 0x1, 0xe,
    0x80, 0x7f, 0xf0, 0xa9, 0x40, 0x3f, 0xf8, 0x15,
    0x0, 0x11, 0xb8, 0x7, 0xe, 0x8, 0x7, 0xa9,
    0x40, 0x3f, 0xf8, 0xe, 0xa0, 0x14, 0x8, 0x6,
    0x83, 0xd1, 0x0, 0xf5, 0x28, 0x7, 0xff, 0x2,
    0x84, 0x2, 0x90, 0xc, 0xc0, 0x7a, 0x1, 0xf5,
    0x28, 0x7, 0xff, 0x2, 0x0, 0x26, 0x0, 0x94,
    0x2, 0x20, 0xf, 0xd4, 0xa0, 0x1f, 0xf3, 0x8,
    0x0, 0x4c, 0x1, 0x80, 0x13, 0x0, 0x7f, 0x52,
    0x80, 0x7f, 0xc8, 0x1, 0x20, 0x1, 0x40, 0x2c,
    0x0, 0xff, 0x50, 0x7, 0xfd, 0x80, 0x16, 0x80,
    0x8, 0x2, 0x50, 0xf, 0xfe, 0x52, 0x80, 0x4c,
    0x0, 0x10, 0x8, 0x40, 0x3f, 0xf9, 0x42, 0x1,
    0x8, 0x7, 0xff, 0x60, 0x40, 0x21, 0x0, 0xff,
    0xe5, 0x8, 0x4, 0x20, 0x2, 0x0, 0x94, 0x3,
    0xff, 0x94, 0xa0, 0x13, 0x0, 0x14, 0x2, 0xc0,
    0xf, 0xfe, 0x56, 0x0, 0x58, 0x0, 0xc0, 0x9,
    0x80, 0x3f, 0xf9, 0x4a, 0x1, 0x20, 0x1, 0x40,
    0x21, 0x50, 0xf, 0xfe, 0x43, 0x80, 0x44, 0x40,
    0x9, 0x40, 0x2b, 0x10, 0xf, 0xfe, 0x30, 0xc0,
    0x5, 0x60, 0x1a, 0x0, 0x21, 0xa0, 0xf, 0xfe,
    0x35, 0x0, 0x42, 0xc0, 0x18, 0x9c, 0x2, 0x4a,
    0x0, 0xff, 0xe2, 0x52, 0x0, 0x56, 0x1, 0xe8,
    0x30, 0x9, 0x70, 0x40, 0x3f, 0xf8, 0x5, 0x8a,
    0x1, 0x32, 0x80, 0x7d, 0xa2, 0x1, 0x1f, 0x48,
    0x7, 0xf0, 0xc6, 0x98, 0x4, 0x92, 0x1, 0xf8,
    0x70, 0x40, 0x33, 0x0, 0x62, 0x21, 0xb5, 0x73,
    0x80, 0x63, 0xb0, 0xf, 0xf1, 0x79, 0x80, 0x48,
    0x1, 0x36, 0xeb, 0x25, 0x40, 0x39, 0x30, 0x3,
    0xff, 0x80, 0x38, 0xe0, 0xd, 0x0, 0xbc, 0x3,
    0xfa, 0x2c, 0x3, 0xff, 0x87, 0x1c, 0xce, 0x1,
    0x20, 0x7, 0x85, 0xb9, 0xc0, 0x3f, 0xf8, 0xa3,
    0x22, 0x1, 0x18, 0x0, 0x4d, 0xab, 0xa4, 0x40,
    0x3f, 0xf9, 0x9d, 0xfe, 0xec, 0x95, 0x0, 0xff,
    0xe0, 0x0,

    /* U+F0717 "󰜗" */
    0x0, 0xff, 0xe1, 0x95, 0x88, 0x0, 0x6c, 0x80,
    0x3f, 0xfa, 0x25, 0x89, 0x82, 0x2c, 0x4c, 0x20,
    0xf, 0xfe, 0x79, 0x60, 0x81, 0x66, 0x8, 0x7,
    0x8, 0x3, 0xff, 0x9c, 0x4a, 0x1, 0x11, 0x0,
    0x25, 0x20, 0xf, 0xfe, 0x7d, 0xa0, 0x7, 0x92,
    0xc0, 0x3f, 0xfa, 0x36, 0xa0, 0x19, 0x6c, 0x3,
    0xff, 0x92, 0x40, 0x1f, 0xd4, 0x1, 0xa8, 0x3,
    0xf8, 0xc0, 0x3f, 0x9a, 0xff, 0x40, 0x3f, 0xf9,
    0x63, 0x9d, 0x4c, 0x1, 0xeb, 0x40, 0x2, 0x0,
    0x7f, 0xf2, 0x9c, 0x5, 0x6c, 0x3, 0xc8, 0x1,
    0x60, 0x7, 0xff, 0x2b, 0x0, 0x25, 0x0, 0xf6,
    0x80, 0x48, 0x1, 0xff, 0xca, 0x40, 0xb, 0x0,
    0x30, 0xaf, 0x0, 0x46, 0xa0, 0x1e, 0x6e, 0x0,
    0xdc, 0xc0, 0x1e, 0x61, 0x0, 0xb9, 0x44, 0x1b,
    0xa9, 0x40, 0x35, 0x61, 0x80, 0x13, 0x64, 0x40,
    0x30, 0xce, 0x18, 0x1, 0x36, 0x40, 0x32, 0xd7,
    0x3a, 0x80, 0x7e, 0x3c, 0xaa, 0x59, 0x0, 0x7e,
    0x3c, 0xab, 0xb1, 0x0, 0x7e, 0x33, 0x8, 0x7,
    0xf2, 0xa8, 0x3, 0xa2, 0x0, 0x1c, 0xa8, 0x1,
    0xfe, 0x40, 0x43, 0x7b, 0xfe, 0x50, 0xf, 0xcb,
    0xce, 0xee, 0x50, 0xf, 0xcb, 0xdf, 0x6e, 0x66,
    0x0, 0x56, 0x42, 0x0, 0xd6, 0x18, 0x6, 0x3c,
    0xa1, 0x0, 0xd, 0x61, 0x80, 0x63, 0xca, 0x10,
    0x48, 0xcc, 0x0, 0x7f, 0x1e, 0x8, 0x5, 0x86,
    0x1, 0xe3, 0xc0, 0x8, 0x70, 0xc0, 0x3f, 0xff,
    0xe0, 0x1f, 0xff, 0xf0, 0xf, 0xff, 0x61, 0xe0,
    0x80, 0x58, 0x60, 0x1e, 0x3c, 0x0, 0x87, 0xc,
    0x3, 0xfa, 0xb2, 0x10, 0x6, 0xb0, 0xc0, 0x31,
    0xe5, 0x8, 0x0, 0x6b, 0xc, 0x3, 0x1e, 0x50,
    0x81, 0xc6, 0x58, 0x1, 0xd, 0xef, 0xf9, 0x40,
    0x3f, 0x2f, 0x3b, 0xb9, 0x40, 0x3f, 0x2f, 0x7e,
    0x39, 0xa0, 0x18, 0x80, 0x7f, 0x22, 0x80, 0x74,
    0x40, 0x3, 0x95, 0x40, 0x1f, 0xe3, 0x50, 0xf,
    0xc5, 0x76, 0xac, 0x30, 0xf, 0xc5, 0x75, 0x4c,
    0x30, 0xf, 0xca, 0xdd, 0x4a, 0x1, 0xa7, 0x50,
    0x0, 0x79, 0x22, 0x1, 0x86, 0x75, 0x0, 0x7,
    0x94, 0x1, 0x96, 0xb9, 0x80, 0x57, 0x80, 0x21,
    0x60, 0xf, 0x37, 0x0, 0x6e, 0x60, 0xf, 0x29,
    0x80, 0x5c, 0xa2, 0x1, 0xb4, 0x2, 0x40, 0xf,
    0xfe, 0x55, 0x80, 0x58, 0x1, 0xe4, 0x0, 0xbc,
    0x3, 0xff, 0x94, 0x80, 0x12, 0x80, 0x7a, 0xd4,
    0x41, 0x0, 0x3f, 0xf9, 0x46, 0x22, 0x5b, 0x0,
    0xf3, 0x57, 0x60, 0x80, 0x7f, 0xf2, 0xff, 0xa9,
    0x80, 0x3f, 0x8c, 0x3, 0xfa, 0x80, 0x35, 0x0,
    0x7f, 0x8, 0x7, 0xff, 0x26, 0xd4, 0x3, 0x2d,
    0x80, 0x7f, 0xf4, 0x6d, 0x0, 0x3c, 0x96, 0x1,
    0xff, 0xcf, 0x25, 0x0, 0x88, 0x80, 0x12, 0x90,
    0x7, 0xff, 0x38, 0xb0, 0x40, 0xb3, 0x4, 0x3,
    0x84, 0x1, 0xff, 0xcf, 0x2c, 0x4c, 0x11, 0x62,
    0x61, 0x0, 0x7f, 0xf0, 0x80,

    /* U+F072E "󰜮" */
    0x0, 0xff, 0xef, 0x7f, 0xff, 0xf0, 0x0, 0x3f,
    0xff, 0xe0, 0x1f, 0xff, 0xf0, 0xf, 0xff, 0xf8,
    0x7, 0xff, 0xfc, 0x3, 0xff, 0xfe, 0x1, 0xff,
    0xff, 0x0, 0xff, 0xee, 0x1f, 0xff, 0xf0, 0x7,
    0xff, 0x3, 0xff, 0xf8, 0xcd, 0x80, 0x1f, 0xfd,
    0xc, 0x30, 0x3c, 0x0, 0xff, 0xe7, 0x61, 0x80,
    0x47, 0x80, 0x1f, 0xfc, 0xcc, 0x30, 0xe, 0x3c,
    0x0, 0xff, 0xe5, 0x61, 0x80, 0x7c, 0x78, 0x1,
    0xff, 0xc8, 0xc3, 0x0, 0xfe, 0x3c, 0x0, 0xff,
    0xe3, 0x61, 0x80, 0x7f, 0xc7, 0x80, 0x1f, 0xfc,
    0x4c, 0x30, 0xf, 0xfe, 0x9, 0xe0, 0x7, 0xff,
    0xb, 0xc, 0x3, 0xff, 0x86, 0x78, 0x1, 0xff,
    0xc0, 0xc3, 0x0, 0xff, 0xe2, 0x9e, 0x0, 0x7f,
    0xb0, 0xc0, 0x3f, 0xf8, 0xe7, 0x80, 0x1f, 0xb0,
    0xc0, 0x3f, 0xf9, 0x27, 0x80, 0x1e, 0xc3, 0x0,
    0xff, 0xe5, 0x9e, 0x0, 0x6c, 0x30, 0xf, 0xfe,
    0x69, 0xe0, 0x3, 0xc, 0x3, 0xff, 0x9e, 0x79,
    0x83, 0x0, 0xff, 0xe1, 0x0,

    /* U+F0731 "󰜱" */
    0x0, 0xff, 0xe1, 0x98, 0x7, 0xff, 0x4c, 0xf0,
    0x3, 0xff, 0xa4, 0x78, 0x1, 0xff, 0xd2, 0x3c,
    0x0, 0xff, 0xe9, 0x1e, 0x0, 0x7f, 0xf4, 0x8f,
    0x0, 0x3f, 0xfa, 0x47, 0x80, 0x1f, 0xfd, 0x23,
    0xc0, 0xf, 0xfe, 0x91, 0xe0, 0x7, 0xff, 0x48,
    0xf0, 0x3, 0xff, 0xa4, 0x78, 0x1, 0xfd, 0xff,
    0xff, 0xc4, 0x0, 0xe3, 0xc0, 0xf, 0xfe, 0x91,
    0xe0, 0x7, 0xff, 0x48, 0xf0, 0x3, 0xff, 0xa4,
    0x78, 0x1, 0xff, 0xd2, 0x3c, 0x0, 0xff, 0xfa,
    0x1e, 0x0, 0x7f, 0xf5, 0xf, 0x0, 0x3f, 0xfa,
    0x87, 0x80, 0x1f, 0xfd, 0x43, 0xc0, 0xf, 0xfe,
    0xa1, 0xe0, 0x7, 0xff, 0x50, 0xf0, 0x3, 0xfb,
    0xff, 0xff, 0x88, 0x1, 0xf1, 0xe0, 0x7, 0xff,
    0x50, 0xf0, 0x3, 0xff, 0xa8, 0x78, 0x1, 0xff,
    0xd4, 0x3c, 0x0, 0xff, 0xea, 0x1e, 0x0, 0x7f,
    0xf5, 0xf, 0x0, 0x3f, 0xfa, 0x87, 0x80, 0x1f,
    0xfd, 0x43, 0xc0, 0xf, 0xfe, 0xa1, 0xe0, 0x7,
    0xff, 0x14,

    /* U+F0734 "󰜴" */
    0x0, 0xff, 0xe2, 0x98, 0x7, 0xff, 0x53, 0xc,
    0x3, 0xff, 0xa9, 0x86, 0x1, 0xff, 0xd4, 0xc3,
    0x0, 0xff, 0xea, 0x61, 0x80, 0x7f, 0xf5, 0x30,
    0xc0, 0x3f, 0xfa, 0x98, 0x60, 0x1f, 0xfd, 0x4c,
    0x30, 0xf, 0xfe, 0xa6, 0x18, 0x7, 0xff, 0x53,
    0xc, 0x3, 0xef, 0xff, 0xfe, 0x20, 0x7, 0xf6,
    0x18, 0x7, 0xff, 0x53, 0xc, 0x3, 0xff, 0xa9,
    0x86, 0x1, 0xff, 0xd4, 0xc3, 0x0, 0xff, 0xea,
    0x61, 0x80, 0x7f, 0xf5, 0x30, 0xc0, 0x3f, 0xfe,
    0x98, 0x60, 0x1f, 0xfd, 0x2c, 0x30, 0xf, 0xfe,
    0x96, 0x18, 0x7, 0xff, 0x4b, 0xc, 0x3, 0xff,
    0xa5, 0x86, 0x1, 0xdf, 0xff, 0xfc, 0x40, 0xf,
    0xec, 0x30, 0xf, 0xfe, 0x96, 0x18, 0x7, 0xff,
    0x4b, 0xc, 0x3, 0xff, 0xa5, 0x86, 0x1, 0xff,
    0xd2, 0xc3, 0x0, 0xff, 0xe9, 0x61, 0x80, 0x7f,
    0xf4, 0xb0, 0xc0, 0x3f, 0xfa, 0x58, 0x60, 0x1f,
    0xfd, 0x2c, 0x30, 0xf, 0xfe, 0x96, 0x18, 0x7,
    0xff, 0x8,

    /* U+F0737 "󰜷" */
    0x0, 0xff, 0xe1, 0x99, 0x80, 0x3f, 0xfa, 0x27,
    0x98, 0x30, 0xf, 0xfe, 0x79, 0xe0, 0x3, 0xc,
    0x3, 0xff, 0x9a, 0x78, 0x1, 0xb0, 0xc0, 0x3f,
    0xf9, 0x67, 0x80, 0x1e, 0xc3, 0x0, 0xff, 0xe4,
    0x9e, 0x0, 0x7e, 0xc3, 0x0, 0xff, 0xe3, 0x9e,
    0x0, 0x7f, 0xb0, 0xc0, 0x3f, 0xf8, 0xa7, 0x80,
    0x1f, 0xfc, 0xc, 0x30, 0xf, 0xfe, 0x19, 0xe0,
    0x7, 0xff, 0xb, 0xc, 0x3, 0xff, 0x82, 0x78,
    0x1, 0xff, 0xc4, 0xc3, 0x0, 0xff, 0x8f, 0x0,
    0x3f, 0xf8, 0xd8, 0x60, 0x1f, 0xc7, 0x80, 0x1f,
    0xfc, 0x8c, 0x30, 0xf, 0x8f, 0x0, 0x3f, 0xf9,
    0x58, 0x60, 0x1c, 0x78, 0x1, 0xff, 0xcc, 0xc3,
    0x0, 0x8f, 0x0, 0x3f, 0xf9, 0xd8, 0x60, 0x78,
    0x1, 0xff, 0xd0, 0xc3, 0x37, 0xff, 0xf0, 0x7,
    0xff, 0x3, 0xff, 0xf8, 0xc0, 0x3f, 0xff, 0xe0,
    0x1f, 0xff, 0xf0, 0xf, 0xff, 0xf8, 0x7, 0xff,
    0xfc, 0x3, 0xff, 0xfe, 0x1, 0xff, 0xff, 0x0,
    0xff, 0xee, 0x7f, 0xff, 0xf0, 0x0, 0x3f, 0xc0,

    /* U+F073A "󰜺" */
    0x0, 0xff, 0xe1, 0x1b, 0xd6, 0x6f, 0x73, 0x72,
    0x9c, 0xc0, 0x3f, 0xf9, 0xa3, 0x1b, 0x90, 0xa6,
    0x42, 0x22, 0x35, 0x8c, 0xd8, 0x10, 0xf, 0xfe,
    0x40, 0xc7, 0x39, 0x0, 0x7f, 0xf0, 0x9, 0xfa,
    0x4, 0x3, 0xff, 0x8a, 0xbe, 0xe0, 0x1f, 0xfc,
    0x67, 0xf4, 0x0, 0xff, 0xe1, 0xcd, 0x8, 0x6,
    0x16, 0xad, 0xef, 0xf7, 0x6c, 0xa8, 0x7, 0xd,
    0xc8, 0x7, 0xff, 0x6, 0xd8, 0x3, 0x15, 0x74,
    0xa9, 0x8, 0x0, 0x49, 0xab, 0xe8, 0x80, 0x33,
    0x58, 0x7, 0xfd, 0x68, 0x1, 0xa3, 0x54, 0x3,
    0xff, 0x80, 0xbb, 0x0, 0x19, 0x2c, 0x3, 0xfa,
    0x50, 0x3, 0x43, 0x80, 0x7f, 0xf1, 0x1f, 0x48,
    0x2, 0x49, 0x0, 0xf9, 0x58, 0x3, 0xa1, 0x0,
    0x3f, 0xf8, 0xa5, 0x86, 0x1, 0x32, 0x0, 0x70,
    0xd8, 0x7, 0xd6, 0x80, 0x1f, 0xfc, 0x51, 0xd2,
    0x0, 0xa8, 0x40, 0x34, 0x8, 0x5, 0x0, 0x1a,
    0xd0, 0x3, 0xff, 0x8a, 0x3e, 0x1, 0xc, 0x80,
    0x42, 0xc0, 0x14, 0x3d, 0x80, 0x6b, 0x40, 0xf,
    0xfe, 0x29, 0x40, 0x4, 0xe2, 0x0, 0x90, 0x8,
    0x9c, 0x12, 0xc0, 0x35, 0xa0, 0x7, 0xff, 0x15,
    0xc8, 0x2, 0x90, 0x2, 0x80, 0x50, 0x1, 0x25,
    0x80, 0x6b, 0x40, 0xf, 0xfe, 0x2c, 0x0, 0x4a,
    0x6, 0x40, 0x1, 0x50, 0xc, 0x96, 0x1, 0xad,
    0x0, 0x3f, 0xf8, 0x8a, 0x1, 0x11, 0xa0, 0x4,
    0xe0, 0x1e, 0x4b, 0x0, 0xd6, 0x80, 0x1f, 0xfc,
    0x45, 0x0, 0x93, 0x40, 0x2c, 0x0, 0xf9, 0x2c,
    0x3, 0x5a, 0x0, 0x7f, 0xf0, 0xf0, 0x2, 0xd6,
    0x0, 0x9c, 0x3, 0xf2, 0x58, 0x6, 0xb4, 0x0,
    0xff, 0xe1, 0x20, 0x4, 0xc4, 0x1, 0x18, 0x7,
    0xf2, 0x58, 0x6, 0xb4, 0x0, 0xff, 0xe0, 0x98,
    0x4, 0x22, 0x0, 0x84, 0x3, 0xfc, 0x96, 0x1,
    0xad, 0x0, 0x3f, 0xf8, 0x2, 0x1, 0x18, 0x7,
    0xff, 0x11, 0x2c, 0x3, 0x5a, 0x0, 0x7f, 0xf1,
    0x4, 0x2, 0x10, 0xf, 0xfe, 0x2, 0x58, 0x6,
    0xb4, 0x0, 0xff, 0x8, 0x4, 0x64, 0x1, 0x18,
    0x7, 0xff, 0x5, 0x2c, 0x3, 0x5a, 0x0, 0x7f,
    0x10, 0x4, 0x2c, 0x1, 0x38, 0x7, 0xff, 0x9,
    0x2c, 0x3, 0x5a, 0x0, 0x7e, 0x40, 0x9, 0xb4,
    0x2, 0xc0, 0xf, 0xfe, 0x1a, 0x58, 0x6, 0xb4,
    0x0, 0xfb, 0x0, 0x2d, 0x40, 0x9, 0xc0, 0x3f,
    0xf8, 0x89, 0x60, 0x1a, 0xd0, 0x3, 0x85, 0x0,
    0x24, 0x32, 0x0, 0xa, 0x80, 0x7f, 0xf1, 0x12,
    0xc0, 0x35, 0xa0, 0x6, 0x90, 0x8, 0x8c, 0x14,
    0x2, 0x80, 0xf, 0xfe, 0x2a, 0x58, 0x6, 0xb4,
    0x0, 0x98, 0x2, 0x50, 0x4, 0x80, 0x44, 0xe0,
    0x1f, 0xfc, 0x54, 0xb0, 0xd, 0x68, 0x12, 0x20,
    0x14, 0x80, 0x5, 0x80, 0x28, 0x20, 0xf, 0xfe,
    0x2a, 0x58, 0x6, 0xb7, 0x60, 0x9, 0xc4, 0x2,
    0x81, 0x0, 0xbc, 0x40, 0x3f, 0xf8, 0xa9, 0x60,
    0x1a, 0x0, 0x21, 0x90, 0xc, 0x36, 0x1, 0x16,
    0x88, 0x7, 0xff, 0x15, 0x2c, 0x3, 0xeb, 0x10,
    0xe, 0x56, 0x0, 0x8f, 0x8, 0x3, 0xff, 0x8a,
    0x90, 0x1, 0xcc, 0xa0, 0x1f, 0x4a, 0x0, 0x45,
    0xae, 0x1, 0xff, 0xc4, 0x78, 0x0, 0xc9, 0x20,
    0x1f, 0xd6, 0x80, 0x1a, 0x35, 0x40, 0x3f, 0xf8,
    0xb, 0xb0, 0x1, 0x92, 0xc0, 0x3f, 0xeb, 0x60,
    0xc, 0x55, 0xd2, 0xa4, 0x20, 0x1, 0x25, 0x9e,
    0xa2, 0x0, 0xcd, 0x60, 0x1f, 0xfc, 0x19, 0xa1,
    0x0, 0xc2, 0xd5, 0xbd, 0xfe, 0xed, 0xa6, 0x10,
    0xc, 0x35, 0x20, 0x1f, 0xfc, 0x35, 0xf6, 0x0,
    0xff, 0xe3, 0x37, 0xa8, 0x7, 0xff, 0x14, 0x67,
    0x9c, 0x80, 0x3f, 0xf8, 0x4, 0xfd, 0x22, 0x1,
    0xff, 0xc8, 0x18, 0xdc, 0x85, 0x31, 0x0, 0x9,
    0xac, 0x66, 0xc0, 0x80, 0x7f, 0xc0,

    /* U+F0758 "󰝘" */
    0x1, 0xae, 0xff, 0xff, 0xea, 0x75, 0x8, 0xf,
    0xa8, 0x80, 0x7f, 0xf5, 0x5, 0x7c, 0x6c, 0x40,
    0x3f, 0xfb, 0x3, 0x68, 0x1, 0xff, 0xda, 0x41,
    0x0, 0xbf, 0xff, 0xf8, 0x40, 0x1b, 0xff, 0xff,
    0x84, 0x1, 0x8, 0x7, 0xff, 0xfc, 0x3, 0xff,
    0xfe, 0x1, 0xff, 0xff, 0x0, 0xff, 0xff, 0x80,
    0x7f, 0xff, 0xc0, 0x3f, 0xff, 0xe0, 0x1f, 0xff,
    0xef, 0xff, 0xfe, 0x10, 0x6, 0xff, 0xff, 0xe1,
    0x0, 0x7f, 0xff, 0xc0, 0x3f, 0xfd, 0x3f, 0xff,
    0xfc, 0x20, 0xd, 0xff, 0xff, 0xc2, 0x0, 0xff,
    0xff, 0x80, 0x7f, 0xff, 0xc0, 0x3f, 0xff, 0xe0,
    0x1f, 0xff, 0xf0, 0xf, 0xff, 0xf8, 0x7, 0xff,
    0xfc, 0x3, 0xff, 0xfc, 0x20, 0x17, 0xff, 0xff,
    0x8, 0x3, 0x7f, 0xff, 0xf0, 0x80, 0x21, 0x40,
    0xf, 0xfe, 0xd2, 0x40, 0x80, 0x7f, 0xf6, 0x6,
    0xcb, 0x14, 0x40, 0x3f, 0xfa, 0x82, 0xbe, 0x20,

    /* U+F0770 "󰝰" */
    0x0, 0xff, 0xf0, 0x15, 0xff, 0xff, 0xf0, 0x60,
    0x3, 0xff, 0x9c, 0x58, 0x80, 0x1f, 0xfc, 0x17,
    0x80, 0xf, 0xfe, 0x6c, 0x8, 0x7, 0xff, 0xd,
    0xe0, 0x3, 0xff, 0x98, 0x80, 0x1f, 0xfc, 0x57,
    0x80, 0xf, 0xfe, 0x58, 0x80, 0x7f, 0xf1, 0x9f,
    0xff, 0xff, 0x87, 0x44, 0x1, 0xff, 0xdd, 0x5c,
    0x20, 0xf, 0xfe, 0xe8, 0xc0, 0x7, 0xff, 0x79,
    0x40, 0x3f, 0xbf, 0xff, 0xfa, 0xc0, 0x1f, 0xff,
    0xf0, 0xf, 0xff, 0xbe, 0xff, 0xff, 0xf5, 0x50,
    0x3, 0xe2, 0x20, 0x7, 0xff, 0x55, 0x0, 0x3e,
    0x40, 0xf, 0xfe, 0xaa, 0x0, 0x7e, 0xc0, 0xf,
    0xfe, 0xae, 0x0, 0x7e, 0x40, 0xf, 0xfe, 0xaa,
    0x0, 0x7c, 0x62, 0x1, 0xff, 0xd4, 0x13, 0x0,
    0xf9, 0x0, 0x3f, 0xfa, 0xa8, 0x1, 0xfb, 0x0,
    0x3f, 0xfa, 0xb8, 0x1, 0xf9, 0x0, 0x3f, 0xfa,
    0xa8, 0x1, 0xf2, 0x0, 0x7f, 0xf5, 0x44, 0x80,
    0x3e, 0xc0, 0xf, 0xfe, 0xaa, 0x0, 0x7e, 0x50,
    0xf, 0xfe, 0xaf, 0x80, 0x7c, 0x24, 0x1, 0xff,
    0xd5, 0x40, 0xf, 0x90, 0x3, 0xff, 0xaa, 0x42,
    0x1, 0xf7, 0x80, 0x7f, 0xf5, 0x50, 0x3, 0xf2,
    0x0, 0x7f, 0xf5, 0x74, 0x3, 0x8, 0x4, 0x20,
    0x1f, 0xfd, 0x54, 0x0, 0xc8, 0x1, 0xff, 0xd8,
    0x40, 0xe, 0x81, 0x0, 0xff, 0xeb, 0xc, 0x80,
    0x71, 0x62, 0x0, 0x7f, 0xf5, 0x13, 0x8, 0x3,
    0xc5, 0x7f, 0xff, 0xfd, 0x4b, 0x20, 0xf, 0x0,

    /* U+F0792 "󰞒" */
    0x0, 0xff, 0xe3, 0x7f, 0xe0, 0xf, 0xff, 0xf8,
    0x7, 0xff, 0xfc, 0x3, 0xff, 0xfe, 0x1, 0xff,
    0xff, 0x0, 0xff, 0xff, 0x80, 0x7f, 0xff, 0xc0,
    0x3f, 0xff, 0xe0, 0x1f, 0xff, 0xf0, 0xf, 0xff,
    0xa1, 0x90, 0x7, 0xff, 0x30, 0xd0, 0x3, 0xfe,
    0x3c, 0xc1, 0x0, 0x7f, 0xf2, 0x8f, 0x2c, 0xc0,
    0x3f, 0x8f, 0x0, 0x70, 0x80, 0x3f, 0xf9, 0x7,
    0x80, 0xc, 0x30, 0xf, 0xc8, 0x1, 0xe, 0x18,
    0x7, 0xff, 0x18, 0xf0, 0x3, 0x20, 0x7, 0xe7,
    0x70, 0x4, 0x3a, 0x60, 0x1f, 0xfc, 0x43, 0xc0,
    0xc, 0xee, 0x0, 0xfe, 0x87, 0x0, 0x87, 0x4c,
    0x3, 0xff, 0x84, 0x78, 0x1, 0x9e, 0x0, 0x3f,
    0xe8, 0x70, 0x8, 0x74, 0xc0, 0x3f, 0xf8, 0x7,
    0x80, 0x19, 0xe0, 0x3, 0xff, 0x83, 0xe, 0x1,
    0xe, 0x18, 0x7, 0xf8, 0xf0, 0x3, 0x3c, 0x0,
    0x7f, 0xf0, 0xe1, 0xc0, 0x36, 0x18, 0x7, 0xe3,
    0xc0, 0xc, 0xf0, 0x1, 0xff, 0xc5, 0x87, 0x0,
    0xd8, 0x60, 0x1e, 0x3c, 0x0, 0xcf, 0x0, 0x1f,
    0xfc, 0x78, 0x70, 0xd, 0x86, 0x1, 0x8f, 0x0,
    0x33, 0xc0, 0x7, 0xff, 0x26, 0x1c, 0x3, 0x60,
    0x6, 0xc0, 0xc, 0xf0, 0x1, 0xff, 0xcb, 0x87,
    0x0, 0xff, 0xe0, 0x3c, 0x0, 0x7f, 0xf3, 0x61,
    0xc0, 0x3f, 0xcf, 0x0, 0x1f, 0xfc, 0xf8, 0x70,
    0xf, 0xcf, 0x0, 0x1f, 0xfd, 0x18, 0x70, 0xf,
    0x3c, 0x0, 0x7f, 0xf4, 0xe1, 0xc0, 0x33, 0xc0,
    0x7, 0xff, 0x56, 0x1c, 0x0, 0xf0, 0x1, 0xff,
    0xd7, 0x87, 0x74, 0x0, 0x7f, 0xf1, 0xbf, 0xff,
    0xf8, 0xee, 0xef, 0xff, 0xfe, 0x38, 0x7, 0xff,
    0xfc, 0x3, 0xff, 0xc2,

    /* U+F0795 "󰞕" */
    0xff, 0xff, 0xee, 0x0, 0x7f, 0xff, 0xc0, 0x3f,
    0xfc, 0x3f, 0xff, 0xfc, 0x77, 0x77, 0xff, 0xff,
    0x1c, 0x3, 0xff, 0x8d, 0xe, 0xe8, 0x0, 0xff,
    0xeb, 0xc3, 0x80, 0x1e, 0x0, 0x3f, 0xfa, 0xb0,
    0xe0, 0x19, 0xe0, 0x3, 0xff, 0xa7, 0xe, 0x1,
    0xe7, 0x80, 0xf, 0xfe, 0x8c, 0x38, 0x7, 0xe7,
    0x80, 0xf, 0xfe, 0x7c, 0x38, 0x7, 0xf9, 0xe0,
    0x3, 0xff, 0x9b, 0xe, 0x1, 0xff, 0xc0, 0x78,
    0x0, 0xff, 0xe5, 0xc3, 0x80, 0x6c, 0x0, 0xd8,
    0x1, 0x9e, 0x0, 0x3f, 0xf9, 0x30, 0xe0, 0x1b,
    0xc, 0x3, 0x1e, 0x0, 0x67, 0x80, 0xf, 0xfe,
    0x3c, 0x38, 0x6, 0xc3, 0x0, 0xf1, 0xe0, 0x6,
    0x78, 0x0, 0xff, 0xe2, 0xc3, 0x80, 0x6c, 0x30,
    0xf, 0xc7, 0x80, 0x19, 0xe0, 0x3, 0xff, 0x87,
    0xe, 0x1, 0xe, 0x18, 0x7, 0xf8, 0xf0, 0x3,
    0x3c, 0x0, 0x7f, 0xf0, 0x61, 0xc0, 0x21, 0xd3,
    0x0, 0xff, 0xe0, 0x1e, 0x8, 0x4, 0xf0, 0x1,
    0xff, 0x43, 0x80, 0x43, 0xa6, 0x1, 0xff, 0xc2,
    0x3d, 0x10, 0x9, 0xe0, 0x3, 0xf9, 0xdc, 0x1,
    0xe, 0x98, 0x7, 0xff, 0x10, 0xf4, 0x40, 0x27,
    0x70, 0x7, 0xe4, 0x0, 0x87, 0x4c, 0x3, 0xff,
    0x8c, 0x7a, 0x20, 0x12, 0x0, 0x7e, 0x3c, 0x1,
    0xc3, 0x0, 0xff, 0xe4, 0x1e, 0x8, 0x61, 0x80,
    0x7f, 0x1e, 0x60, 0x80, 0x3f, 0xf9, 0x45, 0x98,
    0x30, 0xf, 0xf8, 0xc8, 0x3, 0xff, 0x98, 0x46,
    0x1, 0xff, 0xff, 0x0, 0xff, 0xff, 0x80, 0x7f,
    0xff, 0xc0, 0x3f, 0xff, 0xe0, 0x1f, 0xff, 0xf0,
    0xf, 0xff, 0xf8, 0x7, 0xff, 0xfc, 0x3, 0xff,
    0xfe, 0x1, 0xff, 0xe2,

    /* U+F0796 "󰞖" */
    0xff, 0xff, 0xee, 0x0, 0x7f, 0xff, 0xc0, 0x3f,
    0xfc, 0x3f, 0xff, 0xfc, 0x60, 0xd, 0xff, 0xff,
    0xc6, 0x0, 0xff, 0xff, 0x80, 0x7f, 0xff, 0xc0,
    0x3f, 0xff, 0xe0, 0x1f, 0xff, 0xf0, 0xf, 0xff,
    0xf8, 0x7, 0xff, 0xfc, 0x3, 0xff, 0xfe, 0x1,
    0xff, 0xff, 0x0, 0xff, 0xf1, 0x21, 0x80, 0x7f,
    0xf3, 0xd, 0x0, 0x3f, 0xe4, 0xbc, 0x30, 0xf,
    0xfe, 0x51, 0xe5, 0xa0, 0x7, 0xf2, 0x58, 0x3,
    0xc, 0x3, 0xff, 0x90, 0x78, 0x0, 0xb4, 0x0,
    0xfc, 0x60, 0x1b, 0xc, 0x3, 0xff, 0x8c, 0x78,
    0x1, 0x8c, 0x3, 0xf3, 0xc0, 0x6, 0xc3, 0x0,
    0xff, 0xe2, 0x1e, 0x0, 0x68, 0x70, 0xf, 0xe7,
    0x80, 0xd, 0x86, 0x1, 0xff, 0xc2, 0x3c, 0x0,
    0xd0, 0xe0, 0x1f, 0xf3, 0xc0, 0x6, 0xc3, 0x0,
    0xff, 0xe0, 0x1e, 0x0, 0x68, 0x70, 0xf, 0xfe,
    0xb, 0xc0, 0x6, 0xc3, 0x0, 0xff, 0x1e, 0x0,
    0x68, 0x70, 0xf, 0xfe, 0x1b, 0xc0, 0x6, 0xc3,
    0x0, 0xfc, 0x78, 0x1, 0xa1, 0xc0, 0x3f, 0xf8,
    0xaf, 0x0, 0x1b, 0xc, 0x3, 0xc7, 0x80, 0x1a,
    0x1c, 0x3, 0xff, 0x8e, 0xf0, 0x1, 0xb0, 0xc0,
    0x31, 0xe0, 0x6, 0x87, 0x0, 0xff, 0xe4, 0xbc,
    0x0, 0x6c, 0x0, 0xd8, 0x1, 0xa1, 0xc0, 0x3f,
    0xf9, 0x6f, 0x0, 0x1f, 0xfc, 0x8, 0x70, 0xf,
    0xfe, 0x6b, 0xc0, 0x7, 0xfa, 0x1c, 0x3, 0xff,
    0x9e, 0xf0, 0x1, 0xfa, 0x1c, 0x3, 0xff, 0xa2,
    0xf0, 0x1, 0xe8, 0x70, 0xf, 0xfe, 0x9b, 0xc0,
    0x6, 0x87, 0x0, 0xff, 0xea, 0xbc, 0x0, 0x21,
    0xc0, 0x3f, 0xfa, 0xef, 0x10, 0x70, 0xf, 0xfe,
    0x30,

    /* U+F0799 "󰞙" */
    0x0, 0xff, 0xe3, 0xbb, 0x80, 0x3f, 0xfb, 0x2f,
    0x10, 0x70, 0xf, 0xfe, 0xbb, 0xc0, 0x2, 0x1c,
    0x3, 0xff, 0xaa, 0xf0, 0x1, 0xa1, 0xc0, 0x3f,
    0xfa, 0x6f, 0x0, 0x1e, 0x87, 0x0, 0xff, 0xe8,
    0xbc, 0x0, 0x7e, 0x87, 0x0, 0xff, 0xe7, 0xbc,
    0x0, 0x7f, 0xa1, 0xc0, 0x3f, 0xf9, 0xaf, 0x0,
    0x1f, 0xfc, 0x8, 0x70, 0xf, 0xfe, 0x5b, 0xc0,
    0x6, 0xc0, 0xd, 0x80, 0x1a, 0x1c, 0x3, 0xff,
    0x92, 0xf0, 0x1, 0xb0, 0xc0, 0x31, 0xe0, 0x6,
    0x87, 0x0, 0xff, 0xe3, 0xbc, 0x0, 0x6c, 0x30,
    0xf, 0x1e, 0x0, 0x68, 0x70, 0xf, 0xfe, 0x2b,
    0xc0, 0x6, 0xc3, 0x0, 0xfc, 0x78, 0x1, 0xa1,
    0xc0, 0x3f, 0xf8, 0x6f, 0x0, 0x1b, 0xc, 0x3,
    0xfc, 0x78, 0x1, 0xa1, 0xc0, 0x3f, 0xf8, 0x2f,
    0x0, 0x1b, 0xc, 0x3, 0xff, 0x80, 0x78, 0x1,
    0xa1, 0xc0, 0x3f, 0xe7, 0x80, 0xd, 0x86, 0x1,
    0xff, 0xc2, 0x3c, 0x0, 0xd0, 0xe0, 0x1f, 0xcf,
    0x0, 0x1b, 0xc, 0x3, 0xff, 0x88, 0x78, 0x1,
    0xa1, 0xc0, 0x3f, 0x18, 0x6, 0xc3, 0x0, 0xff,
    0xe3, 0x1e, 0x0, 0x63, 0x0, 0xfc, 0x96, 0x0,
    0xc3, 0x0, 0xff, 0xe4, 0x1e, 0x0, 0x2d, 0x0,
    0x3f, 0x92, 0xf0, 0xc0, 0x3f, 0xf9, 0x47, 0x96,
    0x80, 0x1f, 0xf2, 0x18, 0x7, 0xff, 0x30, 0xd0,
    0x3, 0xff, 0xfe, 0x1, 0xff, 0xff, 0x0, 0xff,
    0xff, 0x80, 0x7f, 0xff, 0xc0, 0x3f, 0xff, 0xe0,
    0x1f, 0xff, 0xf0, 0xf, 0xff, 0xf8, 0x7, 0xff,
    0xfc, 0x3, 0xff, 0xc5, 0xff, 0xff, 0xc6, 0x0,
    0xdf, 0xff, 0xfc, 0x60, 0xf, 0xff, 0xf8, 0x7,
    0xff, 0x84,

    /* U+F07D6 "󰟖" */
    0x0, 0xff, 0x84, 0x3, 0xff, 0xb0, 0x3f, 0x60,
    0x1f, 0xfd, 0x61, 0xf1, 0x4b, 0x0, 0xff, 0xea,
    0xf, 0x88, 0x1, 0x2c, 0x3, 0xff, 0xa4, 0x3e,
    0x20, 0x19, 0x2c, 0x3, 0xff, 0xa0, 0x3e, 0x20,
    0x1e, 0x4b, 0x0, 0xff, 0xe7, 0xf, 0x88, 0x4,
    0xa6, 0x1, 0x25, 0x80, 0x7f, 0xf3, 0x7, 0xc4,
    0x2, 0x6a, 0xd3, 0x0, 0x92, 0xc0, 0x3f, 0xf9,
    0x43, 0xe2, 0x1, 0x34, 0x80, 0xe9, 0x80, 0x49,
    0x60, 0x1f, 0xfc, 0x81, 0xf1, 0x0, 0x9a, 0x42,
    0x14, 0x74, 0xc0, 0x24, 0xb0, 0xf, 0xfe, 0x30,
    0xf8, 0x80, 0x4d, 0x21, 0xf, 0x4a, 0x3a, 0x60,
    0x12, 0x58, 0x7, 0xff, 0x10, 0x7c, 0x40, 0x25,
    0x90, 0x87, 0x0, 0x53, 0xe, 0x18, 0x4, 0x96,
    0x1, 0xff, 0xc3, 0x15, 0x0, 0xcc, 0x21, 0xa0,
    0x19, 0x40, 0x18, 0x60, 0x12, 0x60, 0x7, 0xff,
    0xe, 0xd0, 0x2, 0x3d, 0x15, 0xa0, 0x6, 0x18,
    0xa0, 0x61, 0x80, 0x47, 0x80, 0x1f, 0xfc, 0x3b,
    0x40, 0x8, 0xf4, 0x56, 0x70, 0xc7, 0x2d, 0x43,
    0xc, 0x2, 0x3c, 0x0, 0xff, 0xe1, 0xda, 0x0,
    0x47, 0xa0, 0xc6, 0x38, 0x41, 0x4a, 0x18, 0x60,
    0x11, 0xe0, 0x7, 0xff, 0xe, 0xd0, 0x2, 0x3c,
    0x0, 0x29, 0x0, 0x5e, 0x0, 0xc3, 0x0, 0x8f,
    0x0, 0x3f, 0xf8, 0x76, 0x80, 0x11, 0xe0, 0x25,
    0x0, 0x16, 0x80, 0x83, 0xc, 0x2, 0x3c, 0x0,
    0xff, 0xe1, 0xda, 0x0, 0x47, 0x80, 0xb4, 0xb4,
    0x11, 0xaa, 0x18, 0x60, 0x11, 0xe0, 0x7, 0xff,
    0xe, 0xd0, 0x2, 0x3c, 0x5, 0xa0, 0x87, 0xa,
    0x50, 0xc3, 0x0, 0x8f, 0x0, 0x3f, 0xf8, 0x76,
    0x80, 0x11, 0xe0, 0x0, 0x9c, 0x2, 0xb0, 0x6,
    0x18, 0x4, 0x78, 0x1, 0xff, 0xc3, 0xb4, 0x0,
    0x8f, 0x0, 0xa8, 0x0, 0x3a, 0x1, 0x61, 0x80,
    0x47, 0x80, 0x1f, 0xfc, 0x3b, 0x30, 0x8, 0xf0,
    0x16, 0x87, 0x4c, 0xb9, 0x43, 0xc, 0x2, 0x3c,
    0x0, 0xff, 0xe1, 0xe1, 0x80, 0x47, 0x80, 0xbc,
    0x65, 0x83, 0x4a, 0x18, 0x80, 0x11, 0xe0, 0x7,
    0xff, 0xf, 0xc, 0x2, 0x3c, 0x0, 0xb0, 0x40,
    0x14, 0x61, 0x62, 0x1, 0x1d, 0x80, 0x7f, 0xf0,
    0xf0, 0xc0, 0x23, 0xc0, 0x5, 0x80, 0x4e, 0x61,
    0x2, 0x1, 0xa0, 0x3, 0xff, 0x89, 0x86, 0x1,
    0x1e, 0x2, 0xd0, 0x3c, 0x4, 0x38, 0x6, 0x22,
    0x0, 0x7f, 0xf1, 0x70, 0xc0, 0x23, 0xc0, 0x5c,
    0x80, 0x87, 0x0, 0xe2, 0xc1, 0x0, 0xff, 0xe2,
    0xe1, 0x80, 0x47, 0x60, 0x61, 0xe, 0x1, 0xf1,
    0x60, 0x80, 0x7f, 0xf1, 0x70, 0xc0, 0x24, 0xb0,
    0x87, 0x0, 0xd6, 0xa0, 0x10, 0x88, 0x3, 0xff,
    0x8d, 0x86, 0x1, 0x27, 0x38, 0x6, 0xc4, 0xa5,
    0x3, 0xc0, 0xf, 0xfe, 0x46, 0x18, 0x4, 0x20,
    0x1a, 0xcc, 0x1, 0x51, 0x80, 0x1f, 0xfc, 0xac,
    0x30, 0xf, 0xb8, 0x3, 0x38, 0x7, 0xff, 0x33,
    0xc, 0x3, 0xcb, 0x40, 0x1f, 0xfd, 0x1c, 0x30,
    0x1, 0x0, 0x4a, 0xe0, 0x1f, 0xfd, 0x1c, 0x4c,
    0xc1, 0x0, 0xd, 0xc0, 0x3f, 0xfa, 0x56, 0x63,
    0x84, 0x78, 0x1, 0xff, 0xd6, 0x1c, 0xc0, 0x7,
    0xe0,

    /* U+F07E7 "󰟧" */
    0x0, 0x46, 0xff, 0xff, 0xf5, 0x35, 0xc0, 0x2c,
    0x72, 0x0, 0xff, 0xea, 0x14, 0x58, 0x41, 0x80,
    0x7f, 0xf6, 0x11, 0xd4, 0x3, 0xff, 0xb5, 0x44,
    0x1, 0xff, 0xc2, 0x59, 0xde, 0xff, 0x76, 0xca,
    0x80, 0x7f, 0xf0, 0x88, 0x3, 0xff, 0x80, 0x55,
    0xf4, 0xc4, 0x20, 0x1, 0x26, 0xaf, 0xa2, 0x0,
    0xff, 0xe5, 0xc6, 0xa8, 0x7, 0xff, 0x1, 0x76,
    0x0, 0x3f, 0xf9, 0x5, 0xae, 0x1, 0xff, 0xc4,
    0x7d, 0x20, 0xf, 0xfe, 0x29, 0xe1, 0x0, 0x7f,
    0xf1, 0x8b, 0xc, 0x3, 0xff, 0x86, 0x5a, 0x20,
    0x1f, 0xfc, 0x81, 0xd2, 0x0, 0xff, 0xe1, 0x78,
    0x80, 0x7f, 0xf2, 0x87, 0xc0, 0x3f, 0xf8, 0x30,
    0x40, 0x1f, 0xfc, 0xc2, 0x80, 0xf, 0xf8, 0x9c,
    0x3, 0xff, 0x9c, 0xe4, 0x1, 0xfe, 0x80, 0xf,
    0xfe, 0x84, 0x0, 0x7f, 0x94, 0x3, 0xff, 0xa0,
    0xa0, 0x1f, 0xcc, 0x1, 0xff, 0xd2, 0x50, 0xf,
    0xd8, 0x1, 0xff, 0xd2, 0xc0, 0xf, 0xce, 0x1,
    0xa3, 0xb9, 0x0, 0x1f, 0xfc, 0x28, 0xee, 0x40,
    0x6, 0x40, 0xf, 0xc6, 0x1, 0x43, 0x88, 0x9e,
    0x0, 0x3f, 0xf8, 0x10, 0xe2, 0x27, 0x80, 0x8,
    0xc0, 0x3f, 0x8, 0x4, 0xc0, 0x19, 0x80, 0x3f,
    0xf8, 0xc, 0x1, 0x98, 0x2, 0x10, 0xf, 0xff,
    0x20, 0x80, 0x4c, 0x1, 0x98, 0x3, 0xff, 0x80,
    0xc0, 0x19, 0x80, 0x21, 0x0, 0xfc, 0x60, 0x14,
    0x38, 0x89, 0xe0, 0x3, 0xff, 0x81, 0xe, 0x22,
    0x78, 0x0, 0x8c, 0x3, 0xf3, 0x80, 0x68, 0xee,
    0x40, 0x7, 0xff, 0xa, 0x3b, 0x90, 0x1, 0x90,
    0x3, 0xf6, 0x0, 0x7f, 0xf4, 0xb0, 0x3, 0xf3,
    0x80, 0x7f, 0xf4, 0x94, 0x3, 0xf0, 0xa8, 0x7,
    0xff, 0x41, 0x40, 0x3f, 0xd0, 0x1, 0xff, 0xd0,
    0x80, 0xf, 0xf1, 0x38, 0x7, 0xff, 0x39, 0xc8,
    0x3, 0xfe, 0x82, 0x0, 0xff, 0xe6, 0x14, 0x0,
    0x7f, 0xf0, 0x7c, 0x40, 0x3f, 0xf9, 0x43, 0xe0,
    0x1f, 0xfc, 0x22, 0xd1, 0x0, 0xff, 0xe4, 0xe,
    0x90, 0x7, 0xff, 0xc, 0xf0, 0x80, 0x3f, 0xf8,
    0xc5, 0x86, 0x1, 0xff, 0xc5, 0x2d, 0x70, 0xf,
    0xfe, 0x23, 0xe9, 0x0, 0x7f, 0xf2, 0x23, 0x54,
    0x3, 0xff, 0x80, 0xbb, 0x0, 0x1f, 0xfc, 0xb2,
    0xae, 0x95, 0x21, 0x0, 0x9, 0x2c, 0xfd, 0x10,
    0x7, 0xff, 0x0, 0x80, 0x3f, 0xf8, 0x22, 0xd5,
    0xbd, 0xfe, 0xed, 0xa6, 0x0, 0xff, 0xe1, 0x15,
    0x0, 0x7f, 0xf6, 0x95, 0xd0, 0x3, 0xff, 0xb0,
    0x70, 0x17, 0x4, 0x1, 0xff, 0xd4, 0x27, 0xc0,

    /* U+F07E8 "󰟨" */
    0x1, 0xae, 0xff, 0xff, 0xea, 0x75, 0x8, 0xf,
    0xa8, 0x80, 0x7f, 0xf5, 0x5, 0x7c, 0x6c, 0x40,
    0x3f, 0xfb, 0x3, 0x68, 0x1, 0xff, 0xda, 0x41,
    0x0, 0xbf, 0xff, 0xfa, 0x80, 0x10, 0x80, 0x7f,
    0xff, 0xc0, 0x3f, 0xff, 0xe0, 0x1f, 0xff, 0x8f,
    0xfc, 0x1, 0xff, 0xff, 0x0, 0xff, 0xff, 0x80,
    0x7f, 0xff, 0xc0, 0x3f, 0xff, 0xe0, 0x1f, 0xfc,
    0x4f, 0xfc, 0x1, 0xff, 0xff, 0x0, 0xff, 0xff,
    0x80, 0x7f, 0xff, 0xc0, 0x3f, 0xfb, 0xae, 0xff,
    0x0, 0x7f, 0x9d, 0xfe, 0x0, 0xff, 0xe2, 0x44,
    0x7c, 0x1, 0xfe, 0x88, 0xf8, 0x3, 0xff, 0xfe,
    0x1, 0xff, 0xf1, 0xff, 0xf8, 0x3, 0xfd, 0xff,
    0xf0, 0x7, 0xff, 0xfc, 0x3, 0xff, 0xfe, 0x1,
    0xff, 0xee, 0x10, 0xb, 0xff, 0xff, 0xa8, 0x1,
    0xa, 0x0, 0x7f, 0xf6, 0x92, 0x4, 0x3, 0xff,
    0xb0, 0x36, 0x58, 0xa2, 0x1, 0xff, 0xd4, 0x15,
    0xf1,

    /* U+F07E9 "󰟩" */
    0x0, 0x46, 0xff, 0xff, 0xf5, 0x35, 0xc0, 0x2c,
    0x72, 0x0, 0xff, 0xea, 0x14, 0x58, 0x41, 0x80,
    0x7f, 0xf6, 0x11, 0xd4, 0x3, 0xff, 0xb5, 0x44,
    0x1, 0xff, 0xc2, 0x59, 0xde, 0xff, 0x76, 0xca,
    0x80, 0x7f, 0xf0, 0x88, 0x3, 0xff, 0x80, 0x55,
    0xf4, 0xc4, 0x20, 0x1, 0x26, 0xaf, 0xa2, 0x0,
    0xff, 0xe5, 0xc6, 0xa8, 0x7, 0xff, 0x1, 0x76,
    0x0, 0x3f, 0xf9, 0x5, 0xae, 0x1, 0xff, 0xc4,
    0x7d, 0x20, 0xf, 0xfe, 0x29, 0xe1, 0x0, 0x7f,
    0xf1, 0x8b, 0xc, 0x3, 0xff, 0x86, 0x5a, 0x20,
    0x1f, 0xfc, 0x81, 0xd2, 0x0, 0xff, 0xe1, 0x78,
    0x80, 0x5f, 0xf8, 0x3, 0xff, 0x86, 0x3e, 0x1,
    0xff, 0xc1, 0x82, 0x0, 0xff, 0xe2, 0x7f, 0xe0,
    0xc, 0x50, 0x1, 0xff, 0x13, 0x80, 0x7f, 0xf3,
    0x9c, 0x80, 0x3f, 0xd0, 0x1, 0xff, 0xd0, 0x80,
    0xf, 0xf2, 0x80, 0x7f, 0xf4, 0x14, 0x3, 0xf9,
    0x80, 0x3f, 0xfa, 0x4a, 0x1, 0xfb, 0x0, 0x3f,
    0xfa, 0x58, 0x1, 0xf9, 0xc0, 0x3f, 0xfa, 0x48,
    0x1, 0xf8, 0xc0, 0x3f, 0xfa, 0x46, 0x1, 0xf8,
    0x40, 0x3f, 0xf8, 0xff, 0xf8, 0x3, 0xe1, 0x0,
    0xff, 0xe2, 0x7f, 0xe0, 0xf, 0xfe, 0x80, 0x80,
    0x7f, 0xf4, 0x84, 0x3, 0xf1, 0x80, 0x7f, 0xf4,
    0x8c, 0x3, 0xf3, 0x80, 0x7f, 0xf4, 0x90, 0x3,
    0xf6, 0x0, 0x7f, 0xf4, 0xb0, 0x3, 0xf3, 0x80,
    0x7f, 0xf0, 0x45, 0x58, 0x40, 0x3f, 0xf8, 0x2a,
    0x1, 0xf8, 0x54, 0x3, 0xfe, 0x3f, 0xa9, 0xf3,
    0x0, 0xff, 0x94, 0x3, 0xfd, 0x0, 0x1f, 0xf7,
    0x88, 0x0, 0x7c, 0x3, 0xfe, 0x80, 0xf, 0xf1,
    0x38, 0x7, 0xf8, 0xc0, 0x31, 0x80, 0x7f, 0x9c,
    0x80, 0x3f, 0xe8, 0x20, 0xf, 0xfe, 0x61, 0x40,
    0x7, 0xff, 0x7, 0xc4, 0x3, 0xf7, 0xff, 0x80,
    0x3f, 0xf, 0x80, 0x7f, 0xf0, 0x8b, 0x44, 0x3,
    0xff, 0x90, 0x3a, 0x40, 0x1f, 0xfc, 0x33, 0xc2,
    0x0, 0xff, 0xe3, 0x16, 0x18, 0x7, 0xff, 0x14,
    0xb5, 0xc0, 0x3f, 0xf8, 0x8f, 0xa4, 0x1, 0xff,
    0xc8, 0x8d, 0x50, 0xf, 0xfe, 0x2, 0xec, 0x0,
    0x7f, 0xf2, 0xca, 0xba, 0x54, 0x84, 0x0, 0x24,
    0xb3, 0xf4, 0x40, 0x1f, 0xfc, 0x2, 0x0, 0xff,
    0xe0, 0x8b, 0x56, 0xf7, 0xfb, 0xb6, 0x98, 0x3,
    0xff, 0x84, 0x54, 0x1, 0xff, 0xda, 0x57, 0x40,
    0xf, 0xfe, 0xc1, 0xc0, 0x5c, 0x10, 0x7, 0xff,
    0x50, 0x9f, 0x0,

    /* U+F07F4 "󰟴" */
    0x0, 0xff, 0x8e, 0xc0, 0x3f, 0xf8, 0x56, 0x60,
    0x1f, 0xfc, 0x93, 0xc4, 0xc0, 0xf, 0xfe, 0x6,
    0x26, 0x18, 0x7, 0xff, 0x1c, 0xf0, 0x0, 0x78,
    0x1, 0xfe, 0xc3, 0x0, 0x61, 0x80, 0x7f, 0xf1,
    0x8c, 0xc0, 0x11, 0xe0, 0x7, 0xec, 0x30, 0x8,
    0xcc, 0x1, 0xff, 0xc7, 0xc3, 0x0, 0x8f, 0x0,
    0x3d, 0x86, 0x1, 0x1e, 0x0, 0x7f, 0xf2, 0x70,
    0xc0, 0x23, 0xc0, 0xd, 0x86, 0x1, 0x1e, 0x0,
    0x7f, 0xf2, 0xf0, 0xc0, 0x23, 0xc0, 0x6, 0x18,
    0x4, 0x78, 0x1, 0xff, 0xcd, 0xd3, 0x0, 0x8f,
    0x30, 0x60, 0x11, 0xe8, 0x7, 0xff, 0x8, 0xaf,
    0xff, 0xfd, 0xc6, 0x1, 0x8c, 0xc0, 0x18, 0xfb,
    0xff, 0xfd, 0x64, 0x5, 0x88, 0x1, 0xff, 0xd6,
    0x4c, 0x28, 0x10, 0xf, 0xfe, 0xc0, 0xc2, 0x0,
    0x7f, 0xf6, 0x90, 0x40, 0x2f, 0xff, 0xfe, 0x70,
    0x4, 0x9d, 0xc4, 0x0, 0x8, 0x7, 0xff, 0x56,
    0x44, 0x52, 0x1, 0xff, 0xff, 0x9, 0x11, 0x48,
    0x7, 0xff, 0x61, 0x3b, 0x88, 0x1, 0xff, 0xff,
    0x4, 0xee, 0x20, 0x7, 0xff, 0x62, 0x44, 0x52,
    0x1, 0xff, 0xff, 0x9, 0x11, 0x48, 0x7, 0xff,
    0x61, 0x3b, 0x88, 0x1, 0xff, 0xff, 0x0, 0xff,
    0xff, 0x80, 0x7f, 0xff, 0xc0, 0x3f, 0xff, 0xe0,
    0x1f, 0xff, 0x31, 0x0, 0xbf, 0xff, 0xf9, 0xc0,
    0x1f, 0xc2, 0x80, 0x1f, 0xfd, 0xa4, 0x81, 0x0,
    0xff, 0xec, 0xc, 0x16, 0x20, 0x7, 0xff, 0x59,
    0x70, 0x80,

    /* U+F081D "󰠝" */
    0x0, 0xff, 0xe2, 0x94, 0x67, 0x7f, 0x64, 0x10,
    0x7, 0xff, 0x4d, 0xb5, 0xcc, 0x40, 0x4d, 0xf6,
    0x40, 0x3f, 0xfa, 0x29, 0x20, 0x1f, 0xcd, 0x40,
    0x1f, 0xfd, 0xa, 0x0, 0xff, 0x94, 0xc0, 0x3f,
    0xf8, 0x23, 0x84, 0x1, 0xfe, 0x51, 0x0, 0xff,
    0xe0, 0x20, 0x7, 0xff, 0x0, 0x70, 0xf0, 0x80,
    0x3f, 0xbc, 0x3, 0xff, 0x9d, 0x44, 0x3, 0x84,
    0x1, 0xf9, 0x80, 0x3f, 0xf8, 0x28, 0x1, 0xff,
    0xc0, 0xa2, 0x0, 0xe, 0x10, 0x7, 0xc2, 0x1,
    0xff, 0xc0, 0x43, 0x0, 0xff, 0xe0, 0xf, 0x88,
    0x0, 0x70, 0x80, 0x3f, 0xf8, 0xc7, 0x40, 0x1f,
    0xfc, 0x22, 0xc1, 0x0, 0xe, 0x10, 0x7, 0x30,
    0x7, 0xf9, 0xf0, 0x40, 0x3f, 0xf8, 0x65, 0x82,
    0x0, 0x1c, 0x20, 0xc, 0x60, 0x1f, 0xd9, 0x0,
    0x1f, 0xfc, 0x66, 0x40, 0x8, 0x70, 0x80, 0x28,
    0x30, 0xf, 0xa4, 0xc0, 0x3f, 0xf8, 0xd7, 0x65,
    0x0, 0xc3, 0x84, 0x1, 0x61, 0x80, 0x71, 0x30,
    0x7, 0xff, 0x1a, 0x50, 0x3, 0xe1, 0xc2, 0x0,
    0xb0, 0xc0, 0x32, 0x80, 0x7f, 0xf1, 0x89, 0x80,
    0x3f, 0x87, 0x8, 0x2, 0xc3, 0x0, 0xfe, 0x48,
    0xbc, 0xdc, 0xa6, 0x0, 0xea, 0x0, 0xff, 0x87,
    0x8, 0x2, 0xc3, 0x0, 0x3e, 0x89, 0x4f, 0xdb,
    0xa1, 0x91, 0xac, 0xfb, 0x0, 0x46, 0x1, 0xff,
    0xc0, 0x1c, 0x20, 0xb, 0xc, 0x0, 0x5f, 0xac,
    0x1, 0xfe, 0x98, 0x0, 0x28, 0x7, 0xff, 0x4,
    0x70, 0x80, 0x2c, 0x30, 0x0, 0x80, 0x7f, 0xf0,
    0x5c, 0xc0, 0x40, 0x3f, 0xf8, 0x43, 0x84, 0x1,
    0x61, 0x80, 0x7f, 0xf1, 0x24, 0x4, 0x3, 0xff,
    0x86, 0x38, 0x40, 0x16, 0x18, 0x7, 0xff, 0xd,
    0x0, 0xc0, 0x3f, 0xf8, 0x83, 0x84, 0x1, 0x61,
    0x80, 0x7f, 0xf0, 0x84, 0x14, 0x3, 0xff, 0x8a,
    0x38, 0x40, 0x16, 0x18, 0x7, 0xff, 0xe, 0x80,
    0x3f, 0xf8, 0xc3, 0x84, 0x1, 0x64, 0x10, 0x7,
    0xff, 0x4, 0xa4, 0x3, 0xff, 0x82, 0x20, 0x18,
    0x70, 0x80, 0x27, 0xda, 0x10, 0xf, 0xe2, 0x0,
    0x35, 0x8, 0x7, 0xf3, 0x6f, 0x90, 0x6, 0x1c,
    0x20, 0xc, 0xb8, 0x1, 0xfc, 0x80, 0x12, 0xf4,
    0xa9, 0x91, 0x11, 0xef, 0xe4, 0x87, 0x58, 0x3,
    0xe, 0x10, 0x6, 0x2a, 0x0, 0xfd, 0xa0, 0x1c,
    0xd5, 0x9b, 0xab, 0x84, 0x0, 0xe1, 0x0, 0xe1,
    0xc2, 0x0, 0xca, 0x80, 0x1e, 0x44, 0x0, 0x7f,
    0xf1, 0x94, 0x3, 0xc3, 0x84, 0x1, 0xad, 0x80,
    0x32, 0x58, 0x7, 0xff, 0x19, 0x48, 0x3, 0xe1,
    0xc2, 0x0, 0xd3, 0x91, 0xc, 0xb0, 0xf, 0xfe,
    0x31, 0xd0, 0x7, 0xf0, 0xe1, 0x0, 0x63, 0x77,
    0x18, 0x7, 0xff, 0x19, 0xf0, 0x3, 0xfe, 0x1c,
    0x20, 0xf, 0xfe, 0x58, 0xe4, 0x0, 0x7f, 0xf0,
    0x47, 0x8, 0x3, 0xff, 0x95, 0x46, 0x1, 0xff,
    0x9, 0x0, 0x7, 0x8, 0x3, 0xff, 0x90, 0x68,
    0x1, 0xff, 0xc0, 0x3c, 0x20, 0x0, 0xe1, 0x0,
    0x7f, 0xf1, 0xd0, 0x3, 0xff, 0x82, 0xe3, 0x84,
    0x0, 0x1c, 0x20, 0xf, 0xfe, 0xa6, 0x0, 0xe1,
    0x0, 0x7, 0x8, 0x3, 0xff, 0x8a, 0x80, 0x1f,
    0xfc, 0x1, 0x60, 0x0, 0xe1, 0x0, 0x7, 0x8,
    0x3, 0xff, 0x88, 0x6a, 0x1, 0xff, 0x58, 0x6,
    0x1c, 0x20, 0x0, 0xf0, 0x7, 0xff, 0x16, 0x98,
    0x3, 0xfa, 0x14, 0x3, 0x87, 0x8, 0xb, 0x40,
    0x3f, 0xf8, 0xd3, 0xae, 0x82, 0x2, 0x4d, 0xae,
    0x1, 0xf0, 0xe2, 0x60, 0x80, 0x70,

    /* U+F0901 "󰤁" */
    0x0, 0xff, 0xe0, 0xb, 0x4e, 0xf7, 0xfb, 0xb6,
    0x58, 0x40, 0x3f, 0xf9, 0x4b, 0x9d, 0x2c, 0x42,
    0x0, 0x12, 0x69, 0xec, 0x50, 0xf, 0xfe, 0x31,
    0xe5, 0x18, 0x7, 0xff, 0x0, 0xeb, 0xc, 0x3,
    0xff, 0x87, 0x18, 0x60, 0x1f, 0xfc, 0x43, 0xc8,
    0x0, 0xff, 0xe0, 0xdb, 0x80, 0x71, 0xc5, 0xef,
    0x7e, 0xdc, 0x18, 0x7, 0x3d, 0x80, 0x7f, 0xd8,
    0x80, 0x19, 0x77, 0x1d, 0x8, 0x40, 0x91, 0xf3,
    0x54, 0x3, 0x26, 0x0, 0x7f, 0x59, 0x80, 0x45,
    0x94, 0x40, 0x1f, 0xe2, 0xac, 0x20, 0x8, 0xec,
    0x3, 0xe8, 0x40, 0x9, 0x34, 0xc0, 0x3f, 0xf8,
    0x47, 0xa8, 0x1, 0x24, 0x0, 0x71, 0xb8, 0x4,
    0x96, 0x1, 0xf7, 0xfe, 0x0, 0xfa, 0xd0, 0x2,
    0x73, 0x0, 0xde, 0x1, 0x15, 0x80, 0x7f, 0xf2,
    0x2c, 0x80, 0x2f, 0x0, 0x94, 0xc0, 0x2e, 0x0,
    0xff, 0xe5, 0x70, 0x4, 0x6a, 0x0, 0x90, 0x9,
    0x4c, 0x3, 0xff, 0x94, 0x6a, 0x1, 0x48, 0x9,
    0x80, 0x50, 0x1, 0xff, 0xcc, 0x80, 0x8, 0xc5,
    0xc0, 0x23, 0x20, 0xf, 0xfe, 0x61, 0x18, 0x4,
    0xf8, 0x1, 0x58, 0x7, 0xff, 0x3a, 0xc0, 0x2f,
    0x70, 0x8, 0xc0, 0x3f, 0xf9, 0xc6, 0x1, 0x21,
    0x80, 0x4a, 0x1, 0xff, 0xce, 0x60, 0x8, 0xc4,
    0x2, 0x10, 0xf, 0xfe, 0x71, 0x0, 0x42, 0x1,
    0xff, 0xd3, 0x10, 0xc, 0x20, 0x10, 0x80, 0x7f,
    0xf3, 0x8c, 0x2, 0x13, 0x0, 0x94, 0x3, 0xff,
    0x9c, 0xc0, 0x11, 0xb8, 0x4, 0x60, 0x1f, 0xfc,
    0xe3, 0x0, 0x93, 0x0, 0x2b, 0x0, 0xff, 0xe7,
    0x58, 0x5, 0xee, 0x1, 0x19, 0x0, 0x7f, 0xf3,
    0x8, 0xc0, 0x27, 0x13, 0x0, 0xa0, 0x3, 0xff,
    0x99, 0x0, 0x11, 0x88, 0x48, 0x4, 0xa6, 0x1,
    0xff, 0xca, 0x35, 0x0, 0xa4, 0x0, 0xa6, 0x1,
    0x70, 0x7, 0xff, 0x2b, 0x80, 0x23, 0x50, 0xb,
    0xc0, 0x22, 0xb0, 0xf, 0xfe, 0x45, 0x90, 0x5,
    0xe0, 0x18, 0xdc, 0x2, 0x4b, 0x0, 0xfb, 0xff,
    0x0, 0x7d, 0x68, 0x1, 0x39, 0x80, 0x74, 0x20,
    0x4, 0x9a, 0x60, 0x1f, 0xfc, 0x23, 0xd4, 0x0,
    0x92, 0x0, 0x3e, 0xb3, 0x0, 0x8b, 0x28, 0x80,
    0x3f, 0xc5, 0x58, 0x40, 0x11, 0xd8, 0x7, 0xf6,
    0x20, 0x6, 0x5d, 0xc7, 0x41, 0x0, 0xa, 0x3e,
    0x6a, 0x80, 0x64, 0xc0, 0xf, 0xfa, 0xdc, 0x3,
    0x8e, 0x2f, 0xbf, 0xdd, 0x70, 0x60, 0x1c, 0xf6,
    0x1, 0xff, 0xc1, 0x8c, 0x30, 0xf, 0xfe, 0x21,
    0xe4, 0x0, 0x7f, 0xf0, 0xcf, 0x28, 0xc0, 0x3f,
    0xf8, 0x7, 0x58, 0x60, 0x1f, 0xfc, 0x65, 0xce,
    0x95, 0x21, 0x0, 0x9, 0x2c, 0xf6, 0x28, 0x7,
    0xf8,

    /* U+F0902 "󰤂" */
    0x0, 0xff, 0xe0, 0xb, 0x4e, 0xf7, 0xfb, 0xb6,
    0x58, 0x40, 0x3f, 0xf9, 0x4b, 0x9d, 0x2c, 0x42,
    0x0, 0x12, 0x69, 0xec, 0x50, 0xf, 0xfe, 0x31,
    0xe5, 0x18, 0x7, 0xff, 0x0, 0xeb, 0xc, 0x3,
    0xff, 0x87, 0x18, 0x60, 0x1f, 0xfc, 0x43, 0xc8,
    0x0, 0xff, 0xe0, 0xdb, 0x80, 0x71, 0xc5, 0xef,
    0x7e, 0xdc, 0x18, 0x7, 0x3d, 0x80, 0x7f, 0xd8,
    0x80, 0x19, 0x77, 0x1d, 0x8, 0x40, 0x91, 0xf3,
    0x54, 0x3, 0x26, 0x0, 0x7f, 0x59, 0x80, 0x45,
    0x94, 0x40, 0x1f, 0xe2, 0xac, 0x20, 0x8, 0xec,
    0x3, 0xe8, 0x40, 0x9, 0x34, 0xc0, 0x3f, 0xf8,
    0x47, 0xa8, 0x1, 0x24, 0x0, 0x71, 0xb8, 0x4,
    0x96, 0x1, 0xff, 0xc6, 0xb4, 0x0, 0x9c, 0xc0,
    0x37, 0x80, 0x45, 0x60, 0x1f, 0xfc, 0x8b, 0x20,
    0xb, 0xc0, 0x25, 0x30, 0xb, 0x80, 0x3f, 0xf9,
    0x5c, 0x1, 0x1a, 0x80, 0x24, 0x2, 0x53, 0x0,
    0xff, 0xe5, 0x1a, 0x80, 0x52, 0x2, 0x60, 0x14,
    0x0, 0x7f, 0xf3, 0x20, 0x2, 0x31, 0x70, 0x8,
    0xc8, 0x3, 0xff, 0x98, 0x46, 0x1, 0x3e, 0x0,
    0x56, 0x1, 0xff, 0xce, 0xb0, 0xb, 0xdc, 0x2,
    0x30, 0xf, 0xfe, 0x71, 0x80, 0x48, 0x60, 0x12,
    0x80, 0x7f, 0xf3, 0x98, 0x2, 0x31, 0x0, 0x84,
    0x3, 0xff, 0x9c, 0x40, 0x10, 0x80, 0x7f, 0xf4,
    0xc4, 0x3, 0x8, 0x4, 0x20, 0x1f, 0xfc, 0xe3,
    0x0, 0x84, 0xc0, 0x25, 0x0, 0xff, 0xe7, 0x30,
    0x4, 0x6e, 0x1, 0x18, 0x7, 0xff, 0x38, 0xc0,
    0x24, 0xc0, 0xa, 0xc0, 0x3f, 0xf9, 0xd6, 0x1,
    0x7b, 0x80, 0x46, 0x40, 0x1f, 0xfc, 0xc2, 0x30,
    0x9, 0xc4, 0xc0, 0x28, 0x0, 0xff, 0xe6, 0x40,
    0x4, 0x62, 0x12, 0x1, 0x29, 0x80, 0x7f, 0xf2,
    0x8d, 0x40, 0x29, 0x0, 0x29, 0x80, 0x5c, 0x1,
    0xff, 0xca, 0xe0, 0x8, 0xd4, 0x2, 0xf0, 0x8,
    0xac, 0x3, 0xff, 0x91, 0x64, 0x1, 0x78, 0x6,
    0x37, 0x0, 0x92, 0xc0, 0x3f, 0xf8, 0xd6, 0x80,
    0x13, 0x98, 0x7, 0x42, 0x0, 0x49, 0xa6, 0x1,
    0xff, 0xc2, 0x3d, 0x40, 0x9, 0x20, 0x3, 0xeb,
    0x30, 0x8, 0xb2, 0x88, 0x3, 0xfc, 0x55, 0x84,
    0x1, 0x1d, 0x80, 0x7f, 0x62, 0x0, 0x65, 0xdc,
    0x74, 0x10, 0x0, 0xa3, 0xe6, 0xa8, 0x6, 0x4c,
    0x0, 0xff, 0xad, 0xc0, 0x38, 0xe2, 0xfb, 0xfd,
    0xd7, 0x6, 0x1, 0xcf, 0x60, 0x1f, 0xfc, 0x18,
    0xc3, 0x0, 0xff, 0xe2, 0x1e, 0x40, 0x7, 0xff,
    0xc, 0xf2, 0x8c, 0x3, 0xff, 0x80, 0x75, 0x86,
    0x1, 0xff, 0xc6, 0x5c, 0xe9, 0x52, 0x10, 0x0,
    0x92, 0xcf, 0x62, 0x80, 0x7f, 0x80,

    /* U+F0903 "󰤃" */
    0xff, 0xc0, 0x1f, 0xff, 0xf0, 0xf, 0xff, 0xa8,

    /* U+F0905 "󰤅" */
    0x0, 0x46, 0xff, 0xff, 0xf5, 0x35, 0xc0, 0x2c,
    0x72, 0x0, 0xff, 0xea, 0x14, 0x58, 0x41, 0x80,
    0x7f, 0xf6, 0x11, 0xd4, 0x3, 0xff, 0xb5, 0x44,
    0x1, 0xff, 0xc2, 0x59, 0xde, 0xff, 0x76, 0xca,
    0x80, 0x7f, 0xf0, 0x88, 0x3, 0xff, 0x80, 0x55,
    0xf4, 0xc4, 0x20, 0x1, 0x26, 0xaf, 0xa2, 0x0,
    0xff, 0xe5, 0xc6, 0xa8, 0x7, 0xff, 0x1, 0x76,
    0x0, 0x3f, 0xf9, 0x5, 0xae, 0x1, 0xff, 0xc4,
    0x7d, 0x20, 0xf, 0xfe, 0x29, 0xe1, 0x0, 0x7f,
    0xf1, 0x8b, 0xc, 0x3, 0xff, 0x86, 0x5a, 0x20,
    0x1f, 0xfc, 0x81, 0xd2, 0x0, 0xff, 0xe1, 0x78,
    0x80, 0x7f, 0xf2, 0x87, 0xc0, 0x3f, 0xf8, 0x30,
    0x40, 0x1a, 0x54, 0x3, 0xff, 0x80, 0xb2, 0x1,
    0x8a, 0x0, 0x3f, 0xe2, 0x70, 0xc, 0x8d, 0x58,
    0x60, 0x1f, 0x8f, 0x29, 0x90, 0x3, 0x39, 0x0,
    0x7f, 0xa0, 0x3, 0xa4, 0x0, 0x70, 0x1, 0xfa,
    0xc, 0x1, 0x20, 0x1d, 0x0, 0x1f, 0xe5, 0x0,
    0xcc, 0x40, 0x14, 0x80, 0x7e, 0x90, 0x8, 0x98,
    0x3, 0x28, 0x7, 0xf3, 0x0, 0x61, 0x80, 0x9,
    0x88, 0x3, 0xf1, 0x30, 0x5, 0x2, 0x1, 0x94,
    0x3, 0xf6, 0x0, 0x68, 0x10, 0x0, 0xc0, 0x7,
    0xfa, 0x0, 0x21, 0x80, 0xd, 0x80, 0x1f, 0x9c,
    0x2, 0x26, 0x0, 0xa4, 0x40, 0x3f, 0xc3, 0x0,
    0x13, 0x10, 0x4, 0x80, 0x1f, 0x88, 0x2, 0x36,
    0x0, 0x13, 0x80, 0x7f, 0xf0, 0x1c, 0x80, 0xc,
    0x60, 0x11, 0x80, 0x7f, 0xf0, 0x6, 0x75, 0x20,
    0x3, 0xff, 0x85, 0x9, 0xb2, 0x20, 0x10, 0x80,
    0x7f, 0xf0, 0x8a, 0xd4, 0x3, 0xff, 0x84, 0xb6,
    0x40, 0x1f, 0xfe, 0x11, 0x0, 0xfc, 0x40, 0x1f,
    0xfd, 0x23, 0x0, 0xfc, 0xe0, 0x1f, 0xfd, 0x24,
    0x0, 0xfd, 0x80, 0x1f, 0xfc, 0x1f, 0xfc, 0x1,
    0xff, 0xc1, 0xc0, 0xf, 0xce, 0x1, 0xff, 0xd2,
    0x50, 0xf, 0xc2, 0xa0, 0x1f, 0xfd, 0x5, 0x0,
    0xff, 0x40, 0x7, 0xff, 0x42, 0x0, 0x3f, 0xc4,
    0xe0, 0x1f, 0xfc, 0xe7, 0x20, 0xf, 0xfa, 0x8,
    0x3, 0xff, 0x98, 0x50, 0x1, 0xff, 0xc1, 0xf1,
    0x0, 0xff, 0xe5, 0xf, 0x80, 0x7f, 0xf0, 0x8b,
    0x44, 0x3, 0xff, 0x90, 0x3a, 0x40, 0x1f, 0xfc,
    0x33, 0xc2, 0x0, 0xfb, 0xff, 0x0, 0x7c, 0x58,
    0x60, 0x1f, 0xfc, 0x52, 0xd7, 0x0, 0xff, 0xe2,
    0x3e, 0x90, 0x7, 0xff, 0x22, 0x35, 0x40, 0x3f,
    0xf8, 0xb, 0xb0, 0x1, 0xff, 0xcb, 0x2a, 0xe9,
    0x52, 0x0, 0xc4, 0xb3, 0xf4, 0x40, 0x1f, 0xfc,
    0x2, 0x0, 0xff, 0xe0, 0x8b, 0x56, 0xff, 0xed,
    0xa6, 0x0, 0xff, 0xe1, 0x15, 0x0, 0x7f, 0xf6,
    0x95, 0xd0, 0x3, 0xff, 0xb0, 0x70, 0x17, 0x4,
    0x1, 0xff, 0xd4, 0x27, 0xc0,

    /* U+F0906 "󰤆" */
    0x0, 0xff, 0xe2, 0xff, 0xe0, 0xf, 0xff, 0xf8,
    0x7, 0xff, 0xbd, 0x80, 0x3f, 0xf9, 0x4c, 0x20,
    0x1f, 0xe1, 0xc9, 0x80, 0xf, 0xfe, 0x44, 0x4e,
    0x8, 0x7, 0xf6, 0x98, 0x3c, 0x0, 0x7f, 0xf1,
    0x9d, 0xc0, 0x5a, 0x1, 0xfa, 0x4c, 0x2, 0x30,
    0xf, 0xfe, 0x35, 0x80, 0x47, 0x20, 0x1e, 0x36,
    0x0, 0x8e, 0xc0, 0x3f, 0xf8, 0xd8, 0x60, 0x13,
    0x20, 0x7, 0x78, 0x4, 0x3a, 0x1, 0xff, 0xc8,
    0xd1, 0x0, 0xa4, 0x3, 0x29, 0x80, 0x54, 0x20,
    0x1f, 0xfc, 0x81, 0xa0, 0x8, 0x94, 0x2, 0xe0,
    0x9, 0x50, 0x3, 0xff, 0x94, 0x8a, 0x1, 0x48,
    0x0, 0x50, 0x2, 0x90, 0xf, 0xfe, 0x64, 0x0,
    0x46, 0x40, 0xe0, 0x11, 0x98, 0x3, 0xff, 0x98,
    0x46, 0x1, 0x20, 0x60, 0x4, 0x80, 0x1f, 0xfc,
    0xeb, 0x0, 0xb0, 0x18, 0x2, 0xc0, 0xf, 0xfe,
    0x71, 0x80, 0x4c, 0x4, 0x1, 0x28, 0x7, 0xff,
    0x39, 0x80, 0x22, 0x1, 0x0, 0x84, 0x3, 0xff,
    0x9c, 0x40, 0x10, 0x80, 0x7f, 0xf5, 0x4, 0x3,
    0x84, 0x2, 0x10, 0xf, 0xfe, 0x71, 0x80, 0x42,
    0x4, 0x1, 0x28, 0x7, 0xfd, 0xff, 0x80, 0x3f,
    0xe6, 0x0, 0x88, 0x18, 0x2, 0x30, 0xf, 0xfe,
    0x71, 0x80, 0x4c, 0x18, 0x1, 0x58, 0x7, 0xff,
    0x3a, 0xc0, 0x2c, 0x4, 0x0, 0x8c, 0x80, 0x3f,
    0xf9, 0x84, 0x60, 0x12, 0x1, 0x18, 0x5, 0x0,
    0x1f, 0xfc, 0xc8, 0x0, 0x8c, 0x80, 0x14, 0x1,
    0x29, 0x80, 0x7f, 0xf2, 0x8d, 0x40, 0x29, 0x0,
    0x98, 0x80, 0x2e, 0x0, 0xff, 0xe5, 0x70, 0x4,
    0x4a, 0x1, 0xa0, 0x2, 0x2b, 0x0, 0xff, 0xe4,
    0x59, 0x0, 0x52, 0x1, 0xca, 0xa0, 0x9, 0x2c,
    0x3, 0xff, 0x8d, 0x68, 0x1, 0x2a, 0x0, 0x7a,
    0x88, 0x2, 0x4d, 0x30, 0xf, 0xfe, 0x11, 0xea,
    0x0, 0x47, 0x40, 0x1f, 0xb0, 0x40, 0x22, 0xca,
    0x20, 0xf, 0xf1, 0x56, 0x10, 0x4, 0x5a, 0x1,
    0xfc, 0x38, 0x40, 0x19, 0x77, 0x1d, 0x4, 0x0,
    0x28, 0xf9, 0xaa, 0x1, 0x8b, 0x4, 0x3, 0xfc,
    0x58, 0x80, 0x1c, 0x71, 0x7d, 0xfe, 0xeb, 0x83,
    0x0, 0xe5, 0xd1, 0x0, 0xff, 0xe0, 0xd, 0xd0,
    0x80, 0x7f, 0xf1, 0x6, 0xa8, 0x1, 0xff, 0xc4,
    0x5e, 0x92, 0x0, 0xff, 0xe0, 0x14, 0x72, 0x80,
    0x7f, 0xf1, 0xdb, 0x75, 0xa, 0x40, 0x18, 0x92,
    0x33, 0x5c, 0x3, 0xff, 0x96, 0x4f, 0x5b, 0xff,
    0xb6, 0xdc, 0xc0, 0x3f, 0xf8, 0x0,

    /* U+F0907 "󰤇" */
    0x0, 0xff, 0xe0, 0x8e, 0x7f, 0xdd, 0x90, 0x40,
    0x1f, 0xfd, 0x9, 0x30, 0x8, 0x4d, 0xf6, 0x88,
    0x3, 0xff, 0x9d, 0xe0, 0x1f, 0x97, 0x54, 0x3,
    0xff, 0x9a, 0xee, 0x31, 0x0, 0xfa, 0x98, 0x3,
    0xff, 0x9b, 0x1e, 0x20, 0x1f, 0xa5, 0x0, 0x3f,
    0xf9, 0xb4, 0x1, 0xfe, 0xa4, 0x30, 0xf, 0xfe,
    0x5f, 0x80, 0x7f, 0x86, 0xf3, 0xe4, 0x40, 0x3f,
    0xf9, 0xd, 0x2c, 0xa4, 0x1, 0xfe, 0x6f, 0x30,
    0xf, 0xfe, 0x43, 0x4d, 0x6f, 0x40, 0x7, 0xf0,
    0xe1, 0x80, 0x7f, 0xf2, 0xc4, 0x80, 0x3e, 0x37,
    0x30, 0xc2, 0x0, 0xff, 0xe5, 0xc8, 0x7, 0x8b,
    0x23, 0x8, 0x3c, 0x3, 0xff, 0x96, 0x60, 0x1e,
    0x70, 0x9, 0xc0, 0xa0, 0x3, 0xff, 0xa2, 0x84,
    0x4, 0x80, 0x6, 0x0, 0xff, 0x92, 0x6f, 0x2a,
    0x5d, 0x50, 0xe4, 0x3, 0xe1, 0xdd, 0x84, 0x0,
    0x24, 0x1, 0xf9, 0x7a, 0xd9, 0xd, 0x5a, 0x2a,
    0xf1, 0x80, 0x3f, 0x88, 0x3, 0xff, 0x83, 0x34,
    0x20, 0x1f, 0xfc, 0xe2, 0x0, 0xf5, 0x30, 0x7,
    0xff, 0x3d, 0xc0, 0x3c, 0xca, 0x1, 0xff, 0xcf,
    0x48, 0x0, 0xe1, 0x90, 0xf, 0xfe, 0x60, 0x92,
    0x4d, 0x80, 0x7a, 0x40, 0x3f, 0xf9, 0xb1, 0xb6,
    0xc0, 0x1f, 0x20, 0x7, 0xff, 0x8, 0x48, 0x3,
    0xf8, 0x80, 0x3f, 0xc6, 0x1, 0xff, 0xc0, 0x5d,
    0xed, 0xe6, 0x0, 0xf9, 0x0, 0x3f, 0xf9, 0x4f,
    0x0, 0x10, 0xcc, 0x0, 0x73, 0x80, 0x7f, 0x84,
    0x3, 0xff, 0x80, 0xdb, 0xaf, 0x90, 0x3, 0x90,
    0x4, 0x50, 0x1, 0xff, 0xcb, 0x10, 0x9, 0xb0,
    0x1, 0x40, 0x17, 0x0, 0x7f, 0xf4, 0x4d, 0x80,
    0xc0, 0x2b, 0x0, 0xfe, 0x15, 0x70, 0xf, 0xfe,
    0x36, 0x83, 0x0, 0x4e, 0x40, 0x1f, 0xf, 0xd4,
    0x80, 0x7f, 0xf1, 0x98, 0x9, 0x80, 0x29, 0x0,
    0xfa, 0xc4, 0x3, 0xff, 0x90, 0xc0, 0x8, 0x0,
    0x91, 0x0, 0x1e, 0x60, 0xf, 0xfe, 0x4e, 0x80,
    0x6, 0x0, 0x29, 0x0, 0xf2, 0x0, 0x62, 0x0,
    0xff, 0xe1, 0x9b, 0x0, 0x4e, 0x40, 0x2, 0x70,
    0xe, 0x84, 0x0, 0x1e, 0x60, 0x40, 0x3f, 0xf8,
    0xd, 0x80, 0x1d, 0x0, 0x14, 0x8, 0x7, 0x5e,
    0xeb, 0x5, 0x84, 0x3, 0xfe, 0x25, 0xcc, 0xa0,
    0x0, 0xa8, 0x1, 0x58, 0x7, 0x88, 0x80, 0xa,
    0x0, 0xff, 0xe0, 0x11, 0x9f, 0x0, 0x52, 0x1,
    0x29, 0x80, 0x7f, 0xf4, 0xc9, 0x80, 0x2f, 0x0,
    0xfe, 0x80, 0xf, 0xfe, 0x54, 0x0, 0x46, 0xc0,
    0x0,

    /* U+F091F "󰤟" */
    0x0, 0xff, 0xe2, 0x1b, 0x4d, 0xef, 0x73, 0xfd,
    0xdc, 0xdb, 0x96, 0x30, 0xf, 0xfe, 0x81, 0x3e,
    0x7e, 0x4b, 0x21, 0x8, 0x80, 0x2, 0x22, 0x46,
    0x9c, 0xfc, 0x72, 0x0, 0xff, 0xe4, 0x8b, 0xee,
    0xa0, 0xc0, 0x3f, 0xf8, 0xc7, 0x1b, 0xa7, 0x10,
    0xf, 0xfe, 0x21, 0x57, 0x41, 0x0, 0x7f, 0xf3,
    0xa, 0x3a, 0x88, 0x3, 0xff, 0x80, 0x55, 0xaa,
    0x1, 0xf0, 0xac, 0x56, 0x6f, 0x7f, 0xbb, 0x72,
    0xa1, 0x44, 0x3, 0xe5, 0xdb, 0x20, 0xf, 0xe8,
    0xd5, 0x0, 0xf2, 0x4f, 0x72, 0x9d, 0x4c, 0x84,
    0x0, 0x24, 0x6a, 0xf5, 0xdc, 0x94, 0x0, 0xf2,
    0x6c, 0x88, 0x7, 0x27, 0x38, 0x7, 0x14, 0x75,
    0xb0, 0x80, 0x7f, 0xf1, 0x5, 0xaf, 0xa0, 0x80,
    0x39, 0xbd, 0x40, 0x28, 0xb1, 0x0, 0xc5, 0x5a,
    0xe2, 0x1, 0xff, 0xca, 0x17, 0xda, 0x20, 0xc,
    0x35, 0x20, 0x4, 0x0, 0xc3, 0x3a, 0xa0, 0x1f,
    0xfd, 0x5, 0xd9, 0x10, 0xc, 0x82, 0x1a, 0x20,
    0x19, 0xc0, 0x3f, 0xfa, 0x8e, 0x1, 0xde, 0x20,
    0x3a, 0x1, 0xe, 0x80, 0x7f, 0xf5, 0x34, 0x40,
    0x2a, 0x20, 0x8, 0xe4, 0x2, 0x3a, 0x0, 0xff,
    0xe9, 0x51, 0x80, 0x4e, 0xa0, 0x1c, 0xca, 0x1,
    0x2b, 0x80, 0x7f, 0xf4, 0x1d, 0x40, 0x24, 0x80,
    0xf, 0xa8, 0xc0, 0x28, 0x40, 0xf, 0xfe, 0x72,
    0x40, 0x4, 0x56, 0x1, 0xfd, 0xa2, 0x1, 0x51,
    0x0, 0x7f, 0xf3, 0x6, 0x80, 0x37, 0x80, 0x7f,
    0x87, 0x40, 0x21, 0xf0, 0xf, 0xfe, 0x66, 0x88,
    0x5, 0x64, 0x1, 0xff, 0x1c, 0x80, 0x45, 0x40,
    0x1f, 0xfc, 0xaa, 0x30, 0xa, 0x10, 0x3, 0xff,
    0x82, 0xca, 0x1, 0x2b, 0x80, 0x7f, 0xf2, 0x1d,
    0x40, 0x25, 0x70, 0xf, 0xfe, 0x1d, 0x18, 0x5,
    0x8, 0x1, 0xff, 0xc6, 0x48, 0x0, 0x8a, 0x80,
    0x3f, 0xf8, 0xba, 0x20, 0x15, 0x90, 0x7, 0xff,
    0x10, 0xa8, 0x2, 0x1f, 0x0, 0xff, 0xe3, 0xe,
    0x80, 0x6f, 0x10, 0x16, 0xad, 0xff, 0xdb, 0x4c,
    0x20, 0xf, 0x10, 0xa, 0x88, 0x3, 0xff, 0x8e,
    0x72, 0x1, 0x16, 0xdf, 0x4a, 0x90, 0x6, 0x25,
    0x9e, 0xab, 0x20, 0xa, 0x10, 0x3, 0xff, 0x92,
    0xca, 0x1, 0x1a, 0x0, 0x7f, 0xf0, 0x15, 0x0,
    0x25, 0x70, 0xf, 0xfe, 0x5d, 0x18, 0x7, 0xff,
    0x20, 0xa8, 0x3, 0xff, 0x9b, 0xa2, 0x1, 0xff,
    0xc6, 0x1f, 0x0, 0xff, 0xe7, 0xe, 0x80, 0x7f,
    0xf1, 0xa8, 0x80, 0x3f, 0xf9, 0xe7, 0x20, 0x1f,
    0xfc, 0x48, 0x40, 0xf, 0xfe, 0x8b, 0x28, 0x7,
    0xff, 0x9, 0x5c, 0x3, 0xff, 0xa7, 0x46, 0x1,
    0xff, 0xc0, 0x3a, 0x0, 0xff, 0xea, 0xe8, 0x80,
    0x7f, 0x87, 0x80, 0x3f, 0xfa, 0xc3, 0xa0, 0x1f,
    0xea, 0x20, 0xf, 0xfe, 0xb9, 0xc8, 0x7, 0xe8,
    0x40, 0xf, 0xfe, 0xcb, 0x28, 0x7, 0x95, 0xc0,
    0x3f, 0xfb, 0x74, 0x60, 0x18, 0xe8, 0x3, 0xff,
    0xbb, 0xa2, 0x0, 0x1d, 0x0, 0xff, 0xef, 0xe,
    0x80, 0x34, 0x40, 0x3f, 0xfb, 0xe7, 0x32, 0x30,
    0xf, 0xff, 0xb, 0x30, 0x3, 0xff, 0x96,

    /* U+F0920 "󰤠" */
    0x0, 0xff, 0xe2, 0x1b, 0x4d, 0xef, 0x73, 0xfd,
    0xdc, 0xdb, 0x96, 0x30, 0xf, 0xfe, 0x81, 0x3e,
    0x7e, 0x4b, 0x21, 0x8, 0x80, 0x2, 0x22, 0x46,
    0x9c, 0xfc, 0x72, 0x0, 0xff, 0xe4, 0x8b, 0xee,
    0xa0, 0xc0, 0x3f, 0xf8, 0xc7, 0x1b, 0xa7, 0x10,
    0xf, 0xfe, 0x21, 0x57, 0x41, 0x0, 0x7f, 0xf3,
    0xa, 0x3a, 0x88, 0x3, 0xff, 0x80, 0x55, 0xaa,
    0x1, 0xf1, 0x2c, 0x56, 0x6f, 0x7f, 0xbb, 0x72,
    0x9d, 0x44, 0x3, 0xe5, 0xdb, 0x30, 0xf, 0xe8,
    0xd5, 0x0, 0xf2, 0xd7, 0x6d, 0x3a, 0x99, 0x8,
    0x0, 0x48, 0xd6, 0x2b, 0xb6, 0x50, 0x3, 0xc9,
    0x92, 0x20, 0x1c, 0x7c, 0xe0, 0x1c, 0x75, 0xf4,
    0xa2, 0x1, 0xff, 0xc4, 0x26, 0xbe, 0x82, 0x0,
    0xe6, 0xf5, 0x0, 0xa3, 0x4, 0x3, 0x26, 0x61,
    0x40, 0x3f, 0xf9, 0x62, 0xfb, 0x66, 0x1, 0x86,
    0xa8, 0x20, 0x60, 0x18, 0x6e, 0xc6, 0x1, 0xff,
    0xd0, 0x4c, 0xa1, 0x0, 0xc8, 0x0, 0xa1, 0x0,
    0x85, 0x80, 0x3f, 0xfa, 0x88, 0x1, 0xda, 0x20,
    0x3a, 0x1, 0xbc, 0x3, 0xff, 0xa8, 0x3d, 0xff,
    0x8c, 0x2, 0x39, 0x0, 0x8a, 0xc0, 0x3f, 0xfb,
    0xcc, 0xc0, 0x9, 0x20, 0x3, 0xff, 0xbd, 0x26,
    0x1, 0x3a, 0x80, 0x7f, 0xf3, 0x8c, 0x3, 0xff,
    0x87, 0xa2, 0x1, 0x51, 0x0, 0x7f, 0xf3, 0xb,
    0x40, 0x37, 0xfe, 0x0, 0xf8, 0x74, 0x3, 0x78,
    0x80, 0x7f, 0xf2, 0xfc, 0x40, 0x3f, 0xf8, 0x87,
    0x20, 0x11, 0x50, 0x7, 0xff, 0x2a, 0x88, 0x3,
    0xff, 0x8c, 0xcc, 0x0, 0x92, 0x0, 0x3f, 0xf9,
    0xe, 0xa0, 0x1f, 0xfc, 0x89, 0x30, 0x9, 0xd4,
    0x3, 0xff, 0x8c, 0x90, 0x1, 0xff, 0xca, 0xd1,
    0x0, 0xa8, 0x80, 0x3f, 0xf8, 0x85, 0x60, 0x10,
    0x80, 0x7f, 0xf1, 0xc6, 0x80, 0x37, 0x88, 0xb,
    0x56, 0xff, 0xed, 0xa6, 0x10, 0x1f, 0x0, 0xd4,
    0x1, 0xff, 0xc8, 0x49, 0x0, 0x8b, 0x6f, 0xa5,
    0x48, 0x3, 0x12, 0xcf, 0x5e, 0x90, 0x5, 0x8,
    0x1, 0xff, 0xc9, 0x65, 0x0, 0x8d, 0x0, 0x3f,
    0xf8, 0x8, 0x60, 0x12, 0xb8, 0x7, 0xff, 0x2e,
    0x8c, 0x3, 0xff, 0x90, 0x74, 0x1, 0xff, 0xcd,
    0xd1, 0x0, 0xff, 0xe3, 0xe, 0x80, 0x7f, 0xf3,
    0x86, 0x80, 0x3f, 0xf8, 0xd4, 0x20, 0x1f, 0xfc,
    0xf4, 0x90, 0xf, 0xfe, 0x24, 0xa0, 0x7, 0xef,
    0xfc, 0x1, 0xff, 0xc5, 0x65, 0x0, 0xff, 0xe1,
    0x2b, 0x0, 0x7f, 0xf4, 0xe8, 0xc0, 0x3f, 0xf8,
    0x7, 0x40, 0x1f, 0xfd, 0x5d, 0x10, 0xf, 0xf0,
    0xe8, 0x7, 0xff, 0x58, 0x74, 0x3, 0xfd, 0xa2,
    0x1, 0xff, 0x7f, 0xe0, 0xf, 0xfe, 0x41, 0xc8,
    0x7, 0xe9, 0x30, 0xf, 0xfe, 0xcb, 0x28, 0x7,
    0x95, 0x80, 0x3f, 0xfb, 0x74, 0x60, 0x18, 0xe8,
    0x3, 0xff, 0xbb, 0xa2, 0x0, 0x1d, 0x0, 0xff,
    0xe1, 0xff, 0xe0, 0xf, 0xfe, 0x58, 0xe8, 0x3,
    0x44, 0x3, 0xff, 0xbe, 0x73, 0x23, 0x0, 0xff,
    0xf0, 0xb3, 0x0, 0x3f, 0xf9, 0x60,

    /* U+F0921 "󰤡" */
    0x0, 0xff, 0xe2, 0x1b, 0x4d, 0xef, 0x73, 0xfd,
    0xdc, 0xdb, 0x96, 0x30, 0xf, 0xfe, 0x81, 0x3e,
    0x7e, 0x4b, 0x21, 0x8, 0x80, 0x2, 0x22, 0x46,
    0x9c, 0xfc, 0x72, 0x0, 0xff, 0xe4, 0x8b, 0xee,
    0xa0, 0xc0, 0x3f, 0xf8, 0xc7, 0x1b, 0xa7, 0x10,
    0xf, 0xfe, 0x21, 0x57, 0x41, 0x0, 0x7f, 0xf3,
    0xa, 0x3a, 0x88, 0x3, 0xff, 0x80, 0x55, 0xaa,
    0x1, 0xf0, 0xac, 0x56, 0x6f, 0x7f, 0xbb, 0x72,
    0x9d, 0x44, 0x3, 0xe5, 0xda, 0x20, 0xf, 0xe8,
    0xd5, 0x0, 0xf2, 0x4f, 0x72, 0x9d, 0x4c, 0x84,
    0x0, 0x24, 0x6b, 0x15, 0xdb, 0x28, 0x1, 0xe5,
    0xd8, 0x0, 0xf2, 0x73, 0x80, 0x71, 0x47, 0x5b,
    0x8, 0x7, 0xff, 0x10, 0x9a, 0xfa, 0x8, 0x3,
    0x9f, 0x90, 0x2, 0x9b, 0x10, 0xc, 0x55, 0xae,
    0x20, 0x1f, 0xfc, 0xa1, 0x7d, 0xa2, 0x0, 0xc3,
    0x70, 0x0, 0x50, 0xc, 0x33, 0xaa, 0x1, 0xff,
    0xd0, 0x5d, 0x91, 0x0, 0xc8, 0x0, 0xd1, 0x0,
    0xce, 0x1, 0xff, 0xd4, 0x40, 0xc, 0x3a, 0x0,
    0x1d, 0x0, 0x87, 0x40, 0x3f, 0xfa, 0x9e, 0x20,
    0x15, 0x8, 0x4, 0x72, 0x1, 0x1d, 0x0, 0x7f,
    0xf4, 0xa8, 0x80, 0x28, 0x40, 0xe, 0x65, 0x0,
    0x95, 0xc0, 0x3f, 0xfa, 0x10, 0xa0, 0x12, 0xb8,
    0x7, 0xd4, 0x60, 0x14, 0x20, 0x7, 0xff, 0x39,
    0x5c, 0x2, 0x2a, 0x0, 0xfe, 0xd1, 0x0, 0xa8,
    0x80, 0x3f, 0xf9, 0xab, 0xfb, 0x2b, 0xe0, 0x1f,
    0xe1, 0xd0, 0x8, 0x7c, 0x3, 0xff, 0x9e, 0x4d,
    0x44, 0x1, 0xff, 0x1c, 0x80, 0x45, 0x40, 0x1f,
    0xfd, 0xe6, 0x50, 0x9, 0x5c, 0x3, 0xff, 0xbd,
    0x46, 0x1, 0x42, 0x0, 0x7f, 0xf2, 0x1b, 0x3f,
    0xd8, 0xc0, 0x1f, 0xfc, 0x4d, 0x10, 0xa, 0xc8,
    0x3, 0xff, 0x8a, 0x39, 0x26, 0x0, 0x39, 0xc1,
    0x0, 0xff, 0xe1, 0xd, 0x0, 0x6f, 0x10, 0x16,
    0xad, 0xff, 0xbb, 0x25, 0x0, 0x36, 0x98, 0x1b,
    0xb8, 0xc0, 0xf4, 0x3, 0xff, 0x86, 0x90, 0x1,
    0x16, 0xdf, 0x4a, 0x90, 0x4, 0x26, 0xda, 0x1,
    0x21, 0x83, 0x64, 0x43, 0x18, 0xd, 0x40, 0x3f,
    0xf8, 0x6e, 0xa0, 0x11, 0xa0, 0x7, 0xfb, 0x80,
    0x2c, 0x0, 0x40, 0x6, 0xb0, 0x6, 0x80, 0x7f,
    0xf1, 0x28, 0xc0, 0x3f, 0xf8, 0x46, 0x1, 0x8,
    0x0, 0x40, 0x31, 0x0, 0x4, 0x3, 0xff, 0x8b,
    0xa2, 0x1, 0xff, 0xc0, 0x94, 0x0, 0xff, 0xea,
    0xd, 0x0, 0x7f, 0xc6, 0xc0, 0x1f, 0xfd, 0x64,
    0x80, 0xf, 0xf4, 0x80, 0x43, 0x8c, 0x0, 0xff,
    0xf0, 0x1, 0xb0, 0x40, 0x3f, 0xf8, 0xae, 0xa0,
    0x1f, 0xc8, 0x1, 0x51, 0x80, 0x7f, 0xf0, 0xe,
    0x80, 0x3f, 0xf8, 0xd4, 0x60, 0x1f, 0x84, 0x2,
    0x40, 0xf, 0xfe, 0x12, 0x0, 0x7f, 0xf1, 0xf4,
    0x40, 0x3f, 0xfc, 0x43, 0x40, 0x1f, 0xfe, 0x34,
    0x80, 0xf, 0xff, 0x1b, 0xa8, 0x7, 0xff, 0x8e,
    0x8c, 0x3, 0xff, 0xc7, 0xa2, 0x0, 0x20, 0xf,
    0xfe, 0xf8, 0xe8, 0x3, 0x80, 0x3f, 0xfc, 0x7,
    0x32, 0x30, 0xc, 0x80, 0x1f, 0xfc, 0x23, 0x0,
    0xff, 0xe6, 0xb3, 0x0, 0x3a, 0x90, 0x3, 0xfe,
    0x15, 0xd0, 0x0,

    /* U+F0922 "󰤢" */
    0x0, 0xff, 0xe2, 0x1b, 0x4d, 0xef, 0x73, 0xfd,
    0xdc, 0xdb, 0x96, 0x30, 0xf, 0xfe, 0x81, 0x3e,
    0x7e, 0x4b, 0x21, 0x8, 0x80, 0x2, 0x22, 0x46,
    0x9c, 0xfc, 0x72, 0x0, 0xff, 0xe4, 0x8b, 0xee,
    0xa0, 0xc0, 0x3f, 0xf8, 0xc7, 0x1b, 0xa7, 0x10,
    0xf, 0xfe, 0x21, 0x57, 0x41, 0x0, 0x7f, 0xf3,
    0xa, 0x3a, 0x88, 0x3, 0xff, 0x80, 0x55, 0xaa,
    0x1, 0xf0, 0xac, 0x56, 0x6f, 0x7f, 0xbb, 0x72,
    0xa1, 0x44, 0x3, 0xe5, 0xdb, 0x20, 0xf, 0xe8,
    0xd5, 0x0, 0xf2, 0x4f, 0x72, 0x9d, 0x4c, 0x84,
    0x0, 0x24, 0x6a, 0xf5, 0xdc, 0x94, 0x0, 0xf2,
    0x6c, 0x88, 0x7, 0x27, 0x38, 0x7, 0x14, 0x75,
    0xb0, 0x80, 0x7f, 0xf1, 0x5, 0xaf, 0xa0, 0x80,
    0x39, 0xbd, 0x40, 0x28, 0xb1, 0x0, 0xc5, 0x5a,
    0xe2, 0x1, 0xff, 0xca, 0x17, 0xda, 0x20, 0xc,
    0x35, 0x20, 0x4, 0x0, 0xc3, 0x3a, 0xa0, 0x1f,
    0xfd, 0x5, 0xd9, 0x10, 0xc, 0x82, 0x1a, 0x20,
    0x19, 0xc0, 0x3f, 0xfa, 0x88, 0x1, 0xde, 0x20,
    0x3a, 0x1, 0xe, 0x0, 0x7f, 0xf5, 0x3c, 0x40,
    0x2a, 0x20, 0x8, 0xe4, 0x2, 0x2a, 0x0, 0xff,
    0xe9, 0x51, 0x0, 0x4e, 0xa0, 0x1c, 0xca, 0x1,
    0x2b, 0x80, 0x7f, 0xf4, 0x1d, 0x40, 0x24, 0x80,
    0xf, 0xa8, 0xc0, 0x28, 0x40, 0xf, 0xfe, 0x72,
    0x40, 0x4, 0x56, 0x1, 0xfd, 0xa2, 0x1, 0x59,
    0x0, 0x79, 0x62, 0xf7, 0xbf, 0xdd, 0xb7, 0xa,
    0x1, 0xe2, 0xb0, 0xd, 0xe0, 0x1f, 0xe1, 0xd0,
    0xd, 0xe2, 0x0, 0x4a, 0xfa, 0x74, 0x21, 0x0,
    0x9, 0x23, 0xd7, 0xda, 0x80, 0x7, 0xc0, 0x35,
    0x90, 0x7, 0xfc, 0x72, 0x1, 0x15, 0x2e, 0xda,
    0x80, 0x7f, 0xf0, 0x92, 0xb5, 0x68, 0x80, 0x28,
    0x40, 0xf, 0xfe, 0xb, 0x28, 0x4, 0x94, 0x40,
    0x1f, 0xfc, 0x62, 0xa4, 0x0, 0x95, 0xc0, 0x3f,
    0xf8, 0x74, 0x60, 0x1f, 0xfd, 0x2, 0xa0, 0xf,
    0xfe, 0x2e, 0x88, 0x7, 0xff, 0x38, 0x7c, 0x3,
    0xff, 0x8c, 0x3a, 0x1, 0xff, 0xce, 0xa2, 0x0,
    0xff, 0xe3, 0x9c, 0x80, 0x7f, 0xf3, 0x21, 0x0,
    0x3f, 0xf9, 0x2c, 0xa0, 0x1f, 0xfc, 0xa5, 0x70,
    0xf, 0xfe, 0x5d, 0x18, 0x7, 0xff, 0x20, 0xa8,
    0x3, 0xff, 0x9b, 0xa2, 0x1, 0xff, 0xc6, 0x1f,
    0x0, 0xff, 0xe7, 0xe, 0x80, 0x7f, 0xf1, 0xa8,
    0x80, 0x3f, 0xf9, 0xe7, 0x20, 0x1f, 0xfc, 0x48,
    0x40, 0xf, 0xfe, 0x8b, 0x28, 0x7, 0xff, 0x9,
    0x5c, 0x3, 0xff, 0xa7, 0x46, 0x1, 0xff, 0xc0,
    0x3a, 0x0, 0xff, 0xea, 0xe8, 0x80, 0x7f, 0x87,
    0x80, 0x3f, 0xfa, 0xc3, 0xa0, 0x1f, 0xea, 0x20,
    0xf, 0xfe, 0xb9, 0xc8, 0x7, 0xe8, 0x40, 0xf,
    0xfe, 0xcb, 0x28, 0x7, 0x95, 0xc0, 0x3f, 0xfb,
    0x74, 0x60, 0x18, 0xe8, 0x3, 0xff, 0xbb, 0xa2,
    0x0, 0x1d, 0x0, 0xff, 0xef, 0xe, 0x80, 0x34,
    0x40, 0x3f, 0xfb, 0xe7, 0x32, 0x30, 0xf, 0xff,
    0xb, 0x30, 0x3, 0xff, 0x96,

    /* U+F0924 "󰤤" */
    0x0, 0xff, 0xe2, 0x1b, 0x4d, 0xef, 0x73, 0xfd,
    0xdc, 0xdb, 0x96, 0x30, 0xf, 0xfe, 0x81, 0x3e,
    0x7e, 0x4b, 0x21, 0x8, 0x80, 0x2, 0x22, 0x46,
    0x9c, 0xfc, 0x72, 0x0, 0xff, 0xe4, 0x8b, 0xee,
    0xa0, 0xc0, 0x3f, 0xf8, 0xc7, 0x1b, 0xa7, 0x10,
    0xf, 0xfe, 0x21, 0x57, 0x41, 0x0, 0x7f, 0xf3,
    0xa, 0x3a, 0x88, 0x3, 0xff, 0x80, 0x55, 0xaa,
    0x1, 0xf0, 0xac, 0x56, 0x6f, 0x7f, 0xbb, 0x72,
    0x9d, 0x44, 0x3, 0xe5, 0xda, 0x20, 0xf, 0xe8,
    0xd5, 0x0, 0xf2, 0x4f, 0x72, 0x9d, 0x4c, 0x84,
    0x0, 0x24, 0x6b, 0x15, 0xdb, 0x28, 0x1, 0xe5,
    0xd8, 0x0, 0xf2, 0x73, 0x80, 0x71, 0x47, 0x5b,
    0x8, 0x7, 0xff, 0x10, 0x9a, 0xfa, 0x8, 0x3,
    0x9f, 0x90, 0x2, 0x9b, 0x10, 0xc, 0x55, 0xae,
    0x20, 0x1f, 0xfc, 0xa1, 0x7d, 0xa2, 0x0, 0xc3,
    0x70, 0x0, 0x50, 0xc, 0x33, 0xaa, 0x1, 0xff,
    0xd0, 0x5d, 0x91, 0x0, 0xc8, 0x0, 0xd1, 0x0,
    0xce, 0x1, 0xff, 0xd4, 0x40, 0xc, 0x3a, 0x0,
    0x1d, 0x0, 0x87, 0x0, 0x3f, 0xfa, 0x9e, 0x20,
    0x15, 0x8, 0x4, 0x72, 0x1, 0x15, 0x0, 0x7f,
    0xf4, 0xa8, 0x80, 0x28, 0x40, 0xe, 0x65, 0x0,
    0x95, 0xc0, 0x3f, 0xfa, 0x10, 0xa0, 0x12, 0xb8,
    0x7, 0xd4, 0x60, 0x14, 0x20, 0x7, 0xff, 0x39,
    0x5c, 0x2, 0x2a, 0x0, 0xfe, 0xd1, 0x0, 0xac,
    0x80, 0x3c, 0xb1, 0x7b, 0xdf, 0xf6, 0xdc, 0x20,
    0x80, 0x79, 0x7f, 0x65, 0x7c, 0x3, 0xfc, 0x3a,
    0x1, 0xbc, 0x40, 0xb, 0x5f, 0x4e, 0x84, 0x20,
    0x11, 0x23, 0xdf, 0x59, 0x0, 0x78, 0x9a, 0x88,
    0x3, 0xfe, 0x39, 0x0, 0x8a, 0x97, 0x69, 0x40,
    0x3f, 0xf8, 0x46, 0x40, 0x1f, 0xfc, 0xa6, 0x50,
    0x9, 0x28, 0x80, 0x3f, 0xf8, 0x6d, 0x0, 0x1f,
    0xfc, 0xca, 0x30, 0xf, 0xfe, 0x39, 0xc8, 0x6,
    0x6c, 0xff, 0x63, 0x0, 0x7f, 0xf1, 0x34, 0x40,
    0x3f, 0xf8, 0xde, 0x1, 0xe, 0x49, 0x80, 0xe,
    0x70, 0x40, 0x3f, 0xf8, 0x43, 0x40, 0x1f, 0xfc,
    0x52, 0x30, 0xb, 0x4c, 0xd, 0xdc, 0x60, 0x7a,
    0x1, 0xff, 0xc3, 0x48, 0x0, 0xff, 0xe2, 0x28,
    0x4, 0x86, 0xd, 0x91, 0xc, 0x60, 0x35, 0x0,
    0xff, 0xe1, 0xba, 0x80, 0x7f, 0xf0, 0xf8, 0x2,
    0xc0, 0x4, 0x0, 0x6b, 0x0, 0x68, 0x7, 0xff,
    0x12, 0x8c, 0x3, 0xff, 0x84, 0x40, 0x10, 0x80,
    0x4, 0x3, 0x10, 0x0, 0x40, 0x3f, 0xf8, 0xba,
    0x20, 0x1f, 0xfc, 0x9, 0x40, 0xf, 0xfe, 0xa0,
    0xd0, 0x7, 0xfc, 0x6c, 0x1, 0xff, 0xd6, 0x48,
    0x0, 0xff, 0x48, 0x4, 0x38, 0xc0, 0xf, 0xff,
    0x0, 0x1b, 0x4, 0x3, 0xff, 0x8a, 0xea, 0x1,
    0xfc, 0x80, 0x15, 0x18, 0x7, 0xff, 0x0, 0xe8,
    0x3, 0xff, 0x8d, 0x46, 0x1, 0xf8, 0x40, 0x24,
    0x0, 0xff, 0xe1, 0x20, 0x7, 0xff, 0x1f, 0x44,
    0x3, 0xff, 0xc4, 0x34, 0x1, 0xff, 0xe3, 0x48,
    0x0, 0xff, 0xf1, 0xba, 0x80, 0x7f, 0xf8, 0xe8,
    0xc0, 0x3f, 0xfc, 0x7a, 0x20, 0x2, 0x0, 0xff,
    0xef, 0x8e, 0x80, 0x38, 0x3, 0xff, 0xc0, 0x73,
    0x23, 0x0, 0xc8, 0x1, 0xff, 0xc2, 0x30, 0xf,
    0xfe, 0x6b, 0x30, 0x3, 0xa9, 0x0, 0x3f, 0xe1,
    0x5d, 0x0, 0x0,

    /* U+F0925 "󰤥" */
    0x0, 0xff, 0xe2, 0x1b, 0x4d, 0xef, 0x73, 0xfd,
    0xdc, 0xdb, 0x96, 0x30, 0xf, 0xfe, 0x81, 0x3e,
    0x7e, 0x4b, 0x21, 0x8, 0x80, 0x2, 0x22, 0x46,
    0x9c, 0xfc, 0x72, 0x0, 0xff, 0xe4, 0x8b, 0xee,
    0xa0, 0xc0, 0x3f, 0xf8, 0xc7, 0x1b, 0xa7, 0x10,
    0xf, 0xfe, 0x21, 0x57, 0x41, 0x0, 0x7f, 0xf3,
    0xa, 0x3a, 0x88, 0x3, 0xff, 0x80, 0x55, 0xaa,
    0x1, 0xf0, 0xac, 0x56, 0x6f, 0x7f, 0xbb, 0x72,
    0xa1, 0x44, 0x3, 0xe5, 0xdb, 0x20, 0xf, 0xe8,
    0xd5, 0x0, 0xf2, 0x4f, 0x72, 0x9d, 0x4c, 0x84,
    0x0, 0x24, 0x6a, 0xf5, 0xdc, 0x94, 0x0, 0xf2,
    0x6c, 0x88, 0x7, 0x27, 0x38, 0x7, 0x14, 0x75,
    0xb0, 0x80, 0x7f, 0xf1, 0x5, 0xaf, 0xa0, 0x80,
    0x39, 0xbd, 0x40, 0x28, 0xb1, 0x0, 0xc5, 0x5a,
    0xe2, 0x1, 0xff, 0xca, 0x17, 0xda, 0x20, 0xc,
    0x35, 0x20, 0x4, 0x0, 0xc3, 0x3a, 0xa0, 0x1f,
    0xfd, 0x5, 0xd9, 0x10, 0xc, 0x82, 0x1a, 0x20,
    0x19, 0xc0, 0x3f, 0xfa, 0x8e, 0x1, 0xde, 0x20,
    0x3a, 0x1, 0xe, 0x80, 0x7f, 0x12, 0xc5, 0xe6,
    0xf7, 0xf6, 0xdc, 0x28, 0x80, 0x7f, 0x68, 0x80,
    0x54, 0x40, 0x11, 0xc8, 0x4, 0x74, 0x1, 0xc5,
    0x1b, 0xaa, 0x74, 0x32, 0x10, 0x12, 0x47, 0xae,
    0xd7, 0x10, 0xe, 0xa3, 0x0, 0x9d, 0x40, 0x39,
    0x94, 0x2, 0x57, 0x0, 0x2e, 0xe9, 0xc8, 0x3,
    0xff, 0x84, 0x51, 0xd6, 0x60, 0x7, 0x50, 0x9,
    0x20, 0x3, 0xea, 0x30, 0xa, 0x21, 0xb4, 0x40,
    0x1f, 0xfc, 0x84, 0xcb, 0x68, 0x0, 0x8a, 0xc0,
    0x3f, 0xb4, 0x40, 0x27, 0x20, 0xf, 0xfe, 0x62,
    0x48, 0x6, 0xf0, 0xf, 0xf0, 0xe8, 0x7, 0xff,
    0x5a, 0xc8, 0x3, 0xfe, 0x39, 0x0, 0xff, 0xea,
    0x42, 0x0, 0x7f, 0xf0, 0x59, 0x40, 0x3f, 0xfa,
    0x4a, 0xe0, 0x1f, 0xfc, 0x3a, 0x30, 0xf, 0xfe,
    0x81, 0x50, 0x7, 0xff, 0x17, 0x44, 0x3, 0xff,
    0x9c, 0x3e, 0x1, 0xff, 0xc6, 0x1d, 0x0, 0xff,
    0xe7, 0x51, 0x0, 0x7f, 0xf1, 0xce, 0x40, 0x3f,
    0xf9, 0x90, 0x80, 0x1f, 0xfc, 0x96, 0x50, 0xf,
    0xfe, 0x52, 0xb8, 0x7, 0xff, 0x2e, 0x8c, 0x3,
    0xff, 0x90, 0x54, 0x1, 0xff, 0xcd, 0xd1, 0x0,
    0xff, 0xe3, 0xf, 0x80, 0x7f, 0xf3, 0x87, 0x40,
    0x3f, 0xf8, 0xd4, 0x40, 0x1f, 0xfc, 0xf3, 0x90,
    0xf, 0xfe, 0x24, 0x20, 0x7, 0xff, 0x45, 0x94,
    0x3, 0xff, 0x84, 0xae, 0x1, 0xff, 0xd3, 0xa3,
    0x0, 0xff, 0xe0, 0x1d, 0x0, 0x7f, 0xf5, 0x74,
    0x40, 0x3f, 0xc3, 0xc0, 0x1f, 0xfd, 0x61, 0xd0,
    0xf, 0xf5, 0x10, 0x7, 0xff, 0x5c, 0xe4, 0x3,
    0xf4, 0x20, 0x7, 0xff, 0x65, 0x94, 0x3, 0xca,
    0xe0, 0x1f, 0xfd, 0xba, 0x30, 0xc, 0x74, 0x1,
    0xff, 0xdd, 0xd1, 0x0, 0xe, 0x80, 0x7f, 0xf7,
    0x87, 0x40, 0x1a, 0x20, 0x1f, 0xfd, 0xf3, 0x99,
    0x18, 0x7, 0xff, 0x85, 0x98, 0x1, 0xff, 0xcb,

    /* U+F0927 "󰤧" */
    0x0, 0xff, 0xe2, 0x1b, 0x4d, 0xef, 0x73, 0xfd,
    0xdc, 0xdb, 0x96, 0x30, 0xf, 0xfe, 0x81, 0x3e,
    0x7e, 0x4b, 0x21, 0x8, 0x80, 0x2, 0x22, 0x46,
    0x9c, 0xfc, 0x72, 0x0, 0xff, 0xe4, 0x8b, 0xee,
    0xa0, 0xc0, 0x3f, 0xf8, 0xc7, 0x1b, 0xa7, 0x10,
    0xf, 0xfe, 0x21, 0x57, 0x41, 0x0, 0x7f, 0xf3,
    0xa, 0x3a, 0x88, 0x3, 0xff, 0x80, 0x55, 0xaa,
    0x1, 0xf1, 0x2c, 0x56, 0x6f, 0x7f, 0xbb, 0x72,
    0x9d, 0x44, 0x3, 0xe5, 0xda, 0x20, 0xf, 0xe8,
    0xd5, 0x0, 0xf2, 0x4f, 0x6d, 0x3a, 0x99, 0x8,
    0x0, 0x48, 0xd6, 0x2b, 0xb6, 0x50, 0x3, 0xcb,
    0xb0, 0x1, 0xe4, 0xe7, 0x0, 0xe2, 0x8e, 0xb6,
    0x10, 0xf, 0xfe, 0x21, 0x35, 0xf4, 0x10, 0x7,
    0x3f, 0x20, 0x5, 0x16, 0x20, 0x18, 0xab, 0x5c,
    0x40, 0x3f, 0xf9, 0x42, 0xfb, 0x44, 0x1, 0x86,
    0xe0, 0x0, 0x80, 0x18, 0x67, 0x54, 0x3, 0xff,
    0xa0, 0xbb, 0x22, 0x1, 0x90, 0x1, 0xa2, 0x1,
    0x9c, 0x3, 0xff, 0xa8, 0xe0, 0x18, 0x74, 0x0,
    0x3a, 0x1, 0xe, 0x80, 0x7f, 0x12, 0xc5, 0xe6,
    0xf7, 0xf6, 0xdc, 0x28, 0x80, 0x7f, 0x68, 0x80,
    0x54, 0x20, 0x11, 0xc8, 0x4, 0x74, 0x1, 0xc5,
    0x1b, 0xaa, 0x74, 0x32, 0x10, 0x12, 0x47, 0xae,
    0xd7, 0x10, 0xe, 0xa3, 0x0, 0xa1, 0x0, 0x39,
    0x94, 0x2, 0x57, 0x0, 0x2e, 0xe9, 0xc8, 0x3,
    0xff, 0x84, 0x51, 0xd6, 0x60, 0x7, 0x50, 0x9,
    0x5c, 0x3, 0xea, 0x30, 0xa, 0x21, 0xb4, 0x40,
    0x1f, 0xfc, 0x84, 0xcb, 0x68, 0x0, 0x8a, 0x80,
    0x3f, 0xb4, 0x40, 0x27, 0x20, 0xf, 0xfe, 0x52,
    0xdd, 0x37, 0xec, 0xaf, 0x80, 0x7f, 0x87, 0x40,
    0x3f, 0xf9, 0xa7, 0xb4, 0x82, 0x0, 0x26, 0xa2,
    0x0, 0xff, 0x8e, 0x40, 0x3f, 0xf9, 0x6f, 0x84,
    0x1, 0xff, 0xc9, 0x65, 0x0, 0xff, 0xe4, 0xb4,
    0x0, 0x7f, 0xf3, 0x28, 0xc0, 0x3f, 0xf8, 0xe7,
    0x20, 0x19, 0xb3, 0xfd, 0x8c, 0x1, 0xff, 0xc4,
    0xd1, 0x0, 0xff, 0xe3, 0x78, 0x4, 0x39, 0x26,
    0x0, 0x39, 0xc1, 0x0, 0xff, 0xe1, 0xd, 0x0,
    0x7f, 0xf1, 0x48, 0xc0, 0x2d, 0x30, 0x37, 0x71,
    0x81, 0xe8, 0x7, 0xff, 0xd, 0x20, 0x3, 0xff,
    0x88, 0xa0, 0x12, 0x18, 0x36, 0x44, 0x31, 0x80,
    0xd4, 0x3, 0xff, 0x86, 0xea, 0x1, 0xff, 0xc3,
    0xf0, 0xb, 0x0, 0x10, 0x1, 0xac, 0x1, 0xa0,
    0x1f, 0xfc, 0x4a, 0x30, 0xf, 0xfe, 0x11, 0x80,
    0x78, 0x40, 0x31, 0x0, 0x4, 0x3, 0xff, 0x8b,
    0xa2, 0x1, 0xff, 0xc0, 0x94, 0x0, 0xff, 0xea,
    0xd, 0x0, 0x7f, 0xc6, 0xc0, 0x18, 0x40, 0x3f,
    0xfa, 0x29, 0x0, 0x1f, 0xe9, 0x0, 0x87, 0x18,
    0x1, 0xff, 0xe0, 0x3, 0x60, 0x80, 0x7f, 0xf1,
    0x5d, 0x40, 0x3f, 0x90, 0x2, 0xa3, 0x0, 0xff,
    0xe0, 0x1d, 0x0, 0x7f, 0xf1, 0xa8, 0xc0, 0x3f,
    0x8, 0x4, 0x80, 0x1f, 0xfc, 0x24, 0x0, 0xff,
    0xe3, 0xe8, 0x80, 0x7f, 0xf8, 0x86, 0x80, 0x3f,
    0xfc, 0x69, 0x0, 0x1f, 0xfe, 0x37, 0x50, 0xf,
    0xff, 0x1d, 0x18, 0x7, 0xff, 0x8f, 0x44, 0x0,
    0x40, 0x1f, 0xfd, 0xf1, 0xd0, 0x7, 0x0, 0x7f,
    0xf8, 0xe, 0x64, 0x60, 0x19, 0x0, 0x3f, 0xf8,
    0x46, 0x1, 0xff, 0xcd, 0x66, 0x0, 0x75, 0x20,
    0x7, 0xfc, 0x2b, 0xa0, 0x0,

    /* U+F0928 "󰤨" */
    0x0, 0xff, 0xe2, 0x1b, 0x4d, 0xef, 0x73, 0xfd,
    0xdc, 0xdb, 0x96, 0x30, 0xf, 0xfe, 0x81, 0x3e,
    0x7e, 0x4b, 0x21, 0x8, 0x80, 0x2, 0x22, 0x46,
    0x9c, 0xfc, 0x72, 0x0, 0xff, 0xe4, 0x8b, 0xee,
    0xa0, 0xc0, 0x3f, 0xf8, 0xc7, 0x1b, 0xa7, 0x10,
    0xf, 0xfe, 0x21, 0x57, 0x41, 0x0, 0x7f, 0xf3,
    0xa, 0x3a, 0x88, 0x3, 0xff, 0x80, 0x55, 0xaa,
    0x1, 0xff, 0xd2, 0x5d, 0xb2, 0x0, 0xfe, 0x8d,
    0x50, 0xf, 0xfe, 0xb2, 0x6c, 0x88, 0x7, 0x27,
    0x38, 0x7, 0xff, 0x69, 0xbd, 0x40, 0x28, 0xb1,
    0x0, 0xff, 0xee, 0xd, 0x48, 0x1, 0x0, 0x3f,
    0xfc, 0x8, 0x21, 0xa2, 0x1, 0xff, 0xdf, 0xf1,
    0x1, 0xd0, 0xf, 0xfe, 0xf5, 0x10, 0x4, 0x72,
    0x1, 0xff, 0xdc, 0x75, 0x0, 0xe6, 0x50, 0xf,
    0xfe, 0xd2, 0x40, 0x7, 0xd4, 0x60, 0x1f, 0xfd,
    0x82, 0xb0, 0xf, 0xed, 0x10, 0xf, 0xfe, 0xbf,
    0x80, 0x7f, 0x87, 0x40, 0x3f, 0xfa, 0xd6, 0x40,
    0x1f, 0xf1, 0xc8, 0x7, 0xff, 0x52, 0x10, 0x3,
    0xff, 0x82, 0xca, 0x1, 0xff, 0xd2, 0x57, 0x0,
    0xff, 0xe1, 0xd1, 0x80, 0x7f, 0xf4, 0xa, 0x80,
    0x3f, 0xf8, 0xba, 0x20, 0x1f, 0xfc, 0xe1, 0xf0,
    0xf, 0xfe, 0x30, 0xe8, 0x7, 0xff, 0x3a, 0x88,
    0x3, 0xff, 0x8e, 0x72, 0x1, 0xff, 0xcc, 0x84,
    0x0, 0xff, 0xe4, 0xb2, 0x80, 0x7f, 0xf2, 0x95,
    0xc0, 0x3f, 0xf9, 0x74, 0x60, 0x1f, 0xfc, 0x82,
    0xa0, 0xf, 0xfe, 0x6e, 0x88, 0x7, 0xff, 0x18,
    0x7c, 0x3, 0xff, 0x9c, 0x3a, 0x1, 0xff, 0xc6,
    0xa2, 0x0, 0xff, 0xe7, 0x9c, 0x80, 0x7f, 0xf1,
    0x21, 0x0, 0x3f, 0xfa, 0x2c, 0xa0, 0x1f, 0xfc,
    0x25, 0x70, 0xf, 0xfe, 0x9d, 0x18, 0x7, 0xff,
    0x0, 0xe8, 0x3, 0xff, 0xab, 0xa2, 0x1, 0xfe,
    0x1e, 0x0, 0xff, 0xeb, 0xe, 0x80, 0x7f, 0xa8,
    0x80, 0x3f, 0xfa, 0xe7, 0x20, 0x1f, 0xa1, 0x0,
    0x3f, 0xfb, 0x2c, 0xa0, 0x1e, 0x57, 0x0, 0xff,
    0xed, 0xd1, 0x80, 0x63, 0xa0, 0xf, 0xfe, 0xee,
    0x88, 0x0, 0x74, 0x3, 0xff, 0xbc, 0x3a, 0x0,
    0xd1, 0x0, 0xff, 0xef, 0x9c, 0xc8, 0xc0, 0x3f,
    0xfc, 0x2c, 0xc0, 0xf, 0xfe, 0x58,

    /* U+F092A "󰤪" */
    0x0, 0xff, 0xe2, 0x1b, 0x4d, 0xef, 0x73, 0xfd,
    0xdc, 0xdb, 0x96, 0x30, 0xf, 0xfe, 0x81, 0x3e,
    0x7e, 0x4b, 0x21, 0x8, 0x80, 0x2, 0x22, 0x46,
    0x9c, 0xfc, 0x72, 0x0, 0xff, 0xe4, 0x8b, 0xee,
    0xa0, 0xc0, 0x3f, 0xf8, 0xc7, 0x1b, 0xa7, 0x10,
    0xf, 0xfe, 0x21, 0x57, 0x41, 0x0, 0x7f, 0xf3,
    0xa, 0x3a, 0x88, 0x3, 0xff, 0x80, 0x55, 0xaa,
    0x1, 0xff, 0xd2, 0x5d, 0xa2, 0x0, 0xfe, 0x8d,
    0x50, 0xf, 0xfe, 0xb2, 0xec, 0x0, 0x79, 0x39,
    0xc0, 0x3f, 0xfb, 0x4f, 0xc8, 0x1, 0x4d, 0x88,
    0x7, 0xff, 0x70, 0x6e, 0x0, 0xa, 0x1, 0xff,
    0xe0, 0x40, 0x6, 0x88, 0x7, 0xff, 0x78, 0x74,
    0x0, 0x3a, 0x1, 0xff, 0xde, 0xa1, 0x0, 0x8e,
    0x40, 0x3f, 0xfb, 0x90, 0x80, 0x1c, 0xca, 0x1,
    0xff, 0xda, 0x57, 0x0, 0xfa, 0x8c, 0x3, 0xff,
    0xb0, 0x54, 0x1, 0xfd, 0xa2, 0x1, 0xff, 0xcf,
    0x5b, 0xef, 0xf6, 0xca, 0xf8, 0x7, 0xf8, 0x74,
    0x3, 0xff, 0x9a, 0x7b, 0x48, 0x20, 0x2, 0x6a,
    0x20, 0xf, 0xf8, 0xe4, 0x3, 0xff, 0x96, 0xf8,
    0x40, 0x1f, 0xfc, 0x96, 0x50, 0xf, 0xfe, 0x4b,
    0x40, 0x7, 0xff, 0x32, 0x8c, 0x3, 0xff, 0x8e,
    0x72, 0x1, 0x9b, 0x3f, 0xd8, 0xc0, 0x1f, 0xfc,
    0x4d, 0x10, 0xf, 0xfe, 0x37, 0x80, 0x43, 0x92,
    0x60, 0x3, 0x9c, 0x10, 0xf, 0xfe, 0x10, 0xd0,
    0x7, 0xff, 0x14, 0x8c, 0x2, 0xd3, 0x3, 0x77,
    0x18, 0x1e, 0x80, 0x7f, 0xf0, 0xd2, 0x0, 0x3f,
    0xf8, 0x8a, 0x1, 0x21, 0x83, 0x64, 0x43, 0x18,
    0xd, 0x40, 0x3f, 0xf8, 0x6e, 0xa0, 0x1f, 0xfc,
    0x3f, 0x0, 0xb0, 0x1, 0x0, 0x1a, 0xc0, 0x1a,
    0x1, 0xff, 0xc4, 0xa3, 0x0, 0xff, 0xe1, 0x18,
    0x4, 0x20, 0x1, 0x0, 0xc4, 0x0, 0x10, 0xf,
    0xfe, 0x2e, 0x88, 0x7, 0xff, 0x2, 0x50, 0x3,
    0xff, 0xa8, 0x34, 0x1, 0xff, 0x1b, 0x0, 0x7f,
    0xf5, 0x92, 0x0, 0x3f, 0xd2, 0x1, 0xe, 0x30,
    0x3, 0xff, 0xc0, 0x6, 0xc1, 0x0, 0xff, 0xe2,
    0xba, 0x80, 0x7f, 0x20, 0x5, 0x46, 0x1, 0xff,
    0xc0, 0x3a, 0x0, 0xff, 0xe3, 0x51, 0x80, 0x7e,
    0x10, 0x9, 0x0, 0x3f, 0xf8, 0x48, 0x1, 0xff,
    0xc7, 0xd1, 0x0, 0xff, 0xf1, 0xd, 0x0, 0x7f,
    0xf8, 0xd2, 0x0, 0x3f, 0xfc, 0x6e, 0xa0, 0x1f,
    0xfe, 0x3a, 0x30, 0xf, 0xff, 0x1e, 0x88, 0x0,
    0x80, 0x3f, 0xfb, 0xe3, 0xa0, 0xe, 0x0, 0xff,
    0xf0, 0x1c, 0xc8, 0xc0, 0x32, 0x0, 0x7f, 0xf0,
    0x8c, 0x3, 0xff, 0x9a, 0xcc, 0x0, 0xea, 0x40,
    0xf, 0xf8, 0x57, 0x40, 0x0,

    /* U+F093A "󰤺" */
    0x1, 0xae, 0xff, 0xff, 0xe4, 0x0, 0x7f, 0xf1,
    0x7, 0xd4, 0x40, 0x3f, 0xfb, 0x16, 0x20, 0x1f,
    0xfd, 0xa4, 0x0, 0xff, 0xed, 0x88, 0x5, 0xff,
    0xff, 0xc8, 0x0, 0xff, 0xff, 0x80, 0x7f, 0xfe,
    0x8a, 0xbf, 0xff, 0xf9, 0x20, 0x1f, 0xfc, 0x42,
    0xc5, 0x0, 0xff, 0xec, 0xc8, 0x80, 0x7f, 0xf6,
    0x90, 0x3, 0xff, 0xbf, 0xff, 0xff, 0xc8, 0x0,
    0xff, 0xff, 0x80, 0x7f, 0xfe, 0x8e, 0xff, 0xff,
    0xf8, 0xd6, 0x40, 0x1f, 0xfc, 0x53, 0xc4, 0x0,
    0xff, 0xe3, 0x26, 0x10, 0x7, 0xff, 0x12, 0x0,
    0x3f, 0xf9, 0x23, 0x0, 0x1f, 0xfc, 0x44, 0x0,
    0xff, 0xe5, 0x20, 0x7, 0xff, 0x32, 0x84, 0x3,
    0xff, 0x82, 0x20, 0x1f, 0xfc, 0xc5, 0xf5, 0x0,
    0xff, 0xed, 0xd, 0x58, 0x80, 0x7f, 0xf6, 0x93,
    0xd4, 0x3, 0xfd, 0xff, 0x80, 0x3f, 0xf9, 0x83,
    0x56, 0x20, 0x1f, 0xfd, 0xa4, 0xf5, 0x0, 0xff,
    0xed, 0xd, 0x58, 0x80, 0x7f, 0xf6, 0x93, 0x98,
    0x3, 0xff, 0xb4, 0x26, 0x1, 0xff, 0xd9, 0x5f,
    0x50, 0xf, 0xfe, 0xb8, 0xd5, 0x4, 0x3, 0xff,
    0xae, 0xbe, 0xa0, 0x1f, 0xfc, 0x3f, 0xfc, 0x1,
    0xff, 0xc4, 0x1a, 0xa0, 0x80, 0x7f, 0xf5, 0xd3,
    0xd4, 0x3, 0xff, 0xae, 0x35, 0x62, 0x1, 0xff,
    0xd7, 0x5f, 0x50, 0xf, 0xfe, 0xcd, 0x8, 0x7,
    0xff, 0x4, 0x40, 0x3f, 0xf8, 0x88, 0x1, 0xff,
    0xca, 0x40, 0xf, 0xfe, 0x24, 0x88, 0x7, 0xff,
    0x20, 0x6c, 0x3, 0xff, 0x88, 0x58, 0xa2, 0x1,
    0xff, 0xc4, 0x15, 0xf1,

    /* U+F095B "󰥛" */
    0x0, 0xf9, 0x2b, 0x7f, 0xd8, 0xc0, 0x1f, 0xfd,
    0x42, 0xcb, 0x52, 0x0, 0x1c, 0xe0, 0x80, 0x7f,
    0xf4, 0x4b, 0xc, 0x3, 0xe3, 0xc1, 0x0, 0xff,
    0xe7, 0x8e, 0x8, 0x7, 0xf1, 0x58, 0x7, 0xff,
    0x3e, 0xc4, 0x2, 0x3a, 0xed, 0x40, 0x9, 0x50,
    0x3, 0xff, 0x9a, 0x6a, 0x1, 0x2e, 0x28, 0x95,
    0x98, 0x5, 0x20, 0x1f, 0xfc, 0xd8, 0x0, 0x8a,
    0x80, 0x3b, 0x80, 0x22, 0x40, 0xf, 0xfe, 0x59,
    0x20, 0x5, 0xc0, 0x1e, 0x26, 0x0, 0xbc, 0x3,
    0xff, 0x97, 0x40, 0x11, 0x98, 0x3, 0xeb, 0x0,
    0x90, 0x80, 0x3f, 0xf9, 0x48, 0x1, 0x50, 0x7,
    0xe2, 0x40, 0xa, 0x80, 0x3f, 0xf9, 0x22, 0x60,
    0x13, 0x80, 0x7f, 0x70, 0x4, 0xa0, 0x1f, 0xfc,
    0x95, 0x0, 0x88, 0x40, 0x3f, 0x94, 0x2, 0x22,
    0x0, 0x7f, 0xf2, 0xc, 0x2, 0x70, 0xf, 0xf9,
    0x0, 0x25, 0x0, 0xff, 0xe4, 0x68, 0x5, 0xa0,
    0x1f, 0xf6, 0x80, 0x56, 0x1, 0xff, 0xc8, 0x60,
    0x8, 0x80, 0x3f, 0xe7, 0x0, 0x8c, 0x40, 0x3f,
    0xf8, 0xe2, 0x1, 0x38, 0x7, 0xfc, 0x26, 0x1,
    0x38, 0x7, 0xff, 0x1c, 0xc0, 0x22, 0x0, 0xff,
    0xe0, 0x58, 0x5, 0xa0, 0x1f, 0xfc, 0x71, 0x0,
    0xff, 0xe2, 0x20, 0x4, 0x80, 0x1f, 0xfc, 0x7f,
    0xfc, 0x1, 0xff, 0xc1, 0x31, 0x0, 0x8c, 0x3,
    0xff, 0x83, 0xff, 0x80, 0x3f, 0xf8, 0xee, 0x1,
    0x58, 0x7, 0xff, 0x63, 0x0, 0x24, 0x0, 0xff,
    0xe0, 0x10, 0x4, 0x20, 0x1f, 0xfc, 0x75, 0x0,
    0x8c, 0x40, 0x3f, 0xe1, 0x0, 0x88, 0x3, 0xff,
    0x90, 0x80, 0x13, 0x80, 0x7f, 0xca, 0x1, 0x30,
    0x7, 0xff, 0x23, 0x40, 0x2d, 0x0, 0xff, 0xbc,
    0x2, 0xd0, 0xf, 0xfe, 0x43, 0x80, 0x48, 0x20,
    0x1f, 0xe5, 0x0, 0x8c, 0x3, 0xff, 0x90, 0x26,
    0x1, 0x38, 0x7, 0xf8, 0xc0, 0x25, 0x0, 0xff,
    0xe4, 0xd8, 0x5, 0xa0, 0x1f, 0xca, 0x1, 0x18,
    0x80, 0x7f, 0xf2, 0x58, 0x2, 0x42, 0x0, 0xfd,
    0xc0, 0x12, 0x0, 0x7f, 0xf2, 0x85, 0x0, 0x2b,
    0x0, 0xf8, 0xd0, 0x2, 0xa0, 0xf, 0xfe, 0x5f,
    0x80, 0x4c, 0x40, 0x1e, 0xf0, 0x9, 0x8, 0x3,
    0xff, 0x96, 0x84, 0x1, 0x70, 0x7, 0x51, 0x80,
    0x50, 0x1, 0xff, 0xcd, 0x90, 0x8, 0xec, 0x85,
    0x31, 0x40, 0x25, 0x30, 0xf, 0xfe, 0x6a, 0x28,
    0x4, 0x9b, 0xd6, 0x60, 0x10, 0xd8, 0x7, 0xff,
    0x3e, 0xc8, 0x3, 0xf8, 0x70, 0x40, 0x3f, 0xf9,
    0xe3, 0x86, 0x1, 0xf1, 0xe1, 0x0, 0x7f, 0xf4,
    0x47, 0x24, 0xc0, 0x4, 0xb7, 0x84, 0x1, 0xe0,

    /* U+F0996 "󰦖" */
    0x0, 0xff, 0xe1, 0x1b, 0xce, 0x0, 0x6e, 0xb8,
    0x40, 0xf, 0xfe, 0x70, 0xc6, 0xe4, 0x31, 0x80,
    0x61, 0x47, 0xbf, 0x92, 0x0, 0xff, 0xe4, 0x8c,
    0xf3, 0x90, 0x7, 0xff, 0x5, 0xb6, 0x44, 0x3,
    0xff, 0x8c, 0x9e, 0xc0, 0x1f, 0xfc, 0x66, 0xe5,
    0x0, 0xff, 0xe2, 0x2d, 0x88, 0x7, 0x24, 0x58,
    0x6, 0xda, 0x61, 0x0, 0xea, 0xa0, 0x7, 0xff,
    0xd, 0x50, 0x2, 0x18, 0xeb, 0x74, 0x0, 0xc4,
    0xb3, 0xd4, 0x40, 0x19, 0x6c, 0x3, 0xff, 0x87,
    0x68, 0xf, 0xce, 0x20, 0x1f, 0xf2, 0xec, 0x80,
    0x64, 0xb0, 0xf, 0xf2, 0x80, 0x6b, 0xc8, 0x0,
    0xff, 0xe2, 0x36, 0x90, 0x4, 0x94, 0x1, 0xf9,
    0x2a, 0x80, 0x18, 0xc0, 0x3f, 0xf8, 0xc5, 0xa6,
    0x1, 0x2a, 0x80, 0x3c, 0x34, 0xb, 0x40, 0x1f,
    0xfc, 0xcc, 0x20, 0xa, 0x84, 0x3, 0xa0, 0x40,
    0xa, 0x40, 0x1f, 0xef, 0xf8, 0x3, 0xfe, 0xc0,
    0xd, 0x0, 0x18, 0x58, 0x2, 0x82, 0x0, 0xff,
    0xe6, 0xc, 0x80, 0x4c, 0x40, 0x14, 0x80, 0x44,
    0xe0, 0x1f, 0xfc, 0xe6, 0x20, 0xa, 0x80, 0x26,
    0x0, 0xac, 0x3, 0xff, 0xa1, 0x0, 0x13, 0x0,
    0xc, 0x40, 0x26, 0x0, 0xff, 0xe8, 0x28, 0x4,
    0x26, 0x8, 0x1, 0x28, 0x7, 0xff, 0x49, 0x40,
    0x24, 0xe, 0x0, 0xb0, 0x3, 0xff, 0xa5, 0x80,
    0x16, 0x82, 0x80, 0x48, 0x1, 0xff, 0xd2, 0x40,
    0x9, 0x83, 0x3f, 0xe2, 0x0, 0xff, 0xe9, 0x18,
    0x4, 0x40, 0x1f, 0xfd, 0x81, 0x0, 0xff, 0xe7,
    0x20, 0x7, 0xff, 0x14, 0x40, 0x3f, 0xf9, 0x57,
    0x42, 0x1, 0xff, 0xc3, 0x10, 0xcf, 0xf8, 0xc0,
    0x3f, 0xf8, 0x36, 0x40, 0x5, 0xe7, 0x0, 0xff,
    0x10, 0x4, 0x40, 0xa0, 0x12, 0x80, 0x7f, 0xf0,
    0x53, 0x60, 0x2, 0x8d, 0x40, 0xf, 0xc8, 0x1,
    0x30, 0x70, 0x5, 0x80, 0x1f, 0xfc, 0x37, 0xe5,
    0x0, 0x15, 0xd8, 0x80, 0x3d, 0x80, 0x16, 0x82,
    0x0, 0x4a, 0x1, 0xff, 0xc4, 0x1a, 0xb2, 0x0,
    0x26, 0xb8, 0x7, 0x28, 0x4, 0x80, 0x64, 0x1,
    0x30, 0x7, 0xff, 0x15, 0x35, 0xc0, 0x2e, 0x0,
    0xcc, 0x1, 0x11, 0x80, 0x14, 0x2, 0xb0, 0xf,
    0xfe, 0x3c, 0x6a, 0x4, 0x0, 0x6b, 0x0, 0xa8,
    0x2, 0x90, 0x8, 0x9c, 0x3, 0xff, 0x8e, 0x57,
    0xa2, 0x1, 0x39, 0x0, 0x4c, 0x1, 0xb, 0x80,
    0x50, 0x40, 0x1f, 0xfc, 0x82, 0x0, 0x8e, 0x0,
    0x27, 0x10, 0xd, 0x22, 0x0, 0x52, 0x0, 0xff,
    0xe5, 0x8e, 0x80, 0x43, 0x20, 0x1c, 0x34, 0xb,
    0x40, 0x1f, 0xfc, 0xb1, 0xc1, 0x0, 0xa8, 0x40,
    0x3c, 0x95, 0x40, 0xc, 0x20, 0x1f, 0xfc, 0x63,
    0xf2, 0x0, 0x99, 0x0, 0x3f, 0x28, 0x6, 0x9f,
    0x50, 0xf, 0xfe, 0x24, 0x60, 0x80, 0x4b, 0x20,
    0x1f, 0xfc, 0x1a, 0x61, 0xac, 0x40, 0xf, 0xf8,
    0x5b, 0x5c, 0x3, 0x2d, 0x0, 0x7f, 0xf0, 0x55,
    0x40, 0x11, 0xde, 0xc2, 0x8, 0x6, 0x47, 0xae,
    0x92, 0x0, 0xcf, 0x40, 0x1f, 0xfc, 0x25, 0xb1,
    0x0, 0xc4, 0xf7, 0xc0, 0x1a, 0xe1, 0x40, 0x38,
    0x6e, 0x0, 0x3f, 0xf8, 0x89, 0xec, 0x1, 0xff,
    0xc6, 0x7e, 0x40, 0xf, 0xfe, 0x30, 0xcf, 0x38,
    0x80, 0x7f, 0xf0, 0xa, 0x3a, 0x0, 0x3f, 0xf9,
    0x43, 0x1d, 0x8e, 0x84, 0x1, 0x8d, 0xa3, 0x74,
    0xe2, 0x1, 0xff, 0xc0,

    /* U+F09AD "󰦭" */
    0x0, 0xff, 0xf3, 0x9d, 0xff, 0xff, 0xf0, 0xac,
    0x80, 0x3f, 0xf9, 0x27, 0x88, 0x1, 0xff, 0xc2,
    0x4d, 0x20, 0xf, 0xfe, 0x44, 0x0, 0x7f, 0xf1,
    0xa4, 0x3, 0xff, 0x90, 0x80, 0x1f, 0xfc, 0x64,
    0x0, 0xff, 0xe6, 0x7f, 0xff, 0xf0, 0x0, 0x3f,
    0xff, 0xe0, 0x1f, 0xff, 0x1, 0xae, 0xff, 0xf0,
    0x6, 0xff, 0xff, 0xe0, 0x0, 0x6f, 0xff, 0x75,
    0x8, 0xf, 0xa8, 0x80, 0x7f, 0xf5, 0x5, 0x7c,
    0x6c, 0x40, 0x3f, 0xfb, 0x3, 0x68, 0x1, 0xff,
    0xda, 0x41, 0x0, 0xbf, 0xff, 0xfa, 0x80, 0x10,
    0x80, 0x7f, 0xff, 0xc0, 0x3f, 0xfd, 0x3f, 0xf8,
    0x3, 0xff, 0x89, 0xff, 0x80, 0x3f, 0xfd, 0x1f,
    0xf8, 0x3, 0x7f, 0xff, 0xf1, 0x0, 0x37, 0xfe,
    0x0, 0xff, 0xff, 0x80, 0x7f, 0xfa, 0x7f, 0xf0,
    0x6, 0xff, 0xff, 0xe2, 0x0, 0x6f, 0xfc, 0x1,
    0xff, 0xe8, 0xff, 0xc0, 0x1f, 0xfc, 0x4f, 0xfc,
    0x1, 0xff, 0xff, 0x0, 0xff, 0xf6, 0xff, 0xff,
    0xf5, 0x0, 0x3f, 0xff, 0xe0, 0x1f, 0xfe, 0x5f,
    0xff, 0xfe, 0xe0,

    /* U+F0A46 "󰩆" */
    0x0, 0xff, 0xf3, 0x8e, 0x18, 0x7, 0xff, 0x78,
    0xb0, 0xf4, 0xc0, 0x3f, 0xfb, 0xbc, 0x40, 0x3a,
    0x60, 0x1f, 0xfd, 0xce, 0x10, 0x0, 0xe9, 0x80,
    0x6c, 0xff, 0xff, 0xe0, 0x80, 0x7f, 0xf2, 0x4b,
    0x4, 0x0, 0x3a, 0x60, 0x16, 0x18, 0x7, 0xff,
    0x58, 0xb0, 0x40, 0x3, 0xa6, 0x1, 0x61, 0x80,
    0x7f, 0xf5, 0x8b, 0x4, 0x0, 0x3a, 0x60, 0x16,
    0x18, 0x7, 0xff, 0x58, 0xb0, 0x40, 0x3, 0xa6,
    0x1, 0x61, 0x80, 0x5f, 0xfe, 0x0, 0xff, 0xe6,
    0x96, 0x8, 0x0, 0x74, 0xc0, 0x2c, 0x30, 0xf,
    0xfe, 0xb1, 0x60, 0x80, 0x7, 0x4c, 0x2, 0xc3,
    0x0, 0xff, 0xeb, 0x16, 0x8, 0x0, 0x74, 0xc0,
    0x2c, 0x30, 0xf, 0xfe, 0xb1, 0x30, 0x4, 0x3a,
    0x60, 0x16, 0x5f, 0xff, 0xfc, 0x1, 0xff, 0xca,
    0x77, 0x0, 0x61, 0xd3, 0x0, 0xac, 0xc0, 0x3f,
    0xfa, 0x6f, 0x0, 0x1e, 0x1d, 0x30, 0xb, 0xc,
    0x3, 0xff, 0x83, 0xff, 0xe0, 0xf, 0xf3, 0xc0,
    0x7, 0xe1, 0xd3, 0x0, 0xb0, 0xc0, 0x3f, 0xf9,
    0x1f, 0xf8, 0x3, 0x40, 0x7, 0xf8, 0x74, 0xc0,
    0x2c, 0x30, 0xf, 0xfe, 0xd8, 0xe9, 0x80, 0x58,
    0x60, 0x1f, 0xfd, 0xb1, 0xd3, 0x0, 0xb0, 0xc0,
    0x3f, 0xfb, 0x63, 0xa6, 0x1, 0x61, 0x80, 0x7f,
    0xf6, 0xc7, 0x4c, 0x2, 0xc3, 0x0, 0xbf, 0xf0,
    0x7, 0xff, 0x50, 0x74, 0xc0, 0x2c, 0x30, 0xf,
    0xfe, 0x37, 0xfe, 0x0, 0xff, 0xe2, 0x8e, 0x98,
    0x5, 0x86, 0x1, 0xff, 0xdb, 0x1d, 0x30, 0xb,
    0xc, 0x3, 0xff, 0xb6, 0x3a, 0x60, 0x16, 0x18,
    0x7, 0xff, 0x6c, 0x74, 0xc0, 0x2c, 0x30, 0xf,
    0xfe, 0x17, 0xfe, 0x0, 0xff, 0xe4, 0x8e, 0x98,
    0x5, 0x86, 0x1, 0xff, 0xdb, 0x1d, 0x30, 0xb,
    0xc, 0x3, 0xff, 0xb6, 0x3a, 0x60, 0x16, 0x18,
    0x7, 0xff, 0x6c, 0x74, 0xc0, 0x2c, 0x30, 0xf,
    0xfe, 0xd8, 0xe9, 0x80, 0x58, 0x60, 0x1f, 0xfd,
    0xb1, 0xd3, 0x0, 0xb0, 0xc0, 0x37, 0xfe, 0x0,
    0xdf, 0xfe, 0x80, 0xf, 0xfe, 0x40, 0xe9, 0x80,
    0x58, 0x60, 0x1f, 0xfc, 0x57, 0x70, 0x7, 0xff,
    0x20, 0x74, 0xc0, 0x2c, 0x30, 0xf, 0xfe, 0x2c,
    0x38, 0x7, 0xff, 0x14, 0x40, 0x3, 0xa6, 0x1,
    0x60, 0x7, 0xff, 0x1a, 0x1c, 0x3, 0xff, 0x89,
    0x82, 0x0, 0x1d, 0x30, 0xf, 0xfe, 0x54, 0x7f,
    0xff, 0xf1, 0xb, 0x4, 0x0, 0x3e, 0x1, 0xff,
    0xdc, 0x2c, 0x10, 0x2d, 0x0, 0xff, 0xee, 0x96,
    0x1f, 0x88, 0x7, 0xff, 0x78, 0xb0, 0x80, 0x38,

    /* U+F0A66 "󰩦" */
    0x0, 0xff, 0xe0, 0x8c, 0x67, 0x73, 0x20, 0x40,
    0x3f, 0xfa, 0x6b, 0xce, 0x62, 0x23, 0x7e, 0x50,
    0xf, 0xfe, 0x8a, 0xd0, 0x7, 0xea, 0x50, 0xf,
    0xfe, 0x78, 0xd0, 0x7, 0xfa, 0x84, 0x3, 0xff,
    0x9d, 0x20, 0x1a, 0x3b, 0x90, 0x1, 0xa4, 0x3,
    0xff, 0x9c, 0xa0, 0x14, 0x38, 0x89, 0xe0, 0x2,
    0x50, 0xf, 0xfe, 0x28, 0xd7, 0x7f, 0xf8, 0x80,
    0x26, 0x0, 0xcc, 0x1, 0x17, 0xff, 0xba, 0x84,
    0x3, 0xe1, 0xf5, 0x10, 0xf, 0xf0, 0x80, 0x61,
    0x0, 0xff, 0xa, 0xf8, 0x80, 0x7a, 0xc4, 0x3,
    0xff, 0xa4, 0x36, 0x1, 0xe4, 0x0, 0xff, 0xea,
    0x20, 0x7, 0x84, 0x2, 0xff, 0xff, 0x0, 0x7b,
    0xff, 0xfc, 0x1, 0x8, 0x7, 0xff, 0xfc, 0x3,
    0xff, 0xd6, 0xe0, 0x1f, 0xfd, 0xb8, 0xe4, 0x0,
    0xff, 0xed, 0xd, 0xa8, 0x7, 0xff, 0x3b, 0x60,
    0x40, 0x27, 0x51, 0x0, 0xd4, 0x60, 0x1f, 0xfc,
    0xd2, 0x7e, 0x50, 0x4, 0x57, 0x48, 0x6, 0xf0,
    0xf, 0xfe, 0x85, 0x28, 0x6, 0x6b, 0x0, 0x8d,
    0x0, 0x3f, 0xfa, 0x14, 0x20, 0x19, 0x18, 0x2,
    0xe0, 0xf, 0xfe, 0x47, 0xfd, 0xd0, 0x1, 0xa4,
    0x3, 0xa8, 0x2, 0x70, 0xf, 0xfe, 0x58, 0xbc,
    0x0, 0x48, 0x1, 0xc6, 0x1, 0x18, 0x7, 0xff,
    0x35, 0x80, 0x22, 0x0, 0xff, 0xf0, 0x98, 0x4,
    0x60, 0x1f, 0xfc, 0xd6, 0x0, 0x88, 0x3, 0xa8,
    0x2, 0x70, 0xf, 0xfe, 0x58, 0xbc, 0x0, 0x48,
    0x1, 0x91, 0x80, 0x2e, 0x0, 0xff, 0xe4, 0x7f,
    0xdd, 0x0, 0x1a, 0x40, 0x26, 0xb0, 0x8, 0x90,
    0x3, 0xff, 0xa1, 0x43, 0x15, 0xd2, 0x1, 0xb8,
    0x3, 0xff, 0xa1, 0x4a, 0xe, 0xa2, 0x1, 0xa8,
    0xc0, 0x3f, 0xf9, 0xa4, 0xfc, 0xa0, 0x1f, 0xd,
    0xa8, 0x7, 0x25, 0x6f, 0x73, 0x69, 0x0, 0x3f,
    0xf8, 0x3b, 0x2, 0x1, 0xf4, 0x72, 0x0, 0x63,
    0xdb, 0x52, 0x11, 0x12, 0xde, 0x18, 0x7, 0xff,
    0x25, 0xc0, 0x39, 0x70, 0x80, 0x3f, 0x1e, 0x28,
    0x7, 0xff, 0x35, 0x28, 0x3, 0xff, 0x81, 0x48,
    0x1, 0xff, 0xcc, 0xa0, 0xc, 0xd9, 0xfe, 0xc6,
    0x0, 0xd4, 0x1, 0xff, 0xcb, 0x71, 0x0, 0xae,
    0x4c, 0x0, 0x73, 0x60, 0x10, 0xb8, 0x7, 0xff,
    0x8, 0x40, 0x2f, 0xfd, 0x0, 0x14, 0xa0, 0x7,
    0x92, 0x40, 0x28, 0xff, 0xc0, 0x10, 0x80, 0x79,
    0x0, 0x3f, 0xc2, 0xc0, 0x1f, 0x98, 0x40, 0x3f,
    0xc8, 0x1, 0xe8, 0x10, 0xf, 0xe4, 0x0, 0xff,
    0x20, 0x7, 0xf0, 0xd8, 0x7, 0x8b, 0x14, 0x40,
    0x3e, 0x20, 0xf, 0xf1, 0x0, 0x7c, 0x2b, 0xe2,
    0x1, 0xe0,

    /* U+F0A7A "󰩺" */
    0x0, 0xff, 0xbf, 0xff, 0xf8, 0x0, 0x1f, 0xfe,
    0x2f, 0xff, 0xf0, 0x7, 0xff, 0x3, 0xff, 0xfc,
    0x1, 0xff, 0xff, 0x0, 0xff, 0xe8, 0xff, 0x80,
    0x37, 0xff, 0xff, 0x20, 0x3, 0x7f, 0x80, 0x3f,
    0xff, 0xe0, 0x1f, 0xfd, 0xbf, 0xfc, 0x1, 0xbf,
    0xf0, 0x7, 0xff, 0xfc, 0x3, 0xff, 0xfe, 0x1,
    0xff, 0xff, 0x0, 0xff, 0xff, 0x80, 0x7f, 0xff,
    0xc0, 0x3f, 0xff, 0xe0, 0x1f, 0xff, 0xf0, 0xf,
    0xff, 0xff, 0xfe, 0x0, 0xdf, 0xf8, 0x3, 0xff,
    0xfe, 0x1, 0xff, 0xdd, 0x10, 0xb, 0xff, 0xff,
    0x90, 0x1, 0x8, 0x7, 0x90, 0x3, 0xff, 0x9c,
    0x80, 0x1e, 0x81, 0x0, 0xff, 0xe6, 0xc, 0x0,
    0x78, 0xb1, 0x0, 0x3f, 0xf9, 0x4b, 0x84, 0x1,
    0x0,

    /* U+F0B5C "󰭜" */
    0x0, 0xff, 0x86, 0xbf, 0xff, 0xfa, 0x94, 0x40,
    0x1f, 0xf0, 0xfa, 0x80, 0x7f, 0xf5, 0x17, 0x8,
    0x3, 0xfd, 0x42, 0x1, 0xff, 0xd6, 0x18, 0x0,
    0xfe, 0x54, 0x0, 0xff, 0xec, 0x28, 0x7, 0xe1,
    0xb0, 0x9, 0x7f, 0xff, 0xfa, 0x40, 0x1f, 0xfc,
    0xa, 0x10, 0x0, 0xd8, 0x7, 0xff, 0x75, 0x50,
    0x2, 0xa1, 0x0, 0xff, 0xee, 0xd, 0x80, 0x4a,
    0x80, 0x1f, 0xfd, 0xdb, 0x10, 0x0, 0xd8, 0x7,
    0xea, 0x50, 0xf, 0xfe, 0x3, 0x50, 0x7, 0xff,
    0x15, 0x54, 0x1, 0x50, 0x80, 0x7d, 0x6b, 0x4a,
    0x1, 0xfe, 0x59, 0x5a, 0x0, 0xff, 0xe1, 0x8d,
    0x80, 0x4a, 0x80, 0x1f, 0x52, 0x0, 0x29, 0x40,
    0x3f, 0x2d, 0x0, 0x16, 0x80, 0x3f, 0xf8, 0x56,
    0x20, 0x1, 0xb0, 0xf, 0xdc, 0x1, 0xa9, 0x40,
    0x3c, 0xb4, 0x1, 0xb8, 0x3, 0xff, 0x82, 0xaa,
    0x0, 0xa8, 0x40, 0x3f, 0x25, 0x80, 0x6a, 0x50,
    0xc, 0xb4, 0x1, 0xad, 0x0, 0x3f, 0xf8, 0x3,
    0x60, 0x13, 0x20, 0x7, 0xf9, 0x2c, 0x3, 0x52,
    0x80, 0x16, 0x80, 0x35, 0xa0, 0x7, 0xff, 0x6,
    0xc4, 0x0, 0x32, 0x1, 0xff, 0xc0, 0x4b, 0x0,
    0xd4, 0xa9, 0x40, 0x1a, 0x90, 0x3, 0xff, 0x82,
    0xaa, 0x0, 0xa8, 0x3, 0xff, 0x84, 0x96, 0x1,
    0xaa, 0xc0, 0x35, 0x28, 0x7, 0xff, 0x4, 0x6c,
    0x2, 0x64, 0x0, 0xff, 0xe1, 0xa5, 0x80, 0x7e,
    0xa5, 0x0, 0xff, 0xe1, 0x58, 0x80, 0x6, 0x40,
    0x3f, 0xf8, 0xa9, 0x60, 0x1e, 0xa5, 0x0, 0xff,
    0xf9, 0xd8, 0x80, 0x6, 0x40, 0x3f, 0xf8, 0xa9,
    0x60, 0x1e, 0xa5, 0x0, 0xff, 0xe1, 0x8d, 0x80,
    0x4c, 0x80, 0x1f, 0xfc, 0x34, 0xb0, 0xf, 0xd4,
    0xa0, 0x1f, 0xfc, 0x35, 0x50, 0x5, 0x40, 0x1f,
    0xfc, 0x24, 0xb0, 0xd, 0x54, 0x0, 0xd4, 0xa0,
    0x1f, 0xfc, 0x3b, 0x10, 0x0, 0xc8, 0x7, 0xff,
    0x1, 0x2c, 0x3, 0x52, 0xaa, 0x80, 0x35, 0x20,
    0x7, 0xff, 0x8, 0x6c, 0x2, 0x64, 0x0, 0xff,
    0x25, 0x80, 0x6a, 0x50, 0x2, 0xd0, 0x6, 0xb4,
    0x0, 0xff, 0xe1, 0x2a, 0x80, 0x2a, 0x10, 0xf,
    0xc9, 0x60, 0x1a, 0x94, 0x3, 0x2d, 0x0, 0x6b,
    0x40, 0xf, 0xfe, 0x15, 0x88, 0x0, 0x6c, 0x3,
    0xf7, 0x0, 0x6a, 0x50, 0xf, 0x2d, 0x0, 0x6e,
    0x0, 0xff, 0xe1, 0xd, 0x80, 0x4a, 0x80, 0x1f,
    0x52, 0x0, 0x29, 0x40, 0x3f, 0x2d, 0x0, 0x16,
    0x80, 0x3f, 0xf8, 0x6a, 0xa0, 0xa, 0x84, 0x3,
    0xeb, 0x5a, 0x50, 0xf, 0xf2, 0xca, 0xd0, 0x7,
    0xff, 0x16, 0xc4, 0x0, 0x36, 0x1, 0xfa, 0x94,
    0x3, 0xff, 0x80, 0xd4, 0x1, 0xff, 0xc6, 0x1b,
    0x0, 0x95, 0x0, 0x3f, 0xfb, 0xca, 0x80, 0x15,
    0x8, 0x7, 0xff, 0x7a, 0x84, 0x0, 0x36, 0x1,
    0xff, 0xde, 0x1b, 0x0, 0x97, 0xff, 0xff, 0xa4,
    0x1, 0xff, 0xc1, 0x54, 0x0, 0xff, 0xec, 0x28,
    0x7, 0xfa, 0x84, 0x3, 0xff, 0xac, 0x30, 0x1,
    0xfe, 0x1f, 0x50, 0xf, 0xfe, 0xa2, 0x61, 0x0,

    /* U+F0BC2 "󰯂" */
    0x0, 0xfe, 0x7c, 0xef, 0xff, 0xfe, 0x57, 0x63,
    0x80, 0x7f, 0x8b, 0x60, 0xc4, 0x3, 0xff, 0x94,
    0x27, 0x1a, 0x40, 0x1f, 0xbc, 0x80, 0x3f, 0xfa,
    0x5, 0xe0, 0x1f, 0x39, 0x0, 0x7f, 0xf4, 0x89,
    0xc0, 0x3d, 0x60, 0x1f, 0xfc, 0xd5, 0xee, 0x28,
    0x5, 0x60, 0x1e, 0x20, 0xf, 0xfe, 0x6d, 0x88,
    0xac, 0x2, 0x20, 0xf, 0x8, 0x7, 0xff, 0x34,
    0x40, 0x2, 0x1, 0x8, 0x7, 0xff, 0xa3, 0xff,
    0xff, 0x84, 0x1, 0xfe, 0xff, 0xc0, 0x1f, 0xff,
    0xf0, 0xf, 0xff, 0x6f, 0xff, 0xff, 0x8, 0x3,
    0xff, 0xfe, 0x1, 0xff, 0xfb, 0xff, 0xff, 0xe0,
    0x0, 0x7f, 0xff, 0xc0, 0x3f, 0xff, 0xbf, 0xff,
    0xfc, 0x0, 0xf, 0xff, 0xf8, 0x7, 0xff, 0xfc,
    0x3, 0xff, 0xfe, 0x1, 0xff, 0xff, 0x0, 0x7f,
    0xff, 0xf2, 0x80, 0x3f, 0xff, 0xe0, 0x1c, 0x20,
    0x1f, 0xfd, 0xbb, 0x10, 0xf, 0xf7, 0xff, 0xff,
    0x32, 0x80, 0x25, 0xef, 0xf0, 0x7, 0xff, 0x51,
    0x4c, 0x3, 0xff, 0x84, 0x20, 0x1f, 0xfc, 0xcd,
    0x20, 0xf, 0xfe, 0x9, 0x0, 0x7f, 0xf3, 0x7,
    0x60, 0x80, 0x3f, 0xeb, 0x0, 0xff, 0xe7, 0x3e,
    0xff, 0x94, 0x3, 0xf3, 0x90, 0x7, 0xff, 0x40,
    0xd4, 0x3, 0xfb, 0xc8, 0x3, 0xff, 0x9c, 0x7a,
    0x1, 0xfe, 0x2d, 0x83, 0x10, 0xf, 0xfe, 0x40,
    0x9c, 0xe0, 0x80, 0x7f, 0x0,

    /* U+F0BEC "󰯬" */
    0x0, 0xff, 0xe1, 0x1b, 0xd6, 0x77, 0xfb, 0xb2,
    0x9c, 0xc0, 0x3f, 0xf9, 0xa3, 0x1b, 0x90, 0xa6,
    0x20, 0x1, 0x35, 0x8c, 0xd8, 0x10, 0xf, 0xfe,
    0x40, 0xcf, 0x39, 0x0, 0x7f, 0xf0, 0x9, 0xfa,
    0x44, 0x3, 0xff, 0x8a, 0xbe, 0xc0, 0x1f, 0xfc,
    0x66, 0xf5, 0x0, 0xff, 0xe1, 0xcd, 0x8, 0x7,
    0xff, 0x20, 0x6a, 0x40, 0x3f, 0xf8, 0x36, 0xc0,
    0x1f, 0xfc, 0xc6, 0xb0, 0xf, 0xfa, 0xd0, 0x3,
    0xff, 0x9c, 0x96, 0x1, 0xfd, 0x28, 0x1, 0xff,
    0xd0, 0x49, 0x0, 0xf9, 0x58, 0x3, 0xff, 0xa4,
    0xca, 0x1, 0xc3, 0x60, 0x1f, 0xfd, 0x4b, 0x10,
    0xd, 0x2, 0x1, 0xff, 0x15, 0xff, 0xfa, 0xc8,
    0x3, 0xfe, 0x18, 0x0, 0x85, 0x80, 0x3f, 0xe2,
    0xd4, 0x0, 0xf2, 0x69, 0x0, 0x7f, 0xcc, 0x20,
    0x9, 0x0, 0xff, 0xe0, 0x48, 0x7, 0xfa, 0x40,
    0x3f, 0xf8, 0x12, 0x0, 0x50, 0xf, 0xfe, 0x2,
    0x0, 0x7f, 0x90, 0x3, 0xff, 0x80, 0xa0, 0x64,
    0x1, 0xff, 0xc4, 0xff, 0xc0, 0x1f, 0xfc, 0x42,
    0x34, 0x0, 0xff, 0xed, 0x26, 0x80, 0x7f, 0xf6,
    0xb5, 0x80, 0x3f, 0xfb, 0x4c, 0x40, 0x1f, 0xfc,
    0x5f, 0xfc, 0x1, 0xff, 0xc5, 0x21, 0x0, 0xff,
    0xed, 0x8, 0x7, 0xff, 0x70, 0x40, 0x3f, 0xfb,
    0x42, 0x40, 0x1f, 0xfc, 0x5f, 0xfc, 0x1, 0xff,
    0xc5, 0x26, 0x0, 0xff, 0xed, 0x36, 0x80, 0x7f,
    0xf6, 0xb5, 0x0, 0x3f, 0xfb, 0x48, 0x64, 0x1,
    0xff, 0xd8, 0x23, 0x5, 0x0, 0xff, 0xec, 0x28,
    0x2, 0x40, 0x3f, 0xfb, 0x12, 0x0, 0x16, 0x0,
    0xff, 0xeb, 0x30, 0x80, 0x50, 0x20, 0x1f, 0xef,
    0xfc, 0x1, 0xbf, 0xf0, 0x7, 0xf8, 0x60, 0x3,
    0xd, 0x80, 0x7f, 0xf5, 0x2c, 0x40, 0x39, 0x58,
    0x3, 0xff, 0xa4, 0xca, 0x1, 0xf4, 0xa0, 0x7,
    0xff, 0x41, 0x24, 0x3, 0xfa, 0xd0, 0x3, 0xff,
    0x9c, 0x96, 0x1, 0xff, 0x5b, 0x0, 0x7f, 0xf3,
    0x1a, 0xc0, 0x3f, 0xf8, 0x33, 0x42, 0x1, 0xff,
    0xc8, 0x1a, 0x90, 0xf, 0xfe, 0x1a, 0xfb, 0x0,
    0x7f, 0xf1, 0x9b, 0xd4, 0x3, 0xff, 0x8a, 0x33,
    0xce, 0x40, 0x1f, 0xfc, 0x2, 0x7e, 0x91, 0x0,
    0xff, 0xe4, 0xc, 0x6e, 0x42, 0x98, 0x80, 0x4,
    0xd6, 0x33, 0x60, 0x40, 0x3f, 0xe0,

    /* U+F0CE1 "󰳡" */
    0x0, 0xff, 0xe1, 0x1b, 0xd6, 0x77, 0xfb, 0xb2,
    0x9c, 0xc0, 0x3f, 0xf9, 0xa3, 0x1b, 0x90, 0xa6,
    0x20, 0x1, 0x35, 0x8c, 0xd8, 0x10, 0xf, 0xfe,
    0x40, 0xcf, 0x39, 0x0, 0x7f, 0xf0, 0x9, 0xfa,
    0x44, 0x3, 0xff, 0x8a, 0xbe, 0xc0, 0x1f, 0xfc,
    0x66, 0xf5, 0x0, 0xff, 0xe1, 0xcd, 0x8, 0x7,
    0xff, 0x20, 0x6a, 0x40, 0x3f, 0xf8, 0x36, 0xc0,
    0x1f, 0xfc, 0xc6, 0xb0, 0xf, 0xfa, 0xd0, 0x3,
    0xff, 0x9c, 0x96, 0x1, 0xfd, 0x28, 0x1, 0xff,
    0xd0, 0x49, 0x0, 0xf9, 0x58, 0x3, 0xff, 0x84,
    0x88, 0x0, 0xff, 0xe1, 0x32, 0x80, 0x70, 0xd8,
    0x7, 0xff, 0x8, 0xee, 0xc6, 0x1, 0xff, 0xc2,
    0xb1, 0x0, 0xd0, 0x20, 0x1f, 0xfc, 0x13, 0xc0,
    0x6, 0x18, 0x7, 0xff, 0x4, 0x60, 0x2, 0x16,
    0x0, 0xff, 0xe0, 0x9e, 0x0, 0x6c, 0x30, 0xf,
    0xfe, 0xb, 0x8, 0x2, 0x40, 0x3f, 0xf8, 0x27,
    0x80, 0x1e, 0xc3, 0x0, 0xff, 0xe0, 0xc8, 0x1,
    0x40, 0x3f, 0xf8, 0x7, 0x80, 0x1f, 0xb0, 0xc0,
    0x3f, 0xf8, 0xa, 0x6, 0x40, 0x1f, 0xf1, 0xe0,
    0x7, 0xfb, 0xc, 0x3, 0xfe, 0x23, 0x40, 0xf,
    0xf8, 0xf0, 0x3, 0xff, 0x81, 0x86, 0x1, 0xff,
    0x26, 0x80, 0x7f, 0x8f, 0x0, 0x33, 0x80, 0x68,
    0x0, 0xd8, 0x60, 0x1f, 0xed, 0x60, 0xf, 0xe3,
    0xc0, 0xc, 0xf0, 0x1, 0x9e, 0x0, 0x36, 0x18,
    0x7, 0xf3, 0x10, 0x7, 0xe3, 0xd0, 0xc, 0xf0,
    0x1, 0xe7, 0x80, 0xd, 0xa6, 0x1, 0xf8, 0x84,
    0x3, 0xe3, 0xd1, 0x0, 0x9e, 0x0, 0x3f, 0x3c,
    0x0, 0x43, 0xa6, 0x1, 0xf0, 0x80, 0x7e, 0x41,
    0x0, 0x9e, 0x0, 0x3f, 0xcf, 0x0, 0x10, 0xa0,
    0x7, 0xe1, 0x0, 0xf9, 0xe0, 0x0, 0xf0, 0x1,
    0xff, 0xc0, 0x78, 0x0, 0x3b, 0x80, 0x3e, 0x12,
    0x0, 0xfc, 0xf0, 0xf0, 0x1, 0xff, 0xc2, 0x78,
    0x78, 0x0, 0xfc, 0x4c, 0x1, 0xfc, 0xf0, 0x1,
    0xff, 0xc4, 0x78, 0x0, 0xfe, 0x6d, 0x0, 0xff,
    0xed, 0x6a, 0x0, 0x7f, 0xf6, 0x90, 0xc8, 0x3,
    0xff, 0xb0, 0x46, 0xa, 0x1, 0xff, 0xd8, 0x50,
    0x4, 0x80, 0x7f, 0xf6, 0x24, 0x0, 0x2c, 0x1,
    0xff, 0xd6, 0x61, 0x0, 0xa0, 0x40, 0x3f, 0xfa,
    0x83, 0x0, 0x18, 0x6c, 0x3, 0xff, 0xa9, 0x62,
    0x1, 0xca, 0xc0, 0x1f, 0xfc, 0x1f, 0xfc, 0x1,
    0xff, 0xc1, 0x65, 0x0, 0xfa, 0x50, 0x3, 0xff,
    0xa0, 0x92, 0x1, 0xfd, 0x68, 0x1, 0xff, 0xce,
    0x4b, 0x0, 0xff, 0xad, 0x80, 0x3f, 0xf9, 0x8d,
    0x60, 0x1f, 0xfc, 0x19, 0xa1, 0x0, 0xff, 0xe4,
    0xd, 0x48, 0x7, 0xff, 0xd, 0x7d, 0x80, 0x3f,
    0xf8, 0xcd, 0xea, 0x1, 0xff, 0xc5, 0x19, 0xe7,
    0x20, 0xf, 0xfe, 0x1, 0x3f, 0x48, 0x80, 0x7f,
    0xf2, 0x6, 0x37, 0x21, 0x4c, 0x40, 0x2, 0x6b,
    0x19, 0xb0, 0x20, 0x1f, 0xf0,

    /* U+F0D3B "󰴻" */
    0x0, 0xff, 0xea, 0x2d, 0xe5, 0x18, 0x7, 0xff,
    0x0, 0x9e, 0xfb, 0xfd, 0xd6, 0xe2, 0x1, 0xff,
    0xe, 0x52, 0x1a, 0xe4, 0x80, 0x7f, 0x15, 0x6c,
    0x20, 0x80, 0x5, 0x23, 0xa4, 0x40, 0x3f, 0xb4,
    0xc0, 0x39, 0xa8, 0x3, 0xe6, 0xd5, 0x0, 0xff,
    0x37, 0x28, 0x7, 0xcc, 0x60, 0x1f, 0x2b, 0x0,
    0x74, 0x48, 0x7, 0xff, 0xa, 0x98, 0x3, 0xd6,
    0x1, 0xfd, 0x40, 0x19, 0x9c, 0x3, 0xff, 0x89,
    0x2a, 0x1, 0x84, 0x80, 0x3f, 0x88, 0x2, 0x29,
    0x0, 0xff, 0xe3, 0x51, 0x0, 0x4e, 0x1, 0xff,
    0xc2, 0x80, 0xf, 0xfe, 0x44, 0x0, 0x58, 0x1,
    0xfe, 0x20, 0x1, 0x28, 0x7, 0xff, 0x23, 0x80,
    0x25, 0x0, 0xff, 0x50, 0x1, 0x40, 0x3f, 0xf8,
    0xe3, 0x88, 0x0, 0x90, 0xf, 0xf1, 0xb0, 0x3,
    0x0, 0x3f, 0xf8, 0xcb, 0xe6, 0x0, 0x76, 0x0,
    0xcd, 0xae, 0x20, 0xd8, 0x1, 0x28, 0x7, 0xff,
    0x11, 0x2e, 0x84, 0x1, 0x10, 0x0, 0xcb, 0x25,
    0x1d, 0xf2, 0x1, 0x84, 0x3, 0xff, 0x84, 0xd9,
    0x68, 0x0, 0x1a, 0x70, 0xc, 0x36, 0x1, 0xff,
    0xc9, 0x16, 0xbf, 0x93, 0x0, 0x97, 0xd4, 0x3,
    0xa4, 0x40, 0x3f, 0xc4, 0x1, 0xe2, 0x59, 0xde,
    0x94, 0x0, 0xc9, 0x94, 0x20, 0x1e, 0x60, 0xf,
    0xf9, 0xc0, 0x96, 0x2f, 0xf6, 0x98, 0x80, 0x30,
    0xbe, 0xd9, 0x80, 0x7c, 0x82, 0x1, 0xff, 0x5f,
    0xed, 0x3a, 0x0, 0x78, 0x9f, 0x3a, 0x8, 0x3,
    0xfb, 0x80, 0x3f, 0xf8, 0x2, 0x1, 0xf1, 0xbd,
    0x76, 0xc1, 0x80, 0x7f, 0xf0, 0x14, 0x3, 0xff,
    0x84, 0x28, 0xd3, 0x9f, 0x90, 0xa2, 0x1, 0xff,
    0xc2, 0x40, 0xf, 0xfe, 0x1, 0x57, 0x72, 0xe5,
    0x8c, 0x3, 0xff, 0x8f, 0xa0, 0x1f, 0xf2, 0xea,
    0x88, 0x7, 0xff, 0x31, 0xc0, 0x3f, 0xe5, 0xff,
    0x76, 0x30, 0x7, 0xff, 0x28, 0xc0, 0x3f, 0xf8,
    0x42, 0x70, 0x1, 0xff, 0xca, 0x50, 0xf, 0xfe,
    0x24, 0x0, 0x73, 0xe2, 0x80, 0x78, 0x5e, 0x80,
    0x3a, 0x80, 0x3f, 0xf8, 0x70, 0xc0, 0x19, 0xe0,
    0xeb, 0xee, 0x1e, 0x73, 0xa1, 0x48, 0x3, 0x11,
    0x0, 0x3f, 0xf8, 0x30, 0xe0, 0x19, 0xe0, 0x3,
    0x23, 0xc3, 0x18, 0x5, 0x40, 0x1d, 0x40, 0x1f,
    0xfc, 0x8, 0x70, 0xd, 0x10, 0x0, 0xff, 0xe0,
    0xa8, 0x7, 0x28, 0x7, 0xf8,

    /* U+F0D49 "󰵉" */
    0x0, 0xff, 0xe4, 0x3b, 0x80, 0x3f, 0xfb, 0x6f,
    0x10, 0x70, 0xf, 0xfe, 0xcb, 0xc0, 0x2, 0x1c,
    0x3, 0xff, 0xae, 0xf0, 0x1, 0xa1, 0xc0, 0x3f,
    0xfa, 0xaf, 0x0, 0x1e, 0x87, 0x0, 0xff, 0xe9,
    0xbc, 0x0, 0x7e, 0x87, 0x0, 0xff, 0xe8, 0xbc,
    0x0, 0x7f, 0xa1, 0xc0, 0x3f, 0xf9, 0xef, 0x0,
    0x1f, 0xfc, 0x8, 0x70, 0xf, 0xfe, 0x73, 0xff,
    0xf0, 0x6, 0xff, 0xe7, 0x0, 0xff, 0xff, 0x80,
    0x7f, 0xff, 0xc0, 0x3f, 0xff, 0xe0, 0x1f, 0xff,
    0xf0, 0xf, 0xff, 0xf8, 0x7, 0xff, 0xfc, 0x3,
    0xff, 0xfe, 0x1, 0xff, 0xff, 0x0, 0xff, 0xe3,
    0x88, 0x6, 0x10, 0xf, 0xfe, 0xbb, 0xf0, 0x6,
    0xe7, 0x0, 0xff, 0xea, 0x26, 0xc0, 0x7, 0xa3,
    0x50, 0x3, 0xff, 0x8a, 0x26, 0x1, 0xfc, 0x57,
    0x62, 0x0, 0xfc, 0x57, 0x62, 0x0, 0xfe, 0x31,
    0x0, 0xcf, 0xe0, 0x1f, 0xc, 0xea, 0x0, 0x61,
    0x99, 0x8, 0x6, 0x4d, 0x91, 0x0, 0xfb, 0xdc,
    0x3, 0x61, 0xa8, 0x7, 0x37, 0xb0, 0x7, 0x37,
    0xb3, 0x3d, 0x80, 0x39, 0xbd, 0x80, 0x39, 0x4f,
    0x0, 0x32, 0x5, 0x80, 0x49, 0xb2, 0x20, 0x19,
    0x36, 0x44, 0x0, 0x33, 0xa8, 0x1, 0x86, 0x75,
    0x0, 0x2b, 0x4, 0x0, 0x8c, 0x40, 0x5c, 0xaa,
    0xc8, 0x3, 0xd, 0x59, 0x0, 0x78, 0xae, 0x84,
    0x3, 0x15, 0xd1, 0x38, 0x80, 0x98, 0x1, 0x0,
    0x28, 0xd5, 0x0, 0xe8, 0xe5, 0x0, 0xff, 0x2f,
    0x40, 0x7, 0x2e, 0xc0, 0x4, 0x80, 0xb, 0x0,
    0xfe, 0x5e, 0x70, 0xf, 0xfe, 0x13, 0xf2, 0x80,
    0x7f, 0x58, 0x0, 0xc0, 0x3e, 0x2c, 0xa1, 0x0,
    0xff, 0xe2, 0xd, 0x61, 0x0, 0x7c, 0x60, 0xa0,
    0x1f, 0x4e, 0x98, 0x7, 0xff, 0x20, 0xf6, 0x40,
    0x3e, 0x5c, 0x0, 0xff, 0xee, 0x62, 0x0, 0x7d,
    0x2, 0x1, 0xff, 0xca, 0x18, 0x0, 0xf9, 0x32,
    0x94, 0x40, 0x30, 0xc0, 0x7, 0xff, 0x2a, 0x4,
    0x3, 0xa, 0xd6, 0xa, 0xd7, 0x6c, 0xa0, 0x1,
    0x88, 0x3, 0xff, 0x90, 0x4c, 0x0, 0x49, 0xde,
    0xa5, 0x10, 0xc, 0x4d, 0x7f, 0x91, 0x40, 0x1f,
    0xfc, 0x8a, 0x8c, 0xfb, 0x62, 0x0, 0xc0,

    /* U+F0D4C "󰵌" */
    0x0, 0xff, 0xe3, 0xff, 0xe0, 0xf, 0xff, 0xf8,
    0x7, 0xff, 0xfc, 0x3, 0xff, 0xfe, 0x1, 0xff,
    0xff, 0x0, 0xff, 0xff, 0x80, 0x7f, 0xff, 0xc0,
    0x3f, 0xff, 0xe0, 0x1f, 0xff, 0xf0, 0xf, 0xff,
    0xf8, 0x7, 0xff, 0xfc, 0x3, 0xff, 0xfe, 0x1,
    0xff, 0xe8, 0x10, 0xc, 0x20, 0x1f, 0xfd, 0x77,
    0xe0, 0xd, 0xce, 0x1, 0xff, 0xd4, 0x5d, 0x80,
    0xf, 0x46, 0xa0, 0x7, 0xff, 0x14, 0x4c, 0x3,
    0xf8, 0xf2, 0x88, 0x3, 0xf1, 0x5d, 0x88, 0x3,
    0xff, 0x86, 0xfe, 0x1, 0xf0, 0xce, 0x18, 0x6,
    0x19, 0x90, 0x80, 0x64, 0xd9, 0x10, 0xf, 0xfe,
    0xe, 0x1b, 0x0, 0x73, 0xf3, 0x0, 0x73, 0xfb,
    0x33, 0xd8, 0x3, 0x9b, 0xd8, 0x3, 0xff, 0x80,
    0x81, 0x0, 0x12, 0xec, 0x0, 0x72, 0x6c, 0x8,
    0x0, 0x67, 0x50, 0x3, 0xc, 0xea, 0x0, 0x7f,
    0x18, 0x80, 0xc1, 0xe5, 0x10, 0x6, 0x2b, 0xb1,
    0x0, 0x78, 0xae, 0x88, 0x3, 0x15, 0xd8, 0x80,
    0x3e, 0x40, 0x9, 0xf0, 0xc0, 0x30, 0xce, 0xa0,
    0x7, 0xf9, 0x76, 0x0, 0x39, 0x36, 0x0, 0x3d,
    0x60, 0x1f, 0xcf, 0xec, 0x1, 0xff, 0xc2, 0x7e,
    0x50, 0xe, 0x7e, 0x60, 0xc, 0x60, 0x1f, 0x26,
    0xc0, 0x80, 0x7f, 0xf1, 0x6, 0xb0, 0xc0, 0x30,
    0xce, 0x18, 0x28, 0x7, 0xd7, 0x62, 0x0, 0xff,
    0xe4, 0x1e, 0x48, 0x80, 0x63, 0xc8, 0xc0, 0xf,
    0x88, 0x3, 0xff, 0x98, 0xdc, 0xe0, 0x1d, 0x68,
    0x1, 0xf4, 0x8, 0x7, 0xff, 0x36, 0x35, 0x0,
    0xa, 0x79, 0x4a, 0x20, 0x18, 0x60, 0x3, 0xff,
    0x9c, 0x57, 0x63, 0xb0, 0x15, 0xae, 0xd9, 0x40,
    0x3, 0x10, 0x7, 0xff, 0x3d, 0x30, 0x40, 0x38,
    0x9a, 0xff, 0x21, 0x40, 0x3f, 0xfa, 0x60,

    /* U+F0D51 "󰵑" */
    0x0, 0xff, 0xe3, 0xff, 0xe0, 0xf, 0xff, 0xf8,
    0x7, 0xff, 0xfc, 0x3, 0xff, 0xfe, 0x1, 0xff,
    0xff, 0x0, 0xff, 0xff, 0x80, 0x7f, 0xff, 0xc0,
    0x3f, 0xff, 0xe0, 0x1f, 0xff, 0xf0, 0xf, 0xff,
    0xf8, 0x7, 0xff, 0xfc, 0x3, 0xff, 0xfe, 0x1,
    0xff, 0xe8, 0x10, 0xc, 0x20, 0x1f, 0xfd, 0x77,
    0xe0, 0xd, 0xce, 0x1, 0xff, 0xd4, 0x4d, 0x80,
    0xf, 0x46, 0xa0, 0x7, 0xff, 0x40, 0xae, 0xc4,
    0x1, 0xf8, 0xae, 0xc4, 0x1, 0xfc, 0x62, 0x1,
    0xff, 0xc1, 0x19, 0xd4, 0x0, 0xc3, 0x32, 0x10,
    0xc, 0x9b, 0x22, 0x1, 0xf7, 0xb8, 0x7, 0xff,
    0x1, 0xbd, 0x80, 0x39, 0xbd, 0x99, 0xec, 0x1,
    0xcd, 0xec, 0x1, 0xca, 0x78, 0x1, 0xfe, 0x4d,
    0x91, 0x0, 0xc9, 0xb2, 0x20, 0x1, 0x9d, 0x40,
    0xc, 0x33, 0xa8, 0x1, 0x58, 0x20, 0x7, 0xe2,
    0xbb, 0x10, 0x6, 0x2a, 0xb2, 0x0, 0xf1, 0x5d,
    0x8, 0x6, 0x2b, 0xa2, 0x71, 0x1, 0x30, 0xf,
    0x46, 0xa0, 0x7, 0x46, 0xa8, 0x7, 0xf9, 0x7a,
    0x0, 0x39, 0x76, 0x0, 0x24, 0x0, 0xcd, 0xce,
    0x1, 0xcb, 0xce, 0x1, 0xff, 0xc2, 0x7e, 0x50,
    0xf, 0xeb, 0x0, 0x1e, 0x48, 0x80, 0x63, 0xca,
    0x10, 0xf, 0xfe, 0x20, 0xd6, 0x10, 0x7, 0xc6,
    0x11, 0x86, 0x1, 0x86, 0x70, 0xc0, 0x3f, 0xf9,
    0x7, 0xb2, 0x1, 0xf2, 0xd8, 0x7, 0x3f, 0x30,
    0x7, 0xff, 0x53, 0xd, 0x40, 0x9, 0xb0, 0x1,
    0xff, 0xcd, 0x18, 0x0, 0xf9, 0x2, 0xce, 0xec,
    0x40, 0x1f, 0xfc, 0xe8, 0x10, 0xc, 0x2b, 0x58,
    0x3, 0x88, 0x1, 0xff, 0xcf, 0x26, 0x0, 0x24,
    0xef, 0x52, 0x88, 0x7, 0xff, 0x4e, 0xa3, 0x3e,
    0xd8, 0x80, 0x30,

    /* U+F0D55 "󰵕" */
    0x0, 0xff, 0xe4, 0x3b, 0x80, 0x3f, 0xfb, 0x6f,
    0x10, 0x70, 0xf, 0xfe, 0xcb, 0xc0, 0x2, 0x1c,
    0x3, 0xff, 0xae, 0xf0, 0x1, 0xa1, 0xc0, 0x3f,
    0xfa, 0xaf, 0x0, 0x1e, 0x87, 0x0, 0xff, 0xe9,
    0xbc, 0x0, 0x7e, 0x87, 0x0, 0xff, 0xe8, 0xbc,
    0x0, 0x7f, 0xa1, 0xc0, 0x3f, 0xf9, 0xef, 0x0,
    0x1f, 0xfc, 0x8, 0x70, 0xf, 0xfe, 0x73, 0xff,
    0xf0, 0x6, 0xff, 0xe7, 0x0, 0xff, 0xff, 0x80,
    0x7f, 0xff, 0xc0, 0x3f, 0xff, 0xe0, 0x1f, 0xff,
    0xf0, 0xf, 0xff, 0xf8, 0x7, 0xff, 0xfc, 0x3,
    0xff, 0xfe, 0x1, 0xff, 0xff, 0x0, 0xff, 0xe3,
    0x88, 0x6, 0x10, 0xf, 0xfe, 0xbb, 0xf0, 0x6,
    0xe7, 0x0, 0xff, 0xea, 0x26, 0xc0, 0x7, 0xa3,
    0x50, 0x3, 0xff, 0xa0, 0x57, 0x62, 0x0, 0xfc,
    0x57, 0x62, 0x0, 0xff, 0xe6, 0xc, 0xea, 0x0,
    0x61, 0x99, 0x8, 0x6, 0x4d, 0x91, 0x0, 0xff,
    0xe4, 0xb7, 0xb0, 0x7, 0x37, 0xb3, 0x3d, 0x80,
    0x39, 0xbd, 0x80, 0x3f, 0xf8, 0xc9, 0xb2, 0x20,
    0x19, 0x36, 0x44, 0x0, 0x33, 0xa8, 0x1, 0x86,
    0x75, 0x0, 0x3f, 0xf8, 0x45, 0x76, 0x20, 0xc,
    0x55, 0x64, 0x1, 0xe2, 0xba, 0x20, 0xc, 0x57,
    0x62, 0x0, 0xff, 0xa3, 0x50, 0x3, 0xa3, 0x54,
    0x3, 0xfc, 0xbb, 0x0, 0x1c, 0x9b, 0x0, 0x1f,
    0x9b, 0x9c, 0x3, 0x97, 0x9c, 0x3, 0xff, 0x84,
    0xfc, 0xa0, 0x1c, 0xfc, 0xc0, 0x18, 0xf2, 0x44,
    0x3, 0x1e, 0x50, 0x80, 0x7f, 0xf1, 0x6, 0xb0,
    0xc0, 0x30, 0xce, 0x18, 0x46, 0x18, 0x6, 0x19,
    0xc3, 0x0, 0xff, 0xe4, 0x1e, 0x48, 0x80, 0x63,
    0xc8, 0xb0, 0xe, 0x7e, 0x60, 0xf, 0xfe, 0x63,
    0x73, 0x80, 0x75, 0x9a, 0x80, 0x13, 0x60, 0x3,
    0xff, 0xa1, 0x1a, 0x80, 0x5, 0x30, 0xb3, 0xbb,
    0x10, 0x7, 0xff, 0x48, 0xae, 0xc7, 0x60,

    /* U+F0D91 "󰶑" */
    0x0, 0xff, 0xe1, 0x1c, 0x4a, 0x80, 0x7f, 0xf6,
    0x9f, 0x1d, 0xaa, 0xc0, 0x3f, 0xfb, 0x5, 0x0,
    0x19, 0x18, 0x3, 0xea, 0xff, 0x0, 0xf, 0xfd,
    0x0, 0xf, 0xfc, 0x1, 0xff, 0xc1, 0x40, 0xf,
    0x68, 0x7, 0xc6, 0x0, 0x20, 0x20, 0x1, 0x0,
    0x10, 0x3, 0xff, 0xa7, 0xc0, 0x6, 0x1, 0x20,
    0x50, 0x4, 0x88, 0x7, 0xff, 0xd, 0xc0, 0x3d,
    0xa0, 0x1f, 0x18, 0x3, 0x40, 0xa, 0x0, 0x80,
    0x2c, 0x40, 0xf, 0xfe, 0x10, 0xd0, 0x6, 0x66,
    0x0, 0x7c, 0x80, 0x7, 0x0, 0x48, 0x83, 0xa8,
    0x15, 0xf8, 0x7, 0xff, 0x9, 0x7a, 0x65, 0x92,
    0x1, 0xfc, 0xc0, 0x2c, 0x3, 0x40, 0xa, 0x91,
    0x0, 0xff, 0x89, 0xf3, 0xfd, 0x42, 0xcc, 0x30,
    0xf, 0xf5, 0x80, 0x20, 0x41, 0x24, 0x0, 0xdd,
    0x92, 0x1, 0xe3, 0x8d, 0xd4, 0x18, 0x1, 0x6c,
    0x3, 0xff, 0x82, 0x4a, 0x3, 0x40, 0x6, 0xc1,
    0x0, 0x1b, 0x0, 0x4b, 0x5d, 0x8e, 0x40, 0x1e,
    0x46, 0x0, 0xff, 0xe0, 0xd8, 0x82, 0x48, 0x0,
    0xfa, 0xc, 0x2, 0xbf, 0xa5, 0x10, 0xf, 0xf4,
    0x8, 0x7, 0xff, 0x0, 0x74, 0x0, 0xd6, 0x20,
    0x7, 0xcf, 0xe0, 0x40, 0xf, 0xfe, 0x10, 0xc0,
    0x7, 0xff, 0x4, 0xec, 0x0, 0x9e, 0xe0, 0x18,
    0x40, 0x3c, 0x2b, 0x0, 0x1f, 0x98, 0xc0, 0x3f,
    0xf8, 0x29, 0x82, 0x3, 0x1f, 0x4c, 0x64, 0x1,
    0x8e, 0xfa, 0x80, 0x3f, 0xde, 0x1, 0xff, 0xc2,
    0x3f, 0x50, 0x9, 0x67, 0x34, 0x3, 0x2a, 0x0,
    0x30, 0x3, 0xf8, 0xd8, 0x3, 0xff, 0x84, 0x35,
    0xac, 0x1, 0xff, 0xc1, 0x40, 0xf, 0x10, 0x5,
    0x13, 0x3f, 0x0, 0x7f, 0x14, 0xfd, 0xc3, 0x28,
    0x7, 0xc6, 0x1, 0xe1, 0xf0, 0x8, 0x59, 0xbe,
    0x0, 0xff, 0xe0, 0x23, 0xcd, 0x0, 0x7c, 0x80,
    0x1e, 0x42, 0x70, 0xf, 0xfe, 0xae, 0x0, 0x7b,
    0x2, 0x8, 0x3, 0xff, 0xa8, 0x80, 0x1e, 0x40,
    0x6, 0xff, 0xff, 0x0, 0x7f, 0xf2, 0x8c, 0x3,
    0xc2, 0x40, 0x1f, 0xfd, 0x1f, 0xfa, 0x41, 0x0,
    0x3f, 0xfb, 0xd6, 0x1, 0xe1, 0x70, 0xf, 0xfe,
    0xb1, 0x80, 0x7d, 0x2, 0x1, 0xff, 0xd4, 0x40,
    0xf, 0xe8, 0x0, 0xff, 0xea, 0x60, 0x7, 0xf3,
    0x10, 0x7, 0xff, 0x4d, 0x0, 0x3f, 0xd0, 0x1,
    0xff, 0xd3, 0x30, 0xd, 0x82, 0x1, 0x94, 0xc0,
    0x3f, 0xfa, 0x28, 0x1, 0x8c, 0xd4, 0x1, 0xde,
    0x1, 0xff, 0xd1, 0xc0, 0xd, 0x40, 0x8e, 0x1,
    0x8d, 0x0, 0x3f, 0xfa, 0x8, 0x1, 0x9c, 0x1,
    0x6, 0x1, 0xbc, 0x3, 0xff, 0xa0, 0x60, 0x12,
    0x8, 0x5, 0xa2, 0x1, 0xff, 0xd3, 0x40, 0xd,
    0xc0, 0x18, 0x68, 0x3, 0xff, 0xa7, 0x80, 0x19,
    0x40, 0x39, 0x8, 0x3, 0xff, 0xa4, 0x80, 0x12,
    0x80, 0x7f, 0xf6, 0x44, 0xc0, 0x2e, 0x0, 0xff,
    0xec, 0xa0, 0x4, 0x28, 0x1, 0xff, 0xd9, 0xc0,
    0x9, 0x80, 0x3f, 0xfb, 0x48, 0x1, 0x58, 0x7,
    0xff, 0x64, 0x48, 0x0, 0x46, 0x1, 0xff, 0xd9,
    0x40, 0xa, 0x80, 0x3f, 0xfb, 0x58, 0x1, 0x30,
    0x7, 0xff, 0x69, 0x0, 0x8, 0x20, 0x1f, 0xfc,
    0x1, 0x0, 0xff, 0xe6, 0x80,

    /* U+F0E04 "󰸄" */
    0x0, 0xfc, 0xd9, 0xdc, 0xc6, 0x0, 0xff, 0xe9,
    0x8e, 0x49, 0x88, 0x8e, 0x70, 0x40, 0x3f, 0xfa,
    0x3a, 0x60, 0x1e, 0x3c, 0x0, 0xff, 0xe8, 0x31,
    0x80, 0x7e, 0x27, 0x0, 0xff, 0xe7, 0xd0, 0x4,
    0x9d, 0xc4, 0x0, 0xa8, 0x3, 0xff, 0x9e, 0x40,
    0x15, 0x8, 0xa8, 0x2, 0x20, 0xf, 0xfe, 0x78,
    0x80, 0x42, 0x0, 0x10, 0xf, 0xff, 0xf8, 0x7,
    0xff, 0xfc, 0x3, 0xff, 0xfe, 0x1, 0xdf, 0xf8,
    0x3, 0xff, 0xfe, 0x1, 0xff, 0xff, 0x0, 0xff,
    0xff, 0x80, 0x7f, 0xf1, 0xff, 0xff, 0xf8, 0x80,
    0x1f, 0xff, 0xf0, 0xf, 0xff, 0x14, 0x80, 0x7f,
    0xf0, 0x24, 0x3, 0xbf, 0xff, 0xf8, 0x80, 0x14,
    0xb0, 0x7, 0xff, 0x1, 0xa4, 0x3, 0xff, 0x94,
    0xac, 0x1, 0xff, 0xc2, 0x64, 0x0, 0xff, 0xe4,
    0xd8, 0x7, 0xff, 0x12, 0x40, 0x3f, 0xf9, 0xc,
    0x20, 0x1f, 0xfc, 0x42, 0x50, 0xf, 0xfe, 0x3e,
    0x80, 0x7f, 0xf1, 0xbc, 0x3, 0xff, 0x8e, 0xa0,
    0x1f, 0xfc, 0x67, 0x0, 0xff, 0xe3, 0x88, 0x7,
    0xff, 0x18, 0x80, 0x3f, 0xfd, 0xc2, 0x1, 0xff,
    0xc6, 0x10, 0xf, 0xfe, 0x3a, 0x0, 0x7f, 0xf1,
    0x90, 0x3, 0xff, 0x8f, 0xe0, 0x1f, 0xfc, 0x6f,
    0x0, 0xff, 0xe3, 0xa8, 0x80, 0x7f, 0xf1, 0x5,
    0x40, 0x3f, 0xf9, 0x14, 0x1, 0xff, 0xc4, 0xb0,
    0xf, 0xfe, 0x4a, 0x38, 0x7, 0xff, 0x9, 0x94,
    0x3, 0xff, 0x95, 0xc, 0x1, 0xff, 0xc0, 0x69,
    0x0, 0xff, 0xe6, 0x4d, 0x8, 0x7, 0xe2, 0xb9,
    0x0, 0xff, 0xe7, 0x2f, 0x52, 0x88, 0x0, 0x96,
    0xb5, 0x0, 0x3f, 0xfa, 0x2b, 0x5d, 0xfe, 0xda,
    0x50, 0xf, 0xfe, 0x60,

    /* U+F0E05 "󰸅" */
    0x0, 0xfc, 0xd9, 0xdc, 0xc6, 0x0, 0xff, 0xe9,
    0x8e, 0x49, 0x88, 0x8e, 0x70, 0x40, 0x3f, 0xfa,
    0x3a, 0x60, 0x1e, 0x3c, 0x0, 0xff, 0xe8, 0x31,
    0x80, 0x7e, 0x27, 0x0, 0xff, 0xe7, 0xd0, 0x4,
    0x9d, 0xc4, 0x0, 0xa8, 0x3, 0xff, 0x9e, 0x40,
    0x15, 0x8, 0xa8, 0x2, 0x20, 0xf, 0xfe, 0x78,
    0x80, 0x42, 0x0, 0x10, 0xf, 0xff, 0xf8, 0x7,
    0xff, 0xfc, 0x3, 0xff, 0xfe, 0x1, 0xdf, 0xf8,
    0x3, 0xff, 0x89, 0xff, 0x80, 0x3f, 0xff, 0xe0,
    0x1f, 0xff, 0xf0, 0xf, 0xff, 0xf7, 0xff, 0x80,
    0x37, 0xff, 0x80, 0x3f, 0xff, 0xe0, 0x1f, 0xfe,
    0x29, 0x0, 0xff, 0xe0, 0x48, 0x7, 0x7f, 0xf8,
    0x3, 0x7f, 0xf8, 0x2, 0x96, 0x0, 0xff, 0xe0,
    0x34, 0x80, 0x7f, 0xf2, 0x95, 0x80, 0x3f, 0xf8,
    0x4c, 0x80, 0x1f, 0xfc, 0x9b, 0x0, 0xff, 0xe2,
    0x48, 0x7, 0xff, 0x21, 0x84, 0x3, 0xff, 0x88,
    0x4a, 0x1, 0xff, 0xc7, 0xd0, 0xf, 0xfe, 0x37,
    0x80, 0x7f, 0xf1, 0xd4, 0x3, 0xff, 0x8c, 0xe0,
    0x1f, 0xbf, 0xf0, 0x7, 0xc2, 0x1, 0xff, 0xc6,
    0x20, 0xf, 0xff, 0x70, 0x80, 0x7f, 0xf1, 0x84,
    0x3, 0xff, 0x8e, 0x80, 0x1f, 0xfc, 0x64, 0x0,
    0xff, 0xe3, 0xf8, 0x7, 0xff, 0x1b, 0xc0, 0x3f,
    0xf8, 0xea, 0x20, 0x1f, 0xfc, 0x41, 0x50, 0xf,
    0xfe, 0x45, 0x0, 0x7f, 0xf1, 0x2c, 0x3, 0xff,
    0x92, 0x8e, 0x1, 0xff, 0xc2, 0x65, 0x0, 0xff,
    0xe5, 0x43, 0x0, 0x7f, 0xf0, 0x1a, 0x40, 0x3f,
    0xf9, 0x93, 0x42, 0x1, 0xf8, 0xae, 0x40, 0x3f,
    0xf9, 0xcb, 0xd4, 0xa2, 0x0, 0x25, 0xad, 0x40,
    0xf, 0xfe, 0x8a, 0xd7, 0x7f, 0xb6, 0x94, 0x3,
    0xff, 0x98,

    /* U+F0E1E "󰸞" */
    0x0, 0xff, 0xfd, 0xe, 0xc0, 0x7, 0xff, 0x5c,
    0x70, 0x9e, 0x0, 0x3f, 0xfa, 0xa3, 0x84, 0x0,
    0x78, 0x0, 0xff, 0xe9, 0x8e, 0x10, 0x6, 0x78,
    0x0, 0xff, 0xe8, 0x8e, 0x10, 0x7, 0x9e, 0x0,
    0x3f, 0xf9, 0xe3, 0x84, 0x1, 0xf9, 0xc8, 0x3,
    0xff, 0x9a, 0x38, 0x40, 0x1f, 0xd6, 0x40, 0x1f,
    0xfc, 0xc1, 0xc2, 0x0, 0xfe, 0xb4, 0x0, 0xff,
    0xe6, 0xe, 0x10, 0x7, 0xf5, 0x20, 0x7, 0xff,
    0x30, 0x70, 0x80, 0x3f, 0xa9, 0x40, 0x3f, 0xf9,
    0x83, 0x84, 0x1, 0xfd, 0x4a, 0x1, 0xff, 0xcc,
    0x1c, 0x20, 0xf, 0xea, 0x50, 0xf, 0xfe, 0x60,
    0xe1, 0x0, 0x7f, 0x52, 0x80, 0x7f, 0xcf, 0xa2,
    0x1, 0xfe, 0x1c, 0x20, 0xf, 0xea, 0x50, 0xf,
    0xf9, 0xe0, 0xb0, 0x40, 0x3f, 0xe, 0x10, 0x7,
    0xf5, 0x28, 0x7, 0xfc, 0xf0, 0x0, 0x2c, 0x10,
    0xf, 0xe, 0x10, 0x7, 0xf5, 0x28, 0x7, 0xfc,
    0xf0, 0x1, 0x8b, 0x4, 0x3, 0xe, 0x10, 0x7,
    0xf5, 0x28, 0x7, 0xfc, 0xf0, 0x1, 0xe2, 0xc1,
    0x0, 0xe, 0x10, 0x7, 0xf5, 0x28, 0x7, 0xfc,
    0x50, 0x1, 0xf8, 0xb0, 0x45, 0x84, 0x1, 0xfd,
    0x4a, 0x1, 0xff, 0xc0, 0x2a, 0x0, 0xfe, 0x2c,
    0xc1, 0x0, 0x7f, 0x52, 0x80, 0x7f, 0xf0, 0x96,
    0x80, 0x3f, 0x88, 0x80, 0x1f, 0xd4, 0xa0, 0x1f,
    0xfc, 0x45, 0xa0, 0xf, 0xfe, 0x35, 0x28, 0x7,
    0xff, 0x19, 0x68, 0x3, 0xff, 0x89, 0x4a, 0x1,
    0xff, 0xc8, 0x5a, 0x0, 0xff, 0xe1, 0x52, 0x80,
    0x7f, 0xf2, 0x96, 0x80, 0x3f, 0xf8, 0x14, 0xa0,
    0x1f, 0xfc, 0xc5, 0xa0, 0xf, 0xf5, 0x28, 0x7,
    0xff, 0x39, 0x68, 0x3, 0xf5, 0x28, 0x7, 0xff,
    0x41, 0x68, 0x3, 0xd4, 0xa0, 0x1f, 0xfd, 0x25,
    0xa0, 0xd, 0x2a, 0x1, 0xff, 0xd4, 0x59, 0x0,
    0x4b, 0x0, 0x7f, 0xf5, 0x9a, 0x64, 0xc0, 0x1f,
    0xfc, 0xc0,

    /* U+F0E4F "󰹏" */
    0x0, 0xff, 0xe1, 0x9c, 0x5f, 0x75, 0xb7, 0x6,
    0x1, 0xff, 0xcd, 0x5d, 0xc7, 0x41, 0x18, 0x91,
    0xf3, 0x54, 0x3, 0xff, 0x92, 0x59, 0x44, 0x1,
    0xfe, 0x2a, 0xc2, 0x0, 0xff, 0xe3, 0x1e, 0x98,
    0x7, 0xff, 0x8, 0xf5, 0x0, 0x3f, 0xe, 0x10,
    0x7, 0x1e, 0x0, 0x7f, 0xf1, 0xad, 0x0, 0x3c,
    0x38, 0x78, 0x40, 0x1a, 0x0, 0x3f, 0xf9, 0x16,
    0x40, 0x1d, 0x44, 0x3, 0x84, 0x1, 0x59, 0x80,
    0x7f, 0xf2, 0x38, 0x3, 0xa8, 0x80, 0x3, 0x84,
    0x1, 0x61, 0x80, 0x7f, 0xf1, 0xcd, 0x40, 0x30,
    0xe1, 0x0, 0x7, 0x8, 0x2, 0xc3, 0x0, 0xff,
    0xe3, 0xc0, 0x7, 0xe, 0x10, 0x0, 0x70, 0x80,
    0x2c, 0x30, 0xf, 0xfe, 0x31, 0x18, 0x7, 0xe,
    0x10, 0x0, 0x70, 0x80, 0x2c, 0x30, 0xf, 0xfe,
    0x35, 0x80, 0x78, 0x70, 0x80, 0x3, 0x84, 0x1,
    0x61, 0x80, 0x7f, 0xf1, 0x4c, 0x3, 0xe1, 0xc0,
    0x8, 0x70, 0x80, 0x2c, 0x30, 0xf, 0xfe, 0x23,
    0x0, 0x7e, 0x10, 0xc, 0x38, 0x40, 0x16, 0x18,
    0x7, 0xff, 0xc, 0xc0, 0x3f, 0xf8, 0x43, 0x84,
    0x1, 0x61, 0x80, 0x7f, 0xf3, 0x4, 0x3, 0x87,
    0x8, 0x2, 0xc3, 0x0, 0xff, 0xe5, 0xa8, 0x7,
    0x87, 0x8, 0x2, 0xc3, 0x0, 0xff, 0xe0, 0x28,
    0x7, 0xf1, 0x80, 0x7c, 0x38, 0x40, 0x16, 0x18,
    0x7, 0xfc, 0x60, 0x1f, 0xd6, 0x1, 0xf8, 0x70,
    0x80, 0x2c, 0x30, 0xf, 0xf5, 0x80, 0x7f, 0x19,
    0x0, 0x7e, 0x1c, 0x20, 0xb, 0xc, 0x3, 0xf1,
    0x18, 0x7, 0xfa, 0x0, 0x3f, 0x87, 0x8, 0x2,
    0xc3, 0x0, 0xfa, 0x0, 0x3f, 0xe5, 0x30, 0xf,
    0xe1, 0xc2, 0x0, 0xb0, 0xc0, 0x38, 0xd4, 0x3,
    0xff, 0x81, 0xc0, 0x1f, 0xe1, 0xc2, 0x0, 0xb0,
    0xc0, 0x37, 0x0, 0x7f, 0xf0, 0x4a, 0xc0, 0x3f,
    0xc3, 0x84, 0x1, 0x61, 0x80, 0x30, 0x80, 0x3f,
    0xf8, 0x49, 0x62, 0x1, 0xfc, 0x38, 0x40, 0x16,
    0x26, 0x18, 0x7, 0xff, 0x11, 0x3c, 0x3, 0xfc,
    0x38, 0x40, 0x15, 0x98, 0x7, 0xff, 0x18, 0x40,
    0x3f, 0xe1, 0xc2, 0x0, 0xff, 0xeb, 0x8e, 0x10,
    0x7, 0xff, 0x5c, 0x70, 0x80, 0x3f, 0xfa, 0xe3,
    0x84, 0x1, 0xff, 0xc8, 0x20, 0xf, 0xfe, 0x10,
    0xe1, 0x0, 0x7f, 0xf1, 0xe4, 0x40, 0x3f, 0xf8,
    0x43, 0x84, 0x1, 0xff, 0xc6, 0x4e, 0xff, 0xff,
    0xb4, 0x40, 0x3, 0x84, 0x1, 0xff, 0xd2, 0x2c,
    0x10, 0x0, 0xe1, 0x0, 0x7f, 0xf4, 0x8b, 0x4,
    0x0, 0x38, 0x40, 0x1f, 0xfd, 0x22, 0xc1, 0x0,
    0xe, 0x10, 0x7, 0xff, 0x13, 0xff, 0xff, 0x80,
    0x0, 0x2c, 0x10, 0x0, 0xe1, 0x0, 0x7f, 0xf4,
    0x8b, 0x8, 0x0, 0x3c, 0x1, 0xff, 0xc3, 0x10,
    0xf, 0xf0, 0x80, 0x62, 0xc2, 0x2, 0xd0, 0xf,
    0xfe, 0x1d, 0x10, 0x7, 0xe2, 0xa0, 0xe, 0x1c,
    0x4c, 0x10,

    /* U+F0E5B "󰹛" */
    0x0, 0xff, 0x7f, 0xff, 0xf2, 0x0, 0x3f, 0xff,
    0xe0, 0x1f, 0xff, 0xf0, 0xf, 0xff, 0xf8, 0x7,
    0xff, 0xfc, 0x3, 0xff, 0xfe, 0x1, 0xfd, 0xff,
    0x80, 0x3f, 0xf9, 0x1f, 0xf8, 0x3, 0xff, 0xfe,
    0x1, 0xff, 0xff, 0x0, 0xff, 0xff, 0x80, 0x7f,
    0xff, 0xc0, 0x3f, 0xf8, 0x1f, 0xfc, 0xe0, 0x1f,
    0xfc, 0x47, 0xff, 0xe0, 0xf, 0xfa, 0x14, 0x3,
    0xff, 0x84, 0xb0, 0x1, 0xff, 0xc5, 0xa3, 0x0,
    0xff, 0xe0, 0x1d, 0x0, 0x7f, 0xf1, 0xf4, 0x80,
    0x3f, 0xc5, 0xa0, 0x1f, 0xfc, 0x81, 0xf1, 0x0,
    0xfc, 0x3e, 0x20, 0x1f, 0xfc, 0x92, 0xd0, 0xf,
    0xda, 0x40, 0x1f, 0xfc, 0xb3, 0xa0, 0xf, 0x51,
    0x80, 0x7f, 0xf3, 0x56, 0x40, 0x34, 0xa8, 0x7,
    0xff, 0x3d, 0xbf, 0xf3, 0x0, 0x7f, 0xfc, 0xff,
    0xf0, 0x7, 0xff, 0xcc, 0x40, 0x21, 0x0, 0xff,
    0xe8, 0xd, 0x0, 0x44, 0x1, 0xff, 0xc0, 0xff,
    0xff, 0xe2, 0x72, 0x0, 0x54, 0x1, 0xff, 0xd4,
    0x36, 0x0, 0xff, 0xe9, 0x9e, 0x80, 0x7f, 0xf4,
    0x44, 0xe7, 0x4, 0x3, 0xff, 0x82,

    /* U+F0E73 "󰹳" */
    0x0, 0xff, 0x9d, 0x40, 0x3f, 0xf9, 0xa, 0xc0,
    0x1f, 0xfc, 0x97, 0x8a, 0x50, 0xf, 0xfe, 0x32,
    0xd4, 0xb8, 0x7, 0xff, 0x1d, 0xe0, 0x1, 0x4a,
    0x1, 0xff, 0xc4, 0x5a, 0x0, 0x43, 0x80, 0x7f,
    0xf1, 0x5e, 0x0, 0x33, 0x0, 0x7f, 0xf1, 0x18,
    0x3, 0x43, 0x80, 0x7f, 0xf0, 0xde, 0x0, 0x36,
    0x18, 0x7, 0xff, 0x10, 0xf0, 0x3, 0x43, 0x80,
    0x7f, 0xf0, 0x5e, 0x0, 0x36, 0x18, 0x7, 0xff,
    0x18, 0xf0, 0x3, 0x43, 0x80, 0x7f, 0xcf, 0x0,
    0x1b, 0xc, 0x3, 0xff, 0x90, 0x78, 0x1, 0xa1,
    0xc0, 0x3f, 0xa2, 0x0, 0x1b, 0xc, 0x3, 0xff,
    0x94, 0x78, 0x1, 0xa2, 0x0, 0x1f, 0x43, 0x80,
    0x6c, 0x30, 0xf, 0xfe, 0x61, 0xe0, 0x6, 0x78,
    0x0, 0xe8, 0x70, 0xe, 0xcf, 0xff, 0xfe, 0x76,
    0x0, 0x73, 0xc0, 0x5, 0xe, 0x1, 0xff, 0xdc,
    0x78, 0x0, 0xff, 0xf2, 0x43, 0x80, 0x7f, 0xf7,
    0x1e, 0x0, 0x28, 0x70, 0xe, 0xcf, 0xff, 0xfe,
    0x76, 0x0, 0x73, 0xc0, 0x7, 0x43, 0x80, 0x6c,
    0x30, 0xf, 0xfe, 0x61, 0xe0, 0x6, 0x78, 0x0,
    0xfa, 0x20, 0x1, 0xb0, 0xc0, 0x3f, 0xf9, 0x47,
    0x80, 0x1a, 0x20, 0x1, 0xfc, 0xf0, 0x1, 0xb0,
    0xc0, 0x3f, 0xf9, 0x7, 0x80, 0x1a, 0x1c, 0x3,
    0xfe, 0x78, 0x0, 0xd8, 0x60, 0x1f, 0xfc, 0x63,
    0xc0, 0xd, 0xe, 0x1, 0xff, 0xc1, 0x78, 0x0,
    0xd8, 0x60, 0x1f, 0xfc, 0x43, 0xc0, 0xd, 0xe,
    0x1, 0xff, 0xc3, 0x78, 0x0, 0xcc, 0x1, 0xff,
    0xc4, 0x60, 0xd, 0xe, 0x1, 0xff, 0xc5, 0x78,
    0x0, 0x52, 0x80, 0x7f, 0xf1, 0x16, 0x80, 0x10,
    0xe0, 0x1f, 0xfc, 0x77, 0x8a, 0x50, 0xf, 0xfe,
    0x32, 0xd4, 0xb8, 0x7, 0xf8,

    /* U+F0E79 "󰹹" */
    0x0, 0xff, 0xea, 0x44, 0x0, 0x3f, 0xf8, 0xf0,
    0xee, 0x80, 0xf, 0xfe, 0x2c, 0x38, 0x1, 0xe0,
    0x3, 0xff, 0x87, 0xe, 0x1, 0x9e, 0x0, 0x3f,
    0xf8, 0x2e, 0xe0, 0xf, 0x3b, 0x80, 0x3f, 0xe7,
    0x80, 0xf, 0xd0, 0xe0, 0x1f, 0xcf, 0x0, 0x1f,
    0xe8, 0x70, 0xf, 0x9e, 0x0, 0x3f, 0xf8, 0x10,
    0xe0, 0x1c, 0xf0, 0x1, 0xb0, 0x3, 0x60, 0x6,
    0x87, 0x0, 0x9e, 0x0, 0x36, 0x18, 0x6, 0x3c,
    0x0, 0xd0, 0xe0, 0xd0, 0x1, 0xb0, 0xc0, 0x3c,
    0x78, 0x1, 0xa1, 0x8c, 0x3, 0x61, 0x80, 0x7e,
    0x3c, 0x0, 0xc6, 0xb4, 0x0, 0xc3, 0x0, 0xff,
    0x1e, 0x0, 0x29, 0x41, 0x6b, 0xc, 0x3, 0xff,
    0x80, 0x79, 0x4a, 0x1, 0x29, 0x80, 0x7f, 0xf0,
    0x8d, 0x40, 0x3f, 0xff, 0xe0, 0x1f, 0xff, 0xf0,
    0xf, 0xff, 0xf8, 0x7, 0xff, 0xfc, 0x3, 0xff,
    0xac, 0xa6, 0x1, 0xff, 0xc2, 0x35, 0x0, 0x96,
    0xb0, 0xc0, 0x3f, 0xf8, 0x7, 0x94, 0xa0, 0xb4,
    0x0, 0xc3, 0x0, 0xff, 0x1e, 0x0, 0x29, 0x48,
    0x3, 0x61, 0x80, 0x7e, 0x3c, 0x0, 0xc4, 0xf0,
    0x1, 0xb0, 0xc0, 0x3c, 0x78, 0x1, 0xa1, 0xc1,
    0xe0, 0x3, 0x61, 0x80, 0x63, 0xc0, 0xd, 0xe,
    0x1, 0x3c, 0x0, 0x6c, 0x0, 0xd8, 0x1, 0xa1,
    0xc0, 0x39, 0xe0, 0x3, 0xff, 0x81, 0xe, 0x1,
    0xf3, 0xc0, 0x7, 0xfa, 0x1c, 0x3, 0xf9, 0xe0,
    0x3, 0xf4, 0x38, 0x7, 0xfc, 0xee, 0x0, 0xf3,
    0xb8, 0x3, 0xff, 0x83, 0xe, 0x1, 0x9e, 0x0,
    0x3f, 0xf8, 0x70, 0xe0, 0x7, 0x80, 0xf, 0xfe,
    0x2c, 0x3b, 0xa0, 0x3, 0xff, 0x8f, 0x10, 0x0,
    0xff, 0x0,

    /* U+F0E9F "󰺟" */
    0x0, 0xff, 0xe7, 0x88, 0x7, 0xff, 0x81, 0x3d,
    0x80, 0x3f, 0xfb, 0xd3, 0x63, 0x24, 0x1, 0xff,
    0xdb, 0x3d, 0x60, 0xb, 0x80, 0x3f, 0xfb, 0x4f,
    0x84, 0x1, 0xac, 0x3, 0xff, 0xb0, 0x59, 0x0,
    0x18, 0xb1, 0xc0, 0x3f, 0xfa, 0xed, 0xa6, 0x1,
    0x9b, 0x4c, 0x3, 0xff, 0xac, 0x37, 0x20, 0x18,
    0x6e, 0x40, 0x3f, 0xfa, 0xe9, 0xe8, 0x1, 0x93,
    0xd0, 0x3, 0xff, 0xa0, 0xf9, 0xfe, 0xc6, 0x19,
    0xb1, 0x0, 0xd3, 0x62, 0x1, 0xf3, 0xe7, 0xfb,
    0x1c, 0x3, 0xff, 0x84, 0x39, 0x6, 0x0, 0x39,
    0xe6, 0x0, 0xc7, 0xac, 0x1, 0xf1, 0x6c, 0x18,
    0x0, 0xe3, 0x4, 0x3, 0xff, 0x81, 0xa6, 0x1,
    0xff, 0x3e, 0x10, 0x7, 0xef, 0x20, 0xf, 0x1e,
    0x80, 0x7f, 0xca, 0x60, 0x1f, 0xe2, 0xc8, 0x0,
    0xfe, 0x72, 0x0, 0xfc, 0x6a, 0x1, 0xef, 0xfd,
    0x40, 0x12, 0x6e, 0x90, 0x2, 0x1d, 0x30, 0xf,
    0xf5, 0x80, 0x49, 0xba, 0x40, 0xa, 0xbf, 0xf0,
    0x7, 0xfa, 0x48, 0x92, 0x1, 0x8, 0x7, 0xff,
    0x0, 0xc0, 0x29, 0x22, 0x48, 0x7, 0xff, 0xd2,
    0x48, 0x92, 0x1, 0x18, 0x7, 0xff, 0x0, 0xc0,
    0x29, 0x22, 0x48, 0x7, 0xfb, 0xff, 0x50, 0x4,
    0x9b, 0xa4, 0x0, 0xac, 0x3, 0xff, 0x81, 0x60,
    0x12, 0x6e, 0x90, 0x2, 0xaf, 0xfc, 0x1, 0xe5,
    0x30, 0xf, 0xc4, 0xe0, 0x1f, 0xfc, 0x7, 0x20,
    0xf, 0xc6, 0xa0, 0x1f, 0xf6, 0x98, 0x7, 0x8b,
    0xc0, 0x3f, 0xf8, 0x5e, 0x40, 0x1e, 0x3d, 0x0,
    0xff, 0xe0, 0xe, 0x41, 0x80, 0xe, 0x34, 0x80,
    0x3f, 0xf8, 0x45, 0xb0, 0x60, 0x3, 0x8c, 0x10,
    0xf, 0x0,

    /* U+F0EC7 "󰻇" */
    0x0, 0xff, 0xe5, 0xe, 0xff, 0x6d, 0xc2, 0x88,
    0x7, 0xff, 0x6c, 0x7c, 0x44, 0x48, 0xf5, 0xd6,
    0xc0, 0x1f, 0xfd, 0xa2, 0xc1, 0x0, 0xe4, 0x9e,
    0x81, 0x0, 0xff, 0xec, 0x16, 0x8, 0x7, 0x85,
    0xfd, 0x80, 0x3f, 0xfb, 0x5, 0x82, 0x1, 0xf0,
    0xce, 0x8, 0x7, 0xff, 0x5c, 0xb0, 0x40, 0x29,
    0xb2, 0x0, 0x1f, 0x98, 0x7, 0xff, 0x5c, 0xb0,
    0x42, 0x59, 0x36, 0x0, 0x3, 0x8a, 0x1, 0xff,
    0xd7, 0x2c, 0xa6, 0x0, 0x9f, 0x4, 0x1, 0x48,
    0x1, 0xff, 0xd7, 0x25, 0x0, 0xe3, 0xf2, 0x0,
    0x59, 0x80, 0x7f, 0xf7, 0x87, 0x8, 0x1, 0xa2,
    0x1, 0xff, 0xde, 0x1f, 0x10, 0x1b, 0x0, 0xff,
    0xef, 0x95, 0x0, 0x15, 0x0, 0x3f, 0xfb, 0xe8,
    0xc0, 0x9, 0x0, 0xff, 0xf0, 0x48, 0x81, 0x30,
    0x7, 0xff, 0x82, 0x0, 0x16, 0x1, 0xff, 0xe0,
    0x61, 0x2, 0x40, 0xf, 0xfe, 0x1c, 0x6f, 0xf5,
    0xa8, 0x4, 0x3f, 0xfd, 0xd6, 0xe0, 0x1f, 0xf3,
    0x0, 0x38, 0x3, 0xff, 0x82, 0x7c, 0xe4, 0x2,
    0x95, 0x20, 0x1f, 0x85, 0x23, 0x8c, 0x3, 0xfa,
    0x80, 0x8, 0x1, 0xff, 0xc1, 0xd1, 0x9, 0xdc,
    0x40, 0x63, 0x0, 0xc7, 0x76, 0xa5, 0x1, 0xc3,
    0x0, 0xfc, 0x44, 0x1, 0x30, 0xf, 0xf8, 0xc4,
    0x1d, 0x88, 0xe8, 0x1, 0x60, 0x19, 0xd1, 0xb,
    0x56, 0x0, 0xe0, 0xf, 0xe4, 0x0, 0x28, 0x7,
    0xfc, 0x59, 0x89, 0x0, 0x84, 0x40, 0x20, 0x1f,
    0xc8, 0xc0, 0x48, 0x1, 0xfb, 0x80, 0x1e, 0x1,
    0xff, 0x9, 0x98, 0x40, 0x23, 0x10, 0xf0, 0xf,
    0xf5, 0x0, 0x34, 0x3, 0xf1, 0x80, 0x8, 0x3,
    0xff, 0x86, 0x66, 0x6d, 0x2, 0x60, 0xf, 0xf1,
    0x0, 0x8, 0x3, 0xf2, 0x7f, 0xac, 0x3, 0xff,
    0x84, 0x39, 0x89, 0x13, 0xc0, 0xf, 0xf8, 0x40,
    0xe, 0x1, 0xff, 0xcf, 0x21, 0x0, 0x1b, 0x0,
    0x7f, 0xf7, 0x47, 0x7b, 0xdc, 0x21, 0x40, 0x3f,
    0xc2, 0x0, 0x70, 0xf, 0xfe, 0x7, 0x7f, 0x84,
    0x3, 0xff, 0x85, 0x4, 0x12, 0x1, 0xfe, 0x20,
    0x1, 0x0, 0x7f, 0xf0, 0x8, 0x0, 0x40, 0x1f,
    0x13, 0x30, 0x40, 0x33, 0x1, 0x0, 0x7f, 0xa8,
    0x1, 0x80, 0x1f, 0xfc, 0x6, 0x0, 0x28, 0x7,
    0xcd, 0x32, 0x70, 0xc, 0xa0, 0x40, 0x1f, 0xc8,
    0xc0, 0x4a, 0x1, 0xff, 0xc0, 0xd0, 0x6, 0x0,
    0x7c, 0x82, 0x10, 0xc4, 0x74, 0x21, 0x60, 0x19,
    0xc8, 0xd2, 0xac, 0x1, 0xc0, 0x1f, 0xfc, 0x15,
    0x0, 0x28, 0x7, 0xea, 0x1, 0x9d, 0xc5, 0x4,
    0x70, 0xc, 0x7b, 0x96, 0xa0, 0x36, 0x60, 0x1f,
    0xfc, 0x12, 0x10, 0x2, 0x0, 0x7c, 0x9c, 0xe4,
    0x2, 0x95, 0x60, 0x1f, 0x85, 0x23, 0x90, 0x3,
    0xff, 0x86, 0xc0, 0xf, 0x0, 0xfc, 0x31, 0xbf,
    0xd6, 0xa0, 0x10, 0xff, 0xf7, 0x5b, 0x80, 0x7f,
    0xf1, 0x68, 0x0, 0x86, 0x1, 0xff, 0xdf, 0x24,
    0x0, 0x78, 0x7, 0xff, 0x82, 0x40, 0x6, 0xa0,
    0x1f, 0xfd, 0xf2, 0x60, 0x5, 0x90, 0x7, 0xff,
    0x7e, 0x48, 0x7, 0xc0, 0x3f, 0xfc, 0x1c, 0x0,
    0x2b, 0x0, 0xff, 0xef, 0x9c, 0x80, 0x12, 0xc0,
    0x3f, 0xfb, 0xed, 0x0, 0x4, 0xc2, 0x0, 0xe6,
    0x0, 0xff, 0xec, 0x3b, 0x80, 0x7, 0xaa, 0x1,
    0x44, 0xe0, 0x7, 0xff, 0x62, 0x28, 0x2, 0xac,
    0x38, 0x70, 0x3c, 0x0, 0xff, 0xec, 0x2e, 0x10,
    0x0, 0xf1, 0xc0, 0x23, 0xc0, 0xf, 0xfe, 0xc1,
    0xeb, 0x80, 0x7e, 0x3c, 0x0, 0xff, 0xec, 0xc6,
    0xb0, 0x7, 0xc7, 0x80, 0x1f, 0xfd, 0x92, 0x9e,
    0x83, 0x0, 0xe3, 0xc0, 0xf, 0xfe, 0xd0, 0xbe,
    0x6c, 0xb2, 0x10, 0x9d, 0x80, 0x7f, 0xf2, 0xc0,

    /* U+F0F1B "󰼛" */
    0xa1, 0x0, 0xff, 0xe4, 0x2f, 0xb0, 0x7, 0xff,
    0x20, 0x67, 0x8, 0x3, 0xff, 0x90, 0x7a, 0xe0,
    0x1f, 0xfc, 0x98, 0xd3, 0x0, 0xff, 0xe4, 0x16,
    0x48, 0x7, 0xff, 0x25, 0xb9, 0x0, 0x3f, 0xf8,
    0x6c, 0x1, 0x86, 0xe8, 0x40, 0x3f, 0xf8, 0x33,
    0x84, 0x1, 0x97, 0xd8, 0x3, 0xff, 0x82, 0x7a,
    0xe0, 0x18, 0x66, 0xc8, 0x3, 0xff, 0x83, 0x1a,
    0x60, 0x19, 0x35, 0xc0, 0x3f, 0xf8, 0x25, 0x92,
    0x1, 0xd1, 0xa6, 0x1, 0xff, 0xc1, 0x6e, 0x40,
    0xc, 0x59, 0x20, 0x1f, 0xfc, 0x11, 0xba, 0x10,
    0xc, 0xdc, 0x80, 0x1f, 0xfd, 0x51, 0xaa, 0x8,
    0x6, 0x6e, 0x40, 0xf, 0xf3, 0x72, 0x80, 0x62,
    0xc9, 0x0, 0xff, 0x16, 0x48, 0x7, 0x46, 0x98,
    0x7, 0xf9, 0xf4, 0xc0, 0x31, 0xeb, 0x80, 0x7f,
    0x8f, 0x60, 0x3, 0xc, 0xe1, 0x0, 0x7f, 0xa7,
    0x8, 0x3, 0x2f, 0xb0, 0x7, 0xff, 0x1, 0x80,
    0x30, 0xdd, 0x8, 0x7, 0xff, 0x15, 0xb9, 0x0,
    0x3f, 0xf8, 0xa5, 0x92, 0x1, 0xff, 0xc6, 0x8d,
    0x30, 0xf, 0xfe, 0x29, 0xeb, 0x80, 0x7f, 0xf1,
    0x46, 0x70, 0x80, 0x3f, 0xf8, 0xab, 0xec, 0x1,
    0xff, 0xc7,

    /* U+F0F54 "󰽔" */
    0x0, 0xff, 0xe3, 0xc4, 0x0, 0x3f, 0xfb, 0x34,
    0xee, 0xa0, 0xf, 0xfe, 0xbd, 0xa8, 0x1, 0x6c,
    0x3, 0xff, 0xa8, 0x38, 0x80, 0x19, 0x34, 0x40,
    0x3f, 0xfa, 0x25, 0x86, 0x1, 0xe2, 0xf2, 0x0,
    0xff, 0xe7, 0x9e, 0x10, 0x7, 0xe1, 0xc3, 0x0,
    0xff, 0xe6, 0xa6, 0x8, 0x7, 0xf8, 0x71, 0x0,
    0x3f, 0xf9, 0x6b, 0x60, 0x1f, 0xfc, 0x2b, 0x60,
    0xf, 0xfe, 0x4b, 0xd0, 0x7, 0xff, 0x10, 0x80,
    0x3f, 0xf9, 0x11, 0x0, 0xf, 0xfe, 0x24, 0xa0,
    0x7, 0xff, 0x1e, 0x9c, 0x3, 0xff, 0x88, 0x4c,
    0x1, 0xd, 0x77, 0x28, 0x80, 0x3f, 0xd6, 0xa0,
    0x1f, 0xfc, 0x5a, 0x0, 0x87, 0xd4, 0x44, 0xb8,
    0x40, 0x1f, 0xe, 0x20, 0x7, 0xff, 0x19, 0x40,
    0x2b, 0x14, 0xee, 0x20, 0xc0, 0x7, 0x8b, 0xc,
    0x3, 0xff, 0x8e, 0x40, 0x12, 0x5, 0x8, 0xa8,
    0x14, 0x3, 0x8b, 0x8, 0x3, 0xff, 0x98, 0x20,
    0x20, 0x1, 0x0, 0xf2, 0x68, 0x80, 0x7f, 0xf6,
    0x16, 0xc0, 0x3f, 0xfa, 0x3f, 0xf8, 0x3, 0x35,
    0x0, 0x7f, 0xf6, 0x9b, 0xff, 0x80, 0x3f, 0xff,
    0xe0, 0x1f, 0xff, 0xf0, 0xf, 0xff, 0xf8, 0x7,
    0xff, 0xfc, 0x3, 0xff, 0xb6, 0xa0, 0x1f, 0xfd,
    0xbb, 0x0, 0x84, 0x3, 0xf0, 0x80, 0x7f, 0xf3,
    0x54, 0x40, 0x2d, 0x0, 0xfd, 0xa0, 0x1f, 0xfc,
    0xdf, 0x0, 0x9c, 0xc0, 0x3f, 0x1b, 0x0, 0x7f,
    0xf3, 0x1c, 0x2, 0xa0, 0xf, 0xf5, 0x0, 0x7f,
    0xf3, 0xc, 0x2, 0x20, 0xf, 0xf1, 0x0, 0x7f,
    0xfd, 0xc, 0x2, 0x20, 0xf, 0xf1, 0x0, 0x7b,
    0xff, 0xff, 0x8c, 0x40, 0x15, 0x0, 0x7f, 0xa8,
    0x3, 0xff, 0xa0, 0xe4, 0x1, 0xf8, 0xd8, 0x3,
    0xff, 0xa3, 0x86, 0x1, 0xe3, 0xd0, 0xf, 0xfe,
    0x90, 0xe4, 0x98, 0x88, 0xe7, 0x4, 0x0,

    /* U+F0F85 "󰾅" */
    0x0, 0xff, 0xf7, 0x99, 0x80, 0x3f, 0xfb, 0x48,
    0x80, 0xf, 0xfe, 0xd6, 0x60, 0x3, 0xff, 0xaa,
    0x20, 0x19, 0x10, 0x1, 0x88, 0x3, 0xff, 0x9a,
    0x2f, 0xb6, 0x1, 0x20, 0x1, 0x0, 0x2b, 0xe8,
    0x10, 0xf, 0xfe, 0x4c, 0x74, 0x16, 0x0, 0x58,
    0x0, 0xc0, 0xb, 0x5, 0xfa, 0x40, 0x3f, 0xf8,
    0xc9, 0xce, 0x1, 0x38, 0x4, 0xa0, 0x5, 0x0,
    0x90, 0x2, 0x6e, 0x50, 0xf, 0xfe, 0x1c, 0x58,
    0x80, 0x44, 0x20, 0x1, 0x20, 0x1, 0x8, 0x0,
    0x4c, 0x2, 0x1a, 0x90, 0xf, 0xfe, 0xd, 0x38,
    0x6, 0x18, 0x0, 0x90, 0x3, 0x20, 0x5, 0x4,
    0x1, 0x9a, 0xc0, 0x3f, 0xea, 0x50, 0xd, 0x3c,
    0xa0, 0x16, 0x0, 0x6c, 0x0, 0x93, 0x60, 0x3,
    0x25, 0x80, 0x7f, 0x42, 0x80, 0x47, 0xac, 0x1,
    0xce, 0x1, 0x9c, 0x3, 0x9f, 0x8, 0x2, 0x49,
    0x0, 0xf9, 0x1c, 0x2, 0x4c, 0x20, 0xe, 0x21,
    0x0, 0xc2, 0x40, 0x1c, 0x78, 0x40, 0x13, 0x28,
    0x7, 0xa8, 0x2, 0x3b, 0x0, 0xf9, 0x0, 0x3c,
    0x80, 0x1e, 0x1c, 0x10, 0xa, 0xc4, 0x3, 0x40,
    0x80, 0x7, 0x40, 0x3f, 0x68, 0x7, 0xb4, 0x3,
    0xe1, 0xd0, 0x8, 0x64, 0x2, 0x17, 0x0, 0xac,
    0x40, 0x3f, 0x20, 0x7, 0x90, 0x3, 0xf1, 0xc0,
    0x4, 0xe2, 0x0, 0x60, 0x8, 0xd4, 0x3, 0xf1,
    0x80, 0x7e, 0x30, 0xf, 0xce, 0x40, 0x14, 0x80,
    0x28, 0x2, 0x80, 0xf, 0xe4, 0x0, 0xfd, 0x60,
    0x1f, 0xd6, 0x1, 0x30, 0x11, 0x0, 0x2, 0x80,
    0x1f, 0xd6, 0x1, 0xf9, 0x0, 0x3f, 0x98, 0x2,
    0x13, 0x50, 0x9, 0xc0, 0x3f, 0xc6, 0x1, 0xf8,
    0xc0, 0x3f, 0xcc, 0x1, 0x26, 0x80, 0x58, 0x1,
    0xfc, 0x80, 0x1f, 0xe4, 0x0, 0xfe, 0xf0, 0xb,
    0x58, 0x2, 0x70, 0xf, 0xec, 0x0, 0xff, 0x68,
    0x7, 0xf2, 0x0, 0x4c, 0x40, 0x11, 0x80, 0x7f,
    0x20, 0x7, 0xf9, 0x0, 0x3f, 0x8c, 0x2, 0x21,
    0x0, 0x84, 0x3, 0xf8, 0xc0, 0x3f, 0xc6, 0x1,
    0xfc, 0x20, 0x10, 0x80, 0x7f, 0xf7, 0x4, 0x3,
    0xff, 0x82, 0x40, 0x1f, 0xe5, 0x0, 0xff, 0xe0,
    0x89, 0x0, 0x44, 0x1, 0xfd, 0x40, 0x1f, 0xee,
    0x0, 0xfe, 0x30, 0x8, 0x98, 0x2, 0x70, 0xf,
    0xe7, 0x20, 0xf, 0xc6, 0xa0, 0x1f, 0xca, 0x1,
    0x36, 0x80, 0x5e, 0x1, 0xfe, 0xf2, 0x0, 0xf1,
    0xe8, 0x7, 0xfb, 0x0, 0x2d, 0x40, 0x9, 0x40,
    0x3f, 0xc5, 0xb0, 0x62, 0x23, 0x9c, 0x10, 0xf,
    0xf2, 0x80, 0x48, 0x62, 0x1, 0x30, 0x7, 0xfc,
    0xf9, 0xdc, 0xc6, 0x0, 0xff, 0x98, 0x2, 0x23,
    0x6, 0x0, 0xa0, 0x3, 0xff, 0xa1, 0x0, 0x12,
    0x80, 0x24, 0x2, 0x18, 0x0, 0xff, 0xe7, 0x40,
    0x80, 0x52, 0x0, 0x16, 0x0, 0x9c, 0xc0, 0x3f,
    0xf9, 0x86, 0xe0, 0x13, 0x8, 0x5, 0x2, 0x1,
    0x68, 0x80, 0x7f, 0xf2, 0x87, 0x40, 0x21, 0x80,
    0xc, 0x36, 0x1, 0xe, 0x80, 0x7f, 0xf2, 0xb4,
    0x40, 0x2b, 0x10, 0xe, 0x56, 0x0, 0x8c, 0x80,
    0x3f, 0xf9, 0x8, 0x60, 0x13, 0x28, 0x7, 0xd2,
    0x80, 0x11, 0x80, 0x7f, 0xf2, 0x14, 0x2, 0x49,
    0x0, 0xfe, 0xb8, 0x5c, 0x10, 0xf, 0xfe, 0x40,
    0xe2, 0xc5, 0x80, 0x70,

    /* U+F0F86 "󰾆" */
    0x0, 0xff, 0xe1, 0x1b, 0xd6, 0xf7, 0xfb, 0xb6,
    0x9c, 0xc0, 0x3f, 0xf9, 0xa3, 0x1b, 0x90, 0xa4,
    0x20, 0x1, 0x25, 0x8c, 0xd8, 0x10, 0xf, 0xfe,
    0x4b, 0xf3, 0x90, 0x7, 0xff, 0x0, 0x9f, 0xa0,
    0x40, 0x3f, 0xf8, 0x2, 0x1, 0xe7, 0x80, 0xf,
    0xfe, 0x2b, 0xfa, 0x0, 0x7f, 0xc3, 0x6a, 0x1,
    0xcf, 0xcc, 0xb, 0x39, 0xdf, 0xdb, 0x90, 0x80,
    0x1c, 0x37, 0x0, 0x1f, 0xf7, 0xd5, 0x90, 0x6,
    0x19, 0xfa, 0x63, 0x10, 0x12, 0x37, 0xbf, 0x91,
    0x0, 0xcf, 0x40, 0x1f, 0xe4, 0x4b, 0x64, 0x40,
    0x3f, 0xf8, 0x8d, 0xce, 0x1, 0x96, 0x80, 0x3f,
    0xd2, 0x0, 0x6f, 0x60, 0xf, 0xfe, 0x2c, 0x60,
    0x80, 0x4b, 0x0, 0x1f, 0xc4, 0xe0, 0x1, 0x9d,
    0x40, 0xf, 0xfe, 0x21, 0xf9, 0x0, 0x4e, 0x80,
    0x1f, 0xd0, 0x20, 0x11, 0x5d, 0x88, 0x3, 0xff,
    0x86, 0x38, 0x20, 0x15, 0x0, 0x73, 0x80, 0x68,
    0x0, 0xe4, 0xd8, 0x0, 0xff, 0xe1, 0x8e, 0x0,
    0x43, 0x0, 0x10, 0xc4, 0x0, 0x26, 0x30, 0xf,
    0x3f, 0x28, 0x7, 0xff, 0x8, 0xa0, 0x2, 0x71,
    0x0, 0x30, 0x39, 0x0, 0x5e, 0x1, 0xf0, 0xd6,
    0x18, 0x7, 0xff, 0x5, 0xc8, 0x2, 0x60, 0x5,
    0x0, 0x24, 0x2, 0x35, 0x0, 0xfc, 0x79, 0x42,
    0x1, 0xff, 0xc0, 0x80, 0xa, 0x80, 0x88, 0x0,
    0x40, 0xd, 0x60, 0x1f, 0xe5, 0xe7, 0x0, 0xff,
    0x94, 0x2, 0x23, 0x40, 0x9, 0x40, 0x30, 0xb8,
    0x7, 0xfd, 0x18, 0x20, 0x1f, 0xe6, 0x0, 0x97,
    0x0, 0x2f, 0x0, 0xe8, 0x10, 0xf, 0xf8, 0xf4,
    0x3, 0xfd, 0x80, 0x16, 0x30, 0x4, 0xe0, 0x1e,
    0xb0, 0xf, 0xfe, 0x1, 0xb0, 0x7, 0xf3, 0x80,
    0x4c, 0x40, 0x11, 0x0, 0x79, 0x4c, 0x3, 0xff,
    0x81, 0x40, 0x1f, 0xc6, 0x1, 0x8, 0x80, 0x3f,
    0xef, 0x0, 0xff, 0xe0, 0x18, 0x7, 0xf0, 0x80,
    0x44, 0x1, 0xff, 0xc0, 0x36, 0x0, 0xff, 0xe7,
    0x8, 0x7, 0xff, 0x2, 0x0, 0x3f, 0xe3, 0x0,
    0xff, 0xe0, 0x89, 0x0, 0x44, 0x1, 0xf8, 0x60,
    0x3, 0xfd, 0x60, 0x1f, 0xc6, 0x1, 0x13, 0x0,
    0x4e, 0x1, 0xfc, 0xe6, 0x1, 0xf8, 0x9c, 0x3,
    0xf9, 0x40, 0x26, 0xd0, 0xb, 0xc0, 0x3f, 0xda,
    0x60, 0x1e, 0x2c, 0x0, 0xff, 0x60, 0x5, 0xa8,
    0x1, 0x28, 0x7, 0xf8, 0x72, 0x90, 0x44, 0x73,
    0xa2, 0x1, 0xfe, 0x50, 0x9, 0xc, 0x40, 0x26,
    0x0, 0xff, 0x96, 0xfb, 0x98, 0xc0, 0x1f, 0xf3,
    0x0, 0x44, 0x60, 0xc0, 0x14, 0x0, 0x7f, 0xf4,
    0x20, 0x2, 0x50, 0x4, 0x80, 0x43, 0x0, 0x1f,
    0xfc, 0xe8, 0x10, 0xa, 0x40, 0x2, 0xc0, 0x13,
    0x98, 0x7, 0xff, 0x30, 0xdc, 0x2, 0x61, 0x0,
    0xa0, 0x40, 0x2d, 0x10, 0xf, 0xfe, 0x50, 0xe8,
    0x4, 0x30, 0x1, 0x86, 0xc0, 0x21, 0xd0, 0xf,
    0xfe, 0x56, 0x88, 0x5, 0x62, 0x1, 0xca, 0xc0,
    0x11, 0x90, 0x7, 0xff, 0x21, 0xc, 0x2, 0x65,
    0x0, 0xfa, 0x50, 0x2, 0x30, 0xf, 0xfe, 0x42,
    0x80, 0x49, 0x20, 0x1f, 0xd7, 0xb, 0x82, 0x1,
    0xff, 0xc8, 0x1c, 0x58, 0xb0, 0xe,

    /* U+F0F9C "󰾜" */
    0x0, 0xff, 0xe3, 0xc4, 0x0, 0x3f, 0xfb, 0x34,
    0xee, 0xa0, 0xf, 0xfe, 0xbd, 0xa8, 0x1, 0x6c,
    0x3, 0xff, 0xa8, 0x38, 0x80, 0x19, 0x30, 0x40,
    0x3f, 0xfa, 0x25, 0x86, 0x1, 0xe3, 0xc2, 0x0,
    0xff, 0xe7, 0x9e, 0x10, 0x4, 0x66, 0x0, 0x8b,
    0xc, 0x3, 0xff, 0x9a, 0x98, 0x20, 0x12, 0xe6,
    0x14, 0x2, 0x1c, 0x40, 0xf, 0xfe, 0x5a, 0xd8,
    0x6, 0x6a, 0x0, 0x53, 0x0, 0x6b, 0x50, 0xf,
    0xfe, 0x4b, 0xd0, 0x6, 0x79, 0x0, 0xd3, 0x0,
    0x1a, 0x98, 0x3, 0xff, 0x8f, 0x30, 0x1, 0xa6,
    0x0, 0x3c, 0xf2, 0x1, 0xa6, 0x0, 0x3f, 0xf8,
    0xb4, 0xc0, 0x1a, 0x98, 0x3, 0xf3, 0x58, 0x6,
    0x7a, 0x0, 0xff, 0xe1, 0xe2, 0x80, 0x43, 0x8a,
    0x1, 0xfe, 0x4c, 0x10, 0x9, 0x6c, 0x3, 0xff,
    0x80, 0x3a, 0x60, 0x10, 0xe1, 0x80, 0x67, 0x0,
    0xf8, 0xf0, 0x80, 0x24, 0xc1, 0x0, 0xfe, 0x2c,
    0x20, 0x8, 0xbc, 0x80, 0x3a, 0x20, 0x1, 0xf1,
    0x61, 0x0, 0x47, 0x84, 0x1, 0xf8, 0xb7, 0xff,
    0x68, 0x80, 0x7c, 0xf0, 0x1, 0xf0, 0xe8, 0x6,
    0x2c, 0x20, 0xf, 0xfe, 0x5b, 0xc0, 0x7, 0xff,
    0x4, 0x75, 0x0, 0x3f, 0xf9, 0x6f, 0x0, 0x1f,
    0xfc, 0x2b, 0x50, 0xf, 0xfe, 0x5b, 0xc0, 0x7,
    0xff, 0xa, 0x9b, 0xff, 0xff, 0x8c, 0x1, 0xcf,
    0x0, 0x1f, 0xdf, 0xfc, 0xc0, 0x1f, 0xfc, 0xc7,
    0x80, 0xf, 0xfe, 0xdf, 0x80, 0x7f, 0xf6, 0xa1,
    0xc0, 0x3f, 0xf8, 0x5f, 0xff, 0xfc, 0x60, 0xe,
    0x87, 0x0, 0xff, 0xec, 0xbb, 0x80, 0x3f, 0xfb,
    0x2f, 0x0, 0x1f, 0xfd, 0x97, 0x80, 0xf, 0xfe,
    0x67, 0xfe, 0x0, 0xfe, 0x78, 0x0, 0xff, 0xec,
    0xbc, 0x0, 0x7f, 0xf6, 0xa0, 0x3, 0xff, 0xf7,
    0xff, 0xff, 0xc8, 0x0, 0xff, 0xff, 0x80, 0x7f,
    0xfc, 0x7f, 0xff, 0xfa, 0x0, 0x1e,

    /* U+F0FB3 "󰾳" */
    0x0, 0x3e, 0xff, 0xff, 0xf5, 0x35, 0xc0, 0x2b,
    0x82, 0x0, 0xff, 0xea, 0x14, 0x58, 0x3a, 0x0,
    0x7f, 0xf6, 0x11, 0xe8, 0x3, 0xff, 0xb5, 0x44,
    0x1, 0xff, 0xda, 0x20, 0xf, 0xff, 0xf8, 0x7,
    0xff, 0xfc, 0x3, 0xff, 0xe2, 0xbb, 0xff, 0xff,
    0xc2, 0xd5, 0x0, 0xff, 0xe4, 0xbd, 0x10, 0x7,
    0xff, 0x8, 0xa9, 0xc0, 0x3f, 0xf8, 0xef, 0x0,
    0x1f, 0xfc, 0x68, 0x80, 0x7, 0xff, 0x15, 0xe0,
    0x3, 0xff, 0x90, 0xf0, 0x1, 0xff, 0xc3, 0x78,
    0x0, 0xff, 0xe5, 0x3c, 0x0, 0x7f, 0xf0, 0x5e,
    0x0, 0x3f, 0xf9, 0x8f, 0x0, 0x1f, 0xf3, 0xc0,
    0x7, 0xff, 0x39, 0xe0, 0x3, 0xf9, 0xe0, 0x1,
    0x1d, 0xc8, 0x0, 0xff, 0xe2, 0x47, 0x72, 0x0,
    0xf, 0x0, 0x1f, 0x2c, 0x0, 0x21, 0xc4, 0x4f,
    0x0, 0x1f, 0xfc, 0x28, 0x71, 0x13, 0xc0, 0x1,
    0xd4, 0x3, 0xdc, 0x1, 0x30, 0x6, 0x60, 0xf,
    0xfe, 0x13, 0x0, 0x66, 0x0, 0xb8, 0x3, 0xff,
    0x86, 0x60, 0x1f, 0xfd, 0x2e, 0x0, 0x98, 0x3,
    0x28, 0x7, 0x46, 0xf4, 0x0, 0x73, 0x0, 0x66,
    0x0, 0xb8, 0x3, 0xca, 0xe0, 0x8, 0x71, 0x13,
    0xc0, 0x6, 0x87, 0x21, 0x78, 0x0, 0xd0, 0xe2,
    0x27, 0x80, 0x4, 0x28, 0x7, 0xd0, 0xe0, 0x8,
    0xee, 0x40, 0x7, 0x30, 0x6, 0x60, 0xe, 0x8e,
    0xe4, 0x0, 0x21, 0xc0, 0x3f, 0xa1, 0xc0, 0x3f,
    0xf9, 0xd0, 0xe0, 0x1f, 0xf4, 0x38, 0x7, 0xf3,
    0x0, 0x66, 0x0, 0xfe, 0x87, 0x0, 0xff, 0xe0,
    0xc3, 0x80, 0x7e, 0x87, 0x11, 0x3c, 0x0, 0x7e,
    0x87, 0x0, 0xff, 0xe1, 0xc3, 0x80, 0x7e, 0x8e,
    0xe4, 0x0, 0x7e, 0x87, 0x0, 0xff, 0xe2, 0xc4,
    0x0, 0x3f, 0xf8, 0xd0, 0xe0, 0x1f, 0xfc, 0x77,
    0x92, 0x0, 0xff, 0xe1, 0x15, 0x38, 0x7, 0xff,
    0x25, 0xb7, 0xff, 0xff, 0x85, 0xaa, 0x1, 0xff,
    0xff, 0x0, 0xff, 0xff, 0x80, 0x7f, 0xfc, 0x48,
    0x3, 0xff, 0xb4, 0x54, 0x1, 0xff, 0xda, 0xa7,
    0x40, 0xf, 0xfe, 0xc2, 0x38, 0x5c, 0x10, 0x7,
    0xff, 0x50, 0xa2, 0xc0,

    /* U+F0FC6 "󰿆" */
    0x0, 0xff, 0xfd, 0xb5, 0xf7, 0xfb, 0xad, 0x80,
    0x3f, 0xfa, 0xa9, 0xd2, 0x82, 0x0, 0x14, 0x9e,
    0x40, 0xf, 0xfe, 0x94, 0x58, 0x80, 0x7e, 0x1b,
    0x80, 0xf, 0xfe, 0x84, 0x38, 0x7, 0xff, 0x1,
    0xe0, 0x3, 0xff, 0x9c, 0x8e, 0x1, 0x9f, 0x3f,
    0xd8, 0xe0, 0x19, 0xd0, 0x3, 0xff, 0x9b, 0x40,
    0x11, 0x6c, 0x18, 0x0, 0xe3, 0x48, 0x2, 0xa0,
    0xf, 0xfe, 0x63, 0x8, 0x5, 0xe4, 0x1, 0xe2,
    0xf0, 0x8, 0x58, 0x3, 0xff, 0x97, 0xa0, 0x13,
    0x90, 0x7, 0xe2, 0x70, 0xb, 0x40, 0x3f, 0xf9,
    0x6a, 0x1, 0x58, 0x7, 0xfa, 0xc0, 0x25, 0x0,
    0xff, 0xe5, 0x88, 0x4, 0x60, 0x1f, 0xe3, 0x0,
    0x84, 0x3, 0xff, 0xfe, 0x1, 0xff, 0xff, 0x0,
    0xff, 0xe6, 0xd, 0x77, 0xff, 0xff, 0x18, 0x3,
    0x7f, 0xba, 0x88, 0x3, 0xef, 0xfc, 0x3, 0xea,
    0x20, 0x1f, 0xfc, 0xc1, 0x5c, 0x20, 0xf, 0xfa,
    0xc4, 0x3, 0xff, 0xa0, 0x30, 0x1, 0xff, 0x20,
    0x7, 0xff, 0x49, 0x40, 0x3f, 0xe1, 0x0, 0xff,
    0xff, 0x80, 0x7f, 0xff, 0xc0, 0x3f, 0xff, 0xe0,
    0x1f, 0xfe, 0x12, 0xbf, 0xf5, 0x90, 0x7, 0xff,
    0x60, 0xb1, 0x0, 0x9, 0xa4, 0x1, 0xff, 0xd7,
    0x81, 0x0, 0xe9, 0x0, 0xff, 0xeb, 0xa0, 0x7,
    0x90, 0x3, 0xff, 0xfe, 0x1, 0x20, 0x7, 0x90,
    0x3, 0xff, 0xaf, 0x2, 0x1, 0xd2, 0x1, 0xff,
    0xd7, 0x2c, 0x40, 0x2, 0x69, 0x0, 0x7f, 0xf6,
    0xa, 0xff, 0xd6, 0x40, 0x1f, 0xff, 0xf0, 0xf,
    0xff, 0xf8, 0x7, 0xff, 0xfc, 0x3, 0xff, 0x84,
    0x20, 0x1f, 0xfd, 0xe4, 0x0, 0xff, 0xe9, 0x28,
    0x7, 0xfd, 0x2, 0x1, 0xff, 0xd0, 0x18, 0x0,
    0xff, 0x8b, 0x14, 0x40, 0x3f, 0xf9, 0x82, 0xb8,
    0x40, 0x1f, 0xf0,

    /* U+F10B5 "󱂵" */
    0x0, 0xff, 0xee, 0x95, 0xff, 0xff, 0xf0, 0x5c,
    0x3, 0xff, 0x96, 0x58, 0x80, 0x1f, 0xfc, 0x18,
    0x70, 0xf, 0xfe, 0x54, 0x8, 0x7, 0xff, 0xe,
    0x1c, 0x3, 0xff, 0x92, 0x80, 0x1f, 0xfc, 0x58,
    0x70, 0xf, 0xfe, 0x40, 0x80, 0x7f, 0xf1, 0xa3,
    0xff, 0xff, 0x8b, 0x44, 0x1, 0xff, 0xda, 0x5c,
    0x20, 0xf, 0xfe, 0xd0, 0xc0, 0x7, 0xff, 0x6d,
    0x0, 0x3f, 0xfb, 0x62, 0x1, 0xff, 0xf3, 0x99,
    0x0, 0x7f, 0xf6, 0x7, 0x19, 0x98, 0x20, 0x1f,
    0xfd, 0x53, 0xf3, 0x0, 0x1f, 0x98, 0x7, 0xff,
    0x4d, 0xb0, 0x40, 0x30, 0xe3, 0x0, 0x7f, 0xf4,
    0x66, 0x40, 0x1f, 0xa6, 0x40, 0x1f, 0xfc, 0xe1,
    0xc6, 0x0, 0xff, 0x36, 0x8, 0x7, 0xff, 0x2c,
    0xfc, 0xc0, 0x3f, 0xf8, 0x7, 0xe6, 0x1, 0xff,
    0xc9, 0x6c, 0x10, 0xf, 0xfe, 0x10, 0xe2, 0x80,
    0x7f, 0xf2, 0x1b, 0xfe, 0x0, 0xff, 0xe0, 0x7f,
    0xca, 0x1, 0xff, 0xf8, 0xff, 0xc0, 0x1f, 0xff,
    0xf0, 0xf, 0xff, 0xf8, 0x7, 0xff, 0xfc, 0x3,
    0xef, 0xfc, 0x1, 0xbf, 0xf0, 0x7, 0xff, 0x98,
    0x40, 0x3f, 0xfb, 0x42, 0x80, 0x1f, 0xfd, 0xa4,
    0x81, 0x0, 0xff, 0xec, 0xc, 0x16, 0x20, 0x7,
    0xff, 0x59, 0x30, 0x80, 0xaf, 0xff, 0xff, 0xad,
    0x64, 0x0,

    /* U+F1107 "󱄇" */
    0x0, 0x46, 0xff, 0xff, 0xf5, 0x35, 0xc0, 0x2c,
    0x72, 0x0, 0xff, 0xea, 0x14, 0x58, 0x41, 0x80,
    0x7f, 0xf6, 0x11, 0xd4, 0x3, 0xff, 0xb5, 0x44,
    0x1, 0xff, 0xc2, 0x49, 0xb0, 0xd, 0x72, 0x80,
    0x1f, 0xfc, 0x22, 0x0, 0xff, 0xe0, 0x14, 0xfd,
    0xb2, 0x0, 0x64, 0x6b, 0xf9, 0x20, 0xf, 0xfe,
    0x5c, 0x6b, 0x0, 0x7f, 0xf0, 0x1b, 0x60, 0x3,
    0xff, 0x90, 0x58, 0xe0, 0x1f, 0xfc, 0x47, 0xc2,
    0x0, 0xff, 0xe2, 0x96, 0x18, 0x7, 0xdf, 0xf8,
    0x3, 0xe3, 0xc2, 0x0, 0xff, 0xe1, 0x96, 0x8,
    0x7, 0xff, 0x20, 0x70, 0x80, 0x3f, 0xf8, 0x5e,
    0x20, 0x1f, 0xfc, 0xa1, 0xf0, 0xf, 0xfe, 0xc,
    0x10, 0x7, 0xff, 0x30, 0xa0, 0x3, 0xfe, 0x27,
    0x0, 0xff, 0xe7, 0x39, 0x0, 0x7f, 0xac, 0x3,
    0xff, 0xa1, 0x60, 0x1f, 0xc2, 0xc0, 0x1f, 0xfd,
    0x6, 0x10, 0xf, 0xc8, 0x1, 0xff, 0xd2, 0x40,
    0xf, 0xde, 0x1, 0xff, 0xd2, 0xf0, 0xf, 0xce,
    0x1, 0xa3, 0xb9, 0x0, 0x1f, 0xfc, 0x28, 0xee,
    0x40, 0x6, 0x60, 0xf, 0xc4, 0x1, 0x43, 0x88,
    0x9e, 0x0, 0x3f, 0xf8, 0x10, 0xe2, 0x27, 0x80,
    0x8, 0xc0, 0x3f, 0xf8, 0xc, 0x1, 0x98, 0x3,
    0xff, 0x80, 0xc0, 0x19, 0x80, 0x3f, 0xfd, 0x8c,
    0x1, 0x98, 0x3, 0xff, 0x80, 0xc0, 0x19, 0x80,
    0x3f, 0xf8, 0x4, 0x1, 0x43, 0x88, 0x9e, 0x0,
    0x3f, 0xf8, 0x10, 0xe2, 0x27, 0x80, 0x8, 0xc0,
    0x3f, 0x38, 0x6, 0x8e, 0xe4, 0x0, 0x7f, 0xf0,
    0xa3, 0xb9, 0x0, 0x19, 0x80, 0x3f, 0x78, 0x7,
    0xff, 0x4b, 0xc0, 0x3f, 0x20, 0x7, 0xff, 0x49,
    0x0, 0x3f, 0xb, 0x0, 0x7f, 0xf4, 0x18, 0x40,
    0x3f, 0xac, 0x3, 0xff, 0xa1, 0x60, 0x1f, 0xe2,
    0x70, 0xf, 0xfe, 0x73, 0x90, 0x7, 0xfd, 0x4,
    0x1, 0xff, 0xcc, 0x28, 0x0, 0xff, 0xe0, 0xf8,
    0x80, 0x7f, 0xf2, 0x87, 0xc0, 0x3f, 0xf8, 0x45,
    0x82, 0x1, 0xff, 0xc8, 0x1c, 0x20, 0xf, 0xfe,
    0x19, 0x61, 0x80, 0x7d, 0xff, 0x80, 0x3e, 0x3c,
    0x20, 0xf, 0xfe, 0x29, 0x63, 0x80, 0x7f, 0xf1,
    0x1f, 0x8, 0x3, 0xff, 0x91, 0x1a, 0xc0, 0x1f,
    0xfc, 0x6, 0xd8, 0x0, 0xff, 0xe5, 0x94, 0xfd,
    0x31, 0x80, 0x63, 0x6a, 0xf9, 0x20, 0xf, 0xfe,
    0x1, 0x0, 0x7f, 0xf0, 0x96, 0x70, 0x3, 0x64,
    0xa8, 0x7, 0xff, 0x8, 0xa8, 0x3, 0xff, 0xb4,
    0xae, 0x80, 0x1f, 0xfd, 0x83, 0x80, 0xb8, 0x20,
    0xf, 0xfe, 0xa1, 0x3e, 0x0,

    /* U+F1108 "󱄈" */
    0x0, 0x46, 0xff, 0xff, 0xf5, 0x35, 0xc0, 0x2c,
    0x72, 0x0, 0xff, 0xea, 0x14, 0x58, 0x41, 0x80,
    0x7f, 0xf6, 0x11, 0xd4, 0x3, 0xff, 0xb5, 0x44,
    0x1, 0xff, 0xc2, 0x59, 0xde, 0xff, 0x76, 0xca,
    0x80, 0x7f, 0xf0, 0x88, 0x3, 0xff, 0x80, 0x55,
    0xf4, 0xc4, 0x20, 0x1, 0x26, 0xaf, 0xa2, 0x0,
    0xff, 0xe5, 0xc6, 0xa8, 0x7, 0xff, 0x1, 0x76,
    0x0, 0x3f, 0xf9, 0x5, 0xae, 0x1, 0xff, 0xc4,
    0x7d, 0x20, 0xf, 0xfe, 0x29, 0xe1, 0x0, 0x7d,
    0x1d, 0xc8, 0x0, 0xf8, 0xb0, 0xc0, 0x3f, 0xf8,
    0x65, 0xa2, 0x1, 0xf4, 0x38, 0x89, 0xe0, 0x3,
    0xe1, 0xd2, 0x0, 0xff, 0xe1, 0x78, 0x80, 0x7e,
    0x60, 0xc, 0xc0, 0x1f, 0x87, 0xc0, 0x3f, 0xf8,
    0x30, 0x40, 0x1f, 0xfc, 0xc2, 0x80, 0xf, 0xf8,
    0x9c, 0x3, 0xfc, 0xc0, 0x19, 0x80, 0x3f, 0xce,
    0x40, 0x1f, 0xe8, 0x0, 0xff, 0xa1, 0xc4, 0x4f,
    0x0, 0x1f, 0xf4, 0x0, 0x7f, 0x94, 0x3, 0xff,
    0x81, 0x1d, 0xc8, 0x0, 0xff, 0xe0, 0x28, 0x7,
    0xf3, 0x0, 0x7f, 0xf4, 0x94, 0x3, 0xf6, 0x0,
    0x7f, 0xf4, 0xb0, 0x3, 0xf3, 0x80, 0x68, 0xee,
    0x40, 0x7, 0xff, 0xa, 0x3b, 0x90, 0x1, 0x90,
    0x3, 0xf1, 0x0, 0x50, 0xe2, 0x27, 0x80, 0xf,
    0xfe, 0x4, 0x38, 0x89, 0xe0, 0x2, 0x30, 0xf,
    0xfe, 0x3, 0x0, 0x66, 0x0, 0xff, 0xe0, 0x30,
    0x6, 0x60, 0x8, 0x40, 0x3f, 0xfd, 0xc, 0x1,
    0x98, 0x3, 0xff, 0x80, 0xc0, 0x19, 0x80, 0x21,
    0x0, 0xfc, 0x40, 0x14, 0x38, 0x89, 0xe0, 0x3,
    0xff, 0x81, 0xe, 0x22, 0x78, 0x0, 0x8c, 0x3,
    0xf3, 0x80, 0x68, 0xee, 0x40, 0x7, 0xff, 0xa,
    0x3b, 0x90, 0x1, 0x90, 0x3, 0xf6, 0x0, 0x7f,
    0xf4, 0xb0, 0x3, 0xf3, 0x80, 0x7f, 0xf4, 0x94,
    0x3, 0xf0, 0xa8, 0x7, 0xff, 0x41, 0x40, 0x3f,
    0xd0, 0x1, 0xff, 0xd0, 0x80, 0xf, 0xf1, 0x38,
    0x7, 0xff, 0x39, 0xc8, 0x3, 0xfe, 0x82, 0x0,
    0xff, 0xe6, 0x14, 0x0, 0x7f, 0xf0, 0x7c, 0x40,
    0x3f, 0xf9, 0x43, 0xe0, 0x1f, 0xfc, 0x22, 0xd1,
    0x0, 0xff, 0xe4, 0xe, 0x90, 0x7, 0xff, 0xc,
    0xf0, 0x80, 0x3f, 0xf8, 0xc5, 0x86, 0x1, 0xff,
    0xc5, 0x2d, 0x70, 0xf, 0xfe, 0x23, 0xe9, 0x0,
    0x7f, 0xf2, 0x23, 0x54, 0x3, 0xff, 0x80, 0xbb,
    0x0, 0x1f, 0xfc, 0xb2, 0xae, 0x95, 0x20, 0xc,
    0x4b, 0x3f, 0x44, 0x1, 0xff, 0xc0, 0x20, 0xf,
    0xfe, 0x8, 0xb5, 0x6f, 0xfe, 0xda, 0x60, 0xf,
    0xfe, 0x11, 0x50, 0x7, 0xff, 0x69, 0x5d, 0x0,
    0x3f, 0xfb, 0x7, 0x1, 0x70, 0x40, 0x1f, 0xfd,
    0x42, 0x7c, 0x0,

    /* U+F1109 "󱄉" */
    0x0, 0x3e, 0xff, 0xff, 0xf5, 0x35, 0xc0, 0x2b,
    0x82, 0x0, 0xff, 0xea, 0x14, 0x58, 0x3a, 0x0,
    0x7f, 0xf6, 0x11, 0xe8, 0x3, 0xff, 0xb5, 0x44,
    0x1, 0xff, 0xc2, 0x59, 0xde, 0xff, 0x76, 0xca,
    0x80, 0x7f, 0xf0, 0x88, 0x3, 0xff, 0x80, 0x55,
    0xf4, 0xc4, 0x20, 0x1, 0x26, 0xaf, 0xa2, 0x0,
    0xff, 0xe5, 0xc6, 0xa8, 0x7, 0xff, 0x1, 0x76,
    0x0, 0x3f, 0xf9, 0x5, 0xae, 0x1, 0xff, 0xc4,
    0x7d, 0x20, 0xf, 0xfe, 0x29, 0xe1, 0x0, 0x7f,
    0xf1, 0x8b, 0xc, 0x3, 0xff, 0x86, 0x5a, 0x20,
    0x1f, 0xfc, 0x81, 0xd2, 0x0, 0xff, 0xe1, 0x78,
    0x80, 0x7f, 0xf2, 0x87, 0xc0, 0x3f, 0xf8, 0x30,
    0x40, 0x1f, 0xfc, 0xc2, 0x80, 0xf, 0xf8, 0x9c,
    0x3, 0xff, 0x9c, 0xe4, 0x1, 0xfe, 0x80, 0xf,
    0xfe, 0x84, 0x0, 0x7f, 0x94, 0x3, 0xff, 0xa0,
    0xa0, 0x1f, 0xcc, 0x1, 0xf7, 0xfe, 0x0, 0xfd,
    0xff, 0x80, 0x3e, 0x50, 0xf, 0xd8, 0x1, 0xff,
    0xd2, 0xc0, 0xf, 0xce, 0x1, 0xff, 0xd2, 0x40,
    0xf, 0xc6, 0x1, 0xff, 0xd2, 0x30, 0xf, 0xc2,
    0x1, 0xff, 0xd2, 0x10, 0xf, 0xff, 0x20, 0x80,
    0x7f, 0xf4, 0x84, 0x3, 0xf1, 0x80, 0x7f, 0xf4,
    0x8c, 0x3, 0xf3, 0x80, 0x7f, 0xf4, 0x90, 0x3,
    0xf6, 0x0, 0x7f, 0xf4, 0xb0, 0x3, 0xf3, 0x80,
    0x7d, 0xff, 0x80, 0x3f, 0x7f, 0xe0, 0xf, 0x94,
    0x3, 0xf0, 0xa8, 0x7, 0xff, 0x41, 0x40, 0x3f,
    0xd0, 0x1, 0xff, 0xd0, 0x80, 0xf, 0xf1, 0x38,
    0x7, 0xff, 0x39, 0xc8, 0x3, 0xfe, 0x82, 0x0,
    0xff, 0xe6, 0x14, 0x0, 0x7f, 0xf0, 0x7c, 0x40,
    0x3f, 0xf9, 0x43, 0xe0, 0x1f, 0xfc, 0x22, 0xd1,
    0x0, 0xff, 0xe4, 0xe, 0x90, 0x7, 0xff, 0xc,
    0xf0, 0x80, 0x3f, 0xf8, 0xc5, 0x86, 0x1, 0xff,
    0xc5, 0x2d, 0x70, 0xf, 0xfe, 0x23, 0xe9, 0x0,
    0x7f, 0xf2, 0x23, 0x54, 0x3, 0xff, 0x80, 0xbb,
    0x0, 0x1f, 0xfc, 0xb2, 0xae, 0x95, 0x21, 0x0,
    0x9, 0x2c, 0xfd, 0x10, 0x7, 0xff, 0x0, 0x80,
    0x3f, 0xf8, 0x22, 0xd5, 0xbd, 0xfe, 0xed, 0xa6,
    0x0, 0xff, 0xe1, 0x15, 0x0, 0x7f, 0xf6, 0xa9,
    0xd0, 0x3, 0xff, 0xb0, 0x8e, 0x17, 0x4, 0x1,
    0xff, 0xd4, 0x28, 0xb0,

    /* U+F11C0 "󱇀" */
    0x0, 0xff, 0x7f, 0xff, 0xf2, 0x0, 0x3f, 0xff,
    0xe0, 0x1f, 0xff, 0xf0, 0xf, 0xff, 0xf8, 0x7,
    0xff, 0xfc, 0x3, 0xff, 0xfe, 0x1, 0xff, 0xf3,
    0xff, 0xc0, 0x1f, 0xfe, 0x6f, 0xfc, 0x1, 0xff,
    0xc8, 0xff, 0xc0, 0x1f, 0xff, 0xf0, 0xf, 0xff,
    0xf8, 0x7, 0xff, 0xfc, 0x3, 0xff, 0xfe, 0x1,
    0xff, 0xff, 0x0, 0xff, 0xe7, 0xff, 0xf3, 0x80,
    0x7f, 0xf1, 0x1f, 0xff, 0x80, 0x37, 0xfe, 0x0,
    0xff, 0xe0, 0x42, 0x80, 0x7f, 0xf0, 0x96, 0x0,
    0x3f, 0xf9, 0xd4, 0x60, 0x1f, 0xfc, 0x3, 0xa0,
    0xf, 0xfe, 0x86, 0x90, 0x7, 0xf8, 0xb4, 0x3,
    0xff, 0xa2, 0x3e, 0x20, 0x1f, 0x87, 0xc4, 0x3,
    0xfe, 0xff, 0xc0, 0x1f, 0xfc, 0x32, 0xd0, 0xf,
    0xda, 0x40, 0x1f, 0xfd, 0x43, 0xa0, 0xf, 0x51,
    0x80, 0x7f, 0xf5, 0x96, 0x40, 0x34, 0xa8, 0x7,
    0xff, 0x61, 0xbf, 0xf3, 0x0, 0x7f, 0xf0, 0xff,
    0xf0, 0x7, 0xff, 0xcb, 0xff, 0x0, 0x7f, 0xff,
    0xc0, 0x3c, 0x20, 0x10, 0x80, 0x7f, 0xf6, 0x46,
    0xc0, 0x22, 0x0, 0xff, 0xe4, 0xff, 0xff, 0xf1,
    0x39, 0x40, 0x2b, 0x0, 0xff, 0xee, 0x93, 0x80,
    0x7f, 0xf7, 0xb, 0xc0, 0x3f, 0xfb, 0x42, 0x71,
    0xa4, 0x1, 0xff, 0xca,

    /* U+F1274 "󱉴" */
    0x2, 0xaf, 0xff, 0xfe, 0x95, 0x10, 0x16, 0x28,
    0x7, 0xff, 0x49, 0x70, 0xa4, 0x40, 0x3f, 0xfa,
    0x83, 0x8, 0x1, 0xff, 0xd6, 0x50, 0xd, 0xff,
    0xff, 0xd0, 0x0, 0xff, 0xff, 0x80, 0x7f, 0xff,
    0xc0, 0x3f, 0xff, 0xe0, 0x1f, 0xff, 0xf0, 0xf,
    0xff, 0xf8, 0x7, 0xff, 0xfc, 0x3, 0xff, 0xfe,
    0x1, 0xff, 0xff, 0x0, 0xff, 0xff, 0x80, 0x7f,
    0xf1, 0x7f, 0xff, 0xc0, 0x1f, 0xbf, 0xff, 0xc0,
    0x1f, 0xff, 0xf0, 0xf, 0xfe, 0x1a, 0x0, 0x79,
    0x0, 0x3f, 0xf8, 0xdf, 0xfe, 0x60, 0xa, 0x40,
    0x3d, 0x20, 0x13, 0x7f, 0xf8, 0x3, 0xff, 0x85,
    0x60, 0x11, 0x6a, 0x0, 0x13, 0x48, 0x2, 0xb0,
    0xf, 0xfe, 0x41, 0x38, 0x4, 0x57, 0xfe, 0xb2,
    0x0, 0x9c, 0x80, 0x3f, 0xf9, 0x30, 0xa0, 0x1f,
    0xe5, 0x80, 0xf, 0xfe, 0x1f, 0xff, 0xe5, 0x0,
    0xff, 0x2f, 0xff, 0xe0, 0xc, 0x80, 0x1f, 0xfd,
    0x65, 0x91, 0x0, 0xff, 0xea, 0xc, 0x16, 0x20,
    0x7, 0xff, 0x49, 0x30, 0x80,

    /* U+F1276 "󱉶" */
    0x7, 0xdf, 0xff, 0x80, 0x3f, 0xf9, 0x1f, 0xff,
    0x6b, 0x83, 0xc1, 0x0, 0x7f, 0xf5, 0x8a, 0x1e,
    0x80, 0x3f, 0xfb, 0x54, 0x40, 0x1f, 0xfd, 0xa2,
    0x0, 0xdf, 0xfe, 0x0, 0xff, 0xe4, 0x7f, 0xf8,
    0x3, 0xff, 0xfe, 0x1, 0xff, 0xf2, 0x4a, 0xdf,
    0xf6, 0xd2, 0x0, 0x7f, 0xf4, 0x8b, 0x2d, 0x48,
    0x0, 0x4b, 0x78, 0x40, 0x1f, 0xfc, 0x5f, 0xfc,
    0x1, 0xe4, 0xd3, 0x0, 0xfc, 0x7a, 0x80, 0x1f,
    0xfc, 0xf, 0xfc, 0x1, 0xfc, 0x56, 0x1, 0xff,
    0xc0, 0xb2, 0x0, 0xff, 0xe6, 0x70, 0x6, 0x4b,
    0xee, 0x5a, 0x0, 0x6e, 0x0, 0xff, 0xe5, 0xa1,
    0x80, 0x4f, 0x68, 0x22, 0x4b, 0x70, 0x8, 0xd0,
    0x3, 0xff, 0x95, 0xc0, 0x12, 0x40, 0x7, 0xa1,
    0x0, 0x2e, 0x0, 0xff, 0xe5, 0x38, 0x5, 0xe0,
    0x1f, 0xbc, 0x2, 0x70, 0xf, 0xfe, 0x51, 0x0,
    0x4a, 0x1, 0xf9, 0x40, 0x22, 0x0, 0xff, 0xf9,
    0x10, 0x4, 0xa0, 0x1f, 0x94, 0x2, 0x20, 0xf,
    0xfe, 0x53, 0x80, 0x5e, 0x1, 0xfb, 0xc0, 0x27,
    0x0, 0xff, 0xe5, 0x70, 0x4, 0x90, 0x1, 0xe8,
    0x40, 0xb, 0x80, 0x3f, 0xf9, 0x48, 0x60, 0x13,
    0xda, 0x8, 0x92, 0xdc, 0x2, 0x34, 0x0, 0xff,
    0xe5, 0xf0, 0x6, 0x4b, 0xee, 0x5a, 0x0, 0x63,
    0x50, 0xf, 0xfe, 0x59, 0x58, 0x7, 0xff, 0xa,
    0x94, 0x3, 0xff, 0x96, 0x9a, 0x60, 0x1f, 0x8c,
    0x3, 0x52, 0x80, 0x7f, 0xf2, 0xcb, 0x2d, 0x48,
    0x0, 0x4b, 0x79, 0x40, 0x1a, 0x94, 0x3, 0xff,
    0x98, 0x95, 0xbf, 0xed, 0xa4, 0x5, 0xa0, 0xd,
    0x4a, 0x1, 0xff, 0xd5, 0x5a, 0x0, 0xd4, 0xa0,
    0x1f, 0xfd, 0x55, 0xa0, 0xd, 0x0, 0x1f, 0xfd,
    0x65, 0xa0, 0x0, 0xe0, 0x7, 0xf7, 0xfe, 0x0,
    0xff, 0xe5, 0x2d, 0x17, 0x88, 0x7, 0x7f, 0xe0,
    0xf, 0xfe, 0x7a, 0xe8, 0x80, 0x7f, 0xff, 0xc0,
    0x3f, 0xff, 0xe0, 0x1f, 0xfc, 0xcf, 0xff, 0x0,
    0x7f, 0xf2, 0x3f, 0xfc, 0x1, 0x88, 0x3, 0xff,
    0xb4, 0x54, 0x1, 0xff, 0xda, 0xa7, 0x82, 0x0,
    0xff, 0xeb, 0x14, 0x38,

    /* U+F128D "󱊍" */
    0x0, 0xe2, 0xaf, 0xff, 0x59, 0x0, 0x78, 0xaf,
    0xff, 0xd4, 0x40, 0x1f, 0xc5, 0x8a, 0x1, 0xe4,
    0xd2, 0x0, 0xc5, 0xa8, 0x1, 0xe5, 0xc2, 0x0,
    0xfd, 0x2, 0x1, 0xfd, 0x20, 0x1a, 0x40, 0x3f,
    0x86, 0x0, 0x3f, 0x20, 0x7, 0xf9, 0x0, 0x32,
    0x0, 0x7f, 0x90, 0x3, 0xf0, 0x80, 0x7f, 0xf3,
    0x84, 0x3, 0xff, 0xb9, 0xff, 0x80, 0x3f, 0xf8,
    0x1f, 0xf8, 0x3, 0xff, 0x81, 0xff, 0x80, 0x3f,
    0xff, 0xe0, 0x1f, 0xfd, 0x9f, 0xff, 0xfe, 0x80,
    0x7, 0xff, 0xfc, 0x3, 0xff, 0xfe, 0x1, 0xff,
    0xff, 0x0, 0xff, 0xff, 0x80, 0x7f, 0xff, 0xc0,
    0x3f, 0xff, 0xe0, 0x1f, 0xff, 0xf0, 0xf, 0xff,
    0xf8, 0x7, 0xff, 0xfc, 0x3, 0xff, 0x8b, 0xff,
    0xff, 0xd0, 0x0, 0xff, 0xff, 0x80, 0x7f, 0xf6,
    0x7f, 0xff, 0xfb, 0x0,

    /* U+F1323 "󱌣" */
    0x0, 0xff, 0xe0, 0x93, 0x44, 0x14, 0x3, 0xff,
    0xad, 0x3b, 0x2e, 0xea, 0xe4, 0x0, 0xfc, 0xb5,
    0x98, 0x94, 0x0, 0xff, 0xe2, 0xe3, 0x0, 0x70,
    0xe8, 0x7, 0x8f, 0x69, 0x4c, 0xcd, 0xc0, 0x1f,
    0xfc, 0x4c, 0x30, 0xf, 0x2c, 0x80, 0x71, 0xe1,
    0x0, 0x65, 0xa0, 0xf, 0xfe, 0x1e, 0x18, 0x7,
    0x96, 0x80, 0x3d, 0xa0, 0x1c, 0xb4, 0x1, 0xff,
    0xc3, 0xc3, 0x0, 0xf2, 0xd0, 0x7, 0x98, 0x40,
    0x32, 0xd0, 0x6, 0x55, 0x0, 0x7f, 0x61, 0x80,
    0x7d, 0x60, 0x1f, 0x50, 0x6, 0x5a, 0x0, 0xcb,
    0x5c, 0x1, 0xfb, 0xc, 0x3, 0xf6, 0x88, 0x7,
    0x88, 0x3, 0x58, 0x6, 0x5a, 0x5, 0x0, 0xfb,
    0xc, 0x3, 0xf8, 0xf4, 0x40, 0x38, 0x40, 0x36,
    0x8, 0x1, 0x68, 0x0, 0x20, 0x1e, 0x43, 0x0,
    0xff, 0x8d, 0x40, 0x38, 0x80, 0x31, 0x60, 0xad,
    0x0, 0x44, 0x1, 0xe4, 0xa0, 0xf, 0xfa, 0x10,
    0x3, 0x84, 0x3, 0x8b, 0xe8, 0x3, 0x20, 0x7,
    0xcb, 0x40, 0x1f, 0xe9, 0x20, 0xd, 0x26, 0x1,
    0xe1, 0x0, 0xeb, 0x0, 0xb3, 0xff, 0x50, 0x7,
    0xf8, 0x70, 0x80, 0x12, 0xc0, 0x1f, 0xfc, 0x8,
    0x20, 0x4, 0x18, 0x7, 0x88, 0x3, 0xf8, 0x70,
    0xa1, 0x80, 0x3f, 0xf8, 0x10, 0xe0, 0x14, 0x20,
    0x7, 0x9e, 0xc0, 0x3f, 0x87, 0x5c, 0x3, 0xc2,
    0x1, 0x97, 0x1c, 0x3, 0xad, 0x0, 0x3c, 0x96,
    0x15, 0x20, 0x1f, 0xfc, 0x12, 0xff, 0x77, 0x3e,
    0x8c, 0x3, 0xeb, 0x40, 0xf, 0x27, 0x2b, 0x48,
    0x7, 0xfc, 0x58, 0x20, 0x22, 0x0, 0xff, 0xad,
    0x0, 0x3c, 0x20, 0x6, 0x90, 0xf, 0xe2, 0xc1,
    0x0, 0xff, 0xe2, 0x59, 0x80, 0x7f, 0x32, 0x0,
    0x7c, 0x58, 0x20, 0x1f, 0xfc, 0x6c, 0x30, 0xf0,
    0xf, 0x42, 0x0, 0x78, 0xb0, 0x40, 0x3f, 0xf9,
    0x19, 0x6a, 0x1, 0xd0, 0xe0, 0x1e, 0x2c, 0x10,
    0xf, 0xfe, 0x52, 0x0, 0x74, 0x38, 0x7, 0x8b,
    0x4, 0x2, 0x62, 0x0, 0xff, 0xe5, 0xc3, 0x80,
    0x78, 0xb0, 0x40, 0x27, 0x9c, 0x20, 0xf, 0xfe,
    0x4c, 0x38, 0x7, 0x8b, 0x4, 0x2, 0x68, 0x1,
    0xc2, 0x0, 0xff, 0xe3, 0xc3, 0x80, 0x78, 0xb0,
    0x40, 0x26, 0x90, 0x8, 0x70, 0x80, 0x3f, 0xf8,
    0xb0, 0xe0, 0x1e, 0x2c, 0x10, 0x8, 0xe4, 0x3,
    0x87, 0x8, 0x3, 0xff, 0x87, 0xe, 0x1, 0xe2,
    0xc1, 0x0, 0xc7, 0x0, 0x1e, 0x1c, 0x20, 0xf,
    0xfe, 0xc, 0x38, 0x7, 0x8b, 0x4, 0x3, 0xcf,
    0x0, 0x1e, 0x1c, 0x20, 0xf, 0xfa, 0x1c, 0x3,
    0xc5, 0x82, 0x1, 0xf9, 0xe0, 0x3, 0xc3, 0x84,
    0x1, 0xfd, 0xe, 0x1, 0xe2, 0xc1, 0x0, 0xff,
    0x3c, 0x0, 0x78, 0x70, 0x80, 0x3e, 0x87, 0x0,
    0xf1, 0x60, 0x80, 0x7f, 0xf0, 0x1e, 0x0, 0x3c,
    0x38, 0x40, 0x1d, 0xe, 0x1, 0xe2, 0xc1, 0x0,
    0xff, 0xe1, 0x3c, 0x0, 0x78, 0x70, 0x80, 0x28,
    0x70, 0xf, 0x16, 0x8, 0x7, 0xff, 0x11, 0xe0,
    0x3, 0xc3, 0x84, 0x2, 0xc0, 0x1e, 0x2c, 0x10,
    0xf, 0xfe, 0x33, 0xc0, 0x7, 0x85, 0x40, 0x70,
    0x40, 0x31, 0x60, 0x80, 0x7f, 0xf2, 0x1e, 0x0,
    0x39, 0xdc, 0x0, 0x2c, 0x10, 0x1, 0x60, 0x80,
    0x7f, 0xf2, 0x9e, 0x0, 0x26, 0x80, 0xc, 0x58,
    0x25, 0x82, 0x1, 0xff, 0xcc, 0x78, 0x6, 0x90,
    0xf, 0x16, 0x60, 0x40, 0x3f, 0xf9, 0xcf, 0x72,
    0x1, 0x0,

    /* U+F1425 "󱐥" */
    0x0, 0xdf, 0xf8, 0x3, 0xf7, 0xfe, 0x0, 0xff,
    0xff, 0x80, 0x7f, 0xff, 0xc0, 0x3f, 0xf9, 0x63,
    0x5e, 0x1, 0xbf, 0xff, 0x0, 0x6f, 0xa1, 0x1,
    0xc5, 0x0, 0xff, 0xe3, 0x2e, 0xd, 0x90, 0x7,
    0xff, 0x20, 0xa1, 0x40, 0x3f, 0xf9, 0x4e, 0x1,
    0xbf, 0xff, 0xf8, 0x80, 0x10, 0x80, 0x7f, 0xff,
    0xc0, 0x3f, 0xff, 0xe0, 0x1f, 0xfe, 0x23, 0x0,
    0xff, 0xe1, 0x18, 0x7, 0xec, 0x30, 0xf, 0xfe,
    0x1, 0xe0, 0x6, 0x80, 0xd, 0x86, 0x1, 0xfe,
    0x3c, 0x0, 0xd0, 0xf0, 0x1, 0xb0, 0xc0, 0x3f,
    0x1e, 0x0, 0x68, 0x70, 0x78, 0x0, 0xd8, 0x60,
    0x1e, 0x3c, 0x0, 0xd0, 0xe0, 0x13, 0xc0, 0x6,
    0xc3, 0x0, 0xc7, 0x80, 0x1a, 0x1c, 0x3, 0x9e,
    0x0, 0x36, 0x18, 0x0, 0xf0, 0x3, 0x43, 0x80,
    0x7c, 0xf0, 0x1, 0xb3, 0xfd, 0x80, 0x1a, 0x1c,
    0x3, 0xf9, 0xe0, 0x3, 0xfd, 0xe, 0x1, 0xff,
    0x38, 0x7, 0xf9, 0xc0, 0x3f, 0xff, 0xe0, 0x1f,
    0xfe, 0x70,

    /* U+F147D "󱑽" */
    0x0, 0xff, 0xf4, 0x91, 0x0, 0x3f, 0xfb, 0x4c,
    0xc0, 0xf, 0xfe, 0xd1, 0x10, 0x3, 0xfc, 0x44,
    0x0, 0xff, 0xe7, 0x8, 0x80, 0x3f, 0xcc, 0xc0,
    0xf, 0xfe, 0x77, 0x70, 0x3, 0xfc, 0x44, 0x0,
    0xff, 0xe5, 0x8, 0x4, 0x44, 0x0, 0xff, 0x77,
    0x0, 0x3f, 0xf9, 0x4a, 0x60, 0x6, 0x60, 0x7,
    0xf8, 0x88, 0x1, 0xff, 0xca, 0x35, 0x0, 0x19,
    0x80, 0x3f, 0xcc, 0xc0, 0xf, 0xfe, 0x57, 0x78,
    0x0, 0x44, 0x1, 0xfe, 0x22, 0x0, 0x7f, 0xf2,
    0x94, 0x80, 0x80, 0x4, 0x2, 0x40, 0x1e, 0x11,
    0x0, 0x7f, 0xf2, 0x89, 0x41, 0x80, 0xc, 0x8,
    0x80, 0xe, 0x20, 0x1, 0x0, 0x7f, 0xf2, 0x4,
    0x78, 0x0, 0x21, 0x98, 0x0, 0xe6, 0x0, 0x30,
    0x11, 0x0, 0x3f, 0xf8, 0xaa, 0x0, 0x52, 0x0,
    0x10, 0x22, 0x0, 0x38, 0x80, 0x4, 0xb, 0x40,
    0x1f, 0xfc, 0x52, 0x0, 0x17, 0x0, 0x38, 0x88,
    0x24, 0x8, 0x61, 0xc0, 0xe, 0xa, 0x50, 0xf,
    0xfe, 0x2f, 0x80, 0x3c, 0x80, 0x4, 0x80, 0x4,
    0x8, 0x80, 0x10, 0x0, 0x8b, 0x80, 0x3f, 0xf8,
    0x2f, 0x0, 0xa0, 0x5, 0x70, 0x3, 0xe0, 0x3,
    0x10, 0xd0, 0xd8, 0x0, 0xd4, 0x0, 0x50, 0x88,
    0x0, 0x7f, 0x3c, 0x3b, 0x88, 0x0, 0x44, 0x0,
    0x12, 0x0, 0x1f, 0xc0, 0x1e, 0x40, 0x2, 0x50,
    0x5, 0x3b, 0xd0, 0x1, 0xe3, 0xb8, 0x0, 0x40,
    0x80, 0x4, 0x40, 0x1, 0x10, 0x0, 0x90, 0x0,
    0x62, 0x0, 0x12, 0x0, 0x14, 0x0, 0x1e, 0xcc,
    0x0, 0x77, 0x88, 0x1, 0xff, 0xd4, 0x4c, 0xb3,
    0x0, 0xff, 0xee, 0x1d, 0xe2, 0x0, 0x7f, 0xf5,
    0x13, 0x2c, 0xc0, 0x7, 0x6e, 0x0, 0x81, 0x0,
    0x8, 0x80, 0x2, 0x20, 0x1, 0x20, 0x0, 0xc4,
    0x0, 0x24, 0x0, 0x28, 0x0, 0x45, 0x98, 0x7,
    0xa1, 0xde, 0x20, 0x1, 0x10, 0x0, 0x48, 0x0,
    0x7f, 0x0, 0x79, 0x0, 0x9, 0x40, 0x14, 0xee,
    0x87, 0x0, 0xfe, 0x88, 0x2, 0x80, 0x15, 0xc0,
    0xf, 0x80, 0xc, 0x43, 0x43, 0x60, 0x3, 0x50,
    0x1, 0x42, 0x1c, 0x3, 0xff, 0x83, 0xe0, 0xf,
    0x20, 0x1, 0x20, 0x1, 0x2, 0x20, 0x4, 0x0,
    0x22, 0xe0, 0xf, 0xfe, 0x21, 0x0, 0xb, 0x80,
    0x1c, 0x44, 0x12, 0x4, 0x30, 0xe0, 0x7, 0x5,
    0x28, 0x7, 0xff, 0x15, 0x40, 0xa, 0x40, 0x2,
    0x4, 0x40, 0x7, 0x10, 0x0, 0x81, 0x68, 0x3,
    0xff, 0x8a, 0x23, 0xc0, 0x1, 0xc, 0xc0, 0x7,
    0x30, 0x1, 0x80, 0x88, 0x1, 0xff, 0xc6, 0x25,
    0x6, 0x0, 0x30, 0x22, 0x0, 0x38, 0x80, 0x4,
    0x1, 0xff, 0xc9, 0x52, 0x2, 0x0, 0x10, 0x9,
    0x0, 0x78, 0x44, 0x1, 0xff, 0xca, 0xef, 0x0,
    0x8, 0x80, 0x3f, 0xc4, 0x40, 0xf, 0xfe, 0x51,
    0xa8, 0x0, 0xcc, 0x1, 0xfe, 0x66, 0x0, 0x7f,
    0xf2, 0x94, 0xc0, 0xc, 0xc0, 0xf, 0xf1, 0x10,
    0x3, 0xff, 0x94, 0x20, 0x11, 0x10, 0x3, 0xfd,
    0xdc, 0x0, 0xff, 0xe7, 0x77, 0x0, 0x3f, 0xc4,
    0x40, 0xf, 0xfe, 0x70, 0x88, 0x3, 0xfc, 0xcc,
    0x0, 0xff, 0xe7, 0x11, 0x0, 0x3f, 0xc6, 0x40,
    0x1f, 0xfc, 0xe6, 0x60, 0x7, 0xf8, 0x40, 0x3f,
    0xf9, 0xe4, 0x40, 0xf, 0xfe, 0x68,

    /* U+F14F1 "󱓱" */
    0xff, 0xff, 0xee, 0x0, 0x7f, 0xff, 0xc0, 0x3f,
    0xfc, 0xbf, 0xf8, 0x1, 0xff, 0x80, 0x3f, 0xf8,
    0x1f, 0xf8, 0x1, 0xff, 0x80, 0x3f, 0xf8, 0xc8,
    0x1, 0xfe, 0x50, 0xf, 0xfe, 0x84, 0x88, 0x7,
    0xe1, 0x80, 0xf, 0xfe, 0x81, 0x62, 0x0, 0x79,
    0x30, 0x80, 0x3f, 0xfa, 0x25, 0x7f, 0xfe, 0xb2,
    0x0, 0xff, 0xff, 0x80, 0x7f, 0xfd, 0x3f, 0xf0,
    0x3, 0xff, 0xff, 0x90, 0x0, 0xff, 0xc0, 0x1f,
    0xff, 0xf0, 0xf, 0xff, 0x28,

    /* U+F14FF "󱓿" */
    0x0, 0x3e, 0xff, 0xff, 0xf5, 0x35, 0xc0, 0x2b,
    0x82, 0x0, 0xff, 0xea, 0x14, 0x58, 0x3a, 0x0,
    0x7f, 0xf6, 0x11, 0xe8, 0x3, 0xff, 0xb5, 0x44,
    0x1, 0xff, 0xc2, 0x59, 0xde, 0xff, 0x76, 0xca,
    0x80, 0x7f, 0xf0, 0x88, 0x3, 0xff, 0x80, 0x55,
    0xf4, 0xc4, 0x20, 0x1, 0x26, 0xaf, 0xa2, 0x0,
    0xff, 0xe5, 0xc6, 0xa8, 0x7, 0xff, 0x1, 0x76,
    0x0, 0x3f, 0xf9, 0x5, 0xae, 0x1, 0xff, 0xc4,
    0x7d, 0x20, 0xf, 0xfe, 0x29, 0xe1, 0x0, 0x7d,
    0x1d, 0xc8, 0x0, 0xf8, 0xb0, 0xc0, 0x3f, 0xf8,
    0x65, 0xa2, 0x1, 0xf4, 0x38, 0x89, 0xe0, 0x3,
    0xe1, 0xd2, 0x0, 0xff, 0xe1, 0x78, 0x80, 0x7e,
    0x60, 0xc, 0xc0, 0x1f, 0x87, 0xc0, 0x3f, 0xf8,
    0x30, 0x40, 0x1f, 0xfc, 0xc2, 0x80, 0xf, 0xf8,
    0x9c, 0x3, 0xfc, 0xc0, 0x19, 0x80, 0x3f, 0xce,
    0x40, 0x1f, 0xe8, 0x0, 0xff, 0xa1, 0xc4, 0x4f,
    0x0, 0x1f, 0xf4, 0x0, 0x7f, 0x94, 0x3, 0xff,
    0x81, 0x1d, 0xc8, 0x0, 0xff, 0xe0, 0x28, 0x7,
    0xf3, 0x0, 0x7f, 0xf4, 0x94, 0x3, 0xf6, 0x0,
    0x7f, 0xf4, 0xb0, 0x3, 0xf3, 0x80, 0x7f, 0xf0,
    0x63, 0xb9, 0x0, 0x1f, 0xfc, 0x14, 0x0, 0xfc,
    0x60, 0x1f, 0xfc, 0x8, 0x71, 0x13, 0xc0, 0x7,
    0xff, 0x0, 0xc0, 0x3f, 0x8, 0x7, 0xff, 0x1,
    0x80, 0x33, 0x0, 0x7f, 0xf0, 0x4, 0x3, 0xff,
    0xc8, 0x20, 0x1f, 0xfc, 0x6, 0x0, 0xcc, 0x1,
    0xff, 0xc0, 0x10, 0xf, 0xc6, 0x1, 0xff, 0xc0,
    0x87, 0x11, 0x3c, 0x0, 0x7f, 0xf0, 0xc, 0x3,
    0xf3, 0x80, 0x7f, 0xf0, 0x63, 0xb9, 0x0, 0x1f,
    0xfc, 0x14, 0x0, 0xfd, 0x80, 0x1f, 0xfd, 0x2c,
    0x0, 0xfc, 0xe0, 0x1f, 0xfd, 0x25, 0x0, 0xfc,
    0x2a, 0x1, 0xff, 0xc0, 0x8e, 0xe4, 0x0, 0x7f,
    0xf0, 0x14, 0x3, 0xfd, 0x0, 0x1f, 0xf4, 0x38,
    0x89, 0xe0, 0x3, 0xfe, 0x80, 0xf, 0xf1, 0x38,
    0x7, 0xf9, 0x80, 0x33, 0x0, 0x7f, 0x9c, 0x80,
    0x3f, 0xe8, 0x20, 0xf, 0xfe, 0x61, 0x40, 0x7,
    0xff, 0x7, 0xc4, 0x3, 0xf3, 0x0, 0x66, 0x0,
    0xfc, 0x3e, 0x1, 0xff, 0xc2, 0x2d, 0x10, 0xf,
    0xa1, 0xc4, 0x4f, 0x0, 0x1f, 0xe, 0x90, 0x7,
    0xff, 0xc, 0xf0, 0x80, 0x3e, 0x8e, 0xe4, 0x0,
    0x7c, 0x58, 0x60, 0x1f, 0xfc, 0x52, 0xd7, 0x0,
    0xff, 0xe2, 0x3e, 0x90, 0x7, 0xff, 0x22, 0x35,
    0x40, 0x3f, 0xf8, 0xb, 0xb0, 0x1, 0xff, 0xcb,
    0x2a, 0xe9, 0x52, 0x10, 0x0, 0x92, 0xcf, 0xd1,
    0x0, 0x7f, 0xf0, 0x8, 0x3, 0xff, 0x82, 0x2d,
    0x5b, 0xdf, 0xee, 0xda, 0x60, 0xf, 0xfe, 0x11,
    0x50, 0x7, 0xff, 0x6a, 0x9d, 0x0, 0x3f, 0xfb,
    0x8, 0xe1, 0x70, 0x40, 0x1f, 0xfd, 0x42, 0x8b,
    0x0,

    /* U+F1531 "󱔱" */
    0x0, 0x18, 0x7, 0xff, 0x75, 0x33, 0x0, 0x1f,
    0xfc, 0x36, 0xce, 0xe6, 0x30, 0x7, 0xff, 0x19,
    0x2c, 0xf, 0x0, 0x3f, 0xf8, 0x3, 0xb2, 0x62,
    0x23, 0x9d, 0x10, 0xf, 0xfe, 0x41, 0xe0, 0x7,
    0xfd, 0x84, 0x1, 0xe2, 0xc0, 0xf, 0xfe, 0x22,
    0x58, 0x4, 0x78, 0x1, 0xfc, 0xe4, 0x1, 0xf8,
    0x9c, 0x3, 0xff, 0x88, 0x96, 0x1, 0x1e, 0x0,
    0x7e, 0xb0, 0x9, 0x3b, 0x88, 0x1, 0x58, 0x7,
    0xff, 0x15, 0x2c, 0x2, 0x3c, 0x0, 0xf8, 0xc0,
    0x29, 0x11, 0x48, 0x4, 0x60, 0x1f, 0xfc, 0x64,
    0xb0, 0x8, 0xf0, 0x3, 0xfc, 0x40, 0x2, 0x0,
    0xff, 0xe5, 0xa5, 0x80, 0x47, 0x80, 0x1c, 0x20,
    0x1f, 0xfd, 0x34, 0xb0, 0x8, 0xf0, 0x3, 0x60,
    0x80, 0x7f, 0xf4, 0xd2, 0xc0, 0x23, 0xc0, 0x8,
    0xb0, 0x40, 0x3f, 0xfa, 0x69, 0x60, 0x11, 0xe0,
    0x4, 0x58, 0x20, 0x1f, 0xfd, 0x34, 0xb0, 0x8,
    0xf0, 0x2, 0x2c, 0x0, 0xff, 0xea, 0x25, 0x80,
    0x47, 0x80, 0x11, 0x13, 0xbf, 0xc0, 0x1f, 0xfd,
    0x14, 0xb0, 0x8, 0xf0, 0x2, 0x2d, 0x10, 0xf,
    0xfe, 0x9a, 0x58, 0x4, 0x78, 0x1, 0x1e, 0x88,
    0x7, 0xff, 0x4d, 0x2c, 0x2, 0x3c, 0x0, 0x8f,
    0x44, 0x3, 0xff, 0xa6, 0x96, 0x1, 0x1e, 0x0,
    0x47, 0xa2, 0x1, 0xff, 0xd3, 0x4b, 0x0, 0x8f,
    0x0, 0x23, 0xd1, 0x0, 0xff, 0xe9, 0xa0, 0x6,
    0x3c, 0x0, 0x8f, 0x44, 0x3, 0xff, 0xb0, 0x78,
    0x1, 0x1e, 0x80, 0x7f, 0xf6, 0x4f, 0x0, 0x23,
    0x0, 0xff, 0xed, 0x1e, 0x0, 0x7f, 0xf5, 0x64,
    0x3, 0xf1, 0xe0, 0x7, 0xff, 0x4e, 0x58, 0x3,
    0xf8, 0xf0, 0x3, 0xff, 0xa2, 0xac, 0x1, 0xff,
    0x1e, 0x0, 0x7f, 0xf4, 0x20, 0x3, 0xff, 0x82,
    0x78, 0x1, 0xff, 0xce, 0x52, 0x0, 0xff, 0xe1,
    0x1e, 0x0, 0x7f, 0xf3, 0x7c, 0x3, 0xff, 0x88,
    0x78, 0x1, 0xff, 0xcc, 0x70, 0xf, 0xfe, 0x29,
    0xe0, 0x7, 0xff, 0x2c, 0x80, 0x3f, 0xf8, 0xc7,
    0x80, 0x1f, 0xfd, 0xe3, 0xc0, 0xf, 0xfe, 0x48,
    0x80, 0x7f, 0xf2, 0xf, 0x0, 0x3f, 0xf9, 0x8,
    0x1, 0xff, 0xc9, 0x3c, 0x0, 0xff, 0xe3, 0xf8,
    0x7, 0xff, 0x19, 0x80, 0x23, 0xc0, 0xf, 0xfe,
    0x32, 0x88, 0x7, 0xff, 0x10, 0xa6, 0x80, 0x23,
    0xc0, 0xf, 0xfe, 0x35, 0x80, 0x7f, 0xf1, 0x24,
    0x16, 0x80, 0x23, 0xc0, 0xf, 0xfe, 0x2a, 0xb0,
    0x7, 0xff, 0x9, 0xd0, 0x0, 0xb4, 0x1, 0x1e,
    0x0, 0x7f, 0xf1, 0x65, 0x80, 0x3f, 0xf8, 0xf,
    0x0, 0x19, 0x68, 0x2, 0x3c, 0x0, 0xff, 0xe2,
    0xcd, 0x8, 0x7, 0xe1, 0xa8, 0x0, 0xf2, 0xd8,
    0x4, 0x78, 0x1, 0xff, 0xc5, 0x5e, 0xa4, 0x10,
    0x1, 0x2d, 0x72, 0x80, 0x7e, 0x4b, 0x0, 0x98,
    0x3, 0xff, 0x8e, 0xb7, 0xdf, 0xed, 0xa5, 0x0,
    0xff, 0x92, 0xc1, 0x68, 0x3, 0xff, 0xb6, 0x99,
    0x40, 0x0,

    /* U+F1542 "󱕂" */
    0x0, 0xff, 0xe6, 0x14, 0xef, 0xfb, 0x64, 0x80,
    0x3f, 0xfa, 0x73, 0xac, 0x40, 0x2, 0x6d, 0x90,
    0xf, 0xfe, 0x8d, 0xb0, 0x7, 0xe6, 0xb0, 0xf,
    0xfe, 0x7c, 0xa0, 0x7, 0xf9, 0x20, 0x3, 0xff,
    0x9a, 0x4c, 0x1, 0xd, 0x77, 0x28, 0x80, 0x27,
    0x20, 0xf, 0xfe, 0x65, 0x0, 0x43, 0xea, 0x22,
    0x5c, 0x20, 0xa, 0xc0, 0x37, 0xff, 0xff, 0x21,
    0xc0, 0x2b, 0x10, 0xc, 0x30, 0x1, 0x37, 0xfe,
    0x0, 0xff, 0xe6, 0x20, 0x7, 0x94, 0x3, 0xff,
    0xf8, 0x80, 0x1e, 0x40, 0xf, 0xdf, 0xff, 0xfc,
    0x86, 0x0, 0xa0, 0x40, 0x30, 0xc8, 0x4, 0xdf,
    0xf8, 0x3, 0xff, 0x91, 0x60, 0x11, 0x62, 0x0,
    0x13, 0x8, 0x2, 0xb0, 0xf, 0xfe, 0x61, 0x30,
    0x4, 0x57, 0xfe, 0xb2, 0x0, 0x98, 0x80, 0x3f,
    0xf9, 0xb2, 0x60, 0x1f, 0xe4, 0x90, 0xf, 0xfe,
    0x7e, 0x30, 0x7, 0xe6, 0xb0, 0xf, 0xfe, 0x8c,
    0xe3, 0x8, 0x0, 0x57, 0x24, 0x3, 0xff, 0xa6,
    0x73, 0xdf, 0xee, 0xa3, 0x0, 0xff, 0xff, 0x80,
    0x7f, 0xfc, 0x4e, 0x77, 0xfd, 0xd2, 0x60, 0x1f,
    0xfd, 0x39, 0xc6, 0x20, 0x0, 0xb6, 0x48, 0x7,
    0xff, 0x46, 0xd8, 0x3, 0xf3, 0x60, 0x7, 0xff,
    0x3e, 0x50, 0x3, 0xfc, 0x72, 0x1, 0xff, 0xcd,
    0x26, 0x0, 0x8a, 0xff, 0xd4, 0x40, 0x13, 0x10,
    0x7, 0xff, 0x32, 0xc0, 0x22, 0xc4, 0x0, 0x2e,
    0x10, 0x5, 0x60, 0x1f, 0xfc, 0x8f, 0xfc, 0xc0,
    0x14, 0x88, 0x6, 0x18, 0x0, 0x9b, 0xff, 0xff,
    0x90, 0x1, 0xf9, 0x0, 0x3c, 0x80, 0x1f, 0xff,
    0xc5, 0x0, 0xf2, 0x0, 0x7f, 0xf3, 0x3f, 0xf3,
    0x0, 0x50, 0x20, 0x18, 0x6c, 0x2, 0x7f, 0xff,
    0xfe, 0x40, 0x6, 0xb0, 0x8, 0xb1, 0x44, 0x4b,
    0xe2, 0x1, 0x50, 0x7, 0xff, 0x30, 0x9c, 0x2,
    0x2a, 0xee, 0x50, 0x80, 0x4c, 0x40, 0x1f, 0xfc,
    0xd8, 0x40, 0xf, 0xf2, 0x48, 0x7, 0xff, 0x3e,
    0xd8, 0x3, 0xf3, 0x58, 0x7, 0xff, 0x46, 0x75,
    0x88, 0x0, 0x4d, 0xb2, 0x1, 0xff, 0xcb,

    /* U+F1543 "󱕃" */
    0x0, 0xf7, 0xfe, 0x0, 0xff, 0xe2, 0x7f, 0xe0,
    0xf, 0xff, 0xf8, 0x7, 0xff, 0xcc, 0xa4, 0x3,
    0x49, 0x0, 0x7f, 0xf3, 0xe7, 0x58, 0x3, 0x36,
    0xc0, 0x7, 0xff, 0x36, 0xd8, 0x3, 0xf3, 0xd8,
    0x7, 0xff, 0x2e, 0x50, 0x3, 0xfc, 0x92, 0x1,
    0xff, 0xc9, 0x36, 0x0, 0x8a, 0xbf, 0xd4, 0x40,
    0x13, 0x10, 0x7, 0xff, 0x22, 0x40, 0x22, 0xc5,
    0x0, 0x2e, 0x10, 0x5, 0x60, 0x1f, 0xfc, 0x84,
    0x0, 0xa4, 0x40, 0x30, 0xc0, 0x4, 0x80, 0x1f,
    0xfc, 0x81, 0x0, 0x90, 0x3, 0xc8, 0x1, 0x10,
    0x7, 0xff, 0xb0, 0x40, 0x25, 0x0, 0xf2, 0x0,
    0x44, 0x1, 0xff, 0xc8, 0x70, 0xa, 0x4, 0x3,
    0xd, 0x80, 0x48, 0x1, 0xff, 0xc8, 0xa0, 0x8,
    0xb1, 0x44, 0x4b, 0xe2, 0x1, 0x58, 0x7, 0xff,
    0x20, 0xd8, 0x2, 0x2a, 0xee, 0x50, 0x80, 0x4c,
    0x40, 0x1f, 0xfc, 0x99, 0x30, 0xf, 0xf2, 0x48,
    0x7, 0xff, 0x2f, 0x18, 0x3, 0xf3, 0x58, 0x7,
    0xff, 0x36, 0x75, 0x80, 0x33, 0xec, 0x80, 0x7c,
    0x50, 0x1, 0xa4, 0x80, 0x3f, 0xf8, 0x5, 0x20,
    0x1a, 0x8, 0x3, 0xe9, 0xd7, 0x0, 0xcd, 0xb2,
    0x1, 0xff, 0xcd, 0xb6, 0x0, 0xfc, 0xd8, 0x1,
    0xff, 0xcb, 0x94, 0x0, 0xff, 0x1c, 0x80, 0x7f,
    0xf2, 0x49, 0x80, 0x21, 0xae, 0xe5, 0x10, 0x4,
    0xc6, 0x1, 0xff, 0xc8, 0xb0, 0x8, 0x7d, 0x44,
    0x4b, 0x84, 0x1, 0x50, 0x7, 0xff, 0x21, 0x0,
    0x2b, 0x10, 0xc, 0x30, 0x1, 0x20, 0x7, 0xff,
    0x20, 0x80, 0x24, 0x0, 0xf2, 0x80, 0x44, 0x1,
    0xff, 0xec, 0x20, 0x9, 0x0, 0x3c, 0x80, 0x10,
    0x80, 0x7f, 0xf2, 0x10, 0x2, 0x81, 0x0, 0xc3,
    0x20, 0x13, 0x80, 0x7f, 0xf2, 0x2c, 0x2, 0x2c,
    0x50, 0x2, 0x61, 0x0, 0x54, 0x1, 0xff, 0xc8,
    0x26, 0x0, 0x8a, 0xbf, 0xd6, 0x40, 0x13, 0x18,
    0x7, 0xff, 0x26, 0x50, 0x3, 0xfc, 0x92, 0x1,
    0xff, 0xcb, 0xb7, 0x0, 0xfc, 0xd6, 0x1, 0xff,
    0xcd, 0x8d, 0x60, 0xc, 0xdb, 0x20, 0x1f, 0xfc,
    0xf2, 0x90, 0xd, 0x24, 0x1, 0xff, 0xff, 0x0,
    0xff, 0xf6, 0x80,

    /* U+F15EE "󱗮" */
    0x1, 0xae, 0xff, 0xff, 0xe4, 0x75, 0x8, 0xf,
    0xa8, 0x80, 0x7f, 0xf2, 0x5, 0x7c, 0x6c, 0x40,
    0x3f, 0xf9, 0x83, 0x68, 0x1, 0xff, 0xce, 0x41,
    0x0, 0xff, 0xe7, 0x8, 0x7, 0xff, 0xfc, 0x3,
    0xff, 0xfe, 0x1, 0xff, 0xff, 0x0, 0xff, 0xff,
    0x80, 0x7f, 0xf0, 0xbf, 0xf0, 0x7, 0xff, 0xfc,
    0x3, 0xff, 0xfe, 0x1, 0xff, 0xff, 0x0, 0xff,
    0xf3, 0xff, 0xe0, 0xf, 0xff, 0xf8, 0x7, 0xff,
    0xfc, 0x3, 0xff, 0xe8, 0x20, 0x1f, 0xfc, 0xe1,
    0x40, 0xf, 0xfe, 0x72, 0x40, 0x80, 0x7f, 0xf3,
    0x6, 0xb, 0x10, 0x3, 0xff, 0x94, 0xb8, 0x40,
    0x57, 0xe0, 0x1b, 0xff, 0xff, 0x80, 0x1, 0xbe,
    0x88, 0x3, 0xff, 0xa2,

    /* U+F16B5 "󱚵" */
    0x0, 0xff, 0xe1, 0x1b, 0x4d, 0xef, 0x7f, 0xdd,
    0xb9, 0x70, 0xa4, 0x1, 0xff, 0xca, 0x16, 0xbf,
    0xc9, 0x64, 0x21, 0x0, 0x84, 0x8d, 0x1e, 0xb7,
    0xe9, 0x44, 0x3, 0xff, 0x88, 0xb7, 0xd2, 0x80,
    0x1f, 0xfc, 0x65, 0xae, 0xb4, 0x0, 0xff, 0xe0,
    0x3f, 0x52, 0x0, 0x7f, 0xf3, 0x12, 0xf5, 0x80,
    0x3f, 0x37, 0x40, 0x80, 0x7f, 0xf3, 0xbf, 0xda,
    0xc0, 0x1e, 0x3d, 0x91, 0x0, 0xff, 0xec, 0xc6,
    0x10, 0x7, 0xf8, 0x51, 0xeb, 0x3b, 0x9f, 0xee,
    0xdc, 0x97, 0x40, 0xf, 0xfe, 0xa, 0x38, 0x7,
    0xf0, 0xbe, 0x75, 0xc2, 0x98, 0x88, 0x0, 0x24,
    0x6d, 0x17, 0xf6, 0xc2, 0x1, 0xfc, 0x8c, 0x1,
    0xf2, 0x5f, 0x41, 0x80, 0x7f, 0xf1, 0x12, 0x7a,
    0x80, 0x37, 0xfe, 0x9, 0x20, 0xc, 0x99, 0x68,
    0x1, 0xff, 0xca, 0x50, 0xf, 0xf7, 0x80, 0x6,
    0xac, 0xc0, 0x3f, 0xfa, 0xe5, 0x4b, 0xea, 0x1,
    0xff, 0xda, 0x5a, 0x10, 0xf, 0xe1, 0x58, 0xbd,
    0xef, 0xf7, 0x6d, 0xc2, 0x88, 0x7, 0xff, 0x39,
    0x73, 0xa9, 0xd0, 0x84, 0x0, 0x24, 0x8f, 0x5d,
    0x6c, 0x1, 0xff, 0xc9, 0x18, 0xea, 0x30, 0xf,
    0xfe, 0x12, 0x4f, 0x38, 0x7, 0xff, 0x19, 0xb9,
    0xc4, 0x3, 0xff, 0x8c, 0x31, 0xc0, 0x1f, 0xfc,
    0x32, 0xc9, 0x0, 0xff, 0xe5, 0x88, 0x7, 0xff,
    0xc, 0x84, 0x3, 0xff, 0xbb, 0xe0, 0x1f, 0x13,
    0x56, 0x77, 0xfb, 0xb2, 0x98, 0x80, 0x3f, 0xf9,
    0x45, 0x40, 0x19, 0x73, 0x65, 0x4c, 0x40, 0x2,
    0x6b, 0x3b, 0x8a, 0x1, 0xff, 0xc9, 0x56, 0x4,
    0xda, 0x30, 0xf, 0xfe, 0x1, 0xd6, 0x98, 0x30,
    0x6, 0xff, 0xc0, 0x1f, 0xe9, 0xab, 0x20, 0xf,
    0xfe, 0x21, 0x65, 0x48, 0x7, 0xff, 0x1d, 0x40,
    0x3f, 0xf9, 0xa, 0x1, 0xff, 0xf8, 0x17, 0xbe,
    0xff, 0x75, 0xb8, 0x80, 0x7f, 0xdf, 0xf8, 0x3,
    0xff, 0x86, 0x35, 0xd0, 0x82, 0x0, 0x14, 0x8e,
    0xa1, 0x0, 0xff, 0xe8, 0x7a, 0x80, 0x7f, 0x97,
    0xc0, 0x3f, 0xfa, 0x10, 0x1, 0xff, 0xc0, 0x80,
    0xf, 0xfe, 0x83, 0x28, 0x7, 0xf9, 0x58, 0x3,
    0xfb, 0xff, 0x0, 0x7f, 0xf1, 0x28, 0x80, 0x3f,
    0x15, 0x0, 0x7f, 0xf4, 0xfc, 0x3, 0xf7, 0x80,
    0x7f, 0xf5, 0xa, 0x40, 0x3d, 0x24, 0x1, 0xff,
    0xd5, 0x65, 0x0, 0xca, 0xc0, 0x1f, 0xfd, 0x7a,
    0x20, 0x1, 0x50, 0x7, 0xff, 0x67, 0xc0, 0x1e,
    0x1, 0xff, 0xda, 0x29, 0x91, 0x0, 0x7f, 0xf1,
    0x80,

    /* U+F16BD "󱚽" */
    0x0, 0xff, 0xe1, 0x1b, 0x4d, 0xef, 0x73, 0xfd,
    0xdc, 0xdb, 0x96, 0x30, 0xf, 0xfe, 0x60, 0xb5,
    0xfe, 0x4b, 0x21, 0x8, 0x80, 0x2, 0x22, 0x46,
    0x9c, 0xfb, 0x61, 0x0, 0xff, 0xe3, 0x2d, 0xf4,
    0xa0, 0x7, 0xff, 0x19, 0x27, 0xad, 0x40, 0x3f,
    0xf8, 0x4f, 0xd4, 0x80, 0x1f, 0xfc, 0xc4, 0xae,
    0x70, 0xf, 0xf3, 0x74, 0x8, 0x7, 0xff, 0x40,
    0x63, 0x98, 0x3, 0xc7, 0xb2, 0x20, 0x1f, 0xfd,
    0x41, 0x9d, 0x30, 0xa, 0x30, 0x80, 0x3f, 0xc2,
    0x8f, 0x59, 0xdf, 0xfb, 0xb2, 0x9d, 0x4, 0x3,
    0xfc, 0x59, 0x0, 0x8e, 0x1, 0xfc, 0x2f, 0x9d,
    0x70, 0xa6, 0x20, 0x18, 0x4d, 0x62, 0xfb, 0x1c,
    0x40, 0x3f, 0x9d, 0x10, 0xc0, 0x1f, 0x25, 0xf4,
    0x18, 0x7, 0xff, 0x10, 0xe3, 0xad, 0x0, 0x3e,
    0x64, 0x9, 0x20, 0xc, 0x99, 0x68, 0x1, 0xff,
    0xca, 0x4b, 0xc4, 0x0, 0xc5, 0x20, 0x17, 0x80,
    0x6, 0xac, 0xc0, 0x3f, 0xf9, 0xc7, 0x74, 0x20,
    0xf, 0x0, 0xc5, 0x4b, 0xea, 0x1, 0xff, 0xd2,
    0x5f, 0x5a, 0x20, 0xe, 0x5a, 0x10, 0xf, 0xe1,
    0x58, 0xbd, 0xef, 0xf7, 0x6d, 0xc2, 0x88, 0x7,
    0xf0, 0xd2, 0x80, 0x7f, 0xf1, 0x17, 0x3a, 0x9d,
    0x8, 0x40, 0x2, 0x48, 0xf5, 0xd8, 0xa0, 0x1f,
    0xfc, 0xb1, 0x8e, 0xa3, 0x0, 0xff, 0xe1, 0x1d,
    0x74, 0x8, 0x7, 0xff, 0x1d, 0xb9, 0xc4, 0x3,
    0xff, 0x8c, 0x2f, 0xcc, 0x1, 0xff, 0xc4, 0x2c,
    0x90, 0xf, 0xfe, 0x64, 0xe1, 0x0, 0x7f, 0xf0,
    0x88, 0x40, 0x3f, 0xf9, 0xc2, 0x40, 0x1f, 0xfc,
    0x3f, 0x0, 0xf8, 0x9a, 0xb3, 0xbf, 0xdd, 0xb4,
    0xc4, 0x1, 0xf7, 0x80, 0x7f, 0xf1, 0xa, 0x80,
    0x32, 0xe6, 0xca, 0x98, 0x80, 0x4, 0x96, 0x77,
    0x14, 0x3, 0x51, 0x0, 0x7f, 0xf1, 0x55, 0x81,
    0x36, 0x8c, 0x3, 0xff, 0x80, 0x75, 0xaa, 0xf8,
    0xa0, 0x1f, 0xfc, 0x79, 0xab, 0x20, 0xf, 0xfe,
    0x21, 0x54, 0x18, 0x7, 0xff, 0x25, 0x40, 0x3f,
    0xff, 0xe0, 0x1f, 0xfc, 0x61, 0x7b, 0xef, 0xf6,
    0xdb, 0x8, 0x7, 0xff, 0x50, 0x6b, 0xa1, 0x4,
    0x0, 0x49, 0x0, 0x1f, 0xfc, 0x21, 0x0, 0xff,
    0xe3, 0x7a, 0x80, 0x7e, 0xb1, 0x0, 0xff, 0xe0,
    0x1f, 0xa8, 0x7, 0xff, 0x16, 0x0, 0x3f, 0xa,
    0x80, 0x7f, 0xf0, 0xf, 0x46, 0x8c, 0x3, 0xff,
    0x88, 0xca, 0x1, 0xf3, 0x0, 0x7f, 0xf0, 0xf,
    0x44, 0x1, 0xe0, 0x1f, 0xfc, 0x5a, 0x20, 0xf,
    0x60, 0x7, 0x8, 0x7, 0x16, 0x88, 0x0, 0x74,
    0x3, 0xff, 0x8d, 0xe0, 0x1e, 0x50, 0xc, 0xfe,
    0x60, 0x11, 0x60, 0x80, 0x7, 0xc4, 0x3, 0xff,
    0x8c, 0x52, 0x1, 0xc2, 0x1, 0x44, 0x7, 0x4c,
    0xb, 0x4, 0x0, 0x3e, 0x20, 0x1f, 0xfc, 0x86,
    0x50, 0xf, 0xf8, 0x75, 0x70, 0x40, 0x3, 0xe2,
    0x1, 0xff, 0xca, 0xa2, 0x0, 0x18, 0x6, 0x86,
    0x0, 0xd, 0x8, 0x0, 0x7c, 0x40, 0x3f, 0xf9,
    0x9e, 0x0, 0xe0, 0xe, 0x95, 0x0, 0xe1, 0xf1,
    0x0, 0xff, 0xe6, 0x94, 0xd1, 0x0, 0x7a, 0x90,
    0x2, 0x1f, 0x10, 0xf, 0xfe, 0x7b, 0x28, 0x7,
    0xeb, 0x30, 0x1f, 0x10, 0xf, 0xfe, 0xde, 0xa7,
    0x88, 0x7, 0xe0,

    /* U+F16BF "󱚿" */
    0x0, 0xff, 0xe1, 0x1b, 0x4d, 0xef, 0x7f, 0xee,
    0xdb, 0x96, 0x30, 0xf, 0xfe, 0x68, 0xb5, 0xfe,
    0x4b, 0x21, 0x8, 0x6, 0x12, 0x46, 0x9c, 0xfb,
    0x61, 0x0, 0xff, 0xe3, 0xad, 0xf4, 0xa0, 0x7,
    0xff, 0x19, 0x27, 0xad, 0x40, 0x3f, 0xf8, 0x6f,
    0xd4, 0x80, 0x1f, 0xfc, 0xc4, 0xae, 0x70, 0xf,
    0xf9, 0xba, 0x4, 0x3, 0xff, 0xa0, 0x31, 0xcc,
    0x1, 0xf1, 0xec, 0x88, 0x7, 0xff, 0x50, 0x67,
    0x4c, 0x3, 0x46, 0x10, 0x7, 0xf8, 0x51, 0xeb,
    0x3b, 0x9f, 0xee, 0xe6, 0x53, 0xa0, 0x80, 0x7f,
    0x8b, 0x20, 0x0, 0x8e, 0x1, 0xfc, 0x2f, 0x9d,
    0x70, 0xa6, 0x22, 0x0, 0x8, 0x8d, 0x62, 0xfb,
    0x1c, 0x40, 0x3f, 0x9d, 0x1, 0x18, 0x3, 0xe4,
    0xbe, 0x83, 0x0, 0xff, 0xe2, 0x1c, 0x75, 0xa0,
    0x7, 0xcc, 0x80, 0x9, 0x20, 0xc, 0x99, 0x68,
    0x1, 0xff, 0xca, 0x4b, 0xc4, 0x0, 0xc5, 0x20,
    0x1b, 0xc0, 0x3, 0x56, 0x60, 0x1f, 0xfc, 0xe3,
    0xba, 0x10, 0x7, 0x80, 0x71, 0x52, 0xfa, 0x80,
    0x7f, 0xf4, 0x97, 0xd6, 0x88, 0x3, 0xcb, 0x42,
    0x1, 0xfc, 0x2b, 0x17, 0xbd, 0xfe, 0xed, 0xb8,
    0x50, 0xf, 0xf0, 0xd2, 0x80, 0x7f, 0xf1, 0x57,
    0x3a, 0x9d, 0x8, 0x40, 0x2, 0x48, 0xf5, 0xf6,
    0xc0, 0x1f, 0xfc, 0xc1, 0x8e, 0xa3, 0x0, 0xff,
    0xe1, 0x24, 0xf2, 0x0, 0x7f, 0xf2, 0x5b, 0x9c,
    0x40, 0x3f, 0xf8, 0xa9, 0x88, 0x1, 0xff, 0xc7,
    0x2c, 0x90, 0xf, 0xfe, 0x3c, 0x59, 0x0, 0x7f,
    0xf2, 0x8, 0x40, 0x3f, 0xf8, 0xee, 0xe0, 0xf,
    0xfe, 0x5f, 0x80, 0x7c, 0x4d, 0x59, 0xdf, 0xee,
    0xc9, 0x65, 0x80, 0xc, 0xd9, 0xfe, 0xc6, 0x0,
    0xff, 0xe1, 0x15, 0x0, 0x65, 0xcd, 0x95, 0x31,
    0x0, 0x9, 0xb4, 0xd0, 0x4, 0x39, 0x26, 0x0,
    0x39, 0xc1, 0x0, 0xff, 0xe0, 0xab, 0x2, 0x6d,
    0x18, 0x7, 0xff, 0xf, 0x4c, 0xd, 0xdc, 0x60,
    0x7a, 0x1, 0xff, 0xc2, 0x9a, 0xb2, 0x0, 0xff,
    0xe2, 0x21, 0x83, 0x64, 0x43, 0x18, 0xd, 0x40,
    0x3f, 0xf8, 0x4a, 0x1, 0xff, 0xc6, 0xc0, 0x4,
    0x0, 0x6b, 0x0, 0x68, 0x7, 0xff, 0x54, 0x40,
    0x2, 0x1, 0x88, 0x0, 0x20, 0x1f, 0xfc, 0x81,
    0x7b, 0xef, 0xf6, 0xd0, 0x80, 0x7f, 0xf5, 0x86,
    0xba, 0x10, 0x40, 0x4, 0xc2, 0x1, 0xff, 0xd6,
    0xf5, 0x0, 0xfa, 0x40, 0x21, 0xc6, 0x0, 0x7f,
    0xf8, 0x0, 0xd8, 0x20, 0x1f, 0xfc, 0x48, 0x0,
    0xfc, 0xa0, 0x15, 0x18, 0x7, 0xff, 0x0, 0xe8,
    0x3, 0xff, 0x88, 0xca, 0x1, 0xff, 0x20, 0x7,
    0xff, 0x9, 0x0, 0x3f, 0xf8, 0xb4, 0x40, 0x1f,
    0xfe, 0xf, 0x0, 0xff, 0xf0, 0x14, 0x80, 0x7f,
    0xf8, 0x19, 0x40, 0x3f, 0xfc, 0x14, 0x40, 0x2,
    0x0, 0xff, 0xee, 0xf8, 0x3, 0xc0, 0x3f, 0xfb,
    0xa5, 0x34, 0x40, 0x1f, 0xfd, 0xe6, 0x50, 0xe,
    0x40, 0xf, 0xfe, 0x11, 0x80, 0x7f, 0xf4, 0x69,
    0x0, 0x3f, 0xe1, 0x5d, 0x0,

    /* U+F17BF "󱞿" */
    0x0, 0xff, 0xf8, 0xc4, 0x0, 0x3f, 0xfa, 0xd0,
    0xee, 0x80, 0xf, 0xfe, 0xa4, 0x38, 0x1, 0xe0,
    0x3, 0xff, 0xa5, 0xe, 0x1, 0x9e, 0x0, 0x3f,
    0xfa, 0x10, 0xe0, 0x1e, 0x78, 0x0, 0xff, 0xe7,
    0x43, 0x80, 0x7e, 0x78, 0x0, 0xff, 0xe6, 0x43,
    0x80, 0x7f, 0x9e, 0x0, 0x3f, 0xf9, 0x50, 0xe0,
    0x1f, 0xfc, 0x7, 0x80, 0xf, 0xfe, 0x43, 0xb8,
    0x3, 0x60, 0x6, 0xc1, 0x0, 0x9e, 0x0, 0x3f,
    0xf8, 0xcf, 0x0, 0x1b, 0xc, 0x3, 0x1e, 0x88,
    0x4, 0xf0, 0x1, 0xff, 0xc4, 0x78, 0x0, 0xd8,
    0x60, 0x1e, 0x3d, 0x10, 0x9, 0xe0, 0x3, 0xff,
    0x87, 0xe0, 0x1b, 0xc, 0x3, 0xf1, 0xe8, 0x80,
    0x7f, 0xf1, 0xe1, 0xc0, 0x18, 0x60, 0x1f, 0xe3,
    0xd1, 0x7, 0x80, 0xf, 0xfe, 0x24, 0x43, 0xc,
    0x3, 0xff, 0x80, 0x7a, 0xf0, 0x1, 0xff, 0xc6,
    0x73, 0x0, 0xff, 0xe1, 0x1c, 0x0, 0x7f, 0xff,
    0xc0, 0x3f, 0xff, 0xe0, 0x1f, 0xff, 0x2, 0x0,
    0x84, 0x3, 0xff, 0xa8, 0xe0, 0x11, 0x0, 0x7f,
    0xf5, 0x38, 0x2, 0x40, 0xf, 0xfe, 0x99, 0xa0,
    0x5, 0x60, 0x1f, 0xfd, 0x3e, 0x0, 0x8c, 0xc0,
    0x1f, 0xfd, 0x2b, 0x20, 0xb, 0xc0, 0x3f, 0xfa,
    0x27, 0xa8, 0x1, 0x31, 0x80, 0x7f, 0xf3, 0x89,
    0x6f, 0x8, 0x2, 0x49, 0x0, 0xff, 0xe0, 0xff,
    0xff, 0xf0, 0xb6, 0x90, 0x3, 0x25, 0x80, 0x7f,
    0xf5, 0x9a, 0xc0, 0x3f, 0xfa, 0xa7, 0x92, 0x1,
    0xff, 0xd2, 0x13, 0x7c, 0xc1, 0x80, 0x7f, 0xf1,
    0x7f, 0xff, 0xf8, 0x5d, 0x90, 0x60, 0x1f, 0xfc,
    0x60,

    /* U+F18B8 "󱢸" */
    0x0, 0xdf, 0xff, 0xfc, 0x80, 0xf, 0xff, 0xf8,
    0x7, 0xff, 0xfc, 0x3, 0xff, 0xfe, 0x1, 0xff,
    0xff, 0x0, 0xff, 0xff, 0x80, 0x7f, 0xf4, 0xff,
    0xf0, 0x7, 0xff, 0x23, 0xff, 0x0, 0x7f, 0xff,
    0xc0, 0x3f, 0xff, 0xe0, 0x1f, 0xff, 0xf0, 0xf,
    0xff, 0xf8, 0x7, 0xff, 0xfc, 0x3, 0xff, 0xfe,
    0x1, 0xff, 0xda, 0xff, 0xe7, 0x0, 0xff, 0xe2,
    0x3f, 0xff, 0x0, 0x7f, 0xf2, 0x21, 0x40, 0x3f,
    0xf8, 0x4b, 0x0, 0x1e, 0x57, 0x0, 0xfa, 0x50,
    0x3, 0xfa, 0x8c, 0x3, 0xff, 0x80, 0x74, 0x1,
    0xe1, 0xb8, 0xe7, 0x0, 0xce, 0xd7, 0x88, 0x1,
    0xfb, 0x48, 0x3, 0xfc, 0x5a, 0x1, 0xf5, 0x88,
    0xc, 0x88, 0x0, 0xa0, 0x0, 0x7e, 0x1, 0xf8,
    0x7c, 0x40, 0x3f, 0xf, 0x88, 0x7, 0x95, 0x40,
    0x15, 0x88, 0x2, 0x40, 0x35, 0x0, 0x7f, 0x16,
    0x80, 0x7e, 0xd2, 0x0, 0xf0, 0xd8, 0x4, 0xaa,
    0x0, 0x2a, 0x0, 0x52, 0x20, 0x1f, 0xe3, 0xa0,
    0xf, 0x51, 0x80, 0x7d, 0x2, 0x0, 0x1b, 0x0,
    0xd, 0x80, 0x46, 0xc0, 0x1f, 0xfc, 0x5, 0x90,
    0xd, 0x2a, 0x1, 0xf9, 0x80, 0x27, 0x10, 0x3,
    0x88, 0x5, 0x40, 0x1f, 0xfc, 0x26, 0xff, 0xcc,
    0x1, 0xfd, 0x0, 0x13, 0x18, 0x1, 0x8c, 0x2,
    0x80, 0xf, 0xfe, 0x8b, 0x90, 0x5, 0xc0, 0x17,
    0x0, 0x43, 0x20, 0x1f, 0xfd, 0x1e, 0x0, 0x8a,
    0x0, 0x5, 0x0, 0x13, 0x18, 0x7, 0xff, 0x40,
    0xd8, 0x2, 0x73, 0x0, 0x39, 0x80, 0x5c, 0x1,
    0xff, 0xd1, 0x40, 0x8, 0x4c, 0x0, 0x26, 0x1,
    0x28, 0x7, 0xff, 0x41, 0xc8, 0x2, 0xa0, 0xa,
    0x80, 0x22, 0x80, 0xf, 0xfe, 0x79, 0x40, 0x4,
    0xa8, 0x0, 0x64, 0x0, 0xa4, 0x3, 0xff, 0xa1,
    0x20, 0x10, 0xd8, 0x0, 0xa4, 0x2, 0x64, 0x0,
    0xff, 0xe8, 0x18, 0x5, 0x62, 0x1, 0x20, 0x0,
    0x64, 0x3, 0xff, 0xa3, 0x1c, 0xea, 0xa0, 0x8,
    0xaf, 0x12, 0x80, 0x30,

    /* U+F19F0 "󱧰" */
    0x0, 0xff, 0xee, 0x95, 0xff, 0xff, 0xf0, 0x60,
    0x3, 0xff, 0x96, 0x58, 0x80, 0x1f, 0xfc, 0x17,
    0x80, 0xf, 0xfe, 0x54, 0x8, 0x7, 0xff, 0xd,
    0xe0, 0x3, 0xff, 0x92, 0x80, 0x1f, 0xfc, 0x57,
    0x80, 0xf, 0xfe, 0x40, 0x80, 0x7f, 0xf1, 0x9f,
    0xff, 0xff, 0x8b, 0x44, 0x1, 0xff, 0xda, 0x5c,
    0x20, 0xf, 0xfe, 0xd0, 0xc0, 0x7, 0xff, 0x6d,
    0x0, 0x3f, 0xfb, 0x62, 0x1, 0xff, 0xff, 0x0,
    0xff, 0xff, 0x80, 0x7f, 0xff, 0xc0, 0x3f, 0xff,
    0xe0, 0x1f, 0xff, 0xf0, 0xf, 0xfe, 0x11, 0x3d,
    0xf7, 0xfb, 0xad, 0xc4, 0x3, 0xff, 0xa0, 0x35,
    0xb0, 0x82, 0x0, 0x14, 0x8e, 0x90, 0xf, 0xfe,
    0x72, 0xfa, 0x80, 0x7f, 0x98, 0x3, 0xff, 0x9a,
    0xd4, 0x20, 0x1f, 0xfd, 0x85, 0x90, 0xf, 0xa1,
    0xc0, 0x3f, 0xfa, 0x3, 0x60, 0x1f, 0x43, 0xc3,
    0x80, 0x7f, 0xf3, 0xec, 0x40, 0x3d, 0xe, 0x0,
    0x87, 0x0, 0xff, 0xe6, 0x92, 0x80, 0x7a, 0x1c,
    0x3, 0x43, 0x80, 0x7f, 0xf3, 0x14, 0x3, 0xd0,
    0xe0, 0x1e, 0x87, 0x0, 0xff, 0xe5, 0xe0, 0x7,
    0x43, 0x80, 0x7e, 0x87, 0x10, 0xf, 0xfe, 0x4a,
    0x80, 0x74, 0x7f, 0xc0, 0x1b, 0xfe, 0x74, 0x0,
    0xff, 0xe4, 0x88, 0x7, 0xff, 0x16, 0x4, 0x3,
    0xff, 0xb4, 0x58, 0x80, 0x1f, 0xfc, 0x71, 0x0,
    0xff, 0xe3, 0x15, 0xff, 0xff, 0xf1, 0xc4, 0x3,
    0xff, 0xfe, 0x1, 0xff, 0xf2,

    /* U+F19F3 "󱧳" */
    0x0, 0xff, 0xee, 0x95, 0xff, 0xff, 0xf0, 0x60,
    0x3, 0xff, 0x96, 0x58, 0x80, 0x1f, 0xfc, 0x17,
    0x80, 0xf, 0xfe, 0x54, 0x8, 0x7, 0xff, 0xd,
    0xe0, 0x3, 0xff, 0x92, 0x80, 0x1f, 0xfc, 0x57,
    0x80, 0xf, 0xfe, 0x40, 0x80, 0x7f, 0xf1, 0x9f,
    0xff, 0xff, 0x8b, 0x44, 0x1, 0xff, 0xda, 0x5c,
    0x20, 0xf, 0xfe, 0xd0, 0xc0, 0x7, 0xff, 0x6d,
    0x0, 0x37, 0xff, 0xff, 0x50, 0x2, 0x10, 0xf,
    0xff, 0xf8, 0x7, 0xff, 0xfc, 0x3, 0xff, 0xfe,
    0x1, 0xff, 0xff, 0x0, 0xff, 0xff, 0x80, 0x7f,
    0xf2, 0x6d, 0xc4, 0x3, 0xff, 0xb2, 0x91, 0xd2,
    0x1, 0xff, 0xdb, 0x60, 0xf, 0xff, 0xec, 0x38,
    0x7, 0xff, 0x66, 0x1e, 0x1c, 0x3, 0xff, 0xaf,
    0xe, 0x0, 0x87, 0x0, 0xff, 0xea, 0xc3, 0x80,
    0x68, 0x70, 0xf, 0xfe, 0x9c, 0x38, 0x7, 0xa1,
    0xc0, 0x3f, 0xfa, 0x30, 0xe0, 0x1f, 0xa1, 0xc4,
    0x2, 0xff, 0xff, 0xe3, 0x8, 0x7, 0x47, 0xfc,
    0x1, 0xbf, 0xe7, 0x40, 0xf, 0xfe, 0x48, 0x80,
    0x7f, 0xf1, 0x60, 0x40, 0x3f, 0xfb, 0x45, 0x88,
    0x1, 0xff, 0xc7, 0x10, 0xf, 0xfe, 0x31, 0x5f,
    0xff, 0xff, 0x1c, 0x40, 0x3f, 0xff, 0xe0, 0x1f,
    0xff, 0x20,

    /* U+F1A45 "󱩅" */
    0x0, 0xfa, 0xc, 0x3, 0xfc, 0xf2, 0x40, 0x1f,
    0xeb, 0x60, 0xf, 0xcc, 0xf9, 0x66, 0x1, 0xf1,
    0x43, 0x6d, 0x8, 0x7, 0xce, 0x93, 0xcc, 0x1,
    0xc3, 0x0, 0x4, 0x90, 0xf, 0xa4, 0x2, 0x40,
    0xf, 0x8a, 0x0, 0x3, 0xe0, 0x1d, 0x62, 0x1,
    0x58, 0x7, 0x95, 0x0, 0x28, 0x10, 0xf, 0x48,
    0x4, 0x30, 0x1, 0x91, 0x40, 0x29, 0x10, 0xe,
    0x1b, 0x0, 0x8d, 0x80, 0x3c, 0xa8, 0x1, 0x58,
    0x80, 0x69, 0x0, 0x8d, 0x80, 0x3d, 0x2, 0x1,
    0x70, 0x7, 0xd6, 0x1, 0x1a, 0x80, 0x68, 0x20,
    0xb, 0xc0, 0x3c, 0x6c, 0x1, 0x39, 0x0, 0x7a,
    0x4, 0x2, 0xe0, 0xc, 0x4e, 0x1, 0x31, 0x80,
    0x7b, 0x80, 0x21, 0x80, 0xf, 0x1b, 0x80, 0x4e,
    0x40, 0x1b, 0x80, 0x21, 0x90, 0xf, 0x39, 0x0,
    0x56, 0x1, 0xf7, 0x80, 0x43, 0x0, 0x19, 0x8c,
    0x2, 0xb0, 0xf, 0xc, 0x0, 0x48, 0xa0, 0x1e,
    0x63, 0x0, 0xac, 0x3, 0xc, 0x80, 0x48, 0xa0,
    0x1e, 0xb0, 0xd, 0x20, 0x1e, 0x18, 0x0, 0x91,
    0x40, 0x35, 0x80, 0x69, 0x0, 0xf2, 0x28, 0x5,
    0x4, 0x1, 0xeb, 0x10, 0xa, 0x40, 0x38, 0x40,
    0x31, 0x80, 0x78, 0x40, 0x3f, 0xf9, 0x72, 0x1,
    0xac, 0x3, 0xca, 0x80, 0x14, 0x10, 0x7, 0xac,
    0x3, 0x48, 0x7, 0x13, 0x80, 0x4a, 0x60, 0x1e,
    0x90, 0xd, 0x20, 0x1e, 0x19, 0x0, 0x91, 0x40,
    0x3a, 0x4, 0x2, 0xe0, 0xf, 0x14, 0x0, 0x48,
    0xa0, 0x1e, 0x63, 0x0, 0xac, 0x40, 0x3a, 0xc0,
    0x22, 0x70, 0xf, 0x39, 0x0, 0x56, 0x20, 0x1e,
    0xf0, 0x8, 0x60, 0x3, 0x95, 0x0, 0x28, 0x10,
    0xf, 0x70, 0x4, 0x30, 0x1, 0xe3, 0x60, 0x9,
    0x8c, 0x3, 0xa4, 0x3, 0x58, 0x7, 0x8d, 0x80,
    0x26, 0x30, 0xf, 0x48, 0x80, 0x5c, 0x1, 0xc4,
    0xc0, 0x12, 0x98, 0x7, 0xa0, 0x40, 0x2e, 0x0,
    0xfa, 0xc0, 0x22, 0x70, 0xe, 0x91, 0x0, 0xbc,
    0x3, 0xc3, 0x60, 0x11, 0x40, 0x7, 0x95, 0x0,
    0x28, 0x20, 0xe, 0xb0, 0x8, 0xd8, 0x3, 0xca,
    0x80, 0x13, 0x90, 0x7, 0xa8, 0x3, 0x48, 0x7,
    0x28, 0x6, 0xb0, 0xf, 0xfe, 0x93, 0x0, 0x68,
    0x0, 0xf2, 0x20, 0x2, 0x72, 0x0, 0xf5, 0x80,
    0x69, 0x0, 0xe8, 0x0, 0x8d, 0x40, 0x3d, 0x0,
    0x10, 0xc8, 0x7, 0x8d, 0x40, 0x26, 0x20, 0xc,
    0xe2, 0x1, 0x78, 0x7, 0x94, 0xc0, 0x28, 0x10,
    0xf, 0x40, 0x4, 0x30, 0x1, 0x86, 0x0, 0x25,
    0x30, 0xf, 0x40, 0x4, 0x4c, 0x1, 0xe4, 0x40,
    0x5, 0x22, 0x1, 0xa0, 0x3, 0x58, 0x7, 0x9c,
    0x80, 0x29, 0x0, 0xfa, 0x40, 0x22, 0x70, 0xc,
    0x4c, 0x1, 0x38, 0x80, 0x7a, 0x40, 0x24, 0x40,
    0x7, 0x98, 0x80, 0x29, 0x0, 0xe8, 0x0, 0x86,
    0x0, 0x3d, 0x2, 0x1, 0x48, 0x7, 0xd0, 0x1,
    0x22, 0x0, 0x31, 0xa8, 0x5, 0x0, 0x1e, 0x17,
    0x0, 0x9c, 0x80, 0x3c, 0xe2, 0x1, 0x40, 0x7,
    0x78, 0x4, 0x6c, 0x1, 0xe8, 0x0, 0x86, 0x0,
    0x3e, 0x80, 0x9, 0x8c, 0x3, 0x90, 0x2, 0xf0,
    0xf, 0xa6, 0x4, 0x20, 0x3, 0xf6, 0xa8, 0x2,
    0x0, 0x3d, 0x1c, 0xec, 0x60, 0x1f, 0x9f, 0xa5,
    0x80, 0x3f, 0x15, 0x6d, 0x88, 0x7, 0x0,

    /* U+F1A4E "󱩎" */
    0x0, 0xff, 0xfb, 0xff, 0xe0, 0xf, 0xff, 0xf8,
    0x7, 0xff, 0xfc, 0x3, 0xff, 0xe7, 0x2a, 0x1,
    0xff, 0xce, 0x59, 0x0, 0xff, 0xe1, 0xcb, 0x52,
    0x80, 0x7f, 0xbf, 0xf0, 0x7, 0xf9, 0x69, 0xa4,
    0x3, 0xff, 0x83, 0x2c, 0x0, 0xa5, 0x0, 0xff,
    0xe5, 0x2d, 0x0, 0x1a, 0x40, 0x3f, 0xf8, 0x18,
    0x1, 0xa9, 0x40, 0x3f, 0xf9, 0xb, 0x40, 0x1b,
    0x0, 0x3f, 0xf8, 0xb, 0x40, 0x1b, 0x0, 0x3f,
    0xf9, 0x18, 0x1, 0xa9, 0x40, 0x3f, 0xf8, 0x2b,
    0x40, 0x6, 0x90, 0xe, 0x17, 0xbe, 0xff, 0x75,
    0xb8, 0x80, 0x74, 0xb0, 0x2, 0x94, 0x3, 0xff,
    0x86, 0xb4, 0xd2, 0x1, 0x86, 0x7a, 0x10, 0x40,
    0x2, 0x91, 0xd2, 0x20, 0x1a, 0x5a, 0x94, 0x3,
    0xff, 0x8a, 0xb2, 0x1, 0x93, 0xd8, 0x3, 0xfc,
    0xde, 0x80, 0x1a, 0x54, 0x3, 0xff, 0x96, 0xd6,
    0x20, 0x1f, 0xfc, 0x1, 0xb6, 0x0, 0xff, 0xe7,
    0xa4, 0x80, 0x62, 0x8c, 0xee, 0x64, 0x10, 0x6,
    0x94, 0x0, 0xff, 0xe6, 0x8d, 0x0, 0x68, 0xd7,
    0x31, 0x11, 0xbe, 0xc0, 0x6, 0xa1, 0x0, 0xff,
    0xe6, 0x40, 0x80, 0x56, 0xe0, 0x1f, 0x9e, 0xc0,
    0x21, 0x80, 0xf, 0xfe, 0x58, 0xb0, 0x5, 0x8,
    0x1, 0xfe, 0x48, 0x0, 0x98, 0x40, 0x3f, 0xf9,
    0x4c, 0x1, 0x13, 0x80, 0x7f, 0xf0, 0x1c, 0x80,
    0x26, 0x0, 0xff, 0xe5, 0x60, 0x5, 0x40, 0x1f,
    0xfc, 0x2a, 0x0, 0xb0, 0x3, 0xff, 0x81, 0xff,
    0xe0, 0xc, 0xa0, 0x12, 0x80, 0x7f, 0xf0, 0x90,
    0x2, 0x50, 0xd, 0xff, 0xe0, 0xf, 0xfe, 0x0,
    0x80, 0x46, 0x1, 0xff, 0xc2, 0x20, 0x8, 0x40,
    0x3f, 0xff, 0x2, 0x1, 0x18, 0x7, 0xff, 0x8,
    0xc0, 0x21, 0x0, 0xff, 0xe0, 0x7f, 0xf8, 0x3,
    0x28, 0x4, 0x80, 0x1f, 0xfc, 0x24, 0x0, 0x94,
    0x3, 0x7f, 0xf8, 0x3, 0xff, 0x81, 0x80, 0x15,
    0x80, 0x7f, 0xf0, 0xac, 0x2, 0xc0, 0xf, 0xfe,
    0x52, 0x80, 0x44, 0xc0, 0x1f, 0xfc, 0x6, 0x20,
    0x9, 0x40, 0x3f, 0xf9, 0x44, 0xa0, 0x14, 0x98,
    0x7, 0xf9, 0x24, 0x2, 0x52, 0x0, 0xff, 0xe5,
    0xc0, 0x6, 0xc5, 0x0, 0xfc, 0xd6, 0x1, 0xa0,
    0x3, 0xff, 0x98, 0x52, 0x1, 0xab, 0x18, 0x3,
    0x36, 0xc8, 0x6, 0x92, 0x0, 0xff, 0xe6, 0xb4,
    0x0, 0x63, 0x90, 0xd, 0x24, 0x1, 0xa1, 0x80,
    0x3f, 0xf9, 0xef, 0x20, 0x1f, 0xfc, 0x29, 0x70,
    0xf, 0xfe, 0x8b, 0x68, 0x6, 0xff, 0xc0, 0x1b,
    0x58, 0x3, 0xff, 0xa6, 0x40, 0x1f, 0xfc, 0x2,
    0x0, 0xff, 0xff, 0x80, 0x7f, 0xf9, 0x84, 0x3,
    0xfc, 0x20, 0x1f, 0xfd, 0x6b, 0x10, 0xf, 0xc3,
    0x60, 0x1f, 0xfd, 0x65, 0xef, 0xff, 0xdc, 0xa0,
    0x1f, 0xff, 0xf0, 0xf, 0xbf, 0xff, 0x0, 0x7f,
    0xff, 0xc0, 0x3f, 0x84, 0x3, 0xc2, 0x1, 0xff,
    0xda, 0xb1, 0x0, 0xc3, 0x60, 0x1f, 0xfd, 0xa5,
    0xef, 0xfd, 0xca, 0x1, 0xff, 0xc7,

    /* U+F1A4F "󱩏" */
    0x0, 0xff, 0xfb, 0xff, 0xe0, 0xf, 0xff, 0xf8,
    0x7, 0xff, 0xfc, 0x3, 0xff, 0xe7, 0x2a, 0x1,
    0xff, 0xce, 0x59, 0x0, 0xff, 0xe1, 0xcb, 0x52,
    0x80, 0x7f, 0xbf, 0xf0, 0x7, 0xf9, 0x69, 0xa4,
    0x3, 0xff, 0x83, 0x2c, 0x0, 0xa5, 0x0, 0xff,
    0xe5, 0x2d, 0x0, 0x1a, 0x40, 0x3f, 0xf8, 0x18,
    0x1, 0xa9, 0x40, 0x3f, 0xf9, 0xb, 0x40, 0x1b,
    0x0, 0x3f, 0xf8, 0xb, 0x40, 0x1b, 0x0, 0x3f,
    0xf9, 0x18, 0x1, 0xa9, 0x40, 0x3f, 0xf8, 0x2b,
    0x40, 0x6, 0x90, 0xe, 0x17, 0xbe, 0xff, 0x75,
    0xb8, 0x80, 0x74, 0xb0, 0x2, 0x94, 0x3, 0xff,
    0x86, 0xb4, 0xd2, 0x1, 0x86, 0x7a, 0x10, 0x40,
    0x2, 0x91, 0xd2, 0x20, 0x1a, 0x5a, 0x94, 0x3,
    0xff, 0x8a, 0xb2, 0x1, 0x93, 0xd8, 0x3, 0xfc,
    0xde, 0x80, 0x1a, 0x54, 0x3, 0xff, 0x96, 0xd6,
    0x20, 0x1f, 0xfc, 0x1, 0xb6, 0x0, 0xff, 0xe7,
    0xa4, 0x80, 0x62, 0x8c, 0xee, 0x64, 0x10, 0x6,
    0x94, 0x0, 0xff, 0xe6, 0x8d, 0x0, 0x68, 0xd7,
    0x31, 0x11, 0xbe, 0xc0, 0x6, 0xa1, 0x0, 0xff,
    0xe6, 0x40, 0x80, 0x56, 0xe0, 0x1f, 0x9e, 0xc0,
    0x21, 0x80, 0xf, 0xfe, 0x58, 0xb0, 0x5, 0x8,
    0x1, 0xfe, 0x48, 0x0, 0x98, 0x40, 0x3f, 0xf9,
    0x4c, 0x1, 0x13, 0x80, 0x7f, 0xf0, 0x1c, 0x80,
    0x26, 0x0, 0xff, 0xe5, 0x60, 0x5, 0x40, 0x1f,
    0xfc, 0x2a, 0x0, 0xb0, 0x3, 0xff, 0x81, 0xff,
    0xe0, 0xc, 0xa0, 0x12, 0x80, 0x7f, 0xf0, 0x90,
    0x2, 0x50, 0xd, 0xff, 0xe0, 0xf, 0xfe, 0x0,
    0x80, 0x46, 0x1, 0xff, 0xc2, 0x20, 0x8, 0x40,
    0x3f, 0xff, 0x2, 0x1, 0x18, 0x7, 0xff, 0x8,
    0x80, 0x21, 0x0, 0xff, 0xe0, 0x7f, 0xf8, 0x3,
    0x28, 0x4, 0xa0, 0x1f, 0xfc, 0x24, 0x0, 0x94,
    0x3, 0x7f, 0xf8, 0x3, 0xff, 0x81, 0x80, 0x15,
    0x0, 0x7f, 0xf0, 0xa8, 0x2, 0xc0, 0xf, 0xfe,
    0x52, 0x80, 0x44, 0xe0, 0x1f, 0xfc, 0x7, 0x20,
    0x9, 0x40, 0x3f, 0xf9, 0x44, 0xa0, 0x14, 0x20,
    0x7, 0xf9, 0x20, 0x2, 0x52, 0x0, 0xff, 0xe5,
    0xc0, 0x6, 0xb7, 0x0, 0xfc, 0xf6, 0x1, 0xa0,
    0x3, 0xff, 0x98, 0x52, 0x1, 0xa3, 0x5c, 0x84,
    0x44, 0xfb, 0x0, 0x1a, 0x48, 0x3, 0xff, 0x9a,
    0xd0, 0x1, 0x8a, 0x37, 0xb9, 0xb0, 0x40, 0x1a,
    0x18, 0x3, 0xff, 0x9e, 0xf2, 0x1, 0xff, 0xc2,
    0x97, 0x0, 0xff, 0xe8, 0xb6, 0x80, 0x7f, 0xf0,
    0x35, 0x80, 0x3f, 0xfa, 0x64, 0x1, 0xff, 0xc0,
    0x20, 0xf, 0xff, 0xf8, 0x7, 0xff, 0x98, 0x40,
    0x3f, 0xc2, 0x1, 0xff, 0xd6, 0xb1, 0x0, 0xfc,
    0x36, 0x1, 0xff, 0xd6, 0x5e, 0xff, 0xfd, 0xca,
    0x1, 0xff, 0xff, 0x0, 0xfb, 0xff, 0xf0, 0x7,
    0xff, 0xfc, 0x3, 0xf8, 0x40, 0x3c, 0x20, 0x1f,
    0xfd, 0xab, 0x10, 0xc, 0x36, 0x1, 0xff, 0xda,
    0x5e, 0xff, 0xdc, 0xa0, 0x1f, 0xfc, 0x70,

    /* U+F1A50 "󱩐" */
    0x0, 0xff, 0xfb, 0xff, 0xe0, 0xf, 0xff, 0xf8,
    0x7, 0xff, 0xfc, 0x3, 0xff, 0xe7, 0x2a, 0x1,
    0xff, 0xce, 0x59, 0x0, 0xff, 0xe1, 0xcb, 0x52,
    0x80, 0x7f, 0xbf, 0xf0, 0x7, 0xf9, 0x69, 0xa4,
    0x3, 0xff, 0x83, 0x2c, 0x0, 0xa5, 0x0, 0xff,
    0xe5, 0x2d, 0x0, 0x1a, 0x40, 0x3f, 0xf8, 0x18,
    0x1, 0xa9, 0x40, 0x3f, 0xf9, 0xb, 0x40, 0x1b,
    0x0, 0x3f, 0xf8, 0xb, 0x40, 0x1b, 0x0, 0x3f,
    0xf9, 0x18, 0x1, 0xa9, 0x40, 0x3f, 0xf8, 0x2b,
    0x40, 0x6, 0x90, 0xe, 0x17, 0xbe, 0xff, 0x75,
    0xb8, 0x80, 0x74, 0xb0, 0x2, 0x94, 0x3, 0xff,
    0x86, 0xb4, 0xd2, 0x1, 0x86, 0x7a, 0x10, 0x40,
    0x2, 0x91, 0xd2, 0x20, 0x1a, 0x5a, 0x94, 0x3,
    0xff, 0x8a, 0xb2, 0x1, 0x93, 0xd8, 0x3, 0xfc,
    0xde, 0x80, 0x1a, 0x54, 0x3, 0xff, 0x96, 0xd6,
    0x20, 0x1f, 0xfc, 0x1, 0xb6, 0x0, 0xff, 0xe7,
    0xa4, 0x80, 0x62, 0x8c, 0xee, 0x64, 0x10, 0x6,
    0x94, 0x0, 0xff, 0xe6, 0x8d, 0x0, 0x68, 0xd7,
    0x31, 0x11, 0xbe, 0xc0, 0x6, 0xa1, 0x0, 0xff,
    0xe6, 0x40, 0x80, 0x56, 0xe0, 0x1f, 0x9e, 0xc0,
    0x21, 0x80, 0xf, 0xfe, 0x58, 0xb0, 0x5, 0x8,
    0x1, 0xfe, 0x48, 0x0, 0x98, 0x40, 0x3f, 0xf9,
    0x4c, 0x1, 0x13, 0x80, 0x7f, 0xf0, 0x1c, 0x80,
    0x26, 0x0, 0xff, 0xe5, 0x60, 0x5, 0x40, 0x1f,
    0xfc, 0x2a, 0x0, 0xb0, 0x3, 0xff, 0x81, 0xff,
    0xe0, 0xc, 0xa0, 0x12, 0x80, 0x7f, 0xf0, 0x90,
    0x2, 0x50, 0xd, 0xff, 0xe0, 0xf, 0xfe, 0x0,
    0x80, 0x46, 0x1, 0xff, 0xc2, 0x20, 0x8, 0x40,
    0x3f, 0xff, 0x2, 0x1, 0x10, 0x7, 0xff, 0x8,
    0x80, 0x21, 0x0, 0xff, 0xe0, 0x7f, 0xf8, 0x3,
    0x28, 0x4, 0x80, 0x1f, 0xfc, 0x24, 0x0, 0x94,
    0x3, 0x7f, 0xf8, 0x3, 0xff, 0x81, 0x80, 0x15,
    0x0, 0x7f, 0xf0, 0xa8, 0x2, 0xc0, 0xf, 0xfe,
    0x52, 0x80, 0x44, 0xe0, 0x1f, 0xfc, 0x7, 0x20,
    0x9, 0x40, 0x3f, 0xf9, 0x44, 0xa0, 0x14, 0x20,
    0x7, 0xf9, 0x20, 0x2, 0x52, 0x0, 0xff, 0xe5,
    0xc0, 0x6, 0xbf, 0xff, 0xf5, 0x80, 0x68, 0x0,
    0xff, 0xe6, 0x14, 0x80, 0x7f, 0xf1, 0xa4, 0x80,
    0x3f, 0xf9, 0xad, 0x0, 0x1f, 0xfc, 0x48, 0x60,
    0xf, 0xfe, 0x7b, 0xc8, 0x7, 0xff, 0xa, 0x5c,
    0x3, 0xff, 0xa2, 0xda, 0x1, 0xff, 0xc0, 0xd6,
    0x0, 0xff, 0xe9, 0x90, 0x7, 0xff, 0x0, 0x80,
    0x3f, 0xff, 0xe0, 0x1f, 0xfe, 0x61, 0x0, 0xff,
    0x8, 0x7, 0xff, 0x5a, 0xc4, 0x3, 0xf0, 0xd8,
    0x7, 0xff, 0x59, 0x7b, 0xff, 0xf7, 0x28, 0x7,
    0xff, 0xfc, 0x3, 0xef, 0xff, 0xc0, 0x1f, 0xff,
    0xf0, 0xf, 0xe1, 0x0, 0xf0, 0x80, 0x7f, 0xf6,
    0xac, 0x40, 0x30, 0xd8, 0x7, 0xff, 0x69, 0x7b,
    0xff, 0x72, 0x80, 0x7f, 0xf1, 0xc0,

    /* U+F1A51 "󱩑" */
    0x0, 0xff, 0xfb, 0xff, 0xe0, 0xf, 0xff, 0xf8,
    0x7, 0xff, 0xfc, 0x3, 0xff, 0xe7, 0x2a, 0x1,
    0xff, 0xce, 0x59, 0x0, 0xff, 0xe1, 0xcb, 0x52,
    0x80, 0x7f, 0xbf, 0xf0, 0x7, 0xf9, 0x69, 0xa4,
    0x3, 0xff, 0x83, 0x2c, 0x0, 0xa5, 0x0, 0xff,
    0xe5, 0x2d, 0x0, 0x1a, 0x40, 0x3f, 0xf8, 0x18,
    0x1, 0xa9, 0x40, 0x3f, 0xf9, 0xb, 0x40, 0x1b,
    0x0, 0x3f, 0xf8, 0xb, 0x40, 0x1b, 0x0, 0x3f,
    0xf9, 0x18, 0x1, 0xa9, 0x40, 0x3f, 0xf8, 0x2b,
    0x40, 0x6, 0x90, 0xe, 0x17, 0xbe, 0xff, 0x75,
    0xb8, 0x80, 0x74, 0xb0, 0x2, 0x94, 0x3, 0xff,
    0x86, 0xb4, 0xd2, 0x1, 0x86, 0x7a, 0x10, 0x40,
    0x2, 0x91, 0xd2, 0x20, 0x1a, 0x5a, 0x94, 0x3,
    0xff, 0x8a, 0xb2, 0x1, 0x93, 0xd8, 0x3, 0xfc,
    0xde, 0x80, 0x1a, 0x54, 0x3, 0xff, 0x96, 0xd6,
    0x20, 0x1f, 0xfc, 0x1, 0xb6, 0x0, 0xff, 0xe7,
    0xa4, 0x80, 0x62, 0x8c, 0xee, 0x64, 0x10, 0x6,
    0x94, 0x0, 0xff, 0xe6, 0x8d, 0x0, 0x68, 0xd7,
    0x31, 0x11, 0xbe, 0xc0, 0x6, 0xa1, 0x0, 0xff,
    0xe6, 0x40, 0x80, 0x56, 0xe0, 0x1f, 0x9e, 0xc0,
    0x21, 0x80, 0xf, 0xfe, 0x58, 0xb0, 0x5, 0x8,
    0x1, 0xfe, 0x48, 0x0, 0x98, 0x40, 0x3f, 0xf9,
    0x4c, 0x1, 0x13, 0x80, 0x7f, 0xf0, 0x1c, 0x80,
    0x26, 0x0, 0xff, 0xe5, 0x60, 0x5, 0x40, 0x1f,
    0xfc, 0x2a, 0x0, 0xb0, 0x3, 0xff, 0x81, 0xff,
    0xe0, 0xc, 0xa0, 0x12, 0x80, 0x7f, 0xf0, 0x90,
    0x2, 0x50, 0xd, 0xff, 0xe0, 0xf, 0xfe, 0x0,
    0x80, 0x46, 0x1, 0xff, 0xc2, 0x20, 0x8, 0x40,
    0x3f, 0xff, 0x2, 0x1, 0x10, 0x7, 0xff, 0x8,
    0x80, 0x21, 0x0, 0xff, 0xe0, 0x7f, 0xf8, 0x3,
    0x28, 0x4, 0x80, 0x1f, 0xfc, 0x24, 0x0, 0x94,
    0x3, 0x7f, 0xf8, 0x3, 0xff, 0x81, 0x80, 0x15,
    0x0, 0x7f, 0xf0, 0xa8, 0x2, 0xc0, 0xf, 0xfe,
    0x52, 0x80, 0x45, 0xff, 0xff, 0xc2, 0x20, 0x9,
    0x40, 0x3f, 0xf9, 0x44, 0xa0, 0x1f, 0xfc, 0x85,
    0x20, 0xf, 0xfe, 0x5c, 0x0, 0x7f, 0xf2, 0x20,
    0x3, 0xff, 0x98, 0x52, 0x1, 0xff, 0xc6, 0x92,
    0x0, 0xff, 0xe6, 0xb4, 0x0, 0x7f, 0xf1, 0x21,
    0x80, 0x3f, 0xf9, 0xef, 0x20, 0x1f, 0xfc, 0x29,
    0x70, 0xf, 0xfe, 0x8b, 0x68, 0x7, 0xff, 0x3,
    0x58, 0x3, 0xff, 0xa6, 0x40, 0x1f, 0xfc, 0x2,
    0x0, 0xff, 0xff, 0x80, 0x7f, 0xf9, 0x84, 0x3,
    0xfc, 0x20, 0x1f, 0xfd, 0x6b, 0x10, 0xf, 0xc3,
    0x60, 0x1f, 0xfd, 0x65, 0xef, 0xff, 0xdc, 0xa0,
    0x1f, 0xff, 0xf0, 0xf, 0xbf, 0xff, 0x0, 0x7f,
    0xff, 0xc0, 0x3f, 0x84, 0x3, 0xc2, 0x1, 0xff,
    0xda, 0xb1, 0x0, 0xc3, 0x60, 0x1f, 0xfd, 0xa5,
    0xef, 0xfd, 0xca, 0x1, 0xff, 0xc7,

    /* U+F1A52 "󱩒" */
    0x0, 0xff, 0xfb, 0xff, 0xe0, 0xf, 0xff, 0xf8,
    0x7, 0xff, 0xfc, 0x3, 0xff, 0xe7, 0x2a, 0x1,
    0xff, 0xce, 0x59, 0x0, 0xff, 0xe1, 0xcb, 0x52,
    0x80, 0x7f, 0xbf, 0xf0, 0x7, 0xf9, 0x69, 0xa4,
    0x3, 0xff, 0x83, 0x2c, 0x0, 0xa5, 0x0, 0xff,
    0xe5, 0x2d, 0x0, 0x1a, 0x40, 0x3f, 0xf8, 0x18,
    0x1, 0xa9, 0x40, 0x3f, 0xf9, 0xb, 0x40, 0x1b,
    0x0, 0x3f, 0xf8, 0xb, 0x40, 0x1b, 0x0, 0x3f,
    0xf9, 0x18, 0x1, 0xa9, 0x40, 0x3f, 0xf8, 0x2b,
    0x40, 0x6, 0x90, 0xe, 0x17, 0xbe, 0xff, 0x75,
    0xb8, 0x80, 0x74, 0xb0, 0x2, 0x94, 0x3, 0xff,
    0x86, 0xb4, 0xd2, 0x1, 0x86, 0x7a, 0x10, 0x40,
    0x2, 0x91, 0xd2, 0x20, 0x1a, 0x5a, 0x94, 0x3,
    0xff, 0x8a, 0xb2, 0x1, 0x93, 0xd8, 0x3, 0xfc,
    0xde, 0x80, 0x1a, 0x54, 0x3, 0xff, 0x96, 0xd6,
    0x20, 0x1f, 0xfc, 0x1, 0xb6, 0x0, 0xff, 0xe7,
    0xa4, 0x80, 0x62, 0x8c, 0xee, 0x64, 0x10, 0x6,
    0x94, 0x0, 0xff, 0xe6, 0x8d, 0x0, 0x68, 0xd7,
    0x31, 0x11, 0xbe, 0xc0, 0x6, 0xa1, 0x0, 0xff,
    0xe6, 0x40, 0x80, 0x56, 0xe0, 0x1f, 0x9e, 0xc0,
    0x21, 0x80, 0xf, 0xfe, 0x58, 0xb0, 0x5, 0x8,
    0x1, 0xfe, 0x48, 0x0, 0x98, 0x40, 0x3f, 0xf9,
    0x4c, 0x1, 0x13, 0x80, 0x7f, 0xf0, 0x1c, 0x80,
    0x26, 0x0, 0xff, 0xe5, 0x60, 0x5, 0x40, 0x1f,
    0xfc, 0x2a, 0x0, 0xb0, 0x3, 0xff, 0x81, 0xff,
    0xe0, 0xc, 0xa0, 0x12, 0x80, 0x7f, 0xf0, 0x90,
    0x2, 0x50, 0xd, 0xff, 0xe0, 0xf, 0xfe, 0x0,
    0x80, 0x46, 0x1, 0xff, 0xc2, 0x20, 0x8, 0x40,
    0x3f, 0xff, 0x2, 0x1, 0x10, 0x7, 0xff, 0x8,
    0x80, 0x21, 0x0, 0xff, 0xe0, 0x7f, 0xf8, 0x3,
    0x28, 0x5, 0x9f, 0xff, 0xfc, 0x2c, 0x0, 0x94,
    0x3, 0x7f, 0xf8, 0x3, 0xff, 0x81, 0x80, 0x1f,
    0xfc, 0xac, 0x0, 0xff, 0xe5, 0x28, 0x7, 0xff,
    0x29, 0x40, 0x3f, 0xf9, 0x44, 0xa0, 0x1f, 0xfc,
    0x85, 0x20, 0xf, 0xfe, 0x5c, 0x0, 0x7f, 0xf2,
    0x20, 0x3, 0xff, 0x98, 0x52, 0x1, 0xff, 0xc6,
    0x92, 0x0, 0xff, 0xe6, 0xb4, 0x0, 0x7f, 0xf1,
    0x21, 0x80, 0x3f, 0xf9, 0xef, 0x20, 0x1f, 0xfc,
    0x29, 0x70, 0xf, 0xfe, 0x8b, 0x68, 0x7, 0xff,
    0x3, 0x58, 0x3, 0xff, 0xa6, 0x40, 0x1f, 0xfc,
    0x2, 0x0, 0xff, 0xff, 0x80, 0x7f, 0xf9, 0x84,
    0x3, 0xfc, 0x20, 0x1f, 0xfd, 0x6b, 0x10, 0xf,
    0xc3, 0x60, 0x1f, 0xfd, 0x65, 0xef, 0xff, 0xdc,
    0xa0, 0x1f, 0xff, 0xf0, 0xf, 0xbf, 0xff, 0x0,
    0x7f, 0xff, 0xc0, 0x3f, 0x84, 0x3, 0xc2, 0x1,
    0xff, 0xda, 0xb1, 0x0, 0xc3, 0x60, 0x1f, 0xfd,
    0xa5, 0xef, 0xfd, 0xca, 0x1, 0xff, 0xc7,

    /* U+F1A53 "󱩓" */
    0x0, 0xff, 0xfb, 0xff, 0xe0, 0xf, 0xff, 0xf8,
    0x7, 0xff, 0xfc, 0x3, 0xff, 0xe7, 0x2a, 0x1,
    0xff, 0xce, 0x59, 0x0, 0xff, 0xe1, 0xcb, 0x52,
    0x80, 0x7f, 0xbf, 0xf0, 0x7, 0xf9, 0x69, 0xa4,
    0x3, 0xff, 0x83, 0x2c, 0x0, 0xa5, 0x0, 0xff,
    0xe5, 0x2d, 0x0, 0x1a, 0x40, 0x3f, 0xf8, 0x18,
    0x1, 0xa9, 0x40, 0x3f, 0xf9, 0xb, 0x40, 0x1b,
    0x0, 0x3f, 0xf8, 0xb, 0x40, 0x1b, 0x0, 0x3f,
    0xf9, 0x18, 0x1, 0xa9, 0x40, 0x3f, 0xf8, 0x2b,
    0x40, 0x6, 0x90, 0xe, 0x17, 0xbe, 0xff, 0x75,
    0xb8, 0x80, 0x74, 0xb0, 0x2, 0x94, 0x3, 0xff,
    0x86, 0xb4, 0xd2, 0x1, 0x86, 0x7a, 0x10, 0x40,
    0x2, 0x91, 0xd2, 0x20, 0x1a, 0x5a, 0x94, 0x3,
    0xff, 0x8a, 0xb2, 0x1, 0x93, 0xd8, 0x3, 0xfc,
    0xde, 0x80, 0x1a, 0x54, 0x3, 0xff, 0x96, 0xd6,
    0x20, 0x1f, 0xfc, 0x1, 0xb6, 0x0, 0xff, 0xe7,
    0xa4, 0x80, 0x62, 0x8c, 0xee, 0x64, 0x10, 0x6,
    0x94, 0x0, 0xff, 0xe6, 0x8d, 0x0, 0x68, 0xd7,
    0x31, 0x11, 0xbe, 0xc0, 0x6, 0xa1, 0x0, 0xff,
    0xe6, 0x40, 0x80, 0x56, 0xe0, 0x1f, 0x9e, 0xc0,
    0x21, 0x80, 0xf, 0xfe, 0x58, 0xb0, 0x5, 0x8,
    0x1, 0xfe, 0x48, 0x0, 0x98, 0x40, 0x3f, 0xf9,
    0x4c, 0x1, 0x13, 0x80, 0x7f, 0xf0, 0x1c, 0x80,
    0x26, 0x0, 0xff, 0xe5, 0x60, 0x5, 0x40, 0x1f,
    0xfc, 0x2a, 0x0, 0xb0, 0x3, 0xff, 0x81, 0xff,
    0xe0, 0xc, 0xa0, 0x12, 0x80, 0x7f, 0xf0, 0x90,
    0x2, 0x50, 0xd, 0xff, 0xe0, 0xf, 0xfe, 0x0,
    0x80, 0x46, 0x1, 0xff, 0xc2, 0x20, 0x8, 0x40,
    0x3f, 0xf9, 0xdd, 0xff, 0xff, 0xc2, 0xe0, 0xf,
    0xfe, 0x70, 0x80, 0x7f, 0xf2, 0x84, 0x3, 0xff,
    0x81, 0xff, 0xe0, 0xc, 0xa0, 0x1f, 0xfc, 0xa5,
    0x0, 0xdf, 0xfe, 0x0, 0xff, 0xe0, 0x60, 0x7,
    0xff, 0x2b, 0x0, 0x3f, 0xf9, 0x4a, 0x1, 0xff,
    0xca, 0x50, 0xf, 0xfe, 0x51, 0x28, 0x7, 0xff,
    0x21, 0x48, 0x3, 0xff, 0x97, 0x0, 0x1f, 0xfc,
    0x88, 0x0, 0xff, 0xe6, 0x14, 0x80, 0x7f, 0xf1,
    0xa4, 0x80, 0x3f, 0xf9, 0xad, 0x0, 0x1f, 0xfc,
    0x48, 0x60, 0xf, 0xfe, 0x7b, 0xc8, 0x7, 0xff,
    0xa, 0x5c, 0x3, 0xff, 0xa2, 0xda, 0x1, 0xff,
    0xc0, 0xd6, 0x0, 0xff, 0xe9, 0x90, 0x7, 0xff,
    0x0, 0x80, 0x3f, 0xff, 0xe0, 0x1f, 0xfe, 0x61,
    0x0, 0xff, 0x8, 0x7, 0xff, 0x5a, 0xc4, 0x3,
    0xf0, 0xd8, 0x7, 0xff, 0x59, 0x7b, 0xff, 0xf7,
    0x28, 0x7, 0xff, 0xfc, 0x3, 0xef, 0xff, 0xc0,
    0x1f, 0xff, 0xf0, 0xf, 0xe1, 0x0, 0xf0, 0x80,
    0x7f, 0xf6, 0xac, 0x40, 0x30, 0xd8, 0x7, 0xff,
    0x69, 0x7b, 0xff, 0x72, 0x80, 0x7f, 0xf1, 0xc0,

    /* U+F1A54 "󱩔" */
    0x0, 0xff, 0xfb, 0xff, 0xe0, 0xf, 0xff, 0xf8,
    0x7, 0xff, 0xfc, 0x3, 0xff, 0xe7, 0x2a, 0x1,
    0xff, 0xce, 0x59, 0x0, 0xff, 0xe1, 0xcb, 0x52,
    0x80, 0x7f, 0xbf, 0xf0, 0x7, 0xf9, 0x69, 0xa4,
    0x3, 0xff, 0x83, 0x2c, 0x0, 0xa5, 0x0, 0xff,
    0xe5, 0x2d, 0x0, 0x1a, 0x40, 0x3f, 0xf8, 0x18,
    0x1, 0xa9, 0x40, 0x3f, 0xf9, 0xb, 0x40, 0x1b,
    0x0, 0x3f, 0xf8, 0xb, 0x40, 0x1b, 0x0, 0x3f,
    0xf9, 0x18, 0x1, 0xa9, 0x40, 0x3f, 0xf8, 0x2b,
    0x40, 0x6, 0x90, 0xe, 0x17, 0xbe, 0xff, 0x75,
    0xb8, 0x80, 0x74, 0xb0, 0x2, 0x94, 0x3, 0xff,
    0x86, 0xb4, 0xd2, 0x1, 0x86, 0x7a, 0x10, 0x40,
    0x2, 0x91, 0xd2, 0x20, 0x1a, 0x5a, 0x94, 0x3,
    0xff, 0x8a, 0xb2, 0x1, 0x93, 0xd8, 0x3, 0xfc,
    0xde, 0x80, 0x1a, 0x54, 0x3, 0xff, 0x96, 0xd6,
    0x20, 0x1f, 0xfc, 0x1, 0xb6, 0x0, 0xff, 0xe7,
    0xa4, 0x80, 0x62, 0x8c, 0xee, 0x64, 0x10, 0x6,
    0x94, 0x0, 0xff, 0xe6, 0x8d, 0x0, 0x68, 0xd7,
    0x31, 0x11, 0xbe, 0xc0, 0x6, 0xa1, 0x0, 0xff,
    0xe6, 0x40, 0x80, 0x56, 0xe0, 0x1f, 0x9e, 0xc0,
    0x21, 0x80, 0xf, 0xfe, 0x58, 0xb0, 0x5, 0x8,
    0x1, 0xfe, 0x48, 0x0, 0x98, 0x40, 0x3f, 0xf9,
    0x4c, 0x1, 0x13, 0x80, 0x7f, 0xf0, 0x1c, 0x80,
    0x26, 0x0, 0xff, 0xe5, 0x60, 0x5, 0x40, 0x1f,
    0xfc, 0x2a, 0x0, 0xb0, 0x3, 0xff, 0x81, 0xff,
    0xe0, 0xc, 0xa0, 0x14, 0x7f, 0xff, 0xf0, 0xa0,
    0x2, 0x50, 0xd, 0xff, 0xe0, 0xf, 0xfe, 0x0,
    0x80, 0x7f, 0xf2, 0x84, 0x3, 0xff, 0xf0, 0x20,
    0x1f, 0xfc, 0xa1, 0x0, 0xff, 0xe0, 0x7f, 0xf8,
    0x3, 0x28, 0x7, 0xff, 0x29, 0x40, 0x37, 0xff,
    0x80, 0x3f, 0xf8, 0x18, 0x1, 0xff, 0xca, 0xc0,
    0xf, 0xfe, 0x52, 0x80, 0x7f, 0xf2, 0x94, 0x3,
    0xff, 0x94, 0x4a, 0x1, 0xff, 0xc8, 0x52, 0x0,
    0xff, 0xe5, 0xc0, 0x7, 0xff, 0x22, 0x0, 0x3f,
    0xf9, 0x85, 0x20, 0x1f, 0xfc, 0x69, 0x20, 0xf,
    0xfe, 0x6b, 0x40, 0x7, 0xff, 0x12, 0x18, 0x3,
    0xff, 0x9e, 0xf2, 0x1, 0xff, 0xc2, 0x97, 0x0,
    0xff, 0xe8, 0xb6, 0x80, 0x7f, 0xf0, 0x35, 0x80,
    0x3f, 0xfa, 0x64, 0x1, 0xff, 0xc0, 0x20, 0xf,
    0xff, 0xf8, 0x7, 0xff, 0x98, 0x40, 0x3f, 0xc2,
    0x1, 0xff, 0xd6, 0xb1, 0x0, 0xfc, 0x36, 0x1,
    0xff, 0xd6, 0x5e, 0xff, 0xfd, 0xca, 0x1, 0xff,
    0xff, 0x0, 0xfb, 0xff, 0xf0, 0x7, 0xff, 0xfc,
    0x3, 0xf8, 0x40, 0x3c, 0x20, 0x1f, 0xfd, 0xab,
    0x10, 0xc, 0x36, 0x1, 0xff, 0xda, 0x5e, 0xff,
    0xdc, 0xa0, 0x1f, 0xfc, 0x70,

    /* U+F1A55 "󱩕" */
    0x0, 0xff, 0xfb, 0xff, 0xe0, 0xf, 0xff, 0xf8,
    0x7, 0xff, 0xfc, 0x3, 0xff, 0xe7, 0x2a, 0x1,
    0xff, 0xce, 0x59, 0x0, 0xff, 0xe1, 0xcb, 0x52,
    0x80, 0x7f, 0xbf, 0xf0, 0x7, 0xf9, 0x69, 0xa4,
    0x3, 0xff, 0x83, 0x2c, 0x0, 0xa5, 0x0, 0xff,
    0xe5, 0x2d, 0x0, 0x1a, 0x40, 0x3f, 0xf8, 0x18,
    0x1, 0xa9, 0x40, 0x3f, 0xf9, 0xb, 0x40, 0x1b,
    0x0, 0x3f, 0xf8, 0xb, 0x40, 0x1b, 0x0, 0x3f,
    0xf9, 0x18, 0x1, 0xa9, 0x40, 0x3f, 0xf8, 0x2b,
    0x40, 0x6, 0x90, 0xe, 0x17, 0xbe, 0xff, 0x75,
    0xb8, 0x80, 0x74, 0xb0, 0x2, 0x94, 0x3, 0xff,
    0x86, 0xb4, 0xd2, 0x1, 0x86, 0x7a, 0x10, 0x40,
    0x2, 0x91, 0xd2, 0x20, 0x1a, 0x5a, 0x94, 0x3,
    0xff, 0x8a, 0xb2, 0x1, 0x93, 0xd8, 0x3, 0xfc,
    0xde, 0x80, 0x1a, 0x54, 0x3, 0xff, 0x96, 0xd6,
    0x20, 0x1f, 0xfc, 0x1, 0xb6, 0x0, 0xff, 0xe7,
    0xa4, 0x80, 0x62, 0x8c, 0xee, 0x64, 0x10, 0x6,
    0x94, 0x0, 0xff, 0xe6, 0x8d, 0x0, 0x67, 0xd7,
    0x31, 0x11, 0xbe, 0xb8, 0x6, 0xa1, 0x0, 0xff,
    0xe6, 0x40, 0x80, 0x55, 0x0, 0x1f, 0xa2, 0x80,
    0x21, 0x80, 0xf, 0xfe, 0x58, 0xb0, 0x4, 0xea,
    0x1, 0xfe, 0x57, 0x0, 0x98, 0x40, 0x3f, 0xf9,
    0x4c, 0x1, 0x9f, 0xff, 0xff, 0x80, 0xe0, 0x19,
    0x80, 0x3f, 0xf9, 0x58, 0x1, 0xff, 0xca, 0xc0,
    0xf, 0xfe, 0x7, 0xff, 0x80, 0x32, 0x80, 0x7f,
    0xf2, 0x94, 0x3, 0x7f, 0xf8, 0x3, 0xff, 0x80,
    0x20, 0x1f, 0xfc, 0xa1, 0x0, 0xff, 0xfc, 0x8,
    0x7, 0xff, 0x28, 0x40, 0x3f, 0xf8, 0x1f, 0xfe,
    0x0, 0xca, 0x1, 0xff, 0xca, 0x50, 0xd, 0xff,
    0xe0, 0xf, 0xfe, 0x6, 0x0, 0x7f, 0xf2, 0xb0,
    0x3, 0xff, 0x94, 0xa0, 0x1f, 0xfc, 0xa5, 0x0,
    0xff, 0xe5, 0x12, 0x80, 0x7f, 0xf2, 0x14, 0x80,
    0x3f, 0xf9, 0x70, 0x1, 0xff, 0xc8, 0x80, 0xf,
    0xfe, 0x61, 0x48, 0x7, 0xff, 0x1a, 0x48, 0x3,
    0xff, 0x9a, 0xd0, 0x1, 0xff, 0xc4, 0x86, 0x0,
    0xff, 0xe7, 0xbc, 0x80, 0x7f, 0xf0, 0xa5, 0xc0,
    0x3f, 0xfa, 0x2d, 0xa0, 0x1f, 0xfc, 0xd, 0x60,
    0xf, 0xfe, 0x99, 0x0, 0x7f, 0xf0, 0x8, 0x3,
    0xff, 0xfe, 0x1, 0xff, 0xe6, 0x10, 0xf, 0xf0,
    0x80, 0x7f, 0xf5, 0xac, 0x40, 0x3f, 0xd, 0x80,
    0x7f, 0xf5, 0x97, 0xbf, 0xff, 0x72, 0x80, 0x7f,
    0xff, 0xc0, 0x3e, 0xff, 0xfc, 0x1, 0xff, 0xff,
    0x0, 0xfe, 0x10, 0xf, 0x8, 0x7, 0xff, 0x6a,
    0xc4, 0x3, 0xd, 0x80, 0x7f, 0xf6, 0x97, 0xbf,
    0xf7, 0x28, 0x7, 0xff, 0x1c,

    /* U+F1A56 "󱩖" */
    0x0, 0xff, 0xfb, 0xff, 0xe0, 0xf, 0xff, 0xf8,
    0x7, 0xff, 0xfc, 0x3, 0xff, 0xe7, 0x2a, 0x1,
    0xff, 0xce, 0x59, 0x0, 0xff, 0xe1, 0xcb, 0x52,
    0x80, 0x7f, 0xbf, 0xf0, 0x7, 0xf9, 0x69, 0xa4,
    0x3, 0xff, 0x83, 0x2c, 0x0, 0xa5, 0x0, 0xff,
    0xe5, 0x2d, 0x0, 0x1a, 0x40, 0x3f, 0xf8, 0x18,
    0x1, 0xa9, 0x40, 0x3f, 0xf9, 0xb, 0x40, 0x1b,
    0x0, 0x3f, 0xf8, 0xb, 0x40, 0x1b, 0x0, 0x3f,
    0xf9, 0x18, 0x1, 0xa9, 0x40, 0x3f, 0xf8, 0x2b,
    0x40, 0x6, 0x90, 0xe, 0x17, 0xbe, 0xff, 0x75,
    0xb8, 0x80, 0x74, 0xb0, 0x2, 0x94, 0x3, 0xff,
    0x86, 0xb4, 0xd2, 0x1, 0x86, 0x7a, 0x10, 0x40,
    0x2, 0x91, 0xd2, 0x20, 0x1a, 0x5a, 0x94, 0x3,
    0xff, 0x8a, 0xb2, 0x1, 0x93, 0xd8, 0x3, 0xfc,
    0xde, 0x80, 0x1a, 0x54, 0x3, 0xff, 0x96, 0xd6,
    0x20, 0x1f, 0xfc, 0x1, 0xb6, 0x0, 0xff, 0xe7,
    0xa4, 0x80, 0x62, 0x8c, 0xee, 0x64, 0x10, 0x6,
    0x94, 0x0, 0xff, 0xe6, 0x8d, 0x0, 0x68, 0xd7,
    0x31, 0x11, 0xbe, 0xc0, 0x6, 0xa1, 0x0, 0xff,
    0xe6, 0x40, 0x80, 0x68, 0xff, 0xfd, 0x0, 0x18,
    0x60, 0x3, 0xff, 0x96, 0x2c, 0x1, 0xff, 0xc8,
    0x61, 0x0, 0xff, 0xe5, 0x30, 0x7, 0xff, 0x29,
    0x80, 0x3f, 0xf9, 0x58, 0x1, 0xff, 0xca, 0xc0,
    0xf, 0xfe, 0x7, 0xff, 0x80, 0x32, 0x80, 0x7f,
    0xf2, 0x94, 0x3, 0x7f, 0xf8, 0x3, 0xff, 0x80,
    0x20, 0x1f, 0xfc, 0xa1, 0x0, 0xff, 0xfc, 0x8,
    0x7, 0xff, 0x28, 0x40, 0x3f, 0xf8, 0x1f, 0xfe,
    0x0, 0xca, 0x1, 0xff, 0xca, 0x50, 0xd, 0xff,
    0xe0, 0xf, 0xfe, 0x6, 0x0, 0x7f, 0xf2, 0xb0,
    0x3, 0xff, 0x94, 0xa0, 0x1f, 0xfc, 0xa5, 0x0,
    0xff, 0xe5, 0x12, 0x80, 0x7f, 0xf2, 0x14, 0x80,
    0x3f, 0xf9, 0x70, 0x1, 0xff, 0xc8, 0x80, 0xf,
    0xfe, 0x61, 0x48, 0x7, 0xff, 0x1a, 0x48, 0x3,
    0xff, 0x9a, 0xd0, 0x1, 0xff, 0xc4, 0x86, 0x0,
    0xff, 0xe7, 0xbc, 0x80, 0x7f, 0xf0, 0xa5, 0xc0,
    0x3f, 0xfa, 0x2d, 0xa0, 0x1f, 0xfc, 0xd, 0x60,
    0xf, 0xfe, 0x99, 0x0, 0x7f, 0xf0, 0x8, 0x3,
    0xff, 0xfe, 0x1, 0xff, 0xe6, 0x10, 0xf, 0xf0,
    0x80, 0x7f, 0xf5, 0xac, 0x40, 0x3f, 0xd, 0x80,
    0x7f, 0xf5, 0x97, 0xbf, 0xff, 0x72, 0x80, 0x7f,
    0xff, 0xc0, 0x3e, 0xff, 0xfc, 0x1, 0xff, 0xff,
    0x0, 0xfe, 0x10, 0xf, 0x8, 0x7, 0xff, 0x6a,
    0xc4, 0x3, 0xd, 0x80, 0x7f, 0xf6, 0x97, 0xbf,
    0xf7, 0x28, 0x7, 0xff, 0x1c,

    /* U+F1B2B "󱬫" */
    0x0, 0xff, 0xed, 0x13, 0x0, 0x7f, 0xf6, 0x63,
    0x50, 0x3, 0xff, 0xae, 0xdc, 0xee, 0x20, 0xf,
    0xfe, 0xb5, 0x48, 0x8a, 0x0, 0x3f, 0xfa, 0xd4,
    0xa0, 0x8, 0x0, 0xff, 0xeb, 0x52, 0x80, 0x15,
    0x80, 0x3f, 0xfa, 0xb4, 0xa0, 0x5, 0xa0, 0xf,
    0xfe, 0xad, 0x28, 0x1, 0x68, 0x3, 0xff, 0xab,
    0x4a, 0x0, 0x5a, 0x0, 0xff, 0xea, 0xd2, 0x80,
    0x16, 0x80, 0x3f, 0xfa, 0xb4, 0xa0, 0x5, 0xa0,
    0xf, 0xfe, 0xad, 0x28, 0x1, 0x68, 0x3, 0xff,
    0xab, 0x4a, 0x0, 0x5a, 0x0, 0xff, 0xea, 0xd2,
    0x80, 0x16, 0x80, 0x3f, 0xfa, 0xb4, 0xa0, 0x5,
    0xa0, 0xf, 0xfe, 0x80, 0xa3, 0xd6, 0x7a, 0x80,
    0x16, 0x80, 0x3f, 0xf9, 0xe9, 0xbd, 0x70, 0xa6,
    0x1, 0x2d, 0x0, 0x7f, 0xf3, 0xd2, 0xc8, 0x3,
    0xf5, 0x0, 0x7f, 0xf3, 0xd2, 0xc0, 0x3f, 0x88,
    0x3, 0xff, 0x9e, 0x96, 0x0, 0x3a, 0xa2, 0x0,
    0x67, 0x0, 0xff, 0xe7, 0x25, 0x80, 0x13, 0x15,
    0x56, 0x80, 0x16, 0x80, 0x7f, 0xf3, 0x52, 0xc0,
    0x2e, 0x0, 0xdc, 0x1, 0x18, 0x7, 0xff, 0x31,
    0x2c, 0x3, 0xff, 0x82, 0xa0, 0x1f, 0xfc, 0xb4,
    0xb0, 0xe, 0x90, 0xd, 0xc0, 0x2, 0x10, 0xf,
    0xfe, 0x52, 0x58, 0x7, 0x8f, 0x15, 0x2d, 0x0,
    0x12, 0x1, 0xff, 0xca, 0x4b, 0x0, 0xfc, 0x75,
    0x68, 0x0, 0xb4, 0x0, 0xff, 0xe4, 0xa5, 0x80,
    0x7f, 0xf0, 0xad, 0x0, 0x3f, 0xf9, 0x29, 0x60,
    0x1f, 0xfc, 0x2b, 0x40, 0xf, 0xfe, 0x4a, 0x58,
    0x7, 0xff, 0xa, 0xd0, 0x3, 0xff, 0x92, 0x96,
    0x1, 0xff, 0xc2, 0xb4, 0x0, 0xff, 0xe4, 0xa5,
    0x80, 0x7f, 0xf0, 0xad, 0x0, 0x3f, 0xf9, 0x25,
    0x60, 0x1f, 0xfc, 0x2b, 0x40, 0xf, 0xfe, 0x55,
    0x80, 0x7f, 0xf0, 0xad, 0x0, 0x3f, 0xf9, 0x68,
    0x1, 0xff, 0xc1, 0xb4, 0x0, 0xff, 0xe6, 0x10,
    0x7, 0xff, 0x2, 0xd0, 0x3, 0xff, 0x9a, 0x40,
    0x1f, 0xf5, 0xa0, 0x7, 0xff, 0x39, 0x0, 0x3f,
    0xd6, 0x80, 0x1f, 0xfc, 0xf8, 0x0, 0xfe, 0xb4,
    0x0, 0xff, 0xe8, 0xd, 0x80, 0x7d, 0x68, 0x1,
    0xff, 0xd2, 0x4e, 0x62, 0x2, 0x6d, 0x40, 0xf,
    0xfe, 0x90,

    /* U+F1B35 "󱬵" */
    0xf, 0xff, 0xff, 0x0, 0x7, 0xff, 0xfc, 0x3,
    0xff, 0xeb, 0xfe, 0x10, 0xf, 0xbf, 0xff, 0xf9,
    0x80, 0x1f, 0xf, 0xf8, 0x3, 0x20, 0x7, 0x94,
    0x3, 0xff, 0x98, 0x80, 0x1e, 0x40, 0xf, 0x40,
    0x80, 0x61, 0x80, 0xf, 0xfe, 0x64, 0x88, 0x6,
    0x1b, 0x0, 0xf1, 0x62, 0x88, 0x97, 0x8, 0x3,
    0xff, 0x98, 0x58, 0xa2, 0x25, 0xf1, 0x0, 0x80,

    /* U+F1C3B "󱰻" */
    0x0, 0xff, 0xe8, 0x7f, 0xff, 0xf0, 0x0, 0x3f,
    0xff, 0xe0, 0x1f, 0xff, 0xf0, 0x7, 0xfe, 0x0,
    0xfd, 0xff, 0x80, 0x37, 0xfe, 0x0, 0xff, 0xe0,
    0x7f, 0xeb, 0x10, 0xf, 0xff, 0xa, 0x50, 0x7,
    0xff, 0x89, 0x0, 0x3f, 0xff, 0xe0, 0x1f, 0xfe,
    0x6, 0x0, 0xff, 0xf1, 0x4c, 0x80, 0x3f, 0xfc,
    0x4c, 0xe0, 0x1f, 0xfc, 0x91, 0x9e, 0x0, 0xdf,
    0xff, 0x80, 0x37, 0x48, 0x6, 0x81, 0x0, 0xff,
    0xe3, 0x8e, 0x30, 0x80, 0x7f, 0xf1, 0x5, 0xb4,
    0x40, 0x29, 0x0, 0xff, 0xe3, 0xd9, 0x0, 0x7f,
    0xf2, 0xa, 0x0, 0x25, 0x0, 0xff, 0xe3, 0xa8,
    0x7, 0xff, 0x29, 0xc0, 0x22, 0x0, 0xff, 0xef,
    0x8, 0x7, 0xff, 0xfc, 0x3, 0xff, 0xfe, 0x1,
    0xff, 0xff, 0x0, 0xff, 0xff, 0x80, 0x7f, 0xff,
    0xc0, 0x3f, 0xff, 0xe0, 0x1f, 0xfd, 0xf7, 0x0,
    0xff, 0xe5, 0x38, 0x7, 0xff, 0x2e, 0x1c, 0x3,
    0xff, 0x90, 0xf0, 0x1, 0xff, 0xcc, 0x88, 0x0,
    0x7f, 0xf1, 0xa2, 0x0, 0x1b, 0x0, 0x3f, 0xf9,
    0x2f, 0x0, 0x1f, 0xfc, 0x48, 0x70, 0xd, 0x86,
    0x1, 0xff, 0xca, 0x78, 0x0, 0xff, 0xe1, 0x43,
    0x80, 0x6c, 0x30, 0xf, 0xfe, 0x63, 0xc0, 0x7,
    0xff, 0x2, 0x1c, 0x3, 0x61, 0x80, 0x7f, 0xf3,
    0x9e, 0x0, 0x3f, 0xd0, 0xe0, 0x1b, 0xc, 0x3,
    0xff, 0xa0, 0xe0, 0x1f, 0xe7, 0x0, 0xd8, 0x60,
    0x1f, 0xfe, 0x13, 0x0, 0xff, 0xff, 0x80, 0x7f,
    0xf1, 0x84, 0x3, 0xff, 0xc4, 0x80, 0x1f, 0xfc,
    0xa4, 0x0, 0xff, 0xe5, 0xda, 0x88, 0x7, 0xff,
    0x18, 0x56, 0x80
};


/*---------------------
 *  GLYPH DESCRIPTION
 *--------------------*/

static const lv_font_fmt_txt_glyph_dsc_t glyph_dsc[] = {
    {.bitmap_index = 0, .adv_w = 0, .box_w = 0, .box_h = 0, .ofs_x = 0, .ofs_y = 0} /* id = 0 reserved */,
    {.bitmap_index = 0, .adv_w = 768, .box_w = 46, .box_h = 38, .ofs_x = 1, .ofs_y = 0},
    {.bitmap_index = 279, .adv_w = 768, .box_w = 40, .box_h = 40, .ofs_x = 4, .ofs_y = -2},
    {.bitmap_index = 565, .adv_w = 768, .box_w = 36, .box_h = 36, .ofs_x = 6, .ofs_y = 0},
    {.bitmap_index = 772, .adv_w = 768, .box_w = 28, .box_h = 28, .ofs_x = 10, .ofs_y = 4},
    {.bitmap_index = 934, .adv_w = 768, .box_w = 28, .box_h = 28, .ofs_x = 10, .ofs_y = 4},
    {.bitmap_index = 1095, .adv_w = 768, .box_w = 32, .box_h = 33, .ofs_x = 8, .ofs_y = 2},
    {.bitmap_index = 1285, .adv_w = 768, .box_w = 36, .box_h = 36, .ofs_x = 6, .ofs_y = 0},
    {.bitmap_index = 1576, .adv_w = 768, .box_w = 33, .box_h = 32, .ofs_x = 8, .ofs_y = 2},
    {.bitmap_index = 1771, .adv_w = 768, .box_w = 33, .box_h = 32, .ofs_x = 8, .ofs_y = 2},
    {.bitmap_index = 1962, .adv_w = 768, .box_w = 33, .box_h = 32, .ofs_x = 7, .ofs_y = 2},
    {.bitmap_index = 2157, .adv_w = 768, .box_w = 28, .box_h = 28, .ofs_x = 10, .ofs_y = 4},
    {.bitmap_index = 2316, .adv_w = 768, .box_w = 28, .box_h = 28, .ofs_x = 10, .ofs_y = 4},
    {.bitmap_index = 2479, .adv_w = 768, .box_w = 32, .box_h = 33, .ofs_x = 8, .ofs_y = 1},
    {.bitmap_index = 2673, .adv_w = 768, .box_w = 40, .box_h = 40, .ofs_x = 4, .ofs_y = -2},
    {.bitmap_index = 3015, .adv_w = 768, .box_w = 36, .box_h = 43, .ofs_x = 6, .ofs_y = -5},
    {.bitmap_index = 3236, .adv_w = 768, .box_w = 48, .box_h = 48, .ofs_x = 0, .ofs_y = -6},
    {.bitmap_index = 3887, .adv_w = 768, .box_w = 26, .box_h = 40, .ofs_x = 10, .ofs_y = -2},
    {.bitmap_index = 4172, .adv_w = 768, .box_w = 36, .box_h = 40, .ofs_x = 6, .ofs_y = -2},
    {.bitmap_index = 4547, .adv_w = 768, .box_w = 34, .box_h = 36, .ofs_x = 7, .ofs_y = 0},
    {.bitmap_index = 4773, .adv_w = 768, .box_w = 40, .box_h = 43, .ofs_x = 4, .ofs_y = -2},
    {.bitmap_index = 5213, .adv_w = 768, .box_w = 40, .box_h = 34, .ofs_x = 4, .ofs_y = 4},
    {.bitmap_index = 5399, .adv_w = 768, .box_w = 40, .box_h = 36, .ofs_x = 4, .ofs_y = 0},
    {.bitmap_index = 5670, .adv_w = 768, .box_w = 35, .box_h = 27, .ofs_x = 7, .ofs_y = 4},
    {.bitmap_index = 5879, .adv_w = 768, .box_w = 24, .box_h = 15, .ofs_x = 12, .ofs_y = 10},
    {.bitmap_index = 5998, .adv_w = 768, .box_w = 15, .box_h = 24, .ofs_x = 16, .ofs_y = 6},
    {.bitmap_index = 6115, .adv_w = 768, .box_w = 15, .box_h = 24, .ofs_x = 17, .ofs_y = 6},
    {.bitmap_index = 6232, .adv_w = 768, .box_w = 24, .box_h = 15, .ofs_x = 12, .ofs_y = 11},
    {.bitmap_index = 6348, .adv_w = 768, .box_w = 40, .box_h = 40, .ofs_x = 4, .ofs_y = -2},
    {.bitmap_index = 6810, .adv_w = 768, .box_w = 28, .box_h = 28, .ofs_x = 10, .ofs_y = 4},
    {.bitmap_index = 7055, .adv_w = 768, .box_w = 40, .box_h = 40, .ofs_x = 4, .ofs_y = -2},
    {.bitmap_index = 7479, .adv_w = 768, .box_w = 36, .box_h = 36, .ofs_x = 6, .ofs_y = 0},
    {.bitmap_index = 7667, .adv_w = 768, .box_w = 40, .box_h = 24, .ofs_x = 4, .ofs_y = 6},
    {.bitmap_index = 7943, .adv_w = 768, .box_w = 40, .box_h = 36, .ofs_x = 4, .ofs_y = 0},
    {.bitmap_index = 8122, .adv_w = 768, .box_w = 38, .box_h = 46, .ofs_x = 4, .ofs_y = -5},
    {.bitmap_index = 8270, .adv_w = 768, .box_w = 46, .box_h = 46, .ofs_x = 1, .ofs_y = -5},
    {.bitmap_index = 8772, .adv_w = 768, .box_w = 37, .box_h = 40, .ofs_x = 6, .ofs_y = -2},
    {.bitmap_index = 9146, .adv_w = 768, .box_w = 28, .box_h = 36, .ofs_x = 10, .ofs_y = 0},
    {.bitmap_index = 9231, .adv_w = 768, .box_w = 34, .box_h = 36, .ofs_x = 7, .ofs_y = 0},
    {.bitmap_index = 9576, .adv_w = 768, .box_w = 42, .box_h = 42, .ofs_x = 3, .ofs_y = -3},
    {.bitmap_index = 9881, .adv_w = 768, .box_w = 10, .box_h = 34, .ofs_x = 19, .ofs_y = 1},
    {.bitmap_index = 9997, .adv_w = 768, .box_w = 28, .box_h = 35, .ofs_x = 10, .ofs_y = 1},
    {.bitmap_index = 10132, .adv_w = 768, .box_w = 28, .box_h = 28, .ofs_x = 10, .ofs_y = 4},
    {.bitmap_index = 10284, .adv_w = 768, .box_w = 46, .box_h = 34, .ofs_x = 1, .ofs_y = 1},
    {.bitmap_index = 10414, .adv_w = 768, .box_w = 40, .box_h = 38, .ofs_x = 4, .ofs_y = -2},
    {.bitmap_index = 10537, .adv_w = 768, .box_w = 46, .box_h = 30, .ofs_x = 1, .ofs_y = 3},
    {.bitmap_index = 10924, .adv_w = 768, .box_w = 46, .box_h = 38, .ofs_x = 1, .ofs_y = -2},
    {.bitmap_index = 11433, .adv_w = 768, .box_w = 41, .box_h = 40, .ofs_x = 4, .ofs_y = -2},
    {.bitmap_index = 11807, .adv_w = 768, .box_w = 40, .box_h = 43, .ofs_x = 4, .ofs_y = -2},
    {.bitmap_index = 11968, .adv_w = 768, .box_w = 30, .box_h = 37, .ofs_x = 9, .ofs_y = -1},
    {.bitmap_index = 12290, .adv_w = 768, .box_w = 22, .box_h = 40, .ofs_x = 13, .ofs_y = -2},
    {.bitmap_index = 12454, .adv_w = 768, .box_w = 40, .box_h = 34, .ofs_x = 4, .ofs_y = 1},
    {.bitmap_index = 12573, .adv_w = 768, .box_w = 40, .box_h = 34, .ofs_x = 4, .ofs_y = 1},
    {.bitmap_index = 12697, .adv_w = 768, .box_w = 40, .box_h = 34, .ofs_x = 4, .ofs_y = 1},
    {.bitmap_index = 12875, .adv_w = 768, .box_w = 38, .box_h = 30, .ofs_x = 4, .ofs_y = 3},
    {.bitmap_index = 13008, .adv_w = 768, .box_w = 45, .box_h = 45, .ofs_x = 0, .ofs_y = -6},
    {.bitmap_index = 13403, .adv_w = 768, .box_w = 40, .box_h = 40, .ofs_x = 4, .ofs_y = -2},
    {.bitmap_index = 13801, .adv_w = 768, .box_w = 40, .box_h = 35, .ofs_x = 4, .ofs_y = 1},
    {.bitmap_index = 13980, .adv_w = 768, .box_w = 46, .box_h = 31, .ofs_x = 1, .ofs_y = 1},
    {.bitmap_index = 14140, .adv_w = 768, .box_w = 40, .box_h = 28, .ofs_x = 4, .ofs_y = 4},
    {.bitmap_index = 14311, .adv_w = 768, .box_w = 36, .box_h = 36, .ofs_x = 6, .ofs_y = 0},
    {.bitmap_index = 14552, .adv_w = 768, .box_w = 40, .box_h = 40, .ofs_x = 4, .ofs_y = -2},
    {.bitmap_index = 14838, .adv_w = 768, .box_w = 40, .box_h = 40, .ofs_x = 4, .ofs_y = -2},
    {.bitmap_index = 15261, .adv_w = 768, .box_w = 40, .box_h = 28, .ofs_x = 4, .ofs_y = 4},
    {.bitmap_index = 15394, .adv_w = 768, .box_w = 40, .box_h = 41, .ofs_x = 4, .ofs_y = -5},
    {.bitmap_index = 15595, .adv_w = 768, .box_w = 38, .box_h = 24, .ofs_x = 4, .ofs_y = 6},
    {.bitmap_index = 15741, .adv_w = 768, .box_w = 40, .box_h = 40, .ofs_x = 4, .ofs_y = -2},
    {.bitmap_index = 15981, .adv_w = 768, .box_w = 36, .box_h = 39, .ofs_x = 6, .ofs_y = -1},
    {.bitmap_index = 16345, .adv_w = 768, .box_w = 40, .box_h = 38, .ofs_x = 4, .ofs_y = -2},
    {.bitmap_index = 16721, .adv_w = 768, .box_w = 28, .box_h = 40, .ofs_x = 10, .ofs_y = -2},
    {.bitmap_index = 16928, .adv_w = 768, .box_w = 28, .box_h = 40, .ofs_x = 10, .ofs_y = -2},
    {.bitmap_index = 17217, .adv_w = 768, .box_w = 38, .box_h = 38, .ofs_x = 5, .ofs_y = -1},
    {.bitmap_index = 17658, .adv_w = 768, .box_w = 34, .box_h = 43, .ofs_x = 7, .ofs_y = -2},
    {.bitmap_index = 17877, .adv_w = 768, .box_w = 36, .box_h = 40, .ofs_x = 6, .ofs_y = -2},
    {.bitmap_index = 18096, .adv_w = 768, .box_w = 35, .box_h = 35, .ofs_x = 6, .ofs_y = 1},
    {.bitmap_index = 18429, .adv_w = 768, .box_w = 40, .box_h = 40, .ofs_x = 4, .ofs_y = -2},
    {.bitmap_index = 18566, .adv_w = 768, .box_w = 28, .box_h = 4, .ofs_x = 10, .ofs_y = 16},
    {.bitmap_index = 18575, .adv_w = 768, .box_w = 48, .box_h = 47, .ofs_x = 0, .ofs_y = -6},
    {.bitmap_index = 18961, .adv_w = 768, .box_w = 44, .box_h = 40, .ofs_x = 2, .ofs_y = -2},
    {.bitmap_index = 19405, .adv_w = 768, .box_w = 36, .box_h = 36, .ofs_x = 6, .ofs_y = 0},
    {.bitmap_index = 19729, .adv_w = 768, .box_w = 24, .box_h = 28, .ofs_x = 12, .ofs_y = 4},
    {.bitmap_index = 19763, .adv_w = 768, .box_w = 36, .box_h = 36, .ofs_x = 6, .ofs_y = 0},
    {.bitmap_index = 20059, .adv_w = 768, .box_w = 22, .box_h = 29, .ofs_x = 16, .ofs_y = 3},
    {.bitmap_index = 20195, .adv_w = 768, .box_w = 40, .box_h = 40, .ofs_x = 4, .ofs_y = -2},
    {.bitmap_index = 20540, .adv_w = 768, .box_w = 28, .box_h = 28, .ofs_x = 10, .ofs_y = 4},
    {.bitmap_index = 20595, .adv_w = 768, .box_w = 34, .box_h = 35, .ofs_x = 7, .ofs_y = 1},
    {.bitmap_index = 20903, .adv_w = 768, .box_w = 36, .box_h = 28, .ofs_x = 6, .ofs_y = 4},
    {.bitmap_index = 21071, .adv_w = 768, .box_w = 40, .box_h = 36, .ofs_x = 4, .ofs_y = 0},
    {.bitmap_index = 21194, .adv_w = 768, .box_w = 40, .box_h = 40, .ofs_x = 4, .ofs_y = -2},
    {.bitmap_index = 21495, .adv_w = 768, .box_w = 48, .box_h = 48, .ofs_x = 0, .ofs_y = -6},
    {.bitmap_index = 21726, .adv_w = 768, .box_w = 40, .box_h = 40, .ofs_x = 4, .ofs_y = -2},
    {.bitmap_index = 22112, .adv_w = 768, .box_w = 41, .box_h = 19, .ofs_x = 3, .ofs_y = 10},
    {.bitmap_index = 22309, .adv_w = 768, .box_w = 34, .box_h = 34, .ofs_x = 7, .ofs_y = 1},
    {.bitmap_index = 22629, .adv_w = 768, .box_w = 33, .box_h = 39, .ofs_x = 8, .ofs_y = 2},
    {.bitmap_index = 22949, .adv_w = 768, .box_w = 33, .box_h = 39, .ofs_x = 7, .ofs_y = 2},
    {.bitmap_index = 23272, .adv_w = 768, .box_w = 36, .box_h = 36, .ofs_x = 6, .ofs_y = 0},
    {.bitmap_index = 23469, .adv_w = 768, .box_w = 44, .box_h = 44, .ofs_x = 2, .ofs_y = -4},
    {.bitmap_index = 23874, .adv_w = 768, .box_w = 34, .box_h = 40, .ofs_x = 7, .ofs_y = -2},
    {.bitmap_index = 24011, .adv_w = 768, .box_w = 43, .box_h = 36, .ofs_x = 4, .ofs_y = 0},
    {.bitmap_index = 24268, .adv_w = 768, .box_w = 40, .box_h = 40, .ofs_x = 4, .ofs_y = -2},
    {.bitmap_index = 24636, .adv_w = 768, .box_w = 46, .box_h = 34, .ofs_x = 1, .ofs_y = 1},
    {.bitmap_index = 24859, .adv_w = 768, .box_w = 40, .box_h = 35, .ofs_x = 4, .ofs_y = 1},
    {.bitmap_index = 25281, .adv_w = 768, .box_w = 40, .box_h = 38, .ofs_x = 4, .ofs_y = 0},
    {.bitmap_index = 25594, .adv_w = 768, .box_w = 24, .box_h = 24, .ofs_x = 12, .ofs_y = 6},
    {.bitmap_index = 25623, .adv_w = 768, .box_w = 28, .box_h = 36, .ofs_x = 10, .ofs_y = 0},
    {.bitmap_index = 25767, .adv_w = 768, .box_w = 34, .box_h = 46, .ofs_x = 7, .ofs_y = -5},
    {.bitmap_index = 26123, .adv_w = 768, .box_w = 40, .box_h = 40, .ofs_x = 4, .ofs_y = -2},
    {.bitmap_index = 26492, .adv_w = 768, .box_w = 22, .box_h = 40, .ofs_x = 13, .ofs_y = -2},
    {.bitmap_index = 26660, .adv_w = 768, .box_w = 36, .box_h = 41, .ofs_x = 6, .ofs_y = -3},
    {.bitmap_index = 26947, .adv_w = 768, .box_w = 24, .box_h = 40, .ofs_x = 12, .ofs_y = -2},
    {.bitmap_index = 27160, .adv_w = 768, .box_w = 41, .box_h = 19, .ofs_x = 4, .ofs_y = 10},
    {.bitmap_index = 27358, .adv_w = 768, .box_w = 29, .box_h = 44, .ofs_x = 9, .ofs_y = -3},
    {.bitmap_index = 27590, .adv_w = 768, .box_w = 48, .box_h = 36, .ofs_x = 0, .ofs_y = 0},
    {.bitmap_index = 27737, .adv_w = 768, .box_w = 36, .box_h = 24, .ofs_x = 6, .ofs_y = 6},
    {.bitmap_index = 27836, .adv_w = 768, .box_w = 38, .box_h = 38, .ofs_x = 4, .ofs_y = 0},
    {.bitmap_index = 28147, .adv_w = 768, .box_w = 36, .box_h = 36, .ofs_x = 6, .ofs_y = 0},
    {.bitmap_index = 28224, .adv_w = 768, .box_w = 36, .box_h = 36, .ofs_x = 6, .ofs_y = 0},
    {.bitmap_index = 28304, .adv_w = 768, .box_w = 35, .box_h = 28, .ofs_x = 7, .ofs_y = 4},
    {.bitmap_index = 28379, .adv_w = 768, .box_w = 36, .box_h = 36, .ofs_x = 6, .ofs_y = 0},
    {.bitmap_index = 28686, .adv_w = 768, .box_w = 28, .box_h = 34, .ofs_x = 10, .ofs_y = 1},
    {.bitmap_index = 28837, .adv_w = 768, .box_w = 36, .box_h = 36, .ofs_x = 6, .ofs_y = 0},
    {.bitmap_index = 29255, .adv_w = 768, .box_w = 24, .box_h = 35, .ofs_x = 12, .ofs_y = 1},
    {.bitmap_index = 29454, .adv_w = 768, .box_w = 40, .box_h = 36, .ofs_x = 4, .ofs_y = 0},
    {.bitmap_index = 29698, .adv_w = 768, .box_w = 44, .box_h = 36, .ofs_x = 2, .ofs_y = 0},
    {.bitmap_index = 30059, .adv_w = 768, .box_w = 45, .box_h = 36, .ofs_x = 1, .ofs_y = 0},
    {.bitmap_index = 30514, .adv_w = 768, .box_w = 46, .box_h = 40, .ofs_x = 1, .ofs_y = -2},
    {.bitmap_index = 30941, .adv_w = 768, .box_w = 40, .box_h = 40, .ofs_x = 4, .ofs_y = -2},
    {.bitmap_index = 31096, .adv_w = 768, .box_w = 46, .box_h = 40, .ofs_x = 1, .ofs_y = -2},
    {.bitmap_index = 31339, .adv_w = 768, .box_w = 40, .box_h = 40, .ofs_x = 4, .ofs_y = -2},
    {.bitmap_index = 31855, .adv_w = 768, .box_w = 40, .box_h = 40, .ofs_x = 4, .ofs_y = -2},
    {.bitmap_index = 32369, .adv_w = 768, .box_w = 34, .box_h = 40, .ofs_x = 7, .ofs_y = -2},
    {.bitmap_index = 32696, .adv_w = 768, .box_w = 36, .box_h = 36, .ofs_x = 6, .ofs_y = 0},
    {.bitmap_index = 32811, .adv_w = 768, .box_w = 40, .box_h = 48, .ofs_x = 4, .ofs_y = -6},
    {.bitmap_index = 33063, .adv_w = 768, .box_w = 40, .box_h = 34, .ofs_x = 4, .ofs_y = 1},
    {.bitmap_index = 33281, .adv_w = 768, .box_w = 24, .box_h = 36, .ofs_x = 12, .ofs_y = 0},
    {.bitmap_index = 33389, .adv_w = 768, .box_w = 43, .box_h = 43, .ofs_x = 2, .ofs_y = -4},
    {.bitmap_index = 33733, .adv_w = 768, .box_w = 46, .box_h = 40, .ofs_x = 1, .ofs_y = -2},
    {.bitmap_index = 34072, .adv_w = 768, .box_w = 37, .box_h = 38, .ofs_x = 5, .ofs_y = -1},
    {.bitmap_index = 34488, .adv_w = 768, .box_w = 48, .box_h = 22, .ofs_x = 0, .ofs_y = 7},
    {.bitmap_index = 34855, .adv_w = 768, .box_w = 46, .box_h = 46, .ofs_x = 1, .ofs_y = -5},
    {.bitmap_index = 35191, .adv_w = 768, .box_w = 34, .box_h = 40, .ofs_x = 7, .ofs_y = 1},
    {.bitmap_index = 35553, .adv_w = 768, .box_w = 38, .box_h = 40, .ofs_x = 5, .ofs_y = -2},
    {.bitmap_index = 35950, .adv_w = 768, .box_w = 32, .box_h = 33, .ofs_x = 8, .ofs_y = 2},
    {.bitmap_index = 36091, .adv_w = 768, .box_w = 33, .box_h = 32, .ofs_x = 8, .ofs_y = 2},
    {.bitmap_index = 36229, .adv_w = 768, .box_w = 33, .box_h = 32, .ofs_x = 7, .ofs_y = 2},
    {.bitmap_index = 36367, .adv_w = 768, .box_w = 32, .box_h = 33, .ofs_x = 8, .ofs_y = 1},
    {.bitmap_index = 36511, .adv_w = 768, .box_w = 40, .box_h = 40, .ofs_x = 4, .ofs_y = -2},
    {.bitmap_index = 37021, .adv_w = 768, .box_w = 40, .box_h = 40, .ofs_x = 4, .ofs_y = -2},
    {.bitmap_index = 37149, .adv_w = 768, .box_w = 43, .box_h = 34, .ofs_x = 4, .ofs_y = 1},
    {.bitmap_index = 37349, .adv_w = 768, .box_w = 40, .box_h = 40, .ofs_x = 4, .ofs_y = -2},
    {.bitmap_index = 37577, .adv_w = 768, .box_w = 40, .box_h = 40, .ofs_x = 4, .ofs_y = -2},
    {.bitmap_index = 37805, .adv_w = 768, .box_w = 40, .box_h = 40, .ofs_x = 4, .ofs_y = -2},
    {.bitmap_index = 38030, .adv_w = 768, .box_w = 40, .box_h = 40, .ofs_x = 4, .ofs_y = -2},
    {.bitmap_index = 38256, .adv_w = 768, .box_w = 38, .box_h = 38, .ofs_x = 5, .ofs_y = -1},
    {.bitmap_index = 38681, .adv_w = 768, .box_w = 40, .box_h = 40, .ofs_x = 4, .ofs_y = -2},
    {.bitmap_index = 39025, .adv_w = 768, .box_w = 40, .box_h = 40, .ofs_x = 4, .ofs_y = -2},
    {.bitmap_index = 39154, .adv_w = 768, .box_w = 40, .box_h = 40, .ofs_x = 4, .ofs_y = -2},
    {.bitmap_index = 39485, .adv_w = 768, .box_w = 40, .box_h = 36, .ofs_x = 4, .ofs_y = 0},
    {.bitmap_index = 39687, .adv_w = 768, .box_w = 41, .box_h = 40, .ofs_x = 4, .ofs_y = -2},
    {.bitmap_index = 40157, .adv_w = 768, .box_w = 36, .box_h = 36, .ofs_x = 6, .ofs_y = 0},
    {.bitmap_index = 40518, .adv_w = 768, .box_w = 36, .box_h = 36, .ofs_x = 6, .ofs_y = 0},
    {.bitmap_index = 40876, .adv_w = 768, .box_w = 4, .box_h = 36, .ofs_x = 22, .ofs_y = 0},
    {.bitmap_index = 40884, .adv_w = 768, .box_w = 40, .box_h = 40, .ofs_x = 4, .ofs_y = -2},
    {.bitmap_index = 41257, .adv_w = 768, .box_w = 37, .box_h = 37, .ofs_x = 5, .ofs_y = -1},
    {.bitmap_index = 41591, .adv_w = 768, .box_w = 37, .box_h = 36, .ofs_x = 6, .ofs_y = 0},
    {.bitmap_index = 41928, .adv_w = 768, .box_w = 48, .box_h = 38, .ofs_x = 0, .ofs_y = -2},
    {.bitmap_index = 42343, .adv_w = 768, .box_w = 48, .box_h = 38, .ofs_x = 0, .ofs_y = -2},
    {.bitmap_index = 42749, .adv_w = 768, .box_w = 48, .box_h = 38, .ofs_x = 0, .ofs_y = -2},
    {.bitmap_index = 43176, .adv_w = 768, .box_w = 48, .box_h = 38, .ofs_x = 0, .ofs_y = -2},
    {.bitmap_index = 43581, .adv_w = 768, .box_w = 48, .box_h = 38, .ofs_x = 0, .ofs_y = -2},
    {.bitmap_index = 44024, .adv_w = 768, .box_w = 48, .box_h = 38, .ofs_x = 0, .ofs_y = -2},
    {.bitmap_index = 44424, .adv_w = 768, .box_w = 48, .box_h = 38, .ofs_x = 0, .ofs_y = -2},
    {.bitmap_index = 44877, .adv_w = 768, .box_w = 48, .box_h = 38, .ofs_x = 0, .ofs_y = -2},
    {.bitmap_index = 45179, .adv_w = 768, .box_w = 48, .box_h = 38, .ofs_x = 0, .ofs_y = -2},
    {.bitmap_index = 45536, .adv_w = 768, .box_w = 40, .box_h = 40, .ofs_x = 4, .ofs_y = -2},
    {.bitmap_index = 45748, .adv_w = 768, .box_w = 41, .box_h = 36, .ofs_x = 4, .ofs_y = 0},
    {.bitmap_index = 46100, .adv_w = 768, .box_w = 41, .box_h = 40, .ofs_x = 4, .ofs_y = -2},
    {.bitmap_index = 46552, .adv_w = 768, .box_w = 40, .box_h = 34, .ofs_x = 4, .ofs_y = 1},
    {.bitmap_index = 46699, .adv_w = 768, .box_w = 46, .box_h = 40, .ofs_x = 1, .ofs_y = -2},
    {.bitmap_index = 47043, .adv_w = 768, .box_w = 40, .box_h = 40, .ofs_x = 4, .ofs_y = -2},
    {.bitmap_index = 47397, .adv_w = 768, .box_w = 34, .box_h = 36, .ofs_x = 7, .ofs_y = 0},
    {.bitmap_index = 47502, .adv_w = 768, .box_w = 48, .box_h = 36, .ofs_x = 0, .ofs_y = 0},
    {.bitmap_index = 47910, .adv_w = 768, .box_w = 40, .box_h = 40, .ofs_x = 4, .ofs_y = -2},
    {.bitmap_index = 48099, .adv_w = 768, .box_w = 40, .box_h = 40, .ofs_x = 4, .ofs_y = -2},
    {.bitmap_index = 48409, .adv_w = 768, .box_w = 40, .box_h = 40, .ofs_x = 4, .ofs_y = -2},
    {.bitmap_index = 48798, .adv_w = 768, .box_w = 40, .box_h = 27, .ofs_x = 4, .ofs_y = 4},
    {.bitmap_index = 49115, .adv_w = 768, .box_w = 42, .box_h = 40, .ofs_x = 3, .ofs_y = -2},
    {.bitmap_index = 49410, .adv_w = 768, .box_w = 42, .box_h = 38, .ofs_x = 3, .ofs_y = -2},
    {.bitmap_index = 49649, .adv_w = 768, .box_w = 42, .box_h = 38, .ofs_x = 3, .ofs_y = -2},
    {.bitmap_index = 49884, .adv_w = 768, .box_w = 42, .box_h = 38, .ofs_x = 3, .ofs_y = 0},
    {.bitmap_index = 50139, .adv_w = 768, .box_w = 43, .box_h = 44, .ofs_x = 4, .ofs_y = -2},
    {.bitmap_index = 50568, .adv_w = 768, .box_w = 39, .box_h = 41, .ofs_x = 5, .ofs_y = -3},
    {.bitmap_index = 50796, .adv_w = 768, .box_w = 39, .box_h = 41, .ofs_x = 5, .ofs_y = -3},
    {.bitmap_index = 51030, .adv_w = 768, .box_w = 39, .box_h = 32, .ofs_x = 5, .ofs_y = 1},
    {.bitmap_index = 51288, .adv_w = 768, .box_w = 37, .box_h = 40, .ofs_x = 4, .ofs_y = -2},
    {.bitmap_index = 51674, .adv_w = 768, .box_w = 34, .box_h = 40, .ofs_x = 4, .ofs_y = -2},
    {.bitmap_index = 51824, .adv_w = 768, .box_w = 46, .box_h = 22, .ofs_x = 1, .ofs_y = 7},
    {.bitmap_index = 52061, .adv_w = 768, .box_w = 22, .box_h = 46, .ofs_x = 13, .ofs_y = -5},
    {.bitmap_index = 52287, .adv_w = 768, .box_w = 46, .box_h = 21, .ofs_x = 1, .ofs_y = 12},
    {.bitmap_index = 52513, .adv_w = 768, .box_w = 48, .box_h = 48, .ofs_x = 0, .ofs_y = -6},
    {.bitmap_index = 53009, .adv_w = 768, .box_w = 22, .box_h = 28, .ofs_x = 13, .ofs_y = 4},
    {.bitmap_index = 53171, .adv_w = 768, .box_w = 40, .box_h = 38, .ofs_x = 4, .ofs_y = -2},
    {.bitmap_index = 53418, .adv_w = 768, .box_w = 40, .box_h = 39, .ofs_x = 4, .ofs_y = 1},
    {.bitmap_index = 53854, .adv_w = 768, .box_w = 40, .box_h = 35, .ofs_x = 4, .ofs_y = 1},
    {.bitmap_index = 54276, .adv_w = 768, .box_w = 40, .box_h = 35, .ofs_x = 4, .ofs_y = 1},
    {.bitmap_index = 54530, .adv_w = 768, .box_w = 40, .box_h = 40, .ofs_x = 4, .ofs_y = -2},
    {.bitmap_index = 54814, .adv_w = 768, .box_w = 43, .box_h = 43, .ofs_x = 4, .ofs_y = -2},
    {.bitmap_index = 55057, .adv_w = 768, .box_w = 40, .box_h = 34, .ofs_x = 4, .ofs_y = 1},
    {.bitmap_index = 55235, .adv_w = 768, .box_w = 40, .box_h = 40, .ofs_x = 4, .ofs_y = -2},
    {.bitmap_index = 55576, .adv_w = 768, .box_w = 40, .box_h = 40, .ofs_x = 4, .ofs_y = -2},
    {.bitmap_index = 55939, .adv_w = 768, .box_w = 40, .box_h = 40, .ofs_x = 4, .ofs_y = -2},
    {.bitmap_index = 56247, .adv_w = 768, .box_w = 43, .box_h = 40, .ofs_x = 4, .ofs_y = -2},
    {.bitmap_index = 56419, .adv_w = 768, .box_w = 36, .box_h = 36, .ofs_x = 6, .ofs_y = 0},
    {.bitmap_index = 56560, .adv_w = 768, .box_w = 40, .box_h = 40, .ofs_x = 4, .ofs_y = -2},
    {.bitmap_index = 56844, .adv_w = 768, .box_w = 36, .box_h = 35, .ofs_x = 6, .ofs_y = 1},
    {.bitmap_index = 56960, .adv_w = 768, .box_w = 40, .box_h = 38, .ofs_x = 4, .ofs_y = -1},
    {.bitmap_index = 57418, .adv_w = 768, .box_w = 24, .box_h = 36, .ofs_x = 12, .ofs_y = 0},
    {.bitmap_index = 57556, .adv_w = 768, .box_w = 40, .box_h = 40, .ofs_x = 4, .ofs_y = -2},
    {.bitmap_index = 57994, .adv_w = 768, .box_w = 40, .box_h = 16, .ofs_x = 4, .ofs_y = 10},
    {.bitmap_index = 58063, .adv_w = 768, .box_w = 40, .box_h = 40, .ofs_x = 4, .ofs_y = -2},
    {.bitmap_index = 58440, .adv_w = 768, .box_w = 43, .box_h = 43, .ofs_x = 2, .ofs_y = -4},
    {.bitmap_index = 58834, .adv_w = 768, .box_w = 40, .box_h = 36, .ofs_x = 4, .ofs_y = 0},
    {.bitmap_index = 59113, .adv_w = 768, .box_w = 36, .box_h = 40, .ofs_x = 6, .ofs_y = -2},
    {.bitmap_index = 59404, .adv_w = 768, .box_w = 28, .box_h = 40, .ofs_x = 10, .ofs_y = -2},
    {.bitmap_index = 59504, .adv_w = 768, .box_w = 42, .box_h = 36, .ofs_x = 2, .ofs_y = 0},
    {.bitmap_index = 59841, .adv_w = 768, .box_w = 44, .box_h = 38, .ofs_x = 2, .ofs_y = -2},
    {.bitmap_index = 60276, .adv_w = 768, .box_w = 45, .box_h = 38, .ofs_x = 2, .ofs_y = -2},
    {.bitmap_index = 60681, .adv_w = 768, .box_w = 37, .box_h = 34, .ofs_x = 7, .ofs_y = 1},
    {.bitmap_index = 60898, .adv_w = 768, .box_w = 43, .box_h = 40, .ofs_x = 4, .ofs_y = -2},
    {.bitmap_index = 61166, .adv_w = 768, .box_w = 40, .box_h = 37, .ofs_x = 4, .ofs_y = -2},
    {.bitmap_index = 61363, .adv_w = 768, .box_w = 40, .box_h = 37, .ofs_x = 4, .ofs_y = -2},
    {.bitmap_index = 61533, .adv_w = 768, .box_w = 36, .box_h = 34, .ofs_x = 6, .ofs_y = 1},
    {.bitmap_index = 61972, .adv_w = 768, .box_w = 46, .box_h = 46, .ofs_x = 1, .ofs_y = -5},
    {.bitmap_index = 62370, .adv_w = 768, .box_w = 46, .box_h = 46, .ofs_x = 1, .ofs_y = -5},
    {.bitmap_index = 62769, .adv_w = 768, .box_w = 46, .box_h = 46, .ofs_x = 1, .ofs_y = -5},
    {.bitmap_index = 63159, .adv_w = 768, .box_w = 46, .box_h = 46, .ofs_x = 1, .ofs_y = -5},
    {.bitmap_index = 63541, .adv_w = 768, .box_w = 46, .box_h = 46, .ofs_x = 1, .ofs_y = -5},
    {.bitmap_index = 63916, .adv_w = 768, .box_w = 46, .box_h = 46, .ofs_x = 1, .ofs_y = -5},
    {.bitmap_index = 64292, .adv_w = 768, .box_w = 46, .box_h = 46, .ofs_x = 1, .ofs_y = -5},
    {.bitmap_index = 64657, .adv_w = 768, .box_w = 46, .box_h = 46, .ofs_x = 1, .ofs_y = -5},
    {.bitmap_index = 65014, .adv_w = 768, .box_w = 46, .box_h = 46, .ofs_x = 1, .ofs_y = -5},
    {.bitmap_index = 65363, .adv_w = 768, .box_w = 40, .box_h = 40, .ofs_x = 4, .ofs_y = -2},
    {.bitmap_index = 65661, .adv_w = 768, .box_w = 46, .box_h = 8, .ofs_x = 1, .ofs_y = 4},
    {.bitmap_index = 65717, .adv_w = 768, .box_w = 47, .box_h = 40, .ofs_x = 0, .ofs_y = -2}
};

/*---------------------
 *  CHARACTER MAPPING
 *--------------------*/

static const uint16_t unicode_list_0[] = {
    0x0, 0x2, 0x3, 0x1c, 0x1d, 0x1f, 0x26, 0x27,
    0x28, 0x2e, 0x35, 0x36, 0x37, 0x39, 0x74, 0x87,
    0x89, 0x8b, 0xbe, 0xe3, 0xf7, 0x104, 0x106, 0x11a,
    0x11b, 0x11c, 0x11d, 0x12a, 0x130, 0x133, 0x143, 0x14e,
    0x167, 0x169, 0x17e, 0x181, 0x18e, 0x196, 0x198, 0x1b3,
    0x1b4, 0x1c4, 0x1d4, 0x1da, 0x1e2, 0x1e3, 0x1ea, 0x209,
    0x212, 0x21b, 0x225, 0x230, 0x233, 0x253, 0x29c, 0x2b1,
    0x2b6, 0x2bd, 0x2c5, 0x2c8, 0x2d6, 0x2d7, 0x2e6, 0x2e9,
    0x2eb, 0x2f1, 0x302, 0x304, 0x30f, 0x310, 0x313, 0x318,
    0x321, 0x323, 0x343, 0x34e, 0x3a2, 0x3b0, 0x3b2, 0x3be,
    0x3c5, 0x3e4, 0x3e6, 0x3ef, 0x3ff, 0x401, 0x404, 0x405,
    0x40d, 0x412, 0x428, 0x42a, 0x43f, 0x441, 0x443, 0x447,
    0x453, 0x464, 0x46d, 0x48c, 0x49f, 0x4a8, 0x4b5, 0x4bc,
    0x4c0, 0x4d8, 0x4e9, 0x4ea, 0x4f9, 0x526, 0x52d, 0x540,
    0x541, 0x542, 0x548, 0x54a, 0x54c, 0x558, 0x55a, 0x55b,
    0x566, 0x57b, 0x583, 0x584, 0x5a4, 0x5b2, 0x5b4, 0x5bb,
    0x5ff, 0x606, 0x608, 0x60c, 0x610, 0x67f, 0x680, 0x683,
    0x68a, 0x6be, 0x6c2, 0x6e3, 0x6f1, 0x708, 0x70b, 0x70e,
    0x711, 0x714, 0x732, 0x74a, 0x76c, 0x76f, 0x770, 0x773,
    0x7b0, 0x7c1, 0x7c2, 0x7c3, 0x7ce, 0x7f7, 0x8db, 0x8dc,
    0x8dd, 0x8df, 0x8e0, 0x8e1, 0x8f9, 0x8fa, 0x8fb, 0x8fc,
    0x8fe, 0x8ff, 0x901, 0x902, 0x904, 0x914, 0x935, 0x970,
    0x987, 0xa20, 0xa40, 0xa54, 0xb36, 0xb9c, 0xbc6, 0xcbb,
    0xd15, 0xd23, 0xd26, 0xd2b, 0xd2f, 0xd6b, 0xdde, 0xddf,
    0xdf8, 0xe29, 0xe35, 0xe4d, 0xe53, 0xe79, 0xea1, 0xef5,
    0xf2e, 0xf5f, 0xf60, 0xf76, 0xf8d, 0xfa0, 0x108f, 0x10e1,
    0x10e2, 0x10e3, 0x119a, 0x124e, 0x1250, 0x1267, 0x12fd, 0x13ff,
    0x1457, 0x14cb, 0x14d9, 0x150b, 0x151c, 0x151d, 0x15c8, 0x168f,
    0x1697, 0x1699, 0x1799, 0x1892, 0x19ca, 0x19cd, 0x1a1f, 0x1a28,
    0x1a29, 0x1a2a, 0x1a2b, 0x1a2c, 0x1a2d, 0x1a2e, 0x1a2f, 0x1a30,
    0x1b05, 0x1b0f, 0x1c15
};

/*Collect the unicode lists and glyph_id offsets*/
static const lv_font_fmt_txt_cmap_t cmaps[] =
{
    {
        .range_start = 983078, .range_length = 7190, .glyph_id_start = 1,
        .unicode_list = unicode_list_0, .glyph_id_ofs_list = NULL, .list_length = 243, .type = LV_FONT_FMT_TXT_CMAP_SPARSE_TINY
    }
};



/*--------------------
 *  ALL CUSTOM DATA
 *--------------------*/

#if LVGL_VERSION_MAJOR == 8
/*Store all the custom data of the font*/
static  lv_font_fmt_txt_glyph_cache_t cache;
#endif

#if LVGL_VERSION_MAJOR >= 8
static const lv_font_fmt_txt_dsc_t font_dsc = {
#else
static lv_font_fmt_txt_dsc_t font_dsc = {
#endif
    .glyph_bitmap = glyph_bitmap,
    .glyph_dsc = glyph_dsc,
    .cmaps = cmaps,
    .kern_dsc = NULL,
    .kern_scale = 0,
    .cmap_num = 1,
    .bpp = 4,
    .kern_classes = 0,
    .bitmap_format = 1,
#if LVGL_VERSION_MAJOR == 8
    .cache = &cache
#endif
};



/*-----------------
 *  PUBLIC FONT
 *----------------*/

/*Initialize a public general font descriptor*/
#if LVGL_VERSION_MAJOR >= 8
lv_font_t mdi_icons_48 = {
#else
lv_font_t mdi_icons_48 = {
#endif
    .get_glyph_dsc = lv_font_get_glyph_dsc_fmt_txt,    /*Function pointer to get glyph's data*/
    .get_glyph_bitmap = lv_font_get_bitmap_fmt_txt,    /*Function pointer to get glyph's bitmap*/
    .line_height = 48,          /*The maximum line height required by the font*/
    .base_line = 6,             /*Baseline measured from the bottom of the line*/
#if !(LVGL_VERSION_MAJOR == 6 && LVGL_VERSION_MINOR == 0)
    .subpx = LV_FONT_SUBPX_NONE,
#endif
#if LV_VERSION_CHECK(7, 4, 0) || LVGL_VERSION_MAJOR >= 8
    .underline_position = 0,
    .underline_thickness = 0,
#endif
    .dsc = &font_dsc,          /*The custom font data. Will be accessed by `get_glyph_bitmap/dsc` */
#if LV_VERSION_CHECK(8, 2, 0) || LVGL_VERSION_MAJOR >= 9
    .fallback = NULL,
#endif
    .user_data = NULL,
};



#endif /*#if MDI_ICONS_48*/

