/*******************************************************************************
 * Size: 32 px
 * Bpp: 4
 * Opts: --font assets/fonts/materialdesignicons-webfont.ttf --size 32 --bpp 4 --format lvgl --range 0xF0026,0xF0028,0xF0029,0xF05D8,0xF093A,0xF009A,0xF00AD,0xF00E4,0xF00AF,0xF00B1,0xF0B5C,0xF05DA,0xF0625,0xF0109,0xF011D,0xF012A,0xF012C,0xF0E1E,0xF0140,0xF0141,0xF0142,0xF0143,0xF0150,0xF0156,0xF0159,0xF0169,0xF0174,0xF018D,0xF018F,0xF01A4,0xF01B4,0xF01BC,0xF01D9,0xF01DA,0xF01EA,0xF0E9F,0xF01FA,0xF0200,0xF0208,0xF0209,0xF0210,0xF0238,0xF0241,0xF024B,0xF0256,0xF0259,0xF0279,0xF02D7,0xF02DC,0xF02E3,0xF02FC,0xF02FD,0xF0317,0xF0328,0xF0335,0xF0339,0xF033E,0xF0FC6,0xF0349,0xF1276,0xF0347,0xF0369,0xF0374,0xF0F1B,0xF0415,0xF046D,0xF03D6,0xF03D8,0xF03E4,0xF03EB,0xF040A,0xF040C,0xF0425,0xF042A,0xF042B,0xF0433,0xF032A,0xF0438,0xF044E,0xF0450,0xF0465,0xF0467,0xF0469,0xF06A9,0xF0479,0xF048A,0xF0493,0xF04B2,0xF04C5,0xF04DB,0xF14F1,0xF04E2,0xF06E4,0xF04E6,0xF03C8,0xF050F,0xF0510,0xF054C,0xF0E04,0xF0E05,0xF0F54,0xF1531,0xF1B2B,0xF0566,0xF0567,0xF0568,0xF056E,0xF0570,0xF0572,0xF057E,0xF0580,0xF0581,0xF058C,0xF05A1,0xF05A9,0xF05AA,0xF05CA,0xF0553,0xF05E1,0xF062C,0xF09AD,0xF062E,0xF06A5,0xF06B0,0xF0709,0xF0717,0xF072E,0xF0731,0xF0734,0xF0737,0xF17BF,0xF073A,0xF0758,0xF02C2,0xF0770,0xF0792,0xF0CE1,0xF0901,0xF0902,0xF0903,0xF0906,0xF0907,0xF0427,0xF0905,0xF0FB3,0xF1107,0xF07E7,0xF1108,0xF14FF,0xF1109,0xF07E8,0xF07E9,0xF06A6,0xF1425,0xF1C3B,0xF0796,0xF0795,0xF0799,0xF081D,0xF1542,0xF1543,0xF091F,0xF0920,0xF0921,0xF0922,0xF0924,0xF0925,0xF0927,0xF0928,0xF092A,0xF095B,0xF0996,0xF022F,0xF0A46,0xF0A66,0xF0A7A,0xF0BEC,0xF0BC2,0xF0D3B,0xF0D49,0xF07F4,0xF0D91,0xF0D4C,0xF0D51,0xF0D55,0xF0E4F,0xF19F0,0xF19F3,0xF10B5,0xF0336,0xF1A4E,0xF1A4F,0xF1A50,0xF1A51,0xF1A52,0xF1A53,0xF1A54,0xF1A55,0xF1A56,0xF06E8,0xF07D6,0xF0E5B,0xF11C0,0xF0EC7,0xF0F85,0xF0F86,0xF0F9C,0xF128D,0xF1323,0xF147D,0xF16B5,0xF16BD,0xF16BF,0xF18B8,0xF02EB,0xF02EE,0xF1274,0xF01A7,0xF04CE,0xF1A45,0xF15EE,0xF1B35,0xF01BE,0xF004C,0xF051F,0xF005D,0xF0045,0xF004D,0xF0054,0xF0042,0xF0043,0xF005B,0xF005C,0xF004E,0xF005F,0xF0E73,0xF0E79,0xF04FE,0xF030C,0xF030F,0xF0311,0xF0632,0xF0636 -o firmware/helixscreen-esp32/components/helixcore/fonts/mdi_icons_32.c
 ******************************************************************************/

#ifdef LV_LVGL_H_INCLUDE_SIMPLE
#include "lvgl.h"
#else
#include "lvgl/lvgl.h"
#endif

#ifndef MDI_ICONS_32
#define MDI_ICONS_32 1
#endif

#if MDI_ICONS_32

/*-----------------
 *    BITMAPS
 *----------------*/

/*Store the image of the glyphs*/
static LV_ATTRIBUTE_LARGE_CONST const uint8_t glyph_bitmap[] = {
    /* U+F0026 "󰀦" */
    0x0, 0xff, 0xe1, 0x8, 0x80, 0x3f, 0xfa, 0x11,
    0x0, 0xf, 0xfe, 0x79, 0x33, 0x8, 0x3, 0xff,
    0x9d, 0x20, 0x9, 0x0, 0xff, 0xe6, 0xaa, 0x0,
    0x11, 0x40, 0x3f, 0xf9, 0x90, 0x1, 0xa0, 0x3,
    0xff, 0x96, 0xe4, 0x1, 0x89, 0xc0, 0x3f, 0xf9,
    0x23, 0x0, 0x1e, 0x81, 0x0, 0xff, 0xe4, 0x40,
    0x7, 0xe8, 0x0, 0xff, 0xe3, 0x9b, 0x0, 0x4,
    0xcc, 0x20, 0x6, 0x30, 0xf, 0xfe, 0x37, 0x80,
    0x49, 0x98, 0x40, 0xb, 0xc0, 0x3f, 0xf8, 0xaa,
    0x60, 0x1f, 0xe3, 0x50, 0xf, 0xfe, 0x25, 0x80,
    0x7f, 0xf0, 0x2c, 0x3, 0xff, 0x86, 0xe2, 0x1,
    0xff, 0xc0, 0x17, 0x0, 0xff, 0xe0, 0x8c, 0x0,
    0x7f, 0xf0, 0xa0, 0x40, 0x3f, 0xf8, 0x16, 0x1,
    0xff, 0xc4, 0xb0, 0xf, 0xf8, 0xd4, 0x3, 0xcf,
    0x10, 0x70, 0xf, 0x29, 0x80, 0x7f, 0xbc, 0x3,
    0xe2, 0x77, 0x10, 0x7, 0xde, 0x1, 0xfc, 0xa6,
    0x1, 0xff, 0xc6, 0x35, 0x0, 0xfd, 0x60, 0x1f,
    0x93, 0xb8, 0x80, 0x1f, 0xac, 0x3, 0xe8, 0x10,
    0xf, 0xc2, 0x38, 0x3, 0xf0, 0xc0, 0x7, 0x13,
    0x80, 0x7f, 0xf2, 0x9c, 0x80, 0x34, 0x0, 0x7f,
    0x97, 0xfc, 0xa0, 0x1f, 0xe8, 0x0, 0x91, 0x40,
    0x3f, 0xf9, 0x8a, 0x60, 0x9, 0x0, 0xff, 0xe7,
    0x78, 0x31, 0x0, 0x7f, 0xf3, 0x8d, 0x80,

    /* U+F0028 "󰀨" */
    0x0, 0xff, 0x8d, 0x5e, 0x19, 0x44, 0x3, 0xff,
    0x8c, 0x53, 0xd9, 0x50, 0xf3, 0x5d, 0x8e, 0x1,
    0xff, 0xc2, 0x1a, 0xd6, 0x10, 0xf, 0x8e, 0x39,
    0xc0, 0x3f, 0xe3, 0xf5, 0x0, 0xff, 0xe0, 0xc,
    0x58, 0x80, 0x7e, 0x5c, 0x10, 0xf, 0xfe, 0x1a,
    0x60, 0x80, 0x78, 0xe8, 0x3, 0xff, 0x8c, 0x5a,
    0x1, 0xee, 0x0, 0xff, 0xe4, 0x1c, 0x0, 0x67,
    0x20, 0xf, 0xc3, 0xdc, 0xa0, 0xf, 0xe7, 0x20,
    0xa, 0x40, 0x3f, 0xc2, 0x26, 0x0, 0xff, 0x40,
    0x1, 0x44, 0x3, 0xff, 0x96, 0xa0, 0xf, 0x0,
    0xff, 0xe6, 0xa8, 0x38, 0x7, 0xff, 0x37, 0x40,
    0x80, 0x3f, 0xf9, 0xa4, 0x20, 0x1f, 0xfc, 0xe1,
    0x10, 0x7, 0xff, 0x40, 0x40, 0x3f, 0xc3, 0x54,
    0xf0, 0xf, 0xf8, 0x80, 0x80, 0x3f, 0xe5, 0x51,
    0x80, 0x7f, 0xdc, 0x8, 0x1, 0xff, 0xcd, 0x40,
    0xb0, 0xf, 0xf0, 0xff, 0xb0, 0x3, 0xfc, 0x46,
    0x6, 0x60, 0xf, 0xfe, 0x5d, 0x80, 0x5e, 0x1,
    0xfc, 0x31, 0x9, 0x0, 0xfe, 0x26, 0x0, 0x8d,
    0x80, 0x3f, 0x9d, 0xca, 0x1, 0xfd, 0x20, 0x1d,
    0x26, 0x1, 0xff, 0xc7, 0x94, 0x0, 0xf6, 0x98,
    0x7, 0xff, 0x16, 0x18, 0x3, 0xe1, 0xc6, 0x0,
    0xff, 0xe1, 0xd3, 0x80, 0x7f, 0xa7, 0x10, 0x3,
    0xfe, 0x7e, 0x50, 0xf, 0xfe, 0x1, 0xde, 0xc1,
    0x88, 0x4, 0x2b, 0x3d, 0x2, 0x1, 0xff, 0xc3,
    0x27, 0xce, 0xfe, 0xfe, 0xa6, 0x10, 0xf, 0xc0,

    /* U+F0029 "󰀩" */
    0x0, 0xf4, 0x7f, 0xff, 0x9c, 0x3, 0xfe, 0x87,
    0x0, 0xff, 0x43, 0x80, 0x7f, 0x43, 0x80, 0x7f,
    0xf0, 0x21, 0xc0, 0x3e, 0x87, 0x0, 0xff, 0xe1,
    0x43, 0x80, 0x74, 0x38, 0x7, 0xff, 0x12, 0x1c,
    0x2, 0x87, 0x0, 0xf8, 0xee, 0xc6, 0x1, 0xf4,
    0x38, 0x43, 0x80, 0x7e, 0x64, 0x43, 0x0, 0x7e,
    0x87, 0x70, 0x7, 0xff, 0x2a, 0x0, 0x3f, 0xff,
    0xe0, 0x1f, 0xfe, 0xb4, 0xaa, 0x20, 0x7, 0xff,
    0x20, 0x55, 0x42, 0x1, 0xff, 0xe0, 0x5f, 0xf2,
    0x80, 0x7f, 0xa0, 0x3, 0xff, 0x94, 0xee, 0x80,
    0xf, 0xcc, 0x88, 0x60, 0xf, 0xcf, 0x0, 0xf0,
    0x1, 0xf1, 0xdd, 0x8c, 0x3, 0xe7, 0x80, 0x9,
    0xe0, 0x3, 0xff, 0x88, 0xf0, 0x1, 0xcf, 0x0,
    0x1f, 0xfc, 0x27, 0x80, 0xf, 0x9e, 0x0, 0x3f,
    0xf8, 0xf, 0x0, 0x1f, 0xcf, 0x0, 0x1f, 0xe7,
    0x80, 0xe,

    /* U+F0042 "󰁂" */
    0x0, 0xff, 0xe2, 0xa0, 0x7, 0xff, 0x19, 0xae,
    0x80, 0x3f, 0xf8, 0x8d, 0x20, 0xa8, 0x1, 0xff,
    0xc2, 0x69, 0x0, 0x4a, 0x0, 0x7f, 0xf0, 0x5a,
    0x40, 0x12, 0xc0, 0x3, 0x30, 0x80, 0x7e, 0x69,
    0x0, 0x4b, 0x0, 0x7, 0x31, 0x20, 0x1f, 0x34,
    0x80, 0x25, 0x80, 0x3f, 0xf8, 0x2d, 0x20, 0x9,
    0x60, 0xf, 0xfe, 0xb, 0x48, 0x2, 0x58, 0x3,
    0xff, 0x82, 0xd2, 0x0, 0x96, 0x0, 0xff, 0xe0,
    0xb4, 0x80, 0x25, 0x80, 0x3f, 0xf8, 0x2d, 0x20,
    0x9, 0x60, 0xf, 0xfe, 0xb, 0x48, 0x2, 0x58,
    0x3, 0xff, 0x82, 0xd2, 0x0, 0x96, 0x0, 0xff,
    0xe0, 0xac, 0x80, 0x25, 0x80, 0x3f, 0xf8, 0x44,
    0x0, 0x96, 0x0, 0xff, 0xe2, 0x97, 0x44, 0x7c,
    0x20, 0x1f, 0xe2, 0x77, 0xfc, 0x40, 0x1f, 0xfc,
    0xd1, 0xee, 0xff, 0xe0, 0x98, 0x7, 0x0,

    /* U+F0043 "󰁃" */
    0x0, 0x18, 0x7, 0xff, 0x19, 0x33, 0x0, 0x1f,
    0xfc, 0x59, 0x3, 0xc0, 0xf, 0xfe, 0x26, 0x10,
    0x1e, 0x0, 0x7f, 0xf0, 0xc7, 0x8, 0xf, 0x0,
    0x3f, 0xf8, 0x63, 0x84, 0x7, 0x80, 0x1f, 0xc6,
    0x61, 0x0, 0x87, 0x8, 0xf, 0x0, 0x3e, 0x1c,
    0xc4, 0x80, 0x61, 0xc2, 0x3, 0xc0, 0xf, 0xfe,
    0x18, 0xe1, 0x1, 0xe0, 0x7, 0xff, 0xc, 0x70,
    0x80, 0xf0, 0x3, 0xff, 0x86, 0x38, 0x40, 0x78,
    0x1, 0xff, 0xc3, 0x1c, 0x20, 0x3c, 0x0, 0xff,
    0xe1, 0x8e, 0x10, 0x1e, 0x0, 0x7f, 0xf0, 0xc7,
    0x8, 0xf, 0xc, 0x3, 0xff, 0x84, 0x38, 0x40,
    0x7e, 0x1, 0xff, 0xc3, 0x1c, 0x20, 0x20, 0xf,
    0xe6, 0x88, 0xf4, 0xb8, 0x7, 0xfd, 0x4e, 0xff,
    0x28, 0x7, 0xff, 0x4f, 0x7b, 0xbf, 0xf8, 0x10,

    /* U+F0045 "󰁅" */
    0x0, 0xfe, 0x1b, 0xb2, 0x80, 0x7f, 0xf1, 0xd1,
    0x1a, 0x1, 0xff, 0xff, 0x0, 0xff, 0xff, 0x80,
    0x7f, 0xf0, 0x86, 0xc8, 0x3, 0xff, 0x87, 0x2c,
    0x3, 0x89, 0x84, 0x1, 0xff, 0xc1, 0x96, 0x96,
    0x16, 0x1, 0xc2, 0x0, 0xff, 0xa5, 0x80, 0xa,
    0x16, 0x80, 0x38, 0x40, 0x1f, 0xd2, 0xc0, 0xc,
    0x30, 0x5, 0xa0, 0xe, 0x10, 0x7, 0xd2, 0xc0,
    0xc, 0x30, 0xd, 0x68, 0x3, 0x84, 0x1, 0xd4,
    0xc0, 0xc, 0x30, 0xf, 0x5a, 0x0, 0xe2, 0x80,
    0x54, 0xa0, 0xc, 0x30, 0xf, 0xd6, 0x80, 0x36,
    0x0, 0x75, 0x0, 0x61, 0x80, 0x7f, 0xad, 0x0,
    0x3e, 0xc3, 0x0, 0xff, 0xe0, 0x5a, 0x0, 0x76,
    0x18, 0x7, 0xff, 0xa, 0xd0, 0x2, 0xc3, 0x0,
    0xff, 0xe2, 0x5a, 0x6, 0x18, 0x7, 0xff, 0x1a,
    0xf4, 0xc0, 0x3f, 0x80,

    /* U+F004C "󰁌" */
    0xff, 0xfe, 0x50, 0xc, 0xbf, 0xff, 0xc0, 0x1f,
    0xfd, 0x1, 0x44, 0xcc, 0x1, 0x99, 0x13, 0x8,
    0x7, 0xe1, 0xdb, 0xb8, 0xc0, 0x31, 0xdd, 0xda,
    0x20, 0x1e, 0x10, 0x4, 0xb0, 0x7, 0xf9, 0xa4,
    0x0, 0x20, 0x19, 0x64, 0x1, 0x2c, 0x1, 0xf9,
    0xa4, 0x1, 0x2a, 0x1, 0xcd, 0x20, 0x9, 0x60,
    0xf, 0x34, 0x80, 0x25, 0x80, 0x3e, 0x69, 0x0,
    0x4b, 0x0, 0x66, 0x90, 0x4, 0xb0, 0x7, 0xf3,
    0x48, 0x2, 0x50, 0x0, 0x92, 0x0, 0x96, 0x0,
    0xea, 0xa4, 0x0, 0x4d, 0x20, 0x88, 0x0, 0x22,
    0x2, 0x58, 0x2, 0x8a, 0xa2, 0xa8, 0xc0, 0x33,
    0x5d, 0x80, 0x35, 0xd9, 0x80, 0x31, 0xaa, 0x80,
    0x3f, 0x20, 0x7, 0x90, 0x3, 0xff, 0xb8, 0x80,
    0x1e, 0x40, 0xf, 0xca, 0xa3, 0x0, 0xcd, 0x76,
    0x0, 0xd7, 0x66, 0x0, 0xc6, 0xaa, 0xaa, 0x40,
    0x4, 0xd2, 0x8, 0x80, 0x2, 0x20, 0x25, 0x80,
    0x28, 0xaa, 0x0, 0x73, 0x48, 0x2, 0x50, 0x0,
    0x92, 0x0, 0x96, 0x0, 0xfe, 0x69, 0x0, 0x4b,
    0x0, 0x66, 0x90, 0x4, 0xb0, 0x7, 0xcd, 0x20,
    0x9, 0x60, 0xf, 0x34, 0x80, 0x25, 0x80, 0x39,
    0x64, 0x1, 0x2c, 0x1, 0xf9, 0xa4, 0x1, 0x2a,
    0x1, 0x84, 0x1, 0x2c, 0x1, 0xfe, 0x69, 0x0,
    0x8, 0x7, 0x87, 0x6e, 0xe3, 0x0, 0xc7, 0x77,
    0x68, 0x80, 0x7e, 0x14, 0x4c, 0xc0, 0x19, 0x91,
    0x30, 0x80, 0x7f, 0xf4, 0x0,

    /* U+F004D "󰁍" */
    0x0, 0xff, 0x1b, 0x0, 0x7f, 0xf1, 0xcf, 0x25,
    0x80, 0x3f, 0xf8, 0xa7, 0x80, 0xf, 0x0, 0xff,
    0xe2, 0x1e, 0x0, 0x1a, 0x40, 0x3f, 0xf8, 0x67,
    0x80, 0x6, 0x90, 0xf, 0xfe, 0x19, 0xe0, 0x1,
    0xa4, 0x3, 0xff, 0x86, 0x78, 0x0, 0x69, 0x0,
    0xff, 0xe1, 0x9e, 0x0, 0x16, 0x40, 0x3f, 0xf8,
    0x67, 0x80, 0x5, 0xa0, 0xf, 0xfe, 0x19, 0xe0,
    0x4, 0x51, 0x1f, 0xfc, 0x25, 0x2c, 0x0, 0xce,
    0xff, 0xfc, 0x3e, 0x24, 0x0, 0xff, 0xe4, 0xda,
    0x0, 0x57, 0xdd, 0xff, 0xc2, 0xa0, 0x5, 0xa0,
    0x2, 0x8c, 0x47, 0xff, 0x84, 0x1, 0x5a, 0x0,
    0xe1, 0x0, 0x7f, 0xf1, 0x6d, 0x0, 0x70, 0x80,
    0x3f, 0xf8, 0xb6, 0x80, 0x38, 0x40, 0x1f, 0xfc,
    0x5b, 0x40, 0x1c, 0x20, 0xf, 0xfe, 0x2d, 0xa0,
    0xe, 0x10, 0x7, 0xff, 0x16, 0xd0, 0x6, 0x40,
    0x3f, 0xf8, 0xd6, 0x85, 0x40, 0x1f, 0xfc, 0x7b,
    0xc1, 0x0, 0xfe,

    /* U+F004E "󰁎" */
    0x0, 0xff, 0x84, 0x3, 0xff, 0x91, 0x78, 0x20,
    0x1f, 0xfc, 0x6b, 0x42, 0xc1, 0x0, 0xff, 0xe2,
    0x5a, 0x0, 0xb, 0x4, 0x3, 0xff, 0x85, 0x68,
    0x1, 0x98, 0x40, 0x3f, 0xf8, 0x36, 0x80, 0x19,
    0x2c, 0x3, 0xff, 0x83, 0x68, 0x1, 0x92, 0xc0,
    0x3f, 0xf8, 0x36, 0x80, 0x19, 0x2c, 0x3, 0xff,
    0x83, 0x68, 0x1, 0xd8, 0xef, 0xfe, 0x50, 0x5,
    0xa0, 0x7, 0xa2, 0x3f, 0xee, 0xb, 0x40, 0xf,
    0xfe, 0x39, 0x20, 0x7, 0xff, 0x20, 0xb0, 0x3,
    0xff, 0x92, 0x78, 0x1, 0xf0, 0x8f, 0xfc, 0x40,
    0x3, 0xc0, 0xf, 0x57, 0x77, 0xfa, 0x40, 0x23,
    0xc0, 0xe, 0xb4, 0x0, 0xff, 0xe1, 0x1e, 0x0,
    0x75, 0xa0, 0x7, 0xff, 0x8, 0xf0, 0x3, 0xad,
    0x0, 0x3f, 0xf8, 0x47, 0x80, 0x1d, 0x62, 0x1,
    0xff, 0xc2, 0x3c, 0x0, 0xd4, 0x20, 0x1f, 0xfc,
    0x33, 0xc0, 0x4, 0xa8, 0x7, 0xff, 0x14, 0xf2,
    0x58, 0x3, 0xf8,

    /* U+F0054 "󰁔" */
    0x0, 0xff, 0x31, 0x80, 0x7f, 0xf1, 0xda, 0x70,
    0xc0, 0x3f, 0xf8, 0xde, 0x0, 0xc3, 0x0, 0xff,
    0xe2, 0xcb, 0x0, 0x30, 0xc0, 0x3f, 0xf8, 0xb2,
    0xc0, 0xc, 0x30, 0xf, 0xfe, 0x2c, 0xb0, 0x3,
    0xc, 0x3, 0xff, 0x8b, 0x2c, 0x0, 0xc3, 0x0,
    0xff, 0xe2, 0xca, 0x80, 0x30, 0xc0, 0x3f, 0xf8,
    0xb4, 0xa0, 0xc, 0x30, 0x2, 0xc4, 0x7f, 0xf0,
    0x88, 0x2, 0xc3, 0xf, 0x77, 0xff, 0xe1, 0x80,
    0x6c, 0x20, 0xf, 0xfe, 0x42, 0x15, 0xf7, 0x7f,
    0xf0, 0xac, 0x2, 0x4b, 0x1, 0x1f, 0xfe, 0x11,
    0xd0, 0x1, 0x2c, 0x3, 0xff, 0x86, 0x58, 0x20,
    0x96, 0x1, 0xff, 0xc3, 0x2c, 0x10, 0x4b, 0x0,
    0xff, 0xe1, 0x96, 0x8, 0x25, 0x80, 0x7f, 0xf0,
    0xcb, 0x4, 0x12, 0xc0, 0x3f, 0xf8, 0x65, 0x82,
    0x9, 0x60, 0x1f, 0xfc, 0x4e, 0x10, 0x4b, 0x0,
    0xff, 0xe2, 0xe9, 0x25, 0x80, 0x7f, 0xf1, 0x87,
    0x2c, 0x3, 0xfc,

    /* U+F005B "󰁛" */
    0x8, 0x8f, 0xfe, 0x8, 0x80, 0x70, 0xbb, 0xff,
    0xf0, 0x48, 0x3, 0xff, 0xa4, 0x5b, 0xdd, 0xf1,
    0x80, 0x7f, 0x8b, 0x84, 0x7e, 0x0, 0xfe, 0x52,
    0x3, 0xc0, 0xf, 0xfe, 0x19, 0x61, 0x1, 0xe0,
    0x7, 0xff, 0xc, 0x70, 0x80, 0xf0, 0x3, 0xff,
    0x86, 0x38, 0x40, 0x78, 0x1, 0xff, 0xc3, 0x1c,
    0x20, 0x3c, 0x0, 0xff, 0xe1, 0x8e, 0x10, 0x1e,
    0x0, 0x7f, 0xf0, 0xc7, 0x8, 0xf, 0x0, 0x3f,
    0xf8, 0x63, 0x84, 0x7, 0x80, 0x1e, 0x33, 0x70,
    0x7, 0x87, 0x8, 0xf, 0x0, 0x30, 0xe6, 0x18,
    0x3, 0xe1, 0xc2, 0x3, 0xc0, 0xf, 0xfe, 0x18,
    0xe1, 0x1, 0xe0, 0x7, 0xff, 0xc, 0x70, 0x80,
    0xf0, 0x3, 0xff, 0x86, 0x38, 0x40, 0x66, 0x0,
    0xff, 0xe1, 0x8e, 0x15, 0x98, 0x7, 0xff, 0x10,
    0x75, 0x0,

    /* U+F005C "󰁜" */
    0x0, 0xf3, 0x44, 0x7f, 0xf0, 0x10, 0x3, 0xd4,
    0xef, 0xff, 0xc0, 0xc0, 0xf, 0xfe, 0x76, 0xf7,
    0x7d, 0x0, 0x1f, 0xf0, 0x8f, 0xcf, 0x0, 0x1f,
    0xfc, 0x56, 0x90, 0x4, 0x0, 0x7f, 0xf0, 0x9a,
    0x40, 0x12, 0xc0, 0x1f, 0xfc, 0x16, 0x90, 0x4,
    0xb0, 0x7, 0xff, 0x5, 0xa4, 0x1, 0x2c, 0x1,
    0xff, 0xc1, 0x69, 0x0, 0x4b, 0x0, 0x7f, 0xf0,
    0x5a, 0x40, 0x12, 0xc0, 0x1f, 0xfc, 0x16, 0x90,
    0x4, 0xb0, 0x7, 0xff, 0x5, 0xa4, 0x1, 0x2c,
    0x1, 0xff, 0xc1, 0x69, 0x0, 0x4b, 0x0, 0x7c,
    0x66, 0xe0, 0x9, 0xa4, 0x1, 0x2c, 0x1, 0xf0,
    0xe6, 0x18, 0x0, 0xd2, 0x0, 0x96, 0x0, 0xff,
    0xe0, 0xb4, 0x80, 0x25, 0x80, 0x3f, 0xf8, 0x54,
    0x0, 0x96, 0x0, 0xff, 0xe1, 0xe1, 0xcb, 0x0,
    0x7f, 0xf1, 0x71, 0x80, 0x3f, 0xf8, 0x80,

    /* U+F005D "󰁝" */
    0x0, 0xff, 0x88, 0x3, 0xff, 0x91, 0x7a, 0x60,
    0x1f, 0xfc, 0x6b, 0x40, 0xc3, 0x0, 0xff, 0xe2,
    0x5a, 0x0, 0x58, 0x60, 0x1f, 0xfc, 0x2b, 0x40,
    0xe, 0xc3, 0x0, 0xff, 0xe0, 0x5a, 0x0, 0x7d,
    0x86, 0x1, 0xfe, 0xb4, 0x1, 0xb0, 0x3, 0xa8,
    0x3, 0xc, 0x3, 0xf5, 0xa0, 0xe, 0x28, 0x5,
    0x4a, 0x0, 0xc3, 0x0, 0xf5, 0xa0, 0xe, 0x10,
    0x7, 0x53, 0x0, 0x30, 0xc0, 0x35, 0xa0, 0xe,
    0x10, 0x7, 0xd2, 0xc0, 0xc, 0x30, 0x5, 0xa0,
    0xe, 0x10, 0x7, 0xf4, 0xb0, 0x3, 0xc, 0x58,
    0x7, 0x8, 0x3, 0xfe, 0x96, 0x0, 0x28, 0xe1,
    0xe1, 0x0, 0x7f, 0xf0, 0x65, 0xa5, 0x80, 0x70,
    0x80, 0x3f, 0xf8, 0x72, 0xc0, 0x1f, 0xff, 0xf0,
    0xf, 0xff, 0xf8, 0x7, 0xff, 0xd, 0x11, 0xa0,
    0x1f, 0xc0,

    /* U+F005F "󰁟" */
    0x0, 0xff, 0x8d, 0x5d, 0xcc, 0x82, 0x1, 0xff,
    0xc6, 0x3a, 0xec, 0xa8, 0x84, 0xdf, 0x63, 0x0,
    0x7f, 0xf0, 0x8a, 0xb1, 0x44, 0x3, 0xe3, 0x9e,
    0x50, 0xf, 0xf9, 0x31, 0x40, 0x3f, 0xf8, 0x3,
    0x52, 0x1, 0xfc, 0xb6, 0x20, 0x1f, 0xfc, 0x36,
    0xb0, 0xf, 0x8e, 0x80, 0x3f, 0xf8, 0xc9, 0x20,
    0x1e, 0xd0, 0xf, 0xfe, 0x43, 0x30, 0x3, 0x38,
    0x80, 0x7f, 0x1c, 0x80, 0x7f, 0xa0, 0x3, 0x48,
    0x7, 0xf1, 0xe3, 0x50, 0x7, 0xf0, 0xb0, 0x1,
    0x44, 0x3, 0xf1, 0xe0, 0x1, 0x68, 0x3, 0xfa,
    0x80, 0x1e, 0x1, 0xf8, 0xf0, 0x3, 0x2d, 0x0,
    0x7e, 0x31, 0x7, 0x0, 0xf8, 0xf0, 0x3, 0xcb,
    0x40, 0x1f, 0x90, 0x8, 0x3, 0xc7, 0x80, 0x1f,
    0x96, 0x80, 0x3e, 0x31, 0x0, 0xf0, 0xc1, 0x98,
    0x40, 0x38, 0xcc, 0xcc, 0x0, 0xf7, 0x8, 0x7,
    0x86, 0xf3, 0x12, 0x1, 0x87, 0x32, 0x60, 0xf,
    0x78, 0x8, 0x7, 0xff, 0x34, 0x40, 0x80, 0x3f,
    0xf9, 0xaa, 0x8, 0x1, 0xff, 0xcd, 0x30, 0xb0,
    0xf, 0xfe, 0x62, 0x80, 0xc, 0xc0, 0x1f, 0x9f,
    0xbb, 0x78, 0x7, 0xf4, 0x80, 0x5e, 0x1, 0xfc,
    0x23, 0xc0, 0x1f, 0x90, 0xc0, 0x23, 0x60, 0xf,
    0xfe, 0x40, 0xc8, 0x7, 0x49, 0x80, 0x7f, 0xf1,
    0xe8, 0x80, 0x3d, 0xa6, 0x1, 0xff, 0xc5, 0xa4,
    0x0, 0xf8, 0x71, 0x80, 0x3f, 0xf8, 0x43, 0x8a,
    0x1, 0xfe, 0x9c, 0x30, 0xf, 0xf0, 0xc7, 0x18,
    0x7, 0xff, 0x0, 0xf3, 0xe, 0x62, 0x1, 0x12,
    0xd7, 0x38, 0x7, 0xff, 0x10, 0xe3, 0x3b, 0xfb,
    0xf6, 0x94, 0x3, 0xf8,

    /* U+F009A "󰂚" */
    0x0, 0xff, 0xeb, 0x4f, 0xfa, 0x40, 0x3f, 0xf8,
    0xec, 0xc0, 0x3, 0x30, 0x3, 0xff, 0x8d, 0x80,
    0x1b, 0x0, 0x3f, 0xf8, 0x89, 0x6a, 0x1, 0x96,
    0xd0, 0x3, 0xff, 0x83, 0x36, 0x80, 0x1e, 0x4b,
    0x90, 0xf, 0xfa, 0xd8, 0x3, 0xfc, 0xd6, 0x1,
    0xfd, 0x28, 0x1, 0xff, 0xc0, 0x49, 0x0, 0xf8,
    0xd8, 0x3, 0xff, 0x84, 0xc6, 0x1, 0xe9, 0x0,
    0xff, 0xe2, 0x48, 0x7, 0x94, 0x3, 0xff, 0x88,
    0xa0, 0x1c, 0x60, 0x1f, 0xfc, 0x63, 0x0, 0xce,
    0x1, 0xff, 0xc6, 0x70, 0xc, 0x20, 0x1f, 0xfc,
    0x61, 0x0, 0xff, 0xff, 0x80, 0x7f, 0xff, 0xc0,
    0x3f, 0xf9, 0x23, 0x0, 0x1f, 0xfc, 0x68, 0x10,
    0x1c, 0x20, 0xf, 0xfe, 0x31, 0x60, 0xe1, 0x0,
    0x7f, 0xf2, 0xb, 0xc, 0x47, 0xff, 0x94, 0x7d,
    0xdf, 0xfc, 0xc0, 0xf, 0xe9, 0xff, 0xd2, 0x1,
    0xff, 0xc6, 0xa0, 0xd, 0x40, 0x1f, 0xfc, 0x63,
    0xc6, 0x66, 0x18, 0x7, 0xf0,

    /* U+F00AD "󰂭" */
    0x0, 0xff, 0x96, 0x73, 0xbf, 0xdd, 0x92, 0xa0,
    0x1f, 0xfc, 0x72, 0x9f, 0xa6, 0x31, 0x0, 0x9,
    0xb5, 0x7c, 0x90, 0x7, 0xff, 0xe, 0x35, 0x80,
    0x31, 0x22, 0x8, 0x40, 0x26, 0xd8, 0x0, 0xff,
    0xe0, 0xe, 0xb8, 0x0, 0x5f, 0x3f, 0x6e, 0xdb,
    0xd9, 0x2, 0x0, 0x7d, 0x10, 0xf, 0xe2, 0xf2,
    0x1, 0x9e, 0x83, 0x0, 0xf1, 0xbf, 0x48, 0x81,
    0x79, 0x0, 0x7c, 0x38, 0x20, 0x7e, 0xc0, 0x1f,
    0xfc, 0x6, 0xf2, 0x1, 0xc1, 0x0, 0xf6, 0x8,
    0x2e, 0x8, 0x7, 0xff, 0x9, 0xc8, 0x0, 0x38,
    0x1, 0xd0, 0x40, 0x74, 0x1, 0xff, 0xc3, 0x69,
    0x0, 0x10, 0x14, 0x0, 0x44, 0xe0, 0x3a, 0x1,
    0xff, 0xc3, 0x69, 0x0, 0x4e, 0x8, 0x39, 0x0,
    0x2c, 0x1, 0x2, 0x1, 0xff, 0xc2, 0x69, 0x0,
    0x4b, 0xc, 0x0, 0x2c, 0x0, 0xc0, 0x2c, 0x1,
    0xff, 0xc2, 0x69, 0x0, 0x4b, 0x0, 0x18, 0x41,
    0x81, 0x40, 0xc, 0x1, 0xff, 0xc2, 0x69, 0x0,
    0x4b, 0x0, 0x69, 0x0, 0x2e, 0x0, 0x2c, 0x3,
    0xff, 0x82, 0xd2, 0x0, 0x96, 0x0, 0xe4, 0x0,
    0x62, 0x80, 0xc, 0x3, 0xff, 0x80, 0xd2, 0x0,
    0x96, 0x0, 0xf1, 0x88, 0x29, 0x1, 0x0, 0x7f,
    0xf0, 0x1a, 0x40, 0x12, 0xc0, 0x1f, 0x8c, 0x8,
    0x41, 0x80, 0x3f, 0xe6, 0x90, 0x4, 0xb0, 0x7,
    0xf3, 0x0, 0x80, 0x7f, 0xf0, 0x5a, 0x40, 0x12,
    0xc0, 0x1f, 0xfc, 0x11, 0x6, 0x0, 0xfe, 0x69,
    0x0, 0x4b, 0x0, 0x7f, 0xcc, 0x2, 0x40, 0x60,
    0x1f, 0x9a, 0x40, 0x12, 0xc0, 0x1f, 0xfc, 0x2,
    0x2, 0x50, 0x13, 0x0, 0xf3, 0x48, 0x2, 0x58,
    0x3, 0xff, 0x80, 0x60, 0x5, 0xc0, 0x2, 0x0,
    0x73, 0x48, 0x2, 0x58, 0x3, 0xff, 0x83, 0x60,
    0xc, 0x50, 0x4, 0x80, 0x66, 0x90, 0x4, 0xb0,
    0x7, 0xff, 0x9, 0x80, 0xa, 0xc, 0x2, 0xc0,
    0x6, 0x90, 0x4, 0xb0, 0x7, 0xff, 0x9, 0x84,
    0x18, 0x1, 0x60, 0x8, 0x16, 0x90, 0x4, 0xb0,
    0x7, 0xff, 0x8, 0x60, 0x1, 0x60, 0x2, 0x70,
    0x1c, 0x90, 0x4, 0xb0, 0x7, 0xff, 0xf, 0x44,
    0x1c, 0x80, 0x28, 0x20, 0x20, 0x4, 0xb0, 0x7,
    0xff, 0xe, 0x8c, 0xa, 0x0, 0x3b, 0x4, 0x0,
    0x4e, 0x1, 0xff, 0xc2, 0x1c, 0x50, 0x1c, 0x0,
    0xf0, 0xe0, 0x81, 0x7b, 0x0, 0x7f, 0xf0, 0x1b,
    0xcc, 0x7, 0x4, 0x3, 0xe2, 0xf2, 0x1, 0x9e,
    0x73, 0x0, 0xf1, 0xc7, 0x48, 0x81, 0x79, 0x0,
    0x7f, 0xe, 0xb8, 0x0, 0x63, 0x3b, 0x6e, 0xdb,
    0xf8, 0xe2, 0x0, 0x7d, 0x10, 0xf, 0xfe, 0x4,
    0x6b, 0x0, 0x42, 0x48, 0x82, 0x0, 0xcd, 0xb0,
    0x1, 0xff, 0xc3, 0x29, 0xfa, 0x63, 0x10, 0x0,
    0x9b, 0x57, 0xc9, 0x0, 0x7e,

    /* U+F00AF "󰂯" */
    0x0, 0xfe, 0x84, 0x0, 0xff, 0xe1, 0x8b, 0xda,
    0x0, 0x7f, 0xf1, 0x6d, 0x0, 0x3f, 0xf8, 0xb6,
    0x80, 0x1e, 0x30, 0xf, 0xf5, 0xa0, 0x6, 0x4c,
    0xc0, 0x7, 0xc2, 0x0, 0xb5, 0x0, 0xa4, 0xf,
    0x0, 0x3c, 0xd0, 0x0, 0xa5, 0x0, 0x61, 0x1,
    0xe0, 0x7, 0x9e, 0x0, 0x14, 0xa0, 0x38, 0x40,
    0x78, 0x20, 0x1f, 0xc6, 0x0, 0x1c, 0x20, 0x3d,
    0x30, 0x9, 0xe0, 0x1, 0x2c, 0x1, 0xe, 0x10,
    0x1f, 0x80, 0x16, 0x0, 0x12, 0xc0, 0x1c, 0x38,
    0x40, 0x40, 0x2, 0x0, 0x4b, 0x0, 0x7c, 0x38,
    0x40, 0x1d, 0x2c, 0x1, 0xfc, 0x38, 0x20, 0x14,
    0xb0, 0x7, 0xfc, 0xe2, 0x1, 0x50, 0x7, 0xfc,
    0xd2, 0x1, 0x8f, 0x0, 0x3f, 0x9a, 0x40, 0x3c,
    0x78, 0x1, 0xf3, 0x48, 0x2, 0x0, 0xa, 0x40,
    0x78, 0x1, 0xcd, 0x20, 0x9, 0x60, 0x1, 0x61,
    0x1, 0xe0, 0x4, 0xd2, 0x0, 0x96, 0x0, 0xc3,
    0xc0, 0x3, 0x90, 0x69, 0x0, 0x4b, 0x0, 0x70,
    0xf0, 0x0, 0xe0, 0x28, 0x1, 0x2c, 0x1, 0xc5,
    0x84, 0x7, 0xa2, 0x18, 0x72, 0xc0, 0x1e, 0x52,
    0x3, 0xc1, 0x0, 0xb1, 0x80, 0x3f, 0x8f, 0x0,
    0x3f, 0xf8, 0x67, 0x80, 0x1f, 0xfc, 0x33, 0xc0,
    0xf, 0xfe, 0x19, 0xe0, 0x7, 0xff, 0x8, 0x7b,
    0x0, 0x3e,

    /* U+F00B1 "󰂱" */
    0x0, 0xff, 0xa1, 0x0, 0x3f, 0xf9, 0x42, 0xf6,
    0x80, 0x1f, 0xfc, 0xcb, 0x40, 0xf, 0xfe, 0x65,
    0xa0, 0x7, 0xff, 0x4, 0xc0, 0x3f, 0xd6, 0x80,
    0x1f, 0xf2, 0x66, 0x0, 0x3e, 0x10, 0x5, 0xa8,
    0x7, 0xfa, 0x40, 0xf0, 0x3, 0xcd, 0x0, 0xa,
    0x50, 0xf, 0xec, 0x20, 0x3c, 0x0, 0xf3, 0xc0,
    0x2, 0x94, 0x3, 0xf0, 0xe1, 0x1, 0xe0, 0x80,
    0x7f, 0x18, 0x7, 0xf0, 0xe1, 0x1, 0xe9, 0x80,
    0x4f, 0x0, 0x9, 0x60, 0xf, 0xf0, 0xe1, 0x1,
    0xf8, 0x1, 0x60, 0x1, 0x2c, 0x1, 0xf9, 0xd4,
    0x0, 0x38, 0x40, 0x40, 0x2, 0x0, 0x4b, 0x0,
    0x6, 0x84, 0x2, 0x88, 0x52, 0x0, 0x7, 0x8,
    0x3, 0xa5, 0x80, 0x2d, 0x5c, 0x10, 0x77, 0x0,
    0x2c, 0xc0, 0x3, 0x82, 0x1, 0x4b, 0x0, 0x58,
    0x60, 0x58, 0xa, 0x20, 0x3, 0x30, 0x4, 0xe2,
    0x1, 0x50, 0x6, 0xa0, 0x9, 0x40, 0xb0, 0x4f,
    0x0, 0x26, 0x90, 0xc, 0x78, 0x1, 0x34, 0x83,
    0xc0, 0x0, 0xb3, 0x40, 0x26, 0x90, 0xf, 0x1e,
    0x0, 0x4d, 0x90, 0x1, 0x88, 0x40, 0xd, 0x20,
    0x8, 0x0, 0x29, 0x1, 0xe0, 0x4, 0x60, 0x1f,
    0x9a, 0x40, 0x12, 0xc0, 0x2, 0xc2, 0x3, 0xc0,
    0xf, 0xf3, 0x48, 0x2, 0x58, 0x3, 0xf, 0x0,
    0xe, 0x40, 0x3f, 0x34, 0x80, 0x25, 0x80, 0x38,
    0x78, 0x0, 0x70, 0x1, 0xfa, 0x80, 0x12, 0xc0,
    0x1c, 0x58, 0x40, 0x7a, 0x20, 0x1f, 0xb0, 0xe5,
    0x80, 0x3c, 0xa4, 0x7, 0x82, 0x1, 0xfe, 0xc6,
    0x0, 0xfe, 0x3c, 0x0, 0xff, 0xe5, 0x1e, 0x0,
    0x7f, 0xf2, 0x8f, 0x0, 0x3f, 0xf9, 0x47, 0x80,
    0x1f, 0xfc, 0x91, 0xec, 0x0, 0xff, 0xe0, 0x0,

    /* U+F00E4 "󰃤" */
    0x0, 0xff, 0xe7, 0xdd, 0x0, 0x7c, 0x7c, 0xa0,
    0x1f, 0xd4, 0x8b, 0x60, 0x1c, 0x78, 0x34, 0x60,
    0x1f, 0xa0, 0x41, 0x2d, 0x9d, 0xcd, 0x80, 0x6,
    0x30, 0xf, 0xc5, 0x82, 0x9, 0x31, 0x9, 0x0,
    0x2c, 0x80, 0x7f, 0x94, 0x40, 0x3f, 0x21, 0x0,
    0x7f, 0x3c, 0x0, 0x7f, 0xe, 0x8, 0x6, 0x78,
    0x8c, 0x1, 0xff, 0xe, 0xc4, 0x47, 0x2e, 0xf0,
    0x7, 0xff, 0x4, 0xdd, 0xe4, 0x0, 0xff, 0xe5,
    0x7f, 0x60, 0x7, 0x6f, 0x76, 0x60, 0xc, 0x9d,
    0xc7, 0x11, 0x0, 0x78, 0xc4, 0x78, 0x3, 0x38,
    0x88, 0x3, 0xff, 0x97, 0xdf, 0x80, 0x1d, 0xdf,
    0xf9, 0xc0, 0x31, 0xff, 0x9c, 0x3, 0xff, 0x94,
    0xea, 0x60, 0x1c, 0x8a, 0xb8, 0x80, 0x30, 0xaa,
    0x8a, 0x6b, 0xc0, 0x3a, 0xab, 0x94, 0x3, 0x15,
    0x51, 0x40, 0x2, 0x1, 0xff, 0xc3, 0x70, 0xa,
    0x6a, 0x40, 0x3a, 0xab, 0x94, 0x3, 0x2d, 0x51,
    0x5d, 0x50, 0x3, 0x91, 0x57, 0x10, 0x6, 0x15,
    0x51, 0x0, 0x7f, 0xf2, 0xbb, 0xfe, 0x30, 0xf,
    0xfe, 0x5, 0x7f, 0xce, 0x1, 0xb4, 0x80, 0x3f,
    0xce, 0xa0, 0x1f, 0x87, 0x10, 0x3, 0xf5, 0x40,
    0x7, 0xf8, 0x6e, 0xca, 0x20, 0x3, 0x7e, 0x50,
    0xf, 0x0,

    /* U+F0109 "󰄉" */
    0x0, 0xff, 0xe0, 0xb, 0x30, 0x40, 0x3f, 0xf9,
    0x63, 0xf3, 0x2e, 0x20, 0xf, 0xfe, 0x53, 0x8,
    0x5, 0x0, 0x1f, 0xfc, 0xaf, 0x0, 0xc2, 0x1,
    0xff, 0xca, 0xb0, 0xd, 0xc0, 0x1f, 0xfc, 0x32,
    0x94, 0x0, 0xc7, 0x66, 0x69, 0x50, 0xf, 0x8,
    0x7, 0xe8, 0x6b, 0x70, 0xc, 0x99, 0x86, 0x0,
    0xf2, 0x79, 0x0, 0x7d, 0x80, 0x8, 0xa0, 0xf,
    0xfe, 0x1, 0x58, 0xf8, 0x80, 0x79, 0x94, 0x0,
    0xba, 0x40, 0x1f, 0xe2, 0x50, 0x29, 0x0, 0xfa,
    0x8c, 0x0, 0x58, 0x80, 0x1f, 0xea, 0x20, 0x71,
    0x0, 0xfb, 0x44, 0x0, 0x36, 0xe0, 0x1f, 0xe8,
    0x0, 0x48, 0x7, 0xc3, 0x40, 0x1a, 0x28, 0x3,
    0xf9, 0x44, 0x18, 0x3, 0xf2, 0x40, 0x6, 0x5d,
    0x20, 0xf, 0xce, 0x2, 0x40, 0x1f, 0x9d, 0x40,
    0x31, 0x61, 0x0, 0x7d, 0xe0, 0x6, 0x0, 0xfe,
    0xa3, 0x0, 0xc3, 0x0, 0x1f, 0x10, 0x0, 0x4b,
    0x74, 0xa0, 0x1e, 0xd1, 0x0, 0xc2, 0x1, 0xff,
    0x19, 0x14, 0x1, 0xe1, 0xa0, 0xd, 0xc0, 0x1f,
    0x8, 0x1, 0x84, 0x1, 0xa0, 0x1f, 0x25, 0xa1,
    0xca, 0x80, 0x7d, 0xa0, 0x1, 0x4, 0x5, 0x0,
    0xfc, 0x97, 0x8c, 0x1, 0xf9, 0x40, 0x88, 0x1a,
    0x0, 0x60, 0xf, 0xfe, 0x32, 0x10, 0x28, 0x1,
    0xc0, 0x10, 0x1, 0xff, 0xc6, 0x90, 0x5, 0x0,
    0x5, 0xc0, 0x68, 0x3, 0xff, 0x89, 0x4, 0xc,
    0x40, 0x14, 0x10, 0x2c, 0x80, 0x7f, 0xf0, 0x9d,
    0xc0, 0x30, 0x1, 0xde, 0x20, 0xd6, 0x20, 0x1f,
    0xf4, 0xc0, 0x3, 0x44, 0x3, 0x8b, 0x44, 0x13,
    0xe0, 0x40, 0x3c, 0x2f, 0xcc, 0x0, 0xa3, 0x0,
    0xf8, 0xf0, 0x80, 0x5f, 0xb2, 0x62, 0x13, 0x9d,
    0x2, 0x5, 0xaa, 0x1, 0xfc, 0x5b, 0x22, 0x0,
    0x36, 0x77, 0x31, 0x80, 0x6, 0x34, 0x80, 0x3f,
    0xf8, 0xd, 0xd4, 0xc2, 0x1, 0x85, 0x6b, 0x9c,
    0x3, 0xff, 0x88, 0xb3, 0xdf, 0xdc, 0xfe, 0xa5,
    0x0, 0xfe,

    /* U+F011D "󰄝" */
    0x0, 0xff, 0xe1, 0x18, 0x7, 0xff, 0x3b, 0x30,
    0x80, 0x1f, 0xfc, 0xcc, 0x30, 0xb4, 0x0, 0xff,
    0xe4, 0x8e, 0x18, 0x5, 0x6a, 0x1, 0xff, 0xc7,
    0x1d, 0x30, 0xe, 0xa5, 0x0, 0xff, 0xe2, 0x8e,
    0x18, 0x10, 0x0, 0x80, 0x14, 0xa0, 0x1f, 0xfc,
    0x31, 0xc2, 0x3, 0xf0, 0x2, 0xc8, 0x2, 0x98,
    0x3, 0xff, 0x85, 0x84, 0x7, 0x86, 0x1, 0x34,
    0x80, 0x25, 0x40, 0x3f, 0xf8, 0x36, 0x7, 0x80,
    0x1e, 0x69, 0x3, 0x50, 0xf, 0xfe, 0xb, 0x5e,
    0x0, 0x7e, 0x6b, 0xc0, 0xf, 0xfe, 0x1a, 0x0,
    0x7f, 0x90, 0x3, 0xff, 0xea, 0x66, 0x10, 0xf,
    0xfe, 0x49, 0x98, 0x45, 0x98, 0x90, 0xf, 0xfe,
    0x40, 0xe6, 0x24, 0x3, 0xff, 0xf2, 0x66, 0xe0,
    0xf, 0xfe, 0x60, 0xe6, 0x18, 0x3, 0xff, 0xbe,
    0x91, 0x1f, 0xfc, 0x90, 0x8, 0x48, 0xd, 0xdf,
    0xff, 0x90, 0xc0, 0xc, 0xf, 0x20, 0xf, 0xfe,
    0x5c, 0x20, 0x16, 0xf7, 0x7f, 0xf2, 0xbd, 0xc0,

    /* U+F012A "󰄪" */
    0x1f, 0xf4, 0x0, 0x7f, 0xff, 0xc0, 0xb5, 0x40,
    0x3f, 0xf9, 0xb2, 0x54, 0x80, 0x1f, 0xfc, 0xb4,
    0x40, 0x1a, 0x0, 0x7f, 0xf2, 0xe4, 0x1, 0xe0,
    0x1f, 0xfc, 0xb7, 0x20, 0x53, 0x0, 0xff, 0xa7,
    0x98, 0x3, 0xf0, 0xc0, 0x2, 0xc0, 0x3f, 0xe2,
    0x61, 0x9c, 0x30, 0xf, 0x40, 0x2, 0x4, 0x3,
    0xfe, 0x90, 0x8, 0xf2, 0x84, 0x2, 0x36, 0x2,
    0x70, 0xf, 0xf9, 0x10, 0x6, 0x80, 0x5, 0xe7,
    0x0, 0x78, 0x2, 0x0, 0x3f, 0xf8, 0x12, 0x0,
    0xeb, 0xb1, 0x0, 0x23, 0x64, 0xc1, 0x14, 0x3,
    0xfe, 0x72, 0x6, 0x20, 0x4d, 0x91, 0x2, 0x60,
    0x4, 0x80, 0x7f, 0xc3, 0x0, 0x30, 0x1, 0x9b,
    0xd8, 0x2, 0x62, 0x0, 0xff, 0xac, 0x1, 0x2,
    0x1, 0xc3, 0x3a, 0x83, 0x0, 0x1f, 0xf1, 0xa8,
    0x13, 0x0, 0x7e, 0x2b, 0xf1, 0x0, 0xff, 0xbc,
    0x1, 0x20, 0x1f, 0xf0, 0x80, 0x7f, 0xcc, 0x60,
    0xa8, 0x1, 0xff, 0xca, 0x18, 0x0, 0x40, 0x7,
    0xff, 0x2d, 0x84, 0x1c, 0x80, 0x3f, 0xf9, 0xa3,
    0x0, 0x1f, 0xfc, 0xe3, 0xbb, 0xff, 0xe4, 0xa8,
    0x7, 0x12, 0x27, 0xff, 0x27, 0x40, 0x3f, 0xfa,
    0x0,

    /* U+F012C "󰄬" */
    0x0, 0xff, 0xe4, 0x89, 0x80, 0x7f, 0xf2, 0x47,
    0x30, 0x60, 0x1f, 0xfc, 0x71, 0xc2, 0x8, 0x0,
    0xff, 0xe3, 0xe, 0x10, 0x1d, 0x80, 0x7f, 0xf1,
    0x47, 0x8, 0xf, 0x0, 0x3f, 0xf8, 0xa3, 0x84,
    0x7, 0x80, 0x1f, 0xfc, 0x51, 0xc2, 0x3, 0xc0,
    0xf, 0xfe, 0x28, 0xe1, 0x1, 0xe0, 0x7, 0xff,
    0x14, 0x70, 0x80, 0xf0, 0x3, 0xe9, 0x10, 0xf,
    0xc3, 0x84, 0x7, 0x80, 0x1f, 0x63, 0x60, 0x80,
    0x78, 0x70, 0x80, 0xf0, 0x3, 0xfc, 0x58, 0x20,
    0x18, 0x70, 0x80, 0xf0, 0x3, 0xfb, 0xc, 0xb,
    0x4, 0x0, 0x38, 0x40, 0x78, 0x1, 0xff, 0x61,
    0x81, 0x60, 0x8b, 0x8, 0xf, 0x0, 0x3f, 0xf8,
    0x38, 0x60, 0x59, 0x82, 0x3, 0xc0, 0xf, 0xfe,
    0x1e, 0x18, 0x11, 0x0, 0xf0, 0x3, 0xff, 0x8b,
    0x86, 0x0, 0x3c, 0x0, 0xff, 0xe3, 0xe1, 0x9b,
    0x0, 0x3f, 0xf9, 0x39, 0x80, 0xf, 0xfe, 0x18,

    /* U+F0140 "󰅀" */
    0x3, 0x10, 0xf, 0xf0, 0x98, 0x1e, 0x60, 0x40,
    0x3f, 0xe, 0x60, 0xe0, 0xb, 0x4, 0x3, 0xc3,
    0x84, 0x11, 0x66, 0x5, 0x82, 0x1, 0x87, 0x8,
    0xe, 0xc3, 0xc, 0xb, 0x4, 0x0, 0x38, 0x40,
    0x78, 0x1, 0x61, 0x81, 0x60, 0x8b, 0x8, 0xf,
    0x0, 0x3b, 0xc, 0xb, 0x30, 0x40, 0x78, 0x1,
    0xf6, 0x18, 0x11, 0x0, 0xf0, 0x3, 0xfb, 0xc,
    0x0, 0x78, 0x1, 0xff, 0x61, 0x9b, 0x0, 0x3f,
    0xf8, 0x39, 0x80, 0xf, 0x80,

    /* U+F0141 "󰅁" */
    0x0, 0xfd, 0x66, 0x1, 0xfb, 0x13, 0xc, 0x3,
    0xd8, 0x60, 0x44, 0x0, 0xec, 0x30, 0x2c, 0x10,
    0xd, 0x86, 0x5, 0x82, 0x1, 0xb0, 0xc0, 0xb0,
    0x40, 0x36, 0x18, 0x16, 0x8, 0x6, 0xc3, 0x2,
    0xc1, 0x0, 0xff, 0xe2, 0x61, 0x81, 0x60, 0x80,
    0x7b, 0xc, 0xb, 0x4, 0x3, 0xd8, 0x60, 0x58,
    0x20, 0x1e, 0xc3, 0x2, 0xc1, 0x0, 0xf6, 0x18,
    0x16, 0x8, 0x7, 0xb0, 0xc0, 0x88, 0x1, 0xf6,
    0x26, 0x18,

    /* U+F0142 "󰅂" */
    0x3, 0xb0, 0xf, 0xc7, 0x89, 0x80, 0x1f, 0x11,
    0x0, 0xf0, 0x3, 0xc3, 0x84, 0x7, 0x80, 0x1e,
    0x1c, 0x20, 0x3c, 0x0, 0xf0, 0xe1, 0x1, 0xe0,
    0x7, 0x87, 0x8, 0xf, 0x0, 0x3c, 0x38, 0x40,
    0x78, 0x1, 0xff, 0xc4, 0x1c, 0x20, 0x3c, 0x0,
    0xc3, 0x84, 0x7, 0x80, 0x18, 0x70, 0x80, 0xf0,
    0x3, 0xe, 0x10, 0x1e, 0x0, 0x61, 0xc2, 0x3,
    0xc0, 0xe, 0x22, 0x1, 0xe0, 0x7, 0x8f, 0x13,
    0x0, 0x3e,

    /* U+F0143 "󰅃" */
    0x0, 0xff, 0xe5, 0xe6, 0x0, 0x3f, 0xf8, 0x38,
    0x66, 0xc0, 0xf, 0xfb, 0xc, 0x0, 0x78, 0x1,
    0xfd, 0x86, 0x4, 0x40, 0x3c, 0x0, 0xfb, 0xc,
    0xb, 0x30, 0x40, 0x78, 0x1, 0xd8, 0x60, 0x58,
    0x22, 0xc2, 0x3, 0xc0, 0xb, 0xc, 0xb, 0x4,
    0x0, 0x38, 0x40, 0x78, 0x16, 0x60, 0x58, 0x20,
    0x18, 0x70, 0x80, 0xee, 0x0, 0xb0, 0x40, 0x3c,
    0x38, 0x41, 0x7, 0x98, 0x10, 0xf, 0xc3, 0x98,
    0x30,

    /* U+F0150 "󰅐" */
    0x0, 0xff, 0x89, 0x59, 0xd5, 0x0, 0x3f, 0xf8,
    0xe7, 0x3d, 0xb5, 0x31, 0x57, 0xf6, 0xc0, 0x1f,
    0xfc, 0x22, 0xac, 0x61, 0x0, 0xf9, 0x27, 0x98,
    0x3, 0xfe, 0x4c, 0x50, 0x1, 0xc5, 0xe6, 0xe4,
    0xa8, 0x0, 0x66, 0x80, 0x3f, 0x9a, 0xc4, 0xf,
    0x30, 0xe8, 0x64, 0x6d, 0x5c, 0xe0, 0x5, 0xc0,
    0xf, 0x8e, 0x40, 0x11, 0x86, 0x1, 0xf8, 0x63,
    0x48, 0xe, 0xc0, 0x38, 0x74, 0x1, 0x2e, 0x1,
    0xff, 0xc0, 0x2c, 0x20, 0x47, 0x0, 0xd0, 0x20,
    0xec, 0x1, 0xc3, 0xb8, 0x1, 0xe1, 0xf0, 0x4,
    0x8, 0x0, 0x58, 0xa, 0x0, 0x3e, 0x22, 0x0,
    0x7c, 0x52, 0x0, 0x90, 0x3, 0x0, 0x20, 0x3,
    0xff, 0x8c, 0xc4, 0xc, 0x0, 0xb0, 0x15, 0x0,
    0xff, 0xe3, 0xd0, 0xa, 0x1, 0x82, 0x0, 0x7f,
    0xf2, 0x10, 0x0, 0x64, 0x0, 0xd0, 0xf, 0xfe,
    0x41, 0x80, 0x38, 0x40, 0x2, 0x1, 0xff, 0xcb,
    0x30, 0xf, 0xfe, 0x10, 0xc0, 0x7, 0xff, 0x0,
    0x80, 0x1c, 0x1, 0xf8, 0x60, 0x1f, 0x94, 0x3,
    0xc2, 0x0, 0x31, 0x0, 0x18, 0x7, 0xf3, 0xea,
    0xd, 0x61, 0x80, 0x65, 0x0, 0x78, 0x20, 0x20,
    0x80, 0x7f, 0x15, 0xd8, 0x8f, 0x24, 0x2, 0xd0,
    0x2, 0x6, 0x80, 0x24, 0x3, 0xfe, 0x4d, 0x80,
    0x10, 0x0, 0xb0, 0x11, 0x1, 0x84, 0x1c, 0x40,
    0x3f, 0xf8, 0xf, 0xb0, 0x0, 0x80, 0x5, 0x80,
    0x50, 0x0, 0xd0, 0xf, 0xfe, 0x9, 0x0, 0x15,
    0x80, 0x98, 0x2, 0x63, 0x3, 0xb0, 0xf, 0xfe,
    0x12, 0x50, 0x3, 0x80, 0x3b, 0x44, 0x13, 0x8,
    0x3, 0xfe, 0x7b, 0x0, 0x49, 0x80, 0x70, 0xe1,
    0x1, 0xec, 0x90, 0x7, 0xcb, 0xb0, 0x0, 0x86,
    0x0, 0xf8, 0xb1, 0x0, 0xd, 0xba, 0xa8, 0x84,
    0xdf, 0xd1, 0x0, 0x2d, 0xc0, 0x3f, 0x86, 0xe8,
    0x80, 0x4, 0xae, 0xe6, 0x40, 0x9, 0xb9, 0x0,
    0x3f, 0xf8, 0xb, 0xb6, 0xc4, 0x1, 0x85, 0x27,
    0xa4, 0x40, 0x3f, 0xf8, 0x69, 0x3b, 0xfd, 0xcf,
    0xeb, 0x61, 0x0, 0xfc,

    /* U+F0156 "󰅖" */
    0x0, 0x8, 0x7, 0xff, 0x8, 0x40, 0x24, 0xe6,
    0x0, 0xff, 0xe0, 0x37, 0x20, 0xd, 0x84, 0xb0,
    0x7, 0xf9, 0xa4, 0x2c, 0x45, 0x20, 0x9, 0x60,
    0xf, 0xcd, 0x20, 0x9, 0x10, 0x69, 0x0, 0x4b,
    0x0, 0x79, 0xa4, 0x1, 0x2c, 0x1, 0x34, 0x80,
    0x25, 0x80, 0x33, 0x48, 0x2, 0x58, 0x3, 0x9a,
    0x40, 0x12, 0xc0, 0x6, 0x90, 0x4, 0xb0, 0x7,
    0xcd, 0x20, 0x9, 0x66, 0x48, 0x2, 0x58, 0x3,
    0xf9, 0xa4, 0x1, 0x32, 0x0, 0x4b, 0x0, 0x7f,
    0xcd, 0x20, 0x1a, 0x58, 0x3, 0xff, 0xa8, 0xd2,
    0x1, 0xa5, 0x80, 0x3f, 0xe6, 0x90, 0x4, 0xc8,
    0x1, 0x2c, 0x1, 0xfc, 0xd2, 0x0, 0x96, 0x64,
    0x80, 0x25, 0x80, 0x3e, 0x69, 0x0, 0x4b, 0x0,
    0x1a, 0x40, 0x12, 0xc0, 0x1c, 0xd2, 0x0, 0x96,
    0x0, 0xcd, 0x20, 0x9, 0x60, 0x9, 0xa4, 0x1,
    0x2c, 0x1, 0xe6, 0x90, 0x4, 0xb0, 0xc, 0x80,
    0x25, 0x80, 0x3f, 0x34, 0x80, 0x24, 0x45, 0x61,
    0x2c, 0x1, 0xfe, 0x69, 0xb, 0x10, 0x4e, 0x60,
    0xf, 0xfe, 0x3, 0x72, 0x0,

    /* U+F0159 "󰅙" */
    0x0, 0xff, 0x8d, 0x9d, 0xcc, 0x60, 0x1f, 0xfc,
    0x74, 0xaf, 0xc9, 0x88, 0x4e, 0x7d, 0xa8, 0x7,
    0xff, 0x8, 0xae, 0xca, 0x1, 0xf9, 0x2b, 0x4c,
    0x3, 0xfe, 0x5d, 0x40, 0xf, 0xfe, 0x1, 0x63,
    0x80, 0x7f, 0x35, 0x0, 0x7f, 0xf1, 0x22, 0x40,
    0x3e, 0x59, 0x0, 0xff, 0xe3, 0x33, 0x80, 0x70,
    0xd8, 0x7, 0xff, 0x22, 0xc, 0x3, 0x58, 0x80,
    0x62, 0x80, 0xf, 0xce, 0x80, 0x1d, 0xe0, 0x11,
    0x28, 0x6, 0x2c, 0x79, 0x0, 0xf3, 0xc5, 0xa0,
    0x6, 0x34, 0x0, 0x50, 0x7, 0x8, 0x1, 0xa4,
    0x3, 0x3c, 0x0, 0x7e, 0xe0, 0x2, 0x80, 0x71,
    0xe8, 0x83, 0x48, 0x1, 0xe0, 0x1, 0x68, 0x1,
    0xca, 0x0, 0x20, 0xf, 0x1e, 0x88, 0x34, 0xbc,
    0x0, 0x2d, 0x0, 0x3e, 0x22, 0x0, 0x7e, 0x3d,
    0x10, 0x68, 0x0, 0x5a, 0x0, 0x7e, 0x61, 0x0,
    0xfe, 0x3d, 0x0, 0xd6, 0x80, 0x1f, 0xc2, 0x1,
    0xff, 0x20, 0x6, 0xd0, 0xf, 0xf8, 0x80, 0x3f,
    0x9e, 0x0, 0x2, 0xd, 0x20, 0x1f, 0xc2, 0x20,
    0xf, 0xcf, 0x0, 0xb, 0xd1, 0x6, 0x90, 0xf,
    0xca, 0x8, 0x1, 0xe7, 0x80, 0x5, 0xa1, 0xe8,
    0x83, 0x48, 0x7, 0x88, 0x43, 0x40, 0x39, 0x60,
    0x1, 0x68, 0x0, 0x3d, 0x10, 0x67, 0x0, 0xe5,
    0x0, 0x30, 0x80, 0x65, 0x40, 0xb4, 0x0, 0xc7,
    0xa2, 0x4c, 0x1, 0xd4, 0x1, 0x48, 0x7, 0x5e,
    0x20, 0x7, 0x8f, 0x30, 0x20, 0x19, 0x88, 0x2,
    0x73, 0x0, 0xe3, 0x0, 0xfc, 0x42, 0x1, 0x86,
    0x40, 0x3b, 0x44, 0x3, 0xff, 0x8f, 0xa0, 0x1e,
    0x1c, 0x10, 0xf, 0xfe, 0x2d, 0x98, 0x7, 0xc5,
    0xe6, 0x1, 0xff, 0xc2, 0x2d, 0x40, 0xf, 0xe1,
    0xc9, 0x10, 0xf, 0xf0, 0xc6, 0x90, 0x7, 0xff,
    0x1, 0xba, 0x94, 0x40, 0x30, 0xa4, 0xf3, 0x80,
    0x7f, 0xf1, 0x16, 0xbb, 0xfb, 0x9f, 0xd6, 0xc0,
    0x1f, 0xc0,

    /* U+F0169 "󰅩" */
    0x0, 0xc3, 0x5f, 0xf2, 0x0, 0x65, 0xff, 0xa8,
    0x40, 0x3f, 0x52, 0x80, 0x7f, 0xf0, 0x16, 0xc0,
    0x3f, 0x20, 0xa, 0xa9, 0xc0, 0x33, 0x22, 0x4,
    0x14, 0x3, 0xfc, 0x95, 0x43, 0x0, 0xc7, 0x76,
    0x50, 0xf, 0xff, 0xf8, 0x7, 0xff, 0x48, 0x40,
    0x3f, 0xf8, 0x82, 0x1, 0xeb, 0x0, 0x18, 0x7,
    0xf8, 0x40, 0x10, 0x1, 0x3c, 0x62, 0x80, 0x34,
    0x3, 0xfd, 0xc0, 0x6, 0xc8, 0x78, 0x73, 0x2,
    0xa4, 0x0, 0xff, 0x25, 0x10, 0x1b, 0xc0, 0x6,
    0x2f, 0x0, 0xff, 0xe0, 0x79, 0x0, 0x6d, 0xd4,
    0x0, 0x15, 0x80, 0x3f, 0xcc, 0xa0, 0x8, 0xdd,
    0x11, 0x1e, 0x40, 0x18, 0x1, 0xfe, 0xc0, 0x4,
    0xb9, 0x10, 0x2, 0x70, 0xf, 0xfe, 0x8, 0x80,
    0x1c, 0x3, 0xc2, 0x1, 0xff, 0xc4, 0x10, 0xf,
    0xff, 0xf8, 0x7, 0xff, 0x49, 0x2a, 0x86, 0x1,
    0x8e, 0xec, 0xa0, 0x1f, 0xe5, 0x1, 0x55, 0x38,
    0x6, 0x64, 0x40, 0x82, 0x80, 0x7e, 0xb5, 0x0,
    0xff, 0xe0, 0x2d, 0x80, 0x60,

    /* U+F0174 "󰅴" */
    0x0, 0xfd, 0x66, 0x1, 0xf8, 0xec, 0x3, 0xff,
    0x87, 0x89, 0x86, 0x1, 0xe3, 0xc4, 0xc0, 0xf,
    0xfe, 0xe, 0x18, 0x11, 0x0, 0x3c, 0x44, 0x3,
    0xc0, 0xf, 0xfb, 0xc, 0xb, 0x4, 0x3, 0xc3,
    0x84, 0x7, 0x80, 0x1f, 0xd8, 0x60, 0x58, 0x20,
    0x1f, 0x87, 0x8, 0xf, 0x0, 0x3e, 0xc3, 0x2,
    0xc1, 0x0, 0xff, 0xe, 0x10, 0x1e, 0x0, 0x76,
    0x18, 0x16, 0x8, 0x7, 0xff, 0x0, 0x70, 0x80,
    0xf0, 0x2, 0xc3, 0x3, 0xc1, 0x0, 0xff, 0xe1,
    0xe, 0x18, 0x1e, 0x0, 0x7f, 0xf4, 0xb0, 0xc0,
    0xf4, 0x40, 0x3f, 0xf8, 0x43, 0x86, 0x7, 0x80,
    0x16, 0x18, 0x1e, 0x8, 0x7, 0xff, 0x0, 0x70,
    0x80, 0xf0, 0x3, 0xb0, 0xc0, 0xb0, 0x40, 0x3f,
    0xc3, 0x84, 0x7, 0x80, 0x1f, 0x61, 0x81, 0x60,
    0x80, 0x7e, 0x1c, 0x20, 0x3c, 0x0, 0xfe, 0xc3,
    0x2, 0xc1, 0x0, 0xf0, 0xe1, 0x1, 0xe0, 0x7,
    0xfd, 0x86, 0x4, 0x40, 0xf, 0x11, 0x0, 0xf0,
    0x3, 0xff, 0x83, 0x89, 0x86, 0x1, 0xe3, 0xc4,
    0xc0, 0xf, 0x80,

    /* U+F018D "󰆍" */
    0x1, 0xbf, 0xff, 0xfe, 0x57, 0x30, 0x3, 0x50,
    0x3, 0xff, 0x94, 0x32, 0x60, 0x60, 0x1f, 0xfc,
    0xdb, 0x10, 0xf, 0xff, 0x72, 0xd5, 0x7f, 0xf2,
    0x40, 0x3c, 0x4a, 0xbf, 0xfc, 0x84, 0x0, 0xff,
    0xec, 0xe7, 0xfb, 0x44, 0x3, 0xff, 0x97, 0x86,
    0x5, 0x82, 0x1, 0xff, 0xcb, 0xc3, 0x2, 0xc1,
    0x0, 0xff, 0xe5, 0xe1, 0x81, 0x60, 0x80, 0x7f,
    0xf2, 0xf0, 0xc0, 0xb0, 0x3, 0xff, 0x99, 0x20,
    0x2, 0x20, 0x7, 0xff, 0x28, 0xe8, 0x0, 0xa4,
    0x1, 0xff, 0xc9, 0x3c, 0x0, 0x2d, 0x0, 0x7f,
    0xf2, 0x4f, 0x0, 0xb, 0x40, 0x9, 0xff, 0xf0,
    0x80, 0x7f, 0xc7, 0x80, 0x5, 0xa0, 0xf, 0xfe,
    0x54, 0xa2, 0x1e, 0x80, 0x37, 0xa2, 0x78, 0x40,
    0x3f, 0xea, 0xbb, 0x40, 0x7, 0x35, 0xdf, 0x80,
    0x3f, 0xfa, 0xc2, 0x0, 0x5b, 0xbf, 0xfe, 0x45,
    0x0, 0x63, 0x2, 0x44, 0xff, 0xe4, 0x80, 0x2c,
    0x35, 0x0, 0x3f, 0xf9, 0x43, 0x26,

    /* U+F018F "󰆏" */
    0x0, 0x35, 0x57, 0xff, 0x11, 0x40, 0x3f, 0x4c,
    0x95, 0x7f, 0xf8, 0x9a, 0x1, 0xf9, 0x80, 0x3f,
    0xf9, 0xa2, 0x0, 0x7f, 0xff, 0xfe, 0x1c, 0x0,
    0x7f, 0xf7, 0x49, 0xe2, 0x3f, 0xf8, 0x4e, 0x60,
    0x1f, 0x8b, 0x61, 0xdf, 0xff, 0x85, 0x18, 0xc0,
    0x1f, 0x40, 0x7, 0xff, 0x1a, 0x40, 0x3e, 0x60,
    0x1e, 0xef, 0xfe, 0x12, 0x80, 0x4, 0x3, 0xf8,
    0x47, 0xff, 0x84, 0x60, 0x1f, 0xff, 0xf0, 0xf,
    0xff, 0xf8, 0x7, 0xff, 0xfc, 0x3, 0xff, 0xfe,
    0xa, 0xad, 0x0, 0xff, 0xe5, 0x8d, 0x51, 0x40,
    0x3f, 0xff, 0xe0, 0x1f, 0xff, 0x26, 0x1, 0xff,
    0xff, 0xe1, 0x30, 0x0, 0x40, 0x3d, 0xc0, 0x1f,
    0xfc, 0x66, 0x0, 0xf9, 0x31, 0x95, 0x7f, 0xf8,
    0x73, 0x20,

    /* U+F01A4 "󰆤" */
    0x0, 0xff, 0xe0, 0x9b, 0xb8, 0x3, 0xff, 0x9f,
    0x71, 0x1, 0x0, 0xff, 0xf5, 0x2c, 0x28, 0x2,
    0xdc, 0xc0, 0x3f, 0xf8, 0xe3, 0x3f, 0x4e, 0x40,
    0x5, 0x8c, 0xd5, 0x0, 0xff, 0xe2, 0x27, 0xb0,
    0x6, 0x10, 0xc, 0x55, 0x62, 0x1, 0xff, 0xc1,
    0x8b, 0x10, 0x17, 0xcf, 0xef, 0xea, 0x40, 0x2,
    0x79, 0x0, 0x7f, 0xcc, 0xe0, 0x6, 0xe8, 0x30,
    0x8, 0x56, 0xf0, 0x40, 0x70, 0x40, 0x3f, 0x92,
    0x40, 0x13, 0x20, 0xf, 0xe3, 0xf3, 0x1, 0xd0,
    0xf, 0xe9, 0x0, 0x3b, 0x0, 0x64, 0x76, 0x20,
    0x8, 0x74, 0x40, 0xd8, 0x3, 0xe5, 0x20, 0x38,
    0x0, 0x97, 0xae, 0x27, 0x6c, 0x40, 0x3, 0xa0,
    0x8, 0x0, 0xfb, 0x80, 0x1e, 0x1, 0x2d, 0x8,
    0x6, 0x4c, 0x0, 0x8d, 0x0, 0x50, 0x3, 0xc8,
    0x4, 0x60, 0x15, 0x80, 0x7c, 0x50, 0x1, 0x70,
    0x3, 0x0, 0x27, 0x74, 0x0, 0x1c, 0x2, 0x51,
    0x0, 0xfc, 0xc0, 0x12, 0x0, 0x15, 0xdc, 0x73,
    0xe, 0x0, 0x20, 0x8, 0x80, 0x3f, 0x84, 0x2,
    0x10, 0x1, 0x44, 0x10, 0x3, 0xbc, 0x3, 0xff,
    0x99, 0x9b, 0x80, 0xe, 0x0, 0x90, 0x3, 0xf8,
    0xc0, 0x3c, 0xbb, 0xa6, 0x22, 0x18, 0x82, 0x80,
    0x46, 0x60, 0xf, 0xd2, 0x1, 0x18, 0x3, 0x48,
    0x82, 0x1, 0x20, 0x18, 0x80, 0x5a, 0x20, 0x1e,
    0x65, 0x0, 0xac, 0x0, 0x80, 0x1e, 0xe0, 0x4,
    0x80, 0x43, 0xec, 0x1, 0x15, 0x48, 0x6, 0x60,
    0x23, 0x0, 0xf2, 0x10, 0x39, 0x80, 0x43, 0x3f,
    0xdc, 0xd5, 0x0, 0xd4, 0x21, 0x60, 0x1f, 0xa4,
    0x1, 0xc2, 0x1, 0xc2, 0x20, 0xe, 0x65, 0x3,
    0x60, 0xf, 0xc8, 0xe0, 0x58, 0x60, 0x1f, 0xe8,
    0x90, 0x1e, 0x0, 0xff, 0x42, 0x1, 0x64, 0x8,
    0x7, 0x8f, 0x1c, 0x1, 0x44, 0x1, 0xff, 0x5b,
    0x80, 0x1f, 0xb2, 0x5e, 0x2b, 0xb0, 0xc0, 0x71,
    0x0, 0x3f, 0xf8, 0x31, 0x42, 0x0, 0x36, 0x87,
    0x51, 0x0, 0x2f, 0x98, 0x7, 0xff, 0xd, 0x7a,
    0x50, 0x3, 0x85, 0xb2, 0x84, 0x3, 0xff, 0x8c,
    0xd7, 0xec, 0x0, 0xde, 0x93, 0x0, 0xff, 0xe5,
    0x88, 0x0, 0xc0, 0x3f, 0xf9, 0xde, 0x22, 0x0,
    0xff, 0xe1, 0x0,

    /* U+F01A7 "󰆧" */
    0x0, 0xff, 0x8d, 0x80, 0x3f, 0xf9, 0x25, 0x79,
    0x3c, 0xc0, 0x1f, 0xfc, 0x51, 0x9d, 0x40, 0x0,
    0xce, 0xa8, 0x7, 0xff, 0xa, 0x39, 0x80, 0x6,
    0xe0, 0x2, 0xac, 0x30, 0xf, 0xf3, 0x73, 0x80,
    0xa, 0xb2, 0x39, 0x80, 0x7, 0x96, 0x40, 0x1e,
    0x5d, 0x91, 0x1, 0x9d, 0x50, 0x0, 0xce, 0xa0,
    0x1, 0x36, 0x44, 0x0, 0x79, 0x44, 0x0, 0x7e,
    0x60, 0xf, 0x15, 0xd8, 0xc0, 0xd, 0xd0, 0x1a,
    0x60, 0x5, 0xe8, 0x0, 0xff, 0x26, 0x50, 0x80,
    0x1d, 0x84, 0x2, 0x47, 0x0, 0xff, 0xe0, 0x17,
    0x88, 0x5, 0xc0, 0x18, 0x67, 0x50, 0x3, 0xf0,
    0xce, 0xa8, 0x7, 0xc8, 0xe0, 0x2, 0xbc, 0x30,
    0xe, 0x8e, 0x60, 0x1, 0xc8, 0x7, 0xa3, 0x98,
    0x0, 0x79, 0x44, 0xd, 0xce, 0x0, 0x2a, 0xc5,
    0x0, 0xf8, 0x67, 0x50, 0x0, 0xbb, 0xd2, 0x20,
    0x33, 0xaa, 0x1, 0xff, 0x15, 0xd8, 0xc0, 0x2,
    0x0, 0x7e, 0x60, 0xf, 0xfe, 0x1a, 0x64, 0x80,
    0x13, 0xa0, 0x3, 0xff, 0x8e, 0xe0, 0x3, 0x10,
    0xf, 0xff, 0xf8, 0x7, 0xff, 0x1, 0x20, 0x3,
    0xff, 0x88, 0x9e, 0x0, 0xf4, 0x0, 0x3f, 0x30,
    0x7, 0xff, 0x0, 0xae, 0xc6, 0x0, 0x3b, 0x81,
    0x1, 0x9d, 0x50, 0xf, 0xc3, 0x3a, 0x80, 0x4,
    0xd4, 0x7, 0xf7, 0x0, 0x15, 0x61, 0x80, 0x74,
    0x73, 0x0, 0xe, 0xec, 0x40, 0x10, 0xc7, 0x28,
    0x0, 0xf2, 0x80, 0x9, 0xce, 0x0, 0x2a, 0xc4,
    0x0, 0xf8, 0x6b, 0x50, 0x0, 0x80, 0x3, 0x10,
    0x18, 0xd5, 0x0, 0xff, 0x8a, 0xec, 0x60, 0x1c,
    0xfe, 0xe0, 0x1f, 0xfc, 0x34, 0xca, 0x20, 0x5e,
    0x81, 0x0, 0xff, 0xe3, 0x2e, 0xfd, 0x8, 0x7,
    0xf8,

    /* U+F01B4 "󰆴" */
    0x0, 0xf4, 0xff, 0xfb, 0x88, 0x3, 0x86, 0xab,
    0x63, 0x0, 0x78, 0x72, 0xab, 0x28, 0x2a, 0xe3,
    0x0, 0xfc, 0x2a, 0xbb, 0x40, 0x3f, 0xf9, 0x3,
    0xff, 0xff, 0xc6, 0x80, 0x4, 0x55, 0x7f, 0xf0,
    0xc8, 0x2, 0x45, 0x5f, 0xfe, 0x18, 0x80, 0x7f,
    0xff, 0xc0, 0x3f, 0xff, 0xe0, 0x1f, 0xff, 0xf0,
    0xf, 0xff, 0x73, 0x80, 0x7f, 0xf0, 0xc4, 0x2,
    0xc0, 0xf, 0xfe, 0x11, 0x10, 0x2, 0x77, 0x8,
    0x7, 0xfc, 0x7e, 0x0,

    /* U+F01BC "󰆼" */
    0x0, 0xe4, 0x8b, 0xde, 0xff, 0x76, 0x4b, 0x10,
    0x7, 0xc3, 0x1f, 0x6e, 0x84, 0x20, 0x1, 0x36,
    0x9d, 0xc5, 0x0, 0xc9, 0xee, 0x1, 0xff, 0xc1,
    0x3a, 0xb1, 0x4, 0xb1, 0x0, 0xff, 0xe2, 0x26,
    0x84, 0x0, 0x7f, 0xf1, 0xcd, 0x4, 0x3, 0xff,
    0x90, 0x4e, 0x1, 0xff, 0xc8, 0x5b, 0x10, 0xf,
    0xfe, 0x33, 0x98, 0x7a, 0x0, 0x7f, 0xf1, 0x26,
    0x6, 0x6, 0xf1, 0x40, 0x3f, 0xe2, 0x8e, 0x62,
    0x77, 0x48, 0x1d, 0x7e, 0x4b, 0xb2, 0xa9, 0xa2,
    0xfb, 0x5c, 0x4b, 0xc4, 0x1b, 0x50, 0x0, 0x6d,
    0x13, 0x54, 0x97, 0x41, 0x1, 0x8d, 0x20, 0x20,
    0x2b, 0xe9, 0x52, 0x0, 0xf1, 0xbd, 0xf3, 0x80,
    0xa, 0x40, 0x21, 0x6a, 0xdf, 0xf7, 0x73, 0xfd,
    0x90, 0x80, 0x11, 0x2a, 0xa4, 0x3, 0xf0, 0x88,
    0x3, 0xe2, 0xf0, 0x26, 0xd4, 0x0, 0xff, 0xe0,
    0x8c, 0x69, 0x12, 0x0, 0xaf, 0xa5, 0x48, 0x3,
    0xc6, 0xf7, 0xce, 0x6, 0xa9, 0x62, 0x2, 0xd5,
    0xbf, 0xee, 0xe7, 0xfb, 0x21, 0x0, 0x9, 0xa0,
    0x4, 0xf7, 0x0, 0xf0, 0x88, 0x3, 0x8e, 0xac,
    0x40, 0x80, 0x63, 0xed, 0xd0, 0x84, 0x0, 0x26,
    0xb3, 0xb8, 0xa0, 0x2, 0x80, 0xc, 0x91, 0x7b,
    0xdf, 0xee, 0xca, 0x62, 0x0, 0x8d, 0x52, 0xc4,
    0x3, 0xff, 0x88, 0x9a, 0x0, 0x4f, 0x70, 0xf,
    0xfe, 0x9, 0xd5, 0x88, 0x4, 0x31, 0xf6, 0xe8,
    0x42, 0x0, 0x13, 0x69, 0xdc, 0x50, 0x8,

    /* U+F01BE "󰆾" */
    0x0, 0xff, 0xe0, 0x9c, 0x80, 0x7f, 0xf3, 0x4f,
    0x1a, 0x40, 0x3f, 0xf9, 0x67, 0x80, 0x6, 0x90,
    0xf, 0xfe, 0x49, 0xe0, 0x6, 0x69, 0x0, 0xff,
    0xe3, 0x9e, 0x0, 0x79, 0xa4, 0x3, 0xff, 0x8a,
    0x30, 0x67, 0x0, 0x4, 0xcc, 0xac, 0x1, 0xff,
    0xc4, 0x1b, 0xcc, 0x68, 0x1, 0xb3, 0x26, 0x0,
    0xff, 0xee, 0x99, 0x0, 0x7f, 0xf0, 0xd8, 0x3,
    0xf8, 0xf0, 0x40, 0x3f, 0xf8, 0x75, 0x20, 0x1f,
    0x1e, 0x0, 0x7f, 0xf1, 0x9a, 0x40, 0x38, 0xf0,
    0x3, 0xff, 0x90, 0xd2, 0x1, 0x1e, 0x0, 0x53,
    0x11, 0xe0, 0x2, 0x44, 0x78, 0x80, 0xd, 0x20,
    0x78, 0x1, 0x95, 0xdf, 0x98, 0x0, 0x6e, 0xfe,
    0x10, 0x9, 0xa4, 0xd0, 0x3, 0xff, 0x9b, 0x41,
    0x68, 0x1, 0x5f, 0x77, 0x68, 0x1, 0xbb, 0xbc,
    0x60, 0x16, 0x18, 0x2, 0xd0, 0x0, 0xe2, 0x3c,
    0x60, 0x1, 0x1f, 0x80, 0x2c, 0x30, 0xd, 0x68,
    0x1, 0xff, 0xc7, 0xc3, 0x0, 0xf5, 0xa0, 0x7,
    0xff, 0x11, 0xf0, 0xc0, 0x3f, 0x59, 0x0, 0x7f,
    0xf0, 0xe8, 0xc0, 0x3f, 0xc2, 0x1, 0xff, 0xc3,
    0x10, 0xf, 0xfe, 0x8, 0x99, 0xca, 0x0, 0x23,
    0x38, 0x80, 0x3f, 0xf8, 0x83, 0x19, 0x8b, 0x0,
    0x2e, 0x64, 0x20, 0x1f, 0xfc, 0x5b, 0x40, 0xf,
    0xb0, 0xc0, 0x3f, 0xf8, 0xd6, 0x80, 0x1d, 0x86,
    0x1, 0xff, 0xc8, 0xb4, 0x0, 0xb0, 0xc0, 0x3f,
    0xf9, 0x56, 0x81, 0x86, 0x1, 0xff, 0xcc, 0xbc,
    0x30, 0xf, 0xfe, 0x0,

    /* U+F01D9 "󰇙" */
    0x1, 0x66, 0x8, 0x17, 0x4c, 0xbc, 0x60, 0x2,
    0x16, 0x10, 0xd, 0xfc, 0x1, 0xad, 0x64, 0xcd,
    0x66, 0xd, 0x98, 0x40, 0xf, 0xc2, 0xcc, 0x10,
    0x2e, 0x99, 0x78, 0xc0, 0x4, 0x2c, 0x20, 0x1b,
    0xf8, 0x3, 0x5a, 0xc9, 0x9a, 0xcc, 0x1b, 0x30,
    0x80, 0x1f, 0x85, 0x98, 0x20, 0x5d, 0x32, 0xf1,
    0x80, 0x8, 0x58, 0x40, 0x37, 0xf0, 0x6, 0xb5,
    0x93, 0x35, 0x98,

    /* U+F01DA "󰇚" */
    0x0, 0xf6, 0x7f, 0xfc, 0x60, 0x1f, 0xff, 0xf0,
    0xf, 0xff, 0xdc, 0xff, 0xe3, 0x0, 0xfb, 0x3f,
    0xee, 0x20, 0x96, 0x0, 0xff, 0xe1, 0xe, 0x10,
    0x2, 0x58, 0x3, 0xff, 0x80, 0x38, 0x40, 0x1a,
    0x58, 0x3, 0xfc, 0x38, 0x40, 0x1e, 0x96, 0x0,
    0xfc, 0x38, 0x40, 0x1f, 0xa5, 0x80, 0x3c, 0x38,
    0x40, 0x1f, 0xe9, 0x60, 0xc, 0x38, 0x40, 0x1f,
    0xfc, 0x9, 0x60, 0x0, 0xe1, 0x0, 0x7f, 0xf0,
    0xa5, 0x87, 0x8, 0x3, 0xff, 0x89, 0x3e, 0x40,
    0x1f, 0xfc, 0x61, 0x0, 0xff, 0xe8, 0x8f, 0xff,
    0xff, 0x1a, 0x0, 0x3f, 0xf9, 0x2a, 0xbf, 0xfc,
    0x6d,

    /* U+F01EA "󰇪" */
    0x0, 0xff, 0xe8, 0xc4, 0x0, 0x3f, 0xf8, 0xa6,
    0xee, 0x30, 0xf, 0xfe, 0x27, 0x0, 0x38, 0x3,
    0xff, 0x87, 0x4, 0x0, 0x28, 0x0, 0xff, 0xe0,
    0x9b, 0x80, 0x67, 0x30, 0xf, 0xfe, 0x7, 0x0,
    0x7b, 0x80, 0x3f, 0xe8, 0x20, 0xf, 0x14, 0x0,
    0x7f, 0x1b, 0x80, 0x7e, 0x73, 0x0, 0xfd, 0xc0,
    0x1f, 0xee, 0x0, 0xfa, 0x8, 0x3, 0xfc, 0x50,
    0x1, 0xc6, 0xe0, 0x1f, 0xfc, 0x7, 0x30, 0xd,
    0xc0, 0x1f, 0xfc, 0x2e, 0x0, 0xa0, 0x80, 0x3f,
    0xf8, 0x45, 0x0, 0x8, 0xff, 0xff, 0xe2, 0x40,
    0x7, 0xff, 0x24, 0x55, 0x7f, 0xf8, 0xc2, 0x95,
    0x5f, 0xfc, 0x64, 0x0, 0xff, 0xe4, 0x25, 0x57,
    0xff, 0x19, 0x0,

    /* U+F01FA "󰇺" */
    0x0, 0xfc, 0xf5, 0x5f, 0xe0, 0xf, 0xfe, 0x3e,
    0xaa, 0xff, 0x80, 0x3f, 0xfc, 0xb5, 0xff, 0x28,
    0x3, 0xff, 0x0, 0x7f, 0xf9, 0x44, 0x78, 0x0,
    0x23, 0xf8, 0x3, 0xff, 0x84, 0x9d, 0xd9, 0x0,
    0x1d, 0xdf, 0x80, 0x3f, 0xf8, 0x29, 0x60, 0x1f,
    0xfc, 0x51, 0xcc, 0xad, 0x5d, 0xc0, 0x3, 0xb0,
    0xf, 0xfe, 0x39, 0x9c, 0xbf, 0x10, 0x0, 0x38,
    0x7, 0xff, 0xfc, 0x1, 0x98, 0xd0, 0xf, 0x9d,
    0xdc, 0x1, 0xff, 0xc5, 0x33, 0x80, 0x3e, 0x88,
    0x28, 0x7, 0xff, 0xb7, 0x31, 0x0, 0x1f, 0xfc,
    0xf3, 0x38, 0x3, 0xff, 0x8a, 0xee, 0x60, 0xf,
    0xfe, 0x7c, 0x44, 0x1, 0xff, 0xd6, 0x8c, 0xc0,
    0x1, 0x73, 0x2b, 0x10, 0xf, 0xfe, 0x39, 0x19,
    0x80, 0x2, 0x67, 0x26, 0x8, 0x7, 0xff, 0x4,
    0x5d, 0xe9, 0x0, 0xff, 0x16, 0x10, 0x8f, 0xf8,
    0x2, 0x88, 0x9c,

    /* U+F0200 "󰈀" */
    0x0, 0x47, 0x7f, 0xff, 0xf2, 0x75, 0x0, 0x10,
    0xe2, 0x1, 0xff, 0xc9, 0x2b, 0x30, 0x70, 0xf,
    0xfe, 0x6d, 0x8, 0x7, 0xff, 0x38, 0x80, 0x3f,
    0xdd, 0xff, 0xf1, 0x80, 0x7e, 0x70, 0xf, 0xff,
    0xf8, 0x7, 0xff, 0x4, 0x7f, 0xf8, 0x40, 0x3e,
    0xcf, 0xfd, 0x60, 0x1f, 0xff, 0xf0, 0xf, 0xff,
    0xf8, 0x7, 0xff, 0xb6, 0x7f, 0xc2, 0x3, 0xfe,
    0x80, 0x6, 0x7f, 0x0, 0x7f, 0xff, 0xc0, 0x3f,
    0xf9, 0x3, 0xfe, 0x60, 0x7, 0x7f, 0x0, 0x1f,
    0xfc, 0x60, 0x3f, 0xeb, 0x0, 0xff, 0xea, 0x8,
    0x7, 0xff, 0x39, 0x80, 0xc0, 0x3f, 0xf9, 0xb8,
    0x1c, 0x40, 0x1f, 0xfc, 0xb6, 0x60, 0x16, 0xe5,
    0xd5, 0x7f, 0xf1, 0xef, 0x64, 0x0,

    /* U+F0208 "󰈈" */
    0x0, 0xff, 0x2c, 0xe7, 0x7f, 0xbb, 0x25, 0x40,
    0x3f, 0xf8, 0xa3, 0x3f, 0x4c, 0x62, 0x0, 0x13,
    0x6a, 0xf9, 0x10, 0xf, 0xfe, 0xb, 0xf3, 0x0,
    0x7f, 0xf0, 0x1b, 0x9c, 0x3, 0xfc, 0x37, 0x0,
    0x1c, 0x4f, 0x32, 0x72, 0x0, 0xe8, 0xb1, 0x0,
    0xf8, 0x71, 0x0, 0x3a, 0xb6, 0x19, 0x91, 0xb4,
    0x1, 0xc9, 0x82, 0x1, 0xc3, 0x84, 0x1, 0xda,
    0xa0, 0x1e, 0x5d, 0x0, 0xe2, 0xc1, 0x0, 0xd4,
    0x40, 0x1d, 0x44, 0x5, 0x7f, 0xeb, 0x20, 0x2a,
    0x0, 0xe2, 0xa0, 0x9, 0x90, 0x3, 0x89, 0x40,
    0xb5, 0x0, 0x9, 0xa4, 0xa, 0x40, 0x1c, 0x8c,
    0x0, 0x80, 0xf, 0x28, 0x2, 0x40, 0x3d, 0x20,
    0x5, 0x0, 0xf4, 0x3, 0x88, 0x7, 0xb8, 0x0,
    0x80, 0x1e, 0x40, 0x7, 0x0, 0x78, 0x5c, 0x3,
    0xf1, 0x80, 0x7f, 0xf2, 0x5c, 0x40, 0x3d, 0xa0,
    0x4, 0x0, 0xf2, 0x0, 0x38, 0x3, 0xc2, 0xe1,
    0x0, 0x1e, 0x50, 0x4, 0x80, 0x7a, 0x40, 0xa,
    0x1, 0xe8, 0x0, 0x32, 0x0, 0x71, 0x28, 0x16,
    0xa0, 0x1, 0x34, 0x81, 0x48, 0x3, 0x91, 0x80,
    0x2a, 0x20, 0xe, 0xa2, 0x2, 0xbf, 0xf5, 0x90,
    0x15, 0x0, 0x71, 0x50, 0x6, 0x1c, 0x10, 0xe,
    0xd5, 0x0, 0xf2, 0xe8, 0x7, 0xe, 0x8, 0x7,
    0xf, 0x98, 0x7, 0x56, 0xc2, 0xb4, 0x6d, 0x0,
    0x72, 0x78, 0x80, 0x7c, 0x39, 0x0, 0x1c, 0x4f,
    0x52, 0xe4, 0x1, 0xd1, 0x62, 0x1, 0xfe, 0x7e,
    0x60, 0xf, 0xfe, 0x3, 0x73, 0x80, 0x7f, 0xf0,
    0x46, 0x7e, 0x98, 0xc4, 0x0, 0x26, 0xd5, 0xf2,
    0x20, 0x1f, 0x0,

    /* U+F0209 "󰈉" */
    0x0, 0x1d, 0x88, 0x7, 0xff, 0x38, 0x75, 0x34,
    0x40, 0x3f, 0xf9, 0xa2, 0xc0, 0x7a, 0x20, 0x12,
    0x46, 0x6f, 0xfb, 0xb2, 0x54, 0x3, 0xff, 0x81,
    0xe, 0x7, 0xa2, 0x0, 0xf7, 0x32, 0x0, 0x9,
    0xb5, 0x7c, 0x88, 0x7, 0xfa, 0x1c, 0xf, 0x44,
    0x2d, 0x0, 0x3f, 0x9b, 0x9c, 0x3, 0xfd, 0x22,
    0x7, 0xa2, 0x16, 0xaf, 0x52, 0xe4, 0x1, 0xd1,
    0x62, 0x1, 0xf1, 0x60, 0x80, 0xf, 0x44, 0x2a,
    0x15, 0xa3, 0x68, 0x3, 0x93, 0x4, 0x3, 0x87,
    0xc8, 0x3, 0x1e, 0x88, 0x7, 0x97, 0x40, 0x38,
    0xb0, 0x40, 0x35, 0x10, 0x7, 0x8f, 0x44, 0x1,
    0x56, 0x40, 0x54, 0x1, 0xc5, 0x40, 0x13, 0x20,
    0x7, 0xb, 0x81, 0xe8, 0x85, 0x6, 0x90, 0x29,
    0x0, 0x72, 0x30, 0x2, 0x0, 0x3c, 0xd1, 0x0,
    0x3d, 0x10, 0xb4, 0x90, 0x2, 0x80, 0x7a, 0x1,
    0xc4, 0x3, 0xda, 0xe, 0x20, 0x7a, 0x21, 0x62,
    0x0, 0xe0, 0xf, 0xb, 0x80, 0x7f, 0xc2, 0x0,
    0x3d, 0x10, 0xa0, 0x1, 0x80, 0x7e, 0x71, 0x0,
    0xf6, 0x80, 0x10, 0x2, 0x3d, 0x10, 0xb, 0x40,
    0x3c, 0x2e, 0x10, 0x1, 0xe5, 0x0, 0x48, 0x6,
    0x3d, 0x10, 0x1, 0x0, 0x7a, 0x0, 0xc, 0x80,
    0x1c, 0x4a, 0x5, 0xa8, 0x2, 0x7, 0xa2, 0x14,
    0x80, 0x19, 0x18, 0x2, 0xa2, 0x0, 0xea, 0x20,
    0x2b, 0xfe, 0x80, 0x3d, 0x10, 0xb4, 0x0, 0x15,
    0x0, 0x61, 0xc1, 0x0, 0xed, 0x50, 0xc, 0xee,
    0x3, 0xd1, 0xb, 0x42, 0xc1, 0x0, 0xe1, 0xf3,
    0x0, 0xea, 0xd8, 0x55, 0x43, 0x0, 0xf, 0x44,
    0x2f, 0x4, 0x3, 0xe1, 0xc8, 0x0, 0xe2, 0x7a,
    0xa3, 0x88, 0x4, 0x7a, 0x20, 0x20, 0x1f, 0xe7,
    0xe6, 0x0, 0xff, 0xe0, 0x9e, 0x88, 0x7, 0xff,
    0x0, 0x67, 0xe9, 0x8c, 0x40, 0x2, 0x6d, 0x5e,
    0xe0, 0x7a, 0x20, 0x1f, 0xfc, 0x25, 0x9c, 0xef,
    0xf7, 0x64, 0xa8, 0x43, 0x81, 0xe8, 0x80, 0x7f,
    0xf3, 0x61, 0xc0, 0xe8, 0x3, 0xff, 0x9d, 0xe,
    0x30, 0x1, 0xff, 0xcf, 0x8f, 0x30, 0x8,

    /* U+F0210 "󰈐" */
    0x0, 0xff, 0xe1, 0x8, 0x7, 0xff, 0x30, 0x6b,
    0xfb, 0xfa, 0x44, 0x3, 0xff, 0x91, 0xaa, 0x1,
    0xb, 0x78, 0x80, 0x7f, 0xf1, 0x98, 0xc0, 0x3c,
    0x2c, 0x1, 0xff, 0xc6, 0xd0, 0xf, 0xde, 0x1,
    0xff, 0xc6, 0x70, 0xf, 0xd6, 0x1, 0xff, 0xce,
    0x83, 0x0, 0xff, 0xe3, 0x30, 0x7, 0xe, 0x38,
    0x7, 0xff, 0x1, 0x98, 0x20, 0x1b, 0x40, 0x3b,
    0x4c, 0x3, 0xfe, 0x1e, 0x99, 0x72, 0x0, 0x4a,
    0x1, 0x90, 0xc0, 0x3f, 0xf8, 0x16, 0x20, 0x15,
    0x8, 0x0, 0x94, 0x2, 0x10, 0x9, 0x62, 0xed,
    0x2a, 0x1, 0x94, 0x3, 0xe, 0x88, 0x1, 0x80,
    0x25, 0xc8, 0xfa, 0x74, 0x43, 0x56, 0x90, 0x10,
    0x7, 0x8f, 0xa6, 0x8c, 0x3, 0x1b, 0x80, 0x7c,
    0x5c, 0x2, 0x1, 0xf9, 0x94, 0x7, 0xfc, 0x20,
    0x1f, 0xe3, 0x22, 0x0, 0x7f, 0xf3, 0x98, 0x50,
    0x3, 0xfc, 0x3f, 0xe1, 0x5, 0x60, 0xf, 0xce,
    0x14, 0x40, 0x1f, 0x39, 0x80, 0x63, 0xa9, 0xe3,
    0x0, 0xf1, 0x0, 0xed, 0x32, 0x21, 0xab, 0xe3,
    0x14, 0x2, 0x60, 0x0, 0xe8, 0x80, 0x64, 0x10,
    0x9, 0x66, 0xed, 0x2a, 0x1, 0x8, 0x4, 0xa2,
    0x0, 0x1a, 0x0, 0x86, 0x40, 0x3f, 0xf8, 0x4,
    0x80, 0x19, 0x80, 0x24, 0xe9, 0x97, 0x90, 0x7,
    0xfc, 0x78, 0x1, 0xda, 0x1, 0x85, 0x98, 0x20,
    0x1f, 0xf3, 0xe0, 0x80, 0x73, 0x0, 0x7f, 0xf1,
    0x8e, 0x0, 0x3f, 0xf9, 0xd6, 0x1, 0xf9, 0x80,
    0x3f, 0xf8, 0xde, 0x1, 0xfb, 0x0, 0x3f, 0xf8,
    0xcc, 0x20, 0x1e, 0x36, 0x0, 0xff, 0xe3, 0xf,
    0xb0, 0x80, 0x4b, 0xa0, 0x1f, 0xfc, 0x81, 0x9e,
    0xfe, 0xfa, 0x10, 0xf, 0xf8,

    /* U+F022F "󰈯" */
    0x0, 0xe8, 0xbb, 0xea, 0x60, 0xf, 0xfe, 0x38,
    0xba, 0x27, 0x2c, 0x0, 0x7f, 0xf8, 0x17, 0xbf,
    0x80, 0x3e, 0x1f, 0xf6, 0x98, 0x7, 0xff, 0x2,
    0x84, 0x3, 0xff, 0x80, 0x5e, 0x1, 0xff, 0x8,
    0x7, 0xff, 0xc, 0xd5, 0x7f, 0xc4, 0x1, 0xff,
    0xc5, 0xaa, 0xff, 0x80, 0x3f, 0xfb, 0x6b, 0x54,
    0x20, 0x5, 0x51, 0x0, 0x15, 0x50, 0x7, 0xff,
    0x8, 0x95, 0x42, 0x2, 0xaa, 0x20, 0x2, 0x2a,
    0x0, 0x7f, 0xf7, 0x9f, 0xfc, 0x60, 0x3f, 0xe6,
    0x0, 0x77, 0xf0, 0x7, 0xff, 0xfc, 0x3, 0xff,
    0xfe, 0x1, 0xff, 0xff, 0x0, 0xff, 0xe0, 0xad,
    0x50, 0x80, 0x15, 0x44, 0x0, 0x55, 0x40, 0x1f,
    0xfc, 0x22, 0x55, 0x8, 0xa, 0xa8, 0x80, 0x8,
    0xa8, 0x1, 0xff, 0xde, 0x7f, 0xf1, 0x80, 0xff,
    0x98, 0x1, 0xdf, 0xc0, 0x1f, 0xfe, 0x44, 0x4f,
    0xf7, 0x8, 0x7, 0xff, 0xc, 0x6e, 0xff, 0xcc,
    0xa, 0x1, 0xff, 0xc2, 0x90, 0xf, 0xfe, 0x5,
    0x65, 0x57, 0xfd, 0x7a, 0xe0, 0x1f, 0xf0,

    /* U+F0238 "󰈸" */
    0x0, 0xff, 0xc, 0xa8, 0x7, 0xff, 0x11, 0xb9,
    0x90, 0x3, 0xff, 0x87, 0x12, 0x2, 0x20, 0xf,
    0xfe, 0x13, 0x38, 0x7, 0xff, 0x14, 0x64, 0x2,
    0x10, 0xf, 0xfe, 0x14, 0x0, 0x72, 0x80, 0x7f,
    0xf0, 0x58, 0x3, 0xa0, 0x3, 0xfc, 0x20, 0x80,
    0x1e, 0x2a, 0x0, 0xfc, 0x32, 0x6, 0x1, 0xf2,
    0xd8, 0x80, 0x7a, 0xb8, 0x38, 0x3, 0xf2, 0x79,
    0x80, 0x64, 0x40, 0x7, 0xc2, 0x1, 0x87, 0xc,
    0x2, 0xf0, 0x10, 0xe0, 0xd, 0x26, 0x1, 0xda,
    0x1, 0x20, 0x60, 0x18, 0x6, 0x1e, 0x10, 0xc,
    0x30, 0x6, 0x0, 0x43, 0x40, 0xc, 0x25, 0xe4,
    0x1, 0x98, 0x1c, 0x2, 0xf4, 0x10, 0xb, 0x40,
    0x7c, 0x3, 0x9, 0x0, 0x63, 0xb1, 0x0, 0x9c,
    0x0, 0x4c, 0x1, 0x99, 0x80, 0x1f, 0xcc, 0x1,
    0x70, 0x7, 0x11, 0x0, 0x3f, 0x40, 0x5, 0xc0,
    0x19, 0x81, 0x40, 0x3c, 0x56, 0x60, 0x1, 0x70,
    0x8, 0x88, 0x12, 0x1, 0xe5, 0x40, 0x1, 0x60,
    0x80, 0x56, 0x0, 0x1b, 0x0, 0xe7, 0xeb, 0xcd,
    0x20, 0x8, 0xd8, 0x2, 0x49, 0x0, 0xe1, 0x43,
    0x0, 0xc5, 0xa0, 0x1c, 0xd8, 0x60, 0x1f, 0xcd,
    0xa2, 0x1, 0xe3, 0xcb, 0x62, 0x10, 0x14, 0x8d,
    0x90, 0xf, 0xf2, 0x4e, 0xf7, 0xf5, 0xb9, 0x0,
    0x70,

    /* U+F0241 "󰉁" */
    0x58, 0x8f, 0xfe, 0x2, 0x7b, 0xbf, 0xff, 0x1,
    0x80, 0x3f, 0xf8, 0xa, 0x40, 0x1f, 0xfc, 0x8,
    0x0, 0xff, 0xe0, 0x29, 0x0, 0x7f, 0xf0, 0x20,
    0x3, 0xff, 0x80, 0xa4, 0x1, 0xff, 0xc0, 0x80,
    0xf, 0xfe, 0x3, 0x10, 0x7, 0xff, 0x2, 0xc0,
    0x3f, 0xf8, 0xc, 0x40, 0x1f, 0xfc, 0x6, 0xee,
    0xcc, 0x1, 0xfc, 0x23, 0x1b, 0x0, 0x7f, 0xf0,
    0x24, 0x3, 0xff, 0x80, 0x88, 0xb, 0xee, 0x90,
    0x3, 0xd2, 0x0, 0x11, 0xe0, 0xe, 0x72, 0x0,
    0xff, 0x86, 0x0, 0x3f, 0xf8, 0x16, 0x1, 0xff,
    0xc0, 0x35, 0x0, 0xff, 0xe0, 0x78, 0x7, 0xff,
    0x1, 0x8c, 0x3, 0xfe, 0x18, 0x0, 0xff, 0xe0,
    0x40, 0x80, 0x7f, 0xc4, 0xc0, 0x1f, 0xfc, 0xe,
    0x0, 0xff, 0xe0, 0x79, 0x80, 0x7f, 0xf0, 0x14,
    0x3, 0xf8,

    /* U+F024B "󰉋" */
    0x0, 0x35, 0x57, 0xe9, 0x0, 0xff, 0xe2, 0xcc,
    0x95, 0x7f, 0x35, 0x80, 0x7f, 0xf1, 0x18, 0x3,
    0xfc, 0x96, 0x1, 0xff, 0xc2, 0x10, 0xf, 0xfe,
    0x2, 0x7f, 0xff, 0xdc, 0xa0, 0x1f, 0xfc, 0xe1,
    0xa3, 0x0, 0xff, 0xe7, 0xa0, 0x7, 0xff, 0x3f,
    0xc0, 0x3f, 0xff, 0xe0, 0x1f, 0xff, 0xf0, 0xf,
    0xff, 0xf8, 0x7, 0xff, 0xfc, 0x3, 0xff, 0xb0,
    0x20, 0x1f, 0xfc, 0xee, 0x6, 0x0, 0xff, 0xe6,
    0xb, 0x84, 0xc9, 0x57, 0xff, 0x94, 0xd8, 0x20,

    /* U+F0256 "󰉖" */
    0x0, 0x35, 0x57, 0xe9, 0x0, 0xff, 0xe2, 0xcc,
    0x95, 0x7f, 0x35, 0x80, 0x7f, 0xf1, 0x18, 0x3,
    0xfc, 0x96, 0x1, 0xff, 0xc2, 0x10, 0xf, 0xfe,
    0x2, 0x7f, 0xff, 0xdc, 0xc0, 0x1f, 0xfc, 0xe1,
    0x93, 0x0, 0x89, 0x57, 0xff, 0x90, 0x80, 0xb,
    0x0, 0x96, 0xab, 0xff, 0x92, 0x1, 0xff, 0xff,
    0x0, 0xff, 0xff, 0x80, 0x7f, 0xff, 0xc0, 0x3f,
    0xff, 0xe0, 0x1f, 0xfd, 0xb1, 0x0, 0x3f, 0xff,
    0xff, 0x23, 0x80, 0x1e, 0xc, 0x1, 0xff, 0xcc,
    0x16, 0x9, 0x92, 0xaf, 0xff, 0x29, 0xb0, 0x40,

    /* U+F0259 "󰉙" */
    0x0, 0x1b, 0xbf, 0xe5, 0x0, 0xff, 0xe2, 0xb6,
    0x44, 0x7e, 0xa8, 0x0, 0xff, 0xe2, 0x48, 0x7,
    0xf9, 0xe0, 0x3, 0xff, 0x84, 0x20, 0x1f, 0xfc,
    0x7, 0xcc, 0xff, 0xad, 0x0, 0x3f, 0xf8, 0x66,
    0x7f, 0xf2, 0x5a, 0x0, 0x7f, 0xf3, 0xf8, 0x3,
    0xff, 0x9e, 0xc0, 0x1f, 0xfc, 0x54, 0xc1, 0x0,
    0xff, 0xe6, 0x2d, 0x9e, 0x8, 0x7, 0xff, 0x29,
    0x68, 0x0, 0x58, 0x40, 0x1f, 0xfc, 0x86, 0xa0,
    0xc, 0x58, 0x40, 0x1f, 0xfc, 0x66, 0x90, 0xf,
    0xe, 0x10, 0x7, 0xff, 0x10, 0x79, 0xdc, 0xc0,
    0x1, 0x77, 0x32, 0x80, 0x7f, 0xf1, 0x6, 0x23,
    0x0, 0x16, 0x22, 0x70, 0xf, 0xff, 0xf8, 0x7,
    0xff, 0x48, 0x46, 0x0, 0xff, 0xe6, 0xf, 0x72,
    0x80, 0x3f, 0x8, 0x7, 0xff, 0x39, 0xc1, 0x0,
    0x3f, 0xf9, 0xbc, 0x14, 0xa2, 0x3f, 0xfc, 0xa2,
    0x95,

    /* U+F0279 "󰉹" */
    0x1, 0x20, 0xf, 0xfe, 0x52, 0x76, 0xd8, 0x1,
    0xa2, 0x3f, 0xf8, 0xaf, 0xe0, 0x4, 0x20, 0xa7,
    0x7f, 0xfe, 0x2c, 0x90, 0x4, 0x60, 0x1f, 0xfc,
    0x89, 0x64, 0xb1, 0xd, 0xee, 0xff, 0xe2, 0xf8,
    0x4d, 0xa0, 0x0, 0x47, 0xff, 0x8e, 0x1, 0xff,
    0xe7, 0x12, 0x0, 0xff, 0xe5, 0x27, 0x6d, 0x80,
    0x1a, 0x23, 0xff, 0x8a, 0xfe, 0x0, 0x42, 0xa,
    0x77, 0xff, 0xe2, 0xc9, 0x0, 0x46, 0x1, 0xff,
    0xc8, 0x96, 0x4b, 0x10, 0xde, 0xef, 0xfe, 0x2f,
    0x84, 0xda, 0x0, 0x4, 0x7f, 0xf8, 0xe0, 0x1f,
    0xfe, 0x71, 0x20, 0xf, 0xfe, 0x52, 0x76, 0xd8,
    0x1, 0xa2, 0x3f, 0xf8, 0xaf, 0xe0, 0x4, 0x20,
    0xa7, 0x7f, 0xfe, 0x2c, 0x90, 0x4, 0x60, 0x1f,
    0xfc, 0x89, 0x64, 0xb1, 0xd, 0xee, 0xff, 0xe2,
    0xf8,

    /* U+F02C2 "󰋂" */
    0x0, 0xff, 0xea, 0x64, 0x80, 0x4d, 0x11, 0xff,
    0xc8, 0x60, 0xa, 0xd, 0xa4, 0x0, 0xea, 0xef,
    0xff, 0xc7, 0x9d, 0x0, 0x42, 0x3, 0x48, 0xe,
    0x10, 0x7, 0xff, 0x1c, 0x98, 0x1, 0x68, 0xd,
    0x20, 0x3b, 0xda, 0x0, 0x6e, 0xed, 0xa0, 0x6,
    0xee, 0xda, 0x0, 0xe0, 0xa, 0x80, 0xd, 0x20,
    0x1, 0x30, 0x0, 0x8f, 0x18, 0x0, 0x47, 0x8c,
    0x3, 0xfc, 0xd2, 0x0, 0x12, 0x0, 0xff, 0xe7,
    0x34, 0x80, 0x30, 0x80, 0x3f, 0xf9, 0x6c, 0x80,
    0xd2, 0x3, 0x9c, 0x1, 0xff, 0xca, 0x52, 0x0,
    0x34, 0x80, 0xb3, 0x22, 0x30, 0x1, 0x22, 0x38,
    0x3, 0xf8, 0xd8, 0x2, 0x69, 0x0, 0x3a, 0xbb,
    0x98, 0x0, 0x6e, 0xf9, 0x80, 0x3f, 0xf8, 0x6d,
    0x20, 0x38, 0x40, 0x1f, 0xfc, 0x76, 0xee, 0xc8,
    0xd, 0x20, 0x3b, 0xda, 0x0, 0x6e, 0xed, 0xa0,
    0x1f, 0xc2, 0x3d, 0x40, 0x6, 0x90, 0x0, 0x98,
    0x0, 0x47, 0x8c, 0x3, 0xff, 0x8c, 0xd2, 0x0,
    0x12, 0x0, 0xff, 0xe7, 0x34, 0x80, 0x30, 0x80,
    0x3f, 0xf9, 0x6c, 0x80, 0xd2, 0x3, 0x9c, 0x1,
    0xff, 0xc2, 0x48, 0x8e, 0x0, 0x29, 0x80, 0x1a,
    0x40, 0x59, 0x91, 0x18, 0x3, 0xf8, 0xdd, 0xf3,
    0x0, 0xd, 0xc0, 0x26, 0x90, 0x3, 0xab, 0xb9,
    0x80, 0x3f, 0xf9, 0x6d, 0x20, 0x38, 0x40, 0x1f,
    0xf3, 0x77, 0x6d, 0x0, 0x37, 0x76, 0x40, 0x69,
    0x1, 0xde, 0xd0, 0xf, 0xe1, 0x1e, 0x30, 0x0,
    0x8f, 0x50, 0x1, 0xa4, 0x0, 0x26, 0x1, 0xff,
    0xce, 0x6a, 0x0, 0x9, 0x0, 0x7f, 0xf3, 0x96,
    0x80, 0x18, 0x40, 0x1f, 0xfc, 0xb6, 0x40, 0x5a,
    0x1, 0xce, 0x0, 0xf2, 0x44, 0x70, 0x1, 0x22,
    0x38, 0x0, 0xa6, 0x0, 0x5a, 0x1, 0x60, 0x8,
    0x48, 0xd, 0xdf, 0x30, 0x0, 0xdd, 0xf3, 0x0,
    0xd, 0xc0, 0x25, 0xa0, 0xf, 0x79, 0x0, 0x7f,
    0xf2, 0x96, 0x80, 0x38, 0xb7, 0xbb, 0xff, 0x92,
    0x80, 0xb4, 0x1, 0xe1, 0x1f, 0xfe, 0x4d, 0xa0,
    0x30, 0x7, 0xff, 0x42, 0xdf, 0x0,

    /* U+F02D7 "󰋗" */
    0x0, 0xff, 0xe0, 0x88, 0x80, 0x3f, 0xf9, 0x4b,
    0x3d, 0xfd, 0xcf, 0xea, 0x50, 0xf, 0xfe, 0x23,
    0x75, 0x30, 0x80, 0x61, 0x5a, 0xe6, 0x0, 0xff,
    0xe0, 0xe, 0x48, 0x80, 0x7f, 0x86, 0x70, 0x80,
    0x3f, 0x8f, 0xcc, 0x3, 0xc2, 0x20, 0xf, 0x1e,
    0x18, 0x7, 0xc5, 0xa2, 0x1, 0xcf, 0xdd, 0x9c,
    0x3, 0x87, 0x48, 0x3, 0xde, 0x20, 0x1d, 0x90,
    0x20, 0x1, 0x8b, 0x0, 0xe1, 0xf0, 0xe, 0x72,
    0x0, 0xe8, 0x30, 0x29, 0x91, 0x82, 0x40, 0x7,
    0x13, 0x80, 0x43, 0x20, 0x1e, 0x70, 0x2d, 0x66,
    0x61, 0x83, 0x80, 0x7a, 0x4, 0x0, 0xe2, 0x1,
    0xc6, 0x0, 0xa0, 0xd, 0x40, 0x2, 0x0, 0xf3,
    0x80, 0x34, 0x3, 0xc7, 0xfe, 0x70, 0xf, 0x84,
    0x3, 0xd4, 0x0, 0x40, 0xf, 0xfe, 0x15, 0x80,
    0xc, 0x3, 0xc6, 0x2, 0x1, 0xff, 0xc2, 0xb2,
    0x8, 0x0, 0xfc, 0x44, 0x0, 0xff, 0xe0, 0xd2,
    0x3, 0x38, 0x7, 0xe1, 0x10, 0x7, 0xff, 0x1,
    0x94, 0x16, 0x40, 0x3f, 0x84, 0xc0, 0x3f, 0xf8,
    0x10, 0x3, 0x40, 0x1f, 0xe3, 0x10, 0xf, 0xf8,
    0x84, 0x18, 0x3, 0xfe, 0x10, 0x40, 0xf, 0xf0,
    0x80, 0x34, 0x3, 0xfc, 0xa0, 0xd, 0x0, 0xff,
    0x1f, 0xf9, 0x40, 0x3f, 0xd8, 0x0, 0x61, 0x0,
    0xff, 0xe5, 0xb, 0x0, 0x52, 0x1, 0xfc, 0x2a,
    0xa1, 0x0, 0xfe, 0x90, 0xc, 0xe4, 0x1, 0xf8,
    0xaa, 0x88, 0x1, 0xf8, 0xdc, 0x3, 0xb0, 0x40,
    0x3f, 0xf8, 0xc3, 0xa0, 0x1e, 0x1d, 0x10, 0xf,
    0x1f, 0x71, 0x40, 0x3c, 0x3a, 0x20, 0x1f, 0x1f,
    0x98, 0x7, 0x84, 0x40, 0x1e, 0x3f, 0x30, 0xf,
    0xe1, 0xca, 0x20, 0xf, 0xf1, 0x56, 0x8, 0x7,
    0xff, 0x1, 0x76, 0xd8, 0x80, 0x31, 0x35, 0xea,
    0x80, 0x7f, 0xf1, 0x12, 0x77, 0xff, 0x6c, 0xa0,
    0x7, 0xf0,

    /* U+F02DC "󰋜" */
    0x0, 0xff, 0xe0, 0xad, 0x80, 0x7f, 0xf3, 0x5e,
    0x93, 0x4, 0x3, 0xff, 0x95, 0x10, 0x0, 0x1e,
    0x10, 0x7, 0xff, 0x22, 0x9c, 0x3, 0x16, 0x18,
    0x7, 0xff, 0x1a, 0xd4, 0x3, 0xc3, 0x88, 0x1,
    0xff, 0xc3, 0x1c, 0x40, 0xf, 0xeb, 0x50, 0xf,
    0xfe, 0x9, 0x61, 0x80, 0x7f, 0xd4, 0xe0, 0x1f,
    0xf1, 0xe1, 0x0, 0x7f, 0xf0, 0x62, 0x0, 0x1f,
    0xc9, 0x82, 0x1, 0xff, 0xc3, 0x7a, 0x0, 0xf9,
    0x6c, 0x3, 0xff, 0x8c, 0xb6, 0x1, 0xcf, 0x40,
    0x1f, 0xfc, 0x84, 0xc1, 0x0, 0x44, 0x0, 0x3f,
    0xf9, 0x47, 0x84, 0x11, 0xfe, 0xe0, 0xf, 0xfe,
    0x33, 0xff, 0xb4, 0x80, 0x3f, 0xfb, 0x64, 0xab,
    0x90, 0x3, 0xff, 0x94, 0xb5, 0x5c, 0x1, 0xff,
    0xff, 0x0, 0xff, 0xff, 0x80, 0x7f, 0xf5, 0x95,
    0x7d, 0xa0, 0x18, 0x55, 0x7d, 0xc0, 0x18,

    /* U+F02E3 "󰋣" */
    0x11, 0x80, 0x3f, 0xf9, 0xf7, 0xdc, 0x0, 0xff,
    0xf9, 0x8a, 0xba, 0x0, 0x44, 0xef, 0xff, 0x28,
    0x7, 0xf2, 0xf5, 0x45, 0xd8, 0x0, 0xd1, 0x1f,
    0xf5, 0x7b, 0x0, 0x78, 0xe8, 0x3, 0x25, 0x0,
    0x7f, 0xf0, 0xe5, 0xc0, 0x3a, 0x80, 0x3c, 0xa2,
    0x1, 0xff, 0xc3, 0x82, 0x0, 0xc4, 0x1, 0xf1,
    0x0, 0x7f, 0xf1, 0x14, 0x3, 0x8, 0x7, 0xc4,
    0x1, 0xff, 0xc4, 0xd0, 0xd, 0x20, 0x1e, 0x41,
    0x0, 0xff, 0xe4, 0x9c, 0x80, 0x63, 0xa0, 0xf,
    0xfe, 0x5b, 0x6c, 0x3d, 0x60, 0x80, 0x7f, 0xf2,
    0x44, 0x63, 0x69, 0x41, 0x18, 0x80, 0x3f, 0xf8,
    0xfd, 0xdf, 0xe9, 0x0, 0xff, 0xff, 0x80, 0x61,
    0x1f, 0xfe, 0x60, 0x7, 0xbb, 0xbf, 0xf9, 0x80,
    0x1f, 0xff, 0x33, 0x11, 0x0, 0x7f, 0xf3, 0x4,
    0x46,

    /* U+F02EB "󰋫" */
    0x0, 0x24, 0x47, 0xff, 0x29, 0x80, 0x27, 0xb7,
    0x7f, 0xfe, 0x54, 0xe8, 0x2, 0x0, 0x3f, 0xf9,
    0x84, 0xc2, 0x1, 0xff, 0xce, 0xe0, 0xf, 0xff,
    0xf8, 0x7, 0xff, 0x3a, 0x40, 0x3f, 0xf9, 0xd0,
    0xd2, 0x1, 0xff, 0xc6, 0x90, 0xe, 0x57, 0x6,
    0x50, 0xf, 0xfe, 0x24, 0x35, 0x80, 0x45, 0x40,
    0x15, 0x10, 0x7, 0xff, 0x9, 0x5c, 0x12, 0x0,
    0x1e, 0x1, 0xdc, 0x1, 0xff, 0xc1, 0x2a, 0x0,
    0x9d, 0xa8, 0x80, 0x38, 0xe4, 0x3, 0xff, 0x81,
    0xe0, 0x1d, 0x2a, 0x1, 0xf3, 0x28, 0x7, 0xfa,
    0x88, 0x3, 0xff, 0x87, 0x44, 0x1, 0xfd, 0x7d,
    0xdf, 0xfc, 0x52, 0x0, 0xfe, 0x11, 0xff, 0xe3,
    0x0, 0x70, 0x90, 0x7, 0xff, 0x37, 0x3, 0xc8,
    0x3, 0xff, 0x97, 0x8, 0x5, 0xbd, 0xdf, 0xfc,
    0xaf, 0x70,

    /* U+F02EE "󰋮" */
    0x1a, 0xff, 0xff, 0xe4, 0x50, 0xda, 0x80, 0x7f,
    0xf2, 0x16, 0xd4, 0x3, 0xff, 0x94, 0xa0, 0x1f,
    0xff, 0xf0, 0xf, 0xfe, 0x92, 0x0, 0x7f, 0x11,
    0x0, 0x3f, 0xeb, 0xb3, 0x0, 0x7c, 0x59, 0x82,
    0x0, 0x58, 0x7, 0xad, 0x2, 0x58, 0x3, 0x8b,
    0x4, 0x58, 0x40, 0x96, 0x1, 0xad, 0x0, 0x29,
    0x60, 0x8, 0xb0, 0x40, 0x3, 0x84, 0x9, 0x40,
    0xa, 0x40, 0x18, 0x0, 0x4b, 0x1, 0x60, 0x82,
    0x20, 0x7, 0x4, 0x16, 0xa8, 0xa0, 0x38, 0xf2,
    0x0, 0x97, 0xc1, 0x4, 0xbb, 0x20, 0xe, 0x8,
    0x2a, 0x80, 0x70, 0x81, 0xa4, 0x1, 0x2, 0x9,
    0x60, 0xb, 0x40, 0x2c, 0x10, 0x0, 0xe1, 0x0,
    0x4d, 0x20, 0x12, 0x58, 0x6, 0xb4, 0x2, 0xc1,
    0x16, 0x10, 0x7, 0x34, 0x82, 0x58, 0x7, 0xac,
    0x0, 0x59, 0x82, 0x0, 0xf9, 0xae, 0xc0, 0x1f,
    0xf1, 0x10, 0x3, 0xf9, 0x0, 0x3f, 0xff, 0xe0,
    0x1f, 0xfd, 0x25, 0x0, 0xff, 0xe5, 0x2d, 0xa8,
    0x7, 0xff, 0x21, 0x6c,

    /* U+F02FC "󰋼" */
    0x0, 0xff, 0x8d, 0x5e, 0x19, 0x44, 0x3, 0xff,
    0x8c, 0x53, 0xd9, 0x50, 0xf3, 0x5d, 0x8e, 0x1,
    0xff, 0xc2, 0x1a, 0xd6, 0x10, 0xf, 0x8e, 0x39,
    0xc0, 0x3f, 0xe3, 0xf5, 0x0, 0xff, 0xe0, 0xc,
    0x58, 0x80, 0x7e, 0x5c, 0x10, 0xf, 0xfe, 0x1a,
    0x60, 0x80, 0x78, 0xe8, 0x3, 0xff, 0x8c, 0x5a,
    0x1, 0xee, 0x0, 0xff, 0xe4, 0x1c, 0x0, 0x67,
    0x20, 0xf, 0xc3, 0xdc, 0xa0, 0xf, 0xe7, 0x20,
    0xa, 0x40, 0x3f, 0xc2, 0x26, 0x0, 0xff, 0x40,
    0x1, 0x44, 0x3, 0xff, 0x96, 0xa0, 0xf, 0x0,
    0xff, 0xf, 0xfb, 0x0, 0x3f, 0xe5, 0x7, 0x0,
    0xff, 0xe6, 0xe8, 0x10, 0x7, 0xfc, 0xaa, 0x30,
    0xf, 0xf8, 0x84, 0x3, 0xfe, 0x1a, 0xa7, 0x80,
    0x7f, 0xc2, 0x20, 0xf, 0xfe, 0x80, 0x80, 0x7f,
    0xf3, 0x48, 0x8, 0x3, 0xff, 0x9b, 0xc0, 0x80,
    0x1f, 0xfc, 0xd4, 0xb, 0x0, 0xff, 0xe6, 0x11,
    0x81, 0x98, 0x3, 0xff, 0x97, 0x60, 0x17, 0x80,
    0x7f, 0xc, 0x42, 0x40, 0x3f, 0x89, 0x80, 0x23,
    0x60, 0xf, 0xe7, 0x72, 0x80, 0x7f, 0x48, 0x7,
    0x49, 0x80, 0x7f, 0xf1, 0xe5, 0x0, 0x3d, 0xa6,
    0x1, 0xff, 0xc5, 0x86, 0x0, 0xf8, 0x71, 0x80,
    0x3f, 0xf8, 0x74, 0xe0, 0x1f, 0xe9, 0xc4, 0x0,
    0xff, 0x9f, 0x94, 0x3, 0xff, 0x80, 0x77, 0xb0,
    0x62, 0x1, 0xa, 0xcf, 0x40, 0x80, 0x7f, 0xf0,
    0xc9, 0xf3, 0xbf, 0xbf, 0xa9, 0x84, 0x3, 0xf0,

    /* U+F02FD "󰋽" */
    0x0, 0xff, 0x89, 0x59, 0xd5, 0x0, 0x3f, 0xf8,
    0xe7, 0x3d, 0xb5, 0x31, 0x57, 0xf6, 0xc0, 0x1f,
    0xfc, 0x22, 0xac, 0x61, 0x0, 0xf9, 0x27, 0x98,
    0x3, 0xfe, 0x4c, 0x50, 0x1, 0xc5, 0xee, 0xb2,
    0x54, 0x0, 0x33, 0x40, 0x1f, 0xcd, 0x62, 0x7,
    0x98, 0x74, 0x22, 0x1b, 0x57, 0x38, 0x1, 0x70,
    0x3, 0xe3, 0x90, 0x4, 0x61, 0x80, 0x7e, 0x18,
    0xd2, 0x3, 0xb0, 0xe, 0x1d, 0x0, 0x4b, 0x80,
    0x7f, 0xf0, 0xb, 0x8, 0x11, 0xc0, 0x34, 0x88,
    0x3b, 0x0, 0x7a, 0xa8, 0xc0, 0x1c, 0x3e, 0x0,
    0x81, 0x0, 0xb, 0x81, 0x40, 0x7, 0x85, 0x55,
    0xc0, 0x1e, 0x29, 0x0, 0x48, 0x1, 0x80, 0x10,
    0x1, 0xff, 0xc6, 0x62, 0x6, 0x0, 0x58, 0xa,
    0x80, 0x7c, 0x3f, 0xe8, 0x0, 0xfd, 0x40, 0x28,
    0x6, 0x8, 0x1, 0xff, 0xc8, 0x40, 0x1, 0x90,
    0x3, 0x40, 0x3f, 0x84, 0x40, 0x1f, 0xc6, 0x0,
    0xe1, 0x0, 0x8, 0x7, 0xe1, 0xee, 0x40, 0x7,
    0xfc, 0x60, 0x1f, 0xfd, 0x2, 0x0, 0x70, 0x7,
    0xff, 0x20, 0x40, 0x6, 0x20, 0x3, 0x0, 0xff,
    0xe4, 0x28, 0x3, 0xc1, 0x1, 0x4, 0x3, 0xff,
    0x8f, 0xa0, 0x4, 0xe, 0x0, 0x48, 0x7, 0xff,
    0x18, 0x58, 0x8, 0x80, 0xa2, 0xe, 0x20, 0x1f,
    0xfc, 0x58, 0x0, 0x58, 0x5, 0x0, 0xd, 0x0,
    0xf8, 0x45, 0xe0, 0x1e, 0x56, 0x2, 0x60, 0x9,
    0x8c, 0xe, 0xc0, 0x38, 0x7b, 0x8e, 0x1, 0xc9,
    0x40, 0xe, 0x0, 0xed, 0x20, 0x4c, 0x20, 0xf,
    0xf9, 0xec, 0x1, 0x26, 0x1, 0xc3, 0xe4, 0x7,
    0xb2, 0x40, 0x1f, 0x2e, 0xc0, 0x2, 0x18, 0x3,
    0xe2, 0xc4, 0x0, 0x36, 0xea, 0xa2, 0x13, 0x7f,
    0x44, 0x0, 0xb7, 0x0, 0xfe, 0x1b, 0xa2, 0x0,
    0x12, 0xbb, 0x99, 0x0, 0x26, 0xe4, 0x0, 0xff,
    0xe0, 0x2e, 0xdb, 0x90, 0x6, 0x14, 0x9e, 0x91,
    0x0, 0xff, 0xe1, 0xa4, 0x6f, 0xf7, 0x3f, 0xad,
    0x84, 0x3, 0xf0,

    /* U+F030C "󰌌" */
    0x0, 0x84, 0x7f, 0xf9, 0x40, 0x18, 0xb7, 0xbb,
    0xff, 0x95, 0xf4, 0x0, 0xf2, 0x0, 0xff, 0xe5,
    0xab, 0x89, 0x0, 0x7f, 0xf3, 0x70, 0x3, 0x84,
    0x40, 0x1, 0x10, 0x0, 0x44, 0x0, 0x11, 0x0,
    0x4, 0x60, 0xf, 0xc3, 0xdc, 0x81, 0xee, 0x40,
    0xf7, 0x20, 0x7b, 0x90, 0x3d, 0xcd, 0x0, 0xff,
    0xec, 0xb, 0xbb, 0x5, 0xdd, 0x82, 0xee, 0xc1,
    0x77, 0x60, 0xbb, 0xa8, 0x3, 0xfa, 0x64, 0x81,
    0x32, 0x40, 0x99, 0x20, 0x4c, 0x90, 0x26, 0x4e,
    0x1, 0xf8, 0x7b, 0x90, 0x3d, 0xc8, 0x1e, 0xe4,
    0xf, 0x72, 0x7, 0xb9, 0xa0, 0x1f, 0xfd, 0x81,
    0xaa, 0x86, 0xaa, 0x1a, 0xa8, 0x6a, 0xa1, 0xaa,
    0x78, 0x7, 0xf2, 0xa8, 0x81, 0x54, 0x40, 0xaa,
    0x20, 0x55, 0x10, 0x2a, 0x8c, 0x3, 0xff, 0xb8,
    0x3f, 0xff, 0xe8, 0x0, 0xff, 0xf0, 0xc, 0x47,
    0xfb, 0x0, 0x3f, 0x9, 0x0, 0x7c, 0xef, 0xfe,
    0x40, 0xf, 0xb0, 0x3c, 0x80, 0x3f, 0xf9, 0x6a,
    0xe0, 0x5b, 0xdd, 0xff, 0xca, 0xfa, 0x0,

    /* U+F030F "󰌏" */
    0x1, 0xbf, 0xff, 0xfe, 0x57, 0x40, 0x3, 0x50,
    0x3, 0xff, 0x94, 0x2e, 0xc0, 0x60, 0x1f, 0xfc,
    0xdd, 0x10, 0xf, 0xfe, 0x98, 0xff, 0xa0, 0x7f,
    0xd0, 0x3f, 0xe8, 0x1f, 0xf4, 0xf, 0xfb, 0x0,
    0x3f, 0xfb, 0x28, 0x8e, 0x14, 0x47, 0xa, 0x23,
    0x85, 0x11, 0xc2, 0x89, 0x0, 0x7e, 0x1b, 0xb3,
    0x5, 0xd9, 0x82, 0xec, 0xc1, 0x76, 0x60, 0xbb,
    0x40, 0x7, 0xe1, 0xff, 0x40, 0xff, 0xa0, 0x7f,
    0xd0, 0x3f, 0xe8, 0x1f, 0xf6, 0x0, 0x7f, 0xf6,
    0x6, 0x21, 0x83, 0x10, 0xc1, 0x88, 0x60, 0xc4,
    0x30, 0x62, 0x12, 0x1, 0xfc, 0xee, 0x40, 0x77,
    0x20, 0x3b, 0x90, 0x1d, 0xc8, 0xe, 0xe5, 0x0,
    0xff, 0xee, 0xf, 0x77, 0xf9, 0xc0, 0x3f, 0xf8,
    0xa2, 0x3f, 0xef, 0x0, 0xff, 0xec, 0x8, 0x7,
    0xc3, 0xff, 0xfe, 0x80, 0xf, 0x84, 0x18, 0x3,
    0xff, 0x9b, 0x21, 0x32, 0x55, 0xff, 0xe5, 0x36,
    0x18, 0x1, 0xaa, 0xbf, 0xf9, 0x52, 0x60, 0x1f,
    0xfd, 0xa8, 0xaa, 0xfe, 0x20, 0xf, 0xfe, 0x2c,
    0xba, 0xaf, 0xd8, 0x40, 0x1f, 0xfc, 0x51, 0xc2,
    0x0, 0xe9, 0x60, 0xf, 0xfe, 0x38, 0xe1, 0x0,
    0x52, 0xc0, 0x1f, 0xfc, 0x91, 0xc2, 0x9, 0x60,
    0xf, 0xfe, 0x58, 0xe5, 0x30, 0x7, 0xff, 0x0,

    /* U+F0311 "󰌑" */
    0x0, 0xff, 0xea, 0x97, 0x30, 0x7, 0xff, 0x28,
    0xb0, 0x65, 0x0, 0x3f, 0xf8, 0x13, 0xdc, 0x0,
    0xe2, 0xc1, 0x4, 0x40, 0x7, 0xff, 0x0, 0xc4,
    0x40, 0x18, 0xb0, 0x41, 0x2c, 0x3, 0xff, 0x8e,
    0x58, 0x20, 0x96, 0x1, 0xff, 0xc7, 0x2c, 0x10,
    0x4b, 0x0, 0xff, 0xe3, 0x96, 0x8, 0x0, 0xe2,
    0x3f, 0xf8, 0x8e, 0x0, 0x1c, 0x10, 0x9, 0xdf,
    0xff, 0x8a, 0x40, 0x1, 0x70, 0xf, 0xfe, 0x6c,
    0xb0, 0x5, 0x7d, 0xdf, 0xfc, 0x70, 0x4, 0xb0,
    0x2, 0xc8, 0x47, 0xff, 0x8c, 0x1, 0x4b, 0x0,
    0x30, 0xc0, 0x3f, 0xf9, 0x32, 0xc0, 0xc, 0x30,
    0xf, 0xfe, 0x4c, 0xb0, 0x3, 0xc, 0x3, 0xff,
    0x93, 0x2c, 0x4, 0x40, 0xf, 0xfe, 0x54, 0xc6,
    0x8, 0x7, 0xff, 0xc,

    /* U+F0317 "󰌗" */
    0x0, 0xff, 0x24, 0x47, 0x98, 0x3, 0xff, 0x8e,
    0xf6, 0xef, 0xe9, 0xd0, 0xf, 0xfe, 0x34, 0x0,
    0x7e, 0x26, 0x0, 0xff, 0xe2, 0x8, 0x1, 0xbb,
    0xb6, 0x80, 0x38, 0x3, 0xff, 0x8e, 0x23, 0xc6,
    0x1, 0xff, 0xff, 0x10, 0x2, 0xd5, 0x70, 0x3,
    0xc0, 0x3f, 0xf8, 0xa6, 0x4, 0xab, 0x90, 0x0,
    0x80, 0x1f, 0xfc, 0x5d, 0x40, 0xf, 0xd, 0x18,
    0x7, 0xff, 0x14, 0x6f, 0xf8, 0x0, 0xff, 0xca,
    0x1, 0xff, 0xda, 0x88, 0xff, 0xe0, 0x0, 0x12,
    0x23, 0xfe, 0x41, 0x77, 0xff, 0x98, 0x0, 0x6e,
    0xff, 0xf6, 0x0, 0x7f, 0xf4, 0x7, 0xbb, 0x8c,
    0x7, 0xbb, 0xfc, 0xe0, 0xb, 0xee, 0xd0, 0x2,
    0x3c, 0x1, 0x8, 0xff, 0xbc, 0x0, 0xe2, 0x38,
    0x3, 0xff, 0xa9, 0x1d, 0xe6, 0x3, 0xfe, 0xa0,
    0xc, 0xbb, 0xf0, 0x0, 0xcf, 0xc2, 0x0, 0xce,
    0xe1, 0x0, 0xf2, 0xc8, 0x0, 0xa8, 0x80, 0x3c,
    0x78, 0x1, 0xb0, 0x0, 0xab, 0xc2, 0x8, 0x0,
    0x40, 0x1, 0xaa, 0xe2, 0x1, 0x20, 0x9, 0xc0,
    0x6a, 0xb8, 0x80, 0xc0, 0x2, 0x0, 0xfa, 0xae,
    0x0, 0x8, 0x7, 0xff, 0xc4, 0x62, 0x38, 0x80,
    0x3e, 0x98, 0x8d, 0x60, 0x1e, 0x40, 0x3, 0xbf,
    0x8, 0x20, 0x1, 0x0, 0xa, 0xef, 0x8c, 0x4,
    0xc0, 0x28, 0x50, 0xf, 0x92, 0xc0, 0x7, 0x20,
    0x1f, 0x16, 0x80, 0x75, 0x7f, 0x77, 0x7d, 0x88,
    0x4, 0xdf, 0xdd, 0xed, 0x30, 0x0,

    /* U+F0328 "󰌨" */
    0x0, 0xff, 0x84, 0x40, 0x1f, 0xfc, 0x92, 0xcc,
    0x10, 0x7, 0xff, 0x1d, 0x74, 0x89, 0xaa, 0x1,
    0xff, 0xc5, 0x9a, 0x0, 0xd5, 0x20, 0x1f, 0xfc,
    0x21, 0xc6, 0x0, 0xf3, 0x60, 0x80, 0x7f, 0xc9,
    0xe6, 0x1, 0xf8, 0xfd, 0x0, 0x3f, 0x9e, 0xc4,
    0x3, 0xfc, 0x36, 0xe0, 0x1e, 0x1b, 0x80, 0xf,
    0xfe, 0x14, 0x58, 0x80, 0x47, 0x88, 0x1, 0xff,
    0xc4, 0x4c, 0x30, 0x6c, 0x20, 0xf, 0xfe, 0x31,
    0x63, 0x0, 0x7f, 0xf3, 0x1b, 0x8, 0x3, 0xff,
    0x8c, 0x58, 0xc0, 0x78, 0x80, 0x1f, 0xfc, 0x44,
    0xc3, 0x0, 0x86, 0xe0, 0x3, 0xff, 0x85, 0x16,
    0x20, 0x1e, 0x7b, 0x10, 0xf, 0xf0, 0xdb, 0x80,
    0x73, 0x50, 0x1, 0x3c, 0xc0, 0x3f, 0x1f, 0xa0,
    0x2, 0x98, 0x26, 0x4b, 0xa4, 0x3, 0x8c, 0x1,
    0xe6, 0xc1, 0x2, 0xd5, 0x99, 0x59, 0x1, 0x6a,
    0x80, 0x26, 0x80, 0x35, 0x48, 0x1, 0x74, 0x80,
    0xac, 0xb5, 0x0, 0x15, 0x0, 0x5, 0xd2, 0x26,
    0xa8, 0x2, 0x28, 0x0, 0xba, 0x40, 0xb, 0x80,
    0x3, 0xe0, 0x81, 0x66, 0x90, 0xe, 0x38, 0x2,
    0x28, 0x3, 0x9e, 0xc4, 0xf, 0xcc, 0x4, 0x0,
    0x7e, 0x60, 0x36, 0xe0, 0x1f, 0x27, 0x98, 0xe,
    0x30, 0x1, 0xb0, 0x40, 0xfd, 0x0, 0x3f, 0x87,
    0x18, 0x1, 0x35, 0x49, 0x0, 0x36, 0x8, 0x7,
    0xff, 0x2, 0x68, 0x0, 0xaa, 0x0, 0x54, 0x80,
    0x7f, 0xf0, 0xd7, 0x48, 0x0, 0x5a, 0xa0, 0x1f,
    0xfc, 0x52, 0xd5, 0x56, 0x90, 0x7, 0xff, 0x22,
    0xa8, 0x1, 0xff, 0x0,

    /* U+F032A "󰌪" */
    0x0, 0xff, 0xe7, 0x19, 0x0, 0x7f, 0xf3, 0xe,
    0x70, 0x80, 0x3f, 0xf8, 0xe4, 0xaf, 0x7d, 0x8c,
    0x60, 0x1f, 0xfc, 0x11, 0x46, 0x8b, 0xdf, 0xda,
    0x84, 0x10, 0x2, 0x0, 0x7f, 0x24, 0x67, 0xf5,
    0xcb, 0xa1, 0x0, 0x7e, 0xa0, 0xf, 0x9b, 0xad,
    0xcc, 0x3, 0xff, 0x84, 0x44, 0x0, 0xe2, 0xc9,
    0x10, 0xf, 0xf1, 0x18, 0x7, 0x28, 0x7, 0x16,
    0x18, 0x7, 0xe2, 0x7b, 0x96, 0x30, 0xe, 0xa0,
    0xc, 0x38, 0x20, 0x1f, 0x2e, 0xe0, 0xdc, 0xa0,
    0x7, 0x21, 0x0, 0x6b, 0x10, 0xf, 0x27, 0x55,
    0x39, 0x80, 0x3f, 0x78, 0x6, 0x45, 0x0, 0xf4,
    0xd9, 0xeb, 0x80, 0x7f, 0x12, 0x0, 0x6f, 0x0,
    0xe1, 0xd6, 0x4d, 0x20, 0xf, 0xf5, 0x80, 0x61,
    0x40, 0xc, 0x38, 0x49, 0x60, 0x1f, 0xf1, 0x30,
    0x6, 0x20, 0xe, 0xc2, 0x3b, 0x0, 0xff, 0xe0,
    0x48, 0x7, 0x38, 0x6, 0xa2, 0x1e, 0x0, 0xff,
    0xe0, 0x2a, 0x0, 0x72, 0x80, 0x4a, 0xa0, 0xb2,
    0x0, 0xff, 0x86, 0xc0, 0x3c, 0x28, 0x0, 0xb0,
    0x45, 0x0, 0xff, 0xe0, 0x68, 0x80, 0x7d, 0x0,
    0xc2, 0x12, 0x1, 0xff, 0xc0, 0x93, 0x0, 0xfc,
    0x73, 0x40, 0xa4, 0x1, 0xff, 0x4b, 0x0, 0x7f,
    0x98, 0xc2, 0x0, 0x3f, 0xc3, 0x6c, 0x1, 0xff,
    0xc1, 0x42, 0x0, 0xfe, 0x3f, 0x40, 0xf, 0xfe,
    0x17, 0x80, 0x7e, 0x3b, 0xc1, 0x0, 0xff, 0xe1,
    0x12, 0x1, 0xc2, 0xb3, 0xd7, 0x62, 0x0, 0x7f,
    0xf1, 0x28, 0x1, 0x2f, 0x53, 0xa, 0x20, 0x1f,
    0xfc, 0x71, 0x12, 0x80, 0x7f, 0xf3, 0x23, 0xb0,
    0x3, 0xff, 0x94,

    /* U+F0335 "󰌵" */
    0x0, 0xfc, 0x48, 0x83, 0x0, 0xff, 0xe0, 0x94,
    0xf6, 0xdd, 0xb3, 0xe8, 0xc0, 0x3f, 0x9b, 0x58,
    0x40, 0x39, 0x71, 0xc0, 0x3e, 0x89, 0x0, 0xff,
    0x45, 0x80, 0x72, 0xb8, 0x7, 0xff, 0x1, 0x20,
    0x2, 0x1a, 0x0, 0xff, 0xe1, 0x39, 0x80, 0x24,
    0x3, 0xff, 0x89, 0x0, 0x6, 0x0, 0xff, 0xe2,
    0x20, 0x8c, 0x1, 0xff, 0xc5, 0x52, 0x0, 0xff,
    0xe3, 0x8, 0x7, 0xff, 0x20, 0x80, 0x3f, 0xf8,
    0xc2, 0x30, 0x7, 0xff, 0x15, 0x1, 0x80, 0x3f,
    0xf8, 0x88, 0x0, 0x90, 0xf, 0xfe, 0x24, 0x0,
    0x6, 0x40, 0x3f, 0xf8, 0x4e, 0x60, 0x13, 0x38,
    0x7, 0xff, 0x1, 0x60, 0x3, 0xa2, 0x0, 0x1f,
    0xe6, 0xa0, 0xf, 0x90, 0x3, 0xfd, 0xe0, 0x1f,
    0xfe, 0x43, 0x30, 0x7, 0xe1, 0x40, 0xf, 0xec,
    0xff, 0xfd, 0xc4, 0x1, 0xff, 0xd2, 0x78, 0x8f,
    0x80, 0x3f, 0xf8, 0x12, 0xef, 0xf0, 0x80, 0x7f,
    0xc8, 0x1, 0xe3, 0x10, 0xf, 0xfa, 0xbb, 0xbd,
    0x80, 0x1e,

    /* U+F0336 "󰌶" */
    0x0, 0xf8, 0x55, 0xdc, 0xa4, 0x1, 0xff, 0xc0,
    0x4c, 0xea, 0x88, 0x56, 0xe9, 0x40, 0x3f, 0xa2,
    0xcc, 0x3, 0xc5, 0x54, 0x0, 0xfa, 0x9c, 0x0,
    0x95, 0x98, 0xa5, 0x0, 0x2e, 0x0, 0x73, 0xa8,
    0xd, 0xd9, 0x4c, 0xcb, 0x5a, 0x40, 0x72, 0x1,
    0x14, 0x0, 0x31, 0x0, 0x3c, 0x58, 0x40, 0xc8,
    0x0, 0xb0, 0x5, 0x10, 0x7, 0xe1, 0xe0, 0x4,
    0x0, 0x1c, 0x9, 0x40, 0x3f, 0xc6, 0x80, 0x62,
    0x30, 0x20, 0x7, 0xff, 0x3, 0x40, 0xa, 0x40,
    0xe, 0x0, 0xff, 0xe0, 0x10, 0x0, 0x40, 0x21,
    0x0, 0xff, 0xe2, 0x10, 0x3, 0xc0, 0x3f, 0xf8,
    0x4, 0x0, 0x61, 0x20, 0x70, 0xf, 0xfe, 0x5,
    0x0, 0xc, 0x14, 0x6, 0x0, 0x3f, 0xc8, 0x60,
    0x80, 0x9, 0x10, 0x76, 0x0, 0xfc, 0x54, 0x0,
    0x80, 0x0, 0xd0, 0x2, 0x64, 0x1, 0xe4, 0xc1,
    0x6, 0x30, 0x9, 0x24, 0x0, 0xd0, 0x1, 0x86,
    0xc4, 0x12, 0x40, 0x39, 0xac, 0x3, 0xfc, 0x96,
    0x1, 0xf2, 0x80, 0x7f, 0x8c, 0x3, 0xfe, 0x5b,
    0xbd, 0x40, 0x1f, 0xfc, 0x22, 0x44, 0xe0, 0xf,
    0xf8, 0x50, 0x3, 0xf0, 0xd8, 0x7, 0xf5, 0xff,
    0xfe, 0xe3, 0x0, 0xff, 0xe9, 0x34, 0x47, 0xc2,
    0x1, 0xff, 0x53, 0xbf, 0xc4, 0x1, 0xff, 0x58,
    0x7, 0x84, 0x80, 0x3f, 0xe7, 0xee, 0xf8, 0x40,
    0x38,

    /* U+F0339 "󰌹" */
    0x0, 0xff, 0xe2, 0x92, 0x18, 0x7, 0xff, 0x25,
    0xfb, 0x6f, 0x3e, 0x84, 0x3, 0xff, 0x88, 0x39,
    0x2, 0x1, 0x97, 0xcc, 0x3, 0xff, 0x84, 0x38,
    0x60, 0x31, 0x52, 0x60, 0x3a, 0x20, 0x1f, 0xfc,
    0x1, 0xc2, 0x3, 0xf7, 0x56, 0xc7, 0x1, 0xb0,
    0xf, 0xf8, 0x70, 0x80, 0xf0, 0x40, 0x34, 0x18,
    0x28, 0x7, 0xf8, 0x70, 0x80, 0xf0, 0x3, 0xea,
    0x0, 0x18, 0x7, 0xf6, 0x90, 0x1e, 0x0, 0x7e,
    0x30, 0x3, 0x80, 0x7e, 0xa3, 0x3, 0xd0, 0x0,
    0x80, 0x78, 0x80, 0xc, 0x1, 0xf1, 0x28, 0x16,
    0x88, 0x27, 0x68, 0x80, 0x43, 0x20, 0x24, 0x1,
    0xf5, 0x0, 0x24, 0x40, 0x4, 0x5, 0x40, 0x16,
    0x88, 0x48, 0x7, 0xe2, 0x0, 0x20, 0x4, 0xc6,
    0x8, 0x60, 0x3, 0x3, 0x70, 0xc, 0x2e, 0x1,
    0xfe, 0xf0, 0x5, 0x80, 0x10, 0xb4, 0x3, 0xe,
    0x60, 0x0, 0x40, 0x3, 0x0, 0xc6, 0x0, 0x20,
    0x1, 0xe0, 0x80, 0x6d, 0x25, 0x0, 0x58, 0x3,
    0xc0, 0x3f, 0xd0, 0x20, 0x19, 0xcc, 0x8, 0x0,
    0x68, 0x6, 0xc0, 0x12, 0x0, 0x8, 0x3, 0xf4,
    0x80, 0xe8, 0x5, 0x44, 0x4, 0x0, 0x19, 0x0,
    0x50, 0x7, 0xc4, 0x21, 0x22, 0x1, 0xe, 0xf2,
    0x0, 0xe9, 0x2, 0x90, 0x7, 0xcc, 0x0, 0x20,
    0xf, 0x8, 0x3, 0x4c, 0xe, 0x80, 0x3f, 0x38,
    0x0, 0xc0, 0x3f, 0x61, 0x81, 0x68, 0x7, 0xf1,
    0x80, 0x28, 0x3, 0xec, 0x30, 0x2c, 0x10, 0xf,
    0xf2, 0x81, 0xc0, 0x6, 0x1c, 0x30, 0x2c, 0x10,
    0xf, 0xfa, 0xc4, 0x1f, 0x19, 0x5f, 0xcc, 0xb,
    0x4, 0x3, 0xff, 0x80, 0x34, 0x20, 0x73, 0x50,
    0x20, 0x78, 0x20, 0x1f, 0xfc, 0x24, 0xf5, 0x0,
    0xc3, 0x18, 0x20, 0x1f, 0xfc, 0x41, 0xaf, 0xcb,
    0xde, 0x70, 0xf, 0xfe, 0x18,

    /* U+F033E "󰌾" */
    0x0, 0xfc, 0x91, 0x52, 0xc0, 0x1f, 0xfc, 0x32,
    0xdb, 0x75, 0x69, 0xf5, 0x0, 0xff, 0xe0, 0x1e,
    0x90, 0x7, 0xa9, 0xc0, 0x3f, 0xee, 0x0, 0x2e,
    0xff, 0x40, 0x2, 0x10, 0x3, 0xf9, 0x88, 0x1a,
    0x88, 0x5, 0xec, 0x1, 0xe0, 0x1f, 0xda, 0x0,
    0x80, 0xe, 0x44, 0x2, 0x8, 0x7, 0xe6, 0x2,
    0x10, 0xf, 0x60, 0x0, 0x80, 0x3f, 0x18, 0x8,
    0x7, 0xf9, 0xc0, 0x3f, 0xf9, 0xe4, 0xce, 0x20,
    0x4e, 0xff, 0x60, 0x3, 0x5d, 0x0, 0x9, 0xb3,
    0x0, 0x1, 0x88, 0xf9, 0x0, 0xd, 0x17, 0x21,
    0x0, 0x1f, 0xfc, 0x76, 0x12, 0x0, 0xff, 0xe4,
    0x10, 0x7, 0xff, 0x25, 0xc0, 0x3f, 0xfd, 0x31,
    0x94, 0x40, 0x1f, 0xfc, 0x58, 0x73, 0x5f, 0x0,
    0xff, 0xe2, 0xa8, 0x4, 0x44, 0x0, 0xff, 0xe2,
    0x8, 0x6, 0x30, 0xf, 0xfe, 0x24, 0x0, 0x4c,
    0x20, 0x1f, 0xfc, 0x44, 0xd9, 0xb9, 0x0, 0xff,
    0xe3, 0x13, 0x20, 0x7, 0xff, 0xfd, 0xd0, 0x3,
    0xff, 0x8e, 0x27, 0x68, 0x1, 0xff, 0xc5, 0x1a,
    0x1, 0xbf, 0xee, 0xff, 0xe2, 0xa0, 0x0,

    /* U+F0347 "󰍇" */
    0x11, 0xe0, 0xf, 0xfe, 0x10, 0x8f, 0x77, 0x72,
    0x0, 0x7f, 0xf0, 0x13, 0xbb, 0x80, 0x3f, 0xfc,
    0x82, 0x3c, 0x1, 0xff, 0xc2, 0x11, 0xee, 0xee,
    0x40, 0xf, 0xfe, 0x2, 0x77, 0x70, 0x7, 0xff,
    0x31, 0xdf, 0x88, 0x3, 0xff, 0x80, 0x4e, 0xfd,
    0x11, 0xcc, 0x1, 0xff, 0xc0, 0x68, 0x8e, 0x0,
    0xff, 0xff, 0x80, 0x7f, 0xff, 0x84, 0x3, 0xff,
    0x80, 0x20, 0x1c, 0x20, 0x18, 0xc0, 0x3f, 0xf8,
    0x4, 0x1, 0x84, 0x80, 0x36, 0x80, 0x7f, 0xf0,
    0x30, 0x3, 0x12, 0x80, 0x64, 0x20, 0xf, 0xf1,
    0x20, 0x6, 0x5d, 0x0, 0xee, 0x0, 0xff, 0x70,
    0x7, 0x6a, 0x10, 0x6, 0x3b, 0x10, 0xf, 0xe,
    0x18, 0x6, 0x24, 0x9, 0x0, 0xe4, 0xf8, 0x30,
    0x1, 0xc7, 0x98, 0x7, 0x48, 0x1, 0x14, 0x3,
    0x85, 0xf3, 0xfd, 0x8e, 0x20, 0x1c, 0xa8, 0x1,
    0x51, 0x80, 0x7f, 0xf1, 0xe, 0x80, 0x3b, 0x10,
    0x3, 0xff, 0x84, 0x98, 0x1, 0xf5, 0xc8, 0x80,
    0x7f, 0x86, 0x6c, 0x3, 0xf9, 0xba, 0xc, 0x3,
    0xc7, 0x1c, 0xc0, 0x1f, 0xfc, 0x7, 0xcf, 0xcb,
    0xb6, 0x7e, 0x38, 0x7, 0xc0,

    /* U+F0349 "󰍉" */
    0x0, 0xe6, 0xbe, 0xff, 0x64, 0x10, 0x7, 0xff,
    0x8, 0xfa, 0x50, 0x40, 0x6, 0xfb, 0x0, 0x1f,
    0xfc, 0x6, 0xc1, 0x0, 0x12, 0x18, 0x4, 0xf6,
    0x1, 0xfe, 0x49, 0x0, 0x37, 0x6d, 0xe7, 0xd0,
    0x82, 0x50, 0x7, 0xf5, 0x0, 0x26, 0x42, 0x1,
    0x97, 0xc8, 0x15, 0x40, 0x1f, 0x30, 0x83, 0x30,
    0x3, 0xe1, 0xf0, 0x4, 0x80, 0x7d, 0xa0, 0x8,
    0x0, 0xfe, 0x25, 0x3, 0x10, 0xf, 0x28, 0x18,
    0x80, 0x7f, 0xbc, 0x0, 0xa0, 0x1e, 0x10, 0x70,
    0xf, 0xf8, 0x40, 0x2, 0x1, 0xf9, 0xc0, 0x3f,
    0xe1, 0x0, 0x8, 0x7, 0x8c, 0xc, 0x3, 0xfe,
    0xd0, 0x3, 0x0, 0x7a, 0xc0, 0xe, 0x1, 0xfc,
    0x2e, 0x4, 0x40, 0xf, 0x30, 0x2, 0xc, 0x3,
    0xf5, 0x0, 0x2c, 0x3, 0xe1, 0xa0, 0x6, 0x30,
    0x7, 0x16, 0x20, 0x1b, 0x0, 0x7e, 0x57, 0x0,
    0x4f, 0x4c, 0x43, 0x34, 0xc0, 0xe, 0xe0, 0xf,
    0xe8, 0xa0, 0x0, 0xb3, 0xb8, 0xc0, 0x9, 0x29,
    0x16, 0x1, 0xfc, 0xbc, 0xe4, 0x1, 0x96, 0xec,
    0x80, 0x4, 0xb0, 0xf, 0xe1, 0x8d, 0xfe, 0xe7,
    0xd2, 0x1, 0x58, 0x1, 0x2c, 0x3, 0xff, 0x80,
    0x22, 0x0, 0xe4, 0xb0, 0x2, 0x58, 0x7, 0xff,
    0x1d, 0x2c, 0x0, 0x96, 0x1, 0xff, 0xc7, 0x4b,
    0x0, 0x25, 0x80, 0x7f, 0xf1, 0xd2, 0xc0, 0xa,
    0x20, 0x1f, 0xfc, 0x74, 0xb2, 0xc1, 0x0, 0xff,
    0xe4, 0x26, 0x90, 0x0,

    /* U+F0369 "󰍩" */
    0x0, 0x12, 0x27, 0xff, 0x28, 0x80, 0x27, 0xdb,
    0xbf, 0xfe, 0x56, 0xb8, 0x14, 0x0, 0x7f, 0xf3,
    0x20, 0x98, 0x3, 0xff, 0x9c, 0xc0, 0x1f, 0xff,
    0x2f, 0xff, 0xfe, 0x20, 0x7, 0xff, 0x71, 0x13,
    0xff, 0x88, 0x1, 0xff, 0xc0, 0xbb, 0xff, 0xe2,
    0x0, 0x7f, 0xf0, 0x3f, 0xff, 0xf8, 0x80, 0x1f,
    0xfd, 0xc4, 0x4f, 0xfe, 0x20, 0x7, 0xff, 0x2,
    0xef, 0xff, 0x88, 0x1, 0xff, 0xc0, 0xff, 0xff,
    0x58, 0x7, 0xff, 0x85, 0x13, 0xfd, 0x80, 0x1f,
    0xfc, 0x5b, 0xbf, 0xf3, 0x80, 0x7f, 0xff, 0xc0,
    0x3f, 0xf8, 0xc2, 0x80, 0x1f, 0xfc, 0xd2, 0xd0,
    0xf, 0x3f, 0xff, 0xff, 0x1f, 0x4c, 0x3, 0x9e,
    0x0, 0x3f, 0xf9, 0xaf, 0x0, 0x1f, 0xfc, 0xd7,
    0x80, 0xf, 0xfe, 0x6b, 0xc0, 0x7, 0xff, 0x35,
    0x20, 0x3, 0xff, 0x9c,

    /* U+F0374 "󰍴" */
    0x8, 0x8f, 0xfe, 0x32, 0xb, 0xbf, 0xff, 0x1b,
    0x0, 0x3f, 0xf9, 0x3, 0xdd, 0xff, 0xc6, 0x80,

    /* U+F03C8 "󰏈" */
    0x0, 0xff, 0xe1, 0x4e, 0x30, 0x7, 0xff, 0x42,
    0x18, 0xe4, 0x80, 0x3f, 0xf9, 0xe4, 0x1, 0x21,
    0x16, 0x10, 0xf, 0xfe, 0x74, 0xee, 0xeb, 0x0,
    0xff, 0xf7, 0x2b, 0xbe, 0xf0, 0xf, 0xfe, 0x77,
    0x44, 0x65, 0x0, 0xff, 0xf7, 0x56, 0xee, 0x90,
    0xf, 0xfe, 0x70, 0x91, 0x63, 0x0, 0xff, 0xe7,
    0x9, 0x16, 0x30, 0xf, 0xfe, 0x75, 0x6e, 0xe9,
    0x0, 0xff, 0xf7, 0x73, 0xbe, 0x50, 0xf, 0xfe,
    0x72, 0xc4, 0x6f, 0x0, 0xff, 0xf7, 0x4e, 0xee,
    0xb0, 0xf, 0xfe, 0x71, 0x17, 0x8, 0x7, 0xf0,
    0x80, 0x7f, 0xc4, 0x80, 0x17, 0x0, 0x42, 0x1,
    0xfc, 0x3d, 0xaa, 0x1, 0xd0, 0x80, 0x9, 0x10,
    0x9, 0x58, 0x1, 0x7f, 0x0, 0x1c, 0xbb, 0xc0,
    0x55, 0x0, 0x1, 0xc7, 0x0, 0x90, 0x3, 0xb0,
    0x3, 0x3e, 0x8, 0x2, 0x28, 0x81, 0x80, 0xf,
    0x71, 0x86, 0x1, 0x88, 0x3, 0x88, 0x1, 0xe4,
    0x7, 0x91, 0x6e, 0x0, 0x69, 0xc1, 0x4, 0x72,
    0x3, 0x40, 0x5, 0x0, 0x75, 0x0, 0x17, 0x4c,
    0x9, 0xd0, 0x7, 0x24, 0xf, 0x10, 0x0, 0x2f,
    0x80, 0x13, 0xb8, 0x0, 0x36, 0x40, 0x1b, 0x1c,
    0x40, 0x9, 0x86, 0x1, 0x15, 0xff, 0x72, 0x0,
    0x3a, 0x3f, 0xb8, 0x80, 0x1e, 0x8e, 0xe7, 0xd9,
    0x0, 0x7c, 0x20, 0x11, 0xb2, 0x0, 0x42, 0x1,
    0x91, 0x8c, 0x2, 0x10, 0xf, 0x54, 0x80, 0x62,
    0xcc, 0x4d, 0xf2, 0x80, 0x65, 0xeb, 0x9c, 0xc1,
    0x0, 0x69, 0xa0, 0x9, 0xac, 0x0, 0x58, 0x60,
    0x10, 0xd3, 0x0, 0x1a, 0x84, 0x2, 0x3c, 0x20,
    0x5, 0xb0, 0x7, 0x26, 0xde, 0x88, 0x25, 0x38,
    0x2, 0x73, 0x12, 0x0, 0x7a, 0x40, 0x1d, 0xbd,
    0x40, 0xd, 0x4, 0x4, 0x80, 0x5, 0xb5, 0x8a,
    0x0, 0x19, 0x80, 0x15, 0xb, 0x6a, 0x0, 0x42,
    0x2, 0x80, 0x1, 0x6b, 0x88, 0x1d, 0x50, 0x2,
    0x5c, 0x40, 0x2, 0xea, 0x80, 0x55, 0x43, 0x1,
    0x7d, 0x20,

    /* U+F03D6 "󰏖" */
    0x0, 0xff, 0xe1, 0x22, 0x0, 0x3f, 0xf9, 0xc9,
    0x97, 0x6c, 0x40, 0xf, 0xfe, 0x51, 0x5d, 0x8c,
    0x0, 0x77, 0x62, 0x0, 0xff, 0xe3, 0xc, 0xea,
    0x0, 0x48, 0x0, 0x4d, 0x91, 0x0, 0xff, 0xe1,
    0xbf, 0x30, 0x7, 0x46, 0xa0, 0x1, 0xb9, 0xc0,
    0x3f, 0xf8, 0xb, 0xd0, 0x1, 0xf8, 0xae, 0xc4,
    0x0, 0x8e, 0x50, 0xf, 0xc7, 0x94, 0x20, 0x1f,
    0xf2, 0x6c, 0x88, 0xd, 0x61, 0x80, 0x70, 0xe9,
    0x80, 0x7f, 0xf0, 0xdb, 0xd8, 0x0, 0x7a, 0x20,
    0x1a, 0x4, 0x3, 0xff, 0x8a, 0x88, 0x0, 0x86,
    0x0, 0x22, 0x60, 0xf, 0xfe, 0x21, 0xe5, 0x10,
    0x18, 0x83, 0x10, 0x2, 0x40, 0x24, 0x70, 0xf,
    0xf0, 0xce, 0x18, 0xc, 0xe4, 0x0, 0x24, 0x0,
    0x80, 0x1a, 0x39, 0x80, 0x3e, 0x7e, 0x60, 0x3,
    0xf3, 0x32, 0x0, 0xa, 0x0, 0xb6, 0x0, 0xc3,
    0x3a, 0x80, 0x1b, 0x20, 0x0, 0x9b, 0x7, 0x92,
    0x20, 0x34, 0x0, 0x49, 0x0, 0xf1, 0x5d, 0x8c,
    0x3, 0x15, 0x59, 0xd6, 0x18, 0x5, 0xc8, 0x1,
    0xff, 0xc0, 0x4c, 0x90, 0xb, 0x15, 0xf9, 0x40,
    0x3f, 0xf9, 0x2e, 0x1, 0x56, 0xc0, 0x0, 0xad,
    0x0, 0x3f, 0xf9, 0x48, 0x40, 0x8, 0xd4, 0x0,
    0xff, 0xe6, 0xaf, 0x38, 0x7, 0xff, 0x30, 0x92,
    0xe8, 0x40, 0x3f, 0xf8, 0x49, 0x0, 0x1f, 0xcb,
    0x68, 0x1, 0xa1, 0x0, 0x3f, 0x20, 0x1, 0xf9,
    0x80, 0x3f, 0xf8, 0xb, 0xce, 0x0, 0x40, 0xf,
    0x5c, 0x0, 0x6, 0x75, 0x40, 0x3f, 0x15, 0xd0,
    0x80, 0x22, 0xc0, 0x3e, 0x7e, 0x60, 0x1, 0x56,
    0x18, 0x6, 0x19, 0xd4, 0x0, 0x37, 0x38, 0x7,
    0xf0, 0xce, 0xa0, 0x0, 0xf2, 0x80, 0x9, 0xec,
    0x0, 0x4d, 0x91, 0x0, 0xff, 0xe0, 0x15, 0xd8,
    0xc0, 0x8, 0x0, 0x31, 0x3, 0xcb, 0x20, 0xf,
    0xfe, 0x22, 0x65, 0x8, 0x6, 0x1a, 0xc3, 0x0,
    0xff, 0xe4, 0x2f, 0x40, 0xc, 0x72, 0x80, 0x7f,
    0xf3, 0x1f, 0xf9, 0xc0, 0x3f, 0xf8, 0x20,

    /* U+F03D8 "󰏘" */
    0x0, 0xf8, 0x5e, 0xfb, 0xfd, 0xd7, 0x6, 0x1,
    0xff, 0xc0, 0x1a, 0xe8, 0x41, 0x0, 0xa, 0x3e,
    0x61, 0x0, 0x3f, 0x97, 0xd4, 0x10, 0x80, 0x30,
    0xa0, 0x1d, 0xc8, 0x7, 0xcd, 0x42, 0x19, 0x7a,
    0xa0, 0x3, 0xeb, 0xe1, 0x6, 0xc0, 0xe, 0x59,
    0x0, 0x11, 0x80, 0x38, 0x1, 0x60, 0x1, 0x40,
    0x1, 0xd8, 0x4, 0x36, 0x1, 0x18, 0x4, 0x60,
    0xd, 0x0, 0x9c, 0x2, 0x47, 0x0, 0x58, 0x80,
    0x43, 0x8b, 0x10, 0x0, 0x2c, 0xad, 0x90, 0x6,
    0x81, 0x12, 0x80, 0x71, 0xd3, 0x80, 0x66, 0xa4,
    0x0, 0xf3, 0x30, 0x1, 0x1f, 0x84, 0x1, 0xfe,
    0x1b, 0xf8, 0x0, 0x66, 0x0, 0xdc, 0xe, 0x0,
    0x3f, 0xd2, 0x80, 0xe6, 0xa, 0xa0, 0xf, 0xfe,
    0x50, 0x88, 0xd, 0xc0, 0xe0, 0x3, 0xfd, 0x28,
    0xe, 0x60, 0x20, 0x14, 0x7e, 0x10, 0x7, 0xf8,
    0x6f, 0xe0, 0x0, 0xa2, 0x1, 0xff, 0xca, 0xe5,
    0x0, 0xff, 0xe4, 0xa2, 0xe0, 0x7, 0xff, 0x20,
    0xe8, 0x18, 0x3, 0xff, 0x8c, 0x31, 0x82, 0x2,
    0xa0, 0x1f, 0xf0, 0xcd, 0x5d, 0xb7, 0x9c, 0x3,
    0x58, 0x80, 0x7f, 0xa9, 0x95, 0x10, 0x40, 0x1e,
    0x1a, 0x0, 0xff, 0x30, 0x7, 0xff, 0x1, 0x24,
    0x3, 0xf9, 0x40, 0x3f, 0xf8, 0x2d, 0x62, 0x1,
    0xf4, 0x0, 0x7f, 0xf0, 0x93, 0xd8, 0x3, 0xff,
    0x94, 0x33, 0xd0, 0x82, 0x3, 0x40, 0x1f, 0xe0,

    /* U+F03E4 "󰏤" */
    0x88, 0xe2, 0x0, 0xc5, 0x11, 0xce, 0xfc, 0xc0,
    0x19, 0x9d, 0xf8, 0x3, 0xff, 0xfe, 0x1, 0xff,
    0xff, 0x0, 0xff, 0xff, 0x80, 0x7f, 0xf8, 0xfb,
    0xb9, 0x0, 0x32, 0x77, 0x70,

    /* U+F03EB "󰏫" */
    0x0, 0xff, 0xe3, 0x3f, 0xc8, 0x7, 0xff, 0x22,
    0x20, 0xd, 0x20, 0x1f, 0xfc, 0x67, 0x70, 0x4,
    0xd2, 0x1, 0xff, 0xc5, 0x41, 0x0, 0xcd, 0x20,
    0x1f, 0xfc, 0x26, 0x13, 0xd1, 0x0, 0xcc, 0x1,
    0xff, 0xc1, 0x89, 0xc1, 0x3d, 0x10, 0xa, 0x0,
    0x3f, 0xf8, 0x10, 0xe0, 0x58, 0x27, 0xa2, 0xe,
    0xe0, 0xf, 0xfa, 0x1c, 0x2, 0x2c, 0x13, 0xd8,
    0x80, 0x7, 0xfd, 0xe, 0x1, 0xc5, 0x82, 0x6e,
    0x1, 0xff, 0x43, 0x80, 0x7c, 0x4e, 0x1, 0xff,
    0xc0, 0x87, 0x0, 0xfc, 0xec, 0x1, 0xff, 0x43,
    0x80, 0x7e, 0x78, 0x0, 0xff, 0xa1, 0xc0, 0x3f,
    0x3c, 0x0, 0x7f, 0xd0, 0xe0, 0x1f, 0x9e, 0x0,
    0x3f, 0xe8, 0x70, 0xf, 0xcf, 0x0, 0x1f, 0xf4,
    0x38, 0x7, 0xe7, 0x80, 0xf, 0xfa, 0x1c, 0x3,
    0xf3, 0xc0, 0x7, 0xfd, 0xe, 0x1, 0xf9, 0xe0,
    0x3, 0xfe, 0x87, 0x0, 0xfc, 0xf0, 0x1, 0xff,
    0xc0, 0x70, 0xf, 0xcf, 0x0, 0x1f, 0xfc, 0x97,
    0x80, 0xf, 0xfe, 0x4b, 0xc0, 0x7, 0xff, 0x25,
    0xe0, 0x3, 0xff, 0x92, 0xf0, 0x1, 0xff, 0xc5,

    /* U+F040A "󰐊" */
    0x0, 0xff, 0xe2, 0x24, 0x88, 0x7, 0xff, 0x9,
    0xbd, 0x40, 0x3f, 0xf8, 0x43, 0x56, 0x20, 0x1f,
    0xfc, 0x24, 0xe6, 0x0, 0xff, 0xe1, 0xce, 0x10,
    0x7, 0xff, 0x8, 0xf6, 0x0, 0x3f, 0xf8, 0x6f,
    0xa6, 0x1, 0xff, 0xc2, 0x2c, 0x91, 0x0, 0xff,
    0xe1, 0x37, 0xa8, 0x7, 0xff, 0x8, 0x78, 0x3,
    0xff, 0x82, 0x35, 0x60, 0x1f, 0xfc, 0x6, 0xf5,
    0x0, 0xff, 0x8a, 0xe4, 0x40, 0x3f, 0xe7, 0xd4,
    0x0, 0xff, 0x8f, 0x60, 0x3, 0xff, 0x81, 0x18,
    0x40, 0x1f, 0xf2, 0x73, 0x80, 0x7f, 0xc3, 0x56,
    0x20, 0x1f, 0xf3, 0x7a, 0x80, 0x7f, 0xf0, 0x40,

    /* U+F040C "󰐌" */
    0x0, 0xff, 0x89, 0x59, 0xd5, 0x0, 0x3f, 0xf8,
    0xe5, 0x3d, 0xb5, 0x31, 0x57, 0xf6, 0xa0, 0x1f,
    0xfc, 0x21, 0xad, 0x61, 0x0, 0xf9, 0x2b, 0x54,
    0x3, 0xfe, 0x3f, 0x50, 0xf, 0xfe, 0x1, 0x54,
    0x0, 0x7f, 0x26, 0x8, 0x7, 0xff, 0xd, 0xec,
    0x3, 0xe2, 0xb0, 0xf, 0xfe, 0x32, 0x40, 0x7,
    0xbc, 0x3, 0xff, 0x90, 0xea, 0x1, 0x9c, 0x80,
    0x3f, 0xf9, 0x30, 0x1, 0xa4, 0x3, 0xf3, 0xb8,
    0x3, 0xff, 0x80, 0x4c, 0x0, 0x51, 0x0, 0xfe,
    0x8b, 0x10, 0xf, 0xfa, 0x80, 0x18, 0x1, 0xff,
    0x27, 0x98, 0x7, 0xf8, 0xc4, 0x10, 0x3, 0xff,
    0x80, 0x38, 0xe0, 0x1f, 0xe5, 0x2, 0x0, 0xff,
    0xe1, 0x45, 0x88, 0x7, 0xe2, 0x0, 0xff, 0xe2,
    0xa7, 0x90, 0x7, 0xc2, 0x1, 0xff, 0xc6, 0x72,
    0x0, 0xfe, 0x10, 0xf, 0xfe, 0x1d, 0x48, 0x7,
    0xe2, 0x2, 0x0, 0xff, 0xe0, 0x96, 0xa8, 0x7,
    0xf3, 0x2, 0x0, 0x7f, 0xf0, 0x1b, 0x48, 0x3,
    0xf8, 0x4c, 0x2c, 0x3, 0xfe, 0xa9, 0x0, 0xff,
    0x90, 0x0, 0x66, 0x0, 0xfc, 0x7a, 0xa0, 0x1f,
    0xfc, 0x9, 0x0, 0xa0, 0x3, 0xf2, 0x10, 0x7,
    0xff, 0x1, 0xc, 0x2, 0x45, 0x0, 0xff, 0xe4,
    0xc8, 0x7, 0x51, 0x80, 0x7f, 0xf1, 0xec, 0x80,
    0x3d, 0xa4, 0x1, 0xff, 0xc5, 0x94, 0x0, 0xf8,
    0x75, 0x40, 0x3f, 0xf8, 0x43, 0x8c, 0x1, 0xfe,
    0xab, 0x30, 0xf, 0xf9, 0xf8, 0xc0, 0x3f, 0xf8,
    0x9, 0x96, 0xe4, 0x1, 0x85, 0x67, 0xa0, 0x3,
    0xff, 0x88, 0x91, 0xbf, 0xdc, 0xfe, 0xa6, 0x10,
    0xf, 0xc0,

    /* U+F0415 "󰐕" */
    0x0, 0xfe, 0x88, 0x20, 0x7, 0xff, 0x10, 0x5d,
    0xd8, 0x1, 0xff, 0xff, 0x0, 0xff, 0xf5, 0x44,
    0x7e, 0x0, 0x24, 0x47, 0xc8, 0x2e, 0xff, 0x30,
    0x0, 0xdd, 0xfe, 0xc0, 0xf, 0xfe, 0x40, 0xf7,
    0x7d, 0xa0, 0x6, 0xee, 0xfa, 0x0, 0x47, 0xe3,
    0x0, 0x8, 0xfe, 0x0, 0xff, 0xff, 0x80, 0x7f,
    0xfa, 0x87, 0xb9, 0x0, 0x1f, 0x80,

    /* U+F0425 "󰐥" */
    0x0, 0xfe, 0x1f, 0xf4, 0x0, 0x7f, 0xfc, 0x15,
    0x0, 0x3f, 0xe8, 0x0, 0xfc, 0xd5, 0x68, 0x1,
    0xfd, 0x8f, 0x82, 0x1, 0xcb, 0x20, 0x3, 0x0,
    0xfc, 0x44, 0x3, 0xd0, 0xc, 0x36, 0x0, 0xa7,
    0x0, 0xfc, 0x5e, 0x60, 0x70, 0x1, 0x58, 0x84,
    0x28, 0x7, 0xf8, 0x74, 0x41, 0xc8, 0x5, 0x40,
    0x9c, 0x3, 0xff, 0x80, 0x36, 0x0, 0xa0, 0x70,
    0x5, 0x80, 0x7f, 0xf0, 0x94, 0x41, 0x43, 0xc0,
    0x8, 0x1, 0xff, 0xc3, 0x40, 0x21, 0x30, 0x1,
    0x0, 0x7f, 0xf0, 0xc8, 0x0, 0x60, 0x1f, 0xfc,
    0xb3, 0x0, 0x10, 0x7, 0xd, 0xda, 0x80, 0x3c,
    0x40, 0x3, 0xc0, 0x2, 0x0, 0x79, 0x10, 0x40,
    0x1e, 0x40, 0x21, 0x40, 0x5, 0x80, 0x7f, 0xf0,
    0x94, 0x41, 0x40, 0x54, 0x9, 0xc0, 0x3f, 0xf8,
    0x3, 0x60, 0xa, 0x0, 0x40, 0x2, 0x10, 0x3,
    0xfe, 0xa1, 0x6, 0x20, 0x1, 0x48, 0x2, 0xdc,
    0x3, 0xf1, 0x6a, 0x1, 0x48, 0x6, 0x67, 0x0,
    0x46, 0xb9, 0x0, 0x5, 0x2b, 0x48, 0x7, 0xc0,
    0x3d, 0x12, 0x0, 0x28, 0xdf, 0xf7, 0x5a, 0x80,
    0x13, 0xc8, 0x3, 0xe6, 0xe6, 0x0, 0xfc, 0x55,
    0x62, 0x1, 0xfc, 0x33, 0xf4, 0xea, 0xa6, 0x8c,
    0xd5, 0x0, 0xf0,

    /* U+F0427 "󰐧" */
    0x0, 0xf2, 0x44, 0x7f, 0x90, 0x3, 0xfe, 0x5b,
    0x77, 0xff, 0x5a, 0x80, 0x7f, 0x2d, 0x0, 0x7f,
    0xf0, 0x29, 0x40, 0x3e, 0x5a, 0x0, 0x4f, 0x77,
    0xe9, 0x0, 0x52, 0x80, 0x72, 0x50, 0x2, 0x58,
    0x47, 0xf3, 0x48, 0x2, 0x90, 0x2, 0x4b, 0x0,
    0x4b, 0x0, 0x61, 0x10, 0x6, 0x68, 0x0, 0x5a,
    0x2, 0x58, 0x2, 0x18, 0x3, 0xf, 0x72, 0x0,
    0x33, 0xc0, 0x2, 0xd2, 0xc0, 0xe, 0xe0, 0xf,
    0xfe, 0x13, 0xb8, 0x1, 0x60, 0x4, 0x80, 0x34,
    0x40, 0x7, 0xe4, 0x41, 0x84, 0x20, 0x6, 0x10,
    0x4, 0xdd, 0x80, 0x3f, 0x5d, 0xa4, 0x0, 0x20,
    0x1f, 0xfd, 0x81, 0xbb, 0x50, 0x7, 0xff, 0x25,
    0x10, 0x40, 0x1f, 0xfd, 0xba, 0xff, 0x0, 0x7e,
    0xff, 0x50, 0x7, 0xff, 0x4d, 0xe2, 0x3f, 0xf8,
    0xce, 0x1, 0x89, 0xdf, 0xff, 0x8c, 0x40, 0x1f,
    0xfc, 0xee, 0xef, 0xfe, 0x60,

    /* U+F042A "󰐪" */
    0x0, 0xf7, 0xff, 0xff, 0x10, 0x3, 0xff, 0xfe,
    0x1, 0xff, 0xe5, 0xbb, 0xff, 0xe2, 0x0, 0x7f,
    0x2c, 0x43, 0x33, 0xff, 0x89, 0x10, 0x61, 0x0,
    0x87, 0x69, 0xdf, 0xff, 0x91, 0x3e, 0x60, 0xd,
    0x20, 0xf, 0xfe, 0x50, 0xe8, 0x11, 0x80, 0x7f,
    0xf2, 0x1f, 0x54, 0x5, 0x98, 0x1, 0xff, 0xc9,
    0x82, 0x80, 0x7, 0x0, 0x7f, 0xf2, 0x98, 0x28,
    0x3, 0xff, 0x9b, 0x3e, 0xe0, 0x1f, 0xfd, 0xb2,
    0x88, 0xff, 0x10, 0x7, 0xff, 0x11, 0xdf, 0xff,
    0x80, 0x1, 0xff, 0xf4, 0x75, 0x5e, 0x0, 0xff,
    0xe2, 0x2a, 0xf6, 0x9d, 0x57, 0x0, 0x7f, 0xf1,
    0x2a, 0xb9, 0x40, 0x3f, 0xfb, 0x9, 0x55, 0xfe,
    0x40, 0xf, 0xfe, 0x20, 0xaa, 0xff, 0x84, 0x3,
    0xff, 0xb0,

    /* U+F042B "󰐫" */
    0x0, 0x96, 0x23, 0xff, 0x90, 0xc2, 0x1, 0xe,
    0xd3, 0xbf, 0xff, 0x22, 0x7c, 0xc0, 0x1a, 0x40,
    0x1f, 0xfc, 0xa1, 0xd1, 0x23, 0x0, 0xff, 0xe4,
    0x3e, 0xb0, 0xb, 0xb0, 0x7, 0xff, 0x26, 0xa,
    0xc0, 0x1c, 0x20, 0x1f, 0xfc, 0x99, 0x48, 0x0,
    0xff, 0xe6, 0xb5, 0xa8, 0x7, 0xf7, 0x77, 0xff,
    0x10, 0xc0, 0x3f, 0xe1, 0x1f, 0xfe, 0x20, 0x7,
    0xff, 0x8d, 0x14, 0x3, 0xff, 0x98, 0xbb, 0x75,
    0xaa, 0x1, 0xff, 0x3b, 0xf8, 0x2, 0x6d, 0xa2,
    0x0, 0x15, 0x6b, 0x0, 0x54, 0xef, 0xb0, 0xa2,
    0x38, 0x1b, 0x64, 0x80, 0xa, 0xc0, 0x2, 0x9d,
    0x60, 0x68, 0x8c, 0x80, 0x1e, 0xb9, 0x20, 0x3,
    0xed, 0x4f, 0x40, 0x81, 0x4d, 0x80, 0x7f, 0xf0,
    0x10, 0x2, 0x4a, 0x20, 0x0, 0xb3, 0x80, 0x48,
    0x1, 0xff, 0xc4, 0x4d, 0xa2, 0x7, 0xf6, 0x0,
    0xff, 0xe3, 0x9, 0x0, 0x17, 0x7a, 0x4, 0x4,
    0x80, 0x3f, 0xf8, 0x85, 0xb4, 0x40, 0x1, 0x0,
    0x47, 0x30, 0x7, 0xff, 0x19, 0x76, 0x40, 0x9,
    0xce, 0x1, 0xff, 0xca, 0x70, 0x1, 0x88, 0x7,
    0xff, 0x1c, 0x8c, 0x3, 0xf1, 0x30, 0x7, 0xff,
    0x8, 0x40, 0x72, 0xc8, 0x3, 0xc, 0x69, 0x0,
    0x80, 0x7f, 0xf0, 0x30, 0xc0, 0x9, 0xb4, 0x0,
    0x4f, 0x70, 0x1, 0xe0, 0x7, 0xff, 0x0, 0xb2,
    0x88, 0x0, 0x80, 0x3, 0x10, 0x2a, 0xc2, 0x0,
    0xff, 0xe1, 0x2e, 0xc8, 0x80, 0x61, 0x9d, 0x50,
    0xf, 0xfe, 0x33, 0x74, 0x0, 0x23, 0x98, 0x3,
    0xff, 0x94, 0xff, 0xe7, 0x0, 0xff, 0xe0, 0x0,

    /* U+F0433 "󰐳" */
    0x1a, 0xff, 0xf0, 0x7, 0xff, 0x13, 0xff, 0xd4,
    0x36, 0xa0, 0x1f, 0xfd, 0x5, 0xb5, 0x1, 0x44,
    0xe0, 0xf, 0xfe, 0x22, 0x27, 0x8, 0x28, 0x1,
    0x6e, 0xf8, 0x3, 0xff, 0x89, 0x77, 0xca, 0x1,
    0xff, 0xdb, 0x7b, 0xbf, 0x94, 0x3, 0xd, 0xdf,
    0xce, 0x1, 0xfe, 0xc4, 0x4f, 0xb4, 0x3, 0x91,
    0x3e, 0xc0, 0xf, 0xfe, 0xcf, 0xfa, 0xc0, 0x3b,
    0xfd, 0xc0, 0x10, 0xff, 0xa0, 0x2, 0x7f, 0xf0,
    0x7, 0x5f, 0xf8, 0x3, 0xff, 0xb8, 0xaa, 0x70,
    0xf, 0xf1, 0x2a, 0x80, 0x3f, 0xf8, 0x95, 0x49,
    0x0, 0xff, 0x2d, 0x50, 0x3, 0xff, 0xc3, 0x15,
    0x5f, 0x86, 0xaa, 0x1a, 0xaf, 0xa0, 0x3, 0xfc,
    0xdb, 0xa5, 0x5c, 0x75, 0x1b, 0xa6, 0xd, 0xd0,
    0xaa, 0xb7, 0x4c, 0x1, 0xfe, 0xe7, 0x70, 0x6,
    0xa7, 0x7d, 0x82, 0xee, 0xc0, 0x3, 0xbb, 0x80,
    0x3f, 0xfb, 0xd5, 0xdc, 0x0, 0xdb, 0xda, 0x1,
    0xf, 0x73, 0xfb, 0xb5, 0x0, 0x7f, 0x92, 0x65,
    0x11, 0xa5, 0x4c, 0x3, 0x8, 0x80, 0x47, 0x80,
    0x3f, 0xdc, 0xef, 0xf6, 0x1, 0x9b, 0x80, 0xcc,
    0x6, 0x78, 0x80, 0x3f, 0xf8, 0xe3, 0x98, 0x61,
    0xcc, 0x7e, 0x66, 0x90, 0xf, 0xfe, 0xf, 0x73,
    0x40, 0x21, 0xee, 0xbc, 0x3, 0xff, 0x92, 0x22,
    0x30, 0xc, 0x23, 0x80, 0x3f, 0xfc, 0x3f, 0xeb,
    0x0, 0xef, 0xf7, 0x0, 0x79, 0xff, 0xff, 0x58,
    0x2, 0xff, 0xc0, 0x1f, 0xfd, 0x9c, 0x44, 0xfb,
    0x41, 0x11, 0xa0, 0x11, 0x22, 0x0, 0x3f, 0xf8,
    0x2f, 0x77, 0xf2, 0x8d, 0xd9, 0x40, 0x25, 0xbb,
    0x0, 0x7f, 0xf7, 0x96, 0xef, 0x80, 0x3f, 0xf8,
    0x97, 0x7c, 0xa0, 0x5, 0x1, 0x44, 0xe0, 0xf,
    0xfe, 0x22, 0x27, 0x8, 0x2d, 0xa8, 0x7, 0xff,
    0x41, 0x6c,

    /* U+F0438 "󰐸" */
    0x0, 0xff, 0xe1, 0x8, 0x7, 0xc2, 0x1, 0xfe,
    0x1e, 0xa2, 0x0, 0xc3, 0xfa, 0x80, 0x18, 0x7f,
    0x54, 0x3, 0xf5, 0x8a, 0xa0, 0x6, 0xb1, 0x23,
    0x0, 0xd0, 0x25, 0xa0, 0x1f, 0x22, 0x82, 0x30,
    0x4, 0xaa, 0x3, 0x70, 0x8, 0xd8, 0xa, 0x0,
    0x3e, 0x90, 0x4, 0x80, 0x6b, 0x0, 0x70, 0x6,
    0xe0, 0x7, 0x0, 0x7e, 0x10, 0xf, 0x94, 0x0,
    0xe0, 0x19, 0xc0, 0xa, 0x1, 0xfb, 0xc0, 0x1c,
    0x1, 0xa4, 0x1, 0x62, 0x1, 0x58, 0x84, 0x90,
    0x7, 0xc6, 0xc0, 0x6e, 0x1, 0x14, 0x0, 0xd8,
    0x4, 0x30, 0x0, 0x90, 0xf, 0xc4, 0x0, 0x30,
    0xd, 0x60, 0xf, 0x0, 0xd8, 0x0, 0xd0, 0xf,
    0x95, 0x1, 0x50, 0x2, 0x63, 0x4, 0x50, 0x9,
    0x54, 0x6, 0xc0, 0x1f, 0x58, 0x2, 0xc0, 0x34,
    0x0, 0x28, 0x3, 0x40, 0x3, 0x80, 0x3f, 0x62,
    0x48, 0x80, 0x6f, 0x79, 0x10, 0xd, 0xaf, 0x4,
    0x1, 0xf8, 0xad, 0x80, 0x38, 0x61, 0x80, 0x3d,
    0xe, 0x1, 0xff, 0xd6, 0x1b, 0xff, 0xff, 0xe5,
    0x73, 0x0, 0x35, 0x0, 0x3f, 0xf9, 0x43, 0x26,
    0x6, 0x1, 0x9, 0x80, 0x64, 0x0, 0xc6, 0x40,
    0x10, 0x98, 0x6, 0xb1, 0x0, 0xdf, 0x86, 0x0,
    0xcb, 0xb0, 0x1, 0x33, 0x44, 0x1, 0xf8, 0xc0,
    0x1f, 0x84, 0x40, 0xa0, 0x2, 0x5, 0x0, 0x18,
    0x0, 0x80, 0x44, 0x1c, 0x1, 0xff, 0xf4, 0x14,
    0x14, 0x0, 0x30, 0x30, 0x1, 0x44, 0xcc, 0x2,
    0x83, 0x60, 0x1f, 0xd7, 0xc4, 0x0, 0x8f, 0x80,
    0x1, 0x76, 0x0, 0x57, 0xc6, 0x1, 0xff, 0xd7,
    0x24, 0x4f, 0xfe, 0x48, 0x7, 0x96, 0xef, 0xff,
    0x91, 0x40, 0x1f, 0xfd, 0x31, 0xaa, 0x80, 0x3f,
    0xf9, 0x3, 0x55, 0x0,

    /* U+F044E "󰑎" */
    0x0, 0xff, 0xe7, 0x9, 0x0, 0x7f, 0xc4, 0x68,
    0x62, 0x1, 0xfc, 0x3a, 0xc0, 0x1f, 0xb, 0xe7,
    0xee, 0x5e, 0x77, 0x25, 0x0, 0x3d, 0xa6, 0x1,
    0xf4, 0x74, 0x18, 0x7, 0x85, 0xaf, 0x10, 0x2,
    0xc3, 0x0, 0xf1, 0x6b, 0x80, 0x7f, 0xf0, 0xe,
    0xe8, 0x70, 0xc0, 0x3c, 0x9a, 0x40, 0x12, 0x4e,
    0xf7, 0xf6, 0x38, 0x80, 0x4b, 0xc6, 0x1, 0xe3,
    0xb0, 0x8, 0xf6, 0xd8, 0x84, 0x4, 0xe3, 0xa4,
    0x40, 0x3f, 0x87, 0x40, 0x27, 0xc2, 0x0, 0xfe,
    0x6c, 0x0, 0xfe, 0xb1, 0x0, 0x44, 0x0, 0x3f,
    0xf8, 0x1c, 0x1, 0xf8, 0xd4, 0x0, 0xae, 0x1,
    0xff, 0xc0, 0xc3, 0x0, 0xfd, 0x40, 0x1, 0xb0,
    0xf, 0xf8, 0x70, 0xc0, 0x3f, 0xbc, 0xc1, 0x84,
    0x3, 0xfc, 0x3a, 0x60, 0x1f, 0xe6, 0xce, 0x90,
    0xf, 0xf8, 0xe2, 0xef, 0xfc, 0xa0,

    /* U+F0450 "󰑐" */
    0x0, 0xf8, 0x5a, 0x6a, 0x90, 0xa2, 0x1, 0xe3,
    0x0, 0xe2, 0xae, 0x96, 0x55, 0x3d, 0x75, 0x8,
    0x5, 0x12, 0x1, 0x9f, 0x54, 0x3, 0xf2, 0xf3,
    0x4, 0x38, 0x6, 0x98, 0x0, 0x1c, 0xef, 0xfb,
    0x60, 0x80, 0x13, 0x8e, 0x1, 0x9d, 0x80, 0x13,
    0x8c, 0x40, 0x2, 0x7d, 0x80, 0x1, 0x80, 0x62,
    0x80, 0x6, 0x30, 0x7, 0xe7, 0x50, 0xf, 0x40,
    0x2, 0x4c, 0x3, 0xfa, 0x14, 0x3, 0x85, 0x40,
    0xd8, 0x3, 0xfa, 0x1c, 0x3, 0xce, 0x0, 0xa0,
    0xf, 0xe8, 0x70, 0xf, 0xbc, 0x0, 0x80, 0x1f,
    0x8c, 0x95, 0x7e, 0xd3, 0x0, 0x10, 0x7, 0xe3,
    0xaa, 0xfc, 0xe0, 0x1f, 0xfc, 0xa3, 0x0, 0x10,
    0x7, 0xff, 0x1b, 0xc0, 0x8, 0x1, 0xff, 0xc2,
    0x24, 0x40, 0xb8, 0x2, 0x80, 0x3f, 0xf8, 0x5f,
    0x76, 0x11, 0x28, 0x1b, 0x0, 0x7f, 0xf0, 0x18,
    0x81, 0x40, 0x10, 0x0, 0x93, 0x0, 0xff, 0x24,
    0x80, 0x20, 0x0, 0x50, 0x0, 0xc6, 0x0, 0xfc,
    0xf6, 0x0, 0x92, 0x0, 0x9d, 0x80, 0x13, 0x8c,
    0x40, 0x2, 0x6d, 0x80, 0x3, 0xb0, 0x7, 0x4c,
    0x0, 0xe, 0x77, 0xfd, 0xb2, 0x40, 0x9, 0x80,
    0xf, 0x9f, 0x54, 0x3, 0xf2, 0xeb, 0x0, 0x7f,
    0x15, 0x74, 0xb2, 0xa9, 0xab, 0xa8, 0x80, 0x38,

    /* U+F0465 "󰑥" */
    0x0, 0xff, 0x84, 0x80, 0x3f, 0xf8, 0xe3, 0xac,
    0x1, 0xff, 0xc6, 0x1d, 0x30, 0xf, 0xfe, 0x30,
    0xe9, 0x80, 0x7f, 0xf1, 0x87, 0x4c, 0x1, 0xca,
    0x20, 0x1f, 0xfc, 0x11, 0xd3, 0x0, 0x96, 0xba,
    0x88, 0x3, 0xfe, 0x63, 0x0, 0xf9, 0x75, 0x40,
    0x3f, 0xce, 0xc0, 0x1a, 0x20, 0x40, 0xa, 0x70,
    0xe, 0x30, 0xd, 0x2c, 0x1, 0x1b, 0xec, 0x0,
    0x21, 0x40, 0x21, 0xc9, 0x0, 0xd2, 0xe0, 0x1c,
    0xf6, 0x0, 0xa1, 0x0, 0x58, 0x32, 0x80, 0x68,
    0x70, 0xe, 0x49, 0x0, 0x58, 0xa, 0x81, 0x28,
    0x7, 0x43, 0x80, 0x73, 0x10, 0x28, 0xa0, 0x2,
    0x80, 0x3e, 0x84, 0x0, 0xeb, 0x0, 0x38, 0x2a,
    0xc0, 0x1f, 0xfc, 0x24, 0x0, 0x7a, 0xd5, 0x8,
    0x3, 0xff, 0x84, 0x40, 0x3, 0x0, 0xff, 0xe5,
    0x2d, 0x50, 0x80, 0x3f, 0xf8, 0x44, 0x0, 0x30,
    0x55, 0x20, 0x7, 0xff, 0x9, 0x0, 0x1e, 0x80,
    0xb, 0x0, 0xff, 0xe1, 0x58, 0x1, 0xc5, 0x40,
    0x90, 0x3, 0xff, 0x80, 0xc4, 0xa, 0x21, 0x0,
    0xe8, 0x1, 0xff, 0x24, 0x80, 0x2c, 0x0, 0x59,
    0x0, 0x5, 0x0, 0xfc, 0xd6, 0x0, 0xa1, 0x0,
    0x8c, 0x1, 0x35, 0xae, 0x40, 0x2, 0x7d, 0x90,
    0x4, 0x28, 0x7, 0x91, 0x80, 0xa2, 0x0, 0x8,
    0x81, 0x0, 0x29, 0xc0, 0x3e, 0x4d, 0x50, 0xf,
    0xcb, 0xaa, 0x1, 0xfc, 0x55, 0xd5, 0xe0, 0xf,
    0xae, 0xa2, 0x0, 0xe0,

    /* U+F0467 "󰑧" */
    0x0, 0xfe, 0x21, 0x0, 0xff, 0xe4, 0x36, 0x88,
    0x7, 0xff, 0x20, 0xf4, 0x40, 0x3f, 0xf9, 0x7,
    0xa2, 0x1, 0xff, 0xc3, 0x15, 0xe0, 0x1, 0xe8,
    0x80, 0x7f, 0xf0, 0xa, 0xba, 0x94, 0x2, 0x3d,
    0x10, 0xf, 0xf2, 0xea, 0x80, 0x7c, 0x6c, 0x1,
    0xfc, 0xf4, 0x0, 0x28, 0x80, 0x6, 0x67, 0x0,
    0xfc, 0xb0, 0x0, 0x8d, 0x73, 0x0, 0x9a, 0x40,
    0x31, 0x80, 0x43, 0x40, 0xb, 0x70, 0xe, 0x79,
    0x0, 0xd3, 0x84, 0x0, 0xb0, 0x4, 0xa0, 0x7,
    0x3c, 0x0, 0x65, 0x60, 0x80, 0x15, 0x2, 0x60,
    0xe, 0x78, 0x0, 0xe5, 0x20, 0x51, 0x70, 0x5,
    0x80, 0x72, 0x40, 0x7, 0xd4, 0x0, 0x4f, 0x0,
    0x20, 0x7, 0xff, 0x9, 0x56, 0x3, 0x0, 0x10,
    0x7, 0xff, 0x8, 0xaa, 0x8a, 0x1, 0xff, 0xca,
    0x30, 0x1, 0x0, 0x7f, 0xf0, 0x8a, 0xa8, 0xbe,
    0x0, 0x40, 0xf, 0xfe, 0x12, 0xac, 0xe, 0x0,
    0xb0, 0xf, 0xfe, 0x15, 0x0, 0x10, 0x54, 0x9,
    0x80, 0x3f, 0xf8, 0xa, 0x40, 0xa2, 0x16, 0x0,
    0x94, 0x0, 0xff, 0x95, 0x82, 0x0, 0x3, 0x40,
    0xb, 0x60, 0xf, 0xca, 0x0, 0x9c, 0x20, 0x9,
    0x60, 0x1, 0x3a, 0xe4, 0x0, 0x27, 0xda, 0x90,
    0x1, 0x80, 0x73, 0xd0, 0x0, 0xa2, 0x0, 0x8,
    0x81, 0x3, 0x20, 0x7, 0xe5, 0xd5, 0x0, 0xfc,
    0xba, 0x80, 0x1f, 0xc5, 0x5d, 0x5e, 0x0, 0xfa,
    0xea, 0x20, 0xe,

    /* U+F0469 "󰑩" */
    0x0, 0xff, 0xe0, 0x94, 0x67, 0x7f, 0x5b, 0x0,
    0x7f, 0xf0, 0x86, 0xb5, 0xc5, 0x54, 0x49, 0x3c,
    0xc0, 0x1f, 0xf1, 0x62, 0xbf, 0x6d, 0xd6, 0x7d,
    0x1c, 0xc8, 0x3, 0xfc, 0x4f, 0xb0, 0xb5, 0xbd,
    0x8e, 0xba, 0xf8, 0x1, 0xff, 0x51, 0x55, 0xa8,
    0xa8, 0xc7, 0x24, 0x28, 0x7, 0xff, 0xa, 0x3f,
    0x2f, 0x71, 0x5c, 0x3, 0xff, 0x87, 0x4e, 0x1,
    0x8e, 0xcc, 0x3, 0xff, 0x8c, 0x22, 0x0, 0xff,
    0xe5, 0x77, 0x28, 0x3, 0xff, 0xfe, 0x1, 0xff,
    0xcf, 0x9d, 0xee, 0xff, 0xe0, 0x80, 0x17, 0xb9,
    0xb2, 0x12, 0xc4, 0x23, 0xff, 0xc1, 0x0, 0x84,
    0x44, 0xd2, 0xe0, 0x1f, 0xfc, 0xa7, 0x10, 0xf,
    0xfe, 0x50, 0x80, 0x6e, 0xe6, 0x80, 0xf7, 0x4,
    0x37, 0xb8, 0x1, 0xff, 0xc0, 0x11, 0x18, 0x0,
    0x44, 0x0, 0x31, 0x10, 0x7, 0xff, 0x63, 0xfd,
    0xc0, 0x3f, 0xe1, 0xe, 0xff, 0x0, 0x7f, 0xf5,
    0x14, 0x3, 0xff, 0x94, 0xb6, 0xa0, 0x1f, 0xfc,
    0x85, 0xb0,

    /* U+F046D "󰑭" */
    0x0, 0xff, 0xf4, 0x1e, 0x98, 0x7, 0xff, 0x38,
    0xf0, 0xb4, 0xc0, 0x3f, 0xf9, 0xb6, 0x0, 0x1d,
    0x30, 0xf, 0xfe, 0x51, 0x4, 0x30, 0x0, 0x74,
    0xc0, 0x3f, 0xf9, 0x7, 0x92, 0x12, 0xc0, 0x1,
    0xd3, 0x0, 0xff, 0xe3, 0xe8, 0xb4, 0x84, 0x98,
    0x0, 0x78, 0x3, 0xff, 0x8f, 0xa0, 0x6, 0x98,
    0x30, 0x0, 0xf0, 0x7, 0xff, 0x10, 0xf0, 0x4d,
    0xc0, 0xc, 0xe0, 0x1, 0xd3, 0x0, 0xff, 0xe1,
    0x96, 0x9e, 0x3b, 0x80, 0x38, 0x74, 0xc0, 0x3f,
    0xf8, 0x84, 0xa0, 0x50, 0x1, 0xc3, 0xa6, 0x1,
    0xff, 0xc3, 0x35, 0xb, 0x40, 0xf, 0xe, 0x98,
    0x7, 0xff, 0xc, 0xf6, 0x98, 0x2c, 0xc0, 0x30,
    0xe9, 0x80, 0x7f, 0xf1, 0x18, 0x42, 0x58, 0x10,
    0x2, 0x1d, 0x30, 0xf, 0xfe, 0x19, 0x2, 0xc8,
    0x2, 0x6d, 0xc0, 0x3, 0xa6, 0x1, 0xff, 0xc3,
    0x3c, 0xb0, 0xe, 0x40, 0x0, 0xe9, 0x80, 0x7f,
    0xf1, 0x3c, 0x53, 0x64, 0x3, 0x87, 0x4c, 0x3,
    0xff, 0x8b, 0xc2, 0x4, 0x1, 0xc3, 0xa6, 0x1,
    0xff, 0xc3, 0x3e, 0x32, 0xc1, 0x0, 0xe1, 0xd3,
    0x0, 0xff, 0xe1, 0x96, 0x8e, 0x19, 0x60, 0x6,
    0x1d, 0x30, 0xf, 0xfe, 0x21, 0x38, 0x3, 0xe,
    0x80, 0x21, 0xd3, 0x0, 0xff, 0xe1, 0x9c, 0x4,
    0x98, 0x3, 0x1c, 0x0, 0x3a, 0x60, 0x1f, 0xfc,
    0x33, 0xc7, 0x96, 0x30, 0xe, 0x1d, 0x30, 0xf,
    0xfe, 0x27, 0x0, 0x1a, 0x40, 0x38, 0x74, 0xc0,
    0x3f, 0xf8, 0xbc, 0x20, 0x1f, 0xe, 0x98, 0x7,
    0xff, 0x18, 0xf4, 0x40, 0x38, 0x74, 0xc0, 0x3f,
    0xf9, 0x7, 0xa2, 0x1, 0xe, 0x98, 0x7, 0xff,
    0x28, 0xf4, 0x40, 0x74, 0xc0, 0x3f, 0xf9, 0x87,
    0xa5, 0xa6, 0x1, 0xff, 0xce, 0x3d, 0x30, 0xf,
    0xfe, 0x50,

    /* U+F0479 "󰑹" */
    0x0, 0xfc, 0xf1, 0x1f, 0xe6, 0x10, 0xf, 0xd7,
    0xe, 0xff, 0xe9, 0xf2, 0x0, 0xf5, 0xa0, 0x7,
    0xff, 0x0, 0x6c, 0x3, 0xad, 0x2, 0x7b, 0x81,
    0x3d, 0xc0, 0x9e, 0xe0, 0x0, 0xc0, 0x35, 0xa0,
    0x0, 0x84, 0x40, 0x42, 0x20, 0x21, 0x10, 0x7,
    0xad, 0x0, 0x3f, 0xf8, 0xf6, 0x80, 0x1f, 0xfc,
    0x7b, 0x40, 0xf, 0xfe, 0x3c, 0xa0, 0x7, 0xba,
    0x20, 0x1d, 0x10, 0xe, 0x88, 0x0, 0x46, 0x1,
    0xf2, 0xbb, 0x81, 0x5d, 0xc0, 0xae, 0xe0, 0xf,
    0xff, 0xf8, 0x7, 0xff, 0xfc, 0x3, 0xff, 0xfe,
    0x1, 0xff, 0xff, 0x0, 0xff, 0xea, 0xe0, 0x7,
    0xff, 0x23, 0x19, 0x80, 0x1f, 0xfc, 0x66, 0x60,
    0x4f, 0xf7, 0x7f, 0xf1, 0x3e, 0x40,

    /* U+F048A "󰒊" */
    0x4a, 0x30, 0xf, 0xfe, 0x7a, 0xe6, 0x14, 0x3,
    0xff, 0x9e, 0x75, 0xd0, 0x20, 0x1f, 0xfc, 0xe1,
    0x7e, 0xa3, 0x0, 0xff, 0xe7, 0xae, 0x61, 0x40,
    0x3f, 0xf9, 0xe7, 0x5d, 0x2, 0x1, 0xff, 0xce,
    0x17, 0xea, 0x30, 0xf, 0xfe, 0x7a, 0xe6, 0x14,
    0x3, 0xff, 0x9e, 0x75, 0xd0, 0x20, 0x1f, 0x2c,
    0xba, 0x10, 0x7, 0xff, 0x8, 0x5f, 0xa8, 0xc0,
    0x38, 0x5a, 0x2f, 0x7f, 0xb2, 0xa1, 0x4c, 0x40,
    0x3f, 0x97, 0x30, 0xa0, 0x1f, 0xc2, 0x6a, 0xf5,
    0x9d, 0xfb, 0x70, 0xc8, 0x40, 0x18, 0xeb, 0xa0,
    0x40, 0x3f, 0xf8, 0x82, 0x1, 0xff, 0xc6, 0x13,
    0x57, 0xac, 0xef, 0xdb, 0x96, 0x42, 0x0, 0xc7,
    0x5d, 0x2, 0x26, 0x8a, 0xdf, 0xec, 0xa8, 0x53,
    0x10, 0xf, 0xe5, 0xcc, 0x28, 0x4, 0xb2, 0xea,
    0x40, 0x1f, 0xfc, 0x21, 0x7e, 0xa3, 0x0, 0xff,
    0xe5, 0x1d, 0x74, 0x8, 0x7, 0xff, 0x29, 0x73,
    0xa, 0x1, 0xff, 0xca, 0x17, 0xea, 0x30, 0xf,
    0xfe, 0x51, 0xd7, 0x40, 0x80, 0x7f, 0xf2, 0x97,
    0x30, 0xa0, 0x1f, 0xfc, 0xa1, 0x7e, 0xa3, 0x0,
    0xff, 0xe5, 0x1d, 0x74, 0x8, 0x7, 0xff, 0x29,
    0x73, 0xa, 0x1, 0xff, 0xcc,

    /* U+F0493 "󰒓" */
    0x0, 0xfe, 0x18, 0x8f, 0x8, 0x7, 0xff, 0x19,
    0xdf, 0xf0, 0x7, 0xff, 0x1b, 0x80, 0x3d, 0xc0,
    0x1f, 0xfc, 0x62, 0x0, 0xf1, 0x0, 0x7f, 0xc2,
    0xe4, 0x1, 0x13, 0x80, 0x79, 0xc8, 0x2, 0x27,
    0x10, 0xd, 0x10, 0xdb, 0x58, 0xd2, 0x0, 0xf1,
    0x6c, 0x2d, 0xec, 0x40, 0x2, 0x36, 0x0, 0x25,
    0x38, 0x7, 0xf9, 0xe9, 0x0, 0xc, 0x60, 0xf,
    0x0, 0xff, 0xe5, 0x78, 0x29, 0x80, 0x7f, 0xf2,
    0x8d, 0x60, 0x3, 0xf8, 0xab, 0x75, 0x44, 0x1,
    0xfd, 0x14, 0x1, 0xf9, 0x75, 0x48, 0x8b, 0xaa,
    0x1, 0xfa, 0x9e, 0xc4, 0x3, 0x86, 0x80, 0x3d,
    0x42, 0x1, 0xc3, 0x6e, 0x9, 0xe0, 0x1c, 0xc0,
    0x1f, 0x98, 0x3, 0xbd, 0x0, 0x21, 0x0, 0xed,
    0x0, 0xfd, 0xa0, 0x1c, 0x20, 0x1f, 0xe3, 0x0,
    0xfc, 0x60, 0x1f, 0xe7, 0x0, 0xec, 0x0, 0xfd,
    0x80, 0x1c, 0xe0, 0x15, 0x40, 0x7, 0x29, 0x80,
    0x78, 0xd4, 0x3, 0xa2, 0x83, 0x14, 0x3, 0xed,
    0x40, 0xc, 0x9a, 0x1, 0xf2, 0xe3, 0x0, 0x7e,
    0x1b, 0xc9, 0x96, 0x58, 0x80, 0x7e, 0x68, 0x0,
    0xff, 0x1b, 0x30, 0xc0, 0x3f, 0xd0, 0x4e, 0x1,
    0xff, 0xca, 0x72, 0x8, 0x10, 0x8, 0x40, 0x3f,
    0xf8, 0x2, 0x1, 0xc, 0x0, 0x56, 0xb, 0x7d,
    0xa8, 0x1, 0xf9, 0x37, 0xad, 0x42, 0xc0, 0x32,
    0xfd, 0x20, 0x15, 0xa0, 0x7, 0x92, 0xc8, 0x12,
    0xbd, 0x40, 0x3f, 0xe2, 0x0, 0xf1, 0x0, 0x7f,
    0xf1, 0xb8, 0x3, 0xdc, 0x1, 0xff, 0xc6, 0x30,
    0xf, 0x18, 0x7, 0xff, 0x19, 0x3b, 0xbc, 0x80,
    0x1f, 0xc0,

    /* U+F04B2 "󰒲" */
    0x0, 0xff, 0xe4, 0x95, 0xdf, 0xd0, 0x1, 0xff,
    0xc9, 0x64, 0x4f, 0xc0, 0x1f, 0xfe, 0x74, 0xff,
    0xb0, 0x2, 0x90, 0xf, 0xfe, 0x60, 0xe8, 0x2,
    0x14, 0x3, 0xfe, 0x55, 0xf9, 0x0, 0x3b, 0x4,
    0x15, 0xc0, 0x3f, 0xe1, 0xaa, 0xfc, 0x1, 0xac,
    0x80, 0xe8, 0x3, 0xff, 0x99, 0x28, 0x5, 0xa0,
    0x1f, 0xfc, 0x11, 0xaa, 0xc2, 0x0, 0x50, 0x1,
    0xb0, 0x0, 0x6a, 0xed, 0x0, 0x1f, 0xf2, 0xad,
    0x82, 0x5, 0x60, 0x7, 0x0, 0x8d, 0x13, 0x0,
    0x7f, 0xf0, 0x5d, 0x80, 0x70, 0x3, 0xff, 0x81,
    0xdf, 0xff, 0x8, 0x4, 0xb0, 0x0, 0xd1, 0x0,
    0x93, 0xff, 0xec, 0x0, 0xff, 0x92, 0x80, 0x16,
    0x60, 0x1f, 0xfc, 0x18, 0x8c, 0x60, 0x1, 0x10,
    0x2, 0x80, 0x5, 0x91, 0x7, 0x0, 0xff, 0x99,
    0xdc, 0x86, 0x0, 0xa0, 0x0, 0x88, 0x0, 0x4e,
    0xf4, 0x80, 0x7f, 0xf0, 0x47, 0x40, 0x10, 0x80,
    0x1f, 0xfc, 0xcd, 0x10, 0x57, 0x0, 0x87, 0xbb,
    0xef, 0x0, 0xff, 0xe0, 0x51, 0x81, 0xd0, 0x7,
    0x8, 0xfe, 0x0, 0xff, 0x9d, 0x40, 0x74, 0x3,
    0xff, 0x9b, 0x20, 0x1, 0xef, 0xf8, 0x40, 0x3f,
    0xfc, 0xee, 0x89, 0xf0, 0x7, 0xff, 0x28,

    /* U+F04C5 "󰓅" */
    0x0, 0xfe, 0x27, 0xbd, 0xff, 0x76, 0x41, 0x80,
    0x7f, 0xf1, 0xe, 0xf6, 0x10, 0x80, 0x2, 0x6f,
    0x9a, 0x60, 0x1f, 0xfc, 0x1a, 0xc4, 0x0, 0x89,
    0x10, 0x40, 0x15, 0x18, 0x4, 0x60, 0x1f, 0xe,
    0x28, 0x1, 0x2b, 0xf6, 0xed, 0xbf, 0x7c, 0xe0,
    0x2, 0xb6, 0x0, 0xfb, 0xc, 0x6, 0xec, 0xa0,
    0x1e, 0x41, 0x1, 0x9d, 0x75, 0x0, 0xf5, 0x10,
    0x1f, 0xa0, 0x7, 0xf9, 0xbd, 0x83, 0xc0, 0x3c,
    0xaa, 0x2, 0xd1, 0x0, 0xfe, 0x4d, 0x91, 0x5,
    0x30, 0xf, 0x40, 0x3, 0xc4, 0x3, 0xf1, 0x5d,
    0x88, 0x2, 0xb0, 0x6, 0x8, 0x1, 0x48, 0x18,
    0x80, 0x3f, 0x46, 0xa0, 0x6, 0x81, 0x6, 0x36,
    0x0, 0x60, 0x2, 0x0, 0x3e, 0x5e, 0x70, 0xe,
    0x27, 0x0, 0x40, 0x58, 0x1, 0xc0, 0xc4, 0x3,
    0xd5, 0x41, 0x0, 0xf4, 0x0, 0x48, 0x6, 0x20,
    0x20, 0x80, 0x1e, 0x75, 0x0, 0xf9, 0x14, 0x2,
    0xc0, 0x1, 0x10, 0x1, 0xe0, 0x1e, 0xb0, 0xf,
    0xd2, 0x1, 0x8c, 0x0, 0xc2, 0x0, 0x10, 0xf,
    0x10, 0x7, 0xcc, 0x40, 0x18, 0x40, 0x21, 0x0,
    0x70, 0x7, 0x94, 0x3, 0xc3, 0x0, 0x1c, 0x20,
    0x11, 0x0, 0x8, 0x3, 0xde, 0x1, 0xe8, 0x10,
    0xe, 0x20, 0x3, 0x1, 0x2, 0x0, 0x79, 0x28,
    0x3, 0x43, 0x0, 0x7a, 0xc0, 0x6, 0x8, 0x2,
    0x80, 0x1e, 0x5f, 0xbb, 0x7b, 0x80, 0x78, 0x8c,
    0x10, 0x1, 0x60, 0x8, 0x0, 0xfc, 0x88, 0x0,
    0xfd, 0x0, 0xe, 0x0, 0x12, 0x81, 0xb0, 0x7,
    0xff, 0x11, 0x14, 0x9, 0x40, 0x28, 0x0, 0x49,
    0x80, 0x7f, 0xf0, 0x8a, 0x80, 0x12, 0x1, 0x8a,
    0x40, 0x1c, 0x1, 0xff, 0xc2, 0x81, 0x7, 0x40,
    0xe, 0x67, 0x7, 0x0, 0xff, 0xe1, 0x68, 0x24,
    0x0, 0x7d, 0x1d, 0x40, 0x1f, 0xfc, 0x27, 0xeb,
    0x0, 0xc0,

    /* U+F04CE "󰓎" */
    0x0, 0xff, 0xee, 0xaa, 0x80, 0x3f, 0xf9, 0xd3,
    0x20, 0xf, 0xfe, 0x69, 0x9e, 0x0, 0xff, 0xe6,
    0x50, 0x2, 0x80, 0x3f, 0xf9, 0x62, 0xc0, 0x6,
    0x10, 0xf, 0xfe, 0x53, 0x0, 0x66, 0x0, 0xff,
    0xe5, 0x48, 0x6, 0x90, 0xf, 0xfe, 0x4a, 0x88,
    0x6, 0x15, 0x0, 0xff, 0xe1, 0x89, 0x22, 0xb4,
    0x0, 0x7a, 0x19, 0x50, 0x84, 0x3, 0xd5, 0xbd,
    0xfd, 0xb7, 0x52, 0x40, 0x1e, 0x29, 0xab, 0xde,
    0xfe, 0xda, 0x0, 0x58, 0x8, 0x7, 0xff, 0x20,
    0x42, 0xc0, 0x3, 0xa8, 0x1, 0xff, 0xc8, 0x4d,
    0x10, 0xd, 0x6a, 0x1, 0xff, 0xc6, 0x5b, 0x0,
    0xfa, 0x9c, 0x3, 0xff, 0x88, 0xf4, 0x1, 0xfd,
    0x12, 0x1, 0xff, 0xc2, 0x98, 0x0, 0xff, 0x9a,
    0xc0, 0x3f, 0xf8, 0x16, 0xc0, 0x1f, 0xfd, 0xdc,
    0x0, 0xff, 0xe0, 0x18, 0x7, 0xff, 0x8, 0xc0,
    0x3f, 0xf8, 0x18, 0x1, 0xff, 0xc2, 0x40, 0xf,
    0xfe, 0x2, 0x0, 0x7f, 0xf0, 0x4c, 0x3, 0x8a,
    0xec, 0x40, 0x1c, 0x60, 0x1f, 0xfc, 0x5, 0x0,
    0xcf, 0xa8, 0x8d, 0x70, 0xc, 0xa0, 0x1f, 0xfc,
    0xc, 0x0, 0x26, 0xc0, 0x6, 0x8d, 0x40, 0x6,
    0x0, 0x7f, 0xf0, 0x10, 0x6a, 0xc8, 0x3, 0xc5,
    0x74, 0x28, 0x1, 0xff, 0xb, 0x72, 0x80, 0x7f,
    0x97, 0x98, 0x40, 0x38,

    /* U+F04DB "󰓛" */
    0xff, 0xff, 0xe2, 0x0, 0x7f, 0xff, 0xc0, 0x3f,
    0xff, 0xe0, 0x1f, 0xff, 0xf0, 0xf, 0xfe, 0x18,

    /* U+F04E2 "󰓢" */
    0x0, 0xe4, 0xa0, 0xf, 0xfe, 0x2a, 0x5a, 0xd8,
    0x7, 0xff, 0xd, 0x2c, 0x0, 0x96, 0x1, 0xff,
    0xc1, 0x4b, 0x0, 0xc9, 0x60, 0x1f, 0xf2, 0x58,
    0x7, 0x92, 0xc0, 0x3f, 0xeb, 0xb4, 0x80, 0x16,
    0xed, 0xe2, 0x1, 0xfc, 0x89, 0x38, 0x0, 0x91,
    0x21, 0x0, 0xff, 0xf8, 0xd5, 0x18, 0x3, 0xff,
    0x88, 0x2a, 0xae, 0x0, 0xff, 0xfc, 0xaa, 0xb4,
    0x3, 0xff, 0x88, 0x35, 0x45, 0x0, 0xff, 0xf8,
    0xa2, 0x60, 0x1, 0xa2, 0x42, 0x1, 0xfe, 0xbb,
    0x50, 0x1, 0x2e, 0xde, 0x20, 0x1f, 0xc9, 0x60,
    0x1e, 0x4b, 0x0, 0xff, 0x92, 0xc0, 0x32, 0x58,
    0x7, 0xff, 0x5, 0x2c, 0x0, 0x96, 0x1, 0xff,
    0xc3, 0x4b, 0x5b, 0x0, 0xc0,

    /* U+F04E6 "󰓦" */
    0x0, 0xff, 0x18, 0x7, 0xff, 0x20, 0xf0, 0x3,
    0xff, 0x8e, 0x78, 0x1, 0xff, 0xc7, 0x3c, 0x0,
    0xff, 0xe3, 0x9e, 0x80, 0x55, 0x2c, 0x20, 0x1f,
    0xfc, 0x1, 0xd1, 0x0, 0x95, 0xa7, 0xa8, 0x80,
    0x3f, 0xc3, 0x20, 0x1f, 0x97, 0x5c, 0x3, 0xfc,
    0xf0, 0x1, 0x7e, 0xc9, 0x80, 0x22, 0x40, 0x3f,
    0xcf, 0x0, 0x11, 0x36, 0x48, 0x1, 0x9c, 0x2,
    0x23, 0x0, 0xe7, 0x80, 0xe, 0x6c, 0x0, 0x41,
    0x0, 0x23, 0xc, 0x3, 0x9e, 0x0, 0x38, 0xe4,
    0x1, 0x0, 0x2a, 0x1e, 0x1, 0xe7, 0x0, 0xf3,
    0x18, 0x28, 0xa0, 0x2, 0xc0, 0x3f, 0xf8, 0x54,
    0x0, 0x7c, 0x0, 0x28, 0x7, 0xff, 0x9, 0x0,
    0x1e, 0x60, 0x2, 0x0, 0xff, 0xe1, 0x10, 0x0,
    0xc0, 0x3f, 0xf9, 0x46, 0x0, 0x20, 0xf, 0xfe,
    0x11, 0x0, 0xf, 0xc0, 0x8, 0x1, 0xff, 0xc2,
    0x50, 0x6, 0x38, 0x2, 0x80, 0x3f, 0xf8, 0x56,
    0x0, 0x41, 0x50, 0x36, 0x0, 0xf3, 0x80, 0x7b,
    0xc1, 0x44, 0x20, 0x1, 0x26, 0x1, 0xd0, 0xe0,
    0x1c, 0x79, 0x0, 0x2, 0x80, 0x6, 0x30, 0x7,
    0x43, 0x80, 0x71, 0x90, 0x4, 0xec, 0x0, 0x9c,
    0x62, 0x0, 0xa1, 0xc0, 0x3f, 0xd3, 0x0, 0x3,
    0x9d, 0xf0, 0xa, 0x1c, 0x3, 0xfc, 0xfa, 0xa0,
    0x1f, 0xa4, 0x40, 0x3f, 0xc5, 0x5d, 0x2c, 0xa0,
    0x10, 0xe8, 0x80, 0x7f, 0xf0, 0x5, 0xa6, 0x80,
    0x2d, 0x30, 0xf, 0xfe, 0x3e, 0x18, 0x7, 0xff,
    0x1f, 0xc, 0x3, 0xff, 0x8f, 0x86, 0x1, 0xfc,

    /* U+F04FE "󰓾" */
    0x0, 0xff, 0xe0, 0x88, 0x80, 0x3f, 0xf9, 0xa3,
    0xdc, 0x80, 0xf, 0xff, 0x38, 0xa8, 0x0, 0x88,
    0x1, 0xff, 0xc8, 0x5c, 0xeb, 0x0, 0x2e, 0xf4,
    0x90, 0x7, 0xff, 0xc, 0xb2, 0x8c, 0x3, 0xc2,
    0xdb, 0x0, 0x1f, 0xfc, 0x14, 0xd3, 0x0, 0x24,
    0x0, 0x11, 0xc8, 0x0, 0xf6, 0x1, 0xff, 0x1d,
    0x80, 0x13, 0xad, 0x80, 0x7, 0x1b, 0x42, 0x9,
    0x60, 0x1f, 0xee, 0x0, 0x3d, 0x88, 0x0, 0x45,
    0xe0, 0x5, 0xf2, 0x4, 0x70, 0xf, 0xce, 0x40,
    0xd0, 0x1, 0xf, 0x71, 0xc0, 0x21, 0xc1, 0x8,
    0x10, 0xf, 0xa8, 0x1, 0x20, 0x1f, 0xfc, 0x1,
    0xb0, 0x4, 0x80, 0x78, 0x88, 0xc, 0x1, 0xff,
    0xc2, 0x51, 0x4, 0x0, 0xd1, 0x10, 0x0, 0xa1,
    0xc0, 0x32, 0x38, 0x6, 0x28, 0x80, 0x0, 0xe2,
    0xc, 0x2e, 0xe5, 0x0, 0x23, 0xc8, 0x6, 0xb8,
    0x70, 0x8, 0x5d, 0xc2, 0x0, 0x77, 0x68, 0x7,
    0xff, 0x4, 0xc0, 0xc0, 0x3f, 0xf8, 0x3, 0xdc,
    0xa0, 0x4, 0x77, 0x80, 0x6c, 0xf4, 0x0, 0x8f,
    0xb8, 0x40, 0x3d, 0xca, 0x1, 0x12, 0x0, 0x30,
    0x44, 0x1, 0xff, 0x8, 0x10, 0x28, 0x8c, 0x1,
    0xa, 0x2, 0x10, 0x7, 0xff, 0x6, 0x40, 0x1c,
    0x1, 0xf7, 0x0, 0x38, 0x3, 0xff, 0x80, 0x6e,
    0x2, 0xa0, 0x1f, 0x2a, 0x1, 0xd0, 0x4, 0x3d,
    0xc7, 0x0, 0x8b, 0x40, 0x16, 0x1, 0xfd, 0x42,
    0xb, 0x84, 0x0, 0x11, 0x78, 0x1, 0xb4, 0x41,
    0x94, 0x3, 0xf8, 0x70, 0x40, 0xf6, 0xd8, 0x0,
    0x71, 0xd2, 0x0, 0x59, 0x0, 0xff, 0x8b, 0xd0,
    0x0, 0x90, 0x0, 0x47, 0x10, 0x4, 0x50, 0x7,
    0xff, 0x4, 0x6e, 0x90, 0x3, 0xc2, 0xfc, 0xe0,
    0x1f, 0xfc, 0x45, 0xbe, 0xb0, 0x2, 0xef, 0x40,
    0x80, 0x7f, 0xf1, 0xc5, 0x40, 0x4, 0x40, 0xf,
    0xff, 0x38, 0xf7, 0x20, 0x3, 0xff, 0x80,

    /* U+F050F "󰔏" */
    0x0, 0xe3, 0x66, 0x10, 0x7, 0xf4, 0xe4, 0xcb,
    0x64, 0x3, 0xe7, 0x60, 0xc, 0xce, 0x1, 0xea,
    0x0, 0x5d, 0x80, 0x14, 0x1, 0xe2, 0x4, 0x4c,
    0x4, 0x1, 0xf8, 0x40, 0x2, 0x1, 0xff, 0xda,
    0x78, 0x83, 0x80, 0x7f, 0x89, 0xdc, 0x40, 0x1f,
    0xff, 0xf0, 0x3, 0x80, 0x7e, 0x70, 0x9, 0x60,
    0x3, 0xf4, 0x28, 0x2, 0xc0, 0x3f, 0xd6, 0xa,
    0x20, 0x1f, 0xe1, 0x5c, 0x0, 0xff, 0xe0, 0x61,
    0x80, 0x7f, 0xf0, 0xc, 0xc0, 0x1f, 0xfc, 0x2,
    0xc0, 0xf, 0xfe, 0x6, 0x29, 0x0, 0x7f, 0x89,
    0x2, 0x40, 0x3f, 0xd2, 0x0, 0x4a, 0x0, 0xfd,
    0x48, 0x1, 0x2f, 0x30, 0x80, 0x5, 0xb9, 0x40,
    0x38, 0x67, 0xbf, 0xdd, 0x22, 0x1, 0x0,

    /* U+F0510 "󰔐" */
    0x0, 0xff, 0x13, 0x30, 0x80, 0x3f, 0xe2, 0x2e,
    0x0, 0xd3, 0xb3, 0x2d, 0x90, 0xc, 0x45, 0xc1,
    0x9b, 0xb9, 0x40, 0xe, 0xc0, 0x19, 0x98, 0x0,
    0x5d, 0xde, 0x10, 0xf, 0xd4, 0x0, 0xbb, 0x0,
    0x2c, 0x3, 0xfa, 0x23, 0x9c, 0x0, 0x40, 0x89,
    0x80, 0x80, 0xf, 0x11, 0xc2, 0xce, 0xf8, 0x80,
    0x30, 0x80, 0x4, 0x3, 0x13, 0xbf, 0x0, 0x7f,
    0xf3, 0xb7, 0xbb, 0x20, 0x7, 0xff, 0x1, 0x3b,
    0xb8, 0x4c, 0x47, 0x80, 0x33, 0xb3, 0x1c, 0x3,
    0x8, 0xf8, 0x3, 0xfe, 0x29, 0x91, 0x0, 0x7f,
    0xdd, 0xff, 0x94, 0x3, 0xff, 0x80, 0xbf, 0xfc,
    0x20, 0x1f, 0xfc, 0xd4, 0x55, 0xc2, 0x1, 0xff,
    0xc0, 0x15, 0x5e, 0xa, 0xae, 0x40, 0xf, 0xfe,
    0x2, 0x55, 0x70, 0x80, 0x61, 0x40, 0xf, 0xfe,
    0x2, 0x8, 0x7, 0x55, 0x6c, 0x10, 0x30, 0xf,
    0xc6, 0x3, 0x95, 0x58, 0x51, 0x56, 0x20, 0x3c,
    0x0, 0xfd, 0xa4, 0x4, 0xab, 0x80, 0x3e, 0xf0,
    0xf, 0xe1, 0xe0, 0xf, 0xbb, 0xfc, 0x0, 0x33,
    0x0, 0x7f, 0x8d, 0x0, 0x1d, 0xfe, 0x10, 0x1,
    0x0, 0x2c, 0x3, 0xff, 0x81, 0x80, 0x5, 0x0,
    0x91, 0xa, 0x0, 0x10, 0xf, 0xfe, 0x0, 0x80,
    0x35, 0x10, 0x35, 0x70, 0x1, 0xff, 0xc6, 0x6b,
    0xb0, 0x7, 0xb0, 0x3, 0xff, 0x81, 0x80, 0x1f,
    0xf2, 0x8, 0x7, 0xf8, 0x54, 0x3, 0xfe, 0x18,
    0x0, 0xff, 0x40, 0x7, 0xff, 0x5, 0x9c, 0x3,
    0xf3, 0xb0, 0x7, 0xff, 0xa, 0x2c, 0x80, 0x31,
    0xdc, 0x0, 0x7f, 0xf1, 0x13, 0x75, 0x76, 0xec,
    0x40, 0xf, 0xe0,

    /* U+F051F "󰔟" */
    0x88, 0xff, 0xe2, 0x3b, 0xff, 0xf1, 0x0, 0x3f,
    0xf8, 0xc9, 0xdd, 0xfe, 0x40, 0xe, 0x11, 0xff,
    0x0, 0x7e, 0x33, 0xe1, 0x0, 0xff, 0x6e, 0x66,
    0x60, 0xf, 0xf6, 0x80, 0x48, 0xe0, 0x1c, 0x40,
    0x8c, 0x7, 0x80, 0x96, 0x0, 0x64, 0x2, 0xf1,
    0x9, 0x60, 0x3c, 0xb0, 0x3, 0x48, 0x16, 0x16,
    0x8, 0x4b, 0x1, 0x80, 0x1a, 0x40, 0xf0, 0x40,
    0xb0, 0x42, 0x58, 0x0, 0xd2, 0x7, 0xa2, 0x1,
    0x16, 0x80, 0x25, 0x99, 0x20, 0x78, 0x20, 0x1c,
    0x78, 0x0, 0x99, 0x1, 0xe0, 0x7, 0xea, 0x0,
    0x18, 0x0, 0xd0, 0x3, 0xe8, 0x60, 0x3c, 0xc0,
    0x85, 0xa0, 0x7, 0x43, 0x81, 0xe0, 0x1e, 0x88,
    0x5a, 0x80, 0x4e, 0xe0, 0x3d, 0x0, 0x8f, 0x4,
    0x29, 0x41, 0xa0, 0xb, 0x44, 0x3, 0x16, 0x8,
    0x53, 0x48, 0xe, 0x8, 0x7, 0x8b, 0xc4, 0x24,
    0x0, 0xa2, 0x1, 0xf8, 0x54, 0x3, 0xff, 0xd0,
    0xd1, 0x1f, 0xe6, 0x0, 0xc4, 0xef, 0xfe, 0x20,
    0xf, 0xfe, 0x37, 0x77, 0xff, 0x10,

    /* U+F054C "󰕌" */
    0x21, 0x0, 0xff, 0xe7, 0x36, 0x80, 0x7f, 0x84,
    0xd0, 0xc8, 0x3, 0xff, 0x80, 0x78, 0x1, 0xe4,
    0x9e, 0xe6, 0x5e, 0x6f, 0xe3, 0x80, 0x7f, 0x8f,
    0x0, 0x24, 0xcb, 0x61, 0x0, 0xf1, 0xc7, 0xc0,
    0x7, 0xf1, 0xe0, 0xd5, 0x98, 0x7, 0xff, 0x1,
    0xf4, 0x80, 0x3f, 0x1f, 0x28, 0x4, 0x4f, 0x9d,
    0xfd, 0xb2, 0x80, 0x11, 0x6a, 0x0, 0x7f, 0xc3,
    0x5b, 0x6, 0x20, 0x24, 0xd7, 0xa6, 0x1, 0x59,
    0x80, 0x7f, 0xb1, 0x40, 0x3f, 0x8b, 0x1c, 0x2,
    0xd1, 0x0, 0xfe, 0xe0, 0xf, 0xfe, 0x4, 0x40,
    0x0, 0x36, 0x1, 0xfc, 0x78, 0x1, 0xff, 0xc0,
    0x75, 0x0, 0x29, 0x80, 0x7f, 0x1e, 0x0, 0x7f,
    0xf0, 0x2c, 0x40, 0x14, 0x1, 0xfe, 0x3c, 0x10,
    0xf, 0xf0, 0xb0, 0x1f, 0xad, 0xdf, 0xfa, 0xc,
    0x3, 0xfe, 0x9e, 0xc6,

    /* U+F0553 "󰕓" */
    0x0, 0xfe, 0x40, 0xf, 0xfe, 0x31, 0x5d, 0x80,
    0x3f, 0xf8, 0xbc, 0x8, 0xe0, 0x1f, 0xfc, 0x37,
    0x30, 0x4, 0x20, 0x7, 0xff, 0x4, 0xe0, 0x3,
    0x51, 0x0, 0x7f, 0xf0, 0x2d, 0x48, 0x0, 0x88,
    0x50, 0xf, 0xfe, 0x4, 0x52, 0x80, 0x2a, 0x8e,
    0x1, 0xff, 0xcf, 0x3c, 0xe9, 0x10, 0xf, 0xce,
    0xfc, 0x44, 0xc3, 0x16, 0xa0, 0xf, 0xd1, 0x1c,
    0xd4, 0x1, 0x90, 0x40, 0x3f, 0xf8, 0x22, 0x1,
    0xc6, 0x1, 0xff, 0xc1, 0xd0, 0xc, 0x44, 0x0,
    0xff, 0xe0, 0xa4, 0x80, 0x7, 0xc0, 0x3f, 0x8,
    0x4, 0x20, 0x6, 0x0, 0x21, 0x0, 0x7e, 0xe4,
    0x0, 0x72, 0x0, 0x7f, 0xf3, 0x12, 0xaa, 0x50,
    0x5, 0x56, 0x50, 0xf, 0x20, 0xa, 0xac, 0x40,
    0x4, 0x55, 0x84, 0x14, 0x3, 0x52, 0x0, 0x7f,
    0xf0, 0x16, 0xc0, 0x30, 0xdf, 0xfe, 0x70, 0x7,
    0x7f, 0xea, 0x10, 0xf, 0xff, 0xc9, 0xb0, 0x2,
    0xc0, 0x3f, 0xf8, 0x7a, 0x20, 0x5, 0x60, 0xf,
    0xfe, 0x9, 0x8, 0x6, 0xc0, 0xf, 0xfe, 0x9,
    0x0, 0x71, 0x0, 0x7f, 0xf0, 0xa0, 0x2, 0x19,
    0x0, 0xff, 0xe1, 0x3d, 0xb4, 0x78, 0x80, 0x7c,

    /* U+F0566 "󰕦" */
    0x0, 0xfc, 0x9d, 0xff, 0xff, 0xc0, 0xe4, 0x0,
    0xff, 0xe2, 0x50, 0x80, 0x7f, 0xf0, 0x6, 0x80,
    0x3f, 0xf8, 0x82, 0x2, 0xab, 0xfe, 0x10, 0x10,
    0xf, 0xfe, 0x32, 0x55, 0x7f, 0x90, 0x3, 0xff,
    0xc4, 0xee, 0x50, 0xf, 0xfe, 0x32, 0xbb, 0x80,
    0x3f, 0x44, 0x3c, 0x3, 0xff, 0x8d, 0xf1, 0x0,
    0xf, 0xfe, 0xc6, 0x62, 0x0, 0x3f, 0xf9, 0xd1,
    0x98, 0x33, 0x10, 0x7, 0xff, 0x38, 0x8c, 0xc0,
    0x1f, 0xff, 0xf0, 0xf, 0xff, 0xf8, 0x7, 0xff,
    0x7b, 0x31, 0x0, 0x1f, 0xfc, 0xe8, 0xcc, 0x19,
    0x88, 0x3, 0xff, 0x9c, 0x46, 0x60, 0xc, 0x22,
    0x30, 0xf, 0xfe, 0x31, 0x88, 0x80, 0x3f, 0x77,
    0x24, 0x3, 0xff, 0x8d, 0x3d, 0xc0, 0xf, 0xff,
    0x12, 0x55, 0x7f, 0x90, 0x3, 0xff, 0x8c, 0x20,
    0x2a, 0xbf, 0xe1, 0x1, 0x0, 0xff, 0xe2, 0x50,
    0x80, 0x7f, 0xf0, 0x6, 0x80, 0x3f, 0x0,

    /* U+F0567 "󰕧" */
    0xaf, 0xff, 0xfe, 0x2a, 0x80, 0x72, 0x80, 0x7f,
    0xf1, 0x7c, 0x3, 0x60, 0x7, 0xff, 0x2b, 0xc,
    0x3, 0xff, 0x93, 0x86, 0x1, 0xff, 0xc9, 0xc3,
    0x0, 0xff, 0xe4, 0xe, 0x18, 0x7, 0xff, 0x25,
    0xc, 0x3, 0xff, 0xfe, 0x1, 0xff, 0xc7, 0x43,
    0x0, 0xff, 0xe5, 0xe, 0x18, 0x7, 0xff, 0x2f,
    0xc, 0x3, 0xff, 0x97, 0x86, 0x1, 0xff, 0xcb,
    0xc3, 0x50, 0xf, 0xfe, 0x2f, 0x80, 0x6c,

    /* U+F0568 "󰕨" */
    0x0, 0x8, 0x7, 0xff, 0x31, 0xf8, 0xc0, 0x3f,
    0xf9, 0x43, 0x1, 0x86, 0x1, 0xff, 0xc9, 0x1c,
    0x0, 0x61, 0x80, 0x7f, 0xf2, 0x4f, 0x0, 0x18,
    0x60, 0x1f, 0xfc, 0x93, 0xc0, 0x6, 0x18, 0x7,
    0xff, 0x22, 0xb0, 0x2, 0xc3, 0x0, 0x3f, 0xff,
    0xe5, 0x0, 0xf9, 0x40, 0x3b, 0xc, 0x1e, 0x0,
    0x3e, 0xf0, 0xd, 0x80, 0x1f, 0xd8, 0x60, 0xf0,
    0x1, 0xfe, 0xc3, 0x0, 0xff, 0x61, 0x83, 0xc0,
    0x7, 0xec, 0x30, 0xf, 0xfe, 0x6, 0x18, 0x3c,
    0x0, 0x7b, 0xc, 0x3, 0xff, 0x85, 0x86, 0xf,
    0x0, 0x10, 0xe1, 0x80, 0x7f, 0xf1, 0x30, 0xc1,
    0xe0, 0x0, 0x86, 0x1, 0xff, 0xc6, 0xc3, 0x7,
    0x80, 0xf, 0xfe, 0x56, 0x18, 0x3c, 0x0, 0x7f,
    0xf2, 0xb0, 0xc1, 0xe0, 0x3, 0xff, 0x95, 0x86,
    0xf, 0x0, 0x1f, 0xfc, 0xac, 0x30, 0x78, 0x0,
    0xff, 0xe5, 0x61, 0x83, 0xc0, 0x7, 0xff, 0x2b,
    0xc, 0x1e, 0x0, 0x3f, 0xf9, 0x58, 0x60, 0xf0,
    0x0, 0x50, 0xf, 0xfe, 0x20, 0x80, 0x30, 0xc1,
    0xc0, 0x15, 0xff, 0xff, 0xc4, 0xec, 0x0, 0x61,
    0x80, 0x7f, 0xf2, 0x4f, 0x0, 0x18, 0x60, 0x1f,
    0xfc, 0x93, 0xc0, 0x4, 0x0, 0x7f, 0xf2, 0x8f,
    0x12, 0xc0,

    /* U+F056E "󰕮" */
    0xff, 0xff, 0x50, 0x2, 0xbf, 0xff, 0xc0, 0x1f,
    0xff, 0xf0, 0xf, 0xff, 0xf8, 0x7, 0xff, 0x4e,
    0xbf, 0xff, 0xc0, 0x1f, 0xfd, 0x93, 0x44, 0xff,
    0x0, 0x7f, 0xf0, 0x66, 0xef, 0xfc, 0x1, 0xff,
    0xcc, 0xbb, 0xff, 0x48, 0x7, 0xff, 0x5, 0x13,
    0xfc, 0x60, 0x1f, 0xfd, 0x9f, 0xff, 0xf5, 0x0,
    0x7f, 0xff, 0xc0, 0x3f, 0xff, 0xe0, 0x1f, 0xfd,
    0x30,

    /* U+F0570 "󰕰" */
    0xff, 0xff, 0x50, 0x2, 0xbf, 0xff, 0xc0, 0x1f,
    0xff, 0xf0, 0xf, 0xff, 0xf8, 0x7, 0xff, 0xd9,
    0x57, 0xfd, 0xa0, 0xd, 0x55, 0xff, 0x55, 0x7f,
    0x9c, 0x0, 0xf5, 0x5f, 0xe0, 0xf, 0xfe, 0x65,
    0x57, 0xf9, 0xc0, 0xf, 0x55, 0xfe, 0x55, 0xff,
    0x68, 0x3, 0x55, 0x7f, 0xc0, 0x1f, 0xff, 0xf0,
    0xf, 0xff, 0xf8, 0x7, 0xff, 0xd8,

    /* U+F0572 "󰕲" */
    0x44, 0xe2, 0x4, 0x4f, 0xfe, 0x25, 0x5d, 0xe5,
    0x1b, 0xbf, 0xfe, 0x1d, 0x0, 0x7f, 0xff, 0xc0,
    0x3f, 0xf8, 0xbd, 0xff, 0x9c, 0x7f, 0xff, 0xf8,
    0x7c, 0xce, 0xf8, 0xc1, 0xdf, 0xff, 0x86, 0xd1,
    0x1c, 0x83, 0x11, 0xff, 0xc4, 0x0, 0xff, 0xfc,
    0x98, 0x8f, 0x0, 0x8f, 0xff, 0xc, 0xf7, 0xbb,
    0x30, 0xf7, 0x7f, 0xf0, 0xf7, 0xbf, 0xf3, 0x8f,
    0xff, 0xff, 0xf, 0x80, 0x3f, 0xff, 0xe0, 0x1f,
    0xfc, 0x5a, 0xbb, 0xca, 0x37, 0x7f, 0xfc, 0x3a,

    /* U+F057E "󰕾" */
    0x0, 0xff, 0xe1, 0x1b, 0x88, 0x7, 0xff, 0x18,
    0xc0, 0xf, 0x1d, 0x22, 0x1, 0xff, 0xc3, 0x3c,
    0x0, 0xe6, 0xf4, 0x0, 0xff, 0xe0, 0x9e, 0x0,
    0x49, 0x24, 0x3, 0x6a, 0x1, 0xff, 0x1e, 0x0,
    0x73, 0x6b, 0x80, 0x29, 0x0, 0x3f, 0x8f, 0x0,
    0x3f, 0x44, 0x80, 0x28, 0x40, 0x3e, 0x3c, 0x0,
    0xf0, 0x80, 0x4c, 0xe0, 0x30, 0x1, 0xe3, 0xc0,
    0xf, 0x97, 0x4, 0x1, 0x4, 0xc, 0x3f, 0xfd,
    0x80, 0x1f, 0xc7, 0xa0, 0x15, 0x80, 0x18, 0x3,
    0xff, 0x88, 0x6c, 0x0, 0x60, 0x6, 0x0, 0x7f,
    0xf1, 0x68, 0x2, 0x20, 0x50, 0xf, 0xfe, 0x29,
    0x0, 0x4c, 0x2, 0x1, 0xff, 0xdd, 0x20, 0x9,
    0x80, 0x40, 0x3f, 0xf8, 0xb4, 0x1, 0x10, 0x28,
    0x7, 0xff, 0x10, 0xd8, 0x0, 0xc0, 0xc, 0xff,
    0xec, 0x0, 0xfe, 0x3d, 0x0, 0xac, 0x0, 0xc0,
    0x1c, 0x78, 0x1, 0xf2, 0xe0, 0x80, 0x20, 0x81,
    0x84, 0x3, 0xc7, 0x80, 0x1e, 0x10, 0x9, 0x5c,
    0x6, 0x0, 0x3f, 0x1e, 0x0, 0x7e, 0x8a, 0x0,
    0x50, 0x80, 0x7f, 0x1e, 0x0, 0x73, 0x6b, 0x80,
    0x29, 0x0, 0x3f, 0xe3, 0xc0, 0x9, 0x24, 0x80,
    0x6d, 0x40, 0x3f, 0xf8, 0x27, 0x80, 0x1c, 0xde,
    0x80, 0x1f, 0xfc, 0x33, 0x0, 0x3c, 0x74, 0x88,
    0x7, 0x0,

    /* U+F0580 "󰖀" */
    0x0, 0xff, 0xe0, 0x18, 0x7, 0xff, 0x15, 0x34,
    0x3, 0xff, 0x88, 0x96, 0x1, 0xff, 0xc4, 0x4b,
    0x0, 0xff, 0xe2, 0x25, 0x80, 0x7f, 0xf1, 0x12,
    0xc0, 0x3c, 0x20, 0x1f, 0xc9, 0x60, 0x1f, 0x35,
    0x88, 0xf, 0xff, 0x58, 0x7, 0xf2, 0x50, 0x7,
    0xff, 0x19, 0x14, 0x3, 0xff, 0x8d, 0xc0, 0x1f,
    0xfc, 0x66, 0x0, 0xff, 0xec, 0xb0, 0x7, 0xff,
    0x1b, 0x80, 0x3f, 0xf8, 0xa8, 0xa3, 0xff, 0xd6,
    0x1, 0xfc, 0x96, 0x1, 0xf2, 0x58, 0x7, 0xcd,
    0x60, 0x1f, 0xc9, 0x60, 0x1e, 0x10, 0xf, 0xf9,
    0x2c, 0x3, 0xff, 0x8c, 0x96, 0x1, 0xff, 0xc6,
    0x4b, 0x0, 0xff, 0xe3, 0x26, 0x80, 0x78,

    /* U+F0581 "󰖁" */
    0xb, 0x30, 0xf, 0xf8, 0xdc, 0x40, 0x3e, 0xb4,
    0xc3, 0x0, 0xf8, 0xc0, 0xf, 0x1d, 0x22, 0x1,
    0xd0, 0x0, 0xc3, 0x0, 0xe3, 0xc0, 0xe, 0x6f,
    0x40, 0xc, 0x78, 0x0, 0xc3, 0x0, 0x8f, 0x0,
    0x24, 0x92, 0x1, 0xb5, 0x0, 0xc7, 0x80, 0xc,
    0x30, 0x2, 0x80, 0x73, 0x6b, 0x80, 0x29, 0x0,
    0x31, 0xe0, 0x3, 0xc, 0x1a, 0x0, 0x3d, 0x12,
    0x0, 0xa1, 0x0, 0xc7, 0x80, 0xc, 0x30, 0x78,
    0x0, 0x8, 0x4, 0xce, 0x3, 0x0, 0x1c, 0x78,
    0x0, 0xc3, 0x7, 0x0, 0x2e, 0x8, 0x2, 0x8,
    0x18, 0x7f, 0xfb, 0x0, 0x2c, 0x30, 0xc, 0x7a,
    0x1, 0x58, 0x1, 0x80, 0x3f, 0xd8, 0x60, 0x7,
    0x3, 0x60, 0x3, 0x0, 0x30, 0x3, 0xfe, 0xc3,
    0x3, 0x90, 0xa0, 0x8, 0x81, 0x40, 0x3f, 0xf8,
    0x18, 0x60, 0xd2, 0x40, 0x13, 0x0, 0x80, 0x7f,
    0xf0, 0x70, 0xc1, 0xac, 0x3, 0xff, 0x91, 0x86,
    0xa, 0x1, 0x30, 0x8, 0x7, 0xff, 0x3, 0x0,
    0x18, 0x60, 0x10, 0x90, 0x28, 0x7, 0xff, 0x0,
    0xf0, 0x1, 0x86, 0x0, 0x20, 0x6, 0x7f, 0xf6,
    0x0, 0x7c, 0x78, 0x0, 0xc3, 0x3, 0x90, 0x60,
    0xe, 0x3c, 0x0, 0xf8, 0xf0, 0x1, 0x86, 0xd,
    0x82, 0x1, 0xe3, 0xc0, 0xf, 0x8f, 0x0, 0x18,
    0x60, 0x60, 0x1f, 0x8f, 0x0, 0x3e, 0x35, 0x0,
    0x61, 0x80, 0x7f, 0x8f, 0x0, 0x39, 0xb5, 0x40,
    0x2c, 0x30, 0xf, 0xf1, 0xe0, 0x4, 0x92, 0x40,
    0x30, 0x0, 0xc3, 0x0, 0xff, 0x1e, 0x0, 0x73,
    0x7b, 0xe0, 0x2, 0x0, 0x3f, 0xe3, 0x0, 0x3c,
    0x74, 0x88, 0x1e, 0x25, 0x80,

    /* U+F058C "󰖌" */
    0x0, 0xf8, 0xcc, 0x1, 0xff, 0xc1, 0x1d, 0xd0,
    0x80, 0x7f, 0xf0, 0x34, 0x45, 0x40, 0x1f, 0xf4,
    0x18, 0x1, 0x20, 0x3, 0xf9, 0x1c, 0x3, 0x3a,
    0x0, 0x7c, 0x34, 0x1, 0xea, 0x10, 0xf, 0x58,
    0x80, 0x78, 0x6c, 0x3, 0x91, 0x40, 0x3f, 0x2a,
    0x0, 0x69, 0x0, 0xff, 0x48, 0x4, 0xc4, 0x1,
    0xfe, 0x26, 0x0, 0x58, 0x7, 0xff, 0x2, 0xc1,
    0x8, 0x3, 0xff, 0x80, 0x49, 0xc0, 0x1f, 0xfc,
    0x2e, 0x70, 0xf, 0xfe, 0x13, 0x90, 0x7, 0xff,
    0x8, 0x80, 0x3f, 0xf8, 0x86, 0x1, 0xff, 0xc2,
    0x3b, 0x0, 0xff, 0xe1, 0x5b, 0x8, 0x7, 0xff,
    0x0, 0x58, 0x68, 0x3, 0xff, 0x81, 0x42, 0x9,
    0x20, 0x1f, 0xe9, 0x40, 0x9, 0xb0, 0x80, 0x3c,
    0x58, 0xc0, 0x1c, 0x7b, 0x6e, 0xaa, 0x7b, 0xd3,
    0x0, 0x80,

    /* U+F05A1 "󰖡" */
    0x0, 0xff, 0x92, 0xff, 0xd8, 0xc0, 0x1f, 0xfc,
    0x98, 0xb4, 0x0, 0x1c, 0xd8, 0x7, 0xff, 0x1d,
    0x9c, 0x0, 0x66, 0x0, 0x24, 0x0, 0x7f, 0xf1,
    0xa0, 0x1, 0x79, 0x8d, 0x10, 0x71, 0x0, 0xff,
    0xe2, 0x10, 0x83, 0x20, 0x0, 0xa0, 0x0, 0xa0,
    0x1f, 0xfc, 0x41, 0x0, 0x70, 0x6, 0x20, 0x0,
    0x80, 0x7f, 0xf1, 0x8, 0x1, 0x80, 0x1b, 0x0,
    0xc, 0x1, 0xff, 0xc4, 0x13, 0x4, 0x91, 0x13,
    0xb8, 0x4, 0xc0, 0x3f, 0xf8, 0xd, 0xdf, 0xf1,
    0x80, 0x1b, 0xb9, 0x0, 0x1, 0xff, 0xba, 0x0,
    0x3e, 0x49, 0x10, 0xf, 0xfe, 0x20, 0xbb, 0x0,
    0x7b, 0x80, 0x3f, 0xf9, 0x14, 0x1, 0xe4, 0x0,
    0xff, 0xe4, 0x18, 0x80, 0x62, 0x10, 0xf, 0xfe,
    0x4a, 0x80, 0x64, 0x0, 0xff, 0xe5, 0x60, 0x6,
    0xc0, 0xf, 0xfe, 0x52, 0x0, 0x64, 0x0, 0xff,
    0xe5, 0x18, 0x80, 0x8, 0x40, 0x3f, 0xf9, 0x6a,
    0x0, 0x40, 0xf, 0xfe, 0x66, 0x0, 0x30, 0x3,
    0xff, 0x98, 0x80, 0x4, 0x0, 0xff, 0xe6, 0x18,
    0x8, 0x80, 0x3f, 0xf9, 0xa8, 0x60, 0x1f, 0xfc,
    0xe1, 0x21, 0x0, 0xff, 0xe6, 0xa0, 0x61, 0x80,
    0x7f, 0xf2, 0x8a, 0xc4,

    /* U+F05A9 "󰖩" */
    0x0, 0xfc, 0x2b, 0x37, 0xbf, 0xfb, 0x6e, 0x54,
    0x40, 0x3f, 0xf8, 0x22, 0xd9, 0xd4, 0xc8, 0x40,
    0x18, 0x91, 0xab, 0xb1, 0x84, 0x3, 0xf0, 0xc7,
    0x49, 0x80, 0x7f, 0xf0, 0x8e, 0x7a, 0x4, 0x3,
    0x9f, 0x9c, 0x3, 0xff, 0x90, 0xfc, 0xe0, 0x1,
    0xc8, 0x0, 0xf1, 0xbd, 0x6f, 0x7f, 0xbb, 0x69,
    0xcc, 0x3, 0xd1, 0x82, 0x30, 0x6, 0x17, 0xec,
    0x85, 0x21, 0x0, 0x9, 0x2c, 0x67, 0x38, 0x80,
    0x61, 0x10, 0x78, 0x5, 0x3d, 0x2, 0x1, 0xff,
    0xc0, 0x18, 0xe9, 0x0, 0xbc, 0x0, 0x54, 0xbc,
    0xc0, 0x1f, 0xfc, 0x66, 0xe5, 0xa2, 0x0, 0x96,
    0x84, 0x3, 0x92, 0x33, 0xbf, 0xdd, 0x90, 0x80,
    0x1c, 0x34, 0xa0, 0x1f, 0xc5, 0x1f, 0x6e, 0x62,
    0x0, 0x13, 0x7b, 0xe8, 0x20, 0xf, 0xfe, 0xc,
    0x6b, 0x80, 0x7f, 0xc2, 0xfb, 0x0, 0x1f, 0xf2,
    0xb8, 0x7, 0xff, 0x11, 0xd4, 0x3, 0xfc, 0xac,
    0x1, 0xb, 0xdf, 0x7f, 0xba, 0xdc, 0x40, 0x26,
    0x50, 0xf, 0xfa, 0x48, 0x6b, 0xa1, 0x4, 0x0,
    0x29, 0x1d, 0x42, 0x52, 0x1, 0xff, 0xc1, 0xce,
    0x50, 0xf, 0xf2, 0xf6, 0x0, 0x7f, 0xf0, 0x84,
    0x3, 0xff, 0x84, 0x20, 0x1f, 0xfc, 0x62, 0x9d,
    0xff, 0x6c, 0x90, 0x7, 0xff, 0x25, 0xf5, 0x88,
    0x0, 0x4d, 0xae, 0x1, 0xff, 0xc8, 0x50, 0xf,
    0xca, 0x1, 0xff, 0xc8, 0x29, 0x0, 0xf4, 0x90,
    0x7, 0xff, 0x25, 0x94, 0x3, 0x2b, 0x0, 0x7f,
    0xf2, 0xe8, 0x80, 0x5, 0x40, 0x1f, 0xfc, 0xdf,
    0x0, 0x78, 0x7, 0xff, 0x38, 0xa6, 0x44, 0x1,
    0xff, 0xc1,

    /* U+F05AA "󰖪" */
    0x7, 0x80, 0xe, 0x15, 0x8b, 0xde, 0xff, 0xb6,
    0xe5, 0x44, 0x3, 0xf3, 0x43, 0xc0, 0x5, 0x5d,
    0x4e, 0x84, 0x20, 0x11, 0x23, 0x57, 0x63, 0x8,
    0x7, 0x39, 0x83, 0xc0, 0x2, 0x4, 0x3, 0xff,
    0x82, 0x73, 0xd0, 0x20, 0x10, 0xe8, 0x83, 0xc0,
    0x16, 0x8, 0x7, 0xff, 0xd, 0xf9, 0xc0, 0x3,
    0xa2, 0x0, 0x78, 0x2, 0xc7, 0xad, 0xef, 0xf7,
    0x6d, 0x39, 0x80, 0x7a, 0x30, 0x46, 0x0, 0xcf,
    0x0, 0x50, 0xa4, 0x20, 0x1, 0x25, 0x8c, 0xe7,
    0x10, 0xc, 0x22, 0xf, 0x0, 0x9, 0x3, 0xc0,
    0x7, 0xff, 0x0, 0x63, 0xa4, 0x2, 0xf0, 0x1,
    0x52, 0xfe, 0x18, 0x3c, 0x0, 0x7f, 0xf0, 0x9b,
    0x96, 0x88, 0x2, 0x5a, 0x11, 0x69, 0x83, 0xc0,
    0x0, 0xbb, 0xfb, 0x25, 0x0, 0x38, 0x69, 0x40,
    0x3f, 0xf, 0x0, 0x1e, 0x0, 0xb0, 0x44, 0x6d,
    0x7f, 0x4, 0x1, 0xff, 0xc1, 0x8d, 0x0, 0x9e,
    0x0, 0xb0, 0x40, 0x33, 0xec, 0x0, 0x7f, 0xca,
    0xe0, 0x1c, 0xf0, 0x5, 0x82, 0x1, 0xce, 0xa0,
    0x1f, 0xe5, 0x60, 0x8, 0x48, 0x1e, 0x0, 0xb1,
    0x84, 0x2, 0x65, 0x0, 0xff, 0xa4, 0x86, 0x7b,
    0xc, 0x1e, 0x0, 0xa7, 0xa8, 0x4a, 0x40, 0x3f,
    0xf8, 0x39, 0xcc, 0x3, 0x86, 0xf, 0x0, 0x12,
    0xf6, 0x0, 0x7f, 0xf0, 0x84, 0x3, 0xb0, 0xc1,
    0xe0, 0x3, 0x8, 0x7, 0xff, 0x18, 0xa7, 0x4c,
    0x0, 0xf0, 0x1, 0xff, 0xc9, 0x7d, 0x62, 0x0,
    0xcf, 0x0, 0x1f, 0xfc, 0x85, 0x0, 0xfc, 0xf0,
    0x1, 0xff, 0xc7, 0x29, 0x0, 0xf0, 0x83, 0xc0,
    0x7, 0xff, 0x1d, 0x94, 0x3, 0x37, 0x98, 0x3c,
    0x0, 0x7f, 0xf1, 0xe8, 0x80, 0x5, 0x23, 0xa6,
    0xe, 0xe0, 0xf, 0xfe, 0x3f, 0x80, 0x3c, 0x0,
    0x3a, 0x61, 0x22, 0x1, 0xff, 0xc6, 0x29, 0xa2,
    0x0, 0x87, 0x53, 0x44, 0x3, 0x80,

    /* U+F05CA "󰗊" */
    0x0, 0xfe, 0x24, 0x40, 0x7, 0xff, 0x3e, 0xae,
    0xc2, 0x1, 0xff, 0xe3, 0x9a, 0xaf, 0xca, 0x0,
    0xaa, 0xfe, 0x50, 0xf, 0xce, 0xab, 0xf8, 0x80,
    0x8, 0xab, 0xf8, 0x80, 0x3f, 0xfb, 0x5d, 0xff,
    0xff, 0xc1, 0xd0, 0x5, 0x7f, 0xce, 0x1, 0xff,
    0xca, 0xb0, 0x15, 0x0, 0xff, 0xe2, 0xab, 0x28,
    0x7, 0x13, 0x3, 0x0, 0x7f, 0xf1, 0x8a, 0x69,
    0x0, 0x34, 0x0, 0x24, 0x3, 0xff, 0x8c, 0xe4,
    0x12, 0x1, 0x2a, 0x81, 0xc4, 0x3, 0xff, 0x8f,
    0x0, 0x54, 0x3, 0x60, 0x50, 0x1, 0x97, 0xb9,
    0x20, 0x1f, 0xfc, 0x5, 0x60, 0x57, 0xc1, 0xe,
    0x0, 0xee, 0x11, 0x30, 0x7, 0xff, 0x6, 0x4c,
    0x20, 0x82, 0x4c, 0x3, 0xa, 0x0, 0x4a, 0x1,
    0xff, 0xc1, 0xf0, 0x8, 0xd8, 0x3, 0x98, 0x3,
    0x70, 0x7, 0xff, 0x0, 0x78, 0x2, 0x38, 0x0,
    0xea, 0x3, 0x60, 0x41, 0x0, 0xff, 0xe, 0x10,
    0x18, 0x1, 0xe4, 0x2, 0x32, 0xa, 0xa0, 0x1,
    0x80, 0x3f, 0x87, 0x8, 0x13, 0x30, 0x0, 0x69,
    0x0, 0x50, 0x1, 0xcc, 0x82, 0x80, 0x3f, 0x17,
    0x90, 0x25, 0x81, 0xe0, 0x0, 0x80, 0xe, 0xa,
    0x21, 0x40, 0x46, 0x1, 0xe2, 0xc1, 0x4, 0xb0,
    0x8, 0xf0, 0x38, 0x14, 0x43, 0xc0, 0xc, 0x0,
    0xa0, 0xe, 0x2c, 0x10, 0x4b, 0x0, 0xe3, 0xc5,
    0xe, 0x0, 0x6c, 0x42, 0x44, 0x1c, 0x3, 0x94,
    0x41, 0x6c, 0x3, 0xe3, 0x1, 0x40, 0x3, 0xbe,
    0x10, 0x15, 0x0, 0xcf, 0xb, 0x40, 0x1f, 0xe6,
    0x0, 0xff, 0x78, 0x7, 0x3d, 0x0, 0x7f, 0xd6,
    0x5, 0xdd, 0xe6, 0x5, 0x10, 0xf, 0xfe, 0x21,
    0x18, 0x50, 0x8f, 0xa8, 0x0, 0xe0, 0x1f, 0xfc,
    0x4a, 0x0, 0x30, 0x7, 0x8c, 0x82, 0x80, 0x3f,
    0xf8, 0x8c, 0x6, 0x20, 0x1f, 0x28, 0x19, 0x0,
    0x7f, 0xf0, 0xea, 0xf8, 0x3, 0xf4, 0xdd, 0x80,

    /* U+F05D8 "󰗘" */
    0x0, 0x24, 0x47, 0xff, 0x5, 0xc0, 0x3f, 0xf8,
    0xf, 0x6e, 0xff, 0xfc, 0x19, 0x0, 0xff, 0xe0,
    0x40, 0x7, 0xff, 0x38, 0x40, 0xd, 0xdd, 0xff,
    0xc0, 0xf0, 0xf, 0xfe, 0x10, 0x8f, 0xff, 0x8,
    0x3, 0xff, 0xc5, 0x1d, 0xff, 0xff, 0xc1, 0x30,
    0xf, 0xf9, 0xdc, 0x20, 0x1f, 0xfc, 0xdc, 0x0,
    0x2a, 0xff, 0xf0, 0x44, 0x3, 0xfe, 0x70, 0x1a,
    0xaf, 0xfe, 0x9, 0x0, 0x7f, 0xf8, 0x4a, 0xfb,
    0xbf, 0xed, 0x70, 0xf, 0xfe, 0xf, 0xa0, 0x8f,
    0xfc, 0x50, 0xa0, 0x1f, 0xf1, 0x90, 0x7, 0xff,
    0xb, 0x80, 0x3f, 0xfd, 0x83, 0x10, 0xb0, 0xf,
    0xfe, 0x6b, 0xb8, 0xc0, 0x3f, 0xff, 0xe0, 0x1f,
    0xff, 0x7c, 0xfe, 0x0, 0xff, 0xff, 0x80, 0x7f,
    0xc6, 0x20, 0x1f, 0xfc, 0x2c, 0x0, 0xff, 0xe0,
    0x50, 0x80, 0x7f, 0xf0, 0x15, 0xc0, 0x3f, 0xf8,
    0x9, 0xdd, 0xff, 0xc0, 0xfa, 0x0,

    /* U+F05DA "󰗚" */
    0x0, 0xff, 0xe6, 0x10, 0x7, 0xff, 0x42, 0x28,
    0x3, 0xff, 0x9f, 0x4e, 0x1, 0xff, 0xcf, 0xb5,
    0x0, 0xff, 0x89, 0x59, 0xd9, 0x86, 0x1, 0xf8,
    0x71, 0x0, 0x3f, 0x8e, 0x7b, 0x6a, 0x62, 0x65,
    0x9f, 0x6a, 0x1, 0x87, 0xc, 0x3, 0xd4, 0x60,
    0xf8, 0xc2, 0x1, 0xf9, 0x2b, 0x0, 0x2f, 0x20,
    0xf, 0x97, 0x1f, 0x40, 0x3f, 0xf8, 0x26, 0x0,
    0x11, 0x0, 0x7f, 0xb4, 0x3, 0xff, 0xfe, 0x1,
    0xff, 0xff, 0x0, 0xff, 0xff, 0x80, 0x7e, 0x1b,
    0x0, 0xff, 0xe7, 0x8e, 0x18, 0x7, 0xff, 0x38,
    0xbc, 0x80, 0x3f, 0xf9, 0xc7, 0x82, 0x1, 0xff,
    0xce, 0x5c, 0x10, 0xf, 0xfe, 0x73, 0x50, 0x7,
    0xff, 0x3c, 0x64, 0x3, 0xff, 0xa4, 0x4a, 0xce,
    0xca, 0x40, 0x1f, 0xfc, 0x83, 0x9e, 0xda, 0x98,
    0x9a, 0xdf, 0x0, 0xff, 0xe3, 0x5e, 0x30, 0x80,
    0x7f, 0xf0, 0x89, 0xeb, 0x37, 0x2e, 0x54, 0x40,
    0x8, 0x0, 0x47, 0xbc, 0xdc, 0xb8, 0x40, 0xb,
    0xdf, 0x75, 0xa, 0x64, 0x68, 0xd5, 0xd4, 0x44,
    0x9e, 0xb8, 0x43, 0x23, 0x47, 0xbe, 0x8e, 0x58,
    0x20, 0xf, 0xf2, 0xee, 0x98, 0x40, 0x3f, 0x85,
    0xd0,

    /* U+F05E1 "󰗡" */
    0x0, 0xff, 0x8d, 0x9d, 0xcc, 0x60, 0x1f, 0xfc,
    0x74, 0xaf, 0xc9, 0x88, 0x4e, 0x7d, 0xa8, 0x7,
    0xff, 0x8, 0xae, 0xca, 0x1, 0xf9, 0x2b, 0x4c,
    0x3, 0xfe, 0x5d, 0x40, 0x1, 0xc5, 0xee, 0xb2,
    0x50, 0x0, 0x58, 0xe0, 0x1f, 0xcd, 0x40, 0x4,
    0xcc, 0x3a, 0x11, 0xd, 0xaf, 0x54, 0x1, 0x12,
    0x1, 0xf2, 0xc8, 0x2, 0x2c, 0xc0, 0x3f, 0x15,
    0x50, 0x0, 0xce, 0x1, 0xc3, 0x60, 0xa, 0x70,
    0xf, 0xfe, 0x2, 0xe0, 0x2, 0xc, 0x3, 0x58,
    0x84, 0x28, 0x7, 0xff, 0x8, 0xe8, 0x1, 0xe0,
    0x11, 0x28, 0x13, 0x80, 0x7f, 0xf0, 0x56, 0xc1,
    0x54, 0x6, 0x80, 0xa, 0x0, 0x40, 0x7, 0xff,
    0x5, 0x69, 0x2c, 0x20, 0x1, 0xc0, 0x5, 0x1,
    0x50, 0xf, 0xfe, 0x2, 0xd0, 0x3, 0x40, 0x8c,
    0x14, 0x0, 0x40, 0x80, 0x1f, 0xfc, 0x6, 0xa0,
    0x4, 0xb0, 0x1, 0x0, 0x4, 0x40, 0x6, 0x80,
    0x7f, 0xcd, 0x20, 0x9, 0x60, 0xb, 0x40, 0xc,
    0x20, 0x1, 0x0, 0x90, 0xc0, 0x39, 0xa4, 0x1,
    0x2c, 0x1, 0x84, 0x0, 0x20, 0x1e, 0x4b, 0xc3,
    0x0, 0x9a, 0x40, 0x12, 0xc0, 0x1f, 0xc4, 0x0,
    0xe0, 0x6, 0x0, 0x30, 0xc1, 0xa4, 0x1, 0x2c,
    0x1, 0xe2, 0x0, 0x8, 0x80, 0x6, 0x0, 0x86,
    0x0, 0x64, 0x48, 0x2, 0x58, 0x3, 0xef, 0x0,
    0x28, 0x20, 0x20, 0x80, 0x25, 0x80, 0xe, 0x0,
    0x96, 0x0, 0xfc, 0xe0, 0x42, 0x1a, 0x0, 0x60,
    0xa, 0x58, 0x2, 0x96, 0x0, 0xfc, 0xa2, 0xa,
    0x0, 0x61, 0x8, 0x10, 0xa, 0x58, 0x25, 0x80,
    0x3f, 0xa0, 0x1, 0x40, 0x14, 0x80, 0x28, 0x3,
    0x4d, 0xb0, 0x7, 0xf4, 0x90, 0x31, 0x0, 0x4e,
    0x60, 0x94, 0x1, 0x90, 0x3, 0xfa, 0x18, 0x6,
    0x40, 0x3b, 0x44, 0x17, 0x8, 0x3, 0xfc, 0x34,
    0xe0, 0xd, 0x0, 0xf0, 0xe0, 0x81, 0xec, 0x8,
    0x7, 0x85, 0xfd, 0x40, 0x16, 0x60, 0x1f, 0x17,
    0x98, 0x1, 0xfb, 0x26, 0x21, 0x39, 0xd0, 0x20,
    0x5a, 0x80, 0x1f, 0xc3, 0x92, 0x20, 0x3, 0x67,
    0x73, 0x18, 0x0, 0x63, 0x48, 0x3, 0xff, 0x80,
    0xdd, 0x4a, 0x40, 0x18, 0x52, 0x79, 0xc0, 0x3f,
    0xf8, 0x8b, 0x5b, 0xfd, 0xcf, 0xeb, 0x60, 0xf,
    0xe0,

    /* U+F0625 "󰘥" */
    0x0, 0xff, 0x8d, 0x59, 0xd4, 0xc0, 0x3f, 0xf8,
    0xe7, 0x5d, 0x95, 0x31, 0x59, 0xf4, 0x80, 0x1f,
    0xfc, 0x22, 0xbc, 0x51, 0x0, 0xf9, 0x6f, 0xc,
    0x3, 0xfe, 0x5d, 0x40, 0x1, 0xc5, 0xee, 0xb2,
    0x50, 0x0, 0x78, 0xe0, 0x1f, 0xcd, 0x40, 0x4,
    0xcc, 0x3a, 0x11, 0xd, 0xaf, 0x54, 0x1, 0x12,
    0x1, 0xf2, 0x48, 0x2, 0x2c, 0xc0, 0x3f, 0x15,
    0x50, 0x0, 0xcc, 0x0, 0xe1, 0xa0, 0x5, 0x38,
    0x4, 0x97, 0xfe, 0xc6, 0x0, 0x97, 0x0, 0x12,
    0x60, 0x1a, 0x4, 0x21, 0x40, 0x28, 0xb4, 0x0,
    0x1c, 0xd8, 0x4, 0x74, 0x0, 0x80, 0x8, 0x98,
    0x9, 0xc0, 0x26, 0x70, 0x1, 0x98, 0x0, 0x90,
    0x1, 0x2a, 0x81, 0x10, 0x0, 0x50, 0x4, 0x0,
    0x68, 0x0, 0x5e, 0x63, 0x44, 0x1c, 0x40, 0x28,
    0x0, 0x68, 0x2, 0xc0, 0x54, 0x2, 0x21, 0x6,
    0x40, 0x1, 0x40, 0x1, 0x40, 0x22, 0x30, 0x70,
    0x1, 0x82, 0x0, 0x63, 0xbb, 0x80, 0x31, 0x0,
    0x4, 0x3, 0x20, 0x9, 0x8, 0x3, 0x40, 0x30,
    0xa2, 0x8, 0x3, 0x68, 0x1, 0xc0, 0x36, 0x80,
    0x18, 0x80, 0x2, 0x1, 0xff, 0x4b, 0x2, 0x90,
    0x6, 0x10, 0x0, 0x88, 0x3, 0xff, 0x83, 0x6c,
    0x9, 0x40, 0x1f, 0xc6, 0x0, 0xe0, 0xf, 0xe8,
    0x40, 0x5b, 0x0, 0xf1, 0x0, 0x18, 0x40, 0x6,
    0x1, 0xfc, 0xe0, 0x54, 0x1, 0xf7, 0x80, 0x8,
    0x14, 0x10, 0x40, 0x3e, 0x20, 0x5, 0x0, 0x7e,
    0x70, 0x21, 0xf, 0x0, 0x30, 0x7, 0xc5, 0xfe,
    0x70, 0xf, 0x94, 0x41, 0x40, 0xa, 0x21, 0x2,
    0x1, 0xe2, 0xaa, 0x20, 0x7, 0xd0, 0x0, 0x90,
    0xa, 0x0, 0x14, 0x1, 0xe1, 0x55, 0x10, 0x7,
    0xa4, 0x81, 0xc4, 0x2, 0x63, 0x4, 0xa0, 0xf,
    0xfe, 0x14, 0x30, 0xc, 0x80, 0x76, 0x88, 0x2e,
    0x10, 0x4, 0x7f, 0xe6, 0x0, 0x86, 0x9c, 0x1,
    0x82, 0x1, 0xc3, 0x82, 0x7, 0xb0, 0x20, 0x1e,
    0x17, 0xf5, 0x0, 0x59, 0x0, 0x7c, 0x5e, 0x60,
    0x7, 0xec, 0x98, 0x84, 0xe7, 0x40, 0x81, 0x6a,
    0x0, 0x7f, 0xe, 0x51, 0x0, 0xd, 0x9d, 0xcc,
    0x60, 0x1, 0x8d, 0x20, 0xf, 0xfe, 0x2, 0xed,
    0xb1, 0x0, 0x61, 0x5a, 0xe7, 0x0, 0xff, 0xe2,
    0x24, 0xef, 0xf7, 0x3f, 0xa9, 0x40, 0x3f, 0x80,

    /* U+F062C "󰘬" */
    0x0, 0xa, 0xba, 0x0, 0x7f, 0xf1, 0x53, 0xaa,
    0x2f, 0x44, 0x3, 0xff, 0x84, 0x56, 0x1, 0x8b,
    0x40, 0x3f, 0xf8, 0x54, 0x0, 0x7c, 0x30, 0x33,
    0x0, 0x78, 0xab, 0x71, 0x80, 0x4, 0x0, 0x83,
    0x80, 0x3, 0x0, 0x71, 0xea, 0x91, 0xcc, 0x80,
    0x80, 0xc, 0x1c, 0x0, 0x10, 0xe, 0xe0, 0xe,
    0x64, 0xa0, 0x4, 0xfa, 0x81, 0x20, 0x6, 0x22,
    0x2, 0x75, 0x0, 0x34, 0xa4, 0x3, 0xf, 0x0,
    0x70, 0x80, 0x30, 0x54, 0x0, 0x60, 0xda, 0x0,
    0x2f, 0x30, 0xe, 0x30, 0x4, 0xb5, 0x0, 0x34,
    0x0, 0x40, 0x1, 0x10, 0x7, 0xce, 0x3, 0x2a,
    0x2, 0xe0, 0x1f, 0xfc, 0x28, 0x70, 0x8, 0xf0,
    0x3, 0xff, 0x89, 0x20, 0x3, 0xc2, 0x0, 0xff,
    0xe2, 0x50, 0x2, 0xc0, 0x3f, 0xf8, 0x64, 0xda,
    0x80, 0x2c, 0x1, 0xfe, 0x6b, 0xef, 0xf6, 0xc9,
    0x0, 0x2c, 0x40, 0x3f, 0x17, 0x4a, 0x8, 0x7,
    0xd, 0x28, 0x7, 0xf0, 0x88, 0x2, 0x24, 0x56,
    0x9f, 0x50, 0xf, 0xfe, 0x1, 0x57, 0xed, 0xd4,
    0xb0, 0x80, 0x7f, 0xf0, 0x13, 0x54, 0x3, 0xff,
    0x86, 0x40, 0x14, 0x0, 0x7f, 0xf1, 0x1f, 0x40,
    0x2c, 0x30, 0xf, 0xfe, 0x11, 0xc0, 0x7, 0x68,
    0x7, 0xff, 0xa, 0x80, 0x15, 0xec, 0x2, 0x80,
    0x1f, 0xfc, 0x13, 0x0, 0x20, 0x60, 0x0, 0x40,
    0x3f, 0xf8, 0x3a, 0x0, 0xd8, 0xb0, 0x3, 0x80,
    0x7f, 0xf0, 0x5c, 0x80, 0xdc, 0x41, 0x48, 0x3,
    0xff, 0x85, 0x88, 0x1, 0x3d, 0x0, 0x7f, 0xf0,
    0xc6, 0xff, 0xbe, 0x0, 0x3f, 0xf8, 0x60,

    /* U+F062E "󰘮" */
    0x0, 0xff, 0xe2, 0x19, 0x88, 0x3, 0xff, 0x93,
    0x98, 0x80, 0xf, 0xfe, 0x8c, 0x47, 0xff, 0x5,
    0x0, 0x33, 0xc4, 0x73, 0xbf, 0xff, 0x7, 0x0,
    0x31, 0x3b, 0xf0, 0x7, 0xff, 0x33, 0xbb, 0xff,
    0x83, 0x0, 0x19, 0x3b, 0xb8, 0x47, 0xff, 0x82,
    0x1, 0xc2, 0x3e, 0x0, 0xe2, 0x33, 0x0, 0x7e,
    0x33, 0x10, 0x7, 0xfa, 0x33, 0x0, 0x1f, 0xb3,
    0x10, 0x1, 0xff, 0xd1, 0x88, 0xe7, 0x0, 0xe8,
    0x8f, 0xfe, 0xb, 0xbf, 0x10, 0x6, 0x17, 0x7f,
    0xfe, 0x8, 0x7, 0xff, 0x33, 0xbb, 0x90, 0x3,
    0xf, 0x77, 0xff, 0x4, 0x47, 0xc0, 0x1c, 0x23,
    0xff, 0xc1, 0x0, 0xe2, 0x33, 0x0, 0x46, 0x61,
    0x0, 0xff, 0xe1, 0xc6, 0x60, 0x0, 0x39, 0x89,
    0x0, 0xff, 0xeb, 0x44, 0x7e, 0x0, 0xe4, 0x88,
    0xff, 0x3b, 0xfe, 0x0, 0xe3, 0x77, 0xff, 0x0,
    0x7f, 0xf3, 0x3b, 0xbf, 0x0, 0x73, 0x77, 0x7f,
    0x84, 0x7f, 0x0, 0x70, 0x8f, 0xfc, 0x1, 0xff,
    0x19, 0xb8, 0x3, 0xfc,

    /* U+F0632 "󰘲" */
    0x0, 0xff, 0xee, 0xdd, 0x80, 0x3f, 0xf9, 0xb6,
    0x88, 0xb0, 0xf, 0xfe, 0x5d, 0xa0, 0x1, 0x2c,
    0x3, 0xff, 0x93, 0x68, 0x2, 0x20, 0x4b, 0x0,
    0xff, 0xe3, 0xda, 0x0, 0xe6, 0x4, 0x12, 0xc0,
    0x3f, 0xf8, 0xb6, 0x80, 0x38, 0x44, 0xc1, 0x4,
    0xb0, 0xf, 0xfe, 0x1d, 0xa0, 0xe, 0x10, 0x0,
    0xb0, 0x41, 0x2c, 0x3, 0xff, 0x83, 0x68, 0x3,
    0x84, 0x1, 0x8b, 0x4, 0x12, 0xc0, 0x3f, 0xeb,
    0x40, 0x1c, 0x20, 0xf, 0x16, 0x8, 0x25, 0x80,
    0x7f, 0x5a, 0x0, 0xe1, 0x0, 0x7e, 0x2c, 0x10,
    0x4b, 0x0, 0xfa, 0xd0, 0x0, 0xb5, 0x0, 0x1f,
    0xa2, 0x94, 0x0, 0x96, 0x1, 0xd6, 0x80, 0x12,
    0x3b, 0x80, 0x3f, 0x3b, 0x90, 0x2, 0x4b, 0x0,
    0xad, 0x0, 0x3f, 0xf9, 0x49, 0x60, 0xa, 0xee,
    0xe4, 0x0, 0xff, 0xe0, 0x27, 0x77, 0x50, 0x0,
    0x47, 0xc0, 0x1f, 0xfc, 0x21, 0x1f, 0x0, 0x7f,
    0xff, 0xc0, 0x3f, 0xf9, 0x11, 0x1f, 0x80, 0x3f,
    0xf9, 0xe, 0xff, 0x80, 0x3f, 0xfc, 0x35, 0xdd,
    0xff, 0xc0, 0xa0, 0xf, 0xfe, 0x10, 0x8f, 0xff,
    0x8, 0x3, 0xff, 0xbd, 0x7f, 0xff, 0xfc, 0xb,
    0x0, 0xff, 0xf0, 0xa2, 0x7e, 0x0, 0xff, 0xe4,
    0x5d, 0xfe, 0x0, 0xff, 0xf2, 0x5d, 0xfe, 0x0,
    0xff, 0xe4, 0x22, 0x7e, 0x0, 0xff, 0xed, 0x0,

    /* U+F0636 "󰘶" */
    0x0, 0xff, 0xe0, 0x99, 0x80, 0x3f, 0xf9, 0xa7,
    0x98, 0x30, 0xf, 0xfe, 0x59, 0xe0, 0x3, 0xc,
    0x3, 0xff, 0x92, 0x78, 0x1, 0xb0, 0xc0, 0x3f,
    0xf8, 0xe7, 0x80, 0x6, 0x60, 0x3, 0xc, 0x3,
    0xff, 0x8a, 0x78, 0x0, 0x69, 0x93, 0x0, 0x30,
    0xc0, 0x3f, 0xf8, 0x67, 0x80, 0x6, 0x90, 0x4,
    0xb0, 0x3, 0xc, 0x3, 0xff, 0x82, 0x78, 0x0,
    0x69, 0x0, 0xd2, 0xc0, 0xc, 0x30, 0xf, 0xf8,
    0xf0, 0x0, 0xd2, 0x1, 0xe9, 0x60, 0x6, 0x18,
    0x7, 0xf1, 0xe0, 0x1, 0xa4, 0x3, 0xf4, 0xb0,
    0x3, 0x4c, 0x3, 0xe3, 0xd0, 0x3, 0x48, 0x7,
    0xfa, 0x58, 0x7, 0x4c, 0x3, 0x8f, 0x44, 0x0,
    0xdf, 0xe0, 0xf, 0xdf, 0xe6, 0x0, 0xe, 0x98,
    0x4, 0x7a, 0x20, 0x1f, 0xfc, 0x81, 0xd3, 0x0,
    0x52, 0xa2, 0x61, 0x0, 0xff, 0xe0, 0xa, 0x26,
    0x5a, 0x0, 0x4d, 0xdf, 0x28, 0x7, 0xff, 0x1,
    0x6e, 0xfa, 0x40, 0x3f, 0xff, 0xe0, 0x1f, 0xfe,
    0x4f, 0xff, 0xc0, 0x1f, 0xfe, 0x1c, 0x44, 0xff,
    0xe0, 0x60, 0x7, 0xc0,

    /* U+F06A5 "󰚥" */
    0x0, 0x27, 0xf9, 0x0, 0x32, 0x7f, 0x90, 0x3,
    0xff, 0xee, 0x9e, 0x0, 0x8a, 0xad, 0x0, 0xf,
    0x40, 0x6b, 0x40, 0x1, 0xaa, 0xe3, 0x0, 0x25,
    0xb4, 0x0, 0x7f, 0xf0, 0xa0, 0x40, 0x3f, 0xf8,
    0x42, 0x1, 0xff, 0xff, 0x0, 0xff, 0xe4, 0x98,
    0x7, 0xff, 0x8, 0xf0, 0xc0, 0x3f, 0xf8, 0x7,
    0x81, 0x86, 0x1, 0xfe, 0x3c, 0x0, 0xb0, 0xc0,
    0x3f, 0x1e, 0x0, 0x76, 0x18, 0x7, 0x8f, 0x0,
    0x3e, 0x80, 0xf, 0x40, 0x7, 0xff, 0xa0,

    /* U+F06A6 "󰚦" */
    0x0, 0x30, 0x7, 0xff, 0x3e, 0xe6, 0x40, 0x1f,
    0xfd, 0x6, 0x90, 0xc, 0x3f, 0xe8, 0x0, 0xc3,
    0xfe, 0x80, 0xf, 0xeb, 0x30, 0x69, 0x0, 0xff,
    0xe6, 0xe1, 0x83, 0x48, 0x0, 0x48, 0x3, 0xff,
    0x93, 0x86, 0xd, 0x20, 0xc, 0x10, 0xf, 0xfe,
    0x4e, 0x18, 0x34, 0x80, 0xe7, 0x0, 0x7f, 0xf2,
    0x70, 0xc1, 0xa4, 0x9, 0xa2, 0xab, 0x0, 0x15,
    0x80, 0x3f, 0xf8, 0x38, 0x60, 0xd2, 0x0, 0x97,
    0x55, 0x20, 0x0, 0xa6, 0x40, 0x1f, 0xfc, 0x16,
    0x0, 0x34, 0x80, 0xe1, 0x0, 0x79, 0x84, 0x3,
    0xff, 0x80, 0xc0, 0x13, 0x48, 0xe, 0x10, 0x7,
    0x88, 0x3, 0xff, 0x8a, 0xd2, 0x3, 0x84, 0x1,
    0xff, 0xcc, 0x69, 0x1, 0xf1, 0x0, 0xff, 0xe6,
    0x34, 0x81, 0x60, 0x80, 0x7f, 0xf3, 0x1a, 0x40,
    0xb0, 0x40, 0x3f, 0xf9, 0x8d, 0x20, 0x58, 0x20,
    0x1f, 0xfc, 0xc6, 0x90, 0x2c, 0x10, 0xf, 0xfe,
    0xa, 0x0, 0x7f, 0x9a, 0x40, 0xb0, 0x80, 0x3f,
    0xf8, 0x10, 0xc0, 0x1f, 0xe6, 0x90, 0x21, 0x0,
    0xff, 0xe0, 0xcb, 0x0, 0x7f, 0x9a, 0x40, 0x3f,
    0xf8, 0x92, 0xc0, 0x1f, 0xe6, 0x90, 0xf, 0xfe,
    0x24, 0xb0, 0x7, 0x87, 0x10, 0x1a, 0x40, 0x3f,
    0xf8, 0x90, 0x1, 0xe6, 0x3b, 0x40, 0x69, 0x0,
    0xff, 0xe6, 0xda, 0x3, 0x48, 0x7, 0xff, 0x36,
    0xd0, 0x1a, 0x40, 0x3f, 0xf9, 0xb6, 0x80, 0xd2,
    0x1, 0xff, 0xc0, 0x1f, 0xff, 0x40, 0x7, 0x5a,
    0x3, 0x38, 0x7, 0xff, 0x36, 0xd0, 0xdc, 0x3,
    0xff, 0x9d, 0x78, 0x0,

    /* U+F06A9 "󰚩" */
    0x0, 0xff, 0xe0, 0x93, 0x28, 0x7, 0xff, 0x39,
    0x36, 0x6b, 0x0, 0x3f, 0xf9, 0xb0, 0x1, 0x1a,
    0x80, 0x7f, 0xf3, 0x4, 0x3, 0x18, 0x7, 0xff,
    0x32, 0x80, 0x33, 0x80, 0x7f, 0xf3, 0x1d, 0x40,
    0x18, 0x20, 0x1f, 0xfc, 0xd2, 0x0, 0x10, 0x7,
    0xff, 0x24, 0x5e, 0xf7, 0x4c, 0x0, 0xcd, 0xc9,
    0x40, 0xf, 0xfe, 0x24, 0xf4, 0x21, 0x10, 0x40,
    0x4, 0x43, 0x6b, 0xd4, 0x0, 0xff, 0xe0, 0x16,
    0x30, 0x7, 0xff, 0x4, 0xad, 0xc0, 0x3f, 0xc3,
    0xe6, 0x1, 0xff, 0xc4, 0x87, 0x0, 0xfe, 0xa2,
    0x0, 0xff, 0xe3, 0x42, 0x0, 0x7c, 0x88, 0x0,
    0xff, 0xe4, 0x48, 0x7, 0xde, 0x1, 0xff, 0xc9,
    0x24, 0x0, 0xf2, 0x0, 0x7f, 0xf2, 0xb0, 0x3,
    0x88, 0x3, 0x4e, 0xe2, 0x80, 0x7e, 0x9d, 0xb5,
    0x0, 0x8c, 0x2, 0x16, 0xb0, 0xb, 0x18, 0x8e,
    0x94, 0x3, 0xd8, 0xc4, 0x94, 0xa0, 0x6, 0x75,
    0xd, 0x96, 0x0, 0x21, 0x80, 0x68, 0x0, 0xe4,
    0x30, 0xd, 0x0, 0x2, 0x8a, 0x52, 0x0, 0xc6,
    0x1, 0xc4, 0x1, 0xc6, 0x1, 0xc4, 0x1, 0xc4,
    0x1, 0xc4, 0x1, 0xc2, 0x1, 0xc4, 0x1, 0xc2,
    0x1, 0xff, 0x29, 0x0, 0x69, 0x0, 0xe5, 0x20,
    0xd, 0x20, 0x1f, 0xfc, 0xc, 0x40, 0x28, 0x70,
    0xf, 0x62, 0x1, 0x4b, 0x80, 0x79, 0x40, 0x38,
    0x6f, 0xf5, 0xc0, 0x3e, 0x1b, 0xfd, 0x60, 0xf,
    0x1d, 0xda, 0x0, 0x3f, 0xf9, 0x65, 0x58, 0x80,
    0x88, 0x0, 0xff, 0xe5, 0x8a, 0x98, 0x4, 0x40,
    0x1f, 0xfc, 0xb5, 0x0, 0xe1, 0x90, 0xf, 0xfe,
    0x49, 0x40, 0x7, 0x9b, 0xae, 0xab, 0xff, 0x8d,
    0x9a, 0x20, 0x10,

    /* U+F06B0 "󰚰" */
    0x0, 0xff, 0xeb, 0x8b, 0x4d, 0x5c, 0xb9, 0x80,
    0x7c, 0x86, 0x1, 0xf2, 0x67, 0x4b, 0x2a, 0x34,
    0x66, 0xb0, 0x6, 0x4b, 0x0, 0xf0, 0xd5, 0x98,
    0x7, 0xe2, 0x9d, 0x30, 0x3b, 0x0, 0xf1, 0x62,
    0x80, 0x12, 0xbb, 0xfe, 0xb6, 0x0, 0x16, 0x3e,
    0x0, 0x78, 0x7c, 0x80, 0xb2, 0xd4, 0x40, 0x24,
    0x9e, 0x50, 0x4, 0x0, 0x7d, 0x44, 0x9, 0xa6,
    0x1, 0xf8, 0x69, 0xc0, 0x3f, 0x2a, 0x1, 0x58,
    0x7, 0x2a, 0x0, 0x61, 0x50, 0xf, 0xd0, 0x0,
    0xf0, 0xe, 0x1a, 0xa0, 0x4, 0x3a, 0x40, 0x1f,
    0x19, 0x2, 0x90, 0x7, 0xf8, 0x74, 0xc0, 0x3f,
    0x20, 0x3, 0x80, 0x3f, 0xe5, 0x47, 0x7f, 0x88,
    0x34, 0x0, 0xa0, 0x1f, 0xf2, 0x44, 0x7e, 0x10,
    0x10, 0x0, 0x80, 0x7f, 0xf3, 0x4, 0x3, 0xf8,
    0x54, 0x3, 0xe7, 0xee, 0x10, 0x8, 0x8, 0x7,
    0xc2, 0xa1, 0x56, 0x40, 0x1d, 0xc2, 0x23, 0xd,
    0x0, 0x18, 0x7, 0xd5, 0x64, 0x9b, 0x0, 0x19,
    0x40, 0x44, 0x8, 0x0, 0xa0, 0xf, 0xc9, 0xb0,
    0xe, 0x80, 0x1, 0x30, 0x40, 0x1, 0x88, 0x30,
    0x80, 0x7f, 0x3e, 0xba, 0x0, 0x20, 0x1, 0xc0,
    0x14, 0x80, 0x2c, 0x3, 0xfc, 0x50, 0x0, 0x36,
    0x3, 0x40, 0x9, 0xc8, 0x16, 0x0, 0x3f, 0xf8,
    0x3, 0xa0, 0x8, 0x0, 0xee, 0x0, 0x3c, 0x80,
    0x7f, 0x93, 0xc4, 0x1d, 0x0, 0x38, 0xec, 0x0,
    0xdc, 0xc2, 0x1, 0xc7, 0x56, 0x20, 0xb0, 0x1,
    0xf2, 0x60, 0x80, 0xcf, 0x65, 0x52, 0xfb, 0x14,
    0x0, 0xf4, 0x1, 0xfc, 0x7c, 0xe0, 0x11, 0xaa,
    0x90, 0x40, 0x7, 0x90, 0x1, 0xff, 0xc0, 0x8e,
    0x95, 0x20, 0x0, 0x9b, 0xe6, 0xc, 0x3, 0xff,
    0x84, 0x2d, 0x5b, 0xfe, 0xec, 0x83, 0x0, 0xfc,

    /* U+F06E4 "󰛤" */
    0x0, 0xf8, 0x40, 0x3f, 0xf8, 0x82, 0x1, 0xfe,
    0x18, 0xef, 0xef, 0xb4, 0x0, 0xff, 0x2d, 0xff,
    0x7f, 0x40, 0x80, 0x72, 0xf3, 0x88, 0x4, 0x97,
    0x40, 0x1f, 0xae, 0x90, 0x2, 0x17, 0xe5, 0x0,
    0x92, 0x80, 0x4, 0xcc, 0x30, 0x2, 0xe8, 0x80,
    0x61, 0xd4, 0x0, 0x23, 0x30, 0x80, 0x14, 0x80,
    0x36, 0x0, 0x8d, 0x99, 0x66, 0x4, 0xb, 0xc8,
    0x0, 0x5e, 0x40, 0x59, 0x73, 0x2d, 0x80, 0x5,
    0x8b, 0x0, 0x21, 0xc0, 0x31, 0xf9, 0x80, 0xea,
    0x23, 0x44, 0xf, 0xc, 0x3, 0x3c, 0x0, 0x1a,
    0xc0, 0x5c, 0x3, 0xc3, 0x88, 0x0, 0xbb, 0x0,
    0x17, 0x4, 0x3, 0xce, 0x21, 0x64, 0xa, 0x1,
    0xfd, 0x6c, 0x1, 0x9a, 0x80, 0x3f, 0x94, 0x8,
    0x3, 0xff, 0xa8, 0x40, 0xa0, 0x1f, 0xd4, 0xc0,
    0x19, 0xa8, 0x3, 0xf9, 0x40, 0xac, 0x5, 0xc0,
    0x3c, 0x38, 0xa0, 0xb, 0xb0, 0x1, 0x70, 0x40,
    0x3c, 0xe2, 0x16, 0xc0, 0x8, 0x70, 0xc, 0x78,
    0x60, 0x3a, 0x88, 0xd1, 0x3, 0xc3, 0x0, 0xcf,
    0x0, 0x6, 0x1a, 0x0, 0x46, 0xcc, 0xaf, 0x8,
    0xb, 0xc8, 0x0, 0x5e, 0x40, 0x59, 0x89, 0x96,
    0xc0, 0x2, 0x84, 0x16, 0x80, 0x4, 0xcc, 0x40,
    0x2, 0x68, 0x80, 0x61, 0xd4, 0x0, 0x1b, 0x30,
    0x80, 0x14, 0xa0, 0x12, 0xeb, 0x8, 0x4, 0x95,
    0x60, 0x1f, 0xae, 0x8c, 0x2, 0x16, 0xd5, 0x0,
    0xe2, 0x9e, 0xfe, 0xfb, 0x50, 0xf, 0xf2, 0xe7,
    0xf7, 0xf4, 0x90, 0x4,

    /* U+F06E8 "󰛨" */
    0x0, 0xff, 0xe0, 0xbf, 0x70, 0x40, 0x3f, 0xf9,
    0xde, 0x22, 0x0, 0xff, 0xf2, 0x90, 0x7, 0xff,
    0x14, 0x48, 0x3, 0xfa, 0x75, 0x0, 0x3d, 0x1d,
    0xc1, 0x0, 0xf6, 0xe0, 0x80, 0x7c, 0x8c, 0x16,
    0x80, 0x1e, 0x11, 0x0, 0x7b, 0xc, 0x6c, 0x3,
    0xe4, 0x70, 0x5, 0x0, 0x7f, 0xf0, 0x58, 0xc0,
    0xac, 0x3, 0xf4, 0x30, 0xe8, 0x4, 0x95, 0xdf,
    0xec, 0x81, 0x0, 0x33, 0x7, 0xc4, 0x3, 0xfa,
    0x70, 0xc0, 0x6e, 0xca, 0x20, 0x3, 0x7e, 0x60,
    0x4, 0xf9, 0x0, 0x7f, 0xc4, 0x3, 0xe8, 0x1,
    0xfa, 0x64, 0x0, 0x10, 0xf, 0xfe, 0x16, 0x88,
    0x7, 0xf9, 0x94, 0x3, 0xff, 0x86, 0xc6, 0x1,
    0xff, 0xc0, 0xb0, 0xf, 0xfe, 0x1d, 0x80, 0x7f,
    0xf0, 0x45, 0x80, 0x3e, 0x45, 0x58, 0x0, 0x24,
    0x1, 0xff, 0xc2, 0xc0, 0x1, 0xaa, 0xc3, 0x55,
    0x84, 0x8, 0x3, 0xff, 0x86, 0xc0, 0xf, 0xaa,
    0x94, 0x3, 0xff, 0x94, 0xe0, 0x1f, 0x55, 0x61,
    0x2, 0x0, 0xff, 0xe1, 0x88, 0x3, 0xea, 0xa5,
    0x45, 0x58, 0x0, 0x26, 0x1, 0xff, 0xc2, 0xf0,
    0x1, 0xaa, 0xc2, 0x1, 0xf5, 0x0, 0x7f, 0xf0,
    0x45, 0x40, 0x3f, 0xf8, 0x4c, 0x60, 0x1f, 0xfc,
    0xb, 0x0, 0xff, 0xe2, 0x69, 0x0, 0x7f, 0x9d,
    0x40, 0x3f, 0xf8, 0x83, 0x88, 0x1, 0xfa, 0x60,
    0x3, 0xff, 0x8c, 0x30, 0x1, 0xf1, 0xb0, 0x7,
    0xff, 0x98, 0x40, 0x3e, 0x70, 0xf, 0xfe, 0x49,
    0x42, 0xa2, 0x65, 0x80, 0xf, 0xfe, 0x53, 0xd5,
    0xde, 0xa3, 0x0, 0xff, 0xe5, 0xf7, 0xfe, 0x70,
    0xf, 0xfe, 0x61, 0x80, 0x61, 0x0, 0xff, 0xe6,
    0x4a, 0xa2, 0x19, 0x80, 0x1f, 0xfc, 0x0,

    /* U+F0709 "󰜉" */
    0x0, 0xff, 0xea, 0x50, 0x7, 0xff, 0x22, 0x94,
    0x3, 0xff, 0x8f, 0x6a, 0x1, 0xff, 0xc7, 0xb4,
    0x0, 0xff, 0xe3, 0xda, 0x0, 0x55, 0xa, 0x20,
    0x1f, 0xfc, 0xb, 0x40, 0xc, 0xaf, 0x5d, 0x44,
    0x1, 0xfc, 0xc8, 0x1, 0xfc, 0xba, 0xc0, 0x1f,
    0x99, 0x80, 0x1d, 0xfb, 0x4, 0x0, 0x98, 0x0,
    0xfd, 0x2c, 0x1, 0xc4, 0xfb, 0x20, 0x7, 0x60,
    0x8, 0x40, 0x34, 0xb0, 0x7, 0xcd, 0x80, 0x9,
    0x10, 0x5, 0xd8, 0x3, 0x4b, 0x0, 0x7c, 0x70,
    0x0, 0x80, 0x15, 0x49, 0x0, 0xd2, 0xc0, 0x1f,
    0x38, 0x83, 0x2, 0x0, 0x3c, 0x3, 0xa5, 0x80,
    0x3e, 0x60, 0x2, 0x68, 0x1, 0x0, 0x3d, 0x20,
    0x1f, 0x58, 0x0, 0xc8, 0x0, 0x40, 0x1f, 0xfc,
    0x22, 0x0, 0x78, 0x7, 0xff, 0x28, 0x80, 0x4,
    0x1, 0xff, 0xc2, 0x20, 0x7, 0xe8, 0x1, 0x0,
    0x3f, 0xf8, 0x56, 0x0, 0x44, 0x0, 0x2c, 0x3,
    0xff, 0x84, 0xc0, 0x26, 0x2a, 0x4, 0xc0, 0x1f,
    0xfc, 0x8, 0x10, 0x60, 0x4, 0x0, 0x25, 0x0,
    0x3f, 0xca, 0xe0, 0x32, 0x0, 0x29, 0x0, 0x5c,
    0x0, 0x7e, 0x8a, 0x0, 0x50, 0x80, 0x4c, 0xe0,
    0x7, 0xa0, 0x0, 0x92, 0x47, 0x38, 0x2, 0x90,
    0x3, 0xa2, 0x80, 0x18, 0x0, 0xed, 0xb7, 0x10,
    0x5, 0x28, 0x7, 0xcb, 0xcc, 0xe0, 0x60, 0x1c,
    0xbc, 0xa0, 0x1f, 0xc3, 0x22, 0x0, 0x55, 0x3d,
    0x75, 0x8, 0x7, 0x0,

    /* U+F0717 "󰜗" */
    0x0, 0xff, 0x84, 0x3, 0xff, 0x98, 0xfc, 0xa3,
    0x98, 0x10, 0xf, 0xfe, 0x32, 0xc0, 0x56, 0x19,
    0xb4, 0x3, 0xff, 0x8c, 0xac, 0x0, 0x20, 0x2e,
    0x0, 0xff, 0xe3, 0xcc, 0x0, 0xb, 0x8, 0x3,
    0xfe, 0x38, 0xb0, 0xf, 0x30, 0x1, 0x44, 0x3,
    0xa2, 0x54, 0x3, 0x5b, 0xa1, 0x80, 0x7f, 0xf0,
    0xd5, 0xac, 0x3, 0x58, 0x1, 0x0, 0x38, 0xc0,
    0x2, 0x1, 0xc2, 0x40, 0x80, 0x1, 0x68, 0x0,
    0x4a, 0x0, 0x4d, 0x80, 0x6, 0xa2, 0x0, 0xd,
    0x80, 0x12, 0x10, 0xa5, 0x0, 0x3, 0x76, 0x6d,
    0x91, 0x0, 0x97, 0x62, 0x1c, 0xa0, 0x1, 0x7f,
    0x31, 0x3, 0x40, 0x2, 0x49, 0x0, 0x1e, 0xc8,
    0x0, 0xee, 0x0, 0x12, 0x88, 0x68, 0x6f, 0x65,
    0xe2, 0x0, 0x4d, 0xd0, 0x9b, 0x22, 0x0, 0x19,
    0xda, 0xec, 0x70, 0x31, 0x0, 0x1d, 0x80, 0x12,
    0x44, 0x2, 0x6a, 0x0, 0x43, 0x0, 0x46, 0x20,
    0x1f, 0x8, 0x8, 0x7, 0x9c, 0x0, 0x60, 0x1f,
    0xfd, 0xb1, 0x1, 0x0, 0xf3, 0x80, 0xc, 0x3,
    0xe3, 0x10, 0x1, 0xd8, 0x1, 0x24, 0x40, 0x25,
    0xa0, 0x4, 0x30, 0x4, 0x62, 0x1b, 0xd9, 0x78,
    0x80, 0x13, 0x74, 0x26, 0xd0, 0x80, 0x6, 0x76,
    0xbb, 0x1c, 0xc4, 0xd, 0x0, 0x9, 0x24, 0x0,
    0x7b, 0x20, 0x3, 0x40, 0x0, 0x94, 0x43, 0xa,
    0x50, 0x0, 0x35, 0x6d, 0xb2, 0x20, 0x12, 0xec,
    0xbf, 0x28, 0x0, 0x5e, 0x45, 0xa0, 0x0, 0xca,
    0x1, 0x36, 0x0, 0x1a, 0x88, 0x0, 0x34, 0x0,
    0x48, 0x30, 0x5, 0x80, 0x30, 0x3, 0x8c, 0x0,
    0x20, 0x1e, 0x30, 0x40, 0xd, 0x6e, 0x68, 0x1,
    0xff, 0xc3, 0xa6, 0xb0, 0xc, 0x71, 0x80, 0x1e,
    0x60, 0x2, 0x88, 0x7, 0x34, 0xa8, 0x7, 0xff,
    0x2, 0x60, 0x0, 0x58, 0x40, 0x1f, 0xfc, 0x65,
    0x60, 0x1, 0x1, 0x70, 0x7, 0xff, 0x19, 0x60,
    0x2b, 0xc, 0xda, 0x1, 0xff, 0xc7, 0x7e, 0x51,
    0xcc, 0x8, 0x7, 0xf0,

    /* U+F072E "󰜮" */
    0x0, 0xfa, 0xef, 0xf0, 0x7, 0xff, 0x9, 0x13,
    0xf0, 0x7, 0xff, 0xfc, 0x3, 0xff, 0xfe, 0x1,
    0xff, 0xeb, 0x1d, 0xff, 0xe0, 0xf, 0xdf, 0xfd,
    0xa2, 0x2c, 0x20, 0xf, 0xfe, 0x21, 0x60, 0x80,
    0xe1, 0x0, 0x7f, 0xf0, 0x8b, 0x4, 0x2, 0x1c,
    0x20, 0xf, 0xfe, 0x1, 0x60, 0x80, 0x70, 0xe1,
    0x0, 0x7f, 0x8b, 0x4, 0x3, 0xe1, 0xc2, 0x0,
    0xfc, 0x58, 0x20, 0x1f, 0xc3, 0x84, 0x1, 0xe2,
    0xc1, 0x0, 0xff, 0x87, 0x8, 0x3, 0x16, 0x8,
    0x7, 0xff, 0x4, 0x70, 0x80, 0x5, 0x82, 0x1,
    0xff, 0xc3, 0x1c, 0x22, 0x60, 0x80, 0x7f, 0xf1,
    0x47, 0x30, 0x20, 0x1f, 0xc0,

    /* U+F0731 "󰜱" */
    0x0, 0xff, 0x8, 0x7, 0xff, 0x20, 0x70, 0x3,
    0xff, 0x8e, 0x38, 0x40, 0x1f, 0xfc, 0x61, 0xc2,
    0x0, 0xff, 0xe3, 0xe, 0x10, 0x7, 0xff, 0x18,
    0x70, 0x80, 0x3f, 0xf8, 0xc3, 0x84, 0x1, 0xff,
    0xc6, 0x1c, 0x20, 0xe, 0xff, 0xff, 0x58, 0x0,
    0x70, 0x80, 0x3f, 0xf8, 0xc3, 0x84, 0x1, 0xff,
    0xc6, 0x1c, 0x20, 0xf, 0xfe, 0xe8, 0xe1, 0x0,
    0x7f, 0xf2, 0x7, 0x8, 0x3, 0xff, 0x90, 0x38,
    0x40, 0x1f, 0xfc, 0x81, 0xc2, 0x0, 0xef, 0xff,
    0xf5, 0x80, 0x61, 0xc2, 0x0, 0xff, 0xe4, 0xe,
    0x10, 0x7, 0xff, 0x20, 0x70, 0x80, 0x3f, 0xf9,
    0x3, 0x84, 0x1, 0xff, 0xc8, 0x1c, 0x20, 0xf,
    0xfe, 0x40, 0xe0, 0x7, 0xfc,

    /* U+F0734 "󰜴" */
    0x0, 0xff, 0x84, 0x3, 0xff, 0x93, 0x82, 0x1,
    0xff, 0xc8, 0x2c, 0x10, 0xf, 0xfe, 0x41, 0x60,
    0x80, 0x7f, 0xf2, 0xb, 0x4, 0x3, 0xff, 0x90,
    0x58, 0x20, 0x1f, 0xfc, 0x82, 0xc1, 0x0, 0xd7,
    0xff, 0xfe, 0x0, 0xe2, 0xc1, 0x0, 0xff, 0xe4,
    0x16, 0x8, 0x7, 0xff, 0x20, 0xb0, 0x40, 0x3f,
    0xf9, 0x5, 0x82, 0x1, 0xff, 0xdd, 0x2c, 0x10,
    0xf, 0xfe, 0x31, 0x60, 0x80, 0x7f, 0xf1, 0x8b,
    0x4, 0x1, 0x7f, 0xff, 0xe0, 0xe, 0x2c, 0x10,
    0xf, 0xfe, 0x31, 0x60, 0x80, 0x7f, 0xf1, 0x8b,
    0x4, 0x3, 0xff, 0x8c, 0x58, 0x20, 0x1f, 0xfc,
    0x62, 0xc1, 0x0, 0xff, 0xe3, 0x16, 0x8, 0x7,
    0xff, 0x1f, 0x4, 0x3, 0xf8,

    /* U+F0737 "󰜷" */
    0x0, 0xff, 0x8, 0x80, 0x3f, 0xf8, 0xe3, 0x98,
    0x10, 0xf, 0xfe, 0x28, 0xe1, 0x13, 0x4, 0x3,
    0xff, 0x86, 0x38, 0x40, 0x2, 0xc1, 0x0, 0xff,
    0xe0, 0x8e, 0x10, 0x6, 0x2c, 0x10, 0xf, 0xf8,
    0x70, 0x80, 0x3c, 0x58, 0x20, 0x1f, 0xc3, 0x84,
    0x1, 0xf8, 0xb0, 0x40, 0x3e, 0x1c, 0x20, 0xf,
    0xf1, 0x60, 0x80, 0x70, 0xe1, 0x0, 0x7f, 0xf0,
    0xb, 0x4, 0x2, 0x1c, 0x20, 0xf, 0xfe, 0x11,
    0x60, 0x80, 0xe1, 0x0, 0x7f, 0xf1, 0xb, 0x4,
    0x5b, 0xff, 0xc0, 0x1f, 0xbf, 0xfb, 0x44, 0x3,
    0xff, 0xfe, 0x1, 0xff, 0xff, 0x0, 0xff, 0xf5,
    0xa2, 0x7e, 0x0, 0xf8,

    /* U+F073A "󰜺" */
    0x0, 0xff, 0x8d, 0x9d, 0xcc, 0x60, 0x1f, 0xfc,
    0x74, 0xaf, 0xc9, 0x88, 0x4e, 0x7d, 0xa8, 0x7,
    0xff, 0x8, 0xae, 0xca, 0x1, 0xf9, 0x2b, 0x4c,
    0x3, 0xfe, 0x5d, 0x40, 0x2, 0x45, 0xe6, 0xe4,
    0xa0, 0x0, 0xb1, 0xc0, 0x3f, 0x9a, 0x80, 0x9,
    0xb6, 0xe8, 0x64, 0x6d, 0x7a, 0xa0, 0x8, 0x90,
    0xf, 0x96, 0x40, 0x7, 0x64, 0x1, 0xf8, 0xaa,
    0x80, 0x6, 0x70, 0xe, 0x1b, 0x0, 0x8e, 0x0,
    0x3f, 0xe5, 0xc0, 0x4, 0x18, 0x6, 0xb1, 0x5,
    0x10, 0x78, 0x0, 0xff, 0x8e, 0x80, 0x1e, 0x1,
    0x12, 0x81, 0x56, 0x8, 0x3c, 0x0, 0x7f, 0xca,
    0xa0, 0x34, 0x0, 0x50, 0x2, 0x0, 0xb0, 0x41,
    0xe0, 0x3, 0xfe, 0x80, 0x7, 0x0, 0x14, 0x5,
    0x40, 0x5, 0x82, 0xf, 0x0, 0x1f, 0xe2, 0x30,
    0x50, 0x1, 0x2, 0x0, 0x62, 0xc1, 0x7, 0x80,
    0xf, 0xf2, 0x0, 0x8, 0x80, 0xd, 0x0, 0xe2,
    0xc1, 0x7, 0x80, 0xf, 0xed, 0x0, 0x30, 0x80,
    0x4, 0x3, 0xc5, 0x82, 0xf, 0x0, 0x1f, 0x84,
    0x0, 0x20, 0x1f, 0xf1, 0x60, 0x83, 0xc0, 0x7,
    0xfc, 0x40, 0xe, 0x0, 0xfc, 0x58, 0x20, 0xf0,
    0x1, 0xe2, 0x0, 0x8, 0x80, 0x6, 0x1, 0xfc,
    0x58, 0x20, 0xf0, 0x1, 0xd8, 0x0, 0x50, 0x40,
    0x41, 0x0, 0xfe, 0x2c, 0x10, 0x78, 0x0, 0xc8,
    0x4, 0x21, 0xa0, 0x6, 0x0, 0xff, 0x16, 0x8,
    0x3c, 0x0, 0x18, 0x41, 0x40, 0xc, 0x21, 0x2,
    0x1, 0xfe, 0x2c, 0x10, 0x78, 0x18, 0x0, 0x50,
    0x5, 0x20, 0xa, 0x0, 0xff, 0x8b, 0x4, 0x1f,
    0x4, 0x18, 0x80, 0x27, 0x30, 0x4a, 0x0, 0xff,
    0x8b, 0x4, 0x8, 0x6, 0x40, 0x3b, 0x44, 0x17,
    0x8, 0x3, 0xfc, 0x6a, 0x1, 0x68, 0x7, 0x87,
    0x4, 0xf, 0x60, 0x40, 0x3e, 0x7f, 0x40, 0x5,
    0x98, 0x7, 0xc5, 0xe6, 0x0, 0x7e, 0xc9, 0x88,
    0x4e, 0x7c, 0x8, 0x16, 0xa0, 0x7, 0xf0, 0xe4,
    0x88, 0x0, 0xd9, 0xdc, 0xc6, 0x0, 0x18, 0xd2,
    0x0, 0xff, 0xe0, 0x37, 0x52, 0x88, 0x6, 0x14,
    0x9e, 0x70, 0xf, 0xfe, 0x22, 0xd7, 0x7f, 0x73,
    0xfa, 0xd8, 0x3, 0xf8,

    /* U+F0758 "󰝘" */
    0x0, 0x24, 0x47, 0xff, 0x29, 0x80, 0x27, 0xb7,
    0x7f, 0xfe, 0x54, 0xe8, 0x84, 0x0, 0x7f, 0xf3,
    0x9, 0x84, 0x0, 0xdd, 0xdf, 0xb4, 0x0, 0xdd,
    0xdf, 0xb4, 0x1, 0xe0, 0x10, 0x8f, 0xf1, 0x80,
    0x4, 0x7f, 0x8c, 0x0, 0x20, 0x1f, 0xff, 0xf0,
    0xf, 0xff, 0xf8, 0x7, 0xff, 0x95, 0x22, 0x3f,
    0x80, 0x9, 0x11, 0xfa, 0x40, 0x3c, 0x6e, 0xff,
    0x98, 0x0, 0x6e, 0xff, 0xc0, 0x1f, 0xfd, 0x66,
    0xee, 0xfd, 0xa0, 0x6, 0xee, 0xfd, 0xa0, 0x1e,
    0x11, 0xfe, 0x30, 0x0, 0x8f, 0xf1, 0x80, 0x7f,
    0xff, 0xc0, 0x3f, 0xff, 0xe0, 0x1f, 0xfe, 0x84,
    0x88, 0xfe, 0x0, 0x24, 0x47, 0xe9, 0x0, 0x8,
    0x88, 0xd, 0xdf, 0xf3, 0x0, 0xd, 0xdf, 0xf8,
    0x1, 0x81, 0xe4, 0x1, 0xff, 0xcb, 0x84, 0x2,
    0xde, 0xef, 0xfe, 0x57, 0xb8, 0x0,

    /* U+F0770 "󰝰" */
    0x0, 0x35, 0x5d, 0xfd, 0x20, 0x1f, 0xfc, 0x79,
    0x92, 0xa2, 0x7c, 0xd6, 0x1, 0xff, 0xc6, 0x60,
    0xf, 0xf2, 0x58, 0x7, 0xff, 0x10, 0x40, 0x3f,
    0xf8, 0x9, 0xff, 0xfe, 0xc2, 0x0, 0xff, 0xe8,
    0x1f, 0x80, 0x7c, 0x48, 0x9f, 0xfc, 0x96, 0x10,
    0xf, 0x2d, 0xdf, 0xff, 0x28, 0x40, 0x3f, 0xfb,
    0x68, 0xef, 0xff, 0xca, 0x0, 0xfa, 0x62, 0x3f,
    0xf9, 0x32, 0x1, 0xe2, 0x20, 0x7, 0xff, 0x25,
    0x0, 0x3c, 0x80, 0x1f, 0xfc, 0xaf, 0x0, 0xf6,
    0x0, 0x7f, 0xf2, 0x90, 0x3, 0xc8, 0x1, 0xff,
    0xc9, 0x21, 0x0, 0xe3, 0x10, 0xf, 0xfe, 0x4a,
    0x0, 0x79, 0x0, 0x3f, 0xf9, 0x58, 0x1, 0xec,
    0x0, 0xff, 0xe5, 0x20, 0x7, 0xa, 0x0, 0x7f,
    0xf2, 0x4c, 0x40, 0x39, 0x40, 0x3f, 0xf9, 0x48,
    0x1, 0x8, 0x0, 0xc0, 0x3f, 0xf9, 0x58, 0x1,
    0x90, 0x3, 0xff, 0x96, 0x48, 0x1, 0xa9, 0x44,
    0x7f, 0xf9, 0x2b, 0xe0, 0x18,

    /* U+F0792 "󰞒" */
    0x0, 0xff, 0xe0, 0x88, 0x80, 0x3f, 0xf9, 0xa3,
    0xdc, 0x80, 0xf, 0xff, 0xf8, 0x7, 0xff, 0xfc,
    0x3, 0xff, 0xfe, 0x1, 0xff, 0xfc, 0x40, 0xf,
    0xfe, 0x21, 0x88, 0x7, 0xe7, 0xb9, 0x0, 0xff,
    0xe1, 0x1e, 0x60, 0x40, 0x3c, 0x30, 0xd, 0x20,
    0x1f, 0xfc, 0x3, 0xc0, 0x29, 0x0, 0xf0, 0xe0,
    0x1, 0xa4, 0x3, 0xfc, 0x78, 0x0, 0x68, 0x0,
    0xf8, 0xf0, 0x0, 0xd2, 0x1, 0xf8, 0xf0, 0x0,
    0xd2, 0x1, 0xfc, 0x78, 0x0, 0x69, 0x0, 0xf1,
    0xe0, 0x1, 0xa4, 0x3, 0xfe, 0x3c, 0x0, 0x34,
    0x80, 0x63, 0xc0, 0x3, 0x48, 0x7, 0xff, 0x4,
    0xf0, 0x0, 0xd4, 0x0, 0x3c, 0x0, 0x34, 0x80,
    0x7f, 0xf0, 0xcf, 0x0, 0x8, 0x0, 0x40, 0x3,
    0x48, 0x7, 0xff, 0x14, 0xf0, 0x3, 0xcd, 0x20,
    0x1f, 0xfc, 0x73, 0xc0, 0xc, 0xd2, 0x1, 0xff,
    0xc9, 0x3c, 0x0, 0x34, 0x80, 0x7f, 0xf0, 0x4,
    0x7f, 0xe2, 0xd8, 0x80, 0x8f, 0xfc, 0x3, 0xdd,
    0xff, 0xc0, 0xd8, 0xee, 0xff, 0xe0, 0x40, 0x7,
    0xff, 0x40, 0x5d, 0xff, 0xf9, 0xd8,

    /* U+F0795 "󰞕" */
    0x8, 0x8f, 0xfe, 0x72, 0xb, 0xbf, 0xff, 0x3b,
    0x0, 0x3f, 0xfa, 0x3, 0xdd, 0xff, 0xc0, 0xd8,
    0xee, 0xff, 0xe0, 0x40, 0x8, 0xff, 0xc5, 0xb1,
    0x1, 0x1f, 0xf8, 0x3, 0xff, 0x80, 0x78, 0x0,
    0x69, 0x0, 0xff, 0xe4, 0x9e, 0x0, 0x66, 0x90,
    0xf, 0xfe, 0x39, 0xe0, 0x7, 0x9a, 0x40, 0x3f,
    0xf8, 0xa7, 0x80, 0x4, 0x0, 0x20, 0x1, 0xa4,
    0x3, 0xff, 0x86, 0x78, 0x0, 0x6a, 0x0, 0x1e,
    0x0, 0x1a, 0x40, 0x3f, 0xf8, 0x27, 0x80, 0x6,
    0x90, 0xc, 0x78, 0x0, 0x69, 0x0, 0xff, 0x8f,
    0x0, 0xd, 0x20, 0x1e, 0x3c, 0x0, 0x34, 0x80,
    0x7f, 0x1e, 0x0, 0x1a, 0x40, 0x3f, 0x1e, 0x0,
    0x1a, 0x40, 0x3e, 0x1c, 0x0, 0x34, 0x80, 0x7f,
    0x8f, 0x4, 0x1a, 0x0, 0x3c, 0x2e, 0xd, 0x20,
    0x1f, 0xfc, 0x3, 0xd1, 0x29, 0x0, 0xfa, 0x2e,
    0x40, 0x3f, 0xf8, 0x47, 0xb8, 0x20, 0x1f, 0x90,
    0x3, 0xff, 0x88, 0x62, 0x1, 0xff, 0xff, 0x0,
    0xff, 0xff, 0x80, 0x7f, 0xff, 0xc0, 0x3f, 0xff,
    0x63, 0xdc, 0x80, 0xf, 0xfe, 0x0,

    /* U+F0796 "󰞖" */
    0x8, 0x8f, 0xfe, 0x72, 0xb, 0xbf, 0xff, 0x3b,
    0x0, 0x3f, 0xfa, 0x3, 0xdd, 0xff, 0x68, 0x1,
    0xbb, 0xbf, 0xe8, 0x1, 0x1f, 0xf8, 0xc0, 0x2,
    0x3f, 0xfc, 0x0, 0xf, 0xff, 0xf8, 0x7, 0xff,
    0xfc, 0x3, 0xff, 0xfe, 0x1, 0xff, 0xd5, 0x10,
    0xf, 0xfe, 0x20, 0x80, 0x7f, 0x2f, 0x30, 0x7,
    0xff, 0x8, 0x72, 0xc0, 0x3e, 0x1a, 0x9, 0x60,
    0xf, 0xfe, 0x0, 0xe1, 0x24, 0x0, 0x78, 0x64,
    0x1, 0x2c, 0x1, 0xfe, 0x1c, 0x20, 0x38, 0x0,
    0xf9, 0xa4, 0x1, 0x2c, 0x1, 0xf8, 0x70, 0x80,
    0xf0, 0x3, 0xf9, 0xa4, 0x1, 0x2c, 0x1, 0xe1,
    0xc2, 0x3, 0xc0, 0xf, 0xf9, 0xa4, 0x1, 0x2c,
    0x1, 0x87, 0x8, 0xf, 0x0, 0x3f, 0xf8, 0x2d,
    0x20, 0x9, 0x60, 0x1, 0x61, 0x1, 0xe0, 0x7,
    0xff, 0xd, 0xa4, 0x1, 0x0, 0x5, 0x20, 0x3c,
    0x0, 0xff, 0xe2, 0xb4, 0x80, 0x78, 0xf0, 0x3,
    0xff, 0x8e, 0xd2, 0x1, 0x8f, 0x0, 0x3f, 0xf9,
    0x2d, 0x20, 0x3, 0xc0, 0xf, 0xfe, 0x5b, 0x49,
    0xe0, 0x7, 0xff, 0x35, 0xb0, 0x3, 0xff, 0x82,

    /* U+F0799 "󰞙" */
    0x0, 0xff, 0xe1, 0x18, 0x7, 0xff, 0x3b, 0x30,
    0x80, 0x1f, 0xfc, 0xcc, 0x30, 0xb4, 0x0, 0xff,
    0xe5, 0x61, 0x80, 0x56, 0x80, 0x1f, 0xfc, 0x8c,
    0x30, 0xe, 0xb4, 0x0, 0xff, 0xe3, 0x61, 0x80,
    0x80, 0x4, 0x1, 0x68, 0x1, 0xff, 0xc4, 0xc3,
    0x2, 0xd0, 0x3, 0x40, 0x2, 0xd0, 0x3, 0xff,
    0x85, 0x86, 0x5, 0x84, 0x1, 0x3c, 0x0, 0x2d,
    0x0, 0x3f, 0xf8, 0x18, 0x60, 0x58, 0x20, 0x1c,
    0xf0, 0x0, 0xb4, 0x0, 0xff, 0x61, 0x81, 0x60,
    0x80, 0x7c, 0xf0, 0x0, 0xb4, 0x0, 0xfd, 0x86,
    0x5, 0x82, 0x1, 0xfc, 0xf0, 0x0, 0xb4, 0x0,
    0xf0, 0x80, 0xb, 0x4, 0x3, 0xfe, 0x78, 0x0,
    0x8, 0x7, 0x87, 0x57, 0x4, 0x3, 0xff, 0x82,
    0xf1, 0x4a, 0x1, 0xf0, 0xd0, 0x80, 0x7f, 0xf0,
    0xdd, 0x40, 0x3f, 0xff, 0xe0, 0x1f, 0xff, 0xf0,
    0xf, 0xff, 0xf8, 0x7, 0xff, 0xc2, 0x23, 0xff,
    0x80, 0x0, 0x48, 0x8f, 0xf9, 0x5, 0xdf, 0xfe,
    0x60, 0x1, 0xbb, 0xff, 0xd8, 0x1, 0xff, 0xd0,
    0x1e, 0xef, 0xfe, 0x74, 0x0,

    /* U+F07D6 "󰟖" */
    0x0, 0xff, 0xea, 0xc6, 0x90, 0x7, 0xff, 0x2a,
    0x1c, 0xb0, 0x80, 0x3f, 0xf9, 0x10, 0xe0, 0x1,
    0xc2, 0x0, 0xff, 0xe3, 0x43, 0x80, 0xc, 0x7,
    0x8, 0x3, 0xff, 0x89, 0xe, 0x0, 0xbc, 0x40,
    0x1c, 0x20, 0xf, 0xfe, 0x14, 0x38, 0x2, 0xd5,
    0x56, 0x80, 0x38, 0x40, 0x1f, 0xfc, 0x8, 0x70,
    0x5, 0xae, 0xd3, 0x5a, 0x0, 0xe1, 0x0, 0x7f,
    0x85, 0x80, 0x6, 0x88, 0x30, 0xb0, 0xb4, 0x1,
    0xc2, 0x0, 0xfe, 0x1c, 0x10, 0x3b, 0x59, 0x2c,
    0x35, 0xb4, 0x1, 0xc2, 0x0, 0xfe, 0x2c, 0x10,
    0x4b, 0x6d, 0x2d, 0xa6, 0xb4, 0x1, 0xc2, 0x0,
    0xfe, 0x2c, 0x10, 0x4b, 0x6, 0x10, 0xf0, 0xb4,
    0x1, 0xc2, 0x0, 0xfe, 0x2c, 0x10, 0x4b, 0x59,
    0x69, 0x76, 0xb5, 0x1, 0xc2, 0x0, 0xfe, 0x2c,
    0x10, 0x4b, 0x69, 0x78, 0x96, 0xa5, 0x1, 0xc2,
    0x0, 0xfe, 0x2c, 0x10, 0x4b, 0x1, 0x0, 0x10,
    0x52, 0x80, 0xe1, 0x0, 0x7f, 0x16, 0x8, 0x25,
    0xb4, 0xda, 0xe3, 0x52, 0x80, 0xe1, 0x0, 0x7f,
    0x16, 0x8, 0x25, 0x32, 0x69, 0xca, 0xd2, 0x0,
    0xe0, 0x80, 0x7f, 0x16, 0x8, 0x2d, 0x5, 0x1,
    0xa1, 0xa0, 0x1, 0x4, 0x3, 0xfc, 0x58, 0x20,
    0xb4, 0xd5, 0xa5, 0x80, 0x12, 0x18, 0x7, 0xfc,
    0x58, 0x20, 0xb4, 0xa5, 0x80, 0x2, 0x1, 0xd0,
    0xf, 0xfe, 0x1, 0x60, 0x82, 0xde, 0x0, 0x1b,
    0x58, 0x20, 0x3, 0xff, 0x82, 0x58, 0x20, 0x80,
    0x2, 0x90, 0x9c, 0x60, 0xf, 0xfe, 0x11, 0x60,
    0x80, 0x45, 0x20, 0x3, 0x0, 0xff, 0xe2, 0x16,
    0xa, 0x88, 0x31, 0x80, 0x7f, 0xf1, 0xcb, 0xeb,
    0x46, 0x4c, 0x3, 0xff, 0x90, 0x20, 0x7c, 0xc0,
    0x1c,

    /* U+F07E7 "󰟧" */
    0x0, 0x13, 0xc4, 0x7f, 0xf2, 0x54, 0x2, 0x5d,
    0x87, 0x7f, 0xfe, 0x4d, 0x58, 0x2, 0xc0, 0x3f,
    0xf9, 0x88, 0xa2, 0x20, 0xf, 0xc7, 0x19, 0xbd,
    0xb4, 0xc0, 0x1f, 0xda, 0x1, 0xf8, 0xf3, 0xe,
    0x64, 0x24, 0xb3, 0xee, 0x1, 0xff, 0xc3, 0x7c,
    0x30, 0xf, 0xe8, 0xd1, 0x0, 0xff, 0xe0, 0x4c,
    0x0, 0x7f, 0xf0, 0xb, 0xc4, 0x3, 0xfc, 0xcc,
    0x0, 0xff, 0xe1, 0xe, 0x0, 0x7f, 0xc, 0x80,
    0x7f, 0xf1, 0x9, 0xc0, 0x3f, 0x48, 0x7, 0xff,
    0x1a, 0x0, 0x3f, 0x30, 0x7, 0xff, 0x1d, 0x80,
    0x3c, 0x62, 0x1, 0xff, 0xc7, 0xc0, 0xf, 0x28,
    0x0, 0xb3, 0x9c, 0x3, 0xf1, 0x67, 0x38, 0x1,
    0xc0, 0x3c, 0x20, 0x8, 0x31, 0x81, 0x0, 0xfa,
    0xc, 0x60, 0x40, 0xc0, 0x3c, 0x20, 0x1f, 0xfc,
    0x83, 0x0, 0xf1, 0x80, 0x20, 0xc6, 0x4, 0x3,
    0xe8, 0x31, 0x81, 0x1, 0x0, 0xf2, 0x0, 0xb,
    0x39, 0xc0, 0x3f, 0x16, 0x73, 0x80, 0x10, 0x3,
    0xc2, 0x60, 0x1f, 0xfc, 0x7b, 0x0, 0xfa, 0x40,
    0x3f, 0xf8, 0xc6, 0x60, 0xf, 0x94, 0xc0, 0x3f,
    0xf8, 0xbe, 0x1, 0xfd, 0xc2, 0x1, 0xff, 0xc3,
    0x73, 0x0, 0xfe, 0x2d, 0x10, 0xf, 0xfe, 0xb,
    0x40, 0x7, 0xfc, 0x78, 0x60, 0x1f, 0xf4, 0xc8,
    0x3, 0xff, 0x82, 0x59, 0x46, 0x1, 0xe1, 0x7e,
    0x60, 0xf, 0x84, 0x3, 0xf2, 0xe7, 0x54, 0xc4,
    0xe7, 0x40, 0x80, 0x7d, 0xe0, 0x80, 0x1f, 0xc2,
    0xac, 0xec, 0x60, 0x1f, 0xe4, 0xa, 0x40, 0xf,
    0xfe, 0x50, 0xd1, 0x80, 0xdf, 0xf7, 0x7f, 0xf2,
    0x94, 0x0,

    /* U+F07E8 "󰟨" */
    0x0, 0x24, 0x47, 0xff, 0x29, 0x80, 0x27, 0xb7,
    0x7f, 0xfe, 0x54, 0xe8, 0x2, 0x0, 0x3f, 0xf9,
    0x84, 0xc2, 0x0, 0x6e, 0xef, 0xfe, 0x46, 0x80,
    0x38, 0x2, 0x11, 0xff, 0xe4, 0x98, 0x7, 0xff,
    0xf1, 0xdc, 0x80, 0x1f, 0xfc, 0xc1, 0x88, 0x60,
    0x7, 0xff, 0xfc, 0x3, 0xff, 0xac, 0x22, 0xf0,
    0xf, 0xfe, 0x60, 0xf7, 0x1c, 0x3, 0xff, 0xfe,
    0x1, 0xff, 0xcf, 0x11, 0xe0, 0xf, 0x84, 0x70,
    0x7, 0xff, 0x3, 0x7b, 0xaf, 0x0, 0xf4, 0xf7,
    0x61, 0x0, 0xff, 0xed, 0xb8, 0x8c, 0x60, 0x1e,
    0x11, 0xe0, 0xf, 0xfe, 0x5, 0xf7, 0x5a, 0x1,
    0xe8, 0xee, 0xc2, 0x1, 0xff, 0xf4, 0x48, 0x8f,
    0xfe, 0x48, 0x4, 0x24, 0x6, 0xef, 0xff, 0xc8,
    0x60, 0x6, 0x7, 0x90, 0x7, 0xff, 0x2e, 0x10,
    0xb, 0x7b, 0xbf, 0xf9, 0x5e, 0xe0,

    /* U+F07E9 "󰟩" */
    0x0, 0x13, 0xc4, 0x7f, 0xf2, 0x54, 0x2, 0x5d,
    0x87, 0x7f, 0xfe, 0x4d, 0x58, 0x2, 0xc0, 0x3f,
    0xf9, 0x88, 0xa2, 0x20, 0xf, 0xc7, 0x19, 0xbd,
    0xb4, 0xc0, 0x1f, 0xda, 0x1, 0xf8, 0xf3, 0xe,
    0x64, 0x24, 0xb3, 0xee, 0x1, 0xff, 0xc3, 0x7c,
    0x30, 0xf, 0xe8, 0xd1, 0x0, 0xff, 0xe0, 0x4c,
    0x0, 0x7f, 0xf0, 0xb, 0xc4, 0x3, 0xfc, 0xcc,
    0x0, 0x5d, 0x98, 0x3, 0xf8, 0x70, 0x3, 0xf8,
    0x64, 0x0, 0x28, 0x8e, 0x0, 0xc3, 0xfe, 0x80,
    0x1, 0x38, 0x7, 0xe9, 0x0, 0xff, 0xe3, 0x40,
    0x7, 0xe6, 0x0, 0xff, 0xe3, 0xb0, 0x7, 0x8c,
    0x40, 0x3f, 0xf8, 0xf8, 0x1, 0xe5, 0x0, 0xff,
    0xe4, 0x38, 0x7, 0x84, 0x3, 0xff, 0x80, 0x35,
    0x50, 0x6, 0x30, 0xf, 0x8, 0x6, 0x1f, 0xf4,
    0x0, 0x72, 0xa8, 0x80, 0x31, 0x80, 0x78, 0xc0,
    0x3f, 0xf9, 0x2, 0x1, 0xe4, 0x0, 0xff, 0xe4,
    0x20, 0x7, 0x84, 0xc0, 0x3f, 0xf8, 0xf6, 0x1,
    0xf4, 0x80, 0x7c, 0x7d, 0xf2, 0x1, 0xf1, 0x98,
    0x3, 0xe5, 0x30, 0xf, 0x48, 0x83, 0x10, 0x7,
    0xbc, 0x3, 0xfb, 0x84, 0x3, 0x84, 0x78, 0x3,
    0x9c, 0xc0, 0x3f, 0x8b, 0x44, 0x3, 0x5f, 0x74,
    0x60, 0x19, 0xa0, 0x3, 0xfe, 0x3c, 0x30, 0xf,
    0xfa, 0x64, 0x1, 0xff, 0xc1, 0x2c, 0xa3, 0x0,
    0xf0, 0xbf, 0x30, 0x7, 0xc2, 0x1, 0xf9, 0x73,
    0xaa, 0x62, 0x73, 0xa0, 0x40, 0x3e, 0xf0, 0x40,
    0xf, 0xe1, 0x56, 0x76, 0x30, 0xf, 0xf2, 0x5,
    0x20, 0x7, 0xff, 0x28, 0x68, 0xc0, 0x6f, 0xfb,
    0xbf, 0xf9, 0x4a, 0x0,

    /* U+F07F4 "󰟴" */
    0x0, 0xfc, 0xd2, 0x1, 0xf8, 0xec, 0x40, 0x3f,
    0xf8, 0x4d, 0x2d, 0x20, 0x1e, 0x3d, 0x4d, 0x0,
    0xff, 0xe1, 0x28, 0x1, 0xa4, 0x3, 0x1e, 0x88,
    0x28, 0x7, 0xff, 0x8, 0xf0, 0x0, 0xd2, 0x0,
    0x3d, 0x10, 0x69, 0x0, 0xff, 0xe1, 0x9e, 0x0,
    0x1a, 0x4f, 0x44, 0x1a, 0x40, 0x3f, 0xcd, 0x55,
    0xe9, 0x20, 0x3, 0x60, 0x80, 0xa, 0xab, 0xd2,
    0x60, 0x9, 0x92, 0xaf, 0xc4, 0x1, 0xf2, 0x2a,
    0xf9, 0xb0, 0xc1, 0x80, 0x3f, 0xf9, 0xb2, 0x20,
    0x7, 0xff, 0xff, 0xe2, 0x70, 0x2, 0xbd, 0x80,
    0x40, 0x3f, 0xf9, 0x6a, 0x1a, 0x1, 0xff, 0xcd,
    0xa5, 0x90, 0xf, 0xfe, 0x6a, 0xd1, 0x0, 0x7f,
    0xf3, 0x6b, 0xd8, 0x3, 0xff, 0x9a, 0xa1, 0xa0,
    0x1f, 0xfc, 0xda, 0x59, 0x0, 0xff, 0xe6, 0xad,
    0x10, 0x7, 0xff, 0xfc, 0x3, 0xff, 0xee, 0x20,
    0x5, 0xaa, 0xff, 0xe2, 0x80, 0x7e, 0x30, 0x25,
    0x5f, 0xfe, 0x22, 0x0, 0x7b, 0x43, 0x50, 0x3,
    0xff, 0x94, 0x2e, 0xc0,

    /* U+F081D "󰠝" */
    0x0, 0xff, 0xe0, 0xab, 0xb2, 0x0, 0x7f, 0xf2,
    0x8f, 0xaa, 0x26, 0xfd, 0xc0, 0x3f, 0xf8, 0xe3,
    0xa2, 0x1, 0xd0, 0xa0, 0x1f, 0xc3, 0x20, 0x1f,
    0x30, 0x80, 0x7d, 0xe0, 0x1f, 0xd8, 0xd8, 0x1,
    0xec, 0x0, 0xff, 0xe3, 0x20, 0x1e, 0x0, 0x73,
    0x0, 0x7e, 0x90, 0xf, 0xe9, 0x60, 0x3c, 0x0,
    0xc2, 0x1, 0xe1, 0xb3, 0x0, 0xff, 0x4b, 0x1,
    0xe0, 0x4, 0xa0, 0x1c, 0x7e, 0x80, 0x1f, 0xf2,
    0xa8, 0x0, 0x78, 0x0, 0x93, 0x0, 0xdc, 0x20,
    0x1f, 0xf2, 0xd1, 0x80, 0x47, 0x80, 0xc, 0x30,
    0x1, 0x90, 0x7, 0x8, 0x7, 0xa0, 0x3, 0xc7,
    0x80, 0xc, 0x30, 0x25, 0x4, 0x9d, 0xfe, 0xfb,
    0x40, 0x0, 0x90, 0x7, 0xc7, 0x80, 0xc, 0x31,
    0xad, 0xb6, 0x20, 0x9, 0x2d, 0x80, 0x80, 0x3f,
    0x8f, 0x0, 0x18, 0x60, 0x40, 0x1f, 0xa4, 0x40,
    0x3f, 0xe3, 0xc0, 0x6, 0x18, 0x7, 0xf9, 0x8,
    0x3, 0xfe, 0x3c, 0x0, 0x61, 0x80, 0x7f, 0x18,
    0xa8, 0x7, 0xfc, 0x78, 0x0, 0xc7, 0x10, 0xf,
    0x8c, 0x2c, 0xc0, 0x3e, 0x73, 0x0, 0x1e, 0x0,
    0x23, 0x94, 0x3, 0xcc, 0x3, 0x94, 0xc8, 0x86,
    0xaf, 0x8c, 0x50, 0x1, 0xe0, 0x5, 0x46, 0x1,
    0x88, 0xc0, 0x25, 0x9b, 0xb4, 0xa8, 0x4, 0x20,
    0x11, 0xe0, 0x5, 0xc2, 0x1, 0x48, 0x7, 0xff,
    0x0, 0x90, 0x3, 0x1e, 0x0, 0xb, 0xe6, 0x5c,
    0x80, 0x1f, 0xf1, 0xe0, 0x7, 0x8f, 0x0, 0x2,
    0xcc, 0x10, 0xf, 0xf9, 0xf0, 0x40, 0x3e, 0x3c,
    0x0, 0xff, 0xe1, 0x9c, 0x0, 0x7e, 0x60, 0x3c,
    0x0, 0xff, 0xe1, 0x58, 0x7, 0xe2, 0x96, 0x3,
    0xc0, 0xf, 0xfe, 0xf, 0x80, 0x7e, 0x50, 0x96,
    0x3, 0xc0, 0xf, 0xfe, 0x3, 0x8, 0x7, 0x86,
    0x40, 0x12, 0xc0, 0x70, 0x1, 0xff, 0xf, 0xb0,
    0x80, 0x49, 0x82, 0x1, 0x4b, 0x24, 0x0, 0x7f,
    0xf0, 0x6, 0x7b, 0xfb, 0xec, 0x80, 0x3a, 0x6c,
    0x3, 0x0,

    /* U+F0901 "󰤁" */
    0x0, 0xf8, 0x5e, 0xfb, 0xfd, 0xd6, 0xe2, 0x1,
    0xff, 0xc0, 0x1a, 0xe8, 0x41, 0x0, 0xa, 0x47,
    0x48, 0x80, 0x7f, 0x2f, 0xa8, 0x4, 0x48, 0x82,
    0x0, 0x9b, 0xd4, 0x3, 0xe6, 0xa1, 0x2, 0xaf,
    0xdb, 0xb6, 0xfd, 0x10, 0xd, 0x30, 0x7, 0x2c,
    0x80, 0x1b, 0x54, 0x3, 0xcb, 0xac, 0x0, 0x95,
    0x0, 0x86, 0xc0, 0x13, 0x20, 0x8, 0xee, 0xc6,
    0x1, 0x4c, 0x80, 0x16, 0x20, 0xb, 0x10, 0x76,
    0x0, 0xcc, 0x88, 0x60, 0xc, 0xcc, 0x1, 0x80,
    0x15, 0x2, 0x80, 0xf, 0xfe, 0x14, 0x90, 0x30,
    0xb0, 0x2, 0x0, 0x3f, 0xf8, 0x90, 0x0, 0x6c,
    0x0, 0x28, 0x7, 0xff, 0x11, 0x40, 0x18, 0xa0,
    0x40, 0x1f, 0xfc, 0x62, 0x5, 0x10, 0x60, 0xf,
    0xfe, 0x33, 0x0, 0x80, 0x7f, 0xf3, 0x4, 0x18,
    0x3, 0xff, 0x8c, 0xc0, 0x2a, 0x4, 0x1, 0xff,
    0xc6, 0x20, 0x5c, 0x0, 0x28, 0x7, 0xff, 0x11,
    0x40, 0x18, 0xc0, 0x8, 0x0, 0xff, 0xe2, 0x40,
    0x1, 0x85, 0x40, 0xa0, 0x3, 0xff, 0x85, 0x24,
    0xa, 0x21, 0x62, 0xe, 0xc0, 0x19, 0x91, 0xc,
    0x1, 0x99, 0x80, 0x36, 0x0, 0x1b, 0x0, 0x4c,
    0x0, 0x47, 0x76, 0x30, 0xa, 0x24, 0x1, 0x62,
    0x1, 0x2c, 0x80, 0x1f, 0x54, 0x3, 0xcb, 0xae,
    0x0, 0x95, 0x0, 0xe6, 0xa1, 0x2, 0xaf, 0xdb,
    0xb6, 0xfd, 0x10, 0xd, 0x30, 0x7, 0xcb, 0xea,
    0x1, 0x12, 0x20, 0x80, 0x25, 0xf5, 0x0, 0xfe,
    0x1a, 0xe8, 0x41, 0x0, 0xa, 0x47, 0x50, 0x80,
    0x70,

    /* U+F0902 "󰤂" */
    0x0, 0xf8, 0x5e, 0xfb, 0xfd, 0xd6, 0xe2, 0x1,
    0xff, 0xc0, 0x1a, 0xe8, 0x41, 0x0, 0xa, 0x47,
    0x48, 0x80, 0x7f, 0x2f, 0xa8, 0x4, 0x48, 0x82,
    0x0, 0x9b, 0xd4, 0x3, 0xe6, 0xa1, 0x2, 0xaf,
    0xdb, 0xb6, 0xfd, 0x10, 0xd, 0x30, 0x7, 0x2c,
    0x80, 0x1b, 0x54, 0x3, 0xcb, 0xac, 0x0, 0x95,
    0x0, 0x86, 0xc0, 0x13, 0x20, 0xf, 0xf4, 0xc8,
    0x1, 0x62, 0x0, 0xb1, 0x7, 0x60, 0xf, 0xfe,
    0x3, 0x30, 0x6, 0x0, 0x54, 0xa, 0x0, 0x3f,
    0xf8, 0x52, 0x40, 0xc2, 0xc0, 0x8, 0x0, 0xff,
    0xe2, 0x40, 0x1, 0xb0, 0x0, 0xa0, 0x1f, 0xfc,
    0x45, 0x0, 0x62, 0x81, 0x0, 0x7f, 0xf1, 0x88,
    0x14, 0x41, 0x80, 0x3f, 0xf8, 0xcc, 0x2, 0x1,
    0xff, 0xcc, 0x10, 0x60, 0xf, 0xfe, 0x33, 0x0,
    0xa8, 0x10, 0x7, 0xff, 0x18, 0x81, 0x70, 0x0,
    0xa0, 0x1f, 0xfc, 0x45, 0x0, 0x63, 0x0, 0x20,
    0x3, 0xff, 0x89, 0x0, 0x6, 0x15, 0x2, 0x80,
    0xf, 0xfe, 0x14, 0x90, 0x28, 0x85, 0x88, 0x3b,
    0x0, 0x7f, 0xf0, 0x19, 0x80, 0x36, 0x0, 0x1b,
    0x0, 0x4c, 0x0, 0x7f, 0xa2, 0x40, 0x16, 0x20,
    0x12, 0xc8, 0x1, 0xf5, 0x40, 0x3c, 0xba, 0xe0,
    0x9, 0x50, 0xe, 0x6a, 0x10, 0x2a, 0xfd, 0xbb,
    0x6f, 0xd1, 0x0, 0xd3, 0x0, 0x7c, 0xbe, 0xa0,
    0x11, 0x22, 0x8, 0x2, 0x5f, 0x50, 0xf, 0xe1,
    0xae, 0x84, 0x10, 0x0, 0xa4, 0x75, 0x8, 0x7,
    0x0,

    /* U+F0903 "󰤃" */
    0x1f, 0xf4, 0x0, 0x7f, 0xff, 0xc0, 0x3f, 0xf8,
    0xa0,

    /* U+F0905 "󰤅" */
    0x0, 0x13, 0xc4, 0x7f, 0xf2, 0x54, 0x2, 0x5d,
    0x87, 0x7f, 0xfe, 0x4d, 0x58, 0x2, 0xc0, 0x3f,
    0xf9, 0x88, 0xa2, 0x20, 0xf, 0xc7, 0x17, 0xbd,
    0xb4, 0xc0, 0x1f, 0xda, 0x1, 0xf8, 0xf3, 0xe,
    0x84, 0x24, 0xb3, 0xee, 0x1, 0xff, 0xc3, 0x7c,
    0x30, 0xf, 0xe8, 0xd2, 0x0, 0xff, 0xe0, 0x4c,
    0x0, 0x7f, 0xf0, 0xb, 0x8, 0x3, 0xfc, 0xcc,
    0x0, 0xff, 0xe1, 0xf, 0x80, 0x7f, 0xc, 0x80,
    0x7, 0x54, 0x3, 0xc3, 0x50, 0x0, 0x28, 0x0,
    0xfd, 0x20, 0x15, 0x95, 0x28, 0x7, 0x62, 0xb9,
    0x0, 0x1c, 0x40, 0x3e, 0x60, 0x1, 0xa8, 0x12,
    0x80, 0x75, 0x80, 0x20, 0x2, 0x70, 0xf, 0x18,
    0x80, 0x3c, 0x1, 0x20, 0x1e, 0x62, 0x5, 0x30,
    0x6, 0x0, 0x79, 0x40, 0x6, 0x60, 0x44, 0x0,
    0x7d, 0x20, 0x9, 0x0, 0x38, 0x7, 0x84, 0x0,
    0x7a, 0x92, 0x1, 0xf9, 0x16, 0x68, 0x0, 0x60,
    0x1e, 0x10, 0x8, 0xac, 0x80, 0x3f, 0xa9, 0x80,
    0x3f, 0xc6, 0x1, 0xff, 0xc8, 0x20, 0xf, 0x20,
    0x7, 0xf2, 0x20, 0x80, 0x3f, 0x28, 0x7, 0x84,
    0xc0, 0x3e, 0x1b, 0xb5, 0x0, 0x7e, 0xd0, 0xf,
    0xa4, 0x3, 0xff, 0x8c, 0x68, 0x1, 0xf2, 0x98,
    0x7, 0xff, 0x16, 0x0, 0x3f, 0xb8, 0x40, 0x3f,
    0xf8, 0x6e, 0x80, 0x1f, 0xc5, 0xa2, 0x1, 0xff,
    0xc1, 0x68, 0x0, 0xff, 0x8f, 0xc, 0x2, 0x1f,
    0xf4, 0x0, 0x69, 0x90, 0x7, 0xff, 0x4, 0xb2,
    0x8c, 0x3, 0xc2, 0xfc, 0xc0, 0x1f, 0x8, 0x7,
    0xe5, 0xce, 0xa9, 0x89, 0xce, 0x81, 0x0, 0xfb,
    0xc1, 0x0, 0x3f, 0x85, 0x59, 0xd8, 0xc0, 0x3f,
    0xc8, 0x14, 0x80, 0x1f, 0xfc, 0xa1, 0xa3, 0x1,
    0xbf, 0xee, 0xff, 0xe5, 0x28, 0x0,

    /* U+F0906 "󰤆" */
    0x0, 0xff, 0x87, 0xfd, 0x0, 0x1f, 0xff, 0x73,
    0xd2, 0x0, 0xff, 0xe0, 0xd4, 0x80, 0x7c, 0x58,
    0x58, 0x20, 0x1f, 0xf4, 0xab, 0x40, 0x7, 0xbc,
    0x0, 0xe2, 0x1, 0xff, 0x68, 0x1, 0xcc, 0x3,
    0x31, 0x2, 0x48, 0x7, 0xff, 0x1, 0x28, 0x1,
    0xc0, 0x1a, 0xc0, 0x12, 0x1, 0xff, 0xc2, 0x54,
    0x2, 0x50, 0x1, 0x90, 0x29, 0x0, 0x7f, 0xf0,
    0xe0, 0x1, 0xe0, 0x4, 0x0, 0x70, 0x7, 0xff,
    0x10, 0xc8, 0x14, 0x1, 0xa0, 0x5, 0x0, 0xff,
    0xe2, 0xb8, 0x0, 0x41, 0x80, 0x2, 0x1, 0xff,
    0xc5, 0x20, 0x1, 0x0, 0x42, 0x1, 0xff, 0xcb,
    0x60, 0x10, 0xf, 0x86, 0xed, 0x40, 0x1f, 0x8,
    0x0, 0x80, 0x80, 0x6, 0x1, 0xf2, 0x20, 0x80,
    0x3e, 0x40, 0x0, 0x86, 0x0, 0x28, 0x3, 0xff,
    0x88, 0x44, 0x5, 0x0, 0x20, 0x83, 0x8, 0x7,
    0xff, 0xe, 0x0, 0x1e, 0x1, 0x48, 0x3, 0x40,
    0x3f, 0xf8, 0x4a, 0xa0, 0x25, 0x0, 0x9c, 0x80,
    0xe4, 0x3, 0xff, 0x80, 0x74, 0x0, 0x90, 0xe,
    0xe0, 0x3, 0x58, 0x80, 0x7f, 0x36, 0x0, 0x1d,
    0x0, 0x38, 0xec, 0x0, 0x9e, 0xe2, 0x1, 0xc9,
    0x72, 0x0, 0x68, 0x0, 0xf9, 0x2c, 0x40, 0x63,
    0xb6, 0xed, 0x9f, 0x68, 0x0, 0x79, 0x0, 0xfe,
    0x4f, 0x60, 0x8, 0x91, 0x6, 0x1, 0x15, 0xc0,
    0x7, 0xfc, 0x33, 0xd2, 0x82, 0x1, 0x1b, 0x66,
    0xa0, 0x7, 0xff, 0x8, 0x5a, 0xfb, 0xfe, 0xc9,
    0x30, 0xf, 0xc0,

    /* U+F0907 "󰤇" */
    0x0, 0xff, 0x67, 0xfb, 0xa9, 0x0, 0x3f, 0xf8,
    0xe4, 0x60, 0x1, 0x5b, 0xa0, 0xf, 0xfe, 0x31,
    0x52, 0x80, 0x65, 0xd0, 0xf, 0xfe, 0x32, 0xb0,
    0x7, 0x15, 0x10, 0x7, 0xff, 0x15, 0x80, 0x3c,
    0xbb, 0xf0, 0x1, 0xff, 0xc3, 0xae, 0xc9, 0x20,
    0xe, 0x7b, 0x0, 0xff, 0xe1, 0x89, 0xb0, 0x80,
    0x66, 0x94, 0xb0, 0xf, 0xfe, 0x20, 0x98, 0x6,
    0x96, 0x62, 0x30, 0x7, 0xf8, 0x84, 0x2, 0x50,
    0xe, 0x64, 0x70, 0xb0, 0xf, 0x8e, 0xff, 0x7b,
    0xfb, 0x6c, 0x3, 0xa6, 0xc4, 0xc, 0x3, 0xcd,
    0x88, 0x1, 0x84, 0x80, 0x3f, 0xca, 0x1, 0xcb,
    0x20, 0x1f, 0xfc, 0x51, 0x90, 0xe, 0xb0, 0xf,
    0xfe, 0x23, 0x47, 0x90, 0x6, 0x41, 0x0, 0xfe,
    0x10, 0xf, 0x4b, 0x88, 0x7, 0x18, 0x7, 0xe8,
    0xfe, 0xc2, 0x0, 0x8c, 0x3, 0xf7, 0x80, 0x7c,
    0x57, 0x65, 0x3e, 0x0, 0xbc, 0x3, 0xff, 0x88,
    0x46, 0x94, 0xe6, 0x60, 0x43, 0x0, 0xf8, 0xc8,
    0x3, 0xfe, 0x90, 0x50, 0x42, 0x0, 0xf5, 0x62,
    0x80, 0x7f, 0xc2, 0x16, 0x0, 0xe0, 0xf, 0x28,
    0x7, 0xff, 0x4, 0xc0, 0x98, 0xd, 0x40, 0x38,
    0xc0, 0xa, 0x20, 0x1f, 0x87, 0xc0, 0x10, 0x21,
    0x60, 0x1d, 0x93, 0x54, 0x70, 0xf, 0x85, 0xee,
    0x8, 0x60, 0x5, 0xc0, 0x39, 0x94, 0x98, 0x3,
    0xe1, 0x67, 0x78, 0x18, 0x82, 0x4, 0x3, 0xc4,
    0x40, 0xf, 0xfe, 0x14, 0x80, 0x2c, 0x0,

    /* U+F091F "󰤟" */
    0x0, 0xfe, 0x25, 0x9b, 0xde, 0xff, 0x76, 0xdc,
    0xa9, 0x0, 0x7f, 0xf0, 0xc6, 0x37, 0x54, 0xc8,
    0x42, 0x0, 0x12, 0x46, 0xad, 0xd4, 0x8, 0x7,
    0xf8, 0xef, 0x9c, 0x80, 0x31, 0x1a, 0x20, 0xc8,
    0x3, 0x13, 0xf5, 0x98, 0x7, 0x86, 0xb1, 0x0,
    0x25, 0x9d, 0xfd, 0xcb, 0xb6, 0x6f, 0xec, 0xa8,
    0x4, 0x99, 0x42, 0x1, 0x37, 0x28, 0x0, 0xa7,
    0xe9, 0x88, 0x3, 0xf1, 0x35, 0x7c, 0x90, 0x1,
    0x79, 0x80, 0xe4, 0x0, 0x55, 0xac, 0x1, 0xff,
    0xc4, 0x6d, 0xa2, 0x0, 0x4a, 0x1b, 0x80, 0x5,
    0x40, 0x3f, 0xf9, 0xa, 0x20, 0x6, 0x40, 0x84,
    0x3, 0xa0, 0xf, 0xfe, 0x45, 0x18, 0x1c, 0x80,
    0x54, 0x40, 0xae, 0x1, 0xff, 0xc6, 0x65, 0x1,
    0xd0, 0xc, 0x3c, 0x0, 0x84, 0x0, 0xff, 0xe2,
    0x1c, 0x80, 0x34, 0x40, 0x38, 0xe8, 0x1, 0x44,
    0x1, 0xff, 0xc2, 0x1d, 0x0, 0x49, 0x80, 0x7c,
    0xae, 0x3, 0xe0, 0x1f, 0xfc, 0x2d, 0x10, 0x66,
    0x0, 0x7f, 0x42, 0x1, 0x50, 0x7, 0xff, 0x2,
    0x8c, 0xe, 0x40, 0x3f, 0xea, 0x20, 0x57, 0x2,
    0x69, 0xaa, 0x4b, 0x8, 0x3a, 0x80, 0xe8, 0x7,
    0xff, 0x0, 0x78, 0x1, 0x19, 0xb2, 0xca, 0xa6,
    0x9e, 0xb8, 0x0, 0x68, 0x80, 0x7f, 0xf0, 0x4e,
    0x80, 0x6, 0x1, 0xf9, 0x0, 0x12, 0x60, 0x1f,
    0xfc, 0x35, 0x70, 0xf, 0xfe, 0x3, 0x30, 0x3,
    0xff, 0x8b, 0x8, 0x1, 0xfe, 0x39, 0x0, 0xff,
    0xe3, 0xd1, 0x0, 0x7e, 0x1d, 0x0, 0xff, 0xe4,
    0xf, 0x0, 0x7e, 0xd1, 0x0, 0xff, 0xe4, 0x9d,
    0x0, 0x7a, 0x8c, 0x3, 0xff, 0x96, 0xae, 0x1,
    0x9d, 0x40, 0x3f, 0xf9, 0xb0, 0x80, 0x4, 0x80,
    0xf, 0xfe, 0x7d, 0x10, 0xd0, 0x7, 0xff, 0x40,
    0x7b, 0x44, 0x3, 0xff, 0x84,

    /* U+F0920 "󰤠" */
    0x0, 0xfe, 0x25, 0x9b, 0xde, 0xff, 0x76, 0xdc,
    0xa9, 0x0, 0x7f, 0xf0, 0xca, 0x37, 0x54, 0xc8,
    0x42, 0x0, 0x12, 0x46, 0xad, 0xd4, 0x10, 0x7,
    0xf8, 0xef, 0x5c, 0x80, 0x31, 0x1a, 0x20, 0xc8,
    0x3, 0x13, 0xed, 0xa0, 0x7, 0x8a, 0xf1, 0x0,
    0x2, 0xd5, 0xbf, 0xb9, 0x76, 0xcd, 0xfd, 0x95,
    0x0, 0x92, 0xec, 0x40, 0x13, 0x6a, 0x0, 0x12,
    0xfa, 0x54, 0x80, 0x3f, 0x13, 0x57, 0xd1, 0x80,
    0x13, 0x60, 0xa, 0x40, 0x7, 0x96, 0x80, 0x1f,
    0xfc, 0x45, 0xcc, 0x18, 0x1, 0xd4, 0xa0, 0x0,
    0x44, 0x0, 0xff, 0xe4, 0x1d, 0x3b, 0xa5, 0x41,
    0xd4, 0x7, 0x40, 0x3f, 0xf9, 0x2d, 0x10, 0x60,
    0xa, 0x88, 0xe, 0x40, 0x3f, 0xfa, 0x1e, 0x0,
    0x66, 0x0, 0x7f, 0xf1, 0x19, 0x0, 0x1d, 0xc9,
    0x0, 0xc5, 0x60, 0x9, 0x30, 0xf, 0xfe, 0x11,
    0xc8, 0x4, 0x22, 0x30, 0xe, 0x47, 0x0, 0x68,
    0x80, 0x7f, 0xf0, 0x7, 0x40, 0x3f, 0xf8, 0x30,
    0x80, 0x3a, 0x1, 0xff, 0xc0, 0xd1, 0x0, 0xff,
    0xe1, 0x51, 0x1, 0xd0, 0x2c, 0xe7, 0x73, 0x25,
    0x42, 0x8c, 0xd, 0x0, 0x3f, 0xf8, 0x3, 0xe0,
    0x5, 0xfa, 0x63, 0x11, 0x1b, 0x57, 0xa8, 0xe,
    0x80, 0x7f, 0xf0, 0x8a, 0x80, 0x3f, 0xf8, 0x5a,
    0x20, 0x1f, 0xfc, 0x35, 0x70, 0xf, 0xfe, 0x4,
    0x98, 0x7, 0xff, 0x16, 0x10, 0x3, 0xfc, 0xac,
    0x1, 0xdd, 0xcb, 0x0, 0xff, 0xa8, 0x80, 0x3f,
    0x15, 0x0, 0x78, 0x46, 0x0, 0xff, 0x87, 0xc0,
    0x3e, 0x1f, 0x0, 0xff, 0xe5, 0x15, 0x0, 0x7a,
    0x88, 0x3, 0xef, 0xf5, 0x0, 0x7f, 0xf0, 0x55,
    0xc0, 0x33, 0xa0, 0x7, 0xff, 0x36, 0x10, 0x0,
    0x90, 0x1, 0xfc, 0xaa, 0xd0, 0xf, 0xfe, 0x1d,
    0x11, 0x28, 0x3, 0xfd, 0x54, 0x70, 0xf, 0xfe,
    0x18, 0xf7, 0x88, 0x7, 0xff, 0x8,

    /* U+F0921 "󰤡" */
    0x0, 0xfe, 0x25, 0x9b, 0xde, 0xff, 0x76, 0xdc,
    0xa9, 0x0, 0x7f, 0xf0, 0xc6, 0x37, 0x54, 0xc8,
    0x42, 0x0, 0x12, 0x46, 0xad, 0xd4, 0x8, 0x7,
    0xf8, 0xef, 0x9c, 0x80, 0x31, 0x1a, 0x20, 0xc8,
    0x3, 0x13, 0xf5, 0x98, 0x7, 0x86, 0xb1, 0x0,
    0x25, 0x9d, 0xfd, 0xcb, 0xb6, 0x6f, 0xe4, 0xa8,
    0x4, 0x99, 0x42, 0x1, 0x37, 0x28, 0x0, 0xa7,
    0xe9, 0x88, 0x3, 0xf1, 0xb5, 0x74, 0x90, 0x1,
    0x79, 0x80, 0xe4, 0x0, 0x55, 0xac, 0x1, 0xff,
    0xc3, 0x16, 0xda, 0x20, 0x4, 0x99, 0x9c, 0x0,
    0x2a, 0x1, 0xff, 0xc8, 0x51, 0x0, 0x39, 0x84,
    0x20, 0x1d, 0x0, 0x7f, 0xf2, 0x28, 0xc1, 0x20,
    0x2, 0xa2, 0x5, 0x70, 0xf, 0xfe, 0x33, 0xa8,
    0xd, 0x0, 0x61, 0xf0, 0x4, 0x20, 0x7, 0xff,
    0x14, 0xa1, 0x34, 0x40, 0x38, 0xa8, 0x1, 0x44,
    0x1, 0xff, 0xc4, 0x57, 0xb3, 0x0, 0xf9, 0x5c,
    0x7, 0xc0, 0x3f, 0xfa, 0x10, 0xa0, 0x56, 0x1,
    0xff, 0xc1, 0x7d, 0xfc, 0x40, 0xf, 0xf5, 0x10,
    0x24, 0x1, 0x34, 0xd5, 0x21, 0x40, 0x2b, 0x81,
    0x52, 0xb6, 0x0, 0xff, 0x78, 0x83, 0xee, 0xa5,
    0x95, 0x4f, 0x42, 0x8, 0x86, 0xca, 0xe1, 0x90,
    0xf, 0xf1, 0x50, 0x0, 0x80, 0x3c, 0x42, 0x2,
    0x18, 0x1, 0x28, 0x7, 0xff, 0x1, 0x20, 0x3,
    0xf6, 0x0, 0xc, 0x3, 0xe1, 0x0, 0xff, 0x9d,
    0x40, 0x3c, 0xe2, 0xb, 0x1, 0x7d, 0xd2, 0x6,
    0x90, 0x7, 0xfd, 0x46, 0x1, 0xda, 0x0, 0xa1,
    0x1, 0x1c, 0x0, 0x3b, 0x0, 0xff, 0xe0, 0x68,
    0x80, 0x7f, 0xf1, 0x48, 0x3, 0xff, 0x80, 0x3a,
    0x1, 0xff, 0xd3, 0x39, 0x0, 0xff, 0xe9, 0xb3,
    0x0, 0x2, 0x1, 0xff, 0xd0, 0x93, 0x44, 0x0,
    0x7f, 0xf0, 0x4, 0x3, 0xff, 0x89, 0xb4, 0x1,
    0x38, 0x7, 0xe1, 0xe0, 0xf, 0xfe, 0x20, 0x88,
    0x2, 0x8f, 0xee, 0xfc, 0x80,

    /* U+F0922 "󰤢" */
    0x0, 0xfe, 0x25, 0x9b, 0xde, 0xff, 0x76, 0xdc,
    0xa9, 0x0, 0x7f, 0xf0, 0xc6, 0x37, 0x54, 0xc8,
    0x42, 0x0, 0x12, 0x46, 0xad, 0xd4, 0x8, 0x7,
    0xf8, 0xef, 0x9c, 0x80, 0x31, 0x1a, 0x20, 0xc8,
    0x3, 0x13, 0xf5, 0x98, 0x7, 0x86, 0xb1, 0x0,
    0x25, 0x9d, 0xfd, 0xcb, 0xb6, 0x6f, 0xec, 0xa8,
    0x4, 0x99, 0x42, 0x1, 0x37, 0x28, 0x0, 0xa7,
    0xe9, 0x88, 0x3, 0xf1, 0x35, 0x7c, 0x90, 0x1,
    0x79, 0x80, 0xe4, 0x0, 0x55, 0xac, 0x1, 0xff,
    0xc4, 0x6d, 0xa2, 0x0, 0x4a, 0x1b, 0x80, 0x5,
    0x40, 0x3f, 0xf9, 0xa, 0x20, 0x6, 0x40, 0x84,
    0x3, 0xa0, 0xf, 0xfe, 0x45, 0x18, 0x1c, 0x80,
    0x54, 0x40, 0xae, 0x1, 0xff, 0xc6, 0x75, 0x1,
    0xd0, 0xc, 0x3c, 0x0, 0x84, 0x0, 0xc6, 0xf3,
    0x54, 0x97, 0x40, 0xc, 0x90, 0x0, 0xd1, 0x0,
    0xe3, 0xa0, 0x5, 0x11, 0x27, 0xb2, 0x19, 0x54,
    0xd1, 0x7f, 0x24, 0x4a, 0x0, 0x49, 0x80, 0x7c,
    0xae, 0x3, 0x9a, 0xc2, 0x1, 0xfc, 0xdb, 0x82,
    0xc, 0xc0, 0xf, 0xe8, 0x40, 0x10, 0xf, 0xfe,
    0x10, 0x81, 0xc8, 0x7, 0xfd, 0x44, 0x1, 0xff,
    0xc4, 0x1d, 0x0, 0xff, 0xe0, 0xf, 0x0, 0x7f,
    0xf1, 0x34, 0x40, 0x3f, 0xf8, 0x27, 0x40, 0x1f,
    0xfc, 0x29, 0x30, 0xf, 0xfe, 0x1a, 0xb8, 0x7,
    0xff, 0x1, 0x98, 0x1, 0xff, 0xc5, 0x84, 0x0,
    0xff, 0x1c, 0x80, 0x7f, 0xf1, 0xe8, 0x80, 0x3f,
    0xe, 0x80, 0x7f, 0xf2, 0x7, 0x80, 0x3f, 0x68,
    0x80, 0x7f, 0xf2, 0x4e, 0x80, 0x3d, 0x46, 0x1,
    0xff, 0xcb, 0x57, 0x0, 0xce, 0xa0, 0x1f, 0xfc,
    0xd8, 0x40, 0x2, 0x40, 0x7, 0xff, 0x3e, 0x88,
    0x68, 0x3, 0xff, 0xa0, 0x3d, 0xa2, 0x1, 0xff,
    0xc2,

    /* U+F0924 "󰤤" */
    0x0, 0xfe, 0x25, 0x9b, 0xde, 0xff, 0x76, 0xdc,
    0xa9, 0x0, 0x7f, 0xf0, 0xc6, 0x37, 0x54, 0xc8,
    0x42, 0x0, 0x12, 0x46, 0xad, 0xd4, 0x8, 0x7,
    0xf8, 0xef, 0x9c, 0x80, 0x31, 0x1a, 0x20, 0xc8,
    0x3, 0x13, 0xf5, 0x98, 0x7, 0x86, 0xb1, 0x0,
    0x25, 0x9d, 0xfd, 0xcb, 0xb6, 0x6f, 0xe4, 0xa8,
    0x4, 0x99, 0x42, 0x1, 0x37, 0x28, 0x0, 0xa7,
    0xe9, 0x88, 0x3, 0xf1, 0xb5, 0x74, 0x90, 0x1,
    0x79, 0x80, 0xe4, 0x0, 0x55, 0xac, 0x1, 0xff,
    0xc3, 0x16, 0xda, 0x20, 0x4, 0x99, 0x9c, 0x0,
    0x2a, 0x1, 0xff, 0xc8, 0x51, 0x0, 0x39, 0x84,
    0x20, 0x1d, 0x0, 0x7f, 0xf2, 0x28, 0xc1, 0x20,
    0x2, 0xa2, 0x5, 0x70, 0xf, 0xfe, 0x33, 0xa8,
    0xd, 0x0, 0x61, 0xf0, 0x4, 0x20, 0x6, 0x47,
    0x9a, 0xa4, 0xb9, 0x80, 0x71, 0x42, 0x68, 0x80,
    0x71, 0x50, 0x2, 0x88, 0x93, 0xd7, 0xc, 0xaa,
    0x68, 0xcf, 0x40, 0x9, 0x5e, 0xcc, 0x3, 0xe5,
    0x70, 0x1c, 0xd6, 0x10, 0xf, 0xce, 0x80, 0x1f,
    0xfc, 0x38, 0x50, 0x10, 0xf, 0xf2, 0x40, 0x1,
    0xf7, 0xf1, 0x0, 0x3f, 0xd4, 0x40, 0x1f, 0xf7,
    0x80, 0x2e, 0x5, 0x4a, 0xd8, 0x3, 0xfd, 0xe2,
    0x1, 0xfe, 0x40, 0x44, 0x36, 0x57, 0xc, 0x80,
    0x7f, 0x8a, 0x80, 0x3f, 0x88, 0x0, 0x21, 0x80,
    0x12, 0x80, 0x7f, 0xf0, 0x12, 0x0, 0x3f, 0x60,
    0x0, 0xc0, 0x3e, 0x10, 0xf, 0xf9, 0xd4, 0x3,
    0xce, 0x20, 0xb0, 0x17, 0xdd, 0x20, 0x69, 0x0,
    0x7f, 0xd4, 0x60, 0x1d, 0xa0, 0xa, 0x10, 0x11,
    0xc0, 0x3, 0xb0, 0xf, 0xfe, 0x6, 0x88, 0x7,
    0xff, 0x14, 0x80, 0x3f, 0xf8, 0x3, 0xa0, 0x1f,
    0xfd, 0x33, 0x90, 0xf, 0xfe, 0x9b, 0x30, 0x0,
    0x20, 0x1f, 0xfd, 0x9, 0x34, 0x40, 0x7, 0xff,
    0x0, 0x40, 0x3f, 0xf8, 0x9b, 0x40, 0x13, 0x80,
    0x7e, 0x1e, 0x0, 0xff, 0xe2, 0x8, 0x80, 0x28,
    0xfe, 0xef, 0xc8, 0x0,

    /* U+F0925 "󰤥" */
    0x0, 0xfe, 0x25, 0x9b, 0xde, 0xff, 0x76, 0xdc,
    0xa9, 0x0, 0x7f, 0xf0, 0xc6, 0x37, 0x54, 0xc8,
    0x42, 0x0, 0x12, 0x46, 0xad, 0xd4, 0x8, 0x7,
    0xf8, 0xef, 0x9c, 0x80, 0x31, 0x1a, 0x20, 0xc8,
    0x3, 0x13, 0xf5, 0x98, 0x7, 0x86, 0xb1, 0x0,
    0x25, 0x9d, 0xfd, 0xcb, 0xb6, 0x6f, 0xec, 0xa8,
    0x4, 0x99, 0x42, 0x1, 0x37, 0x28, 0x0, 0xa7,
    0xe9, 0x88, 0x3, 0xf1, 0x35, 0x7c, 0x90, 0x1,
    0x79, 0x80, 0xe4, 0x0, 0x55, 0xac, 0x1, 0xff,
    0xc4, 0x6d, 0xa2, 0x0, 0x4a, 0x1b, 0x80, 0x5,
    0x40, 0x3e, 0x13, 0x44, 0x18, 0x80, 0x7c, 0xa2,
    0x0, 0x64, 0x8, 0x40, 0x3a, 0x0, 0x85, 0xaf,
    0xb9, 0x97, 0x6c, 0xee, 0x53, 0x0, 0x6a, 0x30,
    0x39, 0x0, 0xa8, 0x81, 0x58, 0xab, 0xa5, 0x4,
    0x3, 0xc2, 0xb3, 0xf2, 0x2e, 0xa0, 0x3a, 0x1,
    0x87, 0x80, 0x13, 0xaa, 0x1, 0xff, 0xc2, 0x6e,
    0x80, 0x6, 0x88, 0x7, 0x1d, 0x0, 0x7f, 0xf2,
    0xa4, 0xc0, 0x3e, 0x57, 0x0, 0xff, 0xe4, 0x33,
    0x0, 0x3f, 0xa1, 0x0, 0x3f, 0xf8, 0xc7, 0x20,
    0x1f, 0xf5, 0x10, 0x7, 0xff, 0x10, 0x74, 0x3,
    0xff, 0x80, 0x3c, 0x1, 0xff, 0xc4, 0xd1, 0x0,
    0xff, 0xe0, 0x9d, 0x0, 0x7f, 0xf0, 0xa4, 0xc0,
    0x3f, 0xf8, 0x6a, 0xe0, 0x1f, 0xfc, 0x6, 0x60,
    0x7, 0xff, 0x16, 0x10, 0x3, 0xfc, 0x72, 0x1,
    0xff, 0xc7, 0xa2, 0x0, 0xfc, 0x3a, 0x1, 0xff,
    0xc8, 0x1e, 0x0, 0xfd, 0xa2, 0x1, 0xff, 0xc9,
    0x3a, 0x0, 0xf5, 0x18, 0x7, 0xff, 0x2d, 0x5c,
    0x3, 0x3a, 0x80, 0x7f, 0xf3, 0x61, 0x0, 0x9,
    0x0, 0x1f, 0xfc, 0xfa, 0x21, 0xa0, 0xf, 0xfe,
    0x80, 0xf6, 0x88, 0x7, 0xff, 0x8,

    /* U+F0927 "󰤧" */
    0x0, 0xfe, 0x25, 0x9b, 0xde, 0xff, 0x76, 0xdc,
    0xa9, 0x0, 0x7f, 0xf0, 0xc6, 0x37, 0x54, 0xc8,
    0x42, 0x0, 0x12, 0x46, 0xad, 0xd4, 0x8, 0x7,
    0xf8, 0xef, 0x9c, 0x80, 0x31, 0x1a, 0x20, 0xc8,
    0x3, 0x13, 0xf5, 0x98, 0x7, 0x86, 0xb1, 0x0,
    0x25, 0x9d, 0xfd, 0xcb, 0xb6, 0x6f, 0xe4, 0xa8,
    0x4, 0x99, 0x42, 0x1, 0x37, 0x28, 0x0, 0xa7,
    0xe9, 0x88, 0x3, 0xf1, 0xb5, 0x74, 0x90, 0x1,
    0x79, 0x80, 0xe4, 0x0, 0x55, 0xac, 0x1, 0xff,
    0xc3, 0x16, 0xda, 0x20, 0x4, 0x99, 0x9c, 0x0,
    0x2a, 0x1, 0xf0, 0x9a, 0x20, 0xc4, 0x3, 0xe5,
    0x10, 0x3, 0x98, 0x42, 0x1, 0xd0, 0x4, 0x2d,
    0x7d, 0xcc, 0xbb, 0x67, 0x72, 0x98, 0x3, 0x51,
    0x82, 0x40, 0x5, 0x44, 0xa, 0xc5, 0x5d, 0x28,
    0x20, 0x1e, 0x15, 0x9f, 0x91, 0x75, 0x1, 0xa0,
    0xc, 0x3e, 0x0, 0x9d, 0x50, 0xf, 0xfe, 0x1b,
    0x94, 0x26, 0x88, 0x7, 0x15, 0x0, 0x7f, 0xf1,
    0x1b, 0xe5, 0x95, 0xec, 0xc0, 0x3e, 0x57, 0x0,
    0xff, 0xe1, 0x44, 0x80, 0x7f, 0xf0, 0xe1, 0x40,
    0x3f, 0xf8, 0x8, 0xe0, 0x7, 0xdf, 0xc4, 0x0,
    0xff, 0x51, 0x0, 0x7f, 0xde, 0x0, 0xb8, 0x15,
    0x2b, 0x60, 0xf, 0xf7, 0x88, 0x7, 0xf9, 0x1,
    0x10, 0xd9, 0x5c, 0x32, 0x1, 0xfe, 0x2a, 0x0,
    0xfe, 0x20, 0x0, 0x86, 0x0, 0x4a, 0x1, 0xff,
    0xc0, 0x48, 0x0, 0xfd, 0x80, 0x18, 0x40, 0x21,
    0x0, 0xff, 0xe0, 0xba, 0x80, 0x79, 0xc4, 0x16,
    0xc2, 0xbb, 0xa5, 0xc, 0x20, 0xf, 0xfa, 0x8c,
    0x3, 0xb4, 0x1, 0x42, 0x2, 0x38, 0x0, 0x76,
    0x1, 0xff, 0xc0, 0xd1, 0x0, 0xc2, 0x1, 0xff,
    0xc0, 0x30, 0xf, 0xfe, 0x0, 0xe8, 0x7, 0xff,
    0x4c, 0xe4, 0x3, 0xff, 0xa6, 0xcc, 0x0, 0xff,
    0xe9, 0xc9, 0xa2, 0x0, 0x3f, 0xfa, 0x3b, 0x40,
    0x13, 0x80, 0x7e, 0x1e, 0x0, 0xff, 0xe2, 0x8,
    0x80, 0x28, 0xfe, 0xef, 0xc8, 0x0,

    /* U+F0928 "󰤨" */
    0x0, 0xfe, 0x25, 0x9b, 0xde, 0xff, 0x76, 0xdc,
    0xa9, 0x0, 0x7f, 0xf0, 0xc6, 0x37, 0x54, 0xc8,
    0x42, 0x0, 0x12, 0x46, 0xad, 0xd4, 0x8, 0x7,
    0xf8, 0xef, 0x9c, 0x80, 0x3f, 0xf8, 0x44, 0xfd,
    0x66, 0x1, 0xe1, 0xac, 0x40, 0xf, 0xfe, 0x42,
    0x65, 0x8, 0x4, 0xdc, 0xa0, 0x1f, 0xfc, 0xc5,
    0xe6, 0x3, 0x90, 0xf, 0xfe, 0x84, 0xa1, 0xb8,
    0x7, 0xff, 0x41, 0x90, 0x21, 0x0, 0x3f, 0xf9,
    0xc7, 0x20, 0x15, 0x10, 0x7, 0xff, 0x30, 0x74,
    0x3, 0xf, 0x0, 0x7f, 0xf3, 0x34, 0x40, 0x38,
    0xe8, 0x3, 0xff, 0x95, 0x26, 0x1, 0xf2, 0xb8,
    0x7, 0xff, 0x21, 0x98, 0x1, 0xfd, 0x8, 0x1,
    0xff, 0xc6, 0x39, 0x0, 0xff, 0xa8, 0x80, 0x3f,
    0xf8, 0x83, 0xa0, 0x1f, 0xfc, 0x1, 0xe0, 0xf,
    0xfe, 0x26, 0x88, 0x7, 0xff, 0x4, 0xe8, 0x3,
    0xff, 0x85, 0x26, 0x1, 0xff, 0xc3, 0x57, 0x0,
    0xff, 0xe0, 0x33, 0x0, 0x3f, 0xf8, 0xb0, 0x80,
    0x1f, 0xe3, 0x90, 0xf, 0xfe, 0x3d, 0x10, 0x7,
    0xe1, 0xd0, 0xf, 0xfe, 0x40, 0xf0, 0x7, 0xed,
    0x10, 0xf, 0xfe, 0x49, 0xd0, 0x7, 0xa8, 0xc0,
    0x3f, 0xf9, 0x6a, 0xe0, 0x19, 0xd4, 0x3, 0xff,
    0x9b, 0x8, 0x0, 0x48, 0x0, 0xff, 0xe7, 0xd1,
    0xd, 0x0, 0x7f, 0xf4, 0x7, 0xb4, 0x40, 0x3f,
    0xf8, 0x40,

    /* U+F092A "󰤪" */
    0x0, 0xfe, 0x25, 0x9b, 0xde, 0xff, 0x76, 0xdc,
    0xa9, 0x0, 0x7f, 0xf0, 0xc6, 0x37, 0x54, 0xc8,
    0x42, 0x0, 0x12, 0x46, 0xad, 0xd4, 0x8, 0x7,
    0xf8, 0xef, 0x9c, 0x80, 0x3f, 0xf8, 0x44, 0xfd,
    0x66, 0x1, 0xe1, 0xac, 0x40, 0xf, 0xfe, 0x42,
    0x65, 0x8, 0x4, 0xdc, 0xa0, 0x1f, 0xfc, 0xc5,
    0xe6, 0x3, 0x90, 0xf, 0xfe, 0x84, 0x99, 0x9c,
    0x3, 0xff, 0xa0, 0xe6, 0x10, 0x80, 0x1f, 0xfc,
    0xe4, 0x80, 0xa, 0x88, 0x3, 0xff, 0x98, 0x34,
    0x1, 0x87, 0xc0, 0x3f, 0xf8, 0xed, 0x35, 0x9,
    0xa2, 0x1, 0xc5, 0x40, 0x1f, 0xfc, 0x46, 0xf9,
    0x65, 0x7b, 0x30, 0xf, 0x95, 0xc0, 0x3f, 0xf8,
    0x51, 0x20, 0x1f, 0xfc, 0x38, 0x50, 0xf, 0xfe,
    0x2, 0x38, 0x1, 0xf7, 0xf1, 0x0, 0x3f, 0xd4,
    0x40, 0x1f, 0xf7, 0x80, 0x2e, 0x5, 0x4a, 0xd8,
    0x3, 0xfd, 0xe2, 0x1, 0xfe, 0x40, 0x44, 0x36,
    0x57, 0xc, 0x80, 0x7f, 0x8a, 0x80, 0x3f, 0x88,
    0x0, 0x21, 0x80, 0x12, 0x80, 0x7f, 0xf0, 0x12,
    0x0, 0x3f, 0x60, 0x0, 0xc0, 0x3e, 0x10, 0xf,
    0xf9, 0xd4, 0x3, 0xce, 0x20, 0xb0, 0x17, 0xdd,
    0x20, 0x69, 0x0, 0x7f, 0xd4, 0x60, 0x1d, 0xa0,
    0xa, 0x10, 0x11, 0xc0, 0x3, 0xb0, 0xf, 0xfe,
    0x6, 0x88, 0x7, 0xff, 0x14, 0x80, 0x3f, 0xf8,
    0x3, 0xa0, 0x1f, 0xfd, 0x33, 0x90, 0xf, 0xfe,
    0x9b, 0x30, 0x0, 0x20, 0x1f, 0xfd, 0x9, 0x34,
    0x40, 0x7, 0xff, 0x0, 0x40, 0x3f, 0xf8, 0x9b,
    0x40, 0x13, 0x80, 0x7e, 0x1e, 0x0, 0xff, 0xe2,
    0x8, 0x80, 0x28, 0xfe, 0xef, 0xc8, 0x0,

    /* U+F093A "󰤺" */
    0x0, 0x24, 0x47, 0xff, 0x5, 0xc0, 0x3f, 0xf8,
    0xf, 0x6e, 0xff, 0xfc, 0x19, 0x0, 0xff, 0xe0,
    0x40, 0x7, 0xff, 0x38, 0x40, 0xd, 0xdd, 0xff,
    0xc0, 0xf0, 0xf, 0xfe, 0x10, 0x8f, 0xff, 0x8,
    0x3, 0xff, 0xc5, 0x1d, 0xff, 0xff, 0xc1, 0x30,
    0xf, 0xf9, 0xdc, 0x20, 0x1f, 0xfc, 0xdc, 0x0,
    0x22, 0x7f, 0xf0, 0x44, 0x3, 0xfe, 0x70, 0x1b,
    0xbf, 0xfe, 0x9, 0x0, 0x7f, 0xf8, 0x4f, 0x3b,
    0xbf, 0xec, 0x40, 0xf, 0xfe, 0x0, 0xe1, 0x88,
    0xff, 0xc7, 0x66, 0x1, 0xff, 0x38, 0x7, 0xff,
    0xd, 0x0, 0x3f, 0xe1, 0x0, 0xc3, 0x84, 0x1,
    0xfb, 0xc0, 0x3f, 0xf8, 0xa7, 0xae, 0x1, 0xf8,
    0x62, 0x16, 0x1, 0xff, 0xc3, 0x8c, 0x20, 0xf,
    0x9d, 0xc6, 0x1, 0xff, 0xc4, 0x3d, 0x60, 0xf,
    0xfe, 0x7c, 0xe1, 0x0, 0x7f, 0xf3, 0x8d, 0x40,
    0x3f, 0xf9, 0xa7, 0xae, 0x1, 0xff, 0xcc, 0x7c,
    0x20, 0xf, 0xf6, 0x7f, 0x0, 0x7f, 0x8b, 0x20,
    0x3, 0xff, 0x98, 0xfa, 0x60, 0x1f, 0xfc, 0x61,
    0x0, 0xc3, 0x90, 0x1, 0xff, 0xc8, 0x50, 0xe,
    0x30, 0xf, 0xec, 0x0, 0xff, 0x8e, 0x40, 0x3f,
    0xf8, 0x30, 0x80, 0x1f, 0xfc, 0x6, 0xfe, 0xef,
    0xfb, 0xdc, 0x0,

    /* U+F095B "󰥛" */
    0x0, 0xe6, 0xce, 0xfb, 0x20, 0xf, 0xfe, 0x4d,
    0xc9, 0x88, 0x26, 0x98, 0x7, 0xff, 0x1e, 0x90,
    0x0, 0x64, 0x0, 0xd0, 0xf, 0xfe, 0x32, 0xa8,
    0x7, 0x73, 0x54, 0x6, 0x0, 0x3f, 0xf8, 0xb2,
    0x0, 0xd2, 0x0, 0x50, 0x83, 0x88, 0x7, 0xff,
    0xc, 0xcc, 0xa, 0x60, 0x1a, 0x0, 0xc, 0x1,
    0xff, 0xc3, 0xb0, 0x7, 0x80, 0x73, 0x0, 0x2c,
    0x3, 0xff, 0x86, 0x60, 0x5, 0x0, 0xf2, 0x81,
    0x90, 0x7, 0xff, 0x9, 0x0, 0x80, 0x3e, 0xf0,
    0x2, 0x80, 0x7f, 0xf0, 0x44, 0x0, 0xe0, 0x1f,
    0x28, 0x2, 0xc0, 0x3f, 0xf8, 0x26, 0x0, 0x20,
    0xf, 0xc8, 0x6, 0x20, 0x1f, 0xfc, 0x1, 0x0,
    0x70, 0x7, 0xed, 0x0, 0x20, 0x7, 0xff, 0x0,
    0xff, 0xcc, 0x1, 0xf9, 0x0, 0x18, 0x1, 0xf9,
    0x3f, 0xcc, 0x1, 0xff, 0xc0, 0x22, 0x3, 0x80,
    0x7e, 0x10, 0x1, 0x80, 0x7f, 0xf0, 0x54, 0x4,
    0xc0, 0x3e, 0x20, 0x3, 0x0, 0x7f, 0xf0, 0x70,
    0x1, 0x60, 0x1f, 0x68, 0x0, 0x80, 0x3f, 0xf8,
    0x28, 0x20, 0xa0, 0x1f, 0x38, 0x8, 0x80, 0x3f,
    0xf8, 0x4e, 0x4, 0x40, 0xe, 0x22, 0x2, 0x0,
    0x7f, 0xf0, 0xf4, 0x1, 0x60, 0x1d, 0x40, 0xf,
    0x0, 0xff, 0xe1, 0xa1, 0x3, 0x10, 0x4, 0x2c,
    0x2, 0xa0, 0x1f, 0xfc, 0x4b, 0x0, 0x70, 0x0,
    0x74, 0x42, 0x40, 0x3f, 0xf8, 0xac, 0x60, 0x7d,
    0x9c, 0x60, 0x6e, 0x1, 0xff, 0xc6, 0xe1, 0x1,
    0x30, 0x1, 0xe8, 0x7, 0xff, 0x1c, 0xbd, 0x44,
    0xe, 0x30, 0x40, 0x20,

    /* U+F0996 "󰦖" */
    0x0, 0xff, 0xe0, 0x10, 0x0, 0x84, 0x3, 0xff,
    0x8e, 0x51, 0xbf, 0x0, 0x8, 0xee, 0x49, 0x0,
    0x7f, 0xf0, 0x86, 0xb5, 0xc8, 0x3, 0xc2, 0xdb,
    0x42, 0x1, 0xff, 0x17, 0xa8, 0x4, 0xbe, 0x0,
    0xe6, 0x10, 0x2, 0xf9, 0x80, 0x7f, 0x89, 0x0,
    0xa7, 0xe9, 0x40, 0x9, 0x3d, 0x64, 0x3, 0x8a,
    0x1, 0xf1, 0x0, 0x2a, 0x75, 0x80, 0x3f, 0x26,
    0xb8, 0x2, 0x8c, 0x3, 0x87, 0x24, 0x0, 0xc0,
    0x1f, 0xfc, 0x8, 0x90, 0x6, 0x88, 0x6, 0xb1,
    0x65, 0x0, 0xf1, 0xdb, 0x80, 0x79, 0x9c, 0x6,
    0xc0, 0x22, 0x50, 0x25, 0x0, 0xf3, 0x26, 0x0,
    0x7d, 0x4, 0xa, 0x40, 0xa, 0x0, 0x40, 0x7,
    0xff, 0x1a, 0x0, 0x16, 0x0, 0x50, 0x15, 0x0,
    0xff, 0xe3, 0x28, 0x82, 0x0, 0x8, 0x10, 0x3,
    0xff, 0x90, 0x80, 0x42, 0x4a, 0xae, 0x0, 0xff,
    0xe4, 0x60, 0x0, 0x89, 0x54, 0x40, 0xf, 0xfe,
    0x41, 0x80, 0x1c, 0x3, 0xff, 0x84, 0xc6, 0x1,
    0xff, 0xc0, 0x2a, 0xa2, 0x80, 0x7e, 0x73, 0x2c,
    0x91, 0x0, 0xf1, 0x80, 0x1c, 0x95, 0x5e, 0x1,
    0xf8, 0xb2, 0x45, 0xbd, 0x80, 0x3b, 0x0, 0x4,
    0x4, 0x8, 0x1, 0xfe, 0x6f, 0x51, 0x9d, 0x30,
    0x9, 0x0, 0x84, 0x14, 0x5, 0x40, 0x3f, 0xc3,
    0x58, 0x44, 0x60, 0x2, 0x88, 0x28, 0x2, 0x80,
    0x10, 0x1, 0xff, 0xc0, 0x3d, 0xa5, 0x0, 0x40,
    0x2, 0x80, 0x4, 0xc0, 0x4a, 0x1, 0xff, 0xc1,
    0x50, 0x4, 0x90, 0x31, 0x0, 0x50, 0x2c, 0xa0,
    0x1f, 0xfc, 0x37, 0x60, 0x18, 0x0, 0xc3, 0x92,
    0x0, 0x40, 0xf, 0xfe, 0x4, 0xc0, 0x2, 0x84,
    0x3, 0x88, 0x1, 0x37, 0x88, 0x1, 0xf9, 0x75,
    0x80, 0x14, 0x80, 0x1f, 0x89, 0xc0, 0xef, 0x61,
    0x0, 0xb, 0x5d, 0x44, 0x3, 0x8a, 0x1, 0xfc,
    0x5e, 0xc0, 0x2, 0x7e, 0x0, 0x7a, 0x88, 0x1,
    0xbc, 0xc0, 0x3f, 0xe1, 0x9d, 0x71, 0x0, 0xf1,
    0x3f, 0x48, 0x80, 0x7f, 0xf0, 0x8a, 0x3b, 0x90,
    0x0, 0x8f, 0xd8, 0x10, 0xf, 0xc0,

    /* U+F09AD "󰦭" */
    0x0, 0xfc, 0x31, 0x55, 0xfc, 0xa0, 0x1f, 0xfc,
    0x31, 0xf7, 0x55, 0xfe, 0xa7, 0x0, 0xff, 0xe1,
    0x38, 0x80, 0x7f, 0xd4, 0x1, 0xff, 0xc2, 0x10,
    0x6, 0x7f, 0xfc, 0x60, 0x60, 0x1f, 0xfd, 0x94,
    0x88, 0xd8, 0x0, 0x98, 0x8f, 0x88, 0x6, 0x23,
    0x30, 0x4, 0xf6, 0xef, 0x90, 0x0, 0xae, 0xff,
    0x8, 0x1, 0xdf, 0x4e, 0x80, 0x20, 0x3, 0xff,
    0x98, 0x4c, 0x20, 0x6, 0xee, 0xff, 0xe4, 0x68,
    0x3, 0x80, 0x21, 0x1f, 0xfe, 0x49, 0x80, 0x7f,
    0xf6, 0x73, 0xf8, 0x3, 0xfc, 0xff, 0xe3, 0x0,
    0xfc, 0xb5, 0x42, 0x1, 0xaa, 0xff, 0x80, 0x1f,
    0x54, 0x0, 0xf1, 0x2a, 0x84, 0x0, 0xab, 0xfe,
    0x20, 0x1, 0xaa, 0x0, 0x7f, 0xf5, 0x9f, 0xfc,
    0x60, 0x3f, 0xff, 0xe8, 0x0, 0x67, 0xf0, 0x7,
    0xf7, 0xdd, 0x0, 0x7f, 0x96, 0xec, 0x40, 0x1f,
    0xf1, 0xa2, 0x0, 0x3f, 0xc4, 0x88, 0x10, 0xf,
    0xfe, 0xc3, 0xff, 0xff, 0xf2, 0x38, 0x3, 0xff,
    0xa8, 0xab, 0xff, 0xce, 0xe0,

    /* U+F0A46 "󰩆" */
    0x0, 0x8d, 0x0, 0x3f, 0xf9, 0xe7, 0x96, 0x80,
    0x1f, 0xfd, 0x1b, 0x40, 0x1, 0x55, 0x7f, 0x0,
    0x7f, 0xf0, 0x4f, 0x0, 0x16, 0x80, 0x58, 0xab,
    0xf8, 0x3, 0xff, 0x84, 0x78, 0x0, 0xb4, 0x6,
    0x90, 0xf, 0xfe, 0x51, 0xe0, 0x2, 0xd0, 0x1a,
    0x40, 0x1f, 0xf8, 0x3, 0xff, 0x88, 0x78, 0x0,
    0xb4, 0x6, 0x90, 0xf, 0xfe, 0x51, 0xe0, 0x2,
    0xd0, 0x1a, 0x51, 0x3f, 0x0, 0x7f, 0xf0, 0x90,
    0x2, 0xb4, 0x6, 0x2b, 0xbf, 0x80, 0x3f, 0xf8,
    0x2f, 0x0, 0x1a, 0xd0, 0x1a, 0x40, 0x3f, 0x27,
    0xfd, 0x4f, 0x76, 0x0, 0x24, 0x0, 0x7a, 0xd0,
    0x1a, 0x40, 0x3f, 0xf8, 0x18, 0x88, 0x0, 0x8,
    0x7, 0xeb, 0x40, 0x69, 0x0, 0xff, 0xe7, 0x5a,
    0x3, 0x48, 0x7, 0xff, 0x3a, 0xd0, 0x1a, 0x40,
    0x1f, 0xeb, 0x0, 0xfa, 0xed, 0x20, 0x1f, 0xf5,
    0xa0, 0x34, 0x80, 0x7f, 0xc8, 0x83, 0x0, 0xff,
    0xe0, 0x5a, 0x3, 0x48, 0x7, 0xff, 0x3a, 0xd0,
    0x1a, 0x40, 0x3f, 0xbf, 0xd4, 0x1, 0xff, 0xc2,
    0xb4, 0x6, 0x90, 0xf, 0xfe, 0x75, 0xa0, 0x34,
    0x80, 0x7f, 0xf3, 0xad, 0x1, 0xa4, 0x3, 0xff,
    0x9d, 0x68, 0xd, 0x20, 0xb, 0xff, 0x0, 0x17,
    0xff, 0x18, 0x7, 0xff, 0x6, 0xd0, 0x1a, 0x40,
    0x3f, 0xec, 0x30, 0xf, 0xfe, 0xd, 0xa0, 0x34,
    0x0, 0x7f, 0xda, 0xa8, 0x9f, 0xec, 0x0, 0x5a,
    0x1, 0x0, 0x7f, 0xc3, 0x57, 0x7f, 0xe3, 0xc0,
    0x3, 0x80, 0x7f, 0xf3, 0x8f, 0x30, 0x60, 0x0,

    /* U+F0A66 "󰩦" */
    0x0, 0xff, 0x13, 0x3a, 0x0, 0x7f, 0xf2, 0xe7,
    0x66, 0x2f, 0x4c, 0x3, 0xff, 0x91, 0x2c, 0x1,
    0x8b, 0x8, 0x3, 0xff, 0x8c, 0x4c, 0x3, 0x58,
    0xa0, 0xb, 0x0, 0xff, 0xe0, 0xa4, 0x46, 0x90,
    0x5, 0xa9, 0xd0, 0x83, 0xc4, 0x66, 0x0, 0xf9,
    0xed, 0xdf, 0x20, 0x1, 0x80, 0x22, 0x1, 0x77,
    0xd3, 0xa0, 0x1e, 0x80, 0xf, 0xfe, 0x41, 0x30,
    0x6, 0x10, 0x3, 0x77, 0x78, 0xc0, 0x2d, 0xee,
    0xed, 0x0, 0x70, 0x7, 0xc2, 0x3f, 0x0, 0x61,
    0x1f, 0x18, 0x7, 0xff, 0x69, 0xdc, 0x1, 0xff,
    0xcf, 0x8b, 0x0, 0xff, 0xe2, 0xb4, 0x88, 0x0,
    0x76, 0x48, 0x12, 0x40, 0x3f, 0xf8, 0x82, 0xdc,
    0x60, 0x2, 0x6c, 0x20, 0x61, 0x0, 0xff, 0xe0,
    0x9, 0x98, 0x40, 0x1a, 0x1, 0x86, 0x0, 0xe,
    0x1, 0xff, 0xc1, 0xcc, 0x72, 0x80, 0xa8, 0x6,
    0x40, 0x7, 0x0, 0x7f, 0xf1, 0x20, 0x1, 0xa0,
    0x18, 0xc0, 0x1e, 0x1, 0xff, 0xc4, 0x60, 0x7,
    0x80, 0x6a, 0x0, 0x18, 0x7, 0xff, 0x4, 0xcc,
    0xb4, 0x0, 0x40, 0x9, 0x9c, 0x5, 0x0, 0x3f,
    0xf8, 0x3, 0x98, 0xa1, 0x5, 0x30, 0x9d, 0x90,
    0x5, 0x80, 0x7f, 0xf1, 0x96, 0x80, 0x58, 0x80,
    0x12, 0xa0, 0x11, 0xb3, 0xa8, 0x80, 0x7e, 0x4c,
    0xa0, 0xe, 0x3d, 0x60, 0x2, 0x6e, 0x4c, 0x57,
    0x48, 0x7, 0xc6, 0x60, 0xf, 0x21, 0x0, 0x16,
    0xc8, 0x3, 0x9a, 0xc0, 0x3f, 0xf8, 0xa3, 0x40,
    0x6, 0xcd, 0x91, 0x4, 0x80, 0xf, 0xfe, 0xa,
    0x44, 0x28, 0x1, 0x32, 0x32, 0x6f, 0x20, 0x78,
    0x88, 0x3, 0xe1, 0x20, 0x37, 0x72, 0x1, 0x30,
    0x6, 0x1b, 0x0, 0x3b, 0x98, 0x1, 0x80, 0x1d,
    0xe4, 0x1, 0xc8, 0x1, 0xe4, 0x0, 0xf4, 0x20,
    0x7, 0x16, 0xf7, 0x74, 0x80, 0x78, 0xbb, 0xbb,
    0xdc, 0x3, 0x80,

    /* U+F0A7A "󰩺" */
    0x0, 0xf1, 0xff, 0xfd, 0x80, 0x1f, 0x4d, 0x57,
    0x78, 0x7, 0xc5, 0x55, 0xe5, 0x75, 0x5e, 0x30,
    0xf, 0x85, 0x57, 0xc4, 0x1, 0xff, 0xca, 0xe7,
    0x0, 0x77, 0xff, 0xff, 0x1, 0xc0, 0x1c, 0xe0,
    0x1f, 0xfd, 0x11, 0x10, 0x4, 0x23, 0x0, 0x7f,
    0xf0, 0x4f, 0xb8, 0xe0, 0xf, 0xed, 0x0, 0xff,
    0xff, 0x80, 0x7f, 0xff, 0xc0, 0x3f, 0xff, 0xe0,
    0x1f, 0xc2, 0x30, 0x0, 0xc5, 0xc0, 0x3f, 0xf8,
    0x27, 0xdc, 0x60, 0x6, 0xf5, 0x80, 0x7f, 0xf4,
    0xbc, 0x1, 0x55, 0xff, 0xc1, 0x50, 0x0, 0x80,
    0x10, 0x0, 0x8a, 0xbf, 0xfc, 0x2, 0x3, 0x0,
    0x8e, 0x44, 0x3, 0xff, 0x84, 0x9a, 0x0,

    /* U+F0B5C "󰭜" */
    0x0, 0xf8, 0xf7, 0xff, 0xff, 0x93, 0x42, 0x1,
    0xe1, 0xd2, 0x0, 0xff, 0xe4, 0xad, 0x80, 0x7a,
    0xc4, 0xd, 0x13, 0xff, 0x8e, 0x20, 0xa0, 0x1c,
    0xaa, 0x3, 0xcb, 0xbf, 0xfe, 0x3a, 0x80, 0x78,
    0x6c, 0x1, 0xc0, 0x1f, 0xfc, 0xfb, 0x10, 0x92,
    0x0, 0xca, 0x40, 0x1f, 0x98, 0x3, 0xfe, 0x55,
    0x2, 0x30, 0x6, 0x5a, 0xc2, 0x0, 0xf5, 0xcc,
    0x80, 0x3f, 0x86, 0xc0, 0x12, 0x1, 0xde, 0x3,
    0x84, 0x1, 0xad, 0x1, 0xc4, 0x3, 0xf5, 0x88,
    0x49, 0x0, 0x75, 0x28, 0xe, 0x10, 0x2, 0xd0,
    0x7, 0x4, 0x3, 0xe5, 0x50, 0x23, 0x0, 0x7d,
    0x4a, 0x3, 0x85, 0x48, 0x3, 0x84, 0x1, 0xf0,
    0xd8, 0x2, 0x80, 0x3f, 0xa9, 0x40, 0x75, 0x40,
    0x70, 0x80, 0x3f, 0x58, 0x84, 0x88, 0x7, 0xfa,
    0x94, 0x2, 0x1c, 0x20, 0xf, 0xfe, 0xed, 0x88,
    0x48, 0x80, 0x7f, 0xa9, 0x40, 0x21, 0xc2, 0x0,
    0xfe, 0x1b, 0x0, 0x50, 0x7, 0xf5, 0x28, 0xe,
    0xa8, 0xe, 0x10, 0x7, 0xf2, 0xa8, 0x11, 0x80,
    0x3e, 0xa5, 0x1, 0xc2, 0xa4, 0x1, 0xc2, 0x0,
    0xfe, 0xb1, 0x9, 0x20, 0xe, 0xa5, 0x1, 0xc2,
    0x0, 0x5a, 0x0, 0xe0, 0x80, 0x7e, 0x1b, 0x0,
    0x48, 0x7, 0x78, 0xe, 0x10, 0x6, 0xb4, 0x7,
    0x10, 0xf, 0xe5, 0x50, 0x23, 0x0, 0x65, 0xac,
    0x20, 0xf, 0x5c, 0xc8, 0x3, 0xfe, 0xb1, 0x9,
    0x20, 0xc, 0xa4, 0x1, 0xf9, 0x80, 0x3f, 0xf8,
    0x3, 0x60, 0xe, 0x0, 0xff, 0xe8, 0x2a, 0x80,
    0xf2, 0xef, 0xff, 0x8e, 0xa0, 0x1f, 0xac, 0x40,
    0xd1, 0x3f, 0xf8, 0xe2, 0xa, 0x1, 0xe1, 0xd2,
    0x0, 0xff, 0xe4, 0xad, 0x80,

    /* U+F0BC2 "󰯂" */
    0x0, 0xf9, 0x1e, 0x23, 0xff, 0x86, 0xc2, 0x1,
    0xfb, 0x2e, 0x1d, 0xff, 0xf8, 0x73, 0xc8, 0x1,
    0xe9, 0x30, 0xf, 0xfe, 0x3d, 0x88, 0x7, 0x30,
    0x7, 0xff, 0x11, 0xf5, 0xc0, 0xe, 0x1, 0x84,
    0x3, 0xff, 0x8b, 0x25, 0x20, 0xe, 0x0, 0xfe,
    0x33, 0xfe, 0x0, 0xf8, 0xcd, 0xc0, 0x1f, 0x87,
    0x33, 0xf8, 0x40, 0x38, 0x73, 0xc, 0x1, 0xff,
    0xd8, 0x18, 0x8f, 0xe1, 0x0, 0xff, 0xe3, 0x3b,
    0xff, 0x0, 0x7f, 0xf8, 0x87, 0xbb, 0xeb, 0x0,
    0xff, 0xe4, 0x8, 0xfc, 0xe0, 0x1f, 0xfe, 0x31,
    0xff, 0xfb, 0x0, 0x3f, 0xff, 0xe0, 0x1f, 0xfe,
    0x81, 0xaa, 0xff, 0xe1, 0x20, 0x7, 0xff, 0x5,
    0x57, 0xff, 0x84, 0x40, 0x1f, 0xfc, 0xfa, 0x43,
    0x10, 0xe, 0x1f, 0xff, 0xfe, 0x22, 0x1, 0xde,
    0x0, 0x7f, 0xf2, 0xe4, 0x40, 0x3f, 0x84, 0x40,
    0x1f, 0xfc, 0x32, 0xe8, 0x53, 0x0, 0xfa, 0x40,
    0x3f, 0xf8, 0xaf, 0x4c, 0x1, 0xf3, 0xb0, 0x7,
    0xff, 0x16, 0x14, 0x3, 0xf4, 0xf5, 0xd5, 0x7f,
    0xf0, 0x6f, 0x9c, 0x3, 0xe0,

    /* U+F0BEC "󰯬" */
    0x0, 0xff, 0x91, 0x9d, 0xcc, 0x80, 0x1f, 0xfc,
    0x75, 0xbf, 0xb9, 0x88, 0x4d, 0xfd, 0xa8, 0x7,
    0xff, 0x8, 0xf2, 0x90, 0x3, 0xf2, 0x56, 0x18,
    0x7, 0xfc, 0xd8, 0x60, 0x1f, 0xfc, 0x3, 0xc6,
    0x0, 0xfe, 0x89, 0x0, 0xff, 0xe2, 0x4c, 0x0,
    0x7c, 0xce, 0x1, 0xff, 0xc6, 0x76, 0x0, 0xe2,
    0x90, 0xf, 0xfe, 0x44, 0x90, 0x6, 0x90, 0xf,
    0xd3, 0xbd, 0xcd, 0x90, 0xf, 0xd2, 0x1, 0x1a,
    0x0, 0x7d, 0x4c, 0x42, 0x22, 0x69, 0x0, 0xf9,
    0xc, 0x1, 0x60, 0x1f, 0x94, 0x3, 0xcc, 0x1,
    0xfa, 0xc0, 0xa, 0x1, 0xfe, 0x1f, 0xf4, 0x0,
    0x7f, 0x94, 0x4, 0x80, 0x3f, 0xf9, 0x84, 0x24,
    0x1, 0xff, 0xc0, 0x44, 0x68, 0x7, 0xfc, 0x6e,
    0x1, 0xff, 0xd, 0xd9, 0x40, 0x3f, 0xe6, 0x70,
    0xf, 0xfe, 0x73, 0x88, 0x7, 0xfc, 0x3d, 0xc7,
    0x0, 0xff, 0x84, 0x80, 0x3f, 0xf8, 0x2, 0x2f,
    0x0, 0xff, 0x88, 0x10, 0x3, 0xff, 0x98, 0x80,
    0xd, 0x0, 0xff, 0xe6, 0x68, 0x1, 0x84, 0x3,
    0xff, 0x94, 0x2c, 0x1, 0x48, 0x7, 0xd1, 0x10,
    0x1, 0x22, 0x0, 0x1f, 0x48, 0x6, 0x73, 0x0,
    0xf3, 0xb9, 0x80, 0x6, 0xee, 0x0, 0xf1, 0xb8,
    0x7, 0x68, 0x80, 0x7f, 0xf1, 0x87, 0x40, 0x3c,
    0x3a, 0x20, 0x1f, 0xfc, 0x41, 0xd1, 0x0, 0xf8,
    0xfc, 0xc0, 0x3f, 0xf8, 0x47, 0xe6, 0x1, 0xfc,
    0x39, 0x44, 0x1, 0xfe, 0x2a, 0xc1, 0x0, 0xff,
    0xe0, 0x2e, 0xdb, 0x10, 0x6, 0x26, 0xbd, 0x50,
    0xf, 0xfe, 0x22, 0x4e, 0xff, 0xed, 0x94, 0x0,
    0xfe,

    /* U+F0CE1 "󰳡" */
    0x0, 0xff, 0xe0, 0x11, 0xa1, 0x88, 0x7, 0xff,
    0x21, 0xaf, 0xf7, 0x2f, 0x3b, 0x92, 0x80, 0x1f,
    0xfc, 0x36, 0xe9, 0x40, 0xf, 0xb, 0x5e, 0x18,
    0x7, 0xfc, 0x39, 0x22, 0x1, 0xff, 0x1e, 0x40,
    0x7, 0xf1, 0x79, 0x80, 0x7f, 0xf0, 0xde, 0xc0,
    0x3e, 0x1c, 0x10, 0xf, 0xfe, 0x2a, 0x48, 0x7,
    0xb4, 0x40, 0x3f, 0xc, 0x0, 0x7f, 0x33, 0x0,
    0x32, 0x98, 0x7, 0xe1, 0xc7, 0xa0, 0xf, 0xe8,
    0x0, 0xd0, 0x1, 0xf8, 0x70, 0x81, 0x68, 0x3,
    0xf0, 0xc0, 0x1, 0x8, 0x3, 0xe2, 0xf2, 0x0,
    0x96, 0x80, 0x3f, 0x30, 0x3, 0x40, 0x3e, 0x2c,
    0x10, 0xe, 0x5a, 0x0, 0xf8, 0x50, 0x10, 0x3,
    0xc5, 0x82, 0x6, 0x0, 0x21, 0x5, 0xa0, 0xf,
    0x8c, 0x8, 0x3, 0x8b, 0x4, 0x13, 0x40, 0xd,
    0x82, 0xb, 0x40, 0x1e, 0xd0, 0xf, 0x16, 0x8,
    0x25, 0x80, 0x62, 0xc1, 0x5, 0xa0, 0xe, 0x10,
    0xf, 0x30, 0x82, 0x58, 0x7, 0x8b, 0x4, 0x1c,
    0x40, 0x3f, 0xe4, 0xb5, 0xb0, 0xf, 0xc5, 0x89,
    0x82, 0x1, 0x84, 0x8, 0x3, 0x92, 0x80, 0x3f,
    0xc5, 0x62, 0x1, 0xda, 0x8, 0x1, 0xff, 0xcd,
    0x30, 0xd0, 0xf, 0xfe, 0x60, 0xa0, 0x21, 0x0,
    0x7f, 0xf2, 0xd8, 0x2, 0x80, 0xf, 0xfe, 0x50,
    0xc0, 0x4, 0xa6, 0x1, 0xff, 0xc9, 0x80, 0xe,
    0xd1, 0x0, 0xf8, 0x7f, 0xd6, 0x1, 0xf9, 0x98,
    0x1, 0xc3, 0x82, 0x1, 0xff, 0xc5, 0x49, 0x0,
    0xf8, 0xbc, 0xc0, 0x3f, 0xf8, 0x6f, 0x60, 0x1f,
    0xc3, 0x92, 0x20, 0x1f, 0xf1, 0xe4, 0x0, 0x7f,
    0xf0, 0x1b, 0xa5, 0x0, 0x3c, 0x2d, 0x78, 0x60,
    0x1f, 0xfc, 0x36, 0xbf, 0xdc, 0xbc, 0xee, 0x4a,
    0x0, 0x7e,

    /* U+F0D3B "󰴻" */
    0x0, 0xff, 0xe5, 0x24, 0x30, 0x7, 0xf1, 0xce,
    0xff, 0xb6, 0x48, 0x3, 0xea, 0xb7, 0x9c, 0x10,
    0xf, 0x4e, 0x31, 0x0, 0x9, 0xb6, 0x0, 0x39,
    0xd4, 0x2, 0x3d, 0x0, 0xec, 0x60, 0xf, 0xcf,
    0x60, 0x1a, 0x40, 0x38, 0xc8, 0x2, 0x93, 0x0,
    0xff, 0x24, 0x0, 0xc, 0x40, 0x3c, 0xc0, 0x3,
    0x60, 0xf, 0xfe, 0x3, 0x88, 0x58, 0x7, 0xca,
    0x0, 0xa0, 0xf, 0xfe, 0xd, 0x88, 0x98, 0x3,
    0xcc, 0x20, 0x4, 0x0, 0xff, 0x93, 0x50, 0x34,
    0x40, 0x17, 0x65, 0x89, 0x0, 0x88, 0x3, 0xf9,
    0x72, 0xc8, 0x9a, 0x60, 0x9, 0x44, 0x53, 0x80,
    0x7f, 0x85, 0x6b, 0xe8, 0xc1, 0xf4, 0x80, 0x2,
    0xc0, 0x1f, 0x8c, 0x51, 0xeb, 0xb9, 0x4a, 0x5,
    0x1d, 0x0, 0x19, 0x80, 0x3f, 0xb3, 0xae, 0x14,
    0x40, 0xe3, 0x35, 0xc4, 0x3, 0xa8, 0x3, 0xfe,
    0x36, 0x9c, 0xfc, 0x73, 0x0, 0xf8, 0x88, 0x1,
    0xf9, 0x33, 0xf2, 0x58, 0xc0, 0x3f, 0xe5, 0x0,
    0xfe, 0x19, 0x82, 0x0, 0xff, 0xe1, 0x70, 0x7,
    0xf2, 0xa9, 0xe8, 0x2, 0x20, 0xf, 0x10, 0x5,
    0xa0, 0x1f, 0xf1, 0xc0, 0x0, 0xf3, 0xe5, 0x96,
    0x37, 0x42, 0x0, 0x41, 0x0, 0xfe, 0x3c, 0x0,
    0x1e, 0x8, 0x34, 0xd3, 0x90, 0x38, 0x4, 0xe0,
    0x1f, 0xcf, 0x77, 0x60, 0x7, 0xf4, 0x5d, 0xca,
    0x1, 0xf0,

    /* U+F0D49 "󰵉" */
    0x0, 0xff, 0xe1, 0x8, 0x7, 0xff, 0x3e, 0x7c,
    0x80, 0x3f, 0xf9, 0xb2, 0xc3, 0x84, 0x1, 0xff,
    0xcb, 0x96, 0x0, 0xe, 0x10, 0x7, 0xff, 0x26,
    0x58, 0x3, 0xe, 0x10, 0x7, 0xff, 0x1e, 0x58,
    0x3, 0xc3, 0x84, 0x1, 0xff, 0xc6, 0x9f, 0xf7,
    0x0, 0x1f, 0xfd, 0xc4, 0x1, 0xff, 0xff, 0x0,
    0xff, 0xff, 0x80, 0x7f, 0xff, 0xc0, 0x3f, 0xfd,
    0xa8, 0x0, 0x31, 0x0, 0xff, 0xe5, 0x15, 0xd0,
    0x1, 0x3d, 0x80, 0x3f, 0xf8, 0x2a, 0x1, 0xc3,
    0x3a, 0x80, 0x1, 0x1, 0x9d, 0x40, 0xe, 0x14,
    0x0, 0x8a, 0x84, 0x2, 0x6f, 0x60, 0x2, 0x6f,
    0x40, 0x0, 0xae, 0x88, 0x2, 0x8d, 0x0, 0x94,
    0x20, 0x13, 0x64, 0x40, 0x6a, 0xc8, 0x1f, 0x94,
    0x0, 0xbb, 0x0, 0x4c, 0xe0, 0x16, 0x3, 0x5d,
    0x88, 0x0, 0xfc, 0xa0, 0x18, 0x6b, 0x8, 0x0,
    0xfd, 0xc0, 0x12, 0x0, 0x20, 0x1, 0x0, 0xb,
    0xd0, 0x1, 0xf8, 0xf6, 0x44, 0x4, 0xc0, 0xa,
    0x8, 0x1, 0x8a, 0xe8, 0x40, 0x3f, 0xe6, 0xf6,
    0x0, 0xd8, 0x18, 0x1, 0x8d, 0x0, 0x3f, 0xf8,
    0x43, 0xc0, 0x19, 0x3, 0x14, 0x40, 0x3, 0x0,
    0x1f, 0xfc, 0x21, 0x80, 0x8, 0xdc, 0x12, 0xbb,
    0x61, 0x18, 0x80, 0x3f, 0xf8, 0x36, 0x4d, 0x7f,
    0x90, 0x1, 0x89, 0xef, 0x8c, 0x3, 0xff, 0x83,
    0x7b, 0x28, 0x1, 0x80,

    /* U+F0D4C "󰵌" */
    0x0, 0xff, 0xe0, 0xf, 0xfa, 0x0, 0x3f, 0xff,
    0xe0, 0x1f, 0xff, 0xf0, 0xf, 0xff, 0xf8, 0x7,
    0xff, 0xfc, 0x3, 0xff, 0xfe, 0x1, 0xff, 0xcf,
    0x40, 0x1, 0x88, 0x7, 0xff, 0x28, 0xf2, 0x80,
    0x9, 0xec, 0x1, 0xff, 0xc1, 0x50, 0xe, 0x19,
    0xc3, 0x0, 0x8, 0xc, 0xea, 0x0, 0x7f, 0x8a,
    0x84, 0x2, 0x7e, 0x60, 0x2, 0x6f, 0x40, 0x0,
    0xae, 0xc4, 0x1, 0xf9, 0x42, 0x1, 0x76, 0x0,
    0x5, 0x76, 0x20, 0x7e, 0x50, 0x2, 0x6c, 0x0,
    0x7d, 0x80, 0xd9, 0x44, 0x3, 0x1a, 0x80, 0x18,
    0x6b, 0xc, 0x0, 0xfc, 0xc0, 0x1c, 0x80, 0x3,
    0x0, 0x37, 0xb8, 0x7, 0xe3, 0xc9, 0x10, 0x19,
    0xc3, 0x0, 0x20, 0x6, 0x3d, 0x91, 0x0, 0xff,
    0x9b, 0x9c, 0x0, 0x79, 0x41, 0x80, 0x18, 0x48,
    0x3, 0xff, 0x87, 0x1a, 0x80, 0x3, 0xc, 0x51,
    0x0, 0x13, 0x80, 0x7f, 0xf1, 0xa, 0xec, 0x70,
    0x9, 0x5d, 0xb0, 0x92, 0x20, 0x1f, 0xfc, 0x54,
    0xc1, 0x0, 0xc4, 0xf7, 0xc0, 0x1f, 0xfc, 0xa0,

    /* U+F0D51 "󰵑" */
    0x0, 0xff, 0xe0, 0xf, 0xfa, 0x0, 0x3f, 0xff,
    0xe0, 0x1f, 0xff, 0xf0, 0xf, 0xff, 0xf8, 0x7,
    0xff, 0xfc, 0x3, 0xff, 0xfe, 0x1, 0xff, 0xcf,
    0x40, 0x1, 0x88, 0x7, 0xff, 0x28, 0xae, 0x80,
    0x9, 0xec, 0x1, 0xff, 0xc7, 0x19, 0xd4, 0x0,
    0x8, 0xc, 0xea, 0x0, 0x70, 0xa0, 0x7, 0xf3,
    0xfb, 0x0, 0x13, 0x7a, 0x0, 0x5, 0x74, 0x40,
    0x14, 0x68, 0x7, 0xc9, 0xb0, 0x20, 0x55, 0x64,
    0xf, 0xca, 0x0, 0x5d, 0x80, 0x26, 0x70, 0xe,
    0x2b, 0xb1, 0x0, 0x23, 0x54, 0x3, 0xd, 0x61,
    0x0, 0x1f, 0xb8, 0x2, 0x40, 0x14, 0x6a, 0x0,
    0x17, 0x9c, 0x3, 0xf1, 0xec, 0x88, 0x9, 0x80,
    0x14, 0x13, 0x9c, 0x0, 0x79, 0x42, 0x1, 0xff,
    0x37, 0xb0, 0x6, 0xc0, 0x61, 0x1, 0x9c, 0x30,
    0xf, 0xfe, 0x10, 0xf0, 0x6, 0x40, 0x27, 0x77,
    0x30, 0x7, 0xff, 0x10, 0x60, 0x2, 0x37, 0x0,
    0x44, 0x0, 0x3f, 0xf8, 0xd6, 0x4d, 0x7f, 0x90,
    0x1, 0xff, 0xca, 0xbd, 0x94, 0x0, 0xc0,

    /* U+F0D55 "󰵕" */
    0x0, 0xff, 0xe1, 0x8, 0x7, 0xff, 0x3e, 0x7c,
    0x80, 0x3f, 0xf9, 0xb2, 0xc3, 0x84, 0x1, 0xff,
    0xcb, 0x96, 0x0, 0xe, 0x10, 0x7, 0xff, 0x26,
    0x58, 0x3, 0xe, 0x10, 0x7, 0xff, 0x1e, 0x58,
    0x3, 0xc3, 0x84, 0x1, 0xff, 0xc6, 0x9f, 0xf7,
    0x0, 0x1f, 0xfd, 0xc4, 0x1, 0xff, 0xff, 0x0,
    0xff, 0xff, 0x80, 0x7f, 0xff, 0xc0, 0x3f, 0xfd,
    0xa8, 0x0, 0x31, 0x0, 0xff, 0xe5, 0x15, 0xd0,
    0x1, 0x3d, 0x80, 0x3f, 0xf8, 0xe3, 0x3a, 0x80,
    0x1, 0x1, 0x9d, 0x40, 0xf, 0xfe, 0x23, 0xfb,
    0x0, 0x13, 0x7a, 0x0, 0x5, 0x76, 0x20, 0xf,
    0xfe, 0x2, 0x6c, 0x8, 0x15, 0x59, 0x3, 0xf2,
    0x80, 0x13, 0x60, 0x3, 0xf8, 0xae, 0xc4, 0x0,
    0x8d, 0x50, 0xc, 0x35, 0x86, 0x0, 0x7e, 0x60,
    0xf, 0x46, 0xa0, 0x1, 0x79, 0xc0, 0x3f, 0x1e,
    0x48, 0x80, 0xce, 0x18, 0x1, 0x39, 0xc0, 0x7,
    0x94, 0x20, 0x1f, 0xf3, 0x73, 0x80, 0xf, 0x28,
    0x18, 0x40, 0x67, 0xc, 0x3, 0xff, 0x87, 0x1a,
    0x80, 0x3, 0x2, 0x77, 0x73, 0x0, 0x7f, 0xf1,
    0x8a, 0xec, 0x70, 0x0,

    /* U+F0D91 "󰶑" */
    0x0, 0xff, 0x3c, 0xa0, 0x7, 0xff, 0x36, 0xa1,
    0xad, 0x40, 0x3a, 0x58, 0x16, 0x48, 0x22, 0x58,
    0x3, 0xf9, 0x40, 0x2f, 0x0, 0xe6, 0xa0, 0x26,
    0x70, 0x36, 0xc0, 0xf, 0xe1, 0x0, 0x8c, 0x3,
    0x84, 0xc1, 0x43, 0x82, 0x8c, 0x3, 0xfd, 0x40,
    0x2, 0x80, 0xe, 0x70, 0x42, 0x44, 0x38, 0xe5,
    0x0, 0x7c, 0x8e, 0x1f, 0xda, 0x20, 0x1d, 0x41,
    0x1, 0x43, 0x16, 0x82, 0x1, 0x96, 0xbe, 0xe2,
    0xd8, 0x40, 0x3e, 0x35, 0x39, 0x1f, 0x34, 0xbb,
    0x3, 0x5f, 0xd2, 0x80, 0x69, 0x10, 0xf, 0xd4,
    0x4d, 0x23, 0x98, 0x7c, 0x49, 0x40, 0xf, 0xd6,
    0x1, 0xfd, 0xe4, 0xd8, 0x87, 0xc, 0x1, 0x2d,
    0x50, 0x3, 0x95, 0x0, 0x3f, 0x16, 0xa9, 0xdf,
    0x5b, 0x80, 0x54, 0xba, 0x1, 0xe9, 0x10, 0xf,
    0xea, 0xc6, 0x4, 0xd0, 0xe, 0x40, 0x8, 0x58,
    0xb, 0xbf, 0xf0, 0x7, 0x8e, 0x7b, 0xec, 0x3,
    0x8c, 0x2, 0x48, 0x10, 0xf, 0xfe, 0x20, 0x80,
    0x64, 0x0, 0xd8, 0x39, 0x77, 0xe0, 0xf, 0xf9,
    0xd5, 0x41, 0x80, 0x19, 0x0, 0x91, 0x3c, 0x1,
    0xff, 0x1d, 0x50, 0x10, 0x3, 0x28, 0x7, 0xff,
    0x2c, 0xc0, 0x34, 0x8, 0x7, 0xff, 0x25, 0x0,
    0x3d, 0x20, 0x1f, 0xfc, 0x9c, 0x0, 0x8, 0x4,
    0xe4, 0x1, 0xff, 0xc8, 0x50, 0x3, 0x48, 0x5,
    0x0, 0x1f, 0xfc, 0x71, 0x20, 0x5, 0x32, 0x80,
    0x14, 0xc0, 0x3f, 0xf8, 0xc8, 0x0, 0x22, 0x5,
    0x10, 0x1, 0x80, 0x3f, 0xf8, 0xd8, 0x0, 0xa0,
    0xb, 0xc0, 0x3f, 0xf9, 0x28, 0x0, 0x60, 0x8,
    0x80, 0x3f, 0xf9, 0x2, 0x40, 0x62, 0x1, 0xff,
    0xcc, 0x40, 0x5, 0x0, 0x7f, 0xf3, 0x70, 0x0,
    0xe0, 0x1f, 0xfc, 0xd4, 0x4, 0x10, 0xf, 0xfe,
    0x60, 0x90, 0x70, 0x7, 0xff, 0x3a, 0xec, 0xa0,
    0x1e, 0xbb, 0x20, 0x7, 0xff, 0x10,

    /* U+F0E04 "󰸄" */
    0x0, 0xe3, 0x76, 0x20, 0xf, 0xfe, 0x4d, 0x64,
    0x4e, 0xc0, 0x7, 0xff, 0x1e, 0x14, 0x3, 0x3a,
    0x80, 0x7f, 0xf1, 0x9c, 0x6, 0xe8, 0x1, 0x20,
    0x1f, 0xfc, 0x51, 0x0, 0x32, 0x29, 0x81, 0x0,
    0x7f, 0xff, 0xc0, 0x3f, 0xf9, 0x69, 0x10, 0x20,
    0xf, 0xfe, 0x51, 0xbb, 0x84, 0x3, 0xff, 0xfe,
    0x1, 0xfd, 0x11, 0xfe, 0x40, 0xf, 0xfe, 0x10,
    0xbb, 0xff, 0xb0, 0x3, 0xff, 0xa1, 0x20, 0x1f,
    0xa, 0x80, 0x7, 0xbb, 0xfd, 0x0, 0xee, 0x0,
    0xfd, 0x46, 0x0, 0x11, 0xff, 0x0, 0xc0, 0x7,
    0xfb, 0xc0, 0x3f, 0xf8, 0x2c, 0x1, 0xff, 0x19,
    0x80, 0x3f, 0xf8, 0x18, 0x1, 0xff, 0xc0, 0x40,
    0xf, 0xfe, 0x6f, 0x80, 0x7f, 0xf0, 0x4, 0x3,
    0xff, 0x81, 0xe0, 0x1f, 0xfc, 0xc, 0x0, 0xff,
    0xe0, 0x20, 0x7, 0xff, 0x1, 0x84, 0x3, 0xfc,
    0x66, 0x0, 0xff, 0xe0, 0xd8, 0x7, 0xfb, 0xc0,
    0x3f, 0xf8, 0x4b, 0x20, 0x1f, 0xe, 0x18, 0x7,
    0xff, 0xd, 0xb5, 0x44, 0x0, 0x4f, 0xe6, 0x1,
    0xff, 0xc5, 0x2a, 0xef, 0xf6, 0xc0, 0x80, 0x7f,
    0xf0, 0xc0,

    /* U+F0E05 "󰸅" */
    0x0, 0xe3, 0x76, 0x20, 0xf, 0xfe, 0x4d, 0x64,
    0x4e, 0xc0, 0x7, 0xff, 0x1e, 0x14, 0x3, 0x3a,
    0x80, 0x7f, 0xf1, 0x9c, 0x6, 0xe8, 0x1, 0x20,
    0x1f, 0xfc, 0x51, 0x0, 0x32, 0x29, 0x81, 0x0,
    0x7f, 0xff, 0xc0, 0x3f, 0xf9, 0x69, 0x10, 0x20,
    0xf, 0xf4, 0x41, 0x0, 0x3f, 0x8d, 0xdc, 0x20,
    0x1f, 0xc2, 0xee, 0xc0, 0xf, 0xff, 0xdc, 0x46,
    0x0, 0x24, 0x44, 0x80, 0x1f, 0xfc, 0x21, 0x77,
    0x98, 0x0, 0x6e, 0xf6, 0x0, 0x7f, 0xf4, 0x24,
    0x3, 0xe1, 0x50, 0x0, 0xf7, 0x5a, 0x0, 0x6e,
    0xea, 0x1, 0xdc, 0x1, 0xfa, 0x8c, 0x0, 0x23,
    0x18, 0x0, 0x47, 0x0, 0xc0, 0x7, 0xfb, 0xc0,
    0x3f, 0xf8, 0x2c, 0x1, 0xff, 0x19, 0x80, 0x3f,
    0xf8, 0x18, 0x1, 0xff, 0xc0, 0x40, 0xc, 0x3d,
    0xc8, 0x0, 0xff, 0xe2, 0xf8, 0x7, 0x8, 0x80,
    0x38, 0x40, 0x3f, 0xf8, 0x1e, 0x1, 0xff, 0xc0,
    0xc0, 0xf, 0xfe, 0x2, 0x0, 0x7f, 0xf0, 0x18,
    0x40, 0x3f, 0xc6, 0x60, 0xf, 0xfe, 0xd, 0x80,
    0x7f, 0xbc, 0x3, 0xff, 0x84, 0xb2, 0x1, 0xf0,
    0xe1, 0x80, 0x7f, 0xf0, 0xdb, 0x54, 0x40, 0x4,
    0xfe, 0x60, 0x1f, 0xfc, 0x52, 0xae, 0xff, 0x6c,
    0x8, 0x7, 0xff, 0xc,

    /* U+F0E1E "󰸞" */
    0x0, 0xff, 0xe5, 0x18, 0x7, 0xff, 0x33, 0x30,
    0x60, 0x1f, 0xfc, 0xac, 0x30, 0xc3, 0x0, 0xff,
    0xe4, 0x61, 0x80, 0x58, 0x60, 0x1f, 0xfc, 0x6c,
    0x30, 0xe, 0xa0, 0xf, 0xfe, 0x2e, 0x18, 0x7,
    0x2c, 0x80, 0x7f, 0xf1, 0x30, 0xc0, 0x39, 0x68,
    0x3, 0xff, 0x89, 0x86, 0x1, 0xcb, 0x40, 0x1f,
    0xfc, 0x4c, 0x30, 0xe, 0x5a, 0x0, 0xfa, 0x0,
    0x3f, 0x61, 0x80, 0x72, 0xd0, 0x7, 0xd8, 0xf8,
    0x1, 0xec, 0x30, 0xe, 0x4a, 0x0, 0xfb, 0xc,
    0xf, 0x0, 0x36, 0x18, 0x7, 0x25, 0x80, 0x7d,
    0x86, 0x1, 0x1e, 0x0, 0x30, 0xc0, 0x39, 0x2c,
    0x3, 0xf3, 0x0, 0x71, 0xe6, 0xc, 0x3, 0x92,
    0xc0, 0x3f, 0xa9, 0x40, 0x38, 0xcc, 0x1, 0xc9,
    0x60, 0x1f, 0xf5, 0x28, 0x7, 0xf9, 0x2c, 0x3,
    0xff, 0x83, 0x48, 0x1, 0xf9, 0x2c, 0x3, 0xff,
    0x87, 0x68, 0x1, 0xe4, 0xb0, 0xf, 0xfe, 0x2d,
    0xa0, 0x6, 0x4b, 0x0, 0xff, 0xe3, 0xda, 0x0,
    0x12, 0xc0, 0x3f, 0xf9, 0x36, 0x88, 0xb0, 0xf,
    0xfe, 0x5d, 0xd8, 0x3, 0xff, 0x88,

    /* U+F0E4F "󰹏" */
    0x0, 0xff, 0xe0, 0x11, 0xa1, 0x80, 0x7f, 0xf1,
    0x86, 0x3b, 0x72, 0xf3, 0xe8, 0xc0, 0x3f, 0xf8,
    0x4d, 0xce, 0x20, 0x1c, 0xb8, 0xe0, 0x1f, 0x30,
    0x6, 0x89, 0x0, 0xff, 0x45, 0x80, 0x75, 0xcd,
    0x0, 0x4a, 0x1, 0xff, 0xc0, 0x48, 0x0, 0xf2,
    0xd0, 0x3, 0x8, 0x3, 0xff, 0x80, 0xe6, 0x1,
    0x5a, 0x2, 0xd0, 0xe, 0x10, 0x7, 0xff, 0x2,
    0x0, 0x35, 0xa0, 0x2d, 0x0, 0xe1, 0x0, 0x7f,
    0xc8, 0x20, 0x1a, 0xd0, 0x16, 0x80, 0x70, 0x80,
    0x3f, 0xe5, 0x0, 0xe8, 0x0, 0x2d, 0x0, 0xe1,
    0x0, 0x7f, 0x84, 0x3, 0xf9, 0x68, 0x7, 0x8,
    0x3, 0xff, 0x86, 0x40, 0x19, 0x6c, 0x7, 0x8,
    0x3, 0xf3, 0x0, 0x70, 0x88, 0x3, 0x25, 0x80,
    0xe1, 0x0, 0x7c, 0x60, 0x1e, 0x60, 0xe, 0x4b,
    0x1, 0xc2, 0x0, 0xe5, 0x0, 0xfa, 0x40, 0x3c,
    0x96, 0x3, 0x84, 0x1, 0xa4, 0x3, 0xe1, 0x90,
    0xf, 0x25, 0x80, 0xe1, 0x0, 0x1c, 0xc0, 0x3f,
    0x33, 0x80, 0x79, 0x2c, 0x7, 0x9, 0x60, 0x3,
    0xfd, 0x10, 0x0, 0xf2, 0x58, 0xe, 0x50, 0x7,
    0xff, 0x1, 0x0, 0x3e, 0x4b, 0x1, 0x0, 0xff,
    0xe5, 0x25, 0x80, 0x7f, 0xf3, 0x13, 0x0, 0x3f,
    0xf8, 0x26, 0x60, 0xf, 0xe3, 0xc0, 0xf, 0xfe,
    0xe, 0x7f, 0xfe, 0x40, 0x3c, 0x0, 0xff, 0xe4,
    0xda, 0x81, 0xe0, 0x7, 0xff, 0x1, 0xe2, 0x3e,
    0xa, 0x50, 0x3c, 0x0, 0xff, 0xa5, 0xdf, 0xe1,
    0xa, 0x60, 0x38, 0x0, 0xff, 0x20, 0x7, 0x8c,
    0x40, 0x12, 0xeb, 0x0, 0x1f, 0xea, 0xee, 0xf6,
    0x0, 0x68, 0xa0,

    /* U+F0E5B "󰹛" */
    0x0, 0xf8, 0xe2, 0x3f, 0xf8, 0xe, 0x1, 0xfe,
    0x47, 0x7f, 0xfe, 0x4, 0x80, 0x7f, 0xff, 0xc0,
    0x3f, 0xff, 0xe0, 0x8, 0x85, 0x80, 0x7f, 0xf0,
    0x6, 0x20, 0x80, 0x18, 0x5d, 0xc6, 0x1, 0xff,
    0xc1, 0x77, 0x60, 0x7, 0xff, 0xfc, 0x3, 0xff,
    0xca, 0x3d, 0xd4, 0x0, 0x7f, 0x8b, 0xba, 0x80,
    0xe, 0x11, 0x9d, 0xc0, 0x1f, 0x87, 0x4, 0x60,
    0xf, 0xf4, 0x28, 0x7, 0xd8, 0x20, 0x1f, 0xfc,
    0x2a, 0x30, 0xe, 0xb2, 0x0, 0xff, 0xe2, 0x69,
    0x0, 0x52, 0x80, 0x1f, 0xfc, 0x51, 0xf8, 0x85,
    0x30, 0x7, 0xff, 0x1c, 0x91, 0x20, 0xf, 0xfe,
    0x40, 0xe6, 0x24, 0x3, 0xff, 0x90, 0x40, 0xf,
    0x0, 0xfc, 0x51, 0x1f, 0xf6, 0x80, 0xc, 0x3,
    0xf3, 0xbf, 0xff, 0x0, 0x41, 0x10, 0x1, 0xff,
    0xc9, 0x7b, 0x0, 0xfe, 0x5e, 0xef, 0xfb, 0xe0,
    0x3, 0xfc,

    /* U+F0E73 "󰹳" */
    0x0, 0xf8, 0xc0, 0x3f, 0xf8, 0x46, 0x1, 0xff,
    0xc1, 0x5c, 0x90, 0xf, 0xfe, 0x4, 0xe2, 0x80,
    0x7f, 0xcb, 0x40, 0xc6, 0x1, 0xfe, 0x36, 0xa,
    0x50, 0xf, 0xe6, 0xa0, 0x4, 0x98, 0x7, 0xf8,
    0xe4, 0x1, 0x4c, 0x1, 0xf3, 0x48, 0x2, 0x58,
    0x3, 0xff, 0x80, 0xd2, 0x0, 0x96, 0x0, 0xe6,
    0x90, 0x4, 0xb0, 0x7, 0xff, 0x9, 0xa4, 0x1,
    0x2c, 0x1, 0x34, 0x80, 0xb, 0xa2, 0x3f, 0xf8,
    0x9c, 0x40, 0x9, 0x60, 0x59, 0x0, 0x89, 0xdf,
    0xff, 0x8c, 0x40, 0x14, 0xaa, 0x10, 0x7, 0xff,
    0x38, 0x90, 0x70, 0x80, 0x5, 0xbd, 0xdf, 0xfc,
    0x4d, 0x20, 0x1, 0x60, 0x80, 0xe1, 0x1, 0x70,
    0x8f, 0xff, 0x13, 0x88, 0xb, 0x4, 0x2, 0x1c,
    0x20, 0x3c, 0x0, 0xff, 0xe1, 0x61, 0x81, 0x60,
    0x80, 0x70, 0xe1, 0x1, 0xe0, 0x7, 0xff, 0x3,
    0xc, 0xb, 0x4, 0x3, 0xe1, 0xc2, 0x3, 0x30,
    0x7, 0xf8, 0xcc, 0x5, 0x82, 0x1, 0xfc, 0x38,
    0x78, 0x60, 0x1f, 0xe3, 0xc3, 0xc1, 0x0, 0xff,
    0x87, 0xc, 0x3, 0xff, 0x80, 0x78, 0x20, 0x1e,

    /* U+F0E79 "󰹹" */
    0x0, 0xf8, 0x54, 0x3, 0xff, 0x82, 0x39, 0x4c,
    0x1, 0xff, 0xe, 0x10, 0x4b, 0x0, 0x7f, 0xe,
    0x10, 0x5, 0x2c, 0x1, 0xf0, 0xe1, 0x0, 0x74,
    0xb0, 0x7, 0xe, 0x10, 0x10, 0x0, 0x80, 0x12,
    0xa0, 0x10, 0xe1, 0x1, 0xf8, 0x1, 0x64, 0x1,
    0x4a, 0x0, 0xd2, 0x3, 0xc3, 0x0, 0x9a, 0x40,
    0x14, 0x61, 0xe0, 0x78, 0x1, 0xe6, 0x90, 0x63,
    0x3, 0xcc, 0x0, 0x7e, 0x6c, 0x90, 0x8, 0xc0,
    0x3f, 0xc6, 0x1, 0xff, 0xff, 0x0, 0xff, 0xfe,
    0x98, 0x7, 0xf8, 0xc0, 0x23, 0xcc, 0x0, 0x7e,
    0x6c, 0x90, 0x7, 0x81, 0xe0, 0x7, 0x9a, 0x41,
    0x8c, 0x34, 0x80, 0xf0, 0xc0, 0x26, 0x90, 0x5,
    0x18, 0xe, 0x10, 0x1f, 0x80, 0x16, 0x40, 0x14,
    0xa0, 0x10, 0xe1, 0x1, 0x0, 0x8, 0x1, 0x2a,
    0x1, 0xc3, 0x84, 0x1, 0xd2, 0xc0, 0x1f, 0xe,
    0x10, 0x5, 0x2c, 0x1, 0xfc, 0x38, 0x41, 0x2c,
    0x1, 0xff, 0xe, 0x53, 0x0, 0x78,

    /* U+F0E9F "󰺟" */
    0x0, 0xff, 0xe2, 0x90, 0x80, 0x7f, 0xf3, 0xdb,
    0x68, 0x3, 0xff, 0x9a, 0x37, 0x20, 0x88, 0x0,
    0xff, 0xe5, 0xaf, 0xa0, 0x2, 0x50, 0x3, 0xff,
    0x95, 0x54, 0x10, 0x3d, 0x60, 0xf, 0xfe, 0x49,
    0xf2, 0x80, 0x1f, 0x8, 0x3, 0xff, 0x88, 0x99,
    0xfd, 0x10, 0xc1, 0x1, 0xc8, 0x0, 0xc9, 0x9f,
    0xd0, 0x1, 0xf9, 0x2c, 0xc0, 0x5d, 0xc0, 0x5,
    0xe3, 0x0, 0xcb, 0x66, 0x2, 0xf8, 0x1, 0x91,
    0x55, 0x20, 0x3, 0x10, 0xa, 0xa8, 0x1, 0xeb,
    0x0, 0x18, 0x81, 0xc2, 0xa8, 0xaa, 0xa2, 0x6,
    0xcf, 0x0, 0x22, 0x80, 0x78, 0x84, 0x1b, 0x3c,
    0x0, 0xf5, 0x45, 0x0, 0xff, 0xe9, 0x55, 0x44,
    0xd, 0x9e, 0x0, 0xc0, 0xf, 0x88, 0x41, 0xb3,
    0xc0, 0xf, 0x54, 0x54, 0x55, 0x48, 0x0, 0xc4,
    0x9, 0xc0, 0x3f, 0x58, 0x0, 0xc4, 0xe, 0x15,
    0x44, 0x1, 0x25, 0x98, 0xb, 0x60, 0x7, 0xf2,
    0xd9, 0x80, 0xb6, 0x0, 0x60,

    /* U+F0EC7 "󰻇" */
    0x0, 0xff, 0xf1, 0xbf, 0xfb, 0x69, 0x84, 0x3,
    0xff, 0x9a, 0xf0, 0x4, 0xb3, 0xd4, 0x40, 0x1f,
    0xfc, 0xc7, 0x80, 0xc, 0xbb, 0x0, 0x1f, 0xfc,
    0xc7, 0x80, 0x2, 0x30, 0x3e, 0x90, 0x7, 0xff,
    0x2d, 0xe1, 0x2e, 0x74, 0x89, 0x84, 0x1, 0xff,
    0xcb, 0x7b, 0x0, 0x16, 0xa0, 0xe1, 0x0, 0x7f,
    0xf4, 0x2d, 0x7, 0x80, 0x3f, 0xfa, 0x34, 0x46,
    0xe0, 0x1f, 0xfd, 0x1, 0xe0, 0x81, 0x0, 0xff,
    0xe8, 0x1a, 0x84, 0x80, 0x7f, 0xc8, 0x82, 0x0,
    0x95, 0x71, 0x0, 0x7d, 0x0, 0xc0, 0x1f, 0xc9,
    0xd7, 0x6d, 0x90, 0x5, 0x56, 0xdc, 0x20, 0xe,
    0x23, 0x14, 0x0, 0xfd, 0x41, 0xbc, 0xac, 0x60,
    0x2, 0xdc, 0x73, 0xc1, 0x0, 0xe4, 0xc, 0x0,
    0xfd, 0x34, 0x43, 0xc0, 0xa0, 0x11, 0x1c, 0x40,
    0x58, 0x3, 0xb0, 0xc, 0x3, 0xf3, 0xa0, 0x3,
    0x41, 0x40, 0x3c, 0xa1, 0x60, 0x1c, 0xaa, 0x30,
    0xf, 0xf6, 0xfb, 0x49, 0x80, 0x78, 0x80, 0x40,
    0x38, 0x6a, 0x0, 0x3f, 0xca, 0xc1, 0x42, 0x1,
    0xff, 0xc5, 0xab, 0x0, 0xfd, 0x13, 0x66, 0xc0,
    0x1e, 0x10, 0x10, 0xf, 0xce, 0x86, 0x1, 0x8a,
    0x94, 0x0, 0xc1, 0xc0, 0x1e, 0x90, 0xb0, 0xf,
    0xce, 0xa, 0x1, 0x89, 0x60, 0xc6, 0x3, 0x0,
    0x21, 0x28, 0x72, 0x70, 0xf, 0xd8, 0x1a, 0x1,
    0xd6, 0x79, 0xca, 0xea, 0x0, 0x2e, 0xd7, 0x4c,
    0x0, 0xfe, 0x70, 0x42, 0x0, 0xc9, 0xd9, 0x7d,
    0x0, 0xb, 0xbd, 0xd6, 0x20, 0x1f, 0xc2, 0xa1,
    0x60, 0x1e, 0x34, 0x10, 0x9, 0x13, 0x8, 0x7,
    0xff, 0x2, 0x1, 0x88, 0x3, 0xff, 0xa0, 0x4c,
    0x1e, 0x1, 0xff, 0xd1, 0x92, 0x25, 0x0, 0x7f,
    0xf4, 0x7c, 0x56, 0x80, 0x3f, 0xfa, 0x5, 0xa2,
    0xba, 0x40, 0x38, 0xc0, 0x1f, 0xfc, 0xb3, 0xc2,
    0x26, 0xce, 0x9c, 0xb0, 0x7, 0xff, 0x2c, 0xb5,
    0xc1, 0x8c, 0x1, 0x2c, 0x1, 0xff, 0xcc, 0x8d,
    0x50, 0xd, 0x2c, 0x1, 0xff, 0xcc, 0x2a, 0xea,
    0x63, 0x19, 0x50, 0xf, 0xfe, 0x18,

    /* U+F0F1B "󰼛" */
    0x0, 0xff, 0xe2, 0xf, 0x20, 0x7, 0xff, 0x8,
    0x6e, 0x84, 0x3, 0xff, 0x84, 0xbe, 0xc0, 0x1f,
    0xfc, 0x21, 0x9b, 0x20, 0xf, 0xf8, 0x80, 0x9,
    0xae, 0x1, 0xfe, 0x5d, 0x30, 0x4, 0x69, 0x80,
    0x7f, 0x16, 0x48, 0x81, 0x64, 0x80, 0x7f, 0x9b,
    0xd4, 0x0, 0xdc, 0x80, 0x1f, 0xc3, 0x56, 0x20,
    0x37, 0x42, 0x1, 0xff, 0xcb, 0x1a, 0xb1, 0x1,
    0xba, 0x10, 0xf, 0x37, 0xa8, 0x1, 0xb9, 0x0,
    0x3c, 0x57, 0x22, 0x5, 0x92, 0x1, 0xf2, 0xea,
    0x0, 0x23, 0x4c, 0x3, 0xf1, 0x0, 0x13, 0x5c,
    0x3, 0xfe, 0x19, 0xb2, 0x0, 0xff, 0x97, 0xd8,
    0x3, 0xfe, 0x1b, 0xa1, 0x0, 0xff, 0x87, 0x90,
    0x3, 0xff, 0x82,

    /* U+F0F54 "󰽔" */
    0x0, 0xff, 0xe0, 0xc4, 0x0, 0x3f, 0xf9, 0xb4,
    0xee, 0xa0, 0xf, 0xfe, 0x50, 0xe2, 0x80, 0x16,
    0xc0, 0x3f, 0xf9, 0x3, 0x86, 0x1, 0x93, 0x4,
    0x3, 0xff, 0x8a, 0x5e, 0x40, 0x1e, 0x3c, 0x10,
    0xf, 0xfe, 0x1a, 0x68, 0x80, 0x7e, 0x29, 0x0,
    0xff, 0xe1, 0x2d, 0x80, 0x7f, 0x8e, 0x0, 0x4,
    0x80, 0x1f, 0xcf, 0x40, 0x1f, 0xf4, 0x80, 0x27,
    0x6f, 0x8c, 0x3, 0xd3, 0x0, 0x1f, 0xfc, 0x4,
    0x3, 0x6b, 0xe5, 0x80, 0xe, 0xb6, 0x0, 0xff,
    0xe0, 0x88, 0x28, 0xa0, 0xea, 0x80, 0x43, 0x88,
    0x1, 0xff, 0xc5, 0x18, 0x86, 0x80, 0x6b, 0x3,
    0x20, 0xf, 0xfe, 0x2b, 0xb9, 0x0, 0x35, 0x66,
    0x20, 0x3, 0xff, 0xfe, 0x1, 0xff, 0xff, 0x0,
    0x20, 0x7, 0xff, 0x3e, 0x0, 0x1a, 0x1, 0x85,
    0x0, 0x3f, 0xf8, 0xa2, 0x60, 0xc8, 0x1, 0xd2,
    0x1, 0xff, 0xc5, 0x50, 0x6, 0x80, 0x78, 0x88,
    0x1, 0xff, 0xcf, 0x10, 0xc, 0xf1, 0x1f, 0xf7,
    0x0, 0x30, 0x3, 0xe3, 0x0, 0xc4, 0xef, 0xff,
    0x28, 0x1, 0x88, 0x3, 0xa4, 0x3, 0xff, 0x90,
    0x38, 0xa0, 0x1, 0x96, 0x0, 0xff, 0xe4, 0x8d,
    0x7f, 0x71, 0x80, 0x0,

    /* U+F0F85 "󰾅" */
    0x0, 0xff, 0xee, 0x91, 0x0, 0x3f, 0xf9, 0xca,
    0xa0, 0xf, 0xfe, 0x51, 0x18, 0x3, 0x30, 0x0,
    0x33, 0x0, 0x7f, 0xf1, 0xe, 0xf5, 0x80, 0x8,
    0x80, 0xb, 0x35, 0x40, 0x3f, 0xf8, 0x33, 0x88,
    0x8, 0x8, 0x0, 0x40, 0x31, 0x2a, 0xb1, 0x0,
    0xff, 0x63, 0x0, 0x14, 0x43, 0x0, 0x18, 0x0,
    0x90, 0x2, 0x78, 0x80, 0x7e, 0xb3, 0x2, 0xca,
    0x0, 0x20, 0x1, 0x0, 0xf, 0xa6, 0x3, 0x82,
    0x1, 0xe9, 0x40, 0x4d, 0x30, 0x0, 0x98, 0x0,
    0xc4, 0x0, 0x58, 0x80, 0x5a, 0x1, 0xc6, 0xc0,
    0x76, 0x1, 0x90, 0x3, 0x20, 0x6, 0xb3, 0x3,
    0x60, 0xd, 0xc0, 0xd, 0x0, 0xec, 0x0, 0xd8,
    0x1, 0xda, 0x21, 0x22, 0x0, 0x42, 0x7, 0x10,
    0xe, 0x40, 0xc, 0x80, 0x1c, 0x30, 0x0, 0x60,
    0x7, 0x0, 0x24, 0x3, 0x88, 0x80, 0x18, 0x88,
    0x1, 0xcc, 0x0, 0xa0, 0x2, 0x1, 0x88, 0x7,
    0x20, 0x7, 0x90, 0x3, 0xca, 0x4, 0x23, 0x2,
    0x0, 0x7b, 0x0, 0x3d, 0x80, 0x1e, 0xc0, 0x2,
    0x90, 0x3, 0xc0, 0x3c, 0x80, 0x1e, 0x40, 0xf,
    0x10, 0x0, 0x40, 0x21, 0x0, 0xf0, 0x80, 0x78,
    0x40, 0x3f, 0x8c, 0x40, 0x1c, 0x1, 0xe2, 0x0,
    0xf1, 0x80, 0x78, 0x40, 0x6, 0x40, 0x2, 0x0,
    0xf4, 0x0, 0x7a, 0x0, 0x3c, 0x40, 0x6, 0x2,
    0x4, 0x0, 0xf2, 0xc0, 0x6, 0x94, 0x0, 0xf5,
    0x80, 0xc, 0x10, 0x5, 0x0, 0x3c, 0xfd, 0x76,
    0xf6, 0x0, 0xf1, 0x18, 0x20, 0x2, 0xc0, 0x10,
    0x1, 0xf0, 0xa2, 0x0, 0x3f, 0x40, 0x3, 0x80,
    0x4, 0xa0, 0x6c, 0x1, 0xff, 0xc4, 0x45, 0x2,
    0x50, 0xa, 0x0, 0x12, 0x60, 0x1f, 0xfc, 0x22,
    0xa0, 0x4, 0x80, 0x62, 0x90, 0x7, 0x80, 0x7f,
    0xf0, 0xa4, 0x41, 0xd0, 0x3, 0x99, 0xc1, 0x80,
    0x3f, 0xf8, 0x46, 0x9, 0x0, 0x1f, 0x47, 0x50,
    0x7, 0xff, 0xa, 0x3a, 0xc0, 0x30,

    /* U+F0F86 "󰾆" */
    0x0, 0xfe, 0x27, 0xbe, 0xff, 0x76, 0x41, 0x80,
    0x7f, 0xf1, 0xb, 0x36, 0x10, 0x40, 0x2, 0x6f,
    0x9a, 0xa0, 0x1f, 0xe3, 0x0, 0x8a, 0x44, 0x0,
    0x48, 0x83, 0x0, 0x8a, 0xa8, 0x20, 0x1f, 0xda,
    0x80, 0x5, 0xeb, 0xfd, 0xbb, 0x67, 0xda, 0x80,
    0x17, 0x8, 0x3, 0xe3, 0x7b, 0xa2, 0x0, 0x20,
    0x7, 0x92, 0xb0, 0x80, 0xb0, 0x40, 0x3e, 0xb0,
    0x5d, 0x80, 0xf, 0xf1, 0xea, 0x0, 0xe8, 0x7,
    0xc3, 0x0, 0x7, 0xe5, 0x0, 0xff, 0x5a, 0x1,
    0xb8, 0x6, 0xc1, 0x7, 0x20, 0x0, 0xd6, 0x18,
    0x7, 0xf5, 0x8, 0x40, 0x80, 0x14, 0xe0, 0x1,
    0x0, 0x18, 0xf2, 0x44, 0x3, 0xe1, 0x80, 0x3,
    0x0, 0x3c, 0x18, 0x0, 0xa8, 0x1, 0xcd, 0xce,
    0x1, 0xf3, 0x8, 0x50, 0x1, 0x0, 0x80, 0x29,
    0x0, 0xfa, 0x30, 0x3, 0xe4, 0x2, 0x11, 0x81,
    0x0, 0x22, 0x60, 0xf, 0x8e, 0x40, 0x3d, 0x80,
    0x5, 0x30, 0x7, 0x0, 0x68, 0x10, 0xf, 0x98,
    0x3, 0xc4, 0x0, 0x11, 0x0, 0x4, 0x3, 0xc,
    0x0, 0x7f, 0xf1, 0x84, 0x1, 0xc0, 0x1c, 0xc4,
    0x1, 0xe1, 0x0, 0xf0, 0x80, 0x44, 0x0, 0x20,
    0xf, 0x70, 0x7, 0xa0, 0x3, 0xc4, 0x0, 0x60,
    0x20, 0x40, 0xf, 0x1d, 0x8, 0x5, 0xc, 0x1,
    0xeb, 0x0, 0x18, 0x20, 0xa, 0x0, 0x79, 0x7b,
    0x2f, 0x9c, 0x3, 0xc4, 0x60, 0x80, 0xb, 0x0,
    0x40, 0x7, 0xe3, 0x41, 0x0, 0xfa, 0x0, 0x1c,
    0x0, 0x25, 0x3, 0x60, 0xf, 0xfe, 0x22, 0x28,
    0x12, 0x80, 0x50, 0x0, 0x93, 0x0, 0xff, 0xe1,
    0x15, 0x0, 0x24, 0x3, 0x14, 0x80, 0x3c, 0x3,
    0xff, 0x85, 0x22, 0xe, 0x80, 0x1c, 0xce, 0xc,
    0x1, 0xff, 0xc2, 0x30, 0x48, 0x0, 0xfa, 0x3a,
    0x80, 0x3f, 0xf8, 0x51, 0xd6, 0x1, 0x80,

    /* U+F0F9C "󰾜" */
    0x0, 0xff, 0xe0, 0xad, 0x80, 0x7f, 0xf3, 0x5e,
    0x93, 0x4, 0x3, 0xff, 0x95, 0x10, 0x0, 0x1e,
    0x10, 0x7, 0xff, 0x22, 0x9c, 0x0, 0x40, 0x58,
    0x60, 0x1f, 0xfc, 0x6b, 0x50, 0x5, 0xea, 0x80,
    0xe2, 0x0, 0x7f, 0xf0, 0xc7, 0x10, 0x7, 0x50,
    0x29, 0x80, 0x16, 0xa0, 0x1f, 0xfc, 0x12, 0xc3,
    0x2, 0xf2, 0x0, 0xa6, 0x0, 0x14, 0xe0, 0x1f,
    0xf1, 0xe1, 0x1, 0xe0, 0x80, 0x73, 0xc8, 0x2,
    0x20, 0x1, 0xfc, 0x98, 0x20, 0x98, 0x20, 0x2c,
    0x1, 0x9a, 0xc0, 0xf, 0x40, 0x1f, 0xd5, 0x4b,
    0xb0, 0x6, 0x96, 0x0, 0xc9, 0x60, 0x5, 0xb0,
    0xf, 0x91, 0x54, 0x80, 0x1e, 0x96, 0x0, 0xca,
    0x1, 0x26, 0x8, 0x7, 0xff, 0x12, 0x58, 0x3,
    0xf1, 0xe1, 0xf, 0xff, 0xfd, 0xc0, 0x14, 0xb0,
    0x7, 0x3f, 0xfb, 0x48, 0x3, 0xff, 0x8b, 0x0,
    0x1f, 0xe1, 0x44, 0xff, 0xe0, 0x0, 0x43, 0x80,
    0x1f, 0xf5, 0xdf, 0xfd, 0x40, 0x1, 0xc2, 0x0,
    0xff, 0xe6, 0xe, 0x10, 0x7, 0xff, 0xc, 0x6e,
    0xca, 0x1, 0xc3, 0x84, 0x1, 0xff, 0xc5, 0x44,
    0x68, 0x6, 0x1c, 0x20, 0xf, 0xfe, 0x71, 0x0,
    0x7f, 0xf2, 0x5f, 0xff, 0xff, 0x81, 0xc0, 0x1f,
    0xfd, 0xc4, 0x4f, 0xfe, 0x37, 0x0, 0x60,

    /* U+F0FB3 "󰾳" */
    0x0, 0x1b, 0xc4, 0x7f, 0xf2, 0x1c, 0xc0, 0x26,
    0xc8, 0x77, 0xff, 0xe4, 0x46, 0x30, 0x2, 0x40,
    0x3f, 0xf9, 0x92, 0x4, 0x1, 0xff, 0xce, 0x21,
    0x0, 0xff, 0xe7, 0x8, 0x7, 0xff, 0xd2, 0x37,
    0xbb, 0xf6, 0xc0, 0x7, 0xff, 0xe, 0x9c, 0x84,
    0x7f, 0x13, 0xd0, 0x7, 0xff, 0x6, 0x94, 0x3,
    0xff, 0x80, 0xb4, 0x1, 0xff, 0x4a, 0x80, 0x7f,
    0xf0, 0x96, 0x40, 0x3f, 0xa5, 0x80, 0x80, 0x3f,
    0xf8, 0x4, 0xd, 0x20, 0x1f, 0x43, 0xf, 0x6e,
    0x80, 0x3f, 0xd7, 0xbc, 0x4d, 0x0, 0x1e, 0x70,
    0x91, 0x2, 0x50, 0xf, 0xc4, 0x80, 0x34, 0xe,
    0x1, 0xe1, 0xe, 0x0, 0x98, 0x2, 0x66, 0x0,
    0x46, 0x1, 0x70, 0x8, 0x7, 0xb4, 0x1a, 0x12,
    0x4c, 0x1, 0x33, 0x80, 0x3, 0x68, 0xec, 0x1a,
    0x1, 0xe3, 0xc0, 0x7b, 0x60, 0x9, 0x0, 0x8,
    0x1, 0x25, 0xc0, 0x61, 0x80, 0x7c, 0x78, 0x1,
    0xe5, 0x0, 0x28, 0x7, 0xb0, 0xc0, 0x3f, 0x8f,
    0x0, 0x3a, 0x2a, 0x90, 0x1, 0xd8, 0x60, 0x1f,
    0xf1, 0xd8, 0x7, 0x2a, 0x80, 0x3a, 0xcc, 0x3,
    0xff, 0x82, 0x9d, 0x31, 0x1f, 0xa7, 0x90, 0x3,
    0xff, 0x86, 0x2c, 0xef, 0xf9, 0x84, 0x3, 0xff,
    0xe8, 0x20, 0x1f, 0xfc, 0xe1, 0x23, 0x0, 0xff,
    0xe6, 0x19, 0x7, 0x18, 0x7, 0xff, 0x28, 0xf8,
    0x0, 0x59, 0xfd, 0xdf, 0xfc, 0x8f, 0xc2, 0x0,

    /* U+F0FC6 "󰿆" */
    0x0, 0xff, 0xe3, 0x8b, 0xcd, 0x41, 0x80, 0x7f,
    0xf2, 0xa7, 0xa1, 0x95, 0xf3, 0x4, 0x1, 0xff,
    0xc7, 0xc6, 0x0, 0xf1, 0xe9, 0x0, 0x7f, 0xf1,
    0x64, 0xc0, 0xab, 0xbf, 0x10, 0x1, 0xe0, 0x1f,
    0xfc, 0x41, 0x60, 0x2c, 0x51, 0x3, 0xb5, 0x2,
    0x60, 0xf, 0xfe, 0x1b, 0x80, 0x20, 0x40, 0x3a,
    0xc0, 0x1a, 0x1, 0xff, 0xc3, 0xe0, 0x2, 0x0,
    0x78, 0x4c, 0x18, 0x3, 0xff, 0x86, 0x20, 0x1f,
    0xfc, 0x3, 0x0, 0xff, 0xe9, 0x9b, 0xbf, 0xff,
    0x1, 0x40, 0x12, 0xe6, 0x1, 0xd4, 0xf2, 0xd,
    0x91, 0x1f, 0xfc, 0x3, 0x0, 0x3c, 0x63, 0x0,
    0x66, 0x87, 0x9, 0x0, 0xff, 0xe3, 0xc8, 0x7,
    0xc2, 0x1, 0xff, 0xc9, 0x10, 0xf, 0xff, 0xf8,
    0x7, 0xff, 0x3c, 0x67, 0x24, 0x3, 0xff, 0x9b,
    0x4c, 0x6d, 0x60, 0x1f, 0xfc, 0xc4, 0x0, 0x90,
    0x3, 0xff, 0xd3, 0x0, 0x14, 0x80, 0x7f, 0xf3,
    0x1f, 0x27, 0x18, 0x3, 0xff, 0x9a, 0x6c, 0x60,
    0x1f, 0xff, 0xf0, 0xf, 0xfe, 0x48, 0x80, 0x78,
    0x48, 0x3, 0xff, 0x8e, 0x60, 0x1f, 0xbc, 0x80,
    0x3f, 0xf8, 0xa7, 0xc0, 0x1f, 0x8b, 0x7b, 0xbf,
    0xf8, 0x9f, 0x84, 0x1, 0xf0,

    /* U+F10B5 "󱂵" */
    0x0, 0x1b, 0xbf, 0xe5, 0x0, 0xff, 0xe2, 0xb6,
    0x44, 0x7e, 0xa7, 0x0, 0xff, 0xe2, 0x48, 0x7,
    0xfa, 0x1c, 0x3, 0xff, 0x84, 0x20, 0x1f, 0xfc,
    0x8, 0xcc, 0xff, 0xa8, 0xc0, 0x3f, 0xf8, 0x66,
    0x7f, 0xf2, 0xe1, 0x0, 0x7f, 0xf3, 0xd4, 0x3,
    0xff, 0x9f, 0xe0, 0x1f, 0xfc, 0x48, 0x30, 0xf,
    0xfe, 0x60, 0xdb, 0xe3, 0x0, 0x7f, 0xf2, 0x8b,
    0x10, 0x1, 0x34, 0x1, 0xff, 0xc8, 0x5d, 0x20,
    0xc, 0xba, 0x40, 0x1f, 0xfc, 0x58, 0xa0, 0xf,
    0x8b, 0x10, 0x3, 0xff, 0x86, 0x60, 0xc0, 0x1f,
    0x9b, 0x4, 0x3, 0xff, 0x84, 0x71, 0x0, 0x8,
    0x44, 0x0, 0x18, 0x80, 0x80, 0x7f, 0xf1, 0xe7,
    0xb8, 0x20, 0x1f, 0xff, 0xf0, 0x8, 0x44, 0x60,
    0x3, 0x13, 0x0, 0xff, 0xe3, 0x8f, 0x71, 0x40,
    0x1b, 0xda, 0x1, 0xf0, 0x80, 0x7f, 0xf3, 0xbc,
    0x10, 0x3, 0xff, 0x9a, 0x81, 0x4a, 0x23, 0xff,
    0xca, 0x3b, 0x30,

    /* U+F1107 "󱄇" */
    0x0, 0x8d, 0x13, 0xff, 0x92, 0x20, 0x11, 0xf6,
    0x5d, 0xff, 0xf2, 0x7a, 0x0, 0x1c, 0x20, 0x1f,
    0xfc, 0xb7, 0x40, 0x20, 0xf, 0xe4, 0x70, 0x1,
    0xb1, 0x0, 0x7f, 0x60, 0x80, 0x7c, 0x31, 0xf7,
    0x20, 0x4, 0x9d, 0xc4, 0x0, 0xff, 0xe1, 0x9f,
    0xb8, 0x7, 0xe3, 0xb9, 0x0, 0xff, 0xe0, 0xae,
    0x8, 0x4, 0x3f, 0xe8, 0x0, 0xcd, 0x60, 0x1f,
    0xf1, 0xd0, 0x7, 0xff, 0x9, 0x28, 0x3, 0xfd,
    0xc0, 0x1f, 0xfc, 0x45, 0x50, 0x7, 0xe7, 0x20,
    0xf, 0xfe, 0x2d, 0x80, 0x7e, 0xa0, 0xf, 0xfe,
    0x30, 0xa0, 0x7, 0x88, 0x80, 0x1f, 0xfc, 0x7d,
    0x0, 0xf3, 0x80, 0xb, 0x39, 0xc0, 0x3f, 0x16,
    0x73, 0x80, 0x14, 0x3, 0xc4, 0x0, 0x83, 0x18,
    0x10, 0xf, 0xa0, 0xc6, 0x4, 0x8, 0x3, 0xff,
    0xac, 0x40, 0x8, 0x31, 0x81, 0x0, 0xfa, 0xc,
    0x60, 0x40, 0x80, 0x3c, 0xe0, 0x2, 0xce, 0x70,
    0xf, 0xc5, 0x9c, 0xe0, 0x5, 0x0, 0xf1, 0x10,
    0x3, 0xff, 0x8f, 0xa0, 0x1f, 0x50, 0x7, 0xff,
    0x18, 0x50, 0x3, 0xe7, 0x20, 0xf, 0xfe, 0x2d,
    0x80, 0x7f, 0x70, 0x7, 0xff, 0x11, 0x54, 0x1,
    0xfc, 0x74, 0x1, 0xff, 0xc2, 0x4a, 0x0, 0xff,
    0x97, 0x4, 0x2, 0x1f, 0xf4, 0x0, 0x66, 0xb0,
    0xf, 0xfe, 0x9, 0xfb, 0x80, 0x7e, 0x3b, 0x90,
    0xf, 0x84, 0x3, 0xe1, 0x8f, 0xb9, 0x0, 0x24,
    0xee, 0x20, 0x7, 0xf1, 0x80, 0x7f, 0x23, 0x80,
    0xd, 0x88, 0x3, 0xfb, 0x3, 0x84, 0x3, 0xff,
    0x96, 0xc8, 0x5, 0xd9, 0x77, 0xff, 0xc9, 0xd9,
    0x0,

    /* U+F1108 "󱄈" */
    0x0, 0x13, 0xc4, 0x7f, 0xf2, 0x54, 0x2, 0x5d,
    0x87, 0x7f, 0xfe, 0x4d, 0x58, 0x2, 0xc0, 0x3f,
    0xf9, 0x88, 0xa2, 0x20, 0xf, 0xc7, 0x19, 0xbd,
    0xb4, 0xc0, 0x1f, 0xda, 0x1, 0xf8, 0xf3, 0xe,
    0x64, 0x24, 0xb3, 0xee, 0x1, 0xff, 0xc3, 0x7c,
    0x30, 0xf, 0xe8, 0xd1, 0x0, 0xff, 0xe0, 0x4c,
    0x0, 0x62, 0xce, 0x70, 0xc, 0x5e, 0x20, 0x1f,
    0xe6, 0x60, 0x7, 0x41, 0x8c, 0x8, 0x6, 0x1c,
    0x0, 0xfe, 0x19, 0x0, 0xff, 0xe2, 0x13, 0x80,
    0x7e, 0x90, 0xf, 0xa0, 0xc6, 0x4, 0x3, 0xd0,
    0x1, 0xf9, 0x80, 0x3e, 0x2c, 0xe7, 0x0, 0xfc,
    0xc0, 0x1e, 0x31, 0x0, 0xff, 0xe3, 0xe0, 0x7,
    0x94, 0x0, 0x59, 0xce, 0x1, 0xf8, 0xb3, 0x9c,
    0x0, 0xe0, 0x1e, 0x10, 0x4, 0x18, 0xc0, 0x80,
    0x7d, 0x6, 0x30, 0x20, 0x60, 0x1e, 0x10, 0xf,
    0xfe, 0x79, 0x80, 0x20, 0xc6, 0x4, 0x3, 0xe8,
    0x31, 0x81, 0x2, 0x0, 0xf2, 0x0, 0xb, 0x39,
    0xc0, 0x3f, 0x16, 0x73, 0x80, 0x10, 0x3, 0xc2,
    0x60, 0x1f, 0xfc, 0x7b, 0x0, 0xfa, 0x40, 0x3f,
    0xf8, 0xc6, 0x60, 0xf, 0x94, 0xc0, 0x3f, 0xf8,
    0xbe, 0x1, 0xfd, 0xc2, 0x1, 0xff, 0xc3, 0x73,
    0x0, 0xfe, 0x2d, 0x10, 0xf, 0xfe, 0xb, 0x40,
    0x7, 0xfc, 0x78, 0x60, 0x1f, 0xf4, 0xc8, 0x3,
    0xff, 0x82, 0x59, 0x46, 0x1, 0xe1, 0x7e, 0x60,
    0xf, 0x84, 0x3, 0xf2, 0xe7, 0x54, 0xc4, 0xe7,
    0x40, 0x80, 0x7d, 0xe0, 0x80, 0x1f, 0xc2, 0xac,
    0xec, 0x60, 0x1f, 0xe4, 0xa, 0x40, 0xf, 0xfe,
    0x50, 0xd1, 0x80, 0xdf, 0xf7, 0x7f, 0xf2, 0x94,
    0x0,

    /* U+F1109 "󱄉" */
    0x0, 0x13, 0xc4, 0x7f, 0xf2, 0x54, 0x2, 0x4d,
    0x87, 0x7f, 0xfe, 0x4d, 0x58, 0x2, 0x80, 0x3f,
    0xf9, 0x88, 0xa2, 0x20, 0xf, 0xc7, 0x19, 0xbd,
    0xb4, 0xc0, 0x1f, 0xda, 0x1, 0xf8, 0xf3, 0xe,
    0x64, 0x24, 0xb3, 0xee, 0x1, 0xff, 0xc3, 0x7c,
    0x30, 0xf, 0xe8, 0xd1, 0x0, 0xff, 0xe0, 0x4c,
    0x0, 0x7f, 0xf0, 0xb, 0xc4, 0x3, 0xfc, 0xcc,
    0x0, 0xff, 0xe1, 0xe, 0x0, 0x7f, 0xc, 0x80,
    0x7f, 0xf1, 0x9, 0xc0, 0x3f, 0x48, 0x7, 0xff,
    0x1a, 0x0, 0x3f, 0x30, 0x6, 0x88, 0x20, 0x7,
    0x44, 0x10, 0x3, 0x30, 0x7, 0x8c, 0x40, 0x21,
    0x77, 0x60, 0x6, 0x17, 0x76, 0x0, 0x6c, 0x0,
    0xf2, 0x80, 0x7f, 0xf2, 0x1c, 0x3, 0xc2, 0x1,
    0xff, 0xc8, 0x30, 0xf, 0x8, 0x7, 0xff, 0x20,
    0xc0, 0x3c, 0x60, 0x1f, 0xfc, 0x81, 0x0, 0xf2,
    0x0, 0x7f, 0xf2, 0x10, 0x3, 0xc2, 0x60, 0x10,
    0xf7, 0x20, 0x3, 0xf, 0x72, 0x0, 0x35, 0x80,
    0x7d, 0x20, 0x18, 0x44, 0x1, 0xe1, 0x10, 0x6,
    0x33, 0x0, 0x7c, 0xa6, 0x1, 0xff, 0xc5, 0xf0,
    0xf, 0xee, 0x10, 0xf, 0xfe, 0x1b, 0x98, 0x7,
    0xf1, 0x68, 0x80, 0x7f, 0xf0, 0x5a, 0x0, 0x3f,
    0xe3, 0xc3, 0x0, 0xff, 0xa6, 0x40, 0x1f, 0xfc,
    0x12, 0xca, 0x30, 0xf, 0xb, 0xf3, 0x0, 0x7c,
    0x20, 0x1f, 0x97, 0x3a, 0xa6, 0x27, 0x3a, 0x4,
    0x3, 0xef, 0x4, 0x0, 0xfe, 0x15, 0x67, 0x63,
    0x0, 0xff, 0x28, 0x52, 0x0, 0x7f, 0xf2, 0x86,
    0x88, 0x6, 0xff, 0xbb, 0xff, 0x94, 0xa0,

    /* U+F11C0 "󱇀" */
    0x0, 0xf8, 0xe2, 0x3f, 0xf8, 0xe, 0x1, 0xff,
    0xc3, 0x47, 0x7f, 0xfe, 0x4, 0x80, 0x7f, 0xff,
    0xc0, 0x3f, 0xff, 0xe0, 0x1f, 0xfd, 0x1b, 0xed,
    0x0, 0xe8, 0x85, 0x80, 0x7f, 0xf0, 0x6, 0x20,
    0x80, 0x7, 0x13, 0x0, 0xc2, 0xee, 0x30, 0xf,
    0xfe, 0xb, 0xbb, 0x0, 0x3f, 0xff, 0xe0, 0x1f,
    0xff, 0xf0, 0xc, 0x3d, 0xd4, 0x0, 0x7f, 0x8b,
    0xba, 0x80, 0x6, 0xf7, 0x80, 0x70, 0x8c, 0xec,
    0x1, 0xf8, 0x7c, 0x46, 0x0, 0x84, 0x60, 0xf,
    0xe9, 0x40, 0xf, 0xb4, 0x80, 0x3f, 0xf8, 0xf4,
    0x40, 0x1d, 0x46, 0x1, 0xf6, 0x7f, 0x0, 0x7f,
    0x87, 0xc4, 0x2, 0x75, 0x0, 0xff, 0xe5, 0x15,
    0x22, 0x1e, 0x0, 0x3f, 0x91, 0x20, 0xf, 0xfe,
    0x2, 0x44, 0x24, 0x3, 0xfd, 0x17, 0x40, 0x1f,
    0xfc, 0x1, 0xcc, 0x48, 0x7, 0xff, 0x34, 0x80,
    0x1e, 0x1, 0xff, 0xc1, 0x28, 0x8f, 0xfb, 0x40,
    0x6, 0x1, 0xff, 0xc1, 0x77, 0xff, 0xe0, 0x8,
    0x1a, 0x0, 0x7f, 0xf3, 0x9b, 0x0, 0x3f, 0xf8,
    0x4b, 0xdd, 0xff, 0x7c, 0x80, 0x7f, 0xf0, 0xc0,

    /* U+F1274 "󱉴" */
    0x1a, 0xff, 0xff, 0xe4, 0x50, 0xda, 0x80, 0x7f,
    0xf2, 0x16, 0xd4, 0x5, 0x57, 0xff, 0x8c, 0x20,
    0xa0, 0x4, 0xaa, 0xff, 0xe3, 0x20, 0x7, 0xff,
    0xfc, 0x3, 0xff, 0xfe, 0x1, 0xff, 0xff, 0x0,
    0xff, 0xfb, 0xaf, 0xff, 0x90, 0x3, 0x27, 0xff,
    0x94, 0x3, 0xfe, 0x10, 0xc, 0x20, 0x1f, 0xf0,
    0xaa, 0xc8, 0x0, 0xf0, 0xd, 0xe0, 0x4, 0x55,
    0x84, 0x3, 0x25, 0x55, 0x66, 0xb, 0x2, 0x28,
    0x50, 0x3b, 0xaa, 0x90, 0x3, 0xfb, 0xc0, 0xf,
    0xdc, 0x70, 0x7, 0x80, 0x7f, 0x25, 0x56, 0x92,
    0x0, 0xf1, 0x4d, 0x56, 0x40, 0x2, 0x80, 0xaa,
    0xf1, 0x0, 0x78, 0x95, 0x78, 0x41, 0x6d, 0x40,
    0x3f, 0xf9, 0xb, 0x60,

    /* U+F1276 "󱉶" */
    0x0, 0x3c, 0x46, 0x40, 0xf, 0xfe, 0xc, 0x47,
    0x18, 0x3, 0x21, 0xdf, 0x60, 0x7, 0xff, 0x0,
    0x5d, 0xfb, 0xc, 0x4c, 0x3, 0xff, 0x9b, 0x60,
    0x13, 0x77, 0x50, 0x1, 0xff, 0xc0, 0x1e, 0xeb,
    0x40, 0x3c, 0x23, 0x80, 0x3f, 0xf8, 0x42, 0x31,
    0x80, 0x7f, 0xf7, 0x16, 0xfb, 0xf6, 0x4, 0x3,
    0xff, 0x80, 0x3d, 0xc8, 0x0, 0xd5, 0x44, 0x10,
    0x27, 0xf3, 0x0, 0xf8, 0x7b, 0x90, 0x2, 0x20,
    0xd, 0x4a, 0x0, 0x23, 0x0, 0xe, 0x90, 0x7,
    0xc2, 0x20, 0xf, 0x8d, 0x40, 0x73, 0x73, 0xd4,
    0x6, 0x0, 0x3f, 0xf8, 0x94, 0x0, 0xb3, 0x0,
    0xa8, 0x81, 0x40, 0x3f, 0xf8, 0x84, 0x0, 0x50,
    0xe, 0x40, 0x1, 0x0, 0x7f, 0xf7, 0xc8, 0x0,
    0xa0, 0x1c, 0x80, 0x2, 0x0, 0xff, 0xe1, 0xd0,
    0x2, 0xcc, 0x2, 0xa2, 0x6, 0x0, 0xff, 0xe2,
    0x1a, 0x80, 0xe6, 0xdf, 0xa8, 0x7, 0xff, 0x22,
    0x94, 0x0, 0x48, 0x1, 0x9a, 0x40, 0x3f, 0xf8,
    0xb5, 0x44, 0x10, 0x28, 0xb1, 0x6, 0xa0, 0xf,
    0xfe, 0x2a, 0xdf, 0x7e, 0xba, 0x60, 0x82, 0xd0,
    0x7, 0xff, 0x2c, 0xb0, 0x41, 0x58, 0x3, 0xe8,
    0x82, 0x0, 0x7f, 0xf0, 0x4b, 0xc9, 0xd8, 0x2,
    0x88, 0x20, 0xbb, 0xb0, 0x3, 0xff, 0x84, 0x3b,
    0x0, 0x10, 0xbb, 0xb0, 0x3, 0xff, 0xde, 0x91,
    0x12, 0x0, 0x7f, 0xf0, 0x62, 0x30, 0x4, 0x20,
    0x3, 0x77, 0xb0, 0x3, 0xff, 0x80, 0x2e, 0xf3,
    0x0, 0x3c, 0x24, 0x3, 0xff, 0x98, 0x6c, 0xd,
    0xfd, 0xda, 0x0, 0x3f, 0xf8, 0x3, 0xdd, 0xd8,
    0x20,

    /* U+F128D "󱊍" */
    0x0, 0x8f, 0x7f, 0xee, 0x70, 0xd, 0x1d, 0xff,
    0x61, 0x0, 0x70, 0xe9, 0x0, 0x43, 0x8, 0x0,
    0x77, 0x8, 0x4, 0x78, 0x1, 0xca, 0x20, 0x1e,
    0xd0, 0x6, 0x0, 0x78, 0x4c, 0x3, 0xff, 0x86,
    0xe0, 0x1f, 0xef, 0xf5, 0x80, 0x7c, 0xdf, 0xe3,
    0x0, 0xfb, 0x3f, 0x80, 0x3f, 0xf9, 0xc2, 0xab,
    0xff, 0xc6, 0x10, 0xc, 0x95, 0x5f, 0xfc, 0x62,
    0x0, 0xff, 0xff, 0x80, 0x7f, 0xff, 0xc0, 0x3f,
    0xff, 0xe0, 0x1f, 0xff, 0x75, 0xff, 0xff, 0xe3,
    0x18, 0x7, 0xff, 0x39, 0x57, 0xff, 0x96, 0x80,

    /* U+F1323 "󱌣" */
    0x0, 0xff, 0x22, 0x90, 0x7, 0xff, 0x2d, 0x7a,
    0xeb, 0x64, 0x3, 0x9f, 0x36, 0x88, 0x3, 0xfe,
    0x6a, 0x10, 0xb, 0x40, 0x21, 0xd8, 0x32, 0x32,
    0x0, 0xff, 0x34, 0x80, 0x6b, 0x40, 0xa, 0x88,
    0x0, 0xd2, 0x0, 0x10, 0xf, 0x9a, 0x40, 0x34,
    0x20, 0x4, 0x28, 0x0, 0x69, 0x0, 0x36, 0x80,
    0x79, 0xa4, 0x3, 0xa4, 0x80, 0x25, 0x0, 0xa8,
    0x0, 0xd2, 0x60, 0x1c, 0x52, 0x1, 0xe1, 0xe0,
    0x9, 0xc0, 0x2d, 0x36, 0x90, 0x10, 0xe, 0x29,
    0x0, 0xfa, 0x80, 0x27, 0x0, 0x87, 0x24, 0x0,
    0x80, 0x12, 0xd5, 0x30, 0x40, 0x3d, 0x26, 0x9,
    0x60, 0x1f, 0xa0, 0x2, 0x85, 0x58, 0x4c, 0x3,
    0xd8, 0xf6, 0x1, 0xf1, 0x61, 0x0, 0x5e, 0x20,
    0x15, 0xd0, 0xb8, 0x6, 0x80, 0xc, 0xf7, 0x37,
    0xa6, 0x1, 0x8b, 0x4, 0x2, 0x5e, 0x88, 0x0,
    0x7d, 0x10, 0x46, 0x40, 0xf, 0x8b, 0x4, 0x3,
    0x9d, 0x80, 0x3a, 0x1c, 0x3, 0xff, 0x80, 0x58,
    0x6a, 0x1, 0x1b, 0x0, 0x68, 0x70, 0xf, 0xfe,
    0x11, 0x61, 0x0, 0xf, 0x0, 0x34, 0x38, 0x0,
    0xc0, 0x3f, 0xf8, 0x87, 0x80, 0x1a, 0x1c, 0x1,
    0x98, 0x30, 0xf, 0xfe, 0x11, 0xe0, 0x6, 0x87,
    0x0, 0x59, 0x86, 0x18, 0x7, 0xff, 0x0, 0xf0,
    0x3, 0x43, 0x80, 0x15, 0x0, 0x2c, 0x30, 0xf,
    0xf1, 0xe0, 0x6, 0x87, 0x0, 0x96, 0x0, 0x36,
    0x18, 0x7, 0xe3, 0xc0, 0xd, 0xe, 0x1, 0xcf,
    0x0, 0x1b, 0xc, 0x3, 0xc7, 0x80, 0x1a, 0x1c,
    0x3, 0xe7, 0x80, 0xd, 0x86, 0x1, 0x8f, 0x0,
    0x34, 0x38, 0x7, 0xf3, 0xc0, 0x6, 0xc3, 0x0,
    0xb4, 0x3, 0x43, 0x80, 0x7f, 0xcf, 0x0, 0x1b,
    0x40, 0x2d, 0x0, 0xa1, 0xc0, 0x3f, 0xf8, 0x2f,
    0x0, 0x16, 0x80, 0x47, 0x81, 0xe, 0x1, 0xff,
    0xc3, 0x78, 0xb, 0x30, 0xc, 0x7c, 0xe0, 0x1f,
    0xfc, 0x57, 0xd4, 0x0, 0x0,

    /* U+F1425 "󱐥" */
    0x0, 0xff, 0xe3, 0x27, 0xfa, 0x0, 0x30, 0xff,
    0x90, 0x3, 0xff, 0xee, 0x9e, 0x0, 0x5b, 0xbd,
    0x40, 0xf, 0x40, 0x6b, 0x40, 0x1, 0x22, 0x70,
    0x1, 0x2d, 0xa0, 0x3, 0xff, 0x85, 0x2, 0x9,
    0xff, 0xfe, 0x40, 0x10, 0x0, 0x80, 0x7f, 0x84,
    0x3, 0xff, 0xf0, 0xe2, 0x1, 0xf8, 0x5c, 0x0,
    0x60, 0x58, 0x40, 0x1e, 0x1d, 0x20, 0x3c, 0x40,
    0x2c, 0x20, 0xe, 0xd3, 0x3, 0xc0, 0xb5, 0x1,
    0xc2, 0x0, 0xac, 0xc0, 0xb4, 0x2, 0xa5, 0x1,
    0xc5, 0x4b, 0x40, 0x2c, 0x10, 0xd, 0x4c, 0x3,
    0x56, 0x80, 0x38, 0x20, 0x1e, 0x80, 0xf, 0x30,
    0x80, 0x7f, 0xf9, 0xc0,

    /* U+F147D "󱑽" */
    0x0, 0xff, 0xec, 0x88, 0x80, 0x3f, 0xf9, 0xc4,
    0x40, 0xf, 0xfe, 0x73, 0xb8, 0x3, 0xc4, 0x40,
    0xf, 0xfe, 0x31, 0x10, 0x3, 0xcc, 0xc0, 0xf,
    0xfe, 0x22, 0x7, 0x70, 0x3, 0xc4, 0x40, 0xf,
    0xfe, 0x26, 0x81, 0x10, 0x3, 0xdd, 0xc0, 0xf,
    0xfe, 0x19, 0x28, 0x8, 0x80, 0x40, 0x31, 0x10,
    0x3, 0xff, 0x86, 0xe6, 0xc, 0xc0, 0x80, 0xc,
    0xcc, 0x0, 0xff, 0xe1, 0x90, 0x11, 0x40, 0x86,
    0x1, 0x11, 0x2, 0x0, 0x3f, 0xf8, 0x3a, 0x8,
    0x0, 0x32, 0x40, 0x70, 0x11, 0x3, 0x20, 0x7,
    0xf9, 0x81, 0x83, 0x0, 0x14, 0x18, 0xd0, 0x80,
    0x7, 0x1d, 0x6, 0x0, 0xfa, 0x27, 0xc, 0x10,
    0x0, 0xe0, 0x90, 0x12, 0x0, 0x90, 0x7c, 0x98,
    0x0, 0xcd, 0xce, 0x6, 0x0, 0x10, 0x0, 0x80,
    0x4, 0x8, 0x0, 0x20, 0x26, 0xf, 0xcc, 0x1,
    0xff, 0xd2, 0x6e, 0x70, 0x30, 0x0, 0x80, 0x4,
    0x0, 0x20, 0x40, 0x1, 0x1, 0x30, 0x7e, 0x60,
    0xd, 0x13, 0x86, 0x8, 0x0, 0x70, 0x48, 0x9,
    0x0, 0x48, 0x3e, 0xcc, 0x0, 0x7c, 0xc0, 0xc1,
    0x80, 0xa, 0xc, 0x68, 0x40, 0x3, 0x8e, 0x8b,
    0x0, 0x7f, 0xb4, 0x10, 0x0, 0x64, 0x80, 0xe0,
    0x22, 0x6, 0x40, 0xf, 0xfe, 0x1, 0x1, 0x14,
    0x8, 0x60, 0x11, 0x10, 0x20, 0x3, 0xff, 0x82,
    0xe6, 0xc, 0xc0, 0x80, 0xc, 0xcc, 0x0, 0xff,
    0xe1, 0x92, 0x80, 0x88, 0x4, 0x3, 0x11, 0x0,
    0x3f, 0xf8, 0x9a, 0x4, 0x40, 0xf, 0x77, 0x0,
    0x3f, 0xf8, 0x88, 0x1d, 0xc0, 0xf, 0x11, 0x0,
    0x3f, 0xf8, 0xc4, 0x40, 0xf, 0x33, 0x0, 0x3f,
    0xf8, 0xce, 0xe0, 0xf, 0x19, 0x0, 0x7f, 0xf1,
    0x88, 0x80, 0x1e, 0x10, 0xf, 0xfe, 0x38, 0x88,
    0x3, 0xff, 0x8a,

    /* U+F14F1 "󱓱" */
    0x8, 0x8f, 0xfe, 0x72, 0xb, 0xbf, 0xff, 0x3b,
    0x0, 0x3f, 0xfa, 0x6d, 0xdc, 0x18, 0xee, 0x20,
    0x7, 0xd9, 0xda, 0x17, 0xda, 0x1, 0xe1, 0x18,
    0x4, 0x6e, 0x0, 0xf1, 0x98, 0x4c, 0x1c, 0x4c,
    0x3, 0xff, 0x82, 0xb4, 0x86, 0x73, 0xe8, 0x7,
    0xff, 0x25, 0x6f, 0x32, 0x81, 0x0, 0xff, 0xee,
    0xa4, 0x40, 0x76, 0x23, 0xff, 0x82, 0x13, 0x10,
    0x0, 0xf1, 0xbb, 0x81, 0x1d, 0xff, 0xf8, 0xc,
    0xa, 0xec, 0x1, 0xff, 0xd3, 0x1e, 0xef, 0xfe,
    0x74, 0x0,

    /* U+F14FF "󱓿" */
    0x0, 0x13, 0xc4, 0x7f, 0xf2, 0x54, 0x2, 0x4d,
    0x87, 0x7f, 0xfe, 0x4d, 0x58, 0x2, 0x80, 0x3f,
    0xf9, 0x88, 0xa2, 0x20, 0xf, 0xc7, 0x19, 0xbd,
    0xb4, 0xc0, 0x1f, 0xda, 0x1, 0xf8, 0xf3, 0xe,
    0x64, 0x24, 0xb3, 0xee, 0x1, 0xff, 0xc3, 0x7c,
    0x30, 0xf, 0xe8, 0xd1, 0x0, 0xff, 0xe0, 0x4c,
    0x0, 0x62, 0xce, 0x70, 0xc, 0x5e, 0x20, 0x1f,
    0xe6, 0x60, 0x7, 0x41, 0x8c, 0x8, 0x6, 0x1c,
    0x0, 0xfe, 0x19, 0x0, 0xff, 0xe2, 0x13, 0x80,
    0x7e, 0x90, 0xf, 0xa0, 0xc6, 0x4, 0x3, 0xd0,
    0x1, 0xf9, 0x80, 0x3e, 0x2c, 0xe7, 0x0, 0xfc,
    0xc0, 0x1e, 0x31, 0x0, 0xff, 0xe3, 0xe0, 0x7,
    0x94, 0x3, 0xf1, 0x67, 0x38, 0x7, 0xe7, 0x0,
    0xf0, 0x80, 0x7e, 0x83, 0x18, 0x10, 0xf, 0x8c,
    0x3, 0xc2, 0x1, 0xff, 0xc8, 0x30, 0xf, 0x18,
    0x7, 0xe8, 0x31, 0x81, 0x0, 0xf8, 0x40, 0x3c,
    0x80, 0x1f, 0x8b, 0x39, 0xc0, 0x3f, 0x20, 0x7,
    0x84, 0xc0, 0x3f, 0xf8, 0xf6, 0x1, 0xf4, 0x80,
    0x7c, 0x59, 0xce, 0x1, 0xf1, 0x98, 0x3, 0xe5,
    0x30, 0xf, 0x41, 0x8c, 0x8, 0x7, 0xbc, 0x3,
    0xfb, 0x84, 0x3, 0xff, 0x86, 0xe6, 0x1, 0xfc,
    0x5a, 0x20, 0x1a, 0xc, 0x60, 0x40, 0x33, 0x40,
    0x7, 0xfc, 0x78, 0x60, 0x11, 0x67, 0x38, 0x6,
    0x99, 0x0, 0x7f, 0xf0, 0x4b, 0x28, 0xc0, 0x3c,
    0x2f, 0xcc, 0x1, 0xf0, 0x80, 0x7e, 0x5c, 0xea,
    0x98, 0x9c, 0xe8, 0x10, 0xf, 0xbc, 0x10, 0x3,
    0xf8, 0x55, 0x9d, 0x8c, 0x3, 0xfc, 0xa1, 0x48,
    0x1, 0xff, 0xca, 0x1a, 0x20, 0x1b, 0xfe, 0xef,
    0xfe, 0x52, 0x80,

    /* U+F1531 "󱔱" */
    0x0, 0x18, 0x7, 0xff, 0x3e, 0x31, 0x80, 0x3f,
    0x15, 0xff, 0xb9, 0x40, 0x3f, 0xe1, 0x60, 0x96,
    0x0, 0xf0, 0xe2, 0x0, 0x6, 0x98, 0x3, 0xfc,
    0x38, 0x21, 0x2c, 0x1, 0xd2, 0x20, 0x6c, 0x0,
    0x80, 0xf, 0xf8, 0xb0, 0x42, 0x58, 0x3, 0x18,
    0x3, 0x25, 0x80, 0x48, 0x3, 0xfe, 0x2c, 0x10,
    0x96, 0x0, 0x9c, 0x4, 0x1, 0xc0, 0x1, 0x0,
    0xff, 0xe0, 0x16, 0x8, 0x4b, 0x0, 0x20, 0x3,
    0xff, 0x92, 0x58, 0x21, 0x2c, 0x9, 0x66, 0x1,
    0xff, 0xc8, 0x2c, 0x10, 0x96, 0x4, 0xf1, 0x17,
    0x80, 0x7f, 0xf1, 0x8b, 0x4, 0x25, 0x80, 0x97,
    0x9c, 0x3, 0xff, 0x8e, 0x58, 0x21, 0x2c, 0x9,
    0x60, 0x1f, 0xfc, 0x92, 0xc1, 0x9, 0x60, 0x4b,
    0x0, 0xff, 0xe4, 0x96, 0x8, 0x4b, 0x2, 0x58,
    0x7, 0xff, 0x24, 0x88, 0x0, 0x96, 0x4, 0xb0,
    0xf, 0xfe, 0x6c, 0xb0, 0x21, 0x80, 0x7f, 0xf2,
    0x4, 0x3, 0x4b, 0x0, 0x7f, 0xf2, 0x6c, 0x80,
    0x3a, 0x58, 0x3, 0xff, 0x8e, 0xe8, 0x1, 0xf4,
    0xb0, 0x7, 0xff, 0x1a, 0x40, 0x3f, 0xa5, 0x80,
    0x3f, 0xf8, 0x88, 0x20, 0x1f, 0xe9, 0x60, 0xf,
    0xfe, 0x19, 0x0, 0x7f, 0xf0, 0x25, 0x80, 0x3f,
    0xfa, 0x12, 0xc0, 0x1f, 0xfc, 0x15, 0x0, 0xff,
    0xe1, 0x4b, 0x0, 0x7f, 0xf0, 0xc, 0x80, 0x3f,
    0xe9, 0x10, 0x96, 0x0, 0xff, 0xe0, 0x40, 0x7,
    0xf9, 0x1b, 0x4, 0x25, 0x80, 0x3f, 0xe5, 0x70,
    0xf, 0xc5, 0x40, 0x58, 0x21, 0x2c, 0x1, 0xff,
    0x44, 0x88, 0x7, 0x36, 0x8, 0x0, 0xb0, 0x42,
    0x54, 0x3, 0xfe, 0x6e, 0xb8, 0x85, 0x74, 0x88,
    0x6, 0x2c, 0x11, 0x38, 0x7, 0xff, 0x5, 0x1d,
    0xca, 0x20, 0x1f, 0x16, 0x60, 0x80,

    /* U+F1542 "󱕂" */
    0x0, 0xff, 0xe2, 0x25, 0xff, 0xb1, 0x80, 0x3f,
    0xf9, 0x31, 0x68, 0x0, 0x39, 0xb0, 0xf, 0xfe,
    0x3a, 0xb8, 0x0, 0xcc, 0x0, 0x48, 0x0, 0xff,
    0xe3, 0x40, 0x2, 0xb3, 0x1a, 0x20, 0xe2, 0x1,
    0x27, 0xff, 0xff, 0x4, 0x81, 0x54, 0x0, 0x28,
    0x0, 0x77, 0xf8, 0x40, 0x3f, 0xf8, 0x84, 0x1,
    0x88, 0x3, 0xce, 0xab, 0xff, 0xc0, 0x40, 0x2,
    0x0, 0x6c, 0x0, 0x1a, 0xa8, 0xe, 0xab, 0xff,
    0x81, 0x6a, 0x7, 0x22, 0x27, 0x70, 0xe, 0x55,
    0x4, 0x3, 0xff, 0x85, 0x0, 0x6, 0xee, 0x40,
    0x2, 0xc0, 0x3f, 0xf8, 0xc5, 0x82, 0x1, 0xd2,
    0xa0, 0x1f, 0xfc, 0x73, 0xf9, 0x55, 0x46, 0xb0,
    0x7, 0xff, 0x24, 0x5a, 0xa8, 0xe4, 0x1, 0xff,
    0xdc, 0x38, 0xa9, 0x40, 0xf, 0xfe, 0x55, 0x63,
    0xab, 0x5d, 0x80, 0x3f, 0xf9, 0x12, 0xa0, 0x1c,
    0x96, 0x1, 0xff, 0xc6, 0x26, 0x1, 0xbf, 0xb2,
    0x4, 0x30, 0xf, 0xfe, 0x11, 0xd5, 0x3c, 0x1,
    0x48, 0x9, 0xc0, 0xe, 0xaa, 0xff, 0xe0, 0x8b,
    0xaa, 0x88, 0x0, 0x80, 0x11, 0x80, 0x9, 0x57,
    0xff, 0x82, 0x1, 0xf1, 0x0, 0x42, 0x1, 0xff,
    0xc5, 0x4f, 0xf5, 0x80, 0x38, 0x2, 0xb0, 0x4,
    0xff, 0xff, 0xf0, 0x44, 0x2, 0x43, 0x3, 0xeb,
    0xe5, 0x1, 0x60, 0xf, 0xfe, 0x36, 0x90, 0xa,
    0x8, 0xe, 0x0, 0x7f, 0xf1, 0xc7, 0x1c, 0x40,
    0x5b, 0xc8, 0x3, 0xff, 0x86,

    /* U+F1543 "󱕃" */
    0x0, 0xc2, 0x30, 0x7, 0xf8, 0x46, 0x0, 0xfd,
    0xdc, 0xb0, 0xf, 0xf5, 0xf7, 0x0, 0x3f, 0xfc,
    0x2c, 0x0, 0x10, 0xf, 0xfe, 0x32, 0xf1, 0x80,
    0x3a, 0x0, 0x3f, 0xf8, 0x8d, 0x42, 0x1, 0x9e,
    0xc0, 0x3f, 0xf8, 0x45, 0x20, 0x7, 0xb9, 0x10,
    0x46, 0x0, 0xff, 0xe0, 0xa8, 0x2, 0x20, 0x8d,
    0x80, 0xa, 0x0, 0xff, 0xe0, 0xe8, 0x1, 0x80,
    0x22, 0x30, 0x30, 0xf, 0xfe, 0xce, 0x0, 0x2c,
    0x2, 0x53, 0x4, 0x0, 0xff, 0xe0, 0xb8, 0x82,
    0xe4, 0x55, 0x0, 0x1e, 0x1, 0xff, 0xc1, 0x1d,
    0x0, 0x1b, 0xa8, 0x1, 0xd0, 0x3, 0xff, 0x84,
    0x7a, 0xa0, 0x11, 0x54, 0x0, 0x66, 0x0, 0x39,
    0x80, 0x7c, 0x54, 0x80, 0xd, 0x50, 0x8, 0xba,
    0x40, 0x5, 0x96, 0x1, 0xf8, 0x40, 0x3c, 0x38,
    0x20, 0x1c, 0x96, 0x1, 0xff, 0xc2, 0x81, 0x5,
    0xef, 0xc2, 0x4, 0x40, 0x7, 0xff, 0x5, 0xc0,
    0x68, 0x40, 0xe4, 0x1, 0xa0, 0x1f, 0xfc, 0x11,
    0x5, 0x0, 0xc8, 0x0, 0x30, 0xf, 0xfe, 0x8,
    0x82, 0x80, 0x64, 0x0, 0x10, 0x7, 0xff, 0x5,
    0x80, 0x70, 0x81, 0x28, 0x1, 0x60, 0x1f, 0xfc,
    0x19, 0x20, 0x3d, 0xfb, 0x10, 0x53, 0x0, 0xff,
    0xe0, 0x8e, 0x18, 0x7, 0x35, 0x0, 0x7f, 0xf0,
    0xc7, 0x2c, 0x0, 0x5b, 0x20, 0x1f, 0xfc, 0x64,
    0x0, 0x39, 0x0, 0x7f, 0xf8, 0x2e, 0xd2, 0x1,
    0xfe, 0x9b, 0xb0, 0x6,

    /* U+F15EE "󱗮" */
    0x0, 0x1b, 0xc4, 0x7f, 0xf0, 0x5c, 0x40, 0xf,
    0x90, 0xef, 0xff, 0xc1, 0x8f, 0x20, 0x80, 0xf,
    0xfe, 0x20, 0xd8, 0x80, 0x7f, 0xf1, 0x88, 0x3,
    0xff, 0xfe, 0x1, 0xff, 0xf9, 0x1e, 0xe5, 0x0,
    0x7f, 0xf1, 0x44, 0x4c, 0x1, 0xff, 0xff, 0x0,
    0xff, 0xee, 0x8f, 0xfb, 0x0, 0x3f, 0xff, 0xe0,
    0x1f, 0xfc, 0x51, 0x0, 0xff, 0xe4, 0x18, 0x7,
    0xff, 0x17, 0x43, 0x50, 0x3, 0xff, 0x84, 0x2e,
    0xc0, 0x37, 0x0, 0xa, 0xff, 0xf9, 0xc0, 0x1f,
    0x0, 0x19, 0x6e, 0xc8, 0x1, 0xf5, 0x5d, 0x84,
    0x0,

    /* U+F16B5 "󱚵" */
    0x0, 0xff, 0xe0, 0x91, 0x98, 0x84, 0x3, 0xff,
    0x8e, 0x71, 0x7d, 0xfb, 0x98, 0xde, 0xfc, 0x95,
    0x0, 0xff, 0xe0, 0xc, 0x76, 0x3a, 0x8, 0x7,
    0xc6, 0xd5, 0xf6, 0x80, 0x1f, 0xc, 0xf3, 0x88,
    0x7, 0xff, 0xc, 0x8d, 0x40, 0x39, 0xf9, 0x80,
    0x3f, 0xf8, 0xd4, 0xea, 0x1, 0xb2, 0x0, 0x3c,
    0x4d, 0x59, 0xbf, 0xf6, 0xdc, 0xa8, 0x80, 0x7e,
    0x40, 0xc, 0x2f, 0xba, 0x95, 0x32, 0x0, 0x89,
    0x1a, 0xbb, 0x8, 0x7, 0xb8, 0xe1, 0x8, 0x3,
    0x3d, 0x4, 0x1, 0xff, 0xc1, 0x31, 0x0, 0x8,
    0xbc, 0x1, 0x4d, 0xec, 0x1, 0xf0, 0x91, 0x90,
    0x7, 0xff, 0x8, 0x64, 0x40, 0x30, 0xbd, 0xff,
    0x6e, 0x6f, 0xec, 0xa0, 0x7, 0xff, 0xc, 0xab,
    0xa1, 0x0, 0x3c, 0x4d, 0x7c, 0xc0, 0x1f, 0xfc,
    0x8, 0xd5, 0x0, 0xff, 0xe0, 0xc, 0x98, 0x7,
    0xf8, 0x58, 0x3, 0xc2, 0x46, 0x20, 0x1f, 0xfc,
    0x51, 0xa0, 0x8, 0xe7, 0x7b, 0x73, 0xbe, 0xd8,
    0x3, 0xff, 0x86, 0x8e, 0x37, 0x8c, 0x40, 0x1c,
    0x93, 0xca, 0x46, 0x3, 0xdc, 0x80, 0xf, 0xa3,
    0x90, 0x3, 0xfc, 0x35, 0x80, 0x10, 0x88, 0x3,
    0xff, 0x96, 0x20, 0x1f, 0xfc, 0x51, 0x8c, 0xff,
    0x75, 0x20, 0x7, 0x87, 0xfd, 0x0, 0x1f, 0xe4,
    0xe7, 0x30, 0x0, 0xad, 0xd0, 0x7, 0xff, 0x1d,
    0x48, 0x3, 0xef, 0x0, 0xf2, 0xab, 0x40, 0x3f,
    0xc3, 0xc0, 0x1e, 0x65, 0x0, 0xe1, 0xaa, 0x28,
    0x7, 0xfc, 0x72, 0x1, 0x8a, 0x40, 0x3f, 0xf9,
    0x4c, 0xa0, 0x17, 0x80, 0x7f, 0xf3, 0x28, 0x82,
    0x88, 0x3, 0xff, 0x9b, 0xcc, 0xa0, 0x1f, 0xfc,
    0x0,

    /* U+F16BD "󱚽" */
    0x0, 0xfc, 0x2b, 0x37, 0xbf, 0xfb, 0x6e, 0x54,
    0x40, 0x3f, 0xf8, 0x22, 0xd9, 0xd4, 0xc8, 0x40,
    0x18, 0x91, 0xab, 0xb1, 0x84, 0x3, 0xf0, 0xc7,
    0x49, 0x80, 0x7f, 0xf0, 0x8e, 0x7a, 0x4, 0x3,
    0x9f, 0x9c, 0x3, 0xff, 0x90, 0xfc, 0xe0, 0x1,
    0xc8, 0x0, 0xf1, 0xbd, 0x6f, 0x7f, 0xbb, 0x69,
    0xcc, 0x3, 0xd1, 0x82, 0x30, 0x6, 0x17, 0xec,
    0x85, 0x21, 0x0, 0x9, 0x2c, 0x67, 0x38, 0x80,
    0x61, 0x10, 0x78, 0x5, 0x3d, 0x2, 0x1, 0xff,
    0xc0, 0x18, 0xe9, 0x0, 0xbc, 0x0, 0x54, 0xbc,
    0xc0, 0x1f, 0xfc, 0x66, 0xe5, 0xa2, 0x0, 0x96,
    0x84, 0x3, 0x92, 0x33, 0xbf, 0xdd, 0x90, 0x80,
    0x1c, 0x34, 0xa0, 0x1f, 0xc5, 0x1f, 0x6e, 0x62,
    0x0, 0x13, 0x7b, 0xe8, 0x20, 0xf, 0xfe, 0xc,
    0x6b, 0x80, 0x7f, 0xc2, 0xfb, 0x0, 0x1f, 0xf2,
    0xb8, 0x7, 0xff, 0x11, 0xd4, 0x3, 0xfc, 0xac,
    0x1, 0xb, 0xdf, 0x7f, 0xba, 0xdc, 0x40, 0x26,
    0x50, 0xf, 0xfa, 0x48, 0x6b, 0xa1, 0x4, 0x0,
    0x29, 0x1d, 0x46, 0xf2, 0x1, 0xff, 0xc1, 0xce,
    0x50, 0xf, 0xf2, 0xe4, 0x0, 0x7f, 0xf0, 0x84,
    0x3, 0xff, 0xaa, 0x53, 0xbf, 0xed, 0x70, 0xf,
    0xfe, 0x53, 0xeb, 0x10, 0x0, 0x88, 0x1, 0xf8,
    0x64, 0x3, 0xff, 0x80, 0xa0, 0x1c, 0x4a, 0x1,
    0xf0, 0xe3, 0x48, 0x7, 0xfc, 0x52, 0x1, 0x94,
    0x3, 0xe1, 0xc2, 0x1, 0x0, 0xff, 0xe0, 0x32,
    0x80, 0x5c, 0x0, 0x3e, 0x40, 0x1c, 0x20, 0x78,
    0x0, 0xff, 0xe0, 0xd1, 0x0, 0xc, 0x1, 0x3,
    0x6b, 0xa4, 0xf, 0x0, 0x1f, 0xfc, 0x3f, 0x0,
    0x38, 0x2, 0x88, 0x28, 0xc1, 0xe0, 0x3, 0xff,
    0x88, 0x53, 0x44, 0x0, 0x1c, 0x10, 0x3, 0xc0,
    0x7, 0xff, 0x19, 0x94, 0x3, 0xe, 0xb, 0xc0,
    0x7, 0xff, 0x38, 0xbe, 0x0, 0x3c,

    /* U+F16BF "󱚿" */
    0x0, 0xfc, 0x2b, 0x37, 0xbf, 0xfb, 0x6e, 0x54,
    0x40, 0x3f, 0xf8, 0x22, 0xd9, 0xd4, 0xc8, 0x40,
    0x18, 0x91, 0xab, 0xb1, 0x84, 0x3, 0xf0, 0xc7,
    0x49, 0x80, 0x7f, 0xf0, 0x8e, 0x7a, 0x4, 0x3,
    0x9f, 0x9c, 0x3, 0xff, 0x90, 0xfc, 0xe0, 0x1,
    0xc8, 0x0, 0xf1, 0xbd, 0x6f, 0x7f, 0xbb, 0x69,
    0xcc, 0x3, 0xd1, 0x82, 0x30, 0x6, 0x17, 0xec,
    0x85, 0x21, 0x0, 0x9, 0x2c, 0x67, 0x38, 0x80,
    0x61, 0x10, 0x78, 0x5, 0x3d, 0x2, 0x1, 0xff,
    0xc0, 0x18, 0xe9, 0x0, 0xbc, 0x0, 0x54, 0xbc,
    0xc0, 0x1f, 0xfc, 0x66, 0xe5, 0xa2, 0x0, 0x96,
    0x84, 0x3, 0x92, 0x33, 0xbf, 0xdd, 0x92, 0x80,
    0x1c, 0x34, 0xa0, 0x1f, 0xc5, 0x1f, 0x6e, 0x62,
    0x0, 0x13, 0x6b, 0xf8, 0x0, 0xff, 0xe1, 0x46,
    0xb8, 0x7, 0xfc, 0xd2, 0x1, 0xff, 0xc1, 0x57,
    0x0, 0xff, 0xe0, 0x44, 0x88, 0x7, 0xff, 0x5,
    0x58, 0x2, 0x17, 0xbe, 0xff, 0x75, 0xc3, 0x80,
    0x1f, 0x7f, 0x10, 0x3, 0xfa, 0x48, 0x6b, 0xa1,
    0x4, 0x0, 0x28, 0xe0, 0xb, 0x81, 0x52, 0xb6,
    0x0, 0xfe, 0xce, 0x50, 0xf, 0xf2, 0x21, 0xb2,
    0xb8, 0x64, 0x3, 0xf8, 0x40, 0x3f, 0xf8, 0x2,
    0x18, 0x1, 0x28, 0x7, 0xff, 0x8, 0xe7, 0x7f,
    0xda, 0x1, 0x18, 0x7, 0xc2, 0x1, 0xff, 0x3e,
    0x31, 0x0, 0x10, 0x0, 0xb0, 0x17, 0xdd, 0x20,
    0x69, 0x0, 0x7f, 0x94, 0x3, 0xb0, 0x1, 0x42,
    0x2, 0x38, 0x0, 0x76, 0x1, 0xfe, 0x2a, 0x0,
    0xc2, 0x1, 0xff, 0xc0, 0x20, 0xf, 0xf9, 0x5c,
    0x3, 0xff, 0xa3, 0x6, 0x1, 0xff, 0xd1, 0xd1,
    0x12, 0x80, 0x7f, 0xf3, 0x87, 0x74, 0x20, 0x1f,
    0xfc, 0x1, 0x0, 0xff, 0xe1, 0x19, 0x80, 0x27,
    0x0, 0xfc, 0x3c, 0x1, 0xff, 0xc7, 0x8f, 0xee,
    0xfc, 0x80,

    /* U+F17BF "󱞿" */
    0x0, 0xff, 0xe1, 0x8b, 0x0, 0x7f, 0xf2, 0x47,
    0x66, 0x0, 0x3f, 0xf9, 0x1a, 0x60, 0xf0, 0x1,
    0xff, 0xc6, 0xc3, 0x0, 0x9e, 0x0, 0x3f, 0xf8,
    0x98, 0x60, 0x1c, 0xf0, 0x1, 0xff, 0xc2, 0xc3,
    0x2, 0x0, 0x10, 0x1, 0xe0, 0x3, 0xff, 0x81,
    0x86, 0x5, 0x80, 0x6, 0xb0, 0x3, 0xc0, 0x7,
    0xfa, 0xcc, 0xb, 0x4, 0x2, 0x4b, 0x0, 0x3b,
    0x0, 0x7f, 0x40, 0x16, 0x8, 0x7, 0x25, 0x81,
    0xb8, 0x7, 0xf1, 0xe6, 0x4, 0x3, 0xe4, 0xcd,
    0x10, 0xf, 0xf1, 0x88, 0x7, 0xf1, 0x88, 0x7,
    0xff, 0xd8, 0x40, 0x3f, 0xf9, 0x6, 0x0, 0x20,
    0xf, 0xfe, 0x45, 0x80, 0x30, 0x3, 0xff, 0x8e,
    0x4e, 0x2, 0x80, 0x1f, 0xfc, 0x62, 0xc0, 0x5,
    0x80, 0x7f, 0xf1, 0x4e, 0x34, 0x41, 0x94, 0x3,
    0xeb, 0xff, 0xfe, 0xc7, 0x0, 0x34, 0x80, 0x7f,
    0xf2, 0x6, 0xa4, 0x3, 0xfb, 0x11, 0x3f, 0x2b,
    0xdf, 0x28, 0x7, 0xf8,

    /* U+F18B8 "󱢸" */
    0x0, 0x8e, 0x23, 0xff, 0x80, 0xe0, 0x1f, 0xfc,
    0x34, 0x77, 0xff, 0xe0, 0x48, 0x7, 0xff, 0xfc,
    0x3, 0xff, 0xfe, 0x1, 0xf0, 0xf7, 0x20, 0x3,
    0xff, 0x80, 0x3d, 0xc7, 0x0, 0xff, 0x8, 0x80,
    0x3f, 0xf8, 0x42, 0x2f, 0x0, 0xff, 0xff, 0x80,
    0x7f, 0xff, 0xc0, 0x3f, 0xfa, 0xa3, 0xdd, 0x40,
    0x7, 0xf8, 0xbb, 0xa8, 0x0, 0xff, 0x8, 0xce,
    0xe0, 0xf, 0xc3, 0x82, 0x30, 0x4d, 0x98, 0x5,
    0xb2, 0x20, 0x1d, 0xa, 0x1, 0xf6, 0x8, 0x4,
    0x8c, 0x9c, 0x0, 0x82, 0x6b, 0x0, 0xf5, 0x18,
    0x7, 0x59, 0x0, 0x69, 0x0, 0x70, 0x1b, 0x80,
    0xd8, 0x7, 0xda, 0x40, 0x14, 0xa0, 0x6, 0x92,
    0x7, 0x30, 0xf0, 0x5, 0x88, 0x7, 0xc3, 0xf1,
    0xa, 0x60, 0xf, 0xde, 0x0, 0x10, 0xf, 0xfe,
    0x1, 0x3b, 0x94, 0x3, 0xd0, 0x21, 0x4, 0x1e,
    0x0, 0xb1, 0x0, 0xff, 0xe3, 0xd, 0x80, 0x3c,
    0xa, 0x0, 0x60, 0x3, 0xff, 0x94, 0x20, 0xf,
    0x0, 0x8, 0x7, 0xff, 0x18, 0x6c, 0x1, 0xc0,
    0x6e, 0x5, 0x0, 0x1f, 0xfc, 0x6b, 0x10, 0x72,
    0xe, 0x0, 0x48, 0x7, 0xff, 0x1e, 0x18, 0xe0,
    0x1, 0xc8, 0xc8, 0x1, 0xff, 0xc7, 0x29, 0xc0,
    0x8, 0xee, 0x40, 0x0,

    /* U+F19F0 "󱧰" */
    0x0, 0x35, 0x5d, 0xfd, 0x20, 0x1f, 0xfc, 0x59,
    0x92, 0xa2, 0x7c, 0xd6, 0x1, 0xff, 0xc4, 0x60,
    0xf, 0xf2, 0x58, 0x7, 0xff, 0x8, 0x40, 0x3f,
    0xf8, 0x9, 0xff, 0xff, 0x72, 0x80, 0x7f, 0xf3,
    0x86, 0x8c, 0x3, 0xff, 0x9e, 0x80, 0x1f, 0xfc,
    0xff, 0x0, 0xff, 0xff, 0x80, 0x7f, 0xff, 0xc0,
    0x3f, 0xc2, 0xd3, 0x52, 0xc2, 0x1, 0xff, 0xc8,
    0x8e, 0x96, 0x56, 0x9e, 0xa0, 0xf, 0xfe, 0x28,
    0xe3, 0x80, 0x7c, 0x40, 0x1f, 0xfc, 0x5a, 0x30,
    0x8, 0x6c, 0x80, 0x3f, 0xf8, 0xee, 0x80, 0x10,
    0xe2, 0x61, 0x0, 0x7f, 0xf1, 0xa4, 0x2, 0x1c,
    0x20, 0x1c, 0x20, 0xf, 0xfe, 0x21, 0x88, 0x0,
    0x70, 0x80, 0x21, 0xc2, 0x10, 0xf, 0xfe, 0x12,
    0x80, 0x43, 0xbe, 0x60, 0x3f, 0xc4, 0xc, 0x1,
    0xff, 0xc1, 0x10, 0xf, 0xfe, 0xc, 0xc9, 0x51,
    0x3f, 0xee, 0x0, 0xff, 0xe1, 0x35, 0x5d, 0xff,
    0xcc, 0x1, 0xff, 0xf2, 0xfb, 0xa0, 0x8,

    /* U+F19F3 "󱧳" */
    0x0, 0x35, 0x5d, 0xfd, 0x20, 0x1f, 0xfc, 0x59,
    0x92, 0xa2, 0x7c, 0xd6, 0x1, 0xff, 0xc4, 0x60,
    0xf, 0xf2, 0x58, 0x7, 0xff, 0x8, 0x40, 0x3f,
    0xf8, 0x9, 0xff, 0xff, 0x73, 0x0, 0x7f, 0xf3,
    0x86, 0x4c, 0x2, 0x24, 0x4f, 0xfe, 0x48, 0x2,
    0xc0, 0x25, 0xbb, 0xff, 0xe4, 0x50, 0x7, 0xff,
    0xfc, 0x3, 0xff, 0xfe, 0x1, 0xff, 0xc5, 0x16,
    0x10, 0xf, 0xfe, 0x74, 0xf5, 0x0, 0x7f, 0xf3,
    0xc8, 0x3, 0xff, 0x94, 0x36, 0x40, 0x1f, 0xfc,
    0xc1, 0xc4, 0xc2, 0x0, 0xff, 0xe5, 0xe, 0x10,
    0xe, 0x10, 0x7, 0xff, 0x20, 0x70, 0x80, 0x21,
    0xc2, 0x10, 0x3, 0xff, 0xff, 0xd2, 0x1, 0xe,
    0xf9, 0x80, 0xff, 0x10, 0x30, 0x7, 0xff, 0x4,
    0x40, 0x3f, 0xf8, 0x33, 0x25, 0x44, 0xff, 0xb8,
    0x3, 0xff, 0x84, 0xd5, 0x77, 0xff, 0x30, 0x7,
    0xff, 0xcb, 0xee, 0x80, 0x20,

    /* U+F1A45 "󱩅" */
    0x0, 0xff, 0xe0, 0x90, 0x7, 0xc2, 0x1, 0xe7,
    0xe6, 0x0, 0xe5, 0xda, 0x20, 0xe, 0xcd, 0x50,
    0x8, 0xa0, 0x60, 0x40, 0x35, 0x82, 0x88, 0x6,
    0x72, 0x26, 0x0, 0x52, 0x0, 0x81, 0x0, 0xa0,
    0x41, 0x8c, 0x2, 0x28, 0x1, 0x80, 0x3, 0x20,
    0x1b, 0x0, 0x44, 0xe0, 0x30, 0x1, 0xa4, 0x1,
    0x2, 0x3, 0x0, 0xe, 0x0, 0xdc, 0x0, 0x81,
    0x0, 0x95, 0x0, 0xd8, 0x1, 0x62, 0xe, 0x40,
    0x13, 0x18, 0x1b, 0x0, 0x6b, 0x0, 0x78, 0x1,
    0x14, 0x6, 0x0, 0x21, 0x80, 0x7, 0x0, 0x69,
    0x10, 0x63, 0x0, 0x48, 0x2, 0xc0, 0x34, 0x8,
    0x31, 0x0, 0x44, 0xc0, 0x8, 0x0, 0x94, 0x1,
    0xe0, 0x1a, 0x80, 0xe, 0x1, 0x88, 0xc0, 0xe,
    0x1, 0x40, 0x82, 0xa0, 0x4, 0x6c, 0x3, 0x20,
    0x1b, 0xc0, 0x10, 0x20, 0x15, 0x80, 0x24, 0x3,
    0x40, 0x83, 0x18, 0x4, 0x6c, 0x3, 0x0, 0x12,
    0xa0, 0x13, 0x80, 0x43, 0x0, 0xe, 0x0, 0xd2,
    0x20, 0xc8, 0x1, 0x48, 0x2, 0x4, 0x2, 0x63,
    0x2, 0x70, 0xd, 0x60, 0x9, 0x0, 0x89, 0xc0,
    0x16, 0x1, 0xb8, 0x1, 0x4, 0x1, 0x2a, 0x1,
    0x38, 0x5, 0x0, 0x5, 0x20, 0x8, 0x8c, 0x0,
    0xa0, 0x1b, 0x80, 0x14, 0x1, 0x28, 0x0, 0xc8,
    0x2, 0x43, 0x1, 0x70, 0xd, 0x0, 0x8, 0x0,
    0xa0, 0x1, 0xe0, 0x1a, 0x0, 0x16, 0x1, 0x98,
    0x80, 0xd4, 0x0, 0xe4, 0xa, 0x60, 0x12, 0x98,
    0x1a, 0x80, 0x68, 0x0, 0x78, 0x0, 0x64, 0x1,
    0x0, 0x1a, 0x0, 0x1e, 0x1, 0xa0, 0x41, 0x4c,
    0x1, 0x22, 0xe, 0x40, 0x13, 0x90, 0x29, 0x80,
    0x42, 0xe0, 0xb, 0x0, 0xb, 0x80, 0xc0, 0x6,
    0x90, 0x5, 0x80, 0x68, 0x0, 0x38, 0x80, 0x4c,
    0x10, 0x1, 0xda, 0x8e, 0x20, 0x1a, 0x1c, 0xa0,
    0x2, 0x19, 0xe6, 0x0, 0xe3, 0xb8, 0x0, 0xe1,
    0x8d, 0x0, 0xc0,

    /* U+F1A4E "󱩎" */
    0x0, 0xff, 0xe0, 0x9d, 0xd8, 0xc0, 0x3f, 0xf9,
    0xcc, 0x88, 0x60, 0xf, 0xff, 0x20, 0x80, 0x7f,
    0xf1, 0x84, 0x3, 0xf9, 0x39, 0x80, 0x3c, 0x95,
    0x44, 0x0, 0xf3, 0x72, 0x0, 0x7c, 0x36, 0x12,
    0xc0, 0x1c, 0x2a, 0xa1, 0x0, 0xe6, 0x90, 0xb1,
    0x0, 0xf0, 0xc8, 0x2, 0x44, 0x3, 0xff, 0x80,
    0x32, 0x0, 0x91, 0x0, 0xf9, 0xa4, 0x2c, 0x40,
    0x5, 0x3b, 0xfe, 0xd9, 0x20, 0x0, 0xd8, 0x4b,
    0x0, 0x7f, 0x37, 0x20, 0x1, 0xf5, 0x88, 0x0,
    0x4d, 0xae, 0x0, 0x4e, 0x60, 0xf, 0xf8, 0x40,
    0x15, 0x0, 0x1, 0x44, 0x8, 0x2, 0x28, 0x0,
    0x20, 0x1f, 0xfc, 0x27, 0x50, 0x1a, 0xeb, 0xb7,
    0x50, 0x82, 0xb8, 0x7, 0xff, 0xc, 0xa0, 0x7,
    0x14, 0x3, 0x2e, 0x8, 0x41, 0x0, 0x7f, 0xf0,
    0xa8, 0x1, 0x64, 0x1, 0xe2, 0xb0, 0x5, 0x0,
    0x7c, 0x46, 0x70, 0x80, 0x14, 0x5, 0x40, 0x3f,
    0x28, 0x82, 0x80, 0x4, 0xce, 0x29, 0xcc, 0x90,
    0x0, 0x40, 0xa0, 0x1f, 0xe5, 0x2, 0x0, 0x26,
    0x65, 0x20, 0x1f, 0xfd, 0x2f, 0x88, 0x9c, 0x0,
    0x20, 0xc0, 0x1f, 0xe5, 0x2, 0x0, 0x3c, 0x45,
    0xe8, 0xef, 0x10, 0x1, 0x0, 0x8c, 0x3, 0xf1,
    0x88, 0x38, 0x0, 0x9d, 0xe4, 0x0, 0xfb, 0x80,
    0x1e, 0x1, 0xf0, 0xf0, 0x3, 0x80, 0x3f, 0xf8,
    0x48, 0x80, 0x3b, 0x10, 0xc, 0x58, 0x40, 0x88,
    0x0, 0xff, 0xe1, 0xd0, 0x82, 0x74, 0x0, 0x23,
    0x48, 0x6, 0x80, 0x3f, 0xf8, 0x83, 0xe6, 0x0,
    0x31, 0x11, 0x80, 0xf, 0xc4, 0x3, 0xff, 0x8a,
    0x38, 0x0, 0x4e, 0xe2, 0x0, 0x30, 0x40, 0x3f,
    0xff, 0xe0, 0x1c, 0xe2, 0x3e, 0x70, 0xf, 0xfe,
    0x54, 0x77, 0x7a, 0x0, 0x3f, 0xf9, 0x75, 0xff,
    0xa8, 0x3, 0xff, 0xd5, 0xa, 0xba, 0x0, 0x3f,
    0xf8, 0x0,

    /* U+F1A4F "󱩏" */
    0x0, 0xff, 0xe0, 0xa5, 0x50, 0x80, 0x3f, 0xf9,
    0xc4, 0xaa, 0x10, 0xf, 0xff, 0x20, 0x80, 0x7f,
    0xf1, 0x84, 0x3, 0xf9, 0xf8, 0xc0, 0x3c, 0xf7,
    0x62, 0x0, 0xf4, 0xf9, 0x0, 0x7c, 0x90, 0x18,
    0x60, 0x1c, 0x28, 0x81, 0x0, 0xe9, 0x61, 0xf0,
    0xf, 0x91, 0x80, 0x1c, 0x1, 0xff, 0xc1, 0x46,
    0x0, 0x70, 0x7, 0xe9, 0x61, 0xf0, 0x9, 0x2b,
    0xbf, 0xd8, 0xe2, 0x0, 0x48, 0xc, 0x30, 0xf,
    0xe9, 0xf2, 0x0, 0x55, 0xa8, 0x80, 0xe, 0x39,
    0x40, 0xf, 0xc6, 0x1, 0xff, 0x8, 0xe, 0xa8,
    0x0, 0x90, 0xc0, 0x2a, 0x70, 0x0, 0x80, 0x7f,
    0xf0, 0xa8, 0x80, 0xb3, 0x6f, 0x3e, 0x0, 0x10,
    0x80, 0x1f, 0xfc, 0x35, 0x40, 0x3d, 0x30, 0xc,
    0xf4, 0x0, 0xa0, 0xf, 0xfe, 0x1c, 0x80, 0x38,
    0x3, 0xe5, 0x60, 0x15, 0x0, 0xf9, 0xe2, 0x20,
    0x8, 0xc1, 0x8, 0x3, 0xf5, 0x80, 0x30, 0x0,
    0x91, 0x11, 0xcb, 0xbc, 0x20, 0x40, 0x3, 0x0,
    0xfe, 0x20, 0x1, 0x0, 0x31, 0xde, 0x40, 0xf,
    0x8, 0x7, 0xff, 0xd, 0xc0, 0x3e, 0xfe, 0xe8,
    0x40, 0x80, 0x4, 0x1, 0xfc, 0x20, 0x6, 0x0,
    0x47, 0x74, 0xe2, 0x38, 0x0, 0x24, 0xa, 0x20,
    0x1f, 0x98, 0x1, 0x80, 0x10, 0x8c, 0x1, 0xfa,
    0x80, 0x16, 0x1, 0xf1, 0x40, 0x1, 0xc0, 0x3f,
    0xf8, 0x4e, 0x40, 0xb4, 0x20, 0x19, 0x30, 0x0,
    0xe2, 0x1, 0xff, 0xc3, 0xf0, 0x2, 0xf5, 0x3c,
    0x65, 0x88, 0x1c, 0x0, 0x7f, 0xf1, 0xb, 0x48,
    0x0, 0xb0, 0xe6, 0x0, 0x4c, 0x0, 0xff, 0xe3,
    0x16, 0x0, 0x7c, 0x36, 0x1, 0xff, 0xe6, 0x10,
    0xf, 0xfe, 0x93, 0x8, 0xfa, 0x40, 0x3f, 0xf9,
    0x53, 0xdd, 0xe7, 0x0, 0xff, 0xe5, 0xce, 0x66,
    0x70, 0xf, 0xfe, 0x61, 0x19, 0xee, 0x0, 0xff,
    0xe6, 0x71, 0x8, 0x8a, 0x80, 0x3f, 0xf8, 0x0,

    /* U+F1A50 "󱩐" */
    0x0, 0xff, 0xe0, 0x9d, 0x50, 0xc0, 0x3f, 0xf9,
    0xce, 0xaa, 0x70, 0xf, 0xff, 0x20, 0x80, 0x7f,
    0xf1, 0x84, 0x3, 0xf9, 0x39, 0x80, 0x3c, 0xb7,
    0x65, 0x0, 0xf3, 0x72, 0x0, 0x7c, 0x36, 0x12,
    0xc0, 0x1c, 0x28, 0x81, 0x0, 0xe6, 0x90, 0xb1,
    0x0, 0xf0, 0xc8, 0x2, 0x44, 0x3, 0xff, 0x80,
    0x32, 0x0, 0x91, 0x0, 0xf9, 0xa4, 0x2c, 0x40,
    0x5, 0x3b, 0xfe, 0xd9, 0x20, 0x0, 0xd8, 0x4b,
    0x0, 0x7f, 0x37, 0x20, 0x2, 0x35, 0x88, 0x0,
    0x4d, 0xb0, 0x0, 0x4e, 0x60, 0xf, 0xf8, 0x40,
    0x16, 0xe0, 0x1, 0x44, 0x8, 0x1, 0xec, 0x0,
    0x20, 0x1f, 0xfc, 0x28, 0x40, 0x1a, 0xeb, 0xb7,
    0x50, 0x82, 0x40, 0x7, 0xff, 0xc, 0x9c, 0x7,
    0x14, 0x3, 0x2e, 0x8, 0x39, 0x0, 0x7f, 0xf0,
    0xac, 0x1, 0x64, 0x1, 0xe2, 0xb0, 0x5, 0x80,
    0x7c, 0x68, 0x90, 0x80, 0x10, 0x5, 0x40, 0x3f,
    0x28, 0x82, 0x0, 0x5, 0x12, 0x39, 0xbb, 0x94,
    0x0, 0x40, 0xa0, 0x1f, 0xe5, 0x2, 0x0, 0x2d,
    0xdd, 0x20, 0x1f, 0xfd, 0x29, 0xbb, 0x94, 0x0,
    0x40, 0xa0, 0x1f, 0xe5, 0x2, 0x0, 0x2d, 0xdd,
    0x26, 0x89, 0x8, 0x1, 0x0, 0x54, 0x3, 0xf2,
    0x88, 0x20, 0x0, 0x51, 0x23, 0x0, 0xfa, 0x80,
    0x16, 0x40, 0x1e, 0x2b, 0x0, 0x50, 0x7, 0xff,
    0x8, 0xd8, 0x7, 0x7f, 0xfd, 0xa2, 0xc, 0x60,
    0x1f, 0xfc, 0x39, 0x30, 0xf, 0xf1, 0xc8, 0x7,
    0xff, 0x17, 0x18, 0x3, 0xf3, 0x60, 0x7, 0xff,
    0x1e, 0x40, 0x3f, 0x48, 0x7, 0xff, 0xfc, 0x3,
    0xd4, 0xa8, 0x99, 0x68, 0x3, 0xff, 0x94, 0xb5,
    0x77, 0xa9, 0x40, 0x3f, 0xf9, 0x75, 0xff, 0xa8,
    0x3, 0xff, 0xd5, 0xa, 0xba, 0x0, 0x3f, 0xf8,
    0x0,

    /* U+F1A51 "󱩑" */
    0x0, 0xff, 0xe0, 0xa5, 0x50, 0x80, 0x3f, 0xf9,
    0xc4, 0xaa, 0x10, 0xf, 0xff, 0x20, 0x80, 0x7f,
    0xf1, 0x84, 0x3, 0xf9, 0xf8, 0xc0, 0x3c, 0xf7,
    0x62, 0x0, 0xf4, 0xf9, 0x0, 0x7c, 0x90, 0x18,
    0x60, 0x1c, 0x28, 0x81, 0x0, 0xe9, 0x61, 0xf0,
    0xf, 0x91, 0x80, 0x1c, 0x1, 0xff, 0xc1, 0x46,
    0x0, 0x70, 0x7, 0xe9, 0x61, 0xf0, 0x9, 0x2b,
    0xbf, 0xd8, 0xe2, 0x0, 0x48, 0xc, 0x30, 0xf,
    0xe9, 0xf2, 0x0, 0x55, 0xa8, 0x80, 0xe, 0x39,
    0x40, 0xf, 0xc6, 0x1, 0xff, 0x8, 0xe, 0xa8,
    0x0, 0x90, 0xc0, 0x2a, 0x70, 0x0, 0x80, 0x7f,
    0xf0, 0xa8, 0x80, 0xb3, 0x6f, 0x3e, 0x0, 0x10,
    0x80, 0x1f, 0xfc, 0x35, 0x40, 0x2d, 0x30, 0xc,
    0xf4, 0x0, 0xa0, 0xf, 0xfe, 0x1c, 0x80, 0x3c,
    0x3, 0xe5, 0x60, 0x15, 0x0, 0xf9, 0xe2, 0x20,
    0x8, 0xc1, 0x8, 0x3, 0xf5, 0x80, 0x30, 0x0,
    0x91, 0x11, 0xcb, 0xbc, 0x20, 0x40, 0x3, 0x0,
    0xfe, 0x20, 0x1, 0x0, 0x31, 0xde, 0x40, 0xf,
    0x8, 0x7, 0xff, 0xd, 0xc0, 0x3e, 0xfe, 0xe8,
    0x40, 0x80, 0x6, 0x1, 0xfc, 0x20, 0x6, 0x0,
    0x47, 0x74, 0xe2, 0x38, 0x0, 0x24, 0x8, 0x62,
    0x3f, 0x98, 0x1, 0x80, 0x10, 0x8c, 0x1, 0xfa,
    0x80, 0x19, 0xdd, 0xfa, 0x0, 0xe, 0x1, 0xff,
    0xc2, 0x72, 0x0, 0xff, 0xe0, 0x38, 0x80, 0x7f,
    0xf0, 0xfc, 0x3, 0xfe, 0x38, 0x0, 0xff, 0xe2,
    0x16, 0x90, 0x7, 0xe4, 0xc0, 0xf, 0xfe, 0x31,
    0x60, 0x7, 0xc3, 0x60, 0x1f, 0xfe, 0x61, 0x0,
    0xff, 0xe9, 0x30, 0x8f, 0xa4, 0x3, 0xff, 0x95,
    0x3d, 0xde, 0x70, 0xf, 0xfe, 0x5c, 0xe6, 0x67,
    0x0, 0xff, 0xe6, 0x11, 0x9e, 0xe0, 0xf, 0xfe,
    0x67, 0x10, 0x88, 0xa8, 0x3, 0xff, 0x80,

    /* U+F1A52 "󱩒" */
    0x0, 0xff, 0xe0, 0xa5, 0x50, 0x80, 0x3f, 0xf9,
    0xc4, 0xaa, 0x10, 0xf, 0xff, 0x20, 0x80, 0x7f,
    0xf1, 0x84, 0x3, 0xf9, 0xf8, 0xc0, 0x3c, 0xf7,
    0x62, 0x0, 0xf4, 0xf9, 0x0, 0x7c, 0x90, 0x18,
    0x60, 0x1c, 0x28, 0x81, 0x0, 0xe9, 0x61, 0xf0,
    0xf, 0x91, 0x80, 0x1c, 0x1, 0xff, 0xc1, 0x46,
    0x0, 0x70, 0x7, 0xe9, 0x61, 0xf0, 0x9, 0x2b,
    0xbf, 0xd8, 0xe2, 0x0, 0x48, 0xc, 0x30, 0xf,
    0xe9, 0xf2, 0x0, 0x55, 0xa8, 0x80, 0xe, 0x39,
    0x40, 0xf, 0xc6, 0x1, 0xff, 0x8, 0xe, 0xa8,
    0x0, 0x90, 0xc0, 0x2a, 0x70, 0x0, 0x80, 0x7f,
    0xf0, 0xa8, 0x80, 0xb3, 0x6f, 0x3e, 0x0, 0x10,
    0x80, 0x1f, 0xfc, 0x35, 0x40, 0x2c, 0x30, 0xc,
    0xf4, 0x0, 0xa0, 0xf, 0xfe, 0x1c, 0x80, 0x3c,
    0x40, 0x3c, 0xac, 0x2, 0xa0, 0x1f, 0x11, 0x9c,
    0x1, 0x18, 0x21, 0x0, 0x7e, 0xb0, 0x6, 0x0,
    0x4, 0x8a, 0x1c, 0xcc, 0x20, 0x40, 0x3, 0x0,
    0xfe, 0x20, 0x1, 0x0, 0x27, 0x76, 0x60, 0xf,
    0x8, 0x7, 0xff, 0xd, 0xc0, 0x3e, 0x97, 0x78,
    0x40, 0x80, 0x8, 0xef, 0xfe, 0x0, 0x30, 0x3,
    0x1d, 0xe4, 0x78, 0x88, 0x0, 0x24, 0x7, 0x11,
    0xfe, 0x0, 0x60, 0x1, 0x22, 0x23, 0x0, 0xfa,
    0x80, 0x3f, 0xf8, 0x4e, 0x1, 0xff, 0xc2, 0x72,
    0x0, 0xff, 0xe0, 0x38, 0x80, 0x7f, 0xf0, 0xfc,
    0x3, 0xfe, 0x38, 0x0, 0xff, 0xe2, 0x16, 0x90,
    0x7, 0xe4, 0xc0, 0xf, 0xfe, 0x31, 0x60, 0x7,
    0xc3, 0x60, 0x1f, 0xfe, 0x61, 0x0, 0xff, 0xe9,
    0x30, 0x8f, 0xa4, 0x3, 0xff, 0x95, 0x3d, 0xde,
    0x70, 0xf, 0xfe, 0x5c, 0xe6, 0x67, 0x0, 0xff,
    0xe6, 0x11, 0x9e, 0xe0, 0xf, 0xfe, 0x67, 0x10,
    0x88, 0xa8, 0x3, 0xff, 0x80,

    /* U+F1A53 "󱩓" */
    0x0, 0xff, 0xe0, 0x9d, 0x50, 0xc0, 0x3f, 0xf9,
    0xce, 0xaa, 0x70, 0xf, 0xff, 0x20, 0x80, 0x7f,
    0xf1, 0x84, 0x3, 0xf9, 0x39, 0x80, 0x3c, 0xb7,
    0x65, 0x0, 0xf3, 0x72, 0x0, 0x7c, 0x36, 0x12,
    0xc0, 0x1c, 0x28, 0x81, 0x0, 0xe6, 0x90, 0xb1,
    0x0, 0xf0, 0xc8, 0x2, 0x44, 0x3, 0xff, 0x80,
    0x32, 0x0, 0x91, 0x0, 0xf9, 0xa4, 0x2c, 0x40,
    0x5, 0x3b, 0xfe, 0xd9, 0x20, 0x0, 0xd8, 0x4b,
    0x0, 0x7f, 0x37, 0x20, 0x2, 0x35, 0x88, 0x0,
    0x4d, 0xb0, 0x0, 0x4e, 0x60, 0xf, 0xf8, 0x40,
    0x16, 0xe0, 0x1, 0x44, 0x8, 0x1, 0xec, 0x0,
    0x20, 0x1f, 0xfc, 0x28, 0x40, 0x1a, 0xeb, 0xb7,
    0x50, 0x82, 0x40, 0x7, 0xff, 0xc, 0x9c, 0x7,
    0x14, 0x3, 0x2e, 0x8, 0x39, 0x0, 0x7f, 0xf0,
    0xac, 0x1, 0x64, 0x1, 0xe2, 0xb0, 0x5, 0x80,
    0x7c, 0x68, 0x90, 0x80, 0x10, 0x5, 0x40, 0x3f,
    0x28, 0x82, 0x0, 0x5, 0x12, 0x39, 0xbb, 0x94,
    0x0, 0x40, 0xa0, 0x1f, 0xe5, 0x2, 0x0, 0x2d,
    0xdd, 0x20, 0x1f, 0xc9, 0xff, 0xfe, 0x40, 0xf,
    0xe9, 0xbb, 0x94, 0x0, 0x40, 0x1f, 0xfc, 0x22,
    0x0, 0x2d, 0xdd, 0x26, 0x89, 0x8, 0x1, 0x0,
    0x3f, 0xf8, 0x48, 0x0, 0x14, 0x48, 0xc0, 0x3e,
    0xa0, 0xf, 0xfe, 0x15, 0x0, 0x7f, 0xf0, 0x8d,
    0x80, 0x3f, 0xf8, 0xc, 0x60, 0x1f, 0xfc, 0x39,
    0x30, 0xf, 0xf1, 0xc8, 0x7, 0xff, 0x17, 0x18,
    0x3, 0xf3, 0x60, 0x7, 0xff, 0x1e, 0x40, 0x3f,
    0x48, 0x7, 0xff, 0xfc, 0x3, 0xd4, 0xa8, 0x99,
    0x68, 0x3, 0xff, 0x94, 0xb5, 0x77, 0xa9, 0x40,
    0x3f, 0xf9, 0x77, 0xff, 0xac, 0x3, 0xff, 0x98,
    0x20, 0x18, 0x40, 0x3f, 0xf9, 0x90, 0xa8, 0x85,
    0x80, 0xf, 0xfe, 0x0,

    /* U+F1A54 "󱩔" */
    0x0, 0xff, 0xe0, 0x9d, 0x50, 0xc0, 0x3f, 0xf9,
    0xce, 0xaa, 0x70, 0xf, 0xff, 0x20, 0x80, 0x7f,
    0xf1, 0x84, 0x3, 0xf9, 0x39, 0x80, 0x3c, 0xb7,
    0x65, 0x0, 0xf3, 0x72, 0x0, 0x7c, 0x36, 0x12,
    0xc0, 0x1c, 0x28, 0x81, 0x0, 0xe6, 0x90, 0xb1,
    0x0, 0xf0, 0xc8, 0x2, 0x44, 0x3, 0xff, 0x80,
    0x32, 0x0, 0x91, 0x0, 0xf9, 0xa4, 0x2c, 0x40,
    0x5, 0x3b, 0xfe, 0xd9, 0x20, 0x0, 0xd8, 0x4b,
    0x0, 0x7f, 0x37, 0x20, 0x1, 0xf5, 0x88, 0x0,
    0x4d, 0xae, 0x0, 0x4e, 0x60, 0xf, 0xf8, 0x40,
    0x15, 0x0, 0x1, 0x44, 0x8, 0x2, 0x28, 0x0,
    0x20, 0x1f, 0xfc, 0x27, 0x50, 0x4, 0xf5, 0xdb,
    0xa4, 0x0, 0xae, 0x1, 0xff, 0xc3, 0x28, 0x0,
    0x63, 0x0, 0x66, 0xc0, 0x4, 0x10, 0x7, 0xff,
    0xa, 0x80, 0x10, 0x60, 0x1e, 0x38, 0x0, 0x50,
    0x7, 0xc2, 0x38, 0x2, 0x50, 0x2, 0x88, 0xfe,
    0x50, 0x2, 0x80, 0x42, 0x3a, 0xfb, 0xa4, 0x0,
    0x10, 0x3, 0x7b, 0xbf, 0x68, 0x0, 0x80, 0x9,
    0xdd, 0x58, 0x7, 0xff, 0x4b, 0xdd, 0xe6, 0x0,
    0x8, 0x7, 0xff, 0x8, 0x80, 0xc, 0xef, 0x7a,
    0xc4, 0x44, 0x0, 0x40, 0xf, 0xfe, 0x13, 0x80,
    0xa, 0x22, 0x50, 0xf, 0xb8, 0x3, 0xff, 0x85,
    0xc0, 0x1f, 0xfc, 0x24, 0x40, 0x7, 0xff, 0x1,
    0x10, 0x1, 0xff, 0xc3, 0xa1, 0x0, 0xff, 0xd,
    0x0, 0x7f, 0xf1, 0x7, 0xcc, 0x3, 0xf1, 0xf8,
    0x80, 0x7f, 0xf1, 0x47, 0x0, 0x3f, 0x60, 0x80,
    0x7f, 0xff, 0xc0, 0x39, 0xc4, 0x7c, 0xe0, 0x1f,
    0xfc, 0xa8, 0xee, 0xf4, 0x0, 0x7f, 0xf2, 0xe3,
    0x33, 0x40, 0x7, 0xff, 0x30, 0x8c, 0xf1, 0x0,
    0x7f, 0xf3, 0x38, 0x84, 0x45, 0xc0, 0x1f, 0xfc,
    0x0,

    /* U+F1A55 "󱩕" */
    0x0, 0xff, 0xe0, 0x9d, 0x50, 0xc0, 0x3f, 0xf9,
    0xce, 0xaa, 0x70, 0xf, 0xff, 0x20, 0x80, 0x7f,
    0xf1, 0x84, 0x3, 0xf9, 0x39, 0x80, 0x3c, 0xb7,
    0x65, 0x0, 0xf3, 0x72, 0x0, 0x7c, 0x36, 0x12,
    0xc0, 0x1c, 0x28, 0x81, 0x0, 0xe6, 0x90, 0xb1,
    0x0, 0xf0, 0xc8, 0x2, 0x44, 0x3, 0xff, 0x80,
    0x32, 0x0, 0x91, 0x0, 0xf9, 0xa4, 0x2c, 0x40,
    0x5, 0x3b, 0xfe, 0xd9, 0x20, 0x0, 0xd8, 0x4b,
    0x0, 0x7f, 0x37, 0x20, 0x1, 0xf5, 0x88, 0x0,
    0x4d, 0xae, 0x0, 0x4e, 0x60, 0xf, 0xf8, 0x40,
    0x15, 0x0, 0x1, 0x33, 0x8, 0x2, 0x28, 0x0,
    0x20, 0x1f, 0xfc, 0x27, 0x50, 0x4, 0xf6, 0x63,
    0xa4, 0x0, 0xae, 0x1, 0xff, 0xc3, 0x28, 0x0,
    0x63, 0x0, 0x66, 0xc0, 0x4, 0x10, 0x7, 0xff,
    0xa, 0x80, 0x6, 0x8e, 0xfe, 0x43, 0x0, 0x50,
    0x7, 0xc2, 0x38, 0x2, 0x50, 0x1, 0xc4, 0x7e,
    0x30, 0x2, 0x80, 0x42, 0x3a, 0xfb, 0xa4, 0x0,
    0x10, 0x7, 0xff, 0x8, 0x80, 0x9, 0xdd, 0x58,
    0x7, 0xff, 0x4b, 0xdd, 0xe6, 0x0, 0x8, 0x7,
    0xff, 0x8, 0x80, 0xc, 0xef, 0x7a, 0xc4, 0x44,
    0x0, 0x40, 0xf, 0xfe, 0x13, 0x80, 0xa, 0x22,
    0x50, 0xf, 0xb8, 0x3, 0xff, 0x85, 0xc0, 0x1f,
    0xfc, 0x24, 0x40, 0x7, 0xff, 0x1, 0x10, 0x1,
    0xff, 0xc3, 0xa1, 0x0, 0xff, 0xd, 0x0, 0x7f,
    0xf1, 0x7, 0xcc, 0x3, 0xf1, 0xf8, 0x80, 0x7f,
    0xf1, 0x47, 0x0, 0x3f, 0x60, 0x80, 0x7f, 0xff,
    0xc0, 0x39, 0xc4, 0x7c, 0xe0, 0x1f, 0xfc, 0xa8,
    0xee, 0xf4, 0x0, 0x7f, 0xf2, 0xe3, 0x33, 0x40,
    0x7, 0xff, 0x30, 0x8c, 0xf1, 0x0, 0x7f, 0xf3,
    0x38, 0x84, 0x45, 0xc0, 0x1f, 0xfc, 0x0,

    /* U+F1A56 "󱩖" */
    0x0, 0xff, 0xe0, 0x9d, 0x50, 0xc0, 0x3f, 0xf9,
    0xce, 0xaa, 0x70, 0xf, 0xff, 0x20, 0x80, 0x7f,
    0xf1, 0x84, 0x3, 0xf9, 0x39, 0x80, 0x3c, 0xb7,
    0x65, 0x0, 0xf3, 0x72, 0x0, 0x7c, 0x36, 0x12,
    0xc0, 0x1c, 0x28, 0x81, 0x0, 0xe6, 0x90, 0xb1,
    0x0, 0xf0, 0xc8, 0x2, 0x44, 0x3, 0xff, 0x80,
    0x32, 0x0, 0x91, 0x0, 0xf9, 0xa4, 0x2c, 0x40,
    0x5, 0x3b, 0xfe, 0xd9, 0x20, 0x0, 0xd8, 0x4b,
    0x0, 0x7f, 0x37, 0x20, 0x2, 0x35, 0x88, 0x0,
    0x4d, 0xb0, 0x0, 0x4e, 0x60, 0xf, 0xf8, 0x40,
    0x16, 0xe0, 0x1, 0x44, 0x8, 0x1, 0xec, 0x0,
    0x20, 0x1f, 0xfc, 0x28, 0x40, 0x1a, 0xeb, 0xb7,
    0x50, 0x82, 0x40, 0x7, 0xff, 0xc, 0x9c, 0x0,
    0x35, 0xff, 0xa8, 0x40, 0xe, 0x40, 0x1f, 0xfc,
    0x2b, 0x0, 0xff, 0xe1, 0x58, 0x7, 0xc6, 0x89,
    0x8, 0x1, 0x0, 0x3f, 0xf8, 0x48, 0x0, 0x14,
    0x48, 0xe6, 0xee, 0x50, 0x1, 0x0, 0x7f, 0xf0,
    0x88, 0x0, 0xb7, 0x74, 0x80, 0x7f, 0xf4, 0xa6,
    0xee, 0x50, 0x1, 0x0, 0x7f, 0xf0, 0x88, 0x0,
    0xb7, 0x74, 0x9a, 0x24, 0x20, 0x4, 0x0, 0xff,
    0xe1, 0x20, 0x0, 0x51, 0x23, 0x0, 0xfa, 0x80,
    0x3f, 0xf8, 0x54, 0x1, 0xff, 0xc2, 0x36, 0x0,
    0xff, 0xe0, 0x31, 0x80, 0x7f, 0xf0, 0xe4, 0xc0,
    0x3f, 0xc7, 0x20, 0x1f, 0xfc, 0x5c, 0x60, 0xf,
    0xcd, 0x80, 0x1f, 0xfc, 0x79, 0x0, 0xfd, 0x20,
    0x1f, 0xff, 0xf0, 0xf, 0x52, 0xa2, 0x65, 0xa0,
    0xf, 0xfe, 0x52, 0xd5, 0xde, 0xa5, 0x0, 0xff,
    0xe5, 0xd7, 0xfe, 0xa0, 0xf, 0xff, 0x54, 0x2a,
    0xe8, 0x0, 0xff, 0xe0, 0x0,

    /* U+F1B2B "󱬫" */
    0x0, 0xff, 0xf4, 0xa5, 0x0, 0x7f, 0xf3, 0x6,
    0xed, 0xc0, 0x1f, 0xfc, 0xb1, 0xc4, 0x48, 0x3,
    0xff, 0x94, 0x38, 0x44, 0xa0, 0xf, 0xfe, 0x50,
    0xe1, 0x13, 0x4, 0x3, 0xff, 0x92, 0x38, 0x44,
    0xc1, 0x0, 0xff, 0xe4, 0x8e, 0x11, 0x30, 0x40,
    0x3f, 0xf9, 0x23, 0x84, 0x4c, 0x10, 0xf, 0xfe,
    0x48, 0xe1, 0x13, 0x4, 0x3, 0xff, 0x90, 0x29,
    0x84, 0x4c, 0x10, 0xf, 0xfe, 0x33, 0xe7, 0xf5,
    0x91, 0x30, 0x40, 0x3f, 0xf8, 0xd5, 0x6, 0x1,
    0xa4, 0x40, 0x3f, 0xf8, 0xd4, 0xa2, 0xe8, 0x1,
    0x28, 0x7, 0xff, 0x1a, 0x94, 0x3e, 0x2d, 0x0,
    0x2, 0x1, 0xff, 0xc5, 0xa5, 0x2, 0x10, 0x1,
    0x81, 0x80, 0x7f, 0xf1, 0x69, 0x40, 0x4, 0xa0,
    0x2c, 0x16, 0x1, 0xff, 0xc4, 0xa5, 0x0, 0xd5,
    0xbc, 0x2a, 0xe0, 0x1f, 0xfc, 0x3a, 0x50, 0xf,
    0x10, 0x2d, 0x0, 0x7f, 0xf0, 0xe9, 0x40, 0x3f,
    0x2d, 0x0, 0x7f, 0xf0, 0xe9, 0x40, 0x3f, 0x2d,
    0x0, 0x7f, 0xf0, 0xe5, 0x40, 0x3f, 0x2d, 0x0,
    0x7f, 0xf0, 0xc5, 0x80, 0x3f, 0x2d, 0x0, 0x7f,
    0xf1, 0x14, 0x3, 0xf2, 0xd0, 0x7, 0xff, 0x15,
    0xc0, 0x3e, 0x5a, 0x0, 0xff, 0xe3, 0x19, 0x80,
    0x39, 0x68, 0x3, 0xff, 0x91, 0xa6, 0x1, 0x35,
    0x0, 0x7f, 0xf2, 0x47, 0x31, 0x7d, 0x20, 0x1f,
    0xfc, 0x90,

    /* U+F1B35 "󱬵" */
    0xef, 0xff, 0xfe, 0x83, 0x80, 0x7f, 0xf4, 0x9c,
    0x80, 0x30, 0xa2, 0x7f, 0xf1, 0x0, 0x39, 0xa,
    0x60, 0x3, 0x3d, 0xdf, 0xff, 0xe, 0x80, 0x30,
    0xda, 0x82, 0xa8, 0x0, 0x50, 0x1, 0xff, 0xc3,
    0x19, 0x0, 0xa8, 0x3, 0x56, 0x63, 0x44, 0x3,
    0xff, 0x88, 0xdd, 0x7c, 0x80, 0x0,

    /* U+F1C3B "󱰻" */
    0x0, 0xff, 0xe3, 0xa2, 0x7e, 0x0, 0xff, 0xe5,
    0xd, 0xdf, 0xd4, 0x1, 0xff, 0xd9, 0x2a, 0xa2,
    0x0, 0x61, 0xaa, 0x28, 0x2, 0x2a, 0x80, 0x1f,
    0xd, 0x52, 0x44, 0x0, 0xca, 0xa2, 0x0, 0xc6,
    0xaa, 0xd0, 0x2, 0x2a, 0x0, 0x7e, 0x55, 0x35,
    0x0, 0x7f, 0xf4, 0x94, 0x3, 0xff, 0x88, 0xe0,
    0x1f, 0xfd, 0x2b, 0x40, 0xf, 0xfe, 0x11, 0x68,
    0x3, 0x62, 0x35, 0x80, 0x10, 0xc0, 0x16, 0x20,
    0x1f, 0xfc, 0x4, 0xd6, 0x0, 0x23, 0xbe, 0x60,
    0x1, 0xe2, 0x80, 0x24, 0x3, 0xff, 0x81, 0x20,
    0x1f, 0xfc, 0x2b, 0x0, 0x28, 0x7, 0xff, 0x0,
    0x80, 0x3f, 0xf8, 0x42, 0x0, 0x30, 0xf, 0xff,
    0xf8, 0x7, 0xff, 0xfc, 0x3, 0xff, 0xc8, 0x40,
    0x1f, 0xfc, 0x22, 0x0, 0xff, 0xe1, 0xe1, 0x0,
    0x7f, 0xf0, 0x7, 0x0, 0x4, 0x1, 0xff, 0xc0,
    0x1c, 0x20, 0xf, 0xf0, 0xe0, 0x81, 0x68, 0x7,
    0xff, 0x4, 0x70, 0xc0, 0x3f, 0xe, 0x10, 0x16,
    0x8, 0x7, 0xff, 0x8, 0x74, 0xc0, 0x3c, 0x38,
    0x40, 0x58, 0x20, 0x1f, 0xfc, 0x41, 0x80, 0xf,
    0x49, 0x0, 0x30, 0x40, 0x3f, 0xf8, 0xce, 0x1,
    0xfc, 0x22, 0x0, 0xff, 0xe8, 0x88, 0x7, 0xff,
    0xc, 0xc0, 0x3f, 0xf8, 0x6c, 0x1, 0xff, 0xc2,
    0xb0, 0xc, 0x7d, 0xde, 0x70, 0xa, 0x7f, 0xbb,
    0xff, 0x81, 0xec
};


/*---------------------
 *  GLYPH DESCRIPTION
 *--------------------*/

static const lv_font_fmt_txt_glyph_dsc_t glyph_dsc[] = {
    {.bitmap_index = 0, .adv_w = 0, .box_w = 0, .box_h = 0, .ofs_x = 0, .ofs_y = 0} /* id = 0 reserved */,
    {.bitmap_index = 0, .adv_w = 512, .box_w = 30, .box_h = 26, .ofs_x = 1, .ofs_y = 0},
    {.bitmap_index = 183, .adv_w = 512, .box_w = 28, .box_h = 28, .ofs_x = 2, .ofs_y = -2},
    {.bitmap_index = 383, .adv_w = 512, .box_w = 24, .box_h = 24, .ofs_x = 4, .ofs_y = 0},
    {.bitmap_index = 505, .adv_w = 512, .box_w = 20, .box_h = 20, .ofs_x = 6, .ofs_y = 2},
    {.bitmap_index = 624, .adv_w = 512, .box_w = 20, .box_h = 20, .ofs_x = 6, .ofs_y = 2},
    {.bitmap_index = 736, .adv_w = 512, .box_w = 22, .box_h = 22, .ofs_x = 5, .ofs_y = 1},
    {.bitmap_index = 852, .adv_w = 512, .box_w = 24, .box_h = 24, .ofs_x = 4, .ofs_y = 0},
    {.bitmap_index = 1049, .adv_w = 512, .box_w = 22, .box_h = 22, .ofs_x = 5, .ofs_y = 1},
    {.bitmap_index = 1180, .adv_w = 512, .box_w = 22, .box_h = 22, .ofs_x = 5, .ofs_y = 1},
    {.bitmap_index = 1311, .adv_w = 512, .box_w = 22, .box_h = 22, .ofs_x = 5, .ofs_y = 1},
    {.bitmap_index = 1442, .adv_w = 512, .box_w = 20, .box_h = 20, .ofs_x = 6, .ofs_y = 2},
    {.bitmap_index = 1556, .adv_w = 512, .box_w = 20, .box_h = 20, .ofs_x = 6, .ofs_y = 2},
    {.bitmap_index = 1675, .adv_w = 512, .box_w = 22, .box_h = 22, .ofs_x = 5, .ofs_y = 1},
    {.bitmap_index = 1789, .adv_w = 512, .box_w = 28, .box_h = 28, .ofs_x = 2, .ofs_y = -2},
    {.bitmap_index = 2009, .adv_w = 512, .box_w = 24, .box_h = 29, .ofs_x = 4, .ofs_y = -3},
    {.bitmap_index = 2142, .adv_w = 512, .box_w = 32, .box_h = 32, .ofs_x = 0, .ofs_y = -4},
    {.bitmap_index = 2515, .adv_w = 512, .box_w = 18, .box_h = 28, .ofs_x = 6, .ofs_y = -2},
    {.bitmap_index = 2693, .adv_w = 512, .box_w = 25, .box_h = 28, .ofs_x = 4, .ofs_y = -2},
    {.bitmap_index = 2925, .adv_w = 512, .box_w = 22, .box_h = 25, .ofs_x = 5, .ofs_y = 0},
    {.bitmap_index = 3095, .adv_w = 512, .box_w = 28, .box_h = 29, .ofs_x = 2, .ofs_y = -2},
    {.bitmap_index = 3361, .adv_w = 512, .box_w = 28, .box_h = 24, .ofs_x = 2, .ofs_y = 2},
    {.bitmap_index = 3497, .adv_w = 512, .box_w = 28, .box_h = 24, .ofs_x = 2, .ofs_y = 0},
    {.bitmap_index = 3658, .adv_w = 512, .box_w = 24, .box_h = 19, .ofs_x = 4, .ofs_y = 2},
    {.bitmap_index = 3786, .adv_w = 512, .box_w = 16, .box_h = 11, .ofs_x = 8, .ofs_y = 6},
    {.bitmap_index = 3855, .adv_w = 512, .box_w = 11, .box_h = 16, .ofs_x = 10, .ofs_y = 4},
    {.bitmap_index = 3921, .adv_w = 512, .box_w = 11, .box_h = 16, .ofs_x = 11, .ofs_y = 4},
    {.bitmap_index = 3987, .adv_w = 512, .box_w = 16, .box_h = 11, .ofs_x = 8, .ofs_y = 7},
    {.bitmap_index = 4052, .adv_w = 512, .box_w = 28, .box_h = 28, .ofs_x = 2, .ofs_y = -2},
    {.bitmap_index = 4328, .adv_w = 512, .box_w = 20, .box_h = 20, .ofs_x = 6, .ofs_y = 2},
    {.bitmap_index = 4477, .adv_w = 512, .box_w = 28, .box_h = 28, .ofs_x = 2, .ofs_y = -2},
    {.bitmap_index = 4735, .adv_w = 512, .box_w = 24, .box_h = 24, .ofs_x = 4, .ofs_y = 0},
    {.bitmap_index = 4876, .adv_w = 512, .box_w = 28, .box_h = 16, .ofs_x = 2, .ofs_y = 4},
    {.bitmap_index = 5023, .adv_w = 512, .box_w = 28, .box_h = 24, .ofs_x = 2, .ofs_y = 0},
    {.bitmap_index = 5157, .adv_w = 512, .box_w = 27, .box_h = 30, .ofs_x = 2, .ofs_y = -3},
    {.bitmap_index = 5263, .adv_w = 512, .box_w = 30, .box_h = 30, .ofs_x = 1, .ofs_y = -3},
    {.bitmap_index = 5562, .adv_w = 512, .box_w = 25, .box_h = 28, .ofs_x = 4, .ofs_y = -2},
    {.bitmap_index = 5795, .adv_w = 512, .box_w = 20, .box_h = 24, .ofs_x = 6, .ofs_y = 0},
    {.bitmap_index = 5863, .adv_w = 512, .box_w = 22, .box_h = 24, .ofs_x = 5, .ofs_y = 0},
    {.bitmap_index = 6062, .adv_w = 512, .box_w = 28, .box_h = 28, .ofs_x = 2, .ofs_y = -2},
    {.bitmap_index = 6266, .adv_w = 512, .box_w = 6, .box_h = 22, .ofs_x = 13, .ofs_y = 1},
    {.bitmap_index = 6325, .adv_w = 512, .box_w = 20, .box_h = 23, .ofs_x = 6, .ofs_y = 1},
    {.bitmap_index = 6414, .adv_w = 512, .box_w = 20, .box_h = 20, .ofs_x = 6, .ofs_y = 2},
    {.bitmap_index = 6513, .adv_w = 512, .box_w = 30, .box_h = 22, .ofs_x = 1, .ofs_y = 1},
    {.bitmap_index = 6636, .adv_w = 512, .box_w = 28, .box_h = 26, .ofs_x = 2, .ofs_y = -2},
    {.bitmap_index = 6738, .adv_w = 512, .box_w = 30, .box_h = 20, .ofs_x = 1, .ofs_y = 2},
    {.bitmap_index = 6957, .adv_w = 512, .box_w = 30, .box_h = 26, .ofs_x = 1, .ofs_y = -2},
    {.bitmap_index = 7236, .adv_w = 512, .box_w = 28, .box_h = 28, .ofs_x = 2, .ofs_y = -2},
    {.bitmap_index = 7465, .adv_w = 512, .box_w = 28, .box_h = 29, .ofs_x = 2, .ofs_y = -2},
    {.bitmap_index = 7608, .adv_w = 512, .box_w = 20, .box_h = 25, .ofs_x = 6, .ofs_y = -1},
    {.bitmap_index = 7785, .adv_w = 512, .box_w = 14, .box_h = 28, .ofs_x = 9, .ofs_y = -2},
    {.bitmap_index = 7899, .adv_w = 512, .box_w = 28, .box_h = 22, .ofs_x = 2, .ofs_y = 1},
    {.bitmap_index = 7971, .adv_w = 512, .box_w = 28, .box_h = 22, .ofs_x = 2, .ofs_y = 1},
    {.bitmap_index = 8051, .adv_w = 512, .box_w = 28, .box_h = 22, .ofs_x = 2, .ofs_y = 1},
    {.bitmap_index = 8172, .adv_w = 512, .box_w = 25, .box_h = 21, .ofs_x = 3, .ofs_y = 2},
    {.bitmap_index = 8285, .adv_w = 512, .box_w = 31, .box_h = 31, .ofs_x = 0, .ofs_y = -4},
    {.bitmap_index = 8563, .adv_w = 512, .box_w = 28, .box_h = 28, .ofs_x = 2, .ofs_y = -2},
    {.bitmap_index = 8813, .adv_w = 512, .box_w = 28, .box_h = 23, .ofs_x = 2, .ofs_y = 1},
    {.bitmap_index = 8932, .adv_w = 512, .box_w = 30, .box_h = 21, .ofs_x = 1, .ofs_y = 1},
    {.bitmap_index = 9045, .adv_w = 512, .box_w = 28, .box_h = 20, .ofs_x = 2, .ofs_y = 2},
    {.bitmap_index = 9159, .adv_w = 512, .box_w = 24, .box_h = 24, .ofs_x = 4, .ofs_y = 0},
    {.bitmap_index = 9299, .adv_w = 512, .box_w = 28, .box_h = 28, .ofs_x = 2, .ofs_y = -2},
    {.bitmap_index = 9499, .adv_w = 512, .box_w = 28, .box_h = 28, .ofs_x = 2, .ofs_y = -2},
    {.bitmap_index = 9766, .adv_w = 512, .box_w = 28, .box_h = 20, .ofs_x = 2, .ofs_y = 2},
    {.bitmap_index = 9909, .adv_w = 512, .box_w = 28, .box_h = 27, .ofs_x = 2, .ofs_y = -3},
    {.bitmap_index = 10085, .adv_w = 512, .box_w = 26, .box_h = 17, .ofs_x = 2, .ofs_y = 4},
    {.bitmap_index = 10193, .adv_w = 512, .box_w = 28, .box_h = 28, .ofs_x = 2, .ofs_y = -2},
    {.bitmap_index = 10391, .adv_w = 512, .box_w = 24, .box_h = 27, .ofs_x = 4, .ofs_y = -1},
    {.bitmap_index = 10603, .adv_w = 512, .box_w = 28, .box_h = 26, .ofs_x = 2, .ofs_y = -2},
    {.bitmap_index = 10822, .adv_w = 512, .box_w = 20, .box_h = 28, .ofs_x = 6, .ofs_y = -2},
    {.bitmap_index = 10960, .adv_w = 512, .box_w = 20, .box_h = 28, .ofs_x = 6, .ofs_y = -2},
    {.bitmap_index = 11145, .adv_w = 512, .box_w = 26, .box_h = 26, .ofs_x = 3, .ofs_y = -1},
    {.bitmap_index = 11390, .adv_w = 512, .box_w = 22, .box_h = 29, .ofs_x = 5, .ofs_y = -2},
    {.bitmap_index = 11541, .adv_w = 512, .box_w = 24, .box_h = 28, .ofs_x = 4, .ofs_y = -2},
    {.bitmap_index = 11698, .adv_w = 512, .box_w = 24, .box_h = 24, .ofs_x = 4, .ofs_y = 0},
    {.bitmap_index = 11894, .adv_w = 512, .box_w = 28, .box_h = 28, .ofs_x = 2, .ofs_y = -2},
    {.bitmap_index = 12010, .adv_w = 512, .box_w = 20, .box_h = 4, .ofs_x = 6, .ofs_y = 10},
    {.bitmap_index = 12026, .adv_w = 512, .box_w = 32, .box_h = 31, .ofs_x = 0, .ofs_y = -4},
    {.bitmap_index = 12292, .adv_w = 512, .box_w = 30, .box_h = 28, .ofs_x = 1, .ofs_y = -2},
    {.bitmap_index = 12563, .adv_w = 512, .box_w = 24, .box_h = 24, .ofs_x = 4, .ofs_y = 0},
    {.bitmap_index = 12755, .adv_w = 512, .box_w = 16, .box_h = 20, .ofs_x = 8, .ofs_y = 2},
    {.bitmap_index = 12784, .adv_w = 512, .box_w = 24, .box_h = 24, .ofs_x = 4, .ofs_y = 0},
    {.bitmap_index = 12936, .adv_w = 512, .box_w = 16, .box_h = 20, .ofs_x = 10, .ofs_y = 2},
    {.bitmap_index = 13024, .adv_w = 512, .box_w = 28, .box_h = 28, .ofs_x = 2, .ofs_y = -2},
    {.bitmap_index = 13242, .adv_w = 512, .box_w = 20, .box_h = 20, .ofs_x = 6, .ofs_y = 2},
    {.bitmap_index = 13296, .adv_w = 512, .box_w = 23, .box_h = 23, .ofs_x = 5, .ofs_y = 1},
    {.bitmap_index = 13467, .adv_w = 512, .box_w = 24, .box_h = 20, .ofs_x = 4, .ofs_y = 2},
    {.bitmap_index = 13592, .adv_w = 512, .box_w = 28, .box_h = 24, .ofs_x = 2, .ofs_y = 0},
    {.bitmap_index = 13698, .adv_w = 512, .box_w = 28, .box_h = 28, .ofs_x = 2, .ofs_y = -2},
    {.bitmap_index = 13914, .adv_w = 512, .box_w = 32, .box_h = 32, .ofs_x = 0, .ofs_y = -4},
    {.bitmap_index = 14156, .adv_w = 512, .box_w = 28, .box_h = 28, .ofs_x = 2, .ofs_y = -2},
    {.bitmap_index = 14392, .adv_w = 512, .box_w = 28, .box_h = 13, .ofs_x = 2, .ofs_y = 6},
    {.bitmap_index = 14510, .adv_w = 512, .box_w = 22, .box_h = 22, .ofs_x = 5, .ofs_y = 1},
    {.bitmap_index = 14686, .adv_w = 512, .box_w = 22, .box_h = 26, .ofs_x = 5, .ofs_y = 1},
    {.bitmap_index = 14882, .adv_w = 512, .box_w = 22, .box_h = 26, .ofs_x = 5, .ofs_y = 1},
    {.bitmap_index = 15077, .adv_w = 512, .box_w = 24, .box_h = 24, .ofs_x = 4, .ofs_y = 0},
    {.bitmap_index = 15215, .adv_w = 512, .box_w = 30, .box_h = 30, .ofs_x = 1, .ofs_y = -3},
    {.bitmap_index = 15457, .adv_w = 512, .box_w = 22, .box_h = 28, .ofs_x = 5, .ofs_y = -2},
    {.bitmap_index = 15559, .adv_w = 512, .box_w = 29, .box_h = 24, .ofs_x = 2, .ofs_y = 0},
    {.bitmap_index = 15724, .adv_w = 512, .box_w = 26, .box_h = 28, .ofs_x = 3, .ofs_y = -2},
    {.bitmap_index = 15942, .adv_w = 512, .box_w = 30, .box_h = 22, .ofs_x = 1, .ofs_y = 1},
    {.bitmap_index = 16109, .adv_w = 512, .box_w = 28, .box_h = 24, .ofs_x = 2, .ofs_y = 0},
    {.bitmap_index = 16359, .adv_w = 512, .box_w = 28, .box_h = 26, .ofs_x = 2, .ofs_y = 0},
    {.bitmap_index = 16539, .adv_w = 512, .box_w = 16, .box_h = 16, .ofs_x = 8, .ofs_y = 4},
    {.bitmap_index = 16555, .adv_w = 512, .box_w = 20, .box_h = 24, .ofs_x = 6, .ofs_y = 0},
    {.bitmap_index = 16656, .adv_w = 512, .box_w = 22, .box_h = 30, .ofs_x = 5, .ofs_y = -3},
    {.bitmap_index = 16864, .adv_w = 512, .box_w = 28, .box_h = 28, .ofs_x = 2, .ofs_y = -2},
    {.bitmap_index = 17119, .adv_w = 512, .box_w = 14, .box_h = 28, .ofs_x = 9, .ofs_y = -2},
    {.bitmap_index = 17222, .adv_w = 512, .box_w = 25, .box_h = 28, .ofs_x = 4, .ofs_y = -2},
    {.bitmap_index = 17441, .adv_w = 512, .box_w = 16, .box_h = 28, .ofs_x = 8, .ofs_y = -2},
    {.bitmap_index = 17583, .adv_w = 512, .box_w = 28, .box_h = 13, .ofs_x = 2, .ofs_y = 6},
    {.bitmap_index = 17699, .adv_w = 512, .box_w = 20, .box_h = 29, .ofs_x = 6, .ofs_y = -2},
    {.bitmap_index = 17859, .adv_w = 512, .box_w = 32, .box_h = 24, .ofs_x = 0, .ofs_y = 0},
    {.bitmap_index = 17986, .adv_w = 512, .box_w = 24, .box_h = 16, .ofs_x = 4, .ofs_y = 4},
    {.bitmap_index = 18049, .adv_w = 512, .box_w = 26, .box_h = 26, .ofs_x = 2, .ofs_y = 0},
    {.bitmap_index = 18219, .adv_w = 512, .box_w = 24, .box_h = 24, .ofs_x = 4, .ofs_y = 0},
    {.bitmap_index = 18276, .adv_w = 512, .box_w = 24, .box_h = 24, .ofs_x = 4, .ofs_y = 0},
    {.bitmap_index = 18330, .adv_w = 512, .box_w = 23, .box_h = 20, .ofs_x = 5, .ofs_y = 2},
    {.bitmap_index = 18402, .adv_w = 512, .box_w = 24, .box_h = 24, .ofs_x = 4, .ofs_y = 0},
    {.bitmap_index = 18580, .adv_w = 512, .box_w = 19, .box_h = 22, .ofs_x = 6, .ofs_y = 1},
    {.bitmap_index = 18675, .adv_w = 512, .box_w = 24, .box_h = 24, .ofs_x = 4, .ofs_y = 0},
    {.bitmap_index = 18896, .adv_w = 512, .box_w = 16, .box_h = 23, .ofs_x = 8, .ofs_y = 1},
    {.bitmap_index = 19010, .adv_w = 512, .box_w = 28, .box_h = 24, .ofs_x = 2, .ofs_y = 0},
    {.bitmap_index = 19174, .adv_w = 512, .box_w = 30, .box_h = 24, .ofs_x = 1, .ofs_y = 0},
    {.bitmap_index = 19392, .adv_w = 512, .box_w = 30, .box_h = 24, .ofs_x = 1, .ofs_y = 0},
    {.bitmap_index = 19646, .adv_w = 512, .box_w = 30, .box_h = 28, .ofs_x = 1, .ofs_y = -2},
    {.bitmap_index = 19902, .adv_w = 512, .box_w = 28, .box_h = 28, .ofs_x = 2, .ofs_y = -2},
    {.bitmap_index = 20028, .adv_w = 512, .box_w = 30, .box_h = 28, .ofs_x = 1, .ofs_y = -2},
    {.bitmap_index = 20189, .adv_w = 512, .box_w = 28, .box_h = 28, .ofs_x = 2, .ofs_y = -2},
    {.bitmap_index = 20494, .adv_w = 512, .box_w = 28, .box_h = 28, .ofs_x = 2, .ofs_y = -2},
    {.bitmap_index = 20806, .adv_w = 512, .box_w = 22, .box_h = 28, .ofs_x = 5, .ofs_y = -2},
    {.bitmap_index = 21021, .adv_w = 512, .box_w = 24, .box_h = 25, .ofs_x = 4, .ofs_y = 0},
    {.bitmap_index = 21161, .adv_w = 512, .box_w = 28, .box_h = 33, .ofs_x = 2, .ofs_y = -4},
    {.bitmap_index = 21345, .adv_w = 512, .box_w = 28, .box_h = 22, .ofs_x = 2, .ofs_y = 1},
    {.bitmap_index = 21493, .adv_w = 512, .box_w = 16, .box_h = 24, .ofs_x = 8, .ofs_y = 0},
    {.bitmap_index = 21564, .adv_w = 512, .box_w = 29, .box_h = 29, .ofs_x = 1, .ofs_y = -3},
    {.bitmap_index = 21776, .adv_w = 512, .box_w = 30, .box_h = 28, .ofs_x = 1, .ofs_y = -2},
    {.bitmap_index = 22003, .adv_w = 512, .box_w = 26, .box_h = 26, .ofs_x = 3, .ofs_y = -1},
    {.bitmap_index = 22243, .adv_w = 512, .box_w = 32, .box_h = 16, .ofs_x = 0, .ofs_y = 4},
    {.bitmap_index = 22447, .adv_w = 512, .box_w = 30, .box_h = 30, .ofs_x = 1, .ofs_y = -3},
    {.bitmap_index = 22678, .adv_w = 512, .box_w = 22, .box_h = 27, .ofs_x = 5, .ofs_y = 1},
    {.bitmap_index = 22874, .adv_w = 512, .box_w = 26, .box_h = 28, .ofs_x = 3, .ofs_y = -2},
    {.bitmap_index = 23142, .adv_w = 512, .box_w = 22, .box_h = 22, .ofs_x = 5, .ofs_y = 1},
    {.bitmap_index = 23235, .adv_w = 512, .box_w = 22, .box_h = 22, .ofs_x = 5, .ofs_y = 1},
    {.bitmap_index = 23336, .adv_w = 512, .box_w = 22, .box_h = 22, .ofs_x = 5, .ofs_y = 1},
    {.bitmap_index = 23437, .adv_w = 512, .box_w = 22, .box_h = 22, .ofs_x = 5, .ofs_y = 1},
    {.bitmap_index = 23529, .adv_w = 512, .box_w = 28, .box_h = 28, .ofs_x = 2, .ofs_y = -2},
    {.bitmap_index = 23821, .adv_w = 512, .box_w = 28, .box_h = 28, .ofs_x = 2, .ofs_y = -2},
    {.bitmap_index = 23939, .adv_w = 512, .box_w = 30, .box_h = 22, .ofs_x = 2, .ofs_y = 1},
    {.bitmap_index = 24072, .adv_w = 512, .box_w = 28, .box_h = 28, .ofs_x = 2, .ofs_y = -2},
    {.bitmap_index = 24222, .adv_w = 512, .box_w = 28, .box_h = 28, .ofs_x = 2, .ofs_y = -2},
    {.bitmap_index = 24372, .adv_w = 512, .box_w = 28, .box_h = 28, .ofs_x = 2, .ofs_y = -2},
    {.bitmap_index = 24524, .adv_w = 512, .box_w = 28, .box_h = 28, .ofs_x = 2, .ofs_y = -2},
    {.bitmap_index = 24673, .adv_w = 512, .box_w = 26, .box_h = 26, .ofs_x = 3, .ofs_y = -1},
    {.bitmap_index = 24906, .adv_w = 512, .box_w = 28, .box_h = 28, .ofs_x = 2, .ofs_y = -2},
    {.bitmap_index = 25124, .adv_w = 512, .box_w = 28, .box_h = 28, .ofs_x = 2, .ofs_y = -2},
    {.bitmap_index = 25242, .adv_w = 512, .box_w = 28, .box_h = 28, .ofs_x = 2, .ofs_y = -2},
    {.bitmap_index = 25462, .adv_w = 512, .box_w = 28, .box_h = 24, .ofs_x = 2, .ofs_y = 0},
    {.bitmap_index = 25602, .adv_w = 512, .box_w = 28, .box_h = 28, .ofs_x = 2, .ofs_y = -2},
    {.bitmap_index = 25868, .adv_w = 512, .box_w = 24, .box_h = 24, .ofs_x = 4, .ofs_y = 0},
    {.bitmap_index = 26077, .adv_w = 512, .box_w = 24, .box_h = 24, .ofs_x = 4, .ofs_y = 0},
    {.bitmap_index = 26278, .adv_w = 512, .box_w = 4, .box_h = 24, .ofs_x = 14, .ofs_y = 0},
    {.bitmap_index = 26287, .adv_w = 512, .box_w = 28, .box_h = 28, .ofs_x = 2, .ofs_y = -2},
    {.bitmap_index = 26525, .adv_w = 512, .box_w = 26, .box_h = 25, .ofs_x = 3, .ofs_y = -1},
    {.bitmap_index = 26728, .adv_w = 512, .box_w = 26, .box_h = 24, .ofs_x = 3, .ofs_y = 0},
    {.bitmap_index = 26927, .adv_w = 512, .box_w = 32, .box_h = 25, .ofs_x = 0, .ofs_y = -1},
    {.bitmap_index = 27172, .adv_w = 512, .box_w = 32, .box_h = 25, .ofs_x = 0, .ofs_y = -1},
    {.bitmap_index = 27426, .adv_w = 512, .box_w = 32, .box_h = 26, .ofs_x = 0, .ofs_y = -2},
    {.bitmap_index = 27687, .adv_w = 512, .box_w = 32, .box_h = 25, .ofs_x = 0, .ofs_y = -1},
    {.bitmap_index = 27928, .adv_w = 512, .box_w = 32, .box_h = 26, .ofs_x = 0, .ofs_y = -2},
    {.bitmap_index = 28196, .adv_w = 512, .box_w = 32, .box_h = 25, .ofs_x = 0, .ofs_y = -1},
    {.bitmap_index = 28434, .adv_w = 512, .box_w = 32, .box_h = 26, .ofs_x = 0, .ofs_y = -2},
    {.bitmap_index = 28704, .adv_w = 512, .box_w = 32, .box_h = 25, .ofs_x = 0, .ofs_y = -1},
    {.bitmap_index = 28890, .adv_w = 512, .box_w = 32, .box_h = 26, .ofs_x = 0, .ofs_y = -2},
    {.bitmap_index = 29113, .adv_w = 512, .box_w = 28, .box_h = 28, .ofs_x = 2, .ofs_y = -2},
    {.bitmap_index = 29284, .adv_w = 512, .box_w = 28, .box_h = 24, .ofs_x = 2, .ofs_y = 0},
    {.bitmap_index = 29496, .adv_w = 512, .box_w = 28, .box_h = 28, .ofs_x = 2, .ofs_y = -2},
    {.bitmap_index = 29774, .adv_w = 512, .box_w = 28, .box_h = 22, .ofs_x = 2, .ofs_y = 1},
    {.bitmap_index = 29915, .adv_w = 512, .box_w = 30, .box_h = 26, .ofs_x = 1, .ofs_y = -1},
    {.bitmap_index = 30123, .adv_w = 512, .box_w = 28, .box_h = 28, .ofs_x = 2, .ofs_y = -2},
    {.bitmap_index = 30374, .adv_w = 512, .box_w = 22, .box_h = 24, .ofs_x = 5, .ofs_y = 0},
    {.bitmap_index = 30469, .adv_w = 512, .box_w = 32, .box_h = 24, .ofs_x = 0, .ofs_y = 0},
    {.bitmap_index = 30698, .adv_w = 512, .box_w = 28, .box_h = 28, .ofs_x = 2, .ofs_y = -2},
    {.bitmap_index = 30847, .adv_w = 512, .box_w = 28, .box_h = 28, .ofs_x = 2, .ofs_y = -2},
    {.bitmap_index = 31064, .adv_w = 512, .box_w = 28, .box_h = 28, .ofs_x = 2, .ofs_y = -2},
    {.bitmap_index = 31298, .adv_w = 512, .box_w = 28, .box_h = 19, .ofs_x = 2, .ofs_y = 2},
    {.bitmap_index = 31484, .adv_w = 512, .box_w = 29, .box_h = 28, .ofs_x = 2, .ofs_y = -2},
    {.bitmap_index = 31672, .adv_w = 512, .box_w = 29, .box_h = 26, .ofs_x = 2, .ofs_y = -2},
    {.bitmap_index = 31816, .adv_w = 512, .box_w = 29, .box_h = 26, .ofs_x = 2, .ofs_y = -2},
    {.bitmap_index = 31959, .adv_w = 512, .box_w = 29, .box_h = 26, .ofs_x = 2, .ofs_y = 0},
    {.bitmap_index = 32115, .adv_w = 512, .box_w = 29, .box_h = 30, .ofs_x = 2, .ofs_y = -2},
    {.bitmap_index = 32369, .adv_w = 512, .box_w = 26, .box_h = 28, .ofs_x = 4, .ofs_y = -2},
    {.bitmap_index = 32523, .adv_w = 512, .box_w = 26, .box_h = 28, .ofs_x = 4, .ofs_y = -2},
    {.bitmap_index = 32695, .adv_w = 512, .box_w = 26, .box_h = 22, .ofs_x = 3, .ofs_y = 0},
    {.bitmap_index = 32845, .adv_w = 512, .box_w = 25, .box_h = 28, .ofs_x = 2, .ofs_y = -2},
    {.bitmap_index = 33064, .adv_w = 512, .box_w = 24, .box_h = 28, .ofs_x = 2, .ofs_y = -2},
    {.bitmap_index = 33186, .adv_w = 512, .box_w = 30, .box_h = 16, .ofs_x = 1, .ofs_y = 4},
    {.bitmap_index = 33338, .adv_w = 512, .box_w = 16, .box_h = 30, .ofs_x = 8, .ofs_y = -3},
    {.bitmap_index = 33472, .adv_w = 512, .box_w = 30, .box_h = 14, .ofs_x = 1, .ofs_y = 8},
    {.bitmap_index = 33605, .adv_w = 512, .box_w = 32, .box_h = 33, .ofs_x = 0, .ofs_y = -4},
    {.bitmap_index = 33883, .adv_w = 512, .box_w = 16, .box_h = 20, .ofs_x = 8, .ofs_y = 2},
    {.bitmap_index = 33982, .adv_w = 512, .box_w = 28, .box_h = 26, .ofs_x = 2, .ofs_y = -2},
    {.bitmap_index = 34146, .adv_w = 512, .box_w = 28, .box_h = 27, .ofs_x = 2, .ofs_y = 0},
    {.bitmap_index = 34408, .adv_w = 512, .box_w = 28, .box_h = 24, .ofs_x = 2, .ofs_y = 0},
    {.bitmap_index = 34655, .adv_w = 512, .box_w = 28, .box_h = 23, .ofs_x = 2, .ofs_y = 1},
    {.bitmap_index = 34830, .adv_w = 512, .box_w = 28, .box_h = 28, .ofs_x = 2, .ofs_y = -2},
    {.bitmap_index = 35022, .adv_w = 512, .box_w = 29, .box_h = 29, .ofs_x = 2, .ofs_y = -2},
    {.bitmap_index = 35187, .adv_w = 512, .box_w = 28, .box_h = 22, .ofs_x = 2, .ofs_y = 1},
    {.bitmap_index = 35318, .adv_w = 512, .box_w = 28, .box_h = 28, .ofs_x = 2, .ofs_y = -2},
    {.bitmap_index = 35535, .adv_w = 512, .box_w = 28, .box_h = 28, .ofs_x = 2, .ofs_y = -2},
    {.bitmap_index = 35760, .adv_w = 512, .box_w = 28, .box_h = 28, .ofs_x = 2, .ofs_y = -2},
    {.bitmap_index = 35975, .adv_w = 512, .box_w = 29, .box_h = 28, .ofs_x = 2, .ofs_y = -2},
    {.bitmap_index = 36127, .adv_w = 512, .box_w = 24, .box_h = 24, .ofs_x = 4, .ofs_y = 0},
    {.bitmap_index = 36227, .adv_w = 512, .box_w = 28, .box_h = 28, .ofs_x = 2, .ofs_y = -2},
    {.bitmap_index = 36444, .adv_w = 512, .box_w = 24, .box_h = 23, .ofs_x = 4, .ofs_y = 1},
    {.bitmap_index = 36524, .adv_w = 512, .box_w = 28, .box_h = 26, .ofs_x = 2, .ofs_y = -1},
    {.bitmap_index = 36785, .adv_w = 512, .box_w = 16, .box_h = 25, .ofs_x = 8, .ofs_y = 0},
    {.bitmap_index = 36877, .adv_w = 512, .box_w = 28, .box_h = 28, .ofs_x = 2, .ofs_y = -2},
    {.bitmap_index = 37120, .adv_w = 512, .box_w = 28, .box_h = 12, .ofs_x = 2, .ofs_y = 6},
    {.bitmap_index = 37194, .adv_w = 512, .box_w = 28, .box_h = 28, .ofs_x = 2, .ofs_y = -2},
    {.bitmap_index = 37421, .adv_w = 512, .box_w = 29, .box_h = 29, .ofs_x = 1, .ofs_y = -3},
    {.bitmap_index = 37659, .adv_w = 512, .box_w = 28, .box_h = 24, .ofs_x = 2, .ofs_y = 0},
    {.bitmap_index = 37856, .adv_w = 512, .box_w = 24, .box_h = 28, .ofs_x = 4, .ofs_y = -2},
    {.bitmap_index = 38052, .adv_w = 512, .box_w = 20, .box_h = 28, .ofs_x = 6, .ofs_y = -2},
    {.bitmap_index = 38133, .adv_w = 512, .box_w = 29, .box_h = 25, .ofs_x = 1, .ofs_y = 0},
    {.bitmap_index = 38358, .adv_w = 512, .box_w = 30, .box_h = 26, .ofs_x = 1, .ofs_y = -2},
    {.bitmap_index = 38612, .adv_w = 512, .box_w = 30, .box_h = 26, .ofs_x = 1, .ofs_y = -2},
    {.bitmap_index = 38862, .adv_w = 512, .box_w = 24, .box_h = 22, .ofs_x = 5, .ofs_y = 1},
    {.bitmap_index = 38994, .adv_w = 512, .box_w = 29, .box_h = 28, .ofs_x = 2, .ofs_y = -2},
    {.bitmap_index = 39166, .adv_w = 512, .box_w = 28, .box_h = 25, .ofs_x = 2, .ofs_y = -2},
    {.bitmap_index = 39301, .adv_w = 512, .box_w = 28, .box_h = 25, .ofs_x = 2, .ofs_y = -2},
    {.bitmap_index = 39426, .adv_w = 512, .box_w = 24, .box_h = 24, .ofs_x = 4, .ofs_y = 0},
    {.bitmap_index = 39685, .adv_w = 512, .box_w = 30, .box_h = 30, .ofs_x = 1, .ofs_y = -3},
    {.bitmap_index = 39935, .adv_w = 512, .box_w = 30, .box_h = 30, .ofs_x = 1, .ofs_y = -3},
    {.bitmap_index = 40191, .adv_w = 512, .box_w = 30, .box_h = 30, .ofs_x = 1, .ofs_y = -3},
    {.bitmap_index = 40432, .adv_w = 512, .box_w = 30, .box_h = 30, .ofs_x = 1, .ofs_y = -3},
    {.bitmap_index = 40679, .adv_w = 512, .box_w = 30, .box_h = 30, .ofs_x = 1, .ofs_y = -3},
    {.bitmap_index = 40924, .adv_w = 512, .box_w = 30, .box_h = 30, .ofs_x = 1, .ofs_y = -3},
    {.bitmap_index = 41168, .adv_w = 512, .box_w = 30, .box_h = 30, .ofs_x = 1, .ofs_y = -3},
    {.bitmap_index = 41409, .adv_w = 512, .box_w = 30, .box_h = 30, .ofs_x = 1, .ofs_y = -3},
    {.bitmap_index = 41648, .adv_w = 512, .box_w = 30, .box_h = 30, .ofs_x = 1, .ofs_y = -3},
    {.bitmap_index = 41877, .adv_w = 512, .box_w = 28, .box_h = 28, .ofs_x = 2, .ofs_y = -2},
    {.bitmap_index = 42063, .adv_w = 512, .box_w = 30, .box_h = 6, .ofs_x = 1, .ofs_y = 2},
    {.bitmap_index = 42109, .adv_w = 512, .box_w = 31, .box_h = 28, .ofs_x = 0, .ofs_y = -2}
};

/*---------------------
 *  CHARACTER MAPPING
 *--------------------*/

static const uint16_t unicode_list_0[] = {
    0x0, 0x2, 0x3, 0x1c, 0x1d, 0x1f, 0x26, 0x27,
    0x28, 0x2e, 0x35, 0x36, 0x37, 0x39, 0x74, 0x87,
    0x89, 0x8b, 0xbe, 0xe3, 0xf7, 0x104, 0x106, 0x11a,
    0x11b, 0x11c, 0x11d, 0x12a, 0x130, 0x133, 0x143, 0x14e,
    0x167, 0x169, 0x17e, 0x181, 0x18e, 0x196, 0x198, 0x1b3,
    0x1b4, 0x1c4, 0x1d4, 0x1da, 0x1e2, 0x1e3, 0x1ea, 0x209,
    0x212, 0x21b, 0x225, 0x230, 0x233, 0x253, 0x29c, 0x2b1,
    0x2b6, 0x2bd, 0x2c5, 0x2c8, 0x2d6, 0x2d7, 0x2e6, 0x2e9,
    0x2eb, 0x2f1, 0x302, 0x304, 0x30f, 0x310, 0x313, 0x318,
    0x321, 0x323, 0x343, 0x34e, 0x3a2, 0x3b0, 0x3b2, 0x3be,
    0x3c5, 0x3e4, 0x3e6, 0x3ef, 0x3ff, 0x401, 0x404, 0x405,
    0x40d, 0x412, 0x428, 0x42a, 0x43f, 0x441, 0x443, 0x447,
    0x453, 0x464, 0x46d, 0x48c, 0x49f, 0x4a8, 0x4b5, 0x4bc,
    0x4c0, 0x4d8, 0x4e9, 0x4ea, 0x4f9, 0x526, 0x52d, 0x540,
    0x541, 0x542, 0x548, 0x54a, 0x54c, 0x558, 0x55a, 0x55b,
    0x566, 0x57b, 0x583, 0x584, 0x5a4, 0x5b2, 0x5b4, 0x5bb,
    0x5ff, 0x606, 0x608, 0x60c, 0x610, 0x67f, 0x680, 0x683,
    0x68a, 0x6be, 0x6c2, 0x6e3, 0x6f1, 0x708, 0x70b, 0x70e,
    0x711, 0x714, 0x732, 0x74a, 0x76c, 0x76f, 0x770, 0x773,
    0x7b0, 0x7c1, 0x7c2, 0x7c3, 0x7ce, 0x7f7, 0x8db, 0x8dc,
    0x8dd, 0x8df, 0x8e0, 0x8e1, 0x8f9, 0x8fa, 0x8fb, 0x8fc,
    0x8fe, 0x8ff, 0x901, 0x902, 0x904, 0x914, 0x935, 0x970,
    0x987, 0xa20, 0xa40, 0xa54, 0xb36, 0xb9c, 0xbc6, 0xcbb,
    0xd15, 0xd23, 0xd26, 0xd2b, 0xd2f, 0xd6b, 0xdde, 0xddf,
    0xdf8, 0xe29, 0xe35, 0xe4d, 0xe53, 0xe79, 0xea1, 0xef5,
    0xf2e, 0xf5f, 0xf60, 0xf76, 0xf8d, 0xfa0, 0x108f, 0x10e1,
    0x10e2, 0x10e3, 0x119a, 0x124e, 0x1250, 0x1267, 0x12fd, 0x13ff,
    0x1457, 0x14cb, 0x14d9, 0x150b, 0x151c, 0x151d, 0x15c8, 0x168f,
    0x1697, 0x1699, 0x1799, 0x1892, 0x19ca, 0x19cd, 0x1a1f, 0x1a28,
    0x1a29, 0x1a2a, 0x1a2b, 0x1a2c, 0x1a2d, 0x1a2e, 0x1a2f, 0x1a30,
    0x1b05, 0x1b0f, 0x1c15
};

/*Collect the unicode lists and glyph_id offsets*/
static const lv_font_fmt_txt_cmap_t cmaps[] =
{
    {
        .range_start = 983078, .range_length = 7190, .glyph_id_start = 1,
        .unicode_list = unicode_list_0, .glyph_id_ofs_list = NULL, .list_length = 243, .type = LV_FONT_FMT_TXT_CMAP_SPARSE_TINY
    }
};



/*--------------------
 *  ALL CUSTOM DATA
 *--------------------*/

#if LVGL_VERSION_MAJOR == 8
/*Store all the custom data of the font*/
static  lv_font_fmt_txt_glyph_cache_t cache;
#endif

#if LVGL_VERSION_MAJOR >= 8
static const lv_font_fmt_txt_dsc_t font_dsc = {
#else
static lv_font_fmt_txt_dsc_t font_dsc = {
#endif
    .glyph_bitmap = glyph_bitmap,
    .glyph_dsc = glyph_dsc,
    .cmaps = cmaps,
    .kern_dsc = NULL,
    .kern_scale = 0,
    .cmap_num = 1,
    .bpp = 4,
    .kern_classes = 0,
    .bitmap_format = 1,
#if LVGL_VERSION_MAJOR == 8
    .cache = &cache
#endif
};



/*-----------------
 *  PUBLIC FONT
 *----------------*/

/*Initialize a public general font descriptor*/
#if LVGL_VERSION_MAJOR >= 8
lv_font_t mdi_icons_32 = {
#else
lv_font_t mdi_icons_32 = {
#endif
    .get_glyph_dsc = lv_font_get_glyph_dsc_fmt_txt,    /*Function pointer to get glyph's data*/
    .get_glyph_bitmap = lv_font_get_bitmap_fmt_txt,    /*Function pointer to get glyph's bitmap*/
    .line_height = 33,          /*The maximum line height required by the font*/
    .base_line = 4,             /*Baseline measured from the bottom of the line*/
#if !(LVGL_VERSION_MAJOR == 6 && LVGL_VERSION_MINOR == 0)
    .subpx = LV_FONT_SUBPX_NONE,
#endif
#if LV_VERSION_CHECK(7, 4, 0) || LVGL_VERSION_MAJOR >= 8
    .underline_position = 0,
    .underline_thickness = 0,
#endif
    .dsc = &font_dsc,          /*The custom font data. Will be accessed by `get_glyph_bitmap/dsc` */
#if LV_VERSION_CHECK(8, 2, 0) || LVGL_VERSION_MAJOR >= 9
    .fallback = NULL,
#endif
    .user_data = NULL,
};



#endif /*#if MDI_ICONS_32*/

