/*******************************************************************************
 * Size: 24 px
 * Bpp: 4
 * Opts: --font assets/fonts/materialdesignicons-webfont.ttf --size 24 --bpp 4 --format lvgl --range 0xF0026,0xF0028,0xF0029,0xF05D8,0xF093A,0xF009A,0xF00AD,0xF00E4,0xF00AF,0xF00B1,0xF0B5C,0xF05DA,0xF0625,0xF0109,0xF011D,0xF012A,0xF012C,0xF0E1E,0xF0140,0xF0141,0xF0142,0xF0143,0xF0150,0xF0156,0xF0159,0xF0169,0xF0174,0xF018D,0xF018F,0xF01A4,0xF01B4,0xF01BC,0xF01D9,0xF01DA,0xF01EA,0xF0E9F,0xF01FA,0xF0200,0xF0208,0xF0209,0xF0210,0xF0238,0xF0241,0xF024B,0xF0256,0xF0259,0xF0279,0xF02D7,0xF02DC,0xF02E3,0xF02FC,0xF02FD,0xF0317,0xF0328,0xF0335,0xF0339,0xF033E,0xF0FC6,0xF0349,0xF1276,0xF0347,0xF0369,0xF0374,0xF0F1B,0xF0415,0xF046D,0xF03D6,0xF03D8,0xF03E4,0xF03EB,0xF040A,0xF040C,0xF0425,0xF042A,0xF042B,0xF0433,0xF032A,0xF0438,0xF044E,0xF0450,0xF0465,0xF0467,0xF0469,0xF06A9,0xF0479,0xF048A,0xF0493,0xF04B2,0xF04C5,0xF04DB,0xF14F1,0xF04E2,0xF06E4,0xF04E6,0xF03C8,0xF050F,0xF0510,0xF054C,0xF0E04,0xF0E05,0xF0F54,0xF1531,0xF1B2B,0xF0566,0xF0567,0xF0568,0xF056E,0xF0570,0xF0572,0xF057E,0xF0580,0xF0581,0xF058C,0xF05A1,0xF05A9,0xF05AA,0xF05CA,0xF0553,0xF05E1,0xF062C,0xF09AD,0xF062E,0xF06A5,0xF06B0,0xF0709,0xF0717,0xF072E,0xF0731,0xF0734,0xF0737,0xF17BF,0xF073A,0xF0758,0xF02C2,0xF0770,0xF0792,0xF0CE1,0xF0901,0xF0902,0xF0903,0xF0906,0xF0907,0xF0427,0xF0905,0xF0FB3,0xF1107,0xF07E7,0xF1108,0xF14FF,0xF1109,0xF07E8,0xF07E9,0xF06A6,0xF1425,0xF1C3B,0xF0796,0xF0795,0xF0799,0xF081D,0xF1542,0xF1543,0xF091F,0xF0920,0xF0921,0xF0922,0xF0924,0xF0925,0xF0927,0xF0928,0xF092A,0xF095B,0xF0996,0xF022F,0xF0A46,0xF0A66,0xF0A7A,0xF0BEC,0xF0BC2,0xF0D3B,0xF0D49,0xF07F4,0xF0D91,0xF0D4C,0xF0D51,0xF0D55,0xF0E4F,0xF19F0,0xF19F3,0xF10B5,0xF0336,0xF1A4E,0xF1A4F,0xF1A50,0xF1A51,0xF1A52,0xF1A53,0xF1A54,0xF1A55,0xF1A56,0xF06E8,0xF07D6,0xF0E5B,0xF11C0,0xF0EC7,0xF0F85,0xF0F86,0xF0F9C,0xF128D,0xF1323,0xF147D,0xF16B5,0xF16BD,0xF16BF,0xF18B8,0xF02EB,0xF02EE,0xF1274,0xF01A7,0xF04CE,0xF1A45,0xF15EE,0xF1B35,0xF01BE,0xF004C,0xF051F,0xF005D,0xF0045,0xF004D,0xF0054,0xF0042,0xF0043,0xF005B,0xF005C,0xF004E,0xF005F,0xF0E73,0xF0E79,0xF04FE,0xF030C,0xF030F,0xF0311,0xF0632,0xF0636 -o firmware/helixscreen-esp32/components/helixcore/fonts/mdi_icons_24.c
 ******************************************************************************/

#ifdef LV_LVGL_H_INCLUDE_SIMPLE
#include "lvgl.h"
#else
#include "lvgl/lvgl.h"
#endif

#ifndef MDI_ICONS_24
#define MDI_ICONS_24 1
#endif

#if MDI_ICONS_24

/*-----------------
 *    BITMAPS
 *----------------*/

/*Store the image of the glyphs*/
static LV_ATTRIBUTE_LARGE_CONST const uint8_t glyph_bitmap[] = {
    /* U+F0026 "󰀦" */
    0x0, 0xff, 0x91, 0x0, 0x1f, 0xfc, 0xa9, 0x90,
    0x7, 0xff, 0x25, 0xc8, 0x8e, 0x1, 0xff, 0xc7,
    0x18, 0x0, 0x48, 0x80, 0x7f, 0xf1, 0xa0, 0x2,
    0x18, 0x0, 0xff, 0xe2, 0x9b, 0x0, 0x66, 0x30,
    0xf, 0xfe, 0x27, 0x80, 0x7b, 0xc0, 0x3f, 0xf8,
    0x6a, 0x60, 0xf, 0xf0, 0x0, 0xd4, 0x3, 0xff,
    0x85, 0x60, 0x1f, 0xac, 0x3, 0xff, 0x83, 0x2,
    0x1, 0xf8, 0x60, 0x3, 0xfe, 0x17, 0x0, 0xff,
    0x38, 0x80, 0x7f, 0xac, 0x3, 0xff, 0x81, 0x60,
    0x1f, 0xc6, 0xa0, 0x1d, 0xfe, 0x0, 0xe5, 0x30,
    0xf, 0xdc, 0x1, 0xff, 0xc2, 0xf0, 0xf, 0x98,
    0x80, 0x3d, 0xfe, 0x0, 0xf1, 0xb0, 0x7, 0xc,
    0x0, 0x7f, 0xf1, 0x20, 0x40, 0x34, 0x8, 0x7,
    0xdf, 0xe0, 0xf, 0x86, 0x40, 0x22, 0x60, 0xf,
    0xfe, 0x33, 0x90, 0x2, 0x40, 0x3f, 0xf9, 0x12,
    0x0,

    /* U+F0028 "󰀨" */
    0x0, 0xf2, 0xd6, 0xf7, 0x36, 0x94, 0x3, 0xfc,
    0xbb, 0x4a, 0x42, 0x22, 0x5a, 0xd5, 0x0, 0xfa,
    0x28, 0x80, 0x3f, 0x15, 0x40, 0x7, 0x43, 0x80,
    0x7f, 0xf0, 0x1e, 0x0, 0x25, 0x70, 0xf, 0xfe,
    0x13, 0xa8, 0x2, 0x0, 0x3e, 0xff, 0x0, 0x7d,
    0x0, 0xa4, 0x1, 0xff, 0xc4, 0x25, 0xf0, 0xf,
    0xfe, 0x37, 0xb8, 0x7, 0xff, 0x19, 0xcc, 0x3,
    0xff, 0x8c, 0x62, 0x1, 0xff, 0xc7, 0x20, 0xf,
    0xdf, 0xe0, 0xf, 0xc6, 0xe0, 0x1f, 0xfc, 0x67,
    0xf0, 0xf, 0xdf, 0xe0, 0xf, 0xde, 0xa4, 0x1,
    0xff, 0xc4, 0x25, 0x8, 0x0, 0xfb, 0xfc, 0x1,
    0xf4, 0x0, 0x15, 0xc0, 0x3f, 0xf8, 0x4e, 0xa0,
    0x14, 0x38, 0x7, 0xff, 0x1, 0xe0, 0x3, 0xa2,
    0x88, 0x3, 0xf1, 0x54, 0x0, 0x7c, 0xbb, 0x4a,
    0x40, 0x24, 0xb5, 0xaa, 0x1, 0x80,

    /* U+F0029 "󰀩" */
    0x0, 0xc9, 0xff, 0xf9, 0x0, 0x3e, 0x4b, 0x0,
    0xfd, 0x68, 0x1, 0xc9, 0x60, 0x1f, 0xeb, 0x40,
    0x9, 0x2c, 0x3, 0xff, 0x81, 0x68, 0x9, 0x60,
    0x1e, 0xff, 0x0, 0x7a, 0xd2, 0xc0, 0x3f, 0xf8,
    0x96, 0x1, 0xff, 0xff, 0x0, 0xef, 0xf0, 0x7,
    0xff, 0x5b, 0xfc, 0x1, 0xfa, 0xc0, 0x3f, 0xf8,
    0x96, 0x96, 0x1, 0xef, 0xf0, 0x7, 0xad, 0x1,
    0x2c, 0x3, 0xff, 0x81, 0x68, 0x1, 0x25, 0x80,
    0x7f, 0xad, 0x0, 0x39, 0x2c, 0x3, 0xf5, 0xa0,
    0x4,

    /* U+F0042 "󰁂" */
    0x0, 0xff, 0x86, 0xc8, 0x3, 0xfc, 0x38, 0x92,
    0x1, 0xfc, 0x38, 0x44, 0xa0, 0xf, 0xc3, 0x84,
    0x4c, 0x1f, 0xf0, 0x7, 0xe, 0x11, 0x30, 0x40,
    0x3e, 0x1c, 0x22, 0x60, 0x80, 0x7c, 0x38, 0x44,
    0xc1, 0x0, 0xf8, 0x70, 0x89, 0x82, 0x1, 0xf0,
    0xe1, 0x13, 0x4, 0x3, 0xe1, 0xc2, 0x26, 0x8,
    0x7, 0xec, 0x22, 0x60, 0x80, 0x7f, 0x11, 0x30,
    0x40, 0x3f, 0xe2, 0xef, 0xfe, 0x0, 0xff, 0xe3,
    0x0,

    /* U+F0043 "󰁃" */
    0x2b, 0x10, 0xf, 0xfa, 0x53, 0x4, 0x3, 0xfd,
    0x44, 0x4c, 0x10, 0xf, 0xe1, 0xc2, 0x26, 0x8,
    0x7, 0xf0, 0xe1, 0x13, 0x4, 0x3, 0xbf, 0xc0,
    0x1, 0xc2, 0x26, 0x8, 0x7, 0xf0, 0xe1, 0x13,
    0x4, 0x3, 0xf8, 0x70, 0x89, 0x82, 0x1, 0xfc,
    0x38, 0x44, 0xc1, 0x0, 0xfe, 0x1c, 0x22, 0x60,
    0x80, 0x7f, 0xe, 0x11, 0x30, 0x3, 0xfc, 0x38,
    0x44, 0x0, 0xf7, 0xff, 0x71, 0x0, 0x7f, 0xf1,
    0x40,

    /* U+F0045 "󰁅" */
    0x0, 0xff, 0xe5, 0xff, 0x80, 0x3f, 0xff, 0xe0,
    0x1f, 0xfc, 0x13, 0x0, 0xff, 0xe0, 0x20, 0x46,
    0x38, 0x7, 0xf9, 0xee, 0x34, 0x22, 0x0, 0x1f,
    0xa2, 0x1, 0xab, 0x40, 0xf0, 0x1, 0xe8, 0x70,
    0xa5, 0x5, 0xa0, 0x78, 0x0, 0xd0, 0xe1, 0x4a,
    0x1, 0x2d, 0x3, 0xc0, 0x2, 0x1c, 0x29, 0x40,
    0x39, 0x68, 0x1c, 0x0, 0xe1, 0x4a, 0x1, 0xf2,
    0xd0, 0x6, 0xa5, 0x0, 0xfe, 0x5a, 0x0, 0x52,
    0x80, 0x7f, 0xcb, 0x54, 0x50, 0xf, 0x0,

    /* U+F004C "󰁌" */
    0xff, 0xf8, 0x3, 0x7f, 0xfc, 0x1, 0xff, 0xc9,
    0x2e, 0xff, 0x0, 0x6f, 0xf7, 0x10, 0x7, 0x11,
    0x30, 0x40, 0x3c, 0x38, 0x44, 0x0, 0xd8, 0x44,
    0xc1, 0x0, 0xc3, 0x84, 0x4c, 0x0, 0xc3, 0x84,
    0x4c, 0x10, 0x0, 0xe1, 0x13, 0x4, 0x3, 0x87,
    0x8, 0x96, 0x0, 0xb2, 0x26, 0x8, 0x5, 0xfe,
    0x0, 0xe, 0x2d, 0x80, 0x2d, 0x70, 0x40, 0x1f,
    0xe0, 0xe, 0x1a, 0x10, 0x0, 0xd0, 0x80, 0x7f,
    0xf4, 0x6, 0x84, 0x0, 0x34, 0x20, 0x1d, 0xfe,
    0x0, 0xe, 0x2d, 0x80, 0x2d, 0x70, 0x40, 0x1f,
    0xe0, 0x8, 0x70, 0x89, 0x60, 0xb, 0x22, 0x60,
    0x80, 0x70, 0xe1, 0x13, 0x4, 0x0, 0x38, 0x44,
    0xc1, 0x0, 0xd8, 0x44, 0xc1, 0x0, 0xc3, 0x84,
    0x4c, 0x0, 0xc4, 0x4c, 0x10, 0xf, 0xe, 0x11,
    0x0, 0x38, 0xbb, 0xfc, 0x1, 0xbf, 0xdc, 0x40,
    0x1f, 0xfc, 0x90,

    /* U+F004D "󰁍" */
    0x0, 0xf9, 0x60, 0x3, 0xff, 0x84, 0xb4, 0xe8,
    0x1, 0xff, 0xc0, 0x5a, 0x8, 0x40, 0xf, 0xf9,
    0x68, 0x1d, 0xc0, 0x1f, 0xf2, 0xd0, 0x3c, 0x0,
    0x7f, 0xcb, 0x40, 0xf0, 0x1, 0xff, 0x2d, 0x3,
    0xc0, 0x7, 0xfc, 0xb4, 0x0, 0x7f, 0xff, 0xf8,
    0x3, 0xff, 0x8c, 0xb4, 0x0, 0x7f, 0xff, 0xf8,
    0x0, 0xb4, 0xf, 0x0, 0x1f, 0xfc, 0x15, 0xa0,
    0x78, 0x0, 0xff, 0xe0, 0xad, 0x3, 0xc0, 0x7,
    0xff, 0x5, 0x68, 0x1d, 0xc0, 0x1f, 0xfc, 0x15,
    0xa0, 0x83, 0x0, 0xff, 0xe0, 0xad, 0x39, 0x80,
    0x7c,

    /* U+F004E "󰁎" */
    0x0, 0xf9, 0x5c, 0x3, 0xff, 0x84, 0xb5, 0xe,
    0x1, 0xff, 0xc0, 0x5a, 0x0, 0x41, 0x80, 0x7f,
    0x96, 0x80, 0x28, 0x30, 0xf, 0xe5, 0xa0, 0xa,
    0x1c, 0x3, 0xf9, 0x68, 0x2, 0x77, 0x0, 0x7f,
    0x2d, 0x0, 0x67, 0xff, 0xfc, 0xb, 0x40, 0x1f,
    0xfd, 0x45, 0xa0, 0xf, 0xfe, 0x22, 0xd0, 0x6,
    0x7f, 0xff, 0xc0, 0x12, 0xd0, 0x4, 0xf0, 0x1,
    0xff, 0x2d, 0x0, 0x4f, 0x0, 0x1f, 0xf2, 0xd0,
    0x4, 0xe6, 0x1, 0xff, 0x2d, 0x0, 0x20, 0xc0,
    0x3f, 0xf8, 0xb, 0x50, 0xe0, 0x1f, 0x0,

    /* U+F0054 "󰁔" */
    0x0, 0xfd, 0xa, 0x1, 0xff, 0xc2, 0x47, 0xa5,
    0x0, 0xff, 0xe0, 0xa4, 0x5, 0x28, 0x7, 0xff,
    0x5, 0xdc, 0x14, 0xa0, 0x1f, 0xfc, 0x18, 0x70,
    0xa5, 0x0, 0xff, 0xe0, 0xc3, 0x85, 0x28, 0x7,
    0xff, 0x6, 0x1c, 0x29, 0x40, 0x1f, 0xff, 0xf3,
    0x80, 0x29, 0x40, 0x3f, 0xf8, 0xdf, 0xff, 0xf3,
    0x80, 0x29, 0x40, 0x3f, 0xe8, 0x70, 0xa5, 0x0,
    0xff, 0xa1, 0xc2, 0x94, 0x3, 0xfe, 0x87, 0xa,
    0x50, 0xf, 0xf9, 0xdc, 0x14, 0xa0, 0x1f, 0xf2,
    0x40, 0x52, 0x80, 0x7f, 0xf0, 0x11, 0xe9, 0x40,
    0x3c,

    /* U+F005B "󰁛" */
    0xff, 0xff, 0x0, 0x7f, 0xf2, 0x4b, 0xbf, 0xf8,
    0x3, 0xc4, 0x4c, 0x10, 0xf, 0xf6, 0x11, 0x30,
    0x40, 0x3f, 0x87, 0x8, 0x98, 0x20, 0x1f, 0xc3,
    0x84, 0x4c, 0x10, 0xf, 0xe1, 0xc2, 0x26, 0x8,
    0x7, 0xf0, 0xe1, 0x13, 0x4, 0x3, 0xf8, 0x70,
    0x89, 0x82, 0x0, 0xff, 0x0, 0x70, 0xe1, 0x13,
    0x4, 0x3, 0xf8, 0x70, 0x89, 0x82, 0x1, 0xfc,
    0x38, 0x44, 0xa0, 0xf, 0xf0, 0xe2, 0x48,

    /* U+F005C "󰁜" */
    0x0, 0xdf, 0xff, 0xe0, 0xf, 0xfe, 0x37, 0xff,
    0x71, 0x0, 0x7f, 0xc3, 0x84, 0x40, 0xf, 0xe1,
    0xc2, 0x26, 0x0, 0x7e, 0x1c, 0x22, 0x60, 0x80,
    0x7c, 0x38, 0x44, 0xc1, 0x0, 0xf8, 0x70, 0x89,
    0x82, 0x1, 0xf0, 0xe1, 0x13, 0x4, 0x3, 0xe1,
    0xc2, 0x26, 0x8, 0x7, 0xc3, 0x84, 0x4c, 0x10,
    0xe, 0xff, 0xe, 0x11, 0x30, 0x40, 0x3f, 0x51,
    0x13, 0x4, 0x3, 0xfa, 0x53, 0x4, 0x3, 0xfc,

    /* U+F005D "󰁝" */
    0x0, 0xf9, 0x54, 0x1, 0xff, 0xc1, 0x5a, 0xa2,
    0x80, 0x7f, 0xcb, 0x40, 0xa, 0x50, 0xf, 0xe5,
    0xa0, 0xd, 0x4a, 0x1, 0xf2, 0xd0, 0x38, 0x1,
    0xc2, 0x94, 0x3, 0x96, 0x81, 0xe0, 0x1, 0xe,
    0x14, 0xa0, 0x12, 0xd0, 0x3c, 0x0, 0x68, 0x70,
    0xa5, 0x5, 0xa0, 0x78, 0x0, 0xf4, 0x38, 0x52,
    0xe8, 0x44, 0x0, 0x3f, 0x44, 0x3, 0x62, 0xdc,
    0x3, 0xfc, 0xf7, 0x0, 0x80, 0x1f, 0xfc, 0x4,
    0x0, 0xff, 0xff, 0x80, 0x7f, 0xf0, 0x7f, 0xc0,
    0x1f, 0x0,

    /* U+F005F "󰁟" */
    0x0, 0xf2, 0xd6, 0xf7, 0x36, 0x94, 0x3, 0xfc,
    0xbb, 0x4a, 0x42, 0x22, 0x5a, 0xd5, 0x0, 0xfa,
    0x28, 0x80, 0x3f, 0x15, 0x40, 0x7, 0x43, 0x80,
    0x7f, 0xf0, 0x1e, 0x0, 0x25, 0x70, 0xf, 0xfe,
    0x13, 0xa8, 0x2, 0x0, 0x3e, 0x88, 0x0, 0x7d,
    0x0, 0xa4, 0x1, 0xe8, 0x77, 0x40, 0x7, 0x89,
    0x7c, 0x3, 0xd0, 0xe0, 0x7, 0x80, 0xf, 0x7b,
    0x80, 0x74, 0x38, 0x6, 0x78, 0x0, 0xe7, 0x20,
    0xd, 0xe, 0x1, 0xe7, 0x80, 0xc, 0x60, 0x1d,
    0x1f, 0xe0, 0xd, 0xfe, 0x80, 0xe, 0x20, 0xf,
    0xfe, 0x31, 0xb8, 0x7, 0xff, 0x19, 0xfc, 0x3,
    0xff, 0x8d, 0xea, 0x40, 0x1e, 0xff, 0xc0, 0x1e,
    0x25, 0x8, 0x0, 0xff, 0xe2, 0x40, 0x1, 0x5c,
    0x3, 0xff, 0x84, 0xea, 0x1, 0x43, 0x80, 0x7f,
    0xf0, 0x1e, 0x0, 0x3a, 0x28, 0x80, 0x3f, 0x15,
    0x40, 0x7, 0xcb, 0xb4, 0xa4, 0x0, 0x25, 0xad,
    0x50, 0xc,

    /* U+F009A "󰂚" */
    0x0, 0xf9, 0x3b, 0x88, 0x1, 0xff, 0xc2, 0xa1,
    0x15, 0x0, 0x7f, 0xf0, 0x6, 0x4, 0x0, 0x30,
    0x20, 0x1f, 0xcb, 0xce, 0x1, 0x9f, 0x94, 0x3,
    0xe5, 0xa0, 0xf, 0xd4, 0xa0, 0x1c, 0x34, 0x1,
    0xfe, 0xb1, 0x0, 0xd2, 0x1, 0xff, 0xc, 0x80,
    0x64, 0x0, 0xff, 0xe0, 0x20, 0x6, 0x30, 0xf,
    0xfe, 0x1, 0x80, 0x7f, 0xff, 0xc0, 0x3f, 0xfb,
    0xe, 0x1, 0xff, 0xc2, 0x70, 0x88, 0x0, 0x7f,
    0xf0, 0xa2, 0xe, 0x1, 0xff, 0xc4, 0x7f, 0xff,
    0xfe, 0x30, 0x7, 0xdd, 0xfe, 0xe0, 0xf, 0xfe,
    0x15, 0x8, 0xa8, 0x3, 0xe0,

    /* U+F00AD "󰂭" */
    0x0, 0xf8, 0x9e, 0xfb, 0xfd, 0xd6, 0xe2, 0x1,
    0xff, 0xc0, 0x1a, 0xd8, 0x41, 0x0, 0xa, 0x47,
    0x50, 0x80, 0x7f, 0x2f, 0x28, 0x2d, 0x6f, 0x7e,
    0xd2, 0x82, 0xfa, 0x80, 0x7c, 0xf4, 0xb, 0xb4,
    0xa4, 0x20, 0x4b, 0x5a, 0x83, 0x4c, 0x1, 0xcb,
    0x1, 0x14, 0x40, 0x1f, 0x8a, 0x84, 0x25, 0x40,
    0x21, 0xa0, 0x87, 0x0, 0xff, 0xe, 0x8, 0x82,
    0xc4, 0x1, 0x60, 0xae, 0x1, 0xfe, 0x1c, 0x22,
    0x7a, 0xd, 0x81, 0x28, 0x40, 0x7, 0xf8, 0x70,
    0x89, 0x83, 0x20, 0xa2, 0xa0, 0xa4, 0x1, 0xfc,
    0x38, 0x44, 0xc1, 0x2, 0x50, 0x6c, 0xf, 0x0,
    0xfe, 0x1c, 0x22, 0x60, 0x80, 0x5e, 0x18, 0xa0,
    0xe0, 0x1f, 0x87, 0x8, 0x98, 0x20, 0x19, 0xc1,
    0x44, 0x8, 0x3, 0xe1, 0xc2, 0x26, 0x8, 0x7,
    0x10, 0x8, 0x7, 0xf0, 0xe1, 0x13, 0x4, 0x3,
    0xc2, 0x0, 0x10, 0x20, 0xe, 0x1c, 0x22, 0x60,
    0x80, 0x7c, 0x60, 0x2a, 0xe, 0x1, 0x87, 0x8,
    0x98, 0x20, 0x1f, 0x90, 0x17, 0x3, 0xc0, 0x21,
    0xc2, 0x26, 0x8, 0x7, 0xf6, 0x6, 0x28, 0x29,
    0x0, 0xe1, 0x13, 0x4, 0x3, 0xf8, 0x94, 0x18,
    0x94, 0x24, 0x70, 0x89, 0x82, 0x1, 0xfe, 0x80,
    0x51, 0xb, 0x4, 0xf2, 0x26, 0x8, 0x7, 0xf9,
    0xd4, 0x2c, 0x0, 0x34, 0x2, 0x2c, 0x10, 0xf,
    0xf3, 0xc0, 0x50, 0x80, 0x4b, 0x20, 0x34, 0x40,
    0x1f, 0x8a, 0xe0, 0x25, 0x40, 0x39, 0xa8, 0x13,
    0x69, 0x48, 0x44, 0x4d, 0x7a, 0x81, 0x4c, 0x1,
    0xf2, 0xf2, 0x82, 0xd6, 0xf7, 0x36, 0x50, 0x17,
    0x94, 0x3, 0xf8, 0x6b, 0x61, 0x4, 0x0, 0x29,
    0x1d, 0x42, 0x1, 0xc0,

    /* U+F00AF "󰂯" */
    0x0, 0xf7, 0xb8, 0x7, 0xff, 0x2, 0x1c, 0x3,
    0xff, 0x81, 0x10, 0x0, 0x8a, 0xc4, 0x3, 0xcf,
    0x0, 0x9, 0x4c, 0x10, 0xd, 0x40, 0xf0, 0x14,
    0x44, 0xc1, 0x0, 0x96, 0x41, 0xd8, 0x70, 0x89,
    0x82, 0x0, 0x1b, 0x2, 0x70, 0x1c, 0x22, 0x60,
    0x3, 0x8, 0x98, 0x20, 0x1, 0xc2, 0x20, 0x0,
    0x89, 0x82, 0x1, 0x87, 0x8, 0x0, 0x58, 0x20,
    0x1f, 0xfc, 0x61, 0xc2, 0x0, 0x16, 0x8, 0x6,
    0x1c, 0x22, 0x0, 0x8, 0x98, 0x20, 0x1, 0xc2,
    0x26, 0x0, 0x30, 0x89, 0x82, 0x2c, 0x22, 0x60,
    0x80, 0x6, 0xc0, 0x9e, 0x88, 0x98, 0x20, 0x12,
    0xc8, 0x3b, 0x4a, 0x60, 0x80, 0x6a, 0x7, 0x80,
    0x2b, 0x10, 0xf, 0x3c, 0x0, 0x7f, 0xa2, 0x0,
    0x1f, 0xe8, 0x70, 0xc,

    /* U+F00B1 "󰂱" */
    0x0, 0xfd, 0xee, 0x1, 0xff, 0xc5, 0x87, 0x0,
    0xff, 0xe2, 0xc4, 0x0, 0x3f, 0x15, 0x88, 0x7,
    0x9e, 0x0, 0x3e, 0x94, 0xc1, 0x0, 0xd4, 0xf,
    0x0, 0x1e, 0xa2, 0x26, 0x8, 0x4, 0xb2, 0xe,
    0xc0, 0x1c, 0x38, 0x44, 0xc1, 0x0, 0xd, 0x81,
    0x38, 0x7, 0x87, 0x8, 0x98, 0x0, 0xc2, 0x26,
    0x8, 0x6, 0x88, 0x0, 0xe1, 0x10, 0x0, 0x44,
    0xc1, 0x8, 0x70, 0x87, 0x78, 0x7, 0x8, 0x0,
    0x58, 0x20, 0xee, 0x87, 0xf0, 0xf, 0xfe, 0x27,
    0xbc, 0x3b, 0x80, 0x70, 0x80, 0x5, 0x82, 0xe,
    0xf4, 0x3, 0xc0, 0xe, 0x11, 0x0, 0x4, 0x4c,
    0x10, 0x88, 0x0, 0x61, 0xc2, 0x26, 0x0, 0x30,
    0x89, 0x82, 0x1, 0xc3, 0x84, 0x4c, 0x10, 0x0,
    0xd8, 0x13, 0x80, 0x75, 0x11, 0x30, 0x40, 0x25,
    0x90, 0x76, 0x0, 0xe9, 0x4c, 0x10, 0xd, 0x40,
    0xf0, 0x1, 0xe2, 0xb1, 0x0, 0xf3, 0xc0, 0x7,
    0xff, 0xe, 0x20, 0x1, 0xff, 0xc3, 0x87, 0x0,
    0xf8,

    /* U+F00E4 "󰃤" */
    0x0, 0xc5, 0x62, 0x1, 0x86, 0xc8, 0x3, 0xf7,
    0x26, 0x8, 0x0, 0x71, 0x38, 0x3, 0xf6, 0x91,
    0x3f, 0xb9, 0xe4, 0x4d, 0x0, 0xfe, 0x10, 0x11,
    0xc0, 0x20, 0x1f, 0xda, 0x60, 0x1e, 0x3d, 0x0,
    0xef, 0xf8, 0xc0, 0x3f, 0x1f, 0xfc, 0x1, 0xff,
    0xc8, 0xff, 0x0, 0x6f, 0xfc, 0x1, 0xbf, 0xc0,
    0x1f, 0xfc, 0x8f, 0xf0, 0x6, 0xff, 0xc0, 0x1b,
    0xfc, 0x1, 0xff, 0xc8, 0xff, 0x0, 0x6f, 0xfc,
    0x1, 0xbf, 0xc0, 0x1f, 0xfc, 0x8f, 0xf0, 0x6,
    0xff, 0xc0, 0x1b, 0xfc, 0x1, 0xff, 0xc8, 0xff,
    0x8c, 0x3, 0xf1, 0xff, 0xc0, 0x1d, 0xa6, 0x1,
    0xe3, 0xd0, 0xf, 0xc3, 0x92, 0x62, 0x23, 0x9c,
    0x10, 0xc,

    /* U+F0109 "󰄉" */
    0x0, 0xff, 0xe8, 0x27, 0x71, 0x0, 0x3f, 0xf8,
    0x94, 0x22, 0xa0, 0xf, 0xfe, 0x9a, 0x8, 0x5,
    0x62, 0x2a, 0x0, 0xff, 0x25, 0xe1, 0x0, 0x17,
    0xb8, 0x80, 0x19, 0xe0, 0x3, 0x29, 0x13, 0x54,
    0x3, 0xf0, 0xc3, 0xa0, 0x4, 0x3e, 0x0, 0xa8,
    0x0, 0xf8, 0x64, 0x24, 0x3, 0x15, 0x0, 0x1e,
    0xc4, 0x3, 0xcc, 0x44, 0x40, 0xc, 0xae, 0x0,
    0x4c, 0x20, 0xf, 0x50, 0x68, 0x7, 0x42, 0x0,
    0xb, 0x50, 0x3, 0x94, 0x10, 0x3, 0xd4, 0x40,
    0x15, 0x0, 0x71, 0x1, 0xff, 0x80, 0x30, 0xf8,
    0x7, 0xff, 0x0, 0x80, 0x80, 0x31, 0x58, 0x8a,
    0x80, 0x38, 0x80, 0xdc, 0x10, 0x3, 0x93, 0xb8,
    0x80, 0x1c, 0x80, 0xfe, 0x14, 0x1, 0xff, 0xc2,
    0xa0, 0xf5, 0x23, 0x60, 0xf, 0xfe, 0x3, 0x19,
    0x28, 0x40, 0x4a, 0x0, 0x7f, 0x92, 0x42, 0x0,
    0xa, 0xe1, 0x6c, 0x1, 0xf9, 0xec, 0x1d, 0x40,
    0x28, 0x70, 0x9c, 0x62, 0x0, 0x13, 0x64, 0x3,
    0xc0, 0x7, 0x45, 0x11, 0xce, 0xff, 0xb6, 0x4c,
    0xaa, 0x0, 0x3e, 0x5d, 0xa5, 0x20, 0x1, 0x2d,
    0x6a, 0x80, 0x60,

    /* U+F011D "󰄝" */
    0x0, 0xfe, 0x77, 0x0, 0x7f, 0xf1, 0x62, 0x30,
    0x7, 0xff, 0xe, 0x1c, 0x0, 0xf0, 0x1, 0xff,
    0xc1, 0x87, 0x0, 0xcf, 0x0, 0x1f, 0xf4, 0x38,
    0x58, 0x2, 0xc1, 0xe0, 0x3, 0xf9, 0x1c, 0x2d,
    0x0, 0x9, 0x60, 0xe8, 0x1, 0xf9, 0x22, 0xd0,
    0x3, 0x25, 0xc2, 0x0, 0x7f, 0x3a, 0x0, 0x79,
    0x1c, 0x3, 0xff, 0xc3, 0xfe, 0x0, 0xff, 0xe2,
    0x7f, 0x80, 0x3f, 0xfc, 0xbf, 0xe0, 0xf, 0xfe,
    0x88, 0x87, 0xff, 0xff, 0x10, 0xa, 0x84, 0x3,
    0xff, 0x88, 0x32,

    /* U+F012A "󰄪" */
    0xff, 0x0, 0x7f, 0xf6, 0x14, 0x3, 0xff, 0x8c,
    0xb5, 0x60, 0x1f, 0xfc, 0x5b, 0xe, 0x0, 0xff,
    0xe2, 0x40, 0x9a, 0x80, 0x7d, 0x4c, 0x1, 0xe2,
    0x70, 0xf0, 0xf, 0x95, 0x53, 0xa8, 0x1, 0xa4,
    0x14, 0xc0, 0x3e, 0xb0, 0x12, 0xba, 0x20, 0x44,
    0x5, 0x80, 0x7d, 0x2, 0x7d, 0x0, 0xbb, 0x12,
    0x10, 0x20, 0x1e, 0x27, 0xf, 0x7, 0xe5, 0x7,
    0x22, 0x38, 0x7, 0xd0, 0xc, 0x60, 0x1, 0xac,
    0x30, 0x90, 0xf, 0x91, 0x42, 0x0, 0x38, 0xf2,
    0xd0, 0x3, 0xe9, 0x8, 0x10, 0xf, 0x90, 0x3,
    0xe6, 0x22, 0x38, 0x7, 0xff, 0x12, 0x2, 0x40,
    0x3f, 0xf8, 0xa2, 0x88, 0x0, 0xff, 0xe3, 0x27,
    0xff, 0xff, 0x10, 0x3, 0xff, 0x90,

    /* U+F012C "󰄬" */
    0x0, 0xff, 0xe2, 0x10, 0x7, 0xff, 0x11, 0x76,
    0x0, 0x3f, 0xf8, 0x4b, 0x41, 0xe0, 0x1f, 0xfc,
    0x15, 0xa0, 0x87, 0x0, 0xff, 0xe0, 0x2d, 0x4,
    0x38, 0x7, 0xff, 0x1, 0x68, 0x21, 0xc0, 0x3f,
    0xf8, 0xb, 0x41, 0xe, 0x1, 0x9d, 0x40, 0x3c,
    0xb4, 0x10, 0xe0, 0x18, 0xe2, 0x94, 0x3, 0x2d,
    0x4, 0x38, 0x7, 0x1c, 0x5, 0x28, 0x1, 0x68,
    0x21, 0xc0, 0x3e, 0x78, 0xa, 0x55, 0x50, 0x43,
    0x80, 0x7f, 0x3c, 0x5, 0x50, 0x21, 0xc0, 0x3f,
    0xe7, 0x80, 0x4, 0x38, 0x7, 0xff, 0x5, 0xe2,
    0xe, 0x1, 0xfe,

    /* U+F0140 "󰅀" */
    0x2, 0x0, 0xfc, 0x41, 0x1a, 0xa0, 0x1e, 0x5d,
    0x8f, 0xa, 0x50, 0xc, 0xb4, 0x1e, 0xf0, 0x14,
    0xa0, 0x5, 0xa0, 0x87, 0x7, 0x80, 0xa5, 0x55,
    0x4, 0x38, 0x4, 0xf0, 0x15, 0x40, 0x87, 0x0,
    0xe7, 0x80, 0x4, 0x38, 0x7, 0xcf, 0x10, 0x70,
    0xc,

    /* U+F0141 "󰅁" */
    0x0, 0xe7, 0x80, 0xe, 0x78, 0x72, 0x0, 0x9e,
    0x2, 0x88, 0x0, 0xf0, 0x14, 0xa0, 0x7, 0x80,
    0xa5, 0x0, 0x3c, 0x5, 0x28, 0x7, 0xfc, 0xf0,
    0x14, 0xa0, 0x19, 0xe0, 0x29, 0x40, 0x33, 0xc0,
    0x52, 0x80, 0x67, 0x80, 0xa2, 0x0, 0xcf, 0xe,
    0x40,

    /* U+F0142 "󰅂" */
    0x8, 0x70, 0xe, 0x27, 0x87, 0x0, 0xc5, 0x41,
    0xe, 0x1, 0x96, 0x82, 0x1c, 0x3, 0x2d, 0x4,
    0x38, 0x6, 0x5a, 0x8, 0x70, 0xf, 0xf9, 0x68,
    0x21, 0xc0, 0xb, 0x41, 0xe, 0x0, 0x5a, 0x8,
    0x70, 0x1, 0x50, 0x43, 0x80, 0x44, 0xf0, 0xe0,
    0x18,

    /* U+F0143 "󰅃" */
    0x0, 0xe7, 0x70, 0x7, 0xf3, 0xc4, 0x1c, 0x3,
    0xe7, 0x80, 0x4, 0x38, 0x7, 0x3c, 0x5, 0x50,
    0x21, 0xc0, 0x27, 0x80, 0xa5, 0x55, 0x4, 0x38,
    0x3c, 0x5, 0x28, 0x1, 0x68, 0x21, 0xfc, 0x29,
    0x40, 0x32, 0xd0, 0x7c, 0x6a, 0x80, 0x79, 0x76,
    0x0,

    /* U+F0150 "󰅐" */
    0x0, 0xf2, 0xd6, 0xf7, 0x36, 0x94, 0x3, 0xfc,
    0xbb, 0x4a, 0x42, 0x22, 0x5a, 0xd5, 0x0, 0xfa,
    0x28, 0x8e, 0x77, 0xfd, 0xb2, 0x65, 0x50, 0x1,
    0xd0, 0xe1, 0x38, 0xc4, 0x0, 0x26, 0xc8, 0x7,
    0x80, 0x9, 0x5c, 0x2d, 0x80, 0x3f, 0x3d, 0x83,
    0xa8, 0x2, 0x2, 0x10, 0x3, 0x7c, 0x0, 0x64,
    0x80, 0x80, 0x52, 0x37, 0x0, 0xff, 0xe0, 0x39,
    0x92, 0xf8, 0x50, 0x7, 0xff, 0xa, 0x83, 0xdc,
    0x10, 0x3, 0xff, 0x84, 0x80, 0xe4, 0x4, 0x1,
    0xff, 0xc2, 0x20, 0x30, 0xf, 0xf2, 0x98, 0x7,
    0xe2, 0x2, 0x0, 0xf5, 0x86, 0x48, 0x80, 0x44,
    0x6, 0xe0, 0x80, 0x1e, 0x4d, 0x86, 0xf6, 0x0,
    0x20, 0x3f, 0x85, 0x0, 0x7e, 0x7d, 0x5c, 0x0,
    0x50, 0x7a, 0x89, 0xb0, 0x7, 0xe2, 0xba, 0x6,
    0x32, 0x50, 0xa0, 0x94, 0x0, 0xff, 0x24, 0x84,
    0x0, 0x11, 0xc2, 0xd8, 0x3, 0xf3, 0xd8, 0x3a,
    0x80, 0x50, 0xe1, 0x38, 0xc4, 0x0, 0x26, 0xc8,
    0x7, 0x80, 0xe, 0x8b, 0x13, 0x9d, 0xff, 0x6c,
    0x99, 0x54, 0x0, 0x7c, 0x9d, 0x4a, 0x40, 0x2,
    0x5a, 0xd5, 0x0, 0xc0,

    /* U+F0156 "󰅖" */
    0x2b, 0x10, 0xf, 0xc3, 0x65, 0x29, 0x82, 0x1,
    0xe1, 0xc4, 0x9a, 0x22, 0x60, 0x80, 0x61, 0xc2,
    0x25, 0xe, 0x11, 0x30, 0x40, 0x3, 0x84, 0x4c,
    0x10, 0x1c, 0x22, 0x60, 0x8b, 0x8, 0x98, 0x20,
    0x10, 0xe1, 0x13, 0x30, 0x44, 0xc1, 0x0, 0xe1,
    0xc2, 0x2d, 0x82, 0x1, 0xff, 0xc8, 0x1c, 0x22,
    0xd8, 0x20, 0x1c, 0x38, 0x44, 0xcc, 0x11, 0x30,
    0x40, 0x21, 0xc2, 0x26, 0x8, 0xb0, 0x89, 0x82,
    0x3, 0x84, 0x4c, 0x10, 0x0, 0xe1, 0x13, 0x6,
    0x88, 0x98, 0x20, 0x18, 0x70, 0x89, 0x52, 0x98,
    0x20, 0x1e, 0x1c, 0x49,

    /* U+F0159 "󰅙" */
    0x0, 0xf2, 0xd6, 0xff, 0xb6, 0x94, 0x3, 0xfc,
    0x9d, 0x4a, 0x40, 0x2, 0x5a, 0xd4, 0x0, 0xfa,
    0x2c, 0x40, 0x3f, 0x15, 0xc0, 0x7, 0x43, 0x80,
    0x7f, 0xf0, 0x1e, 0x0, 0x24, 0x70, 0xf, 0xfe,
    0x13, 0xa0, 0x2, 0x80, 0x23, 0xc1, 0x0, 0xc3,
    0x86, 0x1, 0x48, 0x28, 0x80, 0x5e, 0x78, 0x20,
    0x1, 0xc3, 0xf0, 0x8, 0x97, 0xc0, 0x36, 0x91,
    0x30, 0x45, 0x84, 0x4d, 0x0, 0xde, 0xe0, 0x18,
    0x70, 0x89, 0x98, 0x22, 0x60, 0x80, 0x67, 0x20,
    0xe, 0x1c, 0x22, 0xd8, 0x20, 0x1c, 0x40, 0x1f,
    0xfc, 0x82, 0x0, 0xe1, 0xc2, 0x2d, 0x82, 0x1,
    0xc4, 0xe0, 0x18, 0x70, 0x89, 0x98, 0x22, 0x60,
    0x80, 0x67, 0xf0, 0xd, 0xa4, 0x4c, 0x11, 0x61,
    0x13, 0x40, 0x37, 0xa8, 0x80, 0x5e, 0x78, 0x20,
    0x1, 0xc3, 0xf0, 0x8, 0x54, 0x28, 0x2, 0x3c,
    0x10, 0xc, 0x38, 0x60, 0x15, 0x0, 0x11, 0xc0,
    0x3f, 0xf8, 0x4e, 0x80, 0x14, 0x38, 0x7, 0xff,
    0x1, 0xe0, 0x3, 0xa2, 0xc4, 0x3, 0xf0, 0xdc,
    0x0, 0x7c, 0x9d, 0x4a, 0x40, 0x2, 0x5a, 0xe4,
    0x0, 0xc0,

    /* U+F0169 "󰅩" */
    0x0, 0x93, 0xbf, 0xc0, 0x1b, 0xfd, 0xc8, 0x1,
    0xea, 0x10, 0xf, 0xc3, 0x40, 0x1e, 0x10, 0xff,
    0x0, 0x6f, 0xf0, 0x8, 0x7, 0xff, 0xbc, 0x40,
    0x3f, 0xf8, 0x2, 0x1, 0xd, 0x0, 0x80, 0x7e,
    0x10, 0xa1, 0xf, 0xe4, 0x1a, 0x0, 0xfd, 0x42,
    0x9d, 0xe0, 0x1f, 0xfc, 0x6f, 0xe4, 0x1a, 0x0,
    0xfd, 0x42, 0x9d, 0xe0, 0x34, 0x2, 0x1, 0xf8,
    0x42, 0x84, 0x2, 0x10, 0xf, 0xfe, 0x0, 0x80,
    0x7f, 0xfb, 0xc4, 0x3f, 0xc0, 0x1b, 0xfc, 0x2,
    0x1, 0xea, 0x10, 0xf, 0xc3, 0x40, 0x10,

    /* U+F0174 "󰅴" */
    0x0, 0xe7, 0x80, 0xf, 0x43, 0x80, 0x7f, 0x3c,
    0x39, 0x0, 0x62, 0x78, 0x70, 0xf, 0x9e, 0x2,
    0x88, 0x3, 0x15, 0x4, 0x38, 0x7, 0x3c, 0x5,
    0x28, 0x7, 0x96, 0x82, 0x1c, 0x2, 0x78, 0xa,
    0x50, 0xf, 0xcb, 0x41, 0xe, 0xf, 0x1, 0x6a,
    0x1, 0xfe, 0x5b, 0x8, 0x70, 0xf, 0xfe, 0x43,
    0xc0, 0x5a, 0x80, 0x7f, 0x96, 0xc2, 0x1c, 0x1e,
    0x2, 0x94, 0x3, 0xf2, 0xd0, 0x43, 0x80, 0x4f,
    0x1, 0x4a, 0x1, 0xe5, 0xa0, 0x87, 0x0, 0xe7,
    0x80, 0xa2, 0x0, 0xc5, 0x41, 0xe, 0x1, 0xf3,
    0xc3, 0x90, 0x6, 0x27, 0x87, 0x0, 0xc0,

    /* U+F018D "󰆍" */
    0x4e, 0xff, 0xff, 0xe2, 0x72, 0x50, 0x80, 0x7f,
    0xf1, 0x6, 0x44, 0x3, 0xff, 0x8c, 0x40, 0x1f,
    0xfc, 0xaf, 0xff, 0xfe, 0x20, 0x7, 0xff, 0x34,
    0x77, 0xf4, 0x40, 0x3f, 0xf8, 0x63, 0x84, 0x4c,
    0x10, 0xf, 0xfe, 0x18, 0xe1, 0x13, 0x4, 0x3,
    0xff, 0x86, 0x38, 0x44, 0xd0, 0xf, 0xfe, 0x38,
    0x80, 0x7f, 0xf0, 0xc7, 0x8, 0x98, 0x1, 0xff,
    0xc2, 0x1c, 0x22, 0x60, 0x87, 0xff, 0x0, 0x7c,
    0x38, 0x44, 0xc1, 0x0, 0xff, 0xe1, 0xe, 0xfe,
    0x88, 0x5, 0xff, 0xc0, 0x1f, 0xfc, 0xc1, 0xf,
    0xff, 0xfe, 0x20, 0x15, 0x8, 0x7, 0xff, 0x10,
    0x64,

    /* U+F018F "󰆏" */
    0x0, 0xff, 0xe3, 0xa7, 0x7f, 0xff, 0xf0, 0x0,
    0x3a, 0x84, 0x3, 0xff, 0x8a, 0x21, 0xff, 0xff,
    0xc0, 0x0, 0xff, 0xe8, 0x26, 0xff, 0xff, 0xda,
    0x80, 0x1a, 0x88, 0x3, 0xfe, 0x2a, 0x0, 0xc2,
    0x1f, 0xff, 0xf0, 0x8, 0x7, 0xff, 0xfc, 0x3,
    0xff, 0xfe, 0x1, 0xff, 0xc9, 0xff, 0x0, 0x7f,
    0xff, 0xc0, 0x21, 0xf, 0xff, 0xf8, 0x4, 0x3,
    0x50, 0x80, 0x7f, 0xc3, 0x40,

    /* U+F01A4 "󰆤" */
    0x0, 0xff, 0xeb, 0xff, 0x80, 0x3f, 0xfb, 0xe7,
    0x3a, 0x0, 0xd9, 0x30, 0xf, 0xfe, 0x10, 0xde,
    0x31, 0x0, 0x9, 0xb2, 0xc4, 0x3, 0xfe, 0x3f,
    0x41, 0x7c, 0xee, 0x63, 0x8a, 0x79, 0x80, 0x7f,
    0x16, 0x8a, 0x7c, 0x18, 0x88, 0xe3, 0xd0, 0x74,
    0x40, 0x3f, 0x70, 0xa5, 0x88, 0x7, 0x86, 0xd0,
    0x68, 0x3, 0xe3, 0x30, 0xd0, 0x0, 0xab, 0xb9,
    0x44, 0x0, 0xa1, 0x43, 0x0, 0xf5, 0x3, 0x8,
    0x16, 0x28, 0x89, 0x70, 0x80, 0x58, 0x28, 0x3,
    0xc8, 0x16, 0x0, 0x81, 0x0, 0xc3, 0x0, 0xb,
    0x4, 0x0, 0xdf, 0xe2, 0x2, 0x0, 0x20, 0x7,
    0x90, 0x0, 0x40, 0x5f, 0xe0, 0xf, 0xfe, 0x77,
    0xf8, 0x80, 0x80, 0x8, 0x1, 0xe4, 0x0, 0x10,
    0x17, 0xf8, 0x3, 0x20, 0x58, 0x2, 0x4, 0x3,
    0xc, 0x0, 0x2c, 0x10, 0x3, 0xd4, 0xc, 0x20,
    0x58, 0xa2, 0x25, 0xc2, 0x1, 0x60, 0xa0, 0xf,
    0x19, 0x86, 0x80, 0x5, 0x5d, 0xca, 0x20, 0x5,
    0xa, 0x18, 0x7, 0xdc, 0x29, 0x62, 0x1, 0xe1,
    0xb4, 0x1a, 0x0, 0xfc, 0x5a, 0x29, 0xf0, 0x62,
    0x23, 0x8f, 0x41, 0xd1, 0x0, 0xfe, 0x3c, 0x31,
    0x7c, 0xee, 0x63, 0x89, 0xe1, 0x80, 0x7f, 0xc5,
    0x98, 0x62, 0x0, 0x13, 0x66, 0x8, 0x3, 0xff,
    0x84, 0x73, 0xa0, 0xd, 0x93, 0x0, 0xff, 0xef,
    0xff, 0x80, 0x3f, 0xe0,

    /* U+F01A7 "󰆧" */
    0x0, 0xf9, 0x33, 0x8, 0x1, 0xff, 0xc1, 0x2b,
    0xb1, 0x9a, 0xec, 0x60, 0x1f, 0xc3, 0x3a, 0x81,
    0x10, 0x14, 0xca, 0x10, 0xf, 0x3f, 0x30, 0x37,
    0x3b, 0xbd, 0xc1, 0x7a, 0x0, 0x25, 0xe8, 0x4,
    0xd9, 0x10, 0x0, 0xc6, 0xa8, 0x3f, 0x28, 0x50,
    0x84, 0x59, 0x0, 0x78, 0xaa, 0x0, 0x68, 0x3,
    0x45, 0x10, 0x7, 0x8a, 0xa0, 0x3, 0xd0, 0xb,
    0xb2, 0x20, 0x1, 0x8d, 0x50, 0x80, 0xe, 0x7e,
    0x60, 0x6f, 0x77, 0x7b, 0x83, 0x73, 0x80, 0x78,
    0x67, 0x50, 0x62, 0x2, 0x9b, 0x22, 0x1, 0xfc,
    0x57, 0x60, 0x5, 0xd8, 0x80, 0x3f, 0xf8, 0x28,
    0x0, 0x40, 0xf, 0xff, 0x26, 0xa0, 0x7, 0xf8,
    0xf0, 0x2, 0xa1, 0x2b, 0xb1, 0x0, 0x78, 0xab,
    0xc, 0x68, 0x17, 0xa0, 0x13, 0x60, 0x3, 0x46,
    0xa8, 0x3f, 0x28, 0x4, 0xfc, 0xc0, 0xfc, 0x0,
    0xe7, 0x5, 0xe8, 0x0, 0xf0, 0xce, 0xa0, 0x80,
    0x5, 0x32, 0x84, 0x3, 0xf8, 0xae, 0xc6, 0x6b,
    0xb1, 0x80, 0x78,

    /* U+F01B4 "󰆴" */
    0x0, 0x8b, 0x7f, 0xf6, 0x90, 0x5, 0xff, 0x69,
    0x0, 0x62, 0xdf, 0xf8, 0x3, 0xff, 0x85, 0xff,
    0xff, 0xc2, 0xf, 0xff, 0xfe, 0x0, 0x7, 0xff,
    0xfc, 0x3, 0xff, 0xfe, 0x1, 0xe1, 0x0, 0xff,
    0x8, 0x2, 0x84, 0x3, 0xf0, 0xd0, 0x0,

    /* U+F01BC "󰆼" */
    0x0, 0xc9, 0x19, 0xdf, 0xee, 0xc8, 0x40, 0xf,
    0x26, 0xdb, 0x98, 0x80, 0x4, 0xde, 0xf5, 0x0,
    0x26, 0xb2, 0x0, 0xff, 0x15, 0xb0, 0x2, 0x0,
    0x3f, 0xf8, 0x50, 0x1, 0xff, 0xc8, 0x80, 0xf,
    0xfe, 0x14, 0x0, 0x1e, 0x84, 0x3, 0xfc, 0x36,
    0xe0, 0x8, 0x5e, 0xb6, 0x31, 0x0, 0x9, 0xb5,
    0xf2, 0x40, 0x1, 0xac, 0x92, 0x73, 0xbf, 0xdd,
    0x92, 0x85, 0x6c, 0x0, 0x14, 0xdb, 0x73, 0x10,
    0x0, 0x9b, 0xde, 0xa0, 0x80, 0x20, 0x0, 0x91,
    0x9d, 0xfe, 0xec, 0x84, 0x0, 0x40, 0x1, 0xec,
    0x80, 0x3f, 0xc5, 0x6e, 0x0, 0x84, 0xdb, 0x73,
    0x10, 0x0, 0x9b, 0xde, 0xa4, 0x0, 0x1a, 0xc9,
    0x23, 0x3b, 0xfd, 0xd9, 0x8, 0x56, 0xc0, 0x1,
    0x4d, 0xb6, 0x31, 0x0, 0x9, 0xb5, 0xea, 0x8,
    0x2, 0x0, 0x9, 0x39, 0xdf, 0xee, 0xc9, 0x40,
    0x4, 0x0, 0x1a, 0xc8, 0x3, 0xfc, 0x56, 0xc0,
    0x12, 0x6d, 0xb1, 0x88, 0x0, 0x4d, 0xaf, 0x50,
    0x0,

    /* U+F01BE "󰆾" */
    0x0, 0xff, 0xea, 0x5d, 0x80, 0x3f, 0xf8, 0xf6,
    0x88, 0xb0, 0xf, 0xfe, 0x2d, 0xa0, 0x1, 0x2c,
    0x3, 0xff, 0x87, 0x68, 0x1, 0x92, 0xc0, 0x3f,
    0xf8, 0x57, 0xfe, 0x0, 0x7f, 0xac, 0x3, 0xff,
    0xab, 0x60, 0x1f, 0xfc, 0xb, 0x0, 0xfa, 0xd0,
    0x3, 0xff, 0x80, 0x96, 0x1, 0xd6, 0x80, 0x1f,
    0xfc, 0x24, 0xb0, 0xa, 0xd0, 0x1, 0xff, 0xc0,
    0xf, 0xfe, 0x0, 0x25, 0x80, 0x7f, 0xf3, 0x2d,
    0x0, 0x1f, 0xfc, 0x0, 0xff, 0xe0, 0x2, 0x58,
    0x5, 0x68, 0x1, 0xff, 0xc2, 0x4b, 0x0, 0xeb,
    0x40, 0xf, 0xfe, 0x2, 0x58, 0x7, 0xd6, 0x1,
    0xff, 0xc0, 0xb0, 0xf, 0xfe, 0xad, 0xff, 0x80,
    0x1f, 0xeb, 0x0, 0xff, 0xe1, 0x5a, 0x0, 0x64,
    0xb0, 0xf, 0xfe, 0x1d, 0xa0, 0x1, 0x2c, 0x3,
    0xff, 0x8b, 0x68, 0x8b, 0x0, 0xff, 0xe3, 0xdd,
    0x80, 0x3f, 0xc0,

    /* U+F01D9 "󰇙" */
    0x0, 0xf9, 0x3b, 0x88, 0x0, 0xa1, 0x15, 0x0,
    0x7e, 0xb1, 0x15, 0x0, 0x17, 0xb8, 0x80, 0x1f,
    0x93, 0xb8, 0x80, 0xa, 0x11, 0x50, 0x7, 0xeb,
    0x11, 0x50, 0x1, 0x7b, 0x88, 0x1, 0xf9, 0x3b,
    0x88, 0x0, 0xa1, 0x15, 0x0, 0x7e, 0xb1, 0x15,
    0x0, 0x17, 0xb8, 0x80,

    /* U+F01DA "󰇚" */
    0x0, 0xdf, 0xfe, 0x0, 0xff, 0xff, 0x3f, 0xfc,
    0x1, 0xef, 0xf9, 0xdd, 0x0, 0x1f, 0xe8, 0x70,
    0x78, 0x0, 0xfd, 0xe, 0x1, 0x3c, 0x0, 0x7a,
    0x1c, 0x3, 0x9e, 0x0, 0x34, 0x38, 0x7, 0xcf,
    0x0, 0x8, 0x70, 0xf, 0xe7, 0x88, 0x38, 0x7,
    0xfc, 0xee, 0x0, 0xff, 0xe4, 0x7f, 0xff, 0xf0,
    0x80, 0x3f, 0xf8, 0x5f, 0xff, 0xfc, 0x20,

    /* U+F01EA "󰇪" */
    0x0, 0xf2, 0xa8, 0x3, 0xfe, 0x1b, 0xb0, 0x80,
    0x7f, 0xac, 0x45, 0x60, 0x1f, 0xca, 0xa0, 0x2,
    0xa8, 0x3, 0xe1, 0xb0, 0xd, 0x62, 0x1, 0xeb,
    0x10, 0xc, 0x36, 0x1, 0xca, 0xa0, 0xf, 0x2a,
    0x80, 0x21, 0xb0, 0xf, 0xd6, 0x20, 0xb, 0x10,
    0xf, 0xc3, 0x60, 0xaa, 0x0, 0xff, 0x2a, 0xdf,
    0xff, 0xfc, 0x5, 0x0, 0xff, 0xe1, 0x7f, 0xff,
    0xf0, 0x80, 0x3f, 0xf8, 0x40,

    /* U+F01FA "󰇺" */
    0x0, 0xff, 0xe9, 0xff, 0xfe, 0x0, 0xff, 0xee,
    0x7f, 0xc0, 0xf, 0xf8, 0x3, 0xff, 0xb6, 0xff,
    0xf0, 0x3, 0xff, 0xc0, 0x1f, 0xf4, 0x40, 0x3,
    0xff, 0x83, 0xff, 0x0, 0x3f, 0xc0, 0x7, 0x0,
    0xff, 0xf8, 0x7f, 0x80, 0x3e, 0xff, 0x0, 0x7f,
    0xf8, 0xbf, 0xc0, 0x1f, 0xfd, 0x9f, 0xf0, 0x7,
    0xff, 0x47, 0xfc, 0x0, 0xff, 0xa0, 0x3, 0xff,
    0x96, 0xee, 0x0, 0xff, 0x7f, 0xc0, 0x1f, 0xe8,
    0xff, 0xfc, 0x1, 0xe0,

    /* U+F0200 "󰈀" */
    0x2c, 0xff, 0xff, 0xe2, 0x61, 0x71, 0x80, 0x7f,
    0xf1, 0xf, 0x8c, 0x3, 0xff, 0x8c, 0x60, 0x1f,
    0x7f, 0xf8, 0x3, 0xff, 0xcd, 0xff, 0x80, 0x3d,
    0xff, 0x80, 0x3f, 0xff, 0xe0, 0x1f, 0xfd, 0x5f,
    0xf0, 0x3, 0xfc, 0x0, 0xff, 0x0, 0x7f, 0xf9,
    0x3f, 0xc0, 0xf, 0xf0, 0x3, 0xfc, 0x0, 0xff,
    0x0, 0x7f, 0xf2, 0xcc, 0x3, 0xff, 0x8c, 0x7c,
    0x60, 0x1f, 0xfc, 0x43, 0xe0,

    /* U+F0208 "󰈈" */
    0x0, 0xfe, 0x36, 0x77, 0x31, 0x80, 0x7f, 0xf0,
    0xca, 0x7f, 0x26, 0x21, 0x39, 0xf2, 0x40, 0x1f,
    0xf4, 0x6b, 0x0, 0x7e, 0x6d, 0x80, 0xf, 0xc3,
    0x8e, 0x1, 0x25, 0xff, 0xad, 0x0, 0x27, 0xb1,
    0x0, 0xf6, 0x98, 0x5, 0x16, 0x80, 0x4, 0xb8,
    0x0, 0x93, 0x40, 0x3a, 0x8c, 0x2, 0x47, 0x8,
    0xee, 0x40, 0x3a, 0x0, 0x47, 0x40, 0x12, 0x28,
    0x6, 0x80, 0x87, 0x11, 0x3c, 0x7, 0x80, 0x65,
    0x40, 0x4, 0x0, 0x71, 0x83, 0x0, 0x66, 0x4,
    0x0, 0xe8, 0x0, 0xff, 0xe7, 0x40, 0x7, 0x18,
    0x30, 0x6, 0x60, 0x40, 0xe, 0x80, 0x2, 0x28,
    0x6, 0x80, 0x87, 0x11, 0x3c, 0x7, 0x80, 0x65,
    0x40, 0xa, 0x8c, 0x2, 0x47, 0x8, 0xee, 0x40,
    0x3a, 0x0, 0x47, 0x40, 0x1d, 0xa6, 0x1, 0x45,
    0x98, 0x0, 0xee, 0x0, 0x23, 0xd0, 0xf, 0xe,
    0x38, 0x4, 0x99, 0xfe, 0xc4, 0x0, 0x9f, 0x4,
    0x3, 0xf4, 0x6b, 0x0, 0x7e, 0x6d, 0x80, 0xf,
    0xf8, 0xa7, 0xf2, 0x62, 0x13, 0x9f, 0x24, 0x1,
    0xe0,

    /* U+F0209 "󰈉" */
    0x0, 0x25, 0x80, 0x7f, 0xf2, 0xb9, 0x2c, 0x3,
    0x1a, 0xbb, 0x98, 0xc0, 0x3f, 0xea, 0x44, 0x58,
    0x2, 0x72, 0xa2, 0x13, 0x9f, 0x24, 0x1, 0xfd,
    0x68, 0x8b, 0x9, 0x50, 0xf, 0x36, 0xc0, 0x7,
    0xe1, 0x70, 0x4b, 0xa, 0xcf, 0xf5, 0xa0, 0x4,
    0xf6, 0x20, 0x1e, 0xd3, 0x0, 0x25, 0x81, 0x80,
    0x12, 0xe0, 0x2, 0x4d, 0x0, 0xea, 0x30, 0xc,
    0x96, 0x0, 0x98, 0x7, 0x40, 0x8, 0xe8, 0x2,
    0x45, 0x0, 0xd6, 0x88, 0xb0, 0x92, 0x80, 0xf0,
    0xc, 0xa8, 0x0, 0x80, 0xe, 0x4b, 0x4, 0xb0,
    0xa0, 0x2, 0x0, 0x74, 0x0, 0x7f, 0x84, 0x12,
    0xc2, 0x0, 0x3f, 0xd0, 0x1, 0xc6, 0xc, 0x0,
    0x4b, 0x0, 0x18, 0x7, 0x40, 0x1, 0x14, 0x3,
    0x40, 0x43, 0x88, 0x25, 0x81, 0xa8, 0x4, 0xa8,
    0x1, 0x51, 0x80, 0x48, 0xe1, 0x1d, 0xe8, 0x8b,
    0xa, 0x50, 0x3a, 0x0, 0xed, 0x30, 0xa, 0x2c,
    0xc0, 0x1e, 0x9, 0x61, 0x51, 0x80, 0x1e, 0x1c,
    0x70, 0x9, 0x33, 0xfd, 0x60, 0x4, 0xb0, 0x70,
    0xf, 0xe8, 0xd6, 0x0, 0xf8, 0x49, 0x2c, 0x3,
    0xfe, 0x29, 0xfc, 0x98, 0x85, 0x67, 0x6a, 0x22,
    0xc0, 0x3f, 0xf8, 0x26, 0xce, 0xe5, 0x30, 0x5,
    0xa2, 0x2c, 0x3, 0xff, 0x93, 0x6b, 0xe0, 0x10,

    /* U+F0210 "󰈐" */
    0x0, 0xfc, 0xdb, 0xfd, 0x44, 0x1, 0xff, 0xc2,
    0x49, 0x20, 0x15, 0xc0, 0xf, 0xfe, 0x17, 0x80,
    0x70, 0x98, 0x7, 0xff, 0x5, 0x40, 0x38, 0x4c,
    0x3, 0xff, 0x82, 0x60, 0x18, 0x74, 0x3, 0xf8,
    0xc0, 0x33, 0x0, 0x45, 0xc6, 0x1, 0xf1, 0x76,
    0x71, 0x80, 0x38, 0x2, 0x80, 0xf, 0xe8, 0x10,
    0x1e, 0x0, 0x28, 0x5, 0x80, 0xb5, 0xba, 0xb4,
    0x0, 0x20, 0x4, 0x5a, 0xb2, 0x1, 0x37, 0xd2,
    0x91, 0x12, 0xd8, 0x4, 0x3, 0x15, 0x30, 0x66,
    0x0, 0x3f, 0x40, 0x10, 0x7, 0xff, 0x18, 0x42,
    0xc0, 0x3f, 0x66, 0x1, 0xa8, 0x80, 0x30, 0x83,
    0x5a, 0x9, 0x25, 0x7b, 0x0, 0x52, 0xba, 0x40,
    0x12, 0x0, 0x12, 0xfb, 0x6d, 0x43, 0x0, 0x25,
    0x0, 0x78, 0x80, 0xc0, 0x7, 0xf4, 0x0, 0x5e,
    0x0, 0x2e, 0xce, 0x20, 0xf, 0x8f, 0x48, 0x2,
    0x70, 0xc, 0x60, 0x1f, 0xda, 0x40, 0x1f, 0xfc,
    0x63, 0x10, 0xe, 0x60, 0xf, 0xfe, 0x9, 0x88,
    0x7, 0x78, 0x7, 0xff, 0xb, 0x14, 0x40, 0xa5,
    0x0, 0x3f, 0x0,

    /* U+F022F "󰈯" */
    0x0, 0xff, 0xe5, 0xe7, 0xfe, 0xd0, 0xf, 0xfe,
    0x11, 0x80, 0x62, 0x0, 0xff, 0xa3, 0xfc, 0x1,
    0xef, 0xf4, 0x0, 0x7e, 0x70, 0xf, 0xf3, 0x80,
    0x7f, 0xf2, 0x3f, 0xff, 0x0, 0x7f, 0xf4, 0x3f,
    0xc0, 0xf, 0xf0, 0x3, 0xfc, 0x1, 0xff, 0xd2,
    0xff, 0x0, 0x3f, 0xc0, 0xf, 0xf0, 0x7, 0xff,
    0xfc, 0x3, 0xff, 0xd7, 0xfe, 0x0, 0x7f, 0x80,
    0x1f, 0xe0, 0xf, 0xfe, 0x97, 0xf8, 0x1, 0xfe,
    0x0, 0x7f, 0x80, 0x3f, 0xfa, 0xdf, 0xff, 0x9c,
    0x3, 0xfc, 0xe0, 0x1f, 0x80,

    /* U+F0238 "󰈸" */
    0x0, 0xfc, 0xb2, 0x1, 0xff, 0xc1, 0xba, 0xe0,
    0xf, 0xfe, 0x5, 0xa0, 0x7, 0xff, 0x5, 0x50,
    0x1, 0xc0, 0x1f, 0xf4, 0x0, 0x4e, 0x1, 0xfe,
    0x22, 0x0, 0x43, 0x40, 0x1f, 0x29, 0x20, 0x7,
    0x2d, 0x80, 0x70, 0xd9, 0x8, 0x7, 0x93, 0x48,
    0x2, 0x61, 0x11, 0x0, 0x4c, 0x1, 0x17, 0x80,
    0x56, 0x8, 0xe0, 0x16, 0xc8, 0x4, 0x4c, 0x0,
    0x20, 0x82, 0x10, 0x1, 0x35, 0x0, 0x54, 0x0,
    0x10, 0x2f, 0x10, 0x7, 0x82, 0x98, 0x0, 0xc0,
    0x4, 0x1, 0xee, 0x0, 0x28, 0x7, 0x28, 0x7,
    0x1b, 0x80, 0x10, 0x0, 0x80, 0xa, 0x0, 0xc5,
    0xa0, 0x9, 0x20, 0x7, 0x0, 0xa, 0x40, 0x22,
    0xec, 0xe6, 0x0, 0x2a, 0x80, 0x26, 0xa0, 0xc,
    0x62, 0x0, 0x5a, 0x0, 0xe5, 0xe7, 0x31, 0x2,
    0x5b, 0xa0, 0xf, 0x86, 0x33, 0xbf, 0x69, 0x0,
    0x30,

    /* U+F0241 "󰉁" */
    0xf, 0xff, 0xec, 0x0, 0xff, 0xa0, 0x3, 0xfc,
    0x68, 0x1, 0xfe, 0x80, 0xf, 0xf2, 0x20, 0x3,
    0xfd, 0x0, 0x1f, 0xe4, 0x30, 0xf, 0xf4, 0x0,
    0x7f, 0xd9, 0xfe, 0xb0, 0xf, 0xfa, 0x40, 0x3f,
    0xce, 0x40, 0xf, 0xf8, 0x3, 0xc, 0x0, 0x7f,
    0xac, 0x3, 0xfc, 0x6a, 0x1, 0xfe, 0xf0, 0xf,
    0xf3, 0x18, 0x7, 0xfa, 0x0, 0x3f, 0xd2, 0x20,
    0x1f, 0xc4, 0xc0, 0x1f, 0xe9, 0x0, 0xf8,

    /* U+F024B "󰉋" */
    0x0, 0xff, 0xe4, 0x27, 0x7f, 0xf9, 0xc0, 0x3f,
    0xea, 0x10, 0xf, 0x43, 0x80, 0x7f, 0x84, 0x3,
    0xf4, 0x7f, 0xfe, 0xe4, 0x0, 0xff, 0xe3, 0xc,
    0x80, 0x7f, 0xf1, 0xc8, 0x3, 0xff, 0xfe, 0x1,
    0xff, 0xff, 0x0, 0xff, 0xe9, 0x8, 0x7, 0xff,
    0x18, 0x68, 0x40, 0x3f, 0xf8, 0x83, 0x49, 0xdf,
    0xff, 0xfc, 0x4e, 0x40,

    /* U+F0256 "󰉖" */
    0x0, 0xff, 0xe4, 0x27, 0x7f, 0xf9, 0xc0, 0x3f,
    0xea, 0x10, 0xf, 0x43, 0x80, 0x7f, 0x84, 0x3,
    0xf4, 0x7f, 0xfe, 0xe4, 0x0, 0xff, 0xe3, 0xc,
    0x80, 0x3f, 0xff, 0xf8, 0x80, 0x40, 0x1f, 0xff,
    0xf0, 0xf, 0xff, 0xf8, 0x7, 0xff, 0x48, 0x43,
    0xff, 0xff, 0x88, 0x3, 0x42, 0x1, 0xff, 0xc4,
    0x1a, 0x4e, 0xff, 0xff, 0xe2, 0x72, 0x0,

    /* U+F0259 "󰉙" */
    0x0, 0xff, 0xe4, 0x27, 0x7f, 0xfa, 0x0, 0x3f,
    0xea, 0x10, 0xf, 0x3c, 0x0, 0x7f, 0x84, 0x3,
    0xf3, 0xff, 0xfe, 0xe4, 0x0, 0xff, 0xe3, 0xc,
    0x80, 0x7f, 0xf1, 0xc8, 0x3, 0xff, 0x81, 0x76,
    0x0, 0xff, 0xe2, 0xda, 0x22, 0xc0, 0x3f, 0xf8,
    0x76, 0x80, 0x4, 0xb0, 0xf, 0xfe, 0xd, 0xa0,
    0x6, 0x4b, 0x0, 0xff, 0xe0, 0x5f, 0xf8, 0x1,
    0xfe, 0xb0, 0xf, 0xff, 0xff, 0xf8, 0x3, 0xc2,
    0x1, 0xff, 0xc6, 0x1a, 0x10, 0xf, 0xfe, 0x20,
    0xd2, 0x77, 0xff, 0xff, 0x13, 0x90,

    /* U+F0279 "󰉹" */
    0x6, 0x40, 0xf, 0xfe, 0x24, 0xca, 0xc8, 0x7f,
    0xff, 0xf8, 0x3c, 0x1, 0xff, 0xc7, 0x99, 0x59,
    0xf, 0xff, 0xff, 0x7, 0x81, 0x90, 0x3, 0xff,
    0xb0, 0xc8, 0x1, 0xff, 0xc4, 0x99, 0x59, 0xf,
    0xff, 0xff, 0x7, 0x80, 0x3f, 0xf8, 0xf3, 0x2b,
    0x21, 0xff, 0xff, 0xe0, 0xf0, 0x32, 0x0, 0x7f,
    0xf6, 0x19, 0x0, 0x3f, 0xf8, 0x93, 0x2b, 0x21,
    0xff, 0xff, 0xe0, 0xf0, 0x7, 0xff, 0x1e, 0x65,
    0x64, 0x3f, 0xff, 0xfc, 0x1e,

    /* U+F02C2 "󰋂" */
    0x3, 0x0, 0xff, 0xe4, 0xd6, 0x20, 0x1f, 0x7f,
    0xff, 0xf0, 0xb5, 0x3, 0x82, 0xd0, 0xf4, 0x40,
    0x3f, 0xf8, 0x25, 0x20, 0x96, 0x16, 0x87, 0xde,
    0x0, 0xff, 0xc0, 0xf, 0xfc, 0x4, 0x0, 0x40,
    0x5, 0xa0, 0x0, 0x40, 0x3f, 0xf8, 0xf6, 0x81,
    0xa2, 0x1, 0xff, 0xc5, 0xb0, 0xb4, 0x3d, 0x0,
    0xff, 0xe2, 0xd8, 0x2, 0xd0, 0xcd, 0xdf, 0xe0,
    0x7, 0xfe, 0x0, 0xff, 0xad, 0xf, 0x44, 0x3,
    0xff, 0x85, 0xff, 0x58, 0x5a, 0x1f, 0x78, 0x3,
    0xff, 0x0, 0x7f, 0x90, 0x1, 0x68, 0x0, 0x10,
    0xf, 0xfe, 0x3d, 0xa0, 0x68, 0x80, 0x7f, 0xf1,
    0x6c, 0x2d, 0xf, 0x40, 0x3f, 0xef, 0xfc, 0x0,
    0xb0, 0x5, 0xa1, 0x9b, 0xbf, 0xc0, 0x1f, 0xfc,
    0x5b, 0x43, 0xd1, 0x0, 0xfd, 0xff, 0x80, 0x1f,
    0xf5, 0x85, 0xa1, 0xf7, 0x80, 0x7f, 0xf1, 0x10,
    0x1, 0x68, 0x1, 0xff, 0xca, 0xb4, 0xc, 0x0,
    0xff, 0xe3, 0x58, 0x5a, 0x1e, 0x0, 0x42, 0x1f,
    0xf8, 0x1, 0xff, 0x80, 0x16, 0x0, 0xb4, 0x30,
    0xa, 0x84, 0x3, 0xff, 0x89, 0x68, 0x1, 0x27,
    0x7f, 0xff, 0xf0, 0xec, 0x2c, 0xc0, 0x3f, 0xf8,
    0xe9, 0x6a, 0x60,

    /* U+F02D7 "󰋗" */
    0x0, 0xf2, 0xd6, 0xf7, 0xed, 0x28, 0x7, 0xf9,
    0x76, 0x94, 0x84, 0x9, 0x6b, 0x50, 0x3, 0xe8,
    0xa2, 0x0, 0xfc, 0x57, 0x0, 0x1d, 0xe, 0x1,
    0x15, 0x77, 0x28, 0x80, 0x27, 0x80, 0x9, 0x5c,
    0x2, 0x2c, 0x51, 0x12, 0xe1, 0x0, 0x4e, 0x80,
    0x8, 0x0, 0xd0, 0x29, 0xdc, 0x41, 0x80, 0xd,
    0x20, 0xa4, 0x1, 0x90, 0x28, 0x45, 0x40, 0x80,
    0x18, 0x97, 0xc0, 0x3b, 0xbc, 0x40, 0x3f, 0xde,
    0xe0, 0x1f, 0xea, 0x6, 0x0, 0xe7, 0x30, 0xf,
    0xea, 0x43, 0x80, 0xe, 0x21, 0x0, 0xfc, 0xca,
    0x58, 0x1, 0xe1, 0x20, 0xf, 0xd6, 0x12, 0x1,
    0xf1, 0xb8, 0x7, 0xe2, 0x4, 0x0, 0xf9, 0xfc,
    0x3, 0xf7, 0xf8, 0x3, 0xf7, 0xa9, 0x0, 0x7f,
    0xf1, 0x9, 0x42, 0x0, 0x3e, 0xff, 0x0, 0x7d,
    0x0, 0x5, 0x70, 0xf, 0xfe, 0x13, 0xa8, 0x5,
    0xe, 0x1, 0xdf, 0xe0, 0xe, 0x78, 0x0, 0xe8,
    0xa2, 0x0, 0xfc, 0x55, 0x0, 0x1f, 0x2e, 0xd2,
    0x90, 0x9, 0x2d, 0x6a, 0x80, 0x60,

    /* U+F02DC "󰋜" */
    0x0, 0xfe, 0x88, 0x0, 0x7f, 0xf1, 0x69, 0xdd,
    0x40, 0x1f, 0xfc, 0x3b, 0x50, 0x2, 0xd8, 0x7,
    0xff, 0x0, 0x71, 0x0, 0x32, 0x60, 0x80, 0x7f,
    0x16, 0x18, 0x7, 0x8f, 0x8, 0x3, 0xe3, 0xc2,
    0x0, 0xfc, 0x58, 0x60, 0x1c, 0x98, 0x20, 0x1f,
    0xe1, 0xc4, 0x0, 0x96, 0xc0, 0x3f, 0xf8, 0x56,
    0xa0, 0xd4, 0x1, 0xff, 0xc4, 0xa6, 0x67, 0xf8,
    0x3, 0xff, 0x85, 0xfe, 0x60, 0xf, 0xfe, 0x87,
    0xfe, 0x0, 0xff, 0xff, 0x80, 0x7f, 0xf6, 0x3f,
    0xf8, 0x3, 0x7f, 0xf0, 0x4,

    /* U+F02E3 "󰋣" */
    0xf, 0xf0, 0x7, 0xff, 0x9a, 0x3b, 0x90, 0x0,
    0xff, 0xfe, 0xb2, 0x0, 0xf4, 0x38, 0x89, 0xe0,
    0x3, 0xfc, 0x9a, 0x40, 0x1c, 0xc0, 0x19, 0x80,
    0x3f, 0xf8, 0x12, 0x1, 0xff, 0xcb, 0x40, 0xe,
    0x60, 0xc, 0xc0, 0x1f, 0xfc, 0x68, 0x71, 0x13,
    0xc0, 0x7, 0xff, 0x1e, 0x3b, 0x90, 0x1, 0xff,
    0xc6, 0xff, 0xfc, 0x1, 0xff, 0xf4, 0xff, 0xff,
    0xe3, 0x0, 0x7f, 0xfa, 0x3f, 0xc0, 0x1f, 0xfc,
    0x6f, 0xf0, 0x0,

    /* U+F02EB "󰋫" */
    0x4d, 0xff, 0xff, 0xe2, 0x6a, 0x51, 0x0, 0x7f,
    0xf1, 0xa, 0x44, 0x3, 0xff, 0x8c, 0x40, 0x1f,
    0xfe, 0x8a, 0x0, 0xff, 0xe0, 0x98, 0x6, 0xa5,
    0x90, 0xf, 0xf9, 0x31, 0x40, 0xe, 0xa0, 0xca,
    0x1, 0xfc, 0x54, 0x14, 0x66, 0x80, 0xa, 0x88,
    0x3, 0xf7, 0x8, 0x3, 0x74, 0x1, 0xde, 0x1,
    0xf4, 0x98, 0x4, 0x22, 0x0, 0xe2, 0x90, 0xf,
    0x4f, 0xff, 0xff, 0x2, 0x40, 0x21, 0x0, 0xff,
    0xe3, 0x15, 0x8, 0x7, 0xff, 0x10, 0x64,

    /* U+F02EE "󰋮" */
    0x4e, 0xff, 0xff, 0xe1, 0x72, 0x50, 0x80, 0x7f,
    0xf0, 0x86, 0x84, 0x3, 0xff, 0x88, 0x20, 0x1f,
    0xfd, 0xe1, 0x10, 0x7, 0x84, 0x40, 0x1, 0x0,
    0xc3, 0x98, 0x10, 0xc, 0x39, 0x81, 0xc, 0x10,
    0x0, 0xe1, 0x13, 0x4, 0x0, 0x38, 0x44, 0xc1,
    0x2c, 0x11, 0x61, 0x19, 0x13, 0x4, 0x58, 0x45,
    0xb0, 0x89, 0x98, 0x22, 0x6e, 0x11, 0x33, 0x48,
    0x99, 0x82, 0x26, 0x11, 0x6c, 0x11, 0x61, 0x10,
    0xcb, 0x4, 0x58, 0x43, 0x84, 0x4c, 0x10, 0x0,
    0xe1, 0x13, 0x4, 0x0, 0x38, 0x3, 0x98, 0x10,
    0xc, 0x39, 0x81, 0x0, 0xc2, 0x0, 0x11, 0x0,
    0x78, 0x44, 0x1, 0xff, 0xde, 0x10, 0xf, 0xfe,
    0x20, 0xd0, 0x80, 0x7f, 0xf0, 0x86, 0x80,

    /* U+F02FC "󰋼" */
    0x0, 0xf2, 0xd6, 0xf7, 0x36, 0x94, 0x3, 0xfc,
    0xbb, 0x4a, 0x42, 0x22, 0x5a, 0xd5, 0x0, 0xfa,
    0x28, 0x80, 0x3f, 0x15, 0x40, 0x7, 0x43, 0x80,
    0x7f, 0xf0, 0x1e, 0x0, 0x25, 0x70, 0xf, 0xfe,
    0x13, 0xa8, 0x2, 0x0, 0x3e, 0xff, 0x0, 0x7d,
    0x0, 0xa4, 0x1, 0xff, 0xc4, 0x25, 0xf0, 0xf,
    0xdf, 0xe0, 0xf, 0xde, 0xe0, 0x1f, 0xfc, 0x67,
    0x30, 0xf, 0xdf, 0xe0, 0xf, 0xc6, 0x20, 0x1f,
    0xfc, 0x72, 0x0, 0xff, 0xe3, 0x1b, 0x80, 0x7f,
    0xf1, 0x9f, 0xc0, 0x3f, 0xf8, 0xde, 0xa4, 0x1,
    0xff, 0xc4, 0x25, 0x8, 0x0, 0xfb, 0xfc, 0x1,
    0xf4, 0x0, 0x15, 0xc0, 0x3f, 0xf8, 0x4e, 0xa0,
    0x14, 0x38, 0x7, 0xff, 0x1, 0xe0, 0x3, 0xa2,
    0x88, 0x3, 0xf1, 0x54, 0x0, 0x7c, 0xbb, 0x4a,
    0x40, 0x24, 0xb5, 0xaa, 0x1, 0x80,

    /* U+F02FD "󰋽" */
    0x0, 0xf2, 0xd6, 0xf7, 0x36, 0x94, 0x3, 0xfc,
    0xbb, 0x4a, 0x42, 0x22, 0x5a, 0xd5, 0x0, 0xfa,
    0x28, 0x8e, 0x77, 0xfd, 0xb2, 0x65, 0x50, 0x1,
    0xd0, 0xe1, 0x38, 0xc4, 0x0, 0x26, 0xc8, 0x7,
    0x80, 0x9, 0x5c, 0x2d, 0x80, 0x3f, 0x3d, 0x83,
    0xa8, 0x2, 0x2, 0x10, 0x3, 0x7f, 0x80, 0x32,
    0x40, 0x40, 0x29, 0x1b, 0x80, 0x7f, 0xf0, 0x1c,
    0xc9, 0x7c, 0x28, 0x3, 0xdf, 0xe0, 0xf, 0x50,
    0x7b, 0x82, 0x0, 0x7f, 0xf0, 0x90, 0x1c, 0xc0,
    0x80, 0x3d, 0xfe, 0x0, 0xf1, 0x1, 0x88, 0x7,
    0xff, 0x1c, 0x80, 0x80, 0x3f, 0xf8, 0x44, 0x6,
    0xe0, 0x80, 0x1f, 0xfc, 0x24, 0x7, 0xf0, 0xa0,
    0xf, 0xfe, 0x15, 0x7, 0xa9, 0x1b, 0x0, 0x7f,
    0xf0, 0x18, 0xc9, 0x42, 0x2, 0x50, 0x3, 0x7f,
    0x80, 0x32, 0x48, 0x40, 0x1, 0x5c, 0x2d, 0x80,
    0x3f, 0x3d, 0x83, 0xa8, 0x5, 0xe, 0x13, 0x8c,
    0x40, 0x2, 0x6c, 0x80, 0x78, 0x0, 0xe8, 0xa2,
    0x39, 0xdf, 0xf6, 0xc9, 0x95, 0x40, 0x7, 0xcb,
    0xb4, 0xa4, 0x2, 0x4b, 0x5a, 0xa0, 0x18,

    /* U+F030C "󰌌" */
    0x4d, 0xff, 0xff, 0xe2, 0x6a, 0x51, 0x0, 0x7f,
    0xf1, 0xa, 0x44, 0x3, 0xff, 0x8c, 0x40, 0x17,
    0xf8, 0x3f, 0xc1, 0xfe, 0xf, 0xf0, 0x7f, 0x80,
    0x3f, 0xf9, 0xdf, 0xe0, 0xff, 0x7, 0xf8, 0x3f,
    0xc1, 0xfe, 0x0, 0xf7, 0xf8, 0x3f, 0xc1, 0xfe,
    0xf, 0xf0, 0x7f, 0x80, 0x3f, 0xf9, 0xdf, 0xe0,
    0xff, 0x7, 0xf8, 0x3f, 0xc1, 0xfe, 0x0, 0xff,
    0xe8, 0xff, 0xfe, 0x0, 0xff, 0xe7, 0x8, 0x7,
    0x7f, 0xfe, 0x0, 0xe2, 0xa1, 0x0, 0xff, 0xe2,
    0xc, 0x80,

    /* U+F030F "󰌏" */
    0x4e, 0xff, 0xff, 0xe2, 0x72, 0x50, 0x80, 0x7f,
    0xf1, 0x6, 0x44, 0x3, 0xff, 0x8c, 0x40, 0x17,
    0xf8, 0x3f, 0xc1, 0xfe, 0xf, 0xf0, 0x7f, 0x80,
    0x3f, 0xf9, 0xdf, 0xe0, 0xff, 0x7, 0xf8, 0x3f,
    0xc1, 0xfe, 0x0, 0xf7, 0xf8, 0x3f, 0xc1, 0xfe,
    0xf, 0xf0, 0x7f, 0x80, 0x3f, 0xf9, 0xdf, 0xe0,
    0xff, 0x7, 0xf8, 0x3f, 0xc1, 0xfe, 0x0, 0xff,
    0xe8, 0xff, 0xfe, 0x0, 0xff, 0xe7, 0x8, 0x7,
    0x7f, 0xfe, 0x0, 0xe1, 0xa1, 0x0, 0xff, 0xe2,
    0xd, 0x27, 0x7f, 0xff, 0xf1, 0x39, 0x0, 0x3f,
    0xf9, 0xcf, 0xff, 0xe7, 0x0, 0xff, 0xe0, 0x3c,
    0x0, 0x68, 0x70, 0xf, 0xfe, 0xb, 0xc0, 0x2,
    0x1c, 0x3, 0xff, 0x86, 0xef, 0x80, 0x3f, 0xf8,
    0xb1, 0x0, 0xf, 0xe0,

    /* U+F0311 "󰌑" */
    0x0, 0xe7, 0x80, 0xf, 0xfe, 0x23, 0xc3, 0x90,
    0x7, 0xf7, 0xf8, 0x2, 0x78, 0xa, 0x20, 0xf,
    0xfe, 0xb, 0xc0, 0x52, 0x80, 0x7f, 0xf0, 0x5e,
    0x2, 0x94, 0x3, 0xff, 0x82, 0xf0, 0x0, 0xaf,
    0xff, 0xfe, 0x0, 0x7, 0xff, 0x25, 0xe0, 0x1,
    0x5f, 0xff, 0xfc, 0x20, 0x78, 0xa, 0x50, 0xf,
    0xfe, 0x1b, 0xc0, 0x52, 0x80, 0x7f, 0xf0, 0xde,
    0x2, 0x88, 0x3, 0xff, 0x86, 0xf0, 0xe4, 0x1,
    0xff, 0x0,

    /* U+F0317 "󰌗" */
    0x0, 0xf2, 0x6f, 0xfe, 0xd4, 0x0, 0xff, 0xe0,
    0x51, 0x0, 0x62, 0x90, 0xf, 0xfe, 0x0, 0x87,
    0xfe, 0x2, 0x0, 0xff, 0xf4, 0x8, 0x7f, 0xe0,
    0x20, 0xf, 0xfe, 0x5, 0x8, 0x6, 0x19, 0x0,
    0xff, 0xe0, 0x27, 0x78, 0x3, 0xf9, 0x0, 0x3f,
    0xf9, 0xdf, 0xff, 0xc0, 0xf, 0xff, 0xe0, 0xf,
    0xfe, 0x47, 0xfe, 0x0, 0x7f, 0xfe, 0x0, 0x7f,
    0xe0, 0xf, 0xfe, 0x4a, 0x77, 0x80, 0x3f, 0x90,
    0x0, 0x9d, 0xe0, 0xf, 0xe4, 0x0, 0x50, 0x80,
    0x61, 0xa0, 0x5, 0x8, 0x6, 0x1a, 0x0, 0x8,
    0x7f, 0xe0, 0x10, 0x0, 0x87, 0xfe, 0x1, 0x0,
    0xff, 0xef, 0x8, 0x7f, 0xe0, 0x10, 0x0, 0x87,
    0xfe, 0x1, 0x0, 0x50, 0x80, 0x61, 0xa0, 0x5,
    0x8, 0x6, 0x1a, 0x0,

    /* U+F0328 "󰌨" */
    0x0, 0xfd, 0x32, 0x0, 0xff, 0xe1, 0xe, 0x33,
    0x30, 0x40, 0x3f, 0xe4, 0xf3, 0x0, 0x1f, 0xa0,
    0x7, 0xf3, 0xd8, 0x80, 0x61, 0xb7, 0x0, 0xf0,
    0xdc, 0x0, 0x7e, 0x8b, 0x10, 0x8, 0xf1, 0x0,
    0x3f, 0xc9, 0x86, 0xd, 0x84, 0x1, 0xff, 0xc0,
    0x2c, 0x60, 0xf, 0xfe, 0x33, 0x61, 0x0, 0x7f,
    0xf0, 0xb, 0x18, 0xf, 0x10, 0x3, 0xfc, 0x98,
    0x60, 0x10, 0xdc, 0x0, 0x7e, 0x8b, 0x10, 0x2,
    0xfc, 0x3, 0xd8, 0x80, 0x61, 0xb7, 0x8, 0xf5,
    0x20, 0x7b, 0x14, 0xf3, 0x0, 0x1f, 0xa0, 0xdb,
    0x81, 0x3e, 0xa, 0x79, 0x8e, 0x33, 0x30, 0x4f,
    0xd0, 0x71, 0xc0, 0xfc, 0xc7, 0x18, 0x26, 0x40,
    0xd8, 0x27, 0xe6, 0x1, 0xe, 0x38, 0x4c, 0x80,
    0x13, 0x20, 0x7c, 0x10, 0xf, 0x45, 0x3, 0x66,
    0x18, 0x2a, 0x0, 0x3f, 0x97, 0x48, 0xcc, 0x5a,
    0xa0, 0x1f, 0xf1, 0x6a, 0xab, 0x48, 0x3, 0xff,
    0x85, 0x54, 0x0, 0xfc,

    /* U+F032A "󰌪" */
    0x0, 0xff, 0xe3, 0xb0, 0x7, 0xff, 0xc, 0x52,
    0x3b, 0x0, 0x3f, 0x89, 0x5e, 0x73, 0xb9, 0x6e,
    0x38, 0x1, 0xc9, 0x3b, 0xfb, 0x50, 0xc6, 0x20,
    0x19, 0xc0, 0x23, 0xdb, 0x62, 0x0, 0xff, 0x18,
    0x80, 0x1b, 0x8, 0x3, 0x89, 0xd9, 0x4, 0x2,
    0xa0, 0x2, 0xc8, 0x7, 0x2e, 0x42, 0xb2, 0x8,
    0x4, 0xc0, 0x36, 0x1, 0x8b, 0x23, 0xe8, 0x80,
    0x39, 0xc0, 0xc, 0x20, 0x12, 0xeb, 0xe9, 0x80,
    0x7d, 0x40, 0xa, 0x0, 0x96, 0x92, 0xc0, 0x3f,
    0x31, 0x0, 0x8, 0x0, 0x74, 0x56, 0x1, 0xf8,
    0x60, 0x2, 0x20, 0x7, 0x7, 0x0, 0x7f, 0x58,
    0x80, 0x54, 0xe, 0x50, 0x60, 0x1f, 0x9d, 0x40,
    0x33, 0x9c, 0x8b, 0x80, 0x7e, 0x58, 0x0, 0xf6,
    0xc, 0x0, 0x7e, 0x6a, 0x0, 0xfc, 0x2c, 0x1,
    0xe2, 0xa9, 0x0, 0xfe, 0x60, 0x11, 0x0, 0xad,
    0x6a, 0x80, 0x7f, 0xa8, 0x2f, 0xbf, 0xa9, 0x40,
    0x3f, 0xf8, 0x8, 0x6a, 0x1, 0xff, 0xc3,

    /* U+F0335 "󰌵" */
    0x0, 0x85, 0xf3, 0xb9, 0x8e, 0x20, 0x1c, 0x9f,
    0x6, 0x22, 0x38, 0xf4, 0x0, 0x92, 0xc4, 0x3,
    0xc3, 0x68, 0x3, 0x40, 0x1f, 0xea, 0x16, 0x10,
    0xf, 0xf0, 0xb5, 0x80, 0x7f, 0xf0, 0x2c, 0x80,
    0x3f, 0xf8, 0x4, 0x1, 0xff, 0xc2, 0x20, 0xf,
    0xfe, 0x1, 0x58, 0x7, 0xff, 0x2, 0xd8, 0x40,
    0x3f, 0xc2, 0xc3, 0x60, 0x1f, 0xeb, 0x10, 0x5b,
    0x0, 0xfd, 0x6a, 0x1, 0x20, 0x7, 0xe4, 0x0,
    0xff, 0xe3, 0x98, 0x7, 0x8c, 0x3, 0xd9, 0xff,
    0xec, 0x0, 0xff, 0xe4, 0xff, 0xf8, 0x3, 0xf1,
    0x80, 0x63, 0x0, 0xc0,

    /* U+F0336 "󰌶" */
    0x0, 0x85, 0xf3, 0xb9, 0x8e, 0x20, 0x1c, 0x9f,
    0x6, 0x22, 0x38, 0xf4, 0x0, 0x92, 0xc5, 0x2f,
    0xfd, 0x68, 0x36, 0x80, 0x34, 0x11, 0x68, 0x0,
    0x4b, 0x80, 0xa1, 0x61, 0x47, 0x0, 0xf3, 0xa0,
    0xb5, 0x84, 0x0, 0x7e, 0xf0, 0xb2, 0x3, 0x0,
    0xfc, 0x80, 0x40, 0x1f, 0xfc, 0x22, 0x4, 0x0,
    0xfc, 0x80, 0x56, 0x1e, 0x1, 0xfb, 0xc2, 0xd8,
    0x52, 0x0, 0x3d, 0x8, 0x2c, 0x36, 0xf, 0x60,
    0x1a, 0xdc, 0x2c, 0x41, 0x6c, 0x10, 0x3, 0x20,
    0x5a, 0x80, 0x48, 0x1, 0xf9, 0x0, 0x3e, 0xff,
    0xc0, 0x1f, 0x8c, 0x3, 0xc6, 0x1, 0xec, 0xff,
    0xf6, 0x0, 0x7f, 0xf2, 0x7f, 0xfc, 0x1, 0xf8,
    0xc0, 0x31, 0x80, 0x60,

    /* U+F0339 "󰌹" */
    0x0, 0xff, 0xe0, 0x91, 0x80, 0x7f, 0xf1, 0x17,
    0x75, 0x9f, 0x42, 0x1, 0xff, 0xc0, 0x9a, 0x21,
    0x30, 0x5f, 0x10, 0xf, 0xf4, 0x30, 0x57, 0x67,
    0x18, 0xd8, 0x7, 0xf4, 0x38, 0x5a, 0x80, 0x7,
    0x41, 0x40, 0x3f, 0x43, 0x85, 0xa0, 0x6, 0x13,
    0x3, 0x0, 0xf3, 0x38, 0x5a, 0x0, 0x78, 0x80,
    0x40, 0x3d, 0x1, 0x28, 0x17, 0xc4, 0x0, 0x51,
    0x22, 0x0, 0x71, 0x89, 0x30, 0x0, 0x45, 0x20,
    0xa, 0x8, 0x0, 0xca, 0xe, 0x2, 0x1, 0x58,
    0x20, 0x81, 0x32, 0x80, 0x53, 0x0, 0xa0, 0x62,
    0x0, 0x13, 0x5, 0x8, 0x90, 0x9, 0x58, 0x80,
    0x50, 0x2c, 0x2, 0x10, 0x70, 0x50, 0xd, 0x1,
    0x40, 0x9, 0x11, 0x0, 0x18, 0x84, 0xc0, 0x38,
    0x88, 0x2a, 0x0, 0x2e, 0xb0, 0x49, 0x8, 0x0,
    0xf0, 0x81, 0x0, 0x79, 0x2c, 0x1d, 0x80, 0x3c,
    0x40, 0x62, 0x1, 0x92, 0xc1, 0xe0, 0x3, 0xe1,
    0x50, 0xd1, 0x0, 0x2d, 0x83, 0xc0, 0x7, 0xf5,
    0x89, 0xf6, 0x75, 0x3, 0x40, 0x7, 0xf8, 0x7d,
    0x40, 0xc4, 0xaa, 0x40, 0x3f, 0xf8, 0x3, 0x5d,
    0x9b, 0xa5, 0x0, 0xff, 0x80,

    /* U+F033E "󰌾" */
    0x0, 0xff, 0xe6, 0x25, 0xff, 0xad, 0x0, 0x3f,
    0xe8, 0xb4, 0x0, 0x25, 0xc0, 0x7, 0xf2, 0x38,
    0x47, 0x72, 0x1, 0xd0, 0x3, 0xf4, 0x4, 0x38,
    0x89, 0xe0, 0x3c, 0x3, 0xf1, 0x83, 0x0, 0x66,
    0x4, 0x0, 0xff, 0x8, 0x6, 0x10, 0xf, 0xfe,
    0x6a, 0x77, 0x80, 0x3f, 0xfc, 0x0, 0xfe, 0x40,
    0x5, 0x8, 0x7, 0xff, 0x0, 0x68, 0x0, 0x20,
    0x1f, 0xfc, 0x21, 0x0, 0xff, 0xf0, 0x27, 0x71,
    0x0, 0x3f, 0xf8, 0x54, 0x22, 0xa0, 0xf, 0xfe,
    0xa5, 0x88, 0xa8, 0x3, 0xff, 0x84, 0xbd, 0xc4,
    0x0, 0xff, 0xf0, 0x8, 0x7, 0xff, 0x8, 0x40,
    0x14, 0x20, 0x1f, 0xfc, 0x1, 0xa0,

    /* U+F0347 "󰍇" */
    0xff, 0xc0, 0x1f, 0xef, 0xfc, 0x1, 0xff, 0xd8,
    0xff, 0xc0, 0x1f, 0xef, 0xfc, 0x1, 0xff, 0xc6,
    0xff, 0xc0, 0x1f, 0xef, 0xfc, 0x1, 0xff, 0xff,
    0x0, 0xff, 0xea, 0x90, 0x4, 0x60, 0x1f, 0x90,
    0x2, 0x27, 0x0, 0xa0, 0x3, 0xf7, 0x80, 0x4f,
    0xc0, 0x12, 0x38, 0x7, 0x9d, 0x0, 0x2e, 0x43,
    0x0, 0xa2, 0xd0, 0x0, 0x97, 0x0, 0x11, 0xa0,
    0x68, 0x80, 0x49, 0x7f, 0xeb, 0x40, 0x8, 0x74,
    0x0, 0x3a, 0x20, 0x1f, 0xe1, 0xd1, 0x0, 0x8f,
    0xcc, 0x3, 0xf1, 0xf9, 0x80, 0x70, 0xe5, 0xa9,
    0x0, 0x9, 0x6f, 0x4, 0x2,

    /* U+F0349 "󰍉" */
    0x0, 0x8e, 0xb7, 0xf6, 0x8c, 0x3, 0xfd, 0x38,
    0xa4, 0x4, 0xb9, 0x0, 0x1f, 0xa5, 0x81, 0xf7,
    0xf6, 0x1, 0xe0, 0x3, 0xc6, 0xc1, 0x90, 0x40,
    0x4f, 0x80, 0xe6, 0x1, 0xd2, 0xe, 0x60, 0x1c,
    0x70, 0x12, 0x1, 0xc8, 0x14, 0x1, 0xf3, 0x3,
    0x80, 0x70, 0x81, 0x0, 0x7c, 0x20, 0x40, 0x1c,
    0x20, 0x40, 0x1f, 0x8, 0x8, 0x7, 0x20, 0x28,
    0x7, 0xcc, 0x8, 0x1, 0xd2, 0x10, 0x60, 0x1c,
    0x70, 0x12, 0x1, 0xc6, 0xc1, 0x8e, 0x20, 0x2f,
    0x80, 0xa6, 0x1, 0xe9, 0x60, 0x8e, 0xfe, 0x80,
    0x55, 0x68, 0x80, 0x7a, 0x71, 0x48, 0x5, 0x72,
    0x88, 0x98, 0x20, 0x1e, 0x3a, 0xdf, 0xea, 0x30,
    0xf1, 0x2c, 0x10, 0xf, 0xfe, 0x9, 0x60, 0x96,
    0x8, 0x7, 0xff, 0x4, 0xb0, 0x4b, 0x4, 0x3,
    0xff, 0x82, 0x58, 0x20, 0x1f, 0xfc, 0x42, 0xcc,
    0x8,

    /* U+F0369 "󰍩" */
    0x4d, 0xff, 0xff, 0xe2, 0x6a, 0x51, 0x0, 0x7f,
    0xf1, 0xa, 0x44, 0x3, 0xff, 0x8c, 0x40, 0x1f,
    0xfc, 0xcf, 0xff, 0xfe, 0x0, 0x7, 0xff, 0x43,
    0xff, 0xff, 0x80, 0x1, 0xfb, 0xff, 0xff, 0x80,
    0x1, 0xff, 0xd0, 0xff, 0xff, 0xe0, 0x0, 0x7e,
    0xff, 0xfc, 0x1, 0xff, 0xd4, 0xff, 0xfc, 0x1,
    0xff, 0xe3, 0x20, 0xf, 0xfe, 0x30, 0xc8, 0x4,
    0xff, 0xff, 0xfc, 0x2e, 0x40, 0x3, 0xc0, 0x7,
    0xff, 0x15, 0xe0, 0x3, 0xff, 0x8b, 0x10, 0x0,
    0xff, 0xe3, 0x0,

    /* U+F0374 "󰍴" */
    0xff, 0xff, 0xe1, 0x0, 0x7f, 0xf0, 0x80,

    /* U+F03C8 "󰏈" */
    0x0, 0xff, 0xeb, 0x47, 0xc0, 0x7, 0xff, 0x25,
    0xc1, 0xc0, 0x3f, 0xf9, 0x9f, 0xf8, 0x3, 0xff,
    0xc1, 0xff, 0x80, 0x3f, 0xfc, 0x1f, 0xf8, 0x3,
    0xff, 0xc1, 0xff, 0x80, 0x3f, 0xfc, 0x1f, 0xf8,
    0x3, 0xff, 0xc1, 0xff, 0x80, 0x3f, 0xf8, 0x84,
    0x1, 0x10, 0x7, 0xfb, 0xa4, 0x3, 0x48, 0x2,
    0x40, 0x2e, 0x0, 0x74, 0x80, 0x69, 0xe1, 0x6d,
    0x21, 0xc6, 0x0, 0x20, 0x4, 0x60, 0x1, 0x6c,
    0x12, 0xd6, 0x1d, 0x22, 0x6f, 0x19, 0x0, 0x10,
    0x2, 0x40, 0x6, 0x91, 0xf6, 0x91, 0x34, 0xb5,
    0x84, 0x4d, 0xa0, 0x9, 0x40, 0x4a, 0x0, 0x16,
    0xb0, 0x89, 0xb4, 0x80, 0x13, 0xdc, 0x90, 0x8,
    0xaf, 0xec, 0x40, 0x34, 0xf7, 0x24, 0x2, 0x90,
    0x8, 0x67, 0xb9, 0x20, 0x1a, 0x7b, 0x92, 0x20,
    0x14, 0x80, 0x1b, 0x48, 0x98, 0xc2, 0x26, 0xd2,
    0x26, 0xb0, 0x89, 0xb0, 0x89, 0xac, 0x0, 0x32,
    0xdd, 0x11, 0xf6, 0x99, 0x6e, 0x88, 0xfb, 0x86,
    0x5b, 0xa2, 0x30, 0x6, 0x30, 0x89, 0xb0, 0x4b,
    0x1c, 0x44, 0xd8, 0x22, 0xc6, 0x11, 0x36, 0x0,

    /* U+F03D6 "󰏖" */
    0x0, 0xfe, 0x4c, 0xc2, 0x0, 0x7f, 0xf1, 0xa,
    0xec, 0x66, 0xbb, 0x10, 0x7, 0xff, 0x0, 0x67,
    0x50, 0x1, 0x2, 0x9b, 0x22, 0x1, 0xfc, 0xfc,
    0xc0, 0x19, 0xfd, 0x81, 0xb9, 0xc0, 0x3c, 0xbd,
    0x0, 0x1f, 0xc, 0xea, 0x4, 0x72, 0x80, 0x45,
    0x42, 0x1, 0xfe, 0x2b, 0x80, 0x1a, 0x20, 0x4,
    0x80, 0x7f, 0xf0, 0xa, 0xa0, 0x4, 0x24, 0x11,
    0x0, 0x8, 0x0, 0xf8, 0x67, 0x54, 0xab, 0xc1,
    0x10, 0x20, 0x13, 0xf3, 0x0, 0x67, 0xf6, 0x8,
    0xd0, 0xc0, 0x0, 0xaf, 0x80, 0x43, 0x3a, 0x80,
    0x8, 0x16, 0xe5, 0xba, 0x20, 0xc5, 0x0, 0xf8,
    0xae, 0xc0, 0x8, 0x8b, 0x50, 0x40, 0x6, 0x1,
    0xfe, 0x40, 0x4, 0xf3, 0x3, 0x78, 0x7, 0xff,
    0x10, 0x41, 0x36, 0x44, 0x3, 0xff, 0x88, 0xb5,
    0x64, 0x1, 0xfe, 0xd4, 0x0, 0xf5, 0x28, 0x1,
    0x34, 0x3, 0xd4, 0x25, 0x76, 0x20, 0xf, 0x15,
    0xd8, 0x86, 0x80, 0x32, 0xf4, 0x2, 0x6c, 0x0,
    0x68, 0xd4, 0x8, 0xe5, 0x0, 0xf3, 0xf3, 0x3,
    0xf0, 0x3, 0x9c, 0x1b, 0x9c, 0x3, 0xf8, 0x67,
    0x50, 0x40, 0x2, 0x9b, 0x22, 0x1, 0xff, 0xc0,
    0x2b, 0xb1, 0x9a, 0xec, 0x40, 0x1f, 0x0,

    /* U+F03D8 "󰏘" */
    0x0, 0xe4, 0xad, 0xff, 0x6d, 0x28, 0x7, 0xe1,
    0xbb, 0x29, 0x0, 0x9, 0x6b, 0x4c, 0x3, 0x8f,
    0xd2, 0x3e, 0x0, 0x11, 0xf0, 0x58, 0xe0, 0x10,
    0xe8, 0x83, 0x83, 0x80, 0x1c, 0x1c, 0x1, 0xa,
    0x0, 0xa1, 0x0, 0x38, 0x38, 0x1, 0xc1, 0xc0,
    0x2a, 0x14, 0x40, 0x5, 0x1f, 0x0, 0x8, 0xf8,
    0x0, 0xd3, 0xc1, 0x1f, 0x0, 0x1f, 0xa3, 0xe0,
    0x15, 0xc1, 0xc1, 0xc0, 0x3f, 0x38, 0x38, 0x11,
    0x1, 0xc1, 0xc0, 0x3f, 0x38, 0x38, 0x8, 0x2,
    0x3e, 0x0, 0x3f, 0x47, 0xc0, 0x29, 0x0, 0x7f,
    0xf1, 0x3d, 0xc0, 0x3f, 0xf8, 0x6e, 0x9c, 0x1,
    0xff, 0xc0, 0x14, 0xb8, 0x4, 0x40, 0x7, 0xec,
    0xff, 0x75, 0xa0, 0x5, 0x42, 0x1, 0xe3, 0x30,
    0x7, 0xe1, 0xd1, 0x0, 0xe3, 0x20, 0xf, 0xe3,
    0xf4, 0x0, 0xe5, 0x0, 0xff, 0xd, 0xd9, 0x48,
    0x9, 0x40, 0x3e,

    /* U+F03E4 "󰏤" */
    0xff, 0xc0, 0x1b, 0xff, 0x0, 0x7f, 0xff, 0xc0,
    0x3f, 0xff, 0xe0, 0x1e,

    /* U+F03EB "󰏫" */
    0x0, 0xff, 0xe0, 0xa7, 0x48, 0x7, 0xff, 0x9,
    0x2c, 0x5a, 0x40, 0x3f, 0xf8, 0x26, 0x1, 0x34,
    0x80, 0x7f, 0x91, 0x9e, 0x0, 0x27, 0x0, 0xfe,
    0x4b, 0x96, 0x78, 0x0, 0x50, 0x7, 0xe4, 0xb0,
    0x4, 0xb3, 0xc5, 0xa0, 0x7, 0xc9, 0x60, 0x1a,
    0x59, 0xd0, 0x3, 0xe4, 0xb0, 0xf, 0x10, 0x7,
    0xe4, 0xb0, 0xf, 0x5a, 0x0, 0x7c, 0x96, 0x1,
    0xeb, 0x40, 0xf, 0x92, 0xc0, 0x3d, 0x68, 0x1,
    0xf2, 0x58, 0x7, 0xad, 0x0, 0x3e, 0x4b, 0x0,
    0xf5, 0xa0, 0x7, 0xc9, 0x60, 0x1e, 0xb4, 0x0,
    0xfd, 0x60, 0x1e, 0xb4, 0x0, 0xff, 0xe1, 0xda,
    0x0, 0x7f, 0xf0, 0xed, 0x0, 0x3f, 0xf8, 0x76,
    0x80, 0x1f, 0xfc, 0x0,

    /* U+F040A "󰐊" */
    0x80, 0xf, 0xf3, 0xea, 0x0, 0x7f, 0x15, 0xc8,
    0x80, 0x7f, 0x37, 0xa8, 0x7, 0xf0, 0xd5, 0x88,
    0x7, 0xf2, 0x73, 0x80, 0x7f, 0xa3, 0x8, 0x3,
    0xf8, 0xd0, 0x3, 0xf2, 0x6b, 0x0, 0x78, 0x6a,
    0xc8, 0x3, 0xcb, 0xea, 0x1, 0xe2, 0xba, 0x10,
    0xf, 0x3e, 0xa0, 0x7, 0x8f, 0x20, 0x3, 0xf6,
    0x18, 0x7, 0xf0,

    /* U+F040C "󰐌" */
    0x0, 0xf2, 0xd6, 0xf7, 0x36, 0x94, 0x3, 0xfc,
    0xbb, 0x4a, 0x42, 0x22, 0x5a, 0xd5, 0x0, 0xfa,
    0x28, 0x80, 0x3f, 0x15, 0x40, 0x7, 0x43, 0x80,
    0x7f, 0xf0, 0x1e, 0x0, 0x25, 0x70, 0xf, 0xfe,
    0x13, 0xa8, 0x2, 0x0, 0x3c, 0x40, 0x1f, 0xd0,
    0xa, 0x40, 0x1e, 0xd5, 0x0, 0xfc, 0x4b, 0xe0,
    0x1f, 0xaa, 0x40, 0x3f, 0x7b, 0x80, 0x7f, 0x36,
    0x90, 0x7, 0x9c, 0xc0, 0x3f, 0xc5, 0xaa, 0x1,
    0xc6, 0x20, 0x1f, 0xfc, 0x72, 0x0, 0xff, 0x16,
    0xa8, 0x7, 0x1b, 0x80, 0x7f, 0x36, 0x90, 0x7,
    0x9f, 0xc0, 0x3f, 0x54, 0x80, 0x7e, 0xf5, 0x20,
    0xf, 0x6a, 0x80, 0x7e, 0x25, 0x8, 0x0, 0xf1,
    0x0, 0x7f, 0x40, 0x1, 0x5c, 0x3, 0xff, 0x84,
    0xea, 0x1, 0x43, 0x80, 0x7f, 0xf0, 0x1e, 0x0,
    0x3a, 0x28, 0x80, 0x3f, 0x15, 0x40, 0x7, 0xcb,
    0xb4, 0xa4, 0x2, 0x4b, 0x5a, 0xa0, 0x18,

    /* U+F0415 "󰐕" */
    0x0, 0xf7, 0xf8, 0x3, 0xff, 0xfe, 0x1f, 0xfe,
    0x0, 0x7f, 0xf8, 0x3, 0xff, 0x85, 0xff, 0xe0,
    0x7, 0xff, 0x80, 0x3f, 0xff, 0x40,

    /* U+F0425 "󰐥" */
    0x0, 0xfd, 0xfe, 0x0, 0xff, 0xe9, 0x28, 0x7,
    0xe5, 0x0, 0xfa, 0xe9, 0xc0, 0x3c, 0xf5, 0x60,
    0x1d, 0x8, 0x28, 0x1, 0xe4, 0x14, 0x80, 0x8,
    0x9c, 0x34, 0xc0, 0x3c, 0x78, 0xe, 0x60, 0xa,
    0x6, 0x30, 0xf, 0xc4, 0xe1, 0x40, 0x5, 0xa,
    0x0, 0xff, 0x50, 0x38, 0x0, 0x80, 0xc0, 0x3f,
    0xc4, 0x2, 0x1, 0xff, 0xc8, 0x20, 0x30, 0xd,
    0xfe, 0x0, 0xc4, 0x2, 0x0, 0x40, 0xa0, 0xf,
    0xf5, 0x2, 0x0, 0x28, 0x18, 0xc0, 0x3f, 0x13,
    0x84, 0x80, 0xd, 0x83, 0x4c, 0x3, 0xc5, 0xe0,
    0xc6, 0x1, 0x4a, 0xe, 0x49, 0x80, 0xe, 0x74,
    0x8e, 0x40, 0x3a, 0xdc, 0x1b, 0x3f, 0xd8, 0xc0,
    0xd8, 0x1, 0xf4, 0x63, 0x10, 0x0, 0x9b, 0x24,
    0x3, 0xf8, 0xe7, 0x7f, 0xdb, 0x26, 0x1, 0xc0,

    /* U+F0427 "󰐧" */
    0x0, 0xcf, 0xff, 0xf9, 0xc0, 0x3e, 0x78, 0x0,
    0xfd, 0xe, 0x1, 0xcf, 0x1, 0x5f, 0xfe, 0xa0,
    0x87, 0x0, 0x9e, 0x2, 0x94, 0x3, 0xcb, 0x41,
    0xe, 0x11, 0x0, 0xa5, 0x0, 0xbf, 0xc0, 0x12,
    0xd0, 0x44, 0x1c, 0x29, 0x40, 0x3f, 0xcb, 0x40,
    0xe0, 0x5, 0xf, 0xf0, 0x7, 0xbf, 0xc0, 0xa0,
    0x1f, 0xfd, 0xf, 0xf0, 0x7, 0xff, 0x4b, 0xfc,
    0x1, 0xef, 0xf0, 0x7, 0xff, 0x33, 0xff, 0xff,
    0x84, 0x1, 0xff, 0xc8,

    /* U+F042A "󰐪" */
    0x0, 0xdf, 0xff, 0xfc, 0x0, 0xf, 0xff, 0xc7,
    0xff, 0xff, 0x0, 0x3, 0xa3, 0xbf, 0xff, 0xf8,
    0x5d, 0x1, 0xe, 0x20, 0x1f, 0xfc, 0x21, 0x78,
    0x60, 0xf, 0xfe, 0x1e, 0x60, 0x18, 0x40, 0x3f,
    0xf8, 0xc2, 0x1, 0xff, 0xc4, 0xcc, 0x0, 0x7f,
    0xf4, 0x3f, 0xff, 0x0, 0x7f, 0xf8, 0xbf, 0xf0,
    0x7, 0xff, 0x3, 0xff, 0x0, 0x7f, 0xf3, 0xbf,
    0xff, 0x0, 0x7f, 0xf3, 0x80,

    /* U+F042B "󰐫" */
    0x8, 0xef, 0xff, 0xfe, 0x17, 0x40, 0x43, 0x88,
    0x7, 0xff, 0x8, 0x5e, 0x18, 0x3, 0xff, 0x87,
    0x98, 0x6, 0x10, 0xf, 0xfe, 0x30, 0x80, 0x7f,
    0xf1, 0x33, 0x0, 0x1e, 0xff, 0xff, 0xe0, 0x0,
    0x7f, 0xf5, 0x51, 0x0, 0x1f, 0xfc, 0x45, 0xdb,
    0xb6, 0xa8, 0x7, 0xdf, 0xf8, 0x17, 0x68, 0x84,
    0x45, 0x5a, 0xa1, 0xff, 0x80, 0x36, 0x51, 0x1d,
    0x77, 0x28, 0xca, 0xb0, 0x3, 0xf1, 0x80, 0x4c,
    0x0, 0x60, 0x8, 0xc0, 0x3f, 0xc2, 0x79, 0x76,
    0xc3, 0x10, 0xf, 0xfe, 0x7, 0xb8, 0x22, 0x1,
    0xfc, 0x3, 0xff, 0x80, 0x31, 0xc0, 0xe, 0x81,
    0x0, 0xff, 0xe0, 0x8, 0x8, 0x0, 0x40, 0x40,
    0x3f, 0xc2, 0x1d, 0x0, 0x1a, 0x38, 0x4, 0x3,
    0xf6, 0x28, 0x3f, 0x0, 0x39, 0xc1, 0x70, 0x3,
    0xf1, 0x56, 0x20, 0x80, 0x5, 0x32, 0x88, 0x3,
    0xfc, 0x77, 0x63, 0x35, 0xd8, 0xc0, 0x3c,

    /* U+F0433 "󰐳" */
    0x4e, 0xff, 0xc0, 0x1f, 0xfc, 0xf, 0xfd, 0xc9,
    0x42, 0x1, 0xff, 0xc8, 0x1a, 0x10, 0xff, 0xc0,
    0x1f, 0xfc, 0xf, 0xfc, 0x2, 0x1, 0xff, 0xd0,
    0xff, 0xf0, 0x6, 0xff, 0xf0, 0x7, 0xff, 0x43,
    0xfc, 0x1, 0xbf, 0xc0, 0x17, 0xf8, 0x2, 0xff,
    0x0, 0x6f, 0xf0, 0x7, 0xff, 0x4b, 0xfc, 0x1,
    0xfb, 0xfc, 0x1, 0xff, 0xd6, 0xff, 0xf0, 0x7f,
    0x83, 0xff, 0xc0, 0x1f, 0xbf, 0xc0, 0x17, 0xfe,
    0xf, 0xf0, 0x3, 0xfc, 0x1, 0xff, 0xd4, 0xff,
    0x0, 0x5f, 0xe0, 0xb, 0xff, 0xc0, 0x1f, 0xbf,
    0xfc, 0x1, 0xff, 0xcd, 0xff, 0x7, 0xff, 0x80,
    0x3f, 0xdf, 0xe0, 0xb, 0xfe, 0x0, 0xff, 0xeb,
    0x7f, 0x80, 0x37, 0xf8, 0x3, 0xbf, 0xfe, 0x0,
    0x7f, 0x80, 0x3f, 0xfa, 0x1f, 0xfe, 0xf, 0xf0,
    0x5, 0xfe, 0x0, 0xff, 0xe9, 0x8, 0x7f, 0xe0,
    0xf, 0xfe, 0x7, 0xfe, 0x1, 0xa1, 0x0, 0xff,
    0xe4, 0xd, 0x0,

    /* U+F0438 "󰐸" */
    0x0, 0x86, 0xcc, 0x2, 0x2c, 0x50, 0x8, 0x71,
    0x40, 0x3a, 0xd2, 0x40, 0x29, 0x3c, 0x0, 0xa8,
    0xf0, 0x3, 0x2a, 0x86, 0xc0, 0xc, 0x85, 0x20,
    0x5, 0x41, 0x80, 0xd, 0x80, 0xa2, 0x0, 0xe0,
    0x10, 0x8, 0x80, 0x84, 0x3, 0x48, 0xa2, 0x80,
    0x20, 0x8d, 0x80, 0xe, 0x46, 0xe0, 0x1c, 0xc1,
    0x20, 0x12, 0x85, 0x0, 0x4a, 0x14, 0x1, 0x85,
    0xc2, 0x0, 0x4, 0xe1, 0xe0, 0x2, 0x70, 0xe0,
    0xd, 0x20, 0xc8, 0x0, 0x50, 0x73, 0x0, 0x20,
    0x31, 0x80, 0x68, 0xb9, 0x0, 0x9f, 0x60, 0x2,
    0x6d, 0x90, 0xf, 0x20, 0x7, 0x10, 0x7, 0x10,
    0x6, 0x4e, 0xff, 0xff, 0xe2, 0x72, 0x50, 0x80,
    0x7f, 0xf1, 0x6, 0x44, 0x1, 0x98, 0x0, 0x66,
    0x0, 0x19, 0x80, 0x6, 0x60, 0x0, 0x40, 0x11,
    0x98, 0x0, 0x66, 0x0, 0x19, 0x80, 0x6, 0x60,
    0xf, 0xfe, 0x71, 0x98, 0x0, 0x66, 0x0, 0x19,
    0x80, 0x6, 0x60, 0xf, 0x66, 0x0, 0x19, 0x80,
    0x6, 0x60, 0x1, 0x98, 0x0, 0xff, 0xe6, 0xff,
    0xff, 0xf1, 0x0, 0x3f, 0xf9, 0x40,

    /* U+F044E "󰑎" */
    0x0, 0xff, 0xee, 0xc0, 0x7, 0x8a, 0x33, 0xbf,
    0xb1, 0xc8, 0x3, 0x43, 0x80, 0x62, 0xbd, 0x73,
    0x10, 0x13, 0x8d, 0xa1, 0x7, 0x70, 0x6, 0x4d,
    0x40, 0x1, 0xb3, 0xb1, 0x80, 0x17, 0xea, 0x0,
    0x32, 0x58, 0x1, 0xbb, 0x26, 0x27, 0x35, 0x80,
    0x54, 0x3, 0x15, 0x80, 0x2e, 0x44, 0x3, 0x8a,
    0x54, 0x3, 0xd2, 0x0, 0xb4, 0x0, 0xfc, 0xea,
    0x1, 0xc4, 0x80, 0xc8, 0x1, 0xfa, 0x20, 0x1,
    0xf3, 0x94, 0x0, 0x7e, 0x87, 0x0, 0xf8,

    /* U+F0450 "󰑐" */
    0x0, 0xff, 0xe5, 0x9c, 0xef, 0xfb, 0x60, 0x80,
    0x28, 0x0, 0xe9, 0xc6, 0x20, 0x1, 0x3e, 0xc8,
    0x43, 0x80, 0x6b, 0x60, 0x6c, 0xef, 0xc6, 0x6,
    0xe7, 0x0, 0xd0, 0x83, 0x92, 0x62, 0x7, 0x38,
    0x2, 0x1, 0x8d, 0xc3, 0x4c, 0x3, 0xd6, 0x1,
    0xea, 0x6, 0x30, 0xf, 0x43, 0x80, 0x79, 0x2,
    0x80, 0x3d, 0xe, 0x1, 0xf1, 0x1, 0x80, 0x7a,
    0x3f, 0xfc, 0x1, 0xff, 0xc8, 0x20, 0x30, 0xf,
    0xfe, 0x1a, 0x5, 0x0, 0x7f, 0xa7, 0xe0, 0x1,
    0x40, 0xc6, 0x1, 0xf8, 0xd8, 0x28, 0x0, 0x6c,
    0x1a, 0x60, 0x1e, 0x3d, 0x6, 0x20, 0xa, 0x50,
    0x72, 0x4c, 0x0, 0x73, 0x82, 0x92, 0x1, 0xd6,
    0xc0, 0xd9, 0xfe, 0xc6, 0x6, 0xb0, 0xf, 0xa7,
    0x18, 0x80, 0x4, 0xd9, 0x20, 0x1f, 0xc7, 0x3b,
    0xfe, 0xd9, 0x30, 0xe,

    /* U+F0465 "󰑥" */
    0x0, 0xff, 0xe6, 0xc0, 0x7, 0xff, 0xe, 0x1c,
    0x3, 0xff, 0x85, 0xe, 0x1, 0xff, 0xc2, 0x87,
    0x0, 0x64, 0x10, 0x7, 0xf2, 0x38, 0x4, 0x6f,
    0xb0, 0x1, 0xf9, 0x18, 0x2, 0xc6, 0x7, 0xb0,
    0xc, 0xe4, 0x0, 0x97, 0x0, 0x1c, 0xe0, 0xa4,
    0x0, 0xa, 0x30, 0x2, 0x87, 0x0, 0x8f, 0x41,
    0xc8, 0x2c, 0x1c, 0x3, 0x44, 0x0, 0x23, 0x60,
    0xa0, 0x40, 0xa0, 0xe, 0x70, 0xd, 0x40, 0xa1,
    0xbe, 0x60, 0x1f, 0xe3, 0x2, 0x0, 0xff, 0xe3,
    0x6f, 0x98, 0x7, 0xf8, 0xc0, 0x81, 0x2, 0x80,
    0x3f, 0xd4, 0xa, 0x16, 0x8, 0x1, 0xfc, 0x6c,
    0x14, 0x5, 0x1e, 0x1, 0xf8, 0xf4, 0x1c, 0x80,
    0xe, 0x44, 0xe9, 0x30, 0x1, 0xce, 0xa, 0x40,
    0x7, 0x50, 0xb6, 0x0, 0x31, 0x81, 0xec, 0x3,
    0xd1, 0x8c, 0x40, 0x3, 0x7d, 0x80, 0xc,

    /* U+F0467 "󰑧" */
    0x0, 0xff, 0xe6, 0xc0, 0x7, 0xff, 0x11, 0xe0,
    0x3, 0xff, 0x88, 0xf0, 0x1, 0xff, 0x14, 0x60,
    0x1, 0xe0, 0x3, 0xfa, 0x35, 0xcc, 0x2, 0x74,
    0x0, 0xfa, 0xdc, 0x1b, 0x0, 0x26, 0x40, 0xf,
    0x42, 0xe, 0x49, 0x80, 0x1e, 0x40, 0x4, 0xe0,
    0x2, 0x70, 0xd3, 0x0, 0x9e, 0x0, 0x2c, 0x82,
    0xa, 0x7, 0x30, 0xa, 0x20, 0x1, 0x9c, 0x2c,
    0x14, 0x2c, 0x3, 0x38, 0x7, 0x50, 0x20, 0x10,
    0x18, 0x7, 0xf8, 0xff, 0x40, 0x3f, 0xf8, 0xc4,
    0x6, 0x1, 0xfe, 0x3f, 0xd0, 0x40, 0xb0, 0xf,
    0xf5, 0x2, 0x5, 0x83, 0x90, 0x7, 0xf3, 0x85,
    0x81, 0x38, 0x61, 0x80, 0x7e, 0xc8, 0x20, 0x4,
    0x20, 0xe4, 0x98, 0x0, 0xe7, 0x88, 0x8e, 0x1,
    0xad, 0xc1, 0xb0, 0x1, 0x8c, 0x34, 0x1, 0xf4,
    0x6b, 0x98, 0x0, 0x9b, 0x60, 0x2,

    /* U+F0469 "󰑩" */
    0x0, 0xff, 0xe0, 0x8, 0x80, 0x3f, 0xf8, 0x25,
    0x5f, 0xdc, 0xfa, 0x20, 0xf, 0xe7, 0xd0, 0xbe,
    0xe5, 0x86, 0xb8, 0x7, 0xe1, 0xcb, 0xdd, 0xb2,
    0xf0, 0x40, 0x3f, 0x31, 0x79, 0x55, 0xf, 0xc9,
    0x80, 0x3f, 0x87, 0x2d, 0x99, 0x78, 0x20, 0x1f,
    0xf1, 0x0, 0x88, 0x8, 0x3, 0xff, 0x85, 0xdc,
    0x0, 0xff, 0xf7, 0x27, 0x7f, 0xff, 0x80, 0x1f,
    0xee, 0x4a, 0x10, 0xf, 0xfe, 0x10, 0xd0, 0x80,
    0x7f, 0xf1, 0x4, 0x2, 0xff, 0x3, 0xfb, 0x87,
    0xf8, 0x3, 0xff, 0x9f, 0xfe, 0x7, 0xf7, 0xf,
    0xf0, 0x7, 0x84, 0x3, 0xff, 0x88, 0x34, 0x20,
    0x1f, 0xfc, 0x21, 0xa0,

    /* U+F046D "󰑭" */
    0x0, 0xff, 0xe2, 0xa8, 0x7, 0xff, 0x22, 0xe9,
    0xc0, 0x3f, 0xf8, 0xc4, 0xa1, 0xe, 0x1, 0xff,
    0xc4, 0x82, 0xc1, 0x8, 0x70, 0xf, 0xfe, 0x14,
    0xbe, 0x16, 0x80, 0x21, 0x40, 0x3f, 0xf8, 0x3,
    0x4, 0x79, 0xe0, 0x4, 0x50, 0xf, 0xfa, 0xf4,
    0xc0, 0x6, 0x60, 0x4b, 0x0, 0xff, 0x85, 0x8f,
    0x48, 0x2, 0x4b, 0x0, 0xff, 0xa0, 0x30, 0x80,
    0x32, 0x58, 0x7, 0xfd, 0xf, 0x81, 0xe0, 0x12,
    0x58, 0x7, 0xfc, 0x32, 0x44, 0xc9, 0x0, 0x25,
    0x80, 0x7f, 0xd7, 0x86, 0x0, 0x24, 0x4, 0xb0,
    0xf, 0xf8, 0x5c, 0xb4, 0x80, 0x24, 0xb0, 0xf,
    0xfa, 0x4f, 0x4c, 0x3, 0x25, 0x80, 0x7f, 0xd0,
    0xd8, 0x7a, 0x1, 0x25, 0x80, 0x7f, 0xc5, 0x6,
    0x39, 0xa0, 0x4, 0xb0, 0xf, 0xfa, 0xf1, 0x4,
    0x4, 0xc1, 0x2c, 0x3, 0xfe, 0x54, 0x1b, 0x20,
    0x9, 0x2c, 0x3, 0xff, 0x80, 0xb0, 0x1, 0xc9,
    0x60, 0x1f, 0xfc, 0x27, 0x80, 0x9, 0x2c, 0x3,
    0xff, 0x88, 0xf0, 0x9, 0x60, 0x1f, 0xfc, 0x67,
    0xab, 0x0, 0xff, 0xe2, 0x0,

    /* U+F0479 "󰑹" */
    0x0, 0xf3, 0xff, 0xfe, 0xe4, 0x0, 0xf4, 0x40,
    0x3, 0xf0, 0xd0, 0x7, 0x43, 0x87, 0xf8, 0x3f,
    0xc1, 0xfe, 0x1, 0x0, 0xd0, 0xe0, 0x1f, 0xfc,
    0x38, 0x70, 0xf, 0xfe, 0x1c, 0x38, 0x7, 0xff,
    0x11, 0xc0, 0x3b, 0xfc, 0x1f, 0xe0, 0xff, 0x0,
    0x7f, 0xff, 0xc0, 0x3f, 0xff, 0xe0, 0x1f, 0xfe,
    0x81, 0x0, 0xff, 0xe1, 0x8, 0x2, 0x84, 0x3,
    0xff, 0x80, 0x34, 0x0,

    /* U+F048A "󰒊" */
    0xc5, 0x0, 0xff, 0xe4, 0x1d, 0x74, 0x8, 0x7,
    0xff, 0x1c, 0x5f, 0xa8, 0xc0, 0x3f, 0xf9, 0xb,
    0x98, 0x50, 0xf, 0xfe, 0x41, 0xd7, 0x40, 0x80,
    0x7f, 0xf1, 0xc5, 0xfa, 0x8c, 0x3, 0xff, 0x90,
    0xb9, 0x85, 0x0, 0xf7, 0xed, 0x43, 0x21, 0x0,
    0x7c, 0x75, 0xd0, 0x20, 0x18, 0x95, 0xe6, 0xf7,
    0xf6, 0xe5, 0xd4, 0xc4, 0x5, 0xfa, 0x8c, 0x3,
    0xf8, 0xc0, 0x3f, 0xf8, 0x44, 0xaf, 0x37, 0xbf,
    0xd7, 0x2e, 0xa6, 0x20, 0x2f, 0xd4, 0x61, 0xfb,
    0x50, 0xc8, 0x40, 0x1f, 0x1d, 0x74, 0x8, 0x7,
    0xff, 0xd, 0x73, 0xa, 0x1, 0xff, 0xc3, 0x17,
    0xea, 0x30, 0xf, 0xfe, 0x19, 0xd7, 0x40, 0x80,
    0x7f, 0xf0, 0xd7, 0x30, 0xa0, 0x1f, 0xfc, 0x31,
    0x7e, 0xa3, 0x0, 0xff, 0xe1, 0x9d, 0x74, 0x8,
    0x7, 0xff, 0x14,

    /* U+F0493 "󰒓" */
    0x0, 0xfa, 0xbf, 0xf1, 0x80, 0x7f, 0xf0, 0x9c,
    0x3, 0x28, 0x7, 0xff, 0x8, 0x80, 0x37, 0x0,
    0x7e, 0x1d, 0xa3, 0x2b, 0x0, 0xe6, 0x71, 0x6d,
    0x70, 0xa, 0x9, 0x73, 0x50, 0x3, 0x86, 0x3a,
    0x4a, 0x8, 0x9, 0x80, 0x3f, 0xf8, 0x90, 0x12,
    0x1, 0xf2, 0x3b, 0x8, 0x7, 0x94, 0xc8, 0x3,
    0xd5, 0x71, 0x3e, 0x60, 0x1c, 0x22, 0x9a, 0x0,
    0xcc, 0xa0, 0x10, 0xe8, 0x6, 0x3f, 0x20, 0x54,
    0x0, 0xb0, 0x3, 0x84, 0xc0, 0x2f, 0x10, 0xf,
    0xfe, 0x52, 0xa0, 0x5, 0x80, 0x1c, 0x26, 0x1,
    0x78, 0x84, 0xd0, 0x6, 0x65, 0x0, 0x87, 0x40,
    0x31, 0xf9, 0x10, 0x3, 0xd5, 0x71, 0x3e, 0x60,
    0x1c, 0x22, 0x90, 0xf, 0x91, 0xd8, 0x40, 0x3c,
    0xa6, 0x4c, 0x1, 0xff, 0xc4, 0x80, 0x4, 0x12,
    0xe6, 0xa0, 0x7, 0xc, 0xf4, 0x94, 0x10, 0x0,
    0x76, 0x8c, 0xac, 0x3, 0x99, 0x82, 0xda, 0xe0,
    0x1f, 0xc4, 0x1, 0xb8, 0x3, 0xff, 0x84, 0xe0,
    0x19, 0x40, 0x3e,

    /* U+F04B2 "󰒲" */
    0x0, 0xff, 0xee, 0xff, 0xf8, 0x3, 0xff, 0xbd,
    0xfe, 0xe1, 0x6, 0x0, 0xff, 0xe4, 0x60, 0xa4,
    0x80, 0x7f, 0xbf, 0xfc, 0x1, 0x59, 0x12, 0xc0,
    0x3f, 0xf8, 0xf2, 0x83, 0xe0, 0x1f, 0xfc, 0xf,
    0xf6, 0x88, 0x30, 0x1, 0x80, 0x77, 0xfc, 0x1,
    0xff, 0xc0, 0xf1, 0x49, 0x0, 0xff, 0x7f, 0xf8,
    0x2, 0xb2, 0x25, 0x80, 0x5f, 0xfe, 0x0, 0xff,
    0x4a, 0xf, 0x80, 0x7f, 0xf0, 0x3f, 0xda, 0x20,
    0xc0, 0x6, 0x1, 0xdf, 0xf0, 0x7, 0xff, 0x3,
    0xc5, 0x24, 0x3, 0xff, 0x8f, 0x64, 0x4b, 0x0,
    0xbf, 0xfc, 0x1, 0xfe, 0x94, 0x1c, 0x0, 0xff,
    0xe4, 0x30, 0xf, 0x7f, 0x80, 0x3f, 0xfb, 0xdf,
    0xfe, 0x0, 0xff, 0xe2, 0x80,

    /* U+F04C5 "󰓅" */
    0x0, 0xf2, 0xd6, 0xff, 0xb6, 0x94, 0x3, 0xfc,
    0xbb, 0x4a, 0x40, 0x2, 0x5a, 0x70, 0xf, 0xd3,
    0x44, 0x49, 0xdf, 0xf6, 0xce, 0xb8, 0x1c, 0x80,
    0x69, 0x60, 0x8d, 0x62, 0x0, 0x13, 0x10, 0xd6,
    0x50, 0x4, 0xac, 0x16, 0xe0, 0x1f, 0x3f, 0x2a,
    0x8c, 0x2, 0x80, 0x84, 0x0, 0xf2, 0xf4, 0x0,
    0x2c, 0x1c, 0x14, 0x8d, 0xc0, 0x38, 0xb2, 0x84,
    0x1, 0x2, 0x70, 0xbe, 0x14, 0x1, 0xd3, 0xa6,
    0x1, 0x13, 0x82, 0x87, 0xb8, 0x20, 0x6, 0x96,
    0x0, 0xe8, 0x0, 0x20, 0x39, 0x81, 0x0, 0x67,
    0x0, 0xe4, 0x50, 0x1, 0x1, 0x8, 0x7, 0xff,
    0x2, 0x40, 0x38, 0x48, 0x8, 0x3, 0x30, 0x6,
    0x72, 0x0, 0x88, 0xd, 0xc1, 0x0, 0x34, 0x38,
    0x89, 0xe0, 0x3, 0x28, 0x3f, 0x85, 0x80, 0x74,
    0x77, 0x20, 0x3, 0xa8, 0x3d, 0x48, 0x8c, 0x1,
    0xff, 0xc0, 0x62, 0x22, 0x84, 0x4, 0x98, 0x7,
    0xf8, 0xe4, 0x24, 0x0, 0xae, 0x14, 0x1, 0xfe,
    0xb0, 0x74, 0x0, 0xa2, 0xe4, 0x3, 0xfd, 0x17,
    0x0, 0x0,

    /* U+F04CE "󰓎" */
    0x0, 0xfe, 0x33, 0x0, 0x7f, 0xf1, 0xa6, 0x40,
    0x1f, 0xfc, 0x51, 0x55, 0x8, 0x7, 0xff, 0x11,
    0x80, 0xc, 0x1, 0xff, 0xc4, 0x90, 0x4, 0x80,
    0x7f, 0xf0, 0xd4, 0x40, 0x2, 0xa0, 0x1f, 0xf1,
    0x1a, 0xc8, 0x6, 0x95, 0x32, 0x0, 0xcf, 0xdf,
    0xed, 0xca, 0x30, 0xc, 0x75, 0x9b, 0xfe, 0xe7,
    0x73, 0x0, 0x7f, 0xf1, 0x19, 0xc2, 0x24, 0x3,
    0xff, 0x85, 0x30, 0x1, 0x35, 0x80, 0x7f, 0xf0,
    0x2d, 0x80, 0x39, 0x30, 0x40, 0x3f, 0xe, 0x20,
    0x7, 0xc6, 0x80, 0x1f, 0x90, 0xc0, 0x3f, 0x90,
    0x3, 0xf2, 0x0, 0x7f, 0x10, 0x80, 0x7e, 0x12,
    0x0, 0xfc, 0xe0, 0x19, 0xdc, 0x1, 0x9c, 0x3,
    0xf6, 0x0, 0xf, 0x62, 0x1a, 0x60, 0xc, 0x0,
    0xfc, 0x83, 0x58, 0x40, 0x2, 0xca, 0x14, 0x0,
    0xf8, 0x53, 0xd4, 0x3, 0xcb, 0xe8, 0x20, 0x10,

    /* U+F04DB "󰓛" */
    0xff, 0xff, 0xe0, 0x0, 0x7f, 0xff, 0xc0, 0x3f,
    0xfd, 0xa0,

    /* U+F04E2 "󰓢" */
    0x0, 0xa1, 0xc0, 0x3f, 0xe8, 0x78, 0x70, 0xf,
    0xe8, 0x70, 0x4, 0x38, 0x7, 0xce, 0xe0, 0xd,
    0xe, 0x1, 0xe7, 0xff, 0x0, 0x3f, 0xce, 0x1,
    0xff, 0xdf, 0xff, 0x0, 0x7f, 0xf9, 0x3f, 0xc0,
    0x1f, 0xfd, 0xf7, 0xff, 0x0, 0x3f, 0xce, 0x1,
    0xe7, 0x80, 0xc, 0xee, 0x0, 0xf9, 0xe0, 0x0,
    0xf0, 0x1, 0xfc, 0xf0, 0xf0, 0x0,

    /* U+F04E6 "󰓦" */
    0x0, 0xff, 0xe7, 0x40, 0x7, 0xff, 0x11, 0xdc,
    0x1, 0xff, 0xc3, 0x78, 0x0, 0xff, 0xe1, 0xbc,
    0x0, 0x3f, 0x64, 0xc0, 0x3f, 0xf8, 0x64, 0xd9,
    0x0, 0x1f, 0xcf, 0x0, 0xe, 0xc6, 0x7, 0xb0,
    0xf, 0xe7, 0x80, 0x13, 0x9c, 0x14, 0x80, 0x8,
    0xb4, 0x80, 0x27, 0x80, 0x8, 0xf4, 0x1c, 0xc0,
    0x16, 0x54, 0x1, 0x9c, 0x3, 0x1b, 0x5, 0x0,
    0x10, 0x2c, 0x3, 0xfd, 0x40, 0x80, 0x2, 0x3,
    0x0, 0xff, 0x10, 0x10, 0x7, 0xff, 0xc, 0x40,
    0x31, 0x1, 0x80, 0x7f, 0x8c, 0x8, 0x0, 0x81,
    0x40, 0x1f, 0xeb, 0x4, 0x0, 0x50, 0x31, 0x80,
    0x67, 0x0, 0xd4, 0x56, 0x0, 0x36, 0xd, 0x30,
    0xa, 0x1c, 0x2, 0x2d, 0x20, 0xa, 0x50, 0x72,
    0x4c, 0x1, 0xe, 0x1, 0xfd, 0x6c, 0xd, 0x9e,
    0x0, 0x87, 0x0, 0xfe, 0x9c, 0x62, 0x0, 0xff,
    0xe1, 0x9c, 0xef, 0x80, 0x21, 0xc0, 0x3f, 0xf8,
    0x70, 0xe0, 0x1f, 0xfc, 0x37, 0x70, 0x7, 0xff,
    0x12, 0x0, 0x3f, 0x0,

    /* U+F04FE "󰓾" */
    0x0, 0xfe, 0xff, 0x0, 0x7f, 0xf5, 0xca, 0x74,
    0x1, 0xb2, 0x40, 0x1f, 0xf4, 0xeb, 0x10, 0x0,
    0x9b, 0x64, 0x3, 0xfa, 0xd8, 0x1b, 0x0, 0x18,
    0xc0, 0xd6, 0x1, 0xf4, 0xa0, 0xec, 0x98, 0x0,
    0xe7, 0x45, 0x24, 0x3, 0x89, 0x83, 0x8, 0x1,
    0xfe, 0x0, 0x16, 0x3, 0x10, 0x6, 0xb0, 0x72,
    0x0, 0xfc, 0x4c, 0x16, 0x1, 0x90, 0x2c, 0x3,
    0xfd, 0x40, 0x80, 0xf, 0xf1, 0x6, 0x78, 0x5,
    0x98, 0x0, 0xbf, 0x0, 0xbf, 0xc0, 0x1f, 0xfc,
    0x8f, 0xf1, 0x6, 0x78, 0x5, 0x98, 0x0, 0xbf,
    0x0, 0xbf, 0xc0, 0x4, 0xb, 0x0, 0xff, 0x50,
    0x20, 0x6, 0xb0, 0x72, 0x0, 0xfc, 0x4c, 0x16,
    0x1, 0x89, 0x83, 0x8, 0x1, 0xfe, 0x0, 0x16,
    0x3, 0x10, 0x7, 0x4a, 0xe, 0xc1, 0x80, 0xe,
    0x34, 0x52, 0x40, 0x3e, 0xb6, 0x7, 0xc0, 0x6,
    0x38, 0x35, 0x80, 0x7f, 0x4e, 0xb1, 0x0, 0x9,
    0xb6, 0x40, 0x3f, 0xe2, 0x9d, 0x0, 0x6c, 0x90,
    0x7, 0xff, 0x38,

    /* U+F050F "󰔏" */
    0x0, 0xd1, 0xdc, 0x80, 0xf, 0xa1, 0xc4, 0x4f,
    0x0, 0x1e, 0x60, 0xcc, 0x3, 0x0, 0x78, 0x40,
    0xcc, 0x2, 0x1, 0xff, 0xd4, 0xff, 0x0, 0x7f,
    0xfa, 0xe0, 0x3, 0xd0, 0x1, 0x23, 0x80, 0x79,
    0xd0, 0x1, 0xe0, 0x1f, 0xbc, 0x0, 0xa0, 0x1f,
    0x94, 0x3, 0xff, 0x84, 0xa0, 0x1f, 0x94, 0x1,
    0xe0, 0x1f, 0xbc, 0x0, 0x90, 0x1, 0xe8, 0x40,
    0x9, 0xed, 0x4, 0x49, 0x6e, 0x0,

    /* U+F0510 "󰔐" */
    0x0, 0xfa, 0x3b, 0x90, 0x1, 0xf7, 0xfe, 0x0,
    0x43, 0x88, 0x9e, 0x0, 0x1f, 0xf8, 0x3, 0xcc,
    0x19, 0x80, 0x60, 0xf, 0x7f, 0xe0, 0x0, 0x81,
    0x98, 0x4, 0x1, 0xff, 0x80, 0x3f, 0xf8, 0xdf,
    0xf8, 0x3, 0xfd, 0xff, 0x80, 0x3f, 0x7f, 0x80,
    0x3f, 0x7f, 0xe0, 0xf, 0xf7, 0xfe, 0x0, 0xff,
    0xe3, 0x7f, 0xe0, 0xf, 0xf7, 0xfe, 0x0, 0x94,
    0x3, 0xfc, 0xa0, 0x17, 0xfd, 0x41, 0x0, 0x1e,
    0x70, 0xaf, 0xf8, 0x3, 0x23, 0x80, 0x7a, 0x10,
    0x3, 0x7f, 0x8c, 0x3c, 0x3, 0xf7, 0x81, 0xff,
    0x80, 0x6, 0x8, 0x1, 0xf9, 0x0, 0xc0, 0x1f,
    0xe0, 0xf, 0xf8, 0x40, 0x1f, 0xe0, 0xc, 0x80,
    0x1f, 0x94, 0x3, 0xf7, 0x80, 0x7e, 0xf0, 0xf,
    0xc8, 0xe0, 0x1e, 0x74, 0x0, 0xfe, 0x8b, 0x40,
    0x2, 0x5c, 0x0, 0x7f, 0xc9, 0x7f, 0xeb, 0x40,
    0xf, 0x0,

    /* U+F051F "󰔟" */
    0xff, 0xff, 0xe0, 0x0, 0x7f, 0xf0, 0xbf, 0xff,
    0x0, 0x7f, 0xf1, 0xbf, 0xf0, 0x7, 0x88, 0x2c,
    0x1, 0x60, 0x40, 0x7, 0xc, 0x24, 0xbb, 0x21,
    0x60, 0x3c, 0x38, 0xe1, 0x22, 0xb, 0x5, 0xe0,
    0x21, 0xc7, 0x8, 0x98, 0x2f, 0x0, 0x14, 0x38,
    0xe6, 0x5, 0xe0, 0x3, 0xff, 0x89, 0xe, 0x39,
    0x81, 0x78, 0x0, 0xa1, 0xc7, 0x8, 0x98, 0x2f,
    0x1, 0xe, 0x38, 0x40, 0x2, 0xc1, 0x78, 0x70,
    0xc2, 0x0, 0xc5, 0x80, 0xe0, 0x2, 0x0, 0xf1,
    0x0, 0x7f, 0xf4, 0x3f, 0xff, 0x0, 0x7f, 0xf0,
    0x80,

    /* U+F054C "󰕌" */
    0x0, 0xff, 0xe4, 0xc0, 0x7, 0xff, 0x21, 0xe0,
    0x3, 0x13, 0xe7, 0x7f, 0x64, 0x10, 0x7, 0xce,
    0xe0, 0x1a, 0xd8, 0x31, 0x1, 0x37, 0xdb, 0x10,
    0xf, 0x45, 0x72, 0x80, 0xd, 0x9d, 0x8c, 0x0,
    0x9c, 0x80, 0x1e, 0x50, 0x3, 0x76, 0x4c, 0x4e,
    0x73, 0x0, 0x2d, 0x0, 0x3e, 0x59, 0x10, 0xe,
    0x19, 0xb0, 0x5, 0x90, 0x7, 0x95, 0xc0, 0x3f,
    0x25, 0x80, 0x24, 0x3, 0xe8, 0x80, 0x7, 0xe4,
    0x60, 0x42, 0x0, 0xf9, 0xe0, 0x3, 0xf4, 0x13,
    0x80,

    /* U+F0553 "󰕓" */
    0x0, 0xff, 0xe5, 0x33, 0x0, 0x3f, 0xf8, 0x5,
    0x32, 0x20, 0xf, 0xfb, 0xc0, 0x1e, 0x1, 0xfe,
    0x92, 0x0, 0x14, 0x80, 0x7f, 0x4f, 0x80, 0x3e,
    0x40, 0x3c, 0x22, 0x0, 0xff, 0xe0, 0x47, 0x72,
    0x0, 0x3d, 0xff, 0x85, 0xc0, 0xe, 0x20, 0x1f,
    0xc6, 0x1, 0xff, 0xc2, 0x28, 0x0, 0x40, 0x80,
    0x7f, 0x9c, 0x0, 0xe0, 0x1e, 0xf0, 0x7, 0x80,
    0x7f, 0xf1, 0x44, 0x3f, 0xe0, 0x7, 0xfc, 0x2,
    0x1, 0x50, 0x80, 0x7e, 0x1a, 0x0, 0x93, 0xbf,
    0xe0, 0x7, 0xfd, 0xc8, 0x1, 0xff, 0xd9, 0x70,
    0x3, 0x80, 0x7f, 0x86, 0x0, 0x10, 0x20, 0x1f,
    0xfc, 0xc1, 0x70, 0x3, 0x88, 0x7, 0xfa, 0x3b,
    0x90, 0x1, 0xc0,

    /* U+F0566 "󰕦" */
    0x0, 0xf4, 0x7f, 0xff, 0xa0, 0x3, 0xff, 0x80,
    0xe0, 0x1f, 0xe7, 0x0, 0xff, 0xe1, 0x7f, 0xfe,
    0x0, 0xff, 0xeb, 0xff, 0x80, 0x3f, 0xf8, 0x5f,
    0xe0, 0xf, 0xfe, 0x7f, 0xf8, 0x3, 0xff, 0x91,
    0xfe, 0x0, 0xff, 0xff, 0x80, 0x7f, 0xf8, 0x7f,
    0xc0, 0x1f, 0xfc, 0x8f, 0xf0, 0x7, 0xff, 0x3f,
    0xfc, 0x1, 0xff, 0xc2, 0xff, 0x0, 0x7f, 0xf5,
    0xff, 0xff, 0x0, 0x7f, 0xf0, 0x9c, 0x3, 0xfc,
    0xe0, 0x1e,

    /* U+F0567 "󰕧" */
    0xcf, 0xff, 0xfe, 0x6, 0x0, 0x42, 0x60, 0x1f,
    0xfc, 0x3, 0x0, 0xe, 0x0, 0x7f, 0xf0, 0xc7,
    0x8, 0x3, 0xff, 0x84, 0x58, 0x40, 0x1f, 0xfc,
    0x3c, 0x20, 0xf, 0xfe, 0x20, 0x80, 0x7f, 0xf5,
    0xc4, 0x3, 0xff, 0x8b, 0x84, 0x1, 0xff, 0xc4,
    0x2c, 0x20, 0xf, 0xfe, 0x20, 0xe1, 0x18, 0x7,
    0xff, 0x0, 0xc0, 0x3, 0x80,

    /* U+F0568 "󰕨" */
    0x3a, 0x0, 0xff, 0xe2, 0xc2, 0xd8, 0x7, 0xff,
    0x12, 0xd1, 0x16, 0x1, 0xff, 0xc4, 0xb4, 0x45,
    0x80, 0x7f, 0xf0, 0xf1, 0x1, 0x2c, 0x1, 0x5f,
    0xfd, 0x80, 0x10, 0x81, 0x80, 0x49, 0x61, 0x4a,
    0x1, 0x8c, 0x0, 0x38, 0x1, 0xe4, 0xb0, 0xa5,
    0x0, 0xe1, 0xc2, 0x0, 0xf9, 0x2c, 0x29, 0x40,
    0x22, 0xc2, 0x0, 0xfe, 0x4b, 0xa, 0x50, 0x6,
    0x10, 0x7, 0xfc, 0x96, 0x14, 0xa0, 0x20, 0x1f,
    0xfc, 0x14, 0xb0, 0xa5, 0x0, 0xff, 0xe1, 0xa5,
    0x85, 0x28, 0x7, 0xff, 0xd, 0x2c, 0x29, 0x40,
    0x3f, 0xf8, 0x69, 0x61, 0x4a, 0x1, 0xff, 0xc3,
    0x4b, 0xa, 0x50, 0x30, 0xf, 0xfe, 0x0, 0xa5,
    0x85, 0x6, 0x7f, 0xff, 0xf0, 0x39, 0x11, 0x60,
    0x1f, 0xfc, 0x4b, 0x44, 0x58, 0x7, 0xff, 0x12,
    0xd3, 0xc0,

    /* U+F056E "󰕮" */
    0xff, 0xfc, 0x0, 0xff, 0xfc, 0x1, 0xff, 0xff,
    0x0, 0xff, 0xe6, 0xff, 0xfe, 0x0, 0xff, 0xe8,
    0x7f, 0xfe, 0x0, 0xff, 0xe3, 0x7f, 0xfe, 0x0,
    0xff, 0xe8, 0x7f, 0xfe, 0x0, 0xff, 0xff, 0x80,
    0x7f, 0xf3, 0x40,

    /* U+F0570 "󰕰" */
    0xff, 0xfc, 0x0, 0xff, 0xfc, 0x1, 0xff, 0xff,
    0x0, 0xff, 0xf3, 0xff, 0xfe, 0x0, 0x7f, 0xfe,
    0x0, 0xff, 0xe3, 0x7f, 0xfe, 0x0, 0x7f, 0xfe,
    0x0, 0xff, 0xff, 0x80, 0x7f, 0xf9, 0xc0,

    /* U+F0572 "󰕲" */
    0xf, 0xfc, 0x1f, 0xff, 0xfc, 0x0, 0xf, 0xff,
    0x5f, 0xfe, 0xf, 0xff, 0xfe, 0x0, 0x7f, 0xe0,
    0xff, 0xff, 0xe0, 0x0, 0x7f, 0xfa, 0xff, 0xf0,
    0x7f, 0xff, 0xf0, 0x3, 0xff, 0x7, 0xff, 0xff,
    0x0, 0x3, 0xff, 0xd4,

    /* U+F057E "󰕾" */
    0x0, 0xff, 0xa4, 0xc0, 0x3f, 0xf8, 0x30, 0x0,
    0x6c, 0xb1, 0x0, 0xff, 0x43, 0x80, 0x20, 0x53,
    0xcc, 0x3, 0xf4, 0x38, 0x4, 0xfc, 0xa3, 0xa2,
    0x1, 0xe8, 0x70, 0xf, 0x52, 0xd, 0x0, 0x74,
    0x38, 0x7, 0x50, 0x2, 0x85, 0xf, 0xff, 0x38,
    0x7, 0x96, 0xc0, 0x64, 0x28, 0x3, 0xff, 0x80,
    0x86, 0x8, 0x8, 0x1, 0xff, 0xc1, 0x50, 0x30,
    0x20, 0xf, 0xfe, 0x9a, 0x81, 0x81, 0x0, 0x7f,
    0xf0, 0x10, 0xc1, 0x1, 0x3f, 0xf3, 0x80, 0x79,
    0x6c, 0x6, 0x42, 0x80, 0x34, 0x38, 0x7, 0x50,
    0x2, 0xc5, 0xc, 0x3, 0xa1, 0xc0, 0x3d, 0x4a,
    0x34, 0x1, 0xf4, 0x38, 0x4, 0xfc, 0xa3, 0xa2,
    0x1, 0xfa, 0x1c, 0x1, 0x2, 0x9e, 0x60, 0x1f,
    0xe8, 0x0, 0x36, 0x58, 0x80, 0x40,

    /* U+F0580 "󰖀" */
    0x0, 0xff, 0xe5, 0x40, 0x7, 0xff, 0x2, 0x1c,
    0x3, 0xfe, 0x87, 0x0, 0xff, 0xa1, 0xc0, 0x3f,
    0xe8, 0x70, 0xe, 0xb0, 0x7, 0xfe, 0x70, 0xf,
    0x25, 0x80, 0x7f, 0xf0, 0x50, 0xc0, 0x3f, 0xf8,
    0x28, 0x1, 0xff, 0xcf, 0x40, 0xf, 0xfe, 0x2,
    0x1f, 0xfe, 0x80, 0xf, 0x2d, 0x80, 0x73, 0xc0,
    0x7, 0x50, 0x7, 0xcf, 0x0, 0x1f, 0xfc, 0x17,
    0x80, 0xf, 0xfe, 0xb, 0xc0, 0x7, 0xff, 0x5,
    0xc0, 0x38,

    /* U+F0581 "󰖁" */
    0x4b, 0x0, 0xfe, 0x93, 0x0, 0xef, 0x4b, 0x0,
    0xe8, 0x0, 0x36, 0x58, 0x80, 0x56, 0x88, 0xb0,
    0xa, 0x1c, 0x1, 0x2, 0x9e, 0x60, 0x15, 0xa2,
    0x2c, 0x0, 0x40, 0x13, 0xf2, 0x8e, 0x88, 0x5,
    0x68, 0x8b, 0xa, 0x50, 0xd, 0x48, 0x34, 0x1,
    0xad, 0x11, 0x61, 0x40, 0xa, 0x0, 0x50, 0xa1,
    0xff, 0xe4, 0x4, 0xb0, 0x9, 0x6c, 0x6, 0x42,
    0x80, 0x3e, 0x4b, 0x0, 0x2a, 0x18, 0x20, 0x20,
    0x7, 0xe4, 0xb0, 0xa5, 0x50, 0x18, 0x18, 0x7,
    0xf2, 0x58, 0x52, 0x0, 0x80, 0x80, 0x7f, 0x22,
    0x2c, 0x8, 0x8, 0x8, 0x3, 0xfa, 0xd1, 0x16,
    0x0, 0x50, 0x7f, 0xfc, 0xe0, 0x1d, 0x68, 0x8b,
    0x6, 0x5e, 0x0, 0xd0, 0xe0, 0x1d, 0x68, 0x8b,
    0xa, 0x40, 0xe, 0x87, 0x0, 0xea, 0x4, 0xb0,
    0xf, 0xd0, 0xe0, 0x13, 0xf8, 0x1, 0x2c, 0x3,
    0xf4, 0x38, 0x2, 0x5, 0x35, 0x11, 0x60, 0x1f,
    0xa0, 0x0, 0xd9, 0x65, 0x69, 0xe0,

    /* U+F058C "󰖌" */
    0x0, 0xe3, 0x30, 0x7, 0xf0, 0xee, 0x84, 0x3,
    0xf6, 0x88, 0xb4, 0x3, 0xe8, 0x30, 0x1, 0xc0,
    0x7, 0x1b, 0x80, 0x67, 0x30, 0xd, 0xc0, 0x1e,
    0xe0, 0x9, 0xc8, 0x3, 0xc4, 0xe0, 0x9, 0x0,
    0xfd, 0x20, 0xc2, 0x1, 0xf8, 0x5b, 0x40, 0x3f,
    0xda, 0xa0, 0x1f, 0xe5, 0x10, 0xf, 0xf8, 0xc0,
    0x3f, 0xc5, 0x40, 0x1f, 0xea, 0x63, 0x0, 0xfc,
    0x6c, 0x1a, 0x60, 0x1e, 0x3d, 0x0, 0xe, 0x49,
    0x80, 0xe, 0x70, 0x40, 0x33, 0x67, 0xfb, 0x18,
    0x2,

    /* U+F05A1 "󰖡" */
    0x0, 0xf8, 0xab, 0xfd, 0x44, 0x1, 0xff, 0xc1,
    0x2c, 0x50, 0x2, 0xe1, 0x0, 0x7f, 0xf0, 0x20,
    0x53, 0xb8, 0x83, 0x0, 0x1f, 0xfc, 0x4, 0xa,
    0x11, 0x50, 0x20, 0x7, 0xff, 0x51, 0x2, 0x84,
    0x54, 0x8, 0x1, 0xf9, 0x3b, 0xfc, 0xa0, 0x9d,
    0xc4, 0x5, 0xff, 0x72, 0x0, 0x6a, 0x10, 0xf,
    0xfe, 0x0, 0xd0, 0x4, 0x62, 0x1, 0xff, 0xc2,
    0x13, 0x0, 0x20, 0x7, 0xff, 0x11, 0x0, 0x18,
    0x1, 0xff, 0xc4, 0xc0, 0x2, 0x0, 0x7f, 0xf1,
    0x10, 0xc, 0x3, 0xff, 0x8c, 0x68, 0x1, 0xff,
    0xc6, 0x4c, 0x0, 0xff, 0xe3, 0x62, 0x80, 0x7f,
    0xf1, 0x94, 0x3, 0xff, 0x8e, 0x74, 0x20, 0x1f,
    0xfc, 0x41, 0x90,

    /* U+F05A9 "󰖩" */
    0x0, 0xe1, 0x59, 0xce, 0xff, 0x76, 0x4a, 0x88,
    0x7, 0xe4, 0xbe, 0xa6, 0x31, 0x0, 0x9, 0xb5,
    0x75, 0xa0, 0x6, 0x3d, 0xb4, 0x0, 0xff, 0xe0,
    0x25, 0xe9, 0x83, 0xe1, 0x0, 0x49, 0x19, 0xdf,
    0xee, 0xc8, 0x40, 0x8, 0xb1, 0xd4, 0x2, 0x7e,
    0xb7, 0x31, 0x0, 0x9, 0xbd, 0xf3, 0x80, 0x4a,
    0x54, 0xbd, 0x2, 0x1, 0xfe, 0x18, 0xe5, 0xa2,
    0x5, 0xa1, 0x0, 0xb, 0xde, 0xff, 0xb6, 0xd8,
    0x40, 0x3, 0x4a, 0x1, 0xc3, 0x5d, 0x8, 0x40,
    0x2, 0x49, 0xea, 0x10, 0xf, 0xde, 0xa0, 0x1f,
    0xe5, 0xf0, 0xf, 0xd6, 0x0, 0x4a, 0xdf, 0xf6,
    0xd2, 0x0, 0x2c, 0x3, 0xf2, 0xc6, 0x5a, 0x90,
    0x0, 0x96, 0xf2, 0x14, 0x3, 0xf9, 0xcc, 0x3,
    0xf1, 0xb8, 0x7, 0xff, 0x5, 0xb3, 0xfd, 0x8c,
    0x1, 0xff, 0xc3, 0x59, 0x30, 0x1, 0xca, 0x80,
    0x7f, 0xf0, 0x95, 0x40, 0x19, 0x54, 0x1, 0xff,
    0xc3, 0xa2, 0x0, 0x15, 0x0, 0x7f, 0xf1, 0x7c,
    0x1, 0xe0, 0x1f, 0xfc, 0x62, 0x99, 0x10, 0x7,
    0xf0,

    /* U+F05AA "󰖪" */
    0x4, 0xb0, 0x8, 0x5a, 0xb3, 0xbf, 0xdd, 0x92,
    0xa2, 0x1, 0xef, 0x4b, 0x0, 0x5c, 0xa9, 0x88,
    0x0, 0x4d, 0xab, 0xad, 0x0, 0x35, 0x9a, 0x58,
    0x52, 0x80, 0x7f, 0x92, 0xf4, 0xc0, 0xe, 0x60,
    0x96, 0x15, 0x39, 0xdf, 0xee, 0xc8, 0x40, 0x8,
    0xb1, 0xc1, 0x40, 0x24, 0xb0, 0x63, 0x10, 0x0,
    0x9b, 0xdf, 0x38, 0x4, 0xa0, 0x54, 0xba, 0x88,
    0xb0, 0xf, 0xe1, 0x8e, 0x5a, 0x20, 0x2, 0xd1,
    0x5a, 0x22, 0xc0, 0x15, 0xfd, 0x6e, 0x20, 0x1,
    0xa5, 0x0, 0xf0, 0x88, 0x12, 0xc2, 0x94, 0x52,
    0x3a, 0x84, 0x3, 0xfb, 0xd4, 0x0, 0x96, 0x14,
    0xa0, 0x12, 0xf8, 0x7, 0xf5, 0x80, 0xc, 0xc9,
    0x61, 0x52, 0x80, 0xb, 0x0, 0xfe, 0x58, 0xcc,
    0x91, 0x16, 0xd, 0x76, 0x85, 0x0, 0xff, 0x39,
    0x80, 0x2d, 0x11, 0x60, 0x4, 0x70, 0xf, 0xfe,
    0x13, 0x62, 0x2, 0x58, 0x7, 0xff, 0x11, 0x64,
    0xc0, 0x24, 0xb0, 0xf, 0xfe, 0x1a, 0xa8, 0x3,
    0xa, 0x58, 0x7, 0xff, 0xe, 0x88, 0x0, 0x5e,
    0x88, 0xb0, 0xf, 0xfe, 0x1f, 0x80, 0x3c, 0x6d,
    0x11, 0x40, 0x1f, 0xfc, 0x22, 0x9a, 0x20, 0x5,
    0xa7, 0x0, 0x60,

    /* U+F05CA "󰗊" */
    0x0, 0xfd, 0xfe, 0x0, 0xff, 0xed, 0xff, 0xfc,
    0x0, 0xff, 0xf8, 0x3, 0xff, 0xa9, 0xff, 0xfe,
    0xe0, 0x2f, 0xf8, 0x3, 0xff, 0x8c, 0xc0, 0xa0,
    0x1f, 0xfc, 0x21, 0xee, 0x8, 0x5, 0x21, 0x20,
    0x1f, 0xfc, 0x21, 0x91, 0x80, 0x4, 0x8b, 0x88,
    0x7, 0xff, 0xd, 0xc9, 0x95, 0x4c, 0x50, 0x1,
    0x5f, 0xd8, 0x7, 0xfd, 0xe1, 0x54, 0xe, 0x0,
    0x85, 0x1, 0x4, 0x3, 0xfc, 0x4e, 0x0, 0x73,
    0x0, 0x98, 0x2, 0x60, 0xf, 0xf2, 0x38, 0x1,
    0xd0, 0x2, 0xa0, 0xa0, 0xa0, 0xf, 0xe4, 0xb0,
    0x77, 0x5, 0xa8, 0x19, 0x1a, 0x91, 0xc, 0x3,
    0xe5, 0xb0, 0x78, 0x83, 0x87, 0x5, 0x5, 0x85,
    0x5, 0x0, 0x79, 0x68, 0x22, 0x0, 0x8, 0x7e,
    0x7, 0x6, 0x6, 0x7, 0x0, 0xe2, 0xa0, 0x87,
    0x0, 0xd0, 0xaa, 0x10, 0xef, 0xe0, 0x15, 0x0,
    0xc5, 0x10, 0x70, 0xf, 0xb8, 0x3, 0xee, 0x0,
    0xe7, 0x70, 0x7, 0xc2, 0x83, 0xff, 0xc2, 0x82,
    0x1, 0xff, 0xc1, 0x60, 0x70, 0xe, 0x60, 0x60,
    0xf, 0xfe, 0xd, 0x85, 0x0, 0x75, 0x5, 0x0,

    /* U+F05D8 "󰗘" */
    0x4d, 0xff, 0xff, 0x0, 0x7e, 0xa2, 0x0, 0xff,
    0xe3, 0x8, 0x7f, 0xff, 0x80, 0x3f, 0xfa, 0x89,
    0xdf, 0xff, 0xe0, 0xf, 0xd4, 0x20, 0x1f, 0xfc,
    0x61, 0xf, 0xff, 0xf0, 0x7, 0xff, 0x51, 0x3b,
    0xff, 0xf7, 0x20, 0x7, 0xea, 0x10, 0xf, 0xc3,
    0x40, 0x1f, 0x84, 0x3, 0xfc, 0x20, 0x1f, 0xfc,
    0x8f, 0xf0, 0x7, 0xff, 0xfc, 0x3, 0xef, 0xf0,
    0x7, 0xff, 0x78, 0x40, 0x3f, 0xc4, 0x1, 0xfa,
    0x84, 0x3, 0xf0, 0xc8,

    /* U+F05DA "󰗚" */
    0x0, 0xff, 0xe3, 0x40, 0x7, 0xff, 0x2a, 0x9c,
    0x3, 0xff, 0x93, 0x6a, 0x1, 0xf9, 0x27, 0x7b,
    0xfb, 0x65, 0x0, 0x21, 0xc4, 0x0, 0xc8, 0x1,
    0x65, 0xb1, 0x8, 0x9, 0x35, 0xe0, 0x3, 0xc,
    0x3, 0xaf, 0x0, 0x6, 0x1, 0xfc, 0x60, 0x2,
    0x0, 0xf8, 0xc0, 0x3f, 0xff, 0xe0, 0x1f, 0xff,
    0x49, 0x0, 0xff, 0xe5, 0x53, 0x0, 0x7f, 0xf2,
    0x6d, 0x40, 0x3f, 0xf9, 0x3, 0x88, 0x1, 0xff,
    0xc9, 0xc3, 0x0, 0xff, 0xe5, 0x11, 0xb3, 0xb2,
    0x88, 0x7, 0xff, 0xc, 0xef, 0xf2, 0x62, 0x6b,
    0x80, 0x3e, 0x47, 0x79, 0x44, 0x1, 0x88, 0x8,
    0xce, 0xe5, 0x10, 0xc, 0xf7, 0xf7, 0x11, 0x57,
    0x62, 0x22, 0xfe, 0xe6, 0x21, 0x5d, 0x8e, 0x0,

    /* U+F05E1 "󰗡" */
    0x0, 0xf2, 0xd6, 0xff, 0xb6, 0x94, 0x3, 0xfc,
    0x9d, 0x4a, 0x40, 0x2, 0x5a, 0xd4, 0x0, 0xfa,
    0x2c, 0x4e, 0x77, 0xfd, 0xb2, 0x65, 0x70, 0x1,
    0xd0, 0xe1, 0x38, 0xc4, 0x0, 0x26, 0xc8, 0x7,
    0x80, 0x9, 0x1c, 0x2d, 0x80, 0x3f, 0x3d, 0x83,
    0xa0, 0x2, 0x82, 0x10, 0x3, 0xf8, 0x92, 0x2,
    0x41, 0x44, 0xdc, 0x3, 0xf9, 0x75, 0xdc, 0x64,
    0xbe, 0x14, 0x1, 0xfc, 0xb4, 0x1e, 0x14, 0x1e,
    0xe0, 0x80, 0x1f, 0x96, 0x81, 0xe0, 0x10, 0x1c,
    0x80, 0x80, 0x4, 0x1, 0x96, 0x81, 0xe0, 0x0,
    0x40, 0x40, 0x1a, 0x35, 0x40, 0xb, 0x40, 0xf0,
    0x1, 0xe2, 0x2, 0xf, 0xa, 0x55, 0x50, 0x3c,
    0x0, 0x62, 0x2, 0x70, 0x40, 0x77, 0x5, 0x50,
    0x1e, 0x0, 0x39, 0x1, 0xfc, 0x28, 0x1, 0xe,
    0x0, 0x78, 0x0, 0xf5, 0x7, 0xa8, 0x9b, 0x0,
    0x21, 0xdd, 0x0, 0x1e, 0x63, 0x15, 0xa, 0x9,
    0x40, 0x4, 0x40, 0x3, 0xc9, 0x21, 0x40, 0x4,
    0x70, 0xb6, 0x0, 0xfc, 0xf6, 0xe, 0x80, 0x14,
    0x38, 0x4e, 0x31, 0x0, 0x9, 0xb2, 0x1, 0xe0,
    0x3, 0xa2, 0xc4, 0xe7, 0x7f, 0xdb, 0x26, 0x37,
    0x0, 0x1f, 0x27, 0x52, 0x90, 0x0, 0x96, 0xb9,
    0x0, 0x30,

    /* U+F0625 "󰘥" */
    0x0, 0xf2, 0xd6, 0xf7, 0x36, 0x94, 0x3, 0xfc,
    0xbb, 0x4a, 0x42, 0x22, 0x5a, 0xd5, 0x0, 0xfa,
    0x28, 0x8e, 0x77, 0xfd, 0xb2, 0x65, 0x50, 0x1,
    0xd0, 0xe1, 0x38, 0xc4, 0x0, 0x26, 0xc8, 0x7,
    0x80, 0x9, 0x5c, 0x2d, 0x80, 0xab, 0xfd, 0x44,
    0xf, 0x60, 0xea, 0x0, 0x80, 0x84, 0x2, 0xc5,
    0x0, 0x2e, 0x10, 0x24, 0x4, 0x2, 0x91, 0xb8,
    0x2, 0x5, 0x3b, 0x88, 0x30, 0x0, 0x73, 0x25,
    0xf0, 0xa0, 0x9, 0x2, 0x84, 0x54, 0x8, 0x1,
    0x50, 0x7b, 0x82, 0x0, 0x5d, 0xe2, 0x1, 0xf9,
    0x1, 0xcc, 0x8, 0x3, 0xe1, 0xd0, 0x90, 0x8,
    0x80, 0xc4, 0x3, 0xf0, 0xf9, 0xb3, 0x80, 0x78,
    0x80, 0x80, 0x3d, 0x62, 0xd2, 0x1, 0x88, 0xd,
    0xc1, 0x0, 0x3c, 0x81, 0x0, 0x1c, 0x80, 0xfe,
    0x14, 0x1, 0xee, 0xf1, 0x0, 0xea, 0xf, 0x52,
    0x36, 0x0, 0xef, 0xf0, 0x7, 0x31, 0x92, 0x84,
    0x4, 0xa0, 0x7, 0xf9, 0x24, 0x20, 0x0, 0xae,
    0x16, 0xc0, 0x17, 0xf8, 0x2, 0x7b, 0x7, 0x50,
    0xa, 0x1c, 0x27, 0x18, 0x80, 0x4, 0xd9, 0x0,
    0xf0, 0x1, 0xd1, 0x44, 0x73, 0xbf, 0xed, 0x93,
    0x2a, 0x80, 0xf, 0x97, 0x69, 0x48, 0x4, 0x96,
    0xb5, 0x40, 0x30,

    /* U+F062C "󰘬" */
    0x0, 0x47, 0x72, 0x0, 0x3f, 0xf8, 0x30, 0xe2,
    0x27, 0x80, 0xf, 0xfe, 0x3, 0x6, 0x60, 0x18,
    0x3, 0xa3, 0xb9, 0x0, 0x10, 0x80, 0x7f, 0x43,
    0x88, 0x9e, 0x0, 0xe, 0x19, 0x80, 0x60, 0xc,
    0xc1, 0x98, 0x6, 0x0, 0x43, 0x80, 0x1e, 0x0,
    0x3f, 0xf8, 0x30, 0x0, 0x80, 0xe, 0x60, 0xcc,
    0x3, 0x80, 0x7f, 0xf0, 0x21, 0x80, 0xd, 0x20,
    0x1f, 0xfc, 0x34, 0x90, 0xf, 0xfe, 0x1, 0xd3,
    0x7, 0x0, 0x7e, 0x39, 0xdf, 0xf6, 0x28, 0x2a,
    0x80, 0x3f, 0x63, 0x10, 0x4, 0x53, 0x40, 0x1f,
    0xe3, 0x9d, 0xff, 0x6b, 0x0, 0x7f, 0x97, 0x18,
    0x80, 0x3f, 0xe8, 0x0, 0xff, 0xe2, 0x43, 0x80,
    0x16, 0x0, 0x3f, 0xf8, 0xc, 0x19, 0x80, 0x60,
    0xf, 0xfe, 0x93, 0x6, 0x60, 0x18, 0x3, 0xff,
    0x81, 0xe, 0x22, 0x78, 0x0, 0xff, 0x80,

    /* U+F062E "󰘮" */
    0x0, 0xff, 0xe0, 0x7f, 0x80, 0x3f, 0xf9, 0x5f,
    0xff, 0xe0, 0xd, 0xff, 0x80, 0x3f, 0xf8, 0xdf,
    0xff, 0xe0, 0xd, 0xff, 0x80, 0x3f, 0xf9, 0x5f,
    0xe0, 0xf, 0x7f, 0x80, 0x3f, 0xf9, 0x5f, 0xf8,
    0x3, 0x7f, 0xff, 0x80, 0x3f, 0xf8, 0xdf, 0xf8,
    0x3, 0x7f, 0xff, 0x80, 0x3f, 0xf9, 0x5f, 0xe0,
    0x7, 0xf8, 0x3, 0xff, 0x9d, 0xff, 0xe0, 0xd,
    0xff, 0xf8, 0x3, 0xff, 0x8d, 0xff, 0xe0, 0xd,
    0xff, 0xf8, 0x3, 0xff, 0x8c,

    /* U+F0632 "󰘲" */
    0x0, 0xfe, 0x78, 0x0, 0xff, 0xe2, 0xbc, 0x3c,
    0x0, 0x7f, 0xf0, 0xde, 0x0, 0xf, 0x0, 0x1f,
    0xfc, 0x17, 0x80, 0xaa, 0x3, 0xc0, 0x7, 0xfc,
    0xf0, 0x14, 0xaa, 0xa0, 0x78, 0x0, 0xfe, 0x78,
    0xa, 0x50, 0x2, 0xd0, 0x3c, 0x0, 0x7c, 0xf0,
    0x14, 0xa0, 0x19, 0x68, 0x1e, 0x0, 0x39, 0xe0,
    0x29, 0x40, 0x3c, 0xb4, 0xf, 0x0, 0x13, 0xc0,
    0x2, 0xbc, 0x3, 0xdf, 0x40, 0x7, 0x80, 0x78,
    0x0, 0xff, 0xe2, 0x3b, 0xdf, 0xf8, 0x3, 0xfd,
    0xff, 0x9c, 0x3, 0xff, 0xef, 0xff, 0xe0, 0xf,
    0xfe, 0xa7, 0xff, 0xf8, 0x3, 0xff, 0xa5, 0xff,
    0xfe, 0x0, 0xff, 0xea, 0x7f, 0xf8, 0x3, 0xff,
    0xad, 0xff, 0xe0, 0xf, 0xfe, 0x78,

    /* U+F0636 "󰘶" */
    0x0, 0xff, 0xe8, 0xc4, 0x0, 0x3f, 0xf8, 0xb0,
    0xee, 0x80, 0xf, 0xfe, 0x1c, 0x38, 0x1, 0xe0,
    0x3, 0xff, 0x83, 0xe, 0x15, 0x40, 0x77, 0x0,
    0x7f, 0xce, 0xe0, 0xa5, 0x55, 0x4, 0x38, 0x7,
    0xf3, 0xc0, 0x52, 0x80, 0x16, 0x82, 0x1c, 0x3,
    0xe7, 0x80, 0xa5, 0x0, 0xcb, 0x41, 0xe, 0x1,
    0xcf, 0x1, 0x4a, 0x1, 0xe5, 0xa0, 0x87, 0x0,
    0x9e, 0x0, 0x15, 0xe0, 0x1e, 0xfa, 0x0, 0x43,
    0x83, 0xc0, 0x7, 0xff, 0x12, 0x1d, 0xdf, 0xf8,
    0x3, 0xfd, 0xff, 0x9c, 0x3, 0xff, 0xef, 0xff,
    0xe0, 0xf, 0xfe, 0xa7, 0xff, 0xf8, 0x3, 0x80,

    /* U+F06A5 "󰚥" */
    0x0, 0x7f, 0x80, 0x37, 0xf8, 0x3, 0xff, 0xb4,
    0x7c, 0x0, 0xff, 0xc0, 0xe, 0x3e, 0x10, 0xf,
    0xc3, 0xc4, 0x1, 0xfe, 0x20, 0xf, 0xff, 0x21,
    0x0, 0x7f, 0x8b, 0x8, 0x3, 0xf1, 0x60, 0xe1,
    0x0, 0x78, 0xb0, 0x40, 0x70, 0x80, 0x31, 0x60,
    0x80, 0x43, 0x40, 0x1a, 0x84, 0x3, 0xff, 0x9c,

    /* U+F06A6 "󰚦" */
    0x1, 0x0, 0xff, 0xe4, 0x1f, 0xb0, 0x7, 0xff,
    0x20, 0x65, 0x80, 0x2c, 0xf3, 0x0, 0xb3, 0xcc,
    0x3, 0xc7, 0x81, 0x2c, 0x0, 0x70, 0xf, 0xfe,
    0x19, 0xe0, 0x4b, 0x4, 0x88, 0x7, 0xff, 0xc,
    0xf0, 0x25, 0x8b, 0x4, 0x3, 0xff, 0x86, 0x78,
    0x12, 0xc4, 0x1d, 0xfe, 0x30, 0xc6, 0x0, 0xfe,
    0x35, 0x9, 0x62, 0xc1, 0x0, 0xd2, 0x20, 0x1f,
    0xcc, 0x0, 0x96, 0x2c, 0x10, 0xc, 0x40, 0x1f,
    0xfc, 0x19, 0x62, 0xc1, 0x0, 0xff, 0xe3, 0x4b,
    0x16, 0x8, 0x7, 0xff, 0x1a, 0x58, 0xb0, 0x40,
    0x3f, 0xf8, 0xd2, 0xc5, 0x82, 0x1, 0xfe, 0x60,
    0xf, 0xa5, 0x8b, 0x4, 0x3, 0xfa, 0x90, 0x3,
    0xe9, 0x62, 0x20, 0x7, 0xfa, 0xd0, 0x3, 0xe9,
    0x60, 0xf, 0xfe, 0x5, 0xa0, 0x7, 0x40, 0x4b,
    0x0, 0x7f, 0xf0, 0x3c, 0x3, 0x23, 0xe0, 0x4b,
    0x0, 0x7f, 0xf1, 0x8f, 0x2, 0x58, 0x3, 0xff,
    0x8c, 0x78, 0x12, 0xc0, 0x1f, 0xc9, 0xff, 0xac,
    0x2, 0x3c, 0x9, 0x10, 0xf, 0xfe, 0x31, 0xe5,
    0x8,

    /* U+F06A9 "󰚩" */
    0x0, 0xff, 0x27, 0x71, 0x0, 0x3f, 0xf9, 0x14,
    0x22, 0xa0, 0xf, 0xff, 0x5, 0x0, 0x28, 0x3,
    0xff, 0x90, 0x80, 0x4, 0x0, 0xff, 0xe2, 0xb,
    0xe7, 0xf8, 0x1, 0xfe, 0xc7, 0x10, 0xf, 0xf9,
    0x3e, 0xc, 0x3, 0xc7, 0x1e, 0x80, 0x1f, 0xc9,
    0x62, 0x1, 0xfe, 0x1b, 0x40, 0xf, 0x86, 0x80,
    0x3f, 0xf8, 0x54, 0x20, 0x1e, 0x61, 0x0, 0xff,
    0xe1, 0xb, 0x0, 0x7a, 0xc0, 0x3f, 0xf8, 0x96,
    0x1, 0xe2, 0x1, 0xbf, 0xb1, 0x0, 0xc3, 0x7f,
    0x62, 0x4, 0x1, 0xb3, 0xc4, 0x29, 0x1, 0x28,
    0x3, 0x52, 0x2, 0x50, 0xf, 0xe0, 0x0, 0xc0,
    0x24, 0x0, 0x94, 0x3, 0x20, 0x4, 0xa0, 0x11,
    0x80, 0x79, 0x0, 0x25, 0x0, 0xc8, 0x1, 0x28,
    0x7, 0xfa, 0x50, 0x12, 0x80, 0x34, 0xa0, 0x25,
    0x0, 0x78, 0xc0, 0x22, 0xbf, 0xb1, 0x0, 0xc5,
    0x7f, 0x62, 0x1, 0x18, 0x3, 0x3c, 0x3, 0xff,
    0x8d, 0xf8, 0x1, 0x84, 0x3, 0xff, 0x88, 0x20,
    0x1e, 0xa1, 0x0, 0xff, 0xe1, 0xd, 0x0, 0x40,

    /* U+F06B0 "󰚰" */
    0x0, 0xff, 0xe6, 0x8b, 0x56, 0x62, 0x98, 0x40,
    0x33, 0x80, 0x74, 0xf4, 0xa9, 0x99, 0x67, 0xa0,
    0x0, 0xf0, 0x1, 0x16, 0xb0, 0x24, 0xdd, 0xa4,
    0xc1, 0xf1, 0xe0, 0x2, 0x1c, 0x22, 0x6d, 0xb2,
    0x21, 0xb3, 0x2, 0x70, 0x1, 0xa8, 0x4f, 0x48,
    0x3, 0xc7, 0x60, 0x1c, 0x68, 0x1c, 0x1, 0xbe,
    0x0, 0x7, 0x40, 0x1d, 0x40, 0xc4, 0x1, 0xf1,
    0xe0, 0x7, 0x90, 0x28, 0x3, 0xf1, 0x6e, 0xf8,
    0x8, 0x8, 0x3, 0xf0, 0x91, 0x78, 0x3, 0xfc,
    0xa4, 0x1, 0xdd, 0xa0, 0x40, 0x40, 0x1d, 0x61,
    0xb0, 0x1, 0x10, 0x80, 0x1c, 0x2c, 0x3, 0x93,
    0x61, 0xf0, 0x0, 0xa0, 0x81, 0xc0, 0xc0, 0x1f,
    0x3e, 0xf8, 0x2, 0x42, 0x81, 0xc, 0x68, 0x3,
    0xe2, 0x30, 0x91, 0x33, 0x0, 0x38, 0x16, 0x80,
    0x3f, 0x53, 0x7, 0x0, 0x45, 0x60, 0xbc, 0xe4,
    0x0, 0x27, 0xe5, 0xb, 0x20, 0xc, 0x9a, 0x63,
    0x1b, 0xfe, 0xd8, 0x13, 0xd4, 0x0, 0xf1, 0x65,
    0xa9, 0x0, 0x9, 0x6f, 0x8, 0x3, 0xf9, 0x2b,
    0x7f, 0xdb, 0x48, 0x1, 0xc0,

    /* U+F06E4 "󰛤" */
    0x0, 0xe2, 0x0, 0xff, 0xe0, 0x10, 0x7, 0xcb,
    0x9f, 0xbf, 0x66, 0x1, 0xe3, 0xbf, 0xdf, 0xc4,
    0x0, 0xa2, 0x8c, 0x4, 0x13, 0x18, 0x3, 0x36,
    0x20, 0x8, 0x1d, 0xc0, 0x23, 0x84, 0x7f, 0x71,
    0x82, 0x60, 0x1, 0x12, 0xd, 0xdc, 0xf8, 0x7,
    0x4f, 0x8, 0x70, 0x0, 0xcd, 0x3, 0xd5, 0x1c,
    0x2a, 0x44, 0x0, 0xf0, 0x1e, 0xa0, 0xc0, 0x1c,
    0xb8, 0x2a, 0xa1, 0xc5, 0x0, 0xe6, 0x5, 0x0,
    0xff, 0xe6, 0x28, 0x30, 0x7, 0x2e, 0xa, 0xa8,
    0x71, 0x40, 0x39, 0x81, 0x7c, 0x21, 0xc0, 0x3,
    0x34, 0xf, 0x54, 0x70, 0xa9, 0x10, 0x3, 0xc0,
    0x7a, 0x38, 0x47, 0xf7, 0x18, 0x26, 0x0, 0x11,
    0x20, 0xdd, 0xcf, 0x80, 0x74, 0x8, 0xa3, 0x1,
    0x4, 0xc6, 0x0, 0xcd, 0x88, 0x2, 0x7, 0x50,
    0x1, 0x2e, 0x76, 0xfd, 0x98, 0x7, 0x8e, 0xff,
    0x7b, 0x14, 0x0,

    /* U+F06E8 "󰛨" */
    0x0, 0xff, 0xeb, 0xff, 0x80, 0x3f, 0xfb, 0x64,
    0x20, 0x1f, 0xfc, 0x1, 0x20, 0xf, 0x8b, 0x30,
    0x20, 0x1b, 0xfc, 0x1, 0x87, 0x30, 0x40, 0x1e,
    0x33, 0x16, 0x80, 0x7f, 0xb4, 0x8c, 0xc0, 0x1e,
    0x1c, 0x3f, 0x0, 0x36, 0x77, 0x31, 0x80, 0x1e,
    0x78, 0x20, 0x1f, 0xe, 0x18, 0xe4, 0x98, 0x88,
    0xe7, 0x4, 0xf0, 0x40, 0x3f, 0xed, 0x30, 0xf,
    0x1e, 0x80, 0x7f, 0xf0, 0x58, 0xc0, 0x3f, 0x1b,
    0x0, 0x7f, 0xf0, 0x28, 0x3, 0xfd, 0x40, 0x1f,
    0x7f, 0xc0, 0x3, 0x0, 0xff, 0x10, 0x3, 0xfe,
    0x0, 0xf8, 0x40, 0x3f, 0xf8, 0xdf, 0xf0, 0x0,
    0x80, 0x3f, 0xc4, 0x0, 0xff, 0x80, 0x3e, 0xa0,
    0xf, 0xf5, 0x0, 0x7f, 0xf0, 0x18, 0xc0, 0x3f,
    0x1b, 0x0, 0x7f, 0xf0, 0x74, 0xc0, 0x3c, 0x7a,
    0x1, 0xff, 0xc2, 0x1c, 0x0, 0xf6, 0x8, 0x7,
    0xff, 0x70, 0xc0, 0x31, 0x80, 0x7f, 0xf1, 0xb3,
    0xff, 0x60, 0x7, 0xff, 0x1f, 0xff, 0x0, 0x7f,
    0xf2, 0xc, 0x0, 0x60, 0x1f, 0xe0,

    /* U+F0709 "󰜉" */
    0x0, 0xfc, 0x20, 0x1f, 0xfc, 0x41, 0xc0, 0xf,
    0xfe, 0x18, 0xe1, 0x0, 0x7f, 0xf0, 0x87, 0x8,
    0x3, 0xff, 0x84, 0x38, 0x40, 0xf, 0xd9, 0x20,
    0xf, 0xed, 0x20, 0xc, 0x4d, 0xb2, 0x1, 0xfb,
    0x84, 0x2, 0xfc, 0x60, 0x6b, 0x0, 0xf8, 0xb0,
    0x40, 0x23, 0x9d, 0x14, 0x80, 0x8, 0xa8, 0x0,
    0x58, 0x20, 0x18, 0xb4, 0x1c, 0x80, 0x16, 0xae,
    0x0, 0x2c, 0x10, 0xc, 0x6a, 0x14, 0x0, 0x40,
    0x40, 0x8, 0xb0, 0x3, 0xb8, 0x10, 0x0, 0x40,
    0x60, 0x18, 0x80, 0x39, 0x80, 0x80, 0x3f, 0xf9,
    0x4, 0x6, 0x1, 0xfe, 0x60, 0x20, 0x2, 0x5,
    0x80, 0x7f, 0xb8, 0x2c, 0x1, 0x40, 0xe6, 0x1,
    0xf9, 0x14, 0x18, 0x0, 0x6c, 0x1a, 0x60, 0x1e,
    0x3a, 0x8, 0x10, 0xa, 0x50, 0x71, 0x80, 0x2,
    0x95, 0x82, 0xce, 0x1, 0xd6, 0xe0, 0x41, 0x9d,
    0x6a, 0x11, 0x20, 0x1f, 0x46, 0xa0, 0x10, 0x1b,
    0xeb, 0x80, 0x7f, 0x10, 0x3, 0xbf, 0x20, 0x80,
    0x38,

    /* U+F0717 "󰜗" */
    0x0, 0xfd, 0x2a, 0x76, 0x1, 0xff, 0xc3, 0x46,
    0xac, 0x47, 0x0, 0xff, 0xe1, 0x24, 0x0, 0x15,
    0xc0, 0x3f, 0x8d, 0xc8, 0x2, 0x71, 0xb, 0x0,
    0xd0, 0x80, 0x1a, 0x61, 0x0, 0x3f, 0xc8, 0xf2,
    0x1, 0x8c, 0x34, 0x2, 0x41, 0x7, 0x0, 0xb4,
    0x18, 0x40, 0x1c, 0xc0, 0x9a, 0xb5, 0x60, 0x9,
    0xc5, 0xc6, 0x4, 0xe2, 0x4, 0x37, 0x22, 0x52,
    0x84, 0x50, 0x9d, 0x18, 0xba, 0x11, 0x2, 0xb2,
    0x36, 0x0, 0xb9, 0xd7, 0x90, 0x17, 0xa2, 0xf4,
    0x3, 0xc8, 0xc, 0x20, 0x11, 0x86, 0x0, 0x7f,
    0xf4, 0x90, 0x18, 0x40, 0x23, 0xc, 0x0, 0xf5,
    0x5c, 0x6c, 0x1, 0x73, 0xaf, 0x20, 0x2f, 0x45,
    0xe8, 0x1, 0x10, 0xe4, 0x4a, 0x50, 0x8a, 0x13,
    0xa3, 0x17, 0x42, 0x20, 0x73, 0x1, 0xea, 0xd5,
    0x80, 0x27, 0x17, 0x18, 0x13, 0x88, 0x0, 0x61,
    0x60, 0x12, 0x8, 0x38, 0x5, 0x40, 0xc2, 0x1,
    0x4c, 0x28, 0x7, 0xf8, 0xe2, 0x40, 0x31, 0xb9,
    0x0, 0x4e, 0x21, 0x60, 0x19, 0xd0, 0x3, 0xf9,
    0x20, 0x0, 0xae, 0x1, 0xff, 0xc2, 0x46, 0xac,
    0x47, 0x0, 0xf8,

    /* U+F072E "󰜮" */
    0x0, 0xff, 0xe4, 0xff, 0xf8, 0x3, 0xff, 0xfe,
    0x1, 0xff, 0xde, 0x5f, 0xfc, 0x1, 0xef, 0xfc,
    0xaa, 0xa0, 0xf, 0xfe, 0x5, 0x28, 0x2d, 0x0,
    0x7f, 0xa9, 0x40, 0x25, 0xa0, 0xf, 0xd4, 0xa0,
    0x1c, 0xb4, 0x1, 0xea, 0x50, 0xf, 0x96, 0x80,
    0x35, 0x28, 0x7, 0xf2, 0xd0, 0x2, 0x94, 0x3,
    0xfe, 0x5a, 0xa2, 0x80, 0x78,

    /* U+F0731 "󰜱" */
    0x0, 0xf9, 0x40, 0x3f, 0xf8, 0x6b, 0x40, 0x1f,
    0xfc, 0x25, 0xa0, 0xf, 0xfe, 0x12, 0xd0, 0x7,
    0xff, 0x9, 0x68, 0x3, 0xff, 0x84, 0xb4, 0x1,
    0xbf, 0xff, 0x0, 0x16, 0x80, 0x3f, 0xf8, 0x4b,
    0x40, 0x1f, 0xfd, 0x45, 0xa0, 0xf, 0xfe, 0x22,
    0xd0, 0x7, 0xff, 0x11, 0x68, 0x3, 0x7f, 0xfe,
    0x0, 0xcb, 0x40, 0x1f, 0xfc, 0x45, 0xa0, 0xf,
    0xfe, 0x22, 0xd0, 0x7, 0xff, 0x11, 0x68, 0x3,
    0xf8,

    /* U+F0734 "󰜴" */
    0x0, 0xfe, 0x50, 0xf, 0xfe, 0x25, 0x28, 0x7,
    0xff, 0x12, 0x94, 0x3, 0xff, 0x89, 0x4a, 0x1,
    0xff, 0xc4, 0xa5, 0x0, 0xdf, 0xff, 0x80, 0x35,
    0x28, 0x7, 0xff, 0x12, 0x94, 0x3, 0xff, 0x89,
    0x4a, 0x1, 0xff, 0xd4, 0xa5, 0x0, 0xff, 0xe1,
    0x52, 0x80, 0x3f, 0xff, 0x0, 0x6a, 0x50, 0xf,
    0xfe, 0x15, 0x28, 0x7, 0xff, 0xa, 0x94, 0x3,
    0xff, 0x85, 0x4a, 0x1, 0xff, 0xc2, 0xa5, 0x0,
    0xf0,

    /* U+F0737 "󰜷" */
    0x0, 0xf9, 0x54, 0x1, 0xff, 0xc1, 0x5a, 0xa2,
    0x80, 0x7f, 0xcb, 0x40, 0xa, 0x50, 0xf, 0xe5,
    0xa0, 0xd, 0x4a, 0x1, 0xf2, 0xd0, 0x7, 0xa9,
    0x40, 0x39, 0x68, 0x3, 0xf5, 0x28, 0x4, 0xb4,
    0x1, 0xfe, 0xa5, 0x5, 0xa0, 0xf, 0xfe, 0x5,
    0x2a, 0xbf, 0xf0, 0x7, 0xbf, 0xf2, 0x80, 0x7f,
    0xff, 0xc0, 0x3f, 0xfb, 0xdf, 0xfe, 0x0, 0xe0,

    /* U+F073A "󰜺" */
    0x0, 0xf2, 0xd6, 0xff, 0xb6, 0x94, 0x3, 0xfc,
    0x9d, 0x4a, 0x40, 0x2, 0x5a, 0xd4, 0x0, 0xfa,
    0x2c, 0x4e, 0x77, 0xfd, 0xb2, 0x65, 0x70, 0x1,
    0xd0, 0xe1, 0x18, 0xc4, 0x0, 0x26, 0xc8, 0x7,
    0x80, 0x9, 0x1c, 0x1, 0x62, 0x1, 0xf3, 0xd8,
    0x3a, 0x0, 0x28, 0x20, 0xcd, 0xa2, 0x1, 0xf2,
    0x40, 0x48, 0x28, 0x9b, 0xe9, 0x9b, 0x44, 0x3,
    0xe7, 0x32, 0x5f, 0xa, 0x1, 0xd3, 0x36, 0x88,
    0x7, 0xd4, 0x1e, 0xe0, 0x80, 0x1, 0xd3, 0x36,
    0x88, 0x7, 0x90, 0x1c, 0x80, 0x80, 0x21, 0xd3,
    0x36, 0x88, 0x7, 0x10, 0x10, 0x7, 0xc3, 0xa6,
    0x6d, 0x10, 0xf, 0x88, 0x8, 0x3, 0x87, 0x4c,
    0xda, 0x20, 0x11, 0x1, 0x38, 0x20, 0x7, 0x87,
    0x4c, 0xda, 0x20, 0x5, 0x7, 0xf0, 0xa0, 0xf,
    0x87, 0x4c, 0xda, 0x21, 0x41, 0xea, 0x26, 0xc0,
    0x1f, 0xe, 0x99, 0xb6, 0x8, 0x54, 0x28, 0x25,
    0x0, 0x3e, 0x1d, 0x33, 0x38, 0x50, 0x1, 0x1c,
    0x2d, 0x80, 0x3e, 0x1b, 0x0, 0x3a, 0x0, 0x50,
    0xe1, 0x38, 0xc4, 0x0, 0x26, 0xc8, 0x7, 0x80,
    0xe, 0x8b, 0x13, 0x9d, 0xff, 0x6c, 0x98, 0xdc,
    0x0, 0x7c, 0x9d, 0x4a, 0x40, 0x2, 0x5a, 0xe4,
    0x0, 0xc0,

    /* U+F0758 "󰝘" */
    0x4d, 0xff, 0xff, 0xe2, 0x6a, 0x51, 0x0, 0x7f,
    0xf1, 0xa, 0x44, 0x3f, 0xfe, 0x0, 0x7f, 0xfc,
    0x4, 0x1, 0xff, 0xff, 0x0, 0xff, 0xf1, 0xff,
    0xfc, 0x0, 0xff, 0xf8, 0x3, 0xff, 0x99, 0xff,
    0xf0, 0x3, 0xff, 0xe0, 0xf, 0xff, 0xf8, 0x7,
    0xff, 0x8c, 0x43, 0xff, 0xe0, 0x7, 0xff, 0xc0,
    0x54, 0x20, 0x1f, 0xfc, 0x41, 0x90,

    /* U+F0770 "󰝰" */
    0x0, 0xff, 0xe5, 0x27, 0x7f, 0xfa, 0x0, 0x3f,
    0xf8, 0x34, 0x20, 0x1e, 0x78, 0x0, 0xff, 0xe0,
    0x8, 0x7, 0xe7, 0xff, 0xfb, 0x90, 0x3, 0xff,
    0x90, 0x34, 0x1, 0xdf, 0xff, 0xfc, 0x4e, 0x0,
    0xff, 0xe8, 0xff, 0xff, 0xf1, 0x44, 0x2, 0x40,
    0xf, 0xfe, 0x21, 0x88, 0x5, 0x80, 0x1f, 0xfc,
    0x44, 0x0, 0xc8, 0x1, 0xff, 0xc4, 0xc0, 0x8,
    0x4c, 0x3, 0xff, 0x88, 0x80, 0x12, 0x0, 0x7f,
    0xf1, 0x10, 0x3, 0x60, 0x7, 0xff, 0x13, 0x0,
    0x33, 0x80, 0x7f, 0xf1, 0x10, 0x0, 0x20, 0x20,
    0x1f, 0xfc, 0x31, 0x30, 0x5, 0x8, 0x7, 0xff,
    0xc, 0x68, 0x2, 0x4e, 0xff, 0xff, 0xe1, 0xf2,
    0x0, 0x40,

    /* U+F0792 "󰞒" */
    0x0, 0xfe, 0xff, 0x0, 0x7f, 0xff, 0xc0, 0x3f,
    0xff, 0xe0, 0x1, 0x0, 0xff, 0xe0, 0x10, 0x7,
    0x2f, 0x28, 0x7, 0xf9, 0x75, 0x40, 0x36, 0x85,
    0x28, 0x7, 0xe5, 0xa0, 0xd0, 0xd, 0xe, 0x14,
    0xa0, 0x1e, 0x5a, 0x7, 0x80, 0xe, 0x87, 0xa,
    0x50, 0xc, 0xb4, 0xf, 0x0, 0x1f, 0x43, 0x85,
    0x28, 0x1, 0x68, 0x1e, 0x0, 0x3f, 0xa1, 0xc2,
    0x80, 0x14, 0xf, 0x0, 0x1f, 0xf4, 0x38, 0x6,
    0x78, 0x0, 0xff, 0xe0, 0xc3, 0x80, 0x1e, 0x0,
    0x3f, 0xf8, 0x70, 0xee, 0x80, 0xf, 0xdf, 0xff,
    0xce, 0xef, 0xff, 0xe0, 0xf, 0xfe, 0x40,

    /* U+F0795 "󰞕" */
    0xff, 0xff, 0xe4, 0x0, 0x7f, 0xf2, 0x3f, 0xff,
    0x9d, 0xdf, 0xff, 0xc0, 0x1f, 0xa1, 0xdd, 0x0,
    0x1f, 0xfc, 0x38, 0x70, 0x3, 0xc0, 0x7, 0xff,
    0x6, 0x1c, 0x3, 0x3c, 0x0, 0x7f, 0xd0, 0xe1,
    0x40, 0xa, 0x7, 0x80, 0xf, 0xe8, 0x70, 0xa5,
    0x0, 0x2d, 0x3, 0xc0, 0x7, 0xd0, 0xe1, 0x4a,
    0x1, 0x96, 0x81, 0xe0, 0x3, 0xa1, 0xc2, 0x94,
    0x3, 0xcb, 0x40, 0xf0, 0x1, 0xb4, 0x29, 0x40,
    0x3f, 0x2d, 0x6, 0x80, 0x65, 0xe5, 0x0, 0xff,
    0x2f, 0x28, 0x7, 0x8, 0x7, 0xff, 0x0, 0x40,
    0x3f, 0xff, 0xe0, 0x1f, 0xff, 0x80,

    /* U+F0796 "󰞖" */
    0xff, 0xff, 0xe4, 0x0, 0x7f, 0xf2, 0x3f, 0xff,
    0x80, 0x1f, 0xff, 0xc0, 0x1f, 0xff, 0xf0, 0xf,
    0xff, 0xc0, 0x80, 0x7f, 0xf0, 0x4, 0x3, 0x97,
    0x94, 0x3, 0xfc, 0xbc, 0xa0, 0x18, 0x82, 0x94,
    0x3, 0xf2, 0xd0, 0x10, 0x6, 0x78, 0xa, 0x50,
    0xf, 0x2d, 0x4, 0x38, 0x7, 0x3c, 0x5, 0x28,
    0x6, 0x5a, 0x8, 0x70, 0xf, 0x9e, 0x2, 0x94,
    0x0, 0xb4, 0x10, 0xe0, 0x1f, 0xcf, 0x1, 0x40,
    0xa, 0x8, 0x70, 0xf, 0xf9, 0xe0, 0x3, 0x43,
    0x80, 0x7f, 0xf0, 0x5e, 0x0, 0x10, 0xe0, 0x1f,
    0xfc, 0x37, 0x88, 0x38, 0x7, 0xe0,

    /* U+F0799 "󰞙" */
    0x0, 0xfe, 0x77, 0x0, 0x7f, 0xf1, 0x5e, 0x20,
    0xe0, 0x1f, 0xfc, 0x37, 0x80, 0x4, 0x38, 0x7,
    0xff, 0x5, 0xe0, 0x3, 0x43, 0x80, 0x7f, 0xcf,
    0x1, 0x40, 0xa, 0x8, 0x70, 0xf, 0xe7, 0x80,
    0xa5, 0x0, 0x2d, 0x4, 0x38, 0x7, 0xcf, 0x1,
    0x4a, 0x1, 0x96, 0x82, 0x1c, 0x3, 0x9e, 0x2,
    0x94, 0x3, 0xcb, 0x41, 0xe, 0x1, 0x88, 0x29,
    0x40, 0x3f, 0x2d, 0x1, 0x0, 0x65, 0xe5, 0x0,
    0xff, 0x2f, 0x28, 0x7, 0x8, 0x7, 0xff, 0x0,
    0x40, 0x3f, 0xff, 0xe0, 0x1f, 0xff, 0x8f, 0xff,
    0xe0, 0x7, 0xff, 0xf0, 0x7, 0xff, 0x20,

    /* U+F07D6 "󰟖" */
    0x0, 0xff, 0xe6, 0xa7, 0x18, 0x7, 0xff, 0x11,
    0x2c, 0x74, 0xc0, 0x3f, 0xf8, 0x49, 0x60, 0x43,
    0xa6, 0x1, 0xff, 0xc0, 0x4b, 0x7, 0xd5, 0x1d,
    0x30, 0xf, 0xf2, 0x58, 0x3d, 0x5d, 0x94, 0x74,
    0xc0, 0x3f, 0xa8, 0xa, 0x25, 0x2e, 0x94, 0x74,
    0xc0, 0x3f, 0x68, 0x95, 0x51, 0x6e, 0x2d, 0x47,
    0xc, 0x3, 0xe3, 0xd1, 0x5b, 0xa9, 0x7a, 0xa2,
    0x86, 0x18, 0x7, 0xc7, 0xa2, 0xb5, 0x29, 0x2d,
    0x6a, 0x18, 0x60, 0x1f, 0x1e, 0x8a, 0xdd, 0x92,
    0x76, 0x94, 0x30, 0xc0, 0x3e, 0x3d, 0x5, 0xa7,
    0x39, 0x4b, 0x50, 0xc3, 0x0, 0xf8, 0xf0, 0x16,
    0xf0, 0x6f, 0x29, 0x43, 0xc, 0x3, 0xe3, 0xc0,
    0x5a, 0x52, 0x52, 0x40, 0x1, 0x0, 0x7e, 0x3c,
    0x5, 0xbd, 0xac, 0x10, 0x5, 0x0, 0x7f, 0x1e,
    0x2, 0xd6, 0x9, 0xe0, 0x88, 0x3, 0xfc, 0x78,
    0xa, 0x21, 0xe7, 0x94, 0x1, 0xff, 0x1e, 0x0,
    0x5a, 0x44, 0x0, 0xff, 0xe0, 0x9e, 0x72, 0x20,
    0x80, 0x3f, 0xf8, 0x66, 0x37, 0x40, 0x18,

    /* U+F07E7 "󰟧" */
    0x3d, 0xff, 0xff, 0xe2, 0x61, 0x71, 0x0, 0x7f,
    0xf1, 0xf, 0x88, 0x3, 0x8e, 0x77, 0xfd, 0xb2,
    0x60, 0x1c, 0x60, 0x1d, 0x38, 0xc4, 0x0, 0x26,
    0xc8, 0x0, 0xfe, 0xb6, 0x0, 0xfc, 0xf6, 0x1,
    0xf4, 0x20, 0x7, 0xf9, 0x20, 0x3, 0x8d, 0xc0,
    0x3f, 0xf8, 0xe, 0x60, 0x1a, 0x80, 0x3f, 0xf8,
    0x54, 0x1, 0x90, 0x0, 0x60, 0x1f, 0x8c, 0x0,
    0x80, 0x18, 0x82, 0xf2, 0xc0, 0x3d, 0x79, 0x60,
    0x40, 0x1e, 0x50, 0x50, 0xf, 0x28, 0x28, 0x7,
    0x88, 0x29, 0x68, 0x3, 0xd4, 0xb4, 0x4, 0x1,
    0x90, 0x12, 0x90, 0x3, 0xc9, 0x48, 0x8, 0x1,
    0xa8, 0x3, 0xff, 0x85, 0x40, 0x18, 0xd8, 0x3,
    0xff, 0x80, 0xc6, 0x1, 0xd2, 0x80, 0x1f, 0xe4,
    0x90, 0xf, 0xad, 0x80, 0x3f, 0x3d, 0x80, 0x7f,
    0x4e, 0x31, 0x0, 0x9, 0xb2, 0x0, 0x38, 0xc0,
    0x38, 0xe7, 0x7f, 0xdb, 0x26, 0x1, 0xc5, 0xc6,
    0x1, 0xff, 0xc4, 0x2e,

    /* U+F07E8 "󰟨" */
    0x4d, 0xff, 0xff, 0xe2, 0x6a, 0x51, 0x0, 0x7f,
    0xf1, 0xa, 0x44, 0x3f, 0xff, 0xf8, 0x80, 0x40,
    0x1f, 0xfe, 0x5f, 0xf0, 0x7, 0xff, 0xfc, 0x2,
    0xff, 0x0, 0x7f, 0xfa, 0x4c, 0xe1, 0x0, 0xc2,
    0x67, 0x0, 0x7e, 0xcc, 0xa4, 0x3, 0x4e, 0x64,
    0x1, 0xff, 0xd0, 0xff, 0xa0, 0x3, 0x47, 0xfc,
    0x1, 0xff, 0xe0, 0x10, 0xff, 0xff, 0xe2, 0x1,
    0x50, 0x80, 0x7f, 0xf1, 0x6, 0x40,

    /* U+F07E9 "󰟩" */
    0x3d, 0xff, 0xff, 0xe2, 0x61, 0x71, 0x0, 0x7f,
    0xf1, 0xf, 0x88, 0x3, 0x8e, 0x77, 0xfd, 0xb2,
    0x60, 0x1c, 0x60, 0x1d, 0x38, 0xc4, 0x0, 0x26,
    0xc8, 0x0, 0xfe, 0xb6, 0x0, 0xfc, 0xf6, 0x1,
    0xf4, 0x20, 0x7f, 0x80, 0x33, 0xb8, 0x12, 0x0,
    0x38, 0xdc, 0x3, 0xf4, 0x40, 0x0, 0xe6, 0x1,
    0xa8, 0x3, 0xff, 0x85, 0x40, 0x19, 0x0, 0x3f,
    0xf8, 0x48, 0x1, 0x88, 0x3, 0xfa, 0x20, 0x1,
    0x10, 0x7, 0xef, 0xf0, 0x6, 0x77, 0x0, 0x7e,
    0x20, 0xf, 0xfe, 0x11, 0x0, 0x64, 0x0, 0xf0,
    0x88, 0x3, 0xc8, 0x1, 0xa8, 0x3, 0x93, 0xb8,
    0x60, 0x1d, 0x40, 0x18, 0xd8, 0x3, 0x18, 0x1,
    0x0, 0x33, 0x18, 0x7, 0x4a, 0x0, 0x4f, 0xfe,
    0x70, 0x9, 0x24, 0x3, 0xeb, 0x60, 0xf, 0xcf,
    0x60, 0x1f, 0xd3, 0x8c, 0x40, 0x2, 0x6c, 0x80,
    0xe, 0x30, 0xe, 0x39, 0xdf, 0xf6, 0xc9, 0x80,
    0x71, 0x71, 0x80, 0x7f, 0xf1, 0xb, 0x80,

    /* U+F07F4 "󰟴" */
    0x0, 0xe5, 0xa0, 0xf, 0x52, 0x80, 0x7f, 0xad,
    0x68, 0x3, 0x52, 0xd8, 0x7, 0xfb, 0x41, 0x68,
    0x1, 0x4a, 0x1a, 0x1, 0xfe, 0x3c, 0x5, 0xaa,
    0x28, 0x61, 0x80, 0x72, 0x77, 0xfe, 0xc0, 0x2,
    0xa8, 0x1, 0x9f, 0xfb, 0x92, 0x84, 0x3, 0xff,
    0x88, 0x34, 0x21, 0xff, 0xff, 0xc1, 0x4, 0xf4,
    0x10, 0xf, 0xfe, 0xc2, 0x7a, 0x0, 0x7f, 0xf1,
    0x53, 0xd0, 0x3, 0xff, 0xb2, 0x9e, 0x80, 0x1f,
    0xff, 0xf0, 0xf, 0x8, 0x7f, 0xff, 0xf0, 0x40,
    0x31, 0x50, 0x80, 0x7f, 0xf1, 0x6, 0x40,

    /* U+F081D "󰠝" */
    0x0, 0xfc, 0xdb, 0xfd, 0x44, 0x1, 0xff, 0xc2,
    0x49, 0x20, 0x15, 0xc0, 0xf, 0x92, 0xc0, 0x3a,
    0x0, 0x38, 0x4c, 0x3, 0xdc, 0x98, 0x1, 0x88,
    0x3, 0x84, 0xc0, 0x3d, 0x48, 0x78, 0x1, 0xf8,
    0x74, 0x3, 0xf5, 0x11, 0xe0, 0x1, 0xc0, 0x22,
    0xe3, 0x0, 0xf8, 0xbc, 0x80, 0xf0, 0x25, 0x40,
    0x10, 0x1, 0xfd, 0x2, 0x1, 0x1e, 0x5, 0x28,
    0x60, 0x2d, 0x6e, 0xad, 0x0, 0xe, 0x1, 0xc7,
    0x81, 0x4a, 0xdf, 0x4a, 0x44, 0x4b, 0x60, 0x20,
    0xf, 0x1e, 0x5, 0x28, 0x7, 0xd0, 0x4, 0x1,
    0xf1, 0xe0, 0x52, 0x80, 0x78, 0x42, 0xc0, 0x3f,
    0x1e, 0x5, 0x50, 0xc0, 0x30, 0x83, 0x5a, 0x9,
    0x25, 0x7b, 0x1, 0xe0, 0x2e, 0x10, 0x4, 0x80,
    0x4, 0xbe, 0xdb, 0x50, 0xc0, 0x1, 0xe0, 0x3,
    0xc4, 0x6, 0x0, 0x3f, 0xa0, 0x2, 0x3c, 0x2,
    0xec, 0xe2, 0x0, 0xf8, 0xf4, 0x80, 0x31, 0xe0,
    0x0, 0xc0, 0x3f, 0xb4, 0x80, 0x30, 0xa1, 0xe0,
    0x7, 0xf8, 0xc4, 0x3, 0x96, 0xd0, 0xf0, 0x3,
    0xf8, 0xc4, 0x3, 0xbc, 0x2d, 0xe, 0xc0, 0x3f,
    0xb1, 0x44, 0xa, 0x50, 0x1, 0x6b, 0xe0, 0x10,

    /* U+F0901 "󰤁" */
    0x0, 0xe4, 0xad, 0xff, 0x6d, 0x20, 0x7, 0xe1,
    0xbb, 0x29, 0x0, 0x9, 0x6e, 0xc2, 0x1, 0xc7,
    0xe8, 0x2f, 0x9d, 0xcc, 0x71, 0x4f, 0x30, 0x8,
    0x74, 0x53, 0xe0, 0xc4, 0x47, 0x1e, 0x83, 0xa2,
    0x0, 0xa1, 0x4b, 0x10, 0x7, 0xf8, 0x0, 0x36,
    0x83, 0x40, 0x88, 0x1a, 0x0, 0xff, 0x50, 0xa2,
    0x38, 0x18, 0x40, 0x3f, 0xc2, 0xc1, 0xce, 0x16,
    0x1, 0xff, 0xc0, 0xb0, 0x72, 0x2, 0x0, 0xff,
    0xe0, 0x10, 0x10, 0x7, 0xff, 0x18, 0x80, 0x80,
    0x3f, 0xf8, 0x4, 0x4, 0xe1, 0x60, 0x1f, 0xfc,
    0xb, 0x7, 0xe0, 0x61, 0x0, 0xff, 0xb, 0x7,
    0x22, 0x6, 0x80, 0x3f, 0xd4, 0x28, 0x80, 0xa1,
    0x4b, 0x10, 0x7, 0xf8, 0x0, 0x36, 0x83, 0x40,
    0x1, 0xd1, 0x4f, 0x83, 0x11, 0x1c, 0x7a, 0xe,
    0x88, 0x4, 0x7e, 0x82, 0xf9, 0xdc, 0xc7, 0x14,
    0xf3, 0x0, 0xe1, 0xbb, 0x29, 0x0, 0x9, 0x6e,
    0xc2, 0x1, 0x0,

    /* U+F0902 "󰤂" */
    0x0, 0xe4, 0xad, 0xff, 0x6d, 0x20, 0x7, 0xe1,
    0xbb, 0x29, 0x0, 0x9, 0x6e, 0xc2, 0x1, 0xc7,
    0xe8, 0x2f, 0x9d, 0xcc, 0x71, 0x4f, 0x30, 0x8,
    0x74, 0x53, 0xe0, 0xc4, 0x47, 0x1e, 0x83, 0xa2,
    0x0, 0xa1, 0x4b, 0x10, 0xf, 0xd, 0xa0, 0xd0,
    0x22, 0x6, 0x80, 0x3f, 0xd4, 0x28, 0x8e, 0x6,
    0x10, 0xf, 0xf0, 0xb0, 0x73, 0x85, 0x80, 0x7f,
    0xf0, 0x2c, 0x1c, 0x80, 0x80, 0x3f, 0xf8, 0x4,
    0x4, 0x1, 0xff, 0xc6, 0x20, 0x20, 0xf, 0xfe,
    0x1, 0x1, 0x38, 0x58, 0x7, 0xff, 0x2, 0xc1,
    0xf8, 0x18, 0x40, 0x3f, 0xc2, 0xc1, 0xc8, 0x81,
    0xa0, 0xf, 0xf5, 0xa, 0x20, 0x28, 0x52, 0xc4,
    0x3, 0xc3, 0x68, 0x34, 0x0, 0x1d, 0x14, 0xf8,
    0x31, 0x11, 0xc7, 0xa0, 0xe8, 0x80, 0x47, 0xe8,
    0x2f, 0x9d, 0xcc, 0x71, 0x4f, 0x30, 0xe, 0x1b,
    0xb2, 0x90, 0x0, 0x96, 0xec, 0x20, 0x10,

    /* U+F0903 "󰤃" */
    0xff, 0x0, 0x7f, 0xf5, 0x80,

    /* U+F0905 "󰤅" */
    0x3d, 0xff, 0xff, 0xe2, 0x61, 0x71, 0x0, 0x7f,
    0xf1, 0xf, 0x88, 0x3, 0x8e, 0x77, 0xfd, 0xb2,
    0x60, 0x1c, 0x60, 0x1d, 0x38, 0xc4, 0x0, 0x26,
    0xc8, 0x0, 0xfe, 0xb6, 0x0, 0xfc, 0xf6, 0x1,
    0xf4, 0x20, 0x18, 0x7, 0x8c, 0x12, 0x0, 0x38,
    0xdc, 0x13, 0x28, 0x3, 0x56, 0x20, 0x39, 0x80,
    0x6a, 0x0, 0x48, 0x60, 0x6, 0xc0, 0x90, 0x5,
    0x0, 0x64, 0x6, 0x22, 0x30, 0x6, 0x62, 0x23,
    0x2, 0x0, 0x62, 0x4, 0x44, 0x80, 0x7a, 0x51,
    0x0, 0x40, 0x1e, 0x2b, 0x40, 0xf, 0x25, 0x90,
    0x7, 0x88, 0x3, 0xff, 0x84, 0x40, 0x19, 0x0,
    0x3d, 0xfe, 0x0, 0xf2, 0x0, 0x6a, 0x0, 0xff,
    0xe1, 0x50, 0x6, 0x36, 0x0, 0xff, 0xe0, 0x31,
    0x80, 0x74, 0xa0, 0x7, 0xf9, 0x24, 0x3, 0xeb,
    0x60, 0xb, 0xfc, 0x1, 0x3d, 0x80, 0x7f, 0x4e,
    0x31, 0x0, 0x9, 0xb2, 0x0, 0x38, 0xc0, 0x38,
    0xe7, 0x7f, 0xdb, 0x26, 0x1, 0xc5, 0xc6, 0x1,
    0xff, 0xc4, 0x2e,

    /* U+F0906 "󰤆" */
    0x0, 0xfe, 0xff, 0x0, 0x7f, 0xf4, 0x8d, 0xc0,
    0x3f, 0xce, 0x60, 0x18, 0xb2, 0x14, 0x3, 0xf2,
    0xc6, 0x90, 0x5, 0xc0, 0x8a, 0x1, 0xf9, 0x50,
    0x64, 0x0, 0x86, 0x34, 0x1, 0xfe, 0xa1, 0x44,
    0x6, 0x83, 0x8, 0x7, 0xf8, 0x58, 0x34, 0x10,
    0x2c, 0x3, 0xff, 0x81, 0x60, 0x80, 0x40, 0x40,
    0x1f, 0xfc, 0x2, 0x2, 0x0, 0xff, 0xe4, 0x10,
    0x10, 0x7, 0x7f, 0x80, 0x38, 0x80, 0x81, 0xc2,
    0xc0, 0x3f, 0xf8, 0x16, 0x8, 0x1c, 0xc, 0x20,
    0x1f, 0xe1, 0x60, 0xd0, 0x43, 0x1a, 0x0, 0xff,
    0x50, 0xa2, 0x0, 0x1c, 0x9, 0x62, 0x1, 0xe1,
    0xb4, 0x9, 0x0, 0x8a, 0xc1, 0x3e, 0xc, 0x44,
    0x71, 0xe8, 0x18, 0x40, 0x19, 0x30, 0x85, 0xf3,
    0xb9, 0x8e, 0x27, 0xa6, 0x1, 0xe3, 0xda, 0x51,
    0x0, 0xa, 0xd6, 0x10, 0x7, 0xf2, 0xd7, 0x7f,
    0xba, 0x94, 0x3, 0x80,

    /* U+F0907 "󰤇" */
    0x0, 0xf1, 0xff, 0xb6, 0x48, 0x3, 0xff, 0x82,
    0x24, 0x4, 0xda, 0xa0, 0x1f, 0xfc, 0x2, 0x90,
    0xd, 0x48, 0x1, 0xff, 0xc0, 0x63, 0x10, 0xa,
    0xfe, 0x40, 0x3f, 0xc5, 0x9d, 0x40, 0x10, 0xa5,
    0x80, 0x7f, 0xf0, 0x34, 0x2, 0xad, 0x57, 0x0,
    0xf1, 0xaa, 0x18, 0x98, 0x5, 0xf0, 0x32, 0x1,
    0x8f, 0x72, 0xaf, 0x39, 0x0, 0x24, 0x70, 0xe,
    0x2c, 0x20, 0xf, 0xfe, 0x4, 0x80, 0x52, 0x1,
    0xff, 0xc0, 0x8c, 0x70, 0x9, 0x0, 0x38, 0x61,
    0xc0, 0x33, 0x98, 0x4, 0x20, 0x1e, 0x7f, 0x9c,
    0x0, 0x38, 0x7, 0x18, 0x7, 0x99, 0xfc, 0xcc,
    0x12, 0x1, 0x96, 0x40, 0x3f, 0xa, 0x20, 0x2c,
    0x3, 0x52, 0x0, 0x7f, 0x34, 0xa, 0x98, 0x4,
    0xa0, 0xc4, 0x1, 0xe8, 0x20, 0x80, 0xf0, 0xa,
    0xbe, 0x40, 0x3c, 0x33, 0xc6, 0xc6, 0x66, 0x0,
    0xe3, 0x0, 0xe1, 0x19, 0xc3, 0xc2, 0x0, 0x0,

    /* U+F091F "󰤟" */
    0x0, 0xf1, 0x3d, 0x6f, 0x7f, 0xbb, 0x69, 0xc8,
    0x3, 0xfc, 0xb9, 0xb0, 0xa4, 0x20, 0x1, 0x25,
    0x8d, 0xc5, 0x0, 0xf3, 0x75, 0x18, 0x2c, 0xe7,
    0x7f, 0xbb, 0x25, 0x40, 0xeb, 0x98, 0x0, 0x57,
    0x22, 0x55, 0xf4, 0xc6, 0x20, 0x1, 0x36, 0xaf,
    0xa2, 0x19, 0xc2, 0x14, 0x6, 0xd5, 0x0, 0xff,
    0xe0, 0x2e, 0xb0, 0x1b, 0x1c, 0x83, 0x10, 0x7,
    0xff, 0x8, 0x98, 0x21, 0x1, 0x98, 0x1e, 0x20,
    0x1f, 0xfc, 0x1, 0xf0, 0x57, 0x0, 0xa4, 0xca,
    0x80, 0x3f, 0xf8, 0x14, 0x47, 0x40, 0x1d, 0xa2,
    0x90, 0x1, 0xfe, 0x84, 0x1d, 0x0, 0xf0, 0xe8,
    0x3a, 0x80, 0x7e, 0x57, 0xa, 0x10, 0xf, 0x8e,
    0x42, 0x9a, 0x77, 0xfd, 0xb2, 0xb4, 0x12, 0x80,
    0x1f, 0xcc, 0xc0, 0x96, 0x20, 0x1, 0x35, 0x2,
    0xb0, 0x7, 0xfd, 0x26, 0x1, 0xf8, 0xe8, 0x3,
    0xff, 0x83, 0xa2, 0x1, 0xe1, 0xd0, 0xf, 0xfe,
    0x10, 0xe8, 0x7, 0xb4, 0x40, 0x3f, 0xf8, 0x67,
    0x20, 0x1a, 0x4c, 0x3, 0xff, 0x8a, 0xcc, 0x0,
    0x33, 0x0, 0x3f, 0xf8, 0xf2, 0x66, 0x90, 0xf,
    0xfe, 0x4e, 0xe8, 0x3, 0xfe,

    /* U+F0920 "󰤠" */
    0x0, 0xf1, 0x3d, 0x6f, 0x7f, 0xbb, 0x69, 0xc8,
    0x3, 0xfc, 0xb9, 0xb0, 0xa4, 0x20, 0x1, 0x25,
    0x8d, 0xc6, 0x0, 0xf3, 0x75, 0x18, 0xb4, 0xe7,
    0x7f, 0xbb, 0x25, 0x40, 0xe7, 0x98, 0x0, 0x37,
    0x22, 0x77, 0xd2, 0xc6, 0x20, 0x1, 0x36, 0xaf,
    0xa3, 0x19, 0xc2, 0x22, 0x3, 0x62, 0x0, 0x7f,
    0xf0, 0x17, 0x18, 0xd, 0x8e, 0x41, 0x8c, 0x3,
    0xff, 0x87, 0x3f, 0xe4, 0x6, 0x60, 0x68, 0x80,
    0x7f, 0xf2, 0x24, 0xc6, 0x80, 0x3f, 0xf8, 0x16,
    0x0, 0xff, 0x0, 0x6d, 0x14, 0x80, 0xf, 0xf4,
    0x20, 0x7, 0xe1, 0xd0, 0x75, 0x0, 0xfc, 0xae,
    0x1, 0xfe, 0x39, 0xa, 0x59, 0xdf, 0xf6, 0xca,
    0xd0, 0x48, 0x7, 0xf9, 0x98, 0x14, 0xc4, 0x0,
    0x26, 0xa0, 0x66, 0x0, 0x7f, 0xd2, 0x60, 0x1f,
    0x8e, 0x40, 0x3f, 0xf8, 0x3a, 0x20, 0x1e, 0x1d,
    0x0, 0xdf, 0xe0, 0xf, 0xc3, 0xa0, 0x1e, 0xd1,
    0x0, 0xff, 0xe1, 0x9c, 0x80, 0x69, 0x30, 0xe,
    0xff, 0x0, 0x7f, 0x99, 0x80, 0x6, 0x60, 0x7,
    0xff, 0x1e, 0x4c, 0xd2, 0x1, 0xf7, 0xf8, 0x3,
    0xff, 0x81, 0xba, 0x0, 0xff, 0x80,

    /* U+F0921 "󰤡" */
    0x0, 0xf1, 0x3d, 0x6f, 0x7f, 0xbb, 0x69, 0xc8,
    0x3, 0xfc, 0xb9, 0xb0, 0xa4, 0x20, 0x1, 0x25,
    0x8d, 0xc5, 0x0, 0xf3, 0x75, 0x18, 0x2c, 0xe7,
    0x7f, 0xbb, 0x25, 0x40, 0xeb, 0x98, 0x0, 0x57,
    0x22, 0x55, 0xf4, 0xc6, 0x20, 0x1, 0x36, 0xaf,
    0xa2, 0x19, 0xb2, 0x14, 0x6, 0xd5, 0x0, 0xff,
    0xe0, 0x2e, 0xb0, 0x20, 0x9c, 0x83, 0x10, 0x7,
    0xff, 0x8, 0x98, 0x24, 0xc1, 0x98, 0x1e, 0x20,
    0x1f, 0xfc, 0x1, 0xf0, 0x56, 0x0, 0xa4, 0xca,
    0x80, 0x3f, 0xf8, 0x3, 0xb7, 0x40, 0x1d, 0xa2,
    0x90, 0x1, 0xff, 0xc1, 0x40, 0xf, 0xe, 0x83,
    0xa8, 0x7, 0xf4, 0x77, 0x20, 0x3, 0xe3, 0x90,
    0xa5, 0x9d, 0xff, 0x69, 0x83, 0xb5, 0xd9, 0x9c,
    0x3, 0xe6, 0x60, 0x53, 0x10, 0x0, 0x80, 0x16,
    0xca, 0xa6, 0xb0, 0xf, 0xd2, 0x60, 0x1c, 0xc6,
    0x0, 0xf0, 0xf, 0xfe, 0xe, 0x88, 0x6, 0x80,
    0xa3, 0x8f, 0xf3, 0x9d, 0x0, 0x7e, 0x1d, 0x0,
    0xc2, 0xa, 0x1, 0xe5, 0x0, 0xfe, 0x39, 0x0,
    0xff, 0xe5, 0xb3, 0x0, 0x3f, 0xf9, 0x72, 0x66,
    0x0, 0xff, 0xe5, 0x6e, 0x80, 0xc, 0x1, 0xe5,
    0x0,

    /* U+F0922 "󰤢" */
    0x0, 0xf1, 0x3d, 0x6f, 0x7f, 0xbb, 0x69, 0xc8,
    0x3, 0xfc, 0xb9, 0xb0, 0xa4, 0x20, 0x1, 0x25,
    0x8d, 0xc5, 0x0, 0xf3, 0x75, 0x18, 0x2c, 0xe7,
    0x7f, 0xbb, 0x25, 0x40, 0xeb, 0x98, 0x0, 0x57,
    0x22, 0x55, 0xf4, 0xc6, 0x20, 0x1, 0x36, 0xaf,
    0xa2, 0x19, 0xc2, 0x14, 0x6, 0xd5, 0x0, 0xff,
    0xe0, 0x2e, 0xb0, 0x1b, 0x1c, 0x83, 0x10, 0x7,
    0xff, 0x8, 0x98, 0x21, 0x1, 0x98, 0x1e, 0x20,
    0x1f, 0xfc, 0x1, 0xf0, 0x57, 0x0, 0xa4, 0xca,
    0x80, 0x5a, 0xfb, 0xfd, 0xd6, 0xc2, 0x14, 0x47,
    0x40, 0x1d, 0xa2, 0x99, 0xd2, 0x82, 0x0, 0x14,
    0x9e, 0xc4, 0x1d, 0x0, 0xf0, 0xe8, 0x18, 0x7,
    0xf8, 0xc2, 0x84, 0x3, 0xe3, 0x90, 0xf, 0xfe,
    0x4, 0xa0, 0x7, 0xf3, 0x30, 0x3, 0xfc, 0xac,
    0x1, 0xff, 0x49, 0x80, 0x7e, 0x3a, 0x0, 0xff,
    0xe0, 0xe8, 0x80, 0x78, 0x74, 0x3, 0xff, 0x84,
    0x3a, 0x1, 0xed, 0x10, 0xf, 0xfe, 0x19, 0xc8,
    0x6, 0x93, 0x0, 0xff, 0xe2, 0xb3, 0x0, 0xc,
    0xc0, 0xf, 0xfe, 0x3c, 0x99, 0xa4, 0x3, 0xff,
    0x93, 0xba, 0x0, 0xff, 0x80,

    /* U+F0924 "󰤤" */
    0x0, 0xf1, 0x3d, 0x6f, 0x7f, 0xbb, 0x69, 0xc8,
    0x3, 0xfc, 0xb9, 0xb0, 0xa4, 0x20, 0x1, 0x25,
    0x8d, 0xc5, 0x0, 0xf3, 0x75, 0x18, 0x2c, 0xe7,
    0x7f, 0xbb, 0x25, 0x40, 0xeb, 0x98, 0x0, 0x57,
    0x22, 0x55, 0xf4, 0xc6, 0x20, 0x1, 0x36, 0xaf,
    0xa2, 0x19, 0xb2, 0x14, 0x6, 0xd5, 0x0, 0xff,
    0xe0, 0x2e, 0xb0, 0x20, 0x9c, 0x83, 0x10, 0x7,
    0xff, 0x8, 0x98, 0x24, 0xc1, 0x98, 0x1e, 0x20,
    0x1f, 0xfc, 0x1, 0xf0, 0x56, 0x0, 0xa4, 0xca,
    0x80, 0x5a, 0xfb, 0xfd, 0xb6, 0xc0, 0x1, 0xdb,
    0xa0, 0xe, 0xd1, 0x4c, 0xe9, 0x41, 0x0, 0x12,
    0x70, 0x6, 0x40, 0xf, 0xe, 0x81, 0x80, 0x7c,
    0x70, 0x11, 0xdc, 0x80, 0xf, 0x8e, 0x40, 0x3f,
    0x48, 0x3b, 0x5d, 0x99, 0xc0, 0x3e, 0x66, 0x0,
    0x7c, 0xe1, 0x6c, 0xaa, 0x6b, 0x0, 0xfd, 0x26,
    0x1, 0xcc, 0x40, 0xf, 0x0, 0xff, 0xe0, 0xe8,
    0x80, 0x68, 0xa, 0x38, 0xff, 0x39, 0xd0, 0x7,
    0xe1, 0xd0, 0xc, 0x20, 0xa0, 0x1e, 0x50, 0xf,
    0xe3, 0x90, 0xf, 0xfe, 0x5b, 0x30, 0x3, 0xff,
    0x97, 0x26, 0x60, 0xf, 0xfe, 0x56, 0xe8, 0x0,
    0xc0, 0x1e, 0x50,

    /* U+F0925 "󰤥" */
    0x0, 0xf1, 0x3d, 0x6f, 0x7f, 0xbb, 0x69, 0xc8,
    0x3, 0xfc, 0xb9, 0xb0, 0xa4, 0x20, 0x1, 0x25,
    0x8d, 0xc5, 0x0, 0xf3, 0x75, 0x18, 0x2c, 0xe7,
    0x7f, 0xbb, 0x25, 0x40, 0xeb, 0x98, 0x0, 0x57,
    0x22, 0x55, 0xf4, 0xc6, 0x20, 0x1, 0x36, 0xaf,
    0xa2, 0x19, 0xc2, 0x14, 0x6, 0xd5, 0x0, 0xff,
    0xe0, 0x2e, 0xb0, 0x1b, 0x1c, 0x83, 0x10, 0x0,
    0xa2, 0xfb, 0xfd, 0xb6, 0xe4, 0x0, 0x26, 0x8,
    0x40, 0x66, 0x7, 0xae, 0x6b, 0xa0, 0x80, 0x9,
    0x23, 0x6d, 0x3c, 0x15, 0xc0, 0x29, 0x32, 0xa3,
    0x0, 0xff, 0x25, 0x91, 0xd0, 0x7, 0x68, 0x80,
    0x7f, 0xf0, 0x87, 0x40, 0x3c, 0x3a, 0x1, 0xff,
    0xc2, 0xa1, 0x0, 0xf8, 0xe4, 0x3, 0xff, 0x81,
    0x28, 0x1, 0xfc, 0xcc, 0x0, 0xff, 0x2b, 0x0,
    0x7f, 0xd2, 0x60, 0x1f, 0x8e, 0x80, 0x3f, 0xf8,
    0x3a, 0x20, 0x1e, 0x1d, 0x0, 0xff, 0xe1, 0xe,
    0x80, 0x7b, 0x44, 0x3, 0xff, 0x86, 0x72, 0x1,
    0xa4, 0xc0, 0x3f, 0xf8, 0xac, 0xc0, 0x3, 0x30,
    0x3, 0xff, 0x8f, 0x26, 0x69, 0x0, 0xff, 0xe4,
    0xee, 0x80, 0x3f, 0xe0,

    /* U+F0927 "󰤧" */
    0x0, 0xf1, 0x3d, 0x6f, 0x7f, 0xbb, 0x69, 0xc8,
    0x3, 0xfc, 0xb9, 0xb0, 0xa4, 0x20, 0x1, 0x25,
    0x8d, 0xc5, 0x0, 0xf3, 0x75, 0x18, 0x2c, 0xe7,
    0x7f, 0xbb, 0x25, 0x40, 0xeb, 0x98, 0x0, 0x57,
    0x22, 0x55, 0xf4, 0xc6, 0x20, 0x1, 0x36, 0xaf,
    0xa2, 0x19, 0xb2, 0x14, 0x6, 0xd5, 0x0, 0xff,
    0xe0, 0x2e, 0xb0, 0x20, 0x9c, 0x83, 0x10, 0x0,
    0xa2, 0xfb, 0xfd, 0xb6, 0xe4, 0x0, 0x26, 0x9,
    0x30, 0x66, 0x7, 0xae, 0x6b, 0xa0, 0x80, 0x9,
    0x23, 0x6d, 0x3c, 0x15, 0x80, 0x29, 0x32, 0xa3,
    0x0, 0xfe, 0x4f, 0x4d, 0xba, 0x0, 0xed, 0x10,
    0xf, 0xf3, 0xda, 0x0, 0x10, 0x3, 0xc3, 0xa0,
    0x1f, 0xc7, 0x1, 0x1d, 0xc8, 0x0, 0xf8, 0xe4,
    0x3, 0xf4, 0x83, 0xb5, 0xd9, 0x9c, 0x3, 0xe6,
    0x60, 0x7, 0xcc, 0x16, 0xca, 0xa6, 0xb0, 0xf,
    0xd2, 0x60, 0x1c, 0xc6, 0x0, 0xf0, 0xf, 0xfe,
    0xe, 0x88, 0x6, 0x80, 0xa3, 0x8f, 0xf3, 0x9d,
    0x0, 0x7e, 0x1d, 0x0, 0xc2, 0xa, 0x1, 0xe5,
    0x0, 0xfe, 0x39, 0x0, 0xff, 0xe5, 0xb3, 0x0,
    0x3f, 0xf9, 0x72, 0x66, 0x0, 0xff, 0xe5, 0x6e,
    0x80, 0xc, 0x1, 0xe5, 0x0,

    /* U+F0928 "󰤨" */
    0x0, 0xf1, 0x3d, 0x6f, 0x7f, 0xbb, 0x69, 0xc8,
    0x3, 0xfc, 0xb9, 0xb0, 0xa4, 0x20, 0x1, 0x25,
    0x8d, 0xc5, 0x0, 0xf3, 0x75, 0x18, 0x7, 0xff,
    0x0, 0xeb, 0x98, 0x0, 0x57, 0x22, 0x1, 0xff,
    0xc4, 0x19, 0xc2, 0x14, 0x0, 0xff, 0xe4, 0x1b,
    0x1c, 0x80, 0x7f, 0xf2, 0x21, 0x1, 0x98, 0x1,
    0xff, 0xc6, 0x57, 0x0, 0xa4, 0xc0, 0x3f, 0xf8,
    0x87, 0x40, 0x1d, 0xa2, 0x1, 0xff, 0xc2, 0x1d,
    0x0, 0xf0, 0xe8, 0x7, 0xff, 0xa, 0x84, 0x3,
    0xe3, 0x90, 0xf, 0xfe, 0x4, 0xa0, 0x7, 0xf3,
    0x30, 0x3, 0xfc, 0xac, 0x1, 0xff, 0x49, 0x80,
    0x7e, 0x3a, 0x0, 0xff, 0xe0, 0xe8, 0x80, 0x78,
    0x74, 0x3, 0xff, 0x84, 0x3a, 0x1, 0xed, 0x10,
    0xf, 0xfe, 0x19, 0xc8, 0x6, 0x93, 0x0, 0xff,
    0xe2, 0xb3, 0x0, 0xc, 0xc0, 0xf, 0xfe, 0x3c,
    0x99, 0xa4, 0x3, 0xff, 0x93, 0xba, 0x0, 0xff,
    0x80,

    /* U+F092A "󰤪" */
    0x0, 0xf1, 0x3d, 0x6f, 0x7f, 0xbb, 0x69, 0xc8,
    0x3, 0xfc, 0xb9, 0xb0, 0xa4, 0x20, 0x1, 0x25,
    0x8d, 0xc5, 0x0, 0xf3, 0x75, 0x18, 0x7, 0xff,
    0x0, 0xeb, 0x98, 0x0, 0x57, 0x22, 0x1, 0xff,
    0xc4, 0x19, 0xb2, 0x14, 0x0, 0xff, 0xe4, 0x20,
    0x9c, 0x80, 0x7f, 0xf2, 0x24, 0xc1, 0x98, 0x1,
    0xff, 0xc6, 0x56, 0x0, 0xa4, 0xc0, 0x3f, 0xf8,
    0x9, 0x7f, 0xeb, 0xa0, 0xe, 0xd1, 0x0, 0xff,
    0x3d, 0xa0, 0x1, 0x0, 0x3c, 0x3a, 0x1, 0xfc,
    0x70, 0x11, 0xdc, 0x80, 0xf, 0x8e, 0x40, 0x3f,
    0x48, 0x3b, 0x5d, 0x99, 0xc0, 0x3e, 0x66, 0x0,
    0x7c, 0xc1, 0x6c, 0xaa, 0x6b, 0x0, 0xfd, 0x26,
    0x1, 0xcc, 0x60, 0xf, 0x0, 0xff, 0xe0, 0xe8,
    0x80, 0x68, 0xa, 0x38, 0xff, 0x39, 0xd0, 0x7,
    0xe1, 0xd0, 0xc, 0x20, 0xa0, 0x1e, 0x50, 0xf,
    0xe3, 0x90, 0xf, 0xfe, 0x5b, 0x30, 0x3, 0xff,
    0x97, 0x26, 0x60, 0xf, 0xfe, 0x56, 0xe8, 0x0,
    0xc0, 0x1e, 0x50,

    /* U+F093A "󰤺" */
    0x4d, 0xff, 0xff, 0x0, 0x7e, 0xa2, 0x0, 0xff,
    0xe3, 0x8, 0x7f, 0xff, 0x80, 0x3f, 0xfa, 0x89,
    0xdf, 0xff, 0xe0, 0xf, 0xd4, 0x20, 0x1f, 0xfc,
    0x61, 0xf, 0xff, 0xf0, 0x7, 0xff, 0x51, 0x3b,
    0xff, 0xf7, 0x20, 0x7, 0xea, 0x10, 0xf, 0xc3,
    0x40, 0x1f, 0x84, 0x2, 0xa1, 0x0, 0xe1, 0x0,
    0xff, 0xe0, 0x2f, 0xa8, 0x7, 0x7f, 0x80, 0x3f,
    0xe1, 0xaa, 0x8, 0x7, 0xff, 0x19, 0x7d, 0x40,
    0x3f, 0xfb, 0x2b, 0xea, 0x1, 0xef, 0xf0, 0x7,
    0xc3, 0x54, 0x10, 0xf, 0xfe, 0x1a, 0xfa, 0x80,
    0x7f, 0xf0, 0x44, 0x2, 0xa1, 0x0, 0xe2, 0x0,
    0xfd, 0x42, 0x1, 0xf8, 0x64,

    /* U+F095B "󰥛" */
    0x0, 0x9f, 0x7f, 0xc, 0x3, 0xff, 0x87, 0x70,
    0x40, 0x78, 0x40, 0x1f, 0xfc, 0x17, 0x41, 0xbe,
    0x50, 0xe0, 0xf, 0xfe, 0xc, 0x85, 0x20, 0xd0,
    0x9a, 0x0, 0x7f, 0xc8, 0x24, 0x80, 0x14, 0x87,
    0x0, 0x7f, 0xd8, 0xa, 0x1, 0x98, 0x14, 0x3,
    0xfe, 0x40, 0xc0, 0xc, 0x26, 0xa, 0x1, 0xfe,
    0x10, 0x60, 0xe, 0xb0, 0xc0, 0xf, 0xf1, 0x1,
    0x0, 0x72, 0x83, 0x80, 0x7f, 0xbf, 0xc0, 0x1e,
    0x22, 0x9, 0x0, 0x7b, 0xfc, 0x1, 0xfe, 0x40,
    0x50, 0xe, 0x10, 0x10, 0xf, 0xf6, 0x85, 0x80,
    0x72, 0x81, 0x0, 0x7f, 0x90, 0xc, 0x40, 0x31,
    0x82, 0x0, 0x7f, 0xca, 0xc, 0x1, 0xac, 0x30,
    0x3, 0xfe, 0x90, 0x90, 0x9, 0xc, 0x50, 0x3,
    0xfe, 0x33, 0xd, 0xa, 0x50, 0x48, 0x7, 0xff,
    0x7, 0x81, 0x7a, 0xc5, 0x1c, 0x3, 0xff, 0x82,
    0x58, 0x60, 0x51, 0x60, 0x10,

    /* U+F0996 "󰦖" */
    0x0, 0xf2, 0xd6, 0x80, 0x3a, 0xd8, 0x3, 0xfe,
    0x5e, 0xa5, 0x20, 0x0, 0xa4, 0xf2, 0x80, 0x7e,
    0x1b, 0x12, 0x8d, 0x0, 0x6c, 0x98, 0xd4, 0x0,
    0x78, 0x45, 0xb3, 0xae, 0x40, 0x2, 0x6c, 0x90,
    0x78, 0x0, 0xcb, 0xe4, 0x6c, 0x1, 0xf9, 0xac,
    0x1d, 0x40, 0x2b, 0x14, 0x0, 0xef, 0x80, 0xc,
    0x92, 0x16, 0x0, 0x51, 0x26, 0x0, 0xff, 0xe0,
    0x31, 0xa, 0x87, 0x85, 0x0, 0x7f, 0xf0, 0xac,
    0x3c, 0x1c, 0x14, 0x3, 0xff, 0x84, 0x80, 0xe1,
    0xbe, 0x40, 0x1f, 0xfc, 0x22, 0x2, 0x0, 0xff,
    0x94, 0xc0, 0x3f, 0xb7, 0xc8, 0x3, 0xd6, 0x19,
    0x22, 0x1, 0x10, 0x10, 0x38, 0x20, 0x7, 0x93,
    0x61, 0xbd, 0x80, 0x8, 0xe, 0x1e, 0x14, 0x1,
    0xf9, 0xf5, 0x70, 0x1, 0x61, 0xe0, 0xa2, 0x6c,
    0x1, 0xf8, 0xae, 0x81, 0x88, 0x8a, 0x0, 0xb1,
    0x40, 0xf, 0xf9, 0x24, 0x20, 0x2, 0x5f, 0x22,
    0x28, 0x7, 0xe6, 0xb0, 0x75, 0x0, 0xc2, 0x2c,
    0xac, 0x51, 0x0, 0x13, 0x6c, 0x83, 0xc0, 0x7,
    0x86, 0xc4, 0xeb, 0x80, 0x1b, 0x24, 0x35, 0x0,
    0x1f, 0x97, 0xa9, 0x4, 0x0, 0x4b, 0x5c, 0xa0,
    0x1c,

    /* U+F09AD "󰦭" */
    0x0, 0xff, 0xe6, 0xa7, 0x7f, 0xfb, 0x90, 0x3,
    0xfd, 0x42, 0x1, 0xe1, 0xa0, 0xf, 0xf0, 0x87,
    0xff, 0x80, 0x40, 0x3f, 0xf9, 0xa9, 0xbf, 0xf0,
    0x3, 0xff, 0xc0, 0xf, 0xfb, 0x52, 0x88, 0x3,
    0xff, 0x88, 0x52, 0x21, 0xff, 0xff, 0xc4, 0x2,
    0x0, 0xff, 0xe6, 0x7f, 0x80, 0x3f, 0x7f, 0x80,
    0x3d, 0xfe, 0x0, 0x7f, 0xfe, 0x0, 0x7f, 0x80,
    0x3f, 0xf9, 0x9f, 0xe0, 0x7, 0xff, 0xe0, 0x7,
    0xf8, 0x3, 0xdf, 0xe0, 0xf, 0xdf, 0xe0, 0xf,
    0xfe, 0x77, 0xff, 0xff, 0x10, 0x3, 0xff, 0x95,
    0xff, 0xff, 0xc8,

    /* U+F0A46 "󰩆" */
    0x0, 0x8c, 0x3, 0xff, 0x94, 0x79, 0x80, 0xf,
    0xfe, 0x49, 0xa1, 0xe0, 0x2, 0xbf, 0xfc, 0x1,
    0xff, 0xc0, 0xb4, 0x3c, 0xa, 0x50, 0xf, 0xfe,
    0x35, 0xa1, 0xe0, 0x52, 0x87, 0xfc, 0x1, 0xff,
    0xc2, 0xb4, 0x3c, 0xa, 0x50, 0xf, 0xfe, 0x36,
    0x1, 0xe0, 0x55, 0x3f, 0xf8, 0x3, 0xfe, 0x78,
    0x0, 0x1e, 0x5, 0x28, 0x7, 0xbf, 0xe0, 0x7,
    0xf8, 0x1, 0x0, 0x18, 0xf0, 0x29, 0x40, 0x3f,
    0xf9, 0x7, 0x81, 0x4a, 0x1, 0xff, 0xc8, 0x3c,
    0xa, 0x50, 0xff, 0x0, 0x7d, 0xfe, 0x0, 0xfc,
    0x78, 0x14, 0xa0, 0x1f, 0xfc, 0x83, 0xc0, 0xa5,
    0x0, 0xfd, 0xfe, 0x0, 0xff, 0x1e, 0x5, 0x28,
    0x7, 0xff, 0x20, 0xf0, 0x29, 0x40, 0x3f, 0xf9,
    0x7, 0x81, 0x4a, 0x1, 0x7f, 0x80, 0x1f, 0xf4,
    0x0, 0x7f, 0x1e, 0x5, 0x28, 0x7, 0xf3, 0xb8,
    0x3, 0xf2, 0x1e, 0x5, 0x0, 0x7f, 0xa3, 0xff,
    0xf5, 0xa1, 0x98, 0x3, 0xff, 0x93, 0x78, 0x60,
    0x0,

    /* U+F0A66 "󰩦" */
    0x0, 0xf2, 0x67, 0xe2, 0x0, 0x7f, 0xf0, 0x96,
    0xcc, 0xe, 0xd4, 0x3, 0xff, 0x83, 0x21, 0x1f,
    0x1, 0x20, 0x1f, 0x93, 0x7f, 0xe3, 0x7, 0x7,
    0x3, 0xff, 0xb5, 0x0, 0x2a, 0x20, 0xf, 0xfe,
    0x9, 0x48, 0x4, 0x21, 0xff, 0xc0, 0x17, 0xff,
    0x1, 0x0, 0x7f, 0xf3, 0x64, 0x40, 0x3f, 0xf8,
    0x84, 0xd, 0xa0, 0x1f, 0xfc, 0x1c, 0x50, 0xdd,
    0x11, 0xb8, 0x7, 0xff, 0x0, 0xe9, 0x0, 0xb8,
    0x28, 0x3, 0xfd, 0xfe, 0x80, 0x80, 0x1, 0x81,
    0x0, 0x7f, 0xf0, 0x1c, 0xc, 0x0, 0x60, 0x40,
    0x1f, 0xfc, 0x7, 0x3, 0x2, 0xe0, 0xa0, 0xf,
    0xf7, 0xfa, 0x2, 0x37, 0x44, 0x6e, 0x1, 0xff,
    0xc0, 0x3a, 0x42, 0x6, 0xd0, 0x3, 0xef, 0xeb,
    0x80, 0x7b, 0x14, 0x2, 0x91, 0x16, 0x41, 0x1,
    0x46, 0x8, 0x7, 0xfd, 0x6, 0x59, 0xf8, 0x47,
    0x0, 0x1f, 0x8, 0x7f, 0x98, 0x3c, 0xc0, 0xfc,
    0x1b, 0xfc, 0x4, 0x1, 0x50, 0x80, 0x44, 0x40,
    0x8, 0x88, 0x1, 0xc, 0x80, 0x40,

    /* U+F0A7A "󰩺" */
    0x0, 0xf7, 0xff, 0x80, 0x3e, 0xff, 0xe0, 0xf,
    0x7f, 0xf0, 0x7, 0xff, 0x23, 0xc0, 0x1f, 0xff,
    0xe0, 0x7, 0x80, 0x7f, 0xf3, 0x7f, 0xc0, 0xf,
    0xf0, 0x7, 0xff, 0xfc, 0x3, 0xff, 0xfe, 0x1,
    0xef, 0xf0, 0x3, 0xfc, 0x1, 0xff, 0xce, 0x10,
    0xff, 0xff, 0x1, 0x0, 0x6a, 0x10, 0xf, 0xf0,
    0xc8, 0x0,

    /* U+F0B5C "󰭜" */
    0x0, 0xe3, 0xef, 0xff, 0xfe, 0x1f, 0x20, 0x6,
    0x1d, 0x10, 0xf, 0xfe, 0x18, 0xd0, 0x6, 0xb1,
    0x5f, 0xff, 0xfe, 0x18, 0x8, 0x4, 0xaa, 0x1b,
    0x0, 0xff, 0xe3, 0x8d, 0x85, 0x88, 0x0, 0xb0,
    0x40, 0x30, 0xe1, 0x0, 0x7d, 0x62, 0xaa, 0x0,
    0xa4, 0xf0, 0x40, 0x3, 0x87, 0x20, 0x1e, 0x55,
    0xd, 0x80, 0x6a, 0x22, 0x60, 0x8b, 0x8, 0x94,
    0x1, 0xc3, 0x61, 0x42, 0x1, 0x87, 0x8, 0x99,
    0x82, 0x26, 0x8, 0x7, 0x58, 0xaa, 0x0, 0x78,
    0x70, 0x8b, 0x60, 0x80, 0x7f, 0xf4, 0xac, 0x55,
    0x0, 0x3c, 0x38, 0x45, 0xb0, 0x40, 0x3c, 0x36,
    0x14, 0x20, 0x18, 0x70, 0x89, 0x98, 0x22, 0x60,
    0x80, 0x79, 0x54, 0x36, 0x1, 0xa8, 0x89, 0x82,
    0x2c, 0x22, 0x50, 0x7, 0xd6, 0x2a, 0xa0, 0xa,
    0xf, 0x4, 0x0, 0x38, 0x72, 0x1, 0xf0, 0xd8,
    0x58, 0x80, 0xf, 0x4, 0x3, 0xe, 0x10, 0x7,
    0xe5, 0x50, 0xd8, 0x7, 0xff, 0x26, 0xc5, 0x7f,
    0xff, 0xf8, 0x60, 0x20, 0x18, 0x74, 0x40, 0x3f,
    0xf8, 0x63, 0x40,

    /* U+F0BC2 "󰯂" */
    0x0, 0xd1, 0xdf, 0xff, 0xf7, 0x40, 0x6, 0x87,
    0x10, 0xf, 0xf8, 0x5e, 0x0, 0x26, 0x0, 0xff,
    0xe0, 0x66, 0x1, 0x80, 0x21, 0x0, 0xff, 0xe0,
    0x19, 0x80, 0x40, 0x3d, 0xff, 0xf0, 0x7, 0x7f,
    0x80, 0x3f, 0xf9, 0xdf, 0xff, 0x0, 0x7f, 0xf5,
    0x7f, 0xfc, 0x1, 0xff, 0xd6, 0xff, 0xf0, 0x7,
    0xff, 0xef, 0xff, 0xfe, 0x0, 0xff, 0xe4, 0x18,
    0x7, 0x7f, 0xff, 0xf0, 0x1c, 0x33, 0xc0, 0x30,
    0x80, 0x7f, 0xd0, 0xc2, 0x1, 0xcc, 0x1, 0xff,
    0xc0, 0x9e, 0x80, 0xd, 0xe, 0x20, 0x1f, 0xe1,
    0x78, 0x0, 0xc0,

    /* U+F0BEC "󰯬" */
    0x0, 0xf2, 0xd6, 0xf7, 0x36, 0x94, 0x3, 0xfc,
    0xbb, 0x4a, 0x42, 0x22, 0x5a, 0xd5, 0x0, 0xfa,
    0x28, 0x80, 0x3f, 0x15, 0x40, 0x7, 0x43, 0x80,
    0x7f, 0xf0, 0x1e, 0x0, 0x25, 0x70, 0xf, 0xfe,
    0x13, 0xa8, 0x2, 0x0, 0x39, 0x3b, 0xfd, 0xc8,
    0x1, 0xd0, 0xa, 0x40, 0x1d, 0x42, 0x0, 0x1a,
    0x0, 0xe2, 0x5f, 0x0, 0xf0, 0x87, 0xf8, 0x4,
    0x3, 0xde, 0xe0, 0x1f, 0xfc, 0x67, 0x20, 0xf,
    0xdf, 0xe0, 0xf, 0xc6, 0x1, 0xff, 0xc8, 0x20,
    0xf, 0xdf, 0xe0, 0xf, 0xc6, 0xe0, 0x1f, 0xfc,
    0x67, 0xf0, 0xf, 0xfe, 0x37, 0xa9, 0x0, 0x7f,
    0xf1, 0x9, 0x42, 0x0, 0x3b, 0xfc, 0x0, 0xff,
    0x0, 0x74, 0x0, 0x15, 0xc0, 0x3f, 0xf8, 0x4e,
    0xa0, 0x14, 0x38, 0x7, 0xff, 0x1, 0xe0, 0x3,
    0xa2, 0x88, 0x3, 0xf1, 0x54, 0x0, 0x7c, 0xbb,
    0x4a, 0x40, 0x2, 0x5a, 0xd5, 0x0, 0xc0,

    /* U+F0CE1 "󰳡" */
    0x0, 0xf2, 0xd6, 0xf7, 0x36, 0x94, 0x3, 0xfc,
    0xbb, 0x4a, 0x42, 0x22, 0x5a, 0xd5, 0x0, 0xfa,
    0x28, 0x80, 0x3f, 0x15, 0x40, 0x7, 0x43, 0x80,
    0x7f, 0xf0, 0x1e, 0x0, 0x25, 0x70, 0xf, 0x2a,
    0x80, 0x3c, 0xea, 0x0, 0x80, 0xf, 0x2d, 0x51,
    0x40, 0x3d, 0x0, 0xa4, 0x1, 0xcb, 0x40, 0xa,
    0x50, 0xe, 0x25, 0xf0, 0xe, 0x5a, 0x0, 0xd4,
    0xa0, 0x1d, 0xee, 0x1, 0x96, 0x81, 0xc0, 0x10,
    0x14, 0xa0, 0x19, 0xc8, 0x2, 0x5a, 0x7, 0x80,
    0x3, 0xc0, 0x52, 0x80, 0x46, 0x1, 0x88, 0x1e,
    0x0, 0x33, 0xc0, 0x10, 0x6, 0x20, 0x9, 0xee,
    0x0, 0x3c, 0xf6, 0xe0, 0x11, 0xb8, 0x6, 0x40,
    0xf, 0xc8, 0x1, 0x9f, 0xc0, 0x3f, 0xf8, 0xde,
    0xa4, 0x1, 0xff, 0xc4, 0x25, 0x8, 0x0, 0xff,
    0xe2, 0x40, 0x1, 0x5c, 0x3, 0xdf, 0xe0, 0xf,
    0x3a, 0x80, 0x50, 0xe0, 0x1f, 0xfc, 0x7, 0x80,
    0xe, 0x8a, 0x20, 0xf, 0xc5, 0x50, 0x1, 0xf2,
    0xed, 0x29, 0x0, 0x9, 0x6b, 0x54, 0x3, 0x0,

    /* U+F0D3B "󰴻" */
    0x0, 0xff, 0xe2, 0x1a, 0x80, 0x79, 0xb3, 0xb9,
    0x8c, 0x1, 0xd3, 0x95, 0xc4, 0x0, 0x1c, 0x93,
    0x11, 0x1c, 0xe0, 0x80, 0x11, 0x80, 0x3, 0xc0,
    0xd, 0x30, 0xf, 0x1e, 0x80, 0x38, 0x3, 0x18,
    0x31, 0x80, 0x7e, 0x33, 0x2, 0x0, 0x63, 0xa,
    0x0, 0xfc, 0x36, 0x70, 0x20, 0x84, 0x4f, 0x2,
    0x0, 0xf0, 0xc7, 0xa4, 0x38, 0x2d, 0xee, 0x8c,
    0x4, 0x2, 0x37, 0xce, 0x75, 0xc7, 0x0, 0x40,
    0x7, 0x4d, 0x6f, 0xe4, 0xb, 0xed, 0x98, 0x0,
    0xc8, 0x3, 0x99, 0x19, 0xeb, 0xb6, 0x8, 0x3,
    0x58, 0x7, 0x2e, 0xf5, 0xc2, 0x88, 0x7, 0xca,
    0x1, 0xcb, 0xb8, 0x1, 0xff, 0xc7, 0xb0, 0x3,
    0xe3, 0x22, 0xd3, 0x80, 0x28, 0x3, 0xd0, 0xe1,
    0x10, 0x39, 0xba, 0x5a, 0x0, 0x28, 0x7, 0x0,

    /* U+F0D49 "󰵉" */
    0x0, 0xff, 0x3b, 0x80, 0x3f, 0xf8, 0xef, 0x10,
    0x70, 0xf, 0xfe, 0x2b, 0xc0, 0x2, 0x1c, 0x3,
    0xff, 0x86, 0xf0, 0x1, 0xa1, 0xc0, 0x3f, 0xf8,
    0x4f, 0xfe, 0x0, 0x7f, 0x9c, 0x3, 0xff, 0xfe,
    0x1, 0xff, 0xff, 0x0, 0xff, 0xe3, 0xa6, 0x80,
    0x35, 0x0, 0x3f, 0x89, 0x0, 0x22, 0xbb, 0x11,
    0x6b, 0xb1, 0x0, 0x48, 0x20, 0x4, 0x80, 0x18,
    0xd4, 0x18, 0xdd, 0x40, 0xa6, 0xc0, 0x84, 0x38,
    0x3, 0xe, 0xbd, 0xc1, 0xbd, 0xc0, 0xf, 0xec,
    0xf, 0xf4, 0x78, 0x0, 0x50, 0x51, 0x3c, 0x91,
    0x0, 0xc3, 0x38, 0x62, 0xa0, 0x80, 0x60, 0x12,
    0x61, 0x80, 0x7e, 0x3c, 0x40, 0x0, 0x98, 0x18,
    0x1, 0x8, 0x3, 0xfc, 0x48, 0x0, 0x30, 0x3c,
    0xfb, 0x7a, 0x0, 0xff, 0x53, 0xdf, 0xe1, 0x80,

    /* U+F0D4C "󰵌" */
    0x0, 0xff, 0x7f, 0x80, 0x3f, 0xff, 0xe0, 0x1f,
    0xff, 0xf0, 0xf, 0xff, 0xf8, 0x7, 0xff, 0x5,
    0x34, 0x1, 0xa8, 0x1, 0xfc, 0x48, 0x1, 0x15,
    0xd8, 0x8b, 0x5d, 0x88, 0x3, 0xe4, 0x90, 0x19,
    0xd4, 0x19, 0xdd, 0x48, 0xa6, 0xc8, 0x80, 0x76,
    0x15, 0x73, 0x3, 0x7b, 0x0, 0x1b, 0xd8, 0x1b,
    0xd8, 0x3, 0x28, 0x28, 0x26, 0xc8, 0x80, 0x61,
    0x9d, 0x31, 0x9d, 0x40, 0x30, 0x9, 0x6c, 0x80,
    0x3f, 0x16, 0x50, 0x95, 0x90, 0x18, 0x1, 0x48,
    0x3, 0xfe, 0x5e, 0x85, 0x23, 0xcf, 0xb7, 0xa0,
    0xf, 0xfe, 0xb, 0xd0, 0x0,

    /* U+F0D51 "󰵑" */
    0x0, 0xff, 0x7f, 0x80, 0x3f, 0xff, 0xe0, 0x1f,
    0xff, 0xf0, 0xf, 0xff, 0xf8, 0x7, 0xff, 0x5,
    0x34, 0x1, 0xa8, 0x1, 0xff, 0xc2, 0x2b, 0xb1,
    0x16, 0xbb, 0x10, 0x4, 0x82, 0x1, 0xc3, 0x3a,
    0x83, 0x3b, 0xa8, 0x14, 0xd8, 0x10, 0x87, 0x0,
    0xcd, 0xec, 0xd, 0xec, 0x0, 0x7f, 0x60, 0x7f,
    0xa3, 0xc0, 0x2, 0x6c, 0x89, 0xec, 0x88, 0x6,
    0x19, 0xc3, 0x15, 0x4, 0x2, 0xb2, 0x1a, 0xc2,
    0x0, 0xfc, 0x78, 0x80, 0x1, 0x32, 0x58, 0xe5,
    0x0, 0xff, 0x89, 0x0, 0x6, 0x0, 0xa7, 0x0,
    0xff, 0xe0, 0xd3, 0xdf, 0xe1, 0x80,

    /* U+F0D55 "󰵕" */
    0x0, 0xff, 0x3b, 0x80, 0x3f, 0xf8, 0xef, 0x10,
    0x70, 0xf, 0xfe, 0x2b, 0xc0, 0x2, 0x1c, 0x3,
    0xff, 0x86, 0xf0, 0x1, 0xa1, 0xc0, 0x3f, 0xf8,
    0x4f, 0xfe, 0x0, 0x7f, 0x9c, 0x3, 0xff, 0xfe,
    0x1, 0xff, 0xff, 0x0, 0xff, 0xe3, 0xa6, 0x80,
    0x35, 0x0, 0x3f, 0xf8, 0x45, 0x76, 0x22, 0xd7,
    0x62, 0x0, 0xff, 0xc, 0xea, 0xc, 0xee, 0xa4,
    0x53, 0x64, 0x40, 0x3e, 0x6f, 0x60, 0x6f, 0x60,
    0x3, 0x7b, 0x3, 0x7b, 0x0, 0x64, 0xd9, 0x13,
    0xd9, 0x10, 0xc, 0x33, 0xa6, 0x33, 0xa8, 0x5,
    0x64, 0x35, 0x84, 0x1, 0xf8, 0xb2, 0x84, 0xac,
    0x88, 0xb1, 0xca, 0x1, 0xff, 0xc0, 0x5e, 0x85,
    0x20,

    /* U+F0D91 "󰶑" */
    0x0, 0xf1, 0xee, 0x8c, 0x2, 0x12, 0x1, 0x20,
    0x22, 0x0, 0x7d, 0x4, 0x48, 0x0, 0x97, 0x46,
    0x70, 0x3f, 0x40, 0x3e, 0x20, 0x0, 0x80, 0x4c,
    0xb, 0x62, 0x9e, 0x80, 0x1f, 0x43, 0xba, 0x80,
    0x22, 0x3e, 0x34, 0xa6, 0xb0, 0x8, 0x9f, 0x3f,
    0xd7, 0x0, 0x1d, 0x4a, 0x96, 0xb7, 0xe0, 0xf9,
    0xb0, 0x60, 0x3e, 0x1, 0xe6, 0x4a, 0x4b, 0xc9,
    0x8, 0x30, 0x30, 0x8, 0xd8, 0x3, 0xd6, 0xb7,
    0x4c, 0x80, 0x2, 0xf9, 0x0, 0xd0, 0x20, 0x1e,
    0xb9, 0x7a, 0xd0, 0x0, 0x86, 0x0, 0x46, 0x39,
    0x98, 0x3, 0x36, 0xea, 0xc0, 0x32, 0x0, 0x13,
    0x80, 0x8c, 0xe0, 0xf, 0x12, 0x0, 0x42, 0x40,
    0xc, 0x2f, 0xfe, 0x0, 0xfe, 0xfc, 0x40, 0xb,
    0xc0, 0x3f, 0xf8, 0xb8, 0x1, 0x38, 0x80, 0x7f,
    0xf1, 0x10, 0x3, 0x58, 0x7, 0xff, 0xc, 0x48,
    0x20, 0x81, 0x48, 0x3, 0xff, 0x84, 0x80, 0x6,
    0xf0, 0x4, 0x0, 0x7f, 0xf0, 0xb0, 0x10, 0x4a,
    0x41, 0x80, 0x3f, 0xf8, 0x48, 0x1c, 0x0, 0x60,
    0xf, 0xfe, 0x18, 0x90, 0x28, 0x7, 0xff, 0x19,
    0x1, 0x40, 0x3f, 0xf8, 0xf8, 0x1e, 0x1, 0xff,
    0xc7, 0x41, 0x50, 0xf, 0xfe, 0x38,

    /* U+F0E04 "󰸄" */
    0x0, 0xd1, 0xdc, 0x80, 0xf, 0xfe, 0x1c, 0x38,
    0x89, 0xe0, 0x3, 0xff, 0x84, 0xc1, 0x98, 0x6,
    0x0, 0xff, 0xe1, 0x8, 0x19, 0x80, 0x40, 0x3f,
    0xfd, 0x9f, 0xe0, 0xf, 0xff, 0xaf, 0xff, 0xe0,
    0xf, 0xfe, 0x54, 0x0, 0x7a, 0x0, 0x1f, 0xff,
    0x81, 0x1c, 0x3, 0xce, 0x80, 0x1f, 0xe8, 0x0,
    0xfd, 0xe0, 0x1f, 0xe3, 0x0, 0xfc, 0xa0, 0x1f,
    0xfc, 0x71, 0x0, 0xff, 0x20, 0x7, 0xe4, 0x0,
    0xff, 0x78, 0x7, 0xef, 0x0, 0xff, 0x23, 0x80,
    0x79, 0xd0, 0x3, 0xfe, 0x8b, 0x40, 0x2, 0x5c,
    0x0, 0x7f, 0xf0, 0x52, 0xff, 0xd6, 0x80, 0x1f,
    0xf0,

    /* U+F0E05 "󰸅" */
    0x0, 0xd1, 0xdc, 0x80, 0xf, 0xfe, 0x1c, 0x38,
    0x89, 0xe0, 0x3, 0xff, 0x84, 0xc1, 0x98, 0x6,
    0x0, 0xff, 0xe1, 0x8, 0x19, 0x80, 0x40, 0x3f,
    0xfd, 0x9f, 0xe0, 0xf, 0xdf, 0xe0, 0xf, 0xff,
    0x5f, 0xfc, 0x0, 0xff, 0x80, 0x3f, 0xf9, 0x50,
    0x1, 0xe8, 0x0, 0x7f, 0xc0, 0xf, 0xf8, 0x11,
    0xc0, 0x3c, 0xe8, 0x1, 0xfe, 0x80, 0xf, 0xde,
    0x1, 0xfe, 0x30, 0xf, 0xca, 0x1, 0xbf, 0xc0,
    0x1f, 0xfc, 0x11, 0x0, 0xff, 0x20, 0x7, 0xe4,
    0x0, 0xff, 0x78, 0x7, 0xef, 0x0, 0xff, 0x23,
    0x80, 0x79, 0xd0, 0x3, 0xfe, 0x8b, 0x40, 0x2,
    0x5c, 0x0, 0x7f, 0xf0, 0x52, 0xff, 0xd6, 0x80,
    0x1f, 0xf0,

    /* U+F0E1E "󰸞" */
    0x0, 0xff, 0xec, 0x5c, 0x0, 0x7f, 0xf1, 0x6d,
    0x1e, 0x0, 0x3f, 0xf8, 0x76, 0x80, 0x7, 0x60,
    0xf, 0xfe, 0xd, 0xa0, 0x4, 0x4e, 0x1, 0xff,
    0xc0, 0xb4, 0x0, 0x8b, 0x4, 0x3, 0xfe, 0xb4,
    0x0, 0x8b, 0x4, 0x3, 0x28, 0x7, 0xad, 0x0,
    0x22, 0xc1, 0x0, 0xcf, 0x56, 0x1, 0xad, 0x0,
    0x22, 0xc1, 0x0, 0xcf, 0x0, 0x96, 0x0, 0xb4,
    0x0, 0x8b, 0x4, 0x3, 0xa8, 0x2, 0x4b, 0xb2,
    0x0, 0x45, 0x82, 0x1, 0xec, 0x20, 0x9, 0x10,
    0x1, 0x16, 0x8, 0x7, 0xc3, 0x84, 0x1, 0xe2,
    0xc1, 0x0, 0xfe, 0x1c, 0x20, 0xc, 0x58, 0x20,
    0x1f, 0xf0, 0xe1, 0x0, 0xb, 0x4, 0x3, 0xff,
    0x82, 0x38, 0x44, 0xc1, 0x0, 0xff, 0xe1, 0x8e,
    0x60, 0x40, 0x3f, 0xe0,

    /* U+F0E4F "󰹏" */
    0x0, 0xf0, 0xbe, 0x77, 0x31, 0xc4, 0x3, 0xfc,
    0xbf, 0x6, 0x22, 0x38, 0xf4, 0x0, 0xc9, 0x60,
    0x3, 0xa1, 0x0, 0xf0, 0xda, 0x0, 0x5c, 0x98,
    0x6, 0xa0, 0x1f, 0xd4, 0x20, 0xa, 0x43, 0xc0,
    0xa5, 0x0, 0xfc, 0x2c, 0x1, 0x5a, 0x1e, 0x5,
    0x28, 0x7, 0xeb, 0x0, 0xd6, 0x7, 0x81, 0x4a,
    0x1, 0xf1, 0x0, 0x70, 0x81, 0xe0, 0x52, 0x80,
    0x7f, 0xf0, 0x8, 0x0, 0x78, 0x14, 0xa0, 0x1c,
    0x40, 0x1d, 0x60, 0x11, 0xe0, 0x52, 0x80, 0x6b,
    0x0, 0xe6, 0x10, 0x8, 0xf0, 0x29, 0x40, 0x2,
    0xc0, 0x1c, 0x36, 0x1, 0x8f, 0x2, 0x94, 0x2c,
    0x40, 0x3c, 0xb6, 0x1, 0x8f, 0x2, 0xb1, 0x40,
    0x3f, 0x20, 0x7, 0x1e, 0x1, 0x80, 0x7f, 0xf1,
    0xf, 0x0, 0x3f, 0xe3, 0x0, 0xf1, 0xe0, 0x7,
    0xfb, 0x3f, 0xfc, 0x87, 0x80, 0x1f, 0xfc, 0x4b,
    0x43, 0xc0, 0xf, 0xef, 0xff, 0x5, 0xa1, 0xd8,
    0x7, 0xe3, 0x0, 0xc6, 0x0, 0xb5, 0xf0,

    /* U+F0E5B "󰹛" */
    0x0, 0xef, 0xff, 0xf0, 0x7, 0xff, 0xfc, 0x3,
    0xff, 0x87, 0xfe, 0x0, 0xff, 0x7f, 0x80, 0x3f,
    0xff, 0x7f, 0xed, 0x10, 0xf, 0xe, 0xff, 0x80,
    0x38, 0xb4, 0x3, 0xda, 0x40, 0x1f, 0x8e, 0x80,
    0x35, 0x18, 0x7, 0xf9, 0x64, 0x1, 0x2a, 0x1,
    0xff, 0xc0, 0x6f, 0xf3, 0x0, 0x7f, 0xf0, 0xbf,
    0xc0, 0x1f, 0xfc, 0x23, 0x1, 0x0, 0xf7, 0xff,
    0xec, 0x6, 0x0, 0xff, 0xe1, 0xb, 0xc0, 0x7,
    0x80,

    /* U+F0E73 "󰹳" */
    0x0, 0xf1, 0x80, 0x7f, 0x8c, 0x3, 0xfe, 0x7c,
    0x60, 0xf, 0xcd, 0x8e, 0x1, 0xfc, 0xf0, 0x6,
    0x1, 0xf8, 0xc2, 0x1c, 0x3, 0xe7, 0x80, 0xa5,
    0x0, 0xfc, 0xb4, 0x10, 0xe0, 0x1d, 0x10, 0xa,
    0x50, 0xf, 0xf2, 0xd0, 0x44, 0x0, 0x28, 0x70,
    0x5, 0x7f, 0xff, 0xf0, 0x28, 0x0, 0xf0, 0x1,
    0xff, 0xce, 0x87, 0x0, 0x57, 0xff, 0xff, 0x2,
    0x80, 0xf, 0x0, 0x14, 0x40, 0x29, 0x40, 0x3f,
    0xcb, 0x41, 0x10, 0x0, 0xe7, 0x80, 0xa5, 0x0,
    0xfc, 0xb4, 0x10, 0xe0, 0x1f, 0x3c, 0x1, 0x80,
    0x7e, 0x30, 0x87, 0x0, 0xfe, 0x7c, 0x60, 0xf,
    0xcd, 0x8e, 0x1, 0xc0,

    /* U+F0E79 "󰹹" */
    0x0, 0xff, 0xe2, 0xc4, 0x0, 0x3f, 0xa1, 0xdd,
    0x0, 0x1f, 0x3b, 0x80, 0xe, 0xe0, 0xe, 0x78,
    0x0, 0xd0, 0xe0, 0x13, 0xc0, 0x50, 0x2, 0x82,
    0x1c, 0xe, 0x2, 0x94, 0x0, 0xb4, 0x10, 0x66,
    0x9a, 0x50, 0xc, 0xb5, 0x26, 0xc, 0xa0, 0x1e,
    0x56, 0x0, 0xff, 0xff, 0x80, 0x7f, 0xcc, 0xa0,
    0x1e, 0x56, 0x3, 0x9a, 0x50, 0xc, 0xb5, 0x26,
    0x68, 0xa, 0x50, 0x2, 0xd0, 0x41, 0x83, 0xc0,
    0x50, 0x2, 0x82, 0x1c, 0x2, 0x78, 0x0, 0xd0,
    0xe0, 0x1c, 0xee, 0x0, 0x3b, 0x80, 0x3e, 0x87,
    0x74, 0x0, 0x7f, 0x44, 0x0, 0x38,

    /* U+F0E9F "󰺟" */
    0x0, 0xff, 0xec, 0xbe, 0x0, 0x7f, 0xf2, 0xb,
    0x20, 0xd0, 0x3, 0xff, 0x8c, 0xba, 0x63, 0x68,
    0x1, 0xff, 0xc4, 0x1a, 0xa0, 0x2f, 0xa0, 0x7,
    0xff, 0x6, 0x3b, 0x93, 0xea, 0x13, 0x42, 0x0,
    0x8e, 0xe4, 0x0, 0x7d, 0xe, 0x22, 0x61, 0x3d,
    0x60, 0xa, 0x1c, 0x44, 0xf0, 0x1, 0xbf, 0xce,
    0x19, 0x80, 0x6, 0x10, 0x6, 0x60, 0xcc, 0x3,
    0xff, 0x80, 0x3f, 0x84, 0x3, 0xff, 0x89, 0xfe,
    0x70, 0xcc, 0x3, 0x0, 0x79, 0x83, 0x30, 0xf,
    0xfe, 0x0, 0xd0, 0xe2, 0x27, 0x80, 0xf, 0x43,
    0x88, 0x9e, 0x0, 0x20,

    /* U+F0EC7 "󰻇" */
    0x0, 0xff, 0x93, 0xb9, 0x6e, 0x20, 0x1f, 0xfc,
    0x64, 0xa1, 0x48, 0xea, 0x10, 0xf, 0xfe, 0x2a,
    0x58, 0x1, 0x55, 0xca, 0x1, 0xff, 0xc5, 0x4b,
    0x9a, 0xe3, 0xa7, 0x0, 0xff, 0xe2, 0xa3, 0x0,
    0xe2, 0xc2, 0x80, 0x7f, 0xf2, 0x68, 0xe8, 0x40,
    0x3f, 0xf9, 0x3a, 0x16, 0x1, 0xff, 0xc9, 0x17,
    0x51, 0x0, 0xf2, 0xef, 0xe1, 0x7, 0xfd, 0x88,
    0x1, 0xa4, 0x1c, 0x3, 0xd5, 0x4e, 0x69, 0x0,
    0x46, 0xa5, 0xa0, 0x4, 0x25, 0xa0, 0x1e, 0xf7,
    0x13, 0x0, 0x88, 0x90, 0x9e, 0x1, 0x94, 0x3,
    0xf3, 0xf3, 0xc8, 0x7, 0x1b, 0x0, 0x68, 0xb2,
    0x10, 0xe, 0x6a, 0x2b, 0x0, 0xff, 0xe0, 0xe4,
    0x0, 0x64, 0x14, 0xa7, 0x0, 0xe3, 0x60, 0xf,
    0x2a, 0x80, 0x35, 0xb8, 0xe1, 0x0, 0xc, 0xa1,
    0x3c, 0x3, 0xd8, 0x62, 0x1, 0x5d, 0x70, 0xf0,
    0x2, 0x75, 0x2d, 0x0, 0x3c, 0xa1, 0x20, 0x12,
    0x6f, 0xd9, 0x7, 0xfd, 0x88, 0x1, 0xf1, 0x2b,
    0x88, 0x7, 0xff, 0x26, 0x2, 0x80, 0x3f, 0xf9,
    0x25, 0x49, 0x40, 0x1f, 0xfc, 0x95, 0x85, 0xb1,
    0x7, 0x30, 0xf, 0xfe, 0x2b, 0xd2, 0x75, 0xc6,
    0x18, 0x7, 0xff, 0x15, 0x75, 0x50, 0x1, 0x86,
    0x1, 0xff, 0xc5, 0x2a, 0xd8, 0x41, 0xd3, 0x0,
    0xff, 0x80,

    /* U+F0F1B "󰼛" */
    0x37, 0x0, 0xff, 0x3c, 0x69, 0x80, 0x7f, 0x8b,
    0x24, 0x3, 0xf8, 0x41, 0xb9, 0x0, 0x3e, 0x5d,
    0x31, 0xba, 0x10, 0xf, 0x16, 0x48, 0x2f, 0x30,
    0x7, 0xcd, 0xca, 0x13, 0x84, 0x1, 0xff, 0xc5,
    0x6e, 0x50, 0x9c, 0x20, 0x8, 0xb2, 0x41, 0x79,
    0x80, 0x32, 0xe9, 0x8d, 0x50, 0x40, 0x38, 0x41,
    0xb9, 0x40, 0x3e, 0x2c, 0x90, 0xf, 0x9e, 0x34,
    0xc0, 0x3f, 0x0,

    /* U+F0F54 "󰽔" */
    0x0, 0xfe, 0x88, 0x0, 0x7f, 0xf1, 0x69, 0xdd,
    0x40, 0x1f, 0xfc, 0x3b, 0x50, 0x2, 0xd8, 0x7,
    0xff, 0x0, 0x71, 0x0, 0x32, 0x68, 0x80, 0x7f,
    0x16, 0x18, 0x7, 0xff, 0x10, 0xf0, 0x80, 0x3e,
    0x81, 0x4d, 0xd2, 0x0, 0x49, 0x82, 0x1, 0xf9,
    0x42, 0xbb, 0x94, 0x0, 0x5b, 0x0, 0xff, 0xe0,
    0x9, 0x98, 0x41, 0xa8, 0x3, 0xff, 0x85, 0xfe,
    0x0, 0x37, 0xf8, 0x3, 0xff, 0xfe, 0x1, 0xff,
    0xc2, 0x40, 0xf, 0xfe, 0x3f, 0x84, 0x80, 0x68,
    0x0, 0xff, 0xe0, 0x28, 0x30, 0x6, 0x60, 0xf,
    0xfe, 0x0, 0x80, 0x80, 0x7e, 0xff, 0xfe, 0x0,
    0x30, 0x6, 0x60, 0xf, 0xfe, 0x14, 0x38, 0x89,
    0xe0,

    /* U+F0F85 "󰾅" */
    0x0, 0xff, 0xe8, 0xa2, 0x0, 0x3f, 0xf8, 0x68,
    0x41, 0xba, 0x2, 0x40, 0xf, 0xf2, 0x6d, 0x98,
    0x22, 0x0, 0xef, 0x50, 0x3, 0xe8, 0xb2, 0x31,
    0x11, 0x10, 0x44, 0x85, 0x70, 0x1, 0xd0, 0xe1,
    0x38, 0xe, 0x0, 0x70, 0xb9, 0x7, 0x80, 0x9,
    0x1c, 0x31, 0x80, 0x18, 0x0, 0xc0, 0x3, 0x58,
    0x3a, 0x0, 0x24, 0x28, 0xc0, 0x24, 0x0, 0x20,
    0x4, 0x92, 0x12, 0x8, 0x46, 0xa0, 0x11, 0x8,
    0x0, 0x48, 0x2, 0x62, 0x22, 0x70, 0x48, 0x6,
    0x50, 0xc, 0xa0, 0x1a, 0xc3, 0x9c, 0x1c, 0x3,
    0x60, 0x6, 0xc0, 0xc, 0x80, 0xe6, 0x4, 0x1,
    0x90, 0x3, 0x28, 0x6, 0x20, 0x30, 0xf, 0xfe,
    0x41, 0x81, 0x0, 0x66, 0x0, 0xcc, 0x1, 0x88,
    0xd, 0xc1, 0x0, 0x34, 0xb8, 0x89, 0xe0, 0x3,
    0x28, 0x3f, 0x85, 0x80, 0x74, 0x77, 0x20, 0x3,
    0xa8, 0x3d, 0x48, 0x8c, 0x1, 0xff, 0xc0, 0x62,
    0x22, 0x84, 0x4, 0x98, 0x7, 0xf8, 0xe4, 0x24,
    0x0, 0xae, 0x16, 0x1, 0xfe, 0xa0, 0x74, 0x0,
    0xa2, 0xe0, 0x3, 0xfd, 0x17, 0x0, 0x0,

    /* U+F0F86 "󰾆" */
    0x0, 0xf2, 0xd6, 0xff, 0xb6, 0x94, 0x3, 0xfe,
    0x7a, 0x52, 0x0, 0x12, 0xd7, 0x20, 0x7, 0xa4,
    0xc1, 0xf6, 0x77, 0xfd, 0xb2, 0x43, 0x6e, 0x1,
    0xd5, 0x94, 0x24, 0xc4, 0x0, 0x26, 0xd8, 0x8,
    0x70, 0xc, 0x6a, 0xae, 0x70, 0xf, 0x9e, 0xc2,
    0x10, 0x0, 0xe1, 0x60, 0x8, 0xe5, 0x0, 0xf2,
    0x40, 0x48, 0x2c, 0x18, 0xc0, 0x0, 0x6a, 0xc8,
    0x3, 0x9c, 0xc9, 0x7c, 0x14, 0x1c, 0x80, 0x24,
    0xd9, 0x0, 0xea, 0xf, 0x70, 0x40, 0x4, 0x0,
    0x73, 0x40, 0x6, 0x40, 0x72, 0x2, 0x0, 0x2a,
    0x0, 0x73, 0x0, 0x62, 0x2, 0x10, 0xe, 0x90,
    0xf, 0xfe, 0x0, 0x98, 0x10, 0x4, 0x4e, 0x1,
    0x98, 0x3, 0x10, 0x1b, 0x82, 0x0, 0x68, 0x71,
    0x13, 0xc0, 0x6, 0x50, 0x7f, 0xb, 0x0, 0xe8,
    0xee, 0x40, 0x7, 0x50, 0x7a, 0x91, 0x18, 0x3,
    0xff, 0x80, 0xc4, 0x45, 0x8, 0x9, 0x30, 0xf,
    0xf1, 0xc8, 0x48, 0x1, 0x5c, 0x2c, 0x3, 0xfd,
    0x40, 0xe8, 0x1, 0x45, 0xc0, 0x7, 0xfa, 0x2e,
    0x0, 0x0,

    /* U+F0F9C "󰾜" */
    0x0, 0xfe, 0x88, 0x0, 0x7f, 0xf1, 0x69, 0xdd,
    0x40, 0x1f, 0xfc, 0x3b, 0x50, 0x2, 0xd8, 0x7,
    0xff, 0x0, 0x71, 0x7, 0x74, 0x29, 0x82, 0x1,
    0xfc, 0x58, 0x65, 0x84, 0x4f, 0x23, 0xc2, 0x0,
    0xf8, 0xf0, 0x8f, 0x8, 0x0, 0x38, 0x65, 0x86,
    0x1, 0xc9, 0x82, 0x98, 0x20, 0xe0, 0x1, 0xc4,
    0x1c, 0x40, 0xc, 0x9f, 0xeb, 0x0, 0xa2, 0x0,
    0x15, 0x80, 0x2d, 0x40, 0x3f, 0xe7, 0x80, 0xf,
    0x53, 0x7f, 0xff, 0x0, 0x1e, 0x0, 0x37, 0xf9,
    0x80, 0x3f, 0xf8, 0x1e, 0x1, 0xf7, 0xff, 0xf0,
    0x1, 0xdc, 0x1, 0xff, 0xc5, 0x78, 0x0, 0xff,
    0xbf, 0xc0, 0x19, 0xe0, 0x3, 0xff, 0x8d, 0x0,
    0x1f, 0xfc, 0x3f, 0xff, 0xf0, 0x7, 0xff, 0x43,
    0xff, 0xff, 0x84, 0x1, 0x0,

    /* U+F0FB3 "󰾳" */
    0x2c, 0xff, 0xff, 0xe2, 0x61, 0x71, 0x80, 0x7f,
    0xf1, 0xf, 0x8c, 0x3, 0xff, 0x8c, 0x60, 0x1f,
    0xfe, 0x17, 0xff, 0xfc, 0xe0, 0x1f, 0xcf, 0x0,
    0x1f, 0xa2, 0x0, 0x1f, 0x3c, 0x0, 0x7f, 0x9e,
    0x0, 0x39, 0xe1, 0x90, 0x3, 0xf3, 0x2b, 0xc0,
    0x4, 0x90, 0xd3, 0x64, 0x1, 0xe8, 0x9a, 0x57,
    0x40, 0xf, 0xf2, 0xa8, 0x3, 0xfc, 0x8e, 0xd3,
    0x64, 0xb, 0x54, 0x50, 0x89, 0xa5, 0x84, 0x0,
    0xa1, 0xd9, 0x0, 0x3f, 0x32, 0xc3, 0x80, 0x74,
    0x38, 0x4, 0xb3, 0x4a, 0x1, 0x43, 0x80, 0x7d,
    0x10, 0x0, 0x99, 0x40, 0x28, 0x70, 0xf, 0xe7,
    0xff, 0xfc, 0xe0, 0x1f, 0xfe, 0x13, 0x0, 0xff,
    0xe3, 0x1f, 0x18, 0x7, 0xff, 0x10, 0xf8,

    /* U+F0FC6 "󰿆" */
    0x0, 0xff, 0xeb, 0xa5, 0xff, 0xad, 0x0, 0x3f,
    0xf8, 0x71, 0x68, 0x0, 0x4b, 0x80, 0xf, 0xfe,
    0xa, 0x38, 0x47, 0x72, 0x1, 0xd0, 0x3, 0xff,
    0x81, 0x1, 0xe, 0x22, 0x78, 0xf, 0x0, 0xff,
    0xe0, 0x18, 0x30, 0x6, 0x60, 0x40, 0xf, 0xfe,
    0x10, 0x80, 0x61, 0x0, 0xff, 0xe6, 0xa6, 0xff,
    0xff, 0x0, 0x3f, 0x50, 0x2, 0xff, 0x5, 0x10,
    0x7, 0xff, 0x0, 0xa8, 0x3, 0xc2, 0x1, 0xff,
    0xc2, 0x10, 0xf, 0xff, 0x62, 0x77, 0x10, 0x3,
    0xff, 0x8d, 0x42, 0x2a, 0x0, 0xff, 0xee, 0x50,
    0x8a, 0x80, 0x3f, 0xf8, 0xc9, 0xdc, 0x40, 0xf,
    0xff, 0x60, 0x80, 0x7f, 0xf0, 0x84, 0x3, 0xd4,
    0x20, 0x1f, 0xfc, 0x1, 0xa0, 0xf, 0x0,

    /* U+F10B5 "󱂵" */
    0x0, 0xff, 0xe4, 0x27, 0x7f, 0xf9, 0xc0, 0x3f,
    0xea, 0x10, 0xf, 0x43, 0x80, 0x7f, 0x84, 0x3,
    0xf4, 0x7f, 0xfe, 0xe4, 0x0, 0xff, 0xe3, 0xc,
    0x80, 0x7f, 0xf1, 0xc8, 0x3, 0xfe, 0x99, 0x0,
    0x7f, 0xf1, 0x7, 0x19, 0x98, 0x20, 0x1f, 0xfc,
    0x13, 0xf3, 0x0, 0x1f, 0x98, 0x7, 0xfc, 0xd8,
    0x20, 0x18, 0x71, 0x80, 0x3f, 0xcd, 0xe0, 0x1e,
    0xf6, 0x0, 0xff, 0xe1, 0x7f, 0x80, 0x3f, 0xfd,
    0x9f, 0xe0, 0x7, 0xf8, 0x3, 0x84, 0x3, 0xff,
    0x8c, 0x34, 0x20, 0x1f, 0xfc, 0x41, 0xa4, 0xef,
    0xff, 0xfe, 0x27, 0x20,

    /* U+F1107 "󱄇" */
    0x3d, 0xff, 0xff, 0xe2, 0x61, 0x71, 0x0, 0x7f,
    0xf1, 0xf, 0x88, 0x3, 0x8a, 0x30, 0x1, 0x90,
    0x40, 0x1c, 0x60, 0x1d, 0x3a, 0xe6, 0x0, 0x37,
    0xd8, 0x0, 0xfe, 0xb6, 0x0, 0xbf, 0xc0, 0x13,
    0xd8, 0x7, 0xd0, 0x80, 0x1f, 0xe4, 0x80, 0xe,
    0x27, 0x0, 0xff, 0xe0, 0x39, 0x0, 0x6b, 0x0,
    0xff, 0xe1, 0x50, 0x6, 0x40, 0x1, 0x80, 0x7e,
    0x30, 0x2, 0x80, 0x62, 0xb, 0xcb, 0x0, 0xf5,
    0xe5, 0x81, 0x0, 0x79, 0x41, 0x40, 0x3c, 0xa0,
    0xa0, 0x1e, 0x20, 0xa5, 0xa0, 0xf, 0x52, 0xd0,
    0x10, 0x6, 0x40, 0x4a, 0x40, 0xf, 0x25, 0x20,
    0x28, 0x6, 0xb0, 0xf, 0xfe, 0x15, 0x0, 0x62,
    0x70, 0xf, 0xfe, 0x3, 0x90, 0x7, 0x42, 0x0,
    0x7f, 0x92, 0x0, 0x3e, 0xb6, 0x0, 0xbf, 0xc0,
    0x13, 0x58, 0x7, 0xf4, 0xeb, 0x98, 0x0, 0xdf,
    0x64, 0x3, 0x8c, 0x3, 0x8a, 0x30, 0x1, 0x90,
    0x40, 0x1c, 0x5c, 0x60, 0x1f, 0xfc, 0x42, 0xe0,

    /* U+F1108 "󱄈" */
    0x3d, 0xff, 0xff, 0xe2, 0x61, 0x71, 0x0, 0x7f,
    0xf1, 0xf, 0x88, 0x3, 0x8e, 0x77, 0xfd, 0xb2,
    0x60, 0x1c, 0x60, 0x1d, 0x38, 0xc4, 0x0, 0x26,
    0xc8, 0x0, 0xfe, 0xb6, 0x0, 0x27, 0x58, 0x4,
    0xf6, 0x1, 0xf4, 0x20, 0x5, 0xc2, 0x86, 0x1,
    0x24, 0x0, 0x71, 0xb8, 0x6, 0xe1, 0x43, 0x0,
    0xce, 0x60, 0x1a, 0x80, 0x39, 0x3a, 0xc0, 0x3d,
    0x40, 0x19, 0x0, 0x6, 0x1, 0xf8, 0xc0, 0x8,
    0x1, 0x88, 0x2f, 0x2c, 0x3, 0xd7, 0x96, 0x4,
    0x1, 0xe5, 0x5, 0x0, 0xf2, 0x82, 0x80, 0x78,
    0x82, 0x96, 0x80, 0x3d, 0x4b, 0x40, 0x40, 0x19,
    0x1, 0x29, 0x0, 0x3c, 0x94, 0x80, 0x80, 0x1a,
    0x80, 0x3f, 0xf8, 0x54, 0x1, 0x8d, 0x80, 0x3f,
    0xf8, 0xc, 0x60, 0x1d, 0x28, 0x1, 0xfe, 0x49,
    0x0, 0xfa, 0xd8, 0x3, 0xf3, 0xd8, 0x7, 0xf4,
    0xe3, 0x10, 0x0, 0x9b, 0x20, 0x3, 0x8c, 0x3,
    0x8e, 0x77, 0xfd, 0xb2, 0x60, 0x1c, 0x5c, 0x60,
    0x1f, 0xfc, 0x42, 0xe0,

    /* U+F1109 "󱄉" */
    0x2c, 0xff, 0xff, 0xe2, 0x61, 0x71, 0x80, 0x7f,
    0xf1, 0xf, 0x8c, 0x3, 0x8e, 0x77, 0xfd, 0xb2,
    0x60, 0x1c, 0x60, 0x1d, 0x38, 0xc4, 0x0, 0x26,
    0xc8, 0x0, 0xfe, 0xb6, 0x0, 0xfc, 0xf6, 0x1,
    0xf4, 0x20, 0x7, 0xf9, 0x20, 0x3, 0x8d, 0xc0,
    0x3f, 0xf8, 0xe, 0x60, 0x1a, 0x80, 0x2b, 0xb0,
    0x6, 0xbb, 0x0, 0x54, 0x1, 0x90, 0x2, 0x44,
    0x0, 0x64, 0x40, 0x4, 0x80, 0x18, 0x80, 0x3f,
    0xf8, 0x44, 0x1, 0xff, 0xcc, 0x20, 0xf, 0xfe,
    0x11, 0x0, 0x64, 0x0, 0xae, 0xc0, 0x1a, 0xec,
    0x1, 0x20, 0x6, 0xa0, 0x9, 0x10, 0x1, 0x91,
    0x0, 0x15, 0x0, 0x63, 0x60, 0xf, 0xfe, 0x3,
    0x18, 0x7, 0x4a, 0x0, 0x7f, 0x92, 0x40, 0x3e,
    0xb6, 0x0, 0xfc, 0xf6, 0x1, 0xfd, 0x38, 0xc4,
    0x0, 0x26, 0xc8, 0x0, 0xe3, 0x0, 0xe3, 0x9d,
    0xff, 0x6c, 0x98, 0x7, 0x1f, 0x18, 0x7, 0xff,
    0x10, 0xf8,

    /* U+F11C0 "󱇀" */
    0x0, 0xef, 0xff, 0xf0, 0x7, 0xff, 0xfc, 0x3,
    0xff, 0xb7, 0xfe, 0x0, 0xdf, 0xe0, 0xf, 0xf7,
    0xf8, 0x3, 0xff, 0xfe, 0x1, 0xff, 0xc9, 0xff,
    0x68, 0x80, 0x78, 0x77, 0xfc, 0x0, 0xff, 0x0,
    0x78, 0xb4, 0x3, 0xda, 0x40, 0x1f, 0xfc, 0x13,
    0xa0, 0xd, 0x46, 0x1, 0xdf, 0xe0, 0xf, 0xcb,
    0x20, 0x9, 0x50, 0xf, 0xfe, 0x2b, 0x7f, 0x98,
    0x3, 0xef, 0xf0, 0x7, 0xfb, 0xfc, 0x1, 0xff,
    0xc7, 0x30, 0x10, 0xf, 0xfb, 0xff, 0xf6, 0x3,
    0x0, 0x7f, 0xf1, 0xc5, 0xe0, 0x3, 0xfe,

    /* U+F1274 "󱉴" */
    0x4e, 0xff, 0xff, 0xe1, 0x72, 0x50, 0x80, 0x7f,
    0xf0, 0x86, 0x84, 0x3f, 0xff, 0xf8, 0x40, 0x20,
    0x1f, 0xff, 0xf0, 0xf, 0xff, 0xf8, 0x7, 0xff,
    0xb, 0xff, 0x80, 0x37, 0xff, 0x0, 0x7f, 0x8,
    0x0, 0x40, 0x3f, 0xbf, 0xe5, 0xa, 0x11, 0x50,
    0x2f, 0xfc, 0x1, 0xf4, 0xa, 0x77, 0x10, 0x60,
    0x3, 0x84, 0x3f, 0xed, 0x10, 0xc, 0x3b, 0xff,
    0x0, 0xd0, 0x80, 0x7f, 0xf0, 0x86, 0x80,

    /* U+F1276 "󱉶" */
    0x7f, 0xfc, 0x1, 0xfe, 0xff, 0xcf, 0x0, 0x1f,
    0xfc, 0x68, 0x0, 0x7f, 0xc0, 0x1f, 0xef, 0xf8,
    0x3, 0xff, 0xa1, 0x1b, 0xfb, 0x0, 0x1f, 0xdf,
    0xe0, 0xb, 0x1c, 0x80, 0x9f, 0x0, 0x3d, 0xfe,
    0x0, 0xd0, 0x63, 0x7d, 0x62, 0x70, 0x1, 0xff,
    0x28, 0x52, 0xa, 0x50, 0x28, 0x7, 0xfc, 0x40,
    0xa0, 0x12, 0x81, 0x0, 0x7f, 0xc4, 0xa, 0x1,
    0x28, 0x10, 0x7, 0xfc, 0xa1, 0x48, 0x29, 0x41,
    0x40, 0x1f, 0xf4, 0x18, 0xdf, 0x58, 0x85, 0x8,
    0x7, 0xfd, 0x8e, 0x40, 0x50, 0x44, 0xc1, 0x0,
    0xff, 0xa3, 0x7f, 0x5f, 0x8, 0x98, 0x20, 0x1f,
    0xfc, 0x31, 0xc2, 0x22, 0x80, 0x6f, 0xf0, 0x7,
    0xf8, 0x72, 0xd0, 0x1, 0xfe, 0x0, 0xff, 0xe0,
    0x8a, 0x0, 0x7f, 0xf3, 0xff, 0xe0, 0xf, 0xf7,
    0xfc, 0x0, 0x80, 0xf, 0xfe, 0x34, 0x0,

    /* U+F128D "󱊍" */
    0x0, 0x27, 0x7f, 0xb9, 0x0, 0x9, 0xdf, 0xee,
    0x40, 0xd, 0x42, 0x0, 0x1a, 0x0, 0x50, 0x80,
    0x6, 0x40, 0x30, 0x80, 0x61, 0x0, 0x8, 0x6,
    0x20, 0x7, 0xf8, 0x3, 0xdf, 0xe0, 0xf, 0x7f,
    0x80, 0x3f, 0xf9, 0x1f, 0xff, 0xfc, 0x20, 0xf,
    0xff, 0xf8, 0x7, 0xff, 0xfc, 0x3, 0xff, 0x89,
    0xff, 0xff, 0xc2, 0x0, 0xff, 0xe4, 0x7f, 0xff,
    0xf1, 0x80,

    /* U+F1323 "󱌣" */
    0x0, 0xf8, 0xc8, 0x3, 0xff, 0x88, 0x7b, 0x9b,
    0x40, 0x12, 0x5f, 0x50, 0x7, 0xc7, 0x84, 0x3,
    0x0, 0x3, 0xb4, 0x8, 0x0, 0xf1, 0xe0, 0x5,
    0xa4, 0x0, 0xf0, 0x1c, 0x21, 0x90, 0x8, 0xf0,
    0x3, 0x48, 0x4, 0x60, 0xa4, 0x38, 0xc0, 0x12,
    0x80, 0x73, 0x88, 0x0, 0x41, 0x2f, 0x8, 0x80,
    0x6e, 0x26, 0x1, 0x89, 0x42, 0x4, 0x0, 0x84,
    0x16, 0x15, 0x10, 0x34, 0x0, 0xd7, 0x4e, 0x1,
    0x86, 0x58, 0x25, 0x40, 0x1d, 0x58, 0x40, 0x5,
    0x0, 0x27, 0xfb, 0x98, 0x2, 0xa5, 0x0, 0x29,
    0xe0, 0x80, 0x49, 0x60, 0x1f, 0xa9, 0xd0, 0x1,
    0x22, 0x0, 0x4b, 0x0, 0xff, 0x40, 0x84, 0x38,
    0x1, 0x2c, 0x1d, 0x0, 0x3f, 0xd0, 0xe0, 0x4,
    0xb0, 0x78, 0xb4, 0x0, 0xfd, 0xe, 0x0, 0x4b,
    0x0, 0x48, 0x2, 0xd0, 0x3, 0xd0, 0xe0, 0x4,
    0xb0, 0xb, 0x4, 0x1, 0x68, 0x1, 0xa1, 0xc0,
    0x9, 0x60, 0x18, 0xb0, 0x40, 0x16, 0x80, 0x8,
    0x70, 0x2, 0x58, 0x7, 0x8b, 0x4, 0x1, 0x68,
    0x6, 0x0, 0x4b, 0x0, 0xfc, 0x58, 0x20, 0xc,
    0xb, 0x45, 0xb0, 0xf, 0xf1, 0x60, 0xbc, 0x0,
    0x2e, 0x80, 0x3f, 0xf8, 0x5, 0xf0, 0x0,

    /* U+F1425 "󱐥" */
    0x0, 0x7f, 0x8c, 0x2, 0xcf, 0x0, 0xff, 0xed,
    0x1f, 0x0, 0x33, 0xfe, 0x30, 0xe3, 0xe1, 0x0,
    0xfc, 0x3c, 0x41, 0xff, 0xf8, 0x8, 0x3, 0xff,
    0xb4, 0x20, 0x1f, 0xc4, 0x1a, 0x20, 0x1d, 0x60,
    0x38, 0x47, 0x82, 0x1, 0x5a, 0xe, 0xe, 0x19,
    0x61, 0x5, 0x20, 0xe1, 0x0, 0xe2, 0x16, 0xfa,
    0x86, 0x90, 0x6, 0xf0, 0xc, 0x86, 0x1, 0xff,
    0xce,

    /* U+F147D "󱑽" */
    0x0, 0xff, 0xe7, 0x11, 0x0, 0x3f, 0xf8, 0xcc,
    0xc0, 0xc, 0x44, 0x0, 0xff, 0x8, 0x88, 0x80,
    0x19, 0x98, 0x1, 0xfe, 0x52, 0x11, 0x0, 0x62,
    0x20, 0x7, 0xf8, 0x97, 0xb8, 0x24, 0x0, 0xee,
    0x0, 0x7f, 0xbf, 0xc4, 0x47, 0x40, 0x1, 0x16,
    0x0, 0xfc, 0xaa, 0x66, 0x66, 0x10, 0xd9, 0x8b,
    0x40, 0x1e, 0x78, 0x22, 0x19, 0x91, 0xe2, 0x4,
    0x4a, 0x58, 0x80, 0x0, 0xee, 0x1c, 0x47, 0x88,
    0xd0, 0x44, 0x44, 0x77, 0x59, 0x80, 0x7f, 0xf2,
    0xe, 0xdd, 0xc2, 0x3c, 0x46, 0x61, 0x11, 0x11,
    0xe2, 0xcc, 0x1, 0x10, 0x22, 0x19, 0x91, 0xe3,
    0xc8, 0x94, 0xb0, 0xe0, 0x1e, 0x55, 0x33, 0x33,
    0x8, 0x6c, 0xc5, 0xa0, 0xf, 0xdf, 0xe2, 0x23,
    0xa0, 0x0, 0x8b, 0x0, 0x7e, 0x25, 0xee, 0x9,
    0x0, 0x3b, 0x80, 0x1f, 0xe5, 0x21, 0x10, 0x6,
    0x22, 0x0, 0x7f, 0x84, 0x44, 0x40, 0xc, 0xcc,
    0x0, 0xff, 0xe0, 0x33, 0x0, 0x31, 0x90, 0x7,
    0xff, 0x0, 0x88, 0x1, 0x84, 0x3, 0xe0,

    /* U+F14F1 "󱓱" */
    0xff, 0xff, 0xe4, 0x0, 0x7f, 0xf2, 0xbf, 0xc1,
    0xfe, 0x10, 0xc, 0x3f, 0xe0, 0xff, 0x0, 0x7f,
    0x50, 0x80, 0x6, 0x80, 0x3f, 0xf8, 0x49, 0xdf,
    0xee, 0x40, 0xf, 0xfe, 0x8f, 0xf8, 0x3f, 0xff,
    0xc1, 0xfe, 0x0, 0xff, 0xe5, 0x0,

    /* U+F14FF "󱓿" */
    0x2c, 0xff, 0xff, 0xe2, 0x61, 0x71, 0x80, 0x7f,
    0xf1, 0xf, 0x8c, 0x3, 0x8e, 0x77, 0xfd, 0xb2,
    0x60, 0x1c, 0x60, 0x1d, 0x38, 0xc4, 0x0, 0x26,
    0xc8, 0x0, 0xfe, 0xb6, 0x0, 0x27, 0x58, 0x4,
    0xf6, 0x1, 0xf4, 0x20, 0x5, 0xc2, 0x86, 0x1,
    0x24, 0x0, 0x71, 0xb8, 0x6, 0xe1, 0x43, 0x0,
    0xce, 0x60, 0x1a, 0x80, 0x39, 0x3a, 0xc0, 0x3d,
    0x40, 0x19, 0x0, 0x3c, 0x62, 0x1, 0xe4, 0x0,
    0xc4, 0x1, 0xcf, 0x9e, 0x20, 0x1c, 0x40, 0x1f,
    0xed, 0x1, 0x20, 0xf, 0xf1, 0x0, 0x74, 0x2c,
    0x18, 0x7, 0x10, 0x6, 0x40, 0xe, 0x2a, 0x70,
    0xf, 0x20, 0x6, 0xa0, 0xe, 0x4e, 0xb0, 0xf,
    0x50, 0x6, 0x36, 0x0, 0xdc, 0x28, 0x60, 0x19,
    0x8c, 0x3, 0xa5, 0x0, 0x2e, 0x14, 0x30, 0x9,
    0x24, 0x3, 0xeb, 0x60, 0x2, 0x75, 0x80, 0x4f,
    0x60, 0x1f, 0xd3, 0x8c, 0x40, 0x2, 0x6c, 0x80,
    0xe, 0x30, 0xe, 0x39, 0xdf, 0xf6, 0xc9, 0x80,
    0x71, 0xf1, 0x80, 0x7f, 0xf1, 0xf, 0x80,

    /* U+F1531 "󱔱" */
    0x1, 0x0, 0xff, 0xe4, 0x37, 0x98, 0x7, 0xa3,
    0xb9, 0x0, 0x1f, 0xe1, 0xc3, 0x0, 0xd0, 0xe2,
    0x27, 0x80, 0xf, 0xcd, 0x21, 0x86, 0x1, 0x30,
    0x66, 0x1, 0x80, 0x3f, 0x9a, 0x43, 0xc, 0x0,
    0x20, 0x66, 0x1, 0x0, 0xff, 0x34, 0x86, 0x18,
    0x50, 0x7, 0xff, 0x11, 0xa4, 0x30, 0xd6, 0xc0,
    0x3f, 0xf8, 0x8d, 0x21, 0x86, 0x8b, 0xe0, 0x1f,
    0xfc, 0x36, 0x90, 0xc3, 0x5a, 0x0, 0xff, 0xe2,
    0x34, 0x86, 0x1a, 0xd0, 0x7, 0xff, 0x11, 0x80,
    0x18, 0x6b, 0x40, 0x1f, 0xfc, 0x7c, 0x35, 0x0,
    0xff, 0xe1, 0xc0, 0x6, 0xc3, 0x0, 0xff, 0xe1,
    0x23, 0x80, 0x76, 0x18, 0x7, 0xff, 0x7, 0xc0,
    0x3e, 0xc3, 0x0, 0xff, 0xe0, 0x20, 0x7, 0xec,
    0x30, 0xf, 0xfe, 0x4e, 0x18, 0x7, 0xf9, 0x0,
    0x3f, 0x8, 0x61, 0x80, 0x7f, 0x78, 0x7, 0xed,
    0x90, 0xc3, 0x0, 0xfc, 0x8e, 0x1, 0xe8, 0x36,
    0x90, 0xc3, 0x0, 0xfd, 0x16, 0x80, 0x4, 0xb7,
    0x0, 0x34, 0x87, 0x0, 0x7f, 0x25, 0xff, 0xad,
    0x0, 0x33, 0x57, 0x80,

    /* U+F1542 "󱕂" */
    0x0, 0xff, 0x8a, 0xbb, 0x94, 0x40, 0x1f, 0xfc,
    0x12, 0xc5, 0x11, 0x2e, 0x10, 0x7, 0xff, 0x2,
    0x5, 0x37, 0x48, 0x30, 0x0, 0xff, 0xff, 0x28,
    0x49, 0x12, 0x81, 0x7f, 0xc0, 0x1f, 0xfc, 0x3,
    0x0, 0xfb, 0xff, 0xfc, 0xa1, 0x42, 0x2a, 0x5,
    0xff, 0x0, 0x7f, 0xa0, 0x53, 0xb8, 0x83, 0x0,
    0x1f, 0xfc, 0x2, 0xc5, 0x11, 0x2e, 0x10, 0x7,
    0xff, 0x4, 0xab, 0xb9, 0x44, 0x1, 0xff, 0xce,
    0x2a, 0xee, 0x51, 0x0, 0x7f, 0xf0, 0x4b, 0x14,
    0x44, 0xb8, 0x40, 0x1f, 0xfc, 0x8, 0x14, 0xee,
    0x20, 0xc0, 0x7, 0xfb, 0xfc, 0xa1, 0x42, 0x29,
    0x5, 0xff, 0xff, 0x0, 0x7f, 0xf2, 0x3f, 0xca,
    0x14, 0x22, 0x90, 0x5f, 0xff, 0xf0, 0x2, 0x5,
    0x3b, 0x88, 0x30, 0x1, 0xff, 0xc0, 0x2c, 0x51,
    0x12, 0xe1, 0x0, 0x7f, 0x80,

    /* U+F1543 "󱕃" */
    0x0, 0xbf, 0xc0, 0x1f, 0xbf, 0xc0, 0x1f, 0xfd,
    0x42, 0xa0, 0x5, 0x10, 0x7, 0xfc, 0x58, 0xa0,
    0x5, 0xc2, 0x0, 0xff, 0x40, 0xa7, 0x71, 0x6,
    0x0, 0x3f, 0xc8, 0x14, 0x22, 0x90, 0x40, 0xf,
    0xfe, 0x82, 0x5, 0x9, 0x48, 0x20, 0x7, 0xfa,
    0x5, 0x3b, 0x50, 0x60, 0x3, 0xfc, 0x58, 0xa0,
    0x5, 0xc2, 0x2, 0xa0, 0x5, 0x10, 0x6, 0x2a,
    0x0, 0x51, 0x1, 0x62, 0x80, 0x17, 0x8, 0x3,
    0xfd, 0x2, 0x9b, 0xa4, 0x18, 0x0, 0xff, 0x20,
    0x49, 0x12, 0x81, 0x0, 0x3f, 0xf8, 0x6, 0x1,
    0xff, 0xc3, 0x40, 0xa1, 0x15, 0x2, 0x0, 0x7f,
    0xa0, 0x53, 0xb8, 0x83, 0x0, 0x1f, 0xe2, 0xc5,
    0x0, 0x2e, 0x10, 0x7, 0xfc, 0x54, 0x0, 0xa2,
    0x0, 0xff, 0xe8, 0x80,

    /* U+F15EE "󱗮" */
    0x4d, 0xff, 0xff, 0x6a, 0x51, 0x0, 0x7f, 0x8a,
    0x44, 0x3, 0xff, 0x80, 0x40, 0x1f, 0xff, 0xdf,
    0xf0, 0x7, 0xff, 0xe3, 0xfc, 0x1, 0xff, 0xe7,
    0x10, 0xf, 0xfe, 0x1, 0x50, 0x80, 0x7f, 0x86,
    0x53, 0x80, 0x1f, 0xfe, 0x0, 0x72, 0x0,

    /* U+F16B5 "󱚵" */
    0x0, 0xe1, 0x59, 0xce, 0xff, 0x76, 0x53, 0x8,
    0x7, 0xc9, 0x7d, 0x4c, 0x62, 0x0, 0x13, 0x59,
    0xec, 0x50, 0x8, 0xf6, 0xd0, 0x3, 0xff, 0x81,
    0x8a, 0x0, 0x7c, 0x20, 0x9, 0x23, 0x3b, 0xfd,
    0xd9, 0x28, 0x1, 0xca, 0x1, 0x3f, 0x5b, 0x98,
    0x80, 0x4, 0xda, 0xf8, 0x1, 0xfe, 0x2a, 0x5e,
    0x81, 0x0, 0xff, 0x8, 0x7, 0x2d, 0x8, 0x0,
    0x5e, 0xf7, 0xfd, 0xd6, 0xe2, 0x1, 0xfc, 0x35,
    0xd0, 0x84, 0x0, 0x14, 0x8e, 0x90, 0xf, 0xde,
    0xa0, 0x1f, 0xe6, 0x0, 0xfd, 0x60, 0x4, 0xad,
    0xff, 0x6d, 0x20, 0x7, 0xf9, 0x63, 0x2d, 0x48,
    0x0, 0x4b, 0x79, 0x0, 0xf, 0xf0, 0x7, 0x39,
    0x80, 0x7e, 0x37, 0x0, 0xff, 0xe0, 0x36, 0x7f,
    0xb1, 0x80, 0x3b, 0xfc, 0x1, 0xf2, 0xc9, 0x80,
    0xe, 0x54, 0x3, 0xff, 0x82, 0xaa, 0x0, 0xca,
    0xa0, 0xd, 0xfe, 0x0, 0xfd, 0x44, 0x0, 0x2a,
    0x0, 0xff, 0xe2, 0x78, 0x3, 0xc0, 0x3f, 0xf8,
    0xa5, 0x32, 0x20, 0xf, 0xc0,

    /* U+F16BD "󱚽" */
    0x0, 0xe1, 0x59, 0xce, 0xff, 0x76, 0x4a, 0x88,
    0x7, 0xe4, 0xbe, 0xa6, 0x31, 0x0, 0x9, 0xb5,
    0x75, 0xa0, 0x6, 0x3d, 0xb4, 0x0, 0xff, 0xe0,
    0x25, 0xe9, 0x83, 0xe1, 0x0, 0x49, 0x19, 0xdf,
    0xee, 0xc8, 0x40, 0x8, 0xb1, 0xd4, 0x2, 0x7e,
    0xb7, 0x31, 0x0, 0x9, 0xbd, 0xf3, 0x80, 0x4a,
    0x54, 0xbd, 0x2, 0x1, 0xfe, 0x18, 0xe5, 0xa2,
    0x5, 0xa1, 0x0, 0xb, 0xde, 0xff, 0xb6, 0xd8,
    0x40, 0x3, 0x4a, 0x1, 0xc3, 0x5d, 0x8, 0x40,
    0x2, 0x49, 0xea, 0x10, 0xf, 0xde, 0xa0, 0x1f,
    0xe5, 0xf0, 0xf, 0xd6, 0x0, 0x4a, 0xdf, 0xf6,
    0xd2, 0x0, 0x2c, 0x3, 0xf2, 0xc6, 0x5a, 0x90,
    0x0, 0x96, 0xf3, 0xa, 0x1, 0xfc, 0xe6, 0x1,
    0xf8, 0xcc, 0x1, 0xff, 0xc1, 0x6c, 0xff, 0x60,
    0x7, 0xff, 0x11, 0x64, 0xc0, 0x8, 0x1, 0xe5,
    0xc0, 0xf, 0xca, 0xa0, 0xa, 0xc0, 0x39, 0x68,
    0xcc, 0x1, 0xfa, 0x88, 0x0, 0x60, 0xf8, 0xb,
    0x41, 0x66, 0x1, 0xfd, 0xe0, 0x1b, 0xcf, 0x68,
    0x2d, 0x0, 0x3f, 0xc5, 0x34, 0x0, 0x86, 0x20,
    0xb4, 0x0, 0xff, 0xe0, 0x32, 0x80, 0x52, 0xb6,
    0x80, 0x10,

    /* U+F16BF "󱚿" */
    0x0, 0xe1, 0x59, 0xce, 0xff, 0x76, 0x4a, 0x88,
    0x7, 0xf2, 0x5f, 0x53, 0x18, 0x80, 0x4, 0xda,
    0xba, 0xd0, 0x3, 0x8f, 0x6d, 0x0, 0x3f, 0xf8,
    0x9, 0x7a, 0x60, 0x7, 0xc2, 0x0, 0x92, 0x33,
    0xbf, 0xdd, 0x90, 0x80, 0x11, 0x63, 0x82, 0x80,
    0x4f, 0xd6, 0xe6, 0x20, 0x1, 0x37, 0xbe, 0x70,
    0x9, 0x40, 0xa9, 0x7a, 0x4, 0x3, 0xfc, 0x31,
    0xcb, 0x44, 0x0, 0x5a, 0x10, 0x0, 0xbd, 0xef,
    0xfb, 0xad, 0xc4, 0x0, 0x34, 0xa0, 0x1e, 0x1a,
    0xe8, 0x42, 0x0, 0xa, 0x46, 0x88, 0x7, 0xfb,
    0xd4, 0x3, 0xf3, 0xe0, 0x80, 0x7f, 0xac, 0x0,
    0x95, 0xbf, 0xed, 0xa8, 0x8, 0xee, 0x40, 0x7,
    0xcb, 0x19, 0x6a, 0x40, 0x2, 0x50, 0x76, 0xbb,
    0x33, 0x80, 0x7c, 0xe6, 0x1, 0xfa, 0xd9, 0x54,
    0xd6, 0x1, 0xfe, 0x6c, 0xff, 0x30, 0x5, 0xe0,
    0x1f, 0xfc, 0x15, 0x93, 0x0, 0x38, 0x51, 0xc7,
    0xf9, 0xce, 0x80, 0x3f, 0x2a, 0x80, 0x21, 0x5,
    0x0, 0xf2, 0x80, 0x7f, 0x51, 0x0, 0x7f, 0xf2,
    0xbc, 0x3, 0xff, 0x94, 0x53, 0x40, 0x1f, 0xfc,
    0x96, 0x50, 0x3, 0x0, 0x79, 0x40,

    /* U+F17BF "󱞿" */
    0x0, 0xff, 0xe9, 0xc4, 0x0, 0x3f, 0xf8, 0x90,
    0xee, 0x80, 0xf, 0xfe, 0x14, 0x38, 0x1, 0xe0,
    0x3, 0xff, 0x81, 0xe, 0x1, 0x9e, 0x0, 0x3f,
    0xce, 0xe0, 0xa0, 0x5, 0x3, 0xc0, 0x7, 0xe4,
    0x80, 0xa5, 0x0, 0x2d, 0x3, 0xa0, 0x7, 0xc8,
    0xf4, 0xa0, 0x19, 0x69, 0xd0, 0x3, 0xf4, 0x28,
    0x7, 0x96, 0x0, 0x3f, 0xfc, 0xc4, 0x2, 0x1,
    0xff, 0xc4, 0x50, 0x40, 0xf, 0xfe, 0x19, 0xc0,
    0x48, 0x7, 0xff, 0x4, 0x9f, 0x1, 0xcc, 0x3,
    0xdf, 0xff, 0x6c, 0x3, 0xc0, 0x7, 0xff, 0x8,
    0x57, 0x20, 0x3, 0xf7, 0xff, 0xdd, 0x46, 0x1,
    0xf8,

    /* U+F18B8 "󱢸" */
    0x0, 0x7f, 0xff, 0x80, 0x3f, 0xff, 0xe0, 0x1f,
    0xfc, 0xbf, 0xf0, 0x7, 0xfb, 0xfc, 0x1, 0xff,
    0xff, 0x0, 0xff, 0xef, 0xff, 0xb4, 0x40, 0x3c,
    0x3b, 0xfe, 0x12, 0x0, 0x8c, 0x3, 0x16, 0x80,
    0x7b, 0x48, 0x1, 0x7a, 0xc0, 0xd9, 0x40, 0x18,
    0xe8, 0x3, 0x51, 0x80, 0x15, 0x42, 0xe3, 0x1,
    0xe0, 0x1c, 0xb2, 0x0, 0x95, 0x0, 0xac, 0x20,
    0x60, 0x4d, 0x40, 0x3c, 0xdf, 0xe6, 0x0, 0xce,
    0x1a, 0x14, 0x6, 0x40, 0x1f, 0xfc, 0x29, 0x14,
    0x63, 0x70, 0xe0, 0xf, 0xfe, 0x10, 0x88, 0x8,
    0xc, 0x14, 0x3, 0xff, 0x85, 0x40, 0xa8, 0xc8,
    0x30, 0x1, 0xff, 0xc2, 0xd3, 0xb0, 0x54, 0xb1,
    0x0,

    /* U+F19F0 "󱧰" */
    0x0, 0xff, 0xe4, 0x27, 0x7f, 0xfa, 0x0, 0x3f,
    0xea, 0x10, 0xf, 0x3c, 0x0, 0x7f, 0x84, 0x3,
    0xf3, 0xff, 0xfe, 0xe4, 0x0, 0xff, 0xe3, 0xc,
    0x80, 0x7f, 0xf1, 0xc8, 0x3, 0xff, 0xfe, 0x1,
    0xff, 0xc7, 0x6c, 0xff, 0x63, 0x0, 0x7f, 0xf0,
    0x7, 0x24, 0xc0, 0x7, 0x20, 0x1f, 0xfc, 0xd,
    0x30, 0x4, 0x38, 0x7, 0xff, 0x5, 0x8c, 0x1,
    0xf, 0xe, 0x1, 0xff, 0xc0, 0xa0, 0x4, 0x38,
    0x2, 0x1c, 0x40, 0x3f, 0xc6, 0x0, 0x8f, 0x0,
    0x7b, 0xd0, 0x80, 0x7f, 0xf1, 0x93, 0xbf, 0xff,
    0x80, 0x3f, 0xfa, 0x20,

    /* U+F19F3 "󱧳" */
    0x0, 0xff, 0xe4, 0x27, 0x7f, 0xfa, 0x0, 0x3f,
    0xea, 0x10, 0xf, 0x3c, 0x0, 0x7f, 0x84, 0x3,
    0xf3, 0xff, 0xfe, 0xe4, 0x0, 0xff, 0xe3, 0xc,
    0x80, 0x3f, 0xff, 0xf8, 0x80, 0x40, 0x1f, 0xff,
    0xf0, 0xf, 0xfe, 0x5e, 0x30, 0x7, 0xff, 0x18,
    0xe4, 0x3, 0xff, 0x89, 0xe, 0x1, 0xff, 0xc5,
    0x87, 0x87, 0x0, 0xff, 0xe1, 0xc3, 0x80, 0x21,
    0xc4, 0x3f, 0xff, 0x80, 0x28, 0xf0, 0x7, 0xbd,
    0x8, 0x7, 0xff, 0x19, 0x3b, 0xff, 0xf8, 0x3,
    0xff, 0xa2,

    /* U+F1A45 "󱩅" */
    0x0, 0x88, 0x3, 0x84, 0xc0, 0x39, 0x0, 0x37,
    0xf1, 0x80, 0x55, 0x8e, 0x1, 0x35, 0xd8, 0x0,
    0xe4, 0x66, 0x0, 0x2a, 0x3, 0x0, 0x6, 0x3,
    0x80, 0xa0, 0x24, 0x2, 0xb0, 0x91, 0x0, 0x58,
    0xa2, 0x84, 0x82, 0xa0, 0x2, 0x44, 0xd8, 0x0,
    0x6a, 0x12, 0xa, 0x83, 0x60, 0x3, 0x60, 0xf0,
    0xb, 0x81, 0xc8, 0x20, 0x18, 0x40, 0x12, 0x8,
    0x60, 0x5, 0x20, 0x90, 0x5, 0x83, 0x0, 0x52,
    0x8, 0x60, 0x5, 0x20, 0x90, 0x3, 0x18, 0xc8,
    0x0, 0xd8, 0x38, 0x2, 0x90, 0x72, 0x0, 0x78,
    0x31, 0x0, 0x24, 0x49, 0xc0, 0x8, 0xa1, 0xc0,
    0x3, 0x50, 0xe0, 0xa, 0xc2, 0x8, 0x1, 0x62,
    0x6c, 0x0, 0xb0, 0x34, 0x0, 0x29, 0x5, 0x80,
    0x5, 0x82, 0xc0, 0x8, 0x0, 0x50, 0x2, 0x10,
    0x58, 0x4, 0xc1, 0x60, 0x8, 0x8, 0x10, 0x4,
    0x3, 0x10, 0x2, 0x4, 0x98, 0x18, 0x88, 0xe0,
    0x5, 0x31, 0x80, 0x0, 0xb8, 0x48, 0x2, 0x2,
    0x0, 0x28, 0x8, 0x10, 0x4, 0x2, 0x20, 0x14,
    0x4d, 0x40, 0x4, 0x4, 0xc0, 0x11, 0x4, 0x80,
    0x17, 0x78, 0x2, 0x2d, 0xc0, 0xd, 0x7c, 0x40,
    0x0,

    /* U+F1A4E "󱩎" */
    0x0, 0xff, 0xeb, 0xff, 0x80, 0x3f, 0xfb, 0x64,
    0x20, 0x1f, 0xfc, 0x1, 0x20, 0xf, 0x8b, 0x30,
    0x20, 0x1b, 0xfc, 0x1, 0x87, 0x30, 0x40, 0x1e,
    0x33, 0x15, 0x0, 0x7f, 0xa8, 0x8c, 0xc0, 0x1e,
    0x1c, 0x49, 0x0, 0x36, 0x77, 0x31, 0x80, 0x12,
    0x98, 0x20, 0x1f, 0xd, 0x90, 0xe4, 0x98, 0x88,
    0xe7, 0x4, 0xac, 0x40, 0x3f, 0xed, 0x32, 0xae,
    0xe5, 0x11, 0xe8, 0x7, 0xff, 0x5, 0x8c, 0xb1,
    0x44, 0x4b, 0x84, 0x6c, 0x1, 0xff, 0xc0, 0xa0,
    0x81, 0x0, 0xc3, 0x1, 0x40, 0x1f, 0x7f, 0xc0,
    0x2, 0x4, 0x0, 0xf2, 0x1, 0x0, 0x3f, 0xe0,
    0xf, 0xfe, 0x77, 0xfc, 0x0, 0x20, 0x40, 0xf,
    0x20, 0x10, 0x3, 0xfe, 0x0, 0xfa, 0x82, 0x4,
    0x3, 0xc, 0x5, 0x0, 0x7f, 0xf0, 0x18, 0xcb,
    0x14, 0x0, 0xb8, 0x46, 0xc0, 0x1f, 0xfc, 0x1d,
    0x32, 0xa0, 0x5, 0x11, 0xe8, 0x7, 0xff, 0x8,
    0x70, 0x1, 0xfe, 0x0, 0x60, 0x80, 0x7f, 0xf7,
    0xc, 0x3, 0x18, 0x7, 0xff, 0x1b, 0x3f, 0xf6,
    0x0, 0x7f, 0xf1, 0xff, 0xf0, 0x7, 0xff, 0x20,
    0xc0, 0x6, 0x1, 0xfe,

    /* U+F1A4F "󱩏" */
    0x0, 0xff, 0xeb, 0xff, 0x80, 0x3f, 0xfb, 0x64,
    0x20, 0x1f, 0xfc, 0x1, 0x20, 0xf, 0x8b, 0x30,
    0x20, 0x1b, 0xfc, 0x1, 0x87, 0x30, 0x40, 0x1e,
    0x33, 0x15, 0x0, 0x7f, 0xa8, 0x8c, 0xc0, 0x1e,
    0x1c, 0x49, 0x0, 0x36, 0x77, 0x31, 0x80, 0x12,
    0x98, 0x20, 0x1f, 0xd, 0x90, 0xe4, 0x98, 0x88,
    0xe7, 0x4, 0xac, 0x40, 0x3f, 0xed, 0x32, 0xae,
    0xe5, 0x11, 0xe8, 0x7, 0xff, 0x5, 0x8c, 0xb1,
    0x44, 0x4b, 0x84, 0x6c, 0x1, 0xff, 0xc0, 0xa0,
    0x81, 0x0, 0xc3, 0x1, 0x40, 0x1f, 0x7f, 0xc0,
    0x2, 0x4, 0x0, 0xf2, 0x1, 0x0, 0x3f, 0xe0,
    0xf, 0x84, 0x3, 0xff, 0x8d, 0xff, 0x0, 0xc,
    0x10, 0x3, 0xc8, 0x4, 0x0, 0xff, 0x80, 0x3e,
    0xa0, 0x81, 0x0, 0xc3, 0x1, 0x40, 0x1f, 0xfc,
    0x6, 0x32, 0xc5, 0x11, 0x2e, 0x11, 0xb0, 0x7,
    0xff, 0x7, 0x4c, 0xab, 0xb9, 0x44, 0x7a, 0x1,
    0xff, 0xc2, 0x1c, 0x0, 0xf6, 0x8, 0x7, 0xff,
    0x70, 0xc0, 0x31, 0x80, 0x7f, 0xf1, 0xb3, 0xff,
    0x60, 0x7, 0xff, 0x1f, 0xff, 0x0, 0x7f, 0xf2,
    0xc, 0x0, 0x60, 0x1f, 0xfc, 0x8c, 0xff, 0x60,
    0x7, 0xf8,

    /* U+F1A50 "󱩐" */
    0x0, 0xff, 0xeb, 0xff, 0x80, 0x3f, 0xfb, 0x64,
    0x20, 0x1f, 0xfc, 0x1, 0x20, 0xf, 0x8b, 0x30,
    0x20, 0x1b, 0xfc, 0x1, 0x87, 0x30, 0x40, 0x1e,
    0x33, 0x15, 0x0, 0x7f, 0xa8, 0x8c, 0xc0, 0x1e,
    0x1c, 0x49, 0x0, 0x36, 0x77, 0x31, 0x80, 0x12,
    0x98, 0x20, 0x1f, 0xd, 0x90, 0xe4, 0x98, 0x88,
    0xe7, 0x4, 0xac, 0x40, 0x3f, 0xed, 0x32, 0xae,
    0xe5, 0x11, 0xe8, 0x7, 0xff, 0x5, 0x8c, 0xb1,
    0x44, 0x4b, 0x84, 0x6c, 0x1, 0xff, 0xc0, 0xa0,
    0x81, 0x0, 0xc3, 0x1, 0x40, 0x1f, 0x7f, 0xc0,
    0x2, 0x4, 0x0, 0xf2, 0x1, 0x0, 0x3f, 0xe0,
    0xf, 0x84, 0x3, 0xff, 0x8d, 0xff, 0x0, 0xc,
    0x10, 0x3, 0xc8, 0x4, 0x0, 0xff, 0x80, 0x3e,
    0xa0, 0x81, 0x0, 0xc3, 0x1, 0x40, 0x1f, 0xfc,
    0x6, 0x32, 0xef, 0xfd, 0xc4, 0x6c, 0x1, 0xff,
    0xc1, 0xd3, 0x0, 0xf1, 0xe8, 0x7, 0xff, 0x8,
    0x70, 0x3, 0xd8, 0x20, 0x1f, 0xfd, 0xc3, 0x0,
    0xc6, 0x1, 0xff, 0xc6, 0xcf, 0xfd, 0x80, 0x1f,
    0xfc, 0x7f, 0xfc, 0x1, 0xff, 0xc8, 0x30, 0x1,
    0x80, 0x7f, 0xf2, 0x33, 0xfd, 0x80, 0x1f, 0xe0,

    /* U+F1A51 "󱩑" */
    0x0, 0xff, 0xeb, 0xff, 0x80, 0x3f, 0xfb, 0x64,
    0x20, 0x1f, 0xfc, 0x1, 0x20, 0xf, 0x8b, 0x30,
    0x20, 0x1b, 0xfc, 0x1, 0x87, 0x30, 0x40, 0x1e,
    0x33, 0x15, 0x0, 0x7f, 0xa8, 0x8c, 0xc0, 0x1e,
    0x1c, 0x49, 0x0, 0x36, 0x77, 0x31, 0x80, 0x12,
    0x98, 0x20, 0x1f, 0xd, 0x90, 0xe4, 0x98, 0x88,
    0xe7, 0x4, 0xac, 0x40, 0x3f, 0xed, 0x32, 0xae,
    0xe5, 0x11, 0xe8, 0x7, 0xff, 0x5, 0x8c, 0xb1,
    0x44, 0x4b, 0x84, 0x6c, 0x1, 0xff, 0xc0, 0xa0,
    0x81, 0x0, 0xc3, 0x1, 0x40, 0x1f, 0x7f, 0xc0,
    0x2, 0x4, 0x0, 0xf2, 0x1, 0x0, 0x3f, 0xe0,
    0xf, 0x84, 0x3, 0xff, 0x8d, 0xff, 0x0, 0xc,
    0x10, 0x3, 0xc8, 0x4, 0x0, 0xff, 0x80, 0x3e,
    0xa0, 0xaf, 0xff, 0x50, 0x50, 0x7, 0xff, 0x1,
    0x8c, 0x3, 0xf1, 0xb0, 0x7, 0xff, 0x7, 0x4c,
    0x3, 0xc7, 0xa0, 0x1f, 0xfc, 0x21, 0xc0, 0xf,
    0x60, 0x80, 0x7f, 0xf7, 0xc, 0x3, 0x18, 0x7,
    0xff, 0x1b, 0x3f, 0xf6, 0x0, 0x7f, 0xf1, 0xff,
    0xf0, 0x7, 0xff, 0x20, 0xc0, 0x6, 0x1, 0xff,
    0xc8, 0xcf, 0xf6, 0x0, 0x7f, 0x80,

    /* U+F1A52 "󱩒" */
    0x0, 0xff, 0xeb, 0xff, 0x80, 0x3f, 0xfb, 0x64,
    0x20, 0x1f, 0xfc, 0x1, 0x20, 0xf, 0x8b, 0x30,
    0x20, 0x1b, 0xfc, 0x1, 0x87, 0x30, 0x40, 0x1e,
    0x33, 0x15, 0x0, 0x7f, 0xa8, 0x8c, 0xc0, 0x1e,
    0x1c, 0x49, 0x0, 0x36, 0x77, 0x31, 0x80, 0x12,
    0x98, 0x20, 0x1f, 0xd, 0x90, 0xe4, 0x98, 0x88,
    0xe7, 0x4, 0xac, 0x40, 0x3f, 0xed, 0x32, 0xae,
    0xe5, 0x11, 0xe8, 0x7, 0xff, 0x5, 0x8c, 0xb1,
    0x44, 0x4b, 0x84, 0x6c, 0x1, 0xff, 0xc0, 0xa0,
    0x81, 0x0, 0xc3, 0x1, 0x40, 0x1f, 0x7f, 0xc0,
    0x2, 0x4, 0x0, 0xf2, 0x1, 0x0, 0x3f, 0xe0,
    0xf, 0x84, 0x3, 0xff, 0x8d, 0xff, 0x0, 0xc,
    0x3b, 0xff, 0xdc, 0x4, 0x0, 0xff, 0x80, 0x3e,
    0xa0, 0xf, 0xf5, 0x0, 0x7f, 0xf0, 0x18, 0xc0,
    0x3f, 0x1b, 0x0, 0x7f, 0xf0, 0x74, 0xc0, 0x3c,
    0x7a, 0x1, 0xff, 0xc2, 0x1c, 0x0, 0xf6, 0x8,
    0x7, 0xff, 0x70, 0xc0, 0x31, 0x80, 0x7f, 0xf1,
    0xb3, 0xff, 0x60, 0x7, 0xff, 0x1f, 0xff, 0x0,
    0x7f, 0xf2, 0xc, 0x0, 0x60, 0x1f, 0xfc, 0x8c,
    0xff, 0x60, 0x7, 0xf8,

    /* U+F1A53 "󱩓" */
    0x0, 0xff, 0xeb, 0xff, 0x80, 0x3f, 0xfb, 0x64,
    0x20, 0x1f, 0xfc, 0x1, 0x20, 0xf, 0x8b, 0x30,
    0x20, 0x1b, 0xfc, 0x1, 0x87, 0x30, 0x40, 0x1e,
    0x33, 0x15, 0x0, 0x7f, 0xa8, 0x8c, 0xc0, 0x1e,
    0x1c, 0x49, 0x0, 0x36, 0x77, 0x31, 0x80, 0x12,
    0x98, 0x20, 0x1f, 0xd, 0x90, 0xe4, 0x98, 0x88,
    0xe7, 0x4, 0xac, 0x40, 0x3f, 0xed, 0x32, 0xae,
    0xe5, 0x11, 0xe8, 0x7, 0xff, 0x5, 0x8c, 0xb1,
    0x44, 0x4b, 0x84, 0x6c, 0x1, 0xff, 0xc0, 0xa0,
    0x81, 0x0, 0xc3, 0x1, 0x40, 0x1f, 0x7f, 0xc0,
    0x2, 0x4, 0x0, 0xf2, 0x1, 0x0, 0x3f, 0xe0,
    0xf, 0xee, 0xff, 0xf7, 0x0, 0x7f, 0x7f, 0xc0,
    0x2, 0x0, 0xff, 0x10, 0x3, 0xfe, 0x0, 0xfa,
    0x80, 0x3f, 0xd4, 0x1, 0xff, 0xc0, 0x63, 0x0,
    0xfc, 0x6c, 0x1, 0xff, 0xc1, 0xd3, 0x0, 0xf1,
    0xe8, 0x7, 0xff, 0x8, 0x70, 0x3, 0xd8, 0x20,
    0x1f, 0xfd, 0xc3, 0x0, 0xc6, 0x1, 0xff, 0xc6,
    0xcf, 0xfd, 0x80, 0x1f, 0xfc, 0x7f, 0xfc, 0x1,
    0xff, 0xc8, 0x30, 0x1, 0x80, 0x7f, 0x80,

    /* U+F1A54 "󱩔" */
    0x0, 0xff, 0xeb, 0xff, 0x80, 0x3f, 0xfb, 0x64,
    0x20, 0x1f, 0xfc, 0x1, 0x20, 0xf, 0x8b, 0x30,
    0x20, 0x1b, 0xfc, 0x1, 0x87, 0x30, 0x40, 0x1e,
    0x33, 0x15, 0x0, 0x7f, 0xa8, 0x8c, 0xc0, 0x1e,
    0x1c, 0x49, 0x0, 0x36, 0x77, 0x31, 0x80, 0x12,
    0x98, 0x20, 0x1f, 0xd, 0x90, 0xe4, 0x98, 0x88,
    0xe7, 0x4, 0xac, 0x40, 0x3f, 0xed, 0x31, 0xae,
    0xe5, 0x9, 0xe8, 0x7, 0xff, 0x5, 0x8c, 0x7d,
    0x44, 0x4b, 0xe2, 0x6c, 0x1, 0xff, 0xc0, 0xa0,
    0x81, 0x0, 0xc3, 0x1, 0x40, 0x1f, 0x7f, 0xc0,
    0x2, 0x9, 0xff, 0xf4, 0x81, 0x0, 0x3f, 0xe0,
    0xf, 0x84, 0x3, 0xff, 0x8d, 0xff, 0x0, 0xc,
    0x3, 0xfc, 0x40, 0xf, 0xf8, 0x3, 0xea, 0x0,
    0xff, 0x50, 0x7, 0xff, 0x1, 0x8c, 0x3, 0xf1,
    0xb0, 0x7, 0xff, 0x7, 0x4c, 0x3, 0xc7, 0xa0,
    0x1f, 0xfc, 0x21, 0xc0, 0xf, 0x60, 0x80, 0x7f,
    0xf7, 0xc, 0x3, 0x18, 0x7, 0xff, 0x1b, 0x3f,
    0xf6, 0x0, 0x7f, 0xf1, 0xff, 0xf0, 0x7, 0xff,
    0x20, 0xc0, 0x6, 0x1, 0xff, 0xc8, 0xcf, 0xf6,
    0x0, 0x7f, 0x80,

    /* U+F1A55 "󱩕" */
    0x0, 0xff, 0xeb, 0xff, 0x80, 0x3f, 0xfb, 0x64,
    0x20, 0x1f, 0xfc, 0x1, 0x20, 0xf, 0x8b, 0x30,
    0x20, 0x1b, 0xfc, 0x1, 0x87, 0x30, 0x40, 0x1e,
    0x33, 0x15, 0x0, 0x7f, 0xa8, 0x8c, 0xc0, 0x1e,
    0x1c, 0x49, 0x0, 0x36, 0x77, 0x31, 0x80, 0x12,
    0x98, 0x20, 0x1f, 0xd, 0x90, 0xe4, 0x98, 0x88,
    0xe7, 0x4, 0xac, 0x40, 0x3f, 0xed, 0x31, 0xae,
    0xe5, 0x9, 0xe8, 0x7, 0xff, 0x5, 0x8c, 0x7d,
    0x44, 0x4b, 0xe2, 0x6c, 0x1, 0xff, 0xc0, 0xa0,
    0x1e, 0xff, 0xdc, 0x21, 0x40, 0x1f, 0x7f, 0xc0,
    0x2, 0x0, 0xff, 0x10, 0x3, 0xfe, 0x0, 0xf8,
    0x40, 0x3f, 0xf8, 0xdf, 0xf0, 0x0, 0xc0, 0x3f,
    0xc4, 0x0, 0xff, 0x80, 0x3e, 0xa0, 0xf, 0xf5,
    0x0, 0x7f, 0xf0, 0x18, 0xc0, 0x3f, 0x1b, 0x0,
    0x7f, 0xf0, 0x74, 0xc0, 0x3c, 0x7a, 0x1, 0xff,
    0xc2, 0x1c, 0x0, 0xf6, 0x8, 0x7, 0xff, 0x70,
    0xc0, 0x31, 0x80, 0x7f, 0xf1, 0xb3, 0xff, 0x60,
    0x7, 0xff, 0x1f, 0xff, 0x0, 0x7f, 0xf2, 0xc,
    0x0, 0x60, 0x1f, 0xfc, 0x8c, 0xff, 0x60, 0x7,
    0xf8,

    /* U+F1A56 "󱩖" */
    0x0, 0xff, 0xeb, 0xff, 0x80, 0x3f, 0xfb, 0x64,
    0x20, 0x1f, 0xfc, 0x1, 0x20, 0xf, 0x8b, 0x30,
    0x20, 0x1b, 0xfc, 0x1, 0x87, 0x30, 0x40, 0x1e,
    0x33, 0x15, 0x0, 0x7f, 0xa8, 0x8c, 0xc0, 0x1e,
    0x1c, 0x49, 0x0, 0x36, 0x77, 0x31, 0x80, 0x12,
    0x98, 0x20, 0x1f, 0xd, 0x90, 0xe4, 0x98, 0x88,
    0xe7, 0x4, 0xac, 0x40, 0x3f, 0xed, 0x31, 0xae,
    0xe5, 0x9, 0xe8, 0x7, 0xff, 0x5, 0x8c, 0x6,
    0xbb, 0x94, 0x20, 0x6c, 0x1, 0xff, 0xc0, 0xa0,
    0xf, 0xf5, 0x0, 0x7d, 0xff, 0x0, 0x8, 0x3,
    0xfc, 0x40, 0xf, 0xf8, 0x3, 0xe1, 0x0, 0xff,
    0xe3, 0x7f, 0xc0, 0x3, 0x0, 0xff, 0x10, 0x3,
    0xfe, 0x0, 0xfa, 0x80, 0x3f, 0xd4, 0x1, 0xff,
    0xc0, 0x63, 0x0, 0xfc, 0x6c, 0x1, 0xff, 0xc1,
    0xd3, 0x0, 0xf1, 0xe8, 0x7, 0xff, 0x8, 0x70,
    0x3, 0xd8, 0x20, 0x1f, 0xfd, 0xc3, 0x0, 0xc6,
    0x1, 0xff, 0xc6, 0xcf, 0xfd, 0x80, 0x1f, 0xfc,
    0x7f, 0xfc, 0x1, 0xff, 0xc8, 0x30, 0x1, 0x80,
    0x7f, 0xf2, 0x33, 0xfd, 0x80, 0x1f, 0xe0,

    /* U+F1B2B "󱬫" */
    0x0, 0xff, 0xe3, 0x13, 0x0, 0x7f, 0xf1, 0x63,
    0x50, 0x3, 0xff, 0x89, 0x2e, 0xe2, 0x0, 0xff,
    0xe1, 0xcb, 0x32, 0x0, 0x3f, 0xf8, 0x72, 0xcc,
    0x90, 0xf, 0xfe, 0x1c, 0xb3, 0x24, 0x3, 0xff,
    0x87, 0x2c, 0xc9, 0x0, 0xff, 0xe0, 0x92, 0xd3,
    0x32, 0x40, 0x3f, 0xf8, 0xd, 0xfb, 0x4a, 0xa9,
    0x0, 0xff, 0xe0, 0x34, 0x99, 0x80, 0x1e, 0x1,
    0xff, 0xc0, 0x69, 0x3c, 0xc1, 0x83, 0x0, 0x7f,
    0xcd, 0x20, 0x1e, 0x30, 0xf, 0xf3, 0x48, 0x0,
    0xf3, 0x7, 0x20, 0x1f, 0xe6, 0x90, 0xc, 0x66,
    0x96, 0x0, 0xfe, 0x69, 0x0, 0xf4, 0xb0, 0x7,
    0xf2, 0xc8, 0x7, 0xa5, 0x80, 0x3f, 0xd0, 0x1,
    0xe9, 0x60, 0xf, 0xf8, 0xc0, 0x3a, 0x58, 0x3,
    0xff, 0x80, 0x80, 0x1a, 0x58, 0x3, 0xff, 0x83,
    0x4a, 0x25, 0x4c, 0x1, 0xff, 0xc2,

    /* U+F1B35 "󱬵" */
    0xf, 0xff, 0xfe, 0x50, 0x7, 0xff, 0x3b, 0xc4,
    0x0, 0x3f, 0xff, 0xfc, 0x1, 0x0, 0x17, 0x80,
    0x54, 0x22, 0xa0, 0xf, 0xfe, 0x5, 0x9, 0x48,
    0x0,

    /* U+F1C3B "󱰻" */
    0x0, 0xff, 0xe1, 0x7f, 0xf8, 0x3, 0xff, 0xa5,
    0xfe, 0x0, 0xdf, 0xe0, 0x7, 0xf8, 0x3, 0xdf,
    0xe9, 0x0, 0xff, 0xe5, 0xb0, 0x7, 0xff, 0x4,
    0x40, 0x3f, 0xf9, 0x7e, 0x20, 0x1f, 0xe3, 0xd0,
    0x7, 0xfe, 0x0, 0x69, 0x8d, 0x80, 0x7f, 0xb4,
    0x80, 0x3f, 0x16, 0x82, 0x80, 0x7f, 0x84, 0x3,
    0xfc, 0x20, 0x1f, 0xff, 0xf0, 0xf, 0xfe, 0xa8,
    0x80, 0x7f, 0x84, 0x3, 0xff, 0x81, 0x82, 0x1,
    0xf8, 0xb0, 0xc, 0x3, 0xfc, 0x5e, 0x40, 0x1e,
    0x2c, 0x23, 0xc0, 0xf, 0xf8, 0x70, 0x80, 0x31,
    0x60, 0x9e, 0x0, 0x7f, 0xf0, 0x46, 0x80, 0x35,
    0x8, 0x68, 0x7, 0xff, 0x2c, 0x40, 0x3f, 0xf9,
    0x6c, 0x1, 0xfe, 0x60
};


/*---------------------
 *  GLYPH DESCRIPTION
 *--------------------*/

static const lv_font_fmt_txt_glyph_dsc_t glyph_dsc[] = {
    {.bitmap_index = 0, .adv_w = 0, .box_w = 0, .box_h = 0, .ofs_x = 0, .ofs_y = 0} /* id = 0 reserved */,
    {.bitmap_index = 0, .adv_w = 384, .box_w = 24, .box_h = 19, .ofs_x = 0, .ofs_y = 0},
    {.bitmap_index = 121, .adv_w = 384, .box_w = 20, .box_h = 20, .ofs_x = 2, .ofs_y = -1},
    {.bitmap_index = 239, .adv_w = 384, .box_w = 18, .box_h = 18, .ofs_x = 3, .ofs_y = 0},
    {.bitmap_index = 312, .adv_w = 384, .box_w = 14, .box_h = 14, .ofs_x = 5, .ofs_y = 2},
    {.bitmap_index = 377, .adv_w = 384, .box_w = 14, .box_h = 14, .ofs_x = 5, .ofs_y = 2},
    {.bitmap_index = 442, .adv_w = 384, .box_w = 16, .box_h = 17, .ofs_x = 4, .ofs_y = 1},
    {.bitmap_index = 513, .adv_w = 384, .box_w = 18, .box_h = 18, .ofs_x = 3, .ofs_y = 0},
    {.bitmap_index = 636, .adv_w = 384, .box_w = 17, .box_h = 16, .ofs_x = 4, .ofs_y = 1},
    {.bitmap_index = 717, .adv_w = 384, .box_w = 17, .box_h = 16, .ofs_x = 4, .ofs_y = 1},
    {.bitmap_index = 796, .adv_w = 384, .box_w = 17, .box_h = 16, .ofs_x = 3, .ofs_y = 1},
    {.bitmap_index = 877, .adv_w = 384, .box_w = 14, .box_h = 14, .ofs_x = 5, .ofs_y = 2},
    {.bitmap_index = 940, .adv_w = 384, .box_w = 14, .box_h = 14, .ofs_x = 5, .ofs_y = 2},
    {.bitmap_index = 1004, .adv_w = 384, .box_w = 16, .box_h = 17, .ofs_x = 4, .ofs_y = 0},
    {.bitmap_index = 1078, .adv_w = 384, .box_w = 20, .box_h = 20, .ofs_x = 2, .ofs_y = -1},
    {.bitmap_index = 1208, .adv_w = 384, .box_w = 18, .box_h = 21, .ofs_x = 3, .ofs_y = -2},
    {.bitmap_index = 1293, .adv_w = 384, .box_w = 24, .box_h = 24, .ofs_x = 0, .ofs_y = -3},
    {.bitmap_index = 1521, .adv_w = 384, .box_w = 13, .box_h = 20, .ofs_x = 5, .ofs_y = -1},
    {.bitmap_index = 1629, .adv_w = 384, .box_w = 18, .box_h = 20, .ofs_x = 3, .ofs_y = -1},
    {.bitmap_index = 1766, .adv_w = 384, .box_w = 18, .box_h = 18, .ofs_x = 3, .ofs_y = 0},
    {.bitmap_index = 1864, .adv_w = 384, .box_w = 20, .box_h = 22, .ofs_x = 2, .ofs_y = -1},
    {.bitmap_index = 2019, .adv_w = 384, .box_w = 20, .box_h = 17, .ofs_x = 2, .ofs_y = 2},
    {.bitmap_index = 2094, .adv_w = 384, .box_w = 20, .box_h = 18, .ofs_x = 2, .ofs_y = 0},
    {.bitmap_index = 2196, .adv_w = 384, .box_w = 18, .box_h = 14, .ofs_x = 3, .ofs_y = 2},
    {.bitmap_index = 2279, .adv_w = 384, .box_w = 12, .box_h = 8, .ofs_x = 6, .ofs_y = 5},
    {.bitmap_index = 2320, .adv_w = 384, .box_w = 8, .box_h = 12, .ofs_x = 8, .ofs_y = 3},
    {.bitmap_index = 2361, .adv_w = 384, .box_w = 8, .box_h = 12, .ofs_x = 8, .ofs_y = 3},
    {.bitmap_index = 2402, .adv_w = 384, .box_w = 12, .box_h = 8, .ofs_x = 6, .ofs_y = 5},
    {.bitmap_index = 2443, .adv_w = 384, .box_w = 20, .box_h = 20, .ofs_x = 2, .ofs_y = -1},
    {.bitmap_index = 2599, .adv_w = 384, .box_w = 14, .box_h = 14, .ofs_x = 5, .ofs_y = 2},
    {.bitmap_index = 2683, .adv_w = 384, .box_w = 20, .box_h = 20, .ofs_x = 2, .ofs_y = -1},
    {.bitmap_index = 2837, .adv_w = 384, .box_w = 18, .box_h = 18, .ofs_x = 3, .ofs_y = 0},
    {.bitmap_index = 2916, .adv_w = 384, .box_w = 20, .box_h = 12, .ofs_x = 2, .ofs_y = 3},
    {.bitmap_index = 3003, .adv_w = 384, .box_w = 20, .box_h = 18, .ofs_x = 2, .ofs_y = 0},
    {.bitmap_index = 3092, .adv_w = 384, .box_w = 19, .box_h = 23, .ofs_x = 2, .ofs_y = -2},
    {.bitmap_index = 3153, .adv_w = 384, .box_w = 24, .box_h = 24, .ofs_x = 0, .ofs_y = -3},
    {.bitmap_index = 3341, .adv_w = 384, .box_w = 19, .box_h = 20, .ofs_x = 3, .ofs_y = -1},
    {.bitmap_index = 3480, .adv_w = 384, .box_w = 14, .box_h = 18, .ofs_x = 5, .ofs_y = 0},
    {.bitmap_index = 3519, .adv_w = 384, .box_w = 18, .box_h = 18, .ofs_x = 3, .ofs_y = 0},
    {.bitmap_index = 3656, .adv_w = 384, .box_w = 22, .box_h = 22, .ofs_x = 1, .ofs_y = -2},
    {.bitmap_index = 3779, .adv_w = 384, .box_w = 6, .box_h = 18, .ofs_x = 9, .ofs_y = 0},
    {.bitmap_index = 3823, .adv_w = 384, .box_w = 14, .box_h = 18, .ofs_x = 5, .ofs_y = 0},
    {.bitmap_index = 3878, .adv_w = 384, .box_w = 14, .box_h = 14, .ofs_x = 5, .ofs_y = 2},
    {.bitmap_index = 3939, .adv_w = 384, .box_w = 24, .box_h = 18, .ofs_x = 0, .ofs_y = 0},
    {.bitmap_index = 4007, .adv_w = 384, .box_w = 20, .box_h = 19, .ofs_x = 2, .ofs_y = -1},
    {.bitmap_index = 4068, .adv_w = 384, .box_w = 24, .box_h = 16, .ofs_x = 0, .ofs_y = 1},
    {.bitmap_index = 4213, .adv_w = 384, .box_w = 24, .box_h = 19, .ofs_x = 0, .ofs_y = -1},
    {.bitmap_index = 4389, .adv_w = 384, .box_w = 21, .box_h = 20, .ofs_x = 2, .ofs_y = -1},
    {.bitmap_index = 4536, .adv_w = 384, .box_w = 20, .box_h = 22, .ofs_x = 2, .ofs_y = -1},
    {.bitmap_index = 4613, .adv_w = 384, .box_w = 16, .box_h = 19, .ofs_x = 4, .ofs_y = -1},
    {.bitmap_index = 4734, .adv_w = 384, .box_w = 12, .box_h = 20, .ofs_x = 6, .ofs_y = -1},
    {.bitmap_index = 4797, .adv_w = 384, .box_w = 20, .box_h = 18, .ofs_x = 2, .ofs_y = 0},
    {.bitmap_index = 4849, .adv_w = 384, .box_w = 20, .box_h = 18, .ofs_x = 2, .ofs_y = 0},
    {.bitmap_index = 4904, .adv_w = 384, .box_w = 20, .box_h = 18, .ofs_x = 2, .ofs_y = 0},
    {.bitmap_index = 4982, .adv_w = 384, .box_w = 19, .box_h = 16, .ofs_x = 2, .ofs_y = 1},
    {.bitmap_index = 5051, .adv_w = 384, .box_w = 23, .box_h = 23, .ofs_x = 0, .ofs_y = -3},
    {.bitmap_index = 5214, .adv_w = 384, .box_w = 20, .box_h = 20, .ofs_x = 2, .ofs_y = -1},
    {.bitmap_index = 5356, .adv_w = 384, .box_w = 20, .box_h = 18, .ofs_x = 2, .ofs_y = 0},
    {.bitmap_index = 5433, .adv_w = 384, .box_w = 24, .box_h = 16, .ofs_x = 0, .ofs_y = 0},
    {.bitmap_index = 5500, .adv_w = 384, .box_w = 20, .box_h = 14, .ofs_x = 2, .ofs_y = 2},
    {.bitmap_index = 5571, .adv_w = 384, .box_w = 18, .box_h = 18, .ofs_x = 3, .ofs_y = 0},
    {.bitmap_index = 5674, .adv_w = 384, .box_w = 20, .box_h = 20, .ofs_x = 2, .ofs_y = -1},
    {.bitmap_index = 5792, .adv_w = 384, .box_w = 20, .box_h = 20, .ofs_x = 2, .ofs_y = -1},
    {.bitmap_index = 5943, .adv_w = 384, .box_w = 20, .box_h = 14, .ofs_x = 2, .ofs_y = 2},
    {.bitmap_index = 6017, .adv_w = 384, .box_w = 20, .box_h = 21, .ofs_x = 2, .ofs_y = -3},
    {.bitmap_index = 6125, .adv_w = 384, .box_w = 19, .box_h = 12, .ofs_x = 2, .ofs_y = 3},
    {.bitmap_index = 6191, .adv_w = 384, .box_w = 20, .box_h = 20, .ofs_x = 2, .ofs_y = -1},
    {.bitmap_index = 6299, .adv_w = 384, .box_w = 18, .box_h = 20, .ofs_x = 3, .ofs_y = -1},
    {.bitmap_index = 6431, .adv_w = 384, .box_w = 20, .box_h = 19, .ofs_x = 2, .ofs_y = -1},
    {.bitmap_index = 6566, .adv_w = 384, .box_w = 14, .box_h = 20, .ofs_x = 5, .ofs_y = -1},
    {.bitmap_index = 6650, .adv_w = 384, .box_w = 14, .box_h = 20, .ofs_x = 5, .ofs_y = -1},
    {.bitmap_index = 6750, .adv_w = 384, .box_w = 20, .box_h = 20, .ofs_x = 2, .ofs_y = -1},
    {.bitmap_index = 6907, .adv_w = 384, .box_w = 18, .box_h = 22, .ofs_x = 3, .ofs_y = -1},
    {.bitmap_index = 7001, .adv_w = 384, .box_w = 18, .box_h = 20, .ofs_x = 3, .ofs_y = -1},
    {.bitmap_index = 7086, .adv_w = 384, .box_w = 18, .box_h = 18, .ofs_x = 3, .ofs_y = 0},
    {.bitmap_index = 7207, .adv_w = 384, .box_w = 20, .box_h = 20, .ofs_x = 2, .ofs_y = -1},
    {.bitmap_index = 7282, .adv_w = 384, .box_w = 14, .box_h = 2, .ofs_x = 5, .ofs_y = 8},
    {.bitmap_index = 7289, .adv_w = 384, .box_w = 24, .box_h = 24, .ofs_x = 0, .ofs_y = -3},
    {.bitmap_index = 7441, .adv_w = 384, .box_w = 22, .box_h = 20, .ofs_x = 1, .ofs_y = -1},
    {.bitmap_index = 7608, .adv_w = 384, .box_w = 18, .box_h = 18, .ofs_x = 3, .ofs_y = 0},
    {.bitmap_index = 7731, .adv_w = 384, .box_w = 12, .box_h = 14, .ofs_x = 6, .ofs_y = 2},
    {.bitmap_index = 7743, .adv_w = 384, .box_w = 18, .box_h = 18, .ofs_x = 3, .ofs_y = 0},
    {.bitmap_index = 7843, .adv_w = 384, .box_w = 11, .box_h = 15, .ofs_x = 8, .ofs_y = 1},
    {.bitmap_index = 7894, .adv_w = 384, .box_w = 20, .box_h = 20, .ofs_x = 2, .ofs_y = -1},
    {.bitmap_index = 8021, .adv_w = 384, .box_w = 14, .box_h = 14, .ofs_x = 5, .ofs_y = 2},
    {.bitmap_index = 8043, .adv_w = 384, .box_w = 18, .box_h = 18, .ofs_x = 3, .ofs_y = 0},
    {.bitmap_index = 8155, .adv_w = 384, .box_w = 18, .box_h = 14, .ofs_x = 3, .ofs_y = 2},
    {.bitmap_index = 8223, .adv_w = 384, .box_w = 20, .box_h = 18, .ofs_x = 2, .ofs_y = 0},
    {.bitmap_index = 8284, .adv_w = 384, .box_w = 20, .box_h = 20, .ofs_x = 2, .ofs_y = -1},
    {.bitmap_index = 8411, .adv_w = 384, .box_w = 24, .box_h = 24, .ofs_x = 0, .ofs_y = -3},
    {.bitmap_index = 8542, .adv_w = 384, .box_w = 20, .box_h = 20, .ofs_x = 2, .ofs_y = -1},
    {.bitmap_index = 8692, .adv_w = 384, .box_w = 21, .box_h = 10, .ofs_x = 1, .ofs_y = 5},
    {.bitmap_index = 8763, .adv_w = 384, .box_w = 18, .box_h = 18, .ofs_x = 3, .ofs_y = 0},
    {.bitmap_index = 8879, .adv_w = 384, .box_w = 17, .box_h = 20, .ofs_x = 4, .ofs_y = 1},
    {.bitmap_index = 8998, .adv_w = 384, .box_w = 17, .box_h = 20, .ofs_x = 3, .ofs_y = 1},
    {.bitmap_index = 9116, .adv_w = 384, .box_w = 18, .box_h = 19, .ofs_x = 3, .ofs_y = 0},
    {.bitmap_index = 9208, .adv_w = 384, .box_w = 22, .box_h = 22, .ofs_x = 1, .ofs_y = -2},
    {.bitmap_index = 9357, .adv_w = 384, .box_w = 18, .box_h = 20, .ofs_x = 3, .ofs_y = -1},
    {.bitmap_index = 9417, .adv_w = 384, .box_w = 22, .box_h = 18, .ofs_x = 2, .ofs_y = 0},
    {.bitmap_index = 9532, .adv_w = 384, .box_w = 20, .box_h = 20, .ofs_x = 2, .ofs_y = -1},
    {.bitmap_index = 9671, .adv_w = 384, .box_w = 24, .box_h = 18, .ofs_x = 0, .ofs_y = 0},
    {.bitmap_index = 9772, .adv_w = 384, .box_w = 20, .box_h = 18, .ofs_x = 2, .ofs_y = 0},
    {.bitmap_index = 9918, .adv_w = 384, .box_w = 20, .box_h = 19, .ofs_x = 2, .ofs_y = 0},
    {.bitmap_index = 10038, .adv_w = 384, .box_w = 12, .box_h = 12, .ofs_x = 6, .ofs_y = 3},
    {.bitmap_index = 10048, .adv_w = 384, .box_w = 14, .box_h = 18, .ofs_x = 5, .ofs_y = 0},
    {.bitmap_index = 10102, .adv_w = 384, .box_w = 18, .box_h = 24, .ofs_x = 3, .ofs_y = -3},
    {.bitmap_index = 10242, .adv_w = 384, .box_w = 20, .box_h = 20, .ofs_x = 2, .ofs_y = -1},
    {.bitmap_index = 10381, .adv_w = 384, .box_w = 12, .box_h = 20, .ofs_x = 6, .ofs_y = -1},
    {.bitmap_index = 10443, .adv_w = 384, .box_w = 18, .box_h = 21, .ofs_x = 3, .ofs_y = -2},
    {.bitmap_index = 10565, .adv_w = 384, .box_w = 12, .box_h = 20, .ofs_x = 6, .ofs_y = -1},
    {.bitmap_index = 10646, .adv_w = 384, .box_w = 21, .box_h = 10, .ofs_x = 2, .ofs_y = 5},
    {.bitmap_index = 10719, .adv_w = 384, .box_w = 15, .box_h = 23, .ofs_x = 4, .ofs_y = -2},
    {.bitmap_index = 10818, .adv_w = 384, .box_w = 24, .box_h = 18, .ofs_x = 0, .ofs_y = 0},
    {.bitmap_index = 10884, .adv_w = 384, .box_w = 18, .box_h = 12, .ofs_x = 3, .ofs_y = 3},
    {.bitmap_index = 10937, .adv_w = 384, .box_w = 19, .box_h = 19, .ofs_x = 2, .ofs_y = 0},
    {.bitmap_index = 11051, .adv_w = 384, .box_w = 18, .box_h = 18, .ofs_x = 3, .ofs_y = 0},
    {.bitmap_index = 11086, .adv_w = 384, .box_w = 18, .box_h = 18, .ofs_x = 3, .ofs_y = 0},
    {.bitmap_index = 11117, .adv_w = 384, .box_w = 18, .box_h = 14, .ofs_x = 3, .ofs_y = 2},
    {.bitmap_index = 11153, .adv_w = 384, .box_w = 18, .box_h = 18, .ofs_x = 3, .ofs_y = 0},
    {.bitmap_index = 11263, .adv_w = 384, .box_w = 14, .box_h = 18, .ofs_x = 5, .ofs_y = 0},
    {.bitmap_index = 11329, .adv_w = 384, .box_w = 18, .box_h = 18, .ofs_x = 3, .ofs_y = 0},
    {.bitmap_index = 11463, .adv_w = 384, .box_w = 12, .box_h = 18, .ofs_x = 6, .ofs_y = 0},
    {.bitmap_index = 11536, .adv_w = 384, .box_w = 20, .box_h = 18, .ofs_x = 2, .ofs_y = 0},
    {.bitmap_index = 11635, .adv_w = 384, .box_w = 22, .box_h = 18, .ofs_x = 1, .ofs_y = 0},
    {.bitmap_index = 11780, .adv_w = 384, .box_w = 23, .box_h = 18, .ofs_x = 0, .ofs_y = 0},
    {.bitmap_index = 11943, .adv_w = 384, .box_w = 24, .box_h = 20, .ofs_x = 0, .ofs_y = -1},
    {.bitmap_index = 12095, .adv_w = 384, .box_w = 20, .box_h = 20, .ofs_x = 2, .ofs_y = -1},
    {.bitmap_index = 12163, .adv_w = 384, .box_w = 24, .box_h = 20, .ofs_x = 0, .ofs_y = -1},
    {.bitmap_index = 12267, .adv_w = 384, .box_w = 20, .box_h = 20, .ofs_x = 2, .ofs_y = -1},
    {.bitmap_index = 12437, .adv_w = 384, .box_w = 20, .box_h = 20, .ofs_x = 2, .ofs_y = -1},
    {.bitmap_index = 12608, .adv_w = 384, .box_w = 18, .box_h = 20, .ofs_x = 3, .ofs_y = -1},
    {.bitmap_index = 12727, .adv_w = 384, .box_w = 18, .box_h = 18, .ofs_x = 3, .ofs_y = 0},
    {.bitmap_index = 12796, .adv_w = 384, .box_w = 20, .box_h = 24, .ofs_x = 2, .ofs_y = -3},
    {.bitmap_index = 12898, .adv_w = 384, .box_w = 20, .box_h = 18, .ofs_x = 2, .ofs_y = 0},
    {.bitmap_index = 12986, .adv_w = 384, .box_w = 12, .box_h = 18, .ofs_x = 6, .ofs_y = 0},
    {.bitmap_index = 13034, .adv_w = 384, .box_w = 22, .box_h = 22, .ofs_x = 1, .ofs_y = -2},
    {.bitmap_index = 13179, .adv_w = 384, .box_w = 24, .box_h = 20, .ofs_x = 0, .ofs_y = -1},
    {.bitmap_index = 13323, .adv_w = 384, .box_w = 19, .box_h = 20, .ofs_x = 2, .ofs_y = -1},
    {.bitmap_index = 13472, .adv_w = 384, .box_w = 24, .box_h = 12, .ofs_x = 0, .ofs_y = 3},
    {.bitmap_index = 13595, .adv_w = 384, .box_w = 24, .box_h = 23, .ofs_x = 0, .ofs_y = -2},
    {.bitmap_index = 13737, .adv_w = 384, .box_w = 18, .box_h = 21, .ofs_x = 3, .ofs_y = 0},
    {.bitmap_index = 13874, .adv_w = 384, .box_w = 20, .box_h = 20, .ofs_x = 2, .ofs_y = -1},
    {.bitmap_index = 14029, .adv_w = 384, .box_w = 16, .box_h = 17, .ofs_x = 4, .ofs_y = 1},
    {.bitmap_index = 14082, .adv_w = 384, .box_w = 17, .box_h = 16, .ofs_x = 4, .ofs_y = 1},
    {.bitmap_index = 14147, .adv_w = 384, .box_w = 17, .box_h = 16, .ofs_x = 3, .ofs_y = 1},
    {.bitmap_index = 14212, .adv_w = 384, .box_w = 16, .box_h = 17, .ofs_x = 4, .ofs_y = 0},
    {.bitmap_index = 14268, .adv_w = 384, .box_w = 20, .box_h = 20, .ofs_x = 2, .ofs_y = -1},
    {.bitmap_index = 14438, .adv_w = 384, .box_w = 20, .box_h = 20, .ofs_x = 2, .ofs_y = -1},
    {.bitmap_index = 14492, .adv_w = 384, .box_w = 22, .box_h = 18, .ofs_x = 2, .ofs_y = 0},
    {.bitmap_index = 14590, .adv_w = 384, .box_w = 20, .box_h = 20, .ofs_x = 2, .ofs_y = -1},
    {.bitmap_index = 14677, .adv_w = 384, .box_w = 20, .box_h = 20, .ofs_x = 2, .ofs_y = -1},
    {.bitmap_index = 14763, .adv_w = 384, .box_w = 20, .box_h = 20, .ofs_x = 2, .ofs_y = -1},
    {.bitmap_index = 14849, .adv_w = 384, .box_w = 20, .box_h = 20, .ofs_x = 2, .ofs_y = -1},
    {.bitmap_index = 14936, .adv_w = 384, .box_w = 20, .box_h = 20, .ofs_x = 2, .ofs_y = -1},
    {.bitmap_index = 15079, .adv_w = 384, .box_w = 20, .box_h = 20, .ofs_x = 2, .ofs_y = -1},
    {.bitmap_index = 15211, .adv_w = 384, .box_w = 20, .box_h = 20, .ofs_x = 2, .ofs_y = -1},
    {.bitmap_index = 15273, .adv_w = 384, .box_w = 20, .box_h = 20, .ofs_x = 2, .ofs_y = -1},
    {.bitmap_index = 15408, .adv_w = 384, .box_w = 20, .box_h = 18, .ofs_x = 2, .ofs_y = 0},
    {.bitmap_index = 15487, .adv_w = 384, .box_w = 21, .box_h = 20, .ofs_x = 2, .ofs_y = -1},
    {.bitmap_index = 15647, .adv_w = 384, .box_w = 18, .box_h = 18, .ofs_x = 3, .ofs_y = 0},
    {.bitmap_index = 15778, .adv_w = 384, .box_w = 18, .box_h = 18, .ofs_x = 3, .ofs_y = 0},
    {.bitmap_index = 15905, .adv_w = 384, .box_w = 2, .box_h = 18, .ofs_x = 11, .ofs_y = 0},
    {.bitmap_index = 15910, .adv_w = 384, .box_w = 20, .box_h = 20, .ofs_x = 2, .ofs_y = -1},
    {.bitmap_index = 16049, .adv_w = 384, .box_w = 19, .box_h = 19, .ofs_x = 2, .ofs_y = -1},
    {.bitmap_index = 16173, .adv_w = 384, .box_w = 19, .box_h = 18, .ofs_x = 3, .ofs_y = 0},
    {.bitmap_index = 16301, .adv_w = 384, .box_w = 24, .box_h = 19, .ofs_x = 0, .ofs_y = -1},
    {.bitmap_index = 16458, .adv_w = 384, .box_w = 24, .box_h = 19, .ofs_x = 0, .ofs_y = -1},
    {.bitmap_index = 16616, .adv_w = 384, .box_w = 24, .box_h = 19, .ofs_x = 0, .ofs_y = -1},
    {.bitmap_index = 16777, .adv_w = 384, .box_w = 24, .box_h = 19, .ofs_x = 0, .ofs_y = -1},
    {.bitmap_index = 16934, .adv_w = 384, .box_w = 24, .box_h = 19, .ofs_x = 0, .ofs_y = -1},
    {.bitmap_index = 17097, .adv_w = 384, .box_w = 24, .box_h = 19, .ofs_x = 0, .ofs_y = -1},
    {.bitmap_index = 17253, .adv_w = 384, .box_w = 24, .box_h = 19, .ofs_x = 0, .ofs_y = -1},
    {.bitmap_index = 17418, .adv_w = 384, .box_w = 24, .box_h = 19, .ofs_x = 0, .ofs_y = -1},
    {.bitmap_index = 17547, .adv_w = 384, .box_w = 24, .box_h = 19, .ofs_x = 0, .ofs_y = -1},
    {.bitmap_index = 17686, .adv_w = 384, .box_w = 20, .box_h = 20, .ofs_x = 2, .ofs_y = -1},
    {.bitmap_index = 17779, .adv_w = 384, .box_w = 21, .box_h = 18, .ofs_x = 2, .ofs_y = 0},
    {.bitmap_index = 17904, .adv_w = 384, .box_w = 21, .box_h = 20, .ofs_x = 2, .ofs_y = -1},
    {.bitmap_index = 18065, .adv_w = 384, .box_w = 20, .box_h = 18, .ofs_x = 2, .ofs_y = 0},
    {.bitmap_index = 18148, .adv_w = 384, .box_w = 24, .box_h = 20, .ofs_x = 0, .ofs_y = -1},
    {.bitmap_index = 18285, .adv_w = 384, .box_w = 20, .box_h = 20, .ofs_x = 2, .ofs_y = -1},
    {.bitmap_index = 18427, .adv_w = 384, .box_w = 18, .box_h = 18, .ofs_x = 3, .ofs_y = 0},
    {.bitmap_index = 18477, .adv_w = 384, .box_w = 24, .box_h = 18, .ofs_x = 0, .ofs_y = 0},
    {.bitmap_index = 18624, .adv_w = 384, .box_w = 20, .box_h = 20, .ofs_x = 2, .ofs_y = -1},
    {.bitmap_index = 18707, .adv_w = 384, .box_w = 20, .box_h = 20, .ofs_x = 2, .ofs_y = -1},
    {.bitmap_index = 18834, .adv_w = 384, .box_w = 20, .box_h = 20, .ofs_x = 2, .ofs_y = -1},
    {.bitmap_index = 18978, .adv_w = 384, .box_w = 20, .box_h = 14, .ofs_x = 2, .ofs_y = 2},
    {.bitmap_index = 19090, .adv_w = 384, .box_w = 22, .box_h = 20, .ofs_x = 1, .ofs_y = -1},
    {.bitmap_index = 19202, .adv_w = 384, .box_w = 22, .box_h = 19, .ofs_x = 1, .ofs_y = -1},
    {.bitmap_index = 19287, .adv_w = 384, .box_w = 22, .box_h = 19, .ofs_x = 1, .ofs_y = -1},
    {.bitmap_index = 19373, .adv_w = 384, .box_w = 22, .box_h = 19, .ofs_x = 1, .ofs_y = 0},
    {.bitmap_index = 19470, .adv_w = 384, .box_w = 22, .box_h = 22, .ofs_x = 2, .ofs_y = -1},
    {.bitmap_index = 19636, .adv_w = 384, .box_w = 20, .box_h = 21, .ofs_x = 2, .ofs_y = -2},
    {.bitmap_index = 19725, .adv_w = 384, .box_w = 20, .box_h = 21, .ofs_x = 2, .ofs_y = -2},
    {.bitmap_index = 19823, .adv_w = 384, .box_w = 20, .box_h = 17, .ofs_x = 2, .ofs_y = 0},
    {.bitmap_index = 19931, .adv_w = 384, .box_w = 19, .box_h = 20, .ofs_x = 2, .ofs_y = -1},
    {.bitmap_index = 20066, .adv_w = 384, .box_w = 17, .box_h = 20, .ofs_x = 2, .ofs_y = -1},
    {.bitmap_index = 20131, .adv_w = 384, .box_w = 24, .box_h = 12, .ofs_x = 0, .ofs_y = 3},
    {.bitmap_index = 20223, .adv_w = 384, .box_w = 12, .box_h = 24, .ofs_x = 6, .ofs_y = -3},
    {.bitmap_index = 20309, .adv_w = 384, .box_w = 24, .box_h = 11, .ofs_x = 0, .ofs_y = 6},
    {.bitmap_index = 20393, .adv_w = 384, .box_w = 24, .box_h = 24, .ofs_x = 0, .ofs_y = -3},
    {.bitmap_index = 20571, .adv_w = 384, .box_w = 12, .box_h = 14, .ofs_x = 6, .ofs_y = 2},
    {.bitmap_index = 20630, .adv_w = 384, .box_w = 20, .box_h = 19, .ofs_x = 2, .ofs_y = -1},
    {.bitmap_index = 20727, .adv_w = 384, .box_w = 20, .box_h = 20, .ofs_x = 2, .ofs_y = 0},
    {.bitmap_index = 20878, .adv_w = 384, .box_w = 20, .box_h = 18, .ofs_x = 2, .ofs_y = 0},
    {.bitmap_index = 21024, .adv_w = 384, .box_w = 20, .box_h = 18, .ofs_x = 2, .ofs_y = 0},
    {.bitmap_index = 21133, .adv_w = 384, .box_w = 20, .box_h = 20, .ofs_x = 2, .ofs_y = -1},
    {.bitmap_index = 21236, .adv_w = 384, .box_w = 22, .box_h = 22, .ofs_x = 2, .ofs_y = -1},
    {.bitmap_index = 21339, .adv_w = 384, .box_w = 20, .box_h = 18, .ofs_x = 2, .ofs_y = 0},
    {.bitmap_index = 21423, .adv_w = 384, .box_w = 20, .box_h = 20, .ofs_x = 2, .ofs_y = -1},
    {.bitmap_index = 21559, .adv_w = 384, .box_w = 20, .box_h = 20, .ofs_x = 2, .ofs_y = -1},
    {.bitmap_index = 21699, .adv_w = 384, .box_w = 20, .box_h = 20, .ofs_x = 2, .ofs_y = -1},
    {.bitmap_index = 21829, .adv_w = 384, .box_w = 22, .box_h = 20, .ofs_x = 2, .ofs_y = -1},
    {.bitmap_index = 21908, .adv_w = 384, .box_w = 18, .box_h = 18, .ofs_x = 3, .ofs_y = 0},
    {.bitmap_index = 21971, .adv_w = 384, .box_w = 20, .box_h = 20, .ofs_x = 2, .ofs_y = -1},
    {.bitmap_index = 22090, .adv_w = 384, .box_w = 18, .box_h = 18, .ofs_x = 3, .ofs_y = 0},
    {.bitmap_index = 22148, .adv_w = 384, .box_w = 20, .box_h = 20, .ofs_x = 2, .ofs_y = -1},
    {.bitmap_index = 22315, .adv_w = 384, .box_w = 12, .box_h = 18, .ofs_x = 6, .ofs_y = 0},
    {.bitmap_index = 22372, .adv_w = 384, .box_w = 20, .box_h = 20, .ofs_x = 2, .ofs_y = -1},
    {.bitmap_index = 22515, .adv_w = 384, .box_w = 20, .box_h = 8, .ofs_x = 2, .ofs_y = 5},
    {.bitmap_index = 22553, .adv_w = 384, .box_w = 20, .box_h = 20, .ofs_x = 2, .ofs_y = -1},
    {.bitmap_index = 22696, .adv_w = 384, .box_w = 22, .box_h = 22, .ofs_x = 1, .ofs_y = -2},
    {.bitmap_index = 22844, .adv_w = 384, .box_w = 20, .box_h = 18, .ofs_x = 2, .ofs_y = 0},
    {.bitmap_index = 22961, .adv_w = 384, .box_w = 18, .box_h = 20, .ofs_x = 3, .ofs_y = -1},
    {.bitmap_index = 23069, .adv_w = 384, .box_w = 14, .box_h = 20, .ofs_x = 5, .ofs_y = -1},
    {.bitmap_index = 23108, .adv_w = 384, .box_w = 21, .box_h = 18, .ofs_x = 1, .ofs_y = 0},
    {.bitmap_index = 23249, .adv_w = 384, .box_w = 22, .box_h = 19, .ofs_x = 1, .ofs_y = -1},
    {.bitmap_index = 23411, .adv_w = 384, .box_w = 23, .box_h = 19, .ofs_x = 1, .ofs_y = -1},
    {.bitmap_index = 23569, .adv_w = 384, .box_w = 19, .box_h = 18, .ofs_x = 3, .ofs_y = 0},
    {.bitmap_index = 23658, .adv_w = 384, .box_w = 22, .box_h = 20, .ofs_x = 2, .ofs_y = -1},
    {.bitmap_index = 23755, .adv_w = 384, .box_w = 20, .box_h = 19, .ofs_x = 2, .ofs_y = -1},
    {.bitmap_index = 23839, .adv_w = 384, .box_w = 20, .box_h = 19, .ofs_x = 2, .ofs_y = -1},
    {.bitmap_index = 23913, .adv_w = 384, .box_w = 18, .box_h = 18, .ofs_x = 3, .ofs_y = 0},
    {.bitmap_index = 24074, .adv_w = 384, .box_w = 24, .box_h = 23, .ofs_x = 0, .ofs_y = -2},
    {.bitmap_index = 24230, .adv_w = 384, .box_w = 24, .box_h = 24, .ofs_x = 0, .ofs_y = -3},
    {.bitmap_index = 24392, .adv_w = 384, .box_w = 24, .box_h = 24, .ofs_x = 0, .ofs_y = -3},
    {.bitmap_index = 24552, .adv_w = 384, .box_w = 24, .box_h = 24, .ofs_x = 0, .ofs_y = -3},
    {.bitmap_index = 24710, .adv_w = 384, .box_w = 24, .box_h = 24, .ofs_x = 0, .ofs_y = -3},
    {.bitmap_index = 24866, .adv_w = 384, .box_w = 24, .box_h = 23, .ofs_x = 0, .ofs_y = -2},
    {.bitmap_index = 25017, .adv_w = 384, .box_w = 24, .box_h = 24, .ofs_x = 0, .ofs_y = -3},
    {.bitmap_index = 25172, .adv_w = 384, .box_w = 24, .box_h = 24, .ofs_x = 0, .ofs_y = -3},
    {.bitmap_index = 25325, .adv_w = 384, .box_w = 24, .box_h = 24, .ofs_x = 0, .ofs_y = -3},
    {.bitmap_index = 25476, .adv_w = 384, .box_w = 20, .box_h = 20, .ofs_x = 2, .ofs_y = -1},
    {.bitmap_index = 25594, .adv_w = 384, .box_w = 24, .box_h = 4, .ofs_x = 0, .ofs_y = 2},
    {.bitmap_index = 25619, .adv_w = 384, .box_w = 24, .box_h = 20, .ofs_x = 0, .ofs_y = -1}
};

/*---------------------
 *  CHARACTER MAPPING
 *--------------------*/

static const uint16_t unicode_list_0[] = {
    0x0, 0x2, 0x3, 0x1c, 0x1d, 0x1f, 0x26, 0x27,
    0x28, 0x2e, 0x35, 0x36, 0x37, 0x39, 0x74, 0x87,
    0x89, 0x8b, 0xbe, 0xe3, 0xf7, 0x104, 0x106, 0x11a,
    0x11b, 0x11c, 0x11d, 0x12a, 0x130, 0x133, 0x143, 0x14e,
    0x167, 0x169, 0x17e, 0x181, 0x18e, 0x196, 0x198, 0x1b3,
    0x1b4, 0x1c4, 0x1d4, 0x1da, 0x1e2, 0x1e3, 0x1ea, 0x209,
    0x212, 0x21b, 0x225, 0x230, 0x233, 0x253, 0x29c, 0x2b1,
    0x2b6, 0x2bd, 0x2c5, 0x2c8, 0x2d6, 0x2d7, 0x2e6, 0x2e9,
    0x2eb, 0x2f1, 0x302, 0x304, 0x30f, 0x310, 0x313, 0x318,
    0x321, 0x323, 0x343, 0x34e, 0x3a2, 0x3b0, 0x3b2, 0x3be,
    0x3c5, 0x3e4, 0x3e6, 0x3ef, 0x3ff, 0x401, 0x404, 0x405,
    0x40d, 0x412, 0x428, 0x42a, 0x43f, 0x441, 0x443, 0x447,
    0x453, 0x464, 0x46d, 0x48c, 0x49f, 0x4a8, 0x4b5, 0x4bc,
    0x4c0, 0x4d8, 0x4e9, 0x4ea, 0x4f9, 0x526, 0x52d, 0x540,
    0x541, 0x542, 0x548, 0x54a, 0x54c, 0x558, 0x55a, 0x55b,
    0x566, 0x57b, 0x583, 0x584, 0x5a4, 0x5b2, 0x5b4, 0x5bb,
    0x5ff, 0x606, 0x608, 0x60c, 0x610, 0x67f, 0x680, 0x683,
    0x68a, 0x6be, 0x6c2, 0x6e3, 0x6f1, 0x708, 0x70b, 0x70e,
    0x711, 0x714, 0x732, 0x74a, 0x76c, 0x76f, 0x770, 0x773,
    0x7b0, 0x7c1, 0x7c2, 0x7c3, 0x7ce, 0x7f7, 0x8db, 0x8dc,
    0x8dd, 0x8df, 0x8e0, 0x8e1, 0x8f9, 0x8fa, 0x8fb, 0x8fc,
    0x8fe, 0x8ff, 0x901, 0x902, 0x904, 0x914, 0x935, 0x970,
    0x987, 0xa20, 0xa40, 0xa54, 0xb36, 0xb9c, 0xbc6, 0xcbb,
    0xd15, 0xd23, 0xd26, 0xd2b, 0xd2f, 0xd6b, 0xdde, 0xddf,
    0xdf8, 0xe29, 0xe35, 0xe4d, 0xe53, 0xe79, 0xea1, 0xef5,
    0xf2e, 0xf5f, 0xf60, 0xf76, 0xf8d, 0xfa0, 0x108f, 0x10e1,
    0x10e2, 0x10e3, 0x119a, 0x124e, 0x1250, 0x1267, 0x12fd, 0x13ff,
    0x1457, 0x14cb, 0x14d9, 0x150b, 0x151c, 0x151d, 0x15c8, 0x168f,
    0x1697, 0x1699, 0x1799, 0x1892, 0x19ca, 0x19cd, 0x1a1f, 0x1a28,
    0x1a29, 0x1a2a, 0x1a2b, 0x1a2c, 0x1a2d, 0x1a2e, 0x1a2f, 0x1a30,
    0x1b05, 0x1b0f, 0x1c15
};

/*Collect the unicode lists and glyph_id offsets*/
static const lv_font_fmt_txt_cmap_t cmaps[] =
{
    {
        .range_start = 983078, .range_length = 7190, .glyph_id_start = 1,
        .unicode_list = unicode_list_0, .glyph_id_ofs_list = NULL, .list_length = 243, .type = LV_FONT_FMT_TXT_CMAP_SPARSE_TINY
    }
};



/*--------------------
 *  ALL CUSTOM DATA
 *--------------------*/

#if LVGL_VERSION_MAJOR == 8
/*Store all the custom data of the font*/
static  lv_font_fmt_txt_glyph_cache_t cache;
#endif

#if LVGL_VERSION_MAJOR >= 8
static const lv_font_fmt_txt_dsc_t font_dsc = {
#else
static lv_font_fmt_txt_dsc_t font_dsc = {
#endif
    .glyph_bitmap = glyph_bitmap,
    .glyph_dsc = glyph_dsc,
    .cmaps = cmaps,
    .kern_dsc = NULL,
    .kern_scale = 0,
    .cmap_num = 1,
    .bpp = 4,
    .kern_classes = 0,
    .bitmap_format = 1,
#if LVGL_VERSION_MAJOR == 8
    .cache = &cache
#endif
};



/*-----------------
 *  PUBLIC FONT
 *----------------*/

/*Initialize a public general font descriptor*/
#if LVGL_VERSION_MAJOR >= 8
lv_font_t mdi_icons_24 = {
#else
lv_font_t mdi_icons_24 = {
#endif
    .get_glyph_dsc = lv_font_get_glyph_dsc_fmt_txt,    /*Function pointer to get glyph's data*/
    .get_glyph_bitmap = lv_font_get_bitmap_fmt_txt,    /*Function pointer to get glyph's bitmap*/
    .line_height = 24,          /*The maximum line height required by the font*/
    .base_line = 3,             /*Baseline measured from the bottom of the line*/
#if !(LVGL_VERSION_MAJOR == 6 && LVGL_VERSION_MINOR == 0)
    .subpx = LV_FONT_SUBPX_NONE,
#endif
#if LV_VERSION_CHECK(7, 4, 0) || LVGL_VERSION_MAJOR >= 8
    .underline_position = 0,
    .underline_thickness = 0,
#endif
    .dsc = &font_dsc,          /*The custom font data. Will be accessed by `get_glyph_bitmap/dsc` */
#if LV_VERSION_CHECK(8, 2, 0) || LVGL_VERSION_MAJOR >= 9
    .fallback = NULL,
#endif
    .user_data = NULL,
};



#endif /*#if MDI_ICONS_24*/

