/*******************************************************************************
 * Size: 26 px
 * Bpp: 4
 * Opts: --font assets/fonts/NotoSans-Regular.ttf --size 26 --range 0x20-0x7F,0xA0-0xFF,0x100-0x17F,0x400-0x4FF,0x2013-0x2014,0x2018-0x201D,0x2022,0x2026,0x20AC,0x2122 --font assets/fonts/NotoSansCJKsc-Regular.otf --size 26 --range 0x3046,0x3053,0x305d,0x3088,0x4e2d,0x6587,0x65e5,0x672c,0x6b22,0x8a9e,0x8fce,0xff01 --font assets/fonts/NotoSansCJKjp-Regular.otf --size 26 --range 0x3046,0x3053,0x305d,0x3088,0x4e2d,0x6587,0x65e5,0x672c,0x6b22,0x8a9e,0x8fce,0xff01 --bpp 4 --format lvgl -o firmware/helixscreen-esp32/components/helixcore/fonts/noto_sans_26.c
 ******************************************************************************/

#ifdef LV_LVGL_H_INCLUDE_SIMPLE
#include "lvgl.h"
#else
#include "lvgl/lvgl.h"
#endif

#ifndef NOTO_SANS_26
#define NOTO_SANS_26 1
#endif

#if NOTO_SANS_26

/*-----------------
 *    BITMAPS
 *----------------*/

/*Store the image of the glyphs*/
static LV_ATTRIBUTE_LARGE_CONST const uint8_t glyph_bitmap[] = {
    /* U+0020 " " */

    /* U+0021 "!" */
    0xd, 0xfd, 0x0, 0xf8, 0x40, 0x40, 0xe, 0xe,
    0x0, 0x10, 0x10, 0x1, 0x81, 0x80, 0x7c, 0x20,
    0x20, 0xf, 0xf, 0x0, 0x8, 0x8, 0x6, 0x30,
    0x1, 0x80, 0x61, 0x1, 0x0, 0x26, 0xa0, 0x0,
    0x90, 0x80, 0x1b, 0x38, 0x2, 0x0, 0x10, 0x15,
    0x6, 0x0,

    /* U+0022 "\"" */
    0x4f, 0xf0, 0x84, 0x7f, 0x38, 0x0, 0x43, 0x80,
    0x88, 0x1, 0x8c, 0x1c, 0x40, 0x40, 0x2, 0x2,
    0x0, 0x20, 0x3, 0x81, 0x0, 0xb8, 0x0, 0x83,
    0xc2, 0x74, 0x0, 0x2c, 0x60,

    /* U+0023 "#" */
    0x0, 0xf5, 0x79, 0x80, 0x5f, 0x80, 0x1f, 0xce,
    0x6, 0x0, 0x30, 0x40, 0xf, 0xc2, 0x46, 0x1,
    0x20, 0x68, 0x7, 0xe5, 0x5, 0x0, 0xb4, 0x1c,
    0x3, 0xf1, 0x87, 0x80, 0x4e, 0x24, 0x1, 0x9b,
    0xfe, 0x80, 0x9f, 0xf8, 0x87, 0xfe, 0x20, 0x24,
    0x48, 0x0, 0x89, 0x18, 0x12, 0x24, 0x60, 0x97,
    0x6a, 0x3, 0xbb, 0x90, 0x22, 0xee, 0x10, 0xc,
    0xa0, 0xa0, 0x11, 0x83, 0x80, 0x7e, 0x30, 0xf0,
    0x9, 0x40, 0x80, 0x3f, 0x68, 0x28, 0x0, 0x44,
    0x60, 0x1c, 0xbf, 0xf2, 0x86, 0x7f, 0xb8, 0xf,
    0xfe, 0x30, 0x64, 0x41, 0x80, 0xa2, 0x44, 0x6,
    0x89, 0x8, 0x1d, 0xdb, 0xc1, 0xee, 0xe7, 0xe,
    0xbb, 0x88, 0x3, 0x28, 0x78, 0x4, 0x80, 0x40,
    0x1f, 0xbc, 0x14, 0x0, 0x22, 0x30, 0xf, 0xe5,
    0x3, 0x0, 0x28, 0x28, 0x7, 0xf1, 0x90, 0x4,
    0x61, 0x80, 0x1e,

    /* U+0024 "$" */
    0x0, 0xe6, 0xf3, 0x0, 0xff, 0xe4, 0x14, 0xec,
    0x86, 0x6d, 0xb9, 0x0, 0x17, 0x58, 0x80, 0x22,
    0x48, 0xb0, 0x1a, 0x5, 0xd9, 0xc, 0xea, 0x6a,
    0x4, 0x1, 0xa2, 0x0, 0x85, 0x64, 0xc0, 0x3f,
    0xf8, 0x4c, 0x2, 0xc0, 0x1f, 0xc6, 0xa1, 0x39,
    0xa0, 0x1f, 0xa9, 0x80, 0xd0, 0x3a, 0x8, 0x3,
    0xa7, 0xa0, 0x80, 0x9f, 0x68, 0x40, 0x30, 0xbd,
    0x83, 0x18, 0x2e, 0x80, 0x7e, 0xac, 0xb0, 0x34,
    0x0, 0xfe, 0x42, 0x2, 0x0, 0xfe, 0x12, 0x3,
    0x6b, 0x63, 0x0, 0x99, 0x70, 0x5, 0x41, 0x27,
    0x3e, 0x42, 0xa8, 0x44, 0xc0, 0x78, 0x42, 0x0,
    0x85, 0x67, 0x48, 0x5, 0xef, 0x7e, 0x43, 0x69,
    0x80, 0x3f, 0xfa, 0x20,

    /* U+0025 "%" */
    0x1, 0xbf, 0xf5, 0x98, 0x7, 0x97, 0xe8, 0x3,
    0xb1, 0x10, 0xa9, 0x82, 0x1, 0xd0, 0x10, 0x1,
    0x94, 0x96, 0xea, 0x2, 0x40, 0x33, 0x93, 0x90,
    0x6, 0xc0, 0xf0, 0x3, 0x2, 0x80, 0x43, 0x3,
    0x0, 0x1c, 0x40, 0xc0, 0x1, 0x3, 0x0, 0xa0,
    0x20, 0x3, 0xf0, 0x80, 0x42, 0x20, 0x1, 0xb1,
    0xb0, 0x7, 0x84, 0x4, 0x2, 0x11, 0x0, 0x3c,
    0x3c, 0x9e, 0x5c, 0x40, 0x1a, 0x8, 0x0, 0x30,
    0x50, 0x53, 0x50, 0xd8, 0x68, 0xf1, 0x5, 0xa,
    0x21, 0x80, 0xd0, 0xb0, 0x88, 0x4, 0xfc, 0xd,
    0x81, 0x41, 0x6f, 0x22, 0x19, 0xc5, 0xcd, 0x9,
    0x81, 0xc5, 0x40, 0xf, 0x6e, 0xd5, 0x63, 0x3,
    0xa, 0xe, 0x1, 0x20, 0x18, 0x1, 0x22, 0x54,
    0x2c, 0x2c, 0x4, 0x8, 0x2, 0x30, 0x70, 0xf,
    0x1a, 0x9a, 0x80, 0x7f, 0x8, 0x7, 0xbc, 0x3c,
    0x0, 0x20, 0x20, 0x11, 0x80, 0x80, 0x72, 0x9a,
    0x98, 0x1, 0x80, 0x80, 0x26, 0x5, 0x0, 0xeb,
    0xb, 0x0, 0x88, 0x88, 0x20, 0x46, 0x42, 0x1,
    0x9c, 0x5c, 0x40, 0x34, 0x7, 0xd6, 0x4, 0x0,
    0x61, 0x81, 0x80, 0xe, 0x59, 0x35, 0x39, 0x50,

    /* U+0026 "&" */
    0x0, 0x8a, 0x7b, 0xfd, 0xae, 0x1, 0xfe, 0x2c,
    0x61, 0x21, 0x28, 0xa0, 0xf, 0xe8, 0x12, 0xdd,
    0x74, 0x2, 0x98, 0x7, 0xe7, 0xb, 0x20, 0x3,
    0x88, 0x28, 0x7, 0xe1, 0x1, 0x0, 0xc2, 0x4,
    0x1, 0xfa, 0xc2, 0x44, 0x1, 0x20, 0x28, 0x1,
    0xf9, 0xcc, 0x74, 0xf1, 0x87, 0x40, 0x3f, 0xda,
    0x27, 0x86, 0x9e, 0x60, 0x1f, 0xe9, 0x10, 0x0,
    0xc8, 0x80, 0x61, 0x22, 0x0, 0x7, 0x5c, 0xad,
    0x7, 0xc, 0x3, 0x5e, 0xc0, 0x3, 0x8, 0xf5,
    0x2d, 0x7, 0x10, 0x2, 0x50, 0xf0, 0x52, 0xd,
    0x0, 0xad, 0x42, 0xd4, 0x1c, 0x5, 0x43, 0x0,
    0xc4, 0x3, 0x52, 0x85, 0x44, 0x2, 0x0, 0x30,
    0x80, 0x7a, 0x98, 0x1c, 0x11, 0x80, 0x1c, 0x4,
    0x60, 0x1e, 0xd0, 0x8, 0xc0, 0x26, 0x0, 0x6a,
    0x88, 0xa, 0x55, 0x81, 0x3, 0xc0, 0x0, 0x68,
    0x6, 0xbb, 0xfa, 0xd4, 0x23, 0x5c, 0x1e, 0x0,
    0xb, 0xac, 0x40, 0x1, 0x38, 0xe7, 0x8, 0x60,
    0x77, 0x0,

    /* U+0027 "'" */
    0x4f, 0xf0, 0xb8, 0x0, 0x48, 0x2, 0x10, 0x10,
    0x8, 0x80, 0x2, 0xe0, 0x9, 0xd0,

    /* U+0028 "(" */
    0x0, 0xa3, 0xe8, 0x2, 0x37, 0xb, 0x0, 0xb8,
    0x20, 0x40, 0xa, 0x40, 0xe0, 0x14, 0x83, 0x0,
    0x42, 0x61, 0x40, 0x13, 0x80, 0xc, 0x2, 0xf0,
    0x40, 0xc, 0xa0, 0x40, 0x18, 0x43, 0x80, 0x31,
    0x80, 0x80, 0x61, 0x3, 0x0, 0xc2, 0x6, 0x1,
    0x8c, 0x4, 0x3, 0x30, 0x68, 0x6, 0x30, 0x70,
    0xd, 0x80, 0x42, 0x1, 0x20, 0x1, 0xc0, 0x33,
    0x5, 0x0, 0x6b, 0x3, 0x30, 0x4, 0x4c, 0x10,
    0x1, 0xa4, 0x91, 0x40, 0x37, 0xb9, 0x80,

    /* U+0029 ")" */
    0xd, 0xf5, 0x0, 0xdc, 0x14, 0x20, 0x11, 0xa8,
    0x58, 0x6, 0x90, 0x52, 0x0, 0x8c, 0xc1, 0x60,
    0x1a, 0xc1, 0xc0, 0x32, 0x80, 0x98, 0x4, 0x42,
    0xa, 0x1, 0x88, 0x3c, 0x3, 0x30, 0x18, 0x6,
    0x30, 0x10, 0xc, 0x20, 0xe0, 0x18, 0x41, 0xc0,
    0x31, 0x80, 0x80, 0x67, 0x2, 0x0, 0xc4, 0x1a,
    0x1, 0x20, 0x1, 0x0, 0x2d, 0x3, 0x10, 0x9,
    0xc2, 0x80, 0x26, 0x11, 0x30, 0x5, 0x1, 0x0,
    0x14, 0xa, 0x30, 0x5, 0xf1, 0x40, 0x10,

    /* U+002A "*" */
    0x0, 0xc3, 0xfe, 0x50, 0xf, 0xe1, 0x0, 0x30,
    0x7, 0xf8, 0x40, 0x80, 0x38, 0xc8, 0x2, 0x20,
    0x10, 0x0, 0xa0, 0x46, 0xf4, 0xab, 0x8a, 0x46,
    0x75, 0x83, 0x0, 0xb5, 0x20, 0xdb, 0x98, 0x0,
    0x77, 0xfb, 0x58, 0x0, 0x79, 0xdf, 0xe1, 0x0,
    0x8, 0x31, 0x21, 0xb0, 0x80, 0x7b, 0xc2, 0xe0,
    0x28, 0x80, 0x3a, 0x88, 0x58, 0xd0, 0x3c, 0x3,
    0x84, 0x18, 0x1, 0x0, 0x3, 0x0, 0xd7, 0x69,
    0x0, 0x1d, 0x69, 0x80, 0x0,

    /* U+002B "+" */
    0x0, 0xe3, 0x62, 0x0, 0xff, 0x5c, 0xb8, 0x7,
    0xff, 0xb6, 0xff, 0xf3, 0x85, 0x7f, 0xe8, 0x22,
    0xe1, 0x1, 0x22, 0xdd, 0x3b, 0xb9, 0x82, 0xf7,
    0x73, 0x0, 0x7f, 0xfa, 0x0,

    /* U+002C "," */
    0x3, 0x44, 0x7, 0xdc, 0x81, 0x82, 0x90, 0x2,
    0xdc, 0xc, 0xd8, 0x14, 0x8, 0x2c, 0x0,

    /* U+002D "-" */
    0xff, 0xf2, 0x80, 0x7c,

    /* U+002E "." */
    0x2, 0x62, 0x0, 0x6c, 0xe0, 0x8, 0x0, 0x40,
    0x54, 0x18, 0x0,

    /* U+002F "/" */
    0x0, 0xfb, 0xfc, 0x60, 0x1e, 0x60, 0x23, 0x0,
    0xf5, 0x5, 0x0, 0x78, 0x8c, 0x18, 0x3, 0xd4,
    0xa, 0x20, 0x1e, 0x60, 0xe0, 0xf, 0x28, 0x89,
    0x0, 0x3d, 0xc0, 0xc0, 0x1e, 0x14, 0xa, 0x0,
    0xf3, 0x1, 0x90, 0x7, 0xa8, 0x28, 0x3, 0xc6,
    0x40, 0xc0, 0x1e, 0xa0, 0x60, 0xf, 0x98, 0x28,
    0x3, 0xcc, 0x4, 0x60, 0x1e, 0xa0, 0xa0, 0xf,
    0x11, 0x83, 0x0, 0x7a, 0x81, 0x4, 0x3, 0xc0,

    /* U+0030 "0" */
    0x0, 0x96, 0xff, 0xdd, 0x44, 0x1, 0xd3, 0x48,
    0x0, 0x15, 0xd5, 0x0, 0x95, 0x82, 0x3f, 0xdc,
    0xc1, 0x44, 0x0, 0x80, 0x77, 0x0, 0x6, 0x50,
    0x20, 0xc, 0x82, 0x40, 0x3b, 0xc1, 0x41, 0x40,
    0x84, 0x3, 0x90, 0x0, 0x9e, 0xc, 0x1, 0xf1,
    0x1, 0x18, 0x10, 0x7, 0xc2, 0x1c, 0x20, 0x1f,
    0xce, 0x2, 0x1, 0xff, 0xc1, 0x10, 0xf, 0xe7,
    0x1, 0x30, 0x20, 0xf, 0x84, 0x3f, 0xc0, 0xc0,
    0x1f, 0x10, 0x1a, 0x1, 0x8, 0x7, 0x20, 0x1,
    0x48, 0xc2, 0x40, 0x3b, 0xc1, 0x4, 0x20, 0x1d,
    0xc0, 0x1, 0x94, 0x8, 0x0, 0x24, 0x4, 0x7f,
    0xb9, 0x82, 0xc, 0x2, 0x7b, 0x41, 0x1, 0x4c,
    0x70, 0x0,

    /* U+0031 "1" */
    0x0, 0xcd, 0xfe, 0x30, 0xa, 0xa4, 0x3, 0x16,
    0xa9, 0x80, 0x49, 0xa4, 0xb8, 0x1, 0x30, 0x45,
    0x0, 0x62, 0xe7, 0x0, 0xf0, 0x80, 0x7f, 0xff,
    0xc0, 0x3f, 0xf8, 0xe0,

    /* U+0032 "2" */
    0x0, 0x14, 0x6f, 0xfb, 0xa8, 0xc0, 0x34, 0xeb,
    0x90, 0x0, 0x57, 0x1c, 0x0, 0x6c, 0xf, 0xbf,
    0xed, 0x40, 0x83, 0x3, 0xae, 0x82, 0x0, 0x15,
    0x90, 0x50, 0x1, 0x44, 0x3, 0xc8, 0xa, 0x1,
    0xfe, 0x30, 0x70, 0xf, 0xf3, 0x86, 0x0, 0x7f,
    0x29, 0x3, 0x0, 0x7e, 0x1b, 0x8, 0x10, 0xf,
    0x87, 0x5, 0x1c, 0x3, 0xe1, 0xd2, 0x3b, 0x0,
    0xf8, 0x70, 0xcd, 0x80, 0x1f, 0xe, 0x12, 0x60,
    0x7, 0xc5, 0x84, 0xb6, 0x1, 0xf1, 0x61, 0x35,
    0x0, 0x7c, 0x58, 0x2b, 0x2, 0x3f, 0x4, 0x88,
    0x2f, 0x77, 0xe8, 0x70, 0xf, 0xfe, 0x0,

    /* U+0033 "3" */
    0x0, 0x2d, 0x6f, 0xfb, 0xad, 0x80, 0x23, 0xda,
    0x52, 0x11, 0x92, 0x6c, 0x2, 0x25, 0xbf, 0xee,
    0x9c, 0x11, 0xc0, 0xfe, 0x90, 0x2, 0x18, 0x50,
    0xb0, 0xf, 0xf1, 0x0, 0x7f, 0xf0, 0x18, 0x10,
    0x3, 0xe1, 0x5d, 0x13, 0x80, 0xd, 0xdc, 0xfe,
    0xa6, 0x9c, 0x0, 0xe1, 0x10, 0x4, 0x9a, 0x60,
    0x1d, 0xff, 0x75, 0x22, 0x31, 0x80, 0x3e, 0x15,
    0xb6, 0x9, 0x10, 0xf, 0xe8, 0x0, 0x28, 0x7,
    0xf0, 0x80, 0x8, 0x3, 0xf8, 0x80, 0x4, 0x1,
    0xfd, 0x60, 0x4, 0xc9, 0x40, 0xc, 0x54, 0xc1,
    0x0, 0x2d, 0x7f, 0xdc, 0xfd, 0x50, 0x67, 0xf,
    0x73, 0x11, 0x80, 0x9b, 0x24, 0x0,

    /* U+0034 "4" */
    0x0, 0xfc, 0x5f, 0xea, 0x0, 0xff, 0xb8, 0x3,
    0xff, 0x83, 0x6, 0x40, 0x1f, 0xf2, 0x39, 0x28,
    0x7, 0xf8, 0x68, 0x38, 0x3, 0xfe, 0xa1, 0x83,
    0x0, 0xff, 0x32, 0x21, 0xc0, 0x40, 0x3f, 0x14,
    0x8d, 0x0, 0x7f, 0xde, 0x14, 0x20, 0x1f, 0xe9,
    0x26, 0x40, 0xf, 0xf2, 0x31, 0x48, 0x7, 0xf8,
    0x68, 0x38, 0x3, 0xfe, 0x61, 0xc, 0xff, 0xe6,
    0x5, 0xff, 0x28, 0x7, 0xff, 0xd, 0xff, 0xff,
    0x30, 0x2f, 0xf9, 0x40, 0x3f, 0xfc, 0x20,

    /* U+0035 "5" */
    0x4, 0xff, 0xfe, 0x10, 0x0, 0x80, 0x7f, 0xf0,
    0x8, 0x13, 0xff, 0xe1, 0x0, 0x78, 0x10, 0x7,
    0xf8, 0x83, 0x80, 0x3f, 0xc2, 0x2, 0x1, 0xfe,
    0x60, 0xac, 0xde, 0xc9, 0x30, 0xf, 0x19, 0x88,
    0x4d, 0xb2, 0x0, 0x2d, 0xad, 0xff, 0x75, 0xa0,
    0x3b, 0x80, 0x25, 0x20, 0x0, 0xa5, 0xa8, 0x40,
    0x7, 0xfa, 0x0, 0x8, 0x1, 0xfc, 0x40, 0x2,
    0x0, 0xff, 0xe0, 0x18, 0x7, 0xf1, 0x80, 0x1c,
    0x3, 0xfa, 0x0, 0x88, 0xb6, 0xc4, 0x1, 0x1d,
    0xa0, 0x48, 0x1, 0x27, 0x7f, 0xbf, 0x10, 0x29,
    0x1, 0x65, 0x48, 0x4, 0xd, 0xf9, 0x40, 0x0,

    /* U+0036 "6" */
    0x0, 0xc2, 0xf7, 0xdf, 0xee, 0x20, 0xc, 0xbf,
    0x8, 0x23, 0xc0, 0x12, 0xd0, 0xae, 0x7f, 0x73,
    0xcc, 0x0, 0x34, 0x13, 0x46, 0x1, 0xf4, 0x2,
    0xb0, 0x7, 0xf3, 0x84, 0x80, 0x7f, 0x18, 0x81,
    0x94, 0x5e, 0x52, 0x80, 0x4c, 0x4, 0xba, 0xe8,
    0x6b, 0x5a, 0x20, 0x40, 0x74, 0xd9, 0xfe, 0xa1,
    0x2d, 0xf, 0x1, 0x89, 0x30, 0x2, 0xe8, 0x1a,
    0x0, 0x5, 0xc0, 0x38, 0xcc, 0x18, 0x0, 0x20,
    0xf, 0x98, 0xb, 0x80, 0x40, 0x3f, 0x8d, 0x0,
    0x88, 0x1, 0xe7, 0xe, 0x23, 0x9, 0x0, 0xe3,
    0x20, 0x40, 0xf0, 0x4a, 0x10, 0x2, 0x68, 0x29,
    0x81, 0xd0, 0x2f, 0x73, 0xec, 0x4e, 0xc0, 0x25,
    0xd6, 0x11, 0x1, 0xce, 0x8, 0x0,

    /* U+0037 "7" */
    0xdf, 0xff, 0xfa, 0x40, 0x3f, 0xf8, 0x3b, 0xff,
    0xfb, 0x40, 0x14, 0x1, 0xfd, 0x40, 0x66, 0x0,
    0xfc, 0x2e, 0x12, 0x1, 0xfc, 0xc0, 0x4a, 0x1,
    0xfd, 0x21, 0x60, 0x1f, 0xce, 0x22, 0x60, 0xf,
    0xe9, 0x9, 0x0, 0xfe, 0x61, 0x7, 0x0, 0xfe,
    0xb0, 0x70, 0xf, 0xe5, 0x20, 0x90, 0xf, 0xe8,
    0x6, 0x10, 0xf, 0xca, 0x41, 0x60, 0x1f, 0xd2,
    0xa, 0x40, 0x1f, 0x90, 0xc2, 0x40, 0x3f, 0xa0,
    0xc, 0xc0, 0x1f, 0x8c, 0xc1, 0x0, 0x1f, 0x0,

    /* U+0038 "8" */
    0x0, 0x9f, 0x3f, 0xdd, 0x8c, 0x1, 0x8b, 0x60,
    0xc4, 0x84, 0xe7, 0x4, 0x1, 0x24, 0x4c, 0xed,
    0xfa, 0x13, 0x80, 0x14, 0x9, 0x30, 0x9, 0x64,
    0x1c, 0x3, 0x30, 0x7, 0x18, 0x8, 0x8, 0x81,
    0x0, 0x3b, 0x1, 0x0, 0x10, 0x12, 0xa0, 0x13,
    0x38, 0x40, 0x1, 0x9c, 0x2b, 0x1f, 0x24, 0xb0,
    0xc0, 0x28, 0xa0, 0x38, 0x32, 0xc3, 0x0, 0xcf,
    0x40, 0x8a, 0x5, 0xea, 0x1, 0x54, 0xe, 0x5d,
    0x73, 0xd, 0x38, 0x2a, 0x83, 0xc, 0x0, 0x33,
    0x41, 0x5, 0xe0, 0xc4, 0x1, 0xca, 0x61, 0x42,
    0x2, 0x1, 0xf3, 0x80, 0x8, 0x14, 0x3, 0xe5,
    0xe, 0xa0, 0x2a, 0x10, 0x8, 0xb0, 0x44, 0xc7,
    0x20, 0xbd, 0xb9, 0xda, 0x63, 0xa0, 0x6, 0xd6,
    0x22, 0x18, 0x9c, 0x79, 0x80,

    /* U+0039 "9" */
    0x0, 0x9f, 0x3f, 0xdb, 0x24, 0x1, 0x8b, 0x60,
    0xc0, 0x49, 0xb5, 0x0, 0x2e, 0x22, 0x5f, 0xf7,
    0x18, 0x2c, 0x81, 0xc, 0x3d, 0x0, 0x3, 0x2a,
    0x12, 0x1a, 0x8, 0x40, 0x1d, 0x60, 0x82, 0x40,
    0x40, 0x1e, 0x12, 0x4, 0x10, 0x30, 0xf, 0xe2,
    0xd0, 0x40, 0xf, 0x21, 0x7, 0xb0, 0xd, 0x8,
    0x4, 0xb6, 0x0, 0xf1, 0xa0, 0x5e, 0xdc, 0xea,
    0x72, 0x1, 0x5, 0xc5, 0x12, 0x32, 0xa8, 0x20,
    0x30, 0x1, 0xd7, 0x7f, 0xb1, 0x48, 0x0, 0xe0,
    0x1f, 0xc8, 0x2, 0x40, 0x1f, 0xd6, 0xc, 0x1,
    0xfd, 0x24, 0x32, 0x1, 0xf2, 0x5b, 0x5, 0x8,
    0x1, 0x7f, 0x75, 0xf6, 0x83, 0x68, 0x1, 0x8,
    0x88, 0x82, 0x91, 0xc8, 0x1, 0x0,

    /* U+003A ":" */
    0xa, 0xfa, 0x1, 0x50, 0x51, 0x10, 0x0, 0x44,
    0x1b, 0x18, 0x0, 0x27, 0x20, 0xf, 0xfe, 0x79,
    0x31, 0x0, 0x36, 0x70, 0x4, 0x0, 0x20, 0x2a,
    0xc, 0x0,

    /* U+003B ";" */
    0x0, 0x5f, 0xc8, 0x0, 0x90, 0x18, 0x0, 0x60,
    0x1, 0x0, 0xe, 0x46, 0x0, 0x46, 0xe4, 0x1,
    0xff, 0xdb, 0xff, 0x50, 0x0, 0x80, 0x18, 0x0,
    0x70, 0x3, 0x80, 0x34, 0x14, 0x40, 0x8, 0x1c,
    0x1, 0x19, 0x20, 0x5, 0x7e, 0x1, 0x0,

    /* U+003C "<" */
    0x0, 0xff, 0x84, 0xc0, 0x3f, 0x86, 0x7a, 0xc0,
    0x3e, 0x19, 0xe6, 0x1c, 0x0, 0xe2, 0x9e, 0x62,
    0x9e, 0x40, 0x8, 0xab, 0x58, 0xef, 0x58, 0x2,
    0x2a, 0xd5, 0x4c, 0xc2, 0x0, 0x68, 0xd5, 0x56,
    0xd9, 0x80, 0x78, 0x40, 0x2, 0xc0, 0x1f, 0xa7,
    0x15, 0x2f, 0x5c, 0x40, 0x3c, 0x75, 0xce, 0x71,
    0xd4, 0x60, 0x1e, 0x18, 0xe9, 0x25, 0xcd, 0x60,
    0xf, 0x9b, 0x6d, 0xa, 0x60, 0x3, 0xf2, 0x5e,
    0xb7, 0x80, 0x7f, 0x8a, 0x5c,

    /* U+003D "=" */
    0x8f, 0xff, 0xf9, 0x7c, 0x8b, 0xfe, 0x17, 0xdd,
    0xff, 0x90, 0x3, 0xff, 0x9c, 0xfb, 0xbf, 0xf2,
    0x79, 0x17, 0xfc, 0x20,

    /* U+003E ">" */
    0x40, 0xf, 0xfe, 0x7, 0xf4, 0x8, 0x7, 0xf6,
    0x83, 0xf4, 0x8, 0x7, 0xcd, 0xd0, 0x2f, 0xd0,
    0x20, 0x1f, 0x3f, 0x49, 0x3f, 0x40, 0x80, 0x7c,
    0xdb, 0x46, 0xfd, 0x22, 0x1, 0xf2, 0xe5, 0xa3,
    0x73, 0x0, 0x7e, 0x17, 0x0, 0x8, 0x7, 0xc,
    0x75, 0x1b, 0x6b, 0x80, 0x49, 0x7c, 0xe1, 0x1d,
    0x24, 0x2, 0xfb, 0x68, 0x75, 0xce, 0x20, 0x15,
    0x41, 0x2e, 0x61, 0x40, 0x3c, 0x4f, 0xd4, 0x60,
    0x1f, 0xa6, 0x4, 0x3, 0xfc,

    /* U+003F "?" */
    0x4, 0x9d, 0xff, 0x75, 0xa8, 0x1, 0xed, 0x88,
    0x0, 0x29, 0x52, 0xc, 0x71, 0xbf, 0xed, 0x60,
    0x64, 0x1c, 0x72, 0x0, 0x14, 0x98, 0x60, 0x7,
    0xe5, 0x1, 0x0, 0xfc, 0xa1, 0xe0, 0x1f, 0x41,
    0x8b, 0x80, 0x7a, 0x5c, 0x74, 0x40, 0x30, 0xe3,
    0x16, 0x18, 0x7, 0x51, 0xa6, 0x90, 0x7, 0x12,
    0x15, 0x80, 0x7c, 0xe0, 0xa0, 0x1f, 0x99, 0x70,
    0x3, 0xf1, 0xd2, 0x0, 0x7e, 0x16, 0x30, 0xf,
    0xd9, 0x38, 0x20, 0x1f, 0x18, 0x0, 0x80, 0x3e,
    0x90, 0x43, 0x0, 0xc0,

    /* U+0040 "@" */
    0x0, 0xf0, 0xb5, 0x6f, 0xfd, 0xb4, 0xa0, 0x1f,
    0xe8, 0xe9, 0x50, 0x44, 0x8d, 0x6b, 0x50, 0x3,
    0xc5, 0xae, 0x53, 0xdb, 0x77, 0x76, 0xb1, 0x5b,
    0x0, 0x61, 0xc2, 0x7d, 0x61, 0x0, 0xe2, 0x9c,
    0x19, 0x40, 0xa, 0x86, 0x20, 0x0, 0x5c, 0xff,
    0x76, 0x48, 0x9e, 0x85, 0x0, 0x15, 0x10, 0xe0,
    0xa, 0xa1, 0xa2, 0xa8, 0xd8, 0xc0, 0xd8, 0x54,
    0x24, 0x20, 0x0, 0xca, 0x5d, 0x75, 0x64, 0x6,
    0x0, 0xa0, 0xf1, 0x32, 0x30, 0x4, 0x7, 0x8,
    0x4, 0x60, 0x20, 0x3, 0x6, 0x50, 0x40, 0x1,
    0x8, 0x8c, 0x3, 0x8, 0x7, 0x84, 0x83, 0xc0,
    0xc, 0x4, 0x1, 0xff, 0xc0, 0x11, 0x0, 0x7f,
    0xc6, 0x2, 0x1, 0x18, 0x30, 0x7, 0x28, 0x18,
    0x6, 0xb0, 0x10, 0xa, 0xc3, 0xc8, 0x3c, 0x0,
    0x28, 0x14, 0x20, 0xae, 0x80, 0xc0, 0xae, 0x4a,
    0xe0, 0x80, 0x15, 0x12, 0xf7, 0xd3, 0x59, 0xcf,
    0xd0, 0xf8, 0x11, 0x92, 0x0, 0x7, 0x65, 0xdd,
    0x72, 0x19, 0xd, 0x3c, 0x40, 0x9, 0x9, 0x10,
    0x9, 0xa2, 0x8, 0x1, 0x3c, 0xb0, 0x6, 0x55,
    0x16, 0x10, 0x7, 0xff, 0x16, 0x94, 0xb6, 0x94,
    0x80, 0x2, 0x6d, 0x58, 0x1, 0xfa, 0xa8, 0x4b,
    0x5b, 0xfe, 0xec, 0x95, 0x60, 0xf, 0xe5, 0xdd,
    0x4b, 0x2a, 0xcf, 0x5d, 0x40, 0x1c,

    /* U+0041 "A" */
    0x0, 0xfb, 0xbe, 0x0, 0x3f, 0xf8, 0x2a, 0x20,
    0xc0, 0x1f, 0xfc, 0x19, 0x2, 0x15, 0x0, 0xff,
    0x88, 0xc6, 0x2, 0x40, 0x3f, 0xeb, 0x7, 0x51,
    0x32, 0x0, 0xff, 0x38, 0x58, 0x38, 0x58, 0x7,
    0xf2, 0x89, 0x90, 0x58, 0x30, 0x7, 0xf4, 0x85,
    0x0, 0x8, 0xc1, 0x80, 0x3e, 0x23, 0x16, 0x0,
    0xa4, 0x28, 0x3, 0xeb, 0x7, 0x0, 0xca, 0x26,
    0x40, 0x1e, 0x60, 0x6f, 0xfe, 0x10, 0xb0, 0xe,
    0x60, 0xf, 0xf3, 0x0, 0x75, 0x4, 0x77, 0x7c,
    0x20, 0xc0, 0x11, 0x98, 0x18, 0x47, 0xe6, 0xa,
    0x0, 0xa8, 0x14, 0x40, 0x3e, 0xa0, 0x33, 0x0,
    0x18, 0x38, 0x3, 0xf1, 0x18, 0x50, 0x30, 0xa,
    0x0, 0x7f, 0x50, 0x30, 0x50, 0x30, 0x7, 0xf9,
    0x80, 0xc,

    /* U+0042 "B" */
    0x7f, 0xff, 0x76, 0xd2, 0x80, 0x7f, 0x84, 0x96,
    0xb0, 0x40, 0x22, 0xff, 0xec, 0x50, 0x39, 0x0,
    0xfe, 0x3a, 0x30, 0x50, 0xf, 0xf9, 0x40, 0x3f,
    0xf8, 0x2a, 0xe, 0x1, 0xfc, 0x52, 0x63, 0x0,
    0x11, 0x77, 0x6f, 0xd4, 0x7f, 0x20, 0xc, 0x23,
    0x80, 0x4, 0x6a, 0x1, 0x8b, 0xff, 0xb1, 0x92,
    0xdc, 0x3, 0xf8, 0xe5, 0xc2, 0x8, 0x3, 0xfd,
    0x20, 0x4, 0x0, 0xff, 0x8, 0x0, 0x40, 0x3f,
    0xc4, 0x0, 0x10, 0xf, 0xf5, 0x80, 0x14, 0x3,
    0xf1, 0x4b, 0x2, 0x18, 0x0, 0xbf, 0xfb, 0x58,
    0xe, 0x80, 0x3f, 0x85, 0x2b, 0x4, 0x0,

    /* U+0043 "C" */
    0x0, 0xe4, 0x9d, 0xff, 0xb6, 0x94, 0x3, 0x16,
    0x5b, 0x10, 0x4, 0x4b, 0x4c, 0x0, 0x2c, 0x30,
    0x5b, 0xef, 0xeb, 0x73, 0x60, 0x7, 0x88, 0x5d,
    0x20, 0x80, 0xa4, 0x60, 0x1, 0xc8, 0x2d, 0x0,
    0x3f, 0xd4, 0x8, 0x80, 0xf, 0xf1, 0x10, 0x34,
    0x3, 0xfe, 0x70, 0x2, 0x0, 0x7f, 0xc6, 0x0,
    0x30, 0xf, 0xfe, 0x71, 0x80, 0xc, 0x3, 0xfe,
    0x70, 0x3, 0x80, 0x7f, 0xc4, 0x21, 0xc0, 0x1f,
    0xfc, 0x7, 0x4, 0x30, 0xf, 0xfa, 0x0, 0x1a,
    0x60, 0x1f, 0xe1, 0xa0, 0x1c, 0x93, 0x10, 0x12,
    0x58, 0x0, 0x96, 0xc4, 0x1b, 0x3b, 0xfb, 0x69,
    0x80, 0x32, 0x74, 0xa0, 0x80, 0x44, 0xb6, 0x0,

    /* U+0044 "D" */
    0x7f, 0xff, 0x76, 0x49, 0x80, 0x7f, 0xf0, 0x4,
    0xdb, 0x30, 0x40, 0x1c, 0x5f, 0xfb, 0xad, 0x40,
    0xf4, 0xc0, 0x3f, 0x85, 0x2b, 0x4, 0x34, 0x40,
    0x3f, 0xe3, 0xd0, 0x19, 0x0, 0xff, 0xe0, 0x1a,
    0x83, 0x0, 0x7f, 0xf0, 0x7c, 0x4, 0x80, 0x3f,
    0xf8, 0xe, 0x0, 0x70, 0xf, 0xfe, 0x1, 0x80,
    0xc, 0x3, 0xff, 0x86, 0x60, 0x1f, 0xfc, 0x2,
    0x0, 0x8, 0x7, 0xff, 0x1, 0x40, 0xa, 0x1,
    0xff, 0xc0, 0xa0, 0x21, 0x0, 0xff, 0x94, 0xc2,
    0xc0, 0x3f, 0xe5, 0xa0, 0x26, 0x0, 0xfc, 0x4b,
    0x74, 0x3, 0xe0, 0x18, 0xbf, 0xf6, 0xd2, 0x2,
    0xf9, 0x0, 0x7f, 0xa, 0x3e, 0xd0, 0x80, 0x40,

    /* U+0045 "E" */
    0x7f, 0xff, 0xee, 0x0, 0xff, 0xe0, 0x97, 0xff,
    0xdc, 0x1, 0xff, 0xe2, 0x2f, 0xff, 0x98, 0x3,
    0xff, 0x82, 0x5f, 0xff, 0x30, 0x7, 0xff, 0xe0,
    0xbf, 0xfe, 0xe0, 0xf, 0xf8,

    /* U+0046 "F" */
    0x7f, 0xff, 0xee, 0x0, 0xff, 0xe0, 0x97, 0xff,
    0xdc, 0x1, 0xff, 0xed, 0x2f, 0xff, 0x98, 0x3,
    0xff, 0x82, 0x5f, 0xff, 0x30, 0x7, 0xff, 0xfc,
    0x0,

    /* U+0047 "G" */
    0x0, 0xe1, 0x7b, 0xef, 0xfb, 0x69, 0x40, 0x3a,
    0x7a, 0x10, 0x40, 0x22, 0x5a, 0x80, 0x0, 0xe3,
    0x1, 0xce, 0xff, 0xba, 0xdc, 0xe4, 0x1, 0x46,
    0x13, 0x8c, 0x40, 0x1, 0x48, 0xc1, 0x6, 0x40,
    0x96, 0x0, 0xff, 0xac, 0xd, 0x80, 0x3f, 0xe1,
    0x20, 0xa0, 0xf, 0xfe, 0x2, 0x0, 0x10, 0x3,
    0xff, 0x80, 0x60, 0x2, 0x0, 0xe6, 0xff, 0xf0,
    0x7, 0xff, 0x10, 0xc0, 0x4, 0x1, 0xcd, 0xff,
    0x48, 0x1, 0xc0, 0xe, 0x1, 0xfc, 0x60, 0x2,
    0x10, 0xe0, 0xf, 0xfe, 0xb, 0x2, 0x18, 0x7,
    0xff, 0x2, 0x4, 0x34, 0xc0, 0x3f, 0xf8, 0x1a,
    0x3, 0x94, 0x82, 0x0, 0x13, 0xc0, 0xc, 0x7a,
    0x40, 0xb7, 0xdf, 0xee, 0xc6, 0x0, 0xe2, 0xda,
    0x52, 0x0, 0x84, 0x96, 0x30,

    /* U+0048 "H" */
    0x7f, 0xd0, 0xf, 0xea, 0xfb, 0x0, 0xff, 0xff,
    0x80, 0x7f, 0xf1, 0x4b, 0xff, 0xf9, 0x40, 0x3f,
    0xf8, 0xe5, 0xff, 0xfc, 0xa0, 0x1f, 0xff, 0xf0,
    0xf, 0xff, 0x18,

    /* U+0049 "I" */
    0xff, 0xf6, 0x4a, 0x80, 0x5, 0xa1, 0xa8, 0xc1,
    0xe5, 0x0, 0x3f, 0xff, 0xe0, 0x1f, 0xfc, 0x46,
    0xa3, 0x7, 0x94, 0x95, 0x0, 0xb, 0x40,

    /* U+004A "J" */
    0x0, 0xe9, 0xfb, 0x0, 0xff, 0xff, 0x80, 0x7f,
    0xfd, 0x8c, 0x3, 0xe7, 0x2, 0x2, 0x1, 0x92,
    0xd, 0xd, 0xfe, 0x60, 0x54, 0x2, 0x0, 0x14,
    0xd0, 0x3, 0x7f, 0xda, 0xc0, 0x0,

    /* U+004B "K" */
    0x7f, 0xd0, 0xf, 0x9b, 0xfc, 0xa0, 0x1f, 0xe5,
    0x90, 0x95, 0x0, 0xfe, 0x4a, 0x8, 0x60, 0xf,
    0xe3, 0xb0, 0x77, 0x0, 0x7f, 0x16, 0x83, 0x40,
    0x7, 0xf0, 0xe0, 0xac, 0x80, 0x7f, 0xe, 0xa,
    0x50, 0x7, 0xfb, 0x48, 0xec, 0x3, 0xf8, 0xf0,
    0xc0, 0x84, 0x3, 0xf8, 0x4d, 0x0, 0x68, 0x3,
    0xfd, 0x17, 0x20, 0x8e, 0x1, 0xf8, 0x9c, 0x19,
    0x42, 0xc, 0x3, 0xfe, 0xa2, 0xd, 0x10, 0xf,
    0xfb, 0xc0, 0x68, 0x3, 0xfe, 0x2a, 0x4, 0x70,
    0xf, 0xf9, 0x58, 0x20, 0xc0, 0x3f, 0xe9, 0x30,
    0xd1, 0x0, 0xff, 0xb4, 0x45, 0x40,

    /* U+004C "L" */
    0x7f, 0xd0, 0xf, 0xff, 0xf8, 0x7, 0xff, 0xfc,
    0x3, 0xff, 0x9a, 0x5f, 0xff, 0x80, 0x3f, 0xe0,

    /* U+004D "M" */
    0x7f, 0xf8, 0x80, 0x3f, 0xd3, 0xff, 0x8, 0x6,
    0xb0, 0xf, 0xf3, 0x80, 0x79, 0x1, 0xc0, 0x3f,
    0x94, 0x48, 0x3, 0x88, 0xc5, 0x40, 0x3f, 0x48,
    0x50, 0x7, 0x1d, 0x7, 0x0, 0x7c, 0x46, 0x28,
    0x1, 0xe7, 0x4, 0x20, 0xf, 0x50, 0x30, 0x7,
    0xc2, 0xa1, 0x40, 0x1e, 0x60, 0xa0, 0xf, 0x8,
    0x70, 0x30, 0x7, 0x28, 0x99, 0x38, 0x7, 0xc8,
    0x22, 0x40, 0xd, 0xc1, 0x40, 0x1f, 0xe6, 0xe,
    0x0, 0x89, 0x1, 0x80, 0x3f, 0xd4, 0xa, 0x20,
    0xa, 0x6, 0x0, 0xff, 0x88, 0xc1, 0x80, 0xc,
    0x14, 0x1, 0xff, 0xc0, 0xa0, 0xa0, 0x51, 0x33,
    0x0, 0x7f, 0xf0, 0x18, 0x8, 0xf8, 0x28, 0x3,
    0xff, 0x84, 0xc1, 0x8, 0xc, 0x1, 0xff, 0xc2,
    0xa0, 0x40, 0x50, 0xf, 0xfe, 0x19, 0x90, 0x2,
    0x40, 0x3f, 0xf8, 0x94, 0x4, 0x60, 0x1f, 0x80,

    /* U+004E "N" */
    0x7f, 0xf4, 0x0, 0x7f, 0x7f, 0x8c, 0x2, 0x73,
    0x0, 0xff, 0xe1, 0xf0, 0x7, 0xff, 0x5, 0x40,
    0xa0, 0x3, 0xff, 0x80, 0x70, 0xe, 0x40, 0x1f,
    0xfc, 0x7, 0x30, 0xe0, 0xf, 0xf8, 0xc3, 0x80,
    0xdc, 0x3, 0xff, 0x80, 0x50, 0x10, 0x40, 0x1f,
    0xc2, 0x0, 0x73, 0xe, 0x0, 0xff, 0xe0, 0xf0,
    0x1b, 0x0, 0x7f, 0xf0, 0xa, 0x2, 0x48, 0x3,
    0xff, 0x80, 0xe6, 0x12, 0x0, 0x10, 0xf, 0xf7,
    0x2, 0x30, 0x7, 0xff, 0x0, 0xa0, 0x24, 0x4c,
    0x3, 0xfe, 0x73, 0xa, 0x10, 0xf, 0xfe, 0x7,
    0x2, 0x18, 0x7, 0xff, 0x0, 0xa0, 0x3, 0xff,
    0x86, 0xe6, 0x1, 0x0,

    /* U+004F "O" */
    0x0, 0xe6, 0xbe, 0xff, 0x76, 0x40, 0x80, 0x7c,
    0x9d, 0x28, 0x20, 0x1, 0x37, 0xe7, 0x0, 0xe5,
    0xb1, 0x14, 0x67, 0xfb, 0xa8, 0xc2, 0x20, 0x1,
    0xd, 0x1, 0x7b, 0x98, 0x0, 0x57, 0x1c, 0x1d,
    0x0, 0x10, 0x0, 0xf1, 0x0, 0xfa, 0xc, 0x24,
    0x0, 0xe0, 0xa4, 0x1, 0xfd, 0x20, 0x46, 0x42,
    0x1e, 0x1, 0xfe, 0x50, 0x2, 0x38, 0x1, 0xc0,
    0x3f, 0xe2, 0xd, 0x30, 0x1, 0x80, 0x7f, 0xc2,
    0x2, 0x1, 0xff, 0xc6, 0x30, 0x1, 0x80, 0x7f,
    0xc2, 0x2, 0xe0, 0x7, 0x0, 0xff, 0x88, 0x34,
    0x84, 0x3c, 0x3, 0xfc, 0xa0, 0x4, 0x7, 0x5,
    0x20, 0xf, 0xe9, 0x2, 0x30, 0x80, 0x7, 0x88,
    0x7, 0xd2, 0x61, 0x20, 0x1, 0xa0, 0x2f, 0x72,
    0x0, 0xa, 0xe3, 0x3, 0xa0, 0x4, 0xb6, 0x22,
    0x8d, 0xff, 0x75, 0x18, 0x44, 0x0, 0x39, 0x3a,
    0x50, 0x40, 0x2, 0x71, 0xce, 0x1, 0x0,

    /* U+0050 "P" */
    0x7f, 0xff, 0x6d, 0x28, 0x7, 0xf8, 0x96, 0xb0,
    0x40, 0x22, 0xff, 0xd8, 0xc0, 0x74, 0x1, 0xf8,
    0xe5, 0xc1, 0x8, 0x3, 0xfa, 0x40, 0xe, 0x1,
    0xfc, 0x20, 0x3, 0x0, 0xfe, 0x20, 0x1, 0x0,
    0x7f, 0x40, 0x1, 0x0, 0x3c, 0x2b, 0x6a, 0x12,
    0x1, 0x17, 0xfd, 0xd4, 0x81, 0xc, 0x1, 0xf0,
    0xa4, 0x73, 0x80, 0x62, 0xff, 0xba, 0xdc, 0x40,
    0x3f, 0xff, 0xe0, 0x1e,

    /* U+0051 "Q" */
    0x0, 0xe6, 0xbe, 0xff, 0x76, 0x40, 0x80, 0x7c,
    0x9d, 0x28, 0x20, 0x1, 0x37, 0xe7, 0x0, 0xe5,
    0xb1, 0x14, 0x67, 0xfb, 0xa8, 0xc2, 0x20, 0x1,
    0xd, 0x1, 0x7b, 0x98, 0x0, 0x57, 0x1c, 0x1d,
    0x0, 0x10, 0x0, 0xf1, 0x0, 0xfa, 0xc, 0x24,
    0x0, 0xe0, 0xa4, 0x1, 0xfd, 0x20, 0x46, 0x42,
    0x1e, 0x1, 0xfe, 0x50, 0x2, 0x38, 0x1, 0xc0,
    0x3f, 0xe2, 0xd, 0x30, 0x1, 0x80, 0x7f, 0xc2,
    0x2, 0x1, 0xff, 0xc6, 0x30, 0x1, 0x80, 0x7f,
    0xc2, 0x2, 0xe0, 0x7, 0x0, 0xff, 0x88, 0x34,
    0x84, 0x3c, 0x3, 0xfc, 0xa0, 0x4, 0x7, 0x5,
    0x20, 0xf, 0xe9, 0x2, 0x30, 0x80, 0x7, 0x88,
    0x7, 0xd2, 0x61, 0x20, 0x1, 0xa0, 0x2f, 0x72,
    0x0, 0xa, 0xe3, 0x3, 0xa0, 0x4, 0xb6, 0x22,
    0x8d, 0xff, 0x75, 0x18, 0x4c, 0x0, 0x72, 0x74,
    0xa0, 0x80, 0x64, 0xe6, 0x0, 0xfc, 0xd7, 0xdf,
    0xe4, 0x4, 0x50, 0xf, 0xfe, 0x15, 0x98, 0x5a,
    0x0, 0x7f, 0xf0, 0xb4, 0x82, 0xd0, 0x3, 0xff,
    0x82, 0x3e, 0x21, 0x68, 0x0,

    /* U+0052 "R" */
    0x7f, 0xff, 0x75, 0xb0, 0x7, 0xfc, 0x29, 0x3c,
    0x40, 0x18, 0xbf, 0xf6, 0xc0, 0xf, 0x80, 0x7f,
    0x13, 0xd0, 0x11, 0x80, 0x7f, 0x94, 0x0, 0xa0,
    0x1f, 0xe1, 0x0, 0x18, 0x7, 0xf9, 0xc0, 0xe,
    0x1, 0xf8, 0x9e, 0x41, 0xc8, 0x2, 0x2f, 0xfd,
    0xb0, 0x11, 0x0, 0xf, 0xf0, 0xf3, 0x80, 0x71,
    0x7f, 0xd8, 0x2, 0x80, 0x1f, 0xe3, 0x60, 0xb0,
    0xf, 0xfa, 0x0, 0x60, 0x3, 0xfc, 0x30, 0xe,
    0x40, 0x1f, 0xe7, 0x10, 0x90, 0xf, 0xfa, 0xc1,
    0x10, 0x1, 0xfe, 0x53, 0x9, 0x0, 0xff, 0xbc,
    0x9, 0xc0,

    /* U+0053 "S" */
    0x0, 0xb, 0xe7, 0xfd, 0xb4, 0xc0, 0x11, 0xfc,
    0x18, 0x4, 0x4b, 0x2c, 0x0, 0xd1, 0x15, 0x77,
    0xf6, 0x41, 0xb8, 0x28, 0x86, 0xa8, 0x80, 0x9b,
    0xe0, 0x81, 0x80, 0xc, 0x3, 0xf8, 0xc0, 0x2,
    0x1, 0xfc, 0x80, 0xa, 0x10, 0xf, 0xc3, 0x40,
    0x9e, 0xe2, 0x1, 0xf2, 0xd9, 0xc, 0x75, 0xa8,
    0x7, 0x93, 0x6d, 0x41, 0x2b, 0x4c, 0x3, 0xc9,
    0x5d, 0x2, 0x58, 0x60, 0x1f, 0xb, 0xf9, 0x7,
    0x80, 0x7f, 0xd, 0x81, 0x80, 0x7f, 0x8c, 0x3,
    0xff, 0x81, 0xe0, 0x41, 0x32, 0x52, 0x0, 0x8e,
    0x94, 0x2c, 0xd, 0xab, 0x7f, 0xec, 0x50, 0x76,
    0x8, 0x73, 0x10, 0x8, 0x9b, 0x60, 0x0,

    /* U+0054 "T" */
    0xbf, 0xff, 0xfe, 0x9, 0x0, 0x7f, 0xf0, 0xef,
    0xff, 0x80, 0x13, 0xff, 0xc4, 0x1, 0xff, 0xff,
    0x0, 0xff, 0xff, 0x80, 0x7f, 0xff, 0xc0,

    /* U+0055 "U" */
    0xaf, 0xb0, 0xf, 0xea, 0xfa, 0x0, 0xff, 0xff,
    0x80, 0x7f, 0xff, 0xc0, 0x3f, 0xf8, 0x66, 0xe,
    0x1, 0xfc, 0xc0, 0x7e, 0x6, 0x20, 0x1f, 0x9,
    0x86, 0x38, 0x2, 0xc0, 0x3e, 0xb0, 0x2, 0x8c,
    0x2, 0xda, 0x8, 0xa, 0x5a, 0x84, 0x80, 0x1d,
    0xc0, 0x97, 0xdf, 0xd6, 0x81, 0x2c, 0x1, 0x46,
    0xb1, 0x0, 0x46, 0xfa, 0xc0, 0x0,

    /* U+0056 "V" */
    0xdf, 0x90, 0xf, 0xe1, 0xff, 0x35, 0x3, 0x0,
    0x7f, 0x38, 0x1, 0xd8, 0x0, 0xa0, 0x1f, 0xa8,
    0x14, 0x44, 0x81, 0xc0, 0x1f, 0x11, 0x87, 0x0,
    0x38, 0x10, 0x40, 0x3d, 0x40, 0x28, 0x0, 0x50,
    0x3, 0x80, 0x79, 0x41, 0xc0, 0x33, 0x5, 0x0,
    0x71, 0x90, 0x50, 0x6, 0xa0, 0x32, 0x0, 0xd4,
    0x4, 0x60, 0x18, 0xc8, 0x28, 0x3, 0x38, 0x50,
    0x7, 0x94, 0x18, 0x2, 0x41, 0x6, 0x0, 0xf5,
    0x0, 0x98, 0x3, 0x81, 0x4, 0x3, 0xc4, 0x61,
    0x40, 0x5, 0xe, 0x0, 0xfd, 0x40, 0xc0, 0xa0,
    0x5, 0x0, 0xfc, 0xe0, 0x4, 0xf0, 0x50, 0xf,
    0xe1, 0x50, 0xd5, 0xe, 0x0, 0xff, 0x70, 0x30,
    0xa, 0x0, 0x7f, 0x90, 0x40, 0xc, 0x1, 0xff,
    0xc0, 0x70, 0x5, 0x0, 0x78,

    /* U+0057 "W" */
    0x8f, 0xe0, 0xf, 0x97, 0xfc, 0xa0, 0x1f, 0x5f,
    0xde, 0x0, 0x90, 0x7, 0xbc, 0x1, 0xe0, 0x1f,
    0x20, 0x6a, 0x0, 0x10, 0x3, 0xca, 0x0, 0x50,
    0xf, 0x20, 0x1, 0x1, 0x3, 0x0, 0x39, 0x0,
    0xcc, 0x8, 0x1, 0xd8, 0x2, 0x41, 0x80, 0x80,
    0x1d, 0xa0, 0x88, 0xd, 0x0, 0xe4, 0x7, 0x0,
    0x20, 0x9, 0x80, 0x64, 0xc, 0xb0, 0x70, 0xe,
    0x30, 0xc0, 0x1, 0x88, 0x20, 0x4, 0x44, 0x4,
    0x31, 0x11, 0x80, 0x48, 0x0, 0x40, 0x9, 0x3,
    0x0, 0x25, 0x4, 0x0, 0x20, 0x58, 0x5, 0xa0,
    0x62, 0x1, 0x78, 0x20, 0x5, 0x61, 0xa0, 0xf,
    0x5, 0x0, 0x90, 0x10, 0x3, 0x20, 0x1, 0x0,
    0x4c, 0x1c, 0x0, 0xa0, 0x44, 0x1, 0x20, 0xb0,
    0xc, 0x24, 0x18, 0x8, 0x6, 0x20, 0x12, 0x2,
    0x82, 0x0, 0xc, 0x3, 0x94, 0x10, 0x3c, 0x10,
    0x3, 0x68, 0x58, 0x60, 0x20, 0x7, 0xb0, 0xc,
    0x10, 0x2c, 0x3, 0x20, 0x18, 0x20, 0x68, 0x7,
    0x90, 0x0, 0xc2, 0x23, 0x0, 0xc4, 0x40, 0x52,
    0x4, 0x0, 0xf9, 0x2, 0x81, 0x0, 0x3c, 0xa1,
    0xc0, 0x44, 0x0, 0xfb, 0x0, 0xc3, 0xc0, 0x3d,
    0x60, 0x80, 0x80, 0x1f, 0x90, 0x2, 0x50, 0xf,
    0x18, 0x80, 0x30, 0x3, 0xf1, 0x88, 0x20, 0x7,
    0xe7, 0x0, 0x28, 0x6,

    /* U+0058 "X" */
    0x3f, 0xf3, 0x0, 0x7c, 0x5f, 0xe5, 0x3, 0x70,
    0x91, 0x0, 0xf7, 0x2, 0xa8, 0x1, 0x6, 0x14,
    0x1, 0xcc, 0x63, 0x60, 0x1b, 0x81, 0x14, 0x2,
    0x19, 0xb, 0x10, 0xc, 0x50, 0x16, 0x20, 0xa,
    0x5, 0x50, 0x7, 0x9c, 0xc6, 0xc1, 0x50, 0x6c,
    0x3, 0xf7, 0x2, 0xaa, 0xc2, 0xc4, 0x3, 0xf1,
    0x40, 0x50, 0xaa, 0x80, 0x3f, 0xce, 0x20, 0xb,
    0x0, 0xff, 0x94, 0x40, 0x12, 0x1, 0xfe, 0x1b,
    0x6, 0x7, 0x30, 0xf, 0xeb, 0x14, 0x96, 0xe,
    0x0, 0xfc, 0x8a, 0x12, 0x10, 0x25, 0x0, 0x1f,
    0x50, 0x41, 0x0, 0xd8, 0x39, 0x80, 0x74, 0x89,
    0xb8, 0x4, 0xa8, 0x1e, 0x1, 0x91, 0x83, 0xc0,
    0x3a, 0x40, 0xdc, 0x2, 0x90, 0x73, 0x0, 0xe2,
    0x80, 0x82, 0x9, 0x22, 0x40, 0x7, 0xce, 0x41,
    0xc0,

    /* U+0059 "Y" */
    0xbf, 0xc0, 0xf, 0xc3, 0xfe, 0x79, 0x3, 0x50,
    0xf, 0xa0, 0x9, 0xc9, 0x82, 0x0, 0x3c, 0x4c,
    0x10, 0x0, 0x80, 0x26, 0x0, 0xe9, 0x3, 0x50,
    0x0, 0xc0, 0x40, 0x6, 0x34, 0xf, 0x0, 0xce,
    0x22, 0x70, 0xb, 0xc1, 0x4c, 0x3, 0xa0, 0x20,
    0x41, 0xc, 0x2c, 0x3, 0xcc, 0x41, 0x21, 0x20,
    0xe2, 0x1, 0xf4, 0x83, 0xb8, 0x86, 0x0, 0x3f,
    0x22, 0x2, 0x2, 0x0, 0x3f, 0xd2, 0x0, 0x26,
    0x0, 0xff, 0x11, 0x1, 0x40, 0x3f, 0xff, 0xe0,
    0x1f, 0xfc, 0x90,

    /* U+005A "Z" */
    0xb, 0xff, 0xff, 0xa4, 0x3, 0xff, 0x87, 0x7f,
    0xff, 0x98, 0x1, 0x60, 0x1f, 0xc6, 0xc1, 0x24,
    0x1, 0xfd, 0xa0, 0x8c, 0x1, 0xfd, 0x22, 0x2a,
    0x0, 0xfe, 0x46, 0xb, 0x10, 0xf, 0xc3, 0x40,
    0xaa, 0x0, 0xfe, 0xb1, 0x15, 0x80, 0x7f, 0x2a,
    0x82, 0x84, 0x3, 0xf0, 0xd0, 0x32, 0x0, 0x7f,
    0x50, 0x14, 0x80, 0x7f, 0x32, 0x7, 0x0, 0x7f,
    0x14, 0x83, 0x98, 0x7, 0xf7, 0x1, 0xc0, 0x7,
    0xf3, 0x98, 0x78, 0x7, 0xfa, 0x0, 0x19, 0xff,
    0xfb, 0x40, 0x3f, 0xf8, 0x40,

    /* U+005B "[" */
    0xef, 0xfd, 0xc0, 0x1, 0x22, 0x80, 0x17, 0xba,
    0xc0, 0xf, 0xff, 0xf8, 0x7, 0xff, 0x46, 0xf7,
    0x58, 0x0, 0x12, 0x28,

    /* U+005C "\\" */
    0x8f, 0xb0, 0xf, 0xa8, 0x10, 0x40, 0x3c, 0x46,
    0xc, 0x1, 0xf5, 0x5, 0x0, 0x7c, 0xc0, 0x46,
    0x1, 0xf3, 0x5, 0x0, 0x7d, 0x40, 0xc0, 0x1f,
    0x19, 0x3, 0x0, 0x7d, 0x41, 0x40, 0x1f, 0x30,
    0x19, 0x0, 0x78, 0x50, 0x28, 0x3, 0xee, 0x6,
    0x0, 0xf9, 0x44, 0x4a, 0x1, 0xf3, 0x7, 0x0,
    0x7d, 0x40, 0x82, 0x1, 0xe2, 0x30, 0x60, 0xf,
    0xa8, 0x28, 0x3, 0xe6, 0x2, 0x30,

    /* U+005D "]" */
    0x5f, 0xfe, 0x71, 0x22, 0x80, 0x24, 0xdd, 0x8c,
    0x3, 0xff, 0xfe, 0x1, 0xff, 0xe2, 0x4d, 0xd8,
    0xc0, 0x2, 0x45, 0x0, 0x40,

    /* U+005E "^" */
    0x0, 0xf2, 0xb8, 0x7, 0xff, 0x2, 0xe1, 0x40,
    0x3f, 0xce, 0x21, 0x0, 0x1f, 0xe9, 0x27, 0x26,
    0x0, 0xfc, 0xc3, 0x70, 0x30, 0x1, 0xfa, 0x5,
    0x82, 0x45, 0xc0, 0x3c, 0xc2, 0xc0, 0x7, 0x19,
    0x0, 0xf5, 0x84, 0x80, 0x52, 0x30, 0x1, 0x94,
    0x98, 0x40, 0x27, 0x17, 0x10, 0xa, 0x2, 0xc0,
    0x3a, 0x2, 0x0, 0x8, 0x48, 0x40, 0x1c, 0xc2,
    0xc2, 0x10, 0x10, 0x1, 0xf4, 0x5, 0x80,

    /* U+005F "_" */
    0xa, 0xaf, 0xf9, 0x81, 0x57, 0xfe, 0xf0,

    /* U+0060 "`" */
    0xbf, 0xf0, 0x80, 0x28, 0x82, 0xc0, 0x3, 0x84,
    0xaa, 0x0, 0xe, 0x1d, 0x8,

    /* U+0061 "a" */
    0x0, 0x14, 0x67, 0xfd, 0x8c, 0x1, 0xe, 0xb9,
    0x89, 0x1, 0xcc, 0x80, 0x2, 0xf5, 0xdc, 0xdf,
    0x70, 0x62, 0x0, 0x42, 0x88, 0x5, 0x2, 0x8,
    0x1, 0xfc, 0x40, 0x20, 0x11, 0x34, 0x42, 0x64,
    0x40, 0x11, 0xe6, 0xcb, 0xb9, 0x98, 0x20, 0x2,
    0xc3, 0x35, 0x77, 0xfc, 0x60, 0xb, 0x1, 0xc5,
    0x10, 0xf, 0x28, 0x38, 0x7, 0x88, 0x0, 0xe0,
    0x60, 0x1c, 0xa2, 0x0, 0x30, 0x54, 0x0, 0x9a,
    0x80, 0x29, 0x10, 0xbe, 0xdf, 0x96, 0x80, 0x0,
    0xfb, 0x8, 0x88, 0xe6, 0x46, 0x0,

    /* U+0062 "b" */
    0xcf, 0x80, 0xf, 0xff, 0xa7, 0x8c, 0xf7, 0xfb,
    0x18, 0x3, 0xbf, 0xcc, 0x22, 0x3, 0x9b, 0x0,
    0xce, 0x79, 0xfd, 0xf0, 0x9, 0x0, 0x1b, 0xcc,
    0x2, 0x77, 0x3, 0x80, 0x46, 0x40, 0x1d, 0x20,
    0x4, 0x0, 0x28, 0x7, 0x84, 0x40, 0x60, 0x1,
    0x0, 0xf8, 0xc3, 0xc0, 0x3f, 0xf8, 0x62, 0x1,
    0xf1, 0x87, 0x80, 0x14, 0x3, 0xc4, 0x20, 0x60,
    0x3, 0x30, 0x7, 0x50, 0x1, 0x0, 0x2e, 0x30,
    0x9, 0xdc, 0x10, 0x1, 0x51, 0xe7, 0xef, 0xc0,
    0x23, 0x80, 0x4b, 0xec, 0x24, 0x7, 0x36, 0x0,

    /* U+0063 "c" */
    0x0, 0x8e, 0x77, 0xfd, 0xb4, 0x60, 0x7, 0xc6,
    0x20, 0x1, 0x2b, 0x2, 0xc0, 0x2e, 0xff, 0xb2,
    0x14, 0x2c, 0x16, 0x88, 0x0, 0x6e, 0x8, 0x21,
    0x0, 0x1f, 0x18, 0x9, 0x0, 0x7d, 0xe0, 0x60,
    0x1f, 0xfc, 0x7f, 0x3, 0x0, 0xfc, 0x60, 0x24,
    0x1, 0xf2, 0x8, 0x40, 0x7, 0xe8, 0x5, 0x91,
    0x0, 0xb, 0x20, 0x33, 0x1, 0xbb, 0xfd, 0xd2,
    0x40, 0x9, 0xb5, 0x10, 0x1, 0x32, 0x0,

    /* U+0064 "d" */
    0x0, 0xff, 0x47, 0xe0, 0x7, 0xff, 0xad, 0xb3,
    0xfd, 0xb0, 0x3e, 0x1, 0xaa, 0x4c, 0x4, 0x9f,
    0xfc, 0x1, 0x42, 0x84, 0x7f, 0x7d, 0x83, 0x80,
    0x4e, 0xc, 0xe0, 0x12, 0x68, 0x4, 0x80, 0xb,
    0x0, 0xe3, 0x30, 0x0, 0xc0, 0x48, 0x3, 0xca,
    0x0, 0xf0, 0x30, 0xf, 0x84, 0x3, 0x8, 0x7,
    0xde, 0x0, 0xf0, 0x20, 0xf, 0xbc, 0x0, 0x60,
    0x22, 0x0, 0xf1, 0x80, 0x10, 0x1, 0x20, 0x1c,
    0x48, 0x1, 0x38, 0x3b, 0x80, 0x23, 0xf0, 0xd,
    0x8, 0x11, 0xfb, 0xf8, 0x12, 0x1, 0xae, 0x4c,
    0x8, 0x8f, 0x88, 0x0,

    /* U+0065 "e" */
    0x0, 0x8e, 0xbb, 0xfa, 0xd4, 0x3, 0x9f, 0x14,
    0x46, 0x4a, 0xa0, 0x4, 0xb0, 0x13, 0xfd, 0xf4,
    0xa, 0xe0, 0x8, 0x9, 0x60, 0x9, 0x64, 0x20,
    0xc, 0x81, 0x80, 0x39, 0xc0, 0x6, 0xa0, 0xc,
    0xcf, 0x68, 0x1, 0xb8, 0x0, 0x67, 0xf0, 0x7,
    0x17, 0xff, 0xf2, 0xf8, 0x10, 0x7, 0xf8, 0xc0,
    0x6, 0x1, 0xfc, 0x82, 0x1e, 0x1, 0xfe, 0xb0,
    0x3c, 0x30, 0x8, 0x9e, 0x40, 0xb, 0x20, 0x79,
    0xfd, 0xfb, 0x4, 0x1, 0x36, 0xb1, 0x0, 0x81,
    0xbc, 0x80,

    /* U+0066 "f" */
    0x0, 0xcb, 0x9f, 0xee, 0xa0, 0xc, 0xd4, 0x60,
    0x42, 0x20, 0xd, 0x0, 0xbf, 0xbf, 0x60, 0x10,
    0x88, 0x24, 0x3, 0xe3, 0x0, 0x8, 0x7, 0x25,
    0x68, 0x3, 0x7f, 0xd4, 0x0, 0x31, 0x30, 0x1,
    0xa2, 0x34, 0x0, 0xf7, 0xc0, 0xe, 0xbb, 0x38,
    0x7, 0xff, 0xfc, 0x3, 0xff, 0xc8,

    /* U+0067 "g" */
    0x0, 0x9b, 0x3f, 0xdb, 0x2, 0x2f, 0xc0, 0x5,
    0x49, 0x80, 0x93, 0xe3, 0x80, 0x4e, 0xa0, 0xff,
    0xdf, 0x47, 0x20, 0x14, 0x83, 0x40, 0x4, 0xba,
    0x1, 0x20, 0x85, 0x80, 0x71, 0x98, 0x0, 0x60,
    0x24, 0x1, 0xe4, 0x0, 0x78, 0x18, 0x7, 0xde,
    0x1, 0x84, 0x3, 0xfd, 0xe0, 0x40, 0x1f, 0x78,
    0x0, 0xc0, 0x44, 0x1, 0xe2, 0x0, 0x20, 0x2,
    0x40, 0x38, 0x54, 0x2, 0x70, 0x77, 0x0, 0x45,
    0xa0, 0x1a, 0x10, 0x23, 0xf7, 0xb4, 0x98, 0x3,
    0x5c, 0x98, 0x11, 0xbf, 0xf0, 0x7, 0x36, 0x7f,
    0xb6, 0x7, 0xc0, 0x3f, 0xf8, 0x4, 0xc, 0x1,
    0xfc, 0x4a, 0x18, 0xd, 0x8, 0x1, 0x93, 0xc0,
    0x5c, 0x5, 0xef, 0xfb, 0x9f, 0x64, 0x14, 0x20,
    0xd0, 0x82, 0x30, 0x13, 0xf2, 0x0,

    /* U+0068 "h" */
    0xcf, 0x80, 0xf, 0xff, 0x7f, 0x84, 0x6f, 0xfb,
    0x60, 0x40, 0x2f, 0xd7, 0x21, 0x2, 0x7c, 0x10,
    0x3, 0x9d, 0xff, 0x7c, 0x81, 0x48, 0x5, 0xa8,
    0x1, 0x33, 0x1, 0x40, 0x6, 0x60, 0xe, 0xc0,
    0x20, 0x2, 0x80, 0x78, 0x40, 0x30, 0x80, 0x7f,
    0xff, 0xc0, 0x3f, 0xf8, 0xc0,

    /* U+0069 "i" */
    0xaf, 0x65, 0xc, 0x82, 0xe7, 0xd4, 0x0, 0xb3,
    0xe0, 0x3, 0xff, 0xb6,

    /* U+006A "j" */
    0x0, 0xd5, 0xec, 0x1, 0x94, 0x30, 0x3, 0x41,
    0x70, 0x6, 0x7d, 0x40, 0xf, 0xfb, 0x3e, 0x0,
    0x3f, 0xff, 0xe0, 0x1f, 0xfd, 0x61, 0xf, 0x0,
    0x90, 0x80, 0xdf, 0xfa, 0xc0, 0x90, 0x84, 0x65,
    0xc0,

    /* U+006B "k" */
    0xcf, 0x70, 0xf, 0xff, 0xa0, 0xef, 0xe0, 0x7,
    0xed, 0x23, 0xc0, 0xf, 0xac, 0xcb, 0x40, 0x3e,
    0xb4, 0x2c, 0x10, 0xf, 0x52, 0xf, 0x88, 0x7,
    0x9d, 0x47, 0x8, 0x3, 0xd9, 0x0, 0x3, 0x0,
    0xf9, 0x8, 0x83, 0xa0, 0x1f, 0x1e, 0x70, 0x1c,
    0x0, 0x7a, 0xc4, 0xe0, 0x1d, 0x0, 0x3f, 0x3a,
    0x5, 0x8, 0x7, 0xea, 0x11, 0x68, 0x7, 0xe1,
    0xd0, 0x38, 0x0, 0xfc, 0x70, 0xe, 0x80,

    /* U+006C "l" */
    0xcf, 0x80, 0xf, 0xff, 0x50,

    /* U+006D "m" */
    0xcf, 0x21, 0x8d, 0xff, 0x5a, 0x0, 0xe, 0xbb,
    0xfa, 0xcc, 0x3, 0x26, 0x39, 0x8, 0x25, 0xb2,
    0xe2, 0x88, 0xa, 0x62, 0x0, 0x52, 0x19, 0xfd,
    0xa6, 0x13, 0x49, 0xbf, 0xec, 0x10, 0x80, 0xd,
    0xe6, 0x0, 0x2f, 0x0, 0xd, 0x90, 0x0, 0xec,
    0xc, 0x40, 0x6, 0x40, 0x18, 0xc0, 0xe, 0x1,
    0xc8, 0x0, 0x30, 0x2, 0x80, 0x78, 0x43, 0xc0,
    0x3f, 0x8, 0x0, 0x40, 0x3f, 0x18, 0x7, 0xff,
    0xfc, 0x3, 0xff, 0xfe, 0x1, 0xe0,

    /* U+006E "n" */
    0xcf, 0x20, 0x7d, 0xff, 0x6c, 0x8, 0x4, 0xfb,
    0x4, 0x20, 0x4f, 0x82, 0x0, 0xa3, 0xbf, 0xef,
    0x90, 0x29, 0x0, 0xb5, 0x0, 0x26, 0x60, 0x28,
    0x0, 0xcc, 0x1, 0xd8, 0x4, 0x0, 0x50, 0xf,
    0x8, 0x6, 0x10, 0xf, 0xff, 0xf8, 0x7, 0xff,
    0x18,

    /* U+006F "o" */
    0x0, 0x8e, 0xbb, 0xfd, 0xb0, 0x20, 0x1c, 0xf8,
    0xa2, 0x20, 0x27, 0xf3, 0x0, 0x96, 0x1, 0xfb,
    0x9f, 0x86, 0x38, 0x20, 0xb, 0x6, 0x81, 0x0,
    0x1e, 0x10, 0x58, 0x20, 0x85, 0x80, 0x7a, 0xc1,
    0x40, 0xc0, 0x48, 0x3, 0xc8, 0x0, 0x3f, 0x3,
    0x0, 0xf8, 0xc0, 0xe, 0x1, 0xff, 0xc1, 0x1f,
    0x3, 0x0, 0xf8, 0xc0, 0xc, 0x80, 0x24, 0x1,
    0xe4, 0x0, 0x19, 0x88, 0x20, 0x3, 0xd6, 0xa,
    0x0, 0x90, 0x59, 0x10, 0x1, 0x59, 0x4, 0x0,
    0x12, 0x41, 0xbb, 0xad, 0x41, 0xb2, 0x0, 0x9b,
    0x58, 0x46, 0x27, 0xf4, 0x0, 0x0,

    /* U+0070 "p" */
    0xcf, 0x21, 0x8d, 0xff, 0x63, 0x0, 0x72, 0x63,
    0x90, 0x81, 0xcd, 0x80, 0x69, 0xb, 0xfe, 0xe3,
    0x82, 0x40, 0x6, 0xf4, 0x0, 0xc, 0x28, 0x38,
    0x4, 0x64, 0x1, 0xd0, 0x0, 0x40, 0x2, 0x80,
    0x78, 0x84, 0xc, 0x0, 0x20, 0x1f, 0x18, 0x78,
    0x7, 0xff, 0xc, 0x40, 0x3e, 0x20, 0xf0, 0x2,
    0x80, 0x78, 0x80, 0x6, 0x0, 0x33, 0x0, 0x74,
    0x0, 0x10, 0x2, 0xd4, 0x0, 0xa1, 0x42, 0x0,
    0x27, 0xb, 0xfe, 0xf7, 0x4, 0x70, 0xb, 0xfc,
    0xe4, 0x20, 0x73, 0x60, 0x1b, 0xc6, 0x37, 0xfd,
    0x8c, 0x1, 0xff, 0xf8,

    /* U+0071 "q" */
    0x0, 0x97, 0x3f, 0xdb, 0x2, 0x5f, 0x80, 0xa,
    0xa1, 0x80, 0x93, 0xe2, 0x0, 0x4e, 0xa1, 0x1f,
    0xdf, 0x67, 0x20, 0x14, 0x83, 0x38, 0x4, 0x9a,
    0x1, 0x20, 0x85, 0x80, 0x71, 0x98, 0x0, 0x60,
    0x24, 0x1, 0xe5, 0x0, 0x78, 0x18, 0x7, 0xc2,
    0x1, 0x84, 0x3, 0xef, 0x0, 0x78, 0x10, 0x7,
    0xde, 0x0, 0x30, 0x12, 0x0, 0xf1, 0x80, 0x10,
    0x1, 0x40, 0x1c, 0x48, 0x1, 0x38, 0x3b, 0x80,
    0x23, 0xf0, 0xd, 0x8, 0x11, 0xfb, 0xd8, 0xe,
    0x1, 0xae, 0x4c, 0x8, 0xdf, 0x0, 0x3c, 0xd9,
    0xfe, 0xd8, 0x10, 0xf, 0xff, 0xc0,

    /* U+0072 "r" */
    0xcf, 0x20, 0x5d, 0xff, 0x20, 0x0, 0x66, 0x88,
    0x0, 0xc0, 0x8, 0x64, 0xce, 0xd2, 0x0, 0x23,
    0x59, 0x89, 0x0, 0x43, 0x20, 0x1f, 0x20, 0x7,
    0xe2, 0x0, 0xff, 0xfc, 0x80,

    /* U+0073 "s" */
    0x0, 0x36, 0x77, 0xfb, 0x65, 0x0, 0x19, 0x26,
    0x2, 0x4, 0xd0, 0xe, 0x63, 0x9d, 0xcf, 0xd8,
    0x80, 0x68, 0x31, 0x80, 0x44, 0xe8, 0x4, 0xa,
    0x40, 0x1f, 0x48, 0x96, 0xc9, 0x80, 0x70, 0xfa,
    0x83, 0x66, 0x18, 0x3, 0xd, 0x6b, 0x89, 0xce,
    0x90, 0x6, 0x28, 0xea, 0x12, 0xc0, 0xf, 0x97,
    0x0, 0x4c, 0x3, 0xe2, 0x0, 0x9d, 0x84, 0x3,
    0x48, 0x0, 0xf6, 0x7b, 0x9b, 0xaf, 0x60, 0xa0,
    0x86, 0x21, 0x22, 0x9b, 0x54, 0x0,

    /* U+0074 "t" */
    0x0, 0xb6, 0xc0, 0x3c, 0x44, 0x0, 0xfa, 0x80,
    0x3c, 0x98, 0xe0, 0x9f, 0xf5, 0x93, 0x88, 0xa,
    0x24, 0x6d, 0x6e, 0xb, 0x77, 0x40, 0x7, 0xff,
    0xdd, 0xc0, 0x3d, 0xe0, 0x6a, 0x1, 0xcc, 0x41,
    0x5d, 0xcc, 0x0, 0xb1, 0x44, 0x40, 0xa0,

    /* U+0075 "u" */
    0xff, 0x30, 0x7, 0x9f, 0xf4, 0x3, 0xff, 0xfe,
    0x1, 0xff, 0xc6, 0xf0, 0x0, 0x80, 0x7e, 0x30,
    0x1, 0x86, 0x0, 0x71, 0x20, 0x1, 0x41, 0x58,
    0x2, 0x3f, 0x0, 0xa4, 0x82, 0x7f, 0x7f, 0xe,
    0x40, 0x3, 0x8e, 0x40, 0x44, 0x6f, 0x70, 0x0,

    /* U+0076 "v" */
    0xdf, 0x90, 0xf, 0x9b, 0xfc, 0x14, 0xc, 0x1,
    0xf5, 0x2, 0x83, 0x0, 0x14, 0x3, 0x88, 0xc3,
    0x80, 0x54, 0x38, 0x3, 0x94, 0x9, 0x0, 0x1c,
    0x8, 0x20, 0x1a, 0x81, 0x40, 0x24, 0x10, 0x70,
    0x8, 0xc8, 0x28, 0x3, 0x30, 0x50, 0x5, 0x40,
    0x84, 0x1, 0xa8, 0xc, 0x80, 0xe, 0x1c, 0x1,
    0xc4, 0x60, 0xa0, 0x82, 0xa, 0x1, 0xea, 0xa,
    0xd, 0x6, 0x0, 0xf9, 0xc0, 0x88, 0xe1, 0x40,
    0x1f, 0xa, 0x84, 0x9, 0x18, 0x7, 0xee, 0x5,
    0xa, 0x0, 0xfe, 0x41, 0x0, 0x30, 0x7, 0x0,

    /* U+0077 "w" */
    0x9f, 0xc0, 0xe, 0x2f, 0xf5, 0x0, 0x72, 0xff,
    0x83, 0x40, 0xc0, 0x39, 0x40, 0x8, 0x1, 0xd8,
    0x8, 0x8, 0x0, 0x40, 0xd, 0x60, 0x42, 0x60,
    0x19, 0x3, 0x0, 0x6, 0x18, 0x1, 0x9, 0x8a,
    0x85, 0x80, 0x42, 0x40, 0x80, 0xb, 0x5, 0x0,
    0x9c, 0x13, 0x1, 0x40, 0x24, 0x1, 0x30, 0x2,
    0x1, 0x8, 0x3, 0x43, 0x10, 0x8, 0x80, 0xf,
    0x4, 0x0, 0x8c, 0x41, 0x0, 0x8, 0xe, 0xa,
    0xa, 0x0, 0x40, 0xf0, 0xc, 0x81, 0x80, 0xa0,
    0x62, 0x18, 0x16, 0x4, 0x20, 0x80, 0x1b, 0x1,
    0x3, 0xc2, 0xc0, 0xe, 0x6, 0x28, 0x6, 0x20,
    0x19, 0xc0, 0x85, 0x1, 0x40, 0x2, 0x60, 0x98,
    0x8, 0x1, 0xc2, 0x40, 0xc2, 0x44, 0x0, 0xac,
    0x31, 0x3, 0x0, 0x3c, 0x81, 0x40, 0xa0, 0x19,
    0x41, 0xc4, 0x10, 0x3, 0xda, 0x4, 0x14, 0x1,
    0x88, 0x82, 0x8, 0x1, 0xf2, 0x0, 0x8, 0x80,
    0x1c, 0xa0, 0xd, 0x0, 0xc0,

    /* U+0078 "x" */
    0x1e, 0xfa, 0x0, 0xf6, 0xfd, 0x0, 0xd0, 0x2a,
    0x80, 0x34, 0x90, 0xd8, 0x1, 0x1c, 0x2c, 0x40,
    0x6, 0xc1, 0x42, 0x1, 0x41, 0xd, 0x80, 0x38,
    0x19, 0x0, 0x3b, 0xc1, 0x55, 0x24, 0x49, 0x0,
    0xf1, 0x48, 0x53, 0x7, 0x0, 0x7e, 0x64, 0x0,
    0x41, 0x80, 0x7e, 0x15, 0x0, 0x68, 0x7, 0xf5,
    0x89, 0x2, 0xb0, 0x7, 0xca, 0xa0, 0xfa, 0x9,
    0x20, 0xe, 0x2a, 0x8, 0x25, 0x40, 0xe0, 0xe,
    0xe0, 0x37, 0x0, 0x50, 0x9c, 0x0, 0x4e, 0x61,
    0xc0, 0x10, 0xd8, 0x39, 0x81, 0xc0, 0x49, 0x0,
    0x65, 0x50, 0x70, 0x0,

    /* U+0079 "y" */
    0xcf, 0xa0, 0xf, 0x9b, 0xfc, 0x32, 0xa, 0x20,
    0x1e, 0xa0, 0x41, 0x51, 0x7, 0x0, 0xe1, 0x30,
    0xe0, 0x3, 0x5, 0x80, 0x73, 0x0, 0xa8, 0x2,
    0x80, 0x8c, 0x3, 0x50, 0x30, 0x4, 0x48, 0x14,
    0x1, 0x19, 0x5, 0x0, 0x6e, 0x7, 0x0, 0xa8,
    0xc, 0x80, 0x32, 0x88, 0x94, 0x0, 0xe1, 0x40,
    0x1e, 0x60, 0xe0, 0x41, 0x6, 0x0, 0xf5, 0x2,
    0xe, 0x82, 0x80, 0x7c, 0x48, 0xe, 0xe0, 0xe0,
    0xf, 0xdc, 0x16, 0x24, 0x80, 0x1f, 0x94, 0x48,
    0x28, 0x3, 0xfc, 0xc0, 0x6, 0x0, 0xff, 0x8,
    0x20, 0x80, 0x7f, 0x98, 0x38, 0x3, 0xfc, 0xe0,
    0x2a, 0x1, 0xfc, 0xb0, 0x10, 0x1, 0xf5, 0x6f,
    0x50, 0x2b, 0x0, 0x7c, 0x64, 0x25, 0x14, 0x1,
    0xf8,

    /* U+007A "z" */
    0x8f, 0xff, 0xe0, 0xe4, 0x4f, 0x8, 0x4, 0xd7,
    0x7d, 0x40, 0x8, 0x0, 0xfa, 0x84, 0xdc, 0x3,
    0xcc, 0x81, 0xc0, 0x1e, 0x29, 0xa, 0x20, 0xf,
    0x70, 0x2a, 0x80, 0x3d, 0x6, 0x36, 0x1, 0xe3,
    0x70, 0xa1, 0x0, 0xf7, 0x3, 0x20, 0x7, 0xa4,
    0x89, 0x20, 0x1e, 0x46, 0xe, 0x0, 0xfa, 0x80,
    0x7f, 0x33, 0xc4, 0x20, 0x26, 0x7f, 0x8,

    /* U+007B "{" */
    0x0, 0xe2, 0x9d, 0xf0, 0xe, 0x3d, 0x62, 0x10,
    0xe, 0xe0, 0x3d, 0xe0, 0xe, 0x20, 0x82, 0x0,
    0xe1, 0x0, 0x30, 0x7, 0xff, 0x60, 0x80, 0x6,
    0x1, 0xc5, 0xe0, 0x82, 0x1, 0x1f, 0x69, 0x35,
    0x0, 0x67, 0x10, 0x31, 0x10, 0x6, 0x4f, 0xb0,
    0x7b, 0x0, 0xf2, 0x70, 0x20, 0x80, 0x78, 0x80,
    0x6, 0x1, 0xff, 0xdb, 0x10, 0xf, 0x9, 0x7,
    0x88, 0x7, 0xa4, 0xf, 0xb8, 0x1, 0xc9, 0xaa,
    0x42, 0x0,

    /* U+007C "|" */
    0xcf, 0x10, 0xf, 0xff, 0xe0,

    /* U+007D "}" */
    0x2f, 0xd9, 0x10, 0xf, 0x9, 0x37, 0x10, 0x6,
    0x2e, 0xd2, 0x9, 0x0, 0xf1, 0x40, 0x20, 0x7,
    0xc2, 0x1, 0xff, 0xdb, 0x70, 0x0, 0x80, 0x78,
    0xc8, 0x28, 0x40, 0x3d, 0xe8, 0x8e, 0xe1, 0x0,
    0x62, 0x31, 0x1, 0x0, 0xec, 0x72, 0xcf, 0x20,
    0x8, 0xcc, 0x1a, 0x60, 0x1c, 0xe0, 0x1, 0x0,
    0xff, 0xec, 0x10, 0x7, 0xe2, 0xb0, 0x40, 0xc,
    0x5d, 0xa4, 0x32, 0x1, 0xc2, 0x4f, 0xe4, 0x1,
    0x80,

    /* U+007E "~" */
    0x2a, 0xef, 0xec, 0x72, 0x0, 0x95, 0xe5, 0x44,
    0x84, 0xe3, 0x7f, 0x7e, 0xbc, 0xef, 0xf7, 0xf1,
    0xcc, 0x8, 0x5e, 0x40,

    /* U+00A0 " " */

    /* U+00A1 "¡" */
    0xa, 0xf9, 0x1, 0x50, 0x60, 0x10, 0xe, 0xd8,
    0xd0, 0x1, 0x39, 0x0, 0x44, 0x1, 0x2e, 0xa0,
    0x0, 0xc0, 0x3c, 0x20, 0x1, 0x3, 0x0, 0x78,
    0x8, 0x0, 0x40, 0x31, 0x87, 0x80, 0x61, 0x0,
    0x8, 0x18, 0x1, 0xc0, 0x40, 0x2, 0x1, 0x8c,
    0x1c, 0x3, 0x8, 0x0,

    /* U+00A2 "¢" */
    0x0, 0xe9, 0xf2, 0x0, 0xf1, 0xcb, 0x86, 0x62,
    0x48, 0x1, 0x18, 0xc2, 0x2, 0x6c, 0xe0, 0xce,
    0xb, 0x9f, 0xeb, 0x75, 0x8, 0x5, 0xa3, 0x0,
    0x24, 0x2, 0x8, 0x40, 0x7, 0xc6, 0x2, 0x40,
    0x1f, 0x70, 0x10, 0x7, 0xe3, 0x7, 0x0, 0xfc,
    0x60, 0x1f, 0xe1, 0x6, 0x0, 0xfd, 0xa0, 0x42,
    0x1, 0xf2, 0x80, 0x20, 0x3, 0xf3, 0x83, 0x49,
    0x0, 0xd, 0xd0, 0x21, 0x41, 0xb7, 0xfd, 0x90,
    0x40, 0xa, 0xb4, 0x0, 0x89, 0x9c, 0x2, 0x4b,
    0x60, 0xdd, 0x48, 0x80, 0x7f, 0xc0,

    /* U+00A3 "£" */
    0x0, 0xe3, 0xae, 0xff, 0x6c, 0xa0, 0x7, 0x3e,
    0x28, 0x8c, 0x4d, 0x62, 0x1, 0x14, 0x3, 0x77,
    0x69, 0x81, 0x0, 0x94, 0x6, 0x44, 0x0, 0x2c,
    0xe0, 0x1b, 0x81, 0x40, 0x3f, 0xfc, 0xc3, 0xfe,
    0x60, 0x4f, 0xfe, 0x0, 0xc8, 0x81, 0x1, 0x44,
    0xe0, 0x8, 0x6e, 0xce, 0xb, 0x77, 0xc0, 0x1f,
    0xfc, 0xa1, 0x0, 0xff, 0x88, 0xc, 0x3, 0xfc,
    0x28, 0x1a, 0x1, 0xfc, 0x5a, 0xe, 0x80, 0x1f,
    0x8b, 0x4c, 0x1f, 0xff, 0xf7, 0x0, 0x7f, 0xf0,
    0x80,

    /* U+00A4 "¤" */
    0x6, 0x20, 0xf, 0x91, 0x40, 0xe7, 0x12, 0x7b,
    0xfa, 0x16, 0xe8, 0x4e, 0x46, 0xd8, 0x94, 0xde,
    0x82, 0xc4, 0x18, 0x42, 0xf2, 0xb6, 0x40, 0x90,
    0x0, 0xc3, 0x8, 0x1, 0x33, 0x92, 0x0, 0x3c,
    0x14, 0x3, 0xac, 0xc, 0x3, 0xff, 0x87, 0xe0,
    0xa0, 0x1d, 0x40, 0x60, 0x6, 0x18, 0x50, 0x9,
    0x98, 0x48, 0x0, 0x61, 0xa, 0xdb, 0xd9, 0x2,
    0x40, 0x39, 0x1b, 0x63, 0x40, 0x79, 0xb, 0x13,
    0x9c, 0x49, 0xef, 0xd8, 0x6b, 0xa1,

    /* U+00A5 "¥" */
    0x5f, 0xf0, 0x80, 0x7c, 0x7f, 0xe3, 0x53, 0x9,
    0x0, 0xfa, 0x1, 0x8c, 0x20, 0x1c, 0x40, 0x38,
    0xd0, 0x20, 0x0, 0x88, 0x8, 0x0, 0xef, 0x7,
    0x10, 0xa, 0x41, 0x88, 0x2, 0x43, 0x18, 0x0,
    0xc4, 0xc1, 0x0, 0x14, 0x4, 0x0, 0x7a, 0x1,
    0x48, 0x14, 0xc9, 0x80, 0x3c, 0x30, 0x10, 0x10,
    0x12, 0x1, 0xf9, 0xc5, 0x60, 0x91, 0x0, 0x1e,
    0x6a, 0xa1, 0x83, 0x83, 0xd5, 0x10, 0x3, 0x62,
    0xa8, 0x80, 0x23, 0x55, 0x18, 0x6, 0xaf, 0xf9,
    0x1, 0xff, 0xe7, 0x0, 0xff, 0xe3, 0xd7, 0xfc,
    0x80, 0xff, 0xf3, 0x80, 0x6c, 0x55, 0x84, 0x9,
    0x56, 0x30, 0xc, 0xd5, 0x52, 0x82, 0xd5, 0x48,
    0x1, 0xff, 0xd4,

    /* U+00A6 "¦" */
    0xcf, 0x10, 0xf, 0xfe, 0x62, 0x98, 0x4e, 0x8,
    0x7, 0xff, 0x2, 0x70, 0x54, 0xc0, 0x3f, 0xf9,
    0xa0,

    /* U+00A7 "§" */
    0x0, 0x2d, 0xf7, 0xfb, 0xad, 0xc4, 0x22, 0x90,
    0xce, 0x4, 0x83, 0x17, 0xb, 0xdc, 0xc7, 0x6d,
    0x11, 0x80, 0x10, 0x3, 0x12, 0x81, 0x10, 0x30,
    0xc0, 0x3e, 0xf2, 0x3c, 0xd7, 0x10, 0xc, 0x62,
    0x4, 0x48, 0xe9, 0x0, 0xb0, 0xeb, 0x7a, 0x5,
    0xb4, 0xc, 0x8d, 0x40, 0x5f, 0xc8, 0x8e, 0x0,
    0x10, 0xc, 0x36, 0x1c, 0x62, 0x54, 0x20, 0x17,
    0x7, 0x5, 0xa, 0xf4, 0x9b, 0x38, 0xb0, 0x27,
    0xb8, 0xb6, 0x48, 0xe0, 0x80, 0x6, 0x3a, 0x90,
    0x6, 0x40, 0x3c, 0xb7, 0x82, 0x8c, 0x1, 0xf1,
    0xa0, 0x7a, 0x28, 0x80, 0x62, 0x40, 0xf3, 0xae,
    0xdb, 0xb6, 0xe8, 0x51, 0x98, 0xe6, 0x64, 0x41,
    0xa5, 0x58, 0x0,

    /* U+00A8 "¨" */
    0x5, 0x70, 0x9, 0x98, 0x3, 0x50, 0x80, 0x73,
    0x22, 0x13, 0x15, 0x2, 0x2c,

    /* U+00A9 "©" */
    0x0, 0xfe, 0x10, 0xf, 0xfe, 0x19, 0x4e, 0xff,
    0x7f, 0x5b, 0x0, 0x7f, 0xd, 0x6a, 0x2d, 0x5d,
    0xa4, 0x27, 0x94, 0x3, 0xc5, 0x89, 0x5b, 0xa,
    0x88, 0x7b, 0xd4, 0xa8, 0x0, 0xef, 0xc, 0x50,
    0x4b, 0xef, 0xea, 0xa, 0x87, 0x70, 0x5, 0x5,
    0xe4, 0xd, 0x68, 0x4a, 0x6a, 0x0, 0x76, 0x82,
    0x1, 0x77, 0x10, 0x14, 0x85, 0xe5, 0x6e, 0x88,
    0x1, 0x23, 0x0, 0xe1, 0x40, 0xb, 0x7, 0x40,
    0x8, 0x80, 0x33, 0xa8, 0x78, 0x90, 0x1, 0x42,
    0xc0, 0x3f, 0xb4, 0xc, 0x88, 0x1, 0x10, 0x8,
    0x7, 0xf3, 0x3, 0x0, 0x7f, 0xf2, 0x8, 0x40,
    0x22, 0x6, 0x0, 0xfe, 0x60, 0x1f, 0x21, 0x0,
    0x58, 0x70, 0x7, 0xf1, 0x82, 0xa0, 0x48, 0x1,
    0x85, 0x5c, 0x40, 0x98, 0x3, 0x51, 0x89, 0x2b,
    0x90, 0xd, 0x4, 0x77, 0xec, 0x80, 0x4e, 0x50,
    0x0, 0xb1, 0xf1, 0x4, 0xe8, 0x55, 0x3e, 0x0,
    0x16, 0x15, 0x0, 0x3, 0xa5, 0x86, 0x2, 0xf5,
    0x48, 0x30, 0x8a, 0x3a, 0x0, 0xc7, 0x81, 0x96,
    0xc6, 0x24, 0x91, 0xce, 0xd8, 0x1, 0xe3, 0xd9,
    0x79, 0xce, 0xdb, 0x64, 0xc9, 0x0, 0xfe, 0x6c,
    0xfc, 0xbc, 0xde, 0xa3, 0x0, 0xe0,

    /* U+00AA "ª" */
    0x3, 0xae, 0xfe, 0xa1, 0x0, 0x32, 0x34, 0xba,
    0xe8, 0x1, 0x7a, 0x1a, 0x50, 0xc0, 0x3e, 0x20,
    0x8, 0xeb, 0xbf, 0xcc, 0x0, 0x1c, 0x7b, 0xcd,
    0x40, 0xc, 0xea, 0x6c, 0xa0, 0x1, 0x65, 0xff,
    0x98, 0x2, 0x9f, 0xde, 0xb8, 0xd0,

    /* U+00AB "«" */
    0x0, 0xff, 0xe1, 0x96, 0xb8, 0x0, 0x72, 0x0,
    0x21, 0xf2, 0xf0, 0x5, 0x19, 0x0, 0x5a, 0x4b,
    0x1, 0x28, 0x74, 0x0, 0x93, 0x35, 0x3, 0xb0,
    0xe8, 0x1, 0xd8, 0x74, 0x16, 0x3, 0x44, 0x1,
    0x60, 0x82, 0x1e, 0x4, 0x60, 0x16, 0x8a, 0xb8,
    0x51, 0x12, 0x80, 0x21, 0xd0, 0x84, 0xc, 0x15,
    0x70, 0x8, 0xe8, 0x2c, 0x87, 0x42, 0x10, 0x2,
    0x58, 0xe, 0x3, 0xb0, 0xa0, 0xc, 0xf5, 0x80,
    0x4, 0xbf, 0x0,

    /* U+00AC "¬" */
    0x9d, 0xdf, 0xf9, 0x88, 0xbf, 0xf8, 0x1d, 0x7f,
    0xff, 0xd4, 0x1, 0xff, 0xea,

    /* U+00AD "­" */
    0xff, 0xf2, 0x80, 0x7c,

    /* U+00AE "®" */
    0x0, 0xfe, 0x10, 0xf, 0xfe, 0x19, 0x4e, 0xff,
    0x7f, 0x5b, 0x0, 0x7f, 0xd, 0x6a, 0x2d, 0x5d,
    0xa4, 0x27, 0x94, 0x3, 0xc5, 0x89, 0x5b, 0xa,
    0x88, 0x7b, 0xd4, 0xa8, 0x0, 0xef, 0xc, 0x57,
    0xaa, 0xa5, 0x84, 0xaa, 0x1d, 0xc0, 0x14, 0x17,
    0x90, 0x5a, 0xac, 0xd3, 0xe2, 0xe, 0xd0, 0x40,
    0x2e, 0xe2, 0x0, 0xd9, 0xfa, 0x83, 0x20, 0x9,
    0x18, 0x7, 0xa, 0x0, 0xf8, 0xb8, 0x8, 0x2,
    0x75, 0xf, 0x12, 0x0, 0xfd, 0x80, 0x40, 0x16,
    0x81, 0x91, 0x0, 0x3d, 0x13, 0x8c, 0x32, 0x1,
    0x30, 0x30, 0x7, 0xe4, 0x63, 0x1f, 0x10, 0xf,
    0x10, 0x80, 0x7b, 0x3c, 0x85, 0x40, 0x33, 0x0,
    0xf9, 0x8, 0x7, 0xd2, 0x12, 0x1, 0x8c, 0x15,
    0x2, 0x40, 0x3e, 0x44, 0x13, 0x80, 0x54, 0x62,
    0x4a, 0xe4, 0x1, 0xf4, 0x84, 0x10, 0x39, 0x40,
    0x2, 0xc7, 0xc4, 0x26, 0x8, 0x0, 0x55, 0x2,
    0xb0, 0xa8, 0x0, 0x1d, 0x2c, 0x35, 0x71, 0x0,
    0x95, 0xee, 0x8e, 0x80, 0x31, 0xe0, 0x65, 0xb1,
    0x89, 0x24, 0x73, 0xb6, 0x0, 0x78, 0xf6, 0x5e,
    0x73, 0xb6, 0xd9, 0x32, 0x40, 0x3f, 0x9b, 0x3f,
    0x2f, 0x37, 0xa8, 0xc0, 0x38,

    /* U+00AF "¯" */
    0xb, 0xbf, 0xfe, 0x8, 0xa, 0x27, 0xff, 0x4,
    0x40,

    /* U+00B0 "°" */
    0x0, 0x47, 0x7f, 0x48, 0x80, 0x31, 0xd5, 0xd1,
    0xb0, 0x10, 0xde, 0xe2, 0xa4, 0x9b, 0x2, 0x80,
    0x26, 0xc, 0x0, 0xfe, 0xc0, 0xa0, 0x9, 0x83,
    0x11, 0xf, 0x71, 0x52, 0x4c, 0x16, 0xea, 0xe8,
    0xd8, 0x0,

    /* U+00B1 "±" */
    0x0, 0xe3, 0x62, 0x0, 0xff, 0x5c, 0xb8, 0x7,
    0xff, 0xb6, 0xff, 0xf3, 0x85, 0x7f, 0xe8, 0x22,
    0xe1, 0x1, 0x22, 0xdd, 0x3b, 0xb9, 0x82, 0xf7,
    0x73, 0x0, 0x7f, 0xfb, 0x63, 0xd4, 0x3, 0xa7,
    0x77, 0xfe, 0x72, 0x2f, 0xfe, 0x7, 0x80,

    /* U+00B2 "²" */
    0x0, 0x13, 0x43, 0x8, 0x2, 0x76, 0x5e, 0x78,
    0xc1, 0x5b, 0x7e, 0x83, 0xc3, 0x24, 0x81, 0x44,
    0xc0, 0x3c, 0x24, 0x1, 0xce, 0x14, 0x1, 0x92,
    0x11, 0xc0, 0x24, 0xb3, 0xb0, 0x9, 0x2c, 0xf0,
    0x2, 0x4b, 0x3c, 0x0, 0x8e, 0xc1, 0xa6, 0x72,
    0x80, 0x15, 0x9b, 0x0,

    /* U+00B3 "³" */
    0x0, 0x84, 0x80, 0x39, 0xfb, 0x9b, 0xf8, 0x40,
    0x52, 0x93, 0x4c, 0x7e, 0x5, 0xd4, 0xcb, 0x22,
    0x40, 0x10, 0x91, 0xc0, 0xb0, 0x5, 0xfb, 0x8e,
    0xb2, 0x1, 0x55, 0x25, 0x16, 0xc0, 0x24, 0x56,
    0xb4, 0x41, 0x80, 0x78, 0xc1, 0x8c, 0x3, 0x94,
    0x1e, 0xbe, 0xa2, 0x1a, 0x4a, 0x54, 0xa8, 0xee,
    0x8, 0xa0,

    /* U+00B4 "´" */
    0x0, 0x67, 0xf8, 0x41, 0x8c, 0x2c, 0x45, 0x21,
    0x68, 0x1a, 0x38, 0x80, 0x0,

    /* U+00B5 "µ" */
    0xcf, 0x80, 0xf, 0x27, 0xf8, 0x3, 0xff, 0xfe,
    0x1, 0xff, 0xc6, 0x20, 0xf, 0xfb, 0xc0, 0x32,
    0x0, 0x70, 0xb8, 0x6, 0x38, 0x0, 0x8b, 0x44,
    0x3, 0x9f, 0xfb, 0x9a, 0x74, 0x1, 0x9d, 0x84,
    0x40, 0xba, 0xa0, 0x1b, 0xe7, 0xbf, 0xa8, 0x83,
    0xfc, 0x1, 0xff, 0xc2, 0xf0, 0xf, 0xff, 0x8,

    /* U+00B6 "¶" */
    0x0, 0xc, 0x6f, 0xff, 0xe4, 0x2, 0xf7, 0x20,
    0xc, 0xf0, 0xc0, 0x17, 0x8, 0x7, 0xa5, 0xe8,
    0x0, 0x66, 0x0, 0xff, 0xe0, 0x28, 0x7, 0xff,
    0x7, 0x80, 0x3f, 0xfb, 0xbc, 0x1, 0xff, 0xc1,
    0x40, 0xf, 0xfe, 0x9, 0x18, 0x7, 0xff, 0x7,
    0x84, 0x3, 0xff, 0x80, 0x5d, 0x8, 0x46, 0x60,
    0xf, 0xe7, 0xbd, 0xca, 0x0, 0xff, 0xff, 0x80,
    0x7f, 0xf9, 0x8c, 0x3, 0xc0,

    /* U+00B7 "·" */
    0x2, 0x72, 0x0, 0x6c, 0x68, 0x8, 0x6, 0x15,
    0x6, 0x0,

    /* U+00B8 "¸" */
    0x0, 0x44, 0x0, 0x23, 0x71, 0x0, 0x9d, 0x1b,
    0x44, 0x12, 0xe0, 0x98, 0x88, 0x7a, 0x3, 0x1b,
    0x8a, 0xa6, 0x8b, 0xb7, 0x50, 0x0,

    /* U+00B9 "¹" */
    0x0, 0xc2, 0x40, 0x1a, 0x3b, 0x4c, 0xb, 0x1c,
    0x80, 0x2e, 0x3a, 0x40, 0xb, 0xb5, 0x40, 0x31,
    0x10, 0x3, 0xff, 0xc4,

    /* U+00BA "º" */
    0x0, 0x26, 0x7f, 0xac, 0x80, 0xb, 0x61, 0x30,
    0xba, 0x41, 0x5, 0x8c, 0xf8, 0x16, 0x24, 0x80,
    0x11, 0x1b, 0x98, 0x70, 0x6, 0x71, 0x30, 0xf0,
    0xc, 0xe2, 0x32, 0x0, 0x63, 0x50, 0x93, 0x82,
    0x25, 0x7, 0x83, 0xbd, 0xba, 0x5a, 0x40, 0x4,
    0x75, 0xe7, 0xa8, 0x0,

    /* U+00BB "»" */
    0x0, 0xff, 0xe0, 0x37, 0x10, 0x1, 0x75, 0x0,
    0x30, 0x8b, 0x4, 0x0, 0x56, 0x40, 0x13, 0xb0,
    0xe8, 0x2c, 0x6, 0x8, 0x5, 0x26, 0x6a, 0x7,
    0x51, 0xd0, 0xd, 0xa4, 0xb0, 0x14, 0x66, 0xb0,
    0x8, 0x50, 0x14, 0x1, 0x60, 0x82, 0x0, 0x66,
    0xf, 0x82, 0x40, 0x58, 0x81, 0xc8, 0x51, 0x12,
    0xc2, 0x50, 0xb, 0x42, 0x50, 0x7c, 0x1d, 0x80,
    0x12, 0x2e, 0xc1, 0x4, 0xb0, 0x1, 0x5d, 0x40,
    0x2, 0x6a, 0x80, 0x18,

    /* U+00BC "¼" */
    0x0, 0x9f, 0xfc, 0x40, 0x1f, 0x5f, 0xa0, 0x6,
    0x2c, 0x81, 0x0, 0xfc, 0xa8, 0xc8, 0x1, 0xbc,
    0xad, 0x0, 0x3e, 0x1b, 0x18, 0x0, 0xef, 0xf2,
    0x0, 0x7e, 0x81, 0xb1, 0x0, 0xe2, 0x10, 0x10,
    0xf, 0x1b, 0x22, 0x80, 0x7f, 0xf1, 0x38, 0x24,
    0x3, 0xff, 0x88, 0xe5, 0x4, 0x1, 0xff, 0xc3,
    0x28, 0x27, 0x0, 0x5f, 0xc0, 0x7, 0xfd, 0x21,
    0xc0, 0x6, 0x40, 0xf, 0xfe, 0x3, 0x23, 0x18,
    0x14, 0x90, 0x7, 0xe1, 0x0, 0xc, 0xc, 0x80,
    0x3c, 0xac, 0x3, 0xf5, 0x79, 0x58, 0xd8, 0x2,
    0xb, 0xc0, 0x3f, 0xe4, 0x54, 0x50, 0x47, 0x92,
    0x0, 0xff, 0xa4, 0x28, 0x6, 0x91, 0x80, 0x3f,
    0xe8, 0x29, 0x10, 0x61, 0x4f, 0xf4, 0x83, 0xf9,
    0x0, 0x62, 0x73, 0x60, 0x1, 0xbb, 0xe4, 0x3,
    0x73, 0x0, 0xdc, 0x1c, 0x1, 0x24, 0x46, 0xd0,
    0x48, 0x10, 0x9, 0x8d, 0xc8, 0x3, 0xff, 0x82,

    /* U+00BD "½" */
    0x0, 0xd, 0xfe, 0x80, 0x7c, 0xfe, 0xe0, 0x19,
    0x7d, 0x40, 0x3f, 0x14, 0x13, 0x80, 0x45, 0x45,
    0x80, 0x1f, 0xa4, 0x38, 0x3, 0x16, 0x60, 0x80,
    0x3e, 0x64, 0x63, 0x0, 0xe3, 0x0, 0xfc, 0x30,
    0x32, 0x1, 0xff, 0xc3, 0xb1, 0xb0, 0xf, 0xfe,
    0x1a, 0x2a, 0x28, 0x9, 0x0, 0x7f, 0xf0, 0x24,
    0x29, 0x73, 0xb7, 0xe8, 0x3, 0xfa, 0xa, 0x42,
    0x86, 0x29, 0x16, 0x40, 0x3e, 0x27, 0x36, 0x1b,
    0xd7, 0x5b, 0x7, 0x0, 0xfb, 0x83, 0xc0, 0x8,
    0x1, 0xc6, 0x1, 0xbf, 0x58, 0xdc, 0xc0, 0x3c,
    0xc0, 0xa0, 0x1c, 0x32, 0x50, 0x1, 0xe3, 0x93,
    0x80, 0xe, 0xb0, 0x90, 0xf, 0x1e, 0x16, 0x80,
    0x72, 0x2a, 0x90, 0x3, 0x93, 0xf, 0x4, 0x3,
    0xa8, 0x2c, 0x3, 0x92, 0xcf, 0x4, 0x3, 0xa4,
    0x64, 0x40, 0x32, 0x58, 0x34, 0xcd, 0x0, 0x3,
    0x63, 0x60, 0xe, 0x30, 0x2, 0xb3, 0x60,

    /* U+00BE "¾" */
    0x0, 0xff, 0xe4, 0x8b, 0xef, 0xfb, 0xa4, 0x40,
    0x3e, 0x9f, 0x60, 0x8, 0xe9, 0x6f, 0x19, 0x94,
    0x1, 0xe3, 0x64, 0x60, 0x8, 0xb6, 0x10, 0xe0,
    0x14, 0x3, 0xdc, 0x12, 0x1, 0xe1, 0x11, 0xc8,
    0x30, 0x7, 0x39, 0x41, 0x0, 0x7b, 0xfb, 0x19,
    0x90, 0x1, 0x8a, 0x9, 0xc0, 0x3e, 0xab, 0x94,
    0x69, 0x0, 0xd2, 0x1c, 0x1, 0xf9, 0x10, 0xd6,
    0x6c, 0x40, 0x5, 0x46, 0x30, 0xf, 0xfe, 0x2,
    0x83, 0x0, 0xd8, 0xc0, 0x3, 0x3d, 0xc0, 0x3f,
    0x28, 0x30, 0x40, 0xd8, 0x84, 0x18, 0x6, 0x9a,
    0x52, 0x39, 0x33, 0x11, 0xb2, 0x28, 0x1b, 0x88,
    0x6, 0xe5, 0xad, 0xc6, 0x4d, 0xe, 0x9, 0x0,
    0x71, 0x48, 0x6, 0x7f, 0xcb, 0xb7, 0x58, 0xb9,
    0x41, 0x4, 0x97, 0x0, 0x7c, 0x68, 0x81, 0x2,
    0x82, 0x70, 0x56, 0x93, 0x0, 0xff, 0xe0, 0x48,
    0x70, 0xd, 0xab, 0x0, 0x7f, 0xf0, 0x19, 0x18,
    0xc2, 0x45, 0x7f, 0xd0, 0x11, 0xe2, 0x1, 0xc3,
    0x3, 0x20, 0xc, 0x77, 0xc6, 0x6, 0xe2, 0x1,
    0xd6, 0x36, 0x1, 0x24, 0x46, 0xb0, 0xb8, 0x0,
    0xe4, 0x54, 0x50, 0xf, 0xfe, 0x8,

    /* U+00BF "¿" */
    0x0, 0xe8, 0xfb, 0x0, 0xfc, 0xe0, 0x84, 0x1,
    0xf0, 0x80, 0xc, 0x3, 0xec, 0x8c, 0x10, 0xf,
    0x89, 0xcc, 0x3, 0xf0, 0xba, 0x0, 0x7e, 0x58,
    0xd0, 0xf, 0xd8, 0x1c, 0x1, 0xf1, 0xb8, 0x28,
    0x7, 0x93, 0x1, 0xc8, 0x3, 0x9a, 0xc2, 0x20,
    0x1, 0xcb, 0x21, 0x2e, 0x1, 0xeb, 0x8, 0x60,
    0xf, 0x20, 0x89, 0xc0, 0x3e, 0x10, 0x30, 0xf,
    0xc2, 0x4, 0x20, 0x1f, 0x20, 0x86, 0x98, 0x0,
    0x9b, 0x54, 0x28, 0xf, 0x3f, 0xdb, 0x25, 0xc0,
    0x9a, 0xc4, 0x0, 0x25, 0xab,

    /* U+00C0 "À" */
    0x0, 0xed, 0xfd, 0x0, 0xff, 0xe1, 0x78, 0x94,
    0x0, 0x7f, 0xf0, 0x4b, 0x45, 0xcc, 0x3, 0xff,
    0x82, 0x78, 0x5a, 0x1, 0xff, 0xc2, 0x2d, 0xe0,
    0xf, 0xfe, 0x9f, 0x7c, 0x0, 0x7f, 0xf0, 0x54,
    0x41, 0x80, 0x3f, 0xf8, 0x32, 0x4, 0x2a, 0x1,
    0xff, 0x11, 0x8c, 0x4, 0x80, 0x7f, 0xd6, 0xe,
    0xa2, 0x64, 0x1, 0xfe, 0x70, 0xb0, 0x70, 0xb0,
    0xf, 0xe5, 0x13, 0x20, 0xb0, 0x60, 0xf, 0xe9,
    0xa, 0x0, 0x11, 0x83, 0x0, 0x7c, 0x46, 0x2c,
    0x1, 0x48, 0x50, 0x7, 0xd6, 0xe, 0x1, 0x94,
    0x4c, 0x80, 0x3c, 0xc0, 0xdf, 0xfc, 0x21, 0x60,
    0x1c, 0xc0, 0x1f, 0xe6, 0x0, 0xea, 0x8, 0xee,
    0xf8, 0x41, 0x80, 0x23, 0x30, 0x30, 0x8f, 0xcc,
    0x14, 0x1, 0x50, 0x28, 0x80, 0x7d, 0x40, 0x66,
    0x0, 0x30, 0x70, 0x7, 0xe2, 0x30, 0xa0, 0x60,
    0x14, 0x0, 0xfe, 0xa0, 0x60, 0xa0, 0x60, 0xf,
    0xf3, 0x0, 0x18,

    /* U+00C1 "Á" */
    0x0, 0xfe, 0xef, 0xd0, 0xf, 0xfe, 0xc, 0x8,
    0xbc, 0x3, 0xff, 0x80, 0x6e, 0x38, 0x40, 0x1f,
    0xfc, 0xd, 0x2c, 0x20, 0xf, 0xfe, 0xf, 0x69,
    0x0, 0x7f, 0xf4, 0xfb, 0xe0, 0x3, 0xff, 0x82,
    0xa2, 0xc, 0x1, 0xff, 0xc1, 0x90, 0x21, 0x50,
    0xf, 0xf8, 0x8c, 0x60, 0x24, 0x3, 0xfe, 0xb0,
    0x75, 0x13, 0x20, 0xf, 0xf3, 0x85, 0x83, 0x85,
    0x80, 0x7f, 0x28, 0x99, 0x5, 0x83, 0x0, 0x7f,
    0x48, 0x50, 0x0, 0x8c, 0x18, 0x3, 0xe2, 0x31,
    0x60, 0xa, 0x42, 0x80, 0x3e, 0xb0, 0x70, 0xc,
    0xa2, 0x64, 0x1, 0xe6, 0x6, 0xff, 0xe1, 0xb,
    0x0, 0xe6, 0x0, 0xff, 0x30, 0x7, 0x50, 0x47,
    0x77, 0xc2, 0xc, 0x1, 0x19, 0x81, 0x84, 0x7e,
    0x60, 0xa0, 0xa, 0x81, 0x44, 0x3, 0xea, 0x3,
    0x30, 0x1, 0x83, 0x80, 0x3f, 0x11, 0x85, 0x3,
    0x0, 0xa0, 0x7, 0xf5, 0x3, 0x5, 0x3, 0x0,
    0x7f, 0x98, 0x0, 0xc0,

    /* U+00C2 "Â" */
    0x0, 0xf2, 0x7f, 0xac, 0x3, 0xff, 0x80, 0x54,
    0x2, 0x90, 0x1, 0xfe, 0x1f, 0x19, 0xf2, 0x77,
    0x0, 0x7f, 0x61, 0xdb, 0xe, 0xac, 0x30, 0x7,
    0xed, 0xe4, 0x0, 0xab, 0xd8, 0x3, 0xff, 0xa1,
    0xdf, 0x0, 0x1f, 0xfc, 0x15, 0x10, 0x60, 0xf,
    0xfe, 0xc, 0x81, 0xa, 0x80, 0x7f, 0xc4, 0x63,
    0x1, 0x20, 0x1f, 0xf5, 0x83, 0xa8, 0x99, 0x0,
    0x7f, 0x9c, 0x2c, 0x1c, 0x2c, 0x3, 0xf9, 0x44,
    0xc8, 0x2c, 0x18, 0x3, 0xfa, 0x42, 0x80, 0x4,
    0x60, 0xc0, 0x1f, 0x11, 0x8b, 0x0, 0x52, 0x14,
    0x1, 0xf5, 0x83, 0x80, 0x65, 0x13, 0x20, 0xf,
    0x30, 0x37, 0xff, 0x8, 0x58, 0x7, 0x30, 0x7,
    0xf9, 0x80, 0x3a, 0x82, 0x3b, 0xbe, 0x10, 0x60,
    0x8, 0xcc, 0xc, 0x23, 0xf3, 0x5, 0x0, 0x54,
    0xa, 0x20, 0x1f, 0x50, 0x19, 0x80, 0xc, 0x1c,
    0x1, 0xf8, 0x8c, 0x28, 0x18, 0x5, 0x0, 0x3f,
    0xa8, 0x18, 0x28, 0x18, 0x3, 0xfc, 0xc0, 0x6,

    /* U+00C3 "Ã" */
    0x0, 0xcb, 0xbf, 0xae, 0x41, 0x3c, 0x1, 0xf1,
    0x51, 0x91, 0x23, 0x7d, 0x98, 0x1, 0xf3, 0x9f,
    0xef, 0x4a, 0x1c, 0x40, 0x3, 0xe5, 0xc1, 0x1,
    0x6b, 0xc7, 0x0, 0xff, 0xe8, 0xf7, 0xc0, 0x7,
    0xff, 0x5, 0x44, 0x18, 0x3, 0xff, 0x83, 0x20,
    0x42, 0xa0, 0x1f, 0xf1, 0x18, 0xc0, 0x48, 0x7,
    0xfd, 0x60, 0xea, 0x26, 0x40, 0x1f, 0xe7, 0xb,
    0x7, 0xb, 0x0, 0xfe, 0x51, 0x32, 0xb, 0x6,
    0x0, 0xfe, 0x90, 0xa0, 0x1, 0x18, 0x30, 0x7,
    0xc4, 0x62, 0xc0, 0x14, 0x85, 0x0, 0x7d, 0x60,
    0xe0, 0x19, 0x44, 0xc8, 0x3, 0xcc, 0xd, 0xff,
    0xc2, 0x16, 0x1, 0xcc, 0x1, 0xfe, 0x60, 0xe,
    0xa0, 0x8e, 0xef, 0x84, 0x18, 0x2, 0x33, 0x3,
    0x8, 0xfc, 0xc1, 0x40, 0x15, 0x2, 0x88, 0x7,
    0xd4, 0x6, 0x60, 0x3, 0x7, 0x0, 0x7e, 0x23,
    0xa, 0x6, 0x1, 0x40, 0xf, 0xea, 0x6, 0xa,
    0x6, 0x0, 0xff, 0x30, 0x1, 0x80,

    /* U+00C4 "Ä" */
    0x0, 0xc5, 0xd8, 0x0, 0x4f, 0xa0, 0xf, 0xe7,
    0x13, 0x0, 0x10, 0x20, 0x7, 0xf2, 0xc5, 0x80,
    0x1a, 0x34, 0x3, 0xfc, 0xe8, 0x1, 0x39, 0x80,
    0x7f, 0xf4, 0x7b, 0xe0, 0x3, 0xff, 0x82, 0xa2,
    0xc, 0x1, 0xff, 0xc1, 0x90, 0x21, 0x50, 0xf,
    0xf8, 0x8c, 0x60, 0x24, 0x3, 0xfe, 0xb0, 0x75,
    0x13, 0x20, 0xf, 0xf3, 0x85, 0x83, 0x85, 0x80,
    0x7f, 0x28, 0x99, 0x5, 0x83, 0x0, 0x7f, 0x48,
    0x50, 0x0, 0x8c, 0x18, 0x3, 0xe2, 0x31, 0x60,
    0xa, 0x42, 0x80, 0x3e, 0xb0, 0x70, 0xc, 0xa2,
    0x64, 0x1, 0xe6, 0x6, 0xff, 0xe1, 0xb, 0x0,
    0xe6, 0x0, 0xff, 0x30, 0x7, 0x50, 0x47, 0x77,
    0xc2, 0xc, 0x1, 0x19, 0x81, 0x84, 0x7e, 0x60,
    0xa0, 0xa, 0x81, 0x44, 0x3, 0xea, 0x3, 0x30,
    0x1, 0x83, 0x80, 0x3f, 0x11, 0x85, 0x3, 0x0,
    0xa0, 0x7, 0xf5, 0x3, 0x5, 0x3, 0x0, 0x7f,
    0x98, 0x0, 0xc0,

    /* U+00C5 "Å" */
    0x0, 0xff, 0xe5, 0xc7, 0xfb, 0x8, 0x3, 0xfe,
    0x67, 0x9b, 0xc, 0x0, 0xff, 0xbc, 0xd9, 0x24,
    0x44, 0x1, 0xfe, 0xe3, 0x20, 0xf0, 0x10, 0xf,
    0xf3, 0x9e, 0xfa, 0xd0, 0x7, 0xff, 0x2, 0x40,
    0x2, 0xa0, 0x1f, 0xfc, 0x9, 0x2, 0x15, 0x0,
    0xff, 0x88, 0xc6, 0x2, 0x40, 0x3f, 0xeb, 0x7,
    0x50, 0x32, 0x0, 0xff, 0x38, 0x50, 0x30, 0x58,
    0x7, 0xf2, 0x89, 0x98, 0x2c, 0x18, 0x3, 0xfa,
    0x42, 0x80, 0x4, 0x60, 0xc0, 0x1f, 0x11, 0x83,
    0x0, 0x54, 0x14, 0x1, 0xf5, 0x83, 0x0, 0x66,
    0x13, 0x20, 0xf, 0x30, 0x37, 0xff, 0x8, 0x58,
    0x7, 0x30, 0x7, 0xf9, 0x80, 0x3a, 0x82, 0x3b,
    0xbe, 0x10, 0x60, 0x8, 0xcc, 0xc, 0x23, 0xf3,
    0x5, 0x0, 0x54, 0xa, 0x20, 0x1f, 0x50, 0x19,
    0x80, 0xc, 0x1c, 0x1, 0xf8, 0x8c, 0x28, 0x18,
    0x5, 0x0, 0x3f, 0xa8, 0x18, 0x28, 0x18, 0x3,
    0xfc, 0xc0, 0x6,

    /* U+00C6 "Æ" */
    0x0, 0xfe, 0x7f, 0xff, 0xfe, 0x2, 0x80, 0x7f,
    0x48, 0x7, 0xff, 0x25, 0xc4, 0x5f, 0x40, 0xf,
    0xff, 0x94, 0x3, 0xf4, 0x84, 0x0, 0x7f, 0xf1,
    0xd8, 0x49, 0x80, 0x3f, 0xf8, 0xf0, 0x16, 0x1,
    0xff, 0xc7, 0x61, 0x26, 0x0, 0xff, 0xe3, 0xd8,
    0x40, 0x7, 0xbf, 0xfd, 0xa0, 0x1e, 0x62, 0x22,
    0x80, 0x7f, 0xf1, 0xec, 0x20, 0x3, 0xef, 0xff,
    0x68, 0x7, 0x29, 0x5, 0x7f, 0xea, 0x0, 0xff,
    0xe1, 0x40, 0x7, 0xff, 0x25, 0x48, 0x7b, 0xbd,
    0x40, 0x1f, 0xfc, 0x18, 0x6, 0x11, 0xf0, 0x7,
    0xff, 0x5, 0x48, 0x24, 0x3, 0xff, 0x8f, 0x20,
    0xc2, 0x1, 0xff, 0xc6, 0x43, 0x8, 0x0, 0xff,
    0x7f, 0xfc, 0xa1, 0x0, 0xa2, 0x1, 0xff, 0xc6,

    /* U+00C7 "Ç" */
    0x0, 0xe4, 0x9d, 0xff, 0xb6, 0x94, 0x3, 0x16,
    0x5b, 0x10, 0x4, 0x4b, 0x4c, 0x0, 0x2c, 0x30,
    0x5b, 0xef, 0xeb, 0x73, 0x60, 0x7, 0x88, 0x5d,
    0x20, 0x80, 0xa4, 0x60, 0x1, 0xc8, 0x2d, 0x0,
    0x3f, 0xd4, 0x8, 0x80, 0xf, 0xf1, 0x10, 0x34,
    0x3, 0xfe, 0x70, 0x2, 0x0, 0x7f, 0xc6, 0x0,
    0x30, 0xf, 0xfe, 0x71, 0x80, 0xc, 0x3, 0xfe,
    0x70, 0x3, 0x80, 0x7f, 0xc4, 0x21, 0xc0, 0x1f,
    0xfc, 0x7, 0x4, 0x30, 0xf, 0xfa, 0x0, 0x1a,
    0x60, 0x1f, 0xe1, 0xa0, 0x1c, 0x93, 0x10, 0x12,
    0x58, 0x0, 0x96, 0xc4, 0x1b, 0x3b, 0xfb, 0x69,
    0x80, 0x32, 0x74, 0xa0, 0x80, 0x44, 0xb6, 0x1,
    0xe6, 0xbc, 0xa, 0xfd, 0xa5, 0x0, 0xfd, 0x1,
    0xc6, 0x1, 0xff, 0x55, 0x17, 0x8, 0x3, 0xfe,
    0x57, 0x6, 0x0, 0xfe, 0x66, 0x43, 0xa, 0x80,
    0x7f, 0x54, 0xb2, 0x68, 0x80, 0x40,

    /* U+00C8 "È" */
    0x0, 0x27, 0xfa, 0x0, 0x3e, 0x49, 0x7, 0x30,
    0xf, 0x9a, 0x3, 0x80, 0x3f, 0x3c, 0x94, 0x80,
    0x7e, 0x6f, 0x90, 0xf, 0xfe, 0x13, 0xff, 0xff,
    0x70, 0x7, 0xff, 0x4, 0xbf, 0xfe, 0xe0, 0xf,
    0xff, 0x11, 0x7f, 0xfc, 0xc0, 0x1f, 0xfc, 0x12,
    0xff, 0xf9, 0x80, 0x3f, 0xff, 0x5, 0xff, 0xf7,
    0x0, 0x7f, 0xc0,

    /* U+00C9 "É" */
    0x0, 0xf2, 0x7f, 0xa4, 0x3, 0xe9, 0x4, 0x90,
    0xf, 0x41, 0x25, 0x80, 0x79, 0x1d, 0x6c, 0x3,
    0xe4, 0xfa, 0x0, 0xff, 0xe1, 0xbf, 0xff, 0xf7,
    0x0, 0x7f, 0xf0, 0x4b, 0xff, 0xee, 0x0, 0xff,
    0xf1, 0x17, 0xff, 0xcc, 0x1, 0xff, 0xc1, 0x2f,
    0xff, 0x98, 0x3, 0xff, 0xf0, 0x5f, 0xff, 0x70,
    0x7, 0xfc,

    /* U+00CA "Ê" */
    0x0, 0xd3, 0xfe, 0x60, 0xf, 0x33, 0x0, 0x12,
    0x80, 0x19, 0x64, 0x76, 0x82, 0xc8, 0x0, 0x74,
    0x9e, 0x4b, 0x85, 0x84, 0x7, 0xf6, 0x20, 0x3,
    0xde, 0x20, 0xf, 0xf9, 0xff, 0xff, 0xb8, 0x3,
    0xff, 0x82, 0x5f, 0xff, 0x70, 0x7, 0xff, 0x88,
    0xbf, 0xfe, 0x60, 0xf, 0xfe, 0x9, 0x7f, 0xfc,
    0xc0, 0x1f, 0xff, 0x82, 0xff, 0xfb, 0x80, 0x3f,
    0xe0,

    /* U+00CB "Ë" */
    0x0, 0x3f, 0xb8, 0x2, 0x7d, 0x40, 0x2d, 0xd,
    0x0, 0x28, 0x68, 0x5, 0x11, 0x0, 0x3d, 0xe4,
    0x2, 0x27, 0x20, 0x1, 0xc0, 0x80, 0x7f, 0xf0,
    0x1f, 0xff, 0xfb, 0x80, 0x3f, 0xf8, 0x25, 0xff,
    0xf7, 0x0, 0x7f, 0xf8, 0x8b, 0xff, 0xe6, 0x0,
    0xff, 0xe0, 0x97, 0xff, 0xcc, 0x1, 0xff, 0xf8,
    0x2f, 0xff, 0xb8, 0x3, 0xfe,

    /* U+00CC "Ì" */
    0xbf, 0xf0, 0x80, 0x54, 0x41, 0x60, 0x10, 0xe1,
    0x2a, 0x80, 0x21, 0xc3, 0xa1, 0x0, 0x87, 0x3c,
    0x40, 0x3f, 0x7f, 0xfb, 0x25, 0x40, 0x2, 0xd0,
    0xd4, 0x60, 0xf2, 0x80, 0x1f, 0xff, 0xf0, 0xf,
    0xfe, 0x23, 0x51, 0x83, 0xca, 0x4a, 0x80, 0x5,
    0xa0,

    /* U+00CD "Í" */
    0x0, 0xd9, 0xfe, 0x10, 0x9, 0x8c, 0x2c, 0x40,
    0x3, 0x21, 0x68, 0x1, 0x68, 0xe2, 0x0, 0x6c,
    0xe3, 0x0, 0xff, 0xbf, 0xfd, 0x81, 0x2a, 0x0,
    0x16, 0x80, 0x6a, 0x30, 0x79, 0x40, 0xf, 0xff,
    0xf8, 0x7, 0xff, 0x49, 0xa8, 0xc1, 0xe5, 0x2,
    0x54, 0x0, 0x2d, 0x0,

    /* U+00CE "Î" */
    0x0, 0x17, 0xfb, 0x40, 0x30, 0xf8, 0x0, 0xac,
    0x2, 0xd2, 0x7e, 0x34, 0x90, 0xb3, 0xa8, 0x1c,
    0x76, 0x8b, 0xf5, 0x0, 0xa3, 0xe0, 0x3, 0xfd,
    0xff, 0xec, 0x0, 0x4a, 0x80, 0x5, 0xa0, 0x0,
    0xd4, 0x60, 0xf2, 0x80, 0x1f, 0xff, 0xf0, 0xf,
    0xff, 0x3, 0x51, 0x83, 0xca, 0x0, 0x25, 0x40,
    0x2, 0xd0, 0x0,

    /* U+00CF "Ï" */
    0x1d, 0xd0, 0x81, 0x76, 0x1, 0x91, 0xc, 0x18,
    0x4c, 0xa, 0x64, 0x40, 0x91, 0x40, 0x6, 0x60,
    0x4, 0xea, 0x1, 0xff, 0x7f, 0xfb, 0x0, 0x12,
    0xa0, 0x1, 0x68, 0x0, 0x35, 0x18, 0x3c, 0xa0,
    0x7, 0xff, 0xfc, 0x3, 0xff, 0xc0, 0xd4, 0x60,
    0xf2, 0x80, 0x9, 0x50, 0x0, 0xb4, 0x0,

    /* U+00D0 "Ð" */
    0x0, 0x27, 0xff, 0xbb, 0x24, 0xc0, 0x3f, 0xf8,
    0x42, 0x6d, 0x96, 0x40, 0x1f, 0xbf, 0xf7, 0x5a,
    0x82, 0x61, 0x80, 0x7f, 0xc2, 0x95, 0x82, 0x2d,
    0x0, 0xff, 0xe1, 0x1e, 0x80, 0xc0, 0x7, 0xff,
    0x8, 0xd4, 0x18, 0x3, 0xff, 0x87, 0xe0, 0x24,
    0x1, 0xff, 0xc2, 0x70, 0x3, 0x9f, 0xd8, 0x3,
    0xff, 0x50, 0x6, 0x30, 0x1, 0x80, 0x7f, 0xf1,
    0x4c, 0xdf, 0x60, 0xf, 0xfd, 0x40, 0x18, 0x80,
    0x2, 0x1, 0xff, 0xc2, 0x50, 0x2, 0x80, 0x7f,
    0xf0, 0xa8, 0x8, 0x40, 0x3f, 0xf8, 0x2a, 0x61,
    0x60, 0x1f, 0xfc, 0x15, 0xa0, 0x26, 0x0, 0xff,
    0x12, 0xdd, 0x1, 0x60, 0x7, 0xdf, 0xfb, 0x69,
    0x1, 0x70, 0x40, 0x3f, 0xe1, 0x48, 0xda, 0x10,
    0x8,

    /* U+00D1 "Ñ" */
    0x0, 0xd3, 0xfe, 0xb5, 0x1, 0xe8, 0x0, 0xf4,
    0x31, 0xa, 0x57, 0xf0, 0xd0, 0x7, 0x89, 0xf7,
    0xb1, 0xcd, 0x2c, 0x80, 0x3d, 0x50, 0x0, 0x38,
    0xcb, 0x40, 0xf, 0xfe, 0x43, 0xff, 0xa0, 0x3,
    0xfb, 0xfc, 0x60, 0x13, 0x98, 0x7, 0xff, 0xf,
    0x80, 0x3f, 0xf8, 0x2a, 0x5, 0x0, 0x1f, 0xfc,
    0x3, 0x80, 0x72, 0x0, 0xff, 0xe0, 0x39, 0x87,
    0x0, 0x7f, 0xc6, 0x1c, 0x6, 0xe0, 0x1f, 0xfc,
    0x2, 0x80, 0x82, 0x0, 0xfe, 0x10, 0x3, 0x98,
    0x70, 0x7, 0xff, 0x7, 0x80, 0xd8, 0x3, 0xff,
    0x80, 0x50, 0x12, 0x40, 0x1f, 0xfc, 0x7, 0x30,
    0x90, 0x0, 0x80, 0x7f, 0xb8, 0x11, 0x80, 0x3f,
    0xf8, 0x5, 0x1, 0x22, 0x60, 0x1f, 0xf3, 0x98,
    0x50, 0x80, 0x7f, 0xf0, 0x38, 0x10, 0xc0, 0x3f,
    0xf8, 0x5, 0x0, 0x1f, 0xfc, 0x37, 0x30, 0x8,

    /* U+00D2 "Ò" */
    0x0, 0xe1, 0x88, 0x28, 0x7, 0xff, 0x8, 0x49,
    0xe8, 0x80, 0x3f, 0xf8, 0x54, 0x81, 0x20, 0x1f,
    0xfc, 0x3b, 0x54, 0x70, 0xf, 0xfe, 0x1d, 0x48,
    0x7, 0xff, 0x15, 0x9c, 0x3, 0xff, 0xa4, 0xd7,
    0xdf, 0xee, 0xc8, 0x10, 0xf, 0x93, 0xa5, 0x4,
    0x0, 0x26, 0xfc, 0xe0, 0x1c, 0xb6, 0x22, 0x8c,
    0xff, 0x75, 0x18, 0x44, 0x0, 0x21, 0xa0, 0x2f,
    0x73, 0x0, 0xa, 0xe3, 0x83, 0xa0, 0x2, 0x0,
    0x1e, 0x20, 0x1f, 0x41, 0x84, 0x80, 0x1c, 0x14,
    0x80, 0x3f, 0xa4, 0x8, 0xc8, 0x43, 0xc0, 0x3f,
    0xca, 0x0, 0x47, 0x0, 0x38, 0x7, 0xfc, 0x41,
    0xa6, 0x0, 0x30, 0xf, 0xf8, 0x40, 0x40, 0x3f,
    0xf8, 0xc6, 0x0, 0x30, 0xf, 0xf8, 0x40, 0x5c,
    0x0, 0xe0, 0x1f, 0xf1, 0x6, 0x90, 0x87, 0x80,
    0x7f, 0x94, 0x0, 0x80, 0xe0, 0xa4, 0x1, 0xfd,
    0x20, 0x46, 0x10, 0x0, 0xf1, 0x0, 0xfa, 0x4c,
    0x24, 0x0, 0x34, 0x5, 0xee, 0x40, 0x1, 0x5c,
    0x60, 0x74, 0x0, 0x96, 0xc4, 0x51, 0xbf, 0xee,
    0xa3, 0x8, 0x80, 0x7, 0x27, 0x4a, 0x8, 0x0,
    0x4e, 0x39, 0xc0, 0x20,

    /* U+00D3 "Ó" */
    0x0, 0xff, 0x3c, 0x38, 0x7, 0xff, 0x9, 0x61,
    0xc4, 0x3, 0xff, 0x82, 0x36, 0x10, 0xc0, 0x1f,
    0xfc, 0x1b, 0x18, 0x70, 0xf, 0xfe, 0x8, 0x95,
    0xb8, 0x7, 0xff, 0x8, 0x61, 0x0, 0x3f, 0xfa,
    0x6d, 0x7d, 0xfe, 0xec, 0x81, 0x0, 0xf9, 0x3a,
    0x50, 0x40, 0x2, 0x6f, 0xce, 0x1, 0xcb, 0x62,
    0x28, 0xcf, 0xf7, 0x51, 0x84, 0x40, 0x2, 0x1a,
    0x2, 0xf7, 0x30, 0x0, 0xae, 0x38, 0x3a, 0x0,
    0x20, 0x1, 0xe2, 0x1, 0xf4, 0x18, 0x48, 0x1,
    0xc1, 0x48, 0x3, 0xfa, 0x40, 0x8c, 0x84, 0x3c,
    0x3, 0xfc, 0xa0, 0x4, 0x70, 0x3, 0x80, 0x7f,
    0xc4, 0x1a, 0x60, 0x3, 0x0, 0xff, 0x84, 0x4,
    0x3, 0xff, 0x8c, 0x60, 0x3, 0x0, 0xff, 0x84,
    0x5, 0xc0, 0xe, 0x1, 0xff, 0x10, 0x69, 0x8,
    0x78, 0x7, 0xf9, 0x40, 0x8, 0xe, 0xa, 0x40,
    0x1f, 0xd2, 0x4, 0x61, 0x0, 0xf, 0x10, 0xf,
    0xa4, 0xc2, 0x40, 0x3, 0x40, 0x5e, 0xe4, 0x0,
    0x15, 0xc6, 0x7, 0x40, 0x9, 0x6c, 0x45, 0x1b,
    0xfe, 0xea, 0x30, 0x88, 0x0, 0x72, 0x74, 0xa0,
    0x80, 0x4, 0xe3, 0x9c, 0x2,

    /* U+00D4 "Ô" */
    0x0, 0xf8, 0x62, 0x6, 0x1, 0xff, 0xc2, 0xa7,
    0x76, 0x88, 0x7, 0xff, 0x2, 0x50, 0xd4, 0x70,
    0x40, 0x3f, 0xd0, 0xcb, 0x95, 0x5, 0xa0, 0x1f,
    0xc2, 0x15, 0x40, 0x3, 0xe2, 0x20, 0x3, 0xf0,
    0xc2, 0x80, 0x63, 0x84, 0x0, 0xff, 0xe7, 0xb5,
    0xf7, 0xfb, 0xb2, 0x4, 0x3, 0xe4, 0xe9, 0x41,
    0x0, 0x9, 0xbf, 0x38, 0x7, 0x2d, 0x88, 0xa3,
    0x3f, 0xdd, 0x46, 0x11, 0x0, 0x8, 0x68, 0xb,
    0xdc, 0xc0, 0x2, 0xb8, 0xe0, 0xe8, 0x0, 0x80,
    0x7, 0x88, 0x7, 0xd0, 0x61, 0x20, 0x7, 0x5,
    0x20, 0xf, 0xe9, 0x2, 0x32, 0x10, 0xf0, 0xf,
    0xf2, 0x80, 0x11, 0xc0, 0xe, 0x1, 0xff, 0x10,
    0x69, 0x80, 0xc, 0x3, 0xfe, 0x10, 0x10, 0xf,
    0xfe, 0x31, 0x80, 0xc, 0x3, 0xfe, 0x10, 0x17,
    0x0, 0x38, 0x7, 0xfc, 0x41, 0xa4, 0x21, 0xe0,
    0x1f, 0xe5, 0x0, 0x20, 0x38, 0x29, 0x0, 0x7f,
    0x48, 0x11, 0x84, 0x0, 0x3c, 0x40, 0x3e, 0x93,
    0x9, 0x0, 0xd, 0x1, 0x7b, 0x90, 0x0, 0x57,
    0x18, 0x1d, 0x0, 0x25, 0xb1, 0x14, 0x6f, 0xfb,
    0xa8, 0xc2, 0x20, 0x1, 0xc9, 0xd2, 0x82, 0x0,
    0x13, 0x8e, 0x70, 0x8,

    /* U+00D5 "Õ" */
    0x0, 0xe2, 0xac, 0x70, 0x9, 0x6c, 0x3, 0xfb,
    0xd4, 0xe3, 0xc, 0x60, 0x3, 0xf9, 0x4a, 0xf9,
    0xcf, 0x38, 0xbc, 0x3, 0xf1, 0xaa, 0xc, 0x62,
    0xa5, 0x20, 0x7, 0xe6, 0xa0, 0x8, 0xea, 0xd4,
    0x3, 0xff, 0xa0, 0xd7, 0xdf, 0xee, 0xc8, 0x10,
    0xf, 0x93, 0xa5, 0x4, 0x0, 0x26, 0xfc, 0xe0,
    0x1c, 0xb6, 0x22, 0x8c, 0xff, 0x75, 0x18, 0x44,
    0x0, 0x21, 0xa0, 0x2f, 0x73, 0x0, 0xa, 0xe3,
    0x83, 0xa0, 0x2, 0x0, 0x1e, 0x20, 0x1f, 0x41,
    0x84, 0x80, 0x1c, 0x14, 0x80, 0x3f, 0xa4, 0x8,
    0xc8, 0x43, 0xc0, 0x3f, 0xca, 0x0, 0x47, 0x0,
    0x38, 0x7, 0xfc, 0x41, 0xa6, 0x0, 0x30, 0xf,
    0xf8, 0x40, 0x40, 0x3f, 0xf8, 0xc6, 0x0, 0x30,
    0xf, 0xf8, 0x40, 0x5c, 0x0, 0xe0, 0x1f, 0xf1,
    0x6, 0x90, 0x87, 0x80, 0x7f, 0x94, 0x0, 0x80,
    0xe0, 0xa4, 0x1, 0xfd, 0x20, 0x46, 0x10, 0x0,
    0xf1, 0x0, 0xfa, 0x4c, 0x24, 0x0, 0x34, 0x5,
    0xee, 0x40, 0x1, 0x5c, 0x60, 0x74, 0x0, 0x96,
    0xc4, 0x51, 0xbf, 0xee, 0xa3, 0x8, 0x80, 0x7,
    0x27, 0x4a, 0x8, 0x0, 0x4e, 0x39, 0xc0, 0x20,

    /* U+00D6 "Ö" */
    0x0, 0xf3, 0xa0, 0x0, 0x60, 0xc0, 0x3f, 0xcd,
    0x14, 0x0, 0x97, 0xf0, 0xf, 0xf2, 0x82, 0x0,
    0x34, 0x10, 0x3, 0xfc, 0x7f, 0x40, 0x5, 0xf8,
    0x0, 0xff, 0xf1, 0x35, 0xf7, 0xfb, 0xb2, 0x4,
    0x3, 0xe4, 0xe9, 0x41, 0x0, 0x9, 0xbf, 0x38,
    0x7, 0x2d, 0x88, 0xa3, 0x3f, 0xdd, 0x46, 0x11,
    0x0, 0x8, 0x68, 0xb, 0xdc, 0xc0, 0x2, 0xb8,
    0xe0, 0xe8, 0x0, 0x80, 0x7, 0x88, 0x7, 0xd0,
    0x61, 0x20, 0x7, 0x5, 0x20, 0xf, 0xe9, 0x2,
    0x32, 0x10, 0xf0, 0xf, 0xf2, 0x80, 0x11, 0xc0,
    0xe, 0x1, 0xff, 0x10, 0x69, 0x80, 0xc, 0x3,
    0xfe, 0x10, 0x10, 0xf, 0xfe, 0x31, 0x80, 0xc,
    0x3, 0xfe, 0x10, 0x17, 0x0, 0x38, 0x7, 0xfc,
    0x41, 0xa4, 0x21, 0xe0, 0x1f, 0xe5, 0x0, 0x20,
    0x38, 0x29, 0x0, 0x7f, 0x48, 0x11, 0x84, 0x0,
    0x3c, 0x40, 0x3e, 0x93, 0x9, 0x0, 0xd, 0x1,
    0x7b, 0x90, 0x0, 0x57, 0x18, 0x1d, 0x0, 0x25,
    0xb1, 0x14, 0x6f, 0xfb, 0xa8, 0xc2, 0x20, 0x1,
    0xc9, 0xd2, 0x82, 0x0, 0x13, 0x8e, 0x70, 0x8,

    /* U+00D7 "×" */
    0x3, 0x40, 0xf, 0x94, 0x80, 0x72, 0xd0, 0x3,
    0x9a, 0xbc, 0x6, 0x2, 0xd0, 0x2, 0x69, 0x9,
    0x0, 0x3c, 0x85, 0xa0, 0x34, 0x85, 0xa0, 0x4,
    0xd2, 0x17, 0x32, 0xb, 0x40, 0xe, 0x69, 0x6,
    0xc, 0x40, 0xf, 0x84, 0x2, 0x70, 0xf, 0x9e,
    0x1, 0xc2, 0xd0, 0x3, 0x9e, 0x3, 0x22, 0x42,
    0xd4, 0x2, 0x78, 0xc, 0x30, 0x6a, 0xa, 0x50,
    0x19, 0xc, 0x30, 0x9, 0x68, 0x20, 0x7, 0x30,
    0x60, 0x1c, 0xb7, 0x80,

    /* U+00D8 "Ø" */
    0x0, 0xff, 0xe1, 0x9, 0x80, 0x7c, 0xd7, 0xdf,
    0xee, 0xb7, 0x1a, 0xc5, 0x0, 0xc9, 0xd2, 0x82,
    0x0, 0x14, 0x8e, 0x42, 0x50, 0x9, 0x6c, 0x45,
    0x19, 0xfe, 0xd9, 0x20, 0x2, 0x80, 0x43, 0x40,
    0x5e, 0xe6, 0x0, 0x26, 0x0, 0x9c, 0xc0, 0x10,
    0x0, 0xf1, 0x0, 0xea, 0x26, 0x30, 0xf0, 0x3,
    0x82, 0x90, 0x7, 0x32, 0x94, 0xc8, 0xc, 0xc4,
    0x21, 0xe0, 0x1c, 0x72, 0x1e, 0xa, 0x0, 0x47,
    0x0, 0x38, 0x6, 0x1d, 0xa, 0x20, 0x1, 0x6,
    0x98, 0x0, 0xc0, 0x35, 0xb, 0x28, 0x4, 0x20,
    0x20, 0x1f, 0x3a, 0x1c, 0x80, 0x7c, 0x60, 0x3,
    0x0, 0x1c, 0x7, 0x0, 0x70, 0x80, 0xb8, 0x1,
    0xc0, 0x74, 0x28, 0x80, 0x38, 0x83, 0x48, 0x43,
    0xc2, 0x85, 0xd4, 0x3, 0x94, 0x0, 0x80, 0xc0,
    0xb2, 0x87, 0x0, 0x1e, 0x90, 0x23, 0x9, 0x10,
    0x61, 0xd0, 0xf, 0x49, 0x84, 0x0, 0x6, 0xc0,
    0x26, 0x20, 0x0, 0xae, 0x30, 0x3a, 0x80, 0x5c,
    0x0, 0x18, 0xdf, 0xf7, 0x51, 0x84, 0x40, 0x2,
    0x34, 0x2f, 0xa4, 0x10, 0x0, 0x9c, 0x73, 0x80,
    0x63, 0xdf, 0x5, 0xbe, 0xff, 0x76, 0x38, 0x80,
    0x60,

    /* U+00D9 "Ù" */
    0x0, 0xcd, 0xe, 0x1, 0xff, 0xc0, 0x27, 0x87,
    0x0, 0xff, 0x92, 0x42, 0x8, 0x3, 0xfe, 0x6a,
    0xe, 0x0, 0xff, 0xe0, 0x2e, 0x21, 0x0, 0x7f,
    0xf0, 0xe, 0x8, 0x3, 0xff, 0x91, 0x5f, 0x60,
    0x1f, 0xd5, 0xf4, 0x1, 0xff, 0xff, 0x0, 0xff,
    0xff, 0x80, 0x7f, 0xf0, 0xcc, 0x1c, 0x3, 0xf9,
    0x80, 0xfc, 0xc, 0x40, 0x3e, 0x13, 0xc, 0x70,
    0x5, 0x80, 0x7d, 0x60, 0x5, 0x18, 0x5, 0xb4,
    0x10, 0x14, 0xb5, 0x9, 0x0, 0x3b, 0x81, 0x2f,
    0xbf, 0xad, 0x2, 0x58, 0x2, 0x8d, 0x62, 0x0,
    0x8d, 0xf5, 0x80, 0x0,

    /* U+00DA "Ú" */
    0x0, 0xfc, 0x91, 0x2, 0x0, 0xff, 0xd, 0x39,
    0x90, 0x7, 0xfa, 0xc4, 0xec, 0x3, 0xfc, 0xaa,
    0x3c, 0x0, 0xff, 0x8e, 0x30, 0x3, 0xff, 0x80,
    0xce, 0x1, 0xff, 0xca, 0xaf, 0xb0, 0xf, 0xea,
    0xfa, 0x0, 0xff, 0xff, 0x80, 0x7f, 0xff, 0xc0,
    0x3f, 0xf8, 0x66, 0xe, 0x1, 0xfc, 0xc0, 0x7e,
    0x6, 0x20, 0x1f, 0x9, 0x86, 0x38, 0x2, 0xc0,
    0x3e, 0xb0, 0x2, 0x8c, 0x2, 0xda, 0x8, 0xa,
    0x5a, 0x84, 0x80, 0x1d, 0xc0, 0x97, 0xdf, 0xd6,
    0x81, 0x2c, 0x1, 0x46, 0xb1, 0x0, 0x46, 0xfa,
    0xc0, 0x0,

    /* U+00DB "Û" */
    0x0, 0xf3, 0x43, 0x0, 0x7f, 0xcd, 0x2f, 0x2a,
    0x1, 0xfc, 0x92, 0x10, 0x14, 0x80, 0x1f, 0x1d,
    0x96, 0x3e, 0xd, 0x98, 0x7, 0x96, 0x30, 0xc0,
    0xfe, 0x14, 0x3, 0xcc, 0xe2, 0x1, 0xb, 0xb0,
    0x7, 0xff, 0x1a, 0xbe, 0xc0, 0x3f, 0xab, 0xe8,
    0x3, 0xff, 0xfe, 0x1, 0xff, 0xff, 0x0, 0xff,
    0xe1, 0x98, 0x38, 0x7, 0xf3, 0x1, 0xf8, 0x18,
    0x80, 0x7c, 0x26, 0x18, 0xe0, 0xb, 0x0, 0xfa,
    0xc0, 0xa, 0x30, 0xb, 0x68, 0x20, 0x29, 0x6a,
    0x12, 0x0, 0x77, 0x2, 0x5f, 0x7f, 0x5a, 0x4,
    0xb0, 0x5, 0x1a, 0xc4, 0x1, 0x1b, 0xeb, 0x0,
    0x0,

    /* U+00DC "Ü" */
    0x0, 0xca, 0xe0, 0x13, 0x30, 0x3, 0xe1, 0xa8,
    0x40, 0x39, 0x91, 0x0, 0x78, 0x4c, 0x54, 0x8,
    0xb0, 0x7, 0xd9, 0xc2, 0x3, 0xba, 0x0, 0xff,
    0xeb, 0x57, 0xd8, 0x7, 0xf5, 0x7d, 0x0, 0x7f,
    0xff, 0xc0, 0x3f, 0xff, 0xe0, 0x1f, 0xfc, 0x33,
    0x7, 0x0, 0xfe, 0x60, 0x3f, 0x3, 0x10, 0xf,
    0x84, 0xc3, 0x1c, 0x1, 0x60, 0x1f, 0x58, 0x1,
    0x46, 0x1, 0x6d, 0x4, 0x5, 0x2d, 0x42, 0x40,
    0xe, 0xe0, 0x4b, 0xef, 0xeb, 0x40, 0x96, 0x0,
    0xa3, 0x58, 0x80, 0x23, 0x7d, 0x60, 0x0,

    /* U+00DD "Ý" */
    0x0, 0xfd, 0xbf, 0xc2, 0x1, 0xfe, 0x72, 0xd,
    0x10, 0xf, 0xe2, 0x80, 0xc3, 0x0, 0xff, 0x78,
    0xe1, 0x80, 0x7f, 0xdb, 0xc6, 0x1, 0xff, 0xc9,
    0xbf, 0xc0, 0xf, 0xc3, 0xfe, 0x79, 0x3, 0x50,
    0xf, 0xa0, 0x9, 0xc9, 0x82, 0x0, 0x3c, 0x4c,
    0x10, 0x0, 0x80, 0x26, 0x0, 0xe9, 0x3, 0x50,
    0x0, 0xc0, 0x40, 0x6, 0x34, 0xf, 0x0, 0xce,
    0x22, 0x70, 0xb, 0xc1, 0x4c, 0x3, 0xa0, 0x20,
    0x41, 0xc, 0x2c, 0x3, 0xcc, 0x41, 0x21, 0x20,
    0xe2, 0x1, 0xf4, 0x83, 0xb8, 0x86, 0x0, 0x3f,
    0x22, 0x2, 0x2, 0x0, 0x3f, 0xd2, 0x0, 0x26,
    0x0, 0xff, 0x11, 0x1, 0x40, 0x3f, 0xff, 0xe0,
    0x1f, 0xfc, 0x90,

    /* U+00DE "Þ" */
    0x7f, 0xd0, 0xf, 0xfe, 0xd1, 0x7f, 0xed, 0xa5,
    0x0, 0xff, 0x12, 0xd6, 0x8, 0x4, 0x5f, 0xf7,
    0x62, 0x81, 0xd0, 0x7, 0xc2, 0x74, 0xe0, 0x84,
    0x1, 0xfd, 0x20, 0x7, 0x0, 0xfe, 0x10, 0x1,
    0x80, 0x7f, 0x10, 0x0, 0x80, 0x3f, 0xac, 0x0,
    0x80, 0x1e, 0x14, 0xa6, 0x8, 0x0, 0x8b, 0xfe,
    0xeb, 0x50, 0x77, 0x0, 0x7c, 0x26, 0xfb, 0x0,
    0x18, 0xbf, 0xee, 0xc8, 0x20, 0xf, 0xfe, 0xf0,

    /* U+00DF "ß" */
    0x0, 0x2d, 0xf7, 0xfb, 0xad, 0x40, 0x3a, 0xa8,
    0x82, 0x39, 0x2a, 0xc0, 0x26, 0x50, 0x8e, 0xed,
    0x0, 0x8a, 0x0, 0xd0, 0x57, 0x10, 0x0, 0xb9,
    0x86, 0x0, 0x1c, 0x8, 0x3, 0xc2, 0x1c, 0x1,
    0xfe, 0xa2, 0x23, 0x80, 0x7e, 0x2c, 0x53, 0xc0,
    0xf, 0xef, 0x35, 0xc1, 0x0, 0xfc, 0x84, 0x14,
    0x1, 0xfe, 0x60, 0x2, 0x80, 0x7f, 0x89, 0x42,
    0xa8, 0x20, 0x1f, 0xd4, 0xe0, 0xbe, 0x80, 0x1f,
    0xd1, 0xa6, 0x36, 0xa0, 0x1f, 0xc5, 0x8a, 0x16,
    0x1, 0xff, 0x58, 0x9, 0x80, 0x7f, 0x84, 0x3,
    0xe4, 0x61, 0x0, 0xa4, 0x0, 0x60, 0x18, 0xa7,
    0xb9, 0xbe, 0xc1, 0x20, 0x1c, 0x8c, 0x42, 0x42,
    0x96, 0xc0,

    /* U+00E0 "à" */
    0x0, 0xb3, 0xf8, 0x40, 0x3f, 0x69, 0xd, 0x80,
    0x7e, 0x1c, 0x45, 0x60, 0xf, 0xc3, 0x71, 0xe0,
    0x1f, 0xe7, 0x90, 0xf, 0x14, 0x67, 0xfd, 0x8c,
    0x1, 0xe, 0xb9, 0x89, 0x1, 0xcc, 0x80, 0x2,
    0xf5, 0xdc, 0xdf, 0x70, 0x62, 0x0, 0x42, 0x88,
    0x5, 0x2, 0x8, 0x1, 0xfc, 0x40, 0x20, 0x11,
    0x34, 0x42, 0x64, 0x40, 0x11, 0xe6, 0xcb, 0xb9,
    0x98, 0x20, 0x2, 0xc3, 0x35, 0x77, 0xfc, 0x60,
    0xb, 0x1, 0xc5, 0x10, 0xf, 0x28, 0x38, 0x7,
    0x88, 0x0, 0xe0, 0x60, 0x1c, 0xa2, 0x0, 0x30,
    0x54, 0x0, 0x9a, 0x80, 0x29, 0x10, 0xbe, 0xdf,
    0x96, 0x80, 0x0, 0xfb, 0x8, 0x88, 0xe6, 0x46,
    0x0,

    /* U+00E1 "á" */
    0x0, 0xfb, 0xbf, 0x40, 0x3f, 0x48, 0x96, 0x0,
    0x7c, 0xac, 0x78, 0x20, 0x1f, 0x63, 0xe0, 0x80,
    0x7e, 0x98, 0x0, 0xf8, 0xa3, 0x3f, 0xec, 0x60,
    0x8, 0x75, 0xcc, 0x48, 0xe, 0x64, 0x0, 0x17,
    0xae, 0xe6, 0xfb, 0x83, 0x10, 0x2, 0x14, 0x40,
    0x28, 0x10, 0x40, 0xf, 0xe2, 0x1, 0x0, 0x89,
    0xa2, 0x13, 0x22, 0x0, 0x8f, 0x36, 0x5d, 0xcc,
    0xc1, 0x0, 0x16, 0x19, 0xab, 0xbf, 0xe3, 0x0,
    0x58, 0xe, 0x28, 0x80, 0x79, 0x41, 0xc0, 0x3c,
    0x40, 0x7, 0x3, 0x0, 0xe5, 0x10, 0x1, 0x82,
    0xa0, 0x4, 0xd4, 0x1, 0x48, 0x85, 0xf6, 0xfc,
    0xb4, 0x0, 0x7, 0xd8, 0x44, 0x47, 0x32, 0x30,
    0x0,

    /* U+00E2 "â" */
    0x0, 0xc9, 0xfe, 0xc0, 0xf, 0x8e, 0xc0, 0x8e,
    0xc0, 0x38, 0xf0, 0x73, 0x59, 0x2c, 0x3, 0x53,
    0xf9, 0x84, 0xd9, 0x28, 0x5, 0x30, 0x20, 0x12,
    0x4a, 0x80, 0x45, 0x19, 0xff, 0x63, 0x0, 0x43,
    0xae, 0x62, 0x40, 0x73, 0x20, 0x0, 0xbd, 0x77,
    0x37, 0xdc, 0x18, 0x80, 0x10, 0xa2, 0x1, 0x40,
    0x82, 0x0, 0x7f, 0x10, 0x8, 0x4, 0x4d, 0x10,
    0x99, 0x10, 0x4, 0x79, 0xb2, 0xee, 0x66, 0x8,
    0x0, 0xb0, 0xcd, 0x5d, 0xff, 0x18, 0x2, 0xc0,
    0x71, 0x44, 0x3, 0xca, 0xe, 0x1, 0xe2, 0x0,
    0x38, 0x18, 0x7, 0x28, 0x80, 0xc, 0x15, 0x0,
    0x26, 0xa0, 0xa, 0x44, 0x2f, 0xb7, 0xe5, 0xa0,
    0x0, 0x3e, 0xc2, 0x22, 0x39, 0x91, 0x80, 0x0,

    /* U+00E3 "ã" */
    0x0, 0x3f, 0x7f, 0xbb, 0x73, 0xb8, 0x0, 0x48,
    0x33, 0x10, 0x11, 0x96, 0x80, 0x13, 0xf7, 0x37,
    0xbf, 0xd8, 0x60, 0x1f, 0xfc, 0x32, 0x8c, 0xff,
    0xb1, 0x80, 0x21, 0xd7, 0x31, 0x20, 0x39, 0x90,
    0x0, 0x5e, 0xbb, 0x9b, 0xee, 0xc, 0x40, 0x8,
    0x51, 0x0, 0xa0, 0x41, 0x0, 0x3f, 0x88, 0x4,
    0x2, 0x26, 0x88, 0x4c, 0x88, 0x2, 0x3c, 0xd9,
    0x77, 0x33, 0x4, 0x0, 0x58, 0x66, 0xae, 0xff,
    0x8c, 0x1, 0x60, 0x38, 0xa2, 0x1, 0xe5, 0x7,
    0x0, 0xf1, 0x0, 0x1c, 0xc, 0x3, 0x94, 0x40,
    0x6, 0xa, 0x80, 0x13, 0x50, 0x5, 0x22, 0x17,
    0xdb, 0xf2, 0xd0, 0x0, 0x1f, 0x61, 0x11, 0x1c,
    0xc8, 0xc0, 0x0,

    /* U+00E4 "ä" */
    0x0, 0x17, 0x60, 0x0, 0xfe, 0xc0, 0x33, 0x9,
    0x88, 0x28, 0x28, 0x6, 0x49, 0xa1, 0x6, 0x8a,
    0x0, 0xe6, 0x50, 0x9, 0xd0, 0x3, 0x14, 0x67,
    0xfd, 0x8c, 0x1, 0xe, 0xb9, 0x89, 0x1, 0xcc,
    0x80, 0x2, 0xf5, 0xdc, 0xdf, 0x70, 0x62, 0x0,
    0x42, 0x88, 0x5, 0x2, 0x8, 0x1, 0xfc, 0x40,
    0x20, 0x11, 0x34, 0x42, 0x64, 0x40, 0x11, 0xe6,
    0xcb, 0xb9, 0x98, 0x20, 0x2, 0xc3, 0x35, 0x77,
    0xfc, 0x60, 0xb, 0x1, 0xc5, 0x10, 0xf, 0x28,
    0x38, 0x7, 0x88, 0x0, 0xe0, 0x60, 0x1c, 0xa2,
    0x0, 0x30, 0x54, 0x0, 0x9a, 0x80, 0x29, 0x10,
    0xbe, 0xdf, 0x96, 0x80, 0x0, 0xfb, 0x8, 0x88,
    0xe6, 0x46, 0x0,

    /* U+00E5 "å" */
    0x0, 0xff, 0xe2, 0x47, 0xfb, 0xc, 0x3, 0xca,
    0xf1, 0x61, 0xa0, 0x1e, 0xd2, 0x74, 0x81, 0x20,
    0xe, 0xe2, 0x41, 0xe0, 0x20, 0xe, 0x64, 0xbe,
    0x5a, 0x0, 0xfa, 0xf7, 0x3d, 0x40, 0x3f, 0x11,
    0x80, 0x7c, 0x51, 0x9f, 0xf6, 0x30, 0x4, 0x3a,
    0xe6, 0x24, 0x7, 0x32, 0x0, 0xb, 0xd7, 0x73,
    0x7d, 0xc1, 0x88, 0x1, 0xa, 0x20, 0x14, 0x8,
    0x20, 0x7, 0xf1, 0x0, 0x80, 0x44, 0xd1, 0x9,
    0x91, 0x0, 0x47, 0x9b, 0x2e, 0xe6, 0x60, 0x80,
    0xb, 0xc, 0xd5, 0xdf, 0xf1, 0x80, 0x2c, 0x7,
    0x14, 0x40, 0x3c, 0xa0, 0xe0, 0x1e, 0x20, 0x3,
    0x81, 0x80, 0x72, 0x88, 0x0, 0xc1, 0x50, 0x2,
    0x6a, 0x0, 0xa4, 0x42, 0xfb, 0x7e, 0x5a, 0x0,
    0x3, 0xec, 0x22, 0x23, 0x99, 0x18, 0x0,

    /* U+00E6 "æ" */
    0x0, 0x25, 0x6f, 0xfb, 0xa4, 0x40, 0x63, 0x7f,
    0xd6, 0x80, 0x19, 0xed, 0x48, 0x46, 0x6f, 0x3f,
    0x72, 0x10, 0x4b, 0x90, 0x9, 0x99, 0x7f, 0xdc,
    0xd2, 0x1c, 0x16, 0xfe, 0xf9, 0x6, 0x50, 0x0,
    0xca, 0x0, 0x45, 0x20, 0x3, 0x90, 0x9, 0x98,
    0x12, 0x1, 0xfc, 0xc0, 0xa, 0x0, 0xec, 0x3,
    0x0, 0xcb, 0x37, 0x6c, 0xe0, 0x5, 0xe6, 0x74,
    0x0, 0x8, 0x17, 0xa9, 0x91, 0x6, 0x60, 0x1,
    0x19, 0xf1, 0x0, 0x47, 0x42, 0x77, 0xdf, 0xed,
    0x0, 0x67, 0xff, 0xe2, 0xa0, 0x2c, 0x41, 0x0,
    0x8, 0x1, 0x80, 0x3f, 0x94, 0x10, 0x3, 0x98,
    0x1, 0x80, 0x1f, 0xce, 0x6, 0x1, 0xd2, 0x0,
    0x61, 0x0, 0xfc, 0x60, 0xaa, 0x0, 0x15, 0x9b,
    0x18, 0x62, 0x0, 0x44, 0xec, 0x12, 0x21, 0x5f,
    0xed, 0x45, 0x9d, 0x22, 0x5f, 0xf7, 0xec, 0x70,
    0xf, 0xb0, 0x80, 0xe, 0xa8, 0x3, 0xb0, 0x60,
    0x22, 0x37, 0x90,

    /* U+00E7 "ç" */
    0x0, 0x8e, 0x77, 0xfd, 0xb4, 0x60, 0x7, 0xc6,
    0x20, 0x1, 0x2b, 0x2, 0xc0, 0x2e, 0xff, 0xb2,
    0x14, 0x2c, 0x16, 0x88, 0x0, 0x6e, 0x8, 0x21,
    0x0, 0x1f, 0x18, 0x9, 0x0, 0x7d, 0xe0, 0x60,
    0x1f, 0xfc, 0x7f, 0x3, 0x0, 0xfc, 0x60, 0x24,
    0x1, 0xf2, 0x8, 0x40, 0x7, 0xe8, 0x5, 0x91,
    0x0, 0xb, 0x20, 0x33, 0x1, 0xbb, 0xfd, 0xd2,
    0x40, 0x9, 0xb5, 0x10, 0x1, 0x32, 0x0, 0x49,
    0x4c, 0x3f, 0xb2, 0x40, 0x18, 0x5c, 0x64, 0x40,
    0x3c, 0x3a, 0xed, 0x40, 0x1f, 0x14, 0x2, 0x80,
    0x70, 0xbb, 0xa8, 0x10, 0x3, 0x8a, 0x20, 0xee,
    0xa0, 0x0,

    /* U+00E8 "è" */
    0x0, 0xaf, 0xfc, 0x20, 0x1f, 0xd6, 0x61, 0x40,
    0x1f, 0xec, 0x54, 0x80, 0xf, 0xf5, 0x41, 0x8,
    0x7, 0xf9, 0xe8, 0x40, 0x3e, 0x3a, 0xef, 0xeb,
    0x50, 0xe, 0x7c, 0x51, 0x19, 0x2a, 0x80, 0x12,
    0xc0, 0x4f, 0xf7, 0xd0, 0x2b, 0x80, 0x20, 0x25,
    0x80, 0x25, 0x90, 0x80, 0x32, 0x6, 0x0, 0xe7,
    0x0, 0x1a, 0x80, 0x33, 0x3d, 0xa0, 0x6, 0xe0,
    0x1, 0x9f, 0xc0, 0x1c, 0x5f, 0xff, 0xcb, 0xe0,
    0x40, 0x1f, 0xe3, 0x0, 0x18, 0x7, 0xf2, 0x8,
    0x78, 0x7, 0xfa, 0xc0, 0xf0, 0xc0, 0x22, 0x79,
    0x0, 0x2c, 0x81, 0xe7, 0xf7, 0xec, 0x10, 0x4,
    0xda, 0xc4, 0x2, 0x6, 0xf2, 0x0,

    /* U+00E9 "é" */
    0x0, 0xfb, 0x3f, 0x84, 0x3, 0xf4, 0x18, 0xe0,
    0x80, 0x7c, 0x8e, 0x58, 0x40, 0x1f, 0xb1, 0xb0,
    0x80, 0x3f, 0xa2, 0x44, 0x3, 0xf1, 0xd7, 0x7f,
    0x5a, 0x80, 0x73, 0xe2, 0x88, 0xc9, 0x54, 0x0,
    0x96, 0x2, 0x7f, 0xbe, 0x81, 0x5c, 0x1, 0x1,
    0x2c, 0x1, 0x2c, 0x84, 0x1, 0x90, 0x30, 0x7,
    0x38, 0x0, 0xd4, 0x1, 0x99, 0xed, 0x0, 0x37,
    0x0, 0xc, 0xfe, 0x0, 0xe2, 0xff, 0xfe, 0x5f,
    0x2, 0x0, 0xff, 0x18, 0x0, 0xc0, 0x3f, 0x90,
    0x43, 0xc0, 0x3f, 0xd6, 0x7, 0x86, 0x1, 0x13,
    0xc8, 0x1, 0x64, 0xf, 0x3f, 0xbf, 0x60, 0x80,
    0x26, 0xd6, 0x20, 0x10, 0x37, 0x90,

    /* U+00EA "ê" */
    0x0, 0xc7, 0xfe, 0xd1, 0x0, 0xf8, 0xb4, 0xc,
    0xb4, 0x3, 0xc5, 0x83, 0x58, 0xe7, 0x82, 0x1,
    0xa9, 0xf9, 0x42, 0x31, 0x9c, 0x3, 0x44, 0x88,
    0x4, 0x74, 0xc0, 0x1c, 0x75, 0xdf, 0xd6, 0xa0,
    0x1c, 0xf8, 0xa2, 0x32, 0x55, 0x0, 0x25, 0x80,
    0x9f, 0xef, 0xa0, 0x57, 0x0, 0x40, 0x4b, 0x0,
    0x4b, 0x21, 0x0, 0x64, 0xc, 0x1, 0xce, 0x0,
    0x35, 0x0, 0x66, 0x7b, 0x40, 0xd, 0xc0, 0x3,
    0x3f, 0x80, 0x38, 0xbf, 0xff, 0x97, 0xc0, 0x80,
    0x3f, 0xc6, 0x0, 0x30, 0xf, 0xe4, 0x10, 0xf0,
    0xf, 0xf5, 0x81, 0xe1, 0x80, 0x44, 0xf2, 0x0,
    0x59, 0x3, 0xcf, 0xef, 0xd8, 0x20, 0x9, 0xb5,
    0x88, 0x4, 0xd, 0xe4, 0x0,

    /* U+00EB "ë" */
    0x0, 0xe, 0xe8, 0x40, 0xbb, 0x0, 0x38, 0xc8,
    0x86, 0xc, 0x26, 0x1, 0xc5, 0x32, 0x20, 0x48,
    0xb0, 0xf, 0x33, 0x0, 0x27, 0x40, 0xf, 0x1d,
    0x77, 0xf5, 0xa8, 0x7, 0x3e, 0x28, 0x8c, 0x95,
    0x40, 0x9, 0x60, 0x27, 0xfb, 0xe8, 0x15, 0xc0,
    0x10, 0x12, 0xc0, 0x12, 0xc8, 0x40, 0x19, 0x3,
    0x0, 0x73, 0x80, 0xd, 0x40, 0x19, 0x9e, 0xd0,
    0x3, 0x70, 0x0, 0xcf, 0xe0, 0xe, 0x2f, 0xff,
    0xe5, 0xf0, 0x20, 0xf, 0xf1, 0x80, 0xc, 0x3,
    0xf9, 0x4, 0x3c, 0x3, 0xfd, 0x60, 0x78, 0x60,
    0x11, 0x3c, 0x80, 0x16, 0x40, 0xf3, 0xfb, 0xf6,
    0x8, 0x2, 0x6d, 0x62, 0x1, 0x3, 0x79, 0x0,

    /* U+00EC "ì" */
    0xc, 0xfe, 0x10, 0xb, 0x10, 0x68, 0x3, 0x5b,
    0x24, 0x80, 0x69, 0xbe, 0x10, 0xc, 0x8e, 0x20,
    0x16, 0x7c, 0x0, 0x7f, 0xff, 0xc0, 0x3f, 0xf8,
    0xa0,

    /* U+00ED "í" */
    0x0, 0xb7, 0xf4, 0x40, 0x12, 0x44, 0xc1, 0x6,
    0x62, 0x60, 0x80, 0x6, 0x6c, 0x40, 0x27, 0x60,
    0xe, 0xcf, 0x80, 0xf, 0xff, 0xf8, 0x7, 0xff,
    0x1c,

    /* U+00EE "î" */
    0x0, 0x93, 0xfd, 0xa0, 0x1c, 0x76, 0x8, 0x58,
    0x1, 0x26, 0x16, 0xdc, 0x1e, 0x8, 0x1c, 0xe9,
    0x3, 0xed, 0xa0, 0x3b, 0x0, 0x62, 0x75, 0x0,
    0xd9, 0xf0, 0x1, 0xff, 0xff, 0x0, 0xff, 0xf7,
    0x0,

    /* U+00EF "ï" */
    0x1e, 0xd0, 0x1, 0xfd, 0x81, 0x9, 0x8, 0x30,
    0x20, 0x1c, 0xd0, 0x82, 0xc5, 0x80, 0x19, 0x40,
    0x27, 0x40, 0xd, 0x9f, 0x0, 0x1f, 0xff, 0xf0,
    0xf, 0xff, 0x8,

    /* U+00F0 "ð" */
    0x0, 0xc6, 0x20, 0x18, 0x80, 0x3c, 0x3b, 0xd0,
    0x3, 0x3a, 0xe0, 0x1c, 0x2c, 0xf, 0xbe, 0xc4,
    0x80, 0x1e, 0x89, 0x2, 0x15, 0xd3, 0x0, 0xe2,
    0xb9, 0x4, 0x5, 0x40, 0xf, 0x5a, 0x2e, 0xdb,
    0x5, 0x90, 0x7, 0x4e, 0x51, 0x4, 0x98, 0x48,
    0x7, 0x8c, 0x3, 0x70, 0x21, 0x80, 0x65, 0xbe,
    0xff, 0x63, 0xa8, 0x50, 0x5, 0x74, 0x82, 0x44,
    0x3a, 0x70, 0x70, 0x4, 0xa0, 0x57, 0xee, 0xb9,
    0xc8, 0x4, 0x88, 0xc1, 0x4a, 0x1, 0xc, 0x38,
    0x1, 0x90, 0x5, 0x40, 0x3d, 0x40, 0x1, 0xe0,
    0x20, 0xf, 0x88, 0x0, 0x20, 0x1f, 0xfc, 0x17,
    0xe0, 0x20, 0xf, 0x8c, 0x0, 0x6e, 0x2, 0xc0,
    0x1e, 0x90, 0x50, 0x17, 0x9, 0x60, 0x8, 0x65,
    0x42, 0x0, 0x10, 0xc1, 0x3f, 0xbd, 0xc6, 0xa,
    0x20, 0xa, 0x6d, 0x44, 0x84, 0x9f, 0x54, 0x0,

    /* U+00F1 "ñ" */
    0x0, 0x3f, 0x7e, 0x30, 0x8b, 0x2c, 0x0, 0xb0,
    0x4, 0x73, 0xdc, 0x3f, 0x0, 0x6a, 0xf6, 0xe9,
    0xd1, 0x14, 0x80, 0x8, 0xa0, 0x1, 0x45, 0xd9,
    0x40, 0x19, 0xe4, 0xf, 0xbf, 0xed, 0x81, 0x0,
    0x9f, 0x60, 0x84, 0x9, 0xf0, 0x40, 0x14, 0x77,
    0xfd, 0xf2, 0x5, 0x20, 0x16, 0xa0, 0x4, 0xcc,
    0x5, 0x0, 0x19, 0x80, 0x3b, 0x0, 0x80, 0xa,
    0x1, 0xe1, 0x0, 0xc2, 0x1, 0xff, 0xff, 0x0,
    0xff, 0xe3, 0x0,

    /* U+00F2 "ò" */
    0x0, 0x93, 0xfd, 0x0, 0x1f, 0xe4, 0xa0, 0x73,
    0x0, 0xff, 0x2d, 0x86, 0x88, 0x7, 0xf9, 0x35,
    0x1c, 0x3, 0xfe, 0x2a, 0x60, 0xf, 0xc7, 0x5d,
    0xfe, 0xd8, 0x10, 0xe, 0x7c, 0x51, 0x10, 0x13,
    0xf9, 0x80, 0x4b, 0x0, 0xfd, 0xcf, 0xc3, 0x1c,
    0x10, 0x5, 0x83, 0x40, 0x80, 0xf, 0x8, 0x2c,
    0x10, 0x42, 0xc0, 0x3d, 0x60, 0xa0, 0x60, 0x24,
    0x1, 0xe4, 0x0, 0x1f, 0x81, 0x80, 0x7c, 0x60,
    0x7, 0x0, 0xff, 0xe0, 0x8f, 0x81, 0x80, 0x7c,
    0x60, 0x6, 0x40, 0x12, 0x0, 0xf2, 0x0, 0xc,
    0xc4, 0x10, 0x1, 0xeb, 0x5, 0x0, 0x48, 0x2c,
    0x88, 0x0, 0xac, 0x82, 0x0, 0x9, 0x20, 0xdd,
    0xd6, 0xa0, 0xd9, 0x0, 0x4d, 0xac, 0x23, 0x13,
    0xfa, 0x0, 0x0,

    /* U+00F3 "ó" */
    0x0, 0xf9, 0x7f, 0xce, 0x1, 0xfc, 0x36, 0xe,
    0xe0, 0xf, 0xed, 0x18, 0x80, 0x7, 0xf2, 0x35,
    0xb8, 0x7, 0xf9, 0x29, 0x0, 0x3f, 0x8e, 0xbb,
    0xfd, 0xb0, 0x20, 0x1c, 0xf8, 0xa2, 0x20, 0x27,
    0xf3, 0x0, 0x96, 0x1, 0xfb, 0x9f, 0x86, 0x38,
    0x20, 0xb, 0x6, 0x81, 0x0, 0x1e, 0x10, 0x58,
    0x20, 0x85, 0x80, 0x7a, 0xc1, 0x40, 0xc0, 0x48,
    0x3, 0xc8, 0x0, 0x3f, 0x3, 0x0, 0xf8, 0xc0,
    0xe, 0x1, 0xff, 0xc1, 0x1f, 0x3, 0x0, 0xf8,
    0xc0, 0xc, 0x80, 0x24, 0x1, 0xe4, 0x0, 0x19,
    0x88, 0x20, 0x3, 0xd6, 0xa, 0x0, 0x90, 0x59,
    0x10, 0x1, 0x59, 0x4, 0x0, 0x12, 0x41, 0xbb,
    0xad, 0x41, 0xb2, 0x0, 0x9b, 0x58, 0x46, 0x27,
    0xf4, 0x0, 0x0,

    /* U+00F4 "ô" */
    0x0, 0xeb, 0xff, 0x30, 0x7, 0xf4, 0xa1, 0x4,
    0xa0, 0x7, 0xd2, 0xcb, 0xb8, 0x56, 0xa0, 0x1c,
    0x87, 0x54, 0x3, 0xd7, 0xf1, 0x0, 0xc9, 0x4a,
    0x1, 0xa2, 0x84, 0x3, 0x8e, 0xbb, 0xfd, 0xb0,
    0x20, 0x1c, 0xf8, 0xa2, 0x20, 0x27, 0xf3, 0x0,
    0x96, 0x1, 0xfb, 0x9f, 0x86, 0x38, 0x20, 0xb,
    0x6, 0x81, 0x0, 0x1e, 0x10, 0x58, 0x20, 0x85,
    0x80, 0x7a, 0xc1, 0x40, 0xc0, 0x48, 0x3, 0xc8,
    0x0, 0x3f, 0x3, 0x0, 0xf8, 0xc0, 0xe, 0x1,
    0xff, 0xc1, 0x1f, 0x3, 0x0, 0xf8, 0xc0, 0xc,
    0x80, 0x24, 0x1, 0xe4, 0x0, 0x19, 0x88, 0x20,
    0x3, 0xd6, 0xa, 0x0, 0x90, 0x59, 0x10, 0x1,
    0x59, 0x4, 0x0, 0x12, 0x41, 0xbb, 0xad, 0x41,
    0xb2, 0x0, 0x9b, 0x58, 0x46, 0x27, 0xf4, 0x0,
    0x0,

    /* U+00F5 "õ" */
    0x0, 0xd, 0xff, 0xdb, 0x98, 0xf7, 0x0, 0xd4,
    0x86, 0x42, 0x46, 0x66, 0x70, 0xd, 0x7f, 0x9b,
    0xdf, 0xf4, 0x80, 0x7f, 0xf2, 0xe, 0xbb, 0xfd,
    0xb0, 0x20, 0x1c, 0xf8, 0xa2, 0x20, 0x27, 0xf3,
    0x0, 0x96, 0x1, 0xfb, 0x9f, 0x86, 0x38, 0x20,
    0xb, 0x6, 0x81, 0x0, 0x1e, 0x10, 0x58, 0x20,
    0x85, 0x80, 0x7a, 0xc1, 0x40, 0xc0, 0x48, 0x3,
    0xc8, 0x0, 0x3f, 0x3, 0x0, 0xf8, 0xc0, 0xe,
    0x1, 0xff, 0xc1, 0x1f, 0x3, 0x0, 0xf8, 0xc0,
    0xc, 0x80, 0x24, 0x1, 0xe4, 0x0, 0x19, 0x88,
    0x20, 0x3, 0xd6, 0xa, 0x0, 0x90, 0x59, 0x10,
    0x1, 0x59, 0x4, 0x0, 0x12, 0x41, 0xbb, 0xad,
    0x41, 0xb2, 0x0, 0x9b, 0x58, 0x46, 0x27, 0xf4,
    0x0, 0x0,

    /* U+00F6 "ö" */
    0x0, 0x9f, 0xd8, 0x1, 0x3e, 0x80, 0x1e, 0xc0,
    0xc0, 0x2, 0x6, 0x0, 0x7a, 0x62, 0xc0, 0x1d,
    0x12, 0x1, 0xe2, 0x71, 0x0, 0x1b, 0x88, 0x7,
    0x8e, 0xbb, 0xfd, 0xb0, 0x20, 0x1c, 0xf8, 0xa2,
    0x20, 0x27, 0xf3, 0x0, 0x96, 0x1, 0xfb, 0x9f,
    0x86, 0x38, 0x20, 0xb, 0x6, 0x81, 0x0, 0x1e,
    0x10, 0x58, 0x20, 0x85, 0x80, 0x7a, 0xc1, 0x40,
    0xc0, 0x48, 0x3, 0xc8, 0x0, 0x3f, 0x3, 0x0,
    0xf8, 0xc0, 0xe, 0x1, 0xff, 0xc1, 0x1f, 0x3,
    0x0, 0xf8, 0xc0, 0xc, 0x80, 0x24, 0x1, 0xe4,
    0x0, 0x19, 0x88, 0x20, 0x3, 0xd6, 0xa, 0x0,
    0x90, 0x59, 0x10, 0x1, 0x59, 0x4, 0x0, 0x12,
    0x41, 0xbb, 0xad, 0x41, 0xb2, 0x0, 0x9b, 0x58,
    0x46, 0x27, 0xf4, 0x0, 0x0,

    /* U+00F7 "÷" */
    0x0, 0xea, 0xf7, 0x0, 0xff, 0x28, 0x50, 0x7,
    0xf9, 0x1, 0x40, 0x3f, 0xd7, 0xd0, 0x1, 0xff,
    0x8, 0x7, 0xa7, 0x77, 0xfe, 0x72, 0x2f, 0xfe,
    0x7, 0xdf, 0xff, 0xfd, 0x0, 0x1e, 0x10, 0xf,
    0xfb, 0x3a, 0x40, 0x3f, 0xc6, 0x8, 0x1, 0xfe,
    0x50, 0xa0, 0xe,

    /* U+00F8 "ø" */
    0x0, 0xff, 0x90, 0x3, 0x8e, 0xbb, 0xfd, 0x8e,
    0xeb, 0x90, 0x9, 0xf1, 0x44, 0x40, 0x71, 0x0,
    0xb0, 0x2, 0xc0, 0x3f, 0x73, 0xf0, 0x0, 0x26,
    0x0, 0xb0, 0x68, 0x10, 0x5, 0x0, 0x6, 0x1,
    0x4, 0x2c, 0x2, 0x56, 0x28, 0x6, 0x3, 0x1,
    0x20, 0x1, 0x50, 0x72, 0x80, 0xf, 0xc0, 0xc0,
    0x2e, 0x9, 0x33, 0x0, 0x1c, 0x3, 0xa4, 0xd5,
    0x80, 0x3b, 0xc0, 0xc1, 0x58, 0xa8, 0x0, 0x60,
    0x7, 0x40, 0x14, 0xb0, 0xe0, 0x9, 0x0, 0x6,
    0x62, 0xb, 0x19, 0x30, 0xa, 0xc1, 0x40, 0x12,
    0x0, 0x17, 0x0, 0x15, 0x90, 0x40, 0x7, 0xf,
    0x75, 0xa8, 0x16, 0x40, 0x9, 0x9, 0x61, 0x18,
    0x9f, 0x90, 0x2, 0xca, 0x69, 0xef, 0xf6, 0xc0,
    0x80, 0x40,

    /* U+00F9 "ù" */
    0x0, 0x17, 0x7d, 0x80, 0x7e, 0x2d, 0x14, 0x70,
    0xf, 0xc7, 0xe5, 0x8, 0x1, 0xf8, 0x76, 0x48,
    0x3, 0xfc, 0xcc, 0x0, 0xdf, 0xe6, 0x0, 0xf3,
    0xfe, 0x80, 0x7f, 0xff, 0xc0, 0x3f, 0xf8, 0xde,
    0x0, 0x10, 0xf, 0xc6, 0x0, 0x30, 0xc0, 0xe,
    0x24, 0x0, 0x28, 0x2b, 0x0, 0x47, 0xe0, 0x14,
    0x90, 0x4f, 0xef, 0xe1, 0xc8, 0x0, 0x71, 0xc8,
    0x8, 0x8d, 0xee, 0x0,

    /* U+00FA "ú" */
    0x0, 0xf1, 0xff, 0xa4, 0x3, 0xe1, 0xe0, 0x69,
    0x0, 0xfa, 0x8a, 0x24, 0x3, 0xe2, 0xcc, 0x38,
    0x7, 0xe2, 0x73, 0x0, 0xef, 0xf3, 0x0, 0x79,
    0xff, 0x40, 0x3f, 0xff, 0xe0, 0x1f, 0xfc, 0x6f,
    0x0, 0x8, 0x7, 0xe3, 0x0, 0x18, 0x60, 0x7,
    0x12, 0x0, 0x14, 0x15, 0x80, 0x23, 0xf0, 0xa,
    0x48, 0x27, 0xf7, 0xf0, 0xe4, 0x0, 0x38, 0xe4,
    0x4, 0x46, 0xf7, 0x0, 0x0,

    /* U+00FB "û" */
    0x0, 0xd3, 0xfe, 0x80, 0xf, 0xa1, 0x88, 0x8f,
    0x0, 0x1d, 0xe, 0xbb, 0x8a, 0xf2, 0x1, 0x17,
    0xdd, 0x0, 0xd5, 0xf1, 0x0, 0x9, 0xd0, 0x3,
    0x23, 0x90, 0x7f, 0x98, 0x3, 0xcf, 0xfa, 0x1,
    0xff, 0xff, 0x0, 0xff, 0xe3, 0x78, 0x0, 0x40,
    0x3f, 0x18, 0x0, 0xc3, 0x0, 0x38, 0x90, 0x0,
    0xa0, 0xac, 0x1, 0x1f, 0x80, 0x52, 0x41, 0x3f,
    0xbf, 0x87, 0x20, 0x1, 0xc7, 0x20, 0x22, 0x37,
    0xb8, 0x0,

    /* U+00FC "ü" */
    0x0, 0x2f, 0xc8, 0x1, 0xfd, 0x80, 0x36, 0x82,
    0x80, 0x34, 0x30, 0x3, 0x4c, 0x78, 0x2, 0x22,
    0x0, 0xc2, 0xe6, 0x0, 0x27, 0x20, 0x7, 0xf9,
    0x80, 0x3c, 0xff, 0xa0, 0x1f, 0xff, 0xf0, 0xf,
    0xfe, 0x37, 0x80, 0x4, 0x3, 0xf1, 0x80, 0xc,
    0x30, 0x3, 0x89, 0x0, 0xa, 0xa, 0xc0, 0x11,
    0xf8, 0x5, 0x24, 0x13, 0xfb, 0xf8, 0x72, 0x0,
    0x1c, 0x72, 0x2, 0x23, 0x7b, 0x80, 0x0,

    /* U+00FD "ý" */
    0x0, 0xfa, 0x7f, 0xc6, 0x1, 0xfc, 0xac, 0x16,
    0x60, 0x1f, 0x8a, 0x87, 0x50, 0x3, 0xf9, 0xe3,
    0xc8, 0x3, 0xfc, 0xae, 0x20, 0x1e, 0xcf, 0xa0,
    0xf, 0x9b, 0xfc, 0x32, 0xa, 0x20, 0x1e, 0xa0,
    0x41, 0x51, 0x7, 0x0, 0xe1, 0x30, 0xe0, 0x3,
    0x5, 0x80, 0x73, 0x0, 0xa8, 0x2, 0x80, 0x8c,
    0x3, 0x50, 0x30, 0x4, 0x48, 0x14, 0x1, 0x19,
    0x5, 0x0, 0x6e, 0x7, 0x0, 0xa8, 0xc, 0x80,
    0x32, 0x88, 0x94, 0x0, 0xe1, 0x40, 0x1e, 0x60,
    0xe0, 0x41, 0x6, 0x0, 0xf5, 0x2, 0xe, 0x82,
    0x80, 0x7c, 0x48, 0xe, 0xe0, 0xe0, 0xf, 0xdc,
    0x16, 0x24, 0x80, 0x1f, 0x94, 0x48, 0x28, 0x3,
    0xfc, 0xc0, 0x6, 0x0, 0xff, 0x8, 0x20, 0x80,
    0x7f, 0x98, 0x38, 0x3, 0xfc, 0xe0, 0x2a, 0x1,
    0xfc, 0xb0, 0x10, 0x1, 0xf5, 0x6f, 0x50, 0x2b,
    0x0, 0x7c, 0x64, 0x25, 0x14, 0x1, 0xf8,

    /* U+00FE "þ" */
    0xcf, 0x80, 0xf, 0xff, 0xa7, 0x84, 0x6f, 0xfb,
    0x18, 0x3, 0xbf, 0x5c, 0x84, 0xe, 0x68, 0x3,
    0x38, 0x5f, 0xf7, 0xc0, 0x2c, 0x0, 0x6f, 0x40,
    0x9, 0xdc, 0xe, 0x1, 0x19, 0x0, 0x74, 0x80,
    0x10, 0x0, 0xa0, 0x1e, 0x11, 0x1, 0x80, 0x4,
    0x3, 0xe3, 0xf, 0x0, 0xff, 0xe1, 0x88, 0x7,
    0xc6, 0x1e, 0x0, 0x50, 0xf, 0x10, 0x81, 0x80,
    0xc, 0xc0, 0x1d, 0x40, 0x4, 0x0, 0xb8, 0xc0,
    0x27, 0x70, 0x40, 0x4, 0xe7, 0x9f, 0xdf, 0x0,
    0x8e, 0x1, 0x7f, 0x9c, 0x84, 0xe, 0x6c, 0x3,
    0x78, 0xc6, 0xff, 0xb1, 0x80, 0x3f, 0xff, 0x0,

    /* U+00FF "ÿ" */
    0x0, 0xaf, 0x8c, 0x1, 0xbc, 0x20, 0x1e, 0x41,
    0x50, 0x12, 0x15, 0x0, 0xf5, 0xc3, 0x0, 0xd4,
    0xa0, 0x7, 0x91, 0xc0, 0x25, 0x60, 0xd, 0x9f,
    0x40, 0x1f, 0x37, 0xf8, 0x64, 0x14, 0x40, 0x3d,
    0x40, 0x82, 0xa2, 0xe, 0x1, 0xc2, 0x61, 0xc0,
    0x6, 0xb, 0x0, 0xe6, 0x1, 0x50, 0x5, 0x1,
    0x18, 0x6, 0xa0, 0x60, 0x8, 0x90, 0x28, 0x2,
    0x32, 0xa, 0x0, 0xdc, 0xe, 0x1, 0x50, 0x19,
    0x0, 0x65, 0x11, 0x28, 0x1, 0xc2, 0x80, 0x3c,
    0xc1, 0xc0, 0x82, 0xc, 0x1, 0xea, 0x4, 0x1d,
    0x5, 0x0, 0xf8, 0x90, 0x1d, 0xc1, 0xc0, 0x1f,
    0xb8, 0x2c, 0x49, 0x0, 0x3f, 0x28, 0x90, 0x50,
    0x7, 0xf9, 0x80, 0xc, 0x1, 0xfe, 0x10, 0x41,
    0x0, 0xff, 0x30, 0x70, 0x7, 0xf9, 0xc0, 0x54,
    0x3, 0xf9, 0x60, 0x20, 0x3, 0xea, 0xde, 0xa0,
    0x56, 0x0, 0xf8, 0xc8, 0x4a, 0x28, 0x3, 0xf0,

    /* U+0100 "Ā" */
    0x0, 0xd3, 0xff, 0xf0, 0x80, 0x7e, 0xe2, 0x2f,
    0x80, 0x3f, 0x9f, 0x77, 0xe1, 0x0, 0xff, 0xe8,
    0x77, 0xc0, 0x7, 0xff, 0x5, 0x44, 0x18, 0x3,
    0xff, 0x83, 0x20, 0x42, 0xa0, 0x1f, 0xf1, 0x18,
    0xc0, 0x48, 0x7, 0xfd, 0x60, 0xea, 0x26, 0x40,
    0x1f, 0xe7, 0xb, 0x7, 0xb, 0x0, 0xfe, 0x51,
    0x32, 0xb, 0x6, 0x0, 0xfe, 0x90, 0xa0, 0x1,
    0x18, 0x30, 0x7, 0xc4, 0x62, 0xc0, 0x14, 0x85,
    0x0, 0x7d, 0x60, 0xe0, 0x19, 0x44, 0xc8, 0x3,
    0xcc, 0xd, 0xff, 0xc2, 0x16, 0x1, 0xcc, 0x1,
    0xfe, 0x60, 0xe, 0xa0, 0x8e, 0xef, 0x84, 0x18,
    0x2, 0x33, 0x3, 0x8, 0xfc, 0xc1, 0x40, 0x15,
    0x2, 0x88, 0x7, 0xd4, 0x6, 0x60, 0x3, 0x7,
    0x0, 0x7e, 0x23, 0xa, 0x6, 0x1, 0x40, 0xf,
    0xea, 0x6, 0xa, 0x6, 0x0, 0xff, 0x30, 0x1,
    0x80,

    /* U+0101 "ā" */
    0x0, 0x3e, 0xef, 0xc4, 0x1, 0x71, 0x17, 0xc0,
    0x1a, 0x7f, 0xfe, 0x20, 0xf, 0xfe, 0x19, 0x46,
    0x7f, 0xd8, 0xc0, 0x10, 0xeb, 0x98, 0x90, 0x1c,
    0xc8, 0x0, 0x2f, 0x5d, 0xcd, 0xf7, 0x6, 0x20,
    0x4, 0x28, 0x80, 0x50, 0x20, 0x80, 0x1f, 0xc4,
    0x2, 0x1, 0x13, 0x44, 0x26, 0x44, 0x1, 0x1e,
    0x6c, 0xbb, 0x99, 0x82, 0x0, 0x2c, 0x33, 0x57,
    0x7f, 0xc6, 0x0, 0xb0, 0x1c, 0x51, 0x0, 0xf2,
    0x83, 0x80, 0x78, 0x80, 0xe, 0x6, 0x1, 0xca,
    0x20, 0x3, 0x5, 0x40, 0x9, 0xa8, 0x2, 0x91,
    0xb, 0xed, 0xf9, 0x68, 0x0, 0xf, 0xb0, 0x88,
    0x8e, 0x64, 0x60, 0x0,

    /* U+0102 "Ă" */
    0x0, 0xcc, 0xa0, 0x18, 0x60, 0x80, 0x3f, 0x7d,
    0xa0, 0x0, 0xad, 0xcc, 0x3, 0xf4, 0x5, 0xff,
    0xb5, 0x60, 0x40, 0x3f, 0xf, 0xb9, 0x99, 0x6d,
    0xc0, 0x3f, 0xc3, 0x19, 0x8a, 0x40, 0xf, 0xfe,
    0x97, 0x7c, 0x0, 0x7f, 0xf0, 0x54, 0x41, 0x80,
    0x3f, 0xf8, 0x32, 0x4, 0x2a, 0x1, 0xff, 0x11,
    0x8c, 0x4, 0x80, 0x7f, 0xd6, 0xe, 0xa2, 0x64,
    0x1, 0xfe, 0x70, 0xb0, 0x70, 0xb0, 0xf, 0xe5,
    0x13, 0x20, 0xb0, 0x60, 0xf, 0xe9, 0xa, 0x0,
    0x11, 0x83, 0x0, 0x7c, 0x46, 0x2c, 0x1, 0x48,
    0x50, 0x7, 0xd6, 0xe, 0x1, 0x94, 0x4c, 0x80,
    0x3c, 0xc0, 0xdf, 0xfc, 0x21, 0x60, 0x1c, 0xc0,
    0x1f, 0xe6, 0x0, 0xea, 0x8, 0xee, 0xf8, 0x41,
    0x80, 0x23, 0x30, 0x30, 0x8f, 0xcc, 0x14, 0x1,
    0x50, 0x28, 0x80, 0x7d, 0x40, 0x66, 0x0, 0x30,
    0x70, 0x7, 0xe2, 0x30, 0xa0, 0x60, 0x14, 0x0,
    0xfe, 0xa0, 0x60, 0xa0, 0x60, 0xf, 0xf3, 0x0,
    0x18,

    /* U+0103 "ă" */
    0x0, 0x56, 0x88, 0x4, 0xde, 0x60, 0x14, 0x97,
    0x6e, 0xba, 0x4c, 0xc0, 0x11, 0xd9, 0x91, 0xd,
    0xf0, 0x3, 0x93, 0x3f, 0xdb, 0x0, 0x1f, 0xfc,
    0x52, 0x8c, 0xff, 0xb1, 0x80, 0x21, 0xd7, 0x31,
    0x20, 0x39, 0x90, 0x0, 0x5e, 0xbb, 0x9b, 0xee,
    0xc, 0x40, 0x8, 0x51, 0x0, 0xa0, 0x41, 0x0,
    0x3f, 0x88, 0x4, 0x2, 0x26, 0x88, 0x4c, 0x88,
    0x2, 0x3c, 0xd9, 0x77, 0x33, 0x4, 0x0, 0x58,
    0x66, 0xae, 0xff, 0x8c, 0x1, 0x60, 0x38, 0xa2,
    0x1, 0xe5, 0x7, 0x0, 0xf1, 0x0, 0x1c, 0xc,
    0x3, 0x94, 0x40, 0x6, 0xa, 0x80, 0x13, 0x50,
    0x5, 0x22, 0x17, 0xdb, 0xf2, 0xd0, 0x0, 0x1f,
    0x61, 0x11, 0x1c, 0xc8, 0xc0, 0x0,

    /* U+0104 "Ą" */
    0x0, 0xfb, 0xbe, 0x0, 0x3f, 0xf8, 0x2a, 0x20,
    0xc0, 0x1f, 0xfc, 0x19, 0x2, 0x15, 0x0, 0xff,
    0x88, 0xc6, 0x2, 0x40, 0x3f, 0xeb, 0x7, 0x51,
    0x32, 0x0, 0xff, 0x38, 0x58, 0x38, 0x58, 0x7,
    0xf2, 0x89, 0x90, 0x58, 0x30, 0x7, 0xf4, 0x85,
    0x0, 0x8, 0xc1, 0x80, 0x3e, 0x23, 0x16, 0x0,
    0xa4, 0x28, 0x3, 0xeb, 0x7, 0x0, 0xca, 0x26,
    0x40, 0x1e, 0x60, 0x6f, 0xfe, 0x10, 0xb0, 0xe,
    0x60, 0xf, 0xf3, 0x0, 0x75, 0x4, 0x77, 0x7c,
    0x20, 0xc0, 0x11, 0x98, 0x18, 0x47, 0xe6, 0xa,
    0x0, 0xa8, 0x14, 0x40, 0x3e, 0xa0, 0x33, 0x0,
    0x18, 0x38, 0x3, 0xf1, 0x18, 0x50, 0x30, 0xa,
    0x0, 0x7f, 0x50, 0x30, 0x50, 0x30, 0x7, 0xf9,
    0x80, 0xd, 0x9f, 0x0, 0x1f, 0xe5, 0x9, 0x60,
    0xf, 0xfe, 0x1, 0x53, 0x30, 0x3, 0xff, 0x83,
    0x61, 0x40, 0x1f, 0xfc, 0x23, 0x5, 0x1, 0x0,
    0xff, 0xe0, 0x78, 0x4f, 0xc0, 0x7, 0xff, 0x1,
    0x72, 0x21, 0x40,

    /* U+0105 "ą" */
    0x0, 0x14, 0x67, 0xfd, 0x8c, 0x1, 0x87, 0x5c,
    0xc4, 0x80, 0xe6, 0x40, 0x10, 0xbd, 0x77, 0x37,
    0xdc, 0x18, 0x80, 0x28, 0x51, 0x0, 0xa0, 0x41,
    0x0, 0x3f, 0xc4, 0x2, 0x1, 0x89, 0xa2, 0x13,
    0x22, 0x0, 0xc7, 0x9b, 0x2e, 0xe6, 0x60, 0x80,
    0x45, 0x86, 0x6a, 0xef, 0xf8, 0xc0, 0x2b, 0x1,
    0xc5, 0x10, 0xf, 0x94, 0x1c, 0x3, 0xc4, 0x1,
    0x38, 0x18, 0x7, 0x28, 0x80, 0x46, 0xa, 0x80,
    0x13, 0x50, 0x6, 0x91, 0xb, 0xed, 0xf9, 0x68,
    0x0, 0x87, 0xd8, 0x44, 0x47, 0x32, 0x30, 0xc,
    0x33, 0xdf, 0xec, 0x60, 0x82, 0x60, 0xf, 0xea,
    0x3f, 0x10, 0xf, 0xc2, 0xa6, 0x40, 0x1f, 0xf1,
    0x8, 0x7, 0xf0, 0x98, 0xf7, 0x90, 0x7, 0xec,
    0x97, 0x92,

    /* U+0106 "Ć" */
    0x0, 0xfe, 0x18, 0x82, 0x80, 0x7f, 0xd0, 0xee,
    0x60, 0xf, 0xf2, 0x30, 0x59, 0x80, 0x7f, 0xd,
    0x6, 0x20, 0x7, 0xf8, 0x9b, 0x4c, 0x3, 0xfe,
    0x38, 0x20, 0xf, 0xfe, 0x6a, 0x4e, 0xff, 0xdb,
    0x4a, 0x1, 0x8b, 0x2d, 0x88, 0x2, 0x25, 0xa6,
    0x0, 0x16, 0x18, 0x2d, 0xf7, 0xf5, 0xb9, 0xb0,
    0x3, 0xc4, 0x2e, 0x90, 0x40, 0x52, 0x30, 0x0,
    0xe4, 0x16, 0x80, 0x1f, 0xea, 0x4, 0x40, 0x7,
    0xf8, 0x88, 0x1a, 0x1, 0xff, 0x38, 0x1, 0x0,
    0x3f, 0xe3, 0x0, 0x18, 0x7, 0xff, 0x38, 0xc0,
    0x6, 0x1, 0xff, 0x38, 0x1, 0xc0, 0x3f, 0xe2,
    0x10, 0xe0, 0xf, 0xfe, 0x3, 0x82, 0x18, 0x7,
    0xfd, 0x0, 0xd, 0x30, 0xf, 0xf0, 0xd0, 0xe,
    0x49, 0x88, 0x9, 0x2c, 0x0, 0x4b, 0x62, 0xd,
    0x9d, 0xfd, 0xb4, 0xc0, 0x19, 0x3a, 0x50, 0x40,
    0x22, 0x5b, 0x0,

    /* U+0107 "ć" */
    0x0, 0xfb, 0x7f, 0x84, 0x3, 0xd0, 0x43, 0x82,
    0x1, 0xc8, 0xe5, 0xe4, 0x1, 0xed, 0x7d, 0x10,
    0xf, 0xa6, 0x0, 0x3e, 0x39, 0xdf, 0xf6, 0xd1,
    0x80, 0x1f, 0x18, 0x80, 0x4, 0xac, 0xb, 0x0,
    0xbb, 0xfe, 0xc8, 0x50, 0xb0, 0x5a, 0x20, 0x1,
    0xb8, 0x20, 0x84, 0x0, 0x7c, 0x60, 0x24, 0x1,
    0xf7, 0x81, 0x80, 0x7f, 0xf1, 0xfc, 0xc, 0x3,
    0xf1, 0x80, 0x90, 0x7, 0xc8, 0x21, 0x0, 0x1f,
    0xa0, 0x16, 0x44, 0x0, 0x2c, 0x80, 0xcc, 0x6,
    0xef, 0xf7, 0x49, 0x0, 0x26, 0xd4, 0x40, 0x4,
    0xc8,

    /* U+0108 "Ĉ" */
    0x0, 0xf8, 0xe2, 0x2, 0x1, 0xfe, 0x1d, 0x77,
    0x50, 0x7, 0xf0, 0xe0, 0xb1, 0x24, 0x80, 0x7e,
    0xd2, 0x99, 0x6a, 0x34, 0x0, 0x78, 0xd3, 0x18,
    0x1, 0x74, 0x2, 0x1, 0xc7, 0x6, 0x1, 0x96,
    0x4, 0x3, 0xff, 0x92, 0x93, 0xbf, 0xf6, 0xd2,
    0x80, 0x62, 0xcb, 0x62, 0x0, 0x89, 0x69, 0x80,
    0x5, 0x86, 0xb, 0x7d, 0xfd, 0x6e, 0x6c, 0x0,
    0xf1, 0xb, 0xa4, 0x10, 0x14, 0x8c, 0x0, 0x39,
    0x5, 0xa0, 0x7, 0xfa, 0x81, 0x10, 0x1, 0xfe,
    0x22, 0x6, 0x80, 0x7f, 0xce, 0x0, 0x40, 0xf,
    0xf8, 0xc0, 0x6, 0x1, 0xff, 0xce, 0x30, 0x1,
    0x80, 0x7f, 0xce, 0x0, 0x70, 0xf, 0xf8, 0x84,
    0x38, 0x3, 0xff, 0x80, 0xe0, 0x86, 0x1, 0xff,
    0x40, 0x3, 0x4c, 0x3, 0xfc, 0x34, 0x3, 0x92,
    0x62, 0x2, 0x4b, 0x0, 0x12, 0xd8, 0x83, 0x67,
    0x7f, 0x6d, 0x30, 0x6, 0x4e, 0x94, 0x10, 0x8,
    0x96, 0xc0,

    /* U+0109 "ĉ" */
    0x0, 0xc7, 0xfe, 0xd0, 0xf, 0x16, 0x81, 0x13,
    0x0, 0x31, 0x60, 0x5e, 0xb9, 0xe0, 0x5, 0x6f,
    0xe8, 0x11, 0x8c, 0xc0, 0x4, 0xc8, 0x40, 0x23,
    0xa6, 0x0, 0x8e, 0x77, 0xfd, 0xb4, 0x60, 0x7,
    0xc6, 0x20, 0x1, 0x2b, 0x2, 0xc0, 0x2e, 0xff,
    0xb2, 0x14, 0x2c, 0x16, 0x88, 0x0, 0x6e, 0x8,
    0x21, 0x0, 0x1f, 0x18, 0x9, 0x0, 0x7d, 0xe0,
    0x60, 0x1f, 0xfc, 0x7f, 0x3, 0x0, 0xfc, 0x60,
    0x24, 0x1, 0xf2, 0x8, 0x40, 0x7, 0xe8, 0x5,
    0x91, 0x0, 0xb, 0x20, 0x33, 0x1, 0xbb, 0xfd,
    0xd2, 0x40, 0x9, 0xb5, 0x10, 0x1, 0x32, 0x0,

    /* U+010A "Ċ" */
    0x0, 0xf8, 0xb2, 0xc0, 0x3f, 0xf8, 0x8, 0x68,
    0x60, 0x1f, 0xf2, 0x9, 0x18, 0x7, 0xfc, 0x5d,
    0xa0, 0x1f, 0xfd, 0xc4, 0x9d, 0xff, 0xb6, 0x94,
    0x3, 0x16, 0x5b, 0x10, 0x4, 0x4b, 0x4c, 0x0,
    0x2c, 0x30, 0x5b, 0xef, 0xeb, 0x73, 0x60, 0x7,
    0x88, 0x5d, 0x20, 0x80, 0xa4, 0x60, 0x1, 0xc8,
    0x2d, 0x0, 0x3f, 0xd4, 0x8, 0x80, 0xf, 0xf1,
    0x10, 0x34, 0x3, 0xfe, 0x70, 0x2, 0x0, 0x7f,
    0xc6, 0x0, 0x30, 0xf, 0xfe, 0x71, 0x80, 0xc,
    0x3, 0xfe, 0x70, 0x3, 0x80, 0x7f, 0xc4, 0x21,
    0xc0, 0x1f, 0xfc, 0x7, 0x4, 0x30, 0xf, 0xfa,
    0x0, 0x1a, 0x60, 0x1f, 0xe1, 0xa0, 0x1c, 0x93,
    0x10, 0x12, 0x58, 0x0, 0x96, 0xc4, 0x1b, 0x3b,
    0xfb, 0x69, 0x80, 0x32, 0x74, 0xa0, 0x80, 0x44,
    0xb6, 0x0,

    /* U+010B "ċ" */
    0x0, 0xe9, 0xf6, 0x0, 0xfc, 0xe1, 0xa0, 0x1f,
    0xa4, 0xb8, 0x3, 0xf3, 0xea, 0x80, 0x7f, 0xf1,
    0x4e, 0x77, 0xfd, 0xb4, 0x60, 0x7, 0xc6, 0x20,
    0x1, 0x2b, 0x2, 0xc0, 0x2e, 0xff, 0xb2, 0x14,
    0x2c, 0x16, 0x88, 0x0, 0x6e, 0x8, 0x21, 0x0,
    0x1f, 0x18, 0x9, 0x0, 0x7d, 0xe0, 0x60, 0x1f,
    0xfc, 0x7f, 0x3, 0x0, 0xfc, 0x60, 0x24, 0x1,
    0xf2, 0x8, 0x40, 0x7, 0xe8, 0x5, 0x91, 0x0,
    0xb, 0x20, 0x33, 0x1, 0xbb, 0xfd, 0xd2, 0x40,
    0x9, 0xb5, 0x10, 0x1, 0x32, 0x0,

    /* U+010C "Č" */
    0x0, 0xc7, 0x6, 0x1, 0x96, 0x8, 0x3, 0x8d,
    0x31, 0x80, 0x15, 0x41, 0x20, 0xf, 0x69, 0x4c,
    0x62, 0xb4, 0x80, 0x7c, 0x38, 0x2e, 0x69, 0x20,
    0x1f, 0xc3, 0xae, 0xea, 0x0, 0xff, 0x8e, 0x20,
    0x20, 0x1f, 0xfc, 0xc4, 0x9d, 0xff, 0xb6, 0x94,
    0x3, 0x16, 0x5b, 0x10, 0x4, 0x4b, 0x4c, 0x0,
    0x2c, 0x30, 0x5b, 0xef, 0xeb, 0x73, 0x60, 0x7,
    0x88, 0x5d, 0x20, 0x80, 0xa4, 0x60, 0x1, 0xc8,
    0x2d, 0x0, 0x3f, 0xd4, 0x8, 0x80, 0xf, 0xf1,
    0x10, 0x34, 0x3, 0xfe, 0x70, 0x2, 0x0, 0x7f,
    0xc6, 0x0, 0x30, 0xf, 0xfe, 0x71, 0x80, 0xc,
    0x3, 0xfe, 0x70, 0x3, 0x80, 0x7f, 0xc4, 0x21,
    0xc0, 0x1f, 0xfc, 0x7, 0x4, 0x30, 0xf, 0xfa,
    0x0, 0x1a, 0x60, 0x1f, 0xe1, 0xa0, 0x1c, 0x93,
    0x10, 0x12, 0x58, 0x0, 0x96, 0xc4, 0x1b, 0x3b,
    0xfb, 0x69, 0x80, 0x32, 0x74, 0xa0, 0x80, 0x44,
    0xb6, 0x0,

    /* U+010D "č" */
    0x0, 0x5f, 0xb0, 0x5, 0x3f, 0x0, 0xb, 0x49,
    0xa2, 0xd6, 0x88, 0x0, 0x56, 0x8b, 0xa5, 0xe,
    0x1, 0xd6, 0xcb, 0xe, 0x1, 0xf4, 0xd3, 0x80,
    0x78, 0xe7, 0x7f, 0xdb, 0x46, 0x0, 0x7c, 0x62,
    0x0, 0x12, 0xb0, 0x2c, 0x2, 0xef, 0xfb, 0x21,
    0x42, 0xc1, 0x68, 0x80, 0x6, 0xe0, 0x82, 0x10,
    0x1, 0xf1, 0x80, 0x90, 0x7, 0xde, 0x6, 0x1,
    0xff, 0xc7, 0xf0, 0x30, 0xf, 0xc6, 0x2, 0x40,
    0x1f, 0x20, 0x84, 0x0, 0x7e, 0x80, 0x59, 0x10,
    0x0, 0xb2, 0x3, 0x30, 0x1b, 0xbf, 0xdd, 0x24,
    0x0, 0x9b, 0x51, 0x0, 0x13, 0x20,

    /* U+010E "Ď" */
    0x0, 0xb3, 0x94, 0x2, 0x8f, 0x80, 0xf, 0xb4,
    0xea, 0x2, 0xdd, 0xa0, 0x3, 0xe1, 0xc2, 0x7e,
    0x45, 0x90, 0xf, 0xe1, 0xf0, 0x12, 0xa0, 0xf,
    0xf8, 0xbf, 0xda, 0x1, 0xff, 0xcb, 0x7f, 0xff,
    0x76, 0x49, 0x80, 0x7f, 0xf0, 0x4, 0xdb, 0x30,
    0x40, 0x1c, 0x5f, 0xfb, 0xad, 0x40, 0xf4, 0xc0,
    0x3f, 0x85, 0x2b, 0x4, 0x34, 0x40, 0x3f, 0xe3,
    0xd0, 0x19, 0x0, 0xff, 0xe0, 0x1a, 0x83, 0x0,
    0x7f, 0xf0, 0x7c, 0x4, 0x80, 0x3f, 0xf8, 0xe,
    0x0, 0x70, 0xf, 0xfe, 0x1, 0x80, 0xc, 0x3,
    0xff, 0x86, 0x60, 0x1f, 0xfc, 0x2, 0x0, 0x8,
    0x7, 0xff, 0x1, 0x40, 0xa, 0x1, 0xff, 0xc0,
    0xa0, 0x21, 0x0, 0xff, 0x94, 0xc2, 0xc0, 0x3f,
    0xe5, 0xa0, 0x26, 0x0, 0xfc, 0x4b, 0x74, 0x3,
    0xe0, 0x18, 0xbf, 0xf6, 0xd2, 0x2, 0xf9, 0x0,
    0x7f, 0xa, 0x3e, 0xd0, 0x80, 0x40,

    /* U+010F "ď" */
    0x0, 0xff, 0x47, 0xe0, 0x3f, 0xe0, 0x7, 0xff,
    0xb, 0x42, 0x80, 0x3f, 0xf8, 0x4e, 0x2c, 0x1,
    0xff, 0xc1, 0x22, 0x40, 0x7, 0xff, 0x8, 0xb9,
    0x80, 0x33, 0x67, 0xfb, 0x60, 0x7c, 0x2, 0x10,
    0xd, 0x52, 0x60, 0x24, 0xff, 0xe0, 0xf, 0xa1,
    0x42, 0x3f, 0xbe, 0xc1, 0xc0, 0x3e, 0x70, 0x67,
    0x0, 0x93, 0x40, 0x3e, 0x40, 0x5, 0x80, 0x71,
    0x98, 0x3, 0xc6, 0x2, 0x40, 0x1e, 0x50, 0xf,
    0x78, 0x18, 0x7, 0xc2, 0x1, 0xf8, 0x40, 0x3e,
    0xf0, 0xf, 0x78, 0x10, 0x7, 0xde, 0x1, 0xe3,
    0x1, 0x10, 0x7, 0x8c, 0x3, 0xc8, 0x0, 0x90,
    0xe, 0x24, 0x0, 0xf9, 0xc1, 0xdc, 0x1, 0x1f,
    0x80, 0x7e, 0x84, 0x8, 0xfd, 0xfc, 0x9, 0x0,
    0xfd, 0x72, 0x60, 0x44, 0x7c, 0x40, 0xf, 0x0,

    /* U+0110 "Đ" */
    0x0, 0x27, 0xff, 0xbb, 0x24, 0xc0, 0x3f, 0xf8,
    0x42, 0x6d, 0x96, 0x40, 0x1f, 0xbf, 0xf7, 0x5a,
    0x82, 0x61, 0x80, 0x7f, 0xc2, 0x95, 0x82, 0x2d,
    0x0, 0xff, 0xe1, 0x1e, 0x80, 0xc0, 0x7, 0xff,
    0x8, 0xd4, 0x18, 0x3, 0xff, 0x87, 0xe0, 0x24,
    0x1, 0xff, 0xc2, 0x70, 0x3, 0x9f, 0xd8, 0x3,
    0xff, 0x50, 0x6, 0x30, 0x1, 0x80, 0x7f, 0xf1,
    0x4c, 0xdf, 0x60, 0xf, 0xfd, 0x40, 0x18, 0x80,
    0x2, 0x1, 0xff, 0xc2, 0x50, 0x2, 0x80, 0x7f,
    0xf0, 0xa8, 0x8, 0x40, 0x3f, 0xf8, 0x2a, 0x61,
    0x60, 0x1f, 0xfc, 0x15, 0xa0, 0x26, 0x0, 0xff,
    0x12, 0xdd, 0x1, 0x60, 0x7, 0xdf, 0xfb, 0x69,
    0x1, 0x70, 0x40, 0x3f, 0xe1, 0x48, 0xda, 0x10,
    0x8,

    /* U+0111 "đ" */
    0x0, 0xff, 0x47, 0xe0, 0x7, 0xd7, 0x7c, 0xa0,
    0x57, 0x0, 0x1c, 0x89, 0xc4, 0x2, 0x88, 0x0,
    0xef, 0xfe, 0x70, 0x3f, 0xc0, 0xf, 0xfe, 0x33,
    0x67, 0xfb, 0x60, 0x7c, 0x3, 0xd7, 0x26, 0x2,
    0x4f, 0xfe, 0x0, 0xe8, 0x40, 0x8f, 0xef, 0xb3,
    0x70, 0xe, 0x70, 0x67, 0x0, 0x93, 0x80, 0x39,
    0x0, 0x16, 0x1, 0xc6, 0x60, 0xc, 0x60, 0x2,
    0x0, 0xf2, 0x80, 0x6f, 0x2, 0x0, 0xf8, 0x40,
    0x3f, 0xf8, 0x5e, 0x1, 0xbc, 0xc, 0x3, 0xef,
    0x0, 0xc6, 0x2, 0x40, 0x1e, 0x30, 0xc, 0x80,
    0xa, 0x0, 0xe2, 0x40, 0xe, 0x70, 0x77, 0x0,
    0x47, 0xe0, 0x1e, 0x84, 0x8, 0xfd, 0xfc, 0x9,
    0x0, 0xf5, 0xc9, 0x81, 0x11, 0xf5, 0x0, 0x30,

    /* U+0112 "Ē" */
    0x0, 0x7f, 0xfd, 0x80, 0x11, 0x91, 0x79, 0x80,
    0x2c, 0xdd, 0xf5, 0x0, 0x7f, 0xf0, 0x1f, 0xff,
    0xfb, 0x80, 0x3f, 0xf8, 0x25, 0xff, 0xf7, 0x0,
    0x7f, 0xf8, 0x8b, 0xff, 0xe6, 0x0, 0xff, 0xe0,
    0x97, 0xff, 0xcc, 0x1, 0xff, 0xf8, 0x2f, 0xff,
    0xb8, 0x3, 0xfe,

    /* U+0113 "ē" */
    0x0, 0x36, 0xef, 0xc6, 0x1, 0x84, 0x8b, 0xe7,
    0x0, 0xcf, 0xff, 0xf2, 0x0, 0x7f, 0xf1, 0x8e,
    0xbb, 0xfa, 0xd4, 0x3, 0x9f, 0x14, 0x46, 0x4a,
    0xa0, 0x4, 0xb0, 0x13, 0xfd, 0xf4, 0xa, 0xe0,
    0x8, 0x9, 0x60, 0x9, 0x64, 0x20, 0xc, 0x81,
    0x80, 0x39, 0xc0, 0x6, 0xa0, 0xc, 0xcf, 0x68,
    0x1, 0xb8, 0x0, 0x67, 0xf0, 0x7, 0x17, 0xff,
    0xf2, 0xf8, 0x10, 0x7, 0xf8, 0xc0, 0x6, 0x1,
    0xfc, 0x82, 0x1e, 0x1, 0xfe, 0xb0, 0x3c, 0x30,
    0x8, 0x9e, 0x40, 0xb, 0x20, 0x79, 0xfd, 0xfb,
    0x4, 0x1, 0x36, 0xb1, 0x0, 0x81, 0xbc, 0x80,

    /* U+0114 "Ĕ" */
    0x0, 0x41, 0x0, 0x64, 0x70, 0x9, 0xa4, 0x80,
    0x9, 0x58, 0x1, 0x42, 0x6f, 0xfa, 0xc6, 0x0,
    0x26, 0xb5, 0x33, 0x36, 0x98, 0x6, 0x4a, 0xcc,
    0x49, 0x0, 0x7f, 0xf0, 0x5f, 0xff, 0xfb, 0x80,
    0x3f, 0xf8, 0x25, 0xff, 0xf7, 0x0, 0x7f, 0xf8,
    0x8b, 0xff, 0xe6, 0x0, 0xff, 0xe0, 0x97, 0xff,
    0xcc, 0x1, 0xff, 0xf8, 0x2f, 0xff, 0xb8, 0x3,
    0xfe,

    /* U+0115 "ĕ" */
    0x0, 0x47, 0x8, 0x4, 0x9e, 0xa0, 0x1a, 0x87,
    0xb7, 0x5d, 0x64, 0xa0, 0x18, 0xb1, 0x8, 0x80,
    0xd8, 0x1, 0xe3, 0xbf, 0xf7, 0x48, 0x80, 0x7f,
    0xf1, 0xce, 0xbb, 0xfa, 0xd4, 0x3, 0x9f, 0x14,
    0x46, 0x4a, 0xa0, 0x4, 0xb0, 0x13, 0xfd, 0xf4,
    0xa, 0xe0, 0x8, 0x9, 0x60, 0x9, 0x64, 0x20,
    0xc, 0x81, 0x80, 0x39, 0xc0, 0x6, 0xa0, 0xc,
    0xcf, 0x68, 0x1, 0xb8, 0x0, 0x67, 0xf0, 0x7,
    0x17, 0xff, 0xf2, 0xf8, 0x10, 0x7, 0xf8, 0xc0,
    0x6, 0x1, 0xfc, 0x82, 0x1e, 0x1, 0xfe, 0xb0,
    0x3c, 0x30, 0x8, 0x9e, 0x40, 0xb, 0x20, 0x79,
    0xfd, 0xfb, 0x4, 0x1, 0x36, 0xb1, 0x0, 0x81,
    0xbc, 0x80,

    /* U+0116 "Ė" */
    0x0, 0xc3, 0x96, 0x1, 0xf9, 0xd, 0x10, 0x1,
    0xf3, 0x89, 0x28, 0x7, 0xc5, 0xda, 0x20, 0x1f,
    0xfc, 0xd7, 0xff, 0xfe, 0xe0, 0xf, 0xfe, 0x9,
    0x7f, 0xfd, 0xc0, 0x1f, 0xfe, 0x22, 0xff, 0xf9,
    0x80, 0x3f, 0xf8, 0x25, 0xff, 0xf3, 0x0, 0x7f,
    0xfe, 0xb, 0xff, 0xee, 0x0, 0xff, 0x80,

    /* U+0117 "ė" */
    0x0, 0xe9, 0xf6, 0x0, 0xff, 0x38, 0x68, 0x7,
    0xfa, 0x4b, 0x80, 0x3f, 0xcf, 0xaa, 0x1, 0xff,
    0xc9, 0x3a, 0xef, 0xeb, 0x50, 0xe, 0x7c, 0x51,
    0x19, 0x2a, 0x80, 0x12, 0xc0, 0x4f, 0xf7, 0xd0,
    0x2b, 0x80, 0x20, 0x25, 0x80, 0x25, 0x90, 0x80,
    0x32, 0x6, 0x0, 0xe7, 0x0, 0x1a, 0x80, 0x33,
    0x3d, 0xa0, 0x6, 0xe0, 0x1, 0x9f, 0xc0, 0x1c,
    0x5f, 0xff, 0xcb, 0xe0, 0x40, 0x1f, 0xe3, 0x0,
    0x18, 0x7, 0xf2, 0x8, 0x78, 0x7, 0xfa, 0xc0,
    0xf0, 0xc0, 0x22, 0x79, 0x0, 0x2c, 0x81, 0xe7,
    0xf7, 0xec, 0x10, 0x4, 0xda, 0xc4, 0x2, 0x6,
    0xf2, 0x0,

    /* U+0118 "Ę" */
    0x7f, 0xff, 0xee, 0x0, 0xff, 0xe0, 0x97, 0xff,
    0xdc, 0x1, 0xff, 0xe2, 0x2f, 0xff, 0x98, 0x3,
    0xff, 0x82, 0x5f, 0xff, 0x30, 0x7, 0xff, 0xe0,
    0xbf, 0xfe, 0xe0, 0xf, 0xf9, 0xff, 0xfd, 0x80,
    0xdc, 0x1, 0xe1, 0xd3, 0x90, 0xf, 0x9c, 0x68,
    0x3, 0xf0, 0x87, 0x80, 0x80, 0x79, 0x41, 0xbf,
    0x40, 0x3c, 0x5b, 0xf, 0x0,

    /* U+0119 "ę" */
    0x0, 0x8e, 0xbb, 0xfa, 0xd4, 0x3, 0x9f, 0x14,
    0x46, 0x4a, 0xa0, 0x4, 0xb0, 0x13, 0xfd, 0xf4,
    0xa, 0xe0, 0x8, 0x9, 0x60, 0x9, 0x64, 0x20,
    0xc, 0x81, 0x80, 0x39, 0xc0, 0x6, 0xa0, 0xc,
    0xcf, 0x68, 0x1, 0xb8, 0x0, 0x67, 0xf0, 0x7,
    0x17, 0xff, 0xf2, 0xf8, 0x10, 0x7, 0xf8, 0xc0,
    0x6, 0x1, 0xfc, 0x82, 0x1e, 0x1, 0xfe, 0xb0,
    0x3c, 0x30, 0x8, 0x9e, 0x40, 0xb, 0x20, 0x79,
    0xfd, 0xfb, 0x4, 0x1, 0x36, 0xb1, 0x0, 0x80,
    0x5e, 0x1, 0x8a, 0x77, 0xfc, 0xc1, 0x88, 0x1,
    0xf9, 0x1a, 0xc, 0x3, 0xfb, 0xc1, 0x40, 0x3f,
    0xf8, 0xe, 0x1, 0xfe, 0xe0, 0xaf, 0x80, 0xf,
    0xcb, 0x91, 0xa, 0x0,

    /* U+011A "Ě" */
    0x4, 0xfb, 0x10, 0x1, 0x6f, 0x10, 0x25, 0x27,
    0x92, 0x69, 0x69, 0x0, 0x16, 0x47, 0x2c, 0x30,
    0xc0, 0x33, 0x30, 0x42, 0x4c, 0x3, 0xd3, 0xfe,
    0x60, 0xf, 0xfe, 0x13, 0xff, 0xff, 0x70, 0x7,
    0xff, 0x4, 0xbf, 0xfe, 0xe0, 0xf, 0xff, 0x11,
    0x7f, 0xfc, 0xc0, 0x1f, 0xfc, 0x12, 0xff, 0xf9,
    0x80, 0x3f, 0xff, 0x5, 0xff, 0xf7, 0x0, 0x7f,
    0xc0,

    /* U+011B "ě" */
    0x0, 0x5f, 0xb0, 0x5, 0x3f, 0x0, 0x1a, 0xd2,
    0x68, 0xb5, 0xa2, 0x0, 0x1d, 0x68, 0xba, 0x50,
    0xe0, 0x1f, 0x5b, 0x2c, 0x38, 0x7, 0xf4, 0xd3,
    0x80, 0x7e, 0x3a, 0xef, 0xeb, 0x50, 0xe, 0x7c,
    0x51, 0x19, 0x2a, 0x80, 0x12, 0xc0, 0x4f, 0xf7,
    0xd0, 0x2b, 0x80, 0x20, 0x25, 0x80, 0x25, 0x90,
    0x80, 0x32, 0x6, 0x0, 0xe7, 0x0, 0x1a, 0x80,
    0x33, 0x3d, 0xa0, 0x6, 0xe0, 0x1, 0x9f, 0xc0,
    0x1c, 0x5f, 0xff, 0xcb, 0xe0, 0x40, 0x1f, 0xe3,
    0x0, 0x18, 0x7, 0xf2, 0x8, 0x78, 0x7, 0xfa,
    0xc0, 0xf0, 0xc0, 0x22, 0x79, 0x0, 0x2c, 0x81,
    0xe7, 0xf7, 0xec, 0x10, 0x4, 0xda, 0xc4, 0x2,
    0x6, 0xf2, 0x0,

    /* U+011C "Ĝ" */
    0x0, 0xfc, 0xd0, 0xc0, 0x1f, 0xfc, 0x6, 0x97,
    0x96, 0x0, 0xff, 0x24, 0x84, 0x4, 0xa0, 0x7,
    0xe3, 0xb1, 0xc7, 0xc1, 0xb3, 0x0, 0xf9, 0x63,
    0xcc, 0xf, 0xe1, 0x0, 0x3e, 0x67, 0x10, 0x8,
    0x5d, 0xc0, 0x1f, 0xfc, 0xb1, 0x7b, 0xef, 0xfb,
    0x69, 0x40, 0x3a, 0x7a, 0x10, 0x40, 0x22, 0x5a,
    0x80, 0x0, 0xe3, 0x1, 0xce, 0xff, 0xba, 0xdc,
    0xe4, 0x1, 0x46, 0x13, 0x8c, 0x40, 0x1, 0x48,
    0xc1, 0x6, 0x40, 0x96, 0x0, 0xff, 0xac, 0xd,
    0x80, 0x3f, 0xe1, 0x20, 0xa0, 0xf, 0xfe, 0x2,
    0x0, 0x10, 0x3, 0xff, 0x80, 0x60, 0x2, 0x0,
    0xe6, 0xff, 0xf0, 0x7, 0xff, 0x10, 0xc0, 0x4,
    0x1, 0xcd, 0xff, 0x48, 0x1, 0xc0, 0xe, 0x1,
    0xfc, 0x60, 0x2, 0x10, 0xe0, 0xf, 0xfe, 0xb,
    0x2, 0x18, 0x7, 0xff, 0x2, 0x4, 0x34, 0xc0,
    0x3f, 0xf8, 0x1a, 0x3, 0x94, 0x82, 0x0, 0x13,
    0xc0, 0xc, 0x7a, 0x40, 0xb7, 0xdf, 0xee, 0xc6,
    0x0, 0xe2, 0xda, 0x52, 0x0, 0x84, 0x96, 0x30,

    /* U+011D "ĝ" */
    0x0, 0xed, 0xff, 0x18, 0x7, 0xeb, 0x22, 0x6,
    0x98, 0x7, 0xad, 0x1f, 0x6c, 0x34, 0xc0, 0x32,
    0x8d, 0xc0, 0x27, 0xbd, 0x0, 0x65, 0xa4, 0x0,
    0x86, 0x64, 0x1, 0xcd, 0x9f, 0xed, 0x81, 0x17,
    0xe0, 0x2, 0xa4, 0xc0, 0x49, 0xf1, 0xc0, 0x27,
    0x50, 0x7f, 0xef, 0xa3, 0x90, 0xa, 0x41, 0xa0,
    0x2, 0x5d, 0x0, 0x90, 0x42, 0xc0, 0x38, 0xcc,
    0x0, 0x30, 0x12, 0x0, 0xf2, 0x0, 0x3c, 0xc,
    0x3, 0xef, 0x0, 0xc2, 0x1, 0xfe, 0xf0, 0x20,
    0xf, 0xbc, 0x0, 0x60, 0x22, 0x0, 0xf1, 0x0,
    0x10, 0x1, 0x20, 0x1c, 0x2a, 0x1, 0x38, 0x3b,
    0x80, 0x22, 0xd0, 0xd, 0x8, 0x11, 0xfb, 0xda,
    0x4c, 0x1, 0xae, 0x4c, 0x8, 0xdf, 0xf8, 0x3,
    0x9b, 0x3f, 0xdb, 0x3, 0xe0, 0x1f, 0xfc, 0x2,
    0x6, 0x0, 0xfe, 0x25, 0xc, 0x6, 0x84, 0x0,
    0xc9, 0xe0, 0x2e, 0x2, 0xf7, 0xfd, 0xcf, 0xb2,
    0xa, 0x10, 0x68, 0x41, 0x18, 0x9, 0xf9, 0x0,

    /* U+011E "Ğ" */
    0x0, 0xe7, 0xf0, 0xe, 0xf7, 0x0, 0xf9, 0x2,
    0x4, 0xa, 0x41, 0x0, 0x3e, 0x35, 0x7e, 0xfd,
    0x66, 0x18, 0x7, 0xea, 0x94, 0x34, 0xa9, 0x0,
    0xff, 0x35, 0xe5, 0xa8, 0x7, 0xff, 0x34, 0x5e,
    0xfb, 0xfe, 0xda, 0x50, 0xe, 0x9e, 0x84, 0x10,
    0x8, 0x96, 0xa0, 0x0, 0x38, 0xc0, 0x73, 0xbf,
    0xee, 0xb7, 0x39, 0x0, 0x51, 0x84, 0xe3, 0x10,
    0x0, 0x52, 0x30, 0x41, 0x90, 0x25, 0x80, 0x3f,
    0xeb, 0x3, 0x60, 0xf, 0xf8, 0x48, 0x28, 0x3,
    0xff, 0x80, 0x80, 0x4, 0x0, 0xff, 0xe0, 0x18,
    0x0, 0x80, 0x39, 0xbf, 0xfc, 0x1, 0xff, 0xc4,
    0x30, 0x1, 0x0, 0x73, 0x7f, 0xd2, 0x0, 0x70,
    0x3, 0x80, 0x7f, 0x18, 0x0, 0x84, 0x38, 0x3,
    0xff, 0x82, 0xc0, 0x86, 0x1, 0xff, 0xc0, 0x81,
    0xd, 0x30, 0xf, 0xfe, 0x6, 0x80, 0xe5, 0x20,
    0x80, 0x4, 0xf0, 0x3, 0x1e, 0x90, 0x2d, 0xf7,
    0xfb, 0xb1, 0x80, 0x38, 0xb6, 0x94, 0x80, 0x21,
    0x25, 0x8c,

    /* U+011F "ğ" */
    0x0, 0x1f, 0xa8, 0x4, 0x3b, 0x40, 0x18, 0xcd,
    0x5d, 0xba, 0xe2, 0x90, 0xe, 0xd6, 0x2, 0x22,
    0x61, 0x80, 0x70, 0xcf, 0x7f, 0xac, 0xc0, 0x3f,
    0xf8, 0xed, 0x9f, 0xed, 0x81, 0x17, 0xe0, 0x2,
    0xa4, 0xc0, 0x49, 0xf1, 0xc0, 0x27, 0x50, 0x7f,
    0xef, 0xa3, 0x90, 0xa, 0x41, 0xa0, 0x2, 0x5d,
    0x0, 0x90, 0x42, 0xc0, 0x38, 0xcc, 0x0, 0x30,
    0x12, 0x0, 0xf2, 0x0, 0x3c, 0xc, 0x3, 0xef,
    0x0, 0xc2, 0x1, 0xfe, 0xf0, 0x20, 0xf, 0xbc,
    0x0, 0x60, 0x22, 0x0, 0xf1, 0x0, 0x10, 0x1,
    0x20, 0x1c, 0x2a, 0x1, 0x38, 0x3b, 0x80, 0x22,
    0xd0, 0xd, 0x8, 0x11, 0xfb, 0xda, 0x4c, 0x1,
    0xae, 0x4c, 0x8, 0xdf, 0xf8, 0x3, 0x9b, 0x3f,
    0xdb, 0x3, 0xe0, 0x1f, 0xfc, 0x2, 0x6, 0x0,
    0xfe, 0x25, 0xc, 0x6, 0x84, 0x0, 0xc9, 0xe0,
    0x2e, 0x2, 0xf7, 0xfd, 0xcf, 0xb2, 0xa, 0x10,
    0x68, 0x41, 0x18, 0x9, 0xf9, 0x0,

    /* U+0120 "Ġ" */
    0x0, 0xfc, 0xba, 0xc0, 0x1f, 0xfc, 0x19, 0x2b,
    0x0, 0xff, 0xe0, 0xd8, 0x28, 0x7, 0xff, 0x5,
    0xfe, 0x0, 0x3f, 0xfb, 0xc2, 0xf7, 0xdf, 0xf6,
    0xd2, 0x80, 0x74, 0xf4, 0x20, 0x80, 0x44, 0xb5,
    0x0, 0x1, 0xc6, 0x3, 0x9d, 0xff, 0x75, 0xb9,
    0xc8, 0x2, 0x8c, 0x27, 0x18, 0x80, 0x2, 0x91,
    0x82, 0xc, 0x81, 0x2c, 0x1, 0xff, 0x58, 0x1b,
    0x0, 0x7f, 0xc2, 0x41, 0x40, 0x1f, 0xfc, 0x4,
    0x0, 0x20, 0x7, 0xff, 0x0, 0xc0, 0x4, 0x1,
    0xcd, 0xff, 0xe0, 0xf, 0xfe, 0x21, 0x80, 0x8,
    0x3, 0x9b, 0xfe, 0x90, 0x3, 0x80, 0x1c, 0x3,
    0xf8, 0xc0, 0x4, 0x21, 0xc0, 0x1f, 0xfc, 0x16,
    0x4, 0x30, 0xf, 0xfe, 0x4, 0x8, 0x69, 0x80,
    0x7f, 0xf0, 0x34, 0x7, 0x29, 0x4, 0x0, 0x27,
    0x80, 0x18, 0xf4, 0x81, 0x6f, 0xbf, 0xdd, 0x8c,
    0x1, 0xc5, 0xb4, 0xa4, 0x1, 0x9, 0x2c, 0x60,

    /* U+0121 "ġ" */
    0x0, 0xe4, 0xfb, 0x0, 0xff, 0x68, 0x20, 0x7,
    0xfa, 0x89, 0x80, 0x3f, 0xc7, 0xb2, 0x1, 0xff,
    0xc9, 0x6c, 0xff, 0x6c, 0x8, 0xbf, 0x0, 0x15,
    0x26, 0x2, 0x4f, 0x8e, 0x1, 0x3a, 0x83, 0xff,
    0x7d, 0x1c, 0x80, 0x52, 0xd, 0x0, 0x12, 0xe8,
    0x4, 0x82, 0x16, 0x1, 0xc6, 0x60, 0x1, 0x80,
    0x90, 0x7, 0x90, 0x1, 0xe0, 0x60, 0x1f, 0x78,
    0x6, 0x10, 0xf, 0xf7, 0x81, 0x0, 0x7d, 0xe0,
    0x3, 0x1, 0x10, 0x7, 0x88, 0x0, 0x80, 0x9,
    0x0, 0xe1, 0x50, 0x9, 0xc1, 0xdc, 0x1, 0x16,
    0x80, 0x68, 0x40, 0x8f, 0xde, 0xd2, 0x60, 0xd,
    0x72, 0x60, 0x46, 0xff, 0xc0, 0x1c, 0xd9, 0xfe,
    0xd8, 0x1f, 0x0, 0xff, 0xe0, 0x10, 0x30, 0x7,
    0xf1, 0x28, 0x60, 0x34, 0x20, 0x6, 0x4f, 0x1,
    0x70, 0x17, 0xbf, 0xee, 0x7d, 0x90, 0x50, 0x83,
    0x42, 0x8, 0xc0, 0x4f, 0xc8, 0x0,

    /* U+0122 "Ģ" */
    0x0, 0xe1, 0x7b, 0xef, 0xfb, 0x69, 0x40, 0x3a,
    0x7a, 0x10, 0x40, 0x22, 0x5a, 0x80, 0x0, 0xe3,
    0x1, 0xce, 0xff, 0xb6, 0x98, 0x68, 0x1, 0x46,
    0x13, 0x8c, 0x40, 0x2, 0x59, 0xe2, 0x6, 0x40,
    0x96, 0x0, 0xff, 0xac, 0xd, 0x80, 0x3f, 0xe1,
    0x20, 0xa0, 0xf, 0xfe, 0x2, 0x0, 0x10, 0x3,
    0xff, 0x80, 0x60, 0x2, 0x0, 0xff, 0xe4, 0xb7,
    0xff, 0x8c, 0x0, 0x40, 0x1f, 0xfc, 0x7, 0x0,
    0x38, 0x7, 0x37, 0xfd, 0x40, 0x2, 0x10, 0xe0,
    0xf, 0xfe, 0xb, 0x2, 0x18, 0x7, 0xff, 0x2,
    0x4, 0x34, 0xc0, 0x3f, 0xf8, 0x1a, 0x3, 0x94,
    0x82, 0x1, 0x16, 0x80, 0x63, 0xd2, 0x5, 0xbe,
    0xff, 0xb5, 0xc0, 0x38, 0xb6, 0x94, 0x80, 0x21,
    0x25, 0x8c, 0x0, 0xe5, 0xad, 0xff, 0xbb, 0x69,
    0xcc, 0x3, 0xf8, 0x44, 0x1, 0xff, 0xc1, 0x3e,
    0xe0, 0x7, 0xff, 0x5, 0x1, 0x80, 0x3f, 0xf8,
    0x36, 0x10, 0x1, 0xff, 0xc0, 0x13, 0x91, 0x0,
    0xe0,

    /* U+0123 "ģ" */
    0x0, 0xf1, 0xfa, 0x80, 0x7f, 0xb8, 0x14, 0x3,
    0xf9, 0x49, 0x0, 0x3f, 0xd2, 0x18, 0x1, 0xfe,
    0xde, 0x70, 0xf, 0xcd, 0x9d, 0xcd, 0x81, 0x17,
    0xe0, 0x2, 0xa4, 0xc0, 0x49, 0xf1, 0xc0, 0x27,
    0x50, 0x7f, 0xef, 0xa3, 0x90, 0xa, 0x41, 0xa0,
    0x2, 0x5d, 0x0, 0x90, 0x42, 0xc0, 0x38, 0xcc,
    0x0, 0x30, 0x12, 0x0, 0xf2, 0x0, 0x3c, 0xc,
    0x3, 0xef, 0x0, 0xc2, 0x1, 0xfe, 0xf0, 0x20,
    0xf, 0xbc, 0x0, 0x60, 0x22, 0x0, 0xf1, 0x0,
    0x10, 0x1, 0x20, 0x1c, 0x2a, 0x1, 0x38, 0x3b,
    0x80, 0x22, 0xd0, 0xd, 0x8, 0x11, 0xfb, 0xda,
    0x4c, 0x1, 0xae, 0x4c, 0x8, 0xdf, 0xf8, 0x3,
    0x9b, 0x3f, 0xdb, 0x3, 0xe0, 0x1f, 0xfc, 0x2,
    0x6, 0x0, 0xfe, 0x25, 0xc, 0x6, 0x84, 0x0,
    0xc9, 0xe0, 0x2e, 0x2, 0xf7, 0xfd, 0xcf, 0xb2,
    0xa, 0x10, 0x68, 0x41, 0x18, 0x9, 0xf9, 0x0,

    /* U+0124 "Ĥ" */
    0x0, 0xf6, 0xff, 0x88, 0x3, 0xfd, 0x64, 0x21,
    0xe2, 0x1, 0xfa, 0x51, 0x1c, 0xc5, 0xa0, 0x1f,
    0x3b, 0x3d, 0x84, 0xc8, 0xf0, 0x3, 0xcf, 0xf0,
    0x1, 0x37, 0xe0, 0x7, 0xff, 0x19, 0xff, 0x40,
    0x3f, 0xab, 0xec, 0x3, 0xff, 0xfe, 0x1, 0xff,
    0xc5, 0x2f, 0xff, 0xe5, 0x0, 0xff, 0xe3, 0x97,
    0xff, 0xf2, 0x80, 0x7f, 0xff, 0xc0, 0x3f, 0xfc,
    0x60,

    /* U+0125 "ĥ" */
    0x0, 0xcf, 0xa, 0x1, 0xff, 0xc0, 0x88, 0x3d,
    0x20, 0x7, 0xf9, 0x9c, 0x5c, 0x2c, 0x80, 0x3f,
    0x2c, 0x9f, 0xc5, 0x86, 0x10, 0x7, 0xc5, 0x38,
    0x20, 0x9d, 0x2e, 0x1, 0xf3, 0xb0, 0x6, 0x17,
    0x50, 0xf, 0xfe, 0x76, 0x7c, 0x0, 0x7f, 0xff,
    0xc0, 0x37, 0x84, 0x6f, 0xfb, 0x60, 0x40, 0x3e,
    0xfd, 0x72, 0x10, 0x27, 0xc1, 0x0, 0xf3, 0x9d,
    0xff, 0x7c, 0x81, 0x48, 0x7, 0xda, 0x80, 0x13,
    0x30, 0x14, 0x3, 0xc6, 0x60, 0xe, 0xc0, 0x20,
    0xf, 0x28, 0x7, 0x84, 0x3, 0xf0, 0x80, 0x7f,
    0xff, 0xc0, 0x3f, 0xfc, 0x40,

    /* U+0126 "Ħ" */
    0x0, 0x3f, 0xe8, 0x7, 0xf5, 0x7d, 0x80, 0x7f,
    0xf7, 0xff, 0xd0, 0x5, 0xff, 0xfc, 0xa0, 0x9f,
    0xe3, 0x22, 0x8, 0x0, 0x8b, 0xf8, 0x2, 0x22,
    0x6, 0xea, 0x40, 0xb7, 0x7f, 0x94, 0x13, 0x74,
    0x60, 0x1f, 0xfc, 0xc2, 0xff, 0xfe, 0x50, 0xf,
    0xfe, 0x89, 0x7f, 0xff, 0x28, 0x7, 0xff, 0xfc,
    0x3, 0xff, 0xfe, 0x1, 0xff, 0xc3,

    /* U+0127 "ħ" */
    0x0, 0x67, 0xc0, 0x7, 0xff, 0x2f, 0x3c, 0xc1,
    0xff, 0xf8, 0x3, 0x22, 0x0, 0x4, 0x89, 0xc0,
    0x1a, 0x2c, 0xc1, 0x6e, 0xf8, 0x3, 0xf7, 0x84,
    0x6f, 0xfb, 0x60, 0x3, 0xdf, 0xae, 0x42, 0x4,
    0xfa, 0x1, 0xce, 0x75, 0xfd, 0xf2, 0x4, 0xe0,
    0x1d, 0xaa, 0x1, 0x32, 0x85, 0x80, 0x62, 0x30,
    0xe, 0xf0, 0x20, 0xc, 0x80, 0x1e, 0x10, 0x10,
    0xc, 0x20, 0x1f, 0xff, 0xf0, 0xf, 0xfe, 0xa0,

    /* U+0128 "Ĩ" */
    0x3, 0xdf, 0xd8, 0x30, 0x7f, 0x10, 0xd2, 0x29,
    0xf3, 0xe1, 0x4, 0xcb, 0x75, 0xf2, 0xa6, 0xf6,
    0x7, 0x84, 0x0, 0x6a, 0xc8, 0x0, 0xff, 0xe1,
    0xff, 0xfb, 0x0, 0x34, 0xa8, 0x0, 0x5a, 0x0,
    0x33, 0x51, 0x83, 0xca, 0x0, 0x7f, 0xff, 0xc0,
    0x3f, 0xff, 0x8d, 0x46, 0xf, 0x28, 0x1, 0xa5,
    0x40, 0x2, 0xd0, 0x0,

    /* U+0129 "ĩ" */
    0x4, 0xdf, 0xd8, 0x20, 0x8f, 0x1, 0xb2, 0x29,
    0xf7, 0xdd, 0x41, 0x4f, 0xb7, 0xa5, 0xd, 0xe8,
    0x13, 0x4, 0x5, 0xaf, 0x20, 0x3, 0xd9, 0xf0,
    0x1, 0xff, 0xff, 0x0, 0xff, 0xfe, 0x0,

    /* U+012A "Ī" */
    0x7f, 0xff, 0x90, 0x8b, 0xf3, 0xae, 0xef, 0xc6,
    0x1, 0xfe, 0xff, 0xf6, 0x0, 0x25, 0x40, 0x2,
    0xd0, 0x0, 0x6a, 0x30, 0x79, 0x40, 0xf, 0xff,
    0xf8, 0x7, 0xff, 0x81, 0xa8, 0xc1, 0xe5, 0x0,
    0x12, 0xa0, 0x1, 0x68, 0x0,

    /* U+012B "ī" */
    0x8f, 0xff, 0x8f, 0x88, 0xbe, 0x16, 0xdd, 0xf8,
    0x80, 0x2c, 0xf8, 0x0, 0xff, 0xff, 0x80, 0x7f,
    0xf8, 0x40,

    /* U+012C "Ĭ" */
    0x46, 0x0, 0xe8, 0x32, 0x95, 0x0, 0xc, 0xb8,
    0x31, 0x57, 0xfb, 0x99, 0x4c, 0x31, 0xd0, 0xd2,
    0xa8, 0x0, 0x18, 0xbc, 0xb5, 0x0, 0xff, 0xe0,
    0x7f, 0xfb, 0x0, 0x12, 0xa0, 0x1, 0x68, 0x0,
    0x35, 0x18, 0x3c, 0xa0, 0x7, 0xff, 0xfc, 0x3,
    0xff, 0xc0, 0xd4, 0x60, 0xf2, 0x80, 0x9, 0x50,
    0x0, 0xb4, 0x0,

    /* U+012D "ĭ" */
    0xac, 0x0, 0xc5, 0xeb, 0x86, 0xc2, 0x5, 0x20,
    0x8c, 0x73, 0xdf, 0xa9, 0x22, 0x18, 0xe6, 0x65,
    0xb6, 0x0, 0xa3, 0x31, 0x48, 0x1, 0xd9, 0xf0,
    0x1, 0xff, 0xff, 0x0, 0xff, 0xf0, 0x80,

    /* U+012E "Į" */
    0xff, 0xf6, 0x4a, 0x80, 0x5, 0xa1, 0xa8, 0xc1,
    0xe5, 0x0, 0x3f, 0xff, 0xe0, 0x1f, 0xfc, 0x46,
    0xa3, 0x7, 0x94, 0x95, 0x0, 0xb, 0x47, 0xfd,
    0x60, 0xf8, 0x0, 0x1a, 0x48, 0x0, 0x98, 0x78,
    0x3, 0x78, 0x68, 0x8, 0x2, 0xc1, 0xfe, 0x80,
    0x7, 0xb1, 0xf,

    /* U+012F "į" */
    0x0, 0x57, 0xb0, 0x1, 0x43, 0x0, 0x10, 0x5c,
    0x0, 0x7d, 0x40, 0xf, 0xb3, 0xe0, 0x3, 0xff,
    0xec, 0x22, 0x38, 0xd, 0x3d, 0x3, 0x32, 0x8,
    0x38, 0x30, 0xa, 0x9, 0xff, 0x7, 0xcb, 0xc8,

    /* U+0130 "İ" */
    0x0, 0x3e, 0xa8, 0x6, 0x92, 0xe0, 0xc, 0xc1,
    0xa0, 0x1a, 0x3d, 0x80, 0x3f, 0xf8, 0x9f, 0xfe,
    0xc9, 0x50, 0x0, 0xb4, 0x35, 0x18, 0x3c, 0xa0,
    0x7, 0xff, 0xfc, 0x3, 0xff, 0x88, 0xd4, 0x60,
    0xf2, 0x92, 0xa0, 0x1, 0x68,

    /* U+0131 "ı" */
    0xcf, 0x80, 0xf, 0xfe, 0xd8,

    /* U+0132 "Ĳ" */
    0xff, 0xf6, 0x0, 0x59, 0xf1, 0x2a, 0x0, 0x16,
    0x80, 0xf, 0x35, 0x18, 0x3c, 0xa0, 0x7, 0xff,
    0xfc, 0x3, 0xff, 0xfe, 0x1, 0xff, 0xcd, 0x6a,
    0x30, 0x79, 0x40, 0xf, 0x4a, 0x80, 0x5, 0xa0,
    0x3, 0xdf, 0xfe, 0xc0, 0x8, 0x40, 0x3f, 0xe1,
    0x20, 0xe0, 0xf, 0x10, 0x15, 0x0, 0x1c, 0x3,
    0x8f, 0x7f, 0x50, 0x24, 0x40, 0x38, 0x44, 0x0,
    0x4b, 0x60,

    /* U+0133 "ĳ" */
    0xaf, 0x60, 0x8, 0x77, 0x89, 0x43, 0x0, 0x22,
    0x20, 0xa4, 0x17, 0x0, 0x46, 0x86, 0xee, 0xd4,
    0x0, 0xd7, 0x82, 0x1, 0xfe, 0xcf, 0x80, 0x8,
    0x7f, 0xc6, 0x1, 0xff, 0xff, 0x0, 0xff, 0xf5,
    0xe7, 0xc0, 0x7, 0xff, 0x2c, 0xc0, 0x2, 0x1,
    0xea, 0x0, 0x10, 0x5, 0x7d, 0xee, 0xe, 0x1,
    0x88, 0x40, 0xa2, 0x0,

    /* U+0134 "Ĵ" */
    0x0, 0xc3, 0xdf, 0xc2, 0x1, 0xed, 0x11, 0xb4,
    0x3, 0xa8, 0xd7, 0x94, 0xec, 0x2, 0x95, 0x8a,
    0xa, 0x94, 0xb0, 0x4, 0xfb, 0x80, 0x4d, 0xf6,
    0x1, 0xff, 0xc4, 0x9f, 0xb0, 0xf, 0xff, 0xf8,
    0x7, 0xff, 0xfc, 0x3, 0xff, 0xc2, 0x60, 0x1f,
    0xe7, 0x2, 0x0, 0xc4, 0x3, 0x24, 0x1a, 0x1,
    0xb7, 0xf9, 0x81, 0x50, 0x3, 0x10, 0x0, 0xa6,
    0x80, 0x3b, 0x7f, 0xda, 0xc0, 0x1c,

    /* U+0135 "ĵ" */
    0x0, 0x93, 0xfd, 0xa0, 0x1c, 0x76, 0x8, 0x58,
    0x1, 0x26, 0x16, 0xdc, 0x1e, 0x8, 0x1c, 0xe9,
    0x3, 0xed, 0xa0, 0x3b, 0x0, 0x62, 0x75, 0x0,
    0xd9, 0xf0, 0x1, 0xff, 0xff, 0x0, 0xff, 0xff,
    0x80, 0x7c, 0x21, 0xe0, 0x1e, 0x42, 0x3, 0x0,
    0x9f, 0xfa, 0xc0, 0x90, 0x2, 0x21, 0x19, 0x70,
    0x3, 0x0,

    /* U+0136 "Ķ" */
    0x7f, 0xd0, 0xf, 0x9b, 0xfc, 0xa0, 0x1f, 0xe5,
    0x90, 0x95, 0x0, 0xfe, 0x4a, 0x8, 0x60, 0xf,
    0xe3, 0xb0, 0x77, 0x0, 0x7f, 0x16, 0x83, 0x40,
    0x7, 0xf0, 0xe0, 0xac, 0x80, 0x7f, 0xe, 0xa,
    0x50, 0x7, 0xfb, 0x48, 0xec, 0x3, 0xf8, 0xf0,
    0xc0, 0x84, 0x3, 0xf8, 0x4d, 0x0, 0x68, 0x3,
    0xfd, 0x17, 0x20, 0x8e, 0x1, 0xf8, 0x9c, 0x19,
    0x42, 0xc, 0x3, 0xfe, 0xa2, 0xd, 0x10, 0xf,
    0xfb, 0xc0, 0x68, 0x3, 0xfe, 0x2a, 0x4, 0x70,
    0xf, 0xf9, 0x58, 0x20, 0xc0, 0x3f, 0xe9, 0x30,
    0xd1, 0x0, 0xff, 0xb4, 0x45, 0x40, 0xff, 0xa0,
    0x1f, 0xf, 0x7d, 0x80, 0x7c, 0x22, 0x0, 0xff,
    0xe0, 0xf, 0x70, 0x80, 0x3f, 0xe4, 0x4, 0x20,
    0xf, 0xfb, 0xc2, 0x0, 0x3f, 0xf8, 0xa, 0xe6,
    0x1, 0xf0,

    /* U+0137 "ķ" */
    0xcf, 0x70, 0xf, 0xff, 0xa0, 0xef, 0xe0, 0x7,
    0xed, 0x23, 0xc0, 0xf, 0xac, 0xcb, 0x40, 0x3e,
    0xb4, 0x2c, 0x10, 0xf, 0x52, 0xf, 0x88, 0x7,
    0x9d, 0x47, 0x8, 0x3, 0xd9, 0x0, 0x3, 0x0,
    0xf9, 0x8, 0x83, 0xa0, 0x1f, 0x1e, 0x70, 0x1c,
    0x0, 0x7a, 0xc4, 0xe0, 0x1d, 0x0, 0x3f, 0x3a,
    0x5, 0x8, 0x7, 0xea, 0x11, 0x68, 0x7, 0xe1,
    0xd0, 0x38, 0x0, 0xfc, 0x70, 0xe, 0x99, 0xee,
    0x1, 0xcf, 0xfe, 0x40, 0xc, 0x22, 0x0, 0xff,
    0x6f, 0x38, 0x7, 0xf1, 0x83, 0x0, 0x7e, 0x40,
    0x71, 0x0, 0xfd, 0xa5, 0x0, 0x1e,

    /* U+0138 "ĸ" */
    0xcf, 0xa0, 0xc, 0x3b, 0xf8, 0x1, 0xfb, 0x48,
    0x9a, 0x1, 0xf5, 0x18, 0x78, 0x80, 0x79, 0xd4,
    0x2c, 0x80, 0x31, 0x82, 0xc0, 0x4a, 0x0, 0x78,
    0xe8, 0x1d, 0x80, 0x3e, 0xd0, 0x5, 0x80, 0x7c,
    0xc2, 0x20, 0xe0, 0xf, 0xd5, 0xe2, 0x54, 0x1,
    0xe5, 0x50, 0xd8, 0x2a, 0x80, 0x3f, 0x2b, 0x5,
    0x10, 0x7, 0xe9, 0x20, 0xe0, 0xf, 0xee, 0x3,
    0x80, 0xf, 0xc7, 0x0, 0xe8,

    /* U+0139 "Ĺ" */
    0x0, 0x47, 0xf9, 0x0, 0x3c, 0x6e, 0x10, 0x80,
    0x1e, 0xe0, 0x87, 0x0, 0xf4, 0x14, 0xb8, 0x7,
    0xd1, 0xec, 0x1, 0xff, 0xc7, 0x7f, 0xd0, 0xf,
    0xff, 0xf8, 0x7, 0xff, 0xfc, 0x3, 0xff, 0x9a,
    0x5f, 0xff, 0x80, 0x3f, 0xe0,

    /* U+013A "ĺ" */
    0x0, 0x96, 0x20, 0x20, 0x2, 0xa7, 0x11, 0x0,
    0x38, 0x16, 0x40, 0xe, 0x6b, 0x40, 0x1a, 0x68,
    0x3, 0x3b, 0x0, 0x7f, 0xf0, 0x33, 0xe0, 0x3,
    0xff, 0xfe, 0x1, 0xff, 0xea,

    /* U+013B "Ļ" */
    0x7f, 0xd0, 0xf, 0xff, 0xf8, 0x7, 0xff, 0xfc,
    0x3, 0xff, 0x9a, 0x5f, 0xff, 0x80, 0x3f, 0xe7,
    0xff, 0xff, 0x0, 0x70, 0x88, 0x3, 0xfb, 0xf9,
    0x40, 0x3e, 0x21, 0x12, 0x80, 0x7c, 0x81, 0x0,
    0x1f, 0xa8, 0xd8, 0x3, 0x0,

    /* U+013C "ļ" */
    0xc, 0xf8, 0x0, 0xff, 0xff, 0x80, 0x7f, 0xf1,
    0x73, 0xe0, 0x2, 0x11, 0x0, 0x17, 0xbc, 0x1,
    0x81, 0x20, 0x4, 0x17, 0x3, 0x2b, 0x0, 0x0,

    /* U+013D "Ľ" */
    0x7f, 0xd0, 0xe, 0x5f, 0xe0, 0xf, 0xda, 0xc,
    0x1, 0xf9, 0x2, 0x40, 0x3e, 0x13, 0x81, 0x0,
    0xf8, 0x79, 0xc0, 0x3f, 0x84, 0x3, 0xff, 0xfe,
    0x1, 0xff, 0xdb, 0x2f, 0xff, 0xc0, 0x1f, 0xf0,

    /* U+013E "ľ" */
    0xcf, 0x80, 0x9f, 0xa0, 0xc, 0xa1, 0xc0, 0x18,
    0xc9, 0x0, 0x24, 0x9, 0x0, 0xc9, 0xc8, 0x1,
    0xc2, 0x1, 0xff, 0xff, 0x0, 0xff, 0xe3, 0x0,

    /* U+013F "Ŀ" */
    0x7f, 0xd0, 0xf, 0xff, 0xf8, 0x7, 0xe, 0x58,
    0x7, 0xe4, 0x34, 0x40, 0x7, 0xce, 0x24, 0xa0,
    0x1f, 0x17, 0x68, 0x80, 0x7f, 0xfb, 0x8b, 0xff,
    0xf0, 0x7, 0xfc,

    /* U+0140 "ŀ" */
    0xcf, 0x80, 0xf, 0xff, 0x61, 0xf6, 0x0, 0x64,
    0x13, 0x20, 0x9, 0x4d, 0x48, 0x2, 0x2c, 0xa0,
    0xf, 0xff, 0x30,

    /* U+0141 "Ł" */
    0x0, 0x3f, 0xe8, 0x7, 0xff, 0xfc, 0x3, 0x89,
    0x80, 0x3f, 0x86, 0x76, 0x48, 0x3, 0xe2, 0xf6,
    0x19, 0x20, 0xe, 0xe0, 0x0, 0xbf, 0x30, 0x6,
    0x2b, 0x60, 0x1e, 0x80, 0xf, 0x3a, 0x0, 0xc,
    0x40, 0x3e, 0x5b, 0x80, 0xf, 0xf9, 0x0, 0x3f,
    0xfb, 0xa5, 0xff, 0xf8, 0x3, 0xff, 0x82,

    /* U+0142 "ł" */
    0x0, 0xbf, 0xca, 0x1, 0xff, 0xec, 0x62, 0x0,
    0xeb, 0x99, 0x0, 0x70, 0xad, 0x2, 0x68, 0x2,
    0x28, 0x42, 0xc8, 0x0, 0x40, 0x15, 0x60, 0x7,
    0x94, 0xc0, 0x3f, 0xfc, 0x20,

    /* U+0143 "Ń" */
    0x0, 0xfc, 0xbf, 0xe8, 0x0, 0xff, 0xe0, 0x58,
    0x2c, 0x0, 0x7f, 0xd2, 0x2b, 0x40, 0x1f, 0xf2,
    0x33, 0x28, 0x3, 0xff, 0x80, 0x9f, 0x20, 0x1f,
    0xfc, 0xb7, 0xff, 0x40, 0x7, 0xf7, 0xf8, 0xc0,
    0x27, 0x30, 0xf, 0xfe, 0x1f, 0x0, 0x7f, 0xf0,
    0x54, 0xa, 0x0, 0x3f, 0xf8, 0x7, 0x0, 0xe4,
    0x1, 0xff, 0xc0, 0x73, 0xe, 0x0, 0xff, 0x8c,
    0x38, 0xd, 0xc0, 0x3f, 0xf8, 0x5, 0x1, 0x4,
    0x1, 0xfc, 0x20, 0x7, 0x30, 0xe0, 0xf, 0xfe,
    0xf, 0x1, 0xb0, 0x7, 0xff, 0x0, 0xa0, 0x24,
    0x80, 0x3f, 0xf8, 0xe, 0x61, 0x20, 0x1, 0x0,
    0xff, 0x70, 0x23, 0x0, 0x7f, 0xf0, 0xa, 0x2,
    0x44, 0xc0, 0x3f, 0xe7, 0x30, 0xa1, 0x0, 0xff,
    0xe0, 0x70, 0x21, 0x80, 0x7f, 0xf0, 0xa, 0x0,
    0x3f, 0xf8, 0x6e, 0x60, 0x10,

    /* U+0144 "ń" */
    0x0, 0xf1, 0xff, 0xa8, 0x3, 0xf7, 0x2, 0x50,
    0x7, 0xd4, 0x4d, 0x60, 0x1f, 0x10, 0x4c, 0x80,
    0x3f, 0x15, 0x30, 0x7, 0x67, 0x90, 0x3e, 0xff,
    0xb6, 0x4, 0x2, 0x7d, 0x82, 0x10, 0x27, 0xc1,
    0x0, 0x51, 0xdf, 0xf7, 0xc8, 0x14, 0x80, 0x5a,
    0x80, 0x13, 0x30, 0x14, 0x0, 0x66, 0x0, 0xec,
    0x2, 0x0, 0x28, 0x7, 0x84, 0x3, 0x8, 0x7,
    0xff, 0xfc, 0x3, 0xff, 0x8c,

    /* U+0145 "Ņ" */
    0x7f, 0xf4, 0x0, 0x7f, 0x7f, 0x8c, 0x2, 0x73,
    0x0, 0xff, 0xe1, 0xf0, 0x7, 0xff, 0x5, 0x40,
    0xa0, 0x3, 0xff, 0x80, 0x70, 0xe, 0x40, 0x1f,
    0xfc, 0x7, 0x30, 0xe0, 0xf, 0xf8, 0xc3, 0x80,
    0xdc, 0x3, 0xff, 0x80, 0x50, 0x10, 0x40, 0x1f,
    0xc2, 0x0, 0x73, 0xe, 0x0, 0xff, 0xe0, 0xf0,
    0x1b, 0x0, 0x7f, 0xf0, 0xa, 0x2, 0x48, 0x3,
    0xff, 0x80, 0xe6, 0x12, 0x0, 0x10, 0xf, 0xf7,
    0x2, 0x30, 0x7, 0xff, 0x0, 0xa0, 0x24, 0x4c,
    0x3, 0xfe, 0x73, 0xa, 0x10, 0xf, 0xfe, 0x7,
    0x2, 0x18, 0x7, 0xff, 0x0, 0xa0, 0x3, 0xff,
    0x86, 0xe6, 0x1, 0x3f, 0xd8, 0x7, 0xf6, 0x7f,
    0x8c, 0x3, 0xe1, 0x10, 0x7, 0xff, 0xb, 0x39,
    0x80, 0x3f, 0xf8, 0x2, 0x40, 0xe0, 0x1f, 0xfc,
    0x4, 0x8, 0x10, 0xf, 0xfe, 0x7, 0x93, 0x80,
    0x7c,

    /* U+0146 "ņ" */
    0xcf, 0x20, 0x7d, 0xff, 0x6c, 0x8, 0x4, 0xfb,
    0x4, 0x20, 0x4f, 0x82, 0x0, 0xa3, 0xbf, 0xef,
    0x90, 0x29, 0x0, 0xb5, 0x0, 0x26, 0x60, 0x28,
    0x0, 0xcc, 0x1, 0xd8, 0x4, 0x0, 0x50, 0xf,
    0x8, 0x6, 0x10, 0xf, 0xff, 0xf8, 0x7, 0xff,
    0x1b, 0x3e, 0x0, 0x3c, 0x9f, 0xe0, 0xf, 0x8,
    0x80, 0x3f, 0xab, 0xa0, 0x3, 0xf9, 0x2, 0xc0,
    0x3f, 0x18, 0xa9, 0x0, 0x7e, 0xb1, 0xb0, 0xe,

    /* U+0147 "Ň" */
    0x0, 0x93, 0xe8, 0x40, 0x7, 0xbc, 0x40, 0x1e,
    0x49, 0x5c, 0x25, 0xc3, 0xc2, 0x0, 0xf9, 0xa0,
    0xb2, 0x83, 0x48, 0x3, 0xf9, 0xd4, 0x42, 0x8c,
    0x3, 0xfe, 0xaf, 0xf2, 0x80, 0x7f, 0xf2, 0x9f,
    0xfd, 0x0, 0x1f, 0xdf, 0xe3, 0x0, 0x9c, 0xc0,
    0x3f, 0xf8, 0x7c, 0x1, 0xff, 0xc1, 0x50, 0x28,
    0x0, 0xff, 0xe0, 0x1c, 0x3, 0x90, 0x7, 0xff,
    0x1, 0xcc, 0x38, 0x3, 0xfe, 0x30, 0xe0, 0x37,
    0x0, 0xff, 0xe0, 0x14, 0x4, 0x10, 0x7, 0xf0,
    0x80, 0x1c, 0xc3, 0x80, 0x3f, 0xf8, 0x3c, 0x6,
    0xc0, 0x1f, 0xfc, 0x2, 0x80, 0x92, 0x0, 0xff,
    0xe0, 0x39, 0x84, 0x80, 0x4, 0x3, 0xfd, 0xc0,
    0x8c, 0x1, 0xff, 0xc0, 0x28, 0x9, 0x13, 0x0,
    0xff, 0x9c, 0xc2, 0x84, 0x3, 0xff, 0x81, 0xc0,
    0x86, 0x1, 0xff, 0xc0, 0x28, 0x0, 0xff, 0xe1,
    0xb9, 0x80, 0x40,

    /* U+0148 "ň" */
    0x2, 0xec, 0x20, 0x1, 0x67, 0x98, 0x0, 0xb0,
    0xb5, 0x55, 0xa5, 0x86, 0x1, 0x16, 0xd, 0x50,
    0x70, 0xc0, 0x38, 0xb5, 0x55, 0x44, 0x1, 0xf1,
    0xd5, 0x10, 0x3, 0x67, 0x90, 0x3e, 0xff, 0xb6,
    0x4, 0x2, 0x7d, 0x82, 0x10, 0x27, 0xc1, 0x0,
    0x51, 0xdf, 0xf7, 0xc8, 0x14, 0x80, 0x5a, 0x80,
    0x13, 0x30, 0x14, 0x0, 0x66, 0x0, 0xec, 0x2,
    0x0, 0x28, 0x7, 0x84, 0x3, 0x8, 0x7, 0xff,
    0xfc, 0x3, 0xff, 0x8c,

    /* U+0149 "ŉ" */
    0xc, 0xfd, 0x0, 0xff, 0xe0, 0x90, 0x20, 0x7,
    0xff, 0x0, 0x84, 0x28, 0x3, 0xff, 0x80, 0xe0,
    0x46, 0x1, 0xff, 0xc0, 0xd0, 0xa0, 0xff, 0x0,
    0x23, 0x7f, 0xd8, 0xe0, 0x4, 0x6, 0x0, 0x8b,
    0x5c, 0x80, 0x7, 0x16, 0x1f, 0xa2, 0x1, 0x79,
    0x3d, 0xe5, 0x18, 0x22, 0x99, 0x0, 0x62, 0xc8,
    0x43, 0x5c, 0x10, 0xf0, 0xf, 0x21, 0x80, 0x73,
    0x83, 0x0, 0x7b, 0x0, 0x3d, 0xc0, 0x1f, 0x88,
    0x3, 0xff, 0xfe, 0x1, 0xff, 0xe2,

    /* U+014A "Ŋ" */
    0x7f, 0xf4, 0x80, 0x7f, 0x7f, 0x8c, 0x2, 0x64,
    0x0, 0xff, 0xe1, 0xd0, 0x7, 0xff, 0x5, 0x84,
    0x52, 0x1, 0xff, 0xc1, 0xa0, 0x65, 0x0, 0xff,
    0x8d, 0x18, 0x2c, 0x40, 0x3f, 0xf8, 0x12, 0x43,
    0x60, 0x1f, 0xfc, 0x1e, 0x5, 0x50, 0x7, 0xf0,
    0x80, 0xe, 0x2, 0x84, 0x3, 0xff, 0x80, 0xe6,
    0x14, 0x1, 0xff, 0xc1, 0xe0, 0x46, 0x0, 0x8,
    0x7, 0xf1, 0x48, 0x49, 0x0, 0x7f, 0xf0, 0x19,
    0x3, 0x80, 0x3f, 0xf8, 0x34, 0x6, 0xe6, 0x1,
    0xff, 0xd, 0x4, 0x18, 0x7, 0xff, 0x1, 0x54,
    0x2, 0x1, 0xff, 0xc1, 0xb1, 0x0, 0xff, 0xe1,
    0xd, 0x0, 0x4f, 0xf6, 0x1, 0xfc, 0x80, 0x1f,
    0xfc, 0x33, 0x0, 0x10, 0x7, 0xe2, 0x10, 0x4e,
    0x3, 0x10, 0xf, 0xd1, 0xdf, 0x64, 0x1e, 0x1,
    0xfd, 0xa0, 0x1, 0x5d, 0x30,

    /* U+014B "ŋ" */
    0xcf, 0x20, 0x7d, 0xff, 0x6c, 0x88, 0x4, 0x9b,
    0x4, 0x20, 0x4d, 0xe2, 0x0, 0x93, 0xaf, 0xef,
    0x90, 0x18, 0x0, 0xb5, 0x40, 0x26, 0x60, 0x20,
    0x0, 0xcc, 0x1, 0xd8, 0x4, 0x0, 0x50, 0xf,
    0x8, 0x6, 0x10, 0xf, 0xff, 0xf8, 0x7, 0xff,
    0x1b, 0x3e, 0x0, 0x3f, 0xfa, 0x42, 0x1, 0xff,
    0x70, 0x18, 0x7, 0xa7, 0xbd, 0x2, 0x40, 0x3d,
    0xc2, 0x5, 0x2a,

    /* U+014C "Ō" */
    0x0, 0xeb, 0xff, 0xf8, 0x3, 0xfc, 0x45, 0xf8,
    0x3, 0xfd, 0x3b, 0xbf, 0x0, 0x7f, 0xf4, 0x1a,
    0xfb, 0xfd, 0xd9, 0x2, 0x1, 0xf2, 0x74, 0xa0,
    0x80, 0x4, 0xdf, 0x9c, 0x3, 0x96, 0xc4, 0x51,
    0x9f, 0xee, 0xa3, 0x8, 0x80, 0x4, 0x34, 0x5,
    0xee, 0x60, 0x1, 0x5c, 0x70, 0x74, 0x0, 0x40,
    0x3, 0xc4, 0x3, 0xe8, 0x30, 0x90, 0x3, 0x82,
    0x90, 0x7, 0xf4, 0x81, 0x19, 0x8, 0x78, 0x7,
    0xf9, 0x40, 0x8, 0xe0, 0x7, 0x0, 0xff, 0x88,
    0x34, 0xc0, 0x6, 0x1, 0xff, 0x8, 0x8, 0x7,
    0xff, 0x18, 0xc0, 0x6, 0x1, 0xff, 0x8, 0xb,
    0x80, 0x1c, 0x3, 0xfe, 0x20, 0xd2, 0x10, 0xf0,
    0xf, 0xf2, 0x80, 0x10, 0x1c, 0x14, 0x80, 0x3f,
    0xa4, 0x8, 0xc2, 0x0, 0x1e, 0x20, 0x1f, 0x49,
    0x84, 0x80, 0x6, 0x80, 0xbd, 0xc8, 0x0, 0x2b,
    0x8c, 0xe, 0x80, 0x12, 0xd8, 0x8a, 0x37, 0xfd,
    0xd4, 0x61, 0x10, 0x0, 0xe4, 0xe9, 0x41, 0x0,
    0x9, 0xc7, 0x38, 0x4,

    /* U+014D "ō" */
    0x0, 0xb7, 0x7e, 0x90, 0xf, 0x11, 0x7e, 0x0,
    0xf7, 0xff, 0xd6, 0x1, 0xff, 0xc8, 0x3a, 0xef,
    0xf6, 0xc0, 0x80, 0x73, 0xe2, 0x88, 0x80, 0x9f,
    0xcc, 0x2, 0x58, 0x7, 0xee, 0x7e, 0x18, 0xe0,
    0x80, 0x2c, 0x1a, 0x4, 0x0, 0x78, 0x41, 0x60,
    0x82, 0x16, 0x1, 0xeb, 0x5, 0x3, 0x1, 0x20,
    0xf, 0x20, 0x0, 0xfc, 0xc, 0x3, 0xe3, 0x0,
    0x38, 0x7, 0xff, 0x4, 0x7c, 0xc, 0x3, 0xe3,
    0x0, 0x32, 0x0, 0x90, 0x7, 0x90, 0x0, 0x66,
    0x20, 0x80, 0xf, 0x58, 0x28, 0x2, 0x41, 0x64,
    0x40, 0x5, 0x64, 0x10, 0x0, 0x49, 0x6, 0xee,
    0xb5, 0x6, 0xc8, 0x2, 0x6d, 0x61, 0x18, 0x9f,
    0xd0, 0x0,

    /* U+014E "Ŏ" */
    0x0, 0xed, 0x90, 0xc, 0xbe, 0x40, 0x1f, 0xc8,
    0xc8, 0x0, 0x38, 0x22, 0x0, 0x7f, 0x40, 0xdf,
    0xfb, 0xb, 0x80, 0x3f, 0xc3, 0xec, 0x66, 0x6d,
    0x30, 0xf, 0xf8, 0x67, 0x31, 0x24, 0x1, 0xff,
    0xd1, 0x6b, 0xef, 0xf7, 0x64, 0x8, 0x7, 0xc9,
    0xd2, 0x82, 0x0, 0x13, 0x7e, 0x70, 0xe, 0x5b,
    0x11, 0x46, 0x7f, 0xba, 0x8c, 0x22, 0x0, 0x10,
    0xd0, 0x17, 0xb9, 0x80, 0x5, 0x71, 0xc1, 0xd0,
    0x1, 0x0, 0xf, 0x10, 0xf, 0xa0, 0xc2, 0x40,
    0xe, 0xa, 0x40, 0x1f, 0xd2, 0x4, 0x64, 0x21,
    0xe0, 0x1f, 0xe5, 0x0, 0x23, 0x80, 0x1c, 0x3,
    0xfe, 0x20, 0xd3, 0x0, 0x18, 0x7, 0xfc, 0x20,
    0x20, 0x1f, 0xfc, 0x63, 0x0, 0x18, 0x7, 0xfc,
    0x20, 0x2e, 0x0, 0x70, 0xf, 0xf8, 0x83, 0x48,
    0x43, 0xc0, 0x3f, 0xca, 0x0, 0x40, 0x70, 0x52,
    0x0, 0xfe, 0x90, 0x23, 0x8, 0x0, 0x78, 0x80,
    0x7d, 0x26, 0x12, 0x0, 0x1a, 0x2, 0xf7, 0x20,
    0x0, 0xae, 0x30, 0x3a, 0x0, 0x4b, 0x62, 0x28,
    0xdf, 0xf7, 0x51, 0x84, 0x40, 0x3, 0x93, 0xa5,
    0x4, 0x0, 0x27, 0x1c, 0xe0, 0x10,

    /* U+014F "ŏ" */
    0x0, 0xf, 0xb8, 0x4, 0x39, 0x80, 0xe, 0x15,
    0x8e, 0xdd, 0x71, 0xc8, 0x7, 0xa9, 0xcc, 0x88,
    0x76, 0xa0, 0x1f, 0x46, 0xff, 0xb1, 0x0, 0x3f,
    0xf9, 0x27, 0x5d, 0xfe, 0xd8, 0x10, 0xe, 0x7c,
    0x51, 0x10, 0x13, 0xf9, 0x80, 0x4b, 0x0, 0xfd,
    0xcf, 0xc3, 0x1c, 0x10, 0x5, 0x83, 0x40, 0x80,
    0xf, 0x8, 0x2c, 0x10, 0x42, 0xc0, 0x3d, 0x60,
    0xa0, 0x60, 0x24, 0x1, 0xe4, 0x0, 0x1f, 0x81,
    0x80, 0x7c, 0x60, 0x7, 0x0, 0xff, 0xe0, 0x8f,
    0x81, 0x80, 0x7c, 0x60, 0x6, 0x40, 0x12, 0x0,
    0xf2, 0x0, 0xc, 0xc4, 0x10, 0x1, 0xeb, 0x5,
    0x0, 0x48, 0x2c, 0x88, 0x0, 0xac, 0x82, 0x0,
    0x9, 0x20, 0xdd, 0xd6, 0xa0, 0xd9, 0x0, 0x4d,
    0xac, 0x23, 0x13, 0xfa, 0x0, 0x0,

    /* U+0150 "Ő" */
    0x0, 0xf8, 0x44, 0x0, 0x11, 0x80, 0x3f, 0xd1,
    0xde, 0x21, 0xfd, 0x0, 0x1f, 0xc4, 0xe1, 0x43,
    0x2, 0x72, 0x1, 0xfd, 0x21, 0x48, 0x4e, 0x5a,
    0x1, 0xfc, 0xa9, 0x4a, 0x1c, 0x58, 0x20, 0x1f,
    0xcb, 0xea, 0x0, 0xcd, 0x10, 0xf, 0xfe, 0x8b,
    0x5f, 0x7f, 0xbb, 0x20, 0x40, 0x3e, 0x4e, 0x94,
    0x10, 0x0, 0x9b, 0xf3, 0x80, 0x72, 0xd8, 0x8a,
    0x33, 0xfd, 0xd4, 0x61, 0x10, 0x0, 0x86, 0x80,
    0xbd, 0xcc, 0x0, 0x2b, 0x8e, 0xe, 0x80, 0x8,
    0x0, 0x78, 0x80, 0x7d, 0x6, 0x12, 0x0, 0x70,
    0x52, 0x0, 0xfe, 0x90, 0x23, 0x21, 0xf, 0x0,
    0xff, 0x28, 0x1, 0x1c, 0x0, 0xe0, 0x1f, 0xf1,
    0x6, 0x98, 0x0, 0xc0, 0x3f, 0xe1, 0x1, 0x0,
    0xff, 0xe3, 0x18, 0x0, 0xc0, 0x3f, 0xe1, 0x1,
    0x70, 0x3, 0x80, 0x7f, 0xc4, 0x1a, 0x42, 0x1e,
    0x1, 0xfe, 0x50, 0x2, 0x3, 0x82, 0x90, 0x7,
    0xf4, 0x81, 0x18, 0x40, 0x3, 0xc4, 0x3, 0xe9,
    0x30, 0x90, 0x0, 0xd0, 0x17, 0xb9, 0x0, 0x5,
    0x71, 0x81, 0xd0, 0x2, 0x5b, 0x11, 0x46, 0xff,
    0xba, 0x8c, 0x22, 0x0, 0x1c, 0x9d, 0x28, 0x20,
    0x1, 0x38, 0xe7, 0x0, 0x80,

    /* U+0151 "ő" */
    0x0, 0xd9, 0xf8, 0x7, 0xfe, 0x50, 0xe, 0x53,
    0x1d, 0xf, 0x6, 0x50, 0xe, 0xb0, 0xd1, 0x53,
    0x49, 0x0, 0xe9, 0xc, 0x31, 0xb4, 0xb0, 0xf,
    0x47, 0x18, 0xf, 0xd8, 0x7, 0xc2, 0x75, 0xdf,
    0xdb, 0x2, 0x1, 0xcf, 0x8a, 0x22, 0x2, 0x7f,
    0x30, 0x9, 0x60, 0x1f, 0xb9, 0xf8, 0x63, 0x82,
    0x0, 0xb0, 0x68, 0x10, 0x1, 0xe1, 0x5, 0x82,
    0x8, 0x58, 0x7, 0xac, 0x14, 0xc, 0x4, 0x80,
    0x3c, 0x80, 0x3, 0xf0, 0x30, 0xf, 0x8c, 0x0,
    0xe0, 0x1f, 0xfc, 0x11, 0xf0, 0x30, 0xf, 0x8c,
    0x0, 0xc8, 0x2, 0x40, 0x1e, 0x40, 0x1, 0x98,
    0x82, 0x0, 0x3d, 0x60, 0xa0, 0x9, 0x5, 0x91,
    0x0, 0x15, 0x90, 0x40, 0x1, 0x24, 0x1b, 0xba,
    0xd4, 0x1b, 0x20, 0x9, 0xb5, 0x84, 0x62, 0x7f,
    0x40, 0x0,

    /* U+0152 "Œ" */
    0x0, 0xe6, 0xbe, 0xff, 0xff, 0xe0, 0xc8, 0x4,
    0x9d, 0x28, 0x20, 0x1f, 0xfc, 0x45, 0xb1, 0x14,
    0x67, 0xfd, 0x60, 0xd, 0xff, 0xf4, 0x80, 0xd0,
    0x17, 0xb9, 0x80, 0x4e, 0x0, 0x30, 0xf, 0xd0,
    0x0, 0xf1, 0x0, 0xff, 0xe2, 0xb8, 0x31, 0x0,
    0x7f, 0xf1, 0x48, 0x43, 0x40, 0x3f, 0xf8, 0xce,
    0x0, 0x60, 0xf, 0xf7, 0x7f, 0xf8, 0x4c, 0x0,
    0x40, 0x1f, 0xfd, 0x4e, 0xff, 0xf0, 0x98, 0x0,
    0x80, 0x3f, 0xf8, 0xce, 0x0, 0x60, 0xf, 0xfe,
    0x31, 0x8, 0x68, 0x7, 0xff, 0x1d, 0x81, 0x88,
    0x3, 0xff, 0x8d, 0x20, 0xf, 0x10, 0xf, 0xfe,
    0x28, 0xd0, 0x17, 0xb9, 0x0, 0x4e, 0x0, 0x30,
    0xf, 0xe5, 0xb1, 0x14, 0x6f, 0xfd, 0x60, 0xd,
    0xff, 0xf4, 0x80, 0x49, 0xd2, 0x82, 0x1, 0xff,
    0xc2,

    /* U+0153 "œ" */
    0x0, 0x8e, 0xbb, 0xfd, 0x8c, 0x1, 0x15, 0x77,
    0xf5, 0xa8, 0x7, 0x46, 0x28, 0x88, 0xe, 0x70,
    0x13, 0x54, 0x46, 0x4a, 0xa0, 0x4, 0xce, 0x13,
    0xfd, 0xf8, 0x47, 0x76, 0x8, 0xfe, 0xfa, 0x5,
    0x60, 0x4, 0x3, 0xb0, 0x4, 0x7e, 0x8, 0xe,
    0xe0, 0x9, 0x5c, 0x20, 0x10, 0x42, 0x40, 0x38,
    0x90, 0x1, 0x40, 0x1d, 0x60, 0x24, 0x60, 0x22,
    0x0, 0xf6, 0x0, 0x3b, 0x33, 0xb8, 0x0, 0x3c,
    0x4, 0x1, 0xf0, 0x80, 0xc, 0xfc, 0x40, 0x7,
    0x0, 0x8, 0x7, 0xfb, 0xff, 0xf9, 0x38, 0xc,
    0x3, 0xe1, 0x0, 0x10, 0x7, 0xf1, 0x80, 0x90,
    0x7, 0xb0, 0x0, 0x80, 0x1f, 0xc8, 0x21, 0x60,
    0x1c, 0x48, 0x0, 0xb0, 0xf, 0xf5, 0x83, 0x40,
    0x80, 0x13, 0x1, 0x48, 0x98, 0x60, 0x11, 0x3c,
    0x0, 0x16, 0x1, 0xfb, 0xfd, 0x62, 0x95, 0xe4,
    0x79, 0xfd, 0xfb, 0x4, 0x1, 0x3e, 0x28, 0x80,
    0xe, 0x6c, 0xb, 0x60, 0xc0, 0x40, 0xde, 0x0,

    /* U+0154 "Ŕ" */
    0x0, 0xf1, 0x7f, 0xac, 0x3, 0xfd, 0x20, 0x54,
    0x1, 0xfc, 0xc8, 0x58, 0x20, 0x1f, 0x8a, 0x4f,
    0x4, 0x3, 0xf8, 0xbf, 0x4, 0x3, 0xff, 0x90,
    0xff, 0xfe, 0xeb, 0x60, 0xf, 0xf8, 0x52, 0x78,
    0x80, 0x31, 0x7f, 0xed, 0x80, 0x1f, 0x0, 0xfe,
    0x27, 0xa0, 0x23, 0x0, 0xff, 0x28, 0x1, 0x40,
    0x3f, 0xc2, 0x0, 0x30, 0xf, 0xf3, 0x80, 0x1c,
    0x3, 0xf1, 0x3c, 0x83, 0x90, 0x4, 0x5f, 0xfb,
    0x60, 0x22, 0x0, 0x1f, 0xe1, 0xe7, 0x0, 0xe2,
    0xff, 0xb0, 0x5, 0x0, 0x3f, 0xc6, 0xc1, 0x60,
    0x1f, 0xf4, 0x0, 0xc0, 0x7, 0xf8, 0x60, 0x1c,
    0x80, 0x3f, 0xce, 0x21, 0x20, 0x1f, 0xf5, 0x82,
    0x20, 0x3, 0xfc, 0xa6, 0x12, 0x1, 0xff, 0x78,
    0x13, 0x80,

    /* U+0155 "ŕ" */
    0x0, 0xc3, 0xdf, 0xa0, 0x1d, 0x62, 0x58, 0x1,
    0x99, 0x53, 0x4, 0x3, 0x7b, 0xd8, 0x80, 0x74,
    0xc0, 0x6, 0xcf, 0x20, 0x5d, 0xff, 0x20, 0x0,
    0x66, 0x88, 0x0, 0xc0, 0x8, 0x64, 0xce, 0xd2,
    0x0, 0x23, 0x59, 0x89, 0x0, 0x43, 0x20, 0x1f,
    0x20, 0x7, 0xe2, 0x0, 0xff, 0xfc, 0x80,

    /* U+0156 "Ŗ" */
    0x7f, 0xff, 0x75, 0xa8, 0x7, 0xfc, 0x29, 0x5a,
    0x20, 0x18, 0xbf, 0xf6, 0x38, 0x15, 0x0, 0x7f,
    0x1c, 0x40, 0x10, 0x80, 0x3f, 0xcc, 0x0, 0x70,
    0xf, 0xf0, 0x80, 0xc, 0x3, 0xfc, 0x40, 0x2,
    0x0, 0xff, 0x58, 0x1, 0x0, 0x3f, 0x1c, 0xb0,
    0x50, 0x6, 0x2f, 0xfd, 0x8c, 0x34, 0xa0, 0x1f,
    0xe1, 0xe5, 0x0, 0xe2, 0xff, 0xb4, 0x5, 0xc0,
    0x3f, 0xc5, 0x1, 0x4, 0x1, 0xfe, 0x72, 0xe,
    0x0, 0xff, 0xb8, 0xd, 0xc0, 0x3f, 0xc6, 0xe1,
    0x4, 0x1, 0xfe, 0x82, 0xe, 0x0, 0xff, 0xa4,
    0xd, 0xdd, 0xfa, 0x1, 0xf2, 0x7f, 0x9c, 0x3,
    0xc2, 0x20, 0xf, 0xf8, 0xbb, 0x82, 0x1, 0xfe,
    0x40, 0x51, 0x0, 0xff, 0x68, 0x40, 0x7, 0xf8,
    0x52, 0x8, 0x3, 0xc0,

    /* U+0157 "ŗ" */
    0xc, 0xf2, 0x5, 0xdf, 0xf2, 0x0, 0x43, 0x34,
    0x40, 0x6, 0x0, 0xa1, 0x93, 0x3b, 0x48, 0x2,
    0x46, 0xb3, 0x12, 0x0, 0xc3, 0x20, 0x1f, 0x90,
    0x3, 0xf8, 0x80, 0x3f, 0xff, 0xe0, 0xc, 0xf8,
    0x0, 0xfc, 0x22, 0x0, 0xf9, 0xbb, 0x0, 0x3e,
    0xc0, 0xb0, 0xf, 0x90, 0x98, 0x3, 0xc8, 0x3c,
    0x1, 0xf0,

    /* U+0158 "Ř" */
    0x2, 0xfd, 0x20, 0x0, 0xdf, 0xa0, 0x6, 0x2c,
    0x2d, 0x43, 0xf4, 0xa4, 0x0, 0xe3, 0xb0, 0xbc,
    0x19, 0x50, 0xf, 0x92, 0x0, 0xe, 0xc0, 0x1f,
    0xcf, 0xfe, 0x80, 0xf, 0xfe, 0x43, 0xff, 0xfb,
    0xad, 0x80, 0x3f, 0xe1, 0x49, 0xe2, 0x0, 0xc5,
    0xff, 0xb6, 0x0, 0x7c, 0x3, 0xf8, 0x9e, 0x80,
    0x8c, 0x3, 0xfc, 0xa0, 0x5, 0x0, 0xff, 0x8,
    0x0, 0xc0, 0x3f, 0xce, 0x0, 0x70, 0xf, 0xc4,
    0xf2, 0xe, 0x40, 0x11, 0x7f, 0xed, 0x80, 0x88,
    0x0, 0x7f, 0x87, 0x9c, 0x3, 0x8b, 0xfe, 0xc0,
    0x14, 0x0, 0xff, 0x1b, 0x5, 0x80, 0x7f, 0xd0,
    0x3, 0x0, 0x1f, 0xe1, 0x80, 0x72, 0x0, 0xff,
    0x38, 0x84, 0x80, 0x7f, 0xd6, 0x8, 0x80, 0xf,
    0xf2, 0x98, 0x48, 0x7, 0xfd, 0xe0, 0x4e,

    /* U+0159 "ř" */
    0xd, 0xe4, 0x0, 0xd, 0x7a, 0x86, 0x15, 0xc1,
    0xfa, 0xd2, 0x80, 0xe9, 0x3e, 0xd, 0x28, 0x4,
    0x38, 0xaa, 0x95, 0x0, 0xe1, 0xaa, 0x30, 0x6,
    0xcf, 0x20, 0x5d, 0xff, 0x20, 0x4, 0x33, 0x44,
    0x0, 0x60, 0xa, 0x19, 0x33, 0xb4, 0x80, 0x24,
    0x6b, 0x31, 0x20, 0xc, 0x32, 0x1, 0xf9, 0x0,
    0x3f, 0x88, 0x3, 0xff, 0xfe, 0x0,

    /* U+015A "Ś" */
    0x0, 0xf9, 0x62, 0x2, 0x1, 0xf8, 0xa9, 0xc8,
    0x40, 0x3f, 0x48, 0x25, 0x0, 0x7e, 0x64, 0x45,
    0x80, 0x7f, 0xc, 0xd8, 0x7, 0xf9, 0xd8, 0x3,
    0xff, 0x92, 0x2f, 0x9f, 0xf6, 0xd3, 0x0, 0x47,
    0xf0, 0x60, 0x11, 0x2c, 0xb0, 0x3, 0x44, 0x55,
    0xdf, 0xd9, 0x6, 0xe0, 0xa2, 0x1a, 0xa2, 0x2,
    0x6f, 0x82, 0x6, 0x0, 0x30, 0xf, 0xe3, 0x0,
    0x8, 0x7, 0xf2, 0x0, 0x28, 0x40, 0x3f, 0xd,
    0x2, 0x7b, 0x88, 0x7, 0xcb, 0x64, 0x31, 0xd6,
    0xa0, 0x1e, 0x4d, 0xb5, 0x4, 0xad, 0x30, 0xf,
    0x25, 0x74, 0x9, 0x61, 0x80, 0x7c, 0x2f, 0xe4,
    0x1e, 0x1, 0xfc, 0x36, 0x6, 0x1, 0xfe, 0x30,
    0xf, 0xfe, 0x7, 0x81, 0x4, 0xc9, 0x48, 0x2,
    0x3a, 0x50, 0xb0, 0x36, 0xad, 0xff, 0xb1, 0x41,
    0xd8, 0x21, 0xcc, 0x40, 0x22, 0x6d, 0x80, 0x0,

    /* U+015B "ś" */
    0x0, 0xe1, 0xef, 0xd0, 0xf, 0xac, 0x4b, 0x0,
    0x3c, 0xca, 0x98, 0x20, 0x1e, 0xf7, 0xb1, 0x0,
    0xfa, 0x60, 0x3, 0xe6, 0xce, 0xff, 0x6c, 0xa0,
    0x3, 0x24, 0xc0, 0x40, 0x9a, 0x1, 0xcc, 0x73,
    0xb9, 0xfb, 0x10, 0xd, 0x6, 0x30, 0x8, 0x9d,
    0x0, 0x81, 0x48, 0x3, 0xe9, 0x12, 0xd9, 0x30,
    0xe, 0x1f, 0x50, 0x6c, 0xc3, 0x0, 0x61, 0xad,
    0x71, 0x39, 0xd2, 0x0, 0xc5, 0x1d, 0x42, 0x58,
    0x1, 0xf2, 0xe0, 0x9, 0x80, 0x7c, 0x40, 0x13,
    0xb0, 0x80, 0x69, 0x0, 0x1e, 0xcf, 0x73, 0x75,
    0xec, 0x14, 0x10, 0xc4, 0x24, 0x53, 0x6a, 0x80,

    /* U+015C "Ŝ" */
    0x0, 0xe7, 0x85, 0x0, 0xfe, 0x88, 0x3d, 0x20,
    0x7, 0xcc, 0xe2, 0xe1, 0x66, 0x1, 0xc9, 0x25,
    0x91, 0x63, 0xa4, 0x1, 0x8e, 0x34, 0x81, 0x3e,
    0x50, 0x3, 0x3b, 0x80, 0x30, 0xbb, 0x0, 0x7f,
    0xf1, 0x45, 0xf3, 0xfe, 0xda, 0x60, 0x8, 0xfe,
    0xc, 0x2, 0x25, 0x96, 0x0, 0x68, 0x8a, 0xbb,
    0xfb, 0x20, 0xdc, 0x14, 0x43, 0x54, 0x40, 0x4d,
    0xf0, 0x40, 0xc0, 0x6, 0x1, 0xfc, 0x60, 0x1,
    0x0, 0xfe, 0x40, 0x5, 0x8, 0x7, 0xe1, 0xa0,
    0x4f, 0x71, 0x0, 0xf9, 0x6c, 0x86, 0x3a, 0xd4,
    0x3, 0xc9, 0xb6, 0xa0, 0x95, 0xa6, 0x1, 0xe4,
    0xae, 0x81, 0x2c, 0x30, 0xf, 0x85, 0xfc, 0x83,
    0xc0, 0x3f, 0x86, 0xc0, 0xc0, 0x3f, 0xc6, 0x1,
    0xff, 0xc0, 0xf0, 0x20, 0x99, 0x29, 0x0, 0x47,
    0x4a, 0x16, 0x6, 0xd5, 0xbf, 0xf6, 0x28, 0x3b,
    0x4, 0x39, 0x88, 0x4, 0x4d, 0xb0, 0x0,

    /* U+015D "ŝ" */
    0x0, 0x97, 0xfd, 0x60, 0x1e, 0x4a, 0x2, 0x4a,
    0x0, 0xc9, 0x65, 0x9a, 0xaa, 0xa0, 0xb, 0x5f,
    0x4c, 0x2a, 0x80, 0xa0, 0x9, 0x80, 0xc, 0xb4,
    0xa0, 0x13, 0x67, 0x7f, 0xb6, 0x50, 0x1, 0x92,
    0x60, 0x20, 0x4d, 0x0, 0xe6, 0x39, 0xdc, 0xfd,
    0x88, 0x6, 0x83, 0x18, 0x4, 0x4e, 0x80, 0x40,
    0xa4, 0x1, 0xf4, 0x89, 0x6c, 0x98, 0x7, 0xf,
    0xa8, 0x36, 0x61, 0x80, 0x30, 0xd6, 0xb8, 0x9c,
    0xe9, 0x0, 0x62, 0x8e, 0xa1, 0x2c, 0x0, 0xf9,
    0x70, 0x4, 0xc0, 0x3e, 0x20, 0x9, 0xd8, 0x40,
    0x34, 0x80, 0xf, 0x67, 0xb9, 0xba, 0xf6, 0xa,
    0x8, 0x62, 0x12, 0x29, 0xb5, 0x40,

    /* U+015E "Ş" */
    0x0, 0xb, 0xe7, 0xfd, 0xb4, 0xc0, 0x11, 0xfc,
    0x18, 0x4, 0x4b, 0x2c, 0x0, 0xd1, 0x15, 0x77,
    0xf6, 0x41, 0xb8, 0x28, 0x86, 0xa8, 0x80, 0x9b,
    0xe0, 0x81, 0x80, 0xc, 0x3, 0xf8, 0xc0, 0x2,
    0x1, 0xfc, 0x80, 0xa, 0x10, 0xf, 0xc3, 0x40,
    0x9e, 0xe2, 0x1, 0xf2, 0xd9, 0xc, 0x75, 0xa8,
    0x7, 0x93, 0x6d, 0x41, 0x2b, 0x4c, 0x3, 0xc9,
    0x5d, 0x2, 0x58, 0x60, 0x1f, 0xb, 0xf9, 0x7,
    0x80, 0x7f, 0xd, 0x81, 0x80, 0x7f, 0x8c, 0x3,
    0xff, 0x81, 0xe0, 0x41, 0x32, 0x52, 0x0, 0x8e,
    0x94, 0x2c, 0xd, 0xab, 0x7f, 0xec, 0x50, 0x76,
    0x8, 0x73, 0x10, 0x8, 0x9b, 0x60, 0x0, 0x51,
    0x9d, 0x81, 0x7b, 0x24, 0x1, 0xf4, 0x7, 0x98,
    0x7, 0xf5, 0x51, 0x70, 0x40, 0x3f, 0xa, 0xa0,
    0x10, 0x7, 0xcc, 0xc8, 0x51, 0x30, 0xf, 0xae,
    0x59, 0x30, 0x3, 0x80,

    /* U+015F "ş" */
    0x0, 0x36, 0x77, 0xfb, 0x65, 0x0, 0x19, 0x26,
    0x2, 0x4, 0xd0, 0xe, 0x63, 0x9d, 0xcf, 0xd8,
    0x80, 0x68, 0x31, 0x80, 0x44, 0xe8, 0x4, 0xa,
    0x40, 0x1f, 0x48, 0x96, 0xc9, 0x80, 0x70, 0xfa,
    0x83, 0x66, 0x18, 0x3, 0xd, 0x6b, 0x89, 0xce,
    0x90, 0x6, 0x28, 0xea, 0x12, 0xc0, 0xf, 0x97,
    0x0, 0x4c, 0x3, 0xe2, 0x0, 0x9d, 0x84, 0x3,
    0x48, 0x0, 0xf6, 0x7b, 0x9b, 0xaf, 0x60, 0xa0,
    0x86, 0x21, 0x22, 0x9b, 0x54, 0xa, 0x77, 0xd4,
    0xb6, 0x48, 0x3, 0x89, 0x4e, 0x0, 0x3e, 0x2d,
    0x77, 0x48, 0x7, 0xc5, 0x0, 0xa0, 0x1c, 0x4e,
    0xea, 0x4, 0x0, 0xe6, 0x88, 0x34, 0x40, 0x2,

    /* U+0160 "Š" */
    0x0, 0x3b, 0x80, 0x30, 0xbb, 0x0, 0x62, 0x8d,
    0x20, 0x4f, 0x95, 0x0, 0xcb, 0x25, 0x8f, 0x63,
    0xa6, 0x1, 0xcc, 0xe3, 0x1, 0x66, 0x1, 0xf4,
    0x41, 0xe9, 0x0, 0x3f, 0x9e, 0x14, 0x3, 0xff,
    0x90, 0x2f, 0x9f, 0xf6, 0xd3, 0x0, 0x47, 0xf0,
    0x60, 0x11, 0x2c, 0xb0, 0x3, 0x44, 0x55, 0xdf,
    0xd9, 0x6, 0xe0, 0xa2, 0x1a, 0xa2, 0x2, 0x6f,
    0x82, 0x6, 0x0, 0x30, 0xf, 0xe3, 0x0, 0x8,
    0x7, 0xf2, 0x0, 0x28, 0x40, 0x3f, 0xd, 0x2,
    0x7b, 0x88, 0x7, 0xcb, 0x64, 0x31, 0xd6, 0xa0,
    0x1e, 0x4d, 0xb5, 0x4, 0xad, 0x30, 0xf, 0x25,
    0x74, 0x9, 0x61, 0x80, 0x7c, 0x2f, 0xe4, 0x1e,
    0x1, 0xfc, 0x36, 0x6, 0x1, 0xfe, 0x30, 0xf,
    0xfe, 0x7, 0x81, 0x4, 0xc9, 0x48, 0x2, 0x3a,
    0x50, 0xb0, 0x36, 0xad, 0xff, 0xb1, 0x41, 0xd8,
    0x21, 0xcc, 0x40, 0x22, 0x6d, 0x80, 0x0,

    /* U+0161 "š" */
    0xd, 0xe4, 0x0, 0xd, 0x7a, 0x80, 0x30, 0xae,
    0xf, 0xd6, 0x94, 0x0, 0x3a, 0x4f, 0x83, 0x4a,
    0x1, 0x87, 0x15, 0x52, 0xa0, 0x1e, 0x1a, 0xa3,
    0x0, 0x79, 0xb3, 0xbf, 0xdb, 0x28, 0x0, 0xc9,
    0x30, 0x10, 0x26, 0x80, 0x73, 0x1c, 0xee, 0x7e,
    0xc4, 0x3, 0x41, 0x8c, 0x2, 0x27, 0x40, 0x20,
    0x52, 0x0, 0xfa, 0x44, 0xb6, 0x4c, 0x3, 0x87,
    0xd4, 0x1b, 0x30, 0xc0, 0x18, 0x6b, 0x5c, 0x4e,
    0x74, 0x80, 0x31, 0x47, 0x50, 0x96, 0x0, 0x7c,
    0xb8, 0x2, 0x60, 0x1f, 0x10, 0x4, 0xec, 0x20,
    0x1a, 0x40, 0x7, 0xb3, 0xdc, 0xdd, 0x7b, 0x5,
    0x4, 0x31, 0x9, 0x14, 0xda, 0xa0,

    /* U+0162 "Ţ" */
    0xbf, 0xff, 0xfe, 0x9, 0x0, 0x7f, 0xf0, 0xef,
    0xff, 0x80, 0x13, 0xff, 0xc4, 0x1, 0xff, 0xff,
    0x0, 0xff, 0xff, 0x80, 0x7f, 0xff, 0xc0, 0x3c,
    0xe0, 0xe0, 0x1f, 0xf0, 0xb8, 0xb8, 0x7, 0xfc,
    0x36, 0xb3, 0x20, 0xf, 0xf9, 0x2c, 0x10, 0x3,
    0xf8, 0x9d, 0xd6, 0x8, 0x1, 0xfc, 0xd1, 0x6,
    0x79, 0x0, 0xe0,

    /* U+0163 "ţ" */
    0x0, 0xb6, 0xc0, 0x3c, 0x44, 0x0, 0xfa, 0x80,
    0x3c, 0x98, 0xe0, 0x9f, 0xf5, 0x93, 0x88, 0xa,
    0x24, 0x6d, 0x6e, 0xb, 0x77, 0x40, 0x7, 0xff,
    0xdd, 0xc0, 0x3d, 0xe0, 0x6a, 0x1, 0xcc, 0x41,
    0x5d, 0xcc, 0x0, 0xb1, 0x40, 0x41, 0x40, 0x21,
    0xe0, 0xce, 0x90, 0xd, 0x1, 0x6, 0x1, 0xdb,
    0x29, 0xa0, 0x1c, 0x2c, 0x82, 0x40, 0x13, 0xb4,
    0xa0, 0x90, 0x5, 0x32, 0x75, 0xc0,

    /* U+0164 "Ť" */
    0x0, 0xf, 0x70, 0xc0, 0x2a, 0xf6, 0x0, 0xe1,
    0xc0, 0xc5, 0x1d, 0x58, 0x60, 0xf, 0x16, 0x5,
    0x79, 0x3b, 0x80, 0x3f, 0x15, 0x0, 0xa4, 0x0,
    0x7f, 0x97, 0xfd, 0x60, 0x1f, 0xfc, 0x9b, 0xff,
    0xff, 0xe0, 0x90, 0x7, 0xff, 0xe, 0xff, 0xf8,
    0x1, 0x3f, 0xfc, 0x40, 0x1f, 0xff, 0xf0, 0xf,
    0xff, 0xf8, 0x7, 0xff, 0xfc,

    /* U+0165 "ť" */
    0x0, 0xfe, 0x1f, 0xf1, 0x0, 0x7f, 0x28, 0x19,
    0x0, 0x48, 0x80, 0xd, 0x81, 0x0, 0x10, 0xdf,
    0x80, 0x64, 0x48, 0x2, 0x70, 0xf, 0x6d, 0x80,
    0x12, 0xe4, 0x13, 0xfe, 0xb1, 0x0, 0x88, 0x4,
    0x5, 0x12, 0x30, 0xc, 0xd6, 0xe0, 0xb7, 0x74,
    0x0, 0x7f, 0xff, 0xc0, 0x3f, 0xf9, 0x8e, 0x1,
    0xfe, 0xf0, 0x35, 0x0, 0xfe, 0x62, 0xa, 0xee,
    0x60, 0x7, 0xd8, 0xa2, 0x20, 0x50, 0xc,

    /* U+0166 "Ŧ" */
    0xbf, 0xff, 0xfe, 0x9, 0x0, 0x7f, 0xf0, 0xef,
    0xff, 0x80, 0x13, 0xff, 0xc4, 0x1, 0xff, 0xff,
    0x0, 0x6f, 0xfc, 0x0, 0x9f, 0xf8, 0xc0, 0x30,
    0x8e, 0x0, 0x8, 0xe0, 0xe, 0xce, 0xe8, 0x1,
    0x1d, 0xd1, 0x80, 0x7f, 0xff, 0xc0, 0x3f, 0xfa,
    0x80,

    /* U+0167 "ŧ" */
    0x0, 0xb6, 0xc0, 0x3c, 0x44, 0x0, 0xfa, 0x80,
    0x3c, 0x98, 0xe0, 0x9f, 0xf5, 0x93, 0x88, 0xa,
    0x24, 0x6d, 0x6e, 0xb, 0x77, 0x40, 0x7, 0xff,
    0x19, 0xbd, 0x81, 0x3f, 0xe7, 0x24, 0x10, 0x14,
    0x48, 0x92, 0xdc, 0x16, 0xee, 0x50, 0xf, 0xfe,
    0x53, 0x80, 0x7b, 0xc0, 0xd4, 0x3, 0x98, 0x82,
    0xbb, 0x98, 0x1, 0x62, 0x88, 0x81, 0x40,

    /* U+0168 "Ũ" */
    0x0, 0xd1, 0x92, 0x20, 0x1, 0xc3, 0x0, 0xe8,
    0x73, 0x6e, 0x60, 0x93, 0x30, 0x7, 0x3b, 0x7d,
    0xc, 0xfb, 0xb0, 0x7, 0x11, 0xd8, 0x2f, 0xb9,
    0xbc, 0x80, 0x71, 0x61, 0x0, 0x6, 0x32, 0x0,
    0x3f, 0xf8, 0xf5, 0xf6, 0x1, 0xfd, 0x5f, 0x40,
    0x1f, 0xff, 0xf0, 0xf, 0xff, 0xf8, 0x7, 0xff,
    0xc, 0xc1, 0xc0, 0x3f, 0x98, 0xf, 0xc0, 0xc4,
    0x3, 0xe1, 0x30, 0xc7, 0x0, 0x58, 0x7, 0xd6,
    0x0, 0x51, 0x80, 0x5b, 0x41, 0x1, 0x4b, 0x50,
    0x90, 0x3, 0xb8, 0x12, 0xfb, 0xfa, 0xd0, 0x25,
    0x80, 0x28, 0xd6, 0x20, 0x8, 0xdf, 0x58, 0x0,

    /* U+0169 "ũ" */
    0x0, 0x57, 0xfd, 0xb9, 0x8f, 0xa0, 0x4, 0x29,
    0x16, 0x33, 0x2d, 0x80, 0x23, 0xf7, 0x6f, 0xfa,
    0x84, 0x3, 0xff, 0x83, 0xfe, 0x60, 0xf, 0x3f,
    0xe8, 0x7, 0xff, 0xfc, 0x3, 0xff, 0x8d, 0xe0,
    0x1, 0x0, 0xfc, 0x60, 0x3, 0xc, 0x0, 0xe2,
    0x40, 0x2, 0x82, 0xb0, 0x4, 0x7e, 0x1, 0x49,
    0x4, 0xfe, 0xfe, 0x1c, 0x80, 0x7, 0x1c, 0x80,
    0x88, 0xde, 0xe0, 0x0,

    /* U+016A "Ū" */
    0x0, 0x97, 0xff, 0xe5, 0x0, 0xf0, 0x91, 0x7c,
    0x20, 0x1e, 0x4d, 0xdf, 0x90, 0x3, 0xff, 0x8d,
    0x5f, 0x60, 0x1f, 0xd5, 0xf4, 0x1, 0xff, 0xff,
    0x0, 0xff, 0xff, 0x80, 0x7f, 0xf0, 0xcc, 0x1c,
    0x3, 0xf9, 0x80, 0xfc, 0xc, 0x40, 0x3e, 0x13,
    0xc, 0x70, 0x5, 0x80, 0x7d, 0x60, 0x5, 0x18,
    0x5, 0xb4, 0x10, 0x14, 0xb5, 0x9, 0x0, 0x3b,
    0x81, 0x2f, 0xbf, 0xad, 0x2, 0x58, 0x2, 0x8d,
    0x62, 0x0, 0x8d, 0xf5, 0x80, 0x0,

    /* U+016B "ū" */
    0x0, 0x5e, 0xef, 0xac, 0x3, 0x31, 0x17, 0x94,
    0x3, 0x6f, 0xff, 0xb8, 0x3, 0xff, 0x85, 0xfe,
    0x60, 0xf, 0x3f, 0xe8, 0x7, 0xff, 0xfc, 0x3,
    0xff, 0x8d, 0xe0, 0x1, 0x0, 0xfc, 0x60, 0x3,
    0xc, 0x0, 0xe2, 0x40, 0x2, 0x82, 0xb0, 0x4,
    0x7e, 0x1, 0x49, 0x4, 0xfe, 0xfe, 0x1c, 0x80,
    0x7, 0x1c, 0x80, 0x88, 0xde, 0xe0, 0x0,

    /* U+016C "Ŭ" */
    0x0, 0x9f, 0xc0, 0x3b, 0xdc, 0x3, 0xc8, 0x10,
    0x20, 0x54, 0x8, 0x1, 0xe3, 0x57, 0xef, 0xd5,
    0x73, 0x0, 0xfa, 0xa5, 0xd, 0x2a, 0x0, 0x3f,
    0x9a, 0xf2, 0xd4, 0x3, 0xff, 0x91, 0x5f, 0x60,
    0x1f, 0xd5, 0xf4, 0x1, 0xff, 0xff, 0x0, 0xff,
    0xff, 0x80, 0x7f, 0xf0, 0xcc, 0x1c, 0x3, 0xf9,
    0x80, 0xfc, 0xc, 0x40, 0x3e, 0x13, 0xc, 0x70,
    0x5, 0x80, 0x7d, 0x60, 0x5, 0x18, 0x5, 0xb4,
    0x10, 0x14, 0xb5, 0x9, 0x0, 0x3b, 0x81, 0x2f,
    0xbf, 0xad, 0x2, 0x58, 0x2, 0x8d, 0x62, 0x0,
    0x8d, 0xf5, 0x80, 0x0,

    /* U+016D "ŭ" */
    0x0, 0x74, 0x80, 0x6a, 0xf0, 0xc, 0xcc, 0xfd,
    0xd7, 0xac, 0x0, 0x68, 0x81, 0x14, 0x72, 0xe0,
    0x1c, 0xfb, 0xfe, 0xc6, 0x0, 0xff, 0xe1, 0xff,
    0x98, 0x3, 0xcf, 0xfa, 0x1, 0xff, 0xff, 0x0,
    0xff, 0xe3, 0x78, 0x0, 0x40, 0x3f, 0x18, 0x0,
    0xc3, 0x0, 0x38, 0x90, 0x0, 0xa0, 0xac, 0x1,
    0x1f, 0x80, 0x52, 0x41, 0x3f, 0xbf, 0x87, 0x20,
    0x1, 0xc7, 0x20, 0x22, 0x37, 0xb8, 0x0,

    /* U+016E "Ů" */
    0x0, 0xff, 0xe4, 0x2f, 0x7e, 0xa8, 0x7, 0xf1,
    0x53, 0xdb, 0xd1, 0x0, 0x7e, 0x70, 0x84, 0xb0,
    0x70, 0xf, 0xcc, 0xe, 0x2c, 0xc, 0x1, 0xf8,
    0xde, 0x7a, 0x1c, 0xc0, 0x3f, 0xa3, 0xb3, 0xa0,
    0x3, 0xfe, 0x13, 0x10, 0xf, 0xfe, 0x4d, 0x7d,
    0x80, 0x7f, 0x57, 0xd0, 0x7, 0xff, 0xfc, 0x3,
    0xff, 0xfe, 0x1, 0xff, 0xc3, 0x30, 0x70, 0xf,
    0xe6, 0x3, 0xf0, 0x31, 0x0, 0xf8, 0x4c, 0x31,
    0xc0, 0x16, 0x1, 0xf5, 0x80, 0x14, 0x60, 0x16,
    0xd0, 0x40, 0x52, 0xd4, 0x24, 0x0, 0xee, 0x4,
    0xbe, 0xfe, 0xb4, 0x9, 0x60, 0xa, 0x35, 0x88,
    0x2, 0x37, 0xd6, 0x0, 0x0,

    /* U+016F "ů" */
    0x0, 0xff, 0xe1, 0x8d, 0x7f, 0xa8, 0x40, 0x3d,
    0x9, 0x54, 0x4b, 0x0, 0xf2, 0x3a, 0xa9, 0xdc,
    0x1, 0xe7, 0x42, 0x22, 0x30, 0x7, 0xa0, 0x37,
    0x41, 0x20, 0x1e, 0x2d, 0xd6, 0x69, 0x0, 0x7e,
    0x23, 0x0, 0xef, 0xf3, 0x0, 0x79, 0xff, 0x40,
    0x3f, 0xff, 0xe0, 0x1f, 0xfc, 0x6f, 0x0, 0x8,
    0x7, 0xe3, 0x0, 0x18, 0x60, 0x7, 0x12, 0x0,
    0x14, 0x15, 0x80, 0x23, 0xf0, 0xa, 0x48, 0x27,
    0xf7, 0xf0, 0xe4, 0x0, 0x38, 0xe4, 0x4, 0x46,
    0xf7, 0x0, 0x0,

    /* U+0170 "Ű" */
    0x0, 0xe1, 0x10, 0x4, 0x22, 0x0, 0xf8, 0xfb,
    0x8a, 0x15, 0xde, 0x1, 0xf7, 0x83, 0x29, 0xa8,
    0x68, 0x7, 0x94, 0xd6, 0x43, 0xc2, 0xcc, 0x3,
    0x86, 0xd6, 0x81, 0x8e, 0xd0, 0x3, 0xc3, 0xd4,
    0x0, 0x6f, 0x40, 0xf, 0xfe, 0x45, 0x7d, 0x80,
    0x7f, 0x57, 0xd0, 0x7, 0xff, 0xfc, 0x3, 0xff,
    0xfe, 0x1, 0xff, 0xc3, 0x30, 0x70, 0xf, 0xe6,
    0x3, 0xf0, 0x31, 0x0, 0xf8, 0x4c, 0x31, 0xc0,
    0x16, 0x1, 0xf5, 0x80, 0x14, 0x60, 0x16, 0xd0,
    0x40, 0x52, 0xd4, 0x24, 0x0, 0xee, 0x4, 0xbe,
    0xfe, 0xb4, 0x9, 0x60, 0xa, 0x35, 0x88, 0x2,
    0x37, 0xd6, 0x0, 0x0,

    /* U+0171 "ű" */
    0x0, 0xab, 0xf8, 0x7, 0xfd, 0x0, 0x11, 0xa8,
    0x68, 0x40, 0x1c, 0x0, 0x5e, 0x14, 0x66, 0x62,
    0xd0, 0x9, 0x8e, 0x94, 0x38, 0xf0, 0x40, 0x26,
    0xe5, 0x0, 0x66, 0x4, 0x2, 0xff, 0x38, 0x4,
    0x20, 0x7, 0xfd, 0x0, 0xff, 0xff, 0x80, 0x7f,
    0xf1, 0xbc, 0x0, 0x20, 0x1f, 0x8c, 0x0, 0x61,
    0x80, 0x1c, 0x48, 0x0, 0x50, 0x56, 0x0, 0x8f,
    0xc0, 0x29, 0x20, 0x9f, 0xdf, 0xc3, 0x90, 0x0,
    0xe3, 0x90, 0x11, 0x1b, 0xdc, 0x0,

    /* U+0172 "Ų" */
    0xaf, 0xb0, 0xf, 0xea, 0xfa, 0x0, 0xff, 0xff,
    0x80, 0x7f, 0xff, 0xc0, 0x3f, 0xf8, 0x66, 0xe,
    0x1, 0xfc, 0xc0, 0x7e, 0x6, 0x20, 0x1f, 0x9,
    0x86, 0x38, 0x2, 0xc0, 0x3e, 0xb0, 0x2, 0x8c,
    0x2, 0xda, 0x8, 0xa, 0x5a, 0x84, 0x80, 0x1d,
    0xc0, 0x97, 0xdf, 0xd6, 0x81, 0xc, 0x1, 0x46,
    0xb1, 0x0, 0x42, 0xe, 0xe0, 0xe, 0x29, 0xdf,
    0xf8, 0xcd, 0x0, 0x1f, 0xf3, 0x94, 0x80, 0x7f,
    0xf0, 0x30, 0x1c, 0x3, 0xff, 0x80, 0x20, 0x80,
    0x1f, 0xfc, 0xf, 0x9, 0xf8, 0x0, 0xff, 0x2e,
    0x44, 0x28, 0x0,

    /* U+0173 "ų" */
    0xff, 0x30, 0x7, 0x9f, 0xf4, 0x3, 0xff, 0xfe,
    0x1, 0xff, 0xce, 0xf0, 0x8, 0x40, 0x3f, 0x18,
    0x4, 0x61, 0x80, 0x1c, 0x48, 0x1, 0x28, 0x2b,
    0x0, 0x47, 0xe0, 0x1a, 0x48, 0x27, 0xf7, 0xf0,
    0xe4, 0x2, 0x1c, 0x72, 0x2, 0x23, 0x7a, 0x0,
    0x61, 0x8d, 0xff, 0x6c, 0x87, 0x96, 0x0, 0x7f,
    0x51, 0x60, 0x80, 0x7e, 0x24, 0x40, 0x80, 0x7f,
    0xcc, 0x22, 0x0, 0xfc, 0x45, 0x77, 0x4, 0x3,
    0xf6, 0xcb, 0xc8, 0x80,

    /* U+0174 "Ŵ" */
    0x0, 0xff, 0x3f, 0xfa, 0x40, 0x3f, 0xf8, 0xe9,
    0x0, 0x6, 0x60, 0x7, 0xff, 0x14, 0xec, 0x2f,
    0x6, 0x50, 0x3, 0xff, 0x86, 0x5a, 0x5a, 0x87,
    0xe7, 0x68, 0x1, 0xff, 0xc2, 0x2e, 0xd2, 0x0,
    0xe, 0x7a, 0x0, 0x7f, 0xf4, 0xe3, 0xf8, 0x3,
    0xe5, 0xff, 0x28, 0x7, 0xd7, 0xf7, 0x80, 0x24,
    0x1, 0xef, 0x0, 0x78, 0x7, 0xc8, 0x1a, 0x80,
    0x4, 0x0, 0xf2, 0x80, 0x14, 0x3, 0xc8, 0x0,
    0x40, 0x40, 0xc0, 0xe, 0x40, 0x33, 0x2, 0x0,
    0x76, 0x0, 0x90, 0x60, 0x20, 0x7, 0x68, 0x22,
    0x3, 0x40, 0x39, 0x1, 0xc0, 0x8, 0x2, 0x60,
    0x19, 0x3, 0x2c, 0x1c, 0x3, 0x8c, 0x30, 0x0,
    0x62, 0x8, 0x1, 0x11, 0x1, 0xc, 0x44, 0x60,
    0x12, 0x0, 0x10, 0x2, 0x40, 0xc0, 0x9, 0x41,
    0x0, 0x8, 0x16, 0x1, 0x68, 0x18, 0x80, 0x5e,
    0x8, 0x1, 0x58, 0x68, 0x3, 0xc1, 0x40, 0x24,
    0x4, 0x0, 0xc8, 0x0, 0x40, 0x13, 0x7, 0x0,
    0x28, 0x11, 0x0, 0x48, 0x2c, 0x3, 0x9, 0x6,
    0x2, 0x1, 0x88, 0x4, 0x80, 0xa0, 0x80, 0x3,
    0x0, 0xe5, 0x4, 0xf, 0x4, 0x0, 0xda, 0x16,
    0x18, 0x8, 0x1, 0xec, 0x3, 0x4, 0xb, 0x0,
    0xc8, 0x6, 0x8, 0x1a, 0x1, 0xe4, 0x0, 0x30,
    0x88, 0xc0, 0x31, 0x10, 0x14, 0x81, 0x0, 0x3e,
    0x40, 0xa0, 0x40, 0xf, 0x28, 0x70, 0x11, 0x0,
    0x3e, 0xc0, 0x30, 0xf0, 0xf, 0x58, 0x20, 0x20,
    0x7, 0xe4, 0x0, 0x94, 0x3, 0xc6, 0x20, 0xc,
    0x0, 0xfc, 0x62, 0x8, 0x1, 0xf9, 0xc0, 0xa,
    0x1, 0x80,

    /* U+0175 "ŵ" */
    0x0, 0xfc, 0xdf, 0xeb, 0x0, 0xff, 0xe2, 0x2c,
    0x89, 0xa5, 0x0, 0x7f, 0xf0, 0x96, 0x8f, 0x30,
    0xcb, 0x60, 0x1f, 0xfc, 0x12, 0x9c, 0x20, 0x9c,
    0x34, 0x0, 0xff, 0xe0, 0x3b, 0x0, 0x63, 0x84,
    0x0, 0xf4, 0xfe, 0x0, 0x71, 0x7f, 0xa8, 0x3,
    0x97, 0xfc, 0x1a, 0x6, 0x1, 0xca, 0x0, 0x40,
    0xe, 0xc0, 0x40, 0x40, 0x2, 0x0, 0x6b, 0x2,
    0x13, 0x0, 0xc8, 0x18, 0x0, 0x30, 0xc0, 0x8,
    0x4c, 0x54, 0x2c, 0x2, 0x12, 0x4, 0x0, 0x58,
    0x28, 0x4, 0xe0, 0x98, 0xa, 0x1, 0x20, 0x9,
    0x80, 0x10, 0x8, 0x40, 0x1a, 0x18, 0x80, 0x44,
    0x0, 0x78, 0x20, 0x4, 0x62, 0x8, 0x0, 0x40,
    0x70, 0x50, 0x50, 0x2, 0x7, 0x80, 0x64, 0xc,
    0x5, 0x3, 0x10, 0xc0, 0xb0, 0x21, 0x4, 0x0,
    0xd8, 0x8, 0x1e, 0x16, 0x0, 0x70, 0x31, 0x40,
    0x31, 0x0, 0xce, 0x4, 0x28, 0xa, 0x0, 0x13,
    0x4, 0xc0, 0x40, 0xe, 0x12, 0x6, 0x12, 0x20,
    0x5, 0x61, 0x88, 0x18, 0x1, 0xe4, 0xa, 0x5,
    0x0, 0xca, 0xe, 0x20, 0x80, 0x1e, 0xd0, 0x20,
    0xa0, 0xc, 0x44, 0x10, 0x40, 0xf, 0x90, 0x0,
    0x44, 0x0, 0xe5, 0x0, 0x68, 0x6,

    /* U+0176 "Ŷ" */
    0x0, 0xe3, 0xff, 0x60, 0x7, 0xf8, 0x74, 0x4,
    0xe8, 0x3, 0xfb, 0x6, 0x3c, 0xd6, 0x0, 0x3e,
    0xc3, 0xa7, 0x1c, 0x67, 0x70, 0x7, 0xb3, 0x94,
    0x2, 0x9f, 0x70, 0xf, 0xfe, 0x35, 0xfe, 0x0,
    0x7e, 0x1f, 0xf3, 0xc8, 0x1a, 0x80, 0x7d, 0x0,
    0x4e, 0x4c, 0x10, 0x1, 0xe2, 0x60, 0x80, 0x4,
    0x1, 0x30, 0x7, 0x48, 0x1a, 0x80, 0x6, 0x2,
    0x0, 0x31, 0xa0, 0x78, 0x6, 0x71, 0x13, 0x80,
    0x5e, 0xa, 0x60, 0x1d, 0x1, 0x2, 0x8, 0x61,
    0x60, 0x1e, 0x62, 0x9, 0x9, 0x7, 0x10, 0xf,
    0xa4, 0x1d, 0xc4, 0x30, 0x1, 0xf9, 0x10, 0x10,
    0x10, 0x1, 0xfe, 0x90, 0x1, 0x30, 0x7, 0xf8,
    0x88, 0xa, 0x1, 0xff, 0xff, 0x0, 0xff, 0xe4,
    0x80,

    /* U+0177 "ŷ" */
    0x0, 0xc3, 0xdf, 0xe3, 0x0, 0xfc, 0x38, 0x28,
    0x1a, 0x60, 0x1e, 0x1c, 0x2a, 0xbb, 0x6, 0x98,
    0x7, 0x25, 0x72, 0x82, 0x74, 0x20, 0x7, 0x2b,
    0x88, 0x6, 0x67, 0x0, 0xb3, 0xe8, 0x3, 0xe6,
    0xff, 0xc, 0x82, 0x88, 0x7, 0xa8, 0x10, 0x54,
    0x41, 0xc0, 0x38, 0x4c, 0x38, 0x0, 0xc1, 0x60,
    0x1c, 0xc0, 0x2a, 0x0, 0xa0, 0x23, 0x0, 0xd4,
    0xc, 0x1, 0x12, 0x5, 0x0, 0x46, 0x41, 0x40,
    0x1b, 0x81, 0xc0, 0x2a, 0x3, 0x20, 0xc, 0xa2,
    0x25, 0x0, 0x38, 0x50, 0x7, 0x98, 0x38, 0x10,
    0x41, 0x80, 0x3d, 0x40, 0x83, 0xa0, 0xa0, 0x1f,
    0x12, 0x3, 0xb8, 0x38, 0x3, 0xf7, 0x5, 0x89,
    0x20, 0x7, 0xe5, 0x12, 0xa, 0x0, 0xff, 0x30,
    0x1, 0x80, 0x3f, 0xc2, 0x8, 0x20, 0x1f, 0xe6,
    0xe, 0x0, 0xff, 0x38, 0xa, 0x80, 0x7f, 0x2c,
    0x4, 0x0, 0x7d, 0x5b, 0xd4, 0xa, 0xc0, 0x1f,
    0x19, 0x9, 0x45, 0x0, 0x7e,

    /* U+0178 "Ÿ" */
    0x0, 0x87, 0xb4, 0x0, 0x7d, 0x60, 0x1f, 0x10,
    0x90, 0x83, 0xa, 0x0, 0x7c, 0x73, 0x42, 0xb,
    0x16, 0x1, 0xf9, 0x94, 0x2, 0x74, 0x0, 0xff,
    0xe3, 0xdf, 0xe0, 0x7, 0xe1, 0xff, 0x3c, 0x81,
    0xa8, 0x7, 0xd0, 0x4, 0xe4, 0xc1, 0x0, 0x1e,
    0x26, 0x8, 0x0, 0x40, 0x13, 0x0, 0x74, 0x81,
    0xa8, 0x0, 0x60, 0x20, 0x3, 0x1a, 0x7, 0x80,
    0x67, 0x11, 0x38, 0x5, 0xe0, 0xa6, 0x1, 0xd0,
    0x10, 0x20, 0x86, 0x16, 0x1, 0xe6, 0x20, 0x90,
    0x90, 0x71, 0x0, 0xfa, 0x41, 0xdc, 0x43, 0x0,
    0x1f, 0x91, 0x1, 0x1, 0x0, 0x1f, 0xe9, 0x0,
    0x13, 0x0, 0x7f, 0x88, 0x80, 0xa0, 0x1f, 0xff,
    0xf0, 0xf, 0xfe, 0x48,

    /* U+0179 "Ź" */
    0x0, 0xfd, 0x5f, 0xe3, 0x0, 0xfe, 0x45, 0xa,
    0x30, 0xf, 0xea, 0x9, 0x50, 0xf, 0xea, 0x1a,
    0x60, 0xf, 0xf5, 0x7a, 0x80, 0x7f, 0xf2, 0x2f,
    0xff, 0xfe, 0x90, 0xf, 0xfe, 0x1d, 0xff, 0xfe,
    0x60, 0x5, 0x80, 0x7f, 0x1b, 0x4, 0x90, 0x7,
    0xf6, 0x82, 0x30, 0x7, 0xf4, 0x88, 0xa8, 0x3,
    0xf9, 0x18, 0x2c, 0x40, 0x3f, 0xd, 0x2, 0xa8,
    0x3, 0xfa, 0xc4, 0x56, 0x1, 0xfc, 0xaa, 0xa,
    0x10, 0xf, 0xc3, 0x40, 0xc8, 0x1, 0xfd, 0x40,
    0x52, 0x1, 0xfc, 0xc8, 0x1c, 0x1, 0xfc, 0x52,
    0xe, 0x60, 0x1f, 0xdc, 0x7, 0x0, 0x1f, 0xce,
    0x61, 0xe0, 0x1f, 0xe8, 0x0, 0x67, 0xff, 0xed,
    0x0, 0xff, 0xe1, 0x0,

    /* U+017A "ź" */
    0x0, 0xe2, 0xff, 0x50, 0x7, 0xde, 0xb, 0x40,
    0x1e, 0xa2, 0x7a, 0x0, 0xf0, 0xed, 0xc0, 0x7,
    0xc2, 0xe8, 0x1, 0xd1, 0xff, 0xfc, 0x1c, 0x89,
    0xe1, 0x0, 0x9a, 0xef, 0xa8, 0x1, 0x0, 0x1f,
    0x50, 0x9b, 0x80, 0x79, 0x90, 0x38, 0x3, 0xc5,
    0x21, 0x44, 0x1, 0xee, 0x5, 0x50, 0x7, 0xa0,
    0xc6, 0xc0, 0x3c, 0x6e, 0x14, 0x20, 0x1e, 0xe0,
    0x64, 0x0, 0xf4, 0x91, 0x24, 0x3, 0xc8, 0xc1,
    0xc0, 0x1f, 0x50, 0xf, 0xe6, 0x78, 0x84, 0x4,
    0xcf, 0xe1,

    /* U+017B "Ż" */
    0x0, 0xf2, 0xeb, 0x0, 0x7f, 0xd2, 0x56, 0x1,
    0xff, 0x58, 0x28, 0x7, 0xfc, 0xff, 0x0, 0x1f,
    0xfd, 0x6b, 0xff, 0xff, 0xa4, 0x3, 0xff, 0x87,
    0x7f, 0xff, 0x98, 0x1, 0x60, 0x1f, 0xc6, 0xc1,
    0x24, 0x1, 0xfd, 0xa0, 0x8c, 0x1, 0xfd, 0x22,
    0x2a, 0x0, 0xfe, 0x46, 0xb, 0x10, 0xf, 0xc3,
    0x40, 0xaa, 0x0, 0xfe, 0xb1, 0x15, 0x80, 0x7f,
    0x2a, 0x82, 0x84, 0x3, 0xf0, 0xd0, 0x32, 0x0,
    0x7f, 0x50, 0x14, 0x80, 0x7f, 0x32, 0x7, 0x0,
    0x7f, 0x14, 0x83, 0x98, 0x7, 0xf7, 0x1, 0xc0,
    0x7, 0xf3, 0x98, 0x78, 0x7, 0xfa, 0x0, 0x19,
    0xff, 0xfb, 0x40, 0x3f, 0xf8, 0x40,

    /* U+017C "ż" */
    0x0, 0xdb, 0xc6, 0x1, 0xf1, 0x90, 0xa0, 0x7,
    0xc6, 0xa6, 0xa0, 0x1f, 0xab, 0x8, 0x3, 0xff,
    0x87, 0x1f, 0xff, 0xc1, 0xc8, 0x9e, 0x10, 0x9,
    0xae, 0xfa, 0x80, 0x10, 0x1, 0xf5, 0x9, 0xb8,
    0x7, 0x99, 0x3, 0x80, 0x3c, 0x52, 0x14, 0x40,
    0x1e, 0xe0, 0x55, 0x0, 0x7a, 0xc, 0x6c, 0x3,
    0xc6, 0xe1, 0x42, 0x1, 0xee, 0x6, 0x40, 0xf,
    0x49, 0x12, 0x40, 0x3c, 0x8c, 0x1c, 0x1, 0xf5,
    0x0, 0xfe, 0x67, 0x88, 0x40, 0x4c, 0xfe, 0x10,

    /* U+017D "Ž" */
    0x0, 0xab, 0xdc, 0x2, 0x6f, 0xb0, 0xe, 0xa4,
    0x8a, 0xa, 0x94, 0xb0, 0xf, 0x59, 0xaf, 0x29,
    0xd8, 0x7, 0xed, 0x11, 0xb4, 0x3, 0xf8, 0x7b,
    0xf8, 0x40, 0x3f, 0xf8, 0xf7, 0xff, 0xff, 0x48,
    0x7, 0xff, 0xe, 0xff, 0xff, 0x30, 0x2, 0xc0,
    0x3f, 0x8d, 0x82, 0x48, 0x3, 0xfb, 0x41, 0x18,
    0x3, 0xfa, 0x44, 0x54, 0x1, 0xfc, 0x8c, 0x16,
    0x20, 0x1f, 0x86, 0x81, 0x54, 0x1, 0xfd, 0x62,
    0x2b, 0x0, 0xfe, 0x55, 0x5, 0x8, 0x7, 0xe1,
    0xa0, 0x64, 0x0, 0xfe, 0xa0, 0x29, 0x0, 0xfe,
    0x64, 0xe, 0x0, 0xfe, 0x29, 0x7, 0x30, 0xf,
    0xee, 0x3, 0x80, 0xf, 0xe7, 0x30, 0xf0, 0xf,
    0xf4, 0x0, 0x33, 0xff, 0xf6, 0x80, 0x7f, 0xf0,
    0x80,

    /* U+017E "ž" */
    0x1e, 0xd3, 0x0, 0x16, 0x79, 0x80, 0xf8, 0x63,
    0xae, 0x96, 0x18, 0x0, 0x70, 0xa2, 0x87, 0xc,
    0x3, 0xf, 0xc4, 0x34, 0x80, 0x3c, 0x4e, 0xe3,
    0x0, 0xd1, 0xff, 0xfc, 0x1c, 0x89, 0xe1, 0x0,
    0x9a, 0xef, 0xa8, 0x1, 0x0, 0x1f, 0x50, 0x9b,
    0x80, 0x79, 0x90, 0x38, 0x3, 0xc5, 0x21, 0x44,
    0x1, 0xee, 0x5, 0x50, 0x7, 0xa0, 0xc6, 0xc0,
    0x3c, 0x6e, 0x14, 0x20, 0x1e, 0xe0, 0x64, 0x0,
    0xf4, 0x91, 0x24, 0x3, 0xc8, 0xc1, 0xc0, 0x1f,
    0x50, 0xf, 0xe6, 0x78, 0x84, 0x4, 0xcf, 0xe1,

    /* U+017F "ſ" */
    0x1, 0x9d, 0xff, 0x61, 0x86, 0x31, 0x8, 0x19,
    0x39, 0x6, 0x77, 0xf0, 0xe0, 0x29, 0x80, 0x4,
    0x1c, 0x8, 0x3, 0xff, 0xfe, 0x1, 0xff, 0xde,

    /* U+0400 "Ѐ" */
    0x0, 0x1f, 0xfa, 0x40, 0x3e, 0x3b, 0x6, 0x40,
    0xf, 0x92, 0xc2, 0x80, 0x3f, 0x25, 0x8c, 0x80,
    0x7e, 0x4f, 0x90, 0xf, 0xfe, 0x13, 0xff, 0xff,
    0x70, 0x7, 0xff, 0x4, 0xbf, 0xfe, 0xe0, 0xf,
    0xff, 0x11, 0x7f, 0xfc, 0xc0, 0x1f, 0xfc, 0x12,
    0xff, 0xf9, 0x80, 0x3f, 0xff, 0x5, 0xff, 0xf7,
    0x0, 0x7f, 0xc0,

    /* U+0401 "Ё" */
    0x0, 0x27, 0xd0, 0x3, 0x38, 0x80, 0x2c, 0x5,
    0x0, 0x18, 0xb8, 0x5, 0x64, 0xe0, 0x5, 0x24,
    0x0, 0x8f, 0x60, 0x1, 0x5a, 0x20, 0x1f, 0xfc,
    0x7, 0xff, 0xfe, 0xe0, 0xf, 0xfe, 0x9, 0x7f,
    0xfd, 0xc0, 0x1f, 0xfe, 0x22, 0xff, 0xf9, 0x80,
    0x3f, 0xf8, 0x25, 0xff, 0xf3, 0x0, 0x7f, 0xfe,
    0xb, 0xff, 0xee, 0x0, 0xff, 0x80,

    /* U+0402 "Ђ" */
    0xbf, 0xff, 0xfe, 0x3, 0x80, 0x7f, 0xf2, 0xaf,
    0xfe, 0xb0, 0x7, 0xff, 0x9c, 0x3, 0xff, 0xfe,
    0x1, 0xfa, 0x2f, 0xbf, 0xdd, 0x4a, 0x1, 0xfe,
    0x74, 0x10, 0x0, 0xad, 0x58, 0x7, 0xf4, 0x67,
    0xfd, 0x8a, 0x9, 0x20, 0x1f, 0x9c, 0xc0, 0x23,
    0xa5, 0x6, 0x0, 0xff, 0xe1, 0xc8, 0x0, 0xc0,
    0x3f, 0xf8, 0x44, 0x0, 0x70, 0xf, 0xfe, 0x11,
    0x0, 0x1c, 0x3, 0xff, 0x85, 0x40, 0x3, 0x0,
    0xfe, 0x11, 0x1, 0x43, 0x3, 0x80, 0x7f, 0x9b,
    0xbf, 0x5c, 0x12, 0x0, 0x3f, 0xf8, 0x47, 0x36,
    0x0,

    /* U+0403 "Ѓ" */
    0x0, 0xf3, 0xff, 0x94, 0x3, 0xc5, 0x1, 0x4a,
    0x1, 0xee, 0x9, 0x50, 0xf, 0x39, 0xcb, 0x0,
    0x7c, 0xfe, 0xc0, 0x1f, 0xfc, 0x37, 0xff, 0xfe,
    0xa0, 0xf, 0xfe, 0x9, 0x7f, 0xfd, 0x40, 0x1f,
    0xff, 0xf0, 0xf, 0xff, 0xf8, 0x7, 0xff, 0xc,

    /* U+0404 "Є" */
    0x0, 0xe4, 0xad, 0xff, 0xb6, 0x94, 0x3, 0x16,
    0x5a, 0x90, 0x4, 0x4b, 0x4a, 0x0, 0x3d, 0x30,
    0x7c, 0xef, 0xec, 0x85, 0x50, 0x3, 0x40, 0xfa,
    0xc, 0x40, 0x4d, 0xe8, 0x1, 0x2, 0x2d, 0x10,
    0xf, 0xf3, 0x3, 0x8, 0x7, 0xf8, 0x84, 0x2c,
    0x3, 0xfe, 0x70, 0x6, 0x7f, 0xfe, 0x20, 0x1,
    0x80, 0x7f, 0xf1, 0x7b, 0xff, 0xf1, 0x0, 0xc,
    0x0, 0x40, 0x1f, 0xf3, 0x0, 0x10, 0x3, 0xfe,
    0x30, 0x5, 0x80, 0x7f, 0xf0, 0x14, 0xd, 0x40,
    0x3f, 0xe8, 0x0, 0x52, 0x0, 0x7f, 0x8a, 0x40,
    0x17, 0x48, 0x20, 0x26, 0xd8, 0x20, 0x6, 0xa1,
    0x5, 0xbe, 0xfe, 0xc9, 0x30, 0xc, 0xbd, 0x28,
    0x20, 0x11, 0x2c, 0x88,

    /* U+0405 "Ѕ" */
    0x0, 0xb, 0xe7, 0xfd, 0xb4, 0xc0, 0x11, 0xfc,
    0x18, 0x4, 0x4b, 0x2c, 0x0, 0xd1, 0x15, 0x77,
    0xf6, 0x41, 0xb8, 0x28, 0x86, 0xa8, 0x80, 0x9b,
    0xe0, 0x81, 0x80, 0xc, 0x3, 0xf8, 0xc0, 0x2,
    0x1, 0xfc, 0x80, 0xa, 0x10, 0xf, 0xc3, 0x40,
    0x9e, 0xe2, 0x1, 0xf2, 0xd9, 0xc, 0x75, 0xa8,
    0x7, 0x93, 0x6d, 0x41, 0x2b, 0x4c, 0x3, 0xc9,
    0x5d, 0x2, 0x58, 0x60, 0x1f, 0xb, 0xf9, 0x7,
    0x80, 0x7f, 0xd, 0x81, 0x80, 0x7f, 0x8c, 0x3,
    0xff, 0x81, 0xe0, 0x41, 0x32, 0x52, 0x0, 0x8e,
    0x94, 0x2c, 0xd, 0xab, 0x7f, 0xec, 0x50, 0x76,
    0x8, 0x73, 0x10, 0x8, 0x9b, 0x60, 0x0,

    /* U+0406 "І" */
    0x7f, 0xd0, 0xf, 0xff, 0x38,

    /* U+0407 "Ї" */
    0x1d, 0xd0, 0xc7, 0xa9, 0x16, 0x50, 0xc3, 0x3d,
    0x45, 0xa1, 0x98, 0x7, 0xd4, 0x0, 0xfe, 0x7f,
    0xd0, 0xf, 0xff, 0xf8, 0x7, 0xff, 0x88,

    /* U+0408 "Ј" */
    0x0, 0xe9, 0xfb, 0x0, 0xff, 0xff, 0x80, 0x7f,
    0xfd, 0x8c, 0x3, 0xe7, 0x2, 0x2, 0x1, 0x92,
    0xd, 0xd, 0xfe, 0x60, 0x54, 0x2, 0x0, 0x14,
    0xd0, 0x3, 0x7f, 0xda, 0xc0, 0x0,

    /* U+0409 "Љ" */
    0x0, 0xcf, 0xff, 0xfe, 0x50, 0xf, 0xfe, 0xf,
    0x80, 0x7f, 0xf3, 0x4, 0x1b, 0xff, 0xc0, 0x1f,
    0xfc, 0x43, 0x1, 0x0, 0xff, 0xe6, 0x78, 0x7,
    0xff, 0x28, 0x40, 0x3f, 0xf9, 0x8e, 0x2, 0x1,
    0xff, 0xca, 0x10, 0x30, 0xf, 0xd5, 0xff, 0x76,
    0x40, 0x80, 0x78, 0xc0, 0x40, 0x3f, 0xf8, 0x2,
    0x6f, 0xca, 0x1, 0xc2, 0xe, 0x1, 0xfa, 0xbf,
    0xee, 0xa2, 0xa, 0x30, 0xf, 0x8, 0x7, 0xff,
    0x0, 0x57, 0x4, 0x24, 0x2, 0x20, 0x1, 0x0,
    0x7f, 0xf0, 0x85, 0xc1, 0xc0, 0x21, 0x0, 0xff,
    0xe3, 0x70, 0x18, 0x4, 0xc0, 0x40, 0x1f, 0xfc,
    0x4e, 0x3, 0x0, 0xb0, 0x10, 0x3, 0xff, 0x86,
    0x2e, 0x8, 0x0, 0x36, 0xc, 0x0, 0xff, 0xe1,
    0x2e, 0x8, 0x5f, 0x7e, 0x1, 0x28, 0x7, 0xf5,
    0x77, 0x3f, 0xd4, 0x43, 0x64, 0x1, 0x2e, 0x0,
    0x7f, 0xc2, 0x20, 0x14, 0x8f, 0x40,

    /* U+040A "Њ" */
    0x7f, 0xd0, 0xf, 0xd3, 0xf8, 0x1, 0xff, 0xff,
    0x0, 0xff, 0xff, 0x80, 0x78, 0xbf, 0xff, 0x30,
    0x1f, 0xfe, 0xda, 0x40, 0xf, 0xfe, 0x49, 0x2d,
    0xd8, 0x3, 0x17, 0xff, 0xe6, 0x3, 0xff, 0xbb,
    0x14, 0x12, 0x40, 0x3f, 0xf8, 0xc2, 0x74, 0xc0,
    0xc2, 0x1, 0xff, 0xc8, 0xb0, 0x2, 0x80, 0x7f,
    0xf2, 0x8, 0x0, 0x20, 0x1f, 0xfc, 0x82, 0x0,
    0x8, 0x7, 0xff, 0x22, 0xc0, 0x8, 0x1, 0xff,
    0xc6, 0x3a, 0x60, 0x70, 0xf, 0xfe, 0x11, 0xff,
    0xec, 0x50, 0x68, 0x0, 0xff, 0xe3, 0x93, 0x64,
    0x80, 0x0,

    /* U+040B "Ћ" */
    0xbf, 0xff, 0xfe, 0x3, 0x80, 0x7f, 0xf2, 0xaf,
    0xfe, 0xb0, 0x7, 0x7f, 0xf3, 0x80, 0x7f, 0xc2,
    0x1, 0xff, 0xfb, 0x8b, 0xef, 0xf7, 0x63, 0x0,
    0x7f, 0x9d, 0x4, 0x0, 0x27, 0x38, 0x1, 0xfc,
    0xf9, 0xff, 0x6b, 0x1, 0xc0, 0x7, 0xe8, 0x30,
    0x8, 0xa5, 0x41, 0x80, 0x3f, 0xf8, 0x7c, 0x2,
    0x20, 0xf, 0xfe, 0x13, 0x0, 0xc, 0x3, 0xff,
    0xfe, 0x1, 0xff, 0xc3,

    /* U+040C "Ќ" */
    0x0, 0xfa, 0xff, 0xc4, 0x1, 0xfc, 0xa8, 0x18,
    0x40, 0x1f, 0x86, 0xc3, 0xc, 0x3, 0xfa, 0xc7,
    0xc, 0x3, 0xfd, 0x5e, 0x60, 0x1f, 0xfc, 0x87,
    0xfd, 0x0, 0xf9, 0xbf, 0xc4, 0x1, 0xfc, 0x72,
    0x14, 0x40, 0x1f, 0x87, 0x81, 0x94, 0x3, 0xfa,
    0x88, 0xe4, 0x3, 0xf9, 0xd0, 0x78, 0x3, 0xf8,
    0xe0, 0x28, 0x80, 0x3f, 0xe, 0x83, 0xa0, 0x7,
    0x8b, 0xfd, 0xc2, 0x70, 0x1, 0xff, 0xc0, 0x10,
    0xf, 0xc5, 0xfe, 0xc0, 0x28, 0x0, 0xff, 0x1b,
    0x83, 0x98, 0x7, 0xfa, 0x8, 0x3c, 0x3, 0xfe,
    0xe0, 0x37, 0x0, 0xff, 0x1b, 0x4, 0x10, 0x7,
    0xfa, 0x4, 0x24, 0x3, 0xfc, 0x36, 0x8, 0xc0,
    0x1f, 0xe5, 0x50, 0x40, 0x80, 0x7f, 0xac, 0x6,
    0xc0,

    /* U+040D "Ѝ" */
    0x0, 0xc5, 0xfe, 0xa0, 0xf, 0xfe, 0x1, 0x60,
    0x2a, 0x80, 0x3f, 0xf8, 0x7, 0x81, 0x62, 0x1,
    0xff, 0xc0, 0x3c, 0x1b, 0x0, 0xff, 0xe0, 0x9f,
    0xd0, 0x7, 0xff, 0x29, 0xff, 0x40, 0x3f, 0xaf,
    0xfc, 0x40, 0x1f, 0xf2, 0xa0, 0x7, 0xff, 0x4,
    0x6c, 0x3, 0xff, 0x85, 0x63, 0x0, 0x1f, 0xfc,
    0x5, 0x51, 0xb0, 0x7, 0xfc, 0x36, 0x1c, 0x60,
    0x1f, 0xf4, 0xc, 0x10, 0x7, 0xfc, 0x8c, 0x6e,
    0x2, 0x1, 0xfe, 0x90, 0xf0, 0xf, 0xfe, 0x4,
    0x13, 0x98, 0x7, 0xfc, 0x6e, 0x50, 0x1, 0xff,
    0xc0, 0xe0, 0xe0, 0xf, 0xfe, 0x4, 0x13, 0x18,
    0x7, 0xf8, 0x49, 0xc6, 0x40, 0x3f, 0xf8, 0x1c,
    0x14, 0x1, 0xff, 0xc0, 0x33, 0x2a, 0x0, 0x7f,
    0xf0, 0x46, 0xc0, 0x3f, 0xf8, 0x56, 0x20, 0x1f,
    0xf0,

    /* U+040E "Ў" */
    0x0, 0xc9, 0x8, 0x1, 0x2c, 0x18, 0x7, 0xe2,
    0x78, 0x0, 0xad, 0xdc, 0x1, 0xf9, 0x88, 0xf2,
    0x74, 0x4d, 0x0, 0x3f, 0xb1, 0x89, 0x8d, 0xb0,
    0x3, 0xfc, 0x33, 0xdf, 0xd2, 0x1, 0xff, 0xcb,
    0x9f, 0xe1, 0x0, 0xfe, 0xbf, 0xc0, 0x80, 0x19,
    0x0, 0xfc, 0x48, 0x12, 0x2, 0xe0, 0xe2, 0x1,
    0xf4, 0x1, 0x28, 0x2, 0x44, 0x20, 0x3, 0xc2,
    0xa1, 0x60, 0x10, 0xc8, 0x30, 0x80, 0x74, 0x80,
    0xb0, 0x6, 0x71, 0x8, 0x0, 0xe7, 0x9, 0x0,
    0xf4, 0x3, 0x10, 0x4, 0xe0, 0x2e, 0x1, 0xe6,
    0x20, 0x80, 0xa, 0x41, 0x80, 0x3f, 0x40, 0x29,
    0x82, 0x88, 0x48, 0x7, 0xe5, 0x30, 0x80, 0x80,
    0x61, 0x0, 0xfe, 0x80, 0x47, 0x20, 0xb0, 0xf,
    0xf2, 0x20, 0x20, 0x14, 0x80, 0x3f, 0xe8, 0x0,
    0xa4, 0x3, 0xff, 0x80, 0x62, 0x8, 0x60, 0x1f,
    0xfc, 0x9, 0x10, 0x90, 0xf, 0xe4, 0x34, 0xa6,
    0x7, 0x20, 0xf, 0xea, 0xcb, 0x50, 0x58, 0x0,
    0xff, 0x28, 0x0, 0xa6, 0x80, 0x3f, 0x80,

    /* U+040F "Џ" */
    0x7f, 0xd0, 0xf, 0xed, 0xf7, 0x0, 0xff, 0xff,
    0x80, 0x7f, 0xff, 0xc0, 0x3f, 0xff, 0xe0, 0x2,
    0xff, 0xfe, 0x20, 0xf, 0xfe, 0x2b, 0xff, 0xf2,
    0x83, 0x7f, 0xf3, 0x80, 0x7f, 0xf8, 0x40,

    /* U+0410 "А" */
    0x0, 0xfb, 0xbe, 0x0, 0x3f, 0xf8, 0x2a, 0x20,
    0xc0, 0x1f, 0xfc, 0x19, 0x2, 0x15, 0x0, 0xff,
    0x88, 0xc6, 0x2, 0x40, 0x3f, 0xeb, 0x7, 0x51,
    0x32, 0x0, 0xff, 0x38, 0x58, 0x38, 0x58, 0x7,
    0xf2, 0x89, 0x90, 0x58, 0x30, 0x7, 0xf4, 0x85,
    0x0, 0x8, 0xc1, 0x80, 0x3e, 0x23, 0x16, 0x0,
    0xa4, 0x28, 0x3, 0xeb, 0x7, 0x0, 0xca, 0x26,
    0x40, 0x1e, 0x60, 0x6f, 0xfe, 0x10, 0xb0, 0xe,
    0x60, 0xf, 0xf3, 0x0, 0x75, 0x4, 0x77, 0x7c,
    0x20, 0xc0, 0x11, 0x98, 0x18, 0x47, 0xe6, 0xa,
    0x0, 0xa8, 0x14, 0x40, 0x3e, 0xa0, 0x33, 0x0,
    0x18, 0x38, 0x3, 0xf1, 0x18, 0x50, 0x30, 0xa,
    0x0, 0x7f, 0x50, 0x30, 0x50, 0x30, 0x7, 0xf9,
    0x80, 0xc,

    /* U+0411 "Б" */
    0x7f, 0xff, 0xf5, 0x0, 0x7f, 0xf1, 0xb, 0xff,
    0xf5, 0x0, 0x7f, 0xfa, 0xcb, 0xff, 0x75, 0xb0,
    0x7, 0xf8, 0x52, 0x74, 0x80, 0x21, 0xff, 0xdb,
    0x0, 0x5e, 0x1, 0xf8, 0x9e, 0xc0, 0x94, 0x3,
    0xf9, 0x8, 0x30, 0x3, 0xfc, 0x20, 0x60, 0x1f,
    0xe1, 0x3, 0x0, 0xfe, 0x52, 0xc, 0x0, 0xf8,
    0x9e, 0x80, 0xd4, 0x0, 0x3f, 0xfb, 0x60, 0xf,
    0x40, 0x3f, 0x12, 0xd6, 0x8, 0x0,

    /* U+0412 "В" */
    0x7f, 0xff, 0x76, 0xd2, 0x80, 0x7f, 0x84, 0x96,
    0xb0, 0x40, 0x22, 0xff, 0xec, 0x50, 0x39, 0x0,
    0xfe, 0x3a, 0x30, 0x50, 0xf, 0xf9, 0x40, 0x3f,
    0xf8, 0x2a, 0xe, 0x1, 0xfc, 0x52, 0x63, 0x0,
    0x11, 0x77, 0x6f, 0xd4, 0x7f, 0x20, 0xc, 0x23,
    0x80, 0x4, 0x6a, 0x1, 0x8b, 0xff, 0xb1, 0x92,
    0xdc, 0x3, 0xf8, 0xe6, 0x2, 0x8, 0x3, 0xfc,
    0xc0, 0x4, 0x0, 0xff, 0x8, 0x0, 0x40, 0x3f,
    0xc2, 0x0, 0x10, 0xf, 0xf4, 0x80, 0x14, 0x3,
    0xf1, 0x43, 0x82, 0x18, 0x0, 0xbf, 0xfb, 0x5c,
    0xe, 0x80, 0x3f, 0x85, 0x2b, 0x4, 0x0,

    /* U+0413 "Г" */
    0x7f, 0xff, 0xea, 0x0, 0xff, 0xe0, 0x97, 0xff,
    0xd4, 0x1, 0xff, 0xff, 0x0, 0xff, 0xff, 0x80,
    0x7f, 0xf0, 0xc0,

    /* U+0414 "Д" */
    0x0, 0xee, 0xff, 0xff, 0x20, 0x7, 0xff, 0x38,
    0x43, 0x3f, 0xfc, 0x1, 0xff, 0xc0, 0x10, 0xf,
    0xfe, 0x18, 0x80, 0xc, 0x3, 0xff, 0x8c, 0x20,
    0x1f, 0xfc, 0x33, 0x0, 0xff, 0xe3, 0x8, 0x8,
    0x7, 0xff, 0x11, 0xc0, 0xc0, 0x3f, 0xf8, 0x84,
    0x2, 0x1, 0xff, 0xc4, 0xe0, 0x60, 0xf, 0xfe,
    0x22, 0x6, 0x80, 0x7f, 0xf0, 0xc4, 0xc1, 0x0,
    0x3f, 0xf8, 0x6c, 0x2, 0x60, 0x1f, 0xfc, 0x21,
    0x90, 0x60, 0xf, 0xfe, 0x1c, 0x8, 0xa4, 0x3,
    0xe1, 0x0, 0xeb, 0xf6, 0x1, 0xef, 0xff, 0xb8,
    0x1, 0x7f, 0x60, 0x1f, 0xfc, 0x97, 0xff, 0xff,
    0xe0, 0xb8, 0x7, 0xff, 0xbe, 0xfe, 0x0, 0x3f,
    0xf8, 0x31, 0xf6,

    /* U+0415 "Е" */
    0x7f, 0xff, 0xee, 0x0, 0xff, 0xe0, 0x97, 0xff,
    0xdc, 0x1, 0xff, 0xe2, 0x2f, 0xff, 0x98, 0x3,
    0xff, 0x82, 0x5f, 0xff, 0x30, 0x7, 0xff, 0xe0,
    0xbf, 0xfe, 0xe0, 0xf, 0xf8,

    /* U+0416 "Ж" */
    0x2f, 0xf3, 0x0, 0x79, 0xbf, 0x80, 0x3e, 0xdf,
    0x90, 0x2a, 0x9, 0x20, 0xf, 0xfe, 0x15, 0x11,
    0xc8, 0x1, 0x58, 0x3c, 0x3, 0xff, 0x82, 0xca,
    0x1c, 0x1, 0xa4, 0x89, 0x20, 0x1f, 0xf1, 0x48,
    0x51, 0x0, 0x77, 0x83, 0x28, 0x7, 0xfb, 0xc1,
    0x54, 0x1, 0xe2, 0x90, 0xa2, 0x0, 0xfd, 0x24,
    0x4a, 0x0, 0xfc, 0xca, 0x1c, 0x1, 0xf2, 0xb0,
    0x70, 0x7, 0xfa, 0xc4, 0xff, 0xd2, 0x3, 0xfe,
    0xa0, 0x83, 0x0, 0xff, 0x84, 0x3, 0xfd, 0xe0,
    0x1f, 0xf5, 0x80, 0xf7, 0xc8, 0xf, 0xfa, 0x1,
    0xc8, 0x3, 0xf9, 0x14, 0x2c, 0x40, 0x3c, 0xe4,
    0x1c, 0x1, 0xfd, 0x20, 0x8a, 0x1, 0xfb, 0x80,
    0xd8, 0x3, 0xe8, 0x20, 0x90, 0xf, 0xe3, 0x50,
    0x81, 0x0, 0xe2, 0x70, 0x82, 0x0, 0xff, 0x58,
    0x8a, 0xc0, 0x3b, 0x80, 0x9c, 0x3, 0xfe, 0x18,
    0x5, 0x40, 0x9, 0x8c, 0x24, 0x3, 0xff, 0x82,
    0xc6, 0x12, 0x0, 0x18, 0x5, 0x40, 0xf, 0xfe,
    0x17, 0x1, 0x38, 0x58, 0x8a, 0xc0, 0x3f, 0xf8,
    0x64, 0xe1, 0x4,

    /* U+0417 "З" */
    0x16, 0xad, 0xff, 0xb6, 0x90, 0x2, 0x89, 0x52,
    0x0, 0x89, 0x6e, 0xc0, 0xb, 0x59, 0xdf, 0xf7,
    0x5a, 0x2, 0x40, 0x15, 0x31, 0x0, 0x5, 0x2c,
    0xc1, 0x40, 0x3f, 0xc8, 0x1, 0xff, 0xc0, 0x40,
    0x40, 0xf, 0xc9, 0x86, 0x50, 0x1, 0x4f, 0x73,
    0xfd, 0x61, 0x1a, 0x20, 0x11, 0x88, 0x80, 0x22,
    0xd2, 0x0, 0xd5, 0xff, 0x75, 0xaa, 0xb5, 0x40,
    0x3e, 0x14, 0xb6, 0xa, 0x10, 0xf, 0xe8, 0x0,
    0x38, 0x7, 0xf0, 0x80, 0x38, 0x3, 0xf8, 0x80,
    0x1c, 0x1, 0xfd, 0x0, 0x4, 0xd8, 0x41, 0x0,
    0xa, 0xda, 0x82, 0x91, 0x1e, 0xfb, 0xfd, 0xd4,
    0x80, 0xb4, 0x14, 0xc6, 0x20, 0x1, 0x36, 0xca,
    0x0, 0x0,

    /* U+0418 "И" */
    0x7f, 0xd0, 0xf, 0xeb, 0xff, 0x10, 0x7, 0xfc,
    0xa8, 0x1, 0xff, 0xc1, 0x1b, 0x0, 0xff, 0xe1,
    0x58, 0xc0, 0x7, 0xff, 0x1, 0x54, 0x6c, 0x1,
    0xff, 0xd, 0x87, 0x18, 0x7, 0xfd, 0x3, 0x4,
    0x1, 0xff, 0x23, 0x1b, 0x80, 0x80, 0x7f, 0xa4,
    0x3c, 0x3, 0xff, 0x81, 0x4, 0xe6, 0x1, 0xff,
    0x1b, 0x94, 0x0, 0x7f, 0xf0, 0x38, 0x38, 0x3,
    0xff, 0x81, 0x4, 0xc6, 0x1, 0xfe, 0x12, 0x71,
    0x90, 0xf, 0xfe, 0x7, 0x5, 0x0, 0x7f, 0xf0,
    0xc, 0xca, 0x80, 0x1f, 0xfc, 0x11, 0xb0, 0xf,
    0xfe, 0x15, 0x88, 0x7, 0xfc,

    /* U+0419 "Й" */
    0x0, 0x87, 0xfc, 0x40, 0x6, 0xfd, 0x0, 0xf8,
    0x58, 0x32, 0x6a, 0x42, 0x0, 0x3f, 0x4c, 0x1b,
    0x29, 0xd2, 0x80, 0x7f, 0x3e, 0xff, 0xb1, 0x40,
    0x3f, 0xf9, 0x2f, 0xfa, 0x1, 0xfd, 0x7f, 0xe2,
    0x0, 0xff, 0x95, 0x0, 0x3f, 0xf8, 0x23, 0x60,
    0x1f, 0xfc, 0x2b, 0x18, 0x0, 0xff, 0xe0, 0x2a,
    0x8d, 0x80, 0x3f, 0xe1, 0xb0, 0xe3, 0x0, 0xff,
    0xa0, 0x60, 0x80, 0x3f, 0xe4, 0x63, 0x70, 0x10,
    0xf, 0xf4, 0x87, 0x80, 0x7f, 0xf0, 0x20, 0x9c,
    0xc0, 0x3f, 0xe3, 0x72, 0x80, 0xf, 0xfe, 0x7,
    0x7, 0x0, 0x7f, 0xf0, 0x20, 0x98, 0xc0, 0x3f,
    0xc2, 0x4e, 0x32, 0x1, 0xff, 0xc0, 0xe0, 0xa0,
    0xf, 0xfe, 0x1, 0x99, 0x50, 0x3, 0xff, 0x82,
    0x36, 0x1, 0xff, 0xc2, 0xb1, 0x0, 0xff, 0x80,

    /* U+041A "К" */
    0x7f, 0xd0, 0xf, 0x9b, 0xfc, 0x40, 0x1f, 0xc7,
    0x21, 0x44, 0x1, 0xf8, 0x78, 0x19, 0x40, 0x3f,
    0xa8, 0x8e, 0x40, 0x3f, 0x9d, 0x7, 0x80, 0x3f,
    0x8e, 0x2, 0x88, 0x3, 0xf0, 0xe8, 0x3a, 0x0,
    0x78, 0xbf, 0xdc, 0x27, 0x0, 0x1f, 0xfc, 0x1,
    0x0, 0xfc, 0x5f, 0xec, 0x2, 0x80, 0xf, 0xf1,
    0xb8, 0x39, 0x80, 0x7f, 0xa0, 0x83, 0xc0, 0x3f,
    0xee, 0x3, 0x70, 0xf, 0xf1, 0xb0, 0x41, 0x0,
    0x7f, 0xa0, 0x42, 0x40, 0x3f, 0xc3, 0x60, 0x8c,
    0x1, 0xfe, 0x55, 0x4, 0x8, 0x7, 0xfa, 0xc0,
    0x6c,

    /* U+041B "Л" */
    0x0, 0xcf, 0xff, 0xfe, 0xa0, 0xd, 0xe0, 0x1f,
    0xfc, 0x31, 0x6, 0xff, 0xf2, 0x0, 0x78, 0xc0,
    0x40, 0x3f, 0xf8, 0x22, 0x1e, 0x1, 0xff, 0xd1,
    0x70, 0x10, 0xf, 0xfe, 0x8, 0x81, 0x80, 0x7f,
    0xf0, 0x4c, 0x4, 0x3, 0xff, 0x82, 0x20, 0xe0,
    0x1f, 0xfc, 0x1, 0x0, 0x8, 0x7, 0xff, 0x0,
    0xc0, 0x4, 0x1, 0xff, 0xc0, 0x10, 0xf, 0xfe,
    0x1a, 0x81, 0x0, 0x7f, 0xf0, 0x70, 0x10, 0x3,
    0xfc, 0x86, 0xea, 0x18, 0x1, 0xfe, 0xac, 0x80,
    0x25, 0x0, 0xff, 0xe0, 0xae, 0x0, 0x7f, 0xc0,

    /* U+041C "М" */
    0x7f, 0xf8, 0x80, 0x3f, 0xd3, 0xff, 0x8, 0x6,
    0xb0, 0xf, 0xf3, 0x80, 0x79, 0x1, 0xc0, 0x3f,
    0x94, 0x48, 0x3, 0x88, 0xc5, 0x40, 0x3f, 0x48,
    0x50, 0x7, 0x1d, 0x7, 0x0, 0x7c, 0x46, 0x28,
    0x1, 0xe7, 0x4, 0x20, 0xf, 0x50, 0x30, 0x7,
    0xc2, 0xa1, 0x40, 0x1e, 0x60, 0xa0, 0xf, 0x8,
    0x70, 0x30, 0x7, 0x28, 0x99, 0x38, 0x7, 0xc8,
    0x22, 0x40, 0xd, 0xc1, 0x40, 0x1f, 0xe6, 0xe,
    0x0, 0x89, 0x1, 0x80, 0x3f, 0xd4, 0xa, 0x20,
    0xa, 0x6, 0x0, 0xff, 0x88, 0xc1, 0x80, 0xc,
    0x14, 0x1, 0xff, 0xc0, 0xa0, 0xa0, 0x51, 0x33,
    0x0, 0x7f, 0xf0, 0x18, 0x8, 0xf8, 0x28, 0x3,
    0xff, 0x84, 0xc1, 0x8, 0xc, 0x1, 0xff, 0xc2,
    0xa0, 0x40, 0x50, 0xf, 0xfe, 0x19, 0x90, 0x2,
    0x40, 0x3f, 0xf8, 0x94, 0x4, 0x60, 0x1f, 0x80,

    /* U+041D "Н" */
    0x7f, 0xd0, 0xf, 0xe8, 0xfc, 0x0, 0xff, 0xff,
    0x80, 0x7f, 0xf1, 0x4b, 0xff, 0xf9, 0xc0, 0x3f,
    0xf8, 0xe5, 0xff, 0xfc, 0xc0, 0x1f, 0xfc, 0x21,
    0x0, 0xff, 0xff, 0x80, 0x7f, 0xf5, 0x0,

    /* U+041E "О" */
    0x0, 0xe6, 0xbe, 0xff, 0x75, 0xa8, 0x7, 0xe4,
    0xe9, 0x41, 0x0, 0xa, 0x56, 0x90, 0x7, 0x25,
    0x88, 0xa7, 0x7f, 0xdb, 0x0, 0x5a, 0x40, 0x10,
    0xd8, 0x1f, 0xb1, 0x0, 0x9, 0xf4, 0x43, 0xc0,
    0x28, 0x0, 0x68, 0x80, 0x78, 0xa8, 0x9, 0x80,
    0xc, 0xc, 0x20, 0x1f, 0x90, 0xc3, 0x40, 0xc0,
    0x1a, 0x1, 0xfe, 0x40, 0x40, 0x60, 0x2, 0x80,
    0x7f, 0xb4, 0x0, 0x46, 0x0, 0x10, 0xf, 0xf0,
    0x80, 0x4, 0x3, 0xff, 0x8c, 0x60, 0x2, 0x0,
    0xff, 0x8, 0x0, 0x58, 0x0, 0xc0, 0x1f, 0xed,
    0x0, 0x11, 0x88, 0x68, 0x7, 0xf9, 0x1, 0x0,
    0xe, 0xc, 0x20, 0x1f, 0x90, 0xc3, 0x80, 0x10,
    0x0, 0xd1, 0x0, 0xf1, 0x50, 0x12, 0x80, 0x6,
    0x80, 0xfd, 0x88, 0x0, 0x51, 0xa2, 0x2f, 0x0,
    0xcb, 0x62, 0x29, 0xdf, 0xf6, 0xb8, 0x16, 0x10,
    0x7, 0x27, 0x4a, 0x8, 0x0, 0x56, 0xb4, 0x80,
    0x20,

    /* U+041F "П" */
    0x7f, 0xff, 0xfe, 0xc, 0x0, 0x7f, 0xf1, 0x4b,
    0xff, 0xf8, 0xc0, 0x3f, 0xff, 0xe0, 0x1f, 0xff,
    0xf0, 0xf, 0xff, 0xf8, 0x0,

    /* U+0420 "Р" */
    0x7f, 0xff, 0x6d, 0x28, 0x7, 0xf8, 0x96, 0xb0,
    0x40, 0x22, 0xff, 0xd8, 0xc0, 0x74, 0x1, 0xf8,
    0xe5, 0xc1, 0x8, 0x3, 0xfa, 0x40, 0xe, 0x1,
    0xfc, 0x20, 0x3, 0x0, 0xfe, 0x20, 0x1, 0x0,
    0x7f, 0x40, 0xa, 0x0, 0x78, 0x56, 0xd4, 0x20,
    0x2, 0x2f, 0xfb, 0xa9, 0x2, 0x18, 0x3, 0xe1,
    0x37, 0xd7, 0x0, 0xc5, 0xff, 0x76, 0x41, 0x0,
    0x7f, 0xff, 0xc0, 0x3c,

    /* U+0421 "С" */
    0x0, 0xe4, 0xad, 0xff, 0xb6, 0x94, 0x3, 0x16,
    0x5a, 0x90, 0x4, 0x4b, 0x4c, 0x0, 0x3d, 0x30,
    0x6b, 0xef, 0xeb, 0x73, 0x60, 0x6, 0x80, 0xe4,
    0xa0, 0x80, 0xa4, 0x60, 0x2, 0x4, 0x34, 0xc0,
    0x3f, 0xcc, 0x8, 0x60, 0x1f, 0xe2, 0x10, 0xe0,
    0xf, 0xf9, 0xc0, 0xe, 0x1, 0xff, 0x18, 0x0,
    0x80, 0x3f, 0xf9, 0xc6, 0x0, 0x20, 0xf, 0xf9,
    0x80, 0xe, 0x1, 0xff, 0x18, 0x3, 0xc0, 0x3f,
    0xf8, 0xa, 0xa, 0x60, 0x1f, 0xf4, 0x0, 0x34,
    0x80, 0x3f, 0xc5, 0x40, 0x3b, 0x28, 0x20, 0x24,
    0xd4, 0x20, 0x5, 0xb1, 0x6, 0xbe, 0xfe, 0xd9,
    0x53, 0x0, 0x93, 0xa5, 0x4, 0x2, 0x25, 0x92,

    /* U+0422 "Т" */
    0xbf, 0xff, 0xfe, 0x9, 0x0, 0x7f, 0xf0, 0xef,
    0xff, 0x80, 0x13, 0xff, 0xc4, 0x1, 0xff, 0xff,
    0x0, 0xff, 0xff, 0x80, 0x7f, 0xff, 0xc0,

    /* U+0423 "У" */
    0x9f, 0xe1, 0x0, 0xfe, 0xbf, 0xc0, 0x80, 0x19,
    0x0, 0xfc, 0x48, 0x12, 0x2, 0xe0, 0xe2, 0x1,
    0xf4, 0x1, 0x28, 0x2, 0x44, 0x20, 0x3, 0xc2,
    0xa1, 0x60, 0x10, 0xc8, 0x30, 0x80, 0x74, 0x80,
    0xb0, 0x6, 0x71, 0x8, 0x0, 0xe7, 0x9, 0x0,
    0xf4, 0x3, 0x10, 0x4, 0xe0, 0x2e, 0x1, 0xe6,
    0x20, 0x80, 0xa, 0x41, 0x80, 0x3f, 0x40, 0x29,
    0x82, 0x88, 0x48, 0x7, 0xe5, 0x30, 0x80, 0x80,
    0x61, 0x0, 0xfe, 0x80, 0x47, 0x20, 0xb0, 0xf,
    0xf2, 0x20, 0x20, 0x14, 0x80, 0x3f, 0xe8, 0x0,
    0xa4, 0x3, 0xff, 0x80, 0x62, 0x8, 0x60, 0x1f,
    0xfc, 0x9, 0x10, 0x90, 0xf, 0xe4, 0x34, 0xa6,
    0x7, 0x20, 0xf, 0xea, 0xcb, 0x50, 0x58, 0x0,
    0xff, 0x28, 0x0, 0xa6, 0x80, 0x3f, 0x80,

    /* U+0424 "Ф" */
    0x0, 0xfd, 0x1f, 0x80, 0x1f, 0xfc, 0x3, 0x8b,
    0xd7, 0x3, 0xdc, 0x94, 0x0, 0xf0, 0xde, 0x3a,
    0x10, 0x4, 0x46, 0xd7, 0xa6, 0x1, 0xe, 0x20,
    0x3e, 0x7b, 0x81, 0xfe, 0xc9, 0x13, 0x10, 0x1,
    0x44, 0x3b, 0x6, 0x1, 0xc4, 0xda, 0x81, 0x40,
    0x48, 0x16, 0x40, 0x1f, 0xea, 0x1, 0x65, 0x0,
    0x28, 0x7, 0xfc, 0x28, 0x1b, 0xc0, 0x60, 0x1f,
    0xfc, 0x13, 0x6, 0x30, 0x70, 0xf, 0xfe, 0xf,
    0x81, 0x98, 0x1c, 0x3, 0xff, 0x83, 0xe0, 0x7e,
    0x6, 0x1, 0xff, 0xc1, 0x30, 0x74, 0x0, 0x28,
    0x7, 0xfc, 0x48, 0x18, 0x4a, 0x16, 0x40, 0x1f,
    0xc3, 0xc0, 0x2c, 0x16, 0x43, 0xb0, 0x60, 0x1c,
    0x4f, 0xe6, 0x1a, 0x0, 0x1c, 0x40, 0x7c, 0xf7,
    0x3, 0xfd, 0x81, 0x2c, 0x30, 0x8, 0x6f, 0x1d,
    0x8, 0x2, 0x23, 0x6b, 0xd3, 0x0, 0xf1, 0xc5,
    0xeb, 0x81, 0xee, 0x4a, 0x0, 0x7f, 0xf2, 0xc0,

    /* U+0425 "Х" */
    0x2f, 0xf3, 0x80, 0x7c, 0x3f, 0xe6, 0x2, 0x80,
    0x82, 0x0, 0xf5, 0x2, 0x30, 0x1, 0xcc, 0x24,
    0x3, 0x99, 0x2, 0x80, 0x37, 0x2, 0x30, 0x4,
    0x30, 0x14, 0x20, 0x18, 0xa0, 0x20, 0x40, 0x16,
    0x28, 0xa0, 0x1e, 0x73, 0x1b, 0x5, 0x50, 0xd0,
    0x7, 0xee, 0x5, 0x6b, 0xb, 0x10, 0xf, 0xc5,
    0x1, 0x22, 0xaa, 0x0, 0xff, 0x38, 0x80, 0x20,
    0x3, 0xfe, 0x41, 0x0, 0x58, 0x7, 0xfd, 0x40,
    0xc0, 0xc6, 0x1, 0xfd, 0x22, 0x92, 0xc1, 0xc0,
    0x1f, 0x91, 0x82, 0x42, 0x44, 0xa0, 0x3, 0xe9,
    0x8, 0x20, 0x5, 0x83, 0x98, 0x7, 0x49, 0x11,
    0xc0, 0x25, 0x40, 0xe0, 0xc, 0x6c, 0x1c, 0x1,
    0xd4, 0x5, 0x0, 0x17, 0x3, 0x98, 0x7, 0xc,
    0x3, 0x98, 0x41, 0x12, 0x0, 0x3e, 0x73, 0xf,
    0x0,

    /* U+0426 "Ц" */
    0x7f, 0xd0, 0xf, 0xed, 0xf7, 0x0, 0xff, 0xff,
    0x80, 0x7f, 0xff, 0xc0, 0x3f, 0xff, 0xe0, 0x1f,
    0xfd, 0x62, 0xff, 0xfe, 0x20, 0x8f, 0xf0, 0x7,
    0xff, 0x15, 0xff, 0xff, 0xf8, 0x36, 0x1, 0xff,
    0xe9,

    /* U+0427 "Ч" */
    0xf, 0xf2, 0x0, 0x7c, 0xbf, 0xe0, 0xf, 0xff,
    0xe8, 0x80, 0x7f, 0xc4, 0x1e, 0x1, 0xff, 0x50,
    0x2c, 0x90, 0x4, 0x6f, 0x0, 0x13, 0xa0, 0x36,
    0xff, 0xd9, 0x4, 0x1, 0xae, 0x50, 0x40, 0x2,
    0x90, 0xe0, 0x1c, 0xd7, 0xdf, 0xee, 0xb7, 0xd0,
    0xf, 0xff, 0xf8, 0x7, 0xfc,

    /* U+0428 "Ш" */
    0x7f, 0xd0, 0xf, 0xaf, 0xe4, 0x3, 0xef, 0xf3,
    0x0, 0x7f, 0xff, 0xc0, 0x3f, 0xff, 0xe0, 0x1f,
    0xff, 0xf0, 0xf, 0xff, 0xf8, 0x7, 0xff, 0x58,
    0xc0, 0x3f, 0xf8, 0x5, 0xff, 0xf2, 0x2, 0xff,
    0xfc, 0x1, 0xff, 0xce,

    /* U+0429 "Щ" */
    0x7f, 0xd0, 0xf, 0xbf, 0xcc, 0x1, 0xe7, 0xfe,
    0x0, 0xff, 0xff, 0x80, 0x7f, 0xff, 0xc0, 0x3f,
    0xff, 0xe0, 0x1f, 0xff, 0xf0, 0xf, 0xff, 0xf8,
    0x7, 0x17, 0xff, 0xc0, 0x9, 0xff, 0xf4, 0x0,
    0xff, 0x98, 0x3, 0xff, 0x9a, 0xff, 0xff, 0xfc,
    0x92, 0x0, 0xff, 0xff, 0x80, 0x0,

    /* U+042A "Ъ" */
    0xbf, 0xfe, 0xe0, 0xf, 0xfe, 0x7d, 0xff, 0xd2,
    0x1, 0xff, 0xff, 0x0, 0xff, 0x87, 0xff, 0x6d,
    0x28, 0x7, 0xff, 0x8, 0x96, 0xb0, 0x40, 0x3e,
    0x1f, 0xfd, 0xae, 0x7, 0x40, 0x1f, 0xfc, 0x2,
    0x88, 0x2, 0x18, 0x7, 0xff, 0x5, 0xc0, 0xa,
    0x1, 0xff, 0xc4, 0x10, 0xf, 0xfe, 0x8, 0x80,
    0x4, 0x3, 0xff, 0x82, 0xc0, 0x4, 0x0, 0xff,
    0x8e, 0x60, 0x14, 0x80, 0x3c, 0x3f, 0xfb, 0x18,
    0x16, 0x80, 0x3f, 0xf8, 0x4, 0xb7, 0x40, 0x0,

    /* U+042B "Ы" */
    0x7f, 0xd0, 0xf, 0xfe, 0x6, 0x7c, 0x0, 0x7f,
    0xff, 0xc0, 0x3f, 0xfa, 0xe5, 0xff, 0xb6, 0x90,
    0x3, 0xff, 0x86, 0x4b, 0x76, 0x10, 0xf, 0xc5,
    0xff, 0xb1, 0x81, 0x2c, 0x3, 0xff, 0x82, 0x73,
    0x0, 0xa4, 0x1, 0xff, 0xc2, 0x60, 0x3, 0x80,
    0x7f, 0xf0, 0x84, 0x0, 0x60, 0x1f, 0xfc, 0x21,
    0x0, 0x18, 0x7, 0xff, 0xa, 0x40, 0x8, 0x1,
    0xff, 0xc0, 0x39, 0x70, 0x61, 0x0, 0xf8, 0xbf,
    0xf6, 0x30, 0x2c, 0x80, 0x7f, 0xf0, 0x49, 0xb2,
    0x80, 0x3e,

    /* U+042C "Ь" */
    0x7f, 0xe0, 0xf, 0xff, 0xf8, 0x7, 0xff, 0xc,
    0x7f, 0xf6, 0xd2, 0x80, 0x7f, 0x89, 0x6b, 0x4,
    0x2, 0x1f, 0xfd, 0xae, 0x7, 0x40, 0x1f, 0x8a,
    0x20, 0x8, 0x40, 0x1f, 0xcc, 0x0, 0x40, 0xf,
    0xe1, 0x0, 0x8, 0x7, 0xf0, 0x80, 0x8, 0x3,
    0xfa, 0x40, 0x8, 0x1, 0xf1, 0xcb, 0x83, 0x8,
    0x0, 0x7f, 0xf6, 0x30, 0x2c, 0x80, 0x7e, 0x26,
    0xba, 0x0, 0x0,

    /* U+042D "Э" */
    0x16, 0xad, 0xff, 0xb6, 0x50, 0x3, 0xa2, 0x54,
    0x80, 0x22, 0x6b, 0xc2, 0x0, 0xa9, 0x67, 0x3b,
    0xfa, 0xd4, 0xf, 0x8, 0x0, 0x74, 0xc6, 0x20,
    0x29, 0x56, 0x3, 0xe0, 0x1f, 0xf2, 0x48, 0x13,
    0x0, 0x7f, 0xcc, 0x41, 0x40, 0x1f, 0xfc, 0xa,
    0x3, 0x0, 0x97, 0xff, 0xf4, 0x0, 0xc, 0x3,
    0xff, 0x84, 0xe0, 0x5, 0xff, 0xfd, 0x80, 0x7,
    0x0, 0xff, 0x9c, 0x0, 0x20, 0x1f, 0xf1, 0x80,
    0x8, 0x3, 0xfe, 0xb0, 0x40, 0xf, 0xf9, 0x4c,
    0x38, 0x3, 0xfc, 0x94, 0x6, 0xa1, 0x32, 0x52,
    0x0, 0x12, 0xd5, 0x80, 0xe8, 0x0, 0xda, 0xb7,
    0xfd, 0xb4, 0xa0, 0x9e, 0x20, 0x8, 0x73, 0x10,
    0x8, 0x9b, 0x2c, 0x40, 0x20,

    /* U+042E "Ю" */
    0x7f, 0xd0, 0xf, 0x92, 0xb7, 0xfd, 0xd8, 0xe2,
    0x1, 0xff, 0xc0, 0x1c, 0xb5, 0x20, 0x0, 0x9c,
    0x72, 0x80, 0x7f, 0x87, 0xcc, 0x1b, 0x3b, 0xf6,
    0x48, 0x29, 0x80, 0x3f, 0xa8, 0x42, 0xe4, 0xc4,
    0x9, 0xb5, 0x2, 0x48, 0x3, 0xe3, 0x40, 0x74,
    0x0, 0xfa, 0x80, 0x16, 0x1, 0xf5, 0x80, 0x24,
    0x3, 0xf0, 0xb0, 0x30, 0x7, 0xc6, 0x6, 0x20,
    0x1f, 0xda, 0x0, 0x20, 0x1, 0x7f, 0xc8, 0xc,
    0x1, 0xfe, 0x60, 0x3, 0x80, 0x7e, 0x30, 0xf,
    0xf1, 0x80, 0xc, 0x0, 0x5f, 0xf1, 0x0, 0x7f,
    0xf2, 0x98, 0xc, 0x3, 0xfc, 0x60, 0x3, 0x0,
    0xf1, 0x3, 0x0, 0x7f, 0x9c, 0x0, 0xe0, 0x1e,
    0xd0, 0x31, 0x0, 0xfe, 0xc0, 0x12, 0x0, 0xf2,
    0x8, 0x48, 0x7, 0xe1, 0x60, 0x70, 0xf, 0xd0,
    0xe, 0x80, 0x1f, 0x68, 0x2, 0xc0, 0x3f, 0x32,
    0x85, 0xc9, 0x80, 0x5, 0xb4, 0xc2, 0x88, 0x3,
    0xfa, 0x98, 0x1b, 0x3f, 0xdd, 0x24, 0x14, 0xa0,
    0x1f, 0xf4, 0xe3, 0x10, 0x0, 0x4e, 0x39, 0x40,
    0x20,

    /* U+042F "Я" */
    0x0, 0xc7, 0x3b, 0xff, 0xf0, 0x80, 0x51, 0x8c,
    0x40, 0x1f, 0xe7, 0x70, 0x25, 0xff, 0xeb, 0x0,
    0xe9, 0x4, 0xb4, 0x0, 0xfe, 0x21, 0xe, 0x0,
    0xff, 0xe1, 0x8, 0x7, 0xfc, 0x60, 0x2, 0x0,
    0xff, 0x84, 0xc2, 0xc0, 0x3f, 0xf8, 0x1e, 0x5,
    0xaa, 0x20, 0x1f, 0xc7, 0x62, 0x55, 0xdf, 0xf5,
    0x80, 0x79, 0x3d, 0xc0, 0x3f, 0xf8, 0x22, 0x60,
    0x5f, 0xf5, 0x80, 0x7c, 0xc8, 0x1c, 0x1, 0xfe,
    0x29, 0x7, 0x30, 0xf, 0xf7, 0x1, 0x40, 0x7,
    0xf9, 0xcc, 0x3c, 0x3, 0xfc, 0x70, 0x10, 0x40,
    0x1f, 0xee, 0x3, 0x70, 0xf, 0xf0,

    /* U+0430 "а" */
    0x1, 0x6b, 0xef, 0xf7, 0x51, 0x80, 0x57, 0x28,
    0x23, 0x97, 0x14, 0x1, 0x2f, 0x9f, 0xdd, 0x20,
    0x58, 0x0, 0xe0, 0xc0, 0x21, 0xa0, 0x13, 0x0,
    0xfc, 0x22, 0x6, 0x0, 0x91, 0xe6, 0xaa, 0x10,
    0x8, 0xf6, 0xe1, 0x95, 0x60, 0x8, 0xb0, 0x8e,
    0xbb, 0xfe, 0x10, 0x5, 0x81, 0x62, 0x88, 0x7,
    0x94, 0x10, 0x3, 0x84, 0x40, 0x18, 0xc0, 0x39,
    0x80, 0x25, 0x5, 0x40, 0x9, 0xe0, 0x2, 0x81,
    0xb, 0xed, 0xf8, 0x83, 0x0, 0x7, 0x14, 0x44,
    0x69, 0x6f, 0xe0, 0x0,

    /* U+0431 "б" */
    0x0, 0xff, 0x9, 0x80, 0x7c, 0x2d, 0x5b, 0xfd,
    0x86, 0x1, 0x86, 0xba, 0x54, 0x80, 0x4, 0x1,
    0x8b, 0xd4, 0x16, 0x73, 0xbf, 0x4c, 0x2, 0xf1,
    0x4e, 0xa6, 0x31, 0x0, 0xe6, 0x23, 0xb1, 0x0,
    0xfe, 0xb0, 0x80, 0xf, 0xf1, 0x10, 0x51, 0x6f,
    0xfd, 0xd4, 0x60, 0x13, 0x82, 0xdd, 0x21, 0x10,
    0x57, 0x18, 0x0, 0x40, 0x88, 0x8f, 0xdd, 0x72,
    0x4, 0x98, 0x70, 0x1, 0x9c, 0x2, 0x1b, 0x20,
    0x80, 0xd, 0x60, 0x1e, 0xa0, 0x40, 0x8, 0x48,
    0x3, 0xc8, 0x0, 0x30, 0x1, 0x80, 0x7c, 0x20,
    0x7, 0xe0, 0x30, 0xf, 0xf3, 0x98, 0x8, 0x7,
    0xcc, 0x0, 0x15, 0x0, 0x20, 0x7, 0xb4, 0x4,
    0x85, 0x42, 0x0, 0x38, 0x58, 0x18, 0x1, 0x0,
    0x74, 0x20, 0x3, 0xc0, 0x28, 0x0, 0x15, 0x2,
    0xf7, 0x58, 0x44, 0xf0, 0xc, 0xba, 0xc2, 0x31,
    0xc6, 0x90, 0x0,

    /* U+0432 "в" */
    0xcf, 0xff, 0x6d, 0x18, 0x6, 0x12, 0x28, 0x49,
    0x71, 0x40, 0x26, 0xdd, 0xbb, 0x4c, 0x20, 0x3,
    0xf1, 0x48, 0x10, 0x7, 0xf1, 0x80, 0x80, 0x7c,
    0x2b, 0x1, 0x20, 0x13, 0xff, 0xdd, 0x45, 0x6e,
    0x1, 0x9, 0x14, 0x20, 0x72, 0x80, 0x13, 0x6e,
    0xdd, 0xc6, 0x2b, 0x20, 0xf, 0x86, 0x40, 0xa,
    0x1, 0xff, 0xc7, 0x19, 0x0, 0x20, 0x1, 0xb7,
    0x6e, 0xe3, 0x3, 0x98, 0x0, 0x48, 0xa1, 0x12,
    0xdc, 0x0,

    /* U+0433 "г" */
    0xcf, 0xff, 0xb4, 0x2, 0x11, 0xf0, 0x1, 0xfb,
    0xbb, 0x0, 0x3f, 0xff, 0xe0, 0x1f, 0xfc, 0xc0,

    /* U+0434 "д" */
    0x0, 0xdf, 0xff, 0xcc, 0x1, 0xf8, 0x47, 0x80,
    0x3f, 0x8, 0x3, 0xbb, 0x88, 0x3, 0xe3, 0x1,
    0x0, 0xff, 0xe0, 0x88, 0x18, 0x7, 0xff, 0x5,
    0xc0, 0x40, 0x3f, 0xf8, 0x22, 0xe, 0x1, 0xff,
    0xc1, 0x20, 0x20, 0xf, 0xfe, 0xe, 0x87, 0x0,
    0x7f, 0xf0, 0x50, 0x10, 0x3, 0xff, 0x80, 0x82,
    0x23, 0x0, 0xff, 0xe0, 0x48, 0x30, 0x7, 0xfd,
    0x5c, 0x40, 0xdd, 0xde, 0x20, 0x9e, 0x71, 0x10,
    0x0, 0x47, 0xe0, 0x8, 0x7c, 0x1, 0x1f, 0xff,
    0xe4, 0x0, 0xff, 0xeb, 0x63, 0x18, 0x7, 0xfb,
    0x5b, 0x0,

    /* U+0435 "е" */
    0x0, 0x92, 0xfb, 0xfa, 0xd0, 0x3, 0xa6, 0xd0,
    0x46, 0x4b, 0x80, 0xa, 0x18, 0x6f, 0xfb, 0xe0,
    0x1d, 0x40, 0x5c, 0x35, 0x0, 0x27, 0x60, 0x90,
    0x70, 0x23, 0x0, 0xec, 0x3, 0xf, 0x2, 0xdd,
    0xf5, 0x80, 0x8, 0x80, 0x2, 0x2f, 0x8, 0x7,
    0x2f, 0xff, 0xf1, 0x8, 0x30, 0x7, 0xfb, 0x40,
    0xc4, 0x3, 0xf9, 0x80, 0x16, 0x1, 0xfc, 0x2e,
    0xb, 0x44, 0x1, 0x1c, 0x38, 0x2, 0x18, 0x17,
    0x7f, 0xbf, 0x1f, 0xc0, 0x29, 0xc5, 0x10, 0x11,
    0x1c, 0x48, 0x0,

    /* U+0436 "ж" */
    0x2f, 0xf2, 0x0, 0x63, 0xff, 0x0, 0x74, 0x7e,
    0x81, 0x40, 0x48, 0x7, 0xfc, 0x6e, 0x1c, 0x0,
    0x73, 0x29, 0x0, 0xff, 0x70, 0x39, 0x80, 0x5c,
    0xc, 0x60, 0x1f, 0x9c, 0x89, 0x0, 0x18, 0xa0,
    0x38, 0x3, 0xe2, 0x80, 0xe0, 0xf, 0x39, 0x94,
    0x0, 0x7b, 0x81, 0xcc, 0x3, 0xee, 0x7, 0xfc,
    0x0, 0x7f, 0x8c, 0xa0, 0x3, 0xf2, 0x80, 0x8,
    0x40, 0x4, 0x20, 0x46, 0x1, 0xf1, 0x40, 0x4e,
    0xe8, 0x1, 0xbc, 0x81, 0xc0, 0x1f, 0x70, 0x1b,
    0x0, 0x7a, 0x80, 0xa0, 0x3, 0x9c, 0xc3, 0x80,
    0x3e, 0x19, 0x7, 0x30, 0x8, 0xa0, 0x20, 0x80,
    0x3f, 0x32, 0x7, 0x0, 0x5c, 0x6, 0xe0, 0x1f,
    0xea, 0x2, 0x80, 0x73, 0xe, 0x0, 0xff, 0x86,
    0x41, 0xcc,

    /* U+0437 "з" */
    0x3, 0x9c, 0xef, 0xf6, 0xc9, 0x0, 0x50, 0xc6,
    0x23, 0x13, 0x69, 0x80, 0x3e, 0x37, 0xfb, 0x9a,
    0x41, 0xc0, 0x4, 0x72, 0x0, 0x8a, 0x0, 0x80,
    0x3f, 0x88, 0x4, 0x3, 0xe1, 0x68, 0x8, 0x0,
    0x87, 0xfe, 0xe9, 0x4b, 0x60, 0xc, 0x45, 0x8,
    0x27, 0x90, 0x4, 0x3b, 0xb7, 0x71, 0x53, 0x4,
    0x3, 0xe1, 0xa0, 0x17, 0x0, 0xff, 0x84, 0x4e,
    0x60, 0x18, 0x68, 0x0, 0xa1, 0x19, 0xfd, 0xbd,
    0xc5, 0x8, 0x21, 0x84, 0x21, 0x21, 0x26, 0xc7,
    0x0,

    /* U+0438 "и" */
    0xcf, 0x70, 0xe, 0x3f, 0xf8, 0x3, 0xf7, 0x80,
    0x7f, 0x98, 0xc0, 0x3f, 0xd0, 0xe, 0x1, 0xfa,
    0x45, 0x70, 0x3, 0xe2, 0x60, 0x81, 0x0, 0xfb,
    0x82, 0x8, 0x3, 0xe5, 0x32, 0x70, 0xf, 0xd6,
    0x10, 0x1, 0xf0, 0xc0, 0xa2, 0x80, 0x7d, 0xce,
    0x12, 0x1, 0xf9, 0xc1, 0xc8, 0x3, 0xf8, 0x60,
    0x3, 0xfd, 0x60, 0x1f, 0x80,

    /* U+0439 "й" */
    0x0, 0x6f, 0x98, 0x0, 0x7f, 0xc0, 0x1a, 0xc3,
    0x8c, 0xd4, 0xc, 0x1, 0x99, 0xcb, 0x30, 0x88,
    0x90, 0xe, 0x8e, 0xbb, 0x6d, 0x80, 0x7c, 0x28,
    0x82, 0x0, 0xd9, 0xee, 0x1, 0xc7, 0xff, 0x0,
    0x7e, 0xf0, 0xf, 0xf3, 0x18, 0x7, 0xfa, 0x1,
    0xc0, 0x3f, 0x48, 0xae, 0x0, 0x7c, 0x4c, 0x10,
    0x20, 0x1f, 0x70, 0x41, 0x0, 0x7c, 0xa6, 0x4e,
    0x1, 0xfa, 0xc2, 0x0, 0x3e, 0x18, 0x14, 0x50,
    0xf, 0xb9, 0xc2, 0x40, 0x3f, 0x38, 0x39, 0x0,
    0x7f, 0xc, 0x0, 0x7f, 0xac, 0x3, 0xf0,

    /* U+043A "к" */
    0xcf, 0x80, 0xe, 0x7f, 0xe0, 0xf, 0xc5, 0x1,
    0x40, 0x1f, 0xb8, 0x1d, 0x0, 0x3e, 0x73, 0x28,
    0x0, 0xf8, 0xe0, 0x38, 0x3, 0xf7, 0x3, 0x98,
    0x7, 0x3f, 0xf8, 0x89, 0x0, 0x1f, 0x8, 0x80,
    0x88, 0x1, 0xe7, 0xee, 0x18, 0x70, 0x7, 0xf7,
    0x1, 0xb8, 0x7, 0xe2, 0x90, 0x83, 0x0, 0xfc,
    0xc8, 0x1c, 0x1, 0xfd, 0x42, 0x52, 0x1, 0xf8,
    0x6c, 0x19, 0x0,

    /* U+043B "л" */
    0x0, 0x9b, 0xff, 0xf8, 0x3, 0x8, 0x0, 0x47,
    0x80, 0x3d, 0xe0, 0xfd, 0xdb, 0x40, 0x3c, 0x21,
    0xe0, 0x1f, 0xf1, 0x80, 0x80, 0x7f, 0xc2, 0x1,
    0xff, 0xc3, 0x30, 0xf, 0xf9, 0x80, 0x40, 0x3f,
    0xe3, 0x6, 0x0, 0xff, 0x84, 0xc, 0x3, 0xfc,
    0x60, 0x22, 0x0, 0xfc, 0x22, 0x80, 0x40, 0xf,
    0xee, 0xe2, 0x4, 0x80, 0x7f, 0x8, 0x15, 0x18,
    0x7, 0xf0,

    /* U+043C "м" */
    0xcf, 0xf4, 0x0, 0x7e, 0x8f, 0xf6, 0x0, 0x4c,
    0x1, 0xf9, 0x80, 0x3c, 0x2a, 0x1, 0xe5, 0x10,
    0xe, 0x50, 0x90, 0xf, 0x48, 0x28, 0x6, 0xf1,
    0x32, 0x0, 0xc6, 0x61, 0xc0, 0xe, 0x60, 0xb0,
    0xd, 0x41, 0x20, 0x1e, 0xa0, 0x60, 0x8, 0x58,
    0x18, 0x3, 0xc4, 0x80, 0xc0, 0x6, 0x5, 0x10,
    0xf, 0xbc, 0x2c, 0x1, 0x41, 0x20, 0x1f, 0x90,
    0x88, 0x68, 0x46, 0x60, 0xf, 0xea, 0x9, 0xf0,
    0x90, 0xf, 0xf3, 0x2, 0xa0, 0xa8, 0x7, 0xf8,
    0x54, 0x1, 0x20, 0x1f, 0xfc, 0x9, 0x0, 0x30,
    0x7, 0x80,

    /* U+043D "н" */
    0xcf, 0x80, 0xf, 0x47, 0xe0, 0x7, 0xff, 0xc9,
    0xff, 0xfc, 0xe0, 0x1c, 0x23, 0xe0, 0xe, 0x7e,
    0xef, 0x38, 0x7, 0xff, 0xc8,

    /* U+043E "о" */
    0x0, 0x92, 0xbb, 0xfd, 0x8e, 0x1, 0xe9, 0xb5,
    0x11, 0x1, 0xc6, 0x90, 0x5, 0xc, 0x11, 0xfd,
    0xf8, 0x44, 0xf0, 0x0, 0xb8, 0x43, 0x80, 0x47,
    0x80, 0x4e, 0xc, 0x0, 0x70, 0xe, 0x16, 0xa,
    0xd, 0x3, 0x0, 0xfb, 0x0, 0x84, 0x40, 0xe0,
    0x1f, 0x30, 0x0, 0xc0, 0x3f, 0xf8, 0x22, 0x20,
    0x70, 0xf, 0x98, 0x0, 0x58, 0x6, 0x20, 0x1e,
    0xc0, 0x11, 0x38, 0x2, 0x40, 0x38, 0x58, 0x18,
    0x6, 0x1, 0xdc, 0x1, 0x1e, 0x0, 0xc8, 0x1,
    0xdc, 0x11, 0xfb, 0xd8, 0x43, 0x82, 0x1, 0x46,
    0x28, 0x90, 0x9c, 0x71, 0x0, 0x0,

    /* U+043F "п" */
    0xcf, 0xff, 0xf4, 0x0, 0x42, 0x3e, 0x0, 0xe7,
    0xee, 0xf2, 0x0, 0x7f, 0xff, 0xc0, 0x3f, 0xfd,
    0xe0,

    /* U+0440 "р" */
    0xcf, 0x21, 0x8d, 0xff, 0x63, 0x0, 0x72, 0x63,
    0x90, 0x81, 0xcd, 0x80, 0x69, 0xb, 0xfe, 0xe3,
    0x82, 0x40, 0x6, 0xf4, 0x0, 0xc, 0x28, 0x38,
    0x4, 0x84, 0x1, 0xd0, 0x0, 0x40, 0x1, 0x80,
    0x78, 0x80, 0x6, 0x1, 0xfe, 0x20, 0xf0, 0xf,
    0xfe, 0x18, 0x80, 0x7c, 0x41, 0xe0, 0x5, 0x0,
    0xf1, 0x80, 0xc, 0x0, 0x66, 0x0, 0xe9, 0x0,
    0x20, 0x5, 0xa8, 0x1, 0x42, 0x84, 0x0, 0x4e,
    0x17, 0xfd, 0xee, 0x8, 0xe0, 0x17, 0xf9, 0xc8,
    0x40, 0xe6, 0xc0, 0x37, 0x8c, 0x6f, 0xfb, 0x18,
    0x3, 0xff, 0xf0,

    /* U+0441 "с" */
    0x0, 0x8e, 0xb7, 0xfd, 0xb4, 0x80, 0x8, 0xc5,
    0x21, 0x2, 0x53, 0x7, 0x70, 0x37, 0x73, 0xfa,
    0x98, 0x60, 0x1e, 0x44, 0x0, 0x2a, 0x2e, 0x0,
    0x80, 0xf, 0xbc, 0xc, 0x3, 0xf1, 0x3, 0x0,
    0x7f, 0x8c, 0x3, 0xf0, 0x81, 0x0, 0x7e, 0xd0,
    0x40, 0xf, 0xca, 0x0, 0x70, 0xf, 0x89, 0x82,
    0x20, 0x20, 0x11, 0x90, 0x4a, 0x83, 0xf7, 0x5f,
    0x88, 0x0, 0xab, 0x51, 0x1c, 0xaa,

    /* U+0442 "т" */
    0x9f, 0xff, 0xf5, 0x88, 0xf0, 0x0, 0x47, 0xa3,
    0xba, 0xf0, 0x6, 0x77, 0x54, 0x1, 0xff, 0xff,
    0x0, 0xff, 0xf6, 0x80,

    /* U+0443 "у" */
    0xcf, 0xa0, 0xf, 0x9b, 0xfc, 0x34, 0xa, 0x1,
    0xf5, 0x2, 0x8b, 0x0, 0x18, 0x3, 0x88, 0xc3,
    0x80, 0xc, 0x14, 0x1, 0xd4, 0x2, 0x80, 0xb,
    0x3, 0x20, 0xc, 0xa0, 0xc0, 0x11, 0x18, 0x50,
    0x4, 0x64, 0x14, 0x1, 0xa8, 0x18, 0x2, 0xa0,
    0x32, 0x0, 0xcc, 0x22, 0x50, 0x3, 0x84, 0x80,
    0x79, 0xc3, 0x81, 0x4, 0x14, 0x3, 0xd6, 0x8,
    0x3c, 0xc, 0x1, 0xf1, 0x18, 0x22, 0x85, 0x0,
    0x7e, 0x90, 0x80, 0x23, 0x0, 0xfc, 0xa2, 0x41,
    0x40, 0x1f, 0xe7, 0x0, 0x30, 0x7, 0xf8, 0xc1,
    0x4, 0x3, 0xf8, 0x54, 0x38, 0x3, 0xfd, 0x20,
    0x2a, 0x1, 0xe1, 0x11, 0x43, 0x85, 0x80, 0x7d,
    0x7d, 0xae, 0xa, 0xa0, 0xf, 0x88, 0x0, 0x53,
    0x40, 0x1f, 0x80,

    /* U+0444 "ф" */
    0x0, 0xf9, 0x21, 0x40, 0x3f, 0xf8, 0x58, 0xfc,
    0x1, 0xff, 0xff, 0x0, 0xcb, 0x7c, 0xe0, 0x9d,
    0x6c, 0x20, 0x1c, 0x7b, 0x48, 0x20, 0x10, 0xa4,
    0xfa, 0x80, 0x47, 0x84, 0x4a, 0xf7, 0x5, 0xfb,
    0x31, 0xa5, 0x0, 0x68, 0x1e, 0xa8, 0x7, 0x26,
    0x28, 0x50, 0xa8, 0x87, 0x0, 0x7f, 0x50, 0x2,
    0x70, 0x8, 0x80, 0x1f, 0xe5, 0x4, 0x20, 0x60,
    0xf, 0xf8, 0x80, 0x80, 0x3f, 0xf8, 0xa4, 0xc,
    0x1, 0xff, 0x10, 0x16, 0x1, 0x10, 0x3, 0xfc,
    0xa0, 0x8a, 0x21, 0xc0, 0x1f, 0xd4, 0x0, 0x90,
    0xd0, 0x3d, 0x40, 0xe, 0x3b, 0x50, 0x91, 0x3,
    0xb1, 0x2b, 0xf7, 0x5, 0xfc, 0x40, 0xa6, 0x0,
    0x93, 0xa5, 0x4, 0x2, 0x14, 0x8e, 0x50, 0xf,
    0x35, 0xf3, 0x82, 0x75, 0xb8, 0x80, 0x7f, 0xff,
    0xc0, 0x3f, 0xf8, 0x20,

    /* U+0445 "х" */
    0x3f, 0xf3, 0x0, 0x71, 0x7f, 0x9c, 0xe, 0x2,
    0x48, 0x3, 0x70, 0x23, 0x80, 0x1c, 0xc3, 0x80,
    0x27, 0x31, 0xa0, 0xd, 0xc0, 0x6e, 0x5, 0x1,
    0x62, 0x1, 0x8a, 0x42, 0xb, 0x81, 0x54, 0x1,
    0xe6, 0x50, 0xd3, 0x1a, 0x0, 0xfd, 0x62, 0x0,
    0xa0, 0xf, 0xe2, 0x10, 0x1, 0x80, 0x7f, 0x70,
    0x18, 0x41, 0x80, 0x7d, 0x24, 0x4c, 0x60, 0xe0,
    0xf, 0x23, 0x7, 0x4, 0x89, 0x48, 0x6, 0x1a,
    0x7, 0x30, 0x5, 0x3, 0x20, 0x5, 0x42, 0x50,
    0x1, 0x23, 0x5, 0x8, 0x32, 0x7, 0x80, 0x74,
    0x90, 0xd0, 0x0,

    /* U+0446 "ц" */
    0xcf, 0x80, 0xf, 0x5f, 0xc0, 0x7, 0xff, 0xfc,
    0x3, 0xff, 0xfe, 0x1, 0xf9, 0xfb, 0xbc, 0x80,
    0xfd, 0x20, 0x10, 0x8f, 0x80, 0x21, 0x3c, 0xff,
    0xff, 0x38, 0x7, 0xff, 0x77, 0x5b, 0x0,

    /* U+0447 "ч" */
    0x7f, 0xd0, 0xf, 0x1f, 0xf8, 0x40, 0x3f, 0xfb,
    0x62, 0x1, 0xff, 0xc0, 0x30, 0x21, 0x0, 0xfe,
    0x40, 0x5, 0x8, 0x4, 0x56, 0x1, 0xc, 0x82,
    0x77, 0x5f, 0xae, 0x1, 0x9a, 0xd0, 0x46, 0x25,
    0x80, 0xe, 0x4b, 0xef, 0xf6, 0xd2, 0x0, 0x7f,
    0xfa, 0xc0,

    /* U+0448 "ш" */
    0xef, 0x60, 0xe, 0x8f, 0xc0, 0xe, 0x2f, 0xf0,
    0x80, 0x7f, 0xff, 0xc0, 0x3f, 0xff, 0xe0, 0x1f,
    0xff, 0xc9, 0xee, 0xe7, 0x3, 0xee, 0xec, 0x0,
    0xf0, 0x8f, 0x0, 0x42, 0x3e, 0x0, 0x80,

    /* U+0449 "щ" */
    0xcf, 0x80, 0xe, 0x9f, 0xb0, 0xe, 0x5f, 0xe0,
    0xf, 0xff, 0xf8, 0x7, 0xff, 0xfc, 0x3, 0xff,
    0xfe, 0x1, 0xff, 0xca, 0x7e, 0xee, 0x60, 0x4e,
    0xee, 0xb0, 0x1e, 0xe0, 0x6, 0x11, 0xe0, 0x8,
    0x47, 0xc0, 0x1, 0x1b, 0x3f, 0xff, 0xf8, 0xba,
    0x1, 0xff, 0xf5, 0x36, 0x60, 0x80,

    /* U+044A "ъ" */
    0x9f, 0xfe, 0x80, 0xf, 0xe1, 0x1c, 0x1, 0xff,
    0xc0, 0x8e, 0xe8, 0xc0, 0x3f, 0xfc, 0xad, 0xbb,
    0x65, 0x28, 0x7, 0xf0, 0x91, 0x46, 0xb5, 0x82,
    0x1, 0xf3, 0xff, 0xdd, 0x20, 0x70, 0x1, 0xff,
    0xb, 0x38, 0x30, 0x7, 0xff, 0x7, 0x40, 0x3f,
    0xf8, 0x7a, 0x2, 0x1, 0xff, 0xc0, 0x57, 0x7,
    0x0, 0xf9, 0xfb, 0xaf, 0xa0, 0x38, 0x0, 0xfc,
    0x23, 0x8e, 0x70, 0x40,

    /* U+044B "ы" */
    0xcf, 0x80, 0xf, 0xf6, 0x7c, 0x0, 0x7f, 0xfd,
    0x9b, 0x76, 0xc9, 0x40, 0xf, 0xe1, 0x22, 0x8d,
    0xae, 0xc0, 0x1f, 0x9f, 0xfe, 0xd8, 0x4, 0x80,
    0xf, 0xf8, 0x9d, 0x81, 0x40, 0x3f, 0xf8, 0x3c,
    0x6, 0x1, 0xff, 0xc1, 0xd0, 0x30, 0xf, 0xfe,
    0x3, 0x28, 0x50, 0x7, 0xcd, 0xba, 0xef, 0x90,
    0x47, 0x0, 0xf8, 0x48, 0x82, 0x24, 0x9b, 0x0,
    0xf0,

    /* U+044C "ь" */
    0xcf, 0x80, 0xf, 0xff, 0x53, 0x6e, 0xd9, 0x4a,
    0x1, 0x84, 0x8a, 0x35, 0xac, 0x0, 0x9f, 0xfe,
    0xe8, 0x3, 0x90, 0xf, 0xb, 0xb8, 0x1c, 0x3,
    0xf7, 0x0, 0x80, 0x7e, 0xe0, 0x10, 0xf, 0x95,
    0xc1, 0xc0, 0xf, 0xdd, 0x7d, 0x1, 0xc8, 0x4,
    0x23, 0x8e, 0x70, 0x0,

    /* U+044D "э" */
    0x5a, 0xdf, 0xf6, 0xd1, 0x80, 0x5e, 0xa4, 0x20,
    0x4b, 0x8e, 0x0, 0x9a, 0xee, 0x7e, 0xa8, 0x43,
    0x1, 0xa8, 0x80, 0xa, 0x94, 0x20, 0x3, 0xf4,
    0x0, 0xa0, 0x7, 0xc4, 0x40, 0x30, 0x8f, 0xff,
    0x10, 0x70, 0x79, 0x17, 0x80, 0x33, 0xee, 0xf8,
    0x83, 0x80, 0x3e, 0x12, 0x3, 0x0, 0xfa, 0x0,
    0x51, 0x88, 0x2, 0x29, 0x60, 0xb0, 0x9d, 0xfe,
    0xfd, 0x60, 0x85, 0x9, 0x41, 0x10, 0x13, 0x6b,
    0x80, 0x0,

    /* U+044E "ю" */
    0xcf, 0x80, 0xe, 0x6c, 0xff, 0x75, 0x18, 0x7,
    0xf0, 0xe4, 0x98, 0x8, 0x97, 0x1c, 0x3, 0xf5,
    0x98, 0xdf, 0xf7, 0xc0, 0x42, 0x80, 0x78, 0xd4,
    0x35, 0x0, 0x27, 0x60, 0x80, 0xf, 0x58, 0x11,
    0x80, 0x75, 0x81, 0x18, 0x7, 0x18, 0x20, 0x7,
    0x88, 0x0, 0xa0, 0x7, 0xff, 0x20, 0x8, 0x7,
    0xc2, 0x1c, 0x1, 0x8, 0x80, 0x3f, 0xf8, 0x6f,
    0xdc, 0x40, 0x10, 0xf, 0x84, 0x38, 0x3, 0x88,
    0x10, 0x3, 0xc4, 0x0, 0x50, 0xe, 0xa0, 0x24,
    0x0, 0xeb, 0x1, 0x30, 0xe, 0x34, 0xa, 0x40,
    0x9, 0xd8, 0x2c, 0x3, 0xea, 0x31, 0xbe, 0xe7,
    0xc0, 0x3a, 0x80, 0x7c, 0x39, 0x26, 0x23, 0x2e,
    0x40, 0x0,

    /* U+044F "я" */
    0x0, 0x92, 0xfb, 0xff, 0xda, 0x0, 0x6b, 0x41,
    0x1f, 0x0, 0x43, 0x20, 0x9d, 0xdd, 0x20, 0x12,
    0x0, 0x28, 0x40, 0x3f, 0x18, 0x0, 0x40, 0x3f,
    0x88, 0x0, 0x60, 0x1f, 0xc8, 0x21, 0xc8, 0x1,
    0xfd, 0xa2, 0x57, 0xff, 0xa0, 0x3, 0x1f, 0x30,
    0x0, 0x8a, 0x10, 0xf, 0x28, 0x26, 0xed, 0x20,
    0x1d, 0x26, 0x34, 0x1, 0xf9, 0x18, 0x2c, 0x40,
    0x3e, 0x1a, 0x6, 0x50, 0xf, 0xd4, 0x25, 0x20,
    0x1f, 0x80,

    /* U+0450 "ѐ" */
    0x0, 0xab, 0xfc, 0x40, 0x1f, 0xd4, 0xa1, 0xc0,
    0x1f, 0xea, 0x53, 0x80, 0xf, 0xf5, 0x23, 0x90,
    0x7, 0xfa, 0xfc, 0x80, 0x3f, 0xf9, 0x9, 0x7d,
    0xfd, 0x68, 0x1, 0xd3, 0x68, 0x23, 0x25, 0xc0,
    0x5, 0xc, 0x37, 0xfd, 0xf0, 0xe, 0xa0, 0x2e,
    0x1a, 0x80, 0x13, 0xb0, 0x48, 0x38, 0x11, 0x80,
    0x76, 0x1, 0x87, 0x81, 0x6e, 0xfa, 0xc0, 0x4,
    0x40, 0x1, 0x17, 0x84, 0x3, 0x97, 0xff, 0xf8,
    0x84, 0x18, 0x3, 0xfd, 0xa0, 0x62, 0x1, 0xfc,
    0xc0, 0xb, 0x0, 0xfe, 0x17, 0x5, 0xa2, 0x0,
    0x8e, 0x1c, 0x1, 0xc, 0xb, 0xbf, 0xdf, 0x8f,
    0xe0, 0x14, 0xe2, 0x88, 0x8, 0x8e, 0x24, 0x0,

    /* U+0451 "ё" */
    0x0, 0xb7, 0x88, 0xb, 0xb0, 0x3, 0x88, 0x82,
    0xe0, 0xe2, 0x62, 0x1, 0x8a, 0x19, 0x41, 0x5a,
    0x4, 0x3, 0x9e, 0x40, 0x29, 0x70, 0xf, 0x25,
    0xf7, 0xf5, 0xa0, 0x7, 0x4d, 0xa0, 0x8c, 0x97,
    0x0, 0x14, 0x30, 0xdf, 0xf7, 0xc0, 0x3a, 0x80,
    0xb8, 0x6a, 0x0, 0x4e, 0xc1, 0x20, 0xe0, 0x46,
    0x1, 0xd8, 0x6, 0x1e, 0x5, 0xbb, 0xeb, 0x0,
    0x11, 0x0, 0x4, 0x5e, 0x10, 0xe, 0x5f, 0xff,
    0xe2, 0x10, 0x60, 0xf, 0xf6, 0x81, 0x88, 0x7,
    0xf3, 0x0, 0x2c, 0x3, 0xf8, 0x5c, 0x16, 0x88,
    0x2, 0x38, 0x70, 0x4, 0x30, 0x2e, 0xff, 0x7e,
    0x3f, 0x80, 0x53, 0x8a, 0x20, 0x22, 0x38, 0x90,

    /* U+0452 "ђ" */
    0x0, 0x2b, 0xa0, 0x7, 0xfd, 0xd1, 0xa0, 0x1f,
    0xd7, 0x88, 0xf, 0x99, 0x94, 0x3, 0x29, 0x80,
    0x4, 0xcf, 0x80, 0x37, 0x7a, 0x3, 0x7f, 0xe6,
    0x0, 0xff, 0xe6, 0x46, 0xff, 0xb6, 0x0, 0x3e,
    0xd7, 0x21, 0x2, 0x7c, 0x0, 0xe6, 0x29, 0xfe,
    0xf9, 0x3, 0x70, 0xe, 0xa6, 0x0, 0x99, 0x81,
    0x40, 0x18, 0x54, 0x3, 0xb0, 0x8, 0x3, 0x28,
    0x7, 0x84, 0x3, 0xc2, 0x1, 0xff, 0xc1, 0x30,
    0xf, 0xff, 0xf8, 0x7, 0xff, 0x22, 0xfe, 0x40,
    0x3f, 0xfa, 0xc4, 0x2, 0x1, 0xf0, 0x80, 0xa,
    0xc1, 0x0, 0x3e, 0x6f, 0xf6, 0x90, 0x40, 0x7,
    0xc4, 0x20, 0x29, 0x84,

    /* U+0453 "ѓ" */
    0x0, 0xe3, 0x88, 0x18, 0x7, 0x73, 0x99, 0x80,
    0x34, 0x91, 0xd8, 0x6, 0x36, 0x3c, 0x0, 0xe6,
    0x8c, 0x0, 0xf2, 0xb8, 0x6, 0xcf, 0xff, 0xb4,
    0x2, 0x11, 0xf0, 0x1, 0xfb, 0xbb, 0x0, 0x3f,
    0xff, 0xe0, 0x1f, 0xfc, 0xc0,

    /* U+0454 "є" */
    0x0, 0x8e, 0xb7, 0xfd, 0xb4, 0x80, 0x8, 0xc5,
    0x21, 0x11, 0x29, 0x83, 0xb8, 0x1f, 0xbb, 0x53,
    0xc, 0x3, 0xc0, 0x80, 0x5, 0x45, 0xc0, 0x10,
    0x1, 0xf7, 0x82, 0x0, 0x7e, 0x20, 0x4f, 0xff,
    0x30, 0x6, 0x22, 0xf1, 0x80, 0x82, 0x6e, 0xf9,
    0x43, 0x41, 0x40, 0x3f, 0x28, 0xb, 0x80, 0x7c,
    0x4c, 0x11, 0x1, 0x0, 0x8c, 0x82, 0x54, 0x1f,
    0xba, 0xfc, 0x40, 0x5, 0x5a, 0x88, 0xe5, 0x50,

    /* U+0455 "ѕ" */
    0x1, 0x8d, 0xff, 0x76, 0x41, 0x1, 0xfb, 0x90,
    0x8c, 0x6e, 0xa1, 0xe2, 0x9d, 0xd7, 0xe3, 0xb0,
    0x10, 0x78, 0x80, 0x47, 0x2, 0x4, 0x1c, 0x1,
    0xfa, 0x1, 0x79, 0xc4, 0x3, 0x93, 0xc, 0x63,
    0xa8, 0xc0, 0x31, 0xe5, 0xa8, 0x2e, 0x50, 0x7,
    0x25, 0x73, 0x82, 0xd0, 0x7, 0x86, 0x24, 0x14,
    0x3, 0xf2, 0x80, 0x56, 0xa2, 0x1, 0x17, 0x82,
    0x2, 0x57, 0x73, 0x7b, 0x4c, 0x64, 0x2d, 0x88,
    0x48, 0x49, 0xfc, 0x80,

    /* U+0456 "і" */
    0xaf, 0x65, 0xc, 0x72, 0xe8, 0xd4, 0xcf, 0x80,
    0xf, 0xfe, 0xd8,

    /* U+0457 "ї" */
    0x2e, 0xa1, 0xec, 0x4, 0x15, 0x21, 0x31, 0x43,
    0x73, 0x32, 0x89, 0x64, 0x6, 0x50, 0x5, 0xbe,
    0xe0, 0x1f, 0xff, 0xf0, 0xf, 0xfe, 0x30,

    /* U+0458 "ј" */
    0x0, 0xd5, 0xec, 0x1, 0x94, 0x30, 0x3, 0x41,
    0x70, 0x6, 0x7d, 0x40, 0xd, 0x9f, 0x0, 0x1f,
    0xff, 0xf0, 0xf, 0xfe, 0xb0, 0x87, 0x80, 0x48,
    0x40, 0x6f, 0xfd, 0x60, 0x48, 0x42, 0x32, 0xe0,
    0x0,

    /* U+0459 "љ" */
    0x0, 0x9b, 0xff, 0xf5, 0x80, 0x7f, 0xf0, 0x4,
    0x0, 0x23, 0x80, 0x3f, 0xf8, 0x7e, 0xf, 0xdd,
    0x9c, 0x3, 0xff, 0x84, 0x21, 0xe0, 0x1f, 0xfc,
    0x73, 0x1, 0x0, 0xff, 0xe3, 0x88, 0x7, 0xe4,
    0xee, 0x6e, 0xad, 0x80, 0x3f, 0x18, 0x7, 0xc2,
    0x22, 0x22, 0x4f, 0x10, 0x6, 0x60, 0x10, 0xf,
    0x27, 0xfd, 0xd4, 0x22, 0x90, 0xc, 0x60, 0xc0,
    0x1f, 0xe1, 0x58, 0x4, 0x10, 0x8, 0x40, 0xc0,
    0x3f, 0xf8, 0xa, 0x0, 0x30, 0x1, 0x80, 0x88,
    0x3, 0xff, 0x80, 0xa0, 0x2, 0x11, 0x40, 0x20,
    0x7, 0xfc, 0x4f, 0x20, 0x81, 0xdc, 0x40, 0x90,
    0xf, 0x93, 0xfe, 0xd8, 0x2, 0xa0, 0x10, 0x2a,
    0x30, 0xf, 0xfe, 0x1, 0xc6, 0x88, 0x0,

    /* U+045A "њ" */
    0xcf, 0x80, 0xf, 0x5f, 0xc0, 0x7, 0xff, 0xfc,
    0x3, 0xff, 0xae, 0xff, 0xfe, 0x40, 0x7f, 0xfd,
    0x90, 0x20, 0x18, 0x47, 0xc0, 0x10, 0x8c, 0x6,
    0xfe, 0x40, 0x7, 0xee, 0xf2, 0x3, 0xf7, 0x5f,
    0x62, 0x29, 0x0, 0xff, 0xe2, 0x24, 0x82, 0x0,
    0x7f, 0xf1, 0xc4, 0x3, 0xff, 0x88, 0x92, 0x8,
    0x1, 0xff, 0x3f, 0x75, 0xf6, 0x25, 0x60, 0x1f,
    0xfc, 0x1, 0x1c, 0x71, 0xa2,

    /* U+045B "ћ" */
    0x0, 0x2b, 0xa0, 0x7, 0xff, 0x3, 0xa3, 0x40,
    0x3f, 0xf9, 0xbd, 0xe8, 0xd, 0xff, 0xb8, 0x3,
    0x94, 0xc0, 0x2, 0x67, 0x94, 0x3, 0xaf, 0x10,
    0x1f, 0x33, 0x58, 0x7, 0xfc, 0xfb, 0xfe, 0xd8,
    0x10, 0xf, 0xb2, 0x8, 0x40, 0x9f, 0xc4, 0x3,
    0x98, 0xeb, 0xfb, 0xe4, 0x6, 0x0, 0x3d, 0x4a,
    0x1, 0x33, 0x83, 0x80, 0x70, 0xa8, 0x7, 0x60,
    0x8, 0x7, 0x20, 0x7, 0x9c, 0x3, 0xe3, 0x0,
    0xff, 0xff, 0x80, 0x7f, 0xf7, 0x0,

    /* U+045C "ќ" */
    0x0, 0xf0, 0xc4, 0x14, 0x3, 0xf5, 0x3a, 0xa0,
    0x7, 0xcc, 0x85, 0x82, 0x1, 0xe1, 0x92, 0xc1,
    0x0, 0xf9, 0x5f, 0x4, 0x3, 0xf2, 0x40, 0x80,
    0x76, 0x7c, 0x0, 0x73, 0xff, 0x0, 0x7e, 0x28,
    0xa, 0x0, 0xfd, 0xc0, 0xe8, 0x1, 0xf3, 0x99,
    0x40, 0x7, 0xc7, 0x1, 0xc0, 0x1f, 0xb8, 0x1c,
    0xc0, 0x39, 0xff, 0xc4, 0x48, 0x0, 0xf8, 0x44,
    0x4, 0x40, 0xf, 0x3f, 0x70, 0xc3, 0x80, 0x3f,
    0xb8, 0xd, 0xc0, 0x3f, 0x14, 0x84, 0x18, 0x7,
    0xe6, 0x40, 0xe0, 0xf, 0xea, 0x12, 0x90, 0xf,
    0xc3, 0x60, 0xc8,

    /* U+045D "ѝ" */
    0x0, 0x14, 0x41, 0x0, 0x3f, 0x10, 0xbd, 0x90,
    0x7, 0xe9, 0x60, 0xe0, 0xf, 0xe9, 0x63, 0x60,
    0xf, 0xe9, 0x90, 0x80, 0x7f, 0x99, 0xc0, 0x36,
    0x7b, 0x80, 0x71, 0xff, 0xc0, 0x1f, 0xbc, 0x3,
    0xfc, 0xc6, 0x1, 0xfe, 0x80, 0x70, 0xf, 0xd2,
    0x2b, 0x80, 0x1f, 0x13, 0x4, 0x8, 0x7, 0xdc,
    0x10, 0x40, 0x1f, 0x29, 0x93, 0x80, 0x7e, 0xb0,
    0x80, 0xf, 0x86, 0x5, 0x14, 0x3, 0xee, 0x70,
    0x90, 0xf, 0xce, 0xe, 0x40, 0x1f, 0xc3, 0x0,
    0x1f, 0xeb, 0x0, 0xfc,

    /* U+045E "ў" */
    0x0, 0x17, 0xf0, 0x4, 0xdf, 0x40, 0x1c, 0x46,
    0x32, 0x49, 0x1, 0xc0, 0x1e, 0xd3, 0x6d, 0xb1,
    0x84, 0x0, 0xf0, 0xe6, 0xdd, 0xb9, 0xc0, 0x3f,
    0x89, 0x10, 0x20, 0x1d, 0x9f, 0x40, 0x1f, 0x37,
    0xf8, 0x68, 0x14, 0x3, 0xea, 0x5, 0x16, 0x0,
    0x30, 0x7, 0x11, 0x87, 0x0, 0x18, 0x28, 0x3,
    0xa8, 0x5, 0x0, 0x16, 0x6, 0x40, 0x19, 0x41,
    0x80, 0x22, 0x30, 0xa0, 0x8, 0xc8, 0x28, 0x3,
    0x50, 0x30, 0x5, 0x40, 0x64, 0x1, 0x98, 0x44,
    0xa0, 0x7, 0x9, 0x0, 0xf3, 0x87, 0x2, 0x8,
    0x28, 0x7, 0xac, 0x10, 0x78, 0x18, 0x3, 0xe2,
    0x30, 0x45, 0xa, 0x0, 0xfd, 0x21, 0x0, 0x46,
    0x1, 0xf9, 0x44, 0x82, 0x80, 0x3f, 0xce, 0x0,
    0x60, 0xf, 0xf1, 0x82, 0x8, 0x7, 0xf0, 0xa8,
    0x70, 0x7, 0xfa, 0x40, 0x54, 0x3, 0xc2, 0x22,
    0x87, 0xb, 0x0, 0xfa, 0xfb, 0x5c, 0x15, 0x40,
    0x1f, 0x10, 0x0, 0xa6, 0x80, 0x3f, 0x0,

    /* U+045F "џ" */
    0xcf, 0x80, 0xf, 0x5f, 0xc0, 0x7, 0xff, 0xfc,
    0x3, 0xff, 0xde, 0xfd, 0xde, 0x40, 0xe, 0x11,
    0xf0, 0x5, 0x9f, 0xf6, 0x0, 0x3f, 0xf4, 0x0,
    0x7f, 0xf4, 0x9, 0xe0, 0x3, 0x80,

    /* U+0460 "Ѡ" */
    0x5f, 0xf0, 0x80, 0x7a, 0x7f, 0x40, 0x3e, 0x3f,
    0xf1, 0xb0, 0x0, 0x80, 0x3c, 0x20, 0x60, 0x1f,
    0xf0, 0x80, 0x1c, 0x3, 0xdc, 0x2, 0x1, 0xf3,
    0x80, 0x8, 0x80, 0x3, 0x0, 0xf1, 0x0, 0x8,
    0x3, 0xc2, 0x0, 0x10, 0x20, 0xe0, 0xf, 0x28,
    0x1, 0xc0, 0x3c, 0x40, 0x20, 0x7, 0x4, 0x0,
    0xfe, 0xc0, 0xf, 0x70, 0x10, 0x3, 0x0, 0x80,
    0x3d, 0x20, 0x4, 0x0, 0xf2, 0x82, 0x80, 0x10,
    0x0, 0x80, 0x1c, 0xc0, 0x2, 0x10, 0xe, 0x30,
    0xf0, 0x1, 0x8, 0x68, 0x6, 0x41, 0x10, 0x1,
    0x0, 0x31, 0x0, 0x14, 0x2, 0x70, 0x40, 0xd,
    0xc0, 0xc6, 0x1e, 0x1, 0x90, 0x4, 0xc0, 0x2d,
    0x2, 0x20, 0x0, 0x54, 0x2a, 0x80, 0xa0, 0x1b,
    0x41, 0x0, 0x32, 0x8, 0x50, 0x1, 0xc0, 0xc9,
    0xc0, 0xc, 0x1, 0x20, 0x78, 0x7, 0x30, 0x30,
    0x2, 0x82, 0x80, 0x54, 0x28, 0x0, 0xa0, 0x5,
    0x0, 0xe9, 0x1, 0x42, 0x30, 0x70, 0x4, 0x81,
    0x98, 0x38, 0x18, 0x3, 0xc2, 0xa1, 0xe8, 0xa,
    0x20, 0x3, 0x40, 0x93, 0x40, 0xb0, 0xf, 0xa0,
    0x12, 0xc3, 0xc0, 0x37, 0x82, 0xf8, 0x29, 0x0,
    0x7c, 0x4a, 0x4, 0x2a, 0x1, 0x91, 0x0, 0x61,
    0x0, 0x1f, 0xd0, 0x0, 0x70, 0xf, 0x48, 0x1,
    0xc8, 0x3, 0x0,

    /* U+0461 "ѡ" */
    0x8f, 0xc0, 0xe, 0x4f, 0xf0, 0x7, 0x9b, 0xf7,
    0x80, 0x40, 0x39, 0xc0, 0x2, 0x1, 0xc2, 0x2,
    0x40, 0x40, 0x1c, 0x40, 0x2, 0x0, 0xee, 0x6,
    0x60, 0x0, 0x80, 0x30, 0x80, 0x18, 0x3, 0x94,
    0x8, 0x82, 0xe, 0x1, 0xc6, 0x1a, 0x1, 0xc6,
    0x1a, 0x8, 0x18, 0x1, 0xce, 0x8, 0x1, 0x8c,
    0x0, 0x81, 0x80, 0x80, 0x18, 0xd0, 0xc, 0x3,
    0x20, 0x18, 0x83, 0x81, 0x10, 0x2, 0x80, 0x9,
    0x40, 0x2b, 0xb, 0x0, 0xa, 0x5, 0x0, 0xd,
    0xd, 0xc3, 0xc0, 0x4, 0x60, 0xc0, 0x17, 0x83,
    0x0, 0x24, 0x22, 0x81, 0x40, 0x16, 0xa, 0x20,
    0x12, 0x10, 0xa9, 0x29, 0xa1, 0x18, 0x30, 0xb0,
    0x48, 0x7, 0x58, 0x44, 0x2, 0x40, 0x10, 0x15,
    0x0, 0xa6, 0x1, 0xcc, 0x44, 0x52, 0x50, 0x2,
    0x19, 0x98, 0x20, 0x3, 0xe9, 0x0, 0x40, 0x6,
    0x80, 0x4, 0x10, 0x4,

    /* U+0462 "Ѣ" */
    0x0, 0xd9, 0xf2, 0x1, 0xff, 0xcf, 0xbf, 0xf8,
    0xc1, 0xbf, 0xf6, 0x0, 0x73, 0x80, 0x7f, 0x84,
    0x3, 0xb3, 0xfe, 0x30, 0x6f, 0xfd, 0xa0, 0x1f,
    0xfe, 0x16, 0xff, 0xd9, 0x24, 0x1, 0xff, 0xc2,
    0x36, 0xd8, 0x0, 0xfc, 0xdf, 0xf6, 0xd1, 0x83,
    0xb0, 0x7, 0xfc, 0x4b, 0x88, 0x10, 0x1, 0xff,
    0xc2, 0xe0, 0x12, 0x0, 0xff, 0xe0, 0xb0, 0x0,
    0x40, 0x3f, 0xf8, 0x2c, 0x0, 0x20, 0xf, 0xfe,
    0xc, 0x81, 0x8, 0x7, 0xfc, 0x96, 0x61, 0x60,
    0x1f, 0x37, 0xfe, 0xb4, 0x7, 0x60, 0xf, 0xfe,
    0x1, 0x36, 0x40, 0x0,

    /* U+0463 "ѣ" */
    0x0, 0x96, 0x10, 0x3, 0xff, 0x83, 0xcf, 0x80,
    0x1f, 0xfc, 0xec, 0xff, 0x20, 0x3f, 0xfe, 0x0,
    0xf3, 0x8, 0x80, 0x21, 0x18, 0x80, 0x3d, 0x5d,
    0xc4, 0x7, 0xee, 0xb4, 0x3, 0xff, 0xde, 0xff,
    0xfd, 0xb2, 0x40, 0x1f, 0x84, 0x70, 0x13, 0x6a,
    0x0, 0x79, 0xfb, 0xb7, 0xe9, 0x85, 0x0, 0x7f,
    0xf0, 0xb, 0xc0, 0x44, 0x1, 0xff, 0xc3, 0x10,
    0xf, 0xf8, 0xbc, 0xc, 0x3, 0xcd, 0xbb, 0xbb,
    0x4c, 0x3c, 0x3, 0xc2, 0x45, 0x84, 0x9f, 0x8c,
    0x0,

    /* U+0464 "Ѥ" */
    0x7f, 0xd0, 0xf, 0xc2, 0xf7, 0xdf, 0xee, 0xc8,
    0x30, 0xf, 0xfa, 0x3a, 0x10, 0x40, 0x2, 0x6f,
    0x80, 0x1f, 0xeb, 0x70, 0x39, 0xdf, 0xf6, 0xd2,
    0xc0, 0x7, 0xf4, 0x20, 0x46, 0x31, 0x0, 0x9,
    0x69, 0xc0, 0x3f, 0x13, 0x83, 0x38, 0x7, 0xff,
    0x15, 0x40, 0x10, 0x1, 0xff, 0xc6, 0xc0, 0x41,
    0x0, 0xff, 0xe0, 0x97, 0xfe, 0x40, 0x4f, 0xff,
    0xce, 0x1, 0xff, 0xcf, 0x2f, 0xfc, 0x40, 0xbf,
    0xff, 0x9c, 0x3, 0xfc, 0xc0, 0x20, 0x1f, 0xfc,
    0x72, 0x5, 0x0, 0xff, 0xe3, 0xe8, 0xa, 0x0,
    0x7f, 0xf1, 0x90, 0x42, 0x40, 0x3f, 0xf8, 0xf0,
    0x5, 0x40, 0x1f, 0xfc, 0x66, 0x50, 0x5d, 0x62,
    0x0, 0xa, 0x3a, 0x80, 0x7f, 0xa9, 0xc0, 0xa7,
    0x7f, 0xdd, 0x71, 0xa0, 0x1f, 0xf4, 0x6b, 0x98,
    0x6, 0x25, 0xc0,

    /* U+0465 "ѥ" */
    0xcf, 0x80, 0xf, 0x2d, 0xf7, 0xfb, 0x68, 0x80,
    0x3e, 0x1c, 0xa4, 0x10, 0x1, 0x29, 0x80, 0x7d,
    0x46, 0x33, 0xdf, 0xec, 0x91, 0x0, 0xf2, 0x20,
    0x35, 0x84, 0x0, 0x6c, 0x1, 0xf7, 0x2, 0x18,
    0x7, 0xff, 0x5, 0xc3, 0x0, 0x3f, 0xcf, 0xff,
    0x10, 0x47, 0xff, 0x84, 0x3, 0x8, 0xc0, 0x10,
    0x8f, 0x80, 0x33, 0xf7, 0x44, 0x11, 0xdd, 0xe1,
    0x0, 0xf9, 0x83, 0x0, 0x3f, 0xf8, 0x5a, 0x8,
    0x40, 0x1f, 0xfc, 0x16, 0x20, 0xc5, 0x0, 0x85,
    0x84, 0x3, 0xef, 0x21, 0xaf, 0xef, 0xe9, 0x20,
    0xf, 0x8b, 0x64, 0xc4, 0x40, 0x2a, 0x40,

    /* U+0466 "Ѧ" */
    0x0, 0xf9, 0xff, 0xc6, 0x1, 0xff, 0xc2, 0x90,
    0x4, 0x80, 0x7f, 0xf0, 0x54, 0x44, 0xa, 0x20,
    0x1f, 0xfc, 0x9, 0x6, 0x30, 0x90, 0xf, 0xf8,
    0xcc, 0x15, 0x60, 0xc0, 0x1f, 0xf5, 0x1, 0x93,
    0x0, 0xb0, 0x7, 0xf0, 0xb0, 0x50, 0xa, 0x85,
    0x80, 0x7f, 0x30, 0x1, 0x80, 0x12, 0x4, 0x60,
    0x1f, 0xa4, 0x1, 0xff, 0x60, 0x2, 0x40, 0x3e,
    0x51, 0x0, 0xfc, 0xa2, 0x1, 0xe9, 0x3, 0xfc,
    0x0, 0x7f, 0x0, 0x24, 0x3, 0x8c, 0xc1, 0x0,
    0x1c, 0x2c, 0xc, 0x1, 0xd2, 0x4, 0x80, 0x1e,
    0xb0, 0x16, 0x0, 0x85, 0x42, 0xc0, 0x3e, 0x24,
    0xb, 0x0, 0x98, 0x5, 0x80, 0x3f, 0x78, 0x12,
    0x0, 0x24, 0x18, 0x3, 0xf9, 0x8, 0x3c, 0x14,
    0x42, 0x40, 0x3f, 0xd6, 0x8, 0x52, 0xa, 0x20,
    0x1f, 0xe6, 0x10, 0xa0,

    /* U+0467 "ѧ" */
    0x0, 0xe3, 0xff, 0x84, 0x3, 0xfd, 0x20, 0x20,
    0xc0, 0x1f, 0xc2, 0xa1, 0x41, 0x40, 0x1f, 0xcc,
    0x8, 0x82, 0x22, 0x0, 0x7e, 0x90, 0xe0, 0x50,
    0xf0, 0xf, 0x94, 0x44, 0xa1, 0x40, 0x84, 0x1,
    0xee, 0x1, 0xdd, 0x78, 0x2, 0x80, 0x38, 0x90,
    0x0, 0x45, 0x0, 0x1c, 0x3, 0xac, 0xf, 0xd8,
    0x23, 0xc4, 0x18, 0x3, 0x30, 0x48, 0x7, 0x30,
    0x58, 0x4, 0xc0, 0x2a, 0x1, 0xd2, 0x4, 0x80,
    0xb, 0x9, 0x0, 0xf0, 0xa8, 0x70, 0x21, 0x3,
    0x0, 0x7d, 0x20, 0xa3, 0xc0, 0xa2, 0x1, 0xf1,
    0x98, 0x24,

    /* U+0468 "Ѩ" */
    0x7f, 0xd0, 0xf, 0xc3, 0xfe, 0xa0, 0xf, 0xfe,
    0x3c, 0x0, 0xa8, 0x80, 0x7f, 0xf1, 0x45, 0x82,
    0x42, 0x40, 0x3f, 0xf8, 0xac, 0xc, 0xc0, 0x60,
    0xf, 0xfe, 0x2c, 0x85, 0xa, 0xa, 0x80, 0x7f,
    0xf0, 0xd8, 0x48, 0xc3, 0xc2, 0x40, 0x3f, 0xf8,
    0x70, 0x16, 0x0, 0x41, 0x33, 0x0, 0x7c, 0x5f,
    0xfe, 0x10, 0x9f, 0xf8, 0x42, 0x40, 0x3f, 0xf9,
    0x4a, 0x20, 0x1e, 0x2f, 0xfd, 0x80, 0xb, 0xf3,
    0xa, 0xf4, 0x9, 0x0, 0xff, 0xa8, 0x9, 0x0,
    0x3b, 0x81, 0x80, 0x3f, 0xe6, 0xa, 0x0, 0xf2,
    0x88, 0x94, 0x3, 0xf9, 0x80, 0xc, 0x1, 0xf3,
    0x4, 0x80, 0x7f, 0x50, 0x28, 0x80, 0x7d, 0x40,
    0x66, 0x0, 0xf8, 0xcc, 0x1c, 0x1, 0xf8, 0x8c,
    0x24, 0x3, 0xea, 0x2, 0x40, 0xf, 0xe9, 0x5,
    0x10, 0xf, 0x30, 0x50, 0x7, 0xf9, 0x40, 0x12,
    0x1, 0xcc, 0x0, 0x60, 0xf, 0xf9, 0x81, 0x80,

    /* U+0469 "ѩ" */
    0xcf, 0x70, 0xf, 0x67, 0xf9, 0x80, 0x3f, 0xf8,
    0x46, 0x61, 0xb, 0x0, 0xff, 0xe1, 0x48, 0x49,
    0x11, 0x0, 0x3f, 0xf8, 0x2, 0xa0, 0xd4, 0x1e,
    0x1, 0xff, 0xc0, 0x60, 0x41, 0x60, 0x42, 0x0,
    0xff, 0xa8, 0x38, 0x5, 0x2, 0x80, 0x3d, 0x1f,
    0xf8, 0x82, 0xbf, 0xc8, 0xc, 0x1, 0xe1, 0x1c,
    0x0, 0x11, 0x0, 0x4, 0x5, 0x80, 0x3a, 0x7b,
    0x98, 0x0, 0xcd, 0x2, 0xe7, 0xa, 0x0, 0xfd,
    0x60, 0x84, 0x1, 0xa4, 0xc, 0xc0, 0x1f, 0x30,
    0x78, 0x7, 0xa, 0x84, 0x80, 0x79, 0xc0, 0x90,
    0x3, 0xdc, 0xa, 0x20, 0x1d, 0x41, 0x40, 0x1f,
    0x21, 0x3, 0x0, 0x64, 0x20, 0x60, 0xf, 0xd6,
    0x12, 0x0,

    /* U+046A "Ѫ" */
    0x0, 0x7f, 0xff, 0xf0, 0xc0, 0x3f, 0xf8, 0xc2,
    0x1, 0xac, 0x1, 0x5d, 0xdf, 0x50, 0x3, 0x40,
    0x32, 0x50, 0x51, 0x8, 0xf2, 0xd0, 0x59, 0x80,
    0x72, 0xc8, 0x69, 0x0, 0x47, 0x61, 0x68, 0x1,
    0xf3, 0x40, 0xe1, 0x1, 0x68, 0x52, 0x0, 0x7f,
    0x3b, 0x87, 0x13, 0x6, 0x54, 0x3, 0xf8, 0x5c,
    0x80, 0x6c, 0x45, 0x8e, 0x20, 0x1f, 0x1f, 0xc2,
    0x80, 0x61, 0x58, 0xf2, 0x0, 0xf6, 0x89, 0xe7,
    0xa0, 0x2f, 0xe1, 0xf, 0x80, 0x73, 0x8, 0x71,
    0x80, 0x71, 0xf8, 0x12, 0x80, 0x6a, 0x4, 0x20,
    0xf, 0x89, 0x3, 0x80, 0x21, 0x30, 0xd0, 0xf,
    0xed, 0x4, 0x0, 0x9c, 0x0, 0xe0, 0x1f, 0xce,
    0x0, 0x50, 0x6, 0x81, 0x88, 0x7, 0xf0, 0x98,
    0x60, 0x1, 0x1, 0x0, 0x3f, 0xeb, 0x7, 0x4,
    0x0, 0x58, 0x7, 0xfc, 0x80, 0x27, 0xa0, 0x26,
    0x1, 0xff, 0x18, 0x82, 0x0,

    /* U+046B "ѫ" */
    0x3, 0xff, 0xff, 0xe0, 0x60, 0x4, 0x42, 0x0,
    0x22, 0xf0, 0x80, 0x10, 0x2, 0x1c, 0x10, 0x8d,
    0xde, 0x50, 0x58, 0x0, 0xc5, 0xa1, 0x46, 0x1,
    0x4a, 0x22, 0x80, 0x3c, 0x78, 0x18, 0x41, 0xc,
    0x76, 0x1, 0xf8, 0xe4, 0x32, 0x1c, 0x74, 0x3,
    0xf2, 0x6c, 0x80, 0xb8, 0xf, 0x50, 0x80, 0x71,
    0x59, 0x24, 0x10, 0x2b, 0x8a, 0xd0, 0x7, 0x40,
    0x25, 0xb8, 0x87, 0xc6, 0x2, 0x20, 0x2, 0x25,
    0x8, 0x0, 0xf1, 0x30, 0x78, 0x5, 0x40, 0x66,
    0x0, 0xfa, 0x81, 0x4, 0x0, 0xc1, 0x40, 0x1f,
    0x8c, 0x81, 0x81, 0x4, 0x18, 0x3, 0xfa, 0x82,
    0x83, 0x81, 0x80, 0x3f, 0xcc, 0x4, 0x80,

    /* U+046C "Ѭ" */
    0x7f, 0xd0, 0x8, 0xff, 0xff, 0xf8, 0x56, 0x1,
    0xf8, 0x40, 0x3f, 0xf9, 0x65, 0x0, 0x39, 0xdd,
    0xf3, 0x1, 0x50, 0x7, 0xf3, 0xb0, 0xf0, 0x8,
    0xf3, 0xb0, 0xf8, 0x80, 0x7f, 0xa5, 0x4b, 0x4,
    0x2, 0x59, 0x1c, 0x20, 0xf, 0xfe, 0x5, 0x21,
    0x68, 0x1, 0x68, 0x34, 0x80, 0x3f, 0xf8, 0x56,
    0x66, 0xc5, 0xa0, 0xc3, 0x0, 0xf8, 0xae, 0xff,
    0x0, 0xe, 0x80, 0x65, 0x80, 0x3f, 0x22, 0x7e,
    0x30, 0xc, 0x2b, 0x3a, 0x20, 0x1c, 0x5f, 0xfb,
    0x40, 0xb, 0xbe, 0x21, 0x1f, 0x62, 0x56, 0x1,
    0xfe, 0xb0, 0x2a, 0x20, 0xe, 0x4d, 0x5, 0x20,
    0xf, 0xe6, 0xb, 0x0, 0xfc, 0x64, 0x14, 0x1,
    0xf9, 0x0, 0xe, 0x1, 0xfc, 0xa0, 0xa0, 0x1f,
    0xb4, 0x8, 0x40, 0x3f, 0xac, 0x8, 0x80, 0x1f,
    0x38, 0x28, 0x7, 0xf8, 0xc4, 0x10, 0x3, 0xc4,
    0x21, 0x60, 0x1f, 0xf3, 0x86, 0x80, 0x79, 0x40,
    0x4c, 0x3, 0xfe, 0xc0, 0x40, 0xf, 0x58, 0x20,
    0x7, 0xff, 0x1, 0x40, 0x8,

    /* U+046D "ѭ" */
    0xcf, 0x70, 0x5, 0xff, 0xff, 0xf0, 0x10, 0x3,
    0xd8, 0x0, 0x12, 0x2f, 0x0, 0x5, 0x40, 0x3c,
    0xea, 0xb, 0xbb, 0xdc, 0x0, 0xd1, 0x0, 0xfa,
    0x91, 0x14, 0x1, 0x16, 0x85, 0x18, 0x7, 0xf5,
    0x9a, 0xc0, 0xe, 0xc, 0xa8, 0x7, 0xfd, 0xa4,
    0xee, 0xd1, 0x76, 0x0, 0xf4, 0x7f, 0xf7, 0x10,
    0x41, 0x83, 0x51, 0x0, 0x70, 0x91, 0x40, 0x12,
    0x20, 0x0, 0xa6, 0xba, 0x40, 0x1a, 0x77, 0x5e,
    0x0, 0xbb, 0x78, 0x15, 0x6a, 0x4, 0x80, 0x7d,
    0x60, 0x88, 0x0, 0xf4, 0x82, 0x10, 0x7, 0x98,
    0x3c, 0x3, 0xe2, 0x30, 0xa0, 0xe, 0x60, 0x14,
    0x0, 0xfd, 0x20, 0xc0, 0x1d, 0x40, 0xc0, 0x1f,
    0xca, 0x2, 0xa0, 0x11, 0x18, 0x48, 0x7, 0xf9,
    0x83, 0x80,

    /* U+046E "Ѯ" */
    0x0, 0x88, 0x40, 0x38, 0x44, 0x1, 0x87, 0x39,
    0x0, 0x3, 0x7d, 0xc3, 0x0, 0x87, 0x6, 0xd8,
    0x71, 0x1a, 0x88, 0x3, 0x16, 0xc, 0xf9, 0x4c,
    0x94, 0x40, 0x32, 0x51, 0x80, 0x86, 0x28, 0x6,
    0x4d, 0xb7, 0x20, 0x9, 0x6b, 0x48, 0x1, 0xa4,
    0x49, 0xdf, 0xf7, 0x40, 0x17, 0x80, 0x26, 0xf5,
    0x88, 0x0, 0x2f, 0x40, 0x48, 0x0, 0x40, 0xf,
    0x94, 0x0, 0x40, 0x1f, 0xe1, 0x0, 0x18, 0x7,
    0xfa, 0x0, 0x54, 0x3, 0xe1, 0x4b, 0x61, 0xd0,
    0xd, 0xdd, 0x7f, 0x5b, 0xc7, 0x98, 0x6, 0x11,
    0x80, 0x22, 0xd2, 0x0, 0xef, 0xfd, 0xb4, 0x8b,
    0x90, 0x1, 0xf8, 0x96, 0xac, 0x1d, 0x40, 0x3f,
    0xc8, 0x61, 0xc0, 0x1f, 0xf2, 0x83, 0x0, 0x7f,
    0xc4, 0xc, 0x1, 0xfe, 0x24, 0xc, 0x0, 0xfc,
    0x2d, 0x80, 0x2c, 0x0, 0x29, 0xce, 0xe7, 0xf4,
    0x89, 0x60, 0x83, 0x6b, 0x18, 0x88, 0x9, 0x6b,
    0x48, 0x6, 0x41, 0x33, 0xfe, 0xda, 0x50, 0x8,
    0x80, 0x10, 0x60, 0x1f, 0xc4, 0x0, 0xa1, 0x0,
    0xfe, 0x15, 0x6, 0xef, 0xff, 0xb4, 0x82, 0xa0,
    0x80, 0x3f, 0x13, 0x0, 0x1f, 0x7f, 0xfe, 0xeb,
    0x60,

    /* U+046F "ѯ" */
    0x2, 0xfd, 0x20, 0x0, 0xd7, 0xf0, 0x81, 0x59,
    0x61, 0x8f, 0xaa, 0x30, 0x80, 0x12, 0x87, 0x70,
    0x62, 0xe0, 0x0, 0x71, 0x20, 0x24, 0x1e, 0x20,
    0x17, 0xb9, 0x80, 0x67, 0xe4, 0x0, 0x43, 0xe7,
    0xfd, 0xa8, 0x12, 0x0, 0x48, 0x30, 0x8, 0xa4,
    0x8, 0x40, 0x3f, 0x8, 0x0, 0x40, 0x3c, 0x2b,
    0xc1, 0x0, 0x1a, 0x3f, 0xdd, 0x41, 0x6e, 0x1,
    0xbc, 0x88, 0x20, 0x50, 0x60, 0x19, 0xf7, 0x5d,
    0xc7, 0x3c, 0x20, 0xf, 0x86, 0xc, 0x14, 0x3,
    0xfe, 0xf0, 0xf, 0x86, 0xc, 0x2c, 0x0, 0xd5,
    0x98, 0xde, 0x70, 0x73, 0x1e, 0x95, 0x33, 0x11,
    0x17, 0x20, 0x20, 0x53, 0x7f, 0xed, 0xa3, 0x0,
    0x18, 0x11, 0x0, 0x3f, 0x78, 0x37, 0xf7, 0x76,
    0xe1, 0x2d, 0x18, 0x8, 0xf1, 0x1b, 0x82, 0xe7,
    0xff, 0xda, 0x80,

    /* U+0470 "Ѱ" */
    0xaf, 0xb0, 0xc, 0xff, 0x80, 0x19, 0xbf, 0xc0,
    0x1f, 0xff, 0xf0, 0xf, 0xf1, 0x83, 0x80, 0x7f,
    0xc2, 0x0, 0x10, 0x20, 0xf, 0xfb, 0x80, 0xb0,
    0x4, 0xc0, 0x3f, 0xc8, 0x8, 0x81, 0x8, 0x0,
    0xfe, 0x62, 0xd, 0xb, 0x4, 0xc4, 0x0, 0xe2,
    0x99, 0x2, 0xa0, 0x2c, 0x81, 0xdf, 0xc0, 0x1f,
    0xeb, 0x2, 0xd0, 0x4, 0xdc, 0xe6, 0x1, 0xc4,
    0xb7, 0x40, 0x1c, 0x31, 0x9f, 0x0, 0x7f, 0xb4,
    0x80, 0x1f, 0xff, 0xb0,

    /* U+0471 "ѱ" */
    0x0, 0xf1, 0xc3, 0x0, 0x7f, 0xf0, 0x55, 0xec,
    0x3, 0xff, 0xf7, 0xfe, 0x50, 0xf, 0xe4, 0xff,
    0x0, 0x7f, 0xf0, 0x54, 0x0, 0x60, 0x1f, 0xfc,
    0x1, 0x10, 0x30, 0x7, 0xff, 0x4, 0x83, 0x40,
    0x3f, 0xf8, 0x2c, 0x2, 0x1, 0xff, 0xc1, 0x30,
    0x30, 0xf, 0xfe, 0xa0, 0x81, 0x80, 0x7f, 0x94,
    0x9, 0x43, 0x0, 0x3f, 0x84, 0xc3, 0x70, 0x14,
    0x80, 0x3f, 0x50, 0xa, 0xb8, 0x86, 0x28, 0x7,
    0x1d, 0xa0, 0x58, 0x3, 0x4, 0x55, 0xf2, 0x5,
    0xf8, 0x81, 0xa, 0x0, 0x2e, 0x83, 0x10, 0xc,
    0x4d, 0xae, 0x1, 0xcf, 0x9d, 0x20, 0x5f, 0xb2,
    0x40, 0x1f, 0xff, 0xf0, 0xf, 0xc0,

    /* U+0472 "Ѳ" */
    0x0, 0xe6, 0xbe, 0xff, 0x76, 0x40, 0x80, 0x7c,
    0x9d, 0x28, 0x20, 0x1, 0x37, 0xe7, 0x0, 0xe5,
    0xb1, 0x29, 0xdf, 0xf7, 0x5a, 0x84, 0x40, 0x2,
    0x1a, 0x5, 0xd6, 0x20, 0x0, 0xa5, 0x50, 0x1d,
    0x0, 0x10, 0x5, 0x40, 0x1f, 0x95, 0x82, 0x40,
    0xe, 0x16, 0x1, 0xfe, 0x80, 0x23, 0x21, 0x4,
    0x0, 0xff, 0x9, 0x2, 0x38, 0x3, 0x7f, 0xff,
    0xe2, 0xd, 0x30, 0xf, 0xfe, 0x20, 0x80, 0x5d,
    0xff, 0xff, 0x10, 0x0, 0xc0, 0x4, 0x1, 0xff,
    0x10, 0xb, 0x80, 0x10, 0x3, 0xfc, 0x40, 0xd,
    0x21, 0xb, 0x0, 0xff, 0x28, 0x1, 0x1, 0xc0,
    0xd0, 0x3, 0xf0, 0xc8, 0x11, 0x84, 0x0, 0x28,
    0x80, 0x3e, 0xa1, 0x9, 0x0, 0xd, 0x0, 0xec,
    0x18, 0x0, 0x5b, 0x50, 0x1d, 0x0, 0x25, 0xb1,
    0x7, 0xcf, 0xf7, 0x49, 0x4, 0x40, 0x3, 0x93,
    0xa5, 0x4, 0x0, 0x27, 0x1c, 0xe0, 0x10,

    /* U+0473 "ѳ" */
    0x0, 0x8e, 0xbb, 0xfd, 0xb0, 0x20, 0x1c, 0xf8,
    0xa2, 0x20, 0x27, 0xf3, 0x0, 0x96, 0x1, 0xfb,
    0x9f, 0xa8, 0x38, 0x20, 0xb, 0x6, 0x81, 0x0,
    0x15, 0x90, 0x58, 0x20, 0x85, 0x80, 0x7a, 0xc1,
    0x40, 0xc0, 0x48, 0x3, 0xc8, 0x0, 0x3f, 0x1,
    0xff, 0xfb, 0x40, 0xe, 0x1, 0x8, 0xfe, 0x0,
    0xbc, 0xb, 0xbb, 0xec, 0x0, 0x3a, 0x1, 0x8,
    0x7, 0x9c, 0x0, 0x66, 0x20, 0x90, 0xf, 0x48,
    0x28, 0x2, 0x41, 0xdc, 0x1, 0xd, 0x18, 0x40,
    0x1, 0x24, 0x23, 0xfb, 0xa5, 0xb, 0x20, 0x9,
    0xb5, 0x88, 0x44, 0x4f, 0xc8, 0x0,

    /* U+0474 "Ѵ" */
    0xdf, 0xa0, 0xf, 0xf2, 0xef, 0xf9, 0x28, 0x14,
    0x3, 0xf9, 0x28, 0x88, 0x60, 0xc0, 0x5, 0x0,
    0xfd, 0x0, 0xbb, 0x88, 0x28, 0x1c, 0x1, 0xf1,
    0x18, 0x40, 0x6, 0xe0, 0x41, 0x0, 0xf5, 0x1,
    0x90, 0x6, 0x51, 0x6, 0x0, 0xf2, 0x85, 0x80,
    0x79, 0xc2, 0x80, 0x38, 0xc8, 0x14, 0x3, 0xd4,
    0x4, 0x60, 0x1a, 0xc0, 0xc8, 0x3, 0xc6, 0x41,
    0x40, 0x19, 0x42, 0xc0, 0x3f, 0x50, 0x38, 0x4,
    0x44, 0x5, 0x0, 0xfc, 0xc0, 0x2a, 0x0, 0xa0,
    0x22, 0x0, 0x7e, 0x14, 0xf, 0x0, 0x28, 0x50,
    0x7, 0xfb, 0x81, 0x44, 0x88, 0xa, 0x1, 0xfe,
    0x50, 0x3, 0xa0, 0x11, 0x0, 0x3f, 0xe6, 0xc,
    0xd0, 0x50, 0xf, 0xfe, 0x5, 0x2, 0x20, 0x28,
    0x3, 0xff, 0x80, 0x64, 0x20, 0x44, 0x0, 0xff,
    0xe0, 0xa8, 0x1, 0x40, 0x3f, 0x0,

    /* U+0475 "ѵ" */
    0xdf, 0x90, 0xf, 0x8b, 0x3f, 0xa8, 0x1c, 0x3,
    0xee, 0x31, 0x26, 0x1, 0x40, 0xe, 0x43, 0x1f,
    0xc1, 0x40, 0xe0, 0xe, 0xe0, 0x61, 0x0, 0x70,
    0x28, 0x7, 0x20, 0x58, 0x4, 0xa0, 0x5, 0x0,
    0x90, 0x44, 0x60, 0x19, 0x83, 0x80, 0x2d, 0x7,
    0x0, 0xea, 0x4, 0x10, 0x3, 0x86, 0x80, 0x71,
    0x90, 0x38, 0x18, 0x89, 0x0, 0x3d, 0x41, 0x41,
    0x60, 0x80, 0x1f, 0x28, 0x18, 0xa8, 0x78, 0x7,
    0xc4, 0x60, 0xc4, 0xa, 0x1, 0xfa, 0x82, 0x41,
    0x0, 0x3f, 0x98, 0x4, 0x34, 0x3, 0x80,

    /* U+0476 "Ѷ" */
    0x0, 0x8, 0xc0, 0x1, 0x10, 0x7, 0xfc, 0xdd,
    0xc2, 0xc, 0xeb, 0x0, 0xff, 0x3a, 0x4, 0x7,
    0x82, 0x18, 0x7, 0xfa, 0xcd, 0x50, 0xac, 0x38,
    0x3, 0xfe, 0xc3, 0x90, 0x4b, 0x27, 0x0, 0xff,
    0xb3, 0x40, 0x9, 0xee, 0x1, 0xff, 0xcc, 0xdf,
    0xa0, 0xf, 0xf2, 0xef, 0xf9, 0x28, 0x14, 0x3,
    0xf9, 0x28, 0x88, 0x60, 0xc0, 0x5, 0x0, 0xfd,
    0x0, 0xbb, 0x88, 0x28, 0x1c, 0x1, 0xf1, 0x18,
    0x40, 0x6, 0xe0, 0x41, 0x0, 0xf5, 0x1, 0x90,
    0x6, 0x51, 0x6, 0x0, 0xf2, 0x85, 0x80, 0x79,
    0xc2, 0x80, 0x38, 0xc8, 0x14, 0x3, 0xd4, 0x4,
    0x60, 0x1a, 0xc0, 0xc8, 0x3, 0xc6, 0x41, 0x40,
    0x19, 0x42, 0xc0, 0x3f, 0x50, 0x38, 0x4, 0x44,
    0x5, 0x0, 0xfc, 0xc0, 0x2a, 0x0, 0xa0, 0x22,
    0x0, 0x7e, 0x14, 0xf, 0x0, 0x28, 0x50, 0x7,
    0xfb, 0x81, 0x44, 0x88, 0xa, 0x1, 0xfe, 0x50,
    0x3, 0xa0, 0x11, 0x0, 0x3f, 0xe6, 0xc, 0xd0,
    0x50, 0xf, 0xfe, 0x5, 0x2, 0x20, 0x28, 0x3,
    0xff, 0x80, 0x64, 0x20, 0x44, 0x0, 0xff, 0xe0,
    0xa8, 0x1, 0x40, 0x3f, 0x0,

    /* U+0477 "ѷ" */
    0xd, 0xfb, 0x5, 0xff, 0x20, 0x7, 0xb8, 0x10,
    0xd5, 0x82, 0x0, 0x3c, 0x76, 0x1e, 0x12, 0x86,
    0xc0, 0x1e, 0x4a, 0x37, 0xb, 0x49, 0x10, 0xf,
    0x2f, 0x30, 0x2, 0xf8, 0x40, 0x3e, 0x11, 0x0,
    0x42, 0x1, 0xb7, 0xe4, 0x3, 0xe2, 0xcf, 0xea,
    0x7, 0x0, 0xfb, 0x8c, 0x49, 0x80, 0x50, 0x3,
    0x90, 0xc7, 0xf0, 0x50, 0x38, 0x3, 0xb8, 0x18,
    0x40, 0x1c, 0xa, 0x1, 0xc8, 0x16, 0x1, 0x28,
    0x1, 0x40, 0x24, 0x11, 0x18, 0x6, 0x60, 0xe0,
    0xb, 0x41, 0xc0, 0x3a, 0x81, 0x4, 0x0, 0xe1,
    0xa0, 0x1c, 0x64, 0xe, 0x6, 0x22, 0x40, 0xf,
    0x50, 0x50, 0x58, 0x20, 0x7, 0xca, 0x6, 0x2a,
    0x1e, 0x1, 0xf1, 0x18, 0x31, 0x2, 0x80, 0x7e,
    0xa0, 0x90, 0x40, 0xf, 0xe6, 0x1, 0xd, 0x0,
    0xe0,

    /* U+0478 "Ѹ" */
    0x0, 0xc5, 0x19, 0xff, 0x64, 0x8, 0x7, 0xff,
    0x25, 0xf5, 0xcc, 0x2, 0x37, 0xe6, 0x0, 0xff,
    0xe3, 0xbc, 0x1, 0xd7, 0x7f, 0x51, 0x84, 0xb0,
    0x7, 0xff, 0x14, 0xa0, 0x13, 0x14, 0x40, 0x57,
    0x14, 0x24, 0x80, 0x3f, 0xf8, 0x90, 0x3, 0x40,
    0x1f, 0x58, 0x85, 0x83, 0x7f, 0x84, 0x3, 0xef,
    0xf3, 0x2, 0x83, 0x8, 0x7, 0xc2, 0xe0, 0xe0,
    0xc0, 0x7, 0x0, 0xf2, 0x80, 0x1c, 0xc0, 0x18,
    0x1, 0xfd, 0xa0, 0x24, 0xc, 0x14, 0x1, 0xee,
    0x5, 0x16, 0x0, 0x28, 0x7, 0xf3, 0x0, 0x18,
    0x2c, 0xc, 0xc0, 0x18, 0x50, 0x38, 0xc, 0x0,
    0x20, 0x1f, 0xc6, 0x0, 0x10, 0x23, 0xa, 0x0,
    0xce, 0x2, 0x80, 0x1f, 0xfc, 0x53, 0x0, 0x48,
    0x30, 0x6, 0xa0, 0x60, 0x1, 0x80, 0x4, 0x3,
    0xf8, 0xc0, 0x4, 0x0, 0x51, 0x6, 0x0, 0x11,
    0x85, 0x0, 0x18, 0x0, 0xa0, 0x1f, 0xce, 0x0,
    0x60, 0x9, 0x82, 0x80, 0xa, 0x6, 0x40, 0x3,
    0x0, 0x60, 0x7, 0xf6, 0x0, 0x90, 0x5, 0x40,
    0x64, 0x14, 0x14, 0x1, 0x94, 0x18, 0x40, 0x3f,
    0x38, 0x38, 0x6, 0x24, 0xa, 0x22, 0x3, 0x0,
    0x68, 0x1, 0xb0, 0xf, 0xa8, 0x42, 0x0, 0x3b,
    0x81, 0x68, 0x18, 0x3, 0x8a, 0x1, 0x71, 0x44,
    0x5, 0x71, 0x42, 0x44, 0x3, 0x94, 0x49, 0x42,
    0x80, 0x3c, 0xf0, 0x7, 0x5d, 0xfd, 0x46, 0x12,
    0xc0, 0x1f, 0x30, 0x11, 0xc, 0x3, 0xe7, 0xd7,
    0x30, 0x8, 0xdf, 0x98, 0x3, 0xf4, 0x80, 0x28,
    0x3, 0xf8, 0xa3, 0x3f, 0xec, 0x81, 0x0, 0xfe,
    0x20, 0x3, 0x0, 0x7f, 0xf3, 0xe4, 0x10, 0x40,
    0x3f, 0xf9, 0xc4, 0xa1, 0xe0, 0x1f, 0xfc, 0xe2,
    0xf0, 0x34, 0x0, 0xff, 0xe5, 0xaf, 0x6e, 0x88,
    0x78, 0x3, 0xff, 0x98, 0x20, 0x42, 0xbe, 0x40,
    0x1f, 0x0,

    /* U+0479 "ѹ" */
    0x0, 0x8e, 0xbb, 0xfd, 0xb0, 0x20, 0x14, 0x7e,
    0x80, 0x7c, 0x5f, 0xe4, 0x0, 0x3e, 0x28, 0x88,
    0x9, 0xfc, 0xc0, 0x14, 0x4, 0x80, 0x1e, 0xa0,
    0x14, 0x5, 0x80, 0x7e, 0xe7, 0xe1, 0x8e, 0x8,
    0x11, 0x87, 0x0, 0x79, 0x81, 0x80, 0x16, 0xd,
    0x2, 0x0, 0x3c, 0x20, 0xb0, 0x4, 0x82, 0x88,
    0x6, 0x41, 0xa, 0x4, 0x10, 0xb0, 0xf, 0x58,
    0x28, 0x1, 0x44, 0x1c, 0x3, 0x70, 0x19, 0x1,
    0x80, 0x90, 0x7, 0x90, 0x0, 0x60, 0x6, 0xa,
    0x0, 0xca, 0x12, 0x0, 0xf0, 0x30, 0xf, 0x8c,
    0x0, 0xe0, 0xa, 0x3, 0x30, 0x1, 0x40, 0xa,
    0x1, 0xff, 0xc3, 0x10, 0x1, 0x20, 0x50, 0x3,
    0x81, 0x80, 0x2f, 0x3, 0x0, 0xf8, 0xc0, 0xc,
    0x1, 0x78, 0x38, 0xa, 0x5, 0x0, 0x48, 0x2,
    0x40, 0x1e, 0x40, 0x1, 0x80, 0x48, 0x22, 0x47,
    0x2, 0x30, 0x8, 0xc8, 0x20, 0x3, 0xd6, 0xa,
    0x1, 0xd2, 0x1b, 0xa0, 0xa0, 0xe, 0x90, 0x59,
    0x10, 0x1, 0x59, 0x4, 0x0, 0x73, 0x3, 0xa0,
    0x30, 0x7, 0x24, 0x83, 0x77, 0x5a, 0x83, 0x64,
    0x1, 0xc2, 0xa2, 0x8, 0x20, 0x1e, 0x6d, 0x61,
    0x18, 0x9f, 0xd0, 0x3, 0xee, 0x0, 0x70, 0x7,
    0xe2, 0x9e, 0xff, 0x6c, 0x8, 0x7, 0xe2, 0x1,
    0x50, 0xf, 0xfe, 0x65, 0x3, 0x0, 0x7f, 0xf3,
    0x10, 0xc2, 0x80, 0x3f, 0xf9, 0x67, 0x40, 0xc4,
    0x1, 0xff, 0xc8, 0x7e, 0xe6, 0x9, 0x48, 0x7,
    0xff, 0x24, 0x47, 0x3e, 0x80, 0x7e,

    /* U+047A "Ѻ" */
    0x0, 0xfc, 0x6e, 0xa0, 0x1f, 0xfc, 0x31, 0xc8,
    0xa6, 0x0, 0xff, 0xe0, 0x3e, 0xf0, 0x5, 0x3d,
    0x24, 0x1, 0xf1, 0xf4, 0x10, 0x7, 0xb, 0x6b,
    0x0, 0x71, 0xe0, 0x8a, 0x7d, 0x40, 0xb7, 0x10,
    0x25, 0xc0, 0x36, 0x81, 0x7b, 0x5, 0x7e, 0x91,
    0xdb, 0x84, 0x18, 0x1, 0xc4, 0x3c, 0x40, 0x3f,
    0x41, 0x87, 0x80, 0x28, 0x14, 0x80, 0x3f, 0xd2,
    0x6, 0x45, 0x7, 0x80, 0x7f, 0xca, 0x0, 0x56,
    0x0, 0x38, 0x7, 0xff, 0x0, 0x83, 0x48, 0x0,
    0x40, 0x1f, 0xfc, 0x6, 0x1, 0x0, 0xff, 0xe3,
    0x39, 0x80, 0x4, 0x3, 0xff, 0x80, 0xe0, 0xec,
    0x0, 0x20, 0xf, 0xfe, 0x1, 0x1, 0x98, 0x1,
    0x60, 0x1f, 0xf1, 0x8, 0x68, 0x28, 0x30, 0x7,
    0xfd, 0x60, 0x5, 0x9, 0x1, 0x80, 0xf, 0xe3,
    0x60, 0x70, 0x1, 0xb8, 0x3c, 0x0, 0xd, 0xd4,
    0x0, 0x98, 0x5, 0x0, 0x14, 0x28, 0x3f, 0x4e,
    0x45, 0x53, 0x2c, 0xb, 0x0, 0x3a, 0xa4, 0x44,
    0xc0, 0x12, 0x98, 0x3e, 0x88, 0x7, 0x9b, 0xad,
    0xc0, 0x23, 0x9e, 0x80, 0xf, 0xf2, 0x42, 0x81,
    0x73, 0x8, 0x7, 0x0,

    /* U+047B "ѻ" */
    0x0, 0xff, 0xe4, 0xdf, 0xe8, 0x7, 0xf0, 0xbe,
    0x20, 0x16, 0xc0, 0x80, 0x72, 0x74, 0x18, 0x4,
    0x4f, 0xca, 0x1, 0x25, 0x82, 0xea, 0x1, 0xeb,
    0x5, 0x28, 0x2, 0x41, 0x68, 0xaf, 0xf0, 0xa5,
    0x82, 0xc0, 0xc8, 0x20, 0x3, 0xe8, 0x1, 0x54,
    0x1, 0x20, 0xf, 0x84, 0xc3, 0x3c, 0xc, 0x3,
    0xf9, 0x80, 0xc0, 0x3f, 0xf8, 0x7c, 0x4, 0x1,
    0xfc, 0xc0, 0x68, 0x0, 0x30, 0xf, 0x84, 0xc3,
    0x8, 0xc3, 0xc0, 0x3e, 0xb0, 0x15, 0xe, 0x3,
    0xc4, 0xbf, 0xe4, 0xb5, 0xa, 0x0, 0x16, 0x11,
    0xda, 0x0, 0xda, 0x5, 0x20, 0x4, 0x7b, 0x28,
    0x1, 0x1c, 0x72, 0x80, 0x79, 0xad, 0x40, 0xf1,
    0xc4, 0x2,

    /* U+047C "Ѽ" */
    0x0, 0xfc, 0x2f, 0x52, 0x80, 0x1f, 0xfc, 0x8d,
    0x85, 0x6b, 0xd8, 0x30, 0xf, 0xfe, 0x21, 0x1a,
    0x7e, 0xc0, 0x3e, 0x79, 0x80, 0x7f, 0xf0, 0xda,
    0x6, 0x37, 0x31, 0xe, 0x40, 0x1f, 0xfc, 0x22,
    0x93, 0x25, 0x53, 0x1b, 0xc0, 0x80, 0x7f, 0xf1,
    0x4e, 0xc3, 0xc0, 0x3f, 0xf9, 0x44, 0x14, 0x1,
    0xff, 0xc9, 0x8b, 0xc2, 0x0, 0xff, 0xe4, 0xce,
    0x98, 0x7, 0xff, 0x11, 0x73, 0xfd, 0xd2, 0x60,
    0x12, 0x5f, 0x7f, 0x51, 0x80, 0x7d, 0x74, 0x60,
    0x1, 0x6e, 0x0, 0x15, 0xa0, 0x80, 0xae, 0x38,
    0x7, 0x52, 0x4, 0x77, 0xf4, 0x40, 0x0, 0x51,
    0x5f, 0xed, 0x50, 0x85, 0x0, 0x91, 0x42, 0x9c,
    0x40, 0x5d, 0x0, 0x27, 0x50, 0x1, 0x52, 0x85,
    0x80, 0x5e, 0x6, 0xa0, 0x1f, 0xfc, 0x3b, 0x1,
    0x60, 0x2, 0x5, 0x0, 0x7f, 0xf1, 0x5, 0x3,
    0x40, 0xc0, 0x8, 0x1, 0xff, 0xc5, 0xc0, 0x50,
    0x60, 0x1, 0x0, 0x7f, 0xf1, 0x48, 0x4, 0xc,
    0x3, 0xff, 0x90, 0x20, 0x1, 0x0, 0xff, 0x91,
    0x4, 0x1, 0xff, 0x18, 0x0, 0x40, 0x3e, 0x9b,
    0x50, 0xf, 0x88, 0x0, 0x2e, 0x0, 0x50, 0xf,
    0xfe, 0x2f, 0x1, 0x1, 0x0, 0x30, 0x3, 0xff,
    0x8a, 0xa0, 0xe0, 0x5, 0x6, 0x10, 0xf, 0xfe,
    0x1a, 0x10, 0x78, 0x2, 0x40, 0x68, 0x3, 0xff,
    0x84, 0x54, 0x4, 0xa0, 0x3, 0x70, 0x4c, 0x51,
    0x12, 0x59, 0x4, 0x40, 0x84, 0x9f, 0x4, 0x38,
    0x3, 0x43, 0x1, 0xd7, 0x72, 0xd0, 0x54, 0x1f,
    0x7b, 0x60, 0x42, 0x8c, 0x3, 0xa6, 0xd4, 0x40,
    0x4, 0xff, 0x58, 0xa2, 0x0, 0x27, 0xe5, 0x0,
    0x80,

    /* U+047D "ѽ" */
    0x0, 0xf0, 0xd7, 0xfb, 0x20, 0x80, 0x3f, 0xf8,
    0x50, 0xa6, 0xa4, 0xfb, 0xab, 0x60, 0xf, 0xf9,
    0x7, 0x2e, 0xad, 0xc5, 0x30, 0x3, 0xfe, 0xde,
    0xd, 0xb8, 0x86, 0x7d, 0x0, 0x7f, 0xf0, 0xa4,
    0x4c, 0x3, 0xff, 0x8c, 0xaa, 0x30, 0xf, 0xfe,
    0x36, 0x37, 0x0, 0x7f, 0xf1, 0xa3, 0x48, 0x3,
    0xff, 0x8c, 0x80, 0x1f, 0xfc, 0x26, 0xcf, 0xf6,
    0xb8, 0x4, 0x75, 0xdf, 0xd2, 0x40, 0x1a, 0xa4,
    0xc0, 0x4b, 0x0, 0x32, 0x88, 0xcd, 0xa6, 0x0,
    0x65, 0xa, 0xfe, 0xc9, 0x0, 0x8e, 0xff, 0xb8,
    0x61, 0xa0, 0x8, 0x7, 0x50, 0x1, 0x90, 0x6,
    0x40, 0x0, 0xe8, 0xb, 0x18, 0x85, 0x0, 0x7f,
    0xf0, 0x45, 0x43, 0x54, 0x0, 0x40, 0x1f, 0xfc,
    0x2d, 0x5, 0x10, 0x10, 0xf, 0x88, 0x40, 0x3c,
    0x20, 0x20, 0x1f, 0xcd, 0xbe, 0x1, 0xfc, 0x20,
    0x20, 0x1f, 0xfc, 0x31, 0x1, 0x50, 0x1, 0x80,
    0x7f, 0xf0, 0xb0, 0x14, 0xc4, 0x20, 0x3, 0xff,
    0x82, 0x68, 0x1a, 0x10, 0x9, 0x42, 0x0, 0x69,
    0x1, 0xb2, 0x0, 0x26, 0x81, 0x30, 0x33, 0x1,
    0x7b, 0x9f, 0x21, 0x26, 0x9b, 0xdf, 0x62, 0x2f,
    0x0, 0xa6, 0xd0, 0x46, 0x5c, 0x6c, 0x82, 0x10,
    0x27, 0xf2, 0x0,

    /* U+047E "Ѿ" */
    0x0, 0xff, 0xe9, 0xf, 0xff, 0xf9, 0x0, 0x3f,
    0xf8, 0x2, 0x87, 0x98, 0x43, 0xcc, 0x29, 0x20,
    0x7, 0xff, 0x7, 0xe4, 0xcd, 0x12, 0x66, 0x9b,
    0x0, 0xff, 0xe1, 0x22, 0x80, 0xd, 0x40, 0x6,
    0xc0, 0x1f, 0xfd, 0x35, 0xff, 0x8, 0x7, 0xa7,
    0xf4, 0x3, 0xe3, 0xff, 0x1b, 0x0, 0x8, 0x3,
    0xc2, 0x6, 0x1, 0xff, 0x8, 0x1, 0xc0, 0x3d,
    0xc0, 0x20, 0x1f, 0x38, 0x0, 0x88, 0x0, 0x30,
    0xf, 0x10, 0x0, 0x80, 0x3c, 0x20, 0x1, 0x2,
    0xe, 0x0, 0xf2, 0x80, 0x1c, 0x3, 0xc4, 0x2,
    0x0, 0x70, 0x40, 0xf, 0xec, 0x0, 0xf7, 0x1,
    0x0, 0x30, 0x8, 0x3, 0xd2, 0x0, 0x40, 0xf,
    0x28, 0x28, 0x1, 0x0, 0x8, 0x1, 0xcc, 0x0,
    0x21, 0x0, 0xe3, 0xf, 0x0, 0x10, 0x86, 0x80,
    0x64, 0x11, 0x0, 0x10, 0x3, 0x10, 0x1, 0x40,
    0x27, 0x4, 0x0, 0xdc, 0xc, 0x61, 0xe0, 0x19,
    0x0, 0x4c, 0x2, 0xd0, 0x22, 0x0, 0x5, 0x42,
    0xa8, 0xa, 0x1, 0xb4, 0x10, 0x3, 0x20, 0x85,
    0x0, 0x1c, 0xc, 0x9c, 0x0, 0xc0, 0x12, 0x7,
    0x80, 0x73, 0x3, 0x0, 0x28, 0x28, 0x5, 0x42,
    0x80, 0xa, 0x0, 0x50, 0xe, 0x90, 0x14, 0x23,
    0x7, 0x0, 0x48, 0x19, 0x83, 0x81, 0x80, 0x3c,
    0x2a, 0x1e, 0x80, 0xa2, 0x0, 0x34, 0x9, 0x34,
    0xb, 0x0, 0xfa, 0x1, 0x2c, 0x3c, 0x3, 0x78,
    0x2f, 0x82, 0x90, 0x7, 0xc4, 0xa0, 0x42, 0xa0,
    0x19, 0x10, 0x6, 0x10, 0x1, 0xfd, 0x0, 0x7,
    0x0, 0xf4, 0x80, 0x1c, 0x80, 0x30,

    /* U+047F "ѿ" */
    0x0, 0xc3, 0xff, 0xfe, 0x30, 0xf, 0xc2, 0xa7,
    0x76, 0x43, 0xbb, 0x21, 0x98, 0x3, 0xfa, 0xf9,
    0x11, 0x5c, 0x88, 0xae, 0x0, 0xff, 0x9, 0x0,
    0x4, 0x80, 0x2, 0x40, 0x1d, 0x1f, 0x80, 0x1c,
    0x9f, 0xe0, 0xf, 0x37, 0xef, 0x0, 0x80, 0x73,
    0x80, 0x4, 0x3, 0x84, 0x4, 0x80, 0x80, 0x38,
    0x80, 0x4, 0x1, 0xdc, 0xc, 0xc0, 0x1, 0x0,
    0x61, 0x0, 0x30, 0x7, 0x28, 0x11, 0x4, 0x1c,
    0x3, 0x8c, 0x34, 0x3, 0x8c, 0x34, 0x10, 0x30,
    0x3, 0x9c, 0x10, 0x3, 0x18, 0x1, 0x3, 0x1,
    0x0, 0x31, 0xa0, 0x18, 0x6, 0x40, 0x31, 0x7,
    0x2, 0x20, 0x5, 0x0, 0x12, 0x80, 0x56, 0x16,
    0x0, 0x14, 0xa, 0x0, 0x1a, 0x1b, 0x87, 0x80,
    0x8, 0xc1, 0x80, 0x2f, 0x6, 0x0, 0x48, 0x45,
    0x2, 0x80, 0x2c, 0x14, 0x40, 0x24, 0x21, 0x52,
    0x53, 0x42, 0x30, 0x61, 0x60, 0x90, 0xe, 0xb0,
    0x88, 0x4, 0x80, 0x20, 0x2a, 0x1, 0x4c, 0x3,
    0x98, 0x88, 0xa4, 0xa0, 0x4, 0x33, 0x30, 0x40,
    0x7, 0xd2, 0x0, 0x80, 0xd, 0x0, 0x8, 0x20,
    0x8,

    /* U+0480 "Ҁ" */
    0x0, 0xe3, 0x9c, 0xef, 0xf7, 0x5b, 0x90, 0x4,
    0x37, 0x8c, 0x62, 0x0, 0x14, 0x89, 0x0, 0x17,
    0xa0, 0x25, 0x6f, 0x73, 0x20, 0xfc, 0x1, 0xc2,
    0x15, 0x6a, 0x42, 0x23, 0x7c, 0x40, 0x63, 0xa,
    0x50, 0xf, 0xf5, 0x81, 0xa8, 0x7, 0xf8, 0x88,
    0x14, 0x1, 0xff, 0x38, 0x1, 0x0, 0x3f, 0xe3,
    0x0, 0x18, 0x7, 0xff, 0x38, 0xc0, 0x6, 0x1,
    0xff, 0x30, 0x1, 0xc0, 0x3f, 0xe3, 0x0, 0x78,
    0x7, 0xff, 0x1, 0x81, 0x4c, 0x3, 0xfe, 0xb0,
    0x6, 0x90, 0x7, 0xf8, 0xa8, 0x7, 0x65, 0x8,
    0x44, 0x60, 0x1c, 0xb6, 0x40, 0xd7, 0xbd, 0xcd,
    0x0, 0xf2, 0x6d, 0x29, 0x0, 0x7f, 0xf0, 0x16,
    0xb7, 0xe0, 0x3, 0xff, 0xfe, 0x1, 0xc0,

    /* U+0481 "ҁ" */
    0x0, 0x8a, 0x77, 0xfd, 0xd6, 0xc0, 0x7, 0xd6,
    0x20, 0x0, 0xa6, 0x2, 0xc0, 0x2e, 0x7f, 0xb6,
    0x64, 0x16, 0xb, 0x46, 0x0, 0x26, 0x34, 0x10,
    0x80, 0xf, 0x8c, 0x4, 0x80, 0x3e, 0xf0, 0x30,
    0xf, 0xfe, 0x3f, 0x81, 0x80, 0x7e, 0x30, 0x12,
    0x0, 0xf9, 0x0, 0x16, 0x1, 0xfa, 0x1, 0xa4,
    0x80, 0x2, 0x40, 0x7, 0x60, 0x6d, 0xff, 0x75,
    0x0, 0x53, 0x8a, 0x40, 0x1f, 0x8e, 0xb7, 0xcc,
    0x3, 0xff, 0xdc,

    /* U+0482 "҂" */
    0x0, 0xff, 0xe6, 0x5c, 0x80, 0x7f, 0xca, 0x84,
    0x1, 0xec, 0xb2, 0x0, 0x40, 0x48, 0x7, 0x99,
    0x36, 0x60, 0x9c, 0x80, 0x3d, 0x56, 0x4c, 0xe1,
    0x20, 0x1f, 0x93, 0x4c, 0x1, 0x88, 0x1, 0xf9,
    0xc, 0xce, 0x57, 0x62, 0x2, 0x0, 0xd2, 0x1f,
    0x1c, 0xa8, 0x69, 0xb2, 0x20, 0xc4, 0xa6, 0x3,
    0x5c, 0x2e, 0x6d, 0xef, 0x1, 0x60, 0x18, 0x40,
    0xf2, 0x82, 0x5, 0x44, 0x3, 0xf2, 0xd0, 0x1,
    0x6c, 0x80, 0x3f, 0x40, 0x4a, 0xa6, 0xc8, 0x7,
    0x94, 0xd1, 0xab, 0xc, 0x3, 0xeb, 0x9, 0x0,
    0x1e, 0x48, 0x7, 0xa, 0x39, 0x0, 0x7f, 0x86,
    0xa0, 0x3, 0xfc,

    /* U+0483 "҃" */
    0x0, 0xf8, 0x4c, 0x0, 0x23, 0xec, 0xc3, 0x67,
    0x77, 0x88, 0x0, 0x40, 0xf7, 0x7d, 0x8d, 0xb3,
    0x8, 0x9c, 0x60,

    /* U+0484 "҄" */
    0x0, 0x92, 0x77, 0xfa, 0x2, 0x73, 0xed, 0x81,
    0x41, 0xd5, 0x8, 0xe3, 0x75, 0x58, 0x18,

    /* U+0485 "҅" */
    0x7f, 0xb0, 0x90, 0x20, 0x53, 0x90, 0x90, 0xc1,
    0x2c, 0x80,

    /* U+0486 "҆" */
    0x7f, 0xb0, 0x20, 0x42, 0x57, 0x12, 0x96, 0xa0,
    0xde, 0x40,

    /* U+0487 "҇" */
    0xa, 0xff, 0x63, 0x90, 0x5, 0xa, 0x48, 0x51,
    0xba, 0xa6, 0x40, 0xdb, 0xec, 0x71, 0x5c,

    /* U+0488 "҈" */
    0x0, 0xff, 0xe0, 0x1e, 0x7f, 0x48, 0x7, 0xff,
    0x37, 0x41, 0x91, 0xa4, 0x3, 0xff, 0x96, 0x81,
    0x93, 0x56, 0xc0, 0x1f, 0xfc, 0xb4, 0xe0, 0x9,
    0x3c, 0x3, 0xff, 0x88, 0x91, 0x5, 0x0, 0xff,
    0xe0, 0x8b, 0x4c, 0x10, 0x7, 0xcf, 0x6e, 0xea,
    0x90, 0xf, 0xfe, 0x6, 0x4b, 0x3e, 0x98, 0x7,
    0xa6, 0x5f, 0xea, 0x62, 0x0, 0xff, 0x31, 0xef,
    0xf2, 0x40, 0x7, 0xa1, 0x80, 0xb, 0x46, 0x1,
    0xfe, 0x5a, 0x20, 0x19, 0xe0, 0xf, 0x30, 0x6,
    0x51, 0x0, 0xff, 0x1a, 0x0, 0x44, 0xa0, 0x1f,
    0xff, 0xf0, 0xf, 0xfe, 0x3c, 0x77, 0xea, 0x80,
    0x7f, 0xf1, 0x9b, 0x7f, 0x9c, 0x1d, 0xca, 0xa1,
    0xa3, 0x0, 0xff, 0xe2, 0x24, 0xb2, 0xaa, 0x1b,
    0xa6, 0xeb, 0x19, 0x0, 0x3f, 0xf8, 0x86, 0xf7,
    0x57, 0x1f, 0x2c, 0x1, 0x4b, 0x80, 0x7f, 0xf1,
    0x1e, 0x0, 0x27, 0x90, 0xf, 0xff, 0xf8, 0x7,
    0xff, 0x18, 0x6b, 0xfd, 0x64, 0x1, 0xff, 0xc0,
    0x5d, 0xfe, 0x70, 0xf, 0xa9, 0x19, 0x55, 0xe0,
    0x1f, 0xf1, 0x53, 0x31, 0x61, 0x80, 0x3c, 0x99,
    0x35, 0xe4, 0x60, 0x1f, 0xe5, 0x3b, 0x9b, 0x8a,
    0x0, 0xf7, 0x90, 0x0, 0x7c, 0xc0, 0x3f, 0xcf,
    0x80, 0x13, 0xe0, 0x7, 0xff, 0x11, 0xa6, 0xc,
    0x3, 0xff, 0x9b, 0x72, 0xcf, 0x8a, 0x1, 0xff,
    0xcb, 0x24, 0xcf, 0xe6, 0x80, 0xf, 0xfe, 0x64,
    0x98, 0xc, 0x28, 0x7, 0xff, 0x0,

    /* U+0489 "҉" */
    0x0, 0xff, 0xe1, 0x99, 0x0, 0x7f, 0xf3, 0xcb,
    0x28, 0x3, 0xff, 0x9f, 0x41, 0x80, 0x1f, 0xfc,
    0xf6, 0x5, 0x0, 0xff, 0xe3, 0x32, 0x80, 0x79,
    0x4, 0x84, 0x3, 0xff, 0x8d, 0x56, 0x20, 0x1d,
    0x80, 0xc0, 0x1f, 0x99, 0x80, 0x1f, 0xd4, 0x36,
    0x1, 0xd1, 0xf6, 0x1, 0xc3, 0x1d, 0x36, 0x20,
    0x1f, 0x98, 0x55, 0x40, 0x1f, 0xf3, 0x73, 0x8c,
    0x68, 0x80, 0x7f, 0x48, 0x40, 0x7, 0xfc, 0x82,
    0x7a, 0xe0, 0x1f, 0xf3, 0x9f, 0x80, 0x7f, 0xc5,
    0xf8, 0x40, 0x1f, 0xfc, 0x1c, 0x20, 0xf, 0xfe,
    0x0, 0x80, 0x7f, 0xfe, 0xe, 0x58, 0x80, 0x3f,
    0xf9, 0x16, 0xc2, 0x1, 0x9a, 0x77, 0xf4, 0x3,
    0xff, 0x8a, 0x29, 0x3d, 0x68, 0x7, 0xf2, 0x60,
    0x42, 0x1, 0xff, 0xc4, 0x16, 0x41, 0x4b, 0x40,
    0x3, 0x66, 0xc8, 0x80, 0x7f, 0xf1, 0x66, 0xfb,
    0x94, 0xc0, 0x18, 0x98, 0x3, 0xff, 0x92, 0x2a,
    0x40, 0x1f, 0xff, 0xf0, 0xf, 0x94, 0x3, 0xff,
    0x84, 0xd4, 0x1, 0xff, 0xc0, 0xaa, 0x18, 0x7,
    0xfc, 0x59, 0x2b, 0x0, 0x1f, 0xfc, 0x18, 0x0,
    0xff, 0x3e, 0x99, 0x4c, 0x0, 0x62, 0x42, 0x0,
    0xd6, 0x28, 0x60, 0x1f, 0xd6, 0x75, 0xac, 0x1,
    0xd3, 0x74, 0x1, 0x86, 0x82, 0x80, 0x3f, 0xb3,
    0xa, 0x1, 0xf2, 0x85, 0x80, 0x72, 0x29, 0x0,
    0x7f, 0xf1, 0x84, 0x44, 0x60, 0x1e, 0xbb, 0x0,
    0x7f, 0xf1, 0x90, 0x28, 0x3, 0xe1, 0x0, 0xff,
    0xe3, 0xe8, 0x30, 0x7, 0xff, 0x8,

    /* U+048A "Ҋ" */
    0x0, 0x9a, 0x8, 0x3, 0x14, 0x30, 0x7, 0xef,
    0x7b, 0x0, 0xd0, 0xf8, 0x1, 0xfa, 0x81, 0xb2,
    0x65, 0xaa, 0x12, 0x1, 0xf8, 0xf1, 0x9, 0x98,
    0x6b, 0x86, 0x1, 0xfc, 0x77, 0xdf, 0xee, 0xa3,
    0x0, 0xff, 0xe6, 0x3f, 0xd8, 0x7, 0xf3, 0xff,
    0x98, 0x3, 0xff, 0x82, 0x70, 0x1, 0xff, 0xc4,
    0xe0, 0xf, 0xfe, 0x24, 0x10, 0x28, 0x7, 0xff,
    0x4, 0xdc, 0x24, 0xc0, 0x3f, 0xf8, 0x3a, 0x8,
    0xc6, 0x1, 0xff, 0xc0, 0x91, 0x15, 0x0, 0x80,
    0x7f, 0xc8, 0xc1, 0x62, 0x1, 0xff, 0xc0, 0x1a,
    0x5, 0x50, 0x7, 0xff, 0x6, 0xc4, 0x56, 0x1,
    0xff, 0xc1, 0x55, 0x5, 0x8, 0x7, 0xf8, 0x40,
    0x6c, 0x19, 0x0, 0x3f, 0xf8, 0x34, 0x25, 0x20,
    0x1f, 0xfc, 0x3, 0x64, 0xe, 0x0, 0xff, 0xe0,
    0x9c, 0x83, 0x98, 0x7, 0xff, 0x5, 0x40, 0xa0,
    0x3, 0xff, 0x89, 0xe0, 0x1f, 0xe9, 0xfd, 0x0,
    0xa0, 0x80, 0x3f, 0xf8, 0xa, 0xff, 0xe7, 0x0,
    0xfe, 0xbf, 0x30, 0xc0, 0xf, 0xfe, 0x11, 0x98,
    0x10, 0x3, 0xff, 0x85, 0x40, 0x80, 0x1f, 0xfc,
    0x21, 0x60, 0xc0, 0xf, 0xfe, 0x12, 0x11, 0x14,
    0x0,

    /* U+048B "ҋ" */
    0x1, 0x87, 0x0, 0xe5, 0x83, 0x0, 0xc2, 0xf0,
    0x20, 0x1a, 0xdd, 0xc0, 0x1c, 0x81, 0x64, 0x3,
    0x22, 0x24, 0x0, 0xe9, 0x25, 0xdf, 0xe6, 0x1d,
    0x0, 0xf1, 0x6d, 0x3b, 0xd5, 0xc6, 0x1, 0xf9,
    0x62, 0x25, 0x0, 0xf6, 0x7b, 0x0, 0x7a, 0xbf,
    0xce, 0x1, 0xfe, 0x45, 0x0, 0xff, 0xe0, 0xd0,
    0x10, 0x7, 0xfd, 0x22, 0xa8, 0x1, 0xfe, 0x36,
    0xb, 0x30, 0xf, 0xf7, 0x4, 0x88, 0x7, 0xf9,
    0xc8, 0xd8, 0x3, 0xfc, 0x50, 0x1c, 0x1, 0xfc,
    0x61, 0xc0, 0xe4, 0x1, 0xfe, 0x63, 0x28, 0x0,
    0xff, 0x1c, 0x87, 0x0, 0x7f, 0xd0, 0xc, 0x60,
    0x1f, 0xf0, 0x8a, 0x0, 0x3e, 0x8f, 0xc0, 0xa,
    0xc4, 0x3, 0xf9, 0x33, 0xfc, 0xa0, 0x1e, 0xaf,
    0x40, 0xc0, 0xf, 0xfe, 0x2, 0x2, 0x0, 0x7f,
    0xcc, 0x6, 0x1, 0xff, 0xc0, 0xd0, 0x40, 0xf,
    0xfe, 0x1, 0x2d, 0x80,

    /* U+048C "Ҍ" */
    0x0, 0x3f, 0xe8, 0x7, 0xff, 0x35, 0xbe, 0x0,
    0xbf, 0xf1, 0x0, 0x7f, 0xf2, 0x1b, 0xe0, 0xb,
    0xff, 0x10, 0x7, 0xff, 0x6c, 0xbf, 0xf6, 0xd2,
    0x80, 0x7f, 0xf0, 0x9, 0x6b, 0x8, 0x3, 0x8b,
    0xfe, 0xec, 0x70, 0x3f, 0x0, 0xfe, 0x13, 0x8a,
    0x2, 0x50, 0xf, 0xf9, 0x44, 0x30, 0x3, 0xff,
    0x80, 0x40, 0x60, 0x1f, 0xfc, 0x2, 0x3, 0x0,
    0xff, 0x94, 0x43, 0x0, 0x3f, 0x8a, 0x28, 0x9,
    0x40, 0x31, 0x7f, 0xed, 0x70, 0x2c, 0x0, 0xff,
    0xa, 0x4e, 0x88, 0x0,

    /* U+048D "ҍ" */
    0x0, 0x34, 0x20, 0x7, 0xff, 0x2, 0x9f, 0x0,
    0x3f, 0xf9, 0xb1, 0x66, 0xb, 0x77, 0x18, 0x7,
    0x91, 0x0, 0x2, 0x44, 0x98, 0x3, 0xd9, 0xe6,
    0xf, 0xff, 0x28, 0x7, 0xff, 0xfc, 0x3, 0xff,
    0x9a, 0xff, 0xfd, 0xb2, 0x40, 0x1f, 0x8, 0xe0,
    0x26, 0xd4, 0x0, 0xe7, 0xee, 0xdf, 0x86, 0x12,
    0x1, 0xff, 0x1c, 0x1, 0x0, 0x7f, 0xf3, 0x8e,
    0x41, 0x0, 0x39, 0xb7, 0x77, 0x61, 0xc, 0x80,
    0x70, 0x91, 0x61, 0x37, 0xf2, 0x0,

    /* U+048E "Ҏ" */
    0x7f, 0xff, 0x75, 0xb0, 0x7, 0xf8, 0x52, 0x74,
    0x80, 0x22, 0xff, 0xd8, 0xe0, 0x5e, 0x1, 0xf8,
    0xe2, 0x40, 0x94, 0x3, 0xf9, 0x84, 0x34, 0x3,
    0xfc, 0x60, 0x20, 0x1e, 0x63, 0x0, 0x10, 0x70,
    0x7, 0x1c, 0xe8, 0xb8, 0x1, 0x40, 0x38, 0xdc,
    0x7e, 0x1, 0x88, 0x0, 0x5f, 0xf3, 0x80, 0x83,
    0x48, 0x7, 0xe3, 0x10, 0xa0, 0xc, 0x5f, 0xfb,
    0x28, 0x38, 0x40, 0x3f, 0x92, 0x10, 0x40, 0x3f,
    0xcf, 0x20, 0x1f, 0xfe, 0xa0,

    /* U+048F "ҏ" */
    0xcf, 0x20, 0x8d, 0xff, 0x63, 0x0, 0x72, 0x6b,
    0x90, 0x81, 0xcd, 0x80, 0x69, 0xb, 0xfe, 0xf8,
    0x4, 0x80, 0xd, 0xe8, 0x1, 0x3b, 0x81, 0xc0,
    0x23, 0x20, 0xe, 0x90, 0x2, 0x0, 0x14, 0x3,
    0xc2, 0x20, 0x30, 0x0, 0x80, 0x7c, 0x61, 0xe0,
    0x1f, 0xfc, 0x31, 0x0, 0xf8, 0xc3, 0xc0, 0xa,
    0x1, 0x25, 0x1, 0x8, 0x18, 0x0, 0xcc, 0x0,
    0xe5, 0x9b, 0x1, 0x40, 0xb, 0x50, 0x28, 0x99,
    0x81, 0x20, 0x13, 0x85, 0xff, 0x10, 0x1, 0x5c,
    0x2, 0xff, 0x39, 0x8, 0x10, 0x30, 0x6, 0xf1,
    0x8d, 0xff, 0x6a, 0x9b, 0x80, 0x7f, 0xa9, 0x58,
    0x3, 0xfe, 0xa1, 0x0, 0xff, 0xee, 0x0,

    /* U+0490 "Ґ" */
    0x0, 0xfe, 0xff, 0x18, 0x7, 0xff, 0x61, 0xff,
    0xff, 0x0, 0x7f, 0xf1, 0x4b, 0xff, 0xf1, 0x80,
    0x7f, 0xff, 0xc0, 0x3f, 0xff, 0xe0, 0x1f, 0xfd,
    0x20,

    /* U+0491 "ґ" */
    0x0, 0xf1, 0xc3, 0x0, 0x79, 0x1e, 0x80, 0x3f,
    0xf8, 0xd9, 0xff, 0xd0, 0x1, 0x89, 0x13, 0x94,
    0x0, 0xb7, 0x7d, 0x20, 0x1f, 0xff, 0xf0, 0xf,
    0xfe, 0x60,

    /* U+0492 "Ғ" */
    0x0, 0x3f, 0xff, 0xf8, 0xc0, 0x3f, 0xf8, 0xc5,
    0xff, 0xf8, 0xc0, 0x3f, 0xff, 0x4d, 0xf0, 0x5,
    0xff, 0xc6, 0x1, 0xff, 0xc5, 0x6f, 0x80, 0x2f,
    0xfe, 0x30, 0xf, 0xff, 0xf8, 0x7, 0xff, 0x38,

    /* U+0493 "ғ" */
    0x0, 0x6f, 0xff, 0xd6, 0x1, 0xc2, 0x3e, 0x0,
    0xd1, 0xdd, 0xd4, 0x1, 0xff, 0xd5, 0x9c, 0x20,
    0xac, 0xca, 0x80, 0xa, 0x60, 0x2, 0x33, 0x9c,
    0x1, 0x9e, 0x41, 0x1f, 0xf6, 0x80, 0x7f, 0xfb,
    0x40,

    /* U+0494 "Ҕ" */
    0x7f, 0xff, 0xf2, 0x80, 0x7f, 0xf1, 0x8b, 0xff,
    0xf2, 0x80, 0x7f, 0xff, 0x8b, 0xbf, 0xee, 0xb5,
    0x0, 0xf8, 0x40, 0x21, 0x4a, 0xd3, 0x0, 0xc3,
    0xdf, 0xee, 0xb5, 0x2, 0xc3, 0x0, 0x8c, 0x40,
    0x2, 0x95, 0x82, 0x1a, 0x1, 0xfe, 0x3b, 0x1,
    0x60, 0xf, 0xf2, 0x90, 0x68, 0x7, 0xfc, 0x80,
    0xa0, 0x1f, 0xf7, 0x0, 0x80, 0x7f, 0xf3, 0x7c,
    0x5, 0xff, 0x40, 0x3f, 0x18, 0x28, 0x7, 0xf8,
    0x50, 0x30, 0x3, 0xfd, 0x40, 0x6, 0x0, 0x91,
    0x48, 0x5, 0x71, 0x2, 0x4, 0x2, 0xca, 0xdf,
    0xea, 0x30, 0x77, 0x0, 0x6c, 0x41, 0x0, 0x12,
    0xe4, 0x0, 0x0,

    /* U+0495 "ҕ" */
    0xcf, 0xff, 0xb8, 0x3, 0xc2, 0x3c, 0x40, 0x1c,
    0xfd, 0xdd, 0x80, 0x1f, 0xfd, 0xd7, 0xff, 0x76,
    0x38, 0x7, 0xf0, 0x9c, 0x71, 0x80, 0x67, 0xff,
    0x74, 0x88, 0xb4, 0x40, 0x3c, 0x2d, 0xa0, 0x2c,
    0x1, 0xf8, 0xd4, 0x28, 0x3, 0xfb, 0x0, 0x80,
    0x3f, 0x88, 0x0, 0x20, 0x1f, 0xfc, 0xc, 0xf8,
    0x0, 0xe1, 0x0, 0x8, 0x7, 0xed, 0x2, 0x0,
    0xfe, 0x60, 0x40, 0x9, 0x4c, 0x0, 0x56, 0x21,
    0x60, 0x17, 0xe7, 0xfb, 0x50, 0x28, 0x80, 0x2e,
    0x41, 0x1, 0x5c, 0x50, 0x0,

    /* U+0496 "Җ" */
    0x5f, 0xf2, 0x0, 0x7b, 0xfc, 0x60, 0x1c, 0x5f,
    0xe8, 0x0, 0x2c, 0x5, 0x90, 0x7, 0xff, 0x0,
    0x7c, 0x16, 0x0, 0x27, 0x50, 0xf1, 0x0, 0xff,
    0xa8, 0x8e, 0x80, 0x3a, 0x8c, 0xa8, 0x3, 0xfd,
    0x8, 0x3a, 0x1, 0xf6, 0x8a, 0x40, 0x7, 0xe5,
    0x70, 0xd1, 0x0, 0xf8, 0x74, 0x1d, 0x40, 0x3c,
    0x74, 0x14, 0x60, 0x1f, 0xc7, 0x41, 0x46, 0x1,
    0x87, 0x41, 0xd4, 0x3, 0xfe, 0x57, 0xd, 0x10,
    0xb, 0x45, 0x20, 0x3, 0xff, 0x83, 0x6, 0x3a,
    0x0, 0xf3, 0x1b, 0x0, 0xff, 0xe1, 0x11, 0x85,
    0x80, 0x10, 0x5, 0x40, 0x3f, 0xf8, 0x23, 0xe0,
    0xae, 0x0, 0xb8, 0xa, 0x30, 0xf, 0xfe, 0x5,
    0x11, 0x28, 0x3, 0x3a, 0x86, 0x88, 0x7, 0xfa,
    0x10, 0x3c, 0x3, 0xd4, 0x43, 0xa0, 0x1f, 0xca,
    0xe1, 0x64, 0x1, 0xf7, 0x81, 0xc8, 0x7, 0xc7,
    0x41, 0x8, 0x1, 0xf8, 0xa8, 0x19, 0x80, 0x1c,
    0x3a, 0x8, 0xe0, 0x1f, 0xe5, 0x70, 0x93, 0x0,
    0xd4, 0x25, 0x60, 0x1f, 0xfc, 0x8, 0x40, 0xcf,
    0xf0, 0x4a, 0x7, 0x80, 0x7f, 0xf0, 0xa8, 0x80,
    0x34, 0xff, 0x88, 0x3, 0xdf, 0xe3, 0x0, 0xe1,
    0xdc, 0x0, 0xff, 0xff, 0x80, 0x7f, 0xf3, 0x0,

    /* U+0497 "җ" */
    0x2e, 0xf6, 0x0, 0xcb, 0xf8, 0x1, 0x87, 0xbe,
    0x0, 0x5, 0xa1, 0x28, 0x1, 0xfe, 0xd1, 0x58,
    0x0, 0x8e, 0x42, 0xc8, 0x3, 0xf4, 0x99, 0xa8,
    0x3, 0x99, 0xc3, 0xc4, 0x3, 0xce, 0xc3, 0xa0,
    0x1f, 0x42, 0x95, 0x0, 0x72, 0x40, 0x60, 0x80,
    0x7e, 0xa3, 0x49, 0x0, 0x8a, 0xc2, 0xc8, 0x3,
    0xfd, 0xa2, 0xdc, 0x3, 0xe1, 0x8, 0x1, 0xff,
    0x20, 0x81, 0x80, 0xb0, 0x58, 0x7, 0xfc, 0x74,
    0x17, 0xa0, 0xb, 0x33, 0x50, 0x7, 0xf1, 0x68,
    0x42, 0x0, 0x6d, 0x15, 0x70, 0xf, 0x87, 0xc5,
    0x9c, 0x3, 0x87, 0x42, 0x14, 0x3, 0xda, 0x49,
    0x20, 0x1f, 0x1d, 0x85, 0x18, 0x6, 0xa3, 0x2a,
    0x0, 0xfe, 0x48, 0xc, 0xee, 0x1c, 0x28, 0xf8,
    0x80, 0x7f, 0x9d, 0x80, 0x44, 0xf1, 0xfc, 0x40,
    0x19, 0x7f, 0x0, 0x3a, 0x7c, 0x3, 0xff, 0xfe,
    0x1, 0xfd, 0xe, 0xc0,

    /* U+0498 "Ҙ" */
    0x16, 0xad, 0xff, 0xb6, 0x90, 0x2, 0x89, 0x52,
    0x0, 0x89, 0x6e, 0xc0, 0xb, 0x59, 0xdf, 0xf7,
    0x5a, 0x2, 0x40, 0x15, 0x31, 0x0, 0x5, 0x2c,
    0xc1, 0x40, 0x3f, 0xc8, 0x1, 0xff, 0xc0, 0x40,
    0x40, 0xf, 0xc9, 0x86, 0x50, 0x1, 0x4f, 0x73,
    0xfd, 0x61, 0x1a, 0x20, 0x11, 0x88, 0x80, 0x22,
    0xd2, 0x0, 0xd5, 0xff, 0x75, 0xaa, 0xb5, 0x40,
    0x3e, 0x14, 0xb6, 0xa, 0x10, 0xf, 0xe8, 0x0,
    0x38, 0x7, 0xf0, 0x80, 0x38, 0x3, 0xf8, 0x80,
    0x1c, 0x1, 0xfd, 0x0, 0x4, 0xd8, 0x41, 0x0,
    0xa, 0xda, 0x82, 0x91, 0x1e, 0xfb, 0xfd, 0xd4,
    0x80, 0xb4, 0x14, 0xc6, 0x20, 0x11, 0xb6, 0x50,
    0x1, 0x67, 0x3b, 0xcc, 0xb6, 0x4c, 0x3, 0xf7,
    0x15, 0x0, 0x7f, 0x88, 0xd0, 0x40, 0x3f, 0x84,
    0x80, 0x3f, 0xdf, 0xc2, 0x82, 0x1, 0xfa, 0x62,
    0xac, 0x3, 0x80,

    /* U+0499 "ҙ" */
    0x3, 0x9c, 0xef, 0xf6, 0xc9, 0x0, 0x50, 0xc6,
    0x23, 0x13, 0x69, 0x80, 0x3e, 0x37, 0xfb, 0x9a,
    0x41, 0xc0, 0x4, 0x72, 0x0, 0x8a, 0x0, 0x80,
    0x3f, 0x88, 0x4, 0x3, 0xe1, 0x68, 0x8, 0x0,
    0x87, 0xfe, 0xe9, 0x4b, 0x60, 0xc, 0x45, 0x8,
    0x27, 0x90, 0x4, 0x3b, 0xb7, 0x71, 0x53, 0x4,
    0x3, 0xe1, 0xa0, 0x17, 0x0, 0xff, 0x84, 0x4e,
    0x60, 0x18, 0x68, 0x0, 0xa1, 0x19, 0xfd, 0xbd,
    0xc5, 0x8, 0x21, 0x84, 0x21, 0x21, 0x26, 0xc7,
    0x0, 0x3d, 0xef, 0x91, 0x32, 0x4c, 0x3, 0xef,
    0x2a, 0x0, 0xfe, 0x22, 0x20, 0x7, 0xf0, 0x98,
    0x7, 0xf7, 0xf0, 0xa8, 0x7, 0xe9, 0x8a, 0xa0,
    0x6,

    /* U+049A "Қ" */
    0x7f, 0xd0, 0xf, 0x9b, 0xfc, 0x80, 0x1f, 0xf2,
    0xc8, 0x52, 0x0, 0x7f, 0x96, 0x82, 0x54, 0x3,
    0xfc, 0x94, 0x10, 0xc0, 0x1f, 0xe3, 0xb0, 0x77,
    0x0, 0x7f, 0x8f, 0x1, 0xa0, 0x3, 0xfc, 0x5a,
    0x9, 0x20, 0x1f, 0xe1, 0xc1, 0x4b, 0x0, 0xff,
    0x1e, 0x9, 0x58, 0x7, 0xfc, 0x6a, 0x4, 0xa0,
    0x1f, 0xfc, 0x8, 0x50, 0xa4, 0x0, 0xff, 0xe0,
    0x52, 0x5, 0x98, 0x7, 0xff, 0x2, 0xcc, 0x34,
    0x80, 0x3f, 0xf8, 0x18, 0x43, 0x82, 0x1, 0xff,
    0xc0, 0xc2, 0x1c, 0x10, 0xf, 0xf8, 0x7c, 0x4b,
    0x44, 0x3, 0xfe, 0x2c, 0x3, 0xef, 0xf0, 0x7,
    0xf8, 0xb0, 0x3, 0x9f, 0xf4, 0x3, 0xe3, 0xfc,
    0x0, 0xff, 0xfb, 0x80,

    /* U+049B "қ" */
    0xcf, 0x80, 0xc, 0x3d, 0xf0, 0x1, 0xfd, 0xa2,
    0xb0, 0x1, 0xfa, 0xcd, 0x28, 0x3, 0xf4, 0xa1,
    0x58, 0x7, 0xe7, 0x61, 0xc0, 0xf, 0xcb, 0x1,
    0x82, 0x1, 0xf1, 0xd0, 0x59, 0x0, 0x7e, 0x21,
    0xe, 0x0, 0xfe, 0x1c, 0x15, 0x80, 0xf, 0xe2,
    0xd0, 0x76, 0x0, 0xfe, 0x3a, 0x9, 0x50, 0xf,
    0xe5, 0x90, 0xa3, 0x0, 0xfe, 0x67, 0xc, 0xee,
    0x8, 0x7, 0xd0, 0xa0, 0x22, 0xc, 0xf8, 0x0,
    0xea, 0xe0, 0xf, 0xff, 0x58,

    /* U+049C "Ҝ" */
    0x7f, 0xd0, 0xf, 0x9b, 0xfc, 0x80, 0x1f, 0xe5,
    0x90, 0xa4, 0x0, 0xfe, 0x4a, 0x8, 0x50, 0xf,
    0x47, 0x81, 0xd8, 0x3b, 0x80, 0x3f, 0x8f, 0x41,
    0x60, 0x3, 0xfd, 0xa2, 0x94, 0x1, 0xff, 0x9,
    0xd8, 0x7, 0xf9, 0x40, 0xb4, 0x3, 0xf8, 0xec,
    0x83, 0xc4, 0x3, 0xff, 0x82, 0x20, 0x1f, 0xe3,
    0xb3, 0xd, 0x20, 0xf, 0xf9, 0x0, 0x70, 0x40,
    0x3f, 0xf8, 0x4, 0x38, 0x20, 0x1f, 0xf7, 0x91,
    0x34, 0x3, 0xfb, 0x8c, 0xbc, 0x4f, 0x0, 0x3f,
    0x36, 0x1, 0x60, 0x9d, 0x80, 0x7f, 0xc5, 0xa0,
    0x94, 0x1, 0xff, 0x1e, 0x2, 0xc8, 0x0,

    /* U+049D "ҝ" */
    0xcf, 0x80, 0xc, 0x3d, 0xf0, 0x1, 0xd0, 0xa1,
    0xa2, 0xb0, 0x1, 0xcf, 0xf4, 0x66, 0xa0, 0xf,
    0x95, 0x43, 0xa0, 0x1f, 0xed, 0x10, 0xf, 0x18,
    0x2, 0xcc, 0x3, 0xc3, 0xa0, 0xa8, 0x1, 0xf1,
    0x8, 0x7, 0xf8, 0xe8, 0x15, 0x40, 0x1f, 0x94,
    0x1, 0x48, 0x1, 0xfc, 0x21, 0x66, 0x1, 0xf9,
    0x1c, 0x30, 0xc0, 0x3f, 0x43, 0x6, 0x90, 0x7,
    0x7d, 0x4, 0xa8, 0xf8, 0x80,

    /* U+049E "Ҟ" */
    0x0, 0x3f, 0xe8, 0x7, 0xcd, 0xfe, 0x20, 0x7,
    0x80, 0x7e, 0x39, 0xa, 0x2a, 0xf7, 0x2, 0xff,
    0x28, 0x0, 0x78, 0x19, 0x40, 0x3f, 0xea, 0x23,
    0x90, 0x5, 0x7c, 0x1, 0x7f, 0x94, 0x1d, 0x7,
    0x80, 0x3f, 0xe3, 0x80, 0xa2, 0x0, 0xff, 0xe,
    0x83, 0xa0, 0x7, 0xe2, 0xff, 0x70, 0x9c, 0x0,
    0x7f, 0xf0, 0x84, 0x3, 0xfc, 0x5f, 0xec, 0x2,
    0x80, 0xf, 0xfe, 0x1, 0xb8, 0x39, 0x80, 0x7f,
    0xf0, 0x20, 0x83, 0xc0, 0x3f, 0xf8, 0x3c, 0x6,
    0xe0, 0x1f, 0xfc, 0x3, 0x60, 0x82, 0x0, 0xff,
    0xe0, 0x40, 0x84, 0x80, 0x7f, 0xf0, 0x6, 0xc1,
    0x18, 0x3, 0xff, 0x80, 0xaa, 0x8, 0x10, 0xf,
    0xfe, 0x5, 0x80, 0xd8,

    /* U+049F "ҟ" */
    0x0, 0x33, 0x98, 0x7, 0xfd, 0x51, 0x60, 0x1f,
    0xfc, 0xbc, 0xf3, 0x7, 0xff, 0xc6, 0x1, 0x91,
    0x44, 0x9, 0x57, 0x8, 0x6, 0x8a, 0x20, 0x5a,
    0xac, 0x40, 0x1f, 0xfc, 0x11, 0xef, 0x80, 0xf,
    0xf6, 0x8a, 0xc0, 0x7, 0xf5, 0x9a, 0x50, 0x7,
    0xf4, 0xa1, 0xd8, 0x7, 0xf3, 0xb0, 0xe8, 0x7,
    0xf2, 0xc0, 0xe0, 0x80, 0x7e, 0x3a, 0xa, 0x20,
    0xf, 0xe2, 0x20, 0x70, 0x7, 0xf8, 0x7c, 0x56,
    0x40, 0x3f, 0xc5, 0xa0, 0xce, 0x1, 0xfe, 0x3a,
    0x8, 0x50, 0xf, 0xf2, 0xc8, 0x52, 0x0, 0x7f,
    0x99, 0xc2, 0xc8, 0x3, 0xfd, 0xa, 0x18, 0x20,

    /* U+04A0 "Ҡ" */
    0xdf, 0xfe, 0xc0, 0xf, 0xa3, 0xfc, 0x60, 0x1f,
    0xfc, 0x17, 0x70, 0x59, 0xef, 0xfc, 0xc0, 0x1f,
    0x34, 0x5, 0x20, 0x7, 0x8, 0x7, 0x96, 0x42,
    0x54, 0x3, 0xff, 0x80, 0x94, 0x10, 0xc0, 0x1f,
    0xfc, 0x3, 0xb0, 0x67, 0x0, 0xff, 0xe0, 0x1e,
    0x2, 0xc8, 0x7, 0xff, 0x0, 0xb4, 0x12, 0x80,
    0x3f, 0xf8, 0x3, 0x82, 0x56, 0x1, 0xff, 0xc1,
    0x14, 0x2, 0x40, 0xf, 0xfe, 0x15, 0x20, 0x59,
    0x80, 0x7f, 0xf0, 0xac, 0xc3, 0x48, 0x3, 0xff,
    0x85, 0xa4, 0x3e, 0x20, 0x1f, 0xfc, 0x11, 0xc2,
    0x26, 0x8, 0x7, 0xff, 0x4, 0x7c, 0x4b, 0x40,
    0x3f, 0xf8, 0x45, 0x80, 0x76, 0x1, 0xff, 0xc2,
    0x2c, 0x4, 0x90, 0xf, 0xfe, 0x11, 0xd8, 0x34,
    0x0,

    /* U+04A1 "ҡ" */
    0x8f, 0xff, 0x10, 0x6, 0x5f, 0xf1, 0x87, 0x91,
    0x60, 0xf, 0x1d, 0x5, 0x98, 0x3e, 0xed, 0x80,
    0x1c, 0x5a, 0x12, 0x80, 0x1f, 0xf0, 0xe0, 0xbb,
    0x0, 0x7f, 0xf0, 0x34, 0x5a, 0x0, 0x3f, 0xf8,
    0x16, 0x69, 0x20, 0x1f, 0xfc, 0x9, 0x42, 0xb0,
    0xf, 0xfe, 0xe, 0x1, 0x28, 0x7, 0xff, 0x5,
    0x64, 0x28, 0xc0, 0x3f, 0xf8, 0x2c, 0xe1, 0xa4,
    0x1, 0xff, 0xc1, 0x85, 0x1c, 0x10, 0xf, 0xfe,
    0xd, 0x20, 0xe8, 0x7, 0xff, 0xa, 0xcc, 0xd6,
    0x1, 0xff, 0xc2, 0xd1, 0x4a, 0x0,

    /* U+04A2 "Ң" */
    0x7f, 0xd0, 0xf, 0xe9, 0xfb, 0x0, 0xff, 0xff,
    0x80, 0x7f, 0xf4, 0xcb, 0xff, 0xf9, 0x80, 0x3f,
    0xf9, 0x65, 0xff, 0xfc, 0xc0, 0x1f, 0xff, 0xf0,
    0xf, 0xff, 0xa, 0x7f, 0x80, 0x3f, 0xf8, 0xaf,
    0xfa, 0x1, 0xfd, 0x3f, 0x60, 0x1f, 0xff, 0x77,
    0x22, 0x0,

    /* U+04A3 "ң" */
    0xcf, 0x80, 0xf, 0xbf, 0xca, 0x1, 0xff, 0xff,
    0x0, 0xcf, 0xff, 0xf0, 0x7, 0xe1, 0x1f, 0x80,
    0x3e, 0x7e, 0xef, 0x80, 0x3f, 0xfe, 0x55, 0xec,
    0x1, 0xff, 0xc3, 0xcf, 0x80, 0xf, 0xbf, 0xc4,
    0x1, 0xff, 0xef, 0x55, 0x10,

    /* U+04A4 "Ҥ" */
    0x7f, 0xd0, 0xf, 0xea, 0xff, 0xf0, 0x7, 0xff,
    0x55, 0x3f, 0xf0, 0x7, 0xff, 0xfc, 0x2, 0x2f,
    0xff, 0xe5, 0x0, 0xff, 0xe7, 0x97, 0xff, 0xf2,
    0x80, 0x7f, 0xff, 0xc0, 0x3f, 0xff, 0xe0, 0x1f,
    0x80,

    /* U+04A5 "ҥ" */
    0xcf, 0x80, 0xf, 0xbf, 0xfd, 0x80, 0x1f, 0xfc,
    0x1, 0x22, 0x98, 0x3, 0xff, 0x81, 0x7b, 0xb5,
    0x0, 0x7f, 0xfa, 0x5f, 0xff, 0xe0, 0xf, 0xf0,
    0x8f, 0xc0, 0x1f, 0xcf, 0xdd, 0xf0, 0x7, 0xff,
    0xfc, 0x3, 0xff, 0x8a,

    /* U+04A6 "Ҧ" */
    0x7f, 0xff, 0xfe, 0x6, 0x80, 0x7f, 0xf6, 0x8b,
    0xbb, 0xf3, 0x80, 0x7f, 0xf1, 0x4, 0x7f, 0x0,
    0x7f, 0xff, 0xc0, 0x3f, 0xfd, 0x5, 0xff, 0xb6,
    0x4c, 0x3, 0xff, 0x94, 0x4d, 0x94, 0x1, 0xff,
    0xc4, 0x2f, 0xfb, 0xa9, 0x1, 0x6c, 0x3, 0xff,
    0x8e, 0x2b, 0x70, 0x8, 0xe0, 0x1f, 0xfc, 0x97,
    0x40, 0x90, 0xf, 0xfe, 0x57, 0x80, 0x98, 0x7,
    0xff, 0x25, 0x0, 0xa, 0x1, 0xff, 0xcc, 0xe0,
    0xf, 0xff, 0x2f, 0x3f, 0xe8, 0x7, 0xe8, 0xfd,
    0x0, 0xf8, 0xc0, 0x4, 0x1, 0xff, 0xc9, 0xa0,
    0x2, 0x0, 0x7f, 0xf2, 0xd, 0x81, 0x80, 0x3f,
    0xf8, 0x6e, 0x62, 0x4, 0xf8, 0x3, 0x0, 0x1f,
    0xfc, 0x38, 0xce, 0xfd, 0x80, 0x2c, 0x10, 0xf,
    0xfe, 0x1b, 0x98, 0x4, 0x71, 0xa4, 0x0,

    /* U+04A7 "ҧ" */
    0xcf, 0xff, 0xf4, 0x0, 0x7f, 0xc2, 0x3e, 0x0,
    0xff, 0xe0, 0xbf, 0x77, 0x8c, 0x3, 0xff, 0xfe,
    0x1, 0xe7, 0xff, 0x75, 0x20, 0x7, 0xff, 0x14,
    0x56, 0xe8, 0x3, 0xff, 0x82, 0xdf, 0xed, 0x70,
    0x58, 0x0, 0xff, 0xe0, 0x8, 0x0, 0xa1, 0xc1,
    0xc4, 0x3, 0xff, 0x89, 0x0, 0x7, 0x0, 0xff,
    0xe2, 0x98, 0x78, 0x7, 0xff, 0x15, 0x80, 0xc0,
    0x3f, 0xf9, 0x19, 0xf0, 0x1, 0xec, 0xf8, 0x0,
    0xe1, 0x3, 0x0, 0xff, 0xe2, 0xa8, 0x70, 0x7,
    0xff, 0x11, 0x4, 0x10, 0x3, 0xfe, 0x44, 0x0,
    0xe, 0x80, 0xcc, 0x1, 0xff, 0x1d, 0xff, 0xb0,
    0x45, 0xc0, 0x1f, 0xfc, 0x5, 0x41, 0x1, 0x6f,
    0x20,

    /* U+04A8 "Ҩ" */
    0x0, 0xc3, 0x19, 0xdf, 0xed, 0x50, 0xf, 0xf3,
    0x73, 0x98, 0x80, 0x9, 0x80, 0x3f, 0x9e, 0x40,
    0xab, 0xbf, 0xda, 0x60, 0x1f, 0x8a, 0x1, 0x35,
    0x44, 0x0, 0x9b, 0xfe, 0xb3, 0x0, 0xd6, 0x3,
    0x40, 0x1a, 0x24, 0x80, 0x9, 0x88, 0x1, 0x30,
    0x38, 0x80, 0x46, 0xe0, 0xff, 0xc6, 0x12, 0x0,
    0x20, 0x6, 0x80, 0x6a, 0x1, 0x80, 0x1f, 0x2,
    0x40, 0x70, 0x3, 0x0, 0x65, 0x4, 0x0, 0x8c,
    0x40, 0xc0, 0xc0, 0x4, 0x1, 0x88, 0x8, 0x3,
    0x10, 0x70, 0x7, 0xfd, 0xe0, 0x1f, 0x8c, 0x0,
    0x20, 0x18, 0xc3, 0xc0, 0x30, 0x80, 0x83, 0x0,
    0x14, 0x3, 0x30, 0x18, 0x6, 0x20, 0xe0, 0x31,
    0xd, 0x0, 0xd8, 0x8, 0x1, 0x28, 0x1, 0x0,
    0xe, 0xc, 0x40, 0x13, 0x0, 0x1c, 0x1, 0x0,
    0x84, 0x0, 0x80, 0x7, 0x88, 0x0, 0x54, 0x20,
    0xa8, 0x82, 0x0, 0x21, 0xa0, 0x2f, 0x72, 0xb,
    0x0, 0x6a, 0x84, 0x18, 0x6, 0x5b, 0x11, 0x46,
    0xff, 0x0, 0x63, 0x51, 0x30, 0xc, 0x9d, 0x28,
    0x20, 0x1, 0x32, 0x3, 0xde, 0xc2, 0x0, 0xe6,
    0xbe, 0xff, 0x76, 0x6c, 0x98, 0x0, 0x8c,

    /* U+04A9 "ҩ" */
    0x0, 0x92, 0xfb, 0xfc, 0xe0, 0x1f, 0xa6, 0xd0,
    0x46, 0x20, 0xf, 0x99, 0x81, 0x3f, 0xdc, 0xa,
    0xca, 0x30, 0xa, 0x2, 0x18, 0x1, 0x14, 0xa6,
    0xb8, 0xa0, 0x62, 0xc, 0x0, 0x37, 0x9, 0xf6,
    0xb, 0x4, 0x1, 0x10, 0x2, 0xc0, 0x98, 0x20,
    0x4, 0xbc, 0x8, 0x2, 0x20, 0x70, 0x0, 0x80,
    0x18, 0x3, 0xff, 0x87, 0xe0, 0x20, 0x11, 0x3,
    0x0, 0x4, 0x0, 0xc8, 0x4, 0x20, 0xd, 0x3,
    0x10, 0x60, 0x22, 0x19, 0x4, 0x0, 0x14, 0x42,
    0xca, 0x42, 0x0, 0x12, 0xd, 0x2, 0x16, 0xb,
    0xa2, 0xea, 0x0, 0x49, 0x7, 0xee, 0x58, 0x6,
    0x5d, 0x90, 0x3, 0x6a, 0x88, 0xc9, 0x2c, 0x45,
    0x80,

    /* U+04AA "Ҫ" */
    0x0, 0xe4, 0x9d, 0xff, 0xb6, 0x94, 0x3, 0x16,
    0x5b, 0x10, 0x4, 0x4b, 0x4c, 0x0, 0x2c, 0x30,
    0x5b, 0xef, 0xeb, 0x73, 0x60, 0x7, 0x88, 0x5d,
    0x20, 0x80, 0xa4, 0x60, 0x1, 0xc8, 0x2d, 0x0,
    0x3f, 0xd4, 0x8, 0x80, 0xf, 0xf1, 0x10, 0x34,
    0x3, 0xfe, 0x70, 0x2, 0x0, 0x7f, 0xc6, 0x0,
    0x30, 0xf, 0xfe, 0x71, 0x80, 0xc, 0x3, 0xfe,
    0x70, 0x3, 0x80, 0x7f, 0xc4, 0x21, 0xc0, 0x1f,
    0xfc, 0x7, 0x4, 0x30, 0xf, 0xfa, 0x0, 0x1a,
    0x60, 0x1f, 0xe1, 0xa0, 0x1c, 0x93, 0x10, 0x12,
    0x58, 0x0, 0x96, 0xc4, 0x1b, 0x3b, 0xfb, 0x69,
    0x80, 0x32, 0x74, 0xa0, 0x6, 0x25, 0xb0, 0xf,
    0x35, 0xd8, 0x23, 0xf6, 0x94, 0x3, 0xf2, 0x34,
    0x20, 0x7, 0xff, 0x2, 0x83, 0x40, 0x3f, 0xf8,
    0x8, 0x1, 0xff, 0xc0, 0x7f, 0x80, 0xa0, 0xf,
    0xf2, 0xc4, 0x34, 0xc0, 0x30,

    /* U+04AB "ҫ" */
    0x0, 0x8e, 0x77, 0xfd, 0xb4, 0x60, 0x7, 0xc6,
    0x20, 0x1, 0x2b, 0x2, 0xc0, 0x2e, 0xff, 0xb2,
    0x14, 0x2c, 0x16, 0x88, 0x0, 0x6e, 0x8, 0x21,
    0x0, 0x1f, 0x18, 0x9, 0x0, 0x7d, 0xe0, 0x60,
    0x1f, 0xfc, 0x7f, 0x3, 0x0, 0xfc, 0x60, 0x24,
    0x1, 0xf2, 0x8, 0x40, 0x7, 0xe8, 0x5, 0x91,
    0x0, 0xb, 0x20, 0x33, 0x1, 0xbb, 0xfd, 0xd2,
    0x40, 0x9, 0xb5, 0x0, 0x89, 0x90, 0x2, 0x4a,
    0xa0, 0x4e, 0xc9, 0x0, 0x72, 0xaa, 0x4c, 0x3,
    0xf7, 0x5, 0x0, 0x7e, 0xc0, 0xf, 0xcf, 0xee,
    0x14, 0x1, 0xe5, 0x88, 0x69, 0x80, 0x0,

    /* U+04AC "Ҭ" */
    0xcf, 0xff, 0xfe, 0x9, 0x0, 0x7f, 0xf0, 0xf3,
    0xbb, 0x80, 0x13, 0xdd, 0xc4, 0x2, 0x3c, 0x1,
    0x8, 0xf0, 0x7, 0xff, 0xfc, 0x3, 0xff, 0xfe,
    0x1, 0xff, 0xdb, 0x9f, 0x90, 0xf, 0xfe, 0x6f,
    0xf9, 0x40, 0x3f, 0xfd, 0xe4, 0x41, 0x0, 0xc0,

    /* U+04AD "ҭ" */
    0x7f, 0xff, 0xf6, 0x8, 0xf0, 0x0, 0x47, 0x3b,
    0x77, 0x60, 0x5, 0x77, 0x56, 0x1, 0xff, 0xff,
    0x0, 0xff, 0xee, 0x5f, 0xa8, 0x7, 0xff, 0x1f,
    0xfc, 0x20, 0x1f, 0xfe, 0x36, 0x68, 0x0,

    /* U+04AE "Ү" */
    0xbf, 0xc0, 0xf, 0xc3, 0xfe, 0x79, 0x3, 0x50,
    0xf, 0xa0, 0x9, 0xc9, 0x82, 0x0, 0x3c, 0x4c,
    0x10, 0x0, 0x80, 0x26, 0x0, 0xe9, 0x3, 0x50,
    0x0, 0xc0, 0x40, 0x6, 0x34, 0xf, 0x0, 0xce,
    0x22, 0x70, 0xb, 0xc1, 0x4c, 0x3, 0xa0, 0x20,
    0x41, 0xc, 0x2c, 0x3, 0xcc, 0x41, 0x21, 0x20,
    0xe2, 0x1, 0xf4, 0x83, 0xb8, 0x86, 0x0, 0x3f,
    0x22, 0x2, 0x2, 0x0, 0x3f, 0xd2, 0x0, 0x26,
    0x0, 0xff, 0x11, 0x1, 0x40, 0x3f, 0xff, 0xe0,
    0x1f, 0xfc, 0x90,

    /* U+04AF "ү" */
    0xcf, 0x90, 0xf, 0x9b, 0xfc, 0x14, 0xc, 0x1,
    0xf5, 0x3, 0x3, 0x0, 0x14, 0x3, 0x88, 0xc2,
    0x80, 0xa, 0x1c, 0x1, 0xd4, 0x4, 0x60, 0x9,
    0x4, 0x20, 0xc, 0xc1, 0x60, 0x11, 0x90, 0x50,
    0x4, 0x82, 0xe, 0x1, 0xa8, 0x18, 0x2, 0xe0,
    0x51, 0x0, 0xcc, 0x2, 0x80, 0x2a, 0x1c, 0x1,
    0xc2, 0xa1, 0xc0, 0xe0, 0x48, 0x1, 0xee, 0x5,
    0xd, 0xa, 0x0, 0xf9, 0x8, 0x15, 0x1, 0x80,
    0x3f, 0x50, 0x40, 0x28, 0x80, 0x7e, 0x60, 0x20,
    0xe0, 0xf, 0xe1, 0x40, 0x14, 0x0, 0xff, 0x18,
    0x10, 0x7, 0xff, 0xfc, 0x0,

    /* U+04B0 "Ұ" */
    0xbf, 0xc0, 0xf, 0xc3, 0xfe, 0x78, 0x3, 0x50,
    0xf, 0xa0, 0x9, 0xcd, 0x42, 0x0, 0x3c, 0x4c,
    0x10, 0x0, 0xb0, 0x26, 0x0, 0xe8, 0x3, 0x50,
    0x0, 0xb8, 0x40, 0x6, 0x35, 0xf, 0x0, 0xd2,
    0x22, 0x70, 0xb, 0xc1, 0xc, 0x3, 0xc, 0x84,
    0x8, 0x21, 0x84, 0x80, 0x79, 0xc4, 0x24, 0x20,
    0x18, 0x80, 0x3e, 0xb0, 0x77, 0x18, 0x40, 0x7,
    0xe5, 0x20, 0x80, 0x71, 0x0, 0xfe, 0x90, 0x0,
    0xc0, 0x7, 0xf9, 0x8, 0x18, 0x3, 0xf5, 0x7f,
    0xc4, 0xf, 0xff, 0x28, 0x7, 0xff, 0x1e, 0xbf,
    0xe2, 0x7, 0xff, 0x94, 0x3, 0xff, 0xc6,

    /* U+04B1 "ұ" */
    0xcf, 0x90, 0xf, 0x9b, 0xfc, 0x14, 0xe, 0x1,
    0xf5, 0x3, 0x3, 0x80, 0xa8, 0x7, 0x9, 0x85,
    0x0, 0xa8, 0x70, 0x7, 0x30, 0x11, 0x80, 0x38,
    0x10, 0x40, 0x35, 0x5, 0x0, 0x48, 0x40, 0xc0,
    0x11, 0x90, 0x30, 0x6, 0xa0, 0xa0, 0xa, 0x81,
    0x4, 0x3, 0x30, 0x11, 0x80, 0x18, 0x3c, 0x3,
    0x85, 0x2, 0x81, 0x40, 0x50, 0x3, 0xdc, 0xe,
    0x1c, 0xc, 0x1, 0xf2, 0x88, 0x91, 0x1, 0x40,
    0x1f, 0x98, 0x20, 0xc, 0x80, 0x3f, 0x50, 0x18,
    0x48, 0x7, 0xf1, 0x18, 0x1, 0x40, 0x3c, 0x3f,
    0xf1, 0x80, 0x3f, 0xe4, 0x0, 0xc8, 0x91, 0x0,
    0xa2, 0x4e, 0x1, 0xd, 0xdc, 0xa0, 0x57, 0x71,
    0x80, 0x7f, 0xf8, 0x0,

    /* U+04B2 "Ҳ" */
    0x3f, 0xf3, 0x0, 0x7c, 0x5f, 0xe5, 0x0, 0x1b,
    0x84, 0x88, 0x7, 0xb8, 0x15, 0x40, 0x14, 0x18,
    0x50, 0x7, 0x31, 0x8d, 0x80, 0x77, 0x2, 0x28,
    0x4, 0x32, 0x16, 0x20, 0x1c, 0x50, 0x16, 0x20,
    0xa, 0x5, 0x50, 0x7, 0xce, 0x63, 0x60, 0xa8,
    0x36, 0x1, 0xfd, 0xc0, 0xaa, 0xb0, 0xb1, 0x0,
    0xfe, 0x28, 0xa, 0x15, 0x50, 0x7, 0xfc, 0xe2,
    0x0, 0xb0, 0xf, 0xfe, 0x2, 0x88, 0x2, 0x40,
    0x3f, 0xe1, 0xb0, 0x60, 0x73, 0x0, 0xff, 0x58,
    0xa4, 0xa8, 0x70, 0x7, 0xf2, 0x28, 0x48, 0x58,
    0x93, 0x80, 0x7e, 0xa0, 0x82, 0x1, 0xb0, 0x82,
    0x0, 0xf4, 0x89, 0xb8, 0x4, 0xa8, 0x1c, 0x1,
    0xc8, 0xc1, 0xe0, 0x1d, 0x20, 0x6e, 0x1, 0xa4,
    0x1c, 0xc0, 0x38, 0xa0, 0x23, 0xfc, 0x12, 0x44,
    0x80, 0xf, 0x9c, 0x80, 0x34, 0xfe, 0x80, 0x7f,
    0x6e, 0x0, 0x7f, 0xfe, 0x8, 0x80,

    /* U+04B3 "ҳ" */
    0x1e, 0xfa, 0x0, 0xf6, 0xfd, 0x0, 0xd0, 0x2a,
    0x80, 0x34, 0x90, 0xd8, 0x1, 0x1c, 0x2c, 0x40,
    0x8, 0xc1, 0x42, 0x1, 0x41, 0x8d, 0x0, 0x28,
    0x1d, 0x0, 0x3b, 0x81, 0x1a, 0x44, 0xa0, 0x3,
    0xc5, 0x21, 0x2c, 0x1e, 0x1, 0xf9, 0x90, 0x1,
    0x4, 0x1, 0xf8, 0x54, 0x1, 0x80, 0x1f, 0xd6,
    0x26, 0x28, 0xc0, 0x1f, 0x2a, 0x83, 0xac, 0x24,
    0x80, 0x38, 0xa8, 0x24, 0x95, 0x41, 0xe0, 0x1d,
    0xc0, 0x8c, 0x0, 0xb1, 0x29, 0x0, 0x9c, 0xc2,
    0x40, 0x21, 0xb0, 0x6f, 0xf1, 0xc0, 0x49, 0x0,
    0x65, 0x50, 0x4, 0x7f, 0xe6, 0x0, 0xf5, 0x58,
    0x7, 0xff, 0xad, 0x95, 0x40,

    /* U+04B4 "Ҵ" */
    0xcf, 0xff, 0xfe, 0x6, 0x80, 0x5b, 0xf0, 0x1,
    0xff, 0xcc, 0xce, 0xed, 0x0, 0x3d, 0xdd, 0x80,
    0x1f, 0xc2, 0x38, 0x2, 0x11, 0xf0, 0x7, 0xff,
    0xfc, 0x3, 0xff, 0xfe, 0x1, 0xff, 0xff, 0x0,
    0xff, 0xf5, 0xf, 0xff, 0xf1, 0x3, 0xfe, 0x80,
    0x7f, 0xf3, 0xdf, 0xff, 0xff, 0x83, 0x20, 0x1f,
    0xff, 0xf0, 0xf, 0xfe, 0x18,

    /* U+04B5 "ҵ" */
    0x7f, 0xff, 0xf2, 0x0, 0x3f, 0xc8, 0x0, 0x11,
    0xe0, 0x0, 0x8e, 0x70, 0xf, 0x9b, 0xba, 0x90,
    0x3e, 0xec, 0x60, 0x1f, 0xff, 0xf0, 0xf, 0xff,
    0xf8, 0x7, 0xff, 0x58, 0xfb, 0xbe, 0x0, 0x57,
    0x28, 0x7, 0xc2, 0x3f, 0x0, 0x4, 0x40, 0x1c,
    0xff, 0xff, 0xf0, 0x80, 0x7f, 0xff, 0xd1, 0x2,

    /* U+04B6 "Ҷ" */
    0xef, 0x60, 0xf, 0xd7, 0xf4, 0x1, 0xff, 0xff,
    0x0, 0xff, 0xe6, 0x88, 0x7, 0xff, 0x4, 0x83,
    0x0, 0x3f, 0xf8, 0x36, 0x9, 0x24, 0x0, 0x24,
    0x8d, 0x40, 0xc, 0xe6, 0xd, 0xbf, 0xed, 0xb7,
    0x20, 0xf, 0x64, 0x98, 0x4, 0x4b, 0x3c, 0x80,
    0x1e, 0x6c, 0xff, 0xb6, 0x98, 0x40, 0x3f, 0xfe,
    0xcb, 0xfa, 0x1, 0xff, 0xcf, 0xbf, 0x90, 0xf,
    0xff, 0x99, 0x93, 0x0,

    /* U+04B7 "ҷ" */
    0x1f, 0xf1, 0x80, 0x7a, 0x7e, 0xc0, 0x3f, 0xff,
    0xe0, 0x1, 0x0, 0x28, 0x7, 0xa, 0x80, 0x72,
    0x84, 0x20, 0x0, 0xe3, 0x8c, 0x3, 0xa0, 0x45,
    0x7f, 0xec, 0x73, 0x40, 0xe, 0x2f, 0x73, 0x23,
    0x6b, 0xc2, 0x0, 0xf0, 0xc6, 0x6e, 0x4a, 0x0,
    0x7f, 0xf5, 0x53, 0xf0, 0x3, 0xff, 0x9b, 0x3f,
    0x0, 0x1f, 0xfe, 0xf2, 0x54,

    /* U+04B8 "Ҹ" */
    0xef, 0x60, 0xf, 0xd7, 0xf4, 0x1, 0xff, 0xf2,
    0xf9, 0x0, 0xff, 0xe5, 0x8, 0x7, 0xfc, 0x41,
    0x80, 0x1f, 0x9c, 0x1, 0x60, 0x92, 0x40, 0x3,
    0x48, 0xd3, 0x0, 0x3a, 0x3, 0x6f, 0x82, 0xdb,
    0x90, 0x6, 0xba, 0x41, 0x0, 0x92, 0x35, 0x0,
    0x32, 0xdf, 0x78, 0x35, 0xb9, 0x0, 0x7f, 0xf6,
    0x7a, 0x0, 0x3f, 0xf8, 0x2, 0x20, 0xf, 0xfe,
    0x40,

    /* U+04B9 "ҹ" */
    0x1f, 0xf1, 0x80, 0x7b, 0x3e, 0x0, 0x3f, 0xfc,
    0xb, 0xe6, 0x1, 0xff, 0xc6, 0x10, 0x3, 0x0,
    0x71, 0x10, 0x2, 0x40, 0xb3, 0x0, 0x2c, 0xe8,
    0x80, 0x52, 0x22, 0xca, 0x9, 0x64, 0x20, 0x8,
    0xbd, 0x8c, 0x41, 0x72, 0xc4, 0x3, 0xc, 0xe5,
    0x84, 0x98, 0x7, 0xff, 0x29, 0xe0, 0x80, 0x3f,
    0xc4, 0xe2, 0x1, 0xc0,

    /* U+04BA "Һ" */
    0x7f, 0xd0, 0xf, 0xff, 0xf8, 0x7, 0xff, 0xc,
    0x56, 0x77, 0xfe, 0xc7, 0x0, 0xe2, 0xea, 0x62,
    0x0, 0x8e, 0x34, 0x40, 0x30, 0xb5, 0x6f, 0xfb,
    0x60, 0xa, 0x0, 0x22, 0xe9, 0x52, 0x0, 0x13,
    0xb0, 0x30, 0x7, 0xff, 0x3, 0x0, 0x3f, 0xf8,
    0x42, 0x0, 0x10, 0xf, 0xff, 0xf8, 0x7, 0xff,
    0xc,

    /* U+04BB "һ" */
    0x67, 0x30, 0xf, 0xea, 0x8b, 0x0, 0xff, 0xf7,
    0xf8, 0x46, 0xff, 0xb6, 0x4, 0x2, 0xfd, 0x72,
    0x10, 0x27, 0xc1, 0x0, 0x39, 0xdf, 0xf7, 0xc8,
    0x14, 0x80, 0x5a, 0x80, 0x13, 0x30, 0x14, 0x0,
    0x66, 0x0, 0xec, 0x2, 0x0, 0x28, 0x7, 0x84,
    0x3, 0x8, 0x7, 0xff, 0xfc, 0x3, 0xff, 0x8c,

    /* U+04BC "Ҽ" */
    0x0, 0xfc, 0x2f, 0x9d, 0xfe, 0xeb, 0x50, 0xf,
    0xf9, 0xfa, 0xc, 0x40, 0x2, 0x95, 0xa4, 0x1,
    0xfa, 0x20, 0x5, 0x3b, 0xfd, 0x8e, 0x5, 0x82,
    0x1, 0xe3, 0x70, 0x6d, 0x62, 0x1, 0x38, 0xd0,
    0x18, 0x0, 0x9, 0x0, 0x20, 0xe, 0x40, 0x3e,
    0x28, 0x6, 0x2, 0xef, 0x1, 0x40, 0x90, 0xf,
    0xe5, 0x0, 0x23, 0x1, 0x8a, 0x80, 0x10, 0x3,
    0xf8, 0x80, 0x4, 0xa2, 0x2e, 0xb0, 0x7, 0x7f,
    0xff, 0x80, 0x1c, 0x3a, 0x60, 0x1f, 0xfc, 0x73,
    0xcf, 0xa0, 0x7, 0x7f, 0xff, 0xf0, 0x20, 0x3,
    0x30, 0x0, 0x80, 0x3f, 0xf8, 0xa6, 0x0, 0x40,
    0xf, 0xfe, 0x31, 0x85, 0x80, 0x7f, 0xf1, 0xa4,
    0xd, 0x40, 0x3f, 0xf8, 0xaa, 0x61, 0x46, 0x1,
    0xff, 0xc5, 0xe1, 0xc, 0x94, 0x10, 0x1, 0x24,
    0x6a, 0x80, 0x7c, 0x58, 0x60, 0xd7, 0xdf, 0xed,
    0xb7, 0x20, 0xf, 0xe2, 0xca, 0x52, 0x0, 0x84,
    0xda, 0x94, 0x0,

    /* U+04BD "ҽ" */
    0x0, 0xf0, 0xbe, 0x7f, 0xba, 0x48, 0x3, 0xe2,
    0xf8, 0x31, 0x21, 0x6d, 0x50, 0xf, 0x60, 0x9e,
    0xf6, 0xfb, 0x5, 0x12, 0x7c, 0x83, 0x88, 0xb4,
    0x80, 0x29, 0x30, 0xb2, 0x0, 0xb0, 0x1c, 0x40,
    0x3a, 0xc1, 0x14, 0x1b, 0x50, 0x1f, 0x33, 0xd4,
    0x4, 0x74, 0x44, 0x0, 0x9, 0x9f, 0x88, 0x2,
    0x5d, 0xf0, 0x4, 0xff, 0xff, 0x0, 0x62, 0xe,
    0x0, 0xff, 0xe0, 0xa0, 0x20, 0x7, 0xff, 0x6,
    0x80, 0xd4, 0x3, 0xff, 0x80, 0x6a, 0x14, 0xe2,
    0x1, 0x24, 0xa0, 0x7, 0x52, 0x84, 0x77, 0x3f,
    0xd6, 0xc2, 0x1, 0xea, 0xb4, 0x11, 0x0, 0xa4,
    0xa0,

    /* U+04BE "Ҿ" */
    0x0, 0xfe, 0x6b, 0xef, 0xf7, 0x52, 0x0, 0x7f,
    0xc9, 0xd2, 0x82, 0x0, 0x15, 0xbb, 0x0, 0x7f,
    0x25, 0x88, 0xa3, 0x7b, 0x98, 0xc0, 0x98, 0x1,
    0xf0, 0xd0, 0x1f, 0xb9, 0x8, 0x8e, 0x6c, 0xd,
    0x80, 0x3d, 0x22, 0x1a, 0x20, 0x1e, 0x45, 0xb,
    0x0, 0x44, 0x0, 0xc, 0xc, 0x20, 0x1f, 0xb8,
    0x8, 0x86, 0xe8, 0x4, 0x21, 0xa0, 0x1f, 0xca,
    0x0, 0x77, 0x1, 0x11, 0xc0, 0xa, 0x1, 0xfc,
    0x20, 0x2, 0x41, 0x16, 0xd0, 0x3, 0xbf, 0xff,
    0xc0, 0xf, 0xc, 0x40, 0xf, 0xfe, 0x39, 0x5f,
    0xd0, 0x3, 0xbf, 0xff, 0xf8, 0x10, 0x1, 0x98,
    0x0, 0xa0, 0x1f, 0xfc, 0x53, 0x0, 0x68, 0x7,
    0xff, 0x19, 0x81, 0x84, 0x3, 0xff, 0x8b, 0x60,
    0xd, 0x10, 0xf, 0xfe, 0x21, 0x50, 0x1f, 0xb9,
    0x0, 0x63, 0x6a, 0x40, 0xf, 0x96, 0x84, 0x51,
    0xbf, 0xfb, 0x25, 0x44, 0x3, 0xf2, 0xf4, 0xa0,
    0x80, 0x62, 0x59, 0x40, 0xf, 0xf3, 0x5e, 0x80,
    0x3b, 0xf6, 0x98, 0x40, 0x3f, 0xff, 0xe4, 0xee,
    0x10, 0xf, 0x0,

    /* U+04BF "ҿ" */
    0x0, 0xf9, 0xb3, 0xfd, 0xb2, 0x20, 0x1f, 0xb2,
    0x4c, 0x48, 0x8d, 0xe6, 0x1, 0xea, 0x32, 0xce,
    0xde, 0x41, 0xd1, 0x2c, 0x70, 0x35, 0xf, 0x30,
    0x0, 0xd8, 0x89, 0x90, 0xfc, 0x28, 0x10, 0x80,
    0x39, 0xc2, 0xcc, 0x10, 0x54, 0xc, 0x3, 0xdc,
    0x4, 0x82, 0x7c, 0x60, 0xff, 0xfe, 0x80, 0x11,
    0x7b, 0xa0, 0x0, 0x8c, 0xff, 0x20, 0xc, 0x58,
    0x85, 0x66, 0x7e, 0xb0, 0xc, 0xa1, 0xa0, 0x1f,
    0xfc, 0x1d, 0x5, 0x20, 0xf, 0xfe, 0x3, 0x10,
    0x62, 0x0, 0x62, 0x63, 0x0, 0xef, 0x21, 0xbf,
    0xdd, 0x7e, 0xcb, 0x0, 0x71, 0x6c, 0x98, 0x11,
    0x0, 0xdd, 0x0, 0x3e, 0x6c, 0x30, 0x8f, 0xc8,
    0x10, 0xf, 0xff, 0x6d, 0x3a, 0x0, 0x60,

    /* U+04C0 "Ӏ" */
    0xff, 0xf6, 0x4a, 0x80, 0x5, 0xa1, 0xa8, 0xc1,
    0xe5, 0x0, 0x3f, 0xff, 0xe0, 0x1f, 0xfc, 0x46,
    0xa3, 0x7, 0x94, 0x95, 0x0, 0xb, 0x40,

    /* U+04C1 "Ӂ" */
    0x0, 0xf8, 0xa1, 0x80, 0x23, 0x86, 0x0, 0xff,
    0xe1, 0x9b, 0xc9, 0x0, 0x25, 0xfc, 0x3, 0xff,
    0x86, 0x2c, 0x19, 0x36, 0xa1, 0x60, 0x1f, 0xfc,
    0x49, 0x83, 0x65, 0x4d, 0x20, 0xf, 0xfe, 0x2b,
    0xef, 0xf5, 0x90, 0x7, 0xff, 0x54, 0xbf, 0xcc,
    0x1, 0xe6, 0xfe, 0x0, 0xfb, 0x7e, 0x40, 0xa8,
    0x24, 0x80, 0x3f, 0xf8, 0x54, 0x47, 0x20, 0x5,
    0x60, 0xf0, 0xf, 0xfe, 0xb, 0x28, 0x70, 0x6,
    0x92, 0x24, 0x80, 0x7f, 0xc5, 0x21, 0x44, 0x1,
    0xde, 0xc, 0xa0, 0x1f, 0xef, 0x5, 0x50, 0x7,
    0x8a, 0x42, 0x88, 0x3, 0xf4, 0x91, 0x28, 0x3,
    0xf3, 0x28, 0x70, 0x7, 0xca, 0xc1, 0xc0, 0x1f,
    0xeb, 0x13, 0xff, 0x48, 0xf, 0xfa, 0x82, 0xc,
    0x3, 0xfe, 0x10, 0xf, 0xf7, 0x80, 0x7f, 0xd6,
    0x3, 0xdf, 0x20, 0x3f, 0xe8, 0x7, 0x20, 0xf,
    0xe4, 0x50, 0xb1, 0x0, 0xf3, 0x90, 0x70, 0x7,
    0xf4, 0x82, 0x28, 0x7, 0xee, 0x3, 0x60, 0xf,
    0xa0, 0x82, 0x40, 0x3f, 0x8d, 0x42, 0x4, 0x3,
    0x89, 0xc2, 0x8, 0x3, 0xfd, 0x62, 0x2b, 0x0,
    0xee, 0x2, 0x70, 0xf, 0xf8, 0x60, 0x15, 0x0,
    0x26, 0x30, 0x90, 0xf, 0xfe, 0xb, 0x18, 0x48,
    0x0, 0x60, 0x15, 0x0, 0x3f, 0xf8, 0x5c, 0x4,
    0xe1, 0x62, 0x2b, 0x0, 0xff, 0xe1, 0x93, 0x84,
    0x10,

    /* U+04C2 "ӂ" */
    0x0, 0xf7, 0xf8, 0x2, 0x4f, 0xc0, 0xf, 0xfe,
    0x2, 0x85, 0x99, 0xa4, 0x28, 0x3, 0xff, 0x81,
    0x48, 0x8c, 0xc1, 0x3b, 0x0, 0x7f, 0xf0, 0x6f,
    0x6e, 0xdd, 0x0, 0x1f, 0xfc, 0x32, 0x44, 0x8,
    0x7, 0xe2, 0xff, 0x20, 0x6, 0x3f, 0xf0, 0x7,
    0x47, 0xe8, 0x14, 0x4, 0x80, 0x7f, 0xc6, 0xe1,
    0xc0, 0x7, 0x32, 0x90, 0xf, 0xf7, 0x3, 0x98,
    0x5, 0xc0, 0xc6, 0x1, 0xf9, 0xc8, 0x90, 0x1,
    0x8a, 0x3, 0x80, 0x3e, 0x28, 0xe, 0x0, 0xf3,
    0x99, 0x40, 0x7, 0xb8, 0x1c, 0xc0, 0x3e, 0xe0,
    0x7f, 0xc0, 0x7, 0xf8, 0xca, 0x0, 0x3f, 0x28,
    0x0, 0x84, 0x0, 0x42, 0x4, 0x60, 0x1f, 0x14,
    0x4, 0xee, 0x80, 0x1b, 0xc8, 0x1c, 0x1, 0xf7,
    0x1, 0xb0, 0x7, 0xa8, 0xa, 0x0, 0x39, 0xcc,
    0x38, 0x3, 0xe1, 0x90, 0x73, 0x0, 0x8a, 0x2,
    0x8, 0x3, 0xf3, 0x20, 0x70, 0x5, 0xc0, 0x6e,
    0x1, 0xfe, 0xa0, 0x28, 0x7, 0x30, 0xe0, 0xf,
    0xf8, 0x64, 0x1c, 0xc0,

    /* U+04C3 "Ӄ" */
    0x7f, 0xd0, 0xf, 0xa3, 0xfc, 0x80, 0x1f, 0xe8,
    0x70, 0xb4, 0x0, 0xfe, 0x77, 0x5, 0xa0, 0x7,
    0xf3, 0xc0, 0x5a, 0x0, 0x7f, 0x34, 0x5, 0xa0,
    0x7, 0xf3, 0x48, 0x5a, 0x0, 0x7f, 0x2c, 0x85,
    0xa0, 0x7, 0xf2, 0x50, 0x5a, 0x0, 0x7f, 0x15,
    0x80, 0x2f, 0xf6, 0x50, 0x3, 0xf8, 0x40, 0x4,
    0xd7, 0x82, 0x1, 0x87, 0x7f, 0xbf, 0xa9, 0x0,
    0xfc, 0x40, 0x23, 0x20, 0x8, 0x56, 0xe8, 0x6,
    0x80, 0x3f, 0xe5, 0x70, 0x42, 0x0, 0xff, 0xa0,
    0x0, 0xa0, 0x1f, 0xfc, 0x3, 0xd, 0x0, 0xff,
    0xe0, 0x30, 0x8, 0x7, 0xff, 0x3d, 0x80, 0x5f,
    0xf4, 0x3, 0xf8, 0xc3, 0x40, 0x3f, 0xe6, 0x0,
    0x28, 0x7, 0xf8, 0xa0, 0xc, 0x80, 0x33, 0x98,
    0x81, 0x3e, 0x8, 0x70, 0x7, 0x46, 0x77, 0xec,
    0x8, 0xb0, 0x80, 0x39, 0xcc, 0x2, 0x38, 0xf3,
    0x0, 0x0,

    /* U+04C4 "ӄ" */
    0xcf, 0x70, 0xc, 0x3b, 0xf2, 0x1, 0xf0, 0xe9,
    0x34, 0x80, 0x7d, 0xa6, 0xb2, 0x1, 0xf5, 0x9a,
    0xd0, 0x7, 0xd6, 0x88, 0xa0, 0xf, 0xa9, 0x11,
    0x60, 0x1f, 0x4a, 0x82, 0x75, 0xa8, 0x7, 0x8,
    0x10, 0x89, 0x2a, 0xc0, 0x33, 0xfe, 0xf7, 0x1c,
    0x12, 0x40, 0x2f, 0x0, 0x86, 0x20, 0xc, 0x20,
    0x1f, 0x9c, 0x41, 0xc0, 0x3f, 0x94, 0x3c, 0x3,
    0xf8, 0x80, 0xc0, 0x3f, 0xf8, 0x19, 0xee, 0x1,
    0xe2, 0x3, 0x0, 0xfe, 0x50, 0xf0, 0xf, 0xcc,
    0x20, 0xe0, 0x13, 0x8, 0x1, 0xa4, 0x18, 0x40,
    0x29, 0xef, 0xf4, 0x82, 0x48, 0x6, 0x72, 0x0,
    0x1c, 0xd8, 0x0,

    /* U+04C5 "Ӆ" */
    0x0, 0xe5, 0xff, 0xfe, 0xe0, 0xf, 0xc4, 0x1,
    0xff, 0xc6, 0xe0, 0x6f, 0xfe, 0x80, 0xf, 0xf2,
    0x87, 0x0, 0x7f, 0xf1, 0x8, 0x8, 0x3, 0xff,
    0x88, 0x20, 0xc0, 0x1f, 0xfc, 0x33, 0x0, 0x18,
    0x7, 0xff, 0xd, 0x80, 0x40, 0x3f, 0xf8, 0x9a,
    0x4, 0x1, 0xff, 0xc4, 0x20, 0x50, 0xf, 0xfe,
    0x23, 0x87, 0x80, 0x7f, 0xf1, 0x8, 0x8, 0x3,
    0xff, 0x86, 0x60, 0x5, 0x0, 0xff, 0xe1, 0xa0,
    0x10, 0x80, 0x7f, 0xf0, 0xec, 0x10, 0x3, 0xff,
    0x86, 0xc6, 0x14, 0x1, 0xff, 0xc1, 0xef, 0x90,
    0x43, 0x0, 0xfe, 0x1f, 0xf2, 0x8, 0xb, 0x58,
    0x7, 0xff, 0x5, 0x3f, 0xdd, 0x20, 0x1f, 0xcf,
    0xf4, 0x8, 0x1, 0xff, 0xc4, 0xe0, 0xc0, 0xf,
    0xfe, 0x19, 0x20, 0x28, 0x7, 0xff, 0xe, 0xc0,
    0x48, 0x3, 0xff, 0x86, 0xa4, 0xc0, 0x0,

    /* U+04C6 "ӆ" */
    0x0, 0xd5, 0xff, 0xf6, 0x0, 0x7c, 0x20, 0x23,
    0x80, 0x3f, 0xce, 0x17, 0xdd, 0x38, 0x7, 0xf1,
    0x3, 0x0, 0x7f, 0xf0, 0x44, 0x4, 0x3, 0xff,
    0x80, 0x40, 0x2, 0x0, 0xff, 0xe0, 0x30, 0x8,
    0x7, 0xff, 0x4, 0xc1, 0x40, 0x3f, 0xf8, 0x3a,
    0x6, 0x1, 0xff, 0xc1, 0x40, 0xc0, 0xf, 0xfe,
    0x2, 0x8, 0x20, 0x7, 0xff, 0x2, 0x1, 0x80,
    0x3f, 0xe8, 0xd3, 0x18, 0x0, 0xf8, 0xff, 0xc2,
    0xa4, 0x7a, 0x20, 0x1f, 0xc4, 0x3b, 0xf8, 0x60,
    0x1e, 0x8f, 0x90, 0x40, 0xf, 0xfe, 0xe, 0x86,
    0x80, 0x7f, 0xf0, 0x5, 0x1, 0x0, 0x3f, 0xf8,
    0xe, 0x6, 0x1, 0xff, 0xc2, 0x59, 0x0, 0x0,

    /* U+04C7 "Ӈ" */
    0x7f, 0xd0, 0xf, 0xe9, 0xfb, 0x0, 0xff, 0xff,
    0x80, 0x7f, 0xf1, 0x4b, 0xff, 0xf9, 0x80, 0x3f,
    0xf8, 0xe5, 0xff, 0xfc, 0xc0, 0x1f, 0xff, 0xf0,
    0xf, 0xff, 0x1, 0x0, 0xbf, 0xe8, 0x7, 0xf2,
    0x86, 0x80, 0x7f, 0xc8, 0x20, 0x80, 0x1f, 0xe1,
    0x90, 0x23, 0x0, 0xca, 0x62, 0x2, 0xb8, 0x41,
    0x20, 0x1d, 0x39, 0xdf, 0xd4, 0x41, 0x48, 0x1,
    0xd4, 0x62, 0x0, 0x27, 0xe5, 0x0, 0x0,

    /* U+04C8 "ӈ" */
    0xcf, 0x80, 0xf, 0xbf, 0xca, 0x1, 0xff, 0xf7,
    0x7f, 0xff, 0x80, 0x3c, 0x23, 0xf0, 0x7, 0x3f,
    0x77, 0xc0, 0x1f, 0xff, 0x8c, 0xf8, 0x0, 0xfe,
    0x10, 0xf, 0xe3, 0x0, 0x30, 0x7, 0xf5, 0x80,
    0x90, 0x6, 0x63, 0x0, 0x33, 0x84, 0x80, 0x75,
    0x67, 0xfa, 0x41, 0x1c, 0x3, 0xa4, 0xc0, 0x5,
    0x16, 0x0,

    /* U+04C9 "Ӊ" */
    0x7f, 0xd0, 0xf, 0xe9, 0xfb, 0x0, 0xff, 0xff,
    0x80, 0x7f, 0xf6, 0x8b, 0xff, 0xf9, 0x80, 0x3f,
    0xf9, 0xa5, 0xff, 0xfc, 0xc0, 0x1f, 0xff, 0xf0,
    0xf, 0xff, 0x42, 0x7f, 0x88, 0x3, 0xff, 0x88,
    0x44, 0x7f, 0xd0, 0xf, 0xe9, 0xf8, 0x4, 0x0,
    0xff, 0xe1, 0xc8, 0x68, 0x7, 0xff, 0x9, 0x44,
    0x10, 0x3, 0xff, 0x85, 0xc0, 0x60, 0x1f, 0xfc,
    0x21, 0x62, 0xa0, 0x0,

    /* U+04CA "ӊ" */
    0xcf, 0x80, 0xf, 0xbf, 0xca, 0x1, 0xff, 0xff,
    0x0, 0xcf, 0xff, 0xf0, 0x7, 0xe1, 0x1f, 0x80,
    0x3e, 0x7e, 0xef, 0x80, 0x3f, 0xfe, 0x55, 0xf4,
    0x1, 0xff, 0xc2, 0xcc, 0x7c, 0x0, 0x7d, 0xfe,
    0x20, 0x40, 0xf, 0xf8, 0x8b, 0x0, 0x7f, 0xd4,
    0x8, 0x1, 0xff, 0xc0, 0x50, 0xc0, 0xf, 0xf8,
    0x5d, 0x50, 0x0,

    /* U+04CB "Ӌ" */
    0xef, 0x60, 0xf, 0xd7, 0xf4, 0x1, 0xff, 0xff,
    0x0, 0xff, 0x84, 0x3, 0xfe, 0x20, 0xc0, 0xf,
    0xfa, 0xc1, 0x24, 0x80, 0x4, 0x91, 0xa8, 0x0,
    0x73, 0x6, 0xdf, 0xf6, 0xdb, 0x90, 0x6, 0xc9,
    0x30, 0x8, 0x96, 0x79, 0x0, 0x33, 0x67, 0xfd,
    0xb4, 0xc2, 0x1, 0xff, 0xea, 0xef, 0x40, 0xf,
    0xfe, 0x7d, 0x7d, 0x0, 0x7f, 0xf9, 0xc8, 0x82,
    0x0,

    /* U+04CC "ӌ" */
    0x1f, 0xf1, 0x80, 0x7a, 0x7e, 0xc0, 0x3f, 0xfe,
    0xa2, 0x0, 0x50, 0xe, 0x15, 0x0, 0x94, 0x21,
    0x0, 0x7, 0x1c, 0x60, 0x14, 0x8, 0xaf, 0xfd,
    0x8e, 0x68, 0x1, 0x17, 0xb9, 0x91, 0xb5, 0xe1,
    0x0, 0x61, 0x8c, 0xdc, 0x94, 0x0, 0xff, 0xe6,
    0xcf, 0xb0, 0x7, 0xff, 0x35, 0x7e, 0xc0, 0x3f,
    0xfc, 0x78, 0xba, 0x0,

    /* U+04CD "Ӎ" */
    0x7f, 0xf8, 0x80, 0x3f, 0xd3, 0xff, 0x8, 0x7,
    0xac, 0x3, 0xfc, 0xe0, 0x1f, 0x90, 0x1c, 0x3,
    0xf9, 0x44, 0x80, 0x3e, 0x23, 0x15, 0x0, 0xfd,
    0x21, 0x40, 0x1f, 0x1d, 0x7, 0x0, 0x7c, 0x46,
    0x28, 0x1, 0xf9, 0xc1, 0x8, 0x3, 0xd4, 0xc,
    0x1, 0xf8, 0x44, 0xa1, 0x40, 0x1e, 0x60, 0xa7,
    0x0, 0xfe, 0xe0, 0x60, 0xe, 0x51, 0x32, 0x0,
    0xff, 0x20, 0x89, 0x0, 0x37, 0x5, 0x0, 0x7f,
    0xf0, 0x18, 0x38, 0x2, 0x14, 0x6, 0x0, 0xff,
    0xe0, 0x50, 0x28, 0x80, 0x18, 0x18, 0x3, 0xff,
    0x82, 0x46, 0xc, 0x0, 0x90, 0xa0, 0xf, 0xfe,
    0x15, 0x5, 0x2, 0x9, 0x98, 0x3, 0xff, 0x84,
    0xc0, 0x47, 0xc1, 0x40, 0x1f, 0xfc, 0x46, 0x8,
    0x50, 0x60, 0xf, 0xfe, 0x25, 0x2, 0x2, 0x80,
    0x7f, 0xf1, 0x4c, 0x80, 0x12, 0x1, 0xf7, 0x7b,
    0x80, 0x7e, 0xa0, 0x23, 0x0, 0xfe, 0x57, 0xfb,
    0x0, 0xe7, 0xfd, 0x0, 0xe4, 0xfd, 0x1, 0x20,
    0xf, 0xfe, 0x35, 0x83, 0x80, 0x7f, 0xf1, 0xd8,
    0x30, 0x3, 0xff, 0x8c, 0xc0, 0x4, 0x0, 0xff,
    0xe3, 0x69, 0x20, 0x80,

    /* U+04CE "ӎ" */
    0xcf, 0xf3, 0x80, 0x7c, 0x3f, 0xf1, 0x0, 0x75,
    0x0, 0x7c, 0xc0, 0x1f, 0xc4, 0x60, 0x1e, 0xa0,
    0xf, 0xca, 0x12, 0x1, 0xc8, 0x45, 0x0, 0x7b,
    0xc1, 0x40, 0x3b, 0x82, 0x8c, 0x3, 0xc2, 0xa0,
    0xc0, 0x10, 0xa8, 0x30, 0x7, 0xee, 0xa, 0x0,
    0x98, 0x14, 0x40, 0x3f, 0x21, 0x19, 0x80, 0x14,
    0x12, 0x1, 0xfe, 0xa0, 0xa0, 0x42, 0x21, 0x80,
    0x7f, 0x98, 0x18, 0x38, 0x2c, 0x3, 0xfe, 0x14,
    0x7, 0x50, 0x70, 0xf, 0xfe, 0x7, 0x84, 0x3,
    0x8, 0x7, 0xff, 0x1, 0x4, 0x1, 0x40, 0x1d,
    0xbe, 0xc0, 0x1e, 0x60, 0x33, 0x0, 0x7c, 0x99,
    0xe8, 0x1, 0x47, 0xe0, 0x6, 0xef, 0x1, 0x20,
    0xf, 0xfe, 0x12, 0x82, 0x0, 0x7f, 0xf0, 0xf8,
    0x30, 0x3, 0xff, 0x84, 0x28, 0x8, 0x1, 0xff,
    0xc2, 0x25, 0x62, 0x0,

    /* U+04CF "ӏ" */
    0xff, 0xf6, 0x4a, 0x80, 0x5, 0xa1, 0xa8, 0xc1,
    0xe5, 0x0, 0x3f, 0xff, 0xe0, 0x1f, 0xfc, 0x46,
    0xa3, 0x7, 0x94, 0x95, 0x0, 0xb, 0x40,

    /* U+04D0 "Ӑ" */
    0x0, 0xd7, 0xee, 0x0, 0x1f, 0xf1, 0x0, 0x7e,
    0xf0, 0x8a, 0x9c, 0x4, 0x20, 0xf, 0xc9, 0x68,
    0xac, 0xf, 0x60, 0x1f, 0xe4, 0xbf, 0xf6, 0xc0,
    0x7, 0xff, 0x4b, 0xbe, 0x0, 0x3f, 0xf8, 0x2a,
    0x20, 0xc0, 0x1f, 0xfc, 0x19, 0x2, 0x15, 0x0,
    0xff, 0x88, 0xc6, 0x2, 0x40, 0x3f, 0xeb, 0x7,
    0x51, 0x32, 0x0, 0xff, 0x38, 0x58, 0x38, 0x58,
    0x7, 0xf2, 0x89, 0x90, 0x58, 0x30, 0x7, 0xf4,
    0x85, 0x0, 0x8, 0xc1, 0x80, 0x3e, 0x23, 0x16,
    0x0, 0xa4, 0x28, 0x3, 0xeb, 0x7, 0x0, 0xca,
    0x26, 0x40, 0x1e, 0x60, 0x6f, 0xfe, 0x10, 0xb0,
    0xe, 0x60, 0xf, 0xf3, 0x0, 0x75, 0x4, 0x77,
    0x7c, 0x20, 0xc0, 0x11, 0x98, 0x18, 0x47, 0xe6,
    0xa, 0x0, 0xa8, 0x14, 0x40, 0x3e, 0xa0, 0x33,
    0x0, 0x18, 0x38, 0x3, 0xf1, 0x18, 0x50, 0x30,
    0xa, 0x0, 0x7f, 0x50, 0x30, 0x50, 0x30, 0x7,
    0xf9, 0x80, 0xc,

    /* U+04D1 "ӑ" */
    0x0, 0x37, 0xd0, 0x5, 0x5e, 0xc0, 0x13, 0x82,
    0xb1, 0x32, 0x83, 0x80, 0x43, 0x63, 0x3b, 0x23,
    0x62, 0x1, 0x93, 0xb2, 0xb3, 0x90, 0x3, 0xe3,
    0x53, 0x0, 0xf1, 0x46, 0x7f, 0xd8, 0xc0, 0x10,
    0xeb, 0x98, 0x90, 0x1c, 0xc8, 0x0, 0x2f, 0x5d,
    0xcd, 0xf7, 0x6, 0x20, 0x4, 0x28, 0x80, 0x50,
    0x20, 0x80, 0x1f, 0xc4, 0x2, 0x1, 0x13, 0x44,
    0x26, 0x44, 0x1, 0x1e, 0x6c, 0xbb, 0x99, 0x82,
    0x0, 0x2c, 0x33, 0x57, 0x7f, 0xc6, 0x0, 0xb0,
    0x1c, 0x51, 0x0, 0xf2, 0x83, 0x80, 0x78, 0x80,
    0xe, 0x6, 0x1, 0xca, 0x20, 0x3, 0x5, 0x40,
    0x9, 0xa8, 0x2, 0x91, 0xb, 0xed, 0xf9, 0x68,
    0x0, 0xf, 0xb0, 0x88, 0x8e, 0x64, 0x60, 0x0,

    /* U+04D2 "Ӓ" */
    0x0, 0xc5, 0xd8, 0x0, 0x4f, 0xa0, 0xf, 0xe7,
    0x13, 0x0, 0x18, 0x38, 0x7, 0xf2, 0xc5, 0x80,
    0x1a, 0x38, 0x3, 0xfc, 0xe8, 0x0, 0x17, 0x30,
    0xf, 0xfe, 0x8f, 0x7c, 0x0, 0x7f, 0xf0, 0x54,
    0x41, 0x80, 0x3f, 0xf8, 0x32, 0x4, 0x2a, 0x1,
    0xff, 0x11, 0x8c, 0x4, 0x80, 0x7f, 0xd6, 0xe,
    0xa2, 0x64, 0x1, 0xfe, 0x70, 0xb0, 0x70, 0xb0,
    0xf, 0xe5, 0x13, 0x20, 0xb0, 0x60, 0xf, 0xe9,
    0xa, 0x0, 0x11, 0x83, 0x0, 0x7c, 0x46, 0x2c,
    0x1, 0x48, 0x50, 0x7, 0xd6, 0xe, 0x1, 0x94,
    0x4c, 0x80, 0x3c, 0xc0, 0xdf, 0xfc, 0x21, 0x60,
    0x1c, 0xc0, 0x1f, 0xe6, 0x0, 0xea, 0x8, 0xee,
    0xf8, 0x41, 0x80, 0x23, 0x30, 0x30, 0x8f, 0xcc,
    0x14, 0x1, 0x50, 0x28, 0x80, 0x7d, 0x40, 0x66,
    0x0, 0x30, 0x70, 0x7, 0xe2, 0x30, 0xa0, 0x60,
    0x14, 0x0, 0xfe, 0xa0, 0x60, 0xa0, 0x60, 0xf,
    0xf3, 0x0, 0x18,

    /* U+04D3 "ӓ" */
    0x0, 0x17, 0x60, 0x0, 0xfe, 0x80, 0x33, 0x9,
    0x80, 0x14, 0x10, 0x3, 0x24, 0x50, 0x1, 0xa3,
    0x40, 0x39, 0xd4, 0x2, 0x73, 0x0, 0xc5, 0x19,
    0xff, 0x63, 0x0, 0x43, 0xae, 0x62, 0x40, 0x73,
    0x20, 0x0, 0xbd, 0x77, 0x37, 0xdc, 0x18, 0x80,
    0x10, 0xa2, 0x1, 0x40, 0x82, 0x0, 0x7f, 0x10,
    0x8, 0x4, 0x4d, 0x10, 0x99, 0x10, 0x4, 0x79,
    0xb2, 0xee, 0x66, 0x8, 0x0, 0xb0, 0xcd, 0x5d,
    0xff, 0x18, 0x2, 0xc0, 0x71, 0x44, 0x3, 0xca,
    0xe, 0x1, 0xe2, 0x0, 0x38, 0x18, 0x7, 0x28,
    0x80, 0xc, 0x15, 0x0, 0x26, 0xa0, 0xa, 0x44,
    0x2f, 0xb7, 0xe5, 0xa0, 0x0, 0x3e, 0xc2, 0x22,
    0x39, 0x91, 0x80, 0x0,

    /* U+04D4 "Ӕ" */
    0x0, 0xfe, 0x7f, 0xff, 0xfe, 0x2, 0x80, 0x7f,
    0x48, 0x7, 0xff, 0x25, 0xc4, 0x5f, 0x40, 0xf,
    0xff, 0x94, 0x3, 0xf4, 0x84, 0x0, 0x7f, 0xf1,
    0xd8, 0x49, 0x80, 0x3f, 0xf8, 0xf0, 0x16, 0x1,
    0xff, 0xc7, 0x61, 0x26, 0x0, 0xff, 0xe3, 0xd8,
    0x40, 0x7, 0xbf, 0xfd, 0xa0, 0x1e, 0x62, 0x22,
    0x80, 0x7f, 0xf1, 0xec, 0x20, 0x3, 0xef, 0xff,
    0x68, 0x7, 0x29, 0x5, 0x7f, 0xea, 0x0, 0xff,
    0xe1, 0x40, 0x7, 0xff, 0x25, 0x48, 0x7b, 0xbd,
    0x40, 0x1f, 0xfc, 0x18, 0x6, 0x11, 0xf0, 0x7,
    0xff, 0x5, 0x48, 0x24, 0x3, 0xff, 0x8f, 0x20,
    0xc2, 0x1, 0xff, 0xc6, 0x43, 0x8, 0x0, 0xff,
    0x7f, 0xfc, 0xa1, 0x0, 0xa2, 0x1, 0xff, 0xc6,

    /* U+04D5 "ӕ" */
    0x0, 0x25, 0x6f, 0xfb, 0xa4, 0x40, 0x63, 0x7f,
    0xd6, 0x80, 0x19, 0xed, 0x48, 0x46, 0x6f, 0x3f,
    0x72, 0x10, 0x4b, 0x90, 0x9, 0x99, 0x7f, 0xdc,
    0xd2, 0x1c, 0x16, 0xfe, 0xf9, 0x6, 0x50, 0x0,
    0xca, 0x0, 0x45, 0x20, 0x3, 0x90, 0x9, 0x98,
    0x12, 0x1, 0xfc, 0xc0, 0xa, 0x0, 0xec, 0x3,
    0x0, 0xcb, 0x37, 0x6c, 0xe0, 0x5, 0xe6, 0x74,
    0x0, 0x8, 0x17, 0xa9, 0x91, 0x6, 0x60, 0x1,
    0x19, 0xf1, 0x0, 0x47, 0x42, 0x77, 0xdf, 0xed,
    0x0, 0x67, 0xff, 0xe2, 0xa0, 0x2c, 0x41, 0x0,
    0x8, 0x1, 0x80, 0x3f, 0x94, 0x10, 0x3, 0x98,
    0x1, 0x80, 0x1f, 0xce, 0x6, 0x1, 0xd2, 0x0,
    0x61, 0x0, 0xfc, 0x60, 0xaa, 0x0, 0x15, 0x9b,
    0x18, 0x62, 0x0, 0x44, 0xec, 0x12, 0x21, 0x5f,
    0xed, 0x45, 0x9d, 0x22, 0x5f, 0xf7, 0xec, 0x70,
    0xf, 0xb0, 0x80, 0xe, 0xa8, 0x3, 0xb0, 0x60,
    0x22, 0x37, 0x90,

    /* U+04D6 "Ӗ" */
    0x0, 0x7f, 0x8c, 0x0, 0x9f, 0xc0, 0x13, 0x86,
    0xcc, 0xac, 0x24, 0x2, 0x89, 0x36, 0x61, 0xcb,
    0x80, 0x66, 0xdf, 0xf6, 0x30, 0x7, 0xff, 0x5,
    0xff, 0xff, 0xb8, 0x3, 0xff, 0x82, 0x5f, 0xff,
    0x70, 0x7, 0xff, 0x88, 0xbf, 0xfe, 0x60, 0xf,
    0xfe, 0x9, 0x7f, 0xfc, 0xc0, 0x1f, 0xff, 0x82,
    0xff, 0xfb, 0x80, 0x3f, 0xe0,

    /* U+04D7 "ӗ" */
    0x0, 0x27, 0xe0, 0x5, 0x3e, 0xe0, 0x19, 0x4,
    0xdc, 0x95, 0x81, 0x40, 0x3b, 0x4a, 0x36, 0x86,
    0x88, 0x3, 0x8f, 0x72, 0xb3, 0x94, 0x3, 0xf1,
    0xa9, 0x80, 0x7e, 0x3a, 0xef, 0xeb, 0x50, 0xe,
    0x7c, 0x51, 0x19, 0x2a, 0x80, 0x12, 0xc0, 0x4f,
    0xf7, 0xd0, 0x2b, 0x80, 0x20, 0x25, 0x80, 0x25,
    0x90, 0x80, 0x32, 0x6, 0x0, 0xe7, 0x0, 0x1a,
    0x80, 0x33, 0x3d, 0xa0, 0x6, 0xe0, 0x1, 0x9f,
    0xc0, 0x1c, 0x5f, 0xff, 0xcb, 0xe0, 0x40, 0x1f,
    0xe3, 0x0, 0x18, 0x7, 0xf2, 0x8, 0x78, 0x7,
    0xfa, 0xc0, 0xf0, 0xc0, 0x22, 0x79, 0x0, 0x2c,
    0x81, 0xe7, 0xf7, 0xec, 0x10, 0x4, 0xda, 0xc4,
    0x2, 0x6, 0xf2, 0x0,

    /* U+04D8 "Ә" */
    0x0, 0x24, 0x67, 0x7f, 0xdb, 0x4a, 0x1, 0xe4,
    0xb7, 0x31, 0x0, 0x89, 0x6b, 0x90, 0x3, 0x92,
    0x2f, 0x7f, 0xec, 0x81, 0x15, 0xa8, 0x4, 0x96,
    0xe8, 0x40, 0x11, 0xbf, 0x20, 0x51, 0x0, 0x7f,
    0xf0, 0x6c, 0x82, 0x0, 0x3f, 0xf8, 0x56, 0xa,
    0x20, 0x1f, 0xfc, 0x17, 0x0, 0x20, 0x7, 0xff,
    0x4, 0x44, 0x1a, 0xff, 0xff, 0xfc, 0x11, 0x1,
    0x0, 0xff, 0xe2, 0x88, 0x3, 0xff, 0xfe, 0x10,
    0x12, 0x0, 0x10, 0x7, 0xf0, 0x88, 0x35, 0x40,
    0xe, 0x1, 0xfc, 0xe0, 0x7, 0x13, 0xf, 0x0,
    0xfe, 0xb0, 0x32, 0x9, 0x5, 0x50, 0x7, 0xd6,
    0x41, 0xe0, 0x5, 0x50, 0x54, 0x98, 0x0, 0x9b,
    0x50, 0x20, 0xc0, 0x2a, 0x50, 0x6c, 0xff, 0x6c,
    0x90, 0x4b, 0x80, 0x75, 0x5a, 0x90, 0x0, 0x4e,
    0x39, 0x80, 0x20,

    /* U+04D9 "ә" */
    0x5, 0xad, 0xff, 0xb1, 0xc0, 0x3a, 0x94, 0x80,
    0x40, 0xe3, 0x88, 0x2, 0x6b, 0xef, 0xef, 0xb2,
    0x1c, 0x10, 0x4, 0xa0, 0x80, 0x49, 0x82, 0x28,
    0x0, 0xfe, 0x18, 0x7, 0x0, 0xff, 0x28, 0x9,
    0x46, 0x67, 0xef, 0x0, 0x9, 0x19, 0xff, 0x0,
    0x46, 0x7, 0xff, 0xeb, 0x0, 0x17, 0x1, 0x0,
    0x78, 0xc0, 0x44, 0xa0, 0x28, 0x1, 0xd2, 0xc,
    0x4, 0xa1, 0x46, 0x0, 0x1b, 0x11, 0x48, 0x2,
    0xcc, 0x73, 0xba, 0x41, 0xd1, 0x0, 0xe, 0x41,
    0x88, 0x89, 0xfc, 0xc0, 0x0,

    /* U+04DA "Ӛ" */
    0x0, 0xc3, 0x6, 0x0, 0x27, 0x20, 0xf, 0xe9,
    0x7e, 0x0, 0x44, 0x40, 0x1f, 0xda, 0x8, 0x0,
    0xc0, 0xc0, 0xf, 0xe5, 0xf9, 0x0, 0x37, 0xb0,
    0x7, 0xff, 0x75, 0x23, 0x3b, 0xfe, 0xda, 0x50,
    0xf, 0x25, 0xb9, 0x88, 0x4, 0x4b, 0x5c, 0x80,
    0x1c, 0x91, 0x7b, 0xff, 0x64, 0x8, 0xad, 0x40,
    0x24, 0xb7, 0x42, 0x0, 0x8d, 0xf9, 0x2, 0x88,
    0x3, 0xff, 0x83, 0x64, 0x10, 0x1, 0xff, 0xc2,
    0xb0, 0x51, 0x0, 0xff, 0xe0, 0xb8, 0x1, 0x0,
    0x3f, 0xf8, 0x22, 0x20, 0xd7, 0xff, 0xff, 0xe0,
    0x88, 0x8, 0x7, 0xff, 0x14, 0x40, 0x1f, 0xff,
    0xf0, 0x80, 0x90, 0x0, 0x80, 0x3f, 0x84, 0x41,
    0xaa, 0x0, 0x70, 0xf, 0xe7, 0x0, 0x38, 0x98,
    0x78, 0x7, 0xf5, 0x81, 0x90, 0x48, 0x2a, 0x80,
    0x3e, 0xb2, 0xf, 0x0, 0x2a, 0x82, 0xa4, 0xc0,
    0x4, 0xda, 0x81, 0x6, 0x1, 0x52, 0x83, 0x67,
    0xfb, 0x64, 0x82, 0x5c, 0x3, 0xaa, 0xd4, 0x80,
    0x2, 0x71, 0xcc, 0x1, 0x0,

    /* U+04DB "ӛ" */
    0x0, 0x27, 0xd0, 0x1, 0xbd, 0xc0, 0x3b, 0x1,
    0xc0, 0x1e, 0x18, 0x1, 0xd3, 0x1c, 0x0, 0x88,
    0x48, 0x7, 0xb, 0x98, 0x0, 0x5c, 0x80, 0x32,
    0xd6, 0xff, 0xd8, 0xe0, 0x1d, 0x4a, 0x40, 0x20,
    0x71, 0xc4, 0x1, 0x35, 0xf7, 0xf7, 0xd9, 0xe,
    0x8, 0x2, 0x50, 0x40, 0x24, 0xc1, 0x14, 0x0,
    0x7f, 0xc, 0x3, 0x80, 0x7f, 0x94, 0x4, 0xa3,
    0x33, 0xf7, 0x80, 0x4, 0x8c, 0xff, 0x80, 0x23,
    0x3, 0xff, 0xf5, 0x80, 0xb, 0x80, 0x80, 0x3c,
    0x60, 0x22, 0x50, 0x14, 0x0, 0xe9, 0x6, 0x2,
    0x50, 0xa3, 0x0, 0xd, 0x88, 0xa4, 0x1, 0x66,
    0x39, 0xdd, 0x20, 0xe8, 0x80, 0x7, 0x20, 0xc4,
    0x44, 0xfe, 0x60, 0x0,

    /* U+04DC "Ӝ" */
    0x0, 0xfd, 0x5e, 0x80, 0xc, 0xe2, 0x0, 0xff,
    0xe2, 0x38, 0x18, 0x0, 0xc5, 0xc0, 0x3f, 0xf8,
    0x9d, 0xc, 0x0, 0xb8, 0x50, 0xf, 0xfe, 0x21,
    0xb8, 0x80, 0x11, 0xc0, 0x3f, 0xfa, 0xa5, 0xfe,
    0x60, 0xf, 0x37, 0xf0, 0x7, 0xdb, 0xf2, 0x5,
    0x41, 0x24, 0x1, 0xff, 0xc2, 0xa2, 0x39, 0x0,
    0x2b, 0x7, 0x80, 0x7f, 0xf0, 0x59, 0x43, 0x80,
    0x34, 0x91, 0x24, 0x3, 0xfe, 0x29, 0xa, 0x20,
    0xe, 0xf0, 0x65, 0x0, 0xff, 0x78, 0x2a, 0x80,
    0x3c, 0x52, 0x14, 0x40, 0x1f, 0xa4, 0x89, 0x40,
    0x1f, 0x99, 0x43, 0x80, 0x3e, 0x56, 0xe, 0x0,
    0xff, 0x58, 0x9f, 0xfa, 0x40, 0x7f, 0xd4, 0x10,
    0x60, 0x1f, 0xf0, 0x80, 0x7f, 0xbc, 0x3, 0xfe,
    0xb0, 0x1e, 0xf9, 0x1, 0xff, 0x40, 0x39, 0x0,
    0x7f, 0x22, 0x85, 0x88, 0x7, 0x9c, 0x83, 0x80,
    0x3f, 0xa4, 0x11, 0x40, 0x3f, 0x70, 0x1b, 0x0,
    0x7d, 0x4, 0x12, 0x1, 0xfc, 0x6a, 0x10, 0x20,
    0x1c, 0x4e, 0x10, 0x40, 0x1f, 0xeb, 0x11, 0x58,
    0x7, 0x70, 0x13, 0x80, 0x7f, 0xc3, 0x0, 0xa8,
    0x1, 0x31, 0x84, 0x80, 0x7f, 0xf0, 0x58, 0xc2,
    0x40, 0x3, 0x0, 0xa8, 0x1, 0xff, 0xc2, 0xe0,
    0x27, 0xb, 0x11, 0x58, 0x7, 0xff, 0xc, 0x9c,
    0x20, 0x80,

    /* U+04DD "ӝ" */
    0x0, 0xf4, 0x7b, 0x0, 0x2b, 0xd0, 0x3, 0xff,
    0x80, 0x61, 0xe0, 0x7, 0x3, 0x0, 0xff, 0xe0,
    0x4c, 0x40, 0x1, 0xd0, 0xc0, 0x1f, 0xfc, 0x2,
    0x71, 0x0, 0x1b, 0x88, 0x7, 0x8b, 0xfc, 0x80,
    0x18, 0xff, 0xc0, 0x1d, 0x1f, 0xa0, 0x50, 0x12,
    0x1, 0xff, 0x1b, 0x87, 0x0, 0x1c, 0xca, 0x40,
    0x3f, 0xdc, 0xe, 0x60, 0x17, 0x3, 0x18, 0x7,
    0xe7, 0x22, 0x40, 0x6, 0x28, 0xe, 0x0, 0xf8,
    0xa0, 0x38, 0x3, 0xce, 0x65, 0x0, 0x1e, 0xe0,
    0x73, 0x0, 0xfb, 0x81, 0xff, 0x0, 0x1f, 0xe3,
    0x28, 0x0, 0xfc, 0xa0, 0x2, 0x10, 0x1, 0x8,
    0x11, 0x80, 0x7c, 0x50, 0x13, 0xba, 0x0, 0x6f,
    0x20, 0x70, 0x7, 0xdc, 0x6, 0xc0, 0x1e, 0xa0,
    0x28, 0x0, 0xe7, 0x30, 0xe0, 0xf, 0x86, 0x41,
    0xcc, 0x2, 0x28, 0x8, 0x20, 0xf, 0xcc, 0x81,
    0xc0, 0x17, 0x1, 0xb8, 0x7, 0xfa, 0x80, 0xa0,
    0x1c, 0xc3, 0x80, 0x3f, 0xe1, 0x90, 0x73,

    /* U+04DE "Ӟ" */
    0x0, 0x23, 0x80, 0x4a, 0xe0, 0x1e, 0xb8, 0x60,
    0x1a, 0x84, 0x0, 0xe5, 0x15, 0x1, 0x31, 0x60,
    0xe, 0xae, 0x30, 0x6, 0x71, 0x0, 0x7f, 0xf4,
    0x45, 0xab, 0x7f, 0xed, 0xa4, 0x0, 0xa2, 0x54,
    0x80, 0x22, 0x5b, 0xb0, 0x2, 0xd6, 0x77, 0xfd,
    0xd6, 0x80, 0x90, 0x5, 0x4c, 0x40, 0x1, 0x4b,
    0x30, 0x50, 0xf, 0xf2, 0x0, 0x7f, 0xf0, 0x10,
    0x10, 0x3, 0xf2, 0x61, 0x94, 0x0, 0x53, 0xdc,
    0xff, 0x58, 0x46, 0x88, 0x4, 0x62, 0x20, 0x8,
    0xb4, 0x80, 0x35, 0x7f, 0xdd, 0x6a, 0xad, 0x50,
    0xf, 0x85, 0x2d, 0x82, 0x84, 0x3, 0xfa, 0x0,
    0xe, 0x1, 0xfc, 0x20, 0xe, 0x0, 0xfe, 0x20,
    0x7, 0x0, 0x7f, 0x40, 0x1, 0x36, 0x10, 0x40,
    0x2, 0xb6, 0xa0, 0xa4, 0x47, 0xbe, 0xff, 0x75,
    0x20, 0x2d, 0x5, 0x31, 0x88, 0x0, 0x4d, 0xb2,
    0x80, 0x0,

    /* U+04DF "ӟ" */
    0x0, 0x2f, 0xc8, 0x1, 0xbd, 0xc0, 0x36, 0x82,
    0x0, 0x30, 0x34, 0x3, 0x4c, 0x70, 0x2, 0x22,
    0x0, 0xc2, 0xe6, 0x0, 0x27, 0x20, 0x8, 0xe7,
    0x3b, 0xfd, 0xb2, 0x40, 0x14, 0x31, 0x88, 0xc4,
    0xda, 0x60, 0xf, 0x8d, 0xfe, 0xe6, 0x90, 0x70,
    0x1, 0x1c, 0x80, 0x22, 0x80, 0x20, 0xf, 0xe2,
    0x1, 0x0, 0xf8, 0x5a, 0x2, 0x0, 0x21, 0xff,
    0xba, 0x52, 0xd8, 0x3, 0x11, 0x42, 0x9, 0xe4,
    0x1, 0xe, 0xed, 0xdc, 0x54, 0xc1, 0x0, 0xf8,
    0x68, 0x5, 0xc0, 0x3f, 0xe1, 0x13, 0x98, 0x6,
    0x1a, 0x0, 0x28, 0x46, 0x7f, 0x6f, 0x71, 0x42,
    0x8, 0x61, 0x8, 0x48, 0x49, 0xb1, 0xc0,

    /* U+04E0 "Ӡ" */
    0x9, 0xff, 0xff, 0x80, 0x3f, 0xf8, 0x93, 0xff,
    0xf3, 0x0, 0xe0, 0x7, 0xf5, 0x31, 0x61, 0x80,
    0x7c, 0x38, 0xa9, 0x84, 0x1, 0xf1, 0xf9, 0xb5,
    0x88, 0x7, 0xcb, 0x83, 0x32, 0x0, 0xfc, 0x34,
    0x0, 0xaa, 0x39, 0x80, 0x7f, 0x8d, 0x63, 0x2c,
    0x40, 0x30, 0xff, 0xdd, 0x6a, 0x9, 0x80, 0x1f,
    0x85, 0x2a, 0x80, 0x4c, 0x1, 0xfe, 0x52, 0xc,
    0x0, 0xff, 0x98, 0x4, 0x3, 0xfe, 0x60, 0x10,
    0xf, 0xf2, 0x90, 0x78, 0xec, 0x18, 0x6, 0x28,
    0xa0, 0x45, 0x2, 0x7c, 0xfe, 0xe7, 0xeb, 0x82,
    0x58, 0xd, 0xb1, 0x88, 0xc0, 0x4d, 0x76, 0x0,
    0x0,

    /* U+04E1 "ӡ" */
    0x4f, 0xff, 0xf2, 0x83, 0x88, 0xfe, 0x0, 0x8,
    0x1f, 0x77, 0xc4, 0xc, 0x80, 0x1f, 0xac, 0xd2,
    0x40, 0x3f, 0x52, 0x1d, 0x80, 0x7e, 0x95, 0x2d,
    0x0, 0xfc, 0xec, 0x38, 0x20, 0x1f, 0x34, 0x6,
    0x8, 0x7, 0xe9, 0x0, 0x6e, 0x38, 0x7, 0xc6,
    0x70, 0x1c, 0x71, 0x80, 0x76, 0x65, 0xf6, 0x43,
    0x84, 0x1, 0xf9, 0x34, 0x82, 0x0, 0x3f, 0xd6,
    0xa, 0x1, 0xfe, 0x50, 0xf, 0xfe, 0x3, 0x80,
    0x7f, 0xf0, 0x30, 0x8, 0x3, 0xf8, 0x9c, 0x28,
    0x22, 0x6, 0x1, 0x97, 0x0, 0x9c, 0x9, 0xf3,
    0xfb, 0x9f, 0x42, 0x78, 0x0, 0x87, 0x31, 0x1c,
    0x95, 0x82, 0x0,

    /* U+04E2 "Ӣ" */
    0x0, 0xdf, 0xff, 0x58, 0x7, 0xe2, 0x2f, 0xc0,
    0x1f, 0xb7, 0x7e, 0x90, 0xf, 0xfe, 0x43, 0xfe,
    0x80, 0x7f, 0x5f, 0xf8, 0x80, 0x3f, 0xe5, 0x40,
    0xf, 0xfe, 0x8, 0xd8, 0x7, 0xff, 0xa, 0xc6,
    0x0, 0x3f, 0xf8, 0xa, 0xa3, 0x60, 0xf, 0xf8,
    0x6c, 0x38, 0xc0, 0x3f, 0xe8, 0x18, 0x20, 0xf,
    0xf9, 0x18, 0xdc, 0x4, 0x3, 0xfd, 0x21, 0xe0,
    0x1f, 0xfc, 0x8, 0x27, 0x30, 0xf, 0xf8, 0xdc,
    0xa0, 0x3, 0xff, 0x81, 0xc1, 0xc0, 0x1f, 0xfc,
    0x8, 0x26, 0x30, 0xf, 0xf0, 0x93, 0x8c, 0x80,
    0x7f, 0xf0, 0x38, 0x28, 0x3, 0xff, 0x80, 0x66,
    0x54, 0x0, 0xff, 0xe0, 0x8d, 0x80, 0x7f, 0xf0,
    0xac, 0x40, 0x3f, 0xe0,

    /* U+04E3 "ӣ" */
    0x0, 0x67, 0xff, 0xc0, 0x19, 0x88, 0xbc, 0x60,
    0x1a, 0xb7, 0x7d, 0x80, 0xc, 0xf7, 0x0, 0xe3,
    0xff, 0x80, 0x3f, 0x78, 0x7, 0xf9, 0x8c, 0x3,
    0xfd, 0x0, 0xe0, 0x1f, 0xa4, 0x57, 0x0, 0x3e,
    0x26, 0x8, 0x10, 0xf, 0xb8, 0x20, 0x80, 0x3e,
    0x53, 0x27, 0x0, 0xfd, 0x61, 0x0, 0x1f, 0xc,
    0xa, 0x28, 0x7, 0xdc, 0xe1, 0x20, 0x1f, 0x9c,
    0x1c, 0x80, 0x3f, 0x86, 0x0, 0x3f, 0xd6, 0x1,
    0xf8,

    /* U+04E4 "Ӥ" */
    0x0, 0xd1, 0xea, 0x0, 0xaf, 0x40, 0xf, 0xc8,
    0x18, 0x0, 0x70, 0x30, 0xf, 0xdd, 0x10, 0x0,
    0x74, 0x38, 0x7, 0xe2, 0x71, 0x0, 0x1b, 0x80,
    0x7f, 0xf2, 0x5f, 0xf4, 0x3, 0xfa, 0xff, 0xc4,
    0x1, 0xff, 0x2a, 0x0, 0x7f, 0xf0, 0x46, 0xc0,
    0x3f, 0xf8, 0x56, 0x30, 0x1, 0xff, 0xc0, 0x55,
    0x1b, 0x0, 0x7f, 0xc3, 0x61, 0xc6, 0x1, 0xff,
    0x40, 0xc1, 0x0, 0x7f, 0xc8, 0xc6, 0xe0, 0x20,
    0x1f, 0xe9, 0xf, 0x0, 0xff, 0xe0, 0x41, 0x39,
    0x80, 0x7f, 0xc6, 0xe5, 0x0, 0x1f, 0xfc, 0xe,
    0xe, 0x0, 0xff, 0xe0, 0x41, 0x31, 0x80, 0x7f,
    0x84, 0x9c, 0x64, 0x3, 0xff, 0x81, 0xc1, 0x40,
    0x1f, 0xfc, 0x3, 0x32, 0xa0, 0x7, 0xff, 0x4,
    0x6c, 0x3, 0xff, 0x85, 0x62, 0x1, 0xff, 0x0,

    /* U+04E5 "ӥ" */
    0x0, 0x2f, 0xc8, 0x1, 0xbd, 0xc0, 0x36, 0x82,
    0x0, 0x30, 0x34, 0x3, 0x4c, 0x70, 0x2, 0x22,
    0x0, 0xc2, 0xe6, 0x0, 0x27, 0x20, 0x6, 0x7b,
    0x80, 0x71, 0xff, 0xc0, 0x1f, 0xbc, 0x3, 0xfc,
    0xc6, 0x1, 0xfe, 0x80, 0x70, 0xf, 0xd2, 0x2b,
    0x80, 0x1f, 0x13, 0x4, 0x8, 0x7, 0xdc, 0x10,
    0x40, 0x1f, 0x29, 0x93, 0x80, 0x7e, 0xb0, 0x80,
    0xf, 0x86, 0x5, 0x14, 0x3, 0xee, 0x70, 0x90,
    0xf, 0xce, 0xe, 0x40, 0x1f, 0xc3, 0x0, 0x1f,
    0xeb, 0x0, 0xfc,

    /* U+04E6 "Ӧ" */
    0x0, 0xe1, 0x74, 0x0, 0xb, 0x98, 0x7, 0xf9,
    0xa2, 0x80, 0x11, 0xf, 0x0, 0xff, 0x20, 0x20,
    0x3, 0x1, 0x0, 0x3f, 0xc7, 0xf4, 0x0, 0x5f,
    0x80, 0xf, 0xff, 0x13, 0x5f, 0x7f, 0xbb, 0x20,
    0x40, 0x3e, 0x4e, 0x94, 0x10, 0x0, 0x9b, 0xf3,
    0x80, 0x72, 0xd8, 0x8a, 0x33, 0xfd, 0xd4, 0x61,
    0x10, 0x0, 0x86, 0x80, 0xbd, 0xcc, 0x0, 0x2b,
    0x8e, 0xe, 0x80, 0x8, 0x0, 0x78, 0x80, 0x7d,
    0x6, 0x12, 0x0, 0x70, 0x52, 0x0, 0xfe, 0x90,
    0x23, 0x21, 0xf, 0x0, 0xff, 0x28, 0x1, 0x1c,
    0x0, 0xe0, 0x1f, 0xf1, 0x6, 0x98, 0x0, 0xc0,
    0x3f, 0xe1, 0x1, 0x0, 0xff, 0xe3, 0x18, 0x0,
    0xc0, 0x3f, 0xe1, 0x1, 0x70, 0x3, 0x80, 0x7f,
    0xc4, 0x1a, 0x42, 0x1e, 0x1, 0xfe, 0x50, 0x2,
    0x3, 0x82, 0x90, 0x7, 0xf4, 0x81, 0x18, 0x40,
    0x3, 0xc4, 0x3, 0xe9, 0x30, 0x90, 0x0, 0xd0,
    0x17, 0xb9, 0x0, 0x5, 0x71, 0x81, 0xd0, 0x2,
    0x5b, 0x11, 0x46, 0xff, 0xba, 0x8c, 0x22, 0x0,
    0x1c, 0x9d, 0x28, 0x20, 0x1, 0x38, 0xe7, 0x0,
    0x80,

    /* U+04E7 "ӧ" */
    0x0, 0xa3, 0xd8, 0x1, 0x5e, 0x80, 0x1e, 0x30,
    0xf0, 0x3, 0x81, 0x80, 0x7a, 0x62, 0x0, 0xe,
    0x86, 0x0, 0xf1, 0x38, 0x80, 0xd, 0xc4, 0x3,
    0xc7, 0x5d, 0xfe, 0xd8, 0x10, 0xe, 0x7c, 0x51,
    0x10, 0x13, 0xf9, 0x80, 0x4b, 0x0, 0xfd, 0xcf,
    0xc3, 0x1c, 0x10, 0x5, 0x83, 0x40, 0x80, 0xf,
    0x8, 0x2c, 0x10, 0x42, 0xc0, 0x3d, 0x60, 0xa0,
    0x60, 0x24, 0x1, 0xe4, 0x0, 0x1f, 0x81, 0x80,
    0x7c, 0x60, 0x7, 0x0, 0xff, 0xe0, 0x8f, 0x81,
    0x80, 0x7c, 0x60, 0x6, 0x40, 0x12, 0x0, 0xf2,
    0x0, 0xc, 0xc4, 0x10, 0x1, 0xeb, 0x5, 0x0,
    0x48, 0x2c, 0x88, 0x0, 0xac, 0x82, 0x0, 0x9,
    0x20, 0xdd, 0xd6, 0xa0, 0xd9, 0x0, 0x4d, 0xac,
    0x23, 0x13, 0xfa, 0x0, 0x0,

    /* U+04E8 "Ө" */
    0x0, 0xe6, 0xbe, 0xff, 0x76, 0x40, 0x80, 0x7c,
    0x9d, 0x28, 0x20, 0x1, 0x37, 0xe7, 0x0, 0xe5,
    0xb1, 0x29, 0xdf, 0xf7, 0x5a, 0x84, 0x40, 0x2,
    0x1a, 0x5, 0xd6, 0x20, 0x0, 0xa5, 0x50, 0x1d,
    0x0, 0x10, 0x5, 0x40, 0x1f, 0x95, 0x82, 0x40,
    0xe, 0x16, 0x1, 0xfe, 0x80, 0x23, 0x21, 0x4,
    0x0, 0xff, 0x9, 0x2, 0x38, 0x3, 0x7f, 0xff,
    0xe2, 0xd, 0x30, 0xf, 0xfe, 0x20, 0x80, 0x5d,
    0xff, 0xff, 0x10, 0x0, 0xc0, 0x4, 0x1, 0xff,
    0x10, 0xb, 0x80, 0x10, 0x3, 0xfc, 0x40, 0xd,
    0x21, 0xb, 0x0, 0xff, 0x28, 0x1, 0x1, 0xc0,
    0xd0, 0x3, 0xf0, 0xc8, 0x11, 0x84, 0x0, 0x28,
    0x80, 0x3e, 0xa1, 0x9, 0x0, 0xd, 0x0, 0xec,
    0x18, 0x0, 0x5b, 0x50, 0x1d, 0x0, 0x25, 0xb1,
    0x7, 0xcf, 0xf7, 0x49, 0x4, 0x40, 0x3, 0x93,
    0xa5, 0x4, 0x0, 0x27, 0x1c, 0xe0, 0x10,

    /* U+04E9 "ө" */
    0x0, 0x8e, 0xbb, 0xfd, 0xb0, 0x20, 0x1c, 0xf8,
    0xa2, 0x20, 0x27, 0xf3, 0x0, 0x96, 0x1, 0xfb,
    0x9f, 0xa8, 0x38, 0x20, 0xb, 0x6, 0x81, 0x0,
    0x15, 0x90, 0x58, 0x20, 0x85, 0x80, 0x7a, 0xc1,
    0x40, 0xc0, 0x48, 0x3, 0xc8, 0x0, 0x3f, 0x1,
    0xff, 0xfb, 0x40, 0xe, 0x1, 0x8, 0xfe, 0x0,
    0xbc, 0xb, 0xbb, 0xec, 0x0, 0x3a, 0x1, 0x8,
    0x7, 0x9c, 0x0, 0x66, 0x20, 0x90, 0xf, 0x48,
    0x28, 0x2, 0x41, 0xdc, 0x1, 0xd, 0x18, 0x40,
    0x1, 0x24, 0x23, 0xfb, 0xa5, 0xb, 0x20, 0x9,
    0xb5, 0x88, 0x44, 0x4f, 0xc8, 0x0,

    /* U+04EA "Ӫ" */
    0x0, 0xe4, 0xfa, 0x0, 0x2f, 0xc0, 0x7, 0xf8,
    0xc1, 0x0, 0x18, 0x8, 0x1, 0xfe, 0x78, 0xd0,
    0x4, 0x43, 0x80, 0x3f, 0xe7, 0x30, 0x0, 0xb9,
    0x0, 0x7f, 0xf4, 0x1a, 0xfb, 0xfd, 0xd9, 0x2,
    0x1, 0xf2, 0x74, 0xa0, 0x80, 0x4, 0xdf, 0x9c,
    0x3, 0x96, 0xc4, 0xa7, 0x7f, 0xdd, 0x6a, 0x11,
    0x0, 0x8, 0x68, 0x17, 0x58, 0x80, 0x2, 0x95,
    0x40, 0x74, 0x0, 0x40, 0x15, 0x0, 0x7e, 0x56,
    0x9, 0x0, 0x38, 0x58, 0x7, 0xfa, 0x0, 0x8c,
    0x84, 0x10, 0x3, 0xfc, 0x24, 0x8, 0xe0, 0xd,
    0xff, 0xff, 0x88, 0x34, 0xc0, 0x3f, 0xf8, 0x82,
    0x1, 0x77, 0xff, 0xfc, 0x40, 0x3, 0x0, 0x10,
    0x7, 0xfc, 0x40, 0x2e, 0x0, 0x40, 0xf, 0xf1,
    0x0, 0x34, 0x84, 0x2c, 0x3, 0xfc, 0xa0, 0x4,
    0x7, 0x3, 0x40, 0xf, 0xc3, 0x20, 0x46, 0x10,
    0x0, 0xa2, 0x0, 0xfa, 0x84, 0x24, 0x0, 0x34,
    0x3, 0xb0, 0x60, 0x1, 0x6d, 0x40, 0x74, 0x0,
    0x96, 0xc4, 0x1f, 0x3f, 0xdd, 0x24, 0x11, 0x0,
    0xe, 0x4e, 0x94, 0x10, 0x0, 0x9c, 0x73, 0x80,
    0x40,

    /* U+04EB "ӫ" */
    0x0, 0xa3, 0xd4, 0x1, 0x5e, 0x80, 0x1e, 0x40,
    0xc0, 0x3, 0x81, 0x0, 0x7b, 0xa2, 0x0, 0xe,
    0x86, 0x0, 0xf1, 0x38, 0x80, 0xd, 0xc0, 0x3e,
    0x3a, 0xef, 0xf6, 0xc0, 0x80, 0x73, 0xe2, 0x88,
    0x80, 0x9f, 0xcc, 0x2, 0x58, 0x7, 0xee, 0x7e,
    0xa0, 0xe0, 0x80, 0x2c, 0x1a, 0x4, 0x0, 0x56,
    0x41, 0x60, 0x82, 0x16, 0x1, 0xeb, 0x5, 0x3,
    0x1, 0x20, 0xf, 0x20, 0x0, 0xfc, 0x7, 0xff,
    0xed, 0x0, 0x38, 0x4, 0x23, 0xf8, 0x2, 0xf0,
    0x2e, 0xef, 0xb0, 0x0, 0xe8, 0x4, 0x20, 0x1e,
    0x70, 0x1, 0x98, 0x82, 0x40, 0x3d, 0x20, 0xa0,
    0x9, 0x7, 0x70, 0x4, 0x34, 0x61, 0x0, 0x4,
    0x90, 0x8f, 0xee, 0x94, 0x2c, 0x80, 0x26, 0xd6,
    0x21, 0x11, 0x3f, 0x20, 0x0,

    /* U+04EC "Ӭ" */
    0x0, 0x23, 0x80, 0x4a, 0xe0, 0x1f, 0xae, 0x18,
    0x6, 0xa1, 0x0, 0x3e, 0x51, 0x50, 0x13, 0x16,
    0x0, 0xfa, 0xb8, 0xc0, 0x19, 0xc4, 0x1, 0xff,
    0xd7, 0x16, 0xad, 0xff, 0xb6, 0x50, 0x3, 0xa2,
    0x54, 0x80, 0x22, 0x6b, 0xc2, 0x0, 0xa9, 0x67,
    0x3b, 0xfa, 0xd4, 0xf, 0x8, 0x0, 0x74, 0xc6,
    0x20, 0x29, 0x56, 0x3, 0xe0, 0x1f, 0xf2, 0x48,
    0x13, 0x0, 0x7f, 0xcc, 0x41, 0x40, 0x1f, 0xfc,
    0xa, 0x3, 0x0, 0x97, 0xff, 0xf4, 0x0, 0xc,
    0x3, 0xff, 0x84, 0xe0, 0x5, 0xff, 0xfd, 0x80,
    0x7, 0x0, 0xff, 0x9c, 0x0, 0x20, 0x1f, 0xf1,
    0x80, 0x8, 0x3, 0xfe, 0xb0, 0x40, 0xf, 0xf9,
    0x4c, 0x38, 0x3, 0xfc, 0x94, 0x6, 0xa1, 0x32,
    0x52, 0x0, 0x12, 0xd5, 0x80, 0xe8, 0x0, 0xda,
    0xb7, 0xfd, 0xb4, 0xa0, 0x9e, 0x20, 0x8, 0x73,
    0x10, 0x8, 0x9b, 0x2c, 0x40, 0x20,

    /* U+04ED "ӭ" */
    0xc, 0xe2, 0x1, 0xdd, 0x0, 0x42, 0x62, 0xc0,
    0x64, 0x50, 0x0, 0x6a, 0x10, 0xa, 0x64, 0x40,
    0x12, 0xb8, 0x4, 0xcc, 0x0, 0x96, 0xb7, 0xfd,
    0xb4, 0x60, 0x17, 0xa9, 0x8, 0x12, 0xe3, 0x80,
    0x26, 0xbb, 0x9f, 0xaa, 0x10, 0xc0, 0x6a, 0x20,
    0x2, 0xa5, 0x8, 0x0, 0xfd, 0x0, 0x28, 0x1,
    0xf1, 0x10, 0xc, 0x23, 0xff, 0xc4, 0x1c, 0x1e,
    0x45, 0xe0, 0xc, 0xfb, 0xbe, 0x20, 0xe0, 0xf,
    0x84, 0x80, 0xc0, 0x3e, 0x80, 0x14, 0x62, 0x0,
    0x8a, 0x58, 0x2c, 0x27, 0x7f, 0xbf, 0x58, 0x21,
    0x42, 0x50, 0x44, 0x4, 0xda, 0xe0, 0x0,

    /* U+04EE "Ӯ" */
    0x0, 0xd9, 0xff, 0xf0, 0x7, 0xf3, 0x11, 0x78,
    0xc0, 0x3f, 0xab, 0x77, 0xd8, 0x1, 0xff, 0xca,
    0x9f, 0xe1, 0x0, 0xfe, 0xbf, 0xc0, 0x80, 0x19,
    0x0, 0xfc, 0x48, 0x12, 0x2, 0xe0, 0xe2, 0x1,
    0xf4, 0x1, 0x28, 0x2, 0x44, 0x20, 0x3, 0xc2,
    0xa1, 0x60, 0x10, 0xc8, 0x30, 0x80, 0x74, 0x80,
    0xb0, 0x6, 0x71, 0x8, 0x0, 0xe7, 0x9, 0x0,
    0xf4, 0x3, 0x10, 0x4, 0xe0, 0x2e, 0x1, 0xe6,
    0x20, 0x80, 0xa, 0x41, 0x80, 0x3f, 0x40, 0x29,
    0x82, 0x88, 0x48, 0x7, 0xe5, 0x30, 0x80, 0x80,
    0x61, 0x0, 0xfe, 0x80, 0x47, 0x20, 0xb0, 0xf,
    0xf2, 0x20, 0x20, 0x14, 0x80, 0x3f, 0xe8, 0x0,
    0xa4, 0x3, 0xff, 0x80, 0x62, 0x8, 0x60, 0x1f,
    0xfc, 0x9, 0x10, 0x90, 0xf, 0xe4, 0x34, 0xa6,
    0x7, 0x20, 0xf, 0xea, 0xcb, 0x50, 0x58, 0x0,
    0xff, 0x28, 0x0, 0xa6, 0x80, 0x3f, 0x80,

    /* U+04EF "ӯ" */
    0x0, 0x1e, 0xef, 0xcc, 0x1, 0xce, 0x45, 0xf0,
    0x80, 0x72, 0x7f, 0xfc, 0xe0, 0x1f, 0xfc, 0x5c,
    0xfa, 0x0, 0xf9, 0xbf, 0xc3, 0x40, 0xa0, 0x1f,
    0x50, 0x28, 0xb0, 0x1, 0x80, 0x38, 0x8c, 0x38,
    0x0, 0xc1, 0x40, 0x1d, 0x40, 0x28, 0x0, 0xb0,
    0x32, 0x0, 0xca, 0xc, 0x1, 0x11, 0x85, 0x0,
    0x46, 0x41, 0x40, 0x1a, 0x81, 0x80, 0x2a, 0x3,
    0x20, 0xc, 0xc2, 0x25, 0x0, 0x38, 0x48, 0x7,
    0x9c, 0x38, 0x10, 0x41, 0x40, 0x3d, 0x60, 0x83,
    0xc0, 0xc0, 0x1f, 0x11, 0x82, 0x28, 0x50, 0x7,
    0xe9, 0x8, 0x2, 0x30, 0xf, 0xca, 0x24, 0x14,
    0x1, 0xfe, 0x70, 0x3, 0x0, 0x7f, 0x8c, 0x10,
    0x40, 0x3f, 0x85, 0x43, 0x80, 0x3f, 0xd2, 0x2,
    0xa0, 0x1e, 0x11, 0x14, 0x38, 0x58, 0x7, 0xd7,
    0xda, 0xe0, 0xaa, 0x0, 0xf8, 0x80, 0x5, 0x34,
    0x1, 0xf8,

    /* U+04F0 "Ӱ" */
    0x0, 0xc3, 0x6, 0x0, 0x27, 0x20, 0xf, 0xe9,
    0x7e, 0x0, 0x44, 0x40, 0x1f, 0xd8, 0x8, 0x0,
    0xc0, 0xd0, 0xf, 0xe4, 0xf9, 0x0, 0x37, 0xb8,
    0x7, 0xff, 0x6e, 0x7f, 0x84, 0x3, 0xfa, 0xff,
    0x2, 0x0, 0x64, 0x3, 0xf1, 0x20, 0x48, 0xb,
    0x83, 0x88, 0x7, 0xd0, 0x4, 0xa0, 0x9, 0x10,
    0x80, 0xf, 0xa, 0x85, 0x80, 0x43, 0x20, 0xc2,
    0x1, 0xd2, 0x2, 0xc0, 0x19, 0xc4, 0x20, 0x3,
    0x9c, 0x24, 0x3, 0xd0, 0xc, 0x40, 0x13, 0x80,
    0xb8, 0x7, 0x98, 0x82, 0x0, 0x29, 0x6, 0x0,
    0xfd, 0x0, 0xa6, 0xa, 0x21, 0x20, 0x1f, 0x94,
    0xc2, 0x2, 0x1, 0x84, 0x3, 0xfa, 0x1, 0x1c,
    0x82, 0xc0, 0x3f, 0xc8, 0x80, 0x80, 0x52, 0x0,
    0xff, 0xa0, 0x2, 0x90, 0xf, 0xfe, 0x1, 0x88,
    0x21, 0x80, 0x7f, 0xf0, 0x24, 0x42, 0x40, 0x3f,
    0x90, 0xd2, 0x98, 0x1c, 0x80, 0x3f, 0xab, 0x2d,
    0x41, 0x60, 0x3, 0xfc, 0xa0, 0x2, 0x9a, 0x0,
    0xfe,

    /* U+04F1 "ӱ" */
    0x0, 0xb3, 0xcc, 0x1, 0xbc, 0x20, 0x1e, 0x30,
    0x60, 0x12, 0x12, 0x0, 0xf5, 0xc2, 0x80, 0xd4,
    0x98, 0x7, 0x91, 0xc0, 0x25, 0x60, 0xd, 0x9f,
    0x40, 0x1f, 0x37, 0xf8, 0x68, 0x14, 0x3, 0xea,
    0x5, 0x16, 0x0, 0x30, 0x7, 0x11, 0x87, 0x0,
    0x18, 0x28, 0x3, 0xa8, 0x5, 0x0, 0x16, 0x6,
    0x40, 0x19, 0x41, 0x80, 0x22, 0x30, 0xa0, 0x8,
    0xc8, 0x28, 0x3, 0x50, 0x30, 0x5, 0x40, 0x64,
    0x1, 0x98, 0x44, 0xa0, 0x7, 0x9, 0x0, 0xf3,
    0x87, 0x2, 0x8, 0x28, 0x7, 0xac, 0x10, 0x78,
    0x18, 0x3, 0xe2, 0x30, 0x45, 0xa, 0x0, 0xfd,
    0x21, 0x0, 0x46, 0x1, 0xf9, 0x44, 0x82, 0x80,
    0x3f, 0xce, 0x0, 0x60, 0xf, 0xf1, 0x82, 0x8,
    0x7, 0xf0, 0xa8, 0x70, 0x7, 0xfa, 0x40, 0x54,
    0x3, 0xc2, 0x22, 0x87, 0xb, 0x0, 0xfa, 0xfb,
    0x5c, 0x15, 0x40, 0x1f, 0x10, 0x0, 0xa6, 0x80,
    0x3f, 0x0,

    /* U+04F2 "Ӳ" */
    0x0, 0xfc, 0x22, 0x0, 0x8, 0x80, 0x3f, 0xd9,
    0xda, 0x7, 0xdc, 0x50, 0xf, 0xca, 0x63, 0xa1,
    0xe0, 0xca, 0x1, 0xfa, 0xc7, 0x5, 0x4d, 0x64,
    0x3, 0xf4, 0x86, 0x90, 0xda, 0xd0, 0x7, 0xf4,
    0xf1, 0x80, 0xf5, 0x0, 0x7f, 0xf2, 0xa7, 0xf8,
    0x40, 0x3f, 0xaf, 0xf0, 0x20, 0x6, 0x40, 0x3f,
    0x12, 0x4, 0x80, 0xb8, 0x38, 0x80, 0x7d, 0x0,
    0x4a, 0x0, 0x91, 0x8, 0x0, 0xf0, 0xa8, 0x58,
    0x4, 0x32, 0xc, 0x20, 0x1d, 0x20, 0x2c, 0x1,
    0x9c, 0x42, 0x0, 0x39, 0xc2, 0x40, 0x3d, 0x0,
    0xc4, 0x1, 0x38, 0xb, 0x80, 0x79, 0x88, 0x20,
    0x2, 0x90, 0x60, 0xf, 0xd0, 0xa, 0x60, 0xa2,
    0x12, 0x1, 0xf9, 0x4c, 0x20, 0x20, 0x18, 0x40,
    0x3f, 0xa0, 0x11, 0xc8, 0x2c, 0x3, 0xfc, 0x88,
    0x8, 0x5, 0x20, 0xf, 0xfa, 0x0, 0x29, 0x0,
    0xff, 0xe0, 0x18, 0x82, 0x18, 0x7, 0xff, 0x2,
    0x44, 0x24, 0x3, 0xf9, 0xd, 0x29, 0x81, 0xc8,
    0x3, 0xfa, 0xb2, 0xd4, 0x16, 0x0, 0x3f, 0xca,
    0x0, 0x29, 0xa0, 0xf, 0xe0,

    /* U+04F3 "ӳ" */
    0x0, 0xe9, 0xfe, 0x1, 0xff, 0x40, 0x7, 0x13,
    0x5, 0x4, 0x1, 0xc0, 0x7, 0x48, 0x52, 0x13,
    0x16, 0x80, 0x73, 0x24, 0xa8, 0x71, 0x60, 0x80,
    0x73, 0x73, 0x0, 0x37, 0x42, 0x1, 0xf0, 0x80,
    0x42, 0x1, 0xd9, 0xf4, 0x1, 0xf3, 0x7f, 0x86,
    0x41, 0x44, 0x3, 0xd4, 0x8, 0x2a, 0x20, 0xe0,
    0x1c, 0x26, 0x1c, 0x0, 0x60, 0xb0, 0xe, 0x60,
    0x15, 0x0, 0x50, 0x11, 0x80, 0x6a, 0x6, 0x0,
    0x89, 0x2, 0x80, 0x23, 0x20, 0xa0, 0xd, 0xc0,
    0xe0, 0x15, 0x1, 0x90, 0x6, 0x51, 0x12, 0x80,
    0x1c, 0x28, 0x3, 0xcc, 0x1c, 0x8, 0x20, 0xc0,
    0x1e, 0xa0, 0x41, 0xd0, 0x50, 0xf, 0x89, 0x1,
    0xdc, 0x1c, 0x1, 0xfb, 0x82, 0xc4, 0x90, 0x3,
    0xf2, 0x89, 0x5, 0x0, 0x7f, 0x98, 0x0, 0xc0,
    0x1f, 0xe1, 0x4, 0x10, 0xf, 0xf3, 0x7, 0x0,
    0x7f, 0x9c, 0x5, 0x40, 0x3f, 0x96, 0x2, 0x0,
    0x3e, 0xad, 0xea, 0x5, 0x60, 0xf, 0x8c, 0x84,
    0xa2, 0x80, 0x3f, 0x0,

    /* U+04F4 "Ӵ" */
    0x0, 0xdb, 0xc2, 0x5, 0xda, 0x1, 0xe2, 0x20,
    0x90, 0x30, 0x90, 0x80, 0x71, 0x4c, 0x8c, 0x12,
    0x68, 0x40, 0x3c, 0xcc, 0x0, 0x99, 0x40, 0x3f,
    0xf8, 0xdf, 0xe4, 0x0, 0xf9, 0x7f, 0xc0, 0x1f,
    0xff, 0xd1, 0x0, 0xff, 0x88, 0x3c, 0x3, 0xfe,
    0xa0, 0x59, 0x20, 0x8, 0xde, 0x0, 0x27, 0x40,
    0x6d, 0xff, 0xb2, 0x8, 0x3, 0x5c, 0xa0, 0x80,
    0x5, 0x21, 0xc0, 0x39, 0xaf, 0xbf, 0xdd, 0x6f,
    0xa0, 0x1f, 0xff, 0xf0, 0xf, 0xf8,

    /* U+04F5 "ӵ" */
    0x0, 0x17, 0x68, 0x0, 0xfa, 0xc0, 0x39, 0x84,
    0x84, 0x18, 0x50, 0x3, 0x92, 0x68, 0x41, 0x62,
    0xc0, 0x3c, 0xca, 0x1, 0x3a, 0x0, 0x4f, 0xfa,
    0x1, 0xe3, 0xff, 0x8, 0x7, 0xff, 0x6c, 0x40,
    0x3f, 0xf8, 0x6, 0x4, 0x20, 0x1f, 0xc8, 0x0,
    0xa1, 0x0, 0x8a, 0xc0, 0x21, 0x90, 0x4e, 0xeb,
    0xf5, 0xc0, 0x33, 0x5a, 0x8, 0xc4, 0xb0, 0x1,
    0xc9, 0x7d, 0xfe, 0xda, 0x40, 0xf, 0xff, 0x58,

    /* U+04F6 "Ӷ" */
    0x7f, 0xff, 0xf1, 0x80, 0x7f, 0xf0, 0x8b, 0xff,
    0xf1, 0x80, 0x7f, 0xff, 0xc0, 0x3f, 0xff, 0xe0,
    0x1f, 0x8b, 0xfc, 0x20, 0x1f, 0xfc, 0x67, 0xfd,
    0x0, 0xff, 0xf1, 0x99, 0x10, 0x3, 0xe0,

    /* U+04F7 "ӷ" */
    0xcf, 0xff, 0xac, 0x2, 0x11, 0xe2, 0x0, 0x3f,
    0x77, 0x48, 0x7, 0xff, 0xfc, 0x3, 0xf3, 0xfc,
    0x0, 0x7f, 0xf0, 0x73, 0xd0, 0x3, 0xff, 0xaf,
    0xad, 0xa0, 0x18,

    /* U+04F8 "Ӹ" */
    0x0, 0xe5, 0xf8, 0x0, 0x3f, 0xb0, 0x7, 0xfb,
    0x1, 0x0, 0x1a, 0x18, 0x1, 0xfe, 0x88, 0x70,
    0x2, 0x1e, 0x0, 0x3f, 0xc2, 0xe4, 0x0, 0x28,
    0x20, 0xf, 0xfe, 0x5b, 0xfe, 0x80, 0x7f, 0xf0,
    0x33, 0xe0, 0x3, 0xff, 0xfe, 0x1, 0xff, 0xd7,
    0x2f, 0xfd, 0xb4, 0x80, 0x1f, 0xfc, 0x32, 0x5b,
    0xb0, 0x80, 0x7e, 0x2f, 0xfd, 0x8c, 0x9, 0x60,
    0x1f, 0xfc, 0x13, 0x98, 0x5, 0x20, 0xf, 0xfe,
    0x13, 0x0, 0x1c, 0x3, 0xff, 0x84, 0x20, 0x3,
    0x0, 0xff, 0xe1, 0x8, 0x0, 0xc0, 0x3f, 0xf8,
    0x52, 0x0, 0x40, 0xf, 0xfe, 0x1, 0xcb, 0x83,
    0x8, 0x7, 0xc5, 0xff, 0xb1, 0x81, 0x64, 0x3,
    0xff, 0x82, 0x4d, 0x94, 0x1, 0xf0,

    /* U+04F9 "ӹ" */
    0x0, 0xd1, 0xec, 0x0, 0xaf, 0x40, 0xf, 0xc6,
    0x1e, 0x0, 0x70, 0x30, 0xf, 0xd3, 0x10, 0x0,
    0x74, 0x30, 0x7, 0xe2, 0x71, 0x0, 0x1b, 0x88,
    0x6, 0xcf, 0x80, 0xf, 0xf6, 0x7c, 0x0, 0x7f,
    0xfd, 0x9b, 0x76, 0xc9, 0x40, 0xf, 0xe1, 0x22,
    0x8d, 0xae, 0xc0, 0x1f, 0x9f, 0xfe, 0xd8, 0x4,
    0x80, 0xf, 0xf8, 0x9d, 0x81, 0x40, 0x3f, 0xf8,
    0x3c, 0x6, 0x1, 0xff, 0xc1, 0xd0, 0x30, 0xf,
    0xfe, 0x3, 0x28, 0x50, 0x7, 0xcd, 0xba, 0xef,
    0x90, 0x47, 0x0, 0xf8, 0x48, 0x82, 0x24, 0x9b,
    0x0, 0xf0,

    /* U+04FA "Ӻ" */
    0x0, 0x3f, 0xff, 0xf8, 0xc0, 0x3f, 0xf8, 0xc5,
    0xff, 0xf8, 0xc0, 0x3f, 0xff, 0x4d, 0xf0, 0x5,
    0xff, 0xc6, 0x1, 0xff, 0xc5, 0x6f, 0x80, 0x2f,
    0xfe, 0x30, 0xf, 0xff, 0xf8, 0x0, 0xbf, 0x80,
    0x3f, 0xf9, 0x6f, 0xfa, 0x1, 0xff, 0xcf, 0x40,
    0x30, 0xf, 0xeb, 0xf9, 0x5, 0x0, 0xfe, 0x20,
    0x3, 0x40, 0x7, 0xc0,

    /* U+04FB "ӻ" */
    0x0, 0x6f, 0xff, 0xd6, 0x1, 0xc2, 0x3e, 0x0,
    0xd1, 0xdd, 0xd4, 0x1, 0xff, 0xd5, 0x9c, 0x20,
    0xac, 0xca, 0x80, 0xa, 0x60, 0x2, 0x33, 0x9c,
    0x1, 0x9e, 0x41, 0x1f, 0xf6, 0x80, 0x7f, 0xf6,
    0xe7, 0x14, 0x3, 0xf0, 0x99, 0x0, 0x7b, 0x7d,
    0x80, 0x3f, 0xf9, 0x2a, 0x2, 0x1, 0xc5, 0xfe,
    0x30, 0x40, 0xe, 0x31, 0x2, 0xa2, 0x0, 0xc0,

    /* U+04FC "Ӽ" */
    0x3f, 0xf3, 0x0, 0x7c, 0x5f, 0xe5, 0x3, 0x70,
    0x91, 0x0, 0xf7, 0x2, 0xa8, 0x1, 0x6, 0x14,
    0x1, 0xcc, 0x63, 0x60, 0x1b, 0x81, 0x14, 0x2,
    0x19, 0xb, 0x10, 0xc, 0x50, 0x16, 0x20, 0xa,
    0x5, 0x50, 0x7, 0x9c, 0xc6, 0xc1, 0x50, 0x6c,
    0x3, 0xf7, 0x2, 0xaa, 0xc2, 0xc4, 0x3, 0xf1,
    0x40, 0x50, 0xaa, 0x80, 0x3f, 0xce, 0x20, 0xb,
    0x0, 0xff, 0x94, 0x40, 0x12, 0x1, 0xfe, 0x1b,
    0x6, 0x7, 0x30, 0xf, 0xeb, 0x14, 0x96, 0xe,
    0x0, 0xfc, 0x8a, 0x12, 0x10, 0x25, 0x0, 0x1f,
    0x50, 0x41, 0x0, 0xd8, 0x39, 0x80, 0x74, 0x89,
    0xb8, 0x4, 0xa8, 0x1c, 0x1, 0x91, 0x83, 0xc0,
    0x3a, 0x40, 0x9c, 0x2, 0x90, 0x73, 0x0, 0xe2,
    0x80, 0x8f, 0xd9, 0x22, 0x40, 0x7, 0xce, 0x40,
    0x14, 0xfe, 0x80, 0x7f, 0x6e, 0x0, 0x7f, 0xf4,
    0xd0, 0x4, 0x3, 0xfe, 0xcf, 0x80, 0xb0, 0xf,
    0xf9, 0x80, 0x59, 0xc0,

    /* U+04FD "ӽ" */
    0x1e, 0xfa, 0x0, 0xf6, 0xfd, 0x0, 0xd0, 0x2a,
    0x80, 0x34, 0x90, 0xd8, 0x1, 0x1c, 0x2c, 0x40,
    0x6, 0xc1, 0x42, 0x1, 0x41, 0xd, 0x80, 0x38,
    0x19, 0x0, 0x3b, 0xc1, 0x55, 0x24, 0x49, 0x0,
    0xf1, 0x48, 0x53, 0x7, 0x0, 0x7e, 0x64, 0x0,
    0x41, 0x80, 0x7e, 0x15, 0x0, 0x68, 0x7, 0xf5,
    0x89, 0x2, 0xb0, 0x7, 0xca, 0xa0, 0xfa, 0x9,
    0x20, 0xe, 0x2a, 0x8, 0x25, 0x40, 0xe0, 0xe,
    0xe0, 0x37, 0x0, 0x50, 0x9c, 0x0, 0x4e, 0x61,
    0xc0, 0x10, 0xd8, 0x3e, 0x59, 0xc0, 0x49, 0x0,
    0x65, 0x50, 0x1a, 0x9f, 0xf9, 0x80, 0x3d, 0x5a,
    0x1, 0xff, 0xcf, 0x40, 0x30, 0xf, 0xeb, 0xf9,
    0x5, 0x0, 0xfe, 0x30, 0x3, 0x40,

    /* U+04FE "Ӿ" */
    0x2f, 0xf3, 0x0, 0x7c, 0x5f, 0xe5, 0x2, 0x90,
    0x92, 0x0, 0xf7, 0x83, 0x28, 0x1, 0x90, 0x38,
    0x3, 0xa0, 0x89, 0x20, 0x1a, 0x84, 0xdc, 0x2,
    0x37, 0xe, 0x0, 0xe1, 0xa0, 0x83, 0x0, 0x70,
    0x41, 0x80, 0x79, 0x18, 0x38, 0x24, 0x91, 0xc0,
    0x3f, 0x49, 0x12, 0xd8, 0x68, 0x3, 0xcd, 0xff,
    0x10, 0x20, 0xf, 0x7f, 0xa8, 0x3, 0xff, 0x8e,
    0xdf, 0xf2, 0x80, 0x45, 0xff, 0x50, 0x7, 0x91,
    0x43, 0x4, 0x9c, 0x3, 0xfa, 0x41, 0xce, 0x2,
    0x4, 0x3, 0xe7, 0x21, 0x80, 0x63, 0xa, 0x0,
    0xf1, 0x40, 0x50, 0x5, 0xe0, 0x8a, 0x1, 0xd2,
    0x8, 0x80, 0x8, 0xd8, 0x2c, 0x3, 0x2a, 0x4,
    0x80, 0x74, 0x8, 0xa4, 0x0, 0x36, 0x10, 0x40,
    0x1c, 0x30, 0xc, 0x61, 0x2, 0x4e, 0x1, 0xf3,
    0x18, 0x78, 0x0,

    /* U+04FF "ӿ" */
    0x1e, 0xfa, 0x0, 0xf6, 0xfd, 0x0, 0xd0, 0x2a,
    0x0, 0x68, 0x21, 0xb0, 0x2, 0x30, 0x50, 0x80,
    0xd, 0xc2, 0x84, 0x2, 0x92, 0x1b, 0x0, 0x70,
    0x32, 0x0, 0x77, 0x2, 0xaa, 0x8, 0x92, 0x1,
    0xe3, 0x80, 0xb7, 0xe, 0x0, 0xe8, 0xff, 0x40,
    0x8, 0x3, 0x3f, 0xca, 0x0, 0xe4, 0x41, 0x80,
    0x64, 0x49, 0x80, 0xd, 0x76, 0x50, 0x20, 0x7,
    0x5d, 0x8c, 0x3, 0x2b, 0x7, 0x48, 0x58, 0x80,
    0x70, 0xd8, 0x41, 0xb2, 0xe, 0x80, 0x75, 0x9,
    0xb8, 0x2, 0x84, 0xdc, 0x2, 0x74, 0xe, 0x0,
    0x86, 0xc2, 0xc, 0xe, 0x2, 0x48, 0x3, 0x2a,
    0x83, 0x80,

    /* U+2013 "–" */
    0xff, 0xff, 0x80, 0x3f, 0xe0,

    /* U+2014 "—" */
    0xff, 0xff, 0xe6, 0x0, 0x7f, 0xf3, 0x0,

    /* U+2018 "‘" */
    0x0, 0x57, 0x88, 0x12, 0x88, 0x82, 0x81, 0x0,
    0xa, 0x1a, 0x6, 0x40, 0x81, 0x60, 0x3, 0xa,
    0xbb, 0x0, 0x0,

    /* U+2019 "’" */
    0x7, 0xff, 0x10, 0x68, 0x11, 0x1, 0xc1, 0x40,
    0x4, 0x14, 0x8, 0x6, 0x40, 0x61, 0x20, 0x5,
    0xb5, 0x0, 0x0,

    /* U+201A "‚" */
    0x0, 0x22, 0x8, 0x1, 0x77, 0x1, 0x80, 0x34,
    0x14, 0x5, 0x3, 0xc1, 0x80, 0x8, 0x14, 0x2,
    0x48, 0x40,

    /* U+201B "‛" */
    0x9f, 0xf0, 0x3, 0x0, 0x6, 0xa, 0x0, 0x50,
    0x3, 0x6, 0x0, 0x28, 0x1c, 0x0, 0x66, 0x21,
    0x0, 0x75, 0x80,

    /* U+201C "“" */
    0x0, 0x57, 0x88, 0x3, 0xb8, 0x0, 0x15, 0x21,
    0x5, 0x14, 0x0, 0x48, 0x38, 0x3, 0x83, 0x40,
    0xa, 0x18, 0x4, 0x80, 0x80, 0x64, 0xa, 0xa,
    0x0, 0x30, 0xb0, 0x1, 0x85, 0x81, 0x0, 0x2a,
    0xec, 0x0, 0xfb, 0xe0, 0x0,

    /* U+201D "”" */
    0x7, 0xff, 0x8, 0x5f, 0xf0, 0x3, 0x40, 0x84,
    0x18, 0x10, 0x0, 0xe0, 0xa0, 0x24, 0x1e, 0x2,
    0x41, 0x40, 0xa0, 0x2a, 0xa, 0x8, 0x40, 0x60,
    0xc0, 0xc, 0xe, 0x0, 0x60, 0x50, 0x2, 0xad,
    0x40, 0x1f, 0x84, 0x0,

    /* U+2022 "•" */
    0x1, 0x54, 0x0, 0x27, 0x55, 0xf1, 0x48, 0x4,
    0x36, 0x40, 0x19, 0x40, 0x39, 0xd4, 0x3, 0x65,
    0xa0, 0xb, 0x38,

    /* U+2026 "…" */
    0x2, 0x62, 0x0, 0xc6, 0xc2, 0x1, 0x95, 0x80,
    0x1b, 0x38, 0x1, 0x16, 0x4e, 0x80, 0x4d, 0x53,
    0x2, 0x0, 0x10, 0x9, 0x80, 0x2, 0x1, 0x70,
    0x0, 0x85, 0x41, 0x80, 0x24, 0x30, 0xa0, 0xa,
    0x84, 0x5c,

    /* U+20AC "€" */
    0x0, 0xf2, 0xdf, 0x7f, 0xba, 0x94, 0x3, 0x87,
    0x29, 0x4, 0x0, 0x2b, 0x48, 0x1, 0xb0, 0xc2,
    0x37, 0xfd, 0xb0, 0xc8, 0x1, 0x41, 0x6, 0x39,
    0x0, 0x9, 0xe4, 0x3, 0x30, 0x39, 0x80, 0x7f,
    0x8c, 0x42, 0x40, 0x3f, 0x9b, 0xf0, 0x1, 0xdf,
    0xfc, 0xa0, 0x11, 0x29, 0x0, 0xaa, 0xf9, 0x80,
    0x24, 0xa5, 0x2, 0xaa, 0xf1, 0x80, 0x7f, 0xf1,
    0x9b, 0xdc, 0xf, 0xff, 0xa0, 0x3, 0x12, 0x98,
    0x1, 0x57, 0xb4, 0x3, 0x25, 0x68, 0x2, 0x6a,
    0xb2, 0x80, 0x78, 0x4c, 0x24, 0x3, 0xff, 0x81,
    0x20, 0xaa, 0x0, 0xff, 0x95, 0x41, 0x52, 0x60,
    0x2, 0x59, 0x0, 0xea, 0x50, 0x6c, 0xff, 0x6d,
    0x30, 0x7, 0xaa, 0xd4, 0x40, 0x2, 0xb4, 0x0,

    /* U+2122 "™" */
    0x45, 0x5f, 0x2, 0xa8, 0xc0, 0x31, 0x2a, 0xa2,
    0xab, 0xc5, 0x75, 0xc0, 0x1a, 0x2a, 0x99, 0xd8,
    0xf, 0xdc, 0x20, 0x1, 0x18, 0x0, 0x54, 0x2,
    0x11, 0x7, 0x88, 0x80, 0x8, 0x16, 0x0, 0x70,
    0x40, 0xf, 0xf0, 0xa3, 0x0, 0x29, 0x44, 0x3,
    0xfe, 0xe1, 0x42, 0x3e, 0x0, 0xff, 0xe0, 0x28,
    0x6d, 0xa, 0x0, 0x7f, 0xf0, 0x55, 0x9a, 0x0,
    0xff, 0xe1, 0x70, 0xd, 0x0, 0x78, 0x84, 0x2,
    0x22, 0x2, 0x21, 0x48, 0x8, 0x80,

    /* U+3046 "う" */
    0x0, 0x84, 0xc0, 0x3f, 0xf8, 0x69, 0x9f, 0xb7,
    0x30, 0xca, 0x66, 0x20, 0xf, 0x18, 0x12, 0x33,
    0xcd, 0x66, 0x24, 0x3, 0x97, 0x3f, 0xb2, 0xa5,
    0xd9, 0xc, 0xc0, 0x1f, 0x84, 0xd5, 0xa2, 0x6f,
    0x20, 0x3, 0xff, 0xa2, 0x20, 0x1f, 0xc2, 0x91,
    0x79, 0xdf, 0xdf, 0xb0, 0x1, 0x2d, 0xef, 0x5b,
    0xa1, 0x88, 0x88, 0x9, 0xf8, 0xc0, 0xd0, 0x81,
    0x22, 0xf7, 0xfb, 0x7e, 0x88, 0x74, 0x51, 0x15,
    0xf6, 0xe8, 0x40, 0x19, 0x70, 0x45, 0x25, 0x6a,
    0x1, 0xfe, 0x16, 0x3, 0x0, 0xff, 0xe1, 0x68,
    0x28, 0x7, 0xff, 0x8, 0xc0, 0xc0, 0x3f, 0xf8,
    0x5e, 0xc, 0x1, 0xff, 0xc1, 0x16, 0xd, 0x0,
    0xff, 0xe0, 0xd0, 0xb, 0x0, 0x7f, 0xf0, 0x29,
    0x2, 0x80, 0x3f, 0xe5, 0xd5, 0x9, 0x40, 0xf,
    0xc9, 0x1d, 0x44, 0x36, 0xc0, 0x1e, 0x9d, 0xfb,
    0x71, 0x7, 0xf4, 0x0, 0xfb, 0x88, 0x5, 0x67,
    0xe0, 0x40, 0x3f, 0x3d, 0x6f, 0x53, 0x0, 0x7c,

    /* U+3053 "こ" */
    0x0, 0x11, 0x4, 0x3, 0xf0, 0x91, 0x80, 0x69,
    0xde, 0xff, 0xbb, 0x9f, 0xf7, 0x6e, 0x10, 0x4,
    0x20, 0x1c, 0x22, 0x0, 0xe1, 0x0, 0xd5, 0xfe,
    0xee, 0x6e, 0xee, 0xe7, 0xfb, 0x88, 0x3, 0xc2,
    0x22, 0x2c, 0x22, 0x0, 0xff, 0xff, 0x80, 0x7f,
    0xf6, 0xee, 0xc4, 0x1, 0xff, 0xc2, 0x14, 0x41,
    0x0, 0x7f, 0xf0, 0x88, 0x8, 0x3, 0xff, 0x86,
    0xe0, 0x1f, 0xfc, 0x72, 0x10, 0xf, 0xfe, 0x12,
    0x0, 0x30, 0x80, 0x3f, 0xf8, 0x4, 0x14, 0x5,
    0xb8, 0xec, 0x88, 0x56, 0x77, 0x4e, 0x7f, 0x81,
    0x6c, 0xc0, 0xe2, 0x6e, 0xd5, 0x31, 0x6, 0x30,
    0xc, 0x99, 0xae, 0xa8, 0x45, 0x1a, 0x2b, 0xce,
    0x68,

    /* U+305D "そ" */
    0x0, 0xff, 0xe6, 0x8c, 0xc4, 0x26, 0x55, 0x79,
    0xbd, 0xfa, 0x1, 0xf8, 0xd9, 0xdc, 0xcc, 0x54,
    0x32, 0x10, 0x24, 0x0, 0xf8, 0xa2, 0xaf, 0x37,
    0xba, 0x30, 0x2e, 0x40, 0xf, 0xce, 0xa8, 0x64,
    0x27, 0x86, 0x9a, 0x20, 0x1f, 0xfc, 0x23, 0xc2,
    0x6b, 0x0, 0xff, 0xe1, 0xae, 0xc, 0x48, 0x7,
    0xff, 0xd, 0xe8, 0x29, 0xc0, 0x3f, 0xf8, 0x75,
    0x3, 0x8a, 0x1, 0xff, 0xc2, 0x2d, 0x51, 0xa7,
    0x67, 0x8a, 0xbb, 0x66, 0xea, 0xc5, 0xa2, 0xaf,
    0x48, 0x6, 0xed, 0x30, 0xea, 0x88, 0x32, 0x23,
    0xac, 0xba, 0xa0, 0x9, 0xaa, 0x80, 0x9, 0x5d,
    0xff, 0xd8, 0xcf, 0x37, 0xdf, 0xd9, 0x68, 0x35,
    0x6a, 0x20, 0x1e, 0x28, 0x64, 0x10, 0xb, 0x6,
    0x94, 0x3, 0xff, 0x88, 0xa4, 0xc8, 0x1, 0xff,
    0xc5, 0xf0, 0xc0, 0xf, 0xfe, 0x33, 0x0, 0x80,
    0x7f, 0xf1, 0x9c, 0x30, 0x3, 0xff, 0x8d, 0xa0,
    0xe8, 0x1, 0xff, 0xc5, 0x63, 0xb, 0xa5, 0x10,
    0xf, 0xfe, 0x1e, 0xa0, 0x2d, 0x77, 0xfc, 0x80,
    0x1f, 0xf0, 0xde, 0x31, 0x0, 0x65, 0x0, 0xff,
    0xe0, 0x9c, 0xef, 0xf7, 0x42, 0x1, 0x0,

    /* U+3088 "よ" */
    0x0, 0xfc, 0x28, 0x80, 0xf, 0xfe, 0x2a, 0x5d,
    0x80, 0x3f, 0xf8, 0xa2, 0x2, 0x1, 0xff, 0xc5,
    0x70, 0x30, 0xf, 0xfe, 0xe0, 0x88, 0x8d, 0x15,
    0xd0, 0x3, 0xfe, 0x2e, 0xe6, 0xe5, 0xd4, 0x68,
    0x7, 0xff, 0x0, 0x8c, 0xc8, 0xac, 0xfa, 0x1,
    0xff, 0x16, 0xe6, 0x2e, 0xa6, 0x10, 0x3, 0xfe,
    0x30, 0xf, 0xfe, 0x28, 0x80, 0x7f, 0xf1, 0xcc,
    0x4, 0x3, 0xff, 0xae, 0x23, 0x0, 0x7f, 0xf0,
    0x4e, 0xbb, 0xfb, 0x9e, 0x0, 0x71, 0x0, 0xfd,
    0x18, 0xa0, 0x68, 0x64, 0x0, 0x8e, 0xb3, 0x0,
    0xe5, 0x70, 0xae, 0xcb, 0xcd, 0x10, 0x30, 0x4c,
    0xb2, 0x0, 0xbc, 0x21, 0x40, 0x3e, 0xfd, 0x50,
    0x4d, 0x70, 0xf, 0xf0, 0x88, 0x4, 0xab, 0x4c,
    0x22, 0xc3, 0x2, 0x14, 0x3, 0x58, 0x0, 0x80,
    0x5, 0x8c, 0x1, 0x32, 0x5, 0x7e, 0xeb, 0xd4,
    0x20, 0x3, 0xa6, 0x60, 0x5, 0xca, 0x1, 0x10,
    0xa, 0x9c, 0x3, 0xcc, 0x40, 0x13, 0x5f, 0xfb,
    0xbf, 0x54, 0x3, 0xfc,

    /* U+4E2D "中" */
    0x0, 0xfe, 0x2e, 0xd0, 0xf, 0xfe, 0x40, 0x98,
    0x7, 0xff, 0xfc, 0x2f, 0xff, 0xf6, 0x80, 0xff,
    0xff, 0x8, 0x0, 0x48, 0xbc, 0x20, 0x2, 0x2f,
    0x80, 0x3b, 0x77, 0xec, 0x1, 0xdd, 0xf8, 0x40,
    0x3f, 0xff, 0xe0, 0x1f, 0xfd, 0xb6, 0x22, 0xf3,
    0x0, 0x8, 0xbe, 0x0, 0xea, 0xdd, 0xf5, 0x80,
    0xee, 0xfc, 0x20, 0x18, 0x8c, 0xfe, 0x0, 0x19,
    0xfc, 0x1, 0xdd, 0x99, 0xee, 0x1, 0xcc, 0xf8,
    0x40, 0x11, 0x64, 0x1, 0xff, 0xc4, 0xcd, 0x13,
    0x41, 0x0, 0xff, 0xe2, 0x11, 0x0, 0x3f, 0xff,
    0xe0, 0x1f, 0xfd, 0x80,

    /* U+6587 "文" */
    0x0, 0xff, 0xa6, 0x40, 0x1f, 0xfc, 0xb7, 0x61,
    0x0, 0xff, 0xf8, 0x89, 0x9f, 0xf8, 0x41, 0x4c,
    0xff, 0x88, 0x23, 0x33, 0xfc, 0x0, 0xbc, 0xcf,
    0xf0, 0x7a, 0x24, 0x20, 0x48, 0x9f, 0xe2, 0x0,
    0x22, 0x60, 0x6b, 0xbc, 0x3, 0x77, 0xfe, 0x60,
    0x6b, 0xba, 0x80, 0x39, 0x48, 0xd0, 0x3, 0xf1,
    0xa0, 0x50, 0x7, 0xfa, 0xc2, 0x0, 0x3f, 0x48,
    0x19, 0x80, 0x3f, 0xcc, 0x26, 0x80, 0x1e, 0x25,
    0x8, 0x0, 0xff, 0xe0, 0x30, 0x40, 0x7, 0xa0,
    0xd, 0x0, 0x3f, 0xf8, 0x12, 0x6, 0xe0, 0x19,
    0x54, 0x1e, 0x1, 0xff, 0xc1, 0x19, 0x8, 0x40,
    0x1, 0x50, 0x39, 0x80, 0x7f, 0xf0, 0x99, 0x2,
    0x84, 0x3c, 0xa, 0x0, 0x3f, 0xf8, 0x94, 0x22,
    0xda, 0x21, 0xf0, 0xf, 0xfe, 0x28, 0xe8, 0x1a,
    0x86, 0x90, 0x7, 0xff, 0x18, 0x8c, 0x0, 0x42,
    0x1, 0xff, 0xc6, 0x4f, 0x31, 0x2, 0xd5, 0x0,
    0xff, 0xe1, 0x95, 0x58, 0xa7, 0xe9, 0x5, 0x59,
    0x0, 0x7f, 0xc5, 0x3a, 0xa3, 0x56, 0x25, 0xaa,
    0x9, 0xb2, 0x40, 0x1f, 0x2d, 0xeb, 0x2, 0x7a,
    0x80, 0x6a, 0xb2, 0x6, 0xdc, 0x61, 0x0, 0x3f,
    0xd2, 0x2, 0x65, 0x88, 0x7, 0x93, 0x68, 0xc0,
    0xe7, 0xb0, 0x14, 0x5, 0xf6, 0xcc, 0x3, 0xfc,
    0xb9, 0x86, 0x10, 0x90, 0x2d, 0xe8, 0x20, 0xf,
    0xfe, 0x11, 0xcf, 0x6a, 0x80,

    /* U+65E5 "日" */
    0x0, 0xff, 0xe3, 0x1f, 0xff, 0xff, 0x13, 0x80,
    0x21, 0x1f, 0xfe, 0x8, 0x6, 0x3e, 0xef, 0xfe,
    0x6, 0x0, 0x7f, 0xff, 0xc0, 0x3f, 0xfa, 0x82,
    0x1, 0x8f, 0xff, 0xff, 0x81, 0x80, 0x1c, 0x45,
    0xff, 0xc0, 0x10, 0xc, 0x7b, 0xbf, 0xfc, 0xc,
    0x0, 0xff, 0xff, 0x80, 0x7f, 0xf6, 0x4f, 0xbb,
    0xff, 0x81, 0x80, 0x1c, 0x23, 0xff, 0xc1, 0x0,
    0xc7, 0xff, 0xff, 0xc0, 0xc0, 0xf, 0xfe, 0x28,
    0x91, 0x0,

    /* U+672C "本" */
    0x0, 0xff, 0xaf, 0x8c, 0x3, 0xff, 0x94, 0xc2,
    0x1, 0xff, 0xff, 0x0, 0xff, 0xe0, 0x91, 0x7f,
    0x80, 0xc, 0x45, 0xfc, 0x20, 0x3b, 0xbf, 0xe2,
    0xa, 0xdd, 0xfe, 0x80, 0x1, 0x17, 0xf0, 0x6,
    0x12, 0x2f, 0xdc, 0x3, 0xbb, 0xfa, 0x80, 0x31,
    0xee, 0xfe, 0x70, 0xf, 0xe1, 0x80, 0x10, 0x12,
    0x70, 0xf, 0xfe, 0x2d, 0x83, 0x98, 0x40, 0x40,
    0x80, 0x7f, 0xf0, 0xd9, 0x4a, 0x0, 0xa, 0xe1,
    0xa0, 0x1f, 0xfc, 0x23, 0x90, 0xe0, 0xd, 0x4,
    0x74, 0x1, 0xff, 0xc0, 0x1d, 0x8, 0x30, 0xe,
    0xf1, 0x57, 0x0, 0xff, 0x16, 0xb, 0x38, 0x7,
    0x8a, 0x82, 0x20, 0x1, 0xf8, 0xf0, 0x92, 0x40,
    0x3f, 0x24, 0x83, 0xd0, 0x7, 0x9b, 0x5, 0x6c,
    0x3, 0xfc, 0xd4, 0xb, 0x84, 0x0, 0x2b, 0x90,
    0x6a, 0xde, 0xec, 0x41, 0x9d, 0xd9, 0xac, 0xf,
    0x60, 0x21, 0x2, 0x64, 0x6, 0x23, 0x80, 0x21,
    0x1c, 0x9, 0xa6, 0xc, 0x54, 0xda, 0xc0, 0xe,
    0xff, 0xc4, 0x17, 0xff, 0x8c, 0xb, 0x23, 0x48,
    0x24, 0x80, 0x3f, 0xce, 0x1, 0xf9, 0xcc, 0x3,
    0xff, 0xfe, 0x0,

    /* U+6B22 "欢" */
    0x0, 0xff, 0xe1, 0x64, 0x80, 0x7f, 0xf2, 0xcc,
    0xc4, 0x1, 0xff, 0xcb, 0x40, 0x30, 0xf, 0xfb,
    0x3b, 0xbf, 0x58, 0x3, 0x43, 0x40, 0x3f, 0xf8,
    0x6, 0x7e, 0x1, 0x70, 0x3, 0x85, 0x7f, 0xfd,
    0xc8, 0x0, 0xcd, 0xdf, 0x81, 0x40, 0x48, 0x8,
    0xbe, 0x1, 0x60, 0x8, 0x80, 0x39, 0x3, 0x1,
    0xc1, 0xf7, 0x7e, 0x11, 0x10, 0x1, 0xf5, 0x0,
    0x36, 0x83, 0x85, 0x5, 0x3, 0xc8, 0x80, 0xc,
    0x5c, 0x2, 0x40, 0xa1, 0x0, 0x90, 0x9, 0xc,
    0x88, 0x18, 0xc0, 0x15, 0x86, 0x80, 0x47, 0x3,
    0x40, 0x2, 0x14, 0x9, 0x8, 0x0, 0x38, 0x6,
    0x11, 0x20, 0x6, 0x74, 0x43, 0x85, 0x6, 0x84,
    0xaa, 0x80, 0x30, 0x80, 0x27, 0x80, 0x3d, 0x41,
    0x6, 0xc0, 0xc0, 0x94, 0x1, 0x8, 0x10, 0x7,
    0xf8, 0x64, 0x34, 0x54, 0x3, 0xe2, 0x4, 0x0,
    0xff, 0x99, 0x4, 0x38, 0x3, 0xc4, 0x0, 0xc0,
    0xf, 0xfe, 0x7, 0x80, 0x18, 0x3, 0xce, 0x0,
    0x40, 0xf, 0xfe, 0x4, 0x0, 0x24, 0x3, 0xdc,
    0x4, 0x2a, 0x1, 0xfe, 0x63, 0x31, 0x22, 0x80,
    0x62, 0x41, 0xe0, 0x90, 0xf, 0xe2, 0x90, 0xe8,
    0x8, 0x0, 0xd6, 0xc, 0x67, 0x80, 0x3e, 0x1f,
    0x9, 0x25, 0x22, 0x20, 0x1, 0x18, 0x60, 0x24,
    0x3c, 0x3, 0xc3, 0x84, 0x8c, 0x0, 0x86, 0x40,
    0x2a, 0xb, 0x0, 0x29, 0x9a, 0x40, 0x31, 0x79,
    0x25, 0x80, 0x4b, 0x20, 0x58, 0x2c, 0xa0, 0x17,
    0x83, 0x30, 0x2, 0x33, 0x2d, 0x80, 0x79, 0x30,
    0x56, 0x40, 0x31, 0xd0, 0x4d, 0x8, 0xe, 0x50,
    0x7, 0x9e, 0xc5, 0xe8, 0x3, 0xcb, 0x20, 0xba,
    0x0, 0x10, 0xf, 0x94, 0xaa, 0x0, 0x3f, 0x36,
    0x1f, 0x0, 0x7f, 0x8b, 0x54, 0x3, 0xfc, 0x78,
    0x40,

    /* U+8A9E "語" */
    0x0, 0x4f, 0xff, 0xa0, 0x23, 0xbb, 0xff, 0x80,
    0x80, 0x16, 0x33, 0x7b, 0x40, 0x6, 0x70, 0x88,
    0xcf, 0xe7, 0x0, 0x96, 0x67, 0xca, 0x11, 0xbb,
    0x8, 0x66, 0xef, 0x8c, 0x1, 0x33, 0xfc, 0x80,
    0x10, 0x8e, 0x0, 0xfe, 0x66, 0xfe, 0x31, 0x99,
    0x50, 0x2, 0x67, 0x9c, 0x3, 0x7f, 0xff, 0x39,
    0x33, 0x10, 0x5, 0x9b, 0xac, 0x3, 0xff, 0x84,
    0x7d, 0xc5, 0x9, 0xee, 0xb4, 0x3, 0xeb, 0xff,
    0xf4, 0x0, 0x4, 0x4c, 0x8, 0x23, 0x18, 0x7,
    0xd8, 0xcd, 0xed, 0x0, 0xc6, 0x4, 0x1, 0xff,
    0x3c, 0xcf, 0x94, 0x48, 0x8a, 0x4, 0x5e, 0x1,
    0x22, 0x0, 0x4a, 0xef, 0xe4, 0x7d, 0xd5, 0x1,
    0x6e, 0xec, 0x2, 0xdd, 0x8, 0x2, 0x62, 0x3d,
    0x8a, 0xef, 0xff, 0xc2, 0x10, 0x6, 0x7f, 0xfa,
    0xe, 0x23, 0xff, 0x84, 0x1, 0xff, 0xc1, 0x34,
    0x4f, 0xf1, 0x0, 0x68, 0xaa, 0xf3, 0x80, 0x3e,
    0xef, 0xfc, 0xa0, 0x19, 0x15, 0x7d, 0xa0, 0x19,
    0x9d, 0xfc, 0x80, 0x1f, 0xf, 0xfe, 0x0, 0xf4,
    0x47, 0xda, 0x1, 0xff, 0xff, 0x0, 0xff, 0xd,
    0x55, 0x60, 0x1e, 0xcd, 0xdf, 0x40, 0x7, 0xe4,
    0x49, 0x44, 0xc0, 0x31, 0x17, 0xc2, 0x1, 0xf1,
    0x77, 0x74, 0x80, 0x6e, 0xff, 0xf5, 0x8, 0x4,

    /* U+8FCE "迎" */
    0x0, 0x8, 0x7, 0xf9, 0xe4, 0x3, 0xfe, 0x6e,
    0x70, 0xf, 0x97, 0x61, 0x94, 0x3, 0xfc, 0x83,
    0x12, 0x1, 0xb3, 0x68, 0x97, 0x57, 0xff, 0xeb,
    0x0, 0x16, 0x13, 0x40, 0x4, 0x64, 0xfd, 0x44,
    0x0, 0x14, 0x48, 0xc0, 0x38, 0xbc, 0x1d, 0x40,
    0x24, 0x81, 0x0, 0xcb, 0x77, 0x60, 0x7, 0x8a,
    0x89, 0x80, 0x3f, 0xf9, 0x4b, 0xa6, 0x1, 0xff,
    0xff, 0x0, 0xff, 0xe3, 0xde, 0x66, 0x0, 0xff,
    0xe4, 0x21, 0x9e, 0x10, 0xf, 0xfe, 0x3f, 0xfc,
    0x60, 0x1f, 0xfe, 0xd4, 0x9d, 0x0, 0xff, 0xe3,
    0x10, 0x27, 0xdb, 0x18, 0x80, 0x42, 0x4, 0x1,
    0xfe, 0x9d, 0x0, 0x13, 0xdf, 0x8, 0x5, 0xbf,
    0xa0, 0x60, 0x1f, 0xb1, 0x27, 0x75, 0x8, 0x1,
    0xd0, 0xcf, 0x50, 0x1, 0xf9, 0x6d, 0x88, 0x3,
    0xf2, 0x4c, 0x28, 0x7, 0x21, 0x84, 0x0, 0x7f,
    0xf2, 0xe, 0xc1, 0x1a, 0x0, 0x3f, 0x21, 0x80,
    0x7e, 0x4c, 0xa, 0xb4, 0x7c, 0x60, 0xf, 0x5c,
    0x0, 0x7c, 0x36, 0x12, 0xa1, 0x6e, 0x73, 0xfd,
    0x97, 0x7f, 0x66, 0x5b, 0x42, 0xb0, 0xc0, 0x14,
    0x74, 0x21, 0x99, 0x13, 0xe3, 0x38, 0xb4, 0x2d,
    0xc0, 0x38, 0x5e, 0xf7, 0xff, 0xff, 0x80, 0xe0,

    /* U+FF01 "！" */
    0x13, 0x30, 0xbe, 0x61, 0xc0, 0x3f, 0x18, 0x0,
    0xc4, 0x0, 0x2e, 0x0, 0x70, 0x8, 0x44, 0x1,
    0x18, 0x0, 0xc4, 0x0, 0x20, 0x1c, 0x22, 0x0,
    0x19, 0x80, 0x1b, 0xa0, 0xf, 0x11, 0x1, 0x37,
    0x49, 0x80, 0xc, 0xb1, 0x15, 0x9f, 0x70, 0xc0
};


/*---------------------
 *  GLYPH DESCRIPTION
 *--------------------*/

static const lv_font_fmt_txt_glyph_dsc_t glyph_dsc[] = {
    {.bitmap_index = 0, .adv_w = 0, .box_w = 0, .box_h = 0, .ofs_x = 0, .ofs_y = 0} /* id = 0 reserved */,
    {.bitmap_index = 0, .adv_w = 108, .box_w = 0, .box_h = 0, .ofs_x = 0, .ofs_y = 0},
    {.bitmap_index = 0, .adv_w = 112, .box_w = 5, .box_h = 18, .ofs_x = 1, .ofs_y = 0},
    {.bitmap_index = 42, .adv_w = 170, .box_w = 8, .box_h = 7, .ofs_x = 1, .ofs_y = 11},
    {.bitmap_index = 71, .adv_w = 269, .box_w = 17, .box_h = 18, .ofs_x = 0, .ofs_y = 0},
    {.bitmap_index = 194, .adv_w = 238, .box_w = 13, .box_h = 21, .ofs_x = 1, .ofs_y = -2},
    {.bitmap_index = 294, .adv_w = 346, .box_w = 20, .box_h = 18, .ofs_x = 1, .ofs_y = 0},
    {.bitmap_index = 454, .adv_w = 305, .box_w = 18, .box_h = 18, .ofs_x = 1, .ofs_y = 0},
    {.bitmap_index = 592, .adv_w = 94, .box_w = 4, .box_h = 7, .ofs_x = 1, .ofs_y = 11},
    {.bitmap_index = 606, .adv_w = 125, .box_w = 7, .box_h = 23, .ofs_x = 1, .ofs_y = -5},
    {.bitmap_index = 677, .adv_w = 125, .box_w = 7, .box_h = 23, .ofs_x = 0, .ofs_y = -5},
    {.bitmap_index = 748, .adv_w = 229, .box_w = 13, .box_h = 12, .ofs_x = 1, .ofs_y = 7},
    {.bitmap_index = 817, .adv_w = 238, .box_w = 13, .box_h = 13, .ofs_x = 1, .ofs_y = 3},
    {.bitmap_index = 846, .adv_w = 111, .box_w = 4, .box_h = 7, .ofs_x = 1, .ofs_y = -3},
    {.bitmap_index = 861, .adv_w = 134, .box_w = 7, .box_h = 2, .ofs_x = 1, .ofs_y = 6},
    {.bitmap_index = 865, .adv_w = 111, .box_w = 5, .box_h = 4, .ofs_x = 1, .ofs_y = 0},
    {.bitmap_index = 876, .adv_w = 155, .box_w = 10, .box_h = 18, .ofs_x = 0, .ofs_y = 0},
    {.bitmap_index = 940, .adv_w = 238, .box_w = 13, .box_h = 18, .ofs_x = 1, .ofs_y = 0},
    {.bitmap_index = 1038, .adv_w = 238, .box_w = 8, .box_h = 18, .ofs_x = 2, .ofs_y = 0},
    {.bitmap_index = 1066, .adv_w = 238, .box_w = 13, .box_h = 18, .ofs_x = 1, .ofs_y = 0},
    {.bitmap_index = 1153, .adv_w = 238, .box_w = 13, .box_h = 18, .ofs_x = 1, .ofs_y = 0},
    {.bitmap_index = 1247, .adv_w = 238, .box_w = 15, .box_h = 18, .ofs_x = 0, .ofs_y = 0},
    {.bitmap_index = 1318, .adv_w = 238, .box_w = 13, .box_h = 18, .ofs_x = 1, .ofs_y = 0},
    {.bitmap_index = 1406, .adv_w = 238, .box_w = 13, .box_h = 18, .ofs_x = 1, .ofs_y = 0},
    {.bitmap_index = 1508, .adv_w = 238, .box_w = 13, .box_h = 18, .ofs_x = 1, .ofs_y = 0},
    {.bitmap_index = 1580, .adv_w = 238, .box_w = 13, .box_h = 18, .ofs_x = 1, .ofs_y = 0},
    {.bitmap_index = 1689, .adv_w = 238, .box_w = 13, .box_h = 18, .ofs_x = 1, .ofs_y = 0},
    {.bitmap_index = 1791, .adv_w = 111, .box_w = 5, .box_h = 14, .ofs_x = 1, .ofs_y = 0},
    {.bitmap_index = 1817, .adv_w = 111, .box_w = 6, .box_h = 18, .ofs_x = 0, .ofs_y = -4},
    {.bitmap_index = 1856, .adv_w = 238, .box_w = 13, .box_h = 14, .ofs_x = 1, .ofs_y = 2},
    {.bitmap_index = 1925, .adv_w = 238, .box_w = 13, .box_h = 7, .ofs_x = 1, .ofs_y = 6},
    {.bitmap_index = 1945, .adv_w = 238, .box_w = 13, .box_h = 14, .ofs_x = 1, .ofs_y = 2},
    {.bitmap_index = 2014, .adv_w = 181, .box_w = 11, .box_h = 18, .ofs_x = 0, .ofs_y = 0},
    {.bitmap_index = 2090, .adv_w = 374, .box_w = 21, .box_h = 20, .ofs_x = 1, .ofs_y = -2},
    {.bitmap_index = 2272, .adv_w = 266, .box_w = 17, .box_h = 18, .ofs_x = 0, .ofs_y = 0},
    {.bitmap_index = 2378, .adv_w = 270, .box_w = 14, .box_h = 18, .ofs_x = 2, .ofs_y = 0},
    {.bitmap_index = 2465, .adv_w = 263, .box_w = 15, .box_h = 18, .ofs_x = 1, .ofs_y = 0},
    {.bitmap_index = 2561, .adv_w = 304, .box_w = 16, .box_h = 18, .ofs_x = 2, .ofs_y = 0},
    {.bitmap_index = 2657, .adv_w = 231, .box_w = 11, .box_h = 18, .ofs_x = 2, .ofs_y = 0},
    {.bitmap_index = 2686, .adv_w = 216, .box_w = 11, .box_h = 18, .ofs_x = 2, .ofs_y = 0},
    {.bitmap_index = 2711, .adv_w = 303, .box_w = 16, .box_h = 18, .ofs_x = 1, .ofs_y = 0},
    {.bitmap_index = 2820, .adv_w = 308, .box_w = 15, .box_h = 18, .ofs_x = 2, .ofs_y = 0},
    {.bitmap_index = 2847, .adv_w = 141, .box_w = 7, .box_h = 18, .ofs_x = 1, .ofs_y = 0},
    {.bitmap_index = 2870, .adv_w = 114, .box_w = 8, .box_h = 24, .ofs_x = -3, .ofs_y = -6},
    {.bitmap_index = 2900, .adv_w = 258, .box_w = 15, .box_h = 18, .ofs_x = 2, .ofs_y = 0},
    {.bitmap_index = 2986, .adv_w = 218, .box_w = 11, .box_h = 18, .ofs_x = 2, .ofs_y = 0},
    {.bitmap_index = 3002, .adv_w = 377, .box_w = 20, .box_h = 18, .ofs_x = 2, .ofs_y = 0},
    {.bitmap_index = 3122, .adv_w = 316, .box_w = 16, .box_h = 18, .ofs_x = 2, .ofs_y = 0},
    {.bitmap_index = 3214, .adv_w = 325, .box_w = 18, .box_h = 18, .ofs_x = 1, .ofs_y = 0},
    {.bitmap_index = 3341, .adv_w = 252, .box_w = 13, .box_h = 18, .ofs_x = 2, .ofs_y = 0},
    {.bitmap_index = 3401, .adv_w = 325, .box_w = 18, .box_h = 22, .ofs_x = 1, .ofs_y = -4},
    {.bitmap_index = 3550, .adv_w = 259, .box_w = 14, .box_h = 18, .ofs_x = 2, .ofs_y = 0},
    {.bitmap_index = 3632, .adv_w = 228, .box_w = 13, .box_h = 18, .ofs_x = 1, .ofs_y = 0},
    {.bitmap_index = 3727, .adv_w = 231, .box_w = 15, .box_h = 18, .ofs_x = 0, .ofs_y = 0},
    {.bitmap_index = 3750, .adv_w = 304, .box_w = 15, .box_h = 18, .ofs_x = 2, .ofs_y = 0},
    {.bitmap_index = 3804, .adv_w = 250, .box_w = 16, .box_h = 18, .ofs_x = 0, .ofs_y = 0},
    {.bitmap_index = 3913, .adv_w = 387, .box_w = 24, .box_h = 18, .ofs_x = 0, .ofs_y = 0},
    {.bitmap_index = 4093, .adv_w = 244, .box_w = 16, .box_h = 18, .ofs_x = 0, .ofs_y = 0},
    {.bitmap_index = 4206, .adv_w = 235, .box_w = 15, .box_h = 18, .ofs_x = 0, .ofs_y = 0},
    {.bitmap_index = 4281, .adv_w = 238, .box_w = 14, .box_h = 18, .ofs_x = 0, .ofs_y = 0},
    {.bitmap_index = 4358, .adv_w = 137, .box_w = 6, .box_h = 22, .ofs_x = 2, .ofs_y = -4},
    {.bitmap_index = 4378, .adv_w = 155, .box_w = 10, .box_h = 18, .ofs_x = 0, .ofs_y = 0},
    {.bitmap_index = 4440, .adv_w = 137, .box_w = 7, .box_h = 22, .ofs_x = 0, .ofs_y = -4},
    {.bitmap_index = 4461, .adv_w = 238, .box_w = 14, .box_h = 12, .ofs_x = 0, .ofs_y = 7},
    {.bitmap_index = 4524, .adv_w = 185, .box_w = 13, .box_h = 2, .ofs_x = -1, .ofs_y = -4},
    {.bitmap_index = 4531, .adv_w = 117, .box_w = 6, .box_h = 4, .ofs_x = 1, .ofs_y = 16},
    {.bitmap_index = 4544, .adv_w = 233, .box_w = 12, .box_h = 14, .ofs_x = 1, .ofs_y = 0},
    {.bitmap_index = 4622, .adv_w = 256, .box_w = 13, .box_h = 19, .ofs_x = 2, .ofs_y = 0},
    {.bitmap_index = 4702, .adv_w = 200, .box_w = 11, .box_h = 14, .ofs_x = 1, .ofs_y = 0},
    {.bitmap_index = 4765, .adv_w = 256, .box_w = 13, .box_h = 19, .ofs_x = 1, .ofs_y = 0},
    {.bitmap_index = 4849, .adv_w = 235, .box_w = 13, .box_h = 14, .ofs_x = 1, .ofs_y = 0},
    {.bitmap_index = 4923, .adv_w = 143, .box_w = 11, .box_h = 19, .ofs_x = 0, .ofs_y = 0},
    {.bitmap_index = 4969, .adv_w = 256, .box_w = 13, .box_h = 20, .ofs_x = 1, .ofs_y = -6},
    {.bitmap_index = 5079, .adv_w = 257, .box_w = 12, .box_h = 19, .ofs_x = 2, .ofs_y = 0},
    {.bitmap_index = 5124, .adv_w = 107, .box_w = 3, .box_h = 19, .ofs_x = 2, .ofs_y = 0},
    {.bitmap_index = 5136, .adv_w = 107, .box_w = 7, .box_h = 25, .ofs_x = -2, .ofs_y = -6},
    {.bitmap_index = 5169, .adv_w = 222, .box_w = 12, .box_h = 19, .ofs_x = 2, .ofs_y = 0},
    {.bitmap_index = 5232, .adv_w = 107, .box_w = 3, .box_h = 19, .ofs_x = 2, .ofs_y = 0},
    {.bitmap_index = 5237, .adv_w = 389, .box_w = 21, .box_h = 14, .ofs_x = 2, .ofs_y = 0},
    {.bitmap_index = 5307, .adv_w = 257, .box_w = 12, .box_h = 14, .ofs_x = 2, .ofs_y = 0},
    {.bitmap_index = 5348, .adv_w = 252, .box_w = 14, .box_h = 14, .ofs_x = 1, .ofs_y = 0},
    {.bitmap_index = 5434, .adv_w = 256, .box_w = 13, .box_h = 20, .ofs_x = 2, .ofs_y = -6},
    {.bitmap_index = 5518, .adv_w = 256, .box_w = 13, .box_h = 20, .ofs_x = 1, .ofs_y = -6},
    {.bitmap_index = 5604, .adv_w = 172, .box_w = 9, .box_h = 14, .ofs_x = 2, .ofs_y = 0},
    {.bitmap_index = 5633, .adv_w = 199, .box_w = 11, .box_h = 14, .ofs_x = 1, .ofs_y = 0},
    {.bitmap_index = 5703, .adv_w = 150, .box_w = 9, .box_h = 17, .ofs_x = 0, .ofs_y = 0},
    {.bitmap_index = 5742, .adv_w = 257, .box_w = 12, .box_h = 14, .ofs_x = 2, .ofs_y = 0},
    {.bitmap_index = 5782, .adv_w = 211, .box_w = 14, .box_h = 14, .ofs_x = 0, .ofs_y = 0},
    {.bitmap_index = 5862, .adv_w = 327, .box_w = 21, .box_h = 14, .ofs_x = 0, .ofs_y = 0},
    {.bitmap_index = 5995, .adv_w = 220, .box_w = 14, .box_h = 14, .ofs_x = 0, .ofs_y = 0},
    {.bitmap_index = 6079, .adv_w = 212, .box_w = 14, .box_h = 20, .ofs_x = 0, .ofs_y = -6},
    {.bitmap_index = 6184, .adv_w = 196, .box_w = 11, .box_h = 14, .ofs_x = 1, .ofs_y = 0},
    {.bitmap_index = 6239, .adv_w = 158, .box_w = 10, .box_h = 22, .ofs_x = 0, .ofs_y = -4},
    {.bitmap_index = 6305, .adv_w = 229, .box_w = 3, .box_h = 25, .ofs_x = 6, .ofs_y = -6},
    {.bitmap_index = 6310, .adv_w = 158, .box_w = 10, .box_h = 22, .ofs_x = 0, .ofs_y = -4},
    {.bitmap_index = 6375, .adv_w = 238, .box_w = 13, .box_h = 3, .ofs_x = 1, .ofs_y = 7},
    {.bitmap_index = 6395, .adv_w = 108, .box_w = 0, .box_h = 0, .ofs_x = 0, .ofs_y = 0},
    {.bitmap_index = 6395, .adv_w = 112, .box_w = 5, .box_h = 19, .ofs_x = 1, .ofs_y = -5},
    {.bitmap_index = 6439, .adv_w = 238, .box_w = 11, .box_h = 18, .ofs_x = 2, .ofs_y = 0},
    {.bitmap_index = 6517, .adv_w = 238, .box_w = 14, .box_h = 18, .ofs_x = 0, .ofs_y = 0},
    {.bitmap_index = 6590, .adv_w = 238, .box_w = 13, .box_h = 12, .ofs_x = 1, .ofs_y = 3},
    {.bitmap_index = 6660, .adv_w = 238, .box_w = 15, .box_h = 18, .ofs_x = 0, .ofs_y = 0},
    {.bitmap_index = 6759, .adv_w = 229, .box_w = 3, .box_h = 25, .ofs_x = 6, .ofs_y = -6},
    {.bitmap_index = 6776, .adv_w = 213, .box_w = 11, .box_h = 19, .ofs_x = 1, .ofs_y = 0},
    {.bitmap_index = 6875, .adv_w = 241, .box_w = 9, .box_h = 3, .ofs_x = 3, .ofs_y = 16},
    {.bitmap_index = 6888, .adv_w = 346, .box_w = 20, .box_h = 20, .ofs_x = 1, .ofs_y = -1},
    {.bitmap_index = 7054, .adv_w = 149, .box_w = 9, .box_h = 9, .ofs_x = 0, .ofs_y = 10},
    {.bitmap_index = 7092, .adv_w = 212, .box_w = 12, .box_h = 12, .ofs_x = 1, .ofs_y = 1},
    {.bitmap_index = 7159, .adv_w = 238, .box_w = 13, .box_h = 7, .ofs_x = 1, .ofs_y = 3},
    {.bitmap_index = 7172, .adv_w = 134, .box_w = 7, .box_h = 2, .ofs_x = 1, .ofs_y = 6},
    {.bitmap_index = 7176, .adv_w = 346, .box_w = 20, .box_h = 20, .ofs_x = 1, .ofs_y = -1},
    {.bitmap_index = 7341, .adv_w = 208, .box_w = 15, .box_h = 2, .ofs_x = -1, .ofs_y = 19},
    {.bitmap_index = 7350, .adv_w = 178, .box_w = 9, .box_h = 8, .ofs_x = 1, .ofs_y = 11},
    {.bitmap_index = 7384, .adv_w = 238, .box_w = 13, .box_h = 16, .ofs_x = 1, .ofs_y = 0},
    {.bitmap_index = 7423, .adv_w = 146, .box_w = 8, .box_h = 12, .ofs_x = 0, .ofs_y = 11},
    {.bitmap_index = 7467, .adv_w = 146, .box_w = 9, .box_h = 12, .ofs_x = 0, .ofs_y = 11},
    {.bitmap_index = 7517, .adv_w = 117, .box_w = 6, .box_h = 4, .ofs_x = 1, .ofs_y = 16},
    {.bitmap_index = 7530, .adv_w = 259, .box_w = 12, .box_h = 20, .ofs_x = 2, .ofs_y = -6},
    {.bitmap_index = 7578, .adv_w = 272, .box_w = 14, .box_h = 23, .ofs_x = 1, .ofs_y = -4},
    {.bitmap_index = 7639, .adv_w = 111, .box_w = 5, .box_h = 4, .ofs_x = 1, .ofs_y = 7},
    {.bitmap_index = 7649, .adv_w = 94, .box_w = 6, .box_h = 7, .ofs_x = 0, .ofs_y = -7},
    {.bitmap_index = 7671, .adv_w = 146, .box_w = 7, .box_h = 12, .ofs_x = 0, .ofs_y = 11},
    {.bitmap_index = 7691, .adv_w = 156, .box_w = 9, .box_h = 10, .ofs_x = 0, .ofs_y = 9},
    {.bitmap_index = 7735, .adv_w = 212, .box_w = 12, .box_h = 12, .ofs_x = 1, .ofs_y = 1},
    {.bitmap_index = 7803, .adv_w = 310, .box_w = 20, .box_h = 18, .ofs_x = 0, .ofs_y = 0},
    {.bitmap_index = 7931, .adv_w = 321, .box_w = 19, .box_h = 18, .ofs_x = 0, .ofs_y = 0},
    {.bitmap_index = 8058, .adv_w = 325, .box_w = 21, .box_h = 19, .ofs_x = 0, .ofs_y = 0},
    {.bitmap_index = 8216, .adv_w = 181, .box_w = 11, .box_h = 19, .ofs_x = 0, .ofs_y = -5},
    {.bitmap_index = 8293, .adv_w = 266, .box_w = 17, .box_h = 24, .ofs_x = 0, .ofs_y = 0},
    {.bitmap_index = 8424, .adv_w = 266, .box_w = 17, .box_h = 24, .ofs_x = 0, .ofs_y = 0},
    {.bitmap_index = 8556, .adv_w = 266, .box_w = 17, .box_h = 24, .ofs_x = 0, .ofs_y = 0},
    {.bitmap_index = 8692, .adv_w = 266, .box_w = 17, .box_h = 23, .ofs_x = 0, .ofs_y = 0},
    {.bitmap_index = 8826, .adv_w = 266, .box_w = 17, .box_h = 23, .ofs_x = 0, .ofs_y = 0},
    {.bitmap_index = 8957, .adv_w = 266, .box_w = 17, .box_h = 23, .ofs_x = 0, .ofs_y = 0},
    {.bitmap_index = 9088, .adv_w = 366, .box_w = 23, .box_h = 18, .ofs_x = -1, .ofs_y = 0},
    {.bitmap_index = 9192, .adv_w = 263, .box_w = 15, .box_h = 24, .ofs_x = 1, .ofs_y = -6},
    {.bitmap_index = 9318, .adv_w = 231, .box_w = 11, .box_h = 24, .ofs_x = 2, .ofs_y = 0},
    {.bitmap_index = 9369, .adv_w = 231, .box_w = 11, .box_h = 24, .ofs_x = 2, .ofs_y = 0},
    {.bitmap_index = 9419, .adv_w = 231, .box_w = 11, .box_h = 24, .ofs_x = 2, .ofs_y = 0},
    {.bitmap_index = 9476, .adv_w = 231, .box_w = 11, .box_h = 23, .ofs_x = 2, .ofs_y = 0},
    {.bitmap_index = 9529, .adv_w = 141, .box_w = 7, .box_h = 24, .ofs_x = 1, .ofs_y = 0},
    {.bitmap_index = 9570, .adv_w = 141, .box_w = 8, .box_h = 24, .ofs_x = 1, .ofs_y = 0},
    {.bitmap_index = 9614, .adv_w = 141, .box_w = 9, .box_h = 24, .ofs_x = 0, .ofs_y = 0},
    {.bitmap_index = 9665, .adv_w = 141, .box_w = 9, .box_h = 23, .ofs_x = 0, .ofs_y = 0},
    {.bitmap_index = 9712, .adv_w = 304, .box_w = 18, .box_h = 18, .ofs_x = 0, .ofs_y = 0},
    {.bitmap_index = 9817, .adv_w = 316, .box_w = 16, .box_h = 23, .ofs_x = 2, .ofs_y = 0},
    {.bitmap_index = 9937, .adv_w = 325, .box_w = 18, .box_h = 25, .ofs_x = 1, .ofs_y = 0},
    {.bitmap_index = 10093, .adv_w = 325, .box_w = 18, .box_h = 25, .ofs_x = 1, .ofs_y = 0},
    {.bitmap_index = 10250, .adv_w = 325, .box_w = 18, .box_h = 25, .ofs_x = 1, .ofs_y = 0},
    {.bitmap_index = 10414, .adv_w = 325, .box_w = 18, .box_h = 24, .ofs_x = 1, .ofs_y = 0},
    {.bitmap_index = 10574, .adv_w = 325, .box_w = 18, .box_h = 24, .ofs_x = 1, .ofs_y = 0},
    {.bitmap_index = 10726, .adv_w = 238, .box_w = 13, .box_h = 12, .ofs_x = 1, .ofs_y = 3},
    {.bitmap_index = 10794, .adv_w = 325, .box_w = 18, .box_h = 20, .ofs_x = 1, .ofs_y = -1},
    {.bitmap_index = 10955, .adv_w = 304, .box_w = 15, .box_h = 25, .ofs_x = 2, .ofs_y = 0},
    {.bitmap_index = 11039, .adv_w = 304, .box_w = 15, .box_h = 25, .ofs_x = 2, .ofs_y = 0},
    {.bitmap_index = 11121, .adv_w = 304, .box_w = 15, .box_h = 25, .ofs_x = 2, .ofs_y = 0},
    {.bitmap_index = 11210, .adv_w = 304, .box_w = 15, .box_h = 24, .ofs_x = 2, .ofs_y = 0},
    {.bitmap_index = 11289, .adv_w = 235, .box_w = 15, .box_h = 24, .ofs_x = 0, .ofs_y = 0},
    {.bitmap_index = 11388, .adv_w = 252, .box_w = 13, .box_h = 18, .ofs_x = 2, .ofs_y = 0},
    {.bitmap_index = 11452, .adv_w = 262, .box_w = 14, .box_h = 19, .ofs_x = 2, .ofs_y = 0},
    {.bitmap_index = 11550, .adv_w = 233, .box_w = 12, .box_h = 19, .ofs_x = 1, .ofs_y = 0},
    {.bitmap_index = 11647, .adv_w = 233, .box_w = 12, .box_h = 19, .ofs_x = 1, .ofs_y = 0},
    {.bitmap_index = 11744, .adv_w = 233, .box_w = 12, .box_h = 19, .ofs_x = 1, .ofs_y = 0},
    {.bitmap_index = 11848, .adv_w = 233, .box_w = 12, .box_h = 18, .ofs_x = 1, .ofs_y = 0},
    {.bitmap_index = 11947, .adv_w = 233, .box_w = 12, .box_h = 18, .ofs_x = 1, .ofs_y = 0},
    {.bitmap_index = 12046, .adv_w = 233, .box_w = 12, .box_h = 22, .ofs_x = 1, .ofs_y = 0},
    {.bitmap_index = 12157, .adv_w = 359, .box_w = 21, .box_h = 14, .ofs_x = 1, .ofs_y = 0},
    {.bitmap_index = 12288, .adv_w = 200, .box_w = 11, .box_h = 20, .ofs_x = 1, .ofs_y = -6},
    {.bitmap_index = 12378, .adv_w = 235, .box_w = 13, .box_h = 19, .ofs_x = 1, .ofs_y = 0},
    {.bitmap_index = 12472, .adv_w = 235, .box_w = 13, .box_h = 19, .ofs_x = 1, .ofs_y = 0},
    {.bitmap_index = 12566, .adv_w = 235, .box_w = 13, .box_h = 19, .ofs_x = 1, .ofs_y = 0},
    {.bitmap_index = 12667, .adv_w = 235, .box_w = 13, .box_h = 18, .ofs_x = 1, .ofs_y = 0},
    {.bitmap_index = 12763, .adv_w = 107, .box_w = 7, .box_h = 19, .ofs_x = -1, .ofs_y = 0},
    {.bitmap_index = 12788, .adv_w = 107, .box_w = 7, .box_h = 19, .ofs_x = 1, .ofs_y = 0},
    {.bitmap_index = 12813, .adv_w = 107, .box_w = 10, .box_h = 19, .ofs_x = -2, .ofs_y = 0},
    {.bitmap_index = 12846, .adv_w = 107, .box_w = 9, .box_h = 18, .ofs_x = -1, .ofs_y = 0},
    {.bitmap_index = 12873, .adv_w = 252, .box_w = 14, .box_h = 20, .ofs_x = 1, .ofs_y = 0},
    {.bitmap_index = 12993, .adv_w = 257, .box_w = 12, .box_h = 18, .ofs_x = 2, .ofs_y = 0},
    {.bitmap_index = 13060, .adv_w = 252, .box_w = 14, .box_h = 19, .ofs_x = 1, .ofs_y = 0},
    {.bitmap_index = 13167, .adv_w = 252, .box_w = 14, .box_h = 19, .ofs_x = 1, .ofs_y = 0},
    {.bitmap_index = 13274, .adv_w = 252, .box_w = 14, .box_h = 19, .ofs_x = 1, .ofs_y = 0},
    {.bitmap_index = 13387, .adv_w = 252, .box_w = 14, .box_h = 18, .ofs_x = 1, .ofs_y = 0},
    {.bitmap_index = 13493, .adv_w = 252, .box_w = 14, .box_h = 18, .ofs_x = 1, .ofs_y = 0},
    {.bitmap_index = 13602, .adv_w = 238, .box_w = 13, .box_h = 12, .ofs_x = 1, .ofs_y = 3},
    {.bitmap_index = 13645, .adv_w = 252, .box_w = 14, .box_h = 16, .ofs_x = 1, .ofs_y = -1},
    {.bitmap_index = 13751, .adv_w = 257, .box_w = 12, .box_h = 19, .ofs_x = 2, .ofs_y = 0},
    {.bitmap_index = 13811, .adv_w = 257, .box_w = 12, .box_h = 19, .ofs_x = 2, .ofs_y = 0},
    {.bitmap_index = 13872, .adv_w = 257, .box_w = 12, .box_h = 19, .ofs_x = 2, .ofs_y = 0},
    {.bitmap_index = 13938, .adv_w = 257, .box_w = 12, .box_h = 18, .ofs_x = 2, .ofs_y = 0},
    {.bitmap_index = 14001, .adv_w = 212, .box_w = 14, .box_h = 25, .ofs_x = 0, .ofs_y = -6},
    {.bitmap_index = 14128, .adv_w = 256, .box_w = 13, .box_h = 25, .ofs_x = 2, .ofs_y = -6},
    {.bitmap_index = 14216, .adv_w = 212, .box_w = 14, .box_h = 24, .ofs_x = 0, .ofs_y = -6},
    {.bitmap_index = 14344, .adv_w = 266, .box_w = 17, .box_h = 22, .ofs_x = 0, .ofs_y = 0},
    {.bitmap_index = 14465, .adv_w = 233, .box_w = 12, .box_h = 18, .ofs_x = 1, .ofs_y = 0},
    {.bitmap_index = 14557, .adv_w = 266, .box_w = 17, .box_h = 24, .ofs_x = 0, .ofs_y = 0},
    {.bitmap_index = 14694, .adv_w = 233, .box_w = 12, .box_h = 19, .ofs_x = 1, .ofs_y = 0},
    {.bitmap_index = 14796, .adv_w = 266, .box_w = 17, .box_h = 24, .ofs_x = 0, .ofs_y = -6},
    {.bitmap_index = 14935, .adv_w = 233, .box_w = 13, .box_h = 20, .ofs_x = 1, .ofs_y = -6},
    {.bitmap_index = 15041, .adv_w = 263, .box_w = 15, .box_h = 25, .ofs_x = 1, .ofs_y = 0},
    {.bitmap_index = 15164, .adv_w = 200, .box_w = 11, .box_h = 19, .ofs_x = 1, .ofs_y = 0},
    {.bitmap_index = 15245, .adv_w = 263, .box_w = 15, .box_h = 25, .ofs_x = 1, .ofs_y = 0},
    {.bitmap_index = 15375, .adv_w = 200, .box_w = 11, .box_h = 19, .ofs_x = 1, .ofs_y = 0},
    {.bitmap_index = 15463, .adv_w = 263, .box_w = 15, .box_h = 24, .ofs_x = 1, .ofs_y = 0},
    {.bitmap_index = 15577, .adv_w = 200, .box_w = 11, .box_h = 19, .ofs_x = 1, .ofs_y = 0},
    {.bitmap_index = 15655, .adv_w = 263, .box_w = 15, .box_h = 25, .ofs_x = 1, .ofs_y = 0},
    {.bitmap_index = 15785, .adv_w = 200, .box_w = 11, .box_h = 19, .ofs_x = 1, .ofs_y = 0},
    {.bitmap_index = 15871, .adv_w = 304, .box_w = 16, .box_h = 24, .ofs_x = 2, .ofs_y = 0},
    {.bitmap_index = 15997, .adv_w = 256, .box_w = 17, .box_h = 19, .ofs_x = 1, .ofs_y = 0},
    {.bitmap_index = 16109, .adv_w = 304, .box_w = 18, .box_h = 18, .ofs_x = 0, .ofs_y = 0},
    {.bitmap_index = 16214, .adv_w = 257, .box_w = 15, .box_h = 19, .ofs_x = 1, .ofs_y = 0},
    {.bitmap_index = 16318, .adv_w = 231, .box_w = 11, .box_h = 22, .ofs_x = 2, .ofs_y = 0},
    {.bitmap_index = 16361, .adv_w = 235, .box_w = 13, .box_h = 18, .ofs_x = 1, .ofs_y = 0},
    {.bitmap_index = 16449, .adv_w = 231, .box_w = 11, .box_h = 24, .ofs_x = 2, .ofs_y = 0},
    {.bitmap_index = 16506, .adv_w = 235, .box_w = 13, .box_h = 19, .ofs_x = 1, .ofs_y = 0},
    {.bitmap_index = 16604, .adv_w = 231, .box_w = 11, .box_h = 24, .ofs_x = 2, .ofs_y = 0},
    {.bitmap_index = 16651, .adv_w = 235, .box_w = 13, .box_h = 19, .ofs_x = 1, .ofs_y = 0},
    {.bitmap_index = 16741, .adv_w = 231, .box_w = 11, .box_h = 24, .ofs_x = 2, .ofs_y = -6},
    {.bitmap_index = 16794, .adv_w = 235, .box_w = 13, .box_h = 20, .ofs_x = 1, .ofs_y = -6},
    {.bitmap_index = 16894, .adv_w = 231, .box_w = 11, .box_h = 24, .ofs_x = 2, .ofs_y = 0},
    {.bitmap_index = 16951, .adv_w = 235, .box_w = 13, .box_h = 19, .ofs_x = 1, .ofs_y = 0},
    {.bitmap_index = 17050, .adv_w = 303, .box_w = 16, .box_h = 25, .ofs_x = 1, .ofs_y = 0},
    {.bitmap_index = 17194, .adv_w = 256, .box_w = 13, .box_h = 25, .ofs_x = 1, .ofs_y = -6},
    {.bitmap_index = 17330, .adv_w = 303, .box_w = 16, .box_h = 24, .ofs_x = 1, .ofs_y = 0},
    {.bitmap_index = 17468, .adv_w = 256, .box_w = 13, .box_h = 25, .ofs_x = 1, .ofs_y = -6},
    {.bitmap_index = 17602, .adv_w = 303, .box_w = 16, .box_h = 24, .ofs_x = 1, .ofs_y = 0},
    {.bitmap_index = 17730, .adv_w = 256, .box_w = 13, .box_h = 25, .ofs_x = 1, .ofs_y = -6},
    {.bitmap_index = 17856, .adv_w = 303, .box_w = 16, .box_h = 24, .ofs_x = 1, .ofs_y = -6},
    {.bitmap_index = 17993, .adv_w = 256, .box_w = 13, .box_h = 25, .ofs_x = 1, .ofs_y = -6},
    {.bitmap_index = 18121, .adv_w = 308, .box_w = 15, .box_h = 24, .ofs_x = 2, .ofs_y = 0},
    {.bitmap_index = 18178, .adv_w = 257, .box_w = 16, .box_h = 26, .ofs_x = -2, .ofs_y = 0},
    {.bitmap_index = 18263, .adv_w = 308, .box_w = 20, .box_h = 18, .ofs_x = 0, .ofs_y = 0},
    {.bitmap_index = 18317, .adv_w = 257, .box_w = 14, .box_h = 19, .ofs_x = 0, .ofs_y = 0},
    {.bitmap_index = 18381, .adv_w = 141, .box_w = 11, .box_h = 23, .ofs_x = -1, .ofs_y = 0},
    {.bitmap_index = 18433, .adv_w = 107, .box_w = 11, .box_h = 18, .ofs_x = -2, .ofs_y = 0},
    {.bitmap_index = 18464, .adv_w = 141, .box_w = 9, .box_h = 22, .ofs_x = 0, .ofs_y = 0},
    {.bitmap_index = 18501, .adv_w = 107, .box_w = 9, .box_h = 17, .ofs_x = -1, .ofs_y = 0},
    {.bitmap_index = 18519, .adv_w = 141, .box_w = 9, .box_h = 24, .ofs_x = 0, .ofs_y = 0},
    {.bitmap_index = 18570, .adv_w = 107, .box_w = 9, .box_h = 19, .ofs_x = -1, .ofs_y = 0},
    {.bitmap_index = 18601, .adv_w = 141, .box_w = 7, .box_h = 24, .ofs_x = 1, .ofs_y = -6},
    {.bitmap_index = 18644, .adv_w = 107, .box_w = 5, .box_h = 25, .ofs_x = 0, .ofs_y = -6},
    {.bitmap_index = 18676, .adv_w = 141, .box_w = 7, .box_h = 24, .ofs_x = 1, .ofs_y = 0},
    {.bitmap_index = 18713, .adv_w = 107, .box_w = 3, .box_h = 14, .ofs_x = 2, .ofs_y = 0},
    {.bitmap_index = 18718, .adv_w = 255, .box_w = 13, .box_h = 23, .ofs_x = 1, .ofs_y = -5},
    {.bitmap_index = 18776, .adv_w = 215, .box_w = 10, .box_h = 25, .ofs_x = 2, .ofs_y = -6},
    {.bitmap_index = 18828, .adv_w = 114, .box_w = 11, .box_h = 30, .ofs_x = -3, .ofs_y = -6},
    {.bitmap_index = 18890, .adv_w = 107, .box_w = 10, .box_h = 25, .ofs_x = -2, .ofs_y = -6},
    {.bitmap_index = 18940, .adv_w = 258, .box_w = 15, .box_h = 24, .ofs_x = 2, .ofs_y = -6},
    {.bitmap_index = 19054, .adv_w = 222, .box_w = 12, .box_h = 25, .ofs_x = 2, .ofs_y = -6},
    {.bitmap_index = 19140, .adv_w = 222, .box_w = 12, .box_h = 14, .ofs_x = 2, .ofs_y = 0},
    {.bitmap_index = 19201, .adv_w = 218, .box_w = 11, .box_h = 24, .ofs_x = 2, .ofs_y = 0},
    {.bitmap_index = 19238, .adv_w = 107, .box_w = 7, .box_h = 26, .ofs_x = 1, .ofs_y = 0},
    {.bitmap_index = 19267, .adv_w = 218, .box_w = 11, .box_h = 24, .ofs_x = 2, .ofs_y = -6},
    {.bitmap_index = 19304, .adv_w = 107, .box_w = 5, .box_h = 25, .ofs_x = 1, .ofs_y = -6},
    {.bitmap_index = 19328, .adv_w = 218, .box_w = 11, .box_h = 18, .ofs_x = 2, .ofs_y = 0},
    {.bitmap_index = 19360, .adv_w = 107, .box_w = 7, .box_h = 19, .ofs_x = 2, .ofs_y = 0},
    {.bitmap_index = 19384, .adv_w = 218, .box_w = 11, .box_h = 18, .ofs_x = 2, .ofs_y = 0},
    {.bitmap_index = 19411, .adv_w = 111, .box_w = 7, .box_h = 19, .ofs_x = 2, .ofs_y = 0},
    {.bitmap_index = 19430, .adv_w = 218, .box_w = 13, .box_h = 18, .ofs_x = 0, .ofs_y = 0},
    {.bitmap_index = 19477, .adv_w = 107, .box_w = 8, .box_h = 19, .ofs_x = -1, .ofs_y = 0},
    {.bitmap_index = 19506, .adv_w = 316, .box_w = 16, .box_h = 24, .ofs_x = 2, .ofs_y = 0},
    {.bitmap_index = 19623, .adv_w = 257, .box_w = 12, .box_h = 19, .ofs_x = 2, .ofs_y = 0},
    {.bitmap_index = 19684, .adv_w = 316, .box_w = 16, .box_h = 24, .ofs_x = 2, .ofs_y = -6},
    {.bitmap_index = 19805, .adv_w = 257, .box_w = 12, .box_h = 20, .ofs_x = 2, .ofs_y = -6},
    {.bitmap_index = 19869, .adv_w = 316, .box_w = 16, .box_h = 24, .ofs_x = 2, .ofs_y = 0},
    {.bitmap_index = 19992, .adv_w = 257, .box_w = 12, .box_h = 19, .ofs_x = 2, .ofs_y = 0},
    {.bitmap_index = 20060, .adv_w = 286, .box_w = 16, .box_h = 18, .ofs_x = 0, .ofs_y = 0},
    {.bitmap_index = 20130, .adv_w = 316, .box_w = 16, .box_h = 23, .ofs_x = 2, .ofs_y = -5},
    {.bitmap_index = 20247, .adv_w = 257, .box_w = 12, .box_h = 20, .ofs_x = 2, .ofs_y = -6},
    {.bitmap_index = 20306, .adv_w = 325, .box_w = 18, .box_h = 22, .ofs_x = 1, .ofs_y = 0},
    {.bitmap_index = 20446, .adv_w = 252, .box_w = 14, .box_h = 18, .ofs_x = 1, .ofs_y = 0},
    {.bitmap_index = 20544, .adv_w = 325, .box_w = 18, .box_h = 24, .ofs_x = 1, .ofs_y = 0},
    {.bitmap_index = 20702, .adv_w = 252, .box_w = 14, .box_h = 19, .ofs_x = 1, .ofs_y = 0},
    {.bitmap_index = 20812, .adv_w = 325, .box_w = 18, .box_h = 25, .ofs_x = 1, .ofs_y = 0},
    {.bitmap_index = 20977, .adv_w = 252, .box_w = 14, .box_h = 19, .ofs_x = 1, .ofs_y = 0},
    {.bitmap_index = 21091, .adv_w = 386, .box_w = 22, .box_h = 18, .ofs_x = 1, .ofs_y = 0},
    {.bitmap_index = 21204, .adv_w = 394, .box_w = 23, .box_h = 14, .ofs_x = 1, .ofs_y = 0},
    {.bitmap_index = 21340, .adv_w = 259, .box_w = 14, .box_h = 24, .ofs_x = 2, .ofs_y = 0},
    {.bitmap_index = 21446, .adv_w = 172, .box_w = 9, .box_h = 19, .ofs_x = 2, .ofs_y = 0},
    {.bitmap_index = 21493, .adv_w = 259, .box_w = 14, .box_h = 24, .ofs_x = 2, .ofs_y = -6},
    {.bitmap_index = 21601, .adv_w = 172, .box_w = 10, .box_h = 20, .ofs_x = 1, .ofs_y = -6},
    {.bitmap_index = 21651, .adv_w = 259, .box_w = 14, .box_h = 24, .ofs_x = 2, .ofs_y = 0},
    {.bitmap_index = 21762, .adv_w = 172, .box_w = 10, .box_h = 19, .ofs_x = 1, .ofs_y = 0},
    {.bitmap_index = 21816, .adv_w = 228, .box_w = 13, .box_h = 25, .ofs_x = 1, .ofs_y = 0},
    {.bitmap_index = 21936, .adv_w = 199, .box_w = 11, .box_h = 19, .ofs_x = 1, .ofs_y = 0},
    {.bitmap_index = 22024, .adv_w = 228, .box_w = 13, .box_h = 25, .ofs_x = 1, .ofs_y = 0},
    {.bitmap_index = 22151, .adv_w = 199, .box_w = 11, .box_h = 19, .ofs_x = 1, .ofs_y = 0},
    {.bitmap_index = 22245, .adv_w = 228, .box_w = 13, .box_h = 24, .ofs_x = 1, .ofs_y = -6},
    {.bitmap_index = 22369, .adv_w = 199, .box_w = 11, .box_h = 20, .ofs_x = 1, .ofs_y = -6},
    {.bitmap_index = 22465, .adv_w = 228, .box_w = 13, .box_h = 25, .ofs_x = 1, .ofs_y = 0},
    {.bitmap_index = 22592, .adv_w = 199, .box_w = 11, .box_h = 19, .ofs_x = 1, .ofs_y = 0},
    {.bitmap_index = 22686, .adv_w = 231, .box_w = 15, .box_h = 24, .ofs_x = 0, .ofs_y = -6},
    {.bitmap_index = 22737, .adv_w = 150, .box_w = 9, .box_h = 23, .ofs_x = 0, .ofs_y = -6},
    {.bitmap_index = 22799, .adv_w = 231, .box_w = 15, .box_h = 24, .ofs_x = 0, .ofs_y = 0},
    {.bitmap_index = 22852, .adv_w = 150, .box_w = 13, .box_h = 19, .ofs_x = 0, .ofs_y = 0},
    {.bitmap_index = 22915, .adv_w = 231, .box_w = 15, .box_h = 18, .ofs_x = 0, .ofs_y = 0},
    {.bitmap_index = 22956, .adv_w = 150, .box_w = 9, .box_h = 17, .ofs_x = 0, .ofs_y = 0},
    {.bitmap_index = 23011, .adv_w = 304, .box_w = 15, .box_h = 24, .ofs_x = 2, .ofs_y = 0},
    {.bitmap_index = 23099, .adv_w = 257, .box_w = 12, .box_h = 18, .ofs_x = 2, .ofs_y = 0},
    {.bitmap_index = 23159, .adv_w = 304, .box_w = 15, .box_h = 22, .ofs_x = 2, .ofs_y = 0},
    {.bitmap_index = 23229, .adv_w = 257, .box_w = 12, .box_h = 18, .ofs_x = 2, .ofs_y = 0},
    {.bitmap_index = 23284, .adv_w = 304, .box_w = 15, .box_h = 24, .ofs_x = 2, .ofs_y = 0},
    {.bitmap_index = 23368, .adv_w = 257, .box_w = 12, .box_h = 19, .ofs_x = 2, .ofs_y = 0},
    {.bitmap_index = 23431, .adv_w = 304, .box_w = 15, .box_h = 27, .ofs_x = 2, .ofs_y = 0},
    {.bitmap_index = 23524, .adv_w = 257, .box_w = 12, .box_h = 22, .ofs_x = 2, .ofs_y = 0},
    {.bitmap_index = 23599, .adv_w = 304, .box_w = 15, .box_h = 25, .ofs_x = 2, .ofs_y = 0},
    {.bitmap_index = 23691, .adv_w = 257, .box_w = 12, .box_h = 19, .ofs_x = 2, .ofs_y = 0},
    {.bitmap_index = 23761, .adv_w = 304, .box_w = 15, .box_h = 24, .ofs_x = 2, .ofs_y = -6},
    {.bitmap_index = 23844, .adv_w = 257, .box_w = 13, .box_h = 20, .ofs_x = 2, .ofs_y = -6},
    {.bitmap_index = 23912, .adv_w = 387, .box_w = 24, .box_h = 24, .ofs_x = 0, .ofs_y = 0},
    {.bitmap_index = 24130, .adv_w = 327, .box_w = 21, .box_h = 19, .ofs_x = 0, .ofs_y = 0},
    {.bitmap_index = 24296, .adv_w = 235, .box_w = 15, .box_h = 24, .ofs_x = 0, .ofs_y = 0},
    {.bitmap_index = 24401, .adv_w = 212, .box_w = 14, .box_h = 25, .ofs_x = 0, .ofs_y = -6},
    {.bitmap_index = 24534, .adv_w = 235, .box_w = 15, .box_h = 23, .ofs_x = 0, .ofs_y = 0},
    {.bitmap_index = 24634, .adv_w = 238, .box_w = 14, .box_h = 24, .ofs_x = 0, .ofs_y = 0},
    {.bitmap_index = 24734, .adv_w = 196, .box_w = 11, .box_h = 19, .ofs_x = 1, .ofs_y = 0},
    {.bitmap_index = 24808, .adv_w = 238, .box_w = 14, .box_h = 24, .ofs_x = 0, .ofs_y = 0},
    {.bitmap_index = 24902, .adv_w = 196, .box_w = 11, .box_h = 19, .ofs_x = 1, .ofs_y = 0},
    {.bitmap_index = 24974, .adv_w = 238, .box_w = 14, .box_h = 24, .ofs_x = 0, .ofs_y = 0},
    {.bitmap_index = 25079, .adv_w = 196, .box_w = 11, .box_h = 19, .ofs_x = 1, .ofs_y = 0},
    {.bitmap_index = 25159, .adv_w = 136, .box_w = 8, .box_h = 19, .ofs_x = 2, .ofs_y = 0},
    {.bitmap_index = 25183, .adv_w = 231, .box_w = 11, .box_h = 24, .ofs_x = 2, .ofs_y = 0},
    {.bitmap_index = 25234, .adv_w = 231, .box_w = 11, .box_h = 23, .ofs_x = 2, .ofs_y = 0},
    {.bitmap_index = 25288, .adv_w = 298, .box_w = 18, .box_h = 18, .ofs_x = 0, .ofs_y = 0},
    {.bitmap_index = 25369, .adv_w = 212, .box_w = 11, .box_h = 24, .ofs_x = 2, .ofs_y = 0},
    {.bitmap_index = 25409, .adv_w = 266, .box_w = 15, .box_h = 18, .ofs_x = 1, .ofs_y = 0},
    {.bitmap_index = 25509, .adv_w = 228, .box_w = 13, .box_h = 18, .ofs_x = 1, .ofs_y = 0},
    {.bitmap_index = 25604, .adv_w = 118, .box_w = 3, .box_h = 18, .ofs_x = 2, .ofs_y = 0},
    {.bitmap_index = 25609, .adv_w = 118, .box_w = 7, .box_h = 23, .ofs_x = 0, .ofs_y = 0},
    {.bitmap_index = 25632, .adv_w = 114, .box_w = 8, .box_h = 24, .ofs_x = -3, .ofs_y = -6},
    {.bitmap_index = 25662, .adv_w = 420, .box_w = 25, .box_h = 18, .ofs_x = 0, .ofs_y = 0},
    {.bitmap_index = 25788, .adv_w = 427, .box_w = 24, .box_h = 18, .ofs_x = 2, .ofs_y = 0},
    {.bitmap_index = 25870, .adv_w = 297, .box_w = 18, .box_h = 18, .ofs_x = 0, .ofs_y = 0},
    {.bitmap_index = 25930, .adv_w = 260, .box_w = 14, .box_h = 24, .ofs_x = 2, .ofs_y = 0},
    {.bitmap_index = 26035, .adv_w = 314, .box_w = 16, .box_h = 24, .ofs_x = 2, .ofs_y = 0},
    {.bitmap_index = 26148, .adv_w = 256, .box_w = 17, .box_h = 24, .ofs_x = 0, .ofs_y = 0},
    {.bitmap_index = 26291, .adv_w = 304, .box_w = 15, .box_h = 22, .ofs_x = 2, .ofs_y = -4},
    {.bitmap_index = 26322, .adv_w = 265, .box_w = 17, .box_h = 18, .ofs_x = 0, .ofs_y = 0},
    {.bitmap_index = 26428, .adv_w = 255, .box_w = 13, .box_h = 18, .ofs_x = 2, .ofs_y = 0},
    {.bitmap_index = 26490, .adv_w = 270, .box_w = 14, .box_h = 18, .ofs_x = 2, .ofs_y = 0},
    {.bitmap_index = 26577, .adv_w = 212, .box_w = 11, .box_h = 18, .ofs_x = 2, .ofs_y = 0},
    {.bitmap_index = 26596, .adv_w = 303, .box_w = 19, .box_h = 23, .ofs_x = 0, .ofs_y = -5},
    {.bitmap_index = 26695, .adv_w = 231, .box_w = 11, .box_h = 18, .ofs_x = 2, .ofs_y = 0},
    {.bitmap_index = 26724, .adv_w = 376, .box_w = 24, .box_h = 18, .ofs_x = 0, .ofs_y = 0},
    {.bitmap_index = 26871, .adv_w = 240, .box_w = 13, .box_h = 18, .ofs_x = 1, .ofs_y = 0},
    {.bitmap_index = 26969, .adv_w = 314, .box_w = 16, .box_h = 18, .ofs_x = 2, .ofs_y = 0},
    {.bitmap_index = 27054, .adv_w = 314, .box_w = 16, .box_h = 23, .ofs_x = 2, .ofs_y = 0},
    {.bitmap_index = 27166, .adv_w = 260, .box_w = 14, .box_h = 18, .ofs_x = 2, .ofs_y = 0},
    {.bitmap_index = 27247, .adv_w = 290, .box_w = 16, .box_h = 18, .ofs_x = 0, .ofs_y = 0},
    {.bitmap_index = 27327, .adv_w = 377, .box_w = 20, .box_h = 18, .ofs_x = 2, .ofs_y = 0},
    {.bitmap_index = 27447, .adv_w = 309, .box_w = 15, .box_h = 18, .ofs_x = 2, .ofs_y = 0},
    {.bitmap_index = 27478, .adv_w = 317, .box_w = 18, .box_h = 18, .ofs_x = 1, .ofs_y = 0},
    {.bitmap_index = 27607, .adv_w = 305, .box_w = 15, .box_h = 18, .ofs_x = 2, .ofs_y = 0},
    {.bitmap_index = 27628, .adv_w = 252, .box_w = 13, .box_h = 18, .ofs_x = 2, .ofs_y = 0},
    {.bitmap_index = 27688, .adv_w = 266, .box_w = 15, .box_h = 18, .ofs_x = 1, .ofs_y = 0},
    {.bitmap_index = 27784, .adv_w = 231, .box_w = 15, .box_h = 18, .ofs_x = 0, .ofs_y = 0},
    {.bitmap_index = 27807, .adv_w = 256, .box_w = 17, .box_h = 18, .ofs_x = 0, .ofs_y = 0},
    {.bitmap_index = 27918, .adv_w = 340, .box_w = 19, .box_h = 18, .ofs_x = 1, .ofs_y = 0},
    {.bitmap_index = 28046, .adv_w = 245, .box_w = 16, .box_h = 18, .ofs_x = 0, .ofs_y = 0},
    {.bitmap_index = 28159, .adv_w = 308, .box_w = 17, .box_h = 22, .ofs_x = 2, .ofs_y = -4},
    {.bitmap_index = 28192, .adv_w = 280, .box_w = 14, .box_h = 18, .ofs_x = 1, .ofs_y = 0},
    {.bitmap_index = 28237, .adv_w = 431, .box_w = 23, .box_h = 18, .ofs_x = 2, .ofs_y = 0},
    {.bitmap_index = 28273, .adv_w = 427, .box_w = 25, .box_h = 22, .ofs_x = 2, .ofs_y = -4},
    {.bitmap_index = 28319, .adv_w = 285, .box_w = 17, .box_h = 18, .ofs_x = 0, .ofs_y = 0},
    {.bitmap_index = 28391, .adv_w = 353, .box_w = 18, .box_h = 18, .ofs_x = 2, .ofs_y = 0},
    {.bitmap_index = 28465, .adv_w = 253, .box_w = 13, .box_h = 18, .ofs_x = 2, .ofs_y = 0},
    {.bitmap_index = 28524, .adv_w = 269, .box_w = 15, .box_h = 18, .ofs_x = 1, .ofs_y = 0},
    {.bitmap_index = 28625, .adv_w = 416, .box_w = 23, .box_h = 18, .ofs_x = 2, .ofs_y = 0},
    {.bitmap_index = 28770, .adv_w = 265, .box_w = 15, .box_h = 18, .ofs_x = 0, .ofs_y = 0},
    {.bitmap_index = 28856, .adv_w = 231, .box_w = 12, .box_h = 14, .ofs_x = 1, .ofs_y = 0},
    {.bitmap_index = 28932, .adv_w = 248, .box_w = 14, .box_h = 21, .ofs_x = 1, .ofs_y = 0},
    {.bitmap_index = 29055, .adv_w = 235, .box_w = 12, .box_h = 14, .ofs_x = 2, .ofs_y = 0},
    {.bitmap_index = 29121, .adv_w = 182, .box_w = 9, .box_h = 14, .ofs_x = 2, .ofs_y = 0},
    {.bitmap_index = 29137, .adv_w = 253, .box_w = 16, .box_h = 18, .ofs_x = 0, .ofs_y = -4},
    {.bitmap_index = 29219, .adv_w = 229, .box_w = 13, .box_h = 14, .ofs_x = 1, .ofs_y = 0},
    {.bitmap_index = 29294, .adv_w = 316, .box_w = 20, .box_h = 14, .ofs_x = 0, .ofs_y = 0},
    {.bitmap_index = 29400, .adv_w = 203, .box_w = 12, .box_h = 14, .ofs_x = 0, .ofs_y = 0},
    {.bitmap_index = 29473, .adv_w = 258, .box_w = 12, .box_h = 14, .ofs_x = 2, .ofs_y = 0},
    {.bitmap_index = 29526, .adv_w = 258, .box_w = 12, .box_h = 19, .ofs_x = 2, .ofs_y = 0},
    {.bitmap_index = 29605, .adv_w = 221, .box_w = 12, .box_h = 14, .ofs_x = 2, .ofs_y = 0},
    {.bitmap_index = 29664, .adv_w = 244, .box_w = 14, .box_h = 14, .ofs_x = 0, .ofs_y = 0},
    {.bitmap_index = 29722, .adv_w = 319, .box_w = 16, .box_h = 14, .ofs_x = 2, .ofs_y = 0},
    {.bitmap_index = 29804, .adv_w = 255, .box_w = 12, .box_h = 14, .ofs_x = 2, .ofs_y = 0},
    {.bitmap_index = 29825, .adv_w = 247, .box_w = 14, .box_h = 14, .ofs_x = 1, .ofs_y = 0},
    {.bitmap_index = 29911, .adv_w = 252, .box_w = 12, .box_h = 14, .ofs_x = 2, .ofs_y = 0},
    {.bitmap_index = 29928, .adv_w = 253, .box_w = 13, .box_h = 20, .ofs_x = 2, .ofs_y = -6},
    {.bitmap_index = 30011, .adv_w = 205, .box_w = 11, .box_h = 14, .ofs_x = 1, .ofs_y = 0},
    {.bitmap_index = 30073, .adv_w = 193, .box_w = 12, .box_h = 14, .ofs_x = 0, .ofs_y = 0},
    {.bitmap_index = 30093, .adv_w = 212, .box_w = 14, .box_h = 20, .ofs_x = 0, .ofs_y = -6},
    {.bitmap_index = 30200, .adv_w = 307, .box_w = 17, .box_h = 26, .ofs_x = 1, .ofs_y = -6},
    {.bitmap_index = 30316, .adv_w = 213, .box_w = 14, .box_h = 14, .ofs_x = 0, .ofs_y = 0},
    {.bitmap_index = 30399, .adv_w = 255, .box_w = 14, .box_h = 18, .ofs_x = 2, .ofs_y = -4},
    {.bitmap_index = 30430, .adv_w = 245, .box_w = 13, .box_h = 14, .ofs_x = 1, .ofs_y = 0},
    {.bitmap_index = 30472, .adv_w = 372, .box_w = 20, .box_h = 14, .ofs_x = 2, .ofs_y = 0},
    {.bitmap_index = 30503, .adv_w = 373, .box_w = 22, .box_h = 18, .ofs_x = 2, .ofs_y = -4},
    {.bitmap_index = 30549, .adv_w = 259, .box_w = 16, .box_h = 14, .ofs_x = 0, .ofs_y = 0},
    {.bitmap_index = 30609, .adv_w = 316, .box_w = 16, .box_h = 14, .ofs_x = 2, .ofs_y = 0},
    {.bitmap_index = 30666, .adv_w = 227, .box_w = 11, .box_h = 14, .ofs_x = 2, .ofs_y = 0},
    {.bitmap_index = 30710, .adv_w = 206, .box_w = 11, .box_h = 14, .ofs_x = 1, .ofs_y = 0},
    {.bitmap_index = 30776, .adv_w = 332, .box_w = 18, .box_h = 14, .ofs_x = 2, .ofs_y = 0},
    {.bitmap_index = 30874, .adv_w = 240, .box_w = 13, .box_h = 14, .ofs_x = 0, .ofs_y = 0},
    {.bitmap_index = 30940, .adv_w = 229, .box_w = 13, .box_h = 20, .ofs_x = 1, .ofs_y = 0},
    {.bitmap_index = 31036, .adv_w = 229, .box_w = 13, .box_h = 18, .ofs_x = 1, .ofs_y = 0},
    {.bitmap_index = 31132, .adv_w = 258, .box_w = 14, .box_h = 26, .ofs_x = 0, .ofs_y = -6},
    {.bitmap_index = 31224, .adv_w = 182, .box_w = 9, .box_h = 20, .ofs_x = 2, .ofs_y = 0},
    {.bitmap_index = 31261, .adv_w = 205, .box_w = 11, .box_h = 14, .ofs_x = 1, .ofs_y = 0},
    {.bitmap_index = 31325, .adv_w = 195, .box_w = 11, .box_h = 14, .ofs_x = 1, .ofs_y = 0},
    {.bitmap_index = 31393, .adv_w = 107, .box_w = 3, .box_h = 18, .ofs_x = 2, .ofs_y = 0},
    {.bitmap_index = 31404, .adv_w = 107, .box_w = 7, .box_h = 18, .ofs_x = 0, .ofs_y = 0},
    {.bitmap_index = 31427, .adv_w = 107, .box_w = 7, .box_h = 24, .ofs_x = -2, .ofs_y = -6},
    {.bitmap_index = 31460, .adv_w = 357, .box_w = 22, .box_h = 14, .ofs_x = 0, .ofs_y = 0},
    {.bitmap_index = 31563, .adv_w = 370, .box_w = 20, .box_h = 14, .ofs_x = 2, .ofs_y = 0},
    {.bitmap_index = 31624, .adv_w = 258, .box_w = 15, .box_h = 20, .ofs_x = 0, .ofs_y = 0},
    {.bitmap_index = 31694, .adv_w = 221, .box_w = 12, .box_h = 20, .ofs_x = 2, .ofs_y = 0},
    {.bitmap_index = 31777, .adv_w = 258, .box_w = 12, .box_h = 20, .ofs_x = 2, .ofs_y = 0},
    {.bitmap_index = 31853, .adv_w = 212, .box_w = 14, .box_h = 25, .ofs_x = 0, .ofs_y = -6},
    {.bitmap_index = 31988, .adv_w = 252, .box_w = 12, .box_h = 18, .ofs_x = 2, .ofs_y = -4},
    {.bitmap_index = 32018, .adv_w = 382, .box_w = 24, .box_h = 18, .ofs_x = 0, .ofs_y = 0},
    {.bitmap_index = 32197, .adv_w = 328, .box_w = 20, .box_h = 14, .ofs_x = 0, .ofs_y = 0},
    {.bitmap_index = 32321, .adv_w = 281, .box_w = 17, .box_h = 18, .ofs_x = 0, .ofs_y = 0},
    {.bitmap_index = 32405, .adv_w = 264, .box_w = 16, .box_h = 17, .ofs_x = 0, .ofs_y = 0},
    {.bitmap_index = 32478, .adv_w = 384, .box_w = 22, .box_h = 18, .ofs_x = 2, .ofs_y = 0},
    {.bitmap_index = 32593, .adv_w = 309, .box_w = 17, .box_h = 14, .ofs_x = 2, .ofs_y = 0},
    {.bitmap_index = 32680, .adv_w = 284, .box_w = 18, .box_h = 18, .ofs_x = 0, .ofs_y = 0},
    {.bitmap_index = 32796, .adv_w = 238, .box_w = 15, .box_h = 14, .ofs_x = 0, .ofs_y = 0},
    {.bitmap_index = 32878, .adv_w = 386, .box_w = 23, .box_h = 18, .ofs_x = 2, .ofs_y = 0},
    {.bitmap_index = 33006, .adv_w = 324, .box_w = 19, .box_h = 14, .ofs_x = 2, .ofs_y = 0},
    {.bitmap_index = 33104, .adv_w = 303, .box_w = 19, .box_h = 18, .ofs_x = 0, .ofs_y = 0},
    {.bitmap_index = 33229, .adv_w = 266, .box_w = 17, .box_h = 14, .ofs_x = 0, .ofs_y = 0},
    {.bitmap_index = 33324, .adv_w = 409, .box_w = 24, .box_h = 18, .ofs_x = 2, .ofs_y = 0},
    {.bitmap_index = 33465, .adv_w = 353, .box_w = 20, .box_h = 14, .ofs_x = 2, .ofs_y = 0},
    {.bitmap_index = 33571, .adv_w = 244, .box_w = 14, .box_h = 29, .ofs_x = 0, .ofs_y = -6},
    {.bitmap_index = 33732, .adv_w = 204, .box_w = 12, .box_h = 22, .ofs_x = 0, .ofs_y = -5},
    {.bitmap_index = 33847, .adv_w = 334, .box_w = 17, .box_h = 18, .ofs_x = 2, .ofs_y = 0},
    {.bitmap_index = 33915, .adv_w = 317, .box_w = 16, .box_h = 26, .ofs_x = 2, .ofs_y = -6},
    {.bitmap_index = 34009, .adv_w = 325, .box_w = 18, .box_h = 18, .ofs_x = 1, .ofs_y = 0},
    {.bitmap_index = 34136, .adv_w = 252, .box_w = 14, .box_h = 14, .ofs_x = 1, .ofs_y = 0},
    {.bitmap_index = 34222, .adv_w = 264, .box_w = 18, .box_h = 18, .ofs_x = 0, .ofs_y = 0},
    {.bitmap_index = 34340, .adv_w = 215, .box_w = 14, .box_h = 14, .ofs_x = 0, .ofs_y = 0},
    {.bitmap_index = 34419, .adv_w = 264, .box_w = 18, .box_h = 25, .ofs_x = 0, .ofs_y = 0},
    {.bitmap_index = 34576, .adv_w = 215, .box_w = 14, .box_h = 20, .ofs_x = 0, .ofs_y = 0},
    {.bitmap_index = 34689, .adv_w = 508, .box_w = 31, .box_h = 24, .ofs_x = 1, .ofs_y = -6},
    {.bitmap_index = 34939, .adv_w = 456, .box_w = 28, .box_h = 20, .ofs_x = 1, .ofs_y = -6},
    {.bitmap_index = 35145, .adv_w = 342, .box_w = 19, .box_h = 22, .ofs_x = 1, .ofs_y = -2},
    {.bitmap_index = 35301, .adv_w = 274, .box_w = 15, .box_h = 17, .ofs_x = 1, .ofs_y = -1},
    {.bitmap_index = 35399, .adv_w = 427, .box_w = 25, .box_h = 27, .ofs_x = 1, .ofs_y = 0},
    {.bitmap_index = 35624, .adv_w = 376, .box_w = 21, .box_h = 23, .ofs_x = 1, .ofs_y = 0},
    {.bitmap_index = 35795, .adv_w = 382, .box_w = 24, .box_h = 24, .ofs_x = 0, .ofs_y = 0},
    {.bitmap_index = 36009, .adv_w = 328, .box_w = 20, .box_h = 18, .ofs_x = 0, .ofs_y = 0},
    {.bitmap_index = 36162, .adv_w = 267, .box_w = 15, .box_h = 24, .ofs_x = 1, .ofs_y = -6},
    {.bitmap_index = 36265, .adv_w = 205, .box_w = 11, .box_h = 20, .ofs_x = 1, .ofs_y = -6},
    {.bitmap_index = 36332, .adv_w = 253, .box_w = 14, .box_h = 18, .ofs_x = 1, .ofs_y = -1},
    {.bitmap_index = 36423, .adv_w = 0, .box_w = 10, .box_h = 5, .ofs_x = -12, .ofs_y = 14},
    {.bitmap_index = 36442, .adv_w = 0, .box_w = 10, .box_h = 3, .ofs_x = -12, .ofs_y = 16},
    {.bitmap_index = 36457, .adv_w = 0, .box_w = 4, .box_h = 5, .ofs_x = -9, .ofs_y = 15},
    {.bitmap_index = 36467, .adv_w = 0, .box_w = 4, .box_h = 5, .ofs_x = -9, .ofs_y = 15},
    {.bitmap_index = 36477, .adv_w = 0, .box_w = 10, .box_h = 3, .ofs_x = -5, .ofs_y = 20},
    {.bitmap_index = 36492, .adv_w = 0, .box_w = 30, .box_h = 27, .ofs_x = -15, .ofs_y = -7},
    {.bitmap_index = 36690, .adv_w = 0, .box_w = 30, .box_h = 29, .ofs_x = -15, .ofs_y = -7},
    {.bitmap_index = 36896, .adv_w = 327, .box_w = 18, .box_h = 29, .ofs_x = 2, .ofs_y = -5},
    {.bitmap_index = 37057, .adv_w = 274, .box_w = 15, .box_h = 25, .ofs_x = 2, .ofs_y = -5},
    {.bitmap_index = 37181, .adv_w = 256, .box_w = 15, .box_h = 18, .ofs_x = 0, .ofs_y = 0},
    {.bitmap_index = 37257, .adv_w = 247, .box_w = 15, .box_h = 20, .ofs_x = 0, .ofs_y = 0},
    {.bitmap_index = 37327, .adv_w = 255, .box_w = 13, .box_h = 18, .ofs_x = 2, .ofs_y = 0},
    {.bitmap_index = 37396, .adv_w = 256, .box_w = 13, .box_h = 20, .ofs_x = 2, .ofs_y = -6},
    {.bitmap_index = 37491, .adv_w = 221, .box_w = 12, .box_h = 22, .ofs_x = 2, .ofs_y = 0},
    {.bitmap_index = 37516, .adv_w = 181, .box_w = 9, .box_h = 18, .ofs_x = 2, .ofs_y = 0},
    {.bitmap_index = 37542, .adv_w = 220, .box_w = 14, .box_h = 18, .ofs_x = 0, .ofs_y = 0},
    {.bitmap_index = 37574, .adv_w = 181, .box_w = 11, .box_h = 14, .ofs_x = 0, .ofs_y = 0},
    {.bitmap_index = 37607, .adv_w = 271, .box_w = 14, .box_h = 24, .ofs_x = 2, .ofs_y = -6},
    {.bitmap_index = 37698, .adv_w = 222, .box_w = 12, .box_h = 20, .ofs_x = 2, .ofs_y = -6},
    {.bitmap_index = 37775, .adv_w = 376, .box_w = 24, .box_h = 23, .ofs_x = 0, .ofs_y = -5},
    {.bitmap_index = 37943, .adv_w = 331, .box_w = 21, .box_h = 19, .ofs_x = 0, .ofs_y = -5},
    {.bitmap_index = 38067, .adv_w = 240, .box_w = 13, .box_h = 24, .ofs_x = 1, .ofs_y = -6},
    {.bitmap_index = 38190, .adv_w = 203, .box_w = 12, .box_h = 20, .ofs_x = 0, .ofs_y = -6},
    {.bitmap_index = 38287, .adv_w = 279, .box_w = 16, .box_h = 23, .ofs_x = 2, .ofs_y = -5},
    {.bitmap_index = 38387, .adv_w = 232, .box_w = 13, .box_h = 19, .ofs_x = 2, .ofs_y = -5},
    {.bitmap_index = 38456, .adv_w = 260, .box_w = 15, .box_h = 18, .ofs_x = 2, .ofs_y = 0},
    {.bitmap_index = 38543, .adv_w = 220, .box_w = 12, .box_h = 14, .ofs_x = 2, .ofs_y = 0},
    {.bitmap_index = 38604, .adv_w = 260, .box_w = 16, .box_h = 18, .ofs_x = 0, .ofs_y = 0},
    {.bitmap_index = 38704, .adv_w = 222, .box_w = 14, .box_h = 20, .ofs_x = 0, .ofs_y = 0},
    {.bitmap_index = 38792, .adv_w = 288, .box_w = 18, .box_h = 18, .ofs_x = 0, .ofs_y = 0},
    {.bitmap_index = 38897, .adv_w = 259, .box_w = 17, .box_h = 14, .ofs_x = 0, .ofs_y = 0},
    {.bitmap_index = 38975, .adv_w = 314, .box_w = 17, .box_h = 23, .ofs_x = 2, .ofs_y = -5},
    {.bitmap_index = 39017, .adv_w = 273, .box_w = 15, .box_h = 19, .ofs_x = 2, .ofs_y = -5},
    {.bitmap_index = 39054, .adv_w = 339, .box_w = 19, .box_h = 18, .ofs_x = 2, .ofs_y = 0},
    {.bitmap_index = 39087, .adv_w = 307, .box_w = 17, .box_h = 14, .ofs_x = 2, .ofs_y = 0},
    {.bitmap_index = 39123, .adv_w = 439, .box_w = 25, .box_h = 24, .ofs_x = 2, .ofs_y = -6},
    {.bitmap_index = 39234, .adv_w = 359, .box_w = 20, .box_h = 20, .ofs_x = 2, .ofs_y = -6},
    {.bitmap_index = 39331, .adv_w = 324, .box_w = 19, .box_h = 19, .ofs_x = 1, .ofs_y = -1},
    {.bitmap_index = 39490, .adv_w = 267, .box_w = 15, .box_h = 14, .ofs_x = 1, .ofs_y = 0},
    {.bitmap_index = 39587, .adv_w = 263, .box_w = 15, .box_h = 24, .ofs_x = 1, .ofs_y = -6},
    {.bitmap_index = 39712, .adv_w = 200, .box_w = 11, .box_h = 20, .ofs_x = 1, .ofs_y = -6},
    {.bitmap_index = 39799, .adv_w = 231, .box_w = 15, .box_h = 23, .ofs_x = 0, .ofs_y = -5},
    {.bitmap_index = 39839, .adv_w = 198, .box_w = 12, .box_h = 19, .ofs_x = 0, .ofs_y = -5},
    {.bitmap_index = 39870, .adv_w = 235, .box_w = 15, .box_h = 18, .ofs_x = 0, .ofs_y = 0},
    {.bitmap_index = 39945, .adv_w = 211, .box_w = 14, .box_h = 20, .ofs_x = 0, .ofs_y = -6},
    {.bitmap_index = 40030, .adv_w = 235, .box_w = 15, .box_h = 18, .ofs_x = 0, .ofs_y = 0},
    {.bitmap_index = 40117, .adv_w = 211, .box_w = 14, .box_h = 20, .ofs_x = 0, .ofs_y = -6},
    {.bitmap_index = 40217, .adv_w = 262, .box_w = 17, .box_h = 23, .ofs_x = 0, .ofs_y = -5},
    {.bitmap_index = 40343, .adv_w = 230, .box_w = 14, .box_h = 19, .ofs_x = 0, .ofs_y = -5},
    {.bitmap_index = 40436, .adv_w = 359, .box_w = 22, .box_h = 23, .ofs_x = 0, .ofs_y = -5},
    {.bitmap_index = 40489, .adv_w = 301, .box_w = 19, .box_h = 19, .ofs_x = 0, .ofs_y = -5},
    {.bitmap_index = 40537, .adv_w = 292, .box_w = 16, .box_h = 23, .ofs_x = 2, .ofs_y = -5},
    {.bitmap_index = 40597, .adv_w = 258, .box_w = 15, .box_h = 19, .ofs_x = 1, .ofs_y = -5},
    {.bitmap_index = 40650, .adv_w = 290, .box_w = 14, .box_h = 18, .ofs_x = 2, .ofs_y = 0},
    {.bitmap_index = 40707, .adv_w = 252, .box_w = 13, .box_h = 14, .ofs_x = 1, .ofs_y = 0},
    {.bitmap_index = 40759, .adv_w = 290, .box_w = 15, .box_h = 18, .ofs_x = 2, .ofs_y = 0},
    {.bitmap_index = 40808, .adv_w = 257, .box_w = 12, .box_h = 20, .ofs_x = 2, .ofs_y = 0},
    {.bitmap_index = 40856, .adv_w = 353, .box_w = 21, .box_h = 18, .ofs_x = 0, .ofs_y = 0},
    {.bitmap_index = 40987, .adv_w = 277, .box_w = 16, .box_h = 14, .ofs_x = 0, .ofs_y = 0},
    {.bitmap_index = 41076, .adv_w = 353, .box_w = 21, .box_h = 23, .ofs_x = 0, .ofs_y = -5},
    {.bitmap_index = 41223, .adv_w = 277, .box_w = 16, .box_h = 19, .ofs_x = 0, .ofs_y = -5},
    {.bitmap_index = 41326, .adv_w = 141, .box_w = 7, .box_h = 18, .ofs_x = 1, .ofs_y = 0},
    {.bitmap_index = 41349, .adv_w = 376, .box_w = 24, .box_h = 24, .ofs_x = 0, .ofs_y = 0},
    {.bitmap_index = 41534, .adv_w = 316, .box_w = 20, .box_h = 19, .ofs_x = 0, .ofs_y = 0},
    {.bitmap_index = 41674, .adv_w = 290, .box_w = 15, .box_h = 24, .ofs_x = 2, .ofs_y = -6},
    {.bitmap_index = 41796, .adv_w = 233, .box_w = 12, .box_h = 20, .ofs_x = 2, .ofs_y = -6},
    {.bitmap_index = 41887, .adv_w = 299, .box_w = 19, .box_h = 23, .ofs_x = 0, .ofs_y = -5},
    {.bitmap_index = 42006, .adv_w = 244, .box_w = 16, .box_h = 19, .ofs_x = 0, .ofs_y = -5},
    {.bitmap_index = 42102, .adv_w = 304, .box_w = 15, .box_h = 24, .ofs_x = 2, .ofs_y = -6},
    {.bitmap_index = 42165, .adv_w = 258, .box_w = 13, .box_h = 20, .ofs_x = 2, .ofs_y = -6},
    {.bitmap_index = 42215, .adv_w = 314, .box_w = 18, .box_h = 23, .ofs_x = 2, .ofs_y = -5},
    {.bitmap_index = 42275, .adv_w = 275, .box_w = 15, .box_h = 19, .ofs_x = 2, .ofs_y = -5},
    {.bitmap_index = 42326, .adv_w = 290, .box_w = 14, .box_h = 23, .ofs_x = 2, .ofs_y = -5},
    {.bitmap_index = 42383, .adv_w = 255, .box_w = 13, .box_h = 19, .ofs_x = 1, .ofs_y = -5},
    {.bitmap_index = 42435, .adv_w = 381, .box_w = 22, .box_h = 23, .ofs_x = 2, .ofs_y = -5},
    {.bitmap_index = 42591, .adv_w = 314, .box_w = 18, .box_h = 19, .ofs_x = 2, .ofs_y = -5},
    {.bitmap_index = 42707, .adv_w = 141, .box_w = 7, .box_h = 18, .ofs_x = 1, .ofs_y = 0},
    {.bitmap_index = 42730, .adv_w = 266, .box_w = 17, .box_h = 23, .ofs_x = 0, .ofs_y = 0},
    {.bitmap_index = 42861, .adv_w = 233, .box_w = 12, .box_h = 19, .ofs_x = 1, .ofs_y = 0},
    {.bitmap_index = 42965, .adv_w = 266, .box_w = 17, .box_h = 23, .ofs_x = 0, .ofs_y = 0},
    {.bitmap_index = 43096, .adv_w = 233, .box_w = 12, .box_h = 18, .ofs_x = 1, .ofs_y = 0},
    {.bitmap_index = 43196, .adv_w = 366, .box_w = 23, .box_h = 18, .ofs_x = -1, .ofs_y = 0},
    {.bitmap_index = 43300, .adv_w = 359, .box_w = 21, .box_h = 14, .ofs_x = 1, .ofs_y = 0},
    {.bitmap_index = 43431, .adv_w = 231, .box_w = 11, .box_h = 23, .ofs_x = 2, .ofs_y = 0},
    {.bitmap_index = 43484, .adv_w = 235, .box_w = 13, .box_h = 19, .ofs_x = 1, .ofs_y = 0},
    {.bitmap_index = 43584, .adv_w = 307, .box_w = 17, .box_h = 18, .ofs_x = 1, .ofs_y = 0},
    {.bitmap_index = 43699, .adv_w = 235, .box_w = 13, .box_h = 14, .ofs_x = 1, .ofs_y = 0},
    {.bitmap_index = 43776, .adv_w = 307, .box_w = 17, .box_h = 24, .ofs_x = 1, .ofs_y = 0},
    {.bitmap_index = 43917, .adv_w = 235, .box_w = 13, .box_h = 18, .ofs_x = 1, .ofs_y = 0},
    {.bitmap_index = 44017, .adv_w = 376, .box_w = 24, .box_h = 23, .ofs_x = 0, .ofs_y = 0},
    {.bitmap_index = 44195, .adv_w = 316, .box_w = 20, .box_h = 18, .ofs_x = 0, .ofs_y = 0},
    {.bitmap_index = 44330, .adv_w = 240, .box_w = 13, .box_h = 24, .ofs_x = 1, .ofs_y = 0},
    {.bitmap_index = 44452, .adv_w = 203, .box_w = 12, .box_h = 18, .ofs_x = 0, .ofs_y = 0},
    {.bitmap_index = 44547, .adv_w = 243, .box_w = 14, .box_h = 18, .ofs_x = 0, .ofs_y = 0},
    {.bitmap_index = 44636, .adv_w = 207, .box_w = 13, .box_h = 20, .ofs_x = 0, .ofs_y = -6},
    {.bitmap_index = 44727, .adv_w = 314, .box_w = 16, .box_h = 22, .ofs_x = 2, .ofs_y = 0},
    {.bitmap_index = 44827, .adv_w = 258, .box_w = 12, .box_h = 17, .ofs_x = 2, .ofs_y = 0},
    {.bitmap_index = 44892, .adv_w = 314, .box_w = 16, .box_h = 23, .ofs_x = 2, .ofs_y = 0},
    {.bitmap_index = 45004, .adv_w = 258, .box_w = 12, .box_h = 18, .ofs_x = 2, .ofs_y = 0},
    {.bitmap_index = 45079, .adv_w = 325, .box_w = 18, .box_h = 24, .ofs_x = 1, .ofs_y = 0},
    {.bitmap_index = 45232, .adv_w = 252, .box_w = 14, .box_h = 18, .ofs_x = 1, .ofs_y = 0},
    {.bitmap_index = 45341, .adv_w = 325, .box_w = 18, .box_h = 18, .ofs_x = 1, .ofs_y = 0},
    {.bitmap_index = 45468, .adv_w = 252, .box_w = 14, .box_h = 14, .ofs_x = 1, .ofs_y = 0},
    {.bitmap_index = 45554, .adv_w = 325, .box_w = 18, .box_h = 23, .ofs_x = 1, .ofs_y = 0},
    {.bitmap_index = 45707, .adv_w = 252, .box_w = 14, .box_h = 18, .ofs_x = 1, .ofs_y = 0},
    {.bitmap_index = 45816, .adv_w = 269, .box_w = 15, .box_h = 24, .ofs_x = 1, .ofs_y = 0},
    {.bitmap_index = 45942, .adv_w = 206, .box_w = 11, .box_h = 18, .ofs_x = 1, .ofs_y = 0},
    {.bitmap_index = 46029, .adv_w = 256, .box_w = 17, .box_h = 22, .ofs_x = 0, .ofs_y = 0},
    {.bitmap_index = 46156, .adv_w = 212, .box_w = 14, .box_h = 24, .ofs_x = 0, .ofs_y = -6},
    {.bitmap_index = 46278, .adv_w = 256, .box_w = 17, .box_h = 24, .ofs_x = 0, .ofs_y = 0},
    {.bitmap_index = 46415, .adv_w = 212, .box_w = 14, .box_h = 24, .ofs_x = 0, .ofs_y = -6},
    {.bitmap_index = 46545, .adv_w = 256, .box_w = 17, .box_h = 25, .ofs_x = 0, .ofs_y = 0},
    {.bitmap_index = 46694, .adv_w = 212, .box_w = 14, .box_h = 26, .ofs_x = 0, .ofs_y = -6},
    {.bitmap_index = 46834, .adv_w = 280, .box_w = 14, .box_h = 23, .ofs_x = 1, .ofs_y = 0},
    {.bitmap_index = 46904, .adv_w = 245, .box_w = 13, .box_h = 18, .ofs_x = 1, .ofs_y = 0},
    {.bitmap_index = 46968, .adv_w = 220, .box_w = 12, .box_h = 23, .ofs_x = 2, .ofs_y = -5},
    {.bitmap_index = 46999, .adv_w = 180, .box_w = 9, .box_h = 19, .ofs_x = 2, .ofs_y = -5},
    {.bitmap_index = 47026, .adv_w = 353, .box_w = 18, .box_h = 23, .ofs_x = 2, .ofs_y = 0},
    {.bitmap_index = 47128, .adv_w = 316, .box_w = 16, .box_h = 18, .ofs_x = 2, .ofs_y = 0},
    {.bitmap_index = 47210, .adv_w = 220, .box_w = 14, .box_h = 23, .ofs_x = 0, .ofs_y = -5},
    {.bitmap_index = 47262, .adv_w = 181, .box_w = 11, .box_h = 19, .ofs_x = 0, .ofs_y = -5},
    {.bitmap_index = 47318, .adv_w = 263, .box_w = 16, .box_h = 23, .ofs_x = 0, .ofs_y = -5},
    {.bitmap_index = 47450, .adv_w = 229, .box_w = 14, .box_h = 19, .ofs_x = 0, .ofs_y = -5},
    {.bitmap_index = 47552, .adv_w = 244, .box_w = 16, .box_h = 18, .ofs_x = 0, .ofs_y = 0},
    {.bitmap_index = 47667, .adv_w = 220, .box_w = 14, .box_h = 14, .ofs_x = 0, .ofs_y = 0},
    {.bitmap_index = 47757, .adv_w = 208, .box_w = 11, .box_h = 2, .ofs_x = 1, .ofs_y = 6},
    {.bitmap_index = 47762, .adv_w = 416, .box_w = 24, .box_h = 2, .ofs_x = 1, .ofs_y = 6},
    {.bitmap_index = 47769, .adv_w = 73, .box_w = 5, .box_h = 7, .ofs_x = 0, .ofs_y = 11},
    {.bitmap_index = 47788, .adv_w = 73, .box_w = 5, .box_h = 7, .ofs_x = 0, .ofs_y = 11},
    {.bitmap_index = 47807, .adv_w = 104, .box_w = 5, .box_h = 7, .ofs_x = 0, .ofs_y = -3},
    {.bitmap_index = 47825, .adv_w = 73, .box_w = 5, .box_h = 7, .ofs_x = 0, .ofs_y = 11},
    {.bitmap_index = 47844, .adv_w = 149, .box_w = 10, .box_h = 7, .ofs_x = 0, .ofs_y = 11},
    {.bitmap_index = 47881, .adv_w = 149, .box_w = 10, .box_h = 7, .ofs_x = 0, .ofs_y = 11},
    {.bitmap_index = 47917, .adv_w = 156, .box_w = 6, .box_h = 7, .ofs_x = 2, .ofs_y = 6},
    {.bitmap_index = 47936, .adv_w = 329, .box_w = 18, .box_h = 4, .ofs_x = 1, .ofs_y = 0},
    {.bitmap_index = 47970, .adv_w = 238, .box_w = 15, .box_h = 18, .ofs_x = 0, .ofs_y = 0},
    {.bitmap_index = 48074, .adv_w = 322, .box_w = 18, .box_h = 10, .ofs_x = 0, .ofs_y = 9},
    {.bitmap_index = 48144, .adv_w = 416, .box_w = 17, .box_h = 23, .ofs_x = 4, .ofs_y = -2},
    {.bitmap_index = 48280, .adv_w = 416, .box_w = 18, .box_h = 20, .ofs_x = 4, .ofs_y = -1},
    {.bitmap_index = 48377, .adv_w = 416, .box_w = 21, .box_h = 23, .ofs_x = 2, .ofs_y = -2},
    {.bitmap_index = 48536, .adv_w = 416, .box_w = 20, .box_h = 23, .ofs_x = 3, .ofs_y = -2},
    {.bitmap_index = 48676, .adv_w = 416, .box_w = 22, .box_h = 24, .ofs_x = 2, .ofs_y = -2},
    {.bitmap_index = 48760, .adv_w = 416, .box_w = 25, .box_h = 25, .ofs_x = 1, .ofs_y = -3},
    {.bitmap_index = 48949, .adv_w = 416, .box_w = 18, .box_h = 23, .ofs_x = 4, .ofs_y = -2},
    {.bitmap_index = 49015, .adv_w = 416, .box_w = 25, .box_h = 24, .ofs_x = 1, .ofs_y = -2},
    {.bitmap_index = 49170, .adv_w = 416, .box_w = 26, .box_h = 25, .ofs_x = 0, .ofs_y = -3},
    {.bitmap_index = 49411, .adv_w = 416, .box_w = 26, .box_h = 23, .ofs_x = 0, .ofs_y = -2},
    {.bitmap_index = 49587, .adv_w = 416, .box_w = 25, .box_h = 25, .ofs_x = 0, .ofs_y = -3},
    {.bitmap_index = 49755, .adv_w = 416, .box_w = 4, .box_h = 21, .ofs_x = 11, .ofs_y = -1}
};

/*---------------------
 *  CHARACTER MAPPING
 *--------------------*/

static const uint16_t unicode_list_3[] = {
    0x0, 0x1, 0x5, 0x6, 0x7, 0x8, 0x9, 0xa,
    0xf, 0x13, 0x99, 0x10f, 0x1033, 0x1040, 0x104a, 0x1075,
    0x2e1a, 0x4574, 0x45d2, 0x4719, 0x4b0f, 0x6a8b, 0x6fbb, 0xdeee
};

/*Collect the unicode lists and glyph_id offsets*/
static const lv_font_fmt_txt_cmap_t cmaps[] =
{
    {
        .range_start = 32, .range_length = 95, .glyph_id_start = 1,
        .unicode_list = NULL, .glyph_id_ofs_list = NULL, .list_length = 0, .type = LV_FONT_FMT_TXT_CMAP_FORMAT0_TINY
    },
    {
        .range_start = 160, .range_length = 224, .glyph_id_start = 96,
        .unicode_list = NULL, .glyph_id_ofs_list = NULL, .list_length = 0, .type = LV_FONT_FMT_TXT_CMAP_FORMAT0_TINY
    },
    {
        .range_start = 1024, .range_length = 256, .glyph_id_start = 320,
        .unicode_list = NULL, .glyph_id_ofs_list = NULL, .list_length = 0, .type = LV_FONT_FMT_TXT_CMAP_FORMAT0_TINY
    },
    {
        .range_start = 8211, .range_length = 57071, .glyph_id_start = 576,
        .unicode_list = unicode_list_3, .glyph_id_ofs_list = NULL, .list_length = 24, .type = LV_FONT_FMT_TXT_CMAP_SPARSE_TINY
    }
};



/*--------------------
 *  ALL CUSTOM DATA
 *--------------------*/

#if LVGL_VERSION_MAJOR == 8
/*Store all the custom data of the font*/
static  lv_font_fmt_txt_glyph_cache_t cache;
#endif

#if LVGL_VERSION_MAJOR >= 8
static const lv_font_fmt_txt_dsc_t font_dsc = {
#else
static lv_font_fmt_txt_dsc_t font_dsc = {
#endif
    .glyph_bitmap = glyph_bitmap,
    .glyph_dsc = glyph_dsc,
    .cmaps = cmaps,
    .kern_dsc = NULL,
    .kern_scale = 0,
    .cmap_num = 4,
    .bpp = 4,
    .kern_classes = 0,
    .bitmap_format = 1,
#if LVGL_VERSION_MAJOR == 8
    .cache = &cache
#endif
};



/*-----------------
 *  PUBLIC FONT
 *----------------*/

/*Initialize a public general font descriptor*/
#if LVGL_VERSION_MAJOR >= 8
lv_font_t noto_sans_26 = {
#else
lv_font_t noto_sans_26 = {
#endif
    .get_glyph_dsc = lv_font_get_glyph_dsc_fmt_txt,    /*Function pointer to get glyph's data*/
    .get_glyph_bitmap = lv_font_get_bitmap_fmt_txt,    /*Function pointer to get glyph's bitmap*/
    .line_height = 34,          /*The maximum line height required by the font*/
    .base_line = 7,             /*Baseline measured from the bottom of the line*/
#if !(LVGL_VERSION_MAJOR == 6 && LVGL_VERSION_MINOR == 0)
    .subpx = LV_FONT_SUBPX_NONE,
#endif
#if LV_VERSION_CHECK(7, 4, 0) || LVGL_VERSION_MAJOR >= 8
    .underline_position = -3,
    .underline_thickness = 1,
#endif
    .dsc = &font_dsc,          /*The custom font data. Will be accessed by `get_glyph_bitmap/dsc` */
#if LV_VERSION_CHECK(8, 2, 0) || LVGL_VERSION_MAJOR >= 9
    .fallback = NULL,
#endif
    .user_data = NULL,
};



#endif /*#if NOTO_SANS_26*/

