/*******************************************************************************
 * Size: 16 px
 * Bpp: 4
 * Opts: --font assets/fonts/NotoSans-Light.ttf --size 16 --range 0x20-0x7F,0xA0-0xFF,0x100-0x17F,0x400-0x4FF,0x2013-0x2014,0x2018-0x201D,0x2022,0x2026,0x20AC,0x2122 --font assets/fonts/NotoSansCJKsc-Regular.otf --size 16 --range 0x3046,0x3053,0x305d,0x3088,0x4e2d,0x6587,0x65e5,0x672c,0x6b22,0x8a9e,0x8fce,0xff01 --font assets/fonts/NotoSansCJKjp-Regular.otf --size 16 --range 0x3046,0x3053,0x305d,0x3088,0x4e2d,0x6587,0x65e5,0x672c,0x6b22,0x8a9e,0x8fce,0xff01 --bpp 4 --format lvgl -o firmware/helixscreen-esp32/components/helixcore/fonts/noto_sans_light_16.c
 ******************************************************************************/

#ifdef LV_LVGL_H_INCLUDE_SIMPLE
#include "lvgl.h"
#else
#include "lvgl/lvgl.h"
#endif

#ifndef NOTO_SANS_LIGHT_16
#define NOTO_SANS_LIGHT_16 1
#endif

#if NOTO_SANS_LIGHT_16

/*-----------------
 *    BITMAPS
 *----------------*/

/*Store the image of the glyphs*/
static LV_ATTRIBUTE_LARGE_CONST const uint8_t glyph_bitmap[] = {
    /* U+0020 " " */

    /* U+0021 "!" */
    0x88, 0x7, 0x80, 0x3c, 0x40, 0x30, 0x98, 0x0,
    0x99, 0xd, 0x53, 0x30,

    /* U+0022 "\"" */
    0xd1, 0x3b, 0x1, 0x1c, 0x0, 0x36, 0x3, 0x8,
    0x1, 0xb0,

    /* U+0023 "#" */
    0x0, 0xd8, 0x0, 0x74, 0x0, 0xc4, 0xc0, 0xe,
    0x60, 0xc, 0xda, 0x0, 0x52, 0x0, 0xc6, 0x40,
    0x1e, 0xbc, 0x99, 0x66, 0xb, 0x28, 0x2f, 0xb,
    0x31, 0x31, 0x94, 0x0, 0x16, 0x0, 0x62, 0x0,
    0x1b, 0x30, 0xf9, 0x86, 0xec, 0x36, 0xc5, 0x9c,
    0xc2, 0x66, 0xc, 0x0, 0x4a, 0x4, 0x40, 0xe,
    0x61, 0x7, 0xf0, 0xf, 0xc4, 0x40, 0x8,

    /* U+0024 "$" */
    0x0, 0xac, 0x3, 0x46, 0x2e, 0x51, 0x4f, 0xe2,
    0xe4, 0x9b, 0xb8, 0x2, 0x31, 0x32, 0x0, 0xe8,
    0xf6, 0x0, 0xcb, 0xfc, 0x92, 0x40, 0x2, 0x84,
    0xcf, 0x50, 0xc, 0xbf, 0x20, 0x1c, 0x60, 0xa2,
    0x0, 0x1a, 0xbd, 0xd9, 0x2b, 0x9e, 0x33, 0x52,
    0xd4, 0x3, 0x70, 0x4,

    /* U+0025 "%" */
    0x3, 0xbb, 0x30, 0x4, 0x38, 0x1, 0xbe, 0xaf,
    0x44, 0x1, 0x30, 0x1, 0x9c, 0x43, 0x10, 0x4,
    0xd0, 0x2, 0x11, 0x0, 0x4, 0xc2, 0x20, 0x1,
    0x85, 0x80, 0x2, 0x45, 0x3d, 0xd8, 0x40, 0xe,
    0x41, 0x6b, 0x11, 0x5c, 0x58, 0x2, 0x62, 0xe0,
    0x81, 0xd0, 0xd, 0x80, 0x5, 0x56, 0x91, 0x2,
    0xe0, 0x3, 0x88, 0x6, 0x32, 0x20, 0x7, 0xfa,
    0x20, 0x4, 0x20, 0x7, 0x10, 0x9, 0xc, 0x41,
    0x2c, 0x9, 0xc0, 0x34, 0x48, 0x5, 0x59, 0xd2,
    0x0,

    /* U+0026 "&" */
    0x0, 0xd, 0x66, 0xb8, 0x7, 0xd7, 0xf9, 0xb8,
    0x80, 0x1e, 0x45, 0x0, 0x61, 0x80, 0x79, 0x4c,
    0x1, 0x88, 0x1, 0xe9, 0xe2, 0xa3, 0x30, 0x7,
    0x89, 0xf7, 0xe0, 0x3, 0xc5, 0x9f, 0x72, 0x20,
    0x3, 0x60, 0x7, 0x42, 0xa4, 0x68, 0x84, 0x90,
    0x0, 0x90, 0x0, 0x93, 0xa8, 0xc8, 0x0, 0x10,
    0xc, 0xb5, 0x70, 0x1, 0x35, 0x0, 0x4b, 0x6f,
    0x0, 0x14, 0x96, 0xed, 0x9f, 0x17, 0x60,

    /* U+0027 "'" */
    0xd1, 0x1, 0x10, 0x30, 0x40, 0x0,

    /* U+0028 "(" */
    0x0, 0x2c, 0x80, 0x22, 0x41, 0x94, 0x1, 0x54,
    0x0, 0x11, 0x0, 0xd4, 0x0, 0xe2, 0x0, 0x13,
    0x0, 0x9, 0x80, 0x19, 0x80, 0x2, 0x20, 0x4,
    0x88, 0x0, 0x4f, 0x80, 0xc, 0x50, 0x1, 0x64,

    /* U+0029 ")" */
    0x2b, 0x0, 0x11, 0xb0, 0x2, 0x6c, 0x0, 0x2c,
    0x60, 0xc, 0x40, 0x1, 0xe8, 0x1, 0xc4, 0x0,
    0x2e, 0x0, 0x17, 0x0, 0x31, 0x0, 0x33, 0x0,
    0x4, 0x40, 0x23, 0x88, 0x44, 0x0, 0xa0, 0x80,

    /* U+002A "*" */
    0x0, 0x87, 0x40, 0x3c, 0x22, 0x0, 0xd0, 0x60,
    0xe0, 0x8e, 0x1d, 0x56, 0xb7, 0xa4, 0xd, 0x24,
    0x9d, 0x2a, 0x0, 0x43, 0xa8, 0x20, 0xa, 0x20,
    0x11, 0x40, 0x16, 0x10, 0x2c, 0x0,

    /* U+002B "+" */
    0x0, 0xd4, 0x1, 0xf9, 0x80, 0x3f, 0xf9, 0x43,
    0x99, 0x1e, 0x64, 0x63, 0x99, 0x1e, 0x64, 0x60,
    0x1f, 0xfc, 0x60,

    /* U+002C "," */
    0x9, 0x70, 0x55, 0x0, 0x91, 0xa8, 0x0,

    /* U+002D "-" */
    0x5e, 0xe9, 0xc0,

    /* U+002E "." */
    0x54, 0xcc, 0x0,

    /* U+002F "/" */
    0x0, 0xd6, 0x60, 0x10, 0xb1, 0x80, 0x4f, 0x40,
    0x1a, 0x94, 0x2, 0x20, 0x20, 0x9, 0x68, 0x3,
    0x53, 0x80, 0x46, 0xc2, 0x1, 0x57, 0x0, 0x64,
    0x50, 0x9, 0x1c, 0x3, 0x77, 0x0, 0x30,

    /* U+0030 "0" */
    0x0, 0x26, 0x6e, 0x94, 0x2, 0x29, 0xdd, 0x64,
    0xa0, 0x2, 0x20, 0x20, 0x3d, 0xe0, 0x4, 0x50,
    0x8, 0x98, 0x3, 0xf0, 0x90, 0x98, 0x7, 0x38,
    0x80, 0x7f, 0x9, 0x80, 0x73, 0x88, 0x18, 0x7,
    0x11, 0x1, 0x14, 0x2, 0x35, 0x0, 0x5c, 0x10,
    0xf, 0xf8, 0x0, 0x53, 0xdb, 0x94, 0x80,

    /* U+0031 "1" */
    0x0, 0x16, 0xb0, 0x2f, 0x20, 0x1f, 0x6f, 0x1,
    0xd8, 0x80, 0x7f, 0xf7, 0x80,

    /* U+0032 "2" */
    0x1, 0x9d, 0xd6, 0x20, 0x5, 0x19, 0xba, 0xe9,
    0x20, 0x4, 0xa8, 0x0, 0xa9, 0x40, 0x3e, 0x1f,
    0x0, 0xfb, 0xf4, 0x3, 0xc2, 0x8a, 0x1, 0xed,
    0xe0, 0xf, 0x5c, 0x98, 0x7, 0x4e, 0x28, 0x7,
    0x40, 0xb8, 0x7, 0x38, 0xc0, 0x7, 0xc, 0x3f,
    0x77, 0x8,

    /* U+0033 "3" */
    0x2, 0xad, 0xcc, 0x30, 0x5, 0x73, 0xb9, 0xba,
    0x50, 0x4, 0x98, 0x0, 0x7f, 0xc0, 0x1f, 0x11,
    0x80, 0x79, 0x6a, 0x0, 0x26, 0xdf, 0x8f, 0x10,
    0x9, 0xb7, 0xfb, 0xd4, 0x3, 0xc7, 0xb6, 0x1,
    0xf0, 0x88, 0x3, 0xe2, 0x10, 0x25, 0x0, 0x8b,
    0xa0, 0xf, 0x37, 0x5d, 0xc9, 0x60,

    /* U+0034 "4" */
    0x0, 0xe4, 0xf0, 0xf, 0xf, 0x90, 0x7, 0xae,
    0x0, 0x3c, 0xc4, 0x66, 0x0, 0xc5, 0x50, 0x1,
    0xe9, 0xe0, 0xf, 0x3e, 0x10, 0x7, 0x1e, 0x38,
    0x7, 0xa9, 0xb7, 0x70, 0xee, 0x4e, 0xef, 0xe,
    0xe0, 0x7, 0xff, 0x18,

    /* U+0035 "5" */
    0x2f, 0xdd, 0xca, 0x2, 0xdb, 0xb9, 0x41, 0xc4,
    0x3, 0xc5, 0xe0, 0x1e, 0x11, 0x0, 0x7b, 0xef,
    0x37, 0x18, 0x1, 0x19, 0x8d, 0xd6, 0x48, 0x0,
    0x40, 0x3, 0x4e, 0x1, 0xf1, 0x90, 0x7, 0x8c,
    0x94, 0x2, 0x2b, 0x90, 0x2c, 0xdd, 0x77, 0x1c,
    0x0,

    /* U+0036 "6" */
    0x0, 0x97, 0x32, 0x60, 0x9, 0xf3, 0x73, 0xc,
    0x0, 0x2c, 0x91, 0x0, 0xea, 0xf0, 0xf, 0x91,
    0x67, 0x31, 0x0, 0x10, 0xdd, 0x66, 0x2, 0x40,
    0x5, 0x26, 0x0, 0x84, 0x10, 0x1, 0x80, 0x67,
    0x20, 0x21, 0x0, 0xc2, 0x0, 0x57, 0x0, 0xcc,
    0x61, 0x30, 0x60, 0x9, 0x50, 0x0, 0xe4, 0x6f,
    0xc, 0x0,

    /* U+0037 "7" */
    0x2d, 0xdf, 0x79, 0x96, 0xef, 0x88, 0xc0, 0x3c,
    0xca, 0x1, 0xf5, 0xc8, 0x7, 0x91, 0xc4, 0x3,
    0xdd, 0xc0, 0xf, 0xb, 0xa0, 0x7, 0xa6, 0xc0,
    0x3e, 0x66, 0x0, 0x79, 0x9c, 0x3, 0xea, 0xb0,
    0xf, 0x18, 0x10, 0x6,

    /* U+0038 "8" */
    0x0, 0x3e, 0xe6, 0x1c, 0x2, 0x6c, 0xdc, 0xc7,
    0x38, 0x3, 0x20, 0x2, 0xbb, 0x0, 0xd, 0x80,
    0x26, 0x60, 0x2, 0x25, 0x0, 0xe2, 0x0, 0x1,
    0xd9, 0xde, 0xd2, 0x0, 0xd, 0x2f, 0xae, 0x90,
    0x2, 0xbe, 0xa, 0x3f, 0x80, 0xa, 0x80, 0x11,
    0x81, 0x0, 0x7c, 0x26, 0xf, 0x0, 0x13, 0xb0,
    0x84, 0x86, 0x63, 0x7e, 0xc0,

    /* U+0039 "9" */
    0x0, 0x3e, 0x64, 0x80, 0x14, 0x76, 0x63, 0x60,
    0xc0, 0xd, 0x20, 0x1, 0xe8, 0x1, 0x20, 0xc,
    0x4c, 0x2, 0x40, 0x1c, 0x62, 0xf, 0x0, 0x1,
    0x93, 0x30, 0x4f, 0xe6, 0x2e, 0xc0, 0x40, 0x7,
    0xcc, 0x51, 0x18, 0x7, 0xc8, 0x80, 0xf, 0xbf,
    0x80, 0x38, 0x64, 0x90, 0x0, 0xbb, 0x9b, 0xf2,
    0x0,

    /* U+003A ":" */
    0x98, 0xcc, 0x2a, 0x0, 0x7e, 0x54, 0xcc, 0x0,

    /* U+003B ";" */
    0x9, 0x80, 0xcc, 0x2, 0xa0, 0x7, 0xff, 0x6,
    0x54, 0x11, 0xc0, 0x4, 0x94, 0x8, 0xe0,

    /* U+003C "<" */
    0x0, 0xf0, 0xc1, 0x80, 0x61, 0x8d, 0xd1, 0x80,
    0x6, 0x2b, 0x71, 0x40, 0x11, 0x59, 0x6a, 0x1,
    0x9, 0x8b, 0x0, 0x70, 0xdc, 0x42, 0xd0, 0x3,
    0x8a, 0xa7, 0x71, 0x40, 0x38, 0xa7, 0x74, 0x60,

    /* U+003D "=" */
    0x1c, 0xcf, 0x88, 0x73, 0x3e, 0x20, 0xf, 0xe1,
    0xcc, 0xf8, 0x80,

    /* U+003E ">" */
    0x29, 0x10, 0xf, 0x16, 0xd4, 0x88, 0x7, 0x25,
    0xed, 0x48, 0x80, 0x72, 0x5d, 0x5c, 0x8, 0x7,
    0x9, 0x9c, 0x1, 0x1d, 0x45, 0x59, 0x2, 0x5c,
    0xc5, 0x18, 0x0, 0xb6, 0x68, 0x80, 0x30,

    /* U+003F "?" */
    0x3b, 0xdd, 0x59, 0x80, 0xce, 0xea, 0x38, 0x8,
    0x80, 0x3, 0x63, 0x0, 0xe7, 0x20, 0xc, 0x8e,
    0x20, 0x12, 0xc5, 0x0, 0x49, 0xd8, 0x20, 0x17,
    0x48, 0x7, 0x11, 0x0, 0x3a, 0x0, 0x3c, 0xe4,
    0x1, 0xd4, 0xc0, 0x10,

    /* U+0040 "@" */
    0x0, 0xcb, 0x79, 0x8b, 0xa4, 0x0, 0xe1, 0xbd,
    0xac, 0xc5, 0xdb, 0x64, 0x3, 0x57, 0xc0, 0x80,
    0x43, 0x22, 0xc0, 0x6, 0x34, 0x4, 0xcb, 0xb4,
    0x4, 0x50, 0x2, 0xa4, 0xf, 0xf2, 0xe8, 0xc0,
    0xa, 0x60, 0x1, 0x9, 0x80, 0x1, 0x88, 0x3,
    0x9c, 0x5c, 0x0, 0xe6, 0x0, 0x13, 0x0, 0x78,
    0x7, 0x8, 0x4, 0xa0, 0x11, 0x28, 0xb0, 0x1,
    0x1c, 0x7, 0x8, 0x8, 0x4, 0x1c, 0xc2, 0x3e,
    0xee, 0xeb, 0x8b, 0x0, 0x47, 0x80, 0x22, 0xe8,
    0x56, 0xe8, 0x40, 0x5, 0x18, 0x80, 0x10, 0xa8,
    0x7, 0x93, 0x4e, 0xed, 0x94, 0x60, 0x18,

    /* U+0041 "A" */
    0x0, 0xd7, 0x0, 0x1f, 0xb, 0xa8, 0x7, 0xcd,
    0x6e, 0x80, 0x1e, 0xb6, 0xed, 0x0, 0xe3, 0x71,
    0x47, 0x0, 0xea, 0xe0, 0x3, 0xa8, 0x6, 0x45,
    0x0, 0x6f, 0x0, 0x4a, 0x5d, 0xd5, 0x20, 0x80,
    0x3a, 0xfb, 0xb3, 0xb0, 0xb, 0x20, 0x6, 0xaa,
    0x3, 0x28, 0x7, 0x10, 0x15, 0xd0, 0x7, 0xaa,
    0x80,

    /* U+0042 "B" */
    0x6e, 0xdd, 0xd0, 0x1, 0x36, 0xed, 0x85, 0x20,
    0x1e, 0x18, 0x40, 0xf, 0xc2, 0x1, 0xe2, 0x98,
    0x0, 0x36, 0xeb, 0xb7, 0x48, 0x0, 0x6d, 0xd7,
    0x73, 0x20, 0x3, 0xc3, 0x4c, 0x20, 0x1f, 0x11,
    0x0, 0x3e, 0x22, 0x0, 0x70, 0xd2, 0x8, 0x36,
    0xed, 0x9b, 0x40,

    /* U+0043 "C" */
    0x0, 0x8e, 0xb7, 0x6a, 0x20, 0x2, 0xf7, 0x37,
    0x6e, 0x30, 0x2b, 0xc4, 0x0, 0x90, 0x42, 0xe4,
    0x40, 0x3e, 0x45, 0x0, 0xfc, 0x44, 0x0, 0xff,
    0xe3, 0x11, 0x0, 0x3f, 0x3a, 0x0, 0x7e, 0x9b,
    0x0, 0xfc, 0x6b, 0xa6, 0x1, 0x10, 0x5, 0x13,
    0x1d, 0xba, 0x91,

    /* U+0044 "D" */
    0x6e, 0xdd, 0xb1, 0xc0, 0x33, 0x6e, 0xee, 0xc1,
    0x0, 0xf0, 0xca, 0x58, 0x7, 0xe8, 0x41, 0x0,
    0xfc, 0xaa, 0x0, 0xfc, 0x42, 0x1, 0xf8, 0xc0,
    0x3f, 0x99, 0x80, 0x1f, 0x9, 0x18, 0x7, 0xd0,
    0xc0, 0x1e, 0x2a, 0x28, 0x0, 0x36, 0xed, 0x3f,
    0x60, 0x0,

    /* U+0045 "E" */
    0x6e, 0xdd, 0xd8, 0xd, 0xbb, 0xb0, 0x3, 0xff,
    0x94, 0xdb, 0xb9, 0xc1, 0xb7, 0x73, 0x80, 0x7f,
    0xf4, 0x5b, 0x77, 0x60,

    /* U+0046 "F" */
    0x6e, 0xdd, 0xd8, 0xd, 0xbb, 0xb0, 0x3, 0xff,
    0xa2, 0xdb, 0xb9, 0xc1, 0xb7, 0x73, 0x80, 0x7f,
    0xf4, 0x0,

    /* U+0047 "G" */
    0x0, 0x86, 0x37, 0x5d, 0xb0, 0x1, 0x26, 0x76,
    0xeb, 0xb3, 0x80, 0x3, 0x5e, 0xc0, 0x10, 0xb0,
    0x2, 0x64, 0x40, 0x1f, 0x95, 0x40, 0x1f, 0xc4,
    0x40, 0xf, 0xfe, 0x15, 0xf7, 0x4a, 0x2, 0x20,
    0xa, 0xfb, 0x8e, 0x0, 0x47, 0x0, 0xfe, 0x9b,
    0x10, 0xf, 0xc7, 0x58, 0x80, 0x18, 0xc0, 0x27,
    0x9f, 0xee, 0x6e, 0x13, 0x80,

    /* U+0048 "H" */
    0x68, 0x0, 0xf7, 0x0, 0x7f, 0xf6, 0x5b, 0x77,
    0xc2, 0xd, 0xbb, 0xe1, 0x0, 0xff, 0xf0, 0x80,

    /* U+0049 "I" */
    0x1b, 0xfb, 0x11, 0x58, 0xd8, 0x80, 0x7f, 0xf8,
    0x46, 0xc6, 0xc4,

    /* U+004A "J" */
    0x0, 0x9a, 0x0, 0x3f, 0xfd, 0xdd, 0xc0, 0x0,
    0xaa, 0x2e, 0xe4, 0x10,

    /* U+004B "K" */
    0x68, 0x0, 0xcb, 0x80, 0x1e, 0x39, 0xd0, 0xe,
    0x2e, 0xd1, 0x0, 0xc3, 0xfe, 0x10, 0xc, 0x3b,
    0xc4, 0x1, 0x86, 0x84, 0xc0, 0x39, 0xbd, 0x64,
    0x3, 0x9d, 0x21, 0x10, 0x1, 0xf7, 0xd0, 0x80,
    0x78, 0xa6, 0xc0, 0x3e, 0x71, 0x60, 0xf, 0xaa,
    0x8,

    /* U+004C "L" */
    0x68, 0x0, 0xff, 0xff, 0x83, 0xf7, 0x6c,

    /* U+004D "M" */
    0x6f, 0x30, 0xf, 0x1f, 0xa8, 0x1d, 0x0, 0x7a,
    0x8c, 0x0, 0x88, 0x0, 0xf2, 0x28, 0x3, 0xd1,
    0x40, 0x32, 0xa8, 0x3, 0x57, 0x0, 0x6e, 0xa0,
    0xc, 0x6c, 0x20, 0x1, 0x72, 0x0, 0xea, 0x60,
    0x4, 0xd0, 0x7, 0x9a, 0xc0, 0xa, 0xc0, 0x1e,
    0x17, 0x34, 0x70, 0xf, 0xdd, 0x5d, 0xc0, 0xf,
    0xca, 0x8e, 0x80, 0x1f, 0xce, 0xa0, 0x1c,

    /* U+004E "N" */
    0x6d, 0x0, 0xf6, 0x88, 0x1c, 0x0, 0x7e, 0x95,
    0x30, 0xf, 0xd3, 0xe0, 0x1f, 0x91, 0x9c, 0x3,
    0xf5, 0xc8, 0x80, 0x7c, 0x31, 0x40, 0x1f, 0x99,
    0xd4, 0x3, 0xf7, 0x58, 0x88, 0x3, 0xc4, 0xd0,
    0x1, 0xfa, 0x10, 0x80, 0x3f, 0x70, 0x80,

    /* U+004F "O" */
    0x0, 0x92, 0xf7, 0x67, 0x0, 0xe8, 0x8b, 0x75,
    0x9f, 0x80, 0x11, 0xae, 0x18, 0x0, 0x61, 0x60,
    0x1, 0x36, 0x1, 0xe8, 0x60, 0x2, 0x38, 0x7,
    0x84, 0xc8, 0x4, 0x40, 0x1f, 0x30, 0x80, 0x7f,
    0xf0, 0x44, 0x40, 0x1f, 0x30, 0x82, 0x20, 0x3,
    0xc2, 0x64, 0x13, 0x0, 0x1e, 0x89, 0x0, 0x1a,
    0xe1, 0x80, 0x6, 0x49, 0xc0, 0x28, 0x9f, 0xee,
    0x67, 0x58, 0x0,

    /* U+0050 "P" */
    0x6e, 0xdd, 0x75, 0x98, 0x1, 0xb7, 0x5d, 0xcd,
    0x10, 0xe, 0x57, 0x60, 0xf, 0x77, 0x80, 0x7b,
    0x78, 0x3, 0xb, 0xb9, 0x81, 0xb7, 0x6f, 0xc0,
    0x3, 0x6e, 0xb2, 0x4, 0x3, 0xff, 0xaa,

    /* U+0051 "Q" */
    0x0, 0x92, 0xf7, 0x67, 0x0, 0xe8, 0x8b, 0x75,
    0x9f, 0x80, 0x11, 0xae, 0x18, 0x0, 0x61, 0x60,
    0x1, 0x36, 0x1, 0xe8, 0x60, 0x2, 0x38, 0x7,
    0x84, 0xc8, 0x4, 0x40, 0x1f, 0x30, 0x80, 0x7f,
    0xf0, 0x44, 0x40, 0x1f, 0x30, 0x82, 0x20, 0x3,
    0xc2, 0x64, 0x13, 0x0, 0x1e, 0x89, 0x0, 0x1a,
    0xe1, 0x80, 0x6, 0x55, 0xc0, 0x28, 0x9f, 0xee,
    0x7f, 0x60, 0x7, 0x2e, 0x77, 0x99, 0x80, 0x3f,
    0x87, 0xe8, 0xc0, 0x3f, 0x8b, 0x50, 0x0,

    /* U+0052 "R" */
    0x6e, 0xdd, 0x75, 0x98, 0x4, 0xdb, 0xae, 0xfd,
    0x20, 0xf, 0x23, 0x28, 0x7, 0xdf, 0xe0, 0xf,
    0xb7, 0x40, 0x1e, 0x66, 0x28, 0x1, 0xb7, 0x5f,
    0xd8, 0x1, 0x36, 0xea, 0x48, 0x3, 0xe6, 0x73,
    0x0, 0xfa, 0x7c, 0x3, 0xe4, 0x76, 0x0, 0xfa,
    0x60, 0x0,

    /* U+0053 "S" */
    0x0, 0x46, 0xed, 0x68, 0x12, 0x3b, 0xb4, 0xb0,
    0x34, 0x80, 0x44, 0x40, 0x10, 0xf, 0x9e, 0x40,
    0x3d, 0x23, 0xd0, 0x40, 0x1a, 0x3f, 0xbe, 0x80,
    0x30, 0xb6, 0x94, 0x80, 0x7a, 0x5c, 0x3, 0xc6,
    0x61, 0x40, 0x8, 0xba, 0xc3, 0xbb, 0xa5, 0x80,

    /* U+0054 "T" */
    0xcd, 0xd7, 0x7e, 0xec, 0xb9, 0xbb, 0x26, 0xec,
    0xa0, 0x1f, 0xff, 0xf0, 0xf, 0xfe, 0x18,

    /* U+0055 "U" */
    0x86, 0x0, 0xf6, 0x88, 0x7, 0xff, 0xe4, 0x7f,
    0x80, 0x3c, 0x60, 0x8a, 0x1, 0xc8, 0xa0, 0x6f,
    0x42, 0x0, 0x49, 0x80, 0x5, 0x6e, 0x77, 0x3f,
    0x8c, 0x0,

    /* U+0056 "V" */
    0xd2, 0x0, 0xf6, 0x95, 0x28, 0x7, 0x18, 0x92,
    0xd0, 0x7, 0x5d, 0x80, 0x84, 0xc0, 0x33, 0x30,
    0x1, 0x56, 0x1, 0x1a, 0x88, 0x1, 0xd8, 0x2,
    0xad, 0x0, 0x85, 0x50, 0x0, 0xee, 0x0, 0xdb,
    0xa0, 0x45, 0x10, 0xc, 0xee, 0xe, 0xe0, 0x7,
    0xa, 0xa2, 0x14, 0x3, 0xdd, 0x8, 0x1, 0xf2,
    0x9f, 0x0, 0x60,

    /* U+0057 "W" */
    0x87, 0x0, 0xcf, 0x80, 0x1d, 0xc1, 0x78, 0x1,
    0xb0, 0x40, 0x32, 0x20, 0xd, 0x40, 0x33, 0x2a,
    0x80, 0x2c, 0xc0, 0x1, 0x4c, 0x0, 0x88, 0xcc,
    0x0, 0x4a, 0x80, 0xc, 0x40, 0x6, 0x61, 0x10,
    0x0, 0x10, 0x20, 0x2, 0x60, 0x1, 0x10, 0xc,
    0x40, 0x88, 0x0, 0x8d, 0x40, 0x40, 0x43, 0x10,
    0x33, 0x0, 0x19, 0x4d, 0x10, 0x0, 0x4d, 0x4,
    0x40, 0x6, 0xc4, 0xcc, 0x0, 0xd, 0x84, 0x4,
    0x3, 0x26, 0x22, 0x0, 0x27, 0x94, 0x0, 0xe3,
    0x66, 0x0, 0x6c, 0x6c, 0x0, 0xf3, 0x60, 0x6,
    0x71, 0x40, 0x8,

    /* U+0058 "X" */
    0x5a, 0x0, 0xec, 0x35, 0x14, 0x0, 0x99, 0xc,
    0x26, 0x40, 0x1, 0xb8, 0x0, 0x12, 0xb8, 0x5c,
    0x0, 0x68, 0xa5, 0x15, 0x0, 0xe8, 0xa9, 0x0,
    0xf6, 0x12, 0x0, 0x71, 0x96, 0x58, 0x80, 0x6f,
    0x91, 0xb8, 0x0, 0x9d, 0x8, 0x19, 0x4c, 0x6,
    0xa0, 0x2, 0xff, 0x5, 0xc0, 0x6, 0x35, 0x70,

    /* U+0059 "Y" */
    0xb4, 0x0, 0xeb, 0x58, 0x80, 0x6, 0x37, 0x53,
    0x74, 0x0, 0xa2, 0x0, 0x8, 0x80, 0x1, 0x1d,
    0x0, 0x6, 0xca, 0x11, 0xe0, 0x1a, 0x20, 0x8e,
    0x60, 0x18, 0x9e, 0xa0, 0x3, 0xd2, 0x46, 0x1,
    0xe1, 0x0, 0xff, 0xea, 0x0,

    /* U+005A "Z" */
    0x1d, 0xdf, 0x7b, 0xe, 0xef, 0x71, 0x30, 0x7,
    0xbe, 0x40, 0x3c, 0xea, 0x80, 0x1c, 0x55, 0x0,
    0x1e, 0x98, 0x10, 0xe, 0x50, 0x50, 0xe, 0x18,
    0xa0, 0xf, 0x5d, 0x84, 0x3, 0x91, 0x98, 0x1,
    0xe9, 0xe0, 0xf, 0x31, 0x67, 0x77, 0x40,

    /* U+005B "[" */
    0xad, 0xc9, 0xe, 0xc9, 0x0, 0xff, 0xf2, 0x1f,
    0x6c, 0x80,

    /* U+005C "\\" */
    0xa4, 0x0, 0xdd, 0xc0, 0xc, 0x8e, 0x1, 0xc8,
    0xa0, 0x1a, 0xb8, 0x3, 0x1b, 0x8, 0x6, 0xa7,
    0x0, 0xcb, 0x40, 0x18, 0x80, 0x80, 0x35, 0x28,
    0x6, 0x7a, 0x0, 0xc2, 0xc6,

    /* U+005D "]" */
    0x7c, 0xdc, 0x7c, 0xc0, 0x7, 0xff, 0x95, 0xf7,
    0x1c,

    /* U+005E "^" */
    0x0, 0xcc, 0x1, 0xf1, 0xc2, 0x80, 0x7a, 0x36,
    0x40, 0x38, 0x84, 0xd1, 0x0, 0x1a, 0x20, 0x13,
    0xe0, 0x11, 0x9, 0x0, 0x92, 0x0, 0x2e, 0x0,
    0x28, 0xf0, 0x12, 0x30, 0x8, 0x44, 0x60,

    /* U+005F "_" */
    0xb, 0xbf, 0x40,

    /* U+0060 "`" */
    0x29, 0x0, 0x10, 0xb8, 0x2, 0x39, 0x0,

    /* U+0061 "a" */
    0x2, 0xad, 0xcc, 0x20, 0x0, 0xfb, 0x73, 0xe8,
    0x0, 0x28, 0x0, 0x35, 0x30, 0xf, 0xb, 0x80,
    0xbd, 0xdc, 0x80, 0xc, 0x1b, 0xb9, 0x0, 0xc5,
    0x80, 0x27, 0x2, 0x20, 0x80, 0x1c, 0x0, 0x37,
    0x99, 0x15, 0x0,

    /* U+0062 "b" */
    0x94, 0x0, 0xff, 0xe6, 0x46, 0xea, 0xc8, 0x1,
    0x19, 0xba, 0xff, 0x0, 0x19, 0x0, 0x8, 0x86,
    0xc, 0x0, 0xd9, 0xe0, 0x60, 0x18, 0x4c, 0xc,
    0x3, 0x11, 0x3, 0xc0, 0x36, 0x68, 0x2a, 0x0,
    0x15, 0xd4, 0x3b, 0x75, 0xdc, 0xf0,

    /* U+0063 "c" */
    0x0, 0x1d, 0xee, 0xb0, 0x0, 0x7d, 0x1b, 0xb0,
    0x2, 0x20, 0x60, 0x1, 0x0, 0x22, 0x80, 0x70,
    0x88, 0x3, 0xc2, 0x20, 0xf, 0x8d, 0x0, 0x3d,
    0x12, 0x40, 0x2, 0x0, 0x24, 0x77, 0x36, 0x40,

    /* U+0064 "d" */
    0x0, 0xfa, 0xcc, 0x3, 0xff, 0x90, 0xdb, 0xac,
    0x40, 0x9, 0x6f, 0x37, 0x35, 0x80, 0x13, 0xc2,
    0x0, 0x82, 0x0, 0x19, 0x80, 0x21, 0x30, 0x11,
    0x0, 0x73, 0x80, 0x88, 0x3, 0x9c, 0x0, 0x46,
    0x1, 0x8c, 0x1, 0x7e, 0x20, 0x9, 0x20, 0x3,
    0x5e, 0x6e, 0x6a, 0x0,

    /* U+0065 "e" */
    0x0, 0x26, 0x6e, 0x94, 0x0, 0x73, 0xdb, 0xa9,
    0x40, 0x89, 0x20, 0x4, 0x78, 0x22, 0x0, 0x25,
    0x50, 0x86, 0x66, 0xd3, 0x11, 0x66, 0x76, 0x81,
    0x18, 0x7, 0xa3, 0xc8, 0x2, 0x20, 0x48, 0xee,
    0x6e, 0x30,

    /* U+0066 "f" */
    0x0, 0x36, 0xe4, 0x0, 0xde, 0xe4, 0x1, 0x30,
    0x4, 0xfe, 0xb9, 0x0, 0xfe, 0xb9, 0x0, 0x1f,
    0xfd, 0xf0,

    /* U+0067 "g" */
    0x0, 0x36, 0xeb, 0x16, 0x48, 0x12, 0xf3, 0x73,
    0xe, 0x0, 0x8e, 0x10, 0x4, 0x88, 0x0, 0x8c,
    0x3, 0x18, 0x8, 0x7, 0x9c, 0x4, 0x40, 0x1c,
    0xc0, 0x2, 0x30, 0xc, 0x40, 0xb, 0xf1, 0x0,
    0x49, 0x0, 0x1a, 0xb3, 0x73, 0x58, 0x2, 0x6d,
    0xd6, 0x23, 0x80, 0x7e, 0x22, 0x1, 0x90, 0x5,
    0x2e, 0x0, 0x79, 0xdd, 0x82, 0x40,

    /* U+0068 "h" */
    0x95, 0x0, 0xff, 0xe6, 0x46, 0xea, 0xc8, 0x1,
    0x39, 0xba, 0xff, 0x0, 0x15, 0x0, 0x8, 0x22,
    0xf, 0x0, 0xce, 0x40, 0x60, 0x1f, 0xfd, 0xa0,

    /* U+0069 "i" */
    0x96, 0xa4, 0x32, 0x95, 0x0, 0xff, 0xe2, 0x0,

    /* U+006A "j" */
    0x0, 0x4b, 0x0, 0x29, 0x0, 0x6, 0x40, 0x9,
    0x50, 0xf, 0xfe, 0xd8, 0x80, 0x15, 0xaf, 0x50,
    0x80,

    /* U+006B "k" */
    0x94, 0x0, 0xff, 0xe5, 0x8e, 0x18, 0x6, 0xd8,
    0x30, 0xa, 0xa8, 0x80, 0x14, 0x13, 0x0, 0x5c,
    0x84, 0x1, 0xd8, 0x2c, 0x1, 0x70, 0x55, 0x90,
    0x6, 0x19, 0xe0, 0xe, 0x45, 0x80,

    /* U+006C "l" */
    0x95, 0x0, 0xff, 0xe5, 0x0,

    /* U+006D "m" */
    0x93, 0x9d, 0xd4, 0x3, 0xee, 0xac, 0x43, 0xeb,
    0x74, 0x76, 0x1b, 0xb5, 0x82, 0x18, 0x3, 0x99,
    0xc0, 0xc, 0x81, 0xa0, 0x10, 0xb8, 0x7, 0xff,
    0xd4,

    /* U+006E "n" */
    0x93, 0x8d, 0xd5, 0x90, 0x2, 0x33, 0x75, 0xfe,
    0x0, 0x12, 0x0, 0x10, 0x44, 0x1e, 0x1, 0x9c,
    0x80, 0xc0, 0x3f, 0xfb, 0x40,

    /* U+006F "o" */
    0x0, 0x26, 0x6e, 0xa4, 0x2, 0x49, 0xed, 0xd7,
    0x58, 0x2, 0x38, 0x80, 0xe, 0xe3, 0x3, 0x30,
    0x6, 0x44, 0x8, 0x80, 0x3b, 0xfc, 0x22, 0x0,
    0xef, 0xe0, 0x34, 0x0, 0xca, 0x81, 0xf0, 0x20,
    0x7, 0x71, 0x1, 0xc6, 0xe6, 0xfd, 0x0,

    /* U+0070 "p" */
    0x93, 0x8d, 0xd6, 0x10, 0x2, 0x37, 0x68, 0xc1,
    0x1, 0x50, 0x2, 0x3b, 0x83, 0x0, 0x36, 0x78,
    0x18, 0x6, 0x13, 0x3, 0x0, 0xc2, 0x61, 0x80,
    0x1b, 0xfc, 0xc, 0xa0, 0x5, 0x76, 0x9, 0xcd,
    0xee, 0x78, 0x0, 0x67, 0x7a, 0xc8, 0x0, 0x20,
    0x1f, 0xfc, 0xa0,

    /* U+0071 "q" */
    0x0, 0x36, 0xeb, 0x12, 0x48, 0x12, 0xb3, 0x73,
    0x90, 0x1, 0x1e, 0x20, 0xb, 0x20, 0x1, 0x18,
    0x4, 0x24, 0x2, 0x60, 0x1c, 0x20, 0x24, 0x1,
    0xc2, 0x0, 0x22, 0x0, 0x42, 0x40, 0xb, 0x90,
    0xa, 0xc8, 0x0, 0xd9, 0xba, 0xc9, 0x60, 0x9,
    0xf7, 0x58, 0x60, 0x1f, 0xfd, 0x10,

    /* U+0072 "r" */
    0x93, 0x8d, 0xe0, 0x4, 0x6e, 0xb8, 0x0, 0x2a,
    0x1, 0xb0, 0x3, 0x8c, 0x3, 0xff, 0xa0,

    /* U+0073 "s" */
    0x3, 0xbc, 0xdc, 0x40, 0xea, 0xcd, 0xd2, 0x88,
    0x8, 0x0, 0x46, 0x7a, 0x30, 0xd, 0x5d, 0x18,
    0xa0, 0x12, 0x5e, 0xf3, 0x80, 0x61, 0x9c, 0x12,
    0x0, 0xa8, 0xcd, 0x3b, 0x98, 0x8,

    /* U+0074 "t" */
    0x4, 0x60, 0xc, 0x60, 0x19, 0xe6, 0xf3, 0x0,
    0xed, 0x79, 0x80, 0xf, 0xfe, 0xa6, 0xe0, 0x6,
    0x50, 0xdc, 0x0,

    /* U+0075 "u" */
    0xb3, 0x0, 0xd8, 0x20, 0x1f, 0xfd, 0xa2, 0x2,
    0x70, 0x8, 0x44, 0x19, 0xe0, 0x15, 0x90, 0x2e,
    0x6e, 0xb2, 0x5c, 0x0,

    /* U+0076 "v" */
    0xd2, 0x0, 0xd4, 0xb5, 0x40, 0xc, 0x8a, 0xca,
    0x1, 0x2b, 0x80, 0xb1, 0x80, 0x3a, 0x80, 0x1d,
    0x40, 0x2c, 0x60, 0x5, 0x40, 0x75, 0x0, 0xce,
    0x9b, 0x40, 0x1b, 0xb8, 0xe4, 0x1, 0x91, 0x14,
    0x1, 0x0,

    /* U+0077 "w" */
    0xa5, 0x0, 0xaa, 0x40, 0x28, 0x6c, 0xc0, 0x4,
    0xc8, 0x1, 0x22, 0x1d, 0x0, 0x8, 0xac, 0x40,
    0x1, 0x21, 0x1, 0xd, 0xd9, 0x41, 0x1c, 0x0,
    0x88, 0x4, 0x43, 0xd8, 0x66, 0x0, 0x19, 0x83,
    0x70, 0x10, 0x14, 0x40, 0x1, 0x51, 0x1e, 0x0,
    0x47, 0x12, 0x0, 0x86, 0xd0, 0x1, 0x74, 0x80,
    0x19, 0x1c, 0x40, 0x6, 0x58, 0x0,

    /* U+0078 "x" */
    0x2d, 0x0, 0xda, 0x44, 0xa8, 0x0, 0x45, 0x10,
    0x3a, 0x19, 0x91, 0xc0, 0x2e, 0xff, 0x70, 0x6,
    0x27, 0x71, 0x0, 0x64, 0x1, 0x50, 0x8, 0x66,
    0xae, 0x4, 0x1, 0x76, 0x11, 0x45, 0x82, 0xb,
    0x0, 0x14, 0x54,

    /* U+0079 "y" */
    0xc2, 0x0, 0xd4, 0xb5, 0x40, 0xc, 0x8a, 0xea,
    0x1, 0x2b, 0x80, 0xba, 0x0, 0x3a, 0x80, 0x1d,
    0xc0, 0x16, 0x30, 0x2, 0x38, 0x3a, 0x80, 0x64,
    0x5d, 0xa0, 0xd, 0x5c, 0xe4, 0x1, 0x8d, 0xa8,
    0x3, 0xe7, 0x0, 0xe4, 0x61, 0x0, 0xe8, 0x80,
    0x6, 0xcd, 0xa3, 0x0, 0xc0,

    /* U+007A "z" */
    0xc, 0xcd, 0xb4, 0x19, 0x98, 0x64, 0x3, 0x42,
    0x18, 0x4, 0x49, 0x0, 0x1b, 0xbc, 0x3, 0x3a,
    0x18, 0x4, 0x55, 0x0, 0x1b, 0xb8, 0x1, 0x94,
    0xff, 0x32, 0x90,

    /* U+007B "{" */
    0x0, 0xa7, 0x48, 0x0, 0xe1, 0xa4, 0x0, 0xca,
    0x0, 0xff, 0xe2, 0x38, 0x80, 0x44, 0x24, 0x0,
    0x7d, 0x90, 0x9, 0xf6, 0x40, 0x31, 0x9, 0x0,
    0x67, 0x10, 0xf, 0xfe, 0x26, 0x50, 0x6, 0x71,
    0xc2,

    /* U+007C "|" */
    0x1b, 0x0, 0xff, 0xe9, 0x0,

    /* U+007D "}" */
    0x5d, 0x60, 0x9, 0x76, 0x8c, 0x3, 0x5a, 0x80,
    0x70, 0x80, 0x7f, 0xf1, 0x12, 0xc0, 0x31, 0xdf,
    0xa0, 0x0, 0xef, 0x90, 0x0, 0x96, 0x20, 0x1f,
    0xfc, 0x3f, 0x10, 0x8, 0x51, 0x0, 0x5, 0xd9,
    0x20, 0x0,

    /* U+007E "~" */
    0x8, 0xcc, 0x38, 0x82, 0x18, 0xee, 0x60, 0x6b,
    0x34, 0xc0,

    /* U+00A0 " " */

    /* U+00A1 "¡" */
    0x98, 0xcc, 0x2a, 0x20, 0x88, 0xc2, 0x20, 0x8,
    0xfc, 0x3, 0x8, 0x82, 0x1c,

    /* U+00A2 "¢" */
    0x0, 0x8e, 0x0, 0x33, 0x7b, 0x62, 0x85, 0x66,
    0xf6, 0x21, 0xbd, 0x8, 0x0, 0x52, 0x80, 0x3b,
    0x84, 0x3, 0xb8, 0x40, 0x38, 0xec, 0x3, 0x90,
    0x20, 0x40, 0x4, 0x18, 0x19, 0xd8, 0xc0, 0x8,
    0xe6, 0xc4, 0x0, 0xf8,

    /* U+00A3 "£" */
    0x0, 0x97, 0x37, 0x52, 0x1, 0x14, 0x6e, 0xd4,
    0x1, 0x2d, 0x88, 0x0, 0xc0, 0x2e, 0x20, 0xf,
    0x8c, 0x3, 0xff, 0x86, 0x56, 0x91, 0x76, 0x50,
    0x1, 0x5a, 0x45, 0xd9, 0x40, 0x3f, 0xf8, 0x22,
    0xe0, 0x1e, 0x30, 0x30, 0xe, 0x5c, 0x5e, 0xee,
    0x60,

    /* U+00A4 "¤" */
    0x3, 0x0, 0xe3, 0x0, 0x4c, 0x5d, 0xcf, 0x0,
    0xb, 0x5a, 0xbb, 0xa0, 0x0, 0xd2, 0x20, 0xe,
    0xa0, 0x7, 0x30, 0x4, 0x44, 0x0, 0x7b, 0x80,
    0x44, 0x60, 0x7, 0x82, 0x1, 0xeb, 0x0, 0x55,
    0xde, 0x9f, 0x0, 0x53, 0x4d, 0xd2, 0xe8, 0x0,

    /* U+00A5 "¥" */
    0x69, 0x0, 0xe7, 0x86, 0x52, 0x0, 0xd5, 0x1,
    0x10, 0x0, 0xa2, 0xc0, 0x8, 0x6, 0x2, 0x8c,
    0x1, 0x44, 0x2, 0x3c, 0x3, 0x11, 0xb9, 0x98,
    0x2, 0x5b, 0x38, 0x6b, 0x70, 0x2, 0xdd, 0x87,
    0x2d, 0xc0, 0x3f, 0xe5, 0xbb, 0xd, 0xd9, 0xc0,
    0xb, 0x76, 0x1b, 0xb3, 0x80, 0x7f, 0x80,

    /* U+00A6 "¦" */
    0x1b, 0x0, 0xff, 0xc, 0x81, 0x0, 0x44, 0x32,
    0x1, 0xfe,

    /* U+00A7 "§" */
    0x1, 0xac, 0xc9, 0xc0, 0x11, 0xf9, 0x93, 0x0,
    0xc, 0x3, 0x8, 0x2, 0xfa, 0xd4, 0x3, 0x28,
    0xc1, 0xe2, 0x0, 0x3e, 0x8d, 0xb6, 0x40, 0x2,
    0xa0, 0x1, 0x0, 0xaf, 0x2d, 0xaa, 0x0, 0x3,
    0x34, 0xe, 0x20, 0x18, 0x5b, 0x24, 0x0, 0x60,
    0x11, 0x8, 0x2, 0x73, 0x29, 0xd0,

    /* U+00A8 "¨" */
    0x0, 0xe5, 0x90, 0x69, 0x58, 0x6, 0x80,

    /* U+00A9 "©" */
    0x0, 0xcb, 0x35, 0x47, 0x10, 0xe, 0x2a, 0x19,
    0xaa, 0x2d, 0xa0, 0x6, 0x9b, 0x40, 0x8, 0xab,
    0x4c, 0x1, 0x10, 0x10, 0x7c, 0xb8, 0x9, 0x90,
    0x0, 0x8c, 0x27, 0xf2, 0xe8, 0x1, 0xa6, 0x24,
    0x2, 0x90, 0x0, 0x20, 0x2, 0x29, 0xf8, 0x13,
    0x80, 0x78, 0x78, 0xfc, 0x0, 0x60, 0x1e, 0x1f,
    0x13, 0x2, 0x50, 0xf, 0x22, 0x0, 0xcc, 0x2c,
    0xc0, 0x0, 0x80, 0x30, 0xc2, 0x60, 0x6b, 0xae,
    0xce, 0x15, 0x0, 0x1, 0x9a, 0x58, 0xbb, 0x2d,
    0x71, 0x80, 0x45, 0x67, 0x55, 0x25, 0xa0, 0x0,

    /* U+00AA "ª" */
    0x9, 0xab, 0x30, 0x9a, 0x9a, 0x19, 0x95, 0x82,
    0x64, 0xd0, 0x27, 0x4a, 0x0,

    /* U+00AB "«" */
    0x0, 0x1b, 0x1, 0xa8, 0xf, 0xb8, 0xfa, 0x5,
    0x40, 0xef, 0x8a, 0x82, 0x33, 0xc, 0x14, 0x11,
    0x98, 0x60, 0xa, 0x81, 0xdf, 0x10, 0x1e, 0x71,
    0xf4,

    /* U+00AC "¬" */
    0x1c, 0xcf, 0x69, 0xe, 0x67, 0x90, 0x3, 0xff,
    0x9d, 0x44,

    /* U+00AD "­" */
    0x5e, 0xe9, 0xc0,

    /* U+00AE "®" */
    0x0, 0xcb, 0x35, 0x47, 0x10, 0xe, 0x2a, 0x19,
    0xaa, 0x2d, 0xa0, 0x6, 0x9b, 0x40, 0x8, 0xab,
    0x4c, 0x1, 0x10, 0x15, 0xcb, 0xa2, 0x9, 0x90,
    0x0, 0x8c, 0xe, 0xae, 0x38, 0x1, 0xa6, 0x24,
    0x1, 0xc4, 0x20, 0x4, 0x53, 0xf0, 0xe, 0x36,
    0x0, 0xf, 0x1f, 0x80, 0x57, 0x6e, 0xa0, 0x0,
    0xf8, 0x98, 0x5, 0x76, 0x63, 0x0, 0x22, 0x0,
    0xcc, 0x1, 0xa7, 0x80, 0x18, 0x61, 0x30, 0x2a,
    0xa0, 0x29, 0x2a, 0x80, 0x0, 0xcd, 0x31, 0x80,
    0x1a, 0x38, 0xc0, 0x22, 0xb3, 0xaa, 0x92, 0xd0,
    0x0,

    /* U+00AF "¯" */
    0xc, 0xcf, 0xc0,

    /* U+00B0 "°" */
    0x19, 0xa8, 0xb, 0xb5, 0x64, 0x89, 0x2, 0x10,
    0x10, 0x21, 0x54, 0x5e, 0xc8,

    /* U+00B1 "±" */
    0x0, 0xd4, 0x1, 0xf9, 0x80, 0x3f, 0xf9, 0x43,
    0x99, 0x1e, 0x64, 0x63, 0x99, 0x1e, 0x64, 0x60,
    0x1f, 0xfc, 0xac, 0x0, 0xc3, 0x99, 0xf1, 0x80,

    /* U+00B2 "²" */
    0x18, 0xaa, 0x10, 0x55, 0x22, 0x44, 0x80, 0xc4,
    0x2, 0xb9, 0x0, 0x4f, 0x18, 0x4e, 0xa0, 0x42,
    0x7d, 0xd0,

    /* U+00B3 "³" */
    0x29, 0xaa, 0x10, 0x2, 0x2a, 0x24, 0x8, 0x40,
    0x44, 0x0, 0x6b, 0xd9, 0x0, 0x35, 0xff, 0x80,
    0x30, 0x88, 0x1a, 0xa9, 0x72, 0x0,

    /* U+00B4 "´" */
    0x0, 0x29, 0x81, 0xc9, 0x8c, 0xe8, 0x0,

    /* U+00B5 "µ" */
    0x94, 0x0, 0xd6, 0x60, 0x1f, 0xfd, 0xa7, 0x0,
    0x10, 0x6, 0x20, 0x5, 0x88, 0x2, 0xc, 0x1,
    0x5b, 0xb9, 0x0, 0x7, 0x9b, 0xa5, 0x93, 0x0,
    0xff, 0xe6, 0x0,

    /* U+00B6 "¶" */
    0x6, 0xdf, 0xf5, 0x5c, 0x2c, 0x90, 0x2, 0xa4,
    0x3c, 0x3, 0xe6, 0x0, 0xf9, 0xc0, 0x3e, 0x30,
    0xf, 0xa4, 0x40, 0x3c, 0x3f, 0x30, 0x60, 0x18,
    0x59, 0xd8, 0x3, 0xff, 0xc7, 0xa0, 0x7a,

    /* U+00B7 "·" */
    0x54, 0xcc, 0x0,

    /* U+00B8 "¸" */
    0x1, 0x0, 0xa8, 0x2, 0xdb, 0x0, 0x30, 0xc,
    0x5e, 0x88,

    /* U+00B9 "¹" */
    0x3, 0xc7, 0x2a, 0x90, 0x29, 0x0, 0xff, 0xe3,
    0x0,

    /* U+00BA "º" */
    0x7, 0xaa, 0x30, 0x1f, 0xd5, 0x30, 0x57, 0x0,
    0x1a, 0xaa, 0xc0, 0x6, 0xa9, 0x85, 0x53, 0x4,

    /* U+00BB "»" */
    0x36, 0x4, 0x50, 0x1, 0xe9, 0xa4, 0x98, 0x2,
    0xb8, 0x7b, 0x82, 0x3, 0x50, 0x4b, 0x20, 0x35,
    0x4, 0x92, 0x15, 0xc3, 0xdc, 0x13, 0xe3, 0x49,
    0x20,

    /* U+00BC "¼" */
    0x5, 0xe4, 0x0, 0xd2, 0x60, 0x5, 0xd6, 0x0,
    0xc4, 0x66, 0x0, 0x2c, 0x0, 0x74, 0x40, 0x3,
    0xf8, 0xcc, 0x40, 0x1f, 0xd1, 0x0, 0x10, 0xf,
    0x94, 0xc4, 0x58, 0xa0, 0x1e, 0x98, 0x8, 0x40,
    0xd, 0x8, 0xd4, 0xd, 0x9c, 0x1, 0xea, 0x62,
    0xf5, 0x0, 0xf3, 0xc8, 0x51, 0x5d, 0x4a, 0x0,
    0x7, 0x14, 0x22, 0xed, 0x52, 0x80, 0x9, 0xf0,
    0xf, 0xc0,

    /* U+00BD "½" */
    0x7, 0xd3, 0x0, 0xd6, 0x1, 0x29, 0xa0, 0x6,
    0x6d, 0x0, 0x95, 0x0, 0x3a, 0x98, 0x3, 0xf9,
    0xe4, 0x3, 0xf8, 0x71, 0xe6, 0xa0, 0x3, 0xd1,
    0x7, 0x8a, 0xf5, 0x0, 0xc4, 0x66, 0x51, 0x2,
    0x20, 0x2, 0xe, 0x20, 0x1, 0xb9, 0x40, 0x2,
    0x66, 0x20, 0x9, 0xf0, 0x80, 0x28, 0x80, 0x4,
    0xbc, 0xe0, 0x12, 0x18, 0x80, 0x13, 0xe4, 0x3,
    0x74, 0x0, 0x5e, 0xd7, 0x66,

    /* U+00BE "¾" */
    0x29, 0xaa, 0x10, 0x6, 0x91, 0x0, 0xa2, 0xa2,
    0x40, 0x23, 0x1, 0x0, 0x10, 0x80, 0x88, 0x2,
    0x88, 0x0, 0x66, 0xbd, 0x80, 0x2, 0xe0, 0x80,
    0x66, 0xbc, 0x90, 0x4, 0xb8, 0x8, 0x7, 0x13,
    0x83, 0x50, 0x1f, 0x8, 0x18, 0x0, 0xdc, 0x35,
    0x83, 0xcc, 0x0, 0xd7, 0x55, 0x47, 0x84, 0xfb,
    0x80, 0x16, 0xea, 0x40, 0xd1, 0x7c, 0xc0, 0x3e,
    0x88, 0x7, 0x6d, 0xad, 0x8, 0x4, 0x46, 0x60,
    0xbb, 0x96, 0x84, 0x2, 0x88, 0x0, 0x7e,

    /* U+00BF "¿" */
    0x0, 0x9e, 0x80, 0x39, 0x3c, 0x3, 0x8d, 0x40,
    0x38, 0xd8, 0x3, 0x94, 0x3, 0x8a, 0x9c, 0x2,
    0x3e, 0xe0, 0x80, 0x7, 0xb4, 0x80, 0x24, 0x51,
    0x0, 0xc7, 0xe0, 0x1c, 0x94, 0x40, 0x4, 0x12,
    0x99, 0x6e, 0xc0,

    /* U+00C0 "À" */
    0x0, 0x9d, 0x0, 0x3f, 0x34, 0x8, 0x7, 0xc3,
    0xd6, 0x1, 0xf8, 0xa8, 0x3, 0xf5, 0xc0, 0x7,
    0xc2, 0xea, 0x1, 0xf3, 0x5b, 0xa0, 0x7, 0xad,
    0xbb, 0x40, 0x38, 0xdc, 0x51, 0xc0, 0x3a, 0xb8,
    0x0, 0xea, 0x1, 0x91, 0x40, 0x1b, 0xc0, 0x12,
    0x97, 0x75, 0x48, 0x20, 0xe, 0xbe, 0xec, 0xec,
    0x2, 0xc8, 0x1, 0xaa, 0x80, 0xca, 0x1, 0xc4,
    0x5, 0x74, 0x1, 0xea, 0xa0,

    /* U+00C1 "Á" */
    0x0, 0xe1, 0x70, 0xf, 0xd4, 0x60, 0x1f, 0x47,
    0x20, 0x7, 0xd0, 0xa0, 0x1f, 0xae, 0x0, 0x3e,
    0x17, 0x50, 0xf, 0x9a, 0xdd, 0x0, 0x3d, 0x6d,
    0xda, 0x1, 0xc6, 0xe2, 0x8e, 0x1, 0xd5, 0xc0,
    0x7, 0x50, 0xc, 0x8a, 0x0, 0xde, 0x0, 0x94,
    0xbb, 0xaa, 0x41, 0x0, 0x75, 0xf7, 0x67, 0x60,
    0x16, 0x40, 0xd, 0x54, 0x6, 0x50, 0xe, 0x20,
    0x2b, 0xa0, 0xf, 0x55, 0x0,

    /* U+00C2 "Â" */
    0x0, 0xcc, 0x60, 0x1f, 0x2e, 0x78, 0x80, 0x71,
    0xe5, 0x75, 0x80, 0x71, 0xc8, 0x15, 0x0, 0x7d,
    0x70, 0x1, 0xf0, 0xba, 0x80, 0x7c, 0xd6, 0xe8,
    0x1, 0xeb, 0x6e, 0xd0, 0xe, 0x37, 0x14, 0x70,
    0xe, 0xae, 0x0, 0x3a, 0x80, 0x64, 0x50, 0x6,
    0xf0, 0x4, 0xa5, 0xdd, 0x52, 0x8, 0x3, 0xaf,
    0xbb, 0x3b, 0x0, 0xb2, 0x0, 0x6a, 0xa0, 0x32,
    0x80, 0x71, 0x1, 0x5d, 0x0, 0x7a, 0xa8,

    /* U+00C3 "Ã" */
    0x0, 0x26, 0x50, 0x93, 0x80, 0x6d, 0xc9, 0xa9,
    0x60, 0xd, 0x20, 0x77, 0x61, 0x0, 0xf5, 0xc0,
    0x7, 0xc2, 0xea, 0x1, 0xf3, 0x5b, 0xa0, 0x7,
    0xad, 0xbb, 0x40, 0x38, 0xdc, 0x51, 0xc0, 0x3a,
    0xb8, 0x0, 0xea, 0x1, 0x91, 0x40, 0x1b, 0xc0,
    0x12, 0x97, 0x75, 0x48, 0x20, 0xe, 0xbe, 0xec,
    0xec, 0x2, 0xc8, 0x1, 0xaa, 0x80, 0xca, 0x1,
    0xc4, 0x5, 0x74, 0x1, 0xea, 0xa0,

    /* U+00C4 "Ä" */
    0x0, 0xff, 0xe0, 0xe, 0x81, 0x68, 0x7, 0xf,
    0x81, 0x78, 0x7, 0x88, 0x0, 0x40, 0x1f, 0x5c,
    0x0, 0x7c, 0x2e, 0xa0, 0x1f, 0x35, 0xba, 0x0,
    0x7a, 0xdb, 0xb4, 0x3, 0x8d, 0xc5, 0x1c, 0x3,
    0xab, 0x80, 0xe, 0xa0, 0x19, 0x14, 0x1, 0xbc,
    0x1, 0x29, 0x77, 0x54, 0x82, 0x0, 0xeb, 0xee,
    0xce, 0xc0, 0x2c, 0x80, 0x1a, 0xa8, 0xc, 0xa0,
    0x1c, 0x40, 0x57, 0x40, 0x1e, 0xaa, 0x0,

    /* U+00C5 "Å" */
    0x0, 0x8a, 0x64, 0x20, 0x1e, 0x89, 0xa6, 0x0,
    0xf1, 0x8b, 0x88, 0x7, 0xa3, 0xad, 0x80, 0x3e,
    0x32, 0x0, 0xf9, 0xad, 0xd0, 0x3, 0xd6, 0xdd,
    0xa0, 0x1c, 0x6e, 0x28, 0xe0, 0x1d, 0x5c, 0x0,
    0x75, 0x0, 0xc8, 0xa0, 0xd, 0xe0, 0x9, 0x4b,
    0xba, 0xa4, 0x10, 0x7, 0x5f, 0x76, 0x76, 0x1,
    0x64, 0x0, 0xd5, 0x40, 0x65, 0x0, 0xe2, 0x2,
    0xba, 0x0, 0xf5, 0x50,

    /* U+00C6 "Æ" */
    0x0, 0xe1, 0xee, 0xb7, 0x73, 0x80, 0x73, 0x4c,
    0xdb, 0xb9, 0xc0, 0x3a, 0x98, 0x3, 0xfe, 0x54,
    0x10, 0xf, 0xfa, 0x68, 0x3, 0xfe, 0x30, 0x30,
    0x4, 0xee, 0xe3, 0x0, 0xa6, 0x40, 0x14, 0xee,
    0xe3, 0x0, 0xa, 0xdf, 0x72, 0x40, 0x3f, 0x4b,
    0xf7, 0x52, 0x1, 0xf9, 0xa4, 0x3, 0xfe, 0x54,
    0x10, 0xf, 0xfa, 0x64, 0x1, 0xd3, 0xbb, 0x9c,

    /* U+00C7 "Ç" */
    0x0, 0x8e, 0xb7, 0x6a, 0x20, 0x2, 0xf7, 0x37,
    0x6e, 0x30, 0x2b, 0xc4, 0x0, 0x90, 0x42, 0xe4,
    0x40, 0x3e, 0x45, 0x0, 0xfc, 0x44, 0x0, 0xff,
    0xe3, 0x11, 0x0, 0x3f, 0x3a, 0x0, 0x7e, 0x9b,
    0x0, 0xfc, 0x6b, 0xa6, 0x1, 0x10, 0x5, 0x13,
    0x1f, 0xdb, 0x22, 0x1, 0x25, 0xb7, 0xed, 0x88,
    0x7, 0x7e, 0x88, 0x7, 0xcc, 0x84, 0x1, 0xe6,
    0xb1, 0x30, 0x0,

    /* U+00C8 "È" */
    0x0, 0x32, 0x0, 0x73, 0xc0, 0x80, 0x61, 0xeb,
    0x0, 0xe2, 0xa0, 0x3, 0x76, 0xee, 0xc0, 0x6d,
    0xdd, 0x80, 0x1f, 0xfc, 0xa6, 0xdd, 0xce, 0xd,
    0xbb, 0x9c, 0x3, 0xff, 0xa2, 0xdb, 0xbb, 0x0,

    /* U+00C9 "É" */
    0x0, 0xc2, 0xe0, 0x1d, 0x44, 0x1, 0xa3, 0x94,
    0x3, 0x42, 0x80, 0x1b, 0xb7, 0x76, 0x3, 0x6e,
    0xec, 0x0, 0xff, 0xe5, 0x36, 0xee, 0x70, 0x6d,
    0xdc, 0xe0, 0x1f, 0xfd, 0x16, 0xdd, 0xd8,

    /* U+00CA "Ê" */
    0x0, 0x95, 0x0, 0x32, 0x7c, 0x8, 0x0, 0xfa,
    0xb6, 0xc4, 0xe, 0x80, 0x68, 0x5b, 0xb7, 0x76,
    0x3, 0x6e, 0xec, 0x0, 0xff, 0xe5, 0x36, 0xee,
    0x70, 0x6d, 0xdc, 0xe0, 0x1f, 0xfd, 0x16, 0xdd,
    0xd8,

    /* U+00CB "Ë" */
    0x0, 0xfc, 0x3c, 0x3, 0xa0, 0x1, 0xc0, 0x1f,
    0x0, 0x88, 0x0, 0x40, 0xdd, 0xbb, 0xb0, 0x1b,
    0x77, 0x60, 0x7, 0xff, 0x29, 0xb7, 0x73, 0x83,
    0x6e, 0xe7, 0x0, 0xff, 0xe8, 0xb6, 0xee, 0xc0,

    /* U+00CC "Ì" */
    0x9, 0x10, 0xb, 0xec, 0x2, 0x6c, 0x60, 0x9,
    0x98, 0x3, 0x7f, 0x62, 0x2b, 0x1b, 0x10, 0xf,
    0xff, 0x8, 0xd8, 0xd8, 0x80,

    /* U+00CD "Í" */
    0x0, 0x91, 0x0, 0x2, 0x85, 0x1, 0x8d, 0x10,
    0x1a, 0x10, 0x1b, 0xfb, 0x11, 0x58, 0xd8, 0x80,
    0x7f, 0xf8, 0x46, 0xc6, 0xc4,

    /* U+00CE "Î" */
    0x0, 0x38, 0x80, 0x2b, 0xac, 0x23, 0xe7, 0xde,
    0x14, 0x15, 0xc6, 0xfe, 0xc4, 0x56, 0x36, 0x20,
    0x1f, 0xfe, 0x11, 0xb1, 0xb1,

    /* U+00CF "Ï" */
    0x0, 0xe7, 0x80, 0x77, 0x34, 0x83, 0x30, 0x44,
    0x2, 0x35, 0xfd, 0x88, 0xac, 0x6c, 0x40, 0x3f,
    0xfc, 0x23, 0x63, 0x62,

    /* U+00D0 "Ð" */
    0x5, 0xed, 0xdb, 0x1c, 0x3, 0x9f, 0x77, 0x76,
    0x0, 0x7e, 0x19, 0x49, 0x0, 0xfe, 0x87, 0x10,
    0xf, 0xe5, 0x50, 0x7, 0xf1, 0xc, 0x5b, 0xee,
    0xa0, 0x2, 0x30, 0x8b, 0x7d, 0xd4, 0x0, 0x4c,
    0xc0, 0xf, 0xc2, 0x46, 0x1, 0xfa, 0x18, 0x3,
    0xe2, 0xa2, 0x80, 0x9, 0xf7, 0x69, 0xfb, 0x0,
    0x0,

    /* U+00D1 "Ñ" */
    0x0, 0x26, 0x48, 0x93, 0x80, 0x6d, 0xca, 0xa4,
    0xb0, 0x6, 0x90, 0x3b, 0xb0, 0x80, 0x1b, 0x40,
    0x3d, 0xa2, 0x7, 0x0, 0x1f, 0xa5, 0x4c, 0x3,
    0xf4, 0xf8, 0x7, 0xe4, 0x67, 0x0, 0xfd, 0x72,
    0x20, 0x1f, 0xc, 0x50, 0x7, 0xe6, 0x75, 0x0,
    0xfd, 0xd6, 0x22, 0x0, 0xf1, 0x34, 0x0, 0x7e,
    0x84, 0x20, 0xf, 0xdc, 0x20,

    /* U+00D2 "Ò" */
    0x0, 0xc2, 0x20, 0xf, 0xf1, 0x60, 0x7, 0xf8,
    0xe6, 0x80, 0x3f, 0xc9, 0xc4, 0x1, 0xfe, 0x42,
    0x0, 0xf9, 0x2f, 0x76, 0x70, 0xe, 0x88, 0xb7,
    0x59, 0xf8, 0x1, 0x1a, 0xe1, 0x80, 0x6, 0x16,
    0x0, 0x13, 0x60, 0x1e, 0x86, 0x0, 0x23, 0x80,
    0x78, 0x4c, 0x80, 0x44, 0x1, 0xf3, 0x8, 0x7,
    0xff, 0x4, 0x44, 0x1, 0xf3, 0x8, 0x22, 0x0,
    0x3c, 0x26, 0x41, 0x30, 0x1, 0xe8, 0x90, 0x1,
    0xae, 0x18, 0x0, 0x64, 0x9c, 0x2, 0x89, 0xfe,
    0xe6, 0x75, 0x80, 0x0,

    /* U+00D3 "Ó" */
    0x0, 0xf1, 0x68, 0x80, 0x7f, 0x4f, 0x88, 0x7,
    0xe4, 0x92, 0x0, 0xfe, 0x42, 0x0, 0xfc, 0x97,
    0xbb, 0x38, 0x7, 0x44, 0x5b, 0xac, 0xfc, 0x0,
    0x8d, 0x70, 0xc0, 0x3, 0xb, 0x0, 0x9, 0xb0,
    0xf, 0x43, 0x0, 0x11, 0xc0, 0x3c, 0x26, 0x40,
    0x22, 0x0, 0xf9, 0x84, 0x3, 0xff, 0x82, 0x22,
    0x0, 0xf9, 0x84, 0x11, 0x0, 0x1e, 0x13, 0x20,
    0x98, 0x0, 0xf4, 0x48, 0x0, 0xd7, 0xc, 0x0,
    0x32, 0x4e, 0x1, 0x44, 0xff, 0x73, 0x3a, 0xc0,
    0x0,

    /* U+00D4 "Ô" */
    0x0, 0xea, 0xd0, 0xf, 0xe7, 0xde, 0xa0, 0xf,
    0xc4, 0xe7, 0x26, 0x1, 0xf2, 0x80, 0xc, 0xc0,
    0x1e, 0x4b, 0xdd, 0x9c, 0x3, 0xa2, 0x2d, 0xd6,
    0x7e, 0x0, 0x46, 0xb8, 0x60, 0x1, 0x85, 0x80,
    0x4, 0xd8, 0x7, 0xa1, 0x80, 0x8, 0xe0, 0x1e,
    0x13, 0x20, 0x11, 0x0, 0x7c, 0xc2, 0x1, 0xff,
    0xc1, 0x11, 0x0, 0x7c, 0xc2, 0x8, 0x80, 0xf,
    0x9, 0x90, 0x4c, 0x0, 0x7a, 0x24, 0x0, 0x6b,
    0x86, 0x0, 0x19, 0x27, 0x0, 0xa2, 0x7f, 0xb9,
    0x9d, 0x60, 0x0,

    /* U+00D5 "Õ" */
    0x0, 0x86, 0xec, 0x61, 0x20, 0x1e, 0x69, 0xa9,
    0xcd, 0x0, 0xf3, 0x90, 0xd6, 0x20, 0x7, 0x92,
    0xf7, 0x67, 0x0, 0xe8, 0x8b, 0x75, 0x9f, 0x80,
    0x11, 0xae, 0x18, 0x0, 0x61, 0x60, 0x1, 0x36,
    0x1, 0xe8, 0x60, 0x2, 0x38, 0x7, 0x84, 0xc8,
    0x4, 0x40, 0x1f, 0x30, 0x80, 0x7f, 0xf0, 0x44,
    0x40, 0x1f, 0x30, 0x82, 0x20, 0x3, 0xc2, 0x64,
    0x13, 0x0, 0x1e, 0x89, 0x0, 0x1a, 0xe1, 0x80,
    0x6, 0x49, 0xc0, 0x28, 0x9f, 0xee, 0x67, 0x58,
    0x0,

    /* U+00D6 "Ö" */
    0x0, 0xff, 0xe2, 0x61, 0x6, 0x90, 0x7, 0xdc,
    0x41, 0xe4, 0x1, 0xf1, 0x0, 0x8, 0x3, 0xe4,
    0xbd, 0xd9, 0xc0, 0x3a, 0x22, 0xdd, 0x67, 0xe0,
    0x4, 0x6b, 0x86, 0x0, 0x18, 0x58, 0x0, 0x4d,
    0x80, 0x7a, 0x18, 0x0, 0x8e, 0x1, 0xe1, 0x32,
    0x1, 0x10, 0x7, 0xcc, 0x20, 0x1f, 0xfc, 0x11,
    0x10, 0x7, 0xcc, 0x20, 0x88, 0x0, 0xf0, 0x99,
    0x4, 0xc0, 0x7, 0xa2, 0x40, 0x6, 0xb8, 0x60,
    0x1, 0x92, 0x70, 0xa, 0x27, 0xfb, 0x99, 0xd6,
    0x0,

    /* U+00D7 "×" */
    0x30, 0xe, 0x30, 0xb9, 0x0, 0x9e, 0x42, 0x6,
    0x1, 0xb6, 0x80, 0x10, 0x35, 0xb4, 0x1, 0xb1,
    0x30, 0x3, 0x2f, 0x73, 0x58, 0x0, 0x93, 0x61,
    0x58, 0xc0, 0x5a, 0x1, 0x50, 0x80,

    /* U+00D8 "Ø" */
    0x0, 0xff, 0x8, 0x6, 0x4b, 0xdd, 0x63, 0xc3,
    0x80, 0x51, 0x16, 0xee, 0x76, 0x0, 0x1a, 0xe1,
    0x80, 0x5, 0x96, 0x0, 0x13, 0x60, 0x1a, 0xa6,
    0xd8, 0x0, 0x8e, 0x1, 0x29, 0xa8, 0x99, 0x0,
    0x88, 0x0, 0x33, 0x20, 0x3, 0x8, 0x7, 0x57,
    0x80, 0x78, 0x48, 0x1f, 0xc, 0x2, 0x61, 0x4,
    0x41, 0xe3, 0x80, 0x42, 0x64, 0x13, 0x7f, 0x40,
    0x1a, 0x24, 0x0, 0x62, 0x22, 0x0, 0xc, 0x93,
    0x80, 0x11, 0xa6, 0x37, 0xb3, 0xac, 0x2, 0x4a,
    0x4b, 0xde, 0xd7, 0x0, 0x80,

    /* U+00D9 "Ù" */
    0x0, 0x88, 0x3, 0xfa, 0xa4, 0x3, 0xf4, 0x1a,
    0x80, 0x7e, 0xa3, 0x0, 0xfe, 0x60, 0xd, 0xc,
    0x1, 0xed, 0x10, 0xf, 0xff, 0xc8, 0xff, 0x0,
    0x78, 0xc1, 0x14, 0x3, 0x91, 0x40, 0xde, 0x84,
    0x0, 0x93, 0x0, 0xa, 0xdc, 0xee, 0x7f, 0x18,
    0x0,

    /* U+00DA "Ú" */
    0x0, 0xe7, 0xa0, 0xf, 0x93, 0x68, 0x3, 0xe2,
    0xa0, 0xf, 0xcc, 0x1, 0xd0, 0xc0, 0x1e, 0xd1,
    0x0, 0xff, 0xfc, 0x8f, 0xf0, 0x7, 0x8c, 0x11,
    0x40, 0x39, 0x14, 0xd, 0xe8, 0x40, 0x9, 0x30,
    0x0, 0xad, 0xce, 0xe7, 0xf1, 0x80,

    /* U+00DB "Û" */
    0x0, 0x87, 0xa4, 0x3, 0xea, 0xd1, 0x50, 0xe,
    0x39, 0x38, 0x0, 0xf1, 0x90, 0x1, 0x40, 0x28,
    0x60, 0xf, 0x68, 0x80, 0x7f, 0xfe, 0x47, 0xf8,
    0x3, 0xc6, 0x8, 0xa0, 0x1c, 0x8a, 0x6, 0xf4,
    0x20, 0x4, 0x98, 0x0, 0x56, 0xe7, 0x73, 0xf8,
    0xc0,

    /* U+00DC "Ü" */
    0x0, 0xff, 0xe0, 0x16, 0x1, 0xe0, 0x7, 0x17,
    0x1, 0xf0, 0x7, 0x88, 0x0, 0x40, 0x14, 0x30,
    0x7, 0xb4, 0x40, 0x3f, 0xff, 0x23, 0xfc, 0x1,
    0xe3, 0x4, 0x50, 0xe, 0x45, 0x3, 0x7a, 0x10,
    0x2, 0x4c, 0x0, 0x2b, 0x73, 0xb9, 0xfc, 0x60,

    /* U+00DD "Ý" */
    0x0, 0xe6, 0x20, 0xf, 0x2e, 0x90, 0x7, 0x1f,
    0xd8, 0x7, 0x8e, 0x80, 0x35, 0xa0, 0x7, 0x5a,
    0xc4, 0x0, 0x31, 0xba, 0x9b, 0xa0, 0x5, 0x10,
    0x0, 0x44, 0x0, 0x8, 0xe8, 0x0, 0x36, 0x50,
    0x8f, 0x0, 0xd1, 0x4, 0x73, 0x0, 0xc4, 0xf5,
    0x0, 0x1e, 0x92, 0x30, 0xf, 0x8, 0x7, 0xff,
    0x50,

    /* U+00DE "Þ" */
    0x68, 0x0, 0xff, 0xe1, 0xb6, 0xed, 0x44, 0x0,
    0x6d, 0xdb, 0xf0, 0x40, 0x39, 0x5d, 0xc0, 0x1e,
    0xfe, 0x0, 0xf7, 0xf0, 0x6, 0x17, 0x46, 0x6,
    0xdd, 0xbf, 0x0, 0xd, 0xba, 0xc8, 0x10, 0xf,
    0xfe, 0x28,

    /* U+00DF "ß" */
    0x5, 0xcd, 0xd4, 0x80, 0xe, 0x77, 0x61, 0x80,
    0xba, 0x10, 0x6, 0x88, 0x9, 0x0, 0xa, 0x6c,
    0x3, 0x17, 0x69, 0x0, 0x67, 0x41, 0x0, 0xe4,
    0x54, 0x0, 0xe1, 0xcf, 0x90, 0xe, 0x1b, 0x6,
    0x0, 0xf5, 0x60, 0x0, 0x40, 0x2b, 0x20, 0x1,
    0x66, 0xe0, 0xc0,

    /* U+00E0 "à" */
    0x0, 0x14, 0x80, 0x78, 0x81, 0xc0, 0x3d, 0x3c,
    0x80, 0x1e, 0x94, 0x0, 0x8a, 0xb7, 0x30, 0x80,
    0x3, 0xed, 0xcf, 0xa0, 0x0, 0xa0, 0x0, 0xd4,
    0xc0, 0x3c, 0x2e, 0x2, 0xf7, 0x72, 0x0, 0x30,
    0x6e, 0xe4, 0x3, 0x16, 0x0, 0x9c, 0x8, 0x82,
    0x0, 0x70, 0x0, 0xde, 0x64, 0x54, 0x0,

    /* U+00E1 "á" */
    0x0, 0xc3, 0xa4, 0x1, 0x86, 0xfc, 0x80, 0x3a,
    0x88, 0x2, 0x2a, 0xcc, 0x90, 0x0, 0x7d, 0xb9,
    0xf4, 0x0, 0x14, 0x0, 0x1a, 0x98, 0x7, 0x85,
    0xc0, 0x5e, 0xee, 0x40, 0x6, 0xd, 0xdc, 0x80,
    0x62, 0xc0, 0x13, 0x81, 0x10, 0x40, 0xe, 0x0,
    0x1b, 0xcc, 0x8a, 0x80,

    /* U+00E2 "â" */
    0x0, 0xa7, 0x48, 0x3, 0x47, 0xe4, 0x18, 0x5,
    0x2c, 0x34, 0x40, 0x2, 0xbd, 0xcc, 0x28, 0x0,
    0xfb, 0x73, 0xe8, 0x0, 0x28, 0x0, 0x35, 0x30,
    0xf, 0xb, 0x80, 0xbd, 0xdc, 0x80, 0xc, 0x1b,
    0xb9, 0x0, 0xc5, 0x80, 0x27, 0x2, 0x20, 0x80,
    0x1c, 0x0, 0x37, 0x99, 0x15, 0x0,

    /* U+00E3 "ã" */
    0x0, 0x5e, 0x30, 0x50, 0x1, 0x63, 0x3b, 0x30,
    0x0, 0x53, 0x8, 0xc6, 0x0, 0x15, 0x6e, 0x61,
    0x0, 0x7, 0xdb, 0x9f, 0x40, 0x1, 0x40, 0x1,
    0xa9, 0x80, 0x78, 0x5c, 0x5, 0xee, 0xe4, 0x0,
    0x60, 0xdd, 0xc8, 0x6, 0x2c, 0x1, 0x38, 0x11,
    0x4, 0x0, 0xe0, 0x1, 0xbc, 0xc8, 0xa8, 0x0,

    /* U+00E4 "ä" */
    0x0, 0x52, 0x5, 0x20, 0x5, 0x8, 0x10, 0x80,
    0x11, 0x0, 0x8, 0x2, 0x2a, 0xdc, 0xc2, 0x0,
    0xf, 0xb7, 0x3e, 0x80, 0x2, 0x80, 0x3, 0x53,
    0x0, 0xf0, 0xb8, 0xb, 0xdd, 0xc8, 0x0, 0xc1,
    0xbb, 0x90, 0xc, 0x58, 0x2, 0x70, 0x22, 0x8,
    0x1, 0xc0, 0x3, 0x79, 0x91, 0x50, 0x0,

    /* U+00E5 "å" */
    0x0, 0xa2, 0x4c, 0x3, 0x27, 0x4c, 0x80, 0x38,
    0xc0, 0x3c, 0x9b, 0x5c, 0x1, 0xd1, 0x48, 0x1,
    0x15, 0x6e, 0x61, 0x0, 0x7, 0xdb, 0x9f, 0x40,
    0x1, 0x40, 0x1, 0xa9, 0x80, 0x78, 0x5c, 0x5,
    0xee, 0xe4, 0x0, 0x60, 0xdd, 0xc8, 0x6, 0x2c,
    0x1, 0x38, 0x11, 0x4, 0x0, 0xe0, 0x1, 0xbc,
    0xc8, 0xa8, 0x0,

    /* U+00E6 "æ" */
    0x2, 0xac, 0xdb, 0x12, 0xbd, 0xd2, 0x80, 0x53,
    0x9b, 0xd7, 0xd1, 0xb9, 0x4, 0x4, 0x60, 0x5,
    0x44, 0x18, 0xd, 0xd8, 0x3, 0xc7, 0x60, 0x12,
    0xa8, 0x6, 0x33, 0x22, 0xfc, 0xcb, 0xdc, 0x33,
    0xb3, 0x22, 0xec, 0xcd, 0x66, 0x2c, 0x1, 0x12,
    0x0, 0x71, 0x10, 0x40, 0x15, 0x4b, 0x30, 0x0,
    0x90, 0xde, 0x6e, 0x7a, 0xfc, 0x6e, 0xc2,

    /* U+00E7 "ç" */
    0x0, 0x1d, 0xee, 0xb0, 0x0, 0x7d, 0x1b, 0xb0,
    0x2, 0x20, 0x60, 0x1, 0x0, 0x22, 0x80, 0x70,
    0x88, 0x3, 0xc2, 0x20, 0xf, 0x8d, 0x0, 0x3d,
    0x12, 0x40, 0x2, 0x0, 0x24, 0x77, 0xec, 0x80,
    0x4b, 0xab, 0xb6, 0x1, 0xc5, 0x20, 0x1c, 0x30,
    0xa0, 0x1d, 0x57, 0x20, 0x0,

    /* U+00E8 "è" */
    0x0, 0xc, 0x80, 0x78, 0x7a, 0x40, 0x3c, 0xfc,
    0xc0, 0x1e, 0x76, 0x0, 0xc9, 0x9b, 0xa5, 0x0,
    0x1c, 0xf6, 0xea, 0x50, 0x22, 0x48, 0x1, 0x1e,
    0x8, 0x80, 0x9, 0x54, 0x21, 0x99, 0xb4, 0xc4,
    0x59, 0x9d, 0xa0, 0x46, 0x1, 0xe8, 0xf2, 0x0,
    0x88, 0x12, 0x3b, 0x9b, 0x8c,

    /* U+00E9 "é" */
    0x0, 0xec, 0x40, 0xe, 0xaf, 0x40, 0xe, 0xa3,
    0x0, 0xc9, 0x9b, 0xa5, 0x0, 0x1c, 0xf6, 0xea,
    0x50, 0x22, 0x48, 0x1, 0x1e, 0x8, 0x80, 0x9,
    0x54, 0x21, 0x99, 0xb4, 0xc4, 0x59, 0x9d, 0xa0,
    0x46, 0x1, 0xe8, 0xf2, 0x0, 0x88, 0x12, 0x3b,
    0x9b, 0x8c,

    /* U+00EA "ê" */
    0x0, 0x9b, 0x90, 0x3, 0x2f, 0x73, 0x50, 0x2,
    0x48, 0x9, 0x50, 0x9, 0x73, 0x74, 0x80, 0x3,
    0x9e, 0xdd, 0x4a, 0x4, 0x49, 0x0, 0x23, 0xc1,
    0x10, 0x1, 0x2a, 0x84, 0x33, 0x36, 0x98, 0x8b,
    0x33, 0xb4, 0x8, 0xc0, 0x3d, 0x1e, 0x40, 0x11,
    0x2, 0x47, 0x73, 0x71, 0x80,

    /* U+00EB "ë" */
    0x0, 0x3b, 0x4, 0x30, 0x4, 0xae, 0x14, 0xe0,
    0x11, 0x8, 0x10, 0x80, 0x49, 0x9b, 0xa5, 0x0,
    0x1c, 0xf6, 0xea, 0x50, 0x22, 0x48, 0x1, 0x1e,
    0x8, 0x80, 0x9, 0x54, 0x21, 0x99, 0xb4, 0xc4,
    0x59, 0x9d, 0xa0, 0x46, 0x1, 0xe8, 0xf2, 0x0,
    0x88, 0x12, 0x3b, 0x9b, 0x8c,

    /* U+00EC "ì" */
    0x74, 0x0, 0x34, 0x8, 0xf, 0x58, 0x0, 0xa8,
    0x1, 0x2a, 0x1, 0xff, 0xd5,

    /* U+00ED "í" */
    0x7, 0xa0, 0x60, 0xa0, 0x67, 0x0, 0x4a, 0x80,
    0x7f, 0xf5, 0x80,

    /* U+00EE "î" */
    0x1, 0xcb, 0x0, 0x15, 0xec, 0x48, 0x15, 0x9,
    0xc8, 0x5, 0x2a, 0x1, 0xff, 0xe6,

    /* U+00EF "ï" */
    0x1d, 0x1, 0xc1, 0xe0, 0x1f, 0x3, 0x0, 0x18,
    0x2, 0x54, 0x3, 0xff, 0xba,

    /* U+00F0 "ð" */
    0x0, 0xa0, 0x81, 0xc, 0x3, 0x67, 0xde, 0x98,
    0x6, 0x36, 0x7c, 0x0, 0xc2, 0x2b, 0xd8, 0x10,
    0x8, 0x58, 0x6, 0x20, 0x1, 0x25, 0xe6, 0x1,
    0x0, 0xb, 0x13, 0x98, 0x22, 0x18, 0x47, 0x10,
    0x1, 0xcd, 0xc0, 0xc8, 0x3, 0x28, 0x88, 0x3,
    0xc6, 0xc2, 0x62, 0x1, 0x9c, 0xc2, 0xe8, 0x40,
    0x12, 0xa0, 0x6, 0xdd, 0xc3, 0x0,

    /* U+00F1 "ñ" */
    0x6, 0xca, 0x13, 0x60, 0x7, 0xe4, 0xd4, 0x38,
    0x2, 0x40, 0xee, 0xc2, 0x12, 0x71, 0xba, 0xb2,
    0x0, 0x46, 0x6e, 0xbf, 0xc0, 0x2, 0x40, 0x2,
    0x8, 0x83, 0xc0, 0x33, 0x90, 0x18, 0x7, 0xff,
    0x68,

    /* U+00F2 "ò" */
    0x0, 0xa0, 0xc0, 0x3e, 0xbf, 0x0, 0xf8, 0xe2,
    0x40, 0x3e, 0x49, 0x0, 0xe4, 0xcd, 0xd4, 0x80,
    0x49, 0x3d, 0xba, 0xeb, 0x0, 0x47, 0x10, 0x1,
    0xdc, 0x60, 0x66, 0x0, 0xc8, 0x81, 0x10, 0x7,
    0x7f, 0x84, 0x40, 0x1d, 0xfc, 0x6, 0x80, 0x19,
    0x50, 0x3e, 0x4, 0x0, 0xee, 0x20, 0x38, 0xdc,
    0xdf, 0xa0,

    /* U+00F3 "ó" */
    0x0, 0xe9, 0x80, 0xf, 0x3f, 0x40, 0x7, 0x99,
    0xc0, 0x39, 0x33, 0x1b, 0x20, 0x12, 0x4f, 0x6e,
    0xba, 0xc0, 0x11, 0xc4, 0x0, 0x77, 0x18, 0x19,
    0x80, 0x32, 0x20, 0x44, 0x1, 0xdf, 0xe1, 0x10,
    0x7, 0x7f, 0x1, 0xa0, 0x6, 0x54, 0xf, 0x81,
    0x0, 0x3b, 0x88, 0xe, 0x37, 0x37, 0xe8, 0x0,

    /* U+00F4 "ô" */
    0x0, 0x8b, 0x64, 0x3, 0x8a, 0x33, 0xdc, 0x3,
    0x1d, 0xb, 0x30, 0x3, 0x2e, 0x6e, 0xa0, 0x2,
    0x49, 0xed, 0xd7, 0x58, 0x2, 0x38, 0x80, 0xe,
    0xe3, 0x3, 0x30, 0x6, 0x44, 0x8, 0x80, 0x3b,
    0xfc, 0x22, 0x0, 0xef, 0xe0, 0x34, 0x0, 0xca,
    0x81, 0xf0, 0x20, 0x7, 0x71, 0x1, 0xc6, 0xe6,
    0xfd, 0x0,

    /* U+00F5 "õ" */
    0x0, 0x3e, 0x50, 0xa3, 0x0, 0x5d, 0x93, 0xbe,
    0xc0, 0x14, 0x81, 0xe5, 0x80, 0x64, 0xcd, 0xd4,
    0x80, 0x49, 0x3d, 0xba, 0xeb, 0x0, 0x47, 0x10,
    0x1, 0xdc, 0x60, 0x66, 0x0, 0xc8, 0x81, 0x10,
    0x7, 0x7f, 0x84, 0x40, 0x1d, 0xfc, 0x6, 0x80,
    0x19, 0x50, 0x3e, 0x4, 0x0, 0xee, 0x20, 0x38,
    0xdc, 0xdf, 0xa0,

    /* U+00F6 "ö" */
    0x0, 0x1d, 0x81, 0xd0, 0x6, 0x38, 0x3, 0x80,
    0xe, 0x30, 0x1, 0x0, 0x64, 0xcd, 0xd4, 0x80,
    0x49, 0x3d, 0xba, 0xeb, 0x0, 0x47, 0x10, 0x1,
    0xdc, 0x60, 0x66, 0x0, 0xc8, 0x81, 0x10, 0x7,
    0x7f, 0x84, 0x40, 0x1d, 0xfc, 0x6, 0x80, 0x19,
    0x50, 0x3e, 0x4, 0x0, 0xee, 0x20, 0x38, 0xdc,
    0xdf, 0xa0,

    /* U+00F7 "÷" */
    0x0, 0xcc, 0x1, 0xfa, 0x4, 0x3, 0xee, 0x10,
    0xf, 0xfe, 0x0, 0xe6, 0x7c, 0x63, 0x99, 0xf1,
    0x80, 0x66, 0x0, 0xfd, 0x2, 0x1, 0x0,

    /* U+00F8 "ø" */
    0x0, 0xf8, 0x40, 0x24, 0xcd, 0xd4, 0x51, 0x2,
    0x4f, 0x6e, 0x90, 0x8, 0x23, 0x88, 0x11, 0x9c,
    0x80, 0xcc, 0x3, 0x14, 0x88, 0x11, 0x0, 0x2b,
    0xc3, 0xf8, 0x40, 0x11, 0xa6, 0x1f, 0xc0, 0xb0,
    0x4c, 0x0, 0x54, 0xf, 0x78, 0x0, 0x3b, 0x88,
    0x3e, 0x7b, 0x75, 0xf4, 0x0, 0xa6, 0xcd, 0xd4,
    0x0, 0x0,

    /* U+00F9 "ù" */
    0x0, 0x41, 0x80, 0x7a, 0xbc, 0x3, 0xc5, 0xf4,
    0x1, 0xe3, 0xa0, 0xa, 0xcc, 0x3, 0x60, 0x80,
    0x7f, 0xf6, 0x88, 0x9, 0xc0, 0x21, 0x10, 0x67,
    0x80, 0x56, 0x40, 0xb9, 0xba, 0xc9, 0x70,

    /* U+00FA "ú" */
    0x0, 0xd1, 0x0, 0xe, 0x7e, 0x80, 0xe, 0x76,
    0x0, 0xac, 0xc0, 0x36, 0x8, 0x7, 0xff, 0x68,
    0x80, 0x9c, 0x2, 0x11, 0x6, 0x78, 0x5, 0x64,
    0xb, 0x9b, 0xac, 0x97, 0x0,

    /* U+00FB "û" */
    0x0, 0x16, 0x50, 0x6, 0x28, 0xde, 0x80, 0x8,
    0xa8, 0x52, 0x0, 0x16, 0x60, 0x1b, 0x4, 0x3,
    0xff, 0xb4, 0x40, 0x4e, 0x1, 0x8, 0x83, 0x3c,
    0x2, 0xb2, 0x5, 0xcd, 0xd6, 0x4b, 0x80,

    /* U+00FC "ü" */
    0x2, 0xb0, 0x3b, 0x0, 0x8a, 0x0, 0xe0, 0x3,
    0x18, 0x0, 0xc0, 0x16, 0x60, 0x1b, 0x4, 0x3,
    0xff, 0xb4, 0x40, 0x4e, 0x1, 0x8, 0x83, 0x3c,
    0x2, 0xb2, 0x5, 0xcd, 0xd6, 0x4b, 0x80,

    /* U+00FD "ý" */
    0x0, 0xd3, 0x0, 0x1d, 0x1f, 0x0, 0x1d, 0xc,
    0x1, 0x61, 0x0, 0x6a, 0x5a, 0xa0, 0x6, 0x45,
    0x75, 0x0, 0x95, 0xc0, 0x5d, 0x0, 0x1d, 0x40,
    0xe, 0xe0, 0xb, 0x18, 0x1, 0x1c, 0x1d, 0x40,
    0x32, 0x2e, 0xd0, 0x6, 0xae, 0x72, 0x0, 0xc6,
    0xd4, 0x1, 0xf3, 0x80, 0x72, 0x30, 0x80, 0x74,
    0x40, 0x3, 0x66, 0xd1, 0x80, 0x60,

    /* U+00FE "þ" */
    0x95, 0x0, 0xff, 0xe6, 0x46, 0xeb, 0x8, 0x1,
    0x3b, 0xb4, 0x78, 0x83, 0x28, 0x1, 0x10, 0xe1,
    0x80, 0x1b, 0x3c, 0xc, 0x3, 0x9, 0x81, 0x0,
    0x61, 0x30, 0xd0, 0xd, 0xfe, 0x6, 0x50, 0x2,
    0xbb, 0x4, 0xe6, 0xeb, 0xbc, 0x0, 0x33, 0xba,
    0xb2, 0x0, 0x8, 0x7, 0xff, 0x28,

    /* U+00FF "ÿ" */
    0x3, 0xb0, 0x3b, 0x0, 0x8e, 0x0, 0xe0, 0x3,
    0x18, 0x0, 0xc0, 0x18, 0x40, 0x1a, 0x96, 0xa8,
    0x1, 0x91, 0x5d, 0x40, 0x25, 0x70, 0x17, 0x40,
    0x7, 0x50, 0x3, 0xb8, 0x2, 0xc6, 0x0, 0x47,
    0x7, 0x50, 0xc, 0x8b, 0xb4, 0x1, 0xab, 0x9c,
    0x80, 0x31, 0xb5, 0x0, 0x7c, 0xe0, 0x1c, 0x8c,
    0x20, 0x1d, 0x10, 0x0, 0xd9, 0xb4, 0x60, 0x18,

    /* U+0100 "Ā" */
    0x0, 0x26, 0x66, 0x0, 0xe4, 0xcc, 0xc0, 0x1f,
    0x5c, 0x0, 0x7c, 0x2e, 0xa0, 0x1f, 0x35, 0xba,
    0x0, 0x7a, 0xdb, 0xb4, 0x3, 0x8d, 0xc5, 0x1c,
    0x3, 0xab, 0x80, 0xe, 0xa0, 0x19, 0x14, 0x1,
    0xbc, 0x1, 0x29, 0x77, 0x54, 0x82, 0x0, 0xeb,
    0xee, 0xce, 0xc0, 0x2c, 0x80, 0x1a, 0xa8, 0xc,
    0xa0, 0x1c, 0x40, 0x57, 0x40, 0x1e, 0xaa, 0x0,

    /* U+0101 "ā" */
    0x0, 0x5e, 0x64, 0xc0, 0x15, 0xe6, 0x4c, 0x0,
    0x2a, 0xdc, 0xc2, 0x0, 0xf, 0xb7, 0x3e, 0x80,
    0x2, 0x80, 0x3, 0x53, 0x0, 0xf0, 0xb8, 0xb,
    0xdd, 0xc8, 0x0, 0xc1, 0xbb, 0x90, 0xc, 0x58,
    0x2, 0x70, 0x22, 0x8, 0x1, 0xc0, 0x3, 0x79,
    0x91, 0x50, 0x0,

    /* U+0102 "Ă" */
    0x0, 0x1c, 0x0, 0x2c, 0x3, 0x8c, 0x32, 0xfc,
    0x3, 0xd1, 0x96, 0x80, 0x1f, 0x5c, 0x0, 0x7c,
    0x2e, 0xa0, 0x1f, 0x35, 0xba, 0x0, 0x7a, 0xdb,
    0xb4, 0x3, 0x8d, 0xc5, 0x1c, 0x3, 0xab, 0x80,
    0xe, 0xa0, 0x19, 0x14, 0x1, 0xbc, 0x1, 0x29,
    0x77, 0x54, 0x82, 0x0, 0xeb, 0xee, 0xce, 0xc0,
    0x2c, 0x80, 0x1a, 0xa8, 0xc, 0xa0, 0x1c, 0x40,
    0x57, 0x40, 0x1e, 0xaa, 0x0,

    /* U+0103 "ă" */
    0x0, 0x50, 0x82, 0xb0, 0x5, 0x35, 0x98, 0x60,
    0x8, 0xef, 0x24, 0x2, 0x2a, 0xdc, 0xc2, 0x0,
    0xf, 0xb7, 0x3e, 0x80, 0x2, 0x80, 0x3, 0x53,
    0x0, 0xf0, 0xb8, 0xb, 0xdd, 0xc8, 0x0, 0xc1,
    0xbb, 0x90, 0xc, 0x58, 0x2, 0x70, 0x22, 0x8,
    0x1, 0xc0, 0x3, 0x79, 0x91, 0x50, 0x0,

    /* U+0104 "Ą" */
    0x0, 0xd7, 0x0, 0x1f, 0xb, 0xa8, 0x7, 0xcd,
    0x6e, 0x80, 0x1e, 0xb6, 0xed, 0x0, 0xe3, 0x71,
    0x47, 0x0, 0xea, 0xe0, 0x3, 0xa8, 0x6, 0x45,
    0x0, 0x6f, 0x0, 0x4a, 0x5d, 0xd5, 0x20, 0x80,
    0x3a, 0xfb, 0xb3, 0xb0, 0xb, 0x20, 0x6, 0xaa,
    0x3, 0x28, 0x7, 0x10, 0x15, 0xd0, 0x7, 0xaa,
    0xf0, 0x80, 0x3d, 0xb0, 0x1, 0xf3, 0xf8, 0x80,
    0x7d, 0xcc, 0x1, 0xfb, 0x7d, 0xc0,

    /* U+0105 "ą" */
    0x2, 0xad, 0xcc, 0x20, 0x0, 0xfb, 0x73, 0xe8,
    0x0, 0x28, 0x0, 0x35, 0x30, 0xf, 0xb, 0x80,
    0xbd, 0xdc, 0x80, 0xc, 0x1b, 0xb9, 0x0, 0xc5,
    0x80, 0x27, 0x2, 0x20, 0x80, 0x1c, 0x0, 0x37,
    0x99, 0x12, 0x80, 0x17, 0x73, 0xa, 0x4a, 0x1,
    0xd1, 0x22, 0x1, 0xc6, 0x40, 0x1e, 0xed, 0x60,

    /* U+0106 "Ć" */
    0x0, 0xf1, 0x68, 0x80, 0x7d, 0x3e, 0x20, 0x1e,
    0x49, 0x20, 0xf, 0x90, 0x80, 0x3c, 0x75, 0xbb,
    0x51, 0x0, 0x17, 0xb9, 0xbb, 0x71, 0x81, 0x5e,
    0x20, 0x4, 0x82, 0x17, 0x22, 0x1, 0xf2, 0x28,
    0x7, 0xe2, 0x20, 0x7, 0xff, 0x18, 0x88, 0x1,
    0xf9, 0xd0, 0x3, 0xf4, 0xd8, 0x7, 0xe3, 0x5d,
    0x30, 0x8, 0x80, 0x28, 0x98, 0xed, 0xd4, 0x88,

    /* U+0107 "ć" */
    0x0, 0xe9, 0x80, 0xe, 0x7e, 0x80, 0xe, 0x67,
    0x0, 0xc7, 0x79, 0xb8, 0x0, 0x3e, 0x8d, 0xd8,
    0x1, 0x10, 0x30, 0x0, 0x80, 0x11, 0x40, 0x38,
    0x44, 0x1, 0xe1, 0x10, 0x7, 0xc6, 0x80, 0x1e,
    0x89, 0x20, 0x1, 0x0, 0x12, 0x3b, 0x9b, 0x20,

    /* U+0108 "Ĉ" */
    0x0, 0xea, 0xd0, 0xf, 0x9f, 0x66, 0x80, 0x3c,
    0x4e, 0x92, 0x60, 0x1c, 0xa0, 0x3, 0x30, 0x6,
    0x3a, 0xdd, 0xa8, 0x80, 0xb, 0xdc, 0xdd, 0xb8,
    0xc0, 0xaf, 0x10, 0x2, 0x41, 0xb, 0x91, 0x0,
    0xf9, 0x14, 0x3, 0xf1, 0x10, 0x3, 0xff, 0x8c,
    0x44, 0x0, 0xfc, 0xe8, 0x1, 0xfa, 0x6c, 0x3,
    0xf1, 0xae, 0x98, 0x4, 0x40, 0x14, 0x4c, 0x76,
    0xea, 0x44,

    /* U+0109 "ĉ" */
    0x0, 0x8b, 0x64, 0x3, 0x14, 0x67, 0xb8, 0x4,
    0x74, 0x2c, 0xc0, 0x8, 0xaf, 0x76, 0x0, 0x1f,
    0x46, 0xec, 0x0, 0x88, 0x18, 0x0, 0x40, 0x8,
    0xa0, 0x1c, 0x22, 0x0, 0xf0, 0x88, 0x3, 0xe3,
    0x40, 0xf, 0x44, 0x90, 0x0, 0x80, 0x9, 0x1d,
    0xcd, 0x90,

    /* U+010A "Ċ" */
    0x0, 0xff, 0xe1, 0xb5, 0x0, 0x7e, 0x78, 0x0,
    0xfc, 0x24, 0x1, 0xe3, 0xad, 0xda, 0x88, 0x0,
    0xbd, 0xcd, 0xdb, 0x8c, 0xa, 0xf1, 0x0, 0x24,
    0x10, 0xb9, 0x10, 0xf, 0x91, 0x40, 0x3f, 0x11,
    0x0, 0x3f, 0xf8, 0xc4, 0x40, 0xf, 0xce, 0x80,
    0x1f, 0xa6, 0xc0, 0x3f, 0x1a, 0xe9, 0x80, 0x44,
    0x1, 0x44, 0xc7, 0x6e, 0xa4, 0x40,

    /* U+010B "ċ" */
    0x0, 0xd8, 0x60, 0x1e, 0x82, 0x0, 0xf2, 0x8,
    0x6, 0x3b, 0xdd, 0x60, 0x0, 0xfa, 0x37, 0x60,
    0x4, 0x40, 0xc0, 0x2, 0x0, 0x45, 0x0, 0xe1,
    0x10, 0x7, 0x84, 0x40, 0x1f, 0x1a, 0x0, 0x7a,
    0x24, 0x80, 0x4, 0x0, 0x48, 0xee, 0x6c, 0x80,

    /* U+010C "Č" */
    0x0, 0xd6, 0x21, 0x46, 0x1, 0xd3, 0xb5, 0xc6,
    0x1, 0xc5, 0xfe, 0x40, 0xf, 0x8d, 0x40, 0x3c,
    0x75, 0xbb, 0x51, 0x0, 0x17, 0xb9, 0xbb, 0x71,
    0x81, 0x5e, 0x20, 0x4, 0x82, 0x17, 0x22, 0x1,
    0xf2, 0x28, 0x7, 0xe2, 0x20, 0x7, 0xff, 0x18,
    0x88, 0x1, 0xf9, 0xd0, 0x3, 0xf4, 0xd8, 0x7,
    0xe3, 0x5d, 0x30, 0x8, 0x80, 0x28, 0x98, 0xed,
    0xd4, 0x88,

    /* U+010D "č" */
    0x0, 0x24, 0x82, 0x48, 0x4, 0x9b, 0x9d, 0x20,
    0x19, 0x36, 0x80, 0x31, 0xde, 0x6e, 0x0, 0xf,
    0xa3, 0x76, 0x0, 0x44, 0xc, 0x0, 0x20, 0x4,
    0x50, 0xe, 0x11, 0x0, 0x78, 0x44, 0x1, 0xf1,
    0xa0, 0x7, 0xa2, 0x48, 0x0, 0x40, 0x4, 0x8e,
    0xe6, 0xc8, 0x0,

    /* U+010E "Ď" */
    0x0, 0x20, 0x80, 0x18, 0x3, 0x97, 0x46, 0x88,
    0x3, 0x87, 0xfd, 0x88, 0x1, 0xe3, 0xe6, 0x0,
    0xcd, 0xdb, 0xb6, 0x38, 0x6, 0x6d, 0xdd, 0xd8,
    0x20, 0x1e, 0x19, 0x4b, 0x0, 0xfd, 0x8, 0x20,
    0x1f, 0x95, 0x40, 0x1f, 0x88, 0x40, 0x3f, 0x18,
    0x7, 0xf3, 0x30, 0x3, 0xe1, 0x23, 0x0, 0xfa,
    0x18, 0x3, 0xc5, 0x45, 0x0, 0x6, 0xdd, 0xa7,
    0xec, 0x0,

    /* U+010F "ď" */
    0x0, 0xfa, 0xce, 0x8c, 0x3, 0xf8, 0x4c, 0x3,
    0xfa, 0x80, 0x26, 0xdd, 0x62, 0x0, 0x4, 0x0,
    0xb7, 0x9b, 0x9a, 0xc0, 0x1a, 0x78, 0x40, 0x10,
    0x40, 0x18, 0xcc, 0x1, 0x9, 0x80, 0x42, 0x20,
    0xe, 0x70, 0x8, 0x44, 0x1, 0xce, 0x1, 0x88,
    0xc0, 0x31, 0x80, 0x6b, 0xf1, 0x0, 0x49, 0x0,
    0x66, 0xbc, 0xdc, 0xd4, 0x0, 0x80,

    /* U+0110 "Đ" */
    0x5, 0xed, 0xdb, 0x1c, 0x3, 0x9f, 0x77, 0x76,
    0x0, 0x7e, 0x19, 0x49, 0x0, 0xfe, 0x87, 0x10,
    0xf, 0xe5, 0x50, 0x7, 0xf1, 0xc, 0x5b, 0xee,
    0xa0, 0x2, 0x30, 0x8b, 0x7d, 0xd4, 0x0, 0x4c,
    0xc0, 0xf, 0xc2, 0x46, 0x1, 0xfa, 0x18, 0x3,
    0xe2, 0xa2, 0x80, 0x9, 0xf7, 0x69, 0xfb, 0x0,
    0x0,

    /* U+0111 "đ" */
    0x0, 0xfa, 0xcc, 0x3, 0x26, 0x64, 0xbe, 0x80,
    0x12, 0x66, 0x4b, 0xe8, 0x0, 0x6d, 0xd6, 0x20,
    0x6, 0x5b, 0xcd, 0xcd, 0x60, 0xa, 0x64, 0x20,
    0x8, 0x20, 0x8, 0xd0, 0x2, 0x12, 0x0, 0x8,
    0x80, 0x39, 0x80, 0x2, 0x20, 0xe, 0x70, 0x8,
    0x8c, 0x3, 0x18, 0x5, 0x7e, 0x20, 0x9, 0x20,
    0x9, 0xaf, 0x37, 0x35, 0x0, 0x0,

    /* U+0112 "Ē" */
    0x4, 0xcc, 0xc2, 0x9, 0x99, 0x85, 0xbb, 0x77,
    0x60, 0x36, 0xee, 0xc0, 0xf, 0xfe, 0x53, 0x6e,
    0xe7, 0x6, 0xdd, 0xce, 0x1, 0xff, 0xd1, 0x6d,
    0xdd, 0x80,

    /* U+0113 "ē" */
    0x0, 0x4e, 0x65, 0x0, 0x14, 0xe6, 0x50, 0x1,
    0x26, 0x6e, 0x94, 0x0, 0x73, 0xdb, 0xa9, 0x40,
    0x89, 0x20, 0x4, 0x78, 0x22, 0x0, 0x25, 0x50,
    0x86, 0x66, 0xd3, 0x11, 0x66, 0x76, 0x81, 0x18,
    0x7, 0xa3, 0xc8, 0x2, 0x20, 0x48, 0xee, 0x6e,
    0x30,

    /* U+0114 "Ĕ" */
    0x3, 0x80, 0x5, 0x80, 0xf, 0xf3, 0x1e, 0x1,
    0x3e, 0x61, 0x1, 0xbb, 0x77, 0x60, 0x36, 0xee,
    0xc0, 0xf, 0xfe, 0x53, 0x6e, 0xe7, 0x6, 0xdd,
    0xce, 0x1, 0xff, 0xd1, 0x6d, 0xdd, 0x80,

    /* U+0115 "ĕ" */
    0x0, 0x48, 0x81, 0xc0, 0x5, 0x75, 0x93, 0x0,
    0x11, 0x5e, 0x50, 0x6, 0x4c, 0xdd, 0x28, 0x0,
    0xe7, 0xb7, 0x52, 0x81, 0x12, 0x40, 0x8, 0xf0,
    0x44, 0x0, 0x4a, 0xa1, 0xc, 0xcd, 0xa6, 0x22,
    0xcc, 0xed, 0x2, 0x30, 0xf, 0x47, 0x90, 0x4,
    0x40, 0x91, 0xdc, 0xdc, 0x60,

    /* U+0116 "Ė" */
    0x0, 0xff, 0x53, 0x0, 0x74, 0x38, 0x7, 0x10,
    0x80, 0x1b, 0xb7, 0x76, 0x3, 0x6e, 0xec, 0x0,
    0xff, 0xe5, 0x36, 0xee, 0x70, 0x6d, 0xdc, 0xe0,
    0x1f, 0xfd, 0x16, 0xdd, 0xd8,

    /* U+0117 "ė" */
    0x0, 0x87, 0x80, 0x3c, 0x36, 0x1, 0xf2, 0x80,
    0x72, 0x66, 0xe9, 0x40, 0x7, 0x3d, 0xba, 0x94,
    0x8, 0x92, 0x0, 0x47, 0x82, 0x20, 0x2, 0x55,
    0x8, 0x66, 0x6d, 0x31, 0x16, 0x67, 0x68, 0x11,
    0x80, 0x7a, 0x3c, 0x80, 0x22, 0x4, 0x8e, 0xe6,
    0xe3, 0x0,

    /* U+0118 "Ę" */
    0x6e, 0xdd, 0xd8, 0xd, 0xbb, 0xb0, 0x3, 0xff,
    0xa2, 0xdb, 0xb9, 0xc1, 0xb7, 0x73, 0x80, 0x7f,
    0xf2, 0x9b, 0x76, 0xec, 0x6e, 0xdd, 0x9f, 0x80,
    0x33, 0x79, 0x0, 0x6e, 0x20, 0xe, 0xb9, 0x80,

    /* U+0119 "ę" */
    0x0, 0x26, 0x6e, 0x94, 0x0, 0x73, 0xdb, 0xa9,
    0x40, 0x89, 0x20, 0x4, 0x78, 0x22, 0x0, 0x25,
    0x50, 0x86, 0x66, 0xd3, 0x11, 0x66, 0x76, 0x81,
    0x18, 0x7, 0xa3, 0xc8, 0x2, 0x20, 0x48, 0xee,
    0x6f, 0xa0, 0x1, 0x33, 0xb8, 0xcc, 0x0, 0xe8,
    0x80, 0x7, 0x9c, 0x40, 0x3d, 0x78, 0xa0,

    /* U+011A "Ě" */
    0x2, 0x30, 0x2, 0x88, 0x14, 0x9b, 0x90, 0x80,
    0x2f, 0xb5, 0xc0, 0x21, 0xda, 0x0, 0x37, 0x6e,
    0xec, 0x6, 0xdd, 0xd8, 0x1, 0xff, 0xca, 0x6d,
    0xdc, 0xe0, 0xdb, 0xb9, 0xc0, 0x3f, 0xfa, 0x2d,
    0xbb, 0xb0,

    /* U+011B "ě" */
    0x0, 0x43, 0x3, 0xb0, 0x5, 0x1f, 0x82, 0xc0,
    0x1a, 0x79, 0x80, 0x32, 0x67, 0xea, 0x80, 0xe,
    0x7b, 0x75, 0x28, 0x11, 0x24, 0x0, 0x8f, 0x4,
    0x40, 0x4, 0xaa, 0x10, 0xcc, 0xda, 0x62, 0x2c,
    0xce, 0xd0, 0x23, 0x0, 0xf4, 0x79, 0x0, 0x44,
    0x9, 0x1d, 0xcd, 0xc6,

    /* U+011C "Ĝ" */
    0x0, 0xe4, 0xf4, 0x0, 0xf8, 0xbf, 0xbc, 0x80,
    0x3c, 0xf6, 0x36, 0xe0, 0x1e, 0x50, 0x9, 0x40,
    0x38, 0x63, 0x75, 0xdb, 0x0, 0x12, 0x67, 0x6e,
    0xbb, 0x38, 0x0, 0x35, 0xec, 0x1, 0xb, 0x0,
    0x26, 0x44, 0x1, 0xf9, 0x54, 0x1, 0xfc, 0x44,
    0x0, 0xff, 0xe1, 0x5f, 0x74, 0xa0, 0x22, 0x0,
    0xaf, 0xb8, 0xe0, 0x4, 0x70, 0xf, 0xe9, 0xb1,
    0x0, 0xfc, 0x75, 0x88, 0x1, 0x8c, 0x2, 0x79,
    0xfe, 0xe6, 0xe1, 0x38,

    /* U+011D "ĝ" */
    0x0, 0x8f, 0x64, 0x3, 0x8a, 0x77, 0xdc, 0x3,
    0x1d, 0x3, 0x30, 0x3, 0x3e, 0xeb, 0x12, 0x48,
    0x12, 0xf3, 0x73, 0xe, 0x0, 0x8e, 0x10, 0x4,
    0x88, 0x0, 0x8c, 0x3, 0x18, 0x8, 0x7, 0x9c,
    0x4, 0x40, 0x1c, 0xc0, 0x2, 0x30, 0xc, 0x40,
    0xb, 0xf1, 0x0, 0x49, 0x0, 0x1a, 0xb3, 0x73,
    0x58, 0x2, 0x6d, 0xd6, 0x23, 0x80, 0x7e, 0x22,
    0x1, 0x90, 0x5, 0x2e, 0x0, 0x79, 0xdd, 0x82,
    0x40,

    /* U+011E "Ğ" */
    0x0, 0xca, 0x1, 0x28, 0x7, 0x89, 0x1, 0x8,
    0x3, 0xcf, 0xb9, 0xae, 0x1, 0xf4, 0xe4, 0x80,
    0x78, 0x63, 0x75, 0xdb, 0x0, 0x12, 0x67, 0x6e,
    0xbb, 0x38, 0x0, 0x35, 0xec, 0x1, 0xb, 0x0,
    0x26, 0x44, 0x1, 0xf9, 0x54, 0x1, 0xfc, 0x44,
    0x0, 0xff, 0xe1, 0x5f, 0x74, 0xa0, 0x22, 0x0,
    0xaf, 0xb8, 0xe0, 0x4, 0x70, 0xf, 0xe9, 0xb1,
    0x0, 0xfc, 0x75, 0x88, 0x1, 0x8c, 0x2, 0x79,
    0xfe, 0xe6, 0xe1, 0x38,

    /* U+011F "ğ" */
    0x0, 0x32, 0x80, 0xd0, 0x6, 0x6c, 0xc5, 0x48,
    0x7, 0x4e, 0x59, 0x80, 0x66, 0xdd, 0x62, 0xc9,
    0x2, 0x5e, 0x6e, 0x61, 0xc0, 0x11, 0xc2, 0x0,
    0x91, 0x0, 0x11, 0x80, 0x63, 0x1, 0x0, 0xf3,
    0x80, 0x88, 0x3, 0x98, 0x0, 0x46, 0x1, 0x88,
    0x1, 0x7e, 0x20, 0x9, 0x20, 0x3, 0x56, 0x6e,
    0x6b, 0x0, 0x4d, 0xba, 0xc4, 0x70, 0xf, 0xc4,
    0x40, 0x32, 0x0, 0xa5, 0xc0, 0xf, 0x3b, 0xb0,
    0x48, 0x0,

    /* U+0120 "Ġ" */
    0x0, 0xff, 0xe2, 0xf8, 0x80, 0x7f, 0x60, 0x80,
    0x7f, 0x18, 0x7, 0xc3, 0x1b, 0xae, 0xd8, 0x0,
    0x93, 0x3b, 0x75, 0xd9, 0xc0, 0x1, 0xaf, 0x60,
    0x8, 0x58, 0x1, 0x32, 0x20, 0xf, 0xca, 0xa0,
    0xf, 0xe2, 0x20, 0x7, 0xff, 0xa, 0xfb, 0xa5,
    0x1, 0x10, 0x5, 0x7d, 0xc7, 0x0, 0x23, 0x80,
    0x7f, 0x4d, 0x88, 0x7, 0xe3, 0xac, 0x40, 0xc,
    0x60, 0x13, 0xcf, 0xf7, 0x37, 0x9, 0xc0,

    /* U+0121 "ġ" */
    0x0, 0xd8, 0x60, 0x1f, 0x41, 0x0, 0x7c, 0x82,
    0x1, 0xcd, 0xba, 0xc5, 0x92, 0x4, 0xbc, 0xdc,
    0xc3, 0x80, 0x23, 0x84, 0x1, 0x22, 0x0, 0x23,
    0x0, 0xc6, 0x2, 0x1, 0xe7, 0x1, 0x10, 0x7,
    0x30, 0x0, 0x8c, 0x3, 0x10, 0x2, 0xfc, 0x40,
    0x12, 0x40, 0x6, 0xac, 0xdc, 0xd6, 0x0, 0x9b,
    0x75, 0x88, 0xe0, 0x1f, 0x88, 0x80, 0x64, 0x1,
    0x4b, 0x80, 0x1e, 0x77, 0x60, 0x90,

    /* U+0122 "Ģ" */
    0x0, 0x86, 0x37, 0x5d, 0xb0, 0x1, 0x26, 0x76,
    0xeb, 0xb3, 0x80, 0x3, 0x5e, 0xc0, 0x10, 0xb0,
    0x2, 0x64, 0x40, 0x1f, 0x95, 0x40, 0x1f, 0xc4,
    0x40, 0xf, 0xfe, 0x15, 0xf7, 0x4a, 0x2, 0x20,
    0xa, 0xfb, 0x8e, 0x0, 0x47, 0x0, 0xfe, 0x9b,
    0x10, 0xf, 0xc7, 0x58, 0x80, 0x18, 0xc0, 0x27,
    0x9f, 0xee, 0x6e, 0x13, 0x80, 0x49, 0x7d, 0xcd,
    0xc8, 0x20, 0xf, 0x60, 0x80, 0x7f, 0x84, 0x3,
    0xf2, 0x48, 0x6,

    /* U+0123 "ģ" */
    0x0, 0xc6, 0xe0, 0x1f, 0x7b, 0x0, 0x7d, 0xc2,
    0x1, 0xcd, 0xbf, 0x8b, 0x24, 0x9, 0x79, 0xb9,
    0x87, 0x0, 0x47, 0x8, 0x2, 0x44, 0x0, 0x46,
    0x1, 0x8c, 0x4, 0x3, 0xce, 0x2, 0x20, 0xe,
    0x60, 0x1, 0x18, 0x6, 0x20, 0x5, 0xf8, 0x80,
    0x24, 0x80, 0xd, 0x59, 0xb9, 0xac, 0x1, 0x36,
    0xeb, 0x11, 0xc0, 0x3f, 0x11, 0x0, 0xc8, 0x2,
    0x97, 0x0, 0x3c, 0xee, 0xc1, 0x20,

    /* U+0124 "Ĥ" */
    0x0, 0xcc, 0x60, 0x1e, 0x6c, 0xf1, 0x0, 0xc9,
    0xf5, 0xd6, 0x1, 0x92, 0x40, 0xa8, 0x0, 0xd0,
    0x1, 0xee, 0x0, 0xff, 0xec, 0xb6, 0xef, 0x84,
    0x1b, 0x77, 0xc2, 0x1, 0xff, 0xe1,

    /* U+0125 "ĥ" */
    0x0, 0x31, 0x80, 0x7c, 0xb9, 0xe2, 0x1, 0xc7,
    0x95, 0xb6, 0x1, 0xc7, 0x20, 0x34, 0x1, 0xff,
    0xc5, 0x95, 0x0, 0xff, 0xe9, 0x46, 0xea, 0xc8,
    0x3, 0x4e, 0x6e, 0xbf, 0xc0, 0x19, 0x50, 0x0,
    0x82, 0x20, 0xb, 0xc0, 0x33, 0x90, 0x4, 0x60,
    0x1f, 0xfe, 0x20,

    /* U+0126 "Ħ" */
    0x6, 0x80, 0xf, 0x70, 0x7, 0xff, 0xb, 0x61,
    0xb7, 0x7c, 0x3a, 0xfb, 0xd, 0xbb, 0xe1, 0xd7,
    0x0, 0xff, 0xe1, 0x36, 0xef, 0x84, 0x3, 0x36,
    0xef, 0x84, 0x3, 0xff, 0xe4,

    /* U+0127 "ħ" */
    0x9, 0x50, 0xf, 0x4b, 0xc6, 0x62, 0xc0, 0x29,
    0x78, 0xcc, 0x58, 0x7, 0xa3, 0x75, 0x64, 0x1,
    0x4e, 0xed, 0xfe, 0x0, 0x95, 0x40, 0x4, 0x11,
    0x0, 0x3c, 0x3, 0x39, 0x0, 0xc, 0x3, 0xff,
    0xbc,

    /* U+0128 "Ĩ" */
    0x9, 0xc7, 0x7, 0x22, 0x76, 0x6, 0x71, 0x11,
    0xc1, 0xf2, 0x40, 0x3, 0x7f, 0x62, 0x0, 0x1b,
    0x1b, 0x10, 0xf, 0xff, 0xa8, 0xd8, 0xd8, 0x80,

    /* U+0129 "ĩ" */
    0x5c, 0xb2, 0x24, 0x66, 0x26, 0x78, 0xa, 0xec,
    0x20, 0x9, 0x50, 0xf, 0xff, 0x30,

    /* U+012A "Ī" */
    0x8c, 0xca, 0x21, 0x99, 0x40, 0xdf, 0xd8, 0x8a,
    0xc6, 0xc4, 0x3, 0xff, 0xc2, 0x36, 0x36, 0x20,

    /* U+012B "ī" */
    0x4c, 0xcc, 0x9, 0x99, 0x80, 0x29, 0x50, 0xf,
    0xff, 0x30,

    /* U+012C "Ĭ" */
    0x92, 0x3, 0x88, 0xb2, 0x64, 0x35, 0x94, 0x22,
    0xbf, 0xb1, 0x15, 0x8d, 0x88, 0x7, 0xff, 0x84,
    0x6c, 0x6c, 0x40,

    /* U+012D "ĭ" */
    0x38, 0x0, 0x58, 0x1f, 0xe6, 0x3c, 0x0, 0xf9,
    0x84, 0x0, 0xa5, 0x40, 0x3f, 0xfc, 0xc0,

    /* U+012E "Į" */
    0x1b, 0xfb, 0x11, 0x58, 0xd8, 0x80, 0x7f, 0xf8,
    0x46, 0xc7, 0x4, 0x57, 0x32, 0x10, 0x1c, 0x50,
    0x2, 0x90, 0x4, 0x88, 0xb0,

    /* U+012F "į" */
    0x9, 0x60, 0xa4, 0x3, 0x20, 0x95, 0x0, 0xff,
    0xe5, 0x18, 0x8, 0x2c, 0x48, 0x29, 0x85, 0x63,
    0x0,

    /* U+0130 "İ" */
    0x0, 0xfb, 0xc4, 0x2, 0xc1, 0x0, 0x8c, 0x0,
    0x37, 0xf6, 0x22, 0xb1, 0xb1, 0x0, 0xff, 0xf0,
    0x8d, 0x8d, 0x88,

    /* U+0131 "ı" */
    0x95, 0x0, 0xff, 0xe2, 0x0,

    /* U+0132 "Ĳ" */
    0x1b, 0xfb, 0x10, 0x77, 0xd, 0x8d, 0x88, 0x7,
    0xff, 0xfc, 0x6c, 0x6c, 0x40, 0x21, 0xbf, 0xb1,
    0xf, 0x10, 0xe, 0x15, 0x40, 0x9, 0x77, 0x50,
    0x40,

    /* U+0133 "ĳ" */
    0x96, 0x0, 0x69, 0x52, 0x0, 0x20, 0x8c, 0x80,
    0xa, 0x12, 0xa0, 0xd, 0x0, 0xff, 0xf2, 0xca,
    0x80, 0x7f, 0xf0, 0x44, 0xc0, 0x3, 0xb9, 0x60,

    /* U+0134 "Ĵ" */
    0x0, 0xaf, 0x0, 0x32, 0x8a, 0x30, 0x0, 0x7a,
    0xa3, 0x8, 0x6, 0xc0, 0x14, 0x40, 0x13, 0x40,
    0x7, 0xff, 0xfc, 0x3, 0xee, 0xe0, 0x6, 0x15,
    0x40, 0x2, 0xee, 0x41, 0x0, 0x0,

    /* U+0135 "ĵ" */
    0x1, 0xcb, 0x0, 0x15, 0xec, 0x48, 0x15, 0x9,
    0xc8, 0x5, 0x2a, 0x1, 0xff, 0xef, 0x10, 0xc,
    0xac, 0x0, 0xbd, 0x42, 0x0, 0x0,

    /* U+0136 "Ķ" */
    0x68, 0x0, 0xcb, 0x80, 0x1e, 0x39, 0xd0, 0xe,
    0x2e, 0xd1, 0x0, 0xc3, 0xfe, 0x10, 0xc, 0x3b,
    0xc4, 0x1, 0x86, 0x84, 0xc0, 0x39, 0xbd, 0x64,
    0x3, 0x9d, 0x21, 0x10, 0x1, 0xf7, 0xd0, 0x80,
    0x78, 0xa6, 0xc0, 0x3e, 0x71, 0x60, 0xf, 0xaa,
    0x9, 0xa0, 0x3, 0xf, 0x10, 0x4, 0x90, 0x1,
    0xf6, 0x60, 0x3, 0xe2, 0x40, 0xc,

    /* U+0137 "ķ" */
    0x94, 0x0, 0xff, 0xe5, 0x8e, 0x18, 0x6, 0xd8,
    0x30, 0xa, 0xa8, 0x80, 0x14, 0x13, 0x0, 0x5c,
    0x84, 0x1, 0xd8, 0x2c, 0x1, 0x70, 0x55, 0x90,
    0x6, 0x19, 0xe0, 0xe, 0x45, 0x89, 0x40, 0xa,
    0x60, 0x0, 0x72, 0x1, 0xc9, 0x80, 0x1d, 0xca,
    0x1, 0x0,

    /* U+0138 "ĸ" */
    0x95, 0x0, 0xe, 0x98, 0x6, 0xa8, 0x30, 0xa,
    0x71, 0x40, 0x26, 0x37, 0x0, 0xb6, 0x84, 0x3,
    0x26, 0xb, 0x0, 0x52, 0x17, 0x62, 0x0, 0xc3,
    0x3c, 0x1, 0xc8, 0xb0,

    /* U+0139 "Ĺ" */
    0x0, 0x38, 0x80, 0x69, 0x1, 0x0, 0x9b, 0x9c,
    0x3, 0x33, 0x80, 0x73, 0x40, 0x7, 0xff, 0xfc,
    0x1f, 0xbb, 0x60,

    /* U+013A "ĺ" */
    0x1, 0x70, 0x5, 0x10, 0x47, 0x28, 0x42, 0x80,
    0x7a, 0x54, 0x3, 0xff, 0xc4,

    /* U+013B "Ļ" */
    0x68, 0x0, 0xff, 0xff, 0x83, 0xf7, 0x6c, 0x6f,
    0xee, 0xd8, 0x1, 0x3a, 0x80, 0x76, 0x20, 0x7,
    0x10, 0x80, 0x0,

    /* U+013C "ļ" */
    0x95, 0x0, 0xff, 0xe5, 0x4a, 0xa4, 0x66, 0x9,
    0x0,

    /* U+013D "Ľ" */
    0x68, 0x0, 0x92, 0x80, 0x38, 0xf8, 0x3, 0x85,
    0x0, 0x39, 0x80, 0x3f, 0xfc, 0xef, 0xdd, 0xb0,

    /* U+013E "ľ" */
    0x95, 0x86, 0x0, 0x1b, 0x80, 0x3c, 0x40, 0x8,
    0x1, 0xff, 0xd5,

    /* U+013F "Ŀ" */
    0x68, 0x0, 0xff, 0xec, 0xcb, 0x80, 0x74, 0x30,
    0x7, 0x8, 0x80, 0x3f, 0xf9, 0x6f, 0xdd, 0xb0,

    /* U+0140 "ŀ" */
    0x95, 0x0, 0xff, 0xe4, 0x62, 0x80, 0x39, 0x40,
    0x4, 0x1, 0xff, 0xc5,

    /* U+0141 "Ł" */
    0x6, 0x80, 0xf, 0xfe, 0xaa, 0x8, 0x6, 0x19,
    0xf0, 0xd, 0xcf, 0x96, 0x20, 0x8, 0x56, 0x50,
    0xd, 0x16, 0x1, 0xff, 0xcc, 0x7e, 0xed, 0x80,

    /* U+0142 "ł" */
    0xa, 0x40, 0xf, 0xfe, 0x3f, 0xc1, 0xa6, 0x42,
    0x29, 0x83, 0x88, 0x7, 0xff, 0x8,

    /* U+0143 "Ń" */
    0x0, 0xe2, 0x70, 0xf, 0xd2, 0x60, 0x1f, 0x4f,
    0xa0, 0x7, 0xd2, 0x80, 0x19, 0xb4, 0x3, 0xda,
    0x20, 0x70, 0x1, 0xfa, 0x54, 0xc0, 0x3f, 0x4f,
    0x80, 0x7e, 0x46, 0x70, 0xf, 0xd7, 0x22, 0x1,
    0xf0, 0xc5, 0x0, 0x7e, 0x67, 0x50, 0xf, 0xdd,
    0x62, 0x20, 0xf, 0x13, 0x40, 0x7, 0xe8, 0x42,
    0x0, 0xfd, 0xc2, 0x0,

    /* U+0144 "ń" */
    0x0, 0xd1, 0x20, 0x1c, 0xff, 0x20, 0x1c, 0xce,
    0x1, 0x49, 0xc6, 0x6d, 0x90, 0x2, 0x33, 0x75,
    0xfe, 0x0, 0x12, 0x0, 0x10, 0x44, 0x1e, 0x1,
    0x9c, 0x80, 0xc0, 0x3f, 0xfb, 0x40,

    /* U+0145 "Ņ" */
    0x6d, 0x0, 0xf6, 0x88, 0x1c, 0x0, 0x7e, 0x95,
    0x30, 0xf, 0xd3, 0xe0, 0x1f, 0x91, 0x9c, 0x3,
    0xf5, 0xc8, 0x80, 0x7c, 0x31, 0x40, 0x1f, 0x99,
    0xd4, 0x3, 0xf7, 0x58, 0x88, 0x3, 0xc4, 0xd0,
    0x1, 0xfa, 0x10, 0x80, 0x3f, 0x70, 0x83, 0x38,
    0x7, 0x1f, 0x88, 0x6, 0x47, 0x0, 0xfd, 0x86,
    0x1, 0xf8, 0x90, 0x3, 0x0,

    /* U+0146 "ņ" */
    0x93, 0x8d, 0xd5, 0x90, 0x2, 0x33, 0x75, 0xfe,
    0x0, 0x12, 0x0, 0x10, 0x44, 0x1e, 0x1, 0x9c,
    0x80, 0xc0, 0x3f, 0xfb, 0x52, 0xa0, 0x1a, 0xcc,
    0x2, 0x66, 0x0, 0x7b, 0x10, 0x3, 0xe2, 0x0,
    0x80,

    /* U+0147 "Ň" */
    0x0, 0x19, 0x80, 0xa, 0x1, 0xc7, 0x7, 0x6,
    0x1, 0xea, 0xe1, 0x60, 0xf, 0xe, 0xc8, 0x6,
    0x6d, 0x0, 0xf6, 0x88, 0x1c, 0x0, 0x7e, 0x95,
    0x30, 0xf, 0xd3, 0xe0, 0x1f, 0x91, 0x9c, 0x3,
    0xf5, 0xc8, 0x80, 0x7c, 0x31, 0x40, 0x1f, 0x99,
    0xd4, 0x3, 0xf7, 0x58, 0x88, 0x3, 0xc4, 0xd0,
    0x1, 0xfa, 0x10, 0x80, 0x3f, 0x70, 0x80,

    /* U+0148 "ň" */
    0x3, 0x90, 0x39, 0x0, 0x8f, 0x72, 0x24, 0x3,
    0x26, 0xd8, 0x5, 0x27, 0x19, 0xb6, 0x40, 0x8,
    0xcd, 0xd7, 0xf8, 0x0, 0x48, 0x0, 0x41, 0x10,
    0x78, 0x6, 0x72, 0x3, 0x0, 0xff, 0xed, 0x0,

    /* U+0149 "ŉ" */
    0x2d, 0x0, 0xf9, 0xd0, 0x3, 0xed, 0xd0, 0x7,
    0xc6, 0x98, 0x57, 0xba, 0x80, 0x90, 0x28, 0xad,
    0xd1, 0x39, 0x0, 0xc8, 0x80, 0x27, 0x0, 0x23,
    0x0, 0x89, 0xc0, 0x2, 0x1, 0xc2, 0x1, 0xff,
    0xd8,

    /* U+014A "Ŋ" */
    0x6d, 0x0, 0xf6, 0x88, 0x1c, 0x0, 0x7e, 0x95,
    0x30, 0xf, 0xd3, 0xc0, 0x1f, 0x91, 0xe, 0x1,
    0xfa, 0x28, 0x80, 0x3e, 0x18, 0xe0, 0xf, 0xca,
    0xcc, 0x1, 0x0, 0xf5, 0xc0, 0x80, 0x7c, 0x31,
    0x40, 0x1f, 0x98, 0xc, 0x3, 0xf4, 0x80, 0xb3,
    0x80, 0x71, 0x10, 0x3, 0xf3, 0x30, 0x3, 0xd7,
    0xb9, 0x40,

    /* U+014B "ŋ" */
    0x93, 0x8d, 0xd5, 0x90, 0x3, 0xf3, 0x75, 0xfe,
    0x0, 0x2a, 0x0, 0x10, 0x44, 0x1e, 0x1, 0x9c,
    0x80, 0xc0, 0x3f, 0xfb, 0x52, 0xa0, 0x1f, 0xfc,
    0x86, 0x20, 0xd, 0x7b, 0x42,

    /* U+014C "Ō" */
    0x0, 0xd9, 0x99, 0x0, 0x3e, 0xcc, 0xc8, 0x1,
    0xe4, 0xbd, 0xd9, 0xc0, 0x3a, 0x22, 0xdd, 0x67,
    0xe0, 0x4, 0x6b, 0x86, 0x0, 0x18, 0x58, 0x0,
    0x4d, 0x80, 0x7a, 0x18, 0x0, 0x8e, 0x1, 0xe1,
    0x32, 0x1, 0x10, 0x7, 0xcc, 0x20, 0x1f, 0xfc,
    0x11, 0x10, 0x7, 0xcc, 0x20, 0x88, 0x0, 0xf0,
    0x99, 0x4, 0xc0, 0x7, 0xa2, 0x40, 0x6, 0xb8,
    0x60, 0x1, 0x92, 0x70, 0xa, 0x27, 0xfb, 0x99,
    0xd6, 0x0,

    /* U+014D "ō" */
    0x0, 0x2e, 0x65, 0x60, 0x19, 0x73, 0x2b, 0x0,
    0xc9, 0x9b, 0xa9, 0x0, 0x92, 0x7b, 0x75, 0xd6,
    0x0, 0x8e, 0x20, 0x3, 0xb8, 0xc0, 0xcc, 0x1,
    0x91, 0x2, 0x20, 0xe, 0xff, 0x8, 0x80, 0x3b,
    0xf8, 0xd, 0x0, 0x32, 0xa0, 0x7c, 0x8, 0x1,
    0xdc, 0x40, 0x71, 0xb9, 0xbf, 0x40,

    /* U+014E "Ŏ" */
    0x0, 0xc8, 0x0, 0x22, 0x0, 0x7d, 0xe2, 0x10,
    0x60, 0x1f, 0x45, 0x67, 0x88, 0x7, 0xc7, 0x78,
    0xa0, 0x1f, 0x25, 0xee, 0xce, 0x1, 0xd1, 0x16,
    0xeb, 0x3f, 0x0, 0x23, 0x5c, 0x30, 0x0, 0xc2,
    0xc0, 0x2, 0x6c, 0x3, 0xd0, 0xc0, 0x4, 0x70,
    0xf, 0x9, 0x90, 0x8, 0x80, 0x3e, 0x61, 0x0,
    0xff, 0xe0, 0x88, 0x80, 0x3e, 0x61, 0x4, 0x40,
    0x7, 0x84, 0xc8, 0x26, 0x0, 0x3d, 0x12, 0x0,
    0x35, 0xc3, 0x0, 0xc, 0x93, 0x80, 0x51, 0x3f,
    0xdc, 0xce, 0xb0, 0x0,

    /* U+014F "ŏ" */
    0x0, 0x2b, 0x0, 0xd0, 0x6, 0x5f, 0xca, 0x90,
    0xe, 0x9c, 0xb3, 0x0, 0xc9, 0x9b, 0xa9, 0x0,
    0x92, 0x7b, 0x75, 0xd6, 0x0, 0x8e, 0x20, 0x3,
    0xb8, 0xc0, 0xcc, 0x1, 0x91, 0x2, 0x20, 0xe,
    0xff, 0x8, 0x80, 0x3b, 0xf8, 0xd, 0x0, 0x32,
    0xa0, 0x7c, 0x8, 0x1, 0xdc, 0x40, 0x71, 0xb9,
    0xbf, 0x40,

    /* U+0150 "Ő" */
    0x0, 0xc7, 0x81, 0xe, 0x1, 0xf4, 0x69, 0x93,
    0x80, 0x78, 0xe4, 0x5a, 0x80, 0x3e, 0x32, 0x5,
    0x0, 0xfc, 0x97, 0xbb, 0x38, 0x7, 0x44, 0x5b,
    0xac, 0xfc, 0x0, 0x8d, 0x70, 0xc0, 0x3, 0xb,
    0x0, 0x9, 0xb0, 0xf, 0x43, 0x0, 0x11, 0xc0,
    0x3c, 0x26, 0x40, 0x22, 0x0, 0xf9, 0x84, 0x3,
    0xff, 0x82, 0x22, 0x0, 0xf9, 0x84, 0x11, 0x0,
    0x1e, 0x13, 0x20, 0x98, 0x0, 0xf4, 0x48, 0x0,
    0xd7, 0xc, 0x0, 0x32, 0x4e, 0x1, 0x44, 0xff,
    0x73, 0x3a, 0xc0, 0x0,

    /* U+0151 "ő" */
    0x0, 0xa9, 0x47, 0x44, 0x2, 0x7c, 0x5b, 0xf1,
    0x0, 0x99, 0x81, 0x44, 0x1, 0x97, 0x37, 0x52,
    0x1, 0x24, 0xf6, 0xeb, 0xac, 0x1, 0x1c, 0x40,
    0x7, 0x71, 0x81, 0x98, 0x3, 0x22, 0x4, 0x40,
    0x1d, 0xfe, 0x11, 0x0, 0x77, 0xf0, 0x1a, 0x0,
    0x65, 0x40, 0xf8, 0x10, 0x3, 0xb8, 0x80, 0xe3,
    0x73, 0x7e, 0x80,

    /* U+0152 "Œ" */
    0x0, 0x96, 0xfb, 0xff, 0xe9, 0x0, 0x44, 0x3f,
    0xbe, 0x21, 0xff, 0xa4, 0xd, 0xb1, 0x0, 0x3f,
    0xd3, 0x2, 0x1, 0xff, 0x23, 0x80, 0x7f, 0xf0,
    0x4, 0x40, 0x1d, 0x3b, 0xb9, 0x0, 0x3f, 0x4e,
    0xee, 0x40, 0x11, 0x0, 0x7f, 0xf0, 0x11, 0x0,
    0x1f, 0xfc, 0x9, 0x80, 0xf, 0xfe, 0x1, 0xad,
    0x90, 0x7, 0xfd, 0x1d, 0xcd, 0xd4, 0x4e, 0xee,
    0x80,

    /* U+0153 "œ" */
    0x0, 0x2e, 0x6e, 0x38, 0x2, 0x37, 0x54, 0x20,
    0x4, 0x9d, 0xd6, 0x7b, 0xc0, 0x6e, 0xb2, 0x80,
    0x11, 0xe2, 0x0, 0x8b, 0x48, 0x0, 0x33, 0x8,
    0x8, 0xc0, 0x33, 0x20, 0x6, 0x77, 0x8, 0x7,
    0x89, 0xb3, 0x33, 0x80, 0x88, 0x3, 0x89, 0xb3,
    0x36, 0xa8, 0x19, 0x80, 0x33, 0x98, 0x7, 0xd1,
    0xe4, 0x0, 0x95, 0x27, 0x0, 0x8c, 0x0, 0x91,
    0xdb, 0xa1, 0x89, 0xfd, 0xda, 0x80,

    /* U+0154 "Ŕ" */
    0x0, 0xc4, 0xc0, 0x1f, 0x71, 0x0, 0x7a, 0x61,
    0x0, 0x3d, 0x28, 0x1, 0x9b, 0xb7, 0x5d, 0x66,
    0x1, 0x36, 0xeb, 0xbf, 0x48, 0x3, 0xc8, 0xca,
    0x1, 0xf7, 0xf8, 0x3, 0xed, 0xd0, 0x7, 0x99,
    0x8a, 0x0, 0x6d, 0xd7, 0xf6, 0x0, 0x4d, 0xba,
    0x92, 0x0, 0xf9, 0x9c, 0xc0, 0x3e, 0x9f, 0x0,
    0xf9, 0x1d, 0x80, 0x3e, 0x98, 0x0,

    /* U+0155 "ŕ" */
    0x0, 0xb1, 0x0, 0x2a, 0xf4, 0x0, 0xa8, 0xc0,
    0x12, 0x71, 0xbc, 0x0, 0x8d, 0xd7, 0x0, 0x5,
    0x40, 0x36, 0x0, 0x71, 0x80, 0x7f, 0xf4, 0x0,

    /* U+0156 "Ŗ" */
    0x6e, 0xdd, 0x75, 0x98, 0x4, 0xdb, 0xae, 0xfd,
    0x20, 0xf, 0x23, 0x28, 0x7, 0xdf, 0xe0, 0xf,
    0xb7, 0x40, 0x1e, 0x66, 0x28, 0x1, 0xb7, 0x5f,
    0xd8, 0x1, 0x36, 0xea, 0x48, 0x3, 0xe6, 0x73,
    0x0, 0xfa, 0x7c, 0x3, 0xe4, 0x76, 0x0, 0xfa,
    0x60, 0x1a, 0x0, 0x31, 0x70, 0x6, 0x2a, 0x0,
    0xf9, 0x30, 0x3, 0xef, 0x60, 0xc,

    /* U+0157 "ŗ" */
    0x93, 0x8d, 0xe0, 0x4, 0x6e, 0xb8, 0x0, 0x2a,
    0x1, 0xb0, 0x3, 0x8c, 0x3, 0xff, 0xa1, 0x2a,
    0x1, 0x91, 0xc0, 0x36, 0x18, 0x6, 0x24, 0x0,
    0xc0,

    /* U+0158 "Ř" */
    0x3, 0x20, 0x2, 0x80, 0x63, 0x92, 0x83, 0x0,
    0xea, 0xf1, 0x60, 0xe, 0x1d, 0x90, 0xc, 0xdd,
    0xba, 0xeb, 0x30, 0x9, 0xb7, 0x5d, 0xfa, 0x40,
    0x1e, 0x46, 0x50, 0xf, 0xbf, 0xc0, 0x1f, 0x6e,
    0x80, 0x3c, 0xcc, 0x50, 0x3, 0x6e, 0xbf, 0xb0,
    0x2, 0x6d, 0xd4, 0x90, 0x7, 0xcc, 0xe6, 0x1,
    0xf4, 0xf8, 0x7, 0xc8, 0xec, 0x1, 0xf4, 0xc0,
    0x0,

    /* U+0159 "ř" */
    0x86, 0x7, 0x60, 0x8f, 0xc1, 0x60, 0x4, 0xeb,
    0x0, 0x24, 0xe7, 0x78, 0x1, 0x1b, 0xae, 0x0,
    0xa, 0x80, 0x6c, 0x0, 0xe3, 0x0, 0xff, 0xe8,
    0x0,

    /* U+015A "Ś" */
    0x0, 0xec, 0x50, 0xe, 0x8a, 0x50, 0xc, 0x38,
    0xc0, 0x1c, 0x28, 0x1, 0xd1, 0xbb, 0x5a, 0x4,
    0x8e, 0xed, 0x2c, 0xd, 0x20, 0x11, 0x10, 0x4,
    0x3, 0xe7, 0x90, 0xf, 0x48, 0xf4, 0x10, 0x6,
    0x8f, 0xef, 0xa0, 0xc, 0x2d, 0xa5, 0x20, 0x1e,
    0x97, 0x0, 0xf1, 0x98, 0x50, 0x2, 0x2e, 0xb0,
    0xee, 0xe9, 0x60,

    /* U+015B "ś" */
    0x0, 0xd1, 0x0, 0xc, 0xff, 0x0, 0x19, 0x9c,
    0x2, 0x3b, 0xdd, 0x62, 0x7, 0x56, 0x6e, 0x94,
    0x40, 0x40, 0x2, 0x33, 0xd1, 0x80, 0x6a, 0xe8,
    0xc5, 0x0, 0x92, 0xf7, 0x9c, 0x3, 0xc, 0xe0,
    0x90, 0x5, 0x46, 0x69, 0xdc, 0xc0, 0x40,

    /* U+015C "Ŝ" */
    0x0, 0x97, 0xd0, 0x3, 0x17, 0x73, 0xc4, 0x2,
    0x7b, 0x1a, 0x40, 0x9, 0x40, 0x2, 0xa0, 0x14,
    0x6e, 0xd6, 0x81, 0x23, 0xbb, 0x4b, 0x3, 0x48,
    0x4, 0x44, 0x1, 0x0, 0xf9, 0xe4, 0x3, 0xd2,
    0x3d, 0x4, 0x1, 0xa3, 0xfb, 0xe8, 0x3, 0xb,
    0x69, 0x48, 0x7, 0xa5, 0xc0, 0x3c, 0x66, 0x14,
    0x0, 0x8b, 0xac, 0x3b, 0xba, 0x58,

    /* U+015D "ŝ" */
    0x0, 0x16, 0xc8, 0x4, 0x51, 0x98, 0x80, 0x1,
    0xd0, 0xac, 0x80, 0xa, 0xf3, 0x74, 0x81, 0xd5,
    0x9b, 0xa5, 0x10, 0x10, 0x0, 0x8c, 0xf4, 0x60,
    0x1a, 0xba, 0x31, 0x40, 0x24, 0xbd, 0xe7, 0x0,
    0xc3, 0x38, 0x24, 0x1, 0x51, 0x9a, 0x77, 0x30,
    0x10,

    /* U+015E "Ş" */
    0x0, 0x46, 0xed, 0x68, 0x12, 0x3b, 0xb4, 0xb0,
    0x34, 0x80, 0x44, 0x40, 0x10, 0xf, 0x9e, 0x40,
    0x3d, 0x23, 0xd0, 0x40, 0x1a, 0x3f, 0xbe, 0x80,
    0x30, 0xb6, 0x94, 0x80, 0x7a, 0x5c, 0x3, 0xc6,
    0x61, 0x40, 0x8, 0xba, 0xc3, 0xba, 0xfe, 0x96,
    0x1a, 0xed, 0x8c, 0x50, 0xe, 0xd6, 0x0, 0xe3,
    0x8c, 0x0, 0xc5, 0x53, 0x20, 0x0,

    /* U+015F "ş" */
    0x3, 0xbc, 0xdc, 0x40, 0xea, 0xcd, 0xd2, 0x88,
    0x8, 0x0, 0x46, 0x7a, 0x30, 0xd, 0x5d, 0x18,
    0xa0, 0x12, 0x5e, 0xf3, 0x80, 0x61, 0x9c, 0x12,
    0x0, 0xa8, 0xcd, 0x3b, 0xb0, 0x41, 0x5e, 0xbe,
    0xc0, 0x6, 0xcc, 0x0, 0x73, 0x29, 0x0, 0x4f,
    0x60, 0x40,

    /* U+0160 "Š" */
    0x0, 0x42, 0x3, 0x38, 0x5, 0x1f, 0x1e, 0xe0,
    0x1a, 0xbe, 0x40, 0x38, 0x5c, 0x3, 0xa3, 0x76,
    0xb4, 0x9, 0x1d, 0xda, 0x58, 0x1a, 0x40, 0x22,
    0x20, 0x8, 0x7, 0xcf, 0x20, 0x1e, 0x91, 0xe8,
    0x20, 0xd, 0x1f, 0xdf, 0x40, 0x18, 0x5b, 0x4a,
    0x40, 0x3d, 0x2e, 0x1, 0xe3, 0x30, 0xa0, 0x4,
    0x5d, 0x61, 0xdd, 0xd2, 0xc0,

    /* U+0161 "š" */
    0x4, 0x90, 0x49, 0x0, 0x26, 0xe7, 0x48, 0x4,
    0x9b, 0x40, 0x11, 0xde, 0xeb, 0x10, 0x3a, 0xb3,
    0x74, 0xa2, 0x2, 0x0, 0x11, 0x9e, 0x8c, 0x3,
    0x57, 0x46, 0x28, 0x4, 0x97, 0xbc, 0xe0, 0x18,
    0x67, 0x4, 0x80, 0x2a, 0x33, 0x4e, 0xe6, 0x2,
    0x0,

    /* U+0162 "Ţ" */
    0xcd, 0xd7, 0x7e, 0xec, 0xb9, 0xbb, 0x26, 0xec,
    0xa0, 0x1f, 0xff, 0xf0, 0xf, 0xfe, 0x3e, 0x80,
    0x7c, 0xf8, 0x80, 0x1e, 0x49, 0xd0, 0xe, 0x3a,
    0x8b, 0x0, 0x80,

    /* U+0163 "ţ" */
    0x4, 0x60, 0xc, 0x60, 0x19, 0xe6, 0xf3, 0x0,
    0xed, 0x79, 0x80, 0xf, 0xfe, 0xa6, 0xe0, 0x6,
    0x50, 0xfc, 0x0, 0xba, 0x70, 0x2, 0x7c, 0x50,
    0x8, 0xe7, 0x0, 0x7, 0x51, 0x60,

    /* U+0164 "Ť" */
    0x0, 0x30, 0x0, 0x8c, 0x3, 0xa0, 0xa4, 0xc0,
    0x33, 0xe, 0x50, 0x7, 0xa7, 0x84, 0x2, 0xcd,
    0xd7, 0x7e, 0xec, 0xb9, 0xbb, 0x26, 0xec, 0xa0,
    0x1f, 0xff, 0xf0, 0xf, 0xfe, 0x18,

    /* U+0165 "ť" */
    0x0, 0xe5, 0x80, 0x24, 0x0, 0x64, 0x82, 0x90,
    0x2, 0x45, 0xe6, 0xf3, 0x0, 0x7, 0x6b, 0xcc,
    0x0, 0x7f, 0xf6, 0xb7, 0x0, 0x39, 0x43, 0x70,
    0x0,

    /* U+0166 "Ŧ" */
    0xcd, 0xd7, 0x7e, 0xec, 0xb9, 0xbb, 0x26, 0xec,
    0xa0, 0x1f, 0xfd, 0xc, 0xde, 0x4d, 0xd2, 0x80,
    0x33, 0x79, 0x37, 0x4a, 0x1, 0xff, 0xe2,

    /* U+0167 "ŧ" */
    0x4, 0x60, 0xc, 0x60, 0x19, 0xe6, 0xf3, 0x0,
    0xed, 0x79, 0x80, 0xf, 0x9d, 0xaf, 0x24, 0x1d,
    0xaf, 0x24, 0x3, 0xf7, 0x80, 0x71, 0x68, 0x6,
    0x51, 0xdc, 0x0,

    /* U+0168 "Ũ" */
    0x0, 0x2e, 0x48, 0x9b, 0x0, 0x6c, 0xc6, 0xea,
    0x1c, 0x3, 0x48, 0x26, 0x58, 0x80, 0x21, 0x80,
    0x3d, 0xa2, 0x1, 0xff, 0xf9, 0x1f, 0xe0, 0xf,
    0x18, 0x22, 0x80, 0x72, 0x28, 0x1b, 0xd0, 0x80,
    0x12, 0x60, 0x1, 0x5b, 0x9d, 0xcf, 0xe3, 0x0,

    /* U+0169 "ũ" */
    0x6, 0xca, 0x13, 0x60, 0x7, 0xe4, 0xd4, 0x38,
    0x2, 0x40, 0xee, 0xc2, 0x16, 0x60, 0x1b, 0x4,
    0x3, 0xff, 0xb4, 0x40, 0x4e, 0x1, 0x8, 0x83,
    0x3c, 0x2, 0xb2, 0x5, 0xcd, 0xd6, 0x4b, 0x80,

    /* U+016A "Ū" */
    0x0, 0x2e, 0x66, 0x0, 0xe5, 0xcc, 0xc0, 0x14,
    0x30, 0x7, 0xb4, 0x40, 0x3f, 0xff, 0x23, 0xfc,
    0x1, 0xe3, 0x4, 0x50, 0xe, 0x45, 0x3, 0x7a,
    0x10, 0x2, 0x4c, 0x0, 0x2b, 0x73, 0xb9, 0xfc,
    0x60,

    /* U+016B "ū" */
    0x5, 0xcc, 0xc0, 0x12, 0xe6, 0x60, 0x5, 0x98,
    0x6, 0xc1, 0x0, 0xff, 0xed, 0x10, 0x13, 0x80,
    0x42, 0x20, 0xcf, 0x0, 0xac, 0x81, 0x73, 0x75,
    0x92, 0xe0,

    /* U+016C "Ŭ" */
    0x0, 0x18, 0x80, 0x14, 0x3, 0xd2, 0x3, 0xe0,
    0x1c, 0x7f, 0x95, 0x0, 0x1e, 0x7c, 0xb2, 0x0,
    0xa1, 0x80, 0x3d, 0xa2, 0x1, 0xff, 0xf9, 0x1f,
    0xe0, 0xf, 0x18, 0x22, 0x80, 0x72, 0x28, 0x1b,
    0xd0, 0x80, 0x12, 0x60, 0x1, 0x5b, 0x9d, 0xcf,
    0xe3, 0x0,

    /* U+016D "ŭ" */
    0x5, 0x60, 0x5, 0x0, 0x4b, 0xf9, 0x72, 0x1,
    0xa7, 0x2c, 0xc0, 0x16, 0x60, 0x1b, 0x4, 0x3,
    0xff, 0xb4, 0x40, 0x4e, 0x1, 0x8, 0x83, 0x3c,
    0x2, 0xb2, 0x5, 0xcd, 0xd6, 0x4b, 0x80,

    /* U+016E "Ů" */
    0x0, 0x8e, 0x60, 0x3, 0xe9, 0x96, 0xa8, 0x7,
    0xe1, 0x0, 0xfa, 0x65, 0x8a, 0x1, 0xe3, 0x98,
    0x0, 0xd0, 0xc0, 0x1e, 0xd1, 0x0, 0xff, 0xfc,
    0x8f, 0xf0, 0x7, 0x8c, 0x11, 0x40, 0x39, 0x14,
    0xd, 0xe8, 0x40, 0x9, 0x30, 0x0, 0xad, 0xce,
    0xe7, 0xf1, 0x80,

    /* U+016F "ů" */
    0x0, 0x1c, 0xc0, 0x7, 0x4c, 0xb5, 0x40, 0x3f,
    0xf8, 0x13, 0x58, 0xa0, 0x18, 0xea, 0x40, 0x2b,
    0x30, 0xd, 0x82, 0x1, 0xff, 0xda, 0x20, 0x27,
    0x0, 0x84, 0x41, 0x9e, 0x1, 0x59, 0x2, 0xe6,
    0xeb, 0x25, 0xc0,

    /* U+0170 "Ű" */
    0x0, 0xa5, 0xc3, 0x48, 0x3, 0x19, 0x9e, 0x20,
    0x40, 0x19, 0xa8, 0x35, 0x40, 0x39, 0x40, 0xa,
    0x1, 0xa1, 0x80, 0x3d, 0xa2, 0x1, 0xff, 0xf9,
    0x1f, 0xe0, 0xf, 0x18, 0x22, 0x80, 0x72, 0x28,
    0x1b, 0xd0, 0x80, 0x12, 0x60, 0x1, 0x5b, 0x9d,
    0xcf, 0xe3, 0x0,

    /* U+0171 "ű" */
    0x0, 0x52, 0x8e, 0x10, 0x1, 0xfd, 0x6f, 0x88,
    0x0, 0xea, 0x14, 0x40, 0xb, 0x30, 0xd, 0x82,
    0x1, 0xff, 0xda, 0x20, 0x27, 0x0, 0x84, 0x41,
    0x9e, 0x1, 0x59, 0x2, 0xe6, 0xeb, 0x25, 0xc0,

    /* U+0172 "Ų" */
    0x86, 0x0, 0xf6, 0x88, 0x7, 0xff, 0xe4, 0x7f,
    0x80, 0x3c, 0x40, 0x8a, 0x1, 0xc8, 0x40, 0x6f,
    0x42, 0x0, 0x4a, 0xa0, 0x2, 0xb7, 0x3b, 0x6d,
    0x1c, 0x2, 0x7d, 0xef, 0x3a, 0x0, 0xf9, 0x64,
    0x3, 0xf7, 0xb0, 0x7, 0xeb, 0xf8, 0x0, 0x0,

    /* U+0173 "ų" */
    0xb3, 0x0, 0xd8, 0x20, 0x1f, 0xfd, 0xa2, 0x2,
    0x70, 0x8, 0x44, 0x19, 0xe0, 0x15, 0x90, 0x2e,
    0x6e, 0xb2, 0x44, 0x0, 0xfb, 0xac, 0x4, 0x10,
    0xe, 0xf8, 0x0, 0xff, 0xe1, 0x35, 0x98,

    /* U+0174 "Ŵ" */
    0x0, 0xf1, 0xb0, 0x7, 0xff, 0x0, 0x7f, 0x14,
    0x3, 0xfe, 0xbe, 0xac, 0x30, 0xf, 0xf5, 0x10,
    0x49, 0x80, 0x74, 0x38, 0x6, 0x7c, 0x0, 0xee,
    0xb, 0xc0, 0xd, 0x82, 0x1, 0x91, 0x0, 0x6a,
    0x1, 0x99, 0x54, 0x1, 0x66, 0x0, 0xa, 0x60,
    0x4, 0x46, 0x60, 0x2, 0x54, 0x0, 0x62, 0x0,
    0x33, 0x8, 0x80, 0x0, 0x81, 0x0, 0x13, 0x0,
    0x8, 0x80, 0x62, 0x4, 0x40, 0x4, 0x6a, 0x2,
    0x2, 0x18, 0x81, 0x98, 0x0, 0xca, 0x68, 0x80,
    0x2, 0x68, 0x22, 0x0, 0x36, 0x26, 0x60, 0x0,
    0x6c, 0x20, 0x20, 0x19, 0x31, 0x10, 0x1, 0x3c,
    0xa0, 0x7, 0x1b, 0x30, 0x3, 0x63, 0x60, 0x7,
    0x9b, 0x0, 0x33, 0x8a, 0x0, 0x40,

    /* U+0175 "ŵ" */
    0x0, 0xc3, 0x96, 0x1, 0xf8, 0xaf, 0x62, 0x40,
    0x3e, 0x2a, 0x13, 0x90, 0xd, 0x4a, 0x1, 0x54,
    0x80, 0x50, 0xd9, 0x80, 0x9, 0x90, 0x2, 0x44,
    0x3a, 0x0, 0x11, 0x58, 0x80, 0x2, 0x42, 0x2,
    0x1b, 0xb2, 0x82, 0x38, 0x1, 0x10, 0x8, 0x87,
    0xb0, 0xcc, 0x0, 0x33, 0x6, 0xe0, 0x20, 0x28,
    0x80, 0x2, 0xa2, 0x3c, 0x0, 0x8e, 0x24, 0x1,
    0xd, 0xa0, 0x2, 0xe9, 0x0, 0x32, 0x38, 0x80,
    0xc, 0xb0, 0x0,

    /* U+0176 "Ŷ" */
    0x0, 0x89, 0xc0, 0x3e, 0xee, 0x38, 0x7, 0x57,
    0xcf, 0xa8, 0x6, 0xa3, 0x8, 0x50, 0x5, 0xa0,
    0x7, 0x5a, 0xc4, 0x0, 0x31, 0xba, 0x9b, 0xa0,
    0x5, 0x10, 0x0, 0x44, 0x0, 0x8, 0xe8, 0x0,
    0x36, 0x50, 0x8f, 0x0, 0xd1, 0x4, 0x73, 0x0,
    0xc4, 0xf5, 0x0, 0x1e, 0x92, 0x30, 0xf, 0x8,
    0x7, 0xff, 0x50,

    /* U+0177 "ŷ" */
    0x0, 0x16, 0xc8, 0x6, 0x3b, 0xdc, 0x80, 0x8,
    0xe4, 0x16, 0x0, 0x18, 0x40, 0x1a, 0x96, 0xa8,
    0x1, 0x91, 0x5d, 0x40, 0x25, 0x70, 0x17, 0x40,
    0x7, 0x50, 0x3, 0xb8, 0x2, 0xc6, 0x0, 0x47,
    0x7, 0x50, 0xc, 0x8b, 0xb4, 0x1, 0xab, 0x9c,
    0x80, 0x31, 0xb5, 0x0, 0x7c, 0xe0, 0x1c, 0x8c,
    0x20, 0x1d, 0x10, 0x0, 0xd9, 0xb4, 0x60, 0x18,

    /* U+0178 "Ÿ" */
    0x0, 0xff, 0xa9, 0x2, 0x90, 0x3, 0x5a, 0x5,
    0xa0, 0x6, 0x10, 0x0, 0x80, 0x56, 0x80, 0x1d,
    0x6b, 0x10, 0x0, 0xc6, 0xea, 0x6e, 0x80, 0x14,
    0x40, 0x1, 0x10, 0x0, 0x23, 0xa0, 0x0, 0xd9,
    0x42, 0x3c, 0x3, 0x44, 0x11, 0xcc, 0x3, 0x13,
    0xd4, 0x0, 0x7a, 0x48, 0xc0, 0x3c, 0x20, 0x1f,
    0xfd, 0x40,

    /* U+0179 "Ź" */
    0x0, 0xe3, 0x50, 0xf, 0xf, 0xb8, 0x7, 0xaf,
    0x88, 0x3, 0xd4, 0x40, 0x10, 0xee, 0xfb, 0xd8,
    0x77, 0x7b, 0x89, 0x80, 0x3d, 0xf2, 0x1, 0xe7,
    0x54, 0x0, 0xe2, 0xa8, 0x0, 0xf4, 0xc0, 0x80,
    0x72, 0x82, 0x80, 0x70, 0xc5, 0x0, 0x7a, 0xec,
    0x20, 0x1c, 0x8c, 0xc0, 0xf, 0x4f, 0x0, 0x79,
    0x8b, 0x3b, 0xba, 0x0,

    /* U+017A "ź" */
    0x0, 0xd2, 0xe0, 0x1a, 0x31, 0xc0, 0x34, 0x28,
    0x5, 0x99, 0xb6, 0x83, 0x33, 0xc, 0x80, 0x68,
    0x43, 0x0, 0x89, 0x20, 0x3, 0x77, 0x80, 0x67,
    0x43, 0x0, 0x8a, 0xa0, 0x3, 0x77, 0x0, 0x32,
    0x9f, 0xe6, 0x52,

    /* U+017B "Ż" */
    0x0, 0xff, 0xe0, 0xf1, 0x0, 0x7d, 0xa4, 0x1,
    0xf1, 0x80, 0x61, 0xdd, 0xf7, 0xb0, 0xee, 0xf7,
    0x13, 0x0, 0x7b, 0xe4, 0x3, 0xce, 0xa8, 0x1,
    0xc5, 0x50, 0x1, 0xe9, 0x81, 0x0, 0xe5, 0x5,
    0x0, 0xe1, 0x8a, 0x0, 0xf5, 0xd8, 0x40, 0x39,
    0x19, 0x80, 0x1e, 0x9e, 0x0, 0xf3, 0x16, 0x77,
    0x74, 0x0,

    /* U+017C "ż" */
    0x0, 0xb0, 0xc0, 0x3a, 0x8, 0x3, 0x90, 0x40,
    0x2c, 0xcd, 0xb4, 0x19, 0x98, 0x64, 0x3, 0x42,
    0x18, 0x4, 0x49, 0x0, 0x1b, 0xbc, 0x3, 0x3a,
    0x18, 0x4, 0x55, 0x0, 0x1b, 0xb8, 0x1, 0x94,
    0xff, 0x32, 0x90,

    /* U+017D "Ž" */
    0x0, 0x20, 0x80, 0x18, 0x3, 0x2d, 0xd, 0x28,
    0x6, 0x18, 0xfc, 0x30, 0xe, 0x3e, 0x60, 0x8,
    0x77, 0x7d, 0xec, 0x3b, 0xbd, 0xc4, 0xc0, 0x1e,
    0xf9, 0x0, 0xf3, 0xaa, 0x0, 0x71, 0x54, 0x0,
    0x7a, 0x60, 0x40, 0x39, 0x41, 0x40, 0x38, 0x62,
    0x80, 0x3d, 0x76, 0x10, 0xe, 0x46, 0x60, 0x7,
    0xa7, 0x80, 0x3c, 0xc5, 0x9d, 0xdd, 0x0,

    /* U+017E "ž" */
    0x4, 0x90, 0x49, 0x0, 0x26, 0xe6, 0xc8, 0x4,
    0x99, 0x20, 0x16, 0x66, 0xda, 0xc, 0xcc, 0x32,
    0x1, 0xa1, 0xc, 0x2, 0x24, 0x80, 0xd, 0xde,
    0x1, 0x9d, 0xc, 0x2, 0x2a, 0x80, 0xd, 0xdc,
    0x0, 0xca, 0x7f, 0x99, 0x48,

    /* U+017F "ſ" */
    0x8, 0xdd, 0x1a, 0x9e, 0xe8, 0xf7, 0x80, 0x21,
    0x0, 0xff, 0xf0, 0x0,

    /* U+0400 "Ѐ" */
    0x0, 0x48, 0x80, 0x75, 0x50, 0x3, 0x8f, 0xe0,
    0x3, 0x92, 0x0, 0xd, 0xdb, 0xba, 0xc1, 0xb7,
    0x75, 0x80, 0x7f, 0xf2, 0x9b, 0x77, 0x38, 0x36,
    0xee, 0x70, 0xf, 0xfe, 0x8b, 0x6e, 0xeb,

    /* U+0401 "Ё" */
    0x0, 0xfe, 0xd2, 0x69, 0x0, 0xbc, 0x9e, 0xc0,
    0x22, 0x1, 0x20, 0x6e, 0xdd, 0xd6, 0xd, 0xbb,
    0xac, 0x3, 0xff, 0x94, 0xdb, 0xb9, 0xc1, 0xb7,
    0x73, 0x80, 0x7f, 0xf4, 0x5b, 0x77, 0x58,

    /* U+0402 "Ђ" */
    0xcd, 0xef, 0xdd, 0xb0, 0x2, 0xcd, 0xc3, 0xdd,
    0xb0, 0x3, 0xff, 0xb6, 0x53, 0x9b, 0x8e, 0x1,
    0xc7, 0x59, 0xba, 0xe9, 0x0, 0xc2, 0x60, 0x1,
    0x97, 0x0, 0xff, 0x11, 0x0, 0x3f, 0x88, 0xc0,
    0x3f, 0x42, 0x8, 0x7, 0x37, 0x68, 0xd0, 0x0,

    /* U+0403 "Ѓ" */
    0x0, 0xc2, 0xe0, 0x1d, 0xa8, 0x1, 0xa7, 0xcc,
    0x3, 0x49, 0x80, 0x1b, 0xb7, 0x75, 0x3, 0x6e,
    0xea, 0x0, 0xff, 0xfd, 0x0,

    /* U+0404 "Є" */
    0x0, 0x8e, 0xb7, 0x6a, 0x20, 0x3, 0x7c, 0xee,
    0xd2, 0x60, 0x55, 0x86, 0x1, 0x18, 0x85, 0xc8,
    0x7, 0xe4, 0x50, 0xf, 0xc5, 0xdd, 0xda, 0x1,
    0xbb, 0xbb, 0x40, 0x21, 0x20, 0xf, 0xc8, 0xa0,
    0x1f, 0xa6, 0x42, 0x1, 0xf1, 0xb6, 0x20, 0x4,
    0x64, 0x0, 0x89, 0xfe, 0xea, 0x0,

    /* U+0405 "Ѕ" */
    0x0, 0x46, 0xed, 0x68, 0x12, 0x3b, 0xb4, 0xb0,
    0x34, 0x80, 0x44, 0x40, 0x10, 0xf, 0x9e, 0x40,
    0x3d, 0x23, 0xd0, 0x40, 0x1a, 0x3f, 0xbe, 0x80,
    0x30, 0xb6, 0x94, 0x80, 0x7a, 0x5c, 0x3, 0xc6,
    0x61, 0x40, 0x8, 0xba, 0xc3, 0xbb, 0xa5, 0x80,

    /* U+0406 "І" */
    0x68, 0x0, 0xff, 0xe5, 0x0,

    /* U+0407 "Ї" */
    0x0, 0xcd, 0x2d, 0x2f, 0x6f, 0x62, 0x42, 0x40,
    0xb2, 0x1, 0xff, 0xe1,

    /* U+0408 "Ј" */
    0x0, 0x9a, 0x0, 0x3f, 0xfd, 0xdd, 0xc0, 0x0,
    0xaa, 0x2e, 0xe4, 0x10,

    /* U+0409 "Љ" */
    0x0, 0xf, 0xee, 0xef, 0x40, 0xf, 0xc6, 0x9b,
    0xb9, 0x40, 0x3f, 0x84, 0x3, 0xff, 0x88, 0x20,
    0x1f, 0xfc, 0x27, 0x30, 0xf, 0xfe, 0x10, 0x88,
    0x3, 0xab, 0x75, 0x8e, 0x1, 0x8f, 0xc0, 0x3a,
    0xb7, 0x6e, 0xb0, 0x8, 0x44, 0x1, 0xf8, 0x65,
    0x88, 0x1, 0xe4, 0x1, 0xfe, 0x66, 0x0, 0x9,
    0x80, 0x3f, 0xcc, 0xc0, 0x17, 0x20, 0xf, 0xe7,
    0x12, 0xcc, 0x48, 0x7, 0xc, 0xe6, 0x5d, 0xa0,

    /* U+040A "Њ" */
    0x68, 0x0, 0xe7, 0x70, 0x7, 0xff, 0xdd, 0xb7,
    0x7a, 0x65, 0xbb, 0x48, 0x80, 0x1b, 0x77, 0xa6,
    0x5b, 0xb7, 0xf8, 0x40, 0x3f, 0xf8, 0xc, 0x8e,
    0x1, 0xff, 0xc1, 0xd1, 0x0, 0xff, 0xe0, 0xe8,
    0x80, 0x7f, 0xf0, 0x15, 0x18, 0x3, 0xf4, 0xee,
    0xd9, 0xe0,

    /* U+040B "Ћ" */
    0xcd, 0xef, 0xdd, 0xc0, 0x16, 0x6e, 0x1e, 0xee,
    0x0, 0xff, 0xed, 0x94, 0xee, 0xb2, 0x0, 0x38,
    0xeb, 0x76, 0x29, 0x0, 0xc2, 0x60, 0x1, 0xa7,
    0x0, 0xff, 0x10, 0x80, 0x7f, 0x8c, 0x3, 0xff,
    0x94,

    /* U+040C "Ќ" */
    0x0, 0xe7, 0x10, 0xf, 0x48, 0x88, 0x3, 0x9b,
    0xd8, 0x3, 0xcc, 0xc0, 0xc, 0xd0, 0x1, 0x9a,
    0x80, 0x3c, 0x37, 0x40, 0x1e, 0xa9, 0x0, 0xf3,
    0x12, 0x0, 0x71, 0x5c, 0x80, 0x66, 0xdc, 0xb0,
    0xe, 0x6d, 0xcb, 0x0, 0xf8, 0x96, 0x0, 0x3e,
    0x85, 0x20, 0xf, 0xa2, 0x40, 0x3e, 0x50, 0x50,
    0xf, 0xa6, 0x0,

    /* U+040D "Ѝ" */
    0x0, 0xa4, 0x40, 0x3f, 0x55, 0x0, 0x3f, 0x1f,
    0x40, 0x7, 0xe5, 0x80, 0xc, 0xd0, 0x1, 0xc5,
    0xe4, 0x1, 0xf4, 0x88, 0x7, 0xca, 0x4a, 0x1,
    0xe1, 0x89, 0x0, 0xfa, 0xe0, 0x1c, 0x3, 0x90,
    0x14, 0x3, 0xe8, 0xb0, 0xf, 0xa2, 0x84, 0x3,
    0xc6, 0x8c, 0x1, 0xf7, 0xf0, 0x7, 0xcd, 0x64,
    0x1, 0xf1, 0xb8, 0x7, 0xc0,

    /* U+040E "Ў" */
    0x0, 0x15, 0x80, 0x34, 0x40, 0x31, 0x6d, 0x52,
    0x44, 0x3, 0x9a, 0xa8, 0x80, 0x15, 0x28, 0x7,
    0xb4, 0xa6, 0x0, 0x39, 0x18, 0x8d, 0x94, 0x3,
    0x7f, 0x80, 0x11, 0x20, 0x11, 0x3a, 0x0, 0xd,
    0xd0, 0x1, 0x72, 0x1, 0xa2, 0x0, 0x28, 0xa0,
    0x18, 0xdd, 0x1a, 0x80, 0x3d, 0xfe, 0xa6, 0x0,
    0xf2, 0x3a, 0x8, 0x7, 0xc3, 0x60, 0x1f, 0x4a,
    0x10, 0x7, 0x5f, 0x1c, 0x80, 0x70,

    /* U+040F "Џ" */
    0x68, 0x0, 0xe1, 0xd0, 0xf, 0xff, 0xf8, 0x7,
    0xff, 0x11, 0xb7, 0x7b, 0x1, 0xbb, 0x74, 0xdf,
    0xbb, 0x0, 0x7f, 0xf0, 0x78, 0xc0, 0x20,

    /* U+0410 "А" */
    0x0, 0xd7, 0x0, 0x1f, 0xb, 0xa8, 0x7, 0xcd,
    0x6e, 0x80, 0x1e, 0xb6, 0xed, 0x0, 0xe3, 0x71,
    0x47, 0x0, 0xea, 0xe0, 0x3, 0xa8, 0x6, 0x45,
    0x0, 0x6f, 0x0, 0x4a, 0x5d, 0xd5, 0x20, 0x80,
    0x3a, 0xfb, 0xb3, 0xb0, 0xb, 0x20, 0x6, 0xaa,
    0x3, 0x28, 0x7, 0x10, 0x15, 0xd0, 0x7, 0xaa,
    0x80,

    /* U+0411 "Б" */
    0x6e, 0xdd, 0xe0, 0x3, 0x6e, 0xf0, 0x7, 0xff,
    0x39, 0xb7, 0x6a, 0x30, 0x3, 0x6e, 0xdf, 0xa6,
    0x1, 0xcb, 0x34, 0x1, 0xe3, 0x30, 0x7, 0x8c,
    0xc0, 0x1c, 0x93, 0x60, 0xdb, 0xae, 0xfd, 0x20,

    /* U+0412 "В" */
    0x6e, 0xdd, 0xd0, 0x1, 0x36, 0xed, 0x85, 0x20,
    0x1e, 0x18, 0x40, 0xf, 0xc2, 0x1, 0xe2, 0x98,
    0x0, 0x36, 0xeb, 0xb7, 0x48, 0x0, 0x6d, 0xd7,
    0x73, 0x20, 0x3, 0xc3, 0x4c, 0x20, 0x1f, 0x11,
    0x0, 0x3e, 0x22, 0x0, 0x70, 0xd2, 0x8, 0x36,
    0xed, 0x9b, 0x40,

    /* U+0413 "Г" */
    0x6e, 0xdd, 0xd4, 0xd, 0xbb, 0xa8, 0x3, 0xff,
    0xf4,

    /* U+0414 "Д" */
    0x0, 0xb7, 0x7b, 0xa8, 0x3, 0xdb, 0xba, 0x80,
    0x3f, 0xf8, 0xc6, 0x1, 0xff, 0x18, 0x7, 0xf8,
    0x44, 0x1, 0xfe, 0x26, 0x0, 0xff, 0x31, 0x0,
    0x7f, 0xb3, 0x40, 0x3f, 0xc8, 0x80, 0xf, 0xe5,
    0x71, 0x0, 0xfd, 0x74, 0x9b, 0xbd, 0x4b, 0xa4,
    0xdd, 0xcd, 0xde, 0xef, 0x61, 0x0, 0xff, 0xe0,
    0x58, 0x80, 0x7e, 0xe2,

    /* U+0415 "Е" */
    0x6e, 0xdd, 0xd6, 0xd, 0xbb, 0xac, 0x3, 0xff,
    0x94, 0xdb, 0xb9, 0xc1, 0xb7, 0x73, 0x80, 0x7f,
    0xf4, 0x5b, 0x77, 0x58,

    /* U+0416 "Ж" */
    0x4b, 0x0, 0xd2, 0xa0, 0x1b, 0x45, 0x5, 0x40,
    0x3f, 0x4d, 0x88, 0x5c, 0x8, 0x7, 0x8d, 0x58,
    0x0, 0x31, 0x60, 0x1e, 0xee, 0x0, 0x65, 0x5,
    0x0, 0xd1, 0x44, 0x1, 0xd1, 0x5a, 0xf7, 0xae,
    0xe0, 0xf, 0x44, 0xeb, 0xde, 0xb3, 0x0, 0x38,
    0xd9, 0x80, 0x1a, 0x2c, 0x40, 0x37, 0xf8, 0x3,
    0x86, 0xa0, 0x2, 0x66, 0x18, 0x7, 0x9d, 0xc,
    0x6, 0x2c, 0x3, 0xf4, 0xf8, 0x44, 0x88, 0x7,
    0xe4, 0x75,

    /* U+0417 "З" */
    0x8, 0xdd, 0xb1, 0x40, 0x2d, 0xcd, 0xd7, 0x42,
    0x80, 0x14, 0x40, 0x5, 0x3c, 0x1, 0xf0, 0x88,
    0x3, 0xc7, 0x30, 0x1, 0x5e, 0xff, 0x79, 0x0,
    0x57, 0xbf, 0xd0, 0xa0, 0x1e, 0x3a, 0xb0, 0xf,
    0x84, 0x3, 0xf0, 0x80, 0x8, 0xc0, 0x23, 0xd9,
    0x0, 0x4e, 0xed, 0xf2, 0xe0,

    /* U+0418 "И" */
    0x68, 0x0, 0xe2, 0xf2, 0x0, 0xfa, 0x44, 0x3,
    0xe5, 0x25, 0x0, 0xf0, 0xc4, 0x80, 0x7d, 0x70,
    0xe, 0x1, 0xc8, 0xa, 0x1, 0xf4, 0x58, 0x7,
    0xd1, 0x42, 0x1, 0xe3, 0x46, 0x0, 0xfb, 0xf8,
    0x3, 0xe6, 0xb2, 0x0, 0xf8, 0xdc, 0x3, 0xe0,

    /* U+0419 "Й" */
    0x0, 0x16, 0x0, 0x30, 0x40, 0x31, 0x55, 0xda,
    0x44, 0x3, 0x9a, 0xec, 0xa0, 0x13, 0x40, 0x7,
    0x17, 0x90, 0x7, 0xd2, 0x20, 0x1f, 0x29, 0x28,
    0x7, 0x86, 0x24, 0x3, 0xeb, 0x80, 0x70, 0xe,
    0x40, 0x50, 0xf, 0xa2, 0xc0, 0x3e, 0x8a, 0x10,
    0xf, 0x1a, 0x30, 0x7, 0xdf, 0xc0, 0x1f, 0x35,
    0x90, 0x7, 0xc6, 0xe0, 0x1f, 0x0,

    /* U+041A "К" */
    0x68, 0x0, 0xcd, 0x40, 0x1e, 0x1b, 0xa0, 0xf,
    0x54, 0x80, 0x79, 0x89, 0x0, 0x38, 0xae, 0x40,
    0x33, 0x6e, 0x58, 0x7, 0x36, 0xe5, 0x80, 0x7c,
    0x4b, 0x0, 0x1f, 0x42, 0x90, 0x7, 0xd1, 0x20,
    0x1f, 0x28, 0x28, 0x7, 0xd3, 0x0,

    /* U+041B "Л" */
    0x0, 0xf, 0xee, 0xee, 0x70, 0x1, 0xa6, 0xee,
    0x90, 0x8, 0x40, 0x3f, 0xc2, 0x1, 0xf9, 0xcc,
    0x3, 0xf0, 0x88, 0x3, 0xf1, 0xf8, 0x7, 0xe1,
    0x10, 0x7, 0xee, 0x20, 0xf, 0xc4, 0xc0, 0x1f,
    0x12, 0x90, 0x7, 0xbb, 0x28, 0x3, 0xe0,

    /* U+041C "М" */
    0x6f, 0x30, 0xf, 0x1f, 0xa8, 0x1d, 0x0, 0x7a,
    0x8c, 0x0, 0x88, 0x0, 0xf2, 0x28, 0x3, 0xd1,
    0x40, 0x32, 0xa8, 0x3, 0x57, 0x0, 0x6e, 0xa0,
    0xc, 0x6c, 0x20, 0x1, 0x72, 0x0, 0xea, 0x60,
    0x4, 0xd0, 0x7, 0x9a, 0xc0, 0xa, 0xc0, 0x1e,
    0x17, 0x34, 0x70, 0xf, 0xdd, 0x5d, 0xc0, 0xf,
    0xca, 0x8e, 0x80, 0x1f, 0xce, 0xa0, 0x1c,

    /* U+041D "Н" */
    0x68, 0x0, 0xf7, 0x0, 0x7f, 0xf6, 0x5b, 0x77,
    0xc2, 0xd, 0xbb, 0xe1, 0x0, 0xff, 0xf0, 0x80,

    /* U+041E "О" */
    0x0, 0x97, 0x37, 0x58, 0xc0, 0x1d, 0x1d, 0xcd,
    0xdb, 0x24, 0x2, 0x35, 0xb2, 0x0, 0xd, 0x2a,
    0x0, 0x26, 0x0, 0x3d, 0x1e, 0x0, 0x44, 0x0,
    0x79, 0x14, 0x0, 0x22, 0x0, 0xff, 0xe5, 0x8,
    0x80, 0x3f, 0xc8, 0x80, 0xf, 0x22, 0x80, 0x26,
    0x0, 0x3d, 0x1e, 0x0, 0x35, 0xb2, 0x0, 0x15,
    0xaa, 0x0, 0x51, 0xdc, 0xdd, 0x77, 0x24, 0x0,

    /* U+041F "П" */
    0x6e, 0xdd, 0xf8, 0x1b, 0x77, 0xb0, 0x3, 0xff,
    0xfe, 0x1, 0xff, 0xc4,

    /* U+0420 "Р" */
    0x6e, 0xdd, 0x75, 0x98, 0x1, 0xb7, 0x5d, 0xcd,
    0x10, 0xe, 0x57, 0x60, 0xf, 0x77, 0x80, 0x7b,
    0x78, 0x3, 0xb, 0xb9, 0x81, 0xb7, 0x6f, 0xc0,
    0x3, 0x6e, 0xb2, 0x4, 0x3, 0xff, 0xaa,

    /* U+0421 "С" */
    0x0, 0x8e, 0xb7, 0x6a, 0x20, 0x3, 0x77, 0x37,
    0x6e, 0x30, 0x2b, 0xc4, 0x0, 0x90, 0x42, 0xec,
    0x20, 0x1f, 0x23, 0x80, 0x7e, 0x21, 0x0, 0xff,
    0xe3, 0x8, 0x80, 0x3f, 0x23, 0x80, 0x7e, 0x9b,
    0x10, 0xf, 0x8d, 0x71, 0x0, 0x23, 0x10, 0x4,
    0x4f, 0xf7, 0x50, 0x60,

    /* U+0422 "Т" */
    0xcd, 0xd7, 0x7e, 0xec, 0xb9, 0xbb, 0x26, 0xec,
    0xa0, 0x1f, 0xff, 0xf0, 0xf, 0xfe, 0x18,

    /* U+0423 "У" */
    0xa5, 0x0, 0xf6, 0x94, 0xc0, 0x7, 0x23, 0x11,
    0xb2, 0x80, 0x6f, 0xf0, 0x2, 0x24, 0x2, 0x27,
    0x40, 0x1, 0xba, 0x0, 0x2e, 0x40, 0x34, 0x40,
    0x5, 0x14, 0x3, 0x1b, 0xa3, 0x50, 0x7, 0xbf,
    0xd4, 0xc0, 0x1e, 0x47, 0x41, 0x0, 0xf8, 0x6c,
    0x3, 0xe9, 0x42, 0x0, 0xeb, 0xe3, 0x90, 0xe,

    /* U+0424 "Ф" */
    0x0, 0xe3, 0xb0, 0xf, 0x86, 0x33, 0x53, 0x6d,
    0x40, 0x22, 0xcf, 0xdd, 0x26, 0xc7, 0x48, 0x2,
    0x61, 0xc4, 0x2, 0x3b, 0x44, 0x2, 0x28, 0x7,
    0xd5, 0x82, 0x40, 0x1f, 0x88, 0x44, 0x40, 0x1f,
    0x88, 0x41, 0x14, 0x3, 0xea, 0xb0, 0x98, 0x61,
    0x0, 0x8e, 0xd0, 0xc0, 0xb3, 0xb7, 0x93, 0x63,
    0xa4, 0x2, 0x18, 0xce, 0x4d, 0xb5, 0x0, 0xff,
    0xe1, 0x0,

    /* U+0425 "Х" */
    0x3c, 0x0, 0xeb, 0x43, 0x66, 0x0, 0x4a, 0x28,
    0x17, 0x60, 0xa, 0x2c, 0x0, 0x37, 0x21, 0x14,
    0x20, 0x13, 0x2a, 0x91, 0xc0, 0x3b, 0xea, 0x0,
    0x3d, 0x67, 0x80, 0x1c, 0x49, 0x8a, 0x40, 0x1a,
    0x60, 0x26, 0x40, 0x12, 0x8a, 0x2, 0xa, 0x80,
    0x22, 0xc0, 0x2b, 0x80, 0x9a, 0x10, 0x8, 0x6a,
    0x0,

    /* U+0426 "Ц" */
    0x68, 0x0, 0xe2, 0xc0, 0xf, 0xff, 0xf8, 0x7,
    0xff, 0x69, 0xb7, 0x7b, 0xf, 0x55, 0xbb, 0x77,
    0xbb, 0xd4, 0xc0, 0x3f, 0xf9, 0x18, 0xa0,

    /* U+0427 "Ч" */
    0xb3, 0x0, 0xee, 0x0, 0xff, 0xe6, 0x13, 0x0,
    0x7a, 0xa0, 0xc0, 0x2, 0xc0, 0x73, 0x1b, 0x94,
    0x20, 0x4, 0xbd, 0xcb, 0x70, 0xf, 0xfe, 0xa8,

    /* U+0428 "Ш" */
    0x68, 0x0, 0xcd, 0x20, 0x19, 0x64, 0x3, 0xff,
    0xfe, 0x1, 0xff, 0xf6, 0x7e, 0xed, 0xd, 0xdd,
    0xac, 0x0,

    /* U+0429 "Щ" */
    0x68, 0x0, 0xd0, 0xc0, 0x1a, 0x90, 0x3, 0xff,
    0xfe, 0x1, 0xff, 0xff, 0x0, 0x36, 0xee, 0x68,
    0xdd, 0xcb, 0x56, 0xdd, 0xbb, 0xbb, 0x9b, 0xbb,
    0xf9, 0x80, 0x3f, 0xfa, 0x36,

    /* U+042A "Ъ" */
    0xcd, 0xeb, 0x0, 0xf6, 0x6e, 0x80, 0x3f, 0xfb,
    0x89, 0xbb, 0x51, 0x80, 0x64, 0xdd, 0xbb, 0x4c,
    0x3, 0xe4, 0x89, 0x0, 0xfc, 0xa2, 0x1, 0xf9,
    0x44, 0x3, 0xe3, 0x89, 0x0, 0x93, 0x75, 0xd1,
    0x46,

    /* U+042B "Ы" */
    0x68, 0x0, 0xfa, 0xcc, 0x3, 0xff, 0xc2, 0xdb,
    0xb4, 0x90, 0x7, 0x36, 0xed, 0xf8, 0x20, 0x1f,
    0x99, 0xd8, 0x3, 0xfb, 0xfc, 0x1, 0xfd, 0xfe,
    0x0, 0xfc, 0xae, 0xc0, 0x19, 0xb7, 0x5d, 0xcc,
    0x10, 0x8,

    /* U+042C "Ь" */
    0x68, 0x0, 0xff, 0xed, 0xb6, 0xed, 0x24, 0x0,
    0x6d, 0xdb, 0xf0, 0x40, 0x39, 0x9d, 0x80, 0x3d,
    0xfe, 0x0, 0xf7, 0xf8, 0x3, 0x95, 0xd8, 0x1b,
    0x75, 0xdc, 0xc1,

    /* U+042D "Э" */
    0x9, 0xdd, 0xb1, 0x80, 0x36, 0xee, 0xec, 0xa0,
    0x9, 0x0, 0x22, 0xa0, 0x60, 0xf, 0xd7, 0x60,
    0xf, 0xc2, 0x62, 0x0, 0xbe, 0xee, 0x13, 0x0,
    0x5f, 0x77, 0x10, 0x7, 0xf1, 0x10, 0x3, 0xe4,
    0x30, 0xf, 0xd1, 0x40, 0x26, 0x1, 0x15, 0xb3,
    0x0, 0x13, 0xba, 0xee, 0x6d, 0x0, 0x0,

    /* U+042E "Ю" */
    0x68, 0x0, 0xd1, 0xbb, 0x51, 0x0, 0x7d, 0x81,
    0x9b, 0xae, 0xf3, 0x0, 0xe8, 0x58, 0x10, 0x2,
    0x77, 0x0, 0x39, 0xac, 0x3, 0x8c, 0x50, 0x2,
    0x10, 0x20, 0xf, 0x21, 0x83, 0x6e, 0x18, 0x7,
    0xdd, 0xc0, 0x6d, 0xf0, 0xf, 0xe1, 0x0, 0x88,
    0xc0, 0x3e, 0xef, 0x0, 0xc4, 0x40, 0xf, 0x22,
    0x0, 0x35, 0x40, 0x7, 0x20, 0x98, 0x6, 0x61,
    0x91, 0x0, 0x2d, 0x70, 0x7, 0xaf, 0xb3, 0xb9,
    0xf8, 0x60,

    /* U+042F "Я" */
    0x0, 0x2e, 0x76, 0xeb, 0xcc, 0x16, 0x7b, 0x9b,
    0xa4, 0x0, 0x4c, 0x10, 0x7, 0x85, 0x80, 0x3e,
    0x77, 0x0, 0x7d, 0x30, 0x80, 0x1e, 0x3e, 0xff,
    0x6e, 0x90, 0x2, 0x30, 0xad, 0xd2, 0x0, 0x4a,
    0xa, 0x1, 0xe8, 0x90, 0xf, 0x42, 0x90, 0x7,
    0x12, 0xc0, 0x7, 0x80,

    /* U+0430 "а" */
    0x4, 0xbd, 0xd6, 0x18, 0x1, 0xe7, 0x75, 0x1a,
    0x0, 0x32, 0x0, 0x21, 0x10, 0x3, 0xce, 0x20,
    0x31, 0x77, 0x28, 0x3, 0x36, 0xee, 0x50, 0x31,
    0x50, 0x9, 0x80, 0x88, 0x20, 0x8, 0x0, 0xd,
    0xe6, 0x65, 0x0,

    /* U+0431 "б" */
    0x0, 0xff, 0xe0, 0x13, 0xde, 0xd8, 0x4, 0xdc,
    0x55, 0xb6, 0x0, 0x2a, 0xc5, 0x10, 0xd, 0x70,
    0x1, 0xf2, 0xb5, 0x66, 0xd0, 0x80, 0xa, 0x63,
    0x37, 0x54, 0x0, 0x1f, 0x20, 0x3, 0xb1, 0x8,
    0x20, 0x6, 0x47, 0x10, 0xf, 0x9, 0x81, 0x0,
    0x71, 0x18, 0x22, 0x0, 0x32, 0x20, 0x2e, 0x48,
    0x1, 0x2e, 0x20, 0x53, 0xdb, 0xa1, 0x90,

    /* U+0432 "в" */
    0x9d, 0xcc, 0x6c, 0x80, 0x23, 0x31, 0xa1, 0x0,
    0x1d, 0xa4, 0x1, 0xdd, 0x81, 0x19, 0x8f, 0x6,
    0x8, 0xcc, 0x7e, 0xd8, 0x7, 0x3a, 0x0, 0x72,
    0x98, 0x46, 0xed, 0xdc,

    /* U+0433 "г" */
    0x9d, 0xdc, 0xc1, 0x1b, 0xb3, 0x0, 0x7f, 0xf7,
    0x80,

    /* U+0434 "д" */
    0x0, 0x46, 0xee, 0xe0, 0xc, 0x3d, 0xbb, 0x0,
    0x71, 0x80, 0x7f, 0x8, 0x80, 0x3f, 0x39, 0x80,
    0x7e, 0x11, 0x0, 0x7c, 0x4c, 0x1, 0xfa, 0xb8,
    0x3, 0xeb, 0x78, 0xdd, 0xc3, 0xa4, 0xbf, 0xbb,
    0xde, 0xc2, 0x1, 0xfe, 0x90, 0xf, 0xb8, 0x80,

    /* U+0435 "е" */
    0x0, 0x2e, 0x6e, 0x90, 0x0, 0xb3, 0xba, 0xc9,
    0x20, 0x8e, 0x10, 0x1b, 0xb0, 0x99, 0x0, 0x4a,
    0xa3, 0x1c, 0xcd, 0xee, 0x5, 0x99, 0xd6, 0x46,
    0x20, 0x1e, 0x8d, 0x10, 0x0, 0x90, 0x34, 0xe6,
    0xea, 0x84,

    /* U+0436 "ж" */
    0x5a, 0x0, 0xa8, 0xc0, 0x3, 0xa0, 0xa2, 0x80,
    0x1e, 0xb9, 0x0, 0x4c, 0x0, 0x72, 0x2, 0x0,
    0xa, 0xdc, 0x3, 0x45, 0x80, 0x66, 0x8d, 0x4e,
    0xd6, 0x10, 0xd, 0x10, 0xd4, 0xed, 0x72, 0x0,
    0x8d, 0x5c, 0x3, 0x77, 0x0, 0x2e, 0xf0, 0xe,
    0x35, 0x60, 0x75, 0x30, 0xf, 0x4d, 0x88,

    /* U+0437 "з" */
    0x1a, 0xcc, 0x98, 0x6, 0x73, 0x2a, 0x30, 0x30,
    0x9, 0x54, 0x1, 0x85, 0x50, 0x7, 0x37, 0xa8,
    0x80, 0x73, 0x7b, 0x18, 0x3, 0xf, 0x60, 0x88,
    0x2, 0xed, 0x2d, 0xcc, 0xb5, 0xc0,

    /* U+0438 "и" */
    0x94, 0x0, 0x8f, 0xcc, 0x3, 0xbc, 0xc0, 0x39,
    0xed, 0xc0, 0x30, 0xdb, 0x80, 0x75, 0xc0, 0x7,
    0x20, 0x20, 0x6, 0x18, 0xb0, 0xe, 0x9a, 0x10,
    0xf, 0x30, 0x7, 0x0,

    /* U+0439 "й" */
    0x4, 0x90, 0x1c, 0x0, 0x93, 0xaa, 0xfc, 0x3,
    0x3d, 0x50, 0xc0, 0x12, 0x80, 0x11, 0xf9, 0x80,
    0x77, 0x98, 0x7, 0x3d, 0xb8, 0x6, 0x1b, 0x70,
    0xe, 0xb8, 0x0, 0xe4, 0x4, 0x0, 0xc3, 0x16,
    0x1, 0xd3, 0x42, 0x1, 0xe6, 0x0, 0xe0,

    /* U+043A "к" */
    0x95, 0x0, 0xad, 0x0, 0x32, 0x92, 0x0, 0x68,
    0x80, 0x6, 0x98, 0x10, 0x4, 0x6b, 0xa8, 0x5,
    0x1a, 0xee, 0x0, 0xe9, 0xa2, 0x0, 0xe9, 0xe0,
    0xe, 0x45, 0x60,

    /* U+043B "л" */
    0x0, 0x5e, 0xee, 0xb0, 0x3, 0xee, 0xdc, 0x1,
    0x8, 0x7, 0xff, 0x48, 0x98, 0x3, 0xc9, 0x80,
    0x1d, 0xb4, 0xc0, 0x1c,

    /* U+043C "м" */
    0x9d, 0x0, 0xf7, 0xb0, 0x1, 0x0, 0x33, 0x10,
    0x2, 0xb8, 0x3, 0x52, 0x80, 0xd, 0x84, 0x0,
    0x8b, 0xe0, 0x15, 0x48, 0x3, 0xec, 0x3, 0x32,
    0x80, 0x81, 0x0, 0x72, 0xaa, 0x78, 0x3, 0xd5,
    0x28, 0xa0, 0x1e, 0x27, 0xb0, 0xc,

    /* U+043D "н" */
    0x95, 0x0, 0xda, 0x20, 0x1f, 0xfc, 0xd8, 0xdd,
    0xc4, 0x0, 0x8d, 0xdc, 0x40, 0x1f, 0xfc, 0xd0,

    /* U+043E "о" */
    0x0, 0x2e, 0xed, 0x0, 0x13, 0x4e, 0x6e, 0x86,
    0x40, 0x11, 0xc2, 0x0, 0x97, 0x11, 0x1, 0x0,
    0x64, 0x41, 0x90, 0x7, 0x19, 0xc4, 0x1, 0xc6,
    0x61, 0x32, 0x0, 0xc8, 0x80, 0x8e, 0x10, 0x4,
    0xb8, 0x82, 0xce, 0xec, 0x32, 0x0,

    /* U+043F "п" */
    0x9d, 0xde, 0xf0, 0x8d, 0xdc, 0x20, 0x1f, 0xfe,
    0x50,

    /* U+0440 "р" */
    0x93, 0x8d, 0xd6, 0x10, 0x2, 0x37, 0x68, 0xc1,
    0x1, 0x50, 0x2, 0x3b, 0x83, 0x0, 0x36, 0x78,
    0x18, 0x6, 0x13, 0x3, 0x0, 0xc4, 0x61, 0x80,
    0x1b, 0x3c, 0x19, 0x0, 0xa, 0xec, 0x13, 0xba,
    0xee, 0x78, 0x0, 0x67, 0x7a, 0xc8, 0x0, 0x20,
    0x1f, 0xfc, 0xa0,

    /* U+0441 "с" */
    0x0, 0x2e, 0x6e, 0xac, 0x0, 0xb1, 0xdb, 0xaa,
    0x0, 0x47, 0x10, 0x0, 0x40, 0x4c, 0xc0, 0x1c,
    0x44, 0x0, 0xf0, 0x88, 0x3, 0xc4, 0x64, 0x1,
    0xe8, 0xe2, 0x0, 0x8, 0x1, 0xa7, 0xfb, 0x68,
    0x0,

    /* U+0442 "т" */
    0x9d, 0xd7, 0xee, 0xae, 0x77, 0x43, 0xba, 0xb0,
    0xf, 0xff, 0x28,

    /* U+0443 "у" */
    0xb3, 0x0, 0xd0, 0xdd, 0x40, 0x19, 0x5d, 0x5c,
    0x2, 0x47, 0x10, 0x75, 0x0, 0x6f, 0x80, 0x2b,
    0x80, 0x8, 0xa0, 0x3, 0x61, 0x54, 0x0, 0xca,
    0xff, 0x40, 0x1a, 0xb5, 0xcc, 0x3, 0x13, 0xa8,
    0x7, 0xd4, 0x1, 0xc4, 0x4, 0x1, 0xd3, 0x0,
    0x1a, 0xb7, 0x10, 0x3, 0x0,

    /* U+0444 "ф" */
    0x0, 0xe7, 0x0, 0xff, 0x48, 0x7, 0xff, 0x44,
    0xef, 0x47, 0x71, 0x0, 0x24, 0xe8, 0xd2, 0xde,
    0x86, 0x0, 0x4f, 0x18, 0x4, 0x5d, 0x0, 0x26,
    0x60, 0xe, 0x22, 0x19, 0x88, 0x3, 0xe6, 0x73,
    0x20, 0xf, 0x99, 0xc4, 0xcc, 0x1, 0xc4, 0x43,
    0x9, 0xe3, 0x0, 0x8b, 0xac, 0x0, 0x9d, 0x1a,
    0x5b, 0xd0, 0xa0, 0x11, 0xde, 0x8e, 0xe2, 0x0,
    0x7f, 0xf5, 0xc0,

    /* U+0445 "х" */
    0x5b, 0x0, 0x87, 0x45, 0x45, 0x80, 0x17, 0x2,
    0x17, 0x61, 0x50, 0x50, 0x0, 0xcd, 0x45, 0x80,
    0x64, 0x54, 0x10, 0xc, 0xee, 0x52, 0x0, 0x8a,
    0xa7, 0xf8, 0x2, 0xee, 0x1, 0xa4, 0x3, 0xa9,
    0x80, 0x21, 0x4c,

    /* U+0446 "ц" */
    0x95, 0x0, 0xdc, 0x1, 0xff, 0xf6, 0xbd, 0xdc,
    0x3a, 0x73, 0xdb, 0xbb, 0xd1, 0xc0, 0x3f, 0xf8,
    0x9a, 0xc0,

    /* U+0447 "ч" */
    0xe0, 0xc, 0x76, 0x1, 0xff, 0xc9, 0x79, 0x0,
    0xd, 0x84, 0x8e, 0x62, 0x84, 0x1, 0x19, 0x8b,
    0xa0, 0xf, 0xfe, 0x18,

    /* U+0448 "ш" */
    0xa4, 0x0, 0xa5, 0x40, 0x28, 0x60, 0xf, 0xff,
    0xf8, 0x7, 0xfa, 0xb7, 0x67, 0xbd, 0xd9, 0x80,

    /* U+0449 "щ" */
    0x95, 0x0, 0xa5, 0x0, 0x2a, 0x40, 0xf, 0xff,
    0xf8, 0x7, 0xff, 0x1a, 0xf7, 0x67, 0xad, 0xd9,
    0x66, 0x27, 0xb7, 0x6e, 0xe6, 0xed, 0xf2, 0x40,
    0x1f, 0xfc, 0xc6, 0xf0,

    /* U+044A "ъ" */
    0x9d, 0xd4, 0x80, 0x74, 0xec, 0x80, 0x7f, 0xf3,
    0xdf, 0x73, 0x12, 0x20, 0x13, 0xee, 0x63, 0xa8,
    0x3, 0xe7, 0x50, 0xf, 0x99, 0x40, 0x27, 0xdc,
    0xdc, 0xa0,

    /* U+044B "ы" */
    0x95, 0x0, 0xf7, 0x0, 0x7f, 0xf1, 0xe3, 0x75,
    0x68, 0x1, 0xa3, 0x75, 0x32, 0x30, 0xf, 0x15,
    0xd8, 0x3, 0xff, 0x86, 0x37, 0x60, 0xa, 0x37,
    0x68, 0x30, 0x0,

    /* U+044C "ь" */
    0x95, 0x0, 0xff, 0xe7, 0xc6, 0xe6, 0x18, 0x1,
    0x1b, 0x9b, 0xa6, 0x0, 0xc3, 0xde, 0x1, 0xdf,
    0xe0, 0x8d, 0xcc, 0x6b, 0x0,

    /* U+044D "э" */
    0xb, 0xdd, 0x62, 0x80, 0x55, 0xba, 0xe8, 0x50,
    0x0, 0x80, 0xa, 0x64, 0x1, 0xe4, 0x30, 0x3,
    0x66, 0x60, 0x10, 0x6c, 0xcc, 0x22, 0x0, 0xe3,
    0x20, 0x10, 0x8, 0xba, 0x0, 0xf3, 0x1b, 0xd2,
    0x80,

    /* U+044E "ю" */
    0x95, 0x0, 0x15, 0xee, 0xa8, 0x40, 0x3b, 0xbf,
    0x75, 0xf4, 0x1, 0x99, 0x10, 0x0, 0x50, 0x30,
    0xb, 0xf0, 0x3, 0x62, 0x84, 0x6b, 0x38, 0x6,
    0x1e, 0x8, 0xd5, 0x70, 0xc, 0x3c, 0x1, 0x6e,
    0x0, 0x6c, 0x50, 0x9, 0x95, 0x0, 0xc, 0x6,
    0x1, 0xf, 0xfb, 0x75, 0x94, 0x0,

    /* U+044F "я" */
    0x2, 0xbd, 0xdb, 0x9c, 0x3f, 0xdb, 0xb4, 0x80,
    0x9, 0x0, 0x3c, 0x6c, 0x1, 0xed, 0xff, 0x66,
    0x24, 0x0, 0x3a, 0x99, 0x89, 0x0, 0xa6, 0x40,
    0x1c, 0xe8, 0x40, 0x18, 0xa6, 0x0, 0x38,

    /* U+0450 "ѐ" */
    0x0, 0x14, 0x0, 0x78, 0x81, 0xc0, 0x3d, 0x1c,
    0x60, 0x1e, 0x93, 0x0, 0xcb, 0x9b, 0xa4, 0x0,
    0x2c, 0xee, 0xb2, 0x48, 0x23, 0x84, 0x6, 0xec,
    0x26, 0x40, 0x12, 0xa8, 0xc7, 0x33, 0x7b, 0x81,
    0x66, 0x75, 0x91, 0x88, 0x7, 0xa3, 0x44, 0x0,
    0x24, 0xd, 0x39, 0xba, 0xa1,

    /* U+0451 "ё" */
    0x0, 0x2c, 0x83, 0xb0, 0x4, 0x96, 0xa, 0xe0,
    0x10, 0x90, 0x10, 0x80, 0x4b, 0x9b, 0xa4, 0x0,
    0x2c, 0xee, 0xb2, 0x48, 0x23, 0x84, 0x6, 0xec,
    0x26, 0x40, 0x12, 0xa8, 0xc7, 0x33, 0x7b, 0x81,
    0x66, 0x75, 0x91, 0x88, 0x7, 0xa3, 0x44, 0x0,
    0x24, 0xd, 0x39, 0xba, 0xa1,

    /* U+0452 "ђ" */
    0x4, 0x30, 0xf, 0xb1, 0x40, 0x3d, 0x4d, 0x79,
    0x88, 0x0, 0xa9, 0xaf, 0x31, 0x0, 0x1e, 0x8d,
    0xd5, 0x90, 0x5, 0x5b, 0xb7, 0x70, 0x2, 0x75,
    0x0, 0x28, 0x88, 0x1, 0x80, 0x19, 0x8c, 0x0,
    0x20, 0x1f, 0xfd, 0xf8, 0x60, 0xf, 0xfe, 0xb,
    0x80, 0x7c, 0x24, 0x40, 0xc, 0x7b, 0x96, 0x0,

    /* U+0453 "ѓ" */
    0x0, 0xce, 0x20, 0x14, 0x88, 0x80, 0xd, 0xcc,
    0x1, 0x33, 0x80, 0x27, 0x77, 0x30, 0x46, 0xec,
    0xc0, 0x1f, 0xfd, 0xe0,

    /* U+0454 "є" */
    0x0, 0x26, 0x6e, 0xac, 0x0, 0xb3, 0xdb, 0xaa,
    0x0, 0x47, 0x10, 0x0, 0x40, 0x4c, 0xc0, 0x1c,
    0x63, 0x99, 0x98, 0x0, 0x59, 0x99, 0x80, 0x8c,
    0x80, 0x3d, 0x1c, 0x40, 0x1, 0x0, 0x34, 0xff,
    0x6d, 0x0,

    /* U+0455 "ѕ" */
    0x4, 0xcc, 0x6e, 0x18, 0xce, 0xe6, 0xe8, 0x88,
    0xc2, 0x0, 0x11, 0x1b, 0xc9, 0x0, 0x6c, 0xc4,
    0xe2, 0x0, 0x4b, 0x7d, 0xa, 0x1, 0x8a, 0x3c,
    0x88, 0x1, 0x6e, 0x4, 0xee, 0x63, 0x98,

    /* U+0456 "і" */
    0x96, 0xa4, 0x32, 0x95, 0x0, 0xff, 0xe2, 0x0,

    /* U+0457 "ї" */
    0x76, 0xb3, 0x54, 0xf3, 0x22, 0x20, 0x2, 0x90,
    0x3, 0xff, 0xaa,

    /* U+0458 "ј" */
    0x0, 0x4b, 0x0, 0x29, 0x0, 0x6, 0x40, 0x9,
    0x50, 0xf, 0xfe, 0xd8, 0x80, 0x15, 0xaf, 0x50,
    0x80,

    /* U+0459 "љ" */
    0x0, 0x5e, 0xed, 0xd0, 0x1, 0xf3, 0xee, 0xd0,
    0x1, 0xf8, 0x40, 0x3f, 0xf8, 0xad, 0xba, 0xc6,
    0x0, 0xfc, 0xdb, 0xb9, 0x80, 0x2, 0x1, 0xf0,
    0xc6, 0x81, 0x38, 0x7, 0xfc, 0x98, 0x1, 0xf0,
    0xc6, 0xea, 0x98, 0x3, 0x3f, 0x6e, 0x61, 0x80,

    /* U+045A "њ" */
    0x95, 0x0, 0xdc, 0x1, 0xff, 0xe2, 0x8d, 0xdc,
    0x3b, 0xac, 0xa2, 0x0, 0x46, 0xee, 0x1d, 0xd6,
    0x77, 0x80, 0x7f, 0xc8, 0x2, 0x1, 0xfe, 0x30,
    0x10, 0xf, 0xe, 0xeb, 0x23, 0xc0,

    /* U+045B "ћ" */
    0x4, 0x30, 0xf, 0xb1, 0x40, 0x3d, 0x4d, 0x79,
    0x8a, 0x0, 0xa9, 0xaf, 0x31, 0x40, 0x1e, 0x8d,
    0xd6, 0x18, 0x5, 0x5b, 0xb4, 0x70, 0x4, 0xca,
    0x0, 0x41, 0x20, 0x6, 0x80, 0x66, 0x60, 0x0,
    0x40, 0x3f, 0xfb, 0xc0,

    /* U+045C "ќ" */
    0x0, 0xc6, 0xa0, 0x18, 0xbd, 0x0, 0x34, 0x68,
    0x80, 0x6a, 0x10, 0x4, 0xa8, 0x5, 0x68, 0x1,
    0x94, 0x90, 0x3, 0x44, 0x0, 0x34, 0xc0, 0x80,
    0x23, 0x5d, 0x40, 0x28, 0xd7, 0x70, 0x7, 0x4d,
    0x10, 0x7, 0x4f, 0x0, 0x72, 0x2b, 0x0,

    /* U+045D "ѝ" */
    0x1, 0x90, 0xf, 0xe, 0x50, 0x7, 0x97, 0x18,
    0x3, 0xcc, 0xc0, 0xa, 0x50, 0x2, 0x3f, 0x30,
    0xe, 0xf3, 0x0, 0xe7, 0xb7, 0x0, 0xc3, 0x6e,
    0x1, 0xd7, 0x0, 0x1c, 0x80, 0x80, 0x18, 0x62,
    0xc0, 0x3a, 0x68, 0x40, 0x3c, 0xc0, 0x1c,

    /* U+045E "ў" */
    0x2, 0xb0, 0x6, 0x0, 0x45, 0xb5, 0x48, 0x0,
    0xcd, 0x54, 0x40, 0x5, 0x98, 0x6, 0x86, 0xea,
    0x0, 0xca, 0xea, 0xe0, 0x12, 0x38, 0x83, 0xa8,
    0x3, 0x7c, 0x1, 0x5c, 0x0, 0x45, 0x0, 0x1b,
    0xa, 0xa0, 0x6, 0x57, 0xfa, 0x0, 0xd5, 0xae,
    0x60, 0x18, 0x9d, 0x40, 0x3e, 0xa0, 0xe, 0x20,
    0x20, 0xe, 0x98, 0x0, 0xd5, 0xb8, 0x80, 0x18,

    /* U+045F "џ" */
    0x95, 0x0, 0xda, 0x1, 0xff, 0xee, 0xbd, 0xdc,
    0x41, 0x3d, 0xad, 0xfb, 0xe0, 0x1f, 0xfc, 0xe,
    0x30, 0x8,

    /* U+0460 "Ѡ" */
    0x87, 0x0, 0xcf, 0x0, 0x1d, 0xfd, 0xe0, 0x18,
    0x88, 0x1, 0x84, 0x8a, 0x0, 0xcc, 0xc0, 0xc,
    0x62, 0xae, 0x1, 0x84, 0x80, 0x33, 0x38, 0x98,
    0x80, 0x4a, 0x24, 0x1, 0x1e, 0x2, 0x20, 0x2,
    0xa6, 0x40, 0xb, 0x4c, 0x3f, 0x0, 0x6, 0xd5,
    0xa0, 0x13, 0xa8, 0x2b, 0x80, 0x2b, 0x8d, 0x44,
    0x8, 0x44, 0x0, 0x54, 0x4, 0x50, 0x66, 0x2,
    0xd8, 0x5, 0xdc, 0x54, 0x0, 0x4d, 0x5, 0x30,
    0x4, 0xaf, 0x34, 0x0, 0x17, 0xa4, 0x10, 0xd,
    0x62, 0x60, 0x14, 0x2d, 0x80, 0x0,

    /* U+0461 "ѡ" */
    0x95, 0x0, 0xac, 0x80, 0x24, 0x9e, 0x20, 0x8,
    0x58, 0x2, 0x2e, 0x2e, 0x0, 0x88, 0x80, 0x17,
    0x92, 0x28, 0x5, 0xf8, 0x1, 0x2a, 0x8, 0x8,
    0x2, 0xd0, 0x0, 0x23, 0x5, 0xb8, 0x22, 0x46,
    0xf, 0x40, 0x6, 0xa0, 0xf9, 0xfa, 0xa, 0x60,
    0x0, 0xb3, 0x88, 0x95, 0x19, 0x44, 0x2, 0x88,
    0x80, 0x17, 0x10, 0x0, 0x0,

    /* U+0462 "Ѣ" */
    0x0, 0xb8, 0x3, 0xff, 0x89, 0x5b, 0xa1, 0xdd,
    0x94, 0x1, 0x5b, 0xa1, 0xdd, 0x94, 0x3, 0xff,
    0x86, 0x3b, 0xb5, 0xa8, 0x6, 0x1d, 0xda, 0x25,
    0x80, 0x3e, 0x3e, 0xa0, 0xf, 0xc4, 0x40, 0xf,
    0xc4, 0x40, 0xf, 0x8b, 0xa8, 0x2, 0x1d, 0xd7,
    0x7d, 0x30,

    /* U+0463 "ѣ" */
    0x0, 0x30, 0x80, 0x7e, 0xa3, 0x0, 0xf5, 0x69,
    0xfe, 0xe0, 0x6, 0xad, 0x3f, 0xdc, 0x0, 0xff,
    0xe7, 0xfe, 0xeb, 0x28, 0x80, 0x37, 0xee, 0xb3,
    0xf8, 0x3, 0xf2, 0x90, 0x7, 0xe4, 0x20, 0xd,
    0xf9, 0x97, 0xf0, 0x0,

    /* U+0464 "Ѥ" */
    0x68, 0x0, 0xe4, 0xbd, 0xda, 0x44, 0x3, 0xcf,
    0x10, 0xdd, 0xc2, 0x1, 0xc9, 0x58, 0x60, 0x12,
    0x0, 0x7b, 0xe0, 0x3, 0xff, 0x80, 0xa8, 0x1,
    0xf9, 0xb7, 0x61, 0xcd, 0xdd, 0x20, 0x13, 0x6e,
    0xc1, 0xbb, 0xd2, 0x1, 0xf0, 0x88, 0x3, 0xff,
    0x80, 0x88, 0x0, 0xff, 0xe0, 0x4c, 0x0, 0x7f,
    0xf0, 0xd, 0x70, 0xc0, 0x23, 0x0, 0xfa, 0x27,
    0xf7, 0xb9, 0x20,

    /* U+0465 "ѥ" */
    0x95, 0x0, 0xd1, 0xbb, 0x28, 0x7, 0x50, 0x6e,
    0xc8, 0x1, 0x90, 0x60, 0x2, 0x10, 0xd, 0x9a,
    0x1, 0xe8, 0xdd, 0x35, 0xee, 0xd8, 0x0, 0x8d,
    0xd3, 0xc6, 0xed, 0x80, 0x1d, 0x98, 0x0, 0xfe,
    0x54, 0x60, 0x8, 0x40, 0x3b, 0x31, 0xdb, 0xa4,

    /* U+0466 "Ѧ" */
    0x0, 0xd3, 0x20, 0xf, 0xc6, 0x40, 0x1f, 0x37,
    0xeb, 0x0, 0x7b, 0x55, 0xf4, 0x3, 0x88, 0x40,
    0x44, 0x40, 0x1a, 0x93, 0xb8, 0x94, 0x1, 0x93,
    0xa2, 0x79, 0x0, 0x24, 0x40, 0x6, 0x54, 0x0,
    0x75, 0x80, 0x6a, 0xe0, 0x17, 0x30, 0xc, 0x6e,
    0xf, 0x40, 0x1e, 0x56, 0xa5, 0x0, 0xf5, 0xd0,

    /* U+0467 "ѧ" */
    0x0, 0xae, 0xc0, 0x1c, 0x20, 0x1, 0x0, 0xcd,
    0xba, 0x60, 0xd, 0x4c, 0xca, 0x0, 0x8c, 0xdb,
    0xa3, 0x40, 0x4, 0xd5, 0xd5, 0x38, 0x0, 0xe8,
    0x0, 0x47, 0x6, 0x50, 0xc, 0xad, 0x54, 0x0,
    0xd5, 0x40,

    /* U+0468 "Ѩ" */
    0x68, 0x0, 0xe4, 0xe0, 0xf, 0xfe, 0x7, 0x33,
    0x0, 0x3f, 0xc2, 0x29, 0xd0, 0xf, 0xf4, 0xe8,
    0x88, 0x80, 0x3f, 0x95, 0xc3, 0xa8, 0x3, 0x36,
    0xed, 0xc5, 0x9d, 0x2a, 0x1, 0x9b, 0x76, 0x4b,
    0xd3, 0xd4, 0x40, 0x7, 0xc8, 0x80, 0xa, 0xb8,
    0x3, 0xcc, 0xe0, 0x18, 0xdc, 0x40, 0x3b, 0x68,
    0x3, 0x95, 0xc0, 0x30, 0xb1, 0x80, 0x75, 0x50,
    0x3, 0x3a, 0x80, 0x78, 0x84, 0x80,

    /* U+0469 "ѩ" */
    0x94, 0x0, 0xa3, 0x40, 0x3f, 0x91, 0x20, 0xf,
    0x95, 0x2b, 0x80, 0x3e, 0xea, 0x37, 0x0, 0xd3,
    0xba, 0x4f, 0xd3, 0x60, 0xa, 0x76, 0xa6, 0x49,
    0x94, 0x1, 0xd4, 0xe0, 0x2, 0x2, 0x0, 0x8d,
    0xc4, 0x2, 0xaa, 0x0, 0x55, 0xc0, 0x19, 0x94,
    0x0,

    /* U+046A "Ѫ" */
    0xb, 0xee, 0xfb, 0xc0, 0x28, 0x2e, 0xee, 0x49,
    0x0, 0x8e, 0xa8, 0x1, 0x39, 0xb0, 0x6, 0x63,
    0x60, 0x4b, 0x90, 0xf, 0x4d, 0x2c, 0xe8, 0x7,
    0x8e, 0xc6, 0x82, 0x94, 0x3, 0xf, 0x46, 0x96,
    0x54, 0x98, 0x4, 0xca, 0x60, 0x10, 0xc4, 0x80,
    0x57, 0x40, 0x1c, 0x88, 0x0, 0x9, 0x10, 0x3,
    0xc8, 0x80, 0x77, 0x0, 0x7d, 0x9a, 0x19, 0xa0,
    0x1f, 0x3b, 0x80,

    /* U+046B "ѫ" */
    0xc, 0xec, 0xcd, 0xd0, 0x0, 0xf2, 0xcc, 0xb8,
    0xe4, 0x0, 0x73, 0x40, 0xe, 0xe0, 0x80, 0x4a,
    0x6f, 0x54, 0x30, 0xc, 0xeb, 0x29, 0xaa, 0x1,
    0x3f, 0x63, 0x5d, 0x49, 0x80, 0x2a, 0x40, 0x21,
    0xf8, 0x5, 0x40, 0xe, 0x37, 0x2e, 0xa0, 0xf,
    0x55, 0x0,

    /* U+046C "Ѭ" */
    0x68, 0x0, 0x5f, 0xf7, 0x7b, 0xc0, 0x3d, 0x7,
    0xdd, 0xc9, 0x20, 0x1e, 0x3a, 0xa0, 0x4, 0xc6,
    0xc0, 0x1f, 0x30, 0x30, 0x1d, 0x48, 0x7, 0xf5,
    0x51, 0x7b, 0x40, 0x39, 0xb3, 0x37, 0xd, 0x5,
    0x28, 0x6, 0x6c, 0xc6, 0x8e, 0xe8, 0xb2, 0xa4,
    0xc0, 0x3c, 0xd4, 0x60, 0x10, 0xc4, 0x0, 0x3d,
    0x6a, 0x1, 0xc8, 0xa0, 0x1c, 0x22, 0x20, 0xf,
    0x22, 0x80, 0x67, 0x40, 0xf, 0xbf, 0x0, 0x36,
    0x68, 0x7, 0xca, 0xe0,

    /* U+046D "ѭ" */
    0x94, 0x9, 0xec, 0xcd, 0xd6, 0x1, 0xa0, 0xbb,
    0x32, 0x29, 0x0, 0xc3, 0xfc, 0x0, 0xa9, 0x20,
    0xe, 0x3a, 0xa3, 0x9a, 0x80, 0x51, 0x76, 0xdb,
    0x49, 0x26, 0x0, 0xa2, 0xfd, 0xb2, 0xda, 0xf1,
    0x80, 0x34, 0x40, 0x40, 0x2b, 0xb0, 0x4, 0x40,
    0x60, 0x18, 0x51, 0x0, 0xa, 0xa0, 0x7, 0xab,
    0xc0,

    /* U+046E "Ѯ" */
    0x0, 0x49, 0x3, 0x50, 0x80, 0x53, 0x28, 0xea,
    0x10, 0x1, 0xcb, 0xa9, 0xb0, 0x0, 0x66, 0xb3,
    0x6b, 0x1c, 0x6, 0x8c, 0x0, 0x31, 0x40, 0x1f,
    0x8, 0x80, 0x3c, 0x7f, 0x0, 0x16, 0xeb, 0xf7,
    0xd0, 0x2, 0xdd, 0x7e, 0xfa, 0x80, 0x78, 0xf6,
    0xc0, 0x3e, 0x10, 0x10, 0xf, 0x8, 0xc0, 0x1c,
    0x34, 0xe0, 0x5, 0xac, 0xdd, 0xa0, 0x12, 0x21,
    0x9b, 0x8c, 0x1, 0x39, 0x0, 0x79, 0xa, 0xef,
    0x64, 0x0, 0x22, 0xef, 0x64, 0x80,

    /* U+046F "ѯ" */
    0x7, 0x40, 0x4b, 0x30, 0x7f, 0x7f, 0xb3, 0x19,
    0x68, 0x74, 0x0, 0x66, 0xff, 0x48, 0x89, 0x40,
    0x4, 0xe4, 0x1, 0x8d, 0xcc, 0x1, 0x9b, 0x92,
    0x1, 0x66, 0xf7, 0xa0, 0x6, 0x1d, 0xc0, 0xe,
    0xdd, 0x4, 0x5e, 0x63, 0x56, 0x7e, 0xf3, 0xc,
    0x6, 0x60, 0xe, 0x8f, 0xcc, 0xcc, 0x57, 0x99,
    0x98,

    /* U+0470 "Ѱ" */
    0x87, 0x0, 0xe, 0x0, 0x56, 0x60, 0x1f, 0xfd,
    0x5f, 0x0, 0xfc, 0xe0, 0x3c, 0x1, 0xf1, 0x11,
    0xd0, 0x3, 0xc6, 0x42, 0x25, 0xb2, 0x0, 0x93,
    0xbc, 0x1, 0x1d, 0x38, 0x7b, 0xde, 0x60, 0x12,
    0xde, 0x1e, 0xd1, 0x0, 0x7f, 0xf3, 0x0,

    /* U+0471 "ѱ" */
    0x0, 0xcc, 0x20, 0x1f, 0xa8, 0xc0, 0x3f, 0xf9,
    0x96, 0x60, 0x1e, 0xe0, 0xf, 0xe3, 0x10, 0xf,
    0xce, 0x40, 0x1f, 0x8d, 0xc0, 0x3f, 0x18, 0x8,
    0x7, 0xc2, 0xfa, 0x80, 0x1c, 0x2a, 0x6d, 0x28,
    0x1, 0xd, 0x40, 0xe, 0xfe, 0x9f, 0xee, 0x98,
    0x0, 0x77, 0xa7, 0xf8, 0xc0, 0x1f, 0xfd, 0x40,

    /* U+0472 "Ѳ" */
    0x0, 0x92, 0xf7, 0x67, 0x0, 0xe8, 0xf9, 0xdd,
    0x83, 0x0, 0x23, 0x4b, 0x20, 0x9, 0xd2, 0x0,
    0x13, 0x0, 0x1e, 0x86, 0x0, 0x22, 0x80, 0x7c,
    0x64, 0x3, 0x9b, 0xbf, 0x10, 0x80, 0x37, 0x7f,
    0x18, 0x0, 0x48, 0x3, 0xe2, 0x10, 0x44, 0x0,
    0x78, 0x80, 0x82, 0x60, 0x3, 0xd1, 0x20, 0x3,
    0x6c, 0x30, 0x0, 0xd0, 0xb8, 0x5, 0x13, 0xfd,
    0xcc, 0xdb, 0x0, 0x0,

    /* U+0473 "ѳ" */
    0x0, 0x26, 0x6e, 0xa4, 0x2, 0x49, 0xed, 0xd7,
    0x58, 0x2, 0x38, 0x80, 0xe, 0xe3, 0x3, 0x30,
    0x6, 0x44, 0x8, 0x6e, 0xf3, 0x78, 0x8b, 0x77,
    0x9b, 0x80, 0x8c, 0x3, 0x22, 0x3, 0xfc, 0x20,
    0x7, 0x62, 0x3, 0x8d, 0xdb, 0xe8, 0x0,

    /* U+0474 "Ѵ" */
    0xd2, 0x0, 0xf5, 0xe1, 0x52, 0x80, 0x73, 0x1e,
    0x12, 0xd0, 0x7, 0x54, 0x80, 0x8, 0x4c, 0x2,
    0x10, 0x10, 0xa, 0xac, 0x2, 0x74, 0x0, 0xce,
    0xc0, 0x16, 0xd8, 0x6, 0x15, 0x40, 0x2, 0x98,
    0x7, 0x6e, 0x81, 0x5c, 0x3, 0xcc, 0xe1, 0xfa,
    0x1, 0xf2, 0x26, 0x0, 0xfb, 0xe1, 0x40, 0x3f,
    0x29, 0xe8, 0x7, 0x0,

    /* U+0475 "ѵ" */
    0xd1, 0x0, 0xcf, 0xa3, 0x4c, 0x1, 0xd, 0x68,
    0xb5, 0x0, 0x4f, 0x40, 0x1, 0x62, 0x0, 0x6a,
    0x80, 0x5b, 0x40, 0x2e, 0x40, 0x13, 0x28, 0x3a,
    0x0, 0x73, 0x9e, 0xd0, 0x7, 0x75, 0x31, 0x0,
    0x72, 0x3a, 0x80, 0x60,

    /* U+0476 "Ѷ" */
    0x4, 0x60, 0x82, 0x0, 0xf2, 0x50, 0xdc, 0x80,
    0x7d, 0xd6, 0x7c, 0xc0, 0x1e, 0x2a, 0x5, 0x60,
    0xd, 0xa4, 0x1, 0xeb, 0xc2, 0xa5, 0x0, 0xe6,
    0x3c, 0x25, 0xa0, 0xe, 0xa9, 0x0, 0x10, 0x98,
    0x4, 0x20, 0x20, 0x15, 0x58, 0x4, 0xe8, 0x1,
    0x9d, 0x80, 0x2d, 0xb0, 0xc, 0x2a, 0x80, 0x5,
    0x30, 0xe, 0xdd, 0x2, 0xb8, 0x7, 0x99, 0xc3,
    0xf4, 0x3, 0xe4, 0x4c, 0x1, 0xf7, 0xc2, 0x80,
    0x7e, 0x53, 0xd0, 0xe,

    /* U+0477 "ѷ" */
    0x37, 0x6, 0x40, 0xc, 0x78, 0x69, 0x0, 0x1d,
    0x52, 0x51, 0x0, 0xc, 0x34, 0x9, 0x0, 0x16,
    0x88, 0x6, 0x7d, 0x1a, 0x60, 0x8, 0x6b, 0x45,
    0xa8, 0x2, 0x7a, 0x0, 0xb, 0x10, 0x3, 0x54,
    0x2, 0xda, 0x1, 0x72, 0x0, 0x99, 0x41, 0xd0,
    0x3, 0x9c, 0xf6, 0x80, 0x3b, 0xa9, 0x88, 0x3,
    0x91, 0xd4, 0x3, 0x0,

    /* U+0478 "Ѹ" */
    0x0, 0x9f, 0x76, 0x91, 0x0, 0xff, 0xe0, 0x56,
    0xe6, 0xeb, 0xf0, 0x40, 0x3f, 0xc8, 0xd4, 0x20,
    0x6, 0x59, 0x0, 0xff, 0x74, 0x80, 0x74, 0xb0,
    0x68, 0x80, 0x6b, 0x40, 0x44, 0x0, 0x70, 0x98,
    0xd3, 0x0, 0x42, 0xc8, 0x2, 0x20, 0xf, 0x9,
    0x35, 0x0, 0x4e, 0xa0, 0x1f, 0xfc, 0x1, 0x63,
    0x0, 0x55, 0x0, 0x2, 0x20, 0xf, 0x9, 0x7,
    0x50, 0x8, 0x10, 0x1, 0x10, 0x1, 0xc2, 0x2,
    0xa, 0x80, 0xd6, 0x1, 0x74, 0x80, 0x74, 0xa8,
    0x4, 0x88, 0xb6, 0x0, 0x91, 0xa8, 0x40, 0xe,
    0x90, 0x1, 0x54, 0x38, 0x80, 0x6a, 0xdc, 0xed,
    0xed, 0x0, 0xc6, 0x3c, 0x1, 0xe7, 0xde, 0xd9,
    0x10, 0xe, 0x35, 0x0, 0xff, 0xe2, 0x2a, 0x0,
    0x7f, 0xf1, 0x66, 0x0, 0x3f, 0xf8, 0x79, 0xb4,
    0x40, 0x18,

    /* U+0479 "ѹ" */
    0x0, 0x26, 0x6e, 0xa4, 0x1, 0x48, 0x1, 0xa1,
    0xc1, 0x27, 0xb7, 0x5d, 0x61, 0xdc, 0x0, 0xca,
    0xc1, 0x1c, 0x40, 0x7, 0x71, 0xa3, 0x80, 0x46,
    0xc2, 0x6, 0x60, 0xc, 0x88, 0x5, 0x60, 0x5,
    0x70, 0x8, 0x80, 0x3b, 0xfc, 0x15, 0x40, 0x3,
    0xa8, 0x8, 0x80, 0x3b, 0xf8, 0x8, 0x9, 0x10,
    0x1, 0x1a, 0x0, 0x65, 0x40, 0x5, 0x2f, 0x70,
    0x2, 0xf8, 0x10, 0x3, 0xb8, 0x80, 0xd, 0x6e,
    0x80, 0x11, 0xc6, 0xe6, 0xfd, 0x0, 0x66, 0x50,
    0xe, 0x4c, 0xc6, 0xc0, 0x7, 0x35, 0x0, 0x7f,
    0xf0, 0x88, 0x8, 0x3, 0xff, 0x85, 0x12, 0x1,
    0xff, 0xc1, 0xad, 0x25, 0x0, 0xc0,

    /* U+047A "Ѻ" */
    0x0, 0xff, 0xe2, 0x1c, 0xfb, 0x90, 0x7, 0xe,
    0x40, 0x8b, 0xfd, 0x20, 0x1b, 0x26, 0xe3, 0xa3,
    0x4e, 0x0, 0xe, 0xe5, 0x0, 0xeb, 0x61, 0xb,
    0x90, 0xf, 0xa, 0x20, 0xc, 0x80, 0x3e, 0xdd,
    0x0, 0x4, 0x3, 0xe1, 0x10, 0x8, 0x80, 0x3e,
    0xe1, 0x5, 0x50, 0x7, 0xc7, 0xa1, 0xbe, 0x1,
    0xe1, 0x55, 0x3, 0x3b, 0x80, 0x30, 0xec, 0x0,
    0x5b, 0xb5, 0xfd, 0x65, 0x30, 0x4, 0x35, 0x98,
    0x1e, 0xd6, 0x0, 0x0,

    /* U+047B "ѻ" */
    0x0, 0x8e, 0xec, 0x40, 0x1a, 0xa4, 0x1, 0x32,
    0x0, 0x39, 0x55, 0xdc, 0x6a, 0x13, 0x20, 0xd,
    0x3c, 0x0, 0x10, 0xc, 0x6a, 0x1, 0xfe, 0x31,
    0x0, 0xc6, 0xa1, 0x50, 0x1, 0xa3, 0x81, 0xc2,
    0xf2, 0xf0, 0xd4, 0x1, 0x32, 0x71, 0xd8, 0x0,

    /* U+047C "Ѽ" */
    0x0, 0xc7, 0x79, 0x2, 0x1, 0xfd, 0x35, 0xba,
    0xb9, 0x0, 0xfd, 0x43, 0x39, 0x52, 0x1, 0xfe,
    0xcf, 0x0, 0xff, 0xe0, 0xb0, 0x7, 0xc3, 0x5b,
    0xaa, 0x41, 0xad, 0xd4, 0x80, 0x5b, 0xfb, 0xa9,
    0x1, 0x9d, 0xd7, 0x58, 0x32, 0xa8, 0x0, 0x60,
    0x3, 0x0, 0x38, 0x26, 0xd0, 0x7, 0xfb, 0xb5,
    0x4c, 0x3, 0xfc, 0xea, 0x1, 0xff, 0xc0, 0x21,
    0x0, 0xf1, 0x10, 0x3, 0xc6, 0x20, 0x1a, 0x90,
    0x3, 0x10, 0xba, 0x80, 0x7f, 0x91, 0x7f, 0xc0,
    0x1f, 0xeb, 0xa5, 0x9, 0x0, 0xa, 0x68, 0x80,
    0xd3, 0x98, 0x58, 0x6f, 0x6c, 0x76, 0xf6, 0x15,
    0x0,

    /* U+047D "ѽ" */
    0x0, 0xc5, 0x76, 0x81, 0x0, 0xfe, 0xa9, 0xad,
    0xbb, 0x0, 0x7e, 0x82, 0x7f, 0xab, 0x0, 0xff,
    0x16, 0x0, 0x7f, 0xf0, 0x19, 0x80, 0x1f, 0x9f,
    0x75, 0x24, 0x11, 0xba, 0x70, 0x9, 0x73, 0x75,
    0x20, 0x8, 0xdd, 0x62, 0x80, 0x26, 0x40, 0x1f,
    0xa6, 0x40, 0x2, 0x20, 0x7, 0xe2, 0x20, 0x7,
    0xc6, 0x60, 0xf, 0xfe, 0x2, 0x20, 0x3, 0xe5,
    0x40, 0xf, 0xc8, 0xa0, 0xf, 0x91, 0x1, 0xcc,
    0x8, 0xc, 0xf8, 0x1, 0x2f, 0x37, 0x3f, 0xb7,
    0x59, 0x8, 0x0,

    /* U+047E "Ѿ" */
    0x0, 0xd3, 0x35, 0xcd, 0x98, 0x7, 0xdb, 0x32,
    0xf9, 0x83, 0x0, 0xf9, 0x0, 0x8, 0x6, 0x1,
    0xa1, 0xc0, 0x33, 0xc0, 0x7, 0x7f, 0x78, 0x6,
    0x22, 0x0, 0x61, 0x22, 0x80, 0x33, 0x30, 0x3,
    0x18, 0xab, 0x80, 0x61, 0x20, 0xc, 0xce, 0x26,
    0x20, 0x12, 0x89, 0x0, 0x47, 0x80, 0x88, 0x0,
    0xa9, 0x90, 0x2, 0xd3, 0xf, 0xc0, 0x1, 0xb5,
    0x68, 0x4, 0xea, 0xa, 0xe0, 0xa, 0xe3, 0x51,
    0x2, 0x11, 0x0, 0x15, 0x1, 0x14, 0x19, 0x80,
    0xb6, 0x1, 0x77, 0x15, 0x0, 0x13, 0x41, 0x4c,
    0x1, 0x2b, 0xcd, 0x0, 0x5, 0xe9, 0x4, 0x3,
    0x58, 0x98, 0x5, 0xb, 0x60, 0x0,

    /* U+047F "ѿ" */
    0x0, 0xe, 0xce, 0x54, 0xe0, 0x7, 0xf, 0xcf,
    0x54, 0xf0, 0x7, 0x88, 0x8, 0x0, 0x40, 0x14,
    0xa8, 0x5, 0x64, 0x1, 0x24, 0xf1, 0x0, 0x42,
    0xc0, 0x11, 0x71, 0x70, 0x4, 0x44, 0x0, 0xbc,
    0x91, 0x40, 0x2f, 0xc0, 0x9, 0x50, 0x40, 0x40,
    0x16, 0x80, 0x1, 0x18, 0x2d, 0xc1, 0x12, 0x30,
    0x7a, 0x0, 0x35, 0x7, 0xcf, 0xd0, 0x53, 0x0,
    0x5, 0x9c, 0x44, 0xa8, 0xca, 0x20, 0x14, 0x44,
    0x0, 0xb8, 0x80, 0x0,

    /* U+0480 "Ҁ" */
    0x0, 0x8e, 0xb7, 0x6b, 0x30, 0x2, 0xf7, 0xee,
    0xd0, 0x20, 0x57, 0x8a, 0x1, 0x19, 0x5, 0xc8,
    0x80, 0x7c, 0x8a, 0x1, 0xf8, 0x88, 0x1, 0xff,
    0xc6, 0x21, 0x0, 0xfc, 0x8e, 0x1, 0xfa, 0xe0,
    0x40, 0x3e, 0x28, 0xc4, 0x0, 0xf9, 0xbb, 0x9b,
    0xd2, 0x1, 0xc7, 0x5b, 0x46, 0x1, 0xff, 0xd4,

    /* U+0481 "ҁ" */
    0x0, 0x1d, 0xf6, 0xe0, 0x81, 0xf4, 0x76, 0xe8,
    0x42, 0x24, 0xc0, 0x2, 0x0, 0x44, 0x0, 0x70,
    0x88, 0x3, 0xc2, 0x1, 0xf8, 0x8c, 0x3, 0xd1,
    0xc6, 0x1, 0xc9, 0xd1, 0xdc, 0x20, 0x8, 0xef,
    0x94, 0x40, 0x3f, 0xf9, 0xa0,

    /* U+0482 "҂" */
    0x0, 0xf1, 0x0, 0x78, 0xe0, 0x2, 0x87, 0x8,
    0x80, 0x5, 0x3, 0xa2, 0x40, 0x19, 0x84, 0x28,
    0x40, 0x27, 0xaa, 0x4a, 0x53, 0x8d, 0xb0, 0x1a,
    0xd0, 0xfd, 0x80, 0x72, 0x2f, 0x50, 0x80, 0x51,
    0x9, 0x91, 0x80, 0x4, 0xcc, 0x6, 0x40, 0x0,

    /* U+0483 "҃" */
    0x0, 0xe5, 0x11, 0x65, 0x55, 0x26, 0x33, 0x55,
    0x61, 0x0,

    /* U+0484 "҄" */
    0x0, 0x1c, 0xdd, 0x1, 0xdd, 0xef, 0x50,

    /* U+0485 "҅" */
    0x4c, 0x1, 0x90, 0x52, 0x10,

    /* U+0486 "҆" */
    0x1e, 0x11, 0x39, 0x9b, 0x8,

    /* U+0487 "҇" */
    0x4c, 0xb7, 0x10, 0xec, 0xb2, 0xb9,

    /* U+0488 "҈" */
    0x0, 0xfc, 0x97, 0x44, 0x1, 0xff, 0xc4, 0xdb,
    0xb8, 0x3, 0xff, 0x89, 0x20, 0x32, 0x1, 0xff,
    0x4d, 0xc8, 0x7, 0xc3, 0x56, 0xe0, 0x1c, 0x55,
    0x74, 0x60, 0x1e, 0x4b, 0xb0, 0x88, 0x3, 0x11,
    0x81, 0x98, 0x3, 0xca, 0x20, 0xc2, 0x1, 0xff,
    0xcb, 0x4b, 0xa1, 0x0, 0xff, 0x15, 0x5a, 0x0,
    0x32, 0xed, 0x20, 0x1f, 0xea, 0xa5, 0xe8, 0x2,
    0x0, 0x60, 0x3, 0xfd, 0x0, 0x9, 0x0, 0xff,
    0xf0, 0x45, 0xc0, 0x7, 0xea, 0xb6, 0x0, 0xe3,
    0xeb, 0xe4, 0x0, 0xf3, 0xcd, 0xf8, 0x80, 0x63,
    0x60, 0x64, 0x0, 0xf3, 0x98, 0x48, 0x80, 0x7f,
    0x92, 0xec, 0x40, 0x1f, 0xfc, 0x4c, 0xba, 0xa0,
    0x7, 0xe0,

    /* U+0489 "҉" */
    0x0, 0xfe, 0x50, 0xf, 0xfe, 0x20, 0xf0, 0x7,
    0xfc, 0x20, 0x19, 0xcc, 0x3, 0xfe, 0xd0, 0xd,
    0x9a, 0x1, 0x84, 0xc0, 0x3a, 0xe0, 0x2, 0xa5,
    0x0, 0xa3, 0x1c, 0x3, 0x9d, 0x84, 0x3, 0xca,
    0x5a, 0x80, 0x1e, 0xf1, 0x0, 0xf2, 0xd0, 0x7,
    0xe1, 0x0, 0xff, 0xe0, 0x88, 0x7, 0xff, 0x15,
    0xb6, 0xd0, 0x3, 0xfc, 0xf8, 0xe2, 0xfb, 0xee,
    0x1, 0xfe, 0x7f, 0x19, 0x0, 0x21, 0x80, 0x7f,
    0xc6, 0xd0, 0x1, 0xff, 0xd3, 0x40, 0xf, 0x8f,
    0x54, 0x3, 0xc3, 0x42, 0x1, 0xcf, 0x1c, 0xa0,
    0x2, 0x50, 0x0, 0xc4, 0x80, 0x73, 0xd9, 0x80,
    0x49, 0xa0, 0x13, 0x10, 0x7, 0xfd, 0xf8, 0x1,
    0xa8, 0x3, 0xfe, 0x24, 0x0, 0xfc,

    /* U+048A "Ҋ" */
    0x0, 0x43, 0x0, 0x21, 0xc0, 0x3a, 0x7e, 0xac,
    0x1c, 0x3, 0x86, 0x6a, 0xe0, 0x3, 0x33, 0x80,
    0x71, 0xf8, 0x80, 0x7e, 0xf1, 0x0, 0xfc, 0xea,
    0x40, 0x1f, 0x15, 0x48, 0x7, 0xe9, 0x80, 0xf,
    0xca, 0x2a, 0x1, 0xf0, 0xc5, 0x80, 0x7e, 0x8b,
    0x10, 0xf, 0x8d, 0x58, 0x3, 0xf7, 0x70, 0x3,
    0xf4, 0xa9, 0x0, 0x7e, 0x38, 0x0, 0xf6, 0x23,
    0x68, 0x7, 0xb0, 0x50, 0x3, 0xf1, 0xb0, 0x7,
    0xf4, 0xf8, 0x0,

    /* U+048B "ҋ" */
    0x4, 0x20, 0x1, 0x20, 0x4, 0x54, 0x0, 0xb1,
    0x0, 0x98, 0x2e, 0xdc, 0xa0, 0x1a, 0x2e, 0xce,
    0x1, 0x4a, 0x0, 0x45, 0xea, 0x1, 0xe9, 0x40,
    0xf, 0x29, 0x18, 0x7, 0xc, 0xc8, 0x3, 0xd1,
    0x20, 0x1e, 0x32, 0x50, 0xf, 0x7d, 0x0, 0x7b,
    0xec, 0x40, 0x3c, 0xce, 0x1, 0xad, 0xe7, 0x40,
    0x34, 0x32, 0x0, 0x7c, 0xa6, 0x1, 0xe4, 0x70,

    /* U+048C "Ҍ" */
    0x6, 0x80, 0xf, 0xfe, 0x1d, 0x43, 0x6d, 0x0,
    0x6a, 0x86, 0xda, 0x0, 0xff, 0xe1, 0xb6, 0xed,
    0x44, 0x1, 0x36, 0xed, 0xf8, 0x20, 0x1e, 0x56,
    0x60, 0x7, 0xdd, 0xc0, 0xf, 0xbb, 0x80, 0x1e,
    0x46, 0x60, 0x1, 0xb7, 0x6e, 0xc1,

    /* U+048D "ҍ" */
    0x2, 0x50, 0xf, 0x9b, 0xc0, 0x3c, 0xb2, 0x99,
    0x0, 0x19, 0x65, 0x32, 0x0, 0x3f, 0xfb, 0xc9,
    0xbb, 0x63, 0x0, 0x49, 0xbb, 0xca, 0x1, 0xe1,
    0xdd, 0x0, 0x7d, 0xba, 0x0, 0x26, 0x65, 0xb8,
    0xa0,

    /* U+048E "Ҏ" */
    0x6e, 0xdd, 0x75, 0x98, 0x1, 0xb7, 0x5d, 0xfa,
    0x40, 0x1c, 0x8d, 0x40, 0x1e, 0xe1, 0x0, 0xcc,
    0x1d, 0xe0, 0x1b, 0x25, 0x58, 0x1b, 0x74, 0xcf,
    0xe0, 0x6, 0xdd, 0x65, 0x58, 0x7, 0x92, 0x0,
    0x3e, 0x10, 0xf, 0xfe, 0x28,

    /* U+048F "ҏ" */
    0x93, 0x8d, 0xd6, 0x10, 0x2, 0x37, 0x68, 0xf1,
    0x1, 0x50, 0x2, 0x21, 0xc3, 0x0, 0x36, 0x78,
    0x18, 0x6, 0x13, 0x3, 0x0, 0xc2, 0x61, 0x80,
    0x7, 0x2c, 0xf0, 0x65, 0x5, 0xf4, 0x60, 0x9c,
    0xdf, 0x15, 0x0, 0xc, 0xee, 0xb0, 0xc0, 0x2,
    0x1, 0xac, 0x3, 0xff, 0x8a,

    /* U+0490 "Ґ" */
    0x0, 0xf3, 0x80, 0x7a, 0x40, 0x3e, 0x6e, 0xdd,
    0xc4, 0xd, 0xbb, 0xb0, 0x3, 0xff, 0xf4,

    /* U+0491 "ґ" */
    0x0, 0xce, 0xe0, 0xf, 0xfe, 0x4, 0xee, 0x62,
    0xc8, 0x23, 0x32, 0x50, 0xf, 0xfe, 0xf0,

    /* U+0492 "Ғ" */
    0x6, 0xed, 0xde, 0x0, 0x36, 0xef, 0x0, 0x7f,
    0xf5, 0x22, 0xd, 0xba, 0xc0, 0x4, 0x41, 0xb7,
    0x58, 0x1, 0xff, 0xd6,

    /* U+0493 "ғ" */
    0x9, 0xdd, 0xcc, 0x0, 0x8d, 0xd9, 0x80, 0x3f,
    0xf8, 0x54, 0xf1, 0x98, 0x10, 0xa7, 0x8c, 0xc0,
    0x80, 0x7f, 0xf2, 0x80,

    /* U+0494 "Ҕ" */
    0x6e, 0xdd, 0xe0, 0x9, 0xb7, 0x78, 0x3, 0xff,
    0xa4, 0xdb, 0xb4, 0x8, 0x4, 0xfb, 0xac, 0xfc,
    0x20, 0x0, 0x80, 0x5, 0xee, 0x40, 0x3e, 0x65,
    0x10, 0xf, 0x95, 0x40, 0x1f, 0x8, 0x80, 0x3e,
    0x11, 0x34, 0x0, 0x72, 0xa8, 0x3, 0xc8, 0x42,
    0x0, 0x10, 0x1, 0xcc, 0x0, 0x57, 0xdc, 0xf9,
    0x40,

    /* U+0495 "ҕ" */
    0x9d, 0xdc, 0xe0, 0x8, 0xdd, 0x9c, 0x3, 0xff,
    0x89, 0x1b, 0xaa, 0x20, 0x4, 0x6e, 0xb3, 0x2,
    0x1, 0x99, 0xd8, 0x3, 0xb7, 0x40, 0x1c, 0xe3,
    0x2a, 0x1, 0x38, 0x7, 0xb3, 0x0, 0x20, 0x3,
    0x66, 0x2, 0xee, 0xbf, 0x44,

    /* U+0496 "Җ" */
    0x5b, 0x0, 0x87, 0x0, 0x21, 0xd1, 0x5, 0x38,
    0x0, 0xfb, 0x64, 0x40, 0x10, 0x6a, 0x1, 0xd3,
    0x68, 0x1, 0xaa, 0x8, 0x2, 0x63, 0x70, 0xe,
    0x1e, 0xe1, 0x81, 0xd5, 0x0, 0x3e, 0x3a, 0x91,
    0xee, 0x0, 0x7f, 0x79, 0x8b, 0x38, 0x7, 0xe6,
    0x39, 0xa, 0x82, 0x0, 0xf1, 0xdd, 0x0, 0x7,
    0xbc, 0x3, 0x87, 0xbc, 0x3, 0x1d, 0xd0, 0x6,
    0xa8, 0x20, 0xe, 0x60, 0x70, 0x4, 0x12, 0x80,
    0x7d, 0x54, 0xe2, 0x89, 0x0, 0x87, 0x0, 0x36,
    0xa8, 0x7, 0xff, 0x44,

    /* U+0497 "җ" */
    0x3c, 0x0, 0xb4, 0x0, 0x38, 0x40, 0x75, 0x40,
    0xe, 0xa8, 0x20, 0x3, 0x13, 0x80, 0x53, 0x88,
    0x1, 0xa3, 0x10, 0x18, 0x1c, 0x3, 0xd1, 0x27,
    0x10, 0x0, 0xf0, 0xff, 0x8e, 0xa8, 0x1, 0xea,
    0x82, 0x4, 0xda, 0x0, 0xd5, 0xa8, 0x1, 0x31,
    0x40, 0x1, 0xcd, 0x80, 0x3a, 0xb, 0x51, 0xe4,
    0x2, 0xd0, 0xa, 0x94, 0x40, 0x3f, 0xf9, 0x80,

    /* U+0498 "Ҙ" */
    0x8, 0xde, 0xdc, 0x40, 0xb, 0xb3, 0xb7, 0xe8,
    0xc0, 0xc, 0x20, 0x3, 0x8a, 0x0, 0xf9, 0x48,
    0x3, 0xe5, 0x30, 0xf, 0x25, 0x48, 0x5, 0x7b,
    0xf3, 0x2, 0x1, 0x5e, 0xff, 0xb9, 0xc0, 0x3c,
    0x55, 0x20, 0x1f, 0x84, 0x4, 0x80, 0x22, 0xb5,
    0x3, 0x8d, 0xee, 0x79, 0xd0, 0x15, 0x6e, 0x26,
    0xc0, 0x7, 0x11, 0x10, 0x3, 0xee, 0x20, 0xf,
    0x4d, 0x38, 0x4,

    /* U+0499 "ҙ" */
    0x1a, 0xcc, 0x98, 0x6, 0x73, 0x2a, 0x30, 0x30,
    0x9, 0x54, 0x1, 0x85, 0x50, 0x7, 0x37, 0xa4,
    0x80, 0x73, 0x7b, 0xd4, 0x3, 0xf, 0x78, 0x80,
    0x6d, 0xd2, 0xe6, 0x61, 0x74, 0xcc, 0x3e, 0xc0,
    0x6, 0xf9, 0x0, 0xe6, 0x20, 0xc, 0xdd, 0xc0,
    0x0,

    /* U+049A "Қ" */
    0x68, 0x0, 0xd1, 0x20, 0x1e, 0x72, 0x90, 0xe,
    0x6c, 0xa0, 0xe, 0x5a, 0xb0, 0xe, 0x49, 0xd0,
    0xe, 0x39, 0xd1, 0x0, 0xe2, 0x5, 0x0, 0xf0,
    0xe4, 0x98, 0x7, 0x87, 0xf8, 0x80, 0x3c, 0x5d,
    0xe2, 0x1, 0xe3, 0x9c, 0x10, 0xf, 0x25, 0xfd,
    0xb4, 0x0, 0x66, 0xf7, 0x0, 0xff, 0xe3, 0x0,

    /* U+049B "қ" */
    0x95, 0x0, 0x2d, 0x80, 0x63, 0x9b, 0x0, 0x8b,
    0xf4, 0x2, 0x3e, 0xe0, 0x80, 0x54, 0xa4, 0x1,
    0xa4, 0x94, 0x3, 0xae, 0x4c, 0x3, 0xb7, 0x88,
    0x3, 0xf, 0x65, 0xca, 0x80, 0xf, 0x98, 0x3,
    0xff, 0x84,

    /* U+049C "Ҝ" */
    0x68, 0x0, 0xd1, 0x20, 0x1e, 0x72, 0x90, 0x8,
    0x65, 0xb2, 0x80, 0x39, 0x2a, 0xc0, 0x39, 0x43,
    0x40, 0x38, 0xe9, 0x4, 0x3, 0x88, 0xc0, 0x3e,
    0x1f, 0x63, 0x0, 0xf1, 0xa7, 0x10, 0x7, 0xc,
    0x77, 0x88, 0x7, 0x19, 0xa7, 0x4, 0x3, 0xc9,
    0x1a, 0x0,

    /* U+049D "ҝ" */
    0x95, 0x30, 0x5b, 0x0, 0xa9, 0xa6, 0xc0, 0x35,
    0xe8, 0x4, 0x6f, 0xc2, 0x1, 0x50, 0x88, 0x3,
    0x4a, 0x20, 0x3, 0x8a, 0xd0, 0x3, 0xba, 0x48,
    0x2, 0x93, 0xff, 0x8,

    /* U+049E "Ҟ" */
    0x6, 0x80, 0xc, 0xd4, 0x1, 0xf0, 0xdd, 0x4,
    0x41, 0xb5, 0x42, 0xa4, 0x1, 0x10, 0x6d, 0x56,
    0x24, 0x0, 0xf1, 0x5c, 0x80, 0x73, 0x6e, 0x58,
    0x7, 0x9b, 0x72, 0xc0, 0x3f, 0x12, 0xc0, 0x7,
    0xe8, 0x52, 0x0, 0xfd, 0x12, 0x1, 0xf9, 0x41,
    0x40, 0x3f, 0x4c, 0x0,

    /* U+049F "ҟ" */
    0x4, 0x20, 0xf, 0x6b, 0x80, 0x75, 0x3c, 0x65,
    0x80, 0x54, 0xf1, 0x96, 0x1, 0xf9, 0x6c, 0x3,
    0x8e, 0x6c, 0x3, 0x17, 0xe8, 0x6, 0x3e, 0xe0,
    0x80, 0x6a, 0x52, 0x0, 0xe9, 0x25, 0x0, 0xf5,
    0xca, 0x0, 0x7b, 0x64, 0x80, 0x38, 0x7b, 0xc4,

    /* U+04A0 "Ҡ" */
    0xcd, 0xe9, 0x0, 0xcf, 0x41, 0x9b, 0x60, 0x19,
    0xb2, 0x80, 0x3e, 0x5a, 0xb0, 0xf, 0x92, 0x74,
    0x3, 0xe3, 0x9d, 0x10, 0xf, 0x2f, 0x78, 0x80,
    0x7c, 0xc2, 0xe0, 0x1f, 0x8f, 0x61, 0x0, 0x3f,
    0xf, 0xc9, 0x80, 0x7e, 0x2f, 0xe2, 0x0, 0xfc,
    0x5d, 0xe2, 0x1, 0xf8, 0xe7, 0x40,

    /* U+04A1 "ҡ" */
    0x8c, 0xdc, 0x0, 0xb0, 0xe3, 0x3c, 0x2, 0xb9,
    0x30, 0xe, 0x9c, 0x50, 0xe, 0x70, 0x70, 0xe,
    0x19, 0x80, 0xf, 0xd, 0x68, 0x7, 0xc9, 0x54,
    0x0, 0xf9, 0x8a, 0x0, 0x3e, 0x82, 0x60,

    /* U+04A2 "Ң" */
    0x68, 0x0, 0xf7, 0x0, 0x7f, 0xf8, 0xdb, 0x77,
    0xc2, 0x1, 0x36, 0xef, 0x84, 0x3, 0xff, 0xd7,
    0xc4, 0xd0, 0x1, 0xee, 0x51, 0x0, 0xff, 0xe5,
    0x0,

    /* U+04A3 "ң" */
    0x95, 0x0, 0xce, 0xe0, 0xf, 0xfe, 0x8c, 0x6e,
    0xe9, 0x0, 0xa3, 0x77, 0x48, 0x7, 0xff, 0x3e,
    0x62, 0x54, 0x3, 0x3d, 0x8, 0x7, 0xff, 0x18,

    /* U+04A4 "Ҥ" */
    0x68, 0x0, 0xf7, 0xee, 0x9c, 0x3, 0xf0, 0xee,
    0x9c, 0x3, 0xff, 0xb2, 0xdb, 0xbe, 0x10, 0xc,
    0xdb, 0xbe, 0x10, 0xf, 0xff, 0x98,

    /* U+04A5 "ҥ" */
    0x95, 0x0, 0xcf, 0xd9, 0x80, 0xf, 0xa7, 0x30,
    0x1, 0xff, 0xc9, 0x8d, 0xdd, 0x20, 0x1a, 0x37,
    0x74, 0x80, 0x7f, 0xf5, 0x40,

    /* U+04A6 "Ҧ" */
    0x6f, 0xee, 0xf4, 0x0, 0x7e, 0x7e, 0xee, 0x80,
    0xf, 0xff, 0xa3, 0x6e, 0xb1, 0xc0, 0x3f, 0xe7,
    0xdd, 0xbf, 0x40, 0x3f, 0xc2, 0x0, 0x18, 0x48,
    0x0, 0xff, 0xe1, 0x43, 0x0, 0x7f, 0xf0, 0x84,
    0x4, 0x3, 0xff, 0x84, 0x46, 0x1, 0xff, 0xc2,
    0x20, 0x68, 0x0, 0xe6, 0x80, 0xc, 0x22, 0x20,
    0xf, 0xfe, 0xb, 0x28, 0x7, 0xf8, 0x40, 0xb,
    0x30, 0x1, 0xfe, 0xde, 0xeb, 0x48, 0x0,

    /* U+04A7 "ҧ" */
    0x9d, 0xde, 0xf0, 0xf, 0xa3, 0x77, 0x8, 0x7,
    0xff, 0x6f, 0x37, 0x18, 0x3, 0xfb, 0x37, 0x68,
    0x0, 0xff, 0xd, 0x30, 0x7, 0xfc, 0x2a, 0x60,
    0x1f, 0xf0, 0xbc, 0xa8, 0x6, 0xe0, 0xc, 0x2e,
    0x1, 0xff, 0x29, 0x0, 0x7c, 0x20, 0x8, 0x41,
    0x0, 0xf9, 0xb7, 0x86, 0x80,

    /* U+04A8 "Ҩ" */
    0x0, 0x97, 0x37, 0x4e, 0x1, 0xe9, 0xee, 0x6e,
    0x9c, 0x3, 0x8d, 0x6c, 0x80, 0x6b, 0x68, 0x40,
    0x13, 0x20, 0xa, 0xb3, 0x73, 0x40, 0x8, 0x80,
    0x1, 0x33, 0x1, 0x84, 0x40, 0x22, 0x0, 0x33,
    0x80, 0x4c, 0x40, 0x1c, 0x20, 0x1f, 0x8, 0x80,
    0xc, 0x20, 0x13, 0x8, 0x22, 0x0, 0x6, 0xa0,
    0x2, 0x2, 0x9, 0x80, 0x9, 0x18, 0x22, 0xc0,
    0x6, 0xb8, 0x41, 0x76, 0xa1, 0x60, 0xa, 0x27,
    0xb7, 0xc9, 0x78, 0x4, 0x2, 0x5c, 0xde, 0xfa,
    0x9d, 0x60,

    /* U+04A9 "ҩ" */
    0x0, 0x2e, 0xe9, 0x80, 0x39, 0x27, 0x34, 0xf2,
    0x84, 0x1, 0x1e, 0x25, 0x19, 0x89, 0x0, 0x19,
    0x81, 0x14, 0x1d, 0x0, 0x48, 0x0, 0x3e, 0x2,
    0x20, 0x12, 0x0, 0x17, 0x1, 0x30, 0x1, 0xc,
    0x11, 0x1, 0x5a, 0x0, 0x8e, 0x21, 0x5b, 0x46,
    0x0, 0x1c, 0xf6, 0xa1, 0xbe, 0x18,

    /* U+04AA "Ҫ" */
    0x0, 0x8a, 0xb7, 0x6a, 0x20, 0x2, 0xff, 0x6e,
    0xdc, 0x60, 0x31, 0x88, 0x1, 0x20, 0x84, 0xd0,
    0x80, 0x7c, 0xaa, 0x0, 0xfc, 0x44, 0x0, 0xff,
    0xe3, 0x9, 0x0, 0x7e, 0x54, 0x0, 0xfd, 0xb0,
    0x1, 0xf9, 0x8f, 0x4c, 0x2, 0x20, 0xb, 0x7,
    0x3f, 0xb6, 0x44, 0x0, 0x39, 0x83, 0xbd, 0xb1,
    0x0, 0xc7, 0xb0, 0x1, 0xf8, 0x44, 0x1, 0xf1,
    0x62, 0x80, 0x40,

    /* U+04AB "ҫ" */
    0x0, 0x15, 0xee, 0xb0, 0x0, 0x5f, 0x1b, 0xb0,
    0x2, 0x20, 0x60, 0x1, 0x0, 0x2a, 0x80, 0x38,
    0x44, 0x1, 0xe1, 0x10, 0x7, 0xc4, 0x80, 0x1e,
    0xa9, 0x20, 0x1, 0x0, 0x1d, 0xb7, 0xb6, 0x40,
    0x2b, 0xb1, 0xe5, 0x80, 0x64, 0xb8, 0x0, 0xf2,
    0x18, 0x7, 0x37, 0x70, 0x0,

    /* U+04AC "Ҭ" */
    0xce, 0xeb, 0xfb, 0xa5, 0xce, 0xe6, 0xa7, 0x74,
    0xa0, 0x1f, 0xff, 0xf0, 0xf, 0xf2, 0x60, 0x7,
    0x8f, 0xc8, 0x3, 0xff, 0x92,

    /* U+04AD "ҭ" */
    0x8d, 0xd7, 0xee, 0xae, 0x37, 0x45, 0x9b, 0x60,
    0x1f, 0xfe, 0x2c, 0x30, 0xd, 0xae, 0x1, 0xff,
    0xc4,

    /* U+04AE "Ү" */
    0xb4, 0x0, 0xeb, 0x58, 0x80, 0x6, 0x37, 0x53,
    0x74, 0x0, 0xa2, 0x0, 0x8, 0x80, 0x1, 0x1d,
    0x0, 0x6, 0xca, 0x11, 0xe0, 0x1a, 0x20, 0x8e,
    0x60, 0x18, 0x9e, 0xa0, 0x3, 0xd2, 0x46, 0x1,
    0xe1, 0x0, 0xff, 0xea, 0x0,

    /* U+04AF "ү" */
    0xc2, 0x0, 0xd2, 0xb6, 0xa0, 0x19, 0x15, 0xa8,
    0x2, 0x54, 0x1, 0x63, 0x0, 0x75, 0x0, 0x3a,
    0x80, 0x58, 0xc0, 0xa, 0x80, 0xf4, 0x1, 0x91,
    0x14, 0xc0, 0x1a, 0xbd, 0xc4, 0x3, 0x1b, 0x70,
    0x7, 0x99, 0x80, 0x1f, 0xfc, 0xf0,

    /* U+04B0 "Ұ" */
    0xb4, 0x0, 0xeb, 0x58, 0x80, 0x6, 0x37, 0x53,
    0x74, 0x0, 0xa2, 0x0, 0x8, 0x80, 0x0, 0xdd,
    0x0, 0x6, 0xe8, 0x11, 0x0, 0xd, 0x10, 0x37,
    0x40, 0xc, 0x6f, 0xd0, 0x1, 0xe8, 0x4, 0x0,
    0xd1, 0xbc, 0x5b, 0xa2, 0x0, 0x46, 0xf9, 0xee,
    0x88, 0x3, 0xff, 0x8e,

    /* U+04B1 "ұ" */
    0xd1, 0x0, 0xd2, 0xb4, 0xc0, 0x19, 0x15, 0xa8,
    0x2, 0x54, 0x1, 0x63, 0x0, 0x7d, 0x0, 0x36,
    0xc0, 0xe, 0x60, 0x6, 0x50, 0x65, 0x0, 0xce,
    0x7b, 0x40, 0x1b, 0xa9, 0xc8, 0x3, 0x23, 0xd8,
    0x6, 0xcc, 0x5, 0xe3, 0x0, 0x33, 0xb, 0xf8,
    0xc0, 0x1f, 0xfc, 0x50,

    /* U+04B2 "Ҳ" */
    0x5a, 0x0, 0xec, 0x30, 0x51, 0x40, 0x9, 0x90,
    0xc0, 0x13, 0x20, 0x0, 0xdc, 0x0, 0x44, 0xae,
    0x17, 0x0, 0x1d, 0x14, 0xa2, 0xa0, 0x1e, 0x8a,
    0x90, 0xf, 0xb0, 0x90, 0x3, 0xc6, 0xb9, 0x62,
    0x1, 0xdf, 0xc3, 0x70, 0x1, 0x9d, 0x8, 0x19,
    0x4c, 0x0, 0x35, 0x0, 0x17, 0xf8, 0x1, 0x70,
    0x1, 0x8d, 0x79, 0x29, 0x40, 0x3a, 0x58, 0x40,
    0x3f, 0xf9, 0x0,

    /* U+04B3 "ҳ" */
    0x3d, 0x0, 0xd8, 0x40, 0x75, 0x0, 0x8, 0xb2,
    0x0, 0x3a, 0x19, 0x91, 0xc0, 0x37, 0x7f, 0xb8,
    0x3, 0x89, 0xdc, 0x40, 0x1c, 0x80, 0x2a, 0x1,
    0x86, 0x6a, 0xe0, 0x40, 0x2b, 0xb0, 0x8a, 0x2c,
    0x0, 0x82, 0xc0, 0x5, 0x1d, 0x24, 0xb0, 0xd,
    0x6c, 0x20, 0x1f, 0xfc, 0x60,

    /* U+04B4 "Ҵ" */
    0xce, 0xe7, 0xfb, 0xba, 0x60, 0x2d, 0x0, 0x67,
    0x72, 0x21, 0xdd, 0x30, 0x7, 0xff, 0xfc, 0x3,
    0xff, 0xe1, 0x3d, 0xdd, 0x85, 0xc2, 0x1, 0x3f,
    0x77, 0xde, 0x60, 0x1f, 0xfd, 0x10,

    /* U+04B5 "ҵ" */
    0x8d, 0xd7, 0xee, 0xa8, 0x16, 0x42, 0x37, 0xcf,
    0x75, 0x40, 0x1f, 0xff, 0xd3, 0xdd, 0xd6, 0xf4,
    0x0, 0x2f, 0xdd, 0xdd, 0xec, 0x1, 0xff, 0xca,

    /* U+04B6 "Ҷ" */
    0x95, 0x0, 0xeb, 0x30, 0xf, 0xfe, 0xe8, 0x90,
    0x7, 0xeb, 0xa2, 0x0, 0x13, 0xa8, 0x0, 0xe6,
    0x5b, 0xa9, 0x12, 0x0, 0x92, 0xf7, 0x56, 0xce,
    0x1, 0xff, 0xd2, 0xd6, 0x0, 0xfa, 0xe4, 0x40,
    0x3f, 0xf9, 0x0,

    /* U+04B7 "ҷ" */
    0xb2, 0x0, 0xdc, 0x1, 0xff, 0xc8, 0x11, 0x0,
    0x7d, 0x92, 0x0, 0x29, 0x10, 0x3, 0x16, 0x62,
    0x2c, 0x40, 0x28, 0xcc, 0x51, 0x0, 0x7f, 0xf1,
    0xf4, 0x40, 0x3d, 0xc2, 0x60, 0x1f, 0xfc, 0x60,

    /* U+04B8 "Ҹ" */
    0x95, 0x0, 0xeb, 0x30, 0xf, 0xfe, 0x90, 0xc8,
    0x6, 0x12, 0x0, 0xfa, 0xe8, 0xc0, 0x2, 0xca,
    0x7, 0x31, 0x8f, 0x40, 0x40, 0x4, 0xbc, 0x7b,
    0x67, 0x0, 0xff, 0xe0, 0x8d, 0x0, 0x7e, 0x30,
    0xc,

    /* U+04B9 "ҹ" */
    0xb2, 0x0, 0xdc, 0x1, 0xfe, 0x20, 0x8, 0x44,
    0x12, 0x1, 0x64, 0x80, 0xa, 0x1, 0xb7, 0x16,
    0xec, 0x0, 0x7c, 0x59, 0x30, 0xf, 0xfa, 0xc0,
    0x20,

    /* U+04BA "Һ" */
    0x68, 0x0, 0xff, 0xeb, 0x93, 0x5e, 0xea, 0xc8,
    0x0, 0xe1, 0x3b, 0xaf, 0xc1, 0x5, 0x62, 0x0,
    0x22, 0x40, 0x1f, 0x11, 0x80, 0x7f, 0xf6, 0x0,

    /* U+04BB "һ" */
    0x42, 0x0, 0xf6, 0xb8, 0x7, 0xff, 0x32, 0x37,
    0x56, 0x40, 0x9, 0xcd, 0xd7, 0xf8, 0x0, 0xa8,
    0x0, 0x41, 0x10, 0x78, 0x6, 0x72, 0x3, 0x0,
    0xff, 0xed, 0x0,

    /* U+04BC "Ҽ" */
    0x0, 0xc3, 0x3b, 0xae, 0xa2, 0x0, 0xe1, 0xcf,
    0xdd, 0x77, 0xf8, 0x40, 0x35, 0x43, 0x0, 0x4b,
    0x52, 0x8, 0x62, 0xca, 0x1, 0xcc, 0xa0, 0x68,
    0xae, 0x1, 0xe1, 0x20, 0x6c, 0xa4, 0xdd, 0xf8,
    0x40, 0x6e, 0xcf, 0xbb, 0xf7, 0x0, 0x4c, 0xa0,
    0x1f, 0xf1, 0x90, 0x80, 0x7f, 0xd3, 0x0, 0x1f,
    0xf3, 0x94, 0x88, 0x4, 0x82, 0x1, 0xd7, 0xd9,
    0xbd, 0xbc, 0x0,

    /* U+04BD "ҽ" */
    0x0, 0xd5, 0xba, 0xa0, 0xe, 0xbc, 0xdd, 0x65,
    0x83, 0x99, 0x81, 0x80, 0xc, 0xc2, 0xe7, 0x4d,
    0x0, 0xce, 0xeb, 0xf9, 0xbc, 0xcc, 0xe0, 0x56,
    0xf1, 0x99, 0xb5, 0x40, 0x1f, 0x80, 0x1f, 0x99,
    0x18, 0x2, 0x30, 0xd, 0x98, 0xed, 0xd5, 0x0,

    /* U+04BE "Ҿ" */
    0x0, 0xc3, 0x3b, 0xae, 0xa2, 0x0, 0xe2, 0xcf,
    0xdd, 0x77, 0xf8, 0x40, 0x34, 0xc3, 0x0, 0x4b,
    0x52, 0x8, 0x62, 0xca, 0x1, 0xcc, 0xa0, 0x68,
    0xae, 0x1, 0xe1, 0x20, 0x6c, 0xa4, 0xdd, 0xf8,
    0x40, 0x6e, 0xcf, 0xbb, 0xf7, 0x0, 0x4c, 0xa0,
    0x1f, 0xf1, 0x90, 0x80, 0x7f, 0xcd, 0x0, 0x1f,
    0xf4, 0x2c, 0x88, 0x4, 0x82, 0x1, 0xd8, 0x39,
    0xdc, 0xde, 0x0, 0xfa, 0x34, 0xfb, 0x68, 0x40,
    0x3f, 0xf9, 0xe0,

    /* U+04BF "ҿ" */
    0x0, 0xd3, 0xba, 0xa0, 0xe, 0xbf, 0xdd, 0x65,
    0x83, 0x99, 0x81, 0x80, 0xc, 0xc2, 0xe7, 0x4d,
    0x0, 0xce, 0xeb, 0xf9, 0xbc, 0xcc, 0xe0, 0x56,
    0xf1, 0x99, 0xb5, 0x40, 0x1f, 0x80, 0x1f, 0x99,
    0x14, 0x2, 0x30, 0xd, 0x9f, 0xbb, 0x48, 0x6,
    0x1a, 0xb5, 0xda, 0x0, 0xff, 0xe4, 0x80,

    /* U+04C0 "Ӏ" */
    0x1b, 0xfb, 0x11, 0x58, 0xd8, 0x80, 0x7f, 0xf8,
    0x46, 0xc6, 0xc4,

    /* U+04C1 "Ӂ" */
    0x0, 0xc7, 0x60, 0xd, 0x0, 0xfe, 0x3d, 0xaa,
    0x48, 0x7, 0xf9, 0xaa, 0x88, 0x1, 0xc9, 0x60,
    0x1a, 0x54, 0x3, 0x68, 0xa0, 0xa8, 0x7, 0xe9,
    0xb1, 0xb, 0x81, 0x0, 0xf1, 0xab, 0x0, 0x6,
    0x2c, 0x3, 0xdd, 0xc0, 0xc, 0xa0, 0xa0, 0x1a,
    0x28, 0x80, 0x3a, 0x2b, 0x5e, 0xf5, 0xdc, 0x1,
    0xe8, 0x9d, 0x7b, 0xd6, 0x60, 0x7, 0x1b, 0x30,
    0x3, 0x45, 0x88, 0x6, 0xff, 0x0, 0x70, 0xd4,
    0x0, 0x4c, 0xc3, 0x0, 0xf3, 0xa1, 0x80, 0xc5,
    0x80, 0x7e, 0x9f, 0x8, 0x91, 0x0, 0xfc, 0x8e,
    0xa0,

    /* U+04C2 "ӂ" */
    0x0, 0x92, 0x40, 0x70, 0x3, 0xe4, 0xea, 0xbf,
    0x0, 0xfc, 0xf5, 0x43, 0x0, 0xcb, 0x40, 0x15,
    0x18, 0x0, 0x74, 0x14, 0x50, 0x3, 0xd7, 0x20,
    0x9, 0x80, 0xe, 0x40, 0x40, 0x1, 0x5b, 0x80,
    0x68, 0xb0, 0xc, 0xd1, 0xa9, 0xda, 0xc2, 0x1,
    0xa2, 0x1a, 0x9d, 0xae, 0x40, 0x11, 0xab, 0x80,
    0x6e, 0xe0, 0x5, 0xde, 0x1, 0xc6, 0xac, 0xe,
    0xa6, 0x1, 0xe9, 0xb1,

    /* U+04C3 "Ӄ" */
    0x68, 0x0, 0xd3, 0x20, 0xf, 0x48, 0xc8, 0x7,
    0x48, 0xc0, 0x7, 0x48, 0xc0, 0x7, 0x40, 0xc0,
    0x7, 0x33, 0xae, 0x49, 0x0, 0x4f, 0xfb, 0x99,
    0x20, 0x0, 0x40, 0x25, 0xca, 0x0, 0xf8, 0x91,
    0x0, 0x1f, 0x69, 0x80, 0x7c, 0x3e, 0x1, 0xf0,
    0x83, 0x40, 0x7, 0x6e, 0x80, 0x3c, 0x2a, 0x80,
    0x1, 0x0, 0x16, 0xc0, 0x80, 0x1b, 0xb9, 0xf4,
    0xe0,

    /* U+04C4 "ӄ" */
    0x95, 0x0, 0x25, 0x80, 0x63, 0x8b, 0x0, 0x87,
    0xf4, 0x3, 0x6f, 0x88, 0x5, 0x63, 0xf0, 0x20,
    0xb, 0xdc, 0xdc, 0x10, 0xc, 0xb7, 0x0, 0x1c,
    0xe8, 0x1, 0xc2, 0x72, 0xa0, 0x10, 0x98, 0x7,
    0x23, 0x80, 0x61, 0x89, 0x2, 0xcd, 0xc9, 0x30,

    /* U+04C5 "Ӆ" */
    0x0, 0xcd, 0xdb, 0xb7, 0x30, 0x7, 0x75, 0xee,
    0xcc, 0x1, 0xe2, 0x60, 0xf, 0xf3, 0x10, 0x7,
    0xf8, 0x84, 0x3, 0xfc, 0x60, 0x1f, 0xe3, 0x60,
    0xf, 0xf3, 0x18, 0x7, 0xfb, 0x74, 0x1, 0xfe,
    0x47, 0x0, 0xfe, 0x30, 0x20, 0xf, 0xdb, 0xde,
    0x1, 0xe8, 0x80, 0x6e, 0x8c, 0x3, 0xa1, 0xb4,
    0x3, 0xfc, 0xaa, 0x0, 0xfe, 0x57, 0x0,

    /* U+04C6 "ӆ" */
    0x0, 0x1f, 0x6e, 0xb9, 0x80, 0x27, 0x6d, 0xd3,
    0x0, 0x62, 0xf0, 0xf, 0xb8, 0x80, 0x3e, 0x26,
    0x0, 0xf9, 0x88, 0x3, 0xc2, 0x2, 0x1, 0xe9,
    0xb0, 0xf, 0x59, 0xb8, 0x6, 0x88, 0x5d, 0x80,
    0x34, 0x4e, 0x80, 0x7d, 0x6a, 0x1, 0xe3, 0x70,

    /* U+04C7 "Ӈ" */
    0x68, 0x0, 0xf7, 0x0, 0x7f, 0xf6, 0x5b, 0x77,
    0xc2, 0xd, 0xbb, 0xe1, 0x0, 0xff, 0xf0, 0xb4,
    0x0, 0x70, 0x98, 0x7, 0xcc, 0xa0, 0x10, 0x80,
    0x12, 0x64, 0x0, 0x1d, 0xee, 0x7e, 0x8,

    /* U+04C8 "ӈ" */
    0x95, 0x0, 0xce, 0xe0, 0xf, 0xfe, 0x6c, 0x6e,
    0xe9, 0x0, 0x46, 0xee, 0x90, 0xf, 0xfe, 0x6c,
    0xa8, 0x6, 0xf1, 0x0, 0xf1, 0x10, 0x2, 0x10,
    0x27, 0x40, 0xb, 0x75, 0xdc, 0x0,

    /* U+04C9 "Ӊ" */
    0x68, 0x0, 0xf7, 0x0, 0x7f, 0xf8, 0xdb, 0x77,
    0xc2, 0x1, 0x36, 0xef, 0x84, 0x3, 0xff, 0xd7,
    0xc6, 0xd0, 0x1, 0xee, 0x33, 0x0, 0x7e, 0x54,
    0x0, 0xfe, 0x9d, 0x0,

    /* U+04CA "ӊ" */
    0x95, 0x0, 0xce, 0xe0, 0xf, 0xfe, 0x8c, 0x6e,
    0xe9, 0x0, 0xa3, 0x77, 0x48, 0x7, 0xff, 0x3e,
    0x62, 0x54, 0x3, 0x3c, 0xf0, 0x7, 0xd6, 0xe0,
    0x1e, 0x27, 0x10,

    /* U+04CB "Ӌ" */
    0x95, 0x0, 0xeb, 0x30, 0xf, 0xfe, 0xc0, 0x90,
    0x7, 0xd7, 0x44, 0x0, 0x27, 0x50, 0x39, 0x96,
    0xea, 0x44, 0x80, 0x9, 0x7b, 0xab, 0x67, 0x0,
    0xff, 0xe6, 0xe2, 0x0, 0x7c, 0x5e, 0x60, 0x1f,
    0xfc, 0x60,

    /* U+04CC "ӌ" */
    0xb2, 0x0, 0xdc, 0x1, 0xff, 0xc2, 0x11, 0x0,
    0x76, 0x48, 0x0, 0xa4, 0x58, 0xb3, 0x11, 0x62,
    0x11, 0x98, 0xa2, 0x0, 0xff, 0xe0, 0xe, 0x88,
    0x7, 0xf, 0x80, 0x7f, 0xf0, 0x80,

    /* U+04CD "Ӎ" */
    0x6f, 0x30, 0xf, 0x1f, 0xa8, 0x0, 0xe8, 0x3,
    0xd4, 0x60, 0x12, 0x20, 0x3, 0xc8, 0xa0, 0x17,
    0xa2, 0x80, 0x65, 0x50, 0x7, 0x57, 0x0, 0x6e,
    0xa0, 0xe, 0x36, 0x10, 0x0, 0x81, 0x0, 0x7a,
    0x98, 0x0, 0xda, 0x1, 0xf3, 0x58, 0x2, 0xd8,
    0x3, 0xe1, 0x72, 0x36, 0x0, 0xfe, 0xea, 0xa7,
    0x0, 0x7f, 0x2a, 0x91, 0x0, 0x1f, 0xe7, 0x50,
    0xd, 0x70, 0xce, 0x1, 0x54, 0x0, 0x52, 0xf8,
    0x1, 0xff, 0x22, 0x0, 0x3f, 0xcc, 0xe0,

    /* U+04CE "ӎ" */
    0xad, 0x0, 0xe8, 0xd0, 0xc, 0x60, 0x19, 0x44,
    0x2, 0x5a, 0x0, 0x95, 0x42, 0x1, 0x5a, 0x0,
    0x5d, 0x40, 0x1c, 0xaa, 0x1, 0x2, 0x0, 0xea,
    0xe0, 0x6e, 0x0, 0xf1, 0x0, 0xd2, 0x80, 0x7d,
    0xd4, 0x80, 0x1f, 0x95, 0x28, 0x0, 0x5a, 0x34,
    0x60, 0xf, 0x30, 0x7, 0x88, 0x80, 0x3f, 0x35,
    0x80, 0x7f, 0x52, 0x80,

    /* U+04CF "ӏ" */
    0x1b, 0xfb, 0x11, 0x58, 0xd8, 0x80, 0x7f, 0xf8,
    0x46, 0xc6, 0xc4,

    /* U+04D0 "Ӑ" */
    0x0, 0x1d, 0x0, 0x34, 0x3, 0x8f, 0x6e, 0xd2,
    0x1, 0xe7, 0xbb, 0x20, 0x7, 0xd7, 0x0, 0x1f,
    0xb, 0xa8, 0x7, 0xcd, 0x6e, 0x80, 0x1e, 0xb6,
    0xed, 0x0, 0xe3, 0x71, 0x47, 0x0, 0xea, 0xe0,
    0x3, 0xa8, 0x6, 0x45, 0x0, 0x6f, 0x0, 0x4a,
    0x5d, 0xd5, 0x20, 0x80, 0x3a, 0xfb, 0xb3, 0xb0,
    0xb, 0x20, 0x6, 0xaa, 0x3, 0x28, 0x7, 0x10,
    0x15, 0xd0, 0x7, 0xaa, 0x80,

    /* U+04D1 "ӑ" */
    0x0, 0x51, 0x83, 0x38, 0x5, 0x73, 0x5e, 0xe0,
    0x10, 0xd5, 0x24, 0x2, 0x2a, 0xdc, 0xc2, 0x0,
    0xf, 0xb7, 0x3e, 0x80, 0x2, 0x80, 0x3, 0x53,
    0x0, 0xf0, 0xb8, 0xb, 0xdd, 0xc8, 0x0, 0xc1,
    0xbb, 0x90, 0xc, 0x58, 0x2, 0x70, 0x22, 0x8,
    0x1, 0xc0, 0x3, 0x79, 0x91, 0x50, 0x0,

    /* U+04D2 "Ӓ" */
    0x0, 0xff, 0xe0, 0xf, 0x0, 0xe8, 0x7, 0xe,
    0x0, 0xf8, 0x7, 0x88, 0x0, 0x40, 0x1f, 0x5c,
    0x0, 0x7c, 0x2e, 0xa0, 0x1f, 0x35, 0xba, 0x0,
    0x7a, 0xdb, 0xb4, 0x3, 0x8d, 0xc5, 0x1c, 0x3,
    0xab, 0x80, 0xe, 0xa0, 0x19, 0x14, 0x1, 0xbc,
    0x1, 0x29, 0x77, 0x54, 0x82, 0x0, 0xeb, 0xee,
    0xce, 0xc0, 0x2c, 0x80, 0x1a, 0xa8, 0xc, 0xa0,
    0x1c, 0x40, 0x57, 0x40, 0x1e, 0xaa, 0x0,

    /* U+04D3 "ӓ" */
    0x0, 0x51, 0x85, 0x98, 0x5, 0x6, 0x12, 0x60,
    0x11, 0x0, 0x8, 0x2, 0x2a, 0xdc, 0xc2, 0x0,
    0xf, 0xb7, 0x3e, 0x80, 0x2, 0x80, 0x3, 0x53,
    0x0, 0xf0, 0xb8, 0xb, 0xdd, 0xc8, 0x0, 0xc1,
    0xbb, 0x90, 0xc, 0x58, 0x2, 0x70, 0x22, 0x8,
    0x1, 0xc0, 0x3, 0x79, 0x91, 0x50, 0x0,

    /* U+04D4 "Ӕ" */
    0x0, 0xe1, 0xee, 0xb7, 0x73, 0x80, 0x73, 0x4c,
    0xdb, 0xb9, 0xc0, 0x3a, 0x98, 0x3, 0xfe, 0x54,
    0x10, 0xf, 0xfa, 0x68, 0x3, 0xfe, 0x30, 0x30,
    0x4, 0xee, 0xe3, 0x0, 0xa6, 0x40, 0x14, 0xee,
    0xe3, 0x0, 0xa, 0xdf, 0x72, 0x40, 0x3f, 0x4b,
    0xf7, 0x52, 0x1, 0xf9, 0xa4, 0x3, 0xfe, 0x54,
    0x10, 0xf, 0xfa, 0x64, 0x1, 0xd3, 0xbb, 0x9c,

    /* U+04D5 "ӕ" */
    0x2, 0xac, 0xdb, 0x12, 0xbd, 0xd2, 0x80, 0x53,
    0x9b, 0xd7, 0xd1, 0xb9, 0x4, 0x4, 0x60, 0x5,
    0x44, 0x18, 0xd, 0xd8, 0x3, 0xc7, 0x60, 0x12,
    0xa8, 0x6, 0x33, 0x22, 0xfc, 0xcb, 0xdc, 0x33,
    0xb3, 0x22, 0xec, 0xcd, 0x66, 0x2c, 0x1, 0x12,
    0x0, 0x71, 0x10, 0x40, 0x15, 0x4b, 0x30, 0x0,
    0x90, 0xde, 0x6e, 0x7a, 0xfc, 0x6e, 0xc2,

    /* U+04D6 "Ӗ" */
    0x4, 0xa0, 0x1d, 0x0, 0x26, 0xdd, 0x48, 0x4,
    0xf7, 0x64, 0x6, 0xed, 0xdd, 0x80, 0xdb, 0xbb,
    0x0, 0x3f, 0xf9, 0x4d, 0xbb, 0x9c, 0x1b, 0x77,
    0x38, 0x7, 0xff, 0x45, 0xb7, 0x76, 0x0,

    /* U+04D7 "ӗ" */
    0x0, 0x33, 0x81, 0xd0, 0x4, 0xdd, 0x53, 0x60,
    0x1a, 0x6a, 0x82, 0x1, 0x26, 0x6e, 0x94, 0x0,
    0x73, 0xdb, 0xa9, 0x40, 0x89, 0x20, 0x4, 0x78,
    0x22, 0x0, 0x25, 0x50, 0x86, 0x66, 0xd3, 0x11,
    0x66, 0x76, 0x81, 0x18, 0x7, 0xa3, 0xc8, 0x2,
    0x20, 0x48, 0xee, 0x6e, 0x30,

    /* U+04D8 "Ә" */
    0x1, 0xad, 0xed, 0xc7, 0x0, 0xe9, 0xde, 0xdc,
    0xc, 0x0, 0x84, 0xc0, 0x33, 0xcc, 0x80, 0x3f,
    0x95, 0x0, 0x3f, 0xce, 0x83, 0xdb, 0xbf, 0x20,
    0x88, 0x37, 0x7e, 0x40, 0xf, 0xf3, 0x8, 0x11,
    0x80, 0x70, 0x9a, 0x5, 0x50, 0x3, 0xa5, 0x40,
    0xc, 0xae, 0x1, 0x3a, 0xd8, 0x5, 0xbd, 0xbb,
    0x76, 0x8, 0x0,

    /* U+04D9 "ә" */
    0x6, 0xcd, 0xeb, 0x30, 0x2, 0xe6, 0xf4, 0x71,
    0x1, 0x80, 0x47, 0x16, 0x1, 0xe4, 0x40, 0xf6,
    0x66, 0xd3, 0x10, 0xcc, 0xdc, 0x60, 0x64, 0x1,
    0x2a, 0x82, 0xa0, 0x0, 0x75, 0x20, 0xfb, 0xb4,
    0x78, 0x80,

    /* U+04DA "Ӛ" */
    0x0, 0xff, 0xe1, 0x34, 0x3, 0xc0, 0x7, 0x9e,
    0x41, 0xa4, 0x3, 0xc2, 0x20, 0x11, 0x0, 0x61,
    0xad, 0xed, 0xc7, 0x0, 0xe9, 0xde, 0xdc, 0xc,
    0x0, 0x84, 0xc0, 0x33, 0xcc, 0x80, 0x3f, 0x95,
    0x0, 0x3f, 0xce, 0x83, 0xdb, 0xbf, 0x20, 0x88,
    0x37, 0x7e, 0x40, 0xf, 0xf3, 0x8, 0x11, 0x80,
    0x70, 0x9a, 0x5, 0x50, 0x3, 0xa5, 0x40, 0xc,
    0xae, 0x1, 0x3a, 0xd8, 0x5, 0xbd, 0xbb, 0x76,
    0x8, 0x0,

    /* U+04DB "ӛ" */
    0x0, 0x4a, 0x84, 0xa0, 0x5, 0x68, 0x16, 0xa0,
    0x11, 0x8, 0x10, 0x80, 0x1b, 0x37, 0xac, 0xc0,
    0xb, 0x9b, 0xd1, 0xc4, 0x6, 0x1, 0x1c, 0x58,
    0x7, 0x91, 0x3, 0xd9, 0x9b, 0x4c, 0x43, 0x33,
    0x71, 0x81, 0x90, 0x4, 0xaa, 0xa, 0x80, 0x1,
    0xd4, 0x83, 0xee, 0xd1, 0xe2,

    /* U+04DC "Ӝ" */
    0x0, 0xff, 0xe3, 0xf, 0x0, 0xe8, 0x7, 0xf0,
    0xe0, 0xf, 0x80, 0x7f, 0x88, 0x0, 0x40, 0x1c,
    0x96, 0x1, 0xa5, 0x40, 0x36, 0x8a, 0xa, 0x80,
    0x7e, 0x9b, 0x10, 0xb8, 0x10, 0xf, 0x1a, 0xb0,
    0x0, 0x62, 0xc0, 0x3d, 0xdc, 0x0, 0xca, 0xa,
    0x1, 0xa2, 0x88, 0x3, 0xa2, 0xb5, 0xef, 0x5d,
    0xc0, 0x1e, 0x89, 0xd7, 0xbd, 0x66, 0x0, 0x71,
    0xb3, 0x0, 0x34, 0x58, 0x80, 0x6f, 0xf0, 0x7,
    0xd, 0x40, 0x4, 0xcc, 0x30, 0xf, 0x3a, 0x18,
    0xc, 0x58, 0x7, 0xe9, 0xf0, 0x89, 0x10, 0xf,
    0xc8, 0xea,

    /* U+04DD "ӝ" */
    0x0, 0x8a, 0xc0, 0xec, 0x3, 0xe2, 0x80, 0x38,
    0x0, 0xfc, 0x60, 0x3, 0x0, 0xcb, 0x40, 0x15,
    0x18, 0x0, 0x74, 0x14, 0x50, 0x3, 0xd7, 0x20,
    0x9, 0x80, 0xe, 0x40, 0x40, 0x1, 0x5b, 0x80,
    0x68, 0xb0, 0xc, 0xd1, 0xa9, 0xda, 0xc2, 0x1,
    0xa2, 0x1a, 0x9d, 0xae, 0x40, 0x11, 0xab, 0x80,
    0x6e, 0xe0, 0x5, 0xde, 0x1, 0xc6, 0xac, 0xe,
    0xa6, 0x1, 0xe9, 0xb1,

    /* U+04DE "Ӟ" */
    0x0, 0xff, 0xb0, 0x83, 0x8, 0x3, 0x71, 0x7,
    0x10, 0x6, 0x20, 0x1, 0x0, 0x68, 0xdd, 0xb1,
    0x40, 0x2d, 0xcd, 0xd7, 0x42, 0x80, 0x14, 0x40,
    0x5, 0x3c, 0x1, 0xf0, 0x88, 0x3, 0xc7, 0x30,
    0x1, 0x5e, 0xff, 0x79, 0x0, 0x57, 0xbf, 0xd0,
    0xa0, 0x1e, 0x3a, 0xb0, 0xf, 0x84, 0x3, 0xf0,
    0x80, 0x8, 0xc0, 0x23, 0xd9, 0x0, 0x4e, 0xed,
    0xf2, 0xe0,

    /* U+04DF "ӟ" */
    0x6, 0x80, 0x67, 0x0, 0x3d, 0x3, 0xa8, 0x0,
    0x48, 0x4, 0x80, 0x6b, 0x32, 0x60, 0x19, 0xcc,
    0xa8, 0xc0, 0xc0, 0x25, 0x50, 0x6, 0x15, 0x40,
    0x1c, 0xde, 0xa2, 0x1, 0xcd, 0xec, 0x60, 0xc,
    0x3d, 0x82, 0x20, 0xb, 0xb4, 0xb7, 0x32, 0xd7,

    /* U+04E0 "Ӡ" */
    0x1d, 0xde, 0xec, 0x1, 0xdd, 0xd8, 0x7c, 0x1,
    0xc3, 0xbc, 0x40, 0x1d, 0xb0, 0x60, 0x1d, 0x72,
    0x80, 0x1c, 0x8b, 0x34, 0x80, 0x19, 0x3b, 0x26,
    0x20, 0x1, 0xe3, 0xd7, 0x0, 0xf8, 0x46, 0x0,
    0xf0, 0x80, 0x9a, 0x0, 0x45, 0xb2, 0x3, 0xbb,
    0x77, 0x25, 0xc0,

    /* U+04E1 "ӡ" */
    0x6d, 0xdd, 0xd2, 0xdb, 0xb7, 0x14, 0x0, 0x43,
    0xfc, 0x20, 0x1, 0xdf, 0x20, 0xa, 0xa0, 0xc0,
    0x25, 0x68, 0x91, 0x0, 0x2e, 0xe6, 0x46, 0x1,
    0x96, 0x60, 0x3, 0x91, 0x40, 0x3f, 0xf8, 0x8,
    0x90, 0x4, 0x73, 0x22, 0xdd, 0xa3, 0x8c,

    /* U+04E2 "Ӣ" */
    0x0, 0x1e, 0x66, 0x10, 0xc, 0x79, 0x98, 0x40,
    0xd, 0x0, 0x1c, 0x5e, 0x40, 0x1f, 0x48, 0x80,
    0x7c, 0xa4, 0xa0, 0x1e, 0x18, 0x90, 0xf, 0xae,
    0x1, 0xc0, 0x39, 0x1, 0x40, 0x3e, 0x8b, 0x0,
    0xfa, 0x28, 0x40, 0x3c, 0x68, 0xc0, 0x1f, 0x7f,
    0x0, 0x7c, 0xd6, 0x40, 0x1f, 0x1b, 0x80, 0x7c,

    /* U+04E3 "ӣ" */
    0x5, 0xcc, 0xc0, 0x12, 0xe6, 0x60, 0x4, 0xa0,
    0x4, 0x7e, 0x60, 0x1d, 0xe6, 0x1, 0xcf, 0x6e,
    0x1, 0x86, 0xdc, 0x3, 0xae, 0x0, 0x39, 0x1,
    0x0, 0x30, 0xc5, 0x80, 0x74, 0xd0, 0x80, 0x79,
    0x80, 0x38,

    /* U+04E4 "Ӥ" */
    0x0, 0xff, 0xe0, 0xf, 0x0, 0xf0, 0x7, 0xe,
    0x0, 0xe0, 0x7, 0x88, 0x0, 0x40, 0x13, 0x40,
    0x7, 0x17, 0x90, 0x7, 0xd2, 0x20, 0x1f, 0x29,
    0x28, 0x7, 0x86, 0x24, 0x3, 0xeb, 0x80, 0x70,
    0xe, 0x40, 0x50, 0xf, 0xa2, 0xc0, 0x3e, 0x8a,
    0x10, 0xf, 0x1a, 0x30, 0x7, 0xdf, 0xc0, 0x1f,
    0x35, 0x90, 0x7, 0xc6, 0xe0, 0x1f, 0x0,

    /* U+04E5 "ӥ" */
    0x2, 0xc0, 0x2b, 0x0, 0x8b, 0xc0, 0xa0, 0x3,
    0x18, 0x0, 0xc0, 0x12, 0x80, 0x11, 0xf9, 0x80,
    0x77, 0x98, 0x7, 0x3d, 0xb8, 0x6, 0x1b, 0x70,
    0xe, 0xb8, 0x0, 0xe4, 0x4, 0x0, 0xc3, 0x16,
    0x1, 0xd3, 0x42, 0x1, 0xe6, 0x0, 0xe0,

    /* U+04E6 "Ӧ" */
    0x0, 0xff, 0xe2, 0x69, 0x6, 0x90, 0x7, 0xde,
    0x41, 0xe4, 0x1, 0xf1, 0x0, 0x8, 0x3, 0xe4,
    0xbd, 0xd9, 0xc0, 0x3a, 0x22, 0xdd, 0x67, 0xe0,
    0x4, 0x6b, 0x86, 0x0, 0x18, 0x58, 0x0, 0x4d,
    0x80, 0x7a, 0x18, 0x0, 0x8e, 0x1, 0xe1, 0x32,
    0x1, 0x10, 0x7, 0xcc, 0x20, 0x1f, 0xfc, 0x11,
    0x10, 0x7, 0xcc, 0x20, 0x88, 0x0, 0xf0, 0x99,
    0x4, 0xc0, 0x7, 0xa2, 0x40, 0x6, 0xb8, 0x60,
    0x1, 0x92, 0x70, 0xa, 0x27, 0xfb, 0x99, 0xd6,
    0x0,

    /* U+04E7 "ӧ" */
    0x0, 0x1d, 0x82, 0x50, 0x6, 0x39, 0x4, 0x80,
    0xe, 0x20, 0x1, 0x0, 0x64, 0xcd, 0xd4, 0x80,
    0x49, 0x3d, 0xba, 0xeb, 0x0, 0x47, 0x10, 0x1,
    0xdc, 0x60, 0x66, 0x0, 0xc8, 0x81, 0x10, 0x7,
    0x7f, 0x84, 0x40, 0x1d, 0xfc, 0x6, 0x80, 0x19,
    0x50, 0x3e, 0x4, 0x0, 0xee, 0x20, 0x38, 0xdc,
    0xdf, 0xa0,

    /* U+04E8 "Ө" */
    0x0, 0x92, 0xf7, 0x67, 0x0, 0xe8, 0xf9, 0xdd,
    0x83, 0x0, 0x23, 0x4b, 0x20, 0x9, 0xd2, 0x0,
    0x13, 0x0, 0x1e, 0x86, 0x0, 0x22, 0x80, 0x7c,
    0x64, 0x3, 0x9b, 0xbf, 0x10, 0x80, 0x37, 0x7f,
    0x18, 0x0, 0x48, 0x3, 0xe2, 0x10, 0x44, 0x0,
    0x78, 0x80, 0x82, 0x60, 0x3, 0xd1, 0x20, 0x3,
    0x6c, 0x30, 0x0, 0xd0, 0xb8, 0x5, 0x13, 0xfd,
    0xcc, 0xdb, 0x0, 0x0,

    /* U+04E9 "ө" */
    0x0, 0x26, 0x6e, 0xa4, 0x2, 0x49, 0xed, 0xd7,
    0x58, 0x2, 0x38, 0x80, 0xe, 0xe3, 0x3, 0x30,
    0x6, 0x44, 0x8, 0x6e, 0xf3, 0x78, 0x8b, 0x77,
    0x9b, 0x80, 0x8c, 0x3, 0x22, 0x3, 0xfc, 0x20,
    0x7, 0x62, 0x3, 0x8d, 0xdb, 0xe8, 0x0,

    /* U+04EA "Ӫ" */
    0x0, 0xff, 0xe2, 0x69, 0x6, 0x90, 0x7, 0xde,
    0x41, 0xe4, 0x1, 0xf1, 0x0, 0x8, 0x3, 0xe4,
    0xbd, 0xd9, 0xc0, 0x3a, 0x3e, 0x77, 0x60, 0xc0,
    0x8, 0xd2, 0xc8, 0x2, 0x74, 0x80, 0x4, 0xc0,
    0x7, 0xa1, 0x80, 0x8, 0xa0, 0x1f, 0x19, 0x0,
    0xe6, 0xef, 0xc4, 0x20, 0xd, 0xdf, 0xc6, 0x0,
    0x12, 0x0, 0xf8, 0x84, 0x11, 0x0, 0x1e, 0x20,
    0x20, 0x98, 0x0, 0xf4, 0x48, 0x0, 0xdb, 0xc,
    0x0, 0x34, 0x2e, 0x1, 0x44, 0xff, 0x73, 0x36,
    0xc0, 0x0,

    /* U+04EB "ӫ" */
    0x0, 0x1d, 0x82, 0x50, 0x6, 0x39, 0x4, 0x80,
    0xe, 0x20, 0x1, 0x0, 0x64, 0xcd, 0xd4, 0x80,
    0x49, 0x3d, 0xba, 0xeb, 0x0, 0x47, 0x10, 0x1,
    0xdc, 0x60, 0x66, 0x0, 0xc8, 0x81, 0xd, 0xde,
    0x6f, 0x11, 0x6e, 0xf3, 0x70, 0x11, 0x80, 0x64,
    0x40, 0x7f, 0x84, 0x0, 0xec, 0x40, 0x71, 0xbb,
    0x7d, 0x0,

    /* U+04EC "Ӭ" */
    0x0, 0xff, 0xe0, 0x68, 0x87, 0x8, 0x7, 0x78,
    0x86, 0x8, 0x7, 0x10, 0x0, 0x80, 0x3a, 0x77,
    0x6c, 0x60, 0xd, 0xbb, 0xbb, 0x28, 0x2, 0x40,
    0x8, 0xa8, 0x18, 0x3, 0xf5, 0xd8, 0x3, 0xf0,
    0x98, 0x80, 0x2f, 0xbb, 0x84, 0xc0, 0x17, 0xdd,
    0xc4, 0x1, 0xfc, 0x44, 0x0, 0xf9, 0xc, 0x3,
    0xf4, 0x50, 0x9, 0x80, 0x45, 0x6c, 0xc0, 0x4,
    0xee, 0xbb, 0x9b, 0x40, 0x0,

    /* U+04ED "ӭ" */
    0x8, 0x60, 0x86, 0x0, 0xa9, 0xc2, 0x9c, 0x2,
    0x21, 0x2, 0x10, 0xa, 0xf7, 0x58, 0xa0, 0x15,
    0x6e, 0xba, 0x14, 0x0, 0x20, 0x2, 0x99, 0x0,
    0x79, 0xc, 0x0, 0xd9, 0x98, 0x4, 0x1b, 0x33,
    0x8, 0x80, 0x38, 0xc8, 0x4, 0x2, 0x2e, 0x80,
    0x3c, 0xc6, 0xf4, 0xa0, 0x0,

    /* U+04EE "Ӯ" */
    0x0, 0x2e, 0x65, 0x60, 0x1c, 0xb9, 0x95, 0x80,
    0x54, 0xa0, 0x1e, 0xd2, 0x98, 0x0, 0xe4, 0x62,
    0x36, 0x50, 0xd, 0xfe, 0x0, 0x44, 0x80, 0x44,
    0xe8, 0x0, 0x37, 0x40, 0x5, 0xc8, 0x6, 0x88,
    0x0, 0xa2, 0x80, 0x63, 0x74, 0x6a, 0x0, 0xf7,
    0xfa, 0x98, 0x3, 0xc8, 0xe8, 0x20, 0x1f, 0xd,
    0x80, 0x7d, 0x28, 0x40, 0x1d, 0x7c, 0x72, 0x1,
    0xc0,

    /* U+04EF "ӯ" */
    0x4, 0xcc, 0xc0, 0x12, 0x66, 0x60, 0x5, 0x98,
    0x6, 0x86, 0xea, 0x0, 0xca, 0xea, 0xe0, 0x12,
    0x38, 0x83, 0xa8, 0x3, 0x7c, 0x1, 0x5c, 0x0,
    0x45, 0x0, 0x1b, 0xa, 0xa0, 0x6, 0x57, 0xfa,
    0x0, 0xd5, 0xae, 0x60, 0x18, 0x9d, 0x40, 0x3e,
    0xa0, 0xe, 0x20, 0x20, 0xe, 0x98, 0x0, 0xd5,
    0xb8, 0x80, 0x18,

    /* U+04F0 "Ӱ" */
    0x0, 0xff, 0xe0, 0x1d, 0x82, 0x58, 0x7, 0x1c,
    0x82, 0x48, 0x7, 0x88, 0x0, 0x40, 0x15, 0x28,
    0x7, 0xb4, 0xa6, 0x0, 0x39, 0x18, 0x8d, 0x94,
    0x3, 0x7f, 0x80, 0x11, 0x20, 0x11, 0x3a, 0x0,
    0xd, 0xd0, 0x1, 0x72, 0x1, 0xa2, 0x0, 0x28,
    0xa0, 0x18, 0xdd, 0x1a, 0x80, 0x3d, 0xfe, 0xa6,
    0x0, 0xf2, 0x3a, 0x8, 0x7, 0xc3, 0x60, 0x1f,
    0x4a, 0x10, 0x7, 0x5f, 0x1c, 0x80, 0x70,

    /* U+04F1 "ӱ" */
    0x1, 0xc0, 0x2c, 0x0, 0x87, 0xc0, 0xbc, 0x3,
    0x18, 0x0, 0xc0, 0x16, 0x60, 0x1a, 0x1b, 0xa8,
    0x3, 0x2b, 0xab, 0x80, 0x48, 0xe2, 0xe, 0xa0,
    0xd, 0xf0, 0x5, 0x70, 0x1, 0x14, 0x0, 0x6c,
    0x2a, 0x80, 0x19, 0x5f, 0xe8, 0x3, 0x56, 0xb9,
    0x80, 0x62, 0x75, 0x0, 0xfa, 0x80, 0x38, 0x80,
    0x80, 0x3a, 0x60, 0x3, 0x56, 0xe2, 0x0, 0x60,

    /* U+04F2 "Ӳ" */
    0x0, 0xd2, 0xe1, 0xa4, 0x1, 0x8c, 0xcf, 0x10,
    0x20, 0xc, 0xd4, 0x1a, 0xa0, 0x1c, 0xa0, 0x5,
    0x0, 0xa9, 0x40, 0x3d, 0xa5, 0x30, 0x1, 0xc8,
    0xc4, 0x6c, 0xa0, 0x1b, 0xfc, 0x0, 0x89, 0x0,
    0x89, 0xd0, 0x0, 0x6e, 0x80, 0xb, 0x90, 0xd,
    0x10, 0x1, 0x45, 0x0, 0xc6, 0xe8, 0xd4, 0x1,
    0xef, 0xf5, 0x30, 0x7, 0x91, 0xd0, 0x40, 0x3e,
    0x1b, 0x0, 0xfa, 0x50, 0x80, 0x3a, 0xf8, 0xe4,
    0x3, 0x80,

    /* U+04F3 "ӳ" */
    0x0, 0x94, 0xc1, 0xc0, 0x22, 0x93, 0x7f, 0x0,
    0xa3, 0x4b, 0xa0, 0x2, 0xa1, 0x29, 0x0, 0x61,
    0x0, 0x6a, 0x5a, 0xa0, 0x6, 0x45, 0x75, 0x0,
    0x95, 0xc0, 0x5d, 0x0, 0x1d, 0x40, 0xe, 0xe0,
    0xb, 0x18, 0x1, 0x1c, 0x1d, 0x40, 0x32, 0x2e,
    0xd0, 0x6, 0xae, 0x72, 0x0, 0xc6, 0xd4, 0x1,
    0xf3, 0x80, 0x72, 0x30, 0x80, 0x74, 0x40, 0x3,
    0x66, 0xd1, 0x80, 0x60,

    /* U+04F4 "Ӵ" */
    0x0, 0xff, 0x68, 0x87, 0x8, 0x5, 0xe2, 0x18,
    0x20, 0x11, 0x0, 0x8, 0x1, 0x66, 0x1, 0xdc,
    0x1, 0xff, 0xcc, 0x26, 0x0, 0xf5, 0x41, 0x80,
    0x5, 0x80, 0xe6, 0x37, 0x28, 0x40, 0x9, 0x7b,
    0x96, 0xe0, 0x1f, 0xfd, 0x50,

    /* U+04F5 "ӵ" */
    0x9, 0x50, 0x95, 0x0, 0x5a, 0x5, 0xa0, 0x0,
    0x84, 0x8, 0x43, 0x80, 0x31, 0xd8, 0x7, 0xff,
    0x25, 0xe4, 0x0, 0x36, 0x12, 0x39, 0x8a, 0x10,
    0x4, 0x66, 0x2e, 0x80, 0x3f, 0xf8, 0x60,

    /* U+04F6 "Ӷ" */
    0x6e, 0xdd, 0xe0, 0x6d, 0xde, 0x0, 0xff, 0xfa,
    0x3d, 0x0, 0x66, 0xd6, 0x0, 0xff, 0xe3, 0x0,

    /* U+04F7 "ӷ" */
    0x9d, 0xdc, 0xa1, 0x1b, 0xb2, 0x80, 0x7f, 0xf6,
    0x61, 0x80, 0x29, 0xb1, 0x0, 0xff, 0xe1, 0x80,

    /* U+04F8 "Ӹ" */
    0x0, 0xff, 0xe1, 0x43, 0x4, 0xb0, 0x7, 0xa5,
    0x82, 0x18, 0x3, 0xc2, 0x0, 0x10, 0xc, 0xd0,
    0x1, 0xf5, 0x98, 0x7, 0xff, 0x85, 0xb7, 0x69,
    0x20, 0xe, 0x6d, 0xdb, 0xf0, 0x40, 0x3f, 0x33,
    0xb0, 0x7, 0xf7, 0xf8, 0x3, 0xfb, 0xfc, 0x1,
    0xf9, 0x5d, 0x80, 0x33, 0x6e, 0xbb, 0x98, 0x20,
    0x10,

    /* U+04F9 "ӹ" */
    0x0, 0x25, 0x2, 0x48, 0x6, 0x48, 0x5, 0xb0,
    0xe, 0x20, 0x12, 0x0, 0x4a, 0x80, 0x7b, 0x80,
    0x3f, 0xf8, 0xf1, 0xba, 0xb4, 0x0, 0xd1, 0xba,
    0x99, 0x18, 0x7, 0x8a, 0xec, 0x1, 0xff, 0xc3,
    0x1b, 0xb0, 0x5, 0x1b, 0xb4, 0x18, 0x0,

    /* U+04FA "Ӻ" */
    0x6, 0xed, 0xde, 0x0, 0x36, 0xef, 0x0, 0x7f,
    0xf5, 0x22, 0xd, 0xba, 0xc0, 0x4, 0x41, 0xb7,
    0x58, 0x1, 0xff, 0xd0, 0x77, 0x0, 0x73, 0x57,
    0x80, 0x78, 0xfc, 0x3, 0xaa, 0x8a, 0x1, 0x80,

    /* U+04FB "ӻ" */
    0x9, 0xdd, 0xcc, 0x0, 0x8d, 0xd9, 0x80, 0x3f,
    0xf8, 0x54, 0xf1, 0x98, 0x10, 0xa7, 0x8c, 0xc0,
    0x80, 0x7f, 0xf1, 0x60, 0xc0, 0x34, 0xab, 0x80,
    0x71, 0x0, 0x76, 0x8a, 0x0, 0x40,

    /* U+04FC "Ӽ" */
    0x5a, 0x0, 0xec, 0x30, 0x51, 0x40, 0x9, 0x90,
    0xc0, 0x13, 0x20, 0x0, 0xdc, 0x0, 0x44, 0xae,
    0x17, 0x0, 0x1d, 0x14, 0xa2, 0xa0, 0x1e, 0x8a,
    0x90, 0xf, 0xb0, 0x90, 0x3, 0xc6, 0xb9, 0x62,
    0x1, 0xdf, 0xc3, 0x70, 0x1, 0x9d, 0x8, 0x19,
    0x4c, 0x0, 0x35, 0x0, 0x17, 0xf8, 0x1, 0x70,
    0x1, 0x8d, 0x78, 0xe9, 0x40, 0x3a, 0x5c, 0x3,
    0xf8, 0x84, 0x3, 0xc3, 0xa2, 0x40,

    /* U+04FD "ӽ" */
    0x3d, 0x0, 0xd8, 0x40, 0x75, 0x0, 0x8, 0xb2,
    0x0, 0x3a, 0x19, 0x91, 0xc0, 0x37, 0x7f, 0xb8,
    0x3, 0x89, 0xdc, 0x40, 0x1c, 0x80, 0x2a, 0x1,
    0x86, 0x6a, 0xe0, 0x40, 0x2b, 0xb0, 0x8a, 0x2c,
    0x0, 0x82, 0xc0, 0x5, 0x1c, 0x14, 0xb0, 0xd,
    0x6e, 0x1, 0xf9, 0x84, 0x3, 0x8b, 0x54, 0x0,

    /* U+04FE "Ӿ" */
    0x5a, 0x0, 0xed, 0x25, 0x14, 0x0, 0x9d, 0x48,
    0x26, 0x40, 0x2, 0xa8, 0x0, 0x15, 0x40, 0x4f,
    0x0, 0x67, 0x48, 0x23, 0x0, 0xaf, 0x49, 0xdd,
    0xb2, 0x0, 0xbd, 0x55, 0x36, 0xc8, 0x4, 0xa3,
    0x4a, 0x40, 0x1a, 0x2c, 0x26, 0x40, 0x14, 0x50,
    0x82, 0x2, 0x1, 0x2b, 0x80, 0x53, 0x20, 0x98,
    0x0, 0xc4, 0x8e,

    /* U+04FF "ӿ" */
    0x3d, 0x0, 0xd8, 0x66, 0x58, 0x0, 0x3a, 0x18,
    0x42, 0x91, 0x2a, 0x0, 0x2e, 0xe4, 0xf0, 0x5,
    0x9e, 0x69, 0xf8, 0x0, 0xcf, 0x34, 0xfc, 0x0,
    0xbb, 0x93, 0xc0, 0x14, 0xd9, 0x12, 0xe8, 0x10,
    0x98, 0x0, 0xc2, 0xa0,

    /* U+2013 "–" */
    0x5e, 0xef, 0x28,

    /* U+2014 "—" */
    0x5e, 0xef, 0xfe, 0x12, 0x80,

    /* U+2018 "‘" */
    0xa, 0x1, 0x10, 0x39, 0x86, 0x68, 0x0,

    /* U+2019 "’" */
    0xe, 0x2, 0x20, 0x3d, 0x86, 0x30, 0x0,

    /* U+201A "‚" */
    0xa, 0x50, 0x74, 0x1, 0x12, 0xd0, 0x0,

    /* U+201B "‛" */
    0xa5, 0xc, 0xd0, 0x73, 0x1, 0x10, 0x0,

    /* U+201C "“" */
    0xa, 0x1, 0x91, 0x10, 0x36, 0x21, 0x85, 0xa7,
    0xe8, 0x98, 0x80,

    /* U+201D "”" */
    0xf, 0x6, 0x92, 0x30, 0xfc, 0x7b, 0x5, 0x4c,
    0x61, 0x61,

    /* U+2022 "•" */
    0x0, 0xc3, 0xfe, 0x15, 0x0, 0x2a, 0x88, 0x8a,

    /* U+2026 "…" */
    0x54, 0x0, 0x31, 0x80, 0x1c, 0xb3, 0x0, 0xc,
    0x50, 0x5, 0xb8,

    /* U+20AC "€" */
    0x0, 0x8a, 0xbb, 0x74, 0xc0, 0x1, 0xfc, 0xed,
    0xd2, 0x0, 0x22, 0x98, 0x2, 0x20, 0x3, 0xb8,
    0x3, 0x97, 0x7, 0x32, 0xa0, 0x2, 0xf1, 0xe6,
    0x54, 0x1, 0xff, 0x2f, 0x1e, 0x65, 0x0, 0x5,
    0xc1, 0xcc, 0xa0, 0x3, 0x23, 0x0, 0x7d, 0x10,
    0x60, 0x8, 0x80, 0x5, 0x98, 0xed, 0xd3, 0x80,

    /* U+2122 "™" */
    0x89, 0x98, 0xa4, 0x2, 0x55, 0x46, 0x8c, 0x9b,
    0xb0, 0x2, 0x70, 0x1f, 0xc0, 0x9, 0xa0, 0x68,
    0x1, 0xe3, 0x22, 0x55, 0x80, 0x7d, 0x56, 0x2,
    0x1, 0xf1, 0xa5, 0x0, 0x46, 0xe0, 0x32, 0x1a,
    0x65, 0x20,

    /* U+3046 "う" */
    0x0, 0x13, 0xa1, 0x0, 0x7c, 0x37, 0x5b, 0xfe,
    0xe7, 0x0, 0x8f, 0x3b, 0xf7, 0x29, 0x40, 0x3e,
    0x23, 0x42, 0x0, 0x89, 0xa6, 0xf7, 0x24, 0x40,
    0xff, 0x6c, 0x32, 0xec, 0x9c, 0x47, 0x1b, 0xa9,
    0x76, 0x7d, 0x28, 0x7, 0x20, 0xf, 0x2b, 0x80,
    0x7f, 0x18, 0x80, 0x7e, 0x14, 0x40, 0x7, 0xc3,
    0x85, 0x20, 0x1c, 0x2f, 0xe7, 0xe2, 0x1, 0x4e,
    0xf4, 0x4f, 0x10, 0x6, 0xf5, 0xbf, 0x70, 0x8,

    /* U+3053 "こ" */
    0x0, 0x10, 0x80, 0x42, 0x22, 0x10, 0x1, 0xef,
    0x7f, 0xdd, 0xcd, 0x50, 0x1, 0xf6, 0xe6, 0x6d,
    0xe4, 0x0, 0x84, 0x8c, 0xf1, 0x8, 0x7, 0xff,
    0x6f, 0x50, 0x3, 0xf8, 0x49, 0x80, 0x3f, 0x8c,
    0x4, 0x3, 0xf8, 0x89, 0xc8, 0x1, 0xc4, 0xa4,
    0x1e, 0x37, 0xfd, 0xcf, 0xf6, 0xd3, 0x81, 0x67,
    0x5d, 0xa2, 0xaf, 0x7d, 0x40,

    /* U+305D "そ" */
    0x0, 0xfc, 0x24, 0x20, 0x1e, 0xbe, 0xe7, 0xfb,
    0xb7, 0x40, 0x1e, 0x8a, 0xdd, 0x88, 0xf4, 0x3,
    0xc6, 0x86, 0x1e, 0xf8, 0x20, 0x1f, 0x93, 0x2a,
    0x80, 0x1f, 0xcf, 0x54, 0x71, 0x23, 0x32, 0x0,
    0xb4, 0x5c, 0x5, 0x7f, 0x67, 0x72, 0x81, 0x68,
    0x8e, 0x6c, 0x1b, 0xb9, 0xba, 0xe0, 0x4c, 0xa8,
    0x6e, 0x69, 0x10, 0xf, 0xe3, 0x48, 0x0, 0xff,
    0x9c, 0x3, 0xff, 0x82, 0xa0, 0xc0, 0x1f, 0xf0,
    0xcc, 0xb6, 0x19, 0x40, 0x3f, 0x36, 0x22, 0x2f,
    0xc0, 0x3f, 0x8e, 0x73, 0x68, 0x2,

    /* U+3088 "よ" */
    0x0, 0xea, 0xc0, 0xf, 0xf1, 0xb8, 0x7, 0xff,
    0x2d, 0xd1, 0x5a, 0x10, 0x3, 0xc7, 0x51, 0x46,
    0x20, 0x1c, 0x29, 0xdb, 0x96, 0xa0, 0x1f, 0xfc,
    0x5f, 0x70, 0xf, 0x84, 0xcd, 0xe2, 0x1, 0xc3,
    0x7d, 0xba, 0x72, 0x93, 0x0, 0xa8, 0x3b, 0xa9,
    0x3, 0xcc, 0x10, 0x2e, 0x88, 0x3, 0x86, 0xb5,
    0xf5, 0x9e, 0x20, 0xb0, 0xe8, 0x5, 0x6e, 0x13,
    0x7, 0x8, 0xf4, 0x1, 0x43, 0x0,

    /* U+4E2D "中" */
    0x0, 0xf2, 0xf0, 0x7, 0xff, 0x20, 0x55, 0x7b,
    0x5, 0x57, 0x91, 0x6a, 0x67, 0x38, 0x4c, 0xeb,
    0x90, 0x1c, 0xcd, 0x63, 0x99, 0xa0, 0x3, 0xff,
    0xa6, 0x45, 0xc0, 0x45, 0x84, 0x0, 0x3b, 0xba,
    0x7, 0x77, 0x40, 0x0, 0x7f, 0xf5, 0xf, 0xfe,
    0x90, 0x5d, 0x0, 0xff, 0x3f, 0x89, 0x80, 0x7f,
    0x84, 0x80, 0x3f, 0xfa, 0x0,

    /* U+6587 "文" */
    0x0, 0xfa, 0xa4, 0x3, 0xff, 0x96, 0x7d, 0xde,
    0x56, 0xee, 0xf1, 0x9b, 0x74, 0xa5, 0xba, 0xcc,
    0x6e, 0x8d, 0x77, 0x46, 0x6, 0x68, 0x31, 0x33,
    0xc0, 0x50, 0x66, 0x0, 0xc6, 0x6b, 0x0, 0xd2,
    0x86, 0x1, 0xf4, 0xb1, 0x0, 0xd, 0x7c, 0x3,
    0xf2, 0xab, 0xc0, 0x75, 0x90, 0x3, 0xfa, 0x82,
    0xe8, 0xa4, 0x3, 0xfe, 0x94, 0x47, 0x0, 0x7f,
    0xc9, 0x44, 0x3e, 0x80, 0x1f, 0x8a, 0xad, 0xf7,
    0xda, 0xe4, 0x80, 0x33, 0x66, 0xb6, 0x48, 0xd,
    0xcb, 0xee, 0x30, 0x8a, 0x17, 0x30, 0x60, 0x19,
    0xba, 0xda, 0xc0, 0x7a, 0x4c, 0x3, 0xf2, 0x56,
    0x88,

    /* U+65E5 "日" */
    0x3, 0x3f, 0xf0, 0x96, 0x67, 0xf9, 0x40, 0x1f,
    0xff, 0x80, 0x3f, 0xfb, 0x9f, 0xff, 0x80, 0x35,
    0xe6, 0x7c, 0x1, 0x90, 0xcf, 0xe0, 0xf, 0xfe,
    0x81, 0x17, 0xe0, 0xd, 0xbb, 0xf8, 0x3, 0x77,
    0xff, 0xc2, 0x0,

    /* U+672C "本" */
    0x0, 0xfa, 0xa4, 0x3, 0xff, 0xa6, 0x60, 0x1f,
    0xbf, 0xfc, 0xaa, 0xff, 0xf0, 0x3, 0x77, 0x90,
    0x0, 0xbb, 0xbc, 0x0, 0x22, 0xc2, 0x86, 0x65,
    0x2, 0x2c, 0x1, 0xee, 0x96, 0x58, 0xe0, 0xf,
    0xea, 0x66, 0x0, 0x1d, 0xd4, 0x1, 0xf4, 0xa5,
    0x0, 0x6a, 0x49, 0x0, 0xea, 0x7d, 0x10, 0xc,
    0x3a, 0xf6, 0x20, 0x5c, 0xf9, 0x1f, 0xe5, 0x6f,
    0xf4, 0xe3, 0x79, 0x94, 0xe9, 0x46, 0x61, 0x11,
    0x98, 0x82, 0xd8, 0x30, 0x70, 0x1, 0x9c, 0x24,
    0x66, 0x20, 0x3, 0x0, 0x7f, 0xf1, 0x40,

    /* U+6B22 "欢" */
    0x0, 0xfc, 0x48, 0x1, 0xff, 0xc2, 0x5f, 0x0,
    0xf1, 0x4c, 0xf3, 0x6, 0x98, 0x7, 0x8f, 0xbb,
    0x16, 0x2, 0x3f, 0xff, 0x0, 0xa3, 0xbc, 0x3a,
    0x43, 0xdd, 0xa4, 0xc0, 0x1a, 0xa0, 0x4, 0x45,
    0xa8, 0xf9, 0xe, 0x58, 0x2, 0xa8, 0x44, 0x12,
    0x79, 0x1, 0x0, 0x6b, 0x0, 0x11, 0xba, 0x94,
    0x7c, 0xc0, 0xe, 0xe, 0x20, 0x14, 0x8b, 0xf0,
    0x8, 0x10, 0x60, 0x7, 0xca, 0xc, 0x1, 0x20,
    0x20, 0x7, 0x89, 0xca, 0x0, 0x2d, 0x63, 0x20,
    0xe, 0xe5, 0xf5, 0x30, 0x54, 0xb5, 0x80, 0xd,
    0x63, 0x65, 0x2, 0x2b, 0x72, 0x85, 0x50, 0x1,
    0x5b, 0x4, 0x1c, 0x31, 0x20, 0xa, 0x69, 0x81,
    0x74, 0x40, 0x3, 0x89, 0x40, 0x13, 0x44, 0x98,
    0x7, 0xf, 0xc8, 0x7, 0x3f, 0x18,

    /* U+8A9E "語" */
    0x4, 0xff, 0xc3, 0x9f, 0xff, 0x8, 0x27, 0xfe,
    0x1c, 0xe8, 0x3e, 0xec, 0x25, 0xdd, 0xd2, 0x69,
    0x80, 0x89, 0x0, 0xb, 0xbb, 0xa5, 0x7d, 0x43,
    0xfd, 0x44, 0x0, 0x4b, 0xbc, 0x2d, 0x41, 0x15,
    0x41, 0x0, 0x96, 0x23, 0x8, 0x0, 0x54, 0x3,
    0xc2, 0x45, 0x8e, 0xf0, 0x2a, 0xec, 0x3e, 0xe0,
    0xb9, 0x98, 0xd, 0x1c, 0xce, 0x74, 0x20, 0x5d,
    0xdc, 0x71, 0xbb, 0xeb, 0x50, 0x6f, 0xee, 0x79,
    0xd, 0x77, 0xfd, 0x12, 0x1, 0x37, 0x70, 0x40,
    0x2b, 0xaa, 0x94, 0x3, 0xff, 0x90, 0x46, 0x60,
    0xc, 0xab, 0x88, 0x3, 0x2c, 0x41, 0x40, 0x29,
    0x9c, 0xe6, 0x0,

    /* U+8FCE "迎" */
    0x0, 0xfc, 0x20, 0x1f, 0xa9, 0x0, 0x33, 0x7b,
    0x88, 0xf0, 0x3, 0xad, 0x40, 0xbf, 0x74, 0xfd,
    0xdb, 0xc0, 0x9, 0x54, 0x10, 0x1b, 0x30, 0x7,
    0x7e, 0x0, 0x65, 0xd1, 0x0, 0xff, 0xe1, 0x10,
    0x7, 0xff, 0x4, 0x46, 0x0, 0xff, 0xe0, 0x17,
    0x73, 0xc0, 0x3f, 0xf8, 0x5, 0xf8, 0x1, 0xff,
    0xc7, 0x16, 0xa6, 0x0, 0xff, 0x16, 0x6, 0x7b,
    0x0, 0x33, 0x48, 0x3, 0x8a, 0xbe, 0x94, 0x2,
    0xdc, 0xc0, 0x5, 0x42, 0xe8, 0x1, 0xe1, 0x20,
    0xa, 0xde, 0x65, 0x4a, 0x40, 0x8, 0x0, 0x8,
    0xc4, 0xd8, 0xdc, 0x5d, 0x9f, 0xe8, 0xef, 0xee,
    0x39, 0x69, 0x0, 0x22, 0xfb, 0xff, 0xe6,

    /* U+FF01 "！" */
    0x1f, 0xa0, 0x8, 0x40, 0xc0, 0x2, 0x3, 0xe0,
    0x18, 0xc4, 0x4, 0xc3, 0x54, 0x4, 0x7, 0xa0,
    0x0, 0x22, 0xe9
};


/*---------------------
 *  GLYPH DESCRIPTION
 *--------------------*/

static const lv_font_fmt_txt_glyph_dsc_t glyph_dsc[] = {
    {.bitmap_index = 0, .adv_w = 0, .box_w = 0, .box_h = 0, .ofs_x = 0, .ofs_y = 0} /* id = 0 reserved */,
    {.bitmap_index = 0, .adv_w = 67, .box_w = 0, .box_h = 0, .ofs_x = 0, .ofs_y = 0},
    {.bitmap_index = 0, .adv_w = 63, .box_w = 2, .box_h = 12, .ofs_x = 1, .ofs_y = 0},
    {.bitmap_index = 12, .adv_w = 93, .box_w = 4, .box_h = 5, .ofs_x = 1, .ofs_y = 7},
    {.bitmap_index = 22, .adv_w = 165, .box_w = 10, .box_h = 12, .ofs_x = 0, .ofs_y = 0},
    {.bitmap_index = 77, .adv_w = 146, .box_w = 7, .box_h = 14, .ofs_x = 1, .ofs_y = -2},
    {.bitmap_index = 121, .adv_w = 208, .box_w = 13, .box_h = 12, .ofs_x = 0, .ofs_y = 0},
    {.bitmap_index = 194, .adv_w = 184, .box_w = 12, .box_h = 12, .ofs_x = 0, .ofs_y = 0},
    {.bitmap_index = 257, .adv_w = 51, .box_w = 2, .box_h = 5, .ofs_x = 1, .ofs_y = 7},
    {.bitmap_index = 263, .adv_w = 71, .box_w = 4, .box_h = 15, .ofs_x = 0, .ofs_y = -3},
    {.bitmap_index = 295, .adv_w = 71, .box_w = 4, .box_h = 15, .ofs_x = 0, .ofs_y = -3},
    {.bitmap_index = 327, .adv_w = 141, .box_w = 8, .box_h = 8, .ofs_x = 0, .ofs_y = 4},
    {.bitmap_index = 357, .adv_w = 146, .box_w = 9, .box_h = 8, .ofs_x = 0, .ofs_y = 2},
    {.bitmap_index = 376, .adv_w = 58, .box_w = 3, .box_h = 4, .ofs_x = 0, .ofs_y = -2},
    {.bitmap_index = 383, .adv_w = 82, .box_w = 5, .box_h = 1, .ofs_x = 0, .ofs_y = 4},
    {.bitmap_index = 386, .adv_w = 62, .box_w = 2, .box_h = 2, .ofs_x = 1, .ofs_y = 0},
    {.bitmap_index = 389, .adv_w = 89, .box_w = 6, .box_h = 12, .ofs_x = 0, .ofs_y = 0},
    {.bitmap_index = 420, .adv_w = 146, .box_w = 9, .box_h = 12, .ofs_x = 0, .ofs_y = 0},
    {.bitmap_index = 467, .adv_w = 146, .box_w = 5, .box_h = 12, .ofs_x = 1, .ofs_y = 0},
    {.bitmap_index = 480, .adv_w = 146, .box_w = 9, .box_h = 12, .ofs_x = 0, .ofs_y = 0},
    {.bitmap_index = 522, .adv_w = 146, .box_w = 9, .box_h = 12, .ofs_x = 0, .ofs_y = 0},
    {.bitmap_index = 568, .adv_w = 146, .box_w = 9, .box_h = 12, .ofs_x = 0, .ofs_y = 0},
    {.bitmap_index = 604, .adv_w = 146, .box_w = 8, .box_h = 12, .ofs_x = 1, .ofs_y = 0},
    {.bitmap_index = 645, .adv_w = 146, .box_w = 9, .box_h = 12, .ofs_x = 0, .ofs_y = 0},
    {.bitmap_index = 695, .adv_w = 146, .box_w = 9, .box_h = 12, .ofs_x = 0, .ofs_y = 0},
    {.bitmap_index = 731, .adv_w = 146, .box_w = 9, .box_h = 12, .ofs_x = 0, .ofs_y = 0},
    {.bitmap_index = 784, .adv_w = 146, .box_w = 9, .box_h = 12, .ofs_x = 0, .ofs_y = 0},
    {.bitmap_index = 833, .adv_w = 62, .box_w = 2, .box_h = 9, .ofs_x = 1, .ofs_y = 0},
    {.bitmap_index = 841, .adv_w = 62, .box_w = 3, .box_h = 12, .ofs_x = 0, .ofs_y = -3},
    {.bitmap_index = 856, .adv_w = 146, .box_w = 9, .box_h = 8, .ofs_x = 0, .ofs_y = 2},
    {.bitmap_index = 888, .adv_w = 146, .box_w = 9, .box_h = 4, .ofs_x = 0, .ofs_y = 4},
    {.bitmap_index = 899, .adv_w = 146, .box_w = 9, .box_h = 8, .ofs_x = 0, .ofs_y = 2},
    {.bitmap_index = 930, .adv_w = 109, .box_w = 7, .box_h = 12, .ofs_x = 0, .ofs_y = 0},
    {.bitmap_index = 966, .adv_w = 228, .box_w = 14, .box_h = 13, .ofs_x = 0, .ofs_y = -1},
    {.bitmap_index = 1053, .adv_w = 156, .box_w = 10, .box_h = 12, .ofs_x = 0, .ofs_y = 0},
    {.bitmap_index = 1102, .adv_w = 162, .box_w = 9, .box_h = 12, .ofs_x = 1, .ofs_y = 0},
    {.bitmap_index = 1145, .adv_w = 159, .box_w = 10, .box_h = 12, .ofs_x = 0, .ofs_y = 0},
    {.bitmap_index = 1188, .adv_w = 182, .box_w = 10, .box_h = 12, .ofs_x = 1, .ofs_y = 0},
    {.bitmap_index = 1230, .adv_w = 142, .box_w = 7, .box_h = 12, .ofs_x = 1, .ofs_y = 0},
    {.bitmap_index = 1250, .adv_w = 130, .box_w = 7, .box_h = 12, .ofs_x = 1, .ofs_y = 0},
    {.bitmap_index = 1268, .adv_w = 185, .box_w = 11, .box_h = 12, .ofs_x = 0, .ofs_y = 0},
    {.bitmap_index = 1321, .adv_w = 185, .box_w = 9, .box_h = 12, .ofs_x = 1, .ofs_y = 0},
    {.bitmap_index = 1337, .adv_w = 80, .box_w = 5, .box_h = 12, .ofs_x = 0, .ofs_y = 0},
    {.bitmap_index = 1348, .adv_w = 65, .box_w = 5, .box_h = 15, .ofs_x = -2, .ofs_y = -3},
    {.bitmap_index = 1360, .adv_w = 151, .box_w = 9, .box_h = 12, .ofs_x = 1, .ofs_y = 0},
    {.bitmap_index = 1401, .adv_w = 132, .box_w = 7, .box_h = 12, .ofs_x = 1, .ofs_y = 0},
    {.bitmap_index = 1408, .adv_w = 223, .box_w = 12, .box_h = 12, .ofs_x = 1, .ofs_y = 0},
    {.bitmap_index = 1463, .adv_w = 187, .box_w = 10, .box_h = 12, .ofs_x = 1, .ofs_y = 0},
    {.bitmap_index = 1502, .adv_w = 197, .box_w = 12, .box_h = 12, .ofs_x = 0, .ofs_y = 0},
    {.bitmap_index = 1561, .adv_w = 151, .box_w = 8, .box_h = 12, .ofs_x = 1, .ofs_y = 0},
    {.bitmap_index = 1592, .adv_w = 197, .box_w = 12, .box_h = 15, .ofs_x = 0, .ofs_y = -3},
    {.bitmap_index = 1663, .adv_w = 154, .box_w = 9, .box_h = 12, .ofs_x = 1, .ofs_y = 0},
    {.bitmap_index = 1705, .adv_w = 140, .box_w = 8, .box_h = 12, .ofs_x = 0, .ofs_y = 0},
    {.bitmap_index = 1745, .adv_w = 136, .box_w = 9, .box_h = 12, .ofs_x = 0, .ofs_y = 0},
    {.bitmap_index = 1760, .adv_w = 185, .box_w = 10, .box_h = 12, .ofs_x = 1, .ofs_y = 0},
    {.bitmap_index = 1786, .adv_w = 149, .box_w = 10, .box_h = 12, .ofs_x = 0, .ofs_y = 0},
    {.bitmap_index = 1837, .adv_w = 230, .box_w = 15, .box_h = 12, .ofs_x = 0, .ofs_y = 0},
    {.bitmap_index = 1920, .adv_w = 140, .box_w = 9, .box_h = 12, .ofs_x = 0, .ofs_y = 0},
    {.bitmap_index = 1968, .adv_w = 137, .box_w = 9, .box_h = 12, .ofs_x = 0, .ofs_y = 0},
    {.bitmap_index = 2005, .adv_w = 147, .box_w = 9, .box_h = 12, .ofs_x = 0, .ofs_y = 0},
    {.bitmap_index = 2044, .adv_w = 82, .box_w = 4, .box_h = 15, .ofs_x = 1, .ofs_y = -3},
    {.bitmap_index = 2054, .adv_w = 89, .box_w = 6, .box_h = 12, .ofs_x = 0, .ofs_y = 0},
    {.bitmap_index = 2083, .adv_w = 82, .box_w = 4, .box_h = 15, .ofs_x = 0, .ofs_y = -3},
    {.bitmap_index = 2092, .adv_w = 146, .box_w = 9, .box_h = 8, .ofs_x = 0, .ofs_y = 5},
    {.bitmap_index = 2123, .adv_w = 107, .box_w = 8, .box_h = 1, .ofs_x = -1, .ofs_y = -2},
    {.bitmap_index = 2126, .adv_w = 68, .box_w = 4, .box_h = 3, .ofs_x = 0, .ofs_y = 10},
    {.bitmap_index = 2133, .adv_w = 137, .box_w = 8, .box_h = 9, .ofs_x = 0, .ofs_y = 0},
    {.bitmap_index = 2168, .adv_w = 153, .box_w = 8, .box_h = 12, .ofs_x = 1, .ofs_y = 0},
    {.bitmap_index = 2206, .adv_w = 122, .box_w = 8, .box_h = 9, .ofs_x = 0, .ofs_y = 0},
    {.bitmap_index = 2238, .adv_w = 153, .box_w = 9, .box_h = 12, .ofs_x = 0, .ofs_y = 0},
    {.bitmap_index = 2282, .adv_w = 141, .box_w = 8, .box_h = 9, .ofs_x = 0, .ofs_y = 0},
    {.bitmap_index = 2316, .adv_w = 79, .box_w = 6, .box_h = 12, .ofs_x = 0, .ofs_y = 0},
    {.bitmap_index = 2334, .adv_w = 153, .box_w = 9, .box_h = 13, .ofs_x = 0, .ofs_y = -4},
    {.bitmap_index = 2388, .adv_w = 153, .box_w = 8, .box_h = 12, .ofs_x = 1, .ofs_y = 0},
    {.bitmap_index = 2412, .adv_w = 60, .box_w = 2, .box_h = 12, .ofs_x = 1, .ofs_y = 0},
    {.bitmap_index = 2420, .adv_w = 60, .box_w = 4, .box_h = 16, .ofs_x = -1, .ofs_y = -4},
    {.bitmap_index = 2437, .adv_w = 126, .box_w = 7, .box_h = 12, .ofs_x = 1, .ofs_y = 0},
    {.bitmap_index = 2467, .adv_w = 60, .box_w = 2, .box_h = 12, .ofs_x = 1, .ofs_y = 0},
    {.bitmap_index = 2472, .adv_w = 229, .box_w = 12, .box_h = 9, .ofs_x = 1, .ofs_y = 0},
    {.bitmap_index = 2497, .adv_w = 153, .box_w = 8, .box_h = 9, .ofs_x = 1, .ofs_y = 0},
    {.bitmap_index = 2518, .adv_w = 151, .box_w = 9, .box_h = 9, .ofs_x = 0, .ofs_y = 0},
    {.bitmap_index = 2557, .adv_w = 153, .box_w = 8, .box_h = 13, .ofs_x = 1, .ofs_y = -4},
    {.bitmap_index = 2600, .adv_w = 153, .box_w = 9, .box_h = 13, .ofs_x = 0, .ofs_y = -4},
    {.bitmap_index = 2646, .adv_w = 101, .box_w = 6, .box_h = 9, .ofs_x = 1, .ofs_y = 0},
    {.bitmap_index = 2661, .adv_w = 120, .box_w = 7, .box_h = 9, .ofs_x = 0, .ofs_y = 0},
    {.bitmap_index = 2691, .adv_w = 87, .box_w = 6, .box_h = 11, .ofs_x = 0, .ofs_y = 0},
    {.bitmap_index = 2710, .adv_w = 153, .box_w = 8, .box_h = 9, .ofs_x = 1, .ofs_y = 0},
    {.bitmap_index = 2730, .adv_w = 120, .box_w = 8, .box_h = 9, .ofs_x = 0, .ofs_y = 0},
    {.bitmap_index = 2764, .adv_w = 188, .box_w = 12, .box_h = 9, .ofs_x = 0, .ofs_y = 0},
    {.bitmap_index = 2818, .adv_w = 129, .box_w = 8, .box_h = 9, .ofs_x = 0, .ofs_y = 0},
    {.bitmap_index = 2853, .adv_w = 120, .box_w = 8, .box_h = 13, .ofs_x = 0, .ofs_y = -4},
    {.bitmap_index = 2898, .adv_w = 119, .box_w = 7, .box_h = 9, .ofs_x = 0, .ofs_y = 0},
    {.bitmap_index = 2925, .adv_w = 92, .box_w = 6, .box_h = 15, .ofs_x = 0, .ofs_y = -3},
    {.bitmap_index = 2958, .adv_w = 139, .box_w = 2, .box_h = 16, .ofs_x = 3, .ofs_y = -4},
    {.bitmap_index = 2963, .adv_w = 92, .box_w = 6, .box_h = 15, .ofs_x = 0, .ofs_y = -3},
    {.bitmap_index = 2997, .adv_w = 146, .box_w = 9, .box_h = 2, .ofs_x = 0, .ofs_y = 5},
    {.bitmap_index = 3007, .adv_w = 67, .box_w = 0, .box_h = 0, .ofs_x = 0, .ofs_y = 0},
    {.bitmap_index = 3007, .adv_w = 63, .box_w = 2, .box_h = 13, .ofs_x = 1, .ofs_y = -4},
    {.bitmap_index = 3020, .adv_w = 146, .box_w = 7, .box_h = 12, .ofs_x = 1, .ofs_y = 0},
    {.bitmap_index = 3056, .adv_w = 146, .box_w = 9, .box_h = 12, .ofs_x = 0, .ofs_y = 0},
    {.bitmap_index = 3097, .adv_w = 146, .box_w = 9, .box_h = 9, .ofs_x = 0, .ofs_y = 1},
    {.bitmap_index = 3137, .adv_w = 146, .box_w = 9, .box_h = 12, .ofs_x = 0, .ofs_y = 0},
    {.bitmap_index = 3184, .adv_w = 139, .box_w = 2, .box_h = 16, .ofs_x = 3, .ofs_y = -4},
    {.bitmap_index = 3194, .adv_w = 132, .box_w = 8, .box_h = 12, .ofs_x = 0, .ofs_y = 0},
    {.bitmap_index = 3240, .adv_w = 148, .box_w = 5, .box_h = 3, .ofs_x = 2, .ofs_y = 10},
    {.bitmap_index = 3247, .adv_w = 213, .box_w = 13, .box_h = 13, .ofs_x = 0, .ofs_y = 0},
    {.bitmap_index = 3327, .adv_w = 87, .box_w = 5, .box_h = 5, .ofs_x = 0, .ofs_y = 7},
    {.bitmap_index = 3340, .adv_w = 115, .box_w = 7, .box_h = 7, .ofs_x = 0, .ofs_y = 1},
    {.bitmap_index = 3365, .adv_w = 146, .box_w = 9, .box_h = 5, .ofs_x = 0, .ofs_y = 1},
    {.bitmap_index = 3375, .adv_w = 82, .box_w = 5, .box_h = 1, .ofs_x = 0, .ofs_y = 4},
    {.bitmap_index = 3378, .adv_w = 213, .box_w = 13, .box_h = 13, .ofs_x = 0, .ofs_y = 0},
    {.bitmap_index = 3459, .adv_w = 128, .box_w = 10, .box_h = 1, .ofs_x = -1, .ofs_y = 13},
    {.bitmap_index = 3462, .adv_w = 110, .box_w = 5, .box_h = 5, .ofs_x = 1, .ofs_y = 7},
    {.bitmap_index = 3475, .adv_w = 146, .box_w = 9, .box_h = 10, .ofs_x = 0, .ofs_y = 0},
    {.bitmap_index = 3499, .adv_w = 87, .box_w = 5, .box_h = 7, .ofs_x = 0, .ofs_y = 7},
    {.bitmap_index = 3517, .adv_w = 87, .box_w = 6, .box_h = 7, .ofs_x = 0, .ofs_y = 7},
    {.bitmap_index = 3539, .adv_w = 68, .box_w = 4, .box_h = 3, .ofs_x = 0, .ofs_y = 10},
    {.bitmap_index = 3546, .adv_w = 154, .box_w = 8, .box_h = 13, .ofs_x = 1, .ofs_y = -4},
    {.bitmap_index = 3573, .adv_w = 168, .box_w = 8, .box_h = 15, .ofs_x = 1, .ofs_y = -3},
    {.bitmap_index = 3604, .adv_w = 62, .box_w = 2, .box_h = 2, .ofs_x = 1, .ofs_y = 5},
    {.bitmap_index = 3607, .adv_w = 54, .box_w = 4, .box_h = 5, .ofs_x = 0, .ofs_y = -4},
    {.bitmap_index = 3617, .adv_w = 87, .box_w = 4, .box_h = 7, .ofs_x = 0, .ofs_y = 7},
    {.bitmap_index = 3626, .adv_w = 93, .box_w = 6, .box_h = 5, .ofs_x = 0, .ofs_y = 7},
    {.bitmap_index = 3642, .adv_w = 115, .box_w = 7, .box_h = 7, .ofs_x = 0, .ofs_y = 1},
    {.bitmap_index = 3667, .adv_w = 185, .box_w = 12, .box_h = 12, .ofs_x = 0, .ofs_y = 0},
    {.bitmap_index = 3725, .adv_w = 194, .box_w = 12, .box_h = 12, .ofs_x = 0, .ofs_y = 0},
    {.bitmap_index = 3786, .adv_w = 197, .box_w = 13, .box_h = 12, .ofs_x = 0, .ofs_y = 0},
    {.bitmap_index = 3857, .adv_w = 109, .box_w = 7, .box_h = 12, .ofs_x = 0, .ofs_y = -3},
    {.bitmap_index = 3892, .adv_w = 156, .box_w = 10, .box_h = 16, .ofs_x = 0, .ofs_y = 0},
    {.bitmap_index = 3953, .adv_w = 156, .box_w = 10, .box_h = 16, .ofs_x = 0, .ofs_y = 0},
    {.bitmap_index = 4014, .adv_w = 156, .box_w = 10, .box_h = 16, .ofs_x = 0, .ofs_y = 0},
    {.bitmap_index = 4077, .adv_w = 156, .box_w = 10, .box_h = 15, .ofs_x = 0, .ofs_y = 0},
    {.bitmap_index = 4139, .adv_w = 156, .box_w = 10, .box_h = 16, .ofs_x = 0, .ofs_y = 0},
    {.bitmap_index = 4202, .adv_w = 156, .box_w = 10, .box_h = 15, .ofs_x = 0, .ofs_y = 0},
    {.bitmap_index = 4262, .adv_w = 210, .box_w = 14, .box_h = 12, .ofs_x = -1, .ofs_y = 0},
    {.bitmap_index = 4318, .adv_w = 159, .box_w = 10, .box_h = 16, .ofs_x = 0, .ofs_y = -4},
    {.bitmap_index = 4377, .adv_w = 142, .box_w = 7, .box_h = 16, .ofs_x = 1, .ofs_y = 0},
    {.bitmap_index = 4409, .adv_w = 142, .box_w = 7, .box_h = 16, .ofs_x = 1, .ofs_y = 0},
    {.bitmap_index = 4440, .adv_w = 142, .box_w = 7, .box_h = 16, .ofs_x = 1, .ofs_y = 0},
    {.bitmap_index = 4473, .adv_w = 142, .box_w = 7, .box_h = 16, .ofs_x = 1, .ofs_y = 0},
    {.bitmap_index = 4505, .adv_w = 80, .box_w = 5, .box_h = 16, .ofs_x = 0, .ofs_y = 0},
    {.bitmap_index = 4526, .adv_w = 80, .box_w = 5, .box_h = 16, .ofs_x = 0, .ofs_y = 0},
    {.bitmap_index = 4547, .adv_w = 80, .box_w = 5, .box_h = 16, .ofs_x = 0, .ofs_y = 0},
    {.bitmap_index = 4568, .adv_w = 80, .box_w = 5, .box_h = 16, .ofs_x = 0, .ofs_y = 0},
    {.bitmap_index = 4588, .adv_w = 182, .box_w = 11, .box_h = 12, .ofs_x = 0, .ofs_y = 0},
    {.bitmap_index = 4637, .adv_w = 187, .box_w = 10, .box_h = 15, .ofs_x = 1, .ofs_y = 0},
    {.bitmap_index = 4690, .adv_w = 197, .box_w = 12, .box_h = 17, .ofs_x = 0, .ofs_y = 0},
    {.bitmap_index = 4766, .adv_w = 197, .box_w = 12, .box_h = 16, .ofs_x = 0, .ofs_y = 0},
    {.bitmap_index = 4839, .adv_w = 197, .box_w = 12, .box_h = 16, .ofs_x = 0, .ofs_y = 0},
    {.bitmap_index = 4914, .adv_w = 197, .box_w = 12, .box_h = 15, .ofs_x = 0, .ofs_y = 0},
    {.bitmap_index = 4987, .adv_w = 197, .box_w = 12, .box_h = 16, .ofs_x = 0, .ofs_y = 0},
    {.bitmap_index = 5060, .adv_w = 146, .box_w = 8, .box_h = 8, .ofs_x = 1, .ofs_y = 2},
    {.bitmap_index = 5090, .adv_w = 197, .box_w = 12, .box_h = 14, .ofs_x = 0, .ofs_y = -1},
    {.bitmap_index = 5167, .adv_w = 185, .box_w = 10, .box_h = 17, .ofs_x = 1, .ofs_y = 0},
    {.bitmap_index = 5208, .adv_w = 185, .box_w = 10, .box_h = 16, .ofs_x = 1, .ofs_y = 0},
    {.bitmap_index = 5246, .adv_w = 185, .box_w = 10, .box_h = 16, .ofs_x = 1, .ofs_y = 0},
    {.bitmap_index = 5287, .adv_w = 185, .box_w = 10, .box_h = 16, .ofs_x = 1, .ofs_y = 0},
    {.bitmap_index = 5327, .adv_w = 137, .box_w = 9, .box_h = 16, .ofs_x = 0, .ofs_y = 0},
    {.bitmap_index = 5376, .adv_w = 151, .box_w = 8, .box_h = 12, .ofs_x = 1, .ofs_y = 0},
    {.bitmap_index = 5410, .adv_w = 152, .box_w = 8, .box_h = 12, .ofs_x = 1, .ofs_y = 0},
    {.bitmap_index = 5453, .adv_w = 137, .box_w = 8, .box_h = 13, .ofs_x = 0, .ofs_y = 0},
    {.bitmap_index = 5500, .adv_w = 137, .box_w = 8, .box_h = 12, .ofs_x = 0, .ofs_y = 0},
    {.bitmap_index = 5544, .adv_w = 137, .box_w = 8, .box_h = 12, .ofs_x = 0, .ofs_y = 0},
    {.bitmap_index = 5590, .adv_w = 137, .box_w = 8, .box_h = 12, .ofs_x = 0, .ofs_y = 0},
    {.bitmap_index = 5638, .adv_w = 137, .box_w = 8, .box_h = 12, .ofs_x = 0, .ofs_y = 0},
    {.bitmap_index = 5685, .adv_w = 137, .box_w = 8, .box_h = 14, .ofs_x = 0, .ofs_y = 0},
    {.bitmap_index = 5736, .adv_w = 219, .box_w = 13, .box_h = 9, .ofs_x = 0, .ofs_y = 0},
    {.bitmap_index = 5791, .adv_w = 122, .box_w = 8, .box_h = 13, .ofs_x = 0, .ofs_y = -4},
    {.bitmap_index = 5836, .adv_w = 141, .box_w = 8, .box_h = 13, .ofs_x = 0, .ofs_y = 0},
    {.bitmap_index = 5881, .adv_w = 141, .box_w = 8, .box_h = 12, .ofs_x = 0, .ofs_y = 0},
    {.bitmap_index = 5923, .adv_w = 141, .box_w = 8, .box_h = 12, .ofs_x = 0, .ofs_y = 0},
    {.bitmap_index = 5968, .adv_w = 141, .box_w = 8, .box_h = 12, .ofs_x = 0, .ofs_y = 0},
    {.bitmap_index = 6013, .adv_w = 60, .box_w = 4, .box_h = 13, .ofs_x = 0, .ofs_y = 0},
    {.bitmap_index = 6026, .adv_w = 60, .box_w = 4, .box_h = 12, .ofs_x = 1, .ofs_y = 0},
    {.bitmap_index = 6037, .adv_w = 60, .box_w = 6, .box_h = 12, .ofs_x = -1, .ofs_y = 0},
    {.bitmap_index = 6051, .adv_w = 60, .box_w = 5, .box_h = 12, .ofs_x = -1, .ofs_y = 0},
    {.bitmap_index = 6064, .adv_w = 148, .box_w = 9, .box_h = 13, .ofs_x = 0, .ofs_y = 0},
    {.bitmap_index = 6118, .adv_w = 153, .box_w = 8, .box_h = 12, .ofs_x = 1, .ofs_y = 0},
    {.bitmap_index = 6151, .adv_w = 151, .box_w = 9, .box_h = 13, .ofs_x = 0, .ofs_y = 0},
    {.bitmap_index = 6201, .adv_w = 151, .box_w = 9, .box_h = 12, .ofs_x = 0, .ofs_y = 0},
    {.bitmap_index = 6249, .adv_w = 151, .box_w = 9, .box_h = 12, .ofs_x = 0, .ofs_y = 0},
    {.bitmap_index = 6299, .adv_w = 151, .box_w = 9, .box_h = 12, .ofs_x = 0, .ofs_y = 0},
    {.bitmap_index = 6350, .adv_w = 151, .box_w = 9, .box_h = 12, .ofs_x = 0, .ofs_y = 0},
    {.bitmap_index = 6400, .adv_w = 146, .box_w = 9, .box_h = 8, .ofs_x = 0, .ofs_y = 2},
    {.bitmap_index = 6423, .adv_w = 151, .box_w = 9, .box_h = 11, .ofs_x = 0, .ofs_y = -1},
    {.bitmap_index = 6473, .adv_w = 153, .box_w = 8, .box_h = 13, .ofs_x = 1, .ofs_y = 0},
    {.bitmap_index = 6504, .adv_w = 153, .box_w = 8, .box_h = 12, .ofs_x = 1, .ofs_y = 0},
    {.bitmap_index = 6533, .adv_w = 153, .box_w = 8, .box_h = 12, .ofs_x = 1, .ofs_y = 0},
    {.bitmap_index = 6564, .adv_w = 153, .box_w = 8, .box_h = 12, .ofs_x = 1, .ofs_y = 0},
    {.bitmap_index = 6595, .adv_w = 120, .box_w = 8, .box_h = 16, .ofs_x = 0, .ofs_y = -4},
    {.bitmap_index = 6649, .adv_w = 153, .box_w = 8, .box_h = 16, .ofs_x = 1, .ofs_y = -4},
    {.bitmap_index = 6695, .adv_w = 120, .box_w = 8, .box_h = 16, .ofs_x = 0, .ofs_y = -4},
    {.bitmap_index = 6751, .adv_w = 156, .box_w = 10, .box_h = 14, .ofs_x = 0, .ofs_y = 0},
    {.bitmap_index = 6807, .adv_w = 137, .box_w = 8, .box_h = 11, .ofs_x = 0, .ofs_y = 0},
    {.bitmap_index = 6850, .adv_w = 156, .box_w = 10, .box_h = 15, .ofs_x = 0, .ofs_y = 0},
    {.bitmap_index = 6911, .adv_w = 137, .box_w = 8, .box_h = 12, .ofs_x = 0, .ofs_y = 0},
    {.bitmap_index = 6958, .adv_w = 156, .box_w = 10, .box_h = 16, .ofs_x = 0, .ofs_y = -4},
    {.bitmap_index = 7020, .adv_w = 137, .box_w = 8, .box_h = 13, .ofs_x = 0, .ofs_y = -4},
    {.bitmap_index = 7068, .adv_w = 159, .box_w = 10, .box_h = 16, .ofs_x = 0, .ofs_y = 0},
    {.bitmap_index = 7124, .adv_w = 122, .box_w = 8, .box_h = 12, .ofs_x = 0, .ofs_y = 0},
    {.bitmap_index = 7164, .adv_w = 159, .box_w = 10, .box_h = 16, .ofs_x = 0, .ofs_y = 0},
    {.bitmap_index = 7222, .adv_w = 122, .box_w = 8, .box_h = 12, .ofs_x = 0, .ofs_y = 0},
    {.bitmap_index = 7264, .adv_w = 159, .box_w = 10, .box_h = 16, .ofs_x = 0, .ofs_y = 0},
    {.bitmap_index = 7318, .adv_w = 122, .box_w = 8, .box_h = 12, .ofs_x = 0, .ofs_y = 0},
    {.bitmap_index = 7358, .adv_w = 159, .box_w = 10, .box_h = 16, .ofs_x = 0, .ofs_y = 0},
    {.bitmap_index = 7416, .adv_w = 122, .box_w = 8, .box_h = 12, .ofs_x = 0, .ofs_y = 0},
    {.bitmap_index = 7459, .adv_w = 182, .box_w = 10, .box_h = 16, .ofs_x = 1, .ofs_y = 0},
    {.bitmap_index = 7517, .adv_w = 153, .box_w = 11, .box_h = 12, .ofs_x = 0, .ofs_y = 0},
    {.bitmap_index = 7571, .adv_w = 182, .box_w = 11, .box_h = 12, .ofs_x = 0, .ofs_y = 0},
    {.bitmap_index = 7620, .adv_w = 154, .box_w = 10, .box_h = 12, .ofs_x = 0, .ofs_y = 0},
    {.bitmap_index = 7674, .adv_w = 142, .box_w = 7, .box_h = 14, .ofs_x = 1, .ofs_y = 0},
    {.bitmap_index = 7700, .adv_w = 141, .box_w = 8, .box_h = 11, .ofs_x = 0, .ofs_y = 0},
    {.bitmap_index = 7741, .adv_w = 142, .box_w = 7, .box_h = 15, .ofs_x = 1, .ofs_y = 0},
    {.bitmap_index = 7772, .adv_w = 141, .box_w = 8, .box_h = 12, .ofs_x = 0, .ofs_y = 0},
    {.bitmap_index = 7817, .adv_w = 142, .box_w = 7, .box_h = 16, .ofs_x = 1, .ofs_y = 0},
    {.bitmap_index = 7846, .adv_w = 141, .box_w = 8, .box_h = 12, .ofs_x = 0, .ofs_y = 0},
    {.bitmap_index = 7888, .adv_w = 142, .box_w = 7, .box_h = 16, .ofs_x = 1, .ofs_y = -4},
    {.bitmap_index = 7920, .adv_w = 141, .box_w = 8, .box_h = 13, .ofs_x = 0, .ofs_y = -4},
    {.bitmap_index = 7967, .adv_w = 142, .box_w = 7, .box_h = 16, .ofs_x = 1, .ofs_y = 0},
    {.bitmap_index = 8001, .adv_w = 141, .box_w = 8, .box_h = 12, .ofs_x = 0, .ofs_y = 0},
    {.bitmap_index = 8045, .adv_w = 185, .box_w = 11, .box_h = 16, .ofs_x = 0, .ofs_y = 0},
    {.bitmap_index = 8113, .adv_w = 153, .box_w = 9, .box_h = 16, .ofs_x = 0, .ofs_y = -4},
    {.bitmap_index = 8178, .adv_w = 185, .box_w = 11, .box_h = 16, .ofs_x = 0, .ofs_y = 0},
    {.bitmap_index = 8246, .adv_w = 153, .box_w = 9, .box_h = 16, .ofs_x = 0, .ofs_y = -4},
    {.bitmap_index = 8312, .adv_w = 185, .box_w = 11, .box_h = 16, .ofs_x = 0, .ofs_y = 0},
    {.bitmap_index = 8375, .adv_w = 153, .box_w = 9, .box_h = 16, .ofs_x = 0, .ofs_y = -4},
    {.bitmap_index = 8437, .adv_w = 185, .box_w = 11, .box_h = 16, .ofs_x = 0, .ofs_y = -4},
    {.bitmap_index = 8504, .adv_w = 153, .box_w = 9, .box_h = 16, .ofs_x = 0, .ofs_y = -4},
    {.bitmap_index = 8566, .adv_w = 185, .box_w = 9, .box_h = 16, .ofs_x = 1, .ofs_y = 0},
    {.bitmap_index = 8596, .adv_w = 153, .box_w = 10, .box_h = 17, .ofs_x = -1, .ofs_y = 0},
    {.bitmap_index = 8639, .adv_w = 185, .box_w = 12, .box_h = 12, .ofs_x = 0, .ofs_y = 0},
    {.bitmap_index = 8668, .adv_w = 153, .box_w = 9, .box_h = 12, .ofs_x = 0, .ofs_y = 0},
    {.bitmap_index = 8701, .adv_w = 80, .box_w = 7, .box_h = 15, .ofs_x = -1, .ofs_y = 0},
    {.bitmap_index = 8725, .adv_w = 60, .box_w = 6, .box_h = 12, .ofs_x = -1, .ofs_y = 0},
    {.bitmap_index = 8739, .adv_w = 80, .box_w = 5, .box_h = 14, .ofs_x = 0, .ofs_y = 0},
    {.bitmap_index = 8755, .adv_w = 60, .box_w = 6, .box_h = 11, .ofs_x = -1, .ofs_y = 0},
    {.bitmap_index = 8765, .adv_w = 80, .box_w = 5, .box_h = 15, .ofs_x = 0, .ofs_y = 0},
    {.bitmap_index = 8784, .adv_w = 60, .box_w = 6, .box_h = 12, .ofs_x = -1, .ofs_y = 0},
    {.bitmap_index = 8799, .adv_w = 80, .box_w = 5, .box_h = 16, .ofs_x = 0, .ofs_y = -4},
    {.bitmap_index = 8820, .adv_w = 60, .box_w = 3, .box_h = 16, .ofs_x = 0, .ofs_y = -4},
    {.bitmap_index = 8837, .adv_w = 80, .box_w = 5, .box_h = 16, .ofs_x = 0, .ofs_y = 0},
    {.bitmap_index = 8856, .adv_w = 60, .box_w = 2, .box_h = 9, .ofs_x = 1, .ofs_y = 0},
    {.bitmap_index = 8861, .adv_w = 144, .box_w = 8, .box_h = 15, .ofs_x = 0, .ofs_y = -3},
    {.bitmap_index = 8886, .adv_w = 119, .box_w = 6, .box_h = 16, .ofs_x = 1, .ofs_y = -4},
    {.bitmap_index = 8910, .adv_w = 65, .box_w = 7, .box_h = 19, .ofs_x = -2, .ofs_y = -3},
    {.bitmap_index = 8940, .adv_w = 60, .box_w = 6, .box_h = 16, .ofs_x = -1, .ofs_y = -4},
    {.bitmap_index = 8962, .adv_w = 151, .box_w = 9, .box_h = 16, .ofs_x = 1, .ofs_y = -4},
    {.bitmap_index = 9016, .adv_w = 126, .box_w = 7, .box_h = 16, .ofs_x = 1, .ofs_y = -4},
    {.bitmap_index = 9058, .adv_w = 126, .box_w = 7, .box_h = 9, .ofs_x = 1, .ofs_y = 0},
    {.bitmap_index = 9086, .adv_w = 132, .box_w = 7, .box_h = 16, .ofs_x = 1, .ofs_y = 0},
    {.bitmap_index = 9105, .adv_w = 60, .box_w = 4, .box_h = 17, .ofs_x = 1, .ofs_y = 0},
    {.bitmap_index = 9118, .adv_w = 132, .box_w = 7, .box_h = 16, .ofs_x = 1, .ofs_y = -4},
    {.bitmap_index = 9137, .adv_w = 60, .box_w = 2, .box_h = 16, .ofs_x = 1, .ofs_y = -4},
    {.bitmap_index = 9146, .adv_w = 132, .box_w = 7, .box_h = 12, .ofs_x = 1, .ofs_y = 0},
    {.bitmap_index = 9162, .adv_w = 60, .box_w = 4, .box_h = 12, .ofs_x = 1, .ofs_y = 0},
    {.bitmap_index = 9173, .adv_w = 132, .box_w = 7, .box_h = 12, .ofs_x = 1, .ofs_y = 0},
    {.bitmap_index = 9189, .adv_w = 61, .box_w = 4, .box_h = 12, .ofs_x = 1, .ofs_y = 0},
    {.bitmap_index = 9201, .adv_w = 132, .box_w = 8, .box_h = 12, .ofs_x = 0, .ofs_y = 0},
    {.bitmap_index = 9225, .adv_w = 60, .box_w = 4, .box_h = 12, .ofs_x = 0, .ofs_y = 0},
    {.bitmap_index = 9239, .adv_w = 187, .box_w = 10, .box_h = 16, .ofs_x = 1, .ofs_y = 0},
    {.bitmap_index = 9291, .adv_w = 153, .box_w = 8, .box_h = 12, .ofs_x = 1, .ofs_y = 0},
    {.bitmap_index = 9321, .adv_w = 187, .box_w = 10, .box_h = 16, .ofs_x = 1, .ofs_y = -4},
    {.bitmap_index = 9374, .adv_w = 153, .box_w = 8, .box_h = 13, .ofs_x = 1, .ofs_y = -4},
    {.bitmap_index = 9407, .adv_w = 187, .box_w = 10, .box_h = 16, .ofs_x = 1, .ofs_y = 0},
    {.bitmap_index = 9462, .adv_w = 153, .box_w = 8, .box_h = 12, .ofs_x = 1, .ofs_y = 0},
    {.bitmap_index = 9494, .adv_w = 162, .box_w = 9, .box_h = 12, .ofs_x = 0, .ofs_y = 0},
    {.bitmap_index = 9527, .adv_w = 187, .box_w = 10, .box_h = 15, .ofs_x = 1, .ofs_y = -3},
    {.bitmap_index = 9577, .adv_w = 153, .box_w = 8, .box_h = 13, .ofs_x = 1, .ofs_y = -4},
    {.bitmap_index = 9606, .adv_w = 197, .box_w = 12, .box_h = 14, .ofs_x = 0, .ofs_y = 0},
    {.bitmap_index = 9672, .adv_w = 151, .box_w = 9, .box_h = 11, .ofs_x = 0, .ofs_y = 0},
    {.bitmap_index = 9718, .adv_w = 197, .box_w = 12, .box_h = 16, .ofs_x = 0, .ofs_y = 0},
    {.bitmap_index = 9794, .adv_w = 151, .box_w = 9, .box_h = 12, .ofs_x = 0, .ofs_y = 0},
    {.bitmap_index = 9844, .adv_w = 197, .box_w = 12, .box_h = 16, .ofs_x = 0, .ofs_y = 0},
    {.bitmap_index = 9920, .adv_w = 151, .box_w = 9, .box_h = 12, .ofs_x = 0, .ofs_y = 0},
    {.bitmap_index = 9971, .adv_w = 234, .box_w = 14, .box_h = 12, .ofs_x = 0, .ofs_y = 0},
    {.bitmap_index = 10028, .adv_w = 245, .box_w = 15, .box_h = 9, .ofs_x = 0, .ofs_y = 0},
    {.bitmap_index = 10090, .adv_w = 154, .box_w = 9, .box_h = 16, .ofs_x = 1, .ofs_y = 0},
    {.bitmap_index = 10144, .adv_w = 101, .box_w = 6, .box_h = 12, .ofs_x = 1, .ofs_y = 0},
    {.bitmap_index = 10168, .adv_w = 154, .box_w = 9, .box_h = 16, .ofs_x = 1, .ofs_y = -4},
    {.bitmap_index = 10222, .adv_w = 101, .box_w = 6, .box_h = 13, .ofs_x = 1, .ofs_y = -4},
    {.bitmap_index = 10247, .adv_w = 154, .box_w = 9, .box_h = 16, .ofs_x = 1, .ofs_y = 0},
    {.bitmap_index = 10304, .adv_w = 101, .box_w = 6, .box_h = 12, .ofs_x = 1, .ofs_y = 0},
    {.bitmap_index = 10329, .adv_w = 140, .box_w = 8, .box_h = 16, .ofs_x = 0, .ofs_y = 0},
    {.bitmap_index = 10380, .adv_w = 120, .box_w = 7, .box_h = 12, .ofs_x = 0, .ofs_y = 0},
    {.bitmap_index = 10419, .adv_w = 140, .box_w = 8, .box_h = 16, .ofs_x = 0, .ofs_y = 0},
    {.bitmap_index = 10473, .adv_w = 120, .box_w = 7, .box_h = 12, .ofs_x = 0, .ofs_y = 0},
    {.bitmap_index = 10514, .adv_w = 140, .box_w = 8, .box_h = 16, .ofs_x = 0, .ofs_y = -4},
    {.bitmap_index = 10568, .adv_w = 120, .box_w = 7, .box_h = 13, .ofs_x = 0, .ofs_y = -4},
    {.bitmap_index = 10610, .adv_w = 140, .box_w = 8, .box_h = 16, .ofs_x = 0, .ofs_y = 0},
    {.bitmap_index = 10663, .adv_w = 120, .box_w = 7, .box_h = 12, .ofs_x = 0, .ofs_y = 0},
    {.bitmap_index = 10704, .adv_w = 136, .box_w = 9, .box_h = 16, .ofs_x = 0, .ofs_y = -4},
    {.bitmap_index = 10731, .adv_w = 87, .box_w = 6, .box_h = 15, .ofs_x = 0, .ofs_y = -4},
    {.bitmap_index = 10761, .adv_w = 136, .box_w = 9, .box_h = 16, .ofs_x = 0, .ofs_y = 0},
    {.bitmap_index = 10791, .adv_w = 87, .box_w = 7, .box_h = 12, .ofs_x = 0, .ofs_y = 0},
    {.bitmap_index = 10816, .adv_w = 136, .box_w = 9, .box_h = 12, .ofs_x = 0, .ofs_y = 0},
    {.bitmap_index = 10839, .adv_w = 87, .box_w = 6, .box_h = 11, .ofs_x = 0, .ofs_y = 0},
    {.bitmap_index = 10866, .adv_w = 185, .box_w = 10, .box_h = 15, .ofs_x = 1, .ofs_y = 0},
    {.bitmap_index = 10906, .adv_w = 153, .box_w = 8, .box_h = 12, .ofs_x = 1, .ofs_y = 0},
    {.bitmap_index = 10938, .adv_w = 185, .box_w = 10, .box_h = 14, .ofs_x = 1, .ofs_y = 0},
    {.bitmap_index = 10971, .adv_w = 153, .box_w = 8, .box_h = 11, .ofs_x = 1, .ofs_y = 0},
    {.bitmap_index = 10997, .adv_w = 185, .box_w = 10, .box_h = 16, .ofs_x = 1, .ofs_y = 0},
    {.bitmap_index = 11039, .adv_w = 153, .box_w = 8, .box_h = 12, .ofs_x = 1, .ofs_y = 0},
    {.bitmap_index = 11070, .adv_w = 185, .box_w = 10, .box_h = 17, .ofs_x = 1, .ofs_y = 0},
    {.bitmap_index = 11113, .adv_w = 153, .box_w = 8, .box_h = 14, .ofs_x = 1, .ofs_y = 0},
    {.bitmap_index = 11148, .adv_w = 185, .box_w = 10, .box_h = 16, .ofs_x = 1, .ofs_y = 0},
    {.bitmap_index = 11191, .adv_w = 153, .box_w = 8, .box_h = 12, .ofs_x = 1, .ofs_y = 0},
    {.bitmap_index = 11223, .adv_w = 185, .box_w = 10, .box_h = 16, .ofs_x = 1, .ofs_y = -4},
    {.bitmap_index = 11263, .adv_w = 153, .box_w = 8, .box_h = 13, .ofs_x = 1, .ofs_y = -4},
    {.bitmap_index = 11294, .adv_w = 230, .box_w = 15, .box_h = 16, .ofs_x = 0, .ofs_y = 0},
    {.bitmap_index = 11396, .adv_w = 188, .box_w = 12, .box_h = 12, .ofs_x = 0, .ofs_y = 0},
    {.bitmap_index = 11463, .adv_w = 137, .box_w = 9, .box_h = 16, .ofs_x = 0, .ofs_y = 0},
    {.bitmap_index = 11514, .adv_w = 120, .box_w = 8, .box_h = 16, .ofs_x = 0, .ofs_y = -4},
    {.bitmap_index = 11570, .adv_w = 137, .box_w = 9, .box_h = 16, .ofs_x = 0, .ofs_y = 0},
    {.bitmap_index = 11620, .adv_w = 147, .box_w = 9, .box_h = 16, .ofs_x = 0, .ofs_y = 0},
    {.bitmap_index = 11672, .adv_w = 119, .box_w = 7, .box_h = 12, .ofs_x = 0, .ofs_y = 0},
    {.bitmap_index = 11707, .adv_w = 147, .box_w = 9, .box_h = 16, .ofs_x = 0, .ofs_y = 0},
    {.bitmap_index = 11757, .adv_w = 119, .box_w = 7, .box_h = 12, .ofs_x = 0, .ofs_y = 0},
    {.bitmap_index = 11792, .adv_w = 147, .box_w = 9, .box_h = 16, .ofs_x = 0, .ofs_y = 0},
    {.bitmap_index = 11847, .adv_w = 119, .box_w = 7, .box_h = 12, .ofs_x = 0, .ofs_y = 0},
    {.bitmap_index = 11884, .adv_w = 79, .box_w = 5, .box_h = 12, .ofs_x = 1, .ofs_y = 0},
    {.bitmap_index = 11896, .adv_w = 141, .box_w = 7, .box_h = 16, .ofs_x = 1, .ofs_y = 0},
    {.bitmap_index = 11927, .adv_w = 141, .box_w = 7, .box_h = 16, .ofs_x = 1, .ofs_y = 0},
    {.bitmap_index = 11958, .adv_w = 177, .box_w = 11, .box_h = 12, .ofs_x = 0, .ofs_y = 0},
    {.bitmap_index = 11998, .adv_w = 130, .box_w = 7, .box_h = 16, .ofs_x = 1, .ofs_y = 0},
    {.bitmap_index = 12019, .adv_w = 162, .box_w = 10, .box_h = 12, .ofs_x = 0, .ofs_y = 0},
    {.bitmap_index = 12065, .adv_w = 140, .box_w = 8, .box_h = 12, .ofs_x = 0, .ofs_y = 0},
    {.bitmap_index = 12105, .adv_w = 66, .box_w = 2, .box_h = 12, .ofs_x = 1, .ofs_y = 0},
    {.bitmap_index = 12110, .adv_w = 67, .box_w = 4, .box_h = 16, .ofs_x = 0, .ofs_y = 0},
    {.bitmap_index = 12122, .adv_w = 65, .box_w = 5, .box_h = 15, .ofs_x = -2, .ofs_y = -3},
    {.bitmap_index = 12134, .adv_w = 259, .box_w = 16, .box_h = 12, .ofs_x = 0, .ofs_y = 0},
    {.bitmap_index = 12198, .adv_w = 262, .box_w = 15, .box_h = 12, .ofs_x = 1, .ofs_y = 0},
    {.bitmap_index = 12240, .adv_w = 178, .box_w = 11, .box_h = 12, .ofs_x = 0, .ofs_y = 0},
    {.bitmap_index = 12273, .adv_w = 151, .box_w = 9, .box_h = 16, .ofs_x = 1, .ofs_y = 0},
    {.bitmap_index = 12324, .adv_w = 188, .box_w = 10, .box_h = 16, .ofs_x = 1, .ofs_y = 0},
    {.bitmap_index = 12377, .adv_w = 151, .box_w = 10, .box_h = 15, .ofs_x = 0, .ofs_y = 0},
    {.bitmap_index = 12439, .adv_w = 183, .box_w = 9, .box_h = 15, .ofs_x = 1, .ofs_y = -3},
    {.bitmap_index = 12462, .adv_w = 156, .box_w = 10, .box_h = 12, .ofs_x = 0, .ofs_y = 0},
    {.bitmap_index = 12511, .adv_w = 153, .box_w = 8, .box_h = 12, .ofs_x = 1, .ofs_y = 0},
    {.bitmap_index = 12543, .adv_w = 162, .box_w = 9, .box_h = 12, .ofs_x = 1, .ofs_y = 0},
    {.bitmap_index = 12586, .adv_w = 130, .box_w = 7, .box_h = 12, .ofs_x = 1, .ofs_y = 0},
    {.bitmap_index = 12595, .adv_w = 182, .box_w = 12, .box_h = 15, .ofs_x = 0, .ofs_y = -3},
    {.bitmap_index = 12647, .adv_w = 141, .box_w = 7, .box_h = 12, .ofs_x = 1, .ofs_y = 0},
    {.bitmap_index = 12667, .adv_w = 221, .box_w = 14, .box_h = 12, .ofs_x = 0, .ofs_y = 0},
    {.bitmap_index = 12733, .adv_w = 145, .box_w = 9, .box_h = 12, .ofs_x = 0, .ofs_y = 0},
    {.bitmap_index = 12778, .adv_w = 188, .box_w = 10, .box_h = 12, .ofs_x = 1, .ofs_y = 0},
    {.bitmap_index = 12818, .adv_w = 188, .box_w = 10, .box_h = 15, .ofs_x = 1, .ofs_y = 0},
    {.bitmap_index = 12872, .adv_w = 151, .box_w = 9, .box_h = 12, .ofs_x = 1, .ofs_y = 0},
    {.bitmap_index = 12910, .adv_w = 177, .box_w = 10, .box_h = 12, .ofs_x = 0, .ofs_y = 0},
    {.bitmap_index = 12949, .adv_w = 223, .box_w = 12, .box_h = 12, .ofs_x = 1, .ofs_y = 0},
    {.bitmap_index = 13004, .adv_w = 186, .box_w = 9, .box_h = 12, .ofs_x = 1, .ofs_y = 0},
    {.bitmap_index = 13020, .adv_w = 193, .box_w = 12, .box_h = 12, .ofs_x = 0, .ofs_y = 0},
    {.bitmap_index = 13076, .adv_w = 183, .box_w = 9, .box_h = 12, .ofs_x = 1, .ofs_y = 0},
    {.bitmap_index = 13088, .adv_w = 151, .box_w = 8, .box_h = 12, .ofs_x = 1, .ofs_y = 0},
    {.bitmap_index = 13119, .adv_w = 163, .box_w = 10, .box_h = 12, .ofs_x = 0, .ofs_y = 0},
    {.bitmap_index = 13163, .adv_w = 136, .box_w = 9, .box_h = 12, .ofs_x = 0, .ofs_y = 0},
    {.bitmap_index = 13178, .adv_w = 151, .box_w = 10, .box_h = 12, .ofs_x = 0, .ofs_y = 0},
    {.bitmap_index = 13226, .adv_w = 200, .box_w = 12, .box_h = 12, .ofs_x = 0, .ofs_y = 0},
    {.bitmap_index = 13284, .adv_w = 144, .box_w = 9, .box_h = 12, .ofs_x = 0, .ofs_y = 0},
    {.bitmap_index = 13333, .adv_w = 185, .box_w = 11, .box_h = 15, .ofs_x = 1, .ofs_y = -3},
    {.bitmap_index = 13356, .adv_w = 168, .box_w = 8, .box_h = 12, .ofs_x = 1, .ofs_y = 0},
    {.bitmap_index = 13380, .adv_w = 259, .box_w = 14, .box_h = 12, .ofs_x = 1, .ofs_y = 0},
    {.bitmap_index = 13398, .adv_w = 257, .box_w = 15, .box_h = 15, .ofs_x = 1, .ofs_y = -3},
    {.bitmap_index = 13427, .adv_w = 170, .box_w = 10, .box_h = 12, .ofs_x = 0, .ofs_y = 0},
    {.bitmap_index = 13460, .adv_w = 205, .box_w = 11, .box_h = 12, .ofs_x = 1, .ofs_y = 0},
    {.bitmap_index = 13494, .adv_w = 151, .box_w = 8, .box_h = 12, .ofs_x = 1, .ofs_y = 0},
    {.bitmap_index = 13521, .adv_w = 163, .box_w = 10, .box_h = 12, .ofs_x = 0, .ofs_y = 0},
    {.bitmap_index = 13568, .adv_w = 249, .box_w = 14, .box_h = 12, .ofs_x = 1, .ofs_y = 0},
    {.bitmap_index = 13634, .adv_w = 157, .box_w = 9, .box_h = 12, .ofs_x = 0, .ofs_y = 0},
    {.bitmap_index = 13678, .adv_w = 136, .box_w = 8, .box_h = 9, .ofs_x = 0, .ofs_y = 0},
    {.bitmap_index = 13713, .adv_w = 148, .box_w = 9, .box_h = 14, .ofs_x = 0, .ofs_y = 0},
    {.bitmap_index = 13768, .adv_w = 140, .box_w = 7, .box_h = 9, .ofs_x = 1, .ofs_y = 0},
    {.bitmap_index = 13796, .adv_w = 110, .box_w = 6, .box_h = 9, .ofs_x = 1, .ofs_y = 0},
    {.bitmap_index = 13805, .adv_w = 150, .box_w = 10, .box_h = 12, .ofs_x = 0, .ofs_y = -3},
    {.bitmap_index = 13845, .adv_w = 138, .box_w = 8, .box_h = 9, .ofs_x = 0, .ofs_y = 0},
    {.bitmap_index = 13879, .adv_w = 185, .box_w = 12, .box_h = 9, .ofs_x = 0, .ofs_y = 0},
    {.bitmap_index = 13926, .adv_w = 119, .box_w = 7, .box_h = 9, .ofs_x = 0, .ofs_y = 0},
    {.bitmap_index = 13956, .adv_w = 154, .box_w = 8, .box_h = 9, .ofs_x = 1, .ofs_y = 0},
    {.bitmap_index = 13984, .adv_w = 154, .box_w = 8, .box_h = 12, .ofs_x = 1, .ofs_y = 0},
    {.bitmap_index = 14023, .adv_w = 127, .box_w = 7, .box_h = 9, .ofs_x = 1, .ofs_y = 0},
    {.bitmap_index = 14050, .adv_w = 145, .box_w = 8, .box_h = 9, .ofs_x = 0, .ofs_y = 0},
    {.bitmap_index = 14070, .adv_w = 189, .box_w = 10, .box_h = 9, .ofs_x = 1, .ofs_y = 0},
    {.bitmap_index = 14108, .adv_w = 152, .box_w = 8, .box_h = 9, .ofs_x = 1, .ofs_y = 0},
    {.bitmap_index = 14124, .adv_w = 147, .box_w = 9, .box_h = 9, .ofs_x = 0, .ofs_y = 0},
    {.bitmap_index = 14162, .adv_w = 150, .box_w = 7, .box_h = 9, .ofs_x = 1, .ofs_y = 0},
    {.bitmap_index = 14171, .adv_w = 152, .box_w = 8, .box_h = 13, .ofs_x = 1, .ofs_y = -4},
    {.bitmap_index = 14214, .adv_w = 125, .box_w = 8, .box_h = 9, .ofs_x = 0, .ofs_y = 0},
    {.bitmap_index = 14247, .adv_w = 114, .box_w = 7, .box_h = 9, .ofs_x = 0, .ofs_y = 0},
    {.bitmap_index = 14258, .adv_w = 122, .box_w = 8, .box_h = 13, .ofs_x = 0, .ofs_y = -4},
    {.bitmap_index = 14303, .adv_w = 178, .box_w = 11, .box_h = 17, .ofs_x = 0, .ofs_y = -4},
    {.bitmap_index = 14362, .adv_w = 123, .box_w = 8, .box_h = 9, .ofs_x = 0, .ofs_y = 0},
    {.bitmap_index = 14397, .adv_w = 152, .box_w = 9, .box_h = 12, .ofs_x = 1, .ofs_y = -3},
    {.bitmap_index = 14415, .adv_w = 145, .box_w = 7, .box_h = 9, .ofs_x = 1, .ofs_y = 0},
    {.bitmap_index = 14435, .adv_w = 220, .box_w = 12, .box_h = 9, .ofs_x = 1, .ofs_y = 0},
    {.bitmap_index = 14451, .adv_w = 221, .box_w = 13, .box_h = 12, .ofs_x = 1, .ofs_y = -3},
    {.bitmap_index = 14479, .adv_w = 156, .box_w = 9, .box_h = 9, .ofs_x = 0, .ofs_y = 0},
    {.bitmap_index = 14505, .adv_w = 181, .box_w = 9, .box_h = 9, .ofs_x = 1, .ofs_y = 0},
    {.bitmap_index = 14532, .adv_w = 135, .box_w = 7, .box_h = 9, .ofs_x = 1, .ofs_y = 0},
    {.bitmap_index = 14553, .adv_w = 126, .box_w = 8, .box_h = 9, .ofs_x = 0, .ofs_y = 0},
    {.bitmap_index = 14586, .adv_w = 198, .box_w = 11, .box_h = 9, .ofs_x = 1, .ofs_y = 0},
    {.bitmap_index = 14632, .adv_w = 141, .box_w = 8, .box_h = 9, .ofs_x = 0, .ofs_y = 0},
    {.bitmap_index = 14663, .adv_w = 138, .box_w = 8, .box_h = 13, .ofs_x = 0, .ofs_y = 0},
    {.bitmap_index = 14708, .adv_w = 138, .box_w = 8, .box_h = 12, .ofs_x = 0, .ofs_y = 0},
    {.bitmap_index = 14753, .adv_w = 152, .box_w = 9, .box_h = 17, .ofs_x = 0, .ofs_y = -4},
    {.bitmap_index = 14801, .adv_w = 110, .box_w = 6, .box_h = 13, .ofs_x = 1, .ofs_y = 0},
    {.bitmap_index = 14821, .adv_w = 125, .box_w = 8, .box_h = 9, .ofs_x = 0, .ofs_y = 0},
    {.bitmap_index = 14855, .adv_w = 119, .box_w = 7, .box_h = 9, .ofs_x = 0, .ofs_y = 0},
    {.bitmap_index = 14886, .adv_w = 60, .box_w = 2, .box_h = 12, .ofs_x = 1, .ofs_y = 0},
    {.bitmap_index = 14894, .adv_w = 60, .box_w = 4, .box_h = 12, .ofs_x = 0, .ofs_y = 0},
    {.bitmap_index = 14905, .adv_w = 60, .box_w = 4, .box_h = 16, .ofs_x = -1, .ofs_y = -4},
    {.bitmap_index = 14922, .adv_w = 217, .box_w = 13, .box_h = 9, .ofs_x = 0, .ofs_y = 0},
    {.bitmap_index = 14962, .adv_w = 223, .box_w = 13, .box_h = 9, .ofs_x = 1, .ofs_y = 0},
    {.bitmap_index = 14992, .adv_w = 153, .box_w = 9, .box_h = 13, .ofs_x = 0, .ofs_y = 0},
    {.bitmap_index = 15028, .adv_w = 127, .box_w = 7, .box_h = 13, .ofs_x = 1, .ofs_y = 0},
    {.bitmap_index = 15067, .adv_w = 154, .box_w = 8, .box_h = 13, .ofs_x = 1, .ofs_y = 0},
    {.bitmap_index = 15106, .adv_w = 122, .box_w = 8, .box_h = 16, .ofs_x = 0, .ofs_y = -4},
    {.bitmap_index = 15162, .adv_w = 151, .box_w = 8, .box_h = 12, .ofs_x = 1, .ofs_y = -3},
    {.bitmap_index = 15180, .adv_w = 231, .box_w = 14, .box_h = 12, .ofs_x = 0, .ofs_y = 0},
    {.bitmap_index = 15258, .adv_w = 193, .box_w = 12, .box_h = 9, .ofs_x = 0, .ofs_y = 0},
    {.bitmap_index = 15311, .adv_w = 173, .box_w = 10, .box_h = 12, .ofs_x = 0, .ofs_y = 0},
    {.bitmap_index = 15353, .adv_w = 160, .box_w = 10, .box_h = 11, .ofs_x = 0, .ofs_y = 0},
    {.bitmap_index = 15389, .adv_w = 236, .box_w = 14, .box_h = 12, .ofs_x = 1, .ofs_y = 0},
    {.bitmap_index = 15448, .adv_w = 194, .box_w = 11, .box_h = 9, .ofs_x = 1, .ofs_y = 0},
    {.bitmap_index = 15488, .adv_w = 164, .box_w = 10, .box_h = 12, .ofs_x = 0, .ofs_y = 0},
    {.bitmap_index = 15536, .adv_w = 132, .box_w = 8, .box_h = 9, .ofs_x = 0, .ofs_y = 0},
    {.bitmap_index = 15570, .adv_w = 224, .box_w = 14, .box_h = 12, .ofs_x = 1, .ofs_y = 0},
    {.bitmap_index = 15632, .adv_w = 179, .box_w = 11, .box_h = 9, .ofs_x = 1, .ofs_y = 0},
    {.bitmap_index = 15673, .adv_w = 179, .box_w = 12, .box_h = 12, .ofs_x = 0, .ofs_y = 0},
    {.bitmap_index = 15732, .adv_w = 157, .box_w = 10, .box_h = 9, .ofs_x = 0, .ofs_y = 0},
    {.bitmap_index = 15774, .adv_w = 243, .box_w = 15, .box_h = 12, .ofs_x = 1, .ofs_y = 0},
    {.bitmap_index = 15842, .adv_w = 207, .box_w = 12, .box_h = 9, .ofs_x = 1, .ofs_y = 0},
    {.bitmap_index = 15891, .adv_w = 145, .box_w = 9, .box_h = 18, .ofs_x = 0, .ofs_y = -4},
    {.bitmap_index = 15961, .adv_w = 118, .box_w = 7, .box_h = 15, .ofs_x = 0, .ofs_y = -4},
    {.bitmap_index = 16010, .adv_w = 198, .box_w = 11, .box_h = 12, .ofs_x = 1, .ofs_y = 0},
    {.bitmap_index = 16049, .adv_w = 187, .box_w = 10, .box_h = 17, .ofs_x = 1, .ofs_y = -4},
    {.bitmap_index = 16097, .adv_w = 197, .box_w = 12, .box_h = 12, .ofs_x = 0, .ofs_y = 0},
    {.bitmap_index = 16157, .adv_w = 151, .box_w = 9, .box_h = 9, .ofs_x = 0, .ofs_y = 0},
    {.bitmap_index = 16196, .adv_w = 154, .box_w = 11, .box_h = 12, .ofs_x = 0, .ofs_y = 0},
    {.bitmap_index = 16248, .adv_w = 124, .box_w = 9, .box_h = 9, .ofs_x = 0, .ofs_y = 0},
    {.bitmap_index = 16284, .adv_w = 154, .box_w = 11, .box_h = 16, .ofs_x = 0, .ofs_y = 0},
    {.bitmap_index = 16352, .adv_w = 124, .box_w = 9, .box_h = 13, .ofs_x = 0, .ofs_y = 0},
    {.bitmap_index = 16404, .adv_w = 296, .box_w = 19, .box_h = 16, .ofs_x = 0, .ofs_y = -4},
    {.bitmap_index = 16518, .adv_w = 266, .box_w = 17, .box_h = 13, .ofs_x = 0, .ofs_y = -4},
    {.bitmap_index = 16612, .adv_w = 205, .box_w = 12, .box_h = 14, .ofs_x = 0, .ofs_y = -1},
    {.bitmap_index = 16680, .adv_w = 158, .box_w = 9, .box_h = 10, .ofs_x = 0, .ofs_y = -1},
    {.bitmap_index = 16720, .adv_w = 254, .box_w = 14, .box_h = 17, .ofs_x = 1, .ofs_y = 0},
    {.bitmap_index = 16809, .adv_w = 224, .box_w = 14, .box_h = 14, .ofs_x = 0, .ofs_y = 0},
    {.bitmap_index = 16884, .adv_w = 231, .box_w = 14, .box_h = 15, .ofs_x = 0, .ofs_y = 0},
    {.bitmap_index = 16978, .adv_w = 193, .box_w = 12, .box_h = 12, .ofs_x = 0, .ofs_y = 0},
    {.bitmap_index = 17046, .adv_w = 160, .box_w = 10, .box_h = 16, .ofs_x = 0, .ofs_y = -4},
    {.bitmap_index = 17094, .adv_w = 123, .box_w = 8, .box_h = 13, .ofs_x = 0, .ofs_y = -4},
    {.bitmap_index = 17131, .adv_w = 155, .box_w = 8, .box_h = 11, .ofs_x = 1, .ofs_y = 0},
    {.bitmap_index = 17171, .adv_w = 0, .box_w = 7, .box_h = 3, .ofs_x = -8, .ofs_y = 9},
    {.bitmap_index = 17181, .adv_w = 0, .box_w = 7, .box_h = 2, .ofs_x = -8, .ofs_y = 10},
    {.bitmap_index = 17188, .adv_w = 0, .box_w = 3, .box_h = 3, .ofs_x = -6, .ofs_y = 10},
    {.bitmap_index = 17193, .adv_w = 0, .box_w = 3, .box_h = 3, .ofs_x = -6, .ofs_y = 10},
    {.bitmap_index = 17198, .adv_w = 0, .box_w = 6, .box_h = 2, .ofs_x = -3, .ofs_y = 13},
    {.bitmap_index = 17204, .adv_w = 0, .box_w = 20, .box_h = 17, .ofs_x = -10, .ofs_y = -4},
    {.bitmap_index = 17302, .adv_w = 0, .box_w = 18, .box_h = 19, .ofs_x = -9, .ofs_y = -5},
    {.bitmap_index = 17404, .adv_w = 188, .box_w = 11, .box_h = 18, .ofs_x = 1, .ofs_y = -3},
    {.bitmap_index = 17471, .adv_w = 157, .box_w = 9, .box_h = 16, .ofs_x = 1, .ofs_y = -3},
    {.bitmap_index = 17527, .adv_w = 151, .box_w = 9, .box_h = 12, .ofs_x = 0, .ofs_y = 0},
    {.bitmap_index = 17565, .adv_w = 152, .box_w = 9, .box_h = 13, .ofs_x = 0, .ofs_y = 0},
    {.bitmap_index = 17598, .adv_w = 151, .box_w = 8, .box_h = 12, .ofs_x = 1, .ofs_y = 0},
    {.bitmap_index = 17635, .adv_w = 153, .box_w = 8, .box_h = 13, .ofs_x = 1, .ofs_y = -4},
    {.bitmap_index = 17680, .adv_w = 130, .box_w = 7, .box_h = 15, .ofs_x = 1, .ofs_y = 0},
    {.bitmap_index = 17695, .adv_w = 109, .box_w = 6, .box_h = 12, .ofs_x = 1, .ofs_y = 0},
    {.bitmap_index = 17710, .adv_w = 130, .box_w = 8, .box_h = 12, .ofs_x = 0, .ofs_y = 0},
    {.bitmap_index = 17730, .adv_w = 109, .box_w = 7, .box_h = 9, .ofs_x = 0, .ofs_y = 0},
    {.bitmap_index = 17750, .adv_w = 163, .box_w = 9, .box_h = 16, .ofs_x = 1, .ofs_y = -4},
    {.bitmap_index = 17799, .adv_w = 132, .box_w = 7, .box_h = 13, .ofs_x = 1, .ofs_y = -4},
    {.bitmap_index = 17836, .adv_w = 210, .box_w = 14, .box_h = 15, .ofs_x = 0, .ofs_y = -3},
    {.bitmap_index = 17912, .adv_w = 182, .box_w = 12, .box_h = 12, .ofs_x = 0, .ofs_y = -3},
    {.bitmap_index = 17968, .adv_w = 145, .box_w = 9, .box_h = 16, .ofs_x = 0, .ofs_y = -4},
    {.bitmap_index = 18027, .adv_w = 119, .box_w = 7, .box_h = 13, .ofs_x = 0, .ofs_y = -4},
    {.bitmap_index = 18068, .adv_w = 162, .box_w = 9, .box_h = 15, .ofs_x = 1, .ofs_y = -3},
    {.bitmap_index = 18116, .adv_w = 127, .box_w = 7, .box_h = 12, .ofs_x = 1, .ofs_y = -3},
    {.bitmap_index = 18150, .adv_w = 151, .box_w = 9, .box_h = 12, .ofs_x = 1, .ofs_y = 0},
    {.bitmap_index = 18192, .adv_w = 121, .box_w = 7, .box_h = 9, .ofs_x = 1, .ofs_y = 0},
    {.bitmap_index = 18220, .adv_w = 151, .box_w = 10, .box_h = 12, .ofs_x = 0, .ofs_y = 0},
    {.bitmap_index = 18264, .adv_w = 126, .box_w = 8, .box_h = 13, .ofs_x = 0, .ofs_y = 0},
    {.bitmap_index = 18304, .adv_w = 167, .box_w = 11, .box_h = 12, .ofs_x = 0, .ofs_y = 0},
    {.bitmap_index = 18350, .adv_w = 144, .box_w = 9, .box_h = 9, .ofs_x = 0, .ofs_y = 0},
    {.bitmap_index = 18381, .adv_w = 187, .box_w = 11, .box_h = 15, .ofs_x = 1, .ofs_y = -3},
    {.bitmap_index = 18406, .adv_w = 161, .box_w = 9, .box_h = 12, .ofs_x = 1, .ofs_y = -3},
    {.bitmap_index = 18430, .adv_w = 202, .box_w = 12, .box_h = 12, .ofs_x = 1, .ofs_y = 0},
    {.bitmap_index = 18452, .adv_w = 181, .box_w = 10, .box_h = 9, .ofs_x = 1, .ofs_y = 0},
    {.bitmap_index = 18473, .adv_w = 272, .box_w = 16, .box_h = 16, .ofs_x = 1, .ofs_y = -4},
    {.bitmap_index = 18536, .adv_w = 221, .box_w = 13, .box_h = 13, .ofs_x = 1, .ofs_y = -4},
    {.bitmap_index = 18581, .adv_w = 196, .box_w = 12, .box_h = 13, .ofs_x = 0, .ofs_y = -1},
    {.bitmap_index = 18655, .adv_w = 157, .box_w = 10, .box_h = 9, .ofs_x = 0, .ofs_y = 0},
    {.bitmap_index = 18701, .adv_w = 159, .box_w = 10, .box_h = 16, .ofs_x = 0, .ofs_y = -4},
    {.bitmap_index = 18760, .adv_w = 122, .box_w = 8, .box_h = 13, .ofs_x = 0, .ofs_y = -4},
    {.bitmap_index = 18805, .adv_w = 136, .box_w = 9, .box_h = 15, .ofs_x = 0, .ofs_y = -3},
    {.bitmap_index = 18826, .adv_w = 116, .box_w = 7, .box_h = 12, .ofs_x = 0, .ofs_y = -3},
    {.bitmap_index = 18843, .adv_w = 137, .box_w = 9, .box_h = 12, .ofs_x = 0, .ofs_y = 0},
    {.bitmap_index = 18880, .adv_w = 120, .box_w = 8, .box_h = 13, .ofs_x = 0, .ofs_y = -4},
    {.bitmap_index = 18918, .adv_w = 137, .box_w = 9, .box_h = 12, .ofs_x = 0, .ofs_y = 0},
    {.bitmap_index = 18962, .adv_w = 120, .box_w = 8, .box_h = 13, .ofs_x = 0, .ofs_y = -4},
    {.bitmap_index = 19006, .adv_w = 146, .box_w = 10, .box_h = 15, .ofs_x = 0, .ofs_y = -3},
    {.bitmap_index = 19065, .adv_w = 132, .box_w = 9, .box_h = 12, .ofs_x = 0, .ofs_y = -3},
    {.bitmap_index = 19110, .adv_w = 217, .box_w = 14, .box_h = 15, .ofs_x = 0, .ofs_y = -3},
    {.bitmap_index = 19140, .adv_w = 178, .box_w = 11, .box_h = 12, .ofs_x = 0, .ofs_y = -3},
    {.bitmap_index = 19164, .adv_w = 174, .box_w = 10, .box_h = 15, .ofs_x = 1, .ofs_y = -3},
    {.bitmap_index = 19199, .adv_w = 152, .box_w = 9, .box_h = 12, .ofs_x = 1, .ofs_y = -3},
    {.bitmap_index = 19231, .adv_w = 173, .box_w = 9, .box_h = 12, .ofs_x = 1, .ofs_y = 0},
    {.bitmap_index = 19264, .adv_w = 150, .box_w = 7, .box_h = 9, .ofs_x = 1, .ofs_y = 0},
    {.bitmap_index = 19289, .adv_w = 173, .box_w = 9, .box_h = 12, .ofs_x = 1, .ofs_y = 0},
    {.bitmap_index = 19313, .adv_w = 153, .box_w = 8, .box_h = 13, .ofs_x = 1, .ofs_y = 0},
    {.bitmap_index = 19340, .adv_w = 207, .box_w = 13, .box_h = 12, .ofs_x = 0, .ofs_y = 0},
    {.bitmap_index = 19399, .adv_w = 164, .box_w = 10, .box_h = 9, .ofs_x = 0, .ofs_y = 0},
    {.bitmap_index = 19439, .adv_w = 207, .box_w = 13, .box_h = 15, .ofs_x = 0, .ofs_y = -3},
    {.bitmap_index = 19506, .adv_w = 164, .box_w = 10, .box_h = 12, .ofs_x = 0, .ofs_y = -3},
    {.bitmap_index = 19553, .adv_w = 80, .box_w = 5, .box_h = 12, .ofs_x = 0, .ofs_y = 0},
    {.bitmap_index = 19564, .adv_w = 221, .box_w = 14, .box_h = 15, .ofs_x = 0, .ofs_y = 0},
    {.bitmap_index = 19645, .adv_w = 185, .box_w = 12, .box_h = 12, .ofs_x = 0, .ofs_y = 0},
    {.bitmap_index = 19705, .adv_w = 170, .box_w = 9, .box_h = 16, .ofs_x = 1, .ofs_y = -4},
    {.bitmap_index = 19762, .adv_w = 137, .box_w = 7, .box_h = 13, .ofs_x = 1, .ofs_y = -4},
    {.bitmap_index = 19802, .adv_w = 176, .box_w = 12, .box_h = 15, .ofs_x = -1, .ofs_y = -3},
    {.bitmap_index = 19857, .adv_w = 142, .box_w = 9, .box_h = 12, .ofs_x = 0, .ofs_y = -3},
    {.bitmap_index = 19897, .adv_w = 185, .box_w = 9, .box_h = 16, .ofs_x = 1, .ofs_y = -4},
    {.bitmap_index = 19928, .adv_w = 157, .box_w = 8, .box_h = 13, .ofs_x = 1, .ofs_y = -4},
    {.bitmap_index = 19958, .adv_w = 187, .box_w = 11, .box_h = 15, .ofs_x = 1, .ofs_y = -3},
    {.bitmap_index = 19986, .adv_w = 161, .box_w = 9, .box_h = 12, .ofs_x = 1, .ofs_y = -3},
    {.bitmap_index = 20013, .adv_w = 173, .box_w = 9, .box_h = 15, .ofs_x = 1, .ofs_y = -3},
    {.bitmap_index = 20047, .adv_w = 150, .box_w = 7, .box_h = 12, .ofs_x = 1, .ofs_y = -3},
    {.bitmap_index = 20077, .adv_w = 225, .box_w = 13, .box_h = 15, .ofs_x = 1, .ofs_y = -3},
    {.bitmap_index = 20148, .adv_w = 178, .box_w = 11, .box_h = 12, .ofs_x = 1, .ofs_y = -3},
    {.bitmap_index = 20200, .adv_w = 80, .box_w = 5, .box_h = 12, .ofs_x = 0, .ofs_y = 0},
    {.bitmap_index = 20211, .adv_w = 156, .box_w = 10, .box_h = 15, .ofs_x = 0, .ofs_y = 0},
    {.bitmap_index = 20272, .adv_w = 137, .box_w = 8, .box_h = 12, .ofs_x = 0, .ofs_y = 0},
    {.bitmap_index = 20319, .adv_w = 156, .box_w = 10, .box_h = 16, .ofs_x = 0, .ofs_y = 0},
    {.bitmap_index = 20382, .adv_w = 137, .box_w = 8, .box_h = 12, .ofs_x = 0, .ofs_y = 0},
    {.bitmap_index = 20429, .adv_w = 210, .box_w = 14, .box_h = 12, .ofs_x = -1, .ofs_y = 0},
    {.bitmap_index = 20485, .adv_w = 219, .box_w = 13, .box_h = 9, .ofs_x = 0, .ofs_y = 0},
    {.bitmap_index = 20540, .adv_w = 142, .box_w = 7, .box_h = 15, .ofs_x = 1, .ofs_y = 0},
    {.bitmap_index = 20571, .adv_w = 141, .box_w = 8, .box_h = 12, .ofs_x = 0, .ofs_y = 0},
    {.bitmap_index = 20616, .adv_w = 182, .box_w = 11, .box_h = 12, .ofs_x = 0, .ofs_y = 0},
    {.bitmap_index = 20667, .adv_w = 141, .box_w = 8, .box_h = 9, .ofs_x = 0, .ofs_y = 0},
    {.bitmap_index = 20701, .adv_w = 182, .box_w = 11, .box_h = 16, .ofs_x = 0, .ofs_y = 0},
    {.bitmap_index = 20767, .adv_w = 141, .box_w = 8, .box_h = 12, .ofs_x = 0, .ofs_y = 0},
    {.bitmap_index = 20812, .adv_w = 221, .box_w = 14, .box_h = 16, .ofs_x = 0, .ofs_y = 0},
    {.bitmap_index = 20894, .adv_w = 185, .box_w = 12, .box_h = 12, .ofs_x = 0, .ofs_y = 0},
    {.bitmap_index = 20954, .adv_w = 145, .box_w = 9, .box_h = 16, .ofs_x = 0, .ofs_y = 0},
    {.bitmap_index = 21012, .adv_w = 119, .box_w = 7, .box_h = 12, .ofs_x = 0, .ofs_y = 0},
    {.bitmap_index = 21052, .adv_w = 149, .box_w = 9, .box_h = 12, .ofs_x = 0, .ofs_y = 0},
    {.bitmap_index = 21095, .adv_w = 120, .box_w = 7, .box_h = 13, .ofs_x = 0, .ofs_y = -4},
    {.bitmap_index = 21134, .adv_w = 188, .box_w = 10, .box_h = 14, .ofs_x = 1, .ofs_y = 0},
    {.bitmap_index = 21182, .adv_w = 154, .box_w = 8, .box_h = 11, .ofs_x = 1, .ofs_y = 0},
    {.bitmap_index = 21216, .adv_w = 188, .box_w = 10, .box_h = 16, .ofs_x = 1, .ofs_y = 0},
    {.bitmap_index = 21271, .adv_w = 154, .box_w = 8, .box_h = 12, .ofs_x = 1, .ofs_y = 0},
    {.bitmap_index = 21310, .adv_w = 197, .box_w = 12, .box_h = 16, .ofs_x = 0, .ofs_y = 0},
    {.bitmap_index = 21383, .adv_w = 151, .box_w = 9, .box_h = 12, .ofs_x = 0, .ofs_y = 0},
    {.bitmap_index = 21433, .adv_w = 197, .box_w = 12, .box_h = 12, .ofs_x = 0, .ofs_y = 0},
    {.bitmap_index = 21493, .adv_w = 151, .box_w = 9, .box_h = 9, .ofs_x = 0, .ofs_y = 0},
    {.bitmap_index = 21532, .adv_w = 197, .box_w = 12, .box_h = 16, .ofs_x = 0, .ofs_y = 0},
    {.bitmap_index = 21606, .adv_w = 151, .box_w = 9, .box_h = 12, .ofs_x = 0, .ofs_y = 0},
    {.bitmap_index = 21656, .adv_w = 163, .box_w = 10, .box_h = 16, .ofs_x = 0, .ofs_y = 0},
    {.bitmap_index = 21717, .adv_w = 126, .box_w = 8, .box_h = 12, .ofs_x = 0, .ofs_y = 0},
    {.bitmap_index = 21762, .adv_w = 151, .box_w = 10, .box_h = 14, .ofs_x = 0, .ofs_y = 0},
    {.bitmap_index = 21819, .adv_w = 122, .box_w = 8, .box_h = 15, .ofs_x = 0, .ofs_y = -4},
    {.bitmap_index = 21870, .adv_w = 151, .box_w = 10, .box_h = 16, .ofs_x = 0, .ofs_y = 0},
    {.bitmap_index = 21933, .adv_w = 122, .box_w = 8, .box_h = 16, .ofs_x = 0, .ofs_y = -4},
    {.bitmap_index = 21989, .adv_w = 151, .box_w = 10, .box_h = 16, .ofs_x = 0, .ofs_y = 0},
    {.bitmap_index = 22055, .adv_w = 120, .box_w = 8, .box_h = 17, .ofs_x = 0, .ofs_y = -4},
    {.bitmap_index = 22115, .adv_w = 168, .box_w = 8, .box_h = 16, .ofs_x = 1, .ofs_y = 0},
    {.bitmap_index = 22152, .adv_w = 145, .box_w = 7, .box_h = 12, .ofs_x = 1, .ofs_y = 0},
    {.bitmap_index = 22183, .adv_w = 131, .box_w = 7, .box_h = 15, .ofs_x = 1, .ofs_y = -3},
    {.bitmap_index = 22199, .adv_w = 109, .box_w = 6, .box_h = 12, .ofs_x = 1, .ofs_y = -3},
    {.bitmap_index = 22215, .adv_w = 205, .box_w = 11, .box_h = 16, .ofs_x = 1, .ofs_y = 0},
    {.bitmap_index = 22264, .adv_w = 181, .box_w = 9, .box_h = 12, .ofs_x = 1, .ofs_y = 0},
    {.bitmap_index = 22303, .adv_w = 130, .box_w = 8, .box_h = 15, .ofs_x = 0, .ofs_y = -3},
    {.bitmap_index = 22335, .adv_w = 109, .box_w = 7, .box_h = 12, .ofs_x = 0, .ofs_y = -3},
    {.bitmap_index = 22365, .adv_w = 146, .box_w = 10, .box_h = 15, .ofs_x = 0, .ofs_y = -3},
    {.bitmap_index = 22427, .adv_w = 132, .box_w = 9, .box_h = 12, .ofs_x = 0, .ofs_y = -3},
    {.bitmap_index = 22475, .adv_w = 140, .box_w = 9, .box_h = 12, .ofs_x = 0, .ofs_y = 0},
    {.bitmap_index = 22526, .adv_w = 129, .box_w = 8, .box_h = 9, .ofs_x = 0, .ofs_y = 0},
    {.bitmap_index = 22562, .adv_w = 128, .box_w = 8, .box_h = 1, .ofs_x = 0, .ofs_y = 4},
    {.bitmap_index = 22565, .adv_w = 256, .box_w = 16, .box_h = 1, .ofs_x = 0, .ofs_y = 4},
    {.bitmap_index = 22570, .adv_w = 39, .box_w = 3, .box_h = 4, .ofs_x = 0, .ofs_y = 8},
    {.bitmap_index = 22577, .adv_w = 39, .box_w = 3, .box_h = 4, .ofs_x = 0, .ofs_y = 8},
    {.bitmap_index = 22584, .adv_w = 58, .box_w = 3, .box_h = 4, .ofs_x = 0, .ofs_y = -2},
    {.bitmap_index = 22591, .adv_w = 39, .box_w = 3, .box_h = 4, .ofs_x = 0, .ofs_y = 8},
    {.bitmap_index = 22598, .adv_w = 80, .box_w = 5, .box_h = 4, .ofs_x = 0, .ofs_y = 8},
    {.bitmap_index = 22609, .adv_w = 80, .box_w = 5, .box_h = 4, .ofs_x = 0, .ofs_y = 8},
    {.bitmap_index = 22619, .adv_w = 96, .box_w = 4, .box_h = 4, .ofs_x = 1, .ofs_y = 4},
    {.bitmap_index = 22627, .adv_w = 187, .box_w = 10, .box_h = 2, .ofs_x = 1, .ofs_y = 0},
    {.bitmap_index = 22638, .adv_w = 146, .box_w = 9, .box_h = 12, .ofs_x = 0, .ofs_y = 0},
    {.bitmap_index = 22686, .adv_w = 187, .box_w = 11, .box_h = 7, .ofs_x = 0, .ofs_y = 5},
    {.bitmap_index = 22720, .adv_w = 256, .box_w = 11, .box_h = 14, .ofs_x = 2, .ofs_y = -1},
    {.bitmap_index = 22784, .adv_w = 256, .box_w = 12, .box_h = 13, .ofs_x = 2, .ofs_y = -1},
    {.bitmap_index = 22837, .adv_w = 256, .box_w = 14, .box_h = 15, .ofs_x = 1, .ofs_y = -2},
    {.bitmap_index = 22915, .adv_w = 256, .box_w = 12, .box_h = 14, .ofs_x = 2, .ofs_y = -1},
    {.bitmap_index = 22977, .adv_w = 256, .box_w = 14, .box_h = 14, .ofs_x = 1, .ofs_y = -1},
    {.bitmap_index = 23030, .adv_w = 256, .box_w = 16, .box_h = 15, .ofs_x = 0, .ofs_y = -2},
    {.bitmap_index = 23119, .adv_w = 256, .box_w = 12, .box_h = 14, .ofs_x = 2, .ofs_y = -1},
    {.bitmap_index = 23154, .adv_w = 256, .box_w = 16, .box_h = 14, .ofs_x = 0, .ofs_y = -1},
    {.bitmap_index = 23233, .adv_w = 256, .box_w = 16, .box_h = 16, .ofs_x = 0, .ofs_y = -2},
    {.bitmap_index = 23343, .adv_w = 256, .box_w = 16, .box_h = 14, .ofs_x = 0, .ofs_y = -1},
    {.bitmap_index = 23434, .adv_w = 256, .box_w = 16, .box_h = 16, .ofs_x = 0, .ofs_y = -2},
    {.bitmap_index = 23529, .adv_w = 256, .box_w = 3, .box_h = 13, .ofs_x = 6, .ofs_y = -1}
};

/*---------------------
 *  CHARACTER MAPPING
 *--------------------*/

static const uint16_t unicode_list_3[] = {
    0x0, 0x1, 0x5, 0x6, 0x7, 0x8, 0x9, 0xa,
    0xf, 0x13, 0x99, 0x10f, 0x1033, 0x1040, 0x104a, 0x1075,
    0x2e1a, 0x4574, 0x45d2, 0x4719, 0x4b0f, 0x6a8b, 0x6fbb, 0xdeee
};

/*Collect the unicode lists and glyph_id offsets*/
static const lv_font_fmt_txt_cmap_t cmaps[] =
{
    {
        .range_start = 32, .range_length = 95, .glyph_id_start = 1,
        .unicode_list = NULL, .glyph_id_ofs_list = NULL, .list_length = 0, .type = LV_FONT_FMT_TXT_CMAP_FORMAT0_TINY
    },
    {
        .range_start = 160, .range_length = 224, .glyph_id_start = 96,
        .unicode_list = NULL, .glyph_id_ofs_list = NULL, .list_length = 0, .type = LV_FONT_FMT_TXT_CMAP_FORMAT0_TINY
    },
    {
        .range_start = 1024, .range_length = 256, .glyph_id_start = 320,
        .unicode_list = NULL, .glyph_id_ofs_list = NULL, .list_length = 0, .type = LV_FONT_FMT_TXT_CMAP_FORMAT0_TINY
    },
    {
        .range_start = 8211, .range_length = 57071, .glyph_id_start = 576,
        .unicode_list = unicode_list_3, .glyph_id_ofs_list = NULL, .list_length = 24, .type = LV_FONT_FMT_TXT_CMAP_SPARSE_TINY
    }
};

/*-----------------
 *    KERNING
 *----------------*/


/*Map glyph_ids to kern left classes*/
static const uint8_t kern_left_class_mapping[] =
{
    0, 0, 0, 0, 0, 0, 0, 1,
    0, 2, 0, 0, 0, 3, 4, 3,
    0, 0, 0, 0, 0, 0, 0, 0,
    0, 0, 0, 5, 0, 0, 0, 0,
    0, 0, 6, 7, 8, 9, 10, 11,
    0, 0, 0, 0, 8, 12, 0, 0,
    9, 13, 9, 14, 0, 15, 16, 17,
    17, 8, 18, 19, 2, 0, 0, 0,
    20, 0, 21, 22, 23, 0, 22, 24,
    0, 21, 0, 0, 0, 0, 21, 21,
    22, 22, 0, 25, 0, 23, 0, 26,
    26, 27, 26, 0, 2, 0, 0, 0,
    0, 28, 0, 0, 0, 0, 0, 0,
    0, 0, 0, 29, 0, 0, 0, 0,
    0, 0, 0, 0, 0, 0, 0, 0,
    0, 0, 0, 30, 0, 0, 0, 31,
    6, 6, 6, 6, 6, 6, 10, 8,
    10, 10, 10, 10, 0, 0, 0, 0,
    9, 0, 9, 9, 9, 9, 9, 0,
    9, 16, 16, 16, 16, 18, 13, 0,
    21, 21, 21, 21, 21, 21, 22, 0,
    22, 22, 22, 22, 0, 0, 32, 32,
    22, 0, 22, 22, 22, 22, 22, 0,
    22, 0, 0, 0, 0, 26, 22, 26,
    6, 21, 6, 21, 33, 21, 8, 0,
    8, 0, 8, 0, 8, 0, 9, 34,
    9, 0, 10, 22, 10, 22, 10, 22,
    10, 22, 10, 22, 0, 0, 0, 0,
    0, 0, 0, 0, 0, 21, 0, 0,
    0, 35, 0, 32, 0, 0, 36, 0,
    0, 0, 0, 0, 0, 0, 8, 0,
    27, 12, 0, 12, 0, 12, 34, 12,
    0, 12, 0, 0, 21, 0, 21, 0,
    0, 21, 0, 21, 9, 22, 9, 22,
    9, 22, 10, 22, 0, 25, 0, 25,
    0, 25, 0, 0, 0, 0, 0, 0,
    0, 0, 15, 23, 15, 37, 15, 23,
    16, 0, 16, 0, 16, 0, 16, 0,
    16, 0, 16, 0, 17, 26, 18, 26,
    18, 19, 0, 19, 0, 19, 0, 0,
    38, 38, 39, 40, 41, 42, 0, 0,
    0, 43, 43, 39, 44, 0, 45, 0,
    46, 47, 48, 40, 49, 38, 44, 48,
    0, 0, 44, 0, 0, 0, 50, 0,
    51, 41, 40, 45, 52, 44, 49, 0,
    0, 49, 43, 0, 43, 50, 50, 0,
    53, 54, 55, 56, 57, 58, 59, 55,
    60, 60, 59, 60, 60, 60, 58, 60,
    58, 61, 56, 62, 58, 59, 57, 60,
    60, 57, 63, 60, 63, 58, 58, 60,
    58, 58, 64, 56, 61, 65, 0, 66,
    67, 63, 63, 68, 59, 60, 62, 60,
    50, 69, 70, 63, 41, 61, 46, 71,
    46, 71, 0, 0, 0, 0, 72, 0,
    0, 58, 50, 58, 45, 69, 45, 69,
    62, 62, 50, 58, 50, 58, 50, 69,
    41, 0, 0, 0, 0, 0, 0, 0,
    0, 0, 49, 57, 70, 63, 51, 58,
    73, 74, 75, 76, 0, 0, 77, 78,
    72, 55, 77, 78, 44, 59, 44, 59,
    44, 59, 49, 57, 75, 74, 0, 0,
    0, 58, 41, 61, 73, 74, 79, 80,
    79, 80, 77, 78, 49, 57, 49, 57,
    0, 0, 0, 0, 81, 82, 81, 82,
    0, 44, 59, 0, 0, 49, 57, 0,
    0, 49, 57, 0, 0, 49, 57, 0,
    46, 53, 46, 53, 38, 82, 38, 82,
    50, 58, 50, 58, 44, 59, 72, 55,
    0, 0, 0, 60, 0, 60, 50, 58,
    50, 58, 50, 58, 50, 58, 45, 62,
    45, 62, 45, 62, 0, 60, 73, 74,
    0, 60, 75, 76, 77, 78, 44, 78,
    4, 4, 0, 0, 3, 0, 0, 0,
    0, 0, 0, 0, 0, 0, 0, 0,
    0, 0, 0, 0, 0, 0, 0, 0
};

/*Map glyph_ids to kern right classes*/
static const uint8_t kern_right_class_mapping[] =
{
    0, 0, 1, 2, 0, 0, 0, 3,
    2, 0, 4, 0, 0, 5, 6, 5,
    0, 0, 0, 0, 0, 0, 0, 0,
    0, 0, 0, 7, 7, 0, 0, 0,
    8, 0, 9, 0, 10, 0, 0, 0,
    10, 0, 0, 11, 0, 0, 0, 0,
    10, 0, 10, 0, 0, 12, 13, 14,
    14, 15, 16, 17, 0, 0, 4, 0,
    0, 0, 18, 19, 20, 20, 20, 0,
    21, 19, 0, 22, 19, 19, 23, 23,
    20, 23, 20, 23, 24, 0, 23, 25,
    25, 25, 25, 26, 0, 0, 4, 0,
    0, 0, 0, 0, 0, 0, 0, 0,
    0, 0, 0, 27, 0, 0, 0, 0,
    0, 0, 0, 0, 0, 0, 0, 0,
    0, 0, 0, 28, 0, 0, 0, 0,
    9, 9, 9, 9, 9, 9, 29, 10,
    0, 0, 0, 0, 0, 0, 0, 0,
    0, 0, 10, 10, 10, 10, 10, 0,
    10, 13, 13, 13, 13, 16, 0, 0,
    20, 18, 18, 18, 18, 18, 18, 20,
    20, 20, 20, 20, 0, 0, 0, 0,
    0, 0, 20, 20, 20, 20, 20, 0,
    20, 23, 23, 23, 23, 25, 19, 25,
    9, 18, 9, 18, 9, 18, 10, 20,
    10, 20, 10, 20, 10, 20, 0, 20,
    0, 20, 0, 20, 0, 20, 0, 20,
    0, 20, 0, 20, 10, 21, 10, 21,
    10, 21, 10, 21, 0, 19, 0, 30,
    0, 31, 0, 0, 0, 0, 0, 0,
    0, 0, 0, 0, 0, 0, 0, 19,
    23, 0, 19, 0, 19, 0, 19, 0,
    19, 0, 0, 0, 23, 0, 23, 0,
    0, 0, 0, 23, 10, 20, 10, 20,
    10, 20, 10, 20, 0, 23, 0, 23,
    0, 0, 0, 24, 0, 0, 0, 24,
    0, 0, 12, 0, 12, 0, 12, 0,
    13, 23, 13, 23, 13, 23, 13, 23,
    13, 23, 13, 23, 14, 25, 16, 25,
    16, 17, 26, 17, 26, 17, 26, 0,
    0, 0, 32, 0, 33, 34, 0, 0,
    35, 36, 0, 32, 0, 0, 37, 0,
    38, 0, 0, 0, 39, 0, 40, 41,
    0, 0, 0, 36, 0, 0, 33, 0,
    0, 33, 32, 37, 42, 40, 0, 43,
    0, 0, 32, 0, 0, 41, 0, 44,
    45, 46, 47, 47, 48, 49, 50, 51,
    47, 47, 47, 52, 47, 47, 49, 47,
    47, 49, 53, 54, 49, 50, 47, 55,
    47, 47, 53, 47, 47, 51, 47, 56,
    49, 49, 57, 47, 49, 58, 0, 59,
    60, 52, 47, 57, 47, 47, 54, 47,
    61, 62, 63, 0, 0, 64, 38, 48,
    0, 64, 0, 0, 0, 64, 41, 0,
    43, 0, 61, 45, 65, 62, 65, 62,
    61, 45, 61, 45, 61, 45, 61, 62,
    61, 45, 0, 0, 0, 0, 0, 0,
    0, 0, 0, 64, 63, 57, 0, 64,
    0, 64, 63, 0, 0, 64, 40, 50,
    41, 51, 0, 64, 0, 64, 0, 57,
    66, 53, 0, 64, 0, 64, 0, 64,
    61, 45, 61, 45, 32, 53, 67, 68,
    67, 68, 40, 50, 66, 53, 43, 55,
    43, 55, 0, 64, 69, 70, 69, 70,
    0, 40, 50, 0, 64, 71, 48, 0,
    64, 0, 64, 43, 55, 0, 64, 0,
    38, 72, 38, 72, 38, 72, 0, 45,
    73, 72, 73, 72, 40, 50, 41, 51,
    0, 0, 0, 47, 0, 47, 61, 45,
    61, 45, 61, 45, 41, 51, 37, 54,
    37, 54, 37, 54, 43, 55, 0, 64,
    0, 47, 63, 0, 40, 50, 40, 50,
    6, 6, 74, 2, 5, 0, 74, 2,
    0, 5, 0, 0, 0, 0, 0, 0,
    0, 0, 0, 0, 0, 0, 0, 0
};

/*Kern values between classes*/
static const int8_t kern_class_values[] =
{
    0, 0, 0, 0, 0, 0, 0, 0,
    0, 0, 0, -15, 0, -5, 0, -8,
    0, 0, 0, 0, 0, 0, 0, 0,
    0, 0, 0, 0, 0, 0, 0, 0,
    0, 0, 0, 0, 0, 0, 0, 0,
    0, 0, 0, 0, 0, 0, 0, 0,
    0, 0, 0, 0, 0, 0, 0, 0,
    0, 0, 0, 0, 0, 0, 0, 0,
    0, 0, 0, 0, 0, 0, 0, 0,
    0, 0, 0, 0, 0, 0, 0, 0,
    0, 0, 0, 0, 23, 0, 0, 0,
    0, 0, 0, 0, 0, 0, 0, 10,
    0, 0, 0, 0, 0, 0, 0, 0,
    0, 0, 0, 0, 26, 0, 0, 0,
    0, 0, 0, -8, 0, 0, 0, 0,
    0, 0, 0, 0, 0, 0, 0, 0,
    0, 0, 0, 0, 0, 15, 0, 0,
    0, 0, 0, 0, 0, 0, 0, 0,
    0, 0, 0, 0, 0, 0, 0, 0,
    0, 0, 0, 0, 0, -13, 0, -18,
    -5, -15, 0, -15, 0, 0, 0, 0,
    0, 0, 0, 0, 0, 0, 0, 0,
    0, 0, 0, -13, 0, 0, 15, 0,
    -5, 0, 0, 0, 0, -10, -20, 0,
    0, 0, 0, 0, 0, 0, 0, 0,
    -10, 0, -15, 0, 0, 0, 0, 0,
    -13, 0, 0, 0, -15, -18, -15, 0,
    -15, 0, 0, 0, 0, 0, 0, 0,
    0, 0, 0, 0, 0, 0, 0, 0,
    0, -10, 0, 0, 0, 0, 0, 0,
    0, 0, 0, 0, 0, 0, 0, 0,
    0, 0, 0, 0, 0, -10, 0, 0,
    0, 0, -5, 0, 0, -3, 0, 0,
    0, 0, 0, 0, 0, 0, 0, -3,
    0, 0, -5, 0, 0, 0, 0, 0,
    0, 0, 0, 0, 0, 0, 0, -10,
    0, 0, 0, 0, 0, 0, 0, 0,
    0, 0, 0, 0, 0, 0, 0, 0,
    0, 0, 0, 0, 0, 0, 0, 0,
    0, 0, 0, 0, 0, 0, 0, 0,
    0, 0, 0, 0, 0, 0, 0, -4,
    0, 0, 0, 0, 0, 0, 0, -1,
    0, -1, -1, 0, 0, 0, 0, 0,
    0, 0, 0, 0, 0, 0, -1, 0,
    0, 0, 0, 0, 0, 0, 0, 0,
    0, 0, 0, 0, 0, 0, 0, 0,
    0, 0, 0, -18, 0, 0, 0, 0,
    0, 0, 0, -5, 13, -18, 0, -10,
    0, -15, 0, 0, 0, 0, 0, 0,
    0, 0, 0, 0, 0, 0, 0, 0,
    0, 0, 0, 0, 0, 0, 0, 0,
    0, 0, 0, 0, 0, 0, 0, 0,
    0, 0, 0, 0, 0, 0, 0, 0,
    0, 0, 0, 0, 0, 0, 0, 0,
    0, 0, 0, 0, 0, 0, 0, 0,
    0, 0, 0, 0, 0, 0, 0, 0,
    -3, 0, 0, 0, 0, 0, 0, 0,
    0, 0, 0, 0, 0, 0, 0, 0,
    0, 0, 0, 0, 0, 0, 0, 0,
    0, 0, 0, 0, 0, 0, 0, 0,
    0, 0, 0, 0, 0, 0, 0, 0,
    0, 0, 0, 0, 0, 0, 0, 0,
    0, 0, 0, 0, 0, 0, 0, 0,
    0, 0, 0, 0, 0, 0, 0, 0,
    0, 0, 0, 0, 0, 0, 0, 0,
    0, 0, 0, 0, 0, 0, 0, -5,
    0, 0, 0, 0, 0, 0, 0, 0,
    0, 0, 0, 0, 0, 0, 0, 0,
    -5, 0, 0, 0, 0, 0, 0, 0,
    0, 0, 0, 0, 0, 0, 0, 0,
    0, 0, 0, 0, 0, 0, 0, 0,
    0, 0, 0, 0, 0, 0, 0, 0,
    0, 0, 0, 0, 0, 0, 0, 0,
    0, 0, 0, 0, 0, 0, 0, 0,
    0, 0, 0, 0, -10, 0, 0, 0,
    -5, 0, 0, -8, 0, -3, -5, -3,
    -3, 0, 0, 0, 0, 0, 0, 0,
    0, 0, 0, 0, 0, 0, 0, 0,
    0, 0, 0, 0, 0, 0, 0, 0,
    0, 0, 0, 0, 0, 0, 0, 0,
    0, 0, 0, 0, 0, 0, 0, 0,
    0, 0, 0, 0, 0, 0, 0, 0,
    0, 0, 0, 0, 0, 0, 0, 0,
    0, 0, 0, 0, 0, 0, 0, 0,
    0, 0, 0, 0, 15, 0, 0, 0,
    0, 0, 0, 0, 0, 0, 0, 0,
    0, 0, 0, 0, 0, 0, 0, 0,
    0, 0, 0, 0, 0, 0, 0, 0,
    0, 0, 0, 0, 0, 0, 0, 0,
    0, 0, 0, 0, 0, 0, 0, 0,
    0, 0, 0, 0, 0, 0, 0, 0,
    0, 0, 0, 0, 0, 0, 0, 0,
    0, 0, 0, 0, 0, 0, 0, 5,
    -15, 0, 0, 5, -5, 0, 0, 0,
    0, 0, 0, 0, 0, 0, 0, 0,
    0, 0, 0, 0, 0, 0, 0, 0,
    0, 0, 0, 0, 0, 0, 0, 0,
    0, 0, 0, 0, 0, 0, 0, 0,
    0, 0, 0, 0, 0, 0, 0, 0,
    0, 0, 0, 0, 0, 0, 0, 0,
    0, 0, 0, 0, 0, 0, 0, 0,
    0, 0, 0, 0, 0, 0, 0, -20,
    0, 0, 0, 0, 0, 0, 0, -5,
    0, -5, -3, -5, 0, -8, 0, 0,
    0, 0, 0, 0, 0, 0, 0, 0,
    0, 0, 0, 0, 0, 0, 0, 0,
    0, 0, 0, 0, 0, 0, 0, 0,
    0, 0, 0, 0, 0, 0, 0, 0,
    0, 0, 0, 0, 0, 0, 0, 0,
    0, 0, 0, 0, 0, 0, 0, 0,
    0, 0, 0, 0, 0, 0, 0, 0,
    0, 0, -3, 0, -33, 0, 0, 0,
    -13, 0, 0, 0, 0, 0, -5, 0,
    -3, 0, 0, 0, 0, 0, 0, 0,
    0, 0, -5, 0, -8, 0, 0, 0,
    0, 0, 0, 0, 0, 0, 0, 0,
    0, 0, 0, 0, 0, 0, 0, 0,
    0, 0, 0, 0, 0, 0, 0, 0,
    0, 0, 0, 0, 0, 0, 0, 0,
    0, 0, 0, 0, 0, 0, 0, 0,
    0, 0, 0, 0, 0, 0, 0, 0,
    0, 0, 0, 0, 0, 0, 0, 0,
    0, 0, 0, 0, 0, 0, 0, 0,
    0, 0, 0, 0, -3, 0, 0, 0,
    0, 0, 0, 0, 0, 0, 0, 0,
    0, 0, 0, 0, 0, 0, 0, 0,
    0, 0, 0, 0, 0, 0, 0, 0,
    0, 0, 0, 0, 0, 0, 0, 0,
    0, 0, 0, 0, 0, 0, 0, 0,
    0, 0, 0, 0, 0, 0, -5, 0,
    -15, -10, 0, 5, -18, -5, 0, 5,
    0, 0, 0, 0, 0, -20, 0, -18,
    -18, 0, -13, -15, -5, -10, -15, -8,
    0, 0, 0, 0, 0, 0, 0, 0,
    0, 0, 0, 0, 0, 0, 0, 0,
    0, 0, 0, 0, 0, 0, 0, 0,
    0, 0, 0, 0, 0, 0, 0, 0,
    0, 0, 0, 0, 0, 0, 0, 0,
    0, 0, 0, 0, 0, 0, 0, 0,
    0, 0, -5, 0, 0, 0, -3, 0,
    0, 0, 0, 0, 0, 0, 0, 0,
    0, 0, 0, 0, 0, 0, 0, 0,
    0, 0, 0, 0, 0, 0, 0, 0,
    0, 0, 0, 0, 0, 0, 0, 0,
    0, 0, 0, 0, 0, 0, 0, 0,
    0, 0, 0, 0, 0, 0, 0, 0,
    0, 0, 0, 0, 0, 0, 0, 0,
    0, 0, 0, 0, 0, 0, 0, 0,
    0, 0, 0, 0, -13, 0, 0, 5,
    -10, -3, 0, 0, 0, 0, 0, 0,
    0, -5, 0, -5, -3, 0, -3, -3,
    0, 0, -8, -3, 0, 0, 0, 0,
    0, 0, 0, 0, 0, 0, 0, 0,
    0, 0, 0, 0, 0, 0, 0, 0,
    0, 0, 0, 0, 0, 0, 0, 0,
    0, 0, 0, 0, 0, 0, 0, 0,
    0, 0, 0, 0, 0, 0, 0, 0,
    0, 0, 0, 0, -8, 0, -15, 0,
    0, 5, -15, -5, 0, 0, 0, 0,
    0, 0, 0, -13, 0, -13, -13, 0,
    -8, -10, 0, -5, -20, -8, 0, 0,
    0, 0, 0, 0, 0, 0, 0, 0,
    0, 0, 0, 0, 0, 0, 0, 0,
    0, 0, 0, 0, 0, 0, 0, 0,
    0, 0, 0, 0, 0, 0, 0, 0,
    0, 0, 0, 0, 0, 0, 0, 0,
    0, 0, 0, 0, 0, 0, 0, 0,
    0, 0, 0, 0, 0, -3, 0, 0,
    0, 0, 0, 0, 0, 0, 0, 0,
    0, 0, 0, 0, 0, 0, -5, 0,
    0, 0, 0, 0, 0, 0, 0, 0,
    0, 0, 0, 0, 0, 0, 0, 0,
    0, 0, 0, 0, 0, 0, 0, 0,
    0, 0, 0, 0, 0, 0, 0, 0,
    0, 0, 0, 0, 0, 0, 0, 0,
    0, 0, 0, 0, 0, 0, 0, 0,
    0, 0, 0, 0, 0, 0, 0, 0,
    24, 0, 0, 0, 0, 0, 0, 0,
    0, 0, 0, 0, 0, 0, 0, 0,
    0, 0, 0, 0, 0, 0, 0, 0,
    0, 0, 0, 0, 0, 0, 0, 0,
    0, 0, 0, 0, 0, 0, 0, 0,
    0, 0, 0, 0, 0, 0, 0, 0,
    0, 0, 0, 0, 0, 0, 0, 0,
    0, 0, 0, 0, 0, 0, 0, 0,
    0, -3, 0, 0, 0, 0, 0, 0,
    0, 0, 0, 0, 0, 0, 0, 0,
    0, 0, 0, 0, 0, 0, 0, 0,
    0, 0, 0, 0, 0, 0, 0, 0,
    0, 0, 0, 0, 0, 0, 0, 0,
    0, 0, 0, 0, 0, 0, 0, 0,
    0, 0, 0, 0, 0, 0, 0, 0,
    0, 0, 0, 0, 0, 0, 0, 0,
    0, 0, 0, 0, 0, 0, 0, 0,
    0, 0, 0, -3, 0, 0, 0, 0,
    0, 0, 0, 0, 0, 0, 0, 0,
    0, 0, 0, 0, 0, 0, 0, 0,
    0, 0, -5, -3, 0, 0, 0, 0,
    0, 0, 0, 0, 0, 0, 0, 0,
    0, 0, 0, 0, 0, 0, 0, 0,
    0, 0, 0, 0, 0, 0, 0, 0,
    0, 0, 0, 0, 0, 0, 0, 0,
    0, 0, 0, 0, 0, 0, 0, 0,
    0, 0, 0, 0, 0, 5, 0, 0,
    0, 0, 0, 0, 0, 0, 0, 0,
    0, 0, 0, 0, 0, 0, 0, 0,
    0, 0, 0, 0, 0, 0, 0, 0,
    0, 0, 0, 0, 0, 0, 0, 0,
    0, 0, 0, 0, 0, 0, 0, 0,
    0, 0, 0, 0, 0, 0, 0, 0,
    0, 0, 0, 0, 0, 0, 0, 0,
    0, 0, 0, 0, 0, 0, 0, 0,
    0, 0, 0, 0, 0, 0, 0, 15,
    0, 10, -5, 0, 0, 0, 0, 0,
    0, 0, 0, 0, 0, 0, 0, 0,
    0, 0, 0, 0, 0, 0, 0, 0,
    0, 0, 0, 0, 0, 0, 0, 0,
    0, 0, 0, 0, 0, 0, 0, 0,
    0, 0, 0, 0, 0, 0, 0, 0,
    0, 0, 0, 0, 0, 0, 0, 0,
    0, 0, 0, 0, 0, 0, 0, 0,
    0, 0, 0, 0, 0, 0, 0, 0,
    0, 10, 0, 0, -41, 0, 0, 0,
    0, 0, 0, 0, 0, 0, 0, 0,
    0, -5, 0, -5, -3, 0, 0, 0,
    0, 0, 0, 0, 0, 0, 0, 0,
    0, 0, 0, 0, 0, 0, 0, 0,
    0, 0, 0, 0, 0, 0, 0, 0,
    0, 0, 0, 0, 0, 0, 0, 0,
    0, 0, 0, 0, 0, 0, 0, 0,
    0, 0, 0, 0, 0, 0, 0, 0,
    0, 0, 0, 10, 0, 0, -10, 0,
    0, 5, 0, 0, 0, 0, 0, 0,
    0, 0, 0, 0, 0, 0, 0, 0,
    0, 0, 0, 0, 0, 0, 0, 0,
    0, 0, 0, 0, 0, 0, 0, 0,
    0, 0, 0, 0, 0, 0, 0, 0,
    0, 0, 0, 0, 0, 0, 0, 0,
    0, 0, 0, 0, 0, 0, 0, 0,
    0, 0, 0, 0, 0, 0, 0, 0,
    0, 0, 0, 0, 0, 0, 0, 0,
    0, 0, 0, 0, 0, 0, 0, 0,
    0, 0, 0, 0, 0, 0, 0, -5,
    0, 0, 0, 0, 0, 0, 0, 0,
    0, 0, 0, 0, 0, 0, 0, 0,
    0, 0, 0, 0, 0, 0, 0, 0,
    0, 0, 0, 0, 0, 0, 0, 0,
    0, 0, 0, 0, 0, 0, 0, 0,
    0, 0, 0, 0, 0, 0, 0, 0,
    0, 0, 0, 0, 0, 0, 0, 0,
    0, 0, 0, 0, 0, 0, 0, 0,
    13, -5, 0, -3, 0, -8, 0, 0,
    0, 0, 0, 0, 0, 0, 0, 0,
    0, 0, 0, 0, 0, 0, 0, 0,
    0, 0, 0, 0, 0, 0, 0, 0,
    0, 0, 0, 0, 0, 0, 0, 0,
    0, 0, 0, 0, 0, 0, 0, 0,
    0, 0, 0, 0, 0, 0, 0, 0,
    0, 0, 0, 0, 0, 0, 0, 0,
    0, 0, 0, 0, 0, 0, 0, 0,
    0, 0, 0, -8, 0, -3, 0, -8,
    0, 0, 0, 0, 0, 0, 0, 0,
    0, 0, 0, 0, 0, 0, 0, -8,
    0, 0, 0, 0, 0, -3, 0, 0,
    0, 0, 0, 0, 0, 0, 0, 0,
    0, 0, 0, 0, 0, 0, 0, 0,
    0, 0, 0, 0, 0, 0, 0, 0,
    0, -3, 0, 0, 0, 0, 0, 0,
    0, 0, 0, 0, 0, 0, 0, 0,
    0, 0, 0, 0, 0, -15, 0, -8,
    -5, -20, 0, 0, 0, 0, 0, 0,
    0, 0, 0, 0, 0, 0, 0, 0,
    0, -15, 0, 0, 0, 0, -5, 0,
    0, -5, 0, 0, -5, 0, 0, 0,
    0, 0, 0, 0, 0, 0, 0, 0,
    0, 0, 0, 0, 0, 0, 0, 0,
    0, 0, 0, -10, 0, 0, 0, 0,
    0, 0, 0, 0, 0, 0, 0, 0,
    0, 0, 0, 0, 0, 0, 26, -10,
    0, -8, 0, -10, 0, 0, 0, 0,
    0, 0, 0, 0, 0, 0, 0, 0,
    0, 0, 0, 0, 0, 0, 0, 0,
    0, 0, 0, 0, 0, 0, 0, 0,
    0, 0, 0, 0, 0, 0, 0, 0,
    0, 0, 0, 0, 0, 0, 0, 0,
    0, 0, 0, 0, 0, 0, 0, 0,
    0, 0, 0, 0, 0, 0, 0, 0,
    0, 13, 0, 0, 0, 0, 0, 0,
    0, 0, 0, 0, 0, 0, 0, 0,
    0, 0, 0, 0, 0, 0, 0, 0,
    0, 0, 0, 0, 0, 0, 0, 0,
    0, 0, 0, 0, 0, 0, 0, 0,
    0, 0, 0, 0, 0, 0, 0, 0,
    0, 0, 0, 0, 0, 0, 0, 0,
    0, 0, 0, 0, 0, 0, 0, 0,
    0, 0, 0, 0, 0, 0, 0, 0,
    0, -18, 0, 0, 0, 0, 0, 0,
    0, -5, 28, -18, 0, -10, 0, -15,
    0, 0, 0, 0, 0, 0, 0, 0,
    0, 0, 0, 0, 0, 0, 0, 0,
    0, 0, 0, 0, 0, 0, 0, 0,
    0, 0, 0, 0, 0, 0, 0, 0,
    0, 0, 0, 0, 0, 0, 0, 0,
    0, 0, 0, 0, 0, 0, 0, 0,
    0, 0, 0, 0, 0, 0, 0, 0,
    0, 0, 8, 12, 0, 20, 0, 0,
    0, 22, 0, 0, 0, 0, 0, 0,
    0, 0, 0, 0, 8, 0, 0, 0,
    0, 0, 0, 0, 0, 0, 0, 18,
    0, 0, 0, 0, 0, 0, 0, 0,
    0, 0, 0, 0, 0, 0, 0, 0,
    0, 0, 0, 0, 0, 0, 0, 0,
    0, 0, 0, 0, 0, 0, 0, 0,
    0, 0, 0, 0, 0, 0, 0, 0,
    0, 0, 0, 15, 0, 0, 0, 13,
    0, 0, 0, 0, 0, 0, 0, 0,
    0, 0, 0, 0, 0, 0, 0, 0,
    0, 0, 0, 0, 0, 0, 0, 0,
    0, 0, 36, 0, 0, 0, 0, 0,
    0, 0, 0, 0, 0, 0, 0, 0,
    0, 0, 0, 0, 0, 0, 0, 0,
    0, 0, 0, 0, 0, 0, 0, 0,
    0, 0, 0, 0, 0, 0, 0, 0,
    0, 0, 0, 0, 0, 0, 0, 0,
    0, 0, 0, 0, 0, 0, 0, 0,
    13, 0, 0, 0, 0, 0, 0, 0,
    0, 0, 0, 0, 0, 0, 0, 0,
    0, 0, 0, 0, 0, 0, 0, 0,
    0, 0, 0, 0, 0, 0, 0, 0,
    0, 0, 0, 0, 0, 0, 0, 0,
    0, 0, 0, 0, 0, 0, 0, 0,
    0, 0, 0, 0, 0, 0, 0, 0,
    0, 0, 0, 0, 0, 0, 0, 0,
    13, 17, 0, 24, 0, 0, 0, 20,
    0, 0, 0, 0, 0, 0, 0, 0,
    0, 0, 0, 0, 0, 0, 0, 0,
    0, 0, 0, 0, 0, 0, 0, 0,
    0, 0, 0, 0, 0, 0, 0, 0,
    0, 0, 0, 0, 0, 0, 0, 0,
    0, 0, 0, 0, 0, 0, 0, 0,
    0, 0, 0, 0, 0, 0, 0, 0,
    0, 0, 0, 0, 0, 0, 0, 0,
    0, 14, 0, 0, 0, 0, 0, 0,
    0, 0, 0, 0, 0, 0, 0, 0,
    0, 0, 0, 0, 0, 0, 0, 0,
    0, 0, 0, 0, 0, 0, 0, 0,
    0, 0, 0, 0, 14, 0, 0, 0,
    0, 0, 0, 0, 0, 0, 0, 0,
    0, 0, 0, 0, 0, 0, 0, 0,
    0, 0, 0, 0, 0, 0, 0, 0,
    0, 0, 0, 0, 0, 0, 0, 0,
    0, 0, 0, 0, 0, -18, 0, 0,
    0, 0, 0, 0, 0, 0, 0, 0,
    0, 0, 0, 0, 0, 0, 0, 0,
    0, 0, 0, 0, 0, 0, 0, 0,
    0, 0, 0, -13, 0, 0, 0, 0,
    -5, 0, 0, 0, 0, 0, -8, 0,
    0, 0, 0, 0, 0, 0, 0, 0,
    -5, -5, -5, 0, 0, 0, 0, 0,
    0, 0, -5, 0, -10, -15, -13, -5,
    0, 0, 0, 0, 0, -8, 0, 5,
    0, 0, -13, -10, -8, 0, 0, 0,
    0, 0, 0, 0, 0, 0, 0, 0,
    0, 0, 0, 0, 0, 0, 0, 0,
    0, -8, 0, 0, 0, 5, -5, 0,
    0, -6, 0, -18, -6, 0, 0, -9,
    0, 0, -10, -5, -8, -10, -10, -3,
    -3, -8, -3, -5, -8, -10, 0, -5,
    0, 0, 0, 0, 0, 0, 0, 3,
    0, 0, 0, 0, 0, 0, 0, 0,
    0, 0, 0, 0, 0, 0, 0, 0,
    0, 0, 0, 0, 0, 0, 0, 0,
    0, 0, 0, 0, 0, 0, 0, 0,
    0, 0, -5, 0, 0, 0, 0, 0,
    -5, 0, 0, 0, 0, 0, 0, 0,
    0, -8, 0, 0, 0, 0, 0, 0,
    0, 0, 0, 0, 0, 0, -5, 0,
    0, 0, 0, 0, -5, 0, 0, 0,
    0, 0, 0, 0, -5, 0, 0, 0,
    0, 0, 0, 0, 0, 0, -5, 0,
    0, 0, 0, 0, 0, 0, 0, 0,
    0, 0, 0, 0, 0, 0, 0, 0,
    0, 0, 0, 0, 0, 0, 0, 0,
    0, 0, 0, 0, 0, 0, 0, 0,
    0, 0, 0, -3, 0, 0, 0, 0,
    0, 0, 0, 0, 0, 0, 0, 0,
    0, 0, 0, 0, 0, 0, 0, 0,
    0, 0, 0, 0, 0, 0, 0, 0,
    0, 0, 0, 0, 0, -23, 0, 0,
    -3, 0, 0, 0, 0, 0, 0, 0,
    0, 0, 0, 0, 0, 0, 0, 0,
    0, 0, 0, 0, 0, 0, 0, 0,
    0, 0, 0, -15, 0, 0, 0, 0,
    -5, 0, 0, 0, 0, 0, -8, 0,
    0, 0, 0, 0, 0, -5, 0, 0,
    -5, -5, 0, -5, 0, 0, 0, 0,
    0, 0, 0, 0, 0, -8, 0, 0,
    0, 0, 0, 0, 0, -15, 0, 5,
    0, 0, 0, -3, -3, 0, 0, 0,
    0, 0, 0, 0, 0, 0, 0, 0,
    0, 0, 0, 0, 0, 0, 0, 0,
    -5, 0, 0, 0, 0, 0, -5, 0,
    0, 0, 0, 0, 0, 0, 0, -10,
    -3, 0, -3, -5, 0, 0, -5, 0,
    0, 0, -3, -3, -5, 0, 0, 0,
    0, 0, -5, 0, 0, 0, 0, 0,
    0, 0, -13, 0, 0, 0, 0, 0,
    0, 5, 0, 0, -18, -5, -3, 0,
    0, 0, 0, 0, 0, 0, 0, 0,
    0, 0, 0, 0, 0, 0, 0, 0,
    0, 0, -13, -5, 0, 0, 0, 0,
    -10, -5, 0, -24, 0, -31, -26, 0,
    0, -8, 0, -8, -12, -10, -3, -26,
    -17, -8, -5, -12, 0, 0, -5, -13,
    13, -8, 0, 0, -3, 0, 0, 0,
    0, 0, 0, 0, -5, -8, -13, 0,
    0, 0, 0, -18, 0, 0, 0, 0,
    0, 0, 0, 0, 0, 0, 0, 0,
    0, 0, 0, 0, 0, 0, 0, 0,
    0, 0, 0, 0, 0, -3, 0, 0,
    0, -18, -5, 0, 13, 1, -5, 0,
    0, 0, 0, -9, -15, 0, 0, 0,
    0, 0, -3, 0, 0, 0, -8, -5,
    -8, 0, 0, 0, 0, 0, 0, 0,
    -5, 0, -10, -13, -15, 0, -13, 0,
    0, 0, -3, -10, 0, 0, 0, 0,
    0, 0, 0, 0, 0, 0, 0, 0,
    0, 0, 0, 0, 0, 0, 0, 0,
    0, 0, 0, 0, 0, 0, 0, 0,
    0, 0, 0, 0, 0, 0, 0, 0,
    0, 0, 0, 0, 0, 0, 0, 0,
    0, 0, 0, 0, 0, -3, 0, 0,
    0, -3, 0, 0, 0, 0, 0, 0,
    0, 0, 0, 0, 0, 0, 0, 0,
    0, 0, 0, 0, 0, 0, 0, 0,
    0, -3, 0, 0, 0, 0, 0, 0,
    0, 0, 0, 0, 0, 0, 0, 0,
    0, 0, 0, 0, 0, 0, 0, 0,
    0, 0, 0, 0, 0, 0, 0, 0,
    0, 0, 0, 0, 0, 0, 0, 0,
    0, 0, 0, 0, 0, 0, 0, -3,
    0, 0, 0, 0, -4, -3, 0, 0,
    0, 0, 0, 0, 0, 0, 0, 0,
    0, 0, 0, 0, 0, 0, 0, 0,
    0, 0, 0, 0, 8, 0, 0, 0,
    0, 0, 0, 0, 0, 0, 0, 0,
    0, 0, 0, 0, 0, 0, 0, 0,
    0, 0, 0, 0, 0, 0, 0, 0,
    0, 0, 23, 8, 0, 0, 10, 0,
    0, -3, -6, 0, 0, 0, 0, 8,
    0, 0, 0, 8, -3, 8, -5, 0,
    0, 0, 0, 18, 0, 0, 0, 0,
    0, 0, 0, 0, 0, 0, 0, 0,
    0, 0, 0, 0, 0, 0, -10, 0,
    0, 0, 0, 0, 0, 0, 0, 0,
    0, 0, 0, 0, 0, 0, 0, 0,
    0, 0, 0, 0, 0, 0, 0, 0,
    0, -5, 0, 0, 0, -3, -10, -5,
    -3, -5, -3, 0, 0, 0, 0, 0,
    0, -3, 0, -4, 0, -3, 0, 0,
    0, -3, 0, 0, 0, 0, 0, 0,
    0, 0, -3, -3, -3, 0, 0, 0,
    -5, 0, 0, 0, 0, 0, 0, 0,
    -33, -3, -3, 0, 0, 0, 0, 0,
    0, 0, 0, 0, 0, 0, 0, 0,
    0, 0, 0, 0, 0, 0, -5, -3,
    0, 0, 0, 0, 0, 0, 0, -15,
    -5, -13, -15, -5, 0, -3, 0, 0,
    -6, 0, 0, -13, -3, 0, 0, -10,
    0, 0, 0, -3, 0, 0, 0, 0,
    0, 0, 0, 0, 0, 0, 0, 0,
    0, 0, -15, 0, 0, 0, 0, -3,
    0, -4, -10, 0, -3, 0, 0, 0,
    0, 0, 0, 0, 0, 0, 0, 0,
    0, 0, 0, 0, 0, 0, 0, 0,
    0, 0, 0, 0, 0, -9, 0, -3,
    0, -8, -8, -9, -8, -10, -8, 0,
    0, -3, 0, 0, 0, -6, 0, -4,
    0, -4, 0, 0, 0, -3, 0, 0,
    0, 0, 0, 0, 0, 0, 0, -5,
    0, 0, 0, 0, 0, 0, 0, 0,
    0, -3, 0, 0, 0, 0, 0, 0,
    0, 0, 0, 0, 0, 0, 0, 0,
    0, 0, 0, 0, 0, 0, 0, 0,
    0, 0, 0, 0, 0, 0, 0, -10,
    0, 0, 0, 0, -9, 0, 0, 0,
    0, 0, 0, 0, 0, 0, 0, 0,
    0, -5, 0, 0, -3, -3, 0, 0,
    0, 0, 0, 0, 0, 0, 0, 0,
    0, 0, 0, 0, 0, 0, 0, 0,
    0, 0, 0, -1, 0, 0, 0, 0,
    0, 0, 0, 0, 0, 0, 0, 0,
    0, 0, 0, 0, 0, 0, 0, 0,
    0, 0, 0, 0, 0, 0, 0, 0,
    0, -5, 0, 0, 0, 0, -9, -3,
    0, -3, 0, 0, 0, -5, 0, 0,
    0, -3, 0, -5, 0, 0, -3, -8,
    -3, -3, 0, 0, 0, 0, 0, 0,
    0, 0, 0, 0, 0, 0, 0, 0,
    0, 0, 0, 0, 0, 0, 0, -1,
    0, 0, 0, 0, 0, 0, 0, 0,
    0, 0, 0, 0, 0, 0, 0, 0,
    0, 0, 0, 0, 0, 0, 0, 0,
    0, 0, 0, -8, 0, 0, 0, 0,
    -3, 0, 0, -3, 0, 0, 0, -3,
    0, 0, 0, 0, 0, -5, 0, 0,
    -3, -3, 0, 0, 0, 0, 0, 0,
    0, 0, 0, 0, 0, 0, 0, 0,
    0, 0, 0, 0, 0, 0, 0, 8,
    0, 0, -10, -5, 0, 0, 0, 0,
    0, 0, 0, 0, 0, 0, 0, 0,
    0, 0, 0, 0, 0, 0, 0, 0,
    0, 0, 0, 0, 0, 0, 0, 0,
    0, -5, 0, -8, -8, -3, 0, 0,
    0, 0, 0, 0, 0, -10, -3, 0,
    0, -8, 0, 0, 0, 0, 0, 0,
    0, 0, 0, 0, 0, 0, 0, 0,
    0, 0, 0, 0, 0, 0, 0, 10,
    0, -3, 0, 0, 5, 0, 0, 0,
    0, 0, 0, 0, 0, 0, 0, 0,
    0, 0, 0, 0, 0, 0, 0, 0,
    0, 0, 0, 0, 0, 0, 0, -8,
    0, 0, 26, 5, 0, 0, 8, 0,
    0, 0, -4, 0, 0, 0, 0, 5,
    0, 0, 0, 6, -4, 0, -8, 0,
    0, 0, 0, 15, 0, 0, 0, 0,
    0, 0, 0, 0, 0, 0, 0, 0,
    0, 0, 0, -1, 0, 0, 0, 0,
    0, 0, 0, 0, 0, 0, 0, 0,
    0, 0, 0, 0, 0, 0, 0, 0,
    0, 0, 0, 0, 0, 0, 0, 0,
    0, -10, 0, 0, 0, 0, -9, -3,
    0, -5, 0, 0, 0, -5, 0, 0,
    0, -3, 0, -5, 0, 0, -3, -8,
    -3, -3, 0, 0, 0, 0, 0, 0,
    0, 0, 0, 0, 0, 0, 0, 0,
    0, 0, 0, 0, 0, 0, 0, 0,
    0, -3, 0, 0, 0, 0, 0, 0,
    0, 0, 0, 0, 0, 0, 0, 0,
    0, 0, 0, 0, 0, 0, 0, 0,
    0, 0, 0, -3, -4, 0, 0, 0,
    -3, 0, 0, 0, 0, -4, -3, 0,
    -5, 0, 0, 0, -5, 0, 0, 0,
    0, 0, -5, -3, 0, 0, 0, 0,
    0, 0, 0, 0, 0, 0, 0, 0,
    0, -5, 0, 0, 0, 8, 0, 0,
    0, 0, 0, 0, 0, 0, 0, 0,
    0, 0, 0, 0, 0, 0, 0, 0,
    0, 0, 0, 0, 0, 0, 0, 0,
    0, 0, 0, 0, 0, -8, 0, 0,
    0, 0, 0, 0, 0, 0, 0, 0,
    0, 0, 0, 0, 0, 0, 0, 0,
    0, 0, 0, 0, 0, 0, -1, 0,
    0, 0, 0, 0, 0, 0, 0, 0,
    0, 0, 0, 0, 0, 0, 0, 0,
    0, 5, 0, 0, 0, 0, 0, 0,
    0, 0, 0, 0, 0, 0, 0, 0,
    0, 0, 0, 0, 0, 0, 0, 0,
    0, 0, 0, 0, 0, 0, 0, -5,
    0, 0, 0, 0, 0, 0, 0, 0,
    0, 0, 0, 0, 0, 0, 0, 0,
    -3, 0, 0, 0, 0, 0, 0, -3,
    0, 0, 0, 0, 0, 0, 0, 0,
    0, 0, 0, 0, 0, 0, 0, 0,
    0, 0, 0, 5, 0, 0, -10, 0,
    0, 0, 0, 0, 0, 0, 0, 0,
    0, 0, 0, 0, 0, 0, 0, 0,
    0, 0, 0, 0, 0, 0, 0, 0,
    0, 0, 0, 0, 0, -5, 0, -5,
    -8, -3, 0, 0, 0, 0, -3, 0,
    0, -13, -8, 0, 0, -13, 0, 0,
    0, -8, 0, 0, 0, 0, 0, 0,
    0, 0, 0, 0, 0, 0, 0, 0,
    0, 0, 0, 10, 0, -20, 0, 0,
    0, 0, -3, 0, 0, 0, 0, 0,
    0, 0, 0, 0, 0, 0, 0, 0,
    0, 0, 0, 0, 0, 0, 0, 0,
    0, 0, 0, -15, 0, 0, 0, 0,
    -5, -3, 0, -3, 0, -3, -18, -5,
    0, 0, 0, 0, 0, -5, 0, 0,
    -15, -12, -10, -5, 0, 0, 0, 0,
    0, -5, 0, 0, 0, 0, 0, -8,
    0, -5, 0, 0, 0, -8, 0, -3,
    0, 0, 0, 0, 0, 0, 0, 0,
    0, 0, 0, 0, 0, 0, 0, 0,
    0, 0, 0, 0, 0, 0, 0, 0,
    0, 0, 0, 0, 0, -10, 0, 0,
    10, 0, 0, 0, 0, 0, 0, 0,
    0, 0, 0, 0, 0, 0, 0, 0,
    0, 0, -8, -13, 0, 0, 0, 0,
    0, 5, 0, 0, 0, 0, 0, 0,
    0, 0, 0, 0, 0, 0, 0, 0,
    0, 0, 0, 0, 0, 0, 0, 0,
    0, 0, 0, 0, 0, 0, 0, 0,
    0, 0, 0, 0, 0, 0, 0, 0,
    0, 0, 0, 0, 0, 0, 0, -5,
    0, 0, 0, 0, -8, 0, 0, 0,
    0, 0, 0, -3, 0, 0, 0, 0,
    0, 0, 0, 0, 0, 0, 0, -5,
    0, 0, 0, 0, 0, 0, 0, 0,
    0, 0, 0, 0, 0, 0, 0, 0,
    0, 0, 0, 8, 0, 0, 0, 0,
    0, 0, 0, 0, 0, 0, 0, 0,
    0, 0, 0, 0, 0, 0, 0, 0,
    0, 0, 0, 0, 0, 0, 0, 0,
    0, 5, 0, 0, 0, 0, 0, 0,
    0, 0, 0, 0, 0, 0, 0, 0,
    0, 0, 0, 0, 0, 0, 0, 0,
    0, 0, 8, 0, 3, 0, 0, 0,
    0, 0, 0, 0, 0, 0, 0, 0,
    0, 0, 0, 0, 0, 0, 0, 0,
    0, 0, 0, 0, 0, 0, 0, 0,
    0, 0, 0, 0, 0, 0, 0, 0,
    0, 0, 0, 0, 0, 0, 0, 0,
    0, 0, 0, 0, 0, 0, 8, 0,
    0, 0, 0, 0, 0, 0, 0, 0,
    0, 0, 0, 0, 0, 0, 0, 0,
    0, 0, 0, 0, 0, 0, 0, 5,
    0, 0, 0, 0, 0, 0, 0, 0,
    0, 0, 0, 0, 0, 0, 0, -3,
    0, 0, 0, 0, 0, 0, 0, 0,
    0, 0, 0, 0, 0, 0, 0, 0,
    0, 0, 0, 0, 0, 0, 0, 0,
    0, 0, 0, 0, 0, -10, 0, 0,
    10, 0, 0, 0, 0, 0, 0, 0,
    0, 0, 0, 0, 0, 0, 0, 0,
    0, 0, -8, -13, 0, 0, 0, 0,
    0, 0, 0, 0, 0, 0, 0, 0,
    0, 0, 0, 0, 0, 0, 0, 0,
    0, 0, 0, 0, -10, 0, 0, 0,
    0, 0, 0, 0, 0, 0, 0, 0,
    0, 0, 0, 0, 0, 0, 0, 0,
    0, 0, 0, 0, 0, 0, 0, 0,
    0, 0, 0, 0, 0, 0, 0, 0,
    0, 0, 0, 0, 0, 0, 0, -5,
    0, 0, 0, 0, 0, 0, 0, 0,
    0, 0, 0, 0, 0, 0, 0, 0,
    0, 0, 0, 0, 0, 0, 0, 0,
    0, 0, 0, -10, 0, 0, 0, 0,
    0, 0, 0, 0, 0, 0, 0, 0,
    0, 0, 0, 0, 0, 0, 0, 0,
    0, 0, 0, 0, 0, 0, 0, 0,
    0, -10, 0, 0, 0, 0, 0, 0,
    0, 0, 0, 0, -10, 0, 0, 0,
    0, 0, 0, 0, 0, 0, -5, 0,
    0, 0, 0, 0, 0, 0, 0, 0,
    0, 0, -8, -5, -8, 0, 0, 0,
    0, 0, 0, 0, 0, -18, 0, 0,
    0, 0, 0, 0, 0, 0, 0, 0,
    0, 0, 0, 0, 0, 0, 0, 0,
    0, 0, 0, 0, 0, 0, 0, 0,
    0, 0, 0, 0, 0, 0, 0, 0,
    0, 0, 0, 0, 0, 0, 0, 0,
    -5, 0, 0, 0, 0, 0, 0, 0,
    -13, -8, -8, 0, 0, 0, 0, 0,
    0, -5, 0, 0, 0, 0, 0, -5,
    0, -5, 0, 0, 0, 0, 0, 0,
    0, 0, -10, 0, 0, 0, 0, 0,
    0, 0, 0, 0, 0, 0, 0, 0,
    0, 0, 0, 0, 0, 0, 0, 0,
    0, 0, 0, 0, 0, 0, 0, 0,
    0, 0, 0, 0, 0, 0, 0, 0,
    0, 0, 0, 0, 0, 0, 0, 0,
    0, 0, 0, 0, 0, 0, 0, 0,
    0, 0, 0, 0, 0, 0, -3, 0,
    -3, 0, 0, 0, 0, 0, 0, 0,
    0, 0, 0, 0, -15, -10, 0, 0,
    0, 0, 0, 0, 0, 0, 0, 0,
    0, 0, 0, 0, 0, 0, 0, 0,
    0, 0, -15, -8, 0, 0, 0, 5,
    -5, 0, 0, -10, 0, -18, -13, 0,
    0, -9, 0, 0, -18, 0, 0, -15,
    0, -5, -5, 0, -10, -10, -13, 0,
    0, 0, 0, 0, -5, -5, 0, -13,
    0, 0, 0, -10, -13, -18, -13, -20,
    0, 0, 0, 0, 0, 0, -13, -5,
    0, 0, 0, 0, 0, 0, 0, 0,
    0, 0, 0, 0, 0, 0, 0, 0,
    0, 0, 0, 0, 0, 0, 0, 0,
    0, 0, 0, 0, 0, 0, 0, -8,
    0, 0, 0, 0, 0, 0, -3, 0,
    0, -10, -3, 0, 0, -8, 0, 0,
    0, 0, 0, 0, 0, 0, 0, 0,
    0, 0, 0, 0, 0, 0, 0, 0,
    0, 0, 0, 0, 0, 0, 0, 0,
    -13, -5, 0, 0, 0, 0, 0, 0,
    0, 0, 0, 0, 0, 0, 0, 0,
    0, 0, 0, 0, 0, 0, 0, 0,
    0, 0, 0, 5, 0, 0, 0, 0,
    0, -15, 0, 0, 0, 0, 0, 0,
    -10, 0, 0, -13, 0, -5, -5, 0,
    0, 0, -13, 0, 5, 0, 0, 0,
    -5, 0, 0, -8, 0, 5, 0, 0,
    -5, -8, -10, 0, 0, 0, 0, 0,
    0, 0, -8, 0, 0, 0, 0, 0,
    0, 0, 0, 0, 0, 0, 0, 0,
    0, 0, 0, 0, 0, 0, 0, 0,
    0, 0, 0, 0, 0, 0, 0, 0,
    0, 0, 0, 0, 0, 0, 0, 0,
    0, 0, -5, 0, 0, -8, 0, 0,
    0, 0, 0, 0, 0, 0, 0, 0,
    0, 0, 0, 0, 0, 0, 0, 0,
    0, 0, 0, 0, 0, 0, 0, 0,
    0, 0, 0, 0, 0, 0, 0, 0,
    0, 0, 0, 0, 0, 0, 0, 0,
    0, 0, 0, 0, 0, 0, 0, 0,
    0, 0, 0, 0, 0, 0, 0, 0,
    0, 0, 0, 0, 0, 0, 0, 0,
    0, 0, 0, 0, 0, 0, 0, 0,
    0, 0, 0, 0, -5, 0, -13, 0,
    0, 0, 0, 0, -5, 0, 0, 0,
    0, 0, 0, 0, -13, -5, 0, 0,
    0, 0, 0, 0, 0, 0, 0, 0,
    0, 0, 0, 0, 0, 0, 0, 0,
    0, 0, 0, 0, 0, 0, 0, 0,
    0, 0, 0, 0, 0, 0, 0, 0,
    0, 0, 0, 0, 0, 0, 0, 0,
    0, 0, 0, 0, 0, 0, -3, 0,
    0, 0, 0, 0, 0, 0, 0, 0,
    -3, 0, 0, 0, 0, 0, 0, 0,
    0, 0, 0, 0, 0, 0, 0, 0,
    0, 0, 0, 0, 0, 0, 0, 0,
    -15, 0, 0, 0, 0, 0, 0, 0,
    0, 0, 0, 0, 0, 0, 0, 0,
    0, 0, 0, 0, 0, 0, 0, 0,
    0, 0, 0, 0, 0, 0, 0, 0,
    0, -15, 0, 0, 0, 0, 0, 0,
    -13, 0, 0, -13, 0, 0, 0, 0,
    0, 0, -10, 0, 5, 0, 0, 0,
    -5, 0, 0, -8, 0, 0, 0, 0,
    0, -10, -10, -10, -3, 0, 0, 0,
    0, 0, -10, 0, 0, 0, 0, 0,
    0, 0, 0, 0, 0, 0, 0, 0,
    0, 0, 0, 0, 0, 0, 0, 0,
    0, 0, 0, 0, 0, 0, 0, 0,
    0, 0, 0, 0, 0, 0, 0, 0,
    0, 0, 0, 0, 0, -3, 0, 0,
    0, 0, 0, 0, 0, 0, 0, 0,
    0, 0, 0, 0, 0, 0, 0, 0,
    0, 0, 0, 0, 0, 0, 0, 0,
    0, 0, 0, 0, 0, 0, 0, 0,
    0, 0, 0, 0, 0, 0, 0, 0,
    0, 0, 0, 0, 0, 0, 0, 0,
    0, 0, 0, 0, 0, 0, 0, -5,
    0, 0, 0, 0, 0, 0, 0, 0,
    0, 0, 0, 0, 0, 0, 0, 0,
    0, 0, 0, 0, 0, 0, 0, 0,
    0, 0, 0, 0, 0, 0, 0, 0,
    -3, 0, -3, 0, 0, 0, 0, 0,
    0, 0, 0, -3, 0, 0, 0, 0,
    0, 0, 0, 0, 0, 0, 0, 0,
    0, 0, 0, 0, 0, 0, 0, 0,
    0, 0, 0, 0, 0, 0, 0, 0,
    0, 0, 0, 0, 0, 0, 0, 0,
    0, 0, 0, 0, 0, 0, 0, 0,
    0, 0, 0, -5, 0, 0, 0, -3,
    0, 0, 0, 0, 0, 0, 0, 0,
    0, 0, 0, 0, 0, 0, 0, 0,
    0, 0, 0, 0
};


/*Collect the kern class' data in one place*/
static const lv_font_fmt_txt_kern_classes_t kern_classes =
{
    .class_pair_values   = kern_class_values,
    .left_class_mapping  = kern_left_class_mapping,
    .right_class_mapping = kern_right_class_mapping,
    .left_class_cnt      = 82,
    .right_class_cnt     = 74,
};

/*--------------------
 *  ALL CUSTOM DATA
 *--------------------*/

#if LVGL_VERSION_MAJOR == 8
/*Store all the custom data of the font*/
static  lv_font_fmt_txt_glyph_cache_t cache;
#endif

#if LVGL_VERSION_MAJOR >= 8
static const lv_font_fmt_txt_dsc_t font_dsc = {
#else
static lv_font_fmt_txt_dsc_t font_dsc = {
#endif
    .glyph_bitmap = glyph_bitmap,
    .glyph_dsc = glyph_dsc,
    .cmaps = cmaps,
    .kern_dsc = &kern_classes,
    .kern_scale = 16,
    .cmap_num = 4,
    .bpp = 4,
    .kern_classes = 1,
    .bitmap_format = 1,
#if LVGL_VERSION_MAJOR == 8
    .cache = &cache
#endif
};



/*-----------------
 *  PUBLIC FONT
 *----------------*/

/*Initialize a public general font descriptor*/
#if LVGL_VERSION_MAJOR >= 8
lv_font_t noto_sans_light_16 = {
#else
lv_font_t noto_sans_light_16 = {
#endif
    .get_glyph_dsc = lv_font_get_glyph_dsc_fmt_txt,    /*Function pointer to get glyph's data*/
    .get_glyph_bitmap = lv_font_get_bitmap_fmt_txt,    /*Function pointer to get glyph's bitmap*/
    .line_height = 22,          /*The maximum line height required by the font*/
    .base_line = 5,             /*Baseline measured from the bottom of the line*/
#if !(LVGL_VERSION_MAJOR == 6 && LVGL_VERSION_MINOR == 0)
    .subpx = LV_FONT_SUBPX_NONE,
#endif
#if LV_VERSION_CHECK(7, 4, 0) || LVGL_VERSION_MAJOR >= 8
    .underline_position = -2,
    .underline_thickness = 1,
#endif
    .dsc = &font_dsc,          /*The custom font data. Will be accessed by `get_glyph_bitmap/dsc` */
#if LV_VERSION_CHECK(8, 2, 0) || LVGL_VERSION_MAJOR >= 9
    .fallback = NULL,
#endif
    .user_data = NULL,
};



#endif /*#if NOTO_SANS_LIGHT_16*/

