/*******************************************************************************
 * Size: 12 px
 * Bpp: 4
 * Opts: --font assets/fonts/NotoSans-Light.ttf --size 12 --range 0x20-0x7F,0xA0-0xFF,0x100-0x17F,0x400-0x4FF,0x2013-0x2014,0x2018-0x201D,0x2022,0x2026,0x20AC,0x2122 --font assets/fonts/NotoSansCJKsc-Regular.otf --size 12 --range 0x3046,0x3053,0x305d,0x3088,0x4e2d,0x6587,0x65e5,0x672c,0x6b22,0x8a9e,0x8fce,0xff01 --font assets/fonts/NotoSansCJKjp-Regular.otf --size 12 --range 0x3046,0x3053,0x305d,0x3088,0x4e2d,0x6587,0x65e5,0x672c,0x6b22,0x8a9e,0x8fce,0xff01 --bpp 4 --format lvgl -o firmware/helixscreen-esp32/components/helixcore/fonts/noto_sans_light_12.c
 ******************************************************************************/

#ifdef LV_LVGL_H_INCLUDE_SIMPLE
#include "lvgl.h"
#else
#include "lvgl/lvgl.h"
#endif

#ifndef NOTO_SANS_LIGHT_12
#define NOTO_SANS_LIGHT_12 1
#endif

#if NOTO_SANS_LIGHT_12

/*-----------------
 *    BITMAPS
 *----------------*/

/*Store the image of the glyphs*/
static LV_ATTRIBUTE_LARGE_CONST const uint8_t glyph_bitmap[] = {
    /* U+0020 " " */

    /* U+0021 "!" */
    0xc, 0x7, 0x0, 0x84, 0xc, 0x4, 0x30, 0x18,
    0x3c,

    /* U+0022 "\"" */
    0x28, 0x28, 0x30, 0x7, 0x87, 0x98, 0x89, 0x45,
    0x0,

    /* U+0023 "#" */
    0x0, 0xa0, 0x18, 0x80, 0x24, 0xd0, 0xe2, 0x2,
    0x98, 0xf9, 0x59, 0x42, 0x95, 0xa9, 0x59, 0x40,
    0xc, 0x7c, 0x0, 0x69, 0x49, 0x8c, 0x90, 0x6b,
    0xb4, 0x9d, 0x48, 0x1, 0xc8, 0x4, 0x3, 0x12,
    0x80, 0x70,

    /* U+0024 "$" */
    0x0, 0xa0, 0x2, 0x4a, 0x5a, 0x41, 0xea, 0x5a,
    0x52, 0xd0, 0x8, 0x4f, 0x10, 0x3, 0x56, 0x2b,
    0x0, 0x6, 0x14, 0x24, 0x3, 0x31, 0x0, 0x80,
    0x8, 0x83, 0x14, 0xb5, 0x3, 0x35, 0x30, 0x20,

    /* U+0025 "%" */
    0x8, 0x95, 0x0, 0x2a, 0x0, 0xb, 0xa7, 0x0,
    0x18, 0x80, 0x7, 0x20, 0x10, 0x6d, 0x0, 0x84,
    0x0, 0x21, 0xe5, 0x26, 0xb, 0x80, 0x6, 0xde,
    0x9a, 0x1, 0xe9, 0xdf, 0xd, 0x1, 0x0, 0x34,
    0x9d, 0x80, 0x80, 0x70, 0xf9, 0x31, 0x80, 0x80,
    0x53, 0x20, 0x2f, 0x9f, 0x0,

    /* U+0026 "&" */
    0x0, 0x54, 0xd1, 0x0, 0x65, 0xf9, 0x8b, 0x0,
    0xc2, 0x60, 0xde, 0x1, 0x93, 0xe3, 0x18, 0x3,
    0x18, 0xd, 0x80, 0x10, 0x6, 0x67, 0x18, 0x70,
    0x16, 0x80, 0x2a, 0x6a, 0x40, 0xb0, 0x2, 0x27,
    0x10, 0x1e, 0xba, 0xbd, 0xc9, 0x10,

    /* U+0027 "'" */
    0x28, 0x30, 0x7, 0x8a, 0x80,

    /* U+0028 "(" */
    0x1, 0x90, 0x88, 0x1, 0x8a, 0x68, 0x11, 0x80,
    0xb8, 0x6, 0x16, 0x4, 0xd0, 0x23, 0x0, 0x6a,
    0x83, 0x0,

    /* U+0029 ")" */
    0x46, 0x4, 0xc0, 0x7, 0xa8, 0x26, 0x0, 0x90,
    0x7, 0xe1, 0x3, 0xd0, 0xb5, 0x12, 0x2a, 0x0,

    /* U+002A "*" */
    0x0, 0xc, 0x80, 0x61, 0x10, 0x9, 0xd4, 0x1c,
    0xc1, 0xd7, 0xc, 0x48, 0x17, 0xdd, 0x80, 0x28,
    0x19, 0x0,

    /* U+002B "+" */
    0x0, 0xff, 0x48, 0x7, 0xf8, 0xea, 0x89, 0x54,
    0x23, 0xaa, 0x25, 0x50, 0x80, 0x3f, 0xf8, 0x40,

    /* U+002C "," */
    0xc, 0x34, 0x5a,

    /* U+002D "-" */
    0x5a, 0xa2, 0x0,

    /* U+002E "." */
    0x2, 0xf,

    /* U+002F "/" */
    0x0, 0xa8, 0x2, 0x3d, 0x0, 0xad, 0x40, 0x22,
    0x20, 0x1, 0x30, 0x2, 0xd7, 0x0, 0x8c, 0x40,
    0xb, 0xe0, 0x17, 0xa8, 0x4,

    /* U+0030 "0" */
    0x2, 0xba, 0xa0, 0x80, 0x26, 0xa9, 0x10, 0x2,
    0x31, 0x2, 0x30, 0x6e, 0x0, 0x8c, 0x84, 0xc0,
    0x21, 0x1, 0x30, 0x8, 0x4d, 0xb8, 0x2, 0x31,
    0x23, 0x10, 0x23, 0x0, 0x4d, 0x52, 0x20, 0x0,

    /* U+0031 "1" */
    0x3, 0xd1, 0x6b, 0x40, 0x78, 0x0, 0x8, 0x7,
    0xff, 0x2c,

    /* U+0032 "2" */
    0x7, 0xba, 0xa0, 0x4, 0x77, 0x5d, 0x0, 0x4,
    0x0, 0x29, 0x0, 0x72, 0xe8, 0x7, 0x73, 0x80,
    0x69, 0x80, 0xd, 0x14, 0x40, 0x14, 0x61, 0x80,
    0x48, 0xdf, 0x77, 0x0,

    /* U+0033 "3" */
    0x8, 0xaa, 0x84, 0x6, 0xaa, 0x88, 0x0, 0x90,
    0x0, 0x88, 0x1, 0xcf, 0xc0, 0x1, 0xad, 0xd2,
    0x80, 0x6, 0xb6, 0x6c, 0x3, 0x8c, 0x3, 0xc2,
    0x0, 0x3a, 0xaa, 0xe4, 0x0,

    /* U+0034 "4" */
    0x0, 0xd8, 0x80, 0x19, 0xd4, 0x3, 0x18, 0x78,
    0x6, 0x97, 0x0, 0xd1, 0x0, 0xc, 0x7e, 0x40,
    0x1a, 0xb6, 0xaa, 0xf7, 0x9a, 0xad, 0xee, 0x1,
    0xf0,

    /* U+0035 "5" */
    0x9, 0xaa, 0x98, 0x0, 0x75, 0x53, 0x0, 0x7f,
    0x34, 0xd4, 0x8, 0x3, 0x26, 0xae, 0x80, 0x38,
    0xc4, 0x3, 0xff, 0x80, 0x40, 0x1, 0xaa, 0xae,
    0xc0,

    /* U+0036 "6" */
    0x0, 0x35, 0x51, 0x80, 0xc, 0x15, 0x46, 0x0,
    0x63, 0x0, 0x61, 0x37, 0x99, 0x10, 0x12, 0x2c,
    0xc4, 0x80, 0x14, 0x80, 0x4c, 0x88, 0x20, 0x1c,
    0x26, 0x20, 0x3, 0x20, 0xbb, 0x55, 0x20, 0x0,

    /* U+0037 "7" */
    0x4a, 0xad, 0xa4, 0x95, 0x59, 0x88, 0x3, 0x2e,
    0x80, 0x77, 0xb0, 0x6, 0x22, 0x0, 0x75, 0xd0,
    0x7, 0x19, 0x0, 0x67, 0xe0, 0xe, 0xc4, 0x0,
    0x80,

    /* U+0038 "8" */
    0x4, 0xa9, 0xa2, 0x0, 0x7d, 0x4d, 0x48, 0x0,
    0x40, 0x21, 0x0, 0x64, 0x14, 0xc8, 0x0, 0xe5,
    0x20, 0x60, 0xb, 0xbd, 0x40, 0x98, 0x20, 0x46,
    0x2d, 0xe0, 0x11, 0x9, 0x65, 0x4d, 0x78, 0x0,

    /* U+0039 "9" */
    0x4, 0xaa, 0x80, 0x3, 0xd5, 0x49, 0x90, 0x2e,
    0x0, 0xc, 0x80, 0x3c, 0x22, 0x5c, 0x0, 0x1b,
    0x80, 0xcc, 0xca, 0xe2, 0x7, 0x32, 0x60, 0xf,
    0x47, 0x0, 0x22, 0xa9, 0x88, 0x0,

    /* U+003A ":" */
    0xd, 0xf, 0x2, 0x0, 0xe2, 0xf,

    /* U+003B ";" */
    0xd, 0xf, 0x2, 0x0, 0xe5, 0x1f, 0x5f, 0x25,

    /* U+003C "<" */
    0x0, 0xe5, 0x20, 0x9, 0x28, 0x8, 0x12, 0x46,
    0x94, 0xe, 0x20, 0xa0, 0x11, 0xec, 0xc8, 0x80,
    0x21, 0x88, 0x54, 0x88, 0x4, 0x31, 0x0,

    /* U+003D "=" */
    0x39, 0x9e, 0x13, 0x99, 0xe1, 0x0, 0xf8, 0xe6,
    0x78, 0x40,

    /* U+003E ">" */
    0x34, 0x0, 0xe3, 0x29, 0x30, 0xc, 0xd2, 0xb2,
    0x60, 0x19, 0xab, 0x84, 0x0, 0x72, 0x9a, 0x25,
    0x49, 0x2e, 0x0, 0x3a, 0x70, 0xc,

    /* U+003F "?" */
    0x5a, 0xa8, 0x56, 0xa9, 0x10, 0x0, 0x88, 0x3,
    0x45, 0x0, 0x26, 0xcc, 0xf, 0xcc, 0x0, 0x28,
    0x1, 0x19, 0x80, 0x27, 0x60, 0x0,

    /* U+0040 "@" */
    0x0, 0xc, 0x4c, 0xe2, 0x0, 0x86, 0xe6, 0x7a,
    0xcc, 0x1, 0x16, 0x33, 0x2a, 0x39, 0xa0, 0x11,
    0xa6, 0x27, 0xdc, 0x2, 0x5d, 0x3, 0x10, 0x37,
    0x0, 0xfe, 0xc7, 0x0, 0x98, 0x82, 0x26, 0x21,
    0x93, 0x0, 0x58, 0x5, 0x30, 0x51, 0x22, 0x0,
    0x89, 0x10, 0x8, 0x80, 0x31, 0xc4, 0xc4, 0xc8,
    0x40, 0x20,

    /* U+0041 "A" */
    0x0, 0xb0, 0xc0, 0x38, 0xd2, 0xc0, 0x3a, 0xe4,
    0x80, 0x38, 0x87, 0x10, 0x2, 0x5f, 0x7, 0xd0,
    0xb, 0xfa, 0xe9, 0x0, 0x2, 0x77, 0x74, 0x30,
    0x36, 0x80, 0x4b, 0xa1, 0x88, 0x1, 0x88, 0x40,

    /* U+0042 "B" */
    0xca, 0xaa, 0x41, 0xea, 0xac, 0x70, 0xc, 0x9a,
    0x1, 0x9b, 0xde, 0xa9, 0x9c, 0xaf, 0x54, 0xcd,
    0x90, 0xc, 0x84, 0x1, 0x88, 0x1e, 0xaa, 0x8a,

    /* U+0043 "C" */
    0x0, 0x25, 0xd5, 0x40, 0x5, 0xeb, 0xaa, 0x80,
    0x13, 0x40, 0x1c, 0x4a, 0x1, 0xe1, 0xe0, 0xf,
    0xf, 0x0, 0x78, 0x94, 0x3, 0xea, 0x80, 0xf,
    0x37, 0x5d, 0x52, 0x0,

    /* U+0044 "D" */
    0xca, 0xbb, 0x50, 0x83, 0xd5, 0xda, 0x74, 0x40,
    0x31, 0xcb, 0x0, 0x72, 0x60, 0x7, 0x8, 0x7,
    0x84, 0x40, 0x1c, 0xf8, 0x1, 0x92, 0x99, 0xea,
    0x97, 0xba, 0x0,

    /* U+0045 "E" */
    0xca, 0xaa, 0x5e, 0xaa, 0x90, 0xf, 0xf3, 0xd5,
    0x4e, 0xea, 0xa9, 0xc0, 0x3f, 0xcf, 0x55, 0x48,

    /* U+0046 "F" */
    0xca, 0xaa, 0x5e, 0xaa, 0x90, 0xf, 0xf3, 0xd5,
    0x4e, 0xea, 0xa9, 0xc0, 0x3f, 0xf8, 0x60,

    /* U+0047 "G" */
    0x0, 0x1d, 0x55, 0x6a, 0x9, 0x37, 0x54, 0xb5,
    0x8, 0xa1, 0x0, 0xc4, 0xa0, 0x1e, 0x1e, 0x0,
    0x1d, 0xda, 0x87, 0x80, 0x7, 0x76, 0x12, 0x50,
    0xf, 0xaa, 0x40, 0x3c, 0xd9, 0x76, 0xaa, 0x68,

    /* U+0048 "H" */
    0xb0, 0xc, 0x6e, 0x1, 0xff, 0xc9, 0x7a, 0xad,
    0x0, 0xf5, 0x5a, 0x0, 0x3f, 0xf9, 0x40,

    /* U+0049 "I" */
    0x3c, 0xa0, 0x3b, 0x90, 0xf, 0xfe, 0x69, 0xdc,
    0x80,

    /* U+004A "J" */
    0x0, 0xac, 0x3, 0xff, 0xb4, 0x22, 0xa, 0xb8,

    /* U+004B "K" */
    0xb0, 0x9, 0x5c, 0x3, 0x26, 0x38, 0x4, 0x7d,
    0x20, 0x11, 0x45, 0x0, 0x68, 0x70, 0xe, 0xaf,
    0xa0, 0xe, 0x32, 0x50, 0xe, 0x8e, 0x10, 0xe,
    0x9b, 0x0,

    /* U+004C "L" */
    0xb0, 0xf, 0xfe, 0xdb, 0xdd, 0xd4,

    /* U+004D "M" */
    0xc6, 0x0, 0xee, 0x46, 0xc0, 0xc, 0xaa, 0x0,
    0x11, 0x0, 0x2f, 0xc0, 0x5, 0x50, 0x0, 0x24,
    0x1, 0x11, 0x0, 0xd, 0x40, 0x1b, 0x10, 0x34,
    0x80, 0x33, 0x71, 0xe0, 0x7, 0x8e, 0x5c, 0x3,
    0xda, 0x2, 0x1, 0x0,

    /* U+004E "N" */
    0xc4, 0x0, 0x86, 0x1b, 0xc0, 0x3d, 0xf0, 0x1,
    0xc8, 0x44, 0x0, 0xeb, 0x90, 0xe, 0x1d, 0x60,
    0xe, 0x6d, 0x20, 0xe, 0x98, 0x0, 0xe2, 0x30,

    /* U+004F "O" */
    0x0, 0x35, 0xd5, 0x20, 0x2, 0x6e, 0xba, 0xa6,
    0x48, 0x3, 0x60, 0x2, 0x43, 0x22, 0x80, 0x3b,
    0x1c, 0x78, 0x3, 0x88, 0xc7, 0xc0, 0x38, 0x4c,
    0x8c, 0x3, 0xbd, 0x3, 0x5c, 0x2, 0x43, 0x10,
    0x61, 0xba, 0xbc, 0x90,

    /* U+0050 "P" */
    0xca, 0xa5, 0xb0, 0x3d, 0x52, 0xfc, 0xc0, 0x36,
    0x30, 0x4, 0x3c, 0xee, 0xaa, 0x5c, 0x13, 0xd5,
    0x46, 0x1, 0xff, 0xc7,

    /* U+0051 "Q" */
    0x0, 0x35, 0xd5, 0x20, 0x2, 0x6e, 0xba, 0xa6,
    0x48, 0x3, 0x60, 0x2, 0x43, 0x22, 0x80, 0x3b,
    0x1c, 0x78, 0x3, 0x88, 0xc7, 0xc0, 0x38, 0x4c,
    0x8c, 0x3, 0xbd, 0xc3, 0x5c, 0x2, 0x43, 0x20,
    0x61, 0xba, 0xcc, 0x48, 0x4, 0xd7, 0x4b, 0xa0,
    0x1f, 0x4f, 0x18, 0x0,

    /* U+0052 "R" */
    0xca, 0xa5, 0xb8, 0x3d, 0x52, 0xf9, 0x0, 0x36,
    0x10, 0x6, 0xf7, 0x75, 0x53, 0x20, 0x5e, 0xa8,
    0xc6, 0x1, 0xa6, 0x0, 0x31, 0x98, 0x80, 0x34,
    0x40,

    /* U+0053 "S" */
    0x4, 0xba, 0xb6, 0x1f, 0xba, 0xb6, 0x23, 0x0,
    0xc6, 0x64, 0x0, 0xd6, 0x74, 0xc0, 0x13, 0xd1,
    0xc8, 0x6, 0x52, 0x0, 0xc4, 0x7, 0x75, 0x48,
    0x90,

    /* U+0054 "T" */
    0x9a, 0xbd, 0xaa, 0x1c, 0xd4, 0xad, 0x50, 0xc0,
    0x3f, 0xfc, 0xa0,

    /* U+0055 "U" */
    0xb0, 0xc, 0x50, 0x1, 0xff, 0xdc, 0x6e, 0xd6,
    0x0, 0xb9, 0xd8, 0x6a, 0xae, 0x10,

    /* U+0056 "V" */
    0xb0, 0xe, 0xbc, 0x40, 0x9, 0x31, 0x74, 0x2,
    0xe6, 0x22, 0x0, 0x42, 0x20, 0xd4, 0x5, 0xd0,
    0x3, 0xf0, 0x7b, 0x80, 0x4, 0x60, 0x10, 0xb,
    0x6f, 0xc0, 0x33, 0xa2, 0x80, 0x0,

    /* U+0057 "W" */
    0x92, 0x0, 0xe, 0x80, 0x4a, 0xd8, 0x80, 0x7,
    0x62, 0x0, 0x62, 0x23, 0x0, 0x1f, 0xe4, 0x0,
    0x11, 0x4, 0x40, 0x3, 0x4c, 0x1, 0x20, 0x1,
    0x10, 0xf4, 0x2, 0x4c, 0x0, 0x62, 0x24, 0x18,
    0x78, 0x80, 0x4, 0xfd, 0x30, 0x44, 0x10, 0x80,
    0x4, 0xcc, 0x0, 0x2d, 0x20, 0xc, 0x5e, 0x1,
    0x1e, 0x0, 0x0,

    /* U+0058 "X" */
    0x75, 0x0, 0xa8, 0x5f, 0x80, 0x9, 0x82, 0x11,
    0x0, 0xe6, 0x0, 0x18, 0xcc, 0x80, 0x36, 0xa1,
    0x80, 0x6e, 0x86, 0x0, 0x9f, 0x97, 0x4, 0x7,
    0x90, 0x22, 0x1, 0x70, 0x0, 0x21, 0x40,

    /* U+0059 "Y" */
    0xb1, 0x0, 0xa4, 0xa2, 0x40, 0x2, 0x64, 0x64,
    0x21, 0x10, 0x0, 0x4b, 0x8, 0x10, 0x0, 0xfa,
    0x2c, 0x3, 0x51, 0x90, 0x6, 0x13, 0x0, 0xff,
    0xe2, 0x80,

    /* U+005A "Z" */
    0x3a, 0xad, 0xc6, 0x6a, 0xaa, 0x10, 0xc0, 0x34,
    0xd8, 0x6, 0x6d, 0x10, 0x8, 0x75, 0x80, 0x35,
    0xc8, 0x6, 0x5d, 0x20, 0xd, 0xce, 0x1, 0xa1,
    0xae, 0xf2, 0x0,

    /* U+005B "[" */
    0xda, 0x57, 0xa5, 0x0, 0xff, 0xe6, 0xd, 0x28,

    /* U+005C "\\" */
    0xa0, 0xd, 0xea, 0x1, 0x2f, 0x80, 0x63, 0x10,
    0xb, 0x5c, 0x2, 0x4c, 0x0, 0xc4, 0x40, 0xa,
    0xd4, 0x2, 0x3d, 0x0,

    /* U+005D "]" */
    0x7a, 0xc7, 0xa6, 0x0, 0xff, 0xe6, 0x3d, 0x0,

    /* U+005E "^" */
    0x0, 0xe, 0x0, 0x73, 0x52, 0x80, 0x6e, 0x6c,
    0x0, 0x9a, 0x83, 0xcc, 0x1, 0x86, 0xd, 0x40,
    0x9e, 0x1, 0x71, 0x0,

    /* U+005F "_" */
    0x9, 0x9e, 0x0,

    /* U+0060 "`" */
    0x0, 0x8e, 0x40, 0xf1, 0x40,

    /* U+0061 "a" */
    0x7, 0xa9, 0xa0, 0x3, 0xd4, 0xea, 0x80, 0x64,
    0x20, 0x49, 0x98, 0xf, 0x66, 0x5c, 0xb, 0x80,
    0xc, 0x6, 0xf9, 0x96, 0x0,

    /* U+0062 "b" */
    0xb0, 0xf, 0xf8, 0x40, 0x3c, 0xf5, 0x45, 0x4,
    0x45, 0x53, 0xc4, 0x8c, 0x1, 0xce, 0xe0, 0x9,
    0xc5, 0xc0, 0x26, 0x12, 0x20, 0x3, 0x9d, 0xd5,
    0x57, 0x8,

    /* U+0063 "c" */
    0x2, 0xaa, 0x88, 0x3a, 0xea, 0x84, 0x68, 0x20,
    0x13, 0xf0, 0x6, 0x7e, 0x0, 0xc6, 0x61, 0x0,
    0xd3, 0x75, 0x42,

    /* U+0064 "d" */
    0x0, 0xe8, 0x20, 0xf, 0xfe, 0x19, 0xd5, 0x24,
    0x2, 0x8a, 0xa4, 0x30, 0x19, 0x80, 0x2, 0x80,
    0xfc, 0x1, 0x10, 0x38, 0x80, 0x44, 0x7, 0x80,
    0x1, 0x70, 0x4, 0x5d, 0x45, 0x0,

    /* U+0065 "e" */
    0x2, 0xaa, 0x84, 0x26, 0xea, 0x20, 0x66, 0x10,
    0x22, 0x3a, 0x4c, 0xc0, 0xd7, 0x33, 0x59, 0x60,
    0x7, 0x4d, 0x54, 0xc0,

    /* U+0066 "f" */
    0x2, 0xba, 0x20, 0xb9, 0xa2, 0x3, 0x20, 0x3,
    0x3c, 0xa8, 0x33, 0xca, 0x80, 0x7f, 0xf3, 0x80,

    /* U+0067 "g" */
    0x2, 0xaa, 0x4c, 0x10, 0x4d, 0x52, 0x58, 0xc,
    0xc0, 0x12, 0x3, 0xf0, 0x4, 0x40, 0xe2, 0x1,
    0x10, 0x1e, 0x0, 0x4e, 0x0, 0x8a, 0xa4, 0xa0,
    0x0, 0xea, 0x92, 0x6, 0x1, 0xc4, 0x21, 0x35,
    0x4b, 0x80,

    /* U+0068 "h" */
    0xa0, 0xf, 0xfe, 0x33, 0xd5, 0xb0, 0x22, 0x2a,
    0xf4, 0x8, 0xc0, 0x6, 0x4c, 0x1, 0xff, 0xcb,

    /* U+0069 "i" */
    0xb, 0xb, 0xa, 0x0, 0xff, 0xe0, 0x0,

    /* U+006A "j" */
    0x0, 0x58, 0x2, 0xc0, 0x14, 0x1, 0xff, 0xcc,
    0x6b, 0xe0,

    /* U+006B "k" */
    0xa0, 0xf, 0xfe, 0x2c, 0x20, 0x1, 0xb9, 0x0,
    0xfd, 0x80, 0x60, 0x40, 0xf, 0x62, 0x60, 0xc1,
    0x30, 0x1, 0xbe, 0x0,

    /* U+006C "l" */
    0xa0, 0xf, 0xe0,

    /* U+006D "m" */
    0x98, 0xab, 0x39, 0xab, 0x27, 0xaa, 0x4e, 0xc5,
    0x52, 0xd4, 0x80, 0x94, 0x40, 0x4c, 0x40, 0x21,
    0x0, 0xff, 0xe9, 0x80,

    /* U+006E "n" */
    0x97, 0xab, 0x60, 0x74, 0xab, 0xd0, 0x23, 0x0,
    0x19, 0x30, 0x7, 0xff, 0x2c,

    /* U+006F "o" */
    0x2, 0xaa, 0x8c, 0x1, 0x37, 0x54, 0x80, 0x23,
    0x10, 0x6, 0x23, 0x70, 0x4, 0x42, 0xfc, 0x1,
    0x10, 0x99, 0x84, 0x1, 0x88, 0x13, 0x75, 0x48,
    0x0,

    /* U+0070 "p" */
    0x97, 0xaa, 0x30, 0x22, 0x2a, 0x98, 0x42, 0x60,
    0xe, 0x47, 0x0, 0x9c, 0x5c, 0x2, 0x61, 0x23,
    0x0, 0x73, 0xa5, 0xd5, 0x38, 0x42, 0x2a, 0x8a,
    0x1, 0xff, 0xc1,

    /* U+0071 "q" */
    0x3, 0xaa, 0x4c, 0x10, 0x45, 0x52, 0x18, 0xf,
    0x0, 0x2, 0x80, 0xe2, 0x1, 0x18, 0x38, 0x80,
    0x46, 0x7, 0x80, 0x1, 0x40, 0x4, 0x55, 0x21,
    0xc0, 0x7, 0x54, 0x91, 0x0, 0xff, 0xe1, 0x80,

    /* U+0072 "r" */
    0x97, 0xb5, 0x44, 0x5a, 0x89, 0x80, 0x18, 0x3,
    0xff, 0x86,

    /* U+0073 "s" */
    0x9, 0x95, 0x40, 0x27, 0xcd, 0x40, 0x36, 0x8,
    0x4, 0x51, 0xa, 0x20, 0x1, 0x4d, 0xc8, 0x6,
    0x11, 0x2, 0x54, 0xd7, 0x80,

    /* U+0074 "t" */
    0x3, 0x0, 0xa8, 0x0, 0xc9, 0x2e, 0xcf, 0x2e,
    0x1, 0xff, 0xc1, 0x10, 0xb, 0x6d, 0xc0,

    /* U+0075 "u" */
    0xa, 0x0, 0xa4, 0x40, 0x3f, 0xf9, 0xc6, 0x0,
    0x10, 0x0, 0xa0, 0x3, 0xee, 0xa5, 0x80,

    /* U+0076 "v" */
    0xb0, 0x9, 0x1f, 0xc, 0x1, 0xac, 0xb4, 0x0,
    0x31, 0x23, 0x4, 0xc0, 0x6, 0x26, 0xb8, 0x1,
    0xf4, 0xc4, 0x0, 0x25, 0xe0, 0x0,

    /* U+0077 "w" */
    0xa0, 0xb, 0x80, 0x5, 0x1a, 0x80, 0xa8, 0x80,
    0x4c, 0x4c, 0xc, 0x8c, 0xc, 0x43, 0x20, 0x32,
    0x20, 0x7, 0x1e, 0x81, 0x19, 0x0, 0x32, 0x14,
    0x2e, 0x30, 0x0, 0x8c, 0x40, 0x6a, 0x80,

    /* U+0078 "x" */
    0x47, 0x0, 0x3a, 0x23, 0x88, 0x9c, 0x81, 0x11,
    0x80, 0x2, 0x66, 0x10, 0x1, 0x0, 0x8, 0x1,
    0x11, 0x48, 0x37, 0x88, 0xb9, 0xc0,

    /* U+0079 "y" */
    0xb0, 0x9, 0x1f, 0x10, 0x1, 0xac, 0xcd, 0x0,
    0x18, 0x88, 0xc1, 0x30, 0x1, 0xeb, 0xae, 0x0,
    0x5c, 0x31, 0x0, 0xde, 0x1, 0x8d, 0x40, 0x22,
    0x30, 0xa, 0x62, 0x0, 0x10,

    /* U+007A "z" */
    0x29, 0x9b, 0x80, 0xa6, 0x59, 0x0, 0x10, 0xf3,
    0x0, 0x51, 0x20, 0x12, 0x9, 0x0, 0x5f, 0x0,
    0x13, 0xba, 0x66, 0x0,

    /* U+007B "{" */
    0x0, 0x4c, 0x80, 0xc6, 0x41, 0xf8, 0x3, 0xc6,
    0x40, 0xf8, 0x80, 0xf8, 0xa0, 0x3, 0x30, 0x7,
    0x9b, 0xc0, 0x5, 0xf2,

    /* U+007C "|" */
    0x8, 0x0, 0xff, 0xe6, 0x0,

    /* U+007D "}" */
    0x6a, 0x10, 0x69, 0x90, 0x0, 0x84, 0x3, 0xc2,
    0x40, 0x16, 0x60, 0x1, 0x98, 0x1, 0x20, 0xf,
    0x2f, 0x2, 0xeb, 0x80,

    /* U+007E "~" */
    0x19, 0x92, 0x81, 0x15, 0x12, 0x15, 0x42,

    /* U+00A0 " " */

    /* U+00A1 "¡" */
    0xd, 0xf, 0x1, 0xb, 0x1, 0x3, 0x0, 0x84,
    0x1c, 0x3c,

    /* U+00A2 "¢" */
    0x5, 0xba, 0x64, 0xcb, 0xa6, 0xe9, 0x0, 0x84,
    0x3, 0xff, 0x85, 0xd0, 0x1, 0x2f, 0x65, 0xb0,
    0x35, 0x4b, 0x0,

    /* U+00A3 "£" */
    0x0, 0x35, 0x52, 0x40, 0x3, 0x95, 0x49, 0x0,
    0x16, 0x80, 0x7f, 0xc9, 0x37, 0x30, 0x0, 0x49,
    0xb9, 0x80, 0xc, 0x20, 0x1c, 0x8a, 0x1, 0x9a,
    0x62, 0xee, 0x30,

    /* U+00A4 "¤" */
    0x1, 0x0, 0x84, 0x1, 0x73, 0x34, 0x0, 0xe,
    0x65, 0x2, 0x0, 0x10, 0x0, 0x80, 0x42, 0x40,
    0x7e, 0x2, 0x15, 0x29, 0xc0, 0x33, 0x12, 0xf2,
    0x0,

    /* U+00A5 "¥" */
    0x83, 0x0, 0x99, 0x66, 0x0, 0x2d, 0x51, 0x34,
    0x6, 0xe0, 0x4, 0x78, 0x6a, 0x80, 0x59, 0x7c,
    0x1, 0x3f, 0x2e, 0x30, 0x6, 0x30, 0xc, 0xf2,
    0xf2, 0xc0, 0x1f, 0x80,

    /* U+00A6 "¦" */
    0x8, 0x0, 0xfb, 0xc1, 0xc0, 0x39, 0xc3, 0xc0,
    0x3c,

    /* U+00A7 "§" */
    0x6, 0x99, 0x50, 0x3, 0x26, 0x54, 0x1, 0x28,
    0x6, 0xcd, 0xa6, 0x0, 0x74, 0x57, 0x10, 0x18,
    0x87, 0x80, 0x26, 0x2b, 0xc8, 0xa, 0x6c, 0xc4,
    0x2, 0x13, 0x31, 0x54, 0xcb, 0xc8,

    /* U+00A8 "¨" */
    0x9, 0xa, 0x9, 0xa,

    /* U+00A9 "©" */
    0x0, 0x9e, 0x20, 0xc0, 0x18, 0x65, 0xa2, 0xf,
    0x22, 0x0, 0x99, 0x1c, 0xc9, 0x26, 0x0, 0xb4,
    0x26, 0x25, 0x43, 0xc9, 0xdc, 0x58, 0x20, 0x12,
    0x38, 0x7, 0xf9, 0xdc, 0x5a, 0x1, 0x91, 0xcb,
    0x42, 0x26, 0x48, 0x1e, 0x41, 0x52, 0x73, 0x25,
    0x98, 0x0, 0x14, 0xb4, 0x41, 0xe4, 0x40,

    /* U+00AA "ª" */
    0x16, 0x84, 0x50, 0xf3, 0x11, 0x80,

    /* U+00AB "«" */
    0x0, 0xf1, 0x38, 0xc8, 0x43, 0xdc, 0x3f, 0x21,
    0xb, 0xf2, 0x9, 0x4, 0x3c, 0xd8, 0x13, 0x84,
    0x80,

    /* U+00AC "¬" */
    0x3a, 0xad, 0x62, 0x75, 0x5b, 0x0, 0x3f, 0xf8,
    0x2a, 0x20,

    /* U+00AD "­" */
    0x5a, 0xa2, 0x0,

    /* U+00AE "®" */
    0x0, 0x9e, 0x20, 0xc0, 0x18, 0x65, 0xa2, 0xf,
    0x22, 0x0, 0x99, 0x3c, 0xc8, 0xe6, 0x0, 0xb4,
    0x3a, 0x26, 0xc3, 0xc9, 0xdc, 0x1, 0xe4, 0x70,
    0xd, 0x39, 0x0, 0x13, 0xb8, 0x1, 0x36, 0x40,
    0x8e, 0x5a, 0x1e, 0x2f, 0x41, 0xe4, 0x15, 0x2c,
    0x0, 0x89, 0x80, 0x1, 0x4b, 0x44, 0x1e, 0x44,
    0x0,

    /* U+00AF "¯" */
    0x9, 0x9f, 0x0,

    /* U+00B0 "°" */
    0x6, 0x87, 0x2, 0x18, 0x24, 0x0, 0xe2, 0x18,
    0x24,

    /* U+00B1 "±" */
    0x0, 0xa4, 0x3, 0xff, 0x8a, 0x73, 0x24, 0x99,
    0x11, 0xcc, 0x92, 0x64, 0x40, 0x1f, 0xe8, 0x0,
    0x8e, 0xa9, 0x75, 0x42,

    /* U+00B2 "²" */
    0x27, 0x82, 0x23, 0xc5, 0x0, 0x1a, 0xc1, 0x94,
    0xe3, 0x2d, 0x40,

    /* U+00B3 "³" */
    0x37, 0x82, 0x37, 0x8a, 0x6, 0xab, 0x6, 0xaa,
    0x2b, 0xc6, 0x0,

    /* U+00B4 "´" */
    0x6, 0x61, 0x8b, 0x0,

    /* U+00B5 "µ" */
    0xa0, 0xa, 0x8, 0x3, 0xff, 0x8c, 0x20, 0x10,
    0x83, 0x0, 0x48, 0xd, 0x54, 0x9a, 0x1, 0xaa,
    0x4b, 0x90, 0x7, 0xff, 0x0,

    /* U+00B6 "¶" */
    0x3, 0xdf, 0xb9, 0x60, 0xe2, 0xc, 0x80, 0x1,
    0x0, 0x7f, 0xf0, 0x48, 0x3, 0xdc, 0x64, 0x1,
    0x8f, 0x34, 0x3, 0xff, 0xae, 0x82, 0xa0,

    /* U+00B7 "·" */
    0x0, 0xb4, 0x30,

    /* U+00B8 "¸" */
    0x1, 0x2, 0x80, 0x2d, 0x47, 0xc4,

    /* U+00B9 "¹" */
    0x18, 0x93, 0x80, 0x20, 0xf, 0xc0,

    /* U+00BA "º" */
    0x38, 0x77, 0x5c, 0x3f, 0xdc, 0x3f, 0x0,

    /* U+00BB "»" */
    0x0, 0xe5, 0x51, 0x38, 0x2e, 0x0, 0x10, 0x2e,
    0x1e, 0x2, 0xe1, 0xe1, 0x74, 0x0, 0x8a, 0x84,
    0xe0,

    /* U+00BC "¼" */
    0x29, 0x70, 0xa, 0x40, 0x3, 0x60, 0x12, 0xe8,
    0x0, 0xc0, 0x36, 0x20, 0x7, 0x9a, 0x81, 0x80,
    0x3b, 0xcd, 0xf0, 0x0, 0x68, 0xf6, 0x42, 0x60,
    0x1, 0x2f, 0x2a, 0x60, 0xd, 0x32, 0x22, 0x42,
    0xa0, 0xf, 0x89, 0x54, 0x2a, 0x0,

    /* U+00BD "½" */
    0x4, 0x30, 0x9, 0x40, 0xd, 0x8a, 0x0, 0x33,
    0x0, 0x1a, 0xc0, 0x2a, 0x60, 0xf, 0x26, 0x0,
    0x7d, 0xaf, 0x10, 0x20, 0x9, 0x34, 0xe2, 0x16,
    0x6, 0xda, 0x82, 0x7, 0xe0, 0x5, 0xd0, 0x0,
    0xdb, 0x0, 0x31, 0x0, 0x62, 0x0, 0x4, 0xa0,
    0x3, 0x4, 0xb0,

    /* U+00BE "¾" */
    0x38, 0x80, 0x80, 0x4a, 0x0, 0x18, 0x99, 0x0,
    0x1d, 0xc0, 0x2, 0x3, 0xf0, 0x7, 0x10, 0x5,
    0x1c, 0xa0, 0xf6, 0x1, 0xa3, 0x2c, 0x38, 0x90,
    0x80, 0x40, 0x27, 0xb0, 0x87, 0x7, 0x88, 0x5f,
    0x93, 0xd0, 0x1, 0xa2, 0xb, 0x44, 0x24, 0x1,
    0xde, 0x4b, 0xdc, 0xf1, 0x0, 0x3d, 0x3, 0xc7,
    0x78, 0x80,

    /* U+00BF "¿" */
    0x0, 0x2b, 0x80, 0x4a, 0xc0, 0x10, 0x98, 0x4,
    0xae, 0x1, 0x72, 0x0, 0x2a, 0x44, 0x1b, 0xcc,
    0x1, 0xe8, 0x1, 0x7b, 0x80, 0x9, 0xba, 0xa8,
    0xe0,

    /* U+00C0 "À" */
    0x0, 0xff, 0x24, 0x0, 0x79, 0x39, 0x0, 0x3c,
    0xc8, 0x1, 0xec, 0x30, 0xe, 0x34, 0xb0, 0xe,
    0xb9, 0x20, 0xe, 0x21, 0xc4, 0x0, 0x97, 0xc1,
    0xf4, 0x2, 0xfe, 0xba, 0x40, 0x0, 0x9d, 0xdd,
    0xc, 0xd, 0xa0, 0x12, 0xe8, 0x62, 0x0, 0x62,
    0x10,

    /* U+00C1 "Á" */
    0x0, 0xca, 0x20, 0x1c, 0x3e, 0x20, 0x1d, 0x16,
    0x1, 0xe9, 0x10, 0xf, 0x61, 0x80, 0x71, 0xa5,
    0x80, 0x75, 0xc9, 0x0, 0x71, 0xe, 0x20, 0x4,
    0xbe, 0xf, 0xa0, 0x17, 0xf5, 0xd2, 0x0, 0x4,
    0xee, 0xe8, 0x60, 0x6d, 0x0, 0x97, 0x43, 0x10,
    0x3, 0x10, 0x80,

    /* U+00C2 "Â" */
    0x0, 0xe, 0xa0, 0x7, 0x46, 0x60, 0x80, 0x34,
    0x8c, 0x10, 0x7, 0x61, 0x80, 0x71, 0xa5, 0x80,
    0x75, 0xc9, 0x0, 0x71, 0xe, 0x20, 0x4, 0xbe,
    0xf, 0xa0, 0x17, 0xf5, 0xd2, 0x0, 0x4, 0xee,
    0xe8, 0x60, 0x6d, 0x0, 0x97, 0x43, 0x10, 0x3,
    0x10, 0x80,

    /* U+00C3 "Ã" */
    0x0, 0x4b, 0x2, 0x80, 0x49, 0x5, 0x4c, 0x1,
    0x20, 0xa5, 0x18, 0x7, 0x61, 0x80, 0x71, 0xa5,
    0x80, 0x75, 0xc9, 0x0, 0x71, 0xe, 0x20, 0x4,
    0xbe, 0xf, 0xa0, 0x17, 0xf5, 0xd2, 0x0, 0x4,
    0xee, 0xe8, 0x60, 0x6d, 0x0, 0x97, 0x43, 0x10,
    0x3, 0x10, 0x80,

    /* U+00C4 "Ä" */
    0x0, 0x50, 0x40, 0x80, 0x6a, 0x8, 0x10, 0xf,
    0xfe, 0xe, 0x18, 0x7, 0x1a, 0x58, 0x7, 0x5c,
    0x90, 0x7, 0x10, 0xe2, 0x0, 0x4b, 0xe0, 0xfa,
    0x1, 0x7f, 0x5d, 0x20, 0x0, 0x4e, 0xee, 0x86,
    0x6, 0xd0, 0x9, 0x74, 0x31, 0x0, 0x31, 0x8,

    /* U+00C5 "Å" */
    0x0, 0xc, 0x20, 0x7, 0x34, 0x60, 0x7, 0x84,
    0x3, 0xcf, 0xda, 0x1, 0xc6, 0xda, 0x1, 0xd7,
    0x4, 0x1, 0xc4, 0x38, 0x80, 0x12, 0xf8, 0x3f,
    0x0, 0x5f, 0xd7, 0x4e, 0x0, 0x13, 0xbb, 0xa1,
    0x81, 0xb4, 0x2, 0x5d, 0xc, 0x40, 0xc, 0x42,

    /* U+00C6 "Æ" */
    0x0, 0xcb, 0x9b, 0x55, 0x20, 0x6, 0xee, 0x25,
    0x54, 0x80, 0x11, 0xe1, 0x80, 0x7e, 0xa6, 0x0,
    0xfc, 0x20, 0x20, 0x95, 0x50, 0x80, 0x24, 0xaa,
    0x89, 0x55, 0x8, 0x0, 0xee, 0xa8, 0x1, 0xe5,
    0xe0, 0xf, 0xee, 0x50, 0x9, 0x2a, 0xa4,

    /* U+00C7 "Ç" */
    0x0, 0x25, 0xd5, 0x40, 0x5, 0xeb, 0xaa, 0x80,
    0x13, 0x40, 0x1c, 0x4a, 0x1, 0xe1, 0xe0, 0xf,
    0xf, 0x0, 0x78, 0x94, 0x3, 0xea, 0x80, 0xf,
    0x37, 0x5d, 0xaa, 0x0, 0x26, 0xa2, 0xa8, 0x0,
    0xc3, 0xac, 0x1, 0xcd, 0xa8, 0x0,

    /* U+00C8 "È" */
    0x0, 0xf2, 0x40, 0x4, 0x9c, 0x80, 0x13, 0x20,
    0x65, 0x55, 0x2f, 0x55, 0x48, 0x7, 0xf9, 0xea,
    0xa7, 0x75, 0x54, 0xe0, 0x1f, 0xe7, 0xaa, 0xa4,

    /* U+00C9 "É" */
    0x0, 0x94, 0x40, 0x3, 0xe2, 0x0, 0x9b, 0x0,
    0xa0, 0x43, 0x2a, 0xa9, 0x7a, 0xaa, 0x40, 0x3f,
    0xcf, 0x55, 0x3b, 0xaa, 0xa7, 0x0, 0xff, 0x3d,
    0x55, 0x20,

    /* U+00CA "Ê" */
    0x1, 0xc5, 0x0, 0x46, 0xe8, 0x82, 0x46, 0xb,
    0x2a, 0xa9, 0x7a, 0xaa, 0x40, 0x3f, 0xcf, 0x55,
    0x3b, 0xaa, 0xa7, 0x0, 0xff, 0x3d, 0x55, 0x20,

    /* U+00CB "Ë" */
    0x9, 0x7, 0x20, 0x90, 0x72, 0x0, 0xec, 0xaa,
    0xa5, 0xea, 0xa9, 0x0, 0xff, 0x3d, 0x54, 0xee,
    0xaa, 0x9c, 0x3, 0xfc, 0xf5, 0x54, 0x80,

    /* U+00CC "Ì" */
    0x0, 0xc5, 0x40, 0x2, 0x96, 0x0, 0x1b, 0x1,
    0xe5, 0x1, 0xdc, 0x80, 0x7f, 0xf3, 0x4e, 0xe4,
    0x0,

    /* U+00CD "Í" */
    0x0, 0x19, 0x80, 0x10, 0x40, 0xd0, 0x20, 0xc6,
    0x7, 0x94, 0x7, 0x72, 0x1, 0xff, 0xcd, 0x3b,
    0x90,

    /* U+00CE "Î" */
    0xa, 0x80, 0x78, 0xd4, 0x72, 0x54, 0x3c, 0xa0,
    0x3b, 0x90, 0xf, 0xfe, 0x69, 0xdc, 0x80,

    /* U+00CF "Ï" */
    0x81, 0x45, 0x81, 0x45, 0x0, 0xc7, 0x94, 0x7,
    0x72, 0x1, 0xff, 0xcd, 0x3b, 0x90,

    /* U+00D0 "Ð" */
    0xb, 0xab, 0xb5, 0x8, 0x5, 0x57, 0x69, 0xd1,
    0x0, 0xe3, 0x96, 0x0, 0xf2, 0x63, 0xad, 0x50,
    0x80, 0x41, 0xd6, 0xa8, 0x40, 0x22, 0x0, 0xf3,
    0xe0, 0x7, 0x25, 0x30, 0x2, 0xa9, 0x7b, 0xa0,

    /* U+00D1 "Ñ" */
    0x3, 0xa4, 0x14, 0x0, 0x2d, 0x14, 0x28, 0x1,
    0x81, 0xa4, 0x43, 0x10, 0x2, 0x18, 0x6f, 0x0,
    0xf7, 0xc0, 0x7, 0x21, 0x10, 0x3, 0xae, 0x40,
    0x38, 0x75, 0x80, 0x39, 0xb4, 0x80, 0x3a, 0x60,
    0x3, 0x88, 0xc0,

    /* U+00D2 "Ò" */
    0x0, 0x90, 0x80, 0x3e, 0x58, 0x0, 0xf8, 0x6c,
    0xc0, 0x3e, 0x13, 0x0, 0xe6, 0xba, 0xa4, 0x0,
    0x4d, 0xd7, 0x54, 0xc9, 0x0, 0x6c, 0x0, 0x48,
    0x64, 0x50, 0x7, 0x63, 0x8f, 0x0, 0x71, 0x18,
    0xf8, 0x7, 0x9, 0x91, 0x80, 0x77, 0xa0, 0x6b,
    0x80, 0x48, 0x62, 0xc, 0x37, 0x57, 0x92, 0x0,

    /* U+00D3 "Ó" */
    0x0, 0xe5, 0x10, 0xf, 0x26, 0x88, 0x7, 0xd0,
    0x1, 0xf2, 0x0, 0x79, 0xae, 0xa9, 0x0, 0x13,
    0x75, 0xd5, 0x32, 0x40, 0x1b, 0x0, 0x12, 0x19,
    0x14, 0x1, 0xd8, 0xe3, 0xc0, 0x1c, 0x46, 0x3e,
    0x1, 0xc2, 0x64, 0x60, 0x1d, 0xe8, 0x1a, 0xe0,
    0x12, 0x18, 0x83, 0xd, 0xd5, 0xe4, 0x80,

    /* U+00D4 "Ô" */
    0x0, 0xcc, 0x1, 0xf3, 0xc, 0x80, 0x78, 0x9e,
    0xc8, 0x3, 0x90, 0x8, 0x80, 0x19, 0xae, 0xa9,
    0x0, 0x13, 0x75, 0xd5, 0x32, 0x40, 0x1b, 0x0,
    0x12, 0x19, 0x14, 0x1, 0xd8, 0xe3, 0xc0, 0x1c,
    0x46, 0x3e, 0x1, 0xc2, 0x64, 0x60, 0x1d, 0xe8,
    0x1a, 0xe0, 0x12, 0x18, 0x83, 0xd, 0xd5, 0xe4,
    0x80,

    /* U+00D5 "Õ" */
    0x0, 0xc, 0xb0, 0x30, 0x6, 0x58, 0x2a, 0x50,
    0xc, 0x82, 0x94, 0x60, 0x19, 0xae, 0xa9, 0x0,
    0x13, 0x75, 0xd5, 0x32, 0x40, 0x1b, 0x0, 0x12,
    0x19, 0x14, 0x1, 0xd8, 0xe3, 0xc0, 0x1c, 0x46,
    0x3e, 0x1, 0xc2, 0x64, 0x60, 0x1d, 0xe8, 0x1a,
    0xe0, 0x12, 0x18, 0x83, 0xd, 0xd5, 0xe4, 0x80,

    /* U+00D6 "Ö" */
    0x0, 0xa8, 0x20, 0x40, 0x3a, 0x82, 0x4, 0x3,
    0xff, 0x82, 0xd7, 0x54, 0x80, 0x9, 0xba, 0xea,
    0x99, 0x20, 0xd, 0x80, 0x9, 0xc, 0x8a, 0x0,
    0xec, 0x71, 0xe0, 0xe, 0x23, 0x1f, 0x0, 0xe1,
    0x32, 0x30, 0xe, 0xf4, 0xd, 0x70, 0x9, 0xc,
    0x41, 0x86, 0xea, 0xf2, 0x40,

    /* U+00D7 "×" */
    0x1, 0x0, 0x88, 0x1, 0x64, 0x7, 0x60, 0xa,
    0x84, 0xa9, 0x0, 0xa6, 0xe0, 0x2, 0x19, 0xdb,
    0x0, 0xae, 0xc5, 0x14, 0x0, 0xa1, 0x2, 0xa0,

    /* U+00D8 "Ø" */
    0x0, 0xff, 0x9a, 0xea, 0x91, 0x40, 0x6, 0xeb,
    0xaa, 0x18, 0x5, 0xb0, 0x0, 0x6e, 0x2, 0x28,
    0x0, 0x5e, 0xb8, 0xe3, 0xc0, 0x8, 0x90, 0x23,
    0x1e, 0x8, 0x90, 0x0, 0x99, 0x2a, 0x79, 0x80,
    0x3d, 0x2, 0xe5, 0xc0, 0x8, 0x62, 0x1d, 0x76,
    0xab, 0xc9, 0x0, 0x4b, 0x5d, 0x5c, 0x0, 0x0,

    /* U+00D9 "Ù" */
    0x0, 0x38, 0x7, 0x92, 0x0, 0x38, 0xec, 0x40,
    0x38, 0xc4, 0x1, 0x60, 0x18, 0xa0, 0x3, 0xff,
    0xb8, 0xdd, 0xac, 0x1, 0x73, 0xb0, 0xd5, 0x5c,
    0x20,

    /* U+00DA "Ú" */
    0x0, 0xcc, 0x1, 0xce, 0x40, 0x18, 0x51, 0x0,
    0x18, 0x4c, 0x2, 0xb0, 0xc, 0x50, 0x1, 0xff,
    0xdc, 0x6e, 0xd6, 0x0, 0xb9, 0xd8, 0x6a, 0xae,
    0x10,

    /* U+00DB "Û" */
    0x0, 0xb, 0x0, 0x74, 0xa, 0x80, 0x45, 0x6e,
    0x20, 0x11, 0x10, 0x10, 0x1, 0x60, 0x18, 0xa0,
    0x3, 0xff, 0xb8, 0xdd, 0xac, 0x1, 0x73, 0xb0,
    0xd5, 0x5c, 0x20,

    /* U+00DC "Ü" */
    0x1, 0x80, 0x90, 0x8, 0x60, 0x24, 0x3, 0xfa,
    0xc0, 0x31, 0x40, 0x7, 0xff, 0x71, 0xbb, 0x58,
    0x2, 0xe7, 0x61, 0xaa, 0xb8, 0x40,

    /* U+00DD "Ý" */
    0x0, 0xcc, 0x1, 0xce, 0x40, 0x18, 0xbd, 0x0,
    0x31, 0x40, 0x5, 0x62, 0x1, 0x49, 0x44, 0x80,
    0x4, 0xc8, 0xc8, 0x42, 0x20, 0x0, 0x96, 0x10,
    0x20, 0x1, 0xf4, 0x58, 0x6, 0xa3, 0x20, 0xc,
    0x26, 0x1, 0xff, 0xc5,

    /* U+00DE "Þ" */
    0xb0, 0xe, 0x7a, 0xa8, 0xc1, 0xea, 0x97, 0x2,
    0x1, 0xf, 0x20, 0x7, 0xf0, 0xf2, 0x3d, 0x52,
    0x24, 0x5e, 0xa9, 0x24, 0x1, 0xf0,

    /* U+00DF "ß" */
    0x2a, 0xa5, 0x98, 0x4d, 0xd5, 0xc8, 0x8, 0x80,
    0xc8, 0x4, 0xa, 0x60, 0x2, 0xa9, 0x0, 0xd7,
    0x22, 0x1, 0x1c, 0x50, 0x80, 0x45, 0xec, 0x1,
    0xf1, 0x54, 0xf3, 0x0,

    /* U+00E0 "à" */
    0x0, 0xfd, 0x44, 0x1, 0xaa, 0xc0, 0x3a, 0x40,
    0x27, 0xa9, 0xa0, 0x3, 0xd4, 0xea, 0x80, 0x64,
    0x20, 0x49, 0x98, 0xf, 0x66, 0x5c, 0xb, 0x80,
    0xc, 0x6, 0xf9, 0x96, 0x0,

    /* U+00E1 "á" */
    0x0, 0x92, 0x40, 0x21, 0xd9, 0x0, 0x86, 0x40,
    0x27, 0xa9, 0xa0, 0x3, 0xd4, 0xea, 0x80, 0x64,
    0x20, 0x49, 0x98, 0xf, 0x66, 0x5c, 0xb, 0x80,
    0xc, 0x6, 0xf9, 0x96, 0x0,

    /* U+00E2 "â" */
    0x0, 0x36, 0x0, 0x44, 0x3d, 0x0, 0x3, 0x72,
    0x90, 0x3, 0x54, 0xd8, 0x1, 0xea, 0x75, 0x40,
    0x32, 0x10, 0x24, 0xcc, 0x7, 0xb3, 0x2e, 0x5,
    0xc0, 0x6, 0x3, 0x7c, 0xcb, 0x0,

    /* U+00E3 "ã" */
    0x5, 0x99, 0x84, 0x16, 0x66, 0x10, 0x7a, 0x9a,
    0x0, 0x3d, 0x4e, 0xa8, 0x6, 0x42, 0x4, 0x99,
    0x80, 0xf6, 0x65, 0xc0, 0xb8, 0x0, 0xc0, 0x6f,
    0x99, 0x60, 0x0,

    /* U+00E4 "ä" */
    0x3, 0x70, 0xa0, 0x1, 0xb8, 0x50, 0x1, 0xea,
    0x68, 0x0, 0xf5, 0x3a, 0xa0, 0x19, 0x8, 0x12,
    0x66, 0x3, 0xd9, 0x97, 0x2, 0xe0, 0x3, 0x1,
    0xbe, 0x65, 0x80,

    /* U+00E5 "å" */
    0x0, 0x34, 0x8, 0x5, 0xd2, 0xe0, 0x17, 0x4b,
    0x80, 0x4d, 0x2, 0x0, 0x7a, 0x9a, 0x0, 0x3d,
    0x4e, 0xa8, 0x6, 0x42, 0x4, 0x99, 0x80, 0xf6,
    0x65, 0xc0, 0xb8, 0x0, 0xc0, 0x6f, 0x99, 0x60,
    0x0,

    /* U+00E6 "æ" */
    0x7, 0xaa, 0x39, 0x55, 0x20, 0x0, 0xf5, 0x4e,
    0x8a, 0xa7, 0xa0, 0x6, 0xfd, 0x0, 0x2e, 0x2,
    0xcc, 0xb7, 0x26, 0x57, 0xe9, 0x93, 0x2d, 0xd4,
    0xcc, 0xe5, 0x80, 0xf, 0xd0, 0xc, 0xdf, 0x55,
    0x7d, 0xd5, 0xc,

    /* U+00E7 "ç" */
    0x2, 0xaa, 0x88, 0x3a, 0xea, 0x84, 0x68, 0x20,
    0x13, 0xf0, 0x6, 0x7e, 0x0, 0xc6, 0x61, 0x0,
    0xd3, 0x76, 0xa2, 0x2, 0xb2, 0xa2, 0x0, 0xe,
    0x28, 0x4, 0xd8, 0xe0,

    /* U+00E8 "è" */
    0x0, 0x8, 0x7, 0x41, 0x80, 0x69, 0xa1, 0x0,
    0xd2, 0x20, 0x2, 0xaa, 0x84, 0x26, 0xea, 0x20,
    0x66, 0x10, 0x22, 0x3a, 0x4c, 0xc0, 0xd7, 0x33,
    0x59, 0x60, 0x7, 0x4d, 0x54, 0xc0,

    /* U+00E9 "é" */
    0x0, 0x8a, 0x80, 0x35, 0xd0, 0x6, 0x90, 0x8,
    0xaa, 0xa1, 0x9, 0xba, 0x88, 0x19, 0x84, 0x8,
    0x8e, 0x93, 0x30, 0x35, 0xcc, 0xd6, 0x58, 0x1,
    0xd3, 0x55, 0x30,

    /* U+00EA "ê" */
    0x0, 0x26, 0x80, 0x43, 0x98, 0x90, 0x0, 0xc0,
    0xc0, 0x0, 0xaa, 0x96, 0x21, 0x37, 0x51, 0x3,
    0x30, 0x81, 0x11, 0xd2, 0x66, 0x6, 0xb9, 0x9a,
    0xcb, 0x0, 0x3a, 0x6a, 0xa6,

    /* U+00EB "ë" */
    0x1, 0x80, 0xa0, 0x0, 0xc0, 0x50, 0x0, 0xaa,
    0xa1, 0x9, 0xba, 0x88, 0x19, 0x84, 0x8, 0x8e,
    0x93, 0x30, 0x35, 0xcc, 0xd6, 0x58, 0x1, 0xd3,
    0x55, 0x30,

    /* U+00EC "ì" */
    0x10, 0x4, 0xa0, 0x46, 0x8, 0x40, 0x85, 0x0,
    0x7f, 0xf1, 0xc0,

    /* U+00ED "í" */
    0x2, 0xa0, 0x5, 0xd0, 0x2, 0x40, 0x2a, 0x0,
    0xff, 0xe7, 0x0,

    /* U+00EE "î" */
    0x4, 0xd1, 0x1, 0xcc, 0x40, 0xc, 0xc, 0x80,
    0x54, 0x1, 0xff, 0xd4,

    /* U+00EF "ï" */
    0x9, 0xa, 0x9, 0xa, 0x0, 0x50, 0x7, 0xff,
    0x34,

    /* U+00F0 "ð" */
    0x0, 0x20, 0x9, 0x80, 0x4d, 0x96, 0x40, 0x15,
    0x48, 0x80, 0x68, 0x59, 0x80, 0x1, 0x4d, 0x51,
    0x40, 0x13, 0x15, 0x22, 0x69, 0x82, 0x3, 0x4e,
    0x2, 0x1, 0x7b, 0x2e, 0x80, 0x46, 0x43, 0xf5,
    0x54, 0x80,

    /* U+00F1 "ñ" */
    0x29, 0x99, 0x0, 0xa6, 0x64, 0x9, 0x7a, 0xb6,
    0x7, 0x4a, 0xbd, 0x2, 0x30, 0x1, 0x93, 0x0,
    0x7f, 0xf2, 0xc0,

    /* U+00F2 "ò" */
    0x0, 0xfe, 0x66, 0x0, 0x73, 0x9, 0x80, 0x73,
    0x98, 0x4, 0x55, 0x51, 0x80, 0x26, 0xea, 0x90,
    0x4, 0x62, 0x0, 0xc4, 0x6e, 0x0, 0x88, 0x5f,
    0x80, 0x22, 0x13, 0x30, 0x80, 0x31, 0x2, 0x6e,
    0xa9, 0x0,

    /* U+00F3 "ó" */
    0x0, 0xd6, 0x1, 0xd1, 0x20, 0x1d, 0x24, 0x1,
    0x15, 0x5d, 0x18, 0x2, 0x6e, 0xa9, 0x0, 0x46,
    0x20, 0xc, 0x46, 0xe0, 0x8, 0x85, 0xf8, 0x2,
    0x21, 0x33, 0x8, 0x3, 0x10, 0x26, 0xea, 0x90,
    0x0,

    /* U+00F4 "ô" */
    0x0, 0x16, 0x98, 0x6, 0xbc, 0xa0, 0xd, 0x23,
    0x20, 0x11, 0x55, 0x46, 0x0, 0x9b, 0xaa, 0x40,
    0x11, 0x88, 0x3, 0x11, 0xb8, 0x2, 0x21, 0x7e,
    0x0, 0x88, 0x4c, 0xc2, 0x0, 0xc4, 0x9, 0xba,
    0xa4, 0x0,

    /* U+00F5 "õ" */
    0x3, 0x99, 0x90, 0x0, 0x73, 0x32, 0x0, 0xa,
    0xaa, 0x30, 0x4, 0xdd, 0x52, 0x0, 0x8c, 0x40,
    0x18, 0x8d, 0xc0, 0x11, 0xb, 0xf0, 0x4, 0x42,
    0x66, 0x10, 0x6, 0x20, 0x4d, 0xd5, 0x20, 0x0,

    /* U+00F6 "ö" */
    0x0, 0x50, 0x48, 0x6, 0xa0, 0x90, 0x8, 0xaa,
    0xa3, 0x0, 0x4d, 0xd5, 0x20, 0x8, 0xc4, 0x1,
    0x88, 0xdc, 0x1, 0x10, 0xbf, 0x0, 0x44, 0x26,
    0x61, 0x0, 0x62, 0x4, 0xdd, 0x52, 0x0,

    /* U+00F7 "÷" */
    0x0, 0xb0, 0x3, 0xda, 0x1, 0xe1, 0x0, 0x8e,
    0xab, 0x88, 0xea, 0xb8, 0x80, 0x2c, 0x0, 0xf6,
    0x80, 0x40,

    /* U+00F8 "ø" */
    0x0, 0xfc, 0x55, 0x58, 0x42, 0x6e, 0xb1, 0x84,
    0x8c, 0x4b, 0xad, 0x1b, 0x82, 0x20, 0x42, 0xdd,
    0x10, 0x2, 0x12, 0x4f, 0x20, 0xc4, 0x16, 0xda,
    0xa4, 0x0, 0xd5, 0x63, 0x0,

    /* U+00F9 "ù" */
    0x0, 0xfe, 0x57, 0x0, 0xe5, 0x3, 0x0, 0xe7,
    0x30, 0xa, 0x80, 0x29, 0x10, 0xf, 0xfe, 0x71,
    0x80, 0x4, 0x0, 0x28, 0x0, 0xfb, 0xa9, 0x60,

    /* U+00FA "ú" */
    0x0, 0xd6, 0x1, 0xd1, 0x20, 0x1d, 0x4, 0x1,
    0x50, 0x5, 0x22, 0x1, 0xff, 0xce, 0x30, 0x0,
    0x80, 0x5, 0x0, 0x1f, 0x75, 0x2c, 0x0,

    /* U+00FB "û" */
    0x0, 0xe, 0x98, 0x6, 0x8c, 0xa1, 0x0, 0xa4,
    0x64, 0x40, 0x14, 0x1, 0x48, 0x80, 0x7f, 0xf3,
    0x8c, 0x0, 0x20, 0x1, 0x40, 0x7, 0xdd, 0x4b,
    0x0,

    /* U+00FC "ü" */
    0x0, 0x50, 0x48, 0x80, 0x54, 0x12, 0x20, 0xa,
    0x0, 0xa4, 0x40, 0x3f, 0xf9, 0xc6, 0x0, 0x10,
    0x0, 0xa0, 0x3, 0xee, 0xa5, 0x80,

    /* U+00FD "ý" */
    0x0, 0xa8, 0x80, 0x25, 0xe2, 0x0, 0x95, 0x0,
    0x16, 0x1, 0x23, 0xe2, 0x0, 0x35, 0x99, 0xa0,
    0x3, 0x11, 0x18, 0x26, 0x0, 0x3d, 0x75, 0xc0,
    0xb, 0x86, 0x20, 0x1b, 0xc0, 0x31, 0xa8, 0x4,
    0x46, 0x1, 0x4c, 0x40, 0x2,

    /* U+00FE "þ" */
    0xa0, 0xf, 0xfe, 0x33, 0xd5, 0x14, 0x11, 0x15,
    0x4f, 0x22, 0x18, 0x3, 0x91, 0xc0, 0x27, 0x17,
    0x0, 0x98, 0x48, 0xc0, 0x1e, 0xe9, 0x75, 0x4f,
    0x10, 0x8a, 0xa2, 0x80, 0x7f, 0xf0, 0x40,

    /* U+00FF "ÿ" */
    0x9, 0x16, 0x40, 0x4, 0x8b, 0x20, 0x58, 0x4,
    0x8f, 0x88, 0x0, 0xd6, 0x66, 0x80, 0xc, 0x44,
    0x60, 0x98, 0x0, 0xf5, 0xd7, 0x0, 0x2e, 0x18,
    0x80, 0x6f, 0x0, 0xc6, 0xa0, 0x11, 0x18, 0x5,
    0x31, 0x0, 0x8,

    /* U+0100 "Ā" */
    0x0, 0x55, 0x44, 0x1, 0xaa, 0xa2, 0x0, 0xec,
    0x30, 0xe, 0x34, 0xb0, 0xe, 0xb9, 0x20, 0xe,
    0x21, 0xc4, 0x0, 0x97, 0xc1, 0xf4, 0x2, 0xfe,
    0xba, 0x40, 0x0, 0x9d, 0xdd, 0xc, 0xd, 0xa0,
    0x12, 0xe8, 0x62, 0x0, 0x62, 0x10,

    /* U+0101 "ā" */
    0x4, 0x99, 0x40, 0x1, 0x26, 0x50, 0x0, 0x7a,
    0x9a, 0x0, 0x3d, 0x4e, 0xa8, 0x6, 0x42, 0x4,
    0x99, 0x80, 0xf6, 0x65, 0xc0, 0xb8, 0x0, 0xc0,
    0x6f, 0x99, 0x60, 0x0,

    /* U+0102 "Ă" */
    0x0, 0x40, 0x29, 0x80, 0x6d, 0x92, 0x30, 0xc,
    0xb2, 0xe0, 0x1e, 0xc3, 0x0, 0xe3, 0x4b, 0x0,
    0xeb, 0x92, 0x0, 0xe2, 0x1c, 0x40, 0x9, 0x7c,
    0x1f, 0x40, 0x2f, 0xeb, 0xa4, 0x0, 0x9, 0xdd,
    0xd0, 0xc0, 0xda, 0x1, 0x2e, 0x86, 0x20, 0x6,
    0x21,

    /* U+0103 "ă" */
    0x2, 0x99, 0x30, 0x0, 0xa6, 0x4c, 0x0, 0x7a,
    0x9a, 0x0, 0x3d, 0x4e, 0xa8, 0x6, 0x42, 0x4,
    0x99, 0x80, 0xf6, 0x65, 0xc0, 0xb8, 0x0, 0xc0,
    0x6f, 0x99, 0x60, 0x0,

    /* U+0104 "Ą" */
    0x0, 0xb0, 0xc0, 0x38, 0xd2, 0xc0, 0x3a, 0xe4,
    0x80, 0x38, 0x87, 0x10, 0x2, 0x5f, 0x7, 0xd0,
    0xb, 0xfa, 0xe9, 0x0, 0x2, 0x77, 0x74, 0x30,
    0x36, 0x80, 0x4b, 0xa1, 0x88, 0x1, 0x84, 0x56,
    0x1, 0x84, 0x84, 0x3, 0x9e, 0x80, 0x3c, 0x50,
    0x40,

    /* U+0105 "ą" */
    0x7, 0xa9, 0xa0, 0x3, 0xd4, 0xea, 0x80, 0x64,
    0x20, 0x49, 0x98, 0xf, 0x66, 0x5c, 0xb, 0x80,
    0xc, 0x6, 0xf9, 0x96, 0x78, 0x54, 0xc8, 0xe8,
    0x3, 0x71, 0x0, 0x63, 0x60,

    /* U+0106 "Ć" */
    0x0, 0xe5, 0x0, 0xf2, 0x10, 0x7, 0xce, 0x1,
    0xe4, 0x0, 0xe4, 0xba, 0xa8, 0x0, 0xbd, 0x75,
    0x50, 0x2, 0x68, 0x3, 0x89, 0x40, 0x3c, 0x3c,
    0x1, 0xe1, 0xe0, 0xf, 0x12, 0x80, 0x7d, 0x50,
    0x1, 0xe6, 0xeb, 0xaa, 0x40, 0x0,

    /* U+0107 "ć" */
    0x0, 0xd6, 0x1, 0xa2, 0x40, 0x34, 0x90, 0x0,
    0xaa, 0xe8, 0x83, 0xae, 0xa8, 0x46, 0x82, 0x1,
    0x3f, 0x0, 0x67, 0xe0, 0xc, 0x66, 0x10, 0xd,
    0x37, 0x54, 0x20,

    /* U+0108 "Ĉ" */
    0x0, 0xce, 0x1, 0xe6, 0x9, 0x0, 0xe2, 0x7a,
    0x10, 0xc, 0x80, 0x62, 0x1, 0x25, 0xd5, 0x40,
    0x5, 0xeb, 0xaa, 0x80, 0x13, 0x40, 0x1c, 0x4a,
    0x1, 0xe1, 0xe0, 0xf, 0xf, 0x0, 0x78, 0x94,
    0x3, 0xea, 0x80, 0xf, 0x37, 0x5d, 0x52, 0x0,

    /* U+0109 "ĉ" */
    0x0, 0x16, 0x98, 0x5, 0x79, 0x40, 0x14, 0x8c,
    0x80, 0xa, 0xaa, 0x20, 0xeb, 0xaa, 0x11, 0xa0,
    0x80, 0x4f, 0xc0, 0x19, 0xf8, 0x3, 0x19, 0x84,
    0x3, 0x4d, 0xd5, 0x8,

    /* U+010A "Ċ" */
    0x0, 0xd6, 0x1, 0xf5, 0x80, 0x7f, 0xf0, 0x52,
    0xea, 0xa0, 0x2, 0xf5, 0xd5, 0x40, 0x9, 0xa0,
    0xe, 0x25, 0x0, 0xf0, 0xf0, 0x7, 0x87, 0x80,
    0x3c, 0x4a, 0x1, 0xf5, 0x40, 0x7, 0x9b, 0xae,
    0xa9, 0x0,

    /* U+010B "ċ" */
    0x0, 0xb0, 0x3, 0xb0, 0x2, 0x2a, 0xa8, 0x83,
    0xae, 0xa8, 0x46, 0x82, 0x1, 0x3f, 0x0, 0x67,
    0xe0, 0xc, 0x66, 0x10, 0xd, 0x37, 0x54, 0x20,

    /* U+010C "Č" */
    0x0, 0x90, 0x8, 0x80, 0x18, 0xda, 0x88, 0x3,
    0x38, 0xc0, 0x7, 0x9c, 0x3, 0x92, 0xea, 0xa0,
    0x2, 0xf5, 0xd5, 0x40, 0x9, 0xa0, 0xe, 0x25,
    0x0, 0xf0, 0xf0, 0x7, 0x87, 0x80, 0x3c, 0x4a,
    0x1, 0xf5, 0x40, 0x7, 0x9b, 0xae, 0xa9, 0x0,

    /* U+010D "č" */
    0x0, 0x48, 0x40, 0x80, 0x2b, 0x30, 0x20, 0x3,
    0xd4, 0x0, 0x15, 0x5d, 0x10, 0x75, 0xd5, 0x8,
    0xd0, 0x40, 0x27, 0xe0, 0xc, 0xfc, 0x1, 0x8c,
    0xc2, 0x1, 0xa6, 0xea, 0x84,

    /* U+010E "Ď" */
    0x3, 0x61, 0x80, 0x8, 0xc6, 0xa0, 0x3, 0x3d,
    0x80, 0x59, 0x57, 0x6a, 0x10, 0x7a, 0xbb, 0x4e,
    0x88, 0x6, 0x39, 0x60, 0xe, 0x4c, 0x0, 0xe1,
    0x0, 0xf0, 0x88, 0x3, 0x9f, 0x0, 0x32, 0x53,
    0x3d, 0x52, 0xf7, 0x40,

    /* U+010F "ď" */
    0x0, 0xe8, 0x2a, 0x0, 0xf3, 0xf8, 0x7, 0x99,
    0x40, 0xea, 0x92, 0x2, 0x0, 0x8a, 0xa4, 0x30,
    0x0, 0xcc, 0x0, 0x14, 0x0, 0x3f, 0x0, 0x44,
    0x0, 0x71, 0x0, 0x88, 0x0, 0x78, 0x0, 0x17,
    0x0, 0xa2, 0xea, 0x28, 0x0,

    /* U+0110 "Đ" */
    0xb, 0xab, 0xb5, 0x8, 0x5, 0x57, 0x69, 0xd1,
    0x0, 0xe3, 0x96, 0x0, 0xf2, 0x63, 0xad, 0x50,
    0x80, 0x41, 0xd6, 0xa8, 0x40, 0x22, 0x0, 0xf3,
    0xe0, 0x7, 0x25, 0x30, 0x2, 0xa9, 0x7b, 0xa0,

    /* U+0111 "đ" */
    0x0, 0xe8, 0x20, 0x8, 0xa6, 0x49, 0x60, 0x11,
    0x4c, 0x92, 0xc0, 0x7, 0x54, 0x90, 0xd, 0x15,
    0x48, 0x50, 0x1, 0x98, 0x0, 0x2e, 0x0, 0x7e,
    0x0, 0x8c, 0x0, 0xfc, 0x1, 0x18, 0x0, 0xcc,
    0x0, 0x17, 0x0, 0xa2, 0xea, 0x28, 0x0,

    /* U+0112 "Ē" */
    0xa, 0xa8, 0xc2, 0xaa, 0x3c, 0xaa, 0xa5, 0xea,
    0xa9, 0x0, 0xff, 0x3d, 0x54, 0xee, 0xaa, 0x9c,
    0x3, 0xfc, 0xf5, 0x54, 0x80,

    /* U+0113 "ē" */
    0x2, 0x99, 0x80, 0x5, 0x33, 0x0, 0xa, 0xaa,
    0x10, 0x9b, 0xa8, 0x81, 0x98, 0x40, 0x88, 0xe9,
    0x33, 0x3, 0x5c, 0xcd, 0x65, 0x80, 0x1d, 0x35,
    0x53, 0x0,

    /* U+0114 "Ĕ" */
    0x8, 0x5, 0x30, 0xc9, 0x23, 0x4, 0x97, 0xc,
    0xaa, 0xa5, 0xea, 0xa9, 0x0, 0xff, 0x3d, 0x54,
    0xee, 0xaa, 0x9c, 0x3, 0xfc, 0xf5, 0x54, 0x80,

    /* U+0115 "ĕ" */
    0x1, 0x99, 0x38, 0x0, 0x66, 0x4e, 0x0, 0x2a,
    0xa8, 0x42, 0x6e, 0xa2, 0x6, 0x61, 0x2, 0x23,
    0xa4, 0xcc, 0xd, 0x73, 0x35, 0x96, 0x0, 0x74,
    0xd5, 0x4c,

    /* U+0116 "Ė" */
    0x0, 0x50, 0x80, 0x54, 0x20, 0x1e, 0xca, 0xaa,
    0x5e, 0xaa, 0x90, 0xf, 0xf3, 0xd5, 0x4e, 0xea,
    0xa9, 0xc0, 0x3f, 0xcf, 0x55, 0x48,

    /* U+0117 "ė" */
    0x0, 0xa8, 0x3, 0xa8, 0x2, 0x2a, 0xa8, 0x42,
    0x6e, 0xa2, 0x6, 0x61, 0x2, 0x23, 0xa4, 0xcc,
    0xd, 0x73, 0x35, 0x96, 0x0, 0x74, 0xd5, 0x4c,

    /* U+0118 "Ę" */
    0xca, 0xaa, 0x5e, 0xaa, 0x90, 0xf, 0xf3, 0xd5,
    0x4e, 0xea, 0xa9, 0xc0, 0x3f, 0xcf, 0x55, 0xb2,
    0xa9, 0xf2, 0x1, 0x61, 0x80, 0x67,

    /* U+0119 "ę" */
    0x2, 0xaa, 0x84, 0x26, 0xea, 0x20, 0x66, 0x10,
    0x22, 0x3a, 0x4c, 0xc0, 0xd7, 0x33, 0x59, 0x60,
    0x7, 0x4d, 0x55, 0x0, 0x55, 0x42, 0x80, 0x8,
    0x7c, 0x3, 0xe, 0x28,

    /* U+011A "Ě" */
    0x9, 0x7, 0x20, 0x8c, 0x22, 0x0, 0xe2, 0x86,
    0x55, 0x52, 0xf5, 0x54, 0x80, 0x7f, 0x9e, 0xaa,
    0x77, 0x55, 0x4e, 0x1, 0xfe, 0x7a, 0xaa, 0x40,

    /* U+011B "ě" */
    0x2, 0x70, 0x90, 0x1, 0xe, 0x40, 0x4, 0xda,
    0x20, 0x2, 0xab, 0xa1, 0x9, 0xba, 0x88, 0x19,
    0x84, 0x8, 0x8e, 0x93, 0x30, 0x35, 0xcc, 0xd6,
    0x58, 0x1, 0xd3, 0x55, 0x30,

    /* U+011C "Ĝ" */
    0x0, 0xc8, 0x60, 0x1c, 0x59, 0x22, 0x1, 0x9a,
    0x28, 0x80, 0x32, 0x0, 0xc, 0x2, 0x3a, 0xaa,
    0xd4, 0x12, 0x6e, 0xa9, 0x6a, 0x11, 0x42, 0x1,
    0x89, 0x40, 0x3c, 0x3c, 0x0, 0x3b, 0xb5, 0xf,
    0x0, 0xe, 0xec, 0x24, 0xa0, 0x1f, 0x54, 0x80,
    0x79, 0xb2, 0xed, 0x54, 0xd0,

    /* U+011D "ĝ" */
    0x0, 0x16, 0x90, 0x6, 0xbc, 0xb0, 0xd, 0x23,
    0x20, 0x11, 0x55, 0x26, 0x8, 0x26, 0xa9, 0x2c,
    0x6, 0x60, 0x9, 0x1, 0xf8, 0x2, 0x20, 0x71,
    0x0, 0x88, 0xf, 0x0, 0x27, 0x0, 0x45, 0x52,
    0x50, 0x0, 0x75, 0x49, 0x3, 0x0, 0xe2, 0x10,
    0x9a, 0xa5, 0xc0, 0x0,

    /* U+011E "Ğ" */
    0x0, 0xa0, 0x5, 0x80, 0x35, 0x4c, 0x30, 0x6,
    0x29, 0x90, 0x6, 0x3a, 0xaa, 0xd4, 0x12, 0x6e,
    0xa9, 0x6a, 0x11, 0x42, 0x1, 0x89, 0x40, 0x3c,
    0x3c, 0x0, 0x3b, 0xb5, 0xf, 0x0, 0xe, 0xec,
    0x24, 0xa0, 0x1f, 0x54, 0x80, 0x79, 0xb2, 0xed,
    0x54, 0xd0,

    /* U+011F "ğ" */
    0x0, 0x44, 0xc0, 0x6, 0x89, 0x80, 0x8, 0xaa,
    0x93, 0x4, 0x13, 0x54, 0x96, 0x3, 0x30, 0x4,
    0x80, 0xfc, 0x1, 0x10, 0x38, 0x80, 0x44, 0x7,
    0x80, 0x13, 0x80, 0x22, 0xa9, 0x28, 0x0, 0x3a,
    0xa4, 0x81, 0x80, 0x71, 0x8, 0x4d, 0x52, 0xe0,
    0x0,

    /* U+0120 "Ġ" */
    0x0, 0xce, 0x80, 0x1e, 0x74, 0x0, 0xff, 0xe0,
    0x1d, 0x55, 0x6a, 0x9, 0x37, 0x54, 0xb5, 0x8,
    0xa1, 0x0, 0xc4, 0xa0, 0x1e, 0x1e, 0x0, 0x1d,
    0xda, 0x87, 0x80, 0x7, 0x76, 0x12, 0x50, 0xf,
    0xaa, 0x40, 0x3c, 0xd9, 0x76, 0xaa, 0x68,

    /* U+0121 "ġ" */
    0x0, 0xb0, 0x3, 0xd8, 0x1, 0x8a, 0xa9, 0x30,
    0x41, 0x35, 0x49, 0x60, 0x33, 0x0, 0x48, 0xf,
    0xc0, 0x11, 0x3, 0x88, 0x4, 0x40, 0x78, 0x1,
    0x38, 0x2, 0x2a, 0x92, 0x80, 0x3, 0xaa, 0x48,
    0x18, 0x7, 0x10, 0x84, 0xd5, 0x2e, 0x0,

    /* U+0122 "Ģ" */
    0x0, 0x1d, 0x55, 0x6a, 0x9, 0x37, 0x54, 0xb5,
    0x8, 0xa1, 0x0, 0xc4, 0xa0, 0x1e, 0x1e, 0x0,
    0x1d, 0xda, 0x87, 0x80, 0x7, 0x76, 0x12, 0x50,
    0xf, 0xaa, 0x40, 0x3c, 0xd9, 0x76, 0xaa, 0x68,
    0x1, 0x6e, 0xae, 0x98, 0x3, 0x39, 0x0, 0x78,
    0x4c, 0x0,

    /* U+0123 "ģ" */
    0x0, 0x98, 0x40, 0x3b, 0x4, 0x3, 0xac, 0x3,
    0x15, 0x5c, 0xc1, 0x4, 0xd5, 0x25, 0x80, 0xcc,
    0x1, 0x20, 0x3f, 0x0, 0x44, 0xe, 0x20, 0x11,
    0x1, 0xe0, 0x4, 0xe0, 0x8, 0xaa, 0x4a, 0x0,
    0xe, 0xa9, 0x20, 0x60, 0x1c, 0x42, 0x13, 0x54,
    0xb8, 0x0,

    /* U+0124 "Ĥ" */
    0x0, 0x2e, 0x8, 0x4, 0x5b, 0xa8, 0x0, 0x8a,
    0x6, 0x40, 0x16, 0x1, 0x8d, 0xc0, 0x3f, 0xf9,
    0x2f, 0x55, 0xa0, 0x1e, 0xab, 0x40, 0x7, 0xff,
    0x28,

    /* U+0125 "ĥ" */
    0x4, 0xd1, 0x0, 0xc3, 0x9b, 0x0, 0x18, 0x60,
    0x24, 0x3, 0xd4, 0x1, 0xff, 0xcc, 0x7a, 0xb6,
    0x0, 0x91, 0x15, 0x7a, 0x1, 0x11, 0x80, 0xc,
    0x80, 0xc, 0x1, 0xff, 0xd1,

    /* U+0126 "Ħ" */
    0xb, 0x0, 0xc6, 0xe1, 0x4b, 0x55, 0xa2, 0xda,
    0x96, 0xab, 0x45, 0xb0, 0x7, 0xf9, 0xea, 0xb4,
    0x0, 0x4f, 0x55, 0xa0, 0x3, 0xff, 0xa2,

    /* U+0127 "ħ" */
    0xa, 0x0, 0xe8, 0x79, 0x92, 0x0, 0x21, 0xe6,
    0x48, 0x1, 0x9e, 0xad, 0x40, 0x8, 0x8a, 0xbe,
    0x0, 0x11, 0x80, 0xc, 0x81, 0x80, 0x3f, 0xf9,
    0xc0,

    /* U+0128 "Ĩ" */
    0x8, 0x80, 0x30, 0xe4, 0xc8, 0x5, 0x6, 0x58,
    0xf, 0x28, 0x0, 0x77, 0x20, 0x1f, 0xfd, 0x43,
    0xb9, 0x0,

    /* U+0129 "ĩ" */
    0x49, 0x98, 0xd2, 0x66, 0x30, 0x5, 0x0, 0x7f,
    0xf5, 0x0,

    /* U+012A "Ī" */
    0x7a, 0xa2, 0xbd, 0x51, 0x4f, 0x28, 0xe, 0xe4,
    0x3, 0xff, 0x9a, 0x77, 0x20,

    /* U+012B "ī" */
    0x29, 0x98, 0xa, 0x66, 0x0, 0xa8, 0x3, 0xff,
    0xa8,

    /* U+012C "Ĭ" */
    0x80, 0x16, 0xa9, 0x93, 0x14, 0xc0, 0x1e, 0x50,
    0x1d, 0xc8, 0x7, 0xff, 0x34, 0xee, 0x40,

    /* U+012D "ĭ" */
    0x19, 0x94, 0x0, 0xcc, 0xa0, 0x2, 0xa0, 0xf,
    0xfe, 0xa0,

    /* U+012E "Į" */
    0x3c, 0xa0, 0x3b, 0x90, 0xf, 0xfe, 0x69, 0xdc,
    0x81, 0xff, 0x80, 0x14, 0xa0, 0xe, 0x90,

    /* U+012F "į" */
    0xb, 0xb, 0xa, 0x0, 0xff, 0x85, 0x3f, 0x50,
    0x60,

    /* U+0130 "İ" */
    0x7, 0x40, 0x3, 0xa0, 0x7, 0x1e, 0x50, 0x1d,
    0xc8, 0x7, 0xff, 0x34, 0xee, 0x40,

    /* U+0131 "ı" */
    0xa0, 0xf, 0x0,

    /* U+0132 "Ĳ" */
    0x3c, 0xa0, 0x19, 0x3b, 0x90, 0xf, 0xfe, 0xd9,
    0xdc, 0x80, 0x47, 0x94, 0x1, 0xf2, 0x78, 0x0,
    0xef, 0x18,

    /* U+0133 "ĳ" */
    0xb, 0x2, 0x90, 0xb0, 0x29, 0xa, 0x2, 0x80,
    0xf, 0xfe, 0x9d, 0x0, 0x78, 0x7c, 0x1, 0x10,
    0x50,

    /* U+0134 "Ĵ" */
    0x0, 0x16, 0x98, 0x5, 0x7b, 0x62, 0x0, 0x90,
    0x81, 0x0, 0xac, 0x3, 0xff, 0xdc, 0x22, 0x0,
    0xaa, 0xe0, 0x0,

    /* U+0135 "ĵ" */
    0x4, 0xd1, 0x1, 0xcc, 0x40, 0xc, 0xc, 0x80,
    0x54, 0x1, 0xff, 0xde, 0x6b, 0xe0, 0x0,

    /* U+0136 "Ķ" */
    0xb0, 0x9, 0x5c, 0x3, 0x26, 0x38, 0x4, 0x7d,
    0x20, 0x11, 0x45, 0x0, 0x68, 0x70, 0xe, 0xaf,
    0xa0, 0xe, 0x32, 0x50, 0xe, 0x8e, 0x10, 0xe,
    0x9b, 0xb, 0x1, 0x2, 0xa0, 0xa, 0x44, 0x3,
    0xc2, 0x1, 0x0,

    /* U+0137 "ķ" */
    0xa0, 0xf, 0xfe, 0x2c, 0x20, 0x1, 0xb9, 0x0,
    0xfd, 0x80, 0x60, 0x40, 0xf, 0x62, 0x60, 0xc1,
    0x30, 0x1, 0xbe, 0x28, 0x5, 0x20, 0x11, 0xc0,
    0x23, 0x60, 0x0,

    /* U+0138 "ĸ" */
    0xb0, 0x4, 0x20, 0x1, 0x7d, 0x0, 0xbd, 0xc0,
    0x12, 0x40, 0x6, 0xa1, 0x30, 0x61, 0x98, 0x0,
    0xdf, 0x0,

    /* U+0139 "Ĺ" */
    0x0, 0x30, 0x6, 0x2f, 0x0, 0xd7, 0x20, 0x1a,
    0x40, 0x3a, 0xc0, 0x3f, 0xfc, 0x6f, 0x77, 0x50,

    /* U+013A "ĺ" */
    0x2, 0xa0, 0x5, 0xd0, 0x2, 0x40, 0x2a, 0x0,
    0xff, 0xed, 0x0,

    /* U+013B "Ļ" */
    0xb0, 0xf, 0xfe, 0xdb, 0xdd, 0xd5, 0x97, 0x57,
    0x40, 0xb, 0x0, 0xda, 0x0,

    /* U+013C "ļ" */
    0xa, 0x0, 0xff, 0xe8, 0xc0, 0x2, 0x0, 0x70,
    0x0,

    /* U+013D "Ľ" */
    0xb0, 0xa, 0x80, 0x23, 0xe0, 0x8, 0xd0, 0x3,
    0xff, 0x9a, 0xf7, 0x75, 0x0,

    /* U+013E "ľ" */
    0xa6, 0x40, 0xe4, 0x8, 0x0, 0xff, 0xe5, 0x0,

    /* U+013F "Ŀ" */
    0xb0, 0xf, 0xfe, 0x55, 0x80, 0x6b, 0x0, 0xff,
    0x9e, 0xee, 0xa0,

    /* U+0140 "ŀ" */
    0xa0, 0xf, 0xfe, 0x4, 0x18, 0x41, 0x80, 0x7f,
    0xf0, 0x0,

    /* U+0141 "Ł" */
    0xb, 0x0, 0xff, 0xe3, 0xb8, 0x4, 0xf4, 0x80,
    0x7, 0x1a, 0x30, 0x3, 0xb0, 0x7, 0xfc, 0xf7,
    0x75, 0x0,

    /* U+0142 "ł" */
    0xb, 0x0, 0xff, 0x9d, 0xe0, 0x75, 0x70, 0x20,
    0xf, 0xc0,

    /* U+0143 "Ń" */
    0x0, 0xcc, 0x1, 0xca, 0x20, 0x1d, 0x8e, 0x1,
    0xd2, 0x1, 0x62, 0x0, 0x43, 0xd, 0xe0, 0x1e,
    0xf8, 0x0, 0xe4, 0x22, 0x0, 0x75, 0xc8, 0x7,
    0xe, 0xb0, 0x7, 0x36, 0x90, 0x7, 0x4c, 0x0,
    0x71, 0x18, 0x0,

    /* U+0144 "ń" */
    0x0, 0xac, 0x3, 0x44, 0x80, 0x69, 0x20, 0x4,
    0xbd, 0xd9, 0x81, 0xd2, 0xaf, 0x40, 0x8c, 0x0,
    0x64, 0xc0, 0x1f, 0xfc, 0xb0,

    /* U+0145 "Ņ" */
    0xc4, 0x0, 0x86, 0x1b, 0xc0, 0x3d, 0xf0, 0x1,
    0xc8, 0x44, 0x0, 0xeb, 0x90, 0xe, 0x1d, 0x60,
    0xe, 0x6d, 0x20, 0xe, 0x98, 0x0, 0xe2, 0x30,
    0xa0, 0x1, 0x4, 0x40, 0x2, 0x80, 0xe, 0x1c,
    0x0, 0x80,

    /* U+0146 "ņ" */
    0x97, 0xab, 0x60, 0x74, 0xab, 0xd0, 0x23, 0x0,
    0x19, 0x30, 0x7, 0xff, 0x2e, 0x80, 0x42, 0x8,
    0x1, 0x0, 0x1d, 0xc0, 0x10,

    /* U+0147 "Ň" */
    0x2, 0x80, 0x90, 0x8, 0xb7, 0x20, 0x3, 0x2e,
    0x8, 0x3, 0x10, 0x2, 0x18, 0x6f, 0x0, 0xf7,
    0xc0, 0x7, 0x21, 0x10, 0x3, 0xae, 0x40, 0x38,
    0x75, 0x80, 0x39, 0xb4, 0x80, 0x3a, 0x60, 0x3,
    0x88, 0xc0,

    /* U+0148 "ň" */
    0x9, 0x8, 0x20, 0x5, 0x66, 0x90, 0x0, 0xf5,
    0x40, 0x12, 0xf7, 0x66, 0x7, 0x4a, 0xbd, 0x2,
    0x30, 0x1, 0x93, 0x0, 0x7f, 0xf2, 0xc0,

    /* U+0149 "ŉ" */
    0x65, 0x0, 0xef, 0x40, 0xe, 0xe6, 0x4a, 0xa8,
    0x1c, 0x36, 0xa9, 0xce, 0x0, 0xd0, 0x2, 0xf0,
    0x1, 0xc0, 0x3f, 0xf9, 0xa0,

    /* U+014A "Ŋ" */
    0xc4, 0x0, 0x86, 0x1b, 0xc0, 0x3d, 0xf0, 0x1,
    0xc8, 0x26, 0x1, 0xd1, 0x0, 0xe, 0x1e, 0x70,
    0xe, 0x5d, 0x50, 0xe, 0xb8, 0x0, 0xe1, 0xa0,
    0xa0, 0xc, 0x80, 0x1e, 0x5d, 0x0, 0x92, 0xfd,
    0x40,

    /* U+014B "ŋ" */
    0x97, 0xab, 0x60, 0x74, 0xab, 0xd0, 0x23, 0x0,
    0x19, 0x30, 0x7, 0xff, 0x2e, 0x80, 0x3f, 0x84,
    0x2, 0x1a, 0x32,

    /* U+014C "Ō" */
    0x0, 0xaa, 0xa2, 0x0, 0xea, 0xa8, 0x80, 0x33,
    0x5d, 0x52, 0x0, 0x26, 0xeb, 0xaa, 0x64, 0x80,
    0x36, 0x0, 0x24, 0x32, 0x28, 0x3, 0xb1, 0xc7,
    0x80, 0x38, 0x8c, 0x7c, 0x3, 0x84, 0xc8, 0xc0,
    0x3b, 0xd0, 0x35, 0xc0, 0x24, 0x31, 0x6, 0x1b,
    0xab, 0xc9, 0x0,

    /* U+014D "ō" */
    0x1, 0x99, 0x84, 0x0, 0x33, 0x30, 0x80, 0xa,
    0xaa, 0x30, 0x4, 0xdd, 0x52, 0x0, 0x8c, 0x40,
    0x18, 0x8d, 0xc0, 0x11, 0xb, 0xf0, 0x4, 0x42,
    0x66, 0x10, 0x6, 0x20, 0x4d, 0xd5, 0x20, 0x0,

    /* U+014E "Ŏ" */
    0x0, 0xa0, 0x14, 0x80, 0x3b, 0x64, 0x88, 0x1,
    0xcb, 0x2e, 0x1, 0xcd, 0x75, 0x48, 0x0, 0x9b,
    0xae, 0xa9, 0x92, 0x0, 0xd8, 0x0, 0x90, 0xc8,
    0xa0, 0xe, 0xc7, 0x1e, 0x0, 0xe2, 0x31, 0xf0,
    0xe, 0x13, 0x23, 0x0, 0xef, 0x40, 0xd7, 0x0,
    0x90, 0xc4, 0x18, 0x6e, 0xaf, 0x24, 0x0,

    /* U+014F "ŏ" */
    0x0, 0x44, 0xc0, 0x6, 0x89, 0x80, 0x8, 0xaa,
    0xa3, 0x0, 0x4d, 0xd5, 0x20, 0x8, 0xc4, 0x1,
    0x88, 0xdc, 0x1, 0x10, 0xbf, 0x0, 0x44, 0x26,
    0x61, 0x0, 0x62, 0x4, 0xdd, 0x52, 0x0,

    /* U+0150 "Ő" */
    0x0, 0x88, 0xc8, 0xc0, 0x3a, 0xa, 0xc8, 0x3,
    0x14, 0x5, 0x88, 0x6, 0x22, 0x9, 0x0, 0x73,
    0x5d, 0x52, 0x0, 0x26, 0xeb, 0xaa, 0x64, 0x80,
    0x36, 0x0, 0x24, 0x32, 0x28, 0x3, 0xb1, 0xc7,
    0x80, 0x38, 0x8c, 0x7c, 0x3, 0x84, 0xc8, 0xc0,
    0x3b, 0xd0, 0x35, 0xc0, 0x24, 0x31, 0x6, 0x1b,
    0xab, 0xc9, 0x0,

    /* U+0151 "ő" */
    0x0, 0x42, 0x3a, 0x0, 0x7, 0xd4, 0x10, 0x0,
    0x2e, 0x2e, 0x1, 0x15, 0x54, 0x60, 0x9, 0xba,
    0xa4, 0x1, 0x18, 0x80, 0x31, 0x1b, 0x80, 0x22,
    0x17, 0xe0, 0x8, 0x84, 0xcc, 0x20, 0xc, 0x40,
    0x9b, 0xaa, 0x40, 0x0,

    /* U+0152 "Œ" */
    0x0, 0x36, 0x63, 0x75, 0x99, 0x10, 0x37, 0x66,
    0x22, 0x19, 0x91, 0x5, 0x40, 0x7, 0xe2, 0x50,
    0xf, 0xe1, 0xe0, 0xd, 0x35, 0x50, 0xf, 0x80,
    0x69, 0xaa, 0x80, 0x8c, 0x3, 0xfd, 0xae, 0x1,
    0xfc, 0xc3, 0x75, 0x32, 0xaa, 0x88,

    /* U+0153 "œ" */
    0x2, 0xaa, 0x88, 0x95, 0x49, 0x0, 0x4d, 0x55,
    0x10, 0xaa, 0x6b, 0x99, 0x80, 0x22, 0xd0, 0x2,
    0x63, 0xf0, 0x5, 0xd9, 0x33, 0x13, 0xf0, 0x5,
    0xdb, 0x33, 0x8c, 0xc0, 0x11, 0xe0, 0x7, 0x4d,
    0x55, 0x32, 0xaa, 0x94,

    /* U+0154 "Ŕ" */
    0x0, 0x94, 0x40, 0x22, 0xf1, 0x0, 0xae, 0xc0,
    0x1a, 0x44, 0x1, 0x95, 0x4b, 0x70, 0x7a, 0xa5,
    0xf2, 0x0, 0x6c, 0x20, 0xd, 0xee, 0xea, 0xa6,
    0x40, 0xbd, 0x51, 0x8c, 0x3, 0x4c, 0x0, 0x63,
    0x31, 0x0, 0x68, 0x80,

    /* U+0155 "ŕ" */
    0x0, 0x58, 0x2, 0x24, 0x1, 0x24, 0x12, 0xd6,
    0xa8, 0x8b, 0x51, 0x30, 0x3, 0x0, 0x7f, 0xf0,
    0xc0,

    /* U+0156 "Ŗ" */
    0xca, 0xa5, 0xb8, 0x3d, 0x52, 0xf9, 0x0, 0x36,
    0x10, 0x6, 0xf7, 0x75, 0x53, 0x20, 0x5e, 0xa8,
    0xc6, 0x1, 0xa6, 0x0, 0x31, 0x98, 0x80, 0x34,
    0x42, 0xc0, 0x44, 0x54, 0x0, 0x62, 0x0, 0xde,
    0x60, 0x0,

    /* U+0157 "ŗ" */
    0x9, 0x7b, 0x50, 0x44, 0x5a, 0x80, 0x98, 0x4,
    0xc0, 0x1f, 0xfc, 0x78, 0x0, 0xd0, 0x1, 0xe,
    0x0, 0x40,

    /* U+0158 "Ř" */
    0x9, 0x8, 0x20, 0x5, 0xee, 0x10, 0x0, 0xb5,
    0x0, 0x19, 0x54, 0xb7, 0x7, 0xaa, 0x5f, 0x20,
    0x6, 0xc2, 0x0, 0xde, 0xee, 0xaa, 0x64, 0xb,
    0xd5, 0x18, 0xc0, 0x34, 0xc0, 0x6, 0x33, 0x10,
    0x6, 0x88, 0x0,

    /* U+0159 "ř" */
    0x9, 0x8, 0x10, 0xac, 0xc0, 0x81, 0xea, 0x0,
    0x25, 0xad, 0x41, 0x11, 0x6a, 0x2, 0x60, 0x13,
    0x0, 0x7f, 0xf1, 0x80,

    /* U+015A "Ś" */
    0x0, 0xcc, 0x1, 0x9c, 0x80, 0x32, 0x20, 0x3,
    0x18, 0x4, 0x97, 0x56, 0xc3, 0xf7, 0x56, 0xc4,
    0x60, 0x18, 0xcc, 0x80, 0x1a, 0xce, 0x98, 0x2,
    0x7a, 0x39, 0x0, 0xca, 0x40, 0x18, 0x80, 0xee,
    0xa9, 0x12,

    /* U+015B "ś" */
    0x0, 0xa8, 0xc0, 0x25, 0xf3, 0x0, 0x91, 0x40,
    0x29, 0x8a, 0x80, 0x4f, 0x9a, 0x80, 0x6c, 0x10,
    0x8, 0xa2, 0x14, 0x40, 0x2, 0x9b, 0x90, 0xc,
    0x22, 0x4, 0xa9, 0xaf, 0x0,

    /* U+015C "Ŝ" */
    0x0, 0xb, 0x0, 0x68, 0x15, 0x0, 0x15, 0xb8,
    0x80, 0x8, 0x80, 0x80, 0x4, 0xba, 0xb6, 0x1f,
    0xba, 0xb6, 0x23, 0x0, 0xc6, 0x64, 0x0, 0xd6,
    0x74, 0xc0, 0x13, 0xd1, 0xc8, 0x6, 0x52, 0x0,
    0xc4, 0x7, 0x75, 0x48, 0x90,

    /* U+015D "ŝ" */
    0x0, 0x5b, 0x80, 0x4f, 0x0, 0x60, 0x6, 0x37,
    0x20, 0x4, 0x4d, 0x48, 0x27, 0xcd, 0x40, 0x36,
    0x8, 0x4, 0x51, 0xa, 0x20, 0x1, 0x4d, 0xc8,
    0x6, 0x11, 0x2, 0x54, 0xd7, 0x80,

    /* U+015E "Ş" */
    0x4, 0xba, 0xb6, 0x1f, 0xba, 0xb6, 0x23, 0x0,
    0xc6, 0x64, 0x0, 0xd6, 0x74, 0xc0, 0x13, 0xd1,
    0xc8, 0x6, 0x52, 0x0, 0xc4, 0x7, 0x75, 0x71,
    0x27, 0x73, 0x94, 0x40, 0x3, 0x3, 0x0, 0x9f,
    0x88, 0x0,

    /* U+015F "ş" */
    0x9, 0x95, 0x40, 0x27, 0xcd, 0x40, 0x36, 0x8,
    0x4, 0x51, 0xa, 0x20, 0x1, 0x4d, 0xc8, 0x6,
    0x11, 0x2, 0x55, 0x5e, 0x9, 0x45, 0xa, 0x1,
    0x4c, 0x0, 0x45, 0x3a, 0x0,

    /* U+0160 "Š" */
    0x2, 0x20, 0x20, 0x0, 0xad, 0xc4, 0x2, 0x81,
    0x50, 0x8, 0x58, 0x2, 0x4b, 0xab, 0x61, 0xfb,
    0xab, 0x62, 0x30, 0xc, 0x66, 0x40, 0xd, 0x67,
    0x4c, 0x1, 0x3d, 0x1c, 0x80, 0x65, 0x20, 0xc,
    0x40, 0x77, 0x54, 0x89,

    /* U+0161 "š" */
    0x8, 0x16, 0x40, 0x4, 0x57, 0x20, 0x5, 0x50,
    0x1, 0x4c, 0x54, 0x2, 0x7c, 0xd4, 0x3, 0x60,
    0x80, 0x45, 0x10, 0xa2, 0x0, 0x14, 0xdc, 0x80,
    0x61, 0x10, 0x25, 0x4d, 0x78, 0x0,

    /* U+0162 "Ţ" */
    0x9a, 0xbd, 0xaa, 0x1c, 0xd4, 0xad, 0x50, 0xc0,
    0x3f, 0xfc, 0xe3, 0xa0, 0x1c, 0x5a, 0x40, 0x1a,
    0x44, 0x80, 0x0,

    /* U+0163 "ţ" */
    0x3, 0x0, 0xa8, 0x0, 0xc9, 0x2e, 0xcf, 0x2e,
    0x1, 0xff, 0xc1, 0x10, 0xb, 0x71, 0xc1, 0xd5,
    0xc0, 0x75, 0x81, 0xb5, 0x40,

    /* U+0164 "Ť" */
    0x4, 0x62, 0x80, 0x9, 0x6, 0x60, 0x3, 0x3d,
    0x80, 0x53, 0x57, 0xb5, 0x43, 0x9a, 0x95, 0xaa,
    0x18, 0x7, 0xff, 0x94,

    /* U+0165 "ť" */
    0x0, 0xd4, 0x0, 0x50, 0x6, 0x80, 0x30, 0x0,
    0xe0, 0xc9, 0x2e, 0x0, 0x67, 0x97, 0x0, 0xff,
    0xe4, 0x88, 0x7, 0x6d, 0xb8, 0x0,

    /* U+0166 "Ŧ" */
    0x9a, 0xbd, 0xaa, 0x1c, 0xd4, 0xad, 0x50, 0xc0,
    0x3f, 0xf8, 0x45, 0x52, 0xb4, 0xa0, 0x55, 0x2b,
    0x4a, 0x1, 0xff, 0xca,

    /* U+0167 "ŧ" */
    0x3, 0x0, 0xa8, 0x0, 0xc9, 0x2e, 0xcf, 0x2e,
    0xcf, 0x2a, 0xcf, 0x2a, 0x1, 0xc2, 0x1, 0x75,
    0xb8,

    /* U+0168 "Ũ" */
    0x3, 0xa3, 0x14, 0x0, 0x2d, 0x24, 0x20, 0x1,
    0x81, 0xe4, 0x1, 0x60, 0x18, 0xa0, 0x3, 0xff,
    0xb8, 0xdd, 0xac, 0x1, 0x73, 0xb0, 0xd5, 0x5c,
    0x20,

    /* U+0169 "ũ" */
    0x2, 0x99, 0x90, 0x0, 0x53, 0x32, 0x0, 0x28,
    0x2, 0x91, 0x0, 0xff, 0xe7, 0x18, 0x0, 0x40,
    0x2, 0x80, 0xf, 0xba, 0x96, 0x0,

    /* U+016A "Ū" */
    0x3, 0xaa, 0x48, 0x4, 0x75, 0x49, 0x0, 0x58,
    0x6, 0x28, 0x0, 0xff, 0xee, 0x37, 0x6b, 0x0,
    0x5c, 0xec, 0x35, 0x57, 0x8,

    /* U+016B "ū" */
    0x0, 0x4c, 0xc4, 0x1, 0x4c, 0xc4, 0x0, 0xa0,
    0xa, 0x44, 0x3, 0xff, 0x9c, 0x60, 0x1, 0x0,
    0xa, 0x0, 0x3e, 0xea, 0x58, 0x0,

    /* U+016C "Ŭ" */
    0x3, 0x40, 0x80, 0x8, 0xf2, 0x70, 0x3, 0x44,
    0xa0, 0x2, 0xc0, 0x31, 0x40, 0x7, 0xff, 0x71,
    0xbb, 0x58, 0x2, 0xe7, 0x61, 0xaa, 0xb8, 0x40,

    /* U+016D "ŭ" */
    0x0, 0x44, 0xc8, 0x3, 0x44, 0xc8, 0x2, 0xa0,
    0xa, 0x44, 0x3, 0xff, 0x9c, 0x60, 0x1, 0x0,
    0xa, 0x0, 0x3e, 0xea, 0x58, 0x0,

    /* U+016E "Ů" */
    0x0, 0x2c, 0x10, 0x6, 0xd8, 0xa0, 0xd, 0xb1,
    0x40, 0x19, 0x60, 0x80, 0x16, 0x1, 0x8a, 0x0,
    0x3f, 0xfb, 0x8d, 0xda, 0xc0, 0x17, 0x3b, 0xd,
    0x55, 0xc2,

    /* U+016F "ů" */
    0x0, 0x1c, 0x20, 0x6, 0xb8, 0xc0, 0xd, 0x71,
    0x80, 0x18, 0xe1, 0x0, 0x2a, 0x0, 0xa4, 0x40,
    0x3f, 0xf9, 0xc6, 0x0, 0x10, 0x0, 0xa0, 0x3,
    0xee, 0xa5, 0x80,

    /* U+0170 "Ű" */
    0x0, 0x20, 0xa0, 0x80, 0x7, 0x43, 0x44, 0x0,
    0x52, 0x52, 0x1, 0x18, 0x18, 0x5, 0x60, 0x18,
    0xa0, 0x3, 0xff, 0xb8, 0xdd, 0xac, 0x1, 0x73,
    0xb0, 0xd5, 0x5c, 0x20,

    /* U+0171 "ű" */
    0x0, 0x3a, 0x3a, 0x0, 0x8, 0x18, 0x10, 0x0,
    0x4e, 0x4e, 0x1, 0x50, 0x5, 0x22, 0x1, 0xff,
    0xce, 0x30, 0x0, 0x80, 0x5, 0x0, 0x1f, 0x75,
    0x2c, 0x0,

    /* U+0172 "Ų" */
    0xb0, 0xc, 0x50, 0x1, 0xff, 0xdc, 0x6f, 0xd6,
    0x0, 0xbc, 0xd8, 0x6a, 0x9a, 0x48, 0xf, 0x54,
    0x79, 0x0, 0xc5, 0x80, 0x1c, 0x5a, 0x80,

    /* U+0173 "ų" */
    0xa, 0x0, 0xa4, 0x40, 0x3f, 0xf9, 0xc6, 0x0,
    0x10, 0x0, 0xa0, 0x3, 0xee, 0xa5, 0xc0, 0x9,
    0x75, 0x3c, 0x20, 0x1a, 0x58, 0x3, 0xb6, 0x4,

    /* U+0174 "Ŵ" */
    0x0, 0xc9, 0xa2, 0x1, 0xf0, 0xe6, 0xc0, 0x7,
    0xc3, 0x1, 0x20, 0x1a, 0x48, 0x0, 0x3a, 0x1,
    0x2b, 0x62, 0x0, 0x1d, 0x88, 0x1, 0x88, 0x8c,
    0x0, 0x7f, 0x90, 0x0, 0x44, 0x11, 0x0, 0xd,
    0x30, 0x4, 0x80, 0x4, 0x43, 0xd0, 0x9, 0x30,
    0x1, 0x88, 0x90, 0x61, 0xe2, 0x0, 0x13, 0xf4,
    0xc1, 0x10, 0x42, 0x0, 0x13, 0x30, 0x0, 0xb4,
    0x80, 0x31, 0x78, 0x4, 0x78, 0x0,

    /* U+0175 "ŵ" */
    0x0, 0x8f, 0x44, 0x3, 0x86, 0xf2, 0x0, 0x38,
    0x60, 0x64, 0x2, 0xa0, 0xb, 0x80, 0x5, 0x1a,
    0x80, 0xa8, 0x80, 0x4c, 0x4c, 0xc, 0x8c, 0xc,
    0x43, 0x20, 0x32, 0x20, 0x7, 0x1e, 0x81, 0x19,
    0x0, 0x32, 0x14, 0x2e, 0x30, 0x0, 0x8c, 0x40,
    0x6a, 0x80,

    /* U+0176 "Ŷ" */
    0x0, 0x3d, 0x80, 0x63, 0x19, 0x80, 0x8, 0xd8,
    0xa0, 0x1, 0x62, 0x1, 0x49, 0x44, 0x80, 0x4,
    0xc8, 0xc8, 0x42, 0x20, 0x0, 0x96, 0x10, 0x20,
    0x1, 0xf4, 0x58, 0x6, 0xa3, 0x20, 0xc, 0x26,
    0x1, 0xff, 0xc5,

    /* U+0177 "ŷ" */
    0x0, 0x5b, 0x80, 0x51, 0x20, 0x60, 0x8, 0x27,
    0x30, 0xb0, 0x9, 0x1f, 0x10, 0x1, 0xac, 0xcd,
    0x0, 0x18, 0x88, 0xc1, 0x30, 0x1, 0xeb, 0xae,
    0x0, 0x5c, 0x31, 0x0, 0xde, 0x1, 0x8d, 0x40,
    0x22, 0x30, 0xa, 0x62, 0x0, 0x10,

    /* U+0178 "Ÿ" */
    0x3, 0x60, 0x90, 0x8, 0xd8, 0x24, 0x3, 0xfa,
    0xc4, 0x2, 0x92, 0x89, 0x0, 0x9, 0x91, 0x90,
    0x84, 0x40, 0x1, 0x2c, 0x20, 0x40, 0x3, 0xe8,
    0xb0, 0xd, 0x46, 0x40, 0x18, 0x4c, 0x3, 0xff,
    0x8a,

    /* U+0179 "Ź" */
    0x0, 0xcc, 0x1, 0xc7, 0xc0, 0x1d, 0x50, 0x1,
    0xd2, 0x1, 0x1d, 0x56, 0xe3, 0x35, 0x55, 0x8,
    0x60, 0x1a, 0x6c, 0x3, 0x36, 0x88, 0x4, 0x3a,
    0xc0, 0x1a, 0xe4, 0x3, 0x2e, 0x90, 0x6, 0xe7,
    0x0, 0xd0, 0xd7, 0x79, 0x0,

    /* U+017A "ź" */
    0x0, 0xa8, 0x80, 0x26, 0xe2, 0x0, 0x99, 0x0,
    0x5, 0x33, 0x70, 0x14, 0xcb, 0x20, 0x2, 0x1e,
    0x60, 0xa, 0x24, 0x2, 0x41, 0x20, 0xb, 0xe0,
    0x2, 0x77, 0x4c, 0xc0,

    /* U+017B "Ż" */
    0x0, 0xac, 0x3, 0xd6, 0x1, 0xfe, 0x3a, 0xad,
    0xc6, 0x6a, 0xaa, 0x10, 0xc0, 0x34, 0xd8, 0x6,
    0x6d, 0x10, 0x8, 0x75, 0x80, 0x35, 0xc8, 0x6,
    0x5d, 0x20, 0xd, 0xce, 0x1, 0xa1, 0xae, 0xf2,
    0x0,

    /* U+017C "ż" */
    0x0, 0x49, 0x0, 0x69, 0x20, 0x1, 0x4c, 0xdc,
    0x5, 0x32, 0xc8, 0x0, 0x87, 0x98, 0x2, 0x89,
    0x0, 0x90, 0x48, 0x2, 0xf8, 0x0, 0x9d, 0xd3,
    0x30, 0x0,

    /* U+017D "Ž" */
    0x1, 0x80, 0x91, 0x0, 0xd, 0xed, 0x88, 0x4,
    0x7a, 0x40, 0x3, 0xaa, 0xdc, 0x66, 0xaa, 0xa1,
    0xc, 0x3, 0x4d, 0x80, 0x66, 0xd1, 0x0, 0x87,
    0x58, 0x3, 0x5c, 0x80, 0x65, 0xd2, 0x0, 0xdc,
    0xe0, 0x1a, 0x1a, 0xef, 0x20,

    /* U+017E "ž" */
    0x8, 0x16, 0x30, 0x4, 0x50, 0x98, 0x5, 0x6e,
    0x0, 0x29, 0x9b, 0x80, 0xa6, 0x59, 0x0, 0x10,
    0xf3, 0x0, 0x51, 0x20, 0x12, 0x9, 0x0, 0x5f,
    0x0, 0x13, 0xba, 0x66, 0x0,

    /* U+017F "ſ" */
    0x4b, 0x90, 0xfb, 0x90, 0x10, 0xf, 0xfe, 0x98,

    /* U+0400 "Ѐ" */
    0x0, 0xf3, 0xa8, 0x4, 0xfa, 0x40, 0x14, 0x10,
    0x65, 0x55, 0x2f, 0x55, 0x48, 0x7, 0xf9, 0xea,
    0xa6, 0x7a, 0xa9, 0x80, 0x3f, 0xcf, 0x55, 0x48,

    /* U+0401 "Ё" */
    0x9, 0x1a, 0x0, 0x48, 0xd0, 0x7, 0xb2, 0xaa,
    0x97, 0xaa, 0xa4, 0x3, 0xfc, 0xf5, 0x53, 0x3d,
    0x54, 0xc0, 0x1f, 0xe7, 0xaa, 0xa4,

    /* U+0402 "Ђ" */
    0x9a, 0xea, 0xa8, 0x1, 0x34, 0xb5, 0x50, 0x7,
    0xff, 0x1, 0xe6, 0xa8, 0xa0, 0x13, 0xcd, 0x53,
    0x10, 0x3, 0xd7, 0xa0, 0x1e, 0x30, 0xf, 0x9f,
    0x0, 0x35, 0x53, 0x94,

    /* U+0403 "Ѓ" */
    0x0, 0x94, 0x40, 0x5, 0x82, 0x0, 0xb9, 0x0,
    0xa4, 0x1, 0x95, 0x54, 0xbd, 0x55, 0x20, 0x1f,
    0xfd, 0x70,

    /* U+0404 "Є" */
    0x0, 0x2d, 0xda, 0xa8, 0x0, 0x5f, 0xbb, 0x55,
    0x0, 0x13, 0x40, 0x1c, 0x4a, 0x1, 0xe1, 0x4a,
    0xac, 0x0, 0x24, 0xaa, 0xc0, 0x1, 0x20, 0xf,
    0xb6, 0x40, 0x3c, 0xdf, 0x76, 0xaa, 0x0,

    /* U+0405 "Ѕ" */
    0x4, 0xba, 0xb6, 0x1f, 0xba, 0xb6, 0x23, 0x0,
    0xc6, 0x64, 0x0, 0xd6, 0x74, 0xc0, 0x13, 0xd1,
    0xc8, 0x6, 0x52, 0x0, 0xc4, 0x7, 0x75, 0x48,
    0x90,

    /* U+0406 "І" */
    0xb0, 0xf, 0xc0,

    /* U+0407 "Ї" */
    0x83, 0xa8, 0x3b, 0x0, 0x8, 0x58, 0x7, 0xff,
    0x34,

    /* U+0408 "Ј" */
    0x0, 0xac, 0x3, 0xff, 0xb4, 0x22, 0xa, 0xb8,

    /* U+0409 "Љ" */
    0x0, 0x65, 0x55, 0xa0, 0x1f, 0x35, 0x54, 0xc0,
    0x1f, 0xfc, 0xca, 0xa8, 0xc0, 0x23, 0x0, 0xd5,
    0x4b, 0x81, 0x1, 0x10, 0x7, 0x87, 0x9c, 0xf,
    0xc0, 0x3e, 0x10, 0x3, 0x98, 0x7, 0xda, 0x93,
    0xe8, 0x1, 0xa6, 0x55, 0x84,

    /* U+040A "Њ" */
    0xb0, 0xd, 0x22, 0x1, 0xff, 0xce, 0x7a, 0xac,
    0x95, 0x52, 0x3, 0xd5, 0x64, 0xaa, 0xb9, 0x0,
    0x3f, 0xa3, 0x0, 0x3f, 0xc2, 0x1, 0xfd, 0x5a,
    0x1, 0xea, 0xab, 0xd0,

    /* U+040B "Ћ" */
    0x9a, 0xea, 0xa8, 0x1, 0x34, 0xb5, 0x50, 0x7,
    0xff, 0x1, 0xe6, 0xa8, 0xc0, 0x13, 0xc5, 0x53,
    0xd0, 0x2, 0x10, 0x5, 0xe0, 0x7, 0x8c, 0x40,
    0x3f, 0xf8, 0x80,

    /* U+040C "Ќ" */
    0x0, 0x90, 0x80, 0x37, 0x90, 0x4, 0xf2, 0x1,
    0x9c, 0x80, 0x16, 0x1, 0x2b, 0x0, 0x6e, 0x60,
    0xa, 0x60, 0x2, 0x31, 0x30, 0x7a, 0xe9, 0x0,
    0x3d, 0x74, 0x0, 0x63, 0x14, 0x0, 0xd1, 0xe0,
    0x1d, 0x12,

    /* U+040D "Ѝ" */
    0x0, 0xfe, 0xa2, 0x0, 0xea, 0xb0, 0xf, 0x48,
    0x5, 0x60, 0x19, 0xa8, 0x3, 0xe, 0x0, 0x74,
    0x40, 0x3, 0x27, 0x98, 0x6, 0xe6, 0x0, 0xd1,
    0x0, 0x8, 0x4f, 0xc8, 0x3, 0x4b, 0x80, 0x66,
    0x90, 0xe,

    /* U+040E "Ў" */
    0x0, 0x28, 0x19, 0x0, 0x74, 0xd9, 0x0, 0x65,
    0x98, 0x0, 0xa8, 0x40, 0x35, 0x84, 0xc0, 0x4,
    0xdc, 0x6, 0x61, 0x0, 0x6a, 0x80, 0x26, 0x40,
    0x98, 0x1, 0x19, 0xf, 0x30, 0x6, 0x98, 0x31,
    0x0, 0xc6, 0xb6, 0x1, 0xc4, 0xc4, 0x1, 0xd,
    0x45, 0x80, 0x60,

    /* U+040F "Џ" */
    0xb0, 0xc, 0xac, 0x1, 0xff, 0xe5, 0x7a, 0xad,
    0x21, 0x95, 0x40, 0xac, 0x60, 0xf, 0x80,

    /* U+0410 "А" */
    0x0, 0xb0, 0xc0, 0x38, 0xd2, 0xc0, 0x3a, 0xe4,
    0x80, 0x38, 0x87, 0x10, 0x2, 0x5f, 0x7, 0xd0,
    0xb, 0xfa, 0xe9, 0x0, 0x2, 0x77, 0x74, 0x30,
    0x36, 0x80, 0x4b, 0xa1, 0x88, 0x1, 0x88, 0x40,

    /* U+0411 "Б" */
    0xca, 0xac, 0xf, 0x55, 0x80, 0x40, 0x39, 0xaa,
    0xa4, 0x7, 0xaa, 0xb8, 0x80, 0x37, 0x28, 0x7,
    0xfb, 0x51, 0xea, 0x97, 0x86,

    /* U+0412 "В" */
    0xca, 0xaa, 0x41, 0xea, 0xac, 0x70, 0xc, 0x9a,
    0x1, 0x9b, 0xde, 0xa9, 0x9c, 0xaf, 0x54, 0xcd,
    0x90, 0xc, 0x84, 0x1, 0x88, 0x1e, 0xaa, 0x8a,

    /* U+0413 "Г" */
    0xca, 0xaa, 0x5e, 0xaa, 0x90, 0xf, 0xfe, 0xb8,

    /* U+0414 "Д" */
    0x0, 0x55, 0x6d, 0x30, 0xd, 0x55, 0x80, 0x3f,
    0xfb, 0x67, 0xa0, 0x1f, 0x4b, 0x0, 0x7a, 0x52,
    0xea, 0xb4, 0x21, 0xf5, 0x56, 0xdf, 0x20, 0xf,
    0xe0,

    /* U+0415 "Е" */
    0xca, 0xaa, 0x5e, 0xaa, 0x90, 0xf, 0xf3, 0xd5,
    0x4c, 0xf5, 0x53, 0x0, 0x7f, 0x9e, 0xaa, 0x90,

    /* U+0416 "Ж" */
    0x65, 0x0, 0x14, 0x0, 0x6, 0x81, 0xb8, 0x3,
    0xd1, 0x0, 0x4, 0x40, 0x3, 0x18, 0x90, 0x0,
    0xc4, 0x80, 0x28, 0x80, 0x6, 0xbf, 0x95, 0xb3,
    0x0, 0xe8, 0xf9, 0x5b, 0x31, 0x0, 0x93, 0x48,
    0x2, 0x9b, 0x0, 0xbd, 0xc0, 0x31, 0x11, 0x2,
    0x60, 0x3, 0xd1, 0xe0,

    /* U+0417 "З" */
    0x2b, 0xaa, 0x84, 0xa, 0xea, 0x93, 0x60, 0x1c,
    0x62, 0x1, 0xcd, 0xa0, 0x4, 0xac, 0xc3, 0x0,
    0x12, 0xb2, 0x68, 0x3, 0x8c, 0x40, 0x38, 0x5c,
    0x16, 0xaa, 0xbe, 0x0,

    /* U+0418 "И" */
    0xb0, 0xc, 0xd4, 0x1, 0x87, 0x0, 0x3a, 0x20,
    0x1, 0x93, 0xcc, 0x3, 0x73, 0x0, 0x68, 0x80,
    0x4, 0x27, 0xe4, 0x1, 0xa5, 0xc0, 0x33, 0x48,
    0x7, 0x0,

    /* U+0419 "Й" */
    0x1, 0x40, 0x50, 0x8, 0x4e, 0x48, 0x3, 0x3c,
    0xb8, 0x2, 0xc0, 0x33, 0x50, 0x6, 0x1c, 0x0,
    0xe8, 0x80, 0x6, 0x4f, 0x30, 0xd, 0xcc, 0x1,
    0xa2, 0x0, 0x10, 0x9f, 0x90, 0x6, 0x97, 0x0,
    0xcd, 0x20, 0x1c,

    /* U+041A "К" */
    0xb0, 0x9, 0x58, 0x3, 0x73, 0x0, 0x53, 0x0,
    0x11, 0x89, 0x83, 0xd7, 0x48, 0x1, 0xeb, 0xa0,
    0x3, 0x18, 0xa0, 0x6, 0x8f, 0x0, 0xe8, 0x90,

    /* U+041B "Л" */
    0x0, 0x65, 0x55, 0xa2, 0x0, 0x6a, 0xa9, 0x0,
    0x3f, 0xf8, 0xe6, 0x1, 0xe1, 0x10, 0x7, 0x8b,
    0xc0, 0x3c, 0xa6, 0x1, 0xd7, 0xa8, 0x1, 0xc0,

    /* U+041C "М" */
    0xc6, 0x0, 0xee, 0x46, 0xc0, 0xc, 0xaa, 0x0,
    0x11, 0x0, 0x2f, 0xc0, 0x5, 0x50, 0x0, 0x24,
    0x1, 0x11, 0x0, 0xd, 0x40, 0x1b, 0x10, 0x34,
    0x80, 0x33, 0x71, 0xe0, 0x7, 0x8e, 0x5c, 0x3,
    0xda, 0x2, 0x1, 0x0,

    /* U+041D "Н" */
    0xb0, 0xc, 0x70, 0x1, 0xff, 0xc9, 0x7a, 0xad,
    0x0, 0xf5, 0x5a, 0x0, 0x3f, 0xf9, 0x40,

    /* U+041E "О" */
    0x0, 0x35, 0xdc, 0xe0, 0x13, 0x75, 0xdc, 0xe,
    0x0, 0xa8, 0x0, 0x9f, 0x0, 0x94, 0x3, 0x8c,
    0xc3, 0xc0, 0x1d, 0xee, 0x3c, 0x1, 0xde, 0xe4,
    0xa0, 0x1c, 0x86, 0x17, 0x0, 0x13, 0xd8, 0x1,
    0xfa, 0xee, 0x7, 0x0,

    /* U+041F "П" */
    0xca, 0xad, 0x8c, 0xf5, 0x5a, 0x0, 0x3f, 0xfc,
    0xc0,

    /* U+0420 "Р" */
    0xca, 0xa5, 0xb0, 0x3d, 0x52, 0xfc, 0xc0, 0x36,
    0x30, 0x4, 0x3e, 0xee, 0xaa, 0x44, 0x93, 0xd5,
    0x24, 0xc0, 0x3f, 0xf8, 0xe0,

    /* U+0421 "С" */
    0x0, 0x25, 0xd5, 0x40, 0x5, 0xdb, 0xaa, 0x80,
    0x13, 0x20, 0xe, 0x25, 0x0, 0xf0, 0x88, 0x3,
    0xc4, 0x20, 0x1e, 0x15, 0x0, 0xfa, 0xa4, 0x3,
    0xcd, 0xf9, 0x75, 0x40,

    /* U+0422 "Т" */
    0x9a, 0xbd, 0xaa, 0x1c, 0xd4, 0xad, 0x50, 0xc0,
    0x3f, 0xfc, 0xa0,

    /* U+0423 "У" */
    0xa1, 0x0, 0xd6, 0x13, 0x0, 0x13, 0x70, 0x19,
    0x84, 0x1, 0xaa, 0x0, 0x99, 0x2, 0x60, 0x4,
    0x64, 0x3c, 0xc0, 0x1a, 0x60, 0xc4, 0x3, 0x1a,
    0xd8, 0x7, 0x13, 0x10, 0x4, 0x35, 0x16, 0x1,
    0x80,

    /* U+0424 "Ф" */
    0x0, 0xd4, 0x1, 0xe7, 0xa4, 0xa9, 0x20, 0x5,
    0x1d, 0x25, 0x44, 0x91, 0x48, 0x1, 0xc, 0xdb,
    0x70, 0x7, 0x11, 0xb7, 0x0, 0x71, 0x19, 0x11,
    0x0, 0x21, 0x9b, 0xa, 0x3a, 0x4a, 0x89, 0x20,
    0x3, 0xd2, 0x54, 0x90, 0x0,

    /* U+0425 "Х" */
    0x56, 0x0, 0xa4, 0x97, 0x4, 0xc, 0x48, 0x22,
    0x1, 0x30, 0x0, 0x21, 0x9e, 0x0, 0xd6, 0xe8,
    0x1, 0xa6, 0xa0, 0x2, 0x5f, 0x41, 0x20, 0x1f,
    0x50, 0x88, 0x4, 0x40, 0x0, 0x3a, 0xa0,

    /* U+0426 "Ц" */
    0xb0, 0xc, 0xaa, 0x0, 0xff, 0xf6, 0xbd, 0x56,
    0x99, 0x2e, 0x55, 0x6c, 0xed, 0x0, 0xfc,

    /* U+0427 "Ч" */
    0xa, 0x0, 0xd6, 0x1, 0xff, 0xcb, 0x20, 0x1,
    0x80, 0x2e, 0xd5, 0x4b, 0x0, 0xc, 0xd5, 0x20,
    0x3, 0xff, 0x86,

    /* U+0428 "Ш" */
    0xb0, 0x9, 0x18, 0x2, 0xb0, 0xf, 0xff, 0xd3,
    0xdd, 0xd1, 0x77, 0x98,

    /* U+0429 "Щ" */
    0xb0, 0x9, 0x90, 0x2, 0xb0, 0xf, 0xff, 0xf8,
    0x4, 0xf5, 0x5a, 0x2a, 0xa5, 0x9c, 0xaa, 0xb3,
    0x15, 0x57, 0x18, 0x7, 0xfc,

    /* U+042A "Ъ" */
    0x9a, 0xc0, 0xe, 0x9a, 0x70, 0xf, 0xfe, 0x1b,
    0x55, 0x24, 0x80, 0x26, 0xaa, 0x44, 0x80, 0x78,
    0x70, 0xc0, 0x3f, 0xf8, 0x58, 0x60, 0x6, 0xaa,
    0x5f, 0x80,

    /* U+042B "Ы" */
    0xb0, 0xe, 0x46, 0x0, 0xff, 0xe2, 0x3d, 0x54,
    0x60, 0x13, 0xd5, 0x2e, 0x4, 0x3, 0x87, 0x90,
    0x3, 0xff, 0x85, 0xee, 0x0, 0x7a, 0xa5, 0xf9,
    0x0, 0x0,

    /* U+042C "Ь" */
    0xb0, 0xf, 0xfe, 0x35, 0x52, 0x4c, 0x1, 0x54,
    0x88, 0x8, 0x4, 0x3c, 0x80, 0x1f, 0xef, 0x70,
    0xaa, 0x5f, 0x90,

    /* U+042D "Э" */
    0x2b, 0xab, 0xa2, 0x2, 0xba, 0xb8, 0xe1, 0x0,
    0xc5, 0x10, 0x0, 0xe4, 0x50, 0x3a, 0xac, 0x20,
    0x75, 0x58, 0x40, 0x38, 0xd4, 0x3, 0xc, 0x41,
    0x2a, 0x97, 0x69, 0x10,

    /* U+042E "Ю" */
    0xb0, 0xa, 0x2e, 0xe4, 0x0, 0xd1, 0xb7, 0x77,
    0x90, 0x0, 0x49, 0x40, 0x29, 0xb0, 0x1, 0x68,
    0x6, 0x22, 0x3d, 0x79, 0x0, 0x79, 0xea, 0x8,
    0x3, 0xf2, 0xe0, 0x6, 0x22, 0x0, 0x4, 0x94,
    0x2, 0x9b, 0x0, 0xa7, 0x2e, 0xef, 0x20,

    /* U+042F "Я" */
    0x4, 0xba, 0xa6, 0x90, 0x45, 0xd5, 0x14, 0x5,
    0x80, 0x38, 0x44, 0x40, 0x1d, 0x51, 0x94, 0xa0,
    0x1, 0xe, 0xa5, 0x0, 0x19, 0x88, 0x3, 0x44,
    0x0, 0x32, 0xe0, 0x80, 0x60,

    /* U+0430 "а" */
    0x9, 0xaa, 0x48, 0x2, 0x6a, 0x9c, 0x80, 0x18,
    0xc8, 0x16, 0x21, 0xc0, 0x9b, 0x10, 0xe0, 0x2d,
    0x0, 0x68, 0x3f, 0xcc, 0xb4, 0x0,

    /* U+0431 "б" */
    0x0, 0xe1, 0x0, 0x96, 0xa9, 0x20, 0x6, 0x2a,
    0xa4, 0x0, 0x31, 0xc0, 0x31, 0x12, 0x6a, 0xcc,
    0x5, 0x62, 0xae, 0x1, 0xd4, 0x40, 0x18, 0x6f,
    0xe0, 0x10, 0xb9, 0x70, 0x5, 0xce, 0x24, 0x20,
    0x26, 0x60, 0x9b, 0xab, 0x90,

    /* U+0432 "в" */
    0xda, 0xa5, 0x9b, 0xd5, 0x2e, 0x40, 0x22, 0x37,
    0x9a, 0xfa, 0x79, 0xad, 0x80, 0xe, 0x7a, 0xa5,
    0xf0,

    /* U+0433 "г" */
    0xda, 0xa4, 0x3d, 0x52, 0x0, 0x3f, 0xf9, 0x0,

    /* U+0434 "д" */
    0x2, 0xca, 0xa6, 0x80, 0x6, 0xaa, 0x60, 0x3,
    0x98, 0x7, 0x8, 0x80, 0x38, 0x98, 0x3, 0xb4,
    0x80, 0x34, 0xbd, 0x54, 0xb2, 0x7b, 0x55, 0x71,
    0x80, 0x7c,

    /* U+0435 "е" */
    0x3, 0xa9, 0x90, 0x2, 0x2a, 0x76, 0x13, 0x0,
    0x8, 0x65, 0x75, 0x50, 0x95, 0x57, 0x26, 0x80,
    0x74, 0x55, 0x4c,

    /* U+0436 "ж" */
    0x64, 0x0, 0x50, 0x2, 0x49, 0xb8, 0x3, 0x18,
    0x90, 0x4b, 0x80, 0x53, 0x0, 0x3, 0xba, 0x4a,
    0xd0, 0x9, 0x6e, 0x92, 0xb4, 0x40, 0x1c, 0xe0,
    0x14, 0x40, 0x22, 0x0, 0x18, 0x84, 0xc0,

    /* U+0437 "з" */
    0x3a, 0x9a, 0x30, 0x3a, 0x9a, 0x80, 0xc, 0x22,
    0x0, 0x2d, 0x64, 0x0, 0x16, 0xb6, 0x40, 0x3e,
    0x5a, 0x9a, 0xe0,

    /* U+0438 "и" */
    0xa0, 0x0, 0xf1, 0x0, 0x52, 0x80, 0x11, 0x1,
    0x0, 0x51, 0x0, 0x9, 0x7c, 0x2, 0x1f, 0x50,
    0x9, 0x64, 0x3, 0x0,

    /* U+0439 "й" */
    0x7, 0x88, 0x0, 0x4f, 0x10, 0x0, 0x50, 0x0,
    0x78, 0x80, 0x29, 0x40, 0x8, 0x80, 0x80, 0x28,
    0x80, 0x4, 0xbe, 0x1, 0xf, 0xa8, 0x4, 0xb2,
    0x1, 0x80,

    /* U+043A "к" */
    0xa0, 0x2, 0xa8, 0x2, 0xf5, 0x0, 0x44, 0x1,
    0xe8, 0xc8, 0x1e, 0x8c, 0xc0, 0x14, 0x40, 0x3,
    0x7b, 0x80,

    /* U+043B "л" */
    0x4, 0xba, 0xa5, 0x80, 0xfd, 0x50, 0x40, 0xdc,
    0x3, 0x8, 0x80, 0x37, 0x98, 0x6, 0x21, 0x0,
    0xa8, 0x80, 0x30,

    /* U+043C "м" */
    0xe2, 0x0, 0x93, 0x16, 0xc0, 0x2e, 0x61, 0x0,
    0x84, 0x80, 0x1a, 0xc1, 0x34, 0x0, 0x4c, 0x2,
    0x20, 0x5, 0xb1, 0xe0, 0x19, 0x95, 0x40, 0x0,

    /* U+043D "н" */
    0xa0, 0xa, 0x44, 0x3, 0xff, 0x80, 0xf5, 0x52,
    0x3, 0xd5, 0x48, 0x1, 0xff, 0xc1,

    /* U+043E "о" */
    0x3, 0xaa, 0x88, 0x1, 0x15, 0x4b, 0x90, 0x4c,
    0x0, 0x9, 0x91, 0x40, 0x17, 0xb1, 0x10, 0x2,
    0xf6, 0x4c, 0x0, 0x9, 0x90, 0x45, 0x52, 0xe4,
    0x0,

    /* U+043F "п" */
    0xda, 0xab, 0x5e, 0xaa, 0x60, 0xf, 0xfe, 0x68,

    /* U+0440 "р" */
    0x97, 0xaa, 0x30, 0x22, 0x2a, 0x98, 0x42, 0x60,
    0xf, 0x47, 0x0, 0x98, 0x5c, 0x2, 0x61, 0x23,
    0x0, 0x73, 0xa5, 0xd5, 0xf0, 0x84, 0x55, 0xa8,
    0x7, 0xff, 0x4,

    /* U+0441 "с" */
    0x2, 0xaa, 0x88, 0x26, 0xea, 0x84, 0x98, 0x20,
    0x10, 0x90, 0x6, 0x12, 0x0, 0xc9, 0x80, 0x1d,
    0x15, 0x51, 0x80,

    /* U+0442 "т" */
    0x8a, 0xea, 0xa0, 0xc5, 0x25, 0x50, 0x40, 0x3f,
    0xfa, 0x40,

    /* U+0443 "у" */
    0xb0, 0x8, 0xe3, 0x54, 0x1, 0x74, 0xde, 0x0,
    0x32, 0x0, 0x8f, 0x0, 0x1c, 0xd4, 0xc0, 0x4,
    0xc3, 0x10, 0x8, 0xf0, 0x3, 0x1b, 0x0, 0x42,
    0x60, 0x14, 0x54, 0x0, 0x40,

    /* U+0444 "ф" */
    0x0, 0x8a, 0x0, 0x3f, 0xf9, 0x5, 0x50, 0xb4,
    0xa0, 0x9, 0xb8, 0x5a, 0xf3, 0x4c, 0x10, 0xa,
    0x28, 0x48, 0x3, 0x11, 0x4, 0x80, 0x31, 0x11,
    0x30, 0x40, 0x2b, 0xa0, 0x9b, 0x84, 0xad, 0x30,
    0x2a, 0x84, 0xa4, 0x0, 0xff, 0xe2, 0x80,

    /* U+0445 "х" */
    0x65, 0x0, 0x49, 0xb7, 0x9, 0x89, 0x84, 0xdc,
    0xc0, 0x0, 0x87, 0x40, 0x24, 0x3d, 0x10, 0x7,
    0xc4, 0x2c, 0x22, 0x0, 0x5a, 0xa0,

    /* U+0446 "ц" */
    0xa0, 0xa, 0xc0, 0x3f, 0xfa, 0x6f, 0x55, 0x2c,
    0xed, 0x55, 0xc6, 0x1, 0xe0,

    /* U+0447 "ч" */
    0x47, 0x0, 0xac, 0x3, 0xce, 0x1, 0xc7, 0x80,
    0x1, 0x0, 0x7d, 0x4c, 0x80, 0x9, 0x53, 0x0,
    0x1f, 0x0,

    /* U+0448 "ш" */
    0xb0, 0x1, 0xc0, 0x1, 0x90, 0x3, 0xff, 0xc2,
    0xd5, 0x48, 0x5a, 0xa8, 0x0,

    /* U+0449 "щ" */
    0xa0, 0x1, 0xb8, 0x1, 0xcc, 0x3, 0xff, 0xce,
    0xf5, 0x48, 0xba, 0xaa, 0xb, 0x6a, 0x97, 0x95,
    0x4d, 0xc1, 0x0, 0xff, 0x0,

    /* U+044A "ъ" */
    0x8a, 0xb0, 0xd, 0x14, 0x20, 0x1f, 0xfc, 0x17,
    0xa9, 0x90, 0x80, 0x1e, 0xa6, 0xe0, 0x3, 0x8c,
    0xc0, 0x7, 0xaa, 0x5c, 0x0,

    /* U+044B "ы" */
    0xa0, 0xc, 0x8e, 0x1, 0xff, 0xc2, 0x7a, 0x99,
    0x8, 0x1, 0xea, 0x6a, 0x0, 0x38, 0x40, 0x27,
    0xa9, 0x8b, 0x0, 0x0,

    /* U+044C "ь" */
    0xa0, 0xf, 0xfe, 0x13, 0xd4, 0xc8, 0x5e, 0xa6,
    0xe0, 0x2, 0x33, 0x3d, 0x52, 0xe0,

    /* U+044D "э" */
    0x2a, 0xa8, 0x80, 0xaa, 0x97, 0x20, 0x18, 0x4c,
    0xc1, 0x15, 0x44, 0x70, 0x8a, 0xa5, 0xb0, 0x4,
    0x38, 0x49, 0x35, 0x72, 0x0,

    /* U+044E "ю" */
    0xa0, 0x4, 0x4d, 0x30, 0x4, 0xbd, 0x35, 0xc6,
    0x0, 0xf6, 0x0, 0x55, 0xbd, 0x38, 0x4, 0x44,
    0x7a, 0x60, 0x8, 0x88, 0x0, 0xd6, 0x0, 0x55,
    0x80, 0x1b, 0xaa, 0x9c, 0x60,

    /* U+044F "я" */
    0x9, 0xaa, 0xa4, 0xc6, 0xa9, 0x60, 0x24, 0x1,
    0x8b, 0x31, 0x56, 0x0, 0x46, 0xab, 0x0, 0x44,
    0x0, 0x24, 0x22, 0x0, 0x40,

    /* U+0450 "ѐ" */
    0x0, 0xfd, 0x44, 0x1, 0xaa, 0xc0, 0x3a, 0x40,
    0x23, 0xa9, 0x90, 0x2, 0x2a, 0x76, 0x13, 0x0,
    0x8, 0x65, 0x75, 0x50, 0x95, 0x57, 0x26, 0x80,
    0x74, 0x55, 0x4c,

    /* U+0451 "ё" */
    0x0, 0x50, 0x50, 0x5, 0x41, 0x40, 0x3, 0xa9,
    0x90, 0x2, 0x2a, 0x76, 0x13, 0x0, 0x8, 0x65,
    0x75, 0x50, 0x95, 0x57, 0x26, 0x80, 0x74, 0x55,
    0x4c,

    /* U+0452 "ђ" */
    0xb, 0x0, 0xe8, 0x69, 0x91, 0x0, 0x21, 0xa6,
    0x44, 0x1, 0xb, 0xd5, 0xa8, 0x1, 0xd2, 0xaf,
    0x80, 0x2, 0x60, 0x2, 0x10, 0x70, 0x8, 0x4c,
    0x3, 0xff, 0x95, 0x60, 0x18, 0xc0, 0x38, 0x84,
    0x2, 0x4a, 0x20,

    /* U+0453 "ѓ" */
    0x0, 0x3a, 0x81, 0x8a, 0x81, 0xb0, 0x6d, 0x52,
    0x1e, 0xa9, 0x0, 0x1f, 0xfc, 0x80,

    /* U+0454 "є" */
    0x2, 0xaa, 0x88, 0x26, 0xea, 0x84, 0x98, 0x20,
    0x10, 0xe5, 0x52, 0x0, 0x76, 0xa9, 0x0, 0x9a,
    0x1, 0xd1, 0x55, 0x10,

    /* U+0455 "ѕ" */
    0x9, 0x95, 0x42, 0xe4, 0xd4, 0x3f, 0x88, 0x0,
    0xa6, 0x24, 0x40, 0xe6, 0x28, 0x2, 0x10, 0x5a,
    0x9a, 0xf0,

    /* U+0456 "і" */
    0xb, 0xb, 0xa, 0x0, 0xff, 0xe0, 0x0,

    /* U+0457 "ї" */
    0x95, 0x69, 0x56, 0xb, 0x0, 0xff, 0xe3, 0x80,

    /* U+0458 "ј" */
    0x0, 0x58, 0x2, 0xc0, 0x14, 0x1, 0xff, 0xcc,
    0x6b, 0xe0,

    /* U+0459 "љ" */
    0x4, 0xba, 0xa8, 0x3, 0x87, 0xea, 0x80, 0x1e,
    0x37, 0x0, 0x3d, 0x51, 0xc0, 0x2, 0x20, 0x3,
    0xd5, 0x1, 0x43, 0xcc, 0x3, 0x97, 0x40, 0x84,
    0x3, 0x9f, 0xab, 0x40, 0x24, 0xbb, 0x63, 0x0,

    /* U+045A "њ" */
    0xa0, 0xa, 0xc0, 0x3f, 0xf9, 0x4f, 0x55, 0x2d,
    0x4c, 0x89, 0xea, 0xa4, 0xa9, 0x88, 0x0, 0x7c,
    0x22, 0x0, 0xc3, 0x53, 0x50,

    /* U+045B "ћ" */
    0xb, 0x0, 0xe8, 0x69, 0x91, 0x80, 0x21, 0xa6,
    0x46, 0x1, 0xb, 0xd5, 0xb0, 0x1, 0xce, 0xaf,
    0x40, 0x2, 0x80, 0x3, 0x20, 0x70, 0xb, 0xc4,
    0x3, 0xff, 0x92,

    /* U+045C "ќ" */
    0x0, 0x15, 0x0, 0x57, 0x40, 0x14, 0x80, 0x28,
    0x0, 0xaa, 0x0, 0xbd, 0x40, 0x11, 0x0, 0x7a,
    0x32, 0x7, 0xa3, 0x30, 0x5, 0x10, 0x0, 0xde,
    0xe0,

    /* U+045D "ѝ" */
    0x1, 0x0, 0xe9, 0x40, 0xd, 0x18, 0x20, 0x1a,
    0x4, 0x1, 0x40, 0x1, 0xe2, 0x0, 0xa5, 0x0,
    0x22, 0x2, 0x0, 0xa2, 0x0, 0x12, 0xf8, 0x4,
    0x3e, 0xa0, 0x12, 0xc8, 0x6,

    /* U+045E "ў" */
    0x4, 0x88, 0x18, 0x1, 0x22, 0x6, 0x16, 0x1,
    0x1c, 0x6a, 0x80, 0x2e, 0x9b, 0xc0, 0x6, 0x40,
    0x11, 0xe0, 0x3, 0x9a, 0x98, 0x0, 0x98, 0x62,
    0x1, 0x1e, 0x0, 0x63, 0x60, 0x8, 0x4c, 0x2,
    0x8a, 0x80, 0x8,

    /* U+045F "џ" */
    0xa0, 0xa, 0x80, 0x3f, 0xfa, 0x6f, 0x55, 0x38,
    0x6d, 0x5, 0x68, 0x7, 0xc0,

    /* U+0460 "Ѡ" */
    0x92, 0x0, 0xd, 0x0, 0x48, 0xfc, 0xc0, 0x1,
    0x60, 0x8, 0x48, 0xa0, 0xf, 0x8c, 0x5f, 0xc0,
    0x4, 0x64, 0x0, 0xf5, 0x22, 0x0, 0x2a, 0x10,
    0x0, 0x42, 0x4, 0x40, 0x27, 0xd0, 0x12, 0x0,
    0x52, 0xa6, 0x1, 0x11, 0xf4, 0x0, 0x7b, 0xa7,
    0xb, 0xb6, 0xa0, 0x5, 0xe4, 0x20, 0x47, 0xa0,
    0x0,

    /* U+0461 "ѡ" */
    0xa0, 0xa, 0x80, 0x2a, 0x22, 0x0, 0x4, 0x0,
    0x47, 0xac, 0x1, 0xcd, 0xe9, 0xa0, 0x2a, 0x41,
    0xa8, 0x26, 0x13, 0x4a, 0x6, 0x41, 0x8a, 0x29,
    0xab, 0xe0, 0x6, 0x8a, 0xf, 0xe5, 0x0,

    /* U+0462 "Ѣ" */
    0x0, 0x58, 0x7, 0x45, 0x2d, 0x51, 0x40, 0x11,
    0x4b, 0x54, 0x50, 0xf, 0xfe, 0xd, 0x54, 0xa0,
    0x1a, 0xaa, 0xc3, 0x0, 0xf6, 0xa8, 0x7, 0xb0,
    0x80, 0x2a, 0xa5, 0xfa, 0x0,

    /* U+0463 "ѣ" */
    0x2, 0x20, 0x7, 0x3b, 0x80, 0x34, 0x4c, 0xa9,
    0x0, 0x11, 0x32, 0xa4, 0x0, 0xff, 0xa6, 0xa9,
    0x22, 0x0, 0x9a, 0xa4, 0x58, 0x7, 0x8, 0x5,
    0x35, 0x54, 0x80,

    /* U+0464 "Ѥ" */
    0xb0, 0xc, 0xf7, 0x56, 0xc0, 0x1a, 0x46, 0xea,
    0xd8, 0x2, 0x23, 0x60, 0xf, 0x93, 0xc0, 0x39,
    0xea, 0x97, 0xd5, 0x52, 0x83, 0xd5, 0x5f, 0x55,
    0x28, 0x6, 0x3c, 0x0, 0xfc, 0x86, 0x80, 0x1f,
    0xaf, 0x6e, 0xa8, 0xa0,

    /* U+0465 "ѥ" */
    0xa0, 0xa, 0x2a, 0x8c, 0x1, 0x3e, 0xd5, 0x18,
    0x2, 0xc5, 0x0, 0x9e, 0xa8, 0xb5, 0x51, 0x3d,
    0x51, 0x6a, 0xa2, 0x0, 0x88, 0xc0, 0x3d, 0x35,
    0x53, 0x0,

    /* U+0466 "Ѧ" */
    0x0, 0xb1, 0x0, 0x38, 0x93, 0x40, 0x3a, 0xa8,
    0x60, 0x1c, 0x65, 0xec, 0x1, 0x23, 0xe7, 0x68,
    0x5, 0xda, 0xb4, 0x44, 0x1, 0x1, 0x0, 0x55,
    0x1, 0xf8, 0x2, 0x33, 0x6, 0xa0, 0x6, 0xc4,

    /* U+0467 "ѧ" */
    0x0, 0x44, 0x0, 0x30, 0x88, 0x2, 0x5c, 0xc2,
    0x80, 0x3f, 0xb9, 0xe0, 0x27, 0xfc, 0x62, 0xfa,
    0x0, 0xd7, 0xc4, 0x0, 0x26, 0x80,

    /* U+0468 "Ѩ" */
    0xb0, 0xc, 0xf0, 0x1, 0xfb, 0x48, 0x3, 0xe3,
    0xdc, 0x50, 0xf, 0x53, 0x3f, 0x80, 0x1e, 0xaa,
    0x7a, 0xa2, 0x8, 0x3d, 0x53, 0xef, 0xf6, 0xd8,
    0x3, 0x72, 0x80, 0x17, 0x0, 0x22, 0x20, 0x6,
    0x33, 0x0, 0x2a, 0x80, 0x1a, 0xa8,

    /* U+0469 "ѩ" */
    0xa0, 0x1, 0xe8, 0x7, 0xae, 0xca, 0x1, 0xc4,
    0xde, 0x0, 0x7a, 0xb6, 0xb7, 0x10, 0x7a, 0x1c,
    0x19, 0x70, 0x0, 0x98, 0x1, 0x30, 0x0, 0xfa,
    0x1, 0x11, 0x0,

    /* U+046A "Ѫ" */
    0xe, 0xbb, 0xda, 0xc0, 0x9, 0xeb, 0xb5, 0x33,
    0x0, 0xf, 0xe4, 0x17, 0x20, 0x1a, 0xe5, 0xb0,
    0x80, 0x21, 0x87, 0x8c, 0x40, 0xa, 0xed, 0xcd,
    0x5c, 0x20, 0x20, 0x40, 0x14, 0xb0, 0x3f, 0x80,
    0x63, 0xc0, 0xd5, 0x0, 0xe2, 0x10,

    /* U+046B "ѫ" */
    0xe, 0xaa, 0xb5, 0x40, 0x17, 0x95, 0x6e, 0xa0,
    0x5, 0xe3, 0xbb, 0x0, 0x46, 0x5a, 0x2c, 0x1,
    0x45, 0x25, 0x82, 0x3, 0x70, 0x4, 0xfc, 0x18,
    0xa0, 0x18, 0xc4,

    /* U+046C "Ѭ" */
    0xb0, 0x7, 0x5d, 0xed, 0x60, 0xd, 0x1d, 0x76,
    0xa7, 0x60, 0xc, 0xde, 0x41, 0x10, 0x0, 0xf5,
    0xcb, 0x79, 0x0, 0x1e, 0x65, 0x5a, 0xf1, 0x88,
    0x0, 0x79, 0x91, 0xf7, 0x1e, 0xb8, 0x40, 0x21,
    0x32, 0x0, 0xa5, 0x80, 0x27, 0xf0, 0xc, 0x78,
    0x1, 0x62, 0x80, 0x71, 0x10,

    /* U+046D "ѭ" */
    0xa0, 0xab, 0xaa, 0xac, 0x2, 0xb1, 0xaa, 0x1c,
    0x80, 0x43, 0x30, 0xd8, 0x40, 0xf3, 0x2f, 0x5b,
    0xc1, 0x7, 0x91, 0xf9, 0xbb, 0x80, 0x22, 0x30,
    0x1, 0x18, 0x82, 0xf8, 0x6, 0xa6,

    /* U+046E "Ѯ" */
    0x3, 0x40, 0x83, 0x0, 0x1e, 0x5c, 0x98, 0x15,
    0x11, 0xd1, 0x81, 0xdd, 0x45, 0xc0, 0x8, 0x80,
    0x3f, 0x94, 0xc0, 0xb, 0x5b, 0xd0, 0x0, 0x5a,
    0xd8, 0xb0, 0xe, 0x31, 0x10, 0x6, 0x16, 0x10,
    0x79, 0xab, 0xe0, 0x72, 0x9a, 0xa1, 0x2, 0xfd,
    0x55, 0x0, 0x55, 0x5a, 0x0,

    /* U+046F "ѯ" */
    0x7, 0x5, 0x60, 0x3b, 0x26, 0x4f, 0x3c, 0x44,
    0x5c, 0x5f, 0x0, 0x44, 0x40, 0x4a, 0xf9, 0x4,
    0xad, 0xb0, 0xc, 0x25, 0x13, 0x5f, 0x33, 0x52,
    0x74, 0x4c, 0xc0,

    /* U+0470 "Ѱ" */
    0xb0, 0x4, 0x88, 0x23, 0x0, 0x7f, 0xf2, 0x84,
    0x3, 0xed, 0x5e, 0x90, 0x8, 0xce, 0x5d, 0x94,
    0xbb, 0x80, 0x9, 0x29, 0x70, 0x1, 0xfe,

    /* U+0471 "ѱ" */
    0x0, 0x86, 0x40, 0x3f, 0xf9, 0x14, 0x1, 0x8d,
    0xc0, 0x3c, 0x5c, 0x1, 0xe1, 0x30, 0xf, 0xfe,
    0x10, 0x98, 0x0, 0x80, 0x28, 0xa0, 0xb8, 0xb4,
    0xaf, 0x30, 0x1a, 0xb4, 0xa6, 0x0, 0xff, 0xe2,
    0x80,

    /* U+0472 "Ѳ" */
    0x0, 0x35, 0xd5, 0xc0, 0x4, 0xdd, 0x75, 0x7b,
    0x40, 0xa, 0x80, 0x9, 0x40, 0x88, 0xa0, 0x1d,
    0x8e, 0x29, 0x55, 0xe3, 0x15, 0xaa, 0xe9, 0x32,
    0x30, 0xe, 0xc4, 0xd, 0x70, 0x9, 0x0, 0x41,
    0x86, 0xea, 0x99, 0x20,

    /* U+0473 "ѳ" */
    0x2, 0xaa, 0x8c, 0x1, 0x35, 0x54, 0x1, 0x18,
    0x5, 0x88, 0xc9, 0x55, 0x60, 0xbd, 0xd5, 0x5a,
    0x27, 0x80, 0x16, 0xa0, 0x4d, 0x55, 0x0,

    /* U+0474 "Ѵ" */
    0xb0, 0xc, 0x34, 0xd8, 0x80, 0x13, 0x4b, 0x2e,
    0x80, 0x5a, 0x60, 0x44, 0x0, 0x9, 0x80, 0x5a,
    0xa0, 0xfa, 0x1, 0x3f, 0x86, 0x20, 0x4, 0x20,
    0x20, 0x1e, 0xf8, 0xc0, 0xe, 0x56, 0x70, 0x8,

    /* U+0475 "ѵ" */
    0xb0, 0x8, 0xec, 0x30, 0xc0, 0x15, 0x60, 0xb6,
    0x0, 0x30, 0x1, 0x10, 0x13, 0xc0, 0x2d, 0x3d,
    0x40, 0x9, 0xac, 0xc4, 0x2, 0x13, 0xc0, 0x8,

    /* U+0476 "Ѷ" */
    0x0, 0xfe, 0x92, 0x92, 0x0, 0xd3, 0x53, 0x40,
    0x1d, 0x1, 0x0, 0x15, 0x80, 0x61, 0xa6, 0xc4,
    0x0, 0x9a, 0x59, 0x74, 0x2, 0xd3, 0x2, 0x20,
    0x0, 0x4c, 0x2, 0xd5, 0x7, 0xd0, 0x9, 0xfc,
    0x31, 0x0, 0x21, 0x1, 0x0, 0xf7, 0xc6, 0x0,
    0x72, 0xb3, 0x80, 0x40,

    /* U+0477 "ѷ" */
    0x0, 0xf9, 0x1d, 0x1c, 0x2, 0x40, 0x50, 0x10,
    0x9, 0xc5, 0xc4, 0x1, 0x60, 0x11, 0xd8, 0x61,
    0x80, 0x2a, 0xc1, 0x6c, 0x0, 0x60, 0x2, 0x20,
    0x27, 0x80, 0x5a, 0x7a, 0x80, 0x13, 0x59, 0x88,
    0x4, 0x27, 0x80, 0x10,

    /* U+0478 "Ѹ" */
    0x0, 0x3d, 0xd5, 0x8, 0x3, 0xf3, 0x8d, 0xd5,
    0xc8, 0x7, 0xec, 0x60, 0x0, 0xeb, 0x48, 0x80,
    0x6, 0x88, 0xc0, 0x32, 0x7d, 0x30, 0x1, 0xf8,
    0x7c, 0x3, 0x19, 0xd8, 0x0, 0xc4, 0x1f, 0x0,
    0xc6, 0x60, 0x33, 0x9, 0x81, 0x18, 0x6, 0x7c,
    0xa, 0xb7, 0xa0, 0x1, 0xa8, 0x0, 0x79, 0x40,
    0x89, 0x86, 0x0, 0x8d, 0xba, 0xb9, 0x0, 0xb0,
    0x80, 0x34, 0x5d, 0x50, 0x80, 0x2e, 0xa0, 0xf,
    0xfe, 0x1, 0x10, 0x3, 0xfc, 0xf5, 0x20, 0x10,

    /* U+0479 "ѹ" */
    0x2, 0xaa, 0x8c, 0x28, 0x2, 0x64, 0x9, 0xba,
    0xa4, 0x1, 0x88, 0x3, 0x50, 0x8c, 0x40, 0x18,
    0x94, 0xc0, 0x24, 0xd, 0xc0, 0x11, 0x9, 0xe8,
    0x35, 0x3, 0xf0, 0x4, 0x42, 0x4, 0x4d, 0x30,
    0x33, 0x8, 0x3, 0x10, 0x2a, 0xc8, 0x2, 0x9b,
    0xaa, 0x40, 0x0, 0x96, 0x80, 0x22, 0xaa, 0x8c,
    0x2, 0x72, 0x0, 0xff, 0x26, 0x80, 0x7f, 0xc,
    0xf3, 0x0, 0x40,

    /* U+047A "Ѻ" */
    0x0, 0xce, 0x60, 0x1c, 0xf7, 0x51, 0x64, 0x0,
    0x60, 0xbd, 0xba, 0x90, 0x5, 0x38, 0x4, 0x3a,
    0xa4, 0xa0, 0x1c, 0x98, 0x3c, 0x1, 0xc4, 0x63,
    0xe0, 0x1c, 0x20, 0x46, 0x1, 0xcb, 0xa0, 0x46,
    0x1, 0xbd, 0x82, 0x20, 0xce, 0xd5, 0xc2, 0x3,
    0x65, 0x7d, 0x6a, 0x0,

    /* U+047B "ѻ" */
    0x0, 0x26, 0xc0, 0x80, 0x20, 0xaf, 0x2c, 0x44,
    0x4c, 0xc4, 0x96, 0x5c, 0x0, 0x8f, 0x40, 0x40,
    0x39, 0x78, 0x2, 0x4d, 0x1e, 0x66, 0x27, 0xb0,
    0x39, 0x59, 0xd0, 0x80,

    /* U+047C "Ѽ" */
    0x0, 0xcd, 0x2a, 0x1, 0xfd, 0xd0, 0x10, 0x20,
    0x1f, 0x43, 0x94, 0x8, 0x7, 0xe5, 0x30, 0xf,
    0xf9, 0x0, 0x3e, 0x9a, 0xa0, 0x9d, 0x52, 0x40,
    0x29, 0xaa, 0x88, 0xea, 0x9b, 0x0, 0x2, 0x30,
    0xf, 0x21, 0x81, 0x18, 0x7, 0xe1, 0x1b, 0xc0,
    0x3f, 0x11, 0x8f, 0x0, 0x4c, 0xa0, 0x11, 0x19,
    0x28, 0x7, 0xe6, 0x10, 0x45, 0x0, 0x8, 0x4,
    0xd6, 0x0, 0x8c, 0xba, 0xfc, 0xab, 0xe7, 0x0,

    /* U+047D "ѽ" */
    0x0, 0x96, 0x6a, 0x50, 0x3, 0x96, 0x6, 0x50,
    0x3, 0xec, 0x0, 0xfe, 0x70, 0xe, 0x3a, 0xa1,
    0x4, 0x54, 0x80, 0x22, 0xa8, 0x61, 0x15, 0x8c,
    0x66, 0x0, 0xf2, 0xe3, 0xf0, 0x4, 0x80, 0x10,
    0xb7, 0x0, 0x7, 0x40, 0x21, 0x23, 0x0, 0x19,
    0x80, 0xf, 0xe1, 0x35, 0x4b, 0xca, 0xa7, 0xa8,

    /* U+047E "Ѿ" */
    0x0, 0xa1, 0xe5, 0xdc, 0x1, 0xe9, 0x78, 0x76,
    0x0, 0xf0, 0x80, 0x80, 0x80, 0x52, 0x40, 0x1,
    0xa0, 0x9, 0x1f, 0x98, 0x0, 0x2c, 0x1, 0x9,
    0x14, 0x1, 0xf1, 0x8b, 0xf8, 0x0, 0x8c, 0x80,
    0x1e, 0xa4, 0x40, 0x5, 0x42, 0x0, 0x8, 0x40,
    0x88, 0x4, 0xfa, 0x2, 0x40, 0xa, 0x54, 0xc0,
    0x22, 0x3e, 0x80, 0xf, 0x74, 0xe1, 0x76, 0xd4,
    0x0, 0xbc, 0x84, 0x8, 0xf4, 0x0,

    /* U+047F "ѿ" */
    0x0, 0x4b, 0xd3, 0xc0, 0x6, 0x97, 0xa7, 0x80,
    0x5, 0x0, 0x54, 0x1, 0x51, 0x10, 0x0, 0x20,
    0x2, 0x3d, 0x60, 0xe, 0x6f, 0x4d, 0x1, 0x52,
    0xd, 0x41, 0x30, 0x9a, 0x50, 0x32, 0xc, 0x51,
    0x4d, 0x5f, 0x0, 0x34, 0x50, 0x7f, 0x28, 0x0,

    /* U+0480 "Ҁ" */
    0x0, 0x25, 0x56, 0x0, 0x27, 0x55, 0x60, 0x4,
    0x50, 0x7, 0x12, 0x80, 0x78, 0x78, 0x3, 0xc3,
    0xc0, 0x1e, 0x25, 0x0, 0xfa, 0xa4, 0x3, 0xcd,
    0x97, 0x50, 0x1, 0x96, 0xe8, 0xc0, 0x3f, 0xf8,
    0xc0,

    /* U+0481 "ҁ" */
    0x2, 0xaa, 0x8c, 0x26, 0xea, 0x86, 0x70, 0x80,
    0x4f, 0xc0, 0x19, 0xb8, 0x3, 0x11, 0x88, 0x6,
    0x9b, 0xa7, 0x0, 0x15, 0x53, 0x40, 0x3f, 0xf8,
    0x20,

    /* U+0482 "҂" */
    0x0, 0xff, 0xe0, 0x48, 0x4, 0xae, 0xda, 0x1,
    0x2a, 0x40, 0x7, 0x26, 0x91, 0x8c, 0x9f, 0x1b,
    0x18, 0xc7, 0x88, 0x7, 0x25, 0xb8, 0x4, 0xd2,
    0x6e, 0x0,

    /* U+0483 "҃" */
    0x0, 0xc4, 0x93, 0x10, 0x55, 0x44, 0x4e,

    /* U+0484 "҄" */
    0x0, 0x3c, 0xa2, 0x21, 0x64, 0x80,

    /* U+0485 "҅" */
    0xb, 0x0, 0x18, 0x2, 0x0,

    /* U+0486 "҆" */
    0xa, 0x10, 0x21, 0x8, 0x0,

    /* U+0487 "҇" */
    0x8, 0x94, 0x0, 0xf, 0x48, 0xc8, 0x80,

    /* U+0488 "҈" */
    0x0, 0xe1, 0x98, 0x0, 0xff, 0x8a, 0x64, 0x40,
    0x1e, 0x19, 0x80, 0x30, 0x12, 0x9, 0x90, 0x4,
    0xb3, 0x44, 0x1, 0x8e, 0x20, 0x60, 0x4, 0x2,
    0x20, 0x6, 0x31, 0x11, 0x80, 0x7f, 0xf0, 0xd2,
    0x58, 0x3, 0xf3, 0x49, 0x84, 0x90, 0x7, 0xe2,
    0x96, 0x40, 0x40, 0xf, 0xc8, 0xa, 0x1, 0xff,
    0xc3, 0x19, 0x80, 0xe, 0x19, 0x90, 0x80, 0xa,
    0x68, 0x80, 0x31, 0xcc, 0x18, 0x0, 0xc0, 0x88,
    0x33, 0x0, 0x40, 0x24, 0x1, 0xe5, 0x9a, 0x30,
    0xe,

    /* U+0489 "҉" */
    0x0, 0xfa, 0x0, 0x3f, 0x10, 0x4, 0xba, 0x1,
    0xf9, 0x98, 0x0, 0x14, 0x0, 0x14, 0x80, 0x64,
    0xd0, 0x2, 0x8, 0x1c, 0x40, 0x3, 0xa8, 0x3,
    0x8e, 0x84, 0x3, 0x84, 0x3, 0xfc, 0xae, 0x60,
    0x1f, 0x9c, 0xc1, 0x51, 0x0, 0x1f, 0x91, 0xa,
    0x6, 0xe0, 0x1f, 0x8d, 0xd4, 0x3, 0xff, 0x8b,
    0x6, 0x1, 0xd4, 0x1, 0xd3, 0xa6, 0x2, 0x80,
    0x2, 0x20, 0x6, 0x95, 0x0, 0x20, 0x80, 0x20,
    0x40, 0x3f, 0x6a, 0x80, 0x46, 0x0,

    /* U+048A "Ҋ" */
    0x6, 0x40, 0x55, 0x0, 0x4d, 0x90, 0x4a, 0x1,
    0xa2, 0xe, 0x1, 0x50, 0x6, 0x79, 0x0, 0xe2,
    0xd0, 0xf, 0x44, 0x0, 0x39, 0xb0, 0xc0, 0x30,
    0xeb, 0x0, 0x74, 0x48, 0x7, 0x20, 0x90, 0x7,
    0x7c, 0x0, 0x73, 0x78, 0x6, 0x45, 0xc4, 0x0,
    0x86, 0xd8, 0x3, 0xda, 0x60, 0x1e, 0xe0,

    /* U+048B "ҋ" */
    0x14, 0x0, 0x28, 0x0, 0x4e, 0x25, 0xc0, 0x27,
    0x89, 0x20, 0x5, 0x0, 0x5a, 0x60, 0x19, 0xd0,
    0x3, 0x17, 0x78, 0x6, 0x88, 0x0, 0x64, 0xc1,
    0x0, 0xdc, 0xc0, 0x19, 0x24, 0x2, 0x81, 0xe3,
    0x0, 0x31, 0x8, 0x7, 0xfc, 0x54, 0x0,

    /* U+048C "Ҍ" */
    0xb, 0x0, 0xe8, 0x5a, 0x60, 0xa, 0x16, 0x98,
    0x3, 0xfe, 0x7a, 0xa9, 0x0, 0xf, 0x55, 0x71,
    0x80, 0x77, 0xa8, 0x7, 0x62, 0x83, 0xd5, 0x2f,
    0x8c,

    /* U+048D "ҍ" */
    0xb, 0x0, 0xff, 0xe0, 0x2b, 0x4a, 0x80, 0x4a,
    0xd2, 0xa0, 0x1f, 0xfc, 0x7a, 0xaa, 0x0, 0x2a,
    0xab, 0xd4, 0x3, 0x84, 0x2, 0xaa, 0xbd, 0x40,

    /* U+048E "Ҏ" */
    0xca, 0xa5, 0xb8, 0x3d, 0x52, 0xfd, 0x0, 0x36,
    0x90, 0x0, 0xa3, 0xd1, 0xea, 0xf, 0x9, 0xea,
    0x96, 0x20, 0x1c, 0xe0, 0x1f, 0xfc, 0x10,

    /* U+048F "ҏ" */
    0x97, 0xaa, 0x30, 0x22, 0x2a, 0x98, 0x42, 0x60,
    0xe, 0x47, 0x0, 0x9c, 0x5c, 0x0, 0x2c, 0x24,
    0x61, 0x7c, 0xe9, 0x74, 0x23, 0x4, 0x55, 0xe0,
    0x7, 0x30, 0x7, 0xc0,

    /* U+0490 "Ґ" */
    0x0, 0xd4, 0x1, 0xd9, 0x55, 0x3, 0xd5, 0x60,
    0xf, 0xfe, 0xb8,

    /* U+0491 "ґ" */
    0x0, 0xa8, 0x3, 0x6c, 0xc8, 0x9e, 0x65, 0x0,
    0x1f, 0xfc, 0x80,

    /* U+0492 "Ғ" */
    0xc, 0xaa, 0xc0, 0xf5, 0x58, 0x3, 0xff, 0x80,
    0xeb, 0x54, 0x40, 0x75, 0xaa, 0x20, 0x7, 0xff,
    0x1c,

    /* U+0493 "ғ" */
    0xd, 0xaa, 0x40, 0x3d, 0x52, 0x0, 0x3a, 0x1e,
    0x60, 0x21, 0xe6, 0x0, 0x3f, 0xe0,

    /* U+0494 "Ҕ" */
    0xca, 0xac, 0x0, 0x7a, 0xac, 0x1, 0xff, 0xc4,
    0x7a, 0xa8, 0xc0, 0xf, 0x54, 0xb8, 0x40, 0xc,
    0x35, 0xe0, 0x1c, 0x2e, 0x1, 0xe7, 0xb, 0x0,
    0xff, 0x3e, 0x80, 0x1a, 0xb3, 0xd8, 0x0,

    /* U+0495 "ҕ" */
    0xda, 0xa4, 0x83, 0xd5, 0x24, 0x3, 0xcf, 0x54,
    0x60, 0x7a, 0xa7, 0x28, 0x5, 0x1e, 0x1, 0x86,
    0x80, 0x21, 0x0, 0x97, 0x2, 0xa9, 0x8c,

    /* U+0496 "Җ" */
    0x66, 0x0, 0x24, 0x40, 0x16, 0x2d, 0xe6, 0x1,
    0xa6, 0x42, 0x13, 0x21, 0x0, 0x3e, 0x10, 0x5,
    0x76, 0x4, 0xf5, 0x0, 0xc2, 0x49, 0x32, 0x0,
    0xe3, 0x14, 0xfb, 0x0, 0xc3, 0x32, 0x2, 0xe8,
    0x0, 0xae, 0xc0, 0x12, 0x2, 0x84, 0x70, 0x80,
    0x68, 0xe9, 0x84, 0x0, 0x48, 0x80, 0x2c, 0xc0,
    0x3f, 0xf8, 0xfe,

    /* U+0497 "җ" */
    0x57, 0x4, 0x60, 0x47, 0x5, 0xf4, 0x0, 0x16,
    0xb8, 0x2, 0x34, 0x45, 0x12, 0x1, 0xae, 0x2b,
    0xc0, 0x3a, 0x26, 0xfc, 0x40, 0x2a, 0x80, 0x5,
    0xd8, 0x1, 0x1c, 0x40, 0x1, 0x8b, 0x58, 0x40,
    0x46, 0x2, 0x9d, 0x0, 0xff, 0xe2, 0x1e, 0x0,

    /* U+0498 "Ҙ" */
    0x2b, 0xaa, 0x84, 0xa, 0xea, 0x93, 0x60, 0x1c,
    0x62, 0x1, 0xcd, 0xa0, 0x4, 0xac, 0xc3, 0x0,
    0x12, 0xb2, 0x68, 0x3, 0x8c, 0x40, 0x38, 0x5c,
    0x16, 0xa9, 0x75, 0xe0, 0xb5, 0x67, 0x66, 0x1,
    0x8, 0x7, 0x94, 0x80, 0x20,

    /* U+0499 "ҙ" */
    0x3a, 0x9a, 0x30, 0x3a, 0x9a, 0x80, 0xc, 0x22,
    0x0, 0x2d, 0x64, 0x0, 0x16, 0xb6, 0x40, 0x3e,
    0x5a, 0x9a, 0xe0, 0x5a, 0xeb, 0x50, 0x9, 0x58,
    0x2, 0x18, 0x30, 0x0,

    /* U+049A "Қ" */
    0xb0, 0xa, 0x14, 0x3, 0x3f, 0x28, 0x4, 0xc0,
    0xc0, 0x12, 0xf3, 0x80, 0x69, 0x90, 0x7, 0x75,
    0x0, 0x71, 0x45, 0x0, 0x71, 0xfc, 0x80, 0x72,
    0xfe, 0x1d, 0x80, 0x4d, 0x2c, 0x1, 0xff, 0xc0,
    0x77, 0x0,

    /* U+049B "қ" */
    0xa0, 0x5, 0x8, 0x2, 0x60, 0x41, 0xf4, 0x81,
    0xb1, 0x0, 0xd, 0xae, 0x1, 0x37, 0xa0, 0x5,
    0x1d, 0x14, 0x0, 0xa2, 0x0, 0xfe, 0xf0,

    /* U+049C "Ҝ" */
    0xb0, 0xa, 0x14, 0x0, 0xb1, 0xaa, 0x3, 0x7a,
    0xa0, 0x6, 0x62, 0x80, 0x57, 0xe0, 0x1b, 0xa8,
    0x3, 0x1a, 0x50, 0x4, 0x33, 0xd2, 0x1, 0x93,
    0x1c,

    /* U+049D "ҝ" */
    0xa5, 0x2a, 0x10, 0x29, 0xb1, 0xc, 0x81, 0x6,
    0x52, 0x0, 0x34, 0xc0, 0x6, 0xe6, 0x0, 0x3b,
    0xbc, 0xc0,

    /* U+049E "Ҟ" */
    0xb, 0x0, 0x95, 0x9d, 0x68, 0xc3, 0x99, 0xd6,
    0x8e, 0x60, 0x3, 0x18, 0x98, 0x1, 0xeb, 0xa4,
    0x2, 0x7a, 0xe8, 0x0, 0xe3, 0x14, 0x0, 0xe8,
    0xf0, 0xf, 0x44, 0x80,

    /* U+049F "ҟ" */
    0xa, 0x0, 0xd0, 0xf2, 0xc0, 0x8, 0x79, 0x60,
    0xf, 0x50, 0x80, 0x53, 0x2, 0x0, 0x8d, 0x20,
    0x3, 0x1a, 0x0, 0x4d, 0xae, 0x1, 0x9b, 0xd0,
    0x3, 0x47, 0x10,

    /* U+04A0 "Ҡ" */
    0x9a, 0xb0, 0xa, 0x8e, 0x68, 0x2, 0x9e, 0x30,
    0xd, 0x1a, 0x80, 0x19, 0xf9, 0x0, 0x33, 0x5b,
    0x0, 0x73, 0x4c, 0x0, 0x79, 0x79, 0xc0, 0x3c,
    0xc0, 0xa0, 0x1e, 0x7c, 0x40,

    /* U+04A1 "ҡ" */
    0x7a, 0xc0, 0x5, 0x13, 0xd3, 0x4, 0x49, 0x0,
    0x4d, 0xa6, 0x1, 0xd, 0x28, 0x6, 0x18, 0x80,
    0x7, 0x27, 0xb0, 0x7, 0x3f, 0x98,

    /* U+04A2 "Ң" */
    0xb0, 0xc, 0x6e, 0x1, 0xff, 0xcd, 0x7a, 0xad,
    0x0, 0x7, 0xaa, 0xd0, 0x1, 0xff, 0xcc, 0xa4,
    0xb0, 0xc, 0x72, 0x40, 0x1f, 0xfc, 0x26, 0x50,

    /* U+04A3 "ң" */
    0xa0, 0x9, 0x54, 0x1, 0xff, 0xc3, 0x7a, 0xaa,
    0x40, 0xf, 0x55, 0x48, 0x7, 0xff, 0xa, 0x4a,
    0x80, 0x25, 0xb1, 0x0, 0xff, 0xe0, 0x21, 0x0,

    /* U+04A4 "Ҥ" */
    0xb0, 0xc, 0x7b, 0x48, 0x1, 0xea, 0xa2, 0x0,
    0x7f, 0xf1, 0x9e, 0xab, 0x40, 0x4, 0xf5, 0x5a,
    0x0, 0x3f, 0xfa, 0x40,

    /* U+04A5 "ҥ" */
    0xa0, 0x9, 0x72, 0x88, 0x3, 0xa6, 0x88, 0x3,
    0xf3, 0xd5, 0x52, 0x1, 0x3d, 0x55, 0x20, 0x1f,
    0xfc, 0x70,

    /* U+04A6 "Ҧ" */
    0xcb, 0xbd, 0xa4, 0x1, 0xcf, 0x77, 0x90, 0x3,
    0xff, 0xb1, 0x37, 0x65, 0x0, 0xfd, 0x37, 0x6c,
    0x60, 0xf, 0xf4, 0xd0, 0x7, 0xfc, 0xc2, 0x1,
    0xff, 0xc0, 0xb0, 0xd, 0x24, 0x1, 0x30, 0x80,
    0x7f, 0x2a, 0x0, 0x7c, 0xb5, 0x79, 0x0,

    /* U+04A7 "ҧ" */
    0xda, 0xab, 0x80, 0x33, 0xd5, 0x4a, 0x1, 0xff,
    0xc6, 0xaa, 0x38, 0x7, 0xaa, 0x82, 0xe0, 0x1f,
    0x36, 0x0, 0x7f, 0x50, 0x5, 0x60, 0x1f, 0xf1,
    0x10, 0x3, 0xa2, 0xa2, 0x0,

    /* U+04A8 "Ҩ" */
    0x0, 0x35, 0x51, 0x80, 0x33, 0x8d, 0x50, 0x69,
    0x40, 0x16, 0xe0, 0xa3, 0x5e, 0x44, 0x50, 0x7,
    0xb0, 0x7b, 0x8f, 0x0, 0x4, 0x0, 0x26, 0x3c,
    0x0, 0x10, 0x1, 0x19, 0x28, 0x3, 0x10, 0x31,
    0x2, 0x9c, 0x1f, 0xd8, 0x84, 0x18, 0x6e, 0xcb,
    0x10, 0x0, 0x9a, 0xeb, 0xe2, 0xdc,

    /* U+04A9 "ҩ" */
    0x3, 0xba, 0x10, 0xa, 0x2e, 0xa2, 0x44, 0xcc,
    0xd, 0xb4, 0xcf, 0xc1, 0xea, 0x7a, 0xfc, 0x1c,
    0xa4, 0x43, 0x30, 0xaf, 0x5d, 0x4, 0xdc, 0x1,
    0x58,

    /* U+04AA "Ҫ" */
    0x0, 0x25, 0x56, 0x0, 0x26, 0xd5, 0x60, 0x7,
    0xc8, 0x7, 0x11, 0x0, 0x3c, 0x3c, 0x1, 0xe1,
    0xe0, 0xf, 0x12, 0x80, 0x7c, 0xb0, 0x1, 0xe9,
    0x3e, 0xba, 0x80, 0xa, 0xf0, 0x2a, 0x0, 0x31,
    0x69, 0x80, 0x71, 0xe1, 0x0, 0x0,

    /* U+04AB "ҫ" */
    0x1, 0xaa, 0x88, 0x2a, 0xea, 0x84, 0x43, 0x10,
    0x9, 0xb8, 0x3, 0x3f, 0x0, 0x63, 0x51, 0x0,
    0xd1, 0xf7, 0x44, 0xb, 0xe3, 0x44, 0x0, 0x1c,
    0x30, 0x8, 0xf0, 0x80,

    /* U+04AC "Ҭ" */
    0xab, 0xb6, 0xdd, 0x8e, 0xae, 0x56, 0xec, 0x60,
    0x1f, 0xfe, 0x15, 0x40, 0xc, 0x5c, 0x60, 0x1f,
    0xfc, 0x2, 0x40, 0x0,

    /* U+04AD "ҭ" */
    0x7a, 0xda, 0xa0, 0xbd, 0x3d, 0x50, 0x40, 0x3f,
    0xf9, 0xf2, 0x1, 0xa8, 0xc0, 0x3f, 0xef, 0x0,
    0x0,

    /* U+04AE "Ү" */
    0xb1, 0x0, 0xa4, 0xa2, 0x40, 0x2, 0x64, 0x64,
    0x21, 0x10, 0x0, 0x4b, 0x8, 0x10, 0x0, 0xfa,
    0x2c, 0x3, 0x51, 0x90, 0x6, 0x13, 0x0, 0xff,
    0xe2, 0x80,

    /* U+04AF "ү" */
    0xb0, 0x9, 0x1f, 0xc, 0x1, 0xac, 0xca, 0x0,
    0x18, 0x88, 0xc1, 0x7c, 0x1, 0x89, 0xea, 0x0,
    0x6d, 0x30, 0xc, 0x7a, 0x1, 0x89, 0x80, 0x3f,
    0xf8, 0x40,

    /* U+04B0 "Ұ" */
    0xb1, 0x0, 0xa4, 0xfd, 0x80, 0x2, 0x66, 0x4c,
    0x0, 0x4c, 0x80, 0x1e, 0xe2, 0x46, 0x0, 0x4c,
    0x89, 0x0, 0xde, 0x46, 0x1, 0x57, 0xb5, 0x20,
    0x2, 0xa5, 0x29, 0x0, 0x3f, 0x0,

    /* U+04B1 "ұ" */
    0xb0, 0x9, 0x1f, 0xc, 0x1, 0xac, 0xb6, 0x0,
    0x31, 0x22, 0x2, 0x60, 0x3, 0x4f, 0x5c, 0x0,
    0xd6, 0x62, 0x0, 0x13, 0xc0, 0x1, 0x4b, 0x64,
    0x1, 0x4a, 0xc4, 0x0, 0x3e,

    /* U+04B2 "Ҳ" */
    0x75, 0x0, 0xa8, 0x41, 0xf8, 0x0, 0x98, 0x20,
    0x8, 0x80, 0x73, 0x0, 0x46, 0x35, 0x20, 0x1d,
    0xae, 0x60, 0x1d, 0xd0, 0xc0, 0x19, 0xf9, 0x70,
    0x40, 0x3, 0xc8, 0x11, 0x60, 0xb, 0x80, 0x1,
    0x12, 0xc2, 0x84, 0x2, 0x81, 0x0, 0xff, 0xe1,
    0xf8, 0x0,

    /* U+04B3 "ҳ" */
    0x47, 0x0, 0x3a, 0x2, 0x71, 0x13, 0x90, 0x1,
    0x11, 0x80, 0x21, 0x33, 0x8, 0x4, 0x40, 0x2,
    0x0, 0xa2, 0x30, 0x1, 0xbc, 0x45, 0xf6, 0x2c,
    0xa0, 0x5, 0x33, 0x0, 0x7f, 0xf0, 0x30, 0xc0,

    /* U+04B4 "Ҵ" */
    0xab, 0xcc, 0x5d, 0x8c, 0x2c, 0x2a, 0xe6, 0x57,
    0x63, 0x0, 0xff, 0xfb, 0x4d, 0xde, 0x58, 0x0,
    0x2e, 0x5d, 0xee, 0x20, 0xf, 0xfe, 0x3f, 0x80,

    /* U+04B5 "ҵ" */
    0x7a, 0xea, 0xa0, 0x39, 0x83, 0xd2, 0x55, 0x0,
    0x3f, 0xfb, 0xcd, 0x55, 0xa0, 0x2, 0xca, 0xab,
    0x48, 0x40, 0x3f, 0xf8, 0x9a, 0x20,

    /* U+04B6 "Ҷ" */
    0xb0, 0xd, 0x60, 0x1f, 0xfc, 0xb1, 0x0, 0x13,
    0x84, 0xdd, 0x51, 0x40, 0x5, 0x55, 0x3b, 0x80,
    0x3f, 0xf8, 0x2f, 0x20, 0x1d, 0x86, 0x1, 0xff,
    0xc1, 0xf0,

    /* U+04B7 "ҷ" */
    0xa, 0x0, 0xac, 0x3, 0xff, 0x88, 0x20, 0x3,
    0x60, 0x4, 0x54, 0xa3, 0x0, 0xe, 0xa5, 0xc0,
    0x3f, 0x40, 0x7, 0x59, 0x0, 0x7f, 0xf0, 0x7c,

    /* U+04B8 "Ҹ" */
    0xb0, 0xd, 0x60, 0x1f, 0xfc, 0x24, 0x30, 0x8,
    0x80, 0x2, 0xf3, 0x71, 0x6, 0x2, 0x98, 0x83,
    0xb8, 0x3, 0xf2, 0x18, 0x0,

    /* U+04B9 "ҹ" */
    0xa, 0x0, 0xac, 0x3, 0xfa, 0x0, 0x21, 0x0,
    0x1b, 0x4, 0x52, 0x2b, 0x1, 0xd2, 0x30, 0x6,
    0x80, 0x0,

    /* U+04BA "Һ" */
    0xb0, 0xf, 0xfe, 0x4b, 0x55, 0x44, 0x0, 0x5a,
    0xa5, 0xc8, 0x0, 0xc0, 0x2, 0x20, 0xf, 0x84,
    0x3, 0xff, 0x84,

    /* U+04BB "һ" */
    0xa0, 0xf, 0xfe, 0x33, 0xd5, 0xb0, 0x22, 0x2a,
    0xf4, 0x8, 0xc0, 0x6, 0x4c, 0x1, 0xff, 0xcb,

    /* U+04BC "Ҽ" */
    0x0, 0x92, 0xed, 0x90, 0x1, 0x8f, 0xae, 0xd9,
    0xec, 0x2, 0x13, 0x60, 0x13, 0xe8, 0x40, 0x8,
    0x80, 0x33, 0x85, 0x5a, 0xd5, 0x70, 0x0, 0xec,
    0xaa, 0xbb, 0x0, 0x27, 0x10, 0xf, 0xd1, 0x40,
    0x1f, 0x8f, 0xee, 0xd5, 0x44, 0x0,

    /* U+04BD "ҽ" */
    0x0, 0xd, 0x54, 0x20, 0x61, 0x76, 0xab, 0xb0,
    0x48, 0x98, 0x80, 0x88, 0x3a, 0x96, 0x66, 0x0,
    0x24, 0xa4, 0xcd, 0x60, 0x2, 0x31, 0x0, 0xf4,
    0xdd, 0x51, 0xc0,

    /* U+04BE "Ҿ" */
    0x0, 0x92, 0xee, 0x80, 0xc, 0x7d, 0x77, 0x7b,
    0x0, 0x84, 0xd8, 0x4, 0xfa, 0x10, 0x2, 0x20,
    0xf, 0x55, 0xad, 0x57, 0x38, 0x1d, 0xad, 0x57,
    0x60, 0x6, 0x10, 0xf, 0xd1, 0x40, 0x1f, 0x8f,
    0xea, 0xea, 0x88, 0x1, 0x92, 0x86, 0xa8, 0x80,
    0x1f, 0xfc, 0x4f, 0x0, 0xc0,

    /* U+04BF "ҿ" */
    0x0, 0xd, 0x54, 0x20, 0x61, 0x76, 0xab, 0xb0,
    0x48, 0x98, 0x80, 0x88, 0x3a, 0x96, 0x66, 0x0,
    0x24, 0xa4, 0xcd, 0x60, 0x2, 0x31, 0x0, 0xf4,
    0xdd, 0x51, 0xc0, 0x22, 0xa0, 0xa7, 0x0, 0xfe,

    /* U+04C0 "Ӏ" */
    0x3c, 0xa0, 0x3b, 0x90, 0xf, 0xfe, 0x69, 0xdc,
    0x80,

    /* U+04C1 "Ӂ" */
    0x0, 0x8c, 0x81, 0x40, 0x3e, 0x2a, 0x81, 0x0,
    0xf8, 0x62, 0x8, 0x1, 0x99, 0x40, 0x5, 0x0,
    0x1, 0xa0, 0x6e, 0x0, 0xf4, 0x40, 0x1, 0x10,
    0x0, 0xc6, 0x24, 0x0, 0x31, 0x20, 0xa, 0x20,
    0x1, 0xaf, 0xe5, 0x6c, 0xc0, 0x3a, 0x3e, 0x56,
    0xcc, 0x40, 0x24, 0xd2, 0x0, 0xa6, 0xc0, 0x2f,
    0x70, 0xc, 0x44, 0x40, 0x98, 0x0, 0xf4, 0x78,
    0x0,

    /* U+04C2 "ӂ" */
    0x0, 0xc, 0x41, 0xc0, 0x38, 0x62, 0xe, 0x1,
    0x32, 0x0, 0x28, 0x1, 0x24, 0xdc, 0x1, 0x8c,
    0x48, 0x25, 0xc0, 0x29, 0x80, 0x1, 0xdd, 0x25,
    0x68, 0x4, 0xb7, 0x49, 0x5a, 0x20, 0xe, 0x70,
    0xa, 0x20, 0x11, 0x0, 0xc, 0x42, 0x60,

    /* U+04C3 "Ӄ" */
    0xb0, 0xa, 0x14, 0x3, 0x37, 0x28, 0x4, 0xa2,
    0xc0, 0x12, 0x6b, 0x80, 0x69, 0x2a, 0x50, 0xb,
    0x6a, 0x98, 0xc0, 0x1d, 0x34, 0x1, 0xe5, 0x20,
    0xf, 0xac, 0x3, 0x11, 0x0, 0x32, 0x90, 0x1,
    0x6a, 0xf2, 0x40,

    /* U+04C4 "ӄ" */
    0xa0, 0x5, 0x8, 0x2, 0x64, 0x20, 0xfa, 0x60,
    0xf7, 0xcc, 0xf, 0x94, 0x2c, 0x1, 0x3e, 0x80,
    0x61, 0xa0, 0xf, 0x8c, 0x82, 0x6a, 0x90,

    /* U+04C5 "Ӆ" */
    0x0, 0x97, 0x2a, 0x9c, 0x1, 0xc5, 0xf5, 0x44,
    0x0, 0xee, 0x20, 0xf, 0xc6, 0x20, 0x1f, 0xfc,
    0xf3, 0xd0, 0xf, 0xd6, 0x80, 0x1f, 0x51, 0x18,
    0x6, 0xa0, 0x5, 0x50, 0x3, 0x51, 0x80, 0x7e,
    0x6d, 0x0,

    /* U+04C6 "ӆ" */
    0x0, 0x6d, 0x52, 0x40, 0x27, 0xa8, 0x0, 0x84,
    0x80, 0x38, 0xb8, 0x3, 0x95, 0x40, 0x1d, 0x86,
    0x1, 0xa7, 0x40, 0x24, 0x44, 0xb8, 0x0, 0xad,
    0xc0, 0x3b, 0xc, 0x3, 0xbc, 0x0,

    /* U+04C7 "Ӈ" */
    0xb0, 0xc, 0x6e, 0x1, 0xff, 0xc2, 0x7a, 0xad,
    0x0, 0xf5, 0x5a, 0x0, 0x3f, 0xf9, 0xee, 0x16,
    0x1, 0x88, 0x80, 0x18, 0x69, 0x40, 0x6a, 0xaf,
    0x0,

    /* U+04C8 "ӈ" */
    0xa0, 0x9, 0x54, 0x1, 0xff, 0xc0, 0x7a, 0xaa,
    0x41, 0xea, 0xa9, 0x0, 0xff, 0xe0, 0xd0, 0x4,
    0x62, 0x1, 0xbd, 0x40, 0x15, 0x4e, 0x10,

    /* U+04C9 "Ӊ" */
    0xb0, 0xc, 0x6e, 0x1, 0xff, 0xcd, 0x7a, 0xad,
    0x0, 0x7, 0xaa, 0xd0, 0x1, 0xff, 0xcc, 0xa4,
    0xb0, 0xc, 0x74, 0xc0, 0x1e, 0xc2, 0x0, 0xe1,
    0xe0,

    /* U+04CA "ӊ" */
    0xa0, 0x9, 0x54, 0x1, 0xff, 0xc3, 0x7a, 0xaa,
    0x40, 0xf, 0x55, 0x48, 0x7, 0xff, 0xa, 0x4a,
    0x80, 0x25, 0x51, 0x0, 0x71, 0x80, 0x70, 0xf0,
    0x0,

    /* U+04CB "Ӌ" */
    0xb0, 0xd, 0x60, 0x1f, 0xfc, 0x71, 0x0, 0x13,
    0xcd, 0xd5, 0x14, 0xa, 0xaa, 0x77, 0x0, 0x7f,
    0x9d, 0x80, 0x36, 0xe8, 0x3, 0xfd, 0xe0,

    /* U+04CC "ӌ" */
    0xa, 0x0, 0xac, 0x3, 0xff, 0x82, 0x20, 0x3,
    0x60, 0x8a, 0x94, 0x60, 0x3a, 0x97, 0x0, 0xe5,
    0x50, 0x6, 0xcf, 0x0, 0xff, 0x68, 0x80,

    /* U+04CD "Ӎ" */
    0xc6, 0x0, 0xee, 0x40, 0x6d, 0x0, 0xca, 0xa0,
    0x8, 0xcc, 0x1, 0x7e, 0x0, 0x55, 0x60, 0x1,
    0x20, 0xc, 0x44, 0x0, 0x35, 0x0, 0x76, 0x28,
    0x69, 0x0, 0x73, 0x79, 0xe0, 0x7, 0xc7, 0x2e,
    0x1, 0xf6, 0x80, 0x80, 0x20, 0xa8, 0x0, 0x94,
    0x0, 0x76, 0x20, 0xf, 0x84, 0xc0, 0x3f, 0x1d,
    0x0,

    /* U+04CE "ӎ" */
    0xf2, 0x0, 0xad, 0x80, 0xe8, 0x0, 0x2e, 0x0,
    0x62, 0x0, 0x35, 0x0, 0x58, 0x81, 0xaa, 0x1,
    0x36, 0x9e, 0x80, 0x7a, 0x98, 0x3, 0xb4, 0xc4,
    0x28, 0xe8, 0x12, 0x80, 0xd0, 0x80, 0x3c, 0x42,
    0x1, 0xee, 0x0,

    /* U+04CF "ӏ" */
    0x3c, 0xa0, 0x3b, 0x90, 0xf, 0xfe, 0x69, 0xdc,
    0x80,

    /* U+04D0 "Ӑ" */
    0x0, 0x28, 0x19, 0x0, 0x74, 0xd9, 0x0, 0x65,
    0x98, 0x0, 0xf6, 0x18, 0x7, 0x1a, 0x58, 0x7,
    0x5c, 0x90, 0x7, 0x10, 0xe2, 0x0, 0x4b, 0xe0,
    0xfa, 0x1, 0x7f, 0x5d, 0x20, 0x0, 0x4e, 0xee,
    0x86, 0x6, 0xd0, 0x9, 0x74, 0x31, 0x0, 0x31,
    0x8,

    /* U+04D1 "ӑ" */
    0x1, 0x88, 0x30, 0x0, 0x62, 0xc, 0x0, 0x7a,
    0x9a, 0x0, 0x3d, 0x4e, 0xa8, 0x6, 0x42, 0x4,
    0x99, 0x80, 0xf6, 0x65, 0xc0, 0xb8, 0x0, 0xc0,
    0x6f, 0x99, 0x60, 0x0,

    /* U+04D2 "Ӓ" */
    0x0, 0x48, 0x39, 0x0, 0x69, 0x7, 0x20, 0xf,
    0xfe, 0xe, 0x18, 0x7, 0x1a, 0x58, 0x7, 0x5c,
    0x90, 0x7, 0x10, 0xe2, 0x0, 0x4b, 0xe0, 0xfa,
    0x1, 0x7f, 0x5d, 0x20, 0x0, 0x4e, 0xee, 0x86,
    0x6, 0xd0, 0x9, 0x74, 0x31, 0x0, 0x31, 0x8,

    /* U+04D3 "ӓ" */
    0x4, 0x60, 0x90, 0x2, 0x30, 0x48, 0x1, 0xea,
    0x68, 0x0, 0xf5, 0x3a, 0xa0, 0x19, 0x8, 0x12,
    0x66, 0x3, 0xd9, 0x97, 0x2, 0xe0, 0x3, 0x1,
    0xbe, 0x65, 0x80,

    /* U+04D4 "Ӕ" */
    0x0, 0xcb, 0x9b, 0x55, 0x20, 0x6, 0xee, 0x25,
    0x54, 0x80, 0x11, 0xe1, 0x80, 0x7e, 0xa6, 0x0,
    0xfc, 0x20, 0x20, 0x95, 0x50, 0x80, 0x24, 0xaa,
    0x89, 0x55, 0x8, 0x0, 0xee, 0xa8, 0x1, 0xe5,
    0xe0, 0xf, 0xee, 0x50, 0x9, 0x2a, 0xa4,

    /* U+04D5 "ӕ" */
    0x7, 0xaa, 0x39, 0x55, 0x20, 0x0, 0xf5, 0x4e,
    0x8a, 0xa7, 0xa0, 0x6, 0xfd, 0x0, 0x2e, 0x2,
    0xcc, 0xb7, 0x26, 0x57, 0xe9, 0x93, 0x2d, 0xd4,
    0xcc, 0xe5, 0x80, 0xf, 0xd0, 0xc, 0xdf, 0x55,
    0x7d, 0xd5, 0xc,

    /* U+04D6 "Ӗ" */
    0x5, 0x3, 0x10, 0x39, 0xb1, 0x6, 0x98, 0xc,
    0xaa, 0xa5, 0xea, 0xa9, 0x0, 0xff, 0x3d, 0x54,
    0xee, 0xaa, 0x9c, 0x3, 0xfc, 0xf5, 0x54, 0x80,

    /* U+04D7 "ӗ" */
    0x0, 0x44, 0x1c, 0x2, 0x88, 0x38, 0x0, 0xaa,
    0xa1, 0x9, 0xba, 0x88, 0x19, 0x84, 0x8, 0x8e,
    0x93, 0x30, 0x35, 0xcc, 0xd6, 0x58, 0x1, 0xd3,
    0x55, 0x30,

    /* U+04D8 "Ә" */
    0x7, 0xaa, 0x5c, 0x88, 0x1, 0xea, 0x97, 0x6a,
    0x0, 0xf1, 0x73, 0x80, 0x79, 0x70, 0xee, 0xab,
    0x9c, 0x32, 0xab, 0x9c, 0xb4, 0x3, 0x26, 0x8,
    0x18, 0x0, 0x61, 0x82, 0xea, 0xee, 0xe1,

    /* U+04D9 "ә" */
    0x9, 0xaa, 0x40, 0x2, 0x6a, 0x98, 0xe0, 0x19,
    0x35, 0x2e, 0xaa, 0x70, 0xca, 0xa9, 0x93, 0x0,
    0xb, 0x81, 0xf5, 0x4c, 0x70,

    /* U+04DA "Ӛ" */
    0x0, 0x22, 0x8c, 0x0, 0x64, 0x51, 0x80, 0xf,
    0xf9, 0xea, 0x97, 0x22, 0x0, 0x7a, 0xa5, 0xda,
    0x80, 0x3c, 0x5c, 0xe0, 0x1e, 0x5c, 0x3b, 0xaa,
    0xe7, 0xc, 0xaa, 0xe7, 0x2d, 0x0, 0xc9, 0x82,
    0x6, 0x0, 0x18, 0x60, 0xba, 0xbb, 0xb8, 0x40,

    /* U+04DB "ӛ" */
    0x3, 0x70, 0xa0, 0x1, 0xb8, 0x50, 0x2, 0x6a,
    0x90, 0x0, 0x9a, 0xa6, 0x38, 0x6, 0x4d, 0x4b,
    0xaa, 0x9c, 0x32, 0xaa, 0x64, 0xc0, 0x2, 0xe0,
    0x7d, 0x53, 0x1c,

    /* U+04DC "Ӝ" */
    0x0, 0x91, 0x42, 0x40, 0x3e, 0x45, 0x9, 0x0,
    0xff, 0xe1, 0xb2, 0x80, 0xa, 0x0, 0x3, 0x40,
    0xdc, 0x1, 0xe8, 0x80, 0x2, 0x20, 0x1, 0x8c,
    0x48, 0x0, 0x62, 0x40, 0x14, 0x40, 0x3, 0x5f,
    0xca, 0xd9, 0x80, 0x74, 0x7c, 0xad, 0x98, 0x80,
    0x49, 0xa4, 0x1, 0x4d, 0x80, 0x5e, 0xe0, 0x18,
    0x88, 0x81, 0x30, 0x1, 0xe8, 0xf0,

    /* U+04DD "ӝ" */
    0x0, 0xc, 0x5, 0x0, 0x70, 0xc0, 0x50, 0x4,
    0xc8, 0x0, 0xa0, 0x4, 0x93, 0x70, 0x6, 0x31,
    0x20, 0x97, 0x0, 0xa6, 0x0, 0x7, 0x74, 0x95,
    0xa0, 0x12, 0xdd, 0x25, 0x68, 0x80, 0x39, 0xc0,
    0x28, 0x80, 0x44, 0x0, 0x31, 0x9, 0x80,

    /* U+04DE "Ӟ" */
    0x4, 0x51, 0x80, 0x9, 0x14, 0x60, 0x3, 0xf8,
    0xae, 0xaa, 0x10, 0x2b, 0xaa, 0x4d, 0x80, 0x71,
    0x88, 0x7, 0x36, 0x80, 0x12, 0xb3, 0xc, 0x0,
    0x4a, 0xc9, 0xa0, 0xe, 0x31, 0x0, 0xe1, 0x70,
    0x5a, 0xaa, 0xf8, 0x0,

    /* U+04DF "ӟ" */
    0xa, 0x8, 0x20, 0x5, 0x4, 0x10, 0x1d, 0x4d,
    0x18, 0x1d, 0x4d, 0x40, 0x6, 0x11, 0x0, 0x16,
    0xb2, 0x0, 0xb, 0x5b, 0x20, 0x1f, 0x2d, 0x4d,
    0x70, 0x0,

    /* U+04E0 "Ӡ" */
    0x3a, 0xab, 0x2c, 0xe, 0xa9, 0xb, 0x60, 0x12,
    0x54, 0x80, 0x68, 0x27, 0x0, 0xd9, 0x47, 0x40,
    0x1c, 0x82, 0x1, 0xf8, 0x40, 0x22, 0x10, 0x5b,
    0xaa, 0x5d, 0x80,

    /* U+04E1 "ӡ" */
    0x6a, 0xab, 0x81, 0xaa, 0x85, 0xa0, 0x13, 0x71,
    0x80, 0xf, 0xd8, 0x2, 0xa3, 0x81, 0x0, 0x4d,
    0x5d, 0x0, 0x63, 0x31, 0x0, 0x7f, 0x9, 0x94,
    0x55, 0x2e, 0x40,

    /* U+04E2 "Ӣ" */
    0x2, 0xaa, 0x80, 0x22, 0xaa, 0x80, 0x16, 0x1,
    0x9a, 0x80, 0x30, 0xe0, 0x7, 0x44, 0x0, 0x32,
    0x79, 0x80, 0x6e, 0x60, 0xd, 0x10, 0x0, 0x84,
    0xfc, 0x80, 0x34, 0xb8, 0x6, 0x69, 0x0, 0xe0,

    /* U+04E3 "ӣ" */
    0x9, 0x98, 0x80, 0x13, 0x31, 0x5, 0x0, 0x7,
    0x88, 0x2, 0x94, 0x0, 0x88, 0x8, 0x2, 0x88,
    0x0, 0x4b, 0xe0, 0x10, 0xfa, 0x80, 0x4b, 0x20,
    0x18,

    /* U+04E4 "Ӥ" */
    0x0, 0x48, 0x48, 0x6, 0x90, 0x90, 0xf, 0xeb,
    0x0, 0xcd, 0x40, 0x18, 0x70, 0x3, 0xa2, 0x0,
    0x19, 0x3c, 0xc0, 0x37, 0x30, 0x6, 0x88, 0x0,
    0x42, 0x7e, 0x40, 0x1a, 0x5c, 0x3, 0x34, 0x80,
    0x70,

    /* U+04E5 "ӥ" */
    0xa, 0x9, 0x10, 0x5, 0x4, 0x88, 0x50, 0x0,
    0x78, 0x80, 0x29, 0x40, 0x8, 0x80, 0x80, 0x28,
    0x80, 0x4, 0xbe, 0x1, 0xf, 0xa8, 0x4, 0xb2,
    0x1, 0x80,

    /* U+04E6 "Ӧ" */
    0x0, 0xa4, 0x20, 0x40, 0x3a, 0x42, 0x4, 0x3,
    0xff, 0x82, 0xd7, 0x54, 0x80, 0x9, 0xba, 0xea,
    0x99, 0x20, 0xd, 0x80, 0x9, 0xc, 0x8a, 0x0,
    0xec, 0x71, 0xe0, 0xe, 0x23, 0x1f, 0x0, 0xe1,
    0x32, 0x30, 0xe, 0xf4, 0xd, 0x70, 0x9, 0xc,
    0x41, 0x86, 0xea, 0xf2, 0x40,

    /* U+04E7 "ӧ" */
    0x0, 0x50, 0x50, 0x6, 0xa0, 0xa0, 0x8, 0xaa,
    0xa3, 0x0, 0x4d, 0xd5, 0x20, 0x8, 0xc4, 0x1,
    0x88, 0xdc, 0x1, 0x10, 0xbf, 0x0, 0x44, 0x26,
    0x61, 0x0, 0x62, 0x4, 0xdd, 0x52, 0x0,

    /* U+04E8 "Ө" */
    0x0, 0x35, 0xd5, 0xc0, 0x4, 0xdd, 0x75, 0x7b,
    0x40, 0xa, 0x80, 0x9, 0x40, 0x88, 0xa0, 0x1d,
    0x8e, 0x29, 0x55, 0xe3, 0x15, 0xaa, 0xe9, 0x32,
    0x30, 0xe, 0xc4, 0xd, 0x70, 0x9, 0x0, 0x41,
    0x86, 0xea, 0x99, 0x20,

    /* U+04E9 "ө" */
    0x2, 0xaa, 0x8c, 0x1, 0x35, 0x54, 0x1, 0x18,
    0x5, 0x88, 0xc9, 0x55, 0x60, 0xbd, 0xd5, 0x5a,
    0x27, 0x80, 0x16, 0xa0, 0x4d, 0x55, 0x0,

    /* U+04EA "Ӫ" */
    0x0, 0xa4, 0x20, 0x40, 0x3a, 0x42, 0x4, 0x3,
    0xff, 0x82, 0xd7, 0x57, 0x0, 0x13, 0x75, 0xd5,
    0xed, 0x0, 0x2a, 0x0, 0x25, 0x2, 0x22, 0x80,
    0x76, 0x38, 0xa5, 0x57, 0x8c, 0x56, 0xab, 0xa4,
    0xc8, 0xc0, 0x3b, 0x10, 0x35, 0xc0, 0x24, 0x1,
    0x6, 0x1b, 0xaa, 0x64, 0x80,

    /* U+04EB "ӫ" */
    0x0, 0x50, 0x50, 0x6, 0xa0, 0xa0, 0x8, 0xaa,
    0xa3, 0x0, 0x4d, 0x55, 0x0, 0x46, 0x1, 0x62,
    0x32, 0x55, 0x58, 0x2f, 0x75, 0x56, 0x89, 0xe0,
    0x5, 0xa8, 0x13, 0x55, 0x40, 0x0,

    /* U+04EC "Ӭ" */
    0x5, 0x42, 0x70, 0x9, 0x50, 0x9c, 0x3, 0xf8,
    0xae, 0xae, 0x88, 0xa, 0xea, 0xe3, 0x84, 0x3,
    0x14, 0x40, 0x3, 0x91, 0x40, 0xea, 0xb0, 0x81,
    0xd5, 0x61, 0x0, 0xe3, 0x50, 0xc, 0x31, 0x4,
    0xaa, 0x5d, 0xa4, 0x40,

    /* U+04ED "ӭ" */
    0xa, 0x9, 0x0, 0xa8, 0x24, 0x0, 0x55, 0x51,
    0x1, 0x55, 0x2e, 0x40, 0x30, 0x99, 0x82, 0x2a,
    0x88, 0xe1, 0x15, 0x4b, 0x60, 0x8, 0x70, 0x92,
    0x6a, 0xe4, 0x0,

    /* U+04EE "Ӯ" */
    0x1, 0xaa, 0x88, 0x2, 0x1a, 0xa8, 0x80, 0x14,
    0x20, 0x1a, 0xc2, 0x60, 0x2, 0x6e, 0x3, 0x30,
    0x80, 0x35, 0x40, 0x13, 0x20, 0x4c, 0x0, 0x8c,
    0x87, 0x98, 0x3, 0x4c, 0x18, 0x80, 0x63, 0x5b,
    0x0, 0xe2, 0x62, 0x0, 0x86, 0xa2, 0xc0, 0x30,

    /* U+04EF "ӯ" */
    0x7, 0x99, 0x28, 0x1, 0xe6, 0x4a, 0x16, 0x1,
    0x1c, 0x6a, 0x80, 0x2e, 0x9b, 0xc0, 0x6, 0x40,
    0x11, 0xe0, 0x3, 0x9a, 0x98, 0x0, 0x98, 0x62,
    0x1, 0x1e, 0x0, 0x63, 0x60, 0x8, 0x4c, 0x2,
    0x8a, 0x80, 0x8,

    /* U+04F0 "Ӱ" */
    0x0, 0x50, 0x48, 0x7, 0x50, 0x48, 0x7, 0xfd,
    0x42, 0x1, 0xac, 0x26, 0x0, 0x26, 0xe0, 0x33,
    0x8, 0x3, 0x54, 0x1, 0x32, 0x4, 0xc0, 0x8,
    0xc8, 0x79, 0x80, 0x34, 0xc1, 0x88, 0x6, 0x35,
    0xb0, 0xe, 0x26, 0x20, 0x8, 0x6a, 0x2c, 0x3,
    0x0,

    /* U+04F1 "ӱ" */
    0x8, 0x15, 0x50, 0x2, 0x5, 0x54, 0x16, 0x1,
    0x1c, 0x6a, 0x80, 0x2e, 0x9b, 0xc0, 0x6, 0x40,
    0x11, 0xe0, 0x3, 0x9a, 0x98, 0x0, 0x98, 0x62,
    0x1, 0x1e, 0x0, 0x63, 0x60, 0x8, 0x4c, 0x2,
    0x8a, 0x80, 0x8,

    /* U+04F2 "Ӳ" */
    0x0, 0x90, 0x50, 0x40, 0x21, 0xd0, 0xd1, 0x0,
    0x8a, 0x4a, 0x40, 0x31, 0x81, 0x80, 0x54, 0x20,
    0x1a, 0xc2, 0x60, 0x2, 0x6e, 0x3, 0x30, 0x80,
    0x35, 0x40, 0x13, 0x20, 0x4c, 0x0, 0x8c, 0x87,
    0x98, 0x3, 0x4c, 0x18, 0x80, 0x63, 0x5b, 0x0,
    0xe2, 0x62, 0x0, 0x86, 0xa2, 0xc0, 0x30,

    /* U+04F3 "ӳ" */
    0x0, 0x49, 0x49, 0x2, 0x63, 0x61, 0x2, 0x2a,
    0x28, 0x58, 0x4, 0x8f, 0x88, 0x0, 0xd6, 0x66,
    0x80, 0xc, 0x44, 0x60, 0x98, 0x0, 0xf5, 0xd7,
    0x0, 0x2e, 0x18, 0x80, 0x6f, 0x0, 0xc6, 0xa0,
    0x11, 0x18, 0x5, 0x31, 0x0, 0x8,

    /* U+04F4 "Ӵ" */
    0x0, 0x48, 0x2a, 0x0, 0x52, 0xa, 0x80, 0x1f,
    0xd4, 0x1, 0xac, 0x3, 0xff, 0x96, 0x40, 0x3,
    0x0, 0x5d, 0xaa, 0x96, 0x0, 0x19, 0xaa, 0x40,
    0x7, 0xff, 0xc,

    /* U+04F5 "ӵ" */
    0x2, 0x70, 0xa0, 0x1, 0x38, 0x50, 0x23, 0x80,
    0x56, 0x1, 0xe7, 0x0, 0xe3, 0xc0, 0x0, 0x80,
    0x3e, 0xa6, 0x40, 0x4, 0xa9, 0x80, 0xf, 0x80,

    /* U+04F6 "Ӷ" */
    0xca, 0xac, 0xf5, 0x58, 0x3, 0xff, 0xa4, 0xf0,
    0x1, 0x61, 0x0, 0x7f, 0x78, 0x4,

    /* U+04F7 "ӷ" */
    0xda, 0xa4, 0x3d, 0x52, 0x0, 0x3f, 0xf8, 0x8e,
    0xc0, 0xc, 0xf0, 0xf, 0xe, 0x80, 0x0,

    /* U+04F8 "Ӹ" */
    0x0, 0x48, 0x2a, 0x0, 0x69, 0x5, 0x40, 0xf,
    0xf5, 0x80, 0x72, 0x30, 0x7, 0xff, 0x11, 0xea,
    0xa3, 0x0, 0x9e, 0xa9, 0x70, 0x20, 0x1c, 0x3c,
    0x80, 0x1f, 0xfc, 0x2f, 0x70, 0x3, 0xd5, 0x2f,
    0xc8, 0x0,

    /* U+04F9 "ӹ" */
    0x3, 0x70, 0xa0, 0x8, 0xdc, 0x28, 0x1, 0x40,
    0x19, 0x1c, 0x3, 0xff, 0x84, 0xf5, 0x32, 0x10,
    0x3, 0xd4, 0xd4, 0x0, 0x70, 0x80, 0x4f, 0x53,
    0x16, 0x0,

    /* U+04FA "Ӻ" */
    0xc, 0xaa, 0xc0, 0xf5, 0x58, 0x3, 0xff, 0x80,
    0xeb, 0x54, 0x40, 0x75, 0xaa, 0x20, 0x7, 0xff,
    0x9, 0xdc, 0x1, 0xb3, 0x40, 0x38, 0xc0, 0x35,
    0x50, 0x2,

    /* U+04FB "ӻ" */
    0xd, 0xaa, 0x40, 0x3d, 0x52, 0x0, 0x3a, 0x1e,
    0x60, 0x21, 0xe6, 0x0, 0x3e, 0x74, 0x0, 0xbc,
    0xc0, 0x21, 0x10, 0x0, 0xa5, 0x0, 0x0,

    /* U+04FC "Ӽ" */
    0x75, 0x0, 0xa8, 0x5f, 0x80, 0x9, 0x82, 0x11,
    0x0, 0xe6, 0x0, 0x18, 0xd4, 0x80, 0x6d, 0x73,
    0x0, 0xdd, 0xe, 0x1, 0x3f, 0x2e, 0x88, 0xf,
    0x20, 0x45, 0x85, 0xc0, 0x0, 0x89, 0x54, 0x10,
    0xa, 0x0, 0x3f, 0xf8, 0x31, 0x80,

    /* U+04FD "ӽ" */
    0x47, 0x0, 0x3a, 0x2, 0x71, 0x13, 0x90, 0x1,
    0x11, 0x80, 0x21, 0x33, 0x8, 0x4, 0x40, 0x2,
    0x0, 0xa2, 0x30, 0x1, 0xbc, 0x45, 0xf6, 0xc,
    0xa0, 0x5, 0x31, 0x0, 0xe1, 0x10, 0x6, 0x61,
    0x0,

    /* U+04FE "Ӿ" */
    0x75, 0x0, 0xa8, 0x5f, 0x80, 0x9, 0xa2, 0x1e,
    0xe1, 0xce, 0x0, 0x4d, 0x7f, 0x0, 0xd, 0x34,
    0x7c, 0x0, 0xd3, 0x3f, 0xc0, 0x1, 0xbe, 0x38,
    0x40, 0x71, 0x42, 0x20, 0x17, 0x0, 0x3, 0x13,

    /* U+04FF "ӿ" */
    0x57, 0x0, 0x3a, 0x2e, 0x88, 0xb5, 0x2, 0xed,
    0x16, 0x5, 0xe, 0x90, 0x44, 0x87, 0x4b, 0x20,
    0xbb, 0x44, 0x1, 0xb0, 0x45, 0xec,

    /* U+2013 "–" */
    0x5a, 0xac, 0xa0,

    /* U+2014 "—" */
    0x5a, 0xaf, 0xf2, 0x80,

    /* U+2018 "‘" */
    0x17, 0x72, 0x61, 0x80,

    /* U+2019 "’" */
    0x37, 0x54, 0xe3,

    /* U+201A "‚" */
    0xb, 0x3c, 0x46,

    /* U+201B "‛" */
    0xb0, 0xd3, 0x74,

    /* U+201C "“" */
    0x17, 0x16, 0x74, 0x64, 0xc3, 0xc2,

    /* U+201D "”" */
    0x37, 0x46, 0x54, 0xc4, 0xe3, 0x2,

    /* U+2022 "•" */
    0x25, 0x8, 0xa3, 0x21, 0x20,

    /* U+2026 "…" */
    0x2, 0x0, 0x10, 0x0, 0x83, 0xc0, 0x1c, 0x3,
    0x20,

    /* U+20AC "€" */
    0x0, 0x15, 0x52, 0xd0, 0x1, 0x37, 0x56, 0x80,
    0xbc, 0x20, 0x12, 0xc6, 0x4c, 0x84, 0x15, 0xe2,
    0x64, 0x20, 0xaf, 0x13, 0x20, 0x2, 0xc6, 0x4c,
    0x80, 0x25, 0xe1, 0x0, 0xe8, 0xba, 0xa2, 0x0,

    /* U+2122 "™" */
    0x55, 0x88, 0x80, 0x4, 0x46, 0x3b, 0xa0, 0x13,
    0xc4, 0x44, 0x6, 0x46, 0x60, 0xd, 0x54, 0x10,
    0x7, 0x80, 0x8c, 0xfe,

    /* U+3046 "う" */
    0x1, 0x31, 0x0, 0xe2, 0x9d, 0xee, 0x50, 0x0,
    0xeb, 0x3b, 0x94, 0x0, 0x37, 0x9b, 0xa4, 0xc,
    0x80, 0xd9, 0xc9, 0x5c, 0xb7, 0x42, 0x68, 0xf0,
    0xf, 0x19, 0x80, 0x3d, 0x58, 0x1, 0x8f, 0x15,
    0x40, 0xa, 0xde, 0x99, 0x0, 0x5d, 0xfa, 0xa0,
    0x0,

    /* U+3053 "こ" */
    0x3, 0x21, 0x11, 0x18, 0x81, 0x47, 0x66, 0x3a,
    0xc, 0xa, 0xf3, 0x75, 0x96, 0x40, 0x1f, 0xfc,
    0x77, 0x20, 0xf, 0xa8, 0xc0, 0x3e, 0x19, 0x0,
    0xe2, 0xe, 0x3f, 0xdd, 0x77, 0xf0, 0x15, 0xfe,
    0x63, 0xfd, 0x80,

    /* U+305D "そ" */
    0x0, 0xf0, 0x88, 0x3, 0x66, 0xeb, 0x3a, 0x80,
    0x36, 0x6e, 0x95, 0xac, 0x3, 0x8a, 0xf2, 0x40,
    0x30, 0xae, 0x11, 0x26, 0xa8, 0xb7, 0xfc, 0xe9,
    0xba, 0x88, 0x25, 0xf5, 0xeb, 0xd2, 0x11, 0x4,
    0x2, 0xee, 0x0, 0x7f, 0xf1, 0xba, 0x58, 0x44,
    0x1, 0xc9, 0x39, 0x8d, 0x0, 0xf2, 0x56, 0xe0,
    0x0,

    /* U+3088 "よ" */
    0x0, 0xde, 0x1, 0xff, 0xc7, 0x12, 0x10, 0xe,
    0xdc, 0xe7, 0x0, 0xed, 0xd6, 0x30, 0x7, 0xff,
    0x0, 0x44, 0x1, 0x87, 0x37, 0x43, 0x46, 0x0,
    0x8b, 0xdc, 0x2d, 0xeb, 0x11, 0x61, 0xa9, 0x3e,
    0x9c, 0x43, 0x67, 0xec, 0x1, 0x12,

    /* U+4E2D "中" */
    0x0, 0xd8, 0x40, 0x1f, 0xfc, 0x2d, 0xdc, 0x79,
    0xba, 0xe4, 0x3d, 0xd8, 0xf3, 0x74, 0x80, 0x1f,
    0xfc, 0xae, 0xe8, 0xf3, 0xb8, 0xa0, 0x9d, 0xd1,
    0xe7, 0x72, 0x1e, 0x80, 0x3e, 0x73, 0x0, 0xff,
    0xe4, 0x0,

    /* U+6587 "文" */
    0x0, 0xe4, 0xa0, 0xf, 0xfe, 0x29, 0x77, 0x3f,
    0xa9, 0x3b, 0x9f, 0xd2, 0x5d, 0x85, 0xdd, 0x99,
    0xfa, 0x40, 0x4, 0xea, 0x1, 0x34, 0x80, 0x74,
    0xc0, 0x84, 0xb8, 0x80, 0x71, 0xd5, 0x15, 0x24,
    0x3, 0xe7, 0x75, 0x78, 0x7, 0xc3, 0x22, 0xbe,
    0x60, 0x18, 0xa3, 0xc7, 0x6a, 0x36, 0x94, 0x7,
    0xc3, 0xe0, 0x0, 0xbd, 0x92, 0xe3, 0xb0, 0x20,
    0x1c, 0xd8, 0xe0,

    /* U+65E5 "日" */
    0x0, 0xfd, 0xdb, 0xbe, 0xf0, 0xdd, 0xf0, 0x7,
    0xff, 0x1b, 0xbb, 0xc0, 0xe, 0xef, 0x0, 0x7f,
    0xf1, 0xbb, 0xbc, 0x0, 0xee, 0xf0, 0x80,

    /* U+672C "本" */
    0x0, 0xe7, 0x70, 0x7, 0xff, 0x14, 0xb3, 0x34,
    0xcb, 0x33, 0x19, 0x77, 0x54, 0x22, 0xae, 0xe8,
    0xc0, 0x8a, 0xb5, 0x55, 0x91, 0x40, 0x1a, 0x17,
    0x74, 0xb0, 0x1, 0xc8, 0xb0, 0x0, 0x85, 0x40,
    0x9, 0x27, 0xc0, 0x37, 0xd2, 0x82, 0xcf, 0xf7,
    0x22, 0x1d, 0x39, 0xc, 0xba, 0x59, 0xd1, 0xe,
    0xb2, 0xd6, 0x0, 0xff, 0xe0, 0x0,

    /* U+6B22 "欢" */
    0x0, 0xf2, 0x38, 0x6, 0x17, 0x7c, 0x46, 0x1,
    0xe2, 0x2a, 0xc7, 0x2f, 0x31, 0xce, 0x38, 0xaa,
    0x21, 0x7d, 0x9c, 0x44, 0x0, 0xb9, 0x92, 0xc9,
    0x78, 0x11, 0x84, 0x5c, 0xd3, 0xab, 0x88, 0x40,
    0x5, 0xea, 0xe0, 0x3, 0x40, 0xe, 0xb1, 0x60,
    0x5, 0xaa, 0x80, 0x24, 0x5f, 0xa0, 0x56, 0xb9,
    0x0, 0x1c, 0xf8, 0xe2, 0x44, 0x5, 0x24, 0xf,
    0x8, 0xa, 0x7c, 0x82, 0x3a, 0x40, 0x40, 0x7,
    0xa4, 0x1, 0x3c, 0x80,

    /* U+8A9E "語" */
    0x9, 0xbb, 0x2b, 0x67, 0x6e, 0x61, 0x8b, 0x7f,
    0xc2, 0xd8, 0xbd, 0x98, 0x61, 0xcc, 0x8c, 0xd8,
    0x9f, 0x94, 0x7, 0xe0, 0x3, 0x36, 0x16, 0x61,
    0x80, 0x9, 0x98, 0x61, 0x36, 0x12, 0x11, 0x5,
    0x7f, 0x9e, 0xa0, 0x2a, 0x5a, 0xc2, 0x6e, 0xcb,
    0x7f, 0xfd, 0x41, 0xd7, 0x90, 0x15, 0x99, 0x51,
    0x1, 0x5f, 0x80, 0xe, 0x22, 0x50, 0x0, 0xc4,
    0x80, 0xe, 0x66, 0x50, 0xa, 0xa2, 0x40, 0xee,
    0xe5, 0x0,

    /* U+8FCE "迎" */
    0x15, 0x0, 0x92, 0x80, 0x38, 0x79, 0xc3, 0x31,
    0x79, 0x97, 0x80, 0x2f, 0x40, 0x60, 0x43, 0x30,
    0x40, 0x15, 0x0, 0x7f, 0x84, 0x40, 0x1f, 0xcb,
    0x58, 0x1, 0xfc, 0xb6, 0x1, 0x1a, 0x80, 0x7e,
    0x60, 0xb6, 0x2, 0xc1, 0x0, 0x8d, 0xf6, 0xc,
    0xb, 0x30, 0x0, 0xb4, 0xa1, 0x0, 0x58, 0x6,
    0x6c, 0xaf, 0xac, 0xc5, 0xe6, 0x35, 0x59, 0xc1,
    0x2f, 0x33, 0xb5, 0x40,

    /* U+FF01 "！" */
    0xd6, 0x0, 0x9, 0xb8, 0x80, 0x5, 0xe8, 0xd4,
    0xa1, 0x35, 0x80
};


/*---------------------
 *  GLYPH DESCRIPTION
 *--------------------*/

static const lv_font_fmt_txt_glyph_dsc_t glyph_dsc[] = {
    {.bitmap_index = 0, .adv_w = 0, .box_w = 0, .box_h = 0, .ofs_x = 0, .ofs_y = 0} /* id = 0 reserved */,
    {.bitmap_index = 0, .adv_w = 50, .box_w = 0, .box_h = 0, .ofs_x = 0, .ofs_y = 0},
    {.bitmap_index = 0, .adv_w = 47, .box_w = 2, .box_h = 9, .ofs_x = 0, .ofs_y = 0},
    {.bitmap_index = 9, .adv_w = 70, .box_w = 4, .box_h = 4, .ofs_x = 0, .ofs_y = 5},
    {.bitmap_index = 18, .adv_w = 124, .box_w = 8, .box_h = 9, .ofs_x = 0, .ofs_y = 0},
    {.bitmap_index = 52, .adv_w = 110, .box_w = 6, .box_h = 11, .ofs_x = 0, .ofs_y = -1},
    {.bitmap_index = 84, .adv_w = 156, .box_w = 10, .box_h = 9, .ofs_x = 0, .ofs_y = 0},
    {.bitmap_index = 129, .adv_w = 138, .box_w = 9, .box_h = 9, .ofs_x = 0, .ofs_y = 0},
    {.bitmap_index = 167, .adv_w = 38, .box_w = 2, .box_h = 4, .ofs_x = 0, .ofs_y = 5},
    {.bitmap_index = 172, .adv_w = 53, .box_w = 3, .box_h = 12, .ofs_x = 0, .ofs_y = -3},
    {.bitmap_index = 190, .adv_w = 53, .box_w = 3, .box_h = 12, .ofs_x = 0, .ofs_y = -3},
    {.bitmap_index = 206, .adv_w = 106, .box_w = 6, .box_h = 6, .ofs_x = 0, .ofs_y = 4},
    {.bitmap_index = 224, .adv_w = 110, .box_w = 7, .box_h = 7, .ofs_x = 0, .ofs_y = 2},
    {.bitmap_index = 240, .adv_w = 43, .box_w = 2, .box_h = 3, .ofs_x = 0, .ofs_y = -2},
    {.bitmap_index = 243, .adv_w = 62, .box_w = 4, .box_h = 1, .ofs_x = 0, .ofs_y = 3},
    {.bitmap_index = 246, .adv_w = 47, .box_w = 2, .box_h = 2, .ofs_x = 0, .ofs_y = 0},
    {.bitmap_index = 248, .adv_w = 67, .box_w = 5, .box_h = 9, .ofs_x = 0, .ofs_y = 0},
    {.bitmap_index = 269, .adv_w = 110, .box_w = 7, .box_h = 9, .ofs_x = 0, .ofs_y = 0},
    {.bitmap_index = 301, .adv_w = 110, .box_w = 4, .box_h = 9, .ofs_x = 1, .ofs_y = 0},
    {.bitmap_index = 311, .adv_w = 110, .box_w = 7, .box_h = 9, .ofs_x = 0, .ofs_y = 0},
    {.bitmap_index = 339, .adv_w = 110, .box_w = 7, .box_h = 9, .ofs_x = 0, .ofs_y = 0},
    {.bitmap_index = 368, .adv_w = 110, .box_w = 7, .box_h = 9, .ofs_x = 0, .ofs_y = 0},
    {.bitmap_index = 393, .adv_w = 110, .box_w = 7, .box_h = 9, .ofs_x = 0, .ofs_y = 0},
    {.bitmap_index = 418, .adv_w = 110, .box_w = 7, .box_h = 9, .ofs_x = 0, .ofs_y = 0},
    {.bitmap_index = 450, .adv_w = 110, .box_w = 7, .box_h = 9, .ofs_x = 0, .ofs_y = 0},
    {.bitmap_index = 475, .adv_w = 110, .box_w = 7, .box_h = 9, .ofs_x = 0, .ofs_y = 0},
    {.bitmap_index = 507, .adv_w = 110, .box_w = 7, .box_h = 9, .ofs_x = 0, .ofs_y = 0},
    {.bitmap_index = 537, .adv_w = 47, .box_w = 2, .box_h = 7, .ofs_x = 0, .ofs_y = 0},
    {.bitmap_index = 543, .adv_w = 47, .box_w = 2, .box_h = 9, .ofs_x = 0, .ofs_y = -2},
    {.bitmap_index = 551, .adv_w = 110, .box_w = 7, .box_h = 7, .ofs_x = 0, .ofs_y = 1},
    {.bitmap_index = 574, .adv_w = 110, .box_w = 7, .box_h = 4, .ofs_x = 0, .ofs_y = 3},
    {.bitmap_index = 584, .adv_w = 110, .box_w = 7, .box_h = 7, .ofs_x = 0, .ofs_y = 1},
    {.bitmap_index = 606, .adv_w = 81, .box_w = 5, .box_h = 9, .ofs_x = 0, .ofs_y = 0},
    {.bitmap_index = 628, .adv_w = 171, .box_w = 11, .box_h = 10, .ofs_x = 0, .ofs_y = -1},
    {.bitmap_index = 678, .adv_w = 117, .box_w = 8, .box_h = 9, .ofs_x = 0, .ofs_y = 0},
    {.bitmap_index = 710, .adv_w = 121, .box_w = 6, .box_h = 9, .ofs_x = 1, .ofs_y = 0},
    {.bitmap_index = 734, .adv_w = 120, .box_w = 8, .box_h = 9, .ofs_x = 0, .ofs_y = 0},
    {.bitmap_index = 762, .adv_w = 137, .box_w = 7, .box_h = 9, .ofs_x = 1, .ofs_y = 0},
    {.bitmap_index = 789, .adv_w = 106, .box_w = 5, .box_h = 9, .ofs_x = 1, .ofs_y = 0},
    {.bitmap_index = 805, .adv_w = 97, .box_w = 5, .box_h = 9, .ofs_x = 1, .ofs_y = 0},
    {.bitmap_index = 820, .adv_w = 139, .box_w = 8, .box_h = 9, .ofs_x = 0, .ofs_y = 0},
    {.bitmap_index = 852, .adv_w = 139, .box_w = 7, .box_h = 9, .ofs_x = 1, .ofs_y = 0},
    {.bitmap_index = 867, .adv_w = 60, .box_w = 4, .box_h = 9, .ofs_x = 0, .ofs_y = 0},
    {.bitmap_index = 876, .adv_w = 48, .box_w = 4, .box_h = 12, .ofs_x = -2, .ofs_y = -3},
    {.bitmap_index = 884, .adv_w = 113, .box_w = 7, .box_h = 9, .ofs_x = 1, .ofs_y = 0},
    {.bitmap_index = 910, .adv_w = 99, .box_w = 5, .box_h = 9, .ofs_x = 1, .ofs_y = 0},
    {.bitmap_index = 916, .adv_w = 167, .box_w = 9, .box_h = 9, .ofs_x = 1, .ofs_y = 0},
    {.bitmap_index = 952, .adv_w = 140, .box_w = 7, .box_h = 9, .ofs_x = 1, .ofs_y = 0},
    {.bitmap_index = 976, .adv_w = 147, .box_w = 9, .box_h = 9, .ofs_x = 0, .ofs_y = 0},
    {.bitmap_index = 1012, .adv_w = 113, .box_w = 6, .box_h = 9, .ofs_x = 1, .ofs_y = 0},
    {.bitmap_index = 1032, .adv_w = 147, .box_w = 9, .box_h = 11, .ofs_x = 0, .ofs_y = -2},
    {.bitmap_index = 1076, .adv_w = 115, .box_w = 6, .box_h = 9, .ofs_x = 1, .ofs_y = 0},
    {.bitmap_index = 1101, .adv_w = 105, .box_w = 6, .box_h = 9, .ofs_x = 0, .ofs_y = 0},
    {.bitmap_index = 1126, .adv_w = 102, .box_w = 7, .box_h = 9, .ofs_x = 0, .ofs_y = 0},
    {.bitmap_index = 1137, .adv_w = 139, .box_w = 7, .box_h = 9, .ofs_x = 1, .ofs_y = 0},
    {.bitmap_index = 1151, .adv_w = 112, .box_w = 7, .box_h = 9, .ofs_x = 0, .ofs_y = 0},
    {.bitmap_index = 1181, .adv_w = 173, .box_w = 11, .box_h = 9, .ofs_x = 0, .ofs_y = 0},
    {.bitmap_index = 1232, .adv_w = 105, .box_w = 7, .box_h = 9, .ofs_x = 0, .ofs_y = 0},
    {.bitmap_index = 1263, .adv_w = 103, .box_w = 7, .box_h = 9, .ofs_x = 0, .ofs_y = 0},
    {.bitmap_index = 1289, .adv_w = 110, .box_w = 7, .box_h = 9, .ofs_x = 0, .ofs_y = 0},
    {.bitmap_index = 1316, .adv_w = 62, .box_w = 3, .box_h = 11, .ofs_x = 1, .ofs_y = -2},
    {.bitmap_index = 1324, .adv_w = 67, .box_w = 5, .box_h = 9, .ofs_x = 0, .ofs_y = 0},
    {.bitmap_index = 1344, .adv_w = 62, .box_w = 3, .box_h = 11, .ofs_x = 0, .ofs_y = -2},
    {.bitmap_index = 1352, .adv_w = 110, .box_w = 7, .box_h = 6, .ofs_x = 0, .ofs_y = 4},
    {.bitmap_index = 1372, .adv_w = 80, .box_w = 7, .box_h = 1, .ofs_x = -1, .ofs_y = -2},
    {.bitmap_index = 1375, .adv_w = 51, .box_w = 3, .box_h = 3, .ofs_x = 0, .ofs_y = 8},
    {.bitmap_index = 1380, .adv_w = 103, .box_w = 6, .box_h = 7, .ofs_x = 0, .ofs_y = 0},
    {.bitmap_index = 1401, .adv_w = 115, .box_w = 6, .box_h = 10, .ofs_x = 1, .ofs_y = 0},
    {.bitmap_index = 1427, .adv_w = 91, .box_w = 6, .box_h = 7, .ofs_x = 0, .ofs_y = 0},
    {.bitmap_index = 1446, .adv_w = 115, .box_w = 7, .box_h = 10, .ofs_x = 0, .ofs_y = 0},
    {.bitmap_index = 1476, .adv_w = 106, .box_w = 6, .box_h = 7, .ofs_x = 0, .ofs_y = 0},
    {.bitmap_index = 1496, .adv_w = 59, .box_w = 5, .box_h = 10, .ofs_x = 0, .ofs_y = 0},
    {.bitmap_index = 1512, .adv_w = 115, .box_w = 7, .box_h = 10, .ofs_x = 0, .ofs_y = -3},
    {.bitmap_index = 1546, .adv_w = 114, .box_w = 6, .box_h = 10, .ofs_x = 1, .ofs_y = 0},
    {.bitmap_index = 1562, .adv_w = 45, .box_w = 2, .box_h = 9, .ofs_x = 0, .ofs_y = 0},
    {.bitmap_index = 1569, .adv_w = 45, .box_w = 3, .box_h = 12, .ofs_x = -1, .ofs_y = -3},
    {.bitmap_index = 1579, .adv_w = 95, .box_w = 5, .box_h = 10, .ofs_x = 1, .ofs_y = 0},
    {.bitmap_index = 1599, .adv_w = 45, .box_w = 1, .box_h = 10, .ofs_x = 1, .ofs_y = 0},
    {.bitmap_index = 1602, .adv_w = 172, .box_w = 9, .box_h = 7, .ofs_x = 1, .ofs_y = 0},
    {.bitmap_index = 1622, .adv_w = 114, .box_w = 6, .box_h = 7, .ofs_x = 1, .ofs_y = 0},
    {.bitmap_index = 1635, .adv_w = 113, .box_w = 7, .box_h = 7, .ofs_x = 0, .ofs_y = 0},
    {.bitmap_index = 1660, .adv_w = 115, .box_w = 6, .box_h = 10, .ofs_x = 1, .ofs_y = -3},
    {.bitmap_index = 1687, .adv_w = 115, .box_w = 7, .box_h = 10, .ofs_x = 0, .ofs_y = -3},
    {.bitmap_index = 1719, .adv_w = 76, .box_w = 4, .box_h = 7, .ofs_x = 1, .ofs_y = 0},
    {.bitmap_index = 1729, .adv_w = 90, .box_w = 6, .box_h = 7, .ofs_x = 0, .ofs_y = 0},
    {.bitmap_index = 1750, .adv_w = 65, .box_w = 4, .box_h = 9, .ofs_x = 0, .ofs_y = 0},
    {.bitmap_index = 1765, .adv_w = 114, .box_w = 7, .box_h = 7, .ofs_x = 0, .ofs_y = 0},
    {.bitmap_index = 1780, .adv_w = 90, .box_w = 6, .box_h = 7, .ofs_x = 0, .ofs_y = 0},
    {.bitmap_index = 1802, .adv_w = 141, .box_w = 9, .box_h = 7, .ofs_x = 0, .ofs_y = 0},
    {.bitmap_index = 1833, .adv_w = 97, .box_w = 6, .box_h = 7, .ofs_x = 0, .ofs_y = 0},
    {.bitmap_index = 1855, .adv_w = 90, .box_w = 6, .box_h = 10, .ofs_x = 0, .ofs_y = -3},
    {.bitmap_index = 1884, .adv_w = 89, .box_w = 6, .box_h = 7, .ofs_x = 0, .ofs_y = 0},
    {.bitmap_index = 1904, .adv_w = 69, .box_w = 4, .box_h = 11, .ofs_x = 0, .ofs_y = -2},
    {.bitmap_index = 1924, .adv_w = 104, .box_w = 2, .box_h = 13, .ofs_x = 2, .ofs_y = -3},
    {.bitmap_index = 1929, .adv_w = 69, .box_w = 4, .box_h = 11, .ofs_x = 0, .ofs_y = -2},
    {.bitmap_index = 1949, .adv_w = 110, .box_w = 7, .box_h = 2, .ofs_x = 0, .ofs_y = 4},
    {.bitmap_index = 1956, .adv_w = 50, .box_w = 0, .box_h = 0, .ofs_x = 0, .ofs_y = 0},
    {.bitmap_index = 1956, .adv_w = 47, .box_w = 2, .box_h = 10, .ofs_x = 0, .ofs_y = -3},
    {.bitmap_index = 1966, .adv_w = 110, .box_w = 5, .box_h = 9, .ofs_x = 1, .ofs_y = 0},
    {.bitmap_index = 1985, .adv_w = 110, .box_w = 7, .box_h = 9, .ofs_x = 0, .ofs_y = 0},
    {.bitmap_index = 2012, .adv_w = 110, .box_w = 7, .box_h = 7, .ofs_x = 0, .ofs_y = 1},
    {.bitmap_index = 2037, .adv_w = 110, .box_w = 7, .box_h = 9, .ofs_x = 0, .ofs_y = 0},
    {.bitmap_index = 2065, .adv_w = 104, .box_w = 2, .box_h = 13, .ofs_x = 2, .ofs_y = -3},
    {.bitmap_index = 2074, .adv_w = 99, .box_w = 6, .box_h = 10, .ofs_x = 0, .ofs_y = 0},
    {.bitmap_index = 2104, .adv_w = 111, .box_w = 4, .box_h = 2, .ofs_x = 1, .ofs_y = 7},
    {.bitmap_index = 2108, .adv_w = 160, .box_w = 10, .box_h = 10, .ofs_x = 0, .ofs_y = 0},
    {.bitmap_index = 2155, .adv_w = 65, .box_w = 4, .box_h = 3, .ofs_x = 0, .ofs_y = 5},
    {.bitmap_index = 2161, .adv_w = 86, .box_w = 5, .box_h = 7, .ofs_x = 0, .ofs_y = 0},
    {.bitmap_index = 2178, .adv_w = 110, .box_w = 7, .box_h = 4, .ofs_x = 0, .ofs_y = 1},
    {.bitmap_index = 2188, .adv_w = 62, .box_w = 4, .box_h = 1, .ofs_x = 0, .ofs_y = 3},
    {.bitmap_index = 2191, .adv_w = 160, .box_w = 10, .box_h = 10, .ofs_x = 0, .ofs_y = 0},
    {.bitmap_index = 2240, .adv_w = 96, .box_w = 8, .box_h = 1, .ofs_x = -1, .ofs_y = 10},
    {.bitmap_index = 2243, .adv_w = 82, .box_w = 5, .box_h = 4, .ofs_x = 0, .ofs_y = 5},
    {.bitmap_index = 2252, .adv_w = 110, .box_w = 7, .box_h = 8, .ofs_x = 0, .ofs_y = 0},
    {.bitmap_index = 2272, .adv_w = 65, .box_w = 4, .box_h = 5, .ofs_x = 0, .ofs_y = 5},
    {.bitmap_index = 2283, .adv_w = 65, .box_w = 4, .box_h = 5, .ofs_x = 0, .ofs_y = 5},
    {.bitmap_index = 2294, .adv_w = 51, .box_w = 3, .box_h = 2, .ofs_x = 0, .ofs_y = 8},
    {.bitmap_index = 2298, .adv_w = 116, .box_w = 6, .box_h = 10, .ofs_x = 1, .ofs_y = -3},
    {.bitmap_index = 2319, .adv_w = 126, .box_w = 7, .box_h = 12, .ofs_x = 0, .ofs_y = -2},
    {.bitmap_index = 2342, .adv_w = 47, .box_w = 2, .box_h = 3, .ofs_x = 0, .ofs_y = 3},
    {.bitmap_index = 2345, .adv_w = 40, .box_w = 3, .box_h = 4, .ofs_x = 0, .ofs_y = -3},
    {.bitmap_index = 2351, .adv_w = 65, .box_w = 3, .box_h = 5, .ofs_x = 0, .ofs_y = 5},
    {.bitmap_index = 2357, .adv_w = 70, .box_w = 4, .box_h = 3, .ofs_x = 0, .ofs_y = 5},
    {.bitmap_index = 2364, .adv_w = 86, .box_w = 5, .box_h = 7, .ofs_x = 0, .ofs_y = 0},
    {.bitmap_index = 2381, .adv_w = 139, .box_w = 9, .box_h = 9, .ofs_x = 0, .ofs_y = 0},
    {.bitmap_index = 2419, .adv_w = 146, .box_w = 9, .box_h = 10, .ofs_x = 0, .ofs_y = 0},
    {.bitmap_index = 2462, .adv_w = 148, .box_w = 10, .box_h = 10, .ofs_x = 0, .ofs_y = 0},
    {.bitmap_index = 2512, .adv_w = 81, .box_w = 5, .box_h = 10, .ofs_x = 0, .ofs_y = -3},
    {.bitmap_index = 2537, .adv_w = 117, .box_w = 8, .box_h = 13, .ofs_x = 0, .ofs_y = 0},
    {.bitmap_index = 2578, .adv_w = 117, .box_w = 8, .box_h = 13, .ofs_x = 0, .ofs_y = 0},
    {.bitmap_index = 2621, .adv_w = 117, .box_w = 8, .box_h = 12, .ofs_x = 0, .ofs_y = 0},
    {.bitmap_index = 2663, .adv_w = 117, .box_w = 8, .box_h = 12, .ofs_x = 0, .ofs_y = 0},
    {.bitmap_index = 2706, .adv_w = 117, .box_w = 8, .box_h = 12, .ofs_x = 0, .ofs_y = 0},
    {.bitmap_index = 2746, .adv_w = 117, .box_w = 8, .box_h = 12, .ofs_x = 0, .ofs_y = 0},
    {.bitmap_index = 2786, .adv_w = 158, .box_w = 11, .box_h = 9, .ofs_x = -1, .ofs_y = 0},
    {.bitmap_index = 2825, .adv_w = 120, .box_w = 8, .box_h = 12, .ofs_x = 0, .ofs_y = -3},
    {.bitmap_index = 2863, .adv_w = 106, .box_w = 5, .box_h = 13, .ofs_x = 1, .ofs_y = 0},
    {.bitmap_index = 2887, .adv_w = 106, .box_w = 5, .box_h = 13, .ofs_x = 1, .ofs_y = 0},
    {.bitmap_index = 2913, .adv_w = 106, .box_w = 5, .box_h = 12, .ofs_x = 1, .ofs_y = 0},
    {.bitmap_index = 2937, .adv_w = 106, .box_w = 5, .box_h = 12, .ofs_x = 1, .ofs_y = 0},
    {.bitmap_index = 2960, .adv_w = 60, .box_w = 4, .box_h = 13, .ofs_x = 0, .ofs_y = 0},
    {.bitmap_index = 2977, .adv_w = 60, .box_w = 4, .box_h = 13, .ofs_x = 0, .ofs_y = 0},
    {.bitmap_index = 2994, .adv_w = 60, .box_w = 4, .box_h = 12, .ofs_x = 0, .ofs_y = 0},
    {.bitmap_index = 3009, .adv_w = 60, .box_w = 4, .box_h = 12, .ofs_x = 0, .ofs_y = 0},
    {.bitmap_index = 3023, .adv_w = 137, .box_w = 8, .box_h = 9, .ofs_x = 0, .ofs_y = 0},
    {.bitmap_index = 3055, .adv_w = 140, .box_w = 7, .box_h = 12, .ofs_x = 1, .ofs_y = 0},
    {.bitmap_index = 3090, .adv_w = 147, .box_w = 9, .box_h = 13, .ofs_x = 0, .ofs_y = 0},
    {.bitmap_index = 3138, .adv_w = 147, .box_w = 9, .box_h = 13, .ofs_x = 0, .ofs_y = 0},
    {.bitmap_index = 3185, .adv_w = 147, .box_w = 9, .box_h = 13, .ofs_x = 0, .ofs_y = 0},
    {.bitmap_index = 3234, .adv_w = 147, .box_w = 9, .box_h = 12, .ofs_x = 0, .ofs_y = 0},
    {.bitmap_index = 3282, .adv_w = 147, .box_w = 9, .box_h = 12, .ofs_x = 0, .ofs_y = 0},
    {.bitmap_index = 3327, .adv_w = 110, .box_w = 7, .box_h = 7, .ofs_x = 0, .ofs_y = 1},
    {.bitmap_index = 3351, .adv_w = 147, .box_w = 9, .box_h = 11, .ofs_x = 0, .ofs_y = -1},
    {.bitmap_index = 3399, .adv_w = 139, .box_w = 7, .box_h = 13, .ofs_x = 1, .ofs_y = 0},
    {.bitmap_index = 3424, .adv_w = 139, .box_w = 7, .box_h = 13, .ofs_x = 1, .ofs_y = 0},
    {.bitmap_index = 3449, .adv_w = 139, .box_w = 7, .box_h = 13, .ofs_x = 1, .ofs_y = 0},
    {.bitmap_index = 3476, .adv_w = 139, .box_w = 7, .box_h = 12, .ofs_x = 1, .ofs_y = 0},
    {.bitmap_index = 3498, .adv_w = 103, .box_w = 7, .box_h = 13, .ofs_x = 0, .ofs_y = 0},
    {.bitmap_index = 3534, .adv_w = 113, .box_w = 6, .box_h = 9, .ofs_x = 1, .ofs_y = 0},
    {.bitmap_index = 3556, .adv_w = 114, .box_w = 6, .box_h = 10, .ofs_x = 1, .ofs_y = 0},
    {.bitmap_index = 3584, .adv_w = 103, .box_w = 6, .box_h = 11, .ofs_x = 0, .ofs_y = 0},
    {.bitmap_index = 3613, .adv_w = 103, .box_w = 6, .box_h = 10, .ofs_x = 0, .ofs_y = 0},
    {.bitmap_index = 3642, .adv_w = 103, .box_w = 6, .box_h = 10, .ofs_x = 0, .ofs_y = 0},
    {.bitmap_index = 3672, .adv_w = 103, .box_w = 6, .box_h = 9, .ofs_x = 0, .ofs_y = 0},
    {.bitmap_index = 3699, .adv_w = 103, .box_w = 6, .box_h = 9, .ofs_x = 0, .ofs_y = 0},
    {.bitmap_index = 3726, .adv_w = 103, .box_w = 6, .box_h = 11, .ofs_x = 0, .ofs_y = 0},
    {.bitmap_index = 3759, .adv_w = 165, .box_w = 10, .box_h = 7, .ofs_x = 0, .ofs_y = 0},
    {.bitmap_index = 3794, .adv_w = 91, .box_w = 6, .box_h = 10, .ofs_x = 0, .ofs_y = -3},
    {.bitmap_index = 3822, .adv_w = 106, .box_w = 6, .box_h = 11, .ofs_x = 0, .ofs_y = 0},
    {.bitmap_index = 3852, .adv_w = 106, .box_w = 6, .box_h = 10, .ofs_x = 0, .ofs_y = 0},
    {.bitmap_index = 3879, .adv_w = 106, .box_w = 6, .box_h = 10, .ofs_x = 0, .ofs_y = 0},
    {.bitmap_index = 3908, .adv_w = 106, .box_w = 6, .box_h = 9, .ofs_x = 0, .ofs_y = 0},
    {.bitmap_index = 3934, .adv_w = 45, .box_w = 3, .box_h = 11, .ofs_x = 0, .ofs_y = 0},
    {.bitmap_index = 3945, .adv_w = 45, .box_w = 4, .box_h = 10, .ofs_x = 0, .ofs_y = 0},
    {.bitmap_index = 3956, .adv_w = 45, .box_w = 5, .box_h = 10, .ofs_x = -1, .ofs_y = 0},
    {.bitmap_index = 3968, .adv_w = 45, .box_w = 4, .box_h = 9, .ofs_x = -1, .ofs_y = 0},
    {.bitmap_index = 3977, .adv_w = 111, .box_w = 7, .box_h = 10, .ofs_x = 0, .ofs_y = 0},
    {.bitmap_index = 4011, .adv_w = 114, .box_w = 6, .box_h = 9, .ofs_x = 1, .ofs_y = 0},
    {.bitmap_index = 4030, .adv_w = 113, .box_w = 7, .box_h = 11, .ofs_x = 0, .ofs_y = 0},
    {.bitmap_index = 4064, .adv_w = 113, .box_w = 7, .box_h = 10, .ofs_x = 0, .ofs_y = 0},
    {.bitmap_index = 4097, .adv_w = 113, .box_w = 7, .box_h = 10, .ofs_x = 0, .ofs_y = 0},
    {.bitmap_index = 4131, .adv_w = 113, .box_w = 7, .box_h = 9, .ofs_x = 0, .ofs_y = 0},
    {.bitmap_index = 4163, .adv_w = 113, .box_w = 7, .box_h = 9, .ofs_x = 0, .ofs_y = 0},
    {.bitmap_index = 4194, .adv_w = 110, .box_w = 7, .box_h = 7, .ofs_x = 0, .ofs_y = 1},
    {.bitmap_index = 4212, .adv_w = 113, .box_w = 7, .box_h = 9, .ofs_x = 0, .ofs_y = -1},
    {.bitmap_index = 4241, .adv_w = 114, .box_w = 7, .box_h = 11, .ofs_x = 0, .ofs_y = 0},
    {.bitmap_index = 4265, .adv_w = 114, .box_w = 7, .box_h = 10, .ofs_x = 0, .ofs_y = 0},
    {.bitmap_index = 4288, .adv_w = 114, .box_w = 7, .box_h = 10, .ofs_x = 0, .ofs_y = 0},
    {.bitmap_index = 4313, .adv_w = 114, .box_w = 7, .box_h = 9, .ofs_x = 0, .ofs_y = 0},
    {.bitmap_index = 4335, .adv_w = 90, .box_w = 6, .box_h = 13, .ofs_x = 0, .ofs_y = -3},
    {.bitmap_index = 4372, .adv_w = 115, .box_w = 6, .box_h = 13, .ofs_x = 1, .ofs_y = -3},
    {.bitmap_index = 4403, .adv_w = 90, .box_w = 6, .box_h = 12, .ofs_x = 0, .ofs_y = -3},
    {.bitmap_index = 4438, .adv_w = 117, .box_w = 8, .box_h = 11, .ofs_x = 0, .ofs_y = 0},
    {.bitmap_index = 4476, .adv_w = 103, .box_w = 6, .box_h = 9, .ofs_x = 0, .ofs_y = 0},
    {.bitmap_index = 4504, .adv_w = 117, .box_w = 8, .box_h = 12, .ofs_x = 0, .ofs_y = 0},
    {.bitmap_index = 4545, .adv_w = 103, .box_w = 6, .box_h = 9, .ofs_x = 0, .ofs_y = 0},
    {.bitmap_index = 4573, .adv_w = 117, .box_w = 8, .box_h = 12, .ofs_x = 0, .ofs_y = -3},
    {.bitmap_index = 4614, .adv_w = 103, .box_w = 6, .box_h = 10, .ofs_x = 0, .ofs_y = -3},
    {.bitmap_index = 4643, .adv_w = 120, .box_w = 8, .box_h = 13, .ofs_x = 0, .ofs_y = 0},
    {.bitmap_index = 4681, .adv_w = 91, .box_w = 6, .box_h = 10, .ofs_x = 0, .ofs_y = 0},
    {.bitmap_index = 4708, .adv_w = 120, .box_w = 8, .box_h = 13, .ofs_x = 0, .ofs_y = 0},
    {.bitmap_index = 4748, .adv_w = 91, .box_w = 6, .box_h = 10, .ofs_x = 0, .ofs_y = 0},
    {.bitmap_index = 4776, .adv_w = 120, .box_w = 8, .box_h = 12, .ofs_x = 0, .ofs_y = 0},
    {.bitmap_index = 4810, .adv_w = 91, .box_w = 6, .box_h = 9, .ofs_x = 0, .ofs_y = 0},
    {.bitmap_index = 4834, .adv_w = 120, .box_w = 8, .box_h = 13, .ofs_x = 0, .ofs_y = 0},
    {.bitmap_index = 4874, .adv_w = 91, .box_w = 6, .box_h = 10, .ofs_x = 0, .ofs_y = 0},
    {.bitmap_index = 4903, .adv_w = 137, .box_w = 7, .box_h = 12, .ofs_x = 1, .ofs_y = 0},
    {.bitmap_index = 4939, .adv_w = 115, .box_w = 8, .box_h = 10, .ofs_x = 0, .ofs_y = 0},
    {.bitmap_index = 4976, .adv_w = 137, .box_w = 8, .box_h = 9, .ofs_x = 0, .ofs_y = 0},
    {.bitmap_index = 5008, .adv_w = 115, .box_w = 8, .box_h = 10, .ofs_x = 0, .ofs_y = 0},
    {.bitmap_index = 5047, .adv_w = 106, .box_w = 5, .box_h = 11, .ofs_x = 1, .ofs_y = 0},
    {.bitmap_index = 5068, .adv_w = 106, .box_w = 6, .box_h = 9, .ofs_x = 0, .ofs_y = 0},
    {.bitmap_index = 5094, .adv_w = 106, .box_w = 5, .box_h = 12, .ofs_x = 1, .ofs_y = 0},
    {.bitmap_index = 5118, .adv_w = 106, .box_w = 6, .box_h = 9, .ofs_x = 0, .ofs_y = 0},
    {.bitmap_index = 5144, .adv_w = 106, .box_w = 5, .box_h = 12, .ofs_x = 1, .ofs_y = 0},
    {.bitmap_index = 5166, .adv_w = 106, .box_w = 6, .box_h = 9, .ofs_x = 0, .ofs_y = 0},
    {.bitmap_index = 5190, .adv_w = 106, .box_w = 5, .box_h = 12, .ofs_x = 1, .ofs_y = -3},
    {.bitmap_index = 5212, .adv_w = 106, .box_w = 6, .box_h = 10, .ofs_x = 0, .ofs_y = -3},
    {.bitmap_index = 5240, .adv_w = 106, .box_w = 5, .box_h = 12, .ofs_x = 1, .ofs_y = 0},
    {.bitmap_index = 5264, .adv_w = 106, .box_w = 6, .box_h = 10, .ofs_x = 0, .ofs_y = 0},
    {.bitmap_index = 5293, .adv_w = 139, .box_w = 8, .box_h = 13, .ofs_x = 0, .ofs_y = 0},
    {.bitmap_index = 5338, .adv_w = 115, .box_w = 7, .box_h = 13, .ofs_x = 0, .ofs_y = -3},
    {.bitmap_index = 5382, .adv_w = 139, .box_w = 8, .box_h = 12, .ofs_x = 0, .ofs_y = 0},
    {.bitmap_index = 5424, .adv_w = 115, .box_w = 7, .box_h = 12, .ofs_x = 0, .ofs_y = -3},
    {.bitmap_index = 5465, .adv_w = 139, .box_w = 8, .box_h = 12, .ofs_x = 0, .ofs_y = 0},
    {.bitmap_index = 5504, .adv_w = 115, .box_w = 7, .box_h = 12, .ofs_x = 0, .ofs_y = -3},
    {.bitmap_index = 5543, .adv_w = 139, .box_w = 8, .box_h = 12, .ofs_x = 0, .ofs_y = -3},
    {.bitmap_index = 5585, .adv_w = 115, .box_w = 7, .box_h = 13, .ofs_x = 0, .ofs_y = -3},
    {.bitmap_index = 5627, .adv_w = 139, .box_w = 7, .box_h = 12, .ofs_x = 1, .ofs_y = 0},
    {.bitmap_index = 5652, .adv_w = 114, .box_w = 8, .box_h = 13, .ofs_x = -1, .ofs_y = 0},
    {.bitmap_index = 5681, .adv_w = 139, .box_w = 9, .box_h = 9, .ofs_x = 0, .ofs_y = 0},
    {.bitmap_index = 5704, .adv_w = 114, .box_w = 7, .box_h = 10, .ofs_x = 0, .ofs_y = 0},
    {.bitmap_index = 5729, .adv_w = 60, .box_w = 5, .box_h = 12, .ofs_x = -1, .ofs_y = 0},
    {.bitmap_index = 5747, .adv_w = 45, .box_w = 5, .box_h = 9, .ofs_x = -1, .ofs_y = 0},
    {.bitmap_index = 5757, .adv_w = 60, .box_w = 4, .box_h = 11, .ofs_x = 0, .ofs_y = 0},
    {.bitmap_index = 5770, .adv_w = 45, .box_w = 5, .box_h = 9, .ofs_x = -1, .ofs_y = 0},
    {.bitmap_index = 5779, .adv_w = 60, .box_w = 4, .box_h = 12, .ofs_x = 0, .ofs_y = 0},
    {.bitmap_index = 5794, .adv_w = 45, .box_w = 5, .box_h = 9, .ofs_x = -1, .ofs_y = 0},
    {.bitmap_index = 5804, .adv_w = 60, .box_w = 4, .box_h = 12, .ofs_x = 0, .ofs_y = -3},
    {.bitmap_index = 5819, .adv_w = 45, .box_w = 2, .box_h = 12, .ofs_x = 0, .ofs_y = -3},
    {.bitmap_index = 5828, .adv_w = 60, .box_w = 4, .box_h = 12, .ofs_x = 0, .ofs_y = 0},
    {.bitmap_index = 5842, .adv_w = 45, .box_w = 1, .box_h = 7, .ofs_x = 1, .ofs_y = 0},
    {.bitmap_index = 5845, .adv_w = 108, .box_w = 6, .box_h = 12, .ofs_x = 0, .ofs_y = -3},
    {.bitmap_index = 5863, .adv_w = 89, .box_w = 5, .box_h = 12, .ofs_x = 0, .ofs_y = -3},
    {.bitmap_index = 5880, .adv_w = 48, .box_w = 6, .box_h = 15, .ofs_x = -2, .ofs_y = -3},
    {.bitmap_index = 5899, .adv_w = 45, .box_w = 5, .box_h = 13, .ofs_x = -1, .ofs_y = -3},
    {.bitmap_index = 5914, .adv_w = 113, .box_w = 7, .box_h = 12, .ofs_x = 1, .ofs_y = -3},
    {.bitmap_index = 5949, .adv_w = 95, .box_w = 5, .box_h = 13, .ofs_x = 1, .ofs_y = -3},
    {.bitmap_index = 5976, .adv_w = 95, .box_w = 5, .box_h = 7, .ofs_x = 1, .ofs_y = 0},
    {.bitmap_index = 5994, .adv_w = 99, .box_w = 6, .box_h = 13, .ofs_x = 0, .ofs_y = 0},
    {.bitmap_index = 6010, .adv_w = 45, .box_w = 4, .box_h = 13, .ofs_x = 0, .ofs_y = 0},
    {.bitmap_index = 6021, .adv_w = 99, .box_w = 5, .box_h = 12, .ofs_x = 1, .ofs_y = -3},
    {.bitmap_index = 6034, .adv_w = 45, .box_w = 3, .box_h = 13, .ofs_x = 0, .ofs_y = -3},
    {.bitmap_index = 6043, .adv_w = 99, .box_w = 5, .box_h = 9, .ofs_x = 1, .ofs_y = 0},
    {.bitmap_index = 6056, .adv_w = 45, .box_w = 3, .box_h = 10, .ofs_x = 1, .ofs_y = 0},
    {.bitmap_index = 6064, .adv_w = 99, .box_w = 5, .box_h = 9, .ofs_x = 1, .ofs_y = 0},
    {.bitmap_index = 6075, .adv_w = 46, .box_w = 3, .box_h = 10, .ofs_x = 1, .ofs_y = 0},
    {.bitmap_index = 6085, .adv_w = 99, .box_w = 6, .box_h = 9, .ofs_x = 0, .ofs_y = 0},
    {.bitmap_index = 6103, .adv_w = 45, .box_w = 3, .box_h = 10, .ofs_x = 0, .ofs_y = 0},
    {.bitmap_index = 6113, .adv_w = 140, .box_w = 7, .box_h = 13, .ofs_x = 1, .ofs_y = 0},
    {.bitmap_index = 6148, .adv_w = 114, .box_w = 6, .box_h = 10, .ofs_x = 1, .ofs_y = 0},
    {.bitmap_index = 6169, .adv_w = 140, .box_w = 7, .box_h = 12, .ofs_x = 1, .ofs_y = -3},
    {.bitmap_index = 6203, .adv_w = 114, .box_w = 6, .box_h = 10, .ofs_x = 1, .ofs_y = -3},
    {.bitmap_index = 6224, .adv_w = 140, .box_w = 7, .box_h = 12, .ofs_x = 1, .ofs_y = 0},
    {.bitmap_index = 6258, .adv_w = 114, .box_w = 6, .box_h = 10, .ofs_x = 1, .ofs_y = 0},
    {.bitmap_index = 6281, .adv_w = 122, .box_w = 7, .box_h = 9, .ofs_x = 0, .ofs_y = 0},
    {.bitmap_index = 6302, .adv_w = 140, .box_w = 7, .box_h = 12, .ofs_x = 1, .ofs_y = -3},
    {.bitmap_index = 6335, .adv_w = 114, .box_w = 6, .box_h = 10, .ofs_x = 1, .ofs_y = -3},
    {.bitmap_index = 6354, .adv_w = 147, .box_w = 9, .box_h = 11, .ofs_x = 0, .ofs_y = 0},
    {.bitmap_index = 6397, .adv_w = 113, .box_w = 7, .box_h = 9, .ofs_x = 0, .ofs_y = 0},
    {.bitmap_index = 6429, .adv_w = 147, .box_w = 9, .box_h = 12, .ofs_x = 0, .ofs_y = 0},
    {.bitmap_index = 6476, .adv_w = 113, .box_w = 7, .box_h = 9, .ofs_x = 0, .ofs_y = 0},
    {.bitmap_index = 6507, .adv_w = 147, .box_w = 9, .box_h = 13, .ofs_x = 0, .ofs_y = 0},
    {.bitmap_index = 6558, .adv_w = 113, .box_w = 7, .box_h = 10, .ofs_x = 0, .ofs_y = 0},
    {.bitmap_index = 6594, .adv_w = 175, .box_w = 11, .box_h = 9, .ofs_x = 0, .ofs_y = 0},
    {.bitmap_index = 6632, .adv_w = 184, .box_w = 11, .box_h = 7, .ofs_x = 0, .ofs_y = 0},
    {.bitmap_index = 6668, .adv_w = 115, .box_w = 6, .box_h = 13, .ofs_x = 1, .ofs_y = 0},
    {.bitmap_index = 6704, .adv_w = 76, .box_w = 4, .box_h = 10, .ofs_x = 1, .ofs_y = 0},
    {.bitmap_index = 6721, .adv_w = 115, .box_w = 6, .box_h = 12, .ofs_x = 1, .ofs_y = -3},
    {.bitmap_index = 6755, .adv_w = 76, .box_w = 5, .box_h = 10, .ofs_x = 0, .ofs_y = -3},
    {.bitmap_index = 6773, .adv_w = 115, .box_w = 6, .box_h = 12, .ofs_x = 1, .ofs_y = 0},
    {.bitmap_index = 6808, .adv_w = 76, .box_w = 5, .box_h = 10, .ofs_x = 0, .ofs_y = 0},
    {.bitmap_index = 6828, .adv_w = 105, .box_w = 6, .box_h = 13, .ofs_x = 0, .ofs_y = 0},
    {.bitmap_index = 6862, .adv_w = 90, .box_w = 6, .box_h = 10, .ofs_x = 0, .ofs_y = 0},
    {.bitmap_index = 6891, .adv_w = 105, .box_w = 6, .box_h = 13, .ofs_x = 0, .ofs_y = 0},
    {.bitmap_index = 6928, .adv_w = 90, .box_w = 6, .box_h = 10, .ofs_x = 0, .ofs_y = 0},
    {.bitmap_index = 6958, .adv_w = 105, .box_w = 6, .box_h = 12, .ofs_x = 0, .ofs_y = -3},
    {.bitmap_index = 6992, .adv_w = 90, .box_w = 6, .box_h = 10, .ofs_x = 0, .ofs_y = -3},
    {.bitmap_index = 7021, .adv_w = 105, .box_w = 6, .box_h = 13, .ofs_x = 0, .ofs_y = 0},
    {.bitmap_index = 7057, .adv_w = 90, .box_w = 6, .box_h = 10, .ofs_x = 0, .ofs_y = 0},
    {.bitmap_index = 7087, .adv_w = 102, .box_w = 7, .box_h = 12, .ofs_x = 0, .ofs_y = -3},
    {.bitmap_index = 7106, .adv_w = 65, .box_w = 4, .box_h = 12, .ofs_x = 0, .ofs_y = -3},
    {.bitmap_index = 7127, .adv_w = 102, .box_w = 7, .box_h = 12, .ofs_x = 0, .ofs_y = 0},
    {.bitmap_index = 7147, .adv_w = 65, .box_w = 6, .box_h = 10, .ofs_x = 0, .ofs_y = 0},
    {.bitmap_index = 7169, .adv_w = 102, .box_w = 7, .box_h = 9, .ofs_x = 0, .ofs_y = 0},
    {.bitmap_index = 7189, .adv_w = 65, .box_w = 4, .box_h = 9, .ofs_x = 0, .ofs_y = 0},
    {.bitmap_index = 7206, .adv_w = 139, .box_w = 7, .box_h = 12, .ofs_x = 1, .ofs_y = 0},
    {.bitmap_index = 7231, .adv_w = 114, .box_w = 7, .box_h = 9, .ofs_x = 0, .ofs_y = 0},
    {.bitmap_index = 7253, .adv_w = 139, .box_w = 7, .box_h = 11, .ofs_x = 1, .ofs_y = 0},
    {.bitmap_index = 7274, .adv_w = 114, .box_w = 7, .box_h = 9, .ofs_x = 0, .ofs_y = 0},
    {.bitmap_index = 7296, .adv_w = 139, .box_w = 7, .box_h = 12, .ofs_x = 1, .ofs_y = 0},
    {.bitmap_index = 7320, .adv_w = 114, .box_w = 7, .box_h = 9, .ofs_x = 0, .ofs_y = 0},
    {.bitmap_index = 7342, .adv_w = 139, .box_w = 7, .box_h = 13, .ofs_x = 1, .ofs_y = 0},
    {.bitmap_index = 7368, .adv_w = 114, .box_w = 7, .box_h = 11, .ofs_x = 0, .ofs_y = 0},
    {.bitmap_index = 7395, .adv_w = 139, .box_w = 7, .box_h = 13, .ofs_x = 1, .ofs_y = 0},
    {.bitmap_index = 7423, .adv_w = 114, .box_w = 7, .box_h = 10, .ofs_x = 0, .ofs_y = 0},
    {.bitmap_index = 7449, .adv_w = 139, .box_w = 7, .box_h = 12, .ofs_x = 1, .ofs_y = -3},
    {.bitmap_index = 7472, .adv_w = 114, .box_w = 7, .box_h = 10, .ofs_x = 0, .ofs_y = -3},
    {.bitmap_index = 7496, .adv_w = 173, .box_w = 11, .box_h = 12, .ofs_x = 0, .ofs_y = 0},
    {.bitmap_index = 7558, .adv_w = 141, .box_w = 9, .box_h = 10, .ofs_x = 0, .ofs_y = 0},
    {.bitmap_index = 7600, .adv_w = 103, .box_w = 7, .box_h = 12, .ofs_x = 0, .ofs_y = 0},
    {.bitmap_index = 7635, .adv_w = 90, .box_w = 6, .box_h = 13, .ofs_x = 0, .ofs_y = -3},
    {.bitmap_index = 7673, .adv_w = 103, .box_w = 7, .box_h = 12, .ofs_x = 0, .ofs_y = 0},
    {.bitmap_index = 7706, .adv_w = 110, .box_w = 7, .box_h = 13, .ofs_x = 0, .ofs_y = 0},
    {.bitmap_index = 7743, .adv_w = 89, .box_w = 6, .box_h = 10, .ofs_x = 0, .ofs_y = 0},
    {.bitmap_index = 7771, .adv_w = 110, .box_w = 7, .box_h = 12, .ofs_x = 0, .ofs_y = 0},
    {.bitmap_index = 7804, .adv_w = 89, .box_w = 6, .box_h = 9, .ofs_x = 0, .ofs_y = 0},
    {.bitmap_index = 7830, .adv_w = 110, .box_w = 7, .box_h = 12, .ofs_x = 0, .ofs_y = 0},
    {.bitmap_index = 7867, .adv_w = 89, .box_w = 6, .box_h = 10, .ofs_x = 0, .ofs_y = 0},
    {.bitmap_index = 7896, .adv_w = 60, .box_w = 4, .box_h = 10, .ofs_x = 1, .ofs_y = 0},
    {.bitmap_index = 7904, .adv_w = 106, .box_w = 5, .box_h = 13, .ofs_x = 1, .ofs_y = 0},
    {.bitmap_index = 7928, .adv_w = 106, .box_w = 5, .box_h = 12, .ofs_x = 1, .ofs_y = 0},
    {.bitmap_index = 7950, .adv_w = 133, .box_w = 8, .box_h = 9, .ofs_x = 0, .ofs_y = 0},
    {.bitmap_index = 7978, .adv_w = 98, .box_w = 5, .box_h = 13, .ofs_x = 1, .ofs_y = 0},
    {.bitmap_index = 7996, .adv_w = 122, .box_w = 8, .box_h = 9, .ofs_x = 0, .ofs_y = 0},
    {.bitmap_index = 8027, .adv_w = 105, .box_w = 6, .box_h = 9, .ofs_x = 0, .ofs_y = 0},
    {.bitmap_index = 8052, .adv_w = 50, .box_w = 1, .box_h = 9, .ofs_x = 1, .ofs_y = 0},
    {.bitmap_index = 8055, .adv_w = 50, .box_w = 3, .box_h = 12, .ofs_x = 0, .ofs_y = 0},
    {.bitmap_index = 8064, .adv_w = 48, .box_w = 4, .box_h = 12, .ofs_x = -2, .ofs_y = -3},
    {.bitmap_index = 8072, .adv_w = 194, .box_w = 12, .box_h = 9, .ofs_x = 0, .ofs_y = 0},
    {.bitmap_index = 8109, .adv_w = 197, .box_w = 11, .box_h = 9, .ofs_x = 1, .ofs_y = 0},
    {.bitmap_index = 8137, .adv_w = 133, .box_w = 8, .box_h = 9, .ofs_x = 0, .ofs_y = 0},
    {.bitmap_index = 8164, .adv_w = 113, .box_w = 6, .box_h = 13, .ofs_x = 1, .ofs_y = 0},
    {.bitmap_index = 8198, .adv_w = 141, .box_w = 7, .box_h = 13, .ofs_x = 1, .ofs_y = 0},
    {.bitmap_index = 8232, .adv_w = 113, .box_w = 8, .box_h = 12, .ofs_x = 0, .ofs_y = 0},
    {.bitmap_index = 8275, .adv_w = 137, .box_w = 7, .box_h = 11, .ofs_x = 1, .ofs_y = -2},
    {.bitmap_index = 8290, .adv_w = 117, .box_w = 8, .box_h = 9, .ofs_x = 0, .ofs_y = 0},
    {.bitmap_index = 8322, .adv_w = 115, .box_w = 6, .box_h = 9, .ofs_x = 1, .ofs_y = 0},
    {.bitmap_index = 8343, .adv_w = 121, .box_w = 6, .box_h = 9, .ofs_x = 1, .ofs_y = 0},
    {.bitmap_index = 8367, .adv_w = 98, .box_w = 5, .box_h = 9, .ofs_x = 1, .ofs_y = 0},
    {.bitmap_index = 8375, .adv_w = 137, .box_w = 9, .box_h = 11, .ofs_x = 0, .ofs_y = -2},
    {.bitmap_index = 8400, .adv_w = 106, .box_w = 5, .box_h = 9, .ofs_x = 1, .ofs_y = 0},
    {.bitmap_index = 8416, .adv_w = 166, .box_w = 11, .box_h = 9, .ofs_x = 0, .ofs_y = 0},
    {.bitmap_index = 8460, .adv_w = 109, .box_w = 7, .box_h = 9, .ofs_x = 0, .ofs_y = 0},
    {.bitmap_index = 8488, .adv_w = 141, .box_w = 7, .box_h = 9, .ofs_x = 1, .ofs_y = 0},
    {.bitmap_index = 8514, .adv_w = 141, .box_w = 7, .box_h = 12, .ofs_x = 1, .ofs_y = 0},
    {.bitmap_index = 8549, .adv_w = 113, .box_w = 6, .box_h = 9, .ofs_x = 1, .ofs_y = 0},
    {.bitmap_index = 8573, .adv_w = 133, .box_w = 8, .box_h = 9, .ofs_x = 0, .ofs_y = 0},
    {.bitmap_index = 8597, .adv_w = 167, .box_w = 9, .box_h = 9, .ofs_x = 1, .ofs_y = 0},
    {.bitmap_index = 8633, .adv_w = 139, .box_w = 7, .box_h = 9, .ofs_x = 1, .ofs_y = 0},
    {.bitmap_index = 8648, .adv_w = 145, .box_w = 9, .box_h = 9, .ofs_x = 0, .ofs_y = 0},
    {.bitmap_index = 8684, .adv_w = 137, .box_w = 7, .box_h = 9, .ofs_x = 1, .ofs_y = 0},
    {.bitmap_index = 8693, .adv_w = 113, .box_w = 6, .box_h = 9, .ofs_x = 1, .ofs_y = 0},
    {.bitmap_index = 8714, .adv_w = 122, .box_w = 8, .box_h = 9, .ofs_x = 0, .ofs_y = 0},
    {.bitmap_index = 8742, .adv_w = 102, .box_w = 7, .box_h = 9, .ofs_x = 0, .ofs_y = 0},
    {.bitmap_index = 8753, .adv_w = 113, .box_w = 8, .box_h = 9, .ofs_x = 0, .ofs_y = 0},
    {.bitmap_index = 8786, .adv_w = 150, .box_w = 9, .box_h = 9, .ofs_x = 0, .ofs_y = 0},
    {.bitmap_index = 8823, .adv_w = 108, .box_w = 7, .box_h = 9, .ofs_x = 0, .ofs_y = 0},
    {.bitmap_index = 8854, .adv_w = 139, .box_w = 8, .box_h = 11, .ofs_x = 1, .ofs_y = -2},
    {.bitmap_index = 8869, .adv_w = 126, .box_w = 7, .box_h = 9, .ofs_x = 0, .ofs_y = 0},
    {.bitmap_index = 8888, .adv_w = 194, .box_w = 10, .box_h = 9, .ofs_x = 1, .ofs_y = 0},
    {.bitmap_index = 8900, .adv_w = 192, .box_w = 11, .box_h = 11, .ofs_x = 1, .ofs_y = -2},
    {.bitmap_index = 8921, .adv_w = 127, .box_w = 8, .box_h = 9, .ofs_x = 0, .ofs_y = 0},
    {.bitmap_index = 8947, .adv_w = 154, .box_w = 8, .box_h = 9, .ofs_x = 1, .ofs_y = 0},
    {.bitmap_index = 8973, .adv_w = 113, .box_w = 6, .box_h = 9, .ofs_x = 1, .ofs_y = 0},
    {.bitmap_index = 8992, .adv_w = 122, .box_w = 7, .box_h = 9, .ofs_x = 0, .ofs_y = 0},
    {.bitmap_index = 9020, .adv_w = 187, .box_w = 10, .box_h = 9, .ofs_x = 1, .ofs_y = 0},
    {.bitmap_index = 9059, .adv_w = 118, .box_w = 7, .box_h = 9, .ofs_x = 0, .ofs_y = 0},
    {.bitmap_index = 9088, .adv_w = 102, .box_w = 6, .box_h = 7, .ofs_x = 0, .ofs_y = 0},
    {.bitmap_index = 9110, .adv_w = 111, .box_w = 7, .box_h = 11, .ofs_x = 0, .ofs_y = 0},
    {.bitmap_index = 9147, .adv_w = 105, .box_w = 5, .box_h = 7, .ofs_x = 1, .ofs_y = 0},
    {.bitmap_index = 9164, .adv_w = 82, .box_w = 4, .box_h = 7, .ofs_x = 1, .ofs_y = 0},
    {.bitmap_index = 9172, .adv_w = 113, .box_w = 7, .box_h = 9, .ofs_x = 0, .ofs_y = -2},
    {.bitmap_index = 9198, .adv_w = 103, .box_w = 6, .box_h = 7, .ofs_x = 0, .ofs_y = 0},
    {.bitmap_index = 9217, .adv_w = 139, .box_w = 9, .box_h = 7, .ofs_x = 0, .ofs_y = 0},
    {.bitmap_index = 9248, .adv_w = 89, .box_w = 6, .box_h = 7, .ofs_x = 0, .ofs_y = 0},
    {.bitmap_index = 9267, .adv_w = 115, .box_w = 6, .box_h = 7, .ofs_x = 1, .ofs_y = 0},
    {.bitmap_index = 9287, .adv_w = 115, .box_w = 6, .box_h = 9, .ofs_x = 1, .ofs_y = 0},
    {.bitmap_index = 9313, .adv_w = 95, .box_w = 5, .box_h = 7, .ofs_x = 1, .ofs_y = 0},
    {.bitmap_index = 9331, .adv_w = 109, .box_w = 6, .box_h = 7, .ofs_x = 0, .ofs_y = 0},
    {.bitmap_index = 9350, .adv_w = 142, .box_w = 7, .box_h = 7, .ofs_x = 1, .ofs_y = 0},
    {.bitmap_index = 9374, .adv_w = 114, .box_w = 6, .box_h = 7, .ofs_x = 1, .ofs_y = 0},
    {.bitmap_index = 9388, .adv_w = 110, .box_w = 7, .box_h = 7, .ofs_x = 0, .ofs_y = 0},
    {.bitmap_index = 9413, .adv_w = 112, .box_w = 5, .box_h = 7, .ofs_x = 1, .ofs_y = 0},
    {.bitmap_index = 9421, .adv_w = 114, .box_w = 6, .box_h = 10, .ofs_x = 1, .ofs_y = -3},
    {.bitmap_index = 9448, .adv_w = 94, .box_w = 6, .box_h = 7, .ofs_x = 0, .ofs_y = 0},
    {.bitmap_index = 9467, .adv_w = 86, .box_w = 6, .box_h = 7, .ofs_x = 0, .ofs_y = 0},
    {.bitmap_index = 9477, .adv_w = 92, .box_w = 6, .box_h = 10, .ofs_x = 0, .ofs_y = -3},
    {.bitmap_index = 9506, .adv_w = 134, .box_w = 8, .box_h = 13, .ofs_x = 0, .ofs_y = -3},
    {.bitmap_index = 9545, .adv_w = 93, .box_w = 6, .box_h = 7, .ofs_x = 0, .ofs_y = 0},
    {.bitmap_index = 9567, .adv_w = 114, .box_w = 6, .box_h = 9, .ofs_x = 1, .ofs_y = -2},
    {.bitmap_index = 9580, .adv_w = 109, .box_w = 6, .box_h = 7, .ofs_x = 0, .ofs_y = 0},
    {.bitmap_index = 9598, .adv_w = 165, .box_w = 9, .box_h = 7, .ofs_x = 1, .ofs_y = 0},
    {.bitmap_index = 9611, .adv_w = 166, .box_w = 10, .box_h = 9, .ofs_x = 1, .ofs_y = -2},
    {.bitmap_index = 9632, .adv_w = 117, .box_w = 7, .box_h = 7, .ofs_x = 0, .ofs_y = 0},
    {.bitmap_index = 9653, .adv_w = 136, .box_w = 7, .box_h = 7, .ofs_x = 1, .ofs_y = 0},
    {.bitmap_index = 9673, .adv_w = 101, .box_w = 5, .box_h = 7, .ofs_x = 1, .ofs_y = 0},
    {.bitmap_index = 9687, .adv_w = 95, .box_w = 6, .box_h = 7, .ofs_x = 0, .ofs_y = 0},
    {.bitmap_index = 9708, .adv_w = 148, .box_w = 8, .box_h = 7, .ofs_x = 1, .ofs_y = 0},
    {.bitmap_index = 9737, .adv_w = 106, .box_w = 6, .box_h = 7, .ofs_x = 0, .ofs_y = 0},
    {.bitmap_index = 9758, .adv_w = 103, .box_w = 6, .box_h = 11, .ofs_x = 0, .ofs_y = 0},
    {.bitmap_index = 9785, .adv_w = 103, .box_w = 6, .box_h = 9, .ofs_x = 0, .ofs_y = 0},
    {.bitmap_index = 9810, .adv_w = 114, .box_w = 7, .box_h = 13, .ofs_x = 0, .ofs_y = -3},
    {.bitmap_index = 9845, .adv_w = 82, .box_w = 4, .box_h = 10, .ofs_x = 1, .ofs_y = 0},
    {.bitmap_index = 9859, .adv_w = 94, .box_w = 6, .box_h = 7, .ofs_x = 0, .ofs_y = 0},
    {.bitmap_index = 9879, .adv_w = 89, .box_w = 5, .box_h = 7, .ofs_x = 0, .ofs_y = 0},
    {.bitmap_index = 9897, .adv_w = 45, .box_w = 2, .box_h = 9, .ofs_x = 0, .ofs_y = 0},
    {.bitmap_index = 9904, .adv_w = 45, .box_w = 3, .box_h = 9, .ofs_x = 0, .ofs_y = 0},
    {.bitmap_index = 9912, .adv_w = 45, .box_w = 3, .box_h = 12, .ofs_x = -1, .ofs_y = -3},
    {.bitmap_index = 9922, .adv_w = 163, .box_w = 10, .box_h = 7, .ofs_x = 0, .ofs_y = 0},
    {.bitmap_index = 9954, .adv_w = 167, .box_w = 9, .box_h = 7, .ofs_x = 1, .ofs_y = 0},
    {.bitmap_index = 9975, .adv_w = 115, .box_w = 7, .box_h = 10, .ofs_x = 0, .ofs_y = 0},
    {.bitmap_index = 10002, .adv_w = 95, .box_w = 5, .box_h = 10, .ofs_x = 1, .ofs_y = 0},
    {.bitmap_index = 10027, .adv_w = 115, .box_w = 6, .box_h = 11, .ofs_x = 1, .ofs_y = 0},
    {.bitmap_index = 10056, .adv_w = 92, .box_w = 6, .box_h = 12, .ofs_x = 0, .ofs_y = -3},
    {.bitmap_index = 10091, .adv_w = 113, .box_w = 6, .box_h = 9, .ofs_x = 1, .ofs_y = -2},
    {.bitmap_index = 10104, .adv_w = 173, .box_w = 11, .box_h = 9, .ofs_x = 0, .ofs_y = 0},
    {.bitmap_index = 10153, .adv_w = 145, .box_w = 9, .box_h = 7, .ofs_x = 0, .ofs_y = 0},
    {.bitmap_index = 10184, .adv_w = 130, .box_w = 8, .box_h = 9, .ofs_x = 0, .ofs_y = 0},
    {.bitmap_index = 10213, .adv_w = 120, .box_w = 7, .box_h = 9, .ofs_x = 0, .ofs_y = 0},
    {.bitmap_index = 10240, .adv_w = 177, .box_w = 10, .box_h = 9, .ofs_x = 1, .ofs_y = 0},
    {.bitmap_index = 10276, .adv_w = 146, .box_w = 8, .box_h = 7, .ofs_x = 1, .ofs_y = 0},
    {.bitmap_index = 10302, .adv_w = 123, .box_w = 8, .box_h = 9, .ofs_x = 0, .ofs_y = 0},
    {.bitmap_index = 10334, .adv_w = 99, .box_w = 6, .box_h = 7, .ofs_x = 0, .ofs_y = 0},
    {.bitmap_index = 10356, .adv_w = 168, .box_w = 10, .box_h = 9, .ofs_x = 1, .ofs_y = 0},
    {.bitmap_index = 10394, .adv_w = 135, .box_w = 8, .box_h = 7, .ofs_x = 1, .ofs_y = 0},
    {.bitmap_index = 10421, .adv_w = 134, .box_w = 9, .box_h = 9, .ofs_x = 0, .ofs_y = 0},
    {.bitmap_index = 10459, .adv_w = 118, .box_w = 8, .box_h = 7, .ofs_x = 0, .ofs_y = 0},
    {.bitmap_index = 10486, .adv_w = 183, .box_w = 11, .box_h = 9, .ofs_x = 1, .ofs_y = 0},
    {.bitmap_index = 10531, .adv_w = 155, .box_w = 9, .box_h = 7, .ofs_x = 1, .ofs_y = 0},
    {.bitmap_index = 10561, .adv_w = 108, .box_w = 7, .box_h = 14, .ofs_x = 0, .ofs_y = -3},
    {.bitmap_index = 10606, .adv_w = 88, .box_w = 5, .box_h = 11, .ofs_x = 0, .ofs_y = -2},
    {.bitmap_index = 10633, .adv_w = 148, .box_w = 8, .box_h = 9, .ofs_x = 1, .ofs_y = 0},
    {.bitmap_index = 10656, .adv_w = 140, .box_w = 8, .box_h = 13, .ofs_x = 0, .ofs_y = -3},
    {.bitmap_index = 10689, .adv_w = 147, .box_w = 9, .box_h = 9, .ofs_x = 0, .ofs_y = 0},
    {.bitmap_index = 10725, .adv_w = 113, .box_w = 7, .box_h = 7, .ofs_x = 0, .ofs_y = 0},
    {.bitmap_index = 10748, .adv_w = 115, .box_w = 8, .box_h = 9, .ofs_x = 0, .ofs_y = 0},
    {.bitmap_index = 10780, .adv_w = 93, .box_w = 7, .box_h = 7, .ofs_x = 0, .ofs_y = 0},
    {.bitmap_index = 10804, .adv_w = 115, .box_w = 8, .box_h = 13, .ofs_x = 0, .ofs_y = 0},
    {.bitmap_index = 10848, .adv_w = 93, .box_w = 7, .box_h = 11, .ofs_x = 0, .ofs_y = 0},
    {.bitmap_index = 10884, .adv_w = 222, .box_w = 14, .box_h = 12, .ofs_x = 0, .ofs_y = -3},
    {.bitmap_index = 10956, .adv_w = 199, .box_w = 13, .box_h = 10, .ofs_x = 0, .ofs_y = -3},
    {.bitmap_index = 11015, .adv_w = 154, .box_w = 9, .box_h = 11, .ofs_x = 0, .ofs_y = -1},
    {.bitmap_index = 11059, .adv_w = 118, .box_w = 7, .box_h = 8, .ofs_x = 0, .ofs_y = -1},
    {.bitmap_index = 11087, .adv_w = 191, .box_w = 12, .box_h = 14, .ofs_x = 0, .ofs_y = 0},
    {.bitmap_index = 11151, .adv_w = 168, .box_w = 10, .box_h = 11, .ofs_x = 0, .ofs_y = 0},
    {.bitmap_index = 11199, .adv_w = 173, .box_w = 11, .box_h = 12, .ofs_x = 0, .ofs_y = 0},
    {.bitmap_index = 11261, .adv_w = 145, .box_w = 9, .box_h = 9, .ofs_x = 0, .ofs_y = 0},
    {.bitmap_index = 11301, .adv_w = 120, .box_w = 8, .box_h = 12, .ofs_x = 0, .ofs_y = -3},
    {.bitmap_index = 11334, .adv_w = 92, .box_w = 6, .box_h = 10, .ofs_x = 0, .ofs_y = -3},
    {.bitmap_index = 11359, .adv_w = 116, .box_w = 7, .box_h = 9, .ofs_x = 0, .ofs_y = 0},
    {.bitmap_index = 11385, .adv_w = 0, .box_w = 5, .box_h = 3, .ofs_x = -6, .ofs_y = 7},
    {.bitmap_index = 11392, .adv_w = 0, .box_w = 5, .box_h = 2, .ofs_x = -6, .ofs_y = 8},
    {.bitmap_index = 11398, .adv_w = 0, .box_w = 3, .box_h = 3, .ofs_x = -5, .ofs_y = 7},
    {.bitmap_index = 11403, .adv_w = 0, .box_w = 3, .box_h = 3, .ofs_x = -5, .ofs_y = 7},
    {.bitmap_index = 11408, .adv_w = 0, .box_w = 6, .box_h = 2, .ofs_x = -3, .ofs_y = 10},
    {.bitmap_index = 11415, .adv_w = 0, .box_w = 14, .box_h = 14, .ofs_x = -7, .ofs_y = -3},
    {.bitmap_index = 11488, .adv_w = 0, .box_w = 14, .box_h = 14, .ofs_x = -7, .ofs_y = -4},
    {.bitmap_index = 11558, .adv_w = 141, .box_w = 8, .box_h = 15, .ofs_x = 1, .ofs_y = -3},
    {.bitmap_index = 11605, .adv_w = 118, .box_w = 7, .box_h = 13, .ofs_x = 1, .ofs_y = -3},
    {.bitmap_index = 11644, .adv_w = 113, .box_w = 7, .box_h = 9, .ofs_x = 0, .ofs_y = 0},
    {.bitmap_index = 11669, .adv_w = 114, .box_w = 7, .box_h = 10, .ofs_x = 0, .ofs_y = 0},
    {.bitmap_index = 11693, .adv_w = 113, .box_w = 6, .box_h = 9, .ofs_x = 1, .ofs_y = 0},
    {.bitmap_index = 11716, .adv_w = 115, .box_w = 6, .box_h = 10, .ofs_x = 1, .ofs_y = -3},
    {.bitmap_index = 11744, .adv_w = 98, .box_w = 5, .box_h = 11, .ofs_x = 1, .ofs_y = 0},
    {.bitmap_index = 11755, .adv_w = 81, .box_w = 4, .box_h = 9, .ofs_x = 1, .ofs_y = 0},
    {.bitmap_index = 11766, .adv_w = 98, .box_w = 6, .box_h = 9, .ofs_x = 0, .ofs_y = 0},
    {.bitmap_index = 11783, .adv_w = 81, .box_w = 5, .box_h = 7, .ofs_x = 0, .ofs_y = 0},
    {.bitmap_index = 11797, .adv_w = 122, .box_w = 7, .box_h = 12, .ofs_x = 1, .ofs_y = -3},
    {.bitmap_index = 11828, .adv_w = 99, .box_w = 5, .box_h = 10, .ofs_x = 1, .ofs_y = -3},
    {.bitmap_index = 11851, .adv_w = 157, .box_w = 10, .box_h = 12, .ofs_x = 0, .ofs_y = -3},
    {.bitmap_index = 11902, .adv_w = 137, .box_w = 9, .box_h = 10, .ofs_x = 0, .ofs_y = -3},
    {.bitmap_index = 11942, .adv_w = 109, .box_w = 7, .box_h = 12, .ofs_x = 0, .ofs_y = -3},
    {.bitmap_index = 11979, .adv_w = 89, .box_w = 6, .box_h = 10, .ofs_x = 0, .ofs_y = -3},
    {.bitmap_index = 12007, .adv_w = 122, .box_w = 7, .box_h = 12, .ofs_x = 1, .ofs_y = -3},
    {.bitmap_index = 12041, .adv_w = 96, .box_w = 5, .box_h = 10, .ofs_x = 1, .ofs_y = -3},
    {.bitmap_index = 12064, .adv_w = 113, .box_w = 6, .box_h = 9, .ofs_x = 1, .ofs_y = 0},
    {.bitmap_index = 12089, .adv_w = 91, .box_w = 5, .box_h = 7, .ofs_x = 1, .ofs_y = 0},
    {.bitmap_index = 12107, .adv_w = 113, .box_w = 7, .box_h = 9, .ofs_x = 0, .ofs_y = 0},
    {.bitmap_index = 12135, .adv_w = 95, .box_w = 6, .box_h = 10, .ofs_x = 0, .ofs_y = 0},
    {.bitmap_index = 12162, .adv_w = 126, .box_w = 8, .box_h = 9, .ofs_x = 0, .ofs_y = 0},
    {.bitmap_index = 12191, .adv_w = 108, .box_w = 7, .box_h = 7, .ofs_x = 0, .ofs_y = 0},
    {.bitmap_index = 12213, .adv_w = 140, .box_w = 8, .box_h = 12, .ofs_x = 1, .ofs_y = -3},
    {.bitmap_index = 12237, .adv_w = 121, .box_w = 7, .box_h = 10, .ofs_x = 1, .ofs_y = -3},
    {.bitmap_index = 12261, .adv_w = 151, .box_w = 9, .box_h = 9, .ofs_x = 1, .ofs_y = 0},
    {.bitmap_index = 12281, .adv_w = 136, .box_w = 8, .box_h = 7, .ofs_x = 1, .ofs_y = 0},
    {.bitmap_index = 12299, .adv_w = 204, .box_w = 12, .box_h = 12, .ofs_x = 1, .ofs_y = -3},
    {.bitmap_index = 12338, .adv_w = 166, .box_w = 9, .box_h = 10, .ofs_x = 1, .ofs_y = -3},
    {.bitmap_index = 12367, .adv_w = 147, .box_w = 9, .box_h = 10, .ofs_x = 0, .ofs_y = -1},
    {.bitmap_index = 12413, .adv_w = 118, .box_w = 7, .box_h = 7, .ofs_x = 0, .ofs_y = 0},
    {.bitmap_index = 12438, .adv_w = 120, .box_w = 8, .box_h = 12, .ofs_x = 0, .ofs_y = -3},
    {.bitmap_index = 12476, .adv_w = 91, .box_w = 6, .box_h = 10, .ofs_x = 0, .ofs_y = -3},
    {.bitmap_index = 12504, .adv_w = 102, .box_w = 7, .box_h = 12, .ofs_x = 0, .ofs_y = -3},
    {.bitmap_index = 12524, .adv_w = 87, .box_w = 6, .box_h = 10, .ofs_x = 0, .ofs_y = -3},
    {.bitmap_index = 12541, .adv_w = 103, .box_w = 7, .box_h = 9, .ofs_x = 0, .ofs_y = 0},
    {.bitmap_index = 12567, .adv_w = 90, .box_w = 6, .box_h = 10, .ofs_x = 0, .ofs_y = -3},
    {.bitmap_index = 12593, .adv_w = 103, .box_w = 7, .box_h = 9, .ofs_x = 0, .ofs_y = 0},
    {.bitmap_index = 12623, .adv_w = 90, .box_w = 6, .box_h = 10, .ofs_x = 0, .ofs_y = -3},
    {.bitmap_index = 12652, .adv_w = 109, .box_w = 8, .box_h = 12, .ofs_x = 0, .ofs_y = -3},
    {.bitmap_index = 12694, .adv_w = 99, .box_w = 7, .box_h = 10, .ofs_x = 0, .ofs_y = -3},
    {.bitmap_index = 12726, .adv_w = 162, .box_w = 10, .box_h = 12, .ofs_x = 0, .ofs_y = -3},
    {.bitmap_index = 12750, .adv_w = 134, .box_w = 9, .box_h = 10, .ofs_x = 0, .ofs_y = -3},
    {.bitmap_index = 12772, .adv_w = 130, .box_w = 7, .box_h = 12, .ofs_x = 1, .ofs_y = -3},
    {.bitmap_index = 12798, .adv_w = 114, .box_w = 7, .box_h = 10, .ofs_x = 0, .ofs_y = -3},
    {.bitmap_index = 12822, .adv_w = 130, .box_w = 6, .box_h = 9, .ofs_x = 1, .ofs_y = 0},
    {.bitmap_index = 12843, .adv_w = 112, .box_w = 6, .box_h = 7, .ofs_x = 0, .ofs_y = 0},
    {.bitmap_index = 12861, .adv_w = 130, .box_w = 7, .box_h = 9, .ofs_x = 1, .ofs_y = 0},
    {.bitmap_index = 12880, .adv_w = 114, .box_w = 6, .box_h = 10, .ofs_x = 1, .ofs_y = 0},
    {.bitmap_index = 12896, .adv_w = 155, .box_w = 10, .box_h = 9, .ofs_x = 0, .ofs_y = 0},
    {.bitmap_index = 12934, .adv_w = 123, .box_w = 8, .box_h = 7, .ofs_x = 0, .ofs_y = 0},
    {.bitmap_index = 12961, .adv_w = 155, .box_w = 10, .box_h = 12, .ofs_x = 0, .ofs_y = -3},
    {.bitmap_index = 13006, .adv_w = 123, .box_w = 8, .box_h = 9, .ofs_x = 0, .ofs_y = -2},
    {.bitmap_index = 13038, .adv_w = 60, .box_w = 4, .box_h = 9, .ofs_x = 0, .ofs_y = 0},
    {.bitmap_index = 13047, .adv_w = 166, .box_w = 11, .box_h = 12, .ofs_x = 0, .ofs_y = 0},
    {.bitmap_index = 13104, .adv_w = 139, .box_w = 9, .box_h = 9, .ofs_x = 0, .ofs_y = 0},
    {.bitmap_index = 13143, .adv_w = 127, .box_w = 7, .box_h = 12, .ofs_x = 1, .ofs_y = -3},
    {.bitmap_index = 13178, .adv_w = 103, .box_w = 5, .box_h = 10, .ofs_x = 1, .ofs_y = -3},
    {.bitmap_index = 13201, .adv_w = 132, .box_w = 10, .box_h = 11, .ofs_x = -1, .ofs_y = -2},
    {.bitmap_index = 13235, .adv_w = 107, .box_w = 7, .box_h = 10, .ofs_x = 0, .ofs_y = -3},
    {.bitmap_index = 13265, .adv_w = 139, .box_w = 7, .box_h = 12, .ofs_x = 1, .ofs_y = -3},
    {.bitmap_index = 13290, .adv_w = 118, .box_w = 6, .box_h = 10, .ofs_x = 1, .ofs_y = -3},
    {.bitmap_index = 13313, .adv_w = 140, .box_w = 8, .box_h = 12, .ofs_x = 1, .ofs_y = -3},
    {.bitmap_index = 13338, .adv_w = 121, .box_w = 7, .box_h = 10, .ofs_x = 1, .ofs_y = -3},
    {.bitmap_index = 13363, .adv_w = 130, .box_w = 6, .box_h = 12, .ofs_x = 1, .ofs_y = -3},
    {.bitmap_index = 13386, .adv_w = 113, .box_w = 6, .box_h = 10, .ofs_x = 0, .ofs_y = -3},
    {.bitmap_index = 13409, .adv_w = 168, .box_w = 10, .box_h = 12, .ofs_x = 1, .ofs_y = -3},
    {.bitmap_index = 13458, .adv_w = 133, .box_w = 8, .box_h = 10, .ofs_x = 1, .ofs_y = -3},
    {.bitmap_index = 13493, .adv_w = 60, .box_w = 4, .box_h = 9, .ofs_x = 0, .ofs_y = 0},
    {.bitmap_index = 13502, .adv_w = 117, .box_w = 8, .box_h = 12, .ofs_x = 0, .ofs_y = 0},
    {.bitmap_index = 13543, .adv_w = 103, .box_w = 6, .box_h = 9, .ofs_x = 0, .ofs_y = 0},
    {.bitmap_index = 13571, .adv_w = 117, .box_w = 8, .box_h = 12, .ofs_x = 0, .ofs_y = 0},
    {.bitmap_index = 13611, .adv_w = 103, .box_w = 6, .box_h = 9, .ofs_x = 0, .ofs_y = 0},
    {.bitmap_index = 13638, .adv_w = 158, .box_w = 11, .box_h = 9, .ofs_x = -1, .ofs_y = 0},
    {.bitmap_index = 13677, .adv_w = 165, .box_w = 10, .box_h = 7, .ofs_x = 0, .ofs_y = 0},
    {.bitmap_index = 13712, .adv_w = 106, .box_w = 5, .box_h = 12, .ofs_x = 1, .ofs_y = 0},
    {.bitmap_index = 13736, .adv_w = 106, .box_w = 6, .box_h = 9, .ofs_x = 0, .ofs_y = 0},
    {.bitmap_index = 13762, .adv_w = 137, .box_w = 8, .box_h = 9, .ofs_x = 0, .ofs_y = 0},
    {.bitmap_index = 13793, .adv_w = 106, .box_w = 6, .box_h = 7, .ofs_x = 0, .ofs_y = 0},
    {.bitmap_index = 13814, .adv_w = 137, .box_w = 8, .box_h = 12, .ofs_x = 0, .ofs_y = 0},
    {.bitmap_index = 13854, .adv_w = 106, .box_w = 6, .box_h = 9, .ofs_x = 0, .ofs_y = 0},
    {.bitmap_index = 13881, .adv_w = 166, .box_w = 11, .box_h = 12, .ofs_x = 0, .ofs_y = 0},
    {.bitmap_index = 13935, .adv_w = 139, .box_w = 9, .box_h = 9, .ofs_x = 0, .ofs_y = 0},
    {.bitmap_index = 13974, .adv_w = 109, .box_w = 7, .box_h = 12, .ofs_x = 0, .ofs_y = 0},
    {.bitmap_index = 14010, .adv_w = 89, .box_w = 6, .box_h = 9, .ofs_x = 0, .ofs_y = 0},
    {.bitmap_index = 14036, .adv_w = 112, .box_w = 7, .box_h = 9, .ofs_x = 0, .ofs_y = 0},
    {.bitmap_index = 14063, .adv_w = 90, .box_w = 6, .box_h = 10, .ofs_x = 0, .ofs_y = -3},
    {.bitmap_index = 14090, .adv_w = 141, .box_w = 7, .box_h = 11, .ofs_x = 1, .ofs_y = 0},
    {.bitmap_index = 14122, .adv_w = 115, .box_w = 6, .box_h = 9, .ofs_x = 1, .ofs_y = 0},
    {.bitmap_index = 14147, .adv_w = 141, .box_w = 7, .box_h = 12, .ofs_x = 1, .ofs_y = 0},
    {.bitmap_index = 14180, .adv_w = 115, .box_w = 6, .box_h = 9, .ofs_x = 1, .ofs_y = 0},
    {.bitmap_index = 14206, .adv_w = 147, .box_w = 9, .box_h = 12, .ofs_x = 0, .ofs_y = 0},
    {.bitmap_index = 14251, .adv_w = 113, .box_w = 7, .box_h = 9, .ofs_x = 0, .ofs_y = 0},
    {.bitmap_index = 14282, .adv_w = 147, .box_w = 9, .box_h = 9, .ofs_x = 0, .ofs_y = 0},
    {.bitmap_index = 14318, .adv_w = 113, .box_w = 7, .box_h = 7, .ofs_x = 0, .ofs_y = 0},
    {.bitmap_index = 14341, .adv_w = 147, .box_w = 9, .box_h = 12, .ofs_x = 0, .ofs_y = 0},
    {.bitmap_index = 14386, .adv_w = 113, .box_w = 7, .box_h = 9, .ofs_x = 0, .ofs_y = 0},
    {.bitmap_index = 14416, .adv_w = 122, .box_w = 7, .box_h = 12, .ofs_x = 0, .ofs_y = 0},
    {.bitmap_index = 14452, .adv_w = 95, .box_w = 6, .box_h = 9, .ofs_x = 0, .ofs_y = 0},
    {.bitmap_index = 14479, .adv_w = 113, .box_w = 8, .box_h = 11, .ofs_x = 0, .ofs_y = 0},
    {.bitmap_index = 14519, .adv_w = 92, .box_w = 6, .box_h = 12, .ofs_x = 0, .ofs_y = -3},
    {.bitmap_index = 14554, .adv_w = 113, .box_w = 8, .box_h = 12, .ofs_x = 0, .ofs_y = 0},
    {.bitmap_index = 14595, .adv_w = 92, .box_w = 6, .box_h = 12, .ofs_x = 0, .ofs_y = -3},
    {.bitmap_index = 14630, .adv_w = 113, .box_w = 8, .box_h = 13, .ofs_x = 0, .ofs_y = 0},
    {.bitmap_index = 14677, .adv_w = 90, .box_w = 6, .box_h = 13, .ofs_x = 0, .ofs_y = -3},
    {.bitmap_index = 14715, .adv_w = 126, .box_w = 7, .box_h = 12, .ofs_x = 0, .ofs_y = 0},
    {.bitmap_index = 14742, .adv_w = 109, .box_w = 6, .box_h = 9, .ofs_x = 0, .ofs_y = 0},
    {.bitmap_index = 14766, .adv_w = 98, .box_w = 5, .box_h = 12, .ofs_x = 1, .ofs_y = -3},
    {.bitmap_index = 14780, .adv_w = 81, .box_w = 4, .box_h = 10, .ofs_x = 1, .ofs_y = -3},
    {.bitmap_index = 14795, .adv_w = 154, .box_w = 8, .box_h = 12, .ofs_x = 1, .ofs_y = 0},
    {.bitmap_index = 14829, .adv_w = 136, .box_w = 7, .box_h = 9, .ofs_x = 1, .ofs_y = 0},
    {.bitmap_index = 14855, .adv_w = 98, .box_w = 6, .box_h = 12, .ofs_x = 0, .ofs_y = -3},
    {.bitmap_index = 14881, .adv_w = 81, .box_w = 5, .box_h = 10, .ofs_x = 0, .ofs_y = -3},
    {.bitmap_index = 14904, .adv_w = 110, .box_w = 7, .box_h = 12, .ofs_x = 0, .ofs_y = -3},
    {.bitmap_index = 14942, .adv_w = 99, .box_w = 7, .box_h = 10, .ofs_x = 0, .ofs_y = -3},
    {.bitmap_index = 14975, .adv_w = 105, .box_w = 7, .box_h = 9, .ofs_x = 0, .ofs_y = 0},
    {.bitmap_index = 15007, .adv_w = 97, .box_w = 6, .box_h = 7, .ofs_x = 0, .ofs_y = 0},
    {.bitmap_index = 15029, .adv_w = 96, .box_w = 6, .box_h = 1, .ofs_x = 0, .ofs_y = 3},
    {.bitmap_index = 15032, .adv_w = 192, .box_w = 12, .box_h = 1, .ofs_x = 0, .ofs_y = 3},
    {.bitmap_index = 15036, .adv_w = 29, .box_w = 2, .box_h = 3, .ofs_x = 0, .ofs_y = 6},
    {.bitmap_index = 15040, .adv_w = 29, .box_w = 2, .box_h = 3, .ofs_x = 0, .ofs_y = 6},
    {.bitmap_index = 15043, .adv_w = 43, .box_w = 2, .box_h = 3, .ofs_x = 0, .ofs_y = -2},
    {.bitmap_index = 15046, .adv_w = 29, .box_w = 2, .box_h = 3, .ofs_x = 0, .ofs_y = 6},
    {.bitmap_index = 15049, .adv_w = 60, .box_w = 4, .box_h = 3, .ofs_x = 0, .ofs_y = 6},
    {.bitmap_index = 15055, .adv_w = 60, .box_w = 4, .box_h = 3, .ofs_x = 0, .ofs_y = 6},
    {.bitmap_index = 15061, .adv_w = 72, .box_w = 3, .box_h = 3, .ofs_x = 1, .ofs_y = 3},
    {.bitmap_index = 15066, .adv_w = 140, .box_w = 8, .box_h = 2, .ofs_x = 0, .ofs_y = 0},
    {.bitmap_index = 15075, .adv_w = 110, .box_w = 7, .box_h = 9, .ofs_x = 0, .ofs_y = 0},
    {.bitmap_index = 15107, .adv_w = 141, .box_w = 8, .box_h = 5, .ofs_x = 0, .ofs_y = 4},
    {.bitmap_index = 15127, .adv_w = 192, .box_w = 8, .box_h = 11, .ofs_x = 2, .ofs_y = -1},
    {.bitmap_index = 15168, .adv_w = 192, .box_w = 9, .box_h = 10, .ofs_x = 2, .ofs_y = -1},
    {.bitmap_index = 15203, .adv_w = 192, .box_w = 10, .box_h = 12, .ofs_x = 1, .ofs_y = -2},
    {.bitmap_index = 15252, .adv_w = 192, .box_w = 9, .box_h = 11, .ofs_x = 1, .ofs_y = -1},
    {.bitmap_index = 15290, .adv_w = 192, .box_w = 10, .box_h = 11, .ofs_x = 1, .ofs_y = -1},
    {.bitmap_index = 15324, .adv_w = 192, .box_w = 12, .box_h = 12, .ofs_x = 0, .ofs_y = -2},
    {.bitmap_index = 15383, .adv_w = 192, .box_w = 8, .box_h = 11, .ofs_x = 2, .ofs_y = -1},
    {.bitmap_index = 15406, .adv_w = 192, .box_w = 12, .box_h = 11, .ofs_x = 0, .ofs_y = -1},
    {.bitmap_index = 15460, .adv_w = 192, .box_w = 12, .box_h = 12, .ofs_x = 0, .ofs_y = -2},
    {.bitmap_index = 15528, .adv_w = 192, .box_w = 12, .box_h = 11, .ofs_x = 0, .ofs_y = -1},
    {.bitmap_index = 15594, .adv_w = 192, .box_w = 12, .box_h = 12, .ofs_x = 0, .ofs_y = -2},
    {.bitmap_index = 15654, .adv_w = 192, .box_w = 2, .box_h = 10, .ofs_x = 5, .ofs_y = -1}
};

/*---------------------
 *  CHARACTER MAPPING
 *--------------------*/

static const uint16_t unicode_list_3[] = {
    0x0, 0x1, 0x5, 0x6, 0x7, 0x8, 0x9, 0xa,
    0xf, 0x13, 0x99, 0x10f, 0x1033, 0x1040, 0x104a, 0x1075,
    0x2e1a, 0x4574, 0x45d2, 0x4719, 0x4b0f, 0x6a8b, 0x6fbb, 0xdeee
};

/*Collect the unicode lists and glyph_id offsets*/
static const lv_font_fmt_txt_cmap_t cmaps[] =
{
    {
        .range_start = 32, .range_length = 95, .glyph_id_start = 1,
        .unicode_list = NULL, .glyph_id_ofs_list = NULL, .list_length = 0, .type = LV_FONT_FMT_TXT_CMAP_FORMAT0_TINY
    },
    {
        .range_start = 160, .range_length = 224, .glyph_id_start = 96,
        .unicode_list = NULL, .glyph_id_ofs_list = NULL, .list_length = 0, .type = LV_FONT_FMT_TXT_CMAP_FORMAT0_TINY
    },
    {
        .range_start = 1024, .range_length = 256, .glyph_id_start = 320,
        .unicode_list = NULL, .glyph_id_ofs_list = NULL, .list_length = 0, .type = LV_FONT_FMT_TXT_CMAP_FORMAT0_TINY
    },
    {
        .range_start = 8211, .range_length = 57071, .glyph_id_start = 576,
        .unicode_list = unicode_list_3, .glyph_id_ofs_list = NULL, .list_length = 24, .type = LV_FONT_FMT_TXT_CMAP_SPARSE_TINY
    }
};

/*-----------------
 *    KERNING
 *----------------*/


/*Map glyph_ids to kern left classes*/
static const uint8_t kern_left_class_mapping[] =
{
    0, 0, 0, 0, 0, 0, 0, 1,
    0, 2, 0, 0, 0, 3, 4, 3,
    0, 0, 0, 0, 0, 0, 0, 0,
    0, 0, 0, 5, 0, 0, 0, 0,
    0, 0, 6, 7, 8, 9, 10, 11,
    0, 0, 0, 0, 8, 12, 0, 0,
    9, 13, 9, 14, 0, 15, 16, 17,
    17, 8, 18, 19, 2, 0, 0, 0,
    20, 0, 21, 22, 23, 0, 22, 24,
    0, 21, 0, 0, 0, 0, 21, 21,
    22, 22, 0, 25, 0, 23, 0, 26,
    26, 27, 26, 0, 2, 0, 0, 0,
    0, 28, 0, 0, 0, 0, 0, 0,
    0, 0, 0, 29, 0, 0, 0, 0,
    0, 0, 0, 0, 0, 0, 0, 0,
    0, 0, 0, 30, 0, 0, 0, 31,
    6, 6, 6, 6, 6, 6, 10, 8,
    10, 10, 10, 10, 0, 0, 0, 0,
    9, 0, 9, 9, 9, 9, 9, 0,
    9, 16, 16, 16, 16, 18, 13, 0,
    21, 21, 21, 21, 21, 21, 22, 0,
    22, 22, 22, 22, 0, 0, 32, 32,
    22, 0, 22, 22, 22, 22, 22, 0,
    22, 0, 0, 0, 0, 26, 22, 26,
    6, 21, 6, 21, 33, 21, 8, 0,
    8, 0, 8, 0, 8, 0, 9, 34,
    9, 0, 10, 22, 10, 22, 10, 22,
    10, 22, 10, 22, 0, 0, 0, 0,
    0, 0, 0, 0, 0, 21, 0, 0,
    0, 35, 0, 32, 0, 0, 36, 0,
    0, 0, 0, 0, 0, 0, 8, 0,
    27, 12, 0, 12, 0, 12, 34, 12,
    0, 12, 0, 0, 21, 0, 21, 0,
    0, 21, 0, 21, 9, 22, 9, 22,
    9, 22, 10, 22, 0, 25, 0, 25,
    0, 25, 0, 0, 0, 0, 0, 0,
    0, 0, 15, 23, 15, 37, 15, 23,
    16, 0, 16, 0, 16, 0, 16, 0,
    16, 0, 16, 0, 17, 26, 18, 26,
    18, 19, 0, 19, 0, 19, 0, 0,
    38, 38, 39, 40, 41, 42, 0, 0,
    0, 43, 43, 39, 44, 0, 45, 0,
    46, 47, 48, 40, 49, 38, 44, 48,
    0, 0, 44, 0, 0, 0, 50, 0,
    51, 41, 40, 45, 52, 44, 49, 0,
    0, 49, 43, 0, 43, 50, 50, 0,
    53, 54, 55, 56, 57, 58, 59, 55,
    60, 60, 59, 60, 60, 60, 58, 60,
    58, 61, 56, 62, 58, 59, 57, 60,
    60, 57, 63, 60, 63, 58, 58, 60,
    58, 58, 64, 56, 61, 65, 0, 66,
    67, 63, 63, 68, 59, 60, 62, 60,
    50, 69, 70, 63, 41, 61, 46, 71,
    46, 71, 0, 0, 0, 0, 72, 0,
    0, 58, 50, 58, 45, 69, 45, 69,
    62, 62, 50, 58, 50, 58, 50, 69,
    41, 0, 0, 0, 0, 0, 0, 0,
    0, 0, 49, 57, 70, 63, 51, 58,
    73, 74, 75, 76, 0, 0, 77, 78,
    72, 55, 77, 78, 44, 59, 44, 59,
    44, 59, 49, 57, 75, 74, 0, 0,
    0, 58, 41, 61, 73, 74, 79, 80,
    79, 80, 77, 78, 49, 57, 49, 57,
    0, 0, 0, 0, 81, 82, 81, 82,
    0, 44, 59, 0, 0, 49, 57, 0,
    0, 49, 57, 0, 0, 49, 57, 0,
    46, 53, 46, 53, 38, 82, 38, 82,
    50, 58, 50, 58, 44, 59, 72, 55,
    0, 0, 0, 60, 0, 60, 50, 58,
    50, 58, 50, 58, 50, 58, 45, 62,
    45, 62, 45, 62, 0, 60, 73, 74,
    0, 60, 75, 76, 77, 78, 44, 78,
    4, 4, 0, 0, 3, 0, 0, 0,
    0, 0, 0, 0, 0, 0, 0, 0,
    0, 0, 0, 0, 0, 0, 0, 0
};

/*Map glyph_ids to kern right classes*/
static const uint8_t kern_right_class_mapping[] =
{
    0, 0, 1, 2, 0, 0, 0, 3,
    2, 0, 4, 0, 0, 5, 6, 5,
    0, 0, 0, 0, 0, 0, 0, 0,
    0, 0, 0, 7, 7, 0, 0, 0,
    8, 0, 9, 0, 10, 0, 0, 0,
    10, 0, 0, 11, 0, 0, 0, 0,
    10, 0, 10, 0, 0, 12, 13, 14,
    14, 15, 16, 17, 0, 0, 4, 0,
    0, 0, 18, 19, 20, 20, 20, 0,
    21, 19, 0, 22, 19, 19, 23, 23,
    20, 23, 20, 23, 24, 0, 23, 25,
    25, 25, 25, 26, 0, 0, 4, 0,
    0, 0, 0, 0, 0, 0, 0, 0,
    0, 0, 0, 27, 0, 0, 0, 0,
    0, 0, 0, 0, 0, 0, 0, 0,
    0, 0, 0, 28, 0, 0, 0, 0,
    9, 9, 9, 9, 9, 9, 29, 10,
    0, 0, 0, 0, 0, 0, 0, 0,
    0, 0, 10, 10, 10, 10, 10, 0,
    10, 13, 13, 13, 13, 16, 0, 0,
    20, 18, 18, 18, 18, 18, 18, 20,
    20, 20, 20, 20, 0, 0, 0, 0,
    0, 0, 20, 20, 20, 20, 20, 0,
    20, 23, 23, 23, 23, 25, 19, 25,
    9, 18, 9, 18, 9, 18, 10, 20,
    10, 20, 10, 20, 10, 20, 0, 20,
    0, 20, 0, 20, 0, 20, 0, 20,
    0, 20, 0, 20, 10, 21, 10, 21,
    10, 21, 10, 21, 0, 19, 0, 30,
    0, 31, 0, 0, 0, 0, 0, 0,
    0, 0, 0, 0, 0, 0, 0, 19,
    23, 0, 19, 0, 19, 0, 19, 0,
    19, 0, 0, 0, 23, 0, 23, 0,
    0, 0, 0, 23, 10, 20, 10, 20,
    10, 20, 10, 20, 0, 23, 0, 23,
    0, 0, 0, 24, 0, 0, 0, 24,
    0, 0, 12, 0, 12, 0, 12, 0,
    13, 23, 13, 23, 13, 23, 13, 23,
    13, 23, 13, 23, 14, 25, 16, 25,
    16, 17, 26, 17, 26, 17, 26, 0,
    0, 0, 32, 0, 33, 34, 0, 0,
    35, 36, 0, 32, 0, 0, 37, 0,
    38, 0, 0, 0, 39, 0, 40, 41,
    0, 0, 0, 36, 0, 0, 33, 0,
    0, 33, 32, 37, 42, 40, 0, 43,
    0, 0, 32, 0, 0, 41, 0, 44,
    45, 46, 47, 47, 48, 49, 50, 51,
    47, 47, 47, 52, 47, 47, 49, 47,
    47, 49, 53, 54, 49, 50, 47, 55,
    47, 47, 53, 47, 47, 51, 47, 56,
    49, 49, 57, 47, 49, 58, 0, 59,
    60, 52, 47, 57, 47, 47, 54, 47,
    61, 62, 63, 0, 0, 64, 38, 48,
    0, 64, 0, 0, 0, 64, 41, 0,
    43, 0, 61, 45, 65, 62, 65, 62,
    61, 45, 61, 45, 61, 45, 61, 62,
    61, 45, 0, 0, 0, 0, 0, 0,
    0, 0, 0, 64, 63, 57, 0, 64,
    0, 64, 63, 0, 0, 64, 40, 50,
    41, 51, 0, 64, 0, 64, 0, 57,
    66, 53, 0, 64, 0, 64, 0, 64,
    61, 45, 61, 45, 32, 53, 67, 68,
    67, 68, 40, 50, 66, 53, 43, 55,
    43, 55, 0, 64, 69, 70, 69, 70,
    0, 40, 50, 0, 64, 71, 48, 0,
    64, 0, 64, 43, 55, 0, 64, 0,
    38, 72, 38, 72, 38, 72, 0, 45,
    73, 72, 73, 72, 40, 50, 41, 51,
    0, 0, 0, 47, 0, 47, 61, 45,
    61, 45, 61, 45, 41, 51, 37, 54,
    37, 54, 37, 54, 43, 55, 0, 64,
    0, 47, 63, 0, 40, 50, 40, 50,
    6, 6, 74, 2, 5, 0, 74, 2,
    0, 5, 0, 0, 0, 0, 0, 0,
    0, 0, 0, 0, 0, 0, 0, 0
};

/*Kern values between classes*/
static const int8_t kern_class_values[] =
{
    0, 0, 0, 0, 0, 0, 0, 0,
    0, 0, 0, -12, 0, -4, 0, -6,
    0, 0, 0, 0, 0, 0, 0, 0,
    0, 0, 0, 0, 0, 0, 0, 0,
    0, 0, 0, 0, 0, 0, 0, 0,
    0, 0, 0, 0, 0, 0, 0, 0,
    0, 0, 0, 0, 0, 0, 0, 0,
    0, 0, 0, 0, 0, 0, 0, 0,
    0, 0, 0, 0, 0, 0, 0, 0,
    0, 0, 0, 0, 0, 0, 0, 0,
    0, 0, 0, 0, 17, 0, 0, 0,
    0, 0, 0, 0, 0, 0, 0, 8,
    0, 0, 0, 0, 0, 0, 0, 0,
    0, 0, 0, 0, 19, 0, 0, 0,
    0, 0, 0, -6, 0, 0, 0, 0,
    0, 0, 0, 0, 0, 0, 0, 0,
    0, 0, 0, 0, 0, 12, 0, 0,
    0, 0, 0, 0, 0, 0, 0, 0,
    0, 0, 0, 0, 0, 0, 0, 0,
    0, 0, 0, 0, 0, -10, 0, -13,
    -4, -12, 0, -12, 0, 0, 0, 0,
    0, 0, 0, 0, 0, 0, 0, 0,
    0, 0, 0, -10, 0, 0, 12, 0,
    -4, 0, 0, 0, 0, -8, -15, 0,
    0, 0, 0, 0, 0, 0, 0, 0,
    -8, 0, -12, 0, 0, 0, 0, 0,
    -10, 0, 0, 0, -12, -13, -12, 0,
    -12, 0, 0, 0, 0, 0, 0, 0,
    0, 0, 0, 0, 0, 0, 0, 0,
    0, -8, 0, 0, 0, 0, 0, 0,
    0, 0, 0, 0, 0, 0, 0, 0,
    0, 0, 0, 0, 0, -8, 0, 0,
    0, 0, -4, 0, 0, -2, 0, 0,
    0, 0, 0, 0, 0, 0, 0, -2,
    0, 0, -4, 0, 0, 0, 0, 0,
    0, 0, 0, 0, 0, 0, 0, -8,
    0, 0, 0, 0, 0, 0, 0, 0,
    0, 0, 0, 0, 0, 0, 0, 0,
    0, 0, 0, 0, 0, 0, 0, 0,
    0, 0, 0, 0, 0, 0, 0, 0,
    0, 0, 0, 0, 0, 0, 0, -3,
    0, 0, 0, 0, 0, 0, 0, -1,
    0, -1, -1, 0, 0, 0, 0, 0,
    0, 0, 0, 0, 0, 0, -1, 0,
    0, 0, 0, 0, 0, 0, 0, 0,
    0, 0, 0, 0, 0, 0, 0, 0,
    0, 0, 0, -13, 0, 0, 0, 0,
    0, 0, 0, -4, 10, -13, 0, -8,
    0, -12, 0, 0, 0, 0, 0, 0,
    0, 0, 0, 0, 0, 0, 0, 0,
    0, 0, 0, 0, 0, 0, 0, 0,
    0, 0, 0, 0, 0, 0, 0, 0,
    0, 0, 0, 0, 0, 0, 0, 0,
    0, 0, 0, 0, 0, 0, 0, 0,
    0, 0, 0, 0, 0, 0, 0, 0,
    0, 0, 0, 0, 0, 0, 0, 0,
    -2, 0, 0, 0, 0, 0, 0, 0,
    0, 0, 0, 0, 0, 0, 0, 0,
    0, 0, 0, 0, 0, 0, 0, 0,
    0, 0, 0, 0, 0, 0, 0, 0,
    0, 0, 0, 0, 0, 0, 0, 0,
    0, 0, 0, 0, 0, 0, 0, 0,
    0, 0, 0, 0, 0, 0, 0, 0,
    0, 0, 0, 0, 0, 0, 0, 0,
    0, 0, 0, 0, 0, 0, 0, 0,
    0, 0, 0, 0, 0, 0, 0, -4,
    0, 0, 0, 0, 0, 0, 0, 0,
    0, 0, 0, 0, 0, 0, 0, 0,
    -4, 0, 0, 0, 0, 0, 0, 0,
    0, 0, 0, 0, 0, 0, 0, 0,
    0, 0, 0, 0, 0, 0, 0, 0,
    0, 0, 0, 0, 0, 0, 0, 0,
    0, 0, 0, 0, 0, 0, 0, 0,
    0, 0, 0, 0, 0, 0, 0, 0,
    0, 0, 0, 0, -8, 0, 0, 0,
    -4, 0, 0, -6, 0, -2, -4, -2,
    -2, 0, 0, 0, 0, 0, 0, 0,
    0, 0, 0, 0, 0, 0, 0, 0,
    0, 0, 0, 0, 0, 0, 0, 0,
    0, 0, 0, 0, 0, 0, 0, 0,
    0, 0, 0, 0, 0, 0, 0, 0,
    0, 0, 0, 0, 0, 0, 0, 0,
    0, 0, 0, 0, 0, 0, 0, 0,
    0, 0, 0, 0, 0, 0, 0, 0,
    0, 0, 0, 0, 12, 0, 0, 0,
    0, 0, 0, 0, 0, 0, 0, 0,
    0, 0, 0, 0, 0, 0, 0, 0,
    0, 0, 0, 0, 0, 0, 0, 0,
    0, 0, 0, 0, 0, 0, 0, 0,
    0, 0, 0, 0, 0, 0, 0, 0,
    0, 0, 0, 0, 0, 0, 0, 0,
    0, 0, 0, 0, 0, 0, 0, 0,
    0, 0, 0, 0, 0, 0, 0, 4,
    -12, 0, 0, 4, -4, 0, 0, 0,
    0, 0, 0, 0, 0, 0, 0, 0,
    0, 0, 0, 0, 0, 0, 0, 0,
    0, 0, 0, 0, 0, 0, 0, 0,
    0, 0, 0, 0, 0, 0, 0, 0,
    0, 0, 0, 0, 0, 0, 0, 0,
    0, 0, 0, 0, 0, 0, 0, 0,
    0, 0, 0, 0, 0, 0, 0, 0,
    0, 0, 0, 0, 0, 0, 0, -15,
    0, 0, 0, 0, 0, 0, 0, -4,
    0, -4, -2, -4, 0, -6, 0, 0,
    0, 0, 0, 0, 0, 0, 0, 0,
    0, 0, 0, 0, 0, 0, 0, 0,
    0, 0, 0, 0, 0, 0, 0, 0,
    0, 0, 0, 0, 0, 0, 0, 0,
    0, 0, 0, 0, 0, 0, 0, 0,
    0, 0, 0, 0, 0, 0, 0, 0,
    0, 0, 0, 0, 0, 0, 0, 0,
    0, 0, -2, 0, -25, 0, 0, 0,
    -10, 0, 0, 0, 0, 0, -4, 0,
    -2, 0, 0, 0, 0, 0, 0, 0,
    0, 0, -4, 0, -6, 0, 0, 0,
    0, 0, 0, 0, 0, 0, 0, 0,
    0, 0, 0, 0, 0, 0, 0, 0,
    0, 0, 0, 0, 0, 0, 0, 0,
    0, 0, 0, 0, 0, 0, 0, 0,
    0, 0, 0, 0, 0, 0, 0, 0,
    0, 0, 0, 0, 0, 0, 0, 0,
    0, 0, 0, 0, 0, 0, 0, 0,
    0, 0, 0, 0, 0, 0, 0, 0,
    0, 0, 0, 0, -2, 0, 0, 0,
    0, 0, 0, 0, 0, 0, 0, 0,
    0, 0, 0, 0, 0, 0, 0, 0,
    0, 0, 0, 0, 0, 0, 0, 0,
    0, 0, 0, 0, 0, 0, 0, 0,
    0, 0, 0, 0, 0, 0, 0, 0,
    0, 0, 0, 0, 0, 0, -4, 0,
    -12, -8, 0, 4, -13, -4, 0, 4,
    0, 0, 0, 0, 0, -15, 0, -13,
    -13, 0, -10, -12, -4, -8, -12, -6,
    0, 0, 0, 0, 0, 0, 0, 0,
    0, 0, 0, 0, 0, 0, 0, 0,
    0, 0, 0, 0, 0, 0, 0, 0,
    0, 0, 0, 0, 0, 0, 0, 0,
    0, 0, 0, 0, 0, 0, 0, 0,
    0, 0, 0, 0, 0, 0, 0, 0,
    0, 0, -4, 0, 0, 0, -2, 0,
    0, 0, 0, 0, 0, 0, 0, 0,
    0, 0, 0, 0, 0, 0, 0, 0,
    0, 0, 0, 0, 0, 0, 0, 0,
    0, 0, 0, 0, 0, 0, 0, 0,
    0, 0, 0, 0, 0, 0, 0, 0,
    0, 0, 0, 0, 0, 0, 0, 0,
    0, 0, 0, 0, 0, 0, 0, 0,
    0, 0, 0, 0, 0, 0, 0, 0,
    0, 0, 0, 0, -10, 0, 0, 4,
    -8, -2, 0, 0, 0, 0, 0, 0,
    0, -4, 0, -4, -2, 0, -2, -2,
    0, 0, -6, -2, 0, 0, 0, 0,
    0, 0, 0, 0, 0, 0, 0, 0,
    0, 0, 0, 0, 0, 0, 0, 0,
    0, 0, 0, 0, 0, 0, 0, 0,
    0, 0, 0, 0, 0, 0, 0, 0,
    0, 0, 0, 0, 0, 0, 0, 0,
    0, 0, 0, 0, -6, 0, -12, 0,
    0, 4, -12, -4, 0, 0, 0, 0,
    0, 0, 0, -10, 0, -10, -10, 0,
    -6, -8, 0, -4, -15, -6, 0, 0,
    0, 0, 0, 0, 0, 0, 0, 0,
    0, 0, 0, 0, 0, 0, 0, 0,
    0, 0, 0, 0, 0, 0, 0, 0,
    0, 0, 0, 0, 0, 0, 0, 0,
    0, 0, 0, 0, 0, 0, 0, 0,
    0, 0, 0, 0, 0, 0, 0, 0,
    0, 0, 0, 0, 0, -2, 0, 0,
    0, 0, 0, 0, 0, 0, 0, 0,
    0, 0, 0, 0, 0, 0, -4, 0,
    0, 0, 0, 0, 0, 0, 0, 0,
    0, 0, 0, 0, 0, 0, 0, 0,
    0, 0, 0, 0, 0, 0, 0, 0,
    0, 0, 0, 0, 0, 0, 0, 0,
    0, 0, 0, 0, 0, 0, 0, 0,
    0, 0, 0, 0, 0, 0, 0, 0,
    0, 0, 0, 0, 0, 0, 0, 0,
    18, 0, 0, 0, 0, 0, 0, 0,
    0, 0, 0, 0, 0, 0, 0, 0,
    0, 0, 0, 0, 0, 0, 0, 0,
    0, 0, 0, 0, 0, 0, 0, 0,
    0, 0, 0, 0, 0, 0, 0, 0,
    0, 0, 0, 0, 0, 0, 0, 0,
    0, 0, 0, 0, 0, 0, 0, 0,
    0, 0, 0, 0, 0, 0, 0, 0,
    0, -2, 0, 0, 0, 0, 0, 0,
    0, 0, 0, 0, 0, 0, 0, 0,
    0, 0, 0, 0, 0, 0, 0, 0,
    0, 0, 0, 0, 0, 0, 0, 0,
    0, 0, 0, 0, 0, 0, 0, 0,
    0, 0, 0, 0, 0, 0, 0, 0,
    0, 0, 0, 0, 0, 0, 0, 0,
    0, 0, 0, 0, 0, 0, 0, 0,
    0, 0, 0, 0, 0, 0, 0, 0,
    0, 0, 0, -2, 0, 0, 0, 0,
    0, 0, 0, 0, 0, 0, 0, 0,
    0, 0, 0, 0, 0, 0, 0, 0,
    0, 0, -4, -2, 0, 0, 0, 0,
    0, 0, 0, 0, 0, 0, 0, 0,
    0, 0, 0, 0, 0, 0, 0, 0,
    0, 0, 0, 0, 0, 0, 0, 0,
    0, 0, 0, 0, 0, 0, 0, 0,
    0, 0, 0, 0, 0, 0, 0, 0,
    0, 0, 0, 0, 0, 4, 0, 0,
    0, 0, 0, 0, 0, 0, 0, 0,
    0, 0, 0, 0, 0, 0, 0, 0,
    0, 0, 0, 0, 0, 0, 0, 0,
    0, 0, 0, 0, 0, 0, 0, 0,
    0, 0, 0, 0, 0, 0, 0, 0,
    0, 0, 0, 0, 0, 0, 0, 0,
    0, 0, 0, 0, 0, 0, 0, 0,
    0, 0, 0, 0, 0, 0, 0, 0,
    0, 0, 0, 0, 0, 0, 0, 12,
    0, 8, -4, 0, 0, 0, 0, 0,
    0, 0, 0, 0, 0, 0, 0, 0,
    0, 0, 0, 0, 0, 0, 0, 0,
    0, 0, 0, 0, 0, 0, 0, 0,
    0, 0, 0, 0, 0, 0, 0, 0,
    0, 0, 0, 0, 0, 0, 0, 0,
    0, 0, 0, 0, 0, 0, 0, 0,
    0, 0, 0, 0, 0, 0, 0, 0,
    0, 0, 0, 0, 0, 0, 0, 0,
    0, 8, 0, 0, -31, 0, 0, 0,
    0, 0, 0, 0, 0, 0, 0, 0,
    0, -4, 0, -4, -2, 0, 0, 0,
    0, 0, 0, 0, 0, 0, 0, 0,
    0, 0, 0, 0, 0, 0, 0, 0,
    0, 0, 0, 0, 0, 0, 0, 0,
    0, 0, 0, 0, 0, 0, 0, 0,
    0, 0, 0, 0, 0, 0, 0, 0,
    0, 0, 0, 0, 0, 0, 0, 0,
    0, 0, 0, 8, 0, 0, -8, 0,
    0, 4, 0, 0, 0, 0, 0, 0,
    0, 0, 0, 0, 0, 0, 0, 0,
    0, 0, 0, 0, 0, 0, 0, 0,
    0, 0, 0, 0, 0, 0, 0, 0,
    0, 0, 0, 0, 0, 0, 0, 0,
    0, 0, 0, 0, 0, 0, 0, 0,
    0, 0, 0, 0, 0, 0, 0, 0,
    0, 0, 0, 0, 0, 0, 0, 0,
    0, 0, 0, 0, 0, 0, 0, 0,
    0, 0, 0, 0, 0, 0, 0, 0,
    0, 0, 0, 0, 0, 0, 0, -4,
    0, 0, 0, 0, 0, 0, 0, 0,
    0, 0, 0, 0, 0, 0, 0, 0,
    0, 0, 0, 0, 0, 0, 0, 0,
    0, 0, 0, 0, 0, 0, 0, 0,
    0, 0, 0, 0, 0, 0, 0, 0,
    0, 0, 0, 0, 0, 0, 0, 0,
    0, 0, 0, 0, 0, 0, 0, 0,
    0, 0, 0, 0, 0, 0, 0, 0,
    10, -4, 0, -2, 0, -6, 0, 0,
    0, 0, 0, 0, 0, 0, 0, 0,
    0, 0, 0, 0, 0, 0, 0, 0,
    0, 0, 0, 0, 0, 0, 0, 0,
    0, 0, 0, 0, 0, 0, 0, 0,
    0, 0, 0, 0, 0, 0, 0, 0,
    0, 0, 0, 0, 0, 0, 0, 0,
    0, 0, 0, 0, 0, 0, 0, 0,
    0, 0, 0, 0, 0, 0, 0, 0,
    0, 0, 0, -6, 0, -2, 0, -6,
    0, 0, 0, 0, 0, 0, 0, 0,
    0, 0, 0, 0, 0, 0, 0, -6,
    0, 0, 0, 0, 0, -2, 0, 0,
    0, 0, 0, 0, 0, 0, 0, 0,
    0, 0, 0, 0, 0, 0, 0, 0,
    0, 0, 0, 0, 0, 0, 0, 0,
    0, -2, 0, 0, 0, 0, 0, 0,
    0, 0, 0, 0, 0, 0, 0, 0,
    0, 0, 0, 0, 0, -12, 0, -6,
    -4, -15, 0, 0, 0, 0, 0, 0,
    0, 0, 0, 0, 0, 0, 0, 0,
    0, -12, 0, 0, 0, 0, -4, 0,
    0, -4, 0, 0, -4, 0, 0, 0,
    0, 0, 0, 0, 0, 0, 0, 0,
    0, 0, 0, 0, 0, 0, 0, 0,
    0, 0, 0, -8, 0, 0, 0, 0,
    0, 0, 0, 0, 0, 0, 0, 0,
    0, 0, 0, 0, 0, 0, 19, -8,
    0, -6, 0, -8, 0, 0, 0, 0,
    0, 0, 0, 0, 0, 0, 0, 0,
    0, 0, 0, 0, 0, 0, 0, 0,
    0, 0, 0, 0, 0, 0, 0, 0,
    0, 0, 0, 0, 0, 0, 0, 0,
    0, 0, 0, 0, 0, 0, 0, 0,
    0, 0, 0, 0, 0, 0, 0, 0,
    0, 0, 0, 0, 0, 0, 0, 0,
    0, 10, 0, 0, 0, 0, 0, 0,
    0, 0, 0, 0, 0, 0, 0, 0,
    0, 0, 0, 0, 0, 0, 0, 0,
    0, 0, 0, 0, 0, 0, 0, 0,
    0, 0, 0, 0, 0, 0, 0, 0,
    0, 0, 0, 0, 0, 0, 0, 0,
    0, 0, 0, 0, 0, 0, 0, 0,
    0, 0, 0, 0, 0, 0, 0, 0,
    0, 0, 0, 0, 0, 0, 0, 0,
    0, -13, 0, 0, 0, 0, 0, 0,
    0, -4, 21, -13, 0, -8, 0, -12,
    0, 0, 0, 0, 0, 0, 0, 0,
    0, 0, 0, 0, 0, 0, 0, 0,
    0, 0, 0, 0, 0, 0, 0, 0,
    0, 0, 0, 0, 0, 0, 0, 0,
    0, 0, 0, 0, 0, 0, 0, 0,
    0, 0, 0, 0, 0, 0, 0, 0,
    0, 0, 0, 0, 0, 0, 0, 0,
    0, 0, 6, 9, 0, 15, 0, 0,
    0, 16, 0, 0, 0, 0, 0, 0,
    0, 0, 0, 0, 6, 0, 0, 0,
    0, 0, 0, 0, 0, 0, 0, 13,
    0, 0, 0, 0, 0, 0, 0, 0,
    0, 0, 0, 0, 0, 0, 0, 0,
    0, 0, 0, 0, 0, 0, 0, 0,
    0, 0, 0, 0, 0, 0, 0, 0,
    0, 0, 0, 0, 0, 0, 0, 0,
    0, 0, 0, 12, 0, 0, 0, 10,
    0, 0, 0, 0, 0, 0, 0, 0,
    0, 0, 0, 0, 0, 0, 0, 0,
    0, 0, 0, 0, 0, 0, 0, 0,
    0, 0, 27, 0, 0, 0, 0, 0,
    0, 0, 0, 0, 0, 0, 0, 0,
    0, 0, 0, 0, 0, 0, 0, 0,
    0, 0, 0, 0, 0, 0, 0, 0,
    0, 0, 0, 0, 0, 0, 0, 0,
    0, 0, 0, 0, 0, 0, 0, 0,
    0, 0, 0, 0, 0, 0, 0, 0,
    10, 0, 0, 0, 0, 0, 0, 0,
    0, 0, 0, 0, 0, 0, 0, 0,
    0, 0, 0, 0, 0, 0, 0, 0,
    0, 0, 0, 0, 0, 0, 0, 0,
    0, 0, 0, 0, 0, 0, 0, 0,
    0, 0, 0, 0, 0, 0, 0, 0,
    0, 0, 0, 0, 0, 0, 0, 0,
    0, 0, 0, 0, 0, 0, 0, 0,
    10, 12, 0, 18, 0, 0, 0, 15,
    0, 0, 0, 0, 0, 0, 0, 0,
    0, 0, 0, 0, 0, 0, 0, 0,
    0, 0, 0, 0, 0, 0, 0, 0,
    0, 0, 0, 0, 0, 0, 0, 0,
    0, 0, 0, 0, 0, 0, 0, 0,
    0, 0, 0, 0, 0, 0, 0, 0,
    0, 0, 0, 0, 0, 0, 0, 0,
    0, 0, 0, 0, 0, 0, 0, 0,
    0, 11, 0, 0, 0, 0, 0, 0,
    0, 0, 0, 0, 0, 0, 0, 0,
    0, 0, 0, 0, 0, 0, 0, 0,
    0, 0, 0, 0, 0, 0, 0, 0,
    0, 0, 0, 0, 11, 0, 0, 0,
    0, 0, 0, 0, 0, 0, 0, 0,
    0, 0, 0, 0, 0, 0, 0, 0,
    0, 0, 0, 0, 0, 0, 0, 0,
    0, 0, 0, 0, 0, 0, 0, 0,
    0, 0, 0, 0, 0, -13, 0, 0,
    0, 0, 0, 0, 0, 0, 0, 0,
    0, 0, 0, 0, 0, 0, 0, 0,
    0, 0, 0, 0, 0, 0, 0, 0,
    0, 0, 0, -10, 0, 0, 0, 0,
    -4, 0, 0, 0, 0, 0, -6, 0,
    0, 0, 0, 0, 0, 0, 0, 0,
    -4, -4, -4, 0, 0, 0, 0, 0,
    0, 0, -4, 0, -8, -12, -10, -4,
    0, 0, 0, 0, 0, -6, 0, 4,
    0, 0, -10, -8, -6, 0, 0, 0,
    0, 0, 0, 0, 0, 0, 0, 0,
    0, 0, 0, 0, 0, 0, 0, 0,
    0, -6, 0, 0, 0, 4, -4, 0,
    0, -5, 0, -13, -5, 0, 0, -7,
    0, 0, -8, -4, -6, -8, -8, -2,
    -2, -6, -2, -4, -6, -8, 0, -4,
    0, 0, 0, 0, 0, 0, 0, 2,
    0, 0, 0, 0, 0, 0, 0, 0,
    0, 0, 0, 0, 0, 0, 0, 0,
    0, 0, 0, 0, 0, 0, 0, 0,
    0, 0, 0, 0, 0, 0, 0, 0,
    0, 0, -4, 0, 0, 0, 0, 0,
    -4, 0, 0, 0, 0, 0, 0, 0,
    0, -6, 0, 0, 0, 0, 0, 0,
    0, 0, 0, 0, 0, 0, -4, 0,
    0, 0, 0, 0, -4, 0, 0, 0,
    0, 0, 0, 0, -4, 0, 0, 0,
    0, 0, 0, 0, 0, 0, -4, 0,
    0, 0, 0, 0, 0, 0, 0, 0,
    0, 0, 0, 0, 0, 0, 0, 0,
    0, 0, 0, 0, 0, 0, 0, 0,
    0, 0, 0, 0, 0, 0, 0, 0,
    0, 0, 0, -2, 0, 0, 0, 0,
    0, 0, 0, 0, 0, 0, 0, 0,
    0, 0, 0, 0, 0, 0, 0, 0,
    0, 0, 0, 0, 0, 0, 0, 0,
    0, 0, 0, 0, 0, -17, 0, 0,
    -2, 0, 0, 0, 0, 0, 0, 0,
    0, 0, 0, 0, 0, 0, 0, 0,
    0, 0, 0, 0, 0, 0, 0, 0,
    0, 0, 0, -12, 0, 0, 0, 0,
    -4, 0, 0, 0, 0, 0, -6, 0,
    0, 0, 0, 0, 0, -4, 0, 0,
    -4, -4, 0, -4, 0, 0, 0, 0,
    0, 0, 0, 0, 0, -6, 0, 0,
    0, 0, 0, 0, 0, -12, 0, 4,
    0, 0, 0, -2, -2, 0, 0, 0,
    0, 0, 0, 0, 0, 0, 0, 0,
    0, 0, 0, 0, 0, 0, 0, 0,
    -4, 0, 0, 0, 0, 0, -4, 0,
    0, 0, 0, 0, 0, 0, 0, -8,
    -2, 0, -2, -4, 0, 0, -4, 0,
    0, 0, -2, -2, -4, 0, 0, 0,
    0, 0, -4, 0, 0, 0, 0, 0,
    0, 0, -10, 0, 0, 0, 0, 0,
    0, 4, 0, 0, -13, -4, -2, 0,
    0, 0, 0, 0, 0, 0, 0, 0,
    0, 0, 0, 0, 0, 0, 0, 0,
    0, 0, -10, -4, 0, 0, 0, 0,
    -8, -4, 0, -18, 0, -23, -19, 0,
    0, -6, 0, -6, -9, -8, -2, -19,
    -12, -6, -4, -9, 0, 0, -4, -10,
    10, -6, 0, 0, -2, 0, 0, 0,
    0, 0, 0, 0, -4, -6, -10, 0,
    0, 0, 0, -13, 0, 0, 0, 0,
    0, 0, 0, 0, 0, 0, 0, 0,
    0, 0, 0, 0, 0, 0, 0, 0,
    0, 0, 0, 0, 0, -2, 0, 0,
    0, -13, -4, 0, 10, 1, -4, 0,
    0, 0, 0, -7, -12, 0, 0, 0,
    0, 0, -2, 0, 0, 0, -6, -4,
    -6, 0, 0, 0, 0, 0, 0, 0,
    -4, 0, -8, -10, -12, 0, -10, 0,
    0, 0, -2, -8, 0, 0, 0, 0,
    0, 0, 0, 0, 0, 0, 0, 0,
    0, 0, 0, 0, 0, 0, 0, 0,
    0, 0, 0, 0, 0, 0, 0, 0,
    0, 0, 0, 0, 0, 0, 0, 0,
    0, 0, 0, 0, 0, 0, 0, 0,
    0, 0, 0, 0, 0, -2, 0, 0,
    0, -2, 0, 0, 0, 0, 0, 0,
    0, 0, 0, 0, 0, 0, 0, 0,
    0, 0, 0, 0, 0, 0, 0, 0,
    0, -2, 0, 0, 0, 0, 0, 0,
    0, 0, 0, 0, 0, 0, 0, 0,
    0, 0, 0, 0, 0, 0, 0, 0,
    0, 0, 0, 0, 0, 0, 0, 0,
    0, 0, 0, 0, 0, 0, 0, 0,
    0, 0, 0, 0, 0, 0, 0, -2,
    0, 0, 0, 0, -3, -2, 0, 0,
    0, 0, 0, 0, 0, 0, 0, 0,
    0, 0, 0, 0, 0, 0, 0, 0,
    0, 0, 0, 0, 6, 0, 0, 0,
    0, 0, 0, 0, 0, 0, 0, 0,
    0, 0, 0, 0, 0, 0, 0, 0,
    0, 0, 0, 0, 0, 0, 0, 0,
    0, 0, 17, 6, 0, 0, 8, 0,
    0, -2, -5, 0, 0, 0, 0, 6,
    0, 0, 0, 6, -2, 6, -4, 0,
    0, 0, 0, 13, 0, 0, 0, 0,
    0, 0, 0, 0, 0, 0, 0, 0,
    0, 0, 0, 0, 0, 0, -8, 0,
    0, 0, 0, 0, 0, 0, 0, 0,
    0, 0, 0, 0, 0, 0, 0, 0,
    0, 0, 0, 0, 0, 0, 0, 0,
    0, -4, 0, 0, 0, -2, -8, -4,
    -2, -4, -2, 0, 0, 0, 0, 0,
    0, -2, 0, -3, 0, -2, 0, 0,
    0, -2, 0, 0, 0, 0, 0, 0,
    0, 0, -2, -2, -2, 0, 0, 0,
    -4, 0, 0, 0, 0, 0, 0, 0,
    -25, -2, -2, 0, 0, 0, 0, 0,
    0, 0, 0, 0, 0, 0, 0, 0,
    0, 0, 0, 0, 0, 0, -4, -2,
    0, 0, 0, 0, 0, 0, 0, -12,
    -4, -10, -12, -4, 0, -2, 0, 0,
    -5, 0, 0, -10, -2, 0, 0, -8,
    0, 0, 0, -2, 0, 0, 0, 0,
    0, 0, 0, 0, 0, 0, 0, 0,
    0, 0, -12, 0, 0, 0, 0, -2,
    0, -3, -8, 0, -2, 0, 0, 0,
    0, 0, 0, 0, 0, 0, 0, 0,
    0, 0, 0, 0, 0, 0, 0, 0,
    0, 0, 0, 0, 0, -7, 0, -2,
    0, -6, -6, -7, -6, -8, -6, 0,
    0, -2, 0, 0, 0, -5, 0, -3,
    0, -3, 0, 0, 0, -2, 0, 0,
    0, 0, 0, 0, 0, 0, 0, -4,
    0, 0, 0, 0, 0, 0, 0, 0,
    0, -2, 0, 0, 0, 0, 0, 0,
    0, 0, 0, 0, 0, 0, 0, 0,
    0, 0, 0, 0, 0, 0, 0, 0,
    0, 0, 0, 0, 0, 0, 0, -8,
    0, 0, 0, 0, -7, 0, 0, 0,
    0, 0, 0, 0, 0, 0, 0, 0,
    0, -4, 0, 0, -2, -2, 0, 0,
    0, 0, 0, 0, 0, 0, 0, 0,
    0, 0, 0, 0, 0, 0, 0, 0,
    0, 0, 0, -1, 0, 0, 0, 0,
    0, 0, 0, 0, 0, 0, 0, 0,
    0, 0, 0, 0, 0, 0, 0, 0,
    0, 0, 0, 0, 0, 0, 0, 0,
    0, -4, 0, 0, 0, 0, -7, -2,
    0, -2, 0, 0, 0, -4, 0, 0,
    0, -2, 0, -4, 0, 0, -2, -6,
    -2, -2, 0, 0, 0, 0, 0, 0,
    0, 0, 0, 0, 0, 0, 0, 0,
    0, 0, 0, 0, 0, 0, 0, -1,
    0, 0, 0, 0, 0, 0, 0, 0,
    0, 0, 0, 0, 0, 0, 0, 0,
    0, 0, 0, 0, 0, 0, 0, 0,
    0, 0, 0, -6, 0, 0, 0, 0,
    -2, 0, 0, -2, 0, 0, 0, -2,
    0, 0, 0, 0, 0, -4, 0, 0,
    -2, -2, 0, 0, 0, 0, 0, 0,
    0, 0, 0, 0, 0, 0, 0, 0,
    0, 0, 0, 0, 0, 0, 0, 6,
    0, 0, -8, -4, 0, 0, 0, 0,
    0, 0, 0, 0, 0, 0, 0, 0,
    0, 0, 0, 0, 0, 0, 0, 0,
    0, 0, 0, 0, 0, 0, 0, 0,
    0, -4, 0, -6, -6, -2, 0, 0,
    0, 0, 0, 0, 0, -8, -2, 0,
    0, -6, 0, 0, 0, 0, 0, 0,
    0, 0, 0, 0, 0, 0, 0, 0,
    0, 0, 0, 0, 0, 0, 0, 8,
    0, -2, 0, 0, 4, 0, 0, 0,
    0, 0, 0, 0, 0, 0, 0, 0,
    0, 0, 0, 0, 0, 0, 0, 0,
    0, 0, 0, 0, 0, 0, 0, -6,
    0, 0, 19, 4, 0, 0, 6, 0,
    0, 0, -3, 0, 0, 0, 0, 4,
    0, 0, 0, 5, -3, 0, -6, 0,
    0, 0, 0, 12, 0, 0, 0, 0,
    0, 0, 0, 0, 0, 0, 0, 0,
    0, 0, 0, -1, 0, 0, 0, 0,
    0, 0, 0, 0, 0, 0, 0, 0,
    0, 0, 0, 0, 0, 0, 0, 0,
    0, 0, 0, 0, 0, 0, 0, 0,
    0, -8, 0, 0, 0, 0, -7, -2,
    0, -4, 0, 0, 0, -4, 0, 0,
    0, -2, 0, -4, 0, 0, -2, -6,
    -2, -2, 0, 0, 0, 0, 0, 0,
    0, 0, 0, 0, 0, 0, 0, 0,
    0, 0, 0, 0, 0, 0, 0, 0,
    0, -2, 0, 0, 0, 0, 0, 0,
    0, 0, 0, 0, 0, 0, 0, 0,
    0, 0, 0, 0, 0, 0, 0, 0,
    0, 0, 0, -2, -3, 0, 0, 0,
    -2, 0, 0, 0, 0, -3, -2, 0,
    -4, 0, 0, 0, -4, 0, 0, 0,
    0, 0, -4, -2, 0, 0, 0, 0,
    0, 0, 0, 0, 0, 0, 0, 0,
    0, -4, 0, 0, 0, 6, 0, 0,
    0, 0, 0, 0, 0, 0, 0, 0,
    0, 0, 0, 0, 0, 0, 0, 0,
    0, 0, 0, 0, 0, 0, 0, 0,
    0, 0, 0, 0, 0, -6, 0, 0,
    0, 0, 0, 0, 0, 0, 0, 0,
    0, 0, 0, 0, 0, 0, 0, 0,
    0, 0, 0, 0, 0, 0, 0, 0,
    0, 0, 0, 0, 0, 0, 0, 0,
    0, 0, 0, 0, 0, 0, 0, 0,
    0, 4, 0, 0, 0, 0, 0, 0,
    0, 0, 0, 0, 0, 0, 0, 0,
    0, 0, 0, 0, 0, 0, 0, 0,
    0, 0, 0, 0, 0, 0, 0, -4,
    0, 0, 0, 0, 0, 0, 0, 0,
    0, 0, 0, 0, 0, 0, 0, 0,
    -2, 0, 0, 0, 0, 0, 0, -2,
    0, 0, 0, 0, 0, 0, 0, 0,
    0, 0, 0, 0, 0, 0, 0, 0,
    0, 0, 0, 4, 0, 0, -8, 0,
    0, 0, 0, 0, 0, 0, 0, 0,
    0, 0, 0, 0, 0, 0, 0, 0,
    0, 0, 0, 0, 0, 0, 0, 0,
    0, 0, 0, 0, 0, -4, 0, -4,
    -6, -2, 0, 0, 0, 0, -2, 0,
    0, -10, -6, 0, 0, -10, 0, 0,
    0, -6, 0, 0, 0, 0, 0, 0,
    0, 0, 0, 0, 0, 0, 0, 0,
    0, 0, 0, 8, 0, -15, 0, 0,
    0, 0, -2, 0, 0, 0, 0, 0,
    0, 0, 0, 0, 0, 0, 0, 0,
    0, 0, 0, 0, 0, 0, 0, 0,
    0, 0, 0, -12, 0, 0, 0, 0,
    -4, -2, 0, -2, 0, -2, -13, -4,
    0, 0, 0, 0, 0, -4, 0, 0,
    -12, -9, -8, -4, 0, 0, 0, 0,
    0, -4, 0, 0, 0, 0, 0, -6,
    0, -4, 0, 0, 0, -6, 0, -2,
    0, 0, 0, 0, 0, 0, 0, 0,
    0, 0, 0, 0, 0, 0, 0, 0,
    0, 0, 0, 0, 0, 0, 0, 0,
    0, 0, 0, 0, 0, -8, 0, 0,
    8, 0, 0, 0, 0, 0, 0, 0,
    0, 0, 0, 0, 0, 0, 0, 0,
    0, 0, -6, -10, 0, 0, 0, 0,
    0, 4, 0, 0, 0, 0, 0, 0,
    0, 0, 0, 0, 0, 0, 0, 0,
    0, 0, 0, 0, 0, 0, 0, 0,
    0, 0, 0, 0, 0, 0, 0, 0,
    0, 0, 0, 0, 0, 0, 0, 0,
    0, 0, 0, 0, 0, 0, 0, -4,
    0, 0, 0, 0, -6, 0, 0, 0,
    0, 0, 0, -2, 0, 0, 0, 0,
    0, 0, 0, 0, 0, 0, 0, -4,
    0, 0, 0, 0, 0, 0, 0, 0,
    0, 0, 0, 0, 0, 0, 0, 0,
    0, 0, 0, 6, 0, 0, 0, 0,
    0, 0, 0, 0, 0, 0, 0, 0,
    0, 0, 0, 0, 0, 0, 0, 0,
    0, 0, 0, 0, 0, 0, 0, 0,
    0, 4, 0, 0, 0, 0, 0, 0,
    0, 0, 0, 0, 0, 0, 0, 0,
    0, 0, 0, 0, 0, 0, 0, 0,
    0, 0, 6, 0, 2, 0, 0, 0,
    0, 0, 0, 0, 0, 0, 0, 0,
    0, 0, 0, 0, 0, 0, 0, 0,
    0, 0, 0, 0, 0, 0, 0, 0,
    0, 0, 0, 0, 0, 0, 0, 0,
    0, 0, 0, 0, 0, 0, 0, 0,
    0, 0, 0, 0, 0, 0, 6, 0,
    0, 0, 0, 0, 0, 0, 0, 0,
    0, 0, 0, 0, 0, 0, 0, 0,
    0, 0, 0, 0, 0, 0, 0, 4,
    0, 0, 0, 0, 0, 0, 0, 0,
    0, 0, 0, 0, 0, 0, 0, -2,
    0, 0, 0, 0, 0, 0, 0, 0,
    0, 0, 0, 0, 0, 0, 0, 0,
    0, 0, 0, 0, 0, 0, 0, 0,
    0, 0, 0, 0, 0, -8, 0, 0,
    8, 0, 0, 0, 0, 0, 0, 0,
    0, 0, 0, 0, 0, 0, 0, 0,
    0, 0, -6, -10, 0, 0, 0, 0,
    0, 0, 0, 0, 0, 0, 0, 0,
    0, 0, 0, 0, 0, 0, 0, 0,
    0, 0, 0, 0, -8, 0, 0, 0,
    0, 0, 0, 0, 0, 0, 0, 0,
    0, 0, 0, 0, 0, 0, 0, 0,
    0, 0, 0, 0, 0, 0, 0, 0,
    0, 0, 0, 0, 0, 0, 0, 0,
    0, 0, 0, 0, 0, 0, 0, -4,
    0, 0, 0, 0, 0, 0, 0, 0,
    0, 0, 0, 0, 0, 0, 0, 0,
    0, 0, 0, 0, 0, 0, 0, 0,
    0, 0, 0, -8, 0, 0, 0, 0,
    0, 0, 0, 0, 0, 0, 0, 0,
    0, 0, 0, 0, 0, 0, 0, 0,
    0, 0, 0, 0, 0, 0, 0, 0,
    0, -8, 0, 0, 0, 0, 0, 0,
    0, 0, 0, 0, -8, 0, 0, 0,
    0, 0, 0, 0, 0, 0, -4, 0,
    0, 0, 0, 0, 0, 0, 0, 0,
    0, 0, -6, -4, -6, 0, 0, 0,
    0, 0, 0, 0, 0, -13, 0, 0,
    0, 0, 0, 0, 0, 0, 0, 0,
    0, 0, 0, 0, 0, 0, 0, 0,
    0, 0, 0, 0, 0, 0, 0, 0,
    0, 0, 0, 0, 0, 0, 0, 0,
    0, 0, 0, 0, 0, 0, 0, 0,
    -4, 0, 0, 0, 0, 0, 0, 0,
    -10, -6, -6, 0, 0, 0, 0, 0,
    0, -4, 0, 0, 0, 0, 0, -4,
    0, -4, 0, 0, 0, 0, 0, 0,
    0, 0, -8, 0, 0, 0, 0, 0,
    0, 0, 0, 0, 0, 0, 0, 0,
    0, 0, 0, 0, 0, 0, 0, 0,
    0, 0, 0, 0, 0, 0, 0, 0,
    0, 0, 0, 0, 0, 0, 0, 0,
    0, 0, 0, 0, 0, 0, 0, 0,
    0, 0, 0, 0, 0, 0, 0, 0,
    0, 0, 0, 0, 0, 0, -2, 0,
    -2, 0, 0, 0, 0, 0, 0, 0,
    0, 0, 0, 0, -12, -8, 0, 0,
    0, 0, 0, 0, 0, 0, 0, 0,
    0, 0, 0, 0, 0, 0, 0, 0,
    0, 0, -12, -6, 0, 0, 0, 4,
    -4, 0, 0, -8, 0, -13, -10, 0,
    0, -7, 0, 0, -13, 0, 0, -12,
    0, -4, -4, 0, -8, -8, -10, 0,
    0, 0, 0, 0, -4, -4, 0, -10,
    0, 0, 0, -8, -10, -13, -10, -15,
    0, 0, 0, 0, 0, 0, -10, -4,
    0, 0, 0, 0, 0, 0, 0, 0,
    0, 0, 0, 0, 0, 0, 0, 0,
    0, 0, 0, 0, 0, 0, 0, 0,
    0, 0, 0, 0, 0, 0, 0, -6,
    0, 0, 0, 0, 0, 0, -2, 0,
    0, -8, -2, 0, 0, -6, 0, 0,
    0, 0, 0, 0, 0, 0, 0, 0,
    0, 0, 0, 0, 0, 0, 0, 0,
    0, 0, 0, 0, 0, 0, 0, 0,
    -10, -4, 0, 0, 0, 0, 0, 0,
    0, 0, 0, 0, 0, 0, 0, 0,
    0, 0, 0, 0, 0, 0, 0, 0,
    0, 0, 0, 4, 0, 0, 0, 0,
    0, -12, 0, 0, 0, 0, 0, 0,
    -8, 0, 0, -10, 0, -4, -4, 0,
    0, 0, -10, 0, 4, 0, 0, 0,
    -4, 0, 0, -6, 0, 4, 0, 0,
    -4, -6, -8, 0, 0, 0, 0, 0,
    0, 0, -6, 0, 0, 0, 0, 0,
    0, 0, 0, 0, 0, 0, 0, 0,
    0, 0, 0, 0, 0, 0, 0, 0,
    0, 0, 0, 0, 0, 0, 0, 0,
    0, 0, 0, 0, 0, 0, 0, 0,
    0, 0, -4, 0, 0, -6, 0, 0,
    0, 0, 0, 0, 0, 0, 0, 0,
    0, 0, 0, 0, 0, 0, 0, 0,
    0, 0, 0, 0, 0, 0, 0, 0,
    0, 0, 0, 0, 0, 0, 0, 0,
    0, 0, 0, 0, 0, 0, 0, 0,
    0, 0, 0, 0, 0, 0, 0, 0,
    0, 0, 0, 0, 0, 0, 0, 0,
    0, 0, 0, 0, 0, 0, 0, 0,
    0, 0, 0, 0, 0, 0, 0, 0,
    0, 0, 0, 0, -4, 0, -10, 0,
    0, 0, 0, 0, -4, 0, 0, 0,
    0, 0, 0, 0, -10, -4, 0, 0,
    0, 0, 0, 0, 0, 0, 0, 0,
    0, 0, 0, 0, 0, 0, 0, 0,
    0, 0, 0, 0, 0, 0, 0, 0,
    0, 0, 0, 0, 0, 0, 0, 0,
    0, 0, 0, 0, 0, 0, 0, 0,
    0, 0, 0, 0, 0, 0, -2, 0,
    0, 0, 0, 0, 0, 0, 0, 0,
    -2, 0, 0, 0, 0, 0, 0, 0,
    0, 0, 0, 0, 0, 0, 0, 0,
    0, 0, 0, 0, 0, 0, 0, 0,
    -12, 0, 0, 0, 0, 0, 0, 0,
    0, 0, 0, 0, 0, 0, 0, 0,
    0, 0, 0, 0, 0, 0, 0, 0,
    0, 0, 0, 0, 0, 0, 0, 0,
    0, -12, 0, 0, 0, 0, 0, 0,
    -10, 0, 0, -10, 0, 0, 0, 0,
    0, 0, -8, 0, 4, 0, 0, 0,
    -4, 0, 0, -6, 0, 0, 0, 0,
    0, -8, -8, -8, -2, 0, 0, 0,
    0, 0, -8, 0, 0, 0, 0, 0,
    0, 0, 0, 0, 0, 0, 0, 0,
    0, 0, 0, 0, 0, 0, 0, 0,
    0, 0, 0, 0, 0, 0, 0, 0,
    0, 0, 0, 0, 0, 0, 0, 0,
    0, 0, 0, 0, 0, -2, 0, 0,
    0, 0, 0, 0, 0, 0, 0, 0,
    0, 0, 0, 0, 0, 0, 0, 0,
    0, 0, 0, 0, 0, 0, 0, 0,
    0, 0, 0, 0, 0, 0, 0, 0,
    0, 0, 0, 0, 0, 0, 0, 0,
    0, 0, 0, 0, 0, 0, 0, 0,
    0, 0, 0, 0, 0, 0, 0, -4,
    0, 0, 0, 0, 0, 0, 0, 0,
    0, 0, 0, 0, 0, 0, 0, 0,
    0, 0, 0, 0, 0, 0, 0, 0,
    0, 0, 0, 0, 0, 0, 0, 0,
    -2, 0, -2, 0, 0, 0, 0, 0,
    0, 0, 0, -2, 0, 0, 0, 0,
    0, 0, 0, 0, 0, 0, 0, 0,
    0, 0, 0, 0, 0, 0, 0, 0,
    0, 0, 0, 0, 0, 0, 0, 0,
    0, 0, 0, 0, 0, 0, 0, 0,
    0, 0, 0, 0, 0, 0, 0, 0,
    0, 0, 0, -4, 0, 0, 0, -2,
    0, 0, 0, 0, 0, 0, 0, 0,
    0, 0, 0, 0, 0, 0, 0, 0,
    0, 0, 0, 0
};


/*Collect the kern class' data in one place*/
static const lv_font_fmt_txt_kern_classes_t kern_classes =
{
    .class_pair_values   = kern_class_values,
    .left_class_mapping  = kern_left_class_mapping,
    .right_class_mapping = kern_right_class_mapping,
    .left_class_cnt      = 82,
    .right_class_cnt     = 74,
};

/*--------------------
 *  ALL CUSTOM DATA
 *--------------------*/

#if LVGL_VERSION_MAJOR == 8
/*Store all the custom data of the font*/
static  lv_font_fmt_txt_glyph_cache_t cache;
#endif

#if LVGL_VERSION_MAJOR >= 8
static const lv_font_fmt_txt_dsc_t font_dsc = {
#else
static lv_font_fmt_txt_dsc_t font_dsc = {
#endif
    .glyph_bitmap = glyph_bitmap,
    .glyph_dsc = glyph_dsc,
    .cmaps = cmaps,
    .kern_dsc = &kern_classes,
    .kern_scale = 16,
    .cmap_num = 4,
    .bpp = 4,
    .kern_classes = 1,
    .bitmap_format = 1,
#if LVGL_VERSION_MAJOR == 8
    .cache = &cache
#endif
};



/*-----------------
 *  PUBLIC FONT
 *----------------*/

/*Initialize a public general font descriptor*/
#if LVGL_VERSION_MAJOR >= 8
lv_font_t noto_sans_light_12 = {
#else
lv_font_t noto_sans_light_12 = {
#endif
    .get_glyph_dsc = lv_font_get_glyph_dsc_fmt_txt,    /*Function pointer to get glyph's data*/
    .get_glyph_bitmap = lv_font_get_bitmap_fmt_txt,    /*Function pointer to get glyph's bitmap*/
    .line_height = 18,          /*The maximum line height required by the font*/
    .base_line = 4,             /*Baseline measured from the bottom of the line*/
#if !(LVGL_VERSION_MAJOR == 6 && LVGL_VERSION_MINOR == 0)
    .subpx = LV_FONT_SUBPX_NONE,
#endif
#if LV_VERSION_CHECK(7, 4, 0) || LVGL_VERSION_MAJOR >= 8
    .underline_position = -1,
    .underline_thickness = 1,
#endif
    .dsc = &font_dsc,          /*The custom font data. Will be accessed by `get_glyph_bitmap/dsc` */
#if LV_VERSION_CHECK(8, 2, 0) || LVGL_VERSION_MAJOR >= 9
    .fallback = NULL,
#endif
    .user_data = NULL,
};



#endif /*#if NOTO_SANS_LIGHT_12*/

