/*******************************************************************************
 * Size: 18 px
 * Bpp: 4
 * Opts: --font assets/fonts/NotoSans-Regular.ttf --size 18 --range 0x20-0x7F,0xA0-0xFF,0x100-0x17F,0x400-0x4FF,0x2013-0x2014,0x2018-0x201D,0x2022,0x2026,0x20AC,0x2122 --font assets/fonts/NotoSansCJKsc-Regular.otf --size 18 --range 0x3046,0x3053,0x305d,0x3088,0x4e2d,0x6587,0x65e5,0x672c,0x6b22,0x8a9e,0x8fce,0xff01 --font assets/fonts/NotoSansCJKjp-Regular.otf --size 18 --range 0x3046,0x3053,0x305d,0x3088,0x4e2d,0x6587,0x65e5,0x672c,0x6b22,0x8a9e,0x8fce,0xff01 --bpp 4 --format lvgl -o firmware/helixscreen-esp32/components/helixcore/fonts/noto_sans_18.c
 ******************************************************************************/

#ifdef LV_LVGL_H_INCLUDE_SIMPLE
#include "lvgl.h"
#else
#include "lvgl/lvgl.h"
#endif

#ifndef NOTO_SANS_18
#define NOTO_SANS_18 1
#endif

#if NOTO_SANS_18

/*-----------------
 *    BITMAPS
 *----------------*/

/*Store the image of the glyphs*/
static LV_ATTRIBUTE_LARGE_CONST const uint8_t glyph_bitmap[] = {
    /* U+0020 " " */

    /* U+0021 "!" */
    0x8f, 0x5f, 0x0, 0x8, 0x8, 0x1, 0xcc, 0x4,
    0x40, 0x7, 0x3, 0x0, 0x8, 0x80, 0x5, 0x40,
    0x46, 0x31, 0x2d, 0xa0, 0x60,

    /* U+0022 "\"" */
    0xcd, 0x7, 0xf2, 0x71, 0x1, 0x2, 0x16, 0x3,
    0x0, 0x19, 0x80, 0x44, 0x19, 0xe0, 0xce, 0x0,

    /* U+0023 "#" */
    0x0, 0xd3, 0x40, 0xb, 0x80, 0xf, 0x2e, 0x80,
    0x17, 0x40, 0x3c, 0x64, 0x2, 0x27, 0x0, 0xe2,
    0x7, 0x5, 0x2, 0x0, 0xbb, 0xf4, 0x37, 0xec,
    0x3f, 0xc4, 0x19, 0x85, 0x3c, 0xc1, 0xae, 0x60,
    0x80, 0x8c, 0x50, 0xcc, 0x58, 0x66, 0x0, 0xc9,
    0xa0, 0x22, 0x50, 0xa, 0x3f, 0xc1, 0x5f, 0xc1,
    0x9f, 0x1, 0x39, 0x1, 0x98, 0x62, 0xcc, 0x48,
    0x9, 0xf9, 0x9c, 0x48, 0x66, 0x10, 0x8, 0xd4,
    0x0, 0xbe, 0x1, 0xe5, 0xf0, 0x11, 0x28, 0x6,

    /* U+0024 "$" */
    0x0, 0x9e, 0xc0, 0x3f, 0xf8, 0x53, 0xf0, 0x9f,
    0xd0, 0x10, 0xce, 0xc7, 0x4f, 0xe0, 0xa9, 0x1c,
    0xeb, 0x2e, 0x2, 0xc0, 0x1f, 0x51, 0x6d, 0x80,
    0x73, 0x50, 0x9a, 0x63, 0x0, 0x4b, 0x8e, 0x21,
    0x36, 0x1, 0xbd, 0x71, 0xd0, 0xc0, 0x3d, 0xa0,
    0x9, 0x63, 0xf7, 0x58, 0x13, 0x59, 0xc7, 0x3a,
    0x6c, 0xc, 0xec, 0x63, 0xeb, 0x20, 0x0, 0x9f,
    0x38, 0x80, 0x40,

    /* U+0025 "%" */
    0x2, 0xcf, 0xc2, 0x0, 0xdc, 0xe0, 0x1a, 0x3,
    0x5e, 0x40, 0x27, 0x7, 0x0, 0xcb, 0x25, 0xe8,
    0x0, 0x18, 0xb0, 0xc, 0x20, 0xc0, 0xc0, 0x41,
    0x6, 0xa0, 0x1f, 0xf1, 0x34, 0x0, 0x70, 0x83,
    0x0, 0x81, 0xc2, 0x3e, 0x7d, 0x88, 0x1, 0x3c,
    0x28, 0xc9, 0x67, 0xdb, 0x1a, 0x0, 0x12, 0x9e,
    0xff, 0xe5, 0x33, 0x49, 0xdb, 0x80, 0xb, 0xb7,
    0x98, 0xec, 0x80, 0x80, 0x84, 0x3, 0x10, 0x43,
    0x88, 0x7, 0xfc, 0xc7, 0x0, 0x40, 0x60, 0x22,
    0x0, 0xe8, 0x80, 0x0, 0x4e, 0x83, 0x90, 0x3,
    0x41, 0xb0, 0x5, 0xcb, 0xe1, 0x60,

    /* U+0026 "&" */
    0x0, 0xa3, 0xbf, 0x9c, 0x3, 0xf4, 0x3b, 0x52,
    0xc2, 0x80, 0x7c, 0xa7, 0xb, 0x61, 0x80, 0x1f,
    0x30, 0x80, 0x8, 0x38, 0x3, 0xef, 0x28, 0x3f,
    0x26, 0x0, 0xf9, 0x19, 0xf1, 0xb0, 0x40, 0x3e,
    0x66, 0x8, 0x18, 0x80, 0xa, 0x8, 0x0, 0xd2,
    0xdc, 0xee, 0x80, 0x5, 0x39, 0x80, 0x20, 0xa4,
    0x21, 0xdd, 0x20, 0xca, 0x20, 0x1, 0x70, 0xa,
    0x1d, 0xb8, 0x60, 0x2, 0x17, 0x0, 0xd0, 0x42,
    0x64, 0x1, 0x49, 0x5a, 0xa3, 0xe9, 0x29, 0xc8,
    0x4, 0xf2, 0xf5, 0x74, 0x9b, 0x4e, 0xd2, 0x0,

    /* U+0027 "'" */
    0xcd, 0x71, 0x13, 0x19, 0xb3, 0xc0,

    /* U+0028 "(" */
    0x0, 0xf, 0x40, 0x2, 0xc2, 0x0, 0x96, 0x40,
    0x14, 0xc, 0x0, 0x53, 0x10, 0x12, 0x40, 0x1,
    0x7, 0x0, 0x1c, 0xc, 0x3, 0xe7, 0x3, 0x0,
    0x10, 0x70, 0x0, 0x44, 0x80, 0x13, 0x98, 0x80,
    0x28, 0x18, 0x0, 0x6b, 0x20, 0x15, 0x84, 0x0,

    /* U+0029 ")" */
    0x2f, 0x60, 0x1, 0x3c, 0x88, 0x2, 0x42, 0x0,
    0x2, 0xac, 0x1, 0x60, 0x20, 0x1, 0x0, 0xc0,
    0x4, 0x1c, 0x1, 0x8c, 0x3, 0xf8, 0xc0, 0x4,
    0x1c, 0x0, 0x70, 0x30, 0x7, 0x82, 0x0, 0xab,
    0x0, 0x24, 0x2c, 0x9, 0xe4, 0x80,

    /* U+002A "*" */
    0x0, 0xdd, 0x60, 0x1f, 0x88, 0x40, 0x39, 0x40,
    0xe, 0x40, 0x2a, 0x5, 0x5f, 0x6c, 0x99, 0xd4,
    0x5, 0x74, 0x64, 0x77, 0x56, 0x0, 0x45, 0x34,
    0x1e, 0x54, 0x0, 0x9d, 0x3e, 0x19, 0x40, 0x36,
    0x92, 0x30, 0xe0, 0x6, 0xac, 0x0, 0x7c, 0x80,
    0x0,

    /* U+002B "+" */
    0x0, 0xcf, 0x40, 0x1f, 0xbd, 0x80, 0x3f, 0xf9,
    0x83, 0xff, 0x39, 0xff, 0xca, 0x39, 0x92, 0x96,
    0x64, 0x80, 0x67, 0x10, 0x99, 0xc2, 0x1, 0xff,
    0xc8,

    /* U+002C "," */
    0x3, 0x73, 0xb, 0x80, 0x1, 0x89, 0x82, 0xb0,
    0x10, 0xd0, 0x0,

    /* U+002D "-" */
    0x2, 0x2c, 0x9, 0xbb, 0x85, 0x6a, 0xb0, 0x80,

    /* U+002E "." */
    0x26, 0x18, 0x96, 0xd0, 0x30,

    /* U+002F "/" */
    0x0, 0xc7, 0xea, 0x1, 0xa8, 0x14, 0x3, 0x3b,
    0x0, 0x65, 0x1a, 0x0, 0xdc, 0x46, 0x1, 0xa,
    0x50, 0x6, 0x70, 0x50, 0xd, 0x46, 0x40, 0x11,
    0x1d, 0x0, 0x6a, 0x6, 0x0, 0xcc, 0xa0, 0x19,
    0x7, 0x80, 0x37, 0xa, 0x0, 0x60,

    /* U+0030 "0" */
    0x0, 0x15, 0xff, 0xb0, 0xc0, 0x21, 0xc5, 0x89,
    0xc, 0x30, 0x4, 0x8e, 0xbb, 0x60, 0xf8, 0x1,
    0x4c, 0xc0, 0x13, 0x18, 0x81, 0x28, 0x6, 0xd0,
    0x51, 0xe, 0x0, 0xcc, 0x2, 0x1, 0xfc, 0x60,
    0x1f, 0xe1, 0xe, 0x0, 0xcc, 0x4, 0x6, 0xa0,
    0x1b, 0x41, 0x42, 0xcc, 0xc0, 0x13, 0x18, 0x83,
    0x96, 0xbb, 0x60, 0xc0, 0x5, 0x89, 0x12, 0x16,
    0x80,

    /* U+0031 "1" */
    0x0, 0xa3, 0xd8, 0x6, 0xdc, 0x0, 0x5e, 0xd6,
    0x0, 0x26, 0xc6, 0x0, 0xa0, 0x40, 0x3f, 0xfc,
    0xe0,

    /* U+0032 "2" */
    0x0, 0x36, 0x7f, 0xb1, 0x0, 0x2b, 0x96, 0x98,
    0x1b, 0x40, 0x4, 0x6d, 0x33, 0xe0, 0x78, 0x0,
    0xc8, 0x2, 0x13, 0x60, 0xf, 0xc4, 0xc0, 0x1f,
    0x28, 0xf0, 0x7, 0x8a, 0xd1, 0x40, 0x38, 0x7c,
    0xac, 0x3, 0x87, 0x7, 0x40, 0x38, 0x70, 0x74,
    0x40, 0x30, 0xe0, 0xe8, 0x80, 0x76, 0x12, 0xcc,
    0x46, 0x22, 0x81, 0x9d, 0xfc,

    /* U+0033 "3" */
    0x1, 0x8d, 0xff, 0x6b, 0x80, 0x58, 0xaa, 0x99,
    0x34, 0x38, 0x3, 0x36, 0x19, 0x96, 0x54, 0x0,
    0x10, 0xf, 0x8, 0x6, 0x11, 0x25, 0x97, 0x80,
    0x47, 0xdc, 0xb7, 0xc3, 0x0, 0x8a, 0xed, 0x21,
    0x8c, 0x1, 0xa, 0x21, 0xb0, 0xe4, 0x3, 0xf5,
    0x1, 0x80, 0x7c, 0x20, 0x1f, 0xd4, 0x26, 0x6f,
    0xa6, 0x63, 0xe9, 0x58, 0x1b, 0x3c, 0xcc, 0xd6,
    0xa0,

    /* U+0034 "4" */
    0x0, 0xf6, 0xf8, 0x80, 0x7a, 0x48, 0x3, 0xe4,
    0x66, 0x0, 0x7d, 0x4d, 0xc0, 0x1e, 0x93, 0x90,
    0xf, 0x23, 0x70, 0x7, 0x86, 0x9c, 0xc0, 0x3d,
    0x67, 0x0, 0x1e, 0x55, 0x41, 0x15, 0xe0, 0x63,
    0xe1, 0x5b, 0xb3, 0x86, 0xf4, 0xd5, 0x72, 0x85,
    0x59, 0xaa, 0xf6, 0x82, 0x20, 0x3, 0xfc,

    /* U+0035 "5" */
    0x1f, 0xff, 0x30, 0x10, 0x34, 0x46, 0x40, 0x70,
    0xa7, 0x7c, 0x40, 0x20, 0x40, 0x1e, 0x20, 0x10,
    0xf, 0x78, 0x7f, 0xdc, 0xe0, 0x9, 0x8a, 0xba,
    0x58, 0x90, 0x17, 0x54, 0x5b, 0x46, 0x10, 0xf,
    0x68, 0x28, 0x7, 0xe7, 0x0, 0xf5, 0x9, 0xed,
    0x3b, 0x3e, 0x9d, 0x85, 0xb4, 0x4c, 0x9f, 0x14,
    0x0,

    /* U+0036 "6" */
    0x0, 0x8a, 0x7b, 0xfc, 0xc0, 0x11, 0xeb, 0xb5,
    0x51, 0x40, 0x2d, 0x3f, 0x85, 0x51, 0x80, 0x18,
    0x7c, 0x40, 0x3d, 0xa4, 0x60, 0x1f, 0x2b, 0xae,
    0xff, 0xa8, 0x40, 0x2, 0xf3, 0x19, 0x2b, 0x80,
    0x1b, 0x14, 0xda, 0x49, 0x0, 0x8, 0x1, 0x90,
    0x8, 0xd, 0x40, 0x3f, 0x59, 0xa0, 0x5, 0x40,
    0x80, 0xe7, 0x70, 0xd2, 0xec, 0x40, 0xc, 0x66,
    0x4a, 0x44, 0x80,

    /* U+0037 "7" */
    0x3f, 0xff, 0xcc, 0x51, 0x1e, 0x50, 0x21, 0x77,
    0xf3, 0x12, 0x0, 0x78, 0xcd, 0x60, 0x1f, 0x48,
    0xb0, 0x7, 0x89, 0x58, 0x3, 0xeb, 0x9, 0x0,
    0xf0, 0xb2, 0x88, 0x7, 0x98, 0x24, 0x3, 0xe9,
    0x43, 0x0, 0xf3, 0xf, 0x80, 0x7d, 0x64, 0x80,
    0x1e, 0x52, 0xb0, 0xe,

    /* U+0038 "8" */
    0x0, 0x26, 0x7f, 0xb5, 0xc0, 0x24, 0xb0, 0x9a,
    0x78, 0x80, 0x3, 0x83, 0x19, 0x69, 0x18, 0x2,
    0x10, 0xc, 0x20, 0x17, 0x8b, 0x80, 0xd, 0x58,
    0x0, 0xb1, 0xc, 0x9c, 0x78, 0x0, 0x90, 0x8d,
    0x87, 0x40, 0x24, 0xc4, 0xed, 0x7a, 0x80, 0x5,
    0x24, 0x89, 0x4b, 0xb8, 0xc4, 0x58, 0x1, 0xa8,
    0x14, 0x43, 0x40, 0x32, 0x1, 0x3, 0xad, 0x2a,
    0x44, 0xa2, 0x2, 0x25, 0xaa, 0xd5, 0xec, 0x0,

    /* U+0039 "9" */
    0x0, 0x1e, 0x7f, 0xac, 0xc0, 0x24, 0xc1, 0x99,
    0x36, 0x18, 0x2, 0xb, 0x59, 0x9a, 0x5e, 0x0,
    0x35, 0x0, 0xd6, 0x62, 0x20, 0xf0, 0xc, 0x40,
    0xa2, 0x1a, 0x1, 0x8c, 0x4, 0x19, 0x58, 0x44,
    0xf2, 0x1, 0x4a, 0xcf, 0x72, 0xe0, 0x18, 0x1,
    0x5d, 0x9d, 0x82, 0x6, 0x1, 0x9, 0x88, 0x5a,
    0x0, 0x7c, 0xe7, 0xe0, 0x1, 0x65, 0x6b, 0x87,
    0x40, 0x1, 0xc5, 0x40, 0x5c, 0x0, 0x0,

    /* U+003A ":" */
    0x7f, 0x4d, 0x3, 0x88, 0x31, 0x38, 0x80, 0x7f,
    0x13, 0xc, 0x4b, 0x68, 0x18,

    /* U+003B ";" */
    0x8, 0xf4, 0x3, 0x3, 0x9, 0x87, 0x2, 0x70,
    0xf, 0xfe, 0x34, 0xf9, 0x82, 0x89, 0x81, 0xb0,
    0x18, 0x50, 0x2, 0x48, 0x0,

    /* U+003C "<" */
    0x0, 0xff, 0xe2, 0x9d, 0xa8, 0x7, 0x15, 0x60,
    0x38, 0x4, 0x55, 0xa1, 0x96, 0x40, 0x55, 0xa1,
    0xb4, 0x60, 0x1, 0xd4, 0xca, 0x20, 0xc, 0x34,
    0x59, 0x46, 0x1, 0xcb, 0x98, 0x1c, 0xc2, 0x80,
    0x71, 0xde, 0xad, 0x71, 0x80, 0x71, 0x4f, 0x4b,
    0x80,

    /* U+003D "=" */
    0x0, 0xfe, 0xff, 0xfc, 0x99, 0x9f, 0x90, 0xcf,
    0xf0, 0x8, 0xfe, 0xe, 0xef, 0xc9, 0x97, 0x7f,
    0x28,

    /* U+003E ">" */
    0x0, 0xff, 0xe, 0xa8, 0x7, 0xc2, 0x95, 0xaa,
    0x1, 0xe9, 0xe5, 0xac, 0x40, 0xe, 0x18, 0xe4,
    0xbc, 0x40, 0xe, 0x18, 0xe0, 0xb5, 0x0, 0xc2,
    0xfe, 0x50, 0xa0, 0x3, 0xae, 0xab, 0xe7, 0x0,
    0x66, 0x6, 0xf5, 0x40, 0x21, 0x5d, 0xb4, 0x0,
    0xe0,

    /* U+003F "?" */
    0x3a, 0xef, 0xf5, 0x90, 0x5b, 0xb4, 0x3a, 0xe0,
    0x46, 0xc3, 0xc5, 0x8a, 0x0, 0x73, 0x0, 0x7d,
    0x20, 0xa0, 0x1a, 0x96, 0xc4, 0x2, 0xb4, 0xc4,
    0x0, 0x91, 0x18, 0x60, 0x18, 0xc8, 0x80, 0x1c,
    0xd8, 0x1, 0xe2, 0x70, 0xf, 0x74, 0xa0, 0x7,
    0x38, 0xb0, 0x4,

    /* U+0040 "@" */
    0x0, 0xcd, 0x7d, 0xfe, 0xc7, 0x10, 0xe, 0x3e,
    0x83, 0xac, 0xbb, 0x57, 0x98, 0x4, 0x78, 0xdd,
    0x8, 0x68, 0xfa, 0xf8, 0x40, 0xe, 0x68, 0x8,
    0xef, 0xec, 0x19, 0x38, 0x5, 0x29, 0x9, 0x6b,
    0xd8, 0x33, 0x4, 0xa8, 0x72, 0x81, 0x35, 0xa9,
    0x28, 0x18, 0x38, 0xa, 0xe0, 0x38, 0x20, 0x1,
    0xc0, 0x40, 0x30, 0x98, 0x7, 0x8c, 0x2, 0x71,
    0x18, 0xc1, 0x2, 0x40, 0xa8, 0x50, 0x61, 0x80,
    0xbc, 0x6, 0x9f, 0xf6, 0x21, 0x7c, 0xd0, 0x16,
    0xe0, 0x5, 0xfd, 0xf5, 0x6e, 0xe5, 0x80, 0x1c,
    0x28, 0x2, 0x20, 0x8, 0x44, 0x1, 0xb5, 0x31,
    0x44, 0x0, 0x6f, 0x0, 0x1c, 0x7e, 0x97, 0xdf,
    0xec, 0xae, 0x0, 0xf0, 0xc7, 0x73, 0x75, 0xfa,
    0xc0, 0x18,

    /* U+0041 "A" */
    0x0, 0xc5, 0xf4, 0x1, 0xfd, 0x60, 0xa2, 0x1,
    0xf9, 0xd8, 0x18, 0x3, 0xe5, 0x1a, 0x3a, 0x0,
    0xfb, 0x84, 0xe8, 0x8c, 0x3, 0x85, 0x18, 0x1c,
    0x28, 0x3, 0x98, 0x2c, 0x5, 0x18, 0x3, 0xa8,
    0x44, 0x44, 0xc0, 0x50, 0x9, 0x8, 0x77, 0x68,
    0x9, 0x0, 0xb8, 0x2a, 0xb9, 0xc, 0x80, 0x55,
    0x7e, 0x80, 0xa0, 0x70, 0xe0, 0xe, 0x32, 0x60,
    0xa2, 0x40, 0xf, 0x58, 0xa0,

    /* U+0042 "B" */
    0x4f, 0xfe, 0xc8, 0x0, 0xcd, 0x32, 0x87, 0x76,
    0x0, 0x58, 0xcc, 0x7b, 0x53, 0x30, 0x7, 0xd8,
    0xe, 0x1, 0xf7, 0x3, 0x0, 0xc, 0x44, 0x4c,
    0xec, 0x40, 0x9, 0xee, 0x6c, 0xbc, 0x80, 0x4f,
    0x76, 0xa8, 0x6d, 0x10, 0x6, 0xa2, 0x15, 0xf4,
    0xa0, 0x3, 0xe3, 0x2, 0x0, 0xf9, 0x40, 0x80,
    0x18, 0xcd, 0x4d, 0xd, 0x80, 0x1a, 0x66, 0x75,
    0xc2,

    /* U+0043 "C" */
    0x0, 0x9f, 0x3f, 0xdd, 0x6a, 0x5, 0xb0, 0xf,
    0xe, 0xa4, 0x1e, 0x55, 0x90, 0xf3, 0xce, 0xa4,
    0xea, 0x1, 0xef, 0x9, 0x0, 0xf9, 0xc4, 0x40,
    0x1f, 0x19, 0x80, 0x3f, 0x19, 0x80, 0x3f, 0x30,
    0x88, 0x3, 0xed, 0x6, 0x0, 0xf9, 0x86, 0x10,
    0x3, 0xed, 0x1b, 0xb4, 0x3c, 0x5a, 0x1, 0xfb,
    0x31, 0xe1, 0x81, 0x80,

    /* U+0044 "D" */
    0x4f, 0xfe, 0xc8, 0x10, 0xe, 0x69, 0x94, 0x3b,
    0xbc, 0xc0, 0x36, 0x33, 0x1e, 0xf0, 0x34, 0x40,
    0x3f, 0x1d, 0xc, 0x80, 0x7f, 0x20, 0xa8, 0x7,
    0xf9, 0x48, 0x3, 0xfc, 0x20, 0x1f, 0xf0, 0x80,
    0x7f, 0xca, 0x60, 0x1f, 0xcc, 0x36, 0x1, 0xf9,
    0x24, 0x5c, 0x2, 0xc6, 0x64, 0x65, 0x96, 0x0,
    0x66, 0x99, 0x30, 0x46, 0x90, 0x0,

    /* U+0045 "E" */
    0x4f, 0xff, 0x70, 0x1, 0x62, 0x38, 0x1, 0xee,
    0xf9, 0x80, 0x3f, 0xf8, 0xc4, 0x5c, 0x20, 0x8,
    0xdd, 0xd0, 0x0, 0x7a, 0xae, 0x0, 0x6a, 0xae,
    0x30, 0xf, 0xfe, 0x37, 0xbb, 0xe6, 0x0, 0x2c,
    0x47, 0x0,

    /* U+0046 "F" */
    0x4f, 0xff, 0x70, 0x1, 0x62, 0x38, 0x1, 0xee,
    0xf9, 0x80, 0x3f, 0xf8, 0xc4, 0x5c, 0x20, 0x8,
    0xdd, 0xd0, 0x0, 0x7a, 0xae, 0x0, 0x6a, 0xae,
    0x30, 0xf, 0xfe, 0xa0,

    /* U+0047 "G" */
    0x0, 0x96, 0xfb, 0xfd, 0xb2, 0x60, 0x37, 0x4c,
    0xf0, 0xef, 0x82, 0x92, 0x36, 0x5e, 0x2b, 0x91,
    0x26, 0x70, 0xf, 0xb8, 0x20, 0x3, 0xf3, 0x90,
    0x80, 0x42, 0x45, 0x9, 0x88, 0x6, 0xbd, 0xdc,
    0x62, 0x1, 0xa6, 0xa8, 0x20, 0xe4, 0x20, 0x11,
    0xaa, 0x8c, 0x30, 0x18, 0x3, 0xf3, 0x14, 0x28,
    0x7, 0xef, 0x1a, 0xc8, 0x77, 0x49, 0x0, 0xb,
    0xe0, 0x1e, 0x20, 0x8b, 0x20,

    /* U+0048 "H" */
    0x4f, 0x50, 0xf, 0x7c, 0x80, 0x7f, 0xf8, 0x88,
    0xbe, 0x0, 0xd1, 0xbb, 0xe0, 0xc, 0xf5, 0x5e,
    0x0, 0xda, 0xab, 0xe0, 0xf, 0xff, 0x10,

    /* U+0049 "I" */
    0x4f, 0xfc, 0xa9, 0xa4, 0x3a, 0xa0, 0x42, 0x64,
    0x1, 0xff, 0xe6, 0x21, 0x32, 0x4, 0xd2, 0x1d,
    0x50,

    /* U+004A "J" */
    0x0, 0x97, 0xd0, 0x3, 0xff, 0xfe, 0x60, 0xe2,
    0x47, 0x62, 0x6f, 0xb8, 0x54, 0xd, 0x76, 0xf4,
    0x0,

    /* U+004B "K" */
    0x4f, 0x50, 0xc, 0xde, 0xe0, 0x1f, 0x24, 0xb3,
    0x80, 0x78, 0xed, 0x64, 0x3, 0xc5, 0xa7, 0x40,
    0x1e, 0x1f, 0x3d, 0x0, 0xf1, 0xe9, 0x60, 0x80,
    0x7a, 0xc, 0x18, 0x3, 0xe2, 0xe3, 0x83, 0x0,
    0xf4, 0x8f, 0x7, 0x0, 0x7e, 0x2a, 0x29, 0x0,
    0xfc, 0xac, 0xc5, 0x0, 0xfd, 0x25, 0x44, 0x1,
    0xfb, 0xc3, 0x80,

    /* U+004C "L" */
    0x4f, 0x50, 0xf, 0xff, 0xf8, 0x7, 0xff, 0x3,
    0xdd, 0xf8, 0x0, 0xb1, 0x1c,

    /* U+004D "M" */
    0x4f, 0xf2, 0x80, 0x7d, 0xfe, 0x90, 0x0, 0xf0,
    0x7, 0x94, 0x3, 0x91, 0x2, 0x1, 0xdc, 0x80,
    0x1b, 0x81, 0x80, 0x31, 0x27, 0x0, 0x67, 0x4a,
    0x0, 0xd4, 0x2a, 0x1, 0xdc, 0x44, 0x0, 0x95,
    0xc0, 0x3c, 0xa1, 0x40, 0x4, 0x2a, 0x0, 0xf9,
    0x98, 0x0, 0xe2, 0x30, 0xf, 0xa8, 0x50, 0x16,
    0x80, 0x3f, 0x19, 0x73, 0x3, 0x0, 0x7f, 0x2a,
    0xad, 0x4, 0x3, 0xfa, 0x80, 0xb8, 0x3, 0xfc,
    0x46, 0x2a, 0x1, 0xc0,

    /* U+004E "N" */
    0x4f, 0xe0, 0xf, 0x4f, 0x80, 0x6, 0x40, 0x3f,
    0x8d, 0x8c, 0x3, 0xf4, 0xf, 0x0, 0x7e, 0x7b,
    0x27, 0x0, 0xfc, 0xa9, 0x4, 0x1, 0xfa, 0x42,
    0x40, 0x3f, 0x14, 0x22, 0x80, 0x7e, 0x73, 0xb1,
    0x10, 0x7, 0xde, 0x36, 0x1, 0xf8, 0xdd, 0x4c,
    0x3, 0xf4, 0x12, 0x0, 0x7f, 0x48, 0x0,

    /* U+004F "O" */
    0x0, 0xc, 0x6f, 0xfb, 0x64, 0x40, 0x23, 0xf7,
    0x68, 0x83, 0xb7, 0x98, 0x3, 0x43, 0x2d, 0xdd,
    0x5a, 0x1a, 0xc, 0x30, 0x60, 0x18, 0xac, 0x5f,
    0x41, 0x80, 0x3c, 0xa1, 0x8c, 0x40, 0x1f, 0x8d,
    0x4c, 0x3, 0xfc, 0x26, 0x60, 0xf, 0xc2, 0x26,
    0x11, 0x0, 0x7c, 0x4b, 0xa0, 0xe0, 0x1e, 0x50,
    0xc6, 0x18, 0x30, 0xc, 0x56, 0x2e, 0x1a, 0x19,
    0x4e, 0xea, 0xd0, 0xd0, 0x1, 0xfb, 0xba, 0x20,
    0xed, 0xe6, 0x0,

    /* U+0050 "P" */
    0x4f, 0xfd, 0xd4, 0x60, 0x13, 0x4c, 0x9d, 0x70,
    0xc0, 0x18, 0xcc, 0x9d, 0x8, 0x0, 0xf1, 0x1a,
    0x0, 0x7c, 0xe2, 0x1, 0xe1, 0x45, 0x0, 0x18,
    0x92, 0xe0, 0x78, 0x2, 0x7b, 0x68, 0x2d, 0x0,
    0xf, 0x76, 0xdd, 0x20, 0x5, 0xa8, 0x82, 0x0,
    0xff, 0xe9, 0x0,

    /* U+0051 "Q" */
    0x0, 0xc, 0x6f, 0xfb, 0x64, 0x40, 0x23, 0xf7,
    0x68, 0x83, 0xb7, 0x98, 0x3, 0x43, 0x2d, 0xdd,
    0x5a, 0x1a, 0xc, 0x30, 0x60, 0x18, 0xac, 0x5f,
    0x41, 0x80, 0x3c, 0xa1, 0x8c, 0x40, 0x1f, 0x8d,
    0x4c, 0x3, 0xfc, 0x26, 0x60, 0xf, 0xc2, 0x26,
    0x11, 0x0, 0x7c, 0x4b, 0xa0, 0xe0, 0x1e, 0x50,
    0xc6, 0x18, 0x30, 0xc, 0x56, 0x2e, 0x1a, 0x19,
    0x4e, 0xea, 0xd0, 0xd0, 0x1, 0xfb, 0xba, 0x20,
    0xaa, 0xf3, 0x0, 0x86, 0x37, 0xf4, 0x10, 0x3,
    0xf8, 0xac, 0x70, 0x40, 0x3f, 0x24, 0x16, 0x80,

    /* U+0052 "R" */
    0x4f, 0xfd, 0xd6, 0xa0, 0x19, 0x62, 0xc, 0xb4,
    0xc0, 0x17, 0xbb, 0xa3, 0xc6, 0xc0, 0x3e, 0x15,
    0x20, 0xf, 0xcc, 0x40, 0x11, 0x88, 0x8e, 0x8a,
    0x0, 0x29, 0xee, 0x63, 0xda, 0x80, 0x4f, 0x76,
    0x11, 0x20, 0x6, 0xd4, 0x44, 0x1a, 0x80, 0x7c,
    0xc5, 0x60, 0x1f, 0xa0, 0x5c, 0x3, 0xe5, 0x38,
    0x10, 0xf, 0xbc, 0x2c,

    /* U+0053 "S" */
    0x0, 0x26, 0x7f, 0xba, 0xd0, 0x0, 0xb6, 0x2f,
    0xe, 0xc6, 0x0, 0x81, 0xd8, 0x79, 0xd7, 0x0,
    0x1a, 0x80, 0x7e, 0x44, 0x18, 0x7, 0xd0, 0x39,
    0x26, 0x1, 0xc5, 0xec, 0xcc, 0xc1, 0x80, 0x61,
    0x9f, 0x91, 0xc5, 0x0, 0xf3, 0x69, 0x58, 0x7,
    0xe4, 0x10, 0xf, 0xc8, 0x40, 0x3d, 0x50, 0xf1,
    0xa5, 0x0, 0x2e, 0xf4, 0x33, 0x31, 0x40,

    /* U+0054 "T" */
    0xdf, 0xff, 0xdb, 0x11, 0x84, 0x51, 0x19, 0x5d,
    0xe3, 0x33, 0xbc, 0xa0, 0x1f, 0xff, 0xf0, 0xf,
    0xfe, 0x68,

    /* U+0055 "U" */
    0x6f, 0x30, 0xe, 0x1f, 0x80, 0xf, 0xff, 0xf8,
    0x0, 0xc1, 0xc0, 0x3f, 0x30, 0x10, 0x7, 0x28,
    0x71, 0x8d, 0x88, 0x6, 0x80, 0x70, 0xa2, 0xf9,
    0x78, 0xd3, 0x91, 0x4, 0xc5, 0x78, 0x66, 0x5b,
    0x0,

    /* U+0056 "V" */
    0xdd, 0x0, 0x78, 0x7e, 0x68, 0x8c, 0x3, 0x9c,
    0x35, 0x82, 0xc0, 0x3a, 0x85, 0x4, 0xd8, 0x3,
    0x11, 0xb0, 0x2, 0x85, 0x0, 0x25, 0xb, 0x0,
    0x38, 0x68, 0x5, 0x44, 0x60, 0x1, 0x47, 0x0,
    0x11, 0x14, 0x3, 0x70, 0xa0, 0x50, 0x50, 0x6,
    0x50, 0xe0, 0x53, 0x20, 0xe, 0x55, 0x19, 0x58,
    0x7, 0xb8, 0x20, 0x18, 0x3, 0xc8, 0x28, 0x81,
    0x0, 0xf9, 0xc3, 0x40, 0x30,

    /* U+0057 "W" */
    0xaf, 0x0, 0xea, 0xf4, 0x0, 0xcb, 0xeb, 0x80,
    0x80, 0x19, 0x43, 0x40, 0x36, 0x2, 0x20, 0x30,
    0x2, 0x40, 0x47, 0x0, 0xc8, 0x42, 0x44, 0x40,
    0xb, 0x3, 0x84, 0x80, 0x2, 0x48, 0x0, 0x43,
    0x0, 0x95, 0x60, 0x50, 0x2, 0x6, 0x0, 0x30,
    0x10, 0x4, 0xb0, 0x12, 0xc0, 0x18, 0x8, 0x0,
    0x40, 0xc0, 0x70, 0x70, 0xc3, 0x10, 0x43, 0x10,
    0x0, 0x92, 0x6, 0x90, 0x82, 0x83, 0x89, 0x20,
    0x6, 0x53, 0x14, 0x50, 0x1, 0x13, 0x10, 0x30,
    0x3, 0x60, 0x30, 0x60, 0x4, 0x88, 0xd0, 0x40,
    0xc, 0x81, 0x40, 0x80, 0x16, 0x8a, 0xa0, 0x7,
    0x8c, 0x94, 0x3, 0x20, 0x16, 0x0, 0x79, 0x3,
    0x0, 0x39, 0x1, 0x0, 0x20,

    /* U+0058 "X" */
    0x5f, 0x70, 0xe, 0xdd, 0x2, 0xa4, 0x8, 0x4,
    0xe5, 0xc0, 0xa, 0xa, 0x0, 0x14, 0x31, 0x80,
    0x6, 0x51, 0x42, 0x46, 0x40, 0x33, 0x1d, 0xb2,
    0x50, 0x7, 0xb8, 0x65, 0x50, 0x3, 0xc4, 0x40,
    0xc0, 0xf, 0x9c, 0x8e, 0x4, 0x3, 0x8a, 0x1f,
    0x46, 0xc0, 0x3a, 0x46, 0x6, 0x15, 0x0, 0x25,
    0x4b, 0x0, 0x39, 0x48, 0x0, 0x6d, 0x14, 0x2,
    0x92, 0x80, 0x81, 0x90, 0xc, 0x8a, 0xe4,

    /* U+0059 "Y" */
    0xbf, 0x10, 0xe, 0xde, 0x8, 0x9, 0x0, 0xca,
    0x50, 0x6, 0xae, 0x20, 0x14, 0x13, 0x0, 0x20,
    0x20, 0x0, 0xc5, 0x20, 0x11, 0x33, 0x4, 0x20,
    0xd0, 0x3, 0x40, 0x43, 0xf, 0x80, 0x70, 0xbb,
    0x42, 0x18, 0x7, 0xa4, 0x45, 0x20, 0x1f, 0xa,
    0x89, 0x0, 0x7f, 0xf9, 0x0,

    /* U+005A "Z" */
    0x1f, 0xff, 0xcc, 0x31, 0x1e, 0x20, 0x50, 0x77,
    0xe4, 0x26, 0x30, 0xf, 0x70, 0xc8, 0x7, 0xa0,
    0xa8, 0x3, 0xc6, 0xec, 0x80, 0x1e, 0xe1, 0x90,
    0xf, 0x41, 0x50, 0x7, 0x8d, 0xd5, 0x0, 0x3d,
    0xc3, 0x60, 0x1e, 0x72, 0xb1, 0x0, 0xe2, 0x81,
    0x27, 0x7e, 0x47, 0x1, 0x88, 0xf6, 0x80,

    /* U+005B "[" */
    0x9f, 0xf9, 0xc0, 0x15, 0x45, 0x0, 0x2a, 0x88,
    0x3, 0xff, 0xda, 0x22, 0x0, 0xbb, 0x8f, 0x77,
    0x98,

    /* U+005C "\\" */
    0xae, 0x0, 0xee, 0x14, 0x0, 0xc8, 0x3c, 0x1,
    0xcc, 0xa0, 0x1d, 0x40, 0xc0, 0x18, 0x8e, 0x80,
    0x3a, 0x8c, 0x80, 0x33, 0x85, 0x0, 0x61, 0x45,
    0x0, 0xee, 0x23, 0x0, 0xca, 0x34, 0x1, 0xce,
    0xc0, 0x1d, 0x40, 0xa0,

    /* U+005D "]" */
    0x8f, 0xf9, 0xea, 0xa0, 0x1, 0x2a, 0x0, 0x7f,
    0xfb, 0x84, 0x2, 0x8e, 0xe0, 0x2, 0xae, 0xe6,

    /* U+005E "^" */
    0x0, 0xc8, 0x80, 0xf, 0xd5, 0x40, 0xf, 0x98,
    0xc1, 0x80, 0x3d, 0x75, 0x16, 0x1, 0xc8, 0x4e,
    0xc6, 0xc0, 0x1b, 0xd8, 0x1, 0x36, 0x1, 0x1a,
    0x58, 0x1, 0xc9, 0x80, 0x12, 0x84, 0x1, 0x3d,
    0x80, 0xaf, 0x80, 0x69, 0x25,

    /* U+005F "_" */
    0xf, 0xff, 0xc0, 0xc, 0xcf, 0xc0,

    /* U+0060 "`" */
    0x1e, 0xd0, 0x0, 0xd1, 0x38, 0x1, 0x2e, 0x48,

    /* U+0061 "a" */
    0x0, 0x36, 0x7f, 0xb5, 0x80, 0x2a, 0x5a, 0xa3,
    0x4a, 0x0, 0x32, 0x55, 0x56, 0x1a, 0x1, 0xf0,
    0x98, 0x1, 0xf3, 0xbf, 0xc2, 0x0, 0xa8, 0x4d,
    0xd8, 0x40, 0x55, 0xa0, 0xc8, 0x82, 0x6, 0x2,
    0x1, 0x18, 0x0, 0x88, 0xc8, 0x4d, 0xc2, 0x0,
    0xf5, 0xbd, 0xae, 0x40,

    /* U+0062 "b" */
    0x7f, 0x10, 0xf, 0xfe, 0xd9, 0x57, 0xfb, 0xc,
    0x3, 0x69, 0xd4, 0xe, 0x18, 0x4, 0xd2, 0xaf,
    0x81, 0x0, 0x15, 0x80, 0x42, 0x88, 0x0, 0x84,
    0x3, 0x10, 0x7, 0xff, 0x9, 0x80, 0x31, 0x0,
    0x6d, 0x0, 0x89, 0x14, 0x2, 0x4a, 0x67, 0xc0,
    0x80, 0x1, 0xe0, 0x4c, 0x16, 0x10, 0x0,

    /* U+0063 "c" */
    0x0, 0xc, 0xf7, 0xf5, 0x0, 0x7, 0xd9, 0x92,
    0xc4, 0x0, 0x81, 0xc8, 0x68, 0x80, 0x1, 0xc,
    0xc0, 0x1e, 0x26, 0x0, 0xff, 0xe2, 0xb, 0x0,
    0x7c, 0xe6, 0x60, 0xf, 0x40, 0xe4, 0x34, 0x50,
    0x0, 0x7d, 0x5a, 0x58, 0xc0,

    /* U+0064 "d" */
    0x0, 0xfd, 0xf0, 0x1, 0xff, 0xd4, 0x2b, 0xff,
    0x59, 0x0, 0x45, 0xab, 0x12, 0x58, 0x1, 0x58,
    0x6b, 0xb4, 0xb0, 0x4, 0xe6, 0x60, 0xa, 0xc0,
    0x21, 0x60, 0xc, 0x60, 0x1f, 0xfc, 0x11, 0x60,
    0xc, 0x40, 0x12, 0x19, 0x0, 0x4a, 0x1, 0x40,
    0x63, 0xac, 0xd0, 0x4, 0x58, 0xb1, 0x47, 0x84,
    0x0,

    /* U+0065 "e" */
    0x0, 0xc, 0xf7, 0xea, 0x80, 0x43, 0x8f, 0x14,
    0xf4, 0xc0, 0x9, 0x2c, 0x65, 0xa4, 0x80, 0x2,
    0x99, 0x0, 0x58, 0x24, 0x4, 0x7f, 0xfa, 0x0,
    0x40, 0x9, 0x99, 0xe3, 0x2, 0x63, 0x3f, 0x0,
    0x14, 0x90, 0x3, 0xe9, 0x2b, 0x96, 0x64, 0xd8,
    0x0, 0x71, 0xdd, 0x32, 0x5d, 0x0,

    /* U+0066 "f" */
    0x0, 0xd, 0x7f, 0xac, 0x1, 0x6b, 0x15, 0xc0,
    0x5, 0x53, 0xaa, 0x80, 0x22, 0x0, 0x9f, 0x81,
    0xff, 0xc0, 0xb4, 0xb, 0x98, 0x2, 0x40, 0x23,
    0x30, 0x7, 0xff, 0x98,

    /* U+0067 "g" */
    0x0, 0x15, 0xff, 0xac, 0xb2, 0x0, 0x71, 0x62,
    0x47, 0xc, 0x1, 0x3, 0xae, 0xd4, 0xc0, 0x13,
    0x99, 0x80, 0x2a, 0x0, 0x85, 0x80, 0x31, 0x0,
    0x7f, 0xf0, 0x45, 0x80, 0x30, 0x80, 0x4e, 0x64,
    0x1, 0x30, 0x5, 0x61, 0x8e, 0xb1, 0x40, 0x11,
    0x62, 0xc5, 0x1f, 0x80, 0x63, 0xbf, 0xf5, 0x98,
    0x7, 0xf3, 0x86, 0x81, 0xe4, 0x2a, 0xa6, 0x44,
    0xa0, 0x4c, 0xb5, 0x47, 0x6c, 0x0,

    /* U+0068 "h" */
    0x7f, 0x10, 0xf, 0xfe, 0xb9, 0xd7, 0x7e, 0xa8,
    0x5, 0xe1, 0x12, 0x14, 0x60, 0x4, 0xa6, 0x67,
    0x85, 0x0, 0x28, 0x2, 0x21, 0x30, 0x0, 0x80,
    0x7e, 0x30, 0xf, 0xfe, 0xf0,

    /* U+0069 "i" */
    0x6e, 0x21, 0x10, 0x3f, 0x90, 0x4, 0xfe, 0x20,
    0x1f, 0xfc, 0xf0,

    /* U+006A "j" */
    0x0, 0x37, 0x10, 0x0, 0x44, 0x1, 0x3f, 0x90,
    0x7, 0xcf, 0xe2, 0x1, 0xff, 0xe8, 0xf0, 0x3,
    0x34, 0x43, 0x12, 0x7c, 0x0,

    /* U+006B "k" */
    0x7f, 0x10, 0xf, 0xfe, 0xd1, 0xfd, 0x80, 0x71,
    0x69, 0xd8, 0x6, 0x1f, 0x3d, 0x0, 0xc7, 0xa7,
    0x82, 0x1, 0xa0, 0xd8, 0x40, 0x39, 0xd1, 0xcc,
    0x3, 0xbe, 0x87, 0x80, 0x38, 0xc6, 0x8a, 0x80,
    0x3c, 0x8e, 0xaa, 0x0, 0xf4, 0x1d, 0x10,

    /* U+006C "l" */
    0x7f, 0x10, 0xf, 0xfe, 0xd8,

    /* U+006D "m" */
    0x7e, 0x1a, 0xff, 0x59, 0xd, 0x7f, 0xb0, 0xc0,
    0x3, 0x87, 0x2e, 0x9f, 0x81, 0x30, 0x5a, 0x1,
    0x24, 0xb4, 0x39, 0x3d, 0x33, 0xc0, 0xa0, 0x2,
    0x80, 0x2d, 0xf, 0x0, 0x94, 0x4, 0x0, 0x40,
    0x1c, 0xc0, 0x1c, 0x60, 0x1f, 0xff, 0xf0,

    /* U+006E "n" */
    0x7e, 0x1a, 0xef, 0xd5, 0x0, 0xe, 0x4, 0x48,
    0x51, 0x80, 0x1e, 0x99, 0x9e, 0x14, 0x0, 0xe0,
    0x8, 0x84, 0xc0, 0xc, 0x1, 0xf8, 0xc0, 0x3f,
    0xfb, 0xc0,

    /* U+006F "o" */
    0x0, 0xc, 0xf7, 0xf4, 0x0, 0x43, 0xee, 0xd2,
    0xcf, 0x80, 0x8, 0x1d, 0x86, 0x8a, 0x37, 0x4,
    0x33, 0x0, 0x4a, 0x36, 0x4, 0xc0, 0x1c, 0xa4,
    0x1, 0xff, 0x13, 0x0, 0x72, 0x90, 0x29, 0x98,
    0x2, 0x51, 0xa0, 0x82, 0xd7, 0x58, 0xa3, 0x60,
    0x6, 0x3c, 0xd3, 0x3e, 0x0,

    /* U+0070 "p" */
    0x7e, 0x1a, 0xff, 0x61, 0x80, 0x43, 0x81, 0x30,
    0x58, 0x60, 0x12, 0x53, 0x3e, 0x4, 0x0, 0x54,
    0x1, 0x12, 0x20, 0x2, 0x20, 0xc, 0x40, 0x18,
    0xc0, 0x3f, 0x98, 0x3, 0x10, 0x6, 0xd0, 0x8,
    0x91, 0x40, 0x27, 0xa6, 0x7c, 0x8, 0x0, 0xb4,
    0x26, 0xb, 0x8, 0x2, 0x2a, 0xff, 0x61, 0x80,
    0x7f, 0xf5, 0x0,

    /* U+0071 "q" */
    0x0, 0x15, 0xff, 0xac, 0xb2, 0x0, 0x71, 0x62,
    0x4b, 0xcc, 0x1, 0x3, 0xae, 0xd2, 0xa0, 0x13,
    0x99, 0x80, 0x2b, 0x0, 0x85, 0x80, 0x31, 0x80,
    0x7f, 0xf0, 0x45, 0x80, 0x31, 0x0, 0x48, 0x64,
    0x1, 0x28, 0x5, 0x1, 0x8e, 0xb3, 0x40, 0x11,
    0x62, 0xc5, 0x1f, 0x80, 0x63, 0xbf, 0xf5, 0x10,
    0x7, 0xff, 0x50,

    /* U+0072 "r" */
    0x7d, 0x8, 0xef, 0x10, 0x29, 0x66, 0x38, 0x80,
    0x13, 0xe2, 0x0, 0x14, 0x8, 0x7, 0x38, 0x7,
    0x8c, 0x3, 0xff, 0xa8,

    /* U+0073 "s" */
    0x1, 0x9e, 0xfe, 0xb4, 0xd, 0x78, 0xa8, 0x0,
    0x8e, 0x59, 0x5a, 0xd0, 0xa, 0x50, 0x3, 0xbc,
    0xaf, 0x5c, 0x2, 0x2c, 0xb7, 0x8e, 0x30, 0x9,
    0x2b, 0x42, 0x0, 0x38, 0x88, 0xe3, 0xb0, 0xaa,
    0x93, 0xb1, 0x46, 0xaa, 0x24, 0xb8,

    /* U+0074 "t" */
    0x0, 0x30, 0x80, 0x74, 0x90, 0x6, 0x40, 0xe,
    0x8b, 0xc, 0xff, 0x5, 0x40, 0x4e, 0x60, 0x8,
    0x80, 0xa6, 0x60, 0xf, 0xfe, 0x90, 0x83, 0x0,
    0x65, 0x8, 0x66, 0x0, 0x6, 0x82, 0x60, 0x40,

    /* U+0075 "u" */
    0x9f, 0x0, 0xef, 0x90, 0xf, 0xff, 0x38, 0x80,
    0x38, 0x8, 0x2, 0x70, 0x2, 0x87, 0x19, 0x34,
    0x0, 0xa, 0xc3, 0x37, 0x63, 0x0,

    /* U+0076 "v" */
    0xdd, 0x0, 0x75, 0xf0, 0x51, 0x18, 0x4, 0x28,
    0xe0, 0xc1, 0x40, 0x13, 0x85, 0x0, 0xa3, 0x80,
    0x54, 0x46, 0x0, 0xe1, 0x40, 0x13, 0xa0, 0x9,
    0x43, 0x41, 0x81, 0x40, 0x32, 0xb8, 0x59, 0x90,
    0x6, 0xe1, 0x63, 0xa0, 0xe, 0x41, 0x80, 0x60,
    0xf, 0x30, 0xa8, 0x6,

    /* U+0077 "w" */
    0xaf, 0x0, 0xdd, 0xe2, 0x1, 0x66, 0xe0, 0x18,
    0x0, 0xc4, 0x1c, 0x2, 0x35, 0x40, 0x40, 0x5,
    0x92, 0x68, 0x1, 0x3, 0x8, 0x70, 0x0, 0xaf,
    0x88, 0x0, 0xc0, 0x40, 0x74, 0x2, 0x27, 0xa0,
    0x20, 0x2a, 0x0, 0x30, 0xd, 0x41, 0x4c, 0x74,
    0x4b, 0x0, 0x8, 0x9, 0x88, 0x0, 0x74, 0x40,
    0x20, 0x0, 0x4b, 0x53, 0x40, 0x18, 0x5e, 0x26,
    0x1, 0x2a, 0x81, 0xc0, 0xa, 0xa, 0x80, 0x1b,
    0x0, 0xc4, 0x2, 0x40, 0xc0, 0x0,

    /* U+0078 "x" */
    0x3f, 0x90, 0x8, 0xbe, 0x80, 0xe1, 0x90, 0x1,
    0x23, 0x60, 0x7, 0x3a, 0x6, 0x4b, 0x10, 0xb,
    0x86, 0xa5, 0x54, 0x1, 0x8a, 0x14, 0x6c, 0x3,
    0xdc, 0x2, 0x60, 0x1c, 0x8d, 0x5, 0xc0, 0x18,
    0x68, 0xde, 0x4d, 0xc0, 0x2b, 0x1e, 0x4, 0x68,
    0x30, 0x55, 0x41, 0x0, 0x24, 0x78, 0x0,

    /* U+0079 "y" */
    0xce, 0x0, 0xeb, 0xf0, 0xa1, 0x40, 0x8, 0x51,
    0x81, 0x83, 0x80, 0x27, 0xa, 0x0, 0x32, 0x88,
    0x2, 0x88, 0xc0, 0x16, 0xe, 0x4, 0x74, 0x1,
    0x11, 0xd0, 0x28, 0x30, 0x6, 0xa3, 0x2a, 0x41,
    0x0, 0xcc, 0x16, 0x5c, 0x1, 0xe6, 0x60, 0x28,
    0x7, 0xa8, 0x18, 0x3, 0xe5, 0xa, 0x0, 0xfa,
    0xcc, 0xc0, 0x19, 0x16, 0xca, 0x0, 0x3b, 0xe9,
    0xa9, 0x0, 0x38,

    /* U+007A "z" */
    0xf, 0xff, 0x50, 0x66, 0x67, 0xc, 0x3, 0x38,
    0x99, 0x18, 0x3, 0x58, 0xc8, 0x6, 0x55, 0x49,
    0x0, 0x43, 0x68, 0xc0, 0x1a, 0xc6, 0x80, 0x32,
    0xaa, 0x84, 0x2, 0x1b, 0x21, 0x44, 0x8d, 0x44,
    0xae, 0xf7, 0x80,

    /* U+007B "{" */
    0x0, 0x8e, 0xfd, 0x0, 0x3, 0xab, 0xa, 0x0,
    0x51, 0xb7, 0x10, 0xc, 0x20, 0x1f, 0xf0, 0x80,
    0x71, 0xc8, 0xa8, 0x2, 0x30, 0x30, 0x40, 0x15,
    0x25, 0x20, 0x11, 0x34, 0x21, 0x80, 0x62, 0x7,
    0x0, 0xff, 0xe4, 0x8, 0x6, 0x50, 0x92, 0x0,
    0x86, 0x8b, 0x50, 0x2, 0x5e, 0xc5,

    /* U+007C "|" */
    0xb9, 0x0, 0xff, 0xeb, 0x0,

    /* U+007D "}" */
    0x6e, 0xa2, 0x0, 0x92, 0x57, 0xc0, 0x22, 0x78,
    0x21, 0x0, 0xc2, 0x6, 0x1, 0xff, 0xc6, 0x40,
    0x82, 0x0, 0x8b, 0x1f, 0x54, 0x2, 0xe0, 0xa4,
    0x0, 0x29, 0x72, 0x88, 0x0, 0xc0, 0x40, 0x3f,
    0xf8, 0xc2, 0x6, 0x1, 0x24, 0x90, 0x80, 0x1a,
    0xcf, 0xc0, 0x27, 0xdd, 0x10, 0x4,

    /* U+007E "~" */
    0x0, 0xff, 0xa7, 0xfd, 0xb0, 0x62, 0xea, 0x2b,
    0x54, 0x46, 0xce, 0x97, 0x1c, 0x55, 0x4f, 0x6e,
    0x71, 0x0,

    /* U+00A0 " " */

    /* U+00A1 "¡" */
    0x7f, 0x4d, 0x3, 0x89, 0x62, 0x61, 0x2f, 0x1,
    0x0, 0xe7, 0x1, 0x10, 0x19, 0x80, 0x2, 0x2,
    0x0, 0x7f, 0x1, 0xb9, 0x70,

    /* U+00A2 "¢" */
    0x0, 0xdc, 0xc0, 0x19, 0xb8, 0x67, 0xdc, 0x1e,
    0x56, 0xa8, 0xe6, 0x12, 0x76, 0xaa, 0x84, 0x31,
    0xb0, 0xe, 0x60, 0x30, 0xf, 0xfe, 0x8, 0x81,
    0x0, 0x72, 0x86, 0x80, 0x70, 0xb2, 0x41, 0xa,
    0x20, 0x25, 0x5f, 0x7a, 0xcc, 0x1, 0x5c, 0x2f,
    0xae, 0x1, 0x8, 0x69, 0x0,

    /* U+00A3 "£" */
    0x0, 0x8f, 0x3f, 0xdb, 0x0, 0x11, 0x60, 0xcd,
    0x22, 0x0, 0x2a, 0xc, 0x65, 0x9c, 0x0, 0x88,
    0x4, 0x3, 0xff, 0x9a, 0xde, 0xa1, 0xff, 0x48,
    0x1, 0xf1, 0x3, 0x32, 0x80, 0x0, 0x98, 0x81,
    0x9c, 0x20, 0x1c, 0x20, 0x1f, 0x91, 0x0, 0x1e,
    0x2c, 0x12, 0x77, 0xe4, 0x41, 0x83, 0xc4, 0x77,
    0x0,

    /* U+00A4 "¤" */
    0x21, 0x0, 0xe4, 0x8, 0xc9, 0xef, 0xbb, 0x50,
    0x51, 0xa5, 0xd8, 0x52, 0x80, 0x87, 0xd5, 0x28,
    0xcc, 0xe, 0x44, 0x0, 0x93, 0x41, 0x88, 0x3,
    0x19, 0x1, 0x8d, 0x90, 0x3a, 0x58, 0x40, 0xbe,
    0xfc, 0x97, 0x86, 0xe6, 0x37, 0x5d, 0x96, 0x0,

    /* U+00A5 "¥" */
    0x7f, 0x20, 0xe, 0xdc, 0x7, 0x18, 0x0, 0xcc,
    0x5e, 0x0, 0x95, 0x20, 0xa, 0x10, 0xc0, 0xe,
    0x30, 0x0, 0x61, 0x80, 0xd, 0x2a, 0x41, 0x8,
    0x60, 0x19, 0xc6, 0x18, 0x64, 0x3, 0xd2, 0xb0,
    0xa4, 0x1, 0x97, 0xe0, 0x5, 0x7e, 0x40, 0x24,
    0xdd, 0x20, 0xee, 0xa0, 0x2, 0x4d, 0xd2, 0xe,
    0xea, 0x0, 0x24, 0xdd, 0x20, 0xee, 0xa0, 0x2,
    0x12, 0x20, 0x81, 0x10, 0x40, 0x3f, 0xf8, 0x20,

    /* U+00A6 "¦" */
    0xb9, 0x0, 0xff, 0xe0, 0x5c, 0x80, 0x7a, 0xa4,
    0x40, 0x3f, 0xe0,

    /* U+00A7 "§" */
    0x8, 0xdf, 0xf6, 0xb8, 0x43, 0xdd, 0xca, 0x0,
    0x32, 0x64, 0x44, 0x38, 0x69, 0x51, 0x80, 0x66,
    0x45, 0xcc, 0x28, 0x1, 0xd7, 0x71, 0xaa, 0x2,
    0xdc, 0x8e, 0x9d, 0xc0, 0xce, 0x20, 0xe, 0x0,
    0x41, 0xf4, 0xa4, 0x30, 0x16, 0xca, 0x58, 0xd8,
    0x4, 0xdb, 0x63, 0xe0, 0x1c, 0x8c, 0x41, 0x6e,
    0x88, 0x66, 0x20, 0x1d, 0x5d, 0xcd, 0x40,

    /* U+00A8 "¨" */
    0x2c, 0x20, 0x97, 0x3, 0x10, 0x5e,

    /* U+00A9 "©" */
    0x0, 0xcb, 0x7d, 0xfd, 0x48, 0x1, 0xe1, 0xb9,
    0xff, 0xe9, 0xa0, 0xe, 0xd3, 0xc7, 0xdf, 0xef,
    0xd0, 0xb0, 0x9, 0x9e, 0xb, 0x1b, 0x2f, 0x2,
    0x9d, 0x40, 0x17, 0x1, 0x43, 0x46, 0x8c, 0x0,
    0x89, 0x0, 0x11, 0x81, 0xa0, 0x7, 0x90, 0xc0,
    0x44, 0x0, 0x70, 0xf, 0xe1, 0x18, 0x0, 0xac,
    0x1, 0xf8, 0x40, 0x90, 0x28, 0xd8, 0x4, 0xc0,
    0x8, 0x60, 0xb, 0x80, 0x38, 0x9f, 0xe9, 0x0,
    0x45, 0x0, 0x18, 0x24, 0x1f, 0xf7, 0xa8, 0x28,
    0x18, 0x2, 0xd2, 0xc5, 0x12, 0x5, 0xd1, 0xd0,
    0xc, 0x37, 0x3d, 0xff, 0x74, 0x58, 0x80, 0x0,

    /* U+00AA "ª" */
    0xa, 0xef, 0xb1, 0x8, 0xef, 0x16, 0xb, 0xdc,
    0x4f, 0x57, 0xdc, 0x70, 0x1, 0x0, 0x10, 0x14,
    0x36, 0xdc, 0x0,

    /* U+00AB "«" */
    0x0, 0x90, 0xc0, 0xc, 0x1, 0x1d, 0xa0, 0x4c,
    0x88, 0x7, 0x51, 0xd9, 0x96, 0x41, 0xa7, 0x69,
    0x30, 0x80, 0x46, 0xe1, 0x80, 0x80, 0x2, 0xb5,
    0x68, 0x4d, 0x10, 0x2, 0x44, 0xa5, 0x9e, 0x80,
    0x4e, 0xc6, 0x1e, 0x4,

    /* U+00AC "¬" */
    0x1, 0x1f, 0xc0, 0x3d, 0xdf, 0x94, 0x73, 0x3e,
    0x0, 0x8c, 0xfe, 0x10, 0xf, 0xfe, 0x3a, 0x8,

    /* U+00AD "­" */
    0x2, 0x2c, 0x9, 0xbb, 0x85, 0x6a, 0xb0, 0x80,

    /* U+00AE "®" */
    0x0, 0xcb, 0x7d, 0xfd, 0x48, 0x1, 0xe1, 0xb9,
    0xff, 0xe9, 0xa0, 0xe, 0xd3, 0xcb, 0xef, 0xc0,
    0xd0, 0xb0, 0x9, 0x9e, 0x0, 0x11, 0x8f, 0x41,
    0x4e, 0xa0, 0xb, 0x80, 0x8, 0x4e, 0x40, 0x82,
    0x24, 0x0, 0x46, 0x1, 0xd4, 0x4, 0x8, 0x60,
    0x22, 0x0, 0xd3, 0xed, 0x60, 0x18, 0x46, 0x0,
    0xd1, 0x40, 0xe0, 0x18, 0x40, 0x90, 0x2, 0x15,
    0x4f, 0x0, 0x21, 0x80, 0x2e, 0x0, 0x3a, 0x4d,
    0x82, 0x28, 0x0, 0xc1, 0x21, 0x6e, 0x5, 0x8b,
    0x40, 0xc0, 0x16, 0x96, 0x8, 0x0, 0x5b, 0x87,
    0x40, 0x30, 0xdc, 0xf7, 0xfd, 0xd1, 0x62, 0x0,

    /* U+00AF "¯" */
    0x0, 0xff, 0xe0, 0x7f, 0xff, 0x0, 0x33, 0x3f,
    0x80,

    /* U+00B0 "°" */
    0x0, 0x4f, 0x6b, 0x0, 0x28, 0xb2, 0x61, 0x41,
    0x60, 0x91, 0xbc, 0x3, 0xbc, 0x41, 0x28, 0x6,
    0xb4, 0x25, 0x7f, 0x9d, 0x80, 0xb3, 0xbe, 0x80,

    /* U+00B1 "±" */
    0x0, 0xd1, 0x80, 0x1f, 0xfd, 0x61, 0xff, 0x9c,
    0xff, 0xe5, 0x1c, 0xc9, 0x4b, 0x32, 0x40, 0x33,
    0x88, 0x4c, 0xe1, 0x0, 0xff, 0xe1, 0x7b, 0x0,
    0x72, 0x24, 0x7c, 0x89, 0x8, 0xae, 0xff, 0x38,

    /* U+00B2 "²" */
    0x9, 0xde, 0x90, 0x23, 0xed, 0x76, 0x2a, 0x33,
    0x10, 0x80, 0x44, 0x6a, 0x0, 0x2c, 0x92, 0x2,
    0xc9, 0x60, 0x2c, 0x66, 0x8, 0x58, 0xbf, 0x72,
    0x0,

    /* U+00B3 "³" */
    0x2a, 0xdd, 0x48, 0xe, 0x7f, 0x3b, 0x8d, 0x88,
    0x40, 0x82, 0x3f, 0x55, 0x41, 0x1f, 0xad, 0x0,
    0x11, 0x2a, 0x31, 0x81, 0x2a, 0xe, 0xfe, 0x24,
    0x0,

    /* U+00B4 "´" */
    0x0, 0x6f, 0x90, 0x31, 0x59, 0xc, 0x52, 0x0,

    /* U+00B5 "µ" */
    0x7f, 0x10, 0xd, 0xd6, 0x1, 0xff, 0xe8, 0x10,
    0x9, 0x40, 0x24, 0x0, 0xd2, 0x84, 0xb4, 0x1,
    0x9e, 0xb6, 0x69, 0x0, 0x2b, 0xef, 0xc4, 0xbb,
    0x0, 0x7f, 0xf3, 0xc0,

    /* U+00B6 "¶" */
    0x0, 0x2e, 0x7f, 0xf7, 0x2, 0x51, 0x80, 0x5f,
    0xa0, 0x8, 0x0, 0xfe, 0x30, 0xf, 0xfe, 0x89,
    0x80, 0x7f, 0x48, 0x7, 0xf2, 0xc9, 0x0, 0x80,
    0x79, 0xb7, 0xf8, 0x3, 0xff, 0xf5, 0xe0, 0x5c,

    /* U+00B7 "·" */
    0x26, 0x18, 0x96, 0xd0, 0x30,

    /* U+00B8 "¸" */
    0x3, 0x40, 0x7, 0xe8, 0x2, 0x16, 0x81, 0x14,
    0x6f, 0xd6, 0x0,

    /* U+00B9 "¹" */
    0x0, 0x25, 0x18, 0x4d, 0x2b, 0x8, 0x78, 0x0,
    0x64, 0x40, 0x3f, 0xf9, 0x40,

    /* U+00BA "º" */
    0x5, 0xdf, 0xc3, 0x2, 0xae, 0xfa, 0xd0, 0x44,
    0x18, 0x30, 0x90, 0x38, 0x7, 0x21, 0x98, 0x18,
    0x8a, 0xbe, 0xe5, 0x78, 0x0,

    /* U+00BB "»" */
    0x6, 0x10, 0x25, 0x0, 0x86, 0xe8, 0x1e, 0x94,
    0x0, 0x3e, 0x92, 0xad, 0x44, 0x0, 0x2a, 0x66,
    0x4a, 0x60, 0x80, 0x10, 0x30, 0xc, 0x48, 0x1,
    0x85, 0x48, 0xf2, 0x61, 0x47, 0x85, 0x6c, 0xc0,
    0x11, 0x68, 0xba, 0x48, 0x0,

    /* U+00BC "¼" */
    0x1, 0xaf, 0x40, 0xc, 0x7e, 0x40, 0x2, 0xf3,
    0x0, 0xf7, 0xb1, 0x0, 0xa, 0xa4, 0x3, 0x98,
    0xa4, 0x3, 0x20, 0x7, 0xc, 0x58, 0x7, 0xfd,
    0x4, 0xa0, 0x1f, 0xe3, 0x6e, 0x6, 0xe2, 0x0,
    0xfb, 0xdc, 0x89, 0x2, 0x1, 0xc4, 0xec, 0x50,
    0x1e, 0xc0, 0x1e, 0xd2, 0x8b, 0x8, 0x7b, 0x0,
    0xfa, 0x15, 0x46, 0xb4, 0x1, 0xf1, 0xb4, 0x84,
    0x17, 0xe0, 0x69, 0x80, 0x5c, 0xe4, 0x15, 0xba,
    0xa0, 0xb3, 0x0, 0x31, 0xc0, 0x0, 0x48, 0x8c,
    0xc, 0x0,

    /* U+00BD "½" */
    0x2, 0xcf, 0x0, 0xeb, 0xa0, 0x9, 0x35, 0x40,
    0x39, 0x52, 0xc0, 0x25, 0xba, 0x0, 0xeb, 0x91,
    0x0, 0x85, 0x0, 0x3a, 0xd, 0x80, 0x3f, 0xc4,
    0xfc, 0x1, 0xff, 0x4a, 0x85, 0xf6, 0xa0, 0x7,
    0x91, 0x17, 0x6c, 0xc2, 0xd8, 0x6, 0x21, 0x98,
    0x18, 0x72, 0xb0, 0x10, 0x1, 0xeb, 0x3, 0x80,
    0x6b, 0x31, 0x0, 0x8a, 0x24, 0x3, 0x2b, 0x70,
    0x6, 0x85, 0x40, 0x9, 0x6f, 0x48, 0x2, 0x45,
    0xb0, 0x9, 0x6f, 0x4c, 0x3, 0x4c, 0x8, 0x5,
    0x43, 0x9f, 0xe1, 0x0, 0x7b, 0x80, 0x6d, 0xde,
    0x10,

    /* U+00BE "¾" */
    0x4b, 0xee, 0x50, 0x7, 0x2e, 0x80, 0x1b, 0xfb,
    0xd1, 0xc0, 0x35, 0xd8, 0x0, 0x48, 0x4, 0x4,
    0x1, 0x49, 0x30, 0x5, 0x3f, 0x88, 0xa0, 0x3,
    0x6f, 0x0, 0xd3, 0xfa, 0xee, 0x0, 0x7b, 0x18,
    0x7, 0x89, 0x30, 0x18, 0xa4, 0x2e, 0xc0, 0xa2,
    0x2, 0x86, 0x31, 0x60, 0xe8, 0xe1, 0xbd, 0xfc,
    0xd1, 0x5, 0x51, 0xcb, 0x0, 0x23, 0xfb, 0xec,
    0xda, 0x43, 0xac, 0x40, 0x30, 0x80, 0x3d, 0xca,
    0x51, 0x40, 0x3e, 0x62, 0x80, 0x66, 0x7b, 0x9e,
    0x80, 0x43, 0x36, 0x0, 0xdd, 0x98, 0xbc, 0x2,
    0xb4, 0x50, 0x1, 0x14, 0x22, 0x20,

    /* U+00BF "¿" */
    0x0, 0x97, 0xd8, 0x3, 0xb4, 0x30, 0x3, 0xa6,
    0x20, 0x1, 0xc2, 0xc4, 0x1, 0xee, 0x30, 0xe,
    0x50, 0x20, 0xc, 0x94, 0xa2, 0x1, 0x2d, 0xad,
    0x0, 0x45, 0x4d, 0x40, 0x19, 0x42, 0x40, 0x3b,
    0xc0, 0x3e, 0xc0, 0xa2, 0x22, 0x51, 0x23, 0xae,
    0xea, 0xdd, 0x82, 0x3a, 0xed, 0xba, 0x40,

    /* U+00C0 "À" */
    0x0, 0x92, 0xc, 0x3, 0xf9, 0x5b, 0xc0, 0x3f,
    0x87, 0x9, 0xc0, 0x3f, 0x8b, 0x0, 0x3f, 0xe2,
    0x70, 0xf, 0xe2, 0xfa, 0x0, 0xfe, 0xb0, 0x51,
    0x0, 0xfc, 0xec, 0xc, 0x1, 0xf2, 0x8d, 0x1d,
    0x0, 0x7d, 0xc2, 0x74, 0x46, 0x1, 0xc2, 0x8c,
    0xe, 0x14, 0x1, 0xcc, 0x16, 0x2, 0x8c, 0x1,
    0xd4, 0x22, 0x22, 0x60, 0x28, 0x4, 0x84, 0x3b,
    0xb4, 0x4, 0x80, 0x5c, 0x15, 0x5c, 0x86, 0x40,
    0x2a, 0xbf, 0x40, 0x50, 0x38, 0x70, 0x7, 0x19,
    0x30, 0x51, 0x20, 0x7, 0xac, 0x50,

    /* U+00C1 "Á" */
    0x0, 0xf2, 0xc1, 0x0, 0x7e, 0x1a, 0x32, 0x0,
    0xfd, 0x47, 0x40, 0x1f, 0x87, 0x34, 0x40, 0x3f,
    0xb, 0x88, 0x7, 0xf1, 0x7d, 0x0, 0x7f, 0x58,
    0x28, 0x80, 0x7e, 0x76, 0x6, 0x0, 0xf9, 0x46,
    0x8e, 0x80, 0x3e, 0xe1, 0x3a, 0x23, 0x0, 0xe1,
    0x46, 0x7, 0xa, 0x0, 0xe6, 0xb, 0x1, 0x46,
    0x0, 0xea, 0x11, 0x11, 0x30, 0x14, 0x2, 0x42,
    0x1d, 0xda, 0x2, 0x40, 0x2e, 0xa, 0xae, 0x43,
    0x20, 0x15, 0x5f, 0xa0, 0x28, 0x1c, 0x38, 0x3,
    0x8c, 0x98, 0x28, 0x90, 0x3, 0xd6, 0x28,

    /* U+00C2 "Â" */
    0x0, 0xc5, 0xa, 0x1, 0xfd, 0xcf, 0x46, 0x1,
    0xf4, 0x8e, 0xb6, 0x90, 0x7, 0xf, 0x61, 0x4d,
    0xb8, 0x7, 0xb, 0x88, 0x1, 0x54, 0x1, 0xf1,
    0x7d, 0x0, 0x7f, 0x58, 0x28, 0x80, 0x7e, 0x76,
    0x6, 0x0, 0xf9, 0x46, 0x8e, 0x80, 0x3e, 0xe1,
    0x3a, 0x23, 0x0, 0xe1, 0x46, 0x7, 0xa, 0x0,
    0xe6, 0xb, 0x1, 0x46, 0x0, 0xea, 0x11, 0x11,
    0x30, 0x14, 0x2, 0x42, 0x1d, 0xda, 0x2, 0x40,
    0x2e, 0xa, 0xae, 0x43, 0x20, 0x15, 0x5f, 0xa0,
    0x28, 0x1c, 0x38, 0x3, 0x8c, 0x98, 0x28, 0x90,
    0x3, 0xd6, 0x28,

    /* U+00C3 "Ã" */
    0x0, 0xff, 0xe1, 0xe7, 0xd9, 0x9b, 0x80, 0x39,
    0x9e, 0xc7, 0x31, 0x20, 0x1c, 0x94, 0x95, 0xda,
    0xe0, 0x1c, 0x42, 0x0, 0x12, 0x0, 0xfc, 0x5f,
    0x40, 0x1f, 0xd6, 0xa, 0x20, 0x1f, 0x9d, 0x81,
    0x80, 0x3e, 0x51, 0xa3, 0xa0, 0xf, 0xb8, 0x4e,
    0x88, 0xc0, 0x38, 0x51, 0x81, 0xc2, 0x80, 0x39,
    0x82, 0xc0, 0x51, 0x80, 0x3a, 0x84, 0x44, 0x4c,
    0x5, 0x0, 0x90, 0x87, 0x76, 0x80, 0x90, 0xb,
    0x82, 0xab, 0x90, 0xc8, 0x5, 0x57, 0xe8, 0xa,
    0x7, 0xe, 0x0, 0xe3, 0x26, 0xa, 0x24, 0x0,
    0xf5, 0x8a, 0x0,

    /* U+00C4 "Ä" */
    0x0, 0xa2, 0x40, 0xf0, 0x40, 0x3c, 0x44, 0x7,
    0x33, 0x0, 0x7a, 0xac, 0x13, 0xc8, 0x3, 0xff,
    0x8e, 0x5f, 0x40, 0x1f, 0xd6, 0xa, 0x20, 0x1f,
    0x9d, 0x81, 0x80, 0x3e, 0x51, 0xa3, 0xa0, 0xf,
    0xb8, 0x4e, 0x88, 0xc0, 0x38, 0x51, 0x81, 0xc2,
    0x80, 0x39, 0x82, 0xc0, 0x51, 0x80, 0x3a, 0x84,
    0x44, 0x4c, 0x5, 0x0, 0x90, 0x87, 0x76, 0x80,
    0x90, 0xb, 0x82, 0xab, 0x90, 0xc8, 0x5, 0x57,
    0xe8, 0xa, 0x7, 0xe, 0x0, 0xe3, 0x26, 0xa,
    0x24, 0x0, 0xf5, 0x8a, 0x0,

    /* U+00C5 "Å" */
    0x0, 0xd1, 0xd8, 0x40, 0x1f, 0x12, 0xf5, 0xc0,
    0x7, 0xfc, 0x60, 0x1f, 0x12, 0x7c, 0xd8, 0x7,
    0xf8, 0x4c, 0x3, 0xf3, 0xb0, 0x30, 0x7, 0xca,
    0x34, 0x94, 0x1, 0xf7, 0x9, 0xe9, 0x18, 0x7,
    0xa, 0x30, 0x38, 0x50, 0x7, 0x30, 0x58, 0xa,
    0x30, 0x7, 0x50, 0x88, 0x89, 0x80, 0xa0, 0x12,
    0x10, 0xee, 0xd0, 0x12, 0x1, 0x70, 0x55, 0x72,
    0x19, 0x0, 0xaa, 0xfd, 0x1, 0x40, 0xe1, 0xc0,
    0x1c, 0x64, 0xc1, 0x44, 0x80, 0x1e, 0xb1, 0x40,

    /* U+00C6 "Æ" */
    0x0, 0xf1, 0x7f, 0xfe, 0xc0, 0xf, 0x40, 0x40,
    0x14, 0x46, 0x90, 0xe, 0x15, 0x67, 0x16, 0x77,
    0xca, 0x1, 0xd0, 0x16, 0x1, 0xff, 0xc0, 0x16,
    0x42, 0x0, 0xff, 0xe0, 0x48, 0x78, 0x6, 0x22,
    0xc0, 0x1c, 0xc4, 0x80, 0x12, 0x6e, 0xe7, 0x0,
    0x98, 0x68, 0x8a, 0x3, 0xaa, 0xca, 0x1, 0x40,
    0x46, 0xec, 0x2e, 0xab, 0x88, 0x0, 0xc2, 0xd5,
    0x58, 0x3, 0xfa, 0xc6, 0x55, 0x70, 0x80, 0x7c,
    0xa5, 0x20, 0x1e, 0x67, 0x7c, 0xa1, 0x22, 0xe0,
    0x1e, 0x28, 0x8d, 0x20,

    /* U+00C7 "Ç" */
    0x0, 0x9f, 0x3f, 0xdd, 0x6a, 0x5, 0xb0, 0xf,
    0xe, 0xa4, 0x1e, 0x55, 0x90, 0xf3, 0xce, 0xa4,
    0xea, 0x1, 0xef, 0x9, 0x0, 0xf9, 0xc4, 0x40,
    0x1f, 0x19, 0x80, 0x3f, 0x19, 0x80, 0x3f, 0x30,
    0x88, 0x3, 0xed, 0x6, 0x0, 0xf9, 0x86, 0x10,
    0x3, 0xed, 0x1b, 0xb4, 0x3c, 0x5a, 0x1, 0xfb,
    0x31, 0xe1, 0x81, 0x80, 0x3, 0x3a, 0x39, 0xd6,
    0x40, 0x18, 0x5b, 0x10, 0x3, 0xc3, 0x24, 0x60,
    0x1e, 0xfe, 0x66, 0x0, 0x0,

    /* U+00C8 "È" */
    0x0, 0x34, 0x8, 0x7, 0x13, 0xc0, 0x7, 0x25,
    0x31, 0x80, 0x72, 0xdb, 0x0, 0x79, 0x14, 0x0,
    0x9f, 0xfe, 0xe0, 0x2, 0xc4, 0x70, 0x3, 0xdd,
    0xf3, 0x0, 0x7f, 0xf1, 0x88, 0xb8, 0x40, 0x11,
    0xbb, 0xa0, 0x0, 0xf5, 0x5c, 0x0, 0xd5, 0x5c,
    0x60, 0x1f, 0xfc, 0x6f, 0x77, 0xcc, 0x0, 0x58,
    0x8e,

    /* U+00C9 "É" */
    0x0, 0xe7, 0x70, 0x7, 0x24, 0x78, 0x7, 0x52,
    0xc0, 0x6, 0x38, 0xa0, 0xe, 0x36, 0x0, 0x93,
    0xff, 0xdc, 0x0, 0x58, 0x8e, 0x0, 0x7b, 0xbe,
    0x60, 0xf, 0xfe, 0x31, 0x17, 0x8, 0x2, 0x37,
    0x74, 0x0, 0x1e, 0xab, 0x80, 0x1a, 0xab, 0x8c,
    0x3, 0xff, 0x8d, 0xee, 0xf9, 0x80, 0xb, 0x11,
    0xc0,

    /* U+00CA "Ê" */
    0x0, 0x92, 0xc, 0x3, 0xd, 0x3e, 0x88, 0x5,
    0xab, 0xc5, 0xa0, 0x3, 0xab, 0x1c, 0xb3, 0x3,
    0x60, 0x9, 0xcd, 0x3f, 0xfd, 0xc0, 0x5, 0x88,
    0xe0, 0x7, 0xbb, 0xe6, 0x0, 0xff, 0xe3, 0x11,
    0x70, 0x80, 0x23, 0x77, 0x40, 0x1, 0xea, 0xb8,
    0x1, 0xaa, 0xb8, 0xc0, 0x3f, 0xf8, 0xde, 0xef,
    0x98, 0x0, 0xb1, 0x1c,

    /* U+00CB "Ë" */
    0x0, 0x53, 0x3, 0x50, 0x4, 0xe2, 0x2, 0xe0,
    0x16, 0xb8, 0x3e, 0x80, 0x7f, 0x27, 0xff, 0xb8,
    0x0, 0xb1, 0x1c, 0x0, 0xf7, 0x7c, 0xc0, 0x1f,
    0xfc, 0x62, 0x2e, 0x10, 0x4, 0x6e, 0xe8, 0x0,
    0x3d, 0x57, 0x0, 0x35, 0x57, 0x18, 0x7, 0xff,
    0x1b, 0xdd, 0xf3, 0x0, 0x16, 0x23, 0x80,

    /* U+00CC "Ì" */
    0x18, 0x50, 0x8, 0x4a, 0x88, 0x2, 0xa4, 0xe0,
    0xd, 0x76, 0x20, 0xc, 0xe4, 0x9, 0xff, 0x95,
    0x34, 0x87, 0x54, 0x8, 0x4c, 0x80, 0x3f, 0xfc,
    0xc4, 0x26, 0x40, 0x9a, 0x43, 0xaa,

    /* U+00CD "Í" */
    0x0, 0x8a, 0x14, 0x2, 0x97, 0x70, 0x1, 0x52,
    0xc8, 0x0, 0x78, 0x80, 0x13, 0x18, 0x1, 0x3f,
    0xf2, 0xa6, 0x90, 0xea, 0x81, 0x9, 0x90, 0x7,
    0xff, 0x98, 0x84, 0xc8, 0x13, 0x48, 0x75, 0x40,

    /* U+00CE "Î" */
    0x0, 0x3b, 0x80, 0x33, 0xc4, 0x40, 0x4, 0x8a,
    0xb7, 0x60, 0x3c, 0x54, 0xd1, 0x7, 0x30, 0x1,
    0x38, 0x27, 0xfe, 0x50, 0x4d, 0x21, 0xd5, 0x0,
    0x10, 0x99, 0x0, 0x7f, 0xfb, 0xc8, 0x4c, 0x80,
    0x9, 0xa4, 0x3a, 0xa0,

    /* U+00CF "Ï" */
    0x3c, 0x10, 0xb5, 0x72, 0x0, 0x29, 0xa7, 0x8,
    0x73, 0x0, 0x79, 0x3f, 0xf2, 0xa6, 0x90, 0xea,
    0x81, 0x9, 0x90, 0x7, 0xff, 0x98, 0x84, 0xc8,
    0x13, 0x48, 0x75, 0x40,

    /* U+00D0 "Ð" */
    0x2, 0xff, 0xec, 0x81, 0x0, 0xf2, 0x4c, 0xa1,
    0xdd, 0xe6, 0x1, 0xd8, 0xcc, 0x7b, 0xc0, 0xd1,
    0x0, 0xfe, 0x3b, 0x19, 0x0, 0xff, 0x28, 0xa8,
    0x0, 0x43, 0xc4, 0x60, 0x9, 0x48, 0x1f, 0x1,
    0xfb, 0x94, 0x1, 0x8, 0x1, 0x64, 0x16, 0xed,
    0x0, 0x10, 0x80, 0x9, 0x3, 0x51, 0x6, 0x1,
    0x29, 0x80, 0x7f, 0x98, 0x6c, 0x3, 0xf9, 0x24,
    0x5c, 0x3, 0x63, 0x32, 0x32, 0xcb, 0x0, 0x39,
    0x26, 0x4c, 0x11, 0xa4, 0x0,

    /* U+00D1 "Ñ" */
    0x0, 0xff, 0xe1, 0x5f, 0xe2, 0x17, 0x8, 0x4,
    0x8d, 0x6b, 0x7a, 0xe2, 0x1, 0x2e, 0x24, 0xf6,
    0xc8, 0x6, 0x11, 0x0, 0x4, 0x80, 0x24, 0xfe,
    0x0, 0xf4, 0xf8, 0x0, 0x64, 0x3, 0xf8, 0xd8,
    0xc0, 0x3f, 0x40, 0xf0, 0x7, 0xe7, 0xb2, 0x70,
    0xf, 0xca, 0x90, 0x40, 0x1f, 0xa4, 0x24, 0x3,
    0xf1, 0x42, 0x28, 0x7, 0xe7, 0x3b, 0x11, 0x0,
    0x7d, 0xe3, 0x60, 0x1f, 0x8d, 0xd4, 0xc0, 0x3f,
    0x41, 0x20, 0x7, 0xf4, 0x80, 0x0,

    /* U+00D2 "Ò" */
    0x0, 0x86, 0x14, 0x3, 0xf8, 0x4e, 0x88, 0x3,
    0xfa, 0xcf, 0x80, 0x3f, 0xd9, 0x64, 0x1, 0xfe,
    0x72, 0x0, 0xf0, 0xc6, 0xff, 0xb6, 0x44, 0x2,
    0x3f, 0x76, 0x88, 0x3b, 0x79, 0x80, 0x34, 0x32,
    0xdd, 0xd5, 0xa1, 0xa0, 0xc3, 0x6, 0x1, 0x8a,
    0xc5, 0xf4, 0x18, 0x3, 0xca, 0x18, 0xc4, 0x1,
    0xf8, 0xd4, 0xc0, 0x3f, 0xc2, 0x66, 0x0, 0xfc,
    0x22, 0x61, 0x10, 0x7, 0xc4, 0xba, 0xe, 0x1,
    0xe5, 0xc, 0x61, 0x83, 0x0, 0xc5, 0x62, 0xe1,
    0xa1, 0x94, 0xee, 0xad, 0xd, 0x0, 0x1f, 0xbb,
    0xa2, 0xe, 0xde, 0x60,

    /* U+00D3 "Ó" */
    0x0, 0xf1, 0x42, 0x80, 0x7f, 0x73, 0x38, 0x7,
    0xe6, 0x3d, 0x20, 0xf, 0xec, 0x30, 0xf, 0xe6,
    0x30, 0xf, 0x86, 0x37, 0xfd, 0xb2, 0x20, 0x11,
    0xfb, 0xb4, 0x41, 0xdb, 0xcc, 0x1, 0xa1, 0x96,
    0xee, 0xad, 0xd, 0x6, 0x18, 0x30, 0xc, 0x56,
    0x2f, 0xa0, 0xc0, 0x1e, 0x50, 0xc6, 0x20, 0xf,
    0xc6, 0xa6, 0x1, 0xfe, 0x13, 0x30, 0x7, 0xe1,
    0x13, 0x8, 0x80, 0x3e, 0x25, 0xd0, 0x70, 0xf,
    0x28, 0x63, 0xc, 0x18, 0x6, 0x2b, 0x17, 0xd,
    0xc, 0xa7, 0x75, 0x68, 0x68, 0x0, 0xfd, 0xdd,
    0x10, 0x76, 0xf3, 0x0,

    /* U+00D4 "Ô" */
    0x0, 0xe7, 0x70, 0x7, 0xf3, 0xc4, 0x40, 0x1f,
    0x24, 0x55, 0xba, 0x80, 0x78, 0xf1, 0x53, 0x8,
    0x3, 0xce, 0x60, 0x3, 0x70, 0xe, 0x18, 0xdf,
    0xf6, 0xc8, 0x80, 0x47, 0xee, 0xd1, 0x7, 0x6f,
    0x30, 0x6, 0x86, 0x5b, 0xba, 0xb4, 0x34, 0x18,
    0x60, 0xc0, 0x31, 0x58, 0xbe, 0x83, 0x0, 0x79,
    0x43, 0x18, 0x80, 0x3f, 0x1a, 0x98, 0x7, 0xf8,
    0x4c, 0xc0, 0x1f, 0x84, 0x4c, 0x22, 0x0, 0xf8,
    0x97, 0x41, 0xc0, 0x3c, 0xa1, 0x8c, 0x30, 0x60,
    0x18, 0xac, 0x5c, 0x34, 0x32, 0x9d, 0xd5, 0xa1,
    0xa0, 0x3, 0xf7, 0x74, 0x41, 0xdb, 0xcc, 0x0,

    /* U+00D5 "Õ" */
    0x0, 0xff, 0xe1, 0xc7, 0xeb, 0xe, 0x18, 0x6,
    0x16, 0xb5, 0x9e, 0x3, 0x0, 0xc3, 0x89, 0x1f,
    0x98, 0x0, 0xf1, 0x0, 0x46, 0x1, 0xe1, 0x8d,
    0xff, 0x6c, 0x88, 0x4, 0x7e, 0xed, 0x10, 0x76,
    0xf3, 0x0, 0x68, 0x65, 0xbb, 0xab, 0x43, 0x41,
    0x86, 0xc, 0x3, 0x15, 0x8b, 0xe8, 0x30, 0x7,
    0x94, 0x31, 0x88, 0x3, 0xf1, 0xa9, 0x80, 0x7f,
    0x84, 0xcc, 0x1, 0xf8, 0x44, 0xc2, 0x20, 0xf,
    0x89, 0x74, 0x1c, 0x3, 0xca, 0x18, 0xc3, 0x6,
    0x1, 0x8a, 0xc5, 0xc3, 0x43, 0x29, 0xdd, 0x5a,
    0x1a, 0x0, 0x3f, 0x77, 0x44, 0x1d, 0xbc, 0xc0,

    /* U+00D6 "Ö" */
    0x0, 0x92, 0xc4, 0x2d, 0x40, 0x3c, 0x2a, 0x0,
    0x53, 0x0, 0xf2, 0xf0, 0x87, 0x30, 0x7, 0xff,
    0x14, 0x63, 0x7f, 0xdb, 0x22, 0x1, 0x1f, 0xbb,
    0x44, 0x1d, 0xbc, 0xc0, 0x1a, 0x19, 0x6e, 0xea,
    0xd0, 0xd0, 0x61, 0x83, 0x0, 0xc5, 0x62, 0xfa,
    0xc, 0x1, 0xe5, 0xc, 0x62, 0x0, 0xfc, 0x6a,
    0x60, 0x1f, 0xe1, 0x33, 0x0, 0x7e, 0x11, 0x30,
    0x88, 0x3, 0xe2, 0x5d, 0x7, 0x0, 0xf2, 0x86,
    0x30, 0xc1, 0x80, 0x62, 0xb1, 0x70, 0xd0, 0xca,
    0x77, 0x56, 0x86, 0x80, 0xf, 0xdd, 0xd1, 0x7,
    0x6f, 0x30,

    /* U+00D7 "×" */
    0x12, 0x0, 0xe3, 0x8, 0xc2, 0x0, 0xb3, 0x82,
    0x4b, 0x8, 0x2c, 0xbc, 0x1, 0x85, 0x96, 0xb8,
    0x40, 0x16, 0x8a, 0x51, 0x0, 0x6a, 0x12, 0xa1,
    0x0, 0xad, 0x77, 0xb, 0x4, 0x25, 0x34, 0xc7,
    0x47, 0x2, 0x30, 0xc0, 0x3, 0xb2, 0x0,

    /* U+00D8 "Ø" */
    0x0, 0xff, 0x10, 0x4, 0x31, 0xbf, 0xed, 0x89,
    0xc0, 0x1, 0xfb, 0xb4, 0x41, 0xdc, 0xd2, 0x0,
    0xd0, 0xcb, 0x77, 0x50, 0x84, 0x83, 0xc, 0x18,
    0x5, 0x47, 0x22, 0xda, 0xc, 0x1, 0x32, 0xf3,
    0x6, 0xb1, 0x0, 0x45, 0x30, 0x60, 0x4a, 0x60,
    0x1b, 0x91, 0xc0, 0x2, 0x23, 0x30, 0x2, 0x4a,
    0x80, 0x21, 0x13, 0x8, 0x91, 0xac, 0x40, 0x22,
    0x5d, 0x9, 0xa6, 0x50, 0x9, 0x43, 0x18, 0x9c,
    0xe4, 0x2, 0x2b, 0x17, 0x5, 0x2, 0xa7, 0x75,
    0x68, 0x68, 0xb, 0xbe, 0x88, 0x3b, 0x79, 0x80,
    0xec, 0x43, 0x7f, 0xdb, 0x22, 0x0,

    /* U+00D9 "Ù" */
    0x0, 0x96, 0x8, 0x3, 0xf3, 0x3c, 0x80, 0x7e,
    0x3b, 0x45, 0x0, 0xfc, 0x98, 0x60, 0x1f, 0xc6,
    0xc0, 0x19, 0xbc, 0xc0, 0x38, 0x7e, 0x0, 0x3f,
    0xff, 0xe0, 0x3, 0x7, 0x0, 0xfc, 0xc0, 0x40,
    0x1c, 0xa1, 0xc6, 0x36, 0x20, 0x1a, 0x1, 0xc2,
    0x8b, 0xe5, 0xe3, 0x4e, 0x44, 0x13, 0x15, 0xe1,
    0x99, 0x6c, 0x0,

    /* U+00DA "Ú" */
    0x0, 0xf3, 0x40, 0x80, 0x7c, 0x72, 0x42, 0x1,
    0xf7, 0x25, 0x0, 0x7c, 0x55, 0x60, 0x1f, 0x89,
    0xc0, 0x39, 0xbc, 0xc0, 0x38, 0x7e, 0x0, 0x3f,
    0xff, 0xe0, 0x3, 0x7, 0x0, 0xfc, 0xc0, 0x40,
    0x1c, 0xa1, 0xc6, 0x36, 0x20, 0x1a, 0x1, 0xc2,
    0x8b, 0xe5, 0xe3, 0x4e, 0x44, 0x13, 0x15, 0xe1,
    0x99, 0x6c, 0x0,

    /* U+00DB "Û" */
    0x0, 0xc7, 0x8, 0x1, 0xf0, 0xf3, 0xd1, 0x0,
    0x7a, 0x87, 0x97, 0xc4, 0x3, 0x1e, 0x60, 0x6e,
    0xca, 0x1, 0x8d, 0xc0, 0x26, 0x40, 0x3, 0x79,
    0x80, 0x70, 0xfc, 0x0, 0x7f, 0xff, 0xc0, 0x6,
    0xe, 0x1, 0xf9, 0x80, 0x80, 0x39, 0x43, 0x8c,
    0x6c, 0x40, 0x34, 0x3, 0x85, 0x17, 0xcb, 0xc6,
    0x9c, 0x88, 0x26, 0x2b, 0xc3, 0x32, 0xd8, 0x0,

    /* U+00DC "Ü" */
    0x0, 0xa5, 0xc1, 0x2c, 0x3, 0xcb, 0xc0, 0x4a,
    0x1, 0xec, 0x90, 0x6e, 0x0, 0xff, 0xe1, 0x37,
    0x98, 0x7, 0xf, 0xc0, 0x7, 0xff, 0xfc, 0x0,
    0x60, 0xe0, 0x1f, 0x98, 0x8, 0x3, 0x94, 0x38,
    0xc6, 0xc4, 0x3, 0x40, 0x38, 0x51, 0x7c, 0xbc,
    0x69, 0xc8, 0x82, 0x62, 0xbc, 0x33, 0x2d, 0x80,

    /* U+00DD "Ý" */
    0x0, 0xe2, 0x85, 0x0, 0xfd, 0x2e, 0xe0, 0xf,
    0x95, 0x2c, 0x80, 0x3e, 0x3c, 0x40, 0xf, 0xcc,
    0x60, 0x1d, 0x7e, 0x20, 0x1d, 0xbc, 0x10, 0x12,
    0x1, 0x94, 0xa0, 0xd, 0x5c, 0x40, 0x28, 0x26,
    0x0, 0x40, 0x40, 0x1, 0x8a, 0x40, 0x22, 0x66,
    0x8, 0x41, 0xa0, 0x6, 0x80, 0x86, 0x1f, 0x0,
    0xe1, 0x76, 0x84, 0x30, 0xf, 0x48, 0x8a, 0x40,
    0x3e, 0x15, 0x12, 0x0, 0xff, 0xf2, 0x0,

    /* U+00DE "Þ" */
    0x4f, 0x50, 0xf, 0xc6, 0x22, 0x0, 0xf4, 0xf7,
    0x3f, 0x10, 0x2, 0x7b, 0xa8, 0x2b, 0x40, 0x6,
    0xa2, 0xbf, 0x84, 0x0, 0x78, 0x4c, 0xc0, 0x1f,
    0x38, 0x80, 0x78, 0x51, 0x40, 0x6, 0x24, 0xba,
    0x1e, 0x0, 0x9e, 0xda, 0x1b, 0x40, 0x3, 0xdd,
    0xb7, 0x48, 0x1, 0x6a, 0x20, 0x80, 0x3f, 0xf8,
    0x0,

    /* U+00DF "ß" */
    0x2, 0xae, 0xfe, 0xb3, 0x0, 0xe, 0x24, 0xd4,
    0xae, 0x10, 0x38, 0xd3, 0xab, 0xd0, 0x38, 0x8,
    0x28, 0x4, 0x40, 0xc0, 0x1e, 0x69, 0x73, 0x0,
    0xe5, 0x98, 0x80, 0x7, 0xbc, 0x5c, 0x3, 0xef,
    0x1b, 0x10, 0xf, 0x2c, 0xa7, 0x98, 0x7, 0x9b,
    0x4f, 0x8, 0x3, 0xc5, 0xe0, 0xa0, 0x1f, 0x10,
    0x78, 0x4, 0xd4, 0xcb, 0x61, 0x60, 0x12, 0xb4,
    0xd3, 0x51, 0x80,

    /* U+00E0 "à" */
    0x0, 0xf, 0x68, 0x7, 0x87, 0x4a, 0x0, 0x3c,
    0x78, 0xa4, 0x1, 0xe3, 0xd2, 0x0, 0xcd, 0x9f,
    0xed, 0x60, 0xa, 0x96, 0xa8, 0xd2, 0x80, 0xc,
    0x95, 0x55, 0x86, 0x80, 0x7c, 0x26, 0x0, 0x7c,
    0xef, 0xf0, 0x80, 0x2a, 0x13, 0x76, 0x10, 0x15,
    0x68, 0x32, 0x20, 0x81, 0x80, 0x80, 0x46, 0x0,
    0x22, 0x32, 0x13, 0x70, 0x80, 0x3d, 0x6f, 0x6b,
    0x90, 0x0,

    /* U+00E1 "á" */
    0x0, 0xe7, 0xf7, 0x0, 0xe2, 0x86, 0x70, 0xe,
    0x86, 0x90, 0xf, 0x54, 0x80, 0x73, 0x67, 0xfb,
    0x58, 0x2, 0xa5, 0xaa, 0x34, 0xa0, 0x3, 0x25,
    0x55, 0x61, 0xa0, 0x1f, 0x9, 0x80, 0x1f, 0x3b,
    0xfc, 0x20, 0xa, 0x84, 0xdd, 0x84, 0x5, 0x5a,
    0xc, 0x88, 0x20, 0x60, 0x20, 0x11, 0x80, 0x8,
    0x8c, 0x84, 0xdc, 0x20, 0xf, 0x5b, 0xda, 0xe4,
    0x0,

    /* U+00E2 "â" */
    0x0, 0x8b, 0xfc, 0x60, 0x18, 0x7d, 0x11, 0xa2,
    0x1, 0x5a, 0x5d, 0x9a, 0x80, 0x2a, 0x90, 0x4,
    0x58, 0x4, 0xd9, 0xfe, 0xd6, 0x0, 0xa9, 0x6a,
    0x8d, 0x28, 0x0, 0xc9, 0x55, 0x58, 0x68, 0x7,
    0xc2, 0x60, 0x7, 0xce, 0xff, 0x8, 0x2, 0xa1,
    0x37, 0x61, 0x1, 0x56, 0x83, 0x22, 0x8, 0x18,
    0x8, 0x4, 0x60, 0x2, 0x23, 0x21, 0x37, 0x8,
    0x3, 0xd6, 0xf6, 0xb9, 0x0,

    /* U+00E3 "ã" */
    0x0, 0x3f, 0xeb, 0xe, 0x20, 0xc, 0xd2, 0xcf,
    0x2, 0x0, 0xe2, 0xc7, 0xe6, 0x0, 0x24, 0xcf,
    0xf7, 0x30, 0x5, 0x4b, 0x54, 0x69, 0x40, 0x6,
    0x4a, 0xaa, 0xc3, 0x40, 0x3e, 0x13, 0x0, 0x3e,
    0x77, 0xf8, 0x40, 0x15, 0x9, 0xbb, 0x8, 0xa,
    0xb4, 0x19, 0x10, 0x40, 0xc0, 0x40, 0x23, 0x0,
    0x11, 0x19, 0x9, 0xb8, 0x40, 0x1e, 0xb7, 0xb5,
    0xc8, 0x0,

    /* U+00E4 "ä" */
    0x0, 0x2f, 0x10, 0x73, 0x80, 0x4c, 0xa6, 0xa,
    0x40, 0x11, 0xd8, 0x85, 0xa8, 0x4, 0xd9, 0xfe,
    0xd6, 0x0, 0xa9, 0x6a, 0x8d, 0x28, 0x0, 0xc9,
    0x55, 0x58, 0x68, 0x7, 0xc2, 0x60, 0x7, 0xce,
    0xff, 0x8, 0x2, 0xa1, 0x37, 0x61, 0x1, 0x56,
    0x83, 0x22, 0x8, 0x18, 0x8, 0x4, 0x60, 0x2,
    0x23, 0x21, 0x37, 0x8, 0x3, 0xd6, 0xf6, 0xb9,
    0x0,

    /* U+00E5 "å" */
    0x0, 0x93, 0x79, 0x40, 0x3a, 0x7b, 0x28, 0x3,
    0xff, 0x85, 0x3d, 0x94, 0x1, 0xc9, 0xbc, 0xa0,
    0x19, 0xb3, 0xfd, 0xac, 0x1, 0x52, 0xd5, 0x1a,
    0x50, 0x1, 0x92, 0xaa, 0xb0, 0xd0, 0xf, 0x84,
    0xc0, 0xf, 0x9d, 0xfe, 0x10, 0x5, 0x42, 0x6e,
    0xc2, 0x2, 0xad, 0x6, 0x44, 0x10, 0x30, 0x10,
    0x8, 0xc0, 0x4, 0x46, 0x42, 0x6e, 0x10, 0x7,
    0xad, 0xed, 0x72, 0x0,

    /* U+00E6 "æ" */
    0x1, 0x8d, 0xff, 0x59, 0x12, 0xff, 0xd4, 0x20,
    0x12, 0xaa, 0xa5, 0x7f, 0x2, 0xa5, 0x30, 0x0,
    0x3b, 0xa, 0xd4, 0x47, 0x6a, 0xd6, 0x4a, 0x1,
    0xe7, 0x4, 0x0, 0x90, 0x30, 0x1, 0x1b, 0xfe,
    0xc0, 0x6f, 0xfb, 0x80, 0xc2, 0xdd, 0x6f, 0x24,
    0x1b, 0x33, 0xa0, 0x51, 0xa1, 0xd, 0x40, 0x6,
    0x7c, 0x46, 0x2, 0x1, 0x50, 0x30, 0x80, 0x71,
    0x11, 0xdc, 0xd4, 0xd6, 0x3e, 0xec, 0xf8, 0x61,
    0xe9, 0x12, 0x3a, 0x98, 0x93, 0x33, 0x10,

    /* U+00E7 "ç" */
    0x0, 0xc, 0xf7, 0xf5, 0x0, 0x7, 0xd9, 0x92,
    0xc4, 0x0, 0x81, 0xc8, 0x68, 0x80, 0x1, 0xc,
    0xc0, 0x1e, 0x26, 0x0, 0xff, 0xe2, 0xb, 0x0,
    0x7c, 0xe6, 0x60, 0xf, 0x40, 0xe4, 0x34, 0x50,
    0x0, 0x7d, 0x5a, 0x58, 0xc0, 0x21, 0xa4, 0x7e,
    0x90, 0xe, 0xc5, 0x90, 0xf, 0x32, 0xa0, 0x7,
    0x57, 0xac, 0x80, 0x0,

    /* U+00E8 "è" */
    0x0, 0xf, 0x70, 0x3, 0xe1, 0xd1, 0x90, 0xf,
    0x8f, 0x10, 0xc0, 0x3e, 0x3d, 0x30, 0xe, 0x19,
    0xef, 0xd5, 0x0, 0x87, 0x1e, 0x29, 0xe9, 0x80,
    0x12, 0x58, 0xcb, 0x49, 0x0, 0x5, 0x32, 0x0,
    0xb0, 0x48, 0x8, 0xff, 0xf4, 0x0, 0x80, 0x13,
    0x33, 0xc6, 0x4, 0xc6, 0x7e, 0x0, 0x29, 0x20,
    0x7, 0xd2, 0x57, 0x2c, 0xc9, 0xb0, 0x0, 0xe3,
    0xba, 0x64, 0xba, 0x0,

    /* U+00E9 "é" */
    0x0, 0xe6, 0xf8, 0x0, 0xf0, 0xc2, 0xc0, 0x7,
    0xa1, 0x28, 0x3, 0xe9, 0xa0, 0xf, 0xc, 0xf7,
    0xea, 0x80, 0x43, 0x8f, 0x14, 0xf4, 0xc0, 0x9,
    0x2c, 0x65, 0xa4, 0x80, 0x2, 0x99, 0x0, 0x58,
    0x24, 0x4, 0x7f, 0xfa, 0x0, 0x40, 0x9, 0x99,
    0xe3, 0x2, 0x63, 0x3f, 0x0, 0x14, 0x90, 0x3,
    0xe9, 0x2b, 0x96, 0x64, 0xd8, 0x0, 0x71, 0xdd,
    0x32, 0x5d, 0x0,

    /* U+00EA "ê" */
    0x0, 0x87, 0xbd, 0x0, 0x3d, 0xa4, 0xb4, 0x40,
    0x1a, 0x5b, 0x29, 0xb8, 0x3, 0x4d, 0x0, 0x23,
    0x0, 0x30, 0xcf, 0x7e, 0xa8, 0x4, 0x38, 0xf1,
    0x4f, 0x4c, 0x0, 0x92, 0xc6, 0x5a, 0x48, 0x0,
    0x29, 0x90, 0x5, 0x82, 0x40, 0x47, 0xff, 0xa0,
    0x4, 0x0, 0x99, 0x9e, 0x30, 0x26, 0x33, 0xf0,
    0x1, 0x49, 0x0, 0x3e, 0x92, 0xb9, 0x66, 0x4d,
    0x80, 0x7, 0x1d, 0xd3, 0x25, 0xd0,

    /* U+00EB "ë" */
    0x0, 0x27, 0x98, 0x6c, 0x0, 0x66, 0x32, 0x7,
    0xe0, 0xc, 0x58, 0x21, 0x4c, 0x1, 0x86, 0x7b,
    0xf5, 0x40, 0x21, 0xc7, 0x8a, 0x7a, 0x60, 0x4,
    0x96, 0x32, 0xd2, 0x40, 0x1, 0x4c, 0x80, 0x2c,
    0x12, 0x2, 0x3f, 0xfd, 0x0, 0x20, 0x4, 0xcc,
    0xf1, 0x81, 0x31, 0x9f, 0x80, 0xa, 0x48, 0x1,
    0xf4, 0x95, 0xcb, 0x32, 0x6c, 0x0, 0x38, 0xee,
    0x99, 0x2e, 0x80,

    /* U+00EC "ì" */
    0xc, 0xf2, 0x0, 0x69, 0xf0, 0x0, 0x71, 0x94,
    0x2, 0xa5, 0x0, 0x3f, 0x88, 0x7, 0xff, 0x84,

    /* U+00ED "í" */
    0x3, 0xfb, 0xe, 0x3b, 0x57, 0xc0, 0x5a, 0x0,
    0x3f, 0x88, 0x7, 0xff, 0x64,

    /* U+00EE "î" */
    0x0, 0x6f, 0xb8, 0x5, 0x61, 0x10, 0x50, 0x61,
    0xc7, 0xbe, 0x26, 0xa1, 0x4, 0xb2, 0x0, 0x3f,
    0x88, 0x7, 0xff, 0xd4,

    /* U+00EF "ï" */
    0x1e, 0x50, 0xab, 0x5, 0x10, 0x23, 0x1b, 0x40,
    0x88, 0x0, 0x1f, 0xc4, 0x3, 0xff, 0xd6,

    /* U+00F0 "ð" */
    0x0, 0x84, 0x40, 0x10, 0x80, 0x69, 0xe8, 0x4d,
    0xb0, 0xd, 0xc, 0xf6, 0x94, 0x1, 0xa1, 0x90,
    0x54, 0x3, 0x86, 0xed, 0xa7, 0x0, 0x1a, 0x50,
    0xd, 0xdc, 0x20, 0x3, 0xbf, 0xf7, 0x0, 0x1c,
    0xb, 0x1a, 0xae, 0x18, 0x34, 0x20, 0x31, 0x51,
    0xb0, 0x18, 0x15, 0x4, 0x2, 0x23, 0x30, 0x0,
    0x80, 0x39, 0xc0, 0x2, 0x40, 0x1c, 0xca, 0xe,
    0x84, 0x1, 0x19, 0x68, 0x40, 0xe3, 0xab, 0xe9,
    0x30, 0xf, 0xbc, 0xd4, 0xbe, 0x0,

    /* U+00F1 "ñ" */
    0x1, 0xdf, 0x92, 0x5c, 0x0, 0x43, 0xd2, 0xed,
    0x48, 0x2, 0xe9, 0x73, 0x79, 0x41, 0xf0, 0x6b,
    0xb7, 0x14, 0x0, 0x38, 0x11, 0x21, 0x46, 0x0,
    0x7a, 0x66, 0x78, 0x50, 0x3, 0x80, 0x22, 0x13,
    0x0, 0x30, 0x7, 0xe3, 0x0, 0xff, 0xef, 0x0,

    /* U+00F2 "ò" */
    0x0, 0xab, 0xd0, 0x3, 0xea, 0x39, 0x0, 0xfd,
    0x8c, 0xe0, 0x1f, 0xad, 0xc0, 0x38, 0x67, 0xbf,
    0xa0, 0x2, 0x1f, 0x76, 0x96, 0x7c, 0x0, 0x40,
    0xec, 0x34, 0x51, 0xb8, 0x21, 0x98, 0x2, 0x51,
    0xb0, 0x26, 0x0, 0xe5, 0x20, 0xf, 0xf8, 0x98,
    0x3, 0x94, 0x81, 0x4c, 0xc0, 0x12, 0x8d, 0x4,
    0x16, 0xba, 0xc5, 0x1b, 0x0, 0x31, 0xe6, 0x99,
    0xf0, 0x0,

    /* U+00F3 "ó" */
    0x0, 0xe1, 0xfd, 0x0, 0xfa, 0xc7, 0xc0, 0x3c,
    0x8f, 0x84, 0x1, 0xe4, 0xd2, 0x0, 0xe1, 0x9e,
    0xfe, 0x80, 0x8, 0x7d, 0xda, 0x59, 0xf0, 0x1,
    0x3, 0xb0, 0xd1, 0x46, 0xe0, 0x86, 0x60, 0x9,
    0x46, 0xc0, 0x98, 0x3, 0x94, 0x80, 0x3f, 0xe2,
    0x60, 0xe, 0x52, 0x5, 0x33, 0x0, 0x4a, 0x34,
    0x10, 0x5a, 0xeb, 0x14, 0x6c, 0x0, 0xc7, 0x9a,
    0x67, 0xc0,

    /* U+00F4 "ô" */
    0x0, 0xd7, 0xf2, 0x1, 0xe8, 0x47, 0x66, 0x0,
    0x65, 0x56, 0xc5, 0xd8, 0xc0, 0x25, 0xd2, 0x4,
    0xd3, 0x0, 0x86, 0x7b, 0xfa, 0x0, 0x21, 0xf7,
    0x69, 0x67, 0xc0, 0x4, 0xe, 0xc3, 0x45, 0x1b,
    0x82, 0x19, 0x80, 0x25, 0x1b, 0x2, 0x60, 0xe,
    0x52, 0x0, 0xff, 0x89, 0x80, 0x39, 0x48, 0x14,
    0xcc, 0x1, 0x28, 0xd0, 0x41, 0x6b, 0xac, 0x51,
    0xb0, 0x3, 0x1e, 0x69, 0x9f, 0x0,

    /* U+00F5 "õ" */
    0x0, 0xff, 0xe0, 0x37, 0x7f, 0xe8, 0x0, 0x96,
    0xae, 0xd9, 0xb0, 0x1, 0x1a, 0x24, 0x64, 0x1,
    0x86, 0x7b, 0xfa, 0x0, 0x21, 0xf7, 0x69, 0x67,
    0xc0, 0x4, 0xe, 0xc3, 0x45, 0x1b, 0x82, 0x19,
    0x80, 0x25, 0x1b, 0x2, 0x60, 0xe, 0x52, 0x0,
    0xff, 0x89, 0x80, 0x39, 0x48, 0x14, 0xcc, 0x1,
    0x28, 0xd0, 0x41, 0x6b, 0xac, 0x51, 0xb0, 0x3,
    0x1e, 0x69, 0x9f, 0x0,

    /* U+00F6 "ö" */
    0x0, 0xb9, 0xc2, 0x34, 0x3, 0x94, 0x83, 0x9c,
    0x3, 0xad, 0x41, 0xa8, 0x3, 0xc, 0xf7, 0xf4,
    0x0, 0x43, 0xee, 0xd2, 0xcf, 0x80, 0x8, 0x1d,
    0x86, 0x8a, 0x37, 0x4, 0x33, 0x0, 0x4a, 0x36,
    0x4, 0xc0, 0x1c, 0xa4, 0x1, 0xff, 0x13, 0x0,
    0x72, 0x90, 0x29, 0x98, 0x2, 0x51, 0xa0, 0x82,
    0xd7, 0x58, 0xa3, 0x60, 0x6, 0x3c, 0xd3, 0x3e,
    0x0,

    /* U+00F7 "÷" */
    0x0, 0xc2, 0x20, 0xf, 0xdb, 0xc2, 0x1, 0xf3,
    0x8, 0x80, 0x3e, 0xae, 0x0, 0xc3, 0xff, 0xf9,
    0x87, 0x33, 0xf3, 0x81, 0x9c, 0x44, 0x33, 0x84,
    0x3, 0x6f, 0x8, 0x7, 0xcc, 0x22, 0x0, 0x80,

    /* U+00F8 "ø" */
    0x0, 0xfc, 0x40, 0x10, 0xcf, 0x7e, 0xc6, 0xa8,
    0xf, 0xbb, 0x4a, 0x38, 0xa8, 0x40, 0xec, 0x37,
    0x0, 0xb0, 0x21, 0x98, 0xe, 0x28, 0x74, 0x9,
    0x80, 0x1c, 0xca, 0xb0, 0x6, 0xa0, 0x90, 0xc,
    0x4c, 0xc5, 0xe0, 0x2, 0x90, 0x29, 0xcc, 0x18,
    0x28, 0xd8, 0x48, 0x3, 0xd6, 0x28, 0xdc, 0x1c,
    0x59, 0x94, 0xcf, 0x80, 0x6, 0xc9, 0xef, 0xe8,
    0x0, 0x0,

    /* U+00F9 "ù" */
    0x0, 0x47, 0xb0, 0x7, 0xa1, 0xa4, 0x40, 0x3d,
    0x2f, 0x20, 0x1f, 0x44, 0x0, 0x29, 0xf0, 0xe,
    0xf9, 0x0, 0xff, 0xf3, 0x88, 0x3, 0x80, 0x80,
    0x27, 0x0, 0x28, 0x71, 0x93, 0x40, 0x0, 0xac,
    0x33, 0x76, 0x30,

    /* U+00FA "ú" */
    0x0, 0xee, 0xe0, 0x80, 0x74, 0x86, 0x8, 0x6,
    0x22, 0x61, 0x0, 0x71, 0x59, 0x0, 0x53, 0xe0,
    0x1d, 0xf2, 0x1, 0xff, 0xe7, 0x10, 0x7, 0x1,
    0x0, 0x4e, 0x0, 0x50, 0xe3, 0x26, 0x80, 0x1,
    0x58, 0x66, 0xec, 0x60,

    /* U+00FB "û" */
    0x0, 0xa7, 0xec, 0x3, 0x9d, 0xa1, 0x60, 0x2,
    0x3c, 0xd7, 0xc3, 0x40, 0x1, 0xd9, 0x1, 0x5a,
    0x4, 0xf8, 0x7, 0x7c, 0x80, 0x7f, 0xf9, 0xc4,
    0x1, 0xc0, 0x40, 0x13, 0x80, 0x14, 0x38, 0xc9,
    0xa0, 0x0, 0x56, 0x19, 0xbb, 0x18, 0x0,

    /* U+00FC "ü" */
    0x0, 0x64, 0x83, 0xf0, 0x6, 0x5e, 0x2, 0x50,
    0xd, 0x2e, 0xb, 0x60, 0x9, 0xf0, 0xe, 0xf9,
    0x0, 0xff, 0xf3, 0x88, 0x3, 0x80, 0x80, 0x27,
    0x0, 0x28, 0x71, 0x93, 0x40, 0x0, 0xac, 0x33,
    0x76, 0x30,

    /* U+00FD "ý" */
    0x0, 0xee, 0xe0, 0x80, 0x7a, 0x43, 0x4, 0x3,
    0x88, 0x98, 0x40, 0x1e, 0x2b, 0x20, 0xd, 0x9c,
    0x1, 0xd7, 0xe1, 0x42, 0x80, 0x10, 0xa3, 0x3,
    0x7, 0x0, 0x4e, 0x14, 0x0, 0x65, 0x10, 0x5,
    0x11, 0x80, 0x2c, 0x1c, 0x8, 0xe8, 0x2, 0x23,
    0xa0, 0x50, 0x60, 0xd, 0x46, 0x54, 0x82, 0x1,
    0x98, 0x2c, 0xb8, 0x3, 0xcc, 0xc0, 0x50, 0xf,
    0x50, 0x30, 0x7, 0xca, 0x14, 0x1, 0xf5, 0x99,
    0x80, 0x32, 0x2d, 0x94, 0x0, 0x77, 0xd3, 0x52,
    0x0, 0x70,

    /* U+00FE "þ" */
    0x7f, 0x10, 0xf, 0xfe, 0xd9, 0x57, 0xfb, 0xc,
    0x3, 0x68, 0x4c, 0xe, 0x18, 0x4, 0xf4, 0xcf,
    0x81, 0x0, 0x15, 0x0, 0x42, 0x88, 0x0, 0x84,
    0x3, 0x10, 0x7, 0xff, 0x9, 0x80, 0x31, 0x0,
    0x6d, 0x0, 0x85, 0x14, 0x2, 0x7a, 0x66, 0x60,
    0x40, 0x5, 0xa1, 0x32, 0x1c, 0x20, 0x8, 0xab,
    0xfd, 0x86, 0x1, 0xff, 0xd4,

    /* U+00FF "ÿ" */
    0x0, 0x64, 0x83, 0x70, 0x7, 0x2f, 0x1, 0x28,
    0x7, 0x4b, 0x82, 0x58, 0x5, 0x9c, 0x1, 0xd7,
    0xe1, 0x42, 0x80, 0x10, 0xa3, 0x3, 0x7, 0x0,
    0x4e, 0x14, 0x0, 0x65, 0x10, 0x5, 0x11, 0x80,
    0x2c, 0x1c, 0x8, 0xe8, 0x2, 0x23, 0xa0, 0x50,
    0x60, 0xd, 0x46, 0x54, 0x82, 0x1, 0x98, 0x2c,
    0xb8, 0x3, 0xcc, 0xc0, 0x50, 0xf, 0x50, 0x30,
    0x7, 0xca, 0x14, 0x1, 0xf5, 0x99, 0x80, 0x32,
    0x2d, 0x94, 0x0, 0x77, 0xd3, 0x52, 0x0, 0x70,

    /* U+0100 "Ā" */
    0x0, 0xff, 0xe1, 0xff, 0xf3, 0x0, 0x7b, 0x33,
    0x9c, 0x3, 0xc6, 0x7c, 0x20, 0x1f, 0x17, 0xd0,
    0x7, 0xf5, 0x82, 0x88, 0x7, 0xe7, 0x60, 0x60,
    0xf, 0x94, 0x68, 0xe8, 0x3, 0xee, 0x13, 0xa2,
    0x30, 0xe, 0x14, 0x60, 0x70, 0xa0, 0xe, 0x60,
    0xb0, 0x14, 0x60, 0xe, 0xa1, 0x11, 0x13, 0x1,
    0x40, 0x24, 0x21, 0xdd, 0xa0, 0x24, 0x2, 0xe0,
    0xaa, 0xe4, 0x32, 0x1, 0x55, 0xfa, 0x2, 0x81,
    0xc3, 0x80, 0x38, 0xc9, 0x82, 0x89, 0x0, 0x3d,
    0x62, 0x80,

    /* U+0101 "ā" */
    0x0, 0x84, 0x70, 0x6, 0xae, 0xed, 0x60, 0x14,
    0x5d, 0xe9, 0x0, 0x92, 0x2e, 0xd2, 0x80, 0x15,
    0x2d, 0x51, 0xa5, 0x0, 0x19, 0x2a, 0xab, 0xd,
    0x0, 0xf8, 0x4c, 0x0, 0xf9, 0xdf, 0xe1, 0x0,
    0x54, 0x26, 0xec, 0x20, 0x2a, 0xd0, 0x64, 0x41,
    0x3, 0x1, 0x0, 0x8c, 0x0, 0x44, 0x64, 0x26,
    0xe1, 0x0, 0x7a, 0xde, 0xd7, 0x20, 0x0,

    /* U+0102 "Ă" */
    0x0, 0xb8, 0xc0, 0xad, 0x80, 0x3d, 0x19, 0xfa,
    0xc, 0x1, 0xe6, 0xec, 0xdb, 0x0, 0xfc, 0x26,
    0x40, 0x1f, 0xc5, 0xf4, 0x1, 0xfd, 0x60, 0xa2,
    0x1, 0xf9, 0xd8, 0x18, 0x3, 0xe5, 0x1a, 0x3a,
    0x0, 0xfb, 0x84, 0xe8, 0x8c, 0x3, 0x85, 0x18,
    0x1c, 0x28, 0x3, 0x98, 0x2c, 0x5, 0x18, 0x3,
    0xa8, 0x44, 0x44, 0xc0, 0x50, 0x9, 0x8, 0x77,
    0x68, 0x9, 0x0, 0xb8, 0x2a, 0xb9, 0xc, 0x80,
    0x55, 0x7e, 0x80, 0xa0, 0x70, 0xe0, 0xe, 0x32,
    0x60, 0xa2, 0x40, 0xf, 0x58, 0xa0,

    /* U+0103 "ă" */
    0x0, 0x5a, 0x0, 0xf, 0x0, 0x2c, 0xf2, 0x24,
    0x20, 0x4, 0xee, 0xdd, 0x3c, 0x0, 0x6c, 0xcc,
    0x1, 0x9b, 0x32, 0xd6, 0x0, 0xa9, 0x6a, 0x8d,
    0x28, 0x0, 0xc9, 0x55, 0x58, 0x68, 0x7, 0xc2,
    0x60, 0x7, 0xce, 0xff, 0x8, 0x2, 0xa1, 0x37,
    0x61, 0x1, 0x56, 0x83, 0x22, 0x8, 0x18, 0x8,
    0x4, 0x60, 0x2, 0x23, 0x21, 0x37, 0x8, 0x3,
    0xd6, 0xf6, 0xb9, 0x0,

    /* U+0104 "Ą" */
    0x0, 0xc5, 0xf4, 0x1, 0xfd, 0x60, 0xa2, 0x1,
    0xf9, 0xd8, 0x18, 0x3, 0xe5, 0x1a, 0x3a, 0x0,
    0xfb, 0x84, 0xe8, 0x8c, 0x3, 0x85, 0x18, 0x1c,
    0x28, 0x3, 0x98, 0x2c, 0x5, 0x18, 0x3, 0xa8,
    0x44, 0x44, 0xc0, 0x50, 0x9, 0x8, 0x77, 0x68,
    0x9, 0x0, 0xb8, 0x2a, 0xb9, 0xc, 0x80, 0x55,
    0x7e, 0x80, 0xa0, 0x70, 0xe0, 0xe, 0x32, 0x60,
    0xa2, 0x40, 0xf, 0x58, 0xa6, 0x68, 0x7, 0xd8,
    0xc8, 0x1, 0xf9, 0x11, 0x20, 0x1f, 0xc6, 0x4,
    0x20, 0x1f, 0x94, 0xf5, 0xc0,

    /* U+0105 "ą" */
    0x0, 0x36, 0x7f, 0xb5, 0x80, 0x35, 0x2d, 0x51,
    0xa5, 0x0, 0x2c, 0x95, 0x55, 0x86, 0x80, 0x7e,
    0x13, 0x0, 0x9f, 0x3b, 0xfc, 0x20, 0x15, 0x42,
    0x6e, 0xc2, 0x0, 0x15, 0x68, 0x32, 0x20, 0x80,
    0xc, 0x4, 0x2, 0x30, 0x8, 0x88, 0xc8, 0x4d,
    0xc2, 0x1, 0x7a, 0xde, 0xd7, 0x20, 0x4, 0x57,
    0xfe, 0xc1, 0x49, 0x0, 0xfa, 0x58, 0xc0, 0x3e,
    0x61, 0x10, 0x7, 0xd6, 0xdc, 0x20,

    /* U+0106 "Ć" */
    0x0, 0xf2, 0x41, 0x80, 0x7d, 0x4a, 0x60, 0x1e,
    0x93, 0xc0, 0xf, 0xbb, 0x4, 0x3, 0xe7, 0x10,
    0xf, 0x3e, 0x7f, 0xba, 0xd4, 0xb, 0x60, 0x1e,
    0x1d, 0x48, 0x3c, 0xab, 0x21, 0xe7, 0x9d, 0x49,
    0xd4, 0x3, 0xde, 0x12, 0x1, 0xf3, 0x88, 0x80,
    0x3e, 0x33, 0x0, 0x7e, 0x33, 0x0, 0x7e, 0x61,
    0x10, 0x7, 0xda, 0xc, 0x1, 0xf3, 0xc, 0x20,
    0x7, 0xda, 0x37, 0x68, 0x78, 0xb4, 0x3, 0xf6,
    0x63, 0xc3, 0x3, 0x0,

    /* U+0107 "ć" */
    0x0, 0xe6, 0xf8, 0x0, 0xe1, 0x85, 0x80, 0xe,
    0x84, 0xa0, 0xf, 0x4d, 0x0, 0x70, 0xcf, 0x7f,
    0x50, 0x0, 0x7d, 0x99, 0x2c, 0x40, 0x8, 0x1c,
    0x86, 0x88, 0x0, 0x10, 0xcc, 0x1, 0xe2, 0x60,
    0xf, 0xfe, 0x20, 0xb0, 0x7, 0xce, 0x66, 0x0,
    0xf4, 0xe, 0x43, 0x45, 0x0, 0x7, 0xd5, 0xa5,
    0x8c, 0x0,

    /* U+0108 "Ĉ" */
    0x0, 0xc3, 0xc, 0x1, 0xf5, 0xbc, 0xa8, 0x7,
    0x42, 0x6c, 0x51, 0x80, 0x43, 0xfe, 0x27, 0xb5,
    0x0, 0x85, 0xc4, 0x0, 0x8c, 0x1, 0x9f, 0x3f,
    0xdd, 0x6a, 0x5, 0xb0, 0xf, 0xe, 0xa4, 0x1e,
    0x55, 0x90, 0xf3, 0xce, 0xa4, 0xea, 0x1, 0xef,
    0x9, 0x0, 0xf9, 0xc4, 0x40, 0x1f, 0x19, 0x80,
    0x3f, 0x19, 0x80, 0x3f, 0x30, 0x88, 0x3, 0xed,
    0x6, 0x0, 0xf9, 0x86, 0x10, 0x3, 0xed, 0x1b,
    0xb4, 0x3c, 0x5a, 0x1, 0xfb, 0x31, 0xe1, 0x81,
    0x80,

    /* U+0109 "ĉ" */
    0x0, 0x87, 0xfc, 0x80, 0x1d, 0xa6, 0xb4, 0x40,
    0x15, 0x36, 0x53, 0x70, 0x5, 0x54, 0x0, 0x46,
    0x0, 0x43, 0x3d, 0xfd, 0x40, 0x1, 0xf6, 0x64,
    0xb1, 0x0, 0x20, 0x72, 0x1a, 0x20, 0x0, 0x43,
    0x30, 0x7, 0x89, 0x80, 0x3f, 0xf8, 0x82, 0xc0,
    0x1f, 0x39, 0x98, 0x3, 0xd0, 0x39, 0xd, 0x14,
    0x0, 0x1f, 0x56, 0x96, 0x30,

    /* U+010A "Ċ" */
    0x0, 0xed, 0x90, 0xf, 0xc6, 0x60, 0xf, 0xdd,
    0x40, 0x1f, 0xfc, 0x47, 0xcf, 0xf7, 0x5a, 0x81,
    0x6c, 0x3, 0xc3, 0xa9, 0x7, 0x95, 0x64, 0x3c,
    0xf3, 0xa9, 0x3a, 0x80, 0x7b, 0xc2, 0x40, 0x3e,
    0x71, 0x10, 0x7, 0xc6, 0x60, 0xf, 0xc6, 0x60,
    0xf, 0xcc, 0x22, 0x0, 0xfb, 0x41, 0x80, 0x3e,
    0x61, 0x84, 0x0, 0xfb, 0x46, 0xed, 0xf, 0x16,
    0x80, 0x7e, 0xcc, 0x78, 0x60, 0x60,

    /* U+010B "ċ" */
    0x0, 0xd5, 0xa0, 0x1f, 0x8c, 0x3, 0xea, 0xe0,
    0xf, 0xfe, 0x10, 0xcf, 0x7f, 0x50, 0x0, 0x7d,
    0x99, 0x2c, 0x40, 0x8, 0x1c, 0x86, 0x88, 0x0,
    0x10, 0xcc, 0x1, 0xe2, 0x60, 0xf, 0xfe, 0x20,
    0xb0, 0x7, 0xce, 0x66, 0x0, 0xf4, 0xe, 0x43,
    0x45, 0x0, 0x7, 0xd5, 0xa5, 0x8c, 0x0,

    /* U+010C "Č" */
    0x0, 0xb, 0x88, 0x1, 0x18, 0x2, 0x1f, 0xf1,
    0x3d, 0xa8, 0x6, 0x84, 0xd8, 0xa3, 0x0, 0xeb,
    0x79, 0x50, 0xf, 0xc, 0x30, 0x7, 0x9f, 0x3f,
    0xdd, 0x6a, 0x5, 0xb0, 0xf, 0xe, 0xa4, 0x1e,
    0x55, 0x90, 0xf3, 0xce, 0xa4, 0xea, 0x1, 0xef,
    0x9, 0x0, 0xf9, 0xc4, 0x40, 0x1f, 0x19, 0x80,
    0x3f, 0x19, 0x80, 0x3f, 0x30, 0x88, 0x3, 0xed,
    0x6, 0x0, 0xf9, 0x86, 0x10, 0x3, 0xed, 0x1b,
    0xb4, 0x3c, 0x5a, 0x1, 0xfb, 0x31, 0xe1, 0x81,
    0x80,

    /* U+010D "č" */
    0x0, 0x55, 0x88, 0x4e, 0x80, 0x54, 0xfb, 0x6f,
    0x80, 0x1b, 0x45, 0x74, 0x40, 0x30, 0xef, 0x18,
    0x6, 0x19, 0xef, 0xea, 0x0, 0xf, 0xb3, 0x25,
    0x88, 0x1, 0x3, 0x90, 0xd1, 0x0, 0x2, 0x19,
    0x80, 0x3c, 0x4c, 0x1, 0xff, 0xc4, 0x16, 0x0,
    0xf9, 0xcc, 0xc0, 0x1e, 0x81, 0xc8, 0x68, 0xa0,
    0x0, 0xfa, 0xb4, 0xb1, 0x80,

    /* U+010E "Ď" */
    0x0, 0x1b, 0x0, 0x4c, 0x60, 0x1c, 0x77, 0x61,
    0xba, 0x30, 0xf, 0x62, 0xf2, 0xe8, 0x7, 0xc3,
    0xaf, 0xa2, 0x1, 0xf8, 0xe0, 0xc0, 0x39, 0x3f,
    0xfb, 0x20, 0x40, 0x39, 0xa6, 0x50, 0xee, 0xf3,
    0x0, 0xd8, 0xcc, 0x7b, 0xc0, 0xd1, 0x0, 0xfc,
    0x74, 0x32, 0x1, 0xfc, 0x82, 0xa0, 0x1f, 0xe5,
    0x20, 0xf, 0xf0, 0x80, 0x7f, 0xc2, 0x1, 0xff,
    0x29, 0x80, 0x7f, 0x30, 0xd8, 0x7, 0xe4, 0x91,
    0x70, 0xb, 0x19, 0x91, 0x96, 0x58, 0x1, 0x9a,
    0x64, 0xc1, 0x1a, 0x40, 0x0,

    /* U+010F "ď" */
    0x0, 0xfd, 0xf0, 0x9e, 0x80, 0x1f, 0xe3, 0x24,
    0x0, 0xff, 0x6c, 0x0, 0x7f, 0xd4, 0xa0, 0x11,
    0x5f, 0xfa, 0xc8, 0x3, 0xc5, 0xab, 0x12, 0x58,
    0x1, 0xeb, 0xd, 0x76, 0x96, 0x0, 0xf3, 0x99,
    0x80, 0x2b, 0x0, 0xf0, 0xb0, 0x6, 0x30, 0xf,
    0xfe, 0x38, 0xb0, 0x6, 0x20, 0xf, 0x21, 0x90,
    0x4, 0xa0, 0x1e, 0x80, 0xc7, 0x59, 0xa0, 0xf,
    0x16, 0x2c, 0x51, 0xe1, 0x0, 0x60,

    /* U+0110 "Đ" */
    0x2, 0xff, 0xec, 0x81, 0x0, 0xf2, 0x4c, 0xa1,
    0xdd, 0xe6, 0x1, 0xd8, 0xcc, 0x7b, 0xc0, 0xd1,
    0x0, 0xfe, 0x3b, 0x19, 0x0, 0xff, 0x28, 0xa8,
    0x0, 0x43, 0xc4, 0x60, 0x9, 0x48, 0x1f, 0x1,
    0xfb, 0x94, 0x1, 0x8, 0x1, 0x64, 0x16, 0xed,
    0x0, 0x10, 0x80, 0x9, 0x3, 0x51, 0x6, 0x1,
    0x29, 0x80, 0x7f, 0x98, 0x6c, 0x3, 0xf9, 0x24,
    0x5c, 0x3, 0x63, 0x32, 0x32, 0xcb, 0x0, 0x39,
    0x26, 0x4c, 0x11, 0xa4, 0x0,

    /* U+0111 "đ" */
    0x0, 0xfd, 0xf0, 0x1, 0xf8, 0x40, 0x3e, 0xef,
    0xf7, 0x3, 0xf0, 0x6, 0xcc, 0xc0, 0xb8, 0x0,
    0x3b, 0xdc, 0x81, 0x2, 0x20, 0x16, 0x2c, 0x51,
    0x60, 0x6, 0x80, 0xd7, 0x59, 0x60, 0xc, 0x84,
    0x60, 0x15, 0x0, 0x61, 0x70, 0xc, 0x40, 0x1f,
    0xfc, 0x31, 0x60, 0xc, 0x40, 0x19, 0xc, 0x80,
    0x25, 0x0, 0xd0, 0x18, 0xeb, 0x34, 0x1, 0x8b,
    0x16, 0x28, 0xf0, 0x80, 0x0,

    /* U+0112 "Ē" */
    0x0, 0xfe, 0x3f, 0xfe, 0x20, 0x3c, 0xce, 0x20,
    0x1, 0x9f, 0x2, 0x7f, 0xfb, 0x80, 0xb, 0x11,
    0xc0, 0xf, 0x77, 0xcc, 0x1, 0xff, 0xc6, 0x22,
    0xe1, 0x0, 0x46, 0xee, 0x80, 0x3, 0xd5, 0x70,
    0x3, 0x55, 0x71, 0x80, 0x7f, 0xf1, 0xbd, 0xdf,
    0x30, 0x1, 0x62, 0x38,

    /* U+0113 "ē" */
    0x0, 0x84, 0x70, 0x7, 0x47, 0x76, 0xc0, 0xd,
    0x57, 0x7b, 0xc0, 0x31, 0x22, 0x63, 0x0, 0xc3,
    0x3d, 0xfa, 0xa0, 0x10, 0xe3, 0xc5, 0x3d, 0x30,
    0x2, 0x4b, 0x19, 0x69, 0x20, 0x0, 0xa6, 0x40,
    0x16, 0x9, 0x1, 0x1f, 0xfe, 0x80, 0x10, 0x2,
    0x66, 0x78, 0xc0, 0x98, 0xcf, 0xc0, 0x5, 0x24,
    0x0, 0xfa, 0x4a, 0xe5, 0x99, 0x36, 0x0, 0x1c,
    0x77, 0x4c, 0x97, 0x40,

    /* U+0114 "Ĕ" */
    0x3, 0xd2, 0x3, 0xe2, 0x3, 0x7d, 0xfc, 0x62,
    0x0, 0x56, 0xe7, 0x40, 0x6, 0x23, 0x10, 0x2,
    0x7f, 0xfb, 0x80, 0xb, 0x11, 0xc0, 0xf, 0x77,
    0xcc, 0x1, 0xff, 0xc6, 0x22, 0xe1, 0x0, 0x46,
    0xee, 0x80, 0x3, 0xd5, 0x70, 0x3, 0x55, 0x71,
    0x80, 0x7f, 0xf1, 0xbd, 0xdf, 0x30, 0x1, 0x62,
    0x38,

    /* U+0115 "ĕ" */
    0x0, 0x4c, 0x84, 0x4d, 0x80, 0x1a, 0x13, 0xb9,
    0x1e, 0x1, 0x87, 0x73, 0x1c, 0x60, 0x1e, 0x33,
    0x0, 0x78, 0x67, 0xbf, 0x54, 0x2, 0x1c, 0x78,
    0xa7, 0xa6, 0x0, 0x49, 0x63, 0x2d, 0x24, 0x0,
    0x14, 0xc8, 0x2, 0xc1, 0x20, 0x23, 0xff, 0xd0,
    0x2, 0x0, 0x4c, 0xcf, 0x18, 0x13, 0x19, 0xf8,
    0x0, 0xa4, 0x80, 0x1f, 0x49, 0x5c, 0xb3, 0x26,
    0xc0, 0x3, 0x8e, 0xe9, 0x92, 0xe8, 0x0,

    /* U+0116 "Ė" */
    0x0, 0x93, 0xd0, 0x3, 0xff, 0x82, 0x9e, 0x80,
    0x1f, 0xe4, 0xff, 0xf7, 0x0, 0x16, 0x23, 0x80,
    0x1e, 0xef, 0x98, 0x3, 0xff, 0x8c, 0x45, 0xc2,
    0x0, 0x8d, 0xdd, 0x0, 0x7, 0xaa, 0xe0, 0x6,
    0xaa, 0xe3, 0x0, 0xff, 0xe3, 0x7b, 0xbe, 0x60,
    0x2, 0xc4, 0x70,

    /* U+0117 "ė" */
    0x0, 0xd3, 0xa0, 0x1f, 0x8c, 0xc0, 0x1f, 0xab,
    0x80, 0x3f, 0xf8, 0x83, 0x3d, 0xfa, 0xa0, 0x10,
    0xe3, 0xc5, 0x3d, 0x30, 0x2, 0x4b, 0x19, 0x69,
    0x20, 0x0, 0xa6, 0x40, 0x16, 0x9, 0x1, 0x1f,
    0xfe, 0x80, 0x10, 0x2, 0x66, 0x78, 0xc0, 0x98,
    0xcf, 0xc0, 0x5, 0x24, 0x0, 0xfa, 0x4a, 0xe5,
    0x99, 0x36, 0x0, 0x1c, 0x77, 0x4c, 0x97, 0x40,

    /* U+0118 "Ę" */
    0x4f, 0xff, 0x70, 0x1, 0x62, 0x38, 0x1, 0xee,
    0xf9, 0x80, 0x3f, 0xf8, 0xc4, 0x5c, 0x20, 0x8,
    0xdd, 0xd0, 0x0, 0x7a, 0xae, 0x0, 0x6a, 0xae,
    0x30, 0xf, 0xfe, 0x37, 0xbb, 0xe6, 0x0, 0x2c,
    0x47, 0x27, 0xfe, 0xa2, 0xf0, 0xe, 0xb9, 0x10,
    0xc, 0x23, 0x80, 0x30, 0xb5, 0x68,

    /* U+0119 "ę" */
    0x0, 0xc, 0xf7, 0xea, 0x80, 0x43, 0x8f, 0x14,
    0xf4, 0xc0, 0x9, 0x2c, 0x65, 0xa4, 0x80, 0x2,
    0x99, 0x0, 0x58, 0x24, 0x4, 0x7f, 0xfa, 0x0,
    0x40, 0x9, 0x99, 0xe3, 0x2, 0x63, 0x3f, 0x0,
    0x14, 0x90, 0x3, 0xe9, 0x2b, 0x96, 0x64, 0xd8,
    0x0, 0x71, 0xdd, 0x32, 0x62, 0x0, 0x86, 0x3b,
    0xd9, 0x64, 0x3, 0xc4, 0xd6, 0x1, 0xf3, 0x1,
    0x8, 0x7, 0x91, 0x19, 0x0,

    /* U+011A "Ě" */
    0x3, 0x60, 0x9, 0x8c, 0xa, 0xec, 0x37, 0x46,
    0x3, 0x8b, 0xcb, 0xa0, 0x10, 0xd3, 0xe8, 0x80,
    0x64, 0x83, 0x0, 0x27, 0xff, 0xb8, 0x0, 0xb1,
    0x1c, 0x0, 0xf7, 0x7c, 0xc0, 0x1f, 0xfc, 0x62,
    0x2e, 0x10, 0x4, 0x6e, 0xe8, 0x0, 0x3d, 0x57,
    0x0, 0x35, 0x57, 0x18, 0x7, 0xff, 0x1b, 0xdd,
    0xf3, 0x0, 0x16, 0x23, 0x80,

    /* U+011B "ě" */
    0x0, 0x55, 0x88, 0x4e, 0x80, 0x6a, 0x7c, 0xb7,
    0xc0, 0xe, 0xd0, 0x5d, 0x10, 0xe, 0x1d, 0xe3,
    0x0, 0xe1, 0x9e, 0xfd, 0x50, 0x8, 0x71, 0xe2,
    0x9e, 0x98, 0x1, 0x25, 0x8c, 0xb4, 0x90, 0x0,
    0x53, 0x20, 0xb, 0x4, 0x80, 0x8f, 0xff, 0x40,
    0x8, 0x1, 0x33, 0x3c, 0x60, 0x4c, 0x67, 0xe0,
    0x2, 0x92, 0x0, 0x7d, 0x25, 0x72, 0xcc, 0x9b,
    0x0, 0xe, 0x3b, 0xa6, 0x4b, 0xa0,

    /* U+011C "Ĝ" */
    0x0, 0xe5, 0x81, 0x0, 0xf8, 0xe9, 0xf4, 0x3,
    0xc5, 0xaf, 0xa5, 0x20, 0x1c, 0xf7, 0x5, 0xfc,
    0x40, 0x19, 0x54, 0x0, 0x17, 0x20, 0xc, 0xb7,
    0xdf, 0xed, 0x93, 0x1, 0xba, 0x67, 0x87, 0x7c,
    0x14, 0x91, 0xb2, 0xf1, 0x5c, 0x89, 0x33, 0x80,
    0x7d, 0xc1, 0x0, 0x1f, 0x9c, 0x84, 0x2, 0x12,
    0x28, 0x4c, 0x40, 0x35, 0xee, 0xe3, 0x10, 0xd,
    0x35, 0x41, 0x7, 0x21, 0x0, 0x8d, 0x54, 0x61,
    0x80, 0xc0, 0x1f, 0x98, 0xa1, 0x40, 0x3f, 0x78,
    0xd6, 0x43, 0xba, 0x48, 0x0, 0x5f, 0x0, 0xf1,
    0x4, 0x59,

    /* U+011D "ĝ" */
    0x0, 0xd9, 0xee, 0x1, 0xea, 0x26, 0x84, 0x0,
    0xcc, 0xcc, 0x9a, 0x92, 0x0, 0x9b, 0x8, 0x17,
    0x48, 0x2, 0x2b, 0xff, 0x59, 0x64, 0x0, 0xe2,
    0xc4, 0x8e, 0x18, 0x2, 0x7, 0x5d, 0xa9, 0x80,
    0x27, 0x33, 0x0, 0x54, 0x1, 0xb, 0x0, 0x62,
    0x0, 0xff, 0xe0, 0x8b, 0x0, 0x61, 0x0, 0x9c,
    0xc8, 0x2, 0x60, 0xa, 0xc3, 0x1d, 0x62, 0x80,
    0x22, 0xc5, 0x8a, 0x3f, 0x0, 0xc7, 0x7f, 0xeb,
    0x30, 0xf, 0xe7, 0xd, 0x3, 0xc8, 0x55, 0x4c,
    0x89, 0x40, 0x99, 0x6a, 0x8e, 0xd8, 0x0,

    /* U+011E "Ğ" */
    0x0, 0x9a, 0xc4, 0x49, 0xe0, 0x1c, 0xcf, 0xdc,
    0xba, 0x0, 0xf6, 0x6e, 0x7a, 0x80, 0x7c, 0x46,
    0x1, 0xf2, 0xdf, 0x7f, 0xb6, 0x4c, 0x6, 0xe9,
    0x9e, 0x1d, 0xf0, 0x52, 0x46, 0xcb, 0xc5, 0x72,
    0x24, 0xce, 0x1, 0xf7, 0x4, 0x0, 0x7e, 0x72,
    0x10, 0x8, 0x48, 0xa1, 0x31, 0x0, 0xd7, 0xbb,
    0x8c, 0x40, 0x34, 0xd5, 0x4, 0x1c, 0x84, 0x2,
    0x35, 0x51, 0x86, 0x3, 0x0, 0x7e, 0x62, 0x85,
    0x0, 0xfd, 0xe3, 0x59, 0xe, 0xe9, 0x20, 0x1,
    0x7c, 0x3, 0xc4, 0x11, 0x64,

    /* U+011F "ğ" */
    0x0, 0x2e, 0x10, 0xa7, 0x80, 0x65, 0xd, 0xeb,
    0x90, 0xe, 0xcd, 0xce, 0x60, 0xf, 0x11, 0x88,
    0x7, 0x15, 0xff, 0xac, 0xb2, 0x0, 0x71, 0x62,
    0x47, 0xc, 0x1, 0x3, 0xae, 0xd4, 0xc0, 0x13,
    0x99, 0x80, 0x2a, 0x0, 0x85, 0x80, 0x31, 0x0,
    0x7f, 0xf0, 0x45, 0x80, 0x30, 0x80, 0x4e, 0x64,
    0x1, 0x30, 0x5, 0x61, 0x8e, 0xb1, 0x40, 0x11,
    0x62, 0xc5, 0x1f, 0x80, 0x63, 0xbf, 0xf5, 0x98,
    0x7, 0xf3, 0x86, 0x81, 0xe4, 0x2a, 0xa6, 0x44,
    0xa0, 0x4c, 0xb5, 0x47, 0x6c, 0x0,

    /* U+0120 "Ġ" */
    0x0, 0xe7, 0xe1, 0x0, 0xfe, 0x10, 0xf, 0xe7,
    0xf1, 0x0, 0xff, 0xe2, 0xad, 0xf7, 0xfb, 0x64,
    0xc0, 0x6e, 0x99, 0xe1, 0xdf, 0x5, 0x24, 0x6c,
    0xbc, 0x57, 0x22, 0x4c, 0xe0, 0x1f, 0x70, 0x40,
    0x7, 0xe7, 0x21, 0x0, 0x84, 0x8a, 0x13, 0x10,
    0xd, 0x7b, 0xb8, 0xc4, 0x3, 0x4d, 0x50, 0x41,
    0xc8, 0x40, 0x23, 0x55, 0x18, 0x60, 0x30, 0x7,
    0xe6, 0x28, 0x50, 0xf, 0xde, 0x35, 0x90, 0xee,
    0x92, 0x0, 0x17, 0xc0, 0x3c, 0x41, 0x16, 0x40,

    /* U+0121 "ġ" */
    0x0, 0xcd, 0xc4, 0x1, 0xf8, 0x40, 0x3f, 0x37,
    0x90, 0x7, 0xff, 0xc, 0xaf, 0xfd, 0x65, 0x90,
    0x3, 0x8b, 0x12, 0x38, 0x60, 0x8, 0x1d, 0x76,
    0xa6, 0x0, 0x9c, 0xcc, 0x1, 0x50, 0x4, 0x2c,
    0x1, 0x88, 0x3, 0xff, 0x82, 0x2c, 0x1, 0x84,
    0x2, 0x73, 0x20, 0x9, 0x80, 0x2b, 0xc, 0x75,
    0x8a, 0x0, 0x8b, 0x16, 0x28, 0xfc, 0x3, 0x1d,
    0xff, 0xac, 0xc0, 0x3f, 0x9c, 0x34, 0xf, 0x21,
    0x55, 0x32, 0x25, 0x2, 0x65, 0xaa, 0x3b, 0x60,
    0x0,

    /* U+0122 "Ģ" */
    0x0, 0x96, 0xfb, 0xfd, 0xb2, 0x60, 0x37, 0x4c,
    0xf0, 0xef, 0x82, 0x92, 0x36, 0x5e, 0x2b, 0x91,
    0x26, 0x70, 0xf, 0xb8, 0x20, 0x3, 0xf3, 0x90,
    0x80, 0x42, 0x45, 0x9, 0x88, 0x6, 0xbd, 0xdc,
    0x62, 0x1, 0xa6, 0xa8, 0x20, 0xe4, 0x20, 0x11,
    0xaa, 0x8c, 0x30, 0x18, 0x3, 0xf3, 0x14, 0x28,
    0x7, 0xef, 0x1a, 0xc8, 0x77, 0x49, 0x0, 0xb,
    0xe0, 0x1e, 0x20, 0x8b, 0x20, 0x1, 0x7c, 0xff,
    0xb6, 0x94, 0x3, 0x8f, 0x90, 0x3, 0xf2, 0x1a,
    0x0, 0x7e, 0xb9, 0x0, 0xc0,

    /* U+0123 "ģ" */
    0x0, 0xeb, 0x60, 0xf, 0x91, 0xe, 0x1, 0xf7,
    0x18, 0x80, 0x7d, 0x58, 0x1, 0xe2, 0xbf, 0xf5,
    0x96, 0x40, 0xe, 0x2c, 0x48, 0xe1, 0x80, 0x20,
    0x75, 0xda, 0x98, 0x2, 0x73, 0x30, 0x5, 0x40,
    0x10, 0xb0, 0x6, 0x20, 0xf, 0xfe, 0x8, 0xb0,
    0x6, 0x10, 0x9, 0xcc, 0x80, 0x26, 0x0, 0xac,
    0x31, 0xd6, 0x28, 0x2, 0x2c, 0x58, 0xa3, 0xf0,
    0xc, 0x77, 0xfe, 0xb3, 0x0, 0xfe, 0x70, 0xd0,
    0x3c, 0x85, 0x54, 0xc8, 0x94, 0x9, 0x96, 0xa8,
    0xed, 0x80,

    /* U+0124 "Ĥ" */
    0x0, 0xc5, 0xa, 0x1, 0xfb, 0x9e, 0x8c, 0x3,
    0xd4, 0x3c, 0xda, 0x20, 0x18, 0xb7, 0x43, 0x36,
    0x80, 0x18, 0x9c, 0x2, 0x55, 0x0, 0x13, 0xd4,
    0x3, 0xdf, 0x20, 0x1f, 0xfe, 0x22, 0x2f, 0x80,
    0x34, 0x6e, 0xf8, 0x3, 0x3d, 0x57, 0x80, 0x36,
    0xaa, 0xf8, 0x3, 0xff, 0xc4,

    /* U+0125 "ĥ" */
    0x0, 0x67, 0xb8, 0x7, 0xd2, 0x4d, 0x6, 0x1,
    0xcc, 0x99, 0x32, 0xd2, 0x0, 0xcd, 0xa4, 0xd,
    0xc4, 0x1, 0xe7, 0xf1, 0x0, 0xff, 0xef, 0x9d,
    0x77, 0xea, 0x80, 0x77, 0x84, 0x48, 0x51, 0x80,
    0x64, 0xa6, 0x67, 0x85, 0x0, 0x6a, 0x0, 0x88,
    0x4c, 0x3, 0x8, 0x7, 0xf8, 0xc0, 0x3f, 0xfc,
    0xc0,

    /* U+0126 "Ħ" */
    0x4, 0xf5, 0x0, 0xf7, 0xc8, 0x0, 0x40, 0x6,
    0x23, 0xe0, 0x0, 0x87, 0x58, 0x4f, 0x77, 0x81,
    0xb9, 0x6e, 0x1, 0xee, 0xfc, 0xb, 0x68, 0x83,
    0xd, 0x44, 0xf0, 0x1a, 0x8, 0x4, 0x45, 0xf0,
    0x7, 0xd1, 0xbb, 0xe0, 0xf, 0x9e, 0xab, 0xc0,
    0x1f, 0x6a, 0xaf, 0x80, 0x3f, 0xfe, 0x0,

    /* U+0127 "ħ" */
    0x7, 0xf1, 0x0, 0xff, 0xe2, 0x6c, 0x7, 0x7f,
    0xc0, 0x17, 0xb0, 0x5e, 0x63, 0x40, 0x22, 0xe0,
    0x79, 0xdd, 0x94, 0x3, 0x70, 0x44, 0x85, 0x18,
    0x4, 0xf4, 0xcc, 0xf0, 0xb0, 0xb, 0x80, 0x22,
    0x12, 0x0, 0x98, 0x3, 0xf8, 0xc0, 0x3f, 0xfc,
    0x40,

    /* U+0128 "Ĩ" */
    0x0, 0xfe, 0x8f, 0xe6, 0x1c, 0x41, 0x6b, 0x69,
    0xe0, 0x41, 0xc4, 0x8f, 0xcc, 0x0, 0x8, 0x2,
    0x30, 0x9, 0x3f, 0xf2, 0x80, 0x13, 0x48, 0x75,
    0x40, 0x22, 0x13, 0x20, 0xf, 0xff, 0xc1, 0x9,
    0x90, 0x4, 0x9a, 0x43, 0xaa, 0x0,

    /* U+0129 "ĩ" */
    0x4e, 0xe4, 0xc, 0x42, 0x65, 0xb, 0xcd, 0x5c,
    0xed, 0xb9, 0xe4, 0x60, 0xfe, 0x42, 0x1, 0xff,
    0xf4,

    /* U+012A "Ī" */
    0x0, 0xf5, 0x7f, 0xeb, 0x8c, 0xcd, 0x24, 0x67,
    0x89, 0x3f, 0xf2, 0xa6, 0x90, 0xea, 0x81, 0x9,
    0x90, 0x7, 0xff, 0x98, 0x84, 0xc8, 0x13, 0x48,
    0x75, 0x40,

    /* U+012B "ī" */
    0x1, 0x1e, 0x5e, 0xee, 0x4b, 0xbd, 0x82, 0x87,
    0x6a, 0x60, 0x1f, 0xfe, 0xa0,

    /* U+012C "Ĭ" */
    0xa8, 0x11, 0x3d, 0xc3, 0x77, 0x26, 0xb, 0xb3,
    0x1c, 0x60, 0x3, 0x30, 0x1, 0x3f, 0xf2, 0xa6,
    0x90, 0xea, 0x81, 0x9, 0x90, 0x7, 0xff, 0x98,
    0x84, 0xc8, 0x13, 0x48, 0x75, 0x40,

    /* U+012D "ĭ" */
    0x68, 0x0, 0xbc, 0x11, 0x8c, 0x5c, 0xc0, 0x9b,
    0x3a, 0x7c, 0x1, 0x1b, 0x9c, 0x60, 0x12, 0xe0,
    0x80, 0x7f, 0xfd, 0x40,

    /* U+012E "Į" */
    0x4f, 0xfc, 0xa9, 0xa4, 0x3a, 0xa0, 0x42, 0x64,
    0x1, 0xff, 0xe6, 0x21, 0x32, 0x4, 0xd2, 0x1d,
    0x54, 0xff, 0x1c, 0xa8, 0x1, 0xc1, 0x80, 0x2e,
    0x1, 0x0, 0xa8, 0xb9, 0x0,

    /* U+012F "į" */
    0x6, 0xe2, 0x1, 0x10, 0x1, 0xfc, 0x80, 0x39,
    0xfc, 0x40, 0x3f, 0xfb, 0x3a, 0xe2, 0xa9, 0x0,
    0x40, 0x22, 0x53, 0xe7,

    /* U+0130 "İ" */
    0x0, 0x56, 0x0, 0x61, 0x10, 0x6, 0xbd, 0x0,
    0xfc, 0x9f, 0xf9, 0x53, 0x48, 0x75, 0x40, 0x84,
    0xc8, 0x3, 0xff, 0xcc, 0x42, 0x64, 0x9, 0xa4,
    0x3a, 0xa0,

    /* U+0131 "ı" */
    0x7f, 0x10, 0xf, 0xfe, 0x78,

    /* U+0132 "Ĳ" */
    0x4f, 0xfc, 0xa0, 0x7e, 0xc9, 0xa4, 0x3a, 0xa0,
    0x1c, 0x42, 0x64, 0x1, 0xff, 0xff, 0x0, 0xff,
    0x88, 0x4c, 0x80, 0x39, 0x34, 0x87, 0x54, 0x2,
    0x34, 0xff, 0xca, 0xc, 0x1, 0xe1, 0x23, 0x90,
    0x40, 0xc, 0xbb, 0x87, 0x42, 0x1, 0x92, 0xed,
    0xca, 0x0,

    /* U+0133 "ĳ" */
    0x6e, 0x20, 0x6, 0x58, 0x88, 0x3, 0x3b, 0xbc,
    0x80, 0x19, 0x80, 0xf, 0x9f, 0xc4, 0x1, 0xb8,
    0x1, 0xff, 0xf3, 0x7f, 0x10, 0xf, 0xf3, 0x80,
    0x9, 0x60, 0x8c, 0x0, 0xd4, 0xeb, 0x0,

    /* U+0134 "Ĵ" */
    0x0, 0xaf, 0xe8, 0x3, 0x5b, 0xdb, 0xc8, 0x0,
    0xf7, 0x13, 0x78, 0xc0, 0xd8, 0x2, 0x73, 0x0,
    0x97, 0xd0, 0x3, 0xff, 0xfe, 0x1, 0xff, 0xce,
    0x30, 0x70, 0x0, 0x91, 0xd8, 0x98, 0x1, 0xf7,
    0xa, 0x80, 0x26, 0xbb, 0x7a, 0x0, 0x40,

    /* U+0135 "ĵ" */
    0x0, 0x6f, 0xb8, 0x5, 0x61, 0x10, 0x50, 0x61,
    0xc7, 0xbe, 0x26, 0xa1, 0x4, 0xb2, 0x0, 0x3f,
    0x88, 0x7, 0xff, 0xfb, 0xc0, 0x33, 0x34, 0x42,
    0x0, 0x89, 0x3e, 0x0, 0x80,

    /* U+0136 "Ķ" */
    0x4f, 0x50, 0xc, 0xde, 0xe0, 0x1f, 0x24, 0xb3,
    0x80, 0x78, 0xed, 0x64, 0x3, 0xc5, 0xa7, 0x40,
    0x1e, 0x1f, 0x3d, 0x0, 0xf1, 0xe9, 0x60, 0x80,
    0x7a, 0xc, 0x18, 0x3, 0xe2, 0xe3, 0x83, 0x0,
    0xf4, 0x8f, 0x7, 0x0, 0x7e, 0x2a, 0x29, 0x0,
    0xfc, 0xac, 0xc5, 0x0, 0xfd, 0x25, 0x44, 0x1,
    0xfb, 0xc3, 0x81, 0x3d, 0x40, 0x31, 0x7e, 0x0,
    0x74, 0x70, 0x7, 0xf2, 0x38, 0x7, 0xe1, 0x28,
    0x0, 0xe0,

    /* U+0137 "ķ" */
    0x7f, 0x10, 0xf, 0xfe, 0xd1, 0xfd, 0x80, 0x71,
    0x69, 0xd8, 0x6, 0x1f, 0x3d, 0x0, 0xc7, 0xa7,
    0x82, 0x1, 0xa0, 0xd8, 0x40, 0x39, 0xd1, 0xcc,
    0x3, 0xbe, 0x87, 0x80, 0x38, 0xc6, 0x8a, 0x80,
    0x3c, 0x8e, 0xaa, 0x0, 0xf4, 0x1d, 0x13, 0xf8,
    0x80, 0x59, 0xe4, 0x1, 0x56, 0x0, 0x7c, 0x96,
    0x1, 0xe3, 0x33, 0x80, 0x60,

    /* U+0138 "ĸ" */
    0x7f, 0x30, 0x1, 0xfd, 0x80, 0x70, 0xe9, 0x50,
    0x7, 0x68, 0xf8, 0x80, 0x43, 0x27, 0x64, 0x1,
    0xa9, 0x91, 0x0, 0x1c, 0xe6, 0x88, 0x0, 0xea,
    0xc2, 0xa1, 0x0, 0xcc, 0x1c, 0x36, 0x1, 0xe3,
    0x85, 0x60, 0xf, 0x39, 0xc9, 0x0,

    /* U+0139 "Ĺ" */
    0x0, 0x34, 0x8, 0x6, 0x49, 0x11, 0x0, 0x69,
    0x59, 0x0, 0xc7, 0x54, 0x0, 0xe3, 0x70, 0xf,
    0x27, 0xa8, 0x7, 0xff, 0xfc, 0x3, 0xff, 0x81,
    0xee, 0xfc, 0x0, 0x58, 0x8e,

    /* U+013A "ĺ" */
    0x3, 0xfc, 0xf, 0x2d, 0x61, 0xc1, 0x6d, 0x10,
    0x7f, 0x10, 0xf, 0xff, 0x48,

    /* U+013B "Ļ" */
    0x4f, 0x50, 0xf, 0xff, 0xf8, 0x7, 0xff, 0x3,
    0xdd, 0xf8, 0x0, 0xb1, 0x1c, 0x9f, 0xff, 0x0,
    0x43, 0xcc, 0x1, 0xc8, 0x2e, 0x1, 0xdf, 0x2,
    0x0,

    /* U+013C "ļ" */
    0x7f, 0x10, 0xf, 0xfe, 0xdb, 0xf8, 0x97, 0x2a,
    0x2, 0xec, 0x0,

    /* U+013D "Ľ" */
    0x4f, 0x50, 0xa, 0xb8, 0x3, 0xcf, 0x20, 0x1c,
    0x20, 0xe0, 0x1c, 0x3a, 0x1, 0xff, 0xef, 0xf7,
    0x7e, 0x0, 0x2c, 0x47, 0x0,

    /* U+013E "ľ" */
    0x7f, 0x19, 0xf0, 0xc, 0xae, 0x1, 0x18, 0xc8,
    0x4, 0x7a, 0x20, 0x1f, 0xff, 0x10,

    /* U+013F "Ŀ" */
    0x4f, 0x50, 0xf, 0xfe, 0xf6, 0xc8, 0x7, 0x8c,
    0xc0, 0x1e, 0xea, 0x0, 0xff, 0xe7, 0xfb, 0xbf,
    0x0, 0x16, 0x23, 0x80,

    /* U+0140 "ŀ" */
    0x7f, 0x10, 0xf, 0xfe, 0x89, 0x73, 0x80, 0x43,
    0xe0, 0x2, 0xf8, 0x0, 0xff, 0xe6, 0x80,

    /* U+0141 "Ł" */
    0x4, 0xf5, 0x0, 0xff, 0xec, 0x98, 0x7, 0x8a,
    0xb1, 0x0, 0x3a, 0x1e, 0xd0, 0x0, 0x72, 0xd,
    0xa8, 0x1, 0x28, 0x86, 0x0, 0x73, 0x40, 0x7,
    0xff, 0x1f, 0xdd, 0xf8, 0x2, 0x58, 0x8e,

    /* U+0142 "ł" */
    0x0, 0x4f, 0x80, 0x7f, 0xf4, 0x8c, 0xc0, 0x1b,
    0x2c, 0xd, 0x2, 0xa0, 0x34, 0x81, 0x40, 0x18,
    0xc0, 0x18, 0x80, 0x3f, 0xf9, 0x40,

    /* U+0143 "Ń" */
    0x0, 0xf2, 0x41, 0x80, 0x7e, 0xa5, 0x30, 0xf,
    0xa4, 0xf0, 0x3, 0xf7, 0x60, 0x80, 0x7e, 0x71,
    0x0, 0xc9, 0xfc, 0x1, 0xe9, 0xf0, 0x0, 0xc8,
    0x7, 0xf1, 0xb1, 0x80, 0x7e, 0x81, 0xe0, 0xf,
    0xcf, 0x64, 0xe0, 0x1f, 0x95, 0x20, 0x80, 0x3f,
    0x48, 0x48, 0x7, 0xe2, 0x84, 0x50, 0xf, 0xce,
    0x76, 0x22, 0x0, 0xfb, 0xc6, 0xc0, 0x3f, 0x1b,
    0xa9, 0x80, 0x7e, 0x82, 0x40, 0xf, 0xe9, 0x0,
    0x0,

    /* U+0144 "ń" */
    0x0, 0xee, 0xe0, 0x80, 0x74, 0x8e, 0x88, 0x6,
    0x34, 0xc3, 0x0, 0xe3, 0xd3, 0x0, 0x9f, 0x86,
    0xbb, 0xf5, 0x40, 0x3, 0x81, 0x12, 0x14, 0x60,
    0x7, 0xa6, 0x67, 0x85, 0x0, 0x38, 0x2, 0x21,
    0x30, 0x3, 0x0, 0x7e, 0x30, 0xf, 0xfe, 0xf0,

    /* U+0145 "Ņ" */
    0x4f, 0xe0, 0xf, 0x4f, 0x80, 0x6, 0x40, 0x3f,
    0x8d, 0x8c, 0x3, 0xf4, 0xf, 0x0, 0x7e, 0x7b,
    0x27, 0x0, 0xfc, 0xa9, 0x4, 0x1, 0xfa, 0x42,
    0x40, 0x3f, 0x14, 0x22, 0x80, 0x7e, 0x73, 0xb1,
    0x10, 0x7, 0xde, 0x36, 0x1, 0xf8, 0xdd, 0x4c,
    0x3, 0xf4, 0x12, 0x0, 0x7f, 0x48, 0x1, 0x3c,
    0xc0, 0x39, 0x3f, 0xc0, 0x1d, 0x3a, 0x1, 0xfc,
    0xf4, 0x1, 0xf8, 0xcc, 0xe0, 0x18,

    /* U+0146 "ņ" */
    0x7e, 0x1a, 0xef, 0xd5, 0x0, 0xe, 0x4, 0x48,
    0x51, 0x80, 0x1e, 0x99, 0x9e, 0x14, 0x0, 0xe0,
    0x8, 0x84, 0xc0, 0xc, 0x1, 0xf8, 0xc0, 0x3f,
    0xfb, 0xcf, 0xe2, 0x1, 0xba, 0x80, 0x36, 0xc8,
    0x7, 0x88, 0x94, 0x1, 0xe5, 0x51, 0x80, 0x40,

    /* U+0147 "Ň" */
    0x0, 0xb, 0x88, 0x1, 0x18, 0x3, 0xf, 0xf8,
    0x9e, 0xd4, 0x3, 0xa1, 0x36, 0x28, 0xc0, 0x3d,
    0x6f, 0x2a, 0x1, 0xf0, 0xc3, 0x0, 0x64, 0xfe,
    0x0, 0xf4, 0xf8, 0x0, 0x64, 0x3, 0xf8, 0xd8,
    0xc0, 0x3f, 0x40, 0xf0, 0x7, 0xe7, 0xb2, 0x70,
    0xf, 0xca, 0x90, 0x40, 0x1f, 0xa4, 0x24, 0x3,
    0xf1, 0x42, 0x28, 0x7, 0xe7, 0x3b, 0x11, 0x0,
    0x7d, 0xe3, 0x60, 0x1f, 0x8d, 0xd4, 0xc0, 0x3f,
    0x41, 0x20, 0x7, 0xf4, 0x80, 0x0,

    /* U+0148 "ň" */
    0x3, 0xe4, 0x4, 0xe5, 0x0, 0x1d, 0xda, 0x2e,
    0x54, 0x2, 0x57, 0x66, 0x38, 0x7, 0x47, 0x48,
    0x4, 0xfc, 0x35, 0xdf, 0xaa, 0x0, 0x1c, 0x8,
    0x90, 0xa3, 0x0, 0x3d, 0x33, 0x3c, 0x28, 0x1,
    0xc0, 0x11, 0x9, 0x80, 0x18, 0x3, 0xf1, 0x80,
    0x7f, 0xf7, 0x80,

    /* U+0149 "ŉ" */
    0x2f, 0xa0, 0xf, 0xce, 0x1e, 0x1, 0xfb, 0x41,
    0x40, 0x3f, 0x23, 0x1f, 0x93, 0xf7, 0xf4, 0x5,
    0x40, 0x3, 0xa9, 0xa0, 0x9d, 0xcc, 0x20, 0x2,
    0xd8, 0x7c, 0x2a, 0x0, 0xcc, 0x1, 0x9c, 0xc0,
    0x37, 0x0, 0x7f, 0xfc, 0x40,

    /* U+014A "Ŋ" */
    0x4f, 0xe1, 0x0, 0xe9, 0xf0, 0x0, 0xc0, 0x7,
    0xf2, 0x32, 0x0, 0x7e, 0x81, 0xa0, 0xf, 0xea,
    0x19, 0x0, 0xfc, 0x8c, 0xc3, 0x0, 0xfd, 0x25,
    0xc0, 0x1f, 0xd2, 0x50, 0x1, 0xf9, 0x19, 0xcc,
    0x40, 0x3e, 0x92, 0xe0, 0xf, 0xe9, 0x26, 0x0,
    0xfc, 0x8c, 0x20, 0x1f, 0xd2, 0x40, 0x9e, 0x60,
    0x1e, 0x71, 0x0, 0xf1, 0x11, 0x54, 0xe0, 0x1e,
    0xfd, 0xa2, 0x80, 0xf, 0x7d, 0xe6, 0x88,

    /* U+014B "ŋ" */
    0x7e, 0x2a, 0xff, 0x6b, 0x0, 0x7, 0x37, 0x30,
    0xd2, 0x80, 0x6, 0x73, 0x35, 0x6, 0x80, 0x2c,
    0x2, 0x11, 0x18, 0x0, 0x80, 0x38, 0x40, 0x3f,
    0xfc, 0x2f, 0xe2, 0x1, 0xff, 0xc1, 0x11, 0x0,
    0x61, 0x58, 0xd, 0x0, 0xc7, 0x4e, 0xae,

    /* U+014C "Ō" */
    0x0, 0xff, 0xe1, 0xd7, 0xfe, 0xb0, 0xf, 0x46,
    0x66, 0x90, 0xf, 0x11, 0x9e, 0x20, 0xe, 0x18,
    0xdf, 0xf6, 0xc8, 0x80, 0x47, 0xee, 0xd1, 0x7,
    0x6f, 0x30, 0x6, 0x86, 0x5b, 0xba, 0xb4, 0x34,
    0x18, 0x60, 0xc0, 0x31, 0x58, 0xbe, 0x83, 0x0,
    0x79, 0x43, 0x18, 0x80, 0x3f, 0x1a, 0x98, 0x7,
    0xf8, 0x4c, 0xc0, 0x1f, 0x84, 0x4c, 0x22, 0x0,
    0xf8, 0x97, 0x41, 0xc0, 0x3c, 0xa1, 0x8c, 0x30,
    0x60, 0x18, 0xac, 0x5c, 0x34, 0x32, 0x9d, 0xd5,
    0xa1, 0xa0, 0x3, 0xf7, 0x74, 0x41, 0xdb, 0xcc,
    0x0,

    /* U+014D "ō" */
    0x0, 0x84, 0x78, 0x3, 0x1f, 0x77, 0x10, 0x4,
    0x77, 0x7c, 0x40, 0x19, 0x13, 0x80, 0x30, 0xcf,
    0x7f, 0x40, 0x4, 0x3e, 0xed, 0x2c, 0xf8, 0x0,
    0x81, 0xd8, 0x68, 0xa3, 0x70, 0x43, 0x30, 0x4,
    0xa3, 0x60, 0x4c, 0x1, 0xca, 0x40, 0x1f, 0xf1,
    0x30, 0x7, 0x29, 0x2, 0x99, 0x80, 0x25, 0x1a,
    0x8, 0x2d, 0x75, 0x8a, 0x36, 0x0, 0x63, 0xcd,
    0x33, 0xe0, 0x0,

    /* U+014E "Ŏ" */
    0x0, 0xaa, 0x4, 0x4f, 0x60, 0x1e, 0x86, 0xee,
    0x4c, 0x0, 0x78, 0xbb, 0x31, 0xc6, 0x1, 0xf8,
    0xcc, 0x1, 0xf0, 0xc6, 0xff, 0xb6, 0x44, 0x2,
    0x3f, 0x76, 0x88, 0x3b, 0x79, 0x80, 0x34, 0x32,
    0xdd, 0xd5, 0xa1, 0xa0, 0xc3, 0x6, 0x1, 0x8a,
    0xc5, 0xf4, 0x18, 0x3, 0xca, 0x18, 0xc4, 0x1,
    0xf8, 0xd4, 0xc0, 0x3f, 0xc2, 0x66, 0x0, 0xfc,
    0x22, 0x61, 0x10, 0x7, 0xc4, 0xba, 0xe, 0x1,
    0xe5, 0xc, 0x61, 0x83, 0x0, 0xc5, 0x62, 0xe1,
    0xa1, 0x94, 0xee, 0xad, 0xd, 0x0, 0x1f, 0xbb,
    0xa2, 0xe, 0xde, 0x60,

    /* U+014F "ŏ" */
    0x0, 0x26, 0x90, 0x9f, 0x10, 0x4, 0x8f, 0xbd,
    0x8c, 0x40, 0x1a, 0xb7, 0x3a, 0x0, 0x3c, 0x46,
    0x20, 0x1c, 0x33, 0xdf, 0xd0, 0x1, 0xf, 0xbb,
    0x4b, 0x3e, 0x0, 0x20, 0x76, 0x1a, 0x28, 0xdc,
    0x10, 0xcc, 0x1, 0x28, 0xd8, 0x13, 0x0, 0x72,
    0x90, 0x7, 0xfc, 0x4c, 0x1, 0xca, 0x40, 0xa6,
    0x60, 0x9, 0x46, 0x82, 0xb, 0x5d, 0x62, 0x8d,
    0x80, 0x18, 0xf3, 0x4c, 0xf8, 0x0,

    /* U+0150 "Ő" */
    0x0, 0xd9, 0x80, 0xae, 0x10, 0xe, 0x63, 0xf3,
    0x5b, 0x10, 0xc, 0x31, 0x67, 0xf2, 0xa0, 0x1c,
    0x3c, 0x81, 0x8c, 0x1, 0xff, 0xc6, 0x18, 0xdf,
    0xf6, 0xc8, 0x80, 0x47, 0xee, 0xd1, 0x7, 0x6f,
    0x30, 0x6, 0x86, 0x5b, 0xba, 0xb4, 0x34, 0x18,
    0x60, 0xc0, 0x31, 0x58, 0xbe, 0x83, 0x0, 0x79,
    0x43, 0x18, 0x80, 0x3f, 0x1a, 0x98, 0x7, 0xf8,
    0x4c, 0xc0, 0x1f, 0x84, 0x4c, 0x22, 0x0, 0xf8,
    0x97, 0x41, 0xc0, 0x3c, 0xa1, 0x8c, 0x30, 0x60,
    0x18, 0xac, 0x5c, 0x34, 0x32, 0x9d, 0xd5, 0xa1,
    0xa0, 0x3, 0xf7, 0x74, 0x41, 0xdb, 0xcc, 0x0,

    /* U+0151 "ő" */
    0x0, 0x9f, 0xd1, 0x1e, 0xe0, 0x10, 0xc3, 0xa4,
    0xab, 0x80, 0x50, 0xd0, 0xcc, 0xa0, 0xd, 0x32,
    0x6, 0xb0, 0xe, 0x19, 0xef, 0xe8, 0x0, 0x87,
    0xdd, 0xa5, 0x9f, 0x0, 0x10, 0x3b, 0xd, 0x14,
    0x6e, 0x8, 0x66, 0x0, 0x94, 0x6c, 0x9, 0x80,
    0x39, 0x48, 0x3, 0xfe, 0x26, 0x0, 0xe5, 0x20,
    0x53, 0x30, 0x4, 0xa3, 0x41, 0x5, 0xae, 0xb1,
    0x46, 0xc0, 0xc, 0x79, 0xa6, 0x7c, 0x0,

    /* U+0152 "Œ" */
    0x0, 0xc, 0xef, 0xff, 0xf5, 0x1, 0xf3, 0x1a,
    0x29, 0x81, 0x2a, 0xec, 0xd, 0x9, 0xeb, 0xae,
    0xa, 0xae, 0x66, 0xc, 0x30, 0x7, 0xfd, 0xa0,
    0xc0, 0x1f, 0xfc, 0x6, 0x21, 0x0, 0xf7, 0x91,
    0x60, 0x31, 0x0, 0xf9, 0xf7, 0x72, 0x18, 0x80,
    0x7c, 0xb5, 0x59, 0x58, 0x80, 0x3e, 0xd5, 0x5c,
    0x3a, 0xc, 0x1, 0xff, 0xc0, 0x61, 0x83, 0x0,
    0xff, 0xe0, 0x68, 0x65, 0xbb, 0xac, 0x31, 0xdf,
    0x20, 0x1f, 0xbb, 0x44, 0x18, 0x12, 0x23, 0x70,

    /* U+0153 "œ" */
    0x0, 0xd, 0x77, 0xeb, 0x0, 0xcf, 0x7e, 0x20,
    0x4, 0x3e, 0x93, 0x49, 0x31, 0xaf, 0x32, 0x7b,
    0x40, 0x4, 0xe, 0x3a, 0xcc, 0x39, 0xe3, 0xb5,
    0x94, 0x0, 0x1c, 0xc8, 0x2, 0x60, 0x32, 0x0,
    0x9c, 0xc0, 0x2, 0xc0, 0x18, 0x40, 0xff, 0xf2,
    0x80, 0x80, 0x7f, 0x1e, 0x67, 0x84, 0x9, 0x80,
    0x30, 0x80, 0x99, 0xf8, 0x0, 0xa6, 0x60, 0xa,
    0x40, 0x90, 0x3, 0xe9, 0x2d, 0x76, 0x97, 0x72,
    0x5c, 0xb3, 0x2a, 0x40, 0x3, 0x8f, 0x32, 0x49,
    0x8b, 0x77, 0x4c, 0x9b, 0x0,

    /* U+0154 "Ŕ" */
    0x0, 0xe6, 0x81, 0x0, 0xf1, 0xc9, 0x8, 0x7,
    0xbd, 0x28, 0x3, 0xc5, 0x76, 0x0, 0xf8, 0x9c,
    0x3, 0x93, 0xff, 0x75, 0xa8, 0x6, 0x58, 0x83,
    0x2d, 0x30, 0x5, 0xee, 0xe8, 0xf1, 0xb0, 0xf,
    0x85, 0x48, 0x3, 0xf3, 0x10, 0x4, 0x62, 0x23,
    0xa2, 0x80, 0xa, 0x7b, 0x98, 0xf6, 0xa0, 0x13,
    0xdd, 0x84, 0x48, 0x1, 0xb5, 0x11, 0x6, 0xa0,
    0x1f, 0x31, 0x58, 0x7, 0xe8, 0x17, 0x0, 0xf9,
    0x4e, 0x4, 0x3, 0xef, 0xb,

    /* U+0155 "ŕ" */
    0x0, 0x8f, 0xec, 0x3, 0x79, 0x50, 0x4, 0xc1,
    0x82, 0x1, 0x36, 0x8, 0x1, 0xf4, 0x23, 0xbc,
    0x40, 0xa5, 0x98, 0xe2, 0x0, 0x4f, 0x88, 0x0,
    0x50, 0x20, 0x1c, 0xe0, 0x1e, 0x30, 0xf, 0xfe,
    0xa0,

    /* U+0156 "Ŗ" */
    0x4f, 0xfd, 0xd6, 0xa0, 0x19, 0x62, 0xc, 0xb4,
    0xc0, 0x17, 0xbb, 0xa3, 0xc6, 0xc0, 0x3e, 0x15,
    0x20, 0xf, 0xcc, 0x40, 0x11, 0x88, 0x8e, 0x8a,
    0x0, 0x29, 0xee, 0x63, 0xda, 0x80, 0x4f, 0x76,
    0x11, 0x20, 0x6, 0xd4, 0x44, 0x1a, 0x80, 0x7c,
    0xc5, 0x60, 0x1f, 0xa0, 0x5c, 0x3, 0xe5, 0x38,
    0x10, 0xf, 0xbc, 0x2d, 0x3d, 0x40, 0x31, 0xfd,
    0x0, 0x68, 0xd0, 0xf, 0xca, 0xa0, 0xf, 0x88,
    0xe4, 0x3, 0x0,

    /* U+0157 "ŗ" */
    0x7d, 0x8, 0xef, 0x10, 0x29, 0x66, 0x38, 0x80,
    0x13, 0xe2, 0x0, 0x14, 0x8, 0x7, 0x38, 0x7,
    0x8c, 0x3, 0xff, 0xa8, 0xfe, 0x20, 0x18, 0xf9,
    0x0, 0x32, 0x2, 0x0, 0x6b, 0xb0, 0x7, 0x0,

    /* U+0158 "Ř" */
    0x3, 0x70, 0x9, 0x90, 0x2, 0x3c, 0xc0, 0xd5,
    0xa8, 0x6, 0xa1, 0xe5, 0xf1, 0x0, 0xc3, 0xcf,
    0x64, 0x1, 0xe3, 0x84, 0x0, 0xc9, 0xff, 0xba,
    0xd4, 0x3, 0x2c, 0x41, 0x96, 0x98, 0x2, 0xf7,
    0x74, 0x78, 0xd8, 0x7, 0xc2, 0xa4, 0x1, 0xf9,
    0x88, 0x2, 0x31, 0x11, 0xd1, 0x40, 0x5, 0x3d,
    0xcc, 0x7b, 0x50, 0x9, 0xee, 0xc2, 0x24, 0x0,
    0xda, 0x88, 0x83, 0x50, 0xf, 0x98, 0xac, 0x3,
    0xf4, 0xb, 0x80, 0x7c, 0xa7, 0x2, 0x1, 0xf7,
    0x85, 0x80,

    /* U+0159 "ř" */
    0x7d, 0x20, 0x6e, 0x27, 0x4c, 0x99, 0x69, 0x4,
    0xab, 0xc9, 0x80, 0x57, 0xcc, 0x0, 0x7d, 0x8,
    0xef, 0x10, 0x29, 0x66, 0x38, 0x80, 0x13, 0xe2,
    0x0, 0x14, 0x8, 0x7, 0x38, 0x7, 0x8c, 0x3,
    0xff, 0xa8,

    /* U+015A "Ś" */
    0x0, 0xe1, 0x85, 0x0, 0xfa, 0xdd, 0x80, 0x3c,
    0x8b, 0x66, 0x1, 0xe2, 0xb4, 0x0, 0xf9, 0x90,
    0x3, 0xc9, 0x9f, 0xee, 0xb4, 0x0, 0x2d, 0x8b,
    0xc3, 0xb1, 0x80, 0x20, 0x76, 0x1e, 0x75, 0xc0,
    0x6, 0xa0, 0x1f, 0x91, 0x6, 0x1, 0xf4, 0xe,
    0x49, 0x80, 0x71, 0x7b, 0x33, 0x30, 0x60, 0x18,
    0x67, 0xe4, 0x71, 0x40, 0x3c, 0xda, 0x56, 0x1,
    0xf9, 0x4, 0x3, 0xf2, 0x10, 0xf, 0x54, 0x3c,
    0x69, 0x40, 0xb, 0xbd, 0xc, 0xcc, 0x50,

    /* U+015B "ś" */
    0x0, 0xc7, 0xf6, 0x1, 0xde, 0x54, 0x1, 0x98,
    0x30, 0x40, 0x33, 0x60, 0x80, 0x43, 0x3d, 0xfd,
    0x68, 0x1a, 0xf1, 0x50, 0x1, 0x1c, 0xb2, 0xb5,
    0xa0, 0x14, 0xa0, 0x7, 0x79, 0x5e, 0xb8, 0x4,
    0x59, 0x6f, 0x1c, 0x60, 0x12, 0x56, 0x84, 0x0,
    0x71, 0x11, 0xc7, 0x61, 0x55, 0x27, 0x62, 0x8d,
    0x54, 0x49, 0x70,

    /* U+015C "Ŝ" */
    0x0, 0xcc, 0xe0, 0x1f, 0x34, 0xc4, 0x80, 0x71,
    0xcc, 0xb1, 0x9c, 0x3, 0x2d, 0xb1, 0xe8, 0x7,
    0x32, 0x0, 0x9, 0xc0, 0x32, 0x67, 0xfb, 0xad,
    0x0, 0xb, 0x62, 0xf0, 0xec, 0x60, 0x8, 0x1d,
    0x87, 0x9d, 0x70, 0x1, 0xa8, 0x7, 0xe4, 0x41,
    0x80, 0x7d, 0x3, 0x92, 0x60, 0x1c, 0x5e, 0xcc,
    0xcc, 0x18, 0x6, 0x19, 0xf9, 0x1c, 0x50, 0xf,
    0x36, 0x95, 0x80, 0x7e, 0x41, 0x0, 0xfc, 0x84,
    0x3, 0xd5, 0xf, 0x1a, 0x50, 0x2, 0xef, 0x43,
    0x33, 0x14, 0x0,

    /* U+015D "ŝ" */
    0x0, 0xb7, 0xdc, 0x3, 0x51, 0xb4, 0x20, 0x1,
    0x99, 0xf3, 0x31, 0x3, 0x60, 0x83, 0x69, 0x0,
    0xcf, 0x7f, 0x5a, 0x6, 0xbc, 0x54, 0x0, 0x47,
    0x2c, 0xad, 0x68, 0x5, 0x28, 0x1, 0xde, 0x57,
    0xae, 0x1, 0x16, 0x5b, 0xc7, 0x18, 0x4, 0x95,
    0xa1, 0x0, 0x1c, 0x44, 0x71, 0xd8, 0x55, 0x49,
    0xd8, 0xa3, 0x55, 0x12, 0x5c,

    /* U+015E "Ş" */
    0x0, 0x26, 0x7f, 0xba, 0xd0, 0x0, 0xb6, 0x2f,
    0xe, 0xc6, 0x0, 0x81, 0xd8, 0x79, 0xd7, 0x0,
    0x1a, 0x80, 0x7e, 0x44, 0x18, 0x7, 0xd0, 0x39,
    0x26, 0x1, 0xc5, 0xec, 0xcc, 0xc1, 0x80, 0x61,
    0x9f, 0x91, 0xc5, 0x0, 0xf3, 0x69, 0x58, 0x7,
    0xe4, 0x10, 0xf, 0xc8, 0x40, 0x3d, 0x50, 0xf1,
    0xa5, 0x0, 0x2e, 0xf4, 0x33, 0x31, 0x40, 0x13,
    0xbc, 0x1f, 0x66, 0x1, 0xc6, 0xdc, 0x40, 0x1e,
    0x28, 0x7, 0x0, 0xe2, 0xfe, 0x55, 0x0, 0x40,

    /* U+015F "ş" */
    0x1, 0x9e, 0xfe, 0xb4, 0xd, 0x78, 0xa8, 0x0,
    0x8e, 0x59, 0x5a, 0xd0, 0xa, 0x50, 0x3, 0xbc,
    0xaf, 0x5c, 0x2, 0x2c, 0xb7, 0x8e, 0x30, 0x9,
    0x2b, 0x42, 0x0, 0x38, 0x88, 0xe3, 0xb0, 0xaa,
    0x93, 0xb1, 0x46, 0xaa, 0x24, 0xb8, 0x4f, 0x49,
    0xeb, 0x0, 0x62, 0x7c, 0x0, 0xe4, 0xe3, 0x10,
    0x9, 0xfe, 0xe0, 0x40,

    /* U+0160 "Š" */
    0x0, 0x32, 0x0, 0x9, 0xc0, 0x31, 0x5b, 0x1e,
    0x0, 0x72, 0x4c, 0xb1, 0xdc, 0x1, 0xcd, 0x31,
    0x20, 0x1f, 0x33, 0x80, 0x79, 0x33, 0xfd, 0xd6,
    0x80, 0x5, 0xb1, 0x78, 0x76, 0x30, 0x4, 0xe,
    0xc3, 0xce, 0xb8, 0x0, 0xd4, 0x3, 0xf2, 0x20,
    0xc0, 0x3e, 0x81, 0xc9, 0x30, 0xe, 0x2f, 0x66,
    0x66, 0xc, 0x3, 0xc, 0xfc, 0x8e, 0x28, 0x7,
    0x9b, 0x4a, 0xc0, 0x3f, 0x20, 0x80, 0x7e, 0x42,
    0x1, 0xea, 0x87, 0x8d, 0x28, 0x1, 0x77, 0xa1,
    0x99, 0x8a, 0x0,

    /* U+0161 "š" */
    0x7, 0xd2, 0x6, 0xe2, 0x7, 0x4c, 0x99, 0x69,
    0x0, 0x25, 0x5e, 0x4c, 0x3, 0x5f, 0x30, 0x4,
    0x33, 0xdf, 0xd6, 0x81, 0xaf, 0x15, 0x0, 0x11,
    0xcb, 0x2b, 0x5a, 0x1, 0x4a, 0x0, 0x77, 0x95,
    0xeb, 0x80, 0x45, 0x96, 0xf1, 0xc6, 0x1, 0x25,
    0x68, 0x40, 0x7, 0x11, 0x1c, 0x76, 0x15, 0x52,
    0x76, 0x28, 0xd5, 0x44, 0x97,

    /* U+0162 "Ţ" */
    0xdf, 0xff, 0xdb, 0x11, 0x84, 0x51, 0x19, 0x5d,
    0xe3, 0x33, 0xbc, 0xa0, 0x1f, 0xff, 0xf0, 0xf,
    0xfe, 0x8a, 0x50, 0x7, 0xee, 0x97, 0x0, 0xf9,
    0xdd, 0x60, 0x1e, 0xbf, 0x48, 0x0, 0x80,

    /* U+0163 "ţ" */
    0x0, 0x30, 0x80, 0x74, 0x90, 0x6, 0x40, 0xe,
    0x8b, 0xc, 0xff, 0x5, 0x40, 0x4e, 0x60, 0x8,
    0x80, 0xa6, 0x60, 0xf, 0xfe, 0x90, 0x83, 0x0,
    0x65, 0x8, 0x66, 0x0, 0x6, 0x8e, 0x60, 0x40,
    0xa, 0x75, 0xc2, 0x1, 0x55, 0xb0, 0x6, 0x75,
    0xf0, 0xb, 0x7d, 0xec, 0x0,

    /* U+0164 "Ť" */
    0x0, 0x39, 0x80, 0xd, 0xc0, 0x31, 0x62, 0x23,
    0x8, 0x3, 0x2b, 0xdd, 0xa1, 0x40, 0x3a, 0x22,
    0x70, 0xf, 0x9d, 0xc0, 0x1b, 0x7f, 0xff, 0x6c,
    0x46, 0x11, 0x44, 0x65, 0x77, 0x8c, 0xce, 0xf2,
    0x80, 0x7f, 0xff, 0xc0, 0x3f, 0xf9, 0xa0,

    /* U+0165 "ť" */
    0x0, 0xf1, 0x7a, 0x80, 0x4, 0x2, 0x41, 0x50,
    0x7, 0x98, 0x3, 0xe0, 0x0, 0x62, 0x1, 0x4b,
    0x3, 0xe0, 0x67, 0xf8, 0x2, 0x58, 0x9, 0xcc,
    0x0, 0x44, 0x40, 0x53, 0x30, 0x7, 0xff, 0x70,
    0x41, 0x80, 0x3c, 0xa1, 0xc, 0xc0, 0xc, 0x34,
    0x13, 0x2, 0x0,

    /* U+0166 "Ŧ" */
    0xdf, 0xff, 0xdb, 0x71, 0x10, 0x8a, 0x22, 0xb6,
    0x77, 0x8c, 0x9d, 0xe6, 0x0, 0xff, 0xe5, 0x8,
    0x80, 0x46, 0x0, 0xa3, 0xb8, 0x44, 0xee, 0x38,
    0x2, 0xae, 0xc2, 0x57, 0x66, 0x0, 0x12, 0x20,
    0xc5, 0x10, 0x20, 0x1f, 0xfd, 0xd0,

    /* U+0167 "ŧ" */
    0x0, 0x30, 0x80, 0x74, 0x90, 0x6, 0x40, 0xe,
    0x8b, 0xc, 0xff, 0x5, 0x40, 0x4e, 0x60, 0x8,
    0x80, 0x46, 0x60, 0x9a, 0xb, 0xfe, 0x8, 0x80,
    0x4e, 0x60, 0x4, 0x81, 0x4c, 0x80, 0x3f, 0x84,
    0x18, 0x3, 0x28, 0x43, 0x30, 0x0, 0x34, 0x13,
    0x2,

    /* U+0168 "Ũ" */
    0x0, 0xff, 0xe0, 0x8e, 0xfd, 0x12, 0x60, 0x6,
    0x97, 0xb1, 0xdb, 0x90, 0xd, 0x56, 0x97, 0xba,
    0x50, 0xc, 0x42, 0x0, 0x22, 0x0, 0x4d, 0xe6,
    0x1, 0xc3, 0xf0, 0x1, 0xff, 0xff, 0x0, 0x18,
    0x38, 0x7, 0xe6, 0x2, 0x0, 0xe5, 0xe, 0x31,
    0xb1, 0x0, 0xd0, 0xe, 0x14, 0x5f, 0x2f, 0x1a,
    0x72, 0x20, 0x98, 0xaf, 0xc, 0xcb, 0x60,

    /* U+0169 "ũ" */
    0x1, 0xdf, 0x92, 0x5c, 0x0, 0x43, 0xd2, 0xed,
    0x48, 0x2, 0xe9, 0x73, 0x79, 0x42, 0x74, 0x2,
    0x21, 0xf9, 0x0, 0xff, 0xf3, 0x88, 0x3, 0x80,
    0x80, 0x27, 0x0, 0x28, 0x71, 0x93, 0x40, 0x0,
    0xac, 0x33, 0x76, 0x30,

    /* U+016A "Ū" */
    0x0, 0xff, 0xe0, 0x8f, 0xff, 0x20, 0x6, 0x1c,
    0xce, 0x40, 0xe, 0x33, 0xe0, 0x9, 0xbc, 0xc0,
    0x38, 0x7e, 0x0, 0x3f, 0xff, 0xe0, 0x3, 0x7,
    0x0, 0xfc, 0xc0, 0x40, 0x1c, 0xa1, 0xc6, 0x36,
    0x20, 0x1a, 0x1, 0xc2, 0x8b, 0xe5, 0xe3, 0x4e,
    0x44, 0x13, 0x15, 0xe1, 0x99, 0x6c, 0x0,

    /* U+016B "ū" */
    0x0, 0x8, 0xf0, 0x4, 0x5d, 0xdc, 0x60, 0x2,
    0xbb, 0xe3, 0x9, 0xf4, 0x4e, 0xf9, 0x0, 0xff,
    0xf3, 0x88, 0x3, 0x80, 0x80, 0x27, 0x0, 0x28,
    0x71, 0x93, 0x40, 0x0, 0xac, 0x33, 0x76, 0x30,

    /* U+016C "Ŭ" */
    0x0, 0xf, 0x18, 0x16, 0xa0, 0x6, 0x16, 0xcf,
    0xd4, 0x40, 0x7, 0x47, 0x67, 0x48, 0x7, 0xc2,
    0x62, 0x1, 0x9b, 0xcc, 0x3, 0x87, 0xe0, 0x3,
    0xff, 0xfe, 0x0, 0x30, 0x70, 0xf, 0xcc, 0x4,
    0x1, 0xca, 0x1c, 0x63, 0x62, 0x1, 0xa0, 0x1c,
    0x28, 0xbe, 0x5e, 0x34, 0xe4, 0x41, 0x31, 0x5e,
    0x19, 0x96, 0xc0,

    /* U+016D "ŭ" */
    0x3, 0xc0, 0xa, 0xd0, 0x0, 0x64, 0xa2, 0xaa,
    0x40, 0xa, 0xeb, 0xaa, 0xc0, 0x32, 0xf6, 0x72,
    0x80, 0x27, 0xc0, 0x4c, 0x43, 0xe4, 0x3, 0xff,
    0xce, 0x20, 0xe, 0x2, 0x0, 0x9c, 0x0, 0xa1,
    0xc6, 0x4d, 0x0, 0x2, 0xb0, 0xcd, 0xd8, 0xc0,

    /* U+016E "Ů" */
    0x0, 0x86, 0xfb, 0x8, 0x3, 0xc8, 0x1c, 0xb4,
    0x1, 0xe4, 0xe, 0x5a, 0x0, 0xf0, 0xdf, 0x61,
    0x0, 0x7f, 0xf0, 0x9b, 0xcc, 0x3, 0x87, 0xe0,
    0x3, 0xff, 0xfe, 0x0, 0x30, 0x70, 0xf, 0xcc,
    0x4, 0x1, 0xca, 0x1c, 0x63, 0x62, 0x1, 0xa0,
    0x1c, 0x28, 0xbe, 0x5e, 0x34, 0xe4, 0x41, 0x31,
    0x5e, 0x19, 0x96, 0xc0,

    /* U+016F "ů" */
    0x0, 0xab, 0xac, 0x40, 0x32, 0x8f, 0xb, 0x0,
    0x7c, 0x60, 0x1c, 0xa3, 0xc4, 0xc0, 0x1d, 0x5d,
    0x62, 0x0, 0x9f, 0x0, 0xef, 0x90, 0xf, 0xff,
    0x38, 0x80, 0x38, 0x8, 0x2, 0x70, 0x2, 0x87,
    0x19, 0x34, 0x0, 0xa, 0xc3, 0x37, 0x63, 0x0,

    /* U+0170 "Ű" */
    0x0, 0x93, 0x98, 0xba, 0x40, 0x3a, 0x55, 0xa0,
    0xe4, 0x3, 0x3b, 0x5a, 0x3e, 0x0, 0x73, 0xd8,
    0x26, 0x88, 0x7, 0xff, 0x9, 0xbc, 0xc0, 0x38,
    0x7e, 0x0, 0x3f, 0xff, 0xe0, 0x3, 0x7, 0x0,
    0xfc, 0xc0, 0x40, 0x1c, 0xa1, 0xc6, 0x36, 0x20,
    0x1a, 0x1, 0xc2, 0x8b, 0xe5, 0xe3, 0x4e, 0x44,
    0x13, 0x15, 0xe1, 0x99, 0x6c, 0x0,

    /* U+0171 "ű" */
    0x0, 0x2f, 0xb1, 0xfc, 0x0, 0x56, 0xad, 0xe7,
    0x0, 0x7, 0x4a, 0x50, 0xd0, 0x9, 0xe8, 0x17,
    0x4, 0x1, 0x3e, 0x1, 0xdf, 0x20, 0x1f, 0xfe,
    0x71, 0x0, 0x70, 0x10, 0x4, 0xe0, 0x5, 0xe,
    0x32, 0x68, 0x0, 0x15, 0x86, 0x6e, 0xc6, 0x0,

    /* U+0172 "Ų" */
    0x6f, 0x30, 0xe, 0x1f, 0x80, 0xf, 0xff, 0xf8,
    0x0, 0xc1, 0xc0, 0x3f, 0x30, 0x10, 0x7, 0x28,
    0x71, 0x8d, 0x88, 0x6, 0x80, 0x70, 0xa2, 0xf9,
    0x78, 0xd3, 0x91, 0x4, 0xc5, 0x78, 0x62, 0x76,
    0x0, 0x8e, 0xfb, 0xe0, 0xe0, 0x3, 0xf5, 0xd8,
    0x3, 0xfd, 0xc2, 0x1, 0xfa, 0xdb, 0x80, 0x0,

    /* U+0173 "ų" */
    0x9f, 0x0, 0xef, 0x90, 0xf, 0xff, 0x38, 0x80,
    0x38, 0x8, 0x2, 0x70, 0x2, 0x87, 0x19, 0x34,
    0x0, 0xa, 0xc3, 0x37, 0x63, 0x0, 0x26, 0x7f,
    0xad, 0x42, 0x40, 0x38, 0x67, 0xc0, 0x3c, 0x40,
    0xe2, 0x1, 0xc6, 0x97, 0x60,

    /* U+0174 "Ŵ" */
    0x0, 0xf9, 0x20, 0x80, 0x3f, 0xf8, 0x25, 0x6f,
    0xc0, 0x1f, 0xfc, 0x1, 0xc6, 0xe1, 0xa0, 0xf,
    0xf9, 0x6e, 0x47, 0x74, 0x40, 0x1f, 0xe4, 0x50,
    0x9, 0xc8, 0x3, 0xab, 0xc0, 0x3a, 0xbd, 0x0,
    0x32, 0xfa, 0xe0, 0x20, 0x6, 0x50, 0xd0, 0xd,
    0x80, 0x88, 0xc, 0x0, 0x90, 0x11, 0xc0, 0x32,
    0x10, 0x91, 0x10, 0x2, 0xc0, 0xe1, 0x20, 0x0,
    0x92, 0x0, 0x10, 0xc0, 0x25, 0x58, 0x14, 0x0,
    0x81, 0x80, 0xc, 0x4, 0x1, 0x2c, 0x4, 0xb0,
    0x6, 0x2, 0x0, 0x10, 0x30, 0x1c, 0x1c, 0x30,
    0xc4, 0x10, 0xc4, 0x0, 0x24, 0x81, 0xa4, 0x20,
    0xa0, 0xe2, 0x48, 0x1, 0x94, 0xc5, 0x14, 0x0,
    0x44, 0xc4, 0xc, 0x0, 0xd8, 0xc, 0x18, 0x1,
    0x22, 0x34, 0x10, 0x3, 0x20, 0x50, 0x20, 0x5,
    0xa2, 0xa8, 0x1, 0xe3, 0x25, 0x0, 0xc8, 0x5,
    0x80, 0x1e, 0x40, 0xc0, 0xe, 0x40, 0x40, 0x8,

    /* U+0175 "ŵ" */
    0x0, 0xe2, 0xff, 0x18, 0x7, 0xf0, 0xfa, 0x2e,
    0x90, 0x7, 0xe8, 0x5b, 0xa9, 0x80, 0xf, 0xd3,
    0x0, 0x7, 0xa0, 0xd, 0x5e, 0x1, 0xbb, 0xc4,
    0x2, 0xcd, 0xc0, 0x30, 0x1, 0x88, 0x38, 0x4,
    0x6a, 0x80, 0x80, 0xb, 0x24, 0xd0, 0x2, 0x6,
    0x10, 0xe0, 0x1, 0x5f, 0x10, 0x1, 0x80, 0x80,
    0xe8, 0x4, 0x4f, 0x40, 0x40, 0x54, 0x0, 0x60,
    0x1a, 0x82, 0x98, 0xe8, 0x96, 0x0, 0x10, 0x13,
    0x10, 0x0, 0xe8, 0x80, 0x40, 0x0, 0x96, 0xa6,
    0x80, 0x30, 0xbc, 0x4c, 0x2, 0x55, 0x3, 0x80,
    0x14, 0x15, 0x0, 0x36, 0x1, 0x88, 0x4, 0x81,
    0x80, 0x0,

    /* U+0176 "Ŷ" */
    0x0, 0xce, 0xe0, 0xf, 0xcd, 0x10, 0x90, 0xf,
    0x24, 0xd5, 0xb3, 0x0, 0x38, 0xf1, 0x53, 0x44,
    0x3, 0x9c, 0xc0, 0x4, 0xe0, 0x15, 0xf8, 0x80,
    0x76, 0xf0, 0x40, 0x48, 0x6, 0x52, 0x80, 0x35,
    0x71, 0x0, 0xa0, 0x98, 0x1, 0x1, 0x0, 0x6,
    0x29, 0x0, 0x89, 0x98, 0x21, 0x6, 0x80, 0x1a,
    0x2, 0x18, 0x7c, 0x3, 0x85, 0xda, 0x10, 0xc0,
    0x3d, 0x22, 0x29, 0x0, 0xf8, 0x54, 0x48, 0x3,
    0xff, 0xc8,

    /* U+0177 "ŷ" */
    0x0, 0xa7, 0xec, 0x3, 0xce, 0xd0, 0xb2, 0x1,
    0x8f, 0x35, 0xf0, 0x94, 0x2, 0x3b, 0x20, 0x2b,
    0x50, 0x6, 0x70, 0x7, 0x5f, 0x85, 0xa, 0x0,
    0x42, 0x8c, 0xc, 0x1c, 0x1, 0x38, 0x50, 0x1,
    0x94, 0x40, 0x14, 0x46, 0x0, 0xb0, 0x70, 0x23,
    0xa0, 0x8, 0x8e, 0x81, 0x41, 0x80, 0x35, 0x19,
    0x52, 0x8, 0x6, 0x60, 0xb2, 0xe0, 0xf, 0x33,
    0x1, 0x40, 0x3d, 0x40, 0xc0, 0x1f, 0x28, 0x50,
    0x7, 0xd6, 0x66, 0x0, 0xc8, 0xb6, 0x50, 0x1,
    0xdf, 0x4d, 0x48, 0x1, 0xc0,

    /* U+0178 "Ÿ" */
    0x0, 0x1e, 0x8, 0x5a, 0x80, 0x73, 0x99, 0x81,
    0x88, 0x3, 0x93, 0xc8, 0x35, 0xc0, 0x3f, 0xf8,
    0x57, 0xe2, 0x1, 0xdb, 0xc1, 0x1, 0x20, 0x19,
    0x4a, 0x0, 0xd5, 0xc4, 0x2, 0x82, 0x60, 0x4,
    0x4, 0x0, 0x18, 0xa4, 0x2, 0x26, 0x60, 0x84,
    0x1a, 0x0, 0x68, 0x8, 0x61, 0xf0, 0xe, 0x17,
    0x68, 0x43, 0x0, 0xf4, 0x88, 0xa4, 0x3, 0xe1,
    0x51, 0x20, 0xf, 0xff, 0x20,

    /* U+0179 "Ź" */
    0x0, 0xe1, 0x86, 0x0, 0xfa, 0x1c, 0x80, 0x3c,
    0x6d, 0x28, 0x1, 0xe6, 0xb6, 0x0, 0xf9, 0x50,
    0x3, 0xf, 0xff, 0xe6, 0x18, 0x8f, 0x10, 0x28,
    0x3b, 0xf2, 0x13, 0x18, 0x7, 0xb8, 0x64, 0x3,
    0xd0, 0x54, 0x1, 0xe3, 0x76, 0x40, 0xf, 0x70,
    0xc8, 0x7, 0xa0, 0xa8, 0x3, 0xc6, 0xea, 0x80,
    0x1e, 0xe1, 0xb0, 0xf, 0x39, 0x58, 0x80, 0x71,
    0x40, 0x93, 0xbf, 0x23, 0x80, 0xc4, 0x7b, 0x40,

    /* U+017A "ź" */
    0x0, 0xcb, 0xf2, 0x1, 0x86, 0xd2, 0x40, 0x33,
    0x3d, 0x80, 0x73, 0xc8, 0x6, 0xff, 0xf5, 0x6,
    0x66, 0x70, 0xc0, 0x33, 0x89, 0x91, 0x80, 0x35,
    0x8c, 0x80, 0x65, 0x54, 0x90, 0x4, 0x36, 0x8c,
    0x1, 0xac, 0x68, 0x3, 0x2a, 0xa8, 0x40, 0x21,
    0xb2, 0x14, 0x48, 0xd4, 0x4a, 0xef, 0x78,

    /* U+017B "Ż" */
    0x0, 0xd1, 0xc2, 0x1, 0xf0, 0x88, 0x3, 0xf4,
    0xf8, 0x80, 0x7f, 0xf0, 0x47, 0xff, 0xf3, 0xc,
    0x47, 0x88, 0x14, 0x1d, 0xf9, 0x9, 0x8c, 0x3,
    0xdc, 0x32, 0x1, 0xe8, 0x2a, 0x0, 0xf1, 0xbb,
    0x20, 0x7, 0xb8, 0x64, 0x3, 0xd0, 0x54, 0x1,
    0xe3, 0x75, 0x40, 0xf, 0x70, 0xd8, 0x7, 0x9c,
    0xac, 0x40, 0x38, 0xa0, 0x49, 0xdf, 0x91, 0xc0,
    0x62, 0x3d, 0xa0,

    /* U+017C "ż" */
    0x0, 0xa3, 0x84, 0x3, 0xc2, 0x1, 0xe8, 0xf1,
    0x0, 0xff, 0xbf, 0xfd, 0x41, 0x99, 0x9c, 0x30,
    0xc, 0xe2, 0x64, 0x60, 0xd, 0x63, 0x20, 0x19,
    0x55, 0x24, 0x1, 0xd, 0xa3, 0x0, 0x6b, 0x1a,
    0x0, 0xca, 0xaa, 0x10, 0x8, 0x6c, 0x85, 0x12,
    0x35, 0x12, 0xbb, 0xde,

    /* U+017D "Ž" */
    0x0, 0x32, 0x0, 0x5, 0xc4, 0x2, 0x5b, 0x72,
    0xfe, 0x10, 0x8, 0xea, 0x35, 0x64, 0x3, 0x96,
    0x5e, 0x80, 0x3e, 0x68, 0x10, 0x8, 0x7f, 0xff,
    0x30, 0xc4, 0x78, 0x81, 0x41, 0xdf, 0x90, 0x98,
    0xc0, 0x3d, 0xc3, 0x20, 0x1e, 0x82, 0xa0, 0xf,
    0x1b, 0xb2, 0x0, 0x7b, 0x86, 0x40, 0x3d, 0x5,
    0x40, 0x1e, 0x37, 0x54, 0x0, 0xf7, 0xd, 0x80,
    0x79, 0xca, 0xc4, 0x3, 0x8a, 0x4, 0x9d, 0xf9,
    0x1c, 0x6, 0x23, 0xda,

    /* U+017E "ž" */
    0x8, 0xd2, 0x8, 0xd1, 0x8, 0x4c, 0xb6, 0xf1,
    0x0, 0x4a, 0x3e, 0x90, 0x6, 0xac, 0x30, 0xb,
    0xff, 0xd4, 0x19, 0x99, 0xc3, 0x0, 0xce, 0x26,
    0x46, 0x0, 0xd6, 0x32, 0x1, 0x95, 0x52, 0x40,
    0x10, 0xda, 0x30, 0x6, 0xb1, 0xa0, 0xc, 0xaa,
    0xa1, 0x0, 0x86, 0xc8, 0x51, 0x23, 0x51, 0x2b,
    0xbd, 0xe0,

    /* U+017F "ſ" */
    0x4, 0xdf, 0xe5, 0x1b, 0x9, 0x93, 0xb8, 0x39,
    0x9c, 0x84, 0x8, 0x3, 0xff, 0xe6,

    /* U+0400 "Ѐ" */
    0x0, 0x34, 0x8, 0x7, 0x2b, 0xd8, 0x7, 0x1d,
    0xaa, 0x0, 0x72, 0x58, 0x80, 0x79, 0x14, 0x0,
    0x9f, 0xfe, 0xe0, 0x2, 0xc4, 0x70, 0x3, 0xdd,
    0xf3, 0x0, 0x7f, 0xf1, 0x88, 0xb8, 0x40, 0x11,
    0xbb, 0xa0, 0x0, 0xf5, 0x5c, 0x0, 0xd5, 0x5c,
    0x60, 0x1f, 0xfc, 0x6f, 0x77, 0xcc, 0x0, 0x58,
    0x8e,

    /* U+0401 "Ё" */
    0x0, 0xff, 0x65, 0x85, 0xe0, 0x4, 0xe2, 0x2,
    0xe0, 0x15, 0xd0, 0x55, 0x82, 0x7f, 0xfb, 0x80,
    0xb, 0x11, 0xc0, 0xf, 0x77, 0xcc, 0x1, 0xff,
    0xc6, 0x22, 0xe1, 0x0, 0x46, 0xee, 0x80, 0x3,
    0xd5, 0x70, 0x3, 0x55, 0x71, 0x80, 0x7f, 0xf1,
    0xbd, 0xdf, 0x30, 0x1, 0x62, 0x38,

    /* U+0402 "Ђ" */
    0xdf, 0xff, 0xca, 0x0, 0x88, 0x88, 0x62, 0x33,
    0x80, 0x15, 0xdc, 0xc6, 0xef, 0x88, 0x3, 0xff,
    0x8c, 0x60, 0x1, 0x0, 0xfc, 0x3b, 0xfd, 0xfa,
    0xa0, 0x1e, 0x49, 0xa9, 0xa, 0x50, 0xc, 0x32,
    0xca, 0xd8, 0x12, 0x1, 0xfc, 0x28, 0x60, 0x1f,
    0xfc, 0x91, 0x44, 0x0, 0x78, 0xde, 0x3c, 0x20,
    0x3, 0xcd, 0xe, 0x56, 0x60,

    /* U+0403 "Ѓ" */
    0x0, 0xe7, 0x70, 0x7, 0x44, 0xc, 0x3, 0x13,
    0xca, 0x0, 0x66, 0xa6, 0x0, 0xe4, 0x50, 0x9,
    0x3f, 0xfd, 0x80, 0x5, 0x88, 0xd2, 0x0, 0xf7,
    0x7c, 0xa0, 0x1f, 0xff, 0xf0, 0xe,

    /* U+0404 "Є" */
    0x0, 0x9f, 0x3f, 0xdd, 0x48, 0x5, 0xb0, 0xf,
    0xe, 0x86, 0x1e, 0x55, 0x90, 0xf3, 0xce, 0xc4,
    0xea, 0x1, 0xed, 0x9, 0x0, 0xf9, 0x84, 0xc8,
    0xb8, 0x0, 0x63, 0xbb, 0xe1, 0x3, 0x1a, 0xaf,
    0x8, 0x30, 0xaa, 0xf8, 0x1, 0x80, 0xc0, 0x1f,
    0x30, 0xca, 0x0, 0x78, 0x74, 0x2e, 0xd0, 0xf1,
    0x8e, 0x7, 0xce, 0xcf, 0xc, 0xe8,

    /* U+0405 "Ѕ" */
    0x0, 0x26, 0x7f, 0xba, 0xd0, 0x0, 0xb6, 0x2f,
    0xe, 0xc6, 0x0, 0x81, 0xd8, 0x79, 0xd7, 0x0,
    0x1a, 0x80, 0x7e, 0x44, 0x18, 0x7, 0xd0, 0x39,
    0x26, 0x1, 0xc5, 0xec, 0xcc, 0xc1, 0x80, 0x61,
    0x9f, 0x91, 0xc5, 0x0, 0xf3, 0x69, 0x58, 0x7,
    0xe4, 0x10, 0xf, 0xc8, 0x40, 0x3d, 0x50, 0xf1,
    0xa5, 0x0, 0x2e, 0xf4, 0x33, 0x31, 0x40,

    /* U+0406 "І" */
    0x4f, 0x50, 0xf, 0xfe, 0xc0,

    /* U+0407 "Ї" */
    0x0, 0xe5, 0xf3, 0xf7, 0x0, 0x8, 0xcb, 0xe5,
    0xcc, 0x9, 0xea, 0x1, 0xff, 0xf1,

    /* U+0408 "Ј" */
    0x0, 0x97, 0xd0, 0x3, 0xff, 0xfe, 0x60, 0xe2,
    0x47, 0x62, 0x6f, 0xb8, 0x54, 0xd, 0x76, 0xf4,
    0x0,

    /* U+0409 "Љ" */
    0x0, 0xbb, 0xff, 0xd4, 0x1, 0xff, 0x1c, 0x46,
    0x0, 0xff, 0xe0, 0xa, 0x3b, 0xe0, 0xf, 0xfe,
    0xf, 0x80, 0x7f, 0xf0, 0xc4, 0x4, 0x3, 0xc2,
    0x20, 0xf, 0x8c, 0x3, 0xe5, 0xee, 0x7e, 0xb8,
    0x6, 0x10, 0x30, 0xe, 0x4b, 0xb4, 0xb4, 0x48,
    0x4, 0xe0, 0xc0, 0x1c, 0x28, 0x86, 0xb4, 0x61,
    0x0, 0x8, 0x8, 0x7, 0xfb, 0x0, 0x80, 0x4,
    0x6, 0x1, 0xff, 0xc3, 0xc1, 0x10, 0x7, 0xf0,
    0xd0, 0x1c, 0xda, 0x30, 0x7, 0x9e, 0x65, 0x5c,
    0x52, 0x8, 0x94, 0x80, 0x78, 0x99, 0x88, 0x8b,
    0x60,

    /* U+040A "Њ" */
    0x4f, 0x50, 0xe, 0xbe, 0x0, 0xff, 0xf8, 0x18,
    0x8f, 0x0, 0x4, 0x60, 0xf, 0x4f, 0x77, 0x20,
    0xf7, 0x69, 0x10, 0x9, 0xee, 0xf8, 0xc2, 0xed,
    0x4e, 0xd8, 0x1, 0x6a, 0x27, 0x38, 0xa2, 0x16,
    0x60, 0x94, 0x3, 0xff, 0x84, 0xa1, 0xa0, 0x1f,
    0xfd, 0x3b, 0xc, 0x0, 0xfe, 0x16, 0x63, 0xdb,
    0x22, 0x0, 0x3f, 0xd3, 0x28, 0x78, 0xb0,

    /* U+040B "Ћ" */
    0xdf, 0xff, 0xca, 0x0, 0x88, 0x88, 0x62, 0x33,
    0x80, 0x15, 0xdc, 0xc0, 0xef, 0x88, 0x3, 0xff,
    0x92, 0x22, 0x0, 0xf8, 0x77, 0xfb, 0xa6, 0x0,
    0xf2, 0x4d, 0x49, 0xca, 0x0, 0x61, 0x96, 0x56,
    0xc0, 0xf0, 0xf, 0xe1, 0x36, 0x0, 0xff, 0x39,
    0x80, 0x7f, 0xf6, 0x0,

    /* U+040C "Ќ" */
    0x0, 0xe3, 0x84, 0x0, 0xfd, 0xa8, 0x80, 0xf,
    0xa0, 0xf4, 0x3, 0xf7, 0xe0, 0x80, 0x7e, 0x71,
    0x0, 0xe4, 0xf5, 0x0, 0xcb, 0xec, 0x1, 0xf0,
    0xda, 0x30, 0x7, 0xd0, 0x32, 0x1, 0xf2, 0x34,
    0x10, 0x7, 0xd2, 0x4e, 0x1, 0xc4, 0x49, 0x2e,
    0x0, 0xf4, 0x6b, 0x19, 0x80, 0x3c, 0xd4, 0xa6,
    0x80, 0x1e, 0xc5, 0xa1, 0xa1, 0x0, 0xfd, 0xa3,
    0x60, 0x1f, 0x8d, 0xd5, 0x40, 0x1f, 0xa0, 0xac,
    0x40, 0x3f, 0x78, 0xd0, 0x0,

    /* U+040D "Ѝ" */
    0x0, 0x8a, 0x14, 0x3, 0xf1, 0x12, 0x88, 0x3,
    0xf5, 0x1c, 0x80, 0x7f, 0x66, 0x4, 0x3, 0xf9,
    0xc4, 0x2, 0x4f, 0x50, 0xe, 0x3f, 0xd0, 0xf,
    0xdc, 0x1, 0xfc, 0xe4, 0x60, 0x1f, 0x14, 0x41,
    0xc0, 0x3e, 0x93, 0x70, 0xf, 0x95, 0x3c, 0x1c,
    0x3, 0x86, 0xd8, 0xc0, 0x3e, 0x80, 0x90, 0xf,
    0x8d, 0xa8, 0x3, 0xf7, 0x2a, 0x0, 0x7d, 0x25,
    0x60, 0x1f, 0x8e, 0x44, 0x3, 0xf1, 0xb0, 0x7,
    0xc0,

    /* U+040E "Ў" */
    0x0, 0x9d, 0x40, 0xe, 0x80, 0x1e, 0x1a, 0xff,
    0x53, 0x0, 0x79, 0xbf, 0x7b, 0x48, 0x3, 0xf1,
    0x8, 0x7, 0x57, 0x90, 0x7, 0xb7, 0x41, 0x1,
    0x0, 0x1c, 0x85, 0x60, 0x4a, 0xa2, 0x0, 0xde,
    0x2c, 0x0, 0x80, 0x80, 0x8, 0x91, 0x80, 0x22,
    0x65, 0x20, 0x5, 0x84, 0x80, 0x68, 0x8, 0x1,
    0x65, 0x10, 0xc, 0x2c, 0xa4, 0xc1, 0x0, 0x1e,
    0x80, 0x89, 0x42, 0x0, 0xf0, 0xba, 0x8f, 0x80,
    0x7e, 0xa0, 0x24, 0x0, 0xfd, 0x61, 0x0, 0x1e,
    0x59, 0xc6, 0x55, 0x0, 0x78, 0x98, 0x9a, 0x80,
    0x3c,

    /* U+040F "Џ" */
    0x4f, 0x50, 0xe, 0x3f, 0x60, 0xf, 0xff, 0xf8,
    0x7, 0xff, 0x67, 0xd9, 0xba, 0xc0, 0x32, 0xcc,
    0xf3, 0x80, 0x13, 0xfe, 0xc0, 0xaf, 0xf9, 0x80,
    0x3f, 0xf9, 0x40,

    /* U+0410 "А" */
    0x0, 0xc5, 0xf4, 0x1, 0xfd, 0x60, 0xa2, 0x1,
    0xf9, 0xd8, 0x18, 0x3, 0xe5, 0x1a, 0x3a, 0x0,
    0xfb, 0x84, 0xe8, 0x8c, 0x3, 0x85, 0x18, 0x1c,
    0x28, 0x3, 0x98, 0x2c, 0x5, 0x18, 0x3, 0xa8,
    0x44, 0x44, 0xc0, 0x50, 0x9, 0x8, 0x77, 0x68,
    0x9, 0x0, 0xb8, 0x2a, 0xb9, 0xc, 0x80, 0x55,
    0x7e, 0x80, 0xa0, 0x70, 0xe0, 0xe, 0x32, 0x60,
    0xa2, 0x40, 0xf, 0x58, 0xa0,

    /* U+0411 "Б" */
    0x4f, 0xff, 0x9c, 0x2, 0x58, 0x8e, 0x40, 0xb,
    0xdd, 0xf8, 0xc0, 0x3f, 0xf8, 0x26, 0x22, 0x0,
    0xfa, 0x7b, 0x9f, 0xac, 0x1, 0x9a, 0xed, 0x23,
    0x2e, 0xe, 0x1e, 0x88, 0x6c, 0x28, 0x0, 0xfc,
    0xa0, 0x40, 0x1f, 0x8, 0x18, 0x7, 0x85, 0xc4,
    0x40, 0xc, 0x66, 0x47, 0x8d, 0x80, 0x4b, 0x32,
    0x65, 0xc5, 0x0,

    /* U+0412 "В" */
    0x4f, 0xfe, 0xc8, 0x0, 0xcd, 0x32, 0x87, 0x76,
    0x0, 0x58, 0xcc, 0x7b, 0x53, 0x30, 0x7, 0xd8,
    0xe, 0x1, 0xf7, 0x3, 0x0, 0xc, 0x44, 0x4c,
    0xec, 0x40, 0x9, 0xee, 0x6c, 0xbc, 0x80, 0x4f,
    0x76, 0xa8, 0x6d, 0x10, 0x6, 0xa2, 0x15, 0xf4,
    0xa0, 0x3, 0xe3, 0x2, 0x0, 0xf9, 0x0, 0x80,
    0x18, 0xcd, 0x4d, 0x8d, 0x80, 0x1a, 0x66, 0x75,
    0xc2,

    /* U+0413 "Г" */
    0x4f, 0xff, 0x60, 0x1, 0x62, 0x34, 0x80, 0x3d,
    0xdf, 0x28, 0x7, 0xff, 0xfc, 0x3, 0x80,

    /* U+0414 "Д" */
    0x0, 0x9f, 0xff, 0xe4, 0x0, 0xde, 0x11, 0x19,
    0x40, 0x3f, 0x3b, 0xef, 0x0, 0xf0, 0x88, 0x3,
    0xfe, 0x33, 0x0, 0x7f, 0xc2, 0x20, 0xf, 0xf9,
    0xdc, 0x1, 0xff, 0x11, 0x0, 0x3f, 0xc4, 0x3e,
    0x1, 0xfe, 0x50, 0x40, 0xf, 0xf4, 0x99, 0x0,
    0x7e, 0x5a, 0x16, 0x77, 0xef, 0xd, 0x68, 0x50,
    0x58, 0x8e, 0x50, 0x69, 0x4, 0xff, 0xfe, 0x60,
    0xf, 0xfe, 0x13, 0x8, 0x7, 0xf0, 0x90,

    /* U+0415 "Е" */
    0x4f, 0xff, 0x70, 0x1, 0x62, 0x38, 0x1, 0xee,
    0xf9, 0x80, 0x3f, 0xf8, 0xc4, 0x5c, 0x20, 0x8,
    0xdd, 0xd0, 0x0, 0x7a, 0xae, 0x0, 0x6a, 0xae,
    0x30, 0xf, 0xfe, 0x37, 0xbb, 0xe6, 0x0, 0x2c,
    0x47, 0x0,

    /* U+0416 "Ж" */
    0x5f, 0x60, 0xd, 0x5c, 0x1, 0x8b, 0xe4, 0x15,
    0x20, 0x40, 0x3f, 0xa4, 0x64, 0x1, 0x43, 0x60,
    0x1f, 0x99, 0x2c, 0x2, 0x18, 0x54, 0x0, 0xf0,
    0xc2, 0x28, 0x6, 0x72, 0x90, 0xf, 0x40, 0xc8,
    0x7, 0xb8, 0xa0, 0x84, 0x9, 0x1a, 0x8, 0x3,
    0xc6, 0x67, 0xd4, 0x1d, 0xb0, 0x70, 0xf, 0x90,
    0xd6, 0x8c, 0x2a, 0x2, 0x0, 0x3c, 0x34, 0x54,
    0xac, 0x2a, 0xea, 0xe6, 0x1, 0xd6, 0x3c, 0x1,
    0xeb, 0x1e, 0x0, 0xc8, 0xae, 0x60, 0x1e, 0x1a,
    0x28, 0x0, 0xd, 0x14, 0x0, 0x7e, 0x45, 0x73,
    0xb, 0x1e, 0x0, 0xff, 0x58, 0xf0, 0x0,

    /* U+0417 "З" */
    0x8, 0xcf, 0xfb, 0x18, 0x2, 0x46, 0x89, 0x71,
    0x98, 0x0, 0x65, 0x3b, 0x46, 0x8b, 0x0, 0x7e,
    0x32, 0x0, 0x84, 0x63, 0xa2, 0x80, 0xa, 0xfb,
    0x98, 0xf8, 0x80, 0x14, 0xdd, 0xa4, 0x71, 0x80,
    0x23, 0x44, 0x36, 0x1c, 0x88, 0x7, 0xd4, 0x8,
    0x1, 0xf0, 0x80, 0x7e, 0x1a, 0x4, 0x47, 0x53,
    0xba, 0x7c, 0xa0, 0x59, 0x1e, 0x20, 0xeb, 0x6e,
    0x0,

    /* U+0418 "И" */
    0x4f, 0x50, 0xe, 0x3f, 0xd0, 0xf, 0xdc, 0x1,
    0xfc, 0xe4, 0x60, 0x1f, 0x14, 0x41, 0xc0, 0x3e,
    0x93, 0x70, 0xf, 0x95, 0x3c, 0x1c, 0x3, 0x86,
    0xd8, 0xc0, 0x3e, 0x80, 0x90, 0xf, 0x8d, 0xa8,
    0x3, 0xf7, 0x2a, 0x0, 0x7d, 0x25, 0x60, 0x1f,
    0x8e, 0x44, 0x3, 0xf1, 0xb0, 0x7, 0xc0,

    /* U+0419 "Й" */
    0x0, 0x9d, 0x0, 0xc, 0x80, 0x1d, 0x90, 0x7,
    0x24, 0x1, 0xd2, 0x3f, 0x8a, 0xc0, 0x1c, 0x5b,
    0xae, 0xa0, 0x9, 0x3d, 0x40, 0x4, 0x20, 0x7f,
    0xa0, 0x1f, 0xb8, 0x3, 0xf9, 0xc8, 0xc0, 0x3e,
    0x28, 0x83, 0x80, 0x7d, 0x26, 0xe0, 0x1f, 0x2a,
    0x78, 0x38, 0x7, 0xd, 0xb1, 0x80, 0x7d, 0x1,
    0x20, 0x1f, 0x1b, 0x50, 0x7, 0xee, 0x54, 0x0,
    0xfa, 0x4a, 0xc0, 0x3f, 0x1c, 0x88, 0x7, 0xe3,
    0x60, 0xf, 0x80,

    /* U+041A "К" */
    0x4f, 0x50, 0xc, 0xbe, 0xc0, 0x1f, 0xd, 0xa3,
    0x0, 0x7d, 0x3, 0x20, 0x1f, 0x23, 0x41, 0x0,
    0x7d, 0x24, 0xe0, 0x1c, 0x44, 0x92, 0xe0, 0xf,
    0x46, 0xb1, 0x98, 0x3, 0xcd, 0x4a, 0x68, 0x1,
    0xec, 0x5a, 0x1a, 0x10, 0xf, 0xda, 0x36, 0x1,
    0xf8, 0xdd, 0x54, 0x1, 0xfa, 0xa, 0xc4, 0x3,
    0xf7, 0x8d, 0x0,

    /* U+041B "Л" */
    0x0, 0xbb, 0xff, 0xda, 0x1, 0x8e, 0x23, 0x8,
    0x6, 0x14, 0x77, 0xc4, 0x1, 0xde, 0x1, 0xf8,
    0x40, 0x40, 0x3f, 0x18, 0x7, 0xf8, 0x40, 0xc0,
    0x3f, 0x38, 0x30, 0x7, 0xe1, 0x1, 0x0, 0xfc,
    0x40, 0x60, 0x1f, 0xb0, 0x44, 0x1, 0xe9, 0xb4,
    0x60, 0xf, 0x91, 0x29, 0x0, 0xf8,

    /* U+041C "М" */
    0x4f, 0xf2, 0x80, 0x7d, 0xfe, 0x90, 0x0, 0xf0,
    0x7, 0x94, 0x3, 0x91, 0x2, 0x1, 0xdc, 0x80,
    0x1b, 0x81, 0x80, 0x31, 0x27, 0x0, 0x67, 0x4a,
    0x0, 0xd4, 0x2a, 0x1, 0xdc, 0x44, 0x0, 0x95,
    0xc0, 0x3c, 0xa1, 0x40, 0x4, 0x2a, 0x0, 0xf9,
    0x98, 0x0, 0xe2, 0x30, 0xf, 0xa8, 0x50, 0x16,
    0x80, 0x3f, 0x19, 0x73, 0x3, 0x0, 0x7f, 0x2a,
    0xad, 0x4, 0x3, 0xfa, 0x80, 0xb8, 0x3, 0xfc,
    0x46, 0x2a, 0x1, 0xc0,

    /* U+041D "Н" */
    0x4f, 0x50, 0xf, 0x7d, 0x0, 0x7f, 0xf8, 0x88,
    0xbe, 0x0, 0xd1, 0xbb, 0xe0, 0xc, 0xf5, 0x5e,
    0x0, 0xda, 0xab, 0xe0, 0xf, 0xff, 0x10,

    /* U+041E "О" */
    0x0, 0xc, 0xef, 0xfb, 0x1c, 0x3, 0x1f, 0xb3,
    0xc4, 0x1e, 0x30, 0x40, 0x1a, 0x1b, 0x4e, 0xeb,
    0xa3, 0xb0, 0x61, 0x82, 0x0, 0xca, 0xb1, 0x68,
    0x30, 0x7, 0xbc, 0x11, 0x88, 0x3, 0xe7, 0xf,
    0x31, 0x0, 0xf8, 0xc0, 0x6, 0x20, 0x1f, 0x18,
    0x1, 0x88, 0x3, 0xe7, 0xf, 0xd0, 0x60, 0xf,
    0x78, 0x23, 0xc, 0x10, 0x6, 0x55, 0x88, 0x34,
    0x36, 0x9d, 0xd7, 0x47, 0x40, 0x3, 0xf6, 0x78,
    0x83, 0xc6, 0x0, 0x0,

    /* U+041F "П" */
    0x4f, 0xff, 0xe7, 0x0, 0x2c, 0x47, 0x38, 0x6,
    0xf7, 0x7e, 0xa0, 0xf, 0xff, 0xf8, 0x7, 0xff,
    0x64,

    /* U+0420 "Р" */
    0x4f, 0xfd, 0xd4, 0x60, 0x13, 0x4c, 0x9d, 0x70,
    0xc0, 0x18, 0xcc, 0x9d, 0x8, 0x0, 0xf1, 0x1a,
    0x0, 0x7c, 0xe2, 0x1, 0xe1, 0x45, 0x0, 0x18,
    0x92, 0xe0, 0x40, 0x2, 0x7b, 0x68, 0x2c, 0xc0,
    0xf, 0x76, 0xdd, 0x20, 0x5, 0xa8, 0x82, 0x0,
    0xff, 0xe9, 0x0,

    /* U+0421 "С" */
    0x0, 0x9f, 0x3f, 0xdd, 0x68, 0x5, 0xb0, 0xf,
    0xe, 0xc6, 0x1e, 0x57, 0x90, 0xf3, 0xae, 0xc5,
    0x8, 0x1, 0xed, 0x6, 0x0, 0xf9, 0x88, 0x40,
    0x3e, 0x31, 0x0, 0xfc, 0x62, 0x1, 0xf9, 0x88,
    0x40, 0x3e, 0xc0, 0x60, 0xf, 0x98, 0x61, 0x0,
    0x3c, 0x3a, 0x37, 0x90, 0xf1, 0x8e, 0x7, 0xee,
    0x2f, 0xc, 0xe8,

    /* U+0422 "Т" */
    0xdf, 0xff, 0xdb, 0x11, 0x84, 0x51, 0x19, 0x5d,
    0xe3, 0x33, 0xbc, 0xa0, 0x1f, 0xff, 0xf0, 0xf,
    0xfe, 0x68,

    /* U+0423 "У" */
    0xaf, 0x20, 0xf, 0x6e, 0x82, 0x2, 0x0, 0x39,
    0xa, 0xc0, 0x95, 0x44, 0x1, 0xbc, 0x58, 0x1,
    0x1, 0x0, 0x11, 0x23, 0x0, 0x44, 0xca, 0x40,
    0xb, 0x9, 0x0, 0xd0, 0x10, 0x2, 0xca, 0x20,
    0x18, 0x59, 0x49, 0x82, 0x0, 0x3d, 0x1, 0x12,
    0x84, 0x1, 0xe1, 0x75, 0x1f, 0x0, 0xfd, 0x40,
    0x48, 0x1, 0xfa, 0xc2, 0x0, 0x3c, 0xb3, 0x8c,
    0xaa, 0x0, 0xf1, 0x31, 0x35, 0x0, 0x78,

    /* U+0424 "Ф" */
    0x0, 0xf3, 0xf9, 0x80, 0x7e, 0x7d, 0xf8, 0xc,
    0xfb, 0x40, 0xd, 0x90, 0xf4, 0xc1, 0x32, 0x7b,
    0x80, 0x4, 0x1d, 0x51, 0x78, 0x11, 0xb1, 0x5c,
    0xc1, 0x49, 0x40, 0x3e, 0xb0, 0xa0, 0x24, 0x0,
    0xfc, 0x22, 0x20, 0xf, 0xfe, 0x18, 0xa8, 0x7,
    0xe1, 0x11, 0x3, 0x99, 0x80, 0x3e, 0x90, 0xd0,
    0x82, 0xc7, 0x2f, 0x1, 0x39, 0x75, 0x40, 0x1c,
    0x58, 0xd7, 0xc, 0xc3, 0xc5, 0x0, 0x43, 0x5f,
    0x8c, 0x15, 0xbc, 0xe0, 0x1f, 0x1f, 0x3, 0x90,
    0x6,

    /* U+0425 "Х" */
    0x5f, 0x70, 0xe, 0xdd, 0x2, 0xaa, 0x4, 0x2,
    0x72, 0xe0, 0x5, 0x85, 0x0, 0x6, 0x18, 0xc0,
    0x3, 0x28, 0xa1, 0x43, 0x20, 0x19, 0x8e, 0xd9,
    0x28, 0x3, 0xdc, 0x32, 0xa8, 0x1, 0xe2, 0x20,
    0x60, 0x7, 0xce, 0x47, 0x22, 0x1, 0xc3, 0xd,
    0xa1, 0x60, 0x1d, 0x43, 0x23, 0xa, 0x80, 0x12,
    0xa5, 0x80, 0x1c, 0xa8, 0x0, 0x36, 0x8a, 0x1,
    0x48, 0xc0, 0x40, 0xc8, 0x6, 0x45, 0x73,

    /* U+0426 "Ц" */
    0x4f, 0x50, 0xe, 0x3f, 0x60, 0xf, 0xff, 0xf8,
    0x7, 0xff, 0xbf, 0xdd, 0xfa, 0x83, 0x1c, 0x40,
    0xb, 0x11, 0xcc, 0xb, 0x6, 0x9f, 0xff, 0xd2,
    0x1, 0xff, 0xd0,

    /* U+0427 "Ч" */
    0xaf, 0x0, 0xe4, 0xf6, 0x0, 0xff, 0xee, 0x10,
    0x10, 0x7, 0xd6, 0x1c, 0x84, 0x45, 0xf0, 0x1,
    0xc9, 0xde, 0xea, 0x98, 0x2, 0x6f, 0xcb, 0xcf,
    0x90, 0xe, 0x34, 0x30, 0xf, 0xfe, 0xb0,

    /* U+0428 "Ш" */
    0x4f, 0x50, 0xd, 0x1e, 0x20, 0x1b, 0x38, 0x3,
    0xff, 0xfe, 0x1, 0xff, 0xff, 0x0, 0xff, 0xe0,
    0x7b, 0xbe, 0x30, 0x97, 0x7c, 0x20, 0x12, 0xc4,
    0x64, 0x7, 0x88, 0xc4, 0x0,

    /* U+0429 "Щ" */
    0x4f, 0x50, 0xd, 0x5e, 0x1, 0x87, 0xe0, 0x3,
    0xff, 0xfe, 0x1, 0xff, 0xff, 0x0, 0xff, 0xeb,
    0x7b, 0xbf, 0x3, 0xbe, 0x60, 0x47, 0x20, 0x2,
    0xc4, 0x62, 0x8, 0x8e, 0x3, 0x86, 0x4f, 0xff,
    0xfe, 0x15, 0x80, 0x7f, 0xf6, 0x80,

    /* U+042A "Ъ" */
    0xdf, 0xfb, 0x0, 0x3e, 0x88, 0x84, 0x3, 0xf2,
    0xbb, 0x8c, 0x3, 0xff, 0x9a, 0x22, 0x0, 0xfe,
    0x3e, 0xe7, 0xf4, 0x0, 0x78, 0xae, 0xd2, 0x8f,
    0x60, 0x1c, 0x28, 0x86, 0xa6, 0x43, 0x0, 0xfe,
    0xd0, 0x50, 0xf, 0xe1, 0x3, 0x0, 0xfe, 0xe0,
    0x70, 0xc, 0x2c, 0xc7, 0xc4, 0x72, 0x0, 0xc5,
    0x32, 0x80, 0xa8, 0x0,

    /* U+042B "Ы" */
    0x4f, 0x50, 0xf, 0x87, 0xe0, 0x3, 0xff, 0xba,
    0x62, 0x20, 0xf, 0xf4, 0xf7, 0x3f, 0x10, 0x3,
    0xe7, 0xba, 0x81, 0xb4, 0x0, 0xf6, 0xa2, 0xbe,
    0x4, 0x0, 0x7f, 0x85, 0xc, 0x3, 0xfe, 0x70,
    0xf, 0xf8, 0x8d, 0x0, 0x3d, 0x8c, 0xc9, 0xd0,
    0x80, 0xf, 0x34, 0xc9, 0xd7, 0x4c, 0x3, 0x0,

    /* U+042C "Ь" */
    0x3f, 0x60, 0xf, 0xfe, 0xd8, 0x8c, 0x1, 0xf4,
    0x77, 0x3f, 0x10, 0x3, 0x35, 0xd4, 0xd, 0xa8,
    0x5, 0xe8, 0xaf, 0x81, 0x0, 0x1f, 0xa, 0x10,
    0x7, 0xff, 0x14, 0x91, 0x0, 0x16, 0x33, 0x27,
    0x2, 0x0, 0x25, 0x99, 0x3a, 0x69, 0x80,

    /* U+042D "Э" */
    0x7, 0xcf, 0xf7, 0x5a, 0x80, 0x69, 0x7, 0x87,
    0x5a, 0xb0, 0xb, 0xb2, 0x1e, 0x79, 0x92, 0x0,
    0x3f, 0x49, 0xb8, 0x80, 0x7e, 0xa0, 0x40, 0x8,
    0x8b, 0xc1, 0xa0, 0x7, 0xdd, 0xeb, 0x0, 0xcb,
    0x55, 0xd0, 0x1e, 0x0, 0x25, 0x5e, 0x20, 0x20,
    0xf, 0xd2, 0xa, 0x1, 0xf4, 0x9b, 0x80, 0xed,
    0x3b, 0xa7, 0x99, 0x60, 0x5, 0x1e, 0x20, 0xeb,
    0x54, 0x0, 0x0,

    /* U+042E "Ю" */
    0x4f, 0x50, 0xc, 0xd9, 0xfe, 0xe9, 0x20, 0xf,
    0xd9, 0x2b, 0x57, 0x9, 0xa8, 0x1, 0xe9, 0x39,
    0x92, 0xa3, 0x69, 0x50, 0x80, 0x61, 0x63, 0x60,
    0xe, 0x91, 0x70, 0x1, 0x11, 0x2, 0xc0, 0x3c,
    0x81, 0xa0, 0x8, 0xda, 0x2, 0x0, 0xf8, 0x98,
    0x0, 0xf4, 0xe0, 0x1f, 0xe3, 0x0, 0x6a, 0xe0,
    0x18, 0x7, 0xc6, 0x60, 0xc, 0xa1, 0xc0, 0x1f,
    0xb, 0x0, 0x61, 0x35, 0x0, 0xf3, 0x6, 0x80,
    0x74, 0x14, 0x0, 0x62, 0x81, 0x60, 0xe, 0x47,
    0x76, 0x43, 0xd6, 0x8e, 0x80, 0x7d, 0x16, 0xee,
    0x84, 0x6d, 0x30,

    /* U+042F "Я" */
    0x0, 0x14, 0xef, 0xfe, 0xb0, 0x2d, 0x64, 0x89,
    0x90, 0x80, 0x2c, 0x32, 0x5d, 0x98, 0x1, 0x10,
    0x18, 0x7, 0xc4, 0x4, 0x1, 0xf5, 0x7, 0xa9,
    0x8, 0x80, 0x23, 0xc0, 0xad, 0xee, 0x8, 0x4,
    0x7c, 0xb, 0x76, 0x10, 0xd, 0xe3, 0x68, 0x80,
    0xc, 0xc7, 0x2, 0x1, 0xe8, 0x26, 0x0, 0xf4,
    0x8c, 0x80, 0x78, 0x99, 0x50, 0x3, 0xc0,

    /* U+0430 "а" */
    0x2, 0x9d, 0xff, 0x62, 0x0, 0x5, 0x16, 0xa4,
    0x6c, 0x80, 0xf6, 0x15, 0xbc, 0x14, 0x3, 0xc4,
    0x1e, 0x0, 0x7d, 0xff, 0x80, 0x2a, 0x85, 0xbc,
    0xc0, 0x0, 0x55, 0xa1, 0xc, 0x80, 0x6, 0x2,
    0x1, 0x38, 0x0, 0x85, 0xdc, 0xb3, 0x62, 0x0,
    0xd3, 0x8a, 0x3c, 0x50,

    /* U+0431 "б" */
    0x0, 0xf1, 0x23, 0x0, 0x62, 0xaf, 0xdb, 0x92,
    0x0, 0x26, 0xbb, 0xaf, 0x7c, 0x80, 0x69, 0x76,
    0x10, 0x80, 0x26, 0x1b, 0x0, 0xfb, 0x11, 0x19,
    0xfe, 0xa1, 0x0, 0x2a, 0xae, 0xd5, 0xb, 0xe2,
    0x2, 0x2c, 0x75, 0x7a, 0x16, 0x0, 0x19, 0x0,
    0x4a, 0x36, 0x0, 0x60, 0xe, 0x31, 0x1, 0x10,
    0x7, 0xe5, 0x50, 0x7, 0x13, 0x86, 0x8a, 0x80,
    0x4e, 0x1e, 0xc, 0x75, 0xb, 0x30, 0x8a, 0x0,
    0xd6, 0x65, 0x24, 0x58, 0x0,

    /* U+0432 "в" */
    0x7f, 0xfd, 0xd4, 0x40, 0x14, 0xd5, 0x25, 0x7c,
    0x2, 0x75, 0x53, 0xb1, 0x0, 0x46, 0x2, 0x8e,
    0x80, 0x16, 0xff, 0x5a, 0xd8, 0x5, 0x59, 0x72,
    0xb8, 0x1, 0x21, 0xa3, 0x41, 0xa0, 0x7, 0xfc,
    0xea, 0xa7, 0x81, 0x40, 0x4, 0xd5, 0x25, 0x30,
    0x0,

    /* U+0433 "г" */
    0x7f, 0xfe, 0x80, 0x4, 0xd5, 0x60, 0x3, 0xaa,
    0xc4, 0x1, 0xff, 0xe5,

    /* U+0434 "д" */
    0x0, 0x27, 0xff, 0x90, 0x3, 0xa6, 0xa8, 0xe0,
    0x1c, 0x20, 0xea, 0xac, 0x0, 0xe3, 0x1, 0x0,
    0xfc, 0x20, 0x1f, 0xee, 0x20, 0xf, 0xe5, 0x60,
    0xf, 0xc4, 0x7a, 0x1, 0xf2, 0x48, 0x1, 0x56,
    0xc0, 0xc4, 0x94, 0x9, 0xaa, 0x9c, 0x1e, 0x1,
    0x3f, 0xfe, 0x30, 0xf, 0xfe, 0x5, 0x68, 0x7,
    0xd7, 0x40,

    /* U+0435 "е" */
    0x0, 0x15, 0x7f, 0xb1, 0x0, 0x22, 0xc7, 0x9a,
    0x7b, 0x40, 0x4, 0x6, 0x32, 0xd9, 0x48, 0x1,
    0x50, 0x4, 0x67, 0x20, 0x10, 0x5e, 0xec, 0xa0,
    0x20, 0x5, 0xbb, 0xf0, 0x88, 0x5, 0x13, 0xc0,
    0x5, 0x43, 0x0, 0xfa, 0x7, 0x21, 0x9e, 0xa4,
    0x0, 0x5e, 0xcc, 0x98, 0x6c, 0x0,

    /* U+0436 "ж" */
    0x4f, 0x50, 0xb, 0xe4, 0x2, 0xbe, 0x4, 0x6a,
    0x10, 0xf, 0x32, 0x50, 0x2, 0x4a, 0x80, 0x38,
    0xa5, 0xd0, 0x2, 0xe4, 0x71, 0x3, 0x1e, 0x28,
    0x0, 0xc6, 0xb1, 0xc0, 0xbc, 0x70, 0x1, 0xc4,
    0xaa, 0xb0, 0x4b, 0x1e, 0x0, 0xe9, 0xb, 0x40,
    0x24, 0x84, 0x50, 0x9, 0x52, 0x44, 0x3, 0x31,
    0xd8, 0x80, 0x2c, 0x98, 0x3, 0xde, 0x30, 0x10,
    0x3c, 0x1, 0xf1, 0xb3, 0xc,

    /* U+0437 "з" */
    0x1a, 0xdf, 0xf6, 0xb0, 0x8, 0x96, 0xa5, 0xa5,
    0x82, 0xe1, 0x5a, 0xc3, 0xc0, 0x30, 0xc0, 0x68,
    0x3, 0xfd, 0xcf, 0x48, 0x0, 0xcc, 0x5a, 0xd2,
    0x80, 0xc, 0xc9, 0x47, 0x0, 0x1e, 0x13, 0x5a,
    0x75, 0x6b, 0x26, 0x60, 0xcd, 0x4b, 0xcc, 0x0,

    /* U+0438 "и" */
    0x7f, 0x10, 0xa, 0x7e, 0x80, 0x38, 0xd8, 0x3,
    0xef, 0x31, 0x0, 0xe5, 0x3f, 0x0, 0xf5, 0xa9,
    0x80, 0x73, 0x8d, 0x80, 0x71, 0x43, 0x88, 0x7,
    0x48, 0xc0, 0x7, 0x96, 0xc0, 0x3e, 0x35, 0x0,
    0xe0,

    /* U+0439 "й" */
    0x1, 0x82, 0x0, 0x41, 0x0, 0x5, 0xac, 0x19,
    0xc0, 0x35, 0x3f, 0xcc, 0x88, 0x2, 0x4e, 0xe7,
    0xb0, 0x1, 0xfc, 0x40, 0x42, 0x7e, 0x80, 0x38,
    0xd8, 0x3, 0xef, 0x31, 0x0, 0xe5, 0x3f, 0x0,
    0xf5, 0xa9, 0x80, 0x73, 0x8d, 0x80, 0x71, 0x43,
    0x88, 0x7, 0x48, 0xc0, 0x7, 0x96, 0xc0, 0x3e,
    0x35, 0x0, 0xe0,

    /* U+043A "к" */
    0x7f, 0x10, 0xb, 0x30, 0x1, 0xe8, 0x3e, 0x0,
    0xe4, 0x79, 0x20, 0x8, 0x89, 0x48, 0xc0, 0x1b,
    0x34, 0x64, 0x3, 0xaa, 0x81, 0x60, 0x1c, 0x8a,
    0xcc, 0x30, 0xf, 0x48, 0xf0, 0x7, 0xd6, 0x4e,
    0x1, 0xe5, 0x48, 0x20,

    /* U+043B "л" */
    0x0, 0x47, 0xff, 0x80, 0x21, 0x15, 0x54, 0x80,
    0x1c, 0x4a, 0xb1, 0x80, 0x63, 0x0, 0xfe, 0x17,
    0x0, 0xfc, 0xc4, 0x1, 0xf8, 0xc4, 0x3, 0xe1,
    0x17, 0x0, 0x79, 0xf4, 0x10, 0x3, 0xd2, 0x50,
    0x40, 0x1e,

    /* U+043C "м" */
    0x7f, 0xe0, 0xe, 0x1f, 0xf2, 0x0, 0x5, 0x0,
    0x33, 0x0, 0x71, 0xf8, 0x6, 0xa3, 0x0, 0xd4,
    0x82, 0x0, 0x42, 0xa0, 0xc, 0xc0, 0xc0, 0xe,
    0x35, 0x0, 0xe6, 0x90, 0x15, 0xa0, 0xf, 0x50,
    0xa3, 0xb, 0x0, 0x78, 0xcd, 0xf2, 0xc0, 0x1f,
    0xa9, 0x6, 0x80, 0x3f, 0x30, 0x21, 0x0, 0x60,

    /* U+043D "н" */
    0x7f, 0x10, 0x8, 0x7e, 0x0, 0x3f, 0xf9, 0x6,
    0x23, 0x18, 0x6, 0xde, 0xeb, 0x40, 0x35, 0x5d,
    0xd4, 0x1, 0x91, 0x38, 0x3, 0xff, 0xa2,

    /* U+043E "о" */
    0x0, 0x15, 0x77, 0xeb, 0x80, 0x45, 0x89, 0x34,
    0x91, 0x60, 0x8, 0x1c, 0x75, 0x98, 0x45, 0x5,
    0x42, 0x0, 0x9c, 0x3c, 0x40, 0xc0, 0x38, 0x98,
    0x3, 0xfc, 0x20, 0x60, 0x1c, 0x4c, 0xa, 0x84,
    0x1, 0x38, 0x78, 0x58, 0xe3, 0xac, 0xc2, 0x28,
    0xf, 0xa4, 0xd2, 0x3d, 0x80,

    /* U+043F "п" */
    0x7f, 0xff, 0x98, 0x1, 0x35, 0x54, 0x0, 0x67,
    0x55, 0x90, 0x3, 0xff, 0xea,

    /* U+0440 "р" */
    0x7e, 0x2b, 0xff, 0x61, 0x80, 0x43, 0x99, 0x58,
    0x61, 0x80, 0x52, 0xe6, 0x9a, 0x10, 0x1, 0x20,
    0x4, 0x28, 0x80, 0x8, 0x80, 0x31, 0x0, 0x63,
    0x0, 0xfe, 0x60, 0xc, 0xa0, 0x1b, 0x80, 0x23,
    0x32, 0x80, 0x49, 0x4c, 0xfa, 0x10, 0x1, 0x68,
    0x4c, 0x16, 0x10, 0x4, 0x55, 0xfe, 0xc3, 0x0,
    0xff, 0xea, 0x0,

    /* U+0441 "с" */
    0x0, 0xc, 0xf7, 0xf5, 0x0, 0x7, 0xd9, 0x93,
    0x23, 0x0, 0x58, 0xe4, 0x33, 0xc8, 0x1, 0x50,
    0xc0, 0x38, 0x40, 0xc0, 0x3f, 0xf8, 0x62, 0x4,
    0x1, 0xf2, 0x29, 0x0, 0x7a, 0x43, 0x21, 0x99,
    0x20, 0x2, 0xd4, 0x69, 0x83, 0x0,

    /* U+0442 "т" */
    0xbf, 0xff, 0x87, 0xea, 0x88, 0x15, 0x50, 0xa2,
    0xa8, 0x81, 0x56, 0x0, 0xff, 0xfa, 0x0,

    /* U+0443 "у" */
    0xcd, 0x0, 0xeb, 0xf0, 0xa2, 0x40, 0x8, 0x51,
    0x81, 0x83, 0x80, 0x26, 0xa, 0x0, 0x32, 0x80,
    0x56, 0x46, 0x0, 0xa0, 0x60, 0x23, 0xa0, 0x8,
    0xcd, 0x41, 0x40, 0xc0, 0x1a, 0x8c, 0x95, 0x4,
    0x3, 0x30, 0x59, 0x70, 0x7, 0x99, 0x82, 0xa0,
    0x1e, 0xd0, 0x70, 0xf, 0x88, 0x28, 0x3, 0xeb,
    0x33, 0x0, 0x66, 0x7d, 0x2f, 0x0, 0xed, 0x80,
    0xa3, 0x0, 0xe0,

    /* U+0444 "ф" */
    0x0, 0xe1, 0x83, 0x0, 0xff, 0x1b, 0xa8, 0x7,
    0xff, 0x8d, 0xb3, 0x42, 0x76, 0x4, 0x3, 0x5c,
    0xb4, 0x3, 0x23, 0xf9, 0x0, 0x21, 0x2a, 0x8c,
    0x1f, 0x3a, 0x1c, 0x0, 0x63, 0x50, 0xe, 0x26,
    0x33, 0x8, 0x94, 0x3, 0xec, 0x5, 0x0, 0xff,
    0xe0, 0x88, 0x94, 0x3, 0xec, 0x5, 0x6, 0x35,
    0x0, 0xe2, 0x63, 0x30, 0x41, 0xd5, 0x18, 0x32,
    0x74, 0x38, 0x2, 0xc9, 0x68, 0x5, 0x47, 0xf2,
    0x0, 0xcd, 0x9a, 0x13, 0xb0, 0x20, 0x1f, 0xfd,
    0xd0,

    /* U+0445 "х" */
    0x5f, 0x70, 0x9, 0x3e, 0x1, 0x55, 0x4, 0x0,
    0x92, 0x80, 0x5, 0x8f, 0x4, 0x97, 0x80, 0x43,
    0x47, 0x4d, 0x4, 0x1, 0x91, 0x54, 0x6e, 0x1,
    0xe6, 0x2, 0x10, 0xe, 0x73, 0x91, 0xb0, 0xc,
    0x50, 0xcc, 0x95, 0x50, 0x5, 0xc3, 0x20, 0xc7,
    0x62, 0x10, 0x74, 0x1, 0x70, 0xd0, 0x0,

    /* U+0446 "ц" */
    0x7f, 0x20, 0x8, 0xfd, 0x80, 0x3f, 0xff, 0xaa,
    0xb9, 0x3, 0xd0, 0x1, 0x15, 0x54, 0x3, 0x4b,
    0xff, 0xfc, 0xa0, 0x1f, 0xfc, 0x7c, 0xa0,

    /* U+0447 "ч" */
    0xea, 0x0, 0xd1, 0xe2, 0x1, 0xff, 0xc7, 0x10,
    0xf, 0x91, 0xc, 0x22, 0x44, 0x0, 0x2c, 0xe7,
    0xb9, 0x64, 0x0, 0x1c, 0xdb, 0xcf, 0x60, 0xc,
    0x48, 0x60, 0x1f, 0xfc, 0xa0,

    /* U+0448 "ш" */
    0x8f, 0x10, 0xb, 0x34, 0x3, 0x7c, 0x80, 0x7f,
    0xff, 0xc0, 0x3f, 0xf9, 0xae, 0xab, 0x9, 0xaa,
    0xe0, 0xd, 0x35, 0x51, 0xd, 0x56, 0x0, 0x0,

    /* U+0449 "щ" */
    0x7f, 0x10, 0xb, 0x30, 0x1, 0xf, 0xb8, 0x7,
    0xff, 0xfc, 0x3, 0xff, 0xaa, 0xea, 0xb0, 0x89,
    0x56, 0x70, 0xd5, 0x0, 0x4d, 0x54, 0x44, 0xaa,
    0xa4, 0x16, 0x9f, 0xff, 0xff, 0x80, 0xe0, 0x1f,
    0xfd, 0x1c, 0x70,

    /* U+044A "ъ" */
    0xbf, 0xfa, 0x0, 0x3d, 0xf5, 0x20, 0x1f, 0x91,
    0x5c, 0x3, 0xff, 0x82, 0x20, 0x1f, 0xcf, 0xdf,
    0xec, 0x30, 0xe, 0x5b, 0xb5, 0xe, 0x8, 0x6,
    0x24, 0x42, 0xc8, 0x20, 0x7, 0xe1, 0x0, 0xf1,
    0x2a, 0x9e, 0xc5, 0x40, 0x32, 0xd5, 0x25, 0x30,
    0x0,

    /* U+044B "ы" */
    0x7f, 0x10, 0xf, 0x3f, 0x90, 0x7, 0xff, 0x38,
    0xc4, 0x3, 0xfd, 0xbd, 0xfd, 0x20, 0x1f, 0x55,
    0xd9, 0x99, 0x20, 0x1e, 0x44, 0xa0, 0xdc, 0x3,
    0xff, 0x8c, 0xea, 0xd6, 0x6c, 0x1, 0xe9, 0xa9,
    0x68, 0x80, 0x6,

    /* U+044C "ь" */
    0x7f, 0x10, 0xf, 0xfe, 0x59, 0x88, 0x7, 0xb7,
    0xbf, 0xa4, 0x2, 0xab, 0xb3, 0x32, 0x80, 0x8,
    0x94, 0x22, 0x80, 0x79, 0xc0, 0x27, 0x56, 0xa3,
    0x60, 0x4, 0xd4, 0xbc, 0x48,

    /* U+044D "э" */
    0x1b, 0xef, 0xe9, 0x10, 0x0, 0x8a, 0x64, 0xcc,
    0xf1, 0x0, 0x53, 0xb4, 0x58, 0xc0, 0x4, 0x23,
    0x29, 0x38, 0x1, 0x3b, 0xb1, 0x8, 0x1, 0x6e,
    0xf2, 0x0, 0x42, 0x89, 0x9c, 0x40, 0x3c, 0x66,
    0x70, 0x3a, 0x66, 0x46, 0x14, 0x0, 0x8a, 0x25,
    0x99, 0x82, 0x0,

    /* U+044E "ю" */
    0x7f, 0x10, 0x1, 0x57, 0xfb, 0x58, 0x3, 0xc5,
    0xad, 0x79, 0x52, 0xe0, 0x1d, 0x1, 0xa8, 0x6e,
    0xd0, 0x20, 0x3, 0x15, 0x41, 0x0, 0xb4, 0x10,
    0x1, 0xbc, 0x4, 0x1, 0x98, 0x8, 0x1, 0x56,
    0x6, 0x1, 0xfc, 0x88, 0x26, 0x0, 0xcc, 0x4,
    0x1, 0x94, 0xc8, 0x2, 0xe0, 0x40, 0xd, 0x23,
    0x8e, 0xd4, 0xb0, 0x20, 0x18, 0x7d, 0x22, 0x5e,
    0x5c, 0x0,

    /* U+044F "я" */
    0x0, 0x47, 0x7f, 0xee, 0x8, 0x74, 0xaa, 0x8c,
    0x0, 0xa5, 0x4a, 0xb3, 0x80, 0x42, 0x1, 0xf2,
    0x1b, 0x88, 0xc0, 0x14, 0xac, 0x77, 0x48, 0x1,
    0x58, 0x9d, 0xd8, 0xc0, 0x2b, 0x1e, 0x44, 0x38,
    0x1, 0x55, 0x4, 0x1, 0x86, 0xcd, 0xc0, 0x38,

    /* U+0450 "ѐ" */
    0x0, 0xaf, 0xc8, 0x3, 0xeb, 0x5e, 0x0, 0xfd,
    0x56, 0x40, 0x1f, 0x9c, 0x80, 0x38, 0xab, 0xfd,
    0x88, 0x1, 0x16, 0x3c, 0xd3, 0xda, 0x0, 0x20,
    0x31, 0x96, 0xca, 0x40, 0xa, 0x80, 0x23, 0x39,
    0x0, 0x82, 0xf7, 0x65, 0x1, 0x0, 0x2d, 0xdf,
    0x84, 0x40, 0x28, 0x9e, 0x0, 0x2a, 0x18, 0x7,
    0xd0, 0x39, 0xc, 0xf5, 0x20, 0x2, 0xf6, 0x64,
    0xc3, 0x60, 0x0,

    /* U+0451 "ё" */
    0x0, 0x1f, 0xa0, 0x6c, 0x0, 0x61, 0x27, 0x1,
    0xf0, 0xc, 0x5a, 0x61, 0x8e, 0x1, 0x8a, 0xbf,
    0xd8, 0x80, 0x11, 0x63, 0xcd, 0x3d, 0xa0, 0x2,
    0x3, 0x19, 0x6c, 0xa4, 0x0, 0xa8, 0x2, 0x33,
    0x90, 0x8, 0x2f, 0x76, 0x50, 0x10, 0x2, 0xdd,
    0xf8, 0x44, 0x2, 0x89, 0xe0, 0x2, 0xa1, 0x80,
    0x7d, 0x3, 0x90, 0xcf, 0x52, 0x0, 0x2f, 0x66,
    0x4c, 0x36, 0x0,

    /* U+0452 "ђ" */
    0x6, 0xe3, 0x0, 0xf7, 0x48, 0xe7, 0xfa, 0x0,
    0x2d, 0x70, 0xac, 0xc4, 0x80, 0x47, 0xc0, 0xe6,
    0x61, 0x0, 0xf0, 0xd7, 0xfb, 0x10, 0x3, 0x70,
    0xcc, 0x86, 0xcc, 0x2, 0x6b, 0x66, 0x78, 0x50,
    0x5, 0xc0, 0x11, 0x9, 0x80, 0x4c, 0x1, 0xc2,
    0x1, 0xff, 0xe7, 0x6f, 0x30, 0xe, 0x10, 0xf,
    0xc2, 0x60, 0x1c, 0xad, 0x61, 0x80, 0x1d, 0xd2,
    0xb0, 0xa0,

    /* U+0453 "ѓ" */
    0x0, 0xdd, 0xc1, 0x0, 0xa0, 0x30, 0x40, 0x4,
    0xfa, 0x40, 0x11, 0x79, 0x80, 0x1f, 0xff, 0xa0,
    0x1, 0x35, 0x58, 0x0, 0xea, 0xb1, 0x0, 0x7f,
    0xf9, 0x40,

    /* U+0454 "є" */
    0x0, 0xc, 0xf7, 0xf5, 0x0, 0x7, 0xd9, 0x93,
    0x23, 0x0, 0x58, 0xe4, 0x33, 0xc8, 0x1, 0x50,
    0x84, 0x60, 0x0, 0x82, 0x77, 0x63, 0x0, 0x96,
    0xef, 0x18, 0x8, 0x1, 0x13, 0x0, 0x48, 0xa4,
    0x1, 0xe9, 0xc, 0x86, 0x79, 0x0, 0x16, 0xa3,
    0x4c, 0x8c, 0x0,

    /* U+0455 "ѕ" */
    0x2, 0xbe, 0xfe, 0xa2, 0x1c, 0x68, 0xa6, 0x61,
    0x90, 0xcb, 0x2c, 0x60, 0x90, 0x41, 0x80, 0x61,
    0xb1, 0xcc, 0x28, 0x4, 0x9b, 0x4f, 0x5a, 0x20,
    0x12, 0xdd, 0x8a, 0x40, 0x39, 0x0, 0x53, 0x1d,
    0x5a, 0xc3, 0x55, 0xa6, 0xa5, 0xe9, 0x0,

    /* U+0456 "і" */
    0x6f, 0x21, 0x0, 0x3f, 0x93, 0xf8, 0x80, 0x7f,
    0xf3, 0xc0,

    /* U+0457 "ї" */
    0x7e, 0x4f, 0x10, 0xc, 0x6f, 0xc9, 0xe4, 0xf,
    0xe2, 0x1, 0xff, 0xe2,

    /* U+0458 "ј" */
    0x0, 0x37, 0x10, 0x0, 0x44, 0x1, 0x3f, 0x90,
    0x1, 0xfc, 0x40, 0x3f, 0xfd, 0x1e, 0x0, 0x66,
    0x88, 0x62, 0x4f, 0x80,

    /* U+0459 "љ" */
    0x0, 0x47, 0xff, 0x68, 0x7, 0xe1, 0x15, 0x54,
    0x40, 0x1f, 0xe2, 0x55, 0x84, 0x3, 0xf8, 0xc0,
    0x3c, 0x22, 0x0, 0xf0, 0xb8, 0x6, 0x2e, 0xe7,
    0xeb, 0x0, 0x4c, 0x40, 0x18, 0xae, 0xd4, 0xd2,
    0xa0, 0x3, 0x10, 0xe, 0x44, 0x2d, 0x86, 0x0,
    0x8b, 0x80, 0x3f, 0x10, 0x1, 0xf4, 0x10, 0x3,
    0x1b, 0xba, 0x30, 0x2a, 0xa, 0x48, 0x3, 0xc,
    0x41, 0xd6, 0xcc,

    /* U+045A "њ" */
    0x7f, 0x20, 0x8, 0xfd, 0x80, 0x3f, 0xfb, 0x42,
    0x39, 0xc0, 0x2, 0x20, 0xf, 0x67, 0x75, 0x61,
    0x3d, 0xcf, 0xb2, 0x0, 0xaa, 0xee, 0x90, 0x7b,
    0xb4, 0x27, 0x80, 0x4e, 0x89, 0x28, 0x72, 0x21,
    0xdc, 0x44, 0x0, 0xff, 0xe5, 0xfa, 0xaa, 0x1c,
    0xc8, 0x3, 0xf3, 0x55, 0x19, 0x9a, 0x0,

    /* U+045B "ћ" */
    0x6, 0xe2, 0x0, 0xf8, 0x46, 0x0, 0xf7, 0x40,
    0x67, 0xfb, 0x40, 0x2d, 0x70, 0xac, 0xc7, 0x0,
    0x47, 0xc0, 0xd5, 0xb9, 0xaa, 0x1, 0xb8, 0xa2,
    0x42, 0x8c, 0x2, 0x6b, 0x66, 0x60, 0x50, 0x5,
    0xc0, 0x10, 0x91, 0x0, 0x26, 0x0, 0xfe, 0x10,
    0xf, 0xff, 0x10,

    /* U+045C "ќ" */
    0x0, 0xc5, 0xf8, 0x1, 0xe9, 0x2d, 0x0, 0xe5,
    0x56, 0x8, 0x7, 0x2f, 0x8, 0x4, 0xfe, 0x20,
    0x16, 0x60, 0x3, 0xd0, 0x7c, 0x1, 0xc8, 0xf2,
    0x40, 0x11, 0x12, 0x91, 0x80, 0x36, 0x68, 0xc8,
    0x7, 0x55, 0x2, 0xc0, 0x39, 0x15, 0x98, 0x60,
    0x1e, 0x91, 0xe0, 0xf, 0xac, 0x9c, 0x3, 0xca,
    0x90, 0x40,

    /* U+045D "ѝ" */
    0x0, 0x3f, 0xb8, 0x7, 0x9d, 0xa0, 0x40, 0x3d,
    0x2b, 0x60, 0x1f, 0x55, 0x0, 0x27, 0xf1, 0x0,
    0xa7, 0xe8, 0x3, 0x8d, 0x80, 0x3e, 0xf3, 0x10,
    0xe, 0x53, 0xf0, 0xf, 0x5a, 0x98, 0x7, 0x38,
    0xd8, 0x7, 0x14, 0x38, 0x80, 0x74, 0x8c, 0x0,
    0x79, 0x6c, 0x3, 0xe3, 0x50, 0xe,

    /* U+045E "ў" */
    0x0, 0x57, 0xfd, 0xa4, 0x1, 0xab, 0xfb, 0x9a,
    0x40, 0x1e, 0x11, 0x0, 0x6c, 0xd0, 0xe, 0xbf,
    0xa, 0x24, 0x0, 0x85, 0x18, 0x18, 0x38, 0x2,
    0x60, 0xa0, 0x3, 0x28, 0x5, 0x64, 0x60, 0xa,
    0x6, 0x2, 0x3a, 0x0, 0x8c, 0xd4, 0x14, 0xc,
    0x1, 0xa8, 0xc9, 0x50, 0x40, 0x33, 0x5, 0x97,
    0x0, 0x79, 0x98, 0x2a, 0x1, 0xed, 0x7, 0x0,
    0xf8, 0x82, 0x80, 0x3e, 0xb3, 0x30, 0x6, 0x67,
    0xd2, 0xf0, 0xe, 0xd8, 0xa, 0x30, 0xe,

    /* U+045F "џ" */
    0x7f, 0x10, 0x8, 0xfd, 0x80, 0x3f, 0xfe, 0xae,
    0xab, 0x20, 0x6, 0x9a, 0xaa, 0x0, 0xf, 0xfe,
    0xb0, 0xcf, 0xf3, 0x0, 0x7f, 0xf0, 0x19, 0xc8,
    0x2,

    /* U+0460 "Ѡ" */
    0x8f, 0x20, 0xd, 0x9c, 0x1, 0xd3, 0xe3, 0xe0,
    0xc0, 0x19, 0xc4, 0x3, 0x8c, 0x4, 0x80, 0x80,
    0x31, 0x1, 0x0, 0x61, 0x0, 0x38, 0x70, 0x6,
    0xe0, 0x60, 0xc, 0xc4, 0x4, 0x8, 0x1, 0xb4,
    0x30, 0x3, 0x13, 0x0, 0x10, 0xc0, 0x32, 0x82,
    0x0, 0x44, 0x6, 0x0, 0xc0, 0x40, 0x3, 0x1,
    0x98, 0x40, 0xe, 0x18, 0x0, 0x50, 0xd0, 0x5,
    0x1c, 0x82, 0x0, 0x30, 0x10, 0x0, 0x46, 0xe0,
    0x47, 0x4a, 0x3c, 0x0, 0x74, 0x0, 0xd4, 0x28,
    0xa0, 0xe0, 0xc8, 0x28, 0x3c, 0x1, 0x98, 0x7a,
    0xd0, 0x42, 0x42, 0x7c, 0x54, 0x3, 0x99, 0x4f,
    0x80, 0x2, 0xae, 0x92, 0x1, 0xe8, 0x10, 0x50,
    0xa, 0x0, 0x5c, 0x2,

    /* U+0461 "ѡ" */
    0xaf, 0x0, 0xdf, 0x40, 0x1b, 0x6c, 0x80, 0x38,
    0x84, 0x3, 0x10, 0xf0, 0x18, 0x4, 0xcc, 0x0,
    0x84, 0x9, 0x41, 0x40, 0x22, 0x20, 0x80, 0x14,
    0x30, 0xc7, 0x0, 0x24, 0x5, 0x0, 0x60, 0x28,
    0x3a, 0x0, 0x14, 0x83, 0x40, 0xa, 0x82, 0x1a,
    0x28, 0x12, 0xcc, 0x70, 0x32, 0xe0, 0x2, 0x17,
    0xa1, 0xc5, 0xa, 0x49, 0x28, 0x5, 0x9, 0x2c,
    0x26, 0x68, 0x58, 0x0, 0xca, 0x65, 0x60, 0x8,
    0x33, 0x28, 0x0,

    /* U+0462 "Ѣ" */
    0x0, 0xf, 0xc0, 0x7, 0xc2, 0x23, 0x1, 0x1c,
    0x1, 0xb3, 0xb4, 0x1b, 0xba, 0x30, 0xb, 0xae,
    0x81, 0x6e, 0xe3, 0x0, 0x8d, 0x10, 0x4, 0x89,
    0x0, 0x7e, 0x12, 0x10, 0xf, 0xe6, 0xde, 0xfe,
    0x80, 0xf, 0x25, 0x52, 0x55, 0xe8, 0x3, 0x8d,
    0x54, 0xd6, 0xaa, 0x10, 0xf, 0xed, 0x2, 0x0,
    0xfe, 0xc0, 0x20, 0xc, 0x6c, 0xc7, 0xc4, 0x71,
    0x0, 0xc9, 0x32, 0x80, 0x98, 0x0,

    /* U+0463 "ѣ" */
    0x0, 0x5e, 0x80, 0x7f, 0xf1, 0xb7, 0xd0, 0xbf,
    0xdc, 0x1, 0xa6, 0x88, 0x6a, 0xa0, 0xc, 0x8a,
    0xc6, 0xaa, 0x40, 0xf, 0xc2, 0x20, 0xf, 0xc5,
    0xdc, 0xff, 0x62, 0x0, 0x62, 0xbb, 0xa8, 0x2c,
    0x80, 0x32, 0x24, 0xbc, 0x8, 0x1, 0xf8, 0x40,
    0x38, 0xd1, 0x27, 0xd0, 0x70, 0x8, 0x6e, 0xe8,
    0x5c, 0x10,

    /* U+0464 "Ѥ" */
    0x4f, 0x50, 0xe, 0x6c, 0xef, 0xf6, 0x40, 0x7,
    0xc3, 0xb2, 0xb7, 0x6a, 0x51, 0x0, 0xfb, 0x4b,
    0x25, 0x51, 0x66, 0x40, 0x1e, 0x43, 0x83, 0x0,
    0xfe, 0x22, 0xb4, 0xc, 0x8b, 0x80, 0x3a, 0x37,
    0x4c, 0x17, 0xbb, 0xc4, 0x1, 0x9e, 0xa8, 0x61,
    0x55, 0xe2, 0x0, 0xda, 0xab, 0x3, 0xaa, 0xf0,
    0x7, 0xef, 0x4, 0x0, 0xff, 0xe0, 0xb8, 0x50,
    0x7, 0xff, 0x4, 0x58, 0xe4, 0x3, 0xff, 0x83,
    0x26, 0xdb, 0xf, 0x17, 0x0, 0x1f, 0xb2, 0x45,
    0xe1, 0xdd, 0xa0,

    /* U+0465 "ѥ" */
    0x7f, 0x10, 0x9, 0x73, 0xfd, 0xce, 0x1, 0xcf,
    0x4b, 0x79, 0x8, 0x1, 0x86, 0x1a, 0x50, 0xd8,
    0xc0, 0x6, 0x2e, 0x18, 0x23, 0x80, 0x2d, 0xe9,
    0xa, 0xee, 0xb0, 0x2, 0xab, 0x70, 0x8b, 0xbb,
    0x80, 0x24, 0x46, 0x0, 0xa2, 0x46, 0x1, 0xc8,
    0x34, 0x1, 0xfe, 0xb3, 0xc7, 0x69, 0x70, 0xe,
    0x5b, 0x8, 0x94, 0x20,

    /* U+0466 "Ѧ" */
    0x0, 0xed, 0xf2, 0x0, 0xfe, 0x42, 0xa, 0x0,
    0xfe, 0xe0, 0x46, 0x0, 0xfc, 0x2a, 0xdc, 0x2c,
    0x1, 0xf3, 0x5, 0x28, 0xd0, 0x7, 0xd2, 0x24,
    0x28, 0x66, 0x0, 0xe5, 0x11, 0x77, 0x14, 0x28,
    0x3, 0xb8, 0x29, 0x6, 0xcd, 0x84, 0x2, 0x24,
    0x65, 0x20, 0x49, 0x6, 0x0, 0xa8, 0x28, 0x3,
    0x28, 0xd0, 0x4, 0xc6, 0x60, 0xe, 0x92, 0x40,
    0x61, 0x90, 0xf, 0x30, 0x70, 0x51, 0x28, 0x7,
    0x85, 0x54, 0x20,

    /* U+0467 "ѧ" */
    0x0, 0x87, 0xfc, 0xa0, 0x1f, 0x30, 0xaf, 0x0,
    0x7d, 0x4d, 0xc8, 0x40, 0x1c, 0x85, 0x6a, 0x34,
    0x1, 0xdc, 0x19, 0xc2, 0xc0, 0x18, 0x56, 0x14,
    0x6c, 0x54, 0x2, 0x60, 0x73, 0x32, 0x22, 0x40,
    0x29, 0x60, 0xd, 0xc6, 0x40, 0x83, 0x40, 0x19,
    0x42, 0xc3, 0xc8, 0xc0, 0x39, 0x98, 0x0,

    /* U+0468 "Ѩ" */
    0x4f, 0x50, 0xe, 0x6f, 0x90, 0xf, 0xfe, 0xd,
    0x3, 0x0, 0x7f, 0xf0, 0x8, 0xd4, 0x18, 0x3,
    0xfe, 0xa0, 0xb1, 0xb0, 0xf, 0xf9, 0x90, 0x5c,
    0x8c, 0x3, 0x88, 0xb3, 0xe, 0x96, 0x84, 0x80,
    0x74, 0x6e, 0xd2, 0x13, 0xb6, 0xa, 0x20, 0x19,
    0xea, 0x90, 0xb, 0x20, 0xee, 0x6, 0x0, 0xda,
    0xaa, 0xe0, 0xb4, 0xc, 0x81, 0xa0, 0xf, 0xb,
    0x28, 0x80, 0x66, 0x24, 0x0, 0xe6, 0x9, 0x0,
    0xea, 0xf, 0x0, 0xe9, 0x33, 0x0, 0x71, 0x22,
    0x4, 0x2, 0x51, 0x90, 0xf, 0xbc, 0x24,

    /* U+0469 "ѩ" */
    0x7f, 0x10, 0x9, 0x7f, 0xc2, 0x1, 0xfd, 0x28,
    0x2c, 0x1, 0xf8, 0xcd, 0xed, 0x40, 0x1c, 0x62,
    0x29, 0x15, 0xb2, 0x40, 0xd, 0xbd, 0xc5, 0x1e,
    0xc0, 0xf0, 0xd, 0x56, 0xa1, 0x42, 0x8e, 0x82,
    0x1, 0x22, 0x1c, 0xd4, 0xca, 0x2, 0x40, 0x32,
    0x14, 0x80, 0x66, 0x60, 0x6, 0xe0, 0x50, 0xd,
    0x42, 0xa0, 0x3, 0x56, 0x0, 0xe3, 0x2e,

    /* U+046A "Ѫ" */
    0x9, 0xff, 0xfe, 0xb0, 0x7, 0x81, 0xc4, 0x72,
    0x6, 0x0, 0x19, 0x4d, 0x5d, 0xe6, 0x54, 0x70,
    0xa, 0x8b, 0xc0, 0x2a, 0xa, 0x0, 0xef, 0x29,
    0x8, 0x4d, 0x10, 0xe, 0x29, 0x69, 0x78, 0x30,
    0xe, 0x2b, 0x90, 0x60, 0x8c, 0x30, 0xd, 0xeb,
    0x52, 0x11, 0x43, 0xa2, 0x0, 0x52, 0x85, 0x20,
    0x25, 0xe1, 0x60, 0x7, 0x3, 0x0, 0x71, 0x95,
    0x0, 0x11, 0x0, 0x1f, 0x29, 0x11, 0x43, 0x40,
    0x3e, 0xb0, 0x5f, 0x7, 0x0, 0xf8, 0xc6, 0xc0,

    /* U+046B "ѫ" */
    0xb, 0xff, 0xfc, 0x60, 0xf, 0x4, 0xaa, 0xa4,
    0x10, 0xc0, 0x9, 0x48, 0x2a, 0xaa, 0x3b, 0x0,
    0xcb, 0x36, 0x76, 0x3a, 0x1, 0xc7, 0xa1, 0x88,
    0x12, 0x1, 0x8b, 0x1e, 0x81, 0x69, 0xe4, 0x2,
    0xb0, 0xd5, 0xd, 0x77, 0x30, 0x80, 0x19, 0x44,
    0x3, 0x50, 0x30, 0x28, 0x48, 0x7, 0x11, 0xd0,
    0x71, 0x18, 0x7, 0xa8, 0x8c,

    /* U+046C "Ѭ" */
    0x4f, 0x50, 0x7, 0x7f, 0xff, 0x38, 0x7, 0x94,
    0x1a, 0x23, 0x88, 0x10, 0x3, 0xd4, 0x2a, 0xef,
    0x8c, 0xa0, 0xc0, 0x3c, 0x3a, 0x72, 0x0, 0x1a,
    0x57, 0x0, 0xfc, 0x70, 0xca, 0x1a, 0x74, 0x1,
    0xfe, 0x73, 0xaa, 0x1f, 0x80, 0x7a, 0xbf, 0xf8,
    0xc1, 0x43, 0x68, 0x40, 0x34, 0x66, 0x28, 0xe,
    0xd4, 0x2e, 0x56, 0x80, 0x31, 0x19, 0xbc, 0x35,
    0xc, 0x15, 0xa1, 0x8, 0x3, 0xca, 0xa1, 0x0,
    0xe6, 0xa, 0x0, 0xe4, 0xf, 0x0, 0xf0, 0x9a,
    0x80, 0x77, 0x2, 0x0, 0x7d, 0x64, 0x40, 0xc,
    0x88, 0x10, 0xf, 0x94, 0x14,

    /* U+046D "ѭ" */
    0x7f, 0x10, 0xef, 0xff, 0xc0, 0x1e, 0x80, 0x6a,
    0xa9, 0xc2, 0x0, 0x3c, 0xd0, 0xcc, 0x57, 0x67,
    0x70, 0x7, 0xce, 0xed, 0x4c, 0x78, 0x0, 0xee,
    0xff, 0x9c, 0x6c, 0x5e, 0x0, 0x3b, 0x35, 0x81,
    0xe8, 0x26, 0x4e, 0xe0, 0xc, 0x44, 0x73, 0x86,
    0x2, 0x74, 0x90, 0xe, 0x31, 0xa0, 0xe, 0xe1,
    0x40, 0xd, 0x40, 0xc0, 0x1c, 0xa3, 0xc0, 0x19,
    0xd4, 0x3, 0xe7, 0x50,

    /* U+046E "Ѯ" */
    0x0, 0x6c, 0x0, 0x27, 0x98, 0x2, 0xf6, 0x99,
    0x3e, 0xb8, 0x4, 0x4c, 0xd4, 0x98, 0x80, 0x1f,
    0xdc, 0x1, 0x1c, 0x60, 0x32, 0xb9, 0xfd, 0x23,
    0xa0, 0x3f, 0x46, 0x2, 0xce, 0x28, 0x2, 0x1,
    0xdc, 0x1, 0xfd, 0xa0, 0x80, 0x1, 0x11, 0x25,
    0xa5, 0x80, 0x5f, 0xdb, 0x6f, 0x88, 0x1, 0x55,
    0xda, 0x5b, 0x28, 0x2, 0x44, 0x9a, 0xa5, 0x58,
    0x3, 0xe4, 0xe, 0x0, 0xf9, 0x3, 0x80, 0x4,
    0xac, 0xf5, 0x24, 0xc1, 0x7b, 0x53, 0xd, 0x1a,
    0xc, 0x91, 0xff, 0x63, 0x80, 0x6f, 0x22, 0xc2,
    0x0, 0x63, 0x7d, 0xdd, 0xde, 0x41, 0x98, 0xba,
    0xad, 0x0,

    /* U+046F "ѯ" */
    0x8, 0xc1, 0x7, 0xe9, 0x0, 0x43, 0x64, 0xca,
    0xa0, 0x6, 0x1c, 0x98, 0xc4, 0x40, 0x27, 0x55,
    0x25, 0x30, 0x2, 0xdd, 0x55, 0x23, 0x80, 0x18,
    0x49, 0xc7, 0xc0, 0x29, 0xed, 0x89, 0x50, 0xa,
    0xee, 0x69, 0x70, 0x8, 0x91, 0x12, 0xb0, 0x1,
    0xff, 0xc0, 0x34, 0x5a, 0x56, 0x3, 0xec, 0xba,
    0x78, 0x90, 0x83, 0xdf, 0xf6, 0xb8, 0x6, 0x31,
    0x18, 0x2, 0xf2, 0xee, 0xdf, 0x80, 0x9f, 0x97,
    0x7a, 0x40,

    /* U+0470 "Ѱ" */
    0x6f, 0x40, 0x3, 0x79, 0x0, 0x23, 0xc8, 0x3,
    0xff, 0xb6, 0x60, 0x1f, 0xf1, 0xb0, 0x10, 0x7,
    0xc4, 0x2, 0x61, 0x40, 0x1e, 0x15, 0x40, 0x4,
    0x1d, 0x98, 0x83, 0x26, 0x4, 0x0, 0x1e, 0x57,
    0x20, 0x2e, 0xc1, 0x66, 0x1, 0x37, 0x63, 0x4,
    0xee, 0x90, 0x3, 0xc7, 0xe0, 0x84, 0x1, 0xff,
    0xd2,

    /* U+0471 "ѱ" */
    0x0, 0xe8, 0x30, 0xf, 0xe1, 0x74, 0x0, 0xff,
    0xee, 0xcf, 0x80, 0x7d, 0x98, 0x0, 0xff, 0x29,
    0x80, 0x7f, 0xb8, 0x4, 0x3, 0xf8, 0x80, 0x80,
    0x3f, 0xf9, 0x9c, 0x4, 0x1, 0xec, 0x3, 0x40,
    0xa0, 0xe, 0x26, 0x40, 0x35, 0x7b, 0x60, 0xd9,
    0xd1, 0x90, 0x5, 0x43, 0x40, 0x2b, 0xae, 0x10,
    0x4, 0xfb, 0xc1, 0x1d, 0x44, 0x1, 0xff, 0xda,

    /* U+0472 "Ѳ" */
    0x0, 0xc, 0x6f, 0xfb, 0x64, 0x40, 0x23, 0xf7,
    0x68, 0x83, 0xb7, 0x98, 0x3, 0x47, 0x2d, 0xdd,
    0x5a, 0x1a, 0xc, 0x30, 0x60, 0x18, 0xa0, 0x5f,
    0x41, 0x80, 0x3c, 0xc1, 0x8c, 0x20, 0x23, 0xf1,
    0x29, 0x8f, 0x77, 0xe2, 0x13, 0x1b, 0xbf, 0xc4,
    0x2c, 0x28, 0x9f, 0x8d, 0x74, 0x14, 0x3, 0xc8,
    0x38, 0xc3, 0x64, 0x1, 0x8a, 0x45, 0xc3, 0x43,
    0x69, 0xdd, 0x5a, 0x7a, 0x0, 0x3f, 0x77, 0x44,
    0x1d, 0xbc, 0xc0,

    /* U+0473 "ѳ" */
    0x0, 0xc, 0xf7, 0xf4, 0x0, 0x43, 0xef, 0x32,
    0x66, 0x60, 0x2, 0x7, 0x1d, 0xa3, 0x4d, 0xc1,
    0x10, 0x62, 0x31, 0x12, 0xc0, 0x93, 0xbb, 0x88,
    0x80, 0x3, 0xbb, 0xe2, 0x0, 0x10, 0xa2, 0x71,
    0x90, 0x29, 0x18, 0x4, 0xa3, 0x61, 0x5, 0xae,
    0xb1, 0x46, 0xe0, 0xc, 0x79, 0xa6, 0x7c, 0x0,

    /* U+0474 "Ѵ" */
    0xdd, 0x0, 0x7d, 0x3f, 0xd4, 0x46, 0x1, 0xcc,
    0xc8, 0xa6, 0xa, 0x0, 0xea, 0x37, 0x41, 0x37,
    0x0, 0xc4, 0x76, 0x1, 0x50, 0xa0, 0x4, 0xa0,
    0xa0, 0x13, 0x87, 0x0, 0x56, 0x44, 0x0, 0x85,
    0x14, 0x0, 0x26, 0xa0, 0x1d, 0xc0, 0xa0, 0xe1,
    0x60, 0x1c, 0xa1, 0xc1, 0xa2, 0x60, 0x1e, 0x64,
    0x14, 0x70, 0xf, 0xb4, 0x20, 0x34, 0x3, 0xe4,
    0x16, 0x14, 0x0, 0xfc, 0xc0, 0x80, 0x1c,

    /* U+0475 "ѵ" */
    0xdd, 0x0, 0x73, 0xfd, 0x50, 0x88, 0x1, 0x14,
    0x34, 0xb0, 0x50, 0x5, 0x41, 0x26, 0x28, 0xa0,
    0x12, 0xa8, 0x2, 0xd2, 0x30, 0x22, 0x60, 0x4,
    0xe1, 0x60, 0xa0, 0xe0, 0x10, 0xab, 0x5, 0x98,
    0x80, 0x6f, 0x14, 0x3b, 0x0, 0xe5, 0x18, 0x5,
    0x0, 0xf3, 0x99, 0x10, 0x2,

    /* U+0476 "Ѷ" */
    0x3, 0xf9, 0x1e, 0xc0, 0xf, 0x1c, 0xb1, 0xd1,
    0xa0, 0x7, 0x9a, 0x20, 0x95, 0x0, 0x1f, 0x3d,
    0x2, 0xe0, 0x6, 0xdd, 0x0, 0x7d, 0x3f, 0xd4,
    0x46, 0x1, 0xcc, 0xc8, 0xa6, 0xa, 0x0, 0xea,
    0x37, 0x41, 0x37, 0x0, 0xc4, 0x76, 0x1, 0x50,
    0xa0, 0x4, 0xa0, 0xa0, 0x13, 0x87, 0x0, 0x56,
    0x44, 0x0, 0x85, 0x14, 0x0, 0x26, 0xa0, 0x1d,
    0xc0, 0xa0, 0xe1, 0x60, 0x1c, 0xa1, 0xc1, 0xa2,
    0x60, 0x1e, 0x64, 0x14, 0x70, 0xf, 0xb4, 0x20,
    0x34, 0x3, 0xe4, 0x16, 0x14, 0x0, 0xfc, 0xc0,
    0x80, 0x1c,

    /* U+0477 "ѷ" */
    0x2f, 0xa1, 0xec, 0x0, 0xc5, 0x2a, 0x7a, 0x6a,
    0x1, 0x9a, 0x24, 0xee, 0x40, 0x39, 0xec, 0x13,
    0x0, 0x2d, 0xd0, 0x7, 0x3f, 0xd5, 0x8, 0x80,
    0x11, 0x43, 0x4b, 0x5, 0x0, 0x54, 0x12, 0x62,
    0x8a, 0x1, 0x2a, 0x80, 0x2d, 0x23, 0x2, 0x26,
    0x0, 0x4e, 0x16, 0xa, 0xe, 0x1, 0xa, 0xb0,
    0x59, 0x88, 0x6, 0xf1, 0x43, 0xb0, 0xe, 0x51,
    0x80, 0x50, 0xf, 0x39, 0x91, 0x0, 0x20,

    /* U+0478 "Ѹ" */
    0x0, 0x15, 0x77, 0xf5, 0x98, 0x7, 0xff, 0x5,
    0x35, 0x5e, 0x19, 0x71, 0x80, 0x3f, 0xe1, 0xb1,
    0xe9, 0x78, 0xe3, 0x92, 0x0, 0xff, 0x30, 0x58,
    0x80, 0x6e, 0xb, 0x1f, 0x90, 0xe, 0xfb, 0xc0,
    0x50, 0xe, 0x21, 0x41, 0x56, 0x0, 0xca, 0x1c,
    0xc4, 0x1, 0xf2, 0x90, 0x70, 0x30, 0x5, 0xe2,
    0xa6, 0x20, 0x1f, 0x8, 0x1, 0xa, 0x80, 0x25,
    0x70, 0x31, 0x0, 0xf8, 0x40, 0x2a, 0x32, 0x5,
    0xa, 0x6, 0x20, 0xf, 0x94, 0x80, 0xc, 0x14,
    0x1c, 0x46, 0x18, 0xa, 0x1, 0xc4, 0x28, 0x0,
    0x14, 0x61, 0x4a, 0x0, 0x30, 0x58, 0x80, 0x6e,
    0xb, 0x0, 0xbc, 0x64, 0x18, 0x0, 0x36, 0x3f,
    0x2f, 0x1c, 0x72, 0x40, 0x12, 0xb, 0xa0, 0x80,
    0x49, 0xa8, 0xf0, 0xcb, 0x8c, 0x1, 0xcc, 0x1c,
    0x1, 0xc5, 0x5d, 0xfd, 0x66, 0x1, 0xe2, 0x15,
    0x0, 0xff, 0xe2, 0x92, 0xb0, 0x7, 0xff, 0x11,
    0x5b, 0xc6, 0x40, 0x3f, 0xf8, 0x63, 0x52, 0x38,
    0x20, 0x18,

    /* U+0479 "ѹ" */
    0x0, 0xc, 0xf7, 0xf4, 0x0, 0x13, 0xd8, 0x3,
    0x17, 0xc0, 0xf, 0xbb, 0x4b, 0x3e, 0x2, 0x15,
    0x0, 0x6a, 0xa, 0x8, 0x1d, 0x86, 0x8a, 0x37,
    0xa, 0x32, 0x0, 0x98, 0xc8, 0x10, 0xcc, 0x1,
    0x28, 0xd8, 0x30, 0x50, 0x0, 0xc6, 0x80, 0x4,
    0xc0, 0x1c, 0xa4, 0x2, 0xac, 0x0, 0xa0, 0x60,
    0xf, 0xfe, 0xf, 0xa, 0x3, 0xa8, 0x4, 0x4c,
    0x1, 0xca, 0x40, 0x4, 0x1e, 0x41, 0xe0, 0x9,
    0x4c, 0xc0, 0x12, 0x8d, 0x0, 0x52, 0xba, 0x48,
    0x1, 0x41, 0x6b, 0xac, 0x51, 0xb0, 0x4, 0xc0,
    0xca, 0x1, 0xd8, 0xf3, 0x4c, 0xf8, 0x1, 0x85,
    0x2, 0x80, 0x38, 0x67, 0xbf, 0xa0, 0x3, 0xcc,
    0x84, 0x1, 0xff, 0xc4, 0x42, 0xe0, 0xf, 0xfe,
    0x10, 0xab, 0xd1, 0xa8, 0x7, 0xff, 0x8, 0xaa,
    0x13, 0x40, 0x38,

    /* U+047A "Ѻ" */
    0x0, 0xf1, 0x0, 0x7f, 0x87, 0x36, 0x44, 0x3,
    0xc7, 0x9c, 0x60, 0xdd, 0x42, 0x1, 0x26, 0x14,
    0x28, 0x3b, 0x97, 0xc4, 0x6, 0x87, 0xde, 0xbe,
    0x21, 0x83, 0x40, 0xc3, 0x62, 0x1, 0xc6, 0xc8,
    0x78, 0xa, 0x1, 0xf6, 0x82, 0x31, 0x0, 0x7e,
    0x50, 0xd3, 0x10, 0xf, 0xc2, 0x0, 0x32, 0x0,
    0xfc, 0x20, 0x6e, 0x22, 0x0, 0xf9, 0x43, 0xfc,
    0xc, 0x1, 0xf7, 0x83, 0xa9, 0xc2, 0x0, 0x8,
    0x0, 0xe8, 0xc2, 0x1c, 0x37, 0x5b, 0xab, 0xc8,
    0x49, 0x0, 0x17, 0xbb, 0x88, 0x10, 0x66, 0xc0,
    0x30, 0xc6, 0xb0, 0x4e, 0xb0, 0x4,

    /* U+047B "ѻ" */
    0x0, 0xed, 0xc0, 0xf, 0xc, 0xf9, 0x1f, 0x40,
    0x6, 0xc7, 0x81, 0x29, 0x7b, 0x0, 0x41, 0x6b,
    0xf6, 0xbd, 0x22, 0x82, 0x99, 0x80, 0x32, 0x8f,
    0x1, 0x30, 0x7, 0x89, 0x80, 0x3f, 0xf8, 0x4,
    0xc0, 0x1e, 0x26, 0x5, 0x32, 0x0, 0xc8, 0x3a,
    0x10, 0x58, 0xdb, 0x8d, 0x66, 0xc0, 0xc, 0x49,
    0x23, 0x96, 0xd0, 0x8, 0x6b, 0x84, 0xbe, 0x44,
    0x0,

    /* U+047C "Ѽ" */
    0x0, 0xe6, 0xef, 0xb5, 0x10, 0xf, 0xfa, 0x1a,
    0xce, 0x3a, 0x40, 0x3f, 0xd9, 0x10, 0x5d, 0xe8,
    0x0, 0xff, 0x10, 0x41, 0x0, 0x88, 0x3, 0xff,
    0x81, 0xae, 0x1, 0xff, 0xc3, 0xa8, 0x0, 0xff,
    0x2e, 0xff, 0x49, 0x2, 0xe7, 0xf4, 0x88, 0x4,
    0xf4, 0x33, 0x25, 0x10, 0x26, 0x96, 0x66, 0x8,
    0x14, 0x26, 0x33, 0xe0, 0x1, 0xe9, 0xa2, 0xca,
    0x2, 0x82, 0x0, 0x3f, 0xc8, 0x86, 0x3, 0x13,
    0x0, 0xff, 0xb0, 0xd, 0x88, 0x3, 0xff, 0x80,
    0x40, 0xc6, 0x1, 0xff, 0xc1, 0x10, 0x1, 0x88,
    0x7, 0x4f, 0x80, 0x70, 0x80, 0x18, 0x80, 0x3f,
    0xf8, 0x1a, 0xf, 0x80, 0xa0, 0x1f, 0xf2, 0x89,
    0x30, 0x58, 0x80, 0x46, 0x2, 0x1, 0x41, 0x48,
    0xd, 0xf, 0xcb, 0xda, 0x87, 0xc4, 0x31, 0xcd,
    0xc0, 0xb, 0x6a, 0xd0, 0xf3, 0xa8, 0xce, 0x4f,
    0x80, 0x0,

    /* U+047D "ѽ" */
    0x0, 0xcd, 0xdc, 0xa5, 0x10, 0xf, 0xe9, 0x95,
    0x15, 0xf4, 0x0, 0x7e, 0xd7, 0xa5, 0xee, 0x48,
    0x7, 0xe2, 0xa, 0x30, 0x11, 0x0, 0x7f, 0xf,
    0xe8, 0x7, 0xff, 0x0, 0x6c, 0xc0, 0x3f, 0x15,
    0xff, 0xa4, 0x0, 0xdd, 0xfa, 0xa0, 0x1, 0xc6,
    0x98, 0xf0, 0x1, 0x34, 0xb5, 0x28, 0x48, 0xfb,
    0x3b, 0x0, 0x12, 0x1a, 0xca, 0x1, 0x48, 0x80,
    0x1f, 0xca, 0x42, 0x6c, 0x1, 0x84, 0x40, 0x1b,
    0x80, 0x80, 0x3d, 0x7e, 0x1, 0xf1, 0xb0, 0x7,
    0xfb, 0xc0, 0x94, 0x90, 0x2, 0x11, 0x0, 0x42,
    0xe4, 0x32, 0x37, 0xd, 0x48, 0x3a, 0xcc, 0xc1,
    0x90, 0x1c, 0x57, 0x96, 0xbf, 0x79, 0x90, 0xda,
    0x0,

    /* U+047E "Ѿ" */
    0x0, 0xc5, 0xfd, 0xcf, 0xee, 0x68, 0x7, 0xf1,
    0x37, 0x71, 0xfb, 0x2c, 0x3, 0xfd, 0x20, 0x8,
    0x2, 0x60, 0xe, 0x8f, 0x20, 0xd, 0x9c, 0x1,
    0xd3, 0xe3, 0xe0, 0xc0, 0x19, 0xc4, 0x3, 0x8c,
    0x4, 0x80, 0x80, 0x31, 0x1, 0x0, 0x61, 0x0,
    0x38, 0x70, 0x6, 0xe0, 0x60, 0xc, 0xc4, 0x4,
    0x8, 0x1, 0xb4, 0x30, 0x3, 0x13, 0x0, 0x10,
    0xc0, 0x32, 0x82, 0x0, 0x44, 0x6, 0x0, 0xc0,
    0x40, 0x3, 0x1, 0x98, 0x40, 0xe, 0x18, 0x0,
    0x50, 0xd0, 0x5, 0x1c, 0x82, 0x0, 0x30, 0x10,
    0x0, 0x46, 0xe0, 0x47, 0x4a, 0x3c, 0x0, 0x74,
    0x0, 0xd4, 0x28, 0xa0, 0xe0, 0xc8, 0x28, 0x3c,
    0x1, 0x98, 0x7a, 0xd0, 0x42, 0x42, 0x7c, 0x54,
    0x3, 0x99, 0x4f, 0x80, 0x2, 0xae, 0x92, 0x1,
    0xe8, 0x10, 0x50, 0xa, 0x0, 0x5c, 0x2,

    /* U+047F "ѿ" */
    0x0, 0xa7, 0xfb, 0xfd, 0xde, 0xe0, 0x1e, 0xb9,
    0xea, 0xbe, 0x86, 0x0, 0xf1, 0x30, 0x2a, 0x3,
    0x88, 0x5, 0x5e, 0x1, 0xbe, 0x80, 0x36, 0xd9,
    0x0, 0x71, 0x8, 0x6, 0x21, 0xe0, 0x30, 0x9,
    0x98, 0x1, 0x8, 0x12, 0x82, 0x80, 0x44, 0x41,
    0x0, 0x28, 0x61, 0x8e, 0x0, 0x48, 0xa, 0x0,
    0xc0, 0x50, 0x74, 0x0, 0x29, 0x6, 0x80, 0x15,
    0x4, 0x34, 0x50, 0x25, 0x98, 0xe0, 0x65, 0xc0,
    0x4, 0x2f, 0x43, 0x8a, 0x14, 0x92, 0x50, 0xa,
    0x12, 0x58, 0x4c, 0xd0, 0xb0, 0x1, 0x94, 0xca,
    0xc0, 0x10, 0x66, 0x50, 0x0,

    /* U+0480 "Ҁ" */
    0x0, 0x9b, 0x3f, 0xdd, 0x8e, 0x0, 0x1c, 0x91,
    0x78, 0x71, 0xc0, 0x6, 0x9c, 0xec, 0x3c, 0xed,
    0x82, 0x9b, 0xb0, 0x7, 0xde, 0x12, 0x1, 0xf9,
    0xc4, 0x40, 0x1f, 0x8c, 0xc0, 0x1f, 0xc6, 0x60,
    0xf, 0xe6, 0x11, 0x0, 0x7e, 0xd0, 0x60, 0xf,
    0xcc, 0x30, 0x80, 0x1f, 0xb4, 0x6f, 0x22, 0x20,
    0xc, 0x7e, 0xe2, 0xee, 0x60, 0xe, 0x18, 0xdf,
    0x40, 0xf, 0xfe, 0xc8,

    /* U+0481 "ҁ" */
    0x0, 0xc, 0xf7, 0xf5, 0x88, 0xe, 0x33, 0xcb,
    0x0, 0x84, 0x95, 0xcb, 0x45, 0x80, 0x14, 0xd0,
    0x3, 0xc4, 0xc0, 0x1f, 0xfc, 0x41, 0x60, 0xf,
    0x9c, 0xcc, 0x1, 0xe8, 0x1c, 0x86, 0x72, 0x0,
    0xe, 0x2b, 0x4c, 0x30, 0x4, 0x55, 0xd4, 0x1,
    0xff, 0xd2,

    /* U+0482 "҂" */
    0x0, 0xfc, 0x60, 0x1f, 0xd1, 0xc0, 0x1c, 0xf8,
    0x64, 0xf0, 0x1, 0xcc, 0xb9, 0xe8, 0xa0, 0x1c,
    0x33, 0x22, 0x47, 0x0, 0xfa, 0x9a, 0xa7, 0x0,
    0x14, 0xa0, 0xa7, 0xb, 0xde, 0x0, 0xca, 0xcb,
    0x81, 0x0, 0x18, 0x1, 0xb8, 0x7, 0x44, 0x3,
    0xe3, 0x76, 0xf4, 0x0, 0xeb, 0x38, 0xc8, 0x60,
    0xe, 0x6f, 0x0, 0x31, 0x0, 0x76, 0x18, 0x7,
    0xc0,

    /* U+0483 "҃" */
    0x0, 0xe3, 0xc1, 0x2f, 0xfd, 0x86, 0x7b, 0x3f,
    0xf1, 0x0,

    /* U+0484 "҄" */
    0x0, 0x24, 0xf7, 0xd0, 0x1f, 0xd9, 0xde, 0x2a,
    0x1e, 0xfd, 0x29, 0xea, 0x80,

    /* U+0485 "҅" */
    0xe, 0xa2, 0x18, 0x28, 0x80, 0x3d, 0x80,

    /* U+0486 "҆" */
    0xd, 0xb0, 0x85, 0x1e, 0xb1, 0xb5,

    /* U+0487 "҇" */
    0xa, 0xfe, 0x94, 0x0, 0x22, 0xdd, 0x8e, 0xfc,
    0xd3, 0x51, 0x6b, 0xf8, 0xc0,

    /* U+0488 "҈" */
    0x0, 0xfe, 0x8e, 0xe2, 0x80, 0x7f, 0xf1, 0x4c,
    0xd9, 0x50, 0x1, 0xff, 0xc5, 0x3b, 0x24, 0xc0,
    0xf, 0xfe, 0x4, 0x76, 0xa0, 0x7, 0x8, 0x1,
    0xbb, 0x8c, 0x1, 0xc6, 0x6c, 0x99, 0x0, 0x7c,
    0x37, 0xba, 0xb1, 0x0, 0xc5, 0x24, 0x9c, 0x1,
    0xf0, 0xf9, 0x9b, 0x80, 0x38, 0x48, 0x0, 0x60,
    0x1f, 0x88, 0x0, 0x62, 0x1, 0xff, 0xe3, 0x8f,
    0xe6, 0x0, 0xff, 0xe0, 0x3f, 0x71, 0xc0, 0x93,
    0x36, 0xc4, 0x3, 0xfc, 0x37, 0xba, 0xa2, 0x26,
    0x19, 0xb4, 0x40, 0x3f, 0xc3, 0x86, 0x6d, 0x20,
    0xf, 0xff, 0x1c, 0xfe, 0xa0, 0x7, 0xe7, 0xee,
    0x30, 0x7, 0x21, 0x6c, 0xc8, 0x3, 0xe1, 0xad,
    0xd5, 0x88, 0x6, 0x4b, 0x24, 0xc0, 0xf, 0x87,
    0xc, 0xd8, 0x20, 0x1f, 0x84, 0x1, 0x1f, 0xca,
    0x0, 0x10, 0x0, 0x80, 0x7f, 0xc6, 0x99, 0x50,
    0x1, 0xff, 0xc5, 0x3d, 0x34, 0xf0, 0xf, 0xe0,

    /* U+0489 "҉" */
    0x0, 0xfe, 0x1f, 0x10, 0xf, 0xfe, 0x2b, 0x10,
    0x80, 0x7f, 0xc8, 0x1, 0xd4, 0xe0, 0x1f, 0xfc,
    0xf, 0x80, 0xc, 0x38, 0x1, 0x85, 0xd4, 0x3,
    0xb9, 0xcc, 0x2, 0xc6, 0x0, 0xc, 0xf5, 0x30,
    0x7, 0x29, 0x48, 0x7, 0xe4, 0x7d, 0x30, 0xf,
    0x75, 0x80, 0x7c, 0x3b, 0x0, 0x1f, 0x8c, 0x40,
    0x3f, 0xfa, 0xdd, 0xb4, 0xc0, 0x1f, 0xfc, 0xd,
    0xc7, 0x1f, 0xa6, 0xb0, 0xf, 0xfe, 0x5, 0xb5,
    0x78, 0xbe, 0x60, 0x3, 0xff, 0x80, 0xd5, 0xbe,
    0x1, 0x8, 0x7, 0xff, 0xc, 0x40, 0x3f, 0xf9,
    0x84, 0xc0, 0x1f, 0x9e, 0x40, 0x3e, 0x6d, 0x92,
    0x0, 0xfb, 0xd8, 0x40, 0x3a, 0x20, 0xfc, 0x40,
    0x5, 0xc1, 0x0, 0x41, 0x48, 0x7, 0x47, 0x40,
    0x80, 0x58, 0x22, 0x0, 0xb8, 0x80, 0x3f, 0xf8,
    0x9, 0x40, 0x18, 0xe8, 0x3, 0xff, 0x80, 0x4c,
    0x1, 0xfc,

    /* U+048A "Ҋ" */
    0x0, 0x2f, 0x90, 0x1, 0x3c, 0xc0, 0x39, 0x2,
    0x80, 0x1e, 0x26, 0x1, 0xc3, 0x2f, 0xfe, 0x5a,
    0x0, 0xf9, 0xbf, 0xba, 0x40, 0xc, 0x9e, 0x80,
    0x1, 0x10, 0xf, 0xf8, 0x40, 0x3f, 0xa8, 0x3,
    0xfe, 0x64, 0x40, 0x7, 0xf1, 0x4a, 0x70, 0x7,
    0xf7, 0x4, 0x98, 0x7, 0xe7, 0x38, 0x20, 0xf,
    0xc5, 0x6, 0xe0, 0x20, 0x1f, 0x78, 0x70, 0x7,
    0xe7, 0x82, 0x82, 0x0, 0xfc, 0xae, 0x4e, 0x1,
    0xfd, 0x1, 0xc0, 0x1f, 0xe1, 0x73, 0x0, 0xf7,
    0xd0, 0x0, 0xa0, 0x3, 0xe1, 0xd4, 0xfd, 0x0,
    0xf3, 0xe8, 0x20, 0x7, 0xfa, 0x4, 0xc0, 0x3f,
    0x85, 0x50, 0x0,

    /* U+048B "ҋ" */
    0x4, 0xf2, 0x0, 0x27, 0xa0, 0x4, 0xa1, 0x60,
    0x3e, 0x28, 0x1, 0xc, 0xb7, 0xf2, 0xd0, 0x7,
    0x37, 0xef, 0x71, 0x0, 0x27, 0xf0, 0x1, 0x9,
    0xff, 0x80, 0x3f, 0x78, 0x7, 0xf3, 0x1b, 0x0,
    0x7c, 0x30, 0xfc, 0x1, 0xf4, 0x1c, 0x0, 0x7c,
    0x4d, 0x20, 0x1f, 0xb9, 0x50, 0x3, 0xe5, 0x2b,
    0x0, 0xfd, 0x70, 0x20, 0x1f, 0x89, 0x80, 0x3b,
    0xe5, 0xff, 0x0, 0x33, 0xf0, 0x60, 0x7, 0xe7,
    0x4, 0x0, 0xfd, 0xa4, 0x20, 0x1f, 0xd4, 0x0,

    /* U+048C "Ҍ" */
    0x4, 0xf5, 0x0, 0xf8, 0x44, 0x6, 0x22, 0x0,
    0xe8, 0xa0, 0x9e, 0xe2, 0x80, 0x6b, 0x80, 0x7b,
    0xb2, 0x0, 0x62, 0x30, 0xd4, 0x40, 0x80, 0x7c,
    0x44, 0x10, 0xf, 0xd1, 0xbd, 0xfa, 0xe0, 0x1c,
    0xf5, 0x49, 0x18, 0x90, 0xd, 0xaa, 0xa6, 0xc3,
    0x60, 0xf, 0xe5, 0x2, 0x0, 0xfc, 0x80, 0x40,
    0x16, 0x33, 0x23, 0x4a, 0x0, 0x33, 0x4c, 0x99,
    0x94, 0xe0,

    /* U+048D "ҍ" */
    0x7, 0xf1, 0x0, 0xfe, 0x30, 0xf, 0x6c, 0x6,
    0xfe, 0x0, 0x6f, 0x60, 0xbc, 0xe0, 0xc, 0x5c,
    0xa, 0x64, 0x1, 0xff, 0xcf, 0x31, 0x10, 0x7,
    0xdb, 0xdc, 0xfe, 0x80, 0xd, 0x57, 0x6a, 0x47,
    0x60, 0x9, 0x12, 0x5a, 0x1d, 0x0, 0xfe, 0x10,
    0x9, 0xd1, 0xd, 0x63, 0xc0, 0x14, 0xdd, 0xa5,
    0xe9, 0x0,

    /* U+048E "Ҏ" */
    0x4f, 0xfd, 0xd6, 0x80, 0x19, 0xa6, 0x4e, 0xb6,
    0xa0, 0x16, 0x33, 0x27, 0xc2, 0x0, 0x3e, 0x15,
    0x20, 0xf, 0x8, 0x18, 0x7, 0xa3, 0x41, 0x8,
    0x2, 0x31, 0xc3, 0xe2, 0x80, 0xa, 0x7a, 0xc0,
    0x61, 0x40, 0x27, 0xbb, 0x6a, 0xd0, 0x6, 0xd4,
    0x41, 0x55, 0x80, 0x7f, 0x30, 0x7, 0xff, 0x28,

    /* U+048F "ҏ" */
    0x7e, 0x2b, 0xff, 0x61, 0x80, 0x43, 0x99, 0x58,
    0x61, 0x80, 0x52, 0xe6, 0x98, 0x10, 0x1, 0x20,
    0x6, 0x44, 0x0, 0x44, 0x1, 0x88, 0x3, 0x18,
    0x7, 0xf3, 0x0, 0x14, 0x8, 0x3, 0x70, 0x1d,
    0x3a, 0x28, 0x4, 0x94, 0xa7, 0x1, 0x0, 0x16,
    0x84, 0x98, 0x99, 0x0, 0x45, 0x5f, 0xf1, 0x20,
    0x7, 0xc3, 0xe8, 0x1, 0xf8, 0x40, 0x3f, 0xf8,
    0x0,

    /* U+0490 "Ґ" */
    0x0, 0xf2, 0xf9, 0x0, 0x7f, 0xf1, 0x93, 0xff,
    0xa8, 0x3, 0x2c, 0x47, 0x18, 0x3, 0xdd, 0xf8,
    0x40, 0x3f, 0xff, 0xe0, 0x1f, 0xfc, 0x30,

    /* U+0491 "ґ" */
    0x0, 0xc3, 0xee, 0x1, 0xff, 0xc2, 0x7f, 0xfb,
    0x80, 0x35, 0x66, 0x4c, 0x0, 0x43, 0x38, 0x40,
    0x3f, 0xfc, 0xa0,

    /* U+0492 "Ғ" */
    0x4, 0xff, 0xf8, 0x80, 0x25, 0x88, 0xe2, 0x0,
    0xbd, 0xdf, 0x80, 0x3f, 0xf9, 0x22, 0x20, 0x31,
    0x18, 0x2, 0x8a, 0x9, 0xee, 0x84, 0x1, 0x70,
    0xf, 0x77, 0x8, 0x0, 0x8c, 0x35, 0x12, 0x0,
    0xff, 0xef, 0x80,

    /* U+0493 "ғ" */
    0x7, 0xff, 0xe7, 0x0, 0xa6, 0xaa, 0x50, 0x9,
    0xd5, 0x62, 0x0, 0xfe, 0xf0, 0xf, 0x6b, 0x87,
    0x7f, 0x88, 0x39, 0x82, 0xf3, 0x4, 0x7, 0xc0,
    0xa6, 0x60, 0xf, 0xfe, 0x30,

    /* U+0494 "Ҕ" */
    0x4f, 0xff, 0x8c, 0x3, 0x2c, 0x47, 0x10, 0x6,
    0xf7, 0x7e, 0x10, 0xf, 0xfe, 0x19, 0x88, 0x80,
    0x3f, 0x4f, 0x73, 0xf1, 0x40, 0x39, 0x6a, 0x8e,
    0x55, 0x20, 0x1b, 0xd5, 0x51, 0xc8, 0xc8, 0x1,
    0xfa, 0x83, 0xc0, 0x3f, 0x9, 0xa0, 0x7, 0xf3,
    0x0, 0x7f, 0xf2, 0x58, 0x0, 0x9e, 0xa0, 0x1c,
    0x68, 0x1, 0xfa, 0x43, 0x80, 0x22, 0xa7, 0x8c,
    0x64, 0x50, 0x8, 0xda, 0x1c, 0x62, 0xc0, 0x0,

    /* U+0495 "ҕ" */
    0x7f, 0xfe, 0x80, 0xd, 0x35, 0x58, 0x3, 0x3a,
    0xac, 0x40, 0x18, 0xc4, 0x3, 0xed, 0xef, 0xb3,
    0x0, 0xd3, 0x50, 0xb8, 0x40, 0x13, 0xab, 0xe0,
    0x40, 0x7, 0x89, 0x14, 0x3, 0xe2, 0x0, 0xff,
    0x9f, 0xc4, 0x2, 0x20, 0xf, 0x85, 0x10, 0x1,
    0x53, 0xbb, 0x2, 0x0, 0x34, 0x40, 0x70, 0xc0,

    /* U+0496 "Җ" */
    0x6f, 0x60, 0x8, 0x7d, 0xc0, 0x21, 0xec, 0x6,
    0x64, 0x98, 0x7, 0xed, 0xd, 0x0, 0x49, 0xe8,
    0x80, 0x7a, 0x4f, 0x44, 0x2, 0xd0, 0xa0, 0xe,
    0x56, 0x93, 0x0, 0xc3, 0x49, 0x0, 0x11, 0x53,
    0x30, 0x3, 0xc9, 0xe, 0xe0, 0xff, 0x1c, 0x80,
    0x7e, 0x60, 0xb0, 0x52, 0xa0, 0xf, 0xea, 0xe,
    0xa, 0x49, 0x20, 0xf, 0xa1, 0x28, 0x80, 0x14,
    0x3e, 0x1, 0xe4, 0x77, 0x28, 0x4, 0x3a, 0x54,
    0x1, 0x8a, 0x8e, 0x0, 0x38, 0xe5, 0x58, 0x2,
    0xe0, 0xd0, 0xf, 0x99, 0x66, 0x1e, 0x4e, 0x84,
    0x3, 0xf5, 0x13, 0xc4, 0xfa, 0x0, 0x43, 0xee,
    0x1, 0xb5, 0x40, 0x3f, 0xfc, 0x7f, 0x0,

    /* U+0497 "җ" */
    0x3f, 0x70, 0xb, 0xdc, 0x0, 0x3d, 0x60, 0x3,
    0x98, 0x40, 0xf, 0x69, 0xd8, 0x4, 0xcc, 0xb2,
    0x0, 0xd4, 0x5e, 0x1, 0xd2, 0x7e, 0x20, 0x6,
    0x5a, 0x20, 0xf, 0x69, 0xd0, 0x64, 0xc9, 0x0,
    0x3e, 0x21, 0x30, 0x21, 0xc0, 0xf, 0x8b, 0x52,
    0x3, 0xa9, 0x5c, 0x3, 0xde, 0x76, 0x1, 0x24,
    0xc2, 0x80, 0x6b, 0x3f, 0x0, 0xe6, 0x65, 0x32,
    0x84, 0xa6, 0x90, 0x7, 0xa4, 0xe6, 0x82, 0x7c,
    0xc0, 0x2f, 0x70, 0xb, 0x20, 0x3, 0xff, 0xc0,
    0x8e, 0x0,

    /* U+0498 "Ҙ" */
    0x8, 0xcf, 0xf7, 0x5a, 0x0, 0x4a, 0xee, 0x86,
    0x5b, 0x50, 0x6, 0xdc, 0x3c, 0x78, 0x40, 0x7,
    0xc2, 0x66, 0x0, 0xfc, 0x4a, 0x1, 0x8, 0xc9,
    0x81, 0x20, 0x15, 0xf7, 0x2c, 0x74, 0x80, 0x29,
    0xbb, 0x4b, 0xe4, 0x0, 0x46, 0x88, 0x6a, 0x67,
    0x20, 0xf, 0xbc, 0x1c, 0x3, 0xed, 0x6, 0x4d,
    0x97, 0x74, 0x6a, 0x31, 0xb3, 0xa4, 0x41, 0x99,
    0x52, 0x5, 0x5b, 0xea, 0xf6, 0xa0, 0x1e, 0xb6,
    0x30, 0xf, 0x9, 0x3, 0x80, 0x79, 0xb1, 0x10,
    0x1, 0x0,

    /* U+0499 "ҙ" */
    0x1a, 0xdf, 0xf6, 0xb0, 0x8, 0x96, 0xa5, 0xa5,
    0x82, 0xe1, 0x5a, 0xc3, 0xc0, 0x30, 0xc0, 0x68,
    0x3, 0xfd, 0xcf, 0x48, 0x0, 0xcc, 0x5a, 0xd2,
    0x80, 0xc, 0xc9, 0x47, 0x0, 0x1e, 0x13, 0x5a,
    0x75, 0x6b, 0x26, 0x60, 0xcd, 0x4b, 0xcc, 0x1d,
    0xf5, 0x16, 0x30, 0x6, 0x50, 0x70, 0xe, 0x10,
    0xf0, 0xc, 0x7c, 0x14, 0x0,

    /* U+049A "Қ" */
    0x4f, 0x50, 0xc, 0xde, 0xc0, 0x1f, 0x2c, 0xbb,
    0x0, 0x79, 0x29, 0x60, 0x3, 0xc5, 0x67, 0x40,
    0x1e, 0x2c, 0x2d, 0x0, 0xf1, 0x78, 0x60, 0x80,
    0x7a, 0xc9, 0x84, 0x3, 0xe9, 0x57, 0x50, 0xf,
    0xd4, 0x74, 0x60, 0x1f, 0xb4, 0xb4, 0x80, 0x3e,
    0x1f, 0xf, 0x10, 0xf, 0x8b, 0x4b, 0x5d, 0x80,
    0x3c, 0x76, 0x71, 0x49, 0xea, 0x1, 0x93, 0xcc,
    0x3, 0xff, 0xa9, 0x54,

    /* U+049B "қ" */
    0x7f, 0x10, 0x1, 0xfc, 0x0, 0x71, 0x6a, 0xc0,
    0x6, 0x1f, 0x2a, 0x0, 0xc7, 0x47, 0xa0, 0x1d,
    0x9, 0x82, 0x1, 0xc4, 0x8, 0x1, 0xe9, 0x79,
    0x40, 0xf, 0x42, 0xd9, 0x80, 0x7a, 0x8f, 0x55,
    0x0, 0x3b, 0x42, 0xa1, 0xfc, 0x40, 0x3, 0xc6,
    0x1, 0xff, 0xce, 0xaa, 0x0,

    /* U+049C "Ҝ" */
    0x4f, 0x50, 0xc, 0xde, 0xc0, 0x1f, 0x2c, 0xbb,
    0x0, 0x68, 0x94, 0xa5, 0x80, 0xf, 0x15, 0xa5,
    0x0, 0x7c, 0x85, 0x60, 0x1e, 0x26, 0x1c, 0x0,
    0xfa, 0xc5, 0x4, 0x3, 0xe9, 0x45, 0x50, 0x7,
    0xe3, 0xa, 0x40, 0xf, 0xca, 0x54, 0x40, 0x1e,
    0xb9, 0xc0, 0xc1, 0x0, 0xe3, 0x30, 0xe0, 0xe8,
    0x7, 0xe2, 0xb3, 0xa0,

    /* U+049D "ҝ" */
    0x7f, 0x10, 0x1, 0xfc, 0x0, 0x6e, 0x6d, 0x48,
    0x0, 0xe9, 0x3a, 0x0, 0xf0, 0xf8, 0x80, 0x68,
    0x1b, 0x20, 0xe, 0x30, 0x30, 0xf, 0x58, 0xc9,
    0x80, 0x7c, 0x3a, 0x40, 0x1e, 0xb2, 0xc1, 0x0,
    0xda, 0x9a, 0x1a, 0x0,

    /* U+049E "Ҟ" */
    0x4, 0xf5, 0x0, 0xcb, 0xec, 0x2, 0x20, 0x22,
    0x0, 0x6, 0xd1, 0x83, 0x68, 0x23, 0x44, 0x20,
    0x64, 0x1, 0xf0, 0xd, 0x42, 0x8d, 0x4, 0x0,
    0x33, 0x6, 0x28, 0x49, 0x38, 0x7, 0x88, 0x92,
    0x5c, 0x1, 0xf4, 0x6b, 0x19, 0x80, 0x3e, 0x6a,
    0x53, 0x40, 0xf, 0xb1, 0x68, 0x68, 0x40, 0x3f,
    0xb4, 0x6c, 0x3, 0xf8, 0xdd, 0x54, 0x1, 0xfd,
    0x5, 0x62, 0x1, 0xfd, 0xe3, 0x40,

    /* U+049F "ҟ" */
    0x6, 0xe1, 0x0, 0xf8, 0x44, 0x1, 0xf6, 0xc0,
    0x77, 0xf9, 0x80, 0x2f, 0x60, 0xbc, 0xc3, 0x80,
    0x45, 0xc0, 0xa6, 0x62, 0xf8, 0x0, 0xf1, 0x6a,
    0xc0, 0x7, 0xf, 0x95, 0x0, 0x71, 0xd1, 0xe8,
    0x7, 0xa5, 0x30, 0x40, 0x3c, 0x60, 0x80, 0x1f,
    0x4b, 0xca, 0x0, 0x7d, 0xb, 0x66, 0x1, 0xf5,
    0x1e, 0x88, 0x7, 0xda, 0x18, 0x0,

    /* U+04A0 "Ҡ" */
    0xef, 0xfa, 0xc0, 0x31, 0x75, 0x84, 0x44, 0x1,
    0xc3, 0x87, 0x60, 0xce, 0xe1, 0x0, 0xd8, 0x18,
    0x1, 0xfd, 0x65, 0x82, 0x1, 0xfa, 0x92, 0xc8,
    0x3, 0xf4, 0xad, 0x20, 0x7, 0xe6, 0x61, 0x28,
    0x7, 0xf3, 0x51, 0x50, 0x7, 0xf9, 0x61, 0x60,
    0x3, 0xfc, 0xec, 0xec, 0x1, 0xfe, 0x95, 0x94,
    0x0, 0xff, 0x51, 0xd9, 0x80, 0x7f, 0xb4, 0xb4,
    0x40,

    /* U+04A1 "ҡ" */
    0xaf, 0xfc, 0x1, 0x2f, 0xa8, 0x4d, 0x51, 0x0,
    0x23, 0xa7, 0x50, 0x35, 0x51, 0x0, 0xb, 0x56,
    0x0, 0x3e, 0x1f, 0x2a, 0x0, 0xfd, 0x47, 0xa0,
    0x1f, 0xc6, 0x2a, 0x1, 0xfd, 0xb, 0x64, 0x1,
    0xfd, 0x47, 0x82, 0x1, 0xfd, 0xa1, 0xa0, 0x1f,
    0xc3, 0x87, 0x60,

    /* U+04A2 "Ң" */
    0x4f, 0x50, 0xf, 0x7c, 0x80, 0x7f, 0xfb, 0x8,
    0xbe, 0x0, 0xf4, 0x6e, 0xf8, 0x3, 0xcf, 0x55,
    0xe0, 0xf, 0x6a, 0xaf, 0x80, 0x3f, 0xfb, 0x8d,
    0xc2, 0x1, 0xff, 0x9, 0xa7, 0xa8, 0x7, 0xbe,
    0x40, 0x3f, 0xfa, 0x0,

    /* U+04A3 "ң" */
    0x7f, 0x10, 0xd, 0x5e, 0x1, 0xff, 0xce, 0x31,
    0x1c, 0x1, 0xed, 0xee, 0xca, 0x1, 0xd5, 0x77,
    0x90, 0x3, 0x91, 0x38, 0x40, 0x3f, 0xfa, 0xde,
    0xaf, 0xe2, 0x1, 0xab, 0x0, 0x3f, 0xfa, 0x82,
    0x62,

    /* U+04A4 "Ҥ" */
    0x4f, 0x50, 0xf, 0x7f, 0xe8, 0x0, 0xff, 0x1c,
    0x43, 0x0, 0x3f, 0xca, 0xee, 0x40, 0xf, 0xfe,
    0x91, 0x17, 0xc0, 0x1f, 0x46, 0xef, 0x80, 0x3e,
    0x7a, 0xaf, 0x0, 0x7d, 0xaa, 0xbe, 0x0, 0xff,
    0xf8, 0x80,

    /* U+04A5 "ҥ" */
    0x7f, 0x10, 0xd, 0x5f, 0xf8, 0x3, 0xfd, 0x55,
    0x0, 0x7f, 0x95, 0x60, 0x8, 0xc4, 0x70, 0x7,
    0xed, 0xee, 0xca, 0x1, 0xf5, 0x5d, 0xe4, 0x0,
    0xf9, 0x13, 0x84, 0x3, 0xff, 0xc0,

    /* U+04A6 "Ҧ" */
    0x4f, 0xff, 0xe0, 0xf, 0xf2, 0xc4, 0x71, 0x0,
    0x7f, 0xde, 0xef, 0xe0, 0xf, 0xfe, 0xc8, 0x90,
    0x80, 0x7f, 0xf0, 0xfb, 0x7b, 0x90, 0x1, 0xff,
    0xc1, 0xaa, 0x4a, 0x3e, 0x80, 0x7f, 0xf0, 0x15,
    0x4d, 0x52, 0x52, 0x1, 0xff, 0xc3, 0x63, 0x60,
    0xf, 0xfe, 0x25, 0x81, 0x80, 0x7f, 0xf0, 0xc8,
    0x18, 0x3, 0xff, 0xaa, 0x40, 0xc9, 0xea, 0x1,
    0xd5, 0xe0, 0x1d, 0x80, 0x60, 0x1f, 0xfc, 0x25,
    0x45, 0x0, 0xff, 0xaa, 0x1e, 0xa8, 0x36, 0x1,
    0xff, 0xc0, 0x68, 0x46, 0xf1, 0x0,

    /* U+04A7 "ҧ" */
    0x7f, 0xff, 0x94, 0x3, 0xf4, 0xd5, 0x50, 0x1,
    0xfe, 0x75, 0x59, 0x0, 0x3f, 0xf8, 0xa2, 0x1,
    0xff, 0xc1, 0xae, 0xfb, 0x20, 0xf, 0xf3, 0x54,
    0x2e, 0x90, 0x7, 0xf6, 0x2b, 0xe0, 0x58, 0x7,
    0xff, 0x0, 0x8d, 0xc0, 0x3f, 0xf8, 0x2c, 0x20,
    0x1f, 0xfc, 0x47, 0xf1, 0x0, 0x8f, 0xd4, 0x2,
    0x11, 0x0, 0x7f, 0xf0, 0x5, 0x10, 0x1, 0xfc,
    0xf0, 0xf8, 0x12, 0x1, 0xfc, 0x2d, 0x1, 0x66,
    0x0,

    /* U+04A8 "Ҩ" */
    0x0, 0x15, 0x77, 0xf9, 0xc0, 0x3c, 0x9a, 0xaf,
    0x10, 0x41, 0x0, 0xc3, 0x43, 0xb2, 0xe7, 0xbd,
    0xc6, 0x0, 0x30, 0xd9, 0x0, 0xd9, 0xd2, 0xca,
    0x6, 0x2, 0x80, 0x18, 0x25, 0x68, 0x38, 0x18,
    0x80, 0x2d, 0x4, 0x1, 0x27, 0x3, 0x10, 0x8,
    0x40, 0x30, 0x98, 0x18, 0x80, 0x42, 0x1, 0x84,
    0xc1, 0x88, 0x2, 0x20, 0x30, 0x1, 0x38, 0x68,
    0x30, 0x2, 0xc2, 0xc1, 0x83, 0x81, 0x86, 0xc,
    0xc, 0xce, 0xb2, 0x68, 0x0, 0xd0, 0xca, 0x76,
    0xa, 0x8, 0x20, 0x1, 0xfb, 0xba, 0x14, 0xcc,
    0x17, 0xa8, 0x0, 0x18, 0xdf, 0xf6, 0x63, 0x6e,
    0xc8,

    /* U+04A9 "ҩ" */
    0x0, 0x15, 0x7f, 0xa0, 0x3, 0x87, 0x12, 0x26,
    0xc0, 0x3a, 0x47, 0x1d, 0xa7, 0xfd, 0x0, 0x5,
    0x32, 0x9, 0x5a, 0x77, 0x28, 0x13, 0x0, 0x11,
    0xb, 0x1, 0xa0, 0x1c, 0x62, 0x1, 0x8, 0x13,
    0x0, 0x9, 0xc0, 0x83, 0xc1, 0x4c, 0xc1, 0x44,
    0xb2, 0x2c, 0x10, 0x5a, 0xe6, 0x14, 0x92, 0x80,
    0xc, 0x79, 0xa2, 0x62, 0x8a,

    /* U+04AA "Ҫ" */
    0x0, 0x9f, 0x3f, 0xdd, 0x6a, 0x5, 0xb0, 0xf,
    0xe, 0xa4, 0x1e, 0x55, 0x90, 0xf3, 0xce, 0xa4,
    0xea, 0x1, 0xef, 0x9, 0x0, 0xf9, 0xc4, 0x40,
    0x1f, 0x19, 0x80, 0x3f, 0x19, 0x80, 0x3f, 0x30,
    0x88, 0x3, 0xed, 0x6, 0x0, 0xf9, 0x86, 0x10,
    0x3, 0xed, 0x1b, 0xb4, 0x3c, 0x5a, 0x1, 0xfb,
    0x2b, 0xc3, 0x3, 0x0, 0x6, 0x78, 0xab, 0xac,
    0x80, 0x3a, 0x28, 0x3, 0xe1, 0x30, 0xf, 0xd5,
    0x2e, 0x1, 0x0,

    /* U+04AB "ҫ" */
    0x0, 0xc, 0xf7, 0xf5, 0x0, 0x7, 0xd9, 0x92,
    0xc4, 0x0, 0x81, 0xc8, 0x68, 0x80, 0x1, 0xc,
    0xc0, 0x1e, 0x26, 0x0, 0xff, 0xe2, 0xb, 0x0,
    0x7c, 0xe6, 0x60, 0xf, 0x40, 0xe4, 0x34, 0x50,
    0x0, 0x7d, 0x5e, 0x58, 0xc0, 0x21, 0xab, 0x2f,
    0x90, 0xe, 0x41, 0x90, 0xf, 0x8, 0x8, 0x7,
    0x17, 0x15, 0x0, 0x0,

    /* U+04AC "Ҭ" */
    0xdf, 0xff, 0xdb, 0x71, 0x10, 0x8a, 0x22, 0xb6,
    0x77, 0x8c, 0x9d, 0xe6, 0x0, 0xff, 0xff, 0x80,
    0x7f, 0x8f, 0x94, 0x3, 0xf0, 0x80, 0x7d, 0xb8,
    0x1, 0xff, 0xcc,

    /* U+04AD "ҭ" */
    0xaf, 0xff, 0x8a, 0x6a, 0x8a, 0x15, 0x51, 0x1a,
    0xa8, 0x81, 0x56, 0x0, 0xff, 0xf8, 0x7b, 0x80,
    0x74, 0x70, 0x7, 0xff, 0x3d, 0x8, 0x0,

    /* U+04AE "Ү" */
    0xbf, 0x10, 0xe, 0xde, 0x8, 0x9, 0x0, 0xca,
    0x50, 0x6, 0xae, 0x20, 0x14, 0x13, 0x0, 0x20,
    0x20, 0x0, 0xc5, 0x20, 0x11, 0x33, 0x4, 0x20,
    0xd0, 0x3, 0x40, 0x43, 0xf, 0x80, 0x70, 0xbb,
    0x42, 0x18, 0x7, 0xa4, 0x45, 0x20, 0x1f, 0xa,
    0x89, 0x0, 0x7f, 0xf9, 0x0,

    /* U+04AF "ү" */
    0xcd, 0x0, 0xeb, 0xe0, 0xa2, 0x30, 0x8, 0x51,
    0x81, 0xc2, 0x80, 0x26, 0xa, 0x1, 0x56, 0x0,
    0xa8, 0xc8, 0x1, 0x20, 0xa0, 0x65, 0x40, 0x11,
    0x97, 0x5, 0x3, 0x0, 0x6a, 0x41, 0x76, 0x0,
    0xe6, 0x8, 0x1a, 0x0, 0xe1, 0x46, 0x23, 0x0,
    0xf7, 0x5, 0x0, 0x7c, 0xc0, 0x40, 0x1f, 0xfd,
    0x60,

    /* U+04B0 "Ұ" */
    0xcf, 0x10, 0xe, 0xce, 0xf, 0x9, 0x0, 0xca,
    0x70, 0x6, 0x8e, 0x20, 0x14, 0x8b, 0x0, 0x20,
    0x24, 0x0, 0xa7, 0x0, 0x11, 0xa3, 0x88, 0x49,
    0x30, 0x6, 0x80, 0x95, 0x38, 0x0, 0xe3, 0x47,
    0x82, 0x50, 0xf, 0x40, 0x14, 0x0, 0x78, 0x84,
    0xc1, 0xc8, 0x40, 0x26, 0xdd, 0x18, 0x6e, 0xa4,
    0x2, 0x7a, 0xa1, 0x85, 0x54, 0x1, 0xa, 0xa9,
    0xc5, 0x54, 0x40, 0x1f, 0xfc, 0x10,

    /* U+04B1 "ұ" */
    0xdd, 0x0, 0x75, 0xf0, 0x51, 0x18, 0x4, 0x28,
    0xe0, 0xc1, 0x40, 0x13, 0x85, 0x0, 0xab, 0x80,
    0x54, 0x46, 0x0, 0xe1, 0x40, 0x23, 0xa0, 0x9,
    0x7, 0x81, 0x41, 0x80, 0x33, 0x28, 0x52, 0x8,
    0x6, 0xa0, 0x72, 0xe0, 0xe, 0x23, 0x81, 0x50,
    0xf, 0x50, 0x38, 0x7, 0x5f, 0xc8, 0x37, 0xe0,
    0x5, 0x39, 0x21, 0x19, 0xc0, 0x11, 0x1a, 0x81,
    0x19, 0x0, 0x7f, 0xf0, 0x0,

    /* U+04B2 "Ҳ" */
    0x5f, 0x70, 0xe, 0xdd, 0x0, 0x15, 0x50, 0x40,
    0x14, 0x17, 0x0, 0x56, 0x32, 0x0, 0x27, 0x71,
    0x80, 0x43, 0x68, 0xc1, 0xc7, 0x0, 0x1c, 0xaa,
    0x98, 0x3e, 0x0, 0xfa, 0xc5, 0xe0, 0x80, 0x3f,
    0xde, 0x1, 0xfa, 0x1, 0x9c, 0xc0, 0x3c, 0x6d,
    0x12, 0x3c, 0x1, 0xef, 0x36, 0xb, 0x28, 0x0,
    0xcc, 0x7e, 0x0, 0x53, 0x72, 0x0, 0xc, 0x29,
    0x80, 0x5e, 0x1b, 0xc3, 0x3, 0x60, 0x18, 0xd4,
    0x4, 0x27, 0xc4, 0x3, 0xaa, 0x0, 0x3f, 0xf9,
    0xc0,

    /* U+04B3 "ҳ" */
    0x3f, 0x90, 0x8, 0x7e, 0xc0, 0xdd, 0x8c, 0x1,
    0x41, 0x40, 0x8, 0x2e, 0x5, 0x49, 0x10, 0xb,
    0x8a, 0x2d, 0x18, 0x3, 0x1b, 0x38, 0xc8, 0x7,
    0xb8, 0x4, 0x80, 0x38, 0xe1, 0x46, 0x40, 0x3b,
    0x8a, 0xa8, 0xc8, 0x1, 0x49, 0x70, 0x2a, 0xa8,
    0x0, 0xad, 0x6, 0x0, 0xb0, 0xfa, 0x5f, 0x70,
    0x8, 0x78, 0x40, 0x3f, 0xfa, 0x28, 0x40,

    /* U+04B4 "Ҵ" */
    0xdf, 0xff, 0xd2, 0x5, 0xf0, 0x0, 0xb8, 0x83,
    0x82, 0x44, 0x5a, 0x1, 0xe6, 0x77, 0x50, 0x63,
    0xbc, 0x80, 0x1f, 0xff, 0xf0, 0xf, 0xff, 0xa6,
    0x3b, 0xf5, 0x1, 0xb8, 0x7, 0x92, 0x23, 0x9c,
    0x12, 0x4, 0x2, 0x2f, 0xff, 0xe9, 0x0, 0xff,
    0xf1, 0xab, 0x88,

    /* U+04B5 "ҵ" */
    0xaf, 0xff, 0x68, 0x2f, 0xa0, 0x4d, 0x50, 0x4e,
    0xa9, 0x20, 0x1c, 0x6a, 0xa0, 0x75, 0x52, 0x0,
    0x7f, 0xff, 0x9d, 0x57, 0x60, 0x62, 0x0, 0x63,
    0xaa, 0xcc, 0xf, 0xe0, 0x17, 0x7f, 0xfc, 0x40,
    0x1f, 0xfd, 0xa8, 0xf0,

    /* U+04B6 "Ҷ" */
    0x9f, 0x10, 0xe, 0xcd, 0x0, 0xff, 0xf3, 0x8,
    0x18, 0x7, 0xf6, 0x7, 0x19, 0x1b, 0x51, 0x80,
    0x49, 0x7, 0x9b, 0x92, 0x22, 0x0, 0xcf, 0xd7,
    0x6c, 0xfb, 0x20, 0xe, 0x14, 0x41, 0x80, 0x7f,
    0xf3, 0xcb, 0x94, 0x3, 0xfc, 0x20, 0x1f, 0xd9,
    0x80, 0xf, 0xfe, 0x70,

    /* U+04B7 "ҷ" */
    0xae, 0x0, 0xc3, 0xf0, 0x1, 0xff, 0xd4, 0x10,
    0xf, 0xd8, 0x10, 0x24, 0xde, 0x1, 0x32, 0xbf,
    0x6d, 0xc8, 0x6, 0xae, 0xcd, 0xd3, 0x0, 0x70,
    0x99, 0x0, 0x7f, 0xf0, 0x5f, 0x80, 0x3c, 0x3e,
    0xa0, 0x1f, 0xfd, 0x1d, 0x50,

    /* U+04B8 "Ҹ" */
    0x9f, 0x10, 0xe, 0xdd, 0x0, 0x7f, 0xf5, 0x9e,
    0x80, 0x30, 0x81, 0x80, 0x7d, 0x81, 0xc9, 0xe2,
    0xb2, 0x40, 0x90, 0x76, 0xe9, 0x4a, 0x20, 0x7,
    0xfc, 0x54, 0xec, 0x30, 0xc, 0x7a, 0x22, 0x0,
    0xff, 0xe2, 0xb4, 0x0, 0x7e, 0x12, 0x0, 0xc0,

    /* U+04B9 "ҹ" */
    0xae, 0x0, 0xc7, 0xea, 0x1, 0xff, 0xc9, 0x6b,
    0x0, 0xe1, 0x0, 0xce, 0x0, 0xc0, 0x71, 0x77,
    0x58, 0x1, 0x96, 0x20, 0x75, 0x0, 0x15, 0x6b,
    0xa6, 0xa0, 0x6, 0x2e, 0x0, 0xfc, 0xd6, 0x1,
    0x80,

    /* U+04BA "Һ" */
    0x4f, 0x50, 0xf, 0xff, 0x10, 0x88, 0x3, 0xdf,
    0x5d, 0xd7, 0xd0, 0x80, 0x4a, 0x33, 0x54, 0x65,
    0xd0, 0xa, 0xad, 0xd5, 0x52, 0xa6, 0x20, 0x1f,
    0x88, 0xc, 0x3, 0xff, 0xc0,

    /* U+04BB "һ" */
    0x6e, 0x10, 0xf, 0x8, 0x80, 0x3f, 0xf9, 0xe7,
    0x5d, 0xfa, 0xa0, 0x17, 0x84, 0x48, 0x51, 0x80,
    0x12, 0x99, 0x9e, 0x14, 0x0, 0xa0, 0x8, 0x84,
    0xc0, 0x2, 0x1, 0xf8, 0xc0, 0x3f, 0xfb, 0xc0,

    /* U+04BC "Ҽ" */
    0x0, 0xe1, 0x8d, 0xff, 0x63, 0x0, 0x7c, 0x3e,
    0xed, 0xe, 0x13, 0x60, 0x1e, 0xd1, 0xcb, 0x78,
    0xc7, 0x46, 0x0, 0xc6, 0x68, 0x30, 0xd, 0x3,
    0x40, 0xde, 0x16, 0xc, 0x1, 0xe4, 0x30, 0x10,
    0x34, 0x10, 0x11, 0xf1, 0x81, 0x28, 0xe1, 0x8f,
    0x77, 0xcc, 0x2, 0x5d, 0x64, 0x17, 0x7f, 0xc6,
    0x0, 0x47, 0x5, 0x44, 0xfc, 0x1, 0xbc, 0x18,
    0x3, 0xff, 0x80, 0xa5, 0x8, 0x1, 0xff, 0xc0,
    0xf1, 0xbb, 0x43, 0xc5, 0x73, 0x0, 0x71, 0x7b,
    0xb3, 0xc3, 0xbc, 0x80,

    /* U+04BD "ҽ" */
    0x0, 0xc7, 0x7f, 0xec, 0x40, 0xe, 0x3c, 0x79,
    0x90, 0x59, 0x83, 0x50, 0x79, 0x63, 0x33, 0x7,
    0xc3, 0xdc, 0x8d, 0x0, 0x32, 0x18, 0x51, 0xe8,
    0x37, 0xfe, 0x50, 0x1, 0xf5, 0x3, 0x66, 0x78,
    0x2, 0x50, 0x1, 0x9f, 0x80, 0x32, 0x30, 0x80,
    0x7f, 0x48, 0x7c, 0x33, 0xd4, 0x80, 0x62, 0xd4,
    0x69, 0x81, 0xd0,

    /* U+04BE "Ҿ" */
    0x0, 0xe1, 0x8d, 0xff, 0x63, 0x80, 0x7c, 0x5e,
    0xed, 0xe, 0x11, 0x60, 0x1e, 0xe1, 0xcb, 0x78,
    0xc8, 0x46, 0x0, 0xc8, 0x70, 0x60, 0x19, 0xc6,
    0x81, 0xbc, 0x34, 0x18, 0x3, 0xc8, 0x60, 0x20,
    0x6a, 0x20, 0x23, 0xe3, 0x2, 0x51, 0xc3, 0x1e,
    0xef, 0x98, 0x4, 0xba, 0xc8, 0x2e, 0xff, 0x8c,
    0x0, 0x8e, 0xa, 0x89, 0xf8, 0x3, 0x60, 0x38,
    0x7, 0xff, 0x1, 0x86, 0x4c, 0x3, 0xff, 0x81,
    0xa3, 0x96, 0xec, 0xf3, 0xac, 0x1, 0xc7, 0xee,
    0xd1, 0x30, 0x8e, 0x80, 0x1e, 0x18, 0xd2, 0x4f,
    0xda, 0x20, 0xf, 0xfe, 0xdd, 0xf0, 0x7, 0x0,

    /* U+04BF "ҿ" */
    0x0, 0xc7, 0x7f, 0xec, 0x40, 0xe, 0x3c, 0x79,
    0x90, 0x59, 0x83, 0x50, 0x79, 0x63, 0x33, 0x7,
    0xc3, 0xdc, 0x8d, 0x0, 0x32, 0x18, 0x51, 0xe8,
    0x37, 0xfe, 0x50, 0x1, 0xf5, 0x3, 0x66, 0x78,
    0x2, 0x40, 0x1, 0x9f, 0x80, 0x21, 0x37, 0x10,
    0xf, 0xef, 0x1f, 0x75, 0x69, 0x80, 0xc, 0x7a,
    0x91, 0x52, 0xba, 0x1, 0xc5, 0x4a, 0x3f, 0x8a,
    0x1, 0xff, 0xd3, 0xf9, 0x0, 0xc0,

    /* U+04C0 "Ӏ" */
    0x4f, 0xfc, 0xa9, 0xa4, 0x3a, 0xa0, 0x42, 0x64,
    0x1, 0xff, 0xe6, 0x21, 0x32, 0x4, 0xd2, 0x1d,
    0x50,

    /* U+04C1 "Ӂ" */
    0x0, 0xe4, 0x70, 0x3, 0x30, 0x3, 0xfe, 0x6a,
    0xff, 0x41, 0x80, 0x7f, 0xc5, 0xbd, 0xd2, 0x80,
    0x7f, 0xf0, 0x44, 0x40, 0x1f, 0x97, 0xd8, 0x3,
    0x57, 0x0, 0x62, 0xf9, 0x5, 0x48, 0x10, 0xf,
    0xe9, 0x19, 0x0, 0x50, 0xd8, 0x7, 0xe6, 0x4b,
    0x0, 0x86, 0x15, 0x0, 0x3c, 0x30, 0x8a, 0x1,
    0x9c, 0xa4, 0x3, 0xd0, 0x32, 0x1, 0xee, 0x28,
    0x21, 0x2, 0x46, 0x82, 0x0, 0xf1, 0x99, 0xf5,
    0x7, 0x6c, 0x1c, 0x3, 0xe4, 0x35, 0xa3, 0xa,
    0x80, 0x80, 0xf, 0xd, 0x15, 0x2b, 0xa, 0xba,
    0xb9, 0x80, 0x75, 0x8f, 0x0, 0x7a, 0xc7, 0x80,
    0x32, 0x2b, 0x98, 0x7, 0x86, 0x8a, 0x0, 0x3,
    0x45, 0x0, 0x1f, 0x91, 0x5c, 0xc2, 0xc7, 0x80,
    0x3f, 0xd6, 0x3c, 0x0,

    /* U+04C2 "ӂ" */
    0x0, 0xce, 0x80, 0x6, 0x40, 0xf, 0xdb, 0x0,
    0x52, 0x20, 0x1f, 0xac, 0x3f, 0x59, 0x40, 0x3f,
    0xe, 0x77, 0xc8, 0x7, 0x27, 0xa8, 0x5, 0xd2,
    0x1, 0x5f, 0x2, 0x35, 0x8, 0x7, 0x99, 0x28,
    0x1, 0x25, 0x40, 0x1c, 0x52, 0xe8, 0x1, 0x72,
    0x38, 0x81, 0x8f, 0x14, 0x0, 0x63, 0x58, 0xe0,
    0x5e, 0x38, 0x0, 0xe2, 0x55, 0x58, 0x25, 0x8f,
    0x0, 0x74, 0x85, 0xa0, 0x12, 0x42, 0x28, 0x4,
    0xa9, 0x22, 0x1, 0x98, 0xec, 0x40, 0x16, 0x4c,
    0x1, 0xef, 0x18, 0x8, 0x1e, 0x0, 0xf8, 0xd9,
    0x86,

    /* U+04C3 "Ӄ" */
    0x4f, 0x50, 0xc, 0xfe, 0xc0, 0x1f, 0x34, 0x41,
    0x80, 0x3c, 0xb2, 0xee, 0x0, 0xf2, 0x53, 0x40,
    0x7, 0x8a, 0xd6, 0x40, 0x3c, 0x58, 0x76, 0x1,
    0xf4, 0x9, 0xf7, 0x24, 0x80, 0x32, 0xd5, 0xd3,
    0xb6, 0xa0, 0x5, 0xea, 0x8b, 0x3a, 0x34, 0x1,
    0xf8, 0xa0, 0x54, 0x3, 0xf2, 0x6, 0x80, 0x7e,
    0x30, 0x10, 0xf, 0xc6, 0x2, 0x9e, 0xa0, 0x1c,
    0x81, 0xa0, 0x1f, 0xc, 0xa, 0x80, 0x53, 0xf,
    0x3c, 0x34, 0x1, 0xcd, 0xe, 0x98, 0x80,

    /* U+04C4 "ӄ" */
    0x7f, 0x10, 0x1, 0xfc, 0x0, 0x71, 0xe3, 0xc0,
    0x6, 0x3c, 0x88, 0x0, 0x64, 0xc7, 0x70, 0x7,
    0x50, 0x3e, 0xb8, 0x6, 0x8b, 0xa6, 0x88, 0x0,
    0x4c, 0x8b, 0x6a, 0xe2, 0x1, 0xee, 0x4, 0x0,
    0xf2, 0x81, 0x0, 0x7f, 0x3f, 0x88, 0x4, 0xa0,
    0x40, 0x1e, 0xe0, 0x40, 0x3, 0x3b, 0x52, 0xc0,
    0x80, 0xe, 0x64, 0xf2, 0xe0,

    /* U+04C5 "Ӆ" */
    0x0, 0x87, 0xff, 0xe0, 0xe, 0x20, 0x68, 0x88,
    0xc0, 0x3c, 0xc1, 0x6e, 0xf3, 0x0, 0x78, 0x80,
    0x80, 0x3f, 0xda, 0x20, 0x1f, 0xf3, 0x10, 0x7,
    0xfc, 0x4a, 0x1, 0xfe, 0x11, 0x70, 0x7, 0xf9,
    0x40, 0xc0, 0x3f, 0xc6, 0xa, 0x1, 0xfe, 0xc2,
    0x10, 0xf, 0xca, 0xa4, 0xa0, 0xf, 0xba, 0x6a,
    0x8a, 0xe0, 0x1f, 0xf, 0xfd, 0x40, 0x1e, 0xac,
    0x7, 0x0, 0xff, 0x41, 0x8, 0x7, 0xf1, 0x22,
    0x0,

    /* U+04C6 "ӆ" */
    0x0, 0xbf, 0xfb, 0x40, 0x30, 0x83, 0x55, 0x8,
    0x3, 0x8c, 0x31, 0x54, 0xc0, 0x1c, 0xc0, 0xc0,
    0x1f, 0x88, 0x8, 0x3, 0xf7, 0x88, 0x80, 0x3f,
    0x22, 0x80, 0x7e, 0x22, 0x60, 0x7, 0xc9, 0xc0,
    0xc0, 0x18, 0xd4, 0xa8, 0xa8, 0x40, 0x30, 0xd3,
    0x77, 0x14, 0x3, 0x5d, 0x81, 0x40, 0x3f, 0x71,
    0x8, 0x7, 0xe4, 0x40, 0x7, 0xe1, 0x8b, 0x0,

    /* U+04C7 "Ӈ" */
    0x4f, 0x50, 0xf, 0x7c, 0x80, 0x7f, 0xf5, 0xc8,
    0xbe, 0x0, 0xd1, 0xbb, 0xe0, 0xc, 0xf5, 0x5e,
    0x0, 0xda, 0xab, 0xe0, 0xf, 0xff, 0x51, 0x0,
    0xa7, 0xa8, 0x7, 0x20, 0x68, 0x7, 0xc3, 0x62,
    0xa0, 0x14, 0x41, 0xe3, 0xca, 0xc0, 0x37, 0xb4,
    0x3a, 0xe2, 0x80,

    /* U+04C8 "ӈ" */
    0x7f, 0x10, 0xd, 0x5e, 0x1, 0xff, 0xc8, 0x31,
    0x1e, 0x0, 0xb7, 0xbb, 0x20, 0x5, 0x57, 0x78,
    0xc0, 0x24, 0x4e, 0x60, 0xf, 0xfe, 0x78, 0xbf,
    0x88, 0x6, 0x63, 0x0, 0xf0, 0x9b, 0x80, 0x4e,
    0xf6, 0x4, 0x0, 0x69, 0x81, 0xb2,

    /* U+04C9 "Ӊ" */
    0x4f, 0x50, 0xf, 0x7c, 0x80, 0x7f, 0xfb, 0x8,
    0xbe, 0x0, 0xf4, 0x6e, 0xf8, 0x3, 0xcf, 0x55,
    0xe0, 0xf, 0x6a, 0xaf, 0x80, 0x3f, 0xfb, 0x8d,
    0xc6, 0x1, 0xff, 0x9, 0xa7, 0xa8, 0x7, 0xbd,
    0x50, 0x3, 0xfc, 0x4b, 0xa0, 0x1f, 0xeb, 0x4,
    0x0,

    /* U+04CA "ӊ" */
    0x7f, 0x10, 0xd, 0x5e, 0x1, 0xff, 0xce, 0x31,
    0x1c, 0x1, 0xed, 0xee, 0xca, 0x1, 0xd5, 0x77,
    0x90, 0x3, 0x91, 0x38, 0x40, 0x3f, 0xfa, 0xde,
    0xee, 0xf1, 0x0, 0xd5, 0x80, 0x80, 0x1f, 0xac,
    0xc, 0x3, 0xf2, 0xa0, 0x7, 0xe1, 0x6d, 0x0,

    /* U+04CB "Ӌ" */
    0x9f, 0x10, 0xe, 0xcd, 0x0, 0xff, 0xee, 0x8,
    0x18, 0x7, 0xd8, 0x1c, 0x64, 0x6d, 0x46, 0x9,
    0x7, 0x9b, 0x92, 0x22, 0x0, 0x3f, 0x5d, 0xb3,
    0xec, 0x80, 0x21, 0x44, 0x18, 0x7, 0xff, 0x21,
    0x38, 0xc0, 0x3f, 0x8, 0x7, 0xfa, 0xf4, 0x3,
    0xff, 0x90,

    /* U+04CC "ӌ" */
    0xae, 0x0, 0xc3, 0xf0, 0x1, 0xff, 0xd0, 0x10,
    0xf, 0xb0, 0x20, 0x49, 0xbc, 0x0, 0xca, 0xfd,
    0xb7, 0x20, 0x15, 0x76, 0x6e, 0x98, 0x3, 0x9,
    0x90, 0x7, 0xf3, 0xf0, 0x7, 0xf7, 0x40, 0x7,
    0xff, 0x2c, 0x8c, 0x40,

    /* U+04CD "Ӎ" */
    0x4f, 0xf2, 0x80, 0x7d, 0xfe, 0x90, 0xc, 0x3c,
    0x1, 0xe6, 0x0, 0xf9, 0x10, 0x20, 0x1d, 0x4a,
    0x1, 0xef, 0x9, 0x0, 0xc4, 0x7e, 0x1, 0xe6,
    0x46, 0x0, 0xd6, 0x2a, 0x1, 0xf7, 0xa, 0x0,
    0x4e, 0xe0, 0xf, 0xca, 0x1c, 0x0, 0x51, 0xb0,
    0xf, 0xe6, 0x51, 0xe, 0x22, 0x0, 0x7f, 0x50,
    0x31, 0x25, 0x0, 0x7f, 0x8c, 0xaa, 0x80, 0xc0,
    0x1f, 0xf2, 0x93, 0xa0, 0x80, 0x7f, 0xd4, 0x0,
    0xe0, 0xc, 0xdc, 0x60, 0x1c, 0x46, 0x2a, 0x1,
    0xc2, 0x69, 0xe6, 0x1, 0x67, 0x0, 0x6f, 0x54,
    0x0, 0xff, 0xe0, 0x92, 0xe8, 0x7, 0xff, 0x6,
    0xc1, 0x0,

    /* U+04CE "ӎ" */
    0x7f, 0xd0, 0xe, 0x6f, 0xe0, 0xc, 0x44, 0x0,
    0xd4, 0x1, 0xc2, 0x54, 0x1, 0x11, 0x90, 0x6,
    0x1a, 0x60, 0xa, 0x85, 0x40, 0x39, 0x85, 0x0,
    0xc, 0xc0, 0xf, 0xa, 0x70, 0x20, 0xd0, 0x7,
    0xdc, 0xa1, 0xc8, 0x40, 0x1f, 0x28, 0xb2, 0xf0,
    0x7, 0xf3, 0xc8, 0xa8, 0x7, 0xf5, 0x83, 0x0,
    0x43, 0xec, 0xfe, 0x0, 0x2f, 0x80, 0x4, 0x58,
    0x20, 0x7, 0xfb, 0x44, 0x80, 0x3f, 0xc8, 0xa0,
    0x1f, 0xe1, 0x17, 0x0,

    /* U+04CF "ӏ" */
    0x4f, 0xfc, 0xa9, 0xa4, 0x3a, 0xa0, 0x42, 0x64,
    0x1, 0xff, 0xe6, 0x21, 0x32, 0x4, 0xd2, 0x1d,
    0x50,

    /* U+04D0 "Ӑ" */
    0x0, 0xa0, 0xc0, 0xe, 0x60, 0x1e, 0x58, 0x5,
    0x87, 0x0, 0xf7, 0x2f, 0xd3, 0xa0, 0x7, 0x8f,
    0xb7, 0xa0, 0x3, 0xf1, 0x6d, 0x80, 0x7f, 0x58,
    0x28, 0x80, 0x7e, 0x76, 0x6, 0x0, 0xf9, 0x46,
    0x8e, 0x80, 0x3e, 0xe1, 0x3a, 0x23, 0x0, 0xe1,
    0x46, 0x7, 0xa, 0x0, 0xe6, 0xb, 0x1, 0x46,
    0x0, 0xea, 0x11, 0x11, 0x30, 0x14, 0x2, 0x42,
    0x1d, 0xda, 0x2, 0x40, 0x2e, 0xa, 0xae, 0x43,
    0x20, 0x15, 0x5f, 0xa0, 0x28, 0x1c, 0x38, 0x3,
    0x8c, 0x98, 0x28, 0x90, 0x3, 0xd6, 0x28,

    /* U+04D1 "ӑ" */
    0x0, 0x23, 0x0, 0xd, 0xc0, 0x21, 0x93, 0xf,
    0xc0, 0x9, 0x5b, 0x3c, 0x64, 0x3, 0x4f, 0xf6,
    0x90, 0x4, 0xd9, 0xfd, 0xac, 0x1, 0x52, 0xd5,
    0x1a, 0x50, 0x1, 0x92, 0xaa, 0xb0, 0xd0, 0xf,
    0x84, 0xc0, 0xf, 0x9d, 0xfe, 0x10, 0x5, 0x42,
    0x6e, 0xc2, 0x2, 0xad, 0x6, 0x44, 0x10, 0x30,
    0x10, 0x8, 0xc0, 0x4, 0x46, 0x42, 0x6e, 0x10,
    0x7, 0xad, 0xed, 0x72, 0x0,

    /* U+04D2 "Ӓ" */
    0x0, 0xa2, 0x40, 0xf0, 0x40, 0x3c, 0x44, 0x7,
    0x23, 0x0, 0xf5, 0x58, 0x27, 0x10, 0x7, 0xff,
    0x1c, 0xbe, 0x80, 0x3f, 0xac, 0x14, 0x40, 0x3f,
    0x3b, 0x3, 0x0, 0x7c, 0xa3, 0x47, 0x40, 0x1f,
    0x70, 0x9d, 0x11, 0x80, 0x70, 0xa3, 0x3, 0x85,
    0x0, 0x73, 0x5, 0x80, 0xa3, 0x0, 0x75, 0x8,
    0x88, 0x98, 0xa, 0x1, 0x21, 0xe, 0xed, 0x1,
    0x20, 0x17, 0x5, 0x57, 0x21, 0x90, 0xa, 0xaf,
    0xd0, 0x14, 0xe, 0x1c, 0x1, 0xc6, 0x4c, 0x14,
    0x48, 0x1, 0xeb, 0x14,

    /* U+04D3 "ӓ" */
    0x0, 0x2f, 0x10, 0x73, 0x80, 0x42, 0xa6, 0xa,
    0x40, 0x12, 0x58, 0x85, 0xa8, 0x4, 0xd9, 0xfe,
    0xd6, 0x0, 0xa9, 0x6a, 0x8d, 0x28, 0x0, 0xc9,
    0x55, 0x58, 0x68, 0x7, 0xc2, 0x60, 0x7, 0xce,
    0xff, 0x8, 0x2, 0xa1, 0x37, 0x61, 0x1, 0x56,
    0x83, 0x22, 0x8, 0x18, 0x8, 0x4, 0x60, 0x2,
    0x23, 0x21, 0x37, 0x8, 0x3, 0xd6, 0xf6, 0xb9,
    0x0,

    /* U+04D4 "Ӕ" */
    0x0, 0xf1, 0x7f, 0xfe, 0xc0, 0xf, 0x40, 0x40,
    0x14, 0x46, 0x90, 0xe, 0x15, 0x67, 0x16, 0x77,
    0xca, 0x1, 0xd0, 0x16, 0x1, 0xff, 0xc0, 0x16,
    0x42, 0x0, 0xff, 0xe0, 0x48, 0x78, 0x6, 0x22,
    0xc0, 0x1c, 0xc4, 0x80, 0x12, 0x6e, 0xe7, 0x0,
    0x98, 0x68, 0x8a, 0x3, 0xaa, 0xca, 0x1, 0x40,
    0x46, 0xec, 0x2e, 0xab, 0x88, 0x0, 0xc2, 0xd5,
    0x58, 0x3, 0xfa, 0xc6, 0x55, 0x70, 0x80, 0x7c,
    0xa5, 0x20, 0x1e, 0x67, 0x7c, 0xa1, 0x22, 0xe0,
    0x1e, 0x28, 0x8d, 0x20,

    /* U+04D5 "ӕ" */
    0x1, 0x8d, 0xff, 0x59, 0x12, 0xff, 0xd4, 0x20,
    0x12, 0xaa, 0xa5, 0x7f, 0x2, 0xa5, 0x30, 0x0,
    0x3b, 0xa, 0xd4, 0x47, 0x6a, 0xd6, 0x4a, 0x1,
    0xe7, 0x4, 0x0, 0x90, 0x30, 0x1, 0x1b, 0xfe,
    0xc0, 0x6f, 0xfb, 0x80, 0xc2, 0xdd, 0x6f, 0x24,
    0x1b, 0x33, 0xa0, 0x51, 0xa1, 0xd, 0x40, 0x6,
    0x7c, 0x46, 0x2, 0x1, 0x50, 0x30, 0x80, 0x71,
    0x11, 0xdc, 0xd4, 0xd6, 0x3e, 0xec, 0xf8, 0x61,
    0xe9, 0x12, 0x3a, 0x98, 0x93, 0x33, 0x10,

    /* U+04D6 "Ӗ" */
    0x2, 0x81, 0x1, 0x82, 0x3, 0x79, 0x9, 0x73,
    0x1, 0xa7, 0xf7, 0x91, 0x0, 0x2f, 0xef, 0xb0,
    0x27, 0xfd, 0xbf, 0xee, 0x0, 0x2c, 0x47, 0x0,
    0x3d, 0xdf, 0x30, 0x7, 0xff, 0x18, 0x8b, 0x84,
    0x1, 0x1b, 0xba, 0x0, 0xf, 0x55, 0xc0, 0xd,
    0x55, 0xc6, 0x1, 0xff, 0xc6, 0xf7, 0x7c, 0xc0,
    0x5, 0x88, 0xe0,

    /* U+04D7 "ӗ" */
    0x0, 0x1b, 0x80, 0xd, 0xc0, 0x33, 0xc2, 0x4,
    0x58, 0x6, 0x47, 0xbf, 0x6e, 0x0, 0xe8, 0xfe,
    0xd2, 0x0, 0xc3, 0x3d, 0xcd, 0x50, 0x8, 0x71,
    0xe2, 0x9e, 0x98, 0x1, 0x25, 0x8c, 0xb4, 0x90,
    0x0, 0x53, 0x20, 0xb, 0x4, 0x80, 0x8f, 0xff,
    0x40, 0x8, 0x1, 0x33, 0x3c, 0x60, 0x4c, 0x67,
    0xe0, 0x2, 0x92, 0x0, 0x7d, 0x25, 0x72, 0xcc,
    0x9b, 0x0, 0xe, 0x3b, 0xa6, 0x4b, 0xa0,

    /* U+04D8 "Ә" */
    0x7, 0xce, 0xff, 0x6c, 0x90, 0x4, 0x50, 0xed,
    0x10, 0x76, 0xd5, 0x0, 0x17, 0xdc, 0x3b, 0xab,
    0x8a, 0x88, 0x3, 0xf0, 0xf8, 0x40, 0x7, 0xf1,
    0x1a, 0x80, 0x91, 0x7e, 0x60, 0x2f, 0xdd, 0xfc,
    0xa0, 0x11, 0x55, 0x7c, 0x80, 0x2, 0x35, 0x5f,
    0x80, 0x4, 0x82, 0x40, 0x1c, 0x28, 0x80, 0xa0,
    0x80, 0xc, 0x3a, 0x10, 0x5, 0xb, 0xb0, 0xf3,
    0xe7, 0x26, 0x0, 0x7b, 0x66, 0x43, 0xa6, 0x30,
    0x0,

    /* U+04D9 "ә" */
    0x5, 0xcf, 0xf7, 0x51, 0x0, 0x58, 0xd1, 0x2c,
    0xb8, 0x40, 0x9, 0xa7, 0x68, 0xc1, 0x90, 0xf,
    0x8d, 0x10, 0x1, 0xf8, 0xc0, 0x87, 0xff, 0xce,
    0x0, 0x10, 0x4c, 0xcc, 0xa0, 0x40, 0x4c, 0x67,
    0x91, 0x40, 0x12, 0x56, 0xad, 0xa1, 0x0, 0x4,
    0xb7, 0xa9, 0x6c, 0x20,

    /* U+04DA "Ӛ" */
    0x0, 0xe, 0x18, 0x4c, 0x0, 0x78, 0xc9, 0xc0,
    0x88, 0x1, 0xe2, 0xe4, 0xb, 0xa0, 0xf, 0xfe,
    0x2b, 0xe7, 0x7f, 0xb6, 0x48, 0x2, 0x28, 0x76,
    0x88, 0x3b, 0x6a, 0x80, 0xb, 0xee, 0x1d, 0xd5,
    0xc5, 0x44, 0x1, 0xf8, 0x7c, 0x20, 0x3, 0xf8,
    0x8d, 0x40, 0x48, 0xbf, 0x30, 0x17, 0xee, 0xfe,
    0x50, 0x8, 0xaa, 0xbe, 0x40, 0x1, 0x1a, 0xaf,
    0xc0, 0x2, 0x41, 0x20, 0xe, 0x14, 0x40, 0x50,
    0x40, 0x6, 0x1d, 0x8, 0x2, 0x85, 0xd8, 0x79,
    0xf3, 0x93, 0x0, 0x3d, 0xb3, 0x21, 0xd3, 0x18,
    0x0,

    /* U+04DB "ӛ" */
    0x0, 0x3f, 0x1, 0x72, 0x80, 0x62, 0x50, 0x35,
    0x60, 0xc, 0xb6, 0x3, 0x66, 0x1, 0x2e, 0x7f,
    0xba, 0x88, 0x2, 0xc6, 0x89, 0x65, 0xc2, 0x0,
    0x4d, 0x3b, 0x46, 0xc, 0x80, 0x7c, 0x68, 0x80,
    0xf, 0xc6, 0x4, 0x3f, 0xfe, 0x70, 0x0, 0x82,
    0x66, 0x65, 0x2, 0x2, 0x63, 0x3c, 0x8a, 0x0,
    0x92, 0xb5, 0x6d, 0x8, 0x0, 0x25, 0xbd, 0x4b,
    0x61, 0x0,

    /* U+04DC "Ӝ" */
    0x0, 0xe3, 0xc2, 0xa, 0x60, 0xf, 0xf9, 0xcc,
    0x0, 0xe2, 0x1, 0xff, 0x27, 0x90, 0x6b, 0x80,
    0x7f, 0xf2, 0xd7, 0xd8, 0x3, 0x57, 0x0, 0x62,
    0xf9, 0x5, 0x48, 0x10, 0xf, 0xe9, 0x19, 0x0,
    0x50, 0xd8, 0x7, 0xe6, 0x4b, 0x0, 0x86, 0x15,
    0x0, 0x3c, 0x30, 0x8a, 0x1, 0x9c, 0xa4, 0x3,
    0xd0, 0x32, 0x1, 0xee, 0x28, 0x21, 0x2, 0x46,
    0x82, 0x0, 0xf1, 0x99, 0xf5, 0x7, 0x6c, 0x1c,
    0x3, 0xe4, 0x35, 0xa3, 0xa, 0x80, 0x80, 0xf,
    0xd, 0x15, 0x2b, 0xa, 0xba, 0xb9, 0x80, 0x75,
    0x8f, 0x0, 0x7a, 0xc7, 0x80, 0x32, 0x2b, 0x98,
    0x7, 0x86, 0x8a, 0x0, 0x3, 0x45, 0x0, 0x1f,
    0x91, 0x5c, 0xc2, 0xc7, 0x80, 0x3f, 0xd6, 0x3c,
    0x0,

    /* U+04DD "ӝ" */
    0x0, 0xd1, 0xa0, 0x7e, 0x60, 0x1f, 0xb9, 0xc0,
    0x4c, 0x40, 0x3f, 0x35, 0x1, 0x61, 0x0, 0x64,
    0xf5, 0x0, 0xbe, 0x40, 0x2b, 0xe0, 0x46, 0xa1,
    0x0, 0xf3, 0x25, 0x0, 0x24, 0xa8, 0x3, 0x8a,
    0x5d, 0x0, 0x2e, 0x47, 0x10, 0x31, 0xe2, 0x80,
    0xc, 0x6b, 0x1c, 0xb, 0xc7, 0x0, 0x1c, 0x4a,
    0xab, 0x4, 0xb1, 0xe0, 0xe, 0x90, 0xb4, 0x2,
    0x48, 0x45, 0x0, 0x95, 0x24, 0x40, 0x33, 0x1d,
    0x88, 0x2, 0xc9, 0x80, 0x3d, 0xe3, 0x1, 0x3,
    0xc0, 0x1f, 0x1b, 0x30, 0xc0,

    /* U+04DE "Ӟ" */
    0x0, 0x4b, 0x82, 0x58, 0x7, 0x17, 0x1, 0x28,
    0x7, 0x5c, 0x83, 0x70, 0x7, 0xff, 0xa, 0x33,
    0xfe, 0xc6, 0x0, 0x91, 0xa2, 0x5c, 0x66, 0x0,
    0x19, 0x4e, 0xd1, 0xa2, 0xc0, 0x1f, 0x8c, 0x80,
    0x21, 0x18, 0xe8, 0xa0, 0x2, 0xbe, 0xe6, 0x3e,
    0x20, 0x5, 0x37, 0x69, 0x1c, 0x60, 0x8, 0xd1,
    0xd, 0x87, 0x22, 0x1, 0xf5, 0x2, 0x0, 0x7c,
    0x20, 0x1f, 0x86, 0x81, 0x11, 0xd4, 0xee, 0x9f,
    0x28, 0x16, 0x47, 0x88, 0x3a, 0xdb, 0x80,

    /* U+04DF "ӟ" */
    0x3, 0xf3, 0xc, 0x90, 0x0, 0x98, 0x82, 0xf0,
    0x0, 0xb0, 0x82, 0x5c, 0x6, 0xb7, 0xfd, 0xac,
    0x2, 0x25, 0xa9, 0x69, 0x60, 0xb8, 0x56, 0xb0,
    0xf0, 0xc, 0x30, 0x1a, 0x0, 0xff, 0x73, 0xd2,
    0x0, 0x33, 0x16, 0xb4, 0xa0, 0x3, 0x32, 0x51,
    0xc0, 0x7, 0x84, 0xd6, 0x9d, 0x5a, 0xc9, 0x98,
    0x33, 0x52, 0xf3, 0x0,

    /* U+04E0 "Ӡ" */
    0xf, 0xff, 0xc0, 0x8, 0x8e, 0x50, 0x40, 0x3,
    0xbe, 0x25, 0x7b, 0x0, 0xe8, 0xaa, 0x40, 0x6,
    0x1b, 0x6c, 0x50, 0xe, 0x54, 0x1c, 0xd7, 0x0,
    0xcb, 0x76, 0x96, 0x8c, 0x0, 0x85, 0x10, 0xd6,
    0xc6, 0x80, 0x1f, 0x50, 0x18, 0x7, 0xce, 0x0,
    0x10, 0xf, 0x78, 0x2b, 0xf4, 0xb2, 0xbe, 0xa3,
    0x92, 0x3a, 0x4d, 0x4b, 0x54, 0x0,

    /* U+04E1 "ӡ" */
    0x8f, 0xff, 0x68, 0x55, 0x73, 0x5, 0x1, 0x2a,
    0xc2, 0xd0, 0xe0, 0x19, 0x2e, 0x1c, 0x3, 0x2d,
    0xcb, 0x80, 0x75, 0x84, 0xe2, 0x0, 0x6d, 0xc9,
    0xb, 0x60, 0x8, 0xcc, 0xd8, 0x72, 0x1, 0xf4,
    0x82, 0x0, 0x78, 0x40, 0x40, 0x3c, 0x40, 0xc0,
    0x1e, 0xb1, 0x3b, 0xa6, 0x57, 0xd2, 0xa0, 0xd6,
    0x8a, 0x97, 0xd4, 0x0,

    /* U+04E2 "Ӣ" */
    0x0, 0xff, 0xe1, 0x6f, 0xfe, 0x70, 0xe, 0xec,
    0xcc, 0xc0, 0x1c, 0x67, 0xc2, 0x0, 0x4f, 0x50,
    0xe, 0x3f, 0xd0, 0xf, 0xdc, 0x1, 0xfc, 0xe4,
    0x60, 0x1f, 0x14, 0x41, 0xc0, 0x3e, 0x93, 0x70,
    0xf, 0x95, 0x3c, 0x1c, 0x3, 0x86, 0xd8, 0xc0,
    0x3e, 0x80, 0x90, 0xf, 0x8d, 0xa8, 0x3, 0xf7,
    0x2a, 0x0, 0x7d, 0x25, 0x60, 0x1f, 0x8e, 0x44,
    0x3, 0xf1, 0xb0, 0x7, 0xc0,

    /* U+04E3 "ӣ" */
    0x0, 0x8, 0xf0, 0x4, 0x3d, 0xdc, 0x80, 0x1,
    0xbb, 0xe5, 0x7, 0xf5, 0x44, 0xb7, 0xa8, 0x3,
    0x8d, 0x80, 0x3e, 0xf3, 0x10, 0xe, 0x53, 0xf0,
    0xf, 0x5a, 0x98, 0x7, 0x38, 0xd8, 0x7, 0x14,
    0x38, 0x80, 0x74, 0x8c, 0x0, 0x79, 0x6c, 0x3,
    0xe3, 0x50, 0xe,

    /* U+04E4 "Ӥ" */
    0x0, 0x9e, 0x80, 0xb0, 0x80, 0x3b, 0xd8, 0x4,
    0xc4, 0x3, 0xa3, 0x0, 0xfc, 0xc0, 0x3f, 0xf8,
    0x29, 0xea, 0x1, 0xc7, 0xfa, 0x1, 0xfb, 0x80,
    0x3f, 0x9c, 0x8c, 0x3, 0xe2, 0x88, 0x38, 0x7,
    0xd2, 0x6e, 0x1, 0xf2, 0xa7, 0x83, 0x80, 0x70,
    0xdb, 0x18, 0x7, 0xd0, 0x12, 0x1, 0xf1, 0xb5,
    0x0, 0x7e, 0xe5, 0x40, 0xf, 0xa4, 0xac, 0x3,
    0xf1, 0xc8, 0x80, 0x7e, 0x36, 0x0, 0xf8,

    /* U+04E5 "ӥ" */
    0x0, 0x64, 0x83, 0x70, 0x6, 0x5e, 0x2, 0x50,
    0xd, 0x2e, 0x9, 0x60, 0x7, 0xf1, 0x0, 0xa7,
    0xe8, 0x3, 0x8d, 0x80, 0x3e, 0xf3, 0x10, 0xe,
    0x53, 0xf0, 0xf, 0x5a, 0x98, 0x7, 0x38, 0xd8,
    0x7, 0x14, 0x38, 0x80, 0x74, 0x8c, 0x0, 0x79,
    0x6c, 0x3, 0xe3, 0x50, 0xe,

    /* U+04E6 "Ӧ" */
    0x0, 0x92, 0xc4, 0x2d, 0x40, 0x3c, 0x2a, 0x0,
    0x53, 0x0, 0xf2, 0xf0, 0x87, 0x30, 0x7, 0xff,
    0x14, 0x63, 0x7f, 0xdb, 0x22, 0x1, 0x1f, 0xbb,
    0x44, 0x1d, 0xbc, 0xc0, 0x1a, 0x19, 0x6e, 0xea,
    0xd0, 0xd0, 0x61, 0x83, 0x0, 0xc5, 0x62, 0xfa,
    0xc, 0x1, 0xe5, 0xc, 0x62, 0x0, 0xfc, 0x6a,
    0x60, 0x1f, 0xe1, 0x33, 0x0, 0x7e, 0x11, 0x30,
    0x88, 0x3, 0xe2, 0x5d, 0x7, 0x0, 0xf2, 0x86,
    0x30, 0xc1, 0x80, 0x62, 0xb1, 0x70, 0xd0, 0xca,
    0x77, 0x56, 0x86, 0x80, 0xf, 0xdd, 0xd1, 0x7,
    0x6f, 0x30,

    /* U+04E7 "ӧ" */
    0x0, 0xb9, 0xc2, 0x74, 0x3, 0x94, 0x83, 0xdc,
    0x3, 0xad, 0x41, 0xa8, 0x3, 0xc, 0xf7, 0xf4,
    0x0, 0x43, 0xee, 0xd2, 0xcf, 0x80, 0x8, 0x1d,
    0x86, 0x8a, 0x37, 0x4, 0x33, 0x0, 0x4a, 0x36,
    0x4, 0xc0, 0x1c, 0xa4, 0x1, 0xff, 0x13, 0x0,
    0x72, 0x90, 0x29, 0x98, 0x2, 0x51, 0xa0, 0x82,
    0xd7, 0x58, 0xa3, 0x60, 0x6, 0x3c, 0xd3, 0x3e,
    0x0,

    /* U+04E8 "Ө" */
    0x0, 0xc, 0x6f, 0xfb, 0x64, 0x40, 0x23, 0xf7,
    0x68, 0x83, 0xb7, 0x98, 0x3, 0x47, 0x2d, 0xdd,
    0x5a, 0x1a, 0xc, 0x30, 0x60, 0x18, 0xa0, 0x5f,
    0x41, 0x80, 0x3c, 0xc1, 0x8c, 0x20, 0x23, 0xf1,
    0x29, 0x8f, 0x77, 0xe2, 0x13, 0x1b, 0xbf, 0xc4,
    0x2c, 0x28, 0x9f, 0x8d, 0x74, 0x14, 0x3, 0xc8,
    0x38, 0xc3, 0x64, 0x1, 0x8a, 0x45, 0xc3, 0x43,
    0x69, 0xdd, 0x5a, 0x7a, 0x0, 0x3f, 0x77, 0x44,
    0x1d, 0xbc, 0xc0,

    /* U+04E9 "ө" */
    0x0, 0xc, 0xf7, 0xf4, 0x0, 0x43, 0xef, 0x32,
    0x66, 0x60, 0x2, 0x7, 0x1d, 0xa3, 0x4d, 0xc1,
    0x10, 0x62, 0x31, 0x12, 0xc0, 0x93, 0xbb, 0x88,
    0x80, 0x3, 0xbb, 0xe2, 0x0, 0x10, 0xa2, 0x71,
    0x90, 0x29, 0x18, 0x4, 0xa3, 0x61, 0x5, 0xae,
    0xb1, 0x46, 0xe0, 0xc, 0x79, 0xa6, 0x7c, 0x0,

    /* U+04EA "Ӫ" */
    0x0, 0x92, 0xc4, 0x2d, 0x40, 0x3c, 0x2a, 0x0,
    0x53, 0x0, 0xf2, 0xf0, 0x87, 0x30, 0x7, 0xff,
    0x14, 0x63, 0x7f, 0xdb, 0x22, 0x1, 0x1f, 0xbb,
    0x44, 0x1d, 0xbc, 0xc0, 0x1a, 0x39, 0x6e, 0xea,
    0xd0, 0xd0, 0x61, 0x83, 0x0, 0xc5, 0x2, 0xfa,
    0xc, 0x1, 0xe6, 0xc, 0x61, 0x1, 0x1f, 0x89,
    0x4c, 0x7b, 0xbf, 0x10, 0x98, 0xdd, 0xfe, 0x21,
    0x61, 0x44, 0xfc, 0x6b, 0xa0, 0xa0, 0x1e, 0x41,
    0xc6, 0x1b, 0x20, 0xc, 0x52, 0x2e, 0x1a, 0x1b,
    0x4e, 0xea, 0xd3, 0xd0, 0x1, 0xfb, 0xba, 0x20,
    0xed, 0xe6, 0x0,

    /* U+04EB "ӫ" */
    0x0, 0xb9, 0xc2, 0x70, 0x3, 0x94, 0x83, 0xd4,
    0x3, 0xad, 0x41, 0xa4, 0x3, 0xc, 0xf7, 0xf4,
    0x0, 0x43, 0xef, 0x32, 0x66, 0x60, 0x2, 0x7,
    0x1d, 0xa3, 0x4d, 0xc1, 0x10, 0x62, 0x31, 0x12,
    0xc0, 0x93, 0xbb, 0x88, 0x80, 0x3, 0xbb, 0xe2,
    0x0, 0x10, 0xa2, 0x71, 0x90, 0x29, 0x18, 0x4,
    0xa3, 0x61, 0x5, 0xae, 0xb1, 0x46, 0xe0, 0xc,
    0x79, 0xa6, 0x7c, 0x0,

    /* U+04EC "Ӭ" */
    0x0, 0x4b, 0x82, 0x58, 0x7, 0x8b, 0x80, 0x94,
    0x3, 0xd7, 0x20, 0xdc, 0x1, 0xff, 0xc4, 0x7c,
    0xff, 0x75, 0xa8, 0x6, 0x90, 0x78, 0x75, 0xab,
    0x0, 0xbb, 0x21, 0xe7, 0x99, 0x20, 0x3, 0xf4,
    0x9b, 0x88, 0x7, 0xea, 0x4, 0x0, 0x88, 0xbc,
    0x1a, 0x0, 0x7d, 0xde, 0xb0, 0xc, 0xb5, 0x5d,
    0x1, 0xe0, 0x2, 0x55, 0xe2, 0x2, 0x0, 0xfd,
    0x20, 0xa0, 0x1f, 0x49, 0xb8, 0xe, 0xd3, 0xba,
    0x79, 0x96, 0x0, 0x51, 0xe2, 0xe, 0xb5, 0x40,
    0x0,

    /* U+04ED "ӭ" */
    0x8, 0xd0, 0x3f, 0x40, 0xb, 0x9c, 0x8, 0xd8,
    0x2, 0x6a, 0x1, 0xc2, 0x0, 0xd, 0xf7, 0xf4,
    0x88, 0x0, 0x45, 0x32, 0x66, 0x78, 0x80, 0x29,
    0xda, 0x2c, 0x60, 0x2, 0x11, 0x94, 0x9c, 0x0,
    0x9d, 0xd8, 0x84, 0x0, 0xb7, 0x79, 0x0, 0x21,
    0x44, 0xce, 0x20, 0x1e, 0x33, 0x38, 0x1d, 0x33,
    0x23, 0xa, 0x0, 0x45, 0x12, 0xcc, 0xc1, 0x0,

    /* U+04EE "Ӯ" */
    0x0, 0xff, 0xe1, 0xf, 0xff, 0x20, 0x7, 0xe,
    0x67, 0x28, 0x7, 0x8c, 0xf8, 0x40, 0x2a, 0xf2,
    0x0, 0xf6, 0xe8, 0x20, 0x20, 0x3, 0x90, 0xac,
    0x9, 0x54, 0x40, 0x1b, 0xc5, 0x80, 0x10, 0x10,
    0x1, 0x12, 0x30, 0x4, 0x4c, 0xa4, 0x0, 0xb0,
    0x90, 0xd, 0x1, 0x0, 0x2c, 0xa2, 0x1, 0x85,
    0x94, 0x98, 0x20, 0x3, 0xd0, 0x11, 0x28, 0x40,
    0x1e, 0x17, 0x51, 0xf0, 0xf, 0xd4, 0x4, 0x80,
    0x1f, 0xac, 0x20, 0x3, 0xcb, 0x38, 0xca, 0xa0,
    0xf, 0x13, 0x13, 0x50, 0x7, 0x80,

    /* U+04EF "ӯ" */
    0x0, 0x8, 0xf0, 0x6, 0x1e, 0xee, 0x40, 0x8,
    0x6e, 0xf9, 0x40, 0x32, 0x27, 0x8, 0x3, 0x34,
    0x3, 0xaf, 0xc2, 0x89, 0x0, 0x21, 0x46, 0x6,
    0xe, 0x0, 0x98, 0x28, 0x0, 0xca, 0x1, 0x59,
    0x18, 0x2, 0x81, 0x80, 0x8e, 0x80, 0x23, 0x35,
    0x5, 0x3, 0x0, 0x6a, 0x32, 0x54, 0x10, 0xc,
    0xc1, 0x65, 0xc0, 0x1e, 0x66, 0xa, 0x80, 0x7b,
    0x41, 0xc0, 0x3e, 0x20, 0xa0, 0xf, 0xac, 0xcc,
    0x1, 0x99, 0xf4, 0xbc, 0x3, 0xb6, 0x2, 0x8c,
    0x3, 0x80,

    /* U+04F0 "Ӱ" */
    0x0, 0xa5, 0xc1, 0x6c, 0x3, 0xe5, 0xe0, 0x35,
    0x0, 0xfb, 0x24, 0x1b, 0x80, 0x3f, 0xf8, 0x95,
    0xe4, 0x1, 0xed, 0xd0, 0x40, 0x40, 0x7, 0x21,
    0x58, 0x12, 0xa8, 0x80, 0x37, 0x8b, 0x0, 0x20,
    0x20, 0x2, 0x24, 0x60, 0x8, 0x99, 0x48, 0x1,
    0x61, 0x20, 0x1a, 0x2, 0x0, 0x59, 0x44, 0x3,
    0xb, 0x29, 0x30, 0x40, 0x7, 0xa0, 0x22, 0x50,
    0x80, 0x3c, 0x2e, 0xa3, 0xe0, 0x1f, 0xa8, 0x9,
    0x0, 0x3f, 0x58, 0x40, 0x7, 0x96, 0x71, 0x95,
    0x40, 0x1e, 0x26, 0x26, 0xa0, 0xf, 0x0,

    /* U+04F1 "ӱ" */
    0x0, 0x64, 0x83, 0x70, 0x7, 0x2f, 0x1, 0x28,
    0x7, 0x4b, 0x82, 0x58, 0x5, 0x9a, 0x1, 0xd7,
    0xe1, 0x44, 0x80, 0x10, 0xa3, 0x3, 0x7, 0x0,
    0x4c, 0x14, 0x0, 0x65, 0x0, 0xac, 0x8c, 0x1,
    0x40, 0xc0, 0x47, 0x40, 0x11, 0x9a, 0x82, 0x81,
    0x80, 0x35, 0x19, 0x2a, 0x8, 0x6, 0x60, 0xb2,
    0xe0, 0xf, 0x33, 0x5, 0x40, 0x3d, 0xa0, 0xe0,
    0x1f, 0x10, 0x50, 0x7, 0xd6, 0x66, 0x0, 0xcc,
    0xfa, 0x5e, 0x1, 0xdb, 0x1, 0x46, 0x1, 0xc0,

    /* U+04F2 "Ӳ" */
    0x0, 0xc3, 0xd4, 0x19, 0x80, 0xf, 0x48, 0x5b,
    0x1f, 0x80, 0x71, 0x36, 0x4, 0x59, 0x80, 0x71,
    0x71, 0xf, 0x20, 0x7, 0xff, 0xe, 0xbc, 0x80,
    0x3d, 0xba, 0x8, 0x8, 0x0, 0xe4, 0x2b, 0x2,
    0x55, 0x10, 0x6, 0xf1, 0x60, 0x4, 0x4, 0x0,
    0x44, 0x8c, 0x1, 0x13, 0x29, 0x0, 0x2c, 0x24,
    0x3, 0x40, 0x40, 0xb, 0x28, 0x80, 0x61, 0x65,
    0x26, 0x8, 0x0, 0xf4, 0x4, 0x4a, 0x10, 0x7,
    0x85, 0xd4, 0x7c, 0x3, 0xf5, 0x1, 0x20, 0x7,
    0xeb, 0x8, 0x0, 0xf2, 0xce, 0x32, 0xa8, 0x3,
    0xc4, 0xc4, 0xd4, 0x1, 0xe0,

    /* U+04F3 "ӳ" */
    0x0, 0x97, 0xd8, 0xbe, 0x40, 0x34, 0x2b, 0x49,
    0xc8, 0x4, 0xcc, 0xa4, 0x7d, 0x0, 0xcd, 0x60,
    0x98, 0x20, 0xc, 0xe0, 0xe, 0xbf, 0xa, 0x14,
    0x0, 0x85, 0x18, 0x18, 0x38, 0x2, 0x70, 0xa0,
    0x3, 0x28, 0x80, 0x28, 0x8c, 0x1, 0x60, 0xe0,
    0x47, 0x40, 0x11, 0x1d, 0x2, 0x83, 0x0, 0x6a,
    0x32, 0xa4, 0x10, 0xc, 0xc1, 0x65, 0xc0, 0x1e,
    0x66, 0x2, 0x80, 0x7a, 0x81, 0x80, 0x3e, 0x50,
    0xa0, 0xf, 0xac, 0xcc, 0x1, 0x91, 0x6c, 0xa0,
    0x3, 0xbe, 0x9a, 0x90, 0x3, 0x80,

    /* U+04F4 "Ӵ" */
    0x0, 0x35, 0x0, 0xe1, 0x80, 0x6e, 0x70, 0x33,
    0x0, 0x74, 0x68, 0x17, 0x98, 0x7, 0xff, 0x2,
    0xbc, 0x3, 0x93, 0xd8, 0x3, 0xff, 0xb8, 0x40,
    0x40, 0x1f, 0x58, 0x72, 0x11, 0x17, 0xc0, 0x7,
    0x27, 0x7b, 0xaa, 0x60, 0x9, 0xbf, 0x2f, 0x3e,
    0x40, 0x38, 0xd0, 0xc0, 0x3f, 0xfa, 0xc0,

    /* U+04F5 "ӵ" */
    0x4, 0xf2, 0xe, 0x70, 0x9, 0xcc, 0xc0, 0xa4,
    0x1, 0x1e, 0x8, 0x5a, 0x80, 0x3a, 0x80, 0x34,
    0x78, 0x80, 0x7f, 0xf1, 0xc4, 0x3, 0xe4, 0x43,
    0x8, 0x91, 0x0, 0xb, 0x39, 0xee, 0x59, 0x0,
    0x7, 0x36, 0xf3, 0xd8, 0x3, 0x12, 0x18, 0x7,
    0xff, 0x28,

    /* U+04F6 "Ӷ" */
    0x4f, 0xff, 0x88, 0x0, 0xb1, 0x1c, 0x40, 0xf,
    0x77, 0xe0, 0xf, 0xff, 0xfd, 0x60, 0x7, 0xe2,
    0x0, 0xe4, 0xf5, 0x0, 0xff, 0xe6, 0x0,

    /* U+04F7 "ӷ" */
    0x7f, 0xfe, 0x60, 0x4, 0xd5, 0x48, 0x0, 0x75,
    0x58, 0x80, 0x3f, 0xfc, 0x1d, 0x0, 0x13, 0xf8,
    0x7, 0xff, 0x25, 0x38, 0x2,

    /* U+04F8 "Ӹ" */
    0x0, 0xd3, 0x0, 0x96, 0x1, 0xf8, 0x88, 0x2,
    0xa2, 0x1, 0xf5, 0xd0, 0x2f, 0x8, 0x7, 0xff,
    0x11, 0x3d, 0x40, 0x3e, 0x1f, 0x80, 0xf, 0xfe,
    0xe9, 0x88, 0x80, 0x3f, 0xd3, 0xdc, 0xfc, 0x40,
    0xf, 0x9e, 0xea, 0x6, 0xd0, 0x3, 0xda, 0x8a,
    0xf8, 0x10, 0x1, 0xfe, 0x14, 0x30, 0xf, 0xf9,
    0xc0, 0x3f, 0xe2, 0x34, 0x0, 0xf6, 0x33, 0x27,
    0x42, 0x0, 0x3c, 0xd3, 0x27, 0x5d, 0x30, 0xc,

    /* U+04F9 "ӹ" */
    0x0, 0xa3, 0x40, 0xfc, 0xc0, 0x3d, 0xce, 0x2,
    0x62, 0x1, 0xe6, 0xa0, 0x2c, 0x20, 0x9, 0xfc,
    0x40, 0x3c, 0xfe, 0x40, 0x1f, 0xfc, 0xe3, 0x10,
    0xf, 0xf6, 0xf7, 0xf4, 0x80, 0x7d, 0x57, 0x66,
    0x64, 0x80, 0x79, 0x12, 0x83, 0x70, 0xf, 0xfe,
    0x33, 0xab, 0x59, 0xb0, 0x7, 0xa6, 0xa5, 0xa2,
    0x0, 0x18,

    /* U+04FA "Ӻ" */
    0x4, 0xff, 0xf8, 0x80, 0x25, 0x88, 0xe2, 0x0,
    0xbd, 0xdf, 0x80, 0x3f, 0xf9, 0x22, 0x20, 0x31,
    0x18, 0x2, 0x8a, 0x9, 0xee, 0x84, 0x1, 0x70,
    0xf, 0x77, 0x8, 0x0, 0x8c, 0x35, 0x12, 0x0,
    0xff, 0xe7, 0x7a, 0x80, 0x7e, 0x59, 0x0, 0xf2,
    0x7a, 0x80, 0x7c, 0x24, 0xce, 0x1, 0xe7, 0xd3,
    0xe0, 0xf, 0x35, 0xea, 0x80, 0x70,

    /* U+04FB "ӻ" */
    0x7, 0xff, 0xe7, 0x0, 0xa6, 0xaa, 0x50, 0x9,
    0xd5, 0x62, 0x0, 0xfe, 0xf0, 0xf, 0x6b, 0x87,
    0x7f, 0x88, 0x39, 0x82, 0xf3, 0x4, 0x7, 0xc0,
    0xa6, 0x60, 0xe, 0x20, 0xf, 0xb1, 0xc0, 0x33,
    0xf8, 0x7, 0x84, 0x80, 0x3d, 0x5a, 0xa, 0x1,
    0xaa, 0xf8, 0x80, 0x20,

    /* U+04FC "Ӽ" */
    0x5f, 0x70, 0xe, 0xdd, 0x2, 0xa4, 0x8, 0x4,
    0xe5, 0xc0, 0xa, 0xa, 0x0, 0x14, 0x31, 0x80,
    0x6, 0x51, 0x42, 0x46, 0x40, 0x33, 0x1d, 0xb2,
    0x50, 0x7, 0xb8, 0x65, 0x50, 0x3, 0xc4, 0x40,
    0xc0, 0xf, 0x9c, 0x8e, 0x4, 0x3, 0x8a, 0x1f,
    0x46, 0xc0, 0x3a, 0x46, 0x6, 0x15, 0x0, 0x25,
    0x4b, 0x0, 0x39, 0x48, 0x0, 0x6d, 0x14, 0x2,
    0x92, 0xa7, 0x81, 0x90, 0xc, 0x8a, 0xa8, 0x9f,
    0x20, 0xe, 0xa8, 0x0, 0xfe, 0x1e, 0x10, 0xf,
    0x8f, 0x99, 0x80, 0x1f, 0x1e, 0x62, 0x0,

    /* U+04FD "ӽ" */
    0x3f, 0x90, 0x8, 0xbe, 0x80, 0xe1, 0x90, 0x1,
    0x23, 0x60, 0x7, 0x3a, 0x6, 0x4b, 0x10, 0xb,
    0x86, 0xa5, 0x54, 0x1, 0x8a, 0x14, 0x68, 0x3,
    0xdc, 0x2, 0x40, 0x1c, 0x8d, 0x5, 0xc0, 0x18,
    0x68, 0xde, 0x4d, 0xc0, 0x2b, 0x1e, 0x4, 0x68,
    0x52, 0x55, 0x41, 0x0, 0x24, 0x6a, 0x17, 0xdc,
    0x3, 0x71, 0x80, 0x7c, 0x24, 0x43, 0x0, 0xf4,
    0x68, 0xd0, 0x7, 0xa2, 0xf8, 0xc0,

    /* U+04FE "Ӿ" */
    0x4f, 0x70, 0xe, 0xdc, 0x4, 0x68, 0x30, 0xa,
    0x4b, 0x80, 0x12, 0x5c, 0x0, 0x46, 0x92, 0x0,
    0xb8, 0xa0, 0x69, 0x58, 0x2, 0x11, 0x33, 0xe8,
    0xc9, 0x0, 0x5f, 0xac, 0x6, 0x19, 0xae, 0x0,
    0xaa, 0x38, 0x0, 0xaa, 0x8a, 0x0, 0x45, 0x42,
    0x92, 0x15, 0x20, 0x9, 0x4e, 0x58, 0xa4, 0x3,
    0xad, 0x10, 0x12, 0x4e, 0x1, 0x40, 0xc0, 0x1,
    0x11, 0x2, 0x2, 0xec, 0x60, 0x14, 0x4, 0x5,
    0x84, 0x0, 0x63, 0x56, 0x30,

    /* U+04FF "ӿ" */
    0x2f, 0xa0, 0x8, 0xbe, 0x80, 0xa5, 0x54, 0x0,
    0xe2, 0xa0, 0x3, 0x25, 0x8b, 0x9f, 0x0, 0x6a,
    0xd, 0x88, 0x18, 0x5, 0xfc, 0x26, 0x11, 0xf0,
    0x0, 0xcc, 0x10, 0x2, 0x32, 0x40, 0x6, 0xa5,
    0x47, 0x26, 0x20, 0x1, 0x95, 0x57, 0xc, 0x80,
    0x54, 0x16, 0x4, 0xec, 0x60, 0xa9, 0x22, 0x0,
    0x81, 0xe0,

    /* U+2013 "–" */
    0x2, 0x2f, 0x81, 0x37, 0x7e, 0x45, 0xaa, 0xf9,
    0x40,

    /* U+2014 "—" */
    0x2, 0x2f, 0xfe, 0x20, 0x26, 0xef, 0xff, 0x11,
    0x16, 0xab, 0xff, 0x88, 0xa0,

    /* U+2018 "‘" */
    0x7, 0xd0, 0xa4, 0x32, 0xfa, 0x5, 0xc8, 0x30,

    /* U+2019 "’" */
    0xf, 0xd2, 0x5, 0x70, 0xad, 0x32, 0xdf, 0x0,

    /* U+201A "‚" */
    0x4, 0x71, 0xf, 0x80, 0x2, 0xa0, 0x8d, 0xc0,
    0x82, 0xa0,

    /* U+201B "‛" */
    0xaf, 0x2c, 0x6, 0x70, 0xc1, 0x53, 0x8, 0xc0,

    /* U+201C "“" */
    0x7, 0xc0, 0x2f, 0x20, 0xa5, 0xa, 0x12, 0x32,
    0xc0, 0x65, 0xa, 0x7, 0x41, 0x30, 0xc8, 0x27,
    0x8b, 0x0,

    /* U+201D "”" */
    0xf, 0xd0, 0xaf, 0x22, 0x2, 0x83, 0x91, 0x1c,
    0x28, 0x9, 0x43, 0x4c, 0x90, 0x24, 0x37, 0xc1,
    0xe4, 0x40,

    /* U+2022 "•" */
    0x5, 0x83, 0x5, 0xa7, 0xc2, 0xc0, 0x9, 0xc4,
    0x2, 0x19, 0x30, 0x54,

    /* U+2026 "…" */
    0x26, 0x10, 0x2, 0x28, 0x4, 0xc7, 0x12, 0xc0,
    0xb, 0xa3, 0x4, 0x9d, 0xd0, 0x18, 0x1, 0x4,
    0x81, 0x85, 0x0,

    /* U+20AC "€" */
    0x0, 0x86, 0x37, 0xfd, 0x8e, 0x1, 0xe, 0x3a,
    0x4c, 0x36, 0x80, 0x56, 0x59, 0x2c, 0xf5, 0x40,
    0x9, 0x58, 0xc0, 0x3d, 0x3e, 0xd, 0xff, 0x68,
    0x5, 0x10, 0x9, 0xcc, 0xbc, 0x2, 0x13, 0x2,
    0x33, 0x88, 0x2, 0x9b, 0xb, 0xff, 0x90, 0x2,
    0x8c, 0x5, 0xcc, 0x90, 0x2, 0x13, 0x33, 0x99,
    0xc0, 0x1e, 0x92, 0x80, 0xf, 0xca, 0xa7, 0xc7,
    0x75, 0x48, 0x6, 0xa8, 0x18, 0x83, 0x60, 0x0,

    /* U+2122 "™" */
    0xaf, 0xfc, 0x7f, 0x60, 0x17, 0x65, 0x78, 0xdf,
    0x88, 0x21, 0x2, 0x80, 0x80, 0x7c, 0xaa, 0xe,
    0x70, 0xf, 0xdd, 0x42, 0xd8, 0x1, 0xf9, 0xe,
    0xa8, 0x1, 0xfe, 0x64, 0x60, 0xd, 0x6a, 0x5,
    0x21, 0x34, 0x2f, 0x0,

    /* U+3046 "う" */
    0x0, 0xff, 0xe2, 0x5f, 0x5c, 0xbb, 0x2a, 0x0,
    0x77, 0xc9, 0x12, 0xa2, 0xa8, 0x1, 0xc8, 0xf3,
    0x7b, 0xdf, 0xe0, 0xf, 0xfe, 0x0, 0x80, 0x61,
    0x48, 0xac, 0xed, 0xb4, 0x0, 0xb7, 0xad, 0x85,
    0x65, 0x5e, 0xe0, 0x0, 0xb1, 0xbd, 0x72, 0xf1,
    0x8c, 0xe4, 0x10, 0xe4, 0x1, 0xeb, 0x7, 0x0,
    0xff, 0x18, 0x18, 0x7, 0xf9, 0x0, 0x80, 0x3f,
    0x86, 0x5, 0x0, 0x3f, 0xe, 0x15, 0x0, 0x7c,
    0x53, 0xc5, 0x48, 0x1, 0x8e, 0xfb, 0x59, 0xf9,
    0x40, 0x38, 0xc1, 0xeb, 0xa0, 0x40, 0x20,

    /* U+3053 "こ" */
    0x7, 0x87, 0x66, 0x9d, 0xd1, 0x0, 0xb, 0x5a,
    0x26, 0x68, 0x83, 0x18, 0x5, 0x5d, 0xff, 0xee,
    0xb0, 0xf, 0xff, 0x52, 0x30, 0x7, 0xfd, 0xd4,
    0x1, 0xff, 0x3b, 0x0, 0x7f, 0xc2, 0xe0, 0x1f,
    0xf5, 0x16, 0x29, 0x0, 0x4, 0x8d, 0xa4, 0x1a,
    0x4a, 0xb7, 0xfd, 0xdb, 0x92, 0xe0, 0x6, 0xec,
    0xa9, 0x95, 0x52, 0xf7, 0x80,

    /* U+305D "そ" */
    0x0, 0x84, 0xce, 0x45, 0x67, 0x80, 0xf, 0x16,
    0x65, 0x76, 0x88, 0x3a, 0x0, 0x71, 0xef, 0xfe,
    0x22, 0x6a, 0x0, 0x78, 0x80, 0x7, 0xef, 0xa4,
    0x1, 0xfc, 0xd8, 0xd6, 0x1, 0xfe, 0x98, 0xb8,
    0x0, 0x9, 0x14, 0x6, 0xad, 0xac, 0x71, 0xdf,
    0xee, 0xdd, 0x70, 0xe5, 0x43, 0x2a, 0x11, 0xce,
    0xf7, 0x5a, 0x3b, 0xfd, 0x74, 0x6b, 0xac, 0x42,
    0x38, 0x8, 0x2, 0x45, 0xa0, 0xf, 0xfe, 0x6,
    0x90, 0x80, 0x7f, 0xf0, 0x38, 0xc0, 0x3f, 0xf8,
    0x28, 0x32, 0x1, 0xff, 0xc0, 0x39, 0x6e, 0xa8,
    0x81, 0x80, 0x7e, 0x6d, 0x66, 0x2a, 0x80, 0x3f,
    0xc5, 0x19, 0xba, 0x30, 0x0,

    /* U+3088 "よ" */
    0x0, 0xf6, 0xe0, 0x7, 0xff, 0x0, 0x58, 0x3,
    0xff, 0x9e, 0xcc, 0x78, 0x9a, 0x0, 0xfc, 0x71,
    0x48, 0x40, 0x1f, 0x9d, 0x7b, 0x72, 0xe8, 0x3,
    0xf0, 0x80, 0x7f, 0xf0, 0x5, 0xc0, 0x3f, 0xf9,
    0x25, 0x3b, 0xdc, 0x52, 0x40, 0xe, 0x3d, 0x5b,
    0xb4, 0x18, 0xde, 0xb0, 0x5, 0x25, 0x8c, 0xac,
    0x83, 0x8d, 0x3a, 0x40, 0x1f, 0x19, 0xd7, 0x87,
    0xa7, 0x25, 0xb3, 0x16, 0x8a, 0x0, 0x3f, 0x53,
    0x36, 0xa2, 0xa8, 0x26, 0x0, 0x21, 0xa0,

    /* U+4E2D "中" */
    0x0, 0xfb, 0x9c, 0x3, 0xff, 0xb0, 0x9f, 0xfe,
    0x18, 0xff, 0xec, 0x0, 0x4d, 0x56, 0x5, 0xaa,
    0xc8, 0x1, 0x3a, 0xae, 0x1d, 0x55, 0xc4, 0x1,
    0xff, 0xe4, 0xef, 0xfc, 0x31, 0xff, 0x98, 0x2,
    0x9a, 0xac, 0xb, 0x55, 0x90, 0x19, 0xa5, 0x5c,
    0x3a, 0xab, 0xbe, 0x8a, 0x40, 0x3f, 0xe4, 0x60,
    0xf, 0xff, 0x8,

    /* U+6587 "文" */
    0x0, 0xfd, 0x74, 0x1, 0xff, 0xd7, 0x10, 0xf,
    0xc3, 0xff, 0xf2, 0x23, 0xff, 0xe2, 0x1c, 0xc4,
    0x84, 0xe6, 0x79, 0xc2, 0x73, 0x4, 0x6, 0x66,
    0x2c, 0x33, 0xf2, 0x13, 0x19, 0x80, 0x3a, 0xd4,
    0x80, 0x31, 0x9a, 0x0, 0x3f, 0x30, 0xc0, 0x6,
    0x82, 0x50, 0xf, 0xe8, 0x55, 0x0, 0x19, 0x20,
    0x3, 0xfc, 0xcb, 0x44, 0x72, 0xca, 0x1, 0xff,
    0x51, 0x7e, 0x9c, 0x80, 0x7f, 0xf0, 0x60, 0x86,
    0x0, 0x3f, 0xf8, 0x31, 0x44, 0x36, 0xe0, 0x1f,
    0xe4, 0xd7, 0x76, 0xfa, 0xc6, 0xa0, 0x7, 0x14,
    0x75, 0x8e, 0x40, 0xd, 0x50, 0xef, 0xa0, 0x80,
    0x75, 0xd3, 0x30, 0x60, 0x19, 0x7a, 0x95, 0xf4,
    0x45, 0x9d, 0x46, 0x1, 0xf9, 0x6f, 0xb0, 0x40,

    /* U+65E5 "日" */
    0xef, 0xff, 0xf7, 0x2, 0xcc, 0xfe, 0x40, 0x6,
    0xb3, 0x7e, 0x30, 0xf, 0xfe, 0xd4, 0x77, 0x7e,
    0x70, 0x2, 0x44, 0x7e, 0x40, 0x6, 0x33, 0x7e,
    0x30, 0xf, 0xfe, 0xd7, 0x22, 0x7e, 0x20, 0x3,
    0x5d, 0xfe, 0x50, 0x4, 0x77, 0x7e, 0x73,

    /* U+672C "本" */
    0x0, 0xfd, 0x58, 0x1, 0xff, 0xe1, 0x45, 0x5f,
    0x30, 0xaa, 0xf9, 0x0, 0x11, 0x55, 0xe3, 0x2a,
    0xaf, 0x80, 0x19, 0xff, 0xc6, 0x0, 0x2e, 0xff,
    0xdc, 0x1, 0xf2, 0x99, 0x14, 0xc0, 0x1f, 0xf0,
    0xdb, 0xb8, 0x62, 0x4, 0x1, 0xfe, 0xd3, 0x80,
    0x3, 0x9f, 0x80, 0x7f, 0x49, 0xf8, 0x6, 0xd3,
    0xb0, 0xf, 0xa9, 0xac, 0x80, 0x30, 0xea, 0x60,
    0x80, 0x45, 0x8b, 0x40, 0x88, 0x61, 0x44, 0x3d,
    0x96, 0x20, 0xe, 0x8e, 0x3d, 0xdc, 0x65, 0x77,
    0x3e, 0xd, 0xa0, 0xde, 0x99, 0x77, 0x4a, 0x7d,
    0xd1, 0x96, 0x5a, 0x2, 0x0, 0x42, 0x30, 0x0,
    0x46, 0x0, 0x90, 0x3, 0xff, 0x8e,

    /* U+6B22 "欢" */
    0x0, 0xff, 0x71, 0x80, 0x7f, 0xf0, 0xcc, 0x48,
    0x3, 0xed, 0xee, 0xdf, 0x80, 0x80, 0xa8, 0x9c,
    0x0, 0xea, 0xac, 0xae, 0x1a, 0x17, 0x7e, 0x10,
    0x26, 0x44, 0x9b, 0x1, 0x6b, 0xff, 0x49, 0x8,
    0x47, 0x80, 0x46, 0x66, 0x5, 0x6d, 0x0, 0x6a,
    0x80, 0x24, 0xe4, 0x10, 0x16, 0x1c, 0x3, 0xd4,
    0x1, 0x53, 0x2e, 0xa0, 0xec, 0x80, 0x98, 0x2,
    0xc8, 0x2, 0x47, 0xb7, 0xe0, 0x31, 0xe, 0x11,
    0x0, 0x7d, 0x6, 0x2a, 0x1, 0x94, 0x10, 0x3,
    0xe1, 0x30, 0x40, 0x8, 0x4c, 0x7c, 0x3, 0xeb,
    0x4, 0x90, 0x9, 0x82, 0x94, 0x40, 0x39, 0x96,
    0xa4, 0x98, 0x6, 0x5d, 0xa, 0x0, 0x33, 0xcb,
    0xa1, 0x43, 0x86, 0x9c, 0x4, 0xb2, 0x80, 0x6,
    0x1e, 0x0, 0xe, 0x16, 0x5e, 0x0, 0x46, 0xa6,
    0x1, 0xe8, 0x0, 0x87, 0xdb, 0x8, 0x2, 0x95,
    0x96, 0x1, 0x0, 0xc3, 0x7a, 0x40, 0x1d, 0x56,
    0xc0,

    /* U+8A9E "語" */
    0x7, 0xff, 0xce, 0xdf, 0xff, 0x98, 0x1b, 0x77,
    0x33, 0xe6, 0x18, 0xf3, 0x33, 0xbb, 0xb7, 0x77,
    0x1a, 0xac, 0xa, 0xb0, 0x89, 0xff, 0xfc, 0x19,
    0x83, 0xc, 0xc4, 0xb8, 0x1, 0xf3, 0x32, 0x95,
    0x50, 0x3e, 0xa8, 0x20, 0x12, 0xc4, 0x67, 0x0,
    0x10, 0x18, 0x7, 0x8d, 0x57, 0x14, 0xd7, 0x5,
    0x54, 0x33, 0x41, 0x1d, 0xd9, 0xc4, 0xd5, 0x8c,
    0xe6, 0x53, 0x9, 0xff, 0xcf, 0x10, 0xbb, 0xfa,
    0x42, 0x37, 0x73, 0x82, 0x6e, 0xfb, 0xc0, 0x4,
    0xfd, 0xc1, 0xf0, 0x0, 0xff, 0xe8, 0x0, 0xc4,
    0x66, 0x60, 0xf, 0xfe, 0x91, 0x22, 0x18, 0x2,
    0x16, 0x6d, 0xa0, 0x19, 0x22, 0x1, 0xc0, 0x15,
    0xde, 0x41, 0x0,

    /* U+8FCE "迎" */
    0x0, 0xfe, 0x20, 0xf, 0xe8, 0x50, 0xc, 0x31,
    0xb0, 0x1, 0xfb, 0xa9, 0x80, 0x17, 0xc7, 0x71,
    0xdf, 0xf9, 0x40, 0xd, 0x12, 0x60, 0xb3, 0x68,
    0x0, 0x8c, 0xc0, 0x7, 0x3a, 0xb8, 0x0, 0xc0,
    0x31, 0x19, 0x84, 0x3, 0xa9, 0x0, 0x3f, 0xfc,
    0xa5, 0xff, 0x20, 0x7, 0xff, 0x4, 0xb3, 0x0,
    0x1f, 0xfc, 0x43, 0x30, 0x7, 0x8c, 0x80, 0x3f,
    0xf8, 0x4, 0x31, 0xf8, 0xe0, 0x2, 0x31, 0x0,
    0xfb, 0xc9, 0x2f, 0xd4, 0x1, 0x5a, 0x68, 0x1,
    0xc3, 0xba, 0x94, 0x0, 0xd1, 0xd8, 0x20, 0x15,
    0x4, 0x10, 0x7, 0xff, 0x0, 0x71, 0x35, 0x76,
    0x9d, 0xc, 0xb1, 0xcc, 0xc8, 0x80, 0x0, 0xe1,
    0x46, 0x1d, 0x5e, 0x6e, 0xd9, 0x8b, 0xa0, 0x1d,
    0x20, 0x1, 0xce, 0xff, 0xfe, 0xe0,

    /* U+FF01 "！" */
    0x3, 0x30, 0xe, 0x70, 0x7, 0x8, 0x8, 0x4,
    0xe0, 0x1e, 0x11, 0x0, 0xc, 0xc0, 0x1, 0x10,
    0x1, 0xb8, 0x1, 0x4c, 0x0, 0x21, 0x1, 0xdc,
    0x0, 0xb, 0x0, 0xf5, 0x80
};


/*---------------------
 *  GLYPH DESCRIPTION
 *--------------------*/

static const lv_font_fmt_txt_glyph_dsc_t glyph_dsc[] = {
    {.bitmap_index = 0, .adv_w = 0, .box_w = 0, .box_h = 0, .ofs_x = 0, .ofs_y = 0} /* id = 0 reserved */,
    {.bitmap_index = 0, .adv_w = 75, .box_w = 0, .box_h = 0, .ofs_x = 0, .ofs_y = 0},
    {.bitmap_index = 0, .adv_w = 77, .box_w = 3, .box_h = 13, .ofs_x = 1, .ofs_y = 0},
    {.bitmap_index = 21, .adv_w = 118, .box_w = 6, .box_h = 5, .ofs_x = 1, .ofs_y = 8},
    {.bitmap_index = 37, .adv_w = 186, .box_w = 12, .box_h = 13, .ofs_x = 0, .ofs_y = 0},
    {.bitmap_index = 109, .adv_w = 165, .box_w = 9, .box_h = 15, .ofs_x = 1, .ofs_y = -1},
    {.bitmap_index = 168, .adv_w = 239, .box_w = 15, .box_h = 13, .ofs_x = 0, .ofs_y = 0},
    {.bitmap_index = 254, .adv_w = 211, .box_w = 14, .box_h = 13, .ofs_x = 0, .ofs_y = 0},
    {.bitmap_index = 334, .adv_w = 65, .box_w = 2, .box_h = 5, .ofs_x = 1, .ofs_y = 8},
    {.bitmap_index = 340, .adv_w = 86, .box_w = 5, .box_h = 16, .ofs_x = 0, .ofs_y = -3},
    {.bitmap_index = 380, .adv_w = 86, .box_w = 5, .box_h = 16, .ofs_x = 0, .ofs_y = -3},
    {.bitmap_index = 418, .adv_w = 159, .box_w = 10, .box_h = 9, .ofs_x = 0, .ofs_y = 5},
    {.bitmap_index = 459, .adv_w = 165, .box_w = 10, .box_h = 9, .ofs_x = 0, .ofs_y = 2},
    {.bitmap_index = 484, .adv_w = 77, .box_w = 4, .box_h = 5, .ofs_x = 0, .ofs_y = -2},
    {.bitmap_index = 495, .adv_w = 93, .box_w = 6, .box_h = 3, .ofs_x = 0, .ofs_y = 4},
    {.bitmap_index = 503, .adv_w = 77, .box_w = 3, .box_h = 3, .ofs_x = 1, .ofs_y = 0},
    {.bitmap_index = 508, .adv_w = 107, .box_w = 7, .box_h = 13, .ofs_x = 0, .ofs_y = 0},
    {.bitmap_index = 546, .adv_w = 165, .box_w = 10, .box_h = 13, .ofs_x = 0, .ofs_y = 0},
    {.bitmap_index = 603, .adv_w = 165, .box_w = 6, .box_h = 13, .ofs_x = 1, .ofs_y = 0},
    {.bitmap_index = 620, .adv_w = 165, .box_w = 10, .box_h = 13, .ofs_x = 0, .ofs_y = 0},
    {.bitmap_index = 673, .adv_w = 165, .box_w = 10, .box_h = 13, .ofs_x = 0, .ofs_y = 0},
    {.bitmap_index = 730, .adv_w = 165, .box_w = 10, .box_h = 13, .ofs_x = 0, .ofs_y = 0},
    {.bitmap_index = 777, .adv_w = 165, .box_w = 9, .box_h = 13, .ofs_x = 1, .ofs_y = 0},
    {.bitmap_index = 826, .adv_w = 165, .box_w = 10, .box_h = 13, .ofs_x = 0, .ofs_y = 0},
    {.bitmap_index = 885, .adv_w = 165, .box_w = 10, .box_h = 13, .ofs_x = 0, .ofs_y = 0},
    {.bitmap_index = 929, .adv_w = 165, .box_w = 10, .box_h = 13, .ofs_x = 0, .ofs_y = 0},
    {.bitmap_index = 993, .adv_w = 165, .box_w = 10, .box_h = 13, .ofs_x = 0, .ofs_y = 0},
    {.bitmap_index = 1056, .adv_w = 77, .box_w = 3, .box_h = 10, .ofs_x = 1, .ofs_y = 0},
    {.bitmap_index = 1069, .adv_w = 77, .box_w = 4, .box_h = 13, .ofs_x = 0, .ofs_y = -3},
    {.bitmap_index = 1090, .adv_w = 165, .box_w = 10, .box_h = 10, .ofs_x = 0, .ofs_y = 2},
    {.bitmap_index = 1131, .adv_w = 165, .box_w = 9, .box_h = 7, .ofs_x = 1, .ofs_y = 3},
    {.bitmap_index = 1148, .adv_w = 165, .box_w = 10, .box_h = 10, .ofs_x = 0, .ofs_y = 2},
    {.bitmap_index = 1189, .adv_w = 125, .box_w = 8, .box_h = 13, .ofs_x = 0, .ofs_y = 0},
    {.bitmap_index = 1232, .adv_w = 259, .box_w = 15, .box_h = 15, .ofs_x = 1, .ofs_y = -2},
    {.bitmap_index = 1338, .adv_w = 184, .box_w = 12, .box_h = 13, .ofs_x = 0, .ofs_y = 0},
    {.bitmap_index = 1399, .adv_w = 187, .box_w = 10, .box_h = 13, .ofs_x = 1, .ofs_y = 0},
    {.bitmap_index = 1456, .adv_w = 182, .box_w = 10, .box_h = 13, .ofs_x = 1, .ofs_y = 0},
    {.bitmap_index = 1508, .adv_w = 210, .box_w = 12, .box_h = 13, .ofs_x = 1, .ofs_y = 0},
    {.bitmap_index = 1562, .adv_w = 160, .box_w = 8, .box_h = 13, .ofs_x = 1, .ofs_y = 0},
    {.bitmap_index = 1596, .adv_w = 149, .box_w = 8, .box_h = 13, .ofs_x = 1, .ofs_y = 0},
    {.bitmap_index = 1624, .adv_w = 210, .box_w = 11, .box_h = 13, .ofs_x = 1, .ofs_y = 0},
    {.bitmap_index = 1685, .adv_w = 213, .box_w = 11, .box_h = 13, .ofs_x = 1, .ofs_y = 0},
    {.bitmap_index = 1708, .adv_w = 98, .box_w = 6, .box_h = 13, .ofs_x = 0, .ofs_y = 0},
    {.bitmap_index = 1725, .adv_w = 79, .box_w = 6, .box_h = 17, .ofs_x = -2, .ofs_y = -4},
    {.bitmap_index = 1742, .adv_w = 178, .box_w = 11, .box_h = 13, .ofs_x = 1, .ofs_y = 0},
    {.bitmap_index = 1793, .adv_w = 151, .box_w = 8, .box_h = 13, .ofs_x = 1, .ofs_y = 0},
    {.bitmap_index = 1806, .adv_w = 261, .box_w = 14, .box_h = 13, .ofs_x = 1, .ofs_y = 0},
    {.bitmap_index = 1874, .adv_w = 219, .box_w = 11, .box_h = 13, .ofs_x = 1, .ofs_y = 0},
    {.bitmap_index = 1921, .adv_w = 225, .box_w = 12, .box_h = 13, .ofs_x = 1, .ofs_y = 0},
    {.bitmap_index = 1988, .adv_w = 174, .box_w = 9, .box_h = 13, .ofs_x = 1, .ofs_y = 0},
    {.bitmap_index = 2031, .adv_w = 225, .box_w = 12, .box_h = 16, .ofs_x = 1, .ofs_y = -3},
    {.bitmap_index = 2111, .adv_w = 179, .box_w = 10, .box_h = 13, .ofs_x = 1, .ofs_y = 0},
    {.bitmap_index = 2163, .adv_w = 158, .box_w = 10, .box_h = 13, .ofs_x = 0, .ofs_y = 0},
    {.bitmap_index = 2218, .adv_w = 160, .box_w = 10, .box_h = 13, .ofs_x = 0, .ofs_y = 0},
    {.bitmap_index = 2236, .adv_w = 211, .box_w = 11, .box_h = 13, .ofs_x = 1, .ofs_y = 0},
    {.bitmap_index = 2269, .adv_w = 173, .box_w = 11, .box_h = 13, .ofs_x = 0, .ofs_y = 0},
    {.bitmap_index = 2330, .adv_w = 268, .box_w = 17, .box_h = 13, .ofs_x = 0, .ofs_y = 0},
    {.bitmap_index = 2431, .adv_w = 169, .box_w = 11, .box_h = 13, .ofs_x = 0, .ofs_y = 0},
    {.bitmap_index = 2494, .adv_w = 163, .box_w = 11, .box_h = 13, .ofs_x = 0, .ofs_y = 0},
    {.bitmap_index = 2539, .adv_w = 165, .box_w = 10, .box_h = 13, .ofs_x = 0, .ofs_y = 0},
    {.bitmap_index = 2586, .adv_w = 95, .box_w = 5, .box_h = 17, .ofs_x = 1, .ofs_y = -4},
    {.bitmap_index = 2603, .adv_w = 107, .box_w = 7, .box_h = 13, .ofs_x = 0, .ofs_y = 0},
    {.bitmap_index = 2639, .adv_w = 95, .box_w = 5, .box_h = 17, .ofs_x = 0, .ofs_y = -4},
    {.bitmap_index = 2655, .adv_w = 165, .box_w = 10, .box_h = 9, .ofs_x = 0, .ofs_y = 5},
    {.bitmap_index = 2692, .adv_w = 128, .box_w = 10, .box_h = 2, .ofs_x = -1, .ofs_y = -4},
    {.bitmap_index = 2698, .adv_w = 81, .box_w = 5, .box_h = 3, .ofs_x = 0, .ofs_y = 11},
    {.bitmap_index = 2706, .adv_w = 162, .box_w = 9, .box_h = 10, .ofs_x = 0, .ofs_y = 0},
    {.bitmap_index = 2750, .adv_w = 177, .box_w = 10, .box_h = 14, .ofs_x = 1, .ofs_y = 0},
    {.bitmap_index = 2797, .adv_w = 138, .box_w = 9, .box_h = 10, .ofs_x = 0, .ofs_y = 0},
    {.bitmap_index = 2834, .adv_w = 177, .box_w = 10, .box_h = 14, .ofs_x = 0, .ofs_y = 0},
    {.bitmap_index = 2883, .adv_w = 162, .box_w = 10, .box_h = 10, .ofs_x = 0, .ofs_y = 0},
    {.bitmap_index = 2929, .adv_w = 99, .box_w = 7, .box_h = 14, .ofs_x = 0, .ofs_y = 0},
    {.bitmap_index = 2957, .adv_w = 177, .box_w = 10, .box_h = 14, .ofs_x = 0, .ofs_y = -4},
    {.bitmap_index = 3019, .adv_w = 178, .box_w = 9, .box_h = 14, .ofs_x = 1, .ofs_y = 0},
    {.bitmap_index = 3048, .adv_w = 74, .box_w = 3, .box_h = 14, .ofs_x = 1, .ofs_y = 0},
    {.bitmap_index = 3059, .adv_w = 74, .box_w = 5, .box_h = 18, .ofs_x = -1, .ofs_y = -4},
    {.bitmap_index = 3080, .adv_w = 154, .box_w = 9, .box_h = 14, .ofs_x = 1, .ofs_y = 0},
    {.bitmap_index = 3119, .adv_w = 74, .box_w = 3, .box_h = 14, .ofs_x = 1, .ofs_y = 0},
    {.bitmap_index = 3124, .adv_w = 269, .box_w = 15, .box_h = 10, .ofs_x = 1, .ofs_y = 0},
    {.bitmap_index = 3163, .adv_w = 178, .box_w = 9, .box_h = 10, .ofs_x = 1, .ofs_y = 0},
    {.bitmap_index = 3189, .adv_w = 174, .box_w = 10, .box_h = 10, .ofs_x = 0, .ofs_y = 0},
    {.bitmap_index = 3234, .adv_w = 177, .box_w = 10, .box_h = 14, .ofs_x = 1, .ofs_y = -4},
    {.bitmap_index = 3285, .adv_w = 177, .box_w = 10, .box_h = 14, .ofs_x = 0, .ofs_y = -4},
    {.bitmap_index = 3336, .adv_w = 119, .box_w = 7, .box_h = 10, .ofs_x = 1, .ofs_y = 0},
    {.bitmap_index = 3356, .adv_w = 138, .box_w = 8, .box_h = 10, .ofs_x = 0, .ofs_y = 0},
    {.bitmap_index = 3394, .adv_w = 104, .box_w = 7, .box_h = 13, .ofs_x = 0, .ofs_y = 0},
    {.bitmap_index = 3426, .adv_w = 178, .box_w = 9, .box_h = 10, .ofs_x = 1, .ofs_y = 0},
    {.bitmap_index = 3448, .adv_w = 146, .box_w = 10, .box_h = 10, .ofs_x = 0, .ofs_y = 0},
    {.bitmap_index = 3492, .adv_w = 226, .box_w = 14, .box_h = 10, .ofs_x = 0, .ofs_y = 0},
    {.bitmap_index = 3562, .adv_w = 152, .box_w = 10, .box_h = 10, .ofs_x = 0, .ofs_y = 0},
    {.bitmap_index = 3609, .adv_w = 147, .box_w = 10, .box_h = 14, .ofs_x = 0, .ofs_y = -4},
    {.bitmap_index = 3668, .adv_w = 135, .box_w = 8, .box_h = 10, .ofs_x = 0, .ofs_y = 0},
    {.bitmap_index = 3703, .adv_w = 109, .box_w = 7, .box_h = 17, .ofs_x = 0, .ofs_y = -4},
    {.bitmap_index = 3749, .adv_w = 159, .box_w = 2, .box_h = 18, .ofs_x = 4, .ofs_y = -4},
    {.bitmap_index = 3754, .adv_w = 109, .box_w = 7, .box_h = 17, .ofs_x = 0, .ofs_y = -4},
    {.bitmap_index = 3800, .adv_w = 165, .box_w = 10, .box_h = 4, .ofs_x = 0, .ofs_y = 5},
    {.bitmap_index = 3818, .adv_w = 75, .box_w = 0, .box_h = 0, .ofs_x = 0, .ofs_y = 0},
    {.bitmap_index = 3818, .adv_w = 77, .box_w = 3, .box_h = 14, .ofs_x = 1, .ofs_y = -4},
    {.bitmap_index = 3839, .adv_w = 165, .box_w = 8, .box_h = 13, .ofs_x = 1, .ofs_y = 0},
    {.bitmap_index = 3884, .adv_w = 165, .box_w = 10, .box_h = 13, .ofs_x = 0, .ofs_y = 0},
    {.bitmap_index = 3933, .adv_w = 165, .box_w = 9, .box_h = 9, .ofs_x = 1, .ofs_y = 2},
    {.bitmap_index = 3973, .adv_w = 165, .box_w = 11, .box_h = 13, .ofs_x = 0, .ofs_y = 0},
    {.bitmap_index = 4037, .adv_w = 159, .box_w = 2, .box_h = 18, .ofs_x = 4, .ofs_y = -4},
    {.bitmap_index = 4048, .adv_w = 148, .box_w = 8, .box_h = 14, .ofs_x = 1, .ofs_y = 0},
    {.bitmap_index = 4103, .adv_w = 167, .box_w = 6, .box_h = 2, .ofs_x = 2, .ofs_y = 12},
    {.bitmap_index = 4109, .adv_w = 240, .box_w = 15, .box_h = 13, .ofs_x = 0, .ofs_y = 0},
    {.bitmap_index = 4197, .adv_w = 103, .box_w = 6, .box_h = 6, .ofs_x = 0, .ofs_y = 7},
    {.bitmap_index = 4216, .adv_w = 147, .box_w = 9, .box_h = 8, .ofs_x = 0, .ofs_y = 1},
    {.bitmap_index = 4252, .adv_w = 165, .box_w = 10, .box_h = 6, .ofs_x = 0, .ofs_y = 2},
    {.bitmap_index = 4268, .adv_w = 93, .box_w = 6, .box_h = 3, .ofs_x = 0, .ofs_y = 4},
    {.bitmap_index = 4276, .adv_w = 240, .box_w = 15, .box_h = 13, .ofs_x = 0, .ofs_y = 0},
    {.bitmap_index = 4364, .adv_w = 144, .box_w = 11, .box_h = 3, .ofs_x = -1, .ofs_y = 13},
    {.bitmap_index = 4373, .adv_w = 123, .box_w = 7, .box_h = 7, .ofs_x = 0, .ofs_y = 7},
    {.bitmap_index = 4397, .adv_w = 165, .box_w = 10, .box_h = 11, .ofs_x = 0, .ofs_y = 0},
    {.bitmap_index = 4429, .adv_w = 101, .box_w = 6, .box_h = 8, .ofs_x = 0, .ofs_y = 7},
    {.bitmap_index = 4454, .adv_w = 101, .box_w = 6, .box_h = 8, .ofs_x = 0, .ofs_y = 7},
    {.bitmap_index = 4479, .adv_w = 81, .box_w = 5, .box_h = 3, .ofs_x = 0, .ofs_y = 11},
    {.bitmap_index = 4487, .adv_w = 179, .box_w = 9, .box_h = 14, .ofs_x = 1, .ofs_y = -4},
    {.bitmap_index = 4515, .adv_w = 189, .box_w = 10, .box_h = 17, .ofs_x = 0, .ofs_y = -3},
    {.bitmap_index = 4547, .adv_w = 77, .box_w = 3, .box_h = 3, .ofs_x = 1, .ofs_y = 5},
    {.bitmap_index = 4552, .adv_w = 65, .box_w = 4, .box_h = 5, .ofs_x = 0, .ofs_y = -4},
    {.bitmap_index = 4563, .adv_w = 101, .box_w = 5, .box_h = 8, .ofs_x = 0, .ofs_y = 7},
    {.bitmap_index = 4576, .adv_w = 108, .box_w = 7, .box_h = 6, .ofs_x = 0, .ofs_y = 7},
    {.bitmap_index = 4597, .adv_w = 147, .box_w = 9, .box_h = 8, .ofs_x = 0, .ofs_y = 1},
    {.bitmap_index = 4634, .adv_w = 215, .box_w = 14, .box_h = 13, .ofs_x = 0, .ofs_y = 0},
    {.bitmap_index = 4708, .adv_w = 222, .box_w = 14, .box_h = 14, .ofs_x = 0, .ofs_y = -1},
    {.bitmap_index = 4789, .adv_w = 225, .box_w = 14, .box_h = 13, .ofs_x = 0, .ofs_y = 0},
    {.bitmap_index = 4875, .adv_w = 125, .box_w = 8, .box_h = 14, .ofs_x = 0, .ofs_y = -4},
    {.bitmap_index = 4922, .adv_w = 184, .box_w = 12, .box_h = 18, .ofs_x = 0, .ofs_y = 0},
    {.bitmap_index = 5000, .adv_w = 184, .box_w = 12, .box_h = 18, .ofs_x = 0, .ofs_y = 0},
    {.bitmap_index = 5079, .adv_w = 184, .box_w = 12, .box_h = 18, .ofs_x = 0, .ofs_y = 0},
    {.bitmap_index = 5162, .adv_w = 184, .box_w = 12, .box_h = 18, .ofs_x = 0, .ofs_y = 0},
    {.bitmap_index = 5245, .adv_w = 184, .box_w = 12, .box_h = 17, .ofs_x = 0, .ofs_y = 0},
    {.bitmap_index = 5322, .adv_w = 184, .box_w = 12, .box_h = 16, .ofs_x = 0, .ofs_y = 0},
    {.bitmap_index = 5394, .adv_w = 254, .box_w = 16, .box_h = 13, .ofs_x = -1, .ofs_y = 0},
    {.bitmap_index = 5470, .adv_w = 182, .box_w = 10, .box_h = 17, .ofs_x = 1, .ofs_y = -4},
    {.bitmap_index = 5539, .adv_w = 160, .box_w = 8, .box_h = 18, .ofs_x = 1, .ofs_y = 0},
    {.bitmap_index = 5588, .adv_w = 160, .box_w = 8, .box_h = 18, .ofs_x = 1, .ofs_y = 0},
    {.bitmap_index = 5637, .adv_w = 160, .box_w = 8, .box_h = 18, .ofs_x = 1, .ofs_y = 0},
    {.bitmap_index = 5689, .adv_w = 160, .box_w = 8, .box_h = 17, .ofs_x = 1, .ofs_y = 0},
    {.bitmap_index = 5736, .adv_w = 98, .box_w = 6, .box_h = 18, .ofs_x = 0, .ofs_y = 0},
    {.bitmap_index = 5766, .adv_w = 98, .box_w = 6, .box_h = 18, .ofs_x = 0, .ofs_y = 0},
    {.bitmap_index = 5798, .adv_w = 98, .box_w = 7, .box_h = 18, .ofs_x = 0, .ofs_y = 0},
    {.bitmap_index = 5834, .adv_w = 98, .box_w = 6, .box_h = 17, .ofs_x = 0, .ofs_y = 0},
    {.bitmap_index = 5862, .adv_w = 210, .box_w = 13, .box_h = 13, .ofs_x = 0, .ofs_y = 0},
    {.bitmap_index = 5931, .adv_w = 219, .box_w = 11, .box_h = 18, .ofs_x = 1, .ofs_y = 0},
    {.bitmap_index = 6001, .adv_w = 225, .box_w = 12, .box_h = 18, .ofs_x = 1, .ofs_y = 0},
    {.bitmap_index = 6085, .adv_w = 225, .box_w = 12, .box_h = 18, .ofs_x = 1, .ofs_y = 0},
    {.bitmap_index = 6169, .adv_w = 225, .box_w = 12, .box_h = 18, .ofs_x = 1, .ofs_y = 0},
    {.bitmap_index = 6257, .adv_w = 225, .box_w = 12, .box_h = 18, .ofs_x = 1, .ofs_y = 0},
    {.bitmap_index = 6345, .adv_w = 225, .box_w = 12, .box_h = 17, .ofs_x = 1, .ofs_y = 0},
    {.bitmap_index = 6427, .adv_w = 165, .box_w = 9, .box_h = 9, .ofs_x = 1, .ofs_y = 2},
    {.bitmap_index = 6466, .adv_w = 225, .box_w = 12, .box_h = 15, .ofs_x = 1, .ofs_y = -1},
    {.bitmap_index = 6552, .adv_w = 211, .box_w = 11, .box_h = 18, .ofs_x = 1, .ofs_y = 0},
    {.bitmap_index = 6603, .adv_w = 211, .box_w = 11, .box_h = 18, .ofs_x = 1, .ofs_y = 0},
    {.bitmap_index = 6654, .adv_w = 211, .box_w = 11, .box_h = 18, .ofs_x = 1, .ofs_y = 0},
    {.bitmap_index = 6710, .adv_w = 211, .box_w = 11, .box_h = 17, .ofs_x = 1, .ofs_y = 0},
    {.bitmap_index = 6758, .adv_w = 163, .box_w = 11, .box_h = 18, .ofs_x = 0, .ofs_y = 0},
    {.bitmap_index = 6821, .adv_w = 174, .box_w = 9, .box_h = 13, .ofs_x = 1, .ofs_y = 0},
    {.bitmap_index = 6870, .adv_w = 182, .box_w = 10, .box_h = 14, .ofs_x = 1, .ofs_y = 0},
    {.bitmap_index = 6929, .adv_w = 162, .box_w = 9, .box_h = 14, .ofs_x = 0, .ofs_y = 0},
    {.bitmap_index = 6987, .adv_w = 162, .box_w = 9, .box_h = 14, .ofs_x = 0, .ofs_y = 0},
    {.bitmap_index = 7044, .adv_w = 162, .box_w = 9, .box_h = 14, .ofs_x = 0, .ofs_y = 0},
    {.bitmap_index = 7105, .adv_w = 162, .box_w = 9, .box_h = 13, .ofs_x = 0, .ofs_y = 0},
    {.bitmap_index = 7163, .adv_w = 162, .box_w = 9, .box_h = 13, .ofs_x = 0, .ofs_y = 0},
    {.bitmap_index = 7220, .adv_w = 162, .box_w = 9, .box_h = 15, .ofs_x = 0, .ofs_y = 0},
    {.bitmap_index = 7280, .adv_w = 249, .box_w = 15, .box_h = 10, .ofs_x = 0, .ofs_y = 0},
    {.bitmap_index = 7351, .adv_w = 138, .box_w = 9, .box_h = 14, .ofs_x = 0, .ofs_y = -4},
    {.bitmap_index = 7403, .adv_w = 162, .box_w = 10, .box_h = 14, .ofs_x = 0, .ofs_y = 0},
    {.bitmap_index = 7463, .adv_w = 162, .box_w = 10, .box_h = 14, .ofs_x = 0, .ofs_y = 0},
    {.bitmap_index = 7522, .adv_w = 162, .box_w = 10, .box_h = 14, .ofs_x = 0, .ofs_y = 0},
    {.bitmap_index = 7584, .adv_w = 162, .box_w = 10, .box_h = 13, .ofs_x = 0, .ofs_y = 0},
    {.bitmap_index = 7643, .adv_w = 74, .box_w = 5, .box_h = 14, .ofs_x = -1, .ofs_y = 0},
    {.bitmap_index = 7659, .adv_w = 74, .box_w = 4, .box_h = 14, .ofs_x = 1, .ofs_y = 0},
    {.bitmap_index = 7672, .adv_w = 74, .box_w = 7, .box_h = 14, .ofs_x = -1, .ofs_y = 0},
    {.bitmap_index = 7692, .adv_w = 74, .box_w = 6, .box_h = 13, .ofs_x = -1, .ofs_y = 0},
    {.bitmap_index = 7707, .adv_w = 174, .box_w = 10, .box_h = 15, .ofs_x = 0, .ofs_y = 0},
    {.bitmap_index = 7777, .adv_w = 178, .box_w = 9, .box_h = 13, .ofs_x = 1, .ofs_y = 0},
    {.bitmap_index = 7817, .adv_w = 174, .box_w = 10, .box_h = 14, .ofs_x = 0, .ofs_y = 0},
    {.bitmap_index = 7875, .adv_w = 174, .box_w = 10, .box_h = 14, .ofs_x = 0, .ofs_y = 0},
    {.bitmap_index = 7933, .adv_w = 174, .box_w = 10, .box_h = 14, .ofs_x = 0, .ofs_y = 0},
    {.bitmap_index = 7995, .adv_w = 174, .box_w = 10, .box_h = 14, .ofs_x = 0, .ofs_y = 0},
    {.bitmap_index = 8055, .adv_w = 174, .box_w = 10, .box_h = 13, .ofs_x = 0, .ofs_y = 0},
    {.bitmap_index = 8112, .adv_w = 165, .box_w = 10, .box_h = 9, .ofs_x = 0, .ofs_y = 2},
    {.bitmap_index = 8144, .adv_w = 174, .box_w = 10, .box_h = 12, .ofs_x = 0, .ofs_y = -1},
    {.bitmap_index = 8202, .adv_w = 178, .box_w = 9, .box_h = 14, .ofs_x = 1, .ofs_y = 0},
    {.bitmap_index = 8237, .adv_w = 178, .box_w = 9, .box_h = 14, .ofs_x = 1, .ofs_y = 0},
    {.bitmap_index = 8273, .adv_w = 178, .box_w = 9, .box_h = 14, .ofs_x = 1, .ofs_y = 0},
    {.bitmap_index = 8312, .adv_w = 178, .box_w = 9, .box_h = 13, .ofs_x = 1, .ofs_y = 0},
    {.bitmap_index = 8346, .adv_w = 147, .box_w = 10, .box_h = 18, .ofs_x = 0, .ofs_y = -4},
    {.bitmap_index = 8420, .adv_w = 177, .box_w = 10, .box_h = 18, .ofs_x = 1, .ofs_y = -4},
    {.bitmap_index = 8473, .adv_w = 147, .box_w = 10, .box_h = 17, .ofs_x = 0, .ofs_y = -4},
    {.bitmap_index = 8545, .adv_w = 184, .box_w = 12, .box_h = 17, .ofs_x = 0, .ofs_y = 0},
    {.bitmap_index = 8619, .adv_w = 162, .box_w = 9, .box_h = 13, .ofs_x = 0, .ofs_y = 0},
    {.bitmap_index = 8674, .adv_w = 184, .box_w = 12, .box_h = 17, .ofs_x = 0, .ofs_y = 0},
    {.bitmap_index = 8752, .adv_w = 162, .box_w = 9, .box_h = 14, .ofs_x = 0, .ofs_y = 0},
    {.bitmap_index = 8812, .adv_w = 184, .box_w = 12, .box_h = 17, .ofs_x = 0, .ofs_y = -4},
    {.bitmap_index = 8889, .adv_w = 162, .box_w = 10, .box_h = 14, .ofs_x = 0, .ofs_y = -4},
    {.bitmap_index = 8951, .adv_w = 182, .box_w = 10, .box_h = 18, .ofs_x = 1, .ofs_y = 0},
    {.bitmap_index = 9019, .adv_w = 138, .box_w = 9, .box_h = 14, .ofs_x = 0, .ofs_y = 0},
    {.bitmap_index = 9069, .adv_w = 182, .box_w = 10, .box_h = 18, .ofs_x = 1, .ofs_y = 0},
    {.bitmap_index = 9142, .adv_w = 138, .box_w = 9, .box_h = 14, .ofs_x = 0, .ofs_y = 0},
    {.bitmap_index = 9195, .adv_w = 182, .box_w = 10, .box_h = 17, .ofs_x = 1, .ofs_y = 0},
    {.bitmap_index = 9257, .adv_w = 138, .box_w = 9, .box_h = 14, .ofs_x = 0, .ofs_y = 0},
    {.bitmap_index = 9304, .adv_w = 182, .box_w = 10, .box_h = 18, .ofs_x = 1, .ofs_y = 0},
    {.bitmap_index = 9377, .adv_w = 138, .box_w = 9, .box_h = 14, .ofs_x = 0, .ofs_y = 0},
    {.bitmap_index = 9430, .adv_w = 210, .box_w = 12, .box_h = 18, .ofs_x = 1, .ofs_y = 0},
    {.bitmap_index = 9507, .adv_w = 177, .box_w = 13, .box_h = 14, .ofs_x = 0, .ofs_y = 0},
    {.bitmap_index = 9569, .adv_w = 210, .box_w = 13, .box_h = 13, .ofs_x = 0, .ofs_y = 0},
    {.bitmap_index = 9638, .adv_w = 178, .box_w = 11, .box_h = 14, .ofs_x = 0, .ofs_y = 0},
    {.bitmap_index = 9699, .adv_w = 160, .box_w = 8, .box_h = 17, .ofs_x = 1, .ofs_y = 0},
    {.bitmap_index = 9743, .adv_w = 162, .box_w = 10, .box_h = 14, .ofs_x = 0, .ofs_y = 0},
    {.bitmap_index = 9803, .adv_w = 160, .box_w = 8, .box_h = 17, .ofs_x = 1, .ofs_y = 0},
    {.bitmap_index = 9852, .adv_w = 162, .box_w = 10, .box_h = 14, .ofs_x = 0, .ofs_y = 0},
    {.bitmap_index = 9915, .adv_w = 160, .box_w = 8, .box_h = 17, .ofs_x = 1, .ofs_y = 0},
    {.bitmap_index = 9958, .adv_w = 162, .box_w = 10, .box_h = 14, .ofs_x = 0, .ofs_y = 0},
    {.bitmap_index = 10014, .adv_w = 160, .box_w = 8, .box_h = 17, .ofs_x = 1, .ofs_y = -4},
    {.bitmap_index = 10060, .adv_w = 162, .box_w = 10, .box_h = 14, .ofs_x = 0, .ofs_y = -4},
    {.bitmap_index = 10121, .adv_w = 160, .box_w = 8, .box_h = 18, .ofs_x = 1, .ofs_y = 0},
    {.bitmap_index = 10174, .adv_w = 162, .box_w = 10, .box_h = 14, .ofs_x = 0, .ofs_y = 0},
    {.bitmap_index = 10236, .adv_w = 210, .box_w = 11, .box_h = 18, .ofs_x = 1, .ofs_y = 0},
    {.bitmap_index = 10318, .adv_w = 177, .box_w = 10, .box_h = 18, .ofs_x = 0, .ofs_y = -4},
    {.bitmap_index = 10397, .adv_w = 210, .box_w = 11, .box_h = 17, .ofs_x = 1, .ofs_y = 0},
    {.bitmap_index = 10474, .adv_w = 177, .box_w = 10, .box_h = 18, .ofs_x = 0, .ofs_y = -4},
    {.bitmap_index = 10552, .adv_w = 210, .box_w = 11, .box_h = 17, .ofs_x = 1, .ofs_y = 0},
    {.bitmap_index = 10624, .adv_w = 177, .box_w = 10, .box_h = 18, .ofs_x = 0, .ofs_y = -4},
    {.bitmap_index = 10697, .adv_w = 210, .box_w = 11, .box_h = 17, .ofs_x = 1, .ofs_y = -4},
    {.bitmap_index = 10774, .adv_w = 177, .box_w = 10, .box_h = 18, .ofs_x = 0, .ofs_y = -4},
    {.bitmap_index = 10848, .adv_w = 213, .box_w = 11, .box_h = 18, .ofs_x = 1, .ofs_y = 0},
    {.bitmap_index = 10893, .adv_w = 178, .box_w = 11, .box_h = 18, .ofs_x = -1, .ofs_y = 0},
    {.bitmap_index = 10942, .adv_w = 213, .box_w = 14, .box_h = 13, .ofs_x = 0, .ofs_y = 0},
    {.bitmap_index = 10989, .adv_w = 178, .box_w = 10, .box_h = 14, .ofs_x = 0, .ofs_y = 0},
    {.bitmap_index = 11030, .adv_w = 98, .box_w = 8, .box_h = 18, .ofs_x = -1, .ofs_y = 0},
    {.bitmap_index = 11068, .adv_w = 74, .box_w = 7, .box_h = 13, .ofs_x = -1, .ofs_y = 0},
    {.bitmap_index = 11085, .adv_w = 98, .box_w = 6, .box_h = 17, .ofs_x = 0, .ofs_y = 0},
    {.bitmap_index = 11111, .adv_w = 74, .box_w = 6, .box_h = 13, .ofs_x = -1, .ofs_y = 0},
    {.bitmap_index = 11124, .adv_w = 98, .box_w = 6, .box_h = 17, .ofs_x = 0, .ofs_y = 0},
    {.bitmap_index = 11154, .adv_w = 74, .box_w = 7, .box_h = 14, .ofs_x = -1, .ofs_y = 0},
    {.bitmap_index = 11174, .adv_w = 98, .box_w = 6, .box_h = 17, .ofs_x = 0, .ofs_y = -4},
    {.bitmap_index = 11203, .adv_w = 74, .box_w = 4, .box_h = 18, .ofs_x = 0, .ofs_y = -4},
    {.bitmap_index = 11223, .adv_w = 98, .box_w = 6, .box_h = 17, .ofs_x = 0, .ofs_y = 0},
    {.bitmap_index = 11249, .adv_w = 74, .box_w = 3, .box_h = 10, .ofs_x = 1, .ofs_y = 0},
    {.bitmap_index = 11254, .adv_w = 176, .box_w = 10, .box_h = 17, .ofs_x = 0, .ofs_y = -4},
    {.bitmap_index = 11296, .adv_w = 149, .box_w = 7, .box_h = 18, .ofs_x = 1, .ofs_y = -4},
    {.bitmap_index = 11327, .adv_w = 79, .box_w = 8, .box_h = 21, .ofs_x = -2, .ofs_y = -4},
    {.bitmap_index = 11366, .adv_w = 74, .box_w = 7, .box_h = 18, .ofs_x = -1, .ofs_y = -4},
    {.bitmap_index = 11395, .adv_w = 178, .box_w = 11, .box_h = 17, .ofs_x = 1, .ofs_y = -4},
    {.bitmap_index = 11461, .adv_w = 154, .box_w = 9, .box_h = 18, .ofs_x = 1, .ofs_y = -4},
    {.bitmap_index = 11514, .adv_w = 154, .box_w = 9, .box_h = 10, .ofs_x = 1, .ofs_y = 0},
    {.bitmap_index = 11552, .adv_w = 151, .box_w = 8, .box_h = 18, .ofs_x = 1, .ofs_y = 0},
    {.bitmap_index = 11581, .adv_w = 74, .box_w = 4, .box_h = 18, .ofs_x = 1, .ofs_y = 0},
    {.bitmap_index = 11594, .adv_w = 151, .box_w = 8, .box_h = 17, .ofs_x = 1, .ofs_y = -4},
    {.bitmap_index = 11619, .adv_w = 74, .box_w = 3, .box_h = 18, .ofs_x = 1, .ofs_y = -4},
    {.bitmap_index = 11630, .adv_w = 151, .box_w = 8, .box_h = 13, .ofs_x = 1, .ofs_y = 0},
    {.bitmap_index = 11651, .adv_w = 74, .box_w = 6, .box_h = 14, .ofs_x = 1, .ofs_y = 0},
    {.bitmap_index = 11665, .adv_w = 151, .box_w = 8, .box_h = 13, .ofs_x = 1, .ofs_y = 0},
    {.bitmap_index = 11685, .adv_w = 77, .box_w = 5, .box_h = 14, .ofs_x = 1, .ofs_y = 0},
    {.bitmap_index = 11700, .adv_w = 151, .box_w = 9, .box_h = 13, .ofs_x = 0, .ofs_y = 0},
    {.bitmap_index = 11731, .adv_w = 74, .box_w = 6, .box_h = 14, .ofs_x = -1, .ofs_y = 0},
    {.bitmap_index = 11753, .adv_w = 219, .box_w = 11, .box_h = 18, .ofs_x = 1, .ofs_y = 0},
    {.bitmap_index = 11818, .adv_w = 178, .box_w = 9, .box_h = 14, .ofs_x = 1, .ofs_y = 0},
    {.bitmap_index = 11858, .adv_w = 219, .box_w = 11, .box_h = 17, .ofs_x = 1, .ofs_y = -4},
    {.bitmap_index = 11920, .adv_w = 178, .box_w = 9, .box_h = 14, .ofs_x = 1, .ofs_y = -4},
    {.bitmap_index = 11960, .adv_w = 219, .box_w = 11, .box_h = 18, .ofs_x = 1, .ofs_y = 0},
    {.bitmap_index = 12030, .adv_w = 178, .box_w = 9, .box_h = 14, .ofs_x = 1, .ofs_y = 0},
    {.bitmap_index = 12073, .adv_w = 198, .box_w = 11, .box_h = 13, .ofs_x = 0, .ofs_y = 0},
    {.bitmap_index = 12110, .adv_w = 219, .box_w = 11, .box_h = 17, .ofs_x = 1, .ofs_y = -4},
    {.bitmap_index = 12173, .adv_w = 178, .box_w = 9, .box_h = 14, .ofs_x = 1, .ofs_y = -4},
    {.bitmap_index = 12212, .adv_w = 225, .box_w = 12, .box_h = 17, .ofs_x = 1, .ofs_y = 0},
    {.bitmap_index = 12293, .adv_w = 174, .box_w = 10, .box_h = 14, .ofs_x = 0, .ofs_y = 0},
    {.bitmap_index = 12352, .adv_w = 225, .box_w = 12, .box_h = 17, .ofs_x = 1, .ofs_y = 0},
    {.bitmap_index = 12436, .adv_w = 174, .box_w = 10, .box_h = 14, .ofs_x = 0, .ofs_y = 0},
    {.bitmap_index = 12498, .adv_w = 225, .box_w = 12, .box_h = 18, .ofs_x = 1, .ofs_y = 0},
    {.bitmap_index = 12586, .adv_w = 174, .box_w = 10, .box_h = 14, .ofs_x = 0, .ofs_y = 0},
    {.bitmap_index = 12649, .adv_w = 267, .box_w = 15, .box_h = 13, .ofs_x = 1, .ofs_y = 0},
    {.bitmap_index = 12721, .adv_w = 272, .box_w = 17, .box_h = 10, .ofs_x = 0, .ofs_y = 0},
    {.bitmap_index = 12798, .adv_w = 179, .box_w = 10, .box_h = 18, .ofs_x = 1, .ofs_y = 0},
    {.bitmap_index = 12867, .adv_w = 119, .box_w = 7, .box_h = 14, .ofs_x = 1, .ofs_y = 0},
    {.bitmap_index = 12900, .adv_w = 179, .box_w = 10, .box_h = 17, .ofs_x = 1, .ofs_y = -4},
    {.bitmap_index = 12967, .adv_w = 119, .box_w = 7, .box_h = 14, .ofs_x = 1, .ofs_y = -4},
    {.bitmap_index = 12999, .adv_w = 179, .box_w = 10, .box_h = 18, .ofs_x = 1, .ofs_y = 0},
    {.bitmap_index = 13073, .adv_w = 119, .box_w = 7, .box_h = 14, .ofs_x = 1, .ofs_y = 0},
    {.bitmap_index = 13107, .adv_w = 158, .box_w = 10, .box_h = 18, .ofs_x = 0, .ofs_y = 0},
    {.bitmap_index = 13178, .adv_w = 138, .box_w = 8, .box_h = 14, .ofs_x = 0, .ofs_y = 0},
    {.bitmap_index = 13229, .adv_w = 158, .box_w = 10, .box_h = 18, .ofs_x = 0, .ofs_y = 0},
    {.bitmap_index = 13304, .adv_w = 138, .box_w = 8, .box_h = 14, .ofs_x = 0, .ofs_y = 0},
    {.bitmap_index = 13357, .adv_w = 158, .box_w = 10, .box_h = 17, .ofs_x = 0, .ofs_y = -4},
    {.bitmap_index = 13429, .adv_w = 138, .box_w = 8, .box_h = 14, .ofs_x = 0, .ofs_y = -4},
    {.bitmap_index = 13481, .adv_w = 158, .box_w = 10, .box_h = 18, .ofs_x = 0, .ofs_y = 0},
    {.bitmap_index = 13556, .adv_w = 138, .box_w = 8, .box_h = 14, .ofs_x = 0, .ofs_y = 0},
    {.bitmap_index = 13609, .adv_w = 160, .box_w = 10, .box_h = 17, .ofs_x = 0, .ofs_y = -4},
    {.bitmap_index = 13640, .adv_w = 104, .box_w = 7, .box_h = 17, .ofs_x = 0, .ofs_y = -4},
    {.bitmap_index = 13685, .adv_w = 160, .box_w = 10, .box_h = 18, .ofs_x = 0, .ofs_y = 0},
    {.bitmap_index = 13724, .adv_w = 104, .box_w = 9, .box_h = 14, .ofs_x = 0, .ofs_y = 0},
    {.bitmap_index = 13767, .adv_w = 160, .box_w = 10, .box_h = 13, .ofs_x = 0, .ofs_y = 0},
    {.bitmap_index = 13805, .adv_w = 104, .box_w = 7, .box_h = 13, .ofs_x = 0, .ofs_y = 0},
    {.bitmap_index = 13846, .adv_w = 211, .box_w = 11, .box_h = 18, .ofs_x = 1, .ofs_y = 0},
    {.bitmap_index = 13901, .adv_w = 178, .box_w = 9, .box_h = 13, .ofs_x = 1, .ofs_y = 0},
    {.bitmap_index = 13937, .adv_w = 211, .box_w = 11, .box_h = 17, .ofs_x = 1, .ofs_y = 0},
    {.bitmap_index = 13984, .adv_w = 178, .box_w = 9, .box_h = 13, .ofs_x = 1, .ofs_y = 0},
    {.bitmap_index = 14016, .adv_w = 211, .box_w = 11, .box_h = 17, .ofs_x = 1, .ofs_y = 0},
    {.bitmap_index = 14067, .adv_w = 178, .box_w = 9, .box_h = 14, .ofs_x = 1, .ofs_y = 0},
    {.bitmap_index = 14107, .adv_w = 211, .box_w = 11, .box_h = 18, .ofs_x = 1, .ofs_y = 0},
    {.bitmap_index = 14159, .adv_w = 178, .box_w = 9, .box_h = 15, .ofs_x = 1, .ofs_y = 0},
    {.bitmap_index = 14199, .adv_w = 211, .box_w = 11, .box_h = 18, .ofs_x = 1, .ofs_y = 0},
    {.bitmap_index = 14253, .adv_w = 178, .box_w = 9, .box_h = 14, .ofs_x = 1, .ofs_y = 0},
    {.bitmap_index = 14293, .adv_w = 211, .box_w = 11, .box_h = 17, .ofs_x = 1, .ofs_y = -4},
    {.bitmap_index = 14341, .adv_w = 178, .box_w = 9, .box_h = 14, .ofs_x = 1, .ofs_y = -4},
    {.bitmap_index = 14378, .adv_w = 268, .box_w = 17, .box_h = 18, .ofs_x = 0, .ofs_y = 0},
    {.bitmap_index = 14506, .adv_w = 226, .box_w = 14, .box_h = 14, .ofs_x = 0, .ofs_y = 0},
    {.bitmap_index = 14596, .adv_w = 163, .box_w = 11, .box_h = 18, .ofs_x = 0, .ofs_y = 0},
    {.bitmap_index = 14662, .adv_w = 147, .box_w = 10, .box_h = 18, .ofs_x = 0, .ofs_y = -4},
    {.bitmap_index = 14739, .adv_w = 163, .box_w = 11, .box_h = 17, .ofs_x = 0, .ofs_y = 0},
    {.bitmap_index = 14800, .adv_w = 165, .box_w = 10, .box_h = 18, .ofs_x = 0, .ofs_y = 0},
    {.bitmap_index = 14864, .adv_w = 135, .box_w = 8, .box_h = 14, .ofs_x = 0, .ofs_y = 0},
    {.bitmap_index = 14911, .adv_w = 165, .box_w = 10, .box_h = 17, .ofs_x = 0, .ofs_y = 0},
    {.bitmap_index = 14970, .adv_w = 135, .box_w = 8, .box_h = 14, .ofs_x = 0, .ofs_y = 0},
    {.bitmap_index = 15014, .adv_w = 165, .box_w = 10, .box_h = 18, .ofs_x = 0, .ofs_y = 0},
    {.bitmap_index = 15082, .adv_w = 135, .box_w = 8, .box_h = 14, .ofs_x = 0, .ofs_y = 0},
    {.bitmap_index = 15132, .adv_w = 94, .box_w = 6, .box_h = 14, .ofs_x = 1, .ofs_y = 0},
    {.bitmap_index = 15146, .adv_w = 160, .box_w = 8, .box_h = 18, .ofs_x = 1, .ofs_y = 0},
    {.bitmap_index = 15195, .adv_w = 160, .box_w = 8, .box_h = 17, .ofs_x = 1, .ofs_y = 0},
    {.bitmap_index = 15241, .adv_w = 206, .box_w = 12, .box_h = 13, .ofs_x = 0, .ofs_y = 0},
    {.bitmap_index = 15294, .adv_w = 147, .box_w = 8, .box_h = 18, .ofs_x = 1, .ofs_y = 0},
    {.bitmap_index = 15324, .adv_w = 184, .box_w = 10, .box_h = 13, .ofs_x = 1, .ofs_y = 0},
    {.bitmap_index = 15378, .adv_w = 158, .box_w = 10, .box_h = 13, .ofs_x = 0, .ofs_y = 0},
    {.bitmap_index = 15433, .adv_w = 82, .box_w = 3, .box_h = 13, .ofs_x = 1, .ofs_y = 0},
    {.bitmap_index = 15438, .adv_w = 82, .box_w = 5, .box_h = 17, .ofs_x = 0, .ofs_y = 0},
    {.bitmap_index = 15452, .adv_w = 79, .box_w = 6, .box_h = 17, .ofs_x = -2, .ofs_y = -4},
    {.bitmap_index = 15469, .adv_w = 291, .box_w = 18, .box_h = 13, .ofs_x = 0, .ofs_y = 0},
    {.bitmap_index = 15550, .adv_w = 296, .box_w = 17, .box_h = 13, .ofs_x = 1, .ofs_y = 0},
    {.bitmap_index = 15605, .adv_w = 206, .box_w = 12, .box_h = 13, .ofs_x = 0, .ofs_y = 0},
    {.bitmap_index = 15649, .adv_w = 180, .box_w = 11, .box_h = 18, .ofs_x = 1, .ofs_y = 0},
    {.bitmap_index = 15718, .adv_w = 218, .box_w = 11, .box_h = 18, .ofs_x = 1, .ofs_y = 0},
    {.bitmap_index = 15783, .adv_w = 177, .box_w = 12, .box_h = 17, .ofs_x = 0, .ofs_y = 0},
    {.bitmap_index = 15864, .adv_w = 211, .box_w = 11, .box_h = 16, .ofs_x = 1, .ofs_y = -3},
    {.bitmap_index = 15891, .adv_w = 184, .box_w = 12, .box_h = 13, .ofs_x = 0, .ofs_y = 0},
    {.bitmap_index = 15952, .adv_w = 177, .box_w = 10, .box_h = 13, .ofs_x = 1, .ofs_y = 0},
    {.bitmap_index = 16003, .adv_w = 187, .box_w = 10, .box_h = 13, .ofs_x = 1, .ofs_y = 0},
    {.bitmap_index = 16060, .adv_w = 147, .box_w = 8, .box_h = 13, .ofs_x = 1, .ofs_y = 0},
    {.bitmap_index = 16075, .adv_w = 210, .box_w = 13, .box_h = 16, .ofs_x = 0, .ofs_y = -3},
    {.bitmap_index = 16138, .adv_w = 160, .box_w = 8, .box_h = 13, .ofs_x = 1, .ofs_y = 0},
    {.bitmap_index = 16172, .adv_w = 261, .box_w = 17, .box_h = 13, .ofs_x = 0, .ofs_y = 0},
    {.bitmap_index = 16259, .adv_w = 166, .box_w = 10, .box_h = 13, .ofs_x = 0, .ofs_y = 0},
    {.bitmap_index = 16316, .adv_w = 218, .box_w = 11, .box_h = 13, .ofs_x = 1, .ofs_y = 0},
    {.bitmap_index = 16363, .adv_w = 218, .box_w = 11, .box_h = 17, .ofs_x = 1, .ofs_y = 0},
    {.bitmap_index = 16430, .adv_w = 180, .box_w = 11, .box_h = 13, .ofs_x = 1, .ofs_y = 0},
    {.bitmap_index = 16481, .adv_w = 201, .box_w = 11, .box_h = 13, .ofs_x = 0, .ofs_y = 0},
    {.bitmap_index = 16527, .adv_w = 261, .box_w = 14, .box_h = 13, .ofs_x = 1, .ofs_y = 0},
    {.bitmap_index = 16595, .adv_w = 214, .box_w = 11, .box_h = 13, .ofs_x = 1, .ofs_y = 0},
    {.bitmap_index = 16618, .adv_w = 219, .box_w = 12, .box_h = 13, .ofs_x = 1, .ofs_y = 0},
    {.bitmap_index = 16686, .adv_w = 211, .box_w = 11, .box_h = 13, .ofs_x = 1, .ofs_y = 0},
    {.bitmap_index = 16703, .adv_w = 174, .box_w = 9, .box_h = 13, .ofs_x = 1, .ofs_y = 0},
    {.bitmap_index = 16746, .adv_w = 184, .box_w = 10, .box_h = 13, .ofs_x = 1, .ofs_y = 0},
    {.bitmap_index = 16797, .adv_w = 160, .box_w = 10, .box_h = 13, .ofs_x = 0, .ofs_y = 0},
    {.bitmap_index = 16815, .adv_w = 177, .box_w = 12, .box_h = 13, .ofs_x = 0, .ofs_y = 0},
    {.bitmap_index = 16878, .adv_w = 235, .box_w = 14, .box_h = 13, .ofs_x = 0, .ofs_y = 0},
    {.bitmap_index = 16951, .adv_w = 169, .box_w = 11, .box_h = 13, .ofs_x = 0, .ofs_y = 0},
    {.bitmap_index = 17014, .adv_w = 213, .box_w = 13, .box_h = 16, .ofs_x = 1, .ofs_y = -3},
    {.bitmap_index = 17041, .adv_w = 194, .box_w = 10, .box_h = 13, .ofs_x = 1, .ofs_y = 0},
    {.bitmap_index = 17072, .adv_w = 298, .box_w = 16, .box_h = 13, .ofs_x = 1, .ofs_y = 0},
    {.bitmap_index = 17101, .adv_w = 295, .box_w = 18, .box_h = 16, .ofs_x = 1, .ofs_y = -3},
    {.bitmap_index = 17139, .adv_w = 197, .box_w = 12, .box_h = 13, .ofs_x = 0, .ofs_y = 0},
    {.bitmap_index = 17191, .adv_w = 245, .box_w = 13, .box_h = 13, .ofs_x = 1, .ofs_y = 0},
    {.bitmap_index = 17239, .adv_w = 175, .box_w = 10, .box_h = 13, .ofs_x = 1, .ofs_y = 0},
    {.bitmap_index = 17278, .adv_w = 186, .box_w = 11, .box_h = 13, .ofs_x = 0, .ofs_y = 0},
    {.bitmap_index = 17337, .adv_w = 288, .box_w = 16, .box_h = 13, .ofs_x = 1, .ofs_y = 0},
    {.bitmap_index = 17420, .adv_w = 184, .box_w = 10, .box_h = 13, .ofs_x = 0, .ofs_y = 0},
    {.bitmap_index = 17475, .adv_w = 160, .box_w = 9, .box_h = 10, .ofs_x = 0, .ofs_y = 0},
    {.bitmap_index = 17519, .adv_w = 172, .box_w = 10, .box_h = 15, .ofs_x = 0, .ofs_y = 0},
    {.bitmap_index = 17588, .adv_w = 162, .box_w = 9, .box_h = 10, .ofs_x = 1, .ofs_y = 0},
    {.bitmap_index = 17629, .adv_w = 126, .box_w = 7, .box_h = 10, .ofs_x = 1, .ofs_y = 0},
    {.bitmap_index = 17641, .adv_w = 175, .box_w = 11, .box_h = 13, .ofs_x = 0, .ofs_y = -3},
    {.bitmap_index = 17691, .adv_w = 159, .box_w = 10, .box_h = 10, .ofs_x = 0, .ofs_y = 0},
    {.bitmap_index = 17737, .adv_w = 219, .box_w = 14, .box_h = 10, .ofs_x = 0, .ofs_y = 0},
    {.bitmap_index = 17798, .adv_w = 141, .box_w = 8, .box_h = 10, .ofs_x = 0, .ofs_y = 0},
    {.bitmap_index = 17838, .adv_w = 179, .box_w = 9, .box_h = 10, .ofs_x = 1, .ofs_y = 0},
    {.bitmap_index = 17871, .adv_w = 179, .box_w = 9, .box_h = 14, .ofs_x = 1, .ofs_y = 0},
    {.bitmap_index = 17922, .adv_w = 153, .box_w = 9, .box_h = 10, .ofs_x = 1, .ofs_y = 0},
    {.bitmap_index = 17958, .adv_w = 169, .box_w = 10, .box_h = 10, .ofs_x = 0, .ofs_y = 0},
    {.bitmap_index = 17992, .adv_w = 221, .box_w = 12, .box_h = 10, .ofs_x = 1, .ofs_y = 0},
    {.bitmap_index = 18040, .adv_w = 177, .box_w = 9, .box_h = 10, .ofs_x = 1, .ofs_y = 0},
    {.bitmap_index = 18063, .adv_w = 171, .box_w = 10, .box_h = 10, .ofs_x = 0, .ofs_y = 0},
    {.bitmap_index = 18108, .adv_w = 175, .box_w = 9, .box_h = 10, .ofs_x = 1, .ofs_y = 0},
    {.bitmap_index = 18121, .adv_w = 175, .box_w = 10, .box_h = 14, .ofs_x = 1, .ofs_y = -4},
    {.bitmap_index = 18172, .adv_w = 142, .box_w = 9, .box_h = 10, .ofs_x = 0, .ofs_y = 0},
    {.bitmap_index = 18210, .adv_w = 134, .box_w = 9, .box_h = 10, .ofs_x = 0, .ofs_y = 0},
    {.bitmap_index = 18225, .adv_w = 147, .box_w = 10, .box_h = 14, .ofs_x = 0, .ofs_y = -4},
    {.bitmap_index = 18284, .adv_w = 212, .box_w = 13, .box_h = 19, .ofs_x = 0, .ofs_y = -4},
    {.bitmap_index = 18357, .adv_w = 147, .box_w = 10, .box_h = 10, .ofs_x = 0, .ofs_y = 0},
    {.bitmap_index = 18404, .adv_w = 176, .box_w = 10, .box_h = 13, .ofs_x = 1, .ofs_y = -3},
    {.bitmap_index = 18427, .adv_w = 170, .box_w = 9, .box_h = 10, .ofs_x = 1, .ofs_y = 0},
    {.bitmap_index = 18456, .adv_w = 257, .box_w = 14, .box_h = 10, .ofs_x = 1, .ofs_y = 0},
    {.bitmap_index = 18480, .adv_w = 258, .box_w = 15, .box_h = 13, .ofs_x = 1, .ofs_y = -3},
    {.bitmap_index = 18515, .adv_w = 179, .box_w = 11, .box_h = 10, .ofs_x = 0, .ofs_y = 0},
    {.bitmap_index = 18556, .adv_w = 219, .box_w = 12, .box_h = 10, .ofs_x = 1, .ofs_y = 0},
    {.bitmap_index = 18591, .adv_w = 157, .box_w = 8, .box_h = 10, .ofs_x = 1, .ofs_y = 0},
    {.bitmap_index = 18620, .adv_w = 142, .box_w = 9, .box_h = 10, .ofs_x = 0, .ofs_y = 0},
    {.bitmap_index = 18663, .adv_w = 230, .box_w = 13, .box_h = 10, .ofs_x = 1, .ofs_y = 0},
    {.bitmap_index = 18721, .adv_w = 166, .box_w = 9, .box_h = 10, .ofs_x = 0, .ofs_y = 0},
    {.bitmap_index = 18761, .adv_w = 159, .box_w = 10, .box_h = 14, .ofs_x = 0, .ofs_y = 0},
    {.bitmap_index = 18820, .adv_w = 159, .box_w = 10, .box_h = 13, .ofs_x = 0, .ofs_y = 0},
    {.bitmap_index = 18879, .adv_w = 178, .box_w = 10, .box_h = 18, .ofs_x = 0, .ofs_y = -4},
    {.bitmap_index = 18937, .adv_w = 126, .box_w = 7, .box_h = 14, .ofs_x = 1, .ofs_y = 0},
    {.bitmap_index = 18963, .adv_w = 142, .box_w = 9, .box_h = 10, .ofs_x = 0, .ofs_y = 0},
    {.bitmap_index = 19006, .adv_w = 135, .box_w = 8, .box_h = 10, .ofs_x = 0, .ofs_y = 0},
    {.bitmap_index = 19045, .adv_w = 74, .box_w = 3, .box_h = 13, .ofs_x = 1, .ofs_y = 0},
    {.bitmap_index = 19055, .adv_w = 74, .box_w = 5, .box_h = 13, .ofs_x = 0, .ofs_y = 0},
    {.bitmap_index = 19067, .adv_w = 74, .box_w = 5, .box_h = 17, .ofs_x = -1, .ofs_y = -4},
    {.bitmap_index = 19087, .adv_w = 247, .box_w = 15, .box_h = 10, .ofs_x = 0, .ofs_y = 0},
    {.bitmap_index = 19146, .adv_w = 256, .box_w = 15, .box_h = 10, .ofs_x = 1, .ofs_y = 0},
    {.bitmap_index = 19193, .adv_w = 179, .box_w = 10, .box_h = 14, .ofs_x = 0, .ofs_y = 0},
    {.bitmap_index = 19236, .adv_w = 153, .box_w = 9, .box_h = 14, .ofs_x = 1, .ofs_y = 0},
    {.bitmap_index = 19286, .adv_w = 179, .box_w = 9, .box_h = 14, .ofs_x = 1, .ofs_y = 0},
    {.bitmap_index = 19332, .adv_w = 147, .box_w = 10, .box_h = 17, .ofs_x = 0, .ofs_y = -4},
    {.bitmap_index = 19403, .adv_w = 175, .box_w = 9, .box_h = 13, .ofs_x = 1, .ofs_y = -3},
    {.bitmap_index = 19428, .adv_w = 265, .box_w = 17, .box_h = 13, .ofs_x = 0, .ofs_y = 0},
    {.bitmap_index = 19528, .adv_w = 227, .box_w = 14, .box_h = 10, .ofs_x = 0, .ofs_y = 0},
    {.bitmap_index = 19595, .adv_w = 194, .box_w = 12, .box_h = 13, .ofs_x = 0, .ofs_y = 0},
    {.bitmap_index = 19657, .adv_w = 183, .box_w = 11, .box_h = 12, .ofs_x = 0, .ofs_y = 0},
    {.bitmap_index = 19707, .adv_w = 266, .box_w = 16, .box_h = 13, .ofs_x = 1, .ofs_y = 0},
    {.bitmap_index = 19782, .adv_w = 214, .box_w = 12, .box_h = 10, .ofs_x = 1, .ofs_y = 0},
    {.bitmap_index = 19834, .adv_w = 197, .box_w = 13, .box_h = 13, .ofs_x = 0, .ofs_y = 0},
    {.bitmap_index = 19901, .adv_w = 165, .box_w = 11, .box_h = 10, .ofs_x = 0, .ofs_y = 0},
    {.bitmap_index = 19948, .adv_w = 268, .box_w = 16, .box_h = 13, .ofs_x = 1, .ofs_y = 0},
    {.bitmap_index = 20027, .adv_w = 225, .box_w = 13, .box_h = 10, .ofs_x = 1, .ofs_y = 0},
    {.bitmap_index = 20082, .adv_w = 210, .box_w = 13, .box_h = 13, .ofs_x = 0, .ofs_y = 0},
    {.bitmap_index = 20154, .adv_w = 184, .box_w = 12, .box_h = 10, .ofs_x = 0, .ofs_y = 0},
    {.bitmap_index = 20207, .adv_w = 283, .box_w = 17, .box_h = 13, .ofs_x = 1, .ofs_y = 0},
    {.bitmap_index = 20292, .adv_w = 245, .box_w = 15, .box_h = 10, .ofs_x = 1, .ofs_y = 0},
    {.bitmap_index = 20352, .adv_w = 169, .box_w = 10, .box_h = 20, .ofs_x = 0, .ofs_y = -4},
    {.bitmap_index = 20442, .adv_w = 141, .box_w = 9, .box_h = 16, .ofs_x = 0, .ofs_y = -4},
    {.bitmap_index = 20508, .adv_w = 232, .box_w = 13, .box_h = 13, .ofs_x = 1, .ofs_y = 0},
    {.bitmap_index = 20557, .adv_w = 219, .box_w = 12, .box_h = 19, .ofs_x = 1, .ofs_y = -4},
    {.bitmap_index = 20613, .adv_w = 225, .box_w = 12, .box_h = 13, .ofs_x = 1, .ofs_y = 0},
    {.bitmap_index = 20680, .adv_w = 174, .box_w = 10, .box_h = 10, .ofs_x = 0, .ofs_y = 0},
    {.bitmap_index = 20728, .adv_w = 183, .box_w = 12, .box_h = 13, .ofs_x = 0, .ofs_y = 0},
    {.bitmap_index = 20791, .adv_w = 149, .box_w = 10, .box_h = 10, .ofs_x = 0, .ofs_y = 0},
    {.bitmap_index = 20836, .adv_w = 183, .box_w = 12, .box_h = 17, .ofs_x = 0, .ofs_y = 0},
    {.bitmap_index = 20918, .adv_w = 149, .box_w = 10, .box_h = 14, .ofs_x = 0, .ofs_y = 0},
    {.bitmap_index = 20981, .adv_w = 351, .box_w = 21, .box_h = 17, .ofs_x = 1, .ofs_y = -4},
    {.bitmap_index = 21119, .adv_w = 315, .box_w = 20, .box_h = 14, .ofs_x = 0, .ofs_y = -4},
    {.bitmap_index = 21234, .adv_w = 236, .box_w = 13, .box_h = 16, .ofs_x = 1, .ofs_y = -1},
    {.bitmap_index = 21320, .adv_w = 190, .box_w = 11, .box_h = 12, .ofs_x = 0, .ofs_y = -1},
    {.bitmap_index = 21377, .adv_w = 295, .box_w = 17, .box_h = 19, .ofs_x = 1, .ofs_y = 0},
    {.bitmap_index = 21499, .adv_w = 260, .box_w = 15, .box_h = 16, .ofs_x = 1, .ofs_y = 0},
    {.bitmap_index = 21596, .adv_w = 265, .box_w = 17, .box_h = 16, .ofs_x = 0, .ofs_y = 0},
    {.bitmap_index = 21715, .adv_w = 227, .box_w = 14, .box_h = 13, .ofs_x = 0, .ofs_y = 0},
    {.bitmap_index = 21800, .adv_w = 185, .box_w = 11, .box_h = 17, .ofs_x = 1, .ofs_y = -4},
    {.bitmap_index = 21860, .adv_w = 142, .box_w = 9, .box_h = 14, .ofs_x = 0, .ofs_y = -4},
    {.bitmap_index = 21902, .adv_w = 175, .box_w = 11, .box_h = 13, .ofs_x = 0, .ofs_y = -1},
    {.bitmap_index = 21959, .adv_w = 0, .box_w = 8, .box_h = 3, .ofs_x = -9, .ofs_y = 10},
    {.bitmap_index = 21969, .adv_w = 0, .box_w = 8, .box_h = 3, .ofs_x = -9, .ofs_y = 10},
    {.bitmap_index = 21982, .adv_w = 0, .box_w = 3, .box_h = 4, .ofs_x = -7, .ofs_y = 10},
    {.bitmap_index = 21989, .adv_w = 0, .box_w = 3, .box_h = 4, .ofs_x = -7, .ofs_y = 10},
    {.bitmap_index = 21995, .adv_w = 0, .box_w = 8, .box_h = 3, .ofs_x = -4, .ofs_y = 13},
    {.bitmap_index = 22008, .adv_w = 0, .box_w = 22, .box_h = 20, .ofs_x = -11, .ofs_y = -5},
    {.bitmap_index = 22136, .adv_w = 0, .box_w = 20, .box_h = 20, .ofs_x = -10, .ofs_y = -5},
    {.bitmap_index = 22258, .adv_w = 226, .box_w = 13, .box_h = 20, .ofs_x = 1, .ofs_y = -3},
    {.bitmap_index = 22349, .adv_w = 190, .box_w = 11, .box_h = 18, .ofs_x = 1, .ofs_y = -4},
    {.bitmap_index = 22421, .adv_w = 177, .box_w = 11, .box_h = 13, .ofs_x = 0, .ofs_y = 0},
    {.bitmap_index = 22479, .adv_w = 171, .box_w = 10, .box_h = 14, .ofs_x = 0, .ofs_y = 0},
    {.bitmap_index = 22529, .adv_w = 177, .box_w = 10, .box_h = 13, .ofs_x = 1, .ofs_y = 0},
    {.bitmap_index = 22577, .adv_w = 177, .box_w = 10, .box_h = 14, .ofs_x = 1, .ofs_y = -4},
    {.bitmap_index = 22634, .adv_w = 153, .box_w = 9, .box_h = 16, .ofs_x = 1, .ofs_y = 0},
    {.bitmap_index = 22657, .adv_w = 126, .box_w = 7, .box_h = 13, .ofs_x = 1, .ofs_y = 0},
    {.bitmap_index = 22676, .adv_w = 153, .box_w = 10, .box_h = 13, .ofs_x = 0, .ofs_y = 0},
    {.bitmap_index = 22711, .adv_w = 125, .box_w = 8, .box_h = 10, .ofs_x = 0, .ofs_y = 0},
    {.bitmap_index = 22740, .adv_w = 187, .box_w = 11, .box_h = 17, .ofs_x = 1, .ofs_y = -4},
    {.bitmap_index = 22804, .adv_w = 154, .box_w = 9, .box_h = 14, .ofs_x = 1, .ofs_y = -4},
    {.bitmap_index = 22852, .adv_w = 260, .box_w = 16, .box_h = 17, .ofs_x = 0, .ofs_y = -4},
    {.bitmap_index = 22947, .adv_w = 229, .box_w = 15, .box_h = 14, .ofs_x = 0, .ofs_y = -4},
    {.bitmap_index = 23021, .adv_w = 166, .box_w = 10, .box_h = 17, .ofs_x = 0, .ofs_y = -4},
    {.bitmap_index = 23095, .adv_w = 141, .box_w = 8, .box_h = 14, .ofs_x = 0, .ofs_y = -4},
    {.bitmap_index = 23148, .adv_w = 193, .box_w = 11, .box_h = 17, .ofs_x = 1, .ofs_y = -4},
    {.bitmap_index = 23208, .adv_w = 160, .box_w = 9, .box_h = 14, .ofs_x = 1, .ofs_y = -4},
    {.bitmap_index = 23253, .adv_w = 180, .box_w = 11, .box_h = 13, .ofs_x = 1, .ofs_y = 0},
    {.bitmap_index = 23305, .adv_w = 152, .box_w = 9, .box_h = 10, .ofs_x = 1, .ofs_y = 0},
    {.bitmap_index = 23341, .adv_w = 180, .box_w = 12, .box_h = 13, .ofs_x = 0, .ofs_y = 0},
    {.bitmap_index = 23403, .adv_w = 154, .box_w = 10, .box_h = 14, .ofs_x = 0, .ofs_y = 0},
    {.bitmap_index = 23457, .adv_w = 200, .box_w = 13, .box_h = 13, .ofs_x = 0, .ofs_y = 0},
    {.bitmap_index = 23514, .adv_w = 179, .box_w = 12, .box_h = 10, .ofs_x = 0, .ofs_y = 0},
    {.bitmap_index = 23557, .adv_w = 217, .box_w = 13, .box_h = 16, .ofs_x = 1, .ofs_y = -3},
    {.bitmap_index = 23593, .adv_w = 189, .box_w = 11, .box_h = 14, .ofs_x = 1, .ofs_y = -4},
    {.bitmap_index = 23626, .adv_w = 235, .box_w = 14, .box_h = 13, .ofs_x = 1, .ofs_y = 0},
    {.bitmap_index = 23660, .adv_w = 213, .box_w = 13, .box_h = 10, .ofs_x = 1, .ofs_y = 0},
    {.bitmap_index = 23690, .adv_w = 304, .box_w = 18, .box_h = 17, .ofs_x = 1, .ofs_y = -4},
    {.bitmap_index = 23768, .adv_w = 249, .box_w = 15, .box_h = 14, .ofs_x = 1, .ofs_y = -4},
    {.bitmap_index = 23833, .adv_w = 224, .box_w = 13, .box_h = 14, .ofs_x = 1, .ofs_y = -1},
    {.bitmap_index = 23922, .adv_w = 185, .box_w = 11, .box_h = 10, .ofs_x = 0, .ofs_y = 0},
    {.bitmap_index = 23975, .adv_w = 182, .box_w = 10, .box_h = 17, .ofs_x = 1, .ofs_y = -4},
    {.bitmap_index = 24042, .adv_w = 138, .box_w = 9, .box_h = 14, .ofs_x = 0, .ofs_y = -4},
    {.bitmap_index = 24094, .adv_w = 160, .box_w = 10, .box_h = 16, .ofs_x = 0, .ofs_y = -3},
    {.bitmap_index = 24121, .adv_w = 137, .box_w = 9, .box_h = 14, .ofs_x = 0, .ofs_y = -4},
    {.bitmap_index = 24144, .adv_w = 163, .box_w = 11, .box_h = 13, .ofs_x = 0, .ofs_y = 0},
    {.bitmap_index = 24189, .adv_w = 146, .box_w = 10, .box_h = 14, .ofs_x = 0, .ofs_y = -4},
    {.bitmap_index = 24238, .adv_w = 163, .box_w = 11, .box_h = 13, .ofs_x = 0, .ofs_y = 0},
    {.bitmap_index = 24300, .adv_w = 146, .box_w = 10, .box_h = 14, .ofs_x = 0, .ofs_y = -4},
    {.bitmap_index = 24361, .adv_w = 182, .box_w = 12, .box_h = 16, .ofs_x = 0, .ofs_y = -3},
    {.bitmap_index = 24434, .adv_w = 159, .box_w = 10, .box_h = 14, .ofs_x = 0, .ofs_y = -4},
    {.bitmap_index = 24489, .adv_w = 248, .box_w = 16, .box_h = 17, .ofs_x = 0, .ofs_y = -4},
    {.bitmap_index = 24532, .adv_w = 209, .box_w = 13, .box_h = 14, .ofs_x = 0, .ofs_y = -4},
    {.bitmap_index = 24568, .adv_w = 202, .box_w = 12, .box_h = 16, .ofs_x = 1, .ofs_y = -3},
    {.bitmap_index = 24612, .adv_w = 179, .box_w = 10, .box_h = 14, .ofs_x = 1, .ofs_y = -4},
    {.bitmap_index = 24649, .adv_w = 201, .box_w = 10, .box_h = 13, .ofs_x = 1, .ofs_y = 0},
    {.bitmap_index = 24689, .adv_w = 175, .box_w = 9, .box_h = 10, .ofs_x = 1, .ofs_y = 0},
    {.bitmap_index = 24722, .adv_w = 201, .box_w = 11, .box_h = 13, .ofs_x = 1, .ofs_y = 0},
    {.bitmap_index = 24751, .adv_w = 178, .box_w = 9, .box_h = 14, .ofs_x = 1, .ofs_y = 0},
    {.bitmap_index = 24783, .adv_w = 245, .box_w = 15, .box_h = 13, .ofs_x = 0, .ofs_y = 0},
    {.bitmap_index = 24859, .adv_w = 192, .box_w = 12, .box_h = 10, .ofs_x = 0, .ofs_y = 0},
    {.bitmap_index = 24910, .adv_w = 245, .box_w = 15, .box_h = 17, .ofs_x = 0, .ofs_y = -4},
    {.bitmap_index = 24998, .adv_w = 192, .box_w = 12, .box_h = 14, .ofs_x = 0, .ofs_y = -4},
    {.bitmap_index = 25060, .adv_w = 98, .box_w = 6, .box_h = 13, .ofs_x = 0, .ofs_y = 0},
    {.bitmap_index = 25077, .adv_w = 261, .box_w = 17, .box_h = 17, .ofs_x = 0, .ofs_y = 0},
    {.bitmap_index = 25185, .adv_w = 219, .box_w = 14, .box_h = 14, .ofs_x = 0, .ofs_y = 0},
    {.bitmap_index = 25266, .adv_w = 200, .box_w = 11, .box_h = 17, .ofs_x = 1, .ofs_y = -4},
    {.bitmap_index = 25337, .adv_w = 161, .box_w = 9, .box_h = 14, .ofs_x = 1, .ofs_y = -4},
    {.bitmap_index = 25390, .adv_w = 207, .box_w = 13, .box_h = 16, .ofs_x = 0, .ofs_y = -3},
    {.bitmap_index = 25455, .adv_w = 169, .box_w = 11, .box_h = 14, .ofs_x = 0, .ofs_y = -4},
    {.bitmap_index = 25511, .adv_w = 211, .box_w = 11, .box_h = 17, .ofs_x = 1, .ofs_y = -4},
    {.bitmap_index = 25554, .adv_w = 179, .box_w = 9, .box_h = 14, .ofs_x = 1, .ofs_y = -4},
    {.bitmap_index = 25592, .adv_w = 218, .box_w = 13, .box_h = 16, .ofs_x = 1, .ofs_y = -3},
    {.bitmap_index = 25633, .adv_w = 191, .box_w = 11, .box_h = 14, .ofs_x = 1, .ofs_y = -4},
    {.bitmap_index = 25673, .adv_w = 201, .box_w = 10, .box_h = 16, .ofs_x = 1, .ofs_y = -3},
    {.bitmap_index = 25715, .adv_w = 177, .box_w = 9, .box_h = 14, .ofs_x = 1, .ofs_y = -4},
    {.bitmap_index = 25751, .adv_w = 264, .box_w = 16, .box_h = 16, .ofs_x = 1, .ofs_y = -3},
    {.bitmap_index = 25841, .adv_w = 217, .box_w = 13, .box_h = 14, .ofs_x = 1, .ofs_y = -4},
    {.bitmap_index = 25909, .adv_w = 98, .box_w = 6, .box_h = 13, .ofs_x = 0, .ofs_y = 0},
    {.bitmap_index = 25926, .adv_w = 184, .box_w = 12, .box_h = 17, .ofs_x = 0, .ofs_y = 0},
    {.bitmap_index = 26005, .adv_w = 162, .box_w = 9, .box_h = 14, .ofs_x = 0, .ofs_y = 0},
    {.bitmap_index = 26066, .adv_w = 184, .box_w = 12, .box_h = 17, .ofs_x = 0, .ofs_y = 0},
    {.bitmap_index = 26142, .adv_w = 162, .box_w = 9, .box_h = 13, .ofs_x = 0, .ofs_y = 0},
    {.bitmap_index = 26199, .adv_w = 254, .box_w = 16, .box_h = 13, .ofs_x = -1, .ofs_y = 0},
    {.bitmap_index = 26275, .adv_w = 249, .box_w = 15, .box_h = 10, .ofs_x = 0, .ofs_y = 0},
    {.bitmap_index = 26346, .adv_w = 160, .box_w = 8, .box_h = 17, .ofs_x = 1, .ofs_y = 0},
    {.bitmap_index = 26397, .adv_w = 162, .box_w = 10, .box_h = 14, .ofs_x = 0, .ofs_y = 0},
    {.bitmap_index = 26460, .adv_w = 213, .box_w = 12, .box_h = 13, .ofs_x = 1, .ofs_y = 0},
    {.bitmap_index = 26525, .adv_w = 162, .box_w = 10, .box_h = 10, .ofs_x = 0, .ofs_y = 0},
    {.bitmap_index = 26569, .adv_w = 213, .box_w = 12, .box_h = 17, .ofs_x = 1, .ofs_y = 0},
    {.bitmap_index = 26650, .adv_w = 162, .box_w = 10, .box_h = 13, .ofs_x = 0, .ofs_y = 0},
    {.bitmap_index = 26708, .adv_w = 261, .box_w = 17, .box_h = 17, .ofs_x = 0, .ofs_y = 0},
    {.bitmap_index = 26813, .adv_w = 219, .box_w = 14, .box_h = 13, .ofs_x = 0, .ofs_y = 0},
    {.bitmap_index = 26890, .adv_w = 166, .box_w = 10, .box_h = 17, .ofs_x = 0, .ofs_y = 0},
    {.bitmap_index = 26961, .adv_w = 141, .box_w = 8, .box_h = 13, .ofs_x = 0, .ofs_y = 0},
    {.bitmap_index = 27013, .adv_w = 168, .box_w = 10, .box_h = 13, .ofs_x = 0, .ofs_y = 0},
    {.bitmap_index = 27067, .adv_w = 143, .box_w = 9, .box_h = 14, .ofs_x = 0, .ofs_y = -4},
    {.bitmap_index = 27119, .adv_w = 218, .box_w = 11, .box_h = 17, .ofs_x = 1, .ofs_y = 0},
    {.bitmap_index = 27180, .adv_w = 179, .box_w = 9, .box_h = 13, .ofs_x = 1, .ofs_y = 0},
    {.bitmap_index = 27223, .adv_w = 218, .box_w = 11, .box_h = 17, .ofs_x = 1, .ofs_y = 0},
    {.bitmap_index = 27286, .adv_w = 179, .box_w = 9, .box_h = 13, .ofs_x = 1, .ofs_y = 0},
    {.bitmap_index = 27331, .adv_w = 225, .box_w = 12, .box_h = 17, .ofs_x = 1, .ofs_y = 0},
    {.bitmap_index = 27413, .adv_w = 174, .box_w = 10, .box_h = 13, .ofs_x = 0, .ofs_y = 0},
    {.bitmap_index = 27470, .adv_w = 225, .box_w = 12, .box_h = 13, .ofs_x = 1, .ofs_y = 0},
    {.bitmap_index = 27537, .adv_w = 174, .box_w = 10, .box_h = 10, .ofs_x = 0, .ofs_y = 0},
    {.bitmap_index = 27585, .adv_w = 225, .box_w = 12, .box_h = 17, .ofs_x = 1, .ofs_y = 0},
    {.bitmap_index = 27668, .adv_w = 174, .box_w = 10, .box_h = 13, .ofs_x = 0, .ofs_y = 0},
    {.bitmap_index = 27728, .adv_w = 186, .box_w = 11, .box_h = 17, .ofs_x = 0, .ofs_y = 0},
    {.bitmap_index = 27801, .adv_w = 142, .box_w = 9, .box_h = 13, .ofs_x = 0, .ofs_y = 0},
    {.bitmap_index = 27857, .adv_w = 177, .box_w = 12, .box_h = 17, .ofs_x = 0, .ofs_y = 0},
    {.bitmap_index = 27935, .adv_w = 147, .box_w = 10, .box_h = 18, .ofs_x = 0, .ofs_y = -4},
    {.bitmap_index = 28009, .adv_w = 177, .box_w = 12, .box_h = 17, .ofs_x = 0, .ofs_y = 0},
    {.bitmap_index = 28088, .adv_w = 147, .box_w = 10, .box_h = 17, .ofs_x = 0, .ofs_y = -4},
    {.bitmap_index = 28160, .adv_w = 177, .box_w = 12, .box_h = 18, .ofs_x = 0, .ofs_y = 0},
    {.bitmap_index = 28245, .adv_w = 147, .box_w = 10, .box_h = 18, .ofs_x = 0, .ofs_y = -4},
    {.bitmap_index = 28323, .adv_w = 194, .box_w = 10, .box_h = 17, .ofs_x = 1, .ofs_y = 0},
    {.bitmap_index = 28370, .adv_w = 170, .box_w = 9, .box_h = 13, .ofs_x = 1, .ofs_y = 0},
    {.bitmap_index = 28412, .adv_w = 153, .box_w = 9, .box_h = 16, .ofs_x = 1, .ofs_y = -3},
    {.bitmap_index = 28435, .adv_w = 125, .box_w = 7, .box_h = 14, .ofs_x = 1, .ofs_y = -4},
    {.bitmap_index = 28456, .adv_w = 245, .box_w = 13, .box_h = 17, .ofs_x = 1, .ofs_y = 0},
    {.bitmap_index = 28520, .adv_w = 219, .box_w = 12, .box_h = 13, .ofs_x = 1, .ofs_y = 0},
    {.bitmap_index = 28570, .adv_w = 153, .box_w = 10, .box_h = 17, .ofs_x = 0, .ofs_y = -4},
    {.bitmap_index = 28624, .adv_w = 125, .box_w = 8, .box_h = 14, .ofs_x = 0, .ofs_y = -4},
    {.bitmap_index = 28668, .adv_w = 182, .box_w = 11, .box_h = 17, .ofs_x = 0, .ofs_y = -4},
    {.bitmap_index = 28747, .adv_w = 158, .box_w = 10, .box_h = 14, .ofs_x = 0, .ofs_y = -4},
    {.bitmap_index = 28809, .adv_w = 169, .box_w = 11, .box_h = 13, .ofs_x = 0, .ofs_y = 0},
    {.bitmap_index = 28878, .adv_w = 152, .box_w = 10, .box_h = 10, .ofs_x = 0, .ofs_y = 0},
    {.bitmap_index = 28928, .adv_w = 144, .box_w = 9, .box_h = 3, .ofs_x = 0, .ofs_y = 4},
    {.bitmap_index = 28937, .adv_w = 288, .box_w = 18, .box_h = 3, .ofs_x = 0, .ofs_y = 4},
    {.bitmap_index = 28950, .adv_w = 50, .box_w = 3, .box_h = 5, .ofs_x = 0, .ofs_y = 8},
    {.bitmap_index = 28958, .adv_w = 50, .box_w = 3, .box_h = 5, .ofs_x = 0, .ofs_y = 8},
    {.bitmap_index = 28966, .adv_w = 72, .box_w = 4, .box_h = 5, .ofs_x = 0, .ofs_y = -2},
    {.bitmap_index = 28976, .adv_w = 50, .box_w = 3, .box_h = 5, .ofs_x = 0, .ofs_y = 8},
    {.bitmap_index = 28984, .adv_w = 103, .box_w = 7, .box_h = 5, .ofs_x = 0, .ofs_y = 8},
    {.bitmap_index = 29002, .adv_w = 103, .box_w = 7, .box_h = 5, .ofs_x = 0, .ofs_y = 8},
    {.bitmap_index = 29020, .adv_w = 108, .box_w = 5, .box_h = 5, .ofs_x = 1, .ofs_y = 4},
    {.bitmap_index = 29032, .adv_w = 228, .box_w = 12, .box_h = 3, .ofs_x = 1, .ofs_y = 0},
    {.bitmap_index = 29051, .adv_w = 165, .box_w = 11, .box_h = 13, .ofs_x = 0, .ofs_y = 0},
    {.bitmap_index = 29115, .adv_w = 223, .box_w = 13, .box_h = 7, .ofs_x = 0, .ofs_y = 6},
    {.bitmap_index = 29151, .adv_w = 288, .box_w = 13, .box_h = 16, .ofs_x = 2, .ofs_y = -1},
    {.bitmap_index = 29230, .adv_w = 288, .box_w = 13, .box_h = 14, .ofs_x = 3, .ofs_y = -1},
    {.bitmap_index = 29283, .adv_w = 288, .box_w = 15, .box_h = 16, .ofs_x = 1, .ofs_y = -2},
    {.bitmap_index = 29376, .adv_w = 288, .box_w = 14, .box_h = 15, .ofs_x = 2, .ofs_y = -1},
    {.bitmap_index = 29447, .adv_w = 288, .box_w = 15, .box_h = 16, .ofs_x = 1, .ofs_y = -1},
    {.bitmap_index = 29498, .adv_w = 288, .box_w = 18, .box_h = 17, .ofs_x = 0, .ofs_y = -2},
    {.bitmap_index = 29602, .adv_w = 288, .box_w = 12, .box_h = 15, .ofs_x = 3, .ofs_y = -1},
    {.bitmap_index = 29641, .adv_w = 288, .box_w = 18, .box_h = 16, .ofs_x = 0, .ofs_y = -1},
    {.bitmap_index = 29735, .adv_w = 288, .box_w = 18, .box_h = 17, .ofs_x = 0, .ofs_y = -2},
    {.bitmap_index = 29864, .adv_w = 288, .box_w = 17, .box_h = 15, .ofs_x = 0, .ofs_y = -1},
    {.bitmap_index = 29963, .adv_w = 288, .box_w = 18, .box_h = 18, .ofs_x = 0, .ofs_y = -2},
    {.bitmap_index = 30073, .adv_w = 288, .box_w = 4, .box_h = 15, .ofs_x = 7, .ofs_y = -1}
};

/*---------------------
 *  CHARACTER MAPPING
 *--------------------*/

static const uint16_t unicode_list_3[] = {
    0x0, 0x1, 0x5, 0x6, 0x7, 0x8, 0x9, 0xa,
    0xf, 0x13, 0x99, 0x10f, 0x1033, 0x1040, 0x104a, 0x1075,
    0x2e1a, 0x4574, 0x45d2, 0x4719, 0x4b0f, 0x6a8b, 0x6fbb, 0xdeee
};

/*Collect the unicode lists and glyph_id offsets*/
static const lv_font_fmt_txt_cmap_t cmaps[] =
{
    {
        .range_start = 32, .range_length = 95, .glyph_id_start = 1,
        .unicode_list = NULL, .glyph_id_ofs_list = NULL, .list_length = 0, .type = LV_FONT_FMT_TXT_CMAP_FORMAT0_TINY
    },
    {
        .range_start = 160, .range_length = 224, .glyph_id_start = 96,
        .unicode_list = NULL, .glyph_id_ofs_list = NULL, .list_length = 0, .type = LV_FONT_FMT_TXT_CMAP_FORMAT0_TINY
    },
    {
        .range_start = 1024, .range_length = 256, .glyph_id_start = 320,
        .unicode_list = NULL, .glyph_id_ofs_list = NULL, .list_length = 0, .type = LV_FONT_FMT_TXT_CMAP_FORMAT0_TINY
    },
    {
        .range_start = 8211, .range_length = 57071, .glyph_id_start = 576,
        .unicode_list = unicode_list_3, .glyph_id_ofs_list = NULL, .list_length = 24, .type = LV_FONT_FMT_TXT_CMAP_SPARSE_TINY
    }
};



/*--------------------
 *  ALL CUSTOM DATA
 *--------------------*/

#if LVGL_VERSION_MAJOR == 8
/*Store all the custom data of the font*/
static  lv_font_fmt_txt_glyph_cache_t cache;
#endif

#if LVGL_VERSION_MAJOR >= 8
static const lv_font_fmt_txt_dsc_t font_dsc = {
#else
static lv_font_fmt_txt_dsc_t font_dsc = {
#endif
    .glyph_bitmap = glyph_bitmap,
    .glyph_dsc = glyph_dsc,
    .cmaps = cmaps,
    .kern_dsc = NULL,
    .kern_scale = 0,
    .cmap_num = 4,
    .bpp = 4,
    .kern_classes = 0,
    .bitmap_format = 1,
#if LVGL_VERSION_MAJOR == 8
    .cache = &cache
#endif
};



/*-----------------
 *  PUBLIC FONT
 *----------------*/

/*Initialize a public general font descriptor*/
#if LVGL_VERSION_MAJOR >= 8
lv_font_t noto_sans_18 = {
#else
lv_font_t noto_sans_18 = {
#endif
    .get_glyph_dsc = lv_font_get_glyph_dsc_fmt_txt,    /*Function pointer to get glyph's data*/
    .get_glyph_bitmap = lv_font_get_bitmap_fmt_txt,    /*Function pointer to get glyph's bitmap*/
    .line_height = 24,          /*The maximum line height required by the font*/
    .base_line = 5,             /*Baseline measured from the bottom of the line*/
#if !(LVGL_VERSION_MAJOR == 6 && LVGL_VERSION_MINOR == 0)
    .subpx = LV_FONT_SUBPX_NONE,
#endif
#if LV_VERSION_CHECK(7, 4, 0) || LVGL_VERSION_MAJOR >= 8
    .underline_position = -2,
    .underline_thickness = 1,
#endif
    .dsc = &font_dsc,          /*The custom font data. Will be accessed by `get_glyph_bitmap/dsc` */
#if LV_VERSION_CHECK(8, 2, 0) || LVGL_VERSION_MAJOR >= 9
    .fallback = NULL,
#endif
    .user_data = NULL,
};



#endif /*#if NOTO_SANS_18*/

