/*******************************************************************************
 * Size: 16 px
 * Bpp: 4
 * Opts: --font assets/fonts/NotoSansCJKsc-Regular.otf --size 16 --range 0x3001,0x3002,0x3005,0x300c,0x300d,0x301c,0x3042,0x3044,0x3046,0x3048,0x304a,0x304b,0x304c,0x304d,0x304e,0x304f,0x3050,0x3051,0x3052,0x3053,0x3054,0x3055,0x3056,0x3057,0x3058,0x3059,0x305a,0x305b,0x305d,0x305f,0x3060,0x3061,0x3063,0x3064,0x3065,0x3066,0x3067,0x3068,0x3069,0x306a,0x306b,0x306e,0x306f,0x3070,0x3076,0x3078,0x3079,0x307b,0x307e,0x307f,0x3081,0x3082,0x3084,0x3087,0x3088,0x3089,0x308a,0x308b,0x308c,0x308d,0x308f,0x3092,0x3093,0x30a1,0x30a2,0x30a3,0x30a4,0x30a6,0x30a7,0x30a8,0x30a9,0x30aa,0x30ab,0x30ac,0x30ad,0x30ae,0x30af,0x30b0,0x30b1,0x30b2,0x30b3,0x30b4,0x30b5,0x30b6,0x30b7,0x30b8,0x30b9,0x30ba,0x30bb,0x30bd,0x30be,0x30bf,0x30c0,0x30c1,0x30c3,0x30c4,0x30c6,0x30c7,0x30c8,0x30c9,0x30ca,0x30cb,0x30cd,0x30ce,0x30cf,0x30d0,0x30d1,0x30d2,0x30d3,0x30d4,0x30d5,0x30d6,0x30d7,0x30d8,0x30d9,0x30da,0x30db,0x30dc,0x30dd,0x30de,0x30df,0x30e0,0x30e1,0x30e2,0x30e3,0x30e4,0x30e5,0x30e6,0x30e7,0x30e9,0x30ea,0x30eb,0x30ec,0x30ed,0x30ef,0x30f3,0x30fb,0x30fc,0x4e00,0x4e09,0x4e0a,0x4e0b,0x4e0d,0x4e0e,0x4e13,0x4e14,0x4e1a,0x4e1d,0x4e21,0x4e22,0x4e24,0x4e25,0x4e26,0x4e2a,0x4e2d,0x4e34,0x4e38,0x4e3a,0x4e3b,0x4e49,0x4e4b,0x4e5f,0x4e7e,0x4e86,0x4e88,0x4e8b,0x4e8c,0x4e8e,0x4e92,0x4e94,0x4e9b,0x4ea4,0x4eab,0x4eae,0x4eba,0x4ec5,0x4eca,0x4ecb,0x4ecd,0x4ece,0x4ed3,0x4ed6,0x4ed8,0x4ee3,0x4ee4,0x4ee5,0x4eec,0x4ef6,0x4ef7,0x4efb,0x4efd,0x4f11,0x4f18,0x4f1a,0x4f1d,0x4f20,0x4f2a,0x4f30,0x4f3c,0x4f46,0x4f4d,0x4f4e,0x4f4f,0x4f53,0x4f55,0x4f59,0x4f5c,0x4f73,0x4f7f,0x4f8b,0x4f9b,0x4f9d,0x4fa1,0x4fa7,0x4fbf,0x4fdd,0x4fe1,0x4fee,0x500b,0x5019,0x5024,0x503c,0x503e,0x504f,0x505c,0x5074,0x507f,0x5099,0x50be,0x50cd,0x50cf,0x512a,0x5141,0x5143,0x5145,0x5148,0x5149,0x514b,0x5165,0x5168,0x516c,0x516d,0x5171,0x5173,0x5176,0x5177,0x517c,0x5185,0x5186,0x518d,0x5199,0x51b2,0x51b3,0x51b5,0x51b7,0x51bb,0x51c0,0x51c6,0x51cf,0x51d1,0x51e0,0x51e6,0x51ed,0x51fa,0x51fb,0x5200,0x5206,0x5207,0x5217,0x5219,0x521a,0x521b,0x521d,0x5220,0x5225,0x5229,0x522b,0x5230,0x5236,0x5237,0x523b,0x5242,0x524a,0x524d,0x5264,0x5269,0x526a,0x5272,0x529b,0x529f,0x52a0,0x52a1,0x52a8,0x52a9,0x52b9,0x52bf,0x52d5,0x52ff,0x5305,0x5316,0x5339,0x533a,0x533f,0x5341,0x5347,0x5354,0x5355,0x5357,0x5358,0x5361,0x5370,0x5371,0x5373,0x5374,0x5377,0x5378,0x5382,0x5386,0x538b,0x539a,0x539f,0x53c2,0x53ca,0x53cd,0x53ce,0x53d1,0x53d6,0x53d7,0x53d8,0x53e3,0x53e4,0x53e6,0x53ea,0x53ef,0x53f0,0x53f2,0x53f7,0x5404,0x5408,0x540c,0x540d,0x540e,0x5411,0x5417,0x5426,0x542b,0x542c,0x542f,0x544a,0x5468,0x5473,0x547d,0x548c,0x54c1,0x54cd,0x5524,0x5546,0x554f,0x5584,0x559c,0x55b7,0x5634,0x5668,0x566a,0x56ca,0x56db,0x56de,0x56e0,0x56f2,0x56f3,0x56f4,0x56fa,0x56fe,0x5706,0x5708,0x571f,0x5727,0x5728,0x5730,0x5740,0x5747,0x574f,0x5757,0x5782,0x578b,0x57df,0x57fa,0x5831,0x5834,0x5835,0x5854,0x5857,0x585e,0x586b,0x5883,0x5897,0x589e,0x58f0,0x5904,0x5907,0x5909,0x590d,0x5916,0x591a,0x5927,0x5929,0x592a,0x592e,0x5931,0x5934,0x5968,0x597d,0x5982,0x5999,0x59cb,0x5b50,0x5b57,0x5b58,0x5b66,0x5b89,0x5b8c,0x5b8f,0x5b9a,0x5b9e,0x5b9f,0x5ba4,0x5bb9,0x5bbd,0x5bc6,0x5bdf,0x5bf8,0x5bf9,0x5bfc,0x5bfe,0x5c01,0x5c02,0x5c04,0x5c06,0x5c0f,0x5c11,0x5c16,0x5c1a,0x5c1d,0x5c31,0x5c3a,0x5c3c,0x5c3d,0x5c40,0x5c42,0x5c4f,0x5c55,0x5c5e,0x5c65,0x5cf0,0x5d29,0x5de5,0x5de7,0x5dee,0x5df2,0x5dfb,0x5e03,0x5e0c,0x5e26,0x5e27,0x5e2e,0x5e38,0x5e45,0x5e55,0x5e72,0x5e73,0x5e74,0x5e76,0x5e8a,0x5e8f,0x5e93,0x5e94,0x5e95,0x5ea6,0x5ea7,0x5eab,0x5ef6,0x5efa,0x5f00,0x5f02,0x5f03,0x5f0f,0x5f15,0x5f1b,0x5f20,0x5f2f,0x5f35,0x5f37,0x5f39,0x5f3a,0x5f52,0x5f53,0x5f55,0x5f62,0x5f71,0x5f79,0x5f84,0x5f85,0x5f88,0x5f8c,0x5f93,0x5f97,0x5fa1,0x5fa9,0x5faa,0x5fae,0x5fb9,0x5fc3,0x5fc5,0x5fd7,0x5fd8,0x5fd9,0x5fdc,0x5feb,0x5ffd,0x6001,0x6025,0x6027,0x603b,0x6062,0x606f,0x60a8,0x60c5,0x60f3,0x610f,0x611f,0x614b,0x616e,0x6210,0x6211,0x6216,0x623b,0x6240,0x6241,0x6247,0x624b,0x624d,0x6253,0x6267,0x6269,0x626b,0x626c,0x6270,0x6273,0x6279,0x627e,0x627f,0x6280,0x628a,0x6291,0x6296,0x6297,0x629e,0x62a4,0x62a5,0x62ac,0x62b5,0x62bc,0x62bd,0x62c9,0x62cd,0x62d2,0x62df,0x62e1,0x62e7,0x62e9,0x62ed,0x6301,0x6307,0x6309,0x6324,0x632f,0x633f,0x6346,0x6355,0x6357,0x635f,0x6362,0x636e,0x6377,0x6383,0x6392,0x63a2,0x63a5,0x63a7,0x63a8,0x63cf,0x63d0,0x63d2,0x63db,0x63f4,0x640d,0x641c,0x642d,0x643a,0x6444,0x6458,0x6469,0x6478,0x64a4,0x64ad,0x64ae,0x64cd,0x64e6,0x652f,0x6536,0x6539,0x653e,0x6545,0x6548,0x654f,0x6557,0x6559,0x6570,0x6574,0x6587,0x6599,0x659c,0x65ad,0x65b0,0x65b9,0x65bd,0x65c1,0x65cb,0x65e0,0x65e2,0x65e5,0x65e7,0x65e9,0x65f6,0x660e,0x6613,0x661f,0x6620,0x662f,0x663e,0x6642,0x666f,0x667a,0x6682,0x6697,0x66b4,0x66f2,0x66f4,0x66f8,0x66ff,0x6700,0x6708,0x6709,0x670d,0x671b,0x671f,0x6728,0x672a,0x672c,0x673a,0x6743,0x6750,0x675f,0x6761,0x6765,0x677e,0x677f,0x6781,0x6784,0x6790,0x679a,0x679c,0x67b6,0x67d0,0x67d3,0x67d4,0x67e5,0x6805,0x6807,0x680f,0x6821,0x6837,0x6838,0x6839,0x683c,0x6841,0x6846,0x6863,0x6865,0x68b0,0x68c0,0x68c4,0x68da,0x691c,0x6982,0x69cb,0x69fd,0x6a19,0x6a21,0x6a29,0x6a5f,0x6b21,0x6b22,0x6b62,0x6b63,0x6b64,0x6b65,0x6b74,0x6b7b,0x6b8b,0x6bb5,0x6bcf,0x6bd4,0x6beb,0x6c14,0x6c17,0x6c34,0x6c42,0x6c4e,0x6c60,0x6c7a,0x6ca1,0x6ca2,0x6cc1,0x6cd5,0x6ce1,0x6ce2,0x6ce8,0x6cfd,0x6d01,0x6d17,0x6d3b,0x6d41,0x6d45,0x6d4b,0x6d4f,0x6d6e,0x6d78,0x6d88,0x6d9f,0x6df1,0x6dfb,0x6e05,0x6e08,0x6e09,0x6e1b,0x6e20,0x6e29,0x6e2c,0x6e32,0x6e38,0x6e7f,0x6e80,0x6e83,0x6e90,0x6e96,0x6ea2,0x6eaf,0x6ec5,0x6ed1,0x6eda,0x6ee1,0x6ee4,0x6ef2,0x6f2a,0x6f2b,0x6fc0,0x706b,0x706d,0x706f,0x7070,0x7075,0x70ad,0x70b9,0x70c1,0x70d8,0x70e4,0x70ed,0x7121,0x7136,0x7167,0x7184,0x71b1,0x71e5,0x7247,0x7248,0x7259,0x7269,0x7279,0x72b6,0x72ec,0x7387,0x73af,0x73b0,0x73fe,0x7406,0x7455,0x74b0,0x751f,0x7528,0x7531,0x7535,0x753b,0x754c,0x7559,0x7565,0x756a,0x7570,0x7591,0x75b5,0x767a,0x767b,0x767d,0x7684,0x76ae,0x76d1,0x76d2,0x76d6,0x76d8,0x76e3,0x76ee,0x76f4,0x76f8,0x7701,0x770b,0x7720,0x7740,0x77e5,0x77ed,0x7801,0x7834,0x786c,0x786e,0x788c,0x78b0,0x78ba,0x78c1,0x793a,0x793e,0x7981,0x79bb,0x79c0,0x79c1,0x79d2,0x79f0,0x79fb,0x7a0b,0x7a0d,0x7a2e,0x7a33,0x7a3c,0x7a7a,0x7acb,0x7ad9,0x7aef,0x7b26,0x7b2c,0x7b49,0x7b54,0x7b5b,0x7b7e,0x7b80,0x7b97,0x7ba1,0x7bb1,0x7bc0,0x7bc4,0x7bc9,0x7c21,0x7c73,0x7c7b,0x7c97,0x7cbe,0x7cfb,0x7d04,0x7d0b,0x7d0d,0x7d19,0x7d20,0x7d22,0x7d27,0x7d2f,0x7d30,0x7d42,0x7d4c,0x7d50,0x7d66,0x7d71,0x7d99,0x7d9a,0x7dad,0x7dca,0x7dcf,0x7dda,0x7de0,0x7de8,0x7de9,0x7e2e,0x7e41,0x7e70,0x7ea6,0x7ea7,0x7eb8,0x7eb9,0x7ebf,0x7ec4,0x7ec6,0x7ec8,0x7ecf,0x7ed1,0x7ed3,0x7ed8,0x7edc,0x7edd,0x7edf,0x7ee7,0x7eea,0x7eed,0x7ef4,0x7f13,0x7f16,0x7f18,0x7f29,0x7f3a,0x7f51,0x7f6e,0x7f72,0x7fa9,0x7ffb,0x8003,0x8005,0x800c,0x8017,0x8054,0x8074,0x80c0,0x80cc,0x80f6,0x80fd,0x811a,0x8154,0x81a8,0x81ea,0x81f3,0x81f4,0x8212,0x822a,0x8235,0x826f,0x8272,0x8282,0x8303,0x8350,0x8361,0x8377,0x83b7,0x843d,0x84dd,0x8535,0x85cf,0x8651,0x865a,0x87ba,0x884c,0x8861,0x8865,0x8868,0x8870,0x88ab,0x88c5,0x88dc,0x88fd,0x8907,0x8981,0x8986,0x898b,0x898f,0x8996,0x899a,0x89a7,0x89b3,0x89c1,0x89c2,0x89c6,0x89c8,0x89c9,0x89d2,0x89e3,0x89e6,0x8a00,0x8a08,0x8a18,0x8a2d,0x8a31,0x8a3a,0x8a3c,0x8a66,0x8a70,0x8a73,0x8a8d,0x8a9e,0x8aa4,0x8aac,0x8aad,0x8abf,0x8b58,0x8b66,0x8b77,0x8ba1,0x8ba4,0x8ba8,0x8ba9,0x8bae,0x8bb0,0x8bb8,0x8bba,0x8bbe,0x8bbf,0x8bc1,0x8bc6,0x8bc9,0x8bca,0x8bd5,0x8bdd,0x8be2,0x8be5,0x8be6,0x8bed,0x8bef,0x8bf4,0x8bf7,0x8bfb,0x8c03,0x8c22,0x8c61,0x8cab,0x8cc7,0x8cea,0x8d25,0x8d27,0x8d28,0x8d34,0x8d44,0x8d70,0x8d77,0x8d85,0x8d8a,0x8d8b,0x8db3,0x8ddd,0x8ddf,0x8de1,0x8def,0x8df3,0x8e2a,0x8eab,0x8ee2,0x8ef8,0x8efd,0x8f03,0x8f09,0x8f6c,0x8f6e,0x8f6f,0x8f74,0x8f7b,0x8f7d,0x8f83,0x8f85,0x8f91,0x8f93,0x8fa8,0x8fb9,0x8fbc,0x8fbe,0x8fc7,0x8fce,0x8fd0,0x8fd1,0x8fd4,0x8fd8,0x8fd9,0x8fdb,0x8fdc,0x8fde,0x8ff0,0x8ffd,0x9000,0x9001,0x9002,0x9009,0x900f,0x9014,0x901a,0x901f,0x9020,0x9023,0x9031,0x9032,0x9047,0x904e,0x9053,0x9054,0x9055,0x9060,0x9065,0x9069,0x9078,0x90a3,0x90e8,0x90fd,0x914d,0x9192,0x91c7,0x91ca,0x91cc,0x91cd,0x91cf,0x91d1,0x9332,0x9488,0x949f,0x94ae,0x9500,0x9501,0x9519,0x952e,0x955c,0x9577,0x957f,0x9589,0x958b,0x9593,0x95a2,0x95b2,0x95e8,0x95ea,0x95ed,0x95ee,0x95f2,0x95f4,0x961f,0x9632,0x9634,0x963b,0x9644,0x9645,0x964d,0x9650,0x9664,0x9669,0x967a,0x968f,0x9690,0x9694,0x969b,0x969c,0x96c6,0x96e2,0x96f6,0x96fb,0x9700,0x9759,0x975e,0x9762,0x97f3,0x97ff,0x9805,0x9806,0x9808,0x984c,0x985e,0x9875,0x9876,0x9879,0x987b,0x9884,0x9891,0x9898,0x989c,0x989d,0x98a8,0x98ce,0x98de,0x9988,0x9996,0x9a6c,0x9a71,0x9a76,0x9a8c,0x9aa4,0x9ad8,0x9ed1,0x9ed8,0x9f7f,0x9f99,0xff01,0xff08,0xff09,0xff0c,0xff1a,0xff1b,0xff1f --font assets/fonts/NotoSansCJKjp-Regular.otf --size 16 --range 0x3001,0x3002,0x3005,0x300c,0x300d,0x301c,0x3042,0x3044,0x3046,0x3048,0x304a,0x304b,0x304c,0x304d,0x304e,0x304f,0x3050,0x3051,0x3052,0x3053,0x3054,0x3055,0x3056,0x3057,0x3058,0x3059,0x305a,0x305b,0x305d,0x305f,0x3060,0x3061,0x3063,0x3064,0x3065,0x3066,0x3067,0x3068,0x3069,0x306a,0x306b,0x306e,0x306f,0x3070,0x3076,0x3078,0x3079,0x307b,0x307e,0x307f,0x3081,0x3082,0x3084,0x3087,0x3088,0x3089,0x308a,0x308b,0x308c,0x308d,0x308f,0x3092,0x3093,0x30a1,0x30a2,0x30a3,0x30a4,0x30a6,0x30a7,0x30a8,0x30a9,0x30aa,0x30ab,0x30ac,0x30ad,0x30ae,0x30af,0x30b0,0x30b1,0x30b2,0x30b3,0x30b4,0x30b5,0x30b6,0x30b7,0x30b8,0x30b9,0x30ba,0x30bb,0x30bd,0x30be,0x30bf,0x30c0,0x30c1,0x30c3,0x30c4,0x30c6,0x30c7,0x30c8,0x30c9,0x30ca,0x30cb,0x30cd,0x30ce,0x30cf,0x30d0,0x30d1,0x30d2,0x30d3,0x30d4,0x30d5,0x30d6,0x30d7,0x30d8,0x30d9,0x30da,0x30db,0x30dc,0x30dd,0x30de,0x30df,0x30e0,0x30e1,0x30e2,0x30e3,0x30e4,0x30e5,0x30e6,0x30e7,0x30e9,0x30ea,0x30eb,0x30ec,0x30ed,0x30ef,0x30f3,0x30fb,0x30fc,0x4e00,0x4e09,0x4e0a,0x4e0b,0x4e0d,0x4e0e,0x4e13,0x4e14,0x4e1a,0x4e1d,0x4e21,0x4e22,0x4e24,0x4e25,0x4e26,0x4e2a,0x4e2d,0x4e34,0x4e38,0x4e3a,0x4e3b,0x4e49,0x4e4b,0x4e5f,0x4e7e,0x4e86,0x4e88,0x4e8b,0x4e8c,0x4e8e,0x4e92,0x4e94,0x4e9b,0x4ea4,0x4eab,0x4eae,0x4eba,0x4ec5,0x4eca,0x4ecb,0x4ecd,0x4ece,0x4ed3,0x4ed6,0x4ed8,0x4ee3,0x4ee4,0x4ee5,0x4eec,0x4ef6,0x4ef7,0x4efb,0x4efd,0x4f11,0x4f18,0x4f1a,0x4f1d,0x4f20,0x4f2a,0x4f30,0x4f3c,0x4f46,0x4f4d,0x4f4e,0x4f4f,0x4f53,0x4f55,0x4f59,0x4f5c,0x4f73,0x4f7f,0x4f8b,0x4f9b,0x4f9d,0x4fa1,0x4fa7,0x4fbf,0x4fdd,0x4fe1,0x4fee,0x500b,0x5019,0x5024,0x503c,0x503e,0x504f,0x505c,0x5074,0x507f,0x5099,0x50be,0x50cd,0x50cf,0x512a,0x5141,0x5143,0x5145,0x5148,0x5149,0x514b,0x5165,0x5168,0x516c,0x516d,0x5171,0x5173,0x5176,0x5177,0x517c,0x5185,0x5186,0x518d,0x5199,0x51b2,0x51b3,0x51b5,0x51b7,0x51bb,0x51c0,0x51c6,0x51cf,0x51d1,0x51e0,0x51e6,0x51ed,0x51fa,0x51fb,0x5200,0x5206,0x5207,0x5217,0x5219,0x521a,0x521b,0x521d,0x5220,0x5225,0x5229,0x522b,0x5230,0x5236,0x5237,0x523b,0x5242,0x524a,0x524d,0x5264,0x5269,0x526a,0x5272,0x529b,0x529f,0x52a0,0x52a1,0x52a8,0x52a9,0x52b9,0x52bf,0x52d5,0x52ff,0x5305,0x5316,0x5339,0x533a,0x533f,0x5341,0x5347,0x5354,0x5355,0x5357,0x5358,0x5361,0x5370,0x5371,0x5373,0x5374,0x5377,0x5378,0x5382,0x5386,0x538b,0x539a,0x539f,0x53c2,0x53ca,0x53cd,0x53ce,0x53d1,0x53d6,0x53d7,0x53d8,0x53e3,0x53e4,0x53e6,0x53ea,0x53ef,0x53f0,0x53f2,0x53f7,0x5404,0x5408,0x540c,0x540d,0x540e,0x5411,0x5417,0x5426,0x542b,0x542c,0x542f,0x544a,0x5468,0x5473,0x547d,0x548c,0x54c1,0x54cd,0x5524,0x5546,0x554f,0x5584,0x559c,0x55b7,0x5634,0x5668,0x566a,0x56ca,0x56db,0x56de,0x56e0,0x56f2,0x56f3,0x56f4,0x56fa,0x56fe,0x5706,0x5708,0x571f,0x5727,0x5728,0x5730,0x5740,0x5747,0x574f,0x5757,0x5782,0x578b,0x57df,0x57fa,0x5831,0x5834,0x5835,0x5854,0x5857,0x585e,0x586b,0x5883,0x5897,0x589e,0x58f0,0x5904,0x5907,0x5909,0x590d,0x5916,0x591a,0x5927,0x5929,0x592a,0x592e,0x5931,0x5934,0x5968,0x597d,0x5982,0x5999,0x59cb,0x5b50,0x5b57,0x5b58,0x5b66,0x5b89,0x5b8c,0x5b8f,0x5b9a,0x5b9e,0x5b9f,0x5ba4,0x5bb9,0x5bbd,0x5bc6,0x5bdf,0x5bf8,0x5bf9,0x5bfc,0x5bfe,0x5c01,0x5c02,0x5c04,0x5c06,0x5c0f,0x5c11,0x5c16,0x5c1a,0x5c1d,0x5c31,0x5c3a,0x5c3c,0x5c3d,0x5c40,0x5c42,0x5c4f,0x5c55,0x5c5e,0x5c65,0x5cf0,0x5d29,0x5de5,0x5de7,0x5dee,0x5df2,0x5dfb,0x5e03,0x5e0c,0x5e26,0x5e27,0x5e2e,0x5e38,0x5e45,0x5e55,0x5e72,0x5e73,0x5e74,0x5e76,0x5e8a,0x5e8f,0x5e93,0x5e94,0x5e95,0x5ea6,0x5ea7,0x5eab,0x5ef6,0x5efa,0x5f00,0x5f02,0x5f03,0x5f0f,0x5f15,0x5f1b,0x5f20,0x5f2f,0x5f35,0x5f37,0x5f39,0x5f3a,0x5f52,0x5f53,0x5f55,0x5f62,0x5f71,0x5f79,0x5f84,0x5f85,0x5f88,0x5f8c,0x5f93,0x5f97,0x5fa1,0x5fa9,0x5faa,0x5fae,0x5fb9,0x5fc3,0x5fc5,0x5fd7,0x5fd8,0x5fd9,0x5fdc,0x5feb,0x5ffd,0x6001,0x6025,0x6027,0x603b,0x6062,0x606f,0x60a8,0x60c5,0x60f3,0x610f,0x611f,0x614b,0x616e,0x6210,0x6211,0x6216,0x623b,0x6240,0x6241,0x6247,0x624b,0x624d,0x6253,0x6267,0x6269,0x626b,0x626c,0x6270,0x6273,0x6279,0x627e,0x627f,0x6280,0x628a,0x6291,0x6296,0x6297,0x629e,0x62a4,0x62a5,0x62ac,0x62b5,0x62bc,0x62bd,0x62c9,0x62cd,0x62d2,0x62df,0x62e1,0x62e7,0x62e9,0x62ed,0x6301,0x6307,0x6309,0x6324,0x632f,0x633f,0x6346,0x6355,0x6357,0x635f,0x6362,0x636e,0x6377,0x6383,0x6392,0x63a2,0x63a5,0x63a7,0x63a8,0x63cf,0x63d0,0x63d2,0x63db,0x63f4,0x640d,0x641c,0x642d,0x643a,0x6444,0x6458,0x6469,0x6478,0x64a4,0x64ad,0x64ae,0x64cd,0x64e6,0x652f,0x6536,0x6539,0x653e,0x6545,0x6548,0x654f,0x6557,0x6559,0x6570,0x6574,0x6587,0x6599,0x659c,0x65ad,0x65b0,0x65b9,0x65bd,0x65c1,0x65cb,0x65e0,0x65e2,0x65e5,0x65e7,0x65e9,0x65f6,0x660e,0x6613,0x661f,0x6620,0x662f,0x663e,0x6642,0x666f,0x667a,0x6682,0x6697,0x66b4,0x66f2,0x66f4,0x66f8,0x66ff,0x6700,0x6708,0x6709,0x670d,0x671b,0x671f,0x6728,0x672a,0x672c,0x673a,0x6743,0x6750,0x675f,0x6761,0x6765,0x677e,0x677f,0x6781,0x6784,0x6790,0x679a,0x679c,0x67b6,0x67d0,0x67d3,0x67d4,0x67e5,0x6805,0x6807,0x680f,0x6821,0x6837,0x6838,0x6839,0x683c,0x6841,0x6846,0x6863,0x6865,0x68b0,0x68c0,0x68c4,0x68da,0x691c,0x6982,0x69cb,0x69fd,0x6a19,0x6a21,0x6a29,0x6a5f,0x6b21,0x6b22,0x6b62,0x6b63,0x6b64,0x6b65,0x6b74,0x6b7b,0x6b8b,0x6bb5,0x6bcf,0x6bd4,0x6beb,0x6c14,0x6c17,0x6c34,0x6c42,0x6c4e,0x6c60,0x6c7a,0x6ca1,0x6ca2,0x6cc1,0x6cd5,0x6ce1,0x6ce2,0x6ce8,0x6cfd,0x6d01,0x6d17,0x6d3b,0x6d41,0x6d45,0x6d4b,0x6d4f,0x6d6e,0x6d78,0x6d88,0x6d9f,0x6df1,0x6dfb,0x6e05,0x6e08,0x6e09,0x6e1b,0x6e20,0x6e29,0x6e2c,0x6e32,0x6e38,0x6e7f,0x6e80,0x6e83,0x6e90,0x6e96,0x6ea2,0x6eaf,0x6ec5,0x6ed1,0x6eda,0x6ee1,0x6ee4,0x6ef2,0x6f2a,0x6f2b,0x6fc0,0x706b,0x706d,0x706f,0x7070,0x7075,0x70ad,0x70b9,0x70c1,0x70d8,0x70e4,0x70ed,0x7121,0x7136,0x7167,0x7184,0x71b1,0x71e5,0x7247,0x7248,0x7259,0x7269,0x7279,0x72b6,0x72ec,0x7387,0x73af,0x73b0,0x73fe,0x7406,0x7455,0x74b0,0x751f,0x7528,0x7531,0x7535,0x753b,0x754c,0x7559,0x7565,0x756a,0x7570,0x7591,0x75b5,0x767a,0x767b,0x767d,0x7684,0x76ae,0x76d1,0x76d2,0x76d6,0x76d8,0x76e3,0x76ee,0x76f4,0x76f8,0x7701,0x770b,0x7720,0x7740,0x77e5,0x77ed,0x7801,0x7834,0x786c,0x786e,0x788c,0x78b0,0x78ba,0x78c1,0x793a,0x793e,0x7981,0x79bb,0x79c0,0x79c1,0x79d2,0x79f0,0x79fb,0x7a0b,0x7a0d,0x7a2e,0x7a33,0x7a3c,0x7a7a,0x7acb,0x7ad9,0x7aef,0x7b26,0x7b2c,0x7b49,0x7b54,0x7b5b,0x7b7e,0x7b80,0x7b97,0x7ba1,0x7bb1,0x7bc0,0x7bc4,0x7bc9,0x7c21,0x7c73,0x7c7b,0x7c97,0x7cbe,0x7cfb,0x7d04,0x7d0b,0x7d0d,0x7d19,0x7d20,0x7d22,0x7d27,0x7d2f,0x7d30,0x7d42,0x7d4c,0x7d50,0x7d66,0x7d71,0x7d99,0x7d9a,0x7dad,0x7dca,0x7dcf,0x7dda,0x7de0,0x7de8,0x7de9,0x7e2e,0x7e41,0x7e70,0x7ea6,0x7ea7,0x7eb8,0x7eb9,0x7ebf,0x7ec4,0x7ec6,0x7ec8,0x7ecf,0x7ed1,0x7ed3,0x7ed8,0x7edc,0x7edd,0x7edf,0x7ee7,0x7eea,0x7eed,0x7ef4,0x7f13,0x7f16,0x7f18,0x7f29,0x7f3a,0x7f51,0x7f6e,0x7f72,0x7fa9,0x7ffb,0x8003,0x8005,0x800c,0x8017,0x8054,0x8074,0x80c0,0x80cc,0x80f6,0x80fd,0x811a,0x8154,0x81a8,0x81ea,0x81f3,0x81f4,0x8212,0x822a,0x8235,0x826f,0x8272,0x8282,0x8303,0x8350,0x8361,0x8377,0x83b7,0x843d,0x84dd,0x8535,0x85cf,0x8651,0x865a,0x87ba,0x884c,0x8861,0x8865,0x8868,0x8870,0x88ab,0x88c5,0x88dc,0x88fd,0x8907,0x8981,0x8986,0x898b,0x898f,0x8996,0x899a,0x89a7,0x89b3,0x89c1,0x89c2,0x89c6,0x89c8,0x89c9,0x89d2,0x89e3,0x89e6,0x8a00,0x8a08,0x8a18,0x8a2d,0x8a31,0x8a3a,0x8a3c,0x8a66,0x8a70,0x8a73,0x8a8d,0x8a9e,0x8aa4,0x8aac,0x8aad,0x8abf,0x8b58,0x8b66,0x8b77,0x8ba1,0x8ba4,0x8ba8,0x8ba9,0x8bae,0x8bb0,0x8bb8,0x8bba,0x8bbe,0x8bbf,0x8bc1,0x8bc6,0x8bc9,0x8bca,0x8bd5,0x8bdd,0x8be2,0x8be5,0x8be6,0x8bed,0x8bef,0x8bf4,0x8bf7,0x8bfb,0x8c03,0x8c22,0x8c61,0x8cab,0x8cc7,0x8cea,0x8d25,0x8d27,0x8d28,0x8d34,0x8d44,0x8d70,0x8d77,0x8d85,0x8d8a,0x8d8b,0x8db3,0x8ddd,0x8ddf,0x8de1,0x8def,0x8df3,0x8e2a,0x8eab,0x8ee2,0x8ef8,0x8efd,0x8f03,0x8f09,0x8f6c,0x8f6e,0x8f6f,0x8f74,0x8f7b,0x8f7d,0x8f83,0x8f85,0x8f91,0x8f93,0x8fa8,0x8fb9,0x8fbc,0x8fbe,0x8fc7,0x8fce,0x8fd0,0x8fd1,0x8fd4,0x8fd8,0x8fd9,0x8fdb,0x8fdc,0x8fde,0x8ff0,0x8ffd,0x9000,0x9001,0x9002,0x9009,0x900f,0x9014,0x901a,0x901f,0x9020,0x9023,0x9031,0x9032,0x9047,0x904e,0x9053,0x9054,0x9055,0x9060,0x9065,0x9069,0x9078,0x90a3,0x90e8,0x90fd,0x914d,0x9192,0x91c7,0x91ca,0x91cc,0x91cd,0x91cf,0x91d1,0x9332,0x9488,0x949f,0x94ae,0x9500,0x9501,0x9519,0x952e,0x955c,0x9577,0x957f,0x9589,0x958b,0x9593,0x95a2,0x95b2,0x95e8,0x95ea,0x95ed,0x95ee,0x95f2,0x95f4,0x961f,0x9632,0x9634,0x963b,0x9644,0x9645,0x964d,0x9650,0x9664,0x9669,0x967a,0x968f,0x9690,0x9694,0x969b,0x969c,0x96c6,0x96e2,0x96f6,0x96fb,0x9700,0x9759,0x975e,0x9762,0x97f3,0x97ff,0x9805,0x9806,0x9808,0x984c,0x985e,0x9875,0x9876,0x9879,0x987b,0x9884,0x9891,0x9898,0x989c,0x989d,0x98a8,0x98ce,0x98de,0x9988,0x9996,0x9a6c,0x9a71,0x9a76,0x9a8c,0x9aa4,0x9ad8,0x9ed1,0x9ed8,0x9f7f,0x9f99,0xff01,0xff08,0xff09,0xff0c,0xff1a,0xff1b,0xff1f --bpp 4 --format lvgl --lv-include lvgl.h -o firmware/native-audit/main/noto_sans_cjk_16_compiled.c
 ******************************************************************************/

#ifdef LV_LVGL_H_INCLUDE_SIMPLE
#include "lvgl.h"
#else
#include "lvgl.h"
#endif

#ifndef NOTO_SANS_CJK_16_COMPILED
#define NOTO_SANS_CJK_16_COMPILED 1
#endif

#if NOTO_SANS_CJK_16_COMPILED

/*-----------------
 *    BITMAPS
 *----------------*/

/*Store the image of the glyphs*/
static LV_ATTRIBUTE_LARGE_CONST const uint8_t glyph_bitmap[] = {
    /* U+3001 "、" */
    0x4, 0x10, 0xd, 0x3e, 0x40, 0x16, 0x16, 0x10,
    0x0, 0x74, 0xf0, 0x40, 0x3, 0x88, 0x0,

    /* U+3002 "。" */
    0x3, 0xbd, 0x70, 0x7, 0x46, 0x6a, 0x93, 0x98,
    0xf6, 0x13, 0x88, 0x6f, 0x84, 0xe6, 0x83, 0x0,

    /* U+3005 "々" */
    0x0, 0xe3, 0x40, 0xf, 0xfa, 0x7c, 0x3, 0xfc,
    0x2b, 0xc0, 0x1f, 0xe6, 0x1, 0x33, 0xe0, 0xe,
    0x90, 0xbc, 0xce, 0x30, 0xa, 0x3, 0xff, 0x98,
    0x8c, 0x0, 0x4f, 0x60, 0x18, 0x5a, 0x0, 0x2e,
    0x45, 0x0, 0xd0, 0x4a, 0x0, 0xb1, 0xa2, 0x60,
    0x2, 0x34, 0x80, 0x4, 0x3c, 0x5e, 0x35, 0x65,
    0x90, 0x0, 0x36, 0x40, 0xbe, 0x94, 0x56, 0x1,
    0xf8, 0x67, 0x4b, 0x10, 0x3, 0xf8, 0xb5, 0x28,
    0x3, 0xfe, 0xac, 0x0, 0x0,

    /* U+300C "「" */
    0xcf, 0xfc, 0x61, 0x3d, 0xd1, 0x81, 0x88, 0xc0,
    0x1f, 0xfd, 0xf8, 0x40, 0xc,

    /* U+300D "」" */
    0x0, 0xc2, 0x80, 0x19, 0x20, 0x3, 0xff, 0xbe,
    0x23, 0x18, 0x1f, 0x75, 0x20,

    /* U+301C "〜" */
    0x0, 0xc4, 0x20, 0x1f, 0xfc, 0x7, 0xed, 0xed,
    0x40, 0xf, 0x10, 0x2, 0x22, 0xec, 0x4b, 0x70,
    0xd, 0x1a, 0x22, 0x6a, 0x61, 0x39, 0xa8, 0xb6,
    0x49, 0x79, 0x11, 0x72, 0x80, 0x65, 0xd0, 0x8b,
    0x4a, 0x60, 0xf, 0xe2, 0xbe, 0xfd, 0x50, 0x0,

    /* U+3042 "あ" */
    0x0, 0xff, 0xe3, 0xeb, 0x0, 0x7f, 0xf0, 0xc,
    0x80, 0x4, 0xac, 0x1, 0x56, 0xe6, 0x6, 0x7b,
    0xf6, 0x3c, 0x2, 0x89, 0x95, 0x4, 0xe7, 0x73,
    0x64, 0x2, 0x24, 0x54, 0x14, 0x21, 0xd7, 0x0,
    0xf9, 0x87, 0x3b, 0xce, 0xd0, 0x3, 0x9e, 0xc6,
    0x3a, 0x12, 0x69, 0xc0, 0x29, 0x94, 0x1a, 0xc,
    0xc2, 0xec, 0x10, 0x32, 0x7a, 0x90, 0x42, 0x18,
    0x19, 0x20, 0x44, 0x89, 0x83, 0xba, 0xc0, 0x23,
    0x31, 0xa, 0x0, 0x84, 0xe0, 0x80, 0x10, 0x5c,
    0x0, 0xed, 0x81, 0x24, 0x0, 0x4a, 0x72, 0x24,
    0x55, 0x2d, 0xc0, 0x5f, 0x2d, 0xa0, 0x0, 0xfb,
    0x8f, 0xe, 0x3b, 0x5b, 0x0, 0x0,

    /* U+3044 "い" */
    0x21, 0x0, 0xff, 0xb2, 0x40, 0x3c, 0x32, 0x20,
    0x17, 0x80, 0x78, 0x52, 0xc0, 0x6, 0x1, 0xfa,
    0x54, 0x80, 0x3f, 0xc8, 0x56, 0x3, 0xe0, 0x1f,
    0xa9, 0xc1, 0xc4, 0x3, 0xf2, 0x9, 0x99, 0x40,
    0x23, 0x0, 0xc6, 0x9, 0xa6, 0x1, 0x44, 0x0,
    0x31, 0x72, 0x3, 0x1, 0x26, 0x0, 0x6b, 0xd1,
    0x69, 0x7f, 0x34, 0x0, 0xcc, 0x81, 0x29, 0x1,
    0xc0, 0x1f, 0xd7, 0xda, 0x40, 0x1f, 0x0,

    /* U+3046 "う" */
    0x0, 0x13, 0xa1, 0x0, 0x7c, 0x37, 0x5b, 0xfe,
    0xe7, 0x0, 0x8f, 0x3b, 0xf7, 0x29, 0x40, 0x3e,
    0x23, 0x42, 0x0, 0x89, 0xa6, 0xf7, 0x24, 0x40,
    0xff, 0x6c, 0x32, 0xec, 0x9c, 0x47, 0x1b, 0xa9,
    0x76, 0x7d, 0x28, 0x7, 0x20, 0xf, 0x2b, 0x80,
    0x7f, 0x18, 0x80, 0x7e, 0x14, 0x40, 0x7, 0xc3,
    0x85, 0x20, 0x1c, 0x2f, 0xe7, 0xe2, 0x1, 0x4e,
    0xf4, 0x4f, 0x10, 0x6, 0xf5, 0xbf, 0x70, 0x8,

    /* U+3048 "え" */
    0x0, 0x86, 0xe1, 0x90, 0x84, 0x3, 0xf1, 0x95,
    0xdb, 0x78, 0xc0, 0x3c, 0x31, 0x5b, 0xfb, 0x66,
    0x1, 0xff, 0x12, 0x0, 0x78, 0x44, 0x46, 0x8c,
    0xf4, 0x40, 0x1d, 0xdc, 0xdd, 0x4d, 0x42, 0x8,
    0x7, 0x67, 0x7f, 0x6a, 0x8e, 0x18, 0x7, 0x18,
    0x80, 0x29, 0x30, 0x80, 0x3f, 0xa9, 0x64, 0x80,
    0x3f, 0xad, 0x4a, 0xd8, 0x3, 0xe1, 0xc5, 0xdd,
    0x35, 0x80, 0x78, 0x74, 0x7c, 0x82, 0x88, 0xc0,
    0x3b, 0x4b, 0x4, 0x0, 0x6b, 0x9d, 0xcf, 0x70,
    0xdc, 0x10, 0xd, 0x57, 0x17, 0x66,

    /* U+304A "お" */
    0x0, 0xde, 0xc0, 0x1f, 0xfc, 0x11, 0x30, 0xf,
    0xfe, 0x19, 0xba, 0x86, 0xc0, 0x4, 0x7d, 0xbc,
    0x35, 0xb6, 0x0, 0xe4, 0xe4, 0x3, 0xa9, 0xa0,
    0xbe, 0xc5, 0x3, 0xc8, 0xa0, 0x2, 0x24, 0xe,
    0x1, 0xe6, 0xe0, 0xf, 0x24, 0xde, 0xe4, 0x8,
    0x7, 0x9c, 0x28, 0x7a, 0x64, 0x7c, 0x40, 0x11,
    0x65, 0x87, 0x42, 0xa2, 0xda, 0x40, 0x5, 0xeb,
    0x82, 0x1, 0xec, 0x70, 0x1, 0x94, 0x80, 0x1c,
    0x3, 0xb1, 0xc0, 0x4, 0xc, 0x2, 0x1, 0x92,
    0xd2, 0x40, 0x3, 0x53, 0xe0, 0xc1, 0xbf, 0x6f,
    0x86, 0x1, 0x2f, 0x4d, 0x90, 0x4d, 0xee, 0x18,
    0x4,

    /* U+304B "か" */
    0x0, 0xc8, 0xc0, 0x1f, 0xfc, 0x1d, 0xb0, 0xf,
    0xfe, 0x9, 0x38, 0x6, 0x37, 0x0, 0xf9, 0x88,
    0xcc, 0x1, 0x42, 0x0, 0x27, 0xb9, 0xe4, 0xfb,
    0x9c, 0x66, 0x79, 0x0, 0x6d, 0xec, 0x87, 0xf7,
    0xac, 0x84, 0x92, 0x82, 0x29, 0xfa, 0x0, 0x58,
    0xc0, 0x2d, 0x20, 0x19, 0xf4, 0x2, 0xf7, 0x0,
    0x59, 0x98, 0x0, 0x82, 0xe0, 0x10, 0x88, 0x0,
    0x54, 0x60, 0xe, 0x51, 0x0, 0x88, 0x80, 0x12,
    0x80, 0x9, 0x60, 0x3, 0x2f, 0x0, 0x7a, 0x10,
    0x80, 0x26, 0x17, 0x0, 0xe4, 0x58, 0x7, 0xfe,
    0x97, 0x10, 0xe, 0x4b, 0x30, 0x7b, 0xb6, 0x40,
    0x7, 0x80,

    /* U+304C "が" */
    0x0, 0xff, 0xe0, 0x99, 0x0, 0x79, 0x90, 0x3,
    0x1c, 0x34, 0x80, 0x7a, 0x30, 0x3, 0x1a, 0xb0,
    0x18, 0x7, 0xe, 0x80, 0x63, 0xa7, 0xb3, 0x0,
    0xc6, 0x0, 0x43, 0x0, 0x55, 0x10, 0x2, 0xde,
    0xfc, 0xb, 0xac, 0xc0, 0x49, 0xb0, 0x5, 0x75,
    0x8a, 0xae, 0xe6, 0x9a, 0x84, 0x40, 0x2, 0x64,
    0x34, 0xc0, 0x1, 0x19, 0x3, 0x3, 0x80, 0x63,
    0x17, 0x0, 0x84, 0x40, 0x6, 0xa0, 0xd, 0x48,
    0x20, 0x11, 0x98, 0x1, 0x50, 0x1, 0x9b, 0x80,
    0x30, 0xb0, 0x0, 0x94, 0x2, 0x72, 0x50, 0x8,
    0xc0, 0xc0, 0x3c, 0x33, 0x0, 0x20, 0x8, 0x40,
    0xf, 0xa0, 0x14, 0x37, 0xb8, 0x9e, 0x1, 0xf4,
    0x68, 0x3, 0x6a, 0xf9, 0x0, 0x3c,

    /* U+304D "き" */
    0x0, 0xe3, 0xd0, 0xf, 0xf1, 0x92, 0x21, 0xd8,
    0x7, 0xfd, 0xdd, 0x5, 0xd6, 0x0, 0x7, 0xb7,
    0x73, 0x9f, 0x5b, 0x0, 0x4, 0x8c, 0xea, 0x31,
    0x1, 0x23, 0x76, 0x55, 0x32, 0x6, 0xe7, 0x43,
    0xe5, 0x4c, 0xab, 0x4c, 0xd5, 0x94, 0x97, 0x99,
    0xaf, 0x8, 0xc, 0x0, 0x22, 0x0, 0x88, 0x97,
    0x2, 0x0, 0xa8, 0x0, 0x93, 0xe4, 0x50, 0x0,
    0xba, 0x1, 0x36, 0xfe, 0xa8, 0x0, 0xc8, 0x3,
    0xc4, 0x1, 0x54, 0xc9, 0x4c, 0xc8, 0xca, 0x1,
    0x3d, 0x15, 0xe6, 0x2a, 0xf4, 0x0,

    /* U+304E "ぎ" */
    0x0, 0xff, 0xe0, 0x38, 0x7, 0xc3, 0xa6, 0x0,
    0x84, 0xd6, 0x0, 0xf0, 0x82, 0x12, 0xfc, 0xc6,
    0x80, 0x3b, 0xfb, 0xa2, 0x8d, 0x91, 0x83, 0xb0,
    0x7, 0xee, 0xea, 0xf, 0xc6, 0x51, 0x0, 0x84,
    0x8c, 0xe5, 0x14, 0x0, 0x10, 0x4, 0x2c, 0xa8,
    0x92, 0x94, 0x5f, 0x60, 0x4, 0x75, 0x13, 0x53,
    0x0, 0x65, 0x78, 0x1, 0x16, 0x6e, 0xbb, 0x75,
    0x88, 0xa, 0x40, 0x1c, 0x40, 0x18, 0xa1, 0x8c,
    0x3, 0x9f, 0xc0, 0x23, 0xfc, 0xa, 0x0, 0xec,
    0x50, 0x8, 0xf7, 0xfa, 0x40, 0x38, 0x48, 0x3,
    0xc2, 0x1, 0xee, 0x5b, 0x54, 0x34, 0x57, 0x0,
    0xf2, 0x60, 0xc5, 0xe5, 0x46, 0x80, 0x70,

    /* U+304F "く" */
    0x0, 0xf9, 0x1c, 0x3, 0xe3, 0xab, 0x0, 0xf2,
    0x62, 0x60, 0x7, 0x3d, 0xc5, 0x0, 0x75, 0x45,
    0x38, 0x7, 0x63, 0xea, 0x80, 0x74, 0x9e, 0x10,
    0x7, 0xbc, 0x10, 0x3, 0xe6, 0x7a, 0x70, 0xf,
    0xa2, 0x62, 0x80, 0x3e, 0x6b, 0x5c, 0x10, 0xf,
    0x26, 0x96, 0x10, 0x7, 0x8b, 0xf, 0x8, 0x3,
    0xc5, 0x84, 0x1, 0xf8, 0xb0, 0x80,

    /* U+3050 "ぐ" */
    0x0, 0xf9, 0x90, 0x3, 0xf9, 0xa7, 0x80, 0x3f,
    0x3c, 0xc5, 0x0, 0x7d, 0x51, 0x4e, 0xc, 0x80,
    0x10, 0xe3, 0xea, 0xb4, 0xad, 0x0, 0xb, 0xc3,
    0x8, 0x19, 0xc1, 0x8c, 0x38, 0xf0, 0x40, 0x2a,
    0x8, 0x30, 0x63, 0x20, 0xc, 0x86, 0x1, 0x52,
    0xea, 0x0, 0x7f, 0x5b, 0x5b, 0x80, 0x7f, 0x4c,
    0x42, 0x80, 0x3f, 0x9e, 0x96, 0xc0, 0x3f, 0x96,
    0xd3, 0x4, 0x3, 0xf2, 0x58, 0x7, 0xfc, 0x98,
    0x20, 0x0,

    /* U+3051 "け" */
    0x6, 0xc0, 0xf, 0x27, 0x90, 0x5, 0xc0, 0x1f,
    0x30, 0x7, 0x12, 0x80, 0x78, 0xc0, 0x39, 0xbc,
    0x0, 0x22, 0x0, 0xce, 0xaa, 0x2, 0x20, 0x2,
    0xfb, 0xfd, 0xc1, 0x54, 0xf0, 0x17, 0x0, 0x5e,
    0xe6, 0x41, 0x9f, 0x40, 0x1, 0x0, 0x9, 0x19,
    0x88, 0x4, 0x0, 0x20, 0x60, 0x1f, 0x8c, 0x0,
    0x20, 0x56, 0x1, 0xc6, 0x2, 0x1, 0xc, 0x98,
    0x7, 0x38, 0x80, 0x63, 0x5b, 0x0, 0xee, 0x40,
    0xc, 0xe2, 0x60, 0x19, 0x92, 0x0, 0x36, 0x18,
    0x6, 0x89, 0x72, 0x0, 0xcd, 0xa0, 0x10, 0x9c,
    0xc0, 0x6,

    /* U+3052 "げ" */
    0x0, 0xff, 0xe0, 0x90, 0x0, 0x8c, 0x3, 0xc6,
    0xac, 0x7c, 0x21, 0x10, 0x0, 0xf5, 0xca, 0xcd,
    0x30, 0x31, 0x80, 0x7b, 0xc0, 0xf5, 0x9c, 0xb,
    0x40, 0x3c, 0x23, 0x19, 0x80, 0x2, 0xe0, 0xd,
    0xff, 0x74, 0x97, 0x5d, 0x80, 0x40, 0x80, 0x1f,
    0x76, 0xa7, 0x2e, 0xf8, 0x3, 0x0, 0xc4, 0x89,
    0x70, 0x88, 0x2, 0x10, 0xf, 0xfe, 0x21, 0x48,
    0x7, 0x73, 0x80, 0x61, 0xb, 0xc0, 0xe, 0x22,
    0x0, 0x62, 0x6, 0x40, 0xe, 0x5c, 0x0, 0xe2,
    0x31, 0x0, 0xd4, 0x4a, 0x1, 0xce, 0xc0, 0x10,
    0xda, 0xc8, 0x7, 0xae, 0xc0, 0x12, 0xb5, 0xa0,
    0x7, 0x84, 0x40, 0x12, 0x6a, 0x0, 0x78,

    /* U+3053 "こ" */
    0x0, 0x10, 0x80, 0x42, 0x22, 0x10, 0x1, 0xef,
    0x7f, 0xdd, 0xcd, 0x50, 0x1, 0xf6, 0xe6, 0x6d,
    0xe4, 0x0, 0x84, 0x8c, 0xf1, 0x8, 0x7, 0xff,
    0x6f, 0x50, 0x3, 0xf8, 0x49, 0x80, 0x3f, 0x8c,
    0x4, 0x3, 0xf8, 0x89, 0xc8, 0x1, 0xc4, 0xa4,
    0x1e, 0x37, 0xfd, 0xcf, 0xf6, 0xd3, 0x81, 0x67,
    0x5d, 0xa2, 0xaf, 0x7d, 0x40,

    /* U+3054 "ご" */
    0x0, 0xff, 0x88, 0x80, 0x1f, 0xe2, 0x86, 0xe0,
    0xf, 0xf1, 0x28, 0x32, 0x84, 0x7f, 0x73, 0x7b,
    0x9f, 0xee, 0x2a, 0x50, 0xaa, 0x44, 0x2e, 0x2e,
    0xac, 0xd8, 0x2, 0x25, 0x66, 0xca, 0xa4, 0x0,
    0xff, 0xf1, 0x15, 0x80, 0x7f, 0xf0, 0x11, 0x40,
    0x3f, 0xf8, 0x2, 0x1, 0xff, 0xc1, 0x41, 0xa2,
    0x0, 0xe2, 0x50, 0x8, 0xe9, 0x37, 0xfb, 0x9f,
    0xed, 0xa1, 0x0, 0x97, 0xb2, 0xa2, 0x15, 0x7b,
    0xe2, 0x0,

    /* U+3055 "さ" */
    0x0, 0xf5, 0x28, 0x7, 0xfd, 0xc0, 0x18, 0x44,
    0x1, 0xbd, 0xd, 0xa6, 0x4d, 0xdf, 0xee, 0xfa,
    0xc, 0xb0, 0xc7, 0xdc, 0xba, 0xcc, 0x32, 0x6c,
    0xa8, 0x11, 0xa2, 0xc, 0xd0, 0x84, 0x1, 0xfc,
    0x2d, 0x20, 0x10, 0x88, 0x2, 0x24, 0xa4, 0x50,
    0x4, 0xe8, 0x4, 0x93, 0x81, 0x20, 0x5, 0xa0,
    0x9, 0xb7, 0xfb, 0x40, 0x4, 0x40, 0xf, 0x8,
    0x80, 0x7, 0xc0, 0x1f, 0xef, 0x5d, 0x86, 0x63,
    0xc5, 0x8, 0x0, 0xfa, 0x8e, 0xee, 0x33, 0x8,
    0x0,

    /* U+3056 "ざ" */
    0x0, 0xff, 0xb, 0x30, 0x3, 0xeb, 0x30, 0x3c,
    0x48, 0x10, 0xf, 0x35, 0x81, 0xba, 0x59, 0x88,
    0x80, 0x35, 0x21, 0xb8, 0x89, 0x4a, 0xfb, 0xfb,
    0x9f, 0x7, 0x96, 0x46, 0x0, 0xbd, 0xca, 0xa6,
    0x60, 0xdf, 0x25, 0x0, 0x2, 0x46, 0x88, 0x33,
    0x43, 0x0, 0x7f, 0xf0, 0x10, 0xa0, 0x3, 0x84,
    0x3, 0x11, 0x21, 0xc8, 0x3, 0x54, 0x80, 0x57,
    0xb6, 0x16, 0x1, 0x92, 0x80, 0x29, 0xff, 0x64,
    0x0, 0x44, 0x4, 0x1, 0xe3, 0x10, 0x8, 0x81,
    0xc0, 0x3f, 0xf8, 0x11, 0x34, 0xa8, 0x93, 0x40,
    0x7, 0x3d, 0x84, 0x5d, 0xaa, 0xc8, 0x3, 0xc9,
    0x5b, 0xfe, 0xed, 0xa0, 0xc,

    /* U+3057 "し" */
    0x0, 0xff, 0xe0, 0x17, 0xb0, 0x7, 0xf1, 0x81,
    0x80, 0x7f, 0x8, 0x8, 0x7, 0xf0, 0x83, 0x80,
    0x7f, 0xf2, 0xc4, 0x3, 0xf8, 0xc0, 0x3f, 0xf9,
    0xa6, 0x1, 0xfc, 0x20, 0x1f, 0xd0, 0x2, 0x6,
    0x1, 0xe9, 0x72, 0x20, 0x20, 0x6, 0x1a, 0x69,
    0x20, 0x69, 0x85, 0x69, 0xe4, 0xb6, 0x0, 0x4c,
    0x2d, 0x41, 0x47, 0x20, 0x0,

    /* U+3058 "じ" */
    0x14, 0x0, 0xff, 0x25, 0x90, 0x7, 0x48, 0x4,
    0xc0, 0x60, 0x1, 0xc0, 0x39, 0x0, 0x38, 0x8,
    0x0, 0x56, 0x6d, 0xc4, 0x3, 0xe8, 0x51, 0xe1,
    0x0, 0xf8, 0x70, 0x3, 0x8, 0x7, 0xff, 0x0,
    0x40, 0x3f, 0xc6, 0x1, 0xff, 0xc9, 0x40, 0xf,
    0xf5, 0x50, 0x14, 0x4c, 0x3, 0xd, 0xad, 0x1,
    0x96, 0xba, 0xbd, 0x73, 0x62, 0x0, 0x31, 0xe6,
    0xa8, 0x35, 0xa6, 0x0,

    /* U+3059 "す" */
    0x0, 0xf9, 0x7c, 0x3, 0xff, 0x8e, 0x97, 0x76,
    0x65, 0x1, 0xbb, 0xac, 0xf, 0x36, 0x66, 0x50,
    0x99, 0xa3, 0xd2, 0x1d, 0x95, 0x6c, 0x4, 0x49,
    0x50, 0x3, 0x16, 0x7d, 0x80, 0x7f, 0xbd, 0xb6,
    0x80, 0x80, 0x3e, 0x12, 0x82, 0x51, 0x40, 0xf,
    0x84, 0x14, 0xc, 0x40, 0x3f, 0xaa, 0x3b, 0x0,
    0x80, 0x3f, 0x2f, 0x6b, 0x12, 0x0, 0x7f, 0xd,
    0x34, 0x80, 0x7e, 0x19, 0xe7, 0xb4, 0x0, 0xfc,
    0x3d, 0x7c, 0x80, 0x1e,

    /* U+305A "ず" */
    0x0, 0xff, 0x88, 0x5c, 0x3, 0xfb, 0xd4, 0x70,
    0x24, 0xc0, 0x3f, 0x84, 0x49, 0x32, 0xb0, 0x11,
    0x11, 0xc, 0xe0, 0x34, 0xc0, 0x38, 0x1e, 0xe6,
    0xeb, 0x37, 0x41, 0x35, 0xd, 0x46, 0x3d, 0xff,
    0xbb, 0x83, 0x5d, 0xd8, 0xc0, 0x40, 0x25, 0xcc,
    0x8, 0x7, 0xf9, 0x2a, 0xe4, 0x8, 0x3, 0xfb,
    0x99, 0xd5, 0xf4, 0x3, 0xff, 0x82, 0x4c, 0x1,
    0xfd, 0xed, 0xc, 0xac, 0x1, 0xfc, 0xb2, 0x7e,
    0x18, 0x1, 0xfe, 0x6b, 0x1, 0x70, 0xf, 0xf2,
    0x63, 0xe0, 0x7, 0xfa, 0x6d, 0x70, 0x80, 0x3f,
    0xd3, 0xd2, 0x40, 0x1f, 0x0,

    /* U+305B "せ" */
    0x0, 0xff, 0x21, 0x80, 0x7d, 0xa8, 0x1, 0xbe,
    0xc0, 0x3e, 0x20, 0xf, 0x78, 0x7, 0xff, 0x10,
    0x40, 0x21, 0x30, 0xd8, 0x9b, 0xc4, 0x8f, 0xe7,
    0x6f, 0xed, 0x5, 0x11, 0x6c, 0x93, 0xef, 0x3b,
    0xb7, 0xf8, 0x22, 0x61, 0x94, 0x78, 0x84, 0x4,
    0x80, 0x3f, 0x11, 0x0, 0x3f, 0xc3, 0xfc, 0x2a,
    0x1, 0xfe, 0x1d, 0xd8, 0x40, 0x3e, 0x11, 0x0,
    0x8, 0xc8, 0x3, 0xf2, 0xf1, 0x0, 0x42, 0x48,
    0x1, 0xe8, 0x6d, 0xff, 0xbb, 0x64, 0x3, 0xc7,
    0xba, 0xcb, 0xcc, 0x6e, 0x80, 0x0,

    /* U+305D "そ" */
    0x0, 0xfc, 0x24, 0x20, 0x1e, 0xbe, 0xe7, 0xfb,
    0xb7, 0x40, 0x1e, 0x8a, 0xdd, 0x88, 0xf4, 0x3,
    0xc6, 0x86, 0x1e, 0xf8, 0x20, 0x1f, 0x93, 0x2a,
    0x80, 0x1f, 0xcf, 0x54, 0x71, 0x23, 0x32, 0x0,
    0xb4, 0x5c, 0x5, 0x7f, 0x67, 0x72, 0x81, 0x68,
    0x8e, 0x6c, 0x1b, 0xb9, 0xba, 0xe0, 0x4c, 0xa8,
    0x6e, 0x69, 0x10, 0xf, 0xe3, 0x48, 0x0, 0xff,
    0x9c, 0x3, 0xff, 0x82, 0xa0, 0xc0, 0x1f, 0xf0,
    0xcc, 0xb6, 0x19, 0x40, 0x3f, 0x36, 0x22, 0x2f,
    0xc0, 0x3f, 0x8e, 0x73, 0x68, 0x2,

    /* U+305F "た" */
    0x0, 0xc5, 0x64, 0x1, 0xff, 0x32, 0x10, 0x7,
    0xfc, 0x62, 0x8f, 0x0, 0x1c, 0x5f, 0xf4, 0xd,
    0x58, 0x7, 0x8b, 0x32, 0x19, 0xec, 0x80, 0xf,
    0x19, 0x88, 0x50, 0xb, 0x37, 0x6c, 0x50, 0x9,
    0xc4, 0x80, 0xea, 0x26, 0x29, 0x80, 0x2d, 0x40,
    0x0, 0xb2, 0xa2, 0xb1, 0x80, 0x49, 0xe0, 0x1f,
    0xf2, 0x82, 0x80, 0xf0, 0x80, 0x7d, 0xc8, 0x0,
    0x21, 0x10, 0x7, 0x89, 0x38, 0x0, 0x20, 0xc0,
    0x10, 0x90, 0x58, 0xa8, 0x0, 0xa2, 0x7f, 0xbf,
    0xa4, 0x2a, 0xc0, 0x33, 0xfe, 0x56, 0x6d, 0x0,

    /* U+3060 "だ" */
    0x0, 0xd4, 0x80, 0x1e, 0x80, 0xf, 0x28, 0x7,
    0x4a, 0x84, 0x0, 0x63, 0x0, 0x34, 0x80, 0x2e,
    0xd2, 0x41, 0xdf, 0xec, 0xb, 0xb1, 0x80, 0xa,
    0x86, 0x83, 0x6e, 0xc8, 0x8f, 0xda, 0x0, 0x90,
    0x2, 0x34, 0x43, 0x68, 0x2, 0xf3, 0x75, 0x90,
    0x1, 0x88, 0x88, 0x0, 0xca, 0x88, 0x56, 0x80,
    0x65, 0x12, 0x0, 0x3b, 0x2a, 0x99, 0x40, 0x35,
    0xb8, 0x7, 0xff, 0x0, 0x4f, 0x40, 0x18, 0x80,
    0x1f, 0x98, 0x50, 0x0, 0x6e, 0x1, 0xfa, 0x9c,
    0x2, 0x1b, 0x0, 0xc4, 0x0, 0x52, 0xa0, 0xa,
    0xdf, 0xfb, 0x9f, 0xa0, 0x7, 0x83, 0x0, 0x97,
    0xf2, 0xee, 0xd0, 0x0,

    /* U+3061 "ち" */
    0x0, 0xff, 0xe2, 0xc6, 0x0, 0x7f, 0xc2, 0xc0,
    0x1f, 0x9d, 0x51, 0x41, 0x5e, 0x2f, 0xa8, 0x1,
    0x71, 0x46, 0xf3, 0x84, 0x77, 0x0, 0xc, 0xdc,
    0xd, 0xcb, 0xa8, 0x52, 0x0, 0xca, 0x60, 0x1f,
    0xf6, 0x21, 0x45, 0xed, 0xc0, 0x80, 0x42, 0x88,
    0xc1, 0xd9, 0xe4, 0xf1, 0x0, 0x30, 0x37, 0xcb,
    0x22, 0xe1, 0xc8, 0x4, 0xf4, 0x20, 0x1c, 0xe4,
    0x0, 0x78, 0x0, 0xf9, 0x8, 0x3, 0xf9, 0x34,
    0x24, 0x3, 0x56, 0xe6, 0xfd, 0xb6, 0x8, 0x6,
    0x9b, 0xab, 0xcf, 0xb2, 0x0,

    /* U+3063 "っ" */
    0x0, 0xff, 0xe1, 0xa4, 0x67, 0xfd, 0x42, 0x7,
    0x5d, 0x65, 0x59, 0xd8, 0xd8, 0x2, 0xd7, 0xf4,
    0xc6, 0x27, 0xa4, 0xa5, 0x8a, 0x1, 0xe1, 0x32,
    0x0, 0xff, 0x19, 0x0, 0x7e, 0x1b, 0x25, 0x0,
    0xf1, 0xc7, 0xb6, 0x0, 0x61, 0xef, 0xc4, 0x8d,
    0x10, 0xc, 0x35, 0xbf, 0x8c, 0x1, 0x0,

    /* U+3064 "つ" */
    0x0, 0xf0, 0x9a, 0x18, 0x80, 0x78, 0xe3, 0x7b,
    0x2b, 0x3a, 0x40, 0x9, 0x3d, 0x87, 0x5b, 0xfd,
    0xf6, 0xf4, 0x18, 0x93, 0xd6, 0xe4, 0x1, 0x25,
    0x29, 0xc6, 0xb8, 0x80, 0x7c, 0x80, 0x80, 0x1f,
    0xfc, 0xd3, 0x3, 0x0, 0xff, 0x17, 0x1a, 0x0,
    0x7e, 0x16, 0xd0, 0xe0, 0xe, 0x47, 0x9b, 0xe8,
    0x7c, 0x20, 0xe, 0x29, 0x22, 0x57, 0x40, 0x80,
    0x0,

    /* U+3065 "づ" */
    0x0, 0xff, 0xe7, 0x99, 0x5a, 0x0, 0x7f, 0xf0,
    0x1a, 0x62, 0x40, 0x3f, 0xc2, 0xa, 0x3, 0xc0,
    0x1c, 0x2d, 0x5d, 0xfd, 0xf9, 0x4, 0x60, 0x3,
    0x7c, 0xeb, 0x3b, 0xce, 0xc6, 0xc5, 0x0, 0xba,
    0x57, 0x36, 0x54, 0xc4, 0xe9, 0xac, 0x2, 0xfe,
    0x93, 0x0, 0xfa, 0x84, 0x80, 0x4, 0x1, 0xfe,
    0x10, 0x10, 0xf, 0xfe, 0xa, 0x1, 0x0, 0x7f,
    0xf0, 0xe, 0x14, 0x40, 0x3f, 0xc2, 0xf8, 0x54,
    0x1, 0xf2, 0x34, 0x5f, 0x4b, 0xe0, 0x7, 0xef,
    0x84, 0x1a, 0xe8, 0x0, 0xfe, 0xbe, 0xca, 0x50,
    0xf, 0x0,

    /* U+3066 "て" */
    0x0, 0xfc, 0x26, 0x8a, 0xc0, 0x8f, 0x15, 0x9b,
    0xdf, 0xd9, 0x77, 0xe, 0x59, 0x12, 0xa7, 0x54,
    0xab, 0xfb, 0x46, 0x32, 0xa1, 0x92, 0x9f, 0x14,
    0x3, 0xf8, 0xdb, 0xc4, 0x3, 0xfd, 0x2a, 0x40,
    0x1f, 0xf3, 0xe0, 0x7, 0xff, 0x0, 0xc0, 0x3f,
    0xf8, 0x25, 0xa0, 0x1f, 0xfc, 0xa, 0x45, 0x0,
    0xff, 0x99, 0xea, 0x4c, 0x3, 0xfd, 0x12, 0x99,
    0xf2, 0x1, 0xfc, 0xdb, 0x95, 0x40, 0x0,

    /* U+3067 "で" */
    0x0, 0xfc, 0x46, 0x8a, 0xc0, 0x8f, 0x35, 0x9b,
    0xfe, 0xdc, 0xbb, 0x83, 0x6c, 0xca, 0xa7, 0x10,
    0xaf, 0xfb, 0x42, 0x72, 0xa1, 0x92, 0x5f, 0x50,
    0x45, 0x40, 0x1e, 0x45, 0xd0, 0x6, 0x10, 0xb0,
    0x7, 0x7b, 0x88, 0x2, 0x7e, 0x40, 0x3c, 0xb8,
    0x1, 0x27, 0x13, 0x0, 0x70, 0x88, 0x3, 0x10,
    0x7, 0xc3, 0x80, 0x1f, 0xfc, 0x9, 0x64, 0x0,
    0xff, 0x9d, 0x6e, 0x48, 0x3, 0xfd, 0x50, 0xfb,
    0xf0, 0x1, 0xfc, 0xfd, 0x93, 0x40, 0x0,

    /* U+3068 "と" */
    0x4, 0x0, 0xfe, 0x2b, 0x50, 0xf, 0xc4, 0x9c,
    0x1, 0xc6, 0xa0, 0x8, 0x43, 0x0, 0xc, 0xe7,
    0x80, 0xc, 0xd0, 0x11, 0xc5, 0x94, 0x1, 0x42,
    0x72, 0xdd, 0x8c, 0x3, 0x70, 0xc6, 0xa0, 0x7,
    0x5b, 0xe3, 0x0, 0x79, 0x53, 0x8, 0x3, 0xef,
    0x51, 0x0, 0xff, 0xe3, 0xe2, 0xc0, 0x80, 0x61,
    0x32, 0x68, 0x6e, 0xed, 0xfd, 0x8a, 0xf, 0xd9,
    0x71, 0x75, 0x7a, 0xe0,

    /* U+3069 "ど" */
    0x0, 0xff, 0x95, 0x40, 0x7, 0xa0, 0xf, 0x1e,
    0xbd, 0x88, 0x12, 0x90, 0x7, 0x1b, 0xad, 0x90,
    0x29, 0x50, 0x6, 0x6c, 0xb5, 0x51, 0x80, 0x2d,
    0xc4, 0x17, 0x62, 0xc4, 0x80, 0x33, 0xd, 0xe5,
    0x53, 0x9c, 0x3, 0xe4, 0x55, 0x73, 0x80, 0x7e,
    0xb7, 0xc9, 0x10, 0xf, 0xd0, 0xb8, 0x60, 0x1f,
    0xe7, 0xb1, 0x0, 0xff, 0x10, 0x38, 0x7, 0xfc,
    0x41, 0x60, 0x1f, 0xfc, 0x9, 0x6d, 0x87, 0x74,
    0x4d, 0x68, 0x6, 0x6c, 0x53, 0xaa, 0x22, 0x82,
    0x80, 0x40,

    /* U+306A "な" */
    0x0, 0xc9, 0x80, 0x1f, 0xfc, 0x3, 0x10, 0xf,
    0xfe, 0x6, 0xb3, 0xd0, 0x1, 0x0, 0x27, 0xff,
    0x95, 0x58, 0x40, 0x77, 0x86, 0xf, 0xba, 0x91,
    0xeb, 0x80, 0x3e, 0x5c, 0x70, 0x22, 0x53, 0x0,
    0x45, 0x3, 0x34, 0x60, 0x4, 0x39, 0x0, 0x99,
    0x80, 0x5, 0x40, 0x4, 0x28, 0x80, 0x4e, 0x20,
    0x1c, 0xc7, 0x0, 0x18, 0x40, 0x38, 0xa5, 0xc8,
    0x1f, 0x37, 0x80, 0xc0, 0x33, 0x40, 0x45, 0xcf,
    0xc8, 0x65, 0x8, 0x14, 0x80, 0x16, 0x94, 0x98,
    0x2d, 0xbc, 0x80, 0x33, 0xda, 0x9c, 0xa, 0x63,
    0x10, 0x6, 0xb4, 0xbc, 0x7d, 0x0, 0x40, 0x0,

    /* U+306B "に" */
    0x3, 0xe1, 0x0, 0xff, 0x98, 0x4, 0x0, 0xae,
    0xe6, 0x77, 0x40, 0x3, 0x54, 0x2, 0x3b, 0xb5,
    0x5d, 0x88, 0x0, 0x46, 0x1, 0x36, 0x67, 0x50,
    0x1, 0xb8, 0x3, 0xff, 0x80, 0x24, 0x1, 0xff,
    0xc0, 0x27, 0x0, 0xff, 0xe1, 0x40, 0x1, 0x0,
    0x3f, 0xac, 0x81, 0x28, 0x3, 0xf0, 0xbf, 0x1,
    0x18, 0x7, 0xe2, 0x4, 0x4, 0x2c, 0x76, 0x79,
    0xa5, 0x5, 0x30, 0x1, 0x63, 0x5c, 0x52, 0x80,
    0x85, 0x48, 0x4, 0x75, 0x9d, 0xb9, 0x48,

    /* U+306E "の" */
    0x0, 0xe2, 0x67, 0x41, 0x0, 0xf8, 0xb3, 0x62,
    0x13, 0xd4, 0x20, 0x19, 0xb5, 0x36, 0x4b, 0x74,
    0x3e, 0x20, 0x3, 0x9a, 0x82, 0xd4, 0x2, 0xb5,
    0xa0, 0x7, 0x3a, 0x80, 0x1f, 0xc0, 0x29, 0x42,
    0x42, 0x90, 0x0, 0x92, 0x80, 0x44, 0x2e, 0x44,
    0x10, 0x2, 0x1, 0x80, 0x63, 0x20, 0xe, 0xe6,
    0x0, 0xe2, 0x2c, 0x20, 0x49, 0x40, 0x19, 0x41,
    0xd0, 0x6d, 0x3d, 0xc, 0x2, 0x1b, 0x52, 0xa,
    0x5b, 0xa, 0x0, 0x9b, 0xce, 0xc0, 0x9, 0xd9,
    0xa2, 0x17, 0xf2, 0xda, 0x20, 0x10, 0x98, 0x5,
    0xf7, 0xf0, 0x1, 0x0,

    /* U+306F "は" */
    0x1, 0x20, 0xf, 0x9, 0x0, 0x73, 0xe0, 0x7,
    0x9f, 0x0, 0x3b, 0x94, 0x3, 0xe3, 0x0, 0xe2,
    0x30, 0x1, 0x21, 0x9b, 0x8d, 0x61, 0x40, 0xf,
    0xa0, 0xa, 0xa6, 0x61, 0xc6, 0xc, 0x2, 0x36,
    0x0, 0x47, 0x7f, 0xa8, 0xb6, 0xd4, 0x0, 0x22,
    0x0, 0xf8, 0xc0, 0x30, 0x81, 0x0, 0x78, 0x44,
    0x1, 0x8c, 0x5, 0x40, 0x30, 0x80, 0x78, 0xc2,
    0x48, 0xb, 0x3f, 0xd6, 0xc, 0x1, 0x8, 0x33,
    0x3, 0xef, 0xfb, 0x2, 0xf9, 0x0, 0x2, 0x42,
    0x6, 0x20, 0xb, 0xd, 0x6a, 0x0, 0x2a, 0x80,
    0x17, 0x3f, 0xcf, 0x1, 0x1c, 0x0, 0x8a, 0x0,
    0x2f, 0xe5, 0x73, 0x80, 0x60,

    /* U+3070 "ば" */
    0x0, 0xff, 0xe2, 0x8, 0x80, 0x3c, 0x42, 0xe5,
    0x80, 0xb, 0xa0, 0xf, 0x63, 0x7a, 0x39, 0x83,
    0x60, 0x7, 0x8c, 0x6b, 0xa8, 0xc0, 0x8c, 0x0,
    0x86, 0x44, 0x3e, 0x40, 0xc, 0x2c, 0x3, 0x79,
    0xba, 0x16, 0xa2, 0x0, 0x10, 0x10, 0xf, 0xfe,
    0x2b, 0xca, 0x10, 0x11, 0x0, 0x7c, 0x26, 0x1,
    0x9c, 0xc0, 0x3f, 0x8, 0x6, 0x21, 0x22, 0x0,
    0x73, 0x80, 0x71, 0x8d, 0xb0, 0x1e, 0x7f, 0x93,
    0x0, 0x30, 0x9a, 0x20, 0x36, 0xbf, 0x91, 0x1c,
    0xa0, 0x7, 0x17, 0x3, 0x16, 0x1, 0x66, 0x4d,
    0x30, 0x10, 0x60, 0x18, 0xdb, 0x41, 0x6b, 0xda,
    0x80, 0x99, 0x0, 0x30, 0x69, 0x25, 0x1, 0xc,
    0x0,

    /* U+3076 "ぶ" */
    0x0, 0xf2, 0x0, 0x7f, 0xf0, 0x92, 0xf1, 0x0,
    0x32, 0x8, 0x7, 0x93, 0xd2, 0xec, 0x8, 0xc7,
    0x0, 0x1f, 0xa1, 0x90, 0xd6, 0x19, 0x48, 0x3,
    0xe1, 0x2c, 0x31, 0x82, 0xc2, 0x0, 0xe1, 0x71,
    0xb3, 0x0, 0x31, 0x80, 0x7c, 0x73, 0x0, 0x18,
    0x40, 0x3f, 0x16, 0x3b, 0x0, 0x23, 0x40, 0x3e,
    0x60, 0x2b, 0x93, 0x9, 0x26, 0x0, 0xc3, 0x94,
    0x0, 0x45, 0xf0, 0x18, 0x80, 0x4, 0xbe, 0xf8,
    0x1, 0x71, 0x88, 0x30, 0x38, 0x35, 0x35, 0x88,
    0x80, 0x6, 0x2, 0x0, 0x6a, 0x6, 0xc8, 0x5,
    0xef, 0xe8, 0x60, 0xa, 0x70, 0x0, 0x60, 0x4,
    0xcb, 0xb6, 0xc8, 0x4, 0x22, 0x0,

    /* U+3078 "へ" */
    0x0, 0xf0, 0x80, 0x7f, 0xf0, 0xa3, 0xb0, 0x40,
    0x3f, 0xe6, 0x77, 0xe, 0x80, 0x7f, 0x8e, 0x65,
    0x18, 0x56, 0x1, 0xf8, 0x75, 0x58, 0x7, 0x52,
    0x40, 0x3c, 0x38, 0x74, 0x1, 0x1d, 0x33, 0x80,
    0x76, 0x17, 0x80, 0x72, 0xc4, 0x18, 0x3, 0x4d,
    0x10, 0x7, 0x9d, 0xa5, 0x80, 0x24, 0x50, 0xf,
    0xd2, 0xb2, 0xe0, 0x1f, 0xfc, 0x1a, 0x59, 0x0,
    0xff, 0xe1, 0x56, 0x0,

    /* U+3079 "べ" */
    0x0, 0xff, 0xe0, 0x21, 0x80, 0x7f, 0xf0, 0x1d,
    0x7, 0x80, 0x3e, 0x5c, 0x60, 0x1, 0x4a, 0xb3,
    0x80, 0x72, 0xd3, 0xcb, 0x2, 0xb2, 0xd3, 0x80,
    0x62, 0xa7, 0xb9, 0x92, 0x85, 0xa8, 0x80, 0x61,
    0xf4, 0x80, 0x67, 0xa3, 0x0, 0xfb, 0x42, 0x80,
    0x28, 0x5d, 0x20, 0xe, 0xc3, 0xf1, 0x0, 0xd4,
    0x58, 0x20, 0x19, 0xa4, 0x80, 0x3d, 0xa7, 0x82,
    0x1, 0x53, 0x0, 0x7c, 0x3e, 0x78, 0x20, 0x1f,
    0xfc, 0x2, 0xd3, 0xc0, 0xf, 0xfe, 0x9, 0xec,
    0x80,

    /* U+307B "ほ" */
    0x0, 0xff, 0xe2, 0x37, 0x0, 0x48, 0x91, 0xa2,
    0xb1, 0x0, 0x39, 0x40, 0x3, 0x33, 0x6d, 0x76,
    0x8, 0x0, 0x8c, 0x0, 0x3b, 0xb4, 0x2d, 0xd1,
    0x80, 0x1f, 0x40, 0x3f, 0xc2, 0x0, 0x36, 0x0,
    0x27, 0x75, 0x29, 0xfe, 0xa0, 0x0, 0x88, 0x0,
    0x9b, 0xb3, 0x9e, 0xf5, 0x80, 0x81, 0x80, 0x46,
    0x76, 0x81, 0x8, 0x0, 0xc0, 0xe, 0x1, 0xe1,
    0x0, 0xc6, 0x12, 0x0, 0x1b, 0xff, 0x51, 0x28,
    0x4, 0x20, 0xcc, 0xa, 0x3e, 0xfb, 0x8, 0xd4,
    0x0, 0x88, 0x41, 0xfc, 0x43, 0x7, 0x56, 0xc4,
    0x11, 0x40, 0x11, 0x3f, 0xcf, 0x1, 0x1a, 0x21,
    0xf4, 0x0, 0x4e, 0xdd, 0x73, 0x0, 0x8, 0x0,

    /* U+307E "ま" */
    0x0, 0xe2, 0xf2, 0x0, 0xe1, 0x0, 0xe3, 0x1,
    0x21, 0xe, 0xfd, 0xce, 0xf, 0xf7, 0x6a, 0x7,
    0x64, 0xc5, 0x5, 0x6f, 0x7a, 0x80, 0x9a, 0x24,
    0x8, 0x42, 0x1, 0x3a, 0xa1, 0xb8, 0x2b, 0x45,
    0x28, 0x64, 0xcb, 0x6c, 0x22, 0x88, 0xc4, 0x2f,
    0x37, 0xbc, 0x33, 0x15, 0x28, 0x1, 0xf1, 0x80,
    0x70, 0xd7, 0x7f, 0x5, 0x90, 0x6, 0xd3, 0xff,
    0x70, 0x2e, 0xd9, 0x0, 0xe, 0xc4, 0x4, 0x23,
    0x1f, 0x58, 0xf, 0x95, 0x54, 0xa, 0x78, 0xe2,
    0x1a, 0x93, 0x3, 0x82, 0x0, 0x87,

    /* U+307F "み" */
    0x0, 0xf8, 0x44, 0x1, 0xf9, 0xbb, 0x9f, 0xee,
    0xa0, 0xf, 0xc9, 0x5b, 0xac, 0xf, 0x0, 0xfc,
    0x48, 0x65, 0x66, 0x80, 0x1f, 0xfc, 0x6, 0x90,
    0x9, 0x48, 0x3, 0xe5, 0x5, 0x0, 0xa5, 0x0,
    0x31, 0xdf, 0x50, 0xec, 0xa0, 0x9, 0x80, 0x53,
    0xb9, 0x1, 0x90, 0x17, 0xc4, 0xc0, 0x5, 0x7f,
    0x7c, 0x63, 0x59, 0xf6, 0xd, 0x40, 0xf9, 0x12,
    0x5b, 0x0, 0xc2, 0x69, 0x40, 0xc0, 0xe, 0x52,
    0x0, 0x8d, 0xa2, 0xb4, 0x2a, 0x3c, 0x6c, 0x2,
    0x2e, 0x54, 0x3, 0x6, 0xca, 0xc1, 0x0, 0x36,
    0x35, 0x0, 0x71, 0xa8, 0x80, 0x7, 0x66, 0xc0,
    0x38,

    /* U+3081 "め" */
    0x0, 0xfc, 0xc6, 0x1, 0xc2, 0xe0, 0x1d, 0xc,
    0x1, 0xe8, 0x40, 0x8, 0x85, 0xc0, 0x38, 0x57,
    0x56, 0xff, 0x43, 0xe0, 0x3, 0xb1, 0xa3, 0x74,
    0xad, 0x9, 0xa2, 0x0, 0x18, 0x9, 0x62, 0x5a,
    0x5c, 0x1b, 0x0, 0x6b, 0xb7, 0x3, 0x11, 0x80,
    0x3d, 0x45, 0x4a, 0x6d, 0x4e, 0x2c, 0x2, 0x30,
    0x5c, 0x70, 0x26, 0xd3, 0x60, 0xf, 0x17, 0x0,
    0x34, 0x50, 0x3, 0x18, 0x29, 0x60, 0x1d, 0x23,
    0x10, 0x5, 0xc8, 0x34, 0x9f, 0x93, 0x7c, 0x40,
    0x78, 0x74, 0x7, 0xb5, 0xae, 0x3, 0x3d, 0x8d,
    0xe2, 0x0, 0x25, 0x20, 0xb, 0x6f, 0xa8, 0x40,
    0x0,

    /* U+3082 "も" */
    0x0, 0xff, 0xe3, 0x1f, 0x90, 0x7, 0xfc, 0xe0,
    0x40, 0x1f, 0x98, 0x80, 0x48, 0x3, 0xfb, 0x75,
    0xf4, 0x5d, 0xfe, 0x0, 0xf5, 0xff, 0x2a, 0x55,
    0xe0, 0x7, 0xe1, 0x3, 0x44, 0x18, 0x7, 0x13,
    0x18, 0x37, 0x0, 0x68, 0x90, 0x0, 0xde, 0x79,
    0xc7, 0x7f, 0x5, 0xb2, 0x81, 0xef, 0xe0, 0x4d,
    0x66, 0x0, 0xda, 0x40, 0x31, 0x3, 0x21, 0x90,
    0x3, 0xc, 0x3, 0xc6, 0x1, 0xc6, 0x20, 0x18,
    0x45, 0x40, 0x18, 0x61, 0x0, 0x3a, 0x1e, 0x9d,
    0xd5, 0xc5, 0x40, 0x1c, 0xd6, 0x35, 0x61, 0x58,
    0x0,

    /* U+3084 "や" */
    0x0, 0xf1, 0xd0, 0x7, 0xf9, 0x0, 0x6, 0x3a,
    0x20, 0x1f, 0x25, 0x98, 0x2, 0xd1, 0xcc, 0xc0,
    0x1c, 0x8b, 0x0, 0x2e, 0x93, 0x98, 0xf6, 0x0,
    0xd0, 0x97, 0xd9, 0x1b, 0xfe, 0xa9, 0x30, 0x16,
    0xf0, 0x5d, 0xb5, 0x20, 0x2, 0x92, 0x7, 0xc5,
    0x58, 0x80, 0x7c, 0x64, 0x1b, 0xce, 0x87, 0x60,
    0xd0, 0xad, 0x80, 0xa0, 0x60, 0x15, 0x38, 0x11,
    0xc5, 0x2f, 0x80, 0x79, 0x85, 0x52, 0xf7, 0x24,
    0x40, 0x3e, 0x5e, 0x0, 0xff, 0xe0, 0xfa, 0x8,
    0x7, 0xff, 0x1, 0x1, 0xc0, 0x3f, 0xf8, 0x2,
    0xc6, 0x1, 0xe0,

    /* U+3087 "ょ" */
    0x0, 0xcd, 0x0, 0x1f, 0x84, 0xc0, 0x3f, 0x9d,
    0x15, 0x94, 0x3, 0x8e, 0x3b, 0x8, 0x3, 0x93,
    0x2e, 0x9c, 0x3, 0xb, 0x80, 0x7c, 0x42, 0x1,
    0xc7, 0x9f, 0x90, 0x72, 0x40, 0xe, 0xbf, 0xea,
    0x10, 0xda, 0x11, 0x69, 0x9b, 0x8e, 0x79, 0xaf,
    0x43, 0x71, 0xb8, 0x7, 0x2c,

    /* U+3088 "よ" */
    0x0, 0xea, 0xc0, 0xf, 0xf1, 0xb8, 0x7, 0xff,
    0x2d, 0xd1, 0x5a, 0x10, 0x3, 0xc7, 0x51, 0x46,
    0x20, 0x1c, 0x29, 0xdb, 0x96, 0xa0, 0x1f, 0xfc,
    0x5f, 0x70, 0xf, 0x84, 0xcd, 0xe2, 0x1, 0xc3,
    0x7d, 0xba, 0x72, 0x93, 0x0, 0xa8, 0x3b, 0xa9,
    0x3, 0xcc, 0x10, 0x2e, 0x88, 0x3, 0x86, 0xb5,
    0xf5, 0x9e, 0x20, 0xb0, 0xe8, 0x5, 0x6e, 0x13,
    0x7, 0x8, 0xf4, 0x1, 0x43, 0x0,

    /* U+3089 "ら" */
    0x0, 0x94, 0xc0, 0x3f, 0xd3, 0x9f, 0x92, 0xe4,
    0x1, 0xd9, 0xf7, 0x63, 0xa6, 0x0, 0x96, 0x40,
    0x8, 0xf5, 0xa8, 0x1, 0x12, 0x80, 0x7f, 0xb9,
    0x40, 0x3f, 0xc5, 0xc2, 0xf7, 0xdf, 0xd4, 0x20,
    0x6, 0xef, 0xcf, 0xf7, 0x68, 0xe0, 0x81, 0x34,
    0x5a, 0x8, 0x8e, 0xcd, 0xc4, 0xad, 0x80, 0x3c,
    0x7c, 0x3a, 0x80, 0x1e, 0x32, 0xc0, 0xf, 0xcb,
    0x84, 0x80, 0x2, 0xbb, 0x56, 0x7d, 0x2e, 0x0,
    0x44, 0x64, 0x69, 0x3b, 0x42, 0x1, 0xa2, 0x65,
    0xc, 0x40, 0x10,

    /* U+308A "り" */
    0x0, 0xff, 0xbd, 0x80, 0x3f, 0x94, 0x16, 0xf1,
    0x80, 0x4, 0x7, 0x53, 0xb7, 0x12, 0xc, 0x30,
    0x38, 0xcf, 0x4c, 0x42, 0xb, 0x60, 0x12, 0x12,
    0x98, 0xd8, 0x7, 0x3e, 0x88, 0x38, 0x7, 0x18,
    0x81, 0x8, 0x7, 0x11, 0x4, 0x3, 0xe5, 0xe4,
    0x90, 0xe, 0x41, 0x42, 0x40, 0xc, 0x34, 0xc6,
    0x1, 0xcd, 0xe5, 0x20, 0x12, 0x5f, 0x4c, 0xb0,
    0x3, 0x31, 0x5f, 0xb8, 0x4,

    /* U+308B "る" */
    0x0, 0xff, 0xe1, 0x96, 0x5e, 0x63, 0x7b, 0xf0,
    0x3, 0x1d, 0xec, 0xcc, 0xa1, 0x20, 0x18, 0x5d,
    0x95, 0x5c, 0xba, 0xa0, 0x1f, 0xe, 0x37, 0x90,
    0x7, 0xc7, 0xef, 0xa0, 0x1f, 0x97, 0x5, 0x7f,
    0xb9, 0x22, 0x1, 0x45, 0x2d, 0xf7, 0x3f, 0xb,
    0x4, 0x2d, 0xae, 0x90, 0x2, 0x2b, 0x9, 0xc,
    0xc2, 0x1d, 0x5c, 0x0, 0x48, 0x60, 0xe4, 0x39,
    0x88, 0x3b, 0x0, 0x11, 0x0, 0x25, 0x6, 0x39,
    0x44, 0x3a, 0x50, 0x4, 0x83, 0x6c, 0xc1, 0xa8,
    0x93, 0x0, 0xde, 0x75, 0x2a, 0xdc, 0xc0,

    /* U+308C "れ" */
    0x0, 0xff, 0xe4, 0x47, 0x0, 0x7f, 0xf0, 0xbc,
    0x80, 0x3f, 0xf8, 0x5e, 0xe0, 0x11, 0x20, 0x80,
    0x74, 0xde, 0xba, 0x9, 0xe6, 0xdf, 0x10, 0x6,
    0xec, 0x84, 0x76, 0xd9, 0xff, 0xd, 0x0, 0x67,
    0x72, 0x83, 0x57, 0xa8, 0x1, 0x40, 0x3e, 0x34,
    0x5d, 0x10, 0x9, 0xf8, 0x3, 0xdc, 0x1e, 0x1,
    0xc4, 0x40, 0xe, 0xa1, 0x10, 0x7, 0x85, 0x80,
    0x33, 0x2f, 0x0, 0x78, 0x80, 0x80, 0x21, 0x99,
    0x10, 0x7, 0x84, 0x2, 0x12, 0x19, 0x60, 0xf,
    0x84, 0x1d, 0xde, 0xe0, 0xc0, 0x1, 0x10, 0x6,
    0x24, 0x89, 0x92, 0x80, 0x6b, 0x40, 0xe, 0xbf,
    0xe7, 0x0,

    /* U+308D "ろ" */
    0x0, 0xff, 0xe1, 0xa6, 0xed, 0xdc, 0xff, 0x50,
    0x6, 0x68, 0x9e, 0xdd, 0x11, 0x20, 0x3, 0x12,
    0xa1, 0x97, 0x8e, 0x10, 0x7, 0xc3, 0x8f, 0x82,
    0x1, 0xf1, 0x7b, 0xc9, 0x0, 0x7c, 0x78, 0x2b,
    0x9b, 0xf4, 0x20, 0x12, 0xe1, 0x57, 0xf7, 0xeb,
    0x60, 0x1, 0xe9, 0xf1, 0x40, 0x22, 0xd2, 0x51,
    0x99, 0x40, 0x7, 0x84, 0xb4, 0x79, 0x80, 0x3e,
    0x12, 0xe0, 0xf, 0xe2, 0xc1, 0x70, 0xd, 0xe,
    0xe9, 0xcd, 0xc, 0x10, 0xc, 0x39, 0x82, 0xbc,
    0xd2, 0x0, 0xe9, 0xbb, 0x9c, 0xc0, 0x20,

    /* U+308F "わ" */
    0x0, 0xff, 0xe3, 0xc7, 0x0, 0x7f, 0xf0, 0x7c,
    0x80, 0x3f, 0xf8, 0x3c, 0x1, 0xff, 0x5f, 0x7b,
    0x10, 0x1, 0x5e, 0xa0, 0xc0, 0x2e, 0xad, 0x59,
    0x7e, 0x9e, 0x23, 0xc8, 0x0, 0x2a, 0x13, 0x45,
    0x6e, 0x4c, 0x5d, 0x9d, 0x0, 0x26, 0x35, 0xd3,
    0x0, 0xc8, 0x8d, 0x0, 0x14, 0x87, 0x0, 0x7c,
    0x44, 0x0, 0x73, 0x8, 0x7, 0xe4, 0x30, 0x91,
    0x90, 0xf, 0xcc, 0x56, 0x2d, 0xc0, 0x1f, 0x9e,
    0x60, 0xc7, 0x4c, 0x3, 0x92, 0xfe, 0x69, 0xc0,
    0x4, 0x0, 0x11, 0x0, 0x1c, 0xaf, 0x94, 0x3,
    0xd6, 0x80, 0x3, 0x94, 0x0, 0xc0,

    /* U+3092 "を" */
    0x0, 0xeb, 0x30, 0xf, 0xf8, 0x90, 0x80, 0x4c,
    0xc0, 0x10, 0xf6, 0xe7, 0x87, 0xfb, 0xb2, 0x0,
    0x21, 0xa8, 0x92, 0x8a, 0xce, 0xfb, 0x0, 0xc8,
    0xa4, 0x6e, 0x86, 0x20, 0x11, 0x0, 0x45, 0xd,
    0x98, 0x70, 0x2, 0xe6, 0x0, 0x2f, 0xd, 0xf9,
    0x89, 0xe8, 0xbf, 0x0, 0x58, 0x6b, 0x98, 0x89,
    0x2b, 0x5c, 0x40, 0x9f, 0xc8, 0x26, 0x8e, 0x90,
    0x3, 0x16, 0x10, 0x59, 0x7b, 0x80, 0x7f, 0x22,
    0x2c, 0x4c, 0x3, 0xf8, 0x84, 0x1, 0x2e, 0x1,
    0xf9, 0x6, 0xdd, 0x54, 0xd1, 0x40, 0x1c, 0x5a,
    0x57, 0x10, 0xa3, 0x0, 0x80,

    /* U+3093 "ん" */
    0x0, 0xf2, 0x80, 0x7f, 0xf0, 0x16, 0x8c, 0x3,
    0xfe, 0x86, 0x30, 0xf, 0xf3, 0x14, 0x0, 0x7f,
    0xd1, 0x1, 0x0, 0xff, 0x38, 0x38, 0x7, 0xfd,
    0x2d, 0x58, 0xc0, 0x1f, 0x9c, 0x53, 0x16, 0x44,
    0x3, 0xe9, 0x3c, 0x69, 0x5, 0x0, 0x89, 0x1,
    0xc3, 0x40, 0x21, 0x0, 0xd5, 0x1, 0x32, 0x10,
    0xc, 0x20, 0x1, 0x79, 0x51, 0x60, 0xc, 0x78,
    0x5, 0xa6, 0xb2, 0x82, 0x1, 0x95, 0xbb, 0x43,
    0x43, 0xa0, 0x3, 0xa2, 0xe2, 0xf0, 0x40,

    /* U+30A1 "ァ" */
    0x2f, 0xee, 0xfe, 0x82, 0xba, 0xaf, 0xa4, 0x70,
    0x11, 0x36, 0x82, 0x2c, 0xb2, 0x0, 0x72, 0x11,
    0x31, 0x24, 0x3, 0xc6, 0x66, 0x4a, 0x0, 0xf0,
    0x89, 0xd2, 0x40, 0x3e, 0x61, 0x20, 0xf, 0xc5,
    0x10, 0x0, 0xfc, 0x98, 0x8c, 0x1, 0xf0, 0xc3,
    0x58, 0x7, 0xe1, 0xc8, 0x0, 0xfc,

    /* U+30A2 "ア" */
    0x6, 0x44, 0xff, 0x28, 0x84, 0xdd, 0x57, 0xeb,
    0xab, 0xf, 0xf7, 0x77, 0xe8, 0x8, 0x0, 0xf3,
    0xa0, 0x1, 0x22, 0x88, 0x3, 0xd4, 0x60, 0xb7,
    0xa, 0x1, 0xf1, 0x8a, 0x54, 0xb8, 0x7, 0xe1,
    0x34, 0xd6, 0x0, 0xfc, 0x40, 0xe0, 0x40, 0x1f,
    0xca, 0x24, 0x1, 0xfe, 0x18, 0x90, 0xf, 0xf1,
    0x61, 0x38, 0x7, 0xf4, 0x68, 0x78, 0x7, 0xfb,
    0x5f, 0x48, 0x3, 0xf0,

    /* U+30A3 "ィ" */
    0x0, 0xff, 0xe4, 0x8e, 0x18, 0x7, 0xe2, 0xc1,
    0x20, 0xf, 0x97, 0x5b, 0x4, 0x3, 0x8a, 0xa9,
    0x16, 0x20, 0x18, 0xeb, 0x50, 0x5c, 0x3, 0x47,
    0x60, 0xe4, 0x0, 0x7b, 0xe7, 0xac, 0xc0, 0x3e,
    0x77, 0x8, 0x7, 0xff, 0x6c, 0x40, 0x30,

    /* U+30A4 "イ" */
    0x0, 0xff, 0x8c, 0x3, 0xfe, 0x4c, 0x80, 0xf,
    0xe5, 0xb5, 0x80, 0xf, 0xd3, 0x4f, 0x40, 0x1f,
    0x26, 0xbd, 0xc0, 0x7, 0x93, 0x2c, 0xa5, 0x0,
    0x31, 0x46, 0xdb, 0x68, 0x80, 0x73, 0x6b, 0x2e,
    0xd1, 0x0, 0x79, 0xaf, 0xa0, 0x80, 0x3f, 0x90,
    0x3, 0xff, 0xc3, 0xe0, 0x1f, 0xf4, 0xe0, 0x6,

    /* U+30A6 "ウ" */
    0x0, 0xef, 0x70, 0xf, 0xf0, 0x80, 0x78, 0x88,
    0x23, 0x7, 0x88, 0xc4, 0x39, 0xbd, 0xd0, 0xbf,
    0x75, 0xb8, 0x13, 0xff, 0xf8, 0xd8, 0xc, 0x3,
    0xf1, 0xe0, 0x18, 0x7, 0xc6, 0x8, 0x66, 0x0,
    0xfa, 0x48, 0xf5, 0x40, 0x3c, 0x4b, 0x60, 0x1f,
    0x87, 0xc9, 0x80, 0x3e, 0x1c, 0x3f, 0x0, 0xf0,
    0xcf, 0x6, 0x10, 0x7, 0x5f, 0x34, 0x69, 0x0,
    0x7a, 0x2b, 0xdc, 0x3, 0x80,

    /* U+30A7 "ェ" */
    0x3, 0x3f, 0xe2, 0x0, 0x6e, 0x67, 0xe8, 0x0,
    0x77, 0xfc, 0x33, 0xff, 0x50, 0x7, 0xff, 0x94,
    0x8b, 0x80, 0x48, 0xb0, 0xce, 0xee, 0x18, 0xdd,
    0xc9, 0x5d, 0xff, 0xfb, 0x94,

    /* U+30A8 "エ" */
    0x6, 0x6f, 0xf9, 0x0, 0x15, 0x77, 0xa6, 0x2e,
    0xf6, 0x80, 0x33, 0x77, 0xc, 0x6e, 0xe9, 0x0,
    0xff, 0xff, 0x80, 0x7f, 0xb7, 0xff, 0x86, 0x7f,
    0xf9, 0xe6, 0xef, 0xfe, 0xa5,

    /* U+30A9 "ォ" */
    0x0, 0xf0, 0xd9, 0x0, 0x7f, 0xa, 0x0, 0x72,
    0x19, 0xf0, 0x21, 0x98, 0x82, 0xb7, 0x76, 0x4,
    0xee, 0xa8, 0x3b, 0xb7, 0x88, 0x67, 0x72, 0x0,
    0x30, 0xea, 0x0, 0x7e, 0x2c, 0x7a, 0x17, 0x0,
    0xe5, 0xd7, 0xb0, 0xf, 0xe, 0x5d, 0x50, 0x3,
    0xe1, 0xbf, 0x50, 0x12, 0x10, 0xe, 0x71, 0x3,
    0xed, 0x15, 0x0, 0xf8, 0xff, 0xdc, 0x20, 0x10,

    /* U+30AA "オ" */
    0x0, 0xf8, 0x7d, 0x0, 0x3f, 0xe1, 0x0, 0xff,
    0xe4, 0x1f, 0x6e, 0xf8, 0x2b, 0x75, 0xc4, 0x48,
    0x8f, 0x0, 0x1a, 0x22, 0x21, 0x65, 0x5c, 0x4,
    0x18, 0xaa, 0x60, 0xf, 0x25, 0x50, 0x44, 0x1,
    0xf9, 0x6e, 0x14, 0x3, 0xfa, 0x2a, 0x1c, 0x3,
    0xf1, 0x63, 0xd3, 0x80, 0x7e, 0x7d, 0xd, 0x50,
    0xc, 0x60, 0x19, 0x67, 0x8, 0x3, 0xfc, 0x4c,
    0x1, 0x57, 0xf0, 0xa8, 0x7, 0xf4, 0x5d, 0xb0,
    0xc0, 0x30,

    /* U+30AB "カ" */
    0x0, 0xe5, 0xf1, 0x0, 0xff, 0x8, 0x8, 0x7,
    0xff, 0x1f, 0xb7, 0x6a, 0xd, 0xdd, 0xcc, 0x11,
    0x19, 0xa, 0x23, 0x17, 0x83, 0x2a, 0xc0, 0x8a,
    0xb9, 0xc4, 0x3, 0x93, 0xc0, 0x33, 0xf8, 0x6,
    0x31, 0x40, 0xc, 0x22, 0x0, 0xd4, 0x64, 0x1,
    0x8c, 0xc0, 0x11, 0xb4, 0x80, 0x61, 0x13, 0x0,
    0x7, 0x91, 0x40, 0x32, 0x81, 0x1, 0x69, 0xd0,
    0x0, 0x88, 0x3c, 0x42, 0x18, 0x38, 0x20, 0x9,
    0xde, 0x5b, 0x0, 0x66, 0x8, 0x2, 0xad, 0xce,
    0x60,

    /* U+30AC "ガ" */
    0x0, 0xff, 0xe0, 0x31, 0x80, 0x79, 0xfc, 0x2,
    0x59, 0x38, 0x0, 0xf0, 0x80, 0x64, 0x74, 0x62,
    0x0, 0xf0, 0x80, 0x42, 0xc9, 0x84, 0xa, 0x86,
    0x6e, 0x3, 0x39, 0x31, 0x44, 0x1, 0x57, 0x98,
    0x71, 0xcc, 0xae, 0xd0, 0x1, 0x7f, 0xe5, 0x6f,
    0xfc, 0x5e, 0x1, 0xf3, 0xf8, 0x7, 0x8, 0x7,
    0x88, 0x8a, 0x1, 0x8c, 0xc0, 0x1e, 0xa2, 0x30,
    0xc, 0x22, 0x0, 0xe1, 0x7b, 0x0, 0xc2, 0xc,
    0x1, 0xd4, 0x4c, 0x1, 0x94, 0x8, 0x3, 0x52,
    0x78, 0x7, 0x69, 0x80, 0x43, 0xa9, 0x64, 0x0,
    0xde, 0xe3, 0x50, 0x4, 0x31, 0x88, 0x1, 0x75,
    0xc5, 0xb0, 0x4,

    /* U+30AD "キ" */
    0x0, 0xe7, 0x40, 0xf, 0xfe, 0x5, 0xe0, 0x7,
    0xff, 0x1, 0x50, 0x5, 0x1e, 0x0, 0x21, 0x24,
    0x75, 0x3e, 0xe5, 0xd1, 0x0, 0xb, 0xb6, 0xec,
    0xc1, 0x1b, 0xfb, 0x40, 0x2, 0xae, 0xfc, 0xa0,
    0x32, 0x0, 0xf2, 0x88, 0x4, 0x7a, 0x1, 0x90,
    0x3, 0xe6, 0x58, 0xbe, 0xfb, 0x41, 0x79, 0xbe,
    0xf5, 0x23, 0x34, 0x67, 0x20, 0x49, 0x1d, 0xe6,
    0x2, 0x61, 0x8c, 0x40, 0x7a, 0xe1, 0x4c, 0xc0,
    0xe0, 0x1f, 0xfc, 0x3, 0xd0, 0xf, 0xfe, 0x2,
    0xa0, 0x7, 0xff, 0x3, 0x10, 0x3, 0x80,

    /* U+30AE "ギ" */
    0x0, 0xff, 0xe0, 0x38, 0x7, 0xc8, 0x1, 0xa1,
    0x79, 0xc0, 0x38, 0xac, 0xc0, 0x2a, 0xb8, 0xc0,
    0xe, 0x21, 0x50, 0x8, 0x58, 0x2c, 0x3, 0x8c,
    0xd5, 0x4d, 0xfc, 0x11, 0x0, 0x17, 0x3b, 0xf0,
    0xcc, 0x57, 0x9d, 0x20, 0x13, 0x25, 0xe7, 0xd0,
    0x43, 0x18, 0x80, 0x63, 0x85, 0x30, 0x50, 0x20,
    0xf, 0xfe, 0x0, 0x89, 0x54, 0xf5, 0xbc, 0x0,
    0x13, 0x58, 0xad, 0x18, 0xbb, 0x1d, 0x50, 0x0,
    0xd9, 0x68, 0x76, 0xa7, 0xd9, 0x2e, 0x80, 0x6,
    0xee, 0x64, 0xb7, 0x98, 0x7, 0xc2, 0x20, 0xc,
    0xe0, 0x40, 0x1f, 0xfc, 0x2, 0x4, 0x0, 0xff,
    0xe0, 0x9f, 0x0, 0x7f, 0xf0, 0x72, 0x0, 0x3c,

    /* U+30AF "ク" */
    0x0, 0xf4, 0x10, 0x7, 0xf9, 0x9c, 0x40, 0x3f,
    0xd0, 0x6e, 0x89, 0x28, 0x80, 0x69, 0x11, 0x4c,
    0xea, 0xd0, 0x9, 0x99, 0x9b, 0xbb, 0x2, 0x80,
    0xf, 0x34, 0x60, 0x19, 0x81, 0x86, 0xa2, 0x94,
    0x3, 0xa9, 0x40, 0x4f, 0x14, 0x3, 0xa0, 0xac,
    0x1, 0x26, 0x1, 0xc6, 0xf2, 0x20, 0x1f, 0x8b,
    0x51, 0x80, 0x3f, 0x1e, 0x15, 0x80, 0x7c, 0x33,
    0x8b, 0x80, 0x1e, 0x39, 0xe7, 0x9b, 0x0, 0xfc,
    0xb3, 0xcc, 0x1, 0xe0,

    /* U+30B0 "グ" */
    0x0, 0xff, 0xe0, 0x98, 0x7, 0xe4, 0x20, 0x9,
    0x15, 0x24, 0x3, 0xea, 0x80, 0x9, 0x6d, 0x90,
    0x40, 0x39, 0xc6, 0x44, 0x63, 0x62, 0xd1, 0x0,
    0xc5, 0x1, 0x9d, 0xd6, 0xb9, 0x0, 0x70, 0xfa,
    0x7f, 0xf2, 0x10, 0x80, 0x61, 0xc0, 0xb0, 0xc,
    0x29, 0x60, 0x19, 0x3c, 0x70, 0x3, 0x98, 0x1c,
    0x3, 0x6b, 0xe0, 0x80, 0x61, 0x87, 0x10, 0xd,
    0x32, 0x0, 0xf5, 0x14, 0x0, 0x7f, 0xf0, 0x21,
    0x24, 0x3, 0xff, 0x81, 0xf, 0x48, 0x1, 0xfe,
    0x3c, 0x7b, 0x50, 0xf, 0xe4, 0xac, 0xd, 0x40,
    0xf, 0xe1, 0x96, 0xac, 0x20, 0xf, 0xf0, 0xee,
    0x28, 0x7, 0xf8,

    /* U+30B1 "ケ" */
    0x0, 0xd8, 0xa0, 0x1f, 0xf1, 0x99, 0x80, 0x3f,
    0xe9, 0x23, 0x0, 0xff, 0xa, 0x96, 0xef, 0xe9,
    0x0, 0x59, 0x4d, 0xdc, 0x4f, 0x77, 0x68, 0x32,
    0xcb, 0x34, 0xe1, 0xcc, 0xd2, 0x34, 0xba, 0x0,
    0x44, 0xa, 0x1, 0x8d, 0xe0, 0x3, 0x58, 0x88,
    0x3, 0x2c, 0x0, 0x73, 0x30, 0x3, 0xfe, 0x61,
    0xa0, 0xf, 0xf1, 0xcb, 0x90, 0x7, 0xf2, 0x69,
    0xc0, 0x7, 0xf2, 0xda, 0xe0, 0x7, 0xf9, 0x72,
    0xc0, 0x3f, 0x0,

    /* U+30B2 "ゲ" */
    0x0, 0xff, 0xe0, 0x88, 0x7, 0x84, 0xc0, 0x39,
    0xe, 0xd8, 0x3, 0x93, 0x8, 0x3, 0x3f, 0x44,
    0x4, 0x3, 0x79, 0x90, 0x6, 0x34, 0x1f, 0x10,
    0x8, 0x55, 0x91, 0x3d, 0xac, 0x60, 0x1a, 0x41,
    0x6e, 0xfe, 0xa4, 0x0, 0x8d, 0xe7, 0xfe, 0xc0,
    0xef, 0xf9, 0x80, 0x5, 0xa8, 0xc0, 0x12, 0x80,
    0x80, 0x7b, 0xce, 0x80, 0x37, 0x98, 0x7, 0xd9,
    0x81, 0x0, 0xce, 0x80, 0x1f, 0x8, 0x80, 0x32,
    0x8d, 0x0, 0x7f, 0xf0, 0x6, 0xd0, 0x80, 0x3f,
    0xf8, 0x1a, 0x14, 0x1, 0xff, 0x1e, 0x96, 0x88,
    0x7, 0xfc, 0xc3, 0x86, 0x1, 0xf8,

    /* U+30B3 "コ" */
    0x0, 0xff, 0xe0, 0x2f, 0xfb, 0xbb, 0xef, 0x77,
    0x55, 0x2e, 0xfe, 0x0, 0x12, 0xaf, 0xf0, 0x88,
    0x3, 0xff, 0xe2, 0x20, 0x1f, 0xe8, 0xef, 0xff,
    0xc2, 0x2a, 0xbb, 0x66, 0x7c, 0x0, 0x24, 0x41,
    0x9f, 0xdc, 0xe0,

    /* U+30B4 "ゴ" */
    0x0, 0xff, 0x9c, 0x3, 0xfe, 0xd2, 0xd7, 0x0,
    0xff, 0x47, 0x5e, 0x81, 0xb2, 0xaf, 0xc0, 0xa1,
    0x41, 0x73, 0x77, 0xf9, 0x88, 0x1, 0x1f, 0xdd,
    0xf7, 0x80, 0x7f, 0xff, 0xc0, 0x3f, 0xf8, 0x2a,
    0xbf, 0xcc, 0x1, 0xa6, 0xa9, 0x77, 0xe8, 0x0,
    0xd9, 0xfe, 0xee, 0xf9, 0x44, 0x0,

    /* U+30B5 "サ" */
    0x0, 0x9b, 0x40, 0x34, 0x60, 0x7, 0xc6, 0x1,
    0xff, 0xc0, 0x30, 0xf, 0xf1, 0x16, 0x2, 0x2c,
    0x20, 0x45, 0x4e, 0xea, 0x7, 0x77, 0x31, 0xee,
    0xd5, 0xdc, 0x91, 0xee, 0xce, 0x7d, 0xd0, 0x8c,
    0x60, 0x23, 0x81, 0xc4, 0x60, 0x8, 0xc0, 0x38,
    0x84, 0x3, 0xff, 0x80, 0xc4, 0x1, 0xe6, 0xf0,
    0x8, 0xcd, 0x60, 0x1f, 0x8, 0x5, 0x22, 0x60,
    0x1f, 0xea, 0x5d, 0x0, 0xfe, 0x6e, 0x4b, 0x30,
    0xf, 0xe4, 0x6e, 0x40, 0xe,

    /* U+30B6 "ザ" */
    0x0, 0xc4, 0x20, 0x19, 0x4, 0x8d, 0x80, 0x3b,
    0x5c, 0x2, 0x1b, 0x2e, 0x1b, 0x0, 0xe1, 0x30,
    0xf, 0x52, 0xd8, 0x80, 0x7f, 0xf0, 0x19, 0xd8,
    0x4f, 0xfe, 0x1a, 0xff, 0xb8, 0x33, 0xfc, 0xc0,
    0x57, 0x70, 0x3d, 0xdd, 0x41, 0x37, 0x64, 0x1,
    0x44, 0x87, 0x51, 0x30, 0x22, 0x44, 0x1, 0xfe,
    0x30, 0x30, 0xf, 0xc2, 0x60, 0x13, 0x80, 0x80,
    0x7e, 0xb7, 0x0, 0xbd, 0x0, 0x3f, 0x90, 0x40,
    0x4, 0xba, 0x1, 0xff, 0xc0, 0x2c, 0x46, 0x0,
    0xff, 0xc, 0xe9, 0x50, 0x7, 0xfc, 0x25, 0x38,
    0x20, 0x1e,

    /* U+30B7 "シ" */
    0x0, 0x84, 0x3, 0xff, 0x83, 0x7a, 0x60, 0x1f,
    0xf5, 0xbe, 0x48, 0x7, 0xf8, 0x6a, 0x8a, 0x1,
    0xf9, 0xc4, 0x0, 0xb8, 0x1, 0xc4, 0x3, 0x5c,
    0xe0, 0x1f, 0xbd, 0x87, 0x62, 0x14, 0x1, 0xea,
    0x37, 0x0, 0x3e, 0xc8, 0x7, 0x4a, 0xd0, 0x80,
    0x44, 0x60, 0x10, 0xdb, 0x52, 0x0, 0x7e, 0x4f,
    0x5c, 0x50, 0xf, 0x8a, 0x6d, 0x7c, 0xc0, 0x38,
    0x5a, 0xf5, 0xe6, 0xc4, 0x3, 0x97, 0xa5, 0xeb,
    0x98, 0x3, 0xe5, 0xae, 0xc5, 0x0, 0xfc,

    /* U+30B8 "ジ" */
    0x0, 0xff, 0x85, 0xc0, 0x3b, 0x28, 0x40, 0x22,
    0xa1, 0xa5, 0x0, 0xd0, 0xfe, 0xa0, 0x2, 0x65,
    0xe8, 0x0, 0xc9, 0xaf, 0x20, 0x17, 0xf8, 0xf4,
    0x0, 0xa0, 0x14, 0xe0, 0x4, 0x74, 0x40, 0x4,
    0xac, 0x30, 0xf, 0x87, 0xc, 0x13, 0x5f, 0x18,
    0x3, 0xd4, 0x4, 0x0, 0x2b, 0x94, 0x0, 0xea,
    0x4d, 0x10, 0xc, 0xc4, 0x1, 0xe, 0x2d, 0x98,
    0x7, 0xf2, 0x78, 0xe2, 0x0, 0x7e, 0x29, 0xb4,
    0xd3, 0x0, 0xf0, 0xad, 0x6b, 0xcd, 0x0, 0x7c,
    0xfd, 0x4d, 0x3c, 0xc0, 0x1f, 0x9a, 0x7b, 0x18,
    0x3, 0xf8,

    /* U+30B9 "ス" */
    0x0, 0x21, 0x9f, 0xc8, 0x20, 0x1a, 0xf3, 0x3e,
    0xb8, 0x0, 0xdb, 0xdd, 0xe9, 0xb, 0x0, 0xc4,
    0x23, 0xeb, 0x52, 0x0, 0xff, 0x29, 0x40, 0x7,
    0xf8, 0xaa, 0x8, 0x3, 0xfd, 0xc2, 0xe0, 0x1f,
    0xc3, 0x84, 0x32, 0x1, 0xf8, 0x70, 0x7e, 0x9a,
    0x40, 0x3c, 0x9e, 0x38, 0x2b, 0x4d, 0x20, 0x11,
    0x55, 0xbe, 0x8, 0x1, 0x69, 0xa0, 0xb, 0x5b,
    0x24, 0x3, 0x95, 0xdc, 0x44, 0xdc, 0x30, 0xf,
    0xa3, 0x48,

    /* U+30BA "ズ" */
    0x0, 0xff, 0xe0, 0x28, 0x80, 0x7f, 0xce, 0xc5,
    0x0, 0x1f, 0xf3, 0x43, 0x10, 0x82, 0xff, 0x77,
    0xbf, 0x98, 0x2c, 0x41, 0xe6, 0xef, 0xc6, 0x30,
    0x20, 0x11, 0x32, 0xaf, 0x21, 0xc8, 0x7, 0xff,
    0x2, 0x45, 0xc0, 0x3f, 0xe3, 0x7b, 0x0, 0xff,
    0xe0, 0x72, 0x28, 0x7, 0xf8, 0x70, 0x98, 0x40,
    0x3f, 0x8b, 0x7, 0x43, 0x8, 0x3, 0xe3, 0xc1,
    0xc2, 0xc0, 0xc2, 0x0, 0xc3, 0x38, 0x98, 0x20,
    0x38, 0x7e, 0x20, 0x5, 0xe4, 0xba, 0x0, 0xc3,
    0xe7, 0xa0, 0x5, 0x9d, 0x40, 0xf, 0x15, 0x78,
    0x0,

    /* U+30BB "セ" */
    0x0, 0xc2, 0xa2, 0x1, 0xff, 0xc0, 0x3a, 0x20,
    0xf, 0xfe, 0x1, 0x80, 0x7f, 0xf1, 0x4, 0x2,
    0x47, 0xbb, 0x0, 0x71, 0x85, 0xd6, 0xfd, 0xd9,
    0x1c, 0x1, 0x17, 0xda, 0xa, 0x71, 0xbf, 0x21,
    0xc0, 0x3, 0x28, 0xb0, 0xe9, 0x52, 0x1b, 0x72,
    0x0, 0x5c, 0xb2, 0x80, 0x76, 0x94, 0x0, 0x7f,
    0xc8, 0x3a, 0x1, 0xff, 0xc0, 0x4d, 0x10, 0xf,
    0xe1, 0x0, 0xff, 0xe0, 0x8, 0x58, 0x6, 0x14,
    0x20, 0xf, 0x3b, 0xbf, 0xf7, 0x5a, 0x80, 0x7a,
    0x3b, 0x2f, 0x31, 0xbc, 0xe0,

    /* U+30BD "ソ" */
    0x2, 0x20, 0x7, 0xea, 0x40, 0xef, 0x0, 0xf8,
    0x94, 0x43, 0x89, 0xc0, 0x3c, 0xe0, 0x80, 0x4d,
    0x2, 0x1, 0xd8, 0x62, 0x0, 0x80, 0xb0, 0xe,
    0x74, 0x0, 0x86, 0x78, 0x3, 0x38, 0xc8, 0x6,
    0x64, 0x0, 0xd2, 0xc2, 0x1, 0xfd, 0x41, 0x0,
    0x1f, 0xce, 0xb4, 0x20, 0x1f, 0xa2, 0x12, 0x80,
    0x1f, 0x1e, 0x3c, 0xb0, 0x7, 0xcd, 0x83, 0x8c,
    0x1, 0xf9, 0xaf, 0x4c, 0x3, 0xc0,

    /* U+30BE "ゾ" */
    0x0, 0xff, 0xe0, 0x38, 0x7, 0xff, 0x3, 0x4f,
    0xe4, 0x3, 0xfe, 0x9e, 0x93, 0x1, 0xd6, 0x0,
    0xf9, 0xd0, 0x68, 0x5, 0x20, 0x40, 0x3d, 0x6e,
    0x1, 0xa0, 0x20, 0x3, 0xc8, 0x80, 0xc, 0x32,
    0xc4, 0x1, 0x84, 0xfc, 0x3, 0x9c, 0x9c, 0x3,
    0x48, 0x28, 0x7, 0xb5, 0x40, 0x21, 0x77, 0x0,
    0x7f, 0xf0, 0x20, 0x60, 0x3, 0xfe, 0x66, 0x40,
    0x7, 0xfc, 0xd2, 0xcc, 0x0, 0xfe, 0x1a, 0x96,
    0x90, 0xf, 0xe7, 0xf5, 0xa9, 0x0, 0xff, 0x23,
    0xf2, 0x80, 0x7e,

    /* U+30BF "タ" */
    0x0, 0xf0, 0x80, 0x7f, 0xc5, 0xca, 0x1, 0xfe,
    0x82, 0x50, 0xf, 0xe4, 0x52, 0xff, 0xea, 0x0,
    0x8a, 0x9f, 0x77, 0x60, 0x10, 0x0, 0x7d, 0x20,
    0x8b, 0x38, 0x50, 0x1e, 0x35, 0x20, 0x80, 0x5e,
    0x64, 0x78, 0x96, 0x11, 0xea, 0x8, 0x8f, 0x3,
    0xc9, 0x0, 0x63, 0x55, 0xd3, 0x18, 0x0, 0xc0,
    0x34, 0x62, 0xf, 0x80, 0x7e, 0x1f, 0x14, 0x98,
    0x0, 0xf1, 0x60, 0xe5, 0xc6, 0x0, 0x63, 0xad,
    0x6c, 0x20, 0x74, 0x0, 0xa7, 0x1e, 0xac, 0x40,
    0x3e, 0x8b, 0xd5, 0x0, 0xf8,

    /* U+30C0 "ダ" */
    0x0, 0xff, 0xe0, 0x90, 0x7, 0xe3, 0x30, 0x4,
    0x88, 0xa8, 0x0, 0xfb, 0xfc, 0x1, 0x35, 0x4a,
    0x88, 0x7, 0x29, 0xd1, 0x9c, 0x28, 0xba, 0x20,
    0x18, 0x6c, 0x27, 0x33, 0x28, 0x7, 0xd4, 0x5f,
    0xfc, 0xe2, 0x80, 0x1d, 0x6b, 0xa0, 0x1c, 0xcc,
    0x0, 0xc3, 0x8d, 0x85, 0x0, 0x12, 0x8d, 0x0,
    0x6a, 0xc, 0x27, 0x6d, 0x40, 0xb6, 0x20, 0xd,
    0x78, 0x20, 0x9c, 0x97, 0xa1, 0x20, 0x1f, 0xf4,
    0xa9, 0x1, 0x80, 0x7f, 0xd2, 0xb0, 0x58, 0x40,
    0x1f, 0x8b, 0x1a, 0xdf, 0x24, 0x80, 0x3c, 0x75,
    0xa3, 0xa8, 0x0, 0x60, 0xf, 0x1e, 0x3c, 0xe9,
    0x0, 0x7f, 0x8f, 0xb5, 0x80, 0x3f, 0xc0,

    /* U+30C1 "チ" */
    0x0, 0xff, 0x8, 0x80, 0x30, 0x88, 0x8d, 0x5e,
    0x77, 0xa8, 0x2, 0x2e, 0xe6, 0xea, 0xe0, 0x2f,
    0x2c, 0x2, 0x2f, 0xfb, 0xac, 0x65, 0x8c, 0x3,
    0xff, 0x8a, 0x48, 0x67, 0xb4, 0x4c, 0xf2, 0x15,
    0xdb, 0x33, 0x38, 0x66, 0x6b, 0xb4, 0xff, 0xf3,
    0x97, 0xff, 0x48, 0x7, 0x8d, 0xc0, 0x3f, 0xe1,
    0x4c, 0x0, 0xff, 0xa0, 0x58, 0x3, 0xfd, 0xd,
    0x40, 0x1f, 0xc5, 0x8f, 0x28, 0x1, 0xfc, 0x55,
    0xac, 0x1, 0xf8,

    /* U+30C3 "ッ" */
    0x0, 0xe1, 0x0, 0xf8, 0xc0, 0x9, 0xc0, 0x1a,
    0x4c, 0x35, 0x81, 0x5, 0x80, 0x4, 0xce, 0xd,
    0x60, 0x7, 0xd0, 0x2, 0xa, 0x5, 0x11, 0x85,
    0xe8, 0x2, 0x9c, 0x0, 0x50, 0x20, 0x4c, 0xa,
    0x76, 0x1, 0x39, 0x0, 0x43, 0x6e, 0x40, 0x1f,
    0xe, 0x14, 0x0, 0x7c, 0x7e, 0x3a, 0x1, 0xe3,
    0xac, 0x5c, 0x10, 0xf, 0x73, 0xdd, 0x80, 0x3f,
    0x6e, 0x90, 0x3, 0xc0,

    /* U+30C4 "ツ" */
    0x0, 0xff, 0xe3, 0xd4, 0x0, 0x72, 0x1, 0xf0,
    0x80, 0x35, 0x80, 0x32, 0xd9, 0x98, 0x24, 0x0,
    0xc2, 0x80, 0x16, 0x9, 0x84, 0xb0, 0x0, 0x53,
    0x80, 0x24, 0x70, 0x3, 0xa, 0x0, 0x3f, 0x80,
    0x4, 0x4d, 0x0, 0xb, 0xb8, 0x0, 0x88, 0x0,
    0x59, 0xa0, 0x5, 0x6, 0x1, 0xc6, 0xde, 0x1,
    0xfe, 0x2e, 0x53, 0x0, 0xfe, 0x2c, 0x1a, 0x0,
    0xfe, 0x4d, 0x2c, 0x0, 0xfc, 0x55, 0x69, 0x80,
    0x1f, 0xa3, 0x52, 0x6c, 0x3, 0xfa, 0x2b, 0x98,
    0x3, 0xe0,

    /* U+30C6 "テ" */
    0x0, 0xff, 0xe2, 0x2f, 0xfb, 0xbb, 0xbf, 0xc0,
    0x19, 0x2e, 0xdb, 0xbd, 0x76, 0x0, 0xc2, 0x88,
    0x33, 0xe4, 0x40, 0x7, 0xff, 0x11, 0x3f, 0xff,
    0xf8, 0x1a, 0xb7, 0x7d, 0x41, 0x37, 0x7b, 0x85,
    0x13, 0x98, 0x1d, 0x13, 0x18, 0x7, 0x98, 0x4,
    0x3, 0xfe, 0xe4, 0x0, 0xff, 0x91, 0x1c, 0x1,
    0xfe, 0x4b, 0x65, 0x0, 0xfe, 0x9b, 0x69, 0x0,
    0xff, 0x5d, 0xa4, 0x3, 0xf0,

    /* U+30C7 "デ" */
    0x0, 0xff, 0xe0, 0x10, 0x80, 0x7f, 0xc6, 0xc9,
    0x60, 0x13, 0x31, 0x57, 0x99, 0xe1, 0x18, 0xc0,
    0x15, 0x49, 0x9e, 0xa2, 0xb7, 0xc3, 0x0, 0x66,
    0x7e, 0x65, 0x50, 0x7, 0xff, 0x15, 0x59, 0x57,
    0xfc, 0xc2, 0x1d, 0x71, 0x1a, 0xae, 0x23, 0x59,
    0x5, 0xee, 0xf1, 0xbe, 0xef, 0x18, 0x7, 0xc3,
    0xc0, 0x1f, 0xfc, 0x1, 0x23, 0x0, 0xff, 0xe0,
    0x48, 0xa0, 0x7, 0xfc, 0x8f, 0x20, 0x1f, 0xf3,
    0x5a, 0xb8, 0x7, 0xf9, 0x22, 0x14, 0x1, 0xff,
    0x27, 0x38, 0x7, 0xf8,

    /* U+30C8 "ト" */
    0x8f, 0x0, 0xfb, 0xc4, 0x3, 0xe1, 0x0, 0xff,
    0xe3, 0xc, 0x10, 0x7, 0xcd, 0xba, 0x71, 0x0,
    0x87, 0xad, 0xe3, 0xa8, 0x80, 0x24, 0xae, 0x84,
    0xa0, 0xe, 0x17, 0xe9, 0x0, 0xfc, 0x20, 0x1f,
    0xc2, 0x20, 0xf, 0xc4, 0x1, 0xf0,

    /* U+30C9 "ド" */
    0x0, 0xff, 0x1f, 0xa0, 0x4, 0x47, 0xa0, 0x20,
    0xe0, 0x2, 0xc2, 0x78, 0x30, 0xc, 0x4d, 0x76,
    0xd0, 0xf, 0x44, 0x8a, 0x80, 0x21, 0x40, 0x23,
    0x0, 0xcd, 0x5f, 0x46, 0x1, 0xdd, 0xc8, 0x7c,
    0xd6, 0x0, 0xc2, 0xfb, 0x6d, 0x40, 0x1f, 0x25,
    0xe0, 0x7, 0xfc, 0x60, 0x1f, 0xfc, 0x83, 0x0,
    0xfc,

    /* U+30CA "ナ" */
    0x0, 0xf2, 0xf9, 0x0, 0x7f, 0xcc, 0x6, 0x1,
    0xff, 0xd5, 0x6e, 0xdd, 0xe0, 0xcd, 0xdd, 0x4b,
    0x17, 0x79, 0x82, 0xae, 0xf7, 0x1b, 0x37, 0x68,
    0x3b, 0x36, 0x40, 0xf, 0x10, 0x80, 0x7f, 0xf0,
    0x29, 0x0, 0x3f, 0xe4, 0x2e, 0x0, 0xff, 0xd,
    0x22, 0x0, 0x3f, 0x8f, 0x2, 0x80, 0x3f, 0x8f,
    0x7, 0xc4, 0x3, 0xf8, 0xf3, 0x2, 0x1, 0xf8,

    /* U+30CB "ニ" */
    0x1, 0x65, 0x5f, 0xc8, 0x1, 0x2c, 0xd5, 0x7e,
    0xf0, 0x9, 0x3f, 0xff, 0xac, 0x3, 0xff, 0xf8,
    0x8e, 0xcd, 0xfe, 0x70, 0xe8, 0x99, 0xff, 0x40,
    0xd7, 0xff, 0xff, 0x0, 0x40,

    /* U+30CD "ネ" */
    0x0, 0xf4, 0xe0, 0x7, 0xff, 0x0, 0x40, 0x3f,
    0x1a, 0xa2, 0x44, 0x28, 0x91, 0x80, 0x55, 0x5c,
    0x87, 0x54, 0xbd, 0x0, 0xa7, 0xfb, 0xbc, 0xc1,
    0x40, 0x1f, 0xe8, 0x7b, 0x40, 0xf, 0xc3, 0x6d,
    0x68, 0x1, 0xf9, 0xbd, 0x71, 0x48, 0x3, 0x85,
    0xfa, 0xd, 0x4a, 0x76, 0x44, 0x17, 0x3a, 0x65,
    0xc8, 0x0, 0x8b, 0x7f, 0x47, 0x5c, 0xe7, 0x0,
    0xe4, 0xe4, 0x12, 0x93, 0x0, 0xfe, 0xa5, 0x0,
    0xff, 0xe4, 0x9, 0x0, 0x78,

    /* U+30CE "ノ" */
    0x0, 0xfe, 0xb7, 0x0, 0xfc, 0x48, 0x1, 0xfc,
    0xa0, 0xc0, 0x1f, 0xad, 0x44, 0x3, 0xe5, 0x39,
    0x0, 0xfd, 0x68, 0x60, 0x1f, 0x40, 0xc8, 0x7,
    0xcc, 0xee, 0x20, 0xf, 0x3c, 0xac, 0x0, 0x70,
    0xd4, 0x2d, 0x0, 0x61, 0x8e, 0x58, 0xa0, 0xe,
    0x47, 0x4d, 0x70, 0xf, 0x2f, 0x59, 0x0, 0x7c,

    /* U+30CF "ハ" */
    0x0, 0xff, 0xe3, 0x63, 0x80, 0x23, 0x40, 0x3f,
    0x19, 0x0, 0x28, 0x94, 0x3, 0xc8, 0xe, 0x0,
    0x25, 0x80, 0xf, 0x61, 0x10, 0x2, 0x92, 0x40,
    0xe, 0x55, 0x0, 0x63, 0x37, 0x80, 0x63, 0x2b,
    0x0, 0xea, 0x41, 0x0, 0xa8, 0x4c, 0x3, 0x98,
    0x18, 0x0, 0x2d, 0x0, 0x1f, 0x2d, 0x0, 0x2c,
    0x58, 0x3, 0xef, 0x22, 0x22, 0xc0, 0x7, 0xe5,
    0xa, 0x15, 0x60, 0xf, 0xe6, 0xd0,

    /* U+30D0 "バ" */
    0x0, 0xff, 0xe6, 0x91, 0x25, 0x40, 0x3f, 0xe6,
    0xfb, 0xb0, 0x80, 0x6a, 0x30, 0x4, 0x41, 0x1d,
    0xda, 0x20, 0x11, 0xa8, 0x5, 0xce, 0x34, 0xa6,
    0x1, 0x94, 0xc, 0x0, 0xc3, 0x20, 0x1f, 0x61,
    0x80, 0x66, 0x60, 0x7, 0xc9, 0x60, 0x1a, 0x45,
    0x80, 0x39, 0x5, 0x40, 0x30, 0xad, 0x0, 0x77,
    0x19, 0x0, 0x77, 0x19, 0x0, 0x44, 0xb2, 0x1,
    0xe4, 0x1a, 0x0, 0xa0, 0x54, 0x3, 0xe7, 0x60,
    0x2, 0x2d, 0x80, 0x7e, 0xd1, 0x30, 0xd3, 0x50,
    0xf, 0xc8, 0x2c, 0x13, 0x80, 0x1f, 0xee, 0x50,

    /* U+30D1 "パ" */
    0x0, 0xff, 0x97, 0x30, 0x40, 0x1f, 0xf4, 0xe7,
    0x40, 0x6, 0x84, 0x0, 0x2d, 0x0, 0x9, 0xc,
    0x3, 0x39, 0x80, 0x5, 0x53, 0xa3, 0xe4, 0x2,
    0x20, 0x40, 0x2, 0x1f, 0x95, 0x48, 0x6, 0x40,
    0x30, 0xa, 0x50, 0xc0, 0x3d, 0xaa, 0x1, 0x94,
    0x64, 0x3, 0x85, 0x3c, 0x3, 0xa5, 0x44, 0x3,
    0x38, 0x28, 0x7, 0x30, 0x30, 0x6, 0x86, 0x0,
    0xf0, 0xa5, 0x0, 0x4c, 0x36, 0x1, 0xf6, 0x91,
    0x80, 0xcb, 0x10, 0x7, 0xce, 0x16, 0xc, 0x30,
    0x1, 0xf8, 0x4c, 0xc0, 0xfc, 0x20, 0x1f, 0xd9,
    0x60,

    /* U+30D2 "ヒ" */
    0x14, 0x0, 0xfe, 0x4b, 0x0, 0xfe, 0x10, 0xf,
    0xfe, 0x28, 0xc7, 0x0, 0x70, 0xb5, 0xf2, 0xc8,
    0x5, 0x19, 0xd0, 0x59, 0xae, 0x1, 0x25, 0xe7,
    0x49, 0x80, 0x76, 0x39, 0x80, 0x7f, 0xf4, 0x84,
    0x3, 0xf3, 0x5, 0xaa, 0x24, 0xad, 0x10, 0x2a,
    0x6a, 0xbb, 0xaa, 0x14, 0x0, 0xb9, 0xff, 0xdd,
    0xb0,

    /* U+30D3 "ビ" */
    0x0, 0xff, 0xe5, 0x29, 0xe0, 0x3, 0xd8, 0x3,
    0xd2, 0xec, 0xe0, 0x20, 0x1f, 0x7f, 0xad, 0x80,
    0x3f, 0xd, 0xd8, 0x44, 0x1, 0xe5, 0xbe, 0x63,
    0x0, 0xc2, 0xd5, 0xf4, 0x37, 0xc6, 0x1, 0xa2,
    0x7, 0x5f, 0x48, 0x1, 0xe8, 0xe9, 0x50, 0xf,
    0xe1, 0x0, 0xff, 0xec, 0x96, 0x88, 0x6, 0x12,
    0x50, 0xa, 0x57, 0xbf, 0xf7, 0x6d, 0x8, 0x1,
    0x7b, 0x2e, 0xa9, 0x79, 0xbc, 0x20,

    /* U+30D4 "ピ" */
    0x0, 0xfe, 0x2c, 0xc2, 0x87, 0xb0, 0x7, 0xa3,
    0xb2, 0x40, 0x40, 0x3e, 0x37, 0x20, 0xf, 0xe1,
    0x16, 0x47, 0x0, 0x79, 0x2b, 0x9a, 0xe8, 0x80,
    0x2, 0xb3, 0xd6, 0x35, 0xc4, 0x1, 0xa2, 0x8e,
    0x3a, 0xd4, 0x3, 0xcf, 0xf4, 0xc2, 0x1, 0xfb,
    0x80, 0x3f, 0xfb, 0x25, 0xa2, 0x1, 0x84, 0x94,
    0x2, 0x95, 0xef, 0xfd, 0xdb, 0x42, 0x0, 0x5e,
    0xcb, 0xaa, 0x5e, 0x6f, 0x8, 0x0,

    /* U+30D5 "フ" */
    0x23, 0x22, 0xf8, 0xcc, 0x11, 0x9b, 0xbf, 0x66,
    0x26, 0xfb, 0xbf, 0x83, 0xc4, 0x7f, 0x94, 0x10,
    0x3, 0xfb, 0x48, 0x80, 0x1f, 0x85, 0xa8, 0x3,
    0xfa, 0x5, 0xc0, 0x3f, 0x1b, 0x48, 0x7, 0xe3,
    0xd5, 0x70, 0xf, 0x9b, 0x12, 0x80, 0x38, 0x5b,
    0x65, 0xa8, 0x3, 0xd9, 0x2d, 0x92, 0x1, 0xf6,
    0x75, 0x98, 0x7, 0x80,

    /* U+30D6 "ブ" */
    0x0, 0xfe, 0x10, 0x54, 0x0, 0xff, 0x4c, 0x9a,
    0x40, 0x3f, 0xd0, 0x83, 0x45, 0xdf, 0xff, 0xc4,
    0xce, 0x57, 0x7f, 0xd0, 0x1, 0x95, 0x13, 0xf0,
    0x1, 0x0, 0x3f, 0xec, 0x50, 0xf, 0xf8, 0x93,
    0xc0, 0x3f, 0xe9, 0x25, 0x0, 0xff, 0x22, 0x24,
    0x3, 0xfc, 0x76, 0xa8, 0x1, 0xfc, 0xb8, 0xd4,
    0x1, 0xf9, 0x32, 0x9a, 0x40, 0x3e, 0x2e, 0xb0,
    0xb9, 0x0, 0xfc, 0x57, 0x98, 0x40, 0xf, 0xc0,

    /* U+30D7 "プ" */
    0x0, 0xff, 0x2d, 0xd8, 0xc0, 0x3f, 0xd3, 0x75,
    0x3d, 0xff, 0xfc, 0x73, 0x79, 0x77, 0xfd, 0x1,
    0xf6, 0xca, 0x89, 0xf8, 0x0, 0xc2, 0x1, 0xfe,
    0xc5, 0x0, 0xff, 0x89, 0x3c, 0x3, 0xfe, 0x82,
    0x50, 0xf, 0xf2, 0x2c, 0x0, 0x7f, 0x8e, 0xd5,
    0x40, 0x1f, 0xcb, 0x8b, 0x40, 0x1f, 0x93, 0x29,
    0xa8, 0x3, 0xe2, 0xeb, 0xb, 0x90, 0xf, 0xc5,
    0x79, 0x84, 0x0, 0xfc,

    /* U+30D8 "ヘ" */
    0x0, 0xf0, 0x80, 0x7f, 0xf0, 0xa3, 0xb0, 0x40,
    0x3f, 0xe6, 0x76, 0x1c, 0x10, 0xf, 0xe3, 0x98,
    0x9c, 0xc, 0x10, 0xf, 0x8b, 0x55, 0xc0, 0x70,
    0x30, 0x40, 0x38, 0x7c, 0xe8, 0x2, 0x1f, 0x3d,
    0x0, 0xed, 0x2f, 0x0, 0xe2, 0xd3, 0xb0, 0xd,
    0xd6, 0x40, 0x1e, 0x3b, 0x4a, 0x0, 0x89, 0x0,
    0x3f, 0x24, 0xac, 0x80, 0x7f, 0xf0, 0x59, 0x8a,
    0x1, 0xff, 0xc2, 0x9c, 0x0,

    /* U+30D9 "ベ" */
    0x0, 0xff, 0xe0, 0x29, 0x80, 0x7f, 0xf0, 0x1d,
    0x3, 0x80, 0x3e, 0x5c, 0x60, 0x1, 0xca, 0xb3,
    0x80, 0x72, 0x50, 0xcc, 0x2, 0x32, 0xd3, 0x80,
    0x62, 0xb7, 0xda, 0x77, 0x5, 0xa8, 0x80, 0x61,
    0xf4, 0x80, 0x5a, 0x87, 0x0, 0xfb, 0x4e, 0x80,
    0x25, 0x88, 0x30, 0x7, 0x61, 0xe8, 0x80, 0x67,
    0x74, 0xa8, 0x6, 0xb9, 0x30, 0xf, 0x42, 0xd2,
    0x0, 0x4e, 0xc0, 0x1f, 0xa8, 0xec, 0xc0, 0x3f,
    0xf8, 0x3a, 0x3e, 0x1, 0xff, 0xc1, 0x1c, 0xd0,

    /* U+30DA "ペ" */
    0x0, 0xff, 0xa2, 0xcc, 0x3, 0xfe, 0x8f, 0x9e,
    0x0, 0xf5, 0xfb, 0x80, 0x9, 0x8, 0x44, 0x1,
    0xa9, 0x5a, 0x20, 0x13, 0xd8, 0x82, 0x1, 0x42,
    0xec, 0xd3, 0xb8, 0xf7, 0x50, 0x1, 0x2b, 0xd1,
    0x82, 0xcc, 0x38, 0x8, 0x4, 0x94, 0xca, 0x1,
    0x34, 0x41, 0x80, 0x22, 0xb3, 0x90, 0xe, 0x76,
    0x95, 0x0, 0x14, 0xe8, 0x7, 0xd2, 0x94, 0x80,
    0x6, 0x10, 0xf, 0xd6, 0x76, 0x60, 0x1f, 0xfc,
    0xd, 0x14, 0x0, 0xff, 0xe0, 0xf, 0xb8,

    /* U+30DB "ホ" */
    0x0, 0xf3, 0xf8, 0x7, 0xff, 0x0, 0x44, 0x1,
    0xff, 0xc0, 0x30, 0xf, 0x8b, 0xfd, 0xdd, 0x50,
    0xf7, 0x6f, 0x72, 0xbb, 0x55, 0x4e, 0x15, 0x5a,
    0xd4, 0x11, 0x3b, 0x45, 0x13, 0x88, 0x2, 0x92,
    0x0, 0xe5, 0x50, 0x6, 0x66, 0x18, 0x7, 0x1d,
    0x10, 0x0, 0x62, 0x44, 0x3, 0x99, 0x38, 0x1,
    0xa4, 0xc0, 0x1f, 0x49, 0xb2, 0x96, 0x80, 0x7e,
    0x27, 0xf5, 0xe1, 0x0, 0x8c, 0x3, 0xa2, 0x40,
    0x36, 0x6c, 0x90, 0x7, 0xfb, 0xe6, 0xb4, 0x3,
    0xc0,

    /* U+30DC "ボ" */
    0x0, 0xf8, 0x40, 0x24, 0xa, 0x0, 0xfe, 0xe6,
    0x0, 0x73, 0x14, 0x80, 0x7e, 0x10, 0xa, 0xed,
    0x1c, 0x0, 0x45, 0x5e, 0xf, 0x55, 0x24, 0x2b,
    0x80, 0x3a, 0xe2, 0x30, 0xbc, 0x45, 0x70, 0x1,
    0x57, 0x6e, 0xe1, 0x8d, 0xdb, 0xb4, 0x3, 0xff,
    0x93, 0x36, 0x1, 0xc5, 0xe4, 0x1, 0xc6, 0xd0,
    0x1, 0xc4, 0xbe, 0x1, 0x87, 0x98, 0xc0, 0x3d,
    0x67, 0x0, 0x16, 0x84, 0x80, 0x7c, 0x30, 0xe4,
    0x0, 0xaf, 0x0, 0xfe, 0x69, 0x20, 0x3, 0x10,
    0x13, 0x30, 0x4c, 0x3, 0x30, 0x7, 0x86, 0xad,
    0x10, 0x1, 0xf0,

    /* U+30DD "ポ" */
    0x0, 0xff, 0x92, 0xec, 0x60, 0x1f, 0x62, 0x80,
    0x22, 0xe6, 0x40, 0x1f, 0x11, 0x80, 0x2e, 0x63,
    0xc1, 0x15, 0x78, 0x3d, 0x54, 0x5f, 0x8a, 0x1d,
    0x71, 0x18, 0x5e, 0x23, 0x80, 0x15, 0xdb, 0xb8,
    0x63, 0x76, 0xee, 0x0, 0x7f, 0xf1, 0xe6, 0xc0,
    0x38, 0xbc, 0xc0, 0x31, 0xb4, 0x0, 0x71, 0x37,
    0x0, 0x43, 0xcc, 0x60, 0x1e, 0x93, 0x80, 0x6,
    0x84, 0x80, 0x7e, 0xb7, 0x30, 0xaf, 0x0, 0xfe,
    0x59, 0x30, 0x62, 0x2, 0x66, 0x9, 0x80, 0x66,
    0x0, 0xe1, 0xab, 0x44, 0x0, 0x78,

    /* U+30DE "マ" */
    0x0, 0xff, 0xe1, 0x2f, 0xff, 0xff, 0x1, 0xd2,
    0xef, 0xfc, 0xa0, 0x62, 0x89, 0xfc, 0xca, 0xc8,
    0x1, 0xfe, 0xf3, 0x90, 0xc, 0xc2, 0x1, 0xac,
    0xf4, 0x3, 0xd, 0x79, 0x80, 0x2d, 0x70, 0x40,
    0x30, 0xe2, 0x63, 0x6a, 0xe1, 0x0, 0x7d, 0x4d,
    0x27, 0xe4, 0x1, 0xfd, 0x2e, 0x2e, 0x1, 0xff,
    0x43, 0x4a, 0x80, 0x7f, 0xd2, 0x94, 0x40, 0x1f,
    0xf5, 0xd1, 0x0, 0x40,

    /* U+30DF "ミ" */
    0x0, 0xff, 0xe0, 0xd7, 0xe4, 0xb1, 0x0, 0x74,
    0x5d, 0x8e, 0x37, 0xa9, 0x80, 0x4, 0x8f, 0x5d,
    0xb0, 0x18, 0x1, 0xf1, 0x35, 0x50, 0x13, 0x25,
    0x88, 0x3, 0xce, 0x85, 0x1b, 0xd4, 0xc2, 0x0,
    0x38, 0xbe, 0xd8, 0x9, 0xa0, 0xf, 0x13, 0x57,
    0xd0, 0x0, 0x80, 0x3e, 0x10, 0x4d, 0xfc, 0x84,
    0x10, 0xc, 0x9b, 0x4a, 0x97, 0xd9, 0x4, 0x0,
    0x25, 0x9c, 0xfb, 0x56, 0xd5, 0x0, 0xf2, 0x4f,
    0x62, 0x80,

    /* U+30E0 "ム" */
    0x0, 0xf0, 0x80, 0x7f, 0xf0, 0x1b, 0x88, 0x3,
    0xfe, 0xf2, 0x20, 0x7, 0xfc, 0xea, 0x1, 0xff,
    0x18, 0xd8, 0x7, 0xfd, 0x64, 0x60, 0x1f, 0xf2,
    0xa8, 0x2, 0x24, 0x0, 0xf1, 0x95, 0x80, 0x4b,
    0x62, 0x1, 0xd6, 0x46, 0x1, 0x39, 0xd8, 0x7,
    0x32, 0x80, 0x74, 0x29, 0x80, 0x48, 0x34, 0x26,
    0xad, 0x1c, 0x1e, 0x13, 0x94, 0x1b, 0xd9, 0x56,
    0x66, 0x63, 0x4e, 0x59, 0x95, 0xef, 0xfb, 0x6e,
    0x64, 0x5e, 0xf2, 0xec, 0x84, 0x1, 0xee, 0x90,

    /* U+30E1 "メ" */
    0x0, 0xff, 0xe5, 0xdd, 0x0, 0x7f, 0x85, 0x34,
    0x3, 0x41, 0x0, 0x67, 0x7, 0x0, 0x85, 0x35,
    0x80, 0x28, 0x60, 0xc, 0x39, 0x13, 0x62, 0xe3,
    0x0, 0x1e, 0x7c, 0x5f, 0x88, 0x8, 0x7, 0xc7,
    0x82, 0x2, 0x1, 0xfd, 0xc2, 0xb2, 0xe0, 0x1f,
    0x61, 0x65, 0x34, 0x40, 0x3, 0x16, 0x16, 0x10,
    0x4b, 0x3c, 0x80, 0x1b, 0x47, 0x8, 0x2, 0x97,
    0xe0, 0xc9, 0x7d, 0x20, 0xe, 0x87, 0xe, 0xd8,
    0x0, 0xfe,

    /* U+30E2 "モ" */
    0x0, 0x22, 0xc, 0xfe, 0x41, 0x0, 0xd, 0xdb,
    0x73, 0x1b, 0xb6, 0x5a, 0x80, 0x7, 0xfd, 0xce,
    0x7d, 0xd7, 0xf9, 0x0, 0x3f, 0xfa, 0x25, 0xfe,
    0xee, 0x39, 0xf7, 0x77, 0xc1, 0x5d, 0xaa, 0x8a,
    0x55, 0x5d, 0x74, 0x8, 0x98, 0x85, 0x13, 0xc4,
    0x1, 0xff, 0xd5, 0xf3, 0x51, 0x11, 0x19, 0x80,
    0x3c, 0xc7, 0x5d, 0xcd, 0xcc, 0x0, 0x78, 0x73,
    0xb3, 0x2d, 0xe0,

    /* U+30E3 "ャ" */
    0x0, 0xd, 0x18, 0x7, 0xf0, 0xba, 0x0, 0x7f,
    0x97, 0x0, 0x9a, 0x73, 0xe4, 0x51, 0x8d, 0x3f,
    0x34, 0x50, 0x29, 0xeb, 0x4c, 0x2b, 0xae, 0x15,
    0xcd, 0xba, 0xe1, 0x30, 0x1, 0x63, 0x0, 0x1d,
    0x88, 0xa, 0xda, 0x1, 0xe5, 0x22, 0x2e, 0x88,
    0x7, 0x88, 0x50, 0x3, 0xfc, 0x98, 0x1, 0xfe,
    0xf5, 0x0, 0xff, 0x25, 0x80, 0x70,

    /* U+30E4 "ヤ" */
    0x0, 0x9d, 0x40, 0x3f, 0xf8, 0x19, 0xe0, 0x1f,
    0xfc, 0xd, 0x40, 0xe, 0x36, 0xa3, 0x0, 0x90,
    0x59, 0x93, 0xbf, 0x90, 0xac, 0xb1, 0x5e, 0x13,
    0x41, 0x79, 0xea, 0x8b, 0xc8, 0x76, 0xa7, 0x92,
    0xc7, 0xb, 0x41, 0x79, 0x2d, 0xe6, 0x20, 0x6,
    0x7a, 0x10, 0xe, 0x40, 0x40, 0x59, 0x92, 0x0,
    0x78, 0x4f, 0x1, 0x71, 0x80, 0x3f, 0x23, 0x80,
    0xc, 0x3, 0xfa, 0xc4, 0x80, 0x3f, 0xe3, 0x5,
    0x0, 0xff, 0xe0, 0x25, 0x80, 0x7f, 0xf0, 0x3a,
    0xc0, 0x3c,

    /* U+30E5 "ュ" */
    0x0, 0xff, 0xe1, 0x77, 0xff, 0xb0, 0x3, 0x6e,
    0x67, 0x28, 0x80, 0x63, 0x3f, 0x3, 0x0, 0x7f,
    0x98, 0xc0, 0x3f, 0xc5, 0xc0, 0x1f, 0xc2, 0x22,
    0x0, 0x12, 0xa2, 0x73, 0x1, 0x22, 0x55, 0x5e,
    0x91, 0x8a, 0x90,

    /* U+30E6 "ユ" */
    0x0, 0xff, 0xe2, 0x67, 0x6e, 0xf7, 0x7b, 0x0,
    0x69, 0x8b, 0xbe, 0x80, 0x10, 0xc, 0xac, 0xde,
    0x70, 0x20, 0xf, 0xf8, 0x81, 0x80, 0x3f, 0xe6,
    0x3, 0x0, 0xff, 0x88, 0x40, 0x3f, 0xf8, 0x1a,
    0x40, 0x1f, 0xfc, 0x6, 0x50, 0x8, 0xd1, 0x3f,
    0x18, 0x22, 0x55, 0x77, 0xf8, 0x1a, 0xed, 0x53,
    0xff, 0xff, 0xc1,

    /* U+30E7 "ョ" */
    0x7f, 0xee, 0xf7, 0xa3, 0x66, 0xef, 0x84, 0x4,
    0xcf, 0xe0, 0xf, 0xfe, 0x0, 0xff, 0xbb, 0xb8,
    0x40, 0x73, 0x1b, 0xbc, 0x20, 0x3, 0x3f, 0x80,
    0x3f, 0xf8, 0x15, 0xfd, 0xde, 0x10, 0x8c, 0xdd,
    0xf0, 0x88,

    /* U+30E9 "ラ" */
    0x0, 0xff, 0xe1, 0x1f, 0xff, 0xee, 0x0, 0x8a,
    0xed, 0x99, 0xd7, 0x40, 0x10, 0xa2, 0xc, 0xf9,
    0x10, 0x0, 0x22, 0xff, 0x84, 0x27, 0x77, 0xfd,
    0xe1, 0x5d, 0xff, 0xf8, 0x9c, 0x4, 0x40, 0x1f,
    0x19, 0x50, 0x7, 0xfb, 0xcc, 0xc0, 0x1f, 0xd0,
    0x7c, 0x1, 0xf8, 0x69, 0xe8, 0x80, 0x3c, 0x2d,
    0xe9, 0x6a, 0x1, 0xea, 0xe9, 0x7f, 0x40, 0xf,
    0xba, 0x7e, 0x44, 0x3, 0x80,

    /* U+30EA "リ" */
    0x0, 0xff, 0x37, 0x0, 0x70, 0xfb, 0x0, 0x7c,
    0x20, 0x1f, 0xf1, 0x80, 0x7f, 0xf4, 0x44, 0x3,
    0xe2, 0x7, 0x32, 0x0, 0xe7, 0x2, 0x5c, 0x0,
    0xee, 0x31, 0x0, 0xf3, 0x24, 0x80, 0x7a, 0x64,
    0xea, 0x1, 0xa7, 0xda, 0xa0, 0x3, 0xb2, 0x39,
    0x40, 0x20,

    /* U+30EB "ル" */
    0x0, 0xb2, 0x0, 0xf, 0xe0, 0x1f, 0xfc, 0x11,
    0x10, 0x7, 0xff, 0x37, 0xc0, 0x3f, 0xf8, 0x22,
    0x1, 0xff, 0xc2, 0x31, 0x0, 0xff, 0xe0, 0x89,
    0x0, 0x7e, 0x30, 0x8, 0xc1, 0x80, 0x3e, 0x5c,
    0x20, 0x4, 0x91, 0x0, 0x3c, 0xb5, 0x24, 0x4,
    0xb0, 0x1, 0xe8, 0xa9, 0x60, 0x1f, 0x25, 0x0,
    0xc3, 0xad, 0x4c, 0x0, 0xa3, 0xc0, 0xf, 0x27,
    0xa8, 0x5, 0x78, 0x20, 0x19, 0xb6, 0x44, 0x3,
    0x0,

    /* U+30EC "レ" */
    0x5e, 0x10, 0xf, 0xe1, 0x18, 0x3, 0xff, 0xd6,
    0xe2, 0x1, 0xfc, 0xf0, 0xa0, 0x1f, 0xa6, 0x29,
    0x0, 0x3c, 0x9a, 0xf6, 0xa0, 0x1c, 0x77, 0x67,
    0xf4, 0x0, 0xd1, 0xb8, 0x19, 0x42, 0x1, 0xca,
    0xad, 0xb3, 0x0, 0xe4, 0xdd, 0x41, 0x0, 0x7c,

    /* U+30ED "ロ" */
    0x6f, 0xee, 0xfd, 0xfc, 0x3, 0x77, 0xf9, 0x84,
    0xd, 0x57, 0xf6, 0x0, 0x7f, 0xfc, 0x8c, 0x3,
    0xf1, 0x80, 0x7, 0xff, 0xf4, 0x80, 0x8b, 0x77,
    0xf4, 0x3, 0xf9, 0x17, 0xe7, 0xe0,

    /* U+30EF "ワ" */
    0x33, 0xff, 0x20, 0x6e, 0x67, 0xf5, 0xe0, 0x47,
    0xff, 0xe3, 0x60, 0x10, 0xf, 0xc7, 0xa0, 0x1f,
    0xc4, 0x6, 0x2, 0x1, 0xf2, 0x82, 0x6b, 0x0,
    0x7d, 0x48, 0x6, 0x20, 0x1e, 0x52, 0x80, 0xf,
    0xc7, 0x4c, 0x60, 0x1f, 0x2e, 0x24, 0x80, 0x78,
    0xaa, 0x8b, 0x60, 0x1e, 0xbd, 0x4a, 0xa0, 0x7,
    0xd1, 0x7c, 0xa0, 0x1c,

    /* U+30F3 "ン" */
    0x7, 0x20, 0xf, 0xf0, 0xd6, 0xa8, 0x7, 0xf0,
    0xea, 0xd4, 0x0, 0x7f, 0xaa, 0x1d, 0xc0, 0x1c,
    0xcc, 0x0, 0x9e, 0x9c, 0x3, 0xc, 0x70, 0x6,
    0x50, 0xe, 0xd3, 0x80, 0xf, 0xeb, 0x3f, 0x0,
    0xfc, 0x36, 0xb8, 0x40, 0x1f, 0x27, 0xb6, 0x18,
    0x7, 0x93, 0x2d, 0x74, 0x80, 0x21, 0x48, 0xdb,
    0xb, 0xb0, 0x7, 0x3d, 0xb2, 0x5e, 0x20, 0x7,
    0x9b, 0x7a, 0x50, 0x3, 0xf0,

    /* U+30FB "・" */
    0x4, 0x40, 0x2d, 0xd9, 0x70, 0x1, 0x96, 0x66,
    0xb0,

    /* U+30FC "ー" */
    0x9f, 0xee, 0xff, 0x79, 0x63, 0xcc, 0xff, 0x9c,
    0xc0,

    /* U+4E00 "一" */
    0x1f, 0xff, 0xfe, 0x14, 0xd, 0x57, 0xff, 0xa,
    0xc0,

    /* U+4E09 "三" */
    0xf, 0xff, 0xfe, 0x0, 0x2, 0xef, 0xff, 0x80,
    0x0, 0x44, 0xff, 0xe0, 0x0, 0x7f, 0xf4, 0xf7,
    0x7f, 0xac, 0x3, 0x44, 0x7f, 0x78, 0x6, 0x55,
    0xfe, 0x40, 0xf, 0xfe, 0x90, 0x8f, 0xff, 0xb,
    0xbb, 0xff, 0x83, 0xfd, 0xdf, 0xfc, 0x1f,

    /* U+4E0A "上" */
    0x0, 0xf1, 0x78, 0x80, 0x7f, 0xfc, 0xd4, 0xcf,
    0x80, 0x3f, 0xd7, 0x99, 0xc2, 0x1, 0xfd, 0xdf,
    0xfc, 0x20, 0x1f, 0xff, 0xf0, 0xf, 0x17, 0x77,
    0x60, 0x7f, 0x77, 0x88, 0x95, 0x5e, 0xba, 0xaf,
    0x88,

    /* U+4E0B "下" */
    0x3, 0x3f, 0xfe, 0x10, 0xe, 0x67, 0xff, 0x8,
    0x87, 0xff, 0xc3, 0x7f, 0xfe, 0x20, 0xf, 0xfe,
    0x66, 0x88, 0x7, 0xff, 0x9, 0xfd, 0xc0, 0x3f,
    0xf8, 0x37, 0x13, 0xca, 0x1, 0xff, 0xb, 0x73,
    0x55, 0x88, 0x7, 0xff, 0x2, 0x30, 0x84, 0x3,
    0xff, 0x82, 0x72, 0x1, 0xff, 0xf6,

    /* U+4E0D "不" */
    0x3, 0x44, 0xff, 0xe0, 0x18, 0x3, 0x6e, 0xff,
    0xf8, 0x1c, 0x0, 0xef, 0xfe, 0xc0, 0xaf, 0xfd,
    0xa0, 0x1f, 0xb8, 0xd4, 0x3, 0xff, 0x81, 0x64,
    0xa4, 0x20, 0x1f, 0xea, 0x52, 0x9, 0xf4, 0x0,
    0xf8, 0x71, 0x31, 0xc2, 0xe6, 0xe4, 0x3, 0x93,
    0xc7, 0xc8, 0x2, 0x7c, 0x7c, 0x20, 0x1a, 0xb6,
    0xd1, 0x0, 0xe3, 0xf0, 0xc1, 0x11, 0xe4, 0x0,
    0x7e, 0x1c, 0xb1, 0x9, 0x30, 0xf, 0xf9, 0x40,
    0x3f, 0xfc, 0xa0,

    /* U+4E0E "与" */
    0x0, 0xc2, 0xc0, 0x1f, 0xfc, 0x24, 0x80, 0xf,
    0xfe, 0x16, 0x91, 0x7e, 0x10, 0xf, 0x21, 0xee,
    0xfc, 0xc0, 0x1e, 0x3b, 0xff, 0xf9, 0xc0, 0x38,
    0xc1, 0x0, 0x3f, 0xf8, 0x2a, 0x1b, 0xbf, 0x38,
    0x7, 0xb5, 0x66, 0x7c, 0x20, 0x1f, 0x55, 0xa2,
    0x78, 0x44, 0x1, 0x88, 0x86, 0x62, 0x2f, 0x18,
    0x11, 0x0, 0xb7, 0x7f, 0xc3, 0x3b, 0xa2, 0x27,
    0xff, 0xf5, 0x87, 0xfc, 0x40, 0x1f, 0xec, 0x30,
    0xf, 0xf1, 0x14, 0x6d, 0x60, 0x1f, 0xea, 0xdd,
    0x62, 0xb8, 0x7, 0xfa, 0x3f, 0xeb, 0x0, 0xe0,

    /* U+4E13 "专" */
    0x0, 0xf1, 0x48, 0x7, 0xff, 0x6, 0x94, 0x3,
    0xfa, 0xb7, 0x67, 0x3d, 0xde, 0xa0, 0xa, 0x66,
    0x80, 0xa9, 0x9f, 0x0, 0x46, 0x88, 0x32, 0x54,
    0x4e, 0x30, 0x1d, 0xdd, 0x5, 0xbb, 0xf5, 0x8c,
    0x45, 0x63, 0x31, 0x1f, 0x78, 0x2a, 0xc0, 0x4c,
    0xab, 0xf2, 0x0, 0x6a, 0x2d, 0xdf, 0x72, 0x80,
    0x77, 0xe7, 0x76, 0x93, 0x25, 0x0, 0xe3, 0x3e,
    0x28, 0x2c, 0x0, 0xf3, 0x49, 0x80, 0xe8, 0x60,
    0x7, 0xca, 0x1b, 0xd8, 0x18, 0x1, 0xf8, 0xe7,
    0xa9, 0x8e, 0xd0, 0x3, 0xfc, 0x97, 0xa3, 0xe0,
    0x1f, 0xfc, 0x2, 0xab, 0x0, 0x80,

    /* U+4E14 "且" */
    0x0, 0xa7, 0xff, 0xf6, 0x0, 0x7c, 0xbb, 0xbe,
    0x70, 0xf, 0xc6, 0x45, 0xee, 0x0, 0xff, 0xe6,
    0x3e, 0x67, 0xa0, 0x3, 0xf2, 0xcc, 0xf9, 0x0,
    0x3f, 0x12, 0xaf, 0xb0, 0x3, 0xff, 0x98, 0x4a,
    0xbe, 0xc0, 0xf, 0xcb, 0x33, 0xe4, 0x0, 0xfc,
    0xf9, 0x9e, 0x80, 0xf, 0xfe, 0x40, 0xe6, 0x1d,
    0xd9, 0x9e, 0x83, 0xcc, 0x10, 0xcc, 0xae, 0xd3,
    0x3e, 0xba, 0x99, 0x10,

    /* U+4E1A "业" */
    0x0, 0xe8, 0xa0, 0x5, 0x48, 0x7, 0xff, 0x69,
    0x14, 0x3, 0xfc, 0x86, 0x0, 0x1b, 0x0, 0xff,
    0x4a, 0x0, 0x14, 0x18, 0x3, 0xf2, 0x1b, 0x80,
    0x53, 0x60, 0x1f, 0xbd, 0x80, 0x33, 0x12, 0x0,
    0x79, 0x16, 0x0, 0x30, 0xa1, 0x80, 0x7a, 0x20,
    0x1, 0xeb, 0x70, 0xf, 0x6b, 0x0, 0x7f, 0xf0,
    0x84, 0x3, 0xff, 0x93, 0xff, 0x9d, 0x7f, 0xca,
    0xdf, 0xf8, 0x43, 0x33, 0xff, 0x84, 0x20,

    /* U+4E1D "丝" */
    0x0, 0xc6, 0x60, 0xe, 0x51, 0x0, 0xfa, 0x28,
    0x3, 0x15, 0x10, 0x7, 0x8d, 0x20, 0x3, 0x5a,
    0x18, 0x7, 0xa5, 0x84, 0x4a, 0x2, 0xd2, 0x6,
    0x40, 0x12, 0x22, 0x42, 0xb8, 0x2d, 0xc8, 0x39,
    0x40, 0x29, 0xb0, 0x45, 0xa5, 0x79, 0x19, 0x17,
    0x0, 0x41, 0x5f, 0xdd, 0x86, 0x8b, 0xb8, 0xda,
    0x1, 0x56, 0x61, 0x15, 0x41, 0xbd, 0xa3, 0x62,
    0x1, 0x11, 0xab, 0xd0, 0x0, 0x83, 0xe1, 0x0,
    0x39, 0xab, 0x40, 0x36, 0xab, 0x0, 0x88, 0x0,
    0x92, 0x7f, 0xf4, 0x61, 0xbf, 0xfb, 0xa0, 0x0,
    0xb3, 0x5b, 0xae, 0x8f, 0xbc, 0xee, 0x7c, 0x80,
    0x5, 0x90, 0xc8, 0x40, 0xd0, 0xc4, 0x40, 0x11,
    0x7f, 0xff, 0xf0, 0x88, 0x9b, 0xbf, 0xfc, 0x22,

    /* U+4E21 "両" */
    0x3, 0x3f, 0xfe, 0x10, 0xe, 0x67, 0xff, 0x8,
    0x45, 0xff, 0xe4, 0x8f, 0xff, 0x8, 0x7, 0xff,
    0x15, 0x3f, 0xf9, 0x23, 0xff, 0x94, 0x2, 0x1e,
    0xec, 0x8f, 0xdd, 0x88, 0x3, 0x18, 0xca, 0x8,
    0x78, 0xbb, 0x84, 0x3, 0xe2, 0x30, 0xd, 0xdc,
    0x0, 0xff, 0xe6, 0x88, 0x83, 0xc4, 0x40, 0x1f,
    0xe8, 0xf5, 0x6f, 0x60, 0xf, 0xf4, 0xf7, 0x68,
    0xf0, 0xf, 0xd4, 0xc0, 0x19, 0xd8, 0x4c, 0x3,
    0xff, 0x80, 0x5d, 0xc2, 0x40,

    /* U+4E22 "丢" */
    0x0, 0xff, 0xe0, 0x18, 0x7, 0x1a, 0x2b, 0x3c,
    0x4d, 0xef, 0xe4, 0x0, 0x6e, 0x99, 0x6e, 0x2a,
    0x64, 0x67, 0xc0, 0x6, 0xdd, 0x65, 0xd9, 0x10,
    0xea, 0x60, 0x1e, 0x22, 0xf1, 0x91, 0x70, 0x6,
    0x9d, 0xdc, 0x8b, 0xbb, 0xa4, 0x3, 0x5f, 0xfe,
    0x66, 0x7f, 0xeb, 0x0, 0x84, 0x7c, 0x66, 0x11,
    0xf0, 0xf, 0x77, 0x95, 0x5d, 0xde, 0x1, 0xff,
    0xd6, 0x15, 0xff, 0xf0, 0x7, 0xd, 0x32, 0x80,
    0x22, 0xc0, 0x3f, 0x6a, 0xc8, 0x5, 0x2d, 0x20,
    0x1e, 0xc0, 0xb0, 0x12, 0x35, 0x53, 0x28, 0x6,
    0xd3, 0x2f, 0xf7, 0x6f, 0x41, 0xa5, 0x8, 0x5,
    0x73, 0x59, 0xdf, 0xed, 0xcb, 0xb1, 0x48, 0x4,
    0xcc, 0x43, 0x10, 0xf, 0x64, 0x0,

    /* U+4E24 "两" */
    0x2, 0x2f, 0xfe, 0x10, 0x3, 0x77, 0xff, 0x84,
    0x21, 0xff, 0x96, 0x3f, 0xcc, 0xcf, 0xfc, 0x20,
    0x1f, 0xfc, 0x55, 0xff, 0x96, 0x3f, 0xcc, 0xcf,
    0xf9, 0x80, 0x6, 0x5b, 0xa3, 0x7d, 0xd2, 0x36,
    0xe8, 0x80, 0x30, 0x91, 0x7, 0x48, 0x81, 0xc4,
    0x41, 0x0, 0xf8, 0xa0, 0x41, 0x24, 0x80, 0x3f,
    0x29, 0x3d, 0x20, 0xcf, 0x88, 0x7, 0xd1, 0x76,
    0xc8, 0x67, 0x75, 0x80, 0x7a, 0x85, 0x87, 0xc6,
    0x2, 0xc8, 0x3, 0xd9, 0xa0, 0xd, 0xf0, 0x0,
    0xc0, 0x7, 0x98, 0x40, 0xa, 0x40, 0x46, 0x61,
    0x0, 0xff, 0xe0, 0x2e, 0x60, 0x50, 0x0,

    /* U+4E25 "严" */
    0x1, 0xff, 0xff, 0xe0, 0x58, 0xf, 0x67, 0xe8,
    0x6f, 0xa3, 0xfe, 0xea, 0xc0, 0x5, 0x82, 0x60,
    0x60, 0xf, 0xb, 0x90, 0x8, 0xd1, 0x80, 0x3c,
    0x2d, 0x0, 0x1b, 0x68, 0x3, 0xd2, 0x86, 0x1,
    0xa, 0xc1, 0x1, 0xb, 0xfe, 0xf8, 0x88, 0x1,
    0xd9, 0x58, 0x19, 0xc6, 0xf5, 0x7d, 0xe0, 0x16,
    0x7f, 0xff, 0xb8, 0x3, 0xff, 0x88, 0x20, 0x40,
    0x1f, 0xfc, 0x3, 0x1, 0x0, 0xff, 0xe0, 0x38,
    0x80, 0x7f, 0xf0, 0x79, 0xc0, 0x3f, 0xf8, 0x4,
    0x96, 0x1, 0xff, 0xc0, 0x2d, 0x20, 0xf, 0xfe,
    0x0,

    /* U+4E26 "並" */
    0x0, 0xc6, 0x1, 0xe3, 0x10, 0xf, 0x26, 0x10,
    0x7, 0x6b, 0x0, 0x79, 0x16, 0x0, 0x33, 0x93,
    0x80, 0x62, 0x33, 0x63, 0x19, 0xe9, 0xa3, 0x31,
    0x0, 0x23, 0x31, 0x27, 0x99, 0x86, 0x73, 0x12,
    0x0, 0xaf, 0xfa, 0x8b, 0xfc, 0x37, 0xff, 0x58,
    0x4, 0xa2, 0x1, 0xf8, 0xe0, 0x3, 0x7c, 0x80,
    0x7e, 0xa4, 0x0, 0xdc, 0xc0, 0x1f, 0x92, 0x80,
    0x32, 0x2, 0x0, 0x78, 0xc9, 0xc0, 0x39, 0x70,
    0x3, 0xd4, 0xc2, 0x1, 0xdd, 0xa0, 0x1e, 0xeb,
    0x0, 0xf2, 0xa8, 0x3, 0xce, 0x40, 0x10, 0xee,
    0xeb, 0x2d, 0xd0, 0xd6, 0xee, 0x21, 0x88, 0xd7,
    0x51, 0xa, 0xb8, 0x8c, 0x40,

    /* U+4E2A "个" */
    0x0, 0xf3, 0x6d, 0x80, 0x7f, 0xf0, 0xe, 0x30,
    0xe8, 0x3, 0xfc, 0x9b, 0xa1, 0x83, 0xb0, 0xf,
    0xcd, 0x5a, 0x60, 0x9, 0x3d, 0x30, 0xc, 0x35,
    0x4c, 0x30, 0x62, 0x8, 0xbc, 0x70, 0x3, 0x79,
    0xe1, 0x0, 0x21, 0xc0, 0xd, 0x95, 0xc8, 0x75,
    0x20, 0x1f, 0xc7, 0xb2, 0x8a, 0x80, 0x1f, 0xfc,
    0x7, 0x0, 0xff, 0xff, 0x80, 0x7f, 0xf2, 0x80,

    /* U+4E2D "中" */
    0x0, 0xf2, 0xf0, 0x7, 0xff, 0x20, 0x55, 0x7b,
    0x5, 0x57, 0x91, 0x6a, 0x67, 0x38, 0x4c, 0xeb,
    0x90, 0x1c, 0xcd, 0x63, 0x99, 0xa0, 0x3, 0xff,
    0xa6, 0x45, 0xc0, 0x45, 0x84, 0x0, 0x3b, 0xba,
    0x7, 0x77, 0x40, 0x0, 0x7f, 0xf5, 0xf, 0xfe,
    0x90, 0x5d, 0x0, 0xff, 0x3f, 0x89, 0x80, 0x7f,
    0x84, 0x80, 0x3f, 0xfa, 0x0,

    /* U+4E34 "临" */
    0x0, 0xf8, 0x80, 0x3f, 0x8f, 0xc0, 0x3, 0xa8,
    0x1, 0xe3, 0x10, 0xc, 0xe0, 0x4a, 0xbc, 0x1c,
    0xa0, 0x1a, 0x86, 0xa6, 0x78, 0x3, 0xcc, 0x7f,
    0x3f, 0x99, 0x80, 0x38, 0xa5, 0xc4, 0x31, 0x40,
    0x3f, 0xa, 0xc0, 0x2e, 0x51, 0x80, 0x7c, 0x74,
    0x1, 0x1e, 0x18, 0x7, 0xe3, 0xff, 0xd9, 0xfe,
    0x50, 0xf, 0x87, 0xb8, 0x19, 0xc2, 0x1, 0xfc,
    0x22, 0x1, 0x11, 0x80, 0x7f, 0xf5, 0x35, 0x0,
    0x30, 0xf7, 0x3, 0x38, 0x80, 0x3f, 0xb7, 0x59,
    0xba, 0x10, 0xc, 0x7e, 0x7, 0xc6, 0x7d, 0xca,
    0x0,

    /* U+4E38 "丸" */
    0x0, 0xf7, 0xa0, 0x7, 0xff, 0xd, 0xc0, 0x3f,
    0xf9, 0xb5, 0xff, 0x83, 0x3f, 0xf0, 0x7, 0x5e,
    0xed, 0x41, 0x9b, 0xaa, 0x0, 0xf0, 0x91, 0x40,
    0x26, 0x44, 0x70, 0xf, 0xaa, 0xc8, 0x8a, 0x1,
    0xff, 0x58, 0xec, 0x98, 0x7, 0xfc, 0x35, 0x41,
    0x52, 0x0, 0xff, 0xe0, 0x10, 0xb6, 0xa8, 0x7,
    0xf8, 0xa2, 0x16, 0xf6, 0x1, 0xc9, 0x20, 0x1,
    0xf4, 0x60, 0x8f, 0x0, 0xe1, 0x50, 0x4f, 0x1a,
    0x0, 0x84, 0x2, 0x42, 0xc5, 0x3b, 0x7c, 0x10,
    0xe, 0x23, 0xbd, 0x7a, 0x3e, 0x90, 0xf, 0xd9,
    0xfe, 0xe3,

    /* U+4E3A "为" */
    0x0, 0x38, 0x1, 0x3c, 0x3, 0xfb, 0x6c, 0x3,
    0xff, 0x81, 0x6a, 0x80, 0x20, 0x1f, 0x1a, 0xa4,
    0xe, 0x8a, 0xaf, 0x8d, 0x22, 0x17, 0xe, 0x11,
    0x1d, 0x56, 0xfb, 0xb9, 0xd7, 0x77, 0x93, 0xc0,
    0x39, 0x30, 0x4, 0x2, 0x70, 0xe, 0x32, 0x48,
    0xd0, 0x8, 0x44, 0x1, 0xa5, 0xa, 0x2, 0x40,
    0x6, 0x60, 0x9, 0x17, 0xc0, 0x1c, 0xc4, 0x2,
    0x20, 0x0, 0xd3, 0xa0, 0x0, 0xbc, 0x84, 0x18,
    0xb, 0xa, 0x0, 0x3c, 0xa0, 0x4b, 0xad, 0x80,
    0x18, 0xce, 0xf2, 0x2, 0x7b, 0x0, 0xea, 0xcc,
    0x2c, 0x83, 0xc0, 0x7, 0xa7, 0xfd, 0xc8, 0x0,

    /* U+4E3B "主" */
    0x0, 0xf0, 0x80, 0x7f, 0xf0, 0xef, 0x48, 0x3,
    0xff, 0x83, 0x49, 0xa6, 0x1, 0xf0, 0x99, 0xf5,
    0x24, 0x19, 0xe1, 0x0, 0x26, 0x67, 0x91, 0x19,
    0x99, 0x0, 0xb, 0xff, 0xca, 0xaf, 0xfe, 0x50,
    0xf, 0xfe, 0xb9, 0xaa, 0xe6, 0x62, 0xae, 0x30,
    0xd, 0x71, 0x18, 0xcd, 0x11, 0xa8, 0x3, 0x46,
    0xee, 0x55, 0x6e, 0xe9, 0x0, 0xff, 0xeb, 0x99,
    0xf8, 0x44, 0x67, 0xe0, 0x1d, 0xdf, 0x2a, 0xb7,
    0x7c, 0x40,

    /* U+4E49 "义" */
    0x0, 0xf0, 0xa0, 0x7, 0xff, 0x8, 0xec, 0x40,
    0x21, 0x0, 0xe3, 0x40, 0x1, 0x2c, 0x0, 0x57,
    0x60, 0xc, 0xd4, 0x1, 0x73, 0x80, 0x5, 0x7c,
    0x3, 0x29, 0xb8, 0x1, 0x1c, 0x42, 0x49, 0x0,
    0x3a, 0x24, 0x2, 0x91, 0x6, 0xb0, 0xf, 0x29,
    0xc0, 0x6, 0x80, 0x60, 0xf, 0xb9, 0xd0, 0x0,
    0x8f, 0x40, 0x1f, 0x8e, 0x6c, 0x86, 0x95, 0x0,
    0x3f, 0x99, 0x7f, 0x4a, 0x80, 0x3f, 0xeb, 0x23,
    0xf0, 0xf, 0xf9, 0x3c, 0xcd, 0xaa, 0x1, 0xf8,
    0x62, 0xe7, 0x30, 0xd5, 0x22, 0x1, 0x8a, 0x79,
    0x31, 0xc0, 0x11, 0x69, 0xd2, 0x60, 0x5a, 0x59,
    0x83, 0x0, 0xc9, 0xb4, 0xb8, 0x44, 0xeb, 0x30,
    0xf, 0xcb, 0x9c, 0x40,

    /* U+4E4B "之" */
    0x0, 0xfb, 0x54, 0x3, 0xff, 0x98, 0x46, 0x7e,
    0x23, 0x3c, 0x40, 0x14, 0x66, 0x70, 0xc6, 0x66,
    0xd1, 0x0, 0x57, 0xff, 0xf6, 0x84, 0x88, 0x7,
    0xfc, 0x3e, 0xac, 0x1, 0xff, 0xc0, 0xd1, 0xa0,
    0xf, 0xfe, 0x5, 0x8e, 0x80, 0x7d, 0x44, 0x1,
    0x5b, 0x60, 0x80, 0x79, 0x54, 0x60, 0x3a, 0xf8,
    0x20, 0x1f, 0x40, 0x32, 0xfa, 0x60, 0x80, 0x7c,
    0xc5, 0x71, 0x51, 0x20, 0x1f, 0x86, 0x20, 0x96,
    0x31, 0x2a, 0x86, 0x62, 0x21, 0x83, 0x1b, 0x82,
    0x74, 0x1c, 0x56, 0x63, 0x76, 0x7, 0xc0, 0xc,
    0xd5, 0xbd, 0xff, 0xb8, 0x0,

    /* U+4E5F "也" */
    0x0, 0x85, 0x0, 0x2e, 0x40, 0xf, 0xe4, 0x80,
    0xf, 0xfe, 0x51, 0x3e, 0x10, 0x7, 0xfb, 0xf7,
    0x58, 0x60, 0x1e, 0x15, 0xae, 0x11, 0x4f, 0xd8,
    0x6, 0x16, 0x92, 0x82, 0xd1, 0xe4, 0x1, 0x3,
    0x2, 0xea, 0x72, 0xd8, 0x30, 0xf, 0x8, 0x17,
    0x67, 0x8, 0x7, 0xc4, 0x20, 0x10, 0x80, 0x7e,
    0x33, 0x42, 0x0, 0x7f, 0xf0, 0x2b, 0xc2, 0xc0,
    0x3f, 0xf8, 0x13, 0x96, 0x30, 0x40, 0x18, 0x40,
    0x2d, 0x50, 0xc, 0xce, 0x1, 0x31, 0x20, 0x88,
    0x80, 0x46, 0x71, 0x40, 0x8, 0xde, 0xbb, 0xbe,
    0xa9, 0x10,

    /* U+4E7E "乾" */
    0x0, 0x8b, 0xc0, 0x33, 0x58, 0x7, 0x17, 0xfb,
    0x43, 0xfd, 0xa1, 0xa4, 0x67, 0x80, 0xbb, 0x96,
    0x1d, 0xcc, 0x14, 0x6c, 0xcc, 0x40, 0x20, 0xe0,
    0x10, 0xdb, 0x77, 0x71, 0x4, 0xff, 0x16, 0x7e,
    0x2c, 0x8, 0xf0, 0x5, 0x3b, 0xb3, 0xb4, 0xbb,
    0x36, 0x0, 0xd3, 0xbb, 0x31, 0x27, 0xfb, 0x27,
    0x40, 0x34, 0xee, 0xcc, 0x5, 0x32, 0x32, 0xa0,
    0xd, 0x1d, 0xd3, 0x0, 0x4c, 0xcf, 0x10, 0xa,
    0x7f, 0x7, 0xbe, 0x0, 0xa6, 0xc8, 0x2, 0x4d,
    0xd6, 0x6, 0xec, 0x1c, 0xe8, 0x0, 0x51, 0x5e,
    0xe5, 0x87, 0x74, 0xa3, 0x0, 0x14, 0xa8, 0x99,
    0x9c, 0xc, 0xec, 0x13, 0x22, 0x19, 0x94, 0x3,
    0xf5, 0xe, 0x6e, 0xb1, 0x44, 0x2, 0x2d, 0x0,
    0x8f, 0x7f, 0xf5, 0x0,

    /* U+4E86 "了" */
    0x2, 0x2f, 0xfe, 0x0, 0x1e, 0xef, 0xff, 0x0,
    0x8f, 0xff, 0xfa, 0x42, 0x88, 0x3, 0xfa, 0x26,
    0xd4, 0x3, 0xf1, 0x62, 0xea, 0x0, 0x7e, 0x6d,
    0x4d, 0x20, 0xf, 0xf1, 0x40, 0x7, 0xff, 0xfc,
    0x2, 0x22, 0xb8, 0x3, 0xfc, 0xbb, 0xa6, 0xb0,
    0xf, 0x0,

    /* U+4E88 "予" */
    0x0, 0xff, 0xe2, 0x37, 0xff, 0xf9, 0x40, 0x26,
    0xee, 0xfa, 0x81, 0x14, 0x3, 0x8, 0xa4, 0x84,
    0x49, 0x49, 0x60, 0x1f, 0x16, 0x5c, 0x54, 0x58,
    0x7, 0xea, 0xd0, 0x72, 0x50, 0xe, 0x33, 0xe1,
    0x87, 0x2d, 0x53, 0x38, 0x3b, 0x77, 0xce, 0x22,
    0xbd, 0xcc, 0x16, 0xf7, 0x75, 0xf, 0x75, 0xe5,
    0x4, 0x1, 0xff, 0x53, 0x38, 0x7, 0xfc, 0x25,
    0x60, 0x1f, 0xfc, 0x1, 0x90, 0xf, 0xfe, 0x51,
    0x10, 0xc0, 0x3f, 0xf8, 0x19, 0xb2, 0xc0, 0x1f,
    0x0,

    /* U+4E8B "事" */
    0x0, 0xfa, 0x68, 0x3, 0xf6, 0x77, 0x73, 0x2f,
    0x77, 0x84, 0x33, 0xbb, 0x99, 0x7b, 0xbc, 0x20,
    0x3, 0xfd, 0xd9, 0xd7, 0x76, 0xf7, 0x0, 0xe1,
    0xdd, 0x9d, 0x77, 0x64, 0x0, 0xf1, 0xee, 0xce,
    0xbb, 0xb3, 0x8, 0x6, 0x3d, 0xdc, 0xeb, 0xbb,
    0x98, 0x3, 0x4e, 0xee, 0x75, 0xdd, 0xba, 0xc0,
    0x34, 0xee, 0xe7, 0x5d, 0xd9, 0x9c, 0x0, 0x3d,
    0xde, 0x65, 0xee, 0x9c, 0xf9, 0x87, 0xbb, 0xcc,
    0xbd, 0xd4, 0x27, 0x30, 0x3, 0x3b, 0xb3, 0x2f,
    0x75, 0x0, 0x1d, 0x9d, 0xd9, 0x97, 0xba, 0xa2,
    0x0, 0xfb, 0xfc, 0xfe, 0x1, 0x2c, 0x80, 0x0,

    /* U+4E8C "二" */
    0x0, 0x9, 0x17, 0xf8, 0x40, 0x35, 0x6e, 0xff,
    0xc0, 0x1a, 0xb7, 0x7f, 0xe0, 0xc, 0x24, 0x5f,
    0xe1, 0x0, 0xff, 0xff, 0x80, 0x7f, 0xf3, 0x19,
    0xbf, 0xf8, 0x40, 0x31, 0x1f, 0xfc, 0x21,

    /* U+4E8E "于" */
    0x0, 0x19, 0xff, 0xf0, 0x0, 0x36, 0x67, 0xff,
    0x0, 0x3, 0x7f, 0xf4, 0x1f, 0xff, 0x0, 0x7f,
    0xf7, 0x7c, 0x3, 0xf0, 0xff, 0xf9, 0xcf, 0xff,
    0xc4, 0x3b, 0xbe, 0x73, 0xdd, 0xf1, 0x1, 0x17,
    0xbc, 0x8, 0xbc, 0x1, 0xff, 0xe9, 0x33, 0xb5,
    0xc0, 0x3f, 0xeb, 0xcc, 0x3f, 0x0, 0x7c,

    /* U+4E92 "互" */
    0xa, 0xff, 0xff, 0xe0, 0x58, 0x2, 0xf7, 0x56,
    0x17, 0xbb, 0xf5, 0x0, 0x4, 0x88, 0x20, 0x84,
    0x5f, 0x8, 0x7, 0x11, 0x0, 0x3f, 0xf8, 0x5a,
    0x5f, 0xfe, 0x30, 0xf, 0x9d, 0xdd, 0xdb, 0x0,
    0x80, 0x3e, 0x2c, 0x11, 0xc0, 0x1, 0x0, 0xf2,
    0x2, 0x0, 0x66, 0x10, 0xf, 0x8c, 0x48, 0xbb,
    0x48, 0x3, 0xec, 0x1c, 0xce, 0x76, 0x0, 0xf8,
    0xaf, 0xbb, 0x90, 0x80, 0x3e, 0x94, 0x0, 0xe5,
    0xe0, 0xe, 0x55, 0xfe, 0x1e, 0x55, 0x84, 0xa6,
    0x7f, 0x8d, 0x26, 0x63,

    /* U+4E94 "五" */
    0x1, 0xff, 0xff, 0xe0, 0x0, 0x43, 0x99, 0x90,
    0xf3, 0x3c, 0x1, 0x8c, 0xf0, 0x29, 0x9f, 0x80,
    0x3f, 0x2f, 0x80, 0x7f, 0x84, 0x88, 0x62, 0x64,
    0x58, 0x40, 0x39, 0xb7, 0x58, 0x15, 0xbb, 0x98,
    0x3, 0x9f, 0xfd, 0x5, 0xff, 0x90, 0x3, 0xfb,
    0x10, 0x3, 0xff, 0x84, 0xbe, 0x1, 0xff, 0xc1,
    0x21, 0x40, 0xf, 0xfe, 0xa, 0x1, 0x0, 0x7f,
    0xf, 0xfd, 0x21, 0xff, 0xc9, 0x1f, 0xe2, 0x1c,
    0xcf, 0xfe, 0x11, 0x0,

    /* U+4E9B "些" */
    0x0, 0xd6, 0xe0, 0x3, 0xf0, 0xf, 0x8e, 0xc0,
    0x3f, 0xc, 0x71, 0x0, 0x1d, 0x80, 0x11, 0xda,
    0x0, 0xae, 0x4b, 0x20, 0xf, 0x3e, 0x78, 0x3,
    0x75, 0x8a, 0x1, 0xf7, 0x91, 0x0, 0xe, 0x40,
    0x6, 0x0, 0xff, 0xe1, 0xc1, 0x80, 0x44, 0xfb,
    0x14, 0x0, 0x53, 0x32, 0x89, 0x1d, 0x16, 0x88,
    0xc4, 0x6b, 0x1b, 0xa8, 0x80, 0x9e, 0x77, 0xed,
    0xcc, 0x5, 0x6f, 0x73, 0x5c, 0x0, 0x4b, 0xff,
    0xfe, 0x70, 0xc, 0xb9, 0x9f, 0xe6, 0x0, 0xc2,
    0x67, 0xfe, 0x10, 0x8, 0x8b, 0xff, 0x84, 0x3,
    0xbb, 0xff, 0xc2, 0x10,

    /* U+4EA4 "交" */
    0x0, 0xfa, 0xa4, 0x3, 0xf1, 0x9f, 0x84, 0xcf,
    0xe0, 0x6, 0x67, 0x91, 0x73, 0x3c, 0x0, 0xff,
    0xba, 0x7f, 0xf5, 0x67, 0xfc, 0x1, 0x87, 0x34,
    0x3, 0x6e, 0x30, 0x7, 0x16, 0xd, 0x80, 0x68,
    0xa9, 0xa0, 0x9, 0xf5, 0xfa, 0x40, 0x35, 0xe,
    0x25, 0x80, 0x3e, 0x68, 0x9d, 0x40, 0xa, 0xa6,
    0x3c, 0xc0, 0x2, 0x18, 0x1, 0x36, 0x21, 0xc,
    0x40, 0x4e, 0x1, 0xe7, 0x5d, 0xb0, 0x90, 0xf,
    0xfa, 0x4d, 0x38, 0x3, 0xfe, 0x7d, 0x33, 0x63,
    0x80, 0x7c, 0x71, 0xd3, 0x59, 0x89, 0x97, 0x42,
    0x0, 0x7, 0xb1, 0x23, 0x94, 0x0, 0xdf, 0x29,
    0x7e, 0x43, 0x5d, 0x8c, 0x1, 0xc2, 0xf9, 0xd6,
    0x40,

    /* U+4EAB "享" */
    0x0, 0xfa, 0xa4, 0x3, 0xf7, 0xff, 0x95, 0xbf,
    0xfc, 0x0, 0xff, 0xff, 0xe1, 0x0, 0x6f, 0xee,
    0xfd, 0xe0, 0x1f, 0x6f, 0x77, 0xb4, 0x3, 0xf7,
    0xdd, 0xfb, 0xc0, 0x3e, 0xde, 0x99, 0xf7, 0x68,
    0x7, 0x4e, 0x67, 0xf6, 0x98, 0x6, 0x9e, 0xee,
    0xc6, 0x2, 0xc3, 0x0, 0xfe, 0x9c, 0xfc, 0xc1,
    0x80, 0x45, 0xff, 0xe6, 0x18, 0xdf, 0xfc, 0x44,
    0xee, 0xf2, 0x2f, 0x77, 0x88, 0x4, 0x7e, 0x31,
    0x1f, 0x0, 0x72, 0x7f, 0x93, 0x0, 0x3e,

    /* U+4EAE "亮" */
    0x0, 0xfa, 0xa4, 0x3, 0xf7, 0xff, 0x95, 0xbf,
    0xfc, 0x21, 0xff, 0xff, 0xc2, 0x10, 0xb, 0x7b,
    0x77, 0xdd, 0xc0, 0xf, 0xaf, 0x77, 0xd6, 0x1,
    0xfa, 0x6a, 0xbd, 0x20, 0x1f, 0x67, 0x44, 0x7b,
    0xb0, 0x3, 0x67, 0x7e, 0x67, 0xf7, 0x68, 0x0,
    0x6b, 0xb9, 0x79, 0xdc, 0xac, 0xee, 0x51, 0x80,
    0x4e, 0x0, 0xa6, 0x0, 0x4a, 0x0, 0x1c, 0x2,
    0xd3, 0x3, 0x5, 0x0, 0xf1, 0xf0, 0x7, 0x7a,
    0x88, 0x7, 0xd6, 0x20, 0x2b, 0xa1, 0x60, 0x1b,
    0x84, 0xd, 0x4, 0x5d, 0x37, 0x82, 0x1, 0x2b,
    0xf7, 0xe3, 0x0, 0xfe, 0x30, 0x7, 0x47, 0xfe,
    0x90,

    /* U+4EBA "人" */
    0x0, 0xfb, 0x5c, 0x3, 0xff, 0x84, 0x7e, 0x1,
    0xff, 0xc2, 0x12, 0x0, 0xff, 0xe0, 0x98, 0x20,
    0x7, 0xff, 0x5, 0x40, 0x48, 0x3, 0xff, 0x81,
    0xe8, 0x4a, 0x1, 0xff, 0xc0, 0x7d, 0x5b, 0x0,
    0xff, 0x90, 0x5e, 0x8c, 0xc0, 0x1f, 0xe8, 0x61,
    0x25, 0x80, 0xf, 0xe6, 0x3b, 0x0, 0x42, 0x28,
    0x7, 0xc7, 0x32, 0x20, 0x1, 0x45, 0x18, 0x7,
    0x1e, 0xab, 0x0, 0x67, 0x5c, 0x30, 0x9, 0xf1,
    0xe8, 0x3, 0xd4, 0xd9, 0x22, 0x55, 0x49, 0x0,
    0xfd, 0x36, 0x84, 0x4d, 0x50, 0xf, 0xf2, 0x69,
    0x80,

    /* U+4EC5 "仅" */
    0x0, 0xc6, 0x80, 0x1f, 0xfc, 0x2e, 0xc0, 0xf,
    0xfe, 0xa, 0x95, 0xf7, 0x7e, 0x60, 0xd, 0xe,
    0x6e, 0xbb, 0xbc, 0x6, 0x1, 0x39, 0x50, 0x52,
    0x99, 0xe1, 0x12, 0x0, 0x12, 0x0, 0x23, 0x3,
    0x0, 0xa8, 0xc4, 0xe, 0xd8, 0x3, 0x3d, 0x80,
    0x4b, 0x40, 0x7, 0x49, 0x0, 0xda, 0xc2, 0x8,
    0x4e, 0x0, 0x4b, 0x0, 0xe4, 0x59, 0x9, 0x71,
    0x0, 0xff, 0x43, 0xc9, 0xc8, 0x7, 0xfc, 0x6a,
    0xd4, 0x20, 0x1f, 0xf2, 0xa8, 0x3c, 0x3, 0xfe,
    0x7a, 0x9e, 0x6c, 0x10, 0xf, 0x97, 0x66, 0xd8,
    0x71, 0xfa, 0x4, 0x3, 0xc, 0xd7, 0x20, 0x0,
    0x6e, 0xc8, 0x60, 0x17, 0x9e, 0x38, 0x7, 0x93,
    0x8,

    /* U+4ECA "今" */
    0x0, 0xf2, 0xfd, 0x0, 0x7f, 0xf0, 0xa, 0xf0,
    0x60, 0x3, 0xfc, 0x59, 0x7, 0x4b, 0x0, 0x1f,
    0x8b, 0x25, 0x80, 0x71, 0x28, 0x3, 0xcb, 0x92,
    0xa4, 0x51, 0xfb, 0x69, 0x0, 0x6, 0xa3, 0x37,
    0x7d, 0x90, 0xbb, 0x0, 0xa1, 0xa5, 0x5f, 0xfe,
    0x48, 0xc2, 0x4, 0xa2, 0x33, 0xfe, 0x23, 0xa0,
    0xa, 0x73, 0x3f, 0xb8, 0x3, 0xaf, 0xff, 0xf0,
    0x48, 0x7, 0xff, 0x5, 0xc5, 0x40, 0x3f, 0xf8,
    0x33, 0x0, 0x1f, 0xfc, 0x17, 0x6, 0x0, 0xff,
    0xe0, 0xcc, 0x80, 0x3f, 0xf8, 0x5a, 0xe0, 0x1c,

    /* U+4ECB "介" */
    0x0, 0xfb, 0x71, 0x0, 0x3f, 0xf8, 0x14, 0xbb,
    0x24, 0x1, 0xfe, 0x90, 0x81, 0xef, 0x40, 0xf,
    0x86, 0xca, 0x80, 0x7, 0xf4, 0xe0, 0x1c, 0x9e,
    0x56, 0x1, 0x8b, 0x2f, 0x10, 0x1, 0x95, 0x7b,
    0xc0, 0x19, 0x7f, 0x12, 0xe4, 0x27, 0xd4, 0x3,
    0xfa, 0x36, 0xc1, 0x44, 0x4, 0x3, 0xf8, 0x88,
    0x1, 0x8c, 0xc0, 0x1f, 0xfc, 0x2f, 0x70, 0xf,
    0xfe, 0x8, 0xbe, 0x0, 0x7f, 0xf0, 0x6c, 0xd8,
    0x3, 0xff, 0x81, 0x4b, 0xc0, 0x1f, 0xfc, 0x3,
    0x6d, 0x30, 0xf, 0xfe, 0x1, 0xe1, 0x0, 0x79,
    0x74, 0x3, 0x0,

    /* U+4ECD "仍" */
    0x0, 0xc2, 0x1, 0xff, 0xc3, 0xf6, 0x22, 0xf0,
    0x80, 0x79, 0xcc, 0x77, 0x7d, 0x40, 0x1c, 0x31,
    0x7, 0xf5, 0x6f, 0xf4, 0x8, 0x7, 0x40, 0x28,
    0x4, 0x20, 0xf, 0x30, 0xc, 0xcc, 0x10, 0x8,
    0x40, 0x22, 0xe0, 0x9, 0x25, 0x80, 0x33, 0xf0,
    0x1, 0xa3, 0xfc, 0x63, 0x14, 0x1, 0x88, 0x80,
    0x2, 0xad, 0x1, 0x57, 0x0, 0xe1, 0x60, 0x7,
    0xa9, 0x81, 0x80, 0x78, 0xc0, 0x80, 0x2, 0x6,
    0x2, 0x1, 0xea, 0x40, 0xe, 0x61, 0x0, 0xf9,
    0xf8, 0x3, 0x84, 0xc0, 0x3c, 0xc2, 0xa0, 0x1d,
    0xae, 0x1, 0xc5, 0x34, 0x1, 0x11, 0x4b, 0xa0,
    0x1c, 0x8a, 0xa0, 0xa, 0x37, 0x42, 0xc0, 0x11,
    0xf3, 0x50, 0x6, 0xaf, 0xf6, 0x8, 0x0,

    /* U+4ECE "从" */
    0x0, 0xff, 0xe4, 0x6b, 0x80, 0x43, 0xe6, 0x1,
    0xf8, 0xc4, 0x3, 0x84, 0x3, 0xf0, 0x98, 0x4,
    0x60, 0x1f, 0xc2, 0xc, 0x1, 0x30, 0x30, 0x7,
    0xc6, 0x4, 0x1, 0x10, 0x10, 0x7, 0xce, 0x2,
    0x1, 0x70, 0x78, 0x7, 0xc4, 0x12, 0x1, 0x18,
    0xa0, 0x7, 0xda, 0x6c, 0xc0, 0x2, 0x49, 0x8,
    0x7, 0x92, 0x62, 0x49, 0x1, 0x89, 0xc0, 0x39,
    0x5, 0x1c, 0xef, 0xd4, 0x6a, 0x0, 0x3b, 0x4c,
    0x43, 0xb1, 0x24, 0x18, 0x58, 0x2, 0x26, 0x90,
    0x1, 0xdb, 0x18, 0xb, 0xc9, 0x80, 0x3c, 0xd4,
    0x7, 0xe, 0x0, 0x28, 0x2d, 0x22, 0x1f, 0x0,
    0x10, 0x30, 0x40, 0x37, 0x98, 0x17, 0x10, 0x1,
    0x74, 0x40, 0x38, 0xb4, 0x80,

    /* U+4ED3 "仓" */
    0x0, 0xf8, 0xd8, 0x3, 0xff, 0x85, 0xd0, 0x1,
    0xff, 0xc1, 0xb1, 0x4b, 0x0, 0xff, 0xad, 0xb6,
    0x8b, 0x4, 0x3, 0xe3, 0xd7, 0xc1, 0x9, 0x5f,
    0x60, 0xe, 0x8c, 0x7c, 0x10, 0xa, 0x62, 0x1a,
    0x80, 0x7c, 0xca, 0xaf, 0xff, 0x4d, 0x25, 0xa1,
    0xc7, 0x78, 0x66, 0x78, 0x1a, 0x75, 0x1, 0x80,
    0x2, 0x67, 0xc4, 0x6, 0x4, 0x1, 0xff, 0x18,
    0x8, 0x7, 0xfc, 0xa9, 0x64, 0x1, 0xff, 0xc0,
    0xcf, 0x29, 0x23, 0x0, 0xff, 0x4d, 0xd9, 0x17,
    0x80, 0x39, 0x85, 0x48, 0xb8, 0xed, 0x0, 0x38,
    0xd6, 0xf7, 0x7b, 0x2, 0xc0, 0x0,

    /* U+4ED6 "他" */
    0x0, 0xff, 0xe4, 0x63, 0x0, 0x6e, 0x30, 0xf,
    0x90, 0x98, 0xf4, 0x3, 0xfe, 0x98, 0x0, 0x18,
    0x7, 0x34, 0x0, 0x4c, 0x4c, 0x1, 0xe8, 0xf9,
    0x50, 0x1, 0x48, 0x80, 0x65, 0xc1, 0xb, 0xb0,
    0x0, 0xb1, 0x0, 0x7, 0x23, 0x76, 0x8, 0x40,
    0x9, 0x93, 0xc0, 0xf1, 0x87, 0x9c, 0x40, 0x2,
    0x0, 0x4a, 0x0, 0x1f, 0x78, 0x7, 0xc2, 0x1,
    0xe1, 0x0, 0xf0, 0xeb, 0x0, 0x7f, 0xf0, 0x1f,
    0x9b, 0x80, 0x3f, 0xf8, 0xf, 0xfc, 0x80, 0x1f,
    0xf7, 0x98, 0x2, 0x14, 0x3, 0xc2, 0x24, 0x10,
    0x11, 0x12, 0x98, 0x7, 0x89, 0x6f, 0xbb, 0x6b,
    0x30, 0x0, 0x98, 0x1, 0x57, 0xff, 0xac, 0x0,

    /* U+4ED8 "付" */
    0x0, 0xff, 0xe4, 0x5b, 0x80, 0x71, 0x78, 0x7,
    0x8d, 0x14, 0x3, 0xff, 0x83, 0xa, 0x40, 0x1f,
    0xfc, 0x4, 0x44, 0xd7, 0xff, 0x68, 0x7f, 0x84,
    0x6, 0x80, 0x62, 0xef, 0xa4, 0x2e, 0xc2, 0x1a,
    0x40, 0x2, 0x44, 0xf0, 0x22, 0x0, 0x87, 0x40,
    0x26, 0xc0, 0xf, 0xc5, 0xa2, 0x1, 0x31, 0x38,
    0x7, 0xff, 0xa, 0xe0, 0x40, 0x3f, 0xf8, 0x2a,
    0x72, 0x1, 0xff, 0xc2, 0xd8, 0x0, 0xff, 0xe1,
    0x8, 0x7, 0xff, 0xc, 0x8a, 0x40, 0xf, 0x84,
    0x3, 0x2e, 0xea, 0x1c, 0x2,

    /* U+4EE3 "代" */
    0x0, 0xff, 0xe4, 0x36, 0x0, 0x13, 0x81, 0x24,
    0x3, 0xc3, 0x12, 0x0, 0x71, 0x4, 0x2c, 0x0,
    0xe8, 0x25, 0x0, 0x8, 0x5, 0x6f, 0x0, 0x11,
    0xb4, 0x80, 0x46, 0x2, 0x0, 0xb9, 0x0, 0xe,
    0x80, 0x80, 0x9b, 0x85, 0xdb, 0x7f, 0x84, 0xb1,
    0x4, 0x37, 0xb6, 0x80, 0x1b, 0x3b, 0xe3, 0x4d,
    0x40, 0xc, 0xfe, 0xc4, 0xd6, 0x42, 0x0, 0x45,
    0x80, 0x42, 0x1, 0x16, 0x80, 0x7f, 0xf0, 0xbd,
    0xc0, 0x3f, 0xf8, 0x48, 0x44, 0x0, 0xff, 0xe0,
    0x91, 0xd0, 0x2, 0x10, 0x3, 0xfd, 0x4e, 0x40,
    0x80, 0x1f, 0xf3, 0x2e, 0x49, 0xa8, 0x7, 0xfd,
    0x4e, 0xf0, 0x80, 0x5c, 0x80, 0x1f, 0x4f, 0x40,
    0x0,

    /* U+4EE4 "令" */
    0x0, 0xf0, 0xe6, 0x98, 0x7, 0xfc, 0x3b, 0x1f,
    0xc6, 0x1, 0xfc, 0x59, 0x28, 0x5d, 0xac, 0x1,
    0xf2, 0xe4, 0xa8, 0x0, 0xf2, 0xe8, 0x40, 0x22,
    0xb9, 0xa9, 0xdd, 0xde, 0x81, 0xee, 0x5, 0xb9,
    0x84, 0xee, 0xf5, 0xd5, 0xcb, 0x17, 0x38, 0x0,
    0xcf, 0xc4, 0xb, 0xcc, 0x3, 0x9b, 0xbf, 0xe8,
    0x0, 0xdf, 0x33, 0x20, 0x4c, 0xe7, 0x20, 0xc,
    0x68, 0x97, 0xa, 0x26, 0x20, 0xf, 0xfe, 0x98,
    0x80, 0x7f, 0xf0, 0x73, 0xdb, 0x0, 0x3f, 0xf8,
    0x1b, 0xaf, 0x60, 0x0,

    /* U+4EE5 "以" */
    0x0, 0xff, 0xe3, 0x36, 0x0, 0x7e, 0xaa, 0x0,
    0x70, 0x80, 0x24, 0xc0, 0x33, 0x10, 0x6, 0x30,
    0x8, 0x74, 0x40, 0x22, 0xe0, 0xe, 0x30, 0x4,
    0x15, 0x80, 0x4, 0x4a, 0x1, 0xfd, 0xea, 0x60,
    0xa0, 0x60, 0x18, 0x44, 0x1, 0x1c, 0x90, 0x6a,
    0x80, 0x7f, 0xcc, 0x20, 0xfe, 0x1, 0xce, 0x1,
    0xf2, 0x82, 0x80, 0x7e, 0x29, 0x40, 0x4, 0x10,
    0x7, 0x84, 0x2f, 0x49, 0x82, 0x4c, 0xa4, 0x2,
    0x17, 0xf0, 0x2d, 0xb2, 0x87, 0xcd, 0x69, 0x0,
    0x1c, 0xd7, 0x49, 0xd, 0xbe, 0x91, 0xdb, 0x38,
    0x17, 0x38, 0x8a, 0x79, 0xb0, 0xc0, 0x9, 0x10,
    0x40, 0xe, 0x29, 0xd3, 0x0, 0xce, 0xe5,

    /* U+4EEC "们" */
    0x0, 0x94, 0x41, 0x80, 0x3f, 0xea, 0x30, 0xb6,
    0x3f, 0xfe, 0x40, 0x3, 0x11, 0x3, 0xa4, 0xbb,
    0xb0, 0x80, 0x5b, 0x40, 0xe4, 0xc4, 0x23, 0x80,
    0x22, 0x43, 0x9, 0x29, 0x30, 0xf, 0xa4, 0x1c,
    0x3, 0xfe, 0x54, 0x0, 0xff, 0xe1, 0x49, 0x0,
    0x7f, 0xf0, 0x15, 0x80, 0x3f, 0xff, 0xe0, 0x1f,
    0xc2, 0x40, 0x1f, 0xfc, 0x1, 0xed, 0x25,

    /* U+4EF6 "件" */
    0x0, 0xff, 0xe4, 0x71, 0x82, 0x82, 0xe8, 0x7,
    0xe7, 0x33, 0x2d, 0x80, 0x7f, 0xd3, 0x1, 0x8a,
    0x46, 0x62, 0x28, 0x40, 0x26, 0x15, 0x4, 0x46,
    0xc8, 0xee, 0xd2, 0x0, 0x19, 0x10, 0x53, 0xff,
    0x50, 0xff, 0xd0, 0x0, 0xd2, 0x0, 0x4c, 0x80,
    0x23, 0x0, 0xe3, 0x29, 0x0, 0x4b, 0x0, 0x7f,
    0x1f, 0xb8, 0x1, 0x88, 0xcc, 0x46, 0x7c, 0x0,
    0x10, 0xb, 0xb7, 0x68, 0x1d, 0xdc, 0x60, 0x1d,
    0xbd, 0xd5, 0x17, 0x76, 0x30, 0xf, 0xff, 0xa0,

    /* U+4EF7 "价" */
    0x0, 0xc2, 0x1, 0xff, 0xc3, 0xf4, 0x0, 0x17,
    0xc8, 0x7, 0xe7, 0x24, 0x0, 0x74, 0x2a, 0x0,
    0x7d, 0x32, 0x0, 0x48, 0x3f, 0x51, 0x80, 0x74,
    0x8a, 0x83, 0xbb, 0x40, 0xab, 0x50, 0x2, 0x46,
    0x10, 0x9a, 0xf1, 0x0, 0x25, 0xd9, 0xc0, 0xed,
    0x41, 0xd7, 0x20, 0xc0, 0xe, 0x77, 0x26, 0xd,
    0x20, 0xf8, 0x28, 0xe0, 0xe, 0xf4, 0xe3, 0x34,
    0x80, 0x7f, 0xf2, 0x4c, 0x3, 0xff, 0x86, 0x2c,
    0x1, 0xff, 0xc1, 0x40, 0x20, 0xf, 0xfe, 0xf,
    0xb0, 0x7, 0xff, 0x5, 0x52, 0x0, 0x3f, 0xf8,
    0x3, 0x76, 0x10, 0xf, 0xf1, 0xf8, 0xf2, 0x0,
    0x69, 0x90, 0x4,

    /* U+4EFB "任" */
    0x0, 0xc8, 0xa0, 0x1f, 0x10, 0x7, 0xa8, 0x80,
    0x23, 0x69, 0xdd, 0x28, 0x6, 0x60, 0x2b, 0xdf,
    0xc9, 0x8, 0xe5, 0x0, 0xd1, 0x2f, 0xbd, 0xc9,
    0x39, 0x51, 0x0, 0xd2, 0x2a, 0x4c, 0x62, 0x1,
    0xf9, 0x58, 0x3, 0xff, 0x82, 0x95, 0x0, 0x1f,
    0xfc, 0x26, 0x70, 0x6c, 0xcd, 0x7, 0x99, 0x91,
    0x12, 0x0, 0x79, 0x9c, 0xe5, 0x33, 0x94, 0x3,
    0xa, 0xae, 0xf1, 0x55, 0xc2, 0x1, 0xff, 0xe9,
    0x24, 0x4b, 0xc5, 0x13, 0x0, 0x79, 0x66, 0x64,
    0x9, 0x9c, 0x20,

    /* U+4EFD "份" */
    0x0, 0xc6, 0x20, 0x1f, 0xfc, 0x2d, 0x40, 0x5,
    0x7f, 0xda, 0x1, 0xe7, 0x35, 0x7, 0x9f, 0xf6,
    0x90, 0x80, 0x74, 0xc0, 0x1c, 0x10, 0x0, 0x95,
    0x80, 0x34, 0xa, 0x84, 0xb0, 0x80, 0x5d, 0x22,
    0x0, 0x37, 0x10, 0x45, 0xb0, 0xc, 0x85, 0x60,
    0x5a, 0x80, 0x55, 0x24, 0x1, 0xde, 0xb2, 0xc9,
    0x0, 0x2d, 0xff, 0xf7, 0x65, 0x25, 0x0, 0xe,
    0x27, 0xe1, 0x3f, 0xd2, 0x26, 0x60, 0xf, 0xdc,
    0x60, 0x1f, 0xfc, 0x27, 0xd0, 0x0, 0xb8, 0x7,
    0xf2, 0xa, 0x80, 0x3c, 0x40, 0x3f, 0xa6, 0x0,
    0x22, 0x30, 0xf, 0x87, 0x5, 0xc0, 0xcc, 0xfc,
    0x1, 0xf4, 0x36, 0x0, 0x3b, 0x5, 0x80, 0x31,
    0xf8, 0x4d, 0x0, 0x5b, 0xf8, 0x20, 0x0,

    /* U+4F11 "休" */
    0x0, 0xff, 0xe4, 0x5c, 0x80, 0x58, 0xa0, 0x1f,
    0x8d, 0x28, 0x3, 0xff, 0x83, 0xe8, 0x60, 0x1f,
    0xfc, 0x5, 0x3f, 0x33, 0xc3, 0xa6, 0x78, 0x0,
    0x54, 0x0, 0xcc, 0xc4, 0xf9, 0x98, 0x7, 0xc,
    0x17, 0xfe, 0x40, 0x4, 0xff, 0xc0, 0xc5, 0xa0,
    0x18, 0xd0, 0x56, 0x0, 0x33, 0xe8, 0x80, 0x68,
    0x81, 0x62, 0xb8, 0x6, 0x10, 0xc, 0x8a, 0xe0,
    0x71, 0x1, 0x0, 0xf8, 0x6a, 0x0, 0x23, 0x5d,
    0x0, 0xf1, 0x62, 0x30, 0x6, 0xa1, 0xb0, 0xe,
    0xb1, 0xa0, 0xf, 0x63, 0x90, 0x6, 0x9c, 0x0,
    0xf8, 0x70, 0x80, 0x3f, 0xf8, 0x80,

    /* U+4F18 "优" */
    0x0, 0xff, 0xe4, 0x63, 0x80, 0x17, 0x40, 0xe0,
    0x3, 0xc8, 0x4e, 0x1, 0xc6, 0x69, 0x0, 0xef,
    0x80, 0x8, 0xc0, 0x2b, 0x1, 0x0, 0x91, 0x2d,
    0xda, 0xb, 0x76, 0x4c, 0x40, 0x5, 0x9, 0x4c,
    0xc8, 0x73, 0x3c, 0xa1, 0x60, 0x12, 0x24, 0x6a,
    0x89, 0xc2, 0x25, 0xb0, 0xe, 0x2e, 0x79, 0x0,
    0xc3, 0xec, 0x1, 0xca, 0x60, 0x1f, 0x8, 0x7,
    0x10, 0xa0, 0x7, 0xff, 0x5, 0x50, 0x3, 0xff,
    0x85, 0x3e, 0x1, 0xc8, 0x1, 0xf4, 0x2a, 0x0,
    0x74, 0x20, 0x7, 0x33, 0x24, 0x2, 0x21, 0x11,
    0x30, 0x6, 0x2a, 0xc2, 0x0, 0x22, 0xf7, 0x8,
    0x80,

    /* U+4F1A "会" */
    0x0, 0xfb, 0x7c, 0xc0, 0x3f, 0xf8, 0x16, 0xd3,
    0xa4, 0x1, 0xfe, 0xb6, 0xa6, 0x9c, 0x30, 0xf,
    0x8b, 0x5f, 0x4, 0x1e, 0x31, 0xc0, 0x39, 0xf5,
    0xe1, 0x51, 0x22, 0x79, 0xc4, 0x0, 0x6d, 0xe9,
    0x4c, 0xf9, 0x7d, 0x6d, 0xc3, 0xb0, 0xa3, 0x77,
    0xe1, 0x9d, 0x70, 0x22, 0xff, 0xe0, 0x80, 0x49,
    0xbb, 0xff, 0xc0, 0xf0, 0x2, 0xff, 0xd2, 0x1d,
    0xfe, 0xcf, 0xfb, 0x40, 0x3d, 0x10, 0x10, 0x4,
    0xe0, 0x80, 0x7c, 0xe6, 0xe0, 0x15, 0x2e, 0x8,
    0x4, 0x57, 0x68, 0x3d, 0xd7, 0x7f, 0x98, 0xb0,
    0x2, 0x2c, 0xc4, 0xdc, 0x4e, 0xed, 0xde, 0x2a,
    0x1, 0x3b, 0x99, 0x54, 0x86, 0x44, 0x10, 0xc5,
    0x0,

    /* U+4F1D "伝" */
    0x0, 0xc6, 0x20, 0x1f, 0xfc, 0x11, 0xc5, 0x22,
    0xfc, 0x20, 0x1a, 0x4d, 0x3b, 0x77, 0xe9, 0x0,
    0x85, 0xe0, 0x33, 0xff, 0xe8, 0x0, 0xa0, 0x10,
    0x3, 0xff, 0x80, 0xac, 0x20, 0x1f, 0xfc, 0x3,
    0xa4, 0x0, 0x19, 0xff, 0x85, 0x16, 0x0, 0x19,
    0x9f, 0xe7, 0x75, 0x0, 0x5f, 0xf1, 0x3f, 0xff,
    0x30, 0x7, 0xc4, 0x4a, 0x0, 0x8, 0x7, 0xf9,
    0x48, 0x80, 0x3c, 0x60, 0x1f, 0xd7, 0x60, 0x0,
    0xc7, 0x0, 0x7e, 0x33, 0x38, 0x91, 0x9d, 0x20,
    0x1c, 0x3b, 0x81, 0xdc, 0xdd, 0x42, 0xb0, 0x80,
    0x61, 0x8b, 0xcd, 0xff, 0x76, 0x5a, 0x20, 0x0,
    0x7c, 0xa, 0x86, 0x40, 0x1d, 0x6a,

    /* U+4F20 "传" */
    0x0, 0xca, 0x80, 0x12, 0x20, 0x3, 0xfa, 0xc4,
    0x2, 0xf3, 0x0, 0xfc, 0xe6, 0x99, 0x92, 0x56,
    0x65, 0x60, 0x1a, 0x6c, 0x62, 0x8, 0x33, 0x11,
    0x78, 0x4, 0xe2, 0xc0, 0x88, 0xf5, 0x44, 0xe0,
    0x1, 0x40, 0x82, 0xad, 0x60, 0xab, 0xc6, 0x3e,
    0x20, 0x9, 0x94, 0x1b, 0x4c, 0xf2, 0x20, 0x28,
    0x1, 0x98, 0x81, 0xdc, 0xce, 0x75, 0xc7, 0x0,
    0xde, 0x48, 0x9c, 0x20, 0x1, 0x0, 0xe1, 0x8,
    0x8a, 0xad, 0xc0, 0x3f, 0x5e, 0x65, 0xc1, 0xc,
    0x1, 0xfc, 0xc6, 0x3e, 0xce, 0x1, 0xfe, 0x1c,
    0xf5, 0x80, 0xf, 0xf9, 0xf4, 0x94, 0x80, 0x3f,
    0xf8, 0x5, 0x8b, 0x60, 0x1c, 0x7c, 0x1, 0xf4,
    0x48, 0x4,

    /* U+4F2A "伪" */
    0x0, 0xff, 0xe3, 0xea, 0x88, 0x17, 0x88, 0x7,
    0xcc, 0x6d, 0xc6, 0x0, 0x10, 0xf, 0xa2, 0x7,
    0x1c, 0x20, 0x1f, 0xa0, 0x58, 0x92, 0x14, 0xc,
    0xf8, 0x11, 0xc4, 0x3b, 0x2a, 0x43, 0x33, 0x71,
    0x52, 0x0, 0x33, 0xfd, 0x7, 0xff, 0x48, 0xa,
    0x78, 0x7, 0x6a, 0x88, 0x0, 0x44, 0x74, 0xe0,
    0x1c, 0x9d, 0xc4, 0x0, 0x38, 0x7, 0xc6, 0x2f,
    0x34, 0x3e, 0x20, 0x1f, 0x4a, 0x83, 0x2a, 0x11,
    0x80, 0x78, 0xd6, 0x40, 0x16, 0xa2, 0x20, 0xe,
    0x1e, 0x63, 0x0, 0xcb, 0xa0, 0x18, 0xb1, 0xa4,
    0x0, 0xa8, 0xe2, 0xe0, 0x19, 0x9e, 0xc0, 0x2e,
    0x9a, 0x82,

    /* U+4F30 "估" */
    0x0, 0xda, 0x40, 0x13, 0xe0, 0x7, 0xe6, 0x2,
    0x0, 0xff, 0xe0, 0xc4, 0x0, 0x3f, 0xf8, 0x2c,
    0x2b, 0x9f, 0xf4, 0x1f, 0xfe, 0x50, 0x19, 0x10,
    0xec, 0xc9, 0x8b, 0x33, 0x20, 0x69, 0x0, 0x8,
    0xce, 0xe1, 0x33, 0xc2, 0xa3, 0x20, 0x1f, 0xfc,
    0x15, 0xc7, 0x0, 0x8d, 0x11, 0xc2, 0x89, 0x8,
    0x0, 0x40, 0x36, 0xd4, 0xa0, 0x4c, 0xad, 0x0,
    0x3f, 0x56, 0xef, 0x10, 0x7, 0xff, 0x77, 0x15,
    0x78, 0xc0, 0x3f, 0x96, 0x67, 0x84, 0x3, 0x1f,
    0x0, 0x3b, 0x73, 0x3b, 0xd4, 0x0,

    /* U+4F3C "似" */
    0x0, 0xce, 0x40, 0x1f, 0xfc, 0x13, 0x83, 0xf3,
    0x0, 0xe6, 0xd0, 0xd, 0xc, 0x20, 0x2, 0x90,
    0x8, 0x44, 0x1, 0x12, 0x58, 0x4, 0x4e, 0xc0,
    0xf, 0x70, 0xb, 0x84, 0x80, 0x40, 0x17, 0x0,
    0x1, 0x20, 0x4, 0x18, 0x7, 0x94, 0xdc, 0xb,
    0x81, 0x5e, 0x0, 0x3e, 0xe6, 0x5, 0x30, 0x4a,
    0x40, 0xc, 0xe0, 0x3, 0x12, 0x15, 0x1, 0x50,
    0xf, 0xf2, 0x98, 0x80, 0x7f, 0x14, 0x20, 0x55,
    0x0, 0x3e, 0x10, 0xad, 0x26, 0x72, 0x40, 0xf,
    0x27, 0x4, 0xf5, 0x3c, 0x1f, 0x80, 0x79, 0x2f,
    0x9c, 0x5e, 0xaf, 0x2, 0x80, 0x3c, 0x82, 0xdb,
    0x36, 0x81, 0xea, 0xc0, 0x1e, 0x68, 0x5e, 0x40,
    0x1, 0x48, 0x80, 0xf, 0x80, 0xf, 0xd0, 0x1,
    0xcc, 0xe0,

    /* U+4F46 "但" */
    0x0, 0xc2, 0x1, 0xff, 0xc2, 0x1e, 0x42, 0x2f,
    0xc0, 0x1d, 0x24, 0x99, 0xbb, 0xf0, 0x80, 0x42,
    0xf6, 0x0, 0xbf, 0xfd, 0xa0, 0x1d, 0x0, 0xc0,
    0x1f, 0xfc, 0x4, 0x61, 0x0, 0x84, 0x3, 0x8,
    0x4, 0x76, 0x60, 0x1a, 0xbf, 0xf6, 0x0, 0x4e,
    0xb0, 0x1, 0xa7, 0xbb, 0x58, 0x4, 0x94, 0xe0,
    0x18, 0x84, 0x73, 0x0, 0x7f, 0xf3, 0xab, 0xbb,
    0x60, 0x7, 0xf6, 0xef, 0xd8, 0x20, 0x1f, 0x19,
    0xfe, 0x0, 0xf9, 0x13, 0xfc, 0x40, 0x18, 0xa6,
    0x7f, 0xc8,

    /* U+4F4D "位" */
    0x0, 0xff, 0xe4, 0x72, 0x80, 0x53, 0x20, 0xf,
    0xce, 0x6a, 0x1, 0xff, 0xc1, 0x98, 0x22, 0xc6,
    0x45, 0xc0, 0x14, 0x8a, 0xce, 0xec, 0xa9, 0xbb,
    0x80, 0xa, 0xc2, 0x17, 0xff, 0xfc, 0x9, 0x4a,
    0x1, 0x26, 0x0, 0x6b, 0x90, 0x0, 0xbc, 0x80,
    0x4a, 0x60, 0x19, 0x30, 0x0, 0xb0, 0x1, 0x84,
    0x90, 0x0, 0x60, 0x80, 0x1f, 0xcf, 0x80, 0x4,
    0x31, 0x0, 0xfe, 0xd3, 0x0, 0x65, 0x80, 0x7f,
    0x89, 0x80, 0x8, 0xa0, 0x1f, 0xe4, 0x90, 0x52,
    0x20, 0x7, 0xc3, 0xba, 0xc9, 0xdb, 0x3d, 0xd9,
    0x40, 0x30, 0xcc, 0xf5, 0x52, 0x66, 0x70,

    /* U+4F4E "低" */
    0x0, 0xca, 0x20, 0x1f, 0xfc, 0x12, 0xa0, 0xc,
    0x26, 0xf5, 0xc6, 0x1, 0xa1, 0x42, 0xf3, 0xb9,
    0x97, 0x98, 0x30, 0x8, 0x57, 0x81, 0x23, 0xfc,
    0x96, 0xc4, 0x1, 0xac, 0x10, 0x0, 0x82, 0x3,
    0xe0, 0x1c, 0xaa, 0x10, 0xf, 0x84, 0x3, 0x1d,
    0x28, 0x6, 0xff, 0x95, 0xbf, 0xe5, 0x5, 0x90,
    0xd, 0xbb, 0x41, 0x6e, 0xca, 0x74, 0x1, 0xc4,
    0x52, 0x11, 0x60, 0xf, 0xf8, 0x80, 0x40, 0x3f,
    0xf8, 0x44, 0x80, 0x1f, 0x90, 0x27, 0x3e, 0x97,
    0xc0, 0x88, 0x1, 0x86, 0x8c, 0x27, 0x6e, 0xca,
    0x29, 0x60, 0x18, 0x7f, 0x25, 0x48, 0xd, 0x77,
    0x5e, 0x1, 0xd7, 0xff, 0xe8, 0x70, 0x70,

    /* U+4F4F "住" */
    0x0, 0xc4, 0x1, 0x18, 0x7, 0xf8, 0x71, 0x40,
    0xb6, 0xc8, 0x3, 0xf4, 0x9a, 0x81, 0x78, 0x6a,
    0x80, 0x78, 0x5e, 0x4, 0x88, 0x70, 0xbe, 0x45,
    0x0, 0x54, 0xb, 0x3b, 0xb6, 0x2a, 0xb7, 0x62,
    0x7, 0x41, 0x8, 0xff, 0xac, 0xbf, 0xf1, 0x2c,
    0x38, 0x7, 0xff, 0x4, 0x66, 0xc0, 0x3f, 0xf8,
    0x28, 0xc0, 0x1b, 0x32, 0x92, 0xcc, 0xa0, 0x3,
    0xe9, 0x99, 0x46, 0x66, 0xb0, 0xf, 0x95, 0x6c,
    0x35, 0x58, 0xc0, 0x3f, 0xfb, 0x46, 0x7f, 0xe1,
    0x0, 0xed, 0xdd, 0x21, 0xbb, 0x90,

    /* U+4F53 "体" */
    0x0, 0xff, 0xe3, 0x8f, 0x10, 0x4, 0xf4, 0x1,
    0xf9, 0x88, 0x80, 0x1f, 0xfc, 0x19, 0x91, 0x16,
    0xe1, 0x22, 0xc2, 0x0, 0x71, 0x5d, 0xdc, 0xc9,
    0xbb, 0x98, 0xe, 0x4, 0x3f, 0xe8, 0x0, 0x27,
    0xfc, 0xe1, 0xc4, 0x1, 0x86, 0x55, 0x14, 0xc0,
    0x21, 0x69, 0x0, 0xd2, 0xfa, 0x33, 0x0, 0x10,
    0xdb, 0x80, 0x42, 0xd6, 0x0, 0x75, 0x30, 0xf,
    0xd4, 0xe4, 0x1, 0x4f, 0x0, 0x7c, 0xeb, 0x0,
    0x19, 0xc6, 0x80, 0x39, 0xa2, 0xfb, 0xe1, 0x7f,
    0xd4, 0x90, 0x1, 0x9b, 0x17, 0x74, 0xc9, 0xba,
    0x6c, 0x80, 0xe, 0x30, 0x22, 0x70, 0x91, 0x0,
    0x80, 0x3f, 0xf8, 0xa0,

    /* U+4F55 "何" */
    0x0, 0xca, 0x1, 0xff, 0xc2, 0x5b, 0x0, 0xff,
    0xe1, 0x73, 0xdf, 0xff, 0xf1, 0x0, 0x9, 0x2a,
    0x73, 0x3d, 0x41, 0x84, 0x0, 0x80, 0x32, 0x33,
    0xf3, 0x1, 0x80, 0x11, 0x40, 0x2, 0x89, 0x88,
    0x3, 0x86, 0x88, 0x0, 0xb7, 0x10, 0xa9, 0x0,
    0xe3, 0x29, 0x0, 0x8f, 0x31, 0x0, 0x1e, 0x2c,
    0x70, 0xf, 0xfe, 0xb9, 0xff, 0xa4, 0x3, 0xff,
    0x80, 0x5f, 0xf5, 0x80, 0x7f, 0x96, 0x0, 0x3f,
    0xf8, 0x42, 0xa0, 0x1, 0x33, 0x28, 0x7, 0xff,
    0x0, 0xb3, 0x10, 0xe0, 0x18, 0xfc, 0x3, 0x8f,
    0xfd, 0xd0, 0x0,

    /* U+4F59 "余" */
    0x0, 0xf0, 0xef, 0x98, 0x7, 0xff, 0x3, 0x5a,
    0x34, 0xc0, 0x3f, 0x87, 0x5e, 0xde, 0x71, 0x80,
    0x3e, 0x5f, 0x4b, 0x0, 0x3d, 0xcd, 0x88, 0x4,
    0x57, 0x49, 0x8a, 0xb8, 0x61, 0xba, 0x4, 0x3c,
    0xb9, 0xa6, 0x57, 0x53, 0x2b, 0x9a, 0x54, 0xd,
    0x91, 0xcc, 0xa4, 0xf3, 0x24, 0x5d, 0x50, 0x1,
    0x17, 0x78, 0x91, 0x78, 0x0, 0x9b, 0xbc, 0xe5,
    0xbb, 0xdc, 0x0, 0x4f, 0xf7, 0x7f, 0xa0, 0xff,
    0xdd, 0xfe, 0xc0, 0xc, 0xbc, 0x60, 0x18, 0x7e,
    0x40, 0x39, 0xaa, 0xcc, 0x3, 0xf, 0xae, 0x88,
    0x2, 0xed, 0x88, 0x44, 0xe0, 0x8, 0x71, 0xfc,
    0x42, 0x74, 0xc2, 0x35, 0xec, 0x3, 0x56, 0x88,
    0x10, 0x5, 0x5f, 0xce, 0x1, 0xc6, 0x0,

    /* U+4F5C "作" */
    0x0, 0xc8, 0x60, 0x4, 0x10, 0xf, 0xf5, 0x30,
    0xd, 0x90, 0x7, 0xf3, 0x9a, 0x83, 0x19, 0x80,
    0x3f, 0xa6, 0xc0, 0x12, 0x7f, 0xfe, 0x40, 0x3,
    0x8b, 0x83, 0x1e, 0x4, 0x66, 0x64, 0x2, 0x80,
    0x11, 0x44, 0x98, 0x99, 0xf0, 0xf, 0x90, 0xd,
    0x2a, 0x0, 0x8, 0xb8, 0xc, 0x38, 0x0, 0x54,
    0x1, 0x4e, 0xed, 0xe0, 0x5a, 0x20, 0x32, 0x20,
    0x15, 0xff, 0xda, 0x1, 0xff, 0xcf, 0xbf, 0xfc,
    0x20, 0x1f, 0xe9, 0xdd, 0xc2, 0x1, 0xfe, 0x22,
    0xe0, 0xf, 0xfe, 0xa8,

    /* U+4F73 "佳" */
    0x0, 0xd8, 0x60, 0x13, 0xd8, 0x7, 0xe5, 0x13,
    0x22, 0xbd, 0xc8, 0xa1, 0x0, 0xd1, 0x61, 0x9b,
    0xa7, 0x3d, 0xd9, 0x0, 0x24, 0x26, 0xe, 0xff,
    0x42, 0x7f, 0xca, 0x1, 0x50, 0x80, 0x7f, 0xf0,
    0x68, 0xc0, 0x15, 0xff, 0x42, 0x7f, 0xe1, 0x24,
    0x80, 0x4, 0x66, 0x7f, 0x9, 0x78, 0x80, 0x8,
    0xce, 0x58, 0x33, 0xc0, 0x1, 0x0, 0xc4, 0x57,
    0x39, 0x14, 0x20, 0x1e, 0x4d, 0xd9, 0xcf, 0x76,
    0x80, 0xf, 0x27, 0xfd, 0x9, 0xff, 0x48, 0x7,
    0xff, 0x24, 0x51, 0x37, 0x32, 0x26, 0x10, 0xc,
    0x55, 0x59, 0xce, 0xab, 0x20,

    /* U+4F7F "使" */
    0x0, 0xff, 0xe4, 0x72, 0x0, 0x4f, 0x40, 0x1f,
    0x9c, 0xa3, 0x76, 0x95, 0xdd, 0xc8, 0x0, 0x18,
    0xff, 0x77, 0x4e, 0x7d, 0xd9, 0x40, 0x14, 0x26,
    0x7d, 0xcc, 0x67, 0x84, 0x25, 0x0, 0xf, 0xff,
    0x42, 0xff, 0xd8, 0xc, 0xc7, 0x0, 0x97, 0xfd,
    0x9, 0xfe, 0xa0, 0x2, 0xd5, 0x80, 0x7c, 0x20,
    0x1c, 0x6a, 0x1, 0x93, 0x31, 0x29, 0x98, 0x80,
    0xf, 0x91, 0xbf, 0xca, 0x9f, 0xee, 0xe0, 0x7,
    0x89, 0x98, 0x6d, 0xe6, 0x71, 0x0, 0x78, 0x76,
    0xe8, 0xd4, 0x3, 0xfe, 0x39, 0x53, 0x60, 0xf,
    0xf2, 0xdc, 0xd4, 0x57, 0xd3, 0xa0, 0x80, 0x62,
    0x8c, 0xf5, 0x56, 0x63, 0x72, 0x4c,

    /* U+4F8B "例" */
    0x0, 0x84, 0x40, 0x1f, 0xfc, 0x1a, 0xbf, 0xfe,
    0xb0, 0x2, 0x68, 0x0, 0x92, 0xf8, 0xe3, 0xb9,
    0x18, 0x1, 0xd1, 0x1, 0x11, 0xa0, 0x88, 0x8,
    0x3, 0x1a, 0x90, 0x18, 0x4c, 0xce, 0x1, 0xdc,
    0x1, 0x21, 0x68, 0xb3, 0x80, 0x6a, 0x13, 0x0,
    0x55, 0xbe, 0x10, 0x7, 0x1f, 0x0, 0x10, 0xbc,
    0x31, 0xc0, 0x3a, 0x48, 0xe, 0x99, 0x6d, 0x30,
    0x3, 0xf1, 0xb4, 0xe0, 0x1b, 0x0, 0x7f, 0x40,
    0x0, 0xd4, 0x3, 0xff, 0x80, 0x4f, 0x20, 0x56,
    0x1, 0xfd, 0xcc, 0x60, 0x2a, 0x1, 0xf0, 0xe0,
    0xc0, 0x4, 0x24, 0x60, 0x1c, 0x41, 0x82, 0x1,
    0x36, 0xcd, 0x0, 0x31, 0x4f, 0x4, 0x3, 0x3f,
    0xf3, 0x80,

    /* U+4F9B "供" */
    0x0, 0xff, 0xe4, 0x72, 0x83, 0xd8, 0x0, 0xbc,
    0x3, 0xcc, 0x6a, 0x1, 0xff, 0xc1, 0x8b, 0x0,
    0xff, 0xe0, 0xb8, 0xb4, 0x7c, 0x27, 0xfb, 0x43,
    0xfc, 0x80, 0x70, 0x21, 0x3a, 0xe7, 0xba, 0xb0,
    0xdd, 0x21, 0x69, 0x80, 0x4, 0xbd, 0xc8, 0x8c,
    0x4, 0x40, 0x14, 0x80, 0xf, 0xfe, 0x9, 0xd0,
    0x7, 0xff, 0x1f, 0xbe, 0x13, 0xfd, 0xa1, 0xfe,
    0x70, 0xe, 0xcc, 0xff, 0x30, 0x7, 0x11, 0xa5,
    0x19, 0x82, 0x4c, 0xc2, 0x1, 0xe3, 0x8a, 0x0,
    0x18, 0xd8, 0x7, 0xc7, 0xb2, 0x60, 0x15, 0xbc,
    0x80, 0x7a, 0x61, 0x80, 0x3b, 0x90, 0x40, 0x9,
    0xc1, 0x4c, 0x1, 0xe2, 0xd1,

    /* U+4F9D "依" */
    0x0, 0xff, 0xe4, 0xf2, 0x80, 0x4b, 0xa0, 0x1f,
    0xcc, 0xa, 0x1, 0xff, 0xc2, 0x86, 0x44, 0xda,
    0x68, 0x98, 0x80, 0x28, 0x1d, 0x99, 0xce, 0x33,
    0x39, 0x0, 0x8, 0xe2, 0xbb, 0xb5, 0x0, 0xf6,
    0xec, 0xc0, 0x76, 0x80, 0x19, 0xa3, 0x11, 0x0,
    0x6, 0x20, 0x65, 0x80, 0x9, 0xa6, 0xcf, 0x30,
    0x11, 0x1, 0x5, 0xa0, 0x1, 0x64, 0x82, 0x2,
    0x22, 0xcf, 0xcc, 0x3, 0xa5, 0xec, 0x2, 0x23,
    0x1b, 0x10, 0xf, 0x5d, 0x9c, 0x3, 0x52, 0x0,
    0x7f, 0xf0, 0xd8, 0xe0, 0x3, 0xfe, 0x14, 0x79,
    0x93, 0xa0, 0x7, 0xcf, 0x1, 0xd3, 0xd8, 0x91,
    0x6e, 0x1, 0xed, 0x3b, 0xed, 0x95, 0x7, 0xaf,
    0x0,

    /* U+4FA1 "価" */
    0x0, 0xca, 0x1, 0xff, 0xc2, 0x4b, 0x0, 0xff,
    0xe1, 0x7b, 0x77, 0xff, 0xf2, 0x0, 0xd, 0x27,
    0x37, 0x43, 0x5a, 0x35, 0xba, 0x40, 0x4, 0x10,
    0x91, 0x40, 0xc4, 0xc, 0x44, 0x0, 0x32, 0x8,
    0x8, 0xc0, 0xe2, 0xe, 0x22, 0x3, 0x95, 0x0,
    0x57, 0x70, 0x6f, 0x86, 0xfb, 0x84, 0x2f, 0xc0,
    0x14, 0xf9, 0x67, 0x8f, 0x78, 0x0, 0xa0, 0x3,
    0xff, 0xf0, 0x22, 0x7, 0x10, 0x21, 0x0, 0xfd,
    0x1c, 0x57, 0xc3, 0x9c, 0x1, 0xfa, 0x7f, 0xfe,
    0x10,

    /* U+4FA7 "侧" */
    0x0, 0x88, 0x3, 0xff, 0x82, 0x3a, 0xbf, 0xdc,
    0xff, 0x0, 0x45, 0xa0, 0x6, 0x69, 0x3b, 0x9e,
    0x0, 0xd1, 0x0, 0xd5, 0x60, 0x1, 0xc0, 0x8,
    0xc0, 0x32, 0x11, 0x80, 0x42, 0x1, 0xfa, 0x40,
    0x3f, 0xf8, 0x2e, 0xc2, 0x1, 0xff, 0xc0, 0x18,
    0x0, 0xff, 0xe0, 0xb1, 0x80, 0x7f, 0xf1, 0xcc,
    0x40, 0x3f, 0xf8, 0x22, 0xe0, 0x1f, 0xf0, 0xf2,
    0x60, 0x40, 0x38, 0x80, 0x78, 0x92, 0x4f, 0x58,
    0x24, 0x3, 0xe1, 0xa6, 0x4b, 0xa0, 0x9, 0x80,
    0x3a, 0x4e, 0x1, 0x88, 0x57, 0xee, 0x80, 0x1c,
    0x31, 0x0, 0xa, 0x45, 0x7f, 0xce,

    /* U+4FBF "便" */
    0x0, 0xd6, 0x20, 0x1f, 0xfc, 0x16, 0x5d, 0xff,
    0xfe, 0x20, 0xa, 0x9f, 0x7b, 0xa8, 0x3e, 0xec,
    0x40, 0x3, 0x36, 0x88, 0xf0, 0x8, 0xe0, 0xa,
    0x1, 0x17, 0xfb, 0x92, 0x7d, 0xcf, 0x90, 0x2,
    0x20, 0x40, 0x7, 0xdc, 0x93, 0xee, 0x30, 0x0,
    0x68, 0xc0, 0x23, 0xbb, 0x8e, 0xec, 0xe0, 0x1,
    0x48, 0x0, 0x8a, 0x65, 0x45, 0x32, 0x40, 0xa,
    0x9c, 0x2, 0x12, 0x20, 0x88, 0x88, 0x60, 0x1f,
    0x8f, 0xb9, 0x27, 0xdc, 0x60, 0xf, 0x86, 0xbb,
    0x8a, 0xfd, 0xcf, 0x90, 0xf, 0x35, 0xb1, 0x2d,
    0x0, 0x7f, 0x8b, 0x2f, 0x50, 0x80, 0x3f, 0xc7,
    0x64, 0xcf, 0xf6, 0xea, 0x62, 0x1, 0x93, 0x43,
    0x67, 0x37, 0x5d, 0xd1, 0x80, 0xf, 0x93, 0xa4,
    0x80, 0x4, 0xd3, 0x7a, 0x40,

    /* U+4FDD "保" */
    0x0, 0xce, 0x60, 0x1f, 0xfc, 0x12, 0x81, 0xef,
    0xff, 0x90, 0x3, 0x42, 0x90, 0x5f, 0x77, 0x8,
    0x6, 0x25, 0x80, 0x3, 0x88, 0xf0, 0x7, 0x70,
    0x90, 0x7, 0xff, 0x2, 0xc, 0x3, 0x6f, 0x77,
    0x8, 0x1, 0x5e, 0x0, 0x2c, 0xdd, 0x40, 0xee,
    0xb1, 0x1, 0xa5, 0x0, 0x22, 0x33, 0x10, 0x99,
    0xc0, 0x3, 0x60, 0x0, 0xe6, 0x69, 0x1c, 0xcc,
    0x40, 0x18, 0x62, 0x24, 0x20, 0x18, 0x88, 0x80,
    0x39, 0x10, 0xcc, 0x51, 0x63, 0x44, 0x0, 0x7c,
    0x3e, 0xdc, 0x15, 0x28, 0x1, 0xf2, 0xf2, 0x40,
    0x0, 0x6a, 0xdc, 0x3, 0x92, 0xa9, 0x20, 0x19,
    0x32, 0x54, 0x3, 0x27, 0x28, 0x7, 0x8f, 0xd4,

    /* U+4FE1 "信" */
    0x0, 0xce, 0x60, 0x1f, 0xfc, 0x12, 0x81, 0x8f,
    0xff, 0x68, 0x7, 0x41, 0x94, 0x7f, 0xfb, 0x40,
    0x31, 0x2c, 0x99, 0xff, 0x84, 0x1, 0xc0, 0xbf,
    0xff, 0xe5, 0x7, 0x31, 0xc, 0xcf, 0xf2, 0x2c,
    0x20, 0x5, 0x5d, 0xdf, 0x10, 0x1, 0xa0, 0x2,
    0xae, 0xef, 0x88, 0x16, 0x40, 0x35, 0xff, 0xfc,
    0x20, 0x1f, 0x5f, 0xff, 0xc2, 0x1, 0xf6, 0xf7,
    0x7c, 0x80, 0x1f, 0xaf, 0xbb, 0x80, 0x3f, 0xc2,
    0x1, 0xff, 0xc3, 0x34, 0x4e, 0x0, 0xff, 0x5f,
    0xff, 0x0, 0x40,

    /* U+4FEE "修" */
    0x0, 0xfe, 0x10, 0xf, 0xe5, 0xc0, 0x8, 0xf8,
    0x40, 0x3f, 0x4d, 0xa0, 0x3, 0xc9, 0x9d, 0xf1,
    0x0, 0x8, 0xda, 0x89, 0x8d, 0x3f, 0xd9, 0x3e,
    0x1, 0x59, 0x8, 0x2c, 0xa9, 0xc5, 0x2c, 0x40,
    0x80, 0x98, 0x40, 0x1b, 0x54, 0x3b, 0xf7, 0x60,
    0xb, 0x84, 0x2, 0x85, 0xe, 0x42, 0xf0, 0x9,
    0x46, 0x0, 0x24, 0x9e, 0xcc, 0xb7, 0xa9, 0x55,
    0xc6, 0x1, 0x8, 0x6d, 0xac, 0x5e, 0x68, 0x81,
    0x80, 0x65, 0x95, 0xcc, 0x59, 0x3, 0xa0, 0x7,
    0xc7, 0xfd, 0x4d, 0xe2, 0x1, 0xfc, 0x75, 0x4d,
    0xfc, 0x28, 0x10, 0xe, 0x20, 0x28, 0xed, 0x97,
    0xff, 0x8, 0x7, 0x61, 0x12, 0x4e, 0xb7, 0xfc,
    0xe0, 0x1f, 0xb2, 0x77, 0xb6, 0x44, 0x0,

    /* U+500B "個" */
    0x0, 0x86, 0xc4, 0x3, 0xff, 0x82, 0xcc, 0x2f,
    0xff, 0xe0, 0xd, 0x54, 0x11, 0x77, 0x7b, 0x40,
    0x32, 0x13, 0x0, 0x4, 0x68, 0x11, 0x18, 0x6,
    0x82, 0x10, 0xc, 0x2e, 0x1, 0xe5, 0x30, 0xc,
    0xdd, 0xc1, 0xee, 0x30, 0x0, 0x6c, 0xc0, 0x33,
    0x77, 0x7, 0xb8, 0xc0, 0x4, 0x29, 0x0, 0xe2,
    0x20, 0x11, 0x0, 0x25, 0xe1, 0x0, 0xee, 0xf5,
    0xe9, 0x0, 0xc4, 0x1, 0xf6, 0xdf, 0x80, 0x7f,
    0xf4, 0x1f, 0xfb, 0x44, 0x3, 0xfe, 0xbe, 0xea,
    0x80, 0x3f, 0x87, 0xff, 0xdc, 0x1, 0xf8, 0x7b,
    0xbd, 0x82, 0x1, 0x26, 0x81, 0x70, 0x8f, 0x8f,
    0x80,

    /* U+5019 "候" */
    0x0, 0x8a, 0x0, 0x3f, 0xf8, 0x74, 0x60, 0x6,
    0xff, 0xed, 0x0, 0xf3, 0x6a, 0x83, 0x7f, 0xea,
    0x0, 0xf2, 0x8b, 0xd9, 0x0, 0x70, 0x80, 0x7a,
    0x4c, 0x41, 0x95, 0x7b, 0xd, 0x48, 0x0, 0xa6,
    0x1, 0x1f, 0xc4, 0x3f, 0xc4, 0x9e, 0xe0, 0x36,
    0x20, 0x12, 0xd0, 0x55, 0x79, 0x41, 0xce, 0xc0,
    0x32, 0x94, 0xee, 0xf2, 0x3, 0x70, 0x6, 0x1b,
    0x8c, 0xa0, 0xff, 0x90, 0x0, 0x60, 0x19, 0x98,
    0xe4, 0x40, 0x22, 0x80, 0x3f, 0x12, 0x66, 0x20,
    0xb3, 0x2b, 0x0, 0xf8, 0xff, 0xe1, 0xa, 0xff,
    0x40, 0x7, 0x89, 0x8c, 0xcc, 0x6b, 0x46, 0x70,
    0x7, 0xb0, 0x89, 0x37, 0x6a, 0x6d, 0x40, 0xf,
    0xcd, 0xfd, 0xc4, 0xa, 0x88, 0x50, 0x4, 0xb8,
    0x0, 0x6d, 0x70, 0xc, 0xb9, 0x40,

    /* U+5024 "値" */
    0x0, 0xff, 0xe4, 0x63, 0x80, 0x6d, 0x50, 0xf,
    0x90, 0xdb, 0xff, 0x15, 0x7f, 0xc6, 0x1, 0x44,
    0x7, 0xba, 0xd0, 0xce, 0xe8, 0xc0, 0xa, 0x6e,
    0x2, 0x23, 0x10, 0x13, 0x30, 0x80, 0xa, 0x84,
    0xb, 0x3, 0x3d, 0x26, 0x5a, 0xa0, 0x3e, 0x40,
    0x1, 0x20, 0x7, 0xdd, 0xc6, 0x0, 0x41, 0x90,
    0xf, 0x6f, 0x74, 0x60, 0x5, 0xd7, 0x0, 0xf6,
    0xf7, 0x46, 0x1, 0x8, 0x7, 0xdb, 0xb8, 0xc0,
    0x3f, 0xed, 0xdc, 0x60, 0x1f, 0xf6, 0xf7, 0x46,
    0x1, 0xfe, 0xee, 0xef, 0x50, 0xf, 0x87, 0x33,
    0xf2, 0x0, 0x7d, 0x11, 0xf9, 0x40,

    /* U+503C "值" */
    0x0, 0xff, 0xe4, 0x6a, 0x80, 0x49, 0xc0, 0x1f,
    0x94, 0xf7, 0xfe, 0xb1, 0xff, 0xc0, 0x1a, 0x26,
    0x5d, 0xd2, 0x3f, 0x76, 0x0, 0x94, 0x9c, 0x47,
    0x36, 0x8, 0xe0, 0x0, 0xd9, 0x0, 0x2b, 0xf8,
    0xeb, 0xb9, 0xe2, 0x0, 0xd0, 0xe, 0x9e, 0xee,
    0x0, 0xea, 0x0, 0xd1, 0xdd, 0xc0, 0x1b, 0x1c,
    0x3, 0x47, 0x77, 0x0, 0x7f, 0xa3, 0x77, 0x80,
    0x3f, 0xd1, 0xbb, 0xc0, 0x1f, 0xee, 0x33, 0xe0,
    0xf, 0xf2, 0x4c, 0xf0, 0x7, 0xfa, 0xea, 0xb8,
    0xc, 0x3, 0x8f, 0xd6, 0x3f, 0xf8, 0x36, 0x0,

    /* U+503E "倾" */
    0x0, 0xb0, 0xc0, 0x3f, 0xf8, 0x26, 0x62, 0x30,
    0x3f, 0xff, 0x84, 0x1, 0x4c, 0x1a, 0x7, 0xfe,
    0xb0, 0xef, 0xf0, 0x80, 0x1b, 0x40, 0x38, 0x71,
    0x0, 0x40, 0x27, 0x7, 0x0, 0xd1, 0xce, 0x9d,
    0xc5, 0x1, 0x90, 0x8, 0x77, 0x40, 0xdd, 0xbc,
    0x60, 0xb, 0x51, 0x0, 0xf, 0xf8, 0x4, 0xf8,
    0x5c, 0x2, 0x93, 0x0, 0x88, 0x80, 0x1f, 0xa8,
    0x80, 0x3f, 0xfa, 0xc6, 0x31, 0x80, 0x6, 0x70,
    0xf, 0xca, 0x3, 0xbd, 0xcd, 0xc0, 0x36, 0x0,
    0xe4, 0xc9, 0x16, 0x57, 0x2a, 0x93, 0x0, 0xe3,
    0x30, 0x1, 0x76, 0x97, 0x7d, 0x0, 0x3f, 0x37,
    0x62, 0x3, 0xef, 0x80, 0x5a, 0x60, 0x13, 0x59,
    0x0, 0x47, 0x60,

    /* U+504F "偏" */
    0x0, 0x92, 0x0, 0x3f, 0xf8, 0x5c, 0x3d, 0xff,
    0xfc, 0xa0, 0x1, 0x5d, 0xef, 0xff, 0xe5, 0x0,
    0x30, 0x20, 0x19, 0xfe, 0x20, 0xa, 0x4c, 0xf,
    0x22, 0x3d, 0xd0, 0x0, 0x81, 0x0, 0x86, 0xef,
    0xd4, 0x0, 0x37, 0x30, 0x8, 0x6e, 0xfd, 0x40,
    0x12, 0xc8, 0x1, 0xc6, 0xab, 0xd9, 0x60, 0x74,
    0x1, 0x8, 0xb3, 0x3f, 0x0, 0x78, 0x81, 0xb0,
    0xf1, 0x6b, 0xc8, 0x3, 0xdc, 0x62, 0x23, 0x1f,
    0x13, 0x0, 0xf9, 0xd1, 0x7c, 0xbe, 0x27, 0x80,
    0x3c, 0x87, 0xab, 0xe5, 0xf1, 0x3c, 0x1, 0xef,
    0x80, 0xf, 0x9, 0x80, 0x7a, 0x94, 0x2, 0x10,
    0x7, 0xea, 0x0,

    /* U+505C "停" */
    0x0, 0xff, 0xe4, 0x69, 0x80, 0x4f, 0x60, 0x1f,
    0x9c, 0x2a, 0xb9, 0x6a, 0xb1, 0x80, 0x53, 0x15,
    0xdd, 0x4d, 0x77, 0x62, 0x0, 0x48, 0xa9, 0xf5,
    0x4c, 0xf5, 0xa8, 0x83, 0x30, 0x40, 0x29, 0xdd,
    0xd8, 0x1, 0x1c, 0xb0, 0x6, 0x9d, 0xdd, 0x80,
    0x19, 0xe8, 0x2, 0xbf, 0xcc, 0xee, 0x10, 0x38,
    0x0, 0x17, 0xf7, 0x7e, 0xf7, 0x0, 0xe1, 0xff,
    0xfc, 0xc0, 0x1e, 0x35, 0xff, 0xf5, 0x80, 0x78,
    0xb5, 0x7f, 0xd0, 0x7f, 0xeb, 0x97, 0x0, 0xff,
    0x38, 0x7, 0xff, 0x0, 0x45, 0xe0, 0x1f, 0xfc,
    0x18, 0xe6, 0xd0, 0xe,

    /* U+5074 "側" */
    0x0, 0xc2, 0x1, 0xff, 0xc2, 0x7b, 0xcf, 0xfc,
    0x20, 0x17, 0x88, 0x5, 0x3c, 0x17, 0xfe, 0x0,
    0x69, 0x0, 0x72, 0x82, 0x0, 0x7f, 0xf0, 0x64,
    0x80, 0x17, 0xdc, 0x0, 0xfc, 0xc6, 0x1, 0x5f,
    0x70, 0x3, 0xe2, 0x96, 0x0, 0xff, 0xe0, 0x8b,
    0xe0, 0x5, 0x5d, 0xc0, 0xf, 0x8e, 0x0, 0x35,
    0xff, 0x80, 0x3f, 0xf8, 0x22, 0x30, 0x7, 0xff,
    0x6, 0x73, 0x0, 0x1f, 0xfc, 0xe, 0xaf, 0xaa,
    0xd, 0x98, 0x7, 0xe6, 0x92, 0x1e, 0x6, 0x10,
    0xf, 0x8a, 0xa8, 0x2e, 0xc6, 0x2, 0x40, 0x1e,
    0x79, 0x40, 0x7, 0x10, 0xf6, 0xa0, 0x80, 0x17,
    0x15, 0xc0, 0x23, 0x11, 0x7f, 0xac, 0x0,

    /* U+507F "偿" */
    0x0, 0x96, 0x42, 0xc, 0x13, 0x80, 0x14, 0x80,
    0x1a, 0x7c, 0x33, 0x6, 0x1, 0x48, 0x20, 0x4,
    0x46, 0xd7, 0x3, 0xf2, 0x38, 0x8d, 0x84, 0x0,
    0x83, 0x5, 0xad, 0xfe, 0xcf, 0xef, 0x31, 0x4,
    0x50, 0x9, 0x4c, 0xfe, 0x0, 0xa8, 0xc0, 0x15,
    0x4f, 0xff, 0x75, 0x91, 0x52, 0x0, 0x48, 0xdd,
    0xf6, 0x20, 0x96, 0x0, 0x42, 0x6, 0x7f, 0x8,
    0x80, 0x32, 0x77, 0x7f, 0xa4, 0x3, 0x27, 0xfb,
    0x45, 0xff, 0xd7, 0xfe, 0x80, 0xf, 0xa5, 0x20,
    0x6, 0x98, 0x3, 0xf4, 0xbd, 0x0, 0xe, 0x24,
    0xc0, 0x3c, 0xec, 0x3d, 0xfe, 0xca, 0x3e, 0x0,
    0xf2, 0x44, 0x37, 0xbf, 0xb3, 0xc, 0x40,

    /* U+5099 "備" */
    0x0, 0xff, 0xe3, 0xae, 0x0, 0x13, 0x0, 0x5,
    0xe0, 0x1e, 0x94, 0x99, 0x79, 0x4c, 0xc1, 0x32,
    0x40, 0x1, 0x9a, 0xbf, 0xc4, 0x1f, 0xe3, 0xf,
    0xf3, 0x80, 0x24, 0x88, 0xcc, 0xa7, 0x66, 0x52,
    0x33, 0xc, 0x11, 0x44, 0x2b, 0xf1, 0xbf, 0xda,
    0x9f, 0xe8, 0x1a, 0x30, 0xa, 0x3f, 0xff, 0x42,
    0xa4, 0x80, 0x68, 0xee, 0xf8, 0x52, 0x80, 0x3d,
    0x3d, 0xab, 0xdc, 0x0, 0xf8, 0x44, 0x15, 0x4f,
    0x5a, 0xa0, 0x80, 0x79, 0xc8, 0x12, 0x28, 0xa2,
    0x2, 0x1, 0xe2, 0x70, 0xe2, 0x57, 0x22, 0x0,
    0x78, 0x44, 0x61, 0x3b, 0xa4, 0xdd, 0x8, 0x7,
    0x4a, 0x0, 0x27, 0x74, 0x9b, 0xa1, 0x0, 0xf4,
    0x0, 0x70, 0xb7, 0x18, 0x80, 0x17, 0x20, 0xc2,
    0x1c, 0xe, 0x9b, 0xb4, 0x0,

    /* U+50BE "傾" */
    0x0, 0x9c, 0xc0, 0x3f, 0xf8, 0x23, 0x0, 0x14,
    0x7f, 0xfc, 0xa0, 0x6, 0x21, 0x70, 0x8f, 0xf5,
    0x87, 0x7f, 0x94, 0x1, 0x54, 0x6b, 0x0, 0xc6,
    0x61, 0x0, 0xc8, 0x48, 0x1, 0x16, 0x75, 0xe,
    0xf6, 0x80, 0x24, 0x3, 0x54, 0x85, 0x6e, 0xd4,
    0x0, 0x70, 0x10, 0x1, 0x85, 0x85, 0xf7, 0x56,
    0x0, 0xb9, 0x30, 0x1, 0x50, 0x2, 0xfb, 0xab,
    0x0, 0x72, 0x0, 0x42, 0x1, 0x8, 0x7, 0x88,
    0x3, 0xc4, 0x17, 0xbb, 0x50, 0x7, 0xf6, 0xd,
    0x6e, 0xd4, 0x1, 0xf0, 0x88, 0x7, 0xa2, 0x2e,
    0x0, 0xf2, 0x87, 0x3c, 0x17, 0x6f, 0x64, 0x80,
    0x70, 0xef, 0xce, 0x31, 0x28, 0x58, 0x80, 0x7c,
    0x5a, 0x1e, 0x80, 0xdf, 0x26, 0x0, 0xd3, 0x0,
    0x16, 0xc0, 0x80, 0x45, 0x86,

    /* U+50CD "働" */
    0x0, 0xff, 0xe3, 0x68, 0x88, 0x91, 0x9c, 0x31,
    0x0, 0x33, 0xd, 0xdb, 0xa4, 0x10, 0x3, 0xea,
    0x92, 0x37, 0x3f, 0xa2, 0x0, 0xe3, 0x33, 0x5d,
    0x61, 0x55, 0x38, 0xef, 0xfc, 0x1c, 0x0, 0xb8,
    0xa2, 0x88, 0x79, 0xd6, 0x84, 0x9, 0x1, 0xc4,
    0x12, 0x80, 0x2, 0x23, 0x1, 0xe0, 0xb, 0xe1,
    0x29, 0x40, 0xdc, 0x6, 0x48, 0x2, 0xe9, 0x4b,
    0x40, 0x11, 0x18, 0x7, 0xbe, 0x53, 0x15, 0xc0,
    0x84, 0xc0, 0x35, 0xec, 0x2e, 0x7b, 0x90, 0x7,
    0xd7, 0xd4, 0x9d, 0xc9, 0x40, 0x71, 0x0, 0xd7,
    0xd4, 0x9d, 0xc4, 0xd0, 0x26, 0x0, 0x9d, 0xd3,
    0x24, 0xdf, 0x35, 0x1d, 0x20, 0x9, 0xff, 0xd1,
    0xba, 0x49, 0x8e, 0x6a, 0x0, 0x61, 0xc3, 0x21,
    0x5, 0xa4, 0xfe, 0x90,

    /* U+50CF "像" */
    0x0, 0x8b, 0x40, 0xb, 0x80, 0x1f, 0xea, 0x10,
    0x5, 0x9f, 0xfc, 0xa0, 0x1e, 0x6a, 0x9, 0x5f,
    0xf6, 0x82, 0x0, 0x72, 0x8b, 0xb9, 0xbc, 0x1,
    0x6a, 0x20, 0x1d, 0x4, 0x90, 0x11, 0x9a, 0xcc,
    0xcd, 0xf0, 0x3, 0x90, 0xad, 0xe, 0x63, 0xc7,
    0x31, 0xe0, 0x3, 0x84, 0x0, 0x38, 0xe6, 0x3c,
    0x73, 0x1e, 0x1, 0x37, 0x0, 0xb, 0xa4, 0x5b,
    0x7, 0x72, 0xc0, 0xe4, 0x2, 0x7c, 0xeb, 0x62,
    0x3, 0x9a, 0x20, 0xf, 0x7d, 0x78, 0x5d, 0x61,
    0x79, 0x0, 0x72, 0x5e, 0x7e, 0xa2, 0x85, 0x88,
    0x7, 0xab, 0xf5, 0x34, 0x1d, 0xa8, 0x3, 0xe9,
    0x49, 0xf9, 0x60, 0x86, 0xa0, 0xe, 0x2b, 0xc1,
    0xc6, 0x68, 0x3d, 0xdc, 0x1, 0x8b, 0x7a, 0x7b,
    0x58, 0xc0, 0xb1, 0xc0,

    /* U+512A "優" */
    0x0, 0x89, 0x80, 0x3f, 0xf8, 0x57, 0xf9, 0xdd,
    0x7f, 0xbb, 0xb0, 0x80, 0x4d, 0xb9, 0xf9, 0x82,
    0x8c, 0xcb, 0x84, 0x0, 0xc0, 0x81, 0x53, 0x69,
    0xd7, 0x3e, 0x1, 0xac, 0xc0, 0x27, 0x0, 0xfe,
    0x62, 0x0, 0xc9, 0xbb, 0xb0, 0x2, 0x18, 0x30,
    0xc, 0x23, 0xde, 0x1, 0x29, 0x48, 0x1f, 0x32,
    0xcd, 0xcc, 0x90, 0x39, 0x53, 0x40, 0x25, 0x8a,
    0x4b, 0xc, 0x8b, 0x50, 0x0, 0x80, 0xc, 0xd0,
    0x6a, 0x15, 0x19, 0xa2, 0x80, 0x1d, 0x98, 0x73,
    0xd3, 0xd8, 0xbc, 0x10, 0xe, 0x46, 0xd3, 0x49,
    0x97, 0x43, 0x0, 0x71, 0x6f, 0xb0, 0xff, 0x3a,
    0x40, 0x7, 0x8b, 0x67, 0x43, 0x35, 0xfc, 0xc0,
    0x3c, 0x7d, 0xba, 0x9e, 0xe5, 0x7f, 0x79, 0x80,
    0x17, 0xf, 0xb2, 0x54, 0x44, 0xd5, 0xbe, 0x60,

    /* U+5141 "允" */
    0x0, 0xe2, 0x81, 0x0, 0xff, 0xe0, 0xd3, 0x8,
    0x0, 0x40, 0x3f, 0xcf, 0x60, 0x16, 0xc8, 0x7,
    0xe8, 0x35, 0x0, 0xb5, 0xe0, 0x3, 0xc2, 0xf0,
    0x0, 0x12, 0x38, 0x77, 0x0, 0x55, 0xbe, 0x17,
    0xfe, 0xed, 0xd4, 0x14, 0x20, 0x3, 0xee, 0xec,
    0xde, 0xff, 0x77, 0x35, 0xe8, 0x41, 0x59, 0x53,
    0x5c, 0x41, 0x70, 0x1, 0x16, 0x20, 0x1c, 0x2c,
    0x1, 0xf2, 0x80, 0x70, 0x80, 0x80, 0x7f, 0xf0,
    0x5c, 0x48, 0x3, 0xff, 0x83, 0x4c, 0x1, 0xfb,
    0xc, 0x2, 0x82, 0x90, 0xf, 0xc4, 0x0, 0x2a,
    0x7d, 0x10, 0xc, 0x66, 0x24, 0x12, 0x1d, 0x1d,
    0x30, 0xc, 0x87, 0x9b, 0x6c, 0x22, 0xfb, 0x20,
    0xe, 0x1d, 0xff, 0xa4, 0x0,

    /* U+5143 "元" */
    0x0, 0x9, 0x17, 0xfc, 0x1, 0xaf, 0x77, 0xfd,
    0x0, 0x1a, 0xbf, 0xff, 0xd4, 0x1, 0xff, 0xd7,
    0xee, 0xff, 0xe1, 0x8, 0x6e, 0xd4, 0x31, 0xba,
    0x24, 0xdd, 0xc2, 0x6, 0x73, 0x3, 0x99, 0x98,
    0x8c, 0xf0, 0x7, 0x30, 0x8, 0x7, 0xff, 0x7,
    0x50, 0x3, 0xff, 0x82, 0x2f, 0xc0, 0x1f, 0xb0,
    0xc0, 0x2a, 0x25, 0x0, 0xfc, 0x20, 0x2, 0xb5,
    0xe0, 0xe, 0x32, 0x13, 0x22, 0x6, 0x6, 0x10,
    0x6, 0xe5, 0xde, 0xc6, 0x10, 0xfb, 0x20, 0xe,
    0x4e, 0xff, 0xa4, 0x0,

    /* U+5145 "充" */
    0x0, 0xfa, 0xa4, 0x3, 0xf2, 0x27, 0x84, 0x91,
    0x3c, 0x0, 0x89, 0x9a, 0xad, 0x99, 0x33, 0xe0,
    0x6, 0x6e, 0xca, 0xad, 0xd6, 0x26, 0x6e, 0xc0,
    0x1c, 0x69, 0x0, 0x1, 0x3f, 0x30, 0xe, 0x11,
    0x42, 0x81, 0x99, 0x3c, 0xb1, 0x0, 0x26, 0xee,
    0x22, 0xee, 0x6c, 0xc8, 0x12, 0xd0, 0x0, 0xfb,
    0xdc, 0x7a, 0xfe, 0xbb, 0x65, 0xc8, 0x4, 0x24,
    0x22, 0x50, 0xb, 0xb4, 0x0, 0xc8, 0x1, 0xc2,
    0x4c, 0x1, 0xff, 0xc1, 0x62, 0x30, 0xf, 0xa4,
    0x80, 0x24, 0x8b, 0x0, 0xfc, 0x8c, 0x5, 0x37,
    0xc, 0x1, 0x98, 0x88, 0x64, 0xc3, 0x85, 0x6e,
    0x1, 0xac, 0xb7, 0x58, 0xa4, 0x3d, 0x68, 0x1,
    0xc7, 0xdf, 0xf5, 0x0,

    /* U+5148 "先" */
    0x0, 0x8a, 0x40, 0x13, 0x20, 0xf, 0xf2, 0xa8,
    0x3, 0xff, 0x85, 0x47, 0xfe, 0x66, 0x7f, 0xed,
    0x0, 0xca, 0x79, 0xba, 0x55, 0x6e, 0xef, 0x0,
    0xd7, 0x6, 0x44, 0x33, 0x11, 0x70, 0x4, 0x2e,
    0xc0, 0x1f, 0xfc, 0x14, 0xc5, 0x5c, 0x44, 0x55,
    0xf0, 0x2, 0x23, 0x55, 0xb3, 0x2e, 0xa2, 0x30,
    0x3, 0x77, 0x5, 0x6e, 0x99, 0x77, 0x70, 0x7,
    0x10, 0x28, 0x7, 0xff, 0x6, 0xd0, 0x40, 0x3e,
    0x30, 0xc, 0x8d, 0xe0, 0x1f, 0xb4, 0xc0, 0xf,
    0x70, 0x80, 0x19, 0x88, 0x86, 0x24, 0x1d, 0x54,
    0x70, 0xd, 0x65, 0xba, 0xc5, 0x10, 0xcd, 0x50,
    0xe, 0x3e, 0xff, 0xa8, 0x0,

    /* U+5149 "光" */
    0x0, 0x84, 0x2, 0xa8, 0x0, 0x88, 0x80, 0x1a,
    0x28, 0x3, 0xf4, 0xc8, 0x3, 0x4a, 0xa8, 0x3,
    0xc4, 0x92, 0x1, 0x86, 0x60, 0x3, 0xd2, 0xc4,
    0x1, 0xcc, 0x22, 0x0, 0xc2, 0x10, 0x1, 0x88,
    0x87, 0xc6, 0x42, 0x44, 0x39, 0x32, 0x20, 0xe,
    0xef, 0x91, 0x77, 0x7c, 0x43, 0xff, 0x86, 0xbf,
    0xcc, 0xcf, 0xfc, 0x40, 0x18, 0x44, 0xe0, 0x1f,
    0xfc, 0x17, 0x12, 0x0, 0xff, 0xe0, 0xd3, 0x80,
    0x7e, 0x61, 0x0, 0xa8, 0xa0, 0x3, 0xf5, 0xa8,
    0x2e, 0xa6, 0x8, 0x6, 0x22, 0x8c, 0x98, 0xa1,
    0x7c, 0x80, 0x36, 0xae, 0xeb, 0x14, 0x89, 0xb0,
    0x20, 0x1c, 0x9d, 0xff, 0x50, 0x0,

    /* U+514B "克" */
    0x0, 0xfa, 0xa0, 0x3, 0xf6, 0xff, 0xf2, 0xbf,
    0xff, 0x70, 0x3, 0xf7, 0x79, 0x17, 0x77, 0xb0,
    0x0, 0x45, 0xe1, 0x22, 0xf8, 0x2, 0x1f, 0xfc,
    0xaf, 0xff, 0x88, 0x3, 0xdb, 0xdd, 0xed, 0x0,
    0xfc, 0x42, 0x3e, 0x20, 0xf, 0xc4, 0x5f, 0x80,
    0x3f, 0x6e, 0xfe, 0x0, 0xf0, 0xff, 0x8d, 0xff,
    0xc1, 0x7f, 0xe2, 0x0, 0xf0, 0x9e, 0x0, 0x7c,
    0x40, 0x18, 0x68, 0xd0, 0x3, 0xef, 0x40, 0x27,
    0xf6, 0xe0, 0x8, 0x4c, 0x88, 0x64, 0xc3, 0xb3,
    0x2d, 0x20, 0x9, 0xe3, 0x75, 0x88, 0x43, 0xdc,
    0x70, 0xe, 0x9f, 0xfd, 0x60,

    /* U+5165 "入" */
    0x0, 0x97, 0xff, 0x60, 0x7, 0xf9, 0x33, 0x27,
    0x10, 0xf, 0xf0, 0x99, 0xd8, 0x60, 0x1f, 0xfc,
    0x29, 0x11, 0x0, 0x7f, 0xf0, 0x10, 0x81, 0x40,
    0x3f, 0xf8, 0x1a, 0x4b, 0xa0, 0x1f, 0xfc, 0x7,
    0xaf, 0x70, 0xf, 0xf9, 0xc5, 0x94, 0x1c, 0x3,
    0xfd, 0x2e, 0x21, 0x10, 0x10, 0xf, 0xd4, 0x10,
    0x0, 0x62, 0xd0, 0xf, 0xa1, 0x68, 0x3, 0x79,
    0x58, 0x7, 0x4b, 0xca, 0x0, 0x62, 0xa4, 0xb1,
    0x2, 0xd6, 0xa6, 0x0, 0xf2, 0x63, 0x79, 0x12,
    0xb5, 0x40, 0x3f, 0x1e, 0x49, 0x0,

    /* U+5168 "全" */
    0x0, 0xf0, 0xf7, 0x4, 0x3, 0xff, 0x81, 0xae,
    0xda, 0x1, 0xff, 0x5b, 0xcc, 0x36, 0x8, 0x7,
    0xc3, 0x81, 0x60, 0xa, 0x6c, 0x30, 0xe, 0x3f,
    0x5b, 0x0, 0xd5, 0x4c, 0x70, 0x0, 0xce, 0xb6,
    0xa2, 0x78, 0xda, 0x74, 0xc4, 0x3c, 0x3f, 0xea,
    0xa7, 0xfc, 0x7e, 0xa6, 0x12, 0x31, 0x77, 0x3a,
    0x5d, 0xd4, 0x30, 0x1, 0xff, 0xc7, 0x6f, 0xfc,
    0xcb, 0xff, 0x9c, 0x3, 0x37, 0x76, 0x55, 0x77,
    0x67, 0x0, 0xe1, 0x1c, 0x60, 0x23, 0x80, 0x38,
    0x47, 0x8c, 0x4, 0x7c, 0x0, 0xbe, 0xee, 0x55,
    0x77, 0x77, 0x80,

    /* U+516C "公" */
    0x0, 0xe1, 0x0, 0xff, 0xe1, 0x27, 0x10, 0x0,
    0xbc, 0xc0, 0x3f, 0x4a, 0x90, 0x0, 0x9b, 0xc0,
    0x3e, 0x62, 0x80, 0xd, 0x5, 0x0, 0x1c, 0x30,
    0xc4, 0x1, 0x86, 0xdd, 0x0, 0x36, 0x9c, 0x80,
    0x79, 0x5a, 0xc8, 0x1, 0x67, 0xe0, 0x6, 0xa0,
    0xd, 0x27, 0x82, 0x19, 0x82, 0x0, 0x58, 0x7,
    0xb6, 0x44, 0x1c, 0xc0, 0x6, 0x52, 0x1, 0xc2,
    0xe0, 0x1e, 0x93, 0x30, 0x2, 0xcc, 0x3, 0xf1,
    0x2c, 0x0, 0x45, 0xa2, 0x1, 0xf5, 0x9a, 0x0,
    0x52, 0x5a, 0x1, 0xe1, 0x68, 0x11, 0x11, 0xa5,
    0x1b, 0x80, 0x4f, 0xdc, 0xb, 0xee, 0x6e, 0x55,
    0x94, 0x10, 0x1, 0x6e, 0xd9, 0x8d, 0xef, 0xf7,
    0x6e, 0x8d, 0x40, 0x4, 0xa8, 0x66, 0x21, 0x0,
    0xec, 0x70,

    /* U+516D "六" */
    0x0, 0xfa, 0xa4, 0x3, 0xff, 0xb9, 0xbb, 0xe5,
    0x6d, 0xdf, 0x0, 0x22, 0x3d, 0x54, 0x88, 0xf0,
    0x1, 0x57, 0xff, 0x84, 0x1, 0xc4, 0x60, 0x18,
    0x84, 0x3, 0xf7, 0x40, 0x6, 0xea, 0x0, 0xf9,
    0xe, 0x0, 0x37, 0xa2, 0x80, 0x7b, 0xcc, 0xc0,
    0x18, 0xde, 0xc4, 0x3, 0x22, 0x20, 0x3, 0xd0,
    0x16, 0x1, 0xd, 0x2a, 0x0, 0x7d, 0xa, 0x60,
    0xd, 0xb, 0x0, 0xfc, 0xc5, 0x0, 0x6, 0xd1,
    0x0, 0xfe, 0xb2, 0x0,

    /* U+5171 "共" */
    0x0, 0xcb, 0xa0, 0x1a, 0x28, 0x3, 0xff, 0x98,
    0x60, 0x1c, 0x20, 0x1e, 0x6f, 0xf4, 0x97, 0xfe,
    0x65, 0xff, 0x68, 0x1, 0xbb, 0x92, 0x5d, 0xd9,
    0x93, 0xb9, 0x80, 0x10, 0x88, 0xc0, 0x47, 0xf8,
    0x3, 0xff, 0x8c, 0x23, 0x18, 0x8, 0xff, 0x0,
    0xf7, 0x52, 0x5d, 0xd9, 0x93, 0xba, 0x71, 0xee,
    0xff, 0xe1, 0x38, 0x8, 0xc7, 0x8a, 0x22, 0x3c,
    0x41, 0x18, 0x3, 0x16, 0x22, 0x0, 0x5, 0x15,
    0x20, 0x1c, 0xfa, 0xf2, 0x1, 0x97, 0x53, 0x4,
    0x1, 0x13, 0x72, 0x1, 0xe2, 0xc0, 0xd0, 0x4,
    0x7a, 0x0, 0x7e, 0x1c, 0xc0, 0x0,

    /* U+5173 "关" */
    0x0, 0x8, 0x80, 0x39, 0x84, 0x2, 0x8a, 0x0,
    0xcb, 0x20, 0x1a, 0x55, 0x40, 0x14, 0x40, 0x40,
    0x34, 0x18, 0x0, 0x9d, 0xc0, 0x13, 0xfc, 0xcb,
    0xfd, 0xab, 0xfc, 0x0, 0x6c, 0xc9, 0x8f, 0x33,
    0x0, 0x4, 0xce, 0xe7, 0x33, 0x88, 0x3, 0xff,
    0x82, 0x3f, 0xfa, 0x13, 0xff, 0x40, 0xee, 0xe4,
    0xa, 0xdd, 0xa4, 0x8, 0xb2, 0x8e, 0x11, 0x42,
    0x1, 0xa0, 0x31, 0x8c, 0x3, 0xce, 0xed, 0x28,
    0xd3, 0x0, 0x8a, 0xa2, 0xcc, 0x1d, 0xd8, 0xe0,
    0x9a, 0x1a, 0x80, 0x14, 0xcd, 0x49, 0xb4, 0x40,
    0x1c, 0xdd, 0x40,

    /* U+5176 "其" */
    0x0, 0x8b, 0xc0, 0x3d, 0xe4, 0x1, 0xa3, 0x3c,
    0x33, 0x3c, 0x1f, 0x92, 0x0, 0xb9, 0xa0, 0x99,
    0xf0, 0x54, 0xd0, 0x0, 0xd5, 0x40, 0xab, 0xe0,
    0x55, 0x18, 0x7, 0xbf, 0xfc, 0x1, 0xfe, 0xee,
    0xf0, 0x7, 0xf8, 0x47, 0x80, 0x3f, 0xef, 0xfe,
    0xe0, 0xf, 0xf7, 0xff, 0x80, 0x3c, 0x44, 0x70,
    0x22, 0xf0, 0x39, 0x10, 0xb, 0x75, 0x41, 0xbb,
    0xe0, 0xad, 0xd1, 0x13, 0xfe, 0xe6, 0xbf, 0xf5,
    0xc7, 0x7f, 0xc4, 0x0, 0x39, 0xe3, 0x60, 0x3,
    0xf7, 0x2d, 0x0, 0x2d, 0xc0, 0xda, 0x20, 0x1,
    0xcf, 0x1d, 0xd8, 0x1, 0xdf, 0x24, 0x1, 0xe1,
    0x8e, 0xa0,

    /* U+5177 "具" */
    0x0, 0xb3, 0xff, 0xf8, 0x3, 0xea, 0xff, 0xf5,
    0x80, 0x7e, 0x31, 0x1f, 0x80, 0x3f, 0x46, 0x67,
    0xa0, 0x3, 0xf5, 0xee, 0xfa, 0x40, 0x3f, 0x57,
    0x77, 0xac, 0x3, 0xf5, 0x77, 0x7a, 0xc0, 0x3f,
    0x11, 0x7e, 0x0, 0xf9, 0x72, 0x67, 0xda, 0x80,
    0x18, 0x89, 0x73, 0x3f, 0xc4, 0x40, 0x1d, 0xdf,
    0xfe, 0x10, 0x8b, 0xff, 0x47, 0x7f, 0xd3, 0xdf,
    0xf0, 0x80, 0x5, 0xfa, 0xc8, 0x0, 0x7b, 0xd4,
    0x60, 0x15, 0xf6, 0x5e, 0x18, 0x0, 0xef, 0x4f,
    0x2c, 0x1, 0x1b, 0x6a, 0x1, 0xe2, 0x9d, 0x80,

    /* U+517C "兼" */
    0x0, 0xc4, 0x1, 0xe2, 0x0, 0xf9, 0x74, 0xc0,
    0x30, 0xe4, 0x0, 0x61, 0x12, 0x37, 0x8, 0xea,
    0x29, 0x11, 0x0, 0x33, 0xb8, 0xc5, 0xdd, 0x90,
    0xfb, 0x98, 0x0, 0xdf, 0xfa, 0x8f, 0xfc, 0x1b,
    0xff, 0x68, 0x5, 0x7f, 0xea, 0x3f, 0xf0, 0x6f,
    0xfa, 0x0, 0x35, 0xff, 0xa8, 0xff, 0xc1, 0xbe,
    0xc0, 0x18, 0xcf, 0x68, 0x99, 0x81, 0xc, 0x88,
    0x60, 0x3f, 0xf9, 0x4b, 0xfc, 0x17, 0xea, 0x9e,
    0x22, 0xcc, 0xd0, 0x79, 0x80, 0xfc, 0x76, 0xc1,
    0x0, 0x67, 0x72, 0x8f, 0xb8, 0x19, 0xcc, 0x1,
    0xd9, 0xce, 0x7, 0xdc, 0x0, 0x37, 0xc0, 0x6,
    0x1b, 0x58, 0x0, 0xd4, 0x76, 0x40, 0x1, 0x8e,
    0x2c, 0x20, 0xc, 0xd7, 0x9b, 0x42, 0x20, 0xd9,
    0x0, 0xfc, 0xfd, 0xa2,

    /* U+5185 "内" */
    0x0, 0xf3, 0x60, 0x7, 0xff, 0x20, 0xfb, 0xba,
    0x4f, 0xbb, 0xb1, 0xc6, 0xab, 0x31, 0xd5, 0x66,
    0x10, 0x14, 0x4c, 0xa, 0x89, 0xb4, 0x3, 0xe4,
    0x20, 0xf, 0xf8, 0xc9, 0xf0, 0x40, 0x3f, 0xb9,
    0xb1, 0xf0, 0x40, 0x3e, 0xb0, 0x90, 0xb6, 0xc2,
    0x0, 0xc7, 0xad, 0x80, 0x15, 0xb7, 0x98, 0x4,
    0x2b, 0xa2, 0x1, 0xae, 0x4c, 0x2, 0x28, 0x0,
    0xf9, 0x0, 0x3f, 0xe1, 0x33, 0x68, 0x80, 0x7f,
    0x1e, 0x6a, 0xd0,

    /* U+5186 "円" */
    0x13, 0x3f, 0xfe, 0xa, 0x66, 0x7f, 0xf0, 0x34,
    0xb, 0xff, 0x58, 0xff, 0xeb, 0x0, 0xff, 0xf0,
    0x19, 0xf8, 0x4c, 0xf8, 0x0, 0x39, 0x9a, 0x3,
    0x33, 0x40, 0x0, 0xbf, 0xff, 0xd6, 0x1, 0xff,
    0xe9, 0x33, 0x60, 0x7, 0xfd, 0xf8, 0xd2,

    /* U+518D "再" */
    0x8, 0xff, 0xff, 0xe0, 0x80, 0x27, 0xbb, 0x9c,
    0xfb, 0xbc, 0x0, 0x11, 0xf7, 0x80, 0x8f, 0x80,
    0x23, 0xff, 0xd0, 0x7f, 0xfa, 0x80, 0x3d, 0xbb,
    0x39, 0xee, 0xcc, 0x1, 0xe1, 0x22, 0xbc, 0x8,
    0xa1, 0x0, 0xf0, 0xff, 0xd0, 0x7f, 0xf3, 0x80,
    0x7d, 0xdd, 0x39, 0xf7, 0x4e, 0x1, 0xe1, 0x1d,
    0xe0, 0x23, 0x0, 0x62, 0xec, 0x1e, 0xea, 0xf,
    0xba, 0x75, 0xe9, 0x2c, 0x90, 0xcc, 0xb7, 0x59,
    0x93, 0x26, 0x40, 0x12, 0x89, 0x17, 0xe1, 0x11,
    0x8, 0x7, 0xf8, 0x8a, 0x0, 0xff, 0xe0, 0xee,
    0x9f, 0x80, 0x0,

    /* U+5199 "写" */
    0xb, 0xff, 0xff, 0xe0, 0x60, 0x4, 0xfd, 0x69,
    0xdd, 0xf3, 0x80, 0x6e, 0x12, 0x61, 0x1f, 0xbc,
    0x2, 0xe5, 0xf, 0x13, 0x3f, 0xa, 0x50, 0x1,
    0x4c, 0x14, 0xbb, 0xbc, 0x86, 0xc0, 0x1c, 0x75,
    0xbb, 0xe5, 0x0, 0xf1, 0x80, 0xc, 0xfc, 0x1,
    0xf2, 0x4, 0xf7, 0x76, 0x10, 0x7, 0x93, 0x37,
    0x7b, 0x0, 0xc0, 0x31, 0x98, 0x0, 0x67, 0xce,
    0xa, 0x66, 0x1, 0xee, 0xfe, 0x80, 0x9e, 0xe1,
    0xe, 0xef, 0xf3, 0xae, 0xec, 0x40, 0x1e, 0x11,
    0x8d, 0xfc, 0x3, 0xfc, 0x9d, 0xcc, 0x45, 0x0,
    0xff, 0x2f, 0xfd, 0x40, 0x1c,

    /* U+51B2 "冲" */
    0x0, 0xfe, 0xe4, 0x0, 0xc3, 0xca, 0x1, 0xff,
    0xc0, 0x1b, 0xa7, 0x3, 0x3c, 0x26, 0x7c, 0xb,
    0x74, 0x1d, 0x99, 0x4, 0x66, 0x5a, 0x0, 0x4d,
    0x0, 0x57, 0xf8, 0x6f, 0xfd, 0x60, 0x1f, 0xfd,
    0x6c, 0x10, 0xd3, 0x30, 0x99, 0xe0, 0xa, 0x4,
    0x40, 0xf9, 0x80, 0x8c, 0xc4, 0x0, 0x9, 0xe4,
    0x1, 0x5f, 0xe1, 0xbf, 0xf5, 0x98, 0x4a, 0x20,
    0x35, 0x40, 0x3c, 0x9a, 0xa9, 0x20, 0x1f, 0xfc,
    0x4, 0xa2, 0x0, 0xff, 0xe0, 0xa, 0x80, 0x7f,
    0xf0, 0x40,

    /* U+51B3 "决" */
    0x4, 0x0, 0xfb, 0xcc, 0x3, 0xdf, 0x60, 0x1f,
    0xfc, 0x2b, 0x7a, 0x4, 0xff, 0x83, 0x3f, 0xd8,
    0x1, 0xb9, 0x85, 0x37, 0x58, 0x15, 0xb0, 0x1,
    0xc5, 0x82, 0x4, 0x50, 0x31, 0x10, 0x3, 0xff,
    0x82, 0x20, 0x1f, 0xfc, 0x13, 0x0, 0x8c, 0x3,
    0xc6, 0x3f, 0xf6, 0x86, 0xfc, 0x9f, 0xb0, 0x0,
    0x70, 0xfb, 0xa7, 0x10, 0xde, 0xe9, 0x80, 0x12,
    0x84, 0x23, 0x2c, 0x9a, 0x88, 0xc0, 0x1, 0x7f,
    0x0, 0x98, 0xda, 0x64, 0x20, 0x1a, 0xd, 0x0,
    0x9, 0x36, 0x2a, 0xad, 0x10, 0x1, 0x37, 0x80,
    0x22, 0xe1, 0x40, 0x14, 0x18, 0x80, 0x56, 0x61,
    0x6d, 0x6e, 0x1, 0xe, 0x25, 0x98, 0x20, 0x2,
    0xb9, 0x0, 0x3d, 0x3c, 0x60,

    /* U+51B5 "况" */
    0x6, 0x50, 0x0, 0xff, 0xfe, 0x40, 0x1, 0xd3,
    0x0, 0x5b, 0xbe, 0x10, 0x9, 0x6a, 0x54, 0x0,
    0x45, 0xe0, 0xe, 0x58, 0x10, 0xf, 0xfe, 0x13,
    0xa0, 0x7, 0xff, 0x18, 0xcf, 0xc2, 0x1, 0xc6,
    0x20, 0xc, 0xcf, 0x0, 0x7b, 0x9c, 0x7e, 0x8b,
    0xf4, 0x3f, 0xc8, 0x1, 0x31, 0xb0, 0x0, 0xd8,
    0x3, 0xf0, 0xc5, 0x80, 0x58, 0x40, 0x1f, 0xac,
    0x94, 0x2, 0x4d, 0x0, 0xe4, 0x12, 0x5e, 0x0,
    0xa4, 0xd0, 0x3, 0xb9, 0xb, 0x88, 0x6, 0x5b,
    0x80, 0x31, 0xb, 0x88, 0x8, 0x3, 0xb, 0xc,
    0x0, 0x44, 0xde, 0x4, 0x0, 0xd9, 0x66, 0x1,
    0xb7, 0xfd, 0xa0,

    /* U+51B7 "冷" */
    0x1, 0x0, 0xf2, 0xf5, 0x80, 0x7b, 0x28, 0x40,
    0x22, 0x8f, 0x1a, 0x0, 0xec, 0x1c, 0x20, 0x2f,
    0x91, 0xa1, 0xa0, 0xc, 0x37, 0x44, 0x99, 0x8,
    0x0, 0xb1, 0xd2, 0x0, 0xcd, 0x35, 0x48, 0xdd,
    0xc7, 0x5a, 0xc0, 0x18, 0xbd, 0x26, 0x7a, 0x9e,
    0xdc, 0x2, 0x1b, 0x10, 0x44, 0xe2, 0x4, 0x10,
    0x9, 0xd2, 0xbf, 0xff, 0x18, 0x4, 0x30, 0x31,
    0xba, 0x45, 0xdd, 0x80, 0x3a, 0xcd, 0x48, 0xa1,
    0x22, 0xc0, 0x19, 0x17, 0xc0, 0x3f, 0xf8, 0x32,
    0xc6, 0x1, 0xf1, 0x98, 0x2, 0x20, 0x80, 0xf,
    0xdd, 0xa8, 0x60, 0x5a, 0x20, 0x1f, 0xb7, 0xac,
    0x0,

    /* U+51BB "冻" */
    0x0, 0xfc, 0x80, 0x1f, 0x98, 0x3, 0x86, 0xcc,
    0x3, 0xeb, 0x80, 0x12, 0x23, 0x0, 0x91, 0x70,
    0x3, 0xdc, 0xdb, 0x75, 0x1, 0xbb, 0xe1, 0x2,
    0x7f, 0x7f, 0xe0, 0xcf, 0xff, 0x8, 0x2, 0x38,
    0x0, 0xe4, 0x6b, 0x80, 0x1f, 0x88, 0x1, 0x76,
    0x0, 0xff, 0xe0, 0xb1, 0x29, 0x10, 0x48, 0xa1,
    0x0, 0xf6, 0x6, 0xe4, 0x16, 0x64, 0xe0, 0x11,
    0xe8, 0x57, 0xf7, 0x28, 0xfb, 0xa6, 0x0, 0xa1,
    0x40, 0x12, 0xc0, 0x1a, 0x8c, 0x2, 0x34, 0x90,
    0x36, 0x40, 0xd, 0x9c, 0x1, 0x7b, 0x8, 0x73,
    0x10, 0x6, 0x61, 0x90, 0x33, 0x40, 0x38, 0xc8,
    0x96, 0x80, 0x5e, 0xe2, 0x7c, 0x20, 0xf8, 0xf,
    0xad, 0x60, 0x3, 0xe1,

    /* U+51C0 "净" */
    0x0, 0xf9, 0x8, 0x3, 0xe2, 0x80, 0xc, 0x36,
    0x80, 0x1f, 0x1b, 0x30, 0x2, 0xb0, 0x9f, 0xf8,
    0x40, 0x21, 0xb9, 0x10, 0x55, 0x67, 0xf9, 0x94,
    0x40, 0x32, 0xa5, 0xa5, 0x29, 0x9, 0xb7, 0x8,
    0x80, 0x34, 0xc4, 0x9, 0x7b, 0x98, 0x17, 0xd8,
    0x1, 0x88, 0x99, 0xbf, 0xee, 0xf, 0xf5, 0x80,
    0x7c, 0x8a, 0xb3, 0x82, 0xab, 0xd, 0x40, 0x3b,
    0x66, 0x6a, 0x9, 0x92, 0x8c, 0x88, 0x1, 0x36,
    0x73, 0x2d, 0xc, 0xc4, 0x96, 0x8, 0x2, 0x14,
    0x2b, 0xfd, 0xc1, 0xfe, 0xb0, 0xc, 0x66, 0x90,
    0xbd, 0xd6, 0x6, 0xea, 0x80, 0x37, 0xb0, 0x80,
    0x91, 0x40, 0x44, 0x5c, 0x0, 0x19, 0xac, 0x2,
    0x11, 0x28, 0x6, 0x10, 0x1, 0xf1, 0x0, 0x4b,
    0xd6, 0xa0, 0x1f, 0x8, 0x6, 0x4f, 0xf5, 0x0,
    0x78,

    /* U+51C6 "准" */
    0x0, 0xf8, 0x80, 0x21, 0x0, 0xe1, 0x0, 0xec,
    0x50, 0x7, 0x28, 0x6, 0xca, 0x10, 0x3, 0x2,
    0x82, 0xa, 0x80, 0x6c, 0x6c, 0x10, 0xb7, 0x11,
    0x72, 0x8, 0xc0, 0x1, 0xc7, 0x36, 0x26, 0xee,
    0x2a, 0xbb, 0x94, 0x1, 0xa8, 0x24, 0x33, 0xfc,
    0x39, 0xfe, 0xb0, 0xe, 0xf5, 0x16, 0x11, 0x3,
    0x88, 0x80, 0x3d, 0x54, 0xa, 0xee, 0xd, 0xf7,
    0x14, 0x3, 0x13, 0x80, 0x33, 0xfc, 0x39, 0xfe,
    0x50, 0x8, 0xf4, 0x40, 0x3f, 0xf8, 0x3e, 0xc2,
    0x0, 0xcf, 0xf0, 0xe7, 0xf9, 0x40, 0x10, 0x52,
    0x1, 0x56, 0xe8, 0x6b, 0x74, 0xa0, 0x8f, 0x40,
    0x19, 0x88, 0x80, 0xc4, 0x40, 0x3, 0xc2, 0x0,
    0x6e, 0xdd, 0xf, 0x6e, 0xc2, 0x6e, 0x1, 0xd5,
    0x32, 0xb9, 0x9c, 0x20,

    /* U+51CF "减" */
    0x1, 0x0, 0xfc, 0xf6, 0x94, 0x40, 0xa, 0xb0,
    0xf, 0x85, 0xd3, 0xa0, 0x1, 0x6f, 0x65, 0xff,
    0xd2, 0x7f, 0x6a, 0x40, 0xd, 0xd0, 0xe, 0xee,
    0x92, 0xdd, 0x88, 0x0, 0x2c, 0x0, 0x30, 0x8,
    0xc0, 0x8a, 0x0, 0xf9, 0xfb, 0xa2, 0x30, 0x44,
    0x0, 0x62, 0x10, 0x6c, 0xc9, 0x44, 0x24, 0x80,
    0x26, 0xe7, 0x24, 0xfe, 0xf3, 0x5, 0x27, 0x0,
    0xae, 0x85, 0xc2, 0x39, 0x0, 0x61, 0x84, 0x0,
    0x84, 0xc6, 0x40, 0x1c, 0xa7, 0x0, 0x17, 0xb8,
    0x67, 0x4, 0x72, 0x12, 0xa0, 0x80, 0xd, 0x24,
    0x11, 0x42, 0x7b, 0x74, 0x8, 0xc, 0xa7, 0xa2,
    0xe4, 0x44, 0x66, 0x6b, 0xf0, 0x46, 0x0, 0x8,
    0x3e, 0x0, 0x5, 0x57, 0x21, 0x4c, 0xe8,

    /* U+51D1 "凑" */
    0x0, 0xfc, 0x28, 0x1, 0xf0, 0x80, 0x79, 0x24,
    0x3, 0xef, 0x80, 0x5e, 0xea, 0x8b, 0xbb, 0x50,
    0x3, 0x1a, 0x17, 0xba, 0x48, 0xee, 0xd4, 0x0,
    0x2d, 0x30, 0xee, 0x7a, 0x47, 0xfb, 0xb8, 0x80,
    0x11, 0xd8, 0x77, 0x28, 0xbd, 0xdd, 0xdc, 0x40,
    0xe, 0xef, 0xf5, 0x17, 0xbb, 0xbf, 0xe1, 0x0,
    0xdd, 0xec, 0x5f, 0xf3, 0x9f, 0x78, 0x80, 0x7,
    0x1, 0x99, 0x68, 0xd4, 0x41, 0x0, 0x1a, 0x46,
    0xa5, 0xf7, 0xa7, 0x67, 0x97, 0x8, 0x0, 0xf0,
    0x5b, 0x17, 0x20, 0xe6, 0x5a, 0x86, 0x10, 0x4b,
    0x10, 0xff, 0x60, 0x7f, 0xdb, 0x2, 0x27, 0x80,
    0x5, 0x7f, 0x89, 0xb, 0xfd, 0x80, 0x3, 0x45,
    0x0, 0x8b, 0x1a, 0xdf, 0x4c, 0x2, 0x2b, 0x0,
    0x26, 0x6d, 0xd8, 0x2a, 0x99, 0xac, 0x1, 0xcb,
    0x1e, 0xe0, 0x13, 0xfc, 0x20, 0x0,

    /* U+51E0 "几" */
    0x0, 0xdd, 0xff, 0xed, 0x0, 0xfe, 0x8d, 0xdc,
    0xe0, 0x1f, 0xe3, 0x22, 0xdc, 0x1, 0xff, 0xdd,
    0x10, 0xf, 0xfe, 0x23, 0x80, 0x7f, 0xf0, 0x44,
    0x4, 0x3, 0xff, 0x82, 0xa0, 0x40, 0x1f, 0xfc,
    0x1c, 0x30, 0xf, 0xe2, 0x0, 0xcd, 0x40, 0x1f,
    0xdc, 0xa0, 0x7, 0x6, 0x0, 0xfe, 0x10, 0x2,
    0xc5, 0x80, 0x78, 0xcf, 0x13, 0x8d, 0x42, 0x80,
    0x79, 0xf, 0x30, 0x84, 0x3a, 0xe0, 0x1f, 0xe,
    0xff, 0xac, 0x0,

    /* U+51E6 "処" */
    0x0, 0x14, 0x0, 0x7f, 0xf0, 0x91, 0x40, 0x33,
    0x44, 0x4e, 0x1, 0xde, 0xe0, 0x1b, 0x4c, 0x6,
    0x80, 0x39, 0x55, 0xdc, 0xc0, 0x7, 0x45, 0x0,
    0x78, 0xeb, 0xe4, 0x3, 0xfe, 0x40, 0x51, 0xf6,
    0x7, 0x10, 0xf, 0xb4, 0xc, 0xf, 0x0, 0x9c,
    0x3, 0xc2, 0xc9, 0x60, 0x8a, 0x2, 0x20, 0xf,
    0x42, 0x4b, 0x20, 0x98, 0x81, 0x0, 0x7a, 0xe4,
    0x89, 0x2c, 0x8, 0x60, 0x1c, 0x20, 0x44, 0x9,
    0x2b, 0x9, 0xb0, 0xc, 0x54, 0x1, 0xb8, 0x20,
    0x88, 0xe0, 0x2, 0xc, 0xd0, 0x9, 0x97, 0x5e,
    0x74, 0x2, 0x1d, 0xe6, 0x0, 0x34, 0xd9, 0x60,
    0xe5, 0x31, 0x91, 0x60, 0x39, 0xa5, 0x0, 0x56,
    0x15, 0x6e, 0xf0, 0x1e, 0xa8, 0x6, 0x38, 0xce,
    0xff, 0xc0,

    /* U+51ED "凭" */
    0x0, 0xca, 0x40, 0x1e, 0x24, 0x0, 0xe4, 0xa1,
    0x57, 0x9a, 0xcf, 0xce, 0x10, 0x8, 0x6a, 0x47,
    0x43, 0xc5, 0xbf, 0xa8, 0x40, 0x3, 0xa2, 0xc5,
    0xe, 0xc4, 0x60, 0x1c, 0x58, 0x42, 0x5f, 0xf9,
    0x99, 0xff, 0x8c, 0x12, 0x80, 0xbb, 0xb3, 0x2f,
    0x76, 0x32, 0x97, 0x0, 0x8, 0xe0, 0x31, 0x1c,
    0x1, 0xe7, 0xff, 0x99, 0x9f, 0xf7, 0x0, 0x45,
    0x20, 0xff, 0xff, 0xb8, 0x2, 0x17, 0xac, 0xcf,
    0x48, 0x7, 0xe6, 0x64, 0x46, 0x52, 0x0, 0xfc,
    0x58, 0x89, 0xb8, 0x3, 0xf3, 0xb, 0x80, 0x7e,
    0x87, 0x1, 0x89, 0xa1, 0x0, 0xe7, 0x11, 0x10,
    0xf, 0x1e, 0x28, 0x7, 0x21, 0x77, 0x11, 0x47,
    0xac, 0xc0, 0x3c, 0x7d, 0xfe, 0xe2,

    /* U+51FA "出" */
    0x0, 0xf7, 0x28, 0x7, 0xcc, 0xc0, 0xf, 0xc9,
    0x20, 0xf, 0xf0, 0x7, 0xe1, 0x40, 0xf, 0xfe,
    0x99, 0x2a, 0xc3, 0xaa, 0xb6, 0x0, 0x5c, 0xf3,
    0x30, 0x2c, 0xcc, 0xac, 0x3, 0xb9, 0x98, 0x63,
    0x33, 0x94, 0xd4, 0x3, 0xfd, 0x84, 0x1, 0xff,
    0xe0, 0xff, 0xc3, 0x5f, 0xf9, 0x0, 0x2c, 0xcf,
    0xf1, 0x80,

    /* U+51FB "击" */
    0x0, 0xf4, 0xd0, 0x7, 0xff, 0x26, 0xff, 0xf3,
    0x2f, 0xfe, 0xd0, 0x4, 0xe6, 0x65, 0x4c, 0xcd,
    0xc0, 0x2, 0x33, 0xe1, 0x33, 0xe0, 0x33, 0xf9,
    0x8c, 0xfd, 0xb9, 0x9c, 0xa7, 0x99, 0xee, 0xff,
    0xe6, 0x5f, 0xff, 0x4, 0xd0, 0x7, 0xe9, 0x90,
    0x7, 0xff, 0x85, 0x7f, 0xe6, 0x5f, 0xf9, 0x80,
    0x2b, 0xcc, 0xfe, 0x40, 0x0,

    /* U+5200 "刀" */
    0x9, 0xff, 0xff, 0xe0, 0x38, 0x5d, 0xf1, 0x2d,
    0xdf, 0x10, 0x0, 0x91, 0x30, 0x6a, 0x27, 0x0,
    0x80, 0x78, 0x88, 0x1, 0xff, 0xc0, 0x10, 0x10,
    0xe, 0x33, 0x0, 0x72, 0x2, 0x0, 0x70, 0x88,
    0x3, 0xb0, 0xc0, 0x3f, 0xf8, 0x28, 0x80, 0xe,
    0x10, 0x70, 0xc, 0xa5, 0x40, 0x1c, 0x60, 0x40,
    0x10, 0xdb, 0x10, 0x7, 0x30, 0x8, 0x0, 0x70,
    0xe4, 0x3, 0xc6, 0x20, 0x5, 0xf0, 0xc0, 0x8,
    0x55, 0x16, 0x5c, 0x6, 0xdf, 0x4, 0x2, 0x1b,
    0xb5, 0x14, 0x0, 0xf4, 0x88, 0x7, 0x77, 0xfb,
    0x4, 0x0,

    /* U+5206 "分" */
    0x0, 0xc3, 0xa6, 0x0, 0x2d, 0x10, 0xf, 0xd2,
    0x26, 0x0, 0x26, 0xb0, 0xf, 0x89, 0xfc, 0x3,
    0x4a, 0xa8, 0x3, 0xde, 0xa6, 0x1, 0x8a, 0x28,
    0xc0, 0x35, 0x85, 0x80, 0x79, 0xd3, 0x48, 0x7,
    0x16, 0xc8, 0xcf, 0xef, 0x2c, 0x32, 0x1c, 0x9c,
    0xcf, 0xd7, 0x88, 0x47, 0xa5, 0xff, 0x14, 0x7f,
    0xd4, 0x21, 0x42, 0x1, 0xc2, 0x48, 0x1, 0x19,
    0x80, 0x3f, 0x30, 0x98, 0x4, 0x22, 0x0, 0xf8,
    0x66, 0x40, 0x1b, 0x98, 0x3, 0xc3, 0x84, 0xe0,
    0x18, 0x88, 0x1, 0xcd, 0xe1, 0xa0, 0x3, 0x23,
    0x4d, 0x0, 0xcf, 0x13, 0xa2, 0x0, 0xdd, 0x62,
    0x28, 0x6, 0x7e, 0x70, 0xd, 0xdf, 0xeb, 0x0,
    0xc0,

    /* U+5207 "切" */
    0x0, 0x62, 0x80, 0x7f, 0xf1, 0x6b, 0xff, 0xf0,
    0x7, 0xaf, 0xb4, 0x2f, 0xb9, 0x40, 0x18, 0xcc,
    0xd0, 0x24, 0xc, 0x23, 0x92, 0x4e, 0x77, 0x42,
    0x30, 0x18, 0x0, 0x40, 0xc0, 0x67, 0xae, 0x4,
    0xc0, 0x40, 0x6, 0x67, 0x92, 0x30, 0xc, 0xe2,
    0x1, 0x84, 0x3, 0xf1, 0x28, 0x4, 0x20, 0x1e,
    0x3c, 0xc, 0x30, 0xb, 0xdc, 0x2, 0x30, 0x60,
    0x24, 0xb0, 0x8, 0x44, 0x0, 0x59, 0xfa, 0xbb,
    0x19, 0x80, 0x22, 0x30, 0x4, 0xee, 0xc8, 0xd0,
    0x1, 0x9b, 0x80, 0x22, 0x23, 0x6b, 0x20, 0x19,
    0x98, 0x90, 0x3, 0xd, 0x34, 0x80, 0x3b, 0x25,
    0x8c, 0x3, 0xf, 0x40, 0x5, 0xbf, 0xe9, 0x0,

    /* U+5217 "列" */
    0xf, 0xff, 0xb8, 0x3, 0x2e, 0x87, 0x71, 0xcb,
    0xba, 0xf5, 0x90, 0xe, 0x11, 0x22, 0x88, 0xe3,
    0x50, 0xf, 0x9, 0x8b, 0x34, 0x20, 0x1f, 0x9c,
    0x4b, 0x75, 0x24, 0x1, 0xfa, 0x21, 0x76, 0x80,
    0x30, 0xf, 0xa0, 0x40, 0x2b, 0x40, 0xf, 0x91,
    0xe2, 0x16, 0x2b, 0xa0, 0x1f, 0x35, 0x3f, 0x8f,
    0x9b, 0x0, 0x7c, 0x4a, 0x3, 0x47, 0x20, 0x1f,
    0xfc, 0x8, 0x7, 0x0, 0x36, 0x0, 0x7c, 0xcf,
    0xe0, 0x1f, 0xe1, 0xa9, 0xb2, 0x0, 0xe2, 0x28,
    0x0, 0xad, 0xa8, 0x1, 0xed, 0xd4, 0xd8, 0x26,
    0x10, 0x7, 0xdf, 0xee, 0x60,

    /* U+5219 "则" */
    0x3, 0xff, 0xf7, 0x0, 0x64, 0xe0, 0x0, 0xf7,
    0x6a, 0x0, 0x26, 0x80, 0x78, 0x4e, 0x85, 0x80,
    0x3f, 0xe1, 0x50, 0xf, 0xff, 0x73, 0x98, 0x7,
    0xff, 0x4, 0x44, 0x1, 0xfe, 0x14, 0xc, 0x40,
    0x17, 0x0, 0xf8, 0xa8, 0x5b, 0x5c, 0xa4, 0x1a,
    0x80, 0x3d, 0xac, 0xf5, 0x60, 0x2, 0x70, 0xc,
    0x58, 0x32, 0x5a, 0xf8, 0x0, 0x33, 0x60, 0x3,
    0x97, 0x40, 0x2c, 0xa0, 0x6, 0xe3, 0x48, 0x64,
    0x80, 0x73, 0x0, 0x3b, 0xf9, 0xc0,

    /* U+521A "刚" */
    0xdf, 0xff, 0x88, 0x2, 0xd4, 0xa, 0xee, 0xb7,
    0x80, 0x5, 0xa0, 0x18, 0x4c, 0x45, 0xc4, 0x20,
    0x3, 0x0, 0xc5, 0x82, 0x22, 0x30, 0xf, 0xc5,
    0x30, 0xee, 0x0, 0xff, 0x3b, 0xaf, 0x40, 0x3f,
    0xe8, 0x24, 0x0, 0xff, 0x84, 0xc, 0x3, 0xfe,
    0x95, 0x90, 0xf, 0xf2, 0xaa, 0xd4, 0x40, 0x3f,
    0xc, 0x78, 0xb2, 0x80, 0xb, 0x80, 0x37, 0xb2,
    0x4, 0xa0, 0x7, 0xee, 0xa0, 0x8, 0x44, 0x0,
    0x11, 0x18, 0x4, 0x20, 0x3f, 0xc8, 0x41, 0x5c,
    0x4b, 0xa8, 0x0, 0x1f, 0xf5, 0x80, 0x2f, 0xf0,
    0x40,

    /* U+521B "创" */
    0x0, 0xff, 0xe3, 0xce, 0x0, 0x7d, 0xc8, 0x1,
    0x1b, 0x12, 0x80, 0x4e, 0x20, 0x1c, 0x3d, 0x3b,
    0x6a, 0x0, 0x92, 0x0, 0xc3, 0x8e, 0xc7, 0x54,
    0x40, 0xf, 0x17, 0xb5, 0x0, 0x12, 0x68, 0x40,
    0x39, 0xdc, 0x19, 0x9b, 0x74, 0x20, 0x1c, 0xb2,
    0xb7, 0x10, 0xb6, 0x30, 0xf, 0xe3, 0x44, 0x10,
    0x80, 0x7f, 0xf0, 0x49, 0xc0, 0x3f, 0xe2, 0x3c,
    0x30, 0xf, 0xf9, 0xfc, 0x64, 0x1, 0x24, 0x1,
    0xf2, 0xe5, 0x16, 0x3, 0x88, 0x7, 0x1e, 0x19,
    0xd2, 0x0, 0x11, 0x10, 0x80, 0x50, 0x9d, 0xd3,
    0x78, 0x3f, 0x69, 0xa0, 0x1, 0x73, 0x76, 0xc3,
    0x6, 0xff, 0x60, 0x0,

    /* U+521D "初" */
    0x0, 0xb9, 0x0, 0x3f, 0xf8, 0x8b, 0x55, 0xf4,
    0x82, 0x20, 0x4d, 0x1b, 0x30, 0x81, 0x98, 0x37,
    0x18, 0x81, 0xd5, 0xbb, 0x30, 0xfd, 0x99, 0x80,
    0x39, 0x95, 0x12, 0x0, 0xc, 0x3, 0x18, 0x4,
    0x51, 0x24, 0x0, 0x11, 0x0, 0xc, 0x3, 0x72,
    0x94, 0x80, 0x82, 0x80, 0x4, 0x40, 0x9, 0x34,
    0xba, 0x5, 0x11, 0x0, 0x4e, 0x14, 0x81, 0x26,
    0x40, 0x64, 0x1, 0x78, 0x2b, 0x60, 0x9d, 0xa0,
    0x55, 0x80, 0x42, 0x25, 0xc1, 0x0, 0x2b, 0xa1,
    0x30, 0x4, 0x46, 0x1, 0xf4, 0xb0, 0x80, 0x4d,
    0xc0, 0x1e, 0xb3, 0x80, 0x33, 0x29, 0x20, 0x7,
    0x2b, 0x60, 0x84, 0x65, 0x29, 0x80, 0x58, 0x8b,
    0xa4, 0x0, 0xbf, 0xf5, 0x0,

    /* U+5220 "删" */
    0x0, 0x7f, 0xce, 0xdf, 0xf0, 0x80, 0x7, 0x80,
    0x2f, 0x60, 0x3, 0x78, 0x1, 0x9c, 0x3, 0xc2,
    0x1, 0x84, 0x1, 0xe0, 0x1f, 0xfd, 0x57, 0x6,
    0x3d, 0xc5, 0x61, 0x70, 0xe, 0xc0, 0xc6, 0x77,
    0xe, 0x6, 0x0, 0x75, 0x5, 0x2d, 0x51, 0x68,
    0x6c, 0x3, 0xc2, 0x1, 0xbc, 0x3, 0xf1, 0x98,
    0x2, 0xf0, 0xf, 0xe1, 0x10, 0x4, 0x22, 0x0,
    0x9e, 0x40, 0x25, 0x50, 0x4, 0xaa, 0x0, 0x84,
    0x40, 0x16, 0xe1, 0x97, 0x99, 0x18, 0x80, 0x44,
    0x0, 0x75, 0x81, 0xd6, 0x2e, 0x61, 0xd, 0xc7,
    0xc, 0xb, 0xb2, 0xc9, 0xec, 0x80, 0x37, 0xe4,

    /* U+5225 "別" */
    0x4, 0xff, 0xf0, 0x80, 0x64, 0xe0, 0x1, 0x77,
    0x5a, 0x0, 0x2a, 0x0, 0xf8, 0x46, 0x30, 0x0,
    0xa0, 0x7, 0xff, 0x24, 0xb3, 0x2d, 0x0, 0xfe,
    0x5a, 0x60, 0x99, 0x50, 0x80, 0x7c, 0x2a, 0x6a,
    0xb8, 0x3, 0xfc, 0x4d, 0xff, 0x10, 0x7, 0xf2,
    0xd7, 0x68, 0x18, 0x7, 0xe1, 0x12, 0x89, 0x0,
    0x80, 0x7e, 0x63, 0x0, 0x10, 0x0, 0xf0, 0x3,
    0xd5, 0x60, 0x1, 0x10, 0x0, 0x80, 0x3a, 0x81,
    0xc4, 0x56, 0xa0, 0x11, 0x91, 0x80, 0xb7, 0x85,
    0x73, 0x78, 0x5, 0xba, 0x99, 0xe, 0x10, 0x5f,
    0xf2, 0x0, 0x5d, 0xfc, 0xe0,

    /* U+5229 "利" */
    0x0, 0xf8, 0xc0, 0x3f, 0x8d, 0x62, 0xff, 0xc2,
    0x1, 0x93, 0x83, 0x63, 0x54, 0xff, 0x5, 0x28,
    0x3, 0xb6, 0xe1, 0xbc, 0x2, 0x17, 0x0, 0xff,
    0xe3, 0x8e, 0xec, 0x93, 0xba, 0x70, 0xf, 0xc,
    0xca, 0xc1, 0xe6, 0x4a, 0x1, 0xf2, 0x23, 0xc0,
    0xd1, 0x4, 0x1, 0xf8, 0x9c, 0x96, 0x80, 0x3f,
    0xd1, 0x2d, 0x3, 0x82, 0x1, 0xf3, 0x23, 0x80,
    0x2d, 0x8c, 0x3, 0xc7, 0x3a, 0x1, 0xa8, 0x97,
    0x0, 0x31, 0xd1, 0x80, 0x7c, 0x20, 0x1c, 0xa0,
    0x1f, 0xc6, 0x46, 0x1, 0xff, 0xc0, 0xcd, 0x99,
    0x0, 0x6b, 0x70, 0xe, 0xff, 0x73, 0x80,

    /* U+522B "别" */
    0x4, 0xff, 0xf0, 0x80, 0x64, 0xe0, 0x1, 0x77,
    0x5a, 0x1, 0x51, 0x0, 0x70, 0x8e, 0x20, 0x9,
    0x4, 0x3, 0xff, 0x90, 0x55, 0x58, 0x3, 0xf9,
    0xa4, 0x8c, 0xb6, 0x4, 0x3, 0xe2, 0x78, 0x69,
    0x77, 0x0, 0x7e, 0xab, 0xc0, 0xdb, 0xb2, 0x0,
    0x7d, 0xdf, 0x63, 0x1e, 0xa0, 0x1f, 0x91, 0x0,
    0x89, 0x3, 0x80, 0x7f, 0x5e, 0x0, 0x4, 0x41,
    0x86, 0x1, 0xca, 0x4c, 0x2, 0x6, 0x4, 0x1,
    0xcb, 0x56, 0x49, 0x22, 0x20, 0x1, 0x10, 0xc0,
    0x11, 0x4a, 0x32, 0x96, 0x1, 0x6e, 0xa6, 0x41,
    0xaa, 0x7, 0xb8, 0xa0, 0x17, 0xfb, 0x9c,

    /* U+5230 "到" */
    0x2f, 0xff, 0xc0, 0x19, 0x38, 0xbb, 0x86, 0xbd,
    0xd8, 0xac, 0x3, 0x84, 0xe, 0x47, 0x48, 0x44,
    0x80, 0x1e, 0x72, 0x30, 0x9d, 0x10, 0xf, 0xc,
    0x58, 0x55, 0xc8, 0xc0, 0x7, 0xc4, 0x8a, 0x59,
    0x34, 0xca, 0x1, 0xc3, 0x53, 0x5, 0xea, 0xae,
    0x50, 0xf, 0x84, 0x40, 0x1, 0x18, 0x3, 0xeb,
    0xee, 0x2b, 0xf7, 0x20, 0x3, 0xeb, 0xff, 0x2b,
    0xff, 0xa0, 0x3, 0xff, 0x86, 0x7a, 0x1, 0xfc,
    0x4d, 0x14, 0x4, 0x1, 0x8f, 0x3b, 0xd5, 0x34,
    0x74, 0x0, 0x67, 0x8a, 0xeb, 0x7f, 0xae, 0x5c,
    0x1, 0xb9, 0x34, 0x2e, 0x84, 0x1, 0xf7, 0x7f,
    0x38,

    /* U+5236 "制" */
    0x0, 0xe1, 0x0, 0xff, 0xe0, 0x42, 0x97, 0x0,
    0x7c, 0x5e, 0x1, 0x30, 0x30, 0x11, 0x40, 0xf,
    0x20, 0xc, 0x83, 0x56, 0x1b, 0xb1, 0x80, 0x7d,
    0x10, 0xfd, 0xf, 0xf8, 0xc0, 0x3f, 0xa, 0xa8,
    0x15, 0x64, 0x0, 0xf9, 0xf7, 0xac, 0x3b, 0xb0,
    0x7, 0xd7, 0x77, 0x5, 0xdd, 0x40, 0x1f, 0x1c,
    0xcc, 0x13, 0x31, 0x0, 0x7c, 0xc9, 0xc6, 0x1d,
    0xc7, 0x60, 0xf, 0xcc, 0xf4, 0xe, 0xe2, 0x0,
    0x8, 0x7, 0xff, 0xf, 0x88, 0x3, 0xfe, 0x10,
    0xf, 0xfe, 0x9, 0xf9, 0xa8, 0x11, 0xa0, 0x4,
    0xb6, 0x1, 0x1f, 0xf0, 0x83, 0xe4, 0xb0, 0x7,
    0x17, 0x80, 0x72, 0xff, 0xa4, 0x0,

    /* U+5237 "刷" */
    0x1, 0xff, 0xf8, 0x80, 0xc0, 0xf8, 0x2, 0xee,
    0xe0, 0x1, 0xe8, 0x7, 0x84, 0x78, 0x3, 0xfc,
    0x45, 0xc0, 0x1f, 0xec, 0xcb, 0x70, 0x40, 0x3f,
    0xbb, 0x9e, 0x3d, 0xc2, 0x0, 0xf1, 0x84, 0xf7,
    0x8f, 0x70, 0xc0, 0x3e, 0x13, 0x8d, 0x1c, 0x20,
    0xf, 0x84, 0xc0, 0x88, 0x4, 0x1, 0xf9, 0x84,
    0x3, 0xff, 0x82, 0x4c, 0x1, 0xf1, 0xf0, 0x6,
    0xcc, 0x0, 0x69, 0x31, 0x0, 0xe1, 0x47, 0x95,
    0x0, 0x47, 0x10, 0x9, 0xa0, 0xc, 0x89, 0x88,
    0x0, 0x44, 0x0, 0x2c, 0x96, 0x6, 0x0, 0x87,
    0x80, 0x31, 0xff, 0x40,

    /* U+523B "刻" */
    0x0, 0xd1, 0x20, 0x1f, 0x2e, 0x8c, 0xcc, 0xa9,
    0x33, 0xe, 0x90, 0x6, 0x11, 0x19, 0x20, 0x8c,
    0x4, 0x1, 0x86, 0x20, 0xcf, 0x32, 0x88, 0x8,
    0x7, 0x9a, 0x5e, 0x3, 0x60, 0x3, 0xf6, 0x37,
    0x84, 0xc, 0x0, 0x7e, 0xa8, 0xb9, 0x6f, 0x0,
    0xff, 0x3a, 0x3e, 0x94, 0xd8, 0x7, 0xc5, 0x8d,
    0x86, 0xaf, 0x40, 0x1f, 0x62, 0xe1, 0x2d, 0x68,
    0x80, 0x7d, 0xf2, 0x2d, 0x46, 0x60, 0x7, 0x90,
    0x6, 0x11, 0x5c, 0x48, 0xd8, 0x7, 0xe7, 0xe0,
    0xf6, 0xc6, 0xc0, 0x1, 0x13, 0x40, 0xae, 0xac,
    0x40, 0x71, 0x40, 0x1d, 0xad, 0x65, 0x8a, 0x1,
    0x86, 0x40, 0x19, 0xfc, 0xc0,

    /* U+5242 "剂" */
    0x0, 0xff, 0xe3, 0xc5, 0x0, 0x7c, 0x5c, 0xc,
    0xd7, 0xac, 0x33, 0x14, 0x8, 0x3, 0x77, 0x5e,
    0xe3, 0x38, 0x49, 0xe0, 0x1a, 0x0, 0x13, 0x0,
    0x74, 0xe0, 0x1f, 0x48, 0x7d, 0x3f, 0x0, 0x7f,
    0xd, 0x93, 0x85, 0x8, 0x7, 0x86, 0x37, 0x55,
    0xbe, 0x5e, 0x80, 0x1c, 0x21, 0xca, 0xe0, 0x15,
    0x28, 0x7, 0xa0, 0xd0, 0x0, 0x68, 0x81, 0x0,
    0xfe, 0x10, 0xf, 0x8, 0x7, 0x18, 0x80, 0x79,
    0x30, 0x3, 0xa9, 0x0, 0x3f, 0xf8, 0xe, 0xeb,
    0x0, 0xf8, 0x44, 0xe0, 0x57, 0x82, 0x1, 0xf5,
    0x75, 0xc9, 0x61, 0x0, 0x45, 0xc0, 0x15, 0xff,
    0x38,

    /* U+524A "削" */
    0x18, 0x1, 0xf1, 0x8, 0x50, 0xd, 0xc8, 0x2c,
    0x80, 0x10, 0xbb, 0xb, 0x0, 0x73, 0x70, 0x4,
    0xc8, 0x65, 0x0, 0x1d, 0x58, 0x60, 0x1, 0x80,
    0xf, 0xdd, 0x3a, 0x1d, 0x3a, 0x1, 0xfd, 0x3d,
    0xd5, 0x0, 0x7f, 0xf0, 0x84, 0x3, 0xfd, 0x3d,
    0xd5, 0x80, 0x7f, 0xab, 0xfe, 0xc0, 0xf, 0xf5,
    0xee, 0xdc, 0x1, 0xfe, 0x9e, 0xea, 0xc0, 0x7,
    0xe0, 0x1e, 0x23, 0x39, 0x40, 0x21, 0x0, 0xfc,
    0x26, 0x80, 0x10, 0x99, 0x85, 0xc1, 0xc0, 0x7,
    0xd7, 0x20, 0x5, 0xcc, 0x19, 0x82, 0xd4, 0xb,
    0x71, 0xc0, 0x9, 0xfe, 0xc0,

    /* U+524D "前" */
    0x0, 0x89, 0x0, 0x3c, 0x86, 0x1, 0xe1, 0xb4,
    0x0, 0xc3, 0x6a, 0x1, 0xe3, 0x78, 0x0, 0xd0,
    0x6c, 0x1, 0x17, 0xfc, 0xe7, 0xff, 0x98, 0xff,
    0xe2, 0x26, 0xef, 0xff, 0x8, 0x80, 0x84, 0x78,
    0x8, 0xba, 0xc8, 0x0, 0x59, 0xdd, 0x6c, 0x82,
    0xe0, 0xb, 0x8, 0x6, 0xdd, 0xa4, 0x3, 0xff,
    0x81, 0x33, 0x58, 0x7, 0xff, 0x3, 0x32, 0x60,
    0xf, 0xfe, 0x2, 0xad, 0xa0, 0x1f, 0xfc, 0xe,
    0xea, 0x0, 0x3f, 0xf8, 0x1d, 0xd4, 0x0, 0x1e,
    0x80, 0x3f, 0xef, 0x0, 0x13, 0x92, 0x80, 0x7c,
    0x9e, 0xda, 0x0, 0x5d, 0xb5, 0x10, 0x1, 0x78,
    0x27, 0xf3, 0x0, 0x13, 0xfd, 0x40, 0x0,

    /* U+5264 "剤" */
    0x0, 0xc2, 0x40, 0x1f, 0xfc, 0x14, 0xf0, 0xf,
    0x8f, 0x87, 0xfe, 0xa2, 0xff, 0xae, 0x5c, 0x2,
    0x1e, 0x81, 0xce, 0x91, 0xba, 0xf, 0x0, 0xc2,
    0xf3, 0xb3, 0x1a, 0x82, 0x1, 0xf1, 0x0, 0x1c,
    0xd0, 0x80, 0x3c, 0x7b, 0x9d, 0xbf, 0x17, 0xb2,
    0x1, 0xc7, 0x2f, 0x86, 0xb, 0x4d, 0x0, 0x1e,
    0x42, 0x8b, 0xbc, 0x62, 0x1, 0xf9, 0x3f, 0xe7,
    0x0, 0xfe, 0x7e, 0x44, 0x88, 0x3, 0xf8, 0xa3,
    0xfe, 0x70, 0x4, 0xc0, 0x6, 0x21, 0xdf, 0xfa,
    0x0, 0x3f, 0x59, 0x90, 0x7, 0xc4, 0x44, 0x1,
    0x4e, 0x0, 0xfd, 0x1b, 0x32, 0x1d, 0x20, 0xc,
    0xf4, 0x0, 0xaf, 0xe7,

    /* U+5269 "剩" */
    0x0, 0x84, 0xd1, 0xeb, 0x48, 0x3, 0xcf, 0xfd,
    0x97, 0x47, 0x4, 0x1, 0x1f, 0x3, 0xff, 0x70,
    0x3e, 0x54, 0x1, 0x64, 0x0, 0x1c, 0xc6, 0xe8,
    0x3f, 0x32, 0x35, 0x10, 0x0, 0xff, 0x92, 0x2,
    0x13, 0xfc, 0x40, 0x1c, 0x44, 0x64, 0x7, 0x63,
    0x1, 0x0, 0xea, 0xc1, 0x0, 0x87, 0x6c, 0x3,
    0xd7, 0xa2, 0x1, 0xe, 0x40, 0x7, 0xa7, 0x4,
    0x3, 0xc, 0x18, 0x7, 0x67, 0xa, 0x0, 0xbe,
    0xa1, 0x80, 0x72, 0x97, 0xd0, 0x6f, 0xee, 0x0,
    0x7e, 0xd6, 0xa, 0xba, 0x10, 0xc3, 0x0, 0x87,
    0x1e, 0x1, 0xb4, 0x74, 0x8, 0x2, 0x1f, 0x6b,
    0x0, 0xd7, 0xc0, 0x22, 0x50, 0x1a, 0xa0, 0x7,
    0x88, 0x27, 0xa1, 0x81, 0x0, 0x2f, 0x20, 0xd,
    0x1f, 0xd0,

    /* U+526A "剪" */
    0x0, 0xca, 0x1, 0xc2, 0xa0, 0x1f, 0xa6, 0x0,
    0x35, 0x60, 0x7, 0x66, 0x44, 0xf9, 0x96, 0xa2,
    0x33, 0x20, 0x7, 0x7f, 0xb7, 0x3f, 0xb9, 0xfb,
    0xf1, 0x3c, 0x0, 0x2f, 0xef, 0xf6, 0xa9, 0x78,
    0x11, 0x3c, 0x80, 0x35, 0xac, 0x38, 0x7, 0xff,
    0x1, 0x6c, 0xc0, 0x3f, 0xf8, 0x2b, 0x3c, 0x1,
    0xff, 0xc1, 0x5b, 0xa3, 0x0, 0x79, 0x1f, 0x0,
    0x75, 0x10, 0x36, 0xb0, 0x10, 0x20, 0x40, 0x5,
    0x37, 0x9b, 0x15, 0x9b, 0xb5, 0x2f, 0x80, 0x51,
    0x99, 0x99, 0xf3, 0x35, 0x98, 0x4, 0x23, 0x99,
    0x60, 0x47, 0x1, 0x0, 0x63, 0x6c, 0xac, 0x20,
    0xd, 0xa8, 0x1, 0x77, 0xfa, 0x34, 0x80, 0x15,
    0xfe, 0x7a, 0x0, 0xbb, 0x25, 0x0, 0x35, 0x7f,
    0xb0, 0x80, 0x0,

    /* U+5272 "割" */
    0x0, 0xd1, 0x20, 0x1f, 0x1f, 0xf, 0xf7, 0x1d,
    0xbb, 0x9e, 0x94, 0x40, 0x1d, 0xdc, 0xba, 0xee,
    0x18, 0x20, 0x80, 0x65, 0x77, 0x7c, 0xbb, 0x99,
    0x80, 0x1c, 0x36, 0x66, 0x17, 0x33, 0x41, 0x0,
    0x7d, 0xfe, 0x75, 0xff, 0x0, 0x7e, 0x1a, 0xa2,
    0xa5, 0x50, 0x80, 0x3c, 0x39, 0xba, 0x64, 0xdd,
    0x60, 0x80, 0x70, 0xf7, 0x59, 0x8e, 0xe8, 0x40,
    0x3e, 0xcc, 0xf2, 0x1, 0x80, 0x78, 0x7b, 0xb2,
    0x80, 0x34, 0xc0, 0x3f, 0xf9, 0x37, 0x79, 0x40,
    0x23, 0x32, 0x0, 0x68, 0x8c, 0x86, 0x0, 0xcc,
    0x4c, 0x80, 0xbc, 0xcf, 0x52, 0x80, 0x3f, 0xdc,
    0xe0,

    /* U+529B "力" */
    0x0, 0xe3, 0xf0, 0xf, 0xfe, 0xbb, 0xff, 0xec,
    0xf, 0xff, 0x4a, 0xdd, 0xe7, 0xb, 0xbe, 0x40,
    0x24, 0x4d, 0xe6, 0x89, 0xc0, 0x20, 0x1d, 0xac,
    0x1, 0xcf, 0xe0, 0x18, 0x57, 0xc0, 0x38, 0x44,
    0x1, 0x9c, 0x54, 0x3, 0x8c, 0x80, 0x21, 0x86,
    0x0, 0xf0, 0xb8, 0x5, 0xa1, 0x0, 0x1c, 0x40,
    0x40, 0x9, 0x3d, 0x0, 0xf2, 0x8, 0x8b, 0x1b,
    0xc, 0x2, 0x33, 0xad, 0x2, 0x3, 0x4c, 0x3,
    0x7e, 0x60, 0x60, 0x2b, 0x8, 0x3, 0xb3, 0xfd,
    0x84, 0x0,

    /* U+529F "功" */
    0x0, 0xfe, 0x3f, 0x0, 0xf4, 0x47, 0x38, 0x7,
    0xfb, 0xfc, 0xa7, 0xe2, 0x1, 0xfe, 0x77, 0x36,
    0x3b, 0xbf, 0xd8, 0x1f, 0xf8, 0x80, 0x3c, 0x39,
    0x88, 0x1c, 0xc5, 0x81, 0x80, 0x7c, 0x66, 0x5,
    0x33, 0x28, 0x7, 0xfd, 0xc4, 0x0, 0x30, 0x10,
    0xf, 0xe5, 0xe0, 0x0, 0x80, 0x7b, 0xd2, 0x4,
    0x46, 0xa0, 0x7, 0x10, 0x1, 0xba, 0xbd, 0x10,
    0x31, 0x10, 0x0, 0x26, 0x5, 0x97, 0x39, 0xd4,
    0x11, 0x60, 0x11, 0x8, 0x17, 0x63, 0x98, 0x2,
    0x8d, 0x80, 0x2e, 0x60, 0x0, 0x80, 0x45, 0xad,
    0xc0, 0x44, 0x37, 0xc0, 0xf, 0x43, 0xe9, 0x5,
    0x6e, 0x13, 0x80, 0x7a, 0xa8, 0x1, 0x47, 0xfb,
    0x4, 0x0,

    /* U+52A0 "加" */
    0x0, 0xb9, 0x0, 0x3f, 0xf8, 0xe6, 0x7e, 0x3,
    0x30, 0x11, 0x9c, 0x1b, 0xbd, 0xc3, 0x98, 0x19,
    0xcc, 0x68, 0x3, 0x7b, 0x96, 0x3, 0xfe, 0xc,
    0xfb, 0x30, 0xf, 0xf8, 0x40, 0x40, 0x3f, 0xc2,
    0x6, 0x1, 0xff, 0xc0, 0x20, 0x10, 0x31, 0x0,
    0xfe, 0x63, 0x0, 0xff, 0xe0, 0xe2, 0x80, 0x5,
    0xc0, 0x3f, 0x9f, 0x0, 0x1e, 0x20, 0x1f, 0x90,
    0x54, 0x0, 0x46, 0x0, 0x53, 0x36, 0x80, 0x25,
    0xc0, 0x8d, 0x3c, 0x1, 0x39, 0x87, 0x4, 0x8,
    0xc, 0xc1, 0x38, 0x3, 0x3f, 0xd4, 0xc9, 0xa0,
    0xe, 0xfc, 0x10, 0xe3, 0x0, 0x2d, 0x80,

    /* U+52A1 "务" */
    0x0, 0xe1, 0x81, 0x0, 0xff, 0xe0, 0xd9, 0x88,
    0x7, 0xff, 0x2, 0x55, 0x3f, 0xfd, 0x0, 0x18,
    0x6d, 0x9f, 0xbb, 0x94, 0xa4, 0x2, 0x3f, 0xb,
    0x57, 0x11, 0x1d, 0x3e, 0x8, 0x4, 0x77, 0x64,
    0xca, 0xca, 0xdc, 0xd1, 0x0, 0xe5, 0x15, 0x81,
    0x27, 0xd, 0x63, 0x10, 0x0, 0xe7, 0xf4, 0x4,
    0xf6, 0xed, 0x5b, 0xde, 0x43, 0x39, 0xfb, 0x29,
    0xc8, 0x4f, 0x9d, 0xfa, 0x40, 0xae, 0x89, 0x28,
    0x92, 0x27, 0x10, 0x5, 0x11, 0xac, 0x6a, 0x22,
    0x99, 0x0, 0x6c, 0xcb, 0x42, 0xb3, 0x32, 0xb8,
    0x7, 0x8b, 0x11, 0x0, 0x18, 0xf4, 0x3, 0x24,
    0xea, 0xd0, 0x6, 0x24, 0x40, 0x5, 0x94, 0x1b,
    0x0, 0x4, 0xff, 0x63, 0x98, 0x5, 0x9d, 0x24,
    0x1, 0x27, 0xfb, 0xa0, 0x2,

    /* U+52A8 "动" */
    0x0, 0x8, 0xf8, 0x1, 0x6c, 0x1, 0xd1, 0xdd,
    0xd0, 0x0, 0x70, 0xf, 0x47, 0xff, 0x48, 0x7,
    0xff, 0x12, 0x68, 0xaa, 0xb0, 0x81, 0x17, 0xc2,
    0x60, 0xe6, 0x65, 0x1, 0xdd, 0xf6, 0x44, 0x87,
    0xcc, 0x0, 0x7, 0xf8, 0x37, 0xfd, 0xc0, 0x1,
    0x60, 0x30, 0x10, 0x2, 0x9, 0x11, 0xc0, 0x4,
    0x4, 0x1, 0xef, 0x70, 0x38, 0x10, 0x72, 0x0,
    0x8, 0x80, 0x25, 0xb0, 0x15, 0x60, 0xc7, 0x0,
    0x39, 0x80, 0x18, 0x56, 0xb5, 0x68, 0x1f, 0xc0,
    0x4, 0x20, 0xa, 0xd, 0xce, 0xf1, 0x60, 0x50,
    0x7, 0x30, 0x3, 0x7a, 0x98, 0xc3, 0x62, 0x48,
    0x86, 0xba, 0x0, 0x10, 0xe, 0x45, 0x7a, 0xdc,
    0x16, 0x0, 0xfc, 0xb6, 0x11, 0xfe, 0xc1, 0x0,

    /* U+52A9 "助" */
    0x2, 0xff, 0xe0, 0xa, 0xd8, 0x3, 0x87, 0xb9,
    0xa0, 0x19, 0xc0, 0x3e, 0x11, 0x10, 0x7, 0xff,
    0x0, 0x44, 0x40, 0xdb, 0xa3, 0x8d, 0xd8, 0x0,
    0x3d, 0xcd, 0x5, 0xbb, 0xb, 0xda, 0x90, 0x0,
    0x7f, 0xe0, 0x36, 0x60, 0x53, 0x58, 0x7, 0xfc,
    0x24, 0x0, 0x10, 0x0, 0xff, 0xc0, 0x11, 0x80,
    0x83, 0x80, 0x43, 0xdc, 0xd0, 0xa, 0xd0, 0x2,
    0x30, 0x8, 0x44, 0x40, 0x40, 0x9a, 0x0, 0x11,
    0x0, 0x48, 0xf4, 0x1a, 0xa4, 0xe0, 0x3, 0x72,
    0xf1, 0xac, 0xdc, 0xeb, 0x91, 0x0, 0x70, 0x9d,
    0xef, 0x5b, 0x8e, 0x2b, 0x89, 0x11, 0x74, 0x58,
    0x80, 0x2b, 0x7b, 0x4, 0xdd, 0x3, 0x0, 0x7a,
    0x68, 0x0, 0xbf, 0xed, 0x10,

    /* U+52B9 "効" */
    0x0, 0xd4, 0xe0, 0x18, 0xf0, 0x3, 0x88, 0xa1,
    0xe2, 0x28, 0x0, 0x40, 0x1d, 0x33, 0x1, 0x4c,
    0xa8, 0x3, 0xf5, 0xf1, 0xdd, 0x86, 0x7f, 0xd8,
    0x3f, 0xf0, 0x80, 0x23, 0x80, 0x1b, 0xed, 0xb0,
    0x5b, 0x80, 0x14, 0x3, 0x0, 0x1c, 0x18, 0x85,
    0x88, 0xc0, 0x4, 0xdc, 0x20, 0x9d, 0x26, 0x1c,
    0x20, 0x20, 0x25, 0xcb, 0xe7, 0xce, 0x88, 0x3,
    0xd0, 0xf, 0x34, 0xe2, 0xd0, 0x4, 0xa6, 0x6,
    0x1, 0xce, 0x60, 0xa0, 0x2, 0x14, 0x1, 0x10,
    0x6, 0x72, 0x99, 0x28, 0x42, 0x80, 0x1c, 0xc0,
    0x25, 0x8a, 0x6a, 0xc2, 0x59, 0x0, 0x10, 0x80,
    0x22, 0xa5, 0x1, 0x6f, 0x18, 0xc8, 0x71, 0x40,
    0x57, 0x18, 0x2, 0x55, 0x48, 0x77, 0x12, 0x80,
    0x74, 0xc0, 0x33, 0xd8, 0x3, 0x3f, 0x8c, 0x0,

    /* U+52BF "势" */
    0x0, 0xa6, 0x0, 0x37, 0x18, 0x7, 0xbb, 0xd9,
    0xfe, 0xff, 0xc3, 0x9f, 0xe4, 0x0, 0xbf, 0x95,
    0xba, 0xbb, 0x43, 0xb8, 0x60, 0x18, 0x40, 0x5,
    0x13, 0x94, 0x42, 0x20, 0xc, 0x3d, 0xc5, 0x60,
    0xc9, 0x60, 0x10, 0x0, 0x80, 0x6, 0xf5, 0x96,
    0x51, 0x84, 0x5e, 0x8c, 0x70, 0x40, 0x8c, 0x40,
    0x4, 0xc9, 0xc6, 0x3c, 0xa6, 0x30, 0x3f, 0x1a,
    0x1, 0x76, 0x8, 0x76, 0xb8, 0x10, 0x7, 0xf3,
    0x26, 0xa2, 0x79, 0x58, 0x0, 0x91, 0x19, 0xce,
    0x23, 0x55, 0x0, 0x26, 0xcc, 0xbc, 0x3f, 0x33,
    0x2f, 0x0, 0x78, 0xf6, 0x44, 0x3, 0x29, 0x0,
    0x64, 0xac, 0x96, 0x1, 0x10, 0x28, 0xa0, 0x0,
    0x7e, 0x4b, 0x9c, 0x0, 0xdd, 0xf7, 0x20, 0x10,
    0xf6, 0xc0, 0x80, 0x4f, 0xfe, 0xe6, 0x0, 0x80,

    /* U+52D5 "動" */
    0x0, 0xff, 0xe2, 0xdf, 0x6f, 0x64, 0x30, 0x81,
    0xf0, 0x7, 0x5f, 0x6a, 0x5c, 0x30, 0x80, 0x7c,
    0x3f, 0xf2, 0xc7, 0xfb, 0x80, 0x3e, 0x1f, 0xf9,
    0x63, 0xfd, 0xbd, 0xa3, 0xdd, 0x18, 0x46, 0xe9,
    0x67, 0x75, 0x56, 0xc3, 0x76, 0x10, 0x0, 0xc6,
    0xac, 0xed, 0x82, 0xf2, 0xac, 0x2, 0x0, 0x8c,
    0x49, 0xc8, 0x0, 0x70, 0x80, 0x7a, 0x31, 0x27,
    0x20, 0x0, 0x44, 0x0, 0x8c, 0x1, 0x78, 0x93,
    0x90, 0x0, 0x7c, 0x1, 0x1, 0x9, 0xec, 0x49,
    0xce, 0x92, 0x22, 0x81, 0x80, 0x53, 0xdc, 0x58,
    0xee, 0x4d, 0x20, 0x80, 0x80, 0x53, 0xdc, 0x58,
    0xec, 0xd7, 0x80, 0x3, 0x10, 0x2, 0x6b, 0x12,
    0x37, 0xed, 0x8c, 0x89, 0xee, 0x0, 0xfe, 0xff,
    0xb5, 0x1a, 0x42, 0x75, 0x24, 0x0, 0xc8, 0x62,
    0x0, 0x99, 0x0, 0x2f, 0xf8, 0xc0,

    /* U+52FF "勿" */
    0x0, 0xc6, 0x40, 0x1f, 0xfc, 0x1d, 0x50, 0xf,
    0xfe, 0x2, 0x8b, 0x0, 0x7f, 0xf0, 0x38, 0x3b,
    0xff, 0xf7, 0x0, 0xd, 0x2b, 0x14, 0xf3, 0x2,
    0xf9, 0x0, 0x17, 0xaa, 0x8d, 0xe8, 0xc8, 0x68,
    0xc8, 0xc2, 0xa, 0xc0, 0xc9, 0xc1, 0x44, 0x80,
    0xc4, 0x9e, 0x84, 0x21, 0x84, 0x35, 0x0, 0x2,
    0xe5, 0xc8, 0x6, 0x90, 0x0, 0x7f, 0x0, 0x78,
    0x80, 0x80, 0x39, 0xc4, 0x14, 0x14, 0x0, 0x46,
    0x1, 0x48, 0x40, 0x2, 0x58, 0x2, 0x11, 0x0,
    0x21, 0xbc, 0x0, 0xc5, 0x20, 0x13, 0x70, 0x2b,
    0xe1, 0x1, 0x44, 0x4, 0x2, 0x25, 0x5, 0xe3,
    0x1, 0xc4, 0x61, 0x33, 0x48, 0x18, 0x0, 0x40,
    0xa, 0xaa, 0x0, 0x66, 0x1e, 0x80,

    /* U+5305 "包" */
    0x0, 0xce, 0xc0, 0x1f, 0xfc, 0x12, 0x80, 0xf,
    0xfe, 0x14, 0x5, 0xee, 0xfe, 0x20, 0x8, 0xd6,
    0x26, 0x7e, 0x82, 0x0, 0x87, 0x95, 0xd1, 0x3f,
    0x1, 0x80, 0x34, 0x1f, 0xff, 0xb4, 0x0, 0x60,
    0x20, 0x41, 0x98, 0xee, 0xd2, 0x1, 0xf1, 0x60,
    0x8f, 0x88, 0x2, 0x10, 0xf, 0x11, 0x78, 0x2,
    0x61, 0x0, 0xc3, 0xba, 0xcc, 0xa0, 0x2, 0xd5,
    0x0, 0xf7, 0x77, 0x6d, 0xeb, 0xe8, 0x7, 0xff,
    0x2, 0x7b, 0x58, 0xc0, 0x3f, 0xe2, 0x32, 0x1c,
    0x10, 0x0, 0x83, 0x91, 0x7e, 0x81, 0x10, 0x5,
    0x17, 0xbb, 0xf9, 0x28, 0x0,

    /* U+5316 "化" */
    0x0, 0xff, 0xe4, 0x36, 0x82, 0x70, 0x7, 0xf8,
    0x62, 0xc0, 0x3f, 0xf8, 0x30, 0x6c, 0x1, 0xf1,
    0x0, 0x63, 0x6b, 0x0, 0xf9, 0xb5, 0x40, 0x3,
    0xa0, 0x40, 0x1c, 0x35, 0x32, 0x50, 0x1c, 0x20,
    0xf, 0x37, 0xe, 0xb0, 0x2, 0x43, 0x44, 0x3,
    0xd, 0xdc, 0x40, 0x14, 0xe0, 0x80, 0x70, 0xea,
    0x0, 0x70, 0x88, 0x3, 0xff, 0xc1, 0x46, 0x1,
    0xff, 0xc2, 0x77, 0x0, 0x7c, 0xe2, 0x82, 0x32,
    0x12, 0x80, 0x7c, 0x69, 0x7d, 0xd5, 0xb8, 0x80,
    0x58, 0x80, 0x15, 0xff, 0xf4, 0x0,

    /* U+5339 "匹" */
    0x4f, 0xff, 0xfe, 0x8, 0x80, 0xee, 0xc3, 0x3b,
    0xa0, 0xad, 0xd8, 0x40, 0x4, 0x50, 0x11, 0x40,
    0xe4, 0x50, 0x7, 0x85, 0xc0, 0x3f, 0xf8, 0x2,
    0x4, 0x1, 0xff, 0xc0, 0x51, 0x10, 0x7, 0xa4,
    0x3, 0xb5, 0x40, 0x3c, 0x2c, 0x1, 0x85, 0xa0,
    0x3, 0x30, 0x11, 0x0, 0x22, 0xf5, 0x30, 0x9,
    0x2f, 0xf1, 0x40, 0x34, 0xd0, 0x6, 0xbe, 0xea,
    0x0, 0x22, 0x70, 0xf, 0x8, 0xc0, 0x1f, 0xfc,
    0x61, 0xff, 0xff, 0xe0, 0x30, 0x3, 0x33, 0xff,
    0x80, 0xe0,

    /* U+533A "区" */
    0x4f, 0xff, 0xfe, 0x8, 0x80, 0xee, 0xfe, 0xbc,
    0xdd, 0x8, 0x0, 0x8b, 0xf5, 0x21, 0x10, 0x3,
    0x16, 0x98, 0x5, 0x26, 0xe0, 0x1e, 0x2a, 0xc8,
    0x3, 0x6e, 0x0, 0xfc, 0xf8, 0xd9, 0xce, 0x60,
    0x1f, 0xc7, 0xe4, 0x4c, 0x0, 0xff, 0xac, 0x1a,
    0xd0, 0x3, 0xfa, 0x93, 0x25, 0xed, 0x40, 0x3c,
    0x58, 0x98, 0x41, 0xf, 0x46, 0x1, 0xdc, 0x1e,
    0x40, 0x14, 0x49, 0x80, 0x76, 0xe0, 0x80, 0x73,
    0x0, 0x61, 0xfe, 0xff, 0xff, 0x30, 0x3, 0x33,
    0xff, 0x80, 0xe0,

    /* U+533F "匿" */
    0x4f, 0xff, 0xfe, 0x8, 0x80, 0xf7, 0x5b, 0x7d,
    0xcd, 0xbe, 0xe8, 0x40, 0xc4, 0xcc, 0xf4, 0x66,
    0x7a, 0x33, 0x8, 0x6, 0xfc, 0xa1, 0xcc, 0x58,
    0xe6, 0x10, 0x3, 0x6f, 0x61, 0x5f, 0x60, 0xf7,
    0x10, 0x3, 0x11, 0x6, 0xac, 0x83, 0x48, 0x82,
    0x1, 0xf, 0x73, 0xe0, 0xfb, 0x9f, 0xdc, 0x80,
    0x8, 0x73, 0x8, 0x5f, 0xbb, 0xb2, 0x40, 0x3a,
    0x58, 0xbb, 0x76, 0xe3, 0x0, 0xed, 0x27, 0x4c,
    0xcc, 0x40, 0x1e, 0xcb, 0xe6, 0x88, 0xc6, 0x1,
    0xe1, 0x7, 0x9c, 0xcd, 0x44, 0x1, 0x16, 0x65,
    0xb1, 0x1e, 0xdc, 0x60, 0x18, 0x8f, 0xfe, 0x2,
    0x0,

    /* U+5341 "十" */
    0x0, 0xfa, 0x68, 0x3, 0xff, 0xf8, 0x89, 0xe2,
    0x64, 0x4f, 0x8, 0xae, 0xfc, 0x87, 0x77, 0xe2,
    0x1f, 0xff, 0x32, 0xff, 0xf8, 0xc0, 0x3f, 0xff,
    0xe0, 0x1f, 0xfc, 0x90,

    /* U+5347 "升" */
    0x0, 0xff, 0xe5, 0x36, 0xb8, 0x3d, 0x80, 0x78,
    0x56, 0xbe, 0xe9, 0x80, 0x3f, 0x67, 0x4b, 0xae,
    0xb8, 0x80, 0x7e, 0xef, 0xc5, 0x0, 0xff, 0xe0,
    0x10, 0x7, 0xff, 0x48, 0xff, 0xe7, 0x5f, 0xfd,
    0x9, 0xff, 0x19, 0xb7, 0x64, 0x5d, 0xdc, 0xe7,
    0xbb, 0x18, 0x11, 0x4f, 0xa4, 0x5b, 0xdc, 0x8a,
    0x0, 0xc2, 0x68, 0x1, 0xff, 0xc1, 0x92, 0x30,
    0xf, 0xfe, 0x2, 0x3c, 0x80, 0x7f, 0xf0, 0x1e,
    0xdd, 0x0, 0x3f, 0xe1, 0xbb, 0x40, 0x7, 0xff,
    0x0, 0x71, 0x0, 0x3e, 0x7b, 0x0, 0xc0,

    /* U+5354 "協" */
    0x0, 0x17, 0x80, 0x72, 0x68, 0x7, 0xfc, 0xdd,
    0xcb, 0x2e, 0xea, 0x40, 0x3e, 0x6f, 0xf0, 0xd7,
    0xf9, 0x80, 0x24, 0x40, 0x22, 0x0, 0x58, 0xd4,
    0x44, 0x5c, 0x5, 0x50, 0x15, 0x0, 0xf3, 0xc0,
    0x22, 0x43, 0x2, 0xec, 0xe, 0xcc, 0xc6, 0x1b,
    0xe8, 0x80, 0xf, 0xa0, 0xc8, 0x1, 0x8b, 0x40,
    0x1f, 0x85, 0x0, 0x32, 0x8, 0x7, 0xdd, 0x47,
    0xfe, 0xaf, 0xf, 0xf2, 0x80, 0x77, 0x3c, 0x70,
    0xd5, 0x9f, 0x20, 0x80, 0x79, 0x10, 0x66, 0xc,
    0x40, 0x77, 0x0, 0x71, 0x19, 0x84, 0x40, 0xb6,
    0x2, 0x20, 0xe, 0xe7, 0x5, 0x68, 0x63, 0x2,
    0x30, 0xc, 0x4f, 0x17, 0x18, 0x74, 0xde, 0xa2,
    0x0, 0x2f, 0x2b, 0xb, 0xe6, 0xb1, 0x6f, 0xa0,

    /* U+5355 "单" */
    0x0, 0xcc, 0x1, 0xe6, 0x20, 0xf, 0xaa, 0x80,
    0x19, 0x24, 0x40, 0x3e, 0xe5, 0x40, 0xa, 0x5c,
    0xc0, 0x3a, 0x7b, 0x2, 0xbb, 0xa2, 0x6e, 0xb0,
    0xc, 0x6f, 0x9b, 0x8a, 0x99, 0xb8, 0xce, 0x1,
    0xc2, 0x45, 0x9, 0x91, 0x5c, 0x1, 0xe7, 0xff,
    0x95, 0xbf, 0xe9, 0x0, 0xf3, 0xff, 0xca, 0xdf,
    0xf4, 0x0, 0x78, 0x47, 0x0, 0x4, 0x60, 0xf,
    0x1b, 0x77, 0x4a, 0xdd, 0xd4, 0x38, 0x6, 0x9f,
    0xfc, 0xad, 0xff, 0xac, 0x0, 0x5d, 0xde, 0x56,
    0xee, 0xf1, 0x13, 0x33, 0xc8, 0xb9, 0x9e, 0x20,
    0x22, 0xf0, 0x99, 0x17, 0x80, 0x3f, 0xf8, 0xa0,

    /* U+5357 "南" */
    0x0, 0xfa, 0xa8, 0x1, 0xfb, 0xff, 0xca, 0xaf,
    0xff, 0x0, 0x37, 0x7c, 0x88, 0xdd, 0xf0, 0x0,
    0x8b, 0xc2, 0x22, 0x2f, 0x0, 0xb, 0xff, 0x95,
    0x5f, 0xfc, 0x60, 0x1b, 0xb8, 0xf9, 0xdc, 0xc7,
    0xee, 0x0, 0x78, 0x45, 0xf4, 0x22, 0xb1, 0x18,
    0x3, 0xe2, 0x35, 0x33, 0x3e, 0x90, 0x7, 0xeb,
    0x80, 0xdd, 0x1c, 0x40, 0x3, 0xf4, 0xe6, 0x1d,
    0xb3, 0x14, 0x1, 0xf0, 0xff, 0xcc, 0xff, 0xf0,
    0x80, 0x78, 0x7f, 0xe5, 0x7f, 0xf8, 0x40, 0x3f,
    0xc6, 0x1, 0x84, 0x3, 0xff, 0x82, 0xdf, 0xc6,
    0x60, 0x1, 0x78, 0x6, 0x98, 0x6, 0xff, 0x60,
    0x0,

    /* U+5358 "単" */
    0x0, 0xa, 0x0, 0xd, 0x80, 0x33, 0x18, 0x6,
    0x5b, 0x30, 0x19, 0x30, 0x2, 0x4b, 0x80, 0x64,
    0x68, 0x2, 0x5a, 0x0, 0x4b, 0xa0, 0x6, 0x84,
    0x6c, 0xc2, 0x23, 0x34, 0x96, 0x80, 0x31, 0x3f,
    0x7f, 0x95, 0xff, 0xb1, 0x58, 0x3, 0x88, 0xce,
    0x13, 0x3d, 0xc0, 0x1e, 0x7e, 0xe9, 0x5b, 0xba,
    0x90, 0xf, 0x3f, 0x74, 0xad, 0xdd, 0x40, 0x7,
    0xff, 0x24, 0xdf, 0xfe, 0x56, 0xff, 0xa1, 0xc0,
    0x34, 0xff, 0xe5, 0x6f, 0xfd, 0x60, 0x2, 0xee,
    0xf2, 0xb7, 0x77, 0x88, 0x9b, 0xbe, 0x45, 0xdd,
    0xf1, 0x1, 0x9f, 0x84, 0xcf, 0xe0, 0xf, 0xfe,
    0x28,

    /* U+5361 "卡" */
    0x0, 0xfb, 0x90, 0x3, 0xff, 0x86, 0x45, 0xc2,
    0x1, 0xfe, 0x9d, 0xdc, 0xc0, 0x1f, 0xea, 0xff,
    0xce, 0x1, 0xfe, 0x10, 0xf, 0xca, 0xbe, 0x1c,
    0x55, 0xf0, 0x14, 0x47, 0x81, 0xa2, 0x3c, 0x44,
    0xdd, 0xf0, 0xd6, 0xef, 0x88, 0x3, 0xf5, 0x51,
    0x44, 0x3, 0xff, 0x81, 0x3b, 0x3d, 0x6a, 0x1,
    0xfe, 0x37, 0xce, 0xcd, 0x0, 0xff, 0xe0, 0x8b,
    0xc0, 0x7, 0xff, 0x58,

    /* U+5370 "印" */
    0x0, 0xe2, 0x0, 0xff, 0x97, 0x35, 0x44, 0xcf,
    0xeb, 0xf8, 0x4d, 0x54, 0xcc, 0xed, 0x74, 0xdd,
    0x41, 0x0, 0xb, 0xfe, 0xb0, 0x0, 0x90, 0x7,
    0xff, 0x38, 0x7f, 0xf2, 0x80, 0x7f, 0x66, 0x64,
    0x0, 0xfc, 0x26, 0x78, 0x40, 0x3f, 0xfb, 0x3,
    0x55, 0x90, 0x2, 0x34, 0xc0, 0xb, 0x77, 0x38,
    0x4, 0xb6, 0xb2, 0xea, 0xef, 0x8c, 0x2, 0x6f,
    0xd7, 0x3a, 0x0, 0xff, 0xe0, 0x0,

    /* U+5371 "危" */
    0x0, 0xe2, 0x0, 0xff, 0xe1, 0x26, 0xb1, 0x14,
    0x20, 0x1f, 0x86, 0x86, 0x33, 0x1b, 0xe0, 0x1f,
    0xb5, 0x7b, 0xaf, 0x1b, 0x0, 0xf0, 0xe1, 0xb6,
    0xed, 0xe3, 0x1b, 0xb8, 0xcb, 0xc4, 0x3b, 0xb6,
    0xe7, 0x77, 0x11, 0x22, 0x44, 0xcf, 0xfe, 0x10,
    0x60, 0x8, 0xff, 0xfe, 0x10, 0xe, 0x30, 0x0,
    0xff, 0xec, 0x1, 0x0, 0xc4, 0x20, 0x1f, 0x38,
    0x80, 0x77, 0xa8, 0x7, 0x11, 0x34, 0x80, 0x39,
    0x3c, 0x3, 0xab, 0xd6, 0x0, 0x40, 0x6, 0x4e,
    0x1, 0xd1, 0xb8, 0x81, 0x4e, 0x1e, 0xc2, 0x0,
    0x13, 0x11, 0xe3, 0x53, 0x30, 0xc0, 0x0, 0xd7,
    0x3b, 0xbb, 0x11, 0x7, 0xa2, 0x1, 0x57, 0xff,
    0xd4, 0x0,

    /* U+5373 "即" */
    0x3, 0xff, 0xee, 0xe, 0xff, 0xdc, 0x0, 0x1e,
    0xea, 0x80, 0x28, 0xcc, 0x40, 0x6, 0x11, 0x98,
    0x2, 0x23, 0x38, 0x2, 0x13, 0x39, 0x40, 0x3f,
    0xee, 0xea, 0x0, 0x3f, 0xc3, 0xbb, 0x80, 0x3f,
    0xe2, 0x29, 0x80, 0x3f, 0xc3, 0xbb, 0x50, 0x7,
    0xf8, 0x7f, 0xdd, 0xfc, 0x1, 0xff, 0xc0, 0xc6,
    0x0, 0xff, 0xe0, 0xcc, 0x88, 0x2, 0x25, 0xd0,
    0xc, 0xb3, 0x20, 0xe0, 0xd, 0x4f, 0x25, 0xc3,
    0x23, 0x3a, 0x48, 0x0, 0x2f, 0xe7, 0x2e, 0xfc,
    0x84, 0x2c, 0x40, 0xf, 0x0,

    /* U+5374 "却" */
    0x0, 0xd6, 0xe0, 0x15, 0x7f, 0xee, 0x0, 0xff,
    0x3e, 0xea, 0x80, 0x11, 0xfe, 0x48, 0xff, 0x10,
    0x79, 0x10, 0x40, 0x13, 0xba, 0x37, 0xdd, 0x10,
    0x7, 0xc2, 0x44, 0x7f, 0x22, 0x0, 0x7e, 0x22,
    0x9f, 0xc8, 0x82, 0x1, 0xe2, 0xdd, 0x8d, 0xf7,
    0x54, 0x1, 0xe2, 0xff, 0x32, 0x7f, 0xd6, 0x1,
    0xfc, 0xfe, 0xa, 0x1, 0xfe, 0x40, 0x40, 0xb5,
    0x0, 0xfe, 0xe6, 0x0, 0x45, 0x80, 0x45, 0xf6,
    0xa3, 0x4a, 0xae, 0xf9, 0x15, 0x0, 0x15, 0xe5,
    0x8e, 0xcc, 0xb7, 0xbe, 0x7c, 0x2, 0x43, 0x0,
    0x3b, 0x21, 0x88, 0x35, 0x0, 0x78,

    /* U+5377 "卷" */
    0x0, 0xc2, 0x0, 0x61, 0x0, 0x8, 0x7, 0xcd,
    0x80, 0x52, 0x0, 0x2f, 0x50, 0xe, 0x39, 0x90,
    0x29, 0x88, 0x15, 0x5b, 0x0, 0x4b, 0x87, 0x7f,
    0x7, 0xff, 0x5a, 0x4b, 0x0, 0x36, 0xb3, 0xa4,
    0x37, 0x8a, 0x3a, 0xaf, 0x80, 0x10, 0xa0, 0xb,
    0x72, 0x1b, 0x90, 0x2, 0x40, 0xf, 0xfd, 0xc4,
    0xff, 0xe9, 0x1e, 0xff, 0x88, 0x7f, 0xd0, 0x39,
    0xff, 0xb8, 0x97, 0xfc, 0x40, 0x8, 0x85, 0x89,
    0x16, 0x3f, 0x7b, 0x10, 0x2c, 0x4d, 0x8c, 0xff,
    0xda, 0xb8, 0x3e, 0x44, 0xac, 0x20, 0xbd, 0xdc,
    0x24, 0x35, 0xa4, 0xc, 0x1, 0xcb, 0x98, 0x4,
    0x0, 0x18, 0x7, 0xe5, 0xee, 0x86, 0xd4, 0x3,
    0xc3, 0x84, 0x26, 0x61, 0x35, 0x10, 0xf, 0x4b,
    0xef, 0x76, 0xc5, 0x40, 0x0,

    /* U+5378 "卸" */
    0x0, 0xff, 0xe2, 0x97, 0x0, 0x7f, 0xf0, 0x54,
    0x80, 0x3a, 0xbf, 0xf8, 0x1, 0x67, 0xff, 0x90,
    0x1f, 0x75, 0x60, 0x5, 0x2d, 0x56, 0xee, 0x20,
    0x79, 0x11, 0x80, 0x11, 0x2, 0x31, 0x18, 0x3,
    0xf4, 0x21, 0x18, 0x91, 0x4, 0x3, 0xc3, 0x5b,
    0xa5, 0x6d, 0xd5, 0x0, 0x78, 0x7f, 0xe6, 0x7f,
    0xf5, 0x80, 0x7c, 0x38, 0x0, 0x11, 0x80, 0x3f,
    0x88, 0x0, 0xdf, 0xe1, 0x0, 0xff, 0x9f, 0xb8,
    0x20, 0x1f, 0xfc, 0x51, 0x45, 0x0, 0xe3, 0x34,
    0x5d, 0x0, 0x6, 0xa5, 0xcb, 0x47, 0xd8, 0x43,
    0xa4, 0x2, 0xee, 0x41, 0x7f, 0x7e, 0x54, 0x29,
    0x80, 0x78,

    /* U+5382 "厂" */
    0x0, 0x1a, 0x27, 0xfc, 0x60, 0xe, 0xbb, 0xff,
    0xbc, 0x2, 0x9f, 0xff, 0xf6, 0x0, 0x7f, 0xf8,
    0xcc, 0x3, 0xff, 0x84, 0x26, 0x1, 0xff, 0xc2,
    0x10, 0xf, 0xfe, 0x0, 0x83, 0x0, 0x7f, 0xf0,
    0x10, 0x8, 0x3, 0xff, 0x81, 0x88, 0x1, 0xff,
    0xc1, 0x6d, 0x0, 0xff, 0xe0, 0x20, 0xb0, 0x7,
    0xff, 0x1, 0x3c, 0x3, 0xff, 0x82,

    /* U+5386 "历" */
    0x2, 0xff, 0xff, 0xe0, 0x90, 0x5, 0x9b, 0xbf,
    0xf1, 0x0, 0x46, 0x45, 0x1c, 0x19, 0x17, 0x0,
    0x7e, 0x35, 0x0, 0xff, 0xe7, 0xf7, 0xfb, 0x43,
    0xbf, 0xf2, 0x0, 0x4, 0x1, 0xfd, 0xc9, 0x1e,
    0xec, 0xe, 0x0, 0x70, 0x0, 0x8d, 0xca, 0x23,
    0x80, 0x38, 0x40, 0x31, 0x98, 0x2, 0x10, 0x10,
    0x1, 0x18, 0x4, 0x29, 0x40, 0x11, 0x81, 0x0,
    0x39, 0xc0, 0x29, 0x32, 0x0, 0x98, 0x3, 0x1e,
    0x80, 0x11, 0xfc, 0x3, 0x11, 0x80, 0x5, 0x10,
    0xf, 0x72, 0x60, 0x44, 0x3a, 0x50, 0x1, 0x10,
    0xd6, 0x6d, 0x80, 0x11, 0xb8, 0x36, 0x0, 0x3d,
    0x5, 0xe4, 0x0, 0xab, 0xfd, 0xa4, 0x0,

    /* U+538B "压" */
    0x1, 0xff, 0xff, 0xe0, 0x98, 0x5, 0xbb, 0xff,
    0xc0, 0x30, 0x8, 0x8b, 0x85, 0x88, 0xb8, 0x3,
    0xfa, 0xf8, 0x3, 0xff, 0x96, 0x60, 0x2, 0x2e,
    0x12, 0x2c, 0x20, 0x1d, 0x9b, 0xb2, 0xa6, 0xee,
    0x70, 0x0, 0x80, 0x3b, 0xfe, 0x75, 0xff, 0xcc,
    0x0, 0x71, 0x0, 0xfd, 0x26, 0x1, 0x84, 0x80,
    0x3f, 0x66, 0x98, 0x4, 0x4c, 0x1, 0xf9, 0x67,
    0x80, 0x2d, 0xd0, 0x7, 0xf3, 0xe0, 0x4, 0xa8,
    0x85, 0x5c, 0x6c, 0xab, 0x22, 0x8a, 0x9, 0xfc,
    0xce, 0x70, 0x99, 0xe3, 0x4d, 0xb, 0xcc, 0xff,
    0x88,

    /* U+539A "厚" */
    0x0, 0x77, 0xff, 0xfd, 0xa0, 0x1a, 0x7b, 0xbf,
    0xd8, 0x1, 0x88, 0x9b, 0xbf, 0x88, 0x40, 0x3c,
    0x59, 0x9e, 0x17, 0x0, 0xf8, 0x73, 0x3c, 0x40,
    0x1f, 0x87, 0x33, 0xc4, 0x1, 0xe7, 0x0, 0x6e,
    0xf8, 0xc0, 0x38, 0x44, 0x7d, 0xbb, 0xee, 0x40,
    0x8, 0x40, 0xd3, 0xbb, 0xdf, 0xe2, 0x0, 0x88,
    0x5, 0x3b, 0xaf, 0x94, 0x7e, 0x20, 0x9, 0xd,
    0xf3, 0x3a, 0x19, 0x37, 0x30, 0x0, 0xc4, 0x6e,
    0xed, 0x63, 0xdd, 0xc0, 0x29, 0x42, 0x45, 0xc0,
    0x45, 0xc0, 0x4a, 0x40, 0x15, 0x7d, 0x38, 0x7,
    0x80,

    /* U+539F "原" */
    0x0, 0x77, 0xff, 0xff, 0x0, 0x40, 0x2a, 0xee,
    0xcc, 0x3d, 0xdc, 0x20, 0x10, 0x8f, 0x12, 0x8,
    0xf0, 0x7, 0x1f, 0x74, 0x8b, 0xdd, 0x68, 0x7,
    0x9c, 0x3b, 0x9f, 0xee, 0xe5, 0x98, 0x7, 0xc3,
    0x55, 0xe9, 0x0, 0xe1, 0x70, 0x4, 0xcf, 0xac,
    0x3, 0xc2, 0x2, 0x67, 0xe2, 0x0, 0xc2, 0x6,
    0xe1, 0xdc, 0xff, 0x77, 0x2c, 0xc0, 0x22, 0x1,
    0x3e, 0xde, 0xc1, 0xee, 0x66, 0x80, 0x48, 0x80,
    0x5, 0xc0, 0x6, 0x4c, 0x50, 0xb, 0xc, 0x29,
    0xec, 0x3, 0x26, 0xda, 0x80, 0xa5, 0xe0, 0xe0,
    0x1, 0x80, 0x23, 0xdb, 0x22, 0x29, 0xed, 0x83,
    0xfd, 0x38, 0x4, 0x7e, 0x40,

    /* U+53C2 "参" */
    0x0, 0xe2, 0x60, 0xf, 0xfe, 0x14, 0xe0, 0x5,
    0x68, 0x1, 0xf9, 0x99, 0x40, 0x17, 0xd4, 0x0,
    0x66, 0xcd, 0x93, 0xee, 0xbe, 0xc5, 0xec, 0x2,
    0x48, 0x9c, 0xd3, 0x6f, 0xef, 0xf9, 0x9c, 0x0,
    0x6a, 0xa2, 0x72, 0xb0, 0x0, 0x8d, 0xec, 0x5,
    0xdd, 0xac, 0x33, 0xbb, 0xb7, 0x8c, 0xbf, 0xdc,
    0x69, 0xfe, 0xdf, 0x54, 0xff, 0x8c, 0x0, 0x58,
    0xf6, 0x97, 0x23, 0x43, 0x82, 0x1, 0x46, 0xa1,
    0xf7, 0x3e, 0xc0, 0xe9, 0x7a, 0x1, 0x55, 0x93,
    0x2e, 0xa5, 0x7f, 0x40, 0x9c, 0x42, 0x5d, 0x30,
    0x27, 0xcf, 0xf9, 0xc9, 0xcf, 0x8, 0x3, 0x5f,
    0xfb, 0xa0, 0x5b, 0x40, 0x3f, 0x44, 0x9, 0x67,
    0xf3, 0xe, 0x1, 0xe7, 0xbd, 0xee, 0xb6, 0x8c,
    0x3, 0xe3, 0xee, 0x7d, 0xb9, 0x0, 0x78,

    /* U+53CA "及" */
    0x0, 0xff, 0xe2, 0xcf, 0xff, 0xf1, 0x80, 0x74,
    0x6e, 0x89, 0xf7, 0x6a, 0x3, 0x0, 0xe1, 0x22,
    0x9, 0x17, 0x80, 0x3f, 0x85, 0x0, 0x2d, 0x40,
    0xf, 0xe3, 0x14, 0x0, 0x23, 0x77, 0x4a, 0x1,
    0xc2, 0x5c, 0x4, 0x37, 0xb6, 0x2c, 0x1, 0x88,
    0x39, 0x48, 0x9e, 0x87, 0xa4, 0x60, 0x19, 0xc4,
    0xda, 0x40, 0x21, 0x7b, 0x0, 0xe9, 0x40, 0x85,
    0x60, 0x5, 0x9b, 0x0, 0x62, 0x3e, 0x1, 0xa9,
    0x58, 0x4d, 0x0, 0xe8, 0x34, 0x0, 0x24, 0x53,
    0xe8, 0x80, 0x65, 0x57, 0x80, 0x49, 0x42, 0x10,
    0x60, 0x11, 0xd4, 0x18, 0xb6, 0x5a, 0xf6, 0xbe,
    0x5b, 0x9, 0xc3, 0x83, 0x5d, 0xba, 0x0, 0xb2,
    0xca, 0xc, 0x1c, 0x0, 0xfa, 0xe2, 0x1, 0x92,
    0x78, 0x80,

    /* U+53CD "反" */
    0x0, 0x1f, 0xff, 0xfd, 0x0, 0x1d, 0xbb, 0xfe,
    0x90, 0xe, 0x22, 0xff, 0x8, 0x7, 0xff, 0x1d,
    0xc0, 0xcf, 0xf8, 0x3, 0xec, 0xcf, 0xe7, 0x0,
    0xe1, 0xf4, 0x7f, 0xfd, 0x80, 0xc0, 0x18, 0x48,
    0x3d, 0xc4, 0x2, 0x86, 0x10, 0xc, 0x4c, 0x8,
    0x70, 0x0, 0x54, 0xb0, 0xe, 0xe3, 0x0, 0x73,
    0x30, 0xea, 0x48, 0x3, 0x93, 0xc0, 0x5, 0x53,
    0xac, 0xc0, 0xe, 0x22, 0x20, 0x4, 0x40, 0x20,
    0x20, 0x1d, 0x64, 0x40, 0x6d, 0x9a, 0xc4, 0xf7,
    0x20, 0x9, 0xa1, 0x3e, 0x17, 0xd4, 0xf6, 0x6b,
    0x70, 0x1, 0xaa, 0x97, 0xd0, 0x20, 0x13, 0xee,
    0xbc, 0x0,

    /* U+53CE "収" */
    0x0, 0xef, 0x33, 0xfc, 0x40, 0x1, 0x80, 0x9,
    0xf3, 0x3e, 0xf0, 0x1, 0x30, 0x4, 0xfa, 0x5f,
    0xf9, 0xd0, 0x3, 0xf1, 0x10, 0xc0, 0x25, 0xc0,
    0xf, 0xe5, 0x40, 0x0, 0x92, 0x0, 0x7f, 0x65,
    0x80, 0x1c, 0x84, 0x3, 0xf9, 0xcc, 0xc1, 0x74,
    0x1, 0xfe, 0x15, 0x95, 0x26, 0x0, 0xf1, 0x80,
    0x68, 0x58, 0x71, 0x0, 0xd, 0x8f, 0xe8, 0x6,
    0x23, 0x29, 0x0, 0x89, 0x23, 0x38, 0x3, 0x31,
    0x84, 0x80, 0x47, 0x8e, 0x60, 0x19, 0xa6, 0x56,
    0xee, 0x0, 0xfc, 0xf5, 0x32, 0x64, 0xa8, 0xb2,
    0x0, 0xf0, 0xb6, 0x30, 0x1, 0x75, 0xc4,

    /* U+53D1 "发" */
    0x0, 0xf9, 0xd0, 0x0, 0x40, 0x1f, 0x55, 0x0,
    0x10, 0x40, 0xf, 0x80, 0xf, 0x2f, 0x1, 0x2,
    0x80, 0x3d, 0x98, 0x1, 0x98, 0x90, 0x1c, 0xc,
    0x0, 0x5a, 0x80, 0x1a, 0x4b, 0xfd, 0x41, 0xff,
    0xb3, 0x74, 0x1, 0x5e, 0x64, 0x2d, 0x99, 0xef,
    0x0, 0x90, 0xcc, 0xe3, 0x46, 0x7e, 0x20, 0xf,
    0x70, 0x67, 0xff, 0x20, 0x7, 0x8d, 0x42, 0xf7,
    0x68, 0x14, 0x0, 0xf7, 0x9b, 0x71, 0x15, 0x52,
    0x1, 0xe9, 0x2d, 0x96, 0x70, 0xa0, 0x70, 0xe,
    0x86, 0xb1, 0xd, 0x9c, 0x4c, 0x0, 0xc3, 0x6d,
    0x6a, 0x0, 0x23, 0x31, 0x18, 0x6, 0x37, 0xc4,
    0x4, 0xac, 0x5d, 0x5d, 0xa5, 0x0, 0x16, 0x10,
    0x6d, 0x16, 0xc1, 0x4e, 0x1d, 0xf9, 0x0, 0x6c,
    0xe8, 0x20, 0x8, 0xe7, 0xb4, 0x80,

    /* U+53D6 "取" */
    0x1f, 0xff, 0xac, 0x3, 0xe1, 0xd2, 0x9d, 0xd3,
    0x29, 0x5d, 0xf8, 0x0, 0x40, 0x45, 0x9, 0xf3,
    0x80, 0x4e, 0xa0, 0x18, 0x8a, 0x10, 0x42, 0xbb,
    0xa8, 0x80, 0x34, 0xee, 0x98, 0xc, 0x48, 0x1,
    0x88, 0x1, 0xaf, 0xfc, 0xe0, 0x4, 0x50, 0x2,
    0x60, 0x7, 0xfb, 0x2c, 0xc, 0x50, 0x3, 0x5f,
    0xf9, 0xc0, 0xc, 0x65, 0x2a, 0x1, 0xd3, 0xba,
    0x60, 0x0, 0xac, 0xac, 0x80, 0x71, 0x14, 0x20,
    0x14, 0xa2, 0xc, 0x2, 0x33, 0x75, 0x63, 0x80,
    0x48, 0xc, 0x20, 0x4, 0xd2, 0x3d, 0x85, 0x0,
    0x3c, 0x50, 0xe8, 0x82, 0x76, 0x4b, 0xa1, 0x12,
    0xe2, 0xd7, 0x43, 0xd0, 0x3, 0xe1, 0x2d, 0x40,
    0x1c, 0x60,

    /* U+53D7 "受" */
    0x0, 0xff, 0xe4, 0x11, 0xa2, 0xb4, 0x56, 0x7d,
    0x0, 0x53, 0xfe, 0xce, 0x89, 0xc0, 0xc8, 0xda,
    0x0, 0xa7, 0x17, 0xb7, 0x7, 0xa1, 0x93, 0xd8,
    0x3, 0x1b, 0xb0, 0x1, 0x38, 0x0, 0x86, 0xe0,
    0x1d, 0x78, 0x0, 0xd3, 0x0, 0x44, 0x88, 0x5,
    0xdf, 0x2b, 0xfe, 0xb6, 0xff, 0x1c, 0x7f, 0x0,
    0x57, 0xdd, 0xfe, 0xa0, 0xc, 0xe2, 0x3f, 0xe6,
    0x0, 0xa8, 0xb3, 0xff, 0xf5, 0x15, 0x0, 0x10,
    0x7c, 0x23, 0x77, 0x50, 0x48, 0xa0, 0x6, 0x3a,
    0x81, 0x22, 0x1d, 0xb9, 0x80, 0x7c, 0xb5, 0x8e,
    0xbe, 0xd0, 0x1, 0xfc, 0xaf, 0x14, 0xb0, 0x1,
    0xf1, 0x2c, 0xf2, 0xc4, 0xb7, 0xd3, 0x18, 0x5,
    0xdb, 0x23, 0xba, 0x76, 0xdc, 0x2a, 0xce, 0x0,
    0x7f, 0xb2, 0xc, 0x3, 0x1c, 0x67, 0xf8, 0x0,

    /* U+53D8 "变" */
    0x0, 0xfa, 0x48, 0x3, 0xff, 0x87, 0x20, 0x1f,
    0xbb, 0xff, 0x99, 0x3f, 0xfb, 0x0, 0x1f, 0xd9,
    0xae, 0x9d, 0xc2, 0x8d, 0xd7, 0x68, 0x0, 0x45,
    0xcf, 0xe0, 0x22, 0x2, 0x8a, 0x11, 0x0, 0x4e,
    0x2a, 0x1, 0xeb, 0x58, 0x0, 0x96, 0x38, 0x3,
    0xe1, 0xf6, 0x50, 0x2, 0xe1, 0x0, 0x70, 0x80,
    0xb, 0x50, 0x2, 0x13, 0x32, 0x41, 0x9b, 0xd8,
    0xc4, 0xc4, 0x2, 0xec, 0xc7, 0x77, 0xb3, 0x0,
    0x1d, 0x9a, 0x31, 0xbb, 0xa0, 0x3c, 0x3, 0xc5,
    0x56, 0xe0, 0x7, 0xbb, 0x10, 0x7, 0xc9, 0x97,
    0x9b, 0x78, 0x80, 0x1f, 0x92, 0xc8, 0x4c, 0x68,
    0xc0, 0x3a, 0xb7, 0xe4, 0x73, 0x7a, 0x4b, 0x7f,
    0x68, 0x1, 0xf3, 0xdb, 0x4, 0x0, 0x4a, 0xee,
    0x47, 0x80,

    /* U+53E3 "口" */
    0xef, 0xff, 0xf8, 0x6, 0x33, 0x3f, 0x40, 0x4,
    0x67, 0xfe, 0x0, 0xff, 0xff, 0x80, 0x7f, 0xf1,
    0xef, 0xbb, 0xf5, 0x80, 0x51, 0x55, 0xfa, 0x0,
    0x23, 0x44, 0xfe, 0x10,

    /* U+53E4 "古" */
    0x0, 0xfa, 0xa8, 0x1, 0xff, 0xcc, 0x55, 0xf3,
    0x31, 0x57, 0xc0, 0x31, 0x1e, 0x33, 0x44, 0x78,
    0x87, 0x77, 0xca, 0xad, 0xdf, 0x10, 0x7, 0xff,
    0x59, 0xbf, 0xf2, 0xab, 0xff, 0x30, 0x7, 0x16,
    0x67, 0xe2, 0x10, 0xf, 0x19, 0xfe, 0x0, 0xff,
    0xed, 0x97, 0x77, 0xe2, 0x0, 0xf1, 0x6e, 0xfe,
    0x21, 0x0, 0x0,

    /* U+53E6 "另" */
    0x0, 0x27, 0xff, 0xf9, 0x80, 0x30, 0xee, 0xfe,
    0x10, 0xf, 0x11, 0x7e, 0x30, 0xf, 0xfe, 0xb8,
    0xff, 0xfe, 0x20, 0xc, 0x9d, 0xd8, 0x67, 0xbb,
    0x30, 0x0, 0x88, 0x67, 0x84, 0xcf, 0x88, 0x1,
    0xdb, 0xbc, 0x15, 0xbb, 0xc0, 0xc, 0xff, 0xca,
    0xaf, 0xfd, 0x42, 0x1, 0xe4, 0x59, 0x0, 0xc4,
    0x60, 0x1c, 0xf7, 0x26, 0x1, 0xb9, 0xc0, 0x7,
    0x1b, 0x34, 0xc0, 0x2, 0x29, 0xf4, 0x1, 0xe7,
    0x7c, 0xa0, 0x17, 0x6e, 0x95, 0x80, 0x19, 0x6c,
    0x1, 0xd9, 0xfe, 0xb1, 0x0,

    /* U+53EA "只" */
    0x0, 0x8c, 0xff, 0xe0, 0xc, 0x99, 0x9f, 0xed,
    0x0, 0xe1, 0xff, 0xfd, 0x40, 0x1f, 0xff, 0xa1,
    0x33, 0xfc, 0x40, 0x1f, 0x6e, 0xfe, 0x80, 0xe,
    0x5a, 0xee, 0xfe, 0xa0, 0xc, 0x2a, 0x3a, 0xc0,
    0x1, 0xd5, 0x14, 0x0, 0xe2, 0xc6, 0x60, 0x0,
    0x66, 0xe4, 0x3, 0x9b, 0x5e, 0xc0, 0x32, 0x62,
    0x60, 0x80, 0x2a, 0x6a, 0x80, 0x1e, 0x2c, 0xc,
    0x0, 0x47, 0x28, 0x7, 0xe1, 0xce, 0x0,

    /* U+53EF "可" */
    0x3, 0x3f, 0xfe, 0x10, 0xe, 0x67, 0xff, 0x8,
    0x87, 0xff, 0xfe, 0xc, 0xf2, 0x0, 0xff, 0xe3,
    0x3f, 0xff, 0x84, 0x3, 0xf8, 0xf3, 0x2b, 0x0,
    0xff, 0x98, 0xce, 0x50, 0xf, 0xfe, 0xfa, 0xff,
    0xdc, 0x1, 0xff, 0x1e, 0x67, 0x8, 0x7, 0xe5,
    0xf3, 0x3e, 0x0, 0xfe, 0x23, 0x0, 0xc2, 0x88,
    0x50, 0x10, 0xf, 0xf1, 0xdd, 0xca, 0x40, 0x0,

    /* U+53F0 "台" */
    0x0, 0xe9, 0x20, 0xf, 0xfe, 0x3, 0xb8, 0xc0,
    0x3f, 0xf8, 0x13, 0x2, 0x0, 0x74, 0x0, 0xfa,
    0x9, 0x80, 0x21, 0xb5, 0x0, 0xe2, 0x7f, 0x0,
    0x85, 0xe2, 0x98, 0x1, 0x79, 0x80, 0xdf, 0xfb,
    0xb9, 0x1, 0x28, 0x1b, 0x51, 0x54, 0xbc, 0xde,
    0xff, 0x9a, 0x85, 0x9a, 0x54, 0x41, 0x90, 0x80,
    0x53, 0x21, 0x0, 0x2a, 0xff, 0x81, 0xc0, 0x3,
    0x51, 0x33, 0xe8, 0xa1, 0x0, 0xec, 0xcf, 0xbc,
    0x3, 0xff, 0xb3, 0x99, 0xf7, 0x80, 0x7d, 0x73,
    0x3e, 0xa0, 0xc,

    /* U+53F2 "史" */
    0x0, 0xf9, 0x74, 0x3, 0xff, 0x9b, 0xff, 0xd4,
    0x5f, 0xfc, 0xe0, 0x1a, 0xf7, 0x68, 0x1d, 0xdc,
    0x60, 0x1c, 0xc4, 0x58, 0xc8, 0xb3, 0x80, 0x7f,
    0xf2, 0x77, 0xfe, 0xa2, 0xff, 0xc8, 0x1, 0xb2,
    0xf3, 0x26, 0x3c, 0xce, 0x60, 0x8, 0xad, 0x8c,
    0xe5, 0x33, 0xe1, 0x0, 0x86, 0x2c, 0x85, 0x70,
    0x3, 0xfc, 0xe9, 0x9a, 0x6a, 0x1, 0xff, 0x70,
    0x9b, 0x98, 0x7, 0xe2, 0x7c, 0xb6, 0xb0, 0xce,
    0xa7, 0x54, 0x31, 0x16, 0x5d, 0xb6, 0x52, 0xfa,
    0xcf, 0x2e, 0xd8, 0xc3, 0xd8, 0xe4, 0x1, 0xa,
    0xcd, 0xf7, 0xf9, 0xc0,

    /* U+53F7 "号" */
    0x0, 0xbf, 0xff, 0xc6, 0x1, 0xec, 0xff, 0xf7,
    0x0, 0x7e, 0x10, 0xf, 0x8, 0x7, 0xe6, 0x11,
    0xf1, 0x0, 0x7e, 0xbe, 0xef, 0x68, 0x7, 0xdf,
    0xff, 0xe3, 0x0, 0x1f, 0xff, 0xff, 0x8, 0xcd,
    0xbb, 0xb, 0xee, 0xff, 0x18, 0x11, 0x4, 0x5a,
    0x1, 0xf1, 0x10, 0x3, 0x58, 0x56, 0xef, 0xc2,
    0x1, 0xc7, 0x3f, 0xfe, 0xa1, 0x10, 0x7, 0x5b,
    0x0, 0x7b, 0x14, 0x3, 0xfc, 0x42, 0x23, 0x7d,
    0x0, 0xff, 0x57, 0x73, 0x11, 0x80, 0x3f, 0xd1,
    0xff, 0x50, 0x6,

    /* U+5404 "各" */
    0x0, 0xe6, 0x60, 0x7, 0xff, 0x4, 0xe4, 0x80,
    0x3f, 0xf8, 0x3, 0xa1, 0x7f, 0xfc, 0xe0, 0x1c,
    0x58, 0x35, 0xdd, 0x94, 0x58, 0x3, 0x2e, 0xbc,
    0xd9, 0x8, 0x99, 0x74, 0x40, 0x21, 0xb8, 0xa6,
    0xbc, 0x6a, 0x9c, 0x30, 0xc, 0x3c, 0xe0, 0x5,
    0x69, 0x5a, 0x30, 0xf, 0xe5, 0xd7, 0x72, 0x5c,
    0x90, 0x7, 0x24, 0xf5, 0xd7, 0x45, 0xe2, 0xee,
    0x39, 0x83, 0xd9, 0xb5, 0x21, 0x9c, 0x1f, 0x2b,
    0x50, 0xf, 0xf4, 0xd5, 0xdd, 0xe9, 0xcd, 0xb0,
    0xe, 0xad, 0xdf, 0x8, 0x7, 0xff, 0x30, 0xd1,
    0x3c, 0x20, 0x1f, 0xaa, 0x23, 0xc0, 0x1c,

    /* U+5408 "合" */
    0x0, 0xf1, 0xfe, 0x88, 0x7, 0xfc, 0x3d, 0x35,
    0xa0, 0x1f, 0xe1, 0xc5, 0x67, 0x5d, 0x10, 0xf,
    0x93, 0xd6, 0x0, 0x13, 0x5e, 0x80, 0x1d, 0x15,
    0x12, 0x23, 0x9a, 0x2e, 0x88, 0xf, 0x8b, 0x27,
    0xbb, 0xd3, 0xa3, 0xa8, 0x77, 0x45, 0xff, 0xf8,
    0xae, 0xc8, 0xa, 0x2, 0x3f, 0xe0, 0x40, 0xd,
    0xfd, 0xdf, 0xbc, 0x3, 0xec, 0xff, 0xf5, 0x80,
    0x7f, 0xf7, 0x14, 0xcf, 0xe0, 0xf, 0xd7, 0xdd,
    0xe9, 0x0, 0xc0,

    /* U+540C "同" */
    0xcf, 0xff, 0xfe, 0x2, 0x4, 0x6e, 0xff, 0x84,
    0x0, 0x45, 0xff, 0x0, 0x63, 0xff, 0xfb, 0x80,
    0x38, 0xfb, 0xbe, 0xf0, 0xf, 0x8, 0x7, 0x84,
    0x3, 0xcd, 0xdd, 0xe0, 0xf, 0xc9, 0xff, 0x80,
    0x3f, 0xf9, 0xe2, 0x1, 0xfc, 0x9f, 0xf7, 0x0,
    0x7f, 0x27, 0xff, 0x0, 0x7c, 0xf2, 0x1, 0xc4,
    0x62, 0xe0, 0x10, 0x90, 0x6, 0x1d, 0xc4, 0x30,

    /* U+540D "名" */
    0x0, 0xe2, 0x70, 0xf, 0xfe, 0xf, 0x60, 0x7,
    0xff, 0x2, 0x4d, 0x3f, 0xf5, 0x0, 0x79, 0xda,
    0xf7, 0x6c, 0xf, 0x0, 0xe9, 0x86, 0x42, 0x2a,
    0x8d, 0x40, 0x22, 0xd4, 0x96, 0xa0, 0x2, 0x34,
    0x0, 0x63, 0x5d, 0x6d, 0x4b, 0x2a, 0x84, 0x0,
    0xc3, 0x0, 0x2, 0xc5, 0xd7, 0x70, 0x7, 0xf9,
    0x4, 0x58, 0x89, 0xc0, 0x18, 0xae, 0x48, 0x93,
    0x11, 0xac, 0x41, 0x2f, 0x44, 0x27, 0x33, 0xb8,
    0x0, 0xb6, 0x5b, 0x42, 0x1, 0xfc, 0xbf, 0x24,
    0x1, 0xff, 0xc5, 0x34, 0x4e, 0x70, 0xf, 0xd3,
    0x3e, 0x80, 0xf, 0xbb, 0x9b, 0xbe, 0xf1,

    /* U+540E "后" */
    0x0, 0xff, 0xe0, 0x18, 0x7, 0x8, 0x9, 0x23,
    0x45, 0x67, 0xe4, 0x0, 0x6d, 0xfe, 0xc8, 0xd1,
    0xd9, 0xdf, 0x80, 0xe, 0x9f, 0xec, 0xb9, 0x75,
    0x20, 0xf, 0xfe, 0x5c, 0xff, 0xff, 0xc6, 0x0,
    0x18, 0xdd, 0xff, 0x8c, 0x0, 0x64, 0x5f, 0xfc,
    0x0, 0x8, 0x44, 0x59, 0x9f, 0xac, 0x3, 0x98,
    0x4e, 0x67, 0xc8, 0xa0, 0x11, 0x81, 0x0, 0xaa,
    0xfb, 0x0, 0x32, 0x18, 0x7, 0xff, 0xa, 0xec,
    0x1, 0xff, 0xc1, 0x43, 0x60, 0x0, 0xee, 0xfa,
    0x80, 0x21, 0x81, 0x0, 0xbb, 0xbd, 0x20, 0x10,

    /* U+5411 "向" */
    0x0, 0xf4, 0x98, 0x7, 0xfc, 0x8c, 0x20, 0x1f,
    0xf7, 0x21, 0x0, 0x78, 0xfb, 0xb2, 0xa7, 0x77,
    0xb1, 0xc6, 0xaa, 0xbb, 0x55, 0x73, 0x10, 0xa,
    0x27, 0xfb, 0x0, 0x38, 0x8b, 0xc0, 0x1f, 0xb7,
    0x33, 0x69, 0x80, 0x7e, 0xfe, 0xe8, 0x40, 0x3f,
    0xf9, 0x64, 0x58, 0x3, 0xfd, 0x9b, 0xb0, 0x80,
    0x7f, 0x77, 0xfe, 0x30, 0xf, 0xac, 0x40, 0x22,
    0x33, 0x61, 0x80, 0x64, 0x0, 0xc9, 0x98, 0x5b,

    /* U+5417 "吗" */
    0x0, 0xff, 0xe3, 0xc7, 0xff, 0x98, 0x3b, 0xfe,
    0x28, 0xee, 0xe2, 0x30, 0x5, 0x68, 0x80, 0x14,
    0x4, 0x63, 0x10, 0x3, 0x90, 0x5, 0x24, 0x1,
    0xb, 0x0, 0x7c, 0x42, 0x0, 0x10, 0x20, 0xf,
    0xc4, 0x0, 0x20, 0xf, 0xc4, 0x6, 0x72, 0x89,
    0x90, 0x7, 0x9, 0x77, 0x56, 0x7b, 0xc0, 0x1c,
    0x7b, 0xbe, 0x96, 0xc, 0xe1, 0x11, 0x17, 0x83,
    0x88, 0x2f, 0x34, 0xb7, 0x7c, 0xaa, 0xe9, 0x42,
    0x20, 0xff, 0xf9, 0x4d, 0x5c, 0x40, 0x3e, 0x11,
    0x30, 0x18, 0x7, 0xf5, 0xf4, 0xc8, 0x3, 0xfd,
    0x5f, 0xe6, 0x0,

    /* U+5426 "否" */
    0xe, 0xff, 0xff, 0xe0, 0x70, 0x3, 0x37, 0x7a,
    0x2, 0x37, 0x76, 0x0, 0x8, 0xb9, 0x61, 0x5c,
    0x8, 0xb0, 0x7, 0x16, 0x49, 0x1a, 0xed, 0x10,
    0x7, 0x25, 0xea, 0xfa, 0x2, 0xe9, 0xec, 0x88,
    0x16, 0xd8, 0x64, 0x88, 0x4, 0x53, 0xab, 0xe2,
    0x55, 0xb6, 0x60, 0x1f, 0x16, 0x50, 0x83, 0x90,
    0x6, 0xbb, 0x0, 0x72, 0x0, 0x45, 0xff, 0xb7,
    0x5f, 0xf9, 0x0, 0x3d, 0xbd, 0xdf, 0x0, 0x7e,
    0x21, 0x1f, 0x80, 0x3f, 0xf9, 0x99, 0x9f, 0x80,
    0x3f, 0x4c, 0x47, 0xc0, 0x18,

    /* U+542B "含" */
    0x0, 0xf2, 0x6e, 0x18, 0x7, 0xfc, 0xf3, 0x9d,
    0xc7, 0x0, 0xfc, 0xbb, 0x98, 0x12, 0xcc, 0x6b,
    0x0, 0x66, 0xde, 0x94, 0xef, 0xf7, 0x25, 0xef,
    0x40, 0x8b, 0xfa, 0xd3, 0xff, 0xcd, 0x78, 0x0,
    0x19, 0xf, 0xff, 0xe8, 0x28, 0x10, 0x1, 0xf7,
    0x7d, 0x41, 0x60, 0x1e, 0x11, 0xfb, 0x90, 0xc0,
    0x3c, 0x23, 0xe4, 0x47, 0x8, 0x7, 0xbf, 0xbf,
    0xf5, 0xd, 0x70, 0x7, 0xd9, 0xdd, 0xed, 0x0,
    0xff, 0xe6, 0x31, 0x17, 0x98, 0x3, 0xf5, 0xe6,
    0x7a, 0x80, 0x30,

    /* U+542C "听" */
    0x0, 0xff, 0xe0, 0x8, 0x7, 0xfc, 0x71, 0xbe,
    0x41, 0xdf, 0xf7, 0x5, 0xdb, 0xf0, 0xef, 0xc8,
    0x1, 0x5b, 0x40, 0x4, 0x3d, 0xfb, 0x61, 0x0,
    0x98, 0x98, 0x2, 0xb2, 0x0, 0xff, 0xe8, 0x67,
    0xff, 0x90, 0x3, 0xe9, 0xcc, 0xc, 0x66, 0x14,
    0x3, 0xe4, 0x33, 0x88, 0xcc, 0x20, 0xc4, 0xa0,
    0x60, 0x40, 0x1f, 0xab, 0x20, 0xd4, 0xc0, 0x3f,
    0xb3, 0xb9, 0xb7, 0x60, 0xf, 0xde, 0x60, 0x5,
    0x26, 0x0, 0xfc, 0x20, 0x2, 0xa9, 0x10, 0xf,
    0xf8, 0xa5, 0x80, 0x3f, 0x80,

    /* U+542F "启" */
    0x0, 0xff, 0x84, 0xc0, 0x30, 0x88, 0x91, 0x9e,
    0x73, 0xb9, 0x4, 0x1, 0x67, 0xf7, 0xfe, 0x8f,
    0xf5, 0x90, 0x6, 0x8d, 0xa8, 0x97, 0x50, 0x11,
    0x80, 0x34, 0xf7, 0x7f, 0x78, 0x6, 0xaf, 0xff,
    0xd6, 0x1, 0xff, 0xc7, 0x3a, 0xff, 0xfd, 0x60,
    0x18, 0x6b, 0xbb, 0xfb, 0xc0, 0x33, 0x80, 0x7f,
    0xf0, 0x4, 0xb, 0x3b, 0xbf, 0x84, 0x14, 0x80,
    0x15, 0xff, 0xee, 0x0, 0xb5, 0x0, 0x3f, 0xf8,
    0x2f, 0x40, 0x2, 0x33, 0xf2, 0x80, 0x11, 0x6,
    0x0, 0xaf, 0xff, 0x48, 0x0,

    /* U+544A "告" */
    0x0, 0x8f, 0x0, 0x9, 0xe0, 0x1f, 0xe8, 0x62,
    0x20, 0x81, 0x17, 0x0, 0x63, 0x45, 0xdd, 0x50,
    0x6e, 0xef, 0x0, 0x87, 0xa7, 0xfe, 0xb0, 0xff,
    0xda, 0x1, 0x40, 0xb0, 0x7, 0xff, 0x7, 0x69,
    0x13, 0x18, 0x22, 0x78, 0x1, 0x37, 0x33, 0xa8,
    0xa6, 0x7c, 0x21, 0xbb, 0xff, 0xc2, 0x10, 0xb,
    0xff, 0xfc, 0x60, 0x1e, 0xbd, 0xdf, 0x80, 0x3f,
    0x31, 0x17, 0xc0, 0x1f, 0xfc, 0xcf, 0xdd, 0xf8,
    0x3, 0xf5, 0xcc, 0xfa, 0x0, 0x30,

    /* U+5468 "周" */
    0x0, 0x6f, 0xff, 0xfb, 0x80, 0x29, 0xee, 0xb7,
    0x5d, 0xd5, 0x0, 0x63, 0x11, 0xb4, 0x47, 0x80,
    0x3a, 0xfb, 0x81, 0x9d, 0xc3, 0x0, 0xf5, 0xf7,
    0x3, 0x3b, 0x86, 0x1, 0xe1, 0x18, 0x1c, 0x46,
    0x0, 0xc6, 0x6f, 0xf8, 0x6b, 0xfd, 0x60, 0x18,
    0x4b, 0xbb, 0xea, 0x0, 0x84, 0x19, 0x9f, 0xfd,
    0x80, 0x18, 0xc0, 0x81, 0x7f, 0xea, 0x0, 0xe4,
    0x30, 0xf, 0xfe, 0x6, 0xa0, 0x1, 0x7b, 0xaa,
    0x0, 0xc6, 0x94, 0x0, 0x5e, 0xee, 0x13, 0x5,
    0x62, 0x6, 0xb0, 0x8, 0x77, 0xa6, 0x4d, 0x20,
    0x10, 0x80, 0x6f, 0xf7, 0x38,

    /* U+5473 "味" */
    0x0, 0xfc, 0xf6, 0x1, 0xdb, 0xdd, 0x10, 0x7,
    0xf8, 0xf7, 0x80, 0x17, 0xfe, 0x84, 0xff, 0x8c,
    0x0, 0x20, 0x14, 0xe6, 0x18, 0xf3, 0x23, 0x0,
    0xf1, 0x19, 0xb9, 0xcc, 0xe0, 0xf, 0xfe, 0x4a,
    0xff, 0xd0, 0x9f, 0xf6, 0x80, 0x72, 0x6e, 0xa8,
    0x0, 0xfb, 0xaf, 0x0, 0xe1, 0x22, 0x70, 0x89,
    0x8c, 0x88, 0x0, 0xdf, 0x10, 0x2, 0xbc, 0xaa,
    0x40, 0x6, 0xac, 0xc1, 0x12, 0xf8, 0x1, 0x6e,
    0x80, 0x6, 0x43, 0x3b, 0x2c, 0x80, 0x3, 0x76,
    0x40, 0x81, 0x1, 0xda, 0x50, 0xc, 0xb3, 0x0,
    0x18, 0x79, 0x0, 0x3c, 0xd8, 0x0,

    /* U+547D "命" */
    0x0, 0xf3, 0xf5, 0x0, 0x7f, 0xf0, 0x1a, 0x73,
    0xac, 0x40, 0x3f, 0xa2, 0xf0, 0x92, 0x31, 0x0,
    0x3c, 0x9a, 0x7c, 0x4, 0x41, 0x98, 0xa1, 0x0,
    0x15, 0xcc, 0xb3, 0x1b, 0xba, 0xf7, 0x3e, 0x49,
    0xf3, 0x51, 0xff, 0xfc, 0x2d, 0xe2, 0xa, 0xfd,
    0xff, 0x68, 0x5f, 0xff, 0x41, 0x0, 0x57, 0xd6,
    0x1, 0x47, 0x72, 0xc4, 0x3, 0x98, 0x5c, 0x2,
    0x11, 0x98, 0x3, 0xff, 0x95, 0x13, 0x20, 0xf,
    0x8, 0x7, 0x8f, 0xb6, 0xc0, 0x25, 0xce, 0x20,
    0xc, 0x76, 0xee, 0x60, 0x9, 0x22, 0x70, 0x3,
    0x69, 0x0, 0x78, 0x51, 0x2, 0x0,

    /* U+548C "和" */
    0x0, 0xf0, 0x80, 0x7f, 0x8d, 0xa7, 0x39, 0xc0,
    0x3f, 0x6f, 0x6b, 0x4f, 0xbb, 0xbf, 0xf9, 0x3,
    0x75, 0x60, 0xe0, 0xf, 0x4c, 0xc8, 0x3, 0xfe,
    0x23, 0x38, 0x40, 0xbb, 0xa0, 0xce, 0xd0, 0xf,
    0x8b, 0x74, 0xe1, 0x1b, 0xc0, 0x1f, 0x8c, 0xce,
    0x16, 0x46, 0x1, 0xfc, 0xca, 0xf, 0x40, 0x1f,
    0xe8, 0xf0, 0x87, 0x80, 0xf, 0xd2, 0xa8, 0x0,
    0xed, 0x0, 0xf9, 0x1a, 0x40, 0x22, 0x50, 0xf,
    0x9e, 0x88, 0x3, 0xcd, 0xff, 0x8, 0x1a, 0x80,
    0x7c, 0x99, 0x90, 0x7, 0xfb, 0x38, 0xce, 0x96,

    /* U+54C1 "品" */
    0x0, 0x2f, 0xff, 0xe3, 0x0, 0xe2, 0xdd, 0xf0,
    0x7, 0xe2, 0x2f, 0x0, 0x7f, 0xf2, 0x4d, 0x57,
    0xc0, 0x1e, 0x12, 0x99, 0xf1, 0x88, 0x6, 0x4c,
    0xcf, 0xc4, 0x0, 0xde, 0xed, 0xa0, 0x7d, 0xdc,
    0xa7, 0x1b, 0xa8, 0x30, 0x0, 0xee, 0xc0, 0x11,
    0x19, 0x88, 0x2, 0x13, 0x3c, 0x1, 0xff, 0xd2,
    0xbf, 0xf5, 0x80, 0x43, 0xff, 0x10, 0x2, 0x73,
    0x12, 0x40, 0x16, 0x64, 0x60,

    /* U+54CD "响" */
    0x0, 0xfc, 0x30, 0x1, 0x84, 0x70, 0x6, 0x45,
    0x0, 0xdf, 0xdd, 0x8, 0x5, 0x94, 0x1, 0xdb,
    0xe0, 0xe, 0xff, 0x34, 0x7f, 0xdc, 0x1, 0xeb,
    0xee, 0xeb, 0x0, 0xf9, 0xc4, 0x79, 0xc0, 0x3f,
    0xbb, 0xa2, 0x0, 0xff, 0x17, 0x28, 0x7, 0xff,
    0x53, 0x38, 0x3, 0x84, 0xdc, 0x3, 0x5e, 0xe0,
    0x80, 0x45, 0x2c, 0x60, 0x9, 0x43, 0x30, 0x6,
    0xba, 0xa0, 0x80, 0x1c, 0x40, 0x3c, 0x80, 0x13,
    0x80, 0x7f, 0xc7, 0xf6, 0xe0, 0x1d, 0xc6, 0x1,
    0x1f, 0xfa, 0x40,

    /* U+5524 "唤" */
    0x0, 0xf9, 0x58, 0x3, 0xff, 0x83, 0x7e, 0x67,
    0x0, 0x59, 0xba, 0xc0, 0x3, 0x82, 0xff, 0x62,
    0x0, 0xa, 0x20, 0x40, 0x71, 0x59, 0x84, 0x48,
    0x2, 0x44, 0x1, 0x69, 0xb1, 0x23, 0x79, 0x0,
    0x7c, 0x66, 0xef, 0xb3, 0x9c, 0x0, 0xf1, 0x49,
    0xe7, 0x8e, 0x70, 0x7, 0xfc, 0x20, 0x1f, 0xfc,
    0x27, 0x30, 0xf, 0xe5, 0x93, 0xb9, 0x2b, 0xf1,
    0xb0, 0x6, 0x60, 0x13, 0xb2, 0xc, 0x37, 0xf2,
    0x0, 0x11, 0x34, 0x26, 0x6a, 0x2a, 0x82, 0x33,
    0x2, 0xa2, 0x40, 0x9, 0x7d, 0x57, 0xd1, 0x0,
    0x58, 0x80, 0x13, 0x17, 0xc4, 0x25, 0xfd, 0x40,
    0x31, 0x55, 0x30, 0x40, 0x2b, 0x88, 0x8, 0x4,
    0x5c, 0xc0, 0x1e, 0x6d, 0x10,

    /* U+5546 "商" */
    0x0, 0xf5, 0x40, 0x7, 0xb7, 0xff, 0x95, 0xff,
    0xfb, 0xbf, 0x74, 0xa9, 0xbb, 0x91, 0x1b, 0xac,
    0x23, 0x37, 0xa0, 0x19, 0x85, 0x3c, 0xcc, 0x47,
    0xdc, 0xa0, 0xde, 0xe6, 0x5, 0xf7, 0x14, 0x7,
    0xfd, 0x47, 0xf8, 0x5f, 0xf1, 0x80, 0x74, 0xd8,
    0x0, 0xc0, 0x1a, 0x20, 0x13, 0x6b, 0xb8, 0x8,
    0x9d, 0xc4, 0x10, 0x8, 0xe6, 0x44, 0x43, 0xec,
    0xe9, 0x0, 0xca, 0x9b, 0xdd, 0xb4, 0x40, 0x3f,
    0x6e, 0x64, 0x1, 0xfe, 0x52, 0x28, 0x3, 0xfd,
    0x1d, 0xd1, 0x14, 0x20, 0x1c, 0x9b, 0x99, 0x76,
    0x68, 0x21, 0xf0, 0x2, 0xc4, 0x2, 0x3f, 0xf6,
    0x88,

    /* U+554F "問" */
    0x4f, 0xfe, 0x61, 0xff, 0xee, 0x2, 0xff, 0x90,
    0x2, 0xff, 0xac, 0x0, 0x67, 0x9c, 0x2, 0x43,
    0x38, 0x0, 0x33, 0x31, 0x0, 0x5f, 0x32, 0xb0,
    0x0, 0xd5, 0x4a, 0x1, 0x55, 0x52, 0x0, 0x1e,
    0xe9, 0x40, 0x3, 0xfd, 0xca, 0x0, 0x17, 0x76,
    0x61, 0xee, 0xd6, 0x1, 0xdb, 0xdd, 0xc4, 0x1,
    0xf1, 0xd7, 0xfc, 0x20, 0x1f, 0xce, 0x23, 0x0,
    0x7f, 0xf3, 0x33, 0xfe, 0x0, 0xfe, 0x5d, 0xff,
    0xc2, 0x66, 0x0, 0xeb, 0x20, 0xd, 0xb9, 0x32,
    0x4d, 0x0, 0xfd, 0xdf, 0xce,

    /* U+5584 "善" */
    0x0, 0xce, 0x40, 0x19, 0x1c, 0x3, 0xf7, 0xf0,
    0x6, 0x90, 0xf, 0x1e, 0xe9, 0x8f, 0xb7, 0x5c,
    0x53, 0xba, 0x40, 0x1, 0xee, 0xbb, 0xf9, 0xd3,
    0xbf, 0xb7, 0x48, 0x1, 0x1e, 0xee, 0x56, 0xdd,
    0xc8, 0x1, 0x8f, 0x77, 0x2b, 0x6e, 0xe4, 0x0,
    0xa7, 0x77, 0x95, 0xb7, 0x7a, 0x80, 0x13, 0xaa,
    0xfb, 0xa5, 0x6d, 0xd3, 0x2e, 0xd0, 0x0, 0x45,
    0x8a, 0x62, 0x20, 0x14, 0x45, 0x88, 0x80, 0xbf,
    0xd4, 0x3b, 0xea, 0xff, 0x43, 0xbf, 0xe3, 0x2e,
    0xef, 0xfe, 0x11, 0x80, 0x5f, 0xee, 0xef, 0xbc,
    0x3, 0xec, 0xee, 0xf6, 0x0, 0x7e, 0x70, 0xf,
    0x8, 0x7, 0xeb, 0xee, 0xf6, 0x80, 0x60,

    /* U+559C "喜" */
    0x0, 0x8, 0xf5, 0x48, 0x8f, 0x0, 0x53, 0x99,
    0xca, 0xf9, 0x9d, 0x40, 0x9, 0xfe, 0xec, 0x88,
    0xee, 0xdf, 0x40, 0x13, 0x5d, 0xe3, 0x2b, 0xbc,
    0xe0, 0x19, 0x9, 0x13, 0xf1, 0xa8, 0x7, 0x3c,
    0x66, 0x7a, 0x14, 0x3, 0xe8, 0xbb, 0xf4, 0x0,
    0x7d, 0x8a, 0x13, 0x39, 0x97, 0x0, 0x22, 0xaa,
    0x5a, 0xa4, 0x46, 0x22, 0x45, 0x50, 0x8f, 0xba,
    0x8b, 0xee, 0xd7, 0xfd, 0xd1, 0x8a, 0x2c, 0x47,
    0xf9, 0x90, 0x40, 0x23, 0xdc, 0xcf, 0x69, 0x88,
    0x7, 0x84, 0x3, 0xc2, 0x1, 0xfb, 0x77, 0xf0,
    0x6,

    /* U+55B7 "喷" */
    0x0, 0xfc, 0xba, 0x1, 0xdb, 0xfe, 0xd0, 0xee,
    0xa8, 0xbb, 0xa8, 0x3, 0xcc, 0x18, 0x77, 0xf5,
    0x1f, 0x7f, 0x40, 0x0, 0x88, 0x1, 0x53, 0xa7,
    0x6, 0x20, 0x7, 0xa3, 0xd2, 0x3b, 0x7c, 0xaf,
    0xc8, 0x3, 0x47, 0xa4, 0xff, 0xc5, 0x9e, 0x40,
    0x1c, 0xc9, 0x3f, 0xf1, 0x60, 0x7, 0xc2, 0xbf,
    0xfb, 0x80, 0x31, 0x98, 0x2, 0x30, 0x39, 0x1,
    0x0, 0xdb, 0xa0, 0xe, 0x74, 0x0, 0xf7, 0x7f,
    0x0, 0x61, 0x10, 0x7, 0x58, 0x80, 0x4b, 0x43,
    0x15, 0x29, 0x40, 0x5, 0x0, 0xc3, 0x7c, 0xad,
    0x5f, 0x2a, 0x1, 0xd9, 0xfe, 0xe8, 0x3, 0xb8,
    0x81, 0x80, 0x6c, 0xc3, 0x88, 0x6, 0x4d, 0x30,

    /* U+5634 "嘴" */
    0x0, 0xff, 0xe1, 0x89, 0x10, 0x44, 0x53, 0x0,
    0x56, 0xc, 0x41, 0x9d, 0xcc, 0x55, 0x3, 0x6d,
    0x36, 0x79, 0x80, 0x37, 0x40, 0x19, 0xb6, 0xc3,
    0x64, 0x3, 0xf8, 0x99, 0x58, 0x43, 0x4, 0x2,
    0x39, 0x87, 0x5e, 0x55, 0x77, 0x18, 0x40, 0x23,
    0xff, 0x28, 0x1c, 0x27, 0x72, 0xc0, 0x38, 0xa1,
    0xf2, 0x48, 0x3, 0xf1, 0xcb, 0x97, 0x7b, 0x3e,
    0xe8, 0xc0, 0x17, 0x60, 0x12, 0xad, 0xc1, 0xdd,
    0x18, 0x4, 0x5b, 0x10, 0x19, 0xcd, 0x1c, 0xc0,
    0x80, 0x1a, 0x5d, 0x80, 0xa7, 0x34, 0x73, 0x2,
    0x0, 0xb1, 0x0, 0x8, 0xa7, 0x70, 0x37, 0x42,
    0x1, 0xeb, 0x5d, 0xdb, 0xb7, 0x42, 0x1, 0xc8,
    0xd6, 0x1, 0xa7, 0x8c, 0x80, 0x32, 0x60, 0x80,
    0x69, 0xed, 0x10,

    /* U+5668 "器" */
    0x0, 0x7f, 0xf1, 0xf, 0xff, 0x8, 0x6, 0xff,
    0x80, 0x37, 0xfc, 0x1, 0xff, 0xca, 0x11, 0x80,
    0x30, 0x8c, 0x1, 0xc3, 0xff, 0xa, 0x98, 0xff,
    0xc2, 0x1, 0xf, 0xfe, 0x99, 0x7, 0xff, 0x0,
    0xb, 0xbb, 0xa0, 0x77, 0xbb, 0xc4, 0x4f, 0xf9,
    0x87, 0x3f, 0xd6, 0xf, 0xff, 0x10, 0x1, 0xb4,
    0xbc, 0xc0, 0x9, 0xab, 0xaa, 0x0, 0x4e, 0x92,
    0x4e, 0xf3, 0x4f, 0xd2, 0x25, 0x7a, 0xa6, 0x95,
    0xf7, 0x4, 0x0, 0x5d, 0xca, 0x2c, 0x50, 0x30,
    0x71, 0x11, 0x80, 0x4, 0x70, 0x18, 0x6, 0x61,
    0x11, 0x80, 0x4, 0x70, 0x7, 0xaf, 0xfc, 0x20,
    0x2, 0xff, 0x58, 0x4,

    /* U+566A "噪" */
    0x0, 0xf7, 0x77, 0x78, 0x80, 0x3b, 0xfd, 0xc0,
    0x16, 0x77, 0x40, 0x1d, 0x98, 0x0, 0xce, 0x67,
    0x0, 0x71, 0x10, 0x2, 0x6d, 0xbb, 0x9c, 0x3,
    0xe3, 0xc4, 0x41, 0xd2, 0x23, 0x64, 0x3, 0x9d,
    0x36, 0x94, 0x1b, 0x64, 0x80, 0x3d, 0xe2, 0x60,
    0x10, 0xb0, 0x7, 0xd1, 0xd6, 0x8, 0xbd, 0xa0,
    0x1e, 0x4f, 0xee, 0x6c, 0x7f, 0x72, 0xc0, 0x1d,
    0xc0, 0x8e, 0xeb, 0x7, 0xbb, 0x8, 0x5e, 0x6c,
    0x7e, 0x28, 0x5, 0xbf, 0xe1, 0x74, 0x33, 0x1,
    0xf3, 0xd0, 0xd6, 0xa8, 0x84, 0x80, 0xa, 0xb5,
    0x71, 0x81, 0x36, 0x6c, 0x40, 0x23, 0xde, 0x90,
    0xc, 0x7b, 0xc2,

    /* U+56CA "囊" */
    0x7, 0xbb, 0xee, 0xe5, 0xdf, 0x38, 0x1, 0xe8,
    0x8b, 0x19, 0x88, 0xb4, 0x38, 0x4, 0x4f, 0x77,
    0x33, 0xdd, 0xca, 0xa0, 0xc, 0x2f, 0x77, 0x33,
    0xdd, 0xca, 0x40, 0x16, 0xc0, 0x6, 0x66, 0x0,
    0x6e, 0xd0, 0x1, 0xd9, 0x0, 0xf, 0xb4, 0xc0,
    0xb, 0x6, 0x0, 0xe1, 0x4f, 0xf0, 0x97, 0x7,
    0xf8, 0xcb, 0x80, 0x21, 0xa3, 0x9c, 0x4b, 0x29,
    0x3a, 0x10, 0x8, 0x63, 0x30, 0x1b, 0x54, 0x30,
    0xcc, 0x41, 0x0, 0x7, 0x80, 0x3c, 0x20, 0x17,
    0x10, 0xd, 0xe1, 0x10, 0x5d, 0x54, 0xc2, 0x44,
    0xcb, 0x11, 0x54, 0x68, 0x9a, 0xea, 0x3f, 0xc0,
    0x8a, 0xc4, 0x55, 0x66, 0x4d, 0x1, 0x79, 0xfb,
    0x94, 0x0, 0x1b, 0x8f, 0x54, 0xda, 0xa2, 0xfc,
    0xdf, 0xd8, 0x80, 0x53, 0x9f, 0xb7, 0x24, 0x2f,
    0xbd, 0x2,

    /* U+56DB "四" */
    0x5f, 0xff, 0xfe, 0x5, 0x0, 0xee, 0xa8, 0x33,
    0x46, 0x77, 0x4a, 0x20, 0x64, 0x41, 0x11, 0x90,
    0x29, 0x14, 0x1, 0xc2, 0x60, 0x1f, 0xfc, 0xc,
    0x40, 0xe, 0x10, 0xf, 0x3e, 0x0, 0x75, 0xa0,
    0x6, 0x73, 0x50, 0x1, 0xda, 0x3b, 0x80, 0x27,
    0x89, 0x0, 0xa0, 0xfd, 0x4c, 0x2, 0x2c, 0x40,
    0x9, 0x6e, 0xd0, 0x1, 0x94, 0xc0, 0x3f, 0xe3,
    0x44, 0xff, 0x10, 0x0, 0x6a, 0xbf, 0xca, 0x0,
    0x2e, 0xef, 0xf4, 0x10,

    /* U+56DE "回" */
    0xef, 0xff, 0xfe, 0x2, 0x84, 0x66, 0x7f, 0x80,
    0x22, 0x33, 0xff, 0x8, 0x7, 0x8, 0xf8, 0x3,
    0xe3, 0xee, 0xef, 0x0, 0xfc, 0x3f, 0xf5, 0x80,
    0x7f, 0xf6, 0x84, 0x70, 0x7, 0xf0, 0xf7, 0x54,
    0x1, 0xf8, 0xff, 0xfb, 0x80, 0x3f, 0xf8, 0xf5,
    0xff, 0xfe, 0x10, 0x4, 0x6e, 0xff, 0x84, 0x0,

    /* U+56E0 "因" */
    0xef, 0xff, 0xfe, 0x2, 0x84, 0xee, 0xec, 0xdd,
    0xe1, 0x0, 0x11, 0x76, 0x89, 0x16, 0x0, 0xfc,
    0x22, 0x0, 0xfc, 0x45, 0x80, 0x48, 0xa0, 0xe,
    0xcd, 0xd8, 0x33, 0x76, 0x40, 0xd, 0xdf, 0xea,
    0x5, 0xff, 0x90, 0x3, 0xef, 0x54, 0x10, 0xf,
    0xe3, 0x58, 0x9b, 0x0, 0xfc, 0x9b, 0x4, 0xee,
    0xa0, 0xf, 0x55, 0x21, 0xc0, 0x18, 0xdc, 0x40,
    0x1a, 0x79, 0x80, 0x21, 0xcd, 0x20, 0xa, 0xbb,
    0x77, 0xee, 0xd1, 0x0, 0x34, 0x47, 0xf8, 0x0,

    /* U+56F2 "囲" */
    0xdf, 0xff, 0xfe, 0x2, 0x4, 0xf7, 0x33, 0x7b,
    0x73, 0x7b, 0x82, 0x0, 0x31, 0x14, 0x38, 0x96,
    0x10, 0x88, 0x3, 0xff, 0x8d, 0x9c, 0x95, 0xde,
    0x1f, 0xc4, 0x1, 0xb3, 0x92, 0xbb, 0x81, 0xfc,
    0x40, 0x1f, 0xc2, 0x1, 0xfb, 0x74, 0x97, 0xbc,
    0x1d, 0xa6, 0x1, 0xbf, 0x83, 0x7f, 0x3, 0x3c,
    0xc0, 0x31, 0x29, 0x98, 0x88, 0x4, 0x40, 0xe,
    0x39, 0x90, 0x7, 0xfd, 0x6e, 0xa0, 0x11, 0x80,
    0x7b, 0x76, 0x55, 0xd2, 0xab, 0x8, 0x1, 0x66,
    0x7f, 0xc0, 0x0,

    /* U+56F3 "図" */
    0x5f, 0xff, 0xfe, 0x7, 0x1, 0x6e, 0xec, 0xdd,
    0xe9, 0x0, 0x8a, 0x88, 0x9a, 0x24, 0x45, 0x12,
    0x0, 0xc6, 0xe1, 0x32, 0x2, 0x81, 0x0, 0xe9,
    0x90, 0x2a, 0x4, 0xb1, 0x0, 0x71, 0xd8, 0x17,
    0x2a, 0x40, 0x7, 0xae, 0xce, 0x5, 0x54, 0x10,
    0xf, 0x56, 0xe7, 0x63, 0x28, 0x7, 0xe3, 0x80,
    0x2, 0x20, 0x3, 0xf3, 0xe4, 0xf5, 0xda, 0x40,
    0x38, 0xf6, 0xad, 0xc1, 0xb5, 0x18, 0x3, 0x15,
    0x6a, 0x0, 0x45, 0xac, 0x1, 0x17, 0xcf, 0x77,
    0xeb, 0x0, 0x16, 0xef, 0xfa, 0x0,

    /* U+56F4 "围" */
    0xef, 0xff, 0xfe, 0x2, 0x5, 0xff, 0xdd, 0x1f,
    0xfc, 0x20, 0x7, 0x0, 0xd0, 0x1, 0xfd, 0xdf,
    0xee, 0xf, 0xfc, 0x1, 0xdd, 0xfe, 0xe0, 0xff,
    0xc0, 0x1c, 0x5d, 0xcf, 0xe, 0xe9, 0x40, 0x38,
    0xbf, 0xd8, 0x1f, 0xf2, 0x80, 0x70, 0x80, 0x4,
    0x3, 0x8, 0x6, 0x6f, 0xfb, 0x43, 0xfe, 0xe1,
    0x0, 0x9b, 0xba, 0xf0, 0xee, 0x60, 0x88, 0x3,
    0xfd, 0xd9, 0x20, 0x1f, 0xc6, 0x1d, 0xc7, 0x0,
    0xdd, 0x99, 0x68, 0x66, 0x70, 0x80, 0x2a, 0x23,
    0xfc, 0x20,

    /* U+56FA "固" */
    0x5f, 0xff, 0xfe, 0x7, 0x1, 0x77, 0x7f, 0xa4,
    0x2, 0x11, 0xc7, 0x62, 0x38, 0xc0, 0x3e, 0x64,
    0x0, 0xfc, 0x5f, 0xf5, 0x8f, 0xfd, 0xa0, 0x18,
    0xbf, 0xec, 0x1f, 0xfb, 0x40, 0x3f, 0xf8, 0xe3,
    0xfd, 0xa1, 0xdf, 0xc0, 0x1f, 0xbb, 0xb6, 0x0,
    0x7f, 0xf2, 0xfb, 0xb6, 0x0, 0x7c, 0x3f, 0xdd,
    0xbf, 0x80, 0x31, 0xaa, 0xff, 0xb4, 0x0, 0x33,
    0x3f, 0xe5, 0x0,

    /* U+56FE "图" */
    0xdf, 0xff, 0xfe, 0x2, 0x5, 0x77, 0x53, 0xbd,
    0xdc, 0x20, 0x1, 0x19, 0xe0, 0x84, 0x78, 0x3,
    0x92, 0x43, 0xba, 0xf5, 0x0, 0xe6, 0xb1, 0x8e,
    0xe2, 0x2a, 0x80, 0x3b, 0xf3, 0xee, 0xb4, 0xe8,
    0x3, 0xd2, 0x68, 0x28, 0x40, 0x80, 0x1c, 0x75,
    0xd1, 0x5d, 0xc1, 0xae, 0x60, 0x8, 0xb3, 0x2b,
    0xb3, 0xcf, 0x6b, 0x80, 0x42, 0xc4, 0x3b, 0x1f,
    0x60, 0x62, 0x1, 0xd1, 0xd9, 0x5f, 0x0, 0x1f,
    0xa3, 0xb9, 0x9f, 0x98, 0x0, 0xe3, 0x44, 0x98,
    0x76, 0xa5, 0x10, 0x20, 0xa, 0x88, 0xfa, 0x62,
    0x0, 0x0,

    /* U+5706 "圆" */
    0xef, 0xff, 0xfe, 0x2, 0x6, 0x7f, 0xff, 0x84,
    0x3, 0x5e, 0xef, 0x71, 0x80, 0x79, 0xe7, 0x77,
    0x0, 0x7e, 0x7a, 0xdd, 0xc2, 0x1, 0xf5, 0xf6,
    0xee, 0xf3, 0x0, 0xe2, 0xff, 0xfa, 0x40, 0x3c,
    0x3f, 0xeb, 0xdf, 0x70, 0xf, 0xf4, 0x30, 0x7,
    0xfc, 0x46, 0xe0, 0x1f, 0x8b, 0x17, 0x1e, 0x73,
    0x64, 0x3, 0x3d, 0x64, 0xdc, 0x54, 0x4e, 0x8,
    0x4, 0x39, 0x5a, 0x82, 0x25, 0xea, 0x30, 0xa,
    0xed, 0x39, 0x9d, 0xf7, 0xe2, 0x0,

    /* U+5708 "圈" */
    0xef, 0xff, 0xfe, 0x3, 0x85, 0xf7, 0x6b, 0xee,
    0xe4, 0x0, 0x38, 0xbc, 0x5, 0x9, 0xe8, 0x88,
    0x3, 0x14, 0x5a, 0xa8, 0x9, 0x2c, 0x3, 0xad,
    0xfa, 0xdb, 0xb4, 0xc0, 0xc0, 0x35, 0x52, 0x6,
    0x64, 0xf1, 0x2, 0x0, 0xc9, 0x76, 0x63, 0x1,
    0xe4, 0x20, 0xc, 0xaa, 0x12, 0xdd, 0x8, 0x79,
    0x80, 0x4f, 0x96, 0x11, 0x76, 0x7c, 0x27, 0x0,
    0x9f, 0xd8, 0xd, 0xe9, 0x2, 0x9c, 0x3, 0x8,
    0x4, 0xd7, 0x32, 0x50, 0xf, 0x9f, 0xbb, 0x32,
    0x0, 0x64, 0x4b, 0x6e, 0xab, 0x2a, 0x38, 0x2,
    0xa6, 0x7f, 0xc6, 0x0,

    /* U+571F "土" */
    0x0, 0xfa, 0xa4, 0x3, 0xff, 0xda, 0x67, 0xc2,
    0x46, 0x7c, 0x1, 0x16, 0x67, 0x22, 0x33, 0x38,
    0x80, 0x5, 0xff, 0xca, 0xdf, 0xfc, 0x40, 0x1f,
    0xff, 0xf0, 0xf, 0x16, 0xef, 0x95, 0xf7, 0x7c,
    0x44, 0x88, 0xf5, 0x5c, 0x47, 0x8c,

    /* U+5727 "圧" */
    0x0, 0x6f, 0xff, 0xff, 0x0, 0x3, 0x46, 0xef,
    0xfc, 0x1, 0x88, 0xbc, 0x4, 0x5c, 0x1, 0xfc,
    0xb8, 0x1, 0xff, 0xdc, 0x30, 0xbf, 0xfa, 0x87,
    0xff, 0x18, 0x6, 0x19, 0xdd, 0xa0, 0x77, 0x71,
    0x80, 0x42, 0xc4, 0x5c, 0x4, 0x58, 0x2, 0x20,
    0x30, 0xf, 0xfe, 0xb, 0x88, 0x80, 0x3f, 0xf8,
    0x3a, 0x80, 0x1f, 0xfc, 0x26, 0xc3, 0x3e, 0x20,
    0x33, 0xe0, 0x41, 0x6f, 0xdd, 0xd2, 0x1b, 0xbc,
    0x69, 0x81, 0x9d, 0xdf, 0xf1, 0x80,

    /* U+5728 "在" */
    0x0, 0xf2, 0x8, 0x7, 0xff, 0x4, 0x6d, 0x40,
    0x3f, 0xf8, 0x2e, 0x28, 0x1, 0xfd, 0xff, 0xa4,
    0x7f, 0xff, 0x0, 0x37, 0x68, 0xc, 0xdd, 0xfc,
    0x0, 0x22, 0xa6, 0xc, 0x88, 0xf0, 0x45, 0x80,
    0x34, 0x9b, 0x80, 0x46, 0xc0, 0x1f, 0x33, 0x20,
    0x3, 0xff, 0x80, 0xf2, 0x2, 0x1f, 0xf4, 0x9f,
    0xfc, 0xc0, 0x71, 0x22, 0x0, 0xdd, 0x9c, 0xb7,
    0x67, 0x3, 0xc6, 0x0, 0x88, 0xae, 0x12, 0x28,
    0x40, 0x6, 0x1, 0xff, 0xd7, 0x11, 0xe0, 0x11,
    0xc0, 0x1e, 0xbe, 0xea, 0xf, 0xbb, 0x0,

    /* U+5730 "地" */
    0x0, 0xe, 0x0, 0x7b, 0x8c, 0x3, 0xe3, 0x0,
    0xb4, 0x40, 0x3f, 0xf8, 0x44, 0x1, 0x85, 0xe4,
    0x7, 0x30, 0x19, 0x60, 0x1d, 0xdc, 0xa4, 0x1,
    0x9b, 0x9, 0xf0, 0x4, 0xf0, 0xa7, 0x48, 0x4,
    0xae, 0xa, 0xa8, 0x5, 0xb1, 0xa1, 0x0, 0xfc,
    0xc8, 0x18, 0xa0, 0x10, 0x80, 0x7c, 0xf8, 0x1,
    0xf0, 0x80, 0x70, 0xb0, 0x7, 0x38, 0x13, 0x80,
    0x44, 0x1d, 0x60, 0x1e, 0xe9, 0xe0, 0x1b, 0xc2,
    0xad, 0x0, 0xe7, 0xee, 0x28, 0xb, 0xd6, 0xa8,
    0x7, 0x61, 0x80, 0x21, 0x83, 0x14, 0x3, 0x90,
    0x4c, 0x46, 0x50, 0xf, 0xd1, 0x7d, 0xdc, 0x2c,

    /* U+5740 "址" */
    0x0, 0xf, 0x0, 0x79, 0x38, 0x3, 0xe1, 0x0,
    0xff, 0xe8, 0xb, 0x30, 0x19, 0x81, 0x64, 0x1,
    0xf1, 0xff, 0x7, 0xf8, 0x50, 0x40, 0x3e, 0x29,
    0x80, 0x99, 0x8, 0x6, 0x1f, 0xf9, 0x40, 0x3f,
    0xf8, 0x19, 0x92, 0x0, 0x7f, 0xc2, 0x67, 0x8,
    0x6, 0x17, 0x10, 0xf, 0xf9, 0x43, 0xac, 0xc0,
    0x3f, 0x8f, 0x6d, 0x73, 0x4, 0x1, 0xfc, 0x4b,
    0xd4, 0x60, 0x1f, 0xf0, 0xc0, 0x80, 0xc, 0xc0,
    0xa6, 0x61, 0x33, 0x88, 0x3, 0xb7, 0x43, 0x1b,
    0x23, 0xbb, 0x50,

    /* U+5747 "均" */
    0x0, 0xff, 0xe3, 0x17, 0x80, 0x45, 0xe4, 0x1,
    0xff, 0xc1, 0xa3, 0x20, 0xf, 0xfe, 0xb, 0x16,
    0xef, 0x84, 0xbb, 0x43, 0xf5, 0x8b, 0x3f, 0xf4,
    0x90, 0x16, 0xd0, 0x64, 0x4c, 0x11, 0x73, 0x0,
    0x81, 0xb8, 0x1e, 0x20, 0xaa, 0xe0, 0x10, 0xf,
    0xa6, 0xba, 0x67, 0x3, 0x80, 0x7e, 0x1b, 0xcc,
    0xc0, 0x22, 0x0, 0xe2, 0x71, 0x0, 0xc6, 0x26,
    0x60, 0x9, 0x3, 0x70, 0x0, 0x71, 0xbc, 0x42,
    0x20, 0x3f, 0xb8, 0xeb, 0x4d, 0xd0, 0xf6, 0x9f,
    0x30, 0x1e, 0x6b, 0x88, 0x3c, 0xf4, 0x98, 0x0,
    0x88, 0x0, 0x30, 0xc, 0x48, 0x0, 0x32, 0x44,
    0x68, 0x7, 0xfd, 0xba, 0xb5, 0x50, 0x7, 0xfd,
    0xdf, 0xea, 0x0, 0x0,

    /* U+574F "坏" */
    0x0, 0xf, 0x81, 0xff, 0xff, 0x38, 0x7, 0x1e,
    0xee, 0x61, 0xdd, 0x98, 0x3, 0xc4, 0x51, 0xbb,
    0x11, 0x42, 0x8, 0x80, 0x53, 0x0, 0xac, 0x68,
    0x3, 0xc, 0xc0, 0x44, 0x80, 0x19, 0x44, 0x3,
    0x87, 0x70, 0x36, 0x81, 0x64, 0x82, 0xf4, 0xc0,
    0x3f, 0x35, 0x2c, 0x84, 0xd6, 0x30, 0x7, 0xa6,
    0x51, 0x40, 0x13, 0xdc, 0xb0, 0x7, 0x56, 0xb8,
    0x7, 0x26, 0x30, 0x0, 0xc3, 0x30, 0x60, 0x1f,
    0x18, 0x15, 0xe9, 0xd7, 0x8, 0x7, 0xf1, 0x1e,
    0xe3, 0x8, 0x7, 0xfd, 0x4, 0x1, 0xff, 0xd1,

    /* U+5757 "块" */
    0x0, 0x17, 0x80, 0x76, 0x28, 0x7, 0xff, 0x3d,
    0x73, 0x7, 0x19, 0x91, 0x0, 0x33, 0xc3, 0x25,
    0x3b, 0x85, 0x5d, 0xc3, 0x0, 0xa6, 0xc2, 0x68,
    0x48, 0x82, 0x45, 0x0, 0x65, 0x40, 0x53, 0x0,
    0x84, 0x3, 0xff, 0x90, 0x20, 0x1f, 0x7f, 0xc5,
    0x5f, 0xe0, 0xc4, 0x0, 0xc4, 0xfd, 0xcc, 0x0,
    0x57, 0x74, 0x80, 0x4, 0xd, 0xe1, 0x12, 0x1b,
    0xf0, 0x8c, 0x5, 0xd2, 0xfd, 0x20, 0x33, 0x54,
    0x44, 0x0, 0x45, 0x1f, 0x2, 0x0, 0xa2, 0x62,
    0x8a, 0x20, 0x9, 0x80, 0x22, 0xc6, 0xd0, 0x3,
    0xa6, 0x28, 0x7, 0xe, 0x36, 0x8, 0x5, 0x4d,
    0x48, 0x1, 0x87, 0xe8, 0x40, 0x3a, 0x39, 0x0,

    /* U+5782 "垂" */
    0x0, 0xf8, 0x49, 0x1a, 0x29, 0x40, 0x21, 0xcd,
    0xef, 0xf7, 0x6c, 0xe8, 0xe3, 0x0, 0x43, 0xfd,
    0x9d, 0xea, 0xfb, 0x72, 0xc6, 0x1, 0x8c, 0xc4,
    0x20, 0x1f, 0xf2, 0xff, 0xf2, 0xbf, 0xff, 0x28,
    0x1, 0x76, 0xf, 0x74, 0x8d, 0xba, 0x37, 0xd5,
    0x0, 0x88, 0x40, 0x88, 0x22, 0x22, 0x7, 0x10,
    0x0, 0xb7, 0x50, 0x7b, 0xa5, 0x6d, 0xd1, 0xc6,
    0xe8, 0x89, 0xdc, 0x62, 0xee, 0x22, 0x3b, 0x84,
    0xfd, 0xc2, 0x3, 0x37, 0x9, 0x98, 0x48, 0xcc,
    0x3e, 0x66, 0x0, 0x9, 0x70, 0x11, 0x4, 0x44,
    0x40, 0xe2, 0x10, 0x3, 0xe3, 0x16, 0x61, 0x1b,
    0x30, 0x4d, 0x8c, 0x0, 0x6e, 0xee, 0x57, 0xee,
    0xe7, 0x0, 0x8, 0xf8, 0x4, 0x7e, 0x0, 0x7f,
    0x77, 0x2b, 0x77, 0x77, 0x80,

    /* U+578B "型" */
    0x6, 0xff, 0xf6, 0x86, 0xa0, 0x6a, 0x0, 0x1b,
    0xc6, 0xfc, 0xeb, 0x40, 0x3f, 0xc6, 0xe0, 0x1f,
    0xfc, 0x4, 0x41, 0xa2, 0x7, 0x50, 0x3, 0xf7,
    0xc0, 0xdc, 0x12, 0xc1, 0x0, 0x7d, 0x70, 0x39,
    0x83, 0x8c, 0x29, 0x50, 0xf, 0x7b, 0x0, 0x79,
    0x4, 0x3, 0xa9, 0xe0, 0x0, 0xe0, 0x20, 0xe,
    0xf3, 0x60, 0x4, 0x60, 0x5, 0x7b, 0x40, 0xf,
    0xee, 0x10, 0x0, 0x88, 0x89, 0x89, 0xd1, 0xa,
    0xa2, 0x0, 0xcb, 0x11, 0x90, 0xa2, 0x32, 0x80,
    0x67, 0xcc, 0xcc, 0xb9, 0x99, 0xc0, 0x22, 0x2f,
    0xb, 0x91, 0x78, 0xf, 0x33, 0xce, 0x59, 0x9e,
    0x30,

    /* U+57DF "域" */
    0x0, 0xff, 0x8, 0x80, 0x3d, 0xa8, 0x1, 0xe8,
    0x97, 0xb1, 0x0, 0xf0, 0x8f, 0x18, 0xb6, 0x48,
    0x7, 0xbb, 0xb9, 0x5b, 0xa1, 0xc0, 0xdc, 0xf5,
    0x7f, 0xf9, 0xdb, 0xfe, 0x5, 0xb1, 0x4c, 0x13,
    0x38, 0x7c, 0xc0, 0x44, 0xd, 0x85, 0x32, 0x6e,
    0x8e, 0x61, 0x10, 0x53, 0x0, 0x7d, 0x76, 0xa0,
    0x37, 0x24, 0x60, 0xf, 0xf9, 0x8a, 0x90, 0x40,
    0x38, 0x42, 0x7a, 0x0, 0x85, 0xa0, 0x3, 0xa3,
    0xdf, 0xfb, 0xd8, 0x44, 0x86, 0x0, 0x3c, 0x25,
    0xf1, 0x59, 0xdf, 0x81, 0xc0, 0x10, 0x64, 0xe9,
    0x7e, 0x91, 0xea, 0x64, 0xd0, 0xd1, 0x58, 0x10,
    0x6e, 0xc8, 0x5a, 0xa9, 0x14, 0x84, 0x3, 0x84,
    0x1, 0xfa, 0x83, 0x36, 0xc0,

    /* U+57FA "基" */
    0x0, 0xdc, 0x80, 0x1d, 0xaa, 0x1, 0x8e, 0xa8,
    0x31, 0x55, 0xc5, 0x35, 0x0, 0x2, 0x88, 0xd,
    0xc4, 0x70, 0xdc, 0x50, 0x0, 0x48, 0x81, 0x39,
    0x9c, 0x24, 0x50, 0x7, 0xab, 0xbb, 0x88, 0x3,
    0xfa, 0xb7, 0x78, 0x80, 0x3f, 0xab, 0x77, 0x88,
    0x3, 0xf, 0xfc, 0x37, 0xff, 0xc5, 0x5f, 0xe7,
    0x1e, 0xe6, 0xc, 0xf7, 0x71, 0xb7, 0x71, 0xc0,
    0x4f, 0x59, 0x82, 0xda, 0x22, 0xd7, 0x81, 0x0,
    0x46, 0xb1, 0xf7, 0x20, 0xfb, 0x9f, 0x4b, 0xc8,
    0x5, 0x91, 0x7d, 0xc8, 0x3e, 0xe9, 0x32, 0x14,
    0x28, 0xc0, 0x3f, 0xe6, 0x10, 0x6, 0xff, 0xe8,
    0x3f, 0xfe, 0x40,

    /* U+5831 "報" */
    0x0, 0x8b, 0x80, 0x28, 0xff, 0xee, 0x0, 0x4f,
    0xe8, 0xff, 0x90, 0x17, 0xba, 0xb0, 0xa, 0x7b,
    0x3, 0xb8, 0x80, 0x62, 0x33, 0x80, 0x42, 0x1,
    0xc2, 0x1, 0x1a, 0xd9, 0x81, 0xf7, 0x30, 0x3b,
    0x9e, 0x1, 0x37, 0x14, 0x1, 0xf8, 0xf7, 0xd9,
    0xf0, 0x12, 0xf, 0xf0, 0x80, 0x4e, 0xc1, 0xd4,
    0x0, 0x5b, 0xee, 0xac, 0x83, 0xda, 0x3d, 0x66,
    0x81, 0xc6, 0x2b, 0x88, 0x81, 0xdc, 0xc0, 0xee,
    0x58, 0x1, 0xe8, 0x35, 0x0, 0x2, 0x20, 0x0,
    0x8c, 0x0, 0xb7, 0x36, 0xb0, 0x6, 0x7e, 0x7,
    0xf9, 0xc0, 0x4, 0xf8, 0xa4, 0x0, 0xcf, 0xd1,
    0xff, 0x38, 0x5, 0xc0, 0x1f, 0xfc, 0x28, 0x85,
    0x35, 0x90, 0x7, 0xf2, 0xa6, 0x2e, 0x1a, 0x80,
    0x45, 0xc0, 0x14, 0x66, 0x8, 0x1, 0xe,

    /* U+5834 "場" */
    0x0, 0x1f, 0x0, 0x5f, 0xdd, 0xde, 0x40, 0x1f,
    0xdd, 0xdc, 0x20, 0x1f, 0xed, 0xde, 0x10, 0x0,
    0xfe, 0xf, 0xd0, 0x3, 0x77, 0x84, 0x0, 0x3f,
    0x83, 0xf4, 0x0, 0xee, 0xe1, 0x0, 0xfc, 0x3d,
    0xff, 0xdc, 0x60, 0x1e, 0x9e, 0xef, 0xe5, 0x0,
    0xe8, 0xf3, 0x8f, 0xff, 0x28, 0x4, 0x39, 0x52,
    0x73, 0xdd, 0xda, 0x0, 0x7e, 0x14, 0x5, 0xe9,
    0x5f, 0x5b, 0xb0, 0x0, 0xa6, 0xfa, 0xcb, 0xa,
    0x68, 0x99, 0x4c, 0x40, 0xb9, 0x80, 0xe4, 0xf6,
    0x87, 0xec, 0x39, 0x80, 0x3c, 0xbb, 0x49, 0xe,
    0xc0, 0x9a, 0x1, 0xe5, 0xc4, 0x42, 0xd4, 0xf8,
    0x30, 0x7, 0xc4, 0x9, 0xa3, 0x3f, 0x82, 0x0,

    /* U+5835 "堵" */
    0x0, 0x17, 0x80, 0x77, 0x80, 0x46, 0x60, 0xf,
    0x8c, 0xc8, 0x8, 0x65, 0xc8, 0x1, 0xf4, 0xfc,
    0x84, 0xff, 0xb, 0x80, 0x5, 0x80, 0x45, 0x59,
    0xa1, 0xbe, 0x7c, 0x0, 0x1e, 0xb0, 0xed, 0x55,
    0x81, 0xb5, 0x1d, 0x44, 0x5f, 0x81, 0xf3, 0x38,
    0x64, 0xde, 0x64, 0xa0, 0x1, 0x0, 0x2e, 0x6a,
    0x85, 0x40, 0xc6, 0x20, 0x7, 0x1d, 0x73, 0x1f,
    0x70, 0x24, 0xc0, 0x3d, 0x43, 0x1, 0x3f, 0xe9,
    0x20, 0xf, 0x5a, 0x5a, 0xa, 0x26, 0x10, 0x9,
    0x78, 0x1, 0x20, 0x1, 0xff, 0xc2, 0x0, 0x3a,
    0x6d, 0xb4, 0x0, 0xf, 0xfe, 0x10, 0x1, 0xf5,
    0x10, 0x7, 0x11, 0x60, 0xc, 0x20, 0x1e, 0x1f,
    0xfc, 0x20, 0x0,

    /* U+5854 "塔" */
    0x0, 0x16, 0x80, 0x49, 0xa0, 0x1, 0xf0, 0xf,
    0x18, 0x34, 0x71, 0xc4, 0x24, 0x22, 0x6, 0x1,
    0xef, 0x30, 0xff, 0x0, 0x3f, 0xc0, 0x5, 0x50,
    0xaa, 0x9f, 0x4c, 0xb6, 0xc1, 0xdc, 0x61, 0x34,
    0x13, 0x60, 0x97, 0x60, 0xda, 0x0, 0xd9, 0xe3,
    0x90, 0x9, 0x15, 0x47, 0x82, 0x0, 0xf8, 0x66,
    0xa8, 0x81, 0x9, 0xb0, 0x1, 0xc3, 0xe1, 0xf5,
    0xfe, 0xe5, 0xc4, 0x80, 0xe, 0x99, 0xf, 0x7f,
    0xd8, 0x79, 0x0, 0x4, 0x1e, 0xd2, 0xff, 0xf8,
    0x0, 0x5b, 0x2b, 0x94, 0x0, 0xef, 0xfb, 0x0,
    0x22, 0x5d, 0xa3, 0x0, 0x84, 0x2, 0x10, 0xd,
    0x4, 0x1, 0xc4, 0x59, 0x80, 0x3f, 0xec, 0xcd,
    0x40, 0x10,

    /* U+5857 "塗" */
    0x0, 0x53, 0x0, 0x67, 0xeb, 0x10, 0xf, 0x45,
    0x48, 0xd, 0x5f, 0x1f, 0x98, 0x6, 0x32, 0xcb,
    0x8f, 0x2c, 0x8, 0xbd, 0xb4, 0x0, 0x46, 0x9f,
    0x14, 0xae, 0xff, 0x43, 0xe5, 0x18, 0x5d, 0x97,
    0x29, 0xf7, 0x43, 0xba, 0x97, 0xe3, 0x0, 0x33,
    0x2, 0xfb, 0xa1, 0xde, 0xe9, 0x0, 0x36, 0x15,
    0xda, 0xb8, 0x77, 0x27, 0x90, 0x2, 0x76, 0x24,
    0xb6, 0x0, 0x8b, 0x6c, 0x2, 0x39, 0xb5, 0x9d,
    0x77, 0x8, 0x82, 0x86, 0x0, 0xf, 0x42, 0xb8,
    0x66, 0xdb, 0x20, 0x5, 0x40, 0x1, 0x3, 0x75,
    0x9b, 0xb, 0x3b, 0xb8, 0x3, 0x27, 0xfe, 0x63,
    0xff, 0xe0, 0xe, 0x22, 0xdc, 0x4, 0x5c, 0x0,
    0x1f, 0xff, 0x49, 0xff, 0xf9, 0xc0,

    /* U+585E "塞" */
    0x1, 0x1f, 0x54, 0x88, 0xf8, 0x1, 0x9d, 0xdc,
    0xad, 0xdd, 0xd8, 0x1, 0x57, 0xf8, 0xfb, 0xfd,
    0xc7, 0xfe, 0xa0, 0x9, 0x73, 0x23, 0xcc, 0xc7,
    0xb9, 0x85, 0x0, 0x44, 0xee, 0x83, 0xb7, 0x5c,
    0x19, 0xb3, 0x0, 0x11, 0x6e, 0x83, 0xb7, 0x5c,
    0x1b, 0xa2, 0x0, 0xc5, 0xba, 0xe, 0xdd, 0x70,
    0x6e, 0x88, 0x2, 0xbb, 0x55, 0x3, 0xea, 0x9e,
    0x1b, 0x57, 0x61, 0xf, 0xf9, 0xce, 0x3f, 0xd0,
    0x85, 0xdf, 0xe1, 0x4, 0x5f, 0xc, 0x4c, 0xc2,
    0x5a, 0x40, 0x20, 0xd, 0x70, 0xb6, 0xe9, 0xdd,
    0xba, 0xa, 0xa6, 0x90, 0x9e, 0xd5, 0x33, 0xc,
    0xcc, 0xc5, 0x3f, 0x59, 0x4, 0x90, 0x0, 0x44,
    0x0, 0x11, 0x0, 0x4c, 0x0, 0x2f, 0xfe, 0x66,
    0x7f, 0xf2, 0x0,

    /* U+586B "填" */
    0x0, 0x16, 0x0, 0x71, 0xf8, 0x7, 0xe2, 0x5,
    0xff, 0xb0, 0x3f, 0xf2, 0x0, 0x72, 0xff, 0xda,
    0x1f, 0xf9, 0x2, 0x2c, 0x61, 0x4b, 0xf3, 0xcb,
    0x37, 0xc0, 0x22, 0x20, 0x11, 0x0, 0x19, 0xba,
    0xcc, 0x0, 0x6a, 0x91, 0xa7, 0x0, 0x66, 0x6d,
    0x0, 0xff, 0xb7, 0x77, 0x80, 0x7f, 0xd7, 0x7a,
    0x0, 0x3e, 0x14, 0x0, 0x66, 0x70, 0x7, 0x20,
    0xf7, 0xa, 0xc8, 0xb1, 0xd8, 0x0, 0xba, 0x1f,
    0x9b, 0xee, 0xfe, 0xf7, 0x2b, 0xe8, 0x1d, 0xec,
    0x6d, 0xea, 0x7e, 0xe3, 0x82, 0x80, 0x69, 0xdf,
    0x21, 0x42, 0xc5, 0x0, 0xe1, 0xc2, 0xc6, 0x0,
    0xd, 0x45, 0x18, 0x6, 0x1d, 0xa2, 0x0, 0xe5,
    0xe3,

    /* U+5883 "境" */
    0x0, 0x16, 0x0, 0x71, 0x78, 0x80, 0x78, 0x48,
    0x1, 0x9d, 0xf8, 0x3f, 0xee, 0xc0, 0xf, 0xb3,
    0xc7, 0xba, 0x1c, 0xc0, 0x1, 0x10, 0x8, 0x64,
    0x66, 0x52, 0x62, 0x2, 0x1, 0x8a, 0x18, 0xef,
    0xf0, 0x47, 0xd8, 0xff, 0x8c, 0x73, 0x87, 0x37,
    0x2e, 0xfe, 0xf3, 0x0, 0xf1, 0x49, 0x17, 0x43,
    0x0, 0x7f, 0x7f, 0xf0, 0x80, 0x79, 0xac, 0x6,
    0xef, 0x88, 0x2, 0x1a, 0x1b, 0xd0, 0x1b, 0xbe,
    0x20, 0x1, 0xf2, 0x56, 0xb1, 0xf3, 0xed, 0x37,
    0xf2, 0x1, 0xde, 0xa8, 0x4, 0x84, 0xe2, 0xe,
    0x2a, 0x20, 0x80, 0x11, 0xcd, 0x50, 0x40, 0xe,
    0x32, 0xa0, 0x18, 0xf4, 0xf5, 0x0, 0x9, 0x7c,
    0x28, 0x1, 0x8f, 0xa8, 0x80, 0x29, 0xff, 0x68,
    0x0,

    /* U+5897 "増" */
    0x0, 0xff, 0xe2, 0x9f, 0x0, 0x58, 0xe0, 0x15,
    0x50, 0x3, 0xf4, 0x40, 0x0, 0x49, 0x60, 0x1f,
    0x6d, 0x8f, 0xfb, 0x43, 0xb0, 0x1a, 0xc5, 0x90,
    0x2f, 0xb8, 0x1f, 0xd4, 0x0, 0xf3, 0xf, 0x20,
    0xad, 0xf0, 0xed, 0xb0, 0x4, 0xc0, 0xcb, 0x5,
    0x6f, 0x87, 0x6d, 0x80, 0x7e, 0x9b, 0xd0, 0xcb,
    0x80, 0xf, 0xbf, 0xd3, 0xdb, 0xd3, 0xfa, 0x1,
    0x85, 0x43, 0x33, 0xe2, 0x0, 0x20, 0xf7, 0x0,
    0x7b, 0xb8, 0x0, 0x7f, 0x2f, 0xb6, 0x0, 0xcc,
    0xe1, 0x3, 0xae, 0x82, 0x0, 0xbb, 0xb8, 0x40,
    0xa, 0x1, 0xe3, 0x3e, 0x0, 0xff, 0x7f, 0xf0,
    0x80,

    /* U+589E "增" */
    0x0, 0x62, 0x80, 0x46, 0xd9, 0x91, 0x0, 0x7f,
    0x2e, 0xaf, 0xf9, 0x3c, 0x3, 0xf1, 0x5c, 0x19,
    0xd0, 0xf8, 0x20, 0x48, 0x3a, 0xb8, 0x35, 0x99,
    0x9c, 0xf0, 0x12, 0x49, 0xb9, 0xc6, 0xb8, 0x22,
    0xb8, 0x20, 0x1b, 0x4e, 0xed, 0x6, 0x8, 0xed,
    0x46, 0x28, 0x1, 0xf1, 0x8f, 0x35, 0x2b, 0x8,
    0x7, 0xc3, 0x3, 0xd7, 0xde, 0x12, 0x20, 0x18,
    0xd8, 0x96, 0xab, 0xc4, 0x1, 0x86, 0x64, 0xce,
    0xee, 0xec, 0x42, 0x0, 0x5e, 0x27, 0xe4, 0x0,
    0xff, 0x13, 0x74, 0x8, 0x1, 0x62, 0x30, 0x80,
    0x4f, 0x2, 0x1, 0x92, 0xab, 0x10, 0x7, 0xf9,
    0x77, 0x71, 0x0, 0x40,

    /* U+58F0 "声" */
    0x1, 0x1f, 0x5c, 0x88, 0xf8, 0x3f, 0xbb, 0x91,
    0xbb, 0xbb, 0x43, 0xbf, 0xf9, 0x5f, 0xff, 0xb0,
    0x0, 0x89, 0xcc, 0x48, 0x9c, 0x1, 0x7c, 0x46,
    0x6, 0x88, 0xe1, 0x0, 0x5e, 0x67, 0xfc, 0x20,
    0x9, 0xff, 0xff, 0x60, 0x6, 0x6f, 0xf9, 0x5f,
    0xfe, 0x90, 0xc, 0x62, 0x1, 0xff, 0xc1, 0x67,
    0xee, 0x95, 0xfb, 0xa9, 0x0, 0xc5, 0x5f, 0xf7,
    0x73, 0xfe, 0x80, 0x8, 0xc5, 0x44, 0x7f, 0x37,
    0x80, 0x21, 0x80, 0x3f, 0x84, 0xc1, 0x55, 0x0,
    0x1f, 0xfc, 0x5, 0xd1, 0x0, 0xff, 0xe0, 0x0,

    /* U+5904 "处" */
    0x0, 0xff, 0xe3, 0xcc, 0x80, 0x31, 0x78, 0x80,
    0x7c, 0x9c, 0x1, 0xff, 0xc1, 0x12, 0x8f, 0xf7,
    0x8, 0x7, 0xf2, 0xe, 0xea, 0x84, 0x40, 0x7,
    0x0, 0xf6, 0x21, 0x16, 0x0, 0xa5, 0x80, 0x39,
    0x9c, 0x1, 0xa8, 0x1, 0x4c, 0x8c, 0x2, 0x73,
    0x31, 0x3, 0xf8, 0x4, 0xee, 0xd0, 0xa, 0x61,
    0x14, 0xc9, 0xc0, 0x34, 0x15, 0x0, 0x3d, 0x3a,
    0x64, 0xa2, 0x1, 0xdf, 0xc0, 0x1, 0x4, 0x25,
    0xe0, 0xf, 0x1a, 0x0, 0x73, 0x80, 0x7f, 0xf0,
    0xa5, 0x1a, 0xdc, 0xc, 0xc0, 0x1e, 0x1a, 0x6b,
    0x9a, 0x9e, 0x8a, 0x53, 0x38, 0x4b, 0xdf, 0x10,
    0x17, 0xa0, 0xee, 0xd9, 0x91, 0x95, 0x69, 0x80,
    0x66, 0xad, 0xff, 0xc4,

    /* U+5907 "备" */
    0x0, 0xe3, 0x40, 0xf, 0xfe, 0x8, 0xee, 0x0,
    0x61, 0x0, 0xf8, 0x74, 0x5f, 0xff, 0x72, 0x0,
    0x71, 0xf9, 0xb7, 0xfd, 0xa4, 0xc8, 0x1, 0x9f,
    0x27, 0x8a, 0xc9, 0xb2, 0xa4, 0x3, 0x9f, 0x9c,
    0x69, 0xb6, 0x59, 0xc0, 0x3e, 0x26, 0xbe, 0x6a,
    0x85, 0xfa, 0x74, 0x10, 0x4f, 0xdd, 0x67, 0x5a,
    0xbe, 0xe6, 0xea, 0x74, 0x13, 0x69, 0x67, 0xfb,
    0xb6, 0xcb, 0x6e, 0x0, 0x8, 0x7, 0xfe, 0x9,
    0xff, 0x30, 0x80, 0x7c, 0x23, 0x18, 0x8d, 0xe0,
    0x1f, 0xbb, 0xa2, 0x9e, 0xe4, 0x0, 0x7e, 0xee,
    0x8a, 0xbb, 0x92, 0x1, 0xff, 0xc0, 0x30, 0x0,
    0x80, 0x7e, 0xff, 0x8a, 0x7f, 0xd0, 0x1, 0x80,

    /* U+5909 "変" */
    0x0, 0xfa, 0x64, 0x1, 0xfb, 0xff, 0xcc, 0xcf,
    0xff, 0x0, 0x37, 0x78, 0xa7, 0x5d, 0x37, 0x70,
    0x0, 0x89, 0xcc, 0x46, 0xa5, 0xe2, 0x2f, 0x2,
    0x0, 0xa9, 0xd0, 0xc4, 0xc0, 0x23, 0x5c, 0x10,
    0x5, 0xb5, 0x7, 0xb0, 0x7, 0x43, 0xe8, 0x3,
    0x70, 0x30, 0x69, 0x3e, 0x34, 0x1, 0x28, 0x20,
    0xc0, 0x37, 0x6c, 0x7f, 0xf3, 0x80, 0x50, 0x20,
    0x1d, 0x21, 0x9f, 0xf9, 0xc0, 0x38, 0xf2, 0x4b,
    0xbf, 0xe6, 0x27, 0x0, 0xd1, 0xb5, 0xd5, 0x86,
    0x34, 0x9e, 0x1, 0xd1, 0xcc, 0xf, 0x59, 0xe3,
    0xa4, 0x1, 0xf1, 0xbe, 0x42, 0xa2, 0x31, 0xcc,
    0x40, 0x3, 0xbf, 0xb9, 0x5d, 0x54, 0xeb, 0xcd,
    0xee, 0x8, 0xbb, 0xab, 0x61, 0x0, 0xb, 0xdf,
    0x73, 0x44,

    /* U+590D "复" */
    0x0, 0x89, 0x0, 0x3f, 0xdd, 0xc0, 0xf, 0xe4,
    0x34, 0xdd, 0xea, 0x0, 0x15, 0x46, 0x7f, 0xf4,
    0x0, 0x30, 0xeb, 0xff, 0xb8, 0x80, 0x17, 0xc7,
    0xbb, 0xb8, 0x80, 0x25, 0x1, 0xcc, 0xdc, 0x1,
    0xe1, 0xcc, 0xdc, 0x1, 0xc2, 0x7d, 0xfb, 0xae,
    0x20, 0xc, 0x58, 0x6d, 0xbb, 0x60, 0x6, 0x1d,
    0x27, 0xee, 0x7e, 0x0, 0x4b, 0xe0, 0x59, 0xd4,
    0x10, 0x1, 0x74, 0x65, 0xe4, 0x5d, 0x20, 0x5,
    0x6c, 0x1, 0x39, 0x0, 0x73, 0xdf, 0xed, 0x7d,
    0xc7, 0xe2, 0x1, 0x77, 0x2d, 0x1, 0xb7, 0x54,
    0x80,

    /* U+5916 "外" */
    0x0, 0xff, 0xe4, 0x72, 0x0, 0x63, 0xf0, 0xf,
    0x94, 0x10, 0x3, 0xff, 0x83, 0x23, 0xff, 0x50,
    0x7, 0xf1, 0x1e, 0x6e, 0x91, 0x90, 0x3, 0xf7,
    0x39, 0x91, 0x15, 0x54, 0xe0, 0x1e, 0x73, 0xf0,
    0x1, 0x8c, 0xbc, 0x80, 0x72, 0x44, 0xd6, 0x15,
    0x28, 0x48, 0x80, 0x72, 0x6b, 0x6a, 0xeb, 0x70,
    0x3, 0xc2, 0xc4, 0x2, 0x20, 0x4, 0xa1, 0xa0,
    0x6, 0x7f, 0x50, 0xe, 0x44, 0x78, 0x7, 0x63,
    0x53, 0x80, 0x43, 0x4c, 0x60, 0x1e, 0x8d, 0x70,
    0x1, 0x62, 0xc8, 0x7, 0xe2, 0x0, 0x36, 0xb5,
    0x80, 0x7f, 0xf0, 0x32, 0x6c, 0x3, 0xff, 0x80,

    /* U+591A "多" */
    0x0, 0xf2, 0x88, 0x7, 0xff, 0x2, 0xac, 0xc0,
    0x2, 0x1, 0xf1, 0x62, 0x8e, 0xff, 0xb9, 0x40,
    0x30, 0xc6, 0xb7, 0xfe, 0x64, 0x50, 0x9, 0xf8,
    0xa1, 0x28, 0x42, 0x5e, 0x80, 0x33, 0x6d, 0x3f,
    0x8f, 0xe2, 0xf8, 0x80, 0x61, 0x20, 0x8, 0xc5,
    0x2e, 0x0, 0x3e, 0x4a, 0xe2, 0xc0, 0x81, 0x44,
    0x88, 0x27, 0xe4, 0xf6, 0x3d, 0x8d, 0x22, 0x17,
    0xc1, 0x5b, 0xaa, 0x8d, 0x7e, 0xcc, 0xa0, 0x3c,
    0xc, 0xb3, 0x5, 0x9, 0x20, 0x2, 0xa8, 0x30,
    0xb, 0xfd, 0xf, 0xcb, 0xad, 0xb2, 0xe0, 0x18,
    0xc0, 0x21, 0x82, 0x8c, 0x70, 0xf, 0x8d, 0xfa,
    0x9f, 0xcc, 0x3, 0x9b, 0x3f, 0x31, 0x7d, 0x2,
    0x1, 0xe5, 0xad, 0xfb, 0x50, 0xf, 0xc0,

    /* U+5927 "大" */
    0x0, 0xfa, 0xa8, 0x1, 0xff, 0xd2, 0x12, 0x0,
    0xff, 0xe1, 0x3f, 0x80, 0x7e, 0xff, 0xf1, 0xc7,
    0xff, 0x84, 0x2e, 0xfa, 0x40, 0x13, 0x77, 0xc2,
    0x8, 0x9c, 0x22, 0x2e, 0x44, 0xe0, 0xf, 0xad,
    0xed, 0x80, 0x3f, 0xe4, 0x3a, 0x61, 0x70, 0xf,
    0xf4, 0xa9, 0x84, 0xc1, 0x0, 0x7e, 0xa3, 0xb0,
    0x3, 0x1f, 0x88, 0x7, 0xa9, 0x74, 0x40, 0x2d,
    0xc, 0x10, 0x9, 0x79, 0x30, 0xc0, 0x30, 0xe0,
    0x73, 0x80, 0xc3, 0xf1, 0x80, 0x78, 0x75, 0xe8,
    0x45, 0xb2, 0x1, 0xfe, 0x8d, 0x10,

    /* U+5929 "天" */
    0x3, 0x3f, 0xfe, 0x10, 0x3, 0x33, 0xff, 0x84,
    0x0, 0xff, 0xf1, 0xbf, 0xff, 0x80, 0x3f, 0x38,
    0x7, 0xff, 0xd, 0xc0, 0x3f, 0x88, 0xcf, 0x84,
    0x8c, 0xf8, 0x80, 0x15, 0x99, 0xc4, 0xb9, 0x9d,
    0x60, 0x8, 0xff, 0xdc, 0x0, 0xdf, 0xfd, 0x20,
    0x1f, 0x38, 0x15, 0x0, 0x7f, 0xc3, 0xd, 0x2e,
    0x40, 0x1f, 0xeb, 0x8, 0x44, 0x78, 0x7, 0xe1,
    0xc5, 0xd1, 0xa, 0xd, 0x20, 0xc, 0x2f, 0xc1,
    0xa6, 0x0, 0x1c, 0x1d, 0x82, 0x1, 0xea, 0xa6,
    0x10, 0x6, 0x1c, 0x95, 0xd2, 0x1d, 0xd2, 0x80,
    0x7e, 0x6d, 0xd1, 0x0,

    /* U+592A "太" */
    0x0, 0xfb, 0x20, 0x3, 0xff, 0x87, 0xe0, 0x1f,
    0xfc, 0x21, 0x10, 0x7, 0xe2, 0x2f, 0x18, 0x91,
    0x78, 0x1, 0xbb, 0xe1, 0x8d, 0xdf, 0x8, 0x7f,
    0xf5, 0x80, 0x2b, 0xff, 0x84, 0x3, 0xd8, 0x6d,
    0xe0, 0x1f, 0xfc, 0x5, 0x4a, 0x51, 0x0, 0xff,
    0x29, 0x51, 0x94, 0x0, 0x7f, 0xa1, 0x88, 0x25,
    0x8c, 0x3, 0xf5, 0x18, 0x58, 0x22, 0xe8, 0x80,
    0x7a, 0x57, 0x6d, 0xb0, 0x68, 0xb0, 0x40, 0x24,
    0xd7, 0xb3, 0x2c, 0x1d, 0xd, 0xf, 0x60, 0x2b,
    0x7f, 0x40, 0x0, 0xfb, 0x8, 0xb5, 0xe4, 0xcb,
    0xa8, 0x40, 0x31, 0x50, 0x80, 0x27, 0x8c,

    /* U+592E "央" */
    0x0, 0xfa, 0xa0, 0x3, 0xf8, 0x4c, 0xf3, 0x11,
    0x9e, 0x10, 0xc, 0xf9, 0x98, 0xd7, 0x33, 0x48,
    0x7, 0x1f, 0xfc, 0xaf, 0xff, 0x20, 0x7, 0xf8,
    0x40, 0x3f, 0xf8, 0x6f, 0xe0, 0x1f, 0xfc, 0x21,
    0x10, 0x7, 0xc5, 0xf2, 0x7f, 0xf1, 0x4f, 0xfc,
    0x8f, 0xe4, 0x4c, 0xce, 0x70, 0x18, 0xcc, 0xe2,
    0x3, 0x3e, 0x56, 0x9a, 0x33, 0xe0, 0xf, 0x51,
    0xc3, 0x85, 0x0, 0x7e, 0x1b, 0x5d, 0x10, 0xc4,
    0xb1, 0x0, 0xc5, 0x1c, 0xfa, 0x60, 0x1, 0xc7,
    0xe8, 0x30, 0x1d, 0x4a, 0xc2, 0x0, 0xc5, 0x92,
    0x98, 0x83, 0xd8, 0xa0, 0x1f, 0x9b, 0x39, 0x0,

    /* U+5931 "失" */
    0x0, 0x96, 0x80, 0x17, 0x0, 0x1f, 0xe9, 0x20,
    0xf, 0xfe, 0x9, 0x1b, 0x6e, 0x91, 0xb7, 0x75,
    0x80, 0x69, 0x5b, 0x88, 0x1a, 0xc4, 0x6f, 0x0,
    0x99, 0x6d, 0x56, 0x73, 0x55, 0xc8, 0x1, 0x64,
    0x8, 0x4, 0xfe, 0x1, 0xfa, 0x54, 0xcf, 0xf,
    0x19, 0xf8, 0xb, 0x33, 0xc4, 0xd9, 0x9e, 0x22,
    0x7f, 0xf4, 0x80, 0xd7, 0xff, 0x10, 0x7, 0xad,
    0xa2, 0xc0, 0x3f, 0xeb, 0x38, 0x63, 0xb0, 0xf,
    0xc3, 0x89, 0xa2, 0x18, 0xb6, 0x20, 0x18, 0x63,
    0x83, 0x4c, 0x0, 0x38, 0xfd, 0x4, 0x3, 0xcb,
    0x38, 0x40, 0x18, 0xb2, 0x57, 0x4c, 0x77, 0x4c,
    0x1, 0xf9, 0xb7, 0x46,

    /* U+5934 "头" */
    0x0, 0x8c, 0x80, 0x28, 0xb0, 0xf, 0xe4, 0xdb,
    0x30, 0x0, 0x80, 0x7f, 0x3f, 0x9e, 0x10, 0x80,
    0x7f, 0x39, 0x4, 0x71, 0x0, 0x7f, 0xf, 0x6d,
    0x8, 0x80, 0xc8, 0x3, 0xe1, 0x9e, 0xa, 0x0,
    0x37, 0x0, 0x7c, 0x22, 0xb, 0x91, 0x11, 0x0,
    0x8f, 0x0, 0xf7, 0x6d, 0xee, 0xc, 0xf7, 0x71,
    0xf, 0xff, 0x9c, 0xff, 0xfc, 0x40, 0x1e, 0x17,
    0xa4, 0x0, 0xff, 0xe0, 0x6a, 0x22, 0x71, 0x0,
    0x3f, 0x1e, 0x8d, 0x16, 0xd5, 0x2c, 0x40, 0x32,
    0xd6, 0x2e, 0x88, 0x1, 0xbc, 0x79, 0x40, 0x1b,
    0x65, 0xb0, 0x1, 0xc3, 0x53, 0xc0, 0xc, 0xe8,
    0x20, 0xf, 0xcd, 0x60,

    /* U+5968 "奨" */
    0x0, 0xf8, 0x48, 0xd5, 0xe6, 0x80, 0x29, 0x3,
    0xe3, 0xec, 0x98, 0xc0, 0xce, 0x0, 0x8d, 0xc0,
    0x7, 0x39, 0x4d, 0x2e, 0x14, 0x1, 0x4c, 0x80,
    0x34, 0xb, 0x20, 0xdd, 0x80, 0x23, 0x77, 0x0,
    0x19, 0x43, 0x45, 0x8d, 0x40, 0x34, 0x88, 0x27,
    0x97, 0x45, 0xc9, 0x77, 0x10, 0xa, 0xa8, 0x9,
    0xcb, 0xbd, 0xd0, 0x7f, 0x21, 0x68, 0x50, 0x5,
    0xba, 0x10, 0xf, 0x16, 0x53, 0x0, 0x4c, 0xc5,
    0x23, 0x0, 0xe3, 0x0, 0xe8, 0xf4, 0x8f, 0x71,
    0x0, 0x88, 0x81, 0x4, 0x46, 0xf2, 0x8e, 0xa2,
    0x20, 0xf, 0xfb, 0xaf, 0xf0, 0x5f, 0x3f, 0xf8,
    0x45, 0xbb, 0xb0, 0xdd, 0xc5, 0xbb, 0xc2, 0x1,
    0xb, 0xfb, 0xc4, 0x1f, 0x54, 0x40, 0x22, 0xad,
    0xec, 0xaa, 0x0, 0x2e, 0xd3, 0xdb, 0x64, 0x4c,
    0xef, 0xb4, 0x0, 0xcd, 0x9d, 0x3a, 0x40,

    /* U+597D "好" */
    0x0, 0xa5, 0x0, 0x3f, 0xf8, 0x4e, 0xe0, 0x4,
    0xff, 0xfc, 0x40, 0x1, 0x11, 0x0, 0x23, 0xbb,
    0x69, 0x29, 0x1, 0x20, 0x99, 0x8, 0xfa, 0x82,
    0xc0, 0x76, 0x87, 0x75, 0x80, 0x19, 0xdb, 0x4,
    0x7, 0xd2, 0x3e, 0x58, 0x2, 0x38, 0xc1, 0x0,
    0xca, 0x81, 0xc6, 0x1, 0x84, 0x80, 0x31, 0x9,
    0x81, 0x8f, 0xfd, 0x83, 0xff, 0x58, 0x22, 0x0,
    0x9, 0x5b, 0xb5, 0xe, 0xed, 0x41, 0x8a, 0xb1,
    0x19, 0x14, 0xc0, 0x45, 0x8, 0x64, 0x42, 0x94,
    0x3, 0xfe, 0x66, 0x48, 0x32, 0x0, 0x7f, 0xc3,
    0x51, 0x36, 0x20, 0x1f, 0xc7, 0xe8, 0xee, 0xc1,
    0x22, 0x28, 0x7, 0xa5, 0xa8, 0x0, 0x61, 0x1b,
    0xc, 0x1, 0xd5, 0x0, 0x1d, 0x5f, 0xd0, 0x1,
    0x80,

    /* U+5982 "如" */
    0x0, 0x89, 0x0, 0x3f, 0xf8, 0x37, 0xa0, 0x1f,
    0xfc, 0x15, 0xf0, 0x8, 0xee, 0xfc, 0x4, 0x67,
    0x11, 0x5, 0xd7, 0x76, 0x34, 0x1d, 0xc0, 0xad,
    0xd4, 0x1, 0xb3, 0x56, 0x3, 0xf0, 0xbf, 0xe5,
    0x10, 0xf, 0xec, 0xc0, 0x1, 0xf8, 0x3, 0xf9,
    0x10, 0x0, 0x25, 0x0, 0xfc, 0x62, 0x40, 0x82,
    0x60, 0x1f, 0xac, 0x14, 0x35, 0xc0, 0x3f, 0x85,
    0x2e, 0xcf, 0xa0, 0x1f, 0xd3, 0x5e, 0xc2, 0x1,
    0xff, 0xc0, 0x42, 0x5b, 0x60, 0x33, 0xca, 0x1,
    0x3d, 0x4d, 0x5d, 0x0, 0xf7, 0x50, 0x0, 0x99,
    0x53, 0x2, 0x60, 0x16, 0xed, 0x8c, 0x11, 0xea,
    0x1, 0x93, 0x40, 0x22, 0x90,

    /* U+5999 "妙" */
    0x0, 0xff, 0xe3, 0x2e, 0x0, 0x7b, 0x8c, 0x3,
    0xda, 0xa0, 0x1f, 0xfc, 0x11, 0x4e, 0x12, 0x3,
    0xb0, 0x9, 0x9c, 0x0, 0xdc, 0x71, 0xda, 0x28,
    0x20, 0x12, 0xc0, 0x83, 0x68, 0x7f, 0x0, 0xdf,
    0x80, 0x46, 0x92, 0x0, 0x74, 0x2, 0x22, 0x12,
    0x80, 0x6e, 0x50, 0x6, 0x18, 0x2b, 0x44, 0x80,
    0x72, 0x88, 0x81, 0x30, 0x3c, 0xf9, 0xc0, 0x30,
    0xb6, 0x8, 0x8a, 0x4d, 0xec, 0x82, 0xbc, 0xa,
    0x74, 0x0, 0x33, 0x58, 0x26, 0x0, 0xae, 0xe0,
    0x3f, 0x0, 0x4c, 0xe6, 0xc, 0x1, 0x8, 0x6a,
    0x28, 0x6, 0x72, 0x99, 0x20, 0x0, 0xf0, 0x6c,
    0x3, 0x34, 0x53, 0x5a, 0xa5, 0x62, 0xe8, 0x6,
    0x18, 0xb4, 0x4, 0x6a, 0x3c, 0x90, 0xe, 0x1e,
    0x40, 0x9, 0xfa, 0x4c, 0x3, 0xc0,

    /* U+59CB "始" */
    0x0, 0x90, 0x80, 0x39, 0x44, 0x3, 0xe9, 0x60,
    0xc, 0x74, 0x60, 0x1f, 0x12, 0x80, 0x64, 0x32,
    0x0, 0xe1, 0x51, 0x2, 0x10, 0x5, 0xd8, 0x1a,
    0x0, 0x3, 0xd4, 0x3d, 0xba, 0x2, 0x36, 0x4,
    0x74, 0x1, 0xf4, 0x9f, 0x96, 0xa, 0x51, 0x10,
    0x34, 0x80, 0x4a, 0x81, 0xe5, 0xae, 0xbf, 0xda,
    0xe4, 0xc0, 0x40, 0x40, 0x5d, 0x37, 0xbd, 0xfe,
    0xea, 0x10, 0x45, 0x0, 0x22, 0x4c, 0x6, 0x45,
    0x3b, 0x83, 0x58, 0xd0, 0x48, 0x33, 0x77, 0xb0,
    0x0, 0x4b, 0x94, 0xe0, 0x16, 0x7f, 0xd6, 0x1,
    0x4c, 0x58, 0xa8, 0x80, 0x7f, 0xf0, 0x21, 0x43,
    0x0, 0x3f, 0xea, 0x7a, 0xc4, 0x0, 0x22, 0xad,
    0x80, 0x15, 0x15, 0x80, 0x24, 0x1, 0x53, 0x32,
    0x98, 0x2, 0xa0, 0x3, 0xbb, 0x73, 0x2d, 0xd0,
    0x0,

    /* U+5B50 "子" */
    0x0, 0x9, 0x9f, 0xf2, 0x8, 0x6, 0x7c, 0xcf,
    0xeb, 0xd0, 0xc, 0xdf, 0xff, 0x58, 0xa6, 0x0,
    0x7f, 0xd3, 0x73, 0x60, 0x1f, 0xe5, 0xe5, 0xd7,
    0x0, 0xff, 0x8c, 0xd8, 0x40, 0x1e, 0x33, 0xf7,
    0x1, 0x9f, 0x84, 0x59, 0x9e, 0x72, 0xcc, 0xf3,
    0x8f, 0xff, 0xa4, 0xbf, 0xfc, 0xc0, 0x1f, 0xfe,
    0x82, 0x33, 0x78, 0x80, 0x7f, 0xc9, 0x98, 0x4a,
    0x0, 0xff, 0x9b, 0xfd, 0xac, 0x1, 0xf0,

    /* U+5B57 "字" */
    0x0, 0xf5, 0x48, 0x7, 0xab, 0xbb, 0x95, 0xbb,
    0xba, 0xc5, 0xf7, 0x76, 0x63, 0x77, 0x38, 0x3,
    0x8c, 0xff, 0xdc, 0x4, 0x29, 0xff, 0xf7, 0x10,
    0x94, 0xb2, 0x6e, 0xf4, 0x4, 0x13, 0x48, 0x4,
    0x45, 0x1d, 0x4d, 0xb0, 0x7, 0xf4, 0x27, 0xa0,
    0x6, 0xcf, 0xfe, 0x63, 0xef, 0xfd, 0xdc, 0xcc,
    0xe4, 0x46, 0x67, 0x88, 0xcf, 0x88, 0x4c, 0xf8,
    0x80, 0x3f, 0xf8, 0xa2, 0x45, 0x0, 0x7f, 0xdb,
    0xa6, 0xe0, 0xf, 0x0,

    /* U+5B58 "存" */
    0x0, 0xf1, 0x0, 0x7f, 0xf0, 0x87, 0x50, 0x3,
    0xf8, 0xcf, 0x48, 0x39, 0x9f, 0xc0, 0xc, 0xcc,
    0xe1, 0x99, 0xf8, 0x1, 0xff, 0x50, 0x77, 0xff,
    0xe0, 0xe, 0xb8, 0x12, 0x2f, 0x80, 0x3a, 0x4d,
    0xcf, 0x33, 0xb7, 0x4, 0x2, 0x56, 0x80, 0x3e,
    0xec, 0xc3, 0x82, 0x0, 0x6a, 0x6, 0x0, 0xc3,
    0x87, 0xe4, 0x0, 0x49, 0x70, 0x0, 0x91, 0x4a,
    0x70, 0x64, 0x40, 0x4a, 0x80, 0x4, 0x6e, 0xd6,
    0x19, 0xbb, 0x20, 0x28, 0x5, 0x3f, 0xf6, 0x87,
    0xfe, 0x40, 0xf, 0xfe, 0x58, 0x93, 0x80, 0x7f,
    0xf0, 0x63, 0x69, 0x40, 0x38,

    /* U+5B66 "学" */
    0x0, 0x9, 0x80, 0x9, 0xc0, 0x31, 0x98, 0x3,
    0x26, 0x10, 0x1c, 0x20, 0x5, 0xd6, 0x1, 0x95,
    0x52, 0x2, 0xfc, 0x0, 0x91, 0x80, 0xa, 0xfd,
    0x53, 0xfc, 0xeb, 0xfe, 0x63, 0xfd, 0x0, 0xa3,
    0xbb, 0xfd, 0x20, 0x18, 0x47, 0xfe, 0x30, 0xb,
    0x9, 0x7f, 0xff, 0x1b, 0x28, 0x1, 0xd1, 0x7f,
    0xfa, 0x2, 0x8c, 0xd0, 0x1, 0xf9, 0x2e, 0xda,
    0xa0, 0x1c, 0x45, 0xee, 0x7f, 0x2, 0x2c, 0x0,
    0xdd, 0xf2, 0x9e, 0x6e, 0xf0, 0x87, 0xff, 0x99,
    0x9f, 0xfe, 0x10, 0xf, 0xfe, 0x40, 0x91, 0xc,
    0x3, 0xff, 0x80, 0x9b, 0xa7, 0xd0, 0xf, 0x80,

    /* U+5B89 "安" */
    0x0, 0xfa, 0xa4, 0x3, 0xf4, 0xff, 0xf2, 0xb7,
    0xff, 0x50, 0x0, 0xd7, 0x76, 0xcd, 0xdf, 0x30,
    0x80, 0x46, 0x45, 0x54, 0x91, 0x70, 0x80, 0x5f,
    0xa0, 0x13, 0x70, 0x7, 0x67, 0x0, 0x1d, 0x88,
    0x90, 0xc, 0x45, 0xcc, 0xe0, 0x3b, 0xb9, 0xc3,
    0x37, 0x7e, 0x11, 0x7f, 0xd0, 0x3f, 0xfa, 0x47,
    0xfe, 0x10, 0x8, 0x66, 0xc0, 0x35, 0xb8, 0x7,
    0xd2, 0x20, 0x19, 0x8a, 0xc0, 0x3c, 0x2e, 0xd1,
    0xf4, 0xf3, 0x44, 0x1, 0xe1, 0xf9, 0xdb, 0x48,
    0x2, 0x10, 0xf, 0x85, 0x2a, 0xd7, 0x26, 0xba,
    0x44, 0x2, 0x6e, 0xe4, 0x9e, 0x59, 0xb6, 0xd2,
    0x78, 0x80, 0x1e, 0xfb, 0x64, 0xc0, 0x32, 0xee,
    0x84, 0x0,

    /* U+5B8C "完" */
    0x0, 0xfa, 0xa4, 0x3, 0xf5, 0x7f, 0xf2, 0xb7,
    0xff, 0x58, 0x0, 0x5b, 0x33, 0xfc, 0xa0, 0x1b,
    0x8c, 0xff, 0xc4, 0x1, 0x72, 0x2f, 0xff, 0xe5,
    0xbe, 0x0, 0x29, 0xae, 0xef, 0xe5, 0x35, 0x0,
    0xe2, 0x2f, 0xc0, 0x18, 0x7f, 0xff, 0xf8, 0x42,
    0x2d, 0xdb, 0x2, 0x77, 0x45, 0x1b, 0xb8, 0x40,
    0x8a, 0x0, 0x39, 0x10, 0x8, 0xb8, 0x3, 0xa8,
    0xc4, 0x3, 0xe1, 0x0, 0xc8, 0xd0, 0x1, 0xfb,
    0xc, 0x5, 0xee, 0x10, 0x3, 0x68, 0x88, 0x8a,
    0x3e, 0xba, 0x70, 0xd, 0x4f, 0xdc, 0xd5, 0x13,
    0xdc, 0x50, 0xe, 0x7f, 0xfd, 0x40,

    /* U+5B8F "宏" */
    0x0, 0xfa, 0xa0, 0x3, 0xf6, 0x7f, 0xf2, 0xbf,
    0xff, 0x68, 0x0, 0x63, 0x75, 0x91, 0xbb, 0xe8,
    0x0, 0xc4, 0x53, 0xc1, 0x17, 0xc0, 0x14, 0xb8,
    0x3, 0x10, 0x3, 0xc9, 0x0, 0x37, 0xbf, 0xe7,
    0x4f, 0xff, 0x75, 0x8, 0xb7, 0x6a, 0xb, 0xdc,
    0xdd, 0xf0, 0x81, 0x15, 0x84, 0x87, 0x82, 0x45,
    0xc0, 0x18, 0x5a, 0x81, 0xc4, 0xc0, 0x3f, 0x98,
    0x5c, 0x35, 0x80, 0x5c, 0x3, 0xc3, 0x32, 0x1,
    0x4a, 0x1, 0xa9, 0x0, 0xea, 0x27, 0x6, 0x42,
    0x0, 0x7b, 0x30, 0x2, 0xa5, 0xe3, 0x49, 0x16,
    0x78, 0xb2, 0x91, 0x2, 0x7d, 0x2f, 0xa3, 0x6a,
    0xc2, 0x5, 0x3a, 0x2, 0xd3, 0xc, 0xed, 0xcc,
    0x5d, 0x4c, 0x74, 0x0,

    /* U+5B9A "定" */
    0x0, 0xfb, 0xd0, 0x3, 0xeb, 0xcc, 0xe0, 0x9c,
    0xce, 0x40, 0x54, 0x88, 0xd7, 0x31, 0x18, 0xc0,
    0x2c, 0x44, 0xff, 0x8, 0x1, 0xdc, 0x8a, 0xbf,
    0x89, 0xdc, 0x12, 0x71, 0x1a, 0xae, 0x22, 0x79,
    0x30, 0xb, 0x37, 0x61, 0xad, 0xd9, 0x40, 0x3b,
    0x58, 0x3, 0xff, 0x82, 0x4a, 0x1, 0x5f, 0x76,
    0x0, 0xc6, 0xe, 0x1, 0x46, 0x66, 0x0, 0xd4,
    0x30, 0x1, 0x19, 0x16, 0x0, 0x85, 0xb5, 0xec,
    0x80, 0x3f, 0xa9, 0xe, 0x83, 0x47, 0x50, 0xcf,
    0x99, 0x68, 0x6, 0xec, 0xc9, 0x59, 0x9a, 0x5b,
    0xc4, 0x2, 0x49, 0xde, 0xff, 0xd4,

    /* U+5B9E "实" */
    0x0, 0xf4, 0x98, 0x7, 0xff, 0x0, 0xe0, 0x3,
    0xcf, 0xbb, 0xc8, 0x8d, 0xde, 0x7f, 0x69, 0x9d,
    0x57, 0x33, 0x87, 0x80, 0x50, 0xd9, 0x11, 0xce,
    0x89, 0x30, 0x5f, 0x0, 0x35, 0xc1, 0x40, 0x37,
    0x51, 0xa8, 0xbe, 0x8, 0x80, 0x40, 0x24, 0x30,
    0x6f, 0x53, 0x63, 0x3, 0x0, 0xf3, 0xdd, 0x18,
    0x38, 0x88, 0x3, 0x84, 0x49, 0x64, 0x38, 0x42,
    0x3e, 0xce, 0xe5, 0xf7, 0x18, 0xfb, 0xbb, 0xf7,
    0xff, 0x38, 0xf4, 0xff, 0xee, 0x0, 0xd0, 0xf4,
    0x1b, 0xf2, 0x40, 0x11, 0x3f, 0x35, 0xa0, 0xde,
    0x86, 0xc8, 0xb6, 0xdc, 0x72, 0x0, 0x45, 0x3a,
    0x50, 0xdd, 0x8c, 0x1, 0xf1, 0x5c, 0x80,

    /* U+5B9F "実" */
    0x0, 0xfa, 0xa0, 0x3, 0xf5, 0xff, 0xf2, 0xbf,
    0xff, 0x50, 0x1, 0xe3, 0xbb, 0x55, 0xf7, 0x66,
    0x0, 0xc2, 0x3d, 0xf8, 0x23, 0xc0, 0x16, 0x8f,
    0xfe, 0x57, 0xff, 0xc1, 0x60, 0x1, 0x7f, 0xfc,
    0x8f, 0xff, 0xa0, 0x40, 0x32, 0x26, 0x72, 0x44,
    0xc2, 0x1, 0x8b, 0xff, 0x13, 0xff, 0xe3, 0x0,
    0xc5, 0x77, 0x82, 0x2e, 0xf1, 0x0, 0x5f, 0xfe,
    0x1a, 0xff, 0xf0, 0x3, 0xbb, 0x68, 0xba, 0x2f,
    0x77, 0x0, 0x4, 0x62, 0xf5, 0x8a, 0x48, 0x11,
    0xc0, 0x12, 0x56, 0x2d, 0x80, 0xfa, 0xeb, 0x88,
    0x5, 0xb4, 0x5d, 0x0, 0x10, 0xe4, 0x5f, 0x68,
    0x3, 0x3a, 0x4, 0x3, 0xcb, 0x9d, 0xe0,

    /* U+5BA4 "室" */
    0x1, 0x1f, 0x5d, 0x8, 0xf8, 0x1, 0xfd, 0xdc,
    0x8b, 0xdd, 0xde, 0x1, 0x5f, 0xff, 0xfa, 0xc0,
    0x25, 0x4, 0x4f, 0xf0, 0x90, 0x2, 0xde, 0x21,
    0x37, 0x11, 0xe1, 0xc0, 0x8, 0xf3, 0xc, 0xcc,
    0xc9, 0xab, 0x10, 0x3, 0x8, 0x99, 0x68, 0x8c,
    0xd9, 0x16, 0x20, 0x1b, 0x3a, 0x43, 0x76, 0xfa,
    0x57, 0xc1, 0x0, 0xb7, 0xfd, 0xdc, 0x57, 0xcc,
    0x5e, 0x28, 0x6, 0x11, 0xf0, 0x8, 0xe9, 0x10,
    0xa, 0x3b, 0xb2, 0x37, 0x76, 0xa0, 0xd, 0x3f,
    0xf9, 0x5b, 0xff, 0x58, 0x4, 0x23, 0xe0, 0x0,
    0x8f, 0x80, 0x1d, 0xde, 0x56, 0xee, 0xf0, 0x80,

    /* U+5BB9 "容" */
    0x0, 0xfb, 0x90, 0x3, 0xf6, 0xff, 0xf0, 0xdf,
    0xff, 0x20, 0x0, 0xe7, 0x77, 0xfc, 0x20, 0x11,
    0x91, 0x2f, 0x88, 0xaa, 0xe0, 0x23, 0x0, 0xb5,
    0x25, 0xf4, 0x10, 0xa1, 0x35, 0x75, 0x0, 0x9,
    0xab, 0x83, 0x37, 0x85, 0x17, 0x50, 0x1, 0x97,
    0xa, 0x1f, 0x9f, 0xd, 0x33, 0xc0, 0x24, 0x80,
    0xa5, 0xc1, 0x99, 0x63, 0x1b, 0x80, 0x63, 0xd1,
    0xf3, 0x11, 0x35, 0x45, 0x90, 0x0, 0xaf, 0x9,
    0x37, 0xbb, 0x50, 0xbe, 0xd0, 0x0, 0x78, 0xaf,
    0xff, 0xc1, 0xf9, 0x80, 0x2a, 0x10, 0xf, 0xf1,
    0xb0, 0x7, 0x10, 0x8f, 0x80, 0x3f, 0xa7, 0xbb,
    0xc0, 0x1c,

    /* U+5BBD "宽" */
    0x0, 0xf9, 0xc4, 0x3, 0xff, 0x85, 0x56, 0x1,
    0xfb, 0xbf, 0xf8, 0x97, 0xff, 0xb8, 0x2, 0xcf,
    0xf4, 0xef, 0xfb, 0x6b, 0xfd, 0x60, 0x11, 0xba,
    0xaa, 0x6d, 0x55, 0x76, 0x55, 0x9, 0x0, 0x35,
    0xf7, 0x40, 0x5b, 0xa2, 0xd, 0xd3, 0xe0, 0x4,
    0x71, 0x7, 0x88, 0xcd, 0x10, 0x20, 0xe, 0xde,
    0x6d, 0xee, 0x6b, 0x75, 0x80, 0x78, 0xe3, 0x31,
    0x1b, 0x98, 0x66, 0x0, 0x7c, 0x44, 0x39, 0x2,
    0x27, 0x0, 0x7f, 0x8c, 0x0, 0x20, 0x1f, 0xfc,
    0xa, 0x1f, 0xb0, 0xc, 0x82, 0x1, 0x62, 0x33,
    0xd0, 0x4, 0xda, 0x1e, 0xe0, 0x1, 0x4d, 0x8b,
    0x47, 0x11, 0xe5, 0x51, 0x6f, 0x55, 0xf2, 0x6,
    0xaf, 0x76, 0x53, 0x29, 0xec, 0x60, 0x9, 0xbb,
    0xff, 0x58, 0x0,

    /* U+5BC6 "密" */
    0x0, 0xfb, 0xd4, 0x3, 0xf7, 0x7f, 0xf0, 0x57,
    0xff, 0x38, 0x5, 0x7f, 0xed, 0x7f, 0xff, 0x18,
    0x7, 0xc4, 0x1a, 0x41, 0x66, 0xe, 0x1, 0x78,
    0xb9, 0x6c, 0x4a, 0x58, 0xbb, 0x5b, 0x80, 0x6,
    0x4, 0xc, 0x1a, 0x86, 0x9a, 0x1c, 0x2, 0xa1,
    0x60, 0x3, 0xe5, 0xd2, 0x2e, 0x42, 0x0, 0x86,
    0x8a, 0x8c, 0x41, 0x11, 0xfe, 0x2a, 0x80, 0x6,
    0x6e, 0x73, 0x26, 0xc7, 0x8c, 0x82, 0xe0, 0x9,
    0x55, 0xcc, 0xad, 0x7e, 0xe8, 0x60, 0x80, 0x24,
    0xec, 0x0, 0xfc, 0xcc, 0x0, 0xff, 0xe4, 0xb2,
    0x24, 0x38, 0x89, 0x8, 0x7, 0x8e, 0x22, 0x34,
    0x88, 0x80, 0x30,

    /* U+5BDF "察" */
    0x0, 0xfa, 0x28, 0x3, 0xf7, 0x7f, 0xf3, 0xaf,
    0xff, 0x70, 0x5, 0xbe, 0xd9, 0xfe, 0x7f, 0xfd,
    0xa0, 0x14, 0x9c, 0x37, 0x6d, 0x13, 0xee, 0xde,
    0xc0, 0x7, 0x87, 0xad, 0x72, 0x99, 0x77, 0xb3,
    0x20, 0x7, 0x9f, 0x7a, 0xd2, 0x4d, 0xfd, 0x16,
    0x80, 0x3, 0xad, 0xde, 0x94, 0x21, 0x21, 0x34,
    0x20, 0x11, 0xc3, 0xca, 0x5f, 0xfc, 0x4d, 0x70,
    0x40, 0x33, 0xd9, 0xb7, 0xff, 0xba, 0x74, 0x70,
    0xc7, 0x9e, 0x3f, 0xff, 0x68, 0xf1, 0x83, 0xcf,
    0x45, 0x73, 0xa7, 0x5d, 0x74, 0x0, 0x61, 0xba,
    0x71, 0xf1, 0x10, 0x5d, 0x10, 0x0, 0x67, 0x8f,
    0x48, 0x3c, 0x0, 0x9d, 0x9b, 0x0, 0x3d, 0xb2,
    0x11, 0xed, 0x80, 0x13, 0xef, 0x0,

    /* U+5BF8 "寸" */
    0x0, 0xff, 0x6b, 0x0, 0x7f, 0xf6, 0xb, 0xff,
    0xf8, 0xa7, 0xfe, 0x22, 0x6e, 0xff, 0xc, 0x6e,
    0xc4, 0x4, 0x43, 0x22, 0xf1, 0x89, 0x14, 0x1,
    0xf, 0x30, 0x7, 0xff, 0x4, 0x6a, 0x50, 0x3,
    0xff, 0x82, 0xaf, 0x42, 0x1, 0xff, 0xc1, 0x83,
    0x70, 0xf, 0xfe, 0x16, 0x30, 0x7, 0xff, 0x8,
    0x40, 0x3f, 0xf8, 0x86, 0x88, 0x52, 0x30, 0xf,
    0xf3, 0x5d, 0xc8, 0x80, 0xf, 0xf2, 0xff, 0xba,
    0xc4, 0x3, 0x0,

    /* U+5BF9 "对" */
    0x0, 0xff, 0xe0, 0x44, 0x80, 0x46, 0x7e, 0x10,
    0xf, 0xe9, 0x88, 0xd8, 0xc0, 0x1f, 0xd5, 0x77,
    0x80, 0xb3, 0x33, 0x3e, 0x30, 0x7, 0x10, 0x24,
    0xce, 0x52, 0x95, 0x3, 0xe3, 0x4, 0x11, 0x2a,
    0xe3, 0x55, 0x18, 0x1b, 0x62, 0x6b, 0x3, 0xb8,
    0x3, 0xf4, 0x3d, 0xa5, 0x82, 0x41, 0x0, 0x7e,
    0x84, 0x0, 0x8d, 0x6c, 0x3, 0xf1, 0x21, 0x68,
    0x87, 0x28, 0x7, 0xee, 0x4d, 0x2a, 0x4, 0xc0,
    0xf, 0xa4, 0xe4, 0x38, 0x40, 0x3f, 0xa9, 0xac,
    0x80, 0xa8, 0x0, 0x67, 0x0, 0x61, 0xc4, 0x0,
    0xf7, 0x63, 0x68, 0x5, 0x66, 0x1, 0xf6, 0xfe,
    0xa0, 0x0,

    /* U+5BFC "导" */
    0x0, 0x6f, 0xff, 0xf8, 0xc0, 0x3a, 0x7f, 0xff,
    0x0, 0x7c, 0x20, 0x1f, 0xfc, 0x38, 0xff, 0xfc,
    0x1, 0xf4, 0xff, 0xff, 0x3a, 0x0, 0x43, 0x84,
    0x23, 0xf1, 0x46, 0x80, 0x5e, 0x3f, 0xff, 0xb1,
    0xe0, 0x2, 0x3b, 0xde, 0xee, 0x99, 0x75, 0x88,
    0x3, 0x77, 0xfa, 0x21, 0xbb, 0x8, 0x77, 0x28,
    0x67, 0xbb, 0x22, 0x3b, 0xa1, 0x3, 0x33, 0xf,
    0x19, 0xe2, 0x21, 0x9c, 0x1, 0x87, 0x11, 0xc0,
    0x3f, 0xf8, 0x23, 0xa4, 0x1, 0x18, 0x7, 0xf8,
    0xd5, 0xff, 0xcf, 0xa0, 0x18,

    /* U+5BFE "対" */
    0x0, 0xde, 0x20, 0x1e, 0xe4, 0x0, 0xff, 0xe3,
    0xe, 0x63, 0x43, 0x32, 0x40, 0xf, 0x87, 0xb9,
    0xfb, 0x29, 0x13, 0x99, 0xc, 0xe1, 0x1, 0x19,
    0x10, 0xd1, 0x11, 0x33, 0x2, 0xc9, 0x82, 0xe0,
    0x86, 0x20, 0x2a, 0xe1, 0xc5, 0x10, 0x57, 0xd0,
    0x4c, 0xa, 0x40, 0xf, 0xd4, 0x38, 0x8, 0x19,
    0x20, 0x1f, 0xd8, 0x68, 0x0, 0x63, 0x40, 0xf,
    0xc4, 0x8, 0x60, 0x6, 0x30, 0xf, 0xdc, 0xed,
    0xc0, 0x8, 0x70, 0xf, 0xa8, 0x22, 0x6, 0x40,
    0x1f, 0x87, 0x1f, 0xc0, 0x78, 0x80, 0x4d, 0x5,
    0xc0, 0x26, 0xc2, 0x0, 0xe3, 0xcb, 0x43, 0x0,
    0xd, 0x8, 0x7, 0x8b, 0xfd, 0x60, 0x10,

    /* U+5C01 "封" */
    0x0, 0xc4, 0x1, 0xff, 0xc2, 0x1d, 0x0, 0xf9,
    0x38, 0x2, 0x12, 0x20, 0x11, 0x4, 0x3, 0xfa,
    0xb7, 0x3, 0x75, 0x0, 0x1f, 0xd7, 0xfc, 0x1f,
    0xe9, 0x68, 0x8b, 0x86, 0xc, 0x2, 0x30, 0x10,
    0xf, 0xf2, 0x7f, 0xb4, 0x3b, 0xfc, 0xd1, 0x17,
    0xc, 0x1a, 0x7f, 0xb9, 0x7b, 0xfc, 0x1a, 0x60,
    0x1f, 0xca, 0x20, 0x12, 0xc0, 0x7, 0xb7, 0xbc,
    0x3b, 0x96, 0x12, 0x86, 0x1, 0xdf, 0x94, 0x1b,
    0x92, 0x2, 0xee, 0x0, 0xe2, 0x22, 0x81, 0x91,
    0x0, 0x10, 0x80, 0x1e, 0x14, 0x9, 0xbd, 0x30,
    0xf, 0x93, 0xb9, 0x66, 0x1b, 0x26, 0x4, 0x50,
    0x4, 0xb5, 0xdc, 0xc9, 0x64, 0x0, 0x46, 0xc4,
    0x80, 0x5, 0x4, 0x3, 0xea, 0xfe, 0x70, 0x0,

    /* U+5C02 "専" */
    0x0, 0xfa, 0xa4, 0x3, 0xf5, 0xff, 0xf2, 0xb7,
    0xff, 0x60, 0x2, 0xff, 0xf9, 0x5f, 0xff, 0xb0,
    0x2, 0x9f, 0xee, 0x95, 0xfb, 0xaf, 0xa0, 0xe,
    0x7e, 0xe9, 0x5f, 0xba, 0x70, 0xf, 0x36, 0xec,
    0xad, 0xbb, 0x30, 0x7, 0x9b, 0x76, 0x56, 0xdd,
    0x98, 0x3, 0xcf, 0xdd, 0x2b, 0xf7, 0x4e, 0x1,
    0xd3, 0xfd, 0xd7, 0xfb, 0x9d, 0xbe, 0x80, 0x5,
    0x99, 0xfc, 0xed, 0x99, 0x11, 0x3f, 0xd4, 0xbf,
    0xfc, 0xa9, 0xff, 0x10, 0x19, 0x95, 0xe8, 0xcf,
    0x11, 0xc, 0xe0, 0xc, 0x7e, 0x8c, 0x1, 0x10,
    0x7, 0xf0, 0xe3, 0xf, 0xf9, 0xb0, 0x3, 0x0,

    /* U+5C04 "射" */
    0x0, 0xff, 0xe3, 0x97, 0x88, 0x7, 0x97, 0x40,
    0x36, 0xe0, 0x66, 0x90, 0x7, 0xf8, 0xb3, 0xb0,
    0xc4, 0x3, 0xff, 0x88, 0x89, 0xb4, 0xd0, 0x80,
    0x2e, 0xdd, 0xb, 0x4c, 0xe6, 0x19, 0x50, 0xb,
    0x32, 0x16, 0xdd, 0xd6, 0x5a, 0xe0, 0x17, 0x74,
    0x34, 0x10, 0x1, 0xfd, 0xdd, 0x7, 0x82, 0xb8,
    0x7, 0x13, 0x85, 0xef, 0x82, 0x84, 0xc0, 0x80,
    0x77, 0x47, 0xa, 0x0, 0x48, 0x2e, 0x1, 0x8a,
    0x5a, 0x5e, 0xc4, 0x2, 0xf6, 0x0, 0xe6, 0xf5,
    0xb0, 0xe, 0x10, 0xe, 0x4b, 0xd9, 0x11, 0x80,
    0x22, 0x26, 0x88, 0x1, 0x34, 0xc3, 0x78, 0xcc,
    0x0, 0xed, 0x6a, 0x0, 0x0,

    /* U+5C06 "将" */
    0x0, 0xff, 0xe3, 0x9f, 0x0, 0x62, 0x58, 0xcf,
    0x20, 0xf, 0x26, 0x77, 0x5e, 0x13, 0xc4, 0x3,
    0xc4, 0x0, 0x58, 0xfe, 0xbe, 0x85, 0x56, 0x0,
    0xcf, 0x38, 0xf, 0xb8, 0x7f, 0x0, 0xd5, 0x0,
    0xe, 0x5a, 0x0, 0xfb, 0xc, 0x40, 0xa4, 0x60,
    0xb, 0x34, 0x0, 0x88, 0x4, 0xe6, 0x65, 0x80,
    0x62, 0x70, 0xa, 0x40, 0x26, 0x35, 0x0, 0xf9,
    0xbf, 0xfc, 0x37, 0xec, 0x0, 0x3f, 0x7, 0xdc,
    0xdd, 0xc3, 0x3a, 0xe3, 0x58, 0xc0, 0x25, 0xca,
    0x45, 0x1, 0x10, 0x4d, 0xb6, 0x40, 0x2f, 0x84,
    0x0, 0xf1, 0x61, 0x0, 0x62, 0x9f, 0x0, 0xff,
    0xe1, 0x35, 0x11, 0x5, 0xc0, 0x3f, 0xe2, 0xdd,
    0x19, 0x0, 0x0,

    /* U+5C0F "小" */
    0x0, 0xf9, 0x78, 0x3, 0xff, 0xbc, 0x64, 0x1,
    0xe1, 0x40, 0xf, 0x75, 0x80, 0x78, 0xac, 0xc0,
    0x30, 0x96, 0x80, 0x78, 0xd2, 0x0, 0x33, 0x8a,
    0x0, 0x7d, 0x28, 0x80, 0xa, 0x9c, 0x3, 0xf1,
    0x2c, 0x0, 0x10, 0xec, 0x3, 0xfa, 0x4c, 0xc1,
    0x4c, 0x40, 0x1f, 0xc6, 0x56, 0x11, 0x20, 0x1f,
    0xf5, 0x70, 0x30, 0x7, 0xff, 0x1, 0xd8, 0x3,
    0x9, 0x9b, 0x0, 0x3f, 0xf8, 0x7, 0x98, 0x79,
    0x0, 0xff, 0x8b, 0xfd, 0xce, 0x1, 0xf0,

    /* U+5C11 "少" */
    0x0, 0xfb, 0x58, 0x3, 0xff, 0x8c, 0x20, 0x1f,
    0x55, 0x0, 0x38, 0xb9, 0x0, 0x38, 0x97, 0x80,
    0x38, 0xa2, 0xc8, 0x3, 0x4a, 0x20, 0x3, 0xce,
    0xbe, 0x1, 0x3a, 0x48, 0x7, 0xeb, 0x38, 0x4,
    0x8a, 0x20, 0xf, 0x91, 0x61, 0xc1, 0x69, 0x40,
    0x31, 0x80, 0x53, 0xad, 0xa0, 0x2a, 0x0, 0x5f,
    0xf0, 0xa8, 0x31, 0x40, 0x10, 0x7, 0x2e, 0x6f,
    0x99, 0xa1, 0xc4, 0x3, 0xf1, 0x90, 0x1e, 0x24,
    0x0, 0x7f, 0x8a, 0xb1, 0x68, 0x3, 0xe1, 0x47,
    0xbd, 0x6b, 0xa0, 0xf, 0x8b, 0xae, 0xc7, 0x98,
    0x40, 0xf, 0xc5, 0x9f, 0x90, 0x60, 0x1f, 0xc0,

    /* U+5C16 "尖" */
    0x0, 0xfa, 0x64, 0x1, 0xfe, 0x2a, 0x10, 0xc,
    0x52, 0x20, 0x1e, 0xf2, 0x10, 0xc, 0x41, 0xe6,
    0x1, 0xe, 0x34, 0x0, 0x7a, 0x63, 0xc, 0x7,
    0xd6, 0xc0, 0x3f, 0x34, 0xe8, 0xe, 0x48, 0x3,
    0x35, 0xbc, 0x3, 0x37, 0x80, 0x8, 0x2, 0xee,
    0x31, 0x0, 0x70, 0x80, 0x78, 0x8d, 0xc8, 0x3,
    0xe2, 0xff, 0xf0, 0xcf, 0xff, 0x88, 0x9d, 0xdc,
    0xc2, 0x15, 0xdd, 0xc4, 0x2, 0x38, 0xda, 0xde,
    0x44, 0x78, 0x3, 0x93, 0x15, 0x50, 0x18, 0x40,
    0x1c, 0x2b, 0x76, 0x6a, 0x0, 0x62, 0xed, 0x28,
    0x81, 0x74, 0x9f, 0x40, 0x6, 0x9d, 0x38, 0xe3,
    0x2f, 0xc8, 0x10, 0xf, 0x14, 0xef, 0x98,

    /* U+5C1A "尚" */
    0x5, 0x20, 0xb, 0x54, 0x2, 0x47, 0x0, 0x17,
    0x88, 0x7, 0xd2, 0x1, 0x3b, 0xa8, 0x3, 0xd4,
    0xee, 0x0, 0xaf, 0x0, 0x38, 0x4a, 0x80, 0x2f,
    0xe8, 0xff, 0x15, 0x7f, 0x3f, 0xf8, 0x40, 0x17,
    0xbb, 0xfb, 0x0, 0x33, 0x11, 0x7e, 0x30, 0xf,
    0x77, 0xfe, 0xe0, 0xf, 0xed, 0xff, 0x68, 0x7,
    0xff, 0x31, 0x13, 0x0, 0x7f, 0xaa, 0x21, 0x4a,
    0x1, 0xf9, 0xb7, 0x32, 0xa3, 0x40, 0xf, 0x40,
    0x80, 0x4b, 0x94, 0xa2,

    /* U+5C1D "尝" */
    0x0, 0x41, 0x0, 0x2a, 0x80, 0x1, 0xa2, 0x0,
    0xde, 0x1, 0xed, 0x2, 0x2, 0x4d, 0x37, 0x46,
    0x62, 0x39, 0x7a, 0x1d, 0xd7, 0x2e, 0x7b, 0xbb,
    0xf1, 0x7a, 0xa4, 0x1e, 0xef, 0xfc, 0xe0, 0x21,
    0xff, 0xfd, 0xa2, 0x71, 0x3b, 0xbf, 0xdf, 0x12,
    0x22, 0x33, 0xff, 0x8, 0xbb, 0xbf, 0xf8, 0x3f,
    0xfb, 0x88, 0xfb, 0xfa, 0xbb, 0xfd, 0xc0, 0x15,
    0x86, 0x8, 0xc, 0xe8, 0x7, 0x42, 0x60, 0x6,
    0xd1, 0xb0, 0xa, 0x9d, 0x26, 0x55, 0x79, 0x82,
    0x49, 0x0, 0x39, 0x88, 0xdb, 0xa8, 0xed, 0xb6,
    0x30, 0xdc, 0xb9, 0x87, 0x64, 0x32, 0x4e, 0x30,

    /* U+5C31 "就" */
    0x0, 0xff, 0xe4, 0x6b, 0x0, 0x63, 0xe2, 0x50,
    0x8, 0x8a, 0x1, 0x22, 0x8, 0x4, 0x70, 0xc0,
    0x39, 0x91, 0xce, 0x62, 0x40, 0x21, 0xf9, 0x11,
    0x77, 0x7d, 0x46, 0xa2, 0x63, 0x40, 0x3, 0xff,
    0xec, 0xad, 0x90, 0xdd, 0x5b, 0x0, 0x7, 0xfe,
    0xa0, 0x8e, 0xa1, 0xbe, 0xe3, 0x80, 0x7f, 0x88,
    0x7c, 0x3, 0x87, 0xfe, 0xa0, 0xb, 0x40, 0x3c,
    0x7d, 0xc3, 0x8e, 0xd0, 0x2, 0x18, 0x7, 0xf,
    0x8, 0xc, 0x48, 0x20, 0xa0, 0x7, 0x32, 0x0,
    0x56, 0xe1, 0xd, 0xe0, 0x1, 0x20, 0x9f, 0x0,
    0x89, 0x9c, 0xec, 0x2, 0x28, 0x27, 0x40, 0x10,
    0x5, 0x44, 0x8, 0x18, 0xac, 0xca, 0x5b, 0xcd,
    0x2, 0x59, 0xc1, 0x7, 0x5a, 0x80, 0xd, 0xfc,
    0x41, 0x52, 0x0, 0x3d, 0xfe, 0x30,

    /* U+5C3A "尺" */
    0x0, 0x17, 0xff, 0xfb, 0x80, 0x3d, 0x7b, 0xbf,
    0x40, 0x7, 0xca, 0x45, 0xf1, 0x80, 0x7f, 0xf6,
    0xdd, 0x57, 0xec, 0x0, 0xe1, 0xb, 0x88, 0xaa,
    0xe2, 0xa, 0x40, 0x19, 0xc3, 0x77, 0x41, 0x6e,
    0xd8, 0x1, 0x88, 0x40, 0x33, 0x19, 0x80, 0x3e,
    0xf5, 0x0, 0xc2, 0xb0, 0x1, 0xf3, 0xe0, 0x7,
    0x5a, 0x30, 0x7, 0x18, 0xa8, 0x7, 0xc, 0xc9,
    0x40, 0x34, 0x19, 0x0, 0x79, 0xa2, 0xa4, 0x41,
    0x11, 0xe0, 0x1f, 0x9e, 0x93, 0x8d, 0x2c, 0xc0,
    0x3f, 0x97, 0x6c, 0xc0,

    /* U+5C3C "尼" */
    0x2, 0xff, 0xff, 0x70, 0x6, 0xde, 0xef, 0xa8,
    0x3, 0x88, 0x47, 0xf0, 0x7, 0x19, 0x17, 0xe0,
    0xe, 0xcd, 0xdf, 0xa4, 0x3, 0xbf, 0xdb, 0xff,
    0xee, 0x0, 0x8, 0x1, 0x30, 0x3, 0xf9, 0xc0,
    0x3e, 0x18, 0xe8, 0x0, 0x9, 0x0, 0x65, 0xbe,
    0x3b, 0x80, 0x1, 0x30, 0x0, 0x7a, 0x33, 0xad,
    0x40, 0x2c, 0x30, 0xb, 0x35, 0xc4, 0x0, 0x48,
    0xb, 0x80, 0x1, 0x20, 0xe, 0x78, 0x51, 0x40,
    0x61, 0x75, 0x5e, 0x95, 0x97, 0x0, 0x14, 0x5c,
    0xcf, 0x34, 0x74, 0x80, 0x4f, 0x99, 0xea, 0x10,

    /* U+5C3D "尽" */
    0x0, 0xf, 0xff, 0xfb, 0x80, 0x3d, 0x9b, 0xbf,
    0x48, 0x7, 0x18, 0x11, 0x7f, 0x0, 0x7c, 0x60,
    0x1f, 0x8, 0x7, 0xdb, 0xff, 0xf5, 0x0, 0x73,
    0x7, 0x77, 0x99, 0x3b, 0xc0, 0x31, 0xa0, 0x8f,
    0xa1, 0x8, 0x40, 0x36, 0x18, 0x47, 0x4a, 0x0,
    0xbf, 0x80, 0x61, 0x4c, 0x8, 0xd0, 0xae, 0x59,
    0x37, 0x0, 0xac, 0x90, 0x0, 0x73, 0xd0, 0xc3,
    0x70, 0xe0, 0x6b, 0x20, 0x1e, 0x63, 0x4, 0xa8,
    0x63, 0xb4, 0x1e, 0xd9, 0x51, 0x0, 0xcb, 0xac,
    0x8, 0x3, 0xd2, 0x31, 0xd8, 0xc2, 0x0, 0x20,
    0xf, 0x24, 0x6e, 0xae, 0xdc, 0x20, 0x1f, 0xf1,
    0x3e, 0xe8, 0x40, 0x20,

    /* U+5C40 "局" */
    0x0, 0x67, 0xff, 0xf9, 0x0, 0x34, 0xff, 0xfe,
    0x0, 0xff, 0xe1, 0x88, 0x7, 0x7a, 0x27, 0xe1,
    0x0, 0xe4, 0xff, 0xfc, 0x8e, 0x1, 0xd, 0x57,
    0xf8, 0x80, 0x23, 0x8e, 0xef, 0xf2, 0x80, 0x7,
    0x3f, 0xff, 0x88, 0x0, 0x40, 0x66, 0xee, 0xed,
    0x0, 0x18, 0x82, 0x10, 0x5, 0xdd, 0x69, 0x80,
    0x5, 0xc3, 0x1c, 0x3, 0xf8, 0x40, 0x49, 0x78,
    0x0, 0x3b, 0xb7, 0x0, 0x8, 0xa, 0xc9, 0x0,
    0x3, 0xff, 0xa8, 0x6c, 0x82, 0xf8, 0x0, 0x7e,
    0x45, 0xa3, 0x9a, 0xc0,

    /* U+5C42 "层" */
    0x0, 0x6f, 0xff, 0xfc, 0x40, 0x1a, 0xbf, 0xff,
    0x70, 0x7, 0xff, 0xc, 0x40, 0x3d, 0x5d, 0xdf,
    0xbc, 0x3, 0x8e, 0x7f, 0xff, 0x77, 0x8, 0x3,
    0x18, 0x80, 0x7f, 0xf0, 0x84, 0xbb, 0xbf, 0x78,
    0x6, 0x17, 0x2f, 0xff, 0xdc, 0x1, 0xcf, 0x99,
    0xff, 0x8, 0x10, 0x2c, 0x42, 0xcd, 0x22, 0x13,
    0x11, 0x8, 0x39, 0xa, 0x23, 0xe, 0x11, 0x12,
    0x48, 0x80, 0x6, 0x38, 0x1, 0x53, 0x80, 0x29,
    0x90, 0x80, 0x4f, 0xe0, 0x75, 0x0, 0x68, 0xa6,
    0x16, 0x0, 0x50, 0x50, 0x90, 0x8f, 0xfe, 0x75,
    0x30, 0x5d, 0x0, 0x5f, 0xfb, 0x72, 0xea, 0x62,
    0x84, 0x0,

    /* U+5C4F "屏" */
    0x0, 0x6f, 0xff, 0xfc, 0x1, 0xd3, 0xff, 0xfb,
    0x40, 0x3c, 0x60, 0x1f, 0xfc, 0x3a, 0xff, 0xfd,
    0xa0, 0x1e, 0x9e, 0xc2, 0xce, 0xe9, 0x93, 0x80,
    0x31, 0x98, 0x4d, 0x20, 0x44, 0x6f, 0x22, 0x1,
    0x84, 0x3f, 0xcc, 0x9f, 0xed, 0x1d, 0xf9, 0x0,
    0xc3, 0xfe, 0xa2, 0xff, 0x58, 0xff, 0xa4, 0x0,
    0x20, 0xc0, 0x1e, 0x70, 0xf, 0x10, 0x1, 0x11,
    0xa0, 0x89, 0xa, 0x24, 0x0, 0x43, 0x4f, 0xf3,
    0x1f, 0xfa, 0xc3, 0xfe, 0x0, 0x62, 0x35, 0xd0,
    0x45, 0xdb, 0xc6, 0xee, 0x2, 0x4a, 0x4, 0xc4,
    0x60, 0xf, 0xce, 0xa4, 0x93, 0x74, 0x1, 0xfc,
    0xb4, 0x9, 0xac, 0x1, 0x8f, 0x80, 0x30,

    /* U+5C55 "展" */
    0x0, 0x6f, 0xff, 0xfc, 0x40, 0x1a, 0x7f, 0xff,
    0x70, 0x7, 0x8c, 0x3, 0xf0, 0x80, 0x7a, 0xbf,
    0xff, 0x80, 0x3d, 0x3d, 0xc1, 0xbe, 0xe5, 0x8f,
    0x70, 0x80, 0x23, 0x30, 0x7, 0xff, 0x8, 0x4b,
    0xb8, 0x37, 0xdc, 0xb1, 0xee, 0x38, 0x6, 0x4f,
    0xf0, 0xef, 0xfb, 0x7, 0xfc, 0xe0, 0x1, 0x9,
    0xdd, 0xf, 0xee, 0xb8, 0x77, 0x61, 0x2, 0x8,
    0xe0, 0x8e, 0x40, 0x9c, 0x86, 0x91, 0x4, 0x32,
    0x31, 0x23, 0x93, 0xe6, 0xbc, 0x40, 0x6, 0x28,
    0x7, 0xa9, 0x2a, 0x8e, 0x0, 0x24, 0xa1, 0x62,
    0x8e, 0xfe, 0xc3, 0xb7, 0x20, 0x74, 0x35, 0xd6,
    0xbd, 0xfa, 0x2c, 0xac, 0xc0, 0xad, 0x82, 0x5c,
    0x31, 0x80, 0x65, 0xbe, 0x10,

    /* U+5C5E "属" */
    0x0, 0x6f, 0xff, 0xfc, 0x80, 0x15, 0x7f, 0xff,
    0x10, 0x6, 0x32, 0x2f, 0xe3, 0x0, 0xd1, 0xff,
    0xfc, 0x60, 0x1a, 0xfe, 0x62, 0x17, 0x4a, 0xed,
    0xc8, 0x0, 0x30, 0x1, 0x98, 0x3a, 0x6e, 0x2c,
    0xc0, 0x21, 0x10, 0x55, 0x25, 0x47, 0xfb, 0x30,
    0x1, 0x9c, 0xf, 0x31, 0x25, 0x98, 0x81, 0x0,
    0x8, 0x8, 0x1e, 0x62, 0x4b, 0x31, 0xc, 0x0,
    0x20, 0x22, 0x6e, 0x62, 0x4b, 0x32, 0xb0, 0x2,
    0x18, 0x76, 0xe6, 0x24, 0xb3, 0x2e, 0x90, 0xc4,
    0x0, 0x4e, 0x62, 0x4b, 0x1f, 0x18, 0xd, 0x28,
    0x0, 0x7d, 0xca, 0x3d, 0x7a, 0x0, 0x98, 0x80,
    0x7, 0xdd, 0xb7, 0x48, 0xde, 0x72, 0x0, 0xe4,
    0x0, 0xe1, 0xee, 0x30,

    /* U+5C65 "履" */
    0x0, 0x77, 0xff, 0xfc, 0x60, 0x1a, 0xff, 0xff,
    0x84, 0x3, 0xa2, 0xab, 0xf8, 0x40, 0x3a, 0xfb,
    0x4f, 0x88, 0xfb, 0xab, 0x20, 0x8, 0x4d, 0xa7,
    0x11, 0x53, 0xff, 0x48, 0x6, 0x3d, 0x84, 0xa6,
    0xe8, 0x8d, 0x20, 0x19, 0x34, 0x3d, 0x92, 0xab,
    0x60, 0x7, 0xb, 0x4d, 0x68, 0x7, 0xf1, 0x2,
    0xd8, 0xa0, 0xd, 0xde, 0x10, 0x9, 0x84, 0x1c,
    0x0, 0x33, 0x92, 0xaa, 0x91, 0x0, 0x1a, 0xbd,
    0x0, 0x5c, 0x2f, 0x77, 0x8, 0x3, 0xc, 0x2,
    0x2c, 0x23, 0xfe, 0xb, 0x10, 0x24, 0xa0, 0x8,
    0xbe, 0x93, 0x35, 0x90, 0x0, 0xca, 0x40, 0x1a,
    0x2b, 0xf3, 0x72, 0x70, 0x52, 0x80, 0x5, 0xc1,
    0x76, 0x73, 0x26, 0xac, 0x10,

    /* U+5CF0 "峰" */
    0x0, 0xfc, 0x20, 0x1f, 0xbc, 0x3, 0x17, 0x88,
    0x7, 0xff, 0x3, 0x83, 0xfb, 0xe8, 0x3, 0xe1,
    0xb2, 0x4e, 0xd1, 0x80, 0x7, 0x0, 0x5b, 0x39,
    0xc3, 0x3b, 0x44, 0x1, 0xf4, 0x38, 0x93, 0x81,
    0x0, 0x7e, 0x6b, 0xfe, 0xba, 0xde, 0xa2, 0x0,
    0xe1, 0xde, 0x7b, 0x6b, 0xcc, 0x10, 0x7, 0x3d,
    0x77, 0x7, 0x3b, 0x8, 0x3, 0xed, 0xff, 0xd,
    0x7f, 0x90, 0x0, 0x20, 0x1a, 0x37, 0x43, 0x3b,
    0xa0, 0xb, 0x83, 0xc0, 0x17, 0xfe, 0x18, 0xff,
    0x0, 0x5f, 0xf0, 0x2d, 0x5d, 0x87, 0xee, 0xd0,
    0x8, 0x1, 0x68, 0xff, 0xc0, 0x5f, 0xf0, 0x50,
    0x6, 0x47, 0x78, 0x69, 0xde, 0x0,

    /* U+5D29 "崩" */
    0x3, 0xf0, 0xd, 0x52, 0x1, 0xbd, 0x0, 0x3f,
    0xf8, 0xdd, 0xd9, 0x5b, 0xbb, 0x0, 0x47, 0xb9,
    0x9b, 0x75, 0x99, 0xb5, 0x0, 0x7b, 0xb8, 0xc3,
    0xbb, 0x88, 0x0, 0x7f, 0xf1, 0x80, 0xf, 0xfe,
    0x31, 0x0, 0x8c, 0xe0, 0x8, 0x4c, 0xe1, 0x0,
    0xdf, 0xf0, 0x4, 0x3f, 0xf0, 0x80, 0xc, 0x3f,
    0xe0, 0x0, 0x8b, 0xfe, 0x10, 0x3, 0x9, 0x14,
    0x0, 0x70, 0x11, 0x80, 0x21, 0x17, 0xfc, 0x0,
    0x21, 0xcc, 0x84, 0x1, 0x8d, 0xbb, 0x0, 0x3d,
    0xb7, 0x61, 0x1, 0x7d, 0x0, 0x8, 0x13, 0xe8,
    0x4, 0x20, 0xa4, 0x81, 0x5c, 0x8c, 0xa8, 0x15,
    0xe4, 0x69, 0x80, 0xa, 0xfb, 0x5b, 0x0, 0x57,
    0xe8, 0x0,

    /* U+5DE5 "工" */
    0x4, 0xdd, 0xff, 0xe0, 0x28, 0x1, 0xa2, 0x38,
    0x6, 0x23, 0x9c, 0x0, 0x4a, 0xbc, 0xca, 0xbe,
    0x20, 0xf, 0xff, 0xf8, 0x7, 0xff, 0x6c, 0x8b,
    0xc0, 0x64, 0x5e, 0x2, 0xdd, 0xf2, 0x2e, 0xef,
    0x8c, 0xbf, 0xff, 0xf8, 0x46,

    /* U+5DE7 "巧" */
    0x0, 0xf2, 0x7f, 0xfe, 0x70, 0x33, 0xe0, 0xcb,
    0xa, 0xcc, 0xcc, 0x39, 0x9d, 0xe6, 0x0, 0x53,
    0x3c, 0x22, 0xff, 0x24, 0x7d, 0x86, 0x18, 0x7,
    0xff, 0x8, 0xd0, 0x3, 0xff, 0x84, 0xad, 0xbb,
    0xc2, 0x1, 0xf1, 0x8c, 0x46, 0xa2, 0x10, 0xf,
    0xce, 0xca, 0xb1, 0x88, 0x7, 0x6b, 0xdb, 0xc0,
    0x6, 0x23, 0x1, 0x8c, 0x45, 0xcc, 0x28, 0x7,
    0x73, 0x0, 0xe, 0xf3, 0xed, 0xc4, 0x3, 0x88,
    0x80, 0x36, 0xe6, 0x1, 0xfc, 0x9e, 0x1, 0xfe,
    0x23, 0x27, 0x17, 0x0, 0xff, 0x2e, 0x6c, 0x40,
    0x40, 0x3f, 0xcf, 0xff, 0x38, 0x0,

    /* U+5DEE "差" */
    0x0, 0xc2, 0x1, 0xe2, 0x0, 0xfd, 0xea, 0x1,
    0x9b, 0x4, 0x3, 0x84, 0x53, 0x64, 0x22, 0x28,
    0x90, 0x10, 0x9, 0x7b, 0x90, 0x3b, 0xdc, 0xd1,
    0x8e, 0xe3, 0x80, 0x17, 0xff, 0x95, 0xbf, 0xf9,
    0xc0, 0x29, 0xff, 0xca, 0xdf, 0xfa, 0x80, 0x34,
    0xff, 0xe5, 0x6f, 0xfd, 0x40, 0x11, 0x17, 0x84,
    0xc8, 0xbc, 0x3, 0xbb, 0xe4, 0x5d, 0xdf, 0x8,
    0xbf, 0xdc, 0x17, 0xff, 0xfc, 0x20, 0x13, 0x16,
    0xff, 0xfd, 0x60, 0x1d, 0x37, 0x3f, 0xea, 0x1f,
    0xfa, 0xc0, 0x33, 0xb, 0x80, 0x63, 0x0, 0xf8,
    0xe6, 0x42, 0x1, 0x8c, 0x3, 0xc3, 0x8c, 0x9f,
    0xfa, 0x87, 0xff, 0x60, 0xe, 0x49, 0x7f, 0xff,
    0xb0, 0x0,

    /* U+5DF2 "已" */
    0xbf, 0xff, 0xf8, 0x2, 0x9c, 0xcf, 0xe9, 0x0,
    0xc4, 0x67, 0xfc, 0x40, 0x1c, 0xe4, 0x1, 0xff,
    0xc1, 0xa7, 0x0, 0xff, 0xe8, 0xd7, 0xff, 0xd6,
    0x1, 0xe9, 0xdd, 0xfb, 0x24, 0x3, 0x8c, 0x8b,
    0xe3, 0x60, 0xf, 0xfe, 0x19, 0xb8, 0x7, 0xff,
    0x5, 0xa4, 0x3, 0xff, 0x83, 0xa4, 0x0, 0x6e,
    0x43, 0x22, 0xe3, 0x57, 0xa0, 0x4, 0xbd, 0x66,
    0xef, 0x65, 0xbb, 0x0,

    /* U+5DFB "巻" */
    0x0, 0x88, 0x2, 0x81, 0x0, 0x11, 0x0, 0x3d,
    0xd0, 0x4, 0xe2, 0x0, 0xeb, 0x0, 0xf7, 0xb8,
    0xa1, 0x0, 0x14, 0xa0, 0x3, 0xf, 0xe0, 0x74,
    0x97, 0xfa, 0x87, 0xbc, 0x40, 0x3, 0xdd, 0x60,
    0x67, 0x5, 0xf7, 0x42, 0x1, 0x8, 0xd4, 0x66,
    0x16, 0xf1, 0x18, 0x0, 0x5f, 0xf9, 0x8f, 0xfc,
    0xc9, 0xff, 0x84, 0xbf, 0xda, 0x33, 0xff, 0xb0,
    0x27, 0xfc, 0x20, 0x3, 0xc0, 0xbd, 0xdd, 0xd3,
    0x30, 0x80, 0x27, 0x2f, 0xff, 0xc4, 0x96, 0x9c,
    0x64, 0xba, 0xa2, 0x45, 0xc0, 0x4, 0xd9, 0x32,
    0xc2, 0x27, 0xff, 0x80, 0x33, 0x0, 0x7b, 0xff,
    0xc5, 0x8, 0x1, 0xf1, 0x88, 0xf1, 0x30, 0x7,
    0x89, 0x73, 0xbb, 0xb5, 0x50, 0x0,

    /* U+5E03 "布" */
    0x0, 0xf2, 0x10, 0x7, 0xff, 0xa, 0x9c, 0x3,
    0xff, 0x82, 0x82, 0xa0, 0x1f, 0xdf, 0xfa, 0xc3,
    0xff, 0xf0, 0x3, 0x76, 0x90, 0xbd, 0x8b, 0xdd,
    0xe0, 0x1, 0x15, 0x6e, 0x85, 0x42, 0x45, 0xc0,
    0x19, 0xce, 0x0, 0x3f, 0xf8, 0x9, 0x3, 0xff,
    0x15, 0x7f, 0xe2, 0x0, 0x2d, 0x91, 0xee, 0xc3,
    0x1b, 0xb0, 0x4, 0x95, 0x14, 0xe4, 0x51, 0x91,
    0x60, 0x9, 0x29, 0xc0, 0x3f, 0xf8, 0x4a, 0x1,
    0xff, 0xcc, 0x24, 0x50, 0xf, 0x8, 0x7, 0x9a,
    0x39, 0xc8, 0x3, 0x35, 0x80, 0x72, 0x65, 0xc0,
    0x0,

    /* U+5E0C "希" */
    0x0, 0xff, 0xe0, 0x18, 0x7, 0xe, 0xe3, 0x90,
    0x4, 0xbd, 0x2, 0x1, 0x87, 0x7f, 0xed, 0x9e,
    0x9d, 0xb1, 0x0, 0xe2, 0x52, 0x3, 0x30, 0xa,
    0x8, 0x6, 0x2e, 0xda, 0x20, 0x9a, 0xe8, 0xce,
    0x60, 0x8, 0xef, 0x75, 0x64, 0x62, 0x24, 0xab,
    0x41, 0x1, 0xea, 0xde, 0xc0, 0xbe, 0xed, 0x7b,
    0xc2, 0x2f, 0xfa, 0x7, 0xbc, 0x37, 0xff, 0x84,
    0x2, 0x58, 0xb0, 0x10, 0x61, 0x1c, 0x1, 0x9e,
    0x82, 0xbb, 0x81, 0x7d, 0xd6, 0x0, 0x6, 0xe5,
    0x4b, 0xfe, 0xd, 0xff, 0x50, 0x6, 0x2f, 0xf0,
    0x7, 0xff, 0x0, 0x64, 0x40, 0x3f, 0x8c, 0x3,
    0xff, 0x82, 0xff, 0x2a, 0x1, 0xc9, 0xe0, 0x1c,
    0xff, 0xe8, 0x0, 0x0,

    /* U+5E26 "带" */
    0x0, 0xa6, 0x40, 0xa, 0x80, 0x4, 0x50, 0x4,
    0x57, 0x67, 0x75, 0xd9, 0x1a, 0xec, 0xc9, 0x76,
    0x22, 0x7f, 0x95, 0x5f, 0xe5, 0x57, 0xf9, 0x17,
    0xfc, 0x60, 0x88, 0x22, 0x22, 0x4, 0xd1, 0x4,
    0x28, 0x81, 0x0, 0xb3, 0xc0, 0x1f, 0xa0, 0xd,
    0xc0, 0xd, 0x7f, 0x53, 0xfe, 0xaa, 0x7f, 0xaa,
    0x7f, 0x0, 0x29, 0xff, 0xca, 0xff, 0xfa, 0x0,
    0x38, 0x47, 0xfc, 0x1, 0xa5, 0xfb, 0xb2, 0x37,
    0x76, 0x2e, 0x0, 0x10, 0x86, 0xff, 0x95, 0xff,
    0xe1, 0x11, 0x0, 0x7f, 0xf3, 0xc4, 0x60, 0xf,
    0xfe, 0xd, 0x79, 0xa8, 0x7, 0x79, 0x0, 0x75,
    0xf6, 0x8, 0x0,

    /* U+5E27 "帧" */
    0x0, 0xff, 0xe2, 0x70, 0x80, 0x77, 0x18, 0x7,
    0xff, 0x7, 0x3f, 0xda, 0x88, 0x7, 0x43, 0x0,
    0xd5, 0xdc, 0xc9, 0xa1, 0x8a, 0xf0, 0x44, 0x1,
    0x2a, 0x84, 0x3c, 0x7f, 0x0, 0x6e, 0xa, 0xe2,
    0xc8, 0x3, 0xe1, 0xcd, 0xcc, 0x8, 0x7, 0xfb,
    0x54, 0x3, 0xff, 0xac, 0x4e, 0x1, 0x89, 0x80,
    0x3c, 0xf1, 0x40, 0x3, 0x3, 0x0, 0xb4, 0x41,
    0x75, 0x87, 0xfa, 0x5d, 0x38, 0x80, 0x3c, 0xb8,
    0x8e, 0x71, 0x64, 0x1, 0xc9, 0x31, 0x20, 0x99,
    0xb2, 0x0, 0xe1, 0x4, 0xc5, 0x0, 0xcd, 0x60,

    /* U+5E2E "帮" */
    0x0, 0xff, 0xe4, 0x45, 0x80, 0x51, 0xff, 0xb0,
    0x1, 0x9d, 0xc7, 0x4e, 0xe4, 0x82, 0xff, 0xa,
    0x0, 0x33, 0xb9, 0x9, 0xdc, 0x90, 0x30, 0x92,
    0x80, 0x3, 0xf7, 0x21, 0x3b, 0x88, 0x1, 0x2a,
    0x0, 0x4f, 0xdc, 0x75, 0xee, 0x20, 0x5, 0xa7,
    0x0, 0x3b, 0xae, 0x74, 0xdd, 0x50, 0x6, 0xe6,
    0x1, 0xdd, 0x21, 0x76, 0xea, 0x80, 0x17, 0xb4,
    0xc0, 0x4, 0xd5, 0xe0, 0x3, 0x3f, 0x85, 0xe7,
    0xc0, 0x4, 0x36, 0x42, 0x2f, 0xc6, 0x81, 0x1,
    0x0, 0x92, 0xed, 0xdd, 0x32, 0x77, 0x70, 0x7,
    0x27, 0xfc, 0xe9, 0xff, 0x60, 0x7, 0xff, 0xd,
    0xc0, 0x3f, 0xf8, 0x31, 0xb4, 0x60, 0x19, 0xa4,
    0x3, 0xd3, 0xfe, 0xc0, 0x0,

    /* U+5E38 "常" */
    0x2, 0xb1, 0x0, 0x7a, 0x0, 0x1e, 0x40, 0x22,
    0x25, 0x80, 0x71, 0x4d, 0x80, 0x33, 0xd9, 0x7f,
    0xc1, 0x7f, 0xa3, 0xbe, 0x83, 0x3d, 0xdf, 0xe1,
    0x0, 0x11, 0x3f, 0xff, 0x8, 0x2, 0xd8, 0x1,
    0xdd, 0xd8, 0x21, 0xc, 0xc2, 0x0, 0xf8, 0x40,
    0xc, 0x40, 0x11, 0xee, 0xbf, 0xb7, 0x88, 0x3,
    0x8f, 0x76, 0x28, 0xdd, 0x80, 0x36, 0x7f, 0xe2,
    0x9f, 0xfc, 0x80, 0x13, 0xff, 0xc5, 0x3f, 0xf2,
    0x0, 0x7f, 0x18, 0x7, 0xff, 0xd, 0xd, 0x80,
    0x25, 0xe0, 0xf, 0x7f, 0x9d, 0x40,

    /* U+5E45 "幅" */
    0x0, 0x70, 0x81, 0x7f, 0xfe, 0x0, 0xf1, 0x7f,
    0xfe, 0x2, 0x20, 0x29, 0x0, 0xc, 0xfc, 0x0,
    0xcc, 0xd, 0x69, 0xe, 0x44, 0x6c, 0x20, 0x7,
    0xf, 0x98, 0x0, 0x6e, 0xf0, 0x80, 0x7f, 0xe,
    0xee, 0x10, 0xf, 0xc3, 0xfb, 0xbb, 0xc8, 0x3,
    0xeb, 0xbf, 0xa4, 0x3, 0xe4, 0xcf, 0x5d, 0xfc,
    0x50, 0xc, 0xa2, 0x0, 0x44, 0x1a, 0x20, 0xc0,
    0x6, 0x0, 0x25, 0x20, 0xce, 0x2c, 0xeb, 0x0,
    0x68, 0x1, 0xe0, 0x1, 0x7c, 0x5b, 0xd4, 0x1,
    0xff, 0xcc, 0xbe, 0x3d, 0xeb, 0x0, 0x0,

    /* U+5E55 "幕" */
    0xe, 0xff, 0xff, 0xe0, 0x80, 0x3b, 0xfd, 0x89,
    0xff, 0x93, 0x7f, 0xe0, 0x8, 0xfb, 0x57, 0xbb,
    0x2e, 0x73, 0x0, 0x7b, 0xbb, 0xf2, 0x88, 0x7,
    0xe, 0x67, 0xe4, 0x0, 0xf0, 0xe6, 0x7e, 0x40,
    0xf, 0xf, 0x77, 0xe4, 0x0, 0xe3, 0xfe, 0x54,
    0xee, 0xef, 0x70, 0x1, 0x77, 0x3f, 0xc8, 0x8f,
    0xf7, 0x7f, 0xbb, 0xa2, 0x27, 0x71, 0x4b, 0xb8,
    0xaf, 0xdc, 0x37, 0xee, 0x10, 0x3f, 0x29, 0x77,
    0xab, 0xff, 0x1b, 0x74, 0x9, 0xd5, 0x15, 0xff,
    0xca, 0xff, 0xeb, 0x2c, 0x20, 0x3d, 0x40, 0xf,
    0xc2, 0x5, 0x42, 0x1, 0xfe, 0xc8, 0x50, 0x8,

    /* U+5E72 "干" */
    0x1, 0x44, 0xff, 0xe0, 0x8, 0x1, 0x2e, 0xff,
    0xf8, 0xe, 0x0, 0x5f, 0xfe, 0x46, 0xff, 0xe6,
    0x0, 0xff, 0xf2, 0x97, 0xff, 0x91, 0xbf, 0xfc,
    0x44, 0xbb, 0xf1, 0xa5, 0xdf, 0x88, 0x11, 0x3c,
    0xe4, 0x89, 0xe0, 0xf, 0xff, 0xf8, 0x7, 0x80,

    /* U+5E73 "平" */
    0x1, 0x33, 0xff, 0xe0, 0x8, 0x1, 0x33, 0x3f,
    0xf8, 0xa, 0x0, 0x5f, 0xdf, 0xf9, 0x5b, 0xfe,
    0xcf, 0x40, 0x8, 0x74, 0xc0, 0x3c, 0x78, 0x40,
    0x18, 0x5a, 0x0, 0x3d, 0x2a, 0x40, 0x1d, 0x48,
    0x20, 0x18, 0x96, 0x0, 0x3c, 0x6a, 0x60, 0x19,
    0xdc, 0x40, 0x19, 0x56, 0xf7, 0x56, 0x25, 0xd,
    0x55, 0x84, 0xa2, 0x3c, 0x6b, 0x11, 0xe3, 0x2d,
    0xdf, 0x2b, 0xee, 0xf8, 0x80, 0x3f, 0xfe, 0x80,

    /* U+5E74 "年" */
    0x0, 0xc2, 0x1, 0xff, 0xc3, 0xc8, 0x0, 0xff,
    0xe0, 0xa9, 0x72, 0x27, 0xe2, 0x0, 0xd0, 0x37,
    0x32, 0xba, 0x99, 0xca, 0x1, 0x59, 0xfe, 0xec,
    0x93, 0xbb, 0x9c, 0x1, 0x29, 0xa2, 0x1, 0xff,
    0xc0, 0xfb, 0x4f, 0xfc, 0x91, 0xff, 0x88, 0x0,
    0xc8, 0x7, 0xbb, 0x1b, 0x6e, 0xe2, 0x0, 0xe7,
    0x22, 0x9f, 0x88, 0xb0, 0x7, 0xff, 0x1d, 0x55,
    0xac, 0xab, 0x36, 0xaa, 0xf1, 0x4, 0xc9, 0x86,
    0x66, 0x24, 0x99, 0xe7, 0xc, 0xcf, 0x92, 0x73,
    0x39, 0x40, 0x3f, 0xfa, 0x80,

    /* U+5E76 "并" */
    0x0, 0xc6, 0x1, 0xe4, 0x10, 0xf, 0x1e, 0x18,
    0x6, 0x2b, 0x50, 0xf, 0x1b, 0xf0, 0x6, 0x95,
    0x40, 0xc, 0x24, 0x4b, 0x3, 0x22, 0x1b, 0xc9,
    0x10, 0x40, 0x11, 0xba, 0xc2, 0xcd, 0xd6, 0x1e,
    0x6e, 0xac, 0x1, 0x3f, 0xe8, 0x3f, 0xfc, 0x91,
    0xfe, 0xa0, 0xe, 0x10, 0xf, 0xfe, 0x82, 0x25,
    0xe2, 0x89, 0x9f, 0x51, 0x20, 0x29, 0x99, 0xca,
    0x67, 0x1a, 0x4c, 0xc4, 0x4d, 0xd9, 0x1f, 0x77,
    0x24, 0xee, 0xc4, 0x1, 0xa, 0xe0, 0x7, 0xff,
    0x6, 0x8d, 0x0, 0x3f, 0xe2, 0xb6, 0xd0, 0xf,
    0xfe, 0x7, 0x96, 0x8, 0x7, 0xff, 0x3, 0x64,
    0x40, 0x3d, 0x6e, 0x1, 0x80,

    /* U+5E8A "床" */
    0x0, 0xf8, 0xbc, 0x40, 0x3f, 0x11, 0x73, 0x2,
    0x91, 0x70, 0x5, 0xbb, 0xd6, 0x17, 0xbb, 0xc6,
    0x1, 0x77, 0xfe, 0xb1, 0xff, 0xe3, 0x0, 0xff,
    0xe2, 0x88, 0x19, 0x17, 0x1, 0x17, 0x0, 0x76,
    0xee, 0x91, 0xdd, 0xe2, 0x3, 0x3, 0xff, 0xb0,
    0x0, 0x7f, 0xf8, 0x80, 0x40, 0x40, 0x2e, 0x41,
    0x78, 0x0, 0xe7, 0x10, 0xa, 0xdf, 0xc2, 0x95,
    0xc0, 0x31, 0xa8, 0x2, 0xda, 0x80, 0x3, 0xf3,
    0x0, 0x16, 0x60, 0xf4, 0x30, 0x3, 0x16, 0x2e,
    0x11, 0x11, 0x5d, 0x6c, 0x40, 0x38, 0xb5, 0x8,
    0x54, 0x92, 0x0, 0x3f, 0xa0, 0x0,

    /* U+5E8F "序" */
    0x0, 0xf8, 0xbc, 0x40, 0x3f, 0x6e, 0xf6, 0x6,
    0x6e, 0xf1, 0x80, 0xa, 0x3b, 0xad, 0xce, 0xef,
    0x18, 0x4, 0x84, 0x23, 0xf8, 0xcc, 0x1, 0xc9,
    0xdd, 0xec, 0xd6, 0x0, 0x84, 0x0, 0xb9, 0x1d,
    0x98, 0xa1, 0x96, 0x0, 0xfc, 0x79, 0x76, 0xad,
    0x60, 0xc, 0x60, 0x2, 0x22, 0xe1, 0xa0, 0x31,
    0x10, 0x40, 0x2, 0xb, 0xff, 0x98, 0x6, 0x7f,
    0x70, 0x0, 0xc4, 0x9b, 0xba, 0xcb, 0x75, 0x23,
    0xe0, 0xd, 0x70, 0xf, 0xc5, 0x5a, 0x40, 0x4,
    0xd0, 0xf, 0xc5, 0xe6, 0x0, 0x23, 0x50, 0x8,
    0x44, 0x60, 0x10, 0x80, 0x42, 0xc4, 0x0, 0x1e,
    0xe4, 0x28, 0x7, 0x80,

    /* U+5E93 "库" */
    0x0, 0xf8, 0x98, 0x3, 0xff, 0x87, 0x26, 0x1,
    0xfb, 0xff, 0xb4, 0x33, 0xff, 0x88, 0x2, 0xbd,
    0xda, 0x65, 0xbb, 0xe2, 0x0, 0x94, 0x8a, 0xdc,
    0x22, 0xf0, 0x7, 0x77, 0xf9, 0x17, 0xff, 0x9c,
    0x0, 0x20, 0xf, 0xe4, 0x5e, 0xcc, 0x77, 0x4c,
    0x1, 0xc2, 0x69, 0x3, 0x72, 0x23, 0x80, 0x6,
    0x1, 0x72, 0x81, 0x8, 0x88, 0xa0, 0x8, 0x40,
    0x44, 0x6b, 0xba, 0x64, 0xdd, 0x8c, 0x0, 0xe2,
    0x3, 0xff, 0x9d, 0x7f, 0xe3, 0x0, 0x1a, 0x81,
    0x17, 0x8, 0x88, 0xb0, 0x3, 0x30, 0xbb, 0xbc,
    0xc9, 0xbb, 0x88, 0x51, 0x55, 0xff, 0xce, 0xbf,
    0xf8, 0x95, 0x8, 0x3, 0xff, 0x82, 0x96, 0x1,
    0xf4, 0x50, 0x7, 0x0,

    /* U+5E94 "应" */
    0x0, 0xf8, 0x4c, 0x3, 0xff, 0x84, 0xb8, 0x20,
    0x1f, 0x88, 0xb9, 0xca, 0x8, 0xb8, 0x2, 0xdd,
    0xec, 0x26, 0xdd, 0xe1, 0x0, 0xb7, 0xff, 0xfe,
    0x10, 0xf, 0x8a, 0xc0, 0x21, 0xd2, 0x0, 0xe9,
    0x80, 0x24, 0x30, 0x2, 0x11, 0x0, 0x2, 0x0,
    0xc6, 0x0, 0x25, 0x80, 0x39, 0x80, 0x23, 0x3,
    0x50, 0x40, 0xc4, 0x0, 0x25, 0x0, 0x42, 0x2,
    0x9, 0xa0, 0x86, 0xc, 0x46, 0x1, 0x38, 0x5,
    0xee, 0x6, 0xe3, 0x10, 0x0, 0xc4, 0x60, 0x4,
    0xa0, 0x4, 0x39, 0x28, 0x6, 0xc5, 0x0, 0xa,
    0x0, 0x51, 0x0, 0xe, 0x5d, 0x8d, 0xde, 0xe1,
    0x9d, 0xd8, 0xcc, 0x49, 0x73, 0x3d, 0x57, 0x33,
    0x88, 0xf4, 0xd, 0x13, 0xfe, 0x10,

    /* U+5E95 "底" */
    0x0, 0xf8, 0xbc, 0x40, 0x3f, 0x7f, 0xf6, 0x87,
    0x7f, 0xf1, 0x80, 0x59, 0xbb, 0xfa, 0xb7, 0x46,
    0x1, 0x11, 0x4, 0x4e, 0xb1, 0xdb, 0xe, 0x40,
    0x1e, 0xce, 0xe8, 0xb, 0xb5, 0x40, 0x21, 0x0,
    0xd9, 0x73, 0x20, 0x10, 0xf, 0xf1, 0x8, 0x9c,
    0x47, 0x80, 0x6, 0x2, 0x0, 0xce, 0xe5, 0x87,
    0x76, 0x20, 0x10, 0xd, 0xdf, 0xf0, 0xe7, 0xfc,
    0x40, 0xe4, 0x1, 0xf2, 0xa8, 0x3, 0x8d, 0x80,
    0x81, 0xdd, 0x35, 0x9a, 0x0, 0x20, 0x6, 0xe3,
    0xe1, 0x6f, 0x73, 0xd9, 0x8, 0x38, 0xc5, 0x51,
    0xff, 0x2a, 0x19, 0x5, 0xfd, 0x48, 0x88, 0x46,
    0xdd, 0xde, 0xc8, 0x59, 0x61, 0x5c, 0x6, 0xff,
    0xf6, 0x4, 0x64, 0x0,

    /* U+5EA6 "度" */
    0x0, 0xf8, 0xfc, 0x3, 0xfb, 0xff, 0xb0, 0x3f,
    0xfb, 0x80, 0x36, 0x6e, 0xaf, 0x77, 0x5e, 0xeb,
    0x0, 0x31, 0x15, 0x42, 0x45, 0x53, 0x11, 0x0,
    0x33, 0x7f, 0x87, 0x3f, 0xe1, 0xbf, 0xc0, 0x0,
    0x83, 0x7f, 0x86, 0xff, 0xe1, 0xbf, 0xc0, 0xf,
    0xfe, 0x31, 0x80, 0x80, 0xe, 0xbb, 0xa0, 0x70,
    0xc, 0x20, 0x1b, 0x7b, 0xb8, 0x80, 0x33, 0x91,
    0x3b, 0x9f, 0xdd, 0xe7, 0x0, 0x89, 0x8b, 0xb0,
    0x6b, 0xba, 0x73, 0x70, 0xb, 0xc, 0x0, 0x55,
    0x48, 0x3c, 0x2d, 0x0, 0xc9, 0x80, 0x12, 0xcb,
    0xe1, 0x78, 0x80, 0x4a, 0x8, 0xd7, 0xbd, 0x95,
    0x8d, 0x5f, 0x92, 0xb, 0xa0, 0xbd, 0xfe, 0xb5,
    0x38, 0xed, 0x9c, 0x0,

    /* U+5EA7 "座" */
    0x0, 0xf8, 0xbc, 0x40, 0x3e, 0x2f, 0xfe, 0xd0,
    0xef, 0xfe, 0x20, 0xb, 0x37, 0x7f, 0xe2, 0x0,
    0x8c, 0x99, 0xc9, 0x28, 0x89, 0x44, 0x40, 0xf,
    0x79, 0x0, 0x90, 0x23, 0x0, 0x7e, 0x40, 0xe,
    0xe3, 0x0, 0xc2, 0x0, 0x93, 0xa7, 0x0, 0x2a,
    0x23, 0x48, 0x3, 0x32, 0x6e, 0x57, 0xb5, 0x6c,
    0xd6, 0x8, 0x38, 0xbf, 0x88, 0xb7, 0xdb, 0x8c,
    0x1f, 0x4, 0x4, 0x87, 0xb7, 0x69, 0x5c, 0xdd,
    0x84, 0x1, 0xac, 0x1d, 0xd9, 0xd3, 0xbb, 0x18,
    0x0, 0xf4, 0x8, 0xce, 0xe1, 0x33, 0xc0, 0x1,
    0x44, 0x0, 0x77, 0x80, 0x7c, 0x84, 0x7d, 0xff,
    0x9d, 0x7f, 0xf8, 0xd7, 0xc3, 0xbf, 0xff, 0xe3,

    /* U+5EAB "庫" */
    0x0, 0xf8, 0xbc, 0x40, 0x3e, 0x1f, 0xfe, 0xd0,
    0xef, 0xfe, 0x20, 0xb, 0xbf, 0xf4, 0x1f, 0xff,
    0x10, 0x6, 0xee, 0xd0, 0x7d, 0xda, 0xc0, 0x30,
    0xff, 0xe8, 0x4f, 0xfd, 0x60, 0x1c, 0xfb, 0xb4,
    0xa6, 0xee, 0x0, 0x8c, 0x0, 0x2b, 0x98, 0x84,
    0xcc, 0x71, 0x0, 0x42, 0x20, 0x3, 0xe6, 0x2d,
    0x33, 0x1e, 0x1, 0x9c, 0xc0, 0xf, 0x98, 0xb4,
    0xcc, 0x78, 0x6, 0x11, 0x0, 0x1f, 0x31, 0x69,
    0x98, 0xf0, 0xd, 0xac, 0xf, 0xd9, 0x8a, 0x4c,
    0xc6, 0xf0, 0x4, 0x79, 0x5b, 0xba, 0x53, 0x77,
    0x90, 0x91, 0x17, 0xff, 0x98, 0xff, 0xf9, 0x5,
    0x88, 0x48, 0xb7, 0x39, 0x17, 0x0,

    /* U+5EF6 "延" */
    0x0, 0xff, 0x12, 0xc6, 0x28, 0x2f, 0xfe, 0x16,
    0xbe, 0xfd, 0x81, 0x94, 0x5, 0xee, 0x2a, 0x85,
    0x77, 0x5c, 0x95, 0x2a, 0x20, 0x1, 0x5, 0x90,
    0x36, 0x31, 0x10, 0x7, 0xd0, 0x86, 0x0, 0x10,
    0xf, 0xe1, 0x68, 0x0, 0xb5, 0x40, 0x1a, 0xab,
    0x0, 0x20, 0x33, 0xe8, 0x3, 0x9f, 0xfe, 0x0,
    0x15, 0xeb, 0x18, 0x7, 0x55, 0x60, 0x4, 0x31,
    0x13, 0xc0, 0x3f, 0xe4, 0xb0, 0x55, 0x0, 0x7f,
    0xcc, 0xd1, 0x98, 0x84, 0x88, 0x3c, 0x45, 0x0,
    0x5, 0xe5, 0x47, 0x4a, 0x35, 0x1b, 0x76, 0x40,
    0x6, 0x82, 0x1f, 0xff, 0xf2, 0x1, 0x5c, 0x2e,
    0xdb, 0xa9, 0x90, 0x88, 0x88, 0x25, 0xae, 0xe9,
    0xd3, 0xc9, 0xdd, 0x77, 0x37, 0x44, 0x4b, 0x90,
    0x1, 0x45, 0xe7, 0x7f, 0xf1, 0x80,

    /* U+5EFA "建" */
    0x0, 0xff, 0xe2, 0x2f, 0xfd, 0x20, 0x1a, 0x24,
    0x3, 0x97, 0xb8, 0x22, 0xc, 0xff, 0x3b, 0x7f,
    0xc4, 0x0, 0x14, 0x19, 0xc, 0xff, 0x32, 0xff,
    0x80, 0x40, 0x29, 0x61, 0xee, 0xcc, 0xbd, 0xc0,
    0xd5, 0x3, 0x34, 0x7, 0x76, 0x76, 0xee, 0x6,
    0x28, 0x40, 0x7f, 0x26, 0xf7, 0x1d, 0xbb, 0x80,
    0x18, 0xf7, 0xc1, 0xf7, 0xb8, 0xed, 0xdc, 0xf2,
    0x0, 0x68, 0x80, 0x97, 0x74, 0xed, 0xdd, 0x20,
    0x0, 0xa1, 0x8, 0x7b, 0xa7, 0x6e, 0xe9, 0x0,
    0xc, 0x91, 0x53, 0x99, 0x33, 0xe6, 0x60, 0x0,
    0xb9, 0x25, 0xff, 0xc8, 0xbf, 0xf8, 0x2, 0x10,
    0xe0, 0x33, 0x88, 0x86, 0x78, 0x0, 0x8d, 0x23,
    0xb6, 0xc7, 0xde, 0x24, 0x50, 0x9d, 0xbb, 0x65,
    0x96, 0xf4, 0x4f, 0x6e, 0xc4, 0x79, 0x0, 0x4,
    0x9b, 0xde, 0xff, 0xe3,

    /* U+5F00 "开" */
    0x9, 0xff, 0xff, 0xe0, 0x50, 0x2, 0x37, 0x52,
    0x3b, 0xb9, 0x55, 0xba, 0xb0, 0x0, 0x91, 0x40,
    0x45, 0x8c, 0xc4, 0x41, 0x0, 0xff, 0xec, 0x88,
    0x7, 0xfc, 0x5d, 0xd5, 0x8f, 0x76, 0x66, 0x77,
    0x44, 0x4d, 0xd9, 0xcb, 0x77, 0x22, 0x37, 0x62,
    0x3, 0x3c, 0xe6, 0x78, 0x88, 0x67, 0x0, 0x72,
    0x60, 0x7, 0xff, 0x5, 0xc5, 0x80, 0x3f, 0xf8,
    0x7, 0x12, 0x1, 0xff, 0xc0, 0x5c, 0x56, 0x0,
    0xff, 0xe0, 0x73, 0xd0, 0x7, 0xff, 0x6, 0xe0,
    0x3, 0xe9, 0x90, 0x6,

    /* U+5F02 "异" */
    0x6, 0xff, 0xff, 0x80, 0x33, 0x7f, 0xff, 0x60,
    0x7, 0xff, 0xc, 0x40, 0x3d, 0xdf, 0xff, 0xb4,
    0x3, 0xea, 0xee, 0xfe, 0x43, 0x0, 0xe1, 0x1f,
    0xef, 0xb0, 0x9, 0xab, 0xbb, 0xf7, 0xad, 0x0,
    0x51, 0xf2, 0xf9, 0x99, 0x27, 0xb8, 0x40, 0x1d,
    0xe6, 0x45, 0x84, 0x4, 0x2, 0x2d, 0xd9, 0x97,
    0x77, 0x24, 0xee, 0xc4, 0x49, 0x98, 0xd6, 0x67,
    0x1b, 0xcc, 0xc4, 0x8, 0x81, 0x28, 0x44, 0xcf,
    0xc8, 0x90, 0x0, 0xa6, 0xa4, 0x80, 0x3f, 0xc3,
    0x87, 0xac, 0x1, 0xff, 0xf, 0x51, 0x0, 0x7a,
    0xdc, 0x3, 0x0,

    /* U+5F03 "弃" */
    0x0, 0xfa, 0xa0, 0x3, 0xe1, 0xff, 0xf2, 0xbf,
    0xff, 0x84, 0x5b, 0xb9, 0xc7, 0x76, 0xcd, 0xdc,
    0x20, 0x45, 0x1b, 0x41, 0x15, 0xd2, 0x64, 0x40,
    0xe, 0x92, 0x71, 0x22, 0x4b, 0x72, 0x80, 0x55,
    0xfe, 0x73, 0xee, 0x67, 0xc8, 0x9d, 0x38, 0x2,
    0xf7, 0xa1, 0xbf, 0xdd, 0xaf, 0x39, 0x83, 0x0,
    0x9, 0x8, 0x18, 0x6, 0x63, 0x3, 0x40, 0x1,
    0x15, 0xc2, 0x45, 0x87, 0x88, 0xa0, 0x2d, 0xd9,
    0x93, 0x77, 0x13, 0xee, 0xc4, 0x4f, 0xf8, 0xe3,
    0xff, 0x1c, 0xff, 0xc4, 0x1, 0x39, 0x30, 0x7,
    0xfc, 0x55, 0x3a, 0x20, 0x1f, 0xe1, 0xc2, 0xf3,
    0x0, 0xff, 0x87, 0xa0, 0x40, 0x3d, 0x8c, 0x1,
    0x80,

    /* U+5F0F "式" */
    0x0, 0xfe, 0xf5, 0x4b, 0x10, 0xf, 0xf8, 0x41,
    0xf, 0xc8, 0x0, 0x67, 0xf8, 0x34, 0xed, 0x98,
    0x3, 0xbb, 0xf8, 0x5f, 0x74, 0xd4, 0x43, 0xdd,
    0xf9, 0x1f, 0xbb, 0x10, 0x7, 0xf1, 0x10, 0x3,
    0xd1, 0xff, 0xe7, 0xe6, 0x0, 0xf4, 0xe6, 0xd,
    0xb3, 0xc, 0x44, 0x0, 0xf0, 0x99, 0x98, 0x4c,
    0xc2, 0xe2, 0x40, 0x1f, 0xfc, 0x12, 0x14, 0x0,
    0xff, 0xe0, 0x10, 0x3e, 0x80, 0x25, 0x0, 0x22,
    0x64, 0xcf, 0xc0, 0xa4, 0x30, 0x21, 0xb, 0xfd,
    0x5, 0x9e, 0xe0, 0x1a, 0x72, 0xa3, 0x87, 0x67,
    0xe4, 0xa8, 0x80, 0x54, 0xf4, 0xa4,

    /* U+5F15 "引" */
    0x7f, 0xff, 0x0, 0x6d, 0x57, 0xee, 0xd6, 0x1,
    0xf8, 0x47, 0x30, 0x7, 0xe1, 0x1c, 0xc0, 0x1f,
    0xbb, 0xb5, 0x80, 0x7c, 0x41, 0xdf, 0xf8, 0x3,
    0xce, 0x42, 0x1, 0xfe, 0xc2, 0xee, 0xe0, 0xf,
    0x1b, 0xee, 0xd0, 0x20, 0x1e, 0xa8, 0x33, 0xc4,
    0x1, 0xff, 0x13, 0x0, 0x7f, 0xda, 0x40, 0x1f,
    0x9, 0x92, 0x2e, 0x0, 0x7e, 0xcd, 0xb4, 0x50,
    0xf, 0x87, 0xfe, 0xb0, 0xe, 0xd5,

    /* U+5F1B "弛" */
    0x1f, 0xfc, 0xc0, 0x40, 0xe, 0x30, 0xc, 0x3d,
    0xd2, 0x0, 0x30, 0xc0, 0x3f, 0x8, 0xc0, 0x1f,
    0x97, 0x2c, 0x0, 0x23, 0x0, 0x78, 0x72, 0x85,
    0xc0, 0x19, 0xdc, 0x40, 0xa, 0x78, 0x1f, 0xa0,
    0x2, 0x3d, 0xff, 0x25, 0xb, 0x58, 0xd8, 0x80,
    0x61, 0x20, 0x0, 0x98, 0x7a, 0x80, 0x46, 0xe0,
    0x41, 0xdb, 0xa5, 0x91, 0x0, 0xfc, 0x29, 0x9e,
    0x20, 0x1f, 0x26, 0x90, 0x1d, 0x91, 0x0, 0xc0,
    0x3d, 0x1, 0x60, 0x1c, 0x42, 0x1, 0xec, 0xb2,
    0x0, 0xe1, 0x60, 0xd, 0xe6, 0x0, 0x75, 0x1,
    0x4, 0x2, 0x3, 0xb1, 0x1, 0x11, 0xd1, 0x84,
    0x7d, 0xb0, 0x2, 0xdb, 0xbb, 0x63, 0x30, 0x27,
    0xbe, 0x40, 0xd, 0xdf, 0xfd, 0x60,

    /* U+5F20 "张" */
    0x7f, 0xfb, 0x0, 0xbc, 0x3, 0x53, 0x3, 0xf7,
    0x24, 0x3, 0xe6, 0x47, 0x0, 0x8, 0x8c, 0x3,
    0xc7, 0x36, 0x20, 0x2, 0x28, 0x3, 0x93, 0x21,
    0x40, 0x5, 0xba, 0x80, 0xc, 0x57, 0x2e, 0x1,
    0x8, 0xbf, 0xd8, 0x2c, 0x0, 0xb7, 0x11, 0x81,
    0xc8, 0x2, 0xeb, 0xd, 0xbe, 0xec, 0xa4, 0x6,
    0x77, 0x60, 0x75, 0xf, 0x74, 0xa0, 0x3d, 0xbc,
    0x22, 0x1, 0x51, 0x51, 0x10, 0x36, 0xea, 0x4,
    0x3, 0x9b, 0xc0, 0x3c, 0x2e, 0x1, 0xd6, 0x86,
    0x1, 0xdc, 0x40, 0x18, 0xc5, 0xf8, 0x40, 0x21,
    0x4f, 0x6, 0xd, 0xd3, 0xc0, 0xe1, 0x27, 0xf0,
    0xb8, 0x7a, 0x4f, 0x20, 0x63, 0x82, 0x7f, 0xb0,
    0x42, 0xec, 0x80, 0x1a, 0x88,

    /* U+5F2F "弯" */
    0x0, 0xfa, 0x64, 0x1, 0xfa, 0xfb, 0xb9, 0x99,
    0xdd, 0xda, 0x0, 0xbe, 0x8c, 0xc0, 0xf7, 0xbb,
    0x65, 0xf6, 0x80, 0x51, 0x44, 0xaa, 0x10, 0x8,
    0xe2, 0x0, 0x15, 0x26, 0x9c, 0x48, 0x6, 0x1c,
    0x48, 0x0, 0x5e, 0xb6, 0x49, 0xaf, 0x26, 0x0,
    0xef, 0x0, 0x5f, 0x41, 0x1d, 0x60, 0x75, 0xdc,
    0x16, 0x0, 0xf, 0x6f, 0xf7, 0x7b, 0xc4, 0x3,
    0x87, 0x77, 0xf6, 0x0, 0x79, 0x3, 0x33, 0xf7,
    0x0, 0x77, 0x96, 0x67, 0xf6, 0x88, 0x6, 0xbc,
    0xcf, 0xd0, 0x42, 0x1, 0x52, 0x8, 0xf0, 0x8,
    0xbd, 0x40, 0x3f, 0xc7, 0xdf, 0xe6, 0x80, 0xf,
    0xf1, 0xff, 0xd8, 0x40, 0x0,

    /* U+5F35 "張" */
    0xf, 0xfd, 0xc0, 0x7f, 0xfe, 0xe0, 0x7, 0x75,
    0x60, 0x10, 0xff, 0xf7, 0x0, 0x4, 0x66, 0x0,
    0x86, 0xab, 0x88, 0x3, 0xf8, 0x66, 0x78, 0x80,
    0x13, 0xdc, 0xd0, 0xc, 0x67, 0xc0, 0x11, 0x3c,
    0x4d, 0x80, 0x7, 0xbb, 0x8c, 0x0, 0xda, 0xcc,
    0x50, 0x71, 0xff, 0xe2, 0x0, 0x14, 0xee, 0xea,
    0x1f, 0xee, 0x7f, 0xd0, 0x44, 0xee, 0x41, 0x66,
    0x8f, 0x4a, 0x77, 0x26, 0x8b, 0x4c, 0xce, 0x2,
    0x1, 0x3a, 0x23, 0x38, 0x80, 0x33, 0x8, 0x6,
    0x17, 0xb9, 0x90, 0x7, 0x11, 0x0, 0x3a, 0xc7,
    0x0, 0x30, 0x8a, 0x95, 0x28, 0x77, 0xf7, 0x1e,
    0xcc, 0x1, 0xfc, 0x36, 0x61, 0x3d, 0xd1, 0x78,
    0x28, 0x3, 0xbf, 0x49, 0xe5, 0x8c, 0x40, 0x3,
    0x6c,

    /* U+5F37 "強" */
    0x0, 0xfe, 0xb2, 0x0, 0xe1, 0xff, 0xcc, 0x0,
    0x66, 0x10, 0x29, 0x0, 0x7, 0xba, 0x40, 0xa,
    0xec, 0x0, 0xcf, 0x10, 0x0, 0x8c, 0x1, 0x21,
    0xaa, 0x2f, 0x95, 0x0, 0x42, 0x20, 0x6, 0x58,
    0xed, 0xce, 0xaa, 0x28, 0x6f, 0x71, 0x3, 0x7f,
    0xdc, 0x1b, 0x75, 0x47, 0x3, 0xbd, 0xd3, 0x81,
    0x9c, 0xa, 0x66, 0x72, 0x1, 0x52, 0x20, 0xae,
    0x7f, 0x82, 0x7f, 0xb0, 0x8, 0x2a, 0xa4, 0x3,
    0xcc, 0x6, 0x62, 0x40, 0x2, 0x5f, 0xce, 0x40,
    0x10, 0x81, 0x80, 0x63, 0xd4, 0x40, 0x98, 0x1f,
    0xf0, 0x6f, 0xd9, 0x80, 0x71, 0xa, 0x7f, 0xc1,
    0xd9, 0x1a, 0x1, 0xc2, 0xc0, 0x1e, 0x2a, 0x60,
    0x1, 0x11, 0x80, 0xde, 0x26, 0x83, 0x30, 0x52,
    0x41, 0x5b, 0x2e, 0x3a, 0x22, 0xca, 0x9f, 0xe7,
    0xb0, 0x8f, 0xf4, 0x5, 0x4c, 0x32, 0xa1, 0xc,
    0x48,

    /* U+5F39 "弹" */
    0x0, 0xf8, 0x94, 0x2, 0x28, 0x0, 0xf, 0xfe,
    0x50, 0x1b, 0x10, 0x5, 0xa0, 0x0, 0x7b, 0xa2,
    0x0, 0x1b, 0xc8, 0x13, 0x78, 0x4, 0x23, 0x80,
    0x2b, 0xc0, 0x85, 0x30, 0x8, 0x8a, 0x10, 0x3f,
    0xcb, 0xf5, 0x4f, 0xd0, 0x6, 0x7f, 0x8, 0x80,
    0xbb, 0x81, 0xbd, 0x60, 0x1b, 0x32, 0x40, 0x2c,
    0xd0, 0xec, 0x90, 0x8, 0x40, 0x38, 0x7b, 0xc2,
    0x3a, 0xc0, 0x34, 0x4c, 0x8c, 0x0, 0x44, 0x7,
    0x23, 0x0, 0x9c, 0x44, 0xec, 0x0, 0xee, 0x6,
    0x75, 0x88, 0x2, 0x22, 0x31, 0x3e, 0xe8, 0x37,
    0xb9, 0x80, 0x1c, 0x79, 0xff, 0x70, 0x6f, 0xfd,
    0x0, 0x18, 0x6b, 0xba, 0xc0, 0xbe, 0xea, 0x40,
    0x88, 0xc2, 0x42, 0x31, 0x3, 0x8, 0xe0, 0xbd,
    0x99, 0x0, 0x7f, 0xf0, 0x27, 0xfc, 0xe0, 0x18,
    0x7c, 0x80, 0x30,

    /* U+5F3A "强" */
    0x0, 0xff, 0xe2, 0xf, 0xfe, 0xd0, 0xef, 0xff,
    0x8, 0xf, 0xfd, 0x40, 0x16, 0xff, 0xe0, 0xf,
    0x84, 0x3, 0xff, 0x8e, 0xe4, 0x51, 0x80, 0x68,
    0xbb, 0x40, 0x0, 0xa3, 0xf7, 0xf8, 0x80, 0x24,
    0x3e, 0x99, 0x6, 0x6e, 0x83, 0xb7, 0x42, 0x0,
    0x2a, 0x55, 0x21, 0xff, 0xc1, 0x9f, 0xe8, 0x0,
    0xd, 0xc4, 0x40, 0x7f, 0xe0, 0xdf, 0x60, 0x1,
    0x87, 0x79, 0x30, 0x7, 0xf8, 0xfd, 0xdd, 0xe6,
    0x7, 0xfe, 0xd, 0xf6, 0x0, 0xf1, 0x89, 0xff,
    0xc1, 0x9b, 0x50, 0x1, 0xdc, 0xc0, 0x1c, 0x22,
    0xa2, 0x0, 0x84, 0x4b, 0xa2, 0x46, 0x81, 0x56,
    0x32, 0x1, 0x77, 0x5, 0xb3, 0x7b, 0xdb, 0xf3,
    0xc, 0x60, 0xf, 0xf6, 0xe, 0xfe, 0xdc, 0xba,
    0x16, 0x98,

    /* U+5F52 "归" */
    0x0, 0x87, 0xc4, 0x3, 0xf1, 0xc8, 0x6, 0x6e,
    0xee, 0xfe, 0x64, 0x0, 0xcd, 0xdd, 0xd6, 0x1,
    0xff, 0xdd, 0x10, 0xf, 0xdf, 0xfd, 0x40, 0x18,
    0xc0, 0x43, 0xbb, 0xa8, 0x3, 0x8, 0x4, 0x23,
    0xe0, 0x5c, 0x5, 0x30, 0xf, 0xf0, 0x86, 0xa8,
    0x7, 0xfc, 0x69, 0x60, 0x46, 0x7e, 0x0, 0x16,
    0xb1, 0x4, 0xe6, 0x74, 0x0, 0x25, 0x64, 0x1,
    0x7f, 0xfd, 0x60, 0xa, 0xb0, 0xf, 0xe4, 0xe0,

    /* U+5F53 "当" */
    0x3, 0x0, 0xdc, 0xc0, 0x11, 0x20, 0x2, 0x28,
    0x3, 0xf7, 0x78, 0x2, 0x91, 0x0, 0x1e, 0x43,
    0x90, 0x0, 0xcc, 0x0, 0x70, 0xd4, 0x90, 0x4,
    0xfa, 0x1, 0xc3, 0x4c, 0x1, 0x67, 0xf7, 0xf8,
    0x67, 0xfd, 0x7f, 0xa0, 0xf, 0xcc, 0xfe, 0x73,
    0x0, 0x19, 0xff, 0xb4, 0x3, 0x11, 0x7f, 0x80,
    0x24, 0xdd, 0xfe, 0x80, 0x9, 0x3f, 0xff, 0xa8,
    0x3, 0xff, 0x88, 0x5b, 0xbf, 0xeb, 0x0, 0x14,
    0x47, 0xf9, 0xc0, 0x0,

    /* U+5F55 "录" */
    0x0, 0xff, 0xe2, 0x6f, 0xff, 0xf8, 0x80, 0x2c,
    0xdd, 0xfd, 0x60, 0x60, 0x10, 0x91, 0x7e, 0x70,
    0xe, 0x5f, 0xff, 0xd8, 0x2, 0x1, 0x2e, 0xef,
    0xe9, 0x0, 0xc4, 0x40, 0xf, 0xc2, 0x22, 0x20,
    0x7e, 0x67, 0x6e, 0xb3, 0x12, 0x19, 0x80, 0xda,
    0xbe, 0xe9, 0x93, 0xba, 0xbb, 0x70, 0x5, 0x18,
    0x40, 0x4, 0x60, 0x9b, 0x10, 0x9, 0x35, 0x28,
    0x54, 0xe3, 0x4f, 0xd0, 0x3, 0xb4, 0xf8, 0x97,
    0x4f, 0x4, 0x2, 0x39, 0xe9, 0xdf, 0x70, 0x3d,
    0x8c, 0x40, 0x2, 0x6, 0xe3, 0x1, 0x0, 0xf,
    0x92, 0xb4, 0x1e, 0x4c, 0x37, 0xd7, 0x40, 0x28,
    0xef, 0x0,

    /* U+5F62 "形" */
    0x0, 0xff, 0xe0, 0xb2, 0x80, 0x37, 0xff, 0xe6,
    0x0, 0x3c, 0xb0, 0x3, 0x34, 0x33, 0xa4, 0x79,
    0x82, 0x21, 0x66, 0x0, 0x12, 0x2, 0x12, 0x31,
    0x2d, 0x6c, 0x40, 0xf, 0xfe, 0x2, 0x79, 0x80,
    0x7f, 0xf0, 0xa, 0x44, 0xf, 0x4, 0x8, 0xc1,
    0x48, 0x86, 0x42, 0x0, 0x3c, 0x91, 0x16, 0xe0,
    0x5e, 0xc8, 0xec, 0x3, 0x64, 0xa8, 0xf, 0xf0,
    0x7f, 0xac, 0xbe, 0x2e, 0xd8, 0xc0, 0x19, 0x40,
    0x3c, 0x39, 0xa6, 0x8, 0x40, 0x2, 0x20, 0x7,
    0x9c, 0x0, 0x76, 0xc0, 0xf, 0x70, 0xf, 0xc7,
    0xb0, 0x80, 0x7, 0xe0, 0xf, 0x9f, 0x25, 0xc0,
    0x12, 0x68, 0x1, 0xc9, 0x97, 0x8e, 0x1, 0x27,
    0x80, 0x7a, 0x2f, 0xc, 0x3, 0x69, 0x0, 0x49,
    0xa1, 0x8e, 0x1, 0xc0,

    /* U+5F71 "影" */
    0x0, 0xff, 0xe0, 0x90, 0x4, 0x3f, 0x99, 0xde,
    0x1, 0x1e, 0xb0, 0x6, 0xcc, 0xdc, 0x1, 0x16,
    0xbb, 0x0, 0x6b, 0xbd, 0xc0, 0x5, 0xd7, 0x80,
    0xe, 0xaa, 0xde, 0x3, 0x73, 0x20, 0xe, 0x5b,
    0xae, 0xb9, 0x51, 0xe6, 0x2, 0x50, 0x19, 0x22,
    0x80, 0x8a, 0x70, 0x1, 0xe6, 0x80, 0x37, 0x6c,
    0xad, 0xd8, 0xc1, 0xf1, 0xa0, 0x5, 0x62, 0x3d,
    0x29, 0xb3, 0x70, 0x1, 0x8b, 0x77, 0x70, 0x84,
    0xfa, 0x0, 0x78, 0xc8, 0xa6, 0x0, 0x20, 0x80,
    0xea, 0x80, 0x12, 0x3b, 0x67, 0x90, 0x2, 0x1d,
    0x65, 0x0, 0x3c, 0x70, 0xd8, 0xe0, 0x1, 0x31,
    0xec, 0x1, 0x6c, 0x62, 0x0, 0x8b, 0x6b, 0xbc,
    0x1, 0x75, 0x53, 0x10, 0xb, 0x4, 0x5c, 0xc0,
    0x10,

    /* U+5F79 "役" */
    0x0, 0x85, 0x80, 0x3f, 0xf8, 0x5b, 0x80, 0xe,
    0xff, 0xdc, 0x1, 0xd4, 0x34, 0x1, 0x5f, 0xfa,
    0xc0, 0x30, 0xe3, 0xf8, 0x80, 0x5, 0xc0, 0x3e,
    0x30, 0xc3, 0xf6, 0x20, 0x20, 0xe, 0x92, 0x26,
    0xd, 0x9b, 0x51, 0x88, 0x1, 0xc4, 0xd0, 0x2,
    0x75, 0x95, 0x7f, 0x0, 0x8d, 0x79, 0x8, 0x22,
    0x0, 0xc9, 0x22, 0x45, 0xa3, 0xe4, 0x19, 0xe8,
    0x0, 0x71, 0xb9, 0x9b, 0x74, 0x0, 0x7c, 0x50,
    0x1, 0x70, 0xef, 0x74, 0xae, 0x0, 0x13, 0x0,
    0xe9, 0xe1, 0x7, 0x49, 0x0, 0xfe, 0x77, 0x64,
    0xcb, 0x4, 0x3, 0xfd, 0xc4, 0xce, 0x40, 0x1f,
    0x85, 0xb2, 0xa2, 0x93, 0xa0, 0xc0, 0x3d, 0x5b,
    0x5c, 0xeb, 0xb6, 0x5a, 0x60, 0x17, 0x95, 0xd9,
    0x80, 0x32, 0xd7, 0x18,

    /* U+5F84 "径" */
    0x0, 0x8e, 0x80, 0x3f, 0xf8, 0x23, 0xba, 0x1f,
    0xff, 0xc6, 0x0, 0x2c, 0x57, 0x1f, 0x2b, 0xff,
    0xa0, 0x8c, 0xb, 0x1e, 0xcc, 0x42, 0xa4, 0x0,
    0x51, 0x20, 0x3, 0x6a, 0x2c, 0x50, 0x71, 0xb2,
    0xc7, 0x40, 0x0, 0xc0, 0x72, 0x20, 0x1, 0xab,
    0xa9, 0x0, 0x1d, 0x27, 0x0, 0x1, 0xb1, 0x24,
    0x70, 0xd, 0x2c, 0x2, 0x95, 0xc1, 0xdb, 0x75,
    0xd2, 0x4c, 0xf6, 0x0, 0x3d, 0xea, 0x2b, 0x5d,
    0xa0, 0x36, 0xf4, 0x0, 0x3b, 0x84, 0x1d, 0x80,
    0x9, 0x22, 0x2, 0x1, 0xb7, 0xfd, 0x65, 0xff,
    0x28, 0x7, 0xd9, 0xdc, 0x91, 0xee, 0x94, 0x3,
    0xe1, 0x18, 0x8c, 0x46, 0x0, 0xff, 0x84, 0xc0,
    0x3f, 0xdd, 0xff, 0x50, 0xff, 0xe3,

    /* U+5F85 "待" */
    0x0, 0xff, 0xe3, 0xc5, 0x80, 0x67, 0xb0, 0xf,
    0x99, 0x92, 0x4, 0x57, 0xb9, 0x14, 0x1, 0x44,
    0x34, 0x83, 0x76, 0x73, 0xdd, 0x98, 0x5, 0x30,
    0xe0, 0x3f, 0xe8, 0x4f, 0xf9, 0x80, 0x70, 0xa5,
    0x8, 0xb7, 0xb9, 0x16, 0x0, 0x95, 0xbf, 0x37,
    0x67, 0x3d, 0xdc, 0x60, 0xb4, 0x5, 0xdf, 0xfd,
    0x81, 0xfe, 0x34, 0xa7, 0x0, 0x9, 0x17, 0x30,
    0x11, 0x1, 0x62, 0x0, 0xa, 0xdd, 0xea, 0xd,
    0xd0, 0x89, 0xc0, 0x2b, 0xd9, 0xff, 0xb0, 0x3f,
    0xc2, 0x1, 0xe3, 0xb7, 0x0, 0xff, 0xe0, 0x8f,
    0x41, 0x0, 0x7f, 0xf0, 0x4f, 0xc, 0x98, 0x3,
    0xff, 0x80, 0x6f, 0xb4, 0xc0, 0x1e, 0xf1, 0x0,
    0xcd, 0xfe, 0x90, 0x8,

    /* U+5F88 "很" */
    0x0, 0x8a, 0x44, 0x3, 0xff, 0x83, 0xe6, 0x29,
    0xff, 0xf2, 0x0, 0x7, 0x6, 0x80, 0x3, 0xdd,
    0xc2, 0x0, 0x2f, 0x7c, 0x32, 0x0, 0x8, 0xf0,
    0x4, 0x53, 0x65, 0xae, 0x3, 0xbb, 0xc2, 0x1,
    0x38, 0x7b, 0xa8, 0xf, 0xff, 0x8, 0x6, 0xb2,
    0xb0, 0x8, 0x8b, 0x80, 0x21, 0xd6, 0x0, 0xc3,
    0xbb, 0xc2, 0x0, 0x46, 0xc0, 0xe, 0xe8, 0x3e,
    0xe6, 0x30, 0x2d, 0x88, 0x6, 0x13, 0x53, 0x73,
    0x99, 0x0, 0x7f, 0xd5, 0x18, 0x76, 0x1, 0xff,
    0x39, 0x2c, 0x80, 0x7f, 0xc2, 0x72, 0xc8, 0x1,
    0xf2, 0xf8, 0xf7, 0x47, 0x17, 0x0, 0x1e, 0x23,
    0x9d, 0xfd, 0x47, 0xb5, 0x10, 0xb, 0xc9, 0xe1,
    0x8c, 0x3, 0x26, 0x88,

    /* U+5F8C "後" */
    0x0, 0xff, 0xe3, 0xd5, 0x0, 0x27, 0xd0, 0xf,
    0xd0, 0xf4, 0x4, 0x93, 0xe0, 0x98, 0x1, 0xa9,
    0x70, 0x13, 0x6f, 0x48, 0xee, 0x80, 0x23, 0x1d,
    0xc, 0x5c, 0x1a, 0x3d, 0x97, 0x0, 0x8e, 0xc3,
    0x58, 0x4f, 0xd3, 0x2d, 0xaa, 0x0, 0x34, 0x9d,
    0x91, 0x1c, 0xa0, 0x53, 0x5d, 0x80, 0x12, 0xc0,
    0xc, 0xc5, 0x8c, 0x43, 0xf5, 0x64, 0x9d, 0xd4,
    0x3, 0xdc, 0xc0, 0x8c, 0xbb, 0x54, 0x3, 0xfb,
    0x80, 0x45, 0x81, 0x3d, 0xcf, 0xa7, 0x20, 0x10,
    0x9, 0xb4, 0x13, 0xb9, 0xa1, 0x0, 0x1e, 0x1d,
    0xbd, 0x1b, 0x5d, 0xa2, 0x0, 0xf0, 0xda, 0x4,
    0x25, 0x3a, 0x80, 0x7e, 0x26, 0xcd, 0x8a, 0x5e,
    0x83, 0x0, 0xe2, 0xcc, 0x4f, 0x3a, 0xe5, 0xf,
    0x18,

    /* U+5F93 "従" */
    0x0, 0x8d, 0x80, 0xa, 0x1, 0xce, 0x20, 0x10,
    0xe8, 0x5, 0xc, 0x1, 0x2c, 0x88, 0x0, 0xb1,
    0x98, 0x0, 0x88, 0x0, 0x53, 0x20, 0x1, 0xe5,
    0x41, 0x80, 0x14, 0xd0, 0xc, 0x5c, 0x0, 0x74,
    0xe9, 0x87, 0xfe, 0x2b, 0xfc, 0x2f, 0xf0, 0x82,
    0xd, 0x49, 0xee, 0xd6, 0x17, 0xbb, 0x8, 0x2,
    0x85, 0x80, 0x8a, 0x50, 0x52, 0x28, 0x1, 0x48,
    0x1, 0x12, 0x80, 0x7e, 0x74, 0xa0, 0x9, 0x78,
    0x2, 0x53, 0x31, 0x3, 0x63, 0x80, 0x5e, 0x40,
    0x15, 0x77, 0x2c, 0x4, 0x80, 0x31, 0x88, 0x5,
    0xfb, 0xa9, 0x0, 0xf9, 0x18, 0x3, 0xff, 0x82,
    0xa2, 0xb4, 0x1, 0xff, 0xc0, 0x88, 0x53, 0xe0,
    0x29, 0x9, 0x0, 0x72, 0xbb, 0xe, 0xd1, 0xd6,
    0xf6, 0xa0, 0x0, 0xbd, 0x68, 0x2, 0x7c, 0xef,
    0xf9, 0x0,

    /* U+5F97 "得" */
    0x0, 0x84, 0xc0, 0x3f, 0xf8, 0x59, 0x41, 0x1f,
    0xdd, 0xde, 0x20, 0x1, 0xb6, 0x90, 0x3, 0x77,
    0x6f, 0x0, 0x8b, 0x2, 0xc0, 0x26, 0xdd, 0xde,
    0x1, 0x15, 0x59, 0xe8, 0x1, 0xb7, 0x77, 0x80,
    0x67, 0xe, 0x50, 0x3, 0xdd, 0xea, 0x0, 0xeb,
    0x28, 0x9, 0xc9, 0x9e, 0xd1, 0x0, 0x5a, 0x0,
    0x1b, 0x7b, 0xbe, 0xa0, 0x75, 0xb0, 0x2, 0x7f,
    0xf2, 0x87, 0xc8, 0x36, 0xb0, 0x0, 0xc8, 0xbb,
    0x80, 0x88, 0x2, 0x60, 0x17, 0xf7, 0x74, 0x1f,
    0x70, 0x80, 0x3b, 0xb1, 0xbf, 0xe8, 0x4f, 0xf1,
    0x0, 0x78, 0xcd, 0x60, 0x1f, 0xfc, 0x2a, 0x32,
    0x1f, 0x0, 0xff, 0xe0, 0x42, 0xf3, 0x68, 0x4,

    /* U+5FA1 "御" */
    0x0, 0x1b, 0x2, 0xa8, 0x3, 0xfd, 0xc2, 0x1c,
    0x60, 0x19, 0x9b, 0x5, 0xb3, 0x82, 0x4f, 0x74,
    0x33, 0x9b, 0x10, 0x7b, 0x37, 0x4d, 0x1d, 0xc1,
    0xa, 0x90, 0xad, 0x4c, 0x98, 0x20, 0x22, 0x0,
    0x71, 0xc, 0xbe, 0x8, 0x80, 0x84, 0x3, 0xce,
    0x57, 0x3b, 0xc1, 0x9c, 0x40, 0x19, 0x60, 0x1,
    0x7f, 0xe0, 0xef, 0x20, 0xd, 0x30, 0x40, 0x70,
    0x0, 0x31, 0x0, 0xed, 0x70, 0x3, 0x90, 0x3,
    0x78, 0x40, 0x30, 0x80, 0x7d, 0xde, 0x20, 0x1f,
    0xfc, 0x41, 0x70, 0xf, 0x84, 0x1d, 0xcc, 0xb,
    0xc, 0x1, 0x3c, 0xaf, 0x9e, 0x79, 0x2, 0x6c,
    0x0, 0x4f, 0xfe, 0xec, 0xa8, 0x40, 0xc,

    /* U+5FA9 "復" */
    0x0, 0x89, 0x0, 0x8, 0x80, 0xf, 0xe1, 0xf3,
    0x0, 0x51, 0x0, 0x7e, 0x1d, 0x47, 0x6, 0x18,
    0xee, 0xf1, 0x13, 0xd6, 0x48, 0x93, 0x2f, 0xff,
    0x88, 0xe2, 0x53, 0x70, 0xaf, 0x33, 0xc0, 0x1,
    0x61, 0xa8, 0xce, 0x2d, 0xde, 0x20, 0xd, 0x42,
    0xe4, 0x21, 0x99, 0xc0, 0x1b, 0x14, 0x3, 0xb3,
    0x38, 0x2, 0x71, 0xa0, 0xc, 0x3d, 0xcd, 0xd8,
    0x40, 0xf, 0x8c, 0x1, 0x17, 0x85, 0xee, 0xdc,
    0x20, 0x1, 0x0, 0xc3, 0x83, 0x1b, 0xaf, 0xd0,
    0xf, 0x97, 0xd0, 0xbb, 0x60, 0x64, 0x3, 0xf6,
    0xcf, 0xed, 0xda, 0x90, 0x3, 0xe5, 0x6, 0x90,
    0x10, 0xe5, 0x20, 0xf, 0x67, 0xf7, 0xf5, 0x76,
    0x7f, 0x8c,

    /* U+5FAA "循" */
    0x0, 0x8d, 0x80, 0x3f, 0x20, 0x6, 0x1d, 0x0,
    0x2a, 0x34, 0xde, 0xff, 0x94, 0x0, 0x58, 0xcc,
    0x1a, 0xde, 0xfd, 0x2f, 0xb5, 0x3, 0xca, 0x83,
    0x0, 0x4c, 0x32, 0x88, 0x6, 0x3a, 0x75, 0xc2,
    0xf, 0xfb, 0x7, 0xfe, 0x50, 0x41, 0xb9, 0x20,
    0xde, 0xe5, 0x17, 0x74, 0xa0, 0xd, 0x16, 0x0,
    0x10, 0x88, 0x4, 0x70, 0xe, 0x10, 0x0, 0xc0,
    0x1f, 0xea, 0x3f, 0xf6, 0x83, 0x85, 0x0, 0x4,
    0x2, 0xdf, 0xfa, 0xc0, 0xd, 0x8c, 0x0, 0x72,
    0x0, 0x66, 0xed, 0x40, 0x1f, 0x8, 0x80, 0x19,
    0xbb, 0x50, 0x7, 0xc4, 0xa0, 0xe, 0xbb, 0xa4,
    0x3, 0xec, 0xc0, 0x2, 0x26, 0x6b, 0x0, 0xf9,
    0x50, 0x0, 0xc4, 0x58, 0x3, 0xc8, 0xe2, 0x0,
    0xcd, 0xda, 0x84, 0x0,

    /* U+5FAE "微" */
    0x0, 0xff, 0xe3, 0x4d, 0x0, 0x25, 0x40, 0x2e,
    0x20, 0xc, 0xcf, 0x72, 0x60, 0x6, 0x73, 0x2,
    0x0, 0x9a, 0x34, 0x3, 0xe4, 0x35, 0x58, 0x57,
    0x3, 0x88, 0x3, 0xb0, 0x7a, 0x2d, 0x4c, 0xa1,
    0x8b, 0x1a, 0xa7, 0x92, 0xad, 0x25, 0x1, 0x52,
    0xa7, 0xff, 0x0, 0xf0, 0x29, 0x1, 0x50, 0x0,
    0x47, 0x12, 0x59, 0x81, 0x38, 0x72, 0x90, 0x67,
    0x75, 0xae, 0xa8, 0x60, 0x41, 0xf4, 0x0, 0xd3,
    0xc9, 0x6a, 0x4, 0x87, 0x0, 0x18, 0x6, 0x22,
    0x0, 0x6d, 0x4d, 0x0, 0xf8, 0x44, 0x6, 0xa2,
    0x0, 0x70, 0xf, 0x2a, 0x5, 0x26, 0x2c, 0xa7,
    0x0, 0x73, 0x5c, 0x7, 0x73, 0x6a, 0x6c, 0x70,
    0x40, 0x21, 0xa3, 0x2, 0x8, 0xa6, 0xc, 0x74,
    0x0, 0x6a, 0x20, 0x3, 0x62, 0x0, 0x56, 0xa0,

    /* U+5FB9 "徹" */
    0x0, 0xff, 0xe3, 0x3d, 0x0, 0x22, 0x40, 0x29,
    0x60, 0xc, 0x91, 0x6, 0x61, 0xab, 0x30, 0x51,
    0x40, 0x24, 0xba, 0x21, 0xf4, 0xb1, 0x11, 0x91,
    0x4, 0x40, 0x34, 0xfa, 0xc0, 0xee, 0xa5, 0x40,
    0xfe, 0xe1, 0x2a, 0xa5, 0x2d, 0x97, 0x4e, 0x69,
    0xb9, 0x64, 0x81, 0x52, 0xfb, 0x3f, 0x79, 0xcd,
    0x41, 0x94, 0x12, 0x80, 0xd, 0xb9, 0xdc, 0x49,
    0x30, 0x22, 0x6, 0xc8, 0x80, 0xf, 0xb8, 0xde,
    0xc6, 0xc0, 0x21, 0x2c, 0x1, 0x16, 0xe9, 0x80,
    0x9, 0x6e, 0x1, 0xf1, 0x6e, 0x98, 0x1, 0x65,
    0xa0, 0x1f, 0x15, 0xd9, 0x80, 0xe, 0x1, 0xfc,
    0x55, 0x47, 0x0, 0x4a, 0x48, 0x7, 0xe1, 0x1b,
    0xed, 0xec, 0x6c, 0x3, 0xf5, 0xb8, 0x85, 0x6,
    0xb9, 0x0, 0x38, 0x89, 0xa1, 0x7f, 0x36, 0x0,
    0x1c, 0x20,

    /* U+5FC3 "心" */
    0x0, 0xe2, 0x20, 0x7, 0xff, 0xa, 0xf6, 0xd0,
    0x3, 0xff, 0x81, 0x3a, 0x57, 0x86, 0x1, 0xff,
    0x14, 0xf3, 0x68, 0x7, 0xff, 0x4, 0x6b, 0xc0,
    0x3f, 0x87, 0xc4, 0x2, 0x10, 0x10, 0xe, 0x92,
    0x0, 0xf9, 0x38, 0x40, 0x33, 0x0, 0x7e, 0x43,
    0xb0, 0x8, 0xc0, 0x80, 0x3f, 0x7a, 0xa0, 0x1,
    0xc, 0x3, 0xf8, 0xda, 0x0, 0x16, 0x80, 0x1f,
    0x8c, 0x2c, 0xcc, 0x87, 0x40, 0x1f, 0xbd, 0x88,
    0x8a, 0xd2, 0x40, 0x1f, 0x84, 0x83, 0x18, 0x98,
    0x3, 0x39, 0x8, 0x90, 0x94, 0x4, 0x3, 0x85,
    0xa7, 0x7b, 0x94, 0xe2, 0x1, 0x0,

    /* U+5FC5 "必" */
    0x0, 0xe4, 0x10, 0xf, 0xfe, 0x17, 0x7a, 0x80,
    0x64, 0x50, 0xf, 0xaa, 0x2a, 0x40, 0x29, 0xc0,
    0xf, 0xcd, 0x8f, 0x20, 0xe7, 0x0, 0x1f, 0x50,
    0x9f, 0xc1, 0x45, 0x88, 0x6, 0x73, 0x15, 0x30,
    0x11, 0x7a, 0xa8, 0x3, 0xa0, 0x3, 0xd6, 0x15,
    0x8c, 0x1, 0x18, 0x18, 0x6, 0xb5, 0xf0, 0x99,
    0x8, 0x2, 0xd0, 0x2, 0x1b, 0x5c, 0x20, 0x53,
    0x80, 0x17, 0xd0, 0xb, 0xd7, 0x48, 0x2, 0x86,
    0x15, 0x26, 0x2, 0x1, 0xf3, 0x0, 0x8, 0x20,
    0xb2, 0x68, 0x46, 0x7, 0x88, 0x4, 0xf8, 0x1a,
    0xe0, 0xbc, 0xd2, 0x1, 0xe1, 0x70, 0x30, 0x3a,
    0x9e, 0x60, 0xa3, 0x22, 0x1d, 0x18, 0x4, 0x7e,
    0xe0, 0x7, 0x76, 0x6e, 0xb0, 0x64, 0x2,

    /* U+5FD7 "志" */
    0x0, 0xfa, 0xa0, 0x3, 0xf1, 0x17, 0x84, 0x44,
    0x5e, 0x1, 0xdd, 0xf2, 0x36, 0xef, 0x88, 0x7f,
    0xfc, 0xad, 0xff, 0xe2, 0x0, 0xfc, 0x20, 0x1f,
    0xc4, 0x5c, 0x24, 0x5e, 0x0, 0xdb, 0xbc, 0x8b,
    0xbb, 0xc4, 0x1, 0x7f, 0xe5, 0x9f, 0xff, 0x10,
    0x7, 0x8a, 0x6f, 0x4, 0x0, 0x20, 0x1c, 0xec,
    0x78, 0x7a, 0xee, 0x4, 0xf2, 0x0, 0xd4, 0x60,
    0x1a, 0xd8, 0x11, 0xbc, 0x40, 0xa, 0x4a, 0x1,
    0xe2, 0xc8, 0x18, 0x2, 0xaa, 0x0, 0x4, 0x84,
    0x6a, 0x0, 0x7b, 0x11, 0xca, 0x81, 0x9b, 0x7b,
    0xa6, 0x90, 0x3d, 0x20,

    /* U+5FD8 "忘" */
    0x0, 0xfa, 0xa4, 0x3, 0xf1, 0x9f, 0x84, 0xcf,
    0xe0, 0x7, 0xf6, 0x6f, 0x71, 0x9f, 0xbb, 0xc0,
    0xc, 0xd0, 0xdd, 0xff, 0x80, 0x3f, 0xf9, 0x3,
    0x64, 0x23, 0xc4, 0x50, 0x7, 0x43, 0x6f, 0x77,
    0x6e, 0xb0, 0x3, 0x9b, 0xbd, 0xf3, 0xff, 0xb8,
    0x3, 0xf7, 0x6c, 0x80, 0x7f, 0x3b, 0x17, 0x37,
    0xa4, 0x1, 0xe9, 0x0, 0x69, 0x31, 0x10, 0xe,
    0x40, 0x1a, 0x78, 0x80, 0x18, 0x14, 0x3, 0x8,
    0x16, 0x4b, 0x58, 0x1c, 0xd0, 0x8, 0x10, 0x8c,
    0xa2, 0x12, 0xa6, 0x6c, 0x40, 0x24, 0xde, 0xea,
    0x20, 0x5, 0xa6,

    /* U+5FD9 "忙" */
    0x0, 0xbc, 0x80, 0x3b, 0xcc, 0x3, 0xff, 0x92,
    0x62, 0xa, 0x84, 0x58, 0x14, 0x8a, 0x10, 0x82,
    0x2, 0x9d, 0xdc, 0x13, 0xbb, 0x20, 0x31, 0x3,
    0x8e, 0x33, 0x3f, 0xfc, 0xa2, 0x62, 0x0, 0xf2,
    0x0, 0xfe, 0x77, 0x0, 0x46, 0x20, 0x1f, 0xcd,
    0x0, 0x1f, 0xfc, 0x31, 0x0, 0xff, 0xf5, 0x18,
    0x7, 0xff, 0xb, 0x91, 0x51, 0x32, 0x80, 0x7e,
    0x64, 0x89, 0x9d, 0x0,

    /* U+5FDC "応" */
    0x0, 0xf8, 0xbc, 0x80, 0x3f, 0x11, 0x73, 0x3,
    0x11, 0x70, 0x5, 0xbb, 0xd6, 0x17, 0xbb, 0xc6,
    0x1, 0x77, 0xfd, 0x9b, 0xff, 0xe3, 0x0, 0xf9,
    0x36, 0x88, 0x3, 0xc2, 0x1, 0xcf, 0xc1, 0xaa,
    0x1, 0xfe, 0x3e, 0x1a, 0xa2, 0x0, 0x71, 0x80,
    0x11, 0x0, 0x19, 0x45, 0xdc, 0x1, 0x8, 0xf,
    0x60, 0x7, 0x8e, 0x4, 0x0, 0xe2, 0xf, 0xa0,
    0x1e, 0x43, 0x90, 0x1, 0x91, 0x48, 0x1, 0xc6,
    0xf2, 0xc0, 0xd, 0x4a, 0x41, 0x0, 0xe6, 0xb5,
    0x14, 0x15, 0xce, 0xf0, 0x0, 0x90, 0x8b, 0x14,
    0x21, 0xd0, 0x91, 0x90, 0xc, 0xdb, 0xdc, 0x7a,
    0x7, 0x35, 0xc0, 0xe, 0xcf, 0xfb, 0x8c, 0x2,

    /* U+5FEB "快" */
    0x0, 0x27, 0x0, 0x76, 0x28, 0x7, 0xff, 0x29,
    0x4, 0x56, 0x1b, 0xfe, 0x3a, 0xff, 0x68, 0x5,
    0x20, 0x20, 0xdf, 0xba, 0x28, 0xd9, 0x30, 0x8,
    0x84, 0x3a, 0x88, 0xa1, 0x22, 0x80, 0x23, 0x30,
    0x1, 0x7c, 0x2, 0x10, 0xf, 0x2a, 0x0, 0x44,
    0x23, 0x1, 0x88, 0x80, 0x41, 0xa0, 0x2, 0xfe,
    0xe8, 0xa7, 0xa8, 0x78, 0xc0, 0x3b, 0xfb, 0x98,
    0x0, 0xce, 0xe8, 0xc0, 0x38, 0x46, 0xb5, 0x54,
    0x88, 0xc0, 0x1f, 0x89, 0xe6, 0xd5, 0x0, 0x3f,
    0x87, 0xd8, 0xc5, 0xe8, 0x80, 0x3e, 0x5f, 0x79,
    0x0, 0x42, 0x6b, 0x80, 0x70, 0xc4, 0x28, 0x3,
    0x54, 0x50, 0x80, 0x13, 0x87, 0x58, 0x3, 0xcf,
    0xa2,

    /* U+5FFD "忽" */
    0x0, 0xc6, 0xe0, 0x1f, 0xfc, 0x2e, 0xf0, 0xf,
    0xfe, 0xc, 0x13, 0xf7, 0x7e, 0x0, 0xca, 0xf7,
    0xa6, 0xd8, 0xc7, 0x90, 0x1, 0x9a, 0xa8, 0x94,
    0x10, 0x6d, 0x64, 0x66, 0x0, 0xae, 0x55, 0x1f,
    0xc2, 0x4d, 0x80, 0x98, 0x2, 0xd6, 0x5b, 0x92,
    0x23, 0xf0, 0x3, 0x84, 0x3, 0x45, 0x51, 0x87,
    0xe0, 0xc0, 0x5, 0xa0, 0x10, 0xa6, 0x29, 0x62,
    0xb9, 0x22, 0xa1, 0x80, 0x43, 0x86, 0x39, 0x54,
    0x0, 0x44, 0xba, 0x0, 0x61, 0x21, 0x84, 0xfa,
    0xc, 0xdd, 0x0, 0x74, 0xc0, 0xc9, 0xe9, 0x58,
    0x1d, 0xb8, 0x4, 0x2f, 0x20, 0x1a, 0x24, 0x63,
    0x61, 0x40, 0x71, 0x8c, 0x0, 0x62, 0x33, 0xa1,
    0xcd, 0x8, 0xaa, 0x40, 0x53, 0x3b, 0xa9, 0x80,
    0x6a, 0x10,

    /* U+6001 "态" */
    0x0, 0xfa, 0xa4, 0x3, 0xf1, 0x17, 0x9c, 0x48,
    0xbc, 0x3, 0xbb, 0xe2, 0x7d, 0xdf, 0x10, 0xff,
    0xf4, 0x12, 0xab, 0xff, 0x88, 0x3, 0x86, 0x6e,
    0x15, 0x0, 0x3f, 0x87, 0x15, 0x8a, 0x6d, 0x0,
    0x3e, 0x5f, 0x62, 0xd3, 0x68, 0xb9, 0x10, 0x0,
    0xc7, 0x5c, 0x5c, 0xd6, 0x2b, 0xda, 0x75, 0x88,
    0xd7, 0xcc, 0x3, 0xf6, 0x80, 0x9b, 0x78, 0x21,
    0x24, 0x70, 0xc2, 0x7e, 0x20, 0xb, 0x17, 0x0,
    0xa4, 0x8, 0x42, 0xde, 0x80, 0x1b, 0x0, 0x12,
    0x1, 0x80, 0x6d, 0xf0, 0x82, 0x35, 0x0, 0x43,
    0x0, 0x34, 0x44, 0x8, 0x4a, 0x2d, 0x20, 0xb,
    0x90, 0xe4, 0xee, 0xda, 0x2b, 0x54, 0x0,

    /* U+6025 "急" */
    0x0, 0xe3, 0x0, 0xff, 0xe1, 0x3e, 0x88, 0x7,
    0xff, 0x1, 0x20, 0x7b, 0xfe, 0x90, 0xf, 0x9a,
    0xe7, 0xfe, 0xb1, 0x80, 0xf, 0x54, 0x84, 0x77,
    0x56, 0x3f, 0xdc, 0x0, 0xcd, 0x9d, 0xff, 0xbb,
    0x9f, 0xa2, 0x1, 0xb0, 0xc0, 0x3f, 0x38, 0x7,
    0xdb, 0xbf, 0xa4, 0x3, 0xec, 0xcf, 0xde, 0x1,
    0xe8, 0xff, 0xfd, 0xa0, 0x1e, 0x8f, 0xf9, 0xa,
    0xff, 0xf0, 0x7, 0x2d, 0x96, 0xdc, 0x51, 0x83,
    0xe8, 0x80, 0x68, 0xc0, 0x20, 0x5e, 0x38, 0x54,
    0xc1, 0x0, 0x60, 0xb8, 0x0, 0x80, 0x4, 0xc3,
    0x2d, 0x40, 0xb, 0xc0, 0x23, 0xdf, 0xf6, 0x91,
    0x85, 0x68, 0x0,

    /* U+6027 "性" */
    0x0, 0x1f, 0x80, 0x46, 0x22, 0xe1, 0x0, 0xff,
    0xb1, 0x40, 0x40, 0x3c, 0x6e, 0x10, 0x6, 0xa,
    0x60, 0x60, 0x1d, 0xc2, 0x2, 0xf6, 0x1d, 0xa1,
    0xbf, 0xec, 0x0, 0x18, 0x85, 0xd3, 0x57, 0x60,
    0x67, 0x73, 0x40, 0xd5, 0xc0, 0x94, 0xd4, 0x48,
    0x8, 0x46, 0x7, 0xd0, 0xa, 0x7c, 0x3, 0xf9,
    0x18, 0x2, 0x14, 0xcc, 0x68, 0x6e, 0x61, 0x40,
    0x3e, 0x49, 0x95, 0x5, 0x4c, 0x9c, 0x3, 0xe2,
    0x55, 0x38, 0x3a, 0xa8, 0x80, 0x3f, 0xfb, 0x44,
    0x67, 0x20, 0x21, 0x9c, 0x1, 0xe9, 0xdd, 0xac,
    0x6f, 0x76, 0x10,

    /* U+603B "总" */
    0x0, 0xc2, 0x20, 0xe, 0x20, 0xf, 0xd1, 0x40,
    0x19, 0xf0, 0x3, 0xf4, 0x2b, 0x0, 0x6, 0x6c,
    0x3, 0xe2, 0x37, 0xf2, 0x25, 0x93, 0x90, 0x7,
    0xb7, 0x4c, 0xcd, 0xd2, 0x9e, 0xe8, 0x40, 0x3d,
    0x9f, 0xfe, 0xc0, 0xf, 0xfe, 0x62, 0x91, 0x79,
    0x80, 0x3f, 0x4e, 0xef, 0xa8, 0x3, 0xef, 0xfb,
    0x53, 0x3f, 0xf0, 0x80, 0x69, 0x27, 0xb2, 0xdc,
    0x50, 0x4, 0x38, 0x4, 0x6c, 0x5e, 0x0, 0x6b,
    0xb0, 0x85, 0x41, 0x80, 0x29, 0x0, 0x39, 0x38,
    0x58, 0x63, 0x80, 0x5a, 0x3, 0xd8, 0x47, 0x15,
    0xab, 0x89, 0xf, 0x18, 0x28, 0x77, 0x6d, 0x17,
    0xc, 0x20,

    /* U+6062 "恢" */
    0x0, 0x26, 0x80, 0x25, 0xc0, 0x3f, 0xf8, 0x38,
    0xd3, 0xbb, 0xf1, 0x83, 0x8, 0x67, 0xa3, 0xf7,
    0x21, 0x7b, 0xa2, 0xb, 0x0, 0x2b, 0x97, 0x19,
    0x85, 0x4c, 0xe1, 0x0, 0x8, 0x6e, 0x80, 0x48,
    0x3, 0x98, 0xd, 0xc0, 0x9, 0x6, 0x10, 0x60,
    0x11, 0x40, 0x37, 0x80, 0x42, 0x20, 0x72, 0x0,
    0xa9, 0x81, 0x54, 0x1, 0x9c, 0x47, 0x18, 0x34,
    0x80, 0x7c, 0x47, 0x1, 0x82, 0x5a, 0x20, 0x1e,
    0x21, 0x44, 0x3, 0xa2, 0xc, 0x3, 0xe4, 0x40,
    0x2, 0x16, 0x20, 0x20, 0x1f, 0x56, 0x82, 0x3c,
    0x1a, 0xd8, 0x7, 0x90, 0x99, 0xee, 0x8c, 0x29,
    0x2c, 0x40, 0x31, 0x40, 0x5d, 0x94, 0x0, 0x3e,
    0x4, 0x0, 0x4d, 0x66, 0x6, 0x20, 0x6, 0x1b,
    0x30,

    /* U+606F "息" */
    0x0, 0xf9, 0x4c, 0x3, 0xff, 0x85, 0x4c, 0x1,
    0xfe, 0xef, 0xf8, 0x2b, 0xfe, 0xe0, 0xf, 0xb3,
    0xff, 0xd6, 0x1, 0xfb, 0x3b, 0xbd, 0x60, 0x1f,
    0xb3, 0xbb, 0xd6, 0x1, 0xfb, 0xb7, 0x7d, 0x40,
    0x1f, 0xa3, 0x33, 0xd6, 0x1, 0xfc, 0x67, 0xf0,
    0x7, 0xcb, 0x3d, 0xcf, 0xee, 0xa8, 0x80, 0x38,
    0xaf, 0x7e, 0x3, 0xf3, 0x2f, 0x0, 0xef, 0x55,
    0x72, 0x46, 0x20, 0x1e, 0x30, 0x4, 0xc6, 0xa0,
    0x12, 0xda, 0x9b, 0xe4, 0xa8, 0x1c, 0xd8, 0x0,
    0xc8, 0x54, 0x2b, 0x8e, 0x68, 0x8e, 0xd4, 0x14,
    0xf7, 0xba, 0x7e, 0x6, 0xa2,

    /* U+60A8 "您" */
    0x0, 0xca, 0x20, 0x86, 0x1, 0xfe, 0x4b, 0x0,
    0x53, 0x0, 0x7f, 0xd, 0x40, 0xb8, 0xd7, 0xff,
    0x70, 0x80, 0x28, 0x5c, 0xe2, 0xfa, 0xc7, 0xb8,
    0xea, 0x21, 0x8a, 0x0, 0xf8, 0x70, 0x70, 0x14,
    0x5f, 0x4, 0x1d, 0x1, 0xd7, 0xd4, 0x0, 0xa1,
    0x50, 0x13, 0x48, 0x0, 0x30, 0x6a, 0x1, 0x4b,
    0x0, 0x7c, 0x8f, 0xe0, 0x19, 0xd, 0xc0, 0x3c,
    0x98, 0x42, 0xc0, 0x14, 0xa8, 0x6, 0x10, 0x0,
    0x9e, 0x5b, 0x0, 0x10, 0x80, 0x37, 0x8c, 0x37,
    0x37, 0xc0, 0xa8, 0x7, 0x35, 0x1b, 0xa6, 0x8c,
    0x80, 0x2e, 0x0, 0x34, 0xf0, 0x6, 0xa8, 0x28,
    0xc6, 0x60, 0x3, 0x15, 0x40, 0x3, 0x11, 0x95,
    0xa, 0xe4, 0x85, 0x2c, 0x9, 0x33, 0xba, 0x8b,
    0x5, 0xa2,

    /* U+60C5 "情" */
    0x0, 0x62, 0x0, 0x76, 0x30, 0x7, 0xfb, 0x3b,
    0xa3, 0x9e, 0xea, 0x40, 0x2, 0x1c, 0xd9, 0xdd,
    0x1c, 0xf7, 0x52, 0x5, 0xa1, 0xb6, 0xdb, 0xb1,
    0xc6, 0xec, 0x60, 0xcc, 0x3, 0x47, 0xdd, 0x8e,
    0x37, 0x63, 0x2, 0x20, 0x3, 0x3f, 0xba, 0x28,
    0xee, 0xc3, 0x9a, 0x0, 0x5e, 0xcc, 0xfd, 0xc3,
    0x6a, 0x1, 0x1e, 0xcc, 0xf7, 0xf8, 0x0, 0x20,
    0x1c, 0x37, 0x7d, 0x0, 0x1f, 0xc3, 0xbb, 0xd6,
    0x1, 0xfc, 0x3b, 0xbd, 0x40, 0x1f, 0xc3, 0xdd,
    0xd4, 0x1, 0xfc, 0x3d, 0xdd, 0x60, 0x1f, 0xfc,
    0x13, 0xfa, 0x50, 0x0,

    /* U+60F3 "想" */
    0x0, 0x8b, 0xc0, 0x2c, 0xff, 0xe4, 0x0, 0x19,
    0x9c, 0xc, 0xc4, 0x17, 0xff, 0x10, 0x0, 0x73,
    0x14, 0x19, 0x8a, 0x0, 0xfc, 0x3d, 0xc5, 0xe,
    0xe4, 0x85, 0xf7, 0x44, 0x1, 0x9, 0xa8, 0x51,
    0x88, 0x5f, 0x74, 0x40, 0x1b, 0xa0, 0x3b, 0x54,
    0x2b, 0xba, 0x20, 0xa, 0x9d, 0x41, 0x6d, 0xc2,
    0xbb, 0xa1, 0x0, 0x13, 0x50, 0x4, 0x84, 0x1,
    0xf8, 0xb0, 0x40, 0x39, 0xeb, 0xba, 0x0, 0xe2,
    0x24, 0x88, 0xbb, 0xfb, 0xac, 0xc2, 0x0, 0x5a,
    0x41, 0x43, 0x56, 0x60, 0xb, 0xe0, 0x9, 0x88,
    0x80, 0x12, 0x50, 0x95, 0x41, 0x30, 0x2, 0x20,
    0x0, 0x62, 0x14, 0x35, 0x61, 0x8a, 0x0, 0x52,
    0x82, 0x6, 0xf7, 0x53, 0x20, 0x6c, 0x0,

    /* U+610F "意" */
    0x1, 0xff, 0xff, 0xe0, 0x8, 0x0, 0x7f, 0xce,
    0xbf, 0xf9, 0x5b, 0xfc, 0x20, 0x1d, 0x6a, 0x1,
    0xa, 0xd8, 0x7, 0x6f, 0xfb, 0x3, 0xfe, 0xe0,
    0xdf, 0xf7, 0x0, 0x3f, 0x77, 0xff, 0x81, 0x80,
    0x2, 0x26, 0x7f, 0x77, 0xbf, 0x0, 0x80, 0x30,
    0xe6, 0x7d, 0xa2, 0x1, 0xf6, 0x67, 0xe0, 0xf,
    0xd9, 0x9f, 0x80, 0x3e, 0x2c, 0xdd, 0x76, 0xee,
    0x23, 0x0, 0xc5, 0x79, 0x5e, 0x4b, 0xba, 0xc4,
    0x0, 0xe8, 0xf2, 0x92, 0xc0, 0x63, 0x20, 0xc2,
    0x0, 0x4b, 0xc0, 0x8, 0x82, 0x1a, 0xae, 0x53,
    0xc4, 0x41, 0x82, 0x66, 0xef, 0xf9, 0xec, 0x26,
    0x84,

    /* U+611F "感" */
    0x0, 0xff, 0xe6, 0x35, 0x85, 0xd8, 0xc0, 0x34,
    0xcf, 0xa9, 0x64, 0x9b, 0xe4, 0x2, 0x6c, 0xaa,
    0xd0, 0x3b, 0x53, 0xf4, 0x1, 0xdd, 0xd8, 0x88,
    0x27, 0x2a, 0x60, 0x19, 0x77, 0x73, 0x27, 0xa9,
    0x30, 0x4, 0x20, 0xd, 0xdc, 0x54, 0xb1, 0x0,
    0xc, 0x44, 0x2, 0xdd, 0x0, 0xc, 0x8d, 0xc0,
    0xc0, 0x16, 0x80, 0x2, 0x21, 0x84, 0x10, 0x98,
    0x4a, 0x83, 0x50, 0x1f, 0x70, 0xa1, 0xee, 0x35,
    0xd1, 0xcd, 0x8c, 0x33, 0x59, 0x3f, 0x11, 0xe3,
    0x18, 0x8e, 0x1a, 0xf, 0xac, 0x6c, 0x80, 0xe2,
    0x20, 0xa, 0x34, 0x0, 0x33, 0x82, 0x8b, 0x38,
    0x60, 0xb, 0x25, 0x10, 0x21, 0x31, 0xdc, 0x77,
    0x68, 0x8d, 0xa0, 0x47, 0xbd, 0xd3, 0xf0, 0x44,
    0x80,

    /* U+614B "態" */
    0x0, 0x84, 0x3, 0xff, 0x87, 0xea, 0x26, 0x7,
    0xc0, 0x4, 0x70, 0xd, 0x8, 0xaa, 0xd4, 0x1,
    0x9d, 0xf2, 0x0, 0xf, 0xba, 0xf4, 0x95, 0x30,
    0x6e, 0xad, 0x5c, 0x7, 0xfb, 0x9f, 0x9b, 0x6c,
    0x0, 0x44, 0x2c, 0x0, 0xb, 0xb7, 0x6f, 0x23,
    0x5f, 0xfb, 0xa4, 0x3, 0x22, 0x46, 0x6, 0x97,
    0x69, 0xc6, 0x0, 0xd7, 0x73, 0x0, 0x5, 0xf3,
    0xfc, 0x20, 0x1b, 0xfe, 0x50, 0xd, 0xdb, 0x4,
    0x1, 0xe, 0x64, 0x80, 0x13, 0x90, 0xe, 0x8,
    0x6, 0x1d, 0x41, 0x33, 0x7f, 0xdc, 0xa2, 0x5,
    0xe8, 0x37, 0x57, 0x5b, 0xfd, 0x1f, 0x40, 0x14,
    0x70, 0x4a, 0xe9, 0xa8, 0x2e, 0x60, 0x40, 0xe,
    0xe8, 0x0, 0x18, 0x4a, 0x22, 0xad, 0xb0, 0x7,
    0x30, 0x40, 0x9b, 0xff, 0x5c, 0x85, 0x21, 0x0,

    /* U+616E "慮" */
    0x0, 0xfb, 0xb9, 0xbb, 0xa8, 0x3, 0xfd, 0x5b,
    0xba, 0x80, 0x37, 0x77, 0xd, 0x77, 0x74, 0x0,
    0x43, 0x9d, 0xcf, 0x1b, 0xda, 0xbf, 0x1c, 0x0,
    0xc3, 0x77, 0xf, 0xd9, 0x9c, 0xe2, 0x1, 0x86,
    0xed, 0x4c, 0xe7, 0x9b, 0x2a, 0x40, 0x1c, 0x8a,
    0xac, 0x8e, 0xed, 0x8e, 0x0, 0x10, 0x39, 0xd0,
    0x5, 0xe8, 0x2, 0x88, 0x2, 0x30, 0x8, 0xff,
    0xc2, 0x7f, 0xe0, 0xe, 0x10, 0x10, 0xfb, 0xb1,
    0x7d, 0xd8, 0x40, 0x33, 0x10, 0x2e, 0xc6, 0x6,
    0xc4, 0x1c, 0x40, 0x2c, 0x42, 0x1c, 0x5f, 0x61,
    0x99, 0x2a, 0x0, 0x4f, 0xf3, 0xc0, 0x2, 0xb8,
    0x49, 0xeb, 0x60, 0x30, 0x22, 0x3b, 0x8b, 0xfe,
    0xac, 0x2f, 0xc0, 0x3e, 0x49, 0x2, 0xef, 0xfb,
    0x94, 0xa, 0x80,

    /* U+6210 "成" */
    0x0, 0xfc, 0x9e, 0x17, 0x2, 0x1, 0xfe, 0x70,
    0x5, 0xf6, 0x8, 0x5, 0xdd, 0xec, 0xf, 0xe8,
    0x2f, 0x30, 0x0, 0xce, 0xee, 0xb0, 0xad, 0xd6,
    0x69, 0x80, 0x46, 0x7c, 0x80, 0xc6, 0x61, 0x30,
    0xc, 0x67, 0x84, 0x5, 0x81, 0x34, 0x40, 0x34,
    0xee, 0xb1, 0xc0, 0x88, 0x1c, 0xa2, 0x1, 0xab,
    0xb8, 0x66, 0x5, 0xd2, 0x59, 0x0, 0x84, 0x18,
    0x0, 0x20, 0xc, 0x78, 0x43, 0x0, 0x8c, 0xc,
    0x0, 0x62, 0xe, 0x4b, 0x40, 0x19, 0x80, 0x4,
    0x62, 0xc0, 0xc0, 0xe2, 0x10, 0x41, 0x86, 0x19,
    0xaa, 0x4b, 0x66, 0xc0, 0x5, 0x10, 0x6b, 0x1e,
    0xe5, 0xd5, 0xdb, 0xe, 0xd4, 0x88, 0x60, 0xe0,
    0x12, 0xb6, 0x20, 0x78, 0x53, 0x89, 0xf0, 0x6,
    0x4c, 0x20, 0x1, 0x5f, 0xc0, 0x0,

    /* U+6211 "我" */
    0x0, 0x84, 0xde, 0xec, 0x1e, 0x68, 0xe0, 0x1a,
    0xbb, 0xf2, 0xfa, 0x80, 0xe, 0xb5, 0x20, 0x14,
    0x7f, 0x2a, 0x28, 0x80, 0x8d, 0x88, 0xe0, 0x2,
    0x10, 0xf, 0x19, 0x80, 0x71, 0xc0, 0x7b, 0xa5,
    0x7e, 0xe8, 0xa7, 0xb9, 0xfc, 0x43, 0xbb, 0x1b,
    0x6e, 0xc8, 0x8d, 0xdc, 0x40, 0x67, 0x30, 0x99,
    0xe7, 0x31, 0xd1, 0x0, 0xf1, 0x35, 0x2e, 0x98,
    0x72, 0x10, 0xb, 0x4e, 0x2a, 0x66, 0xbb, 0x82,
    0x8a, 0xc0, 0x7, 0x61, 0x46, 0xd4, 0xe4, 0x41,
    0x5c, 0x10, 0x1, 0x6c, 0xb3, 0x0, 0x34, 0x8a,
    0x10, 0x41, 0x80, 0x7c, 0x78, 0xb4, 0x86, 0x6,
    0xc0, 0x2, 0x23, 0x7a, 0xe2, 0x62, 0xab, 0x91,
    0x5c, 0x7, 0x74, 0x28, 0xbb, 0x0, 0xa, 0x7b,
    0x42, 0x1, 0xff, 0x69, 0x81, 0x0, 0x6a, 0xfa,
    0x0,

    /* U+6216 "或" */
    0x0, 0xfc, 0x5e, 0x31, 0x46, 0x1, 0xfe, 0x30,
    0x38, 0xee, 0x18, 0x3, 0x7f, 0xfd, 0xc1, 0xbf,
    0x65, 0xa0, 0xe, 0xcc, 0xf8, 0x27, 0x32, 0xd0,
    0x1, 0x91, 0x71, 0x98, 0x4c, 0xe7, 0x30, 0xb,
    0xbb, 0xa0, 0x8, 0x80, 0x76, 0x20, 0x1b, 0xbf,
    0xcc, 0x0, 0x6e, 0xa, 0x41, 0x0, 0xff, 0x12,
    0x8b, 0x78, 0x7, 0x21, 0x98, 0x80, 0x18, 0x70,
    0x88, 0x0, 0xc7, 0x3f, 0xe7, 0xf0, 0x50, 0x69,
    0x0, 0xec, 0xcd, 0xa6, 0x4, 0xa, 0x40, 0xc2,
    0x8, 0xd3, 0x9f, 0xf3, 0x62, 0x20, 0x42, 0x94,
    0x3f, 0x3a, 0x3b, 0xc6, 0x2e, 0xc5, 0xaa, 0x6a,
    0x17, 0x4e, 0x82, 0xa3, 0xe8, 0x1a, 0xf4, 0xc2,

    /* U+623B "戻" */
    0x9, 0xff, 0xff, 0xe0, 0x70, 0x2, 0x7b, 0xbf,
    0xf8, 0x1e, 0x1, 0x8, 0xff, 0xf0, 0x40, 0x27,
    0xfe, 0xef, 0xef, 0x10, 0xc, 0x9d, 0xdf, 0xbc,
    0x3, 0xce, 0x67, 0xf9, 0x0, 0x3b, 0xca, 0x23,
    0x6f, 0x44, 0x39, 0x4, 0x2, 0x14, 0xbb, 0xc7,
    0x77, 0xc0, 0x18, 0x93, 0x77, 0x14, 0x6e, 0xf0,
    0x4, 0xcc, 0xee, 0xa8, 0x6, 0x7b, 0xb0, 0x0,
    0x4a, 0x4c, 0xec, 0x64, 0xd3, 0x3c, 0x0, 0x62,
    0x10, 0x4, 0xac, 0x4b, 0xc8, 0x6, 0x18, 0x80,
    0xb6, 0xa6, 0x9, 0x62, 0x73, 0x98, 0x1, 0xd3,
    0xea, 0xf4, 0x80, 0x5, 0xb7, 0x98, 0x31, 0x81,
    0xec, 0x60, 0xf, 0x2d, 0xf9, 0x80,

    /* U+6240 "所" */
    0x0, 0xff, 0xe0, 0xb2, 0x80, 0x3f, 0xfd, 0xc2,
    0x25, 0xaf, 0x82, 0x0, 0x77, 0x7b, 0xdf, 0xac,
    0xeb, 0x9c, 0x0, 0x23, 0xf0, 0x17, 0x4a, 0x80,
    0x66, 0xff, 0xe7, 0x0, 0xff, 0x1e, 0xec, 0x80,
    0x11, 0x17, 0x8, 0x1, 0xc8, 0xa0, 0x8, 0xb7,
    0x79, 0x80, 0x3f, 0x9, 0xff, 0xa8, 0x7d, 0xc0,
    0x53, 0xfe, 0x40, 0xf7, 0x0, 0x8, 0x6, 0xf4,
    0xdd, 0xcc, 0x66, 0x0, 0xf8, 0x4c, 0x8b, 0xa,
    0xe8, 0x7, 0xc7, 0xe0, 0x19, 0x5, 0x0, 0x3e,
    0x43, 0x0, 0xde, 0xc2, 0x1, 0xe4, 0x14, 0x0,
    0x99, 0x2c, 0x3, 0xe1, 0x70, 0xd, 0xd4, 0x40,
    0x1f, 0x2c, 0x0, 0x68, 0x50, 0xc, 0x9c, 0x0,

    /* U+6241 "扁" */
    0x0, 0x8, 0x0, 0x48, 0xd1, 0x5e, 0x70, 0xc0,
    0x2c, 0xff, 0xf6, 0x7f, 0xc4, 0x1, 0xab, 0xfb,
    0x72, 0xe6, 0x18, 0xc4, 0x3, 0x11, 0x9f, 0xf1,
    0x0, 0x6a, 0xff, 0xfd, 0xd8, 0x1, 0xa3, 0x33,
    0xf4, 0x80, 0x63, 0xaf, 0xff, 0xd6, 0x1, 0x86,
    0xff, 0xff, 0xb8, 0x3, 0x3a, 0x27, 0xf8, 0x40,
    0x41, 0xef, 0xe2, 0xff, 0xd7, 0xfe, 0xb4, 0x5,
    0x7, 0x2b, 0xd1, 0xbb, 0x5, 0xd8, 0xc0, 0x6,
    0x60, 0x2e, 0xe0, 0xf7, 0x87, 0xf1, 0x80, 0x2e,
    0xc0, 0x3d, 0xa1, 0xde, 0x1d, 0xc3, 0x3, 0x32,
    0x81, 0x81, 0x88, 0x4, 0x20, 0x19, 0xc8, 0x3,
    0x10, 0x0, 0x87, 0xcd, 0x8e, 0x0, 0xf4, 0x7,
    0x0, 0x1a, 0x3f, 0xe3,

    /* U+6247 "扇" */
    0xe, 0xff, 0xff, 0xe0, 0x50, 0x77, 0xff, 0xff,
    0x2, 0x80, 0x13, 0x99, 0xfe, 0x90, 0x9, 0x55,
    0xdd, 0xfa, 0xd4, 0x3, 0x71, 0x17, 0xf0, 0x7,
    0x47, 0x77, 0xeb, 0x70, 0x8, 0xa3, 0xbb, 0xfa,
    0xc0, 0x21, 0xef, 0xfc, 0x9b, 0xff, 0x80, 0x36,
    0xce, 0x79, 0x87, 0xbf, 0xf8, 0x2, 0x20, 0x54,
    0xd2, 0x0, 0x11, 0x20, 0x3, 0x29, 0x9, 0x68,
    0x80, 0x55, 0x88, 0x1, 0x52, 0x9c, 0xf5, 0x80,
    0xbe, 0x78, 0x4, 0xc5, 0x2b, 0xfb, 0x2, 0x1f,
    0xd6, 0xa0, 0x5, 0x91, 0x66, 0x2f, 0x9b, 0xc1,
    0x57, 0x20, 0x0,

    /* U+624B "手" */
    0x0, 0xff, 0x85, 0x40, 0x38, 0x49, 0x15, 0x9e,
    0x73, 0xb9, 0x8, 0x1, 0xbf, 0x26, 0x5b, 0x4b,
    0x3b, 0xfa, 0x80, 0x1b, 0xb9, 0xb9, 0x68, 0xca,
    0x60, 0x1f, 0xfc, 0xa1, 0xff, 0xe6, 0x5f, 0xfe,
    0x50, 0x0, 0xee, 0xf2, 0xa6, 0xef, 0x20, 0x4,
    0x45, 0xc6, 0x24, 0x5c, 0x20, 0x2, 0x2f, 0x18,
    0x91, 0x78, 0xf, 0x77, 0xca, 0x9b, 0xbe, 0x33,
    0x7f, 0xf9, 0x97, 0xff, 0xc6, 0x1, 0xff, 0xd8,
    0x32, 0x28, 0xc0, 0x3f, 0xe8, 0xdd, 0x35, 0x0,
    0x7c,

    /* U+624D "才" */
    0x0, 0xff, 0xe5, 0x27, 0x80, 0x7f, 0xf2, 0x8c,
    0xfe, 0x3, 0x3f, 0x6, 0xe6, 0x74, 0x6, 0x67,
    0x83, 0xbf, 0xfa, 0xc3, 0xfe, 0xdf, 0xf0, 0x7,
    0xfc, 0xfa, 0x80, 0x1f, 0x9c, 0x6, 0xe6, 0xd0,
    0x3, 0xfd, 0xc3, 0xe8, 0x1, 0xf1, 0x46, 0x85,
    0xd0, 0x80, 0x70, 0xad, 0xe9, 0xc8, 0x20, 0x7,
    0x15, 0xf4, 0x1e, 0xda, 0x0, 0x7c, 0x59, 0xba,
    0x82, 0x0, 0xff, 0x39, 0x0, 0x99, 0x90, 0x3,
    0xff, 0x81, 0x98, 0x97, 0x0, 0xff, 0xf, 0xfb,
    0xa0, 0x3, 0xc0,

    /* U+6253 "打" */
    0x0, 0xaa, 0x0, 0x3f, 0xf8, 0xa5, 0xbb, 0xfa,
    0x40, 0x88, 0x22, 0x20, 0xee, 0xca, 0x7d, 0xcb,
    0x1d, 0xd2, 0x36, 0xc9, 0x9e, 0xd0, 0x33, 0x10,
    0xff, 0x95, 0xfe, 0xc0, 0x3f, 0xfa, 0x22, 0x8c,
    0x1, 0xfe, 0x37, 0x46, 0xae, 0x0, 0xfe, 0x1c,
    0xb3, 0x6e, 0x80, 0xf, 0xe1, 0xfc, 0x71, 0x0,
    0xff, 0xf0, 0x8, 0xc0, 0x18, 0x8c, 0xb4, 0xc0,
    0x33, 0xf2, 0xd8, 0x4, 0xf9, 0xad, 0x40, 0x19,
    0xbf, 0x8c, 0x2, 0x5e, 0xfe, 0x70, 0x8,

    /* U+6267 "执" */
    0x0, 0xff, 0xe3, 0xf8, 0x80, 0x4b, 0xa0, 0x1f,
    0xfc, 0xb1, 0x10, 0x18, 0x7, 0xfc, 0x3d, 0xc0,
    0xdb, 0xdf, 0xa2, 0xff, 0x94, 0x0, 0x3f, 0xc1,
    0xb7, 0x9d, 0x27, 0xdc, 0x20, 0xe, 0x10, 0x30,
    0x11, 0x98, 0x44, 0x1, 0xf8, 0x95, 0x9f, 0x88,
    0x3, 0xe4, 0x80, 0xcf, 0x5c, 0x61, 0x0, 0x84,
    0x0, 0x54, 0x41, 0xb4, 0x76, 0xd, 0x62, 0x1,
    0x8b, 0xa8, 0xc, 0x0, 0xc3, 0xc3, 0x40, 0x20,
    0x1f, 0xd6, 0xc3, 0x56, 0x20, 0x1f, 0xd0, 0x72,
    0x1, 0x31, 0x25, 0x0, 0x98, 0x1c, 0xbe, 0x88,
    0x5, 0xb7, 0x86, 0x17, 0x88, 0x9, 0x86, 0x1,
    0x9c, 0x1a, 0x82, 0xbe, 0xcb, 0x4c, 0x3, 0xd9,
    0xc6,

    /* U+6269 "扩" */
    0x0, 0x17, 0x80, 0x7b, 0x8, 0x3, 0xff, 0x84,
    0xb0, 0x1, 0xc4, 0xe0, 0x45, 0x6e, 0xce, 0xbb,
    0xb1, 0x8e, 0xd0, 0x6c, 0x89, 0x7f, 0xb3, 0x7f,
    0xe3, 0x1f, 0xd0, 0xfb, 0x0, 0x11, 0x7c, 0x1,
    0xff, 0xc9, 0x14, 0x0, 0xff, 0x92, 0xc3, 0xb5,
    0x80, 0x3f, 0x8a, 0xc8, 0x3a, 0x4c, 0x80, 0x3f,
    0x17, 0xc8, 0x8, 0xb, 0x0, 0x7f, 0xf0, 0xb3,
    0x0, 0x1f, 0xfc, 0x11, 0x45, 0x0, 0xfe, 0x27,
    0x0, 0x41, 0x90, 0x7, 0xf4, 0xd3, 0x2, 0x78,
    0x7, 0xfa, 0xfe, 0x43, 0x4c, 0x3, 0xf8,

    /* U+626B "扫" */
    0x0, 0xad, 0xc0, 0x3f, 0xf8, 0x89, 0x55, 0xf1,
    0x81, 0x11, 0xfc, 0x9f, 0xff, 0xce, 0xc3, 0xba,
    0x37, 0xdb, 0x55, 0xf0, 0x80, 0xff, 0x92, 0x3e,
    0x0, 0x3f, 0xf9, 0xfe, 0x88, 0xff, 0xf1, 0x80,
    0x12, 0x15, 0xe8, 0xb3, 0x3c, 0x40, 0x34, 0x66,
    0x7e, 0x63, 0x3f, 0x8, 0xf, 0x5b, 0x78, 0x7,
    0xff, 0x50, 0x47, 0xe0, 0x0, 0x89, 0xc0, 0xf,
    0xdd, 0xe2, 0x0, 0x37, 0xa, 0x83, 0xff, 0xf8,
    0xc0, 0xf, 0xfa, 0x40, 0x1f, 0xb1, 0x40,

    /* U+626C "扬" */
    0x0, 0xff, 0xe3, 0x17, 0x80, 0x3b, 0xff, 0xcc,
    0x1, 0xfb, 0x37, 0x6a, 0x5, 0x60, 0x0, 0xa2,
    0x82, 0x20, 0x8a, 0x6a, 0x5a, 0x0, 0x8a, 0xe0,
    0x2e, 0x80, 0xd, 0x71, 0x40, 0x18, 0xff, 0x43,
    0xf8, 0xaa, 0x64, 0xa4, 0x58, 0x3, 0xe8, 0x50,
    0x9d, 0xde, 0x10, 0xe, 0x4a, 0xf7, 0x5f, 0x76,
    0xd0, 0x10, 0x2a, 0xf, 0xf0, 0x13, 0x58, 0x35,
    0x88, 0x81, 0x35, 0x3, 0xac, 0x7a, 0x45, 0x88,
    0x8c, 0x60, 0x9f, 0xc0, 0x25, 0x88, 0xe3, 0x1e,
    0x4, 0xc0, 0x1f, 0x5c, 0x5, 0x31, 0x87, 0x10,
    0x7, 0x89, 0x82, 0x82, 0x0, 0xb, 0xc0, 0x2,
    0x70, 0x8, 0xb0, 0x6c, 0xd, 0x4d, 0x0, 0x1d,
    0x4c, 0x0, 0x94, 0xb0, 0x1e, 0x87, 0x30, 0x6,
    0x7c, 0x80, 0x2e, 0x0, 0x3, 0xba, 0x80, 0x0,

    /* U+6270 "扰" */
    0x0, 0x84, 0x3, 0xff, 0x84, 0x3c, 0x1, 0x87,
    0xc4, 0xdc, 0x3, 0xff, 0x84, 0x79, 0x20, 0x1,
    0x57, 0x5, 0x40, 0x1, 0x80, 0x56, 0x2, 0x5,
    0xfa, 0x1d, 0xc9, 0xdc, 0xc, 0xdd, 0x26, 0x9,
    0xd5, 0x2, 0xea, 0x93, 0x20, 0x99, 0xe1, 0x0,
    0xf1, 0xa0, 0x9a, 0x27, 0x0, 0x70, 0x98, 0x87,
    0x35, 0x38, 0x7, 0xb, 0x87, 0xe9, 0x1, 0xe8,
    0x7, 0x97, 0xac, 0x2b, 0x8c, 0x11, 0x0, 0x1e,
    0x5d, 0xc0, 0x40, 0x2, 0x89, 0x80, 0x7c, 0x40,
    0x1d, 0x12, 0x1, 0xc8, 0x1, 0xf3, 0x1b, 0x80,
    0x74, 0x20, 0x9, 0x0, 0x12, 0x6c, 0x2, 0xe1,
    0x22, 0x38, 0x66, 0x10, 0x36, 0x54, 0x1, 0xed,
    0xda, 0x46,

    /* U+6273 "扳" */
    0x0, 0xbc, 0x80, 0xbf, 0xff, 0x8, 0x7, 0xed,
    0xee, 0xf0, 0x93, 0x38, 0x53, 0x0, 0x8, 0x47,
    0xc0, 0xd3, 0x0, 0xf2, 0x1, 0xfe, 0x4f, 0xf0,
    0x6f, 0x80, 0xc, 0x8b, 0x84, 0x3, 0xfb, 0x37,
    0x7a, 0xc0, 0x3c, 0x62, 0x9, 0x3f, 0xf2, 0x78,
    0x0, 0x98, 0x37, 0x94, 0x3e, 0xc0, 0x4, 0x8a,
    0xd, 0xba, 0xb, 0xd0, 0x24, 0x6, 0x8, 0x60,
    0x3, 0x7d, 0x83, 0x7, 0xb8, 0x74, 0x3a, 0x48,
    0x7, 0xe7, 0xc0, 0x34, 0x8b, 0x0, 0xfc, 0x82,
    0xe0, 0xca, 0x50, 0x40, 0x10, 0x90, 0x2, 0x14,
    0xae, 0x2f, 0x53, 0x5c, 0x1, 0x5a, 0x66, 0x6b,
    0xb1, 0x7a, 0x4, 0xd5, 0xc, 0x2f, 0xf0, 0x68,
    0x62, 0x44, 0x2, 0x5d, 0x30,

    /* U+6279 "批" */
    0x0, 0x88, 0x3, 0xff, 0x84, 0x3a, 0x0, 0x89,
    0x0, 0x17, 0x80, 0x7f, 0xf2, 0x8c, 0x3, 0xff,
    0x82, 0x3f, 0xa1, 0xf6, 0x1, 0xf9, 0x0, 0x7f,
    0x43, 0xec, 0xc, 0x88, 0x1, 0x4d, 0x20, 0x0,
    0xc0, 0x32, 0xee, 0x0, 0x34, 0xbd, 0x0, 0x32,
    0x28, 0x37, 0xf0, 0x2, 0x2c, 0x40, 0xb, 0x61,
    0x44, 0x1, 0xe5, 0x0, 0x8a, 0xc, 0x39, 0xc0,
    0x3f, 0xc5, 0xb0, 0x1, 0xff, 0xcf, 0x11, 0x0,
    0x7f, 0x10, 0x6, 0x5d, 0x0, 0x18, 0x1, 0x51,
    0xfb, 0x4, 0x8, 0x4d, 0x82, 0xf4, 0x83, 0x9a,
    0x33, 0x8c, 0xdb, 0xd1, 0xc1, 0x5b, 0xa0, 0xba,
    0x62, 0x0, 0x67, 0xfc, 0x80,

    /* U+627E "找" */
    0x0, 0xbc, 0x80, 0x27, 0xb0, 0x71, 0x0, 0xff,
    0x85, 0x80, 0x1e, 0x40, 0x11, 0x10, 0x1c, 0x80,
    0x4, 0x60, 0xf3, 0x40, 0x4, 0xdd, 0x5, 0x69,
    0x0, 0x5, 0x1b, 0xc6, 0xc1, 0x3f, 0xc1, 0xbf,
    0x5f, 0x61, 0x3a, 0x22, 0xd0, 0xf, 0xa7, 0x7c,
    0x3a, 0xe6, 0xd8, 0x3, 0x99, 0x40, 0x80, 0x94,
    0x13, 0x4, 0x0, 0x90, 0x17, 0x26, 0x0, 0x7f,
    0x9, 0x81, 0x4, 0xa2, 0xc, 0xc1, 0x0, 0x31,
    0x28, 0x5c, 0x0, 0x9d, 0x40, 0x20, 0x19, 0x9,
    0x34, 0x3, 0xff, 0x81, 0x60, 0xe2, 0xc, 0x60,
    0x1f, 0x1e, 0x23, 0xb1, 0x6, 0x28, 0x9, 0x0,
    0x55, 0x8b, 0xb0, 0x7e, 0xca, 0x81, 0x5a, 0x64,
    0x1d, 0xb2, 0x0, 0xd7, 0x95, 0x20, 0xbf, 0xc0,
    0x2, 0x10, 0x4, 0x35, 0xf4, 0x0,

    /* U+627F "承" */
    0x0, 0xff, 0xe3, 0xf, 0xff, 0xf5, 0x80, 0x70,
    0xf7, 0x7b, 0x8, 0x92, 0x1, 0xe1, 0x1c, 0x9,
    0xad, 0x84, 0x1, 0x8c, 0xf0, 0x2, 0xae, 0xd3,
    0x0, 0x2, 0x0, 0x66, 0x62, 0x0, 0x4a, 0x9b,
    0x2, 0xe8, 0x87, 0xfb, 0x2, 0x3d, 0x23, 0xec,
    0x56, 0xe8, 0x40, 0x24, 0x45, 0x7a, 0x3f, 0xd2,
    0x54, 0xa8, 0x6, 0xbd, 0x33, 0x38, 0x99, 0xbc,
    0xdc, 0x3, 0x19, 0x9f, 0xfc, 0x4f, 0xfe, 0x43,
    0x20, 0xd, 0xc, 0x39, 0x85, 0x9c, 0xc0, 0xb4,
    0x0, 0x4a, 0x91, 0xdf, 0xe4, 0x8f, 0xf6, 0xc2,
    0xb0, 0x1d, 0x50, 0x7b, 0xfc, 0x8f, 0xfe, 0xd1,
    0xa9, 0x42, 0xa5, 0x1, 0x21, 0x7f, 0x0, 0xcb,
    0x48, 0x2a, 0x0, 0x5d, 0xe1, 0x40, 0xe, 0x50,
    0xe, 0x4f, 0xf6, 0x98, 0x7, 0xc0,

    /* U+6280 "技" */
    0x0, 0xbc, 0x80, 0x3b, 0xc4, 0x3, 0xff, 0x92,
    0x46, 0xc, 0x55, 0x99, 0x6, 0x66, 0x1, 0xdc,
    0xb, 0xc9, 0xff, 0x40, 0x47, 0xfc, 0x3, 0xfe,
    0xd, 0xe3, 0x39, 0x1, 0xc, 0xe0, 0xf, 0x84,
    0x88, 0x60, 0xa4, 0x40, 0xf, 0xcd, 0xbb, 0xd,
    0x66, 0xb8, 0x4, 0x81, 0xfe, 0x73, 0x8e, 0xeb,
    0x45, 0xc0, 0xbe, 0x42, 0x3c, 0x3e, 0x44, 0x1,
    0xec, 0x0, 0x2e, 0xd0, 0x70, 0x1, 0xbd, 0x5,
    0x4, 0x0, 0x42, 0x1, 0xe9, 0x7e, 0x7d, 0x0,
    0xff, 0x94, 0x44, 0xa, 0x1, 0x84, 0xc0, 0x4,
    0xfb, 0x76, 0xfa, 0xbb, 0x28, 0x3, 0x71, 0x9,
    0x2e, 0xdc, 0xc0, 0xfa, 0x76, 0x61, 0x9f, 0x60,
    0xd8, 0xc0, 0x18, 0xa3, 0x8c,

    /* U+628A "把" */
    0x0, 0x27, 0x0, 0x13, 0xff, 0xed, 0x0, 0xfc,
    0x3b, 0x81, 0x7a, 0xe0, 0x11, 0x10, 0x48, 0x40,
    0x4, 0x60, 0xa5, 0xc0, 0x2, 0xd9, 0xd, 0x90,
    0xf, 0xf1, 0x7d, 0x8f, 0xc0, 0x7, 0xff, 0x4c,
    0x40, 0x4, 0x60, 0xa5, 0xc0, 0x11, 0x18, 0xf6,
    0x0, 0xee, 0x5, 0xeb, 0x80, 0xe, 0x78, 0x3f,
    0x40, 0x7f, 0xfb, 0x6c, 0xe, 0xf4, 0x44, 0x1,
    0xf8, 0x98, 0x3, 0xff, 0x86, 0xaa, 0x0, 0xff,
    0xe1, 0x67, 0x80, 0x90, 0x4, 0xe2, 0x84, 0x23,
    0x12, 0x60, 0x5c, 0xb8, 0x0, 0xd6, 0xf7, 0xba,
    0xd6, 0x60,

    /* U+6291 "抑" */
    0x0, 0xff, 0xe3, 0xf, 0x80, 0x64, 0xd5, 0x0,
    0xff, 0x9f, 0x3e, 0x45, 0x13, 0x0, 0x8, 0x80,
    0x43, 0x75, 0x69, 0x7f, 0xdf, 0x60, 0x3b, 0x81,
    0xb6, 0x6, 0x1, 0x4d, 0x50, 0x0, 0x3f, 0xc1,
    0xf4, 0x1, 0xff, 0xd2, 0x45, 0x0, 0xff, 0x96,
    0xc2, 0x8c, 0x3, 0xfc, 0x50, 0x61, 0xcc, 0x1,
    0xfe, 0x2d, 0x80, 0xe, 0x34, 0x0, 0xff, 0x84,
    0x57, 0xa4, 0x1, 0x18, 0x7, 0xda, 0x37, 0xcc,
    0x0, 0xdd, 0x10, 0x0, 0x48, 0x1, 0x98, 0x50,
    0xd, 0xfb, 0xa0, 0x5, 0x62, 0x80, 0x7e, 0x22,
    0x0, 0x57, 0xf4, 0x1, 0xef, 0x20, 0xc,

    /* U+6296 "抖" */
    0x0, 0xbc, 0x80, 0x3c, 0x3e, 0x20, 0x1f, 0xc7,
    0x88, 0x1, 0xf1, 0x18, 0x31, 0x1, 0xcd, 0x50,
    0x3, 0x8f, 0x70, 0x2f, 0x48, 0x17, 0xf8, 0x3,
    0x8f, 0xfc, 0x1b, 0xe4, 0x20, 0x28, 0x1, 0xff,
    0xf, 0xd9, 0x0, 0x7f, 0x85, 0x43, 0x8f, 0x48,
    0x3, 0xc9, 0x1, 0x92, 0x61, 0x18, 0x40, 0x1c,
    0x94, 0x41, 0x98, 0x20, 0x1, 0x81, 0x4, 0x52,
    0x23, 0xa8, 0x4, 0x16, 0x2f, 0x7f, 0x0, 0xf5,
    0x80, 0x3d, 0xa3, 0xbd, 0xd0, 0x5b, 0x90, 0x7,
    0xa2, 0x58, 0xc4, 0x3, 0xc2, 0x40, 0x1f, 0xfc,
    0x2c, 0xd4, 0x20, 0xf, 0xfe, 0x6, 0xfd, 0x80,
    0x7c, 0x3e, 0x20, 0x0,

    /* U+6297 "抗" */
    0x0, 0xbc, 0x80, 0x3b, 0xc8, 0x3, 0xff, 0x92,
    0x44, 0x6, 0x2b, 0xee, 0x83, 0x3b, 0xa3, 0x4d,
    0xd0, 0x5e, 0xd7, 0xfd, 0xdf, 0xf8, 0xd3, 0xfc,
    0x1b, 0xe2, 0x3f, 0xc0, 0x1f, 0x8f, 0xff, 0x88,
    0x3, 0xcc, 0xc0, 0x0, 0xee, 0xc0, 0x1c, 0x92,
    0x17, 0xa2, 0x0, 0x22, 0x80, 0x33, 0x50, 0x3,
    0x6c, 0x40, 0x3f, 0x9b, 0xa4, 0x3, 0x31, 0x80,
    0x7f, 0xf0, 0xb1, 0x0, 0x38, 0x8c, 0x3, 0xc4,
    0xd4, 0x1, 0xc3, 0x0, 0x24, 0x0, 0x2f, 0x53,
    0x0, 0xcc, 0xa2, 0x15, 0xa6, 0x48, 0xf4, 0x1,
    0x96, 0xe3, 0x82, 0xff, 0x1, 0xa8, 0x3, 0xab,
    0xf9, 0x0,

    /* U+629E "択" */
    0x0, 0xa9, 0xc0, 0x11, 0xff, 0xf0, 0x7, 0xf2,
    0x6e, 0xea, 0x0, 0x88, 0x83, 0xc4, 0x20, 0x24,
    0x59, 0x80, 0x3, 0xba, 0x46, 0xdb, 0x0, 0xfe,
    0x1f, 0xf2, 0xc7, 0xd0, 0x7, 0xff, 0x14, 0x48,
    0xb2, 0x80, 0x7c, 0x26, 0x9, 0xbb, 0xa4, 0x40,
    0x4, 0xcf, 0x1d, 0x42, 0xdf, 0x81, 0xfe, 0xe0,
    0x2d, 0xd0, 0x37, 0xc9, 0x8, 0x18, 0xa0, 0x4,
    0x5f, 0x6f, 0xc0, 0x5, 0xd0, 0x3, 0xf8, 0x7,
    0xf1, 0x8a, 0x0, 0x2d, 0xc, 0x3, 0xf5, 0x20,
    0x80, 0x9, 0xb4, 0x40, 0x2, 0x26, 0x3, 0x6f,
    0x0, 0xd2, 0x58, 0x61, 0x5c, 0x28, 0xae, 0x80,
    0x1d, 0x8e, 0xa1, 0x7f, 0xa6, 0xd0, 0x1, 0xf5,
    0x30,

    /* U+62A4 "护" */
    0x0, 0xbc, 0x80, 0x31, 0xe0, 0x80, 0x7f, 0xf0,
    0xd, 0xb4, 0x3, 0x11, 0x1, 0xc8, 0x22, 0x64,
    0x3, 0x32, 0x82, 0xdd, 0x5, 0x68, 0x30, 0x7e,
    0x5f, 0x83, 0x17, 0xf8, 0x37, 0xc0, 0x1a, 0xcd,
    0xb4, 0x3, 0xff, 0x92, 0x20, 0xc, 0x44, 0xd8,
    0x1, 0x20, 0x7f, 0x8, 0x96, 0x67, 0x30, 0x1f,
    0xc0, 0x47, 0x80, 0x3f, 0x77, 0x63, 0x1f, 0xe0,
    0x38, 0x10, 0x10, 0x6, 0x28, 0x0, 0xf2, 0x90,
    0x7, 0xff, 0x6, 0x90, 0x3, 0xf0, 0x90, 0x1,
    0x4e, 0x80, 0x3f, 0x5e, 0x99, 0x6b, 0x98, 0x7,
    0xea, 0xfc, 0x8, 0x80, 0x7, 0xe0,

    /* U+62A5 "报" */
    0x0, 0xbc, 0xc0, 0xff, 0xfe, 0x40, 0xf, 0xee,
    0xee, 0x0, 0xc2, 0x20, 0x61, 0x0, 0x8, 0xf0,
    0x38, 0x1f, 0x70, 0x2b, 0x9c, 0x0, 0x26, 0x4a,
    0x6, 0x7, 0xba, 0xa, 0xd7, 0x0, 0xbf, 0xb9,
    0x20, 0x11, 0x10, 0x18, 0x80, 0x6, 0x5f, 0xe8,
    0x51, 0x0, 0xf0, 0x80, 0x33, 0x1b, 0xb6, 0x58,
    0x0, 0x54, 0x37, 0x98, 0x2c, 0xbb, 0xa2, 0xf0,
    0x5e, 0x80, 0x8f, 0x60, 0x41, 0x60, 0x42, 0x50,
    0x5e, 0xd0, 0x50, 0xd, 0xf2, 0x53, 0x0, 0x10,
    0x80, 0x7c, 0x71, 0xa0, 0xe0, 0x1f, 0xfc, 0xe,
    0x0, 0x10, 0x4, 0x24, 0x1, 0xc5, 0xab, 0xa9,
    0xae, 0x3, 0xda, 0x66, 0x0, 0xad, 0x30, 0xa6,
    0xac, 0x45, 0xfe, 0xc0, 0x1, 0xfc, 0xc8, 0x2,
    0x5c, 0x10,

    /* U+62AC "抬" */
    0x0, 0xbc, 0x80, 0x37, 0x28, 0x7, 0xff, 0x5,
    0x45, 0x40, 0x3c, 0x44, 0x6, 0x20, 0x7, 0x38,
    0x15, 0x0, 0x49, 0xba, 0xb, 0xd0, 0x24, 0x90,
    0x21, 0x90, 0x2, 0x7f, 0x83, 0x7c, 0x21, 0x80,
    0x8f, 0x59, 0x40, 0x3c, 0x3c, 0xad, 0xdb, 0xab,
    0x3b, 0x10, 0xc, 0x2f, 0x59, 0xdf, 0xee, 0xdc,
    0x55, 0x1, 0xc0, 0x65, 0x28, 0x99, 0x17, 0x5a,
    0x36, 0x18, 0x66, 0x3, 0x77, 0xe4, 0x6, 0xfb,
    0x1, 0x0, 0xbf, 0xf8, 0x40, 0x3f, 0xfa, 0xe2,
    0x40, 0x1d, 0x99, 0xc2, 0x1, 0x56, 0x99, 0x0,
    0x53, 0x3c, 0x20, 0x15, 0xfe, 0x0, 0x7, 0xd5,
    0x7b, 0x90, 0x0,

    /* U+62B5 "抵" */
    0x0, 0xbc, 0x80, 0x3c, 0x4d, 0x0, 0x1f, 0x92,
    0xaf, 0x7b, 0x7f, 0x84, 0x0, 0x44, 0x6, 0x21,
    0x49, 0xdc, 0x9, 0x61, 0x4, 0xdd, 0x5, 0xe8,
    0x19, 0x0, 0x7c, 0x9f, 0xe0, 0xdf, 0x10, 0x8,
    0xc0, 0x40, 0x3f, 0xc5, 0xfe, 0xe0, 0xef, 0xf0,
    0x80, 0x61, 0x51, 0x2e, 0xe8, 0x6f, 0xb8, 0x20,
    0x6e, 0x19, 0x6, 0x2, 0x31, 0x8, 0xc0, 0xd9,
    0x61, 0x9a, 0x40, 0x19, 0xc8, 0x2, 0x6e, 0xc0,
    0x10, 0xc, 0x26, 0x6d, 0x0, 0xc2, 0x1, 0x2f,
    0x97, 0x75, 0x8e, 0x6, 0x40, 0x1c, 0x44, 0x9d,
    0xfd, 0x52, 0x34, 0x50, 0x12, 0x0, 0x2d, 0x28,
    0x19, 0xcd, 0xd4, 0x81, 0x5a, 0x65, 0x5d, 0xdd,
    0x10, 0x11, 0x18,

    /* U+62BC "押" */
    0x0, 0xf, 0x80, 0x1b, 0xff, 0xf0, 0x7, 0xc9,
    0xdc, 0x1a, 0xeb, 0x0, 0x3c, 0x84, 0x30, 0x0,
    0x44, 0xc, 0x2e, 0x3, 0x4c, 0xd, 0xa0, 0x1f,
    0xc3, 0xbe, 0x1d, 0x60, 0x9f, 0xe1, 0xcf, 0xc0,
    0xf, 0xc9, 0xba, 0x1a, 0xda, 0x0, 0xf0, 0x80,
    0x8, 0x80, 0xc4, 0xc0, 0x12, 0x6, 0xe0, 0x39,
    0x10, 0x18, 0x98, 0x7, 0xec, 0x2f, 0x0, 0xf7,
    0x43, 0x5b, 0x40, 0x3f, 0xe0, 0x61, 0x6e, 0xff,
    0xe, 0x7f, 0xc0, 0x1f, 0x8, 0x7, 0xff, 0x2c,
    0x94, 0x3, 0xff, 0x83, 0x72, 0xc0, 0x1f, 0xf0,

    /* U+62BD "抽" */
    0x0, 0xbc, 0x40, 0x3b, 0x8c, 0x3, 0xff, 0x90,
    0x2a, 0xa0, 0x75, 0x0, 0xff, 0x1f, 0x70, 0x2b,
    0xe3, 0xfe, 0x1c, 0xff, 0x88, 0x97, 0x60, 0xda,
    0x5, 0xcc, 0x4, 0xe6, 0x0, 0x3f, 0x8c, 0xe1,
    0x53, 0x30, 0x7, 0x8c, 0xc0, 0x1f, 0xfc, 0x4,
    0xc, 0xc0, 0x92, 0x20, 0x55, 0x10, 0x0, 0x4f,
    0xa0, 0x8f, 0x14, 0x99, 0x4, 0x4c, 0x80, 0xb,
    0x9c, 0xe, 0x0, 0x6d, 0xd0, 0xee, 0xc0, 0x1,
    0x30, 0xf, 0xfe, 0x6b, 0x80, 0x80, 0x42, 0x40,
    0x19, 0xbf, 0xc3, 0x7f, 0xc0, 0x15, 0x69, 0x88,
    0x1, 0xbb, 0xbb, 0x48, 0xc2, 0xff, 0x0, 0x11,
    0x22, 0x3c, 0x5a, 0x20,

    /* U+62C9 "拉" */
    0x0, 0x88, 0x3, 0xff, 0x87, 0xa4, 0x1, 0xde,
    0x40, 0x1f, 0xfc, 0xc1, 0x1, 0x22, 0x81, 0xc8,
    0xa0, 0x3f, 0xf0, 0x67, 0xce, 0xec, 0x15, 0xbb,
    0x11, 0xff, 0x83, 0x3e, 0x3f, 0xfb, 0x7b, 0xc8,
    0x3, 0x8, 0x1, 0xac, 0x2, 0xbb, 0x0, 0x78,
    0x48, 0x15, 0x40, 0x11, 0x68, 0x4, 0x2a, 0x1b,
    0xa3, 0x30, 0x90, 0x1, 0x48, 0x0, 0xbd, 0x61,
    0x1e, 0x60, 0x68, 0x0, 0x17, 0x0, 0x26, 0xf0,
    0x20, 0x4, 0xbc, 0x6, 0x4, 0x0, 0x12, 0x0,
    0xf7, 0x10, 0x2a, 0x0, 0x7f, 0xc2, 0x61, 0x86,
    0x1, 0x84, 0x40, 0x1, 0x55, 0x1e, 0x2a, 0x2,
    0xa8, 0x82, 0xb8, 0xc9, 0x66, 0x78, 0x92, 0x64,
    0xe1, 0x7f, 0x80, 0x99, 0x9f, 0xca,

    /* U+62CD "拍" */
    0x0, 0x17, 0x80, 0x70, 0xf1, 0x80, 0x7f, 0xf0,
    0x1c, 0xc, 0x3, 0x1b, 0x82, 0x11, 0x1d, 0xd4,
    0x4e, 0xf1, 0x1e, 0x50, 0x5e, 0x34, 0x72, 0xab,
    0xb9, 0xe, 0x7f, 0xa1, 0xfc, 0x3, 0x33, 0xc2,
    0x1, 0xff, 0xc8, 0x47, 0x0, 0xfe, 0x17, 0x90,
    0xad, 0x1, 0xee, 0xe1, 0x5, 0xa1, 0xf, 0xa0,
    0x1d, 0xde, 0x10, 0x4d, 0x80, 0x10, 0x8, 0xcf,
    0x80, 0x3f, 0xfa, 0xa4, 0xc0, 0x18, 0x7f, 0xf8,
    0x40, 0x1f, 0x6a, 0x1, 0xe, 0x67, 0x18, 0x86,
    0xfd, 0x0, 0x13, 0x8c, 0xfb, 0x10,

    /* U+62D2 "拒" */
    0x0, 0xbc, 0x80, 0x7f, 0xff, 0x10, 0x7, 0xec,
    0xee, 0xf1, 0xb, 0x30, 0x29, 0x8c, 0x8, 0x47,
    0xc0, 0x57, 0x60, 0x6b, 0x10, 0xf, 0xe3, 0xdd,
    0x6, 0x69, 0x7, 0x7f, 0xf1, 0x80, 0x7f, 0x66,
    0xee, 0x10, 0xf, 0x3b, 0x10, 0x11, 0x70, 0x4,
    0x2d, 0x41, 0x78, 0x1, 0xfe, 0x5a, 0xd0, 0xca,
    0x20, 0xfe, 0xec, 0x20, 0x4, 0xc7, 0x0, 0xea,
    0xdd, 0xd8, 0x60, 0x1f, 0xca, 0x67, 0xc0, 0x1f,
    0xfc, 0x71, 0x20, 0xe, 0xef, 0xff, 0x28, 0x56,
    0x99, 0x0, 0x59, 0xbb, 0xe5, 0xb, 0xfc, 0x0,
    0xf, 0x99, 0x17, 0x80,

    /* U+62DF "拟" */
    0x0, 0xff, 0xe0, 0x88, 0x7, 0x79, 0x1, 0xf0,
    0x7, 0x6b, 0x0, 0x7f, 0xf0, 0x84, 0x2, 0x22,
    0x3, 0x90, 0x5, 0x40, 0x18, 0xc0, 0xb7, 0x41,
    0x58, 0x1, 0xa0, 0x0, 0x62, 0x5, 0xfe, 0xd,
    0xe0, 0xa, 0x1c, 0x40, 0x58, 0x3, 0xfc, 0x48,
    0x82, 0x3, 0x0, 0xe6, 0x60, 0x6, 0xb5, 0x61,
    0x10, 0x1, 0x24, 0x2f, 0x5c, 0x3, 0xb5, 0x40,
    0x9, 0x40, 0xc, 0xb7, 0x0, 0x21, 0x3, 0xe8,
    0x1, 0x3a, 0x40, 0x40, 0x3, 0x94, 0xcc, 0x17,
    0x0, 0xf9, 0xf4, 0xab, 0x9e, 0x46, 0xc0, 0x3f,
    0x5e, 0xb2, 0x6b, 0x62, 0xb0, 0x4, 0x20, 0x7,
    0x54, 0xab, 0x69, 0x29, 0x81, 0xb, 0xe3, 0x20,
    0x4, 0xe, 0x40, 0x1, 0x88, 0x81, 0x7f, 0x80,
    0x16, 0x59, 0x80, 0x6c, 0x30,

    /* U+62E1 "拡" */
    0x0, 0xff, 0xe3, 0xf1, 0x80, 0x76, 0xa0, 0x7,
    0xff, 0x24, 0x88, 0xc, 0x2b, 0x33, 0x17, 0xcc,
    0xc2, 0x2d, 0xd0, 0xd6, 0xe1, 0x77, 0x23, 0x3b,
    0xa0, 0x1f, 0xf0, 0xe6, 0x3, 0x1d, 0xc0, 0xce,
    0xf0, 0x80, 0x7f, 0xc, 0x18, 0x7, 0xe6, 0x43,
    0x0, 0x20, 0x90, 0x7, 0x24, 0xd, 0x70, 0x80,
    0x35, 0x0, 0x38, 0xe8, 0x82, 0xe9, 0xc8, 0xf,
    0x3, 0x14, 0x0, 0x7d, 0x42, 0xe0, 0x4c, 0x8,
    0x80, 0xa8, 0x0, 0xf8, 0x44, 0x66, 0x22, 0x3,
    0x1a, 0x80, 0x79, 0xd0, 0x6d, 0x95, 0xe0, 0xe4,
    0x0, 0x44, 0x17, 0x8e, 0xa6, 0x7e, 0xe0, 0x59,
    0x90, 0x5e, 0x9b, 0xaa, 0xaf, 0xb2, 0xe6, 0x19,
    0x58,

    /* U+62E7 "拧" */
    0x0, 0xff, 0xe3, 0xf9, 0x0, 0x63, 0xd0, 0xf,
    0xfe, 0x11, 0x82, 0x80, 0x71, 0x10, 0x18, 0x57,
    0xba, 0x3b, 0xee, 0x84, 0x5b, 0xa0, 0xba, 0x5,
    0xee, 0xf0, 0x80, 0xff, 0x83, 0x6c, 0x4, 0x3,
    0xff, 0x84, 0x90, 0x45, 0xec, 0x10, 0xe, 0x26,
    0xdd, 0xfb, 0x14, 0x9, 0x83, 0x79, 0xff, 0xe2,
    0xaf, 0xf9, 0x4b, 0x68, 0x2b, 0x0, 0x3f, 0xc5,
    0xd8, 0xe, 0x1, 0xff, 0xc0, 0x10, 0xf, 0xfe,
    0xa0, 0x80, 0x7c, 0x60, 0x1e, 0xbe, 0x32, 0x0,
    0xaf, 0xc5, 0xc0, 0x3a, 0xff, 0x0, 0x35, 0xf7,
    0x90, 0x6,

    /* U+62E9 "择" */
    0x0, 0xff, 0xe3, 0x17, 0x80, 0x2b, 0xff, 0xe5,
    0x0, 0xfa, 0xa4, 0xb7, 0xb8, 0xe4, 0xa0, 0x2,
    0x60, 0x22, 0x3, 0xd, 0x89, 0x3c, 0x80, 0xf,
    0x6c, 0x37, 0x0, 0x1a, 0xf1, 0xb4, 0x80, 0x3,
    0xfd, 0xf, 0xe0, 0x1, 0x2b, 0x98, 0x80, 0x7e,
    0x18, 0xcd, 0xcf, 0xba, 0xd9, 0x30, 0xc, 0xf0,
    0x33, 0xcf, 0xc9, 0xd2, 0x4, 0x9, 0x21, 0x3,
    0x2e, 0x46, 0x2c, 0x4d, 0x22, 0x96, 0x0, 0xf8,
    0x4d, 0xd6, 0x5, 0xee, 0x88, 0x13, 0xe4, 0x2,
    0x4f, 0xf8, 0x37, 0xfc, 0x40, 0x1f, 0x19, 0xc8,
    0xe, 0x67, 0x8, 0x7, 0xf, 0x75, 0x21, 0x7d,
    0xd2, 0x80, 0xb0, 0x0, 0x77, 0x70, 0x66, 0xec,
    0x81, 0x56, 0xa0, 0x1f, 0xfc, 0x0,

    /* U+62ED "拭" */
    0x0, 0x84, 0x3, 0xff, 0x84, 0x3c, 0x20, 0x1e,
    0xc6, 0xa3, 0x0, 0xff, 0xe1, 0x4e, 0x88, 0x1a,
    0x82, 0x90, 0x8f, 0x7, 0x14, 0x98, 0xed, 0x5,
    0x4e, 0xf7, 0x63, 0x7e, 0x86, 0x1e, 0xf0, 0xfb,
    0xcf, 0xfc, 0xad, 0xfe, 0x40, 0xf, 0xf8, 0xc0,
    0x3f, 0x2a, 0xa3, 0x76, 0xc1, 0x30, 0xc, 0xd6,
    0x15, 0x95, 0x25, 0x71, 0xe2, 0x1, 0xd, 0x98,
    0x7c, 0x92, 0xa, 0xa1, 0x30, 0x4, 0x3b, 0x0,
    0x1f, 0x98, 0x80, 0x3f, 0xf8, 0x22, 0x20, 0x25,
    0x50, 0x7, 0x96, 0x7, 0x79, 0x9, 0x74, 0x80,
    0xd0, 0x2, 0x82, 0x8d, 0xf6, 0xa9, 0x63, 0x8,
    0x83, 0x8, 0x6d, 0x39, 0x80, 0x1c, 0x88, 0x81,
    0x7b, 0x20, 0x1f, 0xd9, 0x80,

    /* U+6301 "持" */
    0x0, 0xff, 0xe3, 0xf8, 0x80, 0x77, 0x18, 0x7,
    0xfc, 0x45, 0x3, 0x11, 0x4, 0x3, 0xe3, 0xdd,
    0x86, 0xb7, 0x56, 0x3, 0xfe, 0xe, 0xc3, 0xff,
    0x87, 0x3f, 0xd4, 0x3, 0xfc, 0x1b, 0x84, 0x58,
    0x18, 0x8a, 0x0, 0x84, 0xc, 0x37, 0x70, 0xd6,
    0xec, 0xc0, 0x1c, 0x5f, 0xfe, 0x3a, 0xf6, 0x0,
    0x28, 0x74, 0x91, 0x78, 0x48, 0x80, 0x7f, 0x61,
    0x57, 0xdb, 0xbc, 0x51, 0xaa, 0x79, 0xc0, 0x81,
    0x98, 0xbf, 0xf8, 0xeb, 0xd4, 0xc, 0x3, 0xd4,
    0x40, 0x1f, 0xfc, 0x13, 0x99, 0x0, 0x7c, 0x26,
    0x1, 0xcf, 0x24, 0x41, 0x0, 0xd1, 0x88, 0x20,
    0x18, 0xb3, 0x41, 0x0, 0x0,

    /* U+6307 "指" */
    0x0, 0xff, 0xe3, 0xf8, 0x80, 0x38, 0xc0, 0x30,
    0x80, 0x7f, 0xc2, 0xb3, 0xf6, 0x1, 0x84, 0xc,
    0x2, 0xdf, 0xf7, 0x6d, 0x0, 0x13, 0xf8, 0x37,
    0xc0, 0x15, 0xd4, 0xe4, 0x3a, 0x9, 0xfc, 0x1b,
    0xe0, 0x3, 0x21, 0x11, 0x31, 0x80, 0x42, 0x6,
    0x0, 0x99, 0x6f, 0x73, 0x66, 0x0, 0x39, 0x1c,
    0x5f, 0xbf, 0xf7, 0x30, 0xb, 0x58, 0x5f, 0x7,
    0x7f, 0xf9, 0x41, 0x20, 0x43, 0xe4, 0x42, 0xfb,
    0xb1, 0x0, 0x17, 0xa8, 0x3, 0x9c, 0x47, 0x0,
    0x7f, 0xd9, 0xdd, 0x88, 0x3, 0xfd, 0xbd, 0xd8,
    0xc0, 0x21, 0x30, 0xe, 0x43, 0x3c, 0x20, 0x16,
    0xe2, 0x8, 0x5, 0x51, 0x18, 0xc0, 0x2c, 0xfb,
    0x0, 0xbb, 0x2e, 0xf7, 0x28, 0x0,

    /* U+6309 "按" */
    0x0, 0xbc, 0x40, 0x3b, 0xc8, 0x3, 0xff, 0x82,
    0x20, 0x20, 0x1c, 0x46, 0xa, 0x59, 0xfd, 0xe3,
    0xbd, 0xcf, 0x33, 0x6e, 0x5, 0xe0, 0x57, 0x5e,
    0xf7, 0x42, 0x7, 0xfe, 0xe, 0xe3, 0x88, 0x5b,
    0x0, 0x46, 0x1, 0xf5, 0xa2, 0x5, 0x0, 0x2d,
    0x30, 0xc, 0x4b, 0xfe, 0xb0, 0xef, 0xfc, 0xc0,
    0x6e, 0x19, 0x3d, 0xc1, 0xae, 0xe3, 0x27, 0x32,
    0xee, 0x83, 0x70, 0x54, 0x14, 0x44, 0xb8, 0x20,
    0xbd, 0x40, 0x60, 0xf, 0x34, 0x4, 0x36, 0x0,
    0xfe, 0x15, 0x9d, 0xa7, 0x10, 0xf, 0xea, 0x88,
    0x10, 0x32, 0x80, 0x42, 0x40, 0x11, 0xbe, 0x5d,
    0x74, 0x55, 0x88, 0x56, 0x98, 0x9e, 0xea, 0x79,
    0x41, 0xb5, 0xc0, 0x17, 0xf8, 0x7, 0xd4, 0xa0,
    0x18, 0xb0, 0x40,

    /* U+6324 "挤" */
    0x0, 0xff, 0xe3, 0x1f, 0x0, 0x72, 0x60, 0x7,
    0xfc, 0xab, 0x11, 0xc2, 0xac, 0x60, 0x4c, 0x4,
    0x4c, 0xeb, 0xf6, 0x1e, 0xac, 0x60, 0xda, 0x1d,
    0x59, 0xb0, 0xd9, 0x93, 0xba, 0x54, 0x3f, 0x7,
    0xdc, 0x1, 0x54, 0x49, 0x8, 0x0, 0xff, 0x23,
    0xdb, 0x78, 0x7, 0x85, 0x91, 0xeb, 0x96, 0x5b,
    0x36, 0x54, 0x16, 0x3, 0x5f, 0xf1, 0xf5, 0xa6,
    0xaf, 0x84, 0x50, 0x22, 0xb3, 0x86, 0x61, 0x80,
    0x24, 0xdd, 0x7, 0x64, 0x3, 0xff, 0x90, 0x40,
    0x40, 0x1f, 0xfc, 0x18, 0x40, 0xf, 0xc4, 0xa0,
    0x1, 0xa5, 0x90, 0xf, 0xd1, 0x2c, 0xc, 0x3a,
    0x40, 0x1f, 0x0,

    /* U+632F "振" */
    0x0, 0xf, 0x80, 0x1f, 0xff, 0xee, 0x0, 0xfc,
    0x7f, 0xfe, 0xe0, 0x2, 0xb8, 0x2a, 0x3, 0x80,
    0x7e, 0x18, 0xb0, 0x8d, 0x0, 0x37, 0xff, 0x70,
    0xe, 0xe0, 0x6c, 0xf8, 0x37, 0x77, 0x78, 0x7,
    0xc2, 0x0, 0x11, 0xf0, 0x7, 0x2a, 0x8d, 0x3f,
    0xfe, 0x31, 0x6a, 0x8, 0x31, 0x6b, 0x2f, 0x3a,
    0xfc, 0x33, 0x51, 0x86, 0xb3, 0xf8, 0x8, 0x26,
    0x3f, 0x81, 0x64, 0x80, 0x44, 0x40, 0xb, 0x1a,
    0xf0, 0x3, 0xc4, 0x2a, 0x1, 0x20, 0xc8, 0x7,
    0xd4, 0x62, 0x1, 0xb, 0xd8, 0x4, 0x2a, 0x2,
    0xf4, 0xbc, 0x7d, 0xfe, 0x2d, 0x20, 0xbb, 0x29,
    0xab, 0x6, 0xdf, 0xf3, 0x63, 0x88,

    /* U+633F "挿" */
    0x0, 0xff, 0xe3, 0xf1, 0x84, 0xf7, 0x37, 0xed,
    0xd4, 0x40, 0x3e, 0x9e, 0xe6, 0x8c, 0x3a, 0x88,
    0x7, 0x38, 0x8, 0xe0, 0x71, 0x18, 0x7, 0xfc,
    0x37, 0x9d, 0xd8, 0x6f, 0xba, 0x71, 0xee, 0xd,
    0x6f, 0xfe, 0x1c, 0xff, 0x9c, 0x4, 0x40, 0xc2,
    0xff, 0xf0, 0xe7, 0xfb, 0x80, 0x39, 0xc8, 0x1b,
    0xfc, 0x37, 0xf8, 0x20, 0x11, 0x8d, 0x78, 0x19,
    0xc2, 0x46, 0xa0, 0x3, 0xed, 0x9, 0xc0, 0x4f,
    0xf0, 0x5f, 0xd8, 0x0, 0xf7, 0x85, 0x4, 0x1f,
    0x30, 0x3d, 0x9c, 0x1, 0x18, 0x7, 0x37, 0xf8,
    0x73, 0xf0, 0x3, 0xf0, 0xbf, 0xf8, 0x6f, 0xf1,
    0x40, 0x4, 0x41, 0x0, 0x34, 0x0, 0x4e, 0x7,
    0x40, 0xb, 0xd3, 0x20, 0xf, 0xf8,

    /* U+6346 "捆" */
    0x0, 0xf, 0x80, 0x33, 0xff, 0xf1, 0x0, 0x7d,
    0x5f, 0xeb, 0xdf, 0xf0, 0x80, 0x19, 0x80, 0xc8,
    0x1, 0xbd, 0x80, 0x30, 0xe6, 0x3, 0x70, 0x3,
    0xfc, 0x35, 0x40, 0xb8, 0x3, 0xee, 0x25, 0xf4,
    0x80, 0x7f, 0x1f, 0x60, 0x1f, 0x48, 0x7, 0xa2,
    0x0, 0x15, 0x1, 0x98, 0x2, 0x19, 0xf0, 0x2c,
    0x0, 0x95, 0x1e, 0x40, 0x31, 0xc0, 0x52, 0x0,
    0x26, 0x83, 0x5, 0x0, 0x3, 0x4e, 0x1, 0xb1,
    0x5c, 0x1, 0x30, 0x1, 0xfd, 0x9a, 0x1, 0x16,
    0x0, 0x7f, 0x84, 0x39, 0x80, 0x38, 0x94, 0x3,
    0x5e, 0xea, 0x3f, 0x74, 0x20, 0x8, 0xa6, 0x0,
    0xa7, 0xff, 0xc6, 0x0,

    /* U+6355 "捕" */
    0x0, 0xbc, 0x40, 0x3b, 0xca, 0x98, 0x3, 0xff,
    0x82, 0x31, 0xf6, 0x0, 0x33, 0x2, 0x1f, 0xfe,
    0xc, 0xd6, 0x44, 0x1e, 0x60, 0x2b, 0x7f, 0xf0,
    0x6f, 0xfc, 0x87, 0xfe, 0xd, 0xe1, 0x22, 0x81,
    0x88, 0xa0, 0xe, 0x30, 0x9d, 0xcc, 0x5, 0x66,
    0x40, 0x1c, 0xac, 0xd, 0xdc, 0xc, 0xed, 0x0,
    0xb, 0x58, 0x57, 0x83, 0x7f, 0x83, 0x7f, 0x0,
    0x9, 0x4, 0x1f, 0x20, 0xdd, 0xc0, 0xce, 0xb0,
    0x2, 0xf4, 0x80, 0x70, 0x88, 0x0, 0x20, 0x1f,
    0xe6, 0xff, 0x6, 0x7d, 0x80, 0x7f, 0x37, 0xf8,
    0x37, 0xf0, 0x2, 0x12, 0x0, 0xff, 0xe1, 0x56,
    0xa0, 0x80, 0x71, 0x1e, 0x61, 0x0,

    /* U+6357 "捗" */
    0x0, 0xf, 0x80, 0x44, 0x0, 0xe3, 0x0, 0xff,
    0xb0, 0x80, 0xa, 0x66, 0x20, 0x8, 0xc0, 0x3f,
    0x5f, 0xfa, 0x80, 0x73, 0xc3, 0x64, 0x3, 0xbb,
    0x31, 0x0, 0x39, 0x80, 0xdd, 0x60, 0xf6, 0xf,
    0x66, 0x4c, 0x1, 0xcb, 0x17, 0x10, 0xa, 0x88,
    0x90, 0x3, 0x33, 0x10, 0x81, 0x5, 0x51, 0xdc,
    0x40, 0xd4, 0x10, 0x21, 0x2c, 0x1, 0xa1, 0x0,
    0xe4, 0x43, 0x9a, 0x10, 0x80, 0x22, 0x46, 0x3,
    0xfb, 0x0, 0x2b, 0x50, 0x90, 0x8b, 0x94, 0x40,
    0x3c, 0x9a, 0x33, 0x89, 0x23, 0x40, 0x1f, 0x9,
    0x84, 0x6b, 0x3e, 0x0, 0x61, 0x50, 0x8, 0xdf,
    0x31, 0x5a, 0x20, 0x1a, 0xec, 0xa0, 0xe, 0xd9,
    0xe7, 0x0, 0xf5, 0x7d, 0x0, 0x36, 0x94, 0x40,
    0x3c,

    /* U+635F "损" */
    0x0, 0xf, 0x88, 0x3, 0xbf, 0xba, 0xff, 0x0,
    0x7f, 0xb3, 0xba, 0xc0, 0xc, 0x44, 0x2, 0x20,
    0x7, 0xf8, 0x77, 0x3, 0x30, 0x0, 0xec, 0xcb,
    0x80, 0x21, 0xfe, 0xe, 0xe0, 0x7e, 0x6e, 0xd9,
    0xc0, 0x1f, 0x97, 0xff, 0xe7, 0x0, 0xe3, 0x50,
    0x2e, 0xee, 0x4f, 0x0, 0x13, 0x6, 0xc8, 0x6,
    0xd2, 0x0, 0xc7, 0xb6, 0x1b, 0x80, 0x18, 0x80,
    0x38, 0xfb, 0x40, 0xc0, 0x30, 0x81, 0x80, 0x70,
    0x80, 0x61, 0x60, 0x93, 0x10, 0x2e, 0x0, 0xf9,
    0x29, 0xdd, 0xf1, 0x94, 0xc0, 0x2, 0x40, 0x0,
    0xbe, 0xce, 0x1c, 0x5e, 0xc0, 0x2, 0x69, 0x45,
    0x6e, 0xdc, 0x60, 0x7, 0xd5, 0x50, 0x5f, 0xd0,
    0x26, 0x30, 0x7, 0x16, 0xa8,

    /* U+6362 "换" */
    0x0, 0xff, 0xe3, 0x27, 0x0, 0x6d, 0x60, 0xf,
    0xfe, 0xb, 0x14, 0xff, 0xc8, 0x1, 0x8, 0x80,
    0x40, 0xe3, 0x7f, 0xce, 0x68, 0x0, 0x1e, 0xa1,
    0xea, 0xc7, 0x2, 0x57, 0x92, 0x0, 0xf, 0x50,
    0xf7, 0x8b, 0xf7, 0xd1, 0xc6, 0x80, 0x42, 0x20,
    0x15, 0x76, 0xc8, 0x2c, 0xe0, 0xf, 0x88, 0x40,
    0x3f, 0xe5, 0xe1, 0xc2, 0x0, 0x89, 0x80, 0x38,
    0xa0, 0x45, 0xd2, 0xcc, 0xd9, 0x4d, 0xd0, 0x68,
    0x96, 0xf8, 0x2, 0x33, 0x60, 0x42, 0xf7, 0x38,
    0x40, 0x38, 0x8c, 0xdc, 0xb3, 0x64, 0x66, 0x0,
    0xfd, 0x4d, 0x4c, 0x9a, 0x20, 0x11, 0x10, 0x0,
    0x9a, 0x38, 0x0, 0x96, 0xf6, 0x0, 0x44, 0xb1,
    0x4d, 0xd8, 0x40, 0x2a, 0x8a, 0x10, 0xaf, 0x82,
    0xd6, 0x0, 0xf3, 0x60, 0x80,

    /* U+636E "据" */
    0x0, 0xf, 0x80, 0x1f, 0xff, 0xf0, 0x7, 0xe4,
    0xff, 0xec, 0x0, 0x99, 0x80, 0xca, 0x1, 0xf0,
    0x80, 0x7, 0x70, 0x37, 0x1, 0x37, 0x7b, 0x0,
    0x3, 0x74, 0x17, 0x20, 0x7f, 0xe8, 0x2f, 0xcd,
    0x0, 0xfb, 0xdc, 0x88, 0xe0, 0x45, 0x0, 0x71,
    0xa8, 0xa7, 0xfb, 0x43, 0xfe, 0x50, 0x4b, 0xd,
    0xd1, 0xb7, 0x73, 0x3, 0xba, 0x52, 0xa0, 0x7,
    0x40, 0xf8, 0x8c, 0x2, 0x30, 0x17, 0x58, 0x4,
    0xe7, 0xfe, 0xd0, 0xff, 0x80, 0x3e, 0x37, 0xe,
    0xee, 0x0, 0xf9, 0x8, 0x80, 0x23, 0xc0, 0x11,
    0xa0, 0x3, 0x94, 0x0, 0x45, 0xc0, 0x15, 0x43,
    0x8b, 0xc0, 0x3, 0xff, 0x84, 0x0,

    /* U+6377 "捷" */
    0x0, 0xf, 0x80, 0x7b, 0xc4, 0x3, 0xfd, 0xff,
    0x83, 0xbf, 0xe8, 0x3, 0x50, 0x32, 0xff, 0xc1,
    0xdf, 0xf4, 0xe, 0xd0, 0x6c, 0xf, 0xfc, 0x1d,
    0xfe, 0xb0, 0x1e, 0xf0, 0xea, 0x1f, 0xf8, 0x3b,
    0xe9, 0xc0, 0x3c, 0x7f, 0xf8, 0x3b, 0xe8, 0xf4,
    0x3, 0x3a, 0x7f, 0xdc, 0x1d, 0xf4, 0x7a, 0x33,
    0xe1, 0xa6, 0x35, 0x50, 0x55, 0x24, 0x0, 0x65,
    0x1, 0x48, 0x7, 0xde, 0x1f, 0x3f, 0xe0, 0x2b,
    0x70, 0x9, 0x59, 0x10, 0xa, 0x67, 0x0, 0x7d,
    0xa2, 0x1, 0x77, 0x5a, 0x1, 0xf3, 0x8c, 0x0,
    0x3b, 0xad, 0x0, 0x8c, 0x1, 0x21, 0xab, 0x60,
    0x60, 0x1d, 0x7a, 0x64, 0xf4, 0x5b, 0x87, 0x9f,
    0xf5, 0x85, 0x76, 0x17, 0x20, 0x1, 0xf3, 0xbf,
    0xeb,

    /* U+6383 "掃" */
    0x0, 0xf, 0x80, 0xf, 0xbb, 0xde, 0x60, 0x1f,
    0x1f, 0x77, 0x84, 0x2, 0x22, 0x1, 0x8, 0x77,
    0x78, 0x40, 0x3, 0xb8, 0x1b, 0xa0, 0xee, 0xf0,
    0x80, 0x7, 0xf8, 0x3f, 0x17, 0x77, 0xc2, 0x1,
    0xf9, 0x3f, 0xfd, 0xa4, 0x1, 0xc4, 0xfd, 0xbb,
    0xf7, 0x20, 0xb5, 0x87, 0x70, 0xbf, 0xe0, 0xff,
    0x8c, 0xe, 0xb4, 0x32, 0x8f, 0x76, 0xd, 0xd8,
    0x80, 0xb1, 0x80, 0x7, 0x85, 0x9e, 0x1f, 0x83,
    0x48, 0x1, 0xf8, 0x48, 0x8, 0x5c, 0x3, 0xff,
    0x86, 0xe0, 0x10, 0xa8, 0x7, 0xe2, 0xe3, 0x60,
    0x5, 0xd9, 0x80, 0x5, 0xe0, 0x11, 0x77, 0x90,
    0x0,

    /* U+6392 "排" */
    0x0, 0xf, 0x80, 0x62, 0xe0, 0xd4, 0x0, 0xff,
    0xe4, 0x11, 0x0, 0x85, 0xe6, 0x0, 0x2f, 0x99,
    0x0, 0xee, 0x6, 0xd1, 0x71, 0x0, 0x45, 0xdc,
    0x1, 0xfe, 0xf, 0xb5, 0x7a, 0x0, 0xb5, 0xdc,
    0x1, 0xf0, 0x93, 0x0, 0x42, 0x44, 0x0, 0xe1,
    0x3b, 0xdb, 0x0, 0xab, 0x70, 0x0, 0x90, 0x1f,
    0x75, 0xf8, 0x60, 0xb, 0xfe, 0x2, 0x80, 0x7,
    0x40, 0x1, 0x84, 0x3, 0xc5, 0x90, 0x0, 0x48,
    0xda, 0x50, 0x5, 0xff, 0x94, 0x3, 0x8b, 0xfc,
    0x38, 0x0, 0x9d, 0xd2, 0x80, 0x73, 0x3a, 0x9a,
    0x80, 0x8, 0xa0, 0x0, 0xa8, 0x4, 0xf1, 0x20,
    0x1f, 0xae, 0xca, 0x5, 0x76, 0x40, 0xf, 0x80,

    /* U+63A2 "探" */
    0x0, 0xf, 0x80, 0x33, 0xff, 0xf1, 0x0, 0x7d,
    0x7d, 0xbf, 0x9d, 0xe2, 0x0, 0x22, 0x1, 0xb,
    0xb9, 0x38, 0x34, 0xc0, 0x80, 0x77, 0x3, 0x6a,
    0xcf, 0x54, 0x3, 0x69, 0xf, 0xf0, 0x7d, 0x82,
    0x3d, 0x0, 0x4, 0x21, 0x80, 0x3d, 0x76, 0x93,
    0x32, 0xe7, 0xba, 0x0, 0x66, 0x7f, 0xf3, 0x6,
    0x5f, 0xfb, 0x88, 0x16, 0x82, 0x1, 0x88, 0xa0,
    0x22, 0xc0, 0x56, 0x21, 0xcf, 0xbb, 0x83, 0x77,
    0x21, 0x75, 0x80, 0x5f, 0xec, 0x10, 0x1b, 0xff,
    0x20, 0x7, 0xc5, 0xb4, 0x1b, 0x46, 0x1, 0xf9,
    0xf2, 0xd0, 0xe, 0xf1, 0xc0, 0x2, 0xa0, 0xa,
    0xa6, 0xa8, 0x4, 0xb9, 0x4c, 0x17, 0x65, 0xb,
    0xd3, 0x0, 0xe3, 0xd6,

    /* U+63A5 "接" */
    0x0, 0xb8, 0xc0, 0x3b, 0xcc, 0x3, 0xfc, 0xce,
    0xf0, 0x53, 0xbc, 0x0, 0x22, 0x3, 0x9, 0xfc,
    0x8c, 0xfd, 0xe0, 0x80, 0xee, 0x86, 0xb5, 0x60,
    0x51, 0x98, 0x50, 0xc0, 0x3f, 0xe1, 0xcc, 0x0,
    0xd, 0x1, 0xc, 0xc0, 0x1f, 0x37, 0xf8, 0xe7,
    0xec, 0xbf, 0xd0, 0x1, 0x9d, 0x3b, 0xa0, 0xae,
    0xed, 0x0, 0x3, 0x1a, 0xc3, 0x33, 0x83, 0x99,
    0xe1, 0x3e, 0xc0, 0x98, 0xcc, 0x48, 0x66, 0x37,
    0x58, 0xc7, 0x5e, 0x28, 0xdd, 0x43, 0xfd, 0xc1,
    0xae, 0x70, 0x40, 0xe, 0x92, 0x40, 0x73, 0x50,
    0xf, 0xc3, 0x73, 0xfe, 0x8b, 0x0, 0xc4, 0x41,
    0x0, 0x11, 0xe2, 0xb4, 0x43, 0x10, 0x1, 0x7a,
    0x64, 0xfd, 0xff, 0x4b, 0xf5, 0xc0, 0x2, 0x7f,
    0x5, 0xf6, 0x98, 0x40, 0x27, 0xc0,

    /* U+63A7 "控" */
    0x0, 0xf, 0x80, 0x7b, 0xc0, 0x3f, 0xe8, 0x8a,
    0x42, 0x23, 0x10, 0x1a, 0x81, 0x93, 0xf0, 0x25,
    0x37, 0xeb, 0x8, 0xb6, 0x83, 0x60, 0x1b, 0x59,
    0x41, 0x15, 0x40, 0x3d, 0xe1, 0xd5, 0xe1, 0xe6,
    0x1, 0xbc, 0xc0, 0x3e, 0x44, 0x50, 0x1, 0xc6,
    0x48, 0x3, 0x23, 0x54, 0xe9, 0x3, 0xdf, 0x9,
    0xb, 0xd0, 0x71, 0xc6, 0x98, 0x2, 0x7f, 0xd8,
    0x0, 0xee, 0x5, 0x2a, 0xbf, 0xfe, 0x90, 0x19,
    0x40, 0x9, 0xb7, 0x58, 0x1b, 0xb4, 0x0, 0x7c,
    0x24, 0x43, 0x2, 0x28, 0x40, 0x3f, 0xf8, 0xc2,
    0xa0, 0x10, 0x8c, 0x40, 0x23, 0x80, 0x17, 0x65,
    0x8, 0xee, 0xb4, 0x3b, 0xb2, 0x80,

    /* U+63A8 "推" */
    0x0, 0xff, 0xe3, 0xf1, 0x80, 0x5c, 0x80, 0x5a,
    0x20, 0x1f, 0xca, 0x8, 0x16, 0xe2, 0x1, 0x11,
    0x1, 0x84, 0x25, 0x56, 0x62, 0x55, 0x0, 0xee,
    0x86, 0xb5, 0x4d, 0xfb, 0x80, 0x7d, 0xc1, 0x17,
    0xf8, 0x73, 0xac, 0x3e, 0xe8, 0x2e, 0xe1, 0x0,
    0xe8, 0x51, 0x61, 0x30, 0x21, 0x10, 0x7, 0x3f,
    0x50, 0x57, 0x68, 0x6f, 0x60, 0x0, 0x54, 0x6e,
    0x4, 0x33, 0xf8, 0x3f, 0xda, 0x7, 0xd2, 0x15,
    0x80, 0x1f, 0xe3, 0xec, 0x16, 0x0, 0xb3, 0xf8,
    0x3f, 0xda, 0x0, 0x10, 0xf, 0x57, 0x68, 0x6f,
    0x60, 0x7, 0xf3, 0x9, 0x81, 0x8, 0x80, 0x2,
    0x42, 0x1, 0xb7, 0xbc, 0x3b, 0xa7, 0x8, 0xd3,
    0x20, 0xa, 0x37, 0x59, 0xbb, 0x30, 0x4f, 0xe0,
    0x80, 0x39, 0x8c, 0xfc, 0x20,

    /* U+63CF "描" */
    0x0, 0x17, 0x0, 0x6e, 0x30, 0x7, 0x18, 0x7,
    0xff, 0x1c, 0x98, 0x48, 0x9f, 0xe1, 0xcf, 0xf0,
    0xe7, 0xa8, 0xed, 0x86, 0xc7, 0xf8, 0x73, 0xfc,
    0x39, 0xea, 0x3f, 0xa3, 0xf4, 0x1, 0xff, 0xc5,
    0x17, 0x1, 0x13, 0x80, 0x80, 0x78, 0x5b, 0x9b,
    0x3b, 0x8d, 0x9a, 0x0, 0x15, 0x1f, 0x90, 0x5f,
    0xf0, 0xef, 0xc8, 0x0, 0xfa, 0x83, 0x60, 0x3,
    0xfc, 0x7d, 0xe2, 0x40, 0x5, 0xff, 0xe, 0xfc,
    0x80, 0x42, 0x1, 0xc9, 0xdc, 0x1c, 0xe8, 0x0,
    0xfe, 0x11, 0x80, 0x46, 0x0, 0x89, 0xc0, 0x32,
    0xee, 0x87, 0x36, 0x0, 0x29, 0xb6, 0x0, 0x93,
    0xb9, 0x9b, 0xd2, 0xe0,

    /* U+63D0 "提" */
    0x0, 0x17, 0x80, 0xf, 0xfb, 0xbb, 0xcc, 0x3,
    0xf1, 0x77, 0x70, 0x80, 0x44, 0xc0, 0x42, 0x5,
    0x77, 0xc2, 0x0, 0x2d, 0xb0, 0xda, 0x1, 0x99,
    0xe1, 0x0, 0x17, 0xe8, 0x7d, 0x80, 0xdd, 0xf0,
    0x80, 0x7e, 0x3c, 0xaa, 0xec, 0x30, 0xe, 0x45,
    0xb8, 0x8f, 0xac, 0x41, 0xa4, 0x24, 0xff, 0xf2,
    0x77, 0xfc, 0x25, 0x62, 0x1a, 0xc9, 0x4a, 0x80,
    0x89, 0x80, 0xb6, 0x0, 0x24, 0x11, 0x0, 0x33,
    0x74, 0x80, 0x1f, 0x60, 0x10, 0x3, 0xbf, 0xc8,
    0x1, 0xf2, 0xaa, 0x44, 0x8, 0xa0, 0xc, 0x20,
    0x6, 0xa, 0x2c, 0x2, 0x11, 0x80, 0x19, 0x85,
    0x18, 0xe0, 0x9b, 0x3d, 0xee, 0x98, 0x37, 0xa8,
    0x78, 0xc0, 0xd, 0x9d, 0xff, 0x30,

    /* U+63D2 "插" */
    0x0, 0xf, 0x80, 0x4, 0x8d, 0x15, 0xe2, 0xd8,
    0x3, 0xeb, 0xf8, 0xea, 0xed, 0x96, 0x0, 0x22,
    0x1, 0xe, 0xb6, 0xe8, 0x6d, 0x48, 0x0, 0x31,
    0x21, 0x13, 0xff, 0x87, 0x7f, 0xe6, 0x1c, 0xd0,
    0xca, 0xee, 0xc1, 0x7d, 0xd3, 0x0, 0x78, 0x42,
    0x48, 0x5c, 0x3, 0xf2, 0x2d, 0xf9, 0x38, 0x37,
    0x74, 0x0, 0x5a, 0xa, 0x27, 0xaa, 0x20, 0x3f,
    0xf8, 0x0, 0x50, 0x41, 0xce, 0x1, 0xf0, 0x80,
    0xb, 0x60, 0x3, 0x5f, 0x90, 0x37, 0xf0, 0x7,
    0xf6, 0x79, 0x3, 0x7f, 0x80, 0x3f, 0xf8, 0xe2,
    0x40, 0x1b, 0x7b, 0x83, 0x9d, 0xc0, 0xa, 0xb1,
    0x0, 0x28, 0xcc, 0x6e, 0x63, 0x40, 0x2b, 0xfb,
    0x0, 0x63, 0x11, 0x71, 0xf8, 0x0,

    /* U+63DB "換" */
    0x0, 0xff, 0xe3, 0xf, 0x80, 0x6d, 0x50, 0xf,
    0xfe, 0xc, 0x15, 0x7f, 0xa0, 0x3, 0x22, 0x1,
    0xe, 0x1b, 0x7f, 0x46, 0x40, 0x21, 0xfe, 0xf,
    0x87, 0xf, 0xdd, 0xe, 0x6e, 0x0, 0xdd, 0x5,
    0xd9, 0x99, 0xe1, 0xc3, 0x9c, 0x40, 0x1f, 0xf,
    0xba, 0x8, 0x8, 0x80, 0x3c, 0xaa, 0xc, 0xbb,
    0x2, 0x6f, 0x80, 0x5, 0xf4, 0x38, 0x0, 0x7e,
    0x4b, 0x5b, 0xe0, 0x16, 0xd0, 0x5a, 0xdd, 0x84,
    0xa8, 0x0, 0x56, 0x3, 0x4e, 0x0, 0x6c, 0xc7,
    0xe8, 0x7f, 0xd5, 0x0, 0x1c, 0xdd, 0xd2, 0xa,
    0x77, 0x50, 0x1, 0xe1, 0x13, 0x2f, 0xbc, 0x88,
    0x80, 0x2, 0xa0, 0x12, 0xdc, 0xe0, 0xea, 0xeb,
    0x8, 0x5d, 0x94, 0x2a, 0x77, 0x88, 0x7, 0x6e,
    0x90, 0x2b, 0xe8, 0x2b, 0x18, 0x3, 0x9b, 0x14,

    /* U+63F4 "援" */
    0x0, 0xfc, 0x24, 0x6a, 0xf4, 0x60, 0x10, 0xf8,
    0x3, 0xb9, 0x9d, 0x1f, 0xec, 0x10, 0xf, 0xb1,
    0xb6, 0x4a, 0xa2, 0xc, 0x0, 0x57, 0x5, 0x42,
    0x71, 0x64, 0x5, 0x24, 0x1, 0xa9, 0xa, 0xf0,
    0x52, 0x22, 0x4, 0x48, 0x0, 0x7f, 0x83, 0xef,
    0x17, 0x39, 0xbc, 0xab, 0x80, 0x3e, 0xcf, 0x39,
    0xff, 0xdc, 0x1, 0xe3, 0xdd, 0x1c, 0x6e, 0xf3,
    0x0, 0x14, 0x33, 0xf3, 0xc3, 0x33, 0xcc, 0x5f,
    0x61, 0x18, 0x2e, 0x19, 0xff, 0x8c, 0xa, 0xf8,
    0x10, 0x1, 0xe1, 0x3d, 0xcb, 0x22, 0x0, 0x10,
    0x3, 0x12, 0xe5, 0x29, 0x5c, 0x0, 0x7e, 0xe7,
    0x3f, 0xbc, 0x94, 0x0, 0x85, 0x40, 0x6c, 0x29,
    0xb8, 0x16, 0x25, 0x4, 0x2e, 0xca, 0x43, 0x91,
    0x54, 0xeb, 0xc0, 0xa4, 0xa, 0xfa, 0x3a, 0xa,
    0xc6, 0x0, 0x1c, 0xf2, 0x80,

    /* U+640D "損" */
    0x0, 0xbc, 0x80, 0x1d, 0xde, 0xf3, 0x0, 0xfe,
    0xce, 0xec, 0x20, 0x1, 0x66, 0x2, 0xb0, 0x2,
    0xdd, 0xf0, 0x80, 0xb, 0x74, 0x17, 0xa1, 0x78,
    0x45, 0xa8, 0x80, 0xee, 0xc1, 0xd6, 0x73, 0x3f,
    0x80, 0x3e, 0x70, 0xdd, 0xe5, 0x20, 0xe, 0x49,
    0x23, 0xaa, 0xe4, 0x0, 0x13, 0xd8, 0x40, 0x19,
    0x4c, 0xf2, 0x0, 0x1e, 0xf0, 0x32, 0x44, 0xe2,
    0x39, 0x0, 0xb, 0x8e, 0x1, 0x8e, 0x67, 0x9c,
    0x3, 0xfc, 0x23, 0xc6, 0x1, 0xf9, 0xc7, 0x3a,
    0x7b, 0xcb, 0x40, 0x2, 0x40, 0x13, 0x1, 0xf5,
    0xf0, 0xa, 0x80, 0x2b, 0x50, 0xa2, 0x65, 0xa4,
    0x5, 0xba, 0xf1, 0xb, 0xfb, 0x8, 0xc5, 0x0,
    0xe7, 0xd1,

    /* U+641C "搜" */
    0x0, 0xbc, 0x40, 0x25, 0x3f, 0x10, 0xf, 0xf3,
    0xf6, 0x8, 0x2f, 0x7f, 0x0, 0xa2, 0x83, 0xa7,
    0xb4, 0x90, 0x2f, 0x68, 0x0, 0xff, 0x83, 0x78,
    0x1b, 0x8, 0xb, 0x3c, 0x0, 0x57, 0x60, 0xaa,
    0x3, 0xe9, 0x1, 0x6c, 0x80, 0x7f, 0x8, 0x80,
    0x6, 0x2e, 0x1, 0xe3, 0x40, 0x7f, 0xf0, 0x6f,
    0xe0, 0x0, 0x56, 0x3, 0x3a, 0x3f, 0xe0, 0xef,
    0xf7, 0x2, 0xc0, 0x3, 0x2b, 0x37, 0x60, 0xcd,
    0xd4, 0x2, 0x6c, 0x1, 0x87, 0x32, 0x7e, 0xfc,
    0x15, 0x80, 0x7c, 0x52, 0xc8, 0x43, 0x70, 0x60,
    0x1f, 0x8b, 0x23, 0x72, 0xdc, 0x2, 0x12, 0x0,
    0x9, 0xbf, 0x83, 0x4, 0x39, 0x80, 0x2b, 0x4c,
    0x63, 0xb6, 0x7a, 0xfa, 0xb3, 0xc, 0x17, 0xf8,
    0x13, 0xb4, 0xa0, 0x1, 0x7b, 0xf6,

    /* U+642D "搭" */
    0x0, 0xb8, 0xc0, 0x3, 0xe0, 0x17, 0x18, 0x7,
    0xc3, 0x10, 0x8, 0x88, 0x66, 0x10, 0x8, 0x80,
    0xc7, 0xbe, 0x1d, 0xba, 0x2, 0xd6, 0x1d, 0xd0,
    0xd7, 0x2b, 0x81, 0xf0, 0x8a, 0xd4, 0x87, 0xfc,
    0x39, 0x80, 0x1c, 0xa1, 0xba, 0x30, 0xf, 0xe1,
    0xe6, 0xa7, 0xa2, 0x0, 0xf5, 0x42, 0x7b, 0xc8,
    0x43, 0x6b, 0x0, 0xc6, 0x8a, 0xa5, 0x42, 0x7f,
    0xcf, 0x37, 0x20, 0x30, 0x3f, 0xde, 0xdd, 0xff,
    0x9b, 0x60, 0x65, 0x40, 0x4, 0x3f, 0xff, 0x18,
    0x80, 0x7e, 0xdf, 0xfc, 0x20, 0x1f, 0xe3, 0x0,
    0xc6, 0x1, 0x11, 0x4, 0x3, 0x29, 0x16, 0x30,
    0xa, 0xf4, 0xc8, 0x2, 0x9e, 0xec, 0x1, 0xa7,
    0xf0, 0x40, 0x1f, 0xb9, 0x9b, 0x8c, 0x0,

    /* U+643A "携" */
    0x0, 0xff, 0xe3, 0xf, 0x80, 0x4d, 0x60, 0xa,
    0x60, 0xf, 0xf4, 0x3, 0xb9, 0x79, 0xdc, 0x20,
    0x44, 0x2, 0x25, 0x8f, 0x17, 0x8e, 0x91, 0x4,
    0x59, 0xa1, 0x98, 0x60, 0x99, 0x28, 0xcc, 0xb4,
    0x7, 0xbc, 0x3b, 0x98, 0x19, 0x89, 0x2c, 0xc4,
    0x0, 0x7c, 0x21, 0x98, 0x92, 0xcc, 0x40, 0x7,
    0x12, 0x80, 0x33, 0x12, 0x59, 0x88, 0x0, 0x1c,
    0x86, 0xe0, 0xf, 0x72, 0x8f, 0xba, 0x43, 0xd3,
    0xf, 0x94, 0xaa, 0xed, 0xee, 0x21, 0xf5, 0x0,
    0x5d, 0xca, 0x9e, 0x88, 0x0, 0x7f, 0x55, 0x6,
    0x29, 0x11, 0xde, 0xa0, 0x1f, 0x38, 0xa8, 0x76,
    0xf1, 0x8, 0x9, 0x0, 0x51, 0xa, 0x0, 0x31,
    0x14, 0xa1, 0x78, 0xa0, 0xe9, 0x88, 0x0, 0x5f,
    0xc7, 0x10, 0xaf, 0xa0, 0x7c, 0x30, 0x9, 0x7f,
    0xa0, 0x0,

    /* U+6444 "摄" */
    0x0, 0x1e, 0x85, 0xff, 0xbb, 0xb7, 0xfb, 0x84,
    0x3, 0xad, 0xa3, 0xbb, 0x4a, 0x70, 0x84, 0x49,
    0x41, 0x84, 0xe6, 0x6b, 0x0, 0xc2, 0x0, 0x10,
    0x4, 0xe6, 0x6b, 0x0, 0xd3, 0x22, 0x93, 0xa,
    0xbb, 0xe0, 0xf, 0xf5, 0x5d, 0xd5, 0x47, 0x31,
    0x0, 0x8e, 0x69, 0xa3, 0xba, 0xca, 0x29, 0x31,
    0xbc, 0x1c, 0xbe, 0xfe, 0xe7, 0xe7, 0xed, 0x90,
    0x8a, 0x9, 0x77, 0xbf, 0xd7, 0xdf, 0x98, 0xd0,
    0x5, 0x20, 0x2, 0x7f, 0x86, 0x5e, 0x39, 0x68,
    0x3, 0xc5, 0xb4, 0xe5, 0x36, 0xce, 0xc0, 0x1e,
    0x75, 0x41, 0x1, 0x49, 0xe0, 0x8, 0x58, 0x1,
    0xb, 0xa4, 0x92, 0x8d, 0xac, 0x0, 0xba, 0x56,
    0x3c, 0x2a, 0x91, 0xd9, 0xab, 0x30, 0xaf, 0x86,
    0xb1, 0x0, 0x6c, 0x0, 0x13, 0x4c,

    /* U+6458 "摘" */
    0x0, 0xf, 0x80, 0x7b, 0xc4, 0x3, 0xf8, 0xff,
    0xf0, 0x77, 0xfc, 0xa0, 0x88, 0x4, 0xe, 0xa2,
    0xee, 0x8e, 0x39, 0x46, 0x20, 0x11, 0x42, 0xa4,
    0x2, 0x6, 0xc2, 0x3, 0x98, 0xc, 0x9e, 0xf0,
    0xef, 0xe0, 0xef, 0x20, 0xf, 0xe, 0x7f, 0x87,
    0xbf, 0xc0, 0x1e, 0x24, 0x0, 0x19, 0x85, 0x4c,
    0x3, 0x1c, 0x86, 0xe8, 0x1e, 0x20, 0x1f, 0x4,
    0x0, 0x2e, 0x20, 0xe9, 0x6, 0xbb, 0xd, 0xd8,
    0x80, 0x5, 0xb6, 0x2, 0x1, 0x57, 0x1e, 0xe8,
    0x3, 0xff, 0x81, 0xba, 0xc0, 0xf, 0xfe, 0xf,
    0xd5, 0x0, 0x3c, 0x40, 0x1c, 0x73, 0x13, 0xc2,
    0x1, 0x5e, 0x20, 0x6, 0x95, 0x22, 0x4f, 0x19,
    0x5, 0xfd, 0x80, 0x3c, 0x80, 0x35, 0x7e, 0x0,

    /* U+6469 "摩" */
    0x0, 0xf8, 0x7c, 0x80, 0x3e, 0x1f, 0xdd, 0xd8,
    0x5f, 0xbb, 0xc6, 0x1, 0x6e, 0xc7, 0xbb, 0xa5,
    0xf7, 0x46, 0x1, 0x2e, 0xf0, 0xee, 0xa3, 0x69,
    0x7b, 0x44, 0x2, 0x5d, 0x20, 0xad, 0x8e, 0x0,
    0x3e, 0x88, 0x4, 0x79, 0x42, 0x2b, 0x6e, 0x85,
    0xb, 0x10, 0x9, 0xfd, 0x89, 0xac, 0xf1, 0x4e,
    0x74, 0x0, 0x60, 0x8f, 0xb, 0x54, 0x9c, 0xf2,
    0x56, 0x10, 0x11, 0x3, 0x5d, 0x46, 0x16, 0xe5,
    0xa8, 0x4, 0xe4, 0x1d, 0xd7, 0xc0, 0xee, 0xe7,
    0x0, 0x1b, 0x6, 0x6e, 0xd4, 0x3b, 0xb9, 0xc0,
    0x19, 0x8a, 0xdd, 0xd4, 0x3b, 0xbc, 0x84, 0x8f,
    0x5b, 0xba, 0xc7, 0x77, 0x90, 0x58, 0x40, 0x2b,
    0xeb, 0x70, 0xf, 0x1c, 0x80, 0x6b, 0xee, 0x48,
    0x7, 0x80,

    /* U+6478 "摸" */
    0x0, 0x1e, 0x80, 0x6e, 0x30, 0x3e, 0x0, 0xfc,
    0x55, 0x41, 0x8a, 0xf1, 0xaa, 0x10, 0x7, 0x1f,
    0xf8, 0x33, 0xd0, 0x3f, 0xc6, 0xf, 0x46, 0xea,
    0x72, 0x13, 0x26, 0x9, 0x11, 0x3, 0xd1, 0xba,
    0x72, 0xf7, 0xef, 0xf0, 0x88, 0x3, 0xf3, 0xee,
    0xf1, 0x0, 0x79, 0x14, 0x1f, 0x77, 0x88, 0x2,
    0x58, 0x2a, 0x30, 0x7a, 0xae, 0x20, 0x0, 0xd3,
    0x97, 0x34, 0xe4, 0xe2, 0xcc, 0xb5, 0x40, 0x7b,
    0xc0, 0x31, 0x9b, 0xc8, 0xce, 0x10, 0x0, 0x80,
    0x51, 0xdd, 0x39, 0xf7, 0x63, 0x0, 0xe8, 0xff,
    0x50, 0x50, 0xdf, 0xf8, 0xc0, 0x58, 0x2, 0x4a,
    0xa5, 0xad, 0x5c, 0x98, 0x3, 0x2e, 0x82, 0xe4,
    0xb9, 0x1, 0x38, 0x74, 0xc3, 0x79, 0xc2, 0xf6,
    0x4, 0x2, 0x18, 0xe3,

    /* U+64A4 "撤" */
    0x0, 0xff, 0xe3, 0x3c, 0x80, 0x5c, 0x40, 0x9,
    0x60, 0xf, 0x89, 0x98, 0x34, 0xc4, 0xa4, 0x1,
    0x8b, 0xcd, 0x86, 0xd7, 0xc4, 0x46, 0x48, 0x82,
    0x5d, 0x75, 0xa7, 0x3b, 0x1, 0x70, 0xd9, 0xa6,
    0x5f, 0x86, 0xcc, 0xe, 0x4c, 0xbc, 0xee, 0x9d,
    0x0, 0x31, 0x46, 0x63, 0xa9, 0x8, 0x3b, 0xc0,
    0x32, 0xe6, 0x3b, 0x37, 0x99, 0x45, 0x48, 0x13,
    0x20, 0x68, 0x57, 0x20, 0x27, 0x1c, 0xd4, 0x1e,
    0xdd, 0x18, 0x56, 0xe4, 0x0, 0x90, 0x42, 0x6,
    0xfe, 0x1, 0x24, 0x50, 0x0, 0xc5, 0x40, 0x3f,
    0x9, 0x98, 0x0, 0x22, 0xe0, 0xf, 0xcd, 0xb0,
    0x0, 0xb0, 0x81, 0x0, 0xbc, 0x2, 0x9c, 0x90,
    0x84, 0xc4, 0xd1, 0xf, 0x6c, 0x0, 0x9e, 0xc9,
    0x74, 0xa9, 0x94, 0x3f, 0x94, 0x21, 0xdd, 0xf3,
    0xa6, 0x0, 0xa4,

    /* U+64AD "播" */
    0x0, 0xff, 0xe3, 0xf, 0x80, 0x33, 0x75, 0x9f,
    0x2c, 0x80, 0x1f, 0xb1, 0xff, 0x2, 0x56, 0x40,
    0x24, 0x40, 0x21, 0x80, 0x28, 0x2, 0xaa, 0x0,
    0x6, 0xe8, 0x2e, 0x3, 0xc8, 0x40, 0x5d, 0x40,
    0x3, 0xd8, 0x1d, 0xfe, 0xa5, 0xe0, 0xe1, 0xdf,
    0x20, 0x12, 0x1, 0x4f, 0xf3, 0x18, 0x23, 0x7f,
    0x88, 0x3, 0x22, 0x8d, 0xae, 0x85, 0x15, 0x88,
    0x1, 0x2c, 0x26, 0x38, 0xf0, 0x4c, 0x6c, 0xf9,
    0xe, 0x8c, 0x37, 0xa1, 0xbb, 0x85, 0xdc, 0x68,
    0x43, 0xe8, 0x0, 0x19, 0x8b, 0xb8, 0x3d, 0xc2,
    0x30, 0xf, 0xc7, 0xba, 0xd, 0xd1, 0x80, 0x7f,
    0x1e, 0xe0, 0x6e, 0x8c, 0x2, 0x12, 0x0, 0xe2,
    0x20, 0x11, 0x4, 0x2, 0xac, 0x50, 0x8, 0xfb,
    0xcf, 0xb8, 0x60, 0x15, 0xfd, 0x0, 0x13, 0xf3,
    0x3b, 0x90, 0x0,

    /* U+64AE "撮" */
    0x0, 0x3c, 0x80, 0x23, 0xf7, 0x7b, 0xc8, 0x3,
    0xf3, 0x6e, 0xf0, 0x4, 0x27, 0xc4, 0x60, 0x7,
    0xcc, 0xe0, 0x9, 0xf5, 0x93, 0x44, 0x1f, 0x33,
    0x80, 0x26, 0xe8, 0x6e, 0x1f, 0x4d, 0xde, 0x23,
    0x0, 0xf9, 0xf7, 0x7e, 0x10, 0xe, 0x3e, 0xfe,
    0xe7, 0xf7, 0x72, 0xa, 0xdb, 0x76, 0x7, 0x70,
    0x3f, 0x32, 0xf4, 0x98, 0x5, 0xd2, 0xd, 0xe0,
    0x9e, 0xe6, 0x58, 0x46, 0xd9, 0x80, 0x5b, 0xc1,
    0x41, 0x89, 0x80, 0x1f, 0xb7, 0x40, 0x4c, 0xc4,
    0x70, 0xf, 0xd9, 0x20, 0x8, 0x96, 0x10, 0x0,
    0xf0, 0x16, 0x8d, 0x68, 0x1f, 0x23, 0x30, 0x7,
    0x9f, 0xb, 0x7a, 0xe4, 0x26, 0xaf, 0x28, 0x87,
    0xf9, 0x40, 0x3b, 0xe9, 0x80, 0xb0, 0x80,

    /* U+64CD "操" */
    0x0, 0x1f, 0x0, 0x45, 0xfd, 0xd7, 0xd0, 0x7,
    0xf8, 0xbb, 0xa9, 0x0, 0xcd, 0x62, 0xc4, 0x0,
    0x36, 0x6b, 0x0, 0x36, 0x20, 0x63, 0x1, 0xc8,
    0x8d, 0xbe, 0x1, 0x57, 0x8d, 0x24, 0xed, 0xd9,
    0x36, 0xe7, 0xc, 0x3, 0xcb, 0xfa, 0x0, 0x7f,
    0xd7, 0x70, 0x6, 0x43, 0x1, 0x13, 0x80, 0x8,
    0x40, 0x25, 0x91, 0x87, 0xc, 0xe4, 0x53, 0xfe,
    0x40, 0x4, 0x18, 0xe2, 0x67, 0x73, 0xee, 0xbb,
    0x9e, 0x81, 0xb4, 0x0, 0x1f, 0xfc, 0x57, 0xff,
    0x50, 0x7, 0xf, 0xfa, 0x84, 0x5, 0xbb, 0xe8,
    0x3, 0xe8, 0xba, 0x2b, 0x5b, 0x10, 0x9, 0xc0,
    0x63, 0xcf, 0x10, 0x7, 0x3, 0x9c, 0x1e, 0xdc,
    0x45, 0x96, 0x40, 0x1a, 0xb1, 0x1, 0xfe, 0x42,
    0x4c, 0x2, 0xd4, 0x0, 0x19, 0x80,

    /* U+64E6 "擦" */
    0x0, 0xff, 0xe3, 0x3c, 0x80, 0x73, 0x58, 0x7,
    0xfa, 0x7f, 0xe9, 0x4f, 0xfc, 0x2, 0x7c, 0x46,
    0x11, 0x3f, 0xed, 0xef, 0xe0, 0x2, 0x42, 0x2c,
    0x50, 0x4e, 0x62, 0xae, 0xd4, 0x60, 0xb7, 0x4f,
    0x65, 0x4d, 0xc3, 0x2b, 0x25, 0x60, 0x1c, 0x38,
    0xbd, 0x94, 0x2b, 0x28, 0xe0, 0x18, 0xda, 0x8f,
    0x4d, 0xc2, 0xd6, 0xc0, 0x2, 0xb6, 0xb4, 0x86,
    0x8d, 0xdc, 0xf7, 0x84, 0x9, 0xe0, 0x5d, 0xf2,
    0xfb, 0xee, 0xa7, 0x20, 0xa2, 0xec, 0x61, 0x8d,
    0x9b, 0xbd, 0xfe, 0x20, 0xf, 0x6f, 0x64, 0x6,
    0x76, 0x18, 0x7, 0xc9, 0xc2, 0x20, 0x1b, 0xa0,
    0x8, 0x78, 0x0, 0xb7, 0xc0, 0x1a, 0x6, 0x40,
    0x79, 0xf0, 0x1b, 0xe, 0xa8, 0x80, 0xb, 0xd0,

    /* U+652F "支" */
    0x0, 0xfb, 0x18, 0x3, 0xff, 0x99, 0xdf, 0xfc,
    0x73, 0xff, 0xd2, 0x0, 0xcd, 0xde, 0x27, 0xdd,
    0xe8, 0x0, 0x11, 0x78, 0x78, 0x8b, 0x84, 0x2,
    0x33, 0xe1, 0xe3, 0x38, 0x80, 0x31, 0x66, 0x71,
    0x3e, 0x66, 0x0, 0xc5, 0xf4, 0x5f, 0xfd, 0xc3,
    0x0, 0x1e, 0x50, 0x90, 0xd, 0x66, 0xc0, 0x1f,
    0x73, 0x38, 0x2, 0x53, 0xc0, 0x3f, 0x1e, 0x44,
    0xe2, 0x61, 0x0, 0x7f, 0xa, 0x31, 0xd1, 0x0,
    0x7c, 0x6d, 0x9a, 0x17, 0x13, 0xd2, 0x82, 0x0,
    0x4f, 0xca, 0x4d, 0xb4, 0x7e, 0x82, 0xbe, 0xd0,
    0x4b, 0xfc, 0x82, 0x0, 0xcd, 0x7f, 0x9c, 0x0,

    /* U+6536 "收" */
    0x0, 0xff, 0xe4, 0xf9, 0x80, 0x39, 0x0, 0x3c,
    0x28, 0x1, 0xc8, 0x28, 0x1, 0xe2, 0xa0, 0xe,
    0xd2, 0x33, 0xe2, 0x0, 0xfc, 0xe7, 0xbb, 0x66,
    0x14, 0x3, 0xe7, 0x19, 0xee, 0x8a, 0x5c, 0x3,
    0xcd, 0x7, 0x80, 0x2, 0x23, 0x80, 0x7d, 0x29,
    0xc8, 0x20, 0xa6, 0x20, 0x1f, 0x45, 0x11, 0xb0,
    0x4d, 0x0, 0x78, 0x41, 0xc4, 0x26, 0x4e, 0x6c,
    0x1, 0x20, 0xef, 0x0, 0x65, 0x28, 0x90, 0x8,
    0x65, 0xa7, 0xc0, 0x31, 0x8, 0x8, 0x4, 0x3d,
    0x28, 0x1, 0x8f, 0x1e, 0x69, 0x40, 0x3f, 0x34,
    0xe3, 0x53, 0x4d, 0x50, 0x40, 0x3d, 0xab, 0x90,
    0x0, 0x6c, 0x64, 0x0, 0xef, 0x8c, 0x30, 0xc,
    0x78, 0xa0,

    /* U+6539 "改" */
    0x0, 0xfc, 0x40, 0x1f, 0xfc, 0x13, 0xd1, 0x0,
    0xeb, 0xcc, 0xc8, 0x16, 0x42, 0x1, 0xdf, 0x11,
    0x10, 0x1, 0x59, 0x13, 0x81, 0x13, 0x18, 0x21,
    0x34, 0xca, 0xae, 0x44, 0x3, 0x86, 0x43, 0xb7,
    0x4c, 0x9a, 0x3b, 0xff, 0x14, 0x92, 0x20, 0x0,
    0x98, 0x0, 0x3a, 0xdd, 0x13, 0xc7, 0xd8, 0x0,
    0xd0, 0x2, 0x62, 0x26, 0xdb, 0xa1, 0x99, 0x84,
    0xc0, 0x3f, 0xcd, 0x37, 0x0, 0x1f, 0x1c, 0x80,
    0x2d, 0x4d, 0x80, 0x33, 0x0, 0x11, 0x40, 0xc,
    0x6, 0x20, 0x13, 0xd7, 0xfa, 0x28, 0x16, 0xe0,
    0x34, 0x2, 0x9f, 0xee, 0x7a, 0xdd, 0x51, 0xf0,
    0x75, 0x0, 0x21, 0x11, 0xe0, 0xea, 0x80, 0xe2,
    0x58, 0x80, 0x63, 0xda, 0x20, 0x8, 0x67, 0x84,

    /* U+653E "放" */
    0x0, 0xff, 0xe3, 0x9f, 0x0, 0x65, 0xd0, 0xf,
    0xfe, 0x17, 0xb8, 0x7, 0xc, 0xca, 0x6, 0x65,
    0x0, 0x86, 0x7c, 0x21, 0xc6, 0xb1, 0xdc, 0xf3,
    0x17, 0xdd, 0x66, 0xa0, 0xbf, 0x1b, 0xbe, 0xa0,
    0xee, 0x78, 0x7a, 0x80, 0x45, 0x99, 0x2b, 0xa,
    0x2, 0x10, 0x80, 0x61, 0x88, 0x1f, 0xac, 0xe8,
    0x62, 0x0, 0x61, 0x24, 0x40, 0x45, 0x2b, 0x8b,
    0x50, 0x6, 0x37, 0x0, 0x8c, 0x8, 0x9a, 0x66,
    0x0, 0xde, 0x40, 0x1e, 0xa3, 0x80, 0xe, 0x4c,
    0x1, 0x1, 0x0, 0x50, 0x70, 0x6, 0x42, 0x50,
    0x20, 0x0, 0xd8, 0x62, 0xb8, 0x5, 0x30, 0x2,
    0x84, 0xde, 0xfa, 0x77, 0x16, 0x26, 0xce, 0x9d,
    0x15, 0x49, 0xc1, 0x4, 0xd7, 0x33, 0x58, 0x27,
    0xf9, 0xf1, 0xc0, 0x31, 0x61, 0x0,

    /* U+6545 "故" */
    0x0, 0x8b, 0xc0, 0x33, 0xd0, 0x7, 0xff, 0xa,
    0xf4, 0x3, 0xc2, 0x30, 0x8, 0xe3, 0x14, 0x4c,
    0x22, 0xee, 0x60, 0x77, 0x3d, 0x2, 0xe6, 0x57,
    0x48, 0x3f, 0xed, 0xf, 0xf7, 0x49, 0x6e, 0xb0,
    0x39, 0x40, 0x3e, 0x53, 0x21, 0x4, 0x30, 0x8,
    0x49, 0x80, 0x89, 0x70, 0x8e, 0x18, 0x80, 0x13,
    0xed, 0x86, 0xea, 0x1f, 0x68, 0x1f, 0x0, 0x32,
    0x7f, 0xc4, 0x40, 0x73, 0x92, 0x40, 0xf, 0xf8,
    0x59, 0x90, 0x1, 0xff, 0xc1, 0x20, 0x10, 0xe,
    0x4d, 0xd8, 0x80, 0x16, 0xf5, 0x43, 0x0, 0xc7,
    0xdd, 0x59, 0x73, 0x6a, 0xbe, 0x30, 0x0, 0xac,
    0xce, 0x79, 0x7d, 0x10, 0x88, 0x49, 0x82, 0x38,
    0x4, 0x7b, 0x20, 0x19, 0xf4, 0xc0,

    /* U+6548 "效" */
    0x0, 0xff, 0xe4, 0x5b, 0x80, 0x6c, 0x60, 0xf,
    0xfe, 0x11, 0xa8, 0x6, 0x1f, 0xf9, 0x23, 0xfd,
    0xc6, 0xe, 0x67, 0x10, 0xfe, 0xdf, 0xfa, 0xff,
    0x90, 0x27, 0xb3, 0x14, 0x0, 0x8e, 0x1, 0xa6,
    0xa, 0x5d, 0xd1, 0xcc, 0x2, 0x2c, 0x0, 0xec,
    0xa9, 0x20, 0x0, 0xd4, 0x1, 0x52, 0x40, 0x2b,
    0x50, 0xc0, 0x24, 0x6, 0x0, 0xd1, 0x80, 0x9d,
    0x55, 0x42, 0x3a, 0xa0, 0x4, 0x6a, 0xd2, 0xdc,
    0x10, 0x3d, 0x54, 0xe0, 0xc, 0x58, 0xe2, 0xa0,
    0x12, 0x19, 0x94, 0x3, 0x8c, 0x1, 0x20, 0x10,
    0x88, 0x80, 0x3d, 0xab, 0x8c, 0xa0, 0xd, 0x23,
    0x60, 0x8, 0x6c, 0x68, 0xe0, 0xcd, 0x81, 0x95,
    0x2a, 0x0, 0xd6, 0xc1, 0x7, 0x2c, 0x6d, 0x5,
    0x9a, 0x60, 0xfc, 0x10, 0x9, 0x2e, 0x84, 0x0,
    0xd8, 0xc0,

    /* U+654F "敏" */
    0x0, 0x8, 0x7, 0xc2, 0x1, 0xf4, 0x50, 0x7,
    0xb5, 0x80, 0x3c, 0xe4, 0x67, 0x88, 0xd, 0x40,
    0x39, 0x5, 0x3f, 0xf5, 0x20, 0x9, 0x14, 0x21,
    0x31, 0x99, 0xd1, 0x83, 0xdc, 0xcc, 0x39, 0x84,
    0x7f, 0xf0, 0x32, 0xe6, 0x16, 0x58, 0xf0, 0x3d,
    0xab, 0x45, 0x85, 0x0, 0xa, 0x80, 0x3, 0x20,
    0x31, 0x10, 0x6c, 0x89, 0x90, 0x98, 0x1e, 0x17,
    0x2d, 0x68, 0xb3, 0x12, 0xe9, 0x0, 0x7, 0x9,
    0xe5, 0xb6, 0x58, 0x1c, 0xcc, 0xe0, 0xc, 0x42,
    0x64, 0x2, 0x20, 0x40, 0x2, 0x80, 0x42, 0x20,
    0x11, 0x1b, 0x80, 0x4, 0xc, 0x3, 0x73, 0xf8,
    0x7c, 0xa6, 0xe, 0x10, 0x58, 0x5, 0x5d, 0xff,
    0x24, 0x57, 0x8e, 0xfa, 0xe1, 0x1, 0x88, 0x6f,
    0xba, 0xec, 0xe0, 0x97, 0xbb, 0x0,

    /* U+6557 "敗" */
    0x0, 0xfe, 0x64, 0x0, 0xf6, 0x7f, 0xee, 0x0,
    0x40, 0x80, 0x7d, 0x5f, 0xeb, 0x0, 0x18, 0xa0,
    0x7, 0xff, 0x5, 0x2, 0x26, 0x71, 0x0, 0x2b,
    0xb9, 0x60, 0xa, 0x31, 0x11, 0x30, 0x80, 0x55,
    0xdc, 0xb0, 0x52, 0x78, 0x86, 0x1c, 0x10, 0x7,
    0xd0, 0x68, 0x0, 0xc4, 0x0, 0xd5, 0xdc, 0xb1,
    0xd, 0x14, 0x5, 0xc0, 0xd, 0x5d, 0xcb, 0x1d,
    0x17, 0xe5, 0x14, 0x0, 0xff, 0xa9, 0x65, 0xc0,
    0x3a, 0xbf, 0xd6, 0x1, 0x19, 0xd4, 0x1, 0xb1,
    0xf3, 0x5f, 0x80, 0x2, 0x40, 0xc0, 0x18, 0xdc,
    0x88, 0xae, 0x3, 0x84, 0xf6, 0x60, 0x17, 0x38,
    0x87, 0x43, 0x78, 0xec, 0x2e, 0x38, 0x30, 0xc0,
    0x0, 0xf6, 0x1b, 0x4, 0x2a, 0x24, 0x9b, 0x0,
    0x31, 0x74, 0x0, 0x67, 0xe2,

    /* U+6559 "教" */
    0x0, 0xff, 0xe3, 0xae, 0x0, 0x12, 0x43, 0x90,
    0x3, 0x9f, 0xe8, 0xff, 0x27, 0xc8, 0x54, 0x3,
    0x9f, 0xa4, 0xf9, 0x41, 0x90, 0x22, 0x66, 0x30,
    0x10, 0x8, 0x9a, 0xc7, 0x8, 0xcc, 0xca, 0x3,
    0xdc, 0x93, 0xc0, 0x9a, 0x57, 0xaa, 0x7, 0x98,
    0xff, 0xc8, 0x7f, 0xe2, 0x14, 0x3, 0x3, 0x0,
    0xaf, 0xd0, 0xfa, 0xdb, 0x40, 0x90, 0xc0, 0x3,
    0xa, 0xfc, 0xeb, 0x5c, 0x6e, 0xb7, 0x60, 0x8,
    0xb2, 0x28, 0xac, 0x44, 0x1b, 0x26, 0xe0, 0x1,
    0xf4, 0x85, 0x7d, 0xeb, 0x4, 0x16, 0x0, 0x86,
    0x70, 0x4d, 0x3b, 0x2c, 0x20, 0x1c, 0x40, 0x3,
    0x95, 0x2d, 0xe6, 0x40, 0xcf, 0x65, 0x40, 0x1e,
    0x70, 0x1, 0x5c, 0xd2, 0x72, 0xe0, 0x80, 0x1f,
    0xc5, 0x0, 0x5f, 0x54, 0xb, 0x0, 0xc0, 0xf,
    0xfa, 0x40, 0x78, 0x40, 0x11, 0x61, 0x0,

    /* U+6570 "数" */
    0x0, 0xff, 0xe2, 0x92, 0x86, 0x28, 0x48, 0x3,
    0x54, 0x3, 0x8e, 0xc8, 0x1, 0x6, 0x2, 0x4e,
    0x1, 0xca, 0x8a, 0x3a, 0x7e, 0x48, 0xc, 0x89,
    0x10, 0x78, 0xd9, 0x28, 0x72, 0xe0, 0xcc, 0xae,
    0x94, 0x2e, 0xc0, 0x2, 0xcb, 0x77, 0x26, 0xe8,
    0xe5, 0xc0, 0x6d, 0x8e, 0x73, 0xc, 0x28, 0x0,
    0x34, 0x1, 0xf2, 0xa0, 0x3b, 0xa8, 0x80, 0x91,
    0x81, 0x80, 0xe4, 0xb0, 0x38, 0x3b, 0x3a, 0xd5,
    0x10, 0x0, 0x59, 0xd2, 0x79, 0xde, 0x41, 0xca,
    0xfe, 0x0, 0x2e, 0x75, 0xfc, 0x1c, 0xa0, 0x43,
    0x32, 0x0, 0x44, 0xc6, 0x34, 0x44, 0x0, 0x18,
    0x98, 0x80, 0x43, 0x1, 0xcf, 0x0, 0x2, 0xd6,
    0x3a, 0x0, 0x8d, 0x40, 0x52, 0xd9, 0xf5, 0xe7,
    0xd2, 0xc4, 0x37, 0x3, 0xee, 0xdb, 0x13, 0x20,
    0x2c, 0x67, 0xc, 0xe9, 0x10, 0x5b, 0xe6, 0x0,
    0x8f, 0x58,

    /* U+6574 "整" */
    0x0, 0xff, 0x8, 0x7, 0xb7, 0xb9, 0xfd, 0xd2,
    0x8f, 0xa9, 0x9c, 0x21, 0xbd, 0xc3, 0xde, 0xe2,
    0xb0, 0xd6, 0x64, 0xe0, 0xb9, 0x83, 0xec, 0xc1,
    0xc2, 0xe5, 0x5, 0x38, 0x12, 0x61, 0xf6, 0x1f,
    0x3a, 0xf, 0xa2, 0x88, 0x1, 0xb0, 0xfb, 0x3,
    0x62, 0x1e, 0xb2, 0x1, 0x3f, 0x38, 0x2, 0x3c,
    0x0, 0x44, 0x32, 0x0, 0x86, 0xc4, 0xaa, 0x68,
    0x1e, 0xdc, 0x30, 0x80, 0x1e, 0x34, 0x29, 0x9b,
    0xaa, 0xb8, 0xc5, 0xd6, 0xd, 0x6c, 0x3d, 0xd5,
    0x90, 0xc6, 0x61, 0x65, 0x80, 0xff, 0xd9, 0xbe,
    0xc9, 0xff, 0xce, 0x1, 0x1b, 0x59, 0x98, 0x84,
    0x8b, 0x18, 0x80, 0x62, 0x20, 0x4, 0x9b, 0xb8,
    0x80, 0x3f, 0xc9, 0x99, 0x88, 0x0, 0x3f, 0xe8,
    0x5f, 0xf3, 0xaf, 0xff, 0x9c,

    /* U+6587 "文" */
    0x0, 0xfa, 0xa4, 0x3, 0xff, 0x96, 0x7d, 0xde,
    0x56, 0xee, 0xf1, 0x9b, 0x74, 0xa5, 0xba, 0xcc,
    0x6e, 0x8d, 0x77, 0x46, 0x6, 0x68, 0x31, 0x33,
    0xc0, 0x50, 0x66, 0x0, 0xc6, 0x6b, 0x0, 0xd2,
    0x86, 0x1, 0xf4, 0xb1, 0x0, 0xd, 0x7c, 0x3,
    0xf2, 0xab, 0xc0, 0x75, 0x90, 0x3, 0xfa, 0x82,
    0xe8, 0xa4, 0x3, 0xfe, 0x94, 0x47, 0x0, 0x7f,
    0xc9, 0x44, 0x3e, 0x80, 0x1f, 0x8a, 0xad, 0xf7,
    0xda, 0xe4, 0x80, 0x33, 0x66, 0xb6, 0x48, 0xd,
    0xcb, 0xee, 0x30, 0x8a, 0x17, 0x30, 0x60, 0x19,
    0xba, 0xda, 0xc0, 0x7a, 0x4c, 0x3, 0xf2, 0x56,
    0x88,

    /* U+6599 "料" */
    0x0, 0xff, 0xe3, 0xd3, 0x80, 0x80, 0x77, 0x18,
    0x5, 0xc0, 0x11, 0x78, 0x44, 0x0, 0x3e, 0x44,
    0x0, 0x11, 0xc2, 0x4b, 0x4, 0x3, 0xb7, 0x0,
    0x15, 0x60, 0x35, 0x41, 0x0, 0xe5, 0xb1, 0x9,
    0x20, 0x9, 0x80, 0x38, 0xf7, 0x12, 0x2b, 0xdb,
    0x94, 0x3, 0xc7, 0xf8, 0x9, 0xde, 0xd5, 0x6a,
    0x1, 0xf5, 0x2, 0x30, 0x1, 0x3d, 0x0, 0x3c,
    0x2e, 0x8f, 0x26, 0x0, 0x11, 0x10, 0xcd, 0x90,
    0x4b, 0xf, 0xdc, 0xb5, 0x6f, 0xe0, 0x3, 0x4c,
    0xcd, 0x20, 0x5, 0xae, 0xd9, 0xee, 0xc, 0xb0,
    0x8a, 0x4, 0x3, 0x43, 0xa0, 0x80, 0x71, 0x30,
    0x7, 0xff, 0x48,

    /* U+659C "斜" */
    0x0, 0x97, 0xe8, 0x3, 0xc9, 0xc0, 0x18, 0x6e,
    0x1b, 0x4, 0x26, 0x0, 0x3e, 0xa4, 0x7c, 0x7c,
    0x18, 0x4b, 0x0, 0xeb, 0x68, 0x11, 0x4a, 0x8,
    0xb0, 0xc4, 0x2, 0x86, 0x3d, 0xee, 0x6e, 0x0,
    0x84, 0x8, 0x5, 0x19, 0xde, 0x57, 0xea, 0x7c,
    0xc0, 0x1e, 0x32, 0x20, 0x11, 0x47, 0x70, 0xc0,
    0x18, 0xb7, 0x62, 0x9d, 0xd1, 0xa6, 0x80, 0x71,
    0x7f, 0x79, 0x5f, 0x79, 0x81, 0xb0, 0x89, 0xd0,
    0x13, 0x0, 0x2a, 0x64, 0x8b, 0xea, 0xe, 0x70,
    0xe5, 0x0, 0xa2, 0x6, 0x1d, 0x96, 0x32, 0x66,
    0x49, 0x0, 0x8c, 0x92, 0x14, 0x80, 0x31, 0x50,
    0x88, 0xc0, 0x18, 0x60, 0x1f, 0xa, 0x47, 0x1a,
    0x80, 0x7f, 0xf0, 0x23, 0xf4, 0x40, 0x3c, 0x9c,
    0x0,

    /* U+65AD "断" */
    0x0, 0xff, 0xe0, 0x8, 0x3, 0x8c, 0xc3, 0xc0,
    0xa0, 0x2, 0x6b, 0xe9, 0x0, 0xb8, 0x0, 0x30,
    0x5f, 0x9b, 0x9d, 0x20, 0x1, 0x65, 0x6, 0xa0,
    0x7, 0x5b, 0x88, 0x6, 0xe7, 0x1, 0x60, 0xf,
    0xe4, 0xf9, 0x1c, 0xb6, 0x0, 0xfc, 0x78, 0x0,
    0xcc, 0x38, 0x7f, 0xf2, 0x3, 0xb3, 0x0, 0xc,
    0x21, 0xfe, 0x1b, 0xf4, 0x0, 0x20, 0x2, 0x98,
    0x44, 0x0, 0x30, 0xc, 0xd5, 0x3, 0xba, 0x73,
    0x0, 0xfb, 0xd9, 0x40, 0x6c, 0xd8, 0x3, 0xef,
    0x80, 0xd, 0x78, 0x1, 0xf4, 0xe6, 0x7, 0x30,
    0x6a, 0x1, 0xf5, 0xc4, 0xdc, 0x2, 0x10, 0x7,
    0x99, 0xd1, 0x25, 0x1a, 0x0, 0xfa, 0x4, 0x2,
    0x1d, 0x10, 0xb, 0x50, 0x0,

    /* U+65B0 "新" */
    0x0, 0xff, 0xe4, 0x78, 0x80, 0x62, 0x5a, 0xfa,
    0x0, 0x7f, 0xc1, 0xdf, 0xe4, 0xfe, 0xcc, 0x75,
    0x0, 0x38, 0xfb, 0xf4, 0xf9, 0xcb, 0x25, 0x84,
    0x2, 0x10, 0x50, 0x47, 0x10, 0xf, 0xe1, 0x43,
    0x1f, 0xd1, 0x3, 0x0, 0xf1, 0xfb, 0x4f, 0x3c,
    0x7a, 0x8f, 0xff, 0x29, 0xf7, 0x41, 0xfd, 0xc5,
    0x1e, 0xe1, 0x4f, 0x28, 0x19, 0xc0, 0xa6, 0x67,
    0x31, 0x10, 0x10, 0x81, 0x77, 0x34, 0x27, 0xb8,
    0x62, 0x1, 0xe2, 0xdd, 0x10, 0x2e, 0xeb, 0xd4,
    0x3, 0xf4, 0xb8, 0x16, 0xa, 0x78, 0x7, 0xd4,
    0xb4, 0x16, 0x8c, 0x6e, 0x1, 0xe3, 0x1c, 0x10,
    0x4, 0x5b, 0x8, 0x7, 0x8e, 0xc0, 0x31, 0x8c,
    0x80, 0x7f, 0xde, 0x27, 0xa0, 0x1b, 0x50, 0x0,

    /* U+65B9 "方" */
    0x0, 0xfa, 0xa0, 0x3, 0xff, 0x96, 0x5d, 0xde,
    0x57, 0xee, 0xf1, 0x12, 0xab, 0x48, 0xd5, 0xd5,
    0x78, 0x81, 0x13, 0x10, 0x2a, 0x27, 0xc0, 0x1e,
    0x31, 0x0, 0xff, 0xe1, 0x78, 0xff, 0xf8, 0xc0,
    0x3e, 0x45, 0xdd, 0xd8, 0x2, 0x1, 0xe1, 0x2e,
    0x22, 0xc2, 0x6, 0x1, 0xe9, 0x14, 0x0, 0xc2,
    0x2, 0x1, 0xc4, 0xf0, 0x1, 0xca, 0x40, 0x1c,
    0x5e, 0x8c, 0x1, 0xde, 0xe0, 0x19, 0x70, 0x6c,
    0x0, 0x24, 0x26, 0xf8, 0x1, 0xc, 0x4e, 0x0,
    0x4b, 0xbd, 0x8a, 0xc0, 0x10, 0xeb, 0x80, 0x64,
    0xff, 0xac, 0x3, 0x0,

    /* U+65BD "施" */
    0x0, 0xff, 0xe3, 0xa7, 0x0, 0x43, 0xc4, 0x1,
    0xff, 0xc1, 0x70, 0x20, 0xf, 0x44, 0x38, 0x62,
    0xd, 0x43, 0xdd, 0xc6, 0x0, 0x34, 0x70, 0x5,
    0x96, 0x62, 0x37, 0x30, 0x61, 0x1a, 0x51, 0x11,
    0xb3, 0x94, 0x8, 0x94, 0x2, 0x12, 0xaa, 0x3f,
    0x86, 0x0, 0x3f, 0x28, 0x2, 0xf3, 0x21, 0xc1,
    0x4, 0xc1, 0x5c, 0x0, 0xc2, 0xb1, 0xa0, 0x8a,
    0x56, 0x12, 0x1, 0xc7, 0xc0, 0x1, 0xd1, 0x67,
    0x10, 0xf, 0x31, 0x0, 0x84, 0xa0, 0x4, 0x6c,
    0x20, 0x11, 0xa8, 0x79, 0x80, 0x73, 0xc5, 0x0,
    0x14, 0x84, 0x4, 0x40, 0x19, 0x53, 0x50, 0x42,
    0x28, 0x0, 0xbc, 0x0, 0x31, 0xb1, 0x14, 0x20,
    0x89, 0xeb, 0xc9, 0xc2, 0xd7, 0xbf, 0xdc, 0xca,
    0x38, 0x15, 0xfc, 0x20, 0x7d, 0xff, 0xb0, 0x0,

    /* U+65C1 "旁" */
    0x0, 0xfa, 0xa4, 0x3, 0xf5, 0x7f, 0xf2, 0xb7,
    0xff, 0x50, 0x2, 0xbf, 0xc7, 0x3f, 0xfa, 0x47,
    0xfd, 0x40, 0x1d, 0x74, 0x1, 0xd, 0xc8, 0x7,
    0x5f, 0xfa, 0xf, 0xfe, 0xe2, 0x8f, 0xf5, 0x0,
    0x53, 0xff, 0xaa, 0xff, 0xf4, 0x0, 0x5a, 0x40,
    0x1b, 0xf4, 0x3, 0x1e, 0x1, 0x4d, 0xff, 0xe5,
    0x6f, 0xfd, 0x72, 0x44, 0xee, 0xd0, 0x1b, 0xdd,
    0xf1, 0x0, 0x8e, 0xd2, 0x3, 0x3e, 0x11, 0x0,
    0x71, 0x29, 0xff, 0xec, 0xd0, 0xf, 0x17, 0x97,
    0x6e, 0xe9, 0x30, 0xc, 0x73, 0xa3, 0x80, 0x1d,
    0x6a, 0x1, 0xe, 0x95, 0x60, 0x80, 0x33, 0xfc,
    0x16, 0x1, 0xf, 0x5a, 0x80, 0x6c, 0xff, 0x61,
    0x0, 0x40,

    /* U+65CB "旋" */
    0x0, 0xff, 0xe3, 0xcc, 0x0, 0x49, 0xc0, 0x1f,
    0xfc, 0x2f, 0x25, 0x5e, 0x14, 0xff, 0x33, 0xff,
    0x95, 0x1b, 0xff, 0x89, 0x35, 0x55, 0xba, 0xba,
    0x8a, 0xaf, 0x18, 0x11, 0x91, 0x4c, 0xb9, 0x55,
    0xe1, 0x0, 0x9b, 0x30, 0xf5, 0xdf, 0xa9, 0xfa,
    0x82, 0x0, 0x37, 0x80, 0x30, 0x45, 0x43, 0x5f,
    0x60, 0x8, 0x71, 0x1c, 0x1, 0xe6, 0x1, 0x4c,
    0x80, 0x26, 0x10, 0xc, 0x22, 0x2, 0xdc, 0xd0,
    0x8, 0x94, 0x1c, 0xc4, 0x2, 0x1e, 0xe7, 0x80,
    0xc, 0x44, 0x2, 0x25, 0xa, 0x3, 0x3c, 0x0,
    0xb4, 0x0, 0x1b, 0xe1, 0xb2, 0x80, 0x71, 0x3c,
    0x89, 0x8, 0x34, 0x4c, 0x8c, 0xc2, 0x20, 0x66,
    0x1e, 0x6a, 0xb3, 0xa3, 0xc9, 0x67, 0x71, 0x52,
    0x43, 0x7e, 0x96, 0x40, 0xd, 0x9f, 0xf2, 0x80,

    /* U+65E0 "无" */
    0x0, 0x19, 0xff, 0xf0, 0x0, 0x22, 0xcc, 0xff,
    0xe0, 0x20, 0x0, 0xbf, 0xf8, 0xab, 0xff, 0x90,
    0x3, 0xf1, 0x88, 0x7, 0xff, 0x8, 0x5c, 0x3,
    0xe2, 0xdd, 0xf0, 0x6e, 0xfc, 0x44, 0x99, 0xea,
    0xa, 0x99, 0xf1, 0x2, 0x27, 0x1, 0xc1, 0x22,
    0x70, 0x7, 0xd6, 0x80, 0x1f, 0xfc, 0x14, 0x39,
    0x0, 0xff, 0xe0, 0xc, 0xb8, 0x80, 0x79, 0xc8,
    0x2, 0x3f, 0x68, 0x0, 0xfa, 0xdc, 0xe, 0xb1,
    0x2c, 0x2, 0xc3, 0x22, 0x21, 0xb0, 0xe3, 0x5d,
    0x0, 0x54, 0x99, 0xba, 0xb5, 0x31, 0xfc, 0x40,
    0xc, 0xdd, 0xff, 0xa8, 0x0,

    /* U+65E2 "既" */
    0x0, 0xff, 0xe2, 0x9f, 0xff, 0x27, 0xff, 0xc8,
    0x0, 0x1e, 0xe8, 0x1b, 0x3, 0xb9, 0x43, 0xc8,
    0x1, 0x8, 0xc0, 0x62, 0x2, 0x23, 0x21, 0x0,
    0x87, 0xfe, 0x0, 0xf7, 0x30, 0x6, 0x1e, 0xe8,
    0x3, 0xc9, 0xa0, 0x1f, 0x18, 0x2a, 0x2, 0x20,
    0xc1, 0x8, 0x0, 0x3d, 0xcd, 0xc, 0xb2, 0x9a,
    0xa, 0x9a, 0x0, 0xf, 0xfe, 0x8d, 0xd9, 0x7,
    0x75, 0x0, 0x18, 0xb8, 0x40, 0x21, 0x50, 0xf,
    0xc4, 0xf4, 0x1, 0x58, 0x80, 0x7c, 0x70, 0x89,
    0x3, 0x25, 0x0, 0x4, 0x68, 0x1c, 0x2b, 0x7f,
    0x69, 0xa7, 0x0, 0x16, 0x89, 0x5f, 0xd3, 0x50,
    0xcd, 0x20, 0x8, 0x95, 0x82, 0x50, 0x0, 0x38,
    0xda, 0xa0, 0x65, 0xd3, 0xe0, 0x1c, 0x3f, 0x84,
    0x1, 0x6f, 0xf9, 0x40,

    /* U+65E5 "日" */
    0x3, 0x3f, 0xf0, 0x96, 0x67, 0xf9, 0x40, 0x1f,
    0xff, 0x80, 0x3f, 0xfb, 0x9f, 0xff, 0x80, 0x35,
    0xe6, 0x7c, 0x1, 0x90, 0xcf, 0xe0, 0xf, 0xfe,
    0x81, 0x17, 0xe0, 0xd, 0xbb, 0xf8, 0x3, 0x77,
    0xff, 0xc2, 0x0,

    /* U+65E7 "旧" */
    0x2f, 0x10, 0x1, 0x17, 0xe0, 0xe, 0x4d, 0xdf,
    0xc6, 0x1, 0xc3, 0xff, 0xe0, 0xf, 0xff, 0x28,
    0xff, 0xf8, 0x3, 0xe1, 0xdd, 0xec, 0x0, 0xfc,
    0x45, 0xc6, 0x1, 0xff, 0xd8, 0x11, 0xe2, 0x0,
    0xf8, 0x7b, 0xbb, 0x40, 0x3e, 0x1f, 0xfe, 0xe2,
    0x10,

    /* U+65E9 "早" */
    0x0, 0x37, 0xff, 0xfa, 0x80, 0x38, 0xfb, 0xbf,
    0x30, 0x7, 0xc2, 0x3f, 0xc0, 0x1e, 0x3f, 0xff,
    0xce, 0x1, 0xe3, 0xee, 0xfc, 0xc0, 0x1f, 0x19,
    0xfe, 0x0, 0xf1, 0x9b, 0x77, 0xf3, 0x0, 0x72,
    0xff, 0xe8, 0x4f, 0xfd, 0x40, 0x1f, 0xfc, 0x61,
    0xee, 0xf4, 0x27, 0x77, 0x9c, 0x6a, 0xbc, 0xa7,
    0x55, 0xe5, 0x4, 0x4f, 0x6b, 0xa2, 0x78, 0x80,
    0x3f, 0xfa, 0x80,

    /* U+65F6 "时" */
    0x0, 0xff, 0xbc, 0xc0, 0x19, 0xbb, 0x84, 0x3,
    0xf8, 0xa7, 0x30, 0x40, 0x67, 0xc0, 0xa6, 0x0,
    0x71, 0x10, 0x2e, 0x67, 0x4, 0xe1, 0x0, 0x72,
    0xff, 0xf0, 0x67, 0x90, 0x22, 0x40, 0x2, 0x40,
    0xf, 0xd5, 0x10, 0x0, 0x35, 0x90, 0x7, 0xdd,
    0x98, 0x0, 0x23, 0xf8, 0x7, 0xff, 0x6, 0x2,
    0x0, 0x3f, 0xf8, 0x3d, 0x60, 0x1e, 0xcf, 0xf0,
    0x6, 0x33, 0x0, 0x7a, 0xbb, 0xa1, 0x0, 0xfe,
    0x67, 0x11, 0x80, 0x23, 0x32, 0x0, 0x80, 0x20,
    0x80, 0x3d, 0xb9, 0x4a, 0x40, 0x0,

    /* U+660E "明" */
    0xef, 0xfc, 0x65, 0xff, 0xed, 0xb, 0xee, 0x8,
    0x5, 0xdd, 0xa4, 0x0, 0xe2, 0x20, 0xc, 0x23,
    0x8c, 0x3, 0xff, 0x88, 0xc2, 0x20, 0xd, 0x99,
    0xa0, 0x1, 0x5d, 0xc1, 0x1, 0xa, 0xac, 0x80,
    0xc, 0xff, 0x8, 0x4, 0xcd, 0xb0, 0x3, 0xe7,
    0x10, 0xf, 0xfe, 0x1, 0x8f, 0x76, 0xb0, 0x6,
    0x7f, 0x84, 0x35, 0x73, 0x34, 0x0, 0x2f, 0xba,
    0x25, 0xf2, 0x2c, 0x61, 0xc8, 0x23, 0x41, 0x28,
    0x7, 0xf9, 0xda, 0x40, 0x22, 0x26, 0x80, 0x61,
    0x9a, 0x40, 0xb, 0x35, 0xa8, 0x2, 0x1e, 0x50,
    0xd, 0xdf, 0xce,

    /* U+6613 "易" */
    0x0, 0xbf, 0xff, 0xc8, 0x1, 0xdb, 0xff, 0xf0,
    0x80, 0x7f, 0xf2, 0x77, 0xff, 0xe1, 0x0, 0xf6,
    0xff, 0xfc, 0x20, 0x1e, 0xfc, 0xcf, 0x84, 0x3,
    0xb1, 0xcb, 0xff, 0xd8, 0x80, 0x19, 0x96, 0x44,
    0x7e, 0x20, 0x9, 0x68, 0x23, 0x77, 0xf2, 0x4,
    0xd4, 0x7e, 0x8d, 0xfc, 0x17, 0xf8, 0x1c, 0x4f,
    0x1c, 0x72, 0x50, 0x62, 0x40, 0x40, 0x86, 0x8c,
    0xd8, 0xee, 0xa, 0x44, 0x2, 0x88, 0x80, 0x11,
    0x97, 0x21, 0x6d, 0x40, 0xe, 0x50, 0xb, 0x30,
    0xc0, 0x8f, 0x83, 0xfe, 0x78, 0x0, 0x90, 0xc0,
    0x9, 0x82, 0x1f, 0xed, 0x30,

    /* U+661F "星" */
    0x0, 0x27, 0xff, 0xf9, 0x40, 0x31, 0x7f, 0xfe,
    0x20, 0xe, 0x33, 0xff, 0x0, 0x70, 0xc4, 0x7e,
    0x10, 0xe, 0x2b, 0xbf, 0xc4, 0x1, 0xc5, 0xff,
    0xf8, 0x80, 0x32, 0x3b, 0x7f, 0xaa, 0x7f, 0xf2,
    0x80, 0x46, 0xe2, 0x66, 0xed, 0x33, 0xe0, 0x1,
    0x71, 0x27, 0xf9, 0x55, 0xff, 0xc0, 0xf, 0x7d,
    0xcc, 0x9d, 0x33, 0x38, 0x1, 0xf7, 0xdd, 0x99,
    0x7b, 0xb2, 0x0, 0x8, 0x7b, 0xb2, 0xab, 0xbb,
    0x20, 0x7, 0xff, 0x17, 0xff, 0xca, 0xaf, 0xff,
    0x0,

    /* U+6620 "映" */
    0x11, 0xc0, 0x1d, 0xe0, 0x1d, 0xf9, 0xbc, 0x60,
    0x1f, 0xf7, 0xe0, 0x80, 0xff, 0xc1, 0xff, 0x18,
    0x7, 0xed, 0xc0, 0xdd, 0x8, 0x7, 0xf1, 0x18,
    0x11, 0x0, 0x37, 0x60, 0x80, 0x61, 0x0, 0xfa,
    0xbc, 0x3, 0xff, 0x82, 0x86, 0x2b, 0x81, 0x98,
    0xc, 0xc0, 0xf0, 0x80, 0x62, 0x9b, 0x84, 0x6,
    0x8b, 0x91, 0x0, 0xce, 0x89, 0x11, 0xb2, 0x24,
    0x0, 0xdf, 0x10, 0x9, 0x11, 0xa0, 0x80, 0x1a,
    0xfb, 0x86, 0x7, 0x50, 0x31, 0x22, 0x0, 0x65,
    0x11, 0x3, 0xe3, 0x38, 0x23, 0x68, 0x84, 0x8,
    0x2, 0xea, 0xe0, 0x2, 0xb7, 0xf0, 0xe, 0xad,
    0x40, 0xe, 0xbf, 0x0,

    /* U+662F "是" */
    0x0, 0x2f, 0xf7, 0x7e, 0xf5, 0x0, 0xe3, 0xee,
    0xfc, 0x20, 0x1e, 0x3c, 0xcf, 0xc2, 0x1, 0xe3,
    0xcc, 0xfc, 0x20, 0x1f, 0x11, 0x7e, 0x0, 0xf0,
    0xbc, 0xcf, 0xe5, 0x60, 0x8, 0x9a, 0x67, 0xfc,
    0x24, 0x0, 0xcc, 0xf6, 0xeb, 0x33, 0xc2, 0x1d,
    0xcd, 0x8e, 0xe4, 0x27, 0x77, 0x84, 0x2, 0x8c,
    0x0, 0x99, 0x13, 0x80, 0x30, 0xa0, 0x80, 0x47,
    0xff, 0xc0, 0x1a, 0x49, 0x60, 0x0, 0xb7, 0x7c,
    0x1, 0x3b, 0xa7, 0x1b, 0x71, 0xc8, 0x82, 0x31,
    0x1, 0x44, 0xa1, 0x75, 0x1, 0x6e, 0xbb, 0xad,
    0x22, 0x6b, 0x0, 0x4f, 0x7d, 0xff, 0xe2,

    /* U+663E "显" */
    0x0, 0xbf, 0xff, 0xd0, 0x1, 0xee, 0xff, 0xf9,
    0x40, 0x3f, 0xf9, 0x7f, 0xdd, 0xf2, 0x80, 0x7d,
    0xfd, 0xdf, 0x28, 0x7, 0xc8, 0x67, 0xf0, 0x80,
    0x79, 0x3a, 0x3e, 0x21, 0xfe, 0x80, 0xe0, 0xc,
    0x35, 0x72, 0x77, 0x66, 0xbb, 0x88, 0x3, 0x4d,
    0x80, 0x7e, 0x4a, 0x10, 0xa, 0x11, 0x0, 0x1f,
    0x4d, 0x88, 0x6, 0x88, 0x0, 0x7a, 0x51, 0x40,
    0x39, 0xb4, 0x3, 0xd3, 0x20, 0x8, 0x77, 0x6c,
    0xf0, 0xdd, 0x2c, 0xee, 0xe7, 0x19, 0x9e, 0xb9,
    0x95, 0xd4, 0xce, 0x50,

    /* U+6642 "時" */
    0xef, 0xfb, 0x40, 0x37, 0x90, 0x7, 0x5f, 0x50,
    0xa, 0x21, 0x41, 0x12, 0x30, 0x3, 0x88, 0x80,
    0xff, 0xd2, 0x15, 0xfe, 0x40, 0xf, 0x15, 0xdb,
    0x3, 0xae, 0xce, 0x1, 0xe7, 0x88, 0x82, 0xe2,
    0x22, 0xc, 0xfb, 0x1, 0xff, 0xa3, 0x9c, 0x7c,
    0x1, 0x5b, 0x40, 0xce, 0xfc, 0x34, 0xe4, 0xc,
    0x42, 0x6, 0x89, 0xc2, 0x88, 0x0, 0xf5, 0x7f,
    0xf0, 0x5f, 0x88, 0x7, 0x4e, 0xf5, 0xdc, 0x3f,
    0x62, 0x19, 0xf6, 0x0, 0x4b, 0x40, 0xf, 0x15,
    0xf7, 0x30, 0xb, 0x78, 0x3, 0xd8, 0x82, 0x30,
    0x0, 0xe8, 0x48, 0x40, 0x3f, 0xe2, 0xed, 0x32,
    0x0, 0x0,

    /* U+666F "景" */
    0x0, 0x1f, 0xe6, 0x7e, 0xf3, 0x0, 0xe1, 0xcc,
    0xfc, 0x1, 0xf0, 0xe6, 0x7e, 0x0, 0xf8, 0x73,
    0x3f, 0x0, 0x7c, 0x7b, 0xb7, 0xf6, 0xec, 0x40,
    0x19, 0x1e, 0x67, 0x1a, 0xcc, 0xe7, 0x40, 0x6,
    0x67, 0x90, 0xf3, 0x3c, 0x0, 0x88, 0x12, 0x27,
    0xe3, 0x88, 0x0, 0x67, 0x9d, 0xdf, 0x4a, 0x80,
    0x7c, 0x23, 0xf8, 0x3, 0xe1, 0xae, 0xe7, 0xfb,
    0xb9, 0x46, 0x1, 0xef, 0x5a, 0xe6, 0x67, 0x4b,
    0xf0, 0x6, 0x6b, 0xde, 0x40, 0xc, 0xf9, 0xf8,
    0xa0, 0xe, 0xe9, 0x63, 0x9f, 0x0, 0xb, 0x90,
    0x60,

    /* U+667A "智" */
    0x0, 0x19, 0x80, 0x3f, 0xf8, 0x3c, 0x82, 0x30,
    0x0, 0x47, 0x80, 0xa, 0x55, 0xdf, 0x90, 0x9d,
    0xdc, 0xa1, 0x76, 0xd1, 0xad, 0x80, 0x2f, 0xf8,
    0x80, 0x89, 0xf6, 0x31, 0x76, 0x10, 0xf, 0x17,
    0xc6, 0x5, 0xc4, 0x4, 0x3, 0xe3, 0x35, 0xbd,
    0x49, 0x1, 0x6e, 0xc4, 0x0, 0x2c, 0x68, 0xc6,
    0xb4, 0xce, 0xeb, 0x10, 0x75, 0x6c, 0x43, 0xa0,
    0x48, 0xb1, 0x88, 0xba, 0x73, 0xf3, 0xfd, 0x99,
    0x7f, 0x0, 0x42, 0x0, 0xad, 0xdf, 0x80, 0x3e,
    0xbe, 0xef, 0x60, 0x7, 0xd7, 0xdd, 0xec, 0x0,
    0xf8, 0x47, 0xe7, 0x0, 0xfa, 0xff, 0xfd, 0x40,
    0x10,

    /* U+6682 "暂" */
    0x0, 0x84, 0x40, 0x1f, 0xfc, 0x2, 0x25, 0xe9,
    0x14, 0x6, 0xaf, 0x3a, 0xc0, 0x3d, 0x8a, 0x1d,
    0xd1, 0xe7, 0x86, 0x7b, 0x0, 0xe9, 0xdf, 0xa6,
    0x60, 0xc2, 0x9d, 0x48, 0x2, 0xc2, 0x8d, 0x7c,
    0xc2, 0x7, 0xf7, 0x63, 0xe, 0xce, 0x93, 0xee,
    0x38, 0xff, 0x6, 0xf1, 0x83, 0xb2, 0xe1, 0x4f,
    0xda, 0x80, 0x7d, 0xf8, 0x4, 0x73, 0x87, 0xa0,
    0x1f, 0x5c, 0xbe, 0xa1, 0x9, 0xb0, 0x1, 0x4,
    0x3, 0x17, 0x53, 0xf7, 0x1b, 0xba, 0x43, 0x0,
    0xc2, 0x2e, 0xef, 0xbc, 0x40, 0x3e, 0xaa, 0xfc,
    0x1, 0xfa, 0x67, 0xef, 0x0, 0xfc, 0x67, 0xf2,
    0x80, 0x7e, 0xee, 0xfb, 0xc0, 0x30,

    /* U+6697 "暗" */
    0xef, 0xf8, 0xc0, 0x37, 0x88, 0x7, 0x5f, 0x10,
    0x67, 0xfc, 0x1d, 0xff, 0x0, 0x18, 0x40, 0x1b,
    0x4b, 0xdd, 0x3b, 0xb8, 0x3, 0xc2, 0xea, 0x23,
    0x2e, 0x88, 0x7, 0x38, 0x12, 0x20, 0x8, 0x10,
    0x2, 0xeb, 0x2d, 0xff, 0x25, 0xfe, 0x97, 0x7a,
    0x85, 0x78, 0xd7, 0xff, 0xf2, 0x82, 0x20, 0xc0,
    0x1b, 0xbf, 0x18, 0x7, 0xc5, 0x3f, 0xf8, 0xdc,
    0x3, 0xf3, 0x11, 0x60, 0xd, 0xbe, 0x40, 0x16,
    0x77, 0x61, 0x0, 0x16, 0x77, 0xc, 0x1, 0x9d,
    0xd8, 0x40, 0x18, 0x62, 0x20, 0x9, 0xcc, 0xf0,
    0x7, 0xfa, 0x3f, 0xf0, 0x80, 0x0,

    /* U+66B4 "暴" */
    0x0, 0x2f, 0xee, 0xfe, 0xf6, 0x0, 0xe3, 0xdd,
    0xfc, 0x60, 0x1e, 0x3d, 0xdf, 0xc6, 0x1, 0xe3,
    0xdd, 0xfc, 0x60, 0x1c, 0x22, 0xef, 0xed, 0xd7,
    0x7f, 0x9, 0x80, 0x64, 0xdd, 0x7, 0x6e, 0xbc,
    0x33, 0x54, 0x2, 0x3e, 0xe6, 0x87, 0x75, 0xe1,
    0x9d, 0xc4, 0x0, 0x1f, 0x73, 0x43, 0xba, 0xf0,
    0xce, 0xe2, 0x0, 0x3f, 0xec, 0xf, 0xfb, 0x83,
    0x7f, 0xe1, 0xf, 0xe6, 0x1a, 0xf7, 0x8f, 0xb0,
    0x5c, 0xf1, 0x16, 0x63, 0xa2, 0x2, 0x2f, 0x9,
    0x97, 0x47, 0x10, 0xf6, 0xbb, 0x24, 0x0, 0xca,
    0xb2, 0x5f, 0x10, 0x12, 0xdf, 0x5, 0x0, 0xe9,
    0x74, 0x98, 0x6, 0x3e, 0xe6, 0x6b, 0xe2, 0x57,
    0x7b, 0x80, 0x0,

    /* U+66F2 "曲" */
    0x0, 0xc9, 0xc0, 0x4, 0xe0, 0xf, 0xfe, 0x39,
    0x9c, 0x42, 0x66, 0x20, 0x33, 0x88, 0xf3, 0x29,
    0xc, 0xc4, 0x8e, 0x66, 0x1, 0xff, 0x58, 0xff,
    0xac, 0x7f, 0xd8, 0x1, 0xff, 0xd2, 0x1c, 0xc4,
    0x8e, 0x62, 0x47, 0x31, 0xc0, 0x14, 0xc9, 0x42,
    0x64, 0xa3, 0x32, 0xa0, 0x0, 0xaa, 0xb0, 0x55,
    0x58, 0xa, 0xa4, 0x0, 0xff, 0xe9, 0xf, 0xfa,
    0xc7, 0xfd, 0x63, 0xfe, 0xc0, 0xb, 0x33, 0xfd,
    0x26,

    /* U+66F4 "更" */
    0xf, 0xff, 0xfe, 0x10, 0x3, 0xbb, 0xcc, 0x9d,
    0xde, 0x0, 0x8, 0xfc, 0x2, 0x3e, 0x0, 0x9f,
    0xff, 0x3a, 0x7f, 0xf0, 0x7, 0x2f, 0xfc, 0xe9,
    0xff, 0x60, 0x7, 0x92, 0xee, 0x65, 0xbb, 0xbc,
    0x3, 0xcb, 0x11, 0x21, 0x44, 0x54, 0x1, 0xe1,
    0x33, 0x89, 0xcc, 0xe5, 0x0, 0xf2, 0xf7, 0x4e,
    0x9d, 0xd6, 0x0, 0x73, 0xb5, 0xf7, 0x8c, 0xf7,
    0x5f, 0xe0, 0xe, 0xda, 0x49, 0x6, 0x0, 0xff,
    0x24, 0xdb, 0xc0, 0x7, 0xf0, 0xad, 0x4a, 0x34,
    0x6d, 0x3a, 0xa1, 0x90, 0x87, 0xc1, 0x65, 0xcf,
    0x49, 0x6c, 0xd6, 0x69, 0x7, 0x6c, 0x18, 0x4,
    0x91, 0x59, 0xdf, 0xe3,

    /* U+66F8 "書" */
    0x0, 0x88, 0xb5, 0xc9, 0x16, 0x0, 0xe3, 0x55,
    0xcc, 0xab, 0xb4, 0x80, 0x3, 0xbd, 0x55, 0x88,
    0x95, 0x50, 0x7e, 0x88, 0xb7, 0x7c, 0xaf, 0xba,
    0xc0, 0xed, 0x10, 0x4, 0x77, 0x65, 0x6e, 0xe7,
    0x80, 0x80, 0x68, 0xee, 0xca, 0xfd, 0xd7, 0x90,
    0x6, 0xdd, 0xe5, 0x6d, 0xde, 0x0, 0x87, 0x33,
    0x91, 0xf3, 0x38, 0x40, 0x77, 0x7c, 0xeb, 0xbb,
    0xe1, 0x16, 0x61, 0x13, 0xfd, 0xb8, 0x20, 0x13,
    0xed, 0xdf, 0xce, 0x40, 0x1e, 0x9f, 0xff, 0x80,
    0x3f, 0x6e, 0x67, 0xc0, 0x1f, 0xb3, 0x77, 0xe0,
    0xc,

    /* U+66FF "替" */
    0x0, 0x87, 0xc0, 0x38, 0xfc, 0x3, 0xa3, 0xf8,
    0x3f, 0xc5, 0x3f, 0x81, 0xfe, 0x80, 0x4, 0x7e,
    0x87, 0xf8, 0xa7, 0xf0, 0x7f, 0xd0, 0x0, 0xdd,
    0x60, 0x6e, 0x9b, 0x37, 0x43, 0xbb, 0x0, 0x33,
    0x4, 0x11, 0x8d, 0xbe, 0x4, 0xd9, 0x80, 0x0,
    0xa9, 0xbd, 0x20, 0xc, 0x16, 0x2a, 0x8, 0x0,
    0xea, 0x62, 0xec, 0x7a, 0x9c, 0x35, 0x48, 0x1,
    0xd9, 0x24, 0xb, 0x71, 0xb6, 0x40, 0xc5, 0x21,
    0xf7, 0xb8, 0xfe, 0xf7, 0xef, 0x8b, 0x3d, 0x20,
    0x10, 0x7, 0x5d, 0xfb, 0x80, 0x3f, 0x6f, 0x77,
    0xb4, 0x3, 0xf6, 0xf7, 0x7b, 0x40, 0x3f, 0x31,
    0x17, 0x98, 0x3, 0xf5, 0x66, 0x7a, 0x84, 0x2,

    /* U+6700 "最" */
    0x0, 0x17, 0xee, 0xfe, 0xf3, 0x0, 0xf6, 0xef,
    0xe0, 0xf, 0xd9, 0x9f, 0x80, 0x3f, 0x66, 0x7e,
    0x0, 0xf8, 0xb7, 0x7f, 0x10, 0x7, 0x16, 0xef,
    0xf8, 0xc0, 0x3, 0xff, 0xff, 0xc2, 0x1, 0xf5,
    0x9f, 0xf2, 0xc7, 0x77, 0xbc, 0x3, 0x4f, 0x71,
    0x43, 0x3b, 0xfe, 0xe5, 0x0, 0xd3, 0xdc, 0x50,
    0xd1, 0xde, 0x82, 0x50, 0xd, 0x3d, 0xc5, 0x0,
    0x5f, 0x1c, 0xc8, 0x3, 0xa7, 0xb1, 0x0, 0xa,
    0xd9, 0x8, 0x0, 0x2c, 0x58, 0xd9, 0x50, 0x4b,
    0x66, 0x4b, 0x88, 0x17, 0x7f, 0x6d, 0xa6, 0x7f,
    0xb6, 0x73, 0xb0, 0x40,

    /* U+6708 "月" */
    0x0, 0xbb, 0xff, 0xf7, 0x0, 0x69, 0xdd, 0xf4,
    0x0, 0x71, 0x17, 0xe0, 0xf, 0xfe, 0x35, 0xff,
    0xfa, 0x80, 0x3a, 0x77, 0x7d, 0x0, 0x18, 0x54,
    0x8b, 0xe0, 0x8, 0x40, 0x40, 0x3f, 0xc4, 0x1b,
    0xff, 0xea, 0x0, 0x90, 0xb3, 0x3e, 0x80, 0xa,
    0xa8, 0x67, 0xf1, 0x0, 0x18, 0x98, 0x3, 0xf8,
    0xe5, 0xc4, 0x3, 0x19, 0xda, 0x6a, 0x90, 0x1,
    0xd7, 0x98, 0x5b, 0x6b, 0x0, 0xf4, 0x7f, 0xb5,
    0x80,

    /* U+6709 "有" */
    0x0, 0xf1, 0x0, 0x7f, 0xf0, 0xf5, 0x0, 0x3f,
    0x88, 0xb3, 0x3, 0x91, 0x7c, 0x0, 0xdd, 0xd2,
    0x19, 0xbb, 0xf0, 0x3, 0xfe, 0xb0, 0xef, 0xff,
    0xc0, 0x18, 0x69, 0x4c, 0x8b, 0xc0, 0x1e, 0xb1,
    0x5c, 0xcf, 0x69, 0x0, 0x6a, 0x40, 0xbe, 0xef,
    0x0, 0x61, 0xc7, 0xc1, 0xad, 0xdf, 0x0, 0x61,
    0x6c, 0x20, 0x8f, 0xff, 0x0, 0x75, 0x8, 0x0,
    0x8b, 0xe0, 0xf, 0xeb, 0xff, 0xf0, 0x7, 0xf5,
    0x77, 0x78, 0x3, 0xf8, 0x47, 0x1, 0x90, 0x7,
    0xff, 0x5, 0xb7, 0x48, 0x40, 0x0,

    /* U+670D "服" */
    0x2, 0xff, 0xc8, 0x3f, 0xfe, 0xe0, 0x8, 0x7b,
    0x84, 0x1, 0x6e, 0xea, 0x0, 0xe1, 0x10, 0x6,
    0x22, 0xcc, 0x1, 0xff, 0xc1, 0x23, 0x40, 0xc,
    0x3d, 0xc2, 0x0, 0xe4, 0xfc, 0xb0, 0xd, 0xba,
    0x10, 0x8, 0x88, 0x9d, 0x2e, 0x0, 0x11, 0x19,
    0xc0, 0x16, 0xef, 0x8c, 0x2, 0x22, 0x0, 0x6a,
    0x3f, 0xf6, 0x89, 0x83, 0x8e, 0xe8, 0x80, 0x25,
    0x13, 0xa, 0x70, 0x0, 0xa7, 0xf8, 0x80, 0x34,
    0x71, 0x35, 0x80, 0x34, 0x80, 0x3e, 0x56, 0xd6,
    0x20, 0x1, 0xf0, 0x7, 0xff, 0x9, 0x14, 0x48,
    0xc0, 0x24, 0xd1, 0xd5, 0xb2, 0x22, 0x13, 0xe9,
    0xa8, 0x3, 0x2e, 0x8b, 0x5, 0x4a, 0xc1, 0xbf,
    0x44, 0x5f, 0xc, 0x0, 0x1a, 0x70,

    /* U+671B "望" */
    0x0, 0x93, 0x40, 0x35, 0x77, 0x6d, 0x8, 0xdd,
    0x51, 0x6e, 0xc2, 0x2b, 0xee, 0x50, 0x2, 0x90,
    0x6a, 0xe6, 0x61, 0x6b, 0xdd, 0x50, 0x81, 0x7b,
    0xa2, 0x70, 0x16, 0x6e, 0xa1, 0xc0, 0x3f, 0x8c,
    0x3b, 0x31, 0x62, 0x0, 0x36, 0x22, 0xc1, 0x2b,
    0xdd, 0x39, 0x0, 0x10, 0x73, 0x35, 0x25, 0x93,
    0x23, 0xe8, 0x0, 0x73, 0xbb, 0x6f, 0x88, 0x38,
    0x72, 0x80, 0xf, 0xff, 0xa3, 0xbf, 0xd9, 0x38,
    0x20, 0x3, 0xff, 0xe2, 0x8f, 0xfe, 0x10, 0x8,
    0x91, 0x31, 0xf2, 0x26, 0x10, 0xc, 0x9f, 0xf8,
    0x53, 0xff, 0x28, 0x6, 0x6b, 0xbc, 0x55, 0x77,
    0x90, 0x0, 0xbf, 0xfe, 0x28, 0xff, 0xf0, 0x80,

    /* U+671F "期" */
    0x0, 0x5a, 0x80, 0x2d, 0x82, 0x7f, 0xf7, 0x0,
    0xb9, 0x8, 0x9c, 0x44, 0xf, 0xdc, 0xb0, 0x1e,
    0x38, 0xee, 0x1c, 0x40, 0x3c, 0x44, 0xe0, 0x3e,
    0x95, 0xfe, 0x49, 0x90, 0x7, 0xf5, 0xe6, 0x10,
    0x2, 0x8f, 0xf6, 0x0, 0x69, 0xee, 0x18, 0x0,
    0xdf, 0xb9, 0x60, 0x18, 0x48, 0x8e, 0x1, 0x78,
    0x89, 0xc0, 0x34, 0xf7, 0x10, 0x0, 0x3e, 0x0,
    0x70, 0xd, 0x5d, 0xc4, 0x0, 0x3a, 0xdd, 0xa0,
    0x13, 0x92, 0xbb, 0x89, 0x30, 0x33, 0x76, 0xf0,
    0x4c, 0xb8, 0xcb, 0xad, 0xa2, 0x50, 0xe, 0x2e,
    0xd2, 0x38, 0x36, 0x11, 0x0, 0x73, 0xa5, 0x83,
    0x3c, 0x73, 0x0, 0x92, 0x80, 0xd6, 0x88, 0x2,
    0xec, 0xd4, 0x5, 0xb0, 0xc3, 0xa6, 0x1, 0x9,
    0x61, 0x1, 0xff, 0x40,

    /* U+6728 "木" */
    0x0, 0xfa, 0xa4, 0x3, 0xff, 0xb8, 0x89, 0xe1,
    0x24, 0x4f, 0x0, 0x26, 0xab, 0x5a, 0x22, 0xab,
    0xc0, 0xd, 0xee, 0xcc, 0x0, 0x6e, 0xee, 0x0,
    0xf1, 0xb1, 0x99, 0x8c, 0x3, 0xf8, 0x76, 0x99,
    0x6f, 0x44, 0x3, 0xf6, 0xba, 0x80, 0x15, 0xb4,
    0x40, 0x38, 0x70, 0x24, 0x3, 0x40, 0x60, 0x80,
    0x49, 0x81, 0x80, 0x1e, 0xc6, 0xf4, 0x4, 0xb4,
    0xc0, 0xf, 0xd6, 0xf6, 0x69, 0xb2, 0x1, 0xfe,
    0x9d, 0x30, 0x20, 0xf, 0xfe, 0x1, 0x0,

    /* U+672A "未" */
    0x0, 0xfa, 0xa4, 0x3, 0xff, 0x9b, 0xbf, 0xf9,
    0x5b, 0xff, 0x80, 0x37, 0x66, 0x64, 0x46, 0x67,
    0x0, 0x63, 0x3e, 0x12, 0x33, 0xe0, 0xf, 0xfe,
    0x3f, 0xff, 0x95, 0xbf, 0xfc, 0x21, 0x99, 0xc8,
    0x0, 0x4c, 0xce, 0x10, 0x33, 0xca, 0xa3, 0x45,
    0x51, 0x9e, 0x0, 0xe7, 0x8c, 0x62, 0xc8, 0x70,
    0xf, 0xaa, 0x70, 0x80, 0x5, 0x93, 0x40, 0x19,
    0x79, 0xb0, 0x80, 0x31, 0x63, 0xf2, 0x81, 0x5c,
    0xe1, 0x0, 0x78, 0xb5, 0xac, 0x89, 0xce, 0x1,
    0xfe, 0x8e, 0x20,

    /* U+672C "本" */
    0x0, 0xfa, 0xa4, 0x3, 0xff, 0xa6, 0x60, 0x1f,
    0xbf, 0xfc, 0xaa, 0xff, 0xf0, 0x3, 0x77, 0x90,
    0x0, 0xbb, 0xbc, 0x0, 0x22, 0xc2, 0x86, 0x65,
    0x2, 0x2c, 0x1, 0xee, 0x96, 0x58, 0xe0, 0xf,
    0xea, 0x66, 0x0, 0x1d, 0xd4, 0x1, 0xf4, 0xa5,
    0x0, 0x6a, 0x49, 0x0, 0xea, 0x7d, 0x10, 0xc,
    0x3a, 0xf6, 0x20, 0x5c, 0xf9, 0x1f, 0xe5, 0x6f,
    0xf4, 0xe3, 0x79, 0x94, 0xe9, 0x46, 0x61, 0x11,
    0x98, 0x82, 0xd8, 0x30, 0x70, 0x1, 0x9c, 0x24,
    0x66, 0x20, 0x3, 0x0, 0x7f, 0xf1, 0x40,

    /* U+673A "机" */
    0x0, 0xa2, 0x80, 0x2f, 0xfe, 0x40, 0xf, 0xfb,
    0x37, 0x42, 0x1, 0xff, 0xc0, 0x22, 0x80, 0x31,
    0x7f, 0x9d, 0x7f, 0xc2, 0x1, 0xf8, 0xb7, 0x44,
    0x9b, 0xa1, 0x0, 0xfe, 0x20, 0x20, 0x22, 0x0,
    0x7f, 0xd4, 0x9, 0x0, 0x20, 0x20, 0x1f, 0x99,
    0x88, 0xae, 0x60, 0x1f, 0xce, 0xe1, 0x17, 0xdb,
    0x10, 0x7, 0xc5, 0x36, 0x0, 0x2c, 0x37, 0x0,
    0xf9, 0xe4, 0x80, 0x35, 0xe0, 0x7, 0x1c, 0x2b,
    0x80, 0x62, 0x37, 0x0, 0xe7, 0x20, 0xf, 0x73,
    0x88, 0x6, 0x23, 0x30, 0x7, 0x13, 0xc0, 0x6,
    0x69, 0x96, 0x80, 0x51, 0x45, 0x60, 0x1d, 0x1f,
    0xc8,

    /* U+6743 "权" */
    0x0, 0x9e, 0xc0, 0x3f, 0xf8, 0xa3, 0x77, 0xf5,
    0x0, 0x7e, 0xc2, 0xff, 0xc6, 0xe0, 0x3f, 0xe8,
    0x4f, 0xf1, 0x22, 0x71, 0x38, 0xf, 0x70, 0xcd,
    0xde, 0xa4, 0x20, 0x12, 0x78, 0x0, 0x40, 0xc0,
    0x44, 0x6, 0x80, 0x3, 0x14, 0x0, 0x98, 0xe,
    0x40, 0x9, 0xc0, 0x9, 0x51, 0x0, 0xa9, 0x4c,
    0xac, 0x25, 0xc, 0xcb, 0x20, 0x12, 0x8e, 0xbd,
    0x88, 0xb, 0xc7, 0xa1, 0x80, 0x6, 0xe0, 0x2,
    0xa0, 0x4, 0xa1, 0xd0, 0x4, 0x48, 0x80, 0xf,
    0x38, 0x1, 0x40, 0x23, 0xa0, 0xf, 0x44, 0xd4,
    0x5a, 0x80, 0x7e, 0x4d, 0x6b, 0x57, 0x9a, 0xa0,
    0x80, 0x7b, 0xd7, 0xd0, 0x0, 0xd8, 0xea, 0x1,
    0x3d, 0x85, 0xc0, 0x80, 0x63, 0xd4,

    /* U+6750 "材" */
    0x0, 0xff, 0xe3, 0xae, 0x80, 0x7c, 0xbc, 0x1,
    0xff, 0xc9, 0x30, 0xf, 0xfe, 0xf, 0xfa, 0x4b,
    0xfc, 0xdf, 0xfa, 0x87, 0xe0, 0x37, 0x48, 0x3b,
    0xa6, 0xdd, 0xb0, 0x7, 0x64, 0x8, 0xd0, 0x64,
    0x80, 0x8a, 0xa0, 0x1, 0x8, 0x1, 0x84, 0x82,
    0x40, 0x24, 0x67, 0x0, 0xea, 0x60, 0xa7, 0x40,
    0x1a, 0x9d, 0x0, 0xce, 0xda, 0x3, 0x88, 0x38,
    0x8c, 0x1, 0x8e, 0x20, 0x1, 0x11, 0x30, 0x68,
    0x3, 0x9d, 0xc6, 0x1, 0xe, 0x36, 0x0, 0x79,
    0x20, 0x3, 0xd, 0x58, 0x7, 0xff, 0x9, 0x0,
    0x6, 0x6c, 0x30, 0xf, 0xfe, 0x6, 0x61, 0xe8,
    0x3, 0x97, 0x40, 0x3b, 0xfd, 0xce, 0x0,

    /* U+675F "束" */
    0x0, 0xfa, 0x28, 0x3, 0xf5, 0x7f, 0xf3, 0xaf,
    0xff, 0x70, 0x2, 0x37, 0x79, 0x53, 0x77, 0xb0,
    0x0, 0x45, 0xf0, 0x91, 0x78, 0x2, 0x8f, 0xfc,
    0xeb, 0xff, 0xb0, 0x3, 0xb, 0x77, 0x4c, 0x9d,
    0xd4, 0x8, 0x7, 0x8, 0xff, 0x80, 0x3c, 0x23,
    0xfe, 0x0, 0xe1, 0x6e, 0xe9, 0x93, 0xba, 0x81,
    0x0, 0xd1, 0xff, 0x20, 0x0, 0xb7, 0xfd, 0x80,
    0x1e, 0x3d, 0x37, 0x58, 0xc5, 0x0, 0xf1, 0xd6,
    0x44, 0x0, 0xb, 0xb7, 0x8a, 0x1, 0x5e, 0x17,
    0x28, 0x6, 0x3e, 0xbb, 0x69, 0x87, 0xf4, 0x8,
    0x7, 0xcf, 0xd0, 0x60,

    /* U+6761 "条" */
    0x0, 0xf3, 0x8, 0x7, 0xff, 0x6, 0xac, 0x40,
    0x3f, 0xf8, 0x12, 0xa5, 0xff, 0xc4, 0x1, 0xc3,
    0x6c, 0x5b, 0xdd, 0x1b, 0x10, 0x6, 0x6e, 0x2e,
    0x5f, 0x33, 0x6b, 0xc8, 0x7, 0x26, 0x48, 0xc5,
    0x6e, 0x96, 0xc0, 0x3c, 0x46, 0x9, 0x50, 0x8c,
    0xcc, 0x62, 0x0, 0xd1, 0x9f, 0x47, 0xbd, 0x9d,
    0x75, 0xbf, 0x82, 0x1f, 0x79, 0xd2, 0x5f, 0x82,
    0xf9, 0xf9, 0x2, 0x2b, 0xb7, 0xe6, 0x48, 0xf9,
    0x9b, 0xe0, 0x45, 0x11, 0xa8, 0xc4, 0x47, 0x51,
    0x18, 0x41, 0x12, 0x78, 0x75, 0x66, 0x40, 0x22,
    0x40, 0x11, 0x4e, 0x44, 0x0, 0x13, 0x17, 0x24,
    0x0, 0x1a, 0xd3, 0xd6, 0x0, 0xcd, 0xa1, 0xb6,
    0x42, 0x5b, 0x44, 0x1, 0xe2, 0x9d, 0xc2,

    /* U+6765 "来" */
    0x0, 0xfa, 0xa4, 0x3, 0xf0, 0xa2, 0x70, 0x92,
    0x27, 0x10, 0x1, 0x66, 0x79, 0x11, 0x33, 0xc8,
    0x0, 0x4d, 0x5e, 0xdd, 0x2b, 0x6e, 0xb1, 0xb1,
    0x80, 0x3b, 0xc0, 0x3d, 0x2e, 0x20, 0x1d, 0x26,
    0x80, 0x18, 0x5f, 0xc0, 0x31, 0x98, 0x98, 0x4c,
    0x48, 0xdd, 0x80, 0xcc, 0x3, 0x99, 0x35, 0x62,
    0x23, 0x25, 0xb3, 0x21, 0x17, 0xfe, 0xe2, 0x11,
    0x17, 0x7f, 0xe1, 0x0, 0xc3, 0x94, 0x8f, 0x78,
    0x20, 0x1f, 0x27, 0xd3, 0x80, 0x1a, 0xbc, 0xc0,
    0x30, 0xcd, 0xc3, 0x80, 0x67, 0x8c, 0x91, 0x2,
    0xe5, 0xd6, 0x0, 0xf3, 0x6a, 0xf1, 0x13, 0x70,
    0x80, 0x3f, 0x16, 0x60, 0x80,

    /* U+677E "松" */
    0x0, 0xa9, 0xc0, 0x23, 0x90, 0x5, 0x8, 0x7,
    0xfa, 0x88, 0x0, 0xcc, 0x0, 0xff, 0x3f, 0x0,
    0x2a, 0x80, 0x1, 0xff, 0x2c, 0x7c, 0x28, 0xa8,
    0x1, 0x89, 0x0, 0x7b, 0x41, 0xfa, 0xad, 0xc0,
    0x33, 0xc8, 0x0, 0x58, 0x4, 0x56, 0x12, 0x4,
    0x0, 0x93, 0x60, 0x7, 0x3, 0x2d, 0xe8, 0x9e,
    0x98, 0xe, 0xb0, 0x1, 0xd1, 0xac, 0xc, 0x2c,
    0x8c, 0x0, 0x60, 0x8, 0x51, 0xe9, 0x40, 0x2,
    0xd0, 0x18, 0x4, 0x4d, 0x20, 0x7, 0x60, 0x22,
    0x30, 0x73, 0x80, 0x6, 0x44, 0x3, 0xa9, 0x44,
    0x26, 0x8, 0xd, 0xc0, 0x3c, 0xdc, 0x2, 0xc7,
    0x0, 0x1f, 0x4e, 0x8d, 0xff, 0x69, 0x29, 0x0,
    0x7b, 0x62, 0xf3, 0x7b, 0xf9, 0x5c, 0x2, 0xa7,
    0x4, 0x54, 0x32, 0x10, 0x5, 0x28,

    /* U+677F "板" */
    0x0, 0xa9, 0xc0, 0x13, 0xff, 0xf0, 0x80, 0x7e,
    0x6e, 0xef, 0x8, 0x19, 0x87, 0x8c, 0x80, 0x47,
    0xe0, 0x1c, 0xc2, 0x36, 0x50, 0x7, 0xf0, 0xee,
    0x81, 0xf6, 0x4c, 0x48, 0xb8, 0x40, 0x4, 0xc0,
    0x2, 0x10, 0x6d, 0xde, 0xc0, 0xb, 0x41, 0xcc,
    0x0, 0x85, 0xff, 0x32, 0x80, 0x4e, 0x88, 0xd1,
    0x6d, 0x4, 0x0, 0x3d, 0x80, 0x1d, 0xc3, 0x8c,
    0xc2, 0x25, 0x78, 0x31, 0x98, 0x6, 0x6c, 0x1,
    0xc, 0x2c, 0xec, 0xc8, 0x90, 0x1, 0x31, 0x0,
    0x48, 0x24, 0x11, 0x28, 0x80, 0x1, 0xc0, 0x6,
    0xe7, 0x0, 0x70, 0xb9, 0x0, 0x7c, 0x69, 0x69,
    0xa1, 0xcb, 0x8e, 0x1, 0xe7, 0x71, 0x45, 0xd8,
    0x22, 0xa8, 0x60, 0x15, 0x3a, 0x40, 0x63, 0x0,
    0x49, 0xa6,

    /* U+6781 "极" */
    0x0, 0xff, 0xe3, 0xcc, 0x82, 0x3f, 0xfd, 0x0,
    0x1f, 0xa6, 0x45, 0xbb, 0x1f, 0x0, 0x46, 0x62,
    0x33, 0xc2, 0x45, 0xc0, 0x1, 0xcc, 0x22, 0xe4,
    0x98, 0x6, 0x15, 0x0, 0xf, 0xf8, 0x5b, 0xec,
    0x1c, 0x0, 0x60, 0x20, 0x19, 0x4, 0xc0, 0x2,
    0x9f, 0xec, 0xf, 0xe0, 0xb, 0x41, 0x54, 0x1c,
    0xf, 0xdd, 0x3a, 0x80, 0x4e, 0xa9, 0x66, 0x4c,
    0xa2, 0x32, 0xf0, 0x1, 0xdc, 0x65, 0x16, 0xb4,
    0xcc, 0x5, 0x35, 0x2, 0x9b, 0x0, 0x35, 0x9,
    0xc4, 0xe, 0xec, 0x0, 0x16, 0x20, 0x9, 0x8,
    0xd, 0xb1, 0x14, 0x0, 0x70, 0x1, 0xae, 0xc0,
    0x28, 0xe, 0x40, 0x1f, 0x31, 0xbb, 0xbd, 0x7d,
    0x36, 0x4, 0x3, 0x86, 0x16, 0xea, 0x42, 0x69,
    0x48, 0x2, 0x99, 0x3b, 0x26, 0x20, 0x4, 0xba,
    0x60,

    /* U+6784 "构" */
    0x0, 0xff, 0xe3, 0xcc, 0x80, 0x2a, 0x80, 0xf,
    0xfe, 0x12, 0xd8, 0x7, 0xff, 0x5, 0xc2, 0x2e,
    0xf8, 0x87, 0xfc, 0xcc, 0xfc, 0x97, 0xff, 0xdc,
    0x80, 0x3b, 0xa1, 0x5d, 0x73, 0x81, 0x44, 0x94,
    0xc, 0x8, 0x44, 0xc6, 0xbc, 0x76, 0x1, 0x8,
    0x6, 0xa1, 0x38, 0xe3, 0x44, 0x0, 0x46, 0x2,
    0x2, 0xee, 0x64, 0x70, 0xbf, 0x47, 0x1, 0x0,
    0xa5, 0x80, 0x1c, 0x2, 0x6a, 0xa9, 0x17, 0x10,
    0x36, 0x90, 0x1, 0xa4, 0x14, 0xd0, 0xb0, 0x98,
    0xc, 0x8, 0x4, 0x86, 0xbf, 0x17, 0x63, 0x10,
    0x26, 0x0, 0xcf, 0x50, 0xc6, 0x99, 0xec, 0x1,
    0xff, 0x9, 0x1b, 0xe8, 0x7, 0xfc, 0xbb, 0x84,
    0xc0, 0x1a, 0x64, 0x1, 0xc9, 0xfe, 0xc1, 0x0,

    /* U+6790 "析" */
    0x0, 0xa6, 0x40, 0x1e, 0x27, 0xc3, 0x0, 0xfc,
    0x33, 0x5d, 0x9b, 0x44, 0x1, 0xfc, 0xdf, 0x9d,
    0x4c, 0x20, 0x3b, 0xa7, 0x76, 0xd0, 0x1, 0x48,
    0x3, 0x87, 0xb8, 0x9, 0xd0, 0x1, 0xfe, 0x30,
    0x10, 0x32, 0x30, 0xff, 0xf2, 0x80, 0x28, 0x15,
    0x40, 0x16, 0xea, 0xc2, 0xf5, 0x0, 0xe, 0xa9,
    0x66, 0x22, 0x22, 0x28, 0x29, 0x8, 0x3b, 0x8c,
    0xa2, 0xd8, 0x80, 0x3e, 0x29, 0xb0, 0x3, 0x46,
    0xb0, 0x7, 0xc2, 0xc4, 0x1, 0x93, 0x0, 0x3e,
    0x38, 0x0, 0xc4, 0x6e, 0x1, 0xff, 0xc1, 0x95,
    0x10, 0xf, 0xfe, 0x8, 0xd8, 0x7, 0xe0,

    /* U+679A "枚" */
    0x0, 0xff, 0xe3, 0xcc, 0x80, 0x37, 0x18, 0x7,
    0xff, 0x5, 0x40, 0xc0, 0x3f, 0xf8, 0x3c, 0x48,
    0x9c, 0x22, 0xff, 0x33, 0x3e, 0xc5, 0x2, 0x21,
    0x37, 0x6, 0x3b, 0xa1, 0x5d, 0xab, 0xd, 0xcc,
    0x40, 0xe1, 0x1, 0x8, 0x80, 0x9d, 0x49, 0xc0,
    0x18, 0x80, 0x1a, 0xc1, 0x50, 0x66, 0xf4, 0x0,
    0x9e, 0x1, 0x95, 0x49, 0x4a, 0xce, 0x84, 0xa4,
    0x80, 0x12, 0xb9, 0x94, 0x78, 0xa, 0xdc, 0xb8,
    0x80, 0x51, 0xc0, 0x6, 0x50, 0x4, 0x31, 0x40,
    0x4, 0xae, 0x80, 0x14, 0x0, 0x18, 0x0, 0x40,
    0x12, 0xd8, 0x7, 0x96, 0xe1, 0x70, 0x80, 0x21,
    0x0, 0xc5, 0x75, 0x2f, 0x6b, 0xb2, 0x20, 0x1e,
    0x81, 0xe6, 0x0, 0x5d, 0x21, 0x80, 0x53, 0x20,
    0xaa, 0x8, 0x6, 0x5d, 0x20,

    /* U+679C "果" */
    0x0, 0x3f, 0xff, 0xfa, 0x40, 0x38, 0xff, 0xe5,
    0x57, 0xfc, 0x80, 0x1f, 0xe3, 0x0, 0xff, 0x8f,
    0xfe, 0x65, 0xff, 0x90, 0x3, 0xc7, 0xff, 0x32,
    0xff, 0xc8, 0x1, 0xf0, 0x8c, 0x60, 0x23, 0x38,
    0x7, 0x9, 0x7f, 0xca, 0xaf, 0xf8, 0x84, 0x3,
    0x37, 0x76, 0x65, 0xee, 0xd0, 0x1, 0x7f, 0xf9,
    0x97, 0xff, 0xc0, 0xd, 0xdd, 0x40, 0x23, 0x4e,
    0xee, 0x0, 0x11, 0x49, 0x54, 0x74, 0xa8, 0xa2,
    0x28, 0x2, 0x4c, 0x8c, 0x50, 0x2, 0x62, 0x6b,
    0x0, 0xb, 0x6a, 0xf8, 0xc0, 0x31, 0x64, 0x5f,
    0x11, 0x23, 0x9c, 0x3, 0xf2, 0xee, 0x88,

    /* U+67B6 "架" */
    0x0, 0xa6, 0x0, 0x31, 0x17, 0x8, 0xf, 0xf9,
    0x9f, 0xfd, 0x61, 0xb3, 0x36, 0x40, 0xf, 0x68,
    0x5f, 0x38, 0x5, 0x57, 0x67, 0x0, 0x85, 0x85,
    0x4, 0x8, 0x3, 0xfd, 0xac, 0x0, 0x21, 0x0,
    0xfe, 0x44, 0x49, 0x1a, 0x68, 0x2, 0x26, 0x48,
    0x0, 0x1e, 0xc1, 0xae, 0x43, 0x67, 0x11, 0x97,
    0x0, 0x68, 0x42, 0x36, 0xb3, 0xe2, 0x39, 0x40,
    0x1f, 0xfe, 0x56, 0xff, 0xec, 0x0, 0x77, 0x6c,
    0x11, 0x1, 0x6f, 0x75, 0xa0, 0x1, 0x18, 0xba,
    0x11, 0x97, 0xc8, 0x46, 0x0, 0x8a, 0x72, 0x58,
    0x1, 0x10, 0xc9, 0x30, 0x0, 0xd6, 0x87, 0x20,
    0x6, 0x5d, 0xc, 0xc0, 0x88, 0xb6, 0x44, 0x3,
    0xc5, 0x3d, 0x22,

    /* U+67D0 "某" */
    0x0, 0x8b, 0xc0, 0x38, 0xbc, 0x40, 0x37, 0xfb,
    0x43, 0xff, 0xb4, 0x3b, 0xfc, 0x21, 0xdc, 0xc0,
    0xee, 0xec, 0xd, 0xee, 0x8, 0x8, 0xc0, 0x46,
    0x79, 0xc0, 0xc4, 0x40, 0x1e, 0xfe, 0xed, 0x20,
    0x1f, 0xec, 0xce, 0xf0, 0xf, 0xf7, 0xff, 0x68,
    0x7, 0xe2, 0xff, 0x95, 0xbf, 0xe1, 0x0, 0x87,
    0x33, 0xc8, 0xf9, 0x9e, 0x11, 0x44, 0x6b, 0x31,
    0x3, 0xa8, 0x8c, 0x20, 0x89, 0xc, 0x3a, 0xbb,
    0xa0, 0x51, 0x20, 0x8, 0xaa, 0xa8, 0x0, 0x45,
    0xd5, 0xc, 0x0, 0x37, 0xa7, 0xca, 0x1, 0x97,
    0x8f, 0x30, 0x43, 0x9b, 0x22, 0x1, 0xe1, 0x9e,
    0xb2,

    /* U+67D3 "染" */
    0x0, 0xff, 0xe3, 0x55, 0x14, 0x2, 0xd6, 0x0,
    0xf8, 0x6a, 0xc5, 0xb7, 0x45, 0x1b, 0xa6, 0x0,
    0x87, 0xf1, 0x10, 0xfd, 0x1, 0xbc, 0xc2, 0x1,
    0xf, 0x49, 0x0, 0x9e, 0x99, 0xc2, 0x1, 0xe5,
    0xe7, 0x2, 0x78, 0x0, 0xeb, 0x20, 0x4, 0x23,
    0x26, 0x2a, 0x0, 0x5e, 0xc, 0x21, 0xd, 0x8f,
    0x6f, 0x8c, 0x0, 0xc7, 0xf1, 0x30, 0xac, 0x16,
    0xd9, 0xff, 0x0, 0x1b, 0xfd, 0x80, 0x3f, 0xed,
    0xd7, 0xeb, 0x33, 0x77, 0xc2, 0x2e, 0xed, 0x4,
    0x22, 0x38, 0xee, 0xc2, 0x6, 0x70, 0x5c, 0x3b,
    0xa2, 0x0, 0x67, 0x0, 0x45, 0x39, 0x6e, 0x0,
    0x69, 0xc9, 0x20, 0x0, 0xd6, 0x9e, 0xa8, 0x6,
    0x4d, 0xd, 0xb2, 0x13, 0xda, 0x20, 0xf, 0x14,
    0xee, 0x10,

    /* U+67D4 "柔" */
    0x0, 0xff, 0xe3, 0x37, 0xff, 0xf6, 0x0, 0x73,
    0x7f, 0xab, 0x3f, 0xa0, 0x5b, 0x40, 0x3f, 0x1c,
    0x77, 0x2b, 0x24, 0x40, 0x35, 0x66, 0x54, 0xe6,
    0x5, 0x99, 0xa4, 0x1, 0x1d, 0xcf, 0x53, 0x50,
    0xdc, 0xeb, 0x3a, 0x0, 0x11, 0xe, 0x1f, 0x2c,
    0x8, 0x81, 0x30, 0x60, 0x3, 0xae, 0x2f, 0x37,
    0x10, 0x3, 0xb3, 0x80, 0x52, 0x7b, 0x25, 0xd6,
    0xe0, 0x5, 0x80, 0xd, 0x70, 0x62, 0x5e, 0xa6,
    0x23, 0xe0, 0x1e, 0xef, 0x2a, 0xbb, 0xbc, 0x22,
    0xff, 0xce, 0x26, 0x61, 0x8f, 0xfc, 0x20, 0x12,
    0x69, 0xfa, 0xab, 0x2f, 0x10, 0x2, 0x17, 0xe9,
    0x8b, 0x10, 0x1, 0x64, 0xc7, 0x48, 0x8b, 0xab,
    0x54, 0x3, 0xcb, 0x9a, 0x22,

    /* U+67E5 "查" */
    0x0, 0xfa, 0xa0, 0x3, 0xf1, 0x17, 0x84, 0x8b,
    0xe0, 0x1f, 0xfe, 0xd4, 0x5d, 0xff, 0xe1, 0x16,
    0xee, 0x73, 0x56, 0x34, 0xdd, 0xc2, 0x1, 0xe,
    0x6, 0x0, 0xe1, 0xd8, 0x80, 0x61, 0x8c, 0x9a,
    0x0, 0xd5, 0xda, 0xe2, 0x3, 0xbd, 0x1d, 0x76,
    0x57, 0xbb, 0x74, 0x95, 0x88, 0xb1, 0x89, 0xe6,
    0x5b, 0xa9, 0x93, 0x12, 0xd0, 0x80, 0x67, 0x33,
    0xf0, 0x7, 0xf2, 0xd5, 0x78, 0x80, 0x3f, 0x2d,
    0xdf, 0x8c, 0x3, 0xe1, 0x6d, 0xdf, 0x8, 0x80,
    0x30, 0x89, 0xf3, 0x3f, 0x38, 0x88, 0x1, 0x9d,
    0xdf, 0xfc, 0xf, 0x0,

    /* U+6805 "栅" */
    0x0, 0x17, 0x0, 0x13, 0xfe, 0x2d, 0xff, 0x60,
    0x7, 0xe4, 0xf1, 0x0, 0x65, 0x80, 0x61, 0x0,
    0xf1, 0x80, 0x5, 0xc0, 0x2e, 0xc1, 0xf6, 0x0,
    0xff, 0xbe, 0x43, 0x98, 0x3, 0xfe, 0x1f, 0x9,
    0x1, 0x1, 0x31, 0x1, 0x71, 0x0, 0x90, 0x19,
    0xe9, 0x38, 0x70, 0xb2, 0xcb, 0x0, 0x48, 0x67,
    0xa5, 0x7c, 0x70, 0xb2, 0xcb, 0x1, 0x94, 0x1e,
    0x44, 0x80, 0xc4, 0xc9, 0xc4, 0x1, 0x3e, 0x1,
    0x7f, 0x80, 0x21, 0x10, 0x4, 0x28, 0xe0, 0x11,
    0x90, 0x7, 0xe1, 0xa0, 0xc, 0x88, 0x0, 0x39,
    0x0, 0x7f, 0x31, 0x88, 0x1e, 0x38, 0x38, 0x7,
    0xdb, 0x1, 0xe4, 0x1e, 0xd6, 0x80, 0x11, 0x70,
    0x5a, 0x7, 0xe4, 0xab, 0x7c, 0x0,

    /* U+6807 "标" */
    0x0, 0xa6, 0x40, 0x1, 0x22, 0xf0, 0x7, 0xf3,
    0xee, 0xf9, 0x40, 0x3f, 0x37, 0xff, 0x94, 0x7,
    0xb8, 0xcc, 0xea, 0x0, 0xfe, 0x1d, 0xa0, 0x4d,
    0x92, 0x2f, 0xc0, 0x3, 0x10, 0x47, 0x2d, 0xdf,
    0xc6, 0x0, 0xe1, 0x3a, 0xf, 0xf8, 0x6f, 0xfe,
    0x30, 0x25, 0x45, 0x99, 0x1, 0x80, 0x42, 0x40,
    0x14, 0xc8, 0xc1, 0xe1, 0xa0, 0x2, 0x4f, 0x0,
    0x23, 0x38, 0x6, 0xdd, 0x0, 0x4a, 0x68, 0x9,
    0xc0, 0x18, 0xd1, 0xc0, 0x33, 0x70, 0x0, 0xc0,
    0x37, 0xc0, 0x80, 0x6b, 0x50, 0xf, 0xa1, 0xc8,
    0xc4, 0x0, 0x72, 0x1, 0xf2, 0x4, 0x61, 0x28,
    0x1, 0x80, 0x34, 0xc8, 0x2, 0xaf, 0xd1, 0x0,
    0xc0,

    /* U+680F "栏" */
    0x0, 0xb5, 0x0, 0x5, 0x20, 0x12, 0xd0, 0x7,
    0xf1, 0x2b, 0x80, 0x23, 0xc0, 0x25, 0x63, 0xc6,
    0x0, 0x76, 0x84, 0x32, 0x80, 0x59, 0x81, 0x3c,
    0x5f, 0xd5, 0xf7, 0x4f, 0xa0, 0x4, 0xc0, 0x1d,
    0x2e, 0xef, 0xd0, 0x1, 0x50, 0x39, 0x1, 0x17,
    0xe0, 0x9, 0x41, 0x78, 0x3, 0xfe, 0x30, 0x2e,
    0x22, 0x8c, 0xfc, 0x1, 0x45, 0x0, 0x30, 0xaf,
    0x33, 0xb4, 0x0, 0x8a, 0xc0, 0x2, 0x9, 0xff,
    0xee, 0x0, 0x2c, 0x8, 0x7, 0xff, 0x4, 0x58,
    0x3, 0xff, 0x91, 0xdf, 0xff, 0x8c, 0x3, 0xdb,
    0x99, 0xf8, 0xc0,

    /* U+6821 "校" */
    0x0, 0xb5, 0x0, 0x3b, 0x8c, 0x3, 0xff, 0x9d,
    0x3f, 0xf0, 0xe7, 0xfc, 0x25, 0xfe, 0x2b, 0xfd,
    0xfb, 0xef, 0xf4, 0xff, 0x84, 0xbb, 0x2, 0x79,
    0xa, 0xc8, 0x1, 0x54, 0x0, 0x85, 0x40, 0x44,
    0x1c, 0xe6, 0x0, 0xd7, 0x70, 0x5, 0xa1, 0x7,
    0x4f, 0xe2, 0x0, 0x88, 0x88, 0x5, 0x89, 0xfb,
    0x97, 0xd2, 0x8, 0xcb, 0xa4, 0x11, 0x41, 0x88,
    0xc1, 0xe, 0x50, 0xc0, 0x40, 0x4e, 0xc0, 0x9,
    0x20, 0x16, 0xf2, 0x80, 0x8, 0x64, 0x40, 0x3d,
    0x84, 0x82, 0x1, 0x1b, 0x80, 0x79, 0xa9, 0xd2,
    0x80, 0x3f, 0x8e, 0xe2, 0xe3, 0x1f, 0x98, 0x3,
    0xee, 0xce, 0x40, 0x2d, 0x9b, 0x10, 0xb, 0x50,
    0x35, 0xc0, 0x39, 0xf4, 0x40,

    /* U+6837 "样" */
    0x0, 0xff, 0xe3, 0xf8, 0x80, 0x21, 0xc0, 0x22,
    0xe2, 0x0, 0xfd, 0x70, 0x20, 0xb, 0x52, 0x0,
    0x11, 0x0, 0x84, 0x64, 0x72, 0x46, 0xe2, 0x1,
    0xdd, 0x6, 0x62, 0x75, 0x27, 0x6c, 0x2b, 0xc0,
    0x7f, 0x3, 0x75, 0x1f, 0xf0, 0x67, 0xfb, 0x40,
    0x2b, 0xe, 0x0, 0xf3, 0x80, 0x79, 0x41, 0xdc,
    0x3f, 0xf0, 0x5f, 0xf9, 0x40, 0x6, 0x21, 0x18,
    0x3f, 0xf0, 0x5f, 0xf9, 0x40, 0x11, 0x40, 0x56,
    0x1, 0xce, 0x1, 0x91, 0x98, 0x0, 0x2e, 0xec,
    0x19, 0xdd, 0x12, 0x48, 0x4, 0x5b, 0xb8, 0x27,
    0x76, 0x20, 0x40, 0xc, 0x67, 0x81, 0x4c, 0xe0,
    0xf, 0xfe, 0xa8,

    /* U+6838 "核" */
    0x0, 0xff, 0xe3, 0xe2, 0x0, 0x77, 0x18, 0x7,
    0xff, 0x2c, 0x40, 0x15, 0xdd, 0xe, 0xf7, 0x44,
    0x4f, 0xf1, 0x5f, 0xf7, 0xf8, 0x93, 0xff, 0x11,
    0x3b, 0x2, 0x79, 0x5, 0xc6, 0xc5, 0x94, 0x40,
    0x2, 0xa0, 0x22, 0x4d, 0x8f, 0x4, 0x86, 0x0,
    0xda, 0x10, 0x69, 0x42, 0xc7, 0x74, 0x40, 0x10,
    0xb1, 0x3f, 0x3, 0xd5, 0xe5, 0x2a, 0xa4, 0x1,
    0x34, 0x38, 0x84, 0x38, 0x36, 0xa5, 0x58, 0x4,
    0xcc, 0x0, 0x4b, 0xfa, 0xe2, 0x17, 0xba, 0x80,
    0xc8, 0x80, 0x43, 0x78, 0x49, 0x8d, 0x0, 0x3,
    0x70, 0xc, 0x8a, 0x35, 0x49, 0x47, 0x0, 0xfc,
    0x95, 0xc7, 0xef, 0x92, 0xe0, 0x1e, 0x18, 0x2d,
    0x91, 0x3, 0xda, 0x10, 0xb, 0x10, 0x72, 0x8,
    0x3, 0x1e, 0x88,

    /* U+6839 "根" */
    0x0, 0xa9, 0xc0, 0x13, 0xff, 0xe3, 0x0, 0xfe,
    0x7f, 0xfc, 0x20, 0x12, 0x21, 0xb9, 0x8, 0x3,
    0xf8, 0x6a, 0x86, 0xd5, 0x40, 0x7f, 0xfc, 0x20,
    0x1, 0xee, 0x4, 0x74, 0x3, 0x77, 0x61, 0x0,
    0xca, 0x1a, 0x1, 0x8, 0xf0, 0x7, 0x78, 0x2b,
    0x0, 0x1f, 0xff, 0x8, 0x4, 0x28, 0x86, 0x83,
    0x6, 0xe0, 0xde, 0xe0, 0x80, 0x25, 0x87, 0xa1,
    0x40, 0x44, 0xaa, 0x1b, 0xe0, 0x26, 0x90, 0x3,
    0x30, 0x2, 0xfa, 0xd3, 0xc0, 0x19, 0x10, 0xf,
    0x94, 0x52, 0x40, 0x6, 0xe0, 0x1f, 0x92, 0xd9,
    0x0, 0x3f, 0x32, 0x3f, 0xc8, 0xcd, 0xb8, 0x7,
    0xe5, 0xbe, 0xd6, 0x65, 0x50, 0x40, 0x2a, 0x70,
    0x68, 0x41, 0x0, 0x97, 0x44,

    /* U+683C "格" */
    0x0, 0xff, 0xe3, 0xd3, 0x80, 0x6d, 0x40, 0xf,
    0xfe, 0xb, 0x96, 0x3b, 0xc2, 0x1, 0xf8, 0xe1,
    0xf8, 0x76, 0x44, 0x7, 0xfc, 0xb1, 0xf7, 0xa4,
    0x46, 0x74, 0x80, 0x0, 0xf6, 0x83, 0xeb, 0x33,
    0x59, 0x94, 0xac, 0x1, 0xb, 0x3, 0x6, 0xc0,
    0x74, 0xad, 0x80, 0x76, 0x82, 0xf8, 0x81, 0xfa,
    0x1d, 0x90, 0x6, 0x44, 0x62, 0xb5, 0x6d, 0xdb,
    0x73, 0x6c, 0xc1, 0x90, 0x42, 0xa5, 0xc2, 0xb3,
    0x16, 0x20, 0x1, 0x8b, 0x0, 0x17, 0x2a, 0xbf,
    0xf0, 0xc1, 0xab, 0x90, 0x7, 0x11, 0x9e, 0x10,
    0x2, 0x48, 0x7, 0xff, 0x28, 0x8c, 0xf0, 0x80,
    0x7f, 0x97, 0xff, 0x0, 0x7a, 0x9c, 0x1, 0x1d,
    0x99, 0xbc, 0xc0,

    /* U+6841 "桁" */
    0x0, 0x25, 0x80, 0x4b, 0x20, 0x23, 0xc0, 0x1f,
    0xd, 0xd2, 0xf7, 0x6a, 0x0, 0x11, 0x1c, 0x87,
    0x18, 0xd7, 0xff, 0x58, 0x16, 0xc9, 0xec, 0xa4,
    0x48, 0x7, 0xc5, 0xea, 0x9f, 0x12, 0xca, 0x67,
    0xe0, 0x9, 0x14, 0x40, 0x63, 0xfd, 0xdc, 0xcd,
    0xe1, 0x3, 0x10, 0xb0, 0xd1, 0x2c, 0xdd, 0x24,
    0x68, 0x85, 0xaa, 0x86, 0x9c, 0x40, 0x3f, 0x9b,
    0xc2, 0x6e, 0xc0, 0x1f, 0xcc, 0xc1, 0x2, 0x10,
    0xf, 0xf3, 0xc8, 0x7, 0xff, 0x8, 0x44, 0x1,
    0xff, 0xcc, 0x11, 0x38, 0x7, 0xff, 0x6, 0xb8,
    0x50, 0x0,

    /* U+6846 "框" */
    0x0, 0xb8, 0x82, 0x3f, 0xff, 0x10, 0x7, 0xcb,
    0xdd, 0xf1, 0x0, 0x7c, 0x62, 0x3f, 0x1, 0x7f,
    0x87, 0x7c, 0x0, 0xff, 0xfd, 0x40, 0x5b, 0x41,
    0x7a, 0x0, 0x7f, 0xf0, 0x6f, 0xd0, 0x0, 0x88,
    0x18, 0x40, 0x1f, 0xfc, 0xb, 0x5, 0x30, 0x1,
    0xff, 0x83, 0x7d, 0xc0, 0x2, 0xe3, 0x1c, 0x0,
    0x3f, 0xf0, 0x67, 0xb8, 0x2, 0x74, 0x1e, 0x0,
    0x3c, 0x20, 0x10, 0xb3, 0x0, 0xa, 0x0, 0x11,
    0x80, 0x46, 0x4, 0x90, 0xf, 0x57, 0x70, 0x33,
    0xb8, 0xa, 0xe0, 0x1e, 0xbf, 0xff, 0x0, 0x7e,
    0x6f, 0xff, 0x98, 0x3, 0xe5, 0xdd, 0xf9, 0xc0,

    /* U+6863 "档" */
    0x0, 0xb1, 0x40, 0x3b, 0xc4, 0x3, 0xfc, 0x96,
    0x1, 0xcf, 0x80, 0x18, 0x4c, 0x11, 0x4c, 0x3,
    0x55, 0x0, 0xff, 0xc5, 0x3e, 0x6d, 0x40, 0x12,
    0x9b, 0x1, 0xf5, 0x84, 0x71, 0xd7, 0x80, 0x5b,
    0x60, 0x10, 0x98, 0x50, 0x93, 0x12, 0x83, 0xe0,
    0xa0, 0x5, 0x60, 0x72, 0x93, 0x28, 0x2b, 0x9a,
    0x90, 0x1, 0x15, 0xe, 0x5b, 0xbe, 0xa0, 0xa,
    0xd8, 0x4e, 0x94, 0x47, 0xc4, 0x0, 0x26, 0x90,
    0x2, 0x2f, 0x77, 0xa4, 0x0, 0x8e, 0x20, 0x12,
    0x7f, 0xfa, 0xc0, 0xd, 0x0, 0x1f, 0xf0, 0x80,
    0x7e, 0xdf, 0xff, 0x50, 0x7, 0xec, 0xdd, 0xf5,
    0x8, 0x0,

    /* U+6865 "桥" */
    0x0, 0xb8, 0x80, 0x31, 0x1a, 0xc5, 0x88, 0x7,
    0xc3, 0xdc, 0xcc, 0x78, 0x70, 0x4, 0x44, 0x6,
    0x21, 0xee, 0x3a, 0xd4, 0x28, 0x81, 0x66, 0x6,
    0xb0, 0x8a, 0x4d, 0x22, 0xc0, 0x5d, 0xa1, 0x5d,
    0x7b, 0xa2, 0x8d, 0xdc, 0x80, 0xb, 0xa, 0x19,
    0xf2, 0x8f, 0xe1, 0xcf, 0x40, 0x2, 0x83, 0xd0,
    0x50, 0xb8, 0xd, 0xe9, 0x80, 0x11, 0xc6, 0xf7,
    0x19, 0x48, 0x1, 0xad, 0x86, 0x11, 0xc0, 0x6,
    0x8c, 0x76, 0x0, 0x36, 0x60, 0xd4, 0x10, 0x2,
    0x40, 0x17, 0x0, 0xc6, 0x9, 0xe0, 0x1c, 0x40,
    0x60, 0x1e, 0x13, 0x0, 0xeb, 0x40, 0xf, 0xfe,
    0xa, 0x34, 0x80, 0x7f, 0xf0, 0x62, 0xc8, 0x3,
    0xfd, 0xc4, 0x18, 0x80, 0x1b, 0x90, 0x0,

    /* U+68B0 "械" */
    0x0, 0x17, 0x80, 0x78, 0xbc, 0x98, 0x3, 0xff,
    0x80, 0x60, 0x5a, 0xe0, 0x1f, 0x19, 0xe5, 0x3,
    0xf2, 0x0, 0x6f, 0x86, 0xae, 0xee, 0xa0, 0xda,
    0xb3, 0x9, 0xa0, 0x94, 0xea, 0xea, 0xe0, 0xce,
    0xe1, 0x82, 0x78, 0x18, 0x8a, 0x42, 0xc0, 0x84,
    0x2c, 0x2, 0x40, 0xa2, 0x0, 0xe1, 0x64, 0x60,
    0x0, 0x98, 0x5b, 0xc1, 0xc0, 0x3b, 0x1f, 0x28,
    0x1, 0x94, 0x19, 0x40, 0x38, 0xbd, 0x2c, 0x1,
    0x3c, 0x1, 0x6a, 0x40, 0x3e, 0xb2, 0x98, 0x2a,
    0x30, 0x4, 0x64, 0x1, 0x38, 0x40, 0x1, 0x60,
    0x3, 0x55, 0x80, 0x52, 0x0, 0x64, 0x2, 0x0,
    0xa1, 0x8c, 0xa, 0xc5, 0xa3, 0x4, 0x3, 0xaa,
    0x80, 0xa, 0xca, 0x90, 0x75,

    /* U+68C0 "检" */
    0x0, 0xff, 0xe3, 0xf8, 0x80, 0x64, 0xe0, 0xf,
    0xfe, 0x14, 0x83, 0x80, 0x71, 0x10, 0x14, 0x80,
    0x16, 0x9f, 0x4e, 0x1, 0xe, 0x68, 0x5c, 0x85,
    0x3c, 0x8e, 0x4c, 0x80, 0x3, 0xd6, 0x1b, 0x38,
    0xf2, 0x88, 0x58, 0x5d, 0x20, 0x6, 0x84, 0xda,
    0xc4, 0xc4, 0x55, 0xa8, 0xc0, 0x4, 0x7, 0xf9,
    0x5c, 0xce, 0x19, 0x40, 0x46, 0x8, 0xc4, 0x60,
    0x4a, 0x0, 0x53, 0x80, 0x3f, 0x81, 0x69, 0xa0,
    0x15, 0x0, 0x55, 0x80, 0x99, 0x40, 0x22, 0x33,
    0x8, 0xb, 0x30, 0x40, 0xb8, 0x3, 0x91, 0x82,
    0x4e, 0x6c, 0x2, 0x30, 0xe, 0x95, 0x7, 0x57,
    0x20, 0xf, 0x93, 0x33, 0xa1, 0x33, 0x2, 0x1,
    0xcb, 0x11, 0xd7, 0x31, 0x1,

    /* U+68C4 "棄" */
    0x0, 0xfa, 0xa8, 0x1, 0xfb, 0xbb, 0x7f, 0x91,
    0x1d, 0xfd, 0xd8, 0x83, 0xba, 0xb1, 0xde, 0xe9,
    0x55, 0x5d, 0xc2, 0x6, 0xee, 0x50, 0xe7, 0x74,
    0x8d, 0x38, 0x60, 0x7, 0xcd, 0xd7, 0xf6, 0xe7,
    0x73, 0x31, 0x60, 0x11, 0x84, 0x59, 0x12, 0x6c,
    0x89, 0x14, 0xa2, 0x3, 0xdc, 0x57, 0xee, 0x23,
    0xf7, 0x1d, 0x7b, 0x82, 0x2c, 0xc2, 0x36, 0x61,
    0x1b, 0x30, 0xc9, 0x98, 0x10, 0x8, 0xdb, 0xb8,
    0xaf, 0xdc, 0x63, 0x0, 0xc2, 0x28, 0xff, 0x95,
    0xbf, 0xe8, 0x11, 0x0, 0xe6, 0x6f, 0xe5, 0x6e,
    0xfc, 0xcc, 0x22, 0xdd, 0xa4, 0x95, 0x15, 0xa,
    0x77, 0x61, 0x3, 0x7c, 0xff, 0x50, 0x9d, 0xc7,
    0xec, 0x20, 0xc, 0x6, 0xd9, 0x80, 0x64, 0xbc,
    0xee, 0x8,

    /* U+68DA "棚" */
    0x0, 0x44, 0x1, 0xbf, 0xe4, 0x3f, 0xfb, 0x80,
    0x3c, 0xfe, 0x80, 0x2, 0xfd, 0x3, 0x74, 0x43,
    0x80, 0x7f, 0x9a, 0xc8, 0x96, 0x23, 0x38, 0x4,
    0x22, 0x5, 0xc2, 0x4c, 0x16, 0xe3, 0x0, 0x17,
    0x60, 0x4, 0x6a, 0x40, 0xfe, 0x80, 0x2, 0xfd,
    0x0, 0x20, 0x14, 0x8, 0x7, 0xfb, 0x49, 0x5f,
    0xc0, 0x5c, 0x1c, 0x4, 0x40, 0x7, 0x50, 0xc1,
    0x7e, 0x30, 0x12, 0xec, 0x7, 0x70, 0x0, 0x4e,
    0xfd, 0x0, 0xd3, 0xf4, 0xe, 0xc0, 0x27, 0x50,
    0xb, 0x8c, 0x2, 0x42, 0x0, 0x11, 0x88, 0x4,
    0x9c, 0x1, 0xf5, 0xb0, 0x1, 0xf0, 0xdc, 0x4,
    0x3, 0xd2, 0x3e, 0x3c, 0xc3, 0x58, 0xe0, 0x8,
    0x84, 0x88, 0xbf, 0x5a, 0x42, 0xbe, 0x40,

    /* U+691C "検" */
    0x0, 0xff, 0xe3, 0xf1, 0x80, 0x64, 0xbb, 0x8,
    0x7, 0xfc, 0xd1, 0x7f, 0x84, 0x1, 0x11, 0x1,
    0x88, 0xf2, 0xb4, 0x12, 0x72, 0x44, 0xb3, 0x3,
    0x79, 0x87, 0x2c, 0xdd, 0x49, 0x95, 0x97, 0x68,
    0x6f, 0x72, 0xf3, 0xc2, 0x3f, 0x2e, 0x80, 0x16,
    0xc, 0x2, 0x4, 0x40, 0x12, 0x10, 0xc, 0xa1,
    0x62, 0xff, 0xdc, 0x2b, 0xef, 0xd0, 0x1, 0x0,
    0xbe, 0x81, 0xf7, 0xa, 0xfb, 0x0, 0x2b, 0xa0,
    0xa6, 0x0, 0xff, 0x13, 0xb0, 0x2, 0x80, 0xff,
    0xc5, 0x7f, 0x80, 0x6, 0x91, 0x0, 0x9f, 0xfd,
    0x42, 0x2e, 0xfd, 0x4, 0x70, 0xf, 0x1d, 0xd3,
    0xe8, 0x80, 0x7e, 0x29, 0xdb, 0x49, 0x6f, 0x70,
    0xf, 0x2e, 0xf, 0xa8, 0x2, 0xa9, 0x6e, 0x1,
    0x71, 0xaf, 0x40, 0x80, 0x64, 0xc7,

    /* U+6982 "概" */
    0x0, 0xbc, 0x7, 0xfe, 0xea, 0xff, 0xd0, 0x1,
    0xf7, 0xf0, 0x50, 0x7a, 0x4c, 0x2, 0x28, 0x29,
    0x0, 0x7c, 0x26, 0x3, 0x36, 0x11, 0x61, 0xde,
    0x1, 0x84, 0x40, 0x3b, 0x61, 0xb2, 0x1d, 0xe0,
    0x19, 0xdc, 0x1, 0x78, 0x28, 0x7, 0xe1, 0x10,
    0x4, 0x81, 0x6e, 0x1f, 0xc1, 0x81, 0xc5, 0xb4,
    0x6, 0x41, 0x7a, 0x1f, 0xee, 0xde, 0x82, 0xeb,
    0xa, 0xa0, 0x2d, 0x0, 0x25, 0x84, 0x58, 0x2,
    0x22, 0x77, 0x0, 0x76, 0xd8, 0x12, 0x80, 0x69,
    0x10, 0xc, 0xbc, 0x49, 0xc8, 0x0, 0x12, 0x70,
    0x0, 0xe8, 0x77, 0xb5, 0x4, 0x80, 0x34, 0x3,
    0xc, 0xf5, 0xa8, 0x1e, 0x80, 0x4, 0x40, 0x1c,
    0xa2, 0x8, 0x58, 0x24, 0x1c, 0xa0, 0x17, 0x80,
    0x64, 0xb1, 0x0, 0x6f, 0xc0,

    /* U+69CB "構" */
    0x0, 0xb8, 0x80, 0x2e, 0x30, 0x1f, 0x0, 0xfe,
    0x9e, 0x1d, 0xef, 0xe, 0xe0, 0x7, 0xd3, 0xc3,
    0xbd, 0xe1, 0xdc, 0x2, 0xcc, 0xf, 0xe2, 0xe8,
    0xee, 0xbc, 0x3a, 0xc0, 0xa6, 0xc2, 0xa5, 0x74,
    0x77, 0x5e, 0x1d, 0x60, 0x5, 0x10, 0x35, 0xee,
    0x6, 0xff, 0x87, 0xb8, 0x80, 0xd, 0x9, 0xe,
    0xff, 0x60, 0x6f, 0xfc, 0x80, 0x6, 0x7, 0x94,
    0xed, 0xe0, 0xfd, 0xf9, 0x0, 0x3a, 0x8c, 0xa8,
    0x1e, 0xf0, 0x76, 0xa0, 0x5, 0x34, 0x3, 0x80,
    0x7b, 0xc1, 0xda, 0x80, 0x5, 0x72, 0x0, 0xc7,
    0x9a, 0x1d, 0x88, 0x0, 0x58, 0x0, 0x92, 0x8f,
    0x70, 0xbf, 0x55, 0xdc, 0x2, 0x1, 0x25, 0x1e,
    0xef, 0x2b, 0xb8, 0x3, 0xfe, 0x6f, 0x4c, 0x0,

    /* U+69FD "槽" */
    0x0, 0xbc, 0x80, 0x24, 0xc0, 0xd4, 0x0, 0xfc,
    0x5d, 0xcb, 0x3e, 0x2b, 0xee, 0x28, 0x7, 0x17,
    0x73, 0xf, 0x8b, 0x3b, 0x8a, 0x3b, 0xa0, 0xfc,
    0x9e, 0xe1, 0xe9, 0x77, 0x34, 0x7, 0xac, 0x23,
    0xc2, 0x31, 0x34, 0xf3, 0x0, 0x11, 0x80, 0x18,
    0xc2, 0x31, 0x34, 0xf3, 0xc0, 0x36, 0x87, 0x0,
    0x23, 0x13, 0x4f, 0x3c, 0x3, 0x30, 0x3b, 0x82,
    0x3d, 0x34, 0xff, 0x0, 0x26, 0x50, 0x9b, 0x9d,
    0xd6, 0x76, 0x6e, 0xb0, 0x1, 0x74, 0x3, 0x81,
    0x9d, 0xff, 0xb0, 0x81, 0x1c, 0x80, 0x3b, 0xb3,
    0x30, 0x80, 0x12, 0xc0, 0x3d, 0xdb, 0xb8, 0x40,
    0x21, 0x0, 0xf7, 0xee, 0xe1, 0x0, 0xe1, 0x0,
    0xd9, 0xdd, 0x80, 0x20,

    /* U+6A19 "標" */
    0x0, 0xb8, 0x83, 0xbf, 0xff, 0x28, 0x7, 0xbb,
    0xfc, 0x1e, 0xd3, 0xfe, 0x50, 0x22, 0xb, 0x92,
    0xee, 0x83, 0x5e, 0x37, 0x0, 0xb3, 0x1, 0x78,
    0x6f, 0x85, 0x8f, 0x1e, 0x60, 0x5d, 0xa1, 0x9c,
    0x6, 0x20, 0x20, 0x46, 0x1, 0xac, 0x28, 0x0,
    0xdc, 0x5c, 0xd7, 0xc0, 0x19, 0x41, 0x8d, 0xbf,
    0xbf, 0xbf, 0xf0, 0x0, 0xd8, 0x63, 0x83, 0x7b,
    0xbc, 0xe0, 0x9, 0xe0, 0x4b, 0xd, 0xee, 0xf3,
    0x81, 0xba, 0x80, 0x1b, 0xff, 0xf9, 0x42, 0x0,
    0x37, 0xdd, 0x78, 0xde, 0x57, 0xa9, 0xa8, 0x6,
    0x3a, 0x10, 0x3, 0x85, 0xa8, 0x7, 0x93, 0x6d,
    0x0, 0x23, 0xda, 0x30, 0xe, 0x4c, 0x58, 0xf3,
    0x20, 0x3c, 0x30,

    /* U+6A21 "模" */
    0x0, 0xf, 0x88, 0x5, 0xc6, 0x5, 0xe0, 0x1f,
    0x86, 0xa8, 0x31, 0x52, 0x15, 0x42, 0x0, 0xe1,
    0xff, 0x6, 0x7e, 0x7, 0xf8, 0xc1, 0xe4, 0x25,
    0x4e, 0x42, 0x66, 0x9, 0x1, 0x7, 0xd0, 0xc5,
    0x15, 0xef, 0xdf, 0xe0, 0x30, 0xb, 0x2, 0x40,
    0xf, 0xbb, 0xc6, 0x1, 0x90, 0x1d, 0xc0, 0xfb,
    0xbc, 0x60, 0x11, 0x8, 0x4e, 0x3, 0xd5, 0x71,
    0x0, 0x57, 0x60, 0x2b, 0x6c, 0x9c, 0x59, 0x96,
    0x38, 0xb, 0xa8, 0x6, 0x33, 0x79, 0x19, 0xc0,
    0x3, 0x73, 0x0, 0x37, 0x74, 0xe7, 0xdd, 0x8c,
    0xa4, 0x2, 0x6f, 0xf5, 0x4, 0x85, 0xff, 0x8c,
    0x3, 0xc5, 0x37, 0x66, 0xab, 0x83, 0x0, 0xf4,
    0xf7, 0x3d, 0x1, 0x7b, 0xf9, 0x0, 0x3, 0xe3,
    0x38, 0xe2, 0x1, 0xb, 0xea, 0x0,

    /* U+6A29 "権" */
    0x0, 0xff, 0xe3, 0xf1, 0x0, 0x5c, 0x40, 0x1f,
    0xfc, 0x17, 0x1d, 0xff, 0xdc, 0x1, 0x84, 0x40,
    0x71, 0x92, 0x5d, 0xd7, 0x81, 0x7f, 0x83, 0x3d,
    0x9c, 0xb1, 0x0, 0x38, 0xb6, 0xc2, 0xb7, 0x9f,
    0x95, 0xbb, 0xb2, 0x81, 0x18, 0x41, 0x5f, 0xa3,
    0x7c, 0x27, 0xf9, 0x40, 0x16, 0x9, 0x40, 0xc8,
    0x55, 0x2f, 0x54, 0x0, 0x8, 0xd, 0x9b, 0x48,
    0x44, 0x8c, 0x4c, 0x80, 0xd, 0x40, 0xd, 0x96,
    0x9, 0x90, 0x7c, 0xd0, 0xc, 0xb8, 0x1, 0x2e,
    0xc3, 0x10, 0xf, 0x8b, 0x4, 0x71, 0x0, 0x90,
    0x3, 0xf9, 0x60, 0x3, 0xc3, 0x32, 0xf, 0x98,
    0x0, 0x8, 0x7, 0x86, 0xec, 0x13, 0x74, 0x1,
    0xfc, 0x3d, 0xc1, 0xce, 0xe2, 0x80,

    /* U+6A5F "機" */
    0x0, 0xff, 0xe3, 0xf8, 0x5, 0x42, 0x98, 0xc,
    0xa0, 0x1f, 0x94, 0xc8, 0x46, 0xb7, 0x40, 0xf,
    0x25, 0x53, 0x80, 0x18, 0xb5, 0x80, 0x3f, 0xe0,
    0xf8, 0xac, 0x57, 0x3c, 0x55, 0x40, 0xe, 0xc8,
    0x6e, 0x9c, 0x81, 0x80, 0x5a, 0x2c, 0x0, 0x5c,
    0xe, 0x1c, 0xa5, 0xa3, 0xb, 0xaa, 0x80, 0x5,
    0x8, 0x46, 0x1d, 0x31, 0x5, 0xf8, 0x10, 0x20,
    0x5, 0x65, 0x4b, 0xd1, 0xe7, 0x52, 0xa8, 0x2e,
    0x81, 0x83, 0xff, 0x15, 0xd1, 0x62, 0x8b, 0xa8,
    0xc, 0xd9, 0x7f, 0xa5, 0xb9, 0x79, 0x49, 0x88,
    0x2, 0xc3, 0xc3, 0x77, 0x58, 0x8, 0x1c, 0x0,
    0x65, 0xa8, 0xa0, 0x3, 0x51, 0x18, 0x7, 0x40,
    0x22, 0x3b, 0xdc, 0x92, 0x90, 0x3, 0x9, 0xe0,
    0x3e, 0xfc, 0xdc, 0xb2, 0x80,

    /* U+6B21 "次" */
    0x0, 0xf8, 0x40, 0x3f, 0xf8, 0x45, 0xc4, 0x1,
    0xfa, 0xac, 0x40, 0xa, 0x24, 0x1, 0xfa, 0x1f,
    0xc8, 0x2c, 0x95, 0x7c, 0x80, 0x2, 0xc5, 0xa1,
    0x31, 0x8a, 0xb8, 0x85, 0xd8, 0x3, 0x5c, 0x40,
    0xf7, 0x43, 0x7b, 0xa7, 0x50, 0xe, 0x26, 0x90,
    0xf, 0x3f, 0x0, 0x75, 0x22, 0x80, 0x4, 0xc1,
    0x89, 0x0, 0x3a, 0xec, 0x0, 0x20, 0xe0, 0x6e,
    0x0, 0xeb, 0x80, 0xa, 0x8d, 0x80, 0x4, 0x1,
    0xad, 0xa8, 0x2, 0x6f, 0x4, 0x0, 0xeb, 0x5f,
    0x10, 0x4, 0xa1, 0xc5, 0x8, 0x4, 0x6d, 0x84,
    0x0, 0x87, 0xb0, 0x62, 0xa0, 0x8, 0xf4, 0x80,
    0x69, 0xb0, 0x40, 0x1a, 0xb8, 0x20, 0x19, 0x78,
    0x3c, 0x80, 0x21, 0xf7, 0xe3, 0x0, 0x97, 0x28,
    0x40, 0x38, 0x6e, 0xc6,

    /* U+6B22 "欢" */
    0x0, 0xfc, 0x48, 0x1, 0xff, 0xc2, 0x5f, 0x0,
    0xf1, 0x4c, 0xf3, 0x6, 0x98, 0x7, 0x8f, 0xbb,
    0x16, 0x2, 0x3f, 0xff, 0x0, 0xa3, 0xbc, 0x3a,
    0x43, 0xdd, 0xa4, 0xc0, 0x1a, 0xa0, 0x4, 0x45,
    0xa8, 0xf9, 0xe, 0x58, 0x2, 0xa8, 0x44, 0x12,
    0x79, 0x1, 0x0, 0x6b, 0x0, 0x11, 0xba, 0x94,
    0x7c, 0xc0, 0xe, 0xe, 0x20, 0x14, 0x8b, 0xf0,
    0x8, 0x10, 0x60, 0x7, 0xca, 0xc, 0x1, 0x20,
    0x20, 0x7, 0x89, 0xca, 0x0, 0x2d, 0x63, 0x20,
    0xe, 0xe5, 0xf5, 0x30, 0x54, 0xb5, 0x80, 0xd,
    0x63, 0x65, 0x2, 0x2b, 0x72, 0x85, 0x50, 0x1,
    0x5b, 0x4, 0x1c, 0x31, 0x20, 0xa, 0x69, 0x81,
    0x74, 0x40, 0x3, 0x89, 0x40, 0x13, 0x44, 0x98,
    0x7, 0xf, 0xc8, 0x7, 0x3f, 0x18,

    /* U+6B62 "止" */
    0x0, 0xfd, 0xe6, 0x1, 0xff, 0xcd, 0x10, 0xf,
    0xfe, 0x1f, 0x18, 0x7, 0xff, 0x21, 0xc4, 0x70,
    0x7, 0xfd, 0x7d, 0xd9, 0xc0, 0x3f, 0xd5, 0xdd,
    0x9c, 0x3, 0xfc, 0xc2, 0x38, 0x3, 0xff, 0xec,
    0x7d, 0xc0, 0xce, 0xe8, 0x33, 0xbb, 0x88, 0xea,
    0x97, 0x6a, 0xaa, 0xed, 0x55, 0xc4,

    /* U+6B63 "正" */
    0x1, 0x33, 0xff, 0xe0, 0x10, 0x2, 0x73, 0x3f,
    0xf8, 0x10, 0x0, 0x8f, 0xfe, 0xc0, 0xff, 0xea,
    0x0, 0xff, 0xe4, 0x28, 0x80, 0x7f, 0xf0, 0xa8,
    0x80, 0x3f, 0xf9, 0x1f, 0xfc, 0x1, 0xff, 0x66,
    0x70, 0x7, 0xfc, 0x67, 0xc0, 0x1f, 0xfe, 0x62,
    0xdd, 0x7, 0x6e, 0xb8, 0x37, 0x7c, 0x44, 0x88,
    0x54, 0x46, 0xa8, 0x8f, 0x18,

    /* U+6B64 "此" */
    0x0, 0xef, 0x30, 0x7, 0x28, 0x7, 0xff, 0x6f,
    0x88, 0x3, 0xf9, 0x88, 0x2, 0x10, 0x9, 0x50,
    0x80, 0x3, 0x52, 0xa0, 0x1f, 0x44, 0xa0, 0x77,
    0x7, 0x5c, 0x3, 0xed, 0xd3, 0x3, 0xe5, 0x90,
    0x7, 0xff, 0x2, 0x4c, 0x3, 0xff, 0xcd, 0x46,
    0x1, 0xf1, 0x90, 0x7, 0x3b, 0x1, 0x5, 0xd0,
    0x66, 0x14, 0xf0, 0xcc, 0x84, 0xe7, 0xa0, 0xa7,
    0x39, 0xef, 0x6f, 0x98, 0xa6, 0x23, 0xdf, 0xc9,
    0x63, 0x0, 0x37, 0x7f, 0xba, 0x40,

    /* U+6B65 "步" */
    0x0, 0x90, 0x80, 0x13, 0x40, 0x1f, 0xef, 0x50,
    0x9, 0x95, 0x71, 0x0, 0x7f, 0x8a, 0x67, 0x20,
    0x7, 0xf9, 0x33, 0x33, 0x0, 0x7, 0x30, 0x93,
    0x98, 0x74, 0xcc, 0xf1, 0xc, 0xca, 0xae, 0x64,
    0xaa, 0x99, 0xf1, 0x2, 0xa9, 0xa1, 0xd4, 0x88,
    0xab, 0x2, 0x28, 0x4, 0x3a, 0x84, 0x1, 0xc7,
    0x46, 0x1, 0x16, 0x2c, 0x80, 0x7a, 0x14, 0x80,
    0x2f, 0x6b, 0x3, 0x45, 0x0, 0x32, 0x40, 0x6,
    0xcb, 0x0, 0x2c, 0x35, 0xb4, 0xd1, 0x0, 0x61,
    0x0, 0x9b, 0x22, 0x13, 0x4a, 0x1, 0xf8, 0x56,
    0xf4, 0x71, 0x40, 0x3e, 0x9e, 0xe4, 0x16, 0xd9,
    0x80, 0x7e, 0xdb, 0xed, 0x92, 0x0, 0xfc,

    /* U+6B74 "歴" */
    0x0, 0x7f, 0xff, 0xf0, 0x50, 0x2, 0xce, 0xe6,
    0xf7, 0x6d, 0xee, 0x90, 0x2, 0x21, 0x2f, 0x11,
    0xd8, 0x2, 0x20, 0xc, 0xaf, 0x46, 0xec, 0xae,
    0x32, 0xee, 0x0, 0xf2, 0x0, 0x6d, 0x6, 0x0,
    0xf2, 0xa8, 0x87, 0x1d, 0x58, 0xc, 0x5c, 0x0,
    0x20, 0x7d, 0x5, 0xb3, 0x54, 0x1e, 0x87, 0x0,
    0xd1, 0x68, 0xd, 0x82, 0xc0, 0x59, 0x48, 0x4,
    0x34, 0xe2, 0xa0, 0xc2, 0xe, 0x5, 0xa8, 0xe,
    0x60, 0x5, 0x80, 0x64, 0x18, 0x1, 0x0, 0x8d,
    0xc0, 0x10, 0x20, 0x1, 0xee, 0xb4, 0x2, 0xdd,
    0x0, 0x78, 0x7f, 0xec, 0x0, 0x95, 0x4, 0x40,
    0x62, 0x20, 0x11, 0xe0, 0x42, 0x27, 0x70, 0x37,
    0xa8, 0x7b, 0xb9, 0x93, 0xc7, 0xff, 0xff, 0x80,
    0xc0,

    /* U+6B7B "死" */
    0x2, 0x2f, 0xfe, 0x10, 0xe, 0xef, 0xff, 0x8,
    0x87, 0xfd, 0x81, 0xdf, 0xf0, 0xdf, 0xfe, 0x20,
    0xa, 0x54, 0x40, 0x3f, 0xf8, 0x2, 0xaa, 0xff,
    0x88, 0x3, 0x2a, 0x0, 0x52, 0x9b, 0xab, 0x2,
    0x0, 0xa6, 0x8c, 0x0, 0x6f, 0x4, 0x43, 0x40,
    0x6, 0x6a, 0x63, 0x81, 0x69, 0x6b, 0x5, 0xe0,
    0x1, 0xaf, 0x4c, 0x0, 0x73, 0xb7, 0x18, 0x6c,
    0x0, 0xa6, 0x0, 0xc2, 0xe0, 0xb8, 0x4c, 0x20,
    0x1f, 0xfc, 0x5, 0x18, 0x0, 0xf9, 0x48, 0x2,
    0x58, 0xb1, 0x0, 0xfb, 0x90, 0x1, 0x35, 0x28,
    0x1, 0x8c, 0x44, 0x4a, 0xa0, 0x64, 0xc6, 0x0,
    0xd3, 0x1d, 0xcd, 0x53, 0x6, 0xd3, 0x0, 0xe7,
    0xff, 0xd6, 0x0,

    /* U+6B8B "残" */
    0x0, 0xff, 0xe2, 0x1f, 0xff, 0x80, 0x1c, 0x6b,
    0x94, 0x0, 0x3e, 0x91, 0xee, 0x80, 0x25, 0xa,
    0x35, 0x0, 0xf, 0xa8, 0x88, 0xf7, 0xc6, 0x6e,
    0xc4, 0x1, 0x90, 0x88, 0x66, 0xbb, 0x14, 0xf6,
    0xda, 0x80, 0x4, 0x9f, 0x30, 0xec, 0xc1, 0xc7,
    0x8a, 0x30, 0x3, 0x8f, 0x70, 0x96, 0xf8, 0x5f,
    0xfb, 0x84, 0x0, 0xb4, 0x1, 0x23, 0xbc, 0xa6,
    0x84, 0x74, 0x6, 0x37, 0xa7, 0x21, 0xab, 0x94,
    0xee, 0x46, 0x3, 0xd6, 0x9c, 0xd0, 0xfc, 0x60,
    0x7e, 0x35, 0x0, 0xa0, 0x40, 0x30, 0x29, 0x91,
    0xb6, 0x21, 0x80, 0x6b, 0x51, 0x0, 0xcb, 0xb,
    0x20, 0x19, 0x16, 0xc0, 0x21, 0x96, 0xa, 0x8,
    0x30, 0x4b, 0x91, 0x4, 0xae, 0x3e, 0x8e, 0x55,
    0x8, 0x7c, 0x30, 0x3, 0xf, 0x28, 0x5d, 0x29,
    0xc8, 0x2d, 0xc0, 0x28, 0x93, 0x0, 0xa7, 0xe8,
    0x0,

    /* U+6BB5 "段" */
    0x0, 0xe4, 0x60, 0xf, 0xf9, 0x63, 0xab, 0x83,
    0x3f, 0xf1, 0x80, 0x45, 0x41, 0x5d, 0x0, 0xa,
    0xff, 0x0, 0x7d, 0x8, 0x1, 0x8, 0x80, 0x2,
    0x1, 0xe4, 0x48, 0xc0, 0x98, 0x3, 0x1c, 0x0,
    0x55, 0x54, 0x98, 0x10, 0x4, 0xca, 0x20, 0x17,
    0x75, 0x5a, 0xe0, 0x14, 0xca, 0xa8, 0x1, 0xf4,
    0x51, 0x14, 0xbd, 0x86, 0x1, 0x7f, 0xdb, 0xdb,
    0xbe, 0xa0, 0xd, 0xdd, 0x64, 0x1d, 0x7f, 0xb0,
    0x20, 0x3, 0x8, 0xc6, 0x33, 0x2, 0x1c, 0xa4,
    0x4, 0xa1, 0x7b, 0xfe, 0x25, 0x7d, 0xc1, 0xa0,
    0x3, 0x58, 0x6f, 0x7e, 0x98, 0x79, 0x9a, 0x40,
    0x24, 0xe0, 0x63, 0x0, 0x2e, 0x5c, 0xc5, 0x5a,
    0x88, 0x7, 0x9a, 0x2f, 0xd9, 0xfb, 0x21, 0x40,
    0xbc, 0x2, 0x6d, 0x71, 0x0, 0xb, 0xea, 0x0,

    /* U+6BCF "每" */
    0x0, 0xce, 0xc0, 0x1f, 0xfc, 0x11, 0x83, 0x0,
    0xff, 0xe0, 0xc0, 0x4e, 0x67, 0xf0, 0x4, 0x6d,
    0x31, 0x1f, 0xe0, 0x0, 0xea, 0xba, 0xaf, 0xe4,
    0x40, 0x3, 0x4f, 0xfb, 0xbf, 0x98, 0x2, 0x8f,
    0x33, 0x7e, 0x1e, 0x7f, 0xc6, 0x1, 0x90, 0xb9,
    0x80, 0xe7, 0x60, 0x0, 0x26, 0x1, 0x2a, 0x8c,
    0x51, 0x3, 0x8, 0x91, 0xea, 0x90, 0xf7, 0x11,
    0xbe, 0x63, 0x5f, 0xfc, 0x2b, 0xc8, 0x37, 0x61,
    0xeb, 0xa1, 0xeb, 0xb8, 0x3a, 0xd8, 0x0, 0x22,
    0x20, 0x7c, 0xe7, 0x0, 0x88, 0x3, 0x28, 0x77,
    0xfb, 0x92, 0x3f, 0xc1, 0xde, 0x1, 0x11, 0xf7,
    0x7c, 0xe5, 0xdc, 0x0, 0x9b, 0x4, 0x7b, 0x7d,
    0xe0, 0x44, 0x1, 0xfe, 0xce, 0xf5, 0x0, 0x80,

    /* U+6BD4 "比" */
    0x0, 0x1f, 0x80, 0x63, 0xf0, 0xf, 0xff, 0x3b,
    0x10, 0x7, 0x22, 0x44, 0x1, 0x15, 0xca, 0x0,
    0x75, 0x56, 0x0, 0x56, 0x97, 0x30, 0x7, 0x77,
    0x50, 0x0, 0x2e, 0x91, 0x0, 0xff, 0xe0, 0x40,
    0x80, 0x7f, 0xf9, 0xa4, 0xc0, 0x39, 0x1e, 0xd8,
    0x3, 0x91, 0x85, 0xa4, 0x3e, 0xb3, 0xc, 0xa,
    0x22, 0x32, 0x73, 0x80, 0x9d, 0xeb, 0x73, 0x4a,
    0xee, 0x63, 0x10,

    /* U+6BEB "毫" */
    0x0, 0xfa, 0xa4, 0x3, 0xf7, 0x77, 0x91, 0xfb,
    0xbc, 0x21, 0xdc, 0xcc, 0xff, 0x77, 0x4, 0x2,
    0xc9, 0xbb, 0xf4, 0xe8, 0x7, 0xd9, 0xbb, 0xf0,
    0x7, 0xd6, 0x24, 0x5e, 0x9, 0x0, 0xd7, 0xb1,
    0x77, 0xfd, 0xb8, 0x0, 0x6e, 0xdd, 0xb3, 0xa2,
    0x99, 0xf7, 0x88, 0x0, 0xe3, 0x57, 0x6a, 0xc2,
    0x39, 0xa0, 0x17, 0x0, 0x50, 0xf7, 0x34, 0xc3,
    0x7f, 0xb3, 0x9, 0x20, 0x12, 0x19, 0xda, 0x13,
    0x5b, 0xae, 0x22, 0x0, 0x17, 0xfb, 0x66, 0x3,
    0xb6, 0xae, 0xd8, 0xc0, 0x6, 0xca, 0x9d, 0xc0,
    0xfc, 0xba, 0x98, 0x92, 0x3, 0x43, 0x21, 0x12,
    0xe6, 0xee, 0xe6, 0x20,

    /* U+6C14 "气" */
    0x0, 0xd2, 0x20, 0x1f, 0xfc, 0x16, 0x71, 0x0,
    0xff, 0xe0, 0xd8, 0xee, 0xff, 0x58, 0x4, 0x87,
    0x9f, 0xff, 0xd2, 0x1, 0x4c, 0x80, 0x47, 0xf0,
    0x10, 0x2, 0x41, 0xe3, 0xff, 0xf5, 0x0, 0x11,
    0xb8, 0x6b, 0x77, 0xec, 0x80, 0x2, 0x75, 0xf7,
    0x7f, 0x28, 0x6, 0x18, 0xff, 0xfc, 0x66, 0x0,
    0xff, 0xe1, 0x38, 0x80, 0x7f, 0xf0, 0x87, 0x40,
    0x3f, 0xf8, 0x5a, 0xc0, 0x1f, 0xfc, 0x24, 0x31,
    0x74, 0x0, 0xff, 0x8c, 0xd1, 0x80, 0x1f, 0xfc,
    0x1f, 0x46, 0x40,

    /* U+6C17 "気" */
    0x0, 0xd2, 0x20, 0x1f, 0xfc, 0x16, 0x60, 0x80,
    0x7f, 0xf0, 0x6c, 0x3f, 0xff, 0xac, 0x2, 0x42,
    0xde, 0xef, 0xea, 0x0, 0xa5, 0xc4, 0x8b, 0xf0,
    0x8, 0x2, 0x82, 0x21, 0xff, 0xf8, 0x80, 0x2,
    0xdc, 0x35, 0xbb, 0xf6, 0x18, 0x0, 0x73, 0xfb,
    0xbf, 0xa4, 0x3, 0xb3, 0xff, 0x97, 0x7d, 0x8c,
    0x3, 0x8b, 0xa0, 0x1, 0x4c, 0x40, 0x20, 0x1e,
    0x2c, 0x3e, 0xa4, 0xd0, 0x7, 0x88, 0x7, 0x8a,
    0xd5, 0x44, 0x1, 0x13, 0x0, 0x80, 0x61, 0xc6,
    0xc7, 0xf3, 0x7, 0x21, 0x83, 0x1, 0x8e, 0x6d,
    0x3b, 0x7c, 0x12, 0x24, 0xa8, 0x84, 0x26, 0x50,
    0x5, 0x3a, 0x21, 0xcc, 0x4, 0x13, 0x86, 0x1,
    0xc4, 0x0, 0x3e, 0xc0,

    /* U+6C34 "水" */
    0x0, 0xf9, 0xb4, 0x3, 0xff, 0xa6, 0x60, 0x18,
    0xd4, 0x0, 0x68, 0x98, 0x40, 0x48, 0x0, 0x5b,
    0xe0, 0xe, 0xbb, 0xe0, 0x5, 0x80, 0xfa, 0x50,
    0x3, 0x7f, 0xe1, 0xf0, 0x3, 0x9f, 0xa5, 0x0,
    0x79, 0x5, 0x0, 0x89, 0x93, 0x20, 0xf, 0xbd,
    0x44, 0x1, 0x2, 0xc0, 0x1f, 0x22, 0x20, 0x2,
    0x45, 0xd0, 0xf, 0xd, 0x39, 0x0, 0x6a, 0x2a,
    0x0, 0xc3, 0x85, 0x0, 0x1c, 0x3a, 0xb4, 0x0,
    0x1f, 0x6d, 0x0, 0xf8, 0xf1, 0x39, 0x47, 0x6c,
    0x44, 0x88, 0xf0, 0xc, 0x7c, 0xce, 0x6, 0x1,
    0x5d, 0x9e, 0xc0, 0x3a, 0x8, 0x3, 0xf, 0xfb,
    0x98, 0x3, 0xe0,

    /* U+6C42 "求" */
    0x0, 0xfa, 0xa4, 0x1e, 0x8c, 0x3, 0xff, 0x82,
    0xf3, 0xec, 0x1, 0x77, 0xff, 0x2b, 0x7f, 0xb0,
    0xe7, 0xc0, 0x1b, 0x99, 0xc8, 0x79, 0x9e, 0x0,
    0x1d, 0x1, 0x9c, 0x26, 0x26, 0x67, 0xd2, 0x0,
    0xb3, 0x6, 0x1, 0xac, 0xa, 0xa4, 0x40, 0x25,
    0x8d, 0x10, 0x1, 0xb2, 0x64, 0xb8, 0x7, 0x3c,
    0x80, 0x4a, 0xab, 0x87, 0x0, 0xf9, 0xd4, 0x40,
    0x16, 0x22, 0x0, 0xf8, 0xf2, 0x88, 0x0, 0x35,
    0xa, 0x1, 0x8a, 0xb1, 0x7c, 0xc0, 0x24, 0x9a,
    0x70, 0x1, 0x6b, 0x64, 0x88, 0x7, 0x34, 0xc6,
    0x91, 0x33, 0x6, 0x26, 0x66, 0x10, 0x9, 0xb5,
    0x8, 0xc, 0x0, 0x59, 0x81, 0xb0, 0xc, 0x52,
    0x1, 0xc7, 0xfe, 0xd3, 0x0, 0xf8,

    /* U+6C4E "汎" */
    0x0, 0x49, 0x80, 0x7f, 0xf0, 0x87, 0x28, 0x4f,
    0xff, 0xc6, 0x1, 0xa3, 0x44, 0x0, 0x3b, 0xb8,
    0x3, 0xe2, 0xb1, 0x0, 0x11, 0x61, 0x0, 0xc4,
    0x1, 0xff, 0xc3, 0xfd, 0x60, 0xc, 0x40, 0x1f,
    0xb6, 0xe5, 0x41, 0xc3, 0xb0, 0x40, 0x3e, 0x6e,
    0x50, 0x1, 0xe0, 0x68, 0x7, 0xe1, 0x0, 0x8,
    0x83, 0x46, 0x0, 0x3e, 0x1b, 0xd, 0x60, 0x1e,
    0x90, 0xf, 0xa5, 0xc0, 0xb4, 0x0, 0x62, 0x1,
    0xe1, 0x78, 0x5, 0x40, 0xf, 0x1c, 0x80, 0x2c,
    0xd1, 0x88, 0xc0, 0x3e, 0x20, 0x35, 0xf2, 0x98,
    0x0, 0xf3, 0x28, 0x82, 0xa8, 0xe5, 0x94, 0x3,
    0x9e, 0xa3, 0x81, 0xa8, 0x2a, 0x40, 0x3d, 0x3f,
    0xc8,

    /* U+6C60 "池" */
    0x6, 0xb5, 0x0, 0xe4, 0xe0, 0xf, 0x37, 0x45,
    0x6, 0xa0, 0x7, 0xf9, 0x76, 0xc0, 0x3e, 0x29,
    0x30, 0xe, 0x10, 0xe, 0x1b, 0xd6, 0x50, 0x4b,
    0x30, 0xc, 0x71, 0x40, 0x7a, 0x80, 0x5, 0x3c,
    0x90, 0x62, 0x83, 0x61, 0x82, 0x70, 0x0, 0xc6,
    0xea, 0x6c, 0x2a, 0xf0, 0x3, 0xf1, 0x24, 0xe9,
    0x8, 0x7, 0x8c, 0x3, 0x2a, 0x80, 0x3f, 0x10,
    0x80, 0x68, 0x30, 0xf, 0x37, 0x9a, 0x0, 0x4c,
    0x6c, 0x1, 0xe6, 0xfd, 0x0, 0x86, 0x20, 0x1,
    0xc9, 0xe0, 0x16, 0x0, 0x2c, 0x98, 0x0, 0x3a,
    0x22, 0x1, 0x13, 0x98, 0x0, 0xfc, 0x2, 0x97,
    0xee, 0xe9, 0x90, 0x0,

    /* U+6C7A "決" */
    0x3, 0xb5, 0x0, 0xef, 0x20, 0xf, 0x1f, 0xcd,
    0x0, 0x7f, 0xf0, 0x53, 0x2c, 0xff, 0xe0, 0xdf,
    0xf8, 0x3, 0xc2, 0x7b, 0xac, 0xb, 0xdb, 0x0,
    0x8b, 0x9c, 0x2, 0x22, 0x18, 0x31, 0x30, 0x4,
    0x57, 0x5a, 0x1, 0xff, 0xc1, 0x5d, 0x80, 0x11,
    0x8c, 0x4, 0x60, 0x20, 0xc, 0xa3, 0xdd, 0x60,
    0x67, 0x60, 0x6a, 0x80, 0x4a, 0x9f, 0xf4, 0x8,
    0x6f, 0xfc, 0xa0, 0x14, 0x18, 0x5, 0x6c, 0x94,
    0x1, 0xe6, 0x36, 0x0, 0x29, 0xd7, 0xb9, 0x0,
    0x74, 0x48, 0x0, 0xed, 0xc9, 0x17, 0xc4, 0x2,
    0x70, 0x70, 0x5c, 0x78, 0x0, 0x50, 0xe2, 0x0,
    0x3a, 0x1, 0xea, 0x24, 0x3, 0x63, 0xd9, 0x84,
    0xb0, 0x3f, 0x38, 0x7, 0xab, 0x8c,

    /* U+6CA1 "没" */
    0x0, 0x20, 0x7, 0xff, 0x8, 0xef, 0x8, 0xb,
    0xff, 0x94, 0x3, 0x1f, 0x37, 0x80, 0x5b, 0xdc,
    0x20, 0xf, 0xd, 0x78, 0x8, 0x10, 0x8c, 0x1,
    0xf8, 0x81, 0x48, 0x3, 0xd6, 0x63, 0x8a, 0x0,
    0x18, 0xa0, 0xd, 0xa4, 0xa2, 0x2b, 0xab, 0x2c,
    0x27, 0x0, 0xa5, 0x3d, 0xc8, 0x1f, 0x48, 0x8b,
    0xe4, 0x59, 0xfb, 0x24, 0x2, 0x29, 0x0, 0x66,
    0xef, 0xc0, 0x1c, 0x29, 0x1a, 0x1d, 0xfe, 0xd0,
    0x80, 0xe, 0x8e, 0x2, 0x5a, 0x0, 0x4a, 0x20,
    0x3, 0x13, 0x40, 0x2, 0xda, 0x29, 0xa8, 0x3,
    0xa1, 0x48, 0x0, 0x30, 0xeb, 0xe2, 0x1, 0x91,
    0x60, 0x0, 0x75, 0x46, 0x4d, 0x71, 0x0, 0xb5,
    0x89, 0xff, 0x3, 0x66, 0xea, 0xfb, 0x48, 0x26,
    0x40, 0xb7, 0xf4, 0x40, 0x5, 0xcd, 0x82,

    /* U+6CA2 "沢" */
    0x0, 0x38, 0x80, 0x7f, 0xf0, 0x46, 0xf9, 0x81,
    0x3f, 0xfe, 0xe0, 0x0, 0xe4, 0xc0, 0x80, 0xee,
    0xf4, 0x80, 0x73, 0x70, 0x80, 0x8, 0xbc, 0x1,
    0xff, 0xc7, 0xc6, 0x0, 0xff, 0xe1, 0x54, 0x60,
    0x80, 0x5, 0x13, 0xb0, 0x2, 0x6f, 0x50, 0x0,
    0x84, 0xd5, 0xd4, 0xa9, 0x0, 0x43, 0x22, 0x6,
    0x6d, 0xe1, 0xbd, 0xd6, 0x0, 0x61, 0x50, 0xf7,
    0x0, 0x3f, 0x0, 0x7d, 0x3c, 0x4, 0x60, 0xa,
    0x43, 0x0, 0xe1, 0x7f, 0x14, 0xc0, 0x1, 0xa7,
    0x80, 0x74, 0x1a, 0x38, 0xa0, 0x5, 0x27, 0x0,
    0x11, 0x37, 0x84, 0x30, 0x6, 0x2a, 0x78, 0x0,
    0x52, 0x1c, 0x84, 0x0, 0x72, 0xcb, 0xc8, 0x45,
    0x4, 0x68, 0x7, 0xcd, 0xb0,

    /* U+6CC1 "況" */
    0x0, 0x38, 0x80, 0x7f, 0xf0, 0x4b, 0x3a, 0x3,
    0xbf, 0xfe, 0x40, 0x1, 0x5d, 0x8c, 0x1, 0x5d,
    0xdc, 0x20, 0x1c, 0x96, 0x0, 0x11, 0xf0, 0x7,
    0xff, 0x1c, 0x71, 0x80, 0x3f, 0xf8, 0x23, 0x71,
    0xa4, 0x0, 0x22, 0xf0, 0x6, 0x7e, 0xa2, 0x0,
    0x4e, 0xef, 0x8, 0x7, 0x38, 0x3, 0xac, 0x7f,
    0x43, 0xfc, 0x80, 0x1d, 0x42, 0x2, 0x60, 0x1f,
    0xe6, 0x41, 0xd, 0x70, 0xf, 0xe1, 0x8b, 0x0,
    0x2e, 0x0, 0x71, 0x0, 0x50, 0x4a, 0xe, 0x6e,
    0x1, 0xde, 0x60, 0x8d, 0xc1, 0x10, 0xa1, 0x0,
    0x88, 0x48, 0x80, 0x50, 0x4e, 0xb8, 0x80, 0x2,
    0x26, 0xf2, 0x8, 0x33, 0x83, 0xe9, 0x80, 0x6d,
    0xff, 0x58, 0x0,

    /* U+6CD5 "法" */
    0x3, 0xc6, 0x0, 0xe9, 0x90, 0x7, 0x8f, 0xbf,
    0x84, 0x3, 0xff, 0x80, 0x53, 0xcb, 0xff, 0x33,
    0x3f, 0xe6, 0x0, 0xf2, 0x6e, 0xca, 0x9b, 0xb3,
    0x81, 0x75, 0x10, 0x0, 0x8a, 0x32, 0x2c, 0x20,
    0x58, 0x7a, 0x60, 0x1f, 0xfc, 0x2, 0x9d, 0x2e,
    0xec, 0xcc, 0xee, 0xc6, 0x1, 0x10, 0xee, 0xc2,
    0xd9, 0xbb, 0x8c, 0x2, 0x3a, 0x33, 0x38, 0x41,
    0x9f, 0x0, 0x6f, 0x20, 0x6, 0xa0, 0x82, 0xe8,
    0x7, 0x21, 0xc8, 0xb, 0x40, 0x1, 0x46, 0x80,
    0x34, 0xb8, 0x83, 0x19, 0x10, 0xcd, 0x4a, 0xa0,
    0x3, 0x9c, 0x7, 0x41, 0xf6, 0xe6, 0xd1, 0xd8,
    0x0, 0xa0, 0x1, 0x59, 0xbd, 0xfe, 0xec, 0xc1,
    0x98, 0x15, 0x80, 0x8, 0x64, 0x20, 0x1d, 0xa6,

    /* U+6CE1 "泡" */
    0x0, 0xf8, 0x40, 0x3f, 0x9b, 0x50, 0x2, 0xf6,
    0x0, 0xfc, 0xd7, 0x68, 0x7, 0x12, 0x33, 0xe1,
    0x0, 0x9b, 0x68, 0x64, 0x6b, 0x77, 0x64, 0x80,
    0x62, 0x26, 0x97, 0x77, 0x93, 0xc0, 0xfa, 0x5,
    0x48, 0x77, 0x71, 0x83, 0x80, 0xf, 0x53, 0x57,
    0xbb, 0x89, 0xc0, 0x2, 0x0, 0x3c, 0xe0, 0x1,
    0x9e, 0x10, 0x1, 0x18, 0x6, 0x20, 0x2, 0xae,
    0x10, 0x0, 0x88, 0x3, 0x4a, 0x85, 0xcf, 0x71,
    0x18, 0x81, 0x80, 0x21, 0x66, 0x0, 0x22, 0xed,
    0x5f, 0x84, 0x40, 0xa, 0x10, 0xc0, 0x38, 0x66,
    0xb0, 0xc0, 0x4, 0xde, 0x1, 0xf2, 0x20, 0x70,
    0x42, 0x11, 0x0, 0x16, 0x10, 0x8c, 0x4e, 0x22,
    0xd, 0x80, 0xa, 0x1b, 0x7b, 0xad, 0x98, 0x0,

    /* U+6CE2 "波" */
    0x2, 0xb4, 0x0, 0xe3, 0xe0, 0xf, 0x17, 0x4d,
    0x80, 0x8c, 0xc0, 0x23, 0x10, 0x4, 0xbb, 0x27,
    0xdd, 0x50, 0xf7, 0x5a, 0xa0, 0x18, 0x80, 0x7f,
    0xd8, 0x3f, 0xeb, 0x5, 0x1c, 0x60, 0xf, 0xf7,
    0x38, 0xc, 0xc6, 0x0, 0x42, 0x26, 0x1, 0x17,
    0x48, 0x1, 0x7a, 0x81, 0xc7, 0xb9, 0x43, 0xdc,
    0xb2, 0x0, 0xcc, 0x2, 0x52, 0x7f, 0xf5, 0x11,
    0x80, 0x65, 0x33, 0x33, 0x9, 0x40, 0x11, 0x40,
    0x1d, 0xb, 0xc4, 0x17, 0x61, 0x70, 0x70, 0xc,
    0xa6, 0xc7, 0xc0, 0xaf, 0x91, 0xc0, 0x1d, 0x12,
    0x8, 0x80, 0x7, 0x10, 0x80, 0x73, 0x1b, 0xb8,
    0x8d, 0x32, 0x69, 0xf2, 0x48, 0x1, 0xf2, 0x13,
    0x15, 0x6b, 0xeb, 0x36, 0x5a, 0xa1, 0x2e, 0x1e,
    0xb7, 0xd2, 0x20, 0x4, 0xbd, 0x50,

    /* U+6CE8 "注" */
    0x0, 0x10, 0x7, 0x20, 0x7, 0xe2, 0xdb, 0x20,
    0x1, 0xde, 0x10, 0x7, 0x8b, 0x8b, 0x44, 0xf,
    0x9b, 0x58, 0x3, 0xc3, 0x3a, 0x20, 0x1, 0xa8,
    0xc0, 0xf, 0xc5, 0x1f, 0xfa, 0x17, 0xfe, 0x11,
    0x63, 0x88, 0x4e, 0xec, 0xe5, 0xbb, 0x84, 0x53,
    0x5e, 0x62, 0x45, 0x70, 0x91, 0x60, 0x2, 0xec,
    0x18, 0x7, 0xff, 0x9, 0x80, 0x6, 0x77, 0x9,
    0x9c, 0x20, 0x1c, 0xc1, 0xb9, 0x87, 0x2c, 0xca,
    0x40, 0x32, 0xc0, 0x77, 0xfa, 0x4f, 0xfe, 0x80,
    0xd, 0x12, 0x1, 0xff, 0xc1, 0x73, 0x70, 0xf,
    0xfe, 0x1, 0x45, 0x81, 0x16, 0xe1, 0x22, 0xc2,
    0xa, 0x8a, 0x3b, 0xb9, 0xcb, 0x77, 0x30, 0x3d,
    0x0, 0xff, 0xff, 0x9c,

    /* U+6CFD "泽" */
    0x1, 0x30, 0xf, 0xfe, 0x12, 0xe4, 0x4, 0xff,
    0xfd, 0x20, 0x12, 0x6b, 0x3c, 0xd0, 0xef, 0x72,
    0x82, 0x0, 0x31, 0x7b, 0x82, 0xbc, 0x89, 0x5d,
    0x8, 0x7, 0x8, 0x5, 0x23, 0xb9, 0x4a, 0x1,
    0x1f, 0x30, 0x6, 0x67, 0x0, 0x60, 0x80, 0x47,
    0x71, 0x67, 0x3d, 0x10, 0xdd, 0x27, 0x5b, 0x0,
    0x17, 0xfc, 0xe5, 0x7c, 0xb4, 0xd9, 0x82, 0xd0,
    0x8, 0x51, 0x16, 0xe4, 0x47, 0x22, 0xc, 0x58,
    0x6, 0x92, 0x5d, 0xd8, 0xa7, 0x75, 0x80, 0x18,
    0xd8, 0x17, 0xfe, 0x3a, 0xff, 0x68, 0x6, 0x85,
    0x33, 0xe1, 0x23, 0x3c, 0x0, 0x44, 0x4a, 0x77,
    0x62, 0x9e, 0xec, 0x21, 0x2a, 0x6b, 0xbb, 0x8e,
    0xf7, 0x70, 0x85, 0xc0, 0x7, 0xff, 0x4,

    /* U+6D01 "洁" */
    0x4, 0x81, 0x0, 0xe9, 0x90, 0x7, 0x94, 0xbd,
    0x4, 0x71, 0x98, 0x47, 0x0, 0x6, 0xa1, 0xff,
    0xba, 0x55, 0x77, 0x61, 0x0, 0x98, 0xfb, 0xfe,
    0x55, 0x7f, 0xe1, 0x8, 0x10, 0xf, 0x19, 0x80,
    0x38, 0x45, 0xca, 0x4, 0x89, 0x11, 0x11, 0x22,
    0x1, 0x9b, 0x90, 0x78, 0x89, 0xdd, 0x11, 0x20,
    0x4, 0x98, 0xb, 0x99, 0xf9, 0x80, 0x32, 0x28,
    0x6f, 0x77, 0xc0, 0x1d, 0x24, 0x7, 0x19, 0x9a,
    0xc4, 0x3, 0x29, 0xb8, 0x0, 0x8b, 0x98, 0x3,
    0xae, 0x40, 0x3f, 0xf8, 0x30, 0x6e, 0x1, 0x1a,
    0x27, 0x0, 0x6f, 0x80, 0xd, 0x51, 0x1a, 0x84,
    0x0,

    /* U+6D17 "洗" */
    0x4, 0xa3, 0x0, 0x16, 0x3, 0x60, 0x7, 0x93,
    0xf5, 0xc1, 0x40, 0x3f, 0xe5, 0xf6, 0xc, 0x3f,
    0x93, 0xff, 0xac, 0x3, 0x8, 0x8d, 0x33, 0x5c,
    0xb7, 0x69, 0x2, 0xe7, 0x0, 0x73, 0x99, 0x70,
    0x91, 0x60, 0x2d, 0xac, 0x9, 0x90, 0x7, 0xf8,
    0xf6, 0x6, 0xfb, 0xfd, 0x27, 0xff, 0x94, 0x2,
    0x41, 0xcc, 0x40, 0xe6, 0x2, 0xb3, 0x8, 0x1,
    0x41, 0x9c, 0x4, 0x66, 0x7, 0x33, 0x8, 0x0,
    0x5c, 0x2, 0xe5, 0x0, 0xfe, 0x93, 0x30, 0x1,
    0xf0, 0x3, 0x8c, 0x40, 0xd, 0x20, 0x7, 0x5,
    0x0, 0xeb, 0x90, 0x83, 0x50, 0x78, 0xa0, 0xc,
    0xc2, 0x5c, 0x0, 0x80, 0x9a, 0xb4, 0x0, 0x92,
    0xf9, 0x1c, 0x21, 0x42, 0x75, 0x0, 0x35, 0xff,
    0xb8, 0x40,

    /* U+6D3B "活" */
    0x0, 0x18, 0x7, 0xf2, 0x38, 0x4, 0x99, 0x64,
    0x6, 0xd1, 0x5b, 0xf5, 0xa4, 0x0, 0x4e, 0x2f,
    0xf, 0xd1, 0x0, 0x77, 0x28, 0x80, 0x21, 0x9d,
    0xc, 0xb9, 0xe0, 0x10, 0xf, 0xfe, 0x41, 0x6b,
    0x0, 0x3b, 0xfe, 0xb2, 0xff, 0xc8, 0x51, 0xd,
    0x1c, 0xcd, 0x5, 0x99, 0x90, 0x17, 0xec, 0x48,
    0xcf, 0x1, 0x9e, 0x0, 0x85, 0x80, 0x3f, 0xf8,
    0x66, 0xe1, 0x7f, 0xeb, 0x2f, 0xf8, 0xc0, 0x34,
    0x70, 0x3c, 0xee, 0xf0, 0x7, 0x2a, 0x40, 0x0,
    0xc8, 0xb8, 0x40, 0x35, 0xc0, 0x80, 0x7f, 0xf0,
    0x24, 0xdc, 0x2, 0xd4, 0x4e, 0x10, 0x8, 0x64,
    0x3, 0x2c, 0x47, 0x8, 0x80,

    /* U+6D41 "流" */
    0x3, 0xb3, 0x0, 0xeb, 0x70, 0xf, 0x1e, 0x6d,
    0x11, 0x67, 0xe2, 0x2c, 0x1, 0x3f, 0xf6, 0x6e,
    0xc6, 0xdb, 0xb8, 0xc0, 0x21, 0x4e, 0xff, 0xc,
    0xfe, 0xdf, 0xf8, 0xc6, 0xd4, 0x3, 0x39, 0x30,
    0x2, 0x5c, 0x0, 0x3d, 0x18, 0xf, 0x50, 0x39,
    0x8f, 0x38, 0x60, 0x2, 0xec, 0x1, 0xe5, 0x4f,
    0xf6, 0x7e, 0xd8, 0x80, 0x48, 0x9, 0xd8, 0x92,
    0xe3, 0x83, 0xa2, 0x1, 0x2c, 0x0, 0x61, 0x0,
    0xfe, 0x8f, 0x1, 0x10, 0x7, 0xf9, 0x4d, 0xc0,
    0xb8, 0x3, 0xfd, 0x12, 0x4, 0x88, 0x0, 0xf3,
    0x28, 0x39, 0xb8, 0x72, 0x90, 0x7, 0x38, 0x98,
    0x7c, 0x3, 0x5, 0x80, 0x3d, 0xc1, 0x2e, 0x50,
    0x21, 0x81, 0xb0, 0x40, 0x8, 0x41, 0x3f, 0xc4,

    /* U+6D45 "浅" */
    0x0, 0xff, 0xe2, 0xad, 0x10, 0x6, 0xe4, 0x2d,
    0x70, 0xc, 0x87, 0xaa, 0x1, 0x84, 0xbf, 0x10,
    0x2, 0x19, 0xb6, 0x23, 0x50, 0xe9, 0x87, 0x95,
    0x0, 0xc8, 0x5f, 0xf0, 0x3, 0xff, 0x28, 0x14,
    0x90, 0xe, 0xe5, 0x28, 0x91, 0xa5, 0x88, 0x18,
    0xec, 0x3, 0xf7, 0xa2, 0x3f, 0xf0, 0x0, 0x63,
    0x74, 0xd, 0xfe, 0x93, 0xb9, 0xa5, 0x40, 0x8,
    0x94, 0x26, 0x2a, 0xcb, 0xff, 0x84, 0x2, 0xa2,
    0xf, 0xf7, 0xd, 0x7c, 0xb5, 0x8, 0x1, 0x14,
    0xe1, 0x94, 0xdf, 0xce, 0xbc, 0x3, 0x7b, 0x88,
    0x6, 0xa5, 0xcb, 0x53, 0x0, 0x22, 0x24, 0x3,
    0x2f, 0x2, 0x28, 0x79, 0x84, 0xb0, 0x82, 0x4f,
    0x5d, 0xb5, 0x69, 0xc, 0x82, 0xa0, 0x1, 0xc7,
    0x5c, 0xc5, 0xad, 0x6e, 0x20,

    /* U+6D4B "测" */
    0x0, 0xff, 0xe2, 0x2e, 0xc1, 0x7f, 0x75, 0xe4,
    0x0, 0x1e, 0x5, 0xf3, 0x11, 0x77, 0x46, 0x3,
    0xa0, 0x18, 0xac, 0xc0, 0x18, 0x1, 0xf8, 0x40,
    0x38, 0x80, 0x3e, 0x2e, 0x90, 0xf, 0xfe, 0x1,
    0x6a, 0x58, 0x7, 0xff, 0x0, 0xb6, 0x80, 0x3f,
    0xf8, 0x42, 0x1, 0xff, 0xc2, 0x80, 0xf, 0xfe,
    0xb, 0x28, 0x0, 0x4c, 0x3, 0xfa, 0xec, 0x12,
    0x8e, 0x14, 0x63, 0x40, 0x12, 0x13, 0x83, 0xc7,
    0xdb, 0x88, 0x38, 0x5, 0xec, 0x22, 0xb4, 0x5d,
    0xc1, 0x0, 0x18, 0x0, 0xac, 0x23, 0x24, 0x19,
    0x50, 0x37, 0x4e, 0x12, 0x41, 0x2e, 0x1, 0x42,
    0x86, 0xfc, 0x80,

    /* U+6D4F "浏" */
    0x5, 0x20, 0xa, 0xc4, 0x3, 0xb4, 0xc0, 0x71,
    0x0, 0x7, 0x40, 0x2, 0x60, 0xc, 0x95, 0xad,
    0x2, 0x11, 0x7, 0xc0, 0xe, 0x49, 0x0, 0x9,
    0x38, 0x7, 0x85, 0x40, 0xd, 0x10, 0xd1, 0x81,
    0x0, 0xc7, 0x70, 0x7, 0xa0, 0x68, 0x1, 0xe2,
    0xf5, 0x33, 0x34, 0xee, 0x80, 0x3e, 0x1d, 0x30,
    0xa6, 0x55, 0x0, 0x7e, 0x12, 0x1, 0x80, 0x20,
    0xf, 0xd3, 0x0, 0xb, 0x8, 0x0, 0xfc, 0xd2,
    0xa, 0x56, 0xe2, 0x1, 0xe7, 0x23, 0x2b, 0x84,
    0x44, 0xa5, 0x0, 0x69, 0x82, 0xc7, 0x60, 0xa8,
    0x0, 0x8c, 0x1, 0x48, 0x53, 0x20, 0x0, 0x80,
    0x1b, 0xcc, 0x81, 0x0, 0xe, 0x1, 0xe6, 0xfd,
    0x10,

    /* U+6D6E "浮" */
    0x0, 0xff, 0xe0, 0x88, 0x4, 0x9c, 0xc0, 0x24,
    0x8a, 0xf3, 0x9f, 0xe2, 0x0, 0x25, 0x5d, 0xa3,
    0xe3, 0xf7, 0xa7, 0x7c, 0x80, 0x24, 0xd8, 0xb4,
    0xcb, 0x56, 0x53, 0xe5, 0x0, 0xe3, 0x24, 0x61,
    0x56, 0x8, 0x45, 0x2, 0xd7, 0x0, 0xa3, 0x82,
    0x50, 0x52, 0x80, 0x5, 0x35, 0xa0, 0x34, 0xff,
    0x98, 0xe2, 0xe4, 0x0, 0x26, 0xc8, 0xf, 0x77,
    0x40, 0x42, 0x0, 0x64, 0x0, 0x8, 0xc7, 0x54,
    0xc7, 0x0, 0xe6, 0x51, 0x1c, 0x8b, 0xe4, 0x22,
    0x0, 0xd0, 0x7f, 0xdd, 0x48, 0xef, 0x74, 0xa0,
    0x7, 0x36, 0xef, 0xfa, 0xcb, 0xff, 0x28, 0xc,
    0x40, 0x3, 0xff, 0x83, 0x66, 0xa0, 0x10, 0x91,
    0x80, 0x7d, 0x9e, 0x1, 0xa3, 0x65, 0x40, 0x38,

    /* U+6D78 "浸" */
    0x0, 0x18, 0x7, 0xff, 0x9, 0x32, 0x84, 0x37,
    0xbb, 0xbf, 0xc0, 0x12, 0x6b, 0x40, 0x6f, 0x77,
    0x68, 0x7, 0x16, 0x40, 0x3f, 0x77, 0x60, 0x7,
    0xc2, 0xf, 0xdd, 0xd8, 0x1, 0x17, 0x40, 0x5,
    0xdd, 0xed, 0x0, 0x8b, 0x53, 0x0, 0x1d, 0xde,
    0xff, 0x0, 0x47, 0x9c, 0x1f, 0xdd, 0xfb, 0xc0,
    0x31, 0x0, 0x3f, 0xbb, 0xde, 0x1, 0xd0, 0x66,
    0xde, 0xee, 0xf6, 0x40, 0x8, 0x5d, 0xd9, 0x84,
    0x9e, 0xe5, 0x83, 0x58, 0x5, 0x26, 0x80, 0xb,
    0xa5, 0x4b, 0xa1, 0x0, 0x85, 0xe4, 0x2, 0x18,
    0xab, 0x85, 0x0, 0xd0, 0x6a, 0x4, 0xd7, 0x4c,
    0xb3, 0x4c, 0x40, 0xf, 0x80, 0x2c, 0xdd, 0x74,
    0xd6, 0x95, 0x69, 0x3, 0x20, 0x17, 0x5b, 0x8,
    0x0, 0xa3, 0x3c, 0x80,

    /* U+6D88 "消" */
    0x4, 0x92, 0x1, 0x50, 0x2, 0x70, 0x0, 0x58,
    0x0, 0x83, 0xac, 0x16, 0xc0, 0x1d, 0x7a, 0x1,
    0x46, 0x28, 0xd4, 0x88, 0x4, 0x8b, 0x20, 0x18,
    0xcc, 0x9, 0x42, 0x1, 0x36, 0x10, 0x16, 0xb0,
    0x5, 0xd5, 0xf6, 0x3f, 0xb9, 0x0, 0x51, 0xb,
    0x0, 0xa7, 0x77, 0x90, 0x2, 0x5f, 0xc0, 0x8,
    0x8b, 0xc2, 0x1, 0x85, 0xc0, 0x2b, 0xff, 0xe5,
    0x0, 0xe4, 0x40, 0x2, 0xff, 0xf9, 0x40, 0x3a,
    0x4c, 0x2, 0x11, 0xe0, 0xe, 0x53, 0x70, 0x5,
    0xf7, 0x72, 0x80, 0x6b, 0x90, 0xb, 0x3f, 0xf9,
    0x80, 0x28, 0x37, 0x0, 0xf8, 0xcc, 0x40, 0x16,
    0xc8, 0x7, 0xef, 0xd7, 0xb0,

    /* U+6D9F "涟" */
    0x0, 0xff, 0x40, 0x80, 0x71, 0x71, 0x94, 0x80,
    0x46, 0xe0, 0x1e, 0x28, 0xd1, 0x75, 0xbf, 0xc0,
    0xef, 0xf8, 0x40, 0xd, 0x7, 0x10, 0xbf, 0x1b,
    0xff, 0xc2, 0x1, 0x30, 0x36, 0x2, 0x12, 0x71,
    0x80, 0x69, 0x30, 0x8, 0x42, 0x2c, 0x81, 0x88,
    0x40, 0x19, 0x85, 0xcf, 0xe2, 0x39, 0xc1, 0xbc,
    0xa0, 0x2, 0xd1, 0xe5, 0x81, 0x7f, 0x70, 0x77,
    0xac, 0x2, 0x56, 0x0, 0xff, 0xe1, 0xd8, 0x80,
    0x1b, 0x76, 0x1e, 0xdd, 0x18, 0x1, 0x14, 0x40,
    0xf, 0xdd, 0x5, 0xf7, 0xc, 0x1, 0xce, 0x1,
    0x9, 0x9c, 0x2a, 0x66, 0x0, 0xa, 0xd0, 0x18,
    0x98, 0x7, 0xf3, 0x11, 0xc5, 0x4f, 0x4a, 0x16,
    0x89, 0x19, 0x80, 0x6c, 0x17, 0xdb, 0x3a, 0x77,
    0x37, 0x59, 0x60, 0xcc, 0xd, 0x20, 0x17, 0xdf,
    0xfe, 0x80,

    /* U+6DF1 "深" */
    0x1, 0x40, 0xf, 0xfe, 0x12, 0xd5, 0x8d, 0xff,
    0xff, 0x8, 0x27, 0x85, 0x85, 0x79, 0xd7, 0x87,
    0xf8, 0x3, 0xd, 0xd0, 0x4, 0x4c, 0x1, 0x94,
    0x3, 0xd6, 0xa6, 0x6, 0x1, 0xbc, 0x6, 0xd4,
    0x2, 0x1f, 0xb0, 0x8, 0x82, 0x48, 0x7a, 0x6c,
    0x1e, 0xa1, 0x4c, 0xc9, 0x9c, 0x6, 0xb, 0x90,
    0xf, 0x68, 0x15, 0x4b, 0xee, 0x60, 0x6, 0x30,
    0x22, 0xc6, 0x62, 0x2c, 0x1, 0x8c, 0x73, 0x76,
    0x55, 0x6e, 0xe3, 0x0, 0xbd, 0xbb, 0xfc, 0x62,
    0x44, 0xff, 0x8c, 0x0, 0xa4, 0xe0, 0xc, 0x57,
    0x45, 0xc0, 0xe, 0x88, 0x1, 0xe3, 0x48, 0x2,
    0x1b, 0x4c, 0x1, 0x0, 0xcc, 0xca, 0xa0, 0x6,
    0xaa, 0x61, 0x7, 0xc8, 0x37, 0x30, 0x7, 0x9f,
    0x88,

    /* U+6DFB "添" */
    0x0, 0x8, 0x7, 0xf0, 0x90, 0x4, 0xfe, 0xc0,
    0x48, 0xaf, 0x17, 0xbd, 0xc0, 0x9, 0xee, 0x57,
    0xa3, 0xad, 0xf2, 0x7b, 0x0, 0x32, 0xea, 0xe6,
    0x2e, 0xc6, 0xe8, 0x20, 0x1e, 0x22, 0x19, 0xd6,
    0xc6, 0x7c, 0x5, 0x26, 0x17, 0xdc, 0xd3, 0x7d,
    0xce, 0xe8, 0x4b, 0xfa, 0x27, 0x7c, 0x2b, 0x78,
    0xd3, 0x74, 0x20, 0xdb, 0x20, 0x98, 0xc0, 0x61,
    0xa9, 0x64, 0x1, 0x86, 0xea, 0x21, 0xe8, 0x3,
    0x85, 0xa6, 0x1, 0x3f, 0xfb, 0x4, 0x0, 0xa3,
    0x1d, 0xa6, 0x0, 0x6a, 0x42, 0x41, 0x0, 0x63,
    0x5c, 0x8, 0x5, 0x76, 0xf, 0x90, 0xa, 0xa8,
    0x51, 0xe0, 0x5, 0x26, 0x70, 0x70, 0x8, 0xcc,
    0x2e, 0x66, 0x9, 0x70, 0x7d, 0x1, 0x10, 0x3,
    0x84, 0x34, 0xc1, 0x24, 0x0, 0x2f, 0xca, 0x80,
    0x18, 0x80,

    /* U+6E05 "清" */
    0x3, 0xda, 0x47, 0xee, 0xbf, 0xdd, 0xd6, 0x0,
    0xf, 0x8, 0xdf, 0xba, 0x75, 0xee, 0xb0, 0x2,
    0x18, 0x72, 0xff, 0x9d, 0x7f, 0xe7, 0x0, 0x8,
    0x4, 0x5f, 0xf3, 0xaf, 0xfc, 0xe0, 0x5d, 0x44,
    0x17, 0x79, 0x92, 0xef, 0x21, 0x68, 0xe0, 0x44,
    0x6d, 0xd4, 0x46, 0x50, 0x2b, 0xc0, 0x3b, 0xdd,
    0xf8, 0x44, 0x1, 0x10, 0x0, 0x5b, 0xbb, 0x84,
    0x3, 0x9a, 0x40, 0xd, 0x99, 0xc0, 0x1e, 0x8f,
    0x0, 0x3e, 0x66, 0xd0, 0xe, 0x63, 0x60, 0x2,
    0x5d, 0xea, 0x0, 0xc3, 0x16, 0x1, 0x24, 0xcf,
    0x0, 0x68, 0x36, 0x0, 0x84, 0x8b, 0x18, 0x6,
    0xc9, 0x0, 0xfd, 0xbc, 0x84, 0x0,

    /* U+6E08 "済" */
    0x4, 0xc6, 0x0, 0xe8, 0xa0, 0xf, 0x27, 0xd5,
    0x3b, 0xfe, 0x75, 0xff, 0xc4, 0x0, 0x3c, 0xaf,
    0xd2, 0x6e, 0xe3, 0x8e, 0xf1, 0x0, 0x70, 0x97,
    0xa5, 0x4b, 0x69, 0x8, 0x1f, 0xc8, 0x80, 0x47,
    0x48, 0xea, 0x1, 0x8f, 0x4b, 0xa, 0x2f, 0xb2,
    0xf4, 0xb3, 0xac, 0x80, 0xaf, 0xc8, 0x81, 0x16,
    0x85, 0x38, 0xb8, 0x40, 0x11, 0x5, 0x1e, 0x91,
    0x64, 0x77, 0x0, 0x63, 0x30, 0xa, 0xe6, 0x68,
    0x0, 0xf7, 0xd8, 0x1b, 0xf7, 0x69, 0x0, 0xe5,
    0x28, 0x6, 0x7f, 0xfd, 0x20, 0x18, 0x6e, 0x0,
    0x8f, 0x3b, 0xb4, 0x0, 0x6b, 0x26, 0x9, 0x43,
    0x11, 0xe0, 0xd, 0x9e, 0xa, 0xd4, 0x1, 0xfe,
    0x63, 0x5, 0xd1, 0x0, 0xe6, 0xc0, 0x0,

    /* U+6E09 "渉" */
    0x1, 0xc8, 0x20, 0x14, 0x3, 0xe0, 0xf, 0xe,
    0x8e, 0x2, 0xc0, 0x0, 0x73, 0x27, 0x0, 0x86,
    0x78, 0x3, 0xdf, 0xf2, 0x80, 0x4, 0x3, 0xf0,
    0x99, 0xc4, 0x0, 0xfb, 0x31, 0xda, 0x3d, 0xd0,
    0xee, 0xe7, 0xc, 0x1c, 0x2e, 0xdc, 0xe8, 0xe,
    0xe4, 0xf2, 0x81, 0x55, 0x99, 0xde, 0x2a, 0x26,
    0x9a, 0x64, 0x1, 0x20, 0x1, 0xc0, 0x80, 0x26,
    0x77, 0x0, 0x63, 0x53, 0x8f, 0x0, 0xc3, 0x70,
    0x60, 0x14, 0x7c, 0xc1, 0x99, 0x40, 0xf, 0xec,
    0x1, 0x12, 0x45, 0x38, 0x75, 0xc9, 0x47, 0x49,
    0x80, 0x25, 0x48, 0x2, 0xdd, 0x1e, 0xc2, 0x0,
    0x46, 0x90, 0x1, 0x96, 0xed, 0x4e, 0x1, 0xa9,
    0x88, 0x13, 0x3e, 0xf3, 0x94, 0x3, 0xa6, 0x0,
    0xb, 0x5b, 0xce, 0x20, 0x1c,

    /* U+6E1B "減" */
    0x0, 0xff, 0xe2, 0xae, 0x28, 0x7, 0x9e, 0xde,
    0xc8, 0x0, 0xb1, 0x6, 0x0, 0xe1, 0x7, 0xf9,
    0x0, 0x93, 0x5f, 0xff, 0xa5, 0x3e, 0xd0, 0x80,
    0x3d, 0xdd, 0xa4, 0xbb, 0xa2, 0x27, 0xc0, 0x4,
    0xb5, 0x50, 0x98, 0x9b, 0x81, 0x53, 0x58, 0x1,
    0x66, 0x64, 0x10, 0xac, 0x0, 0x2e, 0x78, 0x0,
    0x4c, 0xe2, 0x1, 0x4f, 0x0, 0x89, 0xc, 0x53,
    0xf7, 0x88, 0x10, 0xd4, 0x2, 0x19, 0x13, 0x6,
    0xc5, 0x3, 0x87, 0x0, 0xcc, 0xac, 0xc0, 0xe,
    0x62, 0x90, 0xd, 0x53, 0xa4, 0xf, 0xca, 0xec,
    0x62, 0x44, 0x5, 0x35, 0x4c, 0x7, 0xef, 0xf1,
    0x19, 0x2a, 0x82, 0x24, 0xcc, 0x88, 0x93, 0xd1,
    0xe3, 0xeb, 0x30, 0xa6, 0x63, 0x88, 0xa, 0x5d,
    0x7, 0x8, 0x20, 0x38, 0xac, 0x0, 0x4e, 0xc0,
    0x2, 0xdc, 0x0,

    /* U+6E20 "渠" */
    0x0, 0x29, 0x0, 0x7f, 0xf0, 0xb7, 0x28, 0x3f,
    0xff, 0x50, 0x0, 0x63, 0xbc, 0x1, 0xdf, 0xfe,
    0xa0, 0x1c, 0xc2, 0xa8, 0x1, 0xfb, 0xbe, 0x0,
    0xe, 0xf9, 0x8, 0x3, 0xf7, 0x77, 0x90, 0x6,
    0x34, 0xf1, 0xd, 0xcc, 0xde, 0x1, 0xc5, 0xb4,
    0x21, 0xfb, 0xbb, 0x38, 0x2, 0x1f, 0x94, 0x0,
    0x32, 0xaf, 0x90, 0x1, 0x6e, 0xe0, 0x2, 0x5d,
    0x7f, 0xf8, 0x1, 0x10, 0x11, 0xa9, 0x1e, 0xab,
    0xc0, 0x3b, 0xae, 0xec, 0xad, 0xdd, 0xe1, 0x17,
    0xfe, 0x61, 0x33, 0xb, 0xff, 0xe1, 0x0, 0x93,
    0x4b, 0xd9, 0x71, 0x35, 0x0, 0x21, 0x7d, 0x98,
    0xb1, 0x0, 0x16, 0x44, 0x3a, 0x44, 0x5d, 0x3a,
    0xa0, 0x1e, 0x5c, 0xd1, 0x10,

    /* U+6E29 "温" */
    0x0, 0x28, 0x7, 0xff, 0x8, 0xef, 0x50, 0x3f,
    0xfe, 0xb0, 0x8, 0xfd, 0xe8, 0x1, 0xdf, 0xfa,
    0x40, 0x38, 0x6b, 0xc0, 0x3f, 0xf8, 0x62, 0x0,
    0xef, 0xfd, 0x20, 0x10, 0xd2, 0x80, 0x6e, 0xff,
    0xd2, 0x1, 0xe, 0x5e, 0x80, 0x59, 0xbb, 0xa0,
    0x3, 0x37, 0x40, 0x3, 0x7f, 0xfb, 0x24, 0x3,
    0x94, 0x0, 0x67, 0xf8, 0x3, 0x8d, 0x23, 0xbb,
    0xf2, 0x0, 0x6f, 0xc0, 0x7f, 0x1f, 0x97, 0xf2,
    0x0, 0xc8, 0x72, 0x1, 0xff, 0xc1, 0x87, 0x10,
    0xf, 0xfe, 0x3, 0x14, 0x0, 0x88, 0x0, 0x20,
    0x20, 0x1, 0x0, 0x6c, 0x7, 0x33, 0x3c, 0x7a,
    0x5b, 0xca, 0x94, 0x2d, 0x83, 0xbf, 0xff, 0xca,

    /* U+6E2C "測" */
    0x5, 0xc6, 0xf, 0xfd, 0xa0, 0x11, 0x70, 0x2f,
    0xd1, 0x87, 0x7e, 0x0, 0xf0, 0x7, 0x1e, 0x18,
    0x8, 0x8, 0x7, 0xc2, 0x1, 0xbf, 0xb4, 0x3,
    0xc5, 0xd4, 0x20, 0xe, 0xfb, 0x0, 0xf1, 0x68,
    0xd8, 0x0, 0x44, 0xc0, 0x1f, 0x15, 0xd8, 0x1,
    0xdc, 0xc0, 0xf, 0xe1, 0x0, 0x67, 0xd0, 0x7,
    0xf4, 0x80, 0x8, 0x58, 0x3, 0xf3, 0x20, 0x3,
    0x75, 0x80, 0x1f, 0xaa, 0xc2, 0x6b, 0xa6, 0x43,
    0xa0, 0x19, 0xd, 0xc2, 0xc4, 0xff, 0xc0, 0x60,
    0x1b, 0xd8, 0x68, 0x58, 0x21, 0xd8, 0x44, 0xe0,
    0x3, 0xb3, 0x7d, 0x0, 0xb9, 0xe3, 0xad, 0x82,
    0x8, 0xf4, 0x40, 0x22, 0x19, 0xfe, 0x80,

    /* U+6E32 "渲" */
    0x1, 0xc7, 0x10, 0xc, 0xd8, 0x1, 0xe1, 0xec,
    0xd9, 0xff, 0xa4, 0xff, 0xf1, 0x80, 0xa, 0xf0,
    0xdf, 0xbb, 0xe1, 0x0, 0xf6, 0xe8, 0xcf, 0xc0,
    0x82, 0x1b, 0x0, 0x7, 0x77, 0xff, 0xa2, 0x88,
    0x25, 0xb0, 0x40, 0xb7, 0x7d, 0x20, 0x12, 0x7b,
    0x8, 0x2f, 0xf7, 0x6f, 0xe0, 0xc, 0x34, 0x1,
    0x27, 0x76, 0xc0, 0xf, 0x14, 0x80, 0x13, 0x77,
    0x80, 0x3d, 0x0, 0x12, 0x6e, 0xf0, 0x7, 0x12,
    0xd8, 0x1, 0xc8, 0xb3, 0x0, 0x74, 0x29, 0x0,
    0x87, 0x76, 0x95, 0x0, 0x8d, 0x64, 0x5, 0x77,
    0x7d, 0x42, 0x0, 0x55, 0x18, 0xf7, 0x7f, 0xa4,
    0x1a, 0x80, 0x7f, 0xff, 0xd2,

    /* U+6E38 "游" */
    0x0, 0xff, 0xe2, 0xb4, 0x90, 0x2, 0x24, 0x0,
    0x9a, 0x1, 0xcd, 0xd8, 0x40, 0x1d, 0x82, 0x89,
    0x8, 0x1, 0xff, 0x3d, 0xdb, 0xe9, 0x43, 0xfe,
    0x50, 0x8, 0x71, 0xd3, 0x74, 0x41, 0x97, 0x72,
    0x16, 0x20, 0x17, 0x89, 0x14, 0xea, 0xb2, 0x1,
    0x25, 0xc0, 0x78, 0x19, 0xa8, 0xe2, 0x15, 0x20,
    0x8, 0xcd, 0x1, 0x5d, 0xc3, 0x9d, 0x53, 0xc0,
    0x8, 0xd4, 0xa, 0x78, 0x40, 0x27, 0xe1, 0x0,
    0x91, 0xc1, 0x94, 0x1, 0x7b, 0xa0, 0xfd, 0x40,
    0x7, 0x78, 0x91, 0x80, 0xdf, 0x48, 0x4f, 0x28,
    0xa, 0xda, 0x8, 0x4, 0x46, 0x80, 0xa6, 0x20,
    0xc4, 0x7c, 0xc0, 0x20, 0x20, 0x1f, 0x55, 0xaa,
    0x50, 0xb8, 0x80, 0x90, 0x7, 0x2b, 0x94, 0x87,
    0x44, 0x3, 0xf5, 0x4, 0x0,

    /* U+6E7F "湿" */
    0x0, 0x20, 0x7, 0xff, 0x9, 0x2f, 0x9, 0x3f,
    0xff, 0x10, 0x1, 0x34, 0x2c, 0xb, 0xff, 0xc0,
    0x1c, 0x59, 0x0, 0x1f, 0xfc, 0x31, 0x2, 0xee,
    0xf0, 0x4, 0x58, 0xc0, 0x11, 0x77, 0x78, 0x2,
    0x29, 0xbc, 0x0, 0x16, 0x67, 0x80, 0x32, 0xef,
    0x2, 0xe7, 0xff, 0xb0, 0x80, 0x31, 0x0, 0x99,
    0xb8, 0x82, 0xc, 0xc0, 0x1c, 0xc1, 0x46, 0x4,
    0xe, 0xc0, 0xb4, 0x1, 0x14, 0x8e, 0xc0, 0x7,
    0xbb, 0x0, 0x2b, 0x51, 0x64, 0x10, 0xc, 0x4a,
    0xc0, 0x1, 0x69, 0x1, 0x34, 0x0, 0xd7, 0x20,
    0x14, 0x99, 0x80, 0x1a, 0x80, 0x62, 0x10, 0xc0,
    0x11, 0xc0, 0x77, 0xf7, 0x3, 0x68, 0xbb, 0x9e,
    0x81, 0x68, 0x1d, 0xff, 0xfe, 0x40,

    /* U+6E80 "満" */
    0x7, 0xa4, 0x0, 0xb5, 0x0, 0x1c, 0x80, 0x19,
    0xf2, 0xa3, 0xfc, 0x57, 0xfe, 0x1b, 0xf9, 0x0,
    0x9b, 0xa3, 0xb8, 0x35, 0xdc, 0x1a, 0xe8, 0x0,
    0xf0, 0x88, 0xc4, 0x60, 0x11, 0x81, 0x2d, 0x2,
    0xbf, 0xc5, 0x7f, 0xe1, 0xbf, 0xf0, 0xb0, 0xdc,
    0xdf, 0x76, 0x1a, 0xee, 0xc2, 0x55, 0x7e, 0x2a,
    0xb8, 0x9, 0x56, 0x30, 0x9, 0x18, 0x2e, 0x22,
    0x1a, 0x88, 0x55, 0x0, 0x32, 0x80, 0x32, 0x30,
    0xff, 0xb5, 0x80, 0x31, 0x51, 0x80, 0x20, 0x2,
    0x55, 0x0, 0x74, 0x29, 0x80, 0x7f, 0xf0, 0xd,
    0x60, 0x2, 0x2e, 0x3c, 0x80, 0xe, 0xf6, 0x20,
    0x8, 0xbb, 0xfa, 0x5c, 0x40, 0x24, 0x80, 0xd,
    0x80, 0x10, 0xe3, 0xe0, 0x0,

    /* U+6E83 "溃" */
    0x3, 0xa2, 0x0, 0x8, 0xd1, 0x42, 0x30, 0x4,
    0x7b, 0xa8, 0xe, 0xdd, 0x32, 0x6e, 0xb8, 0x80,
    0x27, 0xdf, 0x0, 0x6e, 0x4a, 0x66, 0x0, 0x3c,
    0x4e, 0x5, 0xfd, 0xb, 0xdc, 0x10, 0xa, 0x4,
    0x2, 0xde, 0xe3, 0xaf, 0x74, 0x40, 0x25, 0xce,
    0x5d, 0xd9, 0x93, 0xbb, 0x20, 0xd5, 0xe9, 0x76,
    0xef, 0xee, 0x40, 0x2, 0x50, 0x3, 0xbe, 0x23,
    0xb0, 0x3, 0x84, 0x2, 0x8b, 0x9f, 0xb9, 0x0,
    0xf4, 0x40, 0x3, 0x27, 0x0, 0x7c, 0x2d, 0x60,
    0x18, 0x4c, 0x3, 0xeb, 0x43, 0x7, 0x70, 0x56,
    0x9, 0xa0, 0x4, 0x6b, 0x0, 0xa, 0xd, 0x76,
    0xfb, 0x90, 0xa, 0xd4, 0xc1, 0xb3, 0x6e, 0x8f,
    0xf7, 0x20, 0x1, 0x14, 0x0, 0x58, 0xe6, 0x0,
    0xb, 0xfd, 0x80,

    /* U+6E90 "源" */
    0x3, 0x40, 0xf, 0xfe, 0x12, 0xdd, 0x6, 0x7f,
    0xff, 0x0, 0x1b, 0x5d, 0x2, 0x7b, 0xa0, 0x9e,
    0xe8, 0x2, 0x2d, 0x40, 0x31, 0x11, 0x83, 0x88,
    0xc0, 0x1f, 0xb7, 0xb4, 0x3f, 0xb8, 0x60, 0xba,
    0xc0, 0x1, 0x3, 0xcf, 0xf7, 0x70, 0x2, 0x58,
    0x88, 0xc, 0x1, 0xd7, 0x78, 0x40, 0x25, 0xf9,
    0x1, 0x10, 0x44, 0xce, 0x10, 0xc, 0x22, 0x0,
    0x38, 0x31, 0x16, 0x0, 0xf2, 0x88, 0x11, 0xe7,
    0x7f, 0xb8, 0x3, 0x96, 0xd4, 0x45, 0x9f, 0xc3,
    0x99, 0x18, 0x5, 0x13, 0x88, 0x16, 0xc0, 0x12,
    0x60, 0x80, 0x14, 0xd9, 0x71, 0x10, 0xe0, 0x13,
    0x2d, 0x0, 0x2e, 0x5c, 0xda, 0x34, 0x0, 0x20,
    0x9, 0x1, 0x13, 0xb8, 0x20, 0x30, 0xf3, 0xc8,
    0x80, 0x56, 0x20,

    /* U+6E96 "準" */
    0x0, 0x31, 0x0, 0x6, 0x44, 0x19, 0x40, 0x3d,
    0xdb, 0x21, 0x8, 0x21, 0x22, 0x1, 0xe8, 0xed,
    0x46, 0x2e, 0xe0, 0x57, 0x71, 0xc0, 0x71, 0xc5,
    0xec, 0x37, 0xec, 0xbf, 0xe7, 0x1, 0x8c, 0x9f,
    0x50, 0xea, 0x82, 0xaa, 0x80, 0x24, 0xb9, 0xdb,
    0xf, 0x9b, 0x29, 0x98, 0x3, 0x9e, 0xc4, 0x22,
    0x14, 0x51, 0x10, 0x6, 0x59, 0x80, 0x7, 0xcd,
    0x8c, 0xcc, 0x1, 0x2d, 0x69, 0x0, 0x1c, 0x44,
    0x62, 0x31, 0x0, 0xa, 0x8c, 0x0, 0x59, 0xb6,
    0x1f, 0xf7, 0x0, 0x1d, 0x40, 0x2d, 0x57, 0xdd,
    0xec, 0x2, 0xff, 0xf2, 0xbf, 0xff, 0x8c, 0xb7,
    0x7c, 0x8d, 0xbb, 0xe3, 0x2, 0x2f, 0x8, 0x88,
    0xbc, 0x1, 0xff, 0xc5,

    /* U+6EA2 "溢" */
    0x0, 0x8, 0x7, 0xff, 0x9, 0x7a, 0x0, 0x2,
    0xb3, 0xff, 0x40, 0x6, 0x5c, 0x66, 0x4, 0x7c,
    0xff, 0xad, 0xc8, 0x3, 0x1f, 0xb2, 0xb4, 0x0,
    0x48, 0xbe, 0x60, 0x18, 0x4e, 0xaf, 0x7f, 0xf1,
    0x2e, 0x81, 0x63, 0x1, 0xea, 0x7f, 0xf4, 0x43,
    0x80, 0xa6, 0x28, 0x8, 0x4e, 0x3f, 0xe9, 0x0,
    0xcb, 0xf0, 0x0, 0x89, 0x8e, 0xe6, 0x30, 0x80,
    0x61, 0x20, 0x36, 0x80, 0x11, 0x1a, 0xd0, 0x7,
    0x11, 0x35, 0xc8, 0x3, 0x5b, 0x61, 0x0, 0xf,
    0x68, 0x9f, 0xff, 0xb8, 0x10, 0xc0, 0x14, 0xb1,
    0xe7, 0xe5, 0xcf, 0x58, 0x10, 0x20, 0x2d, 0x20,
    0x1f, 0xfc, 0x19, 0x33, 0x0, 0x7e, 0x70, 0xc,
    0xb2, 0x1d, 0x87, 0xe5, 0xcf, 0x56, 0x5e, 0xa1,
    0xaa, 0x1d, 0xff, 0xfe, 0x50,

    /* U+6EAF "溯" */
    0x1, 0x10, 0xa, 0x80, 0xd, 0x80, 0x3d, 0x3c,
    0xc1, 0x42, 0x17, 0x8d, 0xff, 0x70, 0x44, 0xc8,
    0xd5, 0xc1, 0xa4, 0x13, 0xb0, 0x2, 0x6d, 0x3d,
    0x13, 0x52, 0x0, 0x8, 0x80, 0x31, 0x5c, 0x43,
    0x13, 0x84, 0x3, 0x15, 0x98, 0x57, 0xd2, 0xff,
    0x85, 0x3f, 0x40, 0xb3, 0xc, 0xc7, 0x0, 0x15,
    0x82, 0x7e, 0x80, 0x1f, 0x50, 0x3, 0xff, 0x82,
    0x44, 0x0, 0xf7, 0x3a, 0x20, 0x3, 0x30, 0x54,
    0xa4, 0x80, 0x94, 0x58, 0x4, 0xd4, 0xe, 0xe5,
    0xc0, 0x39, 0xcf, 0x0, 0xae, 0x9e, 0xdf, 0x5e,
    0xd1, 0x0, 0x19, 0x4d, 0x84, 0xcc, 0xe0, 0x62,
    0x60, 0x1a, 0x18, 0x7, 0xe0, 0x43, 0xdc, 0x9,
    0xc0, 0x9, 0x21, 0xa, 0xe0, 0x41, 0x1, 0xb4,
    0xc1, 0x22, 0x13, 0x0, 0x2, 0xc0, 0x7, 0xfa,
    0x0,

    /* U+6EC5 "滅" */
    0x0, 0xff, 0xe2, 0xb6, 0x20, 0x7, 0x93, 0x17,
    0x8, 0x0, 0xd3, 0x4c, 0x1, 0xe1, 0x5f, 0x90,
    0x9, 0x79, 0xbf, 0xfa, 0xcb, 0xf1, 0xc, 0x3,
    0xdb, 0xdd, 0x60, 0x77, 0x46, 0x36, 0x80, 0x10,
    0x91, 0x40, 0x1, 0x18, 0x7, 0x2e, 0x40, 0xb,
    0x19, 0xa, 0x2, 0xb8, 0x0, 0x7d, 0xf0, 0x3,
    0x58, 0xda, 0x9, 0x75, 0x80, 0x44, 0xc2, 0x7,
    0x0, 0x90, 0x4a, 0x8a, 0x1, 0xd, 0x18, 0xa6,
    0x87, 0x4b, 0x5a, 0x10, 0x4, 0xc2, 0x22, 0x17,
    0x8, 0x3d, 0x28, 0x0, 0xd3, 0xca, 0xcc, 0x52,
    0xe1, 0xe1, 0x32, 0x30, 0x50, 0x5d, 0xc2, 0x9d,
    0xb8, 0x41, 0x34, 0xb0, 0x89, 0x24, 0x7e, 0xd1,
    0xe5, 0xc6, 0xfa, 0xc0, 0xa6, 0x77, 0xe, 0x18,
    0x86, 0xc, 0x0, 0x10, 0x1c, 0x56, 0x0, 0x21,
    0x90, 0x0, 0xe6, 0x0,

    /* U+6ED1 "滑" */
    0x0, 0x18, 0x7, 0xff, 0x9, 0x32, 0xc8, 0x1f,
    0xff, 0xd8, 0x1, 0x27, 0x7, 0x0, 0x1f, 0xff,
    0x50, 0x7, 0xd, 0xe8, 0x6, 0xbc, 0xc5, 0x80,
    0x7c, 0x20, 0x19, 0xb7, 0x2c, 0x2, 0x2e, 0x91,
    0x15, 0xd3, 0x59, 0x6d, 0xc1, 0xda, 0x94, 0x3f,
    0x9a, 0x76, 0xc6, 0x7c, 0x76, 0x39, 0x83, 0x7c,
    0x98, 0x8, 0x7, 0x85, 0xc0, 0x21, 0x71, 0xfa,
    0xd8, 0x8d, 0xdf, 0x6c, 0x1, 0x11, 0x80, 0x1e,
    0x67, 0x58, 0x7, 0xa6, 0x80, 0xf, 0xdd, 0xac,
    0x3, 0x91, 0x10, 0x0, 0x6c, 0xcd, 0x0, 0x1d,
    0x30, 0x20, 0x6, 0xdd, 0xd6, 0x1, 0xa0, 0x1c,
    0x2, 0x6d, 0xdd, 0x40, 0x1b, 0x64, 0x3, 0xe8,
    0xea, 0x50, 0x9, 0x50, 0x2, 0x88, 0x0, 0x23,
    0xb9, 0x0, 0x0,

    /* U+6EDA "滚" */
    0x5, 0xa2, 0x0, 0xeb, 0x80, 0xf, 0x21, 0x6b,
    0x7f, 0xe4, 0x7f, 0xfc, 0x60, 0x31, 0x8f, 0xff,
    0xfe, 0x30, 0x8, 0xc4, 0xe, 0x13, 0xb9, 0xfa,
    0x1, 0xa4, 0x80, 0x3, 0xba, 0x5e, 0xe7, 0xb5,
    0x88, 0x8, 0x6b, 0x9f, 0xca, 0xfa, 0x8a, 0x58,
    0x79, 0xc, 0xe0, 0x15, 0x3b, 0x95, 0x43, 0xf1,
    0x74, 0x40, 0x3, 0x71, 0x79, 0x86, 0xcd, 0x57,
    0x84, 0x0, 0xc8, 0x22, 0xfa, 0x73, 0xae, 0xf0,
    0xf, 0x52, 0x93, 0x7a, 0x45, 0x0, 0xa3, 0x0,
    0x4a, 0x6a, 0xfc, 0xba, 0xe1, 0x3f, 0x4c, 0x1,
    0x45, 0xc6, 0x50, 0x8, 0x73, 0x43, 0x0, 0x4c,
    0x6d, 0x36, 0x80, 0xcb, 0x6f, 0x2c, 0x1, 0x54,
    0x0, 0xf, 0x2, 0xbf, 0xd3, 0x71, 0xa4, 0x18,
    0xc0, 0x2, 0x8e, 0xe5, 0x38, 0xa7, 0x41, 0x0,

    /* U+6EE1 "满" */
    0x2, 0x50, 0xd, 0x4c, 0x0, 0xe3, 0x0, 0xcd,
    0x76, 0x5b, 0xb2, 0x5d, 0xc3, 0xf7, 0x60, 0x2,
    0x78, 0xf, 0xf8, 0x93, 0xfc, 0x37, 0xfe, 0x0,
    0x86, 0xd5, 0x98, 0x9e, 0xcc, 0x43, 0x66, 0x0,
    0x10, 0x0, 0xff, 0xe5, 0x9f, 0xf2, 0xcf, 0xf8,
    0x4a, 0x35, 0x1b, 0x76, 0xd, 0xf3, 0xdd, 0x84,
    0xb2, 0xdc, 0x3f, 0xe0, 0xfd, 0x3f, 0xf4, 0x80,
    0x4c, 0x60, 0xc, 0xb2, 0xe9, 0x5e, 0x70, 0xe,
    0x92, 0x2, 0x20, 0xf, 0x30, 0xf8, 0x6, 0x46,
    0x30, 0x6, 0x4, 0x99, 0x38, 0x7, 0x43, 0x88,
    0x3a, 0x60, 0x2e, 0x4f, 0x80, 0x48, 0x72, 0x0,
    0xfb, 0x15, 0x82, 0xcf, 0x0, 0xa5, 0xc4, 0x1,
    0xa, 0x1a, 0xc0, 0x5e, 0x1, 0x5c, 0x80, 0x78,
    0x41, 0x35, 0x70, 0x0,

    /* U+6EE4 "滤" */
    0x2, 0x60, 0xe, 0x3f, 0x22, 0xc2, 0x1, 0x56,
    0x8, 0x7, 0x77, 0x69, 0x0, 0x16, 0x29, 0x10,
    0xcc, 0xc1, 0xff, 0xac, 0x3, 0x49, 0xff, 0xa2,
    0x86, 0x22, 0xfc, 0x11, 0x51, 0x0, 0x5f, 0x6b,
    0x37, 0x35, 0x6c, 0x22, 0xdd, 0x30, 0x1, 0x75,
    0x67, 0x65, 0xda, 0x40, 0xf, 0xa6, 0x0, 0x2c,
    0x59, 0xdb, 0x69, 0x70, 0x8, 0x94, 0x9, 0xc7,
    0xe7, 0xfb, 0xd9, 0x0, 0x34, 0x0, 0x4, 0x17,
    0xba, 0xfe, 0x30, 0x9, 0x18, 0x40, 0x80, 0x89,
    0x82, 0x8, 0x1, 0xbd, 0x94, 0x89, 0x5e, 0x11,
    0x41, 0x6, 0x0, 0x34, 0x9c, 0x45, 0xc0, 0x2,
    0xe9, 0x57, 0x80, 0x21, 0x85, 0xb2, 0x9c, 0x2,
    0x67, 0xf7, 0x40, 0x3b, 0x33, 0x2c, 0xa, 0x66,
    0xea, 0xf6, 0x90, 0x20, 0x8f, 0x1, 0x42, 0x7b,
    0x75, 0xc8, 0x20,

    /* U+6EF2 "滲" */
    0x0, 0xfc, 0x40, 0x1f, 0x97, 0xc, 0x2, 0x3d,
    0x30, 0x53, 0x0, 0xcb, 0x78, 0xa0, 0x3e, 0xc0,
    0x65, 0x8c, 0x1, 0x9f, 0x13, 0x7c, 0x57, 0xe3,
    0x56, 0xd8, 0x3, 0x18, 0xc4, 0x37, 0x31, 0x74,
    0x1e, 0xa0, 0x32, 0x40, 0x9, 0x5b, 0x4f, 0xa5,
    0x17, 0xb0, 0xb, 0x62, 0x7, 0xe9, 0x74, 0xd6,
    0xd0, 0xe6, 0x33, 0x9b, 0x97, 0x23, 0x2b, 0xa4,
    0x3f, 0x82, 0x0, 0x35, 0x42, 0xbb, 0x34, 0x5e,
    0x37, 0xb9, 0x0, 0x47, 0x59, 0xe3, 0x83, 0x47,
    0x53, 0x24, 0x0, 0x1e, 0xdd, 0x5f, 0x7c, 0x4f,
    0x8a, 0x6a, 0x0, 0x25, 0xc4, 0x2a, 0x6f, 0xfb,
    0xa, 0x80, 0x21, 0x5a, 0x0, 0x4f, 0xf7, 0x1d,
    0xd9, 0xe0, 0x14, 0x99, 0x80, 0x13, 0x8b, 0x1d,
    0x9a, 0xa0, 0x12, 0xc8, 0x1, 0xaf, 0xb4, 0x36,
    0xc8, 0x3, 0x62, 0x80, 0x17, 0xbf, 0xa0, 0xc0,
    0x38,

    /* U+6F2A "漪" */
    0xb, 0x50, 0x90, 0x56, 0x0, 0xbc, 0x3, 0xbe,
    0xdc, 0x32, 0xcf, 0xfe, 0xf, 0xf8, 0x0, 0x9e,
    0xf2, 0x4a, 0xaf, 0xf5, 0x87, 0x7f, 0x80, 0x21,
    0x7, 0x10, 0x8, 0x64, 0xb0, 0xc0, 0x7, 0x20,
    0x91, 0x48, 0x31, 0xe9, 0xb7, 0x8c, 0x2, 0x5a,
    0xd8, 0xa2, 0xa7, 0x14, 0x6b, 0x22, 0x5, 0x74,
    0x46, 0x22, 0xd6, 0xbe, 0xea, 0x68, 0x40, 0xe,
    0x0, 0xa0, 0xcc, 0xed, 0x1f, 0x10, 0x1, 0x4,
    0x32, 0x6, 0x6e, 0xb8, 0x3, 0xde, 0xcc, 0xf0,
    0x10, 0xcc, 0x8, 0x7, 0x19, 0x9b, 0x89, 0xc0,
    0x4, 0x20, 0x1e, 0x97, 0x0, 0x89, 0xc3, 0xb4,
    0x80, 0x30, 0xad, 0x80, 0xa0, 0x9a, 0xe6, 0x40,
    0x18, 0xdc, 0x83, 0x2a, 0x2, 0x0, 0x15, 0xe6,
    0x40, 0x50, 0x0, 0xde, 0x70, 0xd, 0x5f, 0xa0,
    0x0,

    /* U+6F2B "漫" */
    0x0, 0xff, 0xe2, 0xc6, 0x10, 0x3, 0xb7, 0x33,
    0x6f, 0x0, 0x50, 0xba, 0xa0, 0xe, 0xcc, 0xd2,
    0x1, 0xd3, 0x46, 0x0, 0xfb, 0xbd, 0x0, 0x1e,
    0x56, 0x0, 0x26, 0xee, 0x50, 0x8, 0x5c, 0x3,
    0x56, 0x11, 0x6d, 0xa0, 0x1, 0xde, 0x98, 0x64,
    0xc5, 0xc4, 0xdc, 0x55, 0x0, 0xb2, 0xa0, 0x1,
    0x38, 0x19, 0x82, 0xc8, 0x0, 0xcf, 0x60, 0x8,
    0xa0, 0xaa, 0x15, 0x58, 0x7, 0x28, 0xf7, 0xce,
    0x4c, 0x64, 0xf5, 0x80, 0x43, 0x4f, 0x99, 0x6e,
    0xec, 0xd1, 0x0, 0xa1, 0x1b, 0xa0, 0xb3, 0xb9,
    0x41, 0x60, 0x11, 0x34, 0x0, 0x1e, 0xf6, 0x26,
    0xa8, 0xa0, 0x17, 0x29, 0x80, 0x8, 0x9, 0xd8,
    0x8c, 0x80, 0x27, 0x80, 0x9f, 0xdd, 0x5f, 0x6a,
    0x5e, 0xe8, 0x1, 0x64, 0x17, 0xbf, 0x6c, 0x25,
    0x1b, 0xde, 0x0,

    /* U+6FC0 "激" */
    0x0, 0x8, 0x4, 0x4c, 0x1, 0x38, 0x80, 0x66,
    0xe7, 0x0, 0x2e, 0x80, 0x6, 0x0, 0x39, 0xb2,
    0x5b, 0xa1, 0x3a, 0x54, 0x44, 0x1, 0xc7, 0xc8,
    0x5f, 0xeb, 0x33, 0x9d, 0xe3, 0x0, 0xe3, 0xdd,
    0x58, 0x5b, 0x7d, 0xd0, 0x17, 0xc0, 0x0, 0xf7,
    0x56, 0xc7, 0x90, 0xb4, 0x65, 0x8b, 0x40, 0x77,
    0x68, 0x31, 0xe0, 0x22, 0x0, 0xf, 0x6c, 0xb7,
    0x1f, 0xda, 0x14, 0x15, 0xc0, 0x30, 0x90, 0xf8,
    0xd, 0x38, 0x90, 0x90, 0x6, 0x29, 0xe7, 0xf,
    0xf2, 0xa4, 0x20, 0x6, 0x3c, 0xbf, 0x1e, 0xe6,
    0xa6, 0x2e, 0x80, 0x69, 0x70, 0x61, 0xec, 0x90,
    0x60, 0x50, 0x8, 0x96, 0xc3, 0xa3, 0x1b, 0xc3,
    0xcb, 0xc0, 0x2b, 0x42, 0x45, 0x60, 0x31, 0xa0,
    0xd0, 0xa0, 0x1, 0x41, 0x5d, 0x3f, 0xb6, 0xb6,
    0x86, 0xba, 0x5, 0x99, 0x72, 0xb7, 0xed, 0xe0,
    0x80, 0xea, 0x0,

    /* U+706B "火" */
    0x0, 0xfb, 0x94, 0x3, 0xff, 0xba, 0x3a, 0x20,
    0x1f, 0x16, 0x90, 0x4, 0x86, 0x20, 0x1f, 0x40,
    0x90, 0x5, 0xe8, 0x1, 0x9, 0x80, 0x9, 0x60,
    0x2, 0x35, 0xe0, 0x0, 0x87, 0x80, 0x25, 0x50,
    0x2, 0xf5, 0x40, 0x3, 0x8a, 0x0, 0xbd, 0x80,
    0x6c, 0xa0, 0xa, 0xe0, 0xd0, 0x70, 0x40, 0x3f,
    0x29, 0xb3, 0x20, 0x3, 0xfc, 0x57, 0x60, 0x81,
    0x90, 0xf, 0xc5, 0x8e, 0xa0, 0xf, 0x7a, 0x0,
    0xf3, 0xeb, 0xc8, 0x4, 0x58, 0x9a, 0x80, 0x2,
    0xe9, 0xa9, 0x0, 0xe2, 0xf7, 0xbb, 0x1, 0x5f,
    0x28, 0x7, 0xc3, 0x5b, 0x0,

    /* U+706D "灭" */
    0xe, 0xff, 0xff, 0xe0, 0x38, 0x3, 0x37, 0x78,
    0x9b, 0x77, 0x98, 0x0, 0x45, 0xe0, 0xe2, 0x2e,
    0x10, 0xc, 0x22, 0x0, 0x18, 0x80, 0x46, 0x20,
    0x1d, 0x70, 0x0, 0x11, 0x0, 0x5a, 0xc0, 0x18,
    0x56, 0x80, 0x2c, 0x0, 0x28, 0x38, 0x6, 0x83,
    0x30, 0x18, 0x20, 0x2, 0x20, 0x1, 0x85, 0xb8,
    0x1, 0x66, 0x28, 0x81, 0x60, 0xc, 0x3e, 0x40,
    0x5, 0xb6, 0x84, 0xc0, 0xf, 0xe7, 0x36, 0x93,
    0x50, 0xf, 0xe4, 0x8b, 0x11, 0x4d, 0x20, 0x7,
    0xd1, 0x70, 0xa0, 0x6, 0x65, 0xb0, 0x4, 0x2f,
    0xcd, 0x6e, 0x1, 0xa6, 0x6e, 0x81, 0x2b, 0x8e,
    0x40, 0xf, 0x37, 0x49, 0x8,

    /* U+706F "灯" */
    0x0, 0x97, 0x0, 0x2, 0x3f, 0x80, 0x3f, 0x7f,
    0x77, 0xca, 0x0, 0x10, 0x8, 0xfb, 0xfe, 0x46,
    0xff, 0x28, 0x25, 0x80, 0xb, 0x40, 0x30, 0x80,
    0x71, 0x18, 0x1, 0x64, 0x3, 0xfd, 0xfe, 0x0,
    0x5b, 0x0, 0x7f, 0x89, 0xd, 0xb0, 0x40, 0x3f,
    0xd6, 0x42, 0x60, 0x1f, 0xfc, 0x2d, 0x30, 0xf,
    0xfe, 0x13, 0xa4, 0x0, 0x7f, 0xf0, 0x10, 0xf1,
    0x9c, 0x3, 0xfe, 0xf7, 0x2d, 0xd0, 0x7, 0xfa,
    0x16, 0x0, 0xe8, 0xd, 0x10, 0xc2, 0x1, 0x8f,
    0x44, 0x3, 0x25, 0xd8, 0x2c, 0x3, 0x59, 0x80,
    0x73, 0xff, 0xb0, 0xc0, 0x20,

    /* U+7070 "灰" */
    0x0, 0x77, 0xff, 0xff, 0x0, 0x40, 0x29, 0xdd,
    0xd9, 0xbb, 0xe1, 0x0, 0x88, 0xbb, 0xd0, 0x8b,
    0x80, 0x3f, 0x84, 0x40, 0x10, 0x80, 0x7d, 0x68,
    0x7, 0xa0, 0x1, 0xe4, 0x0, 0x84, 0x5, 0x14,
    0x5, 0x80, 0x10, 0x68, 0x1, 0x9e, 0x4c, 0x48,
    0xc, 0xd, 0xbc, 0x2, 0x10, 0x77, 0x70, 0x38,
    0x89, 0x55, 0x6, 0x1, 0x18, 0x2f, 0x10, 0x62,
    0x37, 0x33, 0x80, 0x66, 0x1, 0x10, 0xb, 0x75,
    0x21, 0x80, 0x71, 0xa0, 0x5, 0x68, 0x82, 0x6d,
    0x10, 0xd, 0x78, 0x0, 0xa7, 0xa0, 0x4, 0x96,
    0x18, 0x0, 0xcc, 0xcc, 0xe6, 0xc1, 0x0, 0xb1,
    0xf2, 0xc4, 0xa0, 0x42, 0xf0, 0x40, 0x3a, 0xb0,
    0xc4,

    /* U+7075 "灵" */
    0x0, 0x17, 0xff, 0xf6, 0x80, 0x71, 0x7f, 0xfe,
    0xa0, 0xe, 0xcd, 0xdf, 0xeb, 0x2d, 0xc0, 0x7,
    0x7f, 0xff, 0x48, 0xff, 0x0, 0x8, 0xbf, 0xe3,
    0x22, 0x0, 0x49, 0xdd, 0xfa, 0x80, 0x3c, 0x9d,
    0xd9, 0x63, 0xb9, 0xfe, 0x0, 0xf4, 0x48, 0x1,
    0x70, 0x2, 0x9a, 0x0, 0xc2, 0xda, 0x2, 0x24,
    0x0, 0x2a, 0xac, 0x2, 0x1c, 0x44, 0x4, 0x99,
    0x90, 0xaa, 0x82, 0x1, 0xd, 0xd0, 0xb, 0x4d,
    0xd1, 0xea, 0x0, 0x73, 0x1, 0x63, 0xab, 0x2e,
    0x88, 0x7, 0x92, 0xb5, 0x64, 0x1, 0x6d, 0x92,
    0xa2, 0x3, 0xf2, 0x5b, 0x0, 0x1a, 0xb0, 0xef,
    0x88, 0x7b, 0x60, 0x80, 0x3c, 0x75, 0xdc, 0x20,

    /* U+70AD "炭" */
    0x0, 0x79, 0x80, 0x5a, 0xa0, 0x1b, 0xc8, 0x3,
    0xff, 0x91, 0xbb, 0x8a, 0xf7, 0x6e, 0x0, 0xec,
    0xde, 0xeb, 0x37, 0xba, 0xdc, 0x20, 0x8, 0x47,
    0xff, 0x80, 0x40, 0x16, 0xef, 0xff, 0x4, 0x3,
    0x6f, 0xfe, 0x3b, 0xff, 0xe0, 0xf, 0x49, 0x1,
    0x90, 0x0, 0xac, 0x40, 0x38, 0xdc, 0x84, 0x38,
    0x1, 0xc4, 0x20, 0x2, 0x0, 0x74, 0x2, 0x2,
    0x84, 0x4, 0x80, 0x42, 0x23, 0x86, 0xe, 0x43,
    0x5a, 0xd0, 0xc, 0x84, 0x2a, 0x8, 0x88, 0x85,
    0x88, 0x80, 0x35, 0x58, 0x1, 0xee, 0x4d, 0x99,
    0x90, 0x40, 0x4, 0x37, 0x9f, 0xab, 0x60, 0x4,
    0x5a, 0x6e, 0x85, 0x30, 0x2b, 0x35, 0x0, 0x32,
    0x66, 0xc8, 0x80,

    /* U+70B9 "点" */
    0x0, 0xfa, 0x60, 0x3, 0xff, 0x86, 0xff, 0xfd,
    0x0, 0x1f, 0xcb, 0xbb, 0xd2, 0x1, 0xfc, 0x45,
    0xe1, 0x0, 0x8b, 0x33, 0x3b, 0x66, 0x63, 0x0,
    0xc2, 0x73, 0x35, 0xda, 0x66, 0x37, 0x0, 0xe1,
    0x55, 0xfc, 0x20, 0x1f, 0xfc, 0xa1, 0xcc, 0xfc,
    0x20, 0x1c, 0x55, 0x33, 0xfa, 0x94, 0x3, 0x1e,
    0xaa, 0x32, 0xa8, 0xd5, 0x58, 0x40, 0x1a, 0x8,
    0x13, 0x80, 0x10, 0x81, 0xda, 0x20, 0x5, 0x54,
    0x3, 0x10, 0x1, 0xb8, 0x1c, 0xac, 0x1, 0x14,
    0x40, 0x44, 0x0, 0x58, 0x5, 0xe2, 0x0, 0xd5,
    0x0, 0xe, 0x80, 0xe, 0x80, 0x7, 0x60,

    /* U+70C1 "烁" */
    0x0, 0xff, 0xe3, 0xf, 0x80, 0x59, 0xfd, 0xb7,
    0x2a, 0x1, 0xfc, 0x37, 0xdb, 0x72, 0xa0, 0x11,
    0x98, 0x1, 0x60, 0x6e, 0x12, 0x60, 0x1d, 0x2,
    0x2, 0xc0, 0x22, 0x4, 0x70, 0xe, 0x71, 0x5,
    0x42, 0x2, 0x0, 0xfc, 0x26, 0x19, 0xa8, 0x28,
    0x83, 0x32, 0x24, 0x6, 0xe6, 0x30, 0x80, 0x9,
    0x90, 0xcc, 0xe1, 0x3a, 0x13, 0x0, 0x37, 0x6e,
    0x8a, 0xb7, 0x61, 0x0, 0x30, 0x6, 0x25, 0x0,
    0x8d, 0x40, 0x36, 0x93, 0x80, 0x2b, 0x0, 0x35,
    0x80, 0x66, 0x99, 0x20, 0x35, 0x0, 0x46, 0xb0,
    0x0, 0x50, 0x6a, 0x29, 0x53, 0x0, 0xde, 0xc0,
    0x37, 0x0, 0x8c, 0x34, 0x24, 0x60, 0x4, 0x40,
    0x83, 0x30, 0x2, 0x81, 0x4d, 0x35, 0x0, 0x50,
    0x80,

    /* U+70D8 "烘" */
    0x0, 0xb8, 0x80, 0x2c, 0x40, 0x1e, 0x0, 0xff,
    0x88, 0x2, 0x10, 0xc, 0x20, 0x12, 0x88, 0x7,
    0x84, 0x2, 0xa2, 0x1, 0xba, 0xf1, 0xbf, 0xe0,
    0xef, 0x0, 0x31, 0x2, 0x3d, 0x68, 0xce, 0xe0,
    0x66, 0x80, 0x76, 0x58, 0x90, 0x11, 0x40, 0x64,
    0x6, 0x80, 0x34, 0x40, 0x1f, 0xe3, 0x90, 0x0,
    0x80, 0x7f, 0xf0, 0x48, 0x0, 0x3f, 0xe1, 0xbf,
    0xe0, 0xff, 0x20, 0x1, 0xc2, 0xc7, 0x33, 0xf9,
    0x40, 0x1e, 0xe1, 0x26, 0x6a, 0x63, 0xa, 0x33,
    0x8, 0xa, 0xd5, 0x10, 0x55, 0xd0, 0xd, 0x28,
    0x2, 0xa5, 0x21, 0xd5, 0xab, 0x10, 0x6, 0x23,
    0x1, 0x2d, 0x80, 0x6, 0xa5, 0x40, 0x21, 0xb8,
    0x2, 0xe1, 0x0, 0xf, 0x30, 0x7, 0x2f, 0x0,

    /* U+70E4 "烤" */
    0x0, 0xb4, 0x3, 0xb9, 0x0, 0xb, 0x20, 0x18,
    0x80, 0xd, 0xba, 0x1a, 0xdc, 0xba, 0x0, 0x18,
    0x80, 0x29, 0x7f, 0xc3, 0x1c, 0x32, 0x60, 0x8,
    0x20, 0x24, 0x32, 0x20, 0x15, 0xb, 0x80, 0x4c,
    0x41, 0x4f, 0xbb, 0xd, 0x31, 0x6e, 0x8c, 0x80,
    0x40, 0x63, 0xba, 0x30, 0xbd, 0xee, 0x1a, 0x50,
    0x84, 0x89, 0x94, 0x1d, 0x21, 0x9c, 0xc, 0xe6,
    0x20, 0x5, 0xf4, 0xb, 0xff, 0x84, 0x2, 0x60,
    0x3, 0xdc, 0x8e, 0x7f, 0xe1, 0x0, 0xb0, 0x2d,
    0xf9, 0x87, 0xb7, 0x72, 0x0, 0x4d, 0x41, 0x0,
    0x4b, 0xff, 0x71, 0x38, 0x1, 0x41, 0x28, 0xc0,
    0xe8, 0x8a, 0x10, 0x30, 0x2a, 0xa0, 0xd, 0x80,
    0x61, 0xa, 0x30, 0x3, 0x42, 0x0, 0x7d, 0xfe,
    0x68, 0x0, 0x23, 0x80, 0x7e, 0xef, 0xe4, 0x0,
    0x0,

    /* U+70ED "热" */
    0x0, 0xff, 0xe3, 0xc4, 0x80, 0x6f, 0x20, 0xf,
    0x11, 0x4, 0xc8, 0x46, 0x6, 0x11, 0x0, 0x6c,
    0xd6, 0x5d, 0x8f, 0xe0, 0xbf, 0xe6, 0x0, 0xbb,
    0xdd, 0xbe, 0x7b, 0x81, 0xfc, 0x80, 0x1f, 0x88,
    0xc0, 0x80, 0x31, 0x80, 0x44, 0xc8, 0xd8, 0x9b,
    0x26, 0x1, 0xe2, 0xda, 0x5, 0xe7, 0xf4, 0x23,
    0x0, 0x18, 0x0, 0xbf, 0x10, 0xc0, 0x21, 0x6c,
    0x62, 0x12, 0x10, 0xf, 0x17, 0xb4, 0x69, 0x77,
    0x15, 0x80, 0xf5, 0xfc, 0x3d, 0x24, 0x9, 0x19,
    0x90, 0x80, 0x73, 0x6c, 0x19, 0x20, 0x18, 0xef,
    0xc, 0x1, 0xfa, 0xd, 0x60, 0x3e, 0x41, 0x52,
    0x60, 0x5, 0x48, 0x2, 0x70, 0x14, 0xa0, 0x81,
    0x90, 0x1b, 0xa1, 0x7, 0x30, 0x6, 0x98, 0x3,
    0xd8, 0x45, 0xea, 0x0, 0x3e, 0x0, 0x35, 0x80,
    0xf, 0x84,

    /* U+7121 "無" */
    0x0, 0x86, 0x4, 0x3, 0xff, 0x83, 0x68, 0x20,
    0x1f, 0xfc, 0x4, 0x52, 0xcc, 0xfe, 0x70, 0x2,
    0x58, 0x44, 0xe, 0x28, 0xa2, 0x8a, 0x14, 0x6,
    0xdc, 0x51, 0x0, 0x88, 0x4, 0x50, 0x42, 0x1,
    0xd8, 0x0, 0xff, 0xe0, 0x96, 0xf8, 0xef, 0x87,
    0xe8, 0xfe, 0xf, 0xf8, 0x89, 0xba, 0x1b, 0xc0,
    0xdb, 0x1d, 0xa1, 0xdd, 0x10, 0x11, 0x1, 0x8c,
    0x9, 0x80, 0x98, 0x8, 0x80, 0x1f, 0xfc, 0x6e,
    0xf1, 0xdf, 0xf, 0xd1, 0xfc, 0x1f, 0xf0, 0x3,
    0xf7, 0x5d, 0xdf, 0xb7, 0x5c, 0x0, 0x18, 0x80,
    0xa5, 0x88, 0x79, 0x8c, 0x70, 0x80, 0x9, 0x60,
    0x5, 0xc0, 0x56, 0x82, 0x85, 0xc0, 0x1f, 0x4,
    0xc, 0x40, 0xd, 0x40, 0x4, 0xc0, 0x87, 0xb8,
    0x0, 0xbc, 0x0, 0xd8, 0x0, 0x4d, 0x10,

    /* U+7136 "然" */
    0x0, 0xc6, 0x1, 0xff, 0xc2, 0x4c, 0x0, 0xe5,
    0xc5, 0x90, 0xe, 0xf0, 0xdd, 0x88, 0x2, 0x52,
    0x80, 0x9, 0x53, 0xb6, 0x4c, 0x80, 0xc0, 0x13,
    0xc0, 0x3, 0xa5, 0xc5, 0xd7, 0xff, 0x49, 0xfe,
    0xc8, 0x96, 0xa5, 0x7c, 0xb6, 0xf7, 0x18, 0x33,
    0xb8, 0x2c, 0xe3, 0x80, 0x86, 0x82, 0x25, 0xb,
    0x11, 0x2, 0x4d, 0x53, 0x1f, 0x80, 0x6, 0x68,
    0x60, 0xf, 0x28, 0x41, 0x0, 0xf3, 0x39, 0x30,
    0x6, 0x5c, 0x67, 0x2, 0xc1, 0x90, 0x89, 0x50,
    0x5, 0xd4, 0xc0, 0xe, 0xa6, 0x0, 0x12, 0xe9,
    0x2, 0x35, 0x80, 0x3, 0xd2, 0x1, 0xa, 0xea,
    0x1, 0xc5, 0x2, 0xd0, 0x8b, 0x88, 0x23, 0x48,
    0x0, 0x4b, 0x20, 0x2e, 0x2, 0xb4, 0x12, 0x30,
    0x0, 0xf7, 0x30, 0x62, 0x0, 0x6a, 0x0, 0x25,
    0xc8, 0x32, 0x0, 0x5, 0xe0, 0x6, 0xc0, 0x2,
    0x69, 0x0,

    /* U+7167 "照" */
    0x0, 0xff, 0xe2, 0xa7, 0xfe, 0x2d, 0xff, 0xf5,
    0x80, 0x45, 0xfe, 0x10, 0xdf, 0xa3, 0xff, 0x40,
    0x80, 0x7f, 0xa6, 0xc0, 0x1c, 0x60, 0x18, 0x44,
    0x2, 0x78, 0xe, 0xae, 0xec, 0x0, 0x8b, 0xb8,
    0x2b, 0xa9, 0x80, 0x21, 0x6a, 0x1, 0x17, 0xf8,
    0x53, 0xe, 0xed, 0xf9, 0xc6, 0x1, 0xf8, 0x57,
    0xff, 0x2b, 0x80, 0x7f, 0x91, 0x31, 0x80, 0x62,
    0xbb, 0x8, 0x7, 0xff, 0x0, 0x77, 0x52, 0x60,
    0x3f, 0xf8, 0x80, 0x24, 0xce, 0x64, 0x23, 0xfb,
    0xdf, 0x89, 0x40, 0xa, 0x44, 0x13, 0x40, 0x19,
    0x60, 0x72, 0x40, 0x4, 0x45, 0x81, 0x8, 0x82,
    0xdc, 0x11, 0x64, 0x1, 0x10, 0x20, 0x71, 0x30,
    0x32, 0x10, 0x86, 0x10, 0xc7, 0x0, 0x1f, 0x10,
    0x3, 0x4, 0xb, 0x44,

    /* U+7184 "熄" */
    0x0, 0xff, 0x10, 0x7, 0xef, 0x10, 0xc, 0xde,
    0x1, 0xff, 0xc0, 0xee, 0x41, 0xef, 0x70, 0x40,
    0x2, 0x1, 0x31, 0x8e, 0x77, 0x37, 0x84, 0x2,
    0xa2, 0x0, 0x40, 0x86, 0x6e, 0xdc, 0x1, 0x98,
    0xc1, 0xd4, 0x83, 0x37, 0x6e, 0x0, 0x88, 0x4,
    0x3a, 0x0, 0x19, 0xbb, 0x70, 0x4, 0xd6, 0x0,
    0x83, 0x0, 0x66, 0xed, 0xc0, 0x12, 0x30, 0x80,
    0x77, 0xe6, 0x60, 0xe, 0x50, 0x10, 0x7, 0x63,
    0xc6, 0xeb, 0x84, 0x2, 0x31, 0xc1, 0x0, 0x27,
    0x52, 0x89, 0x80, 0x6a, 0xb4, 0xbd, 0x48, 0x5d,
    0x21, 0xc2, 0x0, 0x21, 0x2c, 0xc8, 0xd8, 0x0,
    0x6c, 0x93, 0xc0, 0x35, 0x0, 0x4, 0x40, 0x18,
    0x5, 0x8, 0x44, 0x55, 0x38, 0x1, 0x60, 0xcd,
    0xff, 0x9, 0xe9, 0x25, 0x80, 0x44, 0x40, 0xdf,
    0xfb, 0x0, 0xc0,

    /* U+71B1 "熱" */
    0x0, 0xff, 0x8, 0x7, 0xf7, 0x98, 0x6, 0xf2,
    0x0, 0xe5, 0xcc, 0x7, 0x63, 0x80, 0x4, 0x3,
    0xcb, 0x98, 0xf, 0xc7, 0x8e, 0xd, 0xed, 0x0,
    0xbb, 0x9e, 0x3b, 0xdb, 0x18, 0x1b, 0x46, 0x1,
    0x74, 0xb7, 0x1e, 0x42, 0x38, 0x93, 0x0, 0x43,
    0x53, 0x6c, 0x9f, 0xc3, 0x46, 0x1, 0xc3, 0xdc,
    0x29, 0xad, 0xb5, 0x82, 0xb1, 0x0, 0xd9, 0xdc,
    0xc, 0xe9, 0xa, 0x87, 0xb0, 0x18, 0x8, 0xee,
    0x6, 0xed, 0x6, 0xf9, 0x40, 0x66, 0x1d, 0xee,
    0x14, 0x4f, 0x3e, 0x80, 0xc, 0x70, 0xc7, 0xfd,
    0xdb, 0x75, 0x4d, 0x30, 0x0, 0xef, 0xc0, 0x14,
    0x58, 0x25, 0x81, 0x70, 0x83, 0xe0, 0x4, 0x6d,
    0x0, 0xe8, 0x0, 0x56, 0x7, 0x5a, 0x0, 0x74,
    0x98, 0x11, 0x4, 0x37, 0x80, 0x12, 0xa6, 0x1a,
    0xc0, 0x1, 0xd1, 0x6, 0x90, 0x1, 0x71, 0x80,

    /* U+71E5 "燥" */
    0x0, 0x25, 0x0, 0x5b, 0xfd, 0xd7, 0xa0, 0x7,
    0xfb, 0x3b, 0xa2, 0x0, 0xe1, 0x3, 0x40, 0x4,
    0x4c, 0xc6, 0x1, 0xac, 0xc1, 0x8, 0x27, 0xf7,
    0x6a, 0x50, 0x9, 0xcc, 0x30, 0xf6, 0x65, 0xa1,
    0x32, 0xc9, 0x0, 0xf3, 0x33, 0x60, 0x85, 0xf6,
    0x8, 0x11, 0x0, 0x76, 0xe, 0x26, 0x0, 0x11,
    0x18, 0x1, 0x20, 0xc4, 0x2, 0xda, 0x79, 0x7d,
    0xa3, 0x0, 0xb8, 0x0, 0x79, 0x95, 0x3e, 0x65,
    0x0, 0x11, 0x30, 0xd7, 0xfd, 0x29, 0xff, 0x84,
    0x0, 0xa9, 0x75, 0xfe, 0x51, 0x11, 0x6f, 0xf8,
    0x41, 0x4a, 0x98, 0x4b, 0x2, 0x16, 0x30, 0xc0,
    0x28, 0xb0, 0xd9, 0xcb, 0xa0, 0x2, 0xd6, 0xd0,
    0x93, 0xb0, 0x8, 0x63, 0x80, 0x64, 0xed, 0x10,

    /* U+7247 "片" */
    0x0, 0xf, 0x88, 0x4, 0xbc, 0x1, 0xff, 0xdb,
    0x44, 0xda, 0x28, 0x98, 0x80, 0x35, 0x5d, 0xce,
    0x17, 0x79, 0x0, 0x6, 0x1d, 0xff, 0xfc, 0xc0,
    0x1f, 0xfc, 0x51, 0x4, 0x4f, 0xc0, 0x1c, 0xc1,
    0x57, 0x7f, 0x0, 0x76, 0x9f, 0xff, 0xac, 0x3,
    0xca, 0x80, 0x1f, 0xfc, 0x4, 0x2b, 0x0, 0xff,
    0xe0, 0x52, 0x18, 0x7, 0xfc, 0x44, 0xa0, 0xf,
    0xfe, 0x1, 0x60, 0x80, 0x7c, 0x9e, 0x1, 0x0,

    /* U+7248 "版" */
    0x1, 0xf0, 0x2e, 0x0, 0x7f, 0xfc, 0x80, 0x1f,
    0xd9, 0xdd, 0xc8, 0x1, 0xfc, 0x42, 0x3c, 0x1,
    0x8d, 0xc4, 0xc4, 0x3, 0xfe, 0xe8, 0x2e, 0x20,
    0xcc, 0xf0, 0x6, 0xdd, 0xc4, 0x2, 0xd1, 0x4,
    0x10, 0xf, 0xf4, 0x8a, 0x20, 0x10, 0x0, 0x61,
    0xbb, 0x21, 0x82, 0x20, 0x0, 0xb8, 0x0, 0x11,
    0x77, 0x4, 0x62, 0x14, 0x74, 0x35, 0x0, 0x39,
    0x19, 0x9c, 0x18, 0x42, 0x26, 0x60, 0x8, 0xd8,
    0x3, 0x6a, 0x81, 0x91, 0x1c, 0x2, 0xdd, 0x0,
    0x64, 0xf0, 0x63, 0x8, 0x0, 0x95, 0x80, 0x22,
    0x34, 0x99, 0x56, 0x35, 0x91, 0x18, 0x40, 0x2e,
    0x60, 0x5c, 0x53, 0xc0, 0x42, 0x90, 0xa, 0xe6,
    0x45, 0x86, 0x0, 0x2b, 0x60,

    /* U+7259 "牙" */
    0x0, 0x7f, 0xff, 0xf0, 0x10, 0x2, 0xdd, 0xf8,
    0xdb, 0x76, 0x40, 0x8, 0xad, 0x8, 0xb3, 0x89,
    0x14, 0x1, 0xce, 0x60, 0x1f, 0xfc, 0x11, 0x12,
    0x0, 0x7f, 0xf0, 0x50, 0x40, 0x47, 0x0, 0x8f,
    0x0, 0x58, 0x3d, 0xdc, 0x8d, 0xdd, 0x88, 0x0,
    0x77, 0xff, 0x40, 0x13, 0xff, 0xe2, 0x0, 0x52,
    0x0, 0x1e, 0x31, 0x80, 0x3f, 0xea, 0x9c, 0x30,
    0xf, 0xf2, 0xf3, 0x79, 0x80, 0x7f, 0x2e, 0x54,
    0x60, 0x80, 0x7f, 0xc, 0xa7, 0x30, 0x9, 0x99,
    0xbc, 0x3, 0x87, 0x20, 0x40, 0x7, 0x98, 0x5,
    0x0, 0xff, 0x8b, 0xfd, 0xa4, 0x1, 0xc0,

    /* U+7269 "物" */
    0x0, 0xff, 0xe3, 0x9, 0xf0, 0x4, 0xd4, 0x1,
    0xf2, 0xd0, 0x7, 0x56, 0x0, 0x7c, 0x42, 0xc0,
    0x42, 0x23, 0xda, 0xae, 0x40, 0xd5, 0xa1, 0xd9,
    0x92, 0x6a, 0xe3, 0x1b, 0x88, 0x26, 0xe0, 0xfd,
    0x3c, 0x82, 0xb0, 0xd0, 0x9, 0x19, 0x0, 0x5d,
    0x5, 0x7c, 0x46, 0x70, 0x16, 0x0, 0x69, 0x73,
    0x32, 0x24, 0x2, 0xe0, 0x22, 0x41, 0xfe, 0xf,
    0x90, 0xbe, 0x0, 0x10, 0xef, 0x50, 0xed, 0xb8,
    0xb9, 0x99, 0x4, 0x4, 0x51, 0xdc, 0x2, 0x68,
    0xe0, 0x89, 0x2, 0x0, 0x94, 0x40, 0x24, 0xc3,
    0x66, 0x38, 0x31, 0x0, 0x7c, 0x46, 0x51, 0x0,
    0x6, 0xb8, 0x7, 0xe2, 0xc6, 0x53, 0x33, 0x60,
    0x7, 0xe7, 0x68, 0xc, 0xc2, 0xb0, 0x6, 0x3e,
    0x0, 0x2c, 0x0, 0x3f, 0xd6, 0x0,

    /* U+7279 "特" */
    0x2, 0x53, 0xd0, 0xe, 0xd5, 0x0, 0xe7, 0xf0,
    0x30, 0x7, 0x74, 0x55, 0xdc, 0x80, 0x6, 0x8d,
    0x83, 0x16, 0x64, 0x51, 0x98, 0x90, 0x1, 0xba,
    0xe, 0x89, 0x14, 0x4, 0x50, 0x80, 0x13, 0x7c,
    0x6e, 0x33, 0x22, 0x8c, 0xc9, 0x8, 0xc4, 0x2,
    0xe9, 0x9a, 0xa0, 0x96, 0x54, 0xb0, 0x2, 0x16,
    0x55, 0xe3, 0xc5, 0x10, 0x9, 0x47, 0xa1, 0x13,
    0x8f, 0x50, 0x45, 0x7f, 0x1, 0x87, 0x11, 0xc2,
    0xd0, 0x43, 0xbb, 0x9, 0xc4, 0xcb, 0x32, 0x2b,
    0xc3, 0x6, 0x20, 0xc, 0xf6, 0xa0, 0x1f, 0xfc,
    0x12, 0xd9, 0x0, 0xff, 0xe1, 0x1e, 0x11, 0xc,
    0x3, 0xff, 0x80, 0x3b, 0xa3, 0x70, 0xe, 0x3e,
    0x0, 0xc3, 0xfe, 0xd2, 0x0, 0x0,

    /* U+72B6 "状" */
    0x0, 0xff, 0xe4, 0x79, 0x0, 0x58, 0xc2, 0xa0,
    0x18, 0x40, 0x3f, 0x86, 0x5c, 0x2, 0xf5, 0x0,
    0xfe, 0xd9, 0x30, 0x5, 0x51, 0x0, 0x3f, 0xe,
    0x18, 0x1, 0x1c, 0xc1, 0x7b, 0xa3, 0x9e, 0xe6,
    0x70, 0x5, 0xe, 0x9, 0xba, 0xa0, 0x3d, 0xdc,
    0x1, 0x84, 0x4, 0xcc, 0xa0, 0x46, 0x78, 0x2,
    0x2c, 0x0, 0xca, 0x0, 0x30, 0xe, 0x3c, 0x40,
    0xd, 0xaa, 0xd2, 0x1, 0x8f, 0x26, 0x40, 0x19,
    0xfe, 0x94, 0x80, 0x23, 0xa7, 0x0, 0xd0, 0x6a,
    0x4b, 0x20, 0x19, 0x40, 0x31, 0xbc, 0x80, 0x2d,
    0x60, 0x3, 0xe6, 0xd6, 0x40, 0x0, 0xd3, 0xd0,
    0x7, 0xb1, 0xe4, 0x3, 0x26, 0x30, 0x80,

    /* U+72EC "独" */
    0x9, 0x10, 0x74, 0x0, 0x8f, 0x80, 0x3d, 0xf8,
    0xb0, 0xc0, 0x1f, 0xf3, 0x25, 0x49, 0x8, 0xcc,
    0x23, 0x80, 0x22, 0x70, 0x50, 0xfe, 0xe5, 0x7,
    0x74, 0x80, 0x58, 0xcc, 0xb0, 0x5, 0xfe, 0xf,
    0xf8, 0x40, 0x5, 0x51, 0x8a, 0x1, 0xff, 0xc0,
    0x40, 0x22, 0x0, 0x7f, 0xf0, 0x4e, 0x0, 0x22,
    0x35, 0x13, 0x30, 0x80, 0x45, 0xae, 0x0, 0x2b,
    0xe8, 0xe, 0xe1, 0x0, 0xb, 0x5a, 0x80, 0x19,
    0xbb, 0xe, 0xcf, 0x20, 0x15, 0xc0, 0x8, 0x7,
    0xc5, 0xc0, 0x12, 0x3, 0x18, 0x6, 0x71, 0x33,
    0x12, 0x80, 0x8, 0x9c, 0x8d, 0x7b, 0xd6, 0x1d,
    0x27, 0x20, 0x9, 0xd6, 0xb2, 0xc8, 0xde, 0xfd,
    0xcd, 0x1, 0xb, 0xfc, 0x24, 0x75, 0x31, 0x0,
    0x87, 0x4,

    /* U+7387 "率" */
    0x0, 0xfa, 0xa0, 0x3, 0xf4, 0xee, 0xf2, 0xbe,
    0xef, 0x48, 0x2, 0xe7, 0xba, 0xa1, 0xbe, 0xed,
    0x16, 0x0, 0x79, 0x3, 0x1a, 0xa2, 0x59, 0x1a,
    0xd8, 0x4, 0xb7, 0x8d, 0x8c, 0x90, 0x63, 0x37,
    0x84, 0x1, 0x36, 0x3f, 0xbe, 0x24, 0x85, 0xe9,
    0x0, 0x70, 0xb0, 0xf8, 0xef, 0xb4, 0xb0, 0x6,
    0x6c, 0xfd, 0x6d, 0x49, 0x69, 0xda, 0xd4, 0x0,
    0x74, 0x6c, 0x1d, 0x18, 0x54, 0x6, 0x5f, 0x0,
    0x21, 0x0, 0x95, 0x0, 0x44, 0xcc, 0x6, 0xa0,
    0x2f, 0xff, 0x2b, 0x7f, 0x7f, 0xe2, 0x27, 0xff,
    0x95, 0xbf, 0xfc, 0x40, 0x1f, 0x84, 0x3, 0xff,
    0x96,

    /* U+73AF "环" */
    0x2, 0x2c, 0x22, 0x33, 0xfc, 0x22, 0xdd, 0xd6,
    0xdb, 0xb6, 0x63, 0x76, 0x51, 0xf9, 0x5f, 0xa7,
    0xee, 0x8d, 0xbb, 0xa4, 0x0, 0xfe, 0x43, 0xb0,
    0xf, 0xfe, 0xc, 0x82, 0x10, 0x4, 0x3f, 0x2b,
    0xe2, 0x0, 0x62, 0xe, 0xc1, 0x0, 0xe, 0xba,
    0x68, 0x81, 0xcc, 0x4, 0x26, 0x80, 0x45, 0xc2,
    0x40, 0x5a, 0xca, 0x0, 0xa1, 0x90, 0xf, 0xbd,
    0x24, 0x3, 0x73, 0x88, 0x6, 0x23, 0xfa, 0x0,
    0xe3, 0xe1, 0x2, 0xc5, 0xd4, 0x20, 0xf, 0xe4,
    0xd1, 0x9f, 0x70, 0xf, 0xf2, 0x75, 0xb0, 0x7,
    0xff, 0x4, 0x40, 0x3f, 0xf8, 0x40,

    /* U+73B0 "现" */
    0x2, 0x2e, 0x1f, 0xff, 0x84, 0x7, 0x77, 0x94,
    0x3b, 0xfe, 0xd0, 0x8, 0x7f, 0xc1, 0xbe, 0xa0,
    0x20, 0x40, 0x60, 0x1f, 0xfc, 0x1, 0xd0, 0xf,
    0xfe, 0x56, 0xf8, 0x6e, 0x80, 0x23, 0x0, 0xfb,
    0xf4, 0x2b, 0xc0, 0x30, 0x80, 0x78, 0x88, 0xe,
    0x40, 0x10, 0x98, 0x7, 0xfc, 0x2e, 0x8, 0x26,
    0x2e, 0x20, 0x1e, 0x21, 0x80, 0xb7, 0x90, 0x80,
    0xc, 0x41, 0x9a, 0x80, 0x83, 0x80, 0x14, 0x91,
    0x3b, 0x4a, 0x75, 0x46, 0xa4, 0x40, 0x25, 0x13,
    0x9d, 0xd3, 0x91, 0x32, 0x50, 0x4, 0x0, 0x44,
    0x17, 0x20, 0x2, 0xed, 0x38, 0x2b, 0x77, 0x10,
    0x40, 0x39, 0x35, 0xc0, 0x7, 0xbd, 0xca, 0x0,

    /* U+73FE "現" */
    0x3f, 0xfe, 0x4f, 0xff, 0x94, 0xf, 0xb8, 0x17,
    0xc8, 0x1d, 0xff, 0x88, 0x2, 0x11, 0x3, 0x8,
    0x7, 0xff, 0x1b, 0xbf, 0xf1, 0x0, 0x44, 0x40,
    0x72, 0x0, 0x77, 0xfe, 0x20, 0xb, 0xb8, 0x11,
    0xc2, 0x1b, 0x77, 0x88, 0x2, 0xcc, 0x7, 0xe0,
    0x84, 0x47, 0x10, 0x7, 0xf9, 0x4c, 0xf0, 0x7,
    0xfd, 0xdf, 0xf8, 0x80, 0x3d, 0x78, 0xfe, 0x91,
    0xe3, 0x7e, 0xa0, 0x77, 0xe4, 0x10, 0xe0, 0x88,
    0x0, 0x38, 0x4, 0x39, 0xba, 0x94, 0x8, 0x23,
    0x0, 0xce, 0x44, 0x72, 0x0, 0xc, 0xbf, 0x0,
    0x4e, 0x16, 0xc0, 0x18, 0x78, 0xb4, 0xc0, 0x9,
    0x7e, 0x28, 0x1, 0x87, 0xec, 0x80, 0x2a, 0xff,
    0x68, 0x0,

    /* U+7406 "理" */
    0x2, 0x2e, 0x5f, 0xff, 0xb8, 0x7, 0x77, 0x60,
    0x1f, 0xf8, 0x77, 0xec, 0x0, 0x3f, 0xa3, 0xfc,
    0xe, 0x1, 0x18, 0x38, 0x7, 0xf2, 0x6e, 0x87,
    0x37, 0x80, 0x3f, 0x8f, 0xfc, 0x3d, 0xf0, 0x1,
    0x76, 0x8f, 0xb8, 0x39, 0x10, 0x8, 0x8c, 0x1,
    0x65, 0x6, 0xb0, 0x26, 0x60, 0x73, 0x1c, 0x1,
    0x13, 0x89, 0xa, 0x67, 0xc0, 0x5f, 0xf6, 0x80,
    0x7c, 0x26, 0x64, 0x5, 0x33, 0x80, 0x3c, 0x8f,
    0xbb, 0x6, 0xee, 0x10, 0x2, 0xf, 0xd3, 0x77,
    0x41, 0x1d, 0xd0, 0x97, 0x49, 0x47, 0x89, 0x9c,
    0xa, 0x67, 0x1, 0x26, 0x6b, 0x99, 0x16, 0x6,
    0x22, 0x84, 0x28, 0xc0, 0x1f, 0xbb, 0x82, 0xb7,
    0x6b,

    /* U+7455 "瑕" */
    0x2, 0x2c, 0x9f, 0xf9, 0x7f, 0xee, 0x3, 0xdd,
    0xc4, 0x4f, 0xe0, 0x5f, 0xf6, 0x80, 0xf, 0xdd,
    0xde, 0x40, 0x1, 0x0, 0xff, 0xe8, 0x97, 0x70,
    0x17, 0xfd, 0xa0, 0x1, 0xd6, 0x66, 0x1, 0x7f,
    0xb9, 0x7b, 0xaf, 0x1, 0x85, 0x54, 0x80, 0x4,
    0x67, 0x99, 0xc0, 0x5, 0x33, 0x28, 0x17, 0xf9,
    0xf9, 0x3c, 0x58, 0x3, 0xe2, 0xff, 0x3d, 0x8b,
    0x8b, 0x80, 0x7f, 0xc4, 0x28, 0xda, 0x1, 0x92,
    0xc0, 0xbf, 0xda, 0x13, 0x4a, 0x80, 0x7a, 0xcc,
    0xe0, 0x2f, 0xf6, 0x80, 0x4, 0xc0, 0x5, 0xdc,
    0xa5, 0x0, 0xe8, 0xba, 0x68, 0x1, 0x30, 0xf,
    0xac, 0x7d, 0x70, 0xd4, 0x3, 0x93, 0x40, 0x17,
    0x22, 0x5, 0x6a,

    /* U+74B0 "環" */
    0x6, 0x6c, 0xaf, 0xfb, 0xfb, 0xfd, 0xc9, 0x0,
    0x7e, 0x4f, 0xe8, 0x3e, 0x96, 0x97, 0x40, 0x5,
    0x36, 0x13, 0x0, 0xb4, 0x54, 0x57, 0x60, 0xf,
    0xcd, 0xf1, 0xb1, 0xb3, 0xf0, 0x1, 0xe3, 0xcf,
    0xff, 0xb1, 0x43, 0x30, 0x1b, 0x5f, 0xff, 0xca,
    0x11, 0x0, 0x9a, 0x1c, 0xcf, 0x84, 0x0, 0x88,
    0x4, 0x30, 0x3e, 0xee, 0x30, 0xf, 0xfe, 0x50,
    0xab, 0x86, 0xf7, 0xee, 0x80, 0x32, 0xc0, 0x7f,
    0x97, 0x6c, 0x52, 0xb1, 0xe8, 0x7, 0xb9, 0x9d,
    0x49, 0x98, 0xa, 0xcc, 0x7c, 0x80, 0xdb, 0x98,
    0xf7, 0xfa, 0x80, 0x14, 0x3e, 0x40, 0x1c, 0x3d,
    0x46, 0x1, 0xe, 0x63, 0x84,

    /* U+751F "生" */
    0x0, 0x92, 0x40, 0x13, 0x40, 0x1f, 0xef, 0x30,
    0xf, 0xfe, 0x8, 0xa6, 0x99, 0xc2, 0x67, 0xc2,
    0x1, 0x40, 0x46, 0x61, 0x53, 0x33, 0x9c, 0x0,
    0x8d, 0x9f, 0xf3, 0x2f, 0xff, 0x30, 0x2, 0x5c,
    0xc0, 0x3f, 0xf8, 0x39, 0x0, 0x1f, 0xfc, 0x21,
    0x4d, 0xdc, 0xeb, 0xbb, 0xac, 0x3, 0x2c, 0xce,
    0x53, 0x99, 0xde, 0x1, 0x85, 0x13, 0x13, 0x22,
    0x70, 0x7, 0xff, 0x5c, 0x8b, 0xc6, 0x24, 0x5e,
    0x1, 0xdd, 0xf2, 0xa6, 0xef, 0x88,

    /* U+7528 "用" */
    0x0, 0x11, 0x7f, 0xf0, 0x0, 0x1d, 0xbb, 0xff,
    0x0, 0x53, 0xff, 0xd, 0xff, 0xd8, 0x1, 0xff,
    0xc6, 0x8c, 0xc8, 0x67, 0x32, 0xe0, 0xc, 0xf3,
    0x30, 0x2c, 0xcd, 0x40, 0x1b, 0xd5, 0x61, 0xc5,
    0x59, 0x0, 0x21, 0x30, 0xf, 0xfe, 0x1, 0x57,
    0xfc, 0x37, 0xff, 0x60, 0x6, 0xbd, 0xd8, 0x67,
    0x76, 0xa0, 0x1, 0x8a, 0x11, 0x40, 0x45, 0x98,
    0x1, 0x68, 0x1, 0xff, 0x13, 0xc8, 0x7, 0xc2,
    0x26, 0x5, 0x51, 0x80, 0x78, 0x7b, 0x94, 0xcf,
    0x40, 0x1d, 0xc8, 0x3f, 0xf4, 0x80,

    /* U+7531 "由" */
    0x0, 0xf6, 0xa8, 0x7, 0xff, 0x1c, 0xcf, 0xda,
    0x67, 0x88, 0x99, 0x9c, 0x2f, 0x99, 0xa0, 0x1,
    0xff, 0x8a, 0xbf, 0xe6, 0x0, 0xff, 0xe8, 0xee,
    0xe2, 0xbd, 0xd9, 0x80, 0x28, 0x99, 0x85, 0xa6,
    0x64, 0x0, 0x95, 0x12, 0x3d, 0x44, 0x88, 0x3,
    0xff, 0xa3, 0xff, 0x8a, 0xbf, 0xe6, 0x0, 0xaf,
    0x33, 0xf2, 0x80,

    /* U+7535 "电" */
    0x0, 0xee, 0x50, 0xf, 0x84, 0x78, 0xc, 0x47,
    0x80, 0x1d, 0xdc, 0x33, 0xdd, 0xbc, 0x2, 0xbf,
    0xf8, 0x67, 0xfe, 0xa0, 0xf, 0xe3, 0x0, 0x84,
    0x3, 0x56, 0xec, 0x37, 0xbb, 0x50, 0x6, 0x9e,
    0xe8, 0x1b, 0xba, 0x90, 0xc, 0x67, 0x87, 0x4c,
    0xf0, 0x6, 0x23, 0x38, 0x48, 0xcf, 0x0, 0x69,
    0xcc, 0x82, 0x33, 0x28, 0x0, 0x87, 0x3f, 0xe1,
    0xaf, 0xfd, 0xd0, 0x5c, 0x60, 0x1f, 0xe5, 0x70,
    0xe, 0x3f, 0x33, 0xcc, 0x4e, 0x1, 0xd0, 0x99,
    0x9a, 0x1c, 0x80,

    /* U+753B "画" */
    0x1f, 0xff, 0xfe, 0x10, 0x8b, 0x77, 0xc8, 0xdb,
    0xbe, 0x10, 0x22, 0xf0, 0x88, 0x8b, 0xc0, 0x8,
    0x80, 0x19, 0xcc, 0x46, 0x70, 0x44, 0x80, 0x4,
    0x41, 0xbf, 0x4, 0xf1, 0xfc, 0x1, 0xfd, 0xd6,
    0xf5, 0x7e, 0x1, 0xfe, 0x62, 0x3e, 0x26, 0x0,
    0xff, 0x4f, 0x23, 0xf4, 0x0, 0x7f, 0xbf, 0x1e,
    0x73, 0x80, 0x3f, 0xc2, 0x23, 0xf1, 0x70, 0xf,
    0xe3, 0xce, 0x57, 0xeb, 0x10, 0xf, 0xdb, 0xff,
    0xec, 0x0, 0xf3, 0x7f, 0xff, 0x9c, 0x3, 0x2e,
    0xef, 0xf9, 0x80, 0x0,

    /* U+754C "界" */
    0x0, 0x27, 0xff, 0xfa, 0x0, 0x38, 0x7f, 0xe8,
    0x5f, 0xf9, 0x0, 0x3f, 0xf9, 0x43, 0xdd, 0x42,
    0xf7, 0x48, 0x1, 0xe1, 0xee, 0xa1, 0x7b, 0xa4,
    0x0, 0xf0, 0xa2, 0x5c, 0xc8, 0x93, 0x80, 0x73,
    0xa7, 0xc5, 0xab, 0xdd, 0x7b, 0xf0, 0x6, 0x3b,
    0xd2, 0x7c, 0xbd, 0x22, 0x5b, 0x0, 0x42, 0xf9,
    0x65, 0x80, 0x2, 0x52, 0xe9, 0x40, 0x5, 0x5c,
    0xe8, 0x90, 0x4, 0xff, 0x81, 0x22, 0x17, 0x8a,
    0x4, 0x40, 0xe, 0x29, 0xd1, 0x0, 0xce, 0x8,
    0x1, 0xff, 0xc, 0xc5, 0x80, 0x7f, 0xf0, 0x21,
    0x71, 0x0, 0x3f, 0xf8, 0x13, 0x86, 0x1, 0xdc,
    0x80, 0x18,

    /* U+7559 "留" */
    0x0, 0xc2, 0xf2, 0x1, 0xfc, 0x37, 0x9d, 0x98,
    0xf, 0xff, 0x48, 0x1, 0x27, 0xed, 0x43, 0xe8,
    0xbf, 0xca, 0x20, 0x20, 0xe3, 0x0, 0x11, 0x30,
    0x5, 0xe0, 0x1c, 0xce, 0x0, 0xbc, 0x0, 0x8,
    0x80, 0x21, 0x7, 0x82, 0x33, 0x28, 0x1, 0x8c,
    0xc, 0x3b, 0x88, 0x33, 0xce, 0x44, 0x32, 0x73,
    0xc4, 0xbd, 0xd9, 0x1e, 0x3, 0xf9, 0x88, 0xfe,
    0xd4, 0x4c, 0x2a, 0x4c, 0xdd, 0xc9, 0x0, 0x8f,
    0x3f, 0xea, 0xef, 0xfb, 0x10, 0x3, 0xe, 0x64,
    0x51, 0x99, 0x8, 0x7, 0xf, 0x74, 0x55, 0xdd,
    0x8, 0x7, 0xf, 0x74, 0x55, 0xdd, 0x8, 0x7,
    0x84, 0x60, 0x31, 0x18, 0x3, 0xc3, 0xff, 0x1c,
    0x7f, 0xc0, 0x10,

    /* U+7565 "略" */
    0x0, 0xfd, 0x32, 0x0, 0xed, 0xff, 0xc6, 0x4,
    0xde, 0x1, 0xed, 0x2f, 0x30, 0x4, 0x84, 0xff,
    0xc6, 0x0, 0x30, 0x3, 0x84, 0x23, 0x77, 0x20,
    0xcc, 0x1, 0xe9, 0x75, 0x73, 0x9, 0x90, 0x7,
    0xc2, 0xf5, 0x1d, 0x68, 0xa0, 0x17, 0x17, 0xa4,
    0x40, 0x18, 0x56, 0xc0, 0x36, 0x97, 0x98, 0x0,
    0x6c, 0xf, 0x48, 0x2, 0x30, 0x3, 0xb4, 0x70,
    0xee, 0x26, 0xc8, 0x80, 0x75, 0xb0, 0x9c, 0x40,
    0x9, 0xc, 0xc, 0x5, 0xeb, 0x47, 0xbf, 0xe2,
    0xe2, 0xd, 0x2e, 0x37, 0x1, 0x77, 0xc2, 0x0,
    0x1e, 0xff, 0x8c, 0x3, 0xfb, 0x4, 0x3, 0x84,
    0xcf, 0x8, 0x7, 0xfb, 0xbb, 0x0, 0x40,

    /* U+756A "番" */
    0x0, 0xff, 0xe4, 0x11, 0xa2, 0xb4, 0x56, 0x79,
    0x80, 0x6e, 0xe6, 0x7f, 0xae, 0xbf, 0xd5, 0x86,
    0x1, 0xba, 0x4b, 0x2d, 0x10, 0xeb, 0x8, 0x1,
    0xe7, 0x15, 0x0, 0xce, 0x4e, 0x1, 0xbf, 0xe2,
    0xaf, 0x57, 0xf8, 0x3f, 0xf8, 0x1, 0xff, 0x73,
    0x9, 0xa0, 0xbf, 0x7f, 0xc0, 0x18, 0xf1, 0x7d,
    0x8f, 0xd3, 0x10, 0x3, 0x25, 0xe5, 0xe0, 0xef,
    0xe, 0x5d, 0x6b, 0x89, 0x51, 0x84, 0xff, 0xa2,
    0x7f, 0xd2, 0x29, 0x60, 0x5d, 0x1, 0xbf, 0xe6,
    0x7f, 0xf8, 0x2b, 0x4, 0x3, 0x76, 0x61, 0xdb,
    0x32, 0x0, 0xfd, 0xfb, 0xa4, 0x7d, 0xd8, 0x3,
    0xf0, 0x8c, 0x62, 0x38, 0x3, 0xf6, 0xf7, 0x1d,
    0xbb, 0xa1, 0x0, 0x80,

    /* U+7570 "異" */
    0x0, 0x4f, 0xf7, 0x5f, 0xee, 0xeb, 0xe8, 0x3,
    0x9b, 0xba, 0x57, 0xee, 0x9c, 0x3, 0xc6, 0x78,
    0x48, 0xce, 0x20, 0xf, 0x3c, 0xcc, 0xaf, 0x33,
    0x38, 0x7, 0x92, 0xaa, 0x45, 0xaa, 0x94, 0x3,
    0x85, 0xff, 0xdc, 0x8d, 0xdf, 0xe6, 0x30, 0xd,
    0x1d, 0x63, 0xdd, 0x86, 0xfa, 0x40, 0x21, 0xdd,
    0x50, 0xee, 0xe1, 0xad, 0xd1, 0x80, 0x7, 0xb9,
    0x21, 0xdd, 0x86, 0x7b, 0x86, 0x1, 0x19, 0xc2,
    0x67, 0x80, 0xce, 0x0, 0x17, 0x75, 0x63, 0xdd,
    0x86, 0xfb, 0xa2, 0x27, 0xfd, 0x8b, 0x5f, 0xea,
    0x4a, 0xcf, 0xf1, 0x0, 0xad, 0xe0, 0x30, 0x89,
    0x8e, 0xfd, 0x80, 0x2b, 0x9d, 0xd5, 0x10, 0x0,
    0xa3, 0xa2, 0xe8, 0x1, 0x7a, 0xe4, 0x1, 0xf2,
    0xe5, 0x80,

    /* U+7591 "疑" */
    0x0, 0xff, 0xe2, 0xad, 0x81, 0x4c, 0xf, 0xff,
    0xb4, 0x2, 0x5d, 0xc1, 0xa1, 0xff, 0xd6, 0x1c,
    0x1, 0x1f, 0xf4, 0x31, 0x86, 0xbb, 0x5d, 0x18,
    0x4, 0x26, 0x0, 0xd4, 0xf, 0xc9, 0x85, 0x0,
    0x9c, 0x7b, 0xfc, 0x8a, 0x5, 0x76, 0x94, 0x0,
    0x88, 0x73, 0xfd, 0xa3, 0x99, 0x41, 0xc6, 0x18,
    0x19, 0xb3, 0xba, 0x1c, 0xc6, 0x9e, 0xe8, 0xcc,
    0x1f, 0x3a, 0x3d, 0xc2, 0x88, 0x0, 0x4e, 0xc0,
    0x2c, 0xe2, 0x1, 0x87, 0xc0, 0x2, 0xf0, 0x0,
    0x5e, 0xc0, 0xff, 0x41, 0x8, 0x3, 0xfd, 0x80,
    0x3f, 0xe9, 0x1d, 0xf8, 0x5f, 0x0, 0x77, 0x34,
    0x3, 0x5a, 0x61, 0x90, 0xa2, 0x80, 0x7d, 0x6f,
    0x57, 0xd6, 0xb3, 0x40, 0x40, 0x1b, 0x46, 0x81,
    0x7d, 0xe1, 0x35, 0x33, 0xfc, 0xa1, 0xb4, 0x1,
    0x17, 0x90, 0x1d, 0xf7, 0xf9, 0x40,

    /* U+75B5 "疵" */
    0x0, 0xfd, 0xe6, 0x1, 0xfd, 0xff, 0xc1, 0x9f,
    0xfc, 0x22, 0x70, 0x6, 0xf7, 0x37, 0xba, 0xde,
    0xe8, 0x45, 0x24, 0x4, 0x22, 0xf2, 0x13, 0xc1,
    0x18, 0x0, 0x8a, 0x1, 0xff, 0xc2, 0xcf, 0x0,
    0x50, 0x7, 0xc2, 0x20, 0x3, 0x48, 0x1, 0xc4,
    0x18, 0x40, 0x3, 0xb0, 0x1, 0x28, 0x7, 0x57,
    0x80, 0xe5, 0x48, 0x15, 0xd0, 0x80, 0x6c, 0xe0,
    0x7, 0xb0, 0x0, 0x76, 0xc8, 0x3, 0xe1, 0x20,
    0x8, 0xdb, 0x14, 0x3, 0xfc, 0x20, 0x12, 0x50,
    0x6, 0x72, 0x10, 0xa, 0x8c, 0x18, 0xd, 0xe,
    0xca, 0xfd, 0xc4, 0x66, 0x10, 0xae, 0x8, 0x4d,
    0xbf, 0xd4, 0x2e, 0xe0, 0x90, 0x61, 0x86, 0x53,
    0xa0, 0x5, 0xbf, 0xec, 0x0,

    /* U+767A "発" */
    0x0, 0xfc, 0xe4, 0x2, 0x60, 0x18, 0xff, 0xf8,
    0xba, 0xc7, 0x2c, 0x3, 0x1e, 0x7f, 0x98, 0xca,
    0x1b, 0x2e, 0x11, 0x0, 0x2, 0xd6, 0x36, 0xf0,
    0x17, 0x6, 0x5a, 0x0, 0x8b, 0x2f, 0x20, 0xc0,
    0x10, 0xdb, 0x18, 0x80, 0x13, 0x1b, 0xb8, 0x3,
    0x58, 0x9, 0x80, 0x6, 0x6c, 0x1f, 0xff, 0xc4,
    0x3e, 0xe0, 0xcb, 0xbf, 0x83, 0x19, 0x81, 0x8c,
    0xd8, 0xa0, 0x7c, 0x21, 0x30, 0x33, 0x80, 0x8c,
    0x1b, 0x40, 0x2, 0x45, 0x1, 0x14, 0x6, 0x45,
    0x0, 0x51, 0xbb, 0xc, 0xee, 0x86, 0x77, 0x62,
    0x0, 0x4f, 0xfb, 0x3, 0xfe, 0x1a, 0xff, 0x88,
    0x3, 0xf, 0x30, 0x7, 0xce, 0xa0, 0x12, 0xfb,
    0x48, 0x6, 0x21, 0x15, 0x98, 0x2, 0xa2, 0x16,
    0x1, 0x9e, 0x3b, 0x82, 0xe0, 0xa, 0xd6, 0x0,
    0xe9, 0xff, 0xb4, 0x40,

    /* U+767B "登" */
    0x0, 0xfc, 0xa4, 0x0, 0x40, 0xe, 0xff, 0xe5,
    0xd8, 0xb, 0xf0, 0xe, 0xdf, 0xf5, 0xa, 0xca,
    0xe9, 0x58, 0x98, 0x0, 0xb1, 0x86, 0xe4, 0x6,
    0x8a, 0xcb, 0x10, 0x0, 0x5f, 0x7e, 0xae, 0x0,
    0x56, 0xfc, 0x87, 0x0, 0x8c, 0x55, 0x3f, 0xf3,
    0x38, 0x8, 0x0, 0x63, 0x52, 0xff, 0xfd, 0x51,
    0x56, 0x45, 0x6e, 0xff, 0x83, 0xf0, 0x8e, 0x88,
    0xc7, 0xff, 0xc0, 0x1, 0x70, 0xe, 0x72, 0x2f,
    0x8, 0x7, 0xe5, 0xbb, 0xf1, 0x80, 0x7c, 0xf2,
    0xf1, 0x19, 0xde, 0x0, 0xf0, 0xb1, 0x89, 0x98,
    0x4e, 0x44, 0x3, 0xe1, 0x44, 0x0, 0x29, 0x44,
    0x3, 0xbb, 0xfe, 0x49, 0xff, 0x3a, 0xff, 0xe0,

    /* U+767D "白" */
    0x0, 0xc4, 0xe2, 0x1, 0xfd, 0x52, 0x20, 0x1f,
    0xca, 0xc0, 0x1e, 0xef, 0xf8, 0x9f, 0xff, 0x94,
    0x22, 0xef, 0xf0, 0x4, 0x68, 0x9f, 0x84, 0x3,
    0xff, 0x9d, 0x7f, 0xff, 0x84, 0x1, 0x3b, 0xbf,
    0x84, 0x0, 0x45, 0xfc, 0x1, 0xff, 0xc3, 0x11,
    0xfe, 0x0, 0xab, 0xbb, 0xf0, 0x80, 0x2b, 0xbb,
    0xf1, 0x8,

    /* U+7684 "的" */
    0x0, 0x1b, 0x0, 0x65, 0x20, 0xf, 0x56, 0x80,
    0x6b, 0x60, 0xf, 0x27, 0x0, 0x46, 0x28, 0x1,
    0xb3, 0xca, 0xbf, 0x82, 0xc3, 0xff, 0x38, 0xd7,
    0x72, 0xc0, 0xd, 0x5d, 0xd2, 0x0, 0x4, 0x66,
    0x7, 0x35, 0x11, 0x80, 0x40, 0x3d, 0x90, 0x1,
    0xf1, 0x19, 0x9c, 0x2d, 0xf8, 0x40, 0xe, 0x61,
    0x1d, 0xcb, 0x0, 0x13, 0xd0, 0x0, 0x44, 0x15,
    0xba, 0xc0, 0xa, 0x55, 0x40, 0x6e, 0x1, 0xfd,
    0x72, 0x2, 0x20, 0xf, 0xe5, 0xc0, 0x1, 0x81,
    0xa2, 0x40, 0x1e, 0x30, 0x10, 0xa8, 0x85, 0x28,
    0x7, 0x59, 0x80, 0x27, 0x32, 0xb0, 0x2, 0xff,
    0x9e, 0x3, 0x50, 0x3, 0xcb, 0xdb, 0xe8, 0x0,

    /* U+76AE "皮" */
    0x0, 0xf9, 0x38, 0x3, 0xf8, 0x8c, 0xf8, 0x4c,
    0xf8, 0x40, 0x2e, 0xcc, 0xd0, 0x19, 0x9c, 0xc0,
    0x1a, 0xbf, 0xeb, 0x1f, 0xfb, 0x1, 0x80, 0x3f,
    0xf8, 0x32, 0xc2, 0x1, 0x9, 0x17, 0x1, 0x15,
    0xd0, 0x1, 0x8e, 0x37, 0x69, 0x1d, 0xda, 0xdc,
    0x3, 0xd, 0xf0, 0xd7, 0xfe, 0xa1, 0x60, 0xe,
    0x61, 0x8b, 0x0, 0x86, 0xe0, 0x3, 0x10, 0x10,
    0x31, 0x58, 0x3, 0x55, 0x80, 0x32, 0x10, 0x5,
    0x8f, 0x98, 0xb, 0x0, 0xed, 0x40, 0x8, 0x54,
    0xcd, 0x60, 0x1c, 0x69, 0x40, 0xb3, 0xc9, 0x53,
    0x2e, 0x83, 0x0, 0x22, 0x9f, 0x59, 0xde, 0xab,
    0x74, 0x1e, 0x70, 0x3d, 0x7, 0xf5, 0x20, 0x6,
    0x6b, 0xfc, 0x0,

    /* U+76D1 "监" */
    0x0, 0xff, 0x8, 0x7, 0xde, 0x21, 0xc8, 0x0,
    0x6c, 0x0, 0xff, 0xe1, 0x52, 0x11, 0x60, 0xf,
    0xe2, 0x36, 0xdd, 0xc2, 0x1, 0xfa, 0x17, 0xff,
    0x84, 0x3, 0xe4, 0x58, 0x7a, 0x10, 0xf, 0xf4,
    0xc8, 0x99, 0x9e, 0x60, 0x19, 0xc4, 0x2, 0xd6,
    0x1, 0xc5, 0xc1, 0x0, 0xa0, 0x0, 0xcc, 0x0,
    0xeb, 0xa1, 0x0, 0x9b, 0xfc, 0xfb, 0xff, 0xec,
    0x0, 0xe4, 0xec, 0xe, 0xe0, 0xdf, 0x30, 0x7,
    0x84, 0x60, 0x11, 0x1b, 0x88, 0x7, 0xff, 0x24,
    0x47, 0x80, 0x44, 0x6e, 0x20, 0x62, 0x9, 0xd0,
    0x9d, 0x81, 0xdc, 0x1b, 0xe6, 0x5e, 0x40,

    /* U+76D2 "盒" */
    0x0, 0xf1, 0x6f, 0x30, 0x7, 0xfc, 0xb9, 0x1f,
    0x56, 0x40, 0x1f, 0x26, 0x46, 0x28, 0xe6, 0x54,
    0x60, 0x12, 0xed, 0x50, 0xf3, 0xba, 0x99, 0x16,
    0x69, 0x86, 0x57, 0x37, 0x77, 0x9e, 0x3a, 0x8c,
    0x25, 0xe3, 0xb7, 0x7d, 0xdc, 0x17, 0x0, 0xe7,
    0xdd, 0xf8, 0x3, 0xf3, 0x6e, 0xfc, 0x1, 0xf4,
    0x7e, 0xef, 0xbb, 0x80, 0x1c, 0x7d, 0xdf, 0xeb,
    0x0, 0xce, 0x7d, 0xc1, 0xce, 0x58, 0xe9, 0x0,
    0xff, 0x18, 0x0, 0xc0, 0x40, 0x3f, 0xc6, 0xe,
    0x60, 0x2e, 0x0, 0x1f, 0xb2, 0xff, 0x6, 0xf9,
    0xcf, 0xc1, 0xfb, 0x80,

    /* U+76D6 "盖" */
    0x0, 0xe1, 0x0, 0xe2, 0x0, 0xfd, 0x1a, 0x1,
    0x93, 0x44, 0x3, 0x88, 0x96, 0x6a, 0x45, 0x43,
    0x19, 0x0, 0x6f, 0xf7, 0x14, 0x66, 0xf8, 0xa7,
    0xf9, 0x40, 0x2d, 0xde, 0x83, 0xdd, 0xe5, 0x0,
    0x8f, 0xbb, 0x49, 0xf7, 0x6b, 0x0, 0xc7, 0xdd,
    0xa4, 0xfb, 0xb5, 0x80, 0x51, 0x99, 0xd6, 0x79,
    0x9e, 0x10, 0xaf, 0xfe, 0xec, 0xff, 0xf0, 0x81,
    0x18, 0x8f, 0xfc, 0x60, 0x12, 0xee, 0x63, 0x73,
    0x1b, 0x99, 0x78, 0x7, 0x1f, 0x70, 0x3f, 0x96,
    0x3a, 0xc0, 0x3f, 0xf9, 0x26, 0x0, 0x10, 0x30,
    0x11, 0x0, 0x70, 0xfc, 0x9f, 0xf0, 0x6f, 0xa4,
    0x7d, 0x17, 0xb8,

    /* U+76D8 "盘" */
    0x0, 0xf8, 0xc8, 0x3, 0xff, 0x85, 0xaa, 0x1,
    0xfe, 0x9f, 0xee, 0x4, 0xf7, 0x3f, 0xc0, 0x1f,
    0x37, 0x52, 0x67, 0x73, 0x40, 0x3f, 0xc9, 0xde,
    0x20, 0x1e, 0x2f, 0xf3, 0x33, 0xfd, 0x65, 0xdf,
    0xa1, 0xfe, 0x42, 0xee, 0x5, 0x75, 0x53, 0xba,
    0xc0, 0xde, 0x40, 0x17, 0x15, 0x11, 0x44, 0x4,
    0x60, 0x21, 0x0, 0x24, 0xc8, 0x0, 0x9a, 0x65,
    0x32, 0x0, 0xe2, 0x67, 0x0, 0xd4, 0x5d, 0x96,
    0x1, 0x9b, 0xbf, 0xbf, 0xdd, 0xcf, 0x99, 0x5b,
    0x80, 0x72, 0xf6, 0xf, 0x70, 0x33, 0x94, 0x3,
    0xff, 0x93, 0xe0, 0x7, 0x0, 0xc2, 0x3, 0xe0,
    0x4, 0xf7, 0x5f, 0xb1, 0xff, 0x6, 0x7a, 0x3f,
    0xa0,

    /* U+76E3 "監" */
    0x0, 0xff, 0x38, 0x7, 0xaf, 0xfb, 0xfd, 0xdc,
    0x4, 0xa0, 0xf, 0xab, 0x92, 0xfb, 0x81, 0xae,
    0x45, 0x80, 0x2b, 0xd4, 0xad, 0x90, 0x77, 0x7f,
    0xe1, 0x0, 0x5e, 0xff, 0x41, 0xc2, 0x6e, 0xf0,
    0x80, 0x34, 0xce, 0x21, 0x68, 0x0, 0xfc, 0x93,
    0xbf, 0xb9, 0xe4, 0x1, 0xfa, 0xa8, 0xb3, 0x4e,
    0x33, 0xbb, 0xa0, 0x0, 0x31, 0xcb, 0x7d, 0xc1,
    0xbf, 0xfd, 0x40, 0xa, 0xee, 0xf0, 0x91, 0x78,
    0x2, 0x7f, 0xef, 0xf7, 0x73, 0xfb, 0x9f, 0x0,
    0x1c, 0xdd, 0x83, 0xdc, 0x1c, 0xe6, 0x0, 0xff,
    0xe4, 0xf9, 0x83, 0x80, 0x42, 0x20, 0x31, 0x0,
    0x27, 0xba, 0xfd, 0x8f, 0xf8, 0x33, 0xd5, 0xbd,
    0x0,

    /* U+76EE "目" */
    0x4f, 0xff, 0xf2, 0x80, 0xee, 0xfe, 0x10, 0x8,
    0x8b, 0xf0, 0x7, 0xff, 0xc, 0x7b, 0xbf, 0x8,
    0x5, 0x55, 0xf8, 0x40, 0x2, 0x89, 0xf8, 0x3,
    0xff, 0x86, 0x3f, 0xff, 0x84, 0x0, 0x3b, 0xbf,
    0x84, 0x2, 0x22, 0xfc, 0x1, 0x84, 0x7f, 0x0,
    0x43, 0xdd, 0xf8, 0x40, 0x3, 0xdd, 0xf8, 0x40,

    /* U+76F4 "直" */
    0x0, 0xff, 0xe5, 0xb7, 0x0, 0x7e, 0xff, 0xf4,
    0x8f, 0xff, 0x84, 0x37, 0x7c, 0x8b, 0xbb, 0xe1,
    0x3, 0x42, 0x9, 0x92, 0xbc, 0xce, 0x12, 0x0,
    0x1c, 0x80, 0xa4, 0xe7, 0xcc, 0xca, 0xe0, 0x1f,
    0x8c, 0xfc, 0x1, 0xfe, 0xaa, 0xf0, 0x80, 0x7e,
    0x1b, 0xbf, 0x8, 0x7, 0xe1, 0xdd, 0xf0, 0x80,
    0x7e, 0x1d, 0xdf, 0x8, 0x7, 0xe1, 0xee, 0xf0,
    0x80, 0x7c, 0x7f, 0xdd, 0xef, 0x40, 0xe, 0xee,
    0xff, 0xe0, 0x10, 0x5, 0xbb, 0xff, 0xc0, 0x20,

    /* U+76F8 "相" */
    0x0, 0xa2, 0x80, 0xd, 0xff, 0xee, 0x0, 0xfc,
    0x5b, 0xba, 0x40, 0xa, 0xa3, 0x65, 0x50, 0x9,
    0x17, 0x0, 0xdd, 0x90, 0xee, 0x0, 0x3f, 0xf,
    0x70, 0x57, 0xb4, 0xf, 0xbb, 0x50, 0x4, 0x62,
    0xc0, 0x11, 0x6e, 0xe9, 0x0, 0xa8, 0x4e, 0x80,
    0x2, 0x67, 0xc0, 0x13, 0xb9, 0x59, 0xc0, 0x3f,
    0x9d, 0xc2, 0x1d, 0xa0, 0x7f, 0xfa, 0xc0, 0xa6,
    0xc0, 0x5, 0x40, 0x5b, 0xba, 0x41, 0x98, 0x40,
    0x1c, 0x24, 0x5c, 0x9, 0x0, 0x1f, 0xfc, 0x93,
    0xff, 0xd6, 0x1, 0xfc, 0x5b, 0xba, 0x40, 0x34,
    0x50, 0x1, 0xb4, 0x8b, 0x37, 0x0,

    /* U+7701 "省" */
    0x0, 0xc2, 0x0, 0xd5, 0x0, 0x10, 0x7, 0xcb,
    0xc4, 0x1, 0xdf, 0x62, 0x1, 0x9a, 0xac, 0x80,
    0x3b, 0xcb, 0xcc, 0x1, 0x71, 0x68, 0x67, 0x0,
    0x2b, 0xe2, 0x74, 0x43, 0xfc, 0x81, 0x5e, 0x59,
    0xc7, 0xa2, 0xfe, 0x20, 0x82, 0x7, 0xee, 0x22,
    0xc9, 0x0, 0x84, 0x6, 0xb7, 0xf2, 0x50, 0x9b,
    0x3b, 0xa3, 0x0, 0xf, 0xce, 0x7, 0xfd, 0xdd,
    0x84, 0x3, 0x2a, 0x8, 0x6e, 0xfc, 0x1, 0xfd,
    0x9b, 0xbe, 0x0, 0xfe, 0x22, 0xf8, 0x3, 0xfa,
    0x26, 0x7c, 0x1, 0xfd, 0x77, 0xf0, 0x7, 0xf7,
    0x77, 0xc2, 0x1, 0x0,

    /* U+770B "看" */
    0x0, 0xfc, 0x26, 0x8d, 0xa, 0x1, 0xb7, 0xbf,
    0xf6, 0x7f, 0x7f, 0x8, 0x6, 0xde, 0xff, 0x2a,
    0xb7, 0x2a, 0x59, 0x0, 0x35, 0xe6, 0x4a, 0x99,
    0x9e, 0x10, 0xa, 0x7b, 0x94, 0x19, 0xdd, 0xe1,
    0x0, 0x18, 0x8d, 0x86, 0x23, 0xf1, 0x80, 0x3f,
    0xee, 0x50, 0xff, 0xfc, 0x0, 0xcc, 0x85, 0x37,
    0x7e, 0xcc, 0x0, 0x69, 0x35, 0xcc, 0xf7, 0x38,
    0x6, 0x86, 0xb, 0xdd, 0xf2, 0x0, 0x43, 0x6b,
    0xa5, 0x19, 0x9e, 0x40, 0x8, 0xc7, 0x8, 0x23,
    0x77, 0xc8, 0x1, 0x15, 0x8, 0x2, 0x2a, 0xbc,
    0xa0, 0x1f, 0xa2, 0xab, 0xca, 0x1, 0xfa, 0xf3,
    0x3c, 0x80, 0x10,

    /* U+7720 "眠" */
    0x0, 0xf0, 0x8f, 0xe0, 0xef, 0xfb, 0x3, 0xbb,
    0xef, 0x0, 0x5f, 0x48, 0x5, 0xbf, 0xfb, 0x0,
    0x27, 0x12, 0x0, 0xff, 0xe0, 0x38, 0x90, 0x4,
    0xc2, 0x39, 0xc0, 0x2b, 0xe9, 0x0, 0xaf, 0xbb,
    0x58, 0x5, 0x9f, 0x60, 0x16, 0xfd, 0x8f, 0xfb,
    0x80, 0x3f, 0xce, 0x20, 0x1d, 0x9f, 0x60, 0x16,
    0xf6, 0x7, 0x74, 0x61, 0x7d, 0x20, 0x15, 0x66,
    0x2, 0xf3, 0x6, 0xe, 0x24, 0x1, 0x39, 0x19,
    0xc4, 0x40, 0x2, 0x99, 0x80, 0x3c, 0x98, 0x1,
    0xa3, 0xa9, 0x80, 0x3a, 0xd4, 0x4d, 0x99, 0xfb,
    0xab, 0x70, 0xed, 0xb7, 0x3a, 0xb1, 0x81, 0x0,
    0x1d, 0xbc, 0x6d, 0xa7, 0x3b, 0x28,

    /* U+7740 "着" */
    0x0, 0xd0, 0x20, 0x18, 0xa0, 0x3, 0xe2, 0xa0,
    0xd, 0xc2, 0x1, 0x8f, 0xb8, 0xa9, 0xdd, 0x79,
    0xb7, 0x70, 0xc0, 0xfb, 0x9f, 0xee, 0x44, 0x7f,
    0xdd, 0xc3, 0x0, 0x36, 0xee, 0x44, 0x6e, 0xe6,
    0x0, 0x9b, 0x33, 0x22, 0x33, 0x33, 0x0, 0x2f,
    0x37, 0x72, 0x23, 0x77, 0x65, 0x84, 0x7f, 0x85,
    0xbf, 0x75, 0xff, 0xd0, 0x6, 0x67, 0x24, 0xee,
    0xf9, 0x4c, 0x2, 0x90, 0x6c, 0xcf, 0x0, 0x80,
    0x50, 0x66, 0x6c, 0xcf, 0x10, 0x5, 0xf, 0x4d,
    0x3b, 0xbe, 0x30, 0x1, 0xbc, 0xa0, 0x4e, 0x67,
    0x8c, 0x0, 0x7a, 0xc0, 0x6, 0xcc, 0xf1, 0x80,
    0x44, 0x1, 0x36, 0xef, 0x8c, 0x0,

    /* U+77E5 "知" */
    0x0, 0x10, 0x80, 0x7f, 0xf0, 0x71, 0x0, 0x3f,
    0xf8, 0x4, 0x22, 0x22, 0x85, 0xbb, 0xb9, 0x1,
    0x42, 0xf7, 0x68, 0x2, 0xdd, 0x84, 0x1, 0x35,
    0xc1, 0xdf, 0x20, 0xe6, 0x70, 0x83, 0x12, 0x80,
    0x7f, 0xf0, 0x1b, 0x80, 0x3f, 0xf8, 0x2d, 0xbf,
    0xc1, 0xdf, 0xe1, 0x0, 0xf3, 0xee, 0xa4, 0x37,
    0x61, 0x0, 0xf0, 0x91, 0x0, 0x2, 0x44, 0x0,
    0xff, 0x6a, 0x69, 0x0, 0x7f, 0x89, 0x2a, 0x70,
    0x80, 0x3f, 0xb9, 0x85, 0xd3, 0xc1, 0x33, 0x21,
    0x0, 0x51, 0x40, 0x2, 0xa4, 0xa, 0x66, 0x0,
    0x32, 0xd0, 0x80, 0x48, 0xc, 0xab, 0x1b, 0xb6,
    0xa0, 0x7, 0x35, 0x80, 0x58, 0x60,

    /* U+77ED "短" */
    0x0, 0x39, 0x80, 0x7f, 0xf0, 0xa5, 0xc0, 0x2e,
    0xff, 0xf8, 0x0, 0x43, 0xd3, 0x28, 0xfe, 0xef,
    0x80, 0xa, 0x4c, 0xe0, 0x23, 0xfc, 0x0, 0x99,
    0x8a, 0x64, 0x9f, 0xfe, 0x40, 0x43, 0x40, 0xe,
    0x3d, 0xdc, 0x40, 0x4, 0xc0, 0x30, 0x8, 0x40,
    0x8b, 0x0, 0x49, 0xdf, 0x27, 0xfe, 0x30, 0xf,
    0xc9, 0xdc, 0x74, 0xee, 0x19, 0xbf, 0xf1, 0x0,
    0x42, 0x22, 0x61, 0x12, 0xee, 0xbb, 0x99, 0x84,
    0x0, 0xc8, 0x16, 0x0, 0x97, 0x11, 0x54, 0x80,
    0x64, 0xd, 0x79, 0xc, 0xf0, 0x2, 0x78, 0x6,
    0x86, 0xe, 0x40, 0x37, 0x2, 0x35, 0x0, 0xa0,
    0xa4, 0xb, 0x5, 0xa8, 0x5a, 0x44, 0x40, 0x4f,
    0xa2, 0x0, 0xbe, 0xd8, 0xeb, 0x8e, 0xe1, 0x13,
    0x8c, 0x2, 0xaf, 0xff, 0xc4,

    /* U+7801 "码" */
    0x1, 0x1e, 0x0, 0xff, 0x17, 0x77, 0x27, 0x7f,
    0xf5, 0x0, 0xb, 0xe8, 0xff, 0xc9, 0xfd, 0xd9,
    0x4c, 0x3, 0x62, 0x80, 0x47, 0x62, 0x30, 0x70,
    0x6, 0x4c, 0x0, 0x85, 0xc0, 0x26, 0x10, 0x8,
    0x49, 0x0, 0x26, 0x10, 0x8, 0x48, 0x2, 0x60,
    0x89, 0x80, 0x37, 0x0, 0x89, 0xc0, 0x2a, 0x0,
    0x12, 0x87, 0x1, 0x9c, 0xe, 0x60, 0xc4, 0x33,
    0x0, 0x13, 0x77, 0x45, 0x38, 0xa, 0xc0, 0x1d,
    0x1b, 0xbd, 0x22, 0x7, 0x60, 0x18, 0x51, 0x38,
    0xc8, 0x80, 0x1f, 0x2f, 0xff, 0x27, 0x30, 0x4,
    0x3f, 0x80, 0x97, 0x7c, 0xe7, 0xa0, 0x10, 0xf7,
    0x30, 0x3, 0x8, 0x8d, 0x10, 0x0, 0x2e, 0x11,
    0x80, 0x33, 0x76, 0x31, 0x80, 0x7f, 0xcf, 0xfe,
    0x90, 0x0,

    /* U+7834 "破" */
    0x2f, 0xfe, 0x30, 0xb, 0x88, 0x3, 0x17, 0x48,
    0xf7, 0xc, 0x3, 0xfc, 0x3e, 0x82, 0x20, 0xff,
    0x87, 0x7f, 0xd6, 0x1, 0x26, 0x0, 0x6e, 0xe0,
    0xdf, 0x31, 0x80, 0x4, 0x90, 0x3, 0x8, 0x81,
    0x85, 0x2c, 0x0, 0xc1, 0x72, 0xe0, 0x1, 0x10,
    0x30, 0xd9, 0x80, 0x28, 0x38, 0x2c, 0x1, 0xdc,
    0x1b, 0xe9, 0x20, 0x62, 0x17, 0xa0, 0x11, 0xb7,
    0xfd, 0x64, 0x40, 0x58, 0x0, 0xc4, 0x49, 0x80,
    0x7, 0xd8, 0x0, 0xd4, 0x3, 0x3b, 0xc8, 0xac,
    0xd0, 0x4, 0x60, 0x18, 0xc8, 0x36, 0xe3, 0x80,
    0x38, 0x7f, 0x3, 0x30, 0xc, 0x22, 0x50, 0xe,
    0x1e, 0xe4, 0x23, 0x55, 0xdd, 0x18, 0xa0, 0x1,
    0xc1, 0x13, 0xcb, 0x17, 0xa2, 0x3a, 0xf0, 0x0,

    /* U+786C "硬" */
    0x2d, 0xde, 0xaf, 0xff, 0xc8, 0x5d, 0x47, 0xdc,
    0xbe, 0xe8, 0x6f, 0xba, 0x40, 0x3f, 0x73, 0x30,
    0x8e, 0x7, 0x11, 0x80, 0x24, 0xc0, 0x1, 0x7f,
    0xc3, 0x9f, 0xee, 0x0, 0x8d, 0x0, 0x21, 0xff,
    0xe, 0x7e, 0x80, 0x4c, 0x19, 0xba, 0x11, 0x66,
    0x7, 0xb3, 0xc0, 0x28, 0xe, 0xe1, 0x0, 0xee,
    0x86, 0x76, 0x40, 0xa, 0x22, 0x33, 0x8, 0x0,
    0x44, 0xe, 0x2c, 0x0, 0x67, 0x0, 0xe1, 0xff,
    0xe, 0x7e, 0x80, 0xe, 0x40, 0x31, 0x3f, 0x68,
    0x7f, 0xdc, 0x1, 0xfb, 0xf6, 0x94, 0x3, 0xe1,
    0xff, 0x8, 0x38, 0x3f, 0x80, 0x7e, 0xee, 0x8e,
    0x49, 0xaf, 0x1d, 0x4, 0x0, 0x36, 0x23, 0x78,
    0x7c, 0xf4, 0xf4, 0x71, 0x80, 0x10, 0x2, 0xd9,
    0x10, 0x2, 0xce, 0x79, 0x80,

    /* U+786E "确" */
    0x0, 0xfe, 0x96, 0x0, 0xc3, 0xff, 0xdc, 0x2,
    0xc6, 0x1, 0x87, 0xac, 0x37, 0xbc, 0x24, 0x2b,
    0xfc, 0x80, 0x1, 0x22, 0x84, 0x67, 0x9f, 0xc2,
    0x40, 0xb, 0xdc, 0x2, 0xd2, 0x42, 0xf5, 0x22,
    0x0, 0x17, 0x40, 0xc, 0x65, 0x98, 0x36, 0xcd,
    0x1, 0x3b, 0xb8, 0x9c, 0xfb, 0xc7, 0xb0, 0x0,
    0xe1, 0x14, 0x3, 0xc7, 0x98, 0x1c, 0xf0, 0x5,
    0x83, 0x88, 0x4, 0x5d, 0x23, 0xd0, 0x8, 0x62,
    0x1, 0x84, 0x44, 0xa0, 0x4e, 0x9, 0xa6, 0x1,
    0xb8, 0xf7, 0x7, 0x7c, 0x0, 0x60, 0x1c, 0x4d,
    0x32, 0xb9, 0xb0, 0xd, 0x9e, 0x86, 0x94, 0x89,
    0xc0, 0x1a, 0xff, 0xb0, 0xcc, 0x1, 0xb, 0x0,
    0x5a, 0x80, 0x22, 0xe0, 0xd, 0xf6, 0xc0, 0x1e,
    0xb2, 0x0, 0xdd, 0xf2,

    /* U+788C "碌" */
    0x0, 0xfd, 0xc, 0x1, 0xe1, 0xff, 0xea, 0x5,
    0x8d, 0xd7, 0x40, 0x0, 0x7a, 0x8b, 0xb9, 0x60,
    0x59, 0x92, 0xf8, 0x4, 0x24, 0xe2, 0x32, 0x11,
    0x4, 0x4e, 0x60, 0x1b, 0x74, 0x1, 0x19, 0x7f,
    0xc6, 0xa0, 0x19, 0xc8, 0x2, 0x2b, 0xff, 0x61,
    0x8, 0x4, 0x25, 0x5d, 0xc8, 0xab, 0xff, 0x61,
    0x7f, 0x94, 0x1c, 0x33, 0xc6, 0xb7, 0xb8, 0x35,
    0xdb, 0xa5, 0xb, 0x2, 0x10, 0x7, 0x98, 0x81,
    0xa, 0xc0, 0x19, 0x0, 0x63, 0xbf, 0x0, 0x52,
    0x4c, 0x1, 0xd8, 0x80, 0x66, 0xb0, 0xb, 0x74,
    0x40, 0x4, 0x0, 0xf1, 0xb8, 0x4b, 0x80, 0x7b,
    0xbc, 0x1f, 0x25, 0x1, 0xab, 0x54, 0x3, 0x67,
    0x73, 0xeb, 0xc, 0x41, 0x33, 0x88, 0x1, 0xc6,
    0x22, 0x96, 0x5f, 0x22, 0x1, 0x59, 0x0, 0x7e,
    0x5f, 0xd0, 0xe,

    /* U+78B0 "碰" */
    0x0, 0xfc, 0x20, 0x18, 0x40, 0x21, 0x1e, 0x0,
    0x78, 0x80, 0x7, 0x84, 0x7, 0xfb, 0x9f, 0xe7,
    0x7, 0x60, 0x4, 0xa8, 0x80, 0xf5, 0x1f, 0x71,
    0xc7, 0x38, 0x44, 0x72, 0x20, 0x16, 0xa8, 0x1,
    0xba, 0x9b, 0xb8, 0x99, 0xd0, 0x0, 0x3c, 0x0,
    0x36, 0x78, 0xf5, 0xa7, 0xe4, 0x0, 0x13, 0xe6,
    0x41, 0xa0, 0x1e, 0xc0, 0x2, 0x1, 0x73, 0x0,
    0x7f, 0xdc, 0x12, 0xc0, 0x1f, 0xf1, 0x28, 0x7,
    0xff, 0x8, 0xa4, 0x40, 0x30, 0xf8, 0x80, 0x13,
    0xc0, 0x26, 0x0, 0xe1, 0xf1, 0x0, 0x27, 0x80,
    0x76, 0x60, 0x1, 0x80, 0x1e, 0xf0, 0xd, 0x71,
    0x42, 0x62, 0x6, 0x20, 0x23, 0x0, 0x15, 0xd5,
    0x59, 0xfe, 0xc, 0xb5, 0xff, 0x50,

    /* U+78BA "確" */
    0x0, 0xff, 0x31, 0x80, 0x74, 0x47, 0x20, 0x5,
    0x0, 0x1e, 0x13, 0x71, 0x17, 0xfe, 0x1c, 0xff,
    0x88, 0x27, 0x12, 0x65, 0xa7, 0xc5, 0x1d, 0x3c,
    0x20, 0x16, 0x98, 0x0, 0x95, 0xc9, 0x96, 0xc5,
    0x40, 0x24, 0xd0, 0x2, 0x44, 0x14, 0xf5, 0xa,
    0x48, 0x4, 0x58, 0xee, 0x2c, 0x14, 0xc6, 0x7c,
    0xf0, 0x3, 0x87, 0x8c, 0xf8, 0xf, 0x70, 0x33,
    0xb4, 0x1, 0x60, 0xcc, 0xf, 0xe1, 0xee, 0x6,
    0x75, 0x82, 0x98, 0x7, 0x87, 0xb8, 0x19, 0xd6,
    0xf, 0x0, 0x1f, 0xfc, 0x22, 0x60, 0xf, 0xf,
    0xf8, 0x37, 0xec, 0x3, 0x54, 0x88, 0x0, 0x7f,
    0xc1, 0xbf, 0x60, 0x18, 0xba, 0xc, 0x4, 0xcc,
    0xe, 0x66, 0x0, 0x8e, 0x1d, 0xc2, 0x0, 0xff,
    0x1c, 0xff, 0x8c,

    /* U+78C1 "磁" */
    0x0, 0xfa, 0x54, 0x2, 0x3c, 0x0, 0x27, 0xff,
    0x7, 0x40, 0x5, 0x4c, 0x0, 0x4e, 0x56, 0xee,
    0x3, 0x11, 0x80, 0x1a, 0x40, 0x21, 0x6c, 0x10,
    0xef, 0xc, 0xef, 0xd, 0xe5, 0x0, 0x13, 0x0,
    0xfd, 0xb7, 0x7f, 0x35, 0x7a, 0x80, 0x88, 0xc0,
    0x3, 0xfc, 0x22, 0x6, 0x41, 0x0, 0x20, 0x66,
    0x20, 0x51, 0x88, 0x19, 0x80, 0x40, 0xf, 0x28,
    0x44, 0x7b, 0xe, 0x54, 0xda, 0xf0, 0xa, 0x82,
    0x6b, 0xa1, 0x2a, 0xb8, 0x1, 0x30, 0xe, 0x40,
    0x1a, 0x9e, 0xe1, 0x27, 0xc1, 0x1, 0xa0, 0x3,
    0xad, 0x44, 0x1c, 0xe8, 0x80, 0xe, 0x1, 0xd7,
    0xf8, 0xa, 0xa1, 0x80, 0x8, 0xb6, 0xc2, 0x1d,
    0x9, 0x22, 0xc, 0xa2, 0x0, 0x2e, 0xd1, 0x76,
    0xc1, 0xa2, 0xfd, 0x17, 0x2, 0xd3, 0x35, 0x7e,
    0x66, 0xec, 0xc6, 0xa0,

    /* U+793A "示" */
    0x0, 0x11, 0x9f, 0xf8, 0x80, 0x35, 0xe6, 0x7f,
    0xa0, 0x3, 0x4f, 0xff, 0xfa, 0x80, 0x3f, 0xf8,
    0xe6, 0x7f, 0xfc, 0x20, 0x6, 0x67, 0xff, 0x8,
    0x1, 0xff, 0xe6, 0x5f, 0xff, 0x0, 0x63, 0x50,
    0xf, 0x29, 0x0, 0x7b, 0xb4, 0x3, 0xdf, 0xc0,
    0x1c, 0xc7, 0x20, 0x1e, 0xb2, 0x80, 0x8, 0xe6,
    0x4, 0x3, 0xc3, 0x4e, 0x40, 0x5a, 0xcc, 0x0,
    0xfc, 0x87, 0x0, 0x57, 0x20, 0x26, 0x65, 0x0,
    0xef, 0xe0, 0x2, 0x80, 0xb, 0x30, 0x3c, 0x1,
    0x8d, 0x0,

    /* U+793E "社" */
    0x0, 0xc2, 0x1, 0xff, 0xc2, 0x5c, 0x0, 0xf7,
    0x90, 0x7, 0xff, 0x20, 0xcc, 0x40, 0x64, 0x1,
    0xfc, 0x3b, 0xa9, 0x3d, 0xd0, 0x80, 0x7e, 0x1e,
    0xec, 0x4e, 0x4, 0x43, 0x7, 0x22, 0x8, 0x6,
    0x70, 0x86, 0xdd, 0x60, 0x56, 0xea, 0x40, 0x26,
    0x88, 0x3, 0xff, 0xc1, 0xbf, 0xe8, 0x0, 0x3c,
    0x85, 0x20, 0x7, 0xf0, 0xd4, 0xb1, 0x55, 0xb0,
    0x7, 0xe7, 0x1f, 0xc0, 0x4b, 0x50, 0xf, 0xcd,
    0x62, 0x1, 0x21, 0x80, 0x7f, 0xf4, 0xc8, 0xa3,
    0x7, 0x22, 0x80, 0x3c, 0x3b, 0xb6, 0x5, 0x6e,
    0xb0,

    /* U+7981 "禁" */
    0x0, 0x87, 0xc0, 0x38, 0xbc, 0x3, 0xb3, 0xf8,
    0x3f, 0xc7, 0xfe, 0xd0, 0xff, 0x60, 0x3, 0x38,
    0xc2, 0x7c, 0xff, 0x84, 0x17, 0xf0, 0x2, 0x71,
    0xb, 0x90, 0x5, 0x90, 0x3a, 0x80, 0x49, 0x12,
    0x1a, 0xa9, 0x2f, 0xe1, 0xd6, 0x80, 0x57, 0x65,
    0x0, 0x61, 0xa7, 0x88, 0x1d, 0xd8, 0x4a, 0xd4,
    0xd0, 0x0, 0xbe, 0x40, 0x80, 0xba, 0x20, 0x83,
    0xa9, 0xfe, 0xdd, 0x7e, 0xa7, 0xa9, 0x0, 0x43,
    0xff, 0xfe, 0x50, 0xb, 0xbf, 0xff, 0xf8, 0x20,
    0xf, 0xed, 0xbe, 0xe3, 0x27, 0x72, 0xfb, 0xa0,
    0x0, 0x87, 0xe8, 0x8f, 0x4, 0x50, 0x8, 0x1,
    0x7d, 0x24, 0x0, 0x20, 0x1, 0xc2, 0xf3, 0x0,
    0x6d, 0x48, 0x67, 0xbf, 0x80, 0x53, 0xc, 0x0,

    /* U+79BB "离" */
    0x0, 0xfa, 0xa4, 0x3, 0xe1, 0xff, 0xf2, 0xb7,
    0xff, 0x84, 0x5f, 0xd3, 0xdb, 0xaf, 0xe6, 0xcf,
    0x9e, 0xf1, 0x0, 0xa4, 0x5f, 0xaf, 0x44, 0xc2,
    0x4c, 0x3, 0xc2, 0x26, 0x77, 0x21, 0x80, 0x7f,
    0x17, 0x73, 0x2e, 0x5c, 0x3, 0xfb, 0x16, 0xff,
    0xd5, 0x7e, 0x1, 0xe1, 0xff, 0xa8, 0x3f, 0xf8,
    0x80, 0x21, 0xff, 0xd4, 0x1f, 0xfe, 0x20, 0xd,
    0xbf, 0xe1, 0x9f, 0x98, 0xfd, 0x0, 0xf1, 0x81,
    0xb, 0x89, 0x41, 0x98, 0x3, 0xc9, 0xfa, 0x1f,
    0x90, 0x9c, 0x1, 0xf2, 0x77, 0xfb, 0xb7, 0x2e,
    0x8, 0x3, 0xe1, 0x0, 0xf5, 0xe1, 0x90, 0x0,
    0x7c, 0x40, 0x3e, 0xef, 0xc0, 0x0,

    /* U+79C0 "秀" */
    0x0, 0xff, 0xe0, 0x8, 0x7, 0x9, 0x1a, 0x33,
    0xc5, 0x6f, 0xe0, 0x80, 0x6c, 0xff, 0xb2, 0x93,
    0xfb, 0x9a, 0x20, 0x1b, 0x75, 0x97, 0x4e, 0x8a,
    0x62, 0x1, 0xdf, 0xfe, 0x57, 0xff, 0xee, 0x0,
    0x77, 0x65, 0x24, 0x51, 0x6e, 0xeb, 0xc0, 0x2,
    0x23, 0xc6, 0xc1, 0x2f, 0x5c, 0x21, 0x10, 0x0,
    0xeb, 0x2b, 0x4, 0x0, 0x39, 0x5b, 0x8a, 0x7,
    0xa4, 0x9d, 0x32, 0x31, 0x94, 0x7e, 0xa9, 0x13,
    0xe8, 0xcf, 0x42, 0xff, 0x38, 0x80, 0x1b, 0x4,
    0x2, 0x66, 0x1f, 0x33, 0x6, 0xf7, 0x54, 0x1,
    0xe6, 0x5, 0x2, 0x3d, 0xe4, 0x10, 0xe, 0x49,
    0x80, 0x1, 0x61, 0x9e, 0x0, 0x8a, 0x6e, 0x18,
    0x2, 0x11, 0x12, 0x68, 0x5, 0x65, 0x8e, 0x1,
    0xb7, 0xb5, 0x54, 0x1, 0x4d, 0x98, 0x7, 0x67,
    0xfa, 0xc0, 0x20,

    /* U+79C1 "私" */
    0x0, 0xf2, 0x80, 0x46, 0x20, 0x1c, 0x4b, 0x19,
    0xfc, 0x80, 0xd, 0x60, 0xc, 0x3f, 0xc2, 0x7b,
    0x68, 0x2, 0x23, 0x0, 0xc3, 0xb7, 0x0, 0x60,
    0x11, 0x2, 0x80, 0x7f, 0xf0, 0x54, 0x44, 0x1,
    0x8f, 0xfd, 0xc1, 0xdf, 0xc1, 0xe8, 0x1, 0xc7,
    0x98, 0x60, 0xbc, 0xc0, 0x2e, 0x80, 0x78, 0xcc,
    0xe0, 0x66, 0x20, 0x33, 0x0, 0x7c, 0xea, 0x15,
    0x0, 0x60, 0x83, 0x40, 0x18, 0x66, 0x3, 0xd2,
    0x54, 0x80, 0x5d, 0xc0, 0x16, 0xb1, 0x1, 0xed,
    0x62, 0x0, 0x2e, 0x40, 0xc, 0x30, 0x1, 0x9,
    0xa6, 0x80, 0x18, 0x18, 0x1b, 0xc0, 0x38, 0xc4,
    0x15, 0xa0, 0xe8, 0x0, 0x40, 0x1a, 0xb0, 0x2e,
    0x34, 0x50, 0xc4, 0x3, 0xd1, 0x9d, 0xfb, 0x73,
    0x22, 0x20, 0x4, 0x3e, 0x24, 0x62, 0x1, 0xda,
    0x60,

    /* U+79D2 "秒" */
    0x0, 0x89, 0xb1, 0x0, 0x24, 0xe0, 0xe, 0xbe,
    0xcb, 0x95, 0x0, 0xff, 0x57, 0x4b, 0x28, 0x83,
    0x90, 0x5, 0x2, 0x0, 0x10, 0xe, 0x18, 0x0,
    0xc5, 0x0, 0x3f, 0xe8, 0x4f, 0xa7, 0x22, 0x0,
    0x50, 0xc2, 0x2d, 0xd1, 0x1e, 0xc5, 0xd0, 0x6,
    0x23, 0x60, 0x21, 0x22, 0xb, 0x9b, 0x80, 0x75,
    0x70, 0x2, 0xc, 0xda, 0x38, 0x1, 0xcc, 0x12,
    0x8, 0xf6, 0xd5, 0xa4, 0x3d, 0x6a, 0x10, 0x0,
    0x1a, 0x80, 0x2, 0x48, 0xe, 0x6d, 0xc0, 0x30,
    0x1b, 0xa0, 0x7, 0x88, 0x8c, 0xfa, 0x0, 0x29,
    0x0, 0xf8, 0x6a, 0x68, 0xc0, 0x3f, 0xb, 0x57,
    0xe, 0xa8, 0x7, 0xf2, 0xd9, 0x65, 0x90, 0x7,
    0xcf, 0x60, 0x9b, 0x6, 0x1, 0xe0,

    /* U+79F0 "称" */
    0x0, 0xe1, 0x0, 0x11, 0x80, 0x7c, 0x28, 0xf9,
    0xcc, 0x17, 0x20, 0x1f, 0x7c, 0x58, 0x73, 0x3,
    0xf8, 0x7, 0xdd, 0x96, 0xe2, 0x6, 0x3d, 0x55,
    0xc4, 0x1, 0xf4, 0x26, 0x1a, 0xee, 0xc0, 0x3f,
    0xe8, 0x4f, 0xd4, 0xa7, 0xd1, 0x77, 0x88, 0x77,
    0x44, 0x7a, 0xee, 0x10, 0xc, 0x20, 0x11, 0x9,
    0x10, 0x6a, 0x2d, 0xc0, 0x2e, 0x30, 0xa, 0xc,
    0xda, 0x60, 0x8a, 0x1, 0x2d, 0x80, 0x11, 0xad,
    0xae, 0x54, 0x48, 0x2, 0xe6, 0x1, 0x99, 0x0,
    0x16, 0xa6, 0x40, 0x19, 0x4, 0x8d, 0x10, 0x1,
    0x29, 0x38, 0x7, 0x1b, 0x94, 0x80, 0x65, 0xd0,
    0xf, 0x72, 0x80, 0x7c, 0x60, 0x66, 0x0, 0x88,
    0x3, 0xfd, 0xb2, 0xc0, 0x18,

    /* U+79FB "移" */
    0x0, 0xe1, 0x0, 0xc8, 0x40, 0x1e, 0x37, 0xbe,
    0x60, 0x2, 0xd8, 0x80, 0x77, 0x7d, 0x3f, 0x30,
    0x25, 0x6, 0x7f, 0x9c, 0x1, 0xd9, 0x4e, 0x21,
    0x36, 0xdf, 0xea, 0x16, 0x0, 0xf9, 0x55, 0x49,
    0x7, 0x50, 0x20, 0x3f, 0xe8, 0x4f, 0xf6, 0x2e,
    0x2e, 0x43, 0x0, 0x7, 0x74, 0x47, 0xb6, 0x7,
    0x46, 0xac, 0x1, 0x88, 0x48, 0x80, 0x7b, 0xa3,
    0x94, 0x0, 0xf4, 0x19, 0xb0, 0x27, 0xb6, 0x7,
    0xbf, 0xc8, 0x6, 0xd6, 0xd7, 0x9, 0x15, 0x7d,
    0xca, 0x14, 0xe, 0x80, 0x2, 0xcf, 0x18, 0xf0,
    0x2, 0xe0, 0xd, 0xd4, 0x2, 0x3d, 0xbe, 0xc,
    0xc3, 0x30, 0xe, 0x80, 0x38, 0xc0, 0x1a, 0x4b,
    0x0, 0x1f, 0xc9, 0x1d, 0x98, 0x80, 0xf, 0xe7,
    0x90, 0xdb, 0x30, 0xf, 0x9e, 0xc1, 0xf6, 0xc,
    0x3, 0xc0,

    /* U+7A0B "程" */
    0x0, 0xe4, 0x10, 0xf, 0xf2, 0x3d, 0xfc, 0xa3,
    0x7f, 0xfb, 0x40, 0x1d, 0xe0, 0x9a, 0xa0, 0x7f,
    0xfa, 0x80, 0x2a, 0x8c, 0x0, 0xfe, 0x10, 0x8,
    0x45, 0xe0, 0x22, 0x0, 0xfe, 0x1e, 0xe3, 0xa7,
    0x50, 0x1f, 0xfe, 0xb0, 0x0, 0xff, 0x89, 0x3e,
    0xdb, 0xbb, 0xd8, 0x1, 0x19, 0x28, 0x80, 0x80,
    0x7f, 0xa4, 0x43, 0x7, 0xfe, 0xee, 0x7f, 0xcc,
    0x4, 0x8c, 0xa9, 0x7d, 0xd5, 0x17, 0x74, 0xc1,
    0x2d, 0xe1, 0x32, 0x11, 0x8c, 0x4, 0x60, 0x46,
    0x80, 0x8, 0xe3, 0xfd, 0x25, 0xff, 0x2, 0x78,
    0x7, 0x4f, 0x72, 0x8b, 0xba, 0x0, 0x10, 0x7,
    0xff, 0x23, 0x3f, 0xea, 0x2f, 0xfb, 0x0,

    /* U+7A0D "稍" */
    0x0, 0x89, 0xb1, 0x0, 0x83, 0x54, 0xc, 0x2,
    0xce, 0xcb, 0x95, 0x3d, 0x10, 0x0, 0xf3, 0x0,
    0x37, 0xa5, 0x94, 0x3a, 0x44, 0x0, 0x3f, 0x6,
    0x2, 0x1, 0x9d, 0x18, 0x3, 0x14, 0x20, 0xff,
    0xa1, 0x3f, 0x7b, 0xfc, 0x55, 0xfe, 0x87, 0x1e,
    0xe1, 0x27, 0x50, 0x37, 0x76, 0xa0, 0x8, 0x48,
    0x8a, 0x62, 0x0, 0x11, 0xe0, 0xd, 0x24, 0x1e,
    0x20, 0xdd, 0xda, 0xc0, 0x22, 0x45, 0x5a, 0x81,
    0xfb, 0xb6, 0x0, 0x53, 0x2f, 0x8, 0x90, 0x23,
    0x3c, 0xa0, 0x3, 0x77, 0x0, 0x44, 0x9, 0xff,
    0xac, 0x0, 0x7a, 0x1, 0xe6, 0xcc, 0xdc, 0x1,
    0x8, 0x7, 0xf8, 0x58, 0x3, 0xff, 0x82, 0x5d,
    0x6c, 0x0,

    /* U+7A2E "種" */
    0x0, 0xc7, 0x4, 0x2, 0x46, 0x8d, 0x12, 0x0,
    0x8b, 0xfc, 0x14, 0xff, 0xb2, 0x3f, 0xda, 0x0,
    0xfe, 0x64, 0x96, 0xfe, 0xd2, 0x99, 0x3a, 0x0,
    0x1d, 0x78, 0x1, 0x3f, 0xf1, 0x57, 0xfc, 0x80,
    0x44, 0xe7, 0x2b, 0xff, 0x8a, 0xbf, 0xe4, 0x1d,
    0xd3, 0x1e, 0xcd, 0xe6, 0xa, 0x33, 0x16, 0x3,
    0xfe, 0x24, 0xfb, 0x4e, 0xd2, 0xbd, 0xf4, 0x0,
    0x8c, 0x90, 0xc0, 0x11, 0x3, 0xd8, 0x90, 0xd,
    0x26, 0x5c, 0x41, 0x36, 0x79, 0x7c, 0x1, 0x13,
    0xdb, 0x5c, 0x80, 0x98, 0x9, 0xb8, 0x5, 0x36,
    0x0, 0x69, 0x3e, 0xd2, 0xbd, 0xf3, 0x4, 0x66,
    0x0, 0x45, 0x99, 0x14, 0x66, 0x40, 0x9e, 0x1,
    0x87, 0xba, 0x2b, 0xee, 0x80, 0x4, 0x1, 0x87,
    0xba, 0x2b, 0xee, 0x80, 0x3e, 0xff, 0xc5, 0x5f,
    0xf4, 0x80,

    /* U+7A33 "稳" */
    0x0, 0xfc, 0x42, 0x1, 0xf8, 0x9f, 0x30, 0x3,
    0x8c, 0x44, 0x10, 0xd, 0x7f, 0x9, 0xa1, 0x41,
    0x5f, 0x9c, 0x20, 0x15, 0xe9, 0x60, 0x60, 0x76,
    0xe8, 0xa4, 0x40, 0x3f, 0x3a, 0x7f, 0xc7, 0x3e,
    0x20, 0x3f, 0xe2, 0xbe, 0xaf, 0xfe, 0xe0, 0x8,
    0x7a, 0xc2, 0x38, 0x6e, 0xfa, 0x80, 0x30, 0xe8,
    0x48, 0x2, 0x23, 0xbc, 0x3, 0x9c, 0xa, 0xc0,
    0xcf, 0x94, 0x3, 0x32, 0x94, 0xbb, 0x7f, 0xf7,
    0x0, 0x68, 0xf0, 0x1d, 0x6f, 0xf6, 0x3f, 0xfc,
    0x20, 0x8a, 0x80, 0x15, 0xa7, 0x1a, 0x38, 0x69,
    0x82, 0x50, 0x4, 0x6c, 0xc0, 0x6, 0x9a, 0x54,
    0x0, 0x4, 0x2, 0xfb, 0x1, 0x1, 0x49, 0x34,
    0x20, 0xe, 0xf6, 0x22, 0x7f, 0xc2, 0x9a, 0x40,

    /* U+7A3C "稼" */
    0x0, 0xff, 0xe2, 0x92, 0xc6, 0xd8, 0x6, 0xe3,
    0x0, 0xc5, 0xd8, 0xf3, 0x79, 0xdd, 0xe, 0x77,
    0x44, 0x4c, 0x90, 0x60, 0x1a, 0xee, 0x7f, 0xbb,
    0x80, 0x20, 0x1e, 0x5d, 0x66, 0xf1, 0x11, 0x3f,
    0xc1, 0xbf, 0x67, 0x91, 0x71, 0xb9, 0x42, 0x9b,
    0x21, 0x5a, 0x70, 0x27, 0xaf, 0xb4, 0x40, 0x2,
    0xc0, 0x93, 0xac, 0xd0, 0x4d, 0xc8, 0x80, 0x80,
    0x10, 0x13, 0x7b, 0x8a, 0x14, 0xa8, 0x78, 0x20,
    0xec, 0x15, 0x45, 0x9f, 0xf2, 0x3a, 0x68, 0x0,
    0x66, 0x40, 0x2, 0xff, 0x63, 0xae, 0xf5, 0x80,
    0x15, 0x84, 0x0, 0x9c, 0xd3, 0xd6, 0xa8, 0x2c,
    0x9, 0x0, 0x10, 0xbf, 0xd, 0xb8, 0x2, 0x24,
    0xc0, 0x30, 0xee, 0xb2, 0x2, 0x94, 0x12, 0x48,
    0x3, 0xe, 0x51, 0x47, 0xa4, 0x80, 0x18, 0x40,
    0x2f, 0x20, 0xa, 0x3f, 0x48, 0x3, 0x0,

    /* U+7A7A "空" */
    0x0, 0xfa, 0xa4, 0x3, 0xf5, 0xff, 0xf2, 0xb7,
    0xff, 0x60, 0x1, 0xdd, 0xba, 0x63, 0xdd, 0xc,
    0xee, 0x9c, 0x3, 0x71, 0x14, 0x84, 0x43, 0x31,
    0x13, 0x80, 0x2f, 0x70, 0x34, 0xa0, 0xf, 0x27,
    0x0, 0xc, 0x4f, 0x5c, 0x80, 0x23, 0x0, 0x2c,
    0x0, 0x1b, 0x36, 0x20, 0x1, 0x2c, 0xff, 0xa3,
    0xc0, 0x5, 0x1c, 0xc0, 0x1a, 0x3f, 0xf2, 0x80,
    0x10, 0x37, 0x7f, 0xd2, 0x1, 0x97, 0xbb, 0x33,
    0xf7, 0x6b, 0x0, 0xc2, 0x67, 0x84, 0xcf, 0x88,
    0x3, 0xff, 0x8e, 0x23, 0xf0, 0x8, 0xf8, 0x1,
    0xdd, 0xe4, 0x6e, 0xef, 0x0,

    /* U+7ACB "立" */
    0x0, 0xfa, 0xa4, 0x3, 0xff, 0x98, 0x46, 0x7c,
    0x26, 0x7e, 0x20, 0x5, 0xe6, 0x72, 0x2e, 0x67,
    0x48, 0x2, 0x7f, 0xdd, 0xff, 0xeb, 0xef, 0xb0,
    0xc, 0xbe, 0x1, 0xc3, 0x68, 0x1, 0xe5, 0x13,
    0x0, 0xca, 0x8, 0x1, 0xf2, 0x58, 0x6, 0xc3,
    0x10, 0xf, 0xb1, 0x0, 0x32, 0x58, 0x7, 0xe4,
    0x30, 0x8, 0x4d, 0x40, 0x3f, 0x10, 0x10, 0x1,
    0xc8, 0x80, 0x1f, 0x86, 0xc8, 0x1, 0x54, 0x0,
    0xe2, 0xdd, 0xd3, 0xbb, 0x1d, 0x6e, 0xe2, 0x24,
    0x47, 0xea, 0x88, 0xe3,

    /* U+7AD9 "站" */
    0x0, 0xa2, 0x40, 0x3b, 0x90, 0x3, 0xff, 0x92,
    0x44, 0x13, 0x22, 0x0, 0x61, 0x0, 0xc3, 0xba,
    0x65, 0xdd, 0x8, 0x5, 0x5f, 0xf2, 0xe, 0xe7,
    0xfa, 0x74, 0x40, 0x29, 0xee, 0x90, 0x1e, 0x40,
    0x16, 0xc0, 0x18, 0x84, 0x60, 0x3, 0xb8, 0x0,
    0x4c, 0x1, 0xfe, 0x22, 0x1, 0x1, 0x47, 0xf8,
    0x6f, 0xfd, 0xa0, 0x18, 0x58, 0xc0, 0xb, 0xbb,
    0xa0, 0xc0, 0x22, 0x33, 0x29, 0x9, 0x91, 0x63,
    0x0, 0x86, 0x16, 0x9b, 0x14, 0x3, 0xf2, 0x75,
    0xed, 0xef, 0x20, 0x7, 0xe4, 0xee, 0x53, 0x10,
    0x1, 0xf7, 0x75, 0x0, 0x42, 0x1, 0xe5, 0x99,
    0xe3, 0x0,

    /* U+7AEF "端" */
    0x0, 0xe, 0x0, 0xf, 0x80, 0x1c, 0x0, 0x3e,
    0x0, 0xc6, 0x1, 0xff, 0xc1, 0x12, 0x1, 0x10,
    0x7, 0xf8, 0xbb, 0x3, 0xbc, 0x7, 0x30, 0x39,
    0x8e, 0x0, 0x15, 0x77, 0xcd, 0x1e, 0x7f, 0xb3,
    0xfd, 0xd8, 0x0, 0xf5, 0xd, 0x1c, 0xee, 0xfb,
    0xd8, 0x8, 0xc1, 0x99, 0xfd, 0xc9, 0x29, 0xee,
    0x9c, 0x3b, 0x80, 0x46, 0x78, 0x9, 0xc, 0xe1,
    0x2, 0x2c, 0xd, 0xfe, 0xb2, 0xff, 0xc2, 0xc,
    0x6e, 0x82, 0x25, 0xf1, 0xf4, 0xcf, 0x0, 0xb,
    0x7c, 0xb7, 0xe8, 0x7, 0xf2, 0xcf, 0x56, 0xf6,
    0x0, 0x7f, 0x26, 0xcb, 0x10, 0x7, 0xff, 0x20,
    0x80, 0x9b, 0xc8, 0x40, 0x3c, 0xd4, 0x18, 0x12,
    0xbf, 0xa0,

    /* U+7B26 "符" */
    0x0, 0xb, 0x0, 0x73, 0x8, 0x7, 0xd3, 0x40,
    0x18, 0xe4, 0x3, 0xf3, 0x1f, 0xfd, 0x10, 0xe,
    0xff, 0xb8, 0x1, 0x25, 0xc5, 0x5d, 0xc5, 0xdb,
    0xd, 0xef, 0x2, 0x6e, 0x1b, 0xe1, 0x8b, 0x24,
    0x54, 0x11, 0x1, 0x69, 0xe, 0xc8, 0x7a, 0x80,
    0x23, 0x0, 0x31, 0x5, 0x81, 0x0, 0x80, 0x4c,
    0x80, 0x1c, 0xaa, 0xf9, 0xff, 0xeb, 0x1f, 0xf0,
    0x81, 0xd0, 0x3c, 0x6e, 0xf5, 0xe, 0xe8, 0x45,
    0x8c, 0x0, 0x14, 0x82, 0x28, 0x40, 0x88, 0x3,
    0x32, 0x0, 0x9d, 0x14, 0x3, 0xf3, 0x0, 0x61,
    0xbb, 0x8, 0x7, 0xff, 0x5, 0x6c, 0x40, 0x3f,
    0xf8, 0x4a, 0x45, 0x0, 0x7f, 0xf0, 0x73, 0x62,
    0x40, 0x3d, 0xe6, 0x1, 0xbb, 0xf9, 0xc0, 0x20,

    /* U+7B2C "第" */
    0x0, 0x19, 0x0, 0x61, 0x50, 0xf, 0xb5, 0x0,
    0x34, 0xc8, 0x3, 0xce, 0x33, 0xff, 0x5b, 0x9f,
    0xfe, 0xc4, 0x8c, 0x74, 0xfe, 0x57, 0xf7, 0x6f,
    0xf6, 0x1c, 0x9d, 0x80, 0xaa, 0x48, 0x49, 0x8,
    0x1, 0xcf, 0xf1, 0x3a, 0xd7, 0xbf, 0x93, 0x94,
    0x0, 0xbf, 0xfc, 0x75, 0xff, 0x10, 0x6, 0x13,
    0x3c, 0x24, 0x67, 0x80, 0x35, 0x6f, 0xfc, 0x53,
    0xff, 0x10, 0x80, 0x49, 0xb9, 0x91, 0xde, 0x66,
    0x40, 0x2, 0x6, 0x7f, 0xc7, 0x5f, 0xfc, 0x60,
    0x8, 0xee, 0x30, 0x8a, 0x7b, 0xad, 0x1, 0x4,
    0x73, 0xd2, 0xf2, 0x31, 0x1c, 0x4, 0x7, 0x5f,
    0x56, 0x20, 0x12, 0x22, 0x4c, 0x16, 0x3b, 0x58,
    0x3, 0xb2, 0x7, 0xc0,

    /* U+7B49 "等" */
    0x0, 0x94, 0x3, 0x90, 0x80, 0x3e, 0x5a, 0x10,
    0x8, 0x6d, 0x80, 0x3e, 0x80, 0xef, 0xf7, 0x40,
    0x5f, 0xfe, 0x40, 0x96, 0xf1, 0xbf, 0x96, 0xde,
    0x1c, 0xff, 0x20, 0x9d, 0x4, 0x0, 0x39, 0x8,
    0x6d, 0x80, 0x21, 0xa6, 0xe8, 0xae, 0x64, 0xee,
    0x5d, 0xb4, 0x3, 0x3f, 0xfe, 0x73, 0xff, 0xd8,
    0x1, 0x8, 0x80, 0x3f, 0xe1, 0x1, 0xee, 0xf3,
    0x9f, 0x77, 0x98, 0x7f, 0xff, 0xb0, 0x3f, 0xe6,
    0x8, 0xff, 0xfd, 0x81, 0xff, 0x0, 0x23, 0xb4,
    0xeb, 0xbb, 0x58, 0x77, 0x40, 0x10, 0x95, 0x51,
    0xc4, 0x67, 0x1, 0x18, 0x3, 0x9a, 0xe0, 0x84,
    0x4c, 0x1, 0xfe, 0x4e, 0x2b, 0xeb, 0x60, 0xc,

    /* U+7B54 "答" */
    0x0, 0x1b, 0x80, 0x63, 0x70, 0xf, 0xd1, 0xc0,
    0x1a, 0x34, 0x3, 0xe3, 0x46, 0xff, 0xa5, 0x17,
    0xff, 0x58, 0x3, 0xa2, 0x8b, 0xf5, 0xe3, 0xd5,
    0xbf, 0xd6, 0x10, 0x2e, 0xa6, 0x8c, 0x24, 0x16,
    0xc4, 0x1, 0x46, 0x80, 0x3d, 0x69, 0x29, 0x47,
    0x88, 0x3, 0x8, 0x0, 0xbd, 0x2e, 0xd5, 0x2,
    0x1, 0xf4, 0x63, 0x58, 0x26, 0x36, 0x18, 0x6,
    0x6d, 0x35, 0x7e, 0xff, 0x60, 0x5e, 0xda, 0x3,
    0x67, 0x5d, 0x7f, 0xf7, 0x3f, 0x73, 0x1, 0xa8,
    0xf3, 0xff, 0xf2, 0x2c, 0x0, 0x61, 0x9e, 0xef,
    0x8, 0x7, 0xe3, 0x11, 0xf0, 0x7, 0xff, 0x36,
    0xbf, 0xfc, 0x20, 0x18,

    /* U+7B5B "筛" */
    0x0, 0x8c, 0x3, 0x88, 0x40, 0x3e, 0x1c, 0x20,
    0xd, 0xcc, 0x1, 0xf4, 0x6, 0xff, 0x71, 0xe,
    0x7f, 0xdd, 0xc7, 0x6, 0x7e, 0x92, 0xef, 0xa9,
    0xe7, 0x2f, 0xe7, 0xf, 0xd1, 0x74, 0x11, 0x43,
    0x4, 0x29, 0x80, 0x52, 0x21, 0xba, 0x9d, 0xbd,
    0xd9, 0x7f, 0x5c, 0xb, 0x0, 0x29, 0xff, 0x8e,
    0x3f, 0xe6, 0x0, 0xf0, 0xa2, 0x43, 0xa8, 0x90,
    0x80, 0x7d, 0x39, 0xe0, 0x5f, 0xb0, 0x1, 0xc2,
    0xe0, 0x8, 0x91, 0x99, 0x40, 0x6, 0x30, 0x22,
    0x0, 0x7f, 0xc5, 0xa6, 0x22, 0x0, 0xff, 0xe0,
    0xcb, 0x0, 0x7c, 0x68, 0x1, 0x99, 0x24, 0x0,
    0x40, 0x1a, 0xae, 0x40, 0x2a, 0xc1, 0x0, 0x69,
    0x0, 0x53, 0x8e, 0x1, 0x61, 0x0, 0x7b, 0x8c,
    0x3, 0x0,

    /* U+7B7E "签" */
    0x0, 0xb, 0x0, 0x73, 0x8, 0x7, 0xcd, 0x60,
    0x19, 0x24, 0x3, 0xf4, 0x97, 0xfd, 0x52, 0x1d,
    0xff, 0x80, 0x10, 0x5e, 0x37, 0xe4, 0x3f, 0xc3,
    0x9f, 0xe0, 0x27, 0xf0, 0x9e, 0x2, 0x10, 0x18,
    0xf0, 0x8, 0xb0, 0xc1, 0xee, 0xc2, 0xd4, 0x2d,
    0x80, 0x18, 0xc0, 0xd, 0xfb, 0x76, 0x2f, 0x60,
    0xe, 0x18, 0xeb, 0x85, 0x33, 0x5c, 0x57, 0xc9,
    0x81, 0x71, 0xd7, 0x57, 0xfe, 0xae, 0xd0, 0xd2,
    0x27, 0x5a, 0x9e, 0x62, 0xf3, 0x22, 0x49, 0xe2,
    0x1, 0xf, 0x40, 0x5, 0x28, 0x1, 0x6c, 0x3,
    0xd7, 0x40, 0x8, 0x90, 0x4, 0x48, 0x7, 0x94,
    0x98, 0x14, 0x5, 0xc5, 0x0, 0x3e, 0xe7, 0x0,
    0x61, 0xc4, 0x0, 0x3b, 0xfe, 0xde, 0xff, 0xb4,
    0x2f, 0xfd, 0xc0,

    /* U+7B80 "简" */
    0x0, 0x94, 0x40, 0x31, 0x98, 0x3, 0xc5, 0x44,
    0x1, 0xb9, 0x0, 0x3d, 0x21, 0x9f, 0xed, 0x52,
    0x8f, 0xfb, 0x41, 0xd7, 0xa8, 0xbf, 0xd5, 0x3e,
    0xcc, 0xfd, 0xd, 0xd1, 0xaa, 0x9, 0xcb, 0x4,
    0x18, 0x5, 0x41, 0xa9, 0xf9, 0x8b, 0xdd, 0x63,
    0xe9, 0x80, 0xa4, 0xc9, 0x26, 0x7e, 0x20, 0x1,
    0x4b, 0x79, 0x22, 0x7c, 0x20, 0x1c, 0x5d, 0xdd,
    0xe0, 0x1f, 0xef, 0xee, 0x80, 0x3f, 0xef, 0xee,
    0x80, 0x3f, 0xef, 0xee, 0x80, 0x3f, 0xec, 0xcc,
    0x1, 0xfe, 0xfc, 0xdd, 0xc0, 0x22, 0x0, 0xf0,
    0x8f, 0x17, 0x70, 0xc8,

    /* U+7B97 "算" */
    0x0, 0x88, 0x3, 0x8c, 0x3, 0xf4, 0x70, 0x6,
    0x3c, 0x20, 0xf, 0x13, 0x9f, 0xfb, 0xb3, 0xc3,
    0x7f, 0xdd, 0xc0, 0x1c, 0x8f, 0x2a, 0xe6, 0xf,
    0xe1, 0x9e, 0xe0, 0xc, 0x35, 0x7, 0x53, 0x3d,
    0x59, 0x6a, 0x0, 0x4c, 0x6b, 0xf5, 0x7b, 0x57,
    0x6d, 0x73, 0x0, 0xf7, 0x6e, 0xfc, 0x60, 0x1f,
    0x54, 0xcf, 0xc4, 0x1, 0xf1, 0x88, 0xfc, 0x1,
    0xfa, 0x23, 0xf1, 0x0, 0x71, 0x7e, 0x9f, 0x66,
    0x4f, 0x7e, 0xe0, 0x11, 0x9e, 0x7, 0x33, 0x9f,
    0x8c, 0xe0, 0x1f, 0xfb, 0x42, 0x7f, 0xe3, 0x7f,
    0xf8, 0x87, 0x36, 0xc2, 0xb3, 0x32, 0x4e, 0x64,
    0x40, 0xf9, 0xfe, 0x50, 0xf, 0xf9, 0xf6, 0x4,
    0x3, 0xad, 0xc0, 0x30,

    /* U+7BA1 "管" */
    0x0, 0x10, 0x80, 0x71, 0x80, 0x7e, 0xf7, 0x0,
    0xd3, 0xc0, 0x1f, 0x39, 0x4f, 0xf7, 0x2d, 0x8f,
    0xfd, 0xdd, 0x22, 0x23, 0x1c, 0xfb, 0x52, 0x7a,
    0x87, 0xfb, 0x88, 0x8c, 0x39, 0x80, 0x31, 0x50,
    0x5a, 0x0, 0xee, 0xe7, 0xd7, 0x70, 0x73, 0xb9,
    0x5f, 0xd8, 0x0, 0x3d, 0xee, 0xdf, 0xee, 0xed,
    0x60, 0x1d, 0x9f, 0xdd, 0xef, 0x40, 0xd, 0xc6,
    0x15, 0xdd, 0xe1, 0x5, 0xc0, 0xe, 0x8c, 0xcf,
    0x8, 0x7, 0xe8, 0xcc, 0xf7, 0xa0, 0x7, 0xd7,
    0xdd, 0xf9, 0x80, 0x3d, 0x7d, 0xdf, 0x0, 0x80,
    0x7f, 0xf2, 0xab, 0xbb, 0xe1, 0x0, 0x80,

    /* U+7BB1 "箱" */
    0x0, 0xb, 0x0, 0x73, 0x88, 0x7, 0xa6, 0x80,
    0x32, 0x40, 0x80, 0x79, 0x8f, 0xfe, 0xcf, 0xf,
    0xfd, 0xc1, 0x45, 0xa1, 0x9d, 0x69, 0xb0, 0x7d,
    0xcf, 0x35, 0xf2, 0x45, 0x1a, 0xa1, 0x38, 0xa8,
    0x88, 0xf4, 0xcc, 0xac, 0x1a, 0xe2, 0x2f, 0x51,
    0x0, 0x10, 0x7, 0xb7, 0xb9, 0xbd, 0xc6, 0xd,
    0xd8, 0x77, 0x4e, 0x1f, 0xf8, 0x80, 0x1b, 0xa2,
    0xc, 0xd7, 0xd, 0xdc, 0x40, 0x12, 0x18, 0x60,
    0x80, 0x3f, 0x32, 0x20, 0xa, 0x14, 0x6b, 0x8,
    0x8, 0x46, 0x0, 0x9c, 0x78, 0x1d, 0xcc, 0x1f,
    0xf8, 0x80, 0xe3, 0x9c, 0x1, 0x48, 0x1f, 0xf8,
    0x80, 0xe4, 0xc0, 0x3c, 0x86, 0x70, 0x4, 0xc0,
    0x1f, 0x47, 0xfc, 0x66, 0x0, 0x8f, 0x80, 0x2f,
    0xcc, 0xdc, 0xa0,

    /* U+7BC0 "節" */
    0x0, 0xa, 0x80, 0x72, 0x88, 0x7, 0xd3, 0x20,
    0xc, 0x54, 0x1, 0xf0, 0xb9, 0xff, 0x73, 0xe4,
    0x3b, 0xfb, 0xa5, 0xd, 0x6e, 0xc, 0xe6, 0x7f,
    0xd1, 0xde, 0xe2, 0x8a, 0x48, 0xc0, 0x80, 0xe8,
    0x14, 0x28, 0x4, 0x33, 0xfe, 0x8c, 0xf4, 0xf,
    0xf4, 0xcb, 0xf0, 0x3, 0x7f, 0xd4, 0x1, 0x66,
    0xea, 0x44, 0x3, 0x6e, 0xd6, 0x1, 0x19, 0x10,
    0xc0, 0x3b, 0x32, 0x80, 0xf, 0xfe, 0x1, 0x19,
    0x84, 0x3, 0xff, 0x81, 0xfd, 0xcb, 0x50, 0xf,
    0xfb, 0x31, 0x69, 0x20, 0x1f, 0xf0, 0x99, 0x3a,
    0x80, 0x55, 0xf4, 0x80, 0x7a, 0x1d, 0xbc, 0xd6,
    0x60, 0xb, 0xde, 0x90, 0x29, 0xdf, 0xeb, 0x9b,
    0x0, 0x84, 0x84, 0x0,

    /* U+7BC4 "範" */
    0x0, 0x90, 0x3, 0x8c, 0x40, 0x3e, 0x6a, 0x10,
    0x8, 0xb1, 0x0, 0x3c, 0x50, 0x3d, 0xfe, 0xee,
    0x5, 0x7f, 0xe8, 0xf, 0x6f, 0x2b, 0xf4, 0x6f,
    0xf1, 0xc7, 0xfa, 0x3, 0x20, 0x19, 0xc2, 0xa8,
    0x66, 0x83, 0x38, 0x1, 0x9f, 0xe4, 0xcf, 0xf2,
    0xe6, 0x2e, 0xd9, 0xa0, 0xd, 0xff, 0x1e, 0x7f,
    0x94, 0x37, 0xfd, 0x80, 0x13, 0xf6, 0x1f, 0x67,
    0x0, 0x7f, 0x9f, 0x8a, 0x3c, 0x3, 0xfe, 0x48,
    0x3e, 0x80, 0xf, 0x38, 0x6, 0x7e, 0x3c, 0xe0,
    0xc, 0x7f, 0x68, 0x0, 0x4d, 0x33, 0x71, 0x40,
    0x4, 0x7d, 0xf4, 0x0, 0x8c, 0xc0, 0xae, 0x6b,
    0x0, 0x42, 0xb, 0x41, 0x11, 0x15, 0x44, 0x1c,
    0x1c, 0x46, 0xf3, 0x3, 0x38, 0x54, 0xcc, 0x2d,
    0x5d, 0xd3, 0xd8,

    /* U+7BC9 "築" */
    0x0, 0x8c, 0x3, 0x8c, 0x3, 0xf4, 0x78, 0x6,
    0x5c, 0x20, 0xf, 0x13, 0x9f, 0xf7, 0x32, 0xc7,
    0x7f, 0xba, 0x41, 0xc8, 0xd1, 0xfe, 0x5, 0xed,
    0x1c, 0xee, 0x20, 0xc3, 0x95, 0x80, 0x2a, 0x44,
    0xe1, 0x80, 0x34, 0x77, 0xd7, 0xd1, 0xee, 0xd5,
    0x68, 0x1, 0x77, 0x16, 0x7a, 0x8d, 0x2b, 0xb0,
    0x80, 0x38, 0x45, 0x8e, 0xed, 0x32, 0xf6, 0x0,
    0x32, 0x17, 0x69, 0x6f, 0xd3, 0x4a, 0x62, 0xf,
    0xd8, 0x17, 0x64, 0xbf, 0x53, 0xc0, 0x9, 0x6f,
    0xf2, 0xe, 0x66, 0xab, 0x47, 0xcc, 0xb6, 0x3c,
    0x87, 0xba, 0xf4, 0x30, 0x1, 0x57, 0x76, 0x20,
    0x22, 0x37, 0xad, 0xbb, 0xaa, 0xe5, 0x88, 0x80,
    0x55, 0xd3, 0x7a, 0x80, 0x4, 0xdd, 0x47, 0xd9,
    0x13, 0x76, 0x70, 0xf, 0x36, 0x6e, 0x10,

    /* U+7C21 "簡" */
    0x0, 0x88, 0x3, 0x88, 0x3, 0xf3, 0x78, 0x6,
    0x2d, 0x50, 0xf, 0xc, 0x17, 0xfd, 0xb2, 0x15,
    0xff, 0x9c, 0x35, 0x38, 0x3b, 0xd9, 0x9d, 0xe5,
    0x1f, 0xe7, 0xb, 0x83, 0x75, 0x2e, 0xc3, 0x28,
    0xf2, 0x10, 0x2, 0xec, 0x17, 0x61, 0x9b, 0x63,
    0xca, 0x70, 0x3, 0x11, 0x40, 0x18, 0x8a, 0x10,
    0xc, 0x35, 0x51, 0x0, 0x6, 0xaa, 0xc0, 0xc,
    0x3d, 0xd0, 0x18, 0x17, 0x75, 0x60, 0x18, 0x73,
    0x15, 0x64, 0xb7, 0x6d, 0xc9, 0x0, 0xfa, 0x4,
    0xce, 0x82, 0x0, 0xff, 0x57, 0xfc, 0x1, 0xff,
    0xc0, 0xeb, 0xb8, 0x40, 0x3f, 0xee, 0xbb, 0x80,
    0x22, 0x0, 0xf9, 0xb6, 0xee, 0xeb, 0xf9, 0x50,
    0x1, 0x70, 0x2, 0x4, 0x3, 0x47, 0xfa, 0x0,

    /* U+7C73 "米" */
    0x0, 0xfa, 0xa4, 0x3, 0x10, 0x6, 0xd6, 0x0,
    0xfc, 0xda, 0x20, 0x14, 0xc8, 0xc0, 0x3e, 0x88,
    0x8, 0x4, 0x8b, 0xe0, 0x1e, 0xa2, 0x70, 0xe,
    0x86, 0x0, 0xe1, 0x6d, 0x0, 0xc6, 0x61, 0x93,
    0x30, 0x91, 0x97, 0x91, 0x98, 0x7, 0x33, 0xc8,
    0x8c, 0xcf, 0x0, 0xff, 0xee, 0x11, 0xdd, 0xff,
    0x80, 0x3d, 0xac, 0x8e, 0xda, 0x1, 0xfd, 0x6f,
    0x0, 0x8, 0x6c, 0x0, 0xf0, 0xdb, 0x58, 0x6,
    0xa0, 0xd2, 0x0, 0x8f, 0x1f, 0x0, 0x3d, 0x8f,
    0xac, 0x5, 0x89, 0x82, 0x1, 0xf5, 0x4c, 0x11,
    0x3a, 0x40, 0x3f, 0xcd, 0xc4,

    /* U+7C7B "类" */
    0x0, 0x98, 0x80, 0x15, 0x0, 0x3, 0x80, 0xf,
    0xb0, 0x40, 0x30, 0xef, 0x80, 0x62, 0x22, 0x2c,
    0x90, 0x91, 0x2d, 0x54, 0x44, 0x0, 0x76, 0xe9,
    0x1f, 0x51, 0x75, 0x53, 0x75, 0x80, 0xc, 0xff,
    0xac, 0x48, 0xc6, 0xbf, 0xee, 0x0, 0xe8, 0x9c,
    0x74, 0xc8, 0xa1, 0x0, 0xc5, 0x3c, 0x58, 0x40,
    0x2, 0xc3, 0xeb, 0x50, 0x4, 0x86, 0x50, 0x86,
    0xf0, 0xbc, 0x76, 0x60, 0x1, 0x72, 0x40, 0x15,
    0xf0, 0x95, 0xc3, 0xc8, 0x3, 0xbf, 0xf8, 0xdf,
    0xed, 0x5b, 0xfc, 0x0, 0xcd, 0xdc, 0xa4, 0x47,
    0xdd, 0xe0, 0x1, 0x16, 0x55, 0x4f, 0x3a, 0x91,
    0x60, 0x8, 0x9f, 0x66, 0xd0, 0xee, 0x75, 0xc8,
    0x0, 0x3d, 0xb7, 0x6e, 0x40, 0x2, 0x75, 0x53,
    0x7c, 0x87, 0x3f, 0x18, 0x3, 0xcf, 0xbf, 0xa4,

    /* U+7C97 "粗" */
    0x8, 0x9, 0x80, 0x92, 0xff, 0xf0, 0x4, 0x68,
    0x0, 0x34, 0x0, 0x77, 0x56, 0x1, 0xb3, 0x0,
    0xb, 0xa0, 0x0, 0x8c, 0xe0, 0x18, 0xcc, 0x0,
    0x56, 0x0, 0xff, 0x2c, 0x80, 0x24, 0x40, 0x15,
    0x54, 0x0, 0x43, 0xda, 0xcf, 0x7c, 0x0, 0xdd,
    0x88, 0x2, 0x1f, 0xe0, 0x5f, 0xe0, 0x3, 0xbd,
    0x40, 0x1c, 0xe0, 0xaa, 0x0, 0xff, 0xe0, 0x51,
    0x2d, 0x90, 0x1, 0x13, 0x0, 0x64, 0x4, 0x29,
    0x90, 0x2, 0x66, 0xa0, 0xd, 0x32, 0x0, 0x3c,
    0x0, 0x37, 0x6e, 0x0, 0x88, 0x54, 0x2, 0x30,
    0xf, 0xe2, 0xd0, 0xc, 0x22, 0x1, 0x19, 0xc0,
    0x40, 0x2, 0x1, 0xb3, 0x1, 0xdd, 0x58, 0x72,
    0x80,

    /* U+7CBE "精" */
    0x0, 0xff, 0xe2, 0x88, 0x78, 0x90, 0x6, 0x7a,
    0x0, 0xec, 0x0, 0xb8, 0xf7, 0xb9, 0xb, 0xdd,
    0x18, 0x22, 0x0, 0x88, 0x7b, 0xdc, 0x85, 0xee,
    0x8c, 0x3f, 0x2, 0xd8, 0x1b, 0x75, 0x2b, 0xba,
    0xc0, 0x3, 0xe0, 0x74, 0x83, 0x6e, 0x99, 0x77,
    0x58, 0x7, 0x92, 0x17, 0xad, 0xdd, 0x32, 0x77,
    0x52, 0x73, 0x41, 0x7e, 0xdd, 0x99, 0xef, 0x90,
    0x4e, 0xa, 0x30, 0x4d, 0xee, 0xd9, 0x0, 0x13,
    0x80, 0x1c, 0x0, 0x59, 0x99, 0x80, 0x26, 0x40,
    0x88, 0x8, 0x16, 0xee, 0x60, 0xa, 0x24, 0x17,
    0x4, 0xb, 0x77, 0x48, 0x0, 0xd0, 0xc0, 0x6,
    0x0, 0x2d, 0xdd, 0x20, 0x3, 0xa0, 0xf, 0x16,
    0xee, 0x60, 0xf, 0xfe, 0x9, 0x7b, 0x78, 0x6,
    0xf1, 0x0, 0x26, 0x80, 0xb, 0xf9, 0x80,

    /* U+7CFB "系" */
    0x0, 0xf8, 0x4d, 0x1a, 0x2d, 0x0, 0x29, 0xde,
    0xe7, 0xfb, 0xb2, 0x68, 0x71, 0xc0, 0x2b, 0x9d,
    0xc7, 0xc, 0xfd, 0xe9, 0x73, 0x0, 0x89, 0xc,
    0x5e, 0x8c, 0x13, 0x50, 0x3, 0xd6, 0xfb, 0x2a,
    0x7, 0x70, 0x80, 0x1e, 0xf9, 0x7, 0x3, 0xd7,
    0x70, 0x7, 0xc9, 0xe5, 0x8b, 0xad, 0x4, 0x80,
    0x1f, 0xe, 0xd, 0x4c, 0x3, 0xdb, 0x0, 0x7c,
    0xa7, 0xc, 0x24, 0xee, 0x97, 0x0, 0x27, 0xfd,
    0x41, 0x1d, 0xcd, 0xd3, 0xc, 0x30, 0x26, 0xee,
    0xee, 0xc, 0xff, 0xbb, 0x91, 0x40, 0x2, 0x25,
    0x78, 0x88, 0xc0, 0x13, 0x84, 0xf8, 0x1, 0x4b,
    0xf0, 0x7, 0x4a, 0xea, 0x80, 0xb, 0x53, 0xc,
    0x3, 0xd3, 0x54, 0x80, 0x35, 0xd3, 0x0, 0xfc,
    0xb7, 0x80,

    /* U+7D04 "約" */
    0x0, 0xfc, 0x22, 0x0, 0xf9, 0xb0, 0x3, 0x46,
    0x80, 0x7d, 0x10, 0x12, 0x0, 0x3d, 0x0, 0x71,
    0x4a, 0xa5, 0xd8, 0x14, 0x41, 0x57, 0x23, 0x33,
    0x91, 0x10, 0x16, 0x35, 0x33, 0x45, 0x25, 0x5c,
    0xd0, 0xc8, 0x76, 0x66, 0x93, 0x5, 0x58, 0xa5,
    0x68, 0x3, 0x84, 0x0, 0xad, 0x64, 0xdc, 0x90,
    0x80, 0x11, 0x8c, 0xd1, 0xe4, 0x95, 0x86, 0xd0,
    0x80, 0x5, 0xe7, 0xb8, 0x3f, 0xda, 0xa, 0x96,
    0x0, 0xf1, 0xf, 0x20, 0x6d, 0x40, 0x4, 0x28,
    0x80, 0x98, 0x81, 0x3, 0x23, 0x0, 0xb, 0xc4,
    0xb, 0x99, 0x0, 0x2e, 0x10, 0xf, 0x29, 0xc,
    0x80, 0x48, 0xe0, 0x1, 0x22, 0x30, 0xa3, 0x18,
    0x7, 0xcb, 0xba, 0x97, 0x10, 0xb, 0x88, 0x3,
    0x27, 0xfd, 0x0,

    /* U+7D0B "紋" */
    0x0, 0x25, 0x80, 0x7b, 0xc8, 0x3, 0xd3, 0xa2,
    0x20, 0xf, 0xf1, 0x40, 0xb4, 0x59, 0x9c, 0x80,
    0xe6, 0x70, 0x33, 0xc9, 0xbd, 0xe6, 0x56, 0x15,
    0x99, 0x12, 0x55, 0xf5, 0x8f, 0xba, 0xff, 0xce,
    0x9e, 0x40, 0xaa, 0x43, 0xb0, 0xb5, 0x0, 0x97,
    0x40, 0x4, 0xcb, 0xa6, 0x88, 0x31, 0x50, 0x22,
    0x38, 0x2, 0x2c, 0xef, 0x92, 0x1, 0xa4, 0x2d,
    0x4, 0x1, 0x59, 0xa3, 0x35, 0x21, 0x24, 0xcc,
    0x80, 0xd, 0xe4, 0x3, 0xea, 0x3, 0x32, 0x53,
    0x0, 0x84, 0x44, 0x2, 0x8c, 0x0, 0xe0, 0x10,
    0xc, 0xea, 0x1, 0x77, 0x2, 0xde, 0xda, 0xc4,
    0x2, 0xe0, 0x9, 0x3b, 0x8f, 0xe9, 0x8d, 0xec,
    0xc, 0x80, 0x11, 0x5c, 0x60, 0x80, 0xec, 0xd0,
    0x80, 0x5c, 0x44, 0xd6, 0x0, 0xe7, 0xc1,

    /* U+7D0D "納" */
    0x0, 0x1d, 0x80, 0x7b, 0x50, 0x3, 0xa3, 0x4,
    0x40, 0x18, 0xdc, 0x2, 0x18, 0x67, 0xbb, 0x1,
    0x9c, 0x2c, 0x67, 0x9a, 0x8d, 0x2c, 0xb3, 0x74,
    0x17, 0xbb, 0x16, 0xcf, 0x58, 0x80, 0xf6, 0x7,
    0x73, 0x0, 0x6, 0xee, 0x27, 0x0, 0x98, 0x4,
    0x3, 0x1b, 0xc9, 0x48, 0x80, 0xc, 0x28, 0x2,
    0x7c, 0xc, 0x83, 0xa0, 0x6, 0x4a, 0xb0, 0x1,
    0xfb, 0x83, 0xf1, 0xc0, 0x4a, 0xd7, 0x2c, 0x0,
    0xd4, 0x1, 0xb4, 0x1f, 0xb0, 0x54, 0x80, 0x1,
    0xa0, 0xa, 0x50, 0xf2, 0x80, 0x2b, 0xc1, 0x4c,
    0x2, 0x9e, 0x3, 0x0, 0x84, 0x40, 0x30, 0x1,
    0x1a, 0x80, 0x70, 0xb0, 0x22, 0x0, 0x3f, 0x8b,
    0xad, 0xc0, 0x2e, 0x20, 0x2e, 0x0, 0x8b, 0xfd,
    0x20,

    /* U+7D19 "紙" */
    0x0, 0x84, 0x3, 0xf8, 0x40, 0x33, 0x68, 0x7,
    0xa, 0xcf, 0x78, 0x80, 0x51, 0x1, 0x20, 0xbe,
    0xe4, 0x35, 0xf0, 0x81, 0x4a, 0xa5, 0xd0, 0x34,
    0x7e, 0x82, 0x0, 0x4c, 0xce, 0x37, 0x80, 0x1,
    0x80, 0x46, 0x1, 0x25, 0x5f, 0x48, 0x7, 0xff,
    0x1, 0x54, 0x83, 0x40, 0x2, 0x33, 0x3, 0x99,
    0x80, 0x55, 0x58, 0x6a, 0x61, 0x19, 0x80, 0xac,
    0xd0, 0x88, 0x15, 0x62, 0xc8, 0x57, 0xf8, 0xfb,
    0xf8, 0x27, 0xf0, 0x66, 0x20, 0x1, 0x9c, 0x80,
    0x36, 0x10, 0x36, 0x10, 0x6, 0x26, 0x0, 0x84,
    0x44, 0xe, 0xa8, 0x1, 0xbf, 0x40, 0x81, 0xd4,
    0x2, 0xe0, 0xc, 0x40, 0x81, 0xc2, 0x7c, 0x1,
    0x28, 0x9c, 0x7e, 0x8, 0x90, 0x85, 0x50, 0x3,
    0x6b, 0x47, 0x71, 0xe6, 0xdc, 0x3, 0x71, 0x4,
    0x41, 0x44, 0x0, 0x9d, 0x20,

    /* U+7D20 "素" */
    0x0, 0xfa, 0xa4, 0x3, 0xf1, 0x6e, 0xf2, 0xb6,
    0xef, 0x20, 0x0, 0xb7, 0x33, 0x2b, 0x66, 0x6d,
    0x40, 0x8, 0xf7, 0x72, 0x3e, 0xee, 0x50, 0x8,
    0x87, 0xbb, 0x22, 0x3b, 0xb3, 0x90, 0x3, 0xbb,
    0x7e, 0xa3, 0x77, 0x78, 0x1, 0x99, 0x99, 0x3f,
    0x16, 0xf3, 0x30, 0x4, 0x7d, 0xa5, 0x61, 0x84,
    0xc0, 0x1f, 0x1e, 0x33, 0xbb, 0xee, 0xc5, 0xca,
    0x1, 0x88, 0xc6, 0xe, 0x20, 0x68, 0xcf, 0x54,
    0x0, 0xa7, 0xfd, 0xc, 0x91, 0x3d, 0x80, 0xc3,
    0x80, 0xb, 0xcf, 0x7f, 0xb7, 0x5a, 0xf2, 0xdb,
    0xe0, 0x2, 0x5f, 0x42, 0x0, 0x66, 0xf8, 0xc1,
    0x0, 0x6f, 0x6a, 0x0, 0x79, 0x32, 0x54, 0x0,

    /* U+7D22 "索" */
    0x0, 0xfb, 0xd0, 0x3, 0xf7, 0x7f, 0xf0, 0x5f,
    0xff, 0x60, 0x3, 0xbf, 0xf8, 0x2f, 0xff, 0xb0,
    0x0, 0x67, 0xe0, 0x23, 0x3f, 0x0, 0x37, 0xbb,
    0x60, 0xdf, 0x77, 0x68, 0x5, 0xdb, 0xaa, 0x1c,
    0xdc, 0xed, 0xd7, 0x0, 0x4a, 0x11, 0x37, 0xe4,
    0x9f, 0x40, 0x1, 0x50, 0x5, 0x9e, 0xa3, 0x1d,
    0x4d, 0x61, 0x1, 0x58, 0x6, 0x5d, 0x6c, 0xc6,
    0xa0, 0x74, 0x0, 0x6d, 0xdb, 0x8c, 0x63, 0xbe,
    0x8d, 0xf9, 0x0, 0x13, 0xdc, 0x9c, 0xd0, 0xbf,
    0xcd, 0xfa, 0x30, 0x2, 0x14, 0x59, 0x10, 0x4,
    0x13, 0x25, 0x5c, 0x0, 0xfe, 0x58, 0x20, 0x19,
    0xfc, 0x3d, 0x40, 0x7b, 0x64, 0x3, 0xe1, 0x9a,
    0x20,

    /* U+7D27 "紧" */
    0x0, 0xff, 0xe1, 0x97, 0x1, 0xe8, 0x6f, 0xff,
    0x84, 0x3, 0xed, 0x37, 0xfe, 0x57, 0x10, 0xf,
    0xdc, 0xcc, 0x81, 0x80, 0xf, 0xf2, 0x4b, 0xc8,
    0x6, 0x50, 0x9, 0x37, 0x41, 0x65, 0xb9, 0x0,
    0x56, 0x0, 0x2b, 0x6d, 0xa4, 0xc8, 0x23, 0x0,
    0xc8, 0xf, 0x64, 0x90, 0xf, 0xd4, 0x1, 0x6c,
    0x11, 0x2b, 0x27, 0x84, 0x0, 0x20, 0x14, 0x4b,
    0x2b, 0x4e, 0xb6, 0xc8, 0x4, 0x31, 0x32, 0x44,
    0x37, 0x5e, 0xb, 0x68, 0x80, 0x9a, 0xbc, 0x71,
    0x24, 0x76, 0x7d, 0x30, 0x2, 0xec, 0xbc, 0xb8,
    0x26, 0x98, 0x8e, 0xe0, 0x29, 0xda, 0x90, 0x10,
    0x3, 0x4c, 0xac, 0x41, 0x3, 0x9c, 0xfe, 0x9c,
    0x0, 0x9a, 0x4e, 0x0,

    /* U+7D2F "累" */
    0x0, 0x77, 0xff, 0xfb, 0x80, 0x3b, 0x3f, 0xe2,
    0xbf, 0xfa, 0xc0, 0x3d, 0xd9, 0x91, 0x4e, 0x65,
    0x20, 0x1e, 0x8e, 0xe8, 0x6f, 0xba, 0xb0, 0xf,
    0x31, 0x14, 0x4, 0x5c, 0x1, 0xc7, 0xbd, 0xfe,
    0x1a, 0xee, 0xa8, 0xc0, 0x36, 0xf7, 0x15, 0x3b,
    0x94, 0x9f, 0xda, 0x1, 0x97, 0xb4, 0xac, 0x26,
    0xbc, 0x40, 0x3c, 0xb8, 0x28, 0xde, 0x1e, 0x4e,
    0x1, 0xf1, 0x79, 0x55, 0x20, 0xcd, 0x7a, 0x80,
    0x2, 0xff, 0x76, 0x80, 0xde, 0x74, 0x3b, 0x54,
    0x1, 0x7f, 0xb5, 0x3f, 0x46, 0x72, 0xf2, 0xbf,
    0x0, 0x7, 0x5b, 0xe2, 0x1, 0x9b, 0xfd, 0x28,
    0x3, 0x1b, 0xca, 0x1, 0xc3, 0x1e, 0x2e, 0x0,

    /* U+7D30 "細" */
    0x0, 0x9, 0x80, 0x7f, 0xf0, 0x66, 0x0, 0x22,
    0x2f, 0xc0, 0x6, 0x82, 0x50, 0xcd, 0xdf, 0x7a,
    0x5b, 0x9f, 0x68, 0x3, 0x7c, 0x77, 0xf0, 0x19,
    0x9c, 0xc3, 0x0, 0x1f, 0xc5, 0xf3, 0x12, 0x60,
    0x1f, 0xe2, 0x25, 0xbe, 0x80, 0x7f, 0x2d, 0x1f,
    0xc0, 0xb8, 0x7e, 0x8f, 0xef, 0x0, 0xe5, 0x27,
    0x65, 0x5, 0xc8, 0x5c, 0xd0, 0x21, 0xa0, 0x33,
    0x30, 0x11, 0x2, 0x89, 0x0, 0x2c, 0xc0, 0x16,
    0x1, 0xfc, 0x22, 0x20, 0x14, 0x70, 0xf, 0xce,
    0xa0, 0x17, 0xf0, 0x7, 0xf7, 0x80, 0x4b, 0x1,
    0xbe, 0x3b, 0xf8, 0xc, 0xa0, 0x1e, 0xbd, 0xdd,
    0x42, 0x1, 0x61, 0x0, 0x39, 0x8, 0xb2, 0xe0,

    /* U+7D42 "終" */
    0x0, 0xb, 0x0, 0x74, 0x10, 0x7, 0xcd, 0xa0,
    0x19, 0x58, 0x80, 0x3e, 0x98, 0x46, 0x0, 0x40,
    0xff, 0xdc, 0x20, 0x7a, 0xe7, 0x26, 0x14, 0x57,
    0xdc, 0x45, 0x10, 0x31, 0x6, 0x15, 0x94, 0x68,
    0x15, 0x48, 0x0, 0xb5, 0xe3, 0xc5, 0x72, 0x42,
    0x6a, 0xc, 0x2, 0x17, 0x6b, 0x6c, 0x20, 0xf6,
    0x27, 0x0, 0xc8, 0xf7, 0xb2, 0x0, 0x3d, 0x33,
    0x48, 0x4, 0xf6, 0x19, 0x0, 0xf5, 0x93, 0x9a,
    0x9a, 0xa0, 0xfd, 0xc1, 0xfa, 0x3, 0xdf, 0x62,
    0xda, 0xb2, 0xd, 0x40, 0x69, 0x79, 0x2a, 0xce,
    0x57, 0xe2, 0x3, 0x50, 0x61, 0x40, 0x1, 0x56,
    0x88, 0x4, 0xa6, 0x20, 0x9, 0x7, 0xe9, 0x43,
    0x40, 0xd, 0x0, 0x12, 0xa3, 0xe7, 0x47, 0x40,
    0x80, 0x15, 0x0, 0x3c, 0x4f, 0x98, 0x1d, 0x0,
    0xee, 0x20, 0xf, 0x14, 0xe0, 0x0,

    /* U+7D4C "経" */
    0x0, 0x14, 0x80, 0x7f, 0xf0, 0xac, 0x2, 0x7f,
    0xff, 0x94, 0x0, 0x2f, 0x6c, 0xee, 0xb2, 0xef,
    0xf4, 0x8a, 0x82, 0x7b, 0x14, 0x20, 0x20, 0x38,
    0x2, 0x18, 0x0, 0x84, 0x47, 0x43, 0x0, 0x4c,
    0x8e, 0xca, 0x0, 0x2d, 0x48, 0x80, 0x4, 0x8f,
    0x8b, 0xa0, 0x18, 0x5e, 0x2d, 0xc0, 0x8, 0xa2,
    0x29, 0x0, 0xc8, 0xe9, 0x92, 0xb9, 0x6b, 0xf6,
    0xbd, 0x22, 0xf6, 0x19, 0x1, 0x97, 0xd1, 0x83,
    0xb4, 0x22, 0x7d, 0xe1, 0xfb, 0xb3, 0x88, 0x6,
    0x48, 0x0, 0x72, 0x3, 0x41, 0x6f, 0xf8, 0xab,
    0xfd, 0x0, 0x3, 0x50, 0x61, 0x3c, 0xee, 0x14,
    0xf7, 0x20, 0x10, 0x84, 0x1, 0x6c, 0x23, 0x1,
    0x88, 0x80, 0x19, 0x40, 0x13, 0xa8, 0x6, 0x30,
    0xd, 0xe, 0x1, 0xbb, 0xfe, 0x29, 0xff, 0x8c,

    /* U+7D50 "結" */
    0x0, 0x2d, 0x0, 0x7b, 0xcc, 0x3, 0xd7, 0xc4,
    0x62, 0x45, 0x3, 0x11, 0x40, 0x96, 0x88, 0xe5,
    0xbd, 0xd8, 0x2b, 0x76, 0x16, 0x66, 0xbb, 0x9a,
    0xbf, 0xe0, 0xcf, 0xf8, 0x4b, 0x26, 0x5e, 0x40,
    0x1f, 0xf0, 0x9d, 0xc, 0x97, 0x74, 0x1b, 0xdc,
    0xa0, 0x4b, 0x3d, 0xf4, 0x1d, 0xdb, 0x37, 0x68,
    0x1, 0x26, 0x61, 0x35, 0x19, 0xfc, 0x40, 0xbb,
    0x3, 0x79, 0x32, 0xff, 0xf2, 0x0, 0x2c, 0x40,
    0x16, 0x6, 0xfd, 0xd8, 0x40, 0x4, 0x22, 0x1,
    0x45, 0xf, 0x11, 0xc0, 0x15, 0x38, 0x5, 0xe6,
    0x1, 0xfd, 0xd4, 0x1, 0x2b, 0x4, 0xee, 0xe1,
    0x0, 0x31, 0x80, 0x79, 0xfb, 0xb0, 0x80, 0x77,
    0x10, 0x2, 0xa4, 0xcf, 0x72, 0x0,

    /* U+7D66 "給" */
    0x0, 0xff, 0xe3, 0x26, 0x80, 0x74, 0x7b, 0x0,
    0x7a, 0x2c, 0x84, 0x0, 0x6d, 0x70, 0x60, 0x10,
    0xc8, 0x34, 0xb8, 0xf, 0x42, 0x5e, 0x88, 0x0,
    0xdd, 0x15, 0xd8, 0x71, 0xd8, 0x15, 0xbc, 0x80,
    0xb1, 0xaf, 0xcb, 0xda, 0x4, 0x6a, 0x7c, 0x40,
    0x24, 0x9b, 0xa7, 0x8d, 0xee, 0xb7, 0x19, 0x84,
    0xe8, 0x20, 0xd2, 0x7f, 0xfc, 0xb0, 0x49, 0x6b,
    0x24, 0x68, 0x45, 0xf0, 0x1, 0xba, 0xc6, 0x61,
    0x73, 0x77, 0xc4, 0x0, 0xe4, 0x7, 0x81, 0xc,
    0xff, 0xc0, 0x18, 0xd0, 0x18, 0x48, 0x3, 0xf9,
    0x50, 0x2, 0x80, 0xf, 0xf0, 0xf8, 0x4, 0x84,
    0x19, 0xff, 0x80, 0x24, 0x40, 0x7, 0xab, 0x77,
    0x8, 0x7, 0x71, 0x0, 0x39, 0x48, 0xb7, 0x10,
    0x0,

    /* U+7D71 "統" */
    0x0, 0x1e, 0x0, 0x70, 0xf9, 0x0, 0x7a, 0x28,
    0x46, 0x22, 0x81, 0x88, 0xa0, 0x18, 0x76, 0xa9,
    0xbd, 0xd6, 0x5, 0xee, 0xc0, 0x6d, 0x68, 0xb1,
    0x5f, 0x41, 0xdf, 0x7f, 0xe0, 0x2c, 0x9a, 0xb0,
    0xb, 0x9c, 0x42, 0x1c, 0x2, 0x24, 0x7d, 0x71,
    0x44, 0x7b, 0xc3, 0x42, 0x0, 0x11, 0x15, 0xb3,
    0x76, 0x1a, 0xb3, 0x4, 0x90, 0x7b, 0xc, 0x80,
    0xcf, 0x98, 0xcc, 0x7d, 0xd0, 0x3f, 0x70, 0x7e,
    0xd4, 0x30, 0x83, 0xb4, 0x1c, 0x1, 0xa8, 0xd,
    0x6, 0xe, 0x40, 0x1f, 0x1a, 0x83, 0x31, 0x4,
    0xd0, 0x3, 0xca, 0x62, 0x0, 0xf0, 0x93, 0x10,
    0xc, 0xe8, 0x12, 0x1, 0x21, 0xbf, 0x80, 0x42,
    0x2c, 0x15, 0x50, 0x4, 0xd5, 0x86, 0x0, 0xc6,
    0xe5, 0x40, 0xb, 0xc9, 0xb4, 0xc0, 0x25, 0xff,
    0x70, 0x80,

    /* U+7D99 "継" */
    0x0, 0x88, 0x3, 0xff, 0x84, 0x98, 0x0, 0x3e,
    0x0, 0xbc, 0x40, 0x3b, 0xe0, 0xd8, 0x0, 0xb0,
    0x1, 0x2e, 0x81, 0x5b, 0x33, 0xc4, 0x0, 0x8c,
    0x1, 0x7d, 0x1, 0x3a, 0x28, 0xb8, 0x0, 0x48,
    0xc0, 0x91, 0x80, 0x1a, 0xf7, 0x20, 0x1a, 0x44,
    0x1a, 0x44, 0x0, 0x2e, 0xec, 0x80, 0x4, 0xde,
    0x5, 0xcf, 0x18, 0xa3, 0xe7, 0xb0, 0x2, 0xf5,
    0x2, 0xf7, 0x46, 0xf2, 0x75, 0x87, 0x60, 0x44,
    0x40, 0x82, 0x30, 0x6c, 0xd0, 0xa8, 0xe0, 0x4,
    0xb0, 0x57, 0x90, 0x2, 0x90, 0x16, 0x54, 0x15,
    0xa0, 0x1a, 0x30, 0x0, 0xaa, 0x5, 0x27, 0xe,
    0xd0, 0x9, 0xb0, 0x10, 0x84, 0x6, 0x4, 0x2c,
    0xc0, 0x80, 0x4, 0xf, 0x0, 0x13, 0x30, 0x77,
    0x60, 0xcd, 0xd3, 0x9a, 0x0, 0x7a, 0x67, 0xe5,
    0x0, 0xbc, 0x0, 0x7e, 0x89, 0xf1, 0x0,

    /* U+7D9A "続" */
    0x0, 0x16, 0x80, 0x7b, 0x54, 0x3, 0xd3, 0x46,
    0x8f, 0xff, 0x15, 0x7f, 0xc2, 0x54, 0xcf, 0x6,
    0xff, 0xf1, 0x4f, 0xfc, 0x20, 0x94, 0x8c, 0xe0,
    0x67, 0x7, 0x19, 0x88, 0xb, 0x66, 0x5c, 0x0,
    0x8f, 0xf0, 0xa7, 0xf9, 0x0, 0x6, 0x8b, 0x6e,
    0x13, 0xdd, 0xe4, 0x1, 0x54, 0xdf, 0x88, 0x67,
    0xff, 0xb4, 0x5a, 0xa, 0xb0, 0x99, 0xfe, 0x77,
    0xe7, 0x40, 0xf, 0xfa, 0x33, 0x2a, 0xd4, 0xf0,
    0x4e, 0x8, 0x10, 0xe5, 0x6, 0x94, 0x40, 0x88,
    0x3, 0x38, 0x0, 0xd0, 0x14, 0x48, 0x2f, 0x0,
    0x3c, 0x86, 0x1, 0x50, 0x29, 0xb8, 0x6, 0x73,
    0x9, 0x0, 0x99, 0x2a, 0x82, 0x1, 0xb5, 0x91,
    0x40, 0x23, 0x8b, 0x50, 0x2, 0xab, 0xd1, 0x0,
    0x17, 0x89, 0xf2, 0x0, 0x47, 0xfe, 0xe1,

    /* U+7DAD "維" */
    0x0, 0x88, 0x3, 0x8c, 0x3, 0xf2, 0x60, 0x6,
    0x6e, 0x0, 0x73, 0x0, 0x68, 0x80, 0xa0, 0x2,
    0xec, 0xa, 0xc, 0x0, 0x29, 0x6, 0xbe, 0x4,
    0x24, 0x19, 0x61, 0x10, 0x1b, 0xa2, 0x56, 0x12,
    0x1b, 0xc6, 0xfd, 0xc4, 0x1c, 0x7a, 0xb1, 0x92,
    0x27, 0xf8, 0x3b, 0xfc, 0x80, 0x4a, 0xfb, 0x4f,
    0x0, 0x1f, 0x85, 0x53, 0x39, 0x74, 0xcb, 0x74,
    0x19, 0xb4, 0xd, 0x5, 0x5a, 0x74, 0x3, 0xdc,
    0x8, 0xe8, 0x7, 0xfd, 0x19, 0x8a, 0x3, 0x38,
    0x10, 0xc8, 0x1, 0xca, 0x0, 0xa2, 0x2, 0xff,
    0x7, 0x7e, 0x80, 0xd, 0x0, 0xdd, 0xc0, 0x3d,
    0xc0, 0xce, 0xc0, 0x53, 0x0, 0xb0, 0x0, 0x62,
    0x20, 0x21, 0x10, 0xc, 0x0, 0x4a, 0xc0, 0x5b,
    0xa0, 0xcd, 0xd3, 0xa2, 0x0, 0x3c, 0x33, 0x2b,
    0x99, 0x94,

    /* U+7DCA "緊" */
    0x0, 0xff, 0xe2, 0xef, 0x6f, 0xee, 0xa7, 0x3f,
    0xf9, 0x40, 0x2a, 0xd1, 0xcd, 0x9e, 0x8f, 0xf6,
    0x82, 0x0, 0x53, 0x85, 0xbe, 0x65, 0x44, 0x16,
    0xa2, 0x1, 0x4e, 0x64, 0x20, 0x8, 0xe4, 0x68,
    0x0, 0xd3, 0x9f, 0xa4, 0x20, 0xa1, 0x72, 0x40,
    0x1a, 0x34, 0x7f, 0x4c, 0x64, 0xc6, 0x88, 0x2,
    0x79, 0xd2, 0xfe, 0x8f, 0xd, 0xe5, 0xda, 0x0,
    0x56, 0xff, 0x82, 0x65, 0xaa, 0x81, 0x3d, 0xc0,
    0x9, 0x7f, 0x21, 0xa3, 0x69, 0x10, 0x2, 0x80,
    0x12, 0x65, 0x53, 0x7f, 0xcc, 0x31, 0x64, 0x1,
    0x6f, 0xfa, 0x80, 0xa3, 0xba, 0x16, 0xc6, 0x0,
    0x67, 0xe2, 0xf7, 0x2, 0xba, 0xa9, 0x98, 0x20,
    0x1, 0x4f, 0x70, 0x40, 0x33, 0x7f, 0xad, 0x40,
    0x15, 0x9a, 0x80, 0x1c, 0x31, 0xc2, 0xa0,

    /* U+7DCF "総" */
    0x0, 0xc, 0x0, 0x63, 0x30, 0xa, 0x80, 0x74,
    0x90, 0x6, 0xe5, 0x0, 0x5a, 0x0, 0x42, 0xd0,
    0xac, 0xc, 0xc, 0x3, 0x74, 0x40, 0x9e, 0xe7,
    0x6a, 0x93, 0x26, 0xc0, 0x59, 0xc2, 0x44, 0x1c,
    0x39, 0x9a, 0x52, 0xac, 0xd, 0xec, 0x82, 0x9d,
    0x30, 0x9d, 0x88, 0xdc, 0xb4, 0xd4, 0x3, 0x70,
    0x70, 0x2c, 0x94, 0x59, 0xe8, 0x1, 0x70, 0xfe,
    0xd, 0x78, 0x53, 0xfd, 0xb, 0x0, 0xd5, 0x67,
    0xd5, 0xf7, 0x44, 0xc, 0xb3, 0x20, 0x30, 0x41,
    0x3, 0xa0, 0x5, 0x66, 0x0, 0x84, 0x1, 0x6,
    0x3, 0x2, 0xa7, 0x97, 0x62, 0x80, 0x0, 0x81,
    0x1, 0xa3, 0xd0, 0x18, 0x39, 0x2a, 0x81, 0xd0,
    0x2, 0xef, 0x41, 0x0, 0x9e, 0xec, 0x5, 0x20,
    0x12, 0x23, 0xc0, 0x40, 0x12, 0x80, 0x88, 0x30,
    0xd, 0xe8, 0x44, 0xff, 0x11, 0x31, 0x0,

    /* U+7DDA "線" */
    0x0, 0x98, 0x3, 0xd0, 0x40, 0x1e, 0x6a, 0x0,
    0xe4, 0x73, 0x0, 0xf5, 0xc9, 0xb0, 0x77, 0x2c,
    0x3f, 0xb9, 0x80, 0x58, 0x2b, 0xe0, 0x1, 0xcf,
    0xf7, 0x72, 0xc4, 0xc, 0x6d, 0x1, 0x80, 0xc,
    0x67, 0x88, 0x0, 0x3f, 0x32, 0xe0, 0xb, 0xe2,
    0x35, 0x80, 0x44, 0x97, 0x50, 0x0, 0x9b, 0xbd,
    0x20, 0x2, 0x74, 0x11, 0x39, 0x6, 0xff, 0xea,
    0x0, 0x37, 0x34, 0x72, 0xd7, 0xfc, 0x33, 0xfe,
    0x80, 0x4d, 0xa1, 0x4c, 0x1f, 0xf4, 0x5, 0x8d,
    0x48, 0x84, 0x8, 0x2, 0x21, 0xe9, 0xa0, 0x7e,
    0x58, 0x20, 0x66, 0x2, 0x52, 0x45, 0x50, 0x58,
    0xe0, 0x1, 0x50, 0x2, 0xf7, 0x9b, 0x0, 0x3c,
    0xda, 0x83, 0x78, 0x4, 0xb6, 0xaa, 0x1, 0x6,
    0xbb, 0x41, 0xa0, 0x4, 0x3b, 0xf, 0xe4, 0x40,
    0x4f, 0x90, 0xb, 0x84, 0x8, 0x1f, 0xf4, 0x2,
    0x11, 0x0,

    /* U+7DE0 "締" */
    0x0, 0x16, 0x80, 0x7b, 0x90, 0x3, 0xa2, 0x8c,
    0xd9, 0xff, 0xd, 0xff, 0xb4, 0xa9, 0xdd, 0xc1,
    0x9a, 0x19, 0xdc, 0x1b, 0xc2, 0x14, 0x67, 0x30,
    0x24, 0x40, 0xa9, 0xa0, 0x85, 0xa4, 0x48, 0x77,
    0xa4, 0x7d, 0x97, 0xf8, 0x0, 0xf7, 0x65, 0xc,
    0xff, 0x36, 0x7e, 0x82, 0x4a, 0xfa, 0x4a, 0x88,
    0x1, 0x0, 0x6, 0x60, 0x3, 0xad, 0xd, 0x6f,
    0xf8, 0xb3, 0xfb, 0x89, 0x72, 0x9, 0x22, 0x1b,
    0xc3, 0x7c, 0x20, 0x9, 0x50, 0x53, 0x0, 0x18,
    0x9b, 0x88, 0x4, 0xaa, 0x4, 0xb0, 0xf, 0xe2,
    0x31, 0x2, 0x0, 0xf3, 0x90, 0x1, 0x14, 0x0,
    0x38, 0x2, 0x1, 0xbd, 0x49, 0xa0, 0x3, 0xb8,
    0x40, 0xf, 0xb6, 0x1, 0xbc, 0x3, 0xda, 0x60,
    0x10,

    /* U+7DE8 "編" */
    0x0, 0xe, 0x0, 0x7f, 0xf0, 0x9d, 0xc0, 0xb,
    0xff, 0xfc, 0x20, 0xa, 0xf7, 0x8b, 0xff, 0xfc,
    0x22, 0xa1, 0x49, 0xb0, 0x22, 0xf8, 0x40, 0xe,
    0xaa, 0x73, 0x1d, 0xff, 0xec, 0xb0, 0x1c, 0x69,
    0xb0, 0xb, 0x77, 0xa4, 0x2, 0x14, 0x9a, 0x70,
    0x4, 0xcf, 0x58, 0x0, 0xe5, 0x70, 0xe4, 0xc2,
    0xab, 0xbe, 0x0, 0x1f, 0x2d, 0xea, 0xa0, 0xff,
    0xf7, 0x1, 0x92, 0x3, 0xf9, 0x83, 0xc3, 0xfb,
    0xf1, 0x80, 0x20, 0x41, 0xf8, 0xc4, 0x4c, 0x24,
    0x4, 0x1, 0x11, 0x82, 0xbe, 0xa2, 0xe2, 0xfa,
    0x70, 0x1, 0x14, 0x0, 0x34, 0xb8, 0xb8, 0xbe,
    0x9c, 0x0, 0x7f, 0x0, 0xbd, 0x8, 0x3, 0xf1,
    0xa0, 0x5, 0xb0, 0x1, 0x10, 0x16, 0x18, 0x0,

    /* U+7DE9 "緩" */
    0x0, 0xe, 0x0, 0x61, 0x24, 0x68, 0xb3, 0x0,
    0x99, 0x80, 0x9, 0xec, 0xef, 0xfb, 0x4, 0x0,
    0x33, 0x28, 0x78, 0x9d, 0x93, 0x97, 0xb4, 0x3,
    0xf4, 0x36, 0x60, 0xc9, 0x32, 0x81, 0x93, 0x1,
    0xa0, 0x3b, 0x8, 0x3a, 0x1b, 0x84, 0xc0, 0x5,
    0x4f, 0x54, 0x9, 0x69, 0xf5, 0xf5, 0x9e, 0x0,
    0x9e, 0x69, 0xa7, 0xe8, 0xff, 0xf7, 0x2, 0x4a,
    0xf2, 0x5c, 0xdc, 0x15, 0xdf, 0x3, 0xf4, 0xac,
    0x8e, 0x40, 0x34, 0x47, 0x1, 0x99, 0x0, 0x61,
    0x48, 0x8b, 0xdd, 0x41, 0x80, 0x20, 0x40, 0x78,
    0x1c, 0x17, 0xfc, 0xc4, 0x1, 0x11, 0x82, 0x38,
    0x53, 0xab, 0x3a, 0xc0, 0x1, 0x14, 0x0, 0x36,
    0xc3, 0x1f, 0x55, 0x8, 0x1, 0xfc, 0x2, 0x58,
    0x94, 0x93, 0x4b, 0x93, 0x3, 0x40, 0xa, 0xec,
    0xd1, 0xdb, 0x76, 0x3d, 0x10, 0xb, 0xc2, 0x14,
    0xb1, 0x40, 0x9, 0x5c, 0x20,

    /* U+7E2E "縮" */
    0x0, 0x16, 0x0, 0x70, 0xf8, 0x80, 0x7a, 0x2d,
    0xf, 0xbf, 0xdc, 0x1d, 0xff, 0x1, 0x5b, 0xba,
    0x40, 0x19, 0xff, 0xda, 0x0, 0x27, 0x45, 0x63,
    0x47, 0xa0, 0xc, 0x6e, 0x0, 0xd7, 0xbf, 0xa,
    0x31, 0xef, 0xfb, 0x9c, 0x40, 0x5d, 0xb1, 0x82,
    0xfb, 0x9e, 0xb1, 0xfe, 0x11, 0x23, 0xe8, 0x52,
    0x1a, 0x11, 0xa0, 0x19, 0x3, 0xc9, 0xd1, 0x94,
    0x0, 0x2f, 0x97, 0x3a, 0x41, 0xbf, 0x2, 0x61,
    0x80, 0x2b, 0xba, 0x40, 0x29, 0x50, 0x5e, 0xa0,
    0xa, 0xee, 0x80, 0x9, 0x54, 0xa, 0x80, 0x19,
    0x22, 0x16, 0x0, 0x23, 0x10, 0x25, 0x0, 0xde,
    0x67, 0x0, 0x11, 0x40, 0x29, 0x0, 0xdc, 0x67,
    0x0, 0x1a, 0x0, 0x3f, 0x2f, 0xfa, 0xc0, 0x3b,
    0xc0, 0x2f, 0x19, 0xdc, 0xca, 0xc0,

    /* U+7E41 "繁" */
    0x0, 0xff, 0xe3, 0x2d, 0x0, 0x7a, 0xd4, 0x3,
    0xd0, 0xfb, 0xba, 0x9, 0x9, 0x56, 0x20, 0x84,
    0xdd, 0xe8, 0x80, 0x45, 0x54, 0x80, 0x2b, 0x79,
    0x8b, 0xd5, 0x51, 0xf6, 0x5, 0xb0, 0x49, 0xda,
    0x55, 0x9e, 0x41, 0x12, 0xcd, 0x0, 0x18, 0x16,
    0xd5, 0x82, 0x6f, 0x7c, 0xfe, 0x1, 0x49, 0xf9,
    0xd5, 0xa, 0x41, 0x88, 0xa0, 0xb, 0x18, 0xe8,
    0x69, 0xaa, 0x9b, 0x29, 0xd0, 0x41, 0x34, 0xeb,
    0x66, 0x58, 0x5a, 0xd3, 0x84, 0xe0, 0x15, 0xa8,
    0x44, 0x82, 0xa0, 0x0, 0xe9, 0x40, 0x2a, 0x2,
    0xec, 0xc9, 0xb2, 0x4, 0x2, 0xbb, 0x55, 0x9b,
    0x12, 0x66, 0x5, 0xfd, 0x80, 0x11, 0xf, 0x6a,
    0xd6, 0x1d, 0xe5, 0xdf, 0xe1, 0x1, 0xb9, 0x36,
    0x2f, 0x0, 0x17, 0x7e, 0xe0, 0x85, 0x7e, 0x48,
    0x80, 0x61, 0x6d, 0x9c, 0x0,

    /* U+7E70 "繰" */
    0x0, 0x94, 0x3, 0xff, 0x84, 0xd2, 0x1, 0xf,
    0xee, 0xde, 0xc0, 0x1a, 0xe1, 0x10, 0x1, 0x6e,
    0xc8, 0x1, 0x1e, 0x32, 0x48, 0x80, 0x4e, 0xf3,
    0x0, 0x46, 0xe2, 0xcc, 0x50, 0x18, 0x0, 0xa9,
    0x0, 0x2a, 0x78, 0xf0, 0x8d, 0xaa, 0x35, 0x53,
    0xf0, 0x0, 0x2f, 0x5e, 0x83, 0x1a, 0x6, 0x6d,
    0xd1, 0x0, 0x15, 0x39, 0xa0, 0xc, 0x40, 0x21,
    0x20, 0x2, 0x7a, 0xa9, 0xcc, 0x2b, 0x46, 0xf,
    0x79, 0x41, 0x26, 0x86, 0x66, 0xcc, 0x97, 0xb3,
    0x16, 0x0, 0xf5, 0x7, 0xbb, 0x7f, 0xc1, 0x9f,
    0xf0, 0x81, 0xa8, 0x28, 0x4f, 0xc1, 0x82, 0x37,
    0xf8, 0x50, 0xc4, 0x1, 0x6d, 0x15, 0xa1, 0x25,
    0x40, 0x14, 0x80, 0x49, 0x27, 0x82, 0x0, 0xb3,
    0xe2, 0x45, 0x0, 0x8a, 0x6c, 0x40, 0x34, 0xe9,
    0x0,

    /* U+7EA6 "约" */
    0x0, 0xfe, 0x10, 0xf, 0xc9, 0xc0, 0x10, 0xf1,
    0x0, 0x7d, 0xc, 0x1, 0x39, 0x10, 0x3, 0xc8,
    0x72, 0x1, 0x6b, 0x22, 0x63, 0x0, 0x4c, 0x85,
    0xcc, 0xc8, 0xd3, 0x35, 0x70, 0x43, 0x31, 0x20,
    0x7d, 0xb7, 0x75, 0x81, 0x3a, 0x7d, 0xc8, 0xc,
    0x0, 0x70, 0x96, 0x72, 0xa9, 0x8b, 0x6e, 0x80,
    0x23, 0x70, 0x39, 0x1a, 0x0, 0xa9, 0xac, 0x0,
    0x20, 0x8, 0x71, 0xbe, 0xa0, 0x6, 0x34, 0x87,
    0x88, 0x22, 0xef, 0xe5, 0x0, 0x5f, 0xc0, 0x26,
    0x19, 0x4e, 0x84, 0x1, 0x89, 0xc0, 0xc4, 0x9,
    0x5e, 0xb7, 0x80, 0x3c, 0xfc, 0x5b, 0x3d, 0x9d,
    0xc0, 0x8, 0xc9, 0x9, 0x4b, 0xf2, 0x58, 0xc0,
    0x37, 0x6d, 0x31, 0x80,

    /* U+7EA7 "级" */
    0x0, 0xff, 0xe3, 0xbc, 0x0, 0x7f, 0xf0, 0xa7,
    0x42, 0x7f, 0xfc, 0xa0, 0x19, 0x41, 0x42, 0x38,
    0xa3, 0xac, 0x10, 0x3, 0x4c, 0x80, 0xc4, 0x46,
    0x61, 0x22, 0x8, 0x4, 0x84, 0xe7, 0x82, 0x2,
    0xe1, 0x88, 0x1, 0xc, 0xc9, 0x21, 0xc4, 0x3,
    0x26, 0x0, 0x48, 0x53, 0x4b, 0x0, 0x20, 0x84,
    0x35, 0xf4, 0xb, 0xde, 0x1a, 0x0, 0x50, 0xa2,
    0xff, 0x1e, 0x0, 0x6, 0x98, 0x58, 0x8, 0xa3,
    0x1, 0x37, 0x0, 0x52, 0x36, 0x78, 0x7a, 0x47,
    0x84, 0xa0, 0x81, 0xa3, 0xef, 0x48, 0x26, 0x39,
    0x3b, 0xa0, 0x0, 0x7d, 0x6, 0x69, 0x52, 0x40,
    0xb8, 0x63, 0x0, 0x8a, 0x3b, 0x47, 0xcc, 0x43,
    0x81, 0x8, 0x0, 0x7a, 0x77, 0xd4, 0xb0, 0x78,
    0xfc, 0xf8, 0x80, 0x7d, 0x6a, 0x14, 0x6f, 0x8b,
    0x83, 0x4d, 0x64, 0x2, 0x1, 0x46, 0x9f, 0x48,
    0x5, 0x1c, 0x40,

    /* U+7EB8 "纸" */
    0x0, 0x84, 0x40, 0x1f, 0x88, 0x3, 0xa6, 0x80,
    0x22, 0x47, 0xae, 0xd5, 0x0, 0xcf, 0xe0, 0xe,
    0xc8, 0xd5, 0xaf, 0x50, 0x9, 0xcd, 0x0, 0x2d,
    0xca, 0x5, 0x0, 0xc3, 0x3e, 0x14, 0x40, 0x1c,
    0x60, 0x1a, 0xdc, 0x5d, 0xc4, 0x1, 0xfc, 0x6a,
    0xd9, 0x1c, 0x0, 0x62, 0x20, 0x39, 0x10, 0xf,
    0x7c, 0xa0, 0xc0, 0x15, 0xba, 0xa, 0xdd, 0x0,
    0xa, 0x59, 0xc0, 0x2c, 0xff, 0x15, 0x7f, 0x80,
    0x10, 0xc1, 0x9e, 0xc0, 0x19, 0x8c, 0x2, 0x15,
    0x56, 0x7f, 0x98, 0x3, 0x17, 0x0, 0x43, 0xb4,
    0xc6, 0x1, 0xef, 0x40, 0x40, 0x0, 0xac, 0x67,
    0xa8, 0x4, 0x68, 0x61, 0xe6, 0x6e, 0x81, 0x9e,
    0x51, 0xff, 0x71, 0x1c, 0x31, 0x1f, 0x6c, 0xa8,
    0xa0, 0xa6, 0xe8, 0x3d, 0x9c, 0x40, 0x40, 0x32,
    0x74, 0x10, 0x0, 0xfa, 0x80,

    /* U+7EB9 "纹" */
    0x0, 0x84, 0x3, 0x84, 0x3, 0xfa, 0xa0, 0x3,
    0x5d, 0x0, 0x7c, 0x49, 0x40, 0x1a, 0xd1, 0x0,
    0x1e, 0xb5, 0x20, 0x22, 0x8d, 0xf4, 0x8a, 0x0,
    0x13, 0xd8, 0xae, 0x6e, 0xcc, 0xcd, 0xd9, 0x2,
    0x64, 0x31, 0xfd, 0xb, 0xff, 0x3a, 0x7a, 0x25,
    0x1e, 0xf6, 0x8, 0x80, 0x9, 0x30, 0x0, 0x99,
    0xc5, 0x62, 0x6, 0x6, 0x0, 0x34, 0x0, 0x8e,
    0x11, 0x40, 0x24, 0xa0, 0x51, 0x30, 0x9, 0xd8,
    0x6f, 0x0, 0x10, 0xc3, 0x32, 0x0, 0x8e, 0xc,
    0x7b, 0x80, 0x2, 0x5c, 0x27, 0x0, 0x8f, 0xb2,
    0x54, 0x80, 0x2e, 0x27, 0x0, 0xe1, 0x37, 0xbf,
    0x10, 0x5b, 0x46, 0x70, 0x8, 0xbf, 0x75, 0xdc,
    0x2a, 0xa4, 0xdd, 0xa2, 0xd0, 0xb, 0x7a, 0x96,
    0x70, 0xf5, 0x81, 0x38, 0xad, 0x0, 0x80, 0x28,
    0xe9, 0x20, 0x8, 0x67, 0x90,

    /* U+7EBF "线" */
    0x0, 0x92, 0x80, 0x34, 0x51, 0xb8, 0x7, 0xbc,
    0xc0, 0x3c, 0x5f, 0xc4, 0x1, 0x12, 0x40, 0x6,
    0xf0, 0x19, 0xb1, 0x0, 0xa6, 0x5, 0xc9, 0xa2,
    0xd7, 0xfd, 0x28, 0x0, 0x66, 0x3a, 0x49, 0xf0,
    0x29, 0x77, 0x31, 0xc0, 0x12, 0x5f, 0x76, 0x18,
    0x86, 0x98, 0x89, 0x1c, 0x1, 0x9c, 0xab, 0x1,
    0xb7, 0xf, 0x72, 0x38, 0x40, 0xdd, 0xa8, 0xf,
    0xb0, 0x82, 0xbf, 0x30, 0x20, 0xd2, 0xf9, 0xc1,
    0xb5, 0x6, 0x41, 0x12, 0x0, 0xa5, 0xdf, 0xe3,
    0x0, 0x93, 0x25, 0x74, 0x1, 0x94, 0xc6, 0x61,
    0x0, 0xb9, 0x55, 0x82, 0x0, 0x26, 0xae, 0xe2,
    0x80, 0xcc, 0x82, 0x85, 0x4c, 0x3f, 0x31, 0xfa,
    0x17, 0xe3, 0xd5, 0x2b, 0xcc, 0x1b, 0x4c, 0x20,
    0x3, 0xf8, 0x15, 0x8b, 0x65,

    /* U+7EC4 "组" */
    0x0, 0x8a, 0x40, 0x3f, 0xf8, 0x56, 0x40, 0x4,
    0xff, 0xf0, 0x6, 0x16, 0x80, 0x8, 0xbb, 0xaa,
    0x0, 0xe9, 0x53, 0x10, 0x8, 0x46, 0x60, 0xc,
    0x4d, 0x61, 0xac, 0x1, 0xfc, 0x3c, 0x8f, 0x42,
    0xc0, 0x59, 0x97, 0x0, 0x46, 0x43, 0xab, 0xc0,
    0x1, 0x99, 0xa8, 0x2, 0x2e, 0xb7, 0x63, 0x0,
    0x1a, 0xac, 0x80, 0x1d, 0x1, 0x20, 0x1f, 0xfc,
    0x6, 0x74, 0xad, 0x60, 0x1, 0x14, 0xc0, 0x10,
    0xc9, 0x13, 0x79, 0x80, 0xb3, 0x2b, 0x0, 0x87,
    0xb6, 0x9c, 0xc0, 0x5, 0xdd, 0x68, 0x6, 0x12,
    0x69, 0xd5, 0x0, 0xfe, 0x1f, 0xcc, 0x7f, 0x90,
    0x80, 0x46, 0x70, 0x10, 0x1d, 0xea, 0x62, 0xf9,
    0x2e, 0xea, 0xc3, 0x94,

    /* U+7EC6 "细" */
    0x0, 0x8a, 0xc0, 0x3f, 0xf8, 0x30, 0x0, 0x1f,
    0xff, 0xb8, 0x0, 0x4b, 0x0, 0x16, 0x60, 0x67,
    0x24, 0x2, 0x85, 0x30, 0x8, 0xce, 0x53, 0x50,
    0x2, 0x22, 0xc2, 0xe4, 0x3, 0xf1, 0x52, 0x35,
    0x2d, 0x0, 0x7e, 0x60, 0x1c, 0x5a, 0x30, 0xf,
    0xc9, 0xd6, 0xd0, 0x80, 0xf, 0xf1, 0x67, 0xe0,
    0x5, 0x68, 0xe0, 0x61, 0x9a, 0x33, 0xb4, 0x3,
    0x68, 0x5d, 0xf4, 0x6, 0x46, 0xa4, 0xc0, 0x6c,
    0xcd, 0xd7, 0x48, 0x7, 0xe2, 0xd9, 0x63, 0x10,
    0xf, 0xf8, 0xd6, 0x2e, 0x40, 0x84, 0xd8, 0x58,
    0x13, 0xf2, 0x47, 0x6c, 0x37, 0x86, 0xba, 0x81,
    0x73, 0xf2, 0x58, 0x83, 0xff, 0xb0, 0x80,

    /* U+7EC8 "终" */
    0x0, 0x90, 0xc0, 0x33, 0x98, 0x7, 0xe9, 0x40,
    0x9, 0x20, 0x40, 0x3e, 0x43, 0x70, 0xa, 0x43,
    0x7f, 0xdc, 0x40, 0x14, 0x48, 0x5, 0x65, 0x1d,
    0xc6, 0x22, 0x0, 0x14, 0x5c, 0xba, 0xd6, 0x60,
    0xd5, 0xbc, 0x0, 0x56, 0xaa, 0xe6, 0xdf, 0x68,
    0xfa, 0x93, 0x0, 0x30, 0x1d, 0x8c, 0x30, 0x81,
    0x10, 0x54, 0x2, 0x4e, 0x90, 0xe0, 0x1, 0x55,
    0x4f, 0x8e, 0x1, 0xf, 0xd9, 0x84, 0x68, 0xea,
    0xc5, 0xd7, 0x20, 0xe9, 0xf7, 0x3e, 0xf2, 0xe3,
    0x55, 0x36, 0xd0, 0xdd, 0xbb, 0x3c, 0xcc, 0x15,
    0x31, 0x80, 0xa0, 0x57, 0xa, 0x40, 0x11, 0x2,
    0x6f, 0x0, 0x62, 0x58, 0xbe, 0x55, 0x6e, 0x38,
    0x90, 0x4, 0xbb, 0x23, 0xb8, 0xaa, 0xf9, 0xde,
    0xb3, 0x0, 0x2f, 0xe4, 0xb1, 0x0, 0x4b, 0x5c,
    0x7c, 0x1, 0xff, 0xc1, 0x18, 0xd0, 0x0,

    /* U+7ECF "经" */
    0x0, 0x95, 0x80, 0x3f, 0xf8, 0x50, 0x20, 0x7f,
    0xfe, 0xe1, 0x0, 0x8c, 0x98, 0xf, 0xbb, 0x68,
    0xb8, 0x80, 0x50, 0xe2, 0x40, 0x23, 0xa4, 0xe0,
    0x2, 0x35, 0x81, 0xd4, 0x0, 0xad, 0x7c, 0x40,
    0x3, 0xce, 0xd4, 0x68, 0x9, 0xa8, 0x34, 0x20,
    0x4, 0x27, 0x84, 0xe3, 0xab, 0x4f, 0xb5, 0xe6,
    0x5, 0xef, 0x8, 0x3d, 0x1c, 0x90, 0x4d, 0x98,
    0x30, 0x1a, 0x47, 0x1f, 0x91, 0x22, 0xc9, 0x86,
    0x12, 0x87, 0x7c, 0x7b, 0xbf, 0x58, 0x1b, 0x18,
    0x76, 0x17, 0xfc, 0x37, 0xfe, 0x90, 0x3e, 0xc9,
    0x52, 0x0, 0xff, 0x84, 0x9a, 0x74, 0x3, 0xfc,
    0x7d, 0xb4, 0x32, 0x23, 0x80, 0x47, 0x1, 0x57,
    0xe4, 0x27, 0x76, 0x1a, 0xee, 0x94,

    /* U+7ED1 "绑" */
    0x0, 0xff, 0xe3, 0x35, 0x80, 0x52, 0xe0, 0x7f,
    0xf6, 0x80, 0x55, 0xc0, 0x2, 0x3f, 0x20, 0x2f,
    0x86, 0x0, 0x11, 0x14, 0x1b, 0x55, 0xf5, 0x44,
    0x33, 0x40, 0x17, 0x23, 0x8d, 0xed, 0x1e, 0xa0,
    0x4, 0x70, 0x36, 0x2b, 0x70, 0xf, 0x95, 0x4,
    0x14, 0xa5, 0x61, 0x3d, 0xa3, 0x40, 0x19, 0x80,
    0x3, 0x6b, 0x29, 0xa6, 0xa3, 0xe0, 0x2, 0xe8,
    0x40, 0x6, 0xb6, 0x0, 0x21, 0xe1, 0x0, 0x12,
    0xc0, 0xf, 0x1c, 0x50, 0x89, 0x84, 0x4e, 0x0,
    0xa7, 0x4, 0x27, 0xe9, 0xde, 0x38, 0xec, 0x0,
    0x10, 0x89, 0x7e, 0xdc, 0x73, 0x83, 0xbe, 0xc4,
    0xc, 0x4, 0x12, 0x7b, 0x80, 0xc8, 0x20, 0x17,
    0x6c, 0x83, 0xcf, 0x66, 0xe, 0x20, 0x1, 0xf,
    0x71, 0x81, 0xf5, 0xc8, 0x2a, 0x4c, 0x3, 0xff,
    0x83, 0x2c, 0x1, 0x1e, 0x0, 0x60,

    /* U+7ED3 "结" */
    0x0, 0xa5, 0x80, 0x3b, 0x18, 0x3, 0xc4, 0xca,
    0x2, 0x67, 0xf, 0x19, 0xc0, 0x14, 0x29, 0x83,
    0x66, 0x44, 0xf9, 0x90, 0x82, 0x22, 0xc7, 0x17,
    0xfe, 0x39, 0xff, 0x84, 0xa9, 0x1f, 0x40, 0x80,
    0x3f, 0x98, 0x82, 0xcf, 0x87, 0x76, 0x38, 0xdd,
    0x58, 0x26, 0x49, 0x51, 0xc, 0xcd, 0x75, 0x32,
    0x80, 0x0, 0xf4, 0x28, 0x89, 0x13, 0xe3, 0x1,
    0xc2, 0xbf, 0xe4, 0xaf, 0xff, 0x30, 0x18, 0x35,
    0x67, 0xa8, 0x3f, 0x76, 0x20, 0x1, 0x6c, 0xb1,
    0x80, 0x5e, 0x23, 0xc0, 0x18, 0x51, 0xed, 0x40,
    0x3f, 0x93, 0xb9, 0x76, 0x37, 0xd, 0x44, 0xc2,
    0x0, 0x69, 0xcf, 0xc8, 0x20, 0x48, 0x8c, 0x60,
    0x0,

    /* U+7ED8 "绘" */
    0x0, 0x8c, 0x40, 0x39, 0x44, 0x3, 0xee, 0x60,
    0xc, 0x74, 0x80, 0x1e, 0x32, 0x60, 0xd, 0xc7,
    0x64, 0x1, 0xd4, 0xc2, 0x1, 0x40, 0x63, 0x78,
    0x80, 0x42, 0xf0, 0xd6, 0x12, 0xfe, 0x10, 0xf8,
    0x40, 0xa, 0x73, 0xbc, 0xb6, 0xa3, 0x11, 0x5a,
    0x69, 0x92, 0x36, 0x83, 0x8d, 0xd7, 0x76, 0xf9,
    0x22, 0x77, 0x2, 0x42, 0x93, 0xff, 0x99, 0x82,
    0x3, 0x4c, 0x80, 0x24, 0x5f, 0x80, 0xe, 0x87,
    0xb6, 0xdb, 0xbf, 0x60, 0x2, 0xf, 0x7a, 0xdf,
    0xf4, 0x33, 0xfe, 0xe0, 0x7, 0x63, 0x99, 0x80,
    0x12, 0xc6, 0x38, 0x20, 0x10, 0xa4, 0xfc, 0x2,
    0x2c, 0x0, 0xad, 0x80, 0x7, 0xa8, 0x76, 0xd2,
    0x95, 0xa2, 0x95, 0x60, 0x1a, 0xe8, 0x20, 0xf3,
    0xe, 0xfc, 0x88, 0x80, 0x8, 0x1, 0xaf, 0x6e,
    0x5d, 0x91, 0xf8, 0x0,

    /* U+7EDC "络" */
    0x0, 0x84, 0x80, 0x34, 0x8, 0x7, 0xe9, 0xf0,
    0x9, 0x58, 0x40, 0x3f, 0x34, 0x0, 0x50, 0x3f,
    0xfa, 0x0, 0x26, 0x35, 0x0, 0x49, 0x56, 0xea,
    0xc2, 0x80, 0x3, 0x1c, 0x1b, 0x4c, 0xf2, 0x44,
    0x87, 0x20, 0x5, 0x13, 0x50, 0xfd, 0xc2, 0xde,
    0x34, 0x0, 0x4a, 0x10, 0xbc, 0xa8, 0x18, 0x87,
    0x20, 0x1b, 0xb0, 0x28, 0x81, 0x72, 0xea, 0x76,
    0x90, 0x2, 0xb4, 0x76, 0xa8, 0xbe, 0x56, 0xfd,
    0xa3, 0xa, 0x46, 0xcd, 0xb8, 0x87, 0xfd, 0xd1,
    0x46, 0x0, 0x9d, 0xeb, 0x10, 0x2e, 0xec, 0x20,
    0x15, 0x31, 0x2, 0x10, 0x8, 0xf1, 0x80, 0x44,
    0xf7, 0xf2, 0xc0, 0x1f, 0xed, 0xbc, 0xdd, 0x20,
    0x1f, 0xfe, 0x20, 0xb, 0xf1, 0xc8, 0x2, 0x2e,
    0xec, 0x40, 0x0,

    /* U+7EDD "绝" */
    0x0, 0x8d, 0x40, 0x23, 0x70, 0xf, 0xe9, 0xf0,
    0xa, 0x3c, 0x3, 0xf1, 0x2c, 0x0, 0x9, 0x1f,
    0xfd, 0xc0, 0x1d, 0x6a, 0x40, 0x9, 0x5e, 0xe2,
    0xb8, 0x6, 0x27, 0xb1, 0xd9, 0x4b, 0x13, 0x48,
    0x0, 0xdc, 0xeb, 0x6e, 0x81, 0xfd, 0xa3, 0xfc,
    0x60, 0xa6, 0xf4, 0x97, 0xa3, 0x5e, 0x39, 0xe0,
    0x12, 0xf7, 0x85, 0x8, 0x1, 0x84, 0x8, 0x40,
    0x30, 0xd4, 0xa0, 0x7, 0xff, 0x2, 0x93, 0x75,
    0xe8, 0x1b, 0xe3, 0xde, 0x20, 0x3, 0x76, 0xcf,
    0xf2, 0x6, 0x77, 0x71, 0x81, 0xec, 0xb1, 0x0,
    0x42, 0x3e, 0x0, 0xc8, 0xf7, 0xee, 0x1, 0xf7,
    0x82, 0x7d, 0x6e, 0xb9, 0xc1, 0x4, 0x72, 0x88,
    0x26, 0xf5, 0x30, 0x84, 0xc7, 0x76, 0xb8, 0x0,

    /* U+7EDF "统" */
    0x0, 0x8c, 0x40, 0x31, 0x20, 0x7, 0xef, 0xb0,
    0xc, 0xd4, 0x1, 0xf1, 0x9a, 0x0, 0x46, 0x63,
    0x51, 0x18, 0x2, 0x85, 0x20, 0x9e, 0xe6, 0x95,
    0x77, 0x42, 0x8, 0xb6, 0x7b, 0x1f, 0xa1, 0x5f,
    0xbf, 0xe1, 0x15, 0x32, 0xfa, 0x0, 0x39, 0x94,
    0x31, 0x0, 0xe, 0x2d, 0x65, 0x21, 0x43, 0x22,
    0x4d, 0x42, 0xd, 0xd8, 0x14, 0x16, 0xa5, 0xfd,
    0xe6, 0x68, 0x0, 0xf, 0xc2, 0xc, 0x5a, 0xef,
    0xac, 0xf8, 0x0, 0x6c, 0xb3, 0xb4, 0xd1, 0x40,
    0xc, 0xc2, 0x90, 0x55, 0xb7, 0x58, 0x2, 0x6,
    0x1, 0xe4, 0xea, 0x63, 0x20, 0x42, 0x10, 0xc,
    0x20, 0x1, 0x59, 0xee, 0x4, 0xa0, 0x7, 0x69,
    0x27, 0x40, 0xee, 0xa4, 0xa0, 0x2, 0x10, 0x23,
    0x5d, 0xd4, 0x1d, 0x2e, 0x88, 0x1, 0x2b, 0xd4,
    0x44, 0x40, 0x15, 0x61, 0x80, 0x55, 0xfe, 0xb0,

    /* U+7EE7 "继" */
    0x0, 0xff, 0xe3, 0xcc, 0x80, 0xb8, 0x48, 0x38,
    0x44, 0x60, 0x19, 0xac, 0x2, 0x28, 0x0, 0x9a,
    0xc0, 0x26, 0x42, 0x0, 0x8d, 0xc0, 0x2b, 0xa0,
    0xa, 0xe0, 0x2d, 0x80, 0xe, 0x60, 0xae, 0x40,
    0x7, 0x71, 0xbb, 0xc0, 0x30, 0x40, 0xf2, 0x20,
    0x30, 0x9f, 0x1c, 0x21, 0x19, 0xc3, 0xb9, 0xe2,
    0x2a, 0xc4, 0x82, 0x0, 0x4f, 0x38, 0x27, 0x70,
    0x41, 0x68, 0x5c, 0x4, 0x0, 0x48, 0x27, 0x20,
    0x13, 0xb8, 0x2f, 0x9c, 0x1, 0xd0, 0x10, 0x4e,
    0x0, 0xb6, 0xc8, 0xe6, 0x7, 0x54, 0x0, 0x57,
    0x0, 0x32, 0x58, 0xc4, 0x40, 0xd2, 0x1, 0xc,
    0x80, 0xd, 0xab, 0x7d, 0x80, 0x40, 0x12, 0x20,
    0x1b, 0x73, 0x1f, 0xce, 0x3b, 0xb5, 0x6e, 0xc6,
    0x1d, 0x4c, 0x40, 0x59, 0xdd, 0xf1, 0x80,

    /* U+7EEA "绪" */
    0x0, 0xa5, 0x80, 0x34, 0x48, 0x4, 0x20, 0x10,
    0xb2, 0x0, 0x11, 0x4, 0x44, 0x39, 0xa0, 0x9,
    0x90, 0x80, 0x62, 0x8, 0xb1, 0xef, 0x40, 0x14,
    0xc8, 0x20, 0x73, 0xc, 0xfa, 0x36, 0x20, 0x9,
    0x62, 0x73, 0x3c, 0x25, 0x40, 0xc6, 0x26, 0xcc,
    0xf8, 0xae, 0xe9, 0xd1, 0x43, 0xb8, 0xa7, 0x78,
    0x74, 0x3b, 0xae, 0x36, 0xed, 0xd9, 0x1, 0x2a,
    0xd4, 0x4a, 0x70, 0x9b, 0xfe, 0x50, 0x3, 0xba,
    0xfe, 0xb4, 0x83, 0x7b, 0xa3, 0x30, 0xc, 0xad,
    0x6d, 0xed, 0x80, 0x4, 0x60, 0x8, 0x7a, 0x98,
    0x80, 0x80, 0x1b, 0xdd, 0x18, 0x6, 0x25, 0x9d,
    0x20, 0x7, 0x76, 0x30, 0x1, 0x76, 0xc0, 0xc9,
    0x0, 0x14, 0xce, 0x10, 0x1, 0x5f, 0x6c, 0x20,
    0x5, 0x3f, 0xf1, 0x98, 0x0,

    /* U+7EED "续" */
    0x0, 0xa1, 0xc0, 0x30, 0xf8, 0x80, 0x7c, 0xca,
    0x0, 0xff, 0x70, 0x77, 0xf8, 0x80, 0x27, 0x42,
    0x0, 0x77, 0x34, 0x37, 0xb8, 0x40, 0x1, 0x98,
    0x38, 0x25, 0x53, 0x83, 0xaa, 0x8c, 0x1, 0x72,
    0x7f, 0xe5, 0x88, 0x49, 0xcc, 0x4f, 0x81, 0xac,
    0xf8, 0xbb, 0xb9, 0x75, 0x2b, 0x1e, 0x80, 0xfb,
    0xc3, 0x80, 0x43, 0xf4, 0x84, 0x9, 0x80, 0x3,
    0x52, 0x45, 0x79, 0xe8, 0x5, 0x0, 0x14, 0xa5,
    0x72, 0x9e, 0x68, 0xb0, 0x80, 0x61, 0x77, 0x4f,
    0xbf, 0x71, 0xfc, 0xe7, 0xfe, 0x1, 0xe8, 0x43,
    0x5e, 0xff, 0x39, 0x6f, 0x7f, 0x80, 0x7, 0x1d,
    0xc0, 0x9, 0x1f, 0xaf, 0x44, 0x0, 0x78, 0x3b,
    0xa5, 0x8, 0xba, 0x39, 0xbf, 0x30, 0x3f, 0x93,
    0x0, 0x72, 0x62, 0x80, 0x1e, 0xf4, 0x40, 0x3d,
    0x98, 0x30, 0xc, 0xbe, 0x20,

    /* U+7EF4 "维" */
    0x0, 0xff, 0xe3, 0xbd, 0x0, 0x4d, 0xa7, 0xc0,
    0x1f, 0x4f, 0x80, 0x54, 0xa6, 0x4e, 0x1, 0xc8,
    0x6a, 0x0, 0x23, 0xf5, 0x57, 0xaa, 0x84, 0x1,
    0x10, 0x9, 0x29, 0xb, 0x96, 0x59, 0x91, 0x3,
    0x3a, 0xa9, 0xd1, 0x7, 0x98, 0x29, 0xcc, 0x18,
    0x4a, 0xf5, 0x52, 0xd0, 0x4c, 0xe2, 0x32, 0x0,
    0x56, 0x23, 0x27, 0x70, 0xbb, 0x83, 0x1d, 0xc0,
    0x2, 0xbb, 0xa4, 0xc, 0xf, 0x74, 0x55, 0xb8,
    0x0, 0x3a, 0x59, 0xc1, 0x1, 0x18, 0x4, 0x60,
    0x6, 0x90, 0xff, 0x84, 0xb, 0xb8, 0x55, 0xde,
    0x0, 0xed, 0x96, 0x30, 0x1, 0xff, 0x8a, 0xff,
    0x80, 0x22, 0x59, 0xd6, 0x0, 0xff, 0x76, 0x77,
    0x4c, 0x7, 0xfe, 0x2b, 0xff, 0x40, 0x67, 0x5b,
    0x98, 0x0, 0xbb, 0xbd, 0x20,

    /* U+7F13 "缓" */
    0x0, 0xa1, 0x0, 0x21, 0x24, 0x57, 0xa2, 0x0,
    0x85, 0xdc, 0x1d, 0xcc, 0xef, 0xcf, 0xc3, 0x0,
    0xa4, 0xcc, 0x1b, 0x3b, 0x67, 0x31, 0x24, 0x1,
    0x34, 0x80, 0xa, 0x40, 0x8c, 0x1d, 0xc, 0x0,
    0xe4, 0xa9, 0x62, 0xa4, 0xe6, 0x33, 0xe0, 0x2,
    0x89, 0x29, 0xde, 0x4d, 0xd3, 0xf0, 0xde, 0x85,
    0x5, 0xe8, 0xb7, 0x78, 0x6f, 0xfe, 0xd0, 0x9f,
    0xd1, 0xd7, 0xde, 0xc, 0xdd, 0xe1, 0x1b, 0xb4,
    0x57, 0x20, 0xbf, 0x33, 0x84, 0xb0, 0xf7, 0xec,
    0x78, 0xbf, 0xf6, 0x88, 0x33, 0xc6, 0xfc, 0x83,
    0x6, 0x77, 0x11, 0x0, 0x4, 0xa6, 0x33, 0x2a,
    0x1c, 0xf9, 0x22, 0x24, 0x2, 0x5a, 0xee, 0x14,
    0xc3, 0x56, 0x5e, 0x88, 0x1, 0xec, 0xb3, 0x71,
    0x91, 0xac, 0xc7, 0xa0, 0x81, 0xfa, 0x9, 0x42,
    0xbe, 0xa9, 0xbd, 0x49, 0xa4, 0x1, 0x96, 0xc7,
    0xb1, 0x80, 0xf, 0x9e, 0x40,

    /* U+7F16 "编" */
    0x0, 0x98, 0xc0, 0x30, 0xc8, 0x7, 0xd2, 0xe0,
    0x18, 0x51, 0x80, 0x39, 0x89, 0x1, 0x7b, 0xa2,
    0x9e, 0xe5, 0x0, 0x2a, 0xc0, 0x22, 0xff, 0x77,
    0x3e, 0x4, 0x10, 0x5a, 0x24, 0x1c, 0x47, 0x8c,
    0x1, 0x34, 0x6d, 0x46, 0x9f, 0xfd, 0x40, 0x65,
    0x78, 0x86, 0x9, 0xff, 0xeb, 0x3f, 0xf0, 0xd8,
    0x1, 0x73, 0x3d, 0x60, 0xf, 0xb1, 0xe, 0x7,
    0xe1, 0xe1, 0xf6, 0x8, 0x2e, 0xf6, 0x12, 0x12,
    0x12, 0x13, 0x2, 0x72, 0xcc, 0x32, 0xb0, 0x0,
    0x40, 0x44, 0x5, 0xd8, 0xe4, 0x43, 0xd5, 0xe2,
    0xe2, 0xe0, 0x1, 0xbe, 0x62, 0x84, 0xd7, 0x8f,
    0x8f, 0xc0, 0xf3, 0xfd, 0xa6, 0xc0, 0x1e, 0x10,
    0x3e, 0x83, 0xc, 0x90, 0xa, 0x82, 0xa8, 0x80,
    0x1c, 0xe2, 0x94, 0xc, 0xd, 0x72,

    /* U+7F18 "缘" */
    0x0, 0xff, 0xe3, 0x9c, 0x80, 0x5e, 0x1, 0xfe,
    0xa0, 0x8, 0xc3, 0xba, 0xf9, 0x0, 0xe6, 0xb0,
    0x2, 0xb7, 0x74, 0xbe, 0x1, 0x9d, 0x8, 0x1,
    0x9c, 0x1, 0x9, 0x0, 0x69, 0x80, 0x80, 0x1b,
    0xcc, 0x91, 0x40, 0x28, 0x43, 0x81, 0x29, 0xee,
    0xbc, 0xc, 0x80, 0x9d, 0x3d, 0x63, 0xfe, 0xcd,
    0xe2, 0xff, 0x29, 0x56, 0x1f, 0xe, 0xe2, 0xd,
    0xee, 0xdc, 0xa0, 0xaa, 0x43, 0x1b, 0xcf, 0x6c,
    0x6, 0xeb, 0x0, 0x2c, 0x1f, 0x4c, 0xb5, 0x54,
    0xdd, 0x6d, 0x0, 0x8, 0x7f, 0xe8, 0x7c, 0xff,
    0x4a, 0xfa, 0x0, 0x5b, 0x8, 0xb2, 0x3f, 0x8b,
    0x48, 0x42, 0x40, 0x4, 0x9e, 0xe6, 0xa3, 0xe6,
    0x3c, 0x0, 0xb0, 0x0, 0x9e, 0xfb, 0x4c, 0xf8,
    0xa5, 0x20, 0x87, 0x30, 0xd7, 0x10, 0x6, 0xd8,
    0x7c, 0xc8, 0x1, 0xa6, 0x1, 0xe1, 0x4, 0xfe,
    0x40, 0xc,

    /* U+7F29 "缩" */
    0x0, 0x88, 0x40, 0x31, 0x20, 0x7, 0xee, 0x60,
    0xc, 0x34, 0x20, 0x1e, 0x23, 0x61, 0xff, 0xb0,
    0x7b, 0xfe, 0x30, 0x5, 0xb0, 0x80, 0x3b, 0xff,
    0xc0, 0x10, 0xbc, 0x34, 0xac, 0xa8, 0x7, 0x41,
    0x5, 0xc9, 0xc5, 0xd3, 0x17, 0xff, 0x48, 0x9a,
    0xc6, 0xa1, 0xa0, 0x3f, 0xf8, 0x37, 0xf8, 0xe,
    0xf0, 0xac, 0x21, 0x40, 0xd4, 0x18, 0xc8, 0x0,
    0x91, 0x1, 0x63, 0x0, 0x64, 0xa7, 0xf4, 0x80,
    0x29, 0x3f, 0x35, 0xc0, 0x2c, 0xbb, 0x40, 0x0,
    0x45, 0x32, 0xcb, 0xc0, 0xb, 0x2e, 0xd0, 0x0,
    0x1b, 0x63, 0x56, 0x0, 0xdf, 0x10, 0xa0, 0x8,
    0x63, 0xa8, 0x3, 0x8c, 0xe2, 0x0, 0x17, 0x2c,
    0x7b, 0x0, 0x64, 0x4b, 0x40, 0x5, 0x7a, 0xc0,
    0x1e, 0xff, 0x90, 0x40,

    /* U+7F3A "缺" */
    0x0, 0xff, 0xe3, 0x71, 0x80, 0x7b, 0x90, 0x3,
    0x8c, 0x51, 0x9a, 0x20, 0xf, 0xe4, 0x2d, 0x9e,
    0xe3, 0xff, 0x86, 0xff, 0xc6, 0x0, 0x99, 0x71,
    0x44, 0x17, 0x74, 0x33, 0xa2, 0x1, 0x3a, 0x88,
    0x8, 0x80, 0x88, 0x4, 0x40, 0x8, 0x5b, 0xa8,
    0xbb, 0x90, 0x1, 0x38, 0x6, 0x1f, 0xf5, 0x97,
    0xfa, 0x99, 0x83, 0x6c, 0x36, 0x41, 0x2a, 0x1,
    0x5d, 0x6e, 0x81, 0xf5, 0xd, 0x80, 0x3e, 0xcb,
    0xf0, 0x4, 0xdd, 0x90, 0x3, 0xfb, 0x55, 0x56,
    0x1, 0xda, 0x66, 0x46, 0x1, 0x6f, 0x96, 0x10,
    0xc, 0xd6, 0x50, 0x41, 0x46, 0xa6, 0x94, 0x1,
    0xaf, 0x32, 0x88, 0x27, 0x0, 0x25, 0x68, 0x1,
    0x8, 0x1, 0x18, 0xe9, 0x0, 0xb, 0x5d, 0x0,
    0x44, 0x1, 0x26, 0x90, 0x6, 0x3d, 0x40,

    /* U+7F51 "网" */
    0xcf, 0xff, 0xfe, 0x1, 0x84, 0x6e, 0xa4, 0xb7,
    0x54, 0x3b, 0xa1, 0x0, 0x11, 0x40, 0xc4, 0x41,
    0x22, 0x80, 0x31, 0x0, 0x8c, 0x42, 0xe0, 0x1e,
    0x99, 0x79, 0x2e, 0x60, 0x40, 0x3d, 0x48, 0xfe,
    0x90, 0xc4, 0x1, 0xe1, 0xc1, 0xf0, 0x64, 0x40,
    0x7, 0xe1, 0x73, 0x5, 0x18, 0x0, 0xf2, 0x14,
    0xf8, 0x8b, 0xd8, 0x80, 0x3b, 0xd5, 0xbd, 0xd4,
    0xa8, 0x80, 0x32, 0x2d, 0x1, 0xc7, 0x82, 0x0,
    0x74, 0xb9, 0x3, 0x92, 0x80, 0x7d, 0xd0, 0x0,
    0x6e, 0x0, 0x11, 0x88, 0x4, 0x60, 0x10, 0x90,
    0x3, 0x70, 0xcc,

    /* U+7F6E "置" */
    0x2f, 0xdd, 0x77, 0xee, 0xbf, 0xb7, 0x5e, 0x80,
    0x16, 0xea, 0x57, 0x74, 0x97, 0xba, 0x10, 0xd,
    0x55, 0x25, 0x51, 0x66, 0xa8, 0x20, 0x2, 0xc9,
    0x97, 0x69, 0x3e, 0xfc, 0xcb, 0x10, 0x33, 0xbb,
    0x98, 0xbb, 0xbb, 0x3, 0xbf, 0xf8, 0x9b, 0xff,
    0xb8, 0xb, 0xc0, 0x1d, 0x24, 0xb3, 0x37, 0x29,
    0x0, 0x8, 0x44, 0x57, 0xd9, 0x77, 0x27, 0x0,
    0x78, 0x6e, 0xfc, 0xc0, 0x1f, 0xb3, 0x3c, 0x40,
    0x1f, 0x91, 0x3c, 0xc0, 0x1e, 0x14, 0x88, 0xf0,
    0xf0, 0x6, 0x60, 0x99, 0xfc, 0xa4, 0x1, 0x47,
    0xff, 0xfc, 0x80,

    /* U+7F72 "署" */
    0x2, 0xfe, 0xe7, 0xfb, 0xb9, 0xfd, 0xd7, 0xa0,
    0x6, 0xee, 0x42, 0xf7, 0x12, 0x3b, 0x82, 0x1,
    0xc4, 0x4f, 0x12, 0x23, 0xf1, 0x10, 0x3, 0x92,
    0x64, 0x6f, 0xbc, 0xe7, 0x32, 0x57, 0x0, 0x15,
    0x4c, 0xde, 0x1f, 0x32, 0xaa, 0x19, 0x0, 0x4f,
    0xdd, 0x83, 0xba, 0xdf, 0x1, 0x0, 0x9b, 0x33,
    0x7, 0xea, 0x95, 0xc0, 0x0, 0x7f, 0xfb, 0x83,
    0x79, 0x86, 0xbf, 0xc4, 0x3f, 0xfa, 0x90, 0x1b,
    0x7f, 0xf8, 0x80, 0x9a, 0xba, 0xd4, 0x5f, 0x3b,
    0x9f, 0x40, 0x3, 0xda, 0xd2, 0xbe, 0xef, 0x40,
    0x4, 0x7f, 0x8e, 0xeb, 0xdd, 0xf4, 0x80, 0x7e,
    0xbd, 0xdf, 0x48, 0x7, 0xeb, 0xee, 0xf4, 0x80,
    0x40,

    /* U+7FA9 "義" */
    0x0, 0xca, 0x40, 0x18, 0xd8, 0x3, 0xf6, 0xf0,
    0x6, 0xff, 0x0, 0x72, 0xee, 0x98, 0xfb, 0x76,
    0x37, 0xdd, 0x30, 0x1, 0x73, 0x1f, 0xde, 0xe9,
    0x9d, 0xf9, 0x86, 0x0, 0xa7, 0xff, 0x2b, 0x7f,
    0xe9, 0x0, 0xd1, 0xdd, 0x95, 0xbb, 0xb4, 0x0,
    0x7, 0x77, 0xca, 0xfb, 0xbe, 0x11, 0x4c, 0x5d,
    0x23, 0x2c, 0x3c, 0xad, 0xcc, 0x84, 0x3a, 0x72,
    0x4b, 0xe1, 0x51, 0x1f, 0x1c, 0x80, 0xb, 0xdb,
    0x23, 0x53, 0x1, 0x26, 0xd3, 0x20, 0x1c, 0xc8,
    0xdb, 0x31, 0xc1, 0x98, 0xe4, 0xf2, 0x1d, 0xd6,
    0x1b, 0xcd, 0xfc, 0x2e, 0x35, 0x69, 0xe, 0xe5,
    0x11, 0xc, 0xd, 0x93, 0xf1, 0xc8, 0x7, 0x72,
    0xcb, 0x5c, 0xa3, 0xd4, 0x3c, 0xb9, 0x0, 0x19,
    0xc4, 0xa5, 0x1f, 0xea, 0xc3, 0xc7, 0x40,

    /* U+7FFB "翻" */
    0x0, 0x9, 0x23, 0x4a, 0x0, 0x7f, 0x5e, 0xcd,
    0xff, 0x9b, 0x7f, 0xcd, 0xff, 0x0, 0x29, 0xac,
    0xaf, 0x1f, 0x7d, 0xb, 0xfc, 0x1, 0xb, 0x88,
    0xa, 0x29, 0x0, 0x44, 0x1, 0xe, 0x6, 0x96,
    0x85, 0xc9, 0x0, 0x3c, 0x2, 0x1d, 0xc7, 0x2,
    0xda, 0xea, 0x0, 0x2a, 0x80, 0x21, 0x77, 0xa,
    0x71, 0xa2, 0x80, 0x33, 0xc0, 0x27, 0x8e, 0x3a,
    0x8f, 0x1f, 0x0, 0x25, 0x80, 0x6, 0x74, 0x90,
    0xd7, 0x0, 0xd4, 0x0, 0xa0, 0x1, 0x7c, 0xf6,
    0xef, 0xb1, 0xc1, 0x3, 0xa0, 0x8, 0x67, 0xcf,
    0xec, 0x76, 0x90, 0x76, 0x80, 0x34, 0x69, 0xed,
    0xc, 0xb8, 0xe, 0x20, 0x6, 0x8d, 0x3d, 0xa0,
    0x50, 0x8, 0x80, 0x3a, 0x34, 0xf6, 0x80, 0x2,
    0xe0, 0x24, 0x1, 0x9b, 0xf7, 0xec, 0x89, 0xe0,
    0xad, 0xaa, 0x0,

    /* U+8003 "考" */
    0x0, 0xf5, 0x40, 0x6, 0x16, 0x0, 0xa3, 0x32,
    0x46, 0xcc, 0x9b, 0x4, 0x2, 0xaf, 0xf9, 0x53,
    0xfc, 0x93, 0xe, 0x1, 0x11, 0x9c, 0x24, 0x6a,
    0xf6, 0xa0, 0x17, 0x77, 0x2b, 0xf4, 0x85, 0x77,
    0x2c, 0x33, 0x39, 0xc1, 0xf7, 0x59, 0x95, 0x1,
    0x14, 0xfe, 0xb7, 0x66, 0x58, 0xb2, 0x10, 0x3,
    0xed, 0x11, 0xd7, 0x73, 0xfd, 0x0, 0x4, 0xfa,
    0xb5, 0x57, 0x73, 0x2a, 0x14, 0x40, 0x9, 0x7a,
    0xc8, 0xf7, 0x7f, 0x0, 0x48, 0x4, 0x33, 0xff,
    0xc6, 0xa0, 0x1c, 0x5e, 0x89, 0xe0, 0x50, 0xf,
    0xf0, 0x81, 0x36, 0x80, 0x7f, 0xf, 0x7e, 0xa3,
    0x0, 0x7f, 0xf, 0xfd, 0x40, 0x10,

    /* U+8005 "者" */
    0x0, 0xf4, 0xc0, 0x7, 0x30, 0x6, 0x23, 0x38,
    0x88, 0x67, 0xc, 0xd8, 0x80, 0x57, 0xdd, 0x22,
    0x3b, 0xaf, 0x7f, 0x10, 0xa, 0x77, 0x66, 0x66,
    0xe9, 0x3, 0x8, 0x2, 0x11, 0xe3, 0x12, 0xc7,
    0xd3, 0x11, 0x1, 0x77, 0x72, 0xb6, 0x98, 0xe7,
    0x74, 0x44, 0xff, 0xd8, 0x87, 0x7f, 0xfe, 0x20,
    0x9, 0x2f, 0x10, 0x3e, 0xef, 0x10, 0x0, 0x63,
    0xa5, 0x5a, 0xe3, 0xff, 0x20, 0x6, 0x4b, 0xd2,
    0xf4, 0x4f, 0x0, 0x61, 0xc5, 0x0, 0x4f, 0xff,
    0x80, 0x3f, 0xa7, 0xff, 0xc0, 0x1f, 0xc2, 0x3e,
    0x20, 0xf, 0xe8, 0xee, 0xed, 0x10, 0x8,

    /* U+800C "而" */
    0x2f, 0xff, 0xfe, 0x11, 0x96, 0x67, 0x81, 0xf3,
    0x3c, 0x60, 0x67, 0xc2, 0x14, 0x67, 0xe0, 0x8,
    0x47, 0x20, 0x98, 0x8f, 0x0, 0x4b, 0xdd, 0xa4,
    0x7b, 0xbc, 0xc0, 0x10, 0xff, 0x99, 0x7f, 0xc9,
    0x1f, 0xe2, 0x0, 0xf8, 0x4c, 0x3, 0xff, 0xfe,
    0x1, 0xff, 0xcd, 0x33, 0xc0, 0x1f, 0xfc, 0xf,
    0xd5, 0x40,

    /* U+8017 "耗" */
    0x0, 0xff, 0xe0, 0x88, 0x7, 0x44, 0x80, 0x79,
    0xb6, 0x80, 0x2f, 0xf3, 0xb7, 0xd9, 0x35, 0xfe,
    0x75, 0x80, 0x5d, 0xc6, 0x5e, 0xab, 0xcf, 0x8,
    0x30, 0xf, 0x8, 0x0, 0x66, 0x90, 0x3, 0xeb,
    0xe7, 0x5e, 0x70, 0x1, 0x84, 0x5e, 0xc0, 0x2,
    0xbd, 0xdb, 0xde, 0x3f, 0x0, 0x19, 0x32, 0x0,
    0x19, 0x84, 0x8c, 0xd5, 0x9e, 0x10, 0xe8, 0x20,
    0x7d, 0xc6, 0x4e, 0xe1, 0x98, 0x3, 0x88, 0xf,
    0x64, 0x1, 0x1a, 0x68, 0xe1, 0xdc, 0xff, 0x8,
    0x2, 0x51, 0x16, 0x9d, 0x1c, 0x15, 0x9f, 0xa2,
    0x16, 0x86, 0x55, 0x19, 0x89, 0x4, 0x20, 0x10,
    0x47, 0x90, 0x2, 0x60, 0x7, 0xda, 0x69, 0xa0,
    0x1f, 0xcc, 0x0, 0x21, 0x1, 0x0, 0xfc, 0xd7,
    0xfe, 0x52,

    /* U+8054 "联" */
    0x0, 0xfc, 0x60, 0x10, 0x98, 0x0, 0x7f, 0xfb,
    0x87, 0x54, 0x1, 0x3e, 0x0, 0x1b, 0x2e, 0xe1,
    0x50, 0xdd, 0x80, 0x5a, 0x0, 0x27, 0x1, 0x10,
    0x38, 0x2a, 0xc, 0xaa, 0x0, 0x63, 0x22, 0x0,
    0x2f, 0xd7, 0x9d, 0x3e, 0x40, 0x21, 0xff, 0x10,
    0x4e, 0x60, 0x63, 0x31, 0x60, 0x11, 0x6e, 0x88,
    0x8, 0xcc, 0x6, 0x71, 0x0, 0x61, 0x10, 0x0,
    0x46, 0x1, 0x1c, 0x1, 0x17, 0xf8, 0x83, 0xba,
    0x1a, 0xee, 0x8c, 0x0, 0x5d, 0xc2, 0xf, 0xf6,
    0x84, 0x7f, 0xc6, 0x1, 0xe6, 0x10, 0x40, 0xa0,
    0xe, 0xb2, 0xac, 0x2b, 0x50, 0xba, 0x17, 0x0,
    0x84, 0xdb, 0x3c, 0xb5, 0x24, 0x57, 0xa1, 0x0,
    0x3, 0x72, 0xc6, 0x0, 0x87, 0xe0, 0x2a, 0xb7,
    0x0, 0xfa, 0xd7, 0x8, 0x0, 0xbb, 0x62, 0x1,
    0xdb, 0x1a, 0x40, 0x18, 0xb0, 0x40,

    /* U+8074 "聴" */
    0x1f, 0xfe, 0xe0, 0xa, 0x30, 0x3, 0xd, 0x97,
    0x70, 0x2b, 0xfe, 0x73, 0xff, 0x90, 0x1c, 0x4,
    0x40, 0xbd, 0xd3, 0x17, 0x74, 0x80, 0x1f, 0x8,
    0xe0, 0x11, 0x80, 0x22, 0xff, 0x0, 0x3b, 0x9e,
    0xe7, 0xfd, 0xe2, 0x0, 0x2f, 0xf0, 0x5, 0xef,
    0x7c, 0x5c, 0x20, 0x1f, 0xfc, 0x72, 0xff, 0x0,
    0x5e, 0xf7, 0xc5, 0xc2, 0x1, 0x17, 0xf8, 0x1,
    0xdc, 0xd4, 0xaf, 0xef, 0x10, 0xf, 0x88, 0x53,
    0x69, 0xd0, 0x0, 0x28, 0x73, 0x60, 0x9, 0x48,
    0x4c, 0x3e, 0x90, 0x2a, 0x41, 0xd0, 0x34, 0x40,
    0x0, 0x93, 0x18, 0x8f, 0x6a, 0x18, 0x2d, 0x44,
    0x4, 0x13, 0x1a, 0x80, 0x3d, 0x56, 0x9, 0x9f,
    0x7f, 0x72, 0x1, 0xdc, 0x62, 0x15, 0xff, 0x29,
    0x8,

    /* U+80C0 "胀" */
    0x2, 0xff, 0xc0, 0xe, 0x40, 0xa, 0x1c, 0x2,
    0x1e, 0xd0, 0xf, 0x95, 0xd4, 0x2, 0x31, 0x20,
    0xf, 0x15, 0xc1, 0x0, 0x46, 0x24, 0x1, 0xc9,
    0x88, 0xe0, 0x18, 0x7b, 0x40, 0x30, 0xd3, 0xd0,
    0x6, 0x12, 0xff, 0x1, 0x10, 0x4e, 0xa8, 0x45,
    0x8, 0x7, 0xa3, 0x42, 0x6f, 0x37, 0x67, 0x7,
    0x32, 0x30, 0xaf, 0xb, 0xe0, 0xef, 0xf3, 0x0,
    0x7, 0x70, 0x2, 0x10, 0x15, 0x60, 0xc, 0x29,
    0xfe, 0x0, 0xf7, 0x48, 0x6, 0x22, 0x0, 0x7e,
    0x43, 0x60, 0xb, 0x7c, 0x3, 0xe1, 0x58, 0x92,
    0x0, 0x22, 0x4, 0xc0, 0x2, 0x29, 0xec, 0x57,
    0xd4, 0x22, 0xaf, 0x14, 0x18, 0xaf, 0xe4, 0x22,
    0xc, 0x58, 0x15, 0xf4, 0xf, 0xac, 0x1, 0x9c,
    0x80,

    /* U+80CC "背" */
    0x0, 0xee, 0x40, 0x4e, 0x0, 0x13, 0x0, 0x5b,
    0xdd, 0x8, 0x4, 0x33, 0xbe, 0x22, 0x0, 0x6f,
    0x74, 0x20, 0x1b, 0xbf, 0x5c, 0x40, 0x31, 0x28,
    0x80, 0x42, 0xe4, 0x0, 0xb0, 0x3c, 0xfd, 0xe0,
    0x9, 0xc5, 0xd9, 0x90, 0xa0, 0x55, 0xbf, 0x62,
    0x0, 0x36, 0xba, 0xa2, 0x58, 0xb, 0x17, 0x70,
    0x2b, 0xb8, 0xe4, 0x56, 0x28, 0x7, 0x57, 0x77,
    0xa8, 0x3, 0xf5, 0x6e, 0xfa, 0x80, 0x3f, 0x56,
    0xef, 0xa8, 0x3, 0xf1, 0x17, 0xe0, 0xf, 0xd5,
    0x33, 0xea, 0x0, 0xfd, 0x17, 0x7e, 0x90, 0xf,
    0xfe, 0xc, 0xfd, 0x30, 0x7, 0xb9, 0x0, 0x34,
    0xff, 0xa0, 0x2,

    /* U+80F6 "胶" */
    0x2, 0xff, 0xc4, 0x1, 0x72, 0x0, 0x78, 0x7b,
    0x80, 0x24, 0x50, 0x11, 0x60, 0xc, 0x22, 0x9,
    0xdd, 0x86, 0x77, 0x65, 0x0, 0xf4, 0x7d, 0x6f,
    0xfa, 0x7b, 0xd4, 0x0, 0x3f, 0xe0, 0x1, 0x50,
    0x5, 0xfa, 0x20, 0x10, 0xee, 0x80, 0x1c, 0xc4,
    0x0, 0x97, 0xa0, 0xc, 0x44, 0x9, 0xe, 0x20,
    0x4, 0xc3, 0x18, 0x8, 0x8, 0x82, 0x37, 0xa0,
    0x11, 0xcf, 0x4c, 0x1c, 0x7b, 0x80, 0x22, 0xa5,
    0x2f, 0x60, 0xe, 0x3f, 0xf0, 0x4, 0x6b, 0xeb,
    0x20, 0x18, 0xd8, 0x3, 0xdc, 0x48, 0x20, 0x1b,
    0xb4, 0x3, 0x8e, 0x99, 0x28, 0x3, 0x3a, 0x9,
    0x0, 0xc6, 0x44, 0xfb, 0xf3, 0x81, 0x19, 0x93,
    0x4d, 0xf, 0x58, 0x7, 0x62, 0x8c, 0xb4, 0x17,
    0xf1, 0xec, 0x80, 0x33, 0x69, 0x80,

    /* U+80FD "能" */
    0x0, 0xff, 0xe3, 0xe3, 0x0, 0x6f, 0x30, 0xf,
    0x90, 0x99, 0x96, 0x1, 0x85, 0xf9, 0x0, 0x28,
    0x72, 0x55, 0x38, 0x3, 0xb3, 0xb5, 0x0, 0x7c,
    0xdb, 0x38, 0xe0, 0x82, 0x36, 0x4c, 0x80, 0x7b,
    0xfd, 0xdb, 0xa6, 0x10, 0x60, 0xb, 0x90, 0x1,
    0x11, 0xd6, 0x61, 0x68, 0x85, 0x36, 0x2, 0x7f,
    0xf9, 0xd8, 0x15, 0x51, 0x9, 0x72, 0x0, 0xb,
    0x34, 0x20, 0x5, 0xec, 0xca, 0x0, 0x21, 0xdd,
    0x84, 0x3, 0x8a, 0x94, 0x2, 0x1c, 0xc8, 0x40,
    0x2a, 0xcc, 0x12, 0x0, 0x43, 0xdd, 0x8, 0x6,
    0xfe, 0x81, 0x0, 0x87, 0xba, 0x10, 0xa, 0x8c,
    0x1, 0xc, 0x1, 0x84, 0x80, 0x32, 0x19, 0xca,
    0x60, 0x19, 0xb4, 0xd4, 0x22, 0xbb, 0xa6, 0x50,

    /* U+811A "脚" */
    0xc, 0xff, 0x70, 0x3, 0x88, 0xf, 0xba, 0xc0,
    0x5, 0xe0, 0x0, 0x41, 0x84, 0x1, 0x96, 0x20,
    0x7, 0x10, 0x7e, 0x1b, 0xe7, 0x32, 0x60, 0xf,
    0x3f, 0x8e, 0xfb, 0x80, 0x7b, 0x34, 0x3, 0xff,
    0x83, 0x56, 0x2, 0x20, 0x61, 0x70, 0xf, 0x33,
    0x3, 0x78, 0x6f, 0xb8, 0x1, 0xc2, 0xe2, 0x19,
    0x29, 0xfe, 0x90, 0xe, 0x3b, 0xc0, 0x7, 0xe2,
    0x8, 0x7, 0xdd, 0xa0, 0x5, 0x3f, 0x60, 0xe,
    0x11, 0x80, 0x23, 0x4f, 0x97, 0x2, 0x40, 0x52,
    0x0, 0xa4, 0x6a, 0x7, 0x1, 0xae, 0xc6, 0x80,
    0x21, 0xb7, 0x3d, 0x22, 0x9, 0x8c, 0x19, 0x38,
    0xe8, 0xa6, 0x4d, 0x40, 0x19, 0xd6, 0x7e, 0x40,
    0x38, 0xf4, 0x2,

    /* U+8154 "腔" */
    0x2, 0xff, 0xc0, 0x1a, 0xa0, 0x3, 0xc3, 0xda,
    0xf, 0xff, 0x2b, 0xff, 0xce, 0x0, 0x31, 0x30,
    0x3, 0x70, 0xdc, 0x27, 0x37, 0x80, 0xc, 0xca,
    0x5, 0xe2, 0x24, 0x11, 0xbf, 0x80, 0x3, 0x96,
    0xa, 0xca, 0x60, 0x19, 0x50, 0x4, 0x5f, 0xc0,
    0x1, 0x89, 0x0, 0x8, 0x5d, 0x0, 0xc, 0x2,
    0x4f, 0xa5, 0x4, 0x6e, 0x6b, 0x7, 0x34, 0x70,
    0x4f, 0x70, 0x1, 0x6f, 0x70, 0xc0, 0x2f, 0xd0,
    0x5, 0x7f, 0xfb, 0x80, 0x2, 0x97, 0x40, 0xa,
    0xee, 0x23, 0x77, 0x3c, 0x0, 0x44, 0x0, 0xc2,
    0x3f, 0x80, 0x1d, 0xc0, 0xf, 0xfe, 0x12, 0x38,
    0x90, 0x0, 0x47, 0xf0, 0x10, 0x8a, 0xb1, 0x5f,
    0xba, 0x46, 0xee, 0xa4, 0xb0, 0x2f, 0xe9, 0xff,
    0xff, 0x48,

    /* U+81A8 "膨" */
    0x0, 0xff, 0xe0, 0x90, 0x3, 0x3f, 0xdc, 0x0,
    0xc5, 0x0, 0x87, 0x4c, 0x1, 0x7a, 0x19, 0xe7,
    0x5f, 0x61, 0x4e, 0x60, 0x7, 0x30, 0xcf, 0x3a,
    0xfb, 0xb3, 0xc0, 0x4, 0xa8, 0xb, 0x67, 0x16,
    0xe1, 0x80, 0x1a, 0xe4, 0x12, 0x77, 0xe5, 0xac,
    0x25, 0x0, 0x7b, 0x41, 0x33, 0x31, 0x82, 0xba,
    0x80, 0x79, 0xbb, 0x86, 0x25, 0x70, 0x20, 0x11,
    0x80, 0x79, 0xb1, 0xd8, 0x0, 0x79, 0xa0, 0x5,
    0xdd, 0x1, 0xb4, 0x80, 0x43, 0xba, 0x5, 0x4d,
    0x97, 0x68, 0x6, 0x80, 0x1, 0x18, 0x1, 0x3,
    0x74, 0x0, 0x18, 0xc3, 0x20, 0xd, 0x8, 0x7d,
    0x3, 0xae, 0x8a, 0x80, 0x41, 0x76, 0xf2, 0xc0,
    0xf5, 0x90, 0x1c, 0x8c, 0x7b, 0xeb, 0x84, 0x5a,
    0x90, 0x3, 0xac, 0x7c, 0x80, 0x61, 0xd4, 0x0,
    0x80,

    /* U+81EA "自" */
    0x0, 0xe3, 0x30, 0x7, 0xfb, 0xa8, 0x3, 0xc6,
    0x72, 0x17, 0x99, 0xe2, 0x4c, 0xca, 0xc2, 0x73,
    0x38, 0x7, 0xff, 0xf5, 0x0, 0x7f, 0xf0, 0x87,
    0xbb, 0xf5, 0x0, 0x5b, 0xbf, 0xa0, 0x0, 0x26,
    0x7f, 0x88, 0x2, 0x22, 0xfc, 0x60, 0x1, 0xdd,
    0xfd, 0x20, 0x1, 0xff, 0xfd, 0x40, 0x1f, 0xfc,
    0x21, 0xff, 0xfd, 0x40, 0x1, 0xdd, 0xfd, 0x26,

    /* U+81F3 "至" */
    0xc, 0xff, 0xff, 0xe0, 0x70, 0x3, 0x77, 0x30,
    0xee, 0xd9, 0xbb, 0x60, 0x0, 0x48, 0xa7, 0x62,
    0x23, 0x63, 0x91, 0x40, 0x1c, 0xc3, 0x20, 0x4,
    0x7a, 0x70, 0xf, 0xd, 0x29, 0x9c, 0x98, 0x70,
    0xe0, 0x13, 0xff, 0x1a, 0xee, 0x6c, 0xc8, 0xe,
    0x18, 0x0, 0xdb, 0xdc, 0xff, 0x5e, 0xed, 0x98,
    0x81, 0x0, 0x9, 0x8, 0x80, 0x1d, 0x60, 0x19,
    0xdc, 0x1, 0x4e, 0xee, 0x56, 0xdd, 0xd6, 0x1,
    0xaa, 0x67, 0x1a, 0x4c, 0xe8, 0x0, 0xc6, 0x89,
    0x98, 0x91, 0x31, 0x80, 0x7f, 0xf1, 0xd1, 0x3c,
    0xc6, 0x89, 0xe0, 0x19, 0x9f, 0xb, 0x4c, 0xf8,
    0x80,

    /* U+81F4 "致" */
    0x0, 0xff, 0xe6, 0xb6, 0x0, 0x71, 0xff, 0xfb,
    0x83, 0xdc, 0x3, 0x8f, 0xac, 0x37, 0xb9, 0xe0,
    0x86, 0x1, 0xe1, 0x34, 0x21, 0x1c, 0x40, 0x67,
    0x84, 0x1, 0x5c, 0x15, 0x20, 0xc0, 0xdb, 0xac,
    0xd5, 0x3, 0x21, 0x5d, 0x64, 0xa0, 0xee, 0x78,
    0x62, 0x2e, 0xc, 0xf6, 0xad, 0x10, 0x18, 0x20,
    0x90, 0x2f, 0xf7, 0x2, 0xa8, 0xac, 0xa8, 0x18,
    0x80, 0x1c, 0xec, 0x0, 0xb8, 0xfa, 0x7, 0xf0,
    0xb, 0x7e, 0xcb, 0xfd, 0x42, 0xa5, 0x20, 0xa0,
    0x16, 0x75, 0xf, 0x72, 0xc0, 0xc, 0xc8, 0x0,
    0xc2, 0x31, 0x88, 0xc0, 0x3, 0x0, 0xf8, 0x4c,
    0xd3, 0x7c, 0x52, 0x8f, 0x26, 0x0, 0x4e, 0xe4,
    0x10, 0x6c, 0xfb, 0xe4, 0x36, 0x30, 0x2d, 0x77,
    0xe4, 0xbc, 0x3f, 0x90, 0x4c, 0x49, 0x8a, 0x8,
    0x4, 0x3d, 0x42, 0x1, 0x3f, 0x18,

    /* U+8212 "舒" */
    0x0, 0xff, 0xe3, 0xe5, 0xa8, 0xf, 0xff, 0xa8,
    0x2, 0x66, 0x5f, 0x40, 0xff, 0x7f, 0xa0, 0x24,
    0x0, 0x91, 0x61, 0x4c, 0xe3, 0x8a, 0x91, 0x26,
    0x7, 0x72, 0x64, 0x76, 0xc3, 0x31, 0x6e, 0xc0,
    0x2, 0x7a, 0xcd, 0xfe, 0x10, 0x4d, 0x55, 0x10,
    0x0, 0x63, 0x6c, 0xb6, 0xce, 0xaa, 0x13, 0x9b,
    0x31, 0xff, 0x51, 0x7f, 0xaa, 0x21, 0x8b, 0x9e,
    0x84, 0x3d, 0xc9, 0x2e, 0xe4, 0x91, 0x40, 0x44,
    0x31, 0x1, 0x11, 0x80, 0x88, 0x3, 0xdf, 0x20,
    0x7, 0xfa, 0x2f, 0xf0, 0x80, 0x74, 0xa8, 0x4,
    0xbf, 0xf0, 0x7, 0xff, 0x41, 0x7b, 0xa0, 0xf,
    0xfe, 0x2, 0xff, 0xc0, 0x6, 0xfb, 0x40, 0xe,
    0x7a, 0x11, 0xbc, 0x5b, 0x7a, 0x80, 0x30,

    /* U+822A "航" */
    0x0, 0xff, 0xe3, 0xb7, 0x0, 0x72, 0x68, 0x7,
    0x8e, 0x90, 0xc8, 0x3, 0xfc, 0x7a, 0xc1, 0xf3,
    0x7f, 0xeb, 0x2f, 0xf9, 0x80, 0xb, 0xd1, 0x0,
    0xae, 0xef, 0x98, 0x2, 0x19, 0x0, 0x8, 0xfe,
    0x0, 0xca, 0x1, 0xb3, 0xff, 0x40, 0x0, 0x55,
    0x99, 0x9c, 0xac, 0x15, 0xfe, 0x60, 0x9, 0x6c,
    0xff, 0xc6, 0x65, 0x0, 0xfc, 0x92, 0x9a, 0x1a,
    0xc6, 0x2, 0x1, 0xf0, 0x98, 0x7, 0x13, 0x80,
    0x7c, 0x62, 0x1, 0xc2, 0x20, 0xf, 0xbf, 0x43,
    0xc0, 0x4, 0x4, 0x1, 0x8e, 0x41, 0xd1, 0xe,
    0x0, 0x55, 0x0, 0x42, 0x26, 0x13, 0x41, 0xe,
    0xac, 0xc4, 0x0, 0x5a, 0xd5, 0x87, 0x40, 0xe,
    0xe3, 0xd9, 0x0, 0x4b, 0xfe, 0x40,

    /* U+8235 "舵" */
    0x0, 0xff, 0xe3, 0xb7, 0x0, 0x72, 0xe0, 0x7,
    0x8e, 0x90, 0xc8, 0x4, 0x46, 0x23, 0x80, 0x7,
    0xae, 0x3d, 0x2f, 0xdc, 0x92, 0xee, 0x8c, 0x0,
    0xbf, 0x32, 0x0, 0x47, 0xff, 0x8, 0x7, 0x48,
    0x0, 0x81, 0xc0, 0x32, 0x88, 0x4, 0x80, 0x12,
    0xaa, 0x40, 0x35, 0x90, 0xab, 0x2e, 0xe9, 0x58,
    0x3, 0x16, 0x30, 0x2d, 0x9e, 0x70, 0x1a, 0x80,
    0x6, 0x72, 0xd8, 0x12, 0x53, 0x43, 0x58, 0xc0,
    0x7c, 0x7d, 0xc0, 0x21, 0x30, 0xf, 0xbe, 0x4,
    0x3, 0x18, 0x80, 0x78, 0x44, 0x1, 0x10, 0x3,
    0xf9, 0xfc, 0x3, 0xfa, 0xd8, 0x1d, 0xc6, 0xe0,
    0x18, 0x48, 0x0, 0x28, 0x46, 0x82, 0x1d, 0x58,
    0x4, 0x9b, 0xfe, 0xe1, 0x43, 0xa0, 0x7, 0x71,
    0xc0, 0x17, 0xff, 0xb0, 0x0,

    /* U+826F "良" */
    0x0, 0xf7, 0x28, 0x7, 0xf7, 0xfe, 0x1a, 0xff,
    0xc8, 0x1, 0xd9, 0xdd, 0xf0, 0x80, 0x78, 0x47,
    0xf0, 0x7, 0xdb, 0xff, 0xf0, 0x80, 0x7b, 0x7f,
    0xfe, 0x10, 0xf, 0x8, 0xfe, 0x0, 0xfb, 0x3b,
    0xbe, 0x11, 0x0, 0x76, 0xff, 0x6, 0x7f, 0xd3,
    0x64, 0x1, 0xe1, 0x7e, 0x2, 0xb8, 0xa2, 0x0,
    0xfa, 0x43, 0x30, 0x7c, 0x80, 0x1f, 0x87, 0xc8,
    0x94, 0x1, 0xc6, 0x17, 0x6d, 0xf5, 0xf6, 0xd9,
    0x40, 0x5, 0x61, 0x9b, 0x27, 0x9c, 0x6a, 0xce,
    0xf8, 0x6b, 0xf2, 0x9d, 0x4, 0x2, 0x4a, 0xfc,
    0x10,

    /* U+8272 "色" */
    0x0, 0xe2, 0x10, 0xf, 0xfe, 0x8, 0xec, 0x91,
    0x42, 0x1, 0xfd, 0x40, 0xd9, 0x8d, 0xe0, 0xf,
    0xd4, 0xdd, 0xd8, 0xa0, 0x3, 0xeb, 0x5b, 0x23,
    0x34, 0x99, 0xf0, 0x5, 0x88, 0x17, 0xdc, 0xd6,
    0x39, 0xee, 0x61, 0x80, 0x2a, 0x47, 0x76, 0xa1,
    0xdd, 0xc0, 0x19, 0x88, 0x3, 0xff, 0x88, 0x26,
    0x78, 0x4c, 0xf0, 0x7, 0xdd, 0xd5, 0x17, 0x76,
    0x0, 0xf0, 0xee, 0xff, 0x30, 0x80, 0x7f, 0xf0,
    0xa4, 0xc0, 0x3f, 0xf8, 0x78, 0xc0, 0x6, 0x15,
    0x21, 0x1f, 0x13, 0x12, 0x80, 0xa, 0x21, 0xbd,
    0xde, 0xd8, 0x81, 0x80,

    /* U+8282 "节" */
    0x0, 0xcb, 0xa0, 0x1b, 0x58, 0x3, 0xe, 0xed,
    0x65, 0xbb, 0x8a, 0x37, 0x61, 0x14, 0xcc, 0xc3,
    0x33, 0x85, 0xe6, 0x61, 0x4, 0x4b, 0x4d, 0x13,
    0x1f, 0xa2, 0x40, 0x1c, 0x2e, 0x1, 0x9c, 0x80,
    0x39, 0xbf, 0xd6, 0xbf, 0xf9, 0x6f, 0xe4, 0x2,
    0x7c, 0xca, 0x43, 0x33, 0x90, 0x3, 0x9, 0x9c,
    0xa0, 0x67, 0xc2, 0x1, 0xff, 0xe0, 0x12, 0x23,
    0x0, 0x7f, 0xf0, 0x1f, 0x74, 0x5a, 0x1, 0xff,
    0x37, 0x74, 0x80, 0x1f, 0xfc, 0x1, 0x10, 0x6,

    /* U+8303 "范" */
    0x0, 0xcf, 0x60, 0x1b, 0x1c, 0x3, 0xf, 0xfd,
    0x9, 0xff, 0x8e, 0x3f, 0xe1, 0x17, 0x74, 0xe7,
    0xdd, 0x8a, 0x3b, 0xa1, 0x1, 0x1, 0xcb, 0x11,
    0xd4, 0x62, 0x30, 0x5, 0xb8, 0xe, 0xdb, 0xb5,
    0x4e, 0xe8, 0x3, 0x65, 0xd8, 0xc0, 0x13, 0x3a,
    0x8c, 0x2, 0x10, 0x7e, 0x30, 0x14, 0x4c, 0x60,
    0x1b, 0x30, 0x82, 0x1, 0xff, 0xc0, 0xdb, 0xb2,
    0x80, 0x71, 0x14, 0x1, 0xcf, 0xce, 0x60, 0x1a,
    0x72, 0xe4, 0x3, 0x8f, 0x14, 0x3, 0x5f, 0x6b,
    0x80, 0x61, 0xf6, 0x60, 0x7, 0xed, 0x40, 0x2c,
    0x48, 0x3, 0x38, 0x8b, 0x21, 0x30, 0x53, 0xc8,
    0x1, 0x53, 0x37, 0x75, 0xb9, 0x4, 0x50, 0x6,
    0xbf, 0xff, 0x40, 0x0,

    /* U+8350 "荐" */
    0x1, 0x19, 0xf0, 0x47, 0x72, 0x88, 0xc0, 0xe,
    0xea, 0xf, 0xbb, 0xd, 0x77, 0x40, 0xf, 0xfa,
    0x4f, 0x3f, 0xe2, 0xbf, 0xf8, 0x3, 0x91, 0xb4,
    0x2, 0x95, 0x0, 0xed, 0xdb, 0xd4, 0x77, 0x69,
    0xcd, 0xd8, 0x1, 0x98, 0xf1, 0x4e, 0xcc, 0xfc,
    0x0, 0x11, 0x21, 0x53, 0xff, 0xfa, 0xc4, 0x2,
    0x39, 0xb1, 0x6f, 0xfb, 0x14, 0xe0, 0x2, 0x5c,
    0x0, 0xc2, 0x22, 0xd1, 0xc2, 0x0, 0x25, 0x50,
    0xc0, 0x48, 0xa6, 0x8, 0x32, 0x20, 0x25, 0xa8,
    0x1, 0xbf, 0xeb, 0xf, 0xfc, 0x40, 0x80, 0x13,
    0xee, 0xe0, 0xdd, 0xc4, 0x1, 0xfc, 0xe0, 0x1f,
    0xfc, 0x14, 0xfb, 0x50, 0xe,

    /* U+8361 "荡" */
    0x1, 0x19, 0xb4, 0x47, 0x72, 0x88, 0xc0, 0x3d,
    0xd4, 0x97, 0x76, 0x1a, 0xee, 0x84, 0x5f, 0xf5,
    0x17, 0xfe, 0x1b, 0xff, 0x84, 0x6, 0xd5, 0x53,
    0xbb, 0x8e, 0x75, 0x0, 0x21, 0xeb, 0xb2, 0xcc,
    0xd0, 0x4, 0xa8, 0x1, 0x97, 0xe0, 0x51, 0x7,
    0x4d, 0x90, 0x1, 0xa5, 0x84, 0xca, 0x3a, 0x62,
    0x2, 0x45, 0x0, 0x36, 0xf0, 0x55, 0x8c, 0x67,
    0xb7, 0x31, 0xe0, 0x4, 0xdb, 0x17, 0xef, 0x1f,
    0xe1, 0xe8, 0x60, 0xc, 0x86, 0x0, 0xfb, 0x1f,
    0x70, 0x11, 0x0, 0x6e, 0x52, 0xd4, 0x54, 0x38,
    0xe, 0x20, 0xa, 0x59, 0x9c, 0xb2, 0x35, 0x22,
    0x5, 0xc0, 0x5, 0x79, 0xc, 0x82, 0xc7, 0x60,
    0x15, 0x50, 0x3, 0x2c, 0x80, 0x2e, 0x59, 0xe,
    0xe2, 0x98, 0x2, 0x54, 0x3, 0x64, 0x0, 0x3b,
    0xec, 0x0,

    /* U+8377 "荷" */
    0x2, 0x29, 0xf0, 0x8b, 0x6b, 0x91, 0x40, 0xd,
    0xda, 0xf, 0x77, 0x14, 0x6e, 0xc2, 0x1f, 0xf5,
    0x1f, 0xfe, 0x2a, 0xff, 0x84, 0x3, 0x75, 0x0,
    0x68, 0x70, 0xf, 0xa1, 0x83, 0xff, 0x56, 0xff,
    0xc6, 0x0, 0x27, 0x86, 0xdd, 0xf3, 0x26, 0x98,
    0xf, 0x82, 0x81, 0x17, 0x84, 0x44, 0x0, 0xd2,
    0x0, 0x17, 0xfe, 0xe0, 0xe, 0x41, 0xb0, 0x8,
    0x7f, 0xd8, 0x1, 0xe4, 0xd6, 0x0, 0xff, 0xe3,
    0x8f, 0x73, 0x0, 0x3f, 0xf8, 0x3, 0xdc, 0xfe,
    0x0, 0xff, 0x1c, 0x0, 0x42, 0x31, 0x80, 0x7c,
    0x2c, 0x0, 0x1e, 0xe3, 0xe8, 0x6, 0x2f, 0x0,
    0xe1, 0xff, 0x72, 0x0, 0x0,

    /* U+83B7 "获" */
    0x1, 0x19, 0x7c, 0x47, 0x73, 0x8, 0xc0, 0xe,
    0xea, 0x83, 0xbb, 0xc, 0xf7, 0x42, 0x1f, 0xf6,
    0x7, 0xfe, 0x2b, 0xff, 0x84, 0x9, 0xc0, 0x9c,
    0x2, 0x24, 0x63, 0x0, 0xc7, 0x97, 0xa4, 0x1,
    0x32, 0xf, 0x38, 0x4, 0x26, 0x81, 0x40, 0x1c,
    0x79, 0x82, 0x1, 0xe2, 0xb3, 0x1d, 0xda, 0x8b,
    0x71, 0xbc, 0x45, 0xf4, 0x82, 0x93, 0x33, 0x84,
    0x4c, 0xc2, 0x2, 0x18, 0x24, 0x89, 0x18, 0x1,
    0x12, 0x0, 0x1e, 0xab, 0x78, 0x0, 0x55, 0xe4,
    0x3, 0x16, 0xdc, 0x9f, 0x80, 0x24, 0xa0, 0x14,
    0x2, 0x2e, 0x60, 0x61, 0x5, 0x7e, 0xf, 0xa3,
    0x0, 0xc2, 0x66, 0x76, 0xa9, 0x30, 0x37, 0xd6,
    0x0, 0xf, 0x6b, 0x94, 0x5b, 0x0, 0x51, 0xa,
    0x0, 0xf, 0xf4, 0x1f, 0x20, 0x7, 0x36, 0x0,

    /* U+843D "落" */
    0x1, 0x19, 0xf0, 0x47, 0x72, 0x88, 0xc0, 0xe,
    0xea, 0xf, 0xbb, 0xd, 0x77, 0x40, 0xf, 0xfa,
    0x4f, 0xfd, 0xde, 0x57, 0xff, 0x0, 0x54, 0x8f,
    0xe0, 0x7c, 0x72, 0xa0, 0x1e, 0xfa, 0xb3, 0x1d,
    0xc, 0xbe, 0xfe, 0x10, 0x9, 0x7f, 0xc7, 0xe0,
    0xdf, 0xec, 0x1b, 0x10, 0x1b, 0x61, 0x4d, 0x8e,
    0xd, 0x8d, 0xb5, 0x0, 0xf, 0xd6, 0xf, 0x30,
    0xf1, 0xb1, 0x98, 0x40, 0x24, 0xce, 0x6, 0xbf,
    0xf6, 0x74, 0x57, 0x59, 0x80, 0x68, 0xe0, 0x23,
    0x9b, 0xe7, 0x4d, 0x30, 0xb, 0xfd, 0x6, 0xd1,
    0x1b, 0x19, 0x80, 0x15, 0xb, 0x80, 0xc, 0xf8,
    0x80, 0x34, 0x26, 0x80, 0x46, 0x45, 0xc0, 0x18,
    0x74, 0x40, 0x24, 0xee, 0xd2, 0x1, 0x0,

    /* U+84DD "蓝" */
    0x1, 0x19, 0xb4, 0x47, 0x6b, 0x8, 0xc0, 0x3d,
    0xd4, 0x97, 0x76, 0x29, 0xee, 0x88, 0x7f, 0xea,
    0x4f, 0xfc, 0x75, 0xff, 0x10, 0x1, 0x45, 0x40,
    0x80, 0x1d, 0xea, 0x1, 0xeb, 0x20, 0x41, 0x4,
    0x1c, 0xff, 0xa0, 0x3, 0xfa, 0x21, 0x91, 0xfe,
    0x80, 0xf, 0xcc, 0x4e, 0x52, 0x80, 0x1f, 0xe2,
    0xa0, 0x18, 0x90, 0xe, 0xf3, 0x8, 0x24, 0x40,
    0x1, 0xa8, 0x3, 0x9b, 0xb9, 0x3f, 0xdd, 0xd3,
    0x20, 0xe, 0x4e, 0xc0, 0xee, 0x1e, 0xf3, 0x80,
    0x78, 0xc0, 0x3c, 0x20, 0x20, 0x1d, 0xe6, 0x1,
    0xe1, 0x1, 0x0, 0x93, 0xdd, 0x7f, 0x47, 0xfc,
    0x59, 0xec, 0xcf, 0x40,

    /* U+8535 "蔵" */
    0xf, 0xff, 0xfe, 0x10, 0x3, 0xfe, 0xa1, 0xff,
    0xc1, 0x7b, 0xfe, 0x0, 0xe4, 0xd0, 0x8, 0x49,
    0x27, 0x4, 0x2, 0x11, 0x1, 0x8, 0xca, 0x63,
    0x20, 0xa0, 0x17, 0x77, 0xd6, 0x3d, 0xa7, 0x64,
    0x1, 0x7f, 0xfc, 0x1f, 0xf8, 0x80, 0x22, 0xfd,
    0xee, 0x6b, 0x89, 0x13, 0xc4, 0x0, 0x20, 0x2,
    0xc6, 0x9c, 0x72, 0x6a, 0x31, 0x0, 0xc6, 0x54,
    0x79, 0x87, 0x63, 0x6a, 0x0, 0x8c, 0x40, 0xae,
    0xf0, 0x64, 0x83, 0x0, 0x4c, 0x40, 0x5b, 0xdc,
    0xb1, 0x51, 0x80, 0xc, 0x6a, 0x5, 0xb3, 0x1a,
    0xd2, 0x1, 0x29, 0x5, 0xe8, 0x17, 0x4c, 0x77,
    0x8c, 0xc2, 0xcb, 0x98, 0x20, 0x27, 0x74, 0xb1,
    0x6d, 0x16, 0x2a, 0x78, 0x3, 0x60, 0x15, 0xb8,
    0x1, 0xbb, 0x40,

    /* U+85CF "藏" */
    0x1, 0x19, 0x3c, 0x47, 0x7a, 0x8, 0xc0, 0xf,
    0xfa, 0xc3, 0xff, 0x5, 0x7f, 0xc2, 0x1d, 0xd6,
    0x7, 0x76, 0xb, 0xa4, 0xf1, 0x7, 0x34, 0xf2,
    0xcc, 0xc3, 0x70, 0x9e, 0x41, 0xce, 0x21, 0xdf,
    0xf9, 0x8b, 0xf7, 0x44, 0x1, 0x99, 0x62, 0x37,
    0x81, 0xd8, 0x6, 0xba, 0xe, 0xde, 0x1a, 0x41,
    0x7, 0x10, 0x6, 0x6c, 0x80, 0x2e, 0x13, 0x58,
    0xd0, 0x48, 0xf, 0x6b, 0x4c, 0x23, 0x79, 0x84,
    0x5c, 0xe0, 0x7, 0x66, 0x28, 0x81, 0x14, 0x2e,
    0x4b, 0x40, 0x4, 0x98, 0x6f, 0xb, 0x9f, 0x11,
    0x39, 0x98, 0x2, 0xe3, 0x22, 0x5, 0xeb, 0xc0,
    0x23, 0x81, 0x8, 0x23, 0xa2, 0x2, 0xf0, 0x27,
    0x59, 0x5a, 0xd0, 0xd0, 0x50, 0x6f, 0xaa, 0x8f,
    0x71, 0x56, 0xe8, 0x72, 0x74, 0x6, 0x40, 0xc,
    0x40, 0x4d, 0xe1,

    /* U+8651 "虑" */
    0x0, 0xfa, 0x64, 0x1, 0xff, 0xc3, 0x6f, 0xfd,
    0xa0, 0x1f, 0xe6, 0xff, 0xda, 0x1, 0xbb, 0xff,
    0x33, 0x3f, 0xfb, 0x40, 0x36, 0x7f, 0xcc, 0xff,
    0xf9, 0x54, 0x1, 0xca, 0xd0, 0x8b, 0x9b, 0xa7,
    0xc9, 0x0, 0x84, 0x8, 0x35, 0x93, 0x76, 0x75,
    0x80, 0xc, 0x2e, 0xcb, 0xcd, 0x99, 0x6e, 0x8,
    0x6, 0x30, 0x9, 0x77, 0xba, 0xfe, 0x80, 0x1,
    0x0, 0x80, 0x65, 0xe0, 0x23, 0x0, 0xc2, 0x20,
    0x5a, 0x2c, 0x78, 0xf0, 0x6d, 0x0, 0x91, 0x1,
    0x3e, 0x4, 0xb, 0xc0, 0xcf, 0x20, 0xa, 0xc8,
    0x5, 0x1, 0x0, 0x1a, 0x55, 0x18, 0x8c, 0xcd,
    0x5c, 0x4, 0x4f, 0xee, 0x5e, 0x8e, 0x91, 0xf8,
    0x11, 0x0, 0x1b, 0xfd, 0xcf, 0x60, 0x20,

    /* U+865A "虚" */
    0x0, 0xfa, 0x64, 0x1, 0xff, 0xc2, 0x6e, 0xed,
    0xa0, 0x1f, 0x8d, 0xbb, 0xb6, 0x0, 0x5d, 0xff,
    0x95, 0xbf, 0xf7, 0x68, 0x5, 0x9f, 0xf3, 0x3f,
    0xf6, 0x72, 0x28, 0x6, 0x8a, 0xb7, 0x77, 0x6c,
    0x16, 0xd0, 0x0, 0x43, 0x3a, 0x51, 0xbb, 0x2c,
    0xd7, 0x80, 0x32, 0x20, 0xb9, 0x3b, 0xb6, 0xd8,
    0x4, 0x40, 0x2, 0xdd, 0x63, 0xf7, 0x4e, 0x2,
    0x0, 0xb1, 0x13, 0x80, 0xb8, 0x2d, 0x0, 0x8,
    0x4, 0xa0, 0x3, 0xd1, 0xc0, 0x4, 0x30, 0xb6,
    0x70, 0xc, 0xce, 0x80, 0xb, 0xb0, 0x16, 0xb8,
    0x6, 0x7b, 0x0, 0x11, 0xaf, 0xfb, 0x70, 0x7f,
    0x7, 0xb9, 0xfa, 0x5c, 0x5f, 0xff, 0xf6, 0x80,

    /* U+87BA "螺" */
    0x0, 0xbc, 0x0, 0x5f, 0xdc, 0xfe, 0xeb, 0x40,
    0x3f, 0xf, 0x70, 0x73, 0xa8, 0x2, 0x9a, 0xb,
    0xa0, 0x1b, 0xb0, 0xf5, 0xc8, 0x4, 0xfe, 0x3c,
    0x80, 0x35, 0x41, 0xfa, 0x80, 0xc, 0xa6, 0xa0,
    0x11, 0x98, 0x1c, 0xcc, 0x1, 0xfc, 0xb3, 0x81,
    0xf3, 0xae, 0x1, 0xf1, 0x76, 0x97, 0xcb, 0xc5,
    0x0, 0x58, 0x58, 0x20, 0x71, 0x69, 0xf0, 0x60,
    0x12, 0x68, 0x76, 0x83, 0x64, 0xf6, 0x3e, 0x8,
    0x2, 0x84, 0x6, 0x5a, 0xfc, 0x5f, 0x7c, 0xf0,
    0x40, 0x31, 0xa9, 0x75, 0x61, 0xc7, 0x5d, 0x21,
    0x3c, 0x87, 0x8, 0x6e, 0x18, 0x30, 0xd2, 0xa9,
    0xbb, 0x97, 0xf5, 0xcd, 0x40, 0x11, 0xdf, 0x82,
    0x4b, 0xa0, 0xae, 0x60, 0x40, 0x32, 0xd8, 0x80,

    /* U+884C "行" */
    0x0, 0x8f, 0x4, 0x3, 0xff, 0x80, 0x3a, 0x82,
    0x7f, 0xff, 0x50, 0x0, 0xb1, 0x60, 0xf, 0x77,
    0xeb, 0x2, 0xc6, 0xb1, 0x0, 0x11, 0x7c, 0x20,
    0x4d, 0x61, 0xb4, 0x1, 0xff, 0x40, 0x39, 0xd8,
    0x7, 0xff, 0x1, 0x22, 0x3, 0xdf, 0xff, 0x84,
    0x12, 0xc1, 0x3, 0xfb, 0xb3, 0x27, 0x70, 0x52,
    0xd4, 0x40, 0x2, 0x3f, 0xc0, 0xb1, 0x40, 0x1f,
    0xfc, 0x11, 0x70, 0xf, 0xff, 0x50, 0x91, 0x40,
    0x1f, 0xfc, 0x2, 0xdd, 0x27, 0x80, 0x7b, 0xcc,
    0x2, 0x3f, 0xf7, 0x28, 0x4,

    /* U+8861 "衡" */
    0x0, 0x2c, 0x80, 0x30, 0x40, 0x3f, 0x86, 0xf4,
    0x14, 0x84, 0x2, 0xaf, 0xf8, 0x1, 0x4e, 0x81,
    0x23, 0xfe, 0x70, 0xbe, 0xe8, 0x20, 0x25, 0x18,
    0xbb, 0x82, 0xc0, 0x23, 0x82, 0xad, 0x2e, 0x47,
    0xfc, 0x3f, 0x20, 0x1c, 0x41, 0x30, 0xeb, 0xc5,
    0xb4, 0x71, 0x33, 0x18, 0x39, 0x26, 0x3d, 0x14,
    0xc0, 0x78, 0x37, 0xa, 0x40, 0x4, 0xd0, 0x7f,
    0x60, 0xf4, 0x2e, 0x51, 0x2, 0x0, 0x9, 0xb,
    0x18, 0x7, 0xb9, 0xc0, 0xe, 0x9c, 0x79, 0x46,
    0x1, 0xc4, 0x1, 0x1f, 0x70, 0x77, 0xa4, 0x3,
    0xfb, 0x3f, 0xc3, 0x9f, 0xe1, 0x0, 0xfd, 0x9e,
    0xe0, 0xff, 0xe1, 0x0, 0xfe, 0x76, 0xd0, 0xe3,
    0x32, 0x80, 0x7d, 0x5d, 0x85, 0x16, 0x1f, 0xc,
    0x1, 0xb4, 0xea, 0x48, 0x0, 0xa7, 0x9d, 0x0,
    0x0,

    /* U+8865 "补" */
    0x0, 0xac, 0xc0, 0x32, 0xf0, 0x7, 0xef, 0xe0,
    0xf, 0xfe, 0x6, 0x62, 0x3, 0x30, 0x20, 0x1f,
    0xd1, 0x14, 0xb0, 0x88, 0x3, 0xf9, 0x12, 0x55,
    0x48, 0x4, 0x34, 0x20, 0x1f, 0x6b, 0x24, 0x8,
    0x0, 0x7d, 0x0, 0x3a, 0x4f, 0x25, 0x0, 0x3,
    0x73, 0x6e, 0x1, 0x4b, 0x5, 0xa6, 0x8, 0x4,
    0xf5, 0xc, 0x36, 0x94, 0x38, 0x6a, 0x1, 0xcb,
    0x8c, 0x0, 0xc1, 0x2, 0xd8, 0x0, 0xf1, 0x80,
    0xd8, 0x80, 0x47, 0xa0, 0x1f, 0xfe, 0xc0,

    /* U+8868 "表" */
    0x0, 0x8, 0xf5, 0x48, 0x8f, 0x0, 0x4b, 0xdd,
    0xca, 0xdd, 0xdc, 0xc0, 0x5, 0xff, 0xe5, 0x6f,
    0xfe, 0x60, 0xa, 0xbf, 0xf2, 0xb7, 0xfe, 0xc0,
    0xd, 0x5f, 0xf9, 0x5b, 0xff, 0x60, 0x4, 0x23,
    0xe0, 0x0, 0x8f, 0x80, 0x1d, 0xde, 0x56, 0xee,
    0xf0, 0x3, 0xff, 0x50, 0xc2, 0x47, 0xfd, 0x7e,
    0x1, 0x8a, 0xed, 0x4f, 0xd2, 0x0, 0x9a, 0x30,
    0x2, 0xde, 0xb2, 0x20, 0x14, 0x27, 0x43, 0x8c,
    0xe, 0xcf, 0xa8, 0x3, 0x53, 0x54, 0x80, 0x47,
    0xd0, 0x20, 0x18, 0x9d, 0xa1, 0x0, 0x3e, 0xf7,
    0xae, 0xda, 0x97, 0xb8, 0x10, 0x9, 0xf9, 0xc7,
    0x75, 0xf2, 0x11, 0x4b, 0xc6, 0x0, 0x4a, 0xfc,
    0x73, 0x0, 0xcb, 0xb6, 0x60,

    /* U+8870 "衰" */
    0x0, 0xfa, 0x60, 0x3, 0xf7, 0x77, 0x99, 0xfb,
    0xba, 0xc0, 0x1d, 0xde, 0xff, 0x77, 0x75, 0x80,
    0x69, 0xff, 0xfd, 0xa0, 0x1e, 0x38, 0xff, 0xf5,
    0x98, 0x4, 0x5d, 0xc5, 0x8e, 0xef, 0x50, 0xf7,
    0x8, 0x9f, 0xe5, 0x7f, 0xff, 0x40, 0xff, 0x88,
    0x4, 0x40, 0xdb, 0xbe, 0xb0, 0x11, 0x0, 0x6b,
    0xc5, 0x3b, 0x14, 0xef, 0xc5, 0x0, 0xe4, 0xf4,
    0xc7, 0x86, 0x30, 0xee, 0x8, 0x15, 0x7c, 0x8a,
    0x18, 0x2a, 0xb3, 0xe6, 0xc4, 0xb, 0x37, 0x10,
    0x3, 0x50, 0x89, 0xc0, 0x33, 0x2, 0x9a, 0x67,
    0x7b, 0x62, 0xec, 0xa0, 0x4, 0x92, 0x55, 0x19,
    0xee, 0x13, 0x87, 0x44, 0x0, 0x6c, 0x97, 0x42,
    0x0, 0xc7, 0x5c, 0x40,

    /* U+88AB "被" */
    0x0, 0xbc, 0x40, 0x39, 0x38, 0x3, 0xff, 0x92,
    0x68, 0xa, 0x61, 0x57, 0x68, 0x1b, 0xb9, 0x4b,
    0xa4, 0xab, 0x5, 0x33, 0x90, 0x3b, 0x88, 0x25,
    0xbb, 0x3b, 0x8, 0x2a, 0xb0, 0x55, 0x85, 0x0,
    0x23, 0x7a, 0x31, 0x61, 0x10, 0x8, 0x58, 0x4,
    0x5a, 0xd0, 0xe1, 0x7d, 0x43, 0xd9, 0xc0, 0x2,
    0xc1, 0x62, 0x40, 0x73, 0xff, 0x8f, 0x41, 0x36,
    0x42, 0x9d, 0x2, 0x4d, 0x0, 0xcc, 0xe0, 0xd6,
    0xe0, 0xb4, 0x4, 0x31, 0x23, 0xce, 0x20, 0x48,
    0x1, 0x21, 0xb0, 0x3b, 0x78, 0xc0, 0x7, 0xeb,
    0xd0, 0x10, 0x10, 0x10, 0xf, 0x90, 0xd1, 0xfc,
    0x35, 0xfd, 0xc4, 0x3, 0x8e, 0x1e, 0xee, 0x2b,
    0xb5, 0x20, 0x5, 0xe2, 0xee, 0x5c, 0x50, 0x9,
    0x75, 0x40,

    /* U+88C5 "装" */
    0x1, 0x0, 0x5b, 0x0, 0x6e, 0x30, 0xe, 0x8c,
    0x10, 0x0, 0x8f, 0x30, 0x8c, 0x0, 0x9b, 0x60,
    0x5, 0x77, 0x41, 0x5d, 0xd1, 0x80, 0x1d, 0xc0,
    0xb, 0xff, 0x87, 0x3f, 0xe3, 0x3, 0xad, 0x0,
    0xff, 0xe0, 0x1f, 0x66, 0x80, 0xf, 0x76, 0x1d,
    0xda, 0x40, 0xf5, 0x80, 0x23, 0xee, 0xb3, 0x7b,
    0x96, 0x1, 0xdc, 0xa1, 0x34, 0x67, 0xc4, 0x5,
    0xdd, 0x5e, 0xf2, 0xb7, 0x77, 0x88, 0x9d, 0xd7,
    0xb9, 0xd9, 0xcf, 0x73, 0x1f, 0x88, 0x5, 0x6b,
    0x8b, 0x53, 0xa1, 0x63, 0xf0, 0x0, 0x5f, 0xf2,
    0x98, 0x0, 0xae, 0x93, 0x54, 0x0, 0x5d, 0x48,
    0x6, 0xf3, 0x6f, 0x63, 0x88, 0x1, 0x9f, 0x9c,
    0x3b, 0xfc, 0x69, 0xb7, 0x3e, 0x40, 0x7, 0xfd,
    0xb9, 0x64, 0x0, 0x9f, 0x74, 0x40,

    /* U+88DC "補" */
    0x0, 0xf, 0x80, 0x7b, 0x8e, 0x98, 0x3, 0xff,
    0x85, 0x79, 0x0, 0x3, 0x50, 0x31, 0xbd, 0xd8,
    0x77, 0x1d, 0x44, 0xb6, 0x87, 0x2e, 0x7f, 0xe1,
    0xbf, 0xf8, 0x4b, 0xba, 0x39, 0x36, 0x68, 0x9,
    0x98, 0x20, 0x19, 0x9c, 0x9e, 0xff, 0xc3, 0x7f,
    0x30, 0x1, 0xc, 0x66, 0xf1, 0xdd, 0x87, 0xee,
    0xc0, 0x1a, 0x86, 0x6f, 0x4f, 0xb8, 0x39, 0xd2,
    0x1, 0x50, 0x2, 0xec, 0x66, 0xee, 0xd, 0xf4,
    0x80, 0x15, 0xa8, 0x12, 0x8c, 0x3, 0xf9, 0x70,
    0x40, 0x58, 0xf, 0xfc, 0x37, 0xf2, 0x1, 0xfc,
    0x7f, 0xe1, 0xcf, 0x90, 0xf, 0xfe, 0x18, 0x80,
    0x7f, 0xf0, 0xc, 0x2a, 0x30, 0x0,

    /* U+88FD "製" */
    0x0, 0x8, 0x8, 0x80, 0x3f, 0xe1, 0xf3, 0x89,
    0x11, 0x2, 0x60, 0x3, 0x14, 0x1, 0x21, 0xee,
    0xdb, 0xa4, 0x0, 0xfc, 0x73, 0x25, 0x49, 0x90,
    0x80, 0x7c, 0x3a, 0x26, 0x2, 0x67, 0x0, 0x7c,
    0x25, 0x54, 0x55, 0x55, 0x0, 0x3f, 0x85, 0x71,
    0x99, 0x88, 0x2b, 0x0, 0x1f, 0xf3, 0x28, 0x89,
    0xd, 0x8, 0x2, 0x7d, 0x0, 0x7a, 0x29, 0x80,
    0x2a, 0x84, 0x80, 0x39, 0x5c, 0xd3, 0x8f, 0x5d,
    0xc7, 0x2, 0xf0, 0x1e, 0xeb, 0x18, 0x20, 0xe7,
    0xb9, 0x69, 0xe0, 0x1, 0x59, 0xd5, 0xf7, 0xf8,
    0x4a, 0x99, 0x8, 0xf, 0xfb, 0x19, 0xc4, 0xe,
    0x6c, 0xf0, 0xc0, 0x3, 0xd4, 0xe6, 0xf3, 0x9c,
    0x74, 0xf6, 0xa2, 0x1, 0xbc, 0x57, 0xfd, 0xca,
    0xae, 0xc9, 0xc0, 0xd, 0xb7, 0xc, 0x60, 0x19,
    0xf3, 0x40,

    /* U+8907 "複" */
    0x0, 0xff, 0xe3, 0x17, 0x0, 0x49, 0xc0, 0x1f,
    0xfc, 0x28, 0x3a, 0xaf, 0x10, 0xb2, 0x8b, 0x1c,
    0x7, 0x4c, 0xf8, 0x8f, 0xf9, 0xae, 0x98, 0x3b,
    0xbc, 0x20, 0x53, 0x28, 0x38, 0xf1, 0x9d, 0xdc,
    0x62, 0x1, 0xa1, 0xc8, 0x42, 0x73, 0x30, 0x80,
    0x62, 0x6c, 0xf1, 0x9, 0xcc, 0xc2, 0x1, 0xb8,
    0x2a, 0x45, 0xa7, 0xfb, 0x74, 0x62, 0x0, 0xa2,
    0x7, 0xd0, 0xb4, 0x1e, 0xdd, 0x88, 0x19, 0xf4,
    0x20, 0x42, 0x18, 0x3b, 0x9f, 0xc0, 0x6, 0xc2,
    0x0, 0x5e, 0x20, 0xc7, 0x68, 0xd8, 0x4, 0x20,
    0x11, 0xd6, 0x62, 0xed, 0x96, 0xa0, 0x1f, 0xa,
    0xbc, 0x98, 0xf, 0xa9, 0x0, 0x79, 0x77, 0x6f,
    0xbf, 0xce, 0xc3, 0x0, 0xf, 0x82, 0xf5, 0x30,
    0x80, 0xb5, 0xf1, 0x80,

    /* U+8981 "要" */
    0xb, 0xff, 0xff, 0xe0, 0x80, 0x2f, 0xfe, 0x93,
    0xff, 0x33, 0x3f, 0xf0, 0x4, 0x23, 0x0, 0x8c,
    0x60, 0x23, 0x0, 0x6f, 0xfa, 0xb, 0xfc, 0xad,
    0xfe, 0xe6, 0x0, 0xdb, 0xd6, 0x7d, 0xc6, 0x7e,
    0xe1, 0x80, 0x73, 0x80, 0x78, 0x40, 0x3e, 0x3a,
    0xeb, 0x3f, 0xe7, 0x77, 0x70, 0x8c, 0x2, 0xde,
    0xe6, 0x8d, 0xf7, 0x79, 0x40, 0x7b, 0xb6, 0xd,
    0x77, 0x7c, 0xc3, 0xff, 0x29, 0xf7, 0xfd, 0x3,
    0x9f, 0xe6, 0x1, 0x12, 0x24, 0x62, 0x22, 0x99,
    0x10, 0x88, 0x3, 0x63, 0x97, 0xfb, 0x30, 0xac,
    0x1, 0xe1, 0xbc, 0x21, 0x7, 0x64, 0xfa, 0x50,
    0xa, 0xbb, 0x20, 0x6b, 0xae, 0x7b, 0xa, 0xe8,
    0x1, 0x5f, 0xd9, 0x2c, 0x20, 0x11, 0xc7, 0x50,
    0x0,

    /* U+8986 "覆" */
    0xc, 0xdd, 0xbb, 0xf7, 0x5f, 0xdb, 0xb8, 0x1,
    0x9b, 0xb4, 0xb6, 0xe9, 0x23, 0x77, 0x0, 0xb,
    0xf3, 0x12, 0xf9, 0x84, 0x8c, 0xc7, 0x98, 0x6,
    0x99, 0x22, 0xcc, 0x89, 0xe6, 0x42, 0x1, 0x15,
    0x7e, 0x7e, 0xd9, 0xc6, 0x0, 0x2c, 0x80, 0x21,
    0x4a, 0x5f, 0x1b, 0x88, 0xf0, 0x1, 0xaa, 0xd9,
    0xa8, 0xbb, 0xe8, 0x90, 0x1a, 0xce, 0x89, 0x3d,
    0x22, 0xc3, 0x20, 0x1, 0xcb, 0x5c, 0xe4, 0x7e,
    0xed, 0x80, 0x10, 0xe3, 0x90, 0x8b, 0x99, 0x80,
    0x66, 0x16, 0x0, 0xae, 0x80, 0x27, 0x13, 0x0,
    0xde, 0x0, 0x17, 0x0, 0xab, 0x59, 0x66, 0x8d,
    0xd0, 0x3, 0xeb, 0xcf, 0x1c, 0xc3, 0xc8, 0x7,
    0xed, 0xd4, 0x66, 0x36, 0x32, 0xb4, 0x80, 0x9,
    0x81, 0x9b, 0x6e, 0x64, 0xb1, 0x7a, 0x40,

    /* U+898B "見" */
    0x0, 0xbf, 0xff, 0xc2, 0x1, 0xed, 0xff, 0xf6,
    0x80, 0x7f, 0xf3, 0x37, 0xff, 0xda, 0x1, 0xfb,
    0xbf, 0xfd, 0xc0, 0x1f, 0x91, 0x3f, 0x0, 0x7e,
    0x9f, 0xff, 0x48, 0x7, 0xed, 0xbb, 0xf6, 0x80,
    0x7e, 0xef, 0xff, 0x70, 0x7, 0xdd, 0xa1, 0x5d,
    0xc0, 0xae, 0xe0, 0x80, 0x70, 0xb0, 0x28, 0x88,
    0x18, 0x44, 0x4, 0x1, 0x86, 0x9c, 0x3, 0xf7,
    0x28, 0x14, 0x72, 0xc0, 0x6, 0x52, 0x2c, 0xc5,
    0xa7, 0x56, 0x1, 0x9a, 0x77, 0x65, 0x32, 0xfb,
    0x50, 0xe, 0x9f, 0xfd, 0x60,

    /* U+898F "規" */
    0x0, 0xa9, 0xc0, 0xb, 0xff, 0xe5, 0x0, 0xfe,
    0x2e, 0xec, 0xa0, 0x16, 0x61, 0x27, 0x24, 0x0,
    0x23, 0x8c, 0x2, 0xaa, 0x12, 0xd6, 0x81, 0x7f,
    0xe6, 0x0, 0x99, 0xac, 0x64, 0x2, 0xff, 0xcc,
    0x1, 0x8, 0x83, 0xc4, 0x40, 0x71, 0x19, 0x0,
    0x9, 0xdc, 0x57, 0xee, 0x0, 0x3b, 0xb0, 0x80,
    0x13, 0xfc, 0x73, 0xfe, 0x3, 0x66, 0xca, 0x1,
    0xc3, 0x42, 0x0, 0x2f, 0xfc, 0xc0, 0x18, 0x49,
    0xb4, 0x17, 0x43, 0x24, 0xb9, 0x40, 0x27, 0x4a,
    0xa, 0x7, 0x13, 0x30, 0x88, 0x3, 0x47, 0x6,
    0x90, 0x4b, 0x0, 0x6b, 0x30, 0xa3, 0x50, 0x19,
    0xb0, 0x80, 0x0, 0x83, 0x9, 0x3f, 0x80, 0xf,
    0x87, 0x40, 0xe, 0x7e, 0x4, 0x4d, 0x20, 0x1,
    0xf5, 0x8, 0x0, 0xbb, 0xf4, 0x0,

    /* U+8996 "視" */
    0x0, 0xb8, 0xc0, 0x1b, 0xff, 0xe1, 0x0, 0xfe,
    0xbf, 0xfc, 0x1, 0x14, 0x40, 0x66, 0x0, 0x3f,
    0xe2, 0x22, 0x8b, 0x88, 0x5f, 0x75, 0xe0, 0x11,
    0x55, 0x44, 0xe2, 0x17, 0xdd, 0x78, 0x7, 0x95,
    0xa4, 0x0, 0x23, 0x88, 0x3, 0x8e, 0x90, 0x40,
    0x17, 0x99, 0x78, 0x6, 0x3c, 0x6, 0xa0, 0x5,
    0x6e, 0xe0, 0x9, 0xf2, 0x46, 0x46, 0x2, 0xb7,
    0x6e, 0x0, 0x8b, 0x18, 0x1e, 0xe3, 0x11, 0xf0,
    0xeb, 0x84, 0x14, 0xc0, 0x38, 0x5f, 0x4, 0x18,
    0x40, 0x3f, 0x94, 0x9c, 0x3, 0x49, 0x0, 0x79,
    0x6a, 0x44, 0x0, 0x20, 0x80, 0x1e, 0x48, 0xa6,
    0x0, 0x26, 0x78, 0x90, 0x5, 0xe6, 0x9a, 0xa0,
    0x15, 0x7f, 0xb0, 0x0,

    /* U+899A "覚" */
    0x0, 0xf1, 0x98, 0x3, 0x18, 0x6, 0x8b, 0x0,
    0x36, 0x80, 0x4f, 0xc0, 0x1a, 0x55, 0x1, 0x49,
    0x40, 0xe3, 0x80, 0x2c, 0xe1, 0xbf, 0xf1, 0xd7,
    0xe0, 0x67, 0xa0, 0xd, 0x7f, 0xff, 0x88, 0x2,
    0x1a, 0xcc, 0xfc, 0x60, 0x17, 0x2b, 0x4e, 0x67,
    0x88, 0x39, 0x40, 0xc4, 0x23, 0x33, 0xc2, 0x6,
    0x20, 0x1a, 0x33, 0x3c, 0x20, 0x1f, 0x46, 0x67,
    0x84, 0x3, 0xe8, 0xcc, 0xf0, 0x80, 0x79, 0xa7,
    0xb7, 0x37, 0xf0, 0xc0, 0x3d, 0x5e, 0x3d, 0x98,
    0xc, 0xd3, 0x25, 0x1, 0x38, 0xc7, 0x30, 0x8,
    0xc4, 0x4b, 0x27, 0xdc, 0x1c, 0x80, 0x0, 0x9e,
    0x77, 0x22, 0x4f, 0xf6, 0x4c, 0x3, 0x67, 0xfe,
    0x50,

    /* U+89A7 "覧" */
    0x0, 0xff, 0x38, 0x7, 0x97, 0xf3, 0xf7, 0x30,
    0x29, 0x40, 0x1f, 0x1e, 0x94, 0xee, 0x87, 0xcb,
    0x77, 0x18, 0x0, 0xad, 0xfa, 0xbd, 0x16, 0x62,
    0x31, 0x0, 0x46, 0x6, 0x27, 0x94, 0xca, 0xb8,
    0x40, 0x7, 0x4f, 0xf3, 0xd2, 0x5f, 0xfb, 0x0,
    0xc, 0x94, 0x9f, 0x54, 0x26, 0xff, 0xd8, 0x0,
    0x39, 0x2, 0x2d, 0x17, 0x76, 0x8, 0x7, 0x2e,
    0xff, 0xfc, 0x60, 0x1f, 0x71, 0x17, 0x8c, 0x3,
    0xf2, 0x6e, 0xfb, 0x0, 0x3f, 0x7d, 0xdf, 0xc0,
    0x1f, 0x24, 0x77, 0xdd, 0xbf, 0x2d, 0x0, 0x3d,
    0x38, 0x33, 0x76, 0x18, 0xbb, 0xe, 0x18, 0x5f,
    0x67, 0x63, 0x0, 0x1e, 0xff, 0xe0, 0x30, 0xae,
    0xd9, 0x30, 0xa, 0x7f, 0xf6, 0x0,

    /* U+89B3 "観" */
    0x0, 0x32, 0x0, 0x7f, 0xf0, 0xa0, 0x3, 0xa3,
    0xff, 0x98, 0x0, 0xc3, 0x7f, 0xf5, 0x83, 0xff,
    0xcc, 0x0, 0x18, 0xa9, 0x3f, 0xf5, 0x80, 0x70,
    0x80, 0x48, 0x3a, 0xa6, 0x70, 0x3f, 0x74, 0xe0,
    0x3, 0x18, 0x42, 0x88, 0x85, 0xb3, 0x25, 0x0,
    0x15, 0x84, 0x5a, 0xd5, 0x89, 0xbb, 0xc2, 0x1,
    0x41, 0xd7, 0xe, 0x58, 0x36, 0x64, 0xc0, 0x4,
    0x70, 0xdb, 0x4d, 0xb0, 0x49, 0x99, 0x40, 0x9,
    0x81, 0xb6, 0x9a, 0xe0, 0xd7, 0x73, 0x0, 0x46,
    0x1b, 0x69, 0xaf, 0x68, 0x18, 0x96, 0x80, 0x1b,
    0x6d, 0x35, 0xcc, 0x75, 0x85, 0x48, 0x3, 0x6d,
    0xa6, 0xb9, 0x22, 0x0, 0x2a, 0x20, 0xb, 0xa9,
    0x3b, 0x79, 0x88, 0x4, 0x18, 0x3, 0x77, 0xfc,
    0x4f, 0x20, 0x21, 0xa4, 0x40, 0x7, 0x80, 0x43,
    0xb6, 0x1, 0x77, 0xf8, 0x0,

    /* U+89C1 "见" */
    0x0, 0x17, 0xff, 0xf8, 0x40, 0x3d, 0x79, 0x9e,
    0xa0, 0xf, 0xca, 0x66, 0x12, 0x33, 0x38, 0x7,
    0xfd, 0xcc, 0x1, 0xff, 0xc2, 0x11, 0x0, 0x7f,
    0xf0, 0x8c, 0xc0, 0x1f, 0xfc, 0x21, 0x10, 0x7,
    0xff, 0x4, 0x81, 0x40, 0x3f, 0xf8, 0x28, 0x4c,
    0x80, 0x1f, 0x8b, 0x44, 0x35, 0x70, 0xc0, 0xb4,
    0x40, 0x38, 0x81, 0x11, 0x60, 0x18, 0x83, 0x4,
    0x3, 0x1d, 0x39, 0x80, 0x78, 0xc4, 0x0, 0x55,
    0x8d, 0x0, 0xe, 0x11, 0x94, 0x40, 0x1b, 0xa1,
    0xc8, 0x0, 0x73, 0xf7, 0x55, 0x0, 0xe, 0xe5,
    0x98, 0x4, 0xbd, 0xff, 0x98, 0x0,

    /* U+89C2 "观" */
    0x12, 0x2c, 0x61, 0xbf, 0xfe, 0x30, 0x4d, 0xdd,
    0x86, 0x15, 0xdd, 0x80, 0x25, 0xff, 0xb8, 0xc,
    0x4, 0x44, 0x22, 0x0, 0xc8, 0x0, 0x41, 0x0,
    0xd8, 0x40, 0x18, 0x69, 0x43, 0x14, 0x3, 0xfc,
    0x31, 0x62, 0xb8, 0x1, 0xff, 0x32, 0xd1, 0xa8,
    0x7, 0x18, 0x7, 0xa9, 0x8, 0x80, 0x11, 0x0,
    0x80, 0x78, 0x48, 0xc0, 0x16, 0xce, 0x28, 0x10,
    0x40, 0x12, 0x99, 0x38, 0x31, 0x7a, 0x48, 0x38,
    0x80, 0x51, 0x9, 0x90, 0x1, 0x11, 0xe0, 0x14,
    0x8, 0x50, 0x32, 0xb8, 0xd, 0x40, 0x80, 0x48,
    0x6c, 0xbe, 0x0, 0x93, 0xf6, 0x60, 0x6, 0x23,
    0x7b, 0x20, 0x1, 0xe4, 0x40, 0x14, 0x7b, 0x88,
    0x22, 0x40, 0x8, 0xf9, 0x80, 0x3, 0x9d, 0xca,
    0x0,

    /* U+89C6 "视" */
    0x0, 0x13, 0x80, 0x7f, 0xf0, 0x8e, 0x58, 0x1,
    0xdf, 0xfe, 0x40, 0x8, 0x6f, 0x80, 0x2b, 0xff,
    0xc2, 0x0, 0x1e, 0xe5, 0xb6, 0x88, 0x38, 0x30,
    0x80, 0x61, 0xdd, 0x98, 0x44, 0x1, 0x41, 0x0,
    0x71, 0x98, 0x9a, 0x0, 0x3f, 0xf8, 0x36, 0x48,
    0x1, 0xff, 0xc0, 0x75, 0x0, 0xf0, 0x88, 0x3,
    0x9e, 0x0, 0x12, 0x1, 0x8, 0x10, 0x6, 0x48,
    0x90, 0xf4, 0x39, 0x15, 0x5, 0x9, 0x60, 0x4d,
    0x60, 0x1d, 0x37, 0x2e, 0x1e, 0x7, 0x20, 0x1,
    0x0, 0x78, 0xd2, 0x40, 0x28, 0x10, 0xf, 0x87,
    0xac, 0x80, 0x25, 0x30, 0xf, 0x1e, 0x52, 0x83,
    0x80, 0xc, 0x80, 0x38, 0x7a, 0x5c, 0x1c, 0x7b,
    0x8e, 0x1, 0xbc, 0x87, 0x50, 0x0, 0x5b, 0xdc,
    0x90,

    /* U+89C8 "览" */
    0x0, 0xfc, 0x20, 0x1c, 0x5e, 0x0, 0xe3, 0x0,
    0x7a, 0x80, 0x7f, 0xc8, 0x35, 0xff, 0x60, 0x7,
    0xd1, 0xa, 0x7e, 0xe6, 0x80, 0x79, 0xc5, 0xd9,
    0xd8, 0x44, 0x6e, 0x1, 0x97, 0xc0, 0xe6, 0xc,
    0x6, 0x0, 0x4, 0x4, 0x40, 0x3, 0x39, 0x80,
    0x5b, 0xe7, 0x9f, 0xfc, 0xe2, 0x1, 0xaf, 0xfd,
    0x9b, 0xfe, 0xd0, 0xf, 0xe9, 0xa0, 0xf, 0xfe,
    0x3, 0x78, 0x7, 0xfc, 0x66, 0xba, 0x0, 0xfb,
    0x50, 0xf9, 0x90, 0x0, 0x5e, 0xa, 0x2, 0xb7,
    0x95, 0x20, 0x20, 0x12, 0x4c, 0xba, 0x73, 0x9c,
    0x31, 0x7f, 0xea, 0xa4, 0x76, 0x38, 0x80, 0x13,
    0xbf, 0xf3, 0x0,

    /* U+89C9 "觉" */
    0x0, 0x84, 0x0, 0x6a, 0x1, 0xa, 0x80, 0x66,
    0xf1, 0x0, 0x50, 0x80, 0x22, 0x40, 0x33, 0x25,
    0x81, 0xab, 0x2, 0x37, 0x0, 0x57, 0x8e, 0xec,
    0xc3, 0xde, 0x50, 0xf6, 0x20, 0x32, 0x4c, 0xa2,
    0x13, 0x10, 0xaa, 0x41, 0x88, 0x3, 0x51, 0x3f,
    0xc2, 0x0, 0x87, 0xef, 0xff, 0xcb, 0xe, 0xa,
    0x41, 0x5f, 0xeb, 0xdf, 0xf0, 0x83, 0x10, 0x6,
    0x10, 0x5, 0x30, 0x7, 0xff, 0x4, 0x40, 0x3f,
    0xf8, 0x22, 0x0, 0x10, 0xf, 0xc8, 0xe1, 0x7,
    0x90, 0xa, 0x20, 0x1d, 0x46, 0xed, 0xe0, 0x15,
    0xa1, 0xa0, 0x4, 0xdb, 0x58, 0x60, 0x60, 0x15,
    0x68, 0x57, 0xd5, 0xe9, 0x86, 0x27, 0xfc, 0xf4,
    0x11, 0xb8, 0xc0, 0x12, 0x77, 0xfd, 0xc6,

    /* U+89D2 "角" */
    0x0, 0xec, 0x60, 0xf, 0xf9, 0xce, 0x7f, 0xed,
    0x0, 0xf1, 0xc5, 0xff, 0xc6, 0xa0, 0x1c, 0x3a,
    0xc8, 0x0, 0x52, 0x90, 0xc, 0x58, 0x2d, 0xff,
    0x50, 0xf7, 0xfb, 0x83, 0x9c, 0x2b, 0xb9, 0x43,
    0xdd, 0x50, 0x3, 0x28, 0x58, 0x44, 0xc0, 0x23,
    0x30, 0x7, 0x76, 0x63, 0x87, 0x32, 0xe0, 0xc,
    0x37, 0xfe, 0xb0, 0xff, 0xac, 0x3, 0x90, 0xcc,
    0xa2, 0x67, 0x28, 0x4, 0x60, 0x1, 0x13, 0x80,
    0x8c, 0xc0, 0x15, 0x86, 0xf7, 0x2c, 0x7b, 0xaa,
    0x0, 0xb, 0x3f, 0xff, 0xec, 0x0, 0x68, 0x40,
    0x7, 0x9, 0x11, 0x40, 0x83, 0xc0, 0x3c, 0x9b,
    0xa8, 0x92, 0xc1, 0x0, 0xf2, 0xff, 0xb9, 0xc0,

    /* U+89E3 "解" */
    0x0, 0xd, 0x80, 0x7f, 0xf0, 0x9d, 0x40, 0x35,
    0x7f, 0xf8, 0x40, 0x1a, 0x3f, 0xea, 0xa, 0xf1,
    0xef, 0xf0, 0x4, 0x49, 0x9a, 0x10, 0x0, 0x32,
    0x10, 0x10, 0x10, 0x90, 0xb9, 0x2a, 0x70, 0x8b,
    0x0, 0x28, 0x80, 0xa8, 0x6a, 0xc7, 0x4d, 0xbb,
    0x97, 0x6d, 0x80, 0x7c, 0x54, 0xd5, 0xc3, 0xe8,
    0x72, 0x3a, 0x0, 0x21, 0xc2, 0xcc, 0x2, 0x40,
    0xa0, 0x88, 0x3, 0xf, 0xf, 0xf0, 0x18, 0xf9,
    0x5f, 0xf9, 0x0, 0xc0, 0x8c, 0xc4, 0x11, 0x3c,
    0x55, 0xdc, 0x40, 0x11, 0x79, 0x7f, 0x6, 0xb0,
    0x80, 0x8c, 0x0, 0x74, 0xff, 0xb8, 0x2f, 0xfc,
    0x57, 0xfe, 0x80, 0x33, 0x0, 0x76, 0x77, 0xa,
    0xbb, 0x92, 0x17, 0x80, 0x11, 0x80, 0x8c, 0x2,
    0x3c, 0xe8, 0xd, 0xfa, 0xc0, 0x1f, 0x86, 0xc0,
    0xd, 0xfe, 0x80, 0xb, 0x50, 0x2,

    /* U+89E6 "触" */
    0x0, 0xff, 0xe3, 0xf, 0x0, 0x7d, 0xe4, 0x1,
    0xcc, 0x3f, 0xe3, 0x0, 0xff, 0xaa, 0xf8, 0x4c,
    0x3, 0x84, 0x3, 0x31, 0xb4, 0x39, 0x6, 0xff,
    0x83, 0x3f, 0xc0, 0x32, 0x3c, 0xcb, 0xa8, 0x17,
    0xe1, 0xbc, 0x0, 0x1b, 0x1c, 0x2c, 0x40, 0x3,
    0x80, 0x7c, 0xa3, 0xa5, 0xa8, 0x1, 0xff, 0xe,
    0x96, 0xa0, 0x2, 0xd4, 0x15, 0xc0, 0x3f, 0xce,
    0x92, 0x17, 0x46, 0x0, 0x21, 0xf2, 0xf4, 0xa,
    0xcc, 0x7, 0x7e, 0x0, 0x1d, 0x3f, 0xe4, 0x0,
    0xf4, 0x30, 0x0, 0xcc, 0x1, 0xfc, 0x3d, 0x0,
    0xb, 0xc0, 0x9, 0xce, 0xf3, 0x83, 0x20, 0x10,
    0x5d, 0x1, 0xfc, 0x53, 0x63, 0x3b, 0xf6, 0x4c,
    0x6c, 0x0, 0xff, 0xa6, 0xc8, 0x42, 0x0, 0x77,
    0x0,

    /* U+8A00 "言" */
    0x0, 0x9b, 0xff, 0xf3, 0x80, 0x79, 0xbf, 0xff,
    0x38, 0x6, 0x22, 0xff, 0xe1, 0x0, 0xff, 0xff,
    0xf0, 0x8c, 0x77, 0x7f, 0xf8, 0x46, 0x1, 0x4f,
    0x77, 0xea, 0x0, 0xf4, 0xf7, 0x7e, 0xa0, 0xf,
    0x57, 0xff, 0xea, 0x0, 0xf5, 0x7f, 0xfe, 0xa0,
    0xf, 0x67, 0xff, 0xed, 0x0, 0xf0, 0xcf, 0x77,
    0xa4, 0x3, 0xf1, 0x88, 0xf8, 0xc0, 0x3f, 0x11,
    0x9f, 0x88, 0x3, 0xf5, 0x7f, 0xfa, 0x80, 0x30,

    /* U+8A08 "計" */
    0x8, 0xff, 0xca, 0x1, 0x27, 0x0, 0x74, 0x7f,
    0xe5, 0x0, 0xfe, 0x5e, 0xef, 0x0, 0x7f, 0x2f,
    0x77, 0x80, 0x3f, 0xd1, 0x99, 0x90, 0x8b, 0x1,
    0x14, 0x21, 0x3d, 0xd9, 0x77, 0x69, 0x1d, 0xda,
    0x40, 0xc4, 0x70, 0x5d, 0xce, 0x17, 0x75, 0x2,
    0xc4, 0x65, 0x44, 0xb0, 0x51, 0x22, 0x7, 0xaa,
    0xc8, 0x1, 0xfe, 0xae, 0xff, 0x72, 0x0, 0x7f,
    0xd3, 0xdc, 0x40, 0xf, 0xfe, 0x84, 0x6e, 0x90,
    0x3, 0xfe, 0x29, 0xff, 0x6a, 0x0, 0x7f, 0x0,

    /* U+8A18 "記" */
    0x8, 0xff, 0xcc, 0x9f, 0xfe, 0x50, 0x1a, 0xdd,
    0xc8, 0x8d, 0xde, 0x10, 0x2, 0x66, 0x78, 0x8,
    0xb8, 0xc0, 0xb, 0xdd, 0xe0, 0xf, 0xf4, 0x66,
    0x64, 0x0, 0xff, 0x4f, 0x76, 0x40, 0x66, 0xe3,
    0x0, 0x8c, 0x47, 0x8a, 0x67, 0x84, 0x2, 0x58,
    0x8c, 0xa0, 0xf, 0xfc, 0x60, 0x13, 0xd5, 0x64,
    0x0, 0xf6, 0x28, 0x2, 0xbb, 0xfd, 0xc8, 0x1,
    0xff, 0x4f, 0x71, 0x0, 0x3f, 0x30, 0x7, 0xff,
    0xe, 0x44, 0x1, 0x1b, 0xa4, 0x3, 0x4, 0x22,
    0x98, 0x4, 0x0, 0xdf, 0xed, 0x41, 0x5b, 0xdd,
    0xa6, 0x40,

    /* U+8A2D "設" */
    0x0, 0xff, 0xe2, 0xaf, 0xfe, 0x50, 0xef, 0xfc,
    0x60, 0x12, 0xff, 0xe5, 0x0, 0x67, 0xf8, 0x3,
    0x17, 0x77, 0x68, 0x8, 0x80, 0x2, 0x2, 0x65,
    0xdd, 0xda, 0x60, 0x40, 0x19, 0x60, 0x17, 0x33,
    0x2f, 0xa0, 0x4, 0x7d, 0x46, 0xb, 0xdd, 0x8c,
    0xa4, 0x2, 0xce, 0xd8, 0x1, 0x1e, 0x78, 0x64,
    0x49, 0x5c, 0x40, 0xb, 0x11, 0x97, 0x66, 0x51,
    0x15, 0xd8, 0x0, 0x95, 0x59, 0x2c, 0x23, 0x31,
    0xe1, 0x60, 0x6, 0xef, 0xf7, 0x28, 0x45, 0x88,
    0x7b, 0x10, 0x4, 0xdd, 0xc4, 0x0, 0x2b, 0xed,
    0x4, 0x80, 0x7f, 0xda, 0x6b, 0x40, 0x1c, 0xdb,
    0xa4, 0x35, 0xbb, 0x45, 0x46, 0x30, 0x80, 0x17,
    0xfd, 0xa1, 0x45, 0xae, 0xbe, 0x90, 0xc0, 0xd4,
    0x45, 0x37, 0xc9, 0x0, 0x6, 0x39, 0xc0,

    /* U+8A31 "許" */
    0x0, 0xfc, 0x2e, 0x1, 0xf4, 0x7f, 0xe5, 0x6,
    0x90, 0xf, 0xa3, 0xff, 0x28, 0x5b, 0x80, 0x79,
    0x33, 0x3c, 0x66, 0x6f, 0xfe, 0x15, 0xff, 0xf9,
    0x3e, 0x87, 0xfe, 0x11, 0x5f, 0xfe, 0x93, 0x90,
    0x10, 0xf, 0x4f, 0x76, 0xba, 0x20, 0xf, 0xc6,
    0x23, 0x81, 0x40, 0x3f, 0x96, 0x23, 0x3f, 0xfd,
    0x63, 0xff, 0x30, 0x3d, 0x56, 0x6d, 0xda, 0x47,
    0x76, 0x70, 0xae, 0xff, 0x72, 0x11, 0x60, 0x22,
    0x84, 0x1, 0x3d, 0xc4, 0x0, 0xff, 0xe8, 0x46,
    0xe9, 0x0, 0x3f, 0xe2, 0x9f, 0xf6, 0xa0, 0x7,
    0xf0,

    /* U+8A3A "診" */
    0x5, 0xff, 0xc6, 0x0, 0x1d, 0xc1, 0x0, 0xcb,
    0xff, 0x8c, 0x1, 0x51, 0xd, 0x0, 0x8b, 0xbb,
    0xac, 0x6c, 0xd5, 0x2f, 0x8, 0xb, 0xbb, 0xbf,
    0xc7, 0x0, 0xcf, 0x7a, 0xc0, 0xb9, 0x9b, 0xee,
    0x2, 0xa8, 0xf, 0x66, 0xb, 0xdd, 0xad, 0x42,
    0x9f, 0x40, 0x8, 0xa0, 0x23, 0xe2, 0xd1, 0xc1,
    0x74, 0x0, 0x96, 0x23, 0x11, 0xdd, 0x86, 0x2d,
    0x0, 0x24, 0xaa, 0xc6, 0x2c, 0x56, 0x78, 0x4,
    0x0, 0x6e, 0xff, 0x72, 0xd, 0x66, 0xd8, 0x4f,
    0x80, 0x4d, 0xdc, 0x30, 0x1c, 0xe6, 0x9, 0x7f,
    0x0, 0xfe, 0x60, 0x4d, 0x4c, 0x20, 0x9, 0xb7,
    0x46, 0x2, 0xd9, 0x6b, 0xa4, 0x1, 0x97, 0xfd,
    0xab, 0x96, 0x9d, 0x0, 0x1c, 0xd4, 0x45, 0xe,
    0x6c, 0x8, 0x7, 0x0,

    /* U+8A3C "証" */
    0x4, 0xff, 0xc3, 0x9f, 0xff, 0x28, 0x27, 0xfe,
    0x1d, 0xdb, 0x3, 0x37, 0x4a, 0x5d, 0xdd, 0x22,
    0x45, 0x1, 0x14, 0x5, 0xdd, 0xd2, 0x1, 0xfe,
    0x4b, 0xbc, 0x22, 0xa0, 0xf, 0xcb, 0x11, 0x84,
    0x14, 0x3, 0xf0, 0x91, 0x60, 0xf, 0x7f, 0x71,
    0x1, 0x73, 0x30, 0x80, 0x73, 0x4c, 0x98, 0x17,
    0x77, 0x8, 0x7, 0x4b, 0xb8, 0x81, 0xbf, 0xb9,
    0xe4, 0x1, 0xff, 0x37, 0x70, 0x40, 0x3f, 0xfa,
    0x4, 0x66, 0x1, 0x40, 0x35, 0x5, 0x33, 0x10,
    0x1, 0x62, 0xa, 0x96, 0x3b, 0x43, 0x5b, 0xab,

    /* U+8A66 "試" */
    0xc, 0xff, 0xa4, 0x3, 0xb2, 0x30, 0x80, 0x19,
    0xff, 0x48, 0x7, 0xba, 0x38, 0x23, 0xbb, 0x95,
    0x9b, 0xe, 0x15, 0x4, 0x77, 0x71, 0xe6, 0x63,
    0x6c, 0xf0, 0x5, 0xe6, 0x50, 0xd5, 0x59, 0x2a,
    0x92, 0x0, 0xae, 0xea, 0x40, 0x3c, 0x20, 0x18,
    0x84, 0x63, 0x7d, 0xda, 0xcf, 0xc0, 0x34, 0xc4,
    0x4a, 0x90, 0x55, 0xe2, 0x20, 0xd, 0x75, 0x53,
    0x9a, 0x8a, 0xa7, 0x98, 0x6, 0xff, 0xba, 0x80,
    0x38, 0x98, 0x3, 0xbf, 0xa8, 0x3, 0xcc, 0x40,
    0x1f, 0xc2, 0x83, 0x38, 0x2, 0x56, 0x40, 0xc,
    0xdb, 0xb, 0x87, 0xed, 0x34, 0xe5, 0x20, 0x5e,
    0xfc, 0xba, 0xc8, 0x51, 0x9, 0x27, 0x0, 0x59,
    0x91, 0x4, 0x3, 0xc5, 0xd2, 0x0,

    /* U+8A70 "詰" */
    0x5, 0xff, 0xca, 0x1, 0x27, 0x80, 0x72, 0xff,
    0xe5, 0x67, 0x76, 0x83, 0xbc, 0x85, 0xdd, 0xdb,
    0xdd, 0x10, 0x77, 0x44, 0x4e, 0xee, 0xd8, 0x99,
    0x78, 0x4c, 0xcc, 0x9, 0x77, 0x90, 0x3, 0xfc,
    0xb1, 0x19, 0x55, 0xba, 0xa0, 0xdd, 0x90, 0x4,
    0x8b, 0xb, 0x22, 0x1d, 0x91, 0x27, 0x5, 0xcc,
    0xc8, 0x73, 0x3f, 0x18, 0x2e, 0xee, 0x40, 0xab,
    0xbe, 0xa0, 0x3, 0x7f, 0x73, 0xd4, 0x17, 0x7f,
    0xec, 0x40, 0x9, 0xbb, 0x8a, 0x1, 0x22, 0x70,
    0x7, 0xff, 0x20, 0x8c, 0xc2, 0x1, 0x22, 0x70,
    0x6, 0x58, 0x80, 0x8, 0x2, 0xe2, 0x2a, 0x30,

    /* U+8A73 "詳" */
    0x0, 0xfc, 0x82, 0x1, 0x21, 0x80, 0x17, 0xff,
    0x28, 0x74, 0x80, 0x52, 0xa0, 0x5, 0xff, 0xca,
    0x10, 0xe0, 0x4, 0x6, 0x2, 0xee, 0xed, 0x5a,
    0x19, 0x8f, 0x18, 0x42, 0xee, 0xed, 0x0, 0x31,
    0xb9, 0xa0, 0x38, 0x2e, 0x66, 0x45, 0x88, 0x48,
    0xc4, 0x46, 0xb, 0xdd, 0x90, 0x4c, 0xca, 0x26,
    0x70, 0x0, 0x47, 0xcf, 0x98, 0x90, 0xcc, 0x88,
    0x16, 0x23, 0x2b, 0x77, 0x28, 0x7b, 0xa2, 0x6,
    0xee, 0xca, 0x2, 0x26, 0x1, 0x18, 0x0, 0x91,
    0x98, 0x89, 0xff, 0xb0, 0x7f, 0xea, 0x0, 0x24,
    0xc9, 0xbb, 0x76, 0x91, 0xdd, 0xac, 0x3, 0xc6,
    0x45, 0x28, 0x11, 0x42, 0x0, 0x6d, 0xd2, 0x0,
    0x7f, 0xc6, 0xdf, 0xed, 0x50, 0xf, 0xe0,

    /* U+8A8D "認" */
    0xc, 0xff, 0xa4, 0x33, 0x77, 0xd0, 0x0, 0xcf,
    0xfa, 0x43, 0x7e, 0x7, 0xfc, 0xe2, 0x13, 0xdd,
    0xc3, 0x51, 0xe8, 0x44, 0x1, 0x9, 0xee, 0xe1,
    0xbc, 0x54, 0x30, 0x1f, 0x0, 0x5e, 0x65, 0x0,
    0xe, 0x3a, 0xe0, 0x72, 0x0, 0x4f, 0x75, 0x20,
    0xaf, 0xed, 0x28, 0x6c, 0x0, 0x11, 0xc6, 0xf5,
    0x43, 0xb, 0xb1, 0x18, 0x2, 0x62, 0x25, 0x6d,
    0x5a, 0xbd, 0xed, 0x0, 0xae, 0xaa, 0x71, 0x20,
    0xa3, 0xf0, 0xe, 0xff, 0xba, 0x81, 0x53, 0xa2,
    0xca, 0x0, 0x37, 0xf5, 0x0, 0xd0, 0x4, 0xc6,
    0xac, 0x1, 0xf3, 0x13, 0x80, 0x4f, 0x70, 0x1,
    0x66, 0xd8, 0xcc, 0x80, 0x2, 0x2a, 0x43, 0x30,
    0x1c, 0xfe, 0x57, 0x21, 0x7, 0x70, 0x4b, 0x4c,

    /* U+8A9E "語" */
    0x4, 0xff, 0xc3, 0x9f, 0xff, 0x8, 0x27, 0xfe,
    0x1c, 0xe8, 0x3e, 0xec, 0x25, 0xdd, 0xd2, 0x69,
    0x80, 0x89, 0x0, 0xb, 0xbb, 0xa5, 0x7d, 0x43,
    0xfd, 0x44, 0x0, 0x4b, 0xbc, 0x2d, 0x41, 0x15,
    0x41, 0x0, 0x96, 0x23, 0x8, 0x0, 0x54, 0x3,
    0xc2, 0x45, 0x8e, 0xf0, 0x2a, 0xec, 0x3e, 0xe0,
    0xb9, 0x98, 0xd, 0x1c, 0xce, 0x74, 0x20, 0x5d,
    0xdc, 0x71, 0xbb, 0xeb, 0x50, 0x6f, 0xee, 0x79,
    0xd, 0x77, 0xfd, 0x12, 0x1, 0x37, 0x70, 0x40,
    0x2b, 0xaa, 0x94, 0x3, 0xff, 0x90, 0x46, 0x60,
    0xc, 0xab, 0x88, 0x3, 0x2c, 0x41, 0x40, 0x29,
    0x9c, 0xe6, 0x0,

    /* U+8AA4 "誤" */
    0x8, 0xee, 0xa0, 0x2, 0xef, 0xfd, 0x20, 0x8,
    0xee, 0xa0, 0x24, 0x1, 0xbf, 0xe7, 0x0, 0x25,
    0xdf, 0x13, 0x80, 0x7e, 0x5f, 0xfe, 0x30, 0x9,
    0xc8, 0xa0, 0x0, 0x8b, 0x32, 0x10, 0x8, 0xa3,
    0xfc, 0xfc, 0x0, 0x1e, 0xe8, 0x40, 0x2c, 0xdd,
    0xce, 0x1, 0xe7, 0x1, 0xee, 0xf0, 0x80, 0xb,
    0xba, 0x60, 0x1c, 0xcd, 0xa2, 0x1, 0x2e, 0x64,
    0xe3, 0xc4, 0x5c, 0x1, 0xa2, 0x1d, 0x17, 0x6f,
    0xfe, 0xe0, 0xe6, 0x0, 0x45, 0x50, 0x2b, 0x62,
    0xb7, 0x51, 0xba, 0x60, 0xf, 0x8, 0xa0, 0x8,
    0x97, 0x24, 0x1, 0x56, 0xc0, 0x26, 0x42, 0x80,
    0x35, 0xa8, 0x2, 0x8f, 0xc8, 0x98, 0x70, 0x8,
    0x7d, 0xc, 0x2d, 0x88, 0x83, 0xae, 0x1, 0xc5,
    0xc6,

    /* U+8AAC "説" */
    0x0, 0xfc, 0xa0, 0x19, 0x4c, 0x0, 0x9f, 0xf8,
    0x42, 0xd8, 0x2, 0xb6, 0x0, 0x27, 0xfe, 0x10,
    0x8b, 0x0, 0x31, 0xa8, 0x17, 0x77, 0x4b, 0x69,
    0xdd, 0x50, 0x28, 0xb, 0xbb, 0xa7, 0xc2, 0xfb,
    0xe6, 0x94, 0x0, 0x97, 0x78, 0x40, 0xd5, 0x78,
    0x2, 0x58, 0x8c, 0x20, 0x1f, 0xfc, 0x51, 0x1f,
    0x0, 0x4b, 0x11, 0x84, 0x1b, 0xbb, 0x60, 0x4,
    0x97, 0x78, 0x67, 0xc3, 0x30, 0x3f, 0xe0, 0x3,
    0x7f, 0x73, 0xcc, 0x4, 0x8, 0x3, 0xe6, 0xee,
    0x10, 0x1, 0x8, 0x40, 0x3f, 0xf8, 0x33, 0x40,
    0x18, 0xec, 0x0, 0x46, 0x70, 0x40, 0xb8, 0x0,
    0x4d, 0x4, 0x0, 0xb1, 0x5, 0x93, 0xc0, 0x1,
    0x9b, 0x67, 0x81, 0xba, 0xee, 0xab, 0x10, 0xb,
    0x3b, 0x88,

    /* U+8AAD "読" */
    0x9, 0xff, 0xa0, 0x3, 0x6b, 0x80, 0x74, 0xff,
    0xd1, 0xf, 0xf8, 0xa3, 0xfe, 0x14, 0xcc, 0xe8,
    0xff, 0x8a, 0x3f, 0xe1, 0x4d, 0xde, 0x9, 0x98,
    0xae, 0x64, 0xc0, 0x8, 0xdd, 0x98, 0x37, 0x6b,
    0x8d, 0xd2, 0x0, 0x23, 0xba, 0x63, 0x11, 0xf9,
    0xc4, 0xc, 0x46, 0x3a, 0xa5, 0xdf, 0xa8, 0xc2,
    0xa2, 0x25, 0x8, 0xfb, 0xef, 0xae, 0x0, 0xa2,
    0xaa, 0x7c, 0x44, 0x48, 0x2c, 0x83, 0x98, 0x5f,
    0xfb, 0xa5, 0x4c, 0xce, 0x1, 0xa0, 0x40, 0x15,
    0xd2, 0x1, 0x61, 0x80, 0x7f, 0xf0, 0x49, 0x6c,
    0x3, 0x3b, 0x0, 0x2b, 0x60, 0xd3, 0x18, 0xc0,
    0x6, 0x3a, 0x1, 0x47, 0xe4, 0xdb, 0x48, 0x1,
    0x4f, 0x91, 0x1, 0x6c, 0x44, 0x3f, 0x80, 0x8,
    0x77, 0xf8, 0x80,

    /* U+8ABF "調" */
    0x7, 0xff, 0x9d, 0x3b, 0xbe, 0xc0, 0x7f, 0xf9,
    0xc0, 0xb3, 0x13, 0xb9, 0x62, 0x7b, 0xbb, 0x1,
    0xcc, 0x29, 0xcd, 0x80, 0xf3, 0x36, 0x80, 0x12,
    0x4a, 0x20, 0x1, 0x36, 0xec, 0xe0, 0x5, 0xb2,
    0xe9, 0x0, 0x9b, 0xba, 0x70, 0x3, 0xd9, 0x75,
    0xb8, 0x0, 0xc4, 0x60, 0x10, 0x23, 0x74, 0x30,
    0x9, 0x62, 0x24, 0x30, 0x4a, 0xac, 0xe0, 0x7,
    0xaa, 0x94, 0x44, 0xf9, 0x3d, 0xc0, 0xa, 0x7b,
    0xf9, 0xfc, 0x81, 0xaf, 0x80, 0x3a, 0xba, 0x0,
    0xb8, 0x4, 0x98, 0x3, 0xf9, 0x14, 0x12, 0xf6,
    0xc0, 0x35, 0xec, 0xe0, 0x1a, 0x74, 0xc2, 0xa8,
    0x0, 0x31, 0xf9, 0x86, 0x2, 0x30, 0x4d, 0x8a,
    0x8, 0x62, 0x23, 0xc0, 0x6, 0x5f, 0xe7,

    /* U+8B58 "識" */
    0x6, 0xff, 0x94, 0x1, 0xc6, 0x9, 0x8e, 0x60,
    0x6, 0xff, 0x97, 0x74, 0x3d, 0xb8, 0x7, 0xa0,
    0x5f, 0xfa, 0xe6, 0xba, 0xd3, 0x1, 0x15, 0xcb,
    0xff, 0x5a, 0xd8, 0xff, 0x38, 0x2, 0x58, 0x16,
    0xaa, 0x31, 0x0, 0x1a, 0x80, 0x44, 0x20, 0xdf,
    0xf5, 0x79, 0xfa, 0xee, 0x1f, 0xfa, 0x0, 0x4,
    0x55, 0xff, 0xf6, 0x8f, 0xf4, 0x3, 0x80, 0x69,
    0xed, 0xee, 0x18, 0x97, 0x80, 0x1c, 0x8a, 0x0,
    0x5e, 0xf8, 0x8, 0x5b, 0x80, 0x2e, 0x72, 0x10,
    0x2f, 0xbc, 0x0, 0x4d, 0x60, 0x15, 0x4a, 0x0,
    0x2f, 0xbc, 0x2, 0x72, 0x0, 0xfd, 0x37, 0x41,
    0x24, 0x21, 0x80, 0x8, 0xd7, 0x0, 0x5c, 0xc9,
    0x4f, 0x5a, 0x18, 0x1, 0x3f, 0x8d, 0x2e, 0x4a,
    0x74, 0x50, 0xfc, 0x10, 0xe4, 0x40, 0xc, 0xf0,
    0x0, 0x7f, 0x40,

    /* U+8B66 "警" */
    0x0, 0xff, 0x8, 0x7, 0xbf, 0xfe, 0xa2, 0xe1,
    0x0, 0xea, 0x80, 0xa7, 0x2a, 0x99, 0xe, 0x6f,
    0xf9, 0x41, 0xa9, 0x70, 0x5e, 0x64, 0xe7, 0x94,
    0x5c, 0xa3, 0x2, 0x5, 0xd0, 0x51, 0x91, 0x93,
    0xc2, 0x3, 0x63, 0x3b, 0xa6, 0x22, 0x34, 0x88,
    0x28, 0x6, 0xb5, 0x3, 0x99, 0x3e, 0x7e, 0x65,
    0xe8, 0x0, 0x67, 0xc3, 0x7f, 0xd0, 0x9a, 0x4a,
    0xe4, 0x7, 0x73, 0x6e, 0xfe, 0x17, 0x63, 0x2,
    0x2f, 0xfe, 0x10, 0x82, 0xa8, 0xff, 0xff, 0x95,
    0x44, 0x1, 0x19, 0xff, 0x80, 0x3c, 0x45, 0xfe,
    0x10, 0xe, 0xcd, 0xbb, 0xf5, 0x20, 0x7, 0xd7,
    0x7f, 0x50, 0x6,

    /* U+8B77 "護" */
    0x7, 0xff, 0x9f, 0x7b, 0xfd, 0xdc, 0xff, 0x70,
    0x83, 0xff, 0xcf, 0xbc, 0x8d, 0xdc, 0x2e, 0xe0,
    0xa7, 0xfe, 0xe0, 0xa2, 0xb1, 0xe9, 0x10, 0x2,
    0x7f, 0xee, 0x25, 0x4e, 0xc1, 0x8c, 0x80, 0x3,
    0x4c, 0xcb, 0xc1, 0x3d, 0x5, 0xdc, 0x90, 0x2,
    0xff, 0xc6, 0xa3, 0xf3, 0x22, 0x99, 0x10, 0x0,
    0x55, 0x67, 0x90, 0xde, 0x42, 0xee, 0x10, 0x1,
    0x62, 0x24, 0x0, 0x8, 0x7, 0x18, 0x1, 0x3b,
    0xa7, 0x4, 0xdf, 0x26, 0xff, 0x40, 0x2, 0xbc,
    0xb9, 0x5c, 0x47, 0x0, 0x8a, 0x40, 0x2f, 0x7c,
    0x5, 0xe4, 0xe9, 0x91, 0x31, 0x80, 0x7c, 0x4b,
    0x57, 0x56, 0x9e, 0x1, 0xaf, 0x64, 0x0, 0x64,
    0x47, 0x66, 0x21, 0x0, 0x53, 0xf8, 0x9f, 0xb9,
    0x5f, 0xc7, 0x7a, 0x41, 0x2e, 0x44, 0x3e, 0xe5,
    0xb0, 0xc, 0x6f, 0x10,

    /* U+8BA1 "计" */
    0x0, 0x39, 0x80, 0x71, 0x78, 0x80, 0x78, 0xb1,
    0x40, 0x3f, 0xf8, 0x2b, 0x76, 0x10, 0xf, 0xfe,
    0xa, 0x78, 0x80, 0x7f, 0x89, 0x9a, 0x0, 0x8,
    0xcc, 0x4, 0x23, 0x3, 0xd5, 0x25, 0x4f, 0xba,
    0xb0, 0xce, 0xe8, 0x97, 0x30, 0x20, 0x7d, 0xd5,
    0x86, 0xf7, 0x44, 0x1, 0xe1, 0x19, 0x80, 0xc4,
    0x60, 0xf, 0xfe, 0xc8, 0xc3, 0x80, 0x7f, 0xf0,
    0x6, 0x91, 0x40, 0x3f, 0xe7, 0x8, 0xc2, 0x0,
    0xff, 0x93, 0x1c, 0x3, 0xfe,

    /* U+8BA4 "认" */
    0x0, 0x13, 0x80, 0x7b, 0x90, 0x3, 0xc7, 0x54,
    0x0, 0xe1, 0x0, 0xf8, 0x71, 0xdc, 0x1, 0xce,
    0x1, 0xf0, 0xe3, 0x80, 0x7f, 0xc6, 0x78, 0x3,
    0xc2, 0x1, 0xd9, 0x97, 0x80, 0x62, 0x6, 0x0,
    0xef, 0xf5, 0x0, 0x73, 0x1, 0x80, 0x7f, 0xf0,
    0x48, 0x2c, 0x3, 0xff, 0x83, 0x88, 0x60, 0x1f,
    0xfc, 0x15, 0xe3, 0x70, 0xf, 0xc3, 0x40, 0xa0,
    0xb3, 0x20, 0xf, 0x19, 0x79, 0x4, 0x38, 0x29,
    0xc0, 0x7, 0x50, 0xec, 0x48, 0x40, 0x3, 0x9d,
    0xc0, 0x19, 0x7c, 0xe1, 0xf8, 0x2, 0x39, 0x85,
    0x0, 0xa4, 0x42, 0x70, 0xc0, 0x33, 0x62, 0x80,

    /* U+8BA8 "讨" */
    0x1, 0x90, 0xf, 0xc5, 0xe0, 0x1c, 0x5a, 0x20,
    0x1f, 0xfc, 0x1, 0xb7, 0xc0, 0xf, 0xfe, 0x15,
    0x48, 0x5d, 0xf4, 0x85, 0xd8, 0x84, 0xce, 0x40,
    0xcc, 0xe3, 0x3, 0xc3, 0x6c, 0xc8, 0xc1, 0xdf,
    0xa8, 0x21, 0xc5, 0xff, 0xc2, 0x1, 0x34, 0x0,
    0x7f, 0xf0, 0x95, 0xcc, 0x3, 0xff, 0x82, 0x6b,
    0x0, 0x1f, 0xfc, 0x28, 0x41, 0x0, 0xff, 0x38,
    0x81, 0x70, 0x80, 0x7e, 0x1e, 0xb0, 0x8, 0x40,
    0x3f, 0x18, 0x3e, 0x8, 0x0, 0x88, 0xe0, 0x1e,
    0x58, 0xa0, 0x8, 0x77, 0x56, 0xc0, 0x1c, 0xce,
    0x1, 0x87, 0xfd, 0xd2, 0x1, 0x0,

    /* U+8BA9 "让" */
    0x0, 0x41, 0x80, 0x75, 0xc0, 0x7, 0xdb, 0x88,
    0x1, 0xff, 0xc1, 0x5b, 0x90, 0xf, 0xfe, 0x12,
    0x68, 0x7, 0xfc, 0x4a, 0xb0, 0x80, 0x70, 0x91,
    0x40, 0x7, 0xee, 0x51, 0x0, 0x73, 0x6e, 0xc4,
    0xb, 0x76, 0x10, 0xf, 0x3f, 0xfc, 0x40, 0x1f,
    0xfe, 0xa7, 0x30, 0xf, 0xfe, 0x0, 0xf5, 0x10,
    0x7, 0xfc, 0x80, 0xfe, 0x64, 0x47, 0x12, 0x2c,
    0x1, 0x74, 0x54, 0xee, 0xc6, 0xdb, 0xb8, 0x40,
    0x14, 0xe1, 0x7f, 0xff, 0xc2,

    /* U+8BAE "议" */
    0x0, 0x40, 0x80, 0x61, 0xb0, 0x8, 0x80, 0x31,
    0x68, 0x3, 0x8c, 0x59, 0xc0, 0x1e, 0xc0, 0x15,
    0x3, 0x81, 0x20, 0x44, 0x80, 0x92, 0x0, 0x6d,
    0x70, 0x4c, 0x5, 0x50, 0xa0, 0x90, 0x0, 0xcc,
    0x40, 0xc, 0x40, 0x5, 0x8e, 0xa0, 0x1, 0x33,
    0x22, 0x4, 0x3, 0x0, 0x93, 0x0, 0x9, 0xfe,
    0x0, 0xcb, 0x0, 0x3, 0x33, 0x80, 0x7f, 0x4a,
    0x18, 0x52, 0x88, 0x7, 0xf1, 0x9a, 0xd, 0xa4,
    0x3, 0xfe, 0xf4, 0xe6, 0x30, 0xf, 0xc6, 0x20,
    0x66, 0x2a, 0x0, 0xfd, 0x78, 0xa1, 0x44, 0x98,
    0x80, 0x1c, 0x80, 0x9a, 0xf8, 0xf9, 0x6d, 0x70,
    0x20, 0x11, 0xb6, 0xc6, 0x2e, 0x10, 0x4d, 0x2f,
    0x20, 0x1, 0xe4, 0x3b, 0x64, 0x40, 0x25, 0xda,
    0x40,

    /* U+8BB0 "记" */
    0x0, 0x59, 0x80, 0x4, 0xcf, 0xe0, 0xd, 0x98,
    0x30, 0x6c, 0xcf, 0x80, 0x33, 0xc7, 0x3, 0xff,
    0xf6, 0x80, 0x79, 0xf0, 0x3, 0xfe, 0x36, 0x68,
    0x3, 0xff, 0x80, 0xdb, 0xa9, 0x50, 0x0, 0x8f,
    0x80, 0x25, 0xbb, 0x8, 0x0, 0xfb, 0xbb, 0x0,
    0x3f, 0xee, 0xed, 0x80, 0x1f, 0xf0, 0x8e, 0x3f,
    0x0, 0xff, 0xe5, 0xa0, 0x7, 0xe9, 0x0, 0xc3,
    0x14, 0xc0, 0x1e, 0x16, 0x10, 0x2, 0x3, 0xfb,
    0x82, 0x91, 0x69, 0x11, 0x0, 0x6, 0x2c, 0x49,
    0x6b, 0x77, 0x35, 0x80,

    /* U+8BB8 "许" */
    0x0, 0xf9, 0x10, 0x1, 0xf8, 0x74, 0xc0, 0x2f,
    0xc0, 0xf, 0xc3, 0x78, 0x60, 0x4, 0xc0, 0xf,
    0xe6, 0x99, 0x2, 0x5, 0xff, 0xf3, 0x80, 0x66,
    0xa0, 0xd5, 0xd9, 0xd, 0xd9, 0x80, 0x4c, 0xe0,
    0x26, 0x92, 0x50, 0x22, 0x84, 0x1b, 0x75, 0x86,
    0xec, 0x60, 0x1f, 0x9f, 0xb8, 0x20, 0xb2, 0x1,
    0xff, 0xc2, 0x8f, 0xfb, 0x3, 0xff, 0x8, 0x7,
    0x4e, 0x65, 0x21, 0x99, 0x84, 0x3, 0x84, 0xce,
    0x50, 0x33, 0xc0, 0x1c, 0xee, 0x0, 0xff, 0xe0,
    0x8d, 0x60, 0x80, 0x7f, 0xca, 0x13, 0x62, 0x1,
    0xff, 0x2e, 0x38, 0x7, 0xfc,

    /* U+8BBA "论" */
    0x0, 0xfe, 0x11, 0x0, 0x78, 0x68, 0x40, 0x3a,
    0xf0, 0x3, 0xc2, 0x18, 0x20, 0x11, 0xa9, 0xb0,
    0x7, 0xa9, 0x30, 0x2, 0xe8, 0xa9, 0x30, 0xf,
    0x4c, 0x80, 0x16, 0xce, 0x91, 0xa4, 0x0, 0x13,
    0x39, 0x2, 0x9a, 0x80, 0xe, 0xec, 0x30, 0x7c,
    0xc8, 0xf1, 0xac, 0x3, 0x4b, 0x60, 0xb7, 0xf8,
    0x42, 0x32, 0x14, 0x2, 0x68, 0xd1, 0x0, 0xe4,
    0x0, 0xc9, 0xd6, 0x44, 0x0, 0xfe, 0xcc, 0x5c,
    0xe9, 0x0, 0x7f, 0x99, 0x39, 0xc0, 0x3f, 0x98,
    0x1, 0x50, 0x20, 0x1, 0x0, 0xf7, 0x50, 0x7,
    0xcd, 0x20, 0x11, 0xb, 0xe0, 0x0, 0xc4, 0x76,
    0x70, 0x4, 0xaf, 0x40, 0x9, 0x97, 0x76, 0x66,
    0x0, 0x4f, 0x0, 0x13, 0xf7, 0xfe, 0xd1, 0x0,

    /* U+8BBE "设" */
    0x0, 0x8, 0x7, 0xff, 0xf, 0x64, 0x2, 0x2f,
    0xfe, 0x0, 0xee, 0x78, 0x0, 0xdd, 0xcb, 0x0,
    0xf1, 0x6a, 0x80, 0x4, 0x73, 0x0, 0x7c, 0x7a,
    0x0, 0x45, 0x0, 0xf8, 0x4c, 0xe0, 0x1, 0x47,
    0x80, 0x65, 0x50, 0x2e, 0x64, 0x29, 0xb0, 0x80,
    0x2, 0x7e, 0xe0, 0xa7, 0xf8, 0x0, 0x92, 0xa4,
    0x5a, 0xa6, 0xc4, 0x3, 0xd7, 0xbb, 0xf1, 0x80,
    0x7d, 0xa3, 0x9f, 0xf4, 0x21, 0x80, 0x7e, 0x8e,
    0x0, 0x14, 0x78, 0x7, 0xc8, 0xc, 0xcb, 0x2f,
    0x84, 0x0, 0xc2, 0x17, 0x44, 0x16, 0xda, 0xee,
    0x0, 0xe4, 0x1, 0xf2, 0x3b, 0x24, 0x59, 0x10,
    0xd, 0x8f, 0x6b, 0xd8, 0x5d, 0x76, 0x5e, 0xd2,
    0x0, 0x4c, 0x2, 0x5f, 0xc8, 0x82, 0x66, 0xd9,
    0x0,

    /* U+8BBF "访" */
    0x0, 0x10, 0x7, 0x91, 0x40, 0x3e, 0xfa, 0x0,
    0xe1, 0xb0, 0xf, 0xb1, 0xe4, 0x3, 0x20, 0x90,
    0x7, 0x87, 0xfc, 0x3b, 0xb6, 0xf, 0xee, 0xc2,
    0x1, 0x13, 0xc, 0xc8, 0xd6, 0xa6, 0x70, 0x9c,
    0xcc, 0x40, 0x88, 0xd, 0x44, 0xe0, 0x72, 0x23,
    0x30, 0x3, 0x84, 0x70, 0x1, 0x2e, 0xc2, 0x1,
    0x86, 0xbb, 0xb0, 0x7, 0xf0, 0x86, 0xff, 0xac,
    0x40, 0x3f, 0x94, 0x8, 0x0, 0x26, 0x1, 0xf0,
    0x86, 0x18, 0x4, 0x62, 0x1, 0xec, 0xf4, 0x5b,
    0x0, 0x85, 0xc0, 0x31, 0xb, 0x50, 0x13, 0x0,
    0x5c, 0x40, 0x1a, 0xcf, 0xda, 0x9c, 0x44, 0x44,
    0x7f, 0x0, 0xd1, 0x82, 0x8b, 0x0, 0xbb, 0xa2,
    0x70, 0xc, 0x20, 0x6, 0xb0, 0x2, 0x7f, 0xb0,
    0x40, 0x0,

    /* U+8BC1 "证" */
    0x1, 0xc2, 0x0, 0x9, 0x17, 0xe0, 0x0, 0xae,
    0x18, 0x46, 0xef, 0xe2, 0x0, 0x4b, 0xf8, 0x4f,
    0xfc, 0xeb, 0xff, 0x10, 0x5, 0x3a, 0x1, 0xff,
    0xc0, 0x33, 0x84, 0x3, 0xfe, 0x2f, 0xf6, 0x18,
    0x3, 0x14, 0x3, 0xe2, 0xcc, 0x8, 0x7, 0xcb,
    0xfe, 0xb0, 0xf, 0xfe, 0x2, 0x6e, 0xa4, 0x3,
    0xff, 0x80, 0x24, 0x50, 0x7, 0xff, 0x2a, 0xc,
    0x3, 0xff, 0x80, 0x3a, 0xa2, 0x1, 0xff, 0x20,
    0x26, 0x30, 0xea, 0x10, 0xa2, 0x44, 0x0, 0xc8,
    0xa3, 0x90, 0x59, 0x76, 0x99, 0xa8, 0x1, 0xe,
    0x5, 0xbb, 0xfd, 0x0,

    /* U+8BC6 "识" */
    0x1, 0xb1, 0x0, 0x88, 0xbe, 0x0, 0x84, 0x5e,
    0x40, 0xd, 0xdf, 0x90, 0x2, 0xa4, 0x90, 0xb,
    0x3f, 0xf0, 0x80, 0x75, 0x50, 0x3, 0xff, 0x80,
    0x67, 0x8, 0x7, 0xfc, 0x79, 0x91, 0x80, 0x7f,
    0xc7, 0xfe, 0x10, 0xc, 0xc6, 0x78, 0x40, 0x3f,
    0x86, 0xb3, 0x30, 0x7, 0xfb, 0xbf, 0xfc, 0x80,
    0x1f, 0xca, 0x20, 0x5, 0x0, 0xfd, 0x2, 0x74,
    0x1, 0x43, 0x80, 0x70, 0xea, 0x4, 0xa8, 0x80,
    0x22, 0x2, 0x1, 0x28, 0x26, 0x2a, 0xa4, 0x2,
    0x52, 0x90, 0xb, 0x62, 0x82, 0x9c, 0xc0, 0x35,
    0xb0, 0x5, 0xe, 0x0, 0xd8, 0x0, 0xe6, 0xf0,

    /* U+8BC9 "诉" */
    0x0, 0xff, 0xe2, 0x8d, 0x8, 0x7, 0x1b, 0x57,
    0x60, 0x4, 0x21, 0xe4, 0x0, 0xdf, 0xdd, 0x16,
    0xe0, 0x6, 0xa7, 0xc0, 0x1, 0x67, 0x5c, 0x18,
    0x7, 0xa6, 0x80, 0x21, 0x0, 0xf8, 0x4c, 0xe4,
    0x0, 0x9c, 0xcf, 0xc0, 0xf9, 0x91, 0x80, 0x57,
    0xba, 0xcd, 0xd8, 0x9b, 0xfc, 0x20, 0x1, 0xf,
    0xee, 0x6, 0x77, 0x8, 0x3, 0xc6, 0x0, 0x40,
    0xf, 0xfe, 0x0, 0x88, 0xa7, 0x40, 0x40, 0x3f,
    0x98, 0xcd, 0xb2, 0x1a, 0xc0, 0x1e, 0x6b, 0xf7,
    0x0, 0x20, 0x4d, 0xd8, 0x3, 0xd, 0x12, 0x78,
    0x6, 0x5d, 0x90, 0x9, 0x42, 0xbc, 0x14, 0x3,
    0xc4, 0x1, 0xd, 0xa8, 0xc0, 0x7, 0xf0,

    /* U+8BCA "诊" */
    0x0, 0xff, 0x8, 0x7, 0xd2, 0xa0, 0x1c, 0x9c,
    0x20, 0x1e, 0xda, 0x60, 0x8, 0x64, 0x6c, 0x3,
    0xc9, 0x76, 0x0, 0xa9, 0xfd, 0xa8, 0x3, 0xc9,
    0xa0, 0x5a, 0xf4, 0x3a, 0xf8, 0x40, 0x26, 0x70,
    0x2e, 0xa6, 0x4, 0x1e, 0xb6, 0xa2, 0x33, 0x23,
    0x1a, 0x91, 0xc1, 0x20, 0xaa, 0x22, 0xff, 0x84,
    0x11, 0x5b, 0xd2, 0x45, 0x1, 0x40, 0x3e, 0x1d,
    0xc8, 0x1c, 0xc0, 0x7, 0xf0, 0xd9, 0x1e, 0x24,
    0x0, 0x7f, 0x86, 0xb2, 0xe4, 0x35, 0xc0, 0x3c,
    0x83, 0x81, 0xcc, 0x14, 0x2e, 0x1, 0x86, 0x28,
    0xb6, 0x84, 0xb5, 0xb4, 0x3, 0x20, 0x3f, 0x98,
    0x1d, 0x6a, 0xe0, 0x80, 0x6c, 0x7c, 0x16, 0xec,
    0x3d, 0x80, 0xf, 0x44, 0x0, 0xf, 0x5f, 0x24,
    0x1, 0xc0,

    /* U+8BD5 "试" */
    0x0, 0x41, 0x0, 0x79, 0x39, 0x60, 0x3, 0x6e,
    0x18, 0x7, 0x38, 0x2a, 0x30, 0x4, 0xb5, 0x41,
    0x1e, 0x71, 0x14, 0x0, 0x72, 0x4d, 0xf7, 0x6b,
    0xe, 0xb9, 0x11, 0x3b, 0xc3, 0x5f, 0xfb, 0x43,
    0xbf, 0xc2, 0x1d, 0xc8, 0x30, 0xe, 0x20, 0xe,
    0x19, 0x90, 0x5, 0x9b, 0xb2, 0x1, 0x80, 0x7f,
    0x45, 0x1c, 0xa8, 0xb0, 0x7, 0xf2, 0x19, 0x90,
    0x48, 0x80, 0x1f, 0xfc, 0x26, 0xe0, 0xf, 0xd0,
    0x1, 0x1a, 0xe9, 0x84, 0x88, 0x0, 0x43, 0x11,
    0xfc, 0xb7, 0x48, 0x81, 0x40, 0xa, 0x42, 0x32,
    0xcf, 0x3a, 0xc, 0xb4, 0xc4, 0x1, 0x7a, 0xc1,
    0x90, 0x60, 0x14, 0x94, 0x80, 0x46, 0x40, 0x1f,
    0x93, 0x9c, 0x0,

    /* U+8BDD "话" */
    0x0, 0xff, 0xe2, 0x8c, 0x80, 0x70, 0x9a, 0xc6,
    0x79, 0x80, 0x4b, 0x60, 0xc, 0xfe, 0xda, 0x29,
    0xd3, 0x0, 0xe, 0x3b, 0x83, 0xb9, 0xfc, 0x12,
    0xa4, 0x1, 0xda, 0xe0, 0x42, 0x1, 0xf8, 0x4c,
    0xc4, 0x0, 0x44, 0xc0, 0x89, 0x89, 0x73, 0x20,
    0x19, 0x9c, 0x13, 0x39, 0xd3, 0xf8, 0x0, 0x3b,
    0xb8, 0x37, 0x72, 0x80, 0x7f, 0xf2, 0x8f, 0xba,
    0xd, 0xee, 0x38, 0x7, 0xe1, 0xdd, 0x66, 0xe8,
    0x80, 0x3c, 0x78, 0xc2, 0x67, 0xce, 0x1, 0xec,
    0x51, 0x0, 0xff, 0x98, 0x26, 0x4e, 0x26, 0x7c,
    0xe0, 0x1b, 0xf1, 0x80, 0x2e, 0xee, 0x20, 0x0,

    /* U+8BE2 "询" */
    0x0, 0xfc, 0xa0, 0x1f, 0xda, 0x80, 0x12, 0x50,
    0x80, 0x7e, 0x8b, 0x40, 0x7, 0xa0, 0x80, 0x7e,
    0x59, 0xc0, 0x24, 0x47, 0xff, 0x80, 0x33, 0x40,
    0x73, 0x7f, 0xf6, 0x0, 0x4, 0xce, 0x8, 0x2a,
    0x22, 0xc0, 0x19, 0x33, 0x21, 0x8, 0xcf, 0xf6,
    0x60, 0x0, 0x20, 0xbf, 0xc0, 0x8, 0x70, 0xdd,
    0x60, 0x1, 0xc0, 0x3f, 0xdb, 0xac, 0x0, 0x9,
    0x80, 0x7f, 0x66, 0x34, 0x0, 0x62, 0x1, 0xfc,
    0x23, 0x0, 0x5, 0xc0, 0x39, 0x70, 0xc3, 0xb9,
    0xa0, 0xe, 0x20, 0x8, 0x82, 0xe8, 0xc7, 0xb9,
    0xfc, 0x5, 0xc0, 0x14, 0x9e, 0xb0, 0xf0, 0x0,
    0x88, 0x88, 0x30, 0xa, 0x30, 0x80, 0x3a, 0x36,
    0xd5, 0x0, 0x22, 0x0, 0xfa, 0xbf, 0xd4, 0x0,

    /* U+8BE5 "该" */
    0x0, 0xfe, 0x12, 0x0, 0xe1, 0xd2, 0x0, 0xe6,
    0xf0, 0xe, 0x14, 0xc1, 0x11, 0x14, 0x64, 0xa4,
    0x50, 0x2, 0x56, 0x1f, 0x76, 0xb0, 0xad, 0xd6,
    0x0, 0x55, 0x2d, 0xfe, 0xa1, 0xef, 0xfb, 0x85,
    0x10, 0xa2, 0x0, 0x2a, 0xb1, 0x8, 0x20, 0x7a,
    0xa5, 0x90, 0x17, 0xab, 0x9c, 0x29, 0x3, 0x77,
    0x4, 0x1, 0x84, 0xb9, 0x87, 0xe0, 0xf, 0xd9,
    0xdf, 0x1, 0x67, 0x2c, 0x1, 0xe2, 0x19, 0x8b,
    0x47, 0x64, 0x0, 0xf3, 0x72, 0xfa, 0x2c, 0x51,
    0x0, 0x71, 0x5d, 0xb0, 0x5e, 0xa8, 0xa0, 0x1d,
    0x7f, 0xaa, 0x59, 0x23, 0xa0, 0x18, 0x44, 0xd0,
    0x53, 0xad, 0xf8, 0xb6, 0x20, 0x9, 0x3f, 0xf6,
    0x95, 0xd0, 0x96, 0xbd, 0x80, 0x23, 0x6, 0x72,
    0xd0, 0x3, 0x65, 0x80,

    /* U+8BE6 "详" */
    0x0, 0xff, 0xe0, 0x88, 0x4, 0x32, 0x20, 0x14,
    0x50, 0x4, 0x7c, 0x40, 0x1, 0x3c, 0x10, 0x4,
    0xa9, 0x80, 0x25, 0x48, 0x2, 0xa7, 0xa0, 0x13,
    0x64, 0x24, 0x5e, 0x20, 0xd, 0x54, 0xb, 0xd6,
    0x8d, 0xb0, 0xbe, 0x1, 0x44, 0x84, 0x2b, 0xfe,
    0xc, 0xff, 0x60, 0x2c, 0x42, 0xcc, 0x3, 0xce,
    0x1, 0x93, 0x30, 0x20, 0x2, 0xff, 0x82, 0xff,
    0xca, 0x1, 0xf1, 0x7f, 0xc1, 0x7f, 0xe5, 0x0,
    0xff, 0xe0, 0x38, 0x7, 0xfb, 0xbb, 0x6, 0x77,
    0x44, 0x1, 0x9a, 0xeb, 0x76, 0x9, 0xdd, 0x88,
    0x2, 0x1a, 0x34, 0x33, 0x81, 0x4c, 0xe0, 0x9,
    0x82, 0xa0, 0x3, 0xff, 0x80, 0xb8, 0xa0, 0x1f,
    0xf0,

    /* U+8BED "语" */
    0x0, 0xff, 0xe2, 0x9e, 0x90, 0x2f, 0xff, 0xeb,
    0x0, 0x1a, 0xe0, 0xaf, 0xfa, 0xc3, 0xbf, 0xeb,
    0x0, 0xa1, 0x24, 0x2, 0x22, 0x8, 0x7, 0xea,
    0x80, 0xcf, 0x92, 0xff, 0xa8, 0x0, 0x4e, 0xf0,
    0x3, 0x3c, 0xa7, 0xfc, 0xc6, 0x1, 0x77, 0x20,
    0x2, 0x12, 0x40, 0x1, 0xf0, 0x0, 0xa6, 0x40,
    0xe, 0xfe, 0xd, 0xff, 0x2c, 0x7a, 0x0, 0x76,
    0x6e, 0xff, 0x20, 0x7, 0x11, 0x9f, 0xe2, 0x0,
    0xfa, 0x3b, 0xbe, 0x20, 0xf, 0x10, 0x3f, 0xff,
    0x0, 0x70, 0x84, 0x61, 0x0, 0x7f, 0xc8, 0x9,
    0x84, 0x5f, 0x0, 0x79, 0xf0, 0x81, 0x7f, 0xf8,
    0x2,

    /* U+8BEF "误" */
    0x0, 0x8, 0x7, 0xff, 0x8, 0xb9, 0x0, 0x3,
    0xff, 0xf2, 0x80, 0x9, 0xec, 0xc0, 0x2e, 0xff,
    0xc6, 0x1, 0xa1, 0x60, 0x2, 0x10, 0xf, 0xf5,
    0x50, 0x2, 0x33, 0xe1, 0x0, 0x9, 0x9c, 0x20,
    0x2, 0xee, 0xe0, 0x10, 0x28, 0x86, 0x10, 0xe,
    0xef, 0xc8, 0x7, 0x76, 0x0, 0xa3, 0xff, 0xec,
    0x0, 0xfa, 0x7b, 0x9a, 0x19, 0xdc, 0xd0, 0xf,
    0xf0, 0x81, 0x0, 0x7f, 0xf, 0x75, 0x81, 0xdd,
    0x98, 0x3, 0x97, 0xfe, 0x40, 0x4f, 0xf9, 0x80,
    0x34, 0xd1, 0x2, 0xa6, 0xb3, 0x80, 0x73, 0x0,
    0xf9, 0xc5, 0x50, 0xba, 0x28, 0xc0, 0x24, 0x9a,
    0x5e, 0x3c, 0x50, 0x3d, 0xc, 0x40, 0x1, 0x30,
    0x26, 0xd9, 0x80, 0x45, 0x5a, 0x80,

    /* U+8BF4 "说" */
    0x0, 0xff, 0xe0, 0x8, 0x7, 0x51, 0x0, 0x7,
    0x8c, 0x2, 0xf6, 0x0, 0xc5, 0x84, 0x3, 0x3c,
    0x0, 0x50, 0x60, 0xd, 0xf, 0xc0, 0x6, 0x2,
    0x9, 0x60, 0xf, 0x4f, 0x7, 0x70, 0xb7, 0xcd,
    0xfc, 0x2, 0x33, 0x88, 0x1, 0x7f, 0xfa, 0xc0,
    0x24, 0xcc, 0x8c, 0x0, 0xe0, 0x19, 0xc0, 0x24,
    0xff, 0x8, 0x4, 0xc2, 0x39, 0x80, 0x3f, 0xd5,
    0xdd, 0xa8, 0x40, 0x3f, 0x77, 0x85, 0xe8, 0x7f,
    0x0, 0x7f, 0x8, 0x30, 0x7, 0xf9, 0x35, 0x1c,
    0x48, 0x3, 0xf0, 0x8a, 0x29, 0x6d, 0x80, 0x3a,
    0x8c, 0x1, 0x63, 0x8b, 0x43, 0x0, 0x11, 0x11,
    0x0, 0x29, 0xf2, 0xc2, 0xd0, 0x1, 0x13, 0x74,
    0x46, 0x0, 0x31, 0x17, 0xc8, 0x80, 0x5b, 0xfe,
    0xc0,

    /* U+8BF7 "请" */
    0x0, 0x38, 0x7, 0x9b, 0x0, 0x3e, 0xcc, 0x0,
    0xf7, 0x52, 0x7d, 0xd4, 0x80, 0x56, 0xd2, 0x3d,
    0xd4, 0x9f, 0x75, 0x20, 0x1a, 0xa0, 0x27, 0x75,
    0x7, 0xbb, 0x10, 0x9, 0x9c, 0x21, 0x3b, 0xa8,
    0x3d, 0xd8, 0x81, 0x33, 0x23, 0x8e, 0xea, 0xb,
    0xbb, 0x12, 0xff, 0x84, 0x23, 0xf3, 0x3e, 0xe2,
    0x0, 0xf3, 0xe4, 0xce, 0xff, 0x0, 0x7f, 0x2d,
    0xde, 0x90, 0xf, 0xf2, 0x6e, 0xea, 0x0, 0xfc,
    0xa0, 0xbb, 0xba, 0x80, 0x3c, 0x3d, 0xc1, 0x5d,
    0xdd, 0x40, 0x1c, 0xc1, 0x56, 0x2b, 0xbb, 0x64,
    0x0, 0x72, 0xe3, 0x80, 0x71, 0xf4, 0x28, 0x0,

    /* U+8BFB "读" */
    0x0, 0x40, 0x80, 0x72, 0x70, 0x7, 0xc7, 0x84,
    0x13, 0xfe, 0xb1, 0xff, 0x8c, 0x2, 0xb4, 0x80,
    0x9e, 0xe5, 0xf, 0x74, 0x60, 0x1a, 0x68, 0x55,
    0x11, 0xa0, 0x89, 0x80, 0x4c, 0xe0, 0x39, 0x99,
    0xa, 0x65, 0x7e, 0x9, 0x99, 0x9, 0x62, 0x46,
    0x3c, 0x62, 0xf0, 0x2f, 0xf8, 0x2, 0x1a, 0x87,
    0x60, 0x9, 0x40, 0x3e, 0xa8, 0xd4, 0x30, 0x5,
    0x80, 0x7e, 0xbf, 0x63, 0x17, 0x0, 0xfe, 0x8f,
    0xa8, 0xf0, 0xcf, 0xf8, 0x40, 0x31, 0x7f, 0xe3,
    0x6c, 0xff, 0x84, 0x3, 0x6f, 0x0, 0x24, 0xa3,
    0xec, 0x40, 0x32, 0x4, 0xc8, 0xb1, 0x30, 0x70,
    0xfc, 0xc0, 0x22, 0xa7, 0x76, 0xae, 0x10, 0x2,
    0x21, 0xa2, 0x0, 0x65, 0x6, 0xe9, 0x10, 0xc,
    0xde, 0x20,

    /* U+8C03 "调" */
    0x0, 0x10, 0x7, 0xff, 0x4, 0x75, 0x40, 0x1d,
    0xff, 0xf7, 0x0, 0xdd, 0x18, 0x2, 0xfb, 0xbb,
    0x0, 0x24, 0xa9, 0x0, 0x30, 0x9d, 0x8, 0xc0,
    0x19, 0x68, 0x2, 0xdd, 0x27, 0x40, 0x0, 0x99,
    0xa0, 0xd, 0xba, 0x3e, 0x80, 0x3, 0x4c, 0xc2,
    0x0, 0x10, 0x10, 0xe, 0x4f, 0xf0, 0x6, 0x6d,
    0xe1, 0xdd, 0x8, 0x7, 0xe4, 0xdd, 0xe1, 0x0,
    0xf8, 0x45, 0xdd, 0x7b, 0x0, 0x7c, 0x22, 0x0,
    0x77, 0x1c, 0x3, 0xe3, 0x42, 0x0, 0xff, 0x10,
    0x7d, 0xa0, 0x3, 0xb8, 0xc6, 0x1, 0xa0, 0x28,
    0x28, 0x27, 0xba, 0x46, 0x0, 0xbb, 0x88, 0xe4,
    0xe, 0x0, 0x5e, 0xb6, 0x0, 0x20, 0x9c, 0x80,
    0x72, 0xff, 0xa0,

    /* U+8C22 "谢" */
    0x0, 0xff, 0xe2, 0x8c, 0x0, 0x66, 0xa0, 0xc,
    0x98, 0x0, 0x12, 0xb0, 0x4, 0x58, 0xc0, 0x7,
    0xea, 0x4, 0x17, 0x9f, 0x71, 0x0, 0x8, 0x7,
    0x5a, 0x0, 0x3f, 0xc0, 0xff, 0xea, 0x3c, 0x9,
    0x94, 0x0, 0x6, 0x64, 0xd, 0xfe, 0xb3, 0xc0,
    0x66, 0x28, 0x4, 0x66, 0x1, 0x30, 0xe, 0xfc,
    0x0, 0x87, 0x74, 0x0, 0xd1, 0x0, 0xfc, 0x63,
    0x98, 0x1, 0x46, 0x0, 0xf8, 0xf4, 0x7f, 0xc0,
    0xf, 0xb0, 0xf, 0x8f, 0xfd, 0x64, 0x0, 0x58,
    0x0, 0xf8, 0xd8, 0x6b, 0x80, 0x24, 0x0, 0xe7,
    0x2d, 0x1f, 0x83, 0x0, 0xfe, 0xf2, 0xb8, 0xb6,
    0x0, 0xe2, 0x0, 0xdd, 0x8b, 0x8b, 0x1e, 0x80,
    0x9f, 0x36, 0x1, 0x28, 0x81, 0x84, 0x7d, 0x82,
    0x7f, 0x9c, 0x0,

    /* U+8C61 "象" */
    0x0, 0xc2, 0x20, 0xf, 0xfe, 0x0, 0xfd, 0x91,
    0x40, 0x1f, 0x87, 0xd, 0xbb, 0xf6, 0x0, 0x3c,
    0x9e, 0x9b, 0x98, 0xa1, 0x80, 0xe, 0x8b, 0x17,
    0xee, 0x7c, 0x7, 0x73, 0xf8, 0x1, 0x92, 0x3d,
    0xd5, 0x8f, 0x75, 0x80, 0x12, 0x28, 0x99, 0xe1,
    0x33, 0x94, 0x3, 0xa, 0xcc, 0x74, 0xe, 0x4c,
    0xb1, 0x0, 0x22, 0x92, 0x62, 0x9e, 0x18, 0xab,
    0x1b, 0x5, 0xea, 0xdc, 0x59, 0x37, 0x87, 0xcd,
    0xb0, 0x5e, 0xb2, 0xc2, 0xad, 0xb4, 0xcc, 0x30,
    0x1, 0x3a, 0x47, 0x6e, 0x4e, 0xa8, 0x8a, 0x1,
    0x27, 0x59, 0xe7, 0xfa, 0x11, 0x15, 0x70, 0x20,
    0xb7, 0xfe, 0x9d, 0x1e, 0x60, 0x5c, 0x4e, 0x51,
    0xdf, 0xa6, 0xed, 0x7b, 0x0, 0x1e, 0x5a, 0xa3,
    0x0, 0xf, 0xfd, 0x82, 0x1, 0x90, 0x0,

    /* U+8CAB "貫" */
    0x0, 0xa3, 0xb3, 0x1b, 0xf9, 0x97, 0x90, 0x4,
    0x22, 0x26, 0xcc, 0x5a, 0x66, 0x38, 0x0, 0x20,
    0x5f, 0xe5, 0x6d, 0xd4, 0x2e, 0xeb, 0x3, 0x3c,
    0x89, 0xdc, 0x19, 0xee, 0x2b, 0xf7, 0x24, 0x7b,
    0x84, 0x1, 0x37, 0xdd, 0x8c, 0x6e, 0xdf, 0x0,
    0x1c, 0x2a, 0xbf, 0xd6, 0x80, 0x1c, 0x5b, 0xbf,
    0x80, 0x40, 0x3d, 0x99, 0xf8, 0x80, 0x3e, 0xcc,
    0xfc, 0x40, 0x1f, 0x66, 0x7e, 0x20, 0xf, 0xb3,
    0x3f, 0x10, 0x7, 0x8f, 0x33, 0xf0, 0x88, 0x3,
    0xf, 0xa8, 0xfe, 0x63, 0xc5, 0x61, 0x0, 0x29,
    0xee, 0xb0, 0xc0, 0x7, 0x9f, 0x1c, 0xe0, 0xa,
    0xcd, 0x71, 0x0, 0xc2, 0xd9, 0xac, 0x0,

    /* U+8CC7 "資" */
    0x0, 0xfc, 0x20, 0x1f, 0x8a, 0xd8, 0x40, 0x13,
    0x60, 0x1f, 0x8b, 0xf3, 0x8d, 0x98, 0xff, 0xed,
    0xd7, 0xc8, 0x4, 0x95, 0xc1, 0x1b, 0xa2, 0x1c,
    0x92, 0x80, 0x9, 0x23, 0x5f, 0x82, 0xde, 0x70,
    0x70, 0x40, 0x7b, 0xfd, 0xcf, 0xbd, 0xb4, 0xf1,
    0xc, 0xa0, 0x1e, 0xaa, 0x7f, 0x18, 0xde, 0xea,
    0x2, 0xf8, 0x3, 0x16, 0xeb, 0xb7, 0x78, 0xc9,
    0x0, 0x3b, 0x33, 0xf0, 0x80, 0x7d, 0x99, 0xf8,
    0x40, 0x3e, 0xcc, 0xfc, 0x20, 0x1f, 0x66, 0x7e,
    0x10, 0xf, 0x1e, 0x67, 0xe2, 0x70, 0xc, 0x3e,
    0xa3, 0xf9, 0x8f, 0x15, 0xf3, 0x0, 0xa7, 0xba,
    0xc3, 0x0, 0x1e, 0x7f, 0x6b, 0x0, 0x2f, 0x35,
    0xc4, 0x3, 0xb, 0x6c, 0xb8, 0x0,

    /* U+8CEA "質" */
    0x0, 0xf1, 0x0, 0x78, 0x80, 0x35, 0xdb, 0x75,
    0x4, 0x4a, 0xbd, 0xd4, 0x90, 0x4, 0x91, 0xba,
    0xa2, 0x14, 0xad, 0xd5, 0x90, 0x0, 0x43, 0x3f,
    0xee, 0x51, 0xff, 0xbb, 0x8a, 0xa, 0x5f, 0xe0,
    0xff, 0x5d, 0x76, 0x8f, 0x71, 0x42, 0x6c, 0x3,
    0x5a, 0xa8, 0x3, 0xeb, 0x7d, 0xd1, 0xe3, 0xa6,
    0x63, 0x8d, 0x80, 0x26, 0x32, 0xdc, 0xc6, 0xe6,
    0x66, 0x10, 0xf, 0x66, 0x7e, 0x40, 0xf, 0xb3,
    0x3f, 0x20, 0x7, 0xd9, 0x9f, 0x90, 0x3, 0xec,
    0xcf, 0xc8, 0x1, 0xc6, 0x6c, 0xdc, 0xcf, 0x38,
    0x80, 0x61, 0xe5, 0xf, 0xcc, 0x68, 0x34, 0x30,
    0x5, 0x3d, 0xfd, 0x86, 0x0, 0x1c, 0xf8, 0xe8,
    0x10, 0xad, 0xd3, 0x88, 0x7, 0x2e, 0x6d, 0x88,

    /* U+8D25 "败" */
    0x0, 0xfe, 0x35, 0x0, 0xf6, 0x7f, 0xee, 0x0,
    0x56, 0x80, 0x7d, 0x7d, 0xcc, 0x0, 0x9f, 0x0,
    0x3e, 0x73, 0x82, 0x0, 0x10, 0xce, 0xed, 0x80,
    0x18, 0x54, 0x2, 0xa4, 0xee, 0x50, 0xf8, 0x7,
    0xf3, 0x71, 0x98, 0x14, 0xc0, 0x3f, 0x40, 0xe8,
    0x3, 0x7c, 0x3, 0x9c, 0x2, 0xd9, 0x50, 0x3,
    0xa0, 0x7, 0x9c, 0x0, 0xac, 0xc4, 0x23, 0x20,
    0xe, 0x21, 0x0, 0xd1, 0xb, 0x60, 0xc, 0xa3,
    0x98, 0x4, 0x0, 0x18, 0x34, 0x80, 0x69, 0x35,
    0x39, 0xa0, 0x9, 0xc0, 0x80, 0x3a, 0xd9, 0x56,
    0x0, 0x43, 0x46, 0x90, 0x0, 0x6d, 0xe0, 0x3a,
    0xca, 0xdb, 0x1e, 0x75, 0xc1, 0x47, 0x4, 0xe,
    0x98, 0x7c, 0x41, 0xef, 0x40,

    /* U+8D27 "货" */
    0x0, 0xff, 0xe4, 0x4e, 0x0, 0x35, 0x40, 0x2,
    0xc4, 0x1, 0xa9, 0xf4, 0x2, 0xd6, 0xbf, 0xc1,
    0x0, 0x37, 0x39, 0xb, 0xd9, 0x2f, 0x7f, 0x51,
    0x80, 0xe5, 0x58, 0x0, 0xa4, 0x6e, 0x10, 0x1,
    0xe0, 0x34, 0x80, 0x12, 0x92, 0xc5, 0xdd, 0xa6,
    0x1, 0x96, 0x80, 0x2b, 0xc8, 0x8b, 0xb0, 0x3,
    0x74, 0x77, 0x6c, 0xdd, 0x84, 0x3, 0x8e, 0x77,
    0x57, 0x5b, 0xab, 0x10, 0xf, 0x8c, 0xeb, 0x13,
    0x32, 0x0, 0x7f, 0xf3, 0x90, 0x5c, 0x3, 0xfd,
    0x88, 0xb5, 0x9, 0xd2, 0xbc, 0x40, 0x19, 0x2b,
    0x6e, 0xce, 0xd9, 0xd3, 0xf2, 0x40, 0xa, 0x91,
    0x9e, 0x50, 0x1, 0x3e, 0xe8, 0xe4, 0x1, 0x5b,
    0x28, 0x1, 0xf1, 0xd5, 0x80,

    /* U+8D28 "质" */
    0x0, 0xff, 0xe3, 0x9, 0x1a, 0x2b, 0x3c, 0xde,
    0xfd, 0x80, 0x6c, 0xde, 0x8e, 0xcb, 0x7e, 0xea,
    0xc0, 0x3a, 0xb7, 0x2e, 0xac, 0x94, 0xc4, 0x3,
    0xd5, 0xff, 0xa0, 0xff, 0xf8, 0x40, 0x29, 0xee,
    0xca, 0xdd, 0xdc, 0x20, 0x11, 0x89, 0x9c, 0xc2,
    0x67, 0x84, 0x2, 0x31, 0x4d, 0xd8, 0xdf, 0x76,
    0xc0, 0xc, 0x20, 0x1, 0xff, 0x75, 0x7f, 0xa8,
    0x3, 0xcc, 0x1, 0x96, 0xc0, 0x3e, 0x10, 0x20,
    0xc, 0x26, 0x1, 0xf2, 0x10, 0x7, 0x7b, 0x80,
    0x7d, 0x8e, 0xb, 0x60, 0xcb, 0x30, 0x4f, 0x60,
    0x13, 0xf8, 0xb, 0x54, 0x59, 0x6, 0x4b, 0x0,
    0x10, 0xd5, 0x37, 0xf, 0xd0, 0x63, 0xb7, 0x52,
    0x9, 0x80, 0x93, 0xf2, 0x20, 0x19, 0xba, 0x0,

    /* U+8D34 "贴" */
    0xd, 0xff, 0xda, 0x1, 0x71, 0x80, 0x7b, 0x3b,
    0x98, 0x1, 0xff, 0xc0, 0x15, 0x1, 0x0, 0xe6,
    0x22, 0x80, 0x34, 0x90, 0x7, 0xab, 0x76, 0x10,
    0xf, 0xfb, 0x3f, 0xe1, 0x0, 0xff, 0xed, 0xaf,
    0xf8, 0x73, 0xfd, 0x80, 0x18, 0xc4, 0x2, 0x4d,
    0xdd, 0x22, 0x0, 0x41, 0x11, 0x1a, 0x0, 0x91,
    0x65, 0x0, 0xa5, 0x92, 0x56, 0x40, 0x3f, 0xe8,
    0xfc, 0xa1, 0x0, 0xff, 0x5b, 0xa2, 0xa4, 0x2,
    0xee, 0xee, 0x0, 0x28, 0xd0, 0x2, 0xf4, 0xe,
    0x67, 0x50, 0x82, 0xd0, 0x4, 0x28, 0xb8, 0x89,
    0x9f, 0x0,

    /* U+8D44 "资" */
    0x0, 0xf8, 0x8c, 0x3, 0xf2, 0x51, 0x80, 0x53,
    0x60, 0x1f, 0x97, 0x75, 0x62, 0xa8, 0xdd, 0xfd,
    0xcf, 0x90, 0x0, 0xbf, 0xe2, 0xd5, 0xf3, 0xa7,
    0x78, 0x50, 0x6, 0x16, 0x3a, 0x42, 0x65, 0x32,
    0x83, 0x0, 0x13, 0x5f, 0x2, 0x97, 0xce, 0x72,
    0xb8, 0x0, 0x77, 0x6e, 0x49, 0xca, 0x62, 0xfa,
    0xe9, 0x1, 0xfb, 0x61, 0x61, 0xc7, 0x0, 0x16,
    0x6f, 0x80, 0x43, 0xfe, 0xa7, 0xdf, 0xfe, 0x76,
    0x0, 0xec, 0xdd, 0x54, 0xee, 0xc0, 0x1f, 0x88,
    0xae, 0x12, 0x28, 0x3, 0xfc, 0x48, 0x80, 0xf,
    0xe1, 0x71, 0x17, 0xba, 0x6c, 0x14, 0xa8, 0x7,
    0x5c, 0x7a, 0x43, 0xc9, 0x6d, 0xb8, 0x5, 0x9f,
    0xa3, 0xb2, 0x0, 0x4a, 0xfb, 0xb5, 0x0, 0x3f,
    0xb9, 0x26, 0x1, 0xe6, 0xda, 0x0,

    /* U+8D70 "走" */
    0x0, 0xfa, 0xa4, 0x3, 0xf9, 0xf3, 0x32, 0x3e,
    0x66, 0xa0, 0xc, 0x93, 0x38, 0x96, 0x67, 0x70,
    0x6, 0x35, 0x5c, 0xc4, 0xab, 0x90, 0x2, 0x22,
    0xf0, 0x99, 0x17, 0x80, 0x1b, 0xbe, 0x45, 0xdd,
    0xec, 0x0, 0x7f, 0xbb, 0x9f, 0xe5, 0x6f, 0xfe,
    0xe0, 0xd, 0x16, 0x1, 0xff, 0xc2, 0x5c, 0x0,
    0x9f, 0x33, 0x58, 0x6, 0x13, 0xf0, 0x9, 0x62,
    0x37, 0x80, 0x67, 0x16, 0x30, 0x1, 0x22, 0x70,
    0x6, 0xb8, 0xad, 0x50, 0xf, 0xf4, 0x3, 0x2c,
    0x5a, 0x92, 0x99, 0x16, 0x13, 0x6f, 0x0, 0x37,
    0xc0, 0x5e, 0x6e, 0xe3, 0x37, 0x10, 0x4, 0x2f,
    0x7d, 0xff, 0xc4,

    /* U+8D77 "起" */
    0x0, 0x87, 0xc0, 0x25, 0xff, 0xe5, 0x0, 0x56,
    0xe0, 0x6e, 0xa5, 0x7f, 0xf1, 0x0, 0x51, 0xd2,
    0x13, 0xd6, 0x1, 0xfc, 0x46, 0xa0, 0x86, 0x40,
    0x1f, 0x85, 0x9a, 0x7, 0x66, 0x0, 0x8e, 0x0,
    0xd9, 0x8d, 0x1b, 0xcc, 0x27, 0x76, 0x31, 0x1,
    0x8e, 0xa2, 0x8a, 0xa3, 0x8f, 0xfd, 0xc8, 0x0,
    0x4f, 0x0, 0x8, 0xc0, 0x1f, 0xc2, 0x1, 0x57,
    0x78, 0x7, 0x98, 0x1, 0xec, 0x0, 0xbf, 0xe0,
    0xf, 0x41, 0x0, 0x91, 0x80, 0x61, 0x11, 0x91,
    0x10, 0x48, 0x8, 0xf8, 0x40, 0x22, 0x5d, 0xcc,
    0x54, 0x0, 0x13, 0xd0, 0xb9, 0x4c, 0xa3, 0x33,
    0x28, 0x28, 0x9c, 0xd8, 0x46, 0xef, 0xe1, 0x4a,
    0x0, 0x25, 0x6f, 0x7f, 0xfc, 0x20,

    /* U+8D85 "超" */
    0x0, 0x8f, 0x80, 0x5, 0xff, 0xf1, 0x1, 0xa2,
    0x1, 0x10, 0x1f, 0xe1, 0xaf, 0xf0, 0x18, 0x5c,
    0x50, 0xc4, 0x1c, 0xc, 0x50, 0x4, 0x4, 0x23,
    0x38, 0x73, 0xa, 0x16, 0x82, 0x6, 0x1, 0x19,
    0x94, 0xc, 0xe5, 0x78, 0x23, 0xa3, 0x1, 0xee,
    0x58, 0xf7, 0x55, 0x43, 0x6f, 0x3f, 0x1, 0xdd,
    0x83, 0x37, 0x52, 0x6c, 0x55, 0xac, 0x0, 0x6b,
    0x0, 0x10, 0x8b, 0xe8, 0x46, 0xc8, 0x0, 0x8,
    0x80, 0x19, 0xd0, 0xa, 0xef, 0x78, 0x5, 0xec,
    0x0, 0xef, 0x90, 0xf, 0xe1, 0x35, 0x0, 0xe7,
    0xdd, 0xac, 0x2, 0x27, 0xa0, 0xd, 0x19, 0xff,
    0x67, 0x80, 0x16, 0xa4, 0x29, 0x8c, 0xc0, 0x1e,
    0x14, 0x32, 0x6d, 0x2a, 0xdd, 0xfd, 0x29, 0xe0,
    0x2, 0x9c, 0xef, 0xff, 0xa0,

    /* U+8D8A "越" */
    0x0, 0xde, 0x20, 0x1d, 0xe7, 0x44, 0x0, 0x37,
    0x70, 0x4b, 0xa0, 0x4, 0x21, 0x30, 0x0, 0x12,
    0x20, 0x71, 0x3d, 0x6e, 0x87, 0x79, 0xd4, 0x9,
    0x54, 0xe, 0xa6, 0xd7, 0xe5, 0x1f, 0xe5, 0x2,
    0x28, 0x8, 0xa0, 0x22, 0x30, 0x13, 0x0, 0xe6,
    0x41, 0x98, 0x90, 0x8, 0x84, 0xe4, 0x7, 0xba,
    0x3a, 0xeb, 0x0, 0xbb, 0x93, 0x40, 0x3, 0xd0,
    0x1, 0x88, 0x6, 0x34, 0x43, 0x0, 0x1c, 0x40,
    0x13, 0xd2, 0x19, 0x82, 0x24, 0x98, 0x80, 0x98,
    0x85, 0x7d, 0x92, 0xc0, 0x0, 0xda, 0x40, 0xc2,
    0x40, 0x2c, 0x9d, 0x38, 0x78, 0xde, 0xf, 0x76,
    0x20, 0x7, 0x3a, 0x56, 0x42, 0xa9, 0xc1, 0xea,
    0x81, 0xe, 0x86, 0xdc, 0x5, 0x7c, 0x8, 0x44,
    0x4f, 0x5b, 0xac, 0xdc, 0xdd, 0xc4, 0x9a, 0x0,
    0x18, 0xce, 0xff, 0xf8, 0xc0,

    /* U+8D8B "趋" */
    0x0, 0xde, 0x1, 0xa5, 0x0, 0x3c, 0x24, 0x60,
    0x64, 0x2, 0xd1, 0x57, 0x0, 0x14, 0xee, 0x6,
    0x69, 0xc3, 0x7c, 0xb7, 0x80, 0x51, 0xfe, 0xf,
    0xf3, 0xa4, 0x98, 0x1b, 0x80, 0x44, 0x43, 0x3,
    0x2e, 0x77, 0xbc, 0x9c, 0x80, 0x77, 0x58, 0x19,
    0xa4, 0x4e, 0xe2, 0xaa, 0x18, 0x7, 0xf7, 0xce,
    0xbe, 0x21, 0x33, 0x84, 0x2, 0x3c, 0x0, 0x10,
    0x8a, 0xbf, 0xf0, 0x80, 0x4e, 0x60, 0x8, 0xe6,
    0xbe, 0xec, 0x20, 0x10, 0x90, 0x2, 0xbd, 0xc4,
    0x78, 0x3, 0x18, 0x40, 0x4, 0x9f, 0xfc, 0x20,
    0x17, 0xba, 0x98, 0x1, 0x3f, 0xfc, 0x80, 0x4,
    0xcf, 0x28, 0x82, 0x19, 0x17, 0x80, 0xcc, 0x85,
    0xb6, 0x75, 0x9b, 0xbe, 0x13, 0xd0, 0x9, 0xaf,
    0xbf, 0xfe, 0x10,

    /* U+8DB3 "足" */
    0x0, 0x27, 0xff, 0xfb, 0x80, 0x38, 0x77, 0x7f,
    0x48, 0x7, 0xc4, 0x5f, 0x8c, 0x3, 0xff, 0x96,
    0x45, 0xfc, 0x1, 0xe1, 0xdd, 0xfd, 0x6, 0x1,
    0x93, 0xff, 0x58, 0xff, 0xed, 0x0, 0xe6, 0xd0,
    0xf, 0xfe, 0x17, 0xb0, 0x4, 0x3d, 0xdc, 0x80,
    0x19, 0x1c, 0x3, 0x6e, 0xf2, 0x80, 0x44, 0x53,
    0x0, 0x4, 0xcf, 0x84, 0x2, 0x96, 0xd9, 0x81,
    0x0, 0xfe, 0x65, 0x83, 0xb6, 0xa1, 0x54, 0x32,
    0x28, 0x45, 0x1a, 0x20, 0x9d, 0x2b, 0x15, 0x9b,
    0xb3, 0x8f, 0x18, 0x6, 0x6a, 0xde, 0xff, 0xcc,

    /* U+8DDD "距" */
    0xc, 0xff, 0xc8, 0x8f, 0xff, 0x80, 0x2a, 0xee,
    0x10, 0x0, 0x7b, 0xbc, 0x1, 0x8, 0xc0, 0x18,
    0x47, 0xc0, 0x1f, 0xe1, 0x1e, 0x0, 0xd7, 0xfe,
    0x20, 0x0, 0xf7, 0x71, 0x80, 0x37, 0x8a, 0xb9,
    0x0, 0x7f, 0xf0, 0x80, 0x44, 0x2, 0x30, 0x7,
    0xfd, 0xe4, 0x1a, 0xc8, 0x1, 0xff, 0xc1, 0x4d,
    0x30, 0x13, 0x3c, 0x20, 0x1e, 0x9b, 0x70, 0x6,
    0xee, 0x10, 0xf, 0xf0, 0xf7, 0x71, 0x80, 0x48,
    0x51, 0xd8, 0x1, 0xfd, 0x7, 0x4f, 0x3f, 0x80,
    0x3b, 0xbe, 0x39, 0xed, 0x95, 0x10, 0xa, 0x67,
    0xc4,

    /* U+8DDF "跟" */
    0xd, 0xff, 0xc4, 0x9f, 0xfe, 0x30, 0xb, 0x3f,
    0xc2, 0x0, 0x2e, 0xec, 0x20, 0x1f, 0xf0, 0x8e,
    0x0, 0xff, 0x8b, 0x77, 0x8, 0x6, 0xcf, 0xf0,
    0x80, 0x7, 0xbb, 0x0, 0x6c, 0xe1, 0xce, 0x20,
    0x33, 0xe1, 0x0, 0x9c, 0x0, 0x22, 0x0, 0x16,
    0x66, 0x10, 0xa, 0xcc, 0x3f, 0x54, 0x7, 0xdd,
    0x3f, 0x4, 0x3, 0xa3, 0x90, 0xc, 0xda, 0x44,
    0xf8, 0x0, 0xe7, 0x31, 0x0, 0x91, 0x7d, 0x28,
    0x3, 0x85, 0x10, 0x1, 0x12, 0xa4, 0x0, 0x6b,
    0x1c, 0x92, 0x0, 0x93, 0x55, 0x40, 0x8, 0x22,
    0x4f, 0x69, 0xf1, 0x7c, 0x8c, 0xd3, 0x84, 0xfd,
    0xb0, 0x86, 0x95, 0xfe, 0xb3, 0x2a, 0xc4, 0x40,
    0x1d, 0x10, 0x40, 0xc, 0xb8, 0x20,

    /* U+8DE1 "跡" */
    0xd, 0xff, 0xb8, 0x3, 0x71, 0x80, 0x7b, 0x7f,
    0x40, 0x3f, 0xf8, 0xb3, 0xff, 0xe, 0x7f, 0xc2,
    0x1, 0xe8, 0xcc, 0x6, 0x23, 0x66, 0x4, 0x1,
    0xbf, 0xa0, 0x26, 0x60, 0x32, 0xe3, 0x30, 0x3,
    0x38, 0x73, 0xc2, 0xc8, 0x2, 0xeb, 0x0, 0x9c,
    0x40, 0x84, 0x4a, 0x60, 0x10, 0xb2, 0x0, 0x2c,
    0x43, 0x71, 0x90, 0xc4, 0x1, 0xf7, 0xe0, 0x1d,
    0x31, 0x5e, 0xea, 0x1, 0x22, 0x0, 0x39, 0x18,
    0x17, 0xc, 0x2, 0x22, 0x80, 0x31, 0xb7, 0x93,
    0x50, 0x6, 0xd2, 0x13, 0x81, 0xd8, 0x9, 0x62,
    0x0, 0xf5, 0x98, 0x5f, 0xe4, 0x34, 0x9, 0x10,
    0x3, 0x56, 0xca, 0x1, 0x36, 0xb, 0x6a, 0xa0,
    0x7, 0xe2, 0xc1, 0x7, 0xfe, 0x30, 0x8,

    /* U+8DEF "路" */
    0x0, 0xfe, 0x73, 0x0, 0xf6, 0x7f, 0xe7, 0x2,
    0x81, 0x0, 0xfa, 0xbf, 0xce, 0x0, 0xb0, 0xdf,
    0xf6, 0x0, 0x61, 0x0, 0xc4, 0xcf, 0xdc, 0x34,
    0x0, 0xfd, 0xfc, 0x6c, 0xa, 0x72, 0x1, 0xaf,
    0xfc, 0xea, 0x38, 0xd7, 0x30, 0x20, 0x16, 0xf5,
    0x1f, 0x6e, 0x4, 0xa9, 0xb8, 0x6, 0x40, 0x10,
    0x10, 0x11, 0x69, 0x9a, 0x80, 0x34, 0x90, 0x15,
    0xbb, 0xbd, 0x33, 0x43, 0x9c, 0x3, 0x8f, 0xfa,
    0x40, 0xee, 0xcc, 0x36, 0x1, 0xc2, 0x93, 0xa3,
    0xff, 0x48, 0x68, 0x7, 0xf0, 0xa2, 0x4a, 0x1,
    0xce, 0x44, 0xcc, 0x0, 0x7f, 0x29, 0x5c, 0xad,
    0xf8, 0x0, 0x8a, 0x30, 0xd, 0x39, 0xf6, 0xe6,
    0x3, 0xff, 0x68, 0x4,

    /* U+8DF3 "跳" */
    0xd, 0xff, 0xb4, 0x0, 0x9a, 0x1e, 0x40, 0x1d,
    0x9f, 0x60, 0xa4, 0x1, 0xc6, 0xe0, 0x10, 0x83,
    0x86, 0xc8, 0x7, 0x4e, 0x80, 0x7d, 0x28, 0x60,
    0x13, 0x2c, 0x0, 0x5b, 0xf8, 0x2, 0xb6, 0x1,
    0x7b, 0x90, 0x3, 0x7c, 0x77, 0x41, 0x10, 0x0,
    0xba, 0x0, 0x28, 0x10, 0x30, 0x1, 0x0, 0x7f,
    0x20, 0x3, 0xb4, 0xb, 0xc4, 0x1, 0x50, 0x1,
    0xec, 0xf8, 0xd7, 0x70, 0x2, 0xd6, 0x40, 0x38,
    0x81, 0xad, 0x48, 0x0, 0xd8, 0x42, 0x1, 0xc3,
    0xe8, 0xf8, 0x1, 0xd, 0x88, 0xc, 0x8f, 0x69,
    0x31, 0xa8, 0x6, 0x92, 0x82, 0x38, 0xce, 0x79,
    0x80, 0x9, 0x85, 0xc2, 0x7e, 0xdc, 0xcd, 0x72,
    0xa0, 0x4, 0xbe, 0x22, 0x8, 0x6, 0x3e, 0x60,
    0xa, 0xff, 0xd8, 0x0,

    /* U+8E2A "踪" */
    0xd, 0xff, 0xb4, 0x3, 0x71, 0x80, 0x7b, 0x3e,
    0xc0, 0xff, 0xe1, 0xcf, 0xf8, 0x2, 0x10, 0x70,
    0x0, 0xf7, 0x76, 0x0, 0x7e, 0x15, 0x11, 0xe2,
    0x30, 0xb, 0x7f, 0x0, 0xaf, 0x77, 0xab, 0x0,
    0x1b, 0xe3, 0x9a, 0x0, 0xff, 0xe9, 0x0, 0x98,
    0x40, 0x40, 0x8, 0xcd, 0xe4, 0x0, 0x59, 0x87,
    0xe1, 0xff, 0xd7, 0x1f, 0xee, 0x0, 0xeb, 0x83,
    0xb8, 0xb1, 0xfb, 0x9a, 0x0, 0xe4, 0x40, 0x3f,
    0x80, 0x47, 0x80, 0x1e, 0x14, 0x39, 0x90, 0x4,
    0x6b, 0x0, 0x15, 0x8e, 0x47, 0x1a, 0x80, 0x6f,
    0x60, 0x93, 0xa, 0xec, 0x49, 0x0, 0x8, 0x1,
    0x18, 0x27, 0xa5, 0x44, 0x25, 0x23, 0xc8, 0xc0,
    0x10, 0x0,

    /* U+8EAB "身" */
    0x0, 0xfa, 0x8, 0x3, 0xff, 0x80, 0xae, 0x60,
    0x1f, 0xd9, 0xfe, 0xa0, 0xef, 0xf8, 0xc0, 0x38,
    0x67, 0xbb, 0xb4, 0x3, 0xff, 0x97, 0x19, 0x9d,
    0xe0, 0x1f, 0xaf, 0x77, 0xc0, 0xc, 0x70, 0xd,
    0x5d, 0xde, 0xe, 0x77, 0x0, 0x6a, 0xee, 0xec,
    0x6, 0xb0, 0x1, 0x19, 0xa6, 0xaf, 0x37, 0xb4,
    0x20, 0x0, 0x9b, 0x80, 0x23, 0x28, 0xa, 0x80,
    0x64, 0xff, 0x76, 0xde, 0x20, 0xe5, 0x0, 0x7c,
    0x4f, 0xd1, 0x78, 0x60, 0x1c, 0x51, 0xba, 0xcb,
    0xe7, 0x43, 0x50, 0x10, 0x1, 0x9a, 0xfa, 0xd4,
    0x1, 0x79, 0x6a, 0x40, 0x0,

    /* U+8EE2 "転" */
    0x0, 0x8f, 0x40, 0x21, 0x33, 0xe2, 0x1, 0xee,
    0x61, 0x77, 0x2d, 0x22, 0x3a, 0x80, 0x7f, 0xd4,
    0x3f, 0xea, 0x5b, 0xbe, 0x80, 0x1, 0x91, 0x81,
    0x10, 0x3, 0xfd, 0x31, 0xa1, 0x3c, 0xc0, 0x1f,
    0xe8, 0x92, 0xa5, 0xf6, 0x6f, 0x88, 0x1, 0xb8,
    0x7a, 0xc3, 0x98, 0x9a, 0xcc, 0x84, 0x1, 0xb8,
    0x7a, 0xdd, 0x50, 0x1d, 0x55, 0x18, 0x3, 0x70,
    0xf9, 0xc0, 0xe, 0x24, 0x4, 0x1, 0x5f, 0x69,
    0x77, 0xb8, 0x6a, 0x2, 0xf8, 0x1, 0x33, 0x1c,
    0x59, 0x8b, 0x4, 0xc0, 0x53, 0x50, 0x58, 0x85,
    0xc, 0x43, 0xc4, 0xdc, 0x1, 0x32, 0x1, 0x44,
    0x8d, 0x10, 0x34, 0x19, 0xdf, 0x6, 0x20, 0x1f,
    0x36, 0x54, 0xef, 0x7a, 0x10,

    /* U+8EF8 "軸" */
    0x0, 0x8f, 0x80, 0x3d, 0xe2, 0x1, 0xa2, 0x12,
    0x31, 0x5, 0x0, 0xfe, 0xdd, 0x87, 0x74, 0xc4,
    0x50, 0x29, 0x10, 0x2, 0xfc, 0x1f, 0xf0, 0x7e,
    0x78, 0x4f, 0xe8, 0x86, 0x97, 0x94, 0x8b, 0x6,
    0xe8, 0x33, 0x40, 0x36, 0xa8, 0x99, 0x0, 0x7f,
    0xd7, 0xe7, 0xac, 0x1, 0xff, 0x5f, 0x9e, 0xb0,
    0x2, 0x9c, 0x25, 0xc0, 0x35, 0xf9, 0xf3, 0x0,
    0x7f, 0xa3, 0xb4, 0x7b, 0xd4, 0x29, 0xc2, 0x5c,
    0x0, 0x37, 0x6f, 0x1b, 0xb4, 0x80, 0x7e, 0x1f,
    0xf5, 0x8f, 0xfa, 0x80, 0x3f, 0x91, 0x20, 0x44,
    0x18, 0x67, 0x7, 0xf0, 0x7, 0xfd, 0x59, 0xb9,
    0x82, 0x0, 0xc7, 0xc0, 0x16, 0xa9, 0x16, 0xd1,

    /* U+8EFD "軽" */
    0x0, 0xff, 0xe3, 0x97, 0x0, 0x5f, 0xfe, 0xd0,
    0x7, 0x7e, 0x8f, 0xfa, 0xb4, 0xbb, 0xfc, 0xa8,
    0x0, 0xfe, 0xb1, 0xee, 0x59, 0xb, 0x80, 0xad,
    0x0, 0xc, 0x84, 0x8, 0x80, 0x8, 0x80, 0xd2,
    0x98, 0x2, 0x21, 0xc1, 0x3c, 0xc0, 0x8f, 0x8d,
    0x40, 0x1a, 0x28, 0xaa, 0x80, 0x2, 0x28, 0xc,
    0x3, 0x6f, 0x9e, 0xce, 0xd6, 0x1f, 0xde, 0xe2,
    0x80, 0x37, 0xcf, 0x64, 0xf3, 0xe3, 0xd7, 0xa5,
    0x80, 0x1b, 0xe7, 0xd1, 0xce, 0x64, 0xc, 0x4e,
    0x61, 0x5d, 0x83, 0xde, 0xf3, 0xdc, 0x8, 0xee,
    0x0, 0xe6, 0x3c, 0x73, 0x15, 0x19, 0x80, 0xec,
    0xc0, 0xc, 0x42, 0xc6, 0x21, 0x20, 0x1f, 0xc8,
    0x90, 0x22, 0xc, 0x3, 0x38, 0x7, 0xfa, 0xbf,
    0xe0, 0xbf, 0xf5, 0x0,

    /* U+8F03 "較" */
    0x0, 0x8f, 0x40, 0x3d, 0xc6, 0x1, 0xa2, 0x12,
    0x71, 0x5, 0x33, 0x85, 0x4c, 0xc4, 0x1b, 0xa2,
    0xd, 0xd0, 0x4c, 0xcb, 0x93, 0x27, 0x3, 0xf4,
    0x1f, 0xf3, 0xd0, 0x15, 0x43, 0xd2, 0x87, 0xec,
    0x9c, 0xb3, 0x9, 0x64, 0x9, 0xe8, 0x2, 0x37,
    0x71, 0xb0, 0x7b, 0x88, 0x2, 0xd4, 0xc0, 0x15,
    0x89, 0xab, 0xa3, 0xe4, 0x0, 0x86, 0x50, 0x5,
    0x62, 0x6a, 0xee, 0x75, 0x82, 0xa4, 0xb0, 0x2,
    0xb1, 0x39, 0x40, 0x14, 0xc5, 0x34, 0x1, 0x4f,
    0x69, 0x77, 0xa0, 0x1a, 0xf8, 0xb8, 0x0, 0x73,
    0x1c, 0x59, 0x8a, 0x0, 0x79, 0x28, 0x4, 0x31,
    0xa, 0x18, 0x84, 0x82, 0xd3, 0x3b, 0x0, 0x48,
    0x91, 0xa2, 0x6, 0xea, 0xe6, 0xe6, 0x84, 0x3,
    0xe9, 0x2e, 0x40, 0x4d, 0x17, 0x0, 0x8f, 0x40,
    0x17, 0x22, 0x1, 0x15, 0xb0,

    /* U+8F09 "載" */
    0x0, 0xff, 0xe4, 0x44, 0x80, 0x53, 0x43, 0x44,
    0x1, 0x37, 0xf9, 0xdb, 0xfd, 0x2, 0x3, 0xf8,
    0x60, 0x6, 0xff, 0x3b, 0x7f, 0xa0, 0x2, 0x5a,
    0x70, 0x2f, 0xf9, 0xdb, 0xfe, 0x75, 0xff, 0x5d,
    0x8c, 0xbb, 0xa8, 0x7e, 0xea, 0x4f, 0xbb, 0x18,
    0x4e, 0xea, 0x5b, 0x75, 0x64, 0x41, 0x15, 0x28,
    0x2, 0x7b, 0x8e, 0x9d, 0xcb, 0x61, 0x2, 0x45,
    0x0, 0x27, 0xca, 0x3c, 0xfb, 0x18, 0xd, 0xa8,
    0x80, 0x4d, 0xae, 0xda, 0xe0, 0x22, 0x76, 0x90,
    0xe, 0x23, 0x12, 0x30, 0x2, 0x4b, 0x18, 0x4,
    0x2f, 0xe8, 0xfe, 0xa2, 0x6, 0x10, 0x8, 0x0,
    0x4c, 0xb5, 0x4b, 0xc6, 0x46, 0x5, 0xe, 0x50,
    0xee, 0x9d, 0xbb, 0xaa, 0x95, 0x94, 0x43, 0x87,
    0x75, 0xf, 0xda, 0x58, 0xd4, 0x94, 0x84,

    /* U+8F6C "转" */
    0x0, 0x95, 0x0, 0x38, 0xa0, 0x3, 0xee, 0x30,
    0xe, 0x53, 0x0, 0xec, 0xc2, 0x56, 0x53, 0xe6,
    0x25, 0x73, 0x12, 0x0, 0x94, 0x18, 0x9e, 0x59,
    0x90, 0xcc, 0xda, 0x0, 0x50, 0x61, 0x44, 0x12,
    0xb0, 0x3a, 0xa9, 0x0, 0x25, 0xaa, 0x10, 0x2a,
    0xa8, 0x95, 0x70, 0x82, 0x1, 0x0, 0x53, 0x26,
    0x9, 0x9c, 0xa1, 0xe1, 0x23, 0x10, 0xcd, 0xf,
    0xcc, 0xc8, 0x11, 0x34, 0x1b, 0x60, 0xc1, 0xd9,
    0x93, 0x0, 0xd, 0xc, 0x54, 0xc1, 0x2a, 0x64,
    0xa6, 0xe0, 0x11, 0x28, 0xfe, 0x91, 0xaa, 0x91,
    0xe8, 0x40, 0x7f, 0x60, 0x13, 0x88, 0xf5, 0x75,
    0xd4, 0x0, 0x3b, 0xfa, 0x36, 0x60, 0x71, 0x47,
    0x0, 0x18, 0x80, 0x3e, 0x5e, 0x3c, 0x20, 0xf,
    0xfe, 0x0, 0xe3, 0xa0, 0x7, 0xb8, 0xc0, 0x3d,
    0x4c, 0x0,

    /* U+8F6E "轮" */
    0x0, 0x84, 0x3, 0xc4, 0x1, 0xfb, 0xd0, 0x3,
    0xb2, 0x0, 0x39, 0x54, 0x24, 0xa6, 0x0, 0x61,
    0x61, 0x0, 0x86, 0x6c, 0x2a, 0x50, 0x6, 0x31,
    0x28, 0x2, 0x1c, 0x67, 0x8c, 0x70, 0xd6, 0x3a,
    0x67, 0x0, 0xcb, 0x76, 0x0, 0x53, 0x40, 0x3,
    0xe9, 0xc0, 0x8, 0xc4, 0x0, 0x83, 0xf2, 0x0,
    0x16, 0x59, 0x87, 0xae, 0x6, 0xfc, 0xc3, 0x80,
    0x22, 0xf0, 0xc3, 0xea, 0x3, 0x94, 0x2, 0x3d,
    0x6f, 0x0, 0x91, 0x20, 0x32, 0x0, 0x46, 0x27,
    0xa8, 0x7, 0x10, 0x44, 0x80, 0x1b, 0x64, 0x40,
    0x21, 0xcf, 0xc0, 0x2c, 0x0, 0x71, 0x0, 0x4,
    0x80, 0x6e, 0xda, 0x14, 0xa0, 0x1e, 0x2c, 0x0,
    0x3a, 0x18, 0x7, 0x10, 0x8c, 0x84, 0x1, 0xfd,
    0x51, 0xdd, 0x4c, 0x0,

    /* U+8F6F "软" */
    0x0, 0xc8, 0x1, 0x8d, 0x0, 0x3f, 0x1d, 0x80,
    0x6a, 0xe0, 0xf, 0x44, 0x43, 0x10, 0x60, 0x4d,
    0x0, 0xf0, 0x89, 0x14, 0x46, 0x2, 0x8f, 0xfc,
    0xa1, 0x36, 0x33, 0x72, 0xea, 0x3d, 0xd8, 0x5c,
    0x1, 0x6c, 0x90, 0x0, 0x96, 0x38, 0x13, 0x2,
    0x1, 0x79, 0x0, 0x90, 0xa4, 0x58, 0x11, 0x0,
    0x8, 0x1c, 0x85, 0xdd, 0x78, 0xb8, 0x83, 0x58,
    0x2, 0xaf, 0x9c, 0xfa, 0xc4, 0x8, 0x44, 0x2,
    0x0, 0x34, 0x3f, 0x63, 0x20, 0x6, 0x3, 0x80,
    0x71, 0x26, 0x3d, 0xd0, 0x1, 0x16, 0x80, 0x22,
    0xfd, 0xa4, 0xd, 0x90, 0x73, 0xa2, 0x30, 0x1,
    0x67, 0x72, 0x1d, 0x8c, 0xa2, 0x1, 0x3c, 0x1,
    0x18, 0x80, 0x62, 0xf5, 0x50, 0x38, 0x60, 0x80,
    0x7d, 0x6f, 0x40, 0x16, 0x2, 0x80, 0x66, 0xa0,
    0x9a, 0x0, 0xc3, 0x88,

    /* U+8F74 "轴" */
    0x0, 0xff, 0xe3, 0x62, 0x0, 0x71, 0xf8, 0x6,
    0x66, 0x1e, 0x32, 0x0, 0x7f, 0x7e, 0x88, 0xbc,
    0xc0, 0x27, 0x0, 0xe9, 0x36, 0xc8, 0x77, 0x7f,
    0xac, 0x3f, 0xe0, 0x2, 0xd4, 0x10, 0x1, 0x7f,
    0x7, 0xf0, 0x0, 0x40, 0x40, 0x1e, 0x10, 0x0,
    0x80, 0x20, 0x5c, 0xe9, 0x40, 0x3f, 0x8d, 0xf4,
    0x57, 0x40, 0x51, 0x2, 0x88, 0x0, 0x4d, 0xd1,
    0x7c, 0x2, 0xc5, 0x84, 0x50, 0x6, 0x10, 0xb7,
    0x4, 0xcf, 0x1c, 0xe0, 0x1c, 0xee, 0x11, 0x4,
    0x3, 0xf0, 0xc7, 0xf8, 0xa5, 0x80, 0x3f, 0x90,
    0x40, 0x39, 0x7b, 0x7, 0xb0, 0x3, 0x84, 0x2,
    0x4c, 0xc6, 0xe5, 0x8,

    /* U+8F7B "轻" */
    0x0, 0xa4, 0xc0, 0x3f, 0xf8, 0x4e, 0x1, 0x27,
    0xff, 0x98, 0x0, 0xaa, 0x15, 0x52, 0x23, 0xbb,
    0x38, 0x20, 0xc, 0xd8, 0x54, 0xf8, 0x8, 0xc4,
    0xee, 0x20, 0x1c, 0x67, 0x8c, 0xb0, 0x8, 0xf5,
    0x60, 0x3, 0x2d, 0x59, 0x0, 0x4d, 0x82, 0x22,
    0x0, 0x8c, 0x8, 0x2, 0x3b, 0x98, 0xe2, 0xd9,
    0x0, 0x40, 0x48, 0x43, 0xf0, 0x6b, 0x8c, 0xe2,
    0x18, 0x1a, 0x0, 0x6c, 0x90, 0x22, 0x87, 0xcc,
    0x22, 0x64, 0x10, 0xe5, 0xbb, 0xe9, 0x0, 0xf2,
    0xb9, 0xff, 0xac, 0x7f, 0xd6, 0x3, 0x39, 0xe1,
    0x7e, 0x1, 0xfc, 0x21, 0x5a, 0x1d, 0x0, 0x1f,
    0xe9, 0x62, 0x0, 0x84, 0x70, 0x8, 0xc0, 0x1f,
    0x17, 0x75, 0x43, 0xdd, 0x38,

    /* U+8F7D "载" */
    0x0, 0xff, 0xe4, 0x27, 0x0, 0x47, 0xc1, 0x24,
    0x1, 0x2f, 0xfa, 0xc7, 0xfd, 0x40, 0x21, 0x98,
    0x20, 0x2, 0xff, 0xac, 0x7f, 0xd4, 0x20, 0x5,
    0xa0, 0x1, 0x77, 0x56, 0x3d, 0xd6, 0x87, 0x72,
    0xb0, 0xcb, 0xb9, 0xa7, 0xdd, 0xc1, 0xfd, 0xd1,
    0x80, 0x56, 0x2, 0x1, 0x8, 0x18, 0x4a, 0x0,
    0x37, 0xdc, 0xff, 0xf2, 0x88, 0x81, 0x94, 0x1,
    0xb4, 0x7e, 0xb1, 0xfe, 0x52, 0x66, 0x20, 0x80,
    0x6, 0xec, 0x6d, 0xc6, 0x60, 0x5d, 0xbe, 0x0,
    0x88, 0xef, 0xc9, 0xff, 0xc1, 0xec, 0xa, 0x1,
    0x1e, 0xe6, 0x12, 0x73, 0x0, 0x43, 0x20, 0x40,
    0x7, 0x8a, 0xb4, 0x9e, 0xd5, 0x80, 0x20, 0xb5,
    0x1, 0xee, 0x42, 0xcf, 0x67, 0x35, 0x42, 0x21,
    0xc1, 0x98, 0x86, 0x20, 0x8, 0x2a, 0x56, 0xb6,
    0x20, 0xe, 0xa7, 0x9, 0x90, 0x2, 0x3e, 0xc0,

    /* U+8F83 "较" */
    0x0, 0x90, 0x40, 0x39, 0x40, 0x3f, 0x4a, 0x0,
    0x74, 0x38, 0x7, 0x44, 0xb, 0xe1, 0x8, 0xab,
    0xc2, 0x28, 0x0, 0x26, 0x26, 0x22, 0xfd, 0xd4,
    0xa6, 0xec, 0x21, 0x25, 0x3b, 0xb, 0xbc, 0xbd,
    0xf5, 0x7e, 0x20, 0x7, 0x59, 0x20, 0x4, 0x8,
    0x80, 0x68, 0x40, 0x8, 0x44, 0x0, 0x91, 0xa4,
    0x0, 0x8d, 0x40, 0x8, 0x2d, 0x2d, 0x78, 0x5b,
    0x0, 0x47, 0x31, 0x87, 0xd7, 0xc, 0x2e, 0xdb,
    0x18, 0xba, 0xe9, 0x81, 0xa1, 0x99, 0x48, 0x44,
    0xb2, 0xc4, 0x60, 0x18, 0x90, 0xe5, 0xc0, 0x10,
    0xb3, 0x0, 0x10, 0xfe, 0xc8, 0x9a, 0x0, 0x8,
    0xc5, 0x0, 0x21, 0xcf, 0xd2, 0xa3, 0x0, 0x58,
    0xaf, 0x90, 0x4, 0x60, 0x1c, 0x9a, 0xfb, 0x49,
    0xae, 0x1, 0xf0, 0xd5, 0xe0, 0x2, 0xa9, 0x62,
    0x1, 0xb4, 0xc7, 0x98, 0x3, 0x2e, 0x8,

    /* U+8F85 "辅" */
    0x0, 0xb1, 0x0, 0x38, 0xbc, 0xac, 0x80, 0xa,
    0xa3, 0x32, 0x98, 0x8e, 0x3, 0xf9, 0x1, 0xe8,
    0xc, 0xeb, 0xfe, 0xe6, 0x7, 0x5a, 0x40, 0xda,
    0xbc, 0x54, 0x77, 0xfb, 0x43, 0xfe, 0x80, 0x2,
    0xd7, 0xa0, 0x37, 0xfb, 0x43, 0xfd, 0xc0, 0x3,
    0x12, 0x0, 0xc7, 0xda, 0x3d, 0x82, 0x0, 0x81,
    0x92, 0xe5, 0x0, 0x8, 0x0, 0x44, 0x1, 0x6a,
    0xf0, 0xb, 0x1, 0xfe, 0x8f, 0xe8, 0x4, 0xd0,
    0xe5, 0xe6, 0x9, 0xfc, 0x3f, 0xc0, 0x1f, 0x6a,
    0x83, 0x89, 0x80, 0x90, 0x0, 0x67, 0x38, 0xd4,
    0x80, 0xfb, 0x47, 0xb0, 0x0, 0x3d, 0x38, 0x70,
    0xe0, 0x9f, 0xc3, 0xfc, 0x1, 0x3a, 0x90, 0x7,
    0xf1, 0x0, 0x7f, 0xf0, 0x4d, 0x31, 0x40,

    /* U+8F91 "辑" */
    0x0, 0x94, 0x80, 0x3f, 0xf8, 0x50, 0xe0, 0x1,
    0xfe, 0xed, 0xe6, 0x0, 0x55, 0x11, 0x15, 0x0,
    0x1d, 0xd8, 0x40, 0x3, 0x36, 0x17, 0x3a, 0x0,
    0x22, 0xc0, 0x10, 0xe3, 0x32, 0x32, 0x46, 0x51,
    0x34, 0x10, 0x4, 0x95, 0x42, 0x26, 0x55, 0x7b,
    0x48, 0x8, 0x4c, 0x0, 0x5e, 0x73, 0xff, 0x1c,
    0x90, 0x40, 0x48, 0xc3, 0x18, 0x21, 0x9c, 0x8,
    0x0, 0x27, 0x30, 0x10, 0xb, 0xfb, 0xa0, 0xd,
    0x15, 0x41, 0x96, 0x0, 0x7f, 0x74, 0x1, 0xe2,
    0x18, 0x90, 0x7, 0xf7, 0x40, 0x10, 0xef, 0xe0,
    0x1e, 0x80, 0x3f, 0xba, 0x0, 0x86, 0x7b, 0x83,
    0x6c, 0xc0, 0x89, 0xab, 0xf, 0x40, 0x41, 0x0,
    0x87, 0x1b, 0xbf, 0xe0, 0xd4, 0x0, 0xf1, 0xd4,
    0xbb, 0x2a, 0x1, 0x0, 0x77, 0x10, 0x7, 0xde,
    0x20,

    /* U+8F93 "输" */
    0x0, 0x1b, 0x0, 0x79, 0x54, 0x1, 0xe5, 0xc0,
    0xe, 0x3a, 0x90, 0xc, 0x57, 0x64, 0xbb, 0x0,
    0x17, 0x69, 0x70, 0x40, 0x5, 0xc1, 0x3d, 0xc1,
    0xaa, 0x96, 0x6b, 0xdc, 0x0, 0xa4, 0xac, 0x9c,
    0xe5, 0xf7, 0x6d, 0x3a, 0x90, 0x34, 0x44, 0x8e,
    0xea, 0x7f, 0xf7, 0x6c, 0x85, 0xe0, 0x4, 0x6e,
    0x67, 0x22, 0xf, 0x40, 0xd, 0xba, 0x77, 0x1c,
    0x77, 0x20, 0x7c, 0xc, 0x0, 0x86, 0xe1, 0xe0,
    0x31, 0x1, 0x0, 0xf5, 0x4d, 0x3c, 0x0, 0xee,
    0x84, 0x3, 0xf0, 0xb4, 0x80, 0xe6, 0x4, 0x3,
    0x86, 0xfa, 0x7, 0xc0, 0x7b, 0x82, 0x1, 0xc3,
    0x9b, 0x2e, 0xc0, 0x3d, 0xc1, 0x4, 0x0, 0xce,
    0x60, 0x1f, 0xd6, 0x1, 0xff, 0xc0, 0xe0, 0x19,
    0xf5, 0x0, 0xcd, 0x40, 0x5c, 0x1d, 0xc0, 0x9f,
    0xb0,

    /* U+8FA8 "辨" */
    0x0, 0x88, 0x3, 0xf1, 0x0, 0x71, 0x68, 0x6,
    0xb4, 0x0, 0x69, 0x0, 0x42, 0x20, 0x11, 0x0,
    0x61, 0x10, 0x8, 0x80, 0x7f, 0x47, 0xf0, 0x2,
    0x3f, 0xf0, 0xef, 0x90, 0xdd, 0xb9, 0xa5, 0xd0,
    0xe, 0xaf, 0xa9, 0xc8, 0x1, 0x80, 0xad, 0xe0,
    0x13, 0xf0, 0x6f, 0x80, 0x1c, 0x85, 0x88, 0x5c,
    0x0, 0x4e, 0x4, 0x80, 0x9a, 0x9c, 0x9e, 0xa6,
    0xfd, 0xc3, 0xf4, 0xd6, 0x4f, 0xd0, 0xff, 0x28,
    0x2, 0x7f, 0xc1, 0xbe, 0xc0, 0x1, 0x5, 0x78,
    0x3, 0x20, 0xf, 0x1e, 0xe0, 0x78, 0x0, 0x84,
    0xbf, 0xc1, 0xbe, 0x66, 0xe9, 0x4a, 0x71, 0x54,
    0x3e, 0xe0, 0x67, 0x18, 0x1e, 0x60, 0x2, 0x99,
    0x0, 0x88, 0x4, 0x40, 0x4, 0x43, 0x0, 0x2d,
    0xcc, 0x3, 0xf7, 0xd0, 0x81, 0xc, 0x80, 0x7f,
    0x5a, 0x0, 0xa, 0x80, 0x3b, 0xc8, 0x0,

    /* U+8FB9 "边" */
    0x5, 0xa0, 0xe, 0x2f, 0x10, 0xf, 0x23, 0x50,
    0x6, 0x10, 0x10, 0xf, 0xe, 0xa3, 0x1a, 0xaa,
    0xc1, 0x95, 0x63, 0x0, 0x87, 0x1a, 0xe6, 0x4a,
    0x15, 0x32, 0xba, 0x0, 0xc4, 0x11, 0x98, 0xb2,
    0xcc, 0x94, 0x41, 0x7f, 0xe0, 0xd, 0xee, 0x1,
    0xbc, 0x17, 0x68, 0x3, 0x93, 0x40, 0x27, 0x10,
    0x1, 0x30, 0x6, 0x22, 0x30, 0x4, 0x46, 0x1,
    0xfa, 0x10, 0x40, 0x21, 0x10, 0x7, 0xcc, 0xb2,
    0x1, 0x10, 0x28, 0x7, 0xa2, 0x68, 0x81, 0x55,
    0x2, 0x20, 0xa, 0xc0, 0xc2, 0xd4, 0x1, 0x30,
    0xd6, 0x0, 0x1c, 0x3a, 0xe3, 0x23, 0x22, 0x77,
    0xf8, 0x54, 0x94, 0x6d, 0x77, 0x55, 0x9b, 0xbb,
    0x2e, 0xc0, 0x9a, 0x1, 0x36, 0x7f, 0xbb, 0x9f,
    0xf7, 0x10,

    /* U+8FBC "込" */
    0x2, 0x0, 0xff, 0xe1, 0xce, 0x90, 0x2, 0x3f,
    0xe7, 0x0, 0xf5, 0xbe, 0x10, 0x4e, 0xe9, 0xb8,
    0x3, 0xea, 0x56, 0x1, 0x22, 0x79, 0x0, 0x7e,
    0xb4, 0x0, 0xda, 0xa0, 0x1f, 0xfc, 0x12, 0x41,
    0x20, 0xe, 0x11, 0x80, 0x32, 0x9, 0x28, 0x6,
    0x3e, 0xe8, 0x80, 0x2b, 0x65, 0xb0, 0xc, 0x7f,
    0xe0, 0xc, 0x85, 0x54, 0x34, 0x0, 0xff, 0x4b,
    0x11, 0x16, 0x40, 0x3f, 0xac, 0x20, 0x1, 0x67,
    0x40, 0x1e, 0x1c, 0x5f, 0x10, 0x0, 0xea, 0x68,
    0x4, 0xe1, 0x15, 0x84, 0x1, 0x8f, 0x2c, 0x6,
    0xe6, 0x82, 0xd5, 0x8, 0x82, 0x22, 0x5, 0x13,
    0x6c, 0x5b, 0xb6, 0xce, 0xeb, 0xb9, 0xba, 0xc2,
    0x26, 0x90, 0x1, 0xab, 0x7f, 0xfe, 0x30,

    /* U+8FBE "达" */
    0x2, 0xb4, 0x0, 0xee, 0x40, 0xf, 0x17, 0xcc,
    0x80, 0x3f, 0xf8, 0x29, 0x94, 0x1, 0x85, 0xc0,
    0x3d, 0x96, 0x65, 0xbb, 0x83, 0x77, 0x60, 0x3,
    0x4b, 0x57, 0xba, 0x80, 0x5e, 0xeb, 0xc0, 0x3,
    0x32, 0x43, 0x38, 0x0, 0xc6, 0x78, 0x3, 0x30,
    0x6, 0xd3, 0x22, 0x0, 0x63, 0xff, 0x8c, 0x2,
    0x6a, 0x58, 0x0, 0xc7, 0xdc, 0x10, 0x9, 0xc1,
    0xa5, 0x50, 0x3, 0x8, 0x80, 0x25, 0x8b, 0x3,
    0x7b, 0x40, 0xf, 0x3d, 0x52, 0x54, 0x1, 0xf,
    0x74, 0x1, 0x30, 0xf9, 0x6b, 0x0, 0x68, 0xcc,
    0x0, 0xdc, 0xd0, 0x2a, 0x90, 0x47, 0xca, 0x26,
    0xda, 0xb7, 0x6d, 0x9e, 0xee, 0xdc, 0x32, 0xd2,
    0x0, 0x35, 0x6f, 0xff, 0xc4,

    /* U+8FC7 "过" */
    0x3, 0x50, 0xf, 0xcf, 0x60, 0x1d, 0x4c, 0x1,
    0xff, 0xc1, 0x3c, 0x94, 0x35, 0x5e, 0xd6, 0x55,
    0x0, 0x47, 0x6b, 0x73, 0x3c, 0x85, 0x32, 0x0,
    0xc8, 0x31, 0x99, 0xd2, 0x99, 0x80, 0x1, 0x9c,
    0x0, 0x86, 0x0, 0xfc, 0x5b, 0xac, 0x20, 0xb9,
    0x30, 0xf, 0x8b, 0xb8, 0x1, 0x1c, 0xe8, 0x80,
    0x7f, 0xf0, 0x5a, 0x4, 0x3, 0xff, 0x84, 0xc0,
    0x1f, 0xc2, 0x2, 0x1, 0x2f, 0x72, 0xc, 0x3,
    0x17, 0x86, 0x98, 0x1, 0x6a, 0x9b, 0x0, 0x10,
    0xe1, 0x63, 0xe5, 0xb2, 0x80, 0x19, 0x59, 0xc8,
    0xb, 0x4e, 0x74, 0xea, 0x2a, 0x93, 0x17, 0x63,
    0x1c, 0x10, 0x1, 0x46, 0x6f, 0x73, 0x76, 0xc1,

    /* U+8FCE "迎" */
    0x0, 0xfc, 0x20, 0x1f, 0xa9, 0x0, 0x33, 0x7b,
    0x88, 0xf0, 0x3, 0xad, 0x40, 0xbf, 0x74, 0xfd,
    0xdb, 0xc0, 0x9, 0x54, 0x10, 0x1b, 0x30, 0x7,
    0x7e, 0x0, 0x65, 0xd1, 0x0, 0xff, 0xe1, 0x10,
    0x7, 0xff, 0x4, 0x46, 0x0, 0xff, 0xe0, 0x17,
    0x73, 0xc0, 0x3f, 0xf8, 0x5, 0xf8, 0x1, 0xff,
    0xc7, 0x16, 0xa6, 0x0, 0xff, 0x16, 0x6, 0x7b,
    0x0, 0x33, 0x48, 0x3, 0x8a, 0xbe, 0x94, 0x2,
    0xdc, 0xc0, 0x5, 0x42, 0xe8, 0x1, 0xe1, 0x20,
    0xa, 0xde, 0x65, 0x4a, 0x40, 0x8, 0x0, 0x8,
    0xc4, 0xd8, 0xdc, 0x5d, 0x9f, 0xe8, 0xef, 0xee,
    0x39, 0x69, 0x0, 0x22, 0xfb, 0xff, 0xe6,

    /* U+8FD0 "运" */
    0x1, 0x80, 0xf, 0xfe, 0x11, 0xa6, 0x90, 0x6f,
    0xff, 0xc4, 0x0, 0x2c, 0x4b, 0xc, 0xdd, 0xf8,
    0x80, 0x4, 0x13, 0x20, 0x12, 0x2f, 0x80, 0x2f,
    0xc2, 0x0, 0xff, 0xe0, 0xea, 0xe9, 0x77, 0xff,
    0xf2, 0x80, 0x26, 0x8b, 0x37, 0x42, 0xdb, 0xbc,
    0xa0, 0x12, 0x81, 0x10, 0x6, 0xc9, 0xdc, 0x44,
    0x4, 0xff, 0x80, 0x25, 0x32, 0x6, 0xa2, 0x0,
    0x27, 0x58, 0x6, 0xa9, 0x0, 0x1b, 0xf8, 0x4,
    0x2c, 0x0, 0x15, 0x23, 0x78, 0x93, 0x26, 0x0,
    0xf5, 0x50, 0x6b, 0x4, 0x5a, 0xf0, 0x1, 0x58,
    0x45, 0xff, 0x65, 0xcc, 0x34, 0x40, 0x7, 0x1e,
    0x9b, 0x18, 0xc4, 0x78, 0x94, 0x48, 0x7d, 0x7e,
    0xf7, 0x5d, 0xdd, 0xb8, 0x66, 0xd1, 0x1, 0x7b,
    0xef, 0xff, 0x88,

    /* U+8FD1 "近" */
    0x0, 0xff, 0xe0, 0x9, 0x80, 0x57, 0x0, 0x18,
    0xd1, 0xeb, 0x7b, 0xc8, 0x1, 0x2b, 0x60, 0x2,
    0xc8, 0xed, 0x9f, 0xc2, 0x0, 0x16, 0x33, 0x0,
    0x2c, 0x97, 0x40, 0xf, 0xe, 0xb0, 0x7, 0xff,
    0x1e, 0xef, 0xe4, 0x1, 0x18, 0x0, 0x21, 0xbb,
    0x21, 0xee, 0x98, 0xfb, 0xa2, 0x6, 0x26, 0x68,
    0x6d, 0x98, 0x47, 0xfe, 0x0, 0xb5, 0xc0, 0x3f,
    0xf8, 0x4b, 0x80, 0x1f, 0xfc, 0x15, 0x27, 0x0,
    0xff, 0xe0, 0x35, 0x40, 0x80, 0x7f, 0xa0, 0x3e,
    0x5c, 0x3, 0xf8, 0x6d, 0xac, 0x2e, 0x10, 0x88,
    0x38, 0x24, 0x64, 0x6d, 0x89, 0x76, 0x29, 0xdd,
    0x76, 0xed, 0x8e, 0x5a, 0x40, 0x6, 0xad, 0xff,
    0xf9, 0x40,

    /* U+8FD4 "返" */
    0x2, 0x0, 0xff, 0xe1, 0xf6, 0x0, 0x5b, 0xff,
    0xf6, 0x0, 0x34, 0x6c, 0x2, 0x9e, 0xef, 0x68,
    0x0, 0x7d, 0xc, 0x0, 0x42, 0x3f, 0x0, 0x45,
    0xc6, 0x0, 0x22, 0xf8, 0x3, 0x84, 0x0, 0x73,
    0xbb, 0xe1, 0x0, 0x8, 0xc0, 0x1, 0xa0, 0xef,
    0xf4, 0x20, 0x81, 0xf7, 0x40, 0x20, 0x8b, 0x20,
    0x9, 0xe0, 0x1, 0xfe, 0x80, 0xc, 0x6, 0x1c,
    0xe9, 0x54, 0x1, 0xf2, 0x98, 0x14, 0x62, 0x50,
    0x7, 0xeb, 0xb0, 0x3, 0x80, 0xa, 0x1, 0xf2,
    0x9a, 0xb6, 0xa6, 0xcd, 0xd1, 0x80, 0x50, 0x19,
    0x47, 0x75, 0xa4, 0xf8, 0x1a, 0x22, 0xc7, 0xa7,
    0x96, 0x95, 0x11, 0xd1, 0xa0, 0x43, 0x8b, 0xf7,
    0x95, 0xbd, 0xd6, 0xeb, 0xc, 0xda, 0x20, 0x2f,
    0x7d, 0xff, 0xf1, 0x0,

    /* U+8FD8 "还" */
    0x0, 0xff, 0xe2, 0xb6, 0x8, 0x11, 0x9f, 0xf0,
    0x1, 0x9f, 0x42, 0x33, 0x3f, 0x68, 0x5, 0x61,
    0x15, 0xff, 0x58, 0x67, 0xfb, 0x80, 0x36, 0xc0,
    0x4, 0x34, 0xa6, 0x1, 0xf0, 0x80, 0x6b, 0x12,
    0x30, 0xc, 0xbf, 0xf0, 0x4, 0xca, 0x41, 0xf6,
    0x1, 0x2e, 0xd0, 0x4, 0xd3, 0x6c, 0x18, 0xf6,
    0x1, 0x13, 0x0, 0xd4, 0xd2, 0x0, 0x5a, 0xd4,
    0x1, 0xe6, 0xc5, 0x0, 0xc3, 0xe0, 0x1e, 0x1c,
    0x30, 0xf, 0x15, 0x0, 0x7f, 0xf1, 0x86, 0x41,
    0x40, 0x3f, 0xe1, 0xc1, 0xb8, 0xc6, 0x32, 0x9a,
    0x23, 0x45, 0x35, 0xb, 0x4d, 0xaa, 0x66, 0xee,
    0xcb, 0xa6, 0x4d, 0x0, 0x9b, 0x3f, 0xdd, 0xcf,
    0xfc, 0xa0,

    /* U+8FD9 "这" */
    0x0, 0xfc, 0x4a, 0x1, 0xf3, 0x98, 0x7, 0x35,
    0x10, 0x7, 0x87, 0xc, 0x3, 0x21, 0xd0, 0x7,
    0x9a, 0x35, 0x7f, 0xf1, 0xbf, 0xfe, 0x10, 0x3,
    0xea, 0xee, 0xfa, 0x7, 0x74, 0x20, 0x11, 0x83,
    0xa9, 0x16, 0xd7, 0x22, 0x0, 0x8, 0xa0, 0x7a,
    0xb1, 0x2, 0x5a, 0x0, 0x8f, 0x37, 0x40, 0x5a,
    0x3e, 0x72, 0xa6, 0x1, 0x1f, 0x68, 0x6, 0xa8,
    0xc4, 0xb0, 0xf, 0xfe, 0x0, 0x80, 0xd0, 0x7,
    0xf8, 0xae, 0x73, 0xdf, 0x48, 0x3, 0xc3, 0x5a,
    0x1e, 0x63, 0x8d, 0x86, 0x1, 0x30, 0x11, 0xe5,
    0x88, 0x5, 0x6c, 0x40, 0x9, 0xb4, 0xc3, 0x53,
    0x22, 0xc7, 0x8a, 0x24, 0xf9, 0x7c, 0x55, 0x9b,
    0xbb, 0x2e, 0x8c, 0xbc, 0xc0, 0x63, 0x3f, 0xdd,
    0xcf, 0xfb, 0x88,

    /* U+8FDB "进" */
    0x5, 0xa0, 0xc, 0xba, 0x0, 0x7a, 0x0, 0xc8,
    0xf2, 0x1, 0xff, 0xc1, 0x1c, 0x76, 0x34, 0xd3,
    0x44, 0x6b, 0x21, 0x80, 0x43, 0x8d, 0x72, 0xc3,
    0x32, 0x43, 0x99, 0x0, 0x62, 0x8, 0xdb, 0x2d,
    0xd4, 0xae, 0xd0, 0xb, 0x34, 0x20, 0x1f, 0xf1,
    0xe6, 0x24, 0xcc, 0x9a, 0x68, 0x8d, 0x64, 0x40,
    0x15, 0x50, 0x1, 0x52, 0xc3, 0x32, 0x43, 0x99,
    0x8, 0x7, 0x4e, 0xac, 0x6e, 0xa5, 0x77, 0x42,
    0x1, 0xe2, 0x45, 0x0, 0xff, 0xe0, 0xf, 0xa9,
    0x0, 0x7f, 0x38, 0x51, 0xbd, 0x0, 0x42, 0x60,
    0x1a, 0xaf, 0x47, 0xb0, 0x84, 0x0, 0xf0, 0x68,
    0x44, 0x4d, 0x29, 0x8d, 0xce, 0xff, 0x77, 0x32,
    0xc0, 0xbc, 0x40, 0x9, 0x7d, 0xfd, 0xcf, 0xfc,
    0x40,

    /* U+8FDC "远" */
    0x0, 0xff, 0xe2, 0xdd, 0x0, 0x5f, 0xff, 0x84,
    0x1, 0x2d, 0xa4, 0x1d, 0xdf, 0x84, 0x0, 0x58,
    0xec, 0x2, 0x3f, 0x80, 0x3a, 0x90, 0x47, 0xfc,
    0x1, 0xee, 0xef, 0xf0, 0xa7, 0xfc, 0x1d, 0xc9,
    0x2e, 0xb0, 0xee, 0x85, 0x36, 0xc0, 0x2, 0x20,
    0x61, 0x71, 0x1c, 0x0, 0x26, 0x0, 0xd8, 0x40,
    0x1f, 0xfc, 0x11, 0x4d, 0x0, 0xe8, 0x0, 0xfa,
    0x89, 0x0, 0x2, 0x0, 0x70, 0xe, 0x2e, 0x6d,
    0x0, 0x10, 0x6f, 0x10, 0x5, 0x61, 0x71, 0xa2,
    0x0, 0x1d, 0xed, 0xc0, 0x5, 0xa5, 0x9c, 0x39,
    0x90, 0x88, 0x4, 0x10, 0x88, 0xd8, 0x95, 0x4d,
    0xdb, 0xb9, 0xba, 0xcb, 0x2, 0xd1, 0x0, 0x25,
    0x77, 0xff, 0xb8, 0x80,

    /* U+8FDE "连" */
    0x0, 0x10, 0x7, 0x29, 0x0, 0x7c, 0xd8, 0x20,
    0x1a, 0xdc, 0x3, 0xe6, 0x7d, 0xb, 0xde, 0x1b,
    0xdd, 0xd4, 0x1, 0x48, 0xa4, 0xf9, 0x36, 0x7f,
    0xe8, 0x0, 0xda, 0x84, 0x7, 0x5, 0xa0, 0x45,
    0x0, 0x4, 0x60, 0x4, 0x30, 0x80, 0x7c, 0x9d,
    0xd0, 0x1a, 0xb7, 0xf8, 0x37, 0xfc, 0x80, 0x9f,
    0x80, 0x3, 0xbd, 0xd6, 0x5, 0x6e, 0x90, 0x2,
    0x10, 0x9, 0x8, 0x86, 0xe, 0x44, 0x0, 0xfa,
    0x67, 0x50, 0x44, 0xcc, 0x1, 0xee, 0x11, 0x88,
    0xc, 0x46, 0x0, 0xf3, 0xc4, 0x60, 0xb8, 0x88,
    0x0, 0x30, 0xc, 0x1, 0xff, 0xe, 0xd, 0xdb,
    0x1c, 0xc8, 0x8e, 0xc6, 0x8c, 0x64, 0x14, 0x9b,
    0x57, 0x9b, 0xa7, 0xbc, 0xb8, 0x73, 0xd1, 0x0,
    0x36, 0x7f, 0xbb, 0x9f, 0xf7, 0x20,

    /* U+8FF0 "述" */
    0x0, 0xff, 0xe2, 0xba, 0x0, 0x7a, 0x64, 0x3c,
    0xa0, 0x11, 0x5b, 0x80, 0x7c, 0x3b, 0x68, 0x0,
    0x5c, 0x85, 0x33, 0xc4, 0x43, 0x8, 0x70, 0x8,
    0xf1, 0x7f, 0x76, 0x44, 0x6e, 0xa3, 0x44, 0x2,
    0x30, 0xce, 0xe9, 0x99, 0xdd, 0x84, 0x4, 0x60,
    0x2, 0x68, 0x6, 0xe3, 0x0, 0x1f, 0x74, 0x41,
    0xae, 0x1, 0x9a, 0x40, 0x7, 0xfe, 0x0, 0x93,
    0xc0, 0x34, 0xa9, 0x0, 0x79, 0x4d, 0x40, 0x30,
    0xa5, 0x0, 0x70, 0xc4, 0x80, 0x7b, 0x54, 0x3,
    0xd0, 0xe0, 0x1e, 0x79, 0x0, 0x94, 0x29, 0x40,
    0x3e, 0x14, 0x1, 0xaa, 0x3a, 0x63, 0xa1, 0x55,
    0x4, 0x88, 0x62, 0x6f, 0x91, 0xb7, 0x95, 0xb9,
    0x8e, 0xdd, 0x61, 0x96, 0x98, 0x1, 0xef, 0xbf,
    0xfe, 0x20,

    /* U+8FFD "追" */
    0x1, 0x0, 0xfa, 0x10, 0x3, 0xd5, 0x62, 0x1,
    0x85, 0xc0, 0x3e, 0xa0, 0xc1, 0xf, 0xf7, 0x5,
    0xff, 0xb4, 0x2, 0x1b, 0x64, 0x0, 0x67, 0x76,
    0xa0, 0xf, 0x5a, 0x80, 0x4, 0x7c, 0x1, 0xfe,
    0xfc, 0xcd, 0x20, 0x19, 0x12, 0x0, 0xa3, 0xff,
    0x77, 0x0, 0x7, 0x77, 0x10, 0x1, 0x8c, 0xfc,
    0x0, 0x3f, 0xf0, 0x6, 0xcf, 0xff, 0x38, 0x7,
    0xed, 0xff, 0xe5, 0x0, 0xff, 0xe5, 0x8, 0x3,
    0xae, 0xf9, 0x0, 0x35, 0x4, 0x5, 0xc7, 0xff,
    0x52, 0x80, 0xe2, 0x63, 0xee, 0xb, 0x31, 0x54,
    0xcc, 0x12, 0x31, 0xf3, 0xcb, 0x28, 0xdd, 0x77,
    0x37, 0x58, 0x85, 0xa2, 0x0, 0x6a, 0xdf, 0xff,
    0x98,

    /* U+9000 "退" */
    0x0, 0xff, 0xe2, 0xcd, 0x88, 0x1, 0x7f, 0xfd,
    0xc0, 0x14, 0x36, 0x80, 0x45, 0xff, 0xac, 0x3,
    0xe, 0x14, 0x80, 0x7f, 0xf0, 0x47, 0x20, 0x0,
    0x5d, 0xda, 0x80, 0x3c, 0x42, 0x0, 0x3e, 0xed,
    0xa0, 0x18, 0x46, 0x0, 0x8e, 0xef, 0x78, 0x4,
    0x7d, 0xd1, 0x0, 0xa, 0x3d, 0x3f, 0xd3, 0x20,
    0x3f, 0xf0, 0x6, 0x13, 0x44, 0x1a, 0x4e, 0x0,
    0x7f, 0xd1, 0xc, 0xf5, 0x0, 0xff, 0x12, 0xb2,
    0x98, 0x7, 0xc5, 0xe7, 0xd9, 0x89, 0x7d, 0x81,
    0x0, 0x38, 0x4a, 0x4, 0xe7, 0x50, 0x4d, 0x20,
    0xd, 0xcd, 0x5, 0xe9, 0x1, 0x8, 0x89, 0xfc,
    0xcc, 0xd8, 0xb7, 0x6d, 0x9d, 0xd7, 0x73, 0x75,
    0x8e, 0x5a, 0x40, 0x6, 0xad, 0xff, 0xf9, 0x40,

    /* U+9001 "送" */
    0x0, 0xff, 0xe2, 0xc2, 0x80, 0x49, 0xc0, 0x1a,
    0x70, 0x2, 0xda, 0x80, 0x2, 0x14, 0x0, 0x9,
    0xbc, 0x2, 0x5c, 0x76, 0x2, 0xb3, 0x22, 0x2a,
    0x84, 0x80, 0x23, 0xc6, 0x2c, 0x95, 0xdd, 0x4a,
    0x67, 0x80, 0x63, 0x2, 0xee, 0xa4, 0xfb, 0xad,
    0x0, 0x8, 0xc0, 0x23, 0xfe, 0x3, 0xee, 0x8b,
    0x7b, 0xa8, 0x2e, 0xec, 0xc7, 0xfe, 0x0, 0x67,
    0xfc, 0x81, 0x1f, 0xf3, 0x0, 0x7e, 0x34, 0xa9,
    0x10, 0xf, 0xf1, 0x6b, 0xab, 0x68, 0x7, 0xf3,
    0xeb, 0x40, 0x40, 0x6a, 0x80, 0x4e, 0x12, 0xb7,
    0x68, 0x0, 0xb2, 0xa0, 0x86, 0xe6, 0x82, 0x2c,
    0x8, 0x82, 0x22, 0x5e, 0x3, 0x6c, 0x5b, 0xb6,
    0xce, 0xeb, 0xb9, 0xba, 0xc4, 0x2d, 0x20, 0x3,
    0x56, 0xff, 0xfc, 0xc0,

    /* U+9002 "适" */
    0x2, 0x91, 0x0, 0xc4, 0x6a, 0xf5, 0xa4, 0x0,
    0x32, 0xe4, 0x3f, 0xfb, 0xab, 0xf3, 0x88, 0x0,
    0x36, 0xdc, 0x7f, 0xed, 0x82, 0x86, 0x30, 0x8,
    0x82, 0x68, 0x3, 0xff, 0x81, 0xf8, 0x41, 0x99,
    0xa0, 0xb3, 0x31, 0x6, 0xb6, 0x9f, 0xfe, 0xa1,
    0xff, 0xc4, 0x0, 0xaa, 0x19, 0xf1, 0x19, 0xf0,
    0x6, 0x50, 0x3, 0x3b, 0xbc, 0xdd, 0xe1, 0x4,
    0xff, 0x80, 0x13, 0x9a, 0x9, 0xba, 0x85, 0x4,
    0xeb, 0x0, 0xd1, 0x55, 0xc2, 0x1, 0xb, 0x0,
    0x7f, 0xf2, 0x3b, 0x77, 0x84, 0x3, 0x70, 0x48,
    0x67, 0x77, 0xb1, 0x0, 0x74, 0x71, 0x31, 0x0,
    0x8b, 0x84, 0xc4, 0x87, 0xf, 0x6f, 0x37, 0xbb,
    0xb7, 0xc, 0xd8, 0x20, 0x7, 0xbe, 0xff, 0xf8,
    0x80,

    /* U+9009 "选" */
    0x4, 0x20, 0xd, 0x2, 0xd8, 0x1, 0xec, 0xc1,
    0x80, 0x15, 0x80, 0x47, 0x80, 0x28, 0x9c, 0x20,
    0x81, 0xe8, 0x2e, 0xe9, 0xc0, 0x27, 0xa2, 0x80,
    0xff, 0x49, 0xff, 0xce, 0x1, 0x94, 0x2b, 0x80,
    0x3f, 0xc4, 0x50, 0x44, 0x2e, 0xe3, 0xbb, 0xc2,
    0x2d, 0xd8, 0x3f, 0xb5, 0x2e, 0x13, 0xba, 0x11,
    0x7e, 0x80, 0x15, 0x44, 0x2c, 0xa0, 0xab, 0x0,
    0x7e, 0xf7, 0x0, 0xe4, 0x0, 0xfa, 0x52, 0xc0,
    0x3a, 0x4c, 0x3, 0x17, 0x3e, 0x10, 0x18, 0x6e,
    0x88, 0xc0, 0xe, 0x17, 0x6e, 0x30, 0x0, 0xec,
    0xcb, 0x40, 0xf, 0x46, 0x97, 0x6, 0x42, 0x23,
    0x66, 0x8, 0xd3, 0x2c, 0xd8, 0x3c, 0xde, 0xeb,
    0x75, 0x86, 0x3e, 0xc0, 0x6, 0xbf, 0xf7, 0x73,
    0xff, 0x10,

    /* U+900F "透" */
    0x5, 0x10, 0xc, 0x24, 0x68, 0xd1, 0x42, 0x0,
    0xec, 0x10, 0x5e, 0xce, 0xd9, 0xee, 0x48, 0x80,
    0x2d, 0xb4, 0x17, 0xb7, 0x19, 0xe1, 0x8c, 0x3,
    0x50, 0x95, 0xde, 0x54, 0xbb, 0xc4, 0x0, 0x1d,
    0x28, 0x87, 0xb9, 0xb, 0x7c, 0x40, 0x80, 0x38,
    0xcd, 0xce, 0xca, 0x9e, 0x46, 0x0, 0x11, 0x81,
    0x74, 0x2c, 0x42, 0x4f, 0xdc, 0x13, 0xb9, 0xe7,
    0xf, 0xae, 0x6, 0xf5, 0x98, 0x24, 0xfc, 0x3,
    0xdf, 0x8, 0x1e, 0x96, 0x2b, 0x20, 0xf, 0x2b,
    0x4, 0x38, 0xd7, 0x50, 0x7, 0xe8, 0x51, 0xa,
    0xe7, 0x20, 0xf, 0xc, 0xbc, 0x0, 0x10, 0x53,
    0x40, 0x29, 0x17, 0xa3, 0xf2, 0x1, 0xcc, 0x3a,
    0x80, 0xe3, 0xd4, 0x86, 0x10, 0x88, 0x33, 0x16,
    0x42, 0x63, 0x8b, 0xe7, 0xba, 0xee, 0xf6, 0x99,
    0x68, 0x80, 0xc5, 0xf7, 0xff, 0xc4,

    /* U+9014 "途" */
    0x6, 0x20, 0xe, 0x3f, 0xd1, 0x0, 0xe1, 0xd4,
    0x0, 0x8f, 0x69, 0xf0, 0x40, 0x33, 0xcd, 0x90,
    0x36, 0x42, 0xd2, 0x7a, 0x80, 0x66, 0xb0, 0xc8,
    0x97, 0x11, 0x44, 0xd6, 0x8, 0x4, 0x82, 0xbd,
    0x1f, 0xdc, 0xfb, 0xe5, 0x10, 0x22, 0x8e, 0x43,
    0xb8, 0xb1, 0xd8, 0x32, 0x7, 0x98, 0xd0, 0xcf,
    0xf9, 0x63, 0xfe, 0xe0, 0x3e, 0xc0, 0x6, 0x77,
    0x3d, 0x5f, 0xf7, 0xf8, 0x3, 0xe8, 0x80, 0x3,
    0xc3, 0x14, 0x3, 0xe4, 0x78, 0x0, 0xdb, 0x44,
    0x1, 0xc3, 0x74, 0x20, 0x18, 0xda, 0x0, 0x28,
    0x9, 0xd4, 0x47, 0xa9, 0x80, 0x26, 0x80, 0x71,
    0xed, 0xb9, 0xc3, 0x35, 0x44, 0x88, 0x62, 0x43,
    0x89, 0xf7, 0x95, 0x9b, 0xdc, 0xdd, 0x61, 0x9b,
    0x44, 0x5, 0xef, 0xbf, 0xfe, 0x20,

    /* U+901A "通" */
    0x1, 0x0, 0xff, 0xe1, 0xe5, 0x0, 0xb, 0xff,
    0xf4, 0x80, 0x3d, 0x28, 0xb, 0xfa, 0x7f, 0xd8,
    0x49, 0x20, 0x2, 0xd5, 0x40, 0x1, 0x57, 0xd6,
    0x5d, 0x80, 0x31, 0xe2, 0x1, 0x87, 0xc2, 0x8,
    0x19, 0x0, 0x63, 0x2, 0xc8, 0x85, 0x8a, 0xef,
    0xe0, 0x0, 0x46, 0x0, 0xaa, 0x9e, 0x35, 0x49,
    0x0, 0x2f, 0x74, 0x40, 0xd, 0xd7, 0xe, 0xea,
    0x0, 0xb, 0xfe, 0x0, 0x87, 0x31, 0xe3, 0x98,
    0x90, 0xf, 0xc3, 0xdc, 0xd1, 0xee, 0x58, 0x7,
    0xe1, 0xee, 0x68, 0xf7, 0x2c, 0x3, 0xff, 0x90,
    0xe1, 0x62, 0x60, 0x11, 0x7, 0x53, 0x0, 0xdc,
    0xd2, 0x7d, 0x20, 0x9e, 0x8f, 0xfa, 0x89, 0x5f,
    0xd7, 0x6f, 0x67, 0xbb, 0xdb, 0x49, 0x82, 0x0,
    0x7a, 0xdf, 0xff, 0xa0,

    /* U+901F "速" */
    0x7, 0x50, 0xf, 0x6a, 0x80, 0x78, 0xaa, 0x81,
    0xbf, 0xf1, 0x57, 0xfe, 0x0, 0x2e, 0x23, 0x67,
    0x74, 0x53, 0xdd, 0x80, 0x23, 0xf6, 0x13, 0x38,
    0x4, 0xce, 0x10, 0xc, 0x20, 0x5b, 0xdc, 0x2a,
    0xee, 0x69, 0x80, 0x7c, 0x39, 0x82, 0x8c, 0xc0,
    0x80, 0xf, 0xba, 0x20, 0x1, 0x10, 0x8, 0xa0,
    0x8, 0xf7, 0x42, 0x0, 0x2e, 0xc2, 0x8e, 0xe1,
    0x0, 0x46, 0x60, 0x1, 0x67, 0x0, 0x89, 0xb3,
    0x6, 0x1, 0xf1, 0x65, 0x9d, 0x8d, 0x88, 0x7,
    0x86, 0x36, 0x14, 0x1, 0x65, 0xce, 0x1, 0x38,
    0x48, 0xeb, 0x0, 0x69, 0xb1, 0x1, 0xb9, 0xa1,
    0x45, 0x42, 0x86, 0x12, 0x65, 0x3, 0x6c, 0x5b,
    0xb6, 0xce, 0xd6, 0x76, 0xeb, 0x4, 0xb4, 0x80,
    0xd, 0x5b, 0xff, 0xf0, 0x80,

    /* U+9020 "造" */
    0x6, 0x30, 0x8, 0xe8, 0x17, 0x40, 0x3c, 0x38,
    0xc0, 0x8, 0x3, 0x23, 0x3c, 0x20, 0x7, 0xb9,
    0x53, 0x47, 0xe9, 0x1e, 0xe9, 0xc0, 0x24, 0xc4,
    0xda, 0xdd, 0x59, 0x6e, 0xcc, 0x1, 0x8c, 0x61,
    0x4, 0x46, 0x2, 0x38, 0x3, 0x8a, 0x3f, 0xe8,
    0x3f, 0xfc, 0x47, 0xdd, 0x7, 0x77, 0xf8, 0x8f,
    0xb8, 0x20, 0xd, 0xff, 0xf8, 0x3, 0xfa, 0xff,
    0xf6, 0x0, 0x7f, 0xf3, 0x8d, 0x13, 0x28, 0x7,
    0x28, 0x58, 0x3e, 0x7f, 0xed, 0x40, 0x0, 0xd5,
    0x25, 0x73, 0x7e, 0x65, 0x54, 0x99, 0x18, 0x9b,
    0xeb, 0x65, 0x64, 0xee, 0xbb, 0x9b, 0xac, 0x22,
    0x69, 0x0, 0x1a, 0xf7, 0xff, 0xe3,

    /* U+9023 "連" */
    0x7, 0x30, 0xf, 0x71, 0x80, 0x78, 0x71, 0x83,
    0xff, 0xe, 0x7f, 0xdc, 0x0, 0x6a, 0x92, 0xff,
    0xc3, 0x7f, 0xf7, 0x0, 0x4b, 0xc4, 0x4e, 0xe8,
    0x6b, 0xba, 0x0, 0xe1, 0x1, 0xe, 0xe0, 0xef,
    0x78, 0x80, 0x42, 0x30, 0x0, 0x6e, 0xc3, 0xf7,
    0xa0, 0x12, 0x77, 0x3c, 0x0, 0x35, 0x41, 0x9a,
    0xf0, 0x9, 0x3f, 0x0, 0x21, 0xbb, 0xf, 0x5c,
    0x80, 0x7e, 0x3d, 0x88, 0xe, 0xc4, 0x34, 0x3,
    0xc7, 0x9d, 0xd0, 0xdf, 0x75, 0x82, 0x1, 0x9,
    0x7f, 0xe0, 0xbf, 0xfc, 0x20, 0x8, 0x7, 0x33,
    0xc2, 0xa6, 0x78, 0x7, 0x1a, 0xa2, 0xd8, 0xc6,
    0xc4, 0x71, 0x9, 0x8e, 0x2f, 0x9e, 0xeb, 0xab,
    0x7b, 0xad, 0x32, 0xd1, 0x1, 0x8b, 0xef, 0xff,
    0x88,

    /* U+9031 "週" */
    0x1, 0x0, 0xff, 0xe1, 0xe4, 0x0, 0x7, 0xff,
    0xf1, 0x80, 0x39, 0xd8, 0x2, 0xff, 0x67, 0x7f,
    0x88, 0x2, 0x3a, 0x91, 0x0, 0x9, 0x7b, 0x90,
    0x7, 0x96, 0xc4, 0x0, 0xb2, 0x55, 0x28, 0x1,
    0xe4, 0x0, 0x92, 0xd6, 0x2d, 0x0, 0x3f, 0x18,
    0xb6, 0xb4, 0xeb, 0x80, 0x45, 0xdc, 0xd0, 0x13,
    0x6f, 0xfc, 0xe0, 0x11, 0x6c, 0x18, 0x38, 0x8b,
    0x22, 0x1a, 0x1, 0xc6, 0xa0, 0xc, 0x60, 0x5a,
    0xa0, 0x7, 0xf9, 0x30, 0x1a, 0x20, 0x1, 0xfc,
    0x66, 0x70, 0x1d, 0xd5, 0x1, 0x80, 0x6a, 0x19,
    0x81, 0x16, 0xaa, 0xbb, 0xcc, 0x80, 0x16, 0x96,
    0x9a, 0xa4, 0x20, 0xb, 0xec, 0x30, 0x26, 0xc4,
    0xf2, 0xec, 0xff, 0xdd, 0xcd, 0x12, 0xd1, 0x1,
    0x8b, 0xef, 0xff, 0x84,

    /* U+9032 "進" */
    0x0, 0xf8, 0xc4, 0x0, 0x60, 0x1d, 0x8e, 0x1,
    0xe, 0xb8, 0x1e, 0x8, 0x6, 0xf9, 0x80, 0x4,
    0x83, 0x5, 0x30, 0x80, 0x63, 0xa7, 0x22, 0x38,
    0xff, 0x99, 0x9f, 0xec, 0x0, 0x93, 0x8f, 0xc2,
    0xbb, 0x81, 0x7d, 0xcd, 0x0, 0xc3, 0xa0, 0x1,
    0x18, 0x1c, 0x46, 0x0, 0xe5, 0xc1, 0xbf, 0xf0,
    0x67, 0xf9, 0x40, 0xf7, 0xb9, 0x22, 0x19, 0xfe,
    0xc, 0xff, 0x28, 0x1e, 0xe8, 0x3, 0x7d, 0xd8,
    0x3e, 0xec, 0x80, 0x1f, 0xaf, 0xfc, 0x15, 0xfe,
    0x50, 0xf, 0xc8, 0x90, 0x2a, 0x20, 0x40, 0x30,
    0x80, 0x59, 0xfe, 0xc, 0xff, 0x80, 0x2f, 0x7,
    0xf, 0xee, 0xfc, 0x3, 0x83, 0x73, 0x6e, 0x40,
    0x1e, 0x31, 0x30, 0xc4, 0xfc, 0xdd, 0x77, 0x7b,
    0x4c, 0xb0, 0x40, 0x5e, 0xfb, 0xff, 0xe2,

    /* U+9047 "遇" */
    0x0, 0xff, 0xe2, 0xe4, 0x80, 0xf, 0xf7, 0x5f,
    0xdb, 0xdc, 0x0, 0xb5, 0x24, 0x0, 0x7b, 0xa1,
    0xcd, 0xc0, 0xc, 0x3e, 0xe2, 0x7, 0xba, 0x1f,
    0xdf, 0x0, 0xe2, 0xe1, 0x3, 0xdd, 0xf, 0xef,
    0x80, 0x7f, 0x1d, 0xd8, 0x7a, 0xf8, 0x2, 0x15,
    0x58, 0xf, 0xaa, 0x83, 0x15, 0xbe, 0x0, 0x2e,
    0x9b, 0xd, 0xff, 0x86, 0xbf, 0xea, 0x3, 0xbf,
    0x0, 0x1d, 0x77, 0x3, 0x2f, 0xe4, 0x40, 0x3e,
    0x70, 0x0, 0x9e, 0xb8, 0x80, 0x7e, 0x5c, 0xd1,
    0xf6, 0xa0, 0xf, 0xe2, 0xff, 0xbb, 0x94, 0x20,
    0x1a, 0x45, 0xdc, 0xc6, 0x40, 0x3, 0xd9, 0x30,
    0x1c, 0x7b, 0x92, 0x43, 0x11, 0x8a, 0x36, 0x84,
    0xc3, 0x13, 0xf3, 0x75, 0xdd, 0xb3, 0x1a, 0x44,
    0xc1, 0x1, 0x7b, 0xef, 0xff, 0x8c,

    /* U+904E "過" */
    0x0, 0xff, 0xe2, 0xe4, 0x80, 0x43, 0xfd, 0xdb,
    0xe0, 0x2, 0xe4, 0xa0, 0x8, 0xbb, 0xb2, 0x0,
    0x62, 0xf4, 0x30, 0xd, 0x1b, 0xa4, 0x0, 0xe2,
    0xe3, 0x0, 0xc3, 0x3a, 0x80, 0x1f, 0xfc, 0x81,
    0x18, 0x13, 0x8b, 0x9a, 0xf9, 0x1e, 0xc1, 0x3b,
    0x9e, 0x0, 0x3f, 0xef, 0xf7, 0x7d, 0x38, 0x27,
    0xe0, 0x6, 0x1e, 0xdd, 0x70, 0x7, 0xff, 0x0,
    0xf7, 0x46, 0x1, 0xff, 0xc0, 0x35, 0x51, 0x80,
    0x7f, 0xf0, 0x48, 0x92, 0x1, 0xe9, 0x17, 0x10,
    0x1f, 0x77, 0x37, 0xd2, 0x0, 0xe3, 0xd4, 0xf5,
    0x98, 0x8, 0x83, 0xb9, 0x42, 0x63, 0x8b, 0xe7,
    0x9b, 0xdd, 0xed, 0x72, 0xd1, 0x1, 0x8b, 0xef,
    0xff, 0x98,

    /* U+9053 "道" */
    0x0, 0xff, 0xe0, 0x8, 0x6, 0x85, 0x0, 0x8f,
    0x84, 0x0, 0x9c, 0x20, 0x16, 0x53, 0x81, 0x9,
    0x41, 0x12, 0x58, 0xc8, 0x0, 0x99, 0xd, 0xdc,
    0x5, 0xdc, 0x15, 0xee, 0x10, 0x0, 0xf5, 0xb3,
    0x30, 0x6e, 0x66, 0x20, 0x8, 0x80, 0x1d, 0xfc,
    0x3b, 0xdf, 0xc0, 0x10, 0x8c, 0x1, 0x67, 0x76,
    0xb0, 0x8, 0xfb, 0xa2, 0x0, 0x6f, 0x76, 0xa0,
    0x8, 0xff, 0xc0, 0x1b, 0x7b, 0xb5, 0x0, 0x7f,
    0xb7, 0x7a, 0x80, 0x3f, 0xdb, 0xbd, 0x40, 0x1f,
    0xe5, 0x33, 0xe0, 0xe, 0x50, 0xb0, 0x4d, 0x88,
    0xd8, 0x80, 0x1, 0xaa, 0x4a, 0xe6, 0xfc, 0xca,
    0xa9, 0x30, 0x62, 0x6f, 0xad, 0x95, 0x93, 0xba,
    0xee, 0x6e, 0xb0, 0x89, 0xa4, 0x0, 0x6b, 0xdf,
    0xff, 0x8c,

    /* U+9054 "達" */
    0x6, 0x20, 0xf, 0x5b, 0x0, 0x78, 0x75, 0x0,
    0xfb, 0xa4, 0x9e, 0xe8, 0x40, 0xf, 0x36, 0x47,
    0xdd, 0x24, 0xf7, 0x42, 0x1, 0x36, 0x37, 0x73,
    0xf9, 0x63, 0xfd, 0xdc, 0x20, 0x8, 0xd3, 0xbc,
    0x33, 0xb9, 0x7, 0xdc, 0x20, 0x22, 0x81, 0xd8,
    0xa5, 0xdd, 0x2c, 0xee, 0x3, 0xff, 0x60, 0x11,
    0x23, 0xab, 0x6f, 0xc8, 0x80, 0x7b, 0xc0, 0x6,
    0xff, 0x8d, 0xff, 0xe6, 0x0, 0xf1, 0x4c, 0xc4,
    0xb3, 0x31, 0x0, 0x78, 0xc4, 0x60, 0x0, 0x8c,
    0x60, 0x1c, 0x3d, 0xd8, 0xdb, 0xbb, 0x0, 0x56,
    0x29, 0x99, 0x92, 0x33, 0x30, 0xd, 0xad, 0x5d,
    0x31, 0x8c, 0xb8, 0x8c, 0x42, 0x6d, 0x8b, 0xe5,
    0xba, 0xed, 0xee, 0xda, 0x65, 0xa2, 0x3, 0x17,
    0xdf, 0xff, 0x10,

    /* U+9055 "違" */
    0x0, 0xfc, 0x22, 0x0, 0xfa, 0xc, 0x3, 0xa6,
    0xc0, 0x3e, 0xfc, 0x30, 0x4d, 0xd3, 0xa6, 0xeb,
    0xc8, 0x2, 0x77, 0x68, 0x26, 0xf0, 0x7e, 0xe8,
    0x4, 0x3, 0x46, 0xae, 0xeb, 0x8b, 0x37, 0x45,
    0xda, 0x20, 0x11, 0xae, 0xdd, 0xfd, 0xda, 0x20,
    0x23, 0x0, 0xc9, 0x17, 0x6a, 0x0, 0x13, 0xb9,
    0xe0, 0x16, 0xef, 0x30, 0x4, 0x9f, 0x80, 0x1,
    0xca, 0xa9, 0x47, 0x98, 0x3, 0xec, 0xdd, 0x77,
    0xd, 0xbb, 0x24, 0x3, 0xd9, 0x9, 0xba, 0x48,
    0xdd, 0x48, 0x7, 0x2e, 0xc2, 0xee, 0x92, 0x37,
    0x61, 0x0, 0x48, 0x96, 0xf7, 0xee, 0x92, 0x37,
    0x61, 0x16, 0x3d, 0x4d, 0xb1, 0x88, 0xb9, 0x44,
    0x44, 0x26, 0x38, 0xbe, 0x7b, 0xae, 0xe5, 0x67,
    0x73, 0x4c, 0xb4, 0x40, 0x62, 0xfb, 0xff, 0xe2,

    /* U+9060 "遠" */
    0x7, 0x20, 0xf, 0x62, 0x80, 0x7d, 0xa8, 0xd,
    0xdd, 0x1d, 0x77, 0x40, 0x13, 0xcd, 0x93, 0x77,
    0x47, 0x5d, 0xd0, 0x6, 0x6b, 0x6e, 0xec, 0x57,
    0xdd, 0x80, 0x32, 0x23, 0xb3, 0x3e, 0xfe, 0x0,
    0xfb, 0x7a, 0x67, 0x7d, 0x80, 0x13, 0xfd, 0xc0,
    0x17, 0x5d, 0xea, 0x0, 0x93, 0xf0, 0x3, 0x67,
    0x75, 0xb2, 0x20, 0x1f, 0xbf, 0xc4, 0x25, 0xba,
    0x66, 0x0, 0x7c, 0xbe, 0x84, 0x1b, 0xde, 0xc0,
    0x1c, 0x3b, 0x15, 0x1, 0x10, 0x28, 0x40, 0xa,
    0x45, 0xa7, 0x50, 0x2, 0x5e, 0xdd, 0x0, 0xe3,
    0xd4, 0xfb, 0x18, 0xf3, 0x8, 0x35, 0x89, 0x8e,
    0x2f, 0x9e, 0xeb, 0xb3, 0x7b, 0xad, 0x32, 0xd1,
    0x1, 0x8b, 0xef, 0xff, 0x88,

    /* U+9065 "遥" */
    0x4, 0x10, 0x8, 0x48, 0xd1, 0xa2, 0xec, 0x1,
    0x7e, 0x8, 0xbb, 0x3a, 0x3b, 0xaf, 0xa0, 0xa,
    0xc6, 0x87, 0xdf, 0x3d, 0xa1, 0xb2, 0xc0, 0x36,
    0xb1, 0xb, 0x31, 0x8, 0x82, 0xd2, 0x1, 0x87,
    0x48, 0x24, 0x42, 0x2, 0x5c, 0xc0, 0x3e, 0xdb,
    0x9e, 0x8c, 0x76, 0xea, 0x1, 0x44, 0x18, 0x6f,
    0x74, 0x77, 0xfe, 0xea, 0x2, 0x89, 0xd2, 0xbb,
    0xc5, 0x37, 0x78, 0xf, 0x38, 0xa, 0x23, 0x15,
    0xc4, 0x60, 0xf, 0xa, 0x19, 0x80, 0x8c, 0xd6,
    0x60, 0x1e, 0x6b, 0x0, 0xe1, 0x70, 0xf, 0xfe,
    0x11, 0x80, 0x75, 0x8a, 0x81, 0xff, 0x8a, 0xbf,
    0x40, 0x21, 0xb6, 0x9b, 0xe9, 0xce, 0xef, 0x10,
    0x1b, 0x7b, 0x79, 0x6e, 0xbb, 0xbd, 0xa2, 0x5a,
    0x20, 0x31, 0x7d, 0xff, 0xf0, 0x80,

    /* U+9069 "適" */
    0x8, 0x30, 0xf, 0x53, 0x80, 0x7b, 0x74, 0xa9,
    0xdc, 0xfe, 0x49, 0xff, 0x77, 0x14, 0x17, 0x6d,
    0x7b, 0x85, 0x1d, 0xc7, 0x3e, 0xe2, 0x80, 0xf,
    0x86, 0x2c, 0x22, 0xec, 0xe1, 0x70, 0x1, 0xe4,
    0xc9, 0xa2, 0x3b, 0x83, 0x40, 0x15, 0x58, 0x0,
    0x7b, 0xca, 0x9d, 0x9a, 0x0, 0x29, 0x8b, 0x0,
    0xae, 0x12, 0xe2, 0x80, 0x23, 0xce, 0x0, 0xc5,
    0xb, 0x70, 0x40, 0x1f, 0xf2, 0x66, 0xa0, 0x7,
    0xff, 0x5, 0xdc, 0x1, 0xff, 0xc2, 0x11, 0x30,
    0x98, 0x6, 0xa1, 0x70, 0xb, 0xdd, 0xd7, 0xf7,
    0x40, 0x36, 0x95, 0xe, 0x46, 0x2, 0x22, 0xfc,
    0x41, 0x36, 0xc5, 0xe3, 0xdd, 0x77, 0x7b, 0x5c,
    0xb4, 0x40, 0x62, 0xfb, 0xff, 0xe6,

    /* U+9078 "選" */
    0x1, 0x0, 0xff, 0xe1, 0xec, 0x80, 0xee, 0xde,
    0x99, 0xba, 0xe8, 0x0, 0x73, 0xb8, 0x77, 0x64,
    0xc, 0xdd, 0x30, 0x4, 0x55, 0x3, 0x9b, 0xa5,
    0x9, 0xed, 0x60, 0xc, 0x9c, 0x22, 0xfd, 0xf2,
    0x38, 0xde, 0xe1, 0x0, 0x42, 0xb, 0xfb, 0x83,
    0x91, 0xba, 0xb3, 0x2, 0x28, 0x23, 0x62, 0xe,
    0xcc, 0xed, 0xd0, 0x97, 0x7e, 0x6, 0xf5, 0x53,
    0xb8, 0xfb, 0xd6, 0x5, 0x9c, 0x0, 0xde, 0x67,
    0xee, 0x15, 0xf5, 0x80, 0x7f, 0xf2, 0x5b, 0xb8,
    0xed, 0xdc, 0x3b, 0xee, 0x20, 0x6, 0x6e, 0xf7,
    0x6e, 0xe3, 0xcf, 0x71, 0x0, 0x16, 0x2a, 0xfe,
    0x30, 0x0, 0x9f, 0xe5, 0x0, 0x53, 0x54, 0x5c,
    0xd0, 0x6, 0x8a, 0x11, 0x13, 0xe2, 0xea, 0x66,
    0x3f, 0xfa, 0xec, 0xa5, 0xa4, 0x0, 0x8b, 0xef,
    0xff, 0x90,

    /* U+90A3 "那" */
    0x3f, 0xff, 0x83, 0xbf, 0xf6, 0x1, 0xf7, 0xd,
    0xfa, 0x84, 0x1, 0x3b, 0xa3, 0x50, 0x0, 0x88,
    0x38, 0x44, 0x1, 0x29, 0x19, 0xac, 0x3, 0xff,
    0x83, 0x2a, 0x40, 0xf, 0xf1, 0xcf, 0xd8, 0x6,
    0x17, 0x80, 0xb, 0xb8, 0x35, 0xd4, 0x1, 0x98,
    0x88, 0x1, 0x8, 0xce, 0x22, 0x0, 0xce, 0x30,
    0x1, 0x11, 0x80, 0x8, 0x80, 0x1d, 0xac, 0x80,
    0x5b, 0x81, 0xba, 0x93, 0x0, 0xc3, 0x3e, 0x5,
    0xf0, 0xdf, 0xea, 0x0, 0xf1, 0xb0, 0x5, 0x78,
    0x0, 0x30, 0x9, 0xc8, 0xf9, 0xc0, 0x6, 0x65,
    0x0, 0xb, 0x0, 0x59, 0xa3, 0x0, 0xe, 0x70,
    0x44, 0x59, 0x0, 0x1f, 0xb9, 0x64, 0x4, 0x10,
    0x13, 0x63, 0x60, 0x1f, 0x8b, 0x40, 0x1b, 0xfa,
    0x41, 0x86, 0x1, 0xc0,

    /* U+90E8 "部" */
    0x0, 0xff, 0xe4, 0x5b, 0x80, 0x4d, 0xff, 0xb8,
    0x83, 0x37, 0x49, 0x3b, 0xaa, 0x3, 0xdd, 0x48,
    0x98, 0x75, 0x76, 0xe5, 0xd4, 0x0, 0x8, 0x98,
    0xa2, 0x5, 0x6c, 0x44, 0xcf, 0x20, 0x8, 0x56,
    0x40, 0x24, 0xf0, 0x2, 0x58, 0x6, 0x63, 0x30,
    0x0, 0xb4, 0x88, 0x68, 0x24, 0x1, 0x54, 0x80,
    0x17, 0x69, 0xf7, 0x17, 0x70, 0x2, 0x7e, 0x0,
    0x2f, 0xff, 0xdc, 0x1, 0x50, 0x40, 0x0, 0xff,
    0xfc, 0x1, 0xd0, 0xc0, 0x11, 0x77, 0x58, 0x1,
    0xe3, 0x12, 0x0, 0x84, 0x62, 0x0, 0xe2, 0x60,
    0x30, 0xf, 0xf8, 0xf6, 0x20, 0x20, 0x2, 0xee,
    0xc0, 0x18, 0xff, 0x9c, 0x2, 0x1c, 0xcc, 0x20,
    0x1f, 0xc7, 0xc4, 0x51, 0xf0, 0x36, 0x0, 0x70,

    /* U+90FD "都" */
    0x0, 0xfc, 0x60, 0x1f, 0xe1, 0xf0, 0x2, 0x6b,
    0x7f, 0xf1, 0x3, 0xe6, 0x3, 0x31, 0x16, 0x65,
    0xba, 0x90, 0x20, 0x58, 0x80, 0x42, 0xa, 0x80,
    0x8, 0x9a, 0xe0, 0x2, 0x44, 0x2, 0xb4, 0x80,
    0x62, 0x49, 0x4, 0xcc, 0x83, 0xc6, 0x30, 0x2,
    0xb6, 0x10, 0x58, 0x84, 0x91, 0x2e, 0x20, 0x1,
    0x35, 0x0, 0x5, 0x11, 0xe1, 0xa8, 0x90, 0x5,
    0x1c, 0x20, 0x3, 0xd4, 0x2e, 0xff, 0x18, 0x4,
    0xee, 0xb0, 0x5c, 0x28, 0xff, 0x84, 0x3, 0xa1,
    0x45, 0x29, 0x78, 0x8a, 0x0, 0xf1, 0x1, 0x8a,
    0x9b, 0xf7, 0x42, 0x1, 0xc4, 0x6, 0x1, 0x4e,
    0x64, 0x20, 0x12, 0xee, 0x48, 0x80, 0x51, 0xff,
    0x8, 0x4, 0xbb, 0xcc, 0x1, 0xa3, 0xfe, 0x10,
    0xf, 0xf4, 0xb8, 0x5, 0xc6, 0xb8, 0x1, 0xc0,

    /* U+914D "配" */
    0x1, 0x1f, 0x80, 0x3f, 0xf, 0x77, 0xc7, 0xff,
    0xdc, 0x3, 0xfe, 0x3e, 0x1f, 0xf1, 0xee, 0xea,
    0x0, 0xff, 0x88, 0xb3, 0x0, 0x55, 0xe7, 0xc3,
    0xf4, 0x1, 0xfe, 0xa5, 0xc5, 0xa1, 0x0, 0xff,
    0x8, 0x11, 0x88, 0x2, 0xef, 0x78, 0x7, 0x8,
    0x80, 0x21, 0x4c, 0xdd, 0x20, 0x6, 0xc2, 0x5,
    0x80, 0x9, 0x9a, 0x8a, 0x0, 0x86, 0x3, 0x20,
    0x3, 0xe4, 0x0, 0xbc, 0x8c, 0xc4, 0x1, 0xff,
    0x54, 0xcd, 0x40, 0x1f, 0x18, 0x80, 0x22, 0xaa,
    0x80, 0xf, 0xa5, 0x80, 0x17, 0xdd, 0x58, 0x8,
    0x21, 0x14, 0xe4, 0x0, 0xae, 0xea, 0xc8, 0x16,
    0xb7, 0x61, 0x50, 0xb5, 0x0, 0x92, 0x42, 0xbf,
    0xf6, 0x0,

    /* U+9192 "醒" */
    0x1f, 0xff, 0x4c, 0x7f, 0xf7, 0x0, 0xff, 0x15,
    0xaf, 0xc8, 0x47, 0xfd, 0xa0, 0x18, 0x41, 0xc0,
    0x35, 0x5d, 0xdc, 0x1, 0x67, 0x16, 0x2f, 0x38,
    0x24, 0x45, 0x20, 0x10, 0xc9, 0x3a, 0xa0, 0x3,
    0x8c, 0xe7, 0x0, 0xca, 0xd9, 0xba, 0x0, 0x47,
    0xfd, 0xa0, 0x18, 0x44, 0x1, 0xa5, 0x3c, 0xb7,
    0xf8, 0x2, 0xff, 0x35, 0xd0, 0x32, 0xd9, 0x75,
    0xd8, 0x80, 0x12, 0xa5, 0x95, 0xb3, 0x50, 0x15,
    0x10, 0x20, 0x6, 0x3b, 0xd8, 0xd0, 0x86, 0x28,
    0x66, 0x0, 0xfd, 0x61, 0xdc, 0x1d, 0xed, 0x0,
    0xad, 0xde, 0xc0, 0x6e, 0xe0, 0xe7, 0x68, 0x5,
    0x9d, 0xd4, 0x78, 0x8c, 0x0, 0x11, 0x80, 0x19,
    0xdd, 0x38, 0xff, 0xc1, 0xbf, 0xeb,

    /* U+91C7 "采" */
    0x0, 0xff, 0xe0, 0x10, 0x80, 0x42, 0x68, 0xac,
    0xf1, 0x57, 0xbf, 0xba, 0x0, 0x93, 0x66, 0x5b,
    0xa1, 0x2d, 0x8c, 0xec, 0x0, 0x97, 0xfd, 0x97,
    0x2b, 0xc, 0xa7, 0x36, 0x1, 0x9f, 0x4, 0xc,
    0x94, 0x0, 0x2f, 0xc0, 0x19, 0x8a, 0x40, 0xf,
    0x80, 0xb, 0x45, 0x0, 0xe8, 0xf0, 0x0, 0xf8,
    0x22, 0x28, 0x3, 0xc8, 0xe0, 0x2, 0xf0, 0x4f,
    0x10, 0xd, 0xff, 0xe5, 0x6f, 0xf7, 0x7f, 0xc0,
    0xc, 0xcd, 0x62, 0x0, 0x1b, 0xcc, 0xc0, 0x3,
    0x38, 0x65, 0x15, 0x92, 0x48, 0xce, 0x0, 0xc7,
    0x89, 0x40, 0xa, 0x4f, 0x30, 0xc, 0x31, 0x8d,
    0x20, 0x1a, 0x5b, 0x24, 0x40, 0xb9, 0x32, 0x0,
    0x3d, 0x16, 0x9c, 0x44, 0xcc, 0x18, 0x7, 0xe4,
    0xdc, 0x20,

    /* U+91CA "释" */
    0x0, 0x85, 0x1d, 0xc0, 0x1f, 0xc3, 0xdf, 0xd5,
    0xc4, 0xff, 0xff, 0x8, 0xb7, 0xe5, 0x24, 0x1e,
    0x4f, 0xba, 0x36, 0x10, 0x95, 0x0, 0x1c, 0x3,
    0x32, 0x6, 0x86, 0x40, 0x11, 0x1, 0x8, 0x80,
    0x2, 0xdf, 0x5b, 0x0, 0x22, 0xe0, 0x4, 0xa8,
    0x1, 0xc0, 0x98, 0xc0, 0x3, 0xbd, 0x2b, 0xf7,
    0x1d, 0x75, 0xe7, 0xb6, 0xa3, 0xfe, 0x31, 0xe9,
    0xa, 0xd7, 0xc8, 0xec, 0x10, 0x26, 0x21, 0xf2,
    0x85, 0x16, 0x21, 0x6, 0x40, 0x7, 0x9a, 0x3d,
    0x27, 0x72, 0x87, 0xb9, 0x40, 0x4, 0x6b, 0x1a,
    0x34, 0xff, 0x58, 0xff, 0xac, 0x6, 0xa4, 0x40,
    0x64, 0x8b, 0x1, 0x14, 0x20, 0xe8, 0x1, 0xbf,
    0x31, 0x3, 0x99, 0x38, 0xc8, 0x7, 0x6f, 0x72,
    0x87, 0xba, 0x60, 0xf, 0xfe, 0x20,

    /* U+91CC "里" */
    0x0, 0x47, 0xff, 0xfb, 0x0, 0x39, 0x7b, 0xa7,
    0x5e, 0xe9, 0xc0, 0x3e, 0x11, 0x80, 0x2, 0x37,
    0x80, 0x79, 0x7b, 0xa7, 0x5e, 0xea, 0x0, 0x3c,
    0xbf, 0xf3, 0xaf, 0xfc, 0xe0, 0x1f, 0x8, 0xc0,
    0x1, 0x1b, 0xc0, 0x3c, 0xbb, 0xb3, 0xae, 0xed,
    0x20, 0x1d, 0x39, 0xdd, 0x29, 0xf7, 0x5b, 0xc0,
    0x18, 0x4c, 0xf9, 0xcc, 0xf1, 0x0, 0x6f, 0xfe,
    0x64, 0xff, 0xe4, 0x0, 0xb7, 0x79, 0x4f, 0x77,
    0x90, 0x2, 0x22, 0xe3, 0x72, 0x2e, 0x0, 0x84,
    0x7c, 0x60, 0x23, 0xe0, 0x2e, 0xef, 0x2a, 0x77,
    0x78, 0x80,

    /* U+91CD "重" */
    0x0, 0xf8, 0x48, 0xd5, 0xe4, 0x40, 0x35, 0x77,
    0x3f, 0xdd, 0x9f, 0xee, 0xf3, 0x0, 0xd7, 0xfd,
    0xfe, 0x56, 0xca, 0x96, 0x20, 0x0, 0xee, 0x63,
    0x76, 0x56, 0xdd, 0xf0, 0x8b, 0xff, 0xc8, 0xff,
    0xfe, 0x10, 0x24, 0xff, 0xc8, 0xff, 0xf9, 0x48,
    0x2, 0x16, 0xdd, 0x95, 0xb7, 0x67, 0xe0, 0xe,
    0x4c, 0xc9, 0x1b, 0x32, 0x40, 0xf, 0x26, 0x64,
    0x8d, 0x99, 0x20, 0x7, 0x97, 0x32, 0x46, 0xcc,
    0x90, 0x3, 0x9f, 0xf7, 0x65, 0x7d, 0xdb, 0xe0,
    0x3, 0x66, 0xee, 0x57, 0xdd, 0xe2, 0x0, 0xbb,
    0xb9, 0x53, 0xbb, 0x88, 0x2, 0x22, 0xe1, 0x22,
    0xf0, 0x0, 0xbf, 0xfc, 0xaf, 0xff, 0xe2,

    /* U+91CF "量" */
    0x0, 0x17, 0xdd, 0xfe, 0xf2, 0x0, 0xf5, 0x57,
    0xd2, 0x1, 0xfa, 0x23, 0xeb, 0x0, 0xfc, 0x23,
    0xf0, 0x7, 0x88, 0x2f, 0x33, 0xed, 0xb0, 0x20,
    0x2e, 0xe4, 0x47, 0xfb, 0xb8, 0x44, 0xcf, 0x44,
    0xff, 0x4e, 0x10, 0x1, 0xe, 0xaa, 0x22, 0x55,
    0x45, 0x80, 0x1c, 0xb3, 0x32, 0x3c, 0xcc, 0xe0,
    0x1e, 0x2d, 0xd8, 0x9b, 0x76, 0x60, 0xe, 0x58,
    0x22, 0x9c, 0x8, 0xaf, 0xb0, 0xd, 0xd3, 0x39,
    0x11, 0x33, 0xbc, 0x3, 0x66, 0xee, 0x67, 0xdd,
    0xe0, 0x1, 0xf7, 0x79, 0x9f, 0xbb, 0xc8,

    /* U+91D1 "金" */
    0x0, 0xf1, 0x6e, 0x10, 0x7, 0xfc, 0x5f, 0xdd,
    0x10, 0x7, 0xf1, 0xfc, 0x99, 0x7f, 0x94, 0x3,
    0xc3, 0x3b, 0xc8, 0x0, 0x3c, 0x9b, 0x10, 0x9,
    0xbc, 0x8f, 0xf3, 0x36, 0x88, 0xba, 0x44, 0x51,
    0x37, 0x31, 0x7, 0x74, 0x42, 0x6a, 0xd0, 0xc7,
    0x9c, 0x11, 0x22, 0x14, 0x48, 0x13, 0x48, 0x0,
    0x23, 0xc6, 0x2, 0x3c, 0x1, 0xbf, 0xf9, 0x55,
    0xff, 0xc4, 0x1, 0x76, 0xd7, 0x71, 0x97, 0xb9,
    0x54, 0xe2, 0x0, 0xcf, 0x42, 0x1, 0xd4, 0x20,
    0x1e, 0x45, 0x60, 0xd, 0xa, 0xa0, 0xf, 0xbc,
    0x40, 0xc0, 0x3, 0x20, 0x1d, 0x7f, 0xeb, 0x9f,
    0x55, 0x7b, 0x6f, 0xfb, 0x80,

    /* U+9332 "録" */
    0x0, 0xb6, 0xc8, 0x13, 0xff, 0xc2, 0x1, 0x42,
    0xce, 0x1a, 0x7f, 0xf0, 0x6, 0x45, 0x82, 0xbd,
    0x5, 0x5e, 0x0, 0x92, 0xe8, 0xcc, 0x34, 0x13,
    0x3c, 0x1, 0x34, 0x5e, 0xea, 0x0, 0x19, 0x9c,
    0x1, 0x13, 0xe3, 0xce, 0x2e, 0x65, 0xbd, 0x85,
    0xaa, 0x3f, 0xe6, 0x8f, 0xad, 0xd6, 0x40, 0x66,
    0xd2, 0x8f, 0x71, 0x9f, 0x69, 0xb0, 0x40, 0x4d,
    0xe8, 0x1, 0xa, 0x1e, 0x92, 0xe9, 0x60, 0xe,
    0xbc, 0x0, 0x7e, 0x0, 0x33, 0x1, 0x30, 0x6,
    0x1e, 0x1, 0x29, 0x0, 0x48, 0xb, 0x9a, 0x11,
    0xc0, 0x11, 0xd0, 0x6e, 0xa6, 0xe2, 0xb4, 0x15,
    0xf4, 0x86, 0xf9, 0x87, 0xfc, 0x5a, 0x86, 0x0,
    0xa4, 0x71, 0xdc, 0xfb, 0x86, 0x90, 0xd9, 0xb0,
    0x4, 0xa8,

    /* U+9488 "针" */
    0x0, 0xff, 0xe3, 0x36, 0x0, 0x79, 0x38, 0x3,
    0xd0, 0x59, 0x89, 0x0, 0xff, 0x5a, 0x5c, 0xcb,
    0x40, 0x3f, 0x95, 0xa9, 0x56, 0x40, 0xf, 0xe5,
    0xbc, 0xcc, 0x82, 0x38, 0x4, 0x60, 0x3, 0xc8,
    0x3c, 0x87, 0x75, 0x43, 0xdd, 0x28, 0xa, 0xa8,
    0xd5, 0x3b, 0xa9, 0x1e, 0xe9, 0x41, 0x10, 0x44,
    0x43, 0x11, 0x88, 0x4, 0x60, 0x4, 0x41, 0x52,
    0x2c, 0x3, 0xfd, 0x98, 0x76, 0xc8, 0x0, 0xff,
    0xe8, 0x18, 0x36, 0x0, 0x7f, 0xc2, 0xee, 0xdf,
    0x0, 0xff, 0xe0, 0x36, 0x59, 0x80, 0x7f, 0x0,

    /* U+949F "钟" */
    0x0, 0xff, 0xe2, 0xb5, 0x80, 0x79, 0x74, 0x3,
    0xa1, 0x73, 0x10, 0x1, 0xfd, 0x69, 0x51, 0xa,
    0x34, 0x46, 0x9a, 0x24, 0x6d, 0x48, 0x91, 0x7d,
    0xd3, 0xd, 0x52, 0xce, 0x7f, 0xf2, 0x5, 0x75,
    0x97, 0x60, 0x1, 0x34, 0xdf, 0x50, 0x3, 0xfc,
    0x4f, 0xc4, 0x1, 0xfe, 0x88, 0x36, 0xc3, 0x1,
    0x89, 0x80, 0x88, 0x0, 0x22, 0x37, 0x10, 0x4,
    0xf4, 0x97, 0x60, 0x2, 0x64, 0xb5, 0x2c, 0x13,
    0xd2, 0x5d, 0x80, 0x1f, 0xb1, 0x84, 0xc0, 0x4f,
    0xc0, 0x37, 0x45, 0x0, 0x7f, 0x85, 0x1c, 0x6c,
    0x3, 0xfc, 0x4d, 0xd2, 0x20, 0x1f, 0x80,

    /* U+94AE "钮" */
    0x0, 0x2b, 0x80, 0x7f, 0xf0, 0xa4, 0x3, 0x77,
    0xff, 0xb4, 0x0, 0x47, 0x59, 0x87, 0xfe, 0xb0,
    0xee, 0x40, 0x80, 0x39, 0x66, 0x20, 0x82, 0x20,
    0x11, 0x81, 0xc1, 0xa, 0x91, 0x23, 0x0, 0x11,
    0x0, 0x1e, 0x20, 0x8d, 0xff, 0x8c, 0x0, 0x2e,
    0x0, 0x13, 0x0, 0x47, 0x24, 0x71, 0x88, 0xb8,
    0x46, 0x31, 0x0, 0x84, 0x70, 0x67, 0x32, 0xf7,
    0x17, 0xc0, 0x8, 0x86, 0xf4, 0x2e, 0xc2, 0x7c,
    0xc1, 0x10, 0x1, 0x10, 0x27, 0x8a, 0x33, 0xb0,
    0xce, 0x10, 0x6, 0x61, 0x23, 0x20, 0x0, 0x2c,
    0x0, 0x17, 0x0, 0xfe, 0x20, 0x20, 0x10, 0x20,
    0xc, 0x22, 0x85, 0x6, 0x10, 0x1, 0x80, 0x80,
    0x66, 0x83, 0x12, 0xc2, 0x29, 0x0, 0x84, 0x0,
    0xa7, 0x54, 0xbd, 0x73, 0xdd, 0x48, 0x6c, 0x80,
    0x17, 0xd4, 0x7f, 0xff, 0xa0,

    /* U+9500 "销" */
    0x0, 0x34, 0x80, 0x48, 0x20, 0x9a, 0x0, 0x61,
    0x0, 0x58, 0x22, 0xb, 0x28, 0x3, 0x1c, 0x8,
    0x49, 0xa4, 0xc9, 0x61, 0x94, 0x2, 0xea, 0x3,
    0x4f, 0xdd, 0x9c, 0x25, 0x84, 0x6, 0x14, 0xe,
    0xfb, 0xfe, 0x4b, 0xb6, 0x51, 0x75, 0x78, 0x1,
    0xb5, 0x23, 0x50, 0x23, 0xff, 0x60, 0x6, 0x20,
    0x12, 0x0, 0x8, 0x6, 0x10, 0x9, 0x10, 0xfe,
    0x84, 0x13, 0xdd, 0xb0, 0x2, 0x88, 0x1b, 0xc5,
    0x3, 0xee, 0xeb, 0x0, 0xb3, 0x9, 0x19, 0x1,
    0xe4, 0x59, 0x80, 0x3f, 0xd1, 0xdd, 0xb0, 0x3,
    0xdd, 0x8, 0x13, 0xff, 0xb4, 0x3, 0x12, 0x37,
    0xa0, 0x6, 0x13, 0x40, 0xc, 0x6f, 0xce, 0x1,
    0xee, 0xa9, 0x0,

    /* U+9501 "锁" */
    0x0, 0xff, 0xe3, 0x3c, 0x80, 0x4c, 0x0, 0xd4,
    0x6, 0x30, 0x0, 0xca, 0x66, 0x1f, 0xac, 0x2,
    0x28, 0x20, 0x6, 0xb7, 0x7f, 0x96, 0x18, 0x80,
    0x13, 0x62, 0xa, 0xf0, 0x67, 0x11, 0xdb, 0x9e,
    0x68, 0x8, 0x2f, 0x7f, 0xe3, 0x9b, 0x92, 0x4a,
    0xa1, 0x0, 0x17, 0x4a, 0x74, 0xc2, 0x33, 0xf3,
    0x2, 0x1, 0x88, 0x48, 0x80, 0x1b, 0x4c, 0x3,
    0x91, 0x3, 0x88, 0x40, 0x1f, 0xef, 0x82, 0x58,
    0x40, 0xf, 0xf5, 0xe1, 0xce, 0x30, 0x4, 0x22,
    0x0, 0xff, 0xe0, 0xa8, 0x90, 0x7, 0xe2, 0x85,
    0x91, 0xb9, 0x82, 0xa2, 0x0, 0x84, 0xe4, 0x91,
    0xe9, 0xd8, 0x37, 0x40, 0x1a, 0x4f, 0x2a, 0xa8,
    0x91, 0x8e, 0xf, 0x0, 0xa3, 0xc, 0x2b, 0x98,
    0x2, 0x19, 0xf0,

    /* U+9519 "错" */
    0x0, 0x34, 0x80, 0x62, 0xd0, 0x7, 0x88, 0x6,
    0xb0, 0x44, 0x10, 0x88, 0xc4, 0x40, 0x42, 0x0,
    0x83, 0x49, 0x93, 0xee, 0xf, 0x70, 0x33, 0xc0,
    0xdb, 0x37, 0x65, 0xcd, 0x2f, 0xf0, 0x77, 0x0,
    0xe2, 0x15, 0x51, 0xb, 0x18, 0x90, 0x10, 0x80,
    0x1f, 0xdc, 0xfd, 0xba, 0xc7, 0xb4, 0x33, 0x94,
    0x5, 0x47, 0x15, 0x3f, 0xff, 0x28, 0x22, 0x7,
    0x50, 0x86, 0x67, 0xc4, 0x0, 0x88, 0x13, 0x42,
    0x1b, 0x77, 0x67, 0x10, 0x6, 0x60, 0xef, 0x18,
    0x5, 0xdf, 0x0, 0x7f, 0xc3, 0xdd, 0x84, 0x3,
    0xc7, 0x6, 0x3, 0xdd, 0x88, 0x3, 0x8a, 0x48,
    0x80, 0x26, 0x7c, 0x1, 0x91, 0x1b, 0x42, 0x0,
    0xff, 0xc0, 0x10,

    /* U+952E "键" */
    0x0, 0xff, 0xe3, 0x5a, 0x82, 0xff, 0xac, 0x1,
    0x66, 0x1, 0x85, 0x2f, 0x8b, 0x95, 0xe3, 0x53,
    0x7a, 0x40, 0x16, 0x8c, 0xc4, 0x14, 0x98, 0xd4,
    0xda, 0x0, 0x22, 0x2e, 0x20, 0x68, 0x69, 0xdc,
    0x4c, 0xb6, 0x84, 0x46, 0x64, 0x9f, 0x3, 0xdc,
    0x4c, 0xb6, 0x80, 0xbb, 0x7, 0xa, 0x55, 0xcf,
    0x26, 0xd0, 0x4, 0x24, 0xe4, 0xbd, 0x43, 0x3c,
    0x9b, 0xd2, 0x0, 0x4d, 0x74, 0x21, 0x33, 0x2b,
    0xb5, 0x3b, 0x0, 0x21, 0x4a, 0x2a, 0xfb, 0x80,
    0x1f, 0xb2, 0x17, 0x21, 0x95, 0x19, 0x7, 0xd1,
    0x40, 0x3e, 0xa2, 0x24, 0x40, 0xaa, 0x20, 0x40,
    0x19, 0x5b, 0xc1, 0xee, 0xcb, 0xf7, 0x62, 0x0,
    0x7a, 0x70, 0x3d, 0x45, 0xb2, 0xb8, 0x7, 0x35,
    0x52, 0x29, 0x7b, 0x34, 0xeb, 0xfc, 0xa0, 0xc,
    0x51, 0xf5, 0x0, 0x3d, 0xef, 0x7f, 0x94,

    /* U+955C "镜" */
    0x0, 0x1a, 0x80, 0x7a, 0x48, 0x3, 0xd1, 0xa0,
    0x13, 0xbc, 0x9c, 0xee, 0x50, 0x1, 0x23, 0x6e,
    0x84, 0x37, 0x55, 0x7b, 0xc6, 0x0, 0xf6, 0xde,
    0xe0, 0xbe, 0x3, 0xbd, 0xac, 0x8, 0x32, 0x67,
    0xa7, 0x1e, 0x68, 0xb6, 0x45, 0x2b, 0xfe, 0xd1,
    0xfc, 0xbf, 0xc9, 0xff, 0x8, 0x36, 0x8d, 0x61,
    0xe, 0xef, 0x8c, 0x2, 0x20, 0x61, 0xd, 0x39,
    0x9c, 0x4, 0x0, 0xaa, 0xc, 0x51, 0x83, 0x77,
    0x65, 0x0, 0xb7, 0x40, 0x5a, 0x21, 0x19, 0x99,
    0x0, 0x27, 0x70, 0xd3, 0x90, 0x46, 0xee, 0x50,
    0xf, 0xea, 0xc2, 0xd5, 0x57, 0xb8, 0x6, 0x1a,
    0xe4, 0x5, 0x40, 0xc, 0x82, 0x0, 0x50, 0x4d,
    0x45, 0x8f, 0x0, 0x8, 0x72, 0x0, 0x9, 0xf4,
    0xba, 0x6d, 0x3, 0x1b, 0xd1, 0x0, 0x7, 0x80,
    0x1f, 0xc4, 0x0, 0x27, 0xfb, 0x84,

    /* U+9577 "長" */
    0x0, 0x97, 0xff, 0xfa, 0x40, 0x3c, 0x3f, 0xff,
    0xa4, 0x3, 0xe3, 0x3f, 0xc0, 0x1f, 0xc, 0x47,
    0xe1, 0x0, 0xf0, 0xdd, 0xfe, 0x10, 0xf, 0xf,
    0x77, 0xe1, 0x0, 0xf0, 0xf7, 0x7e, 0x10, 0x1,
    0x7f, 0xa8, 0x7f, 0xff, 0xc4, 0x4e, 0xe4, 0x8f,
    0x71, 0x8f, 0x7b, 0x98, 0x98, 0x40, 0x22, 0x30,
    0x11, 0x41, 0xa0, 0xbe, 0xe1, 0x80, 0x7e, 0x1a,
    0x9c, 0xdc, 0x70, 0xf, 0xe1, 0x68, 0x33, 0x10,
    0x7, 0x26, 0xd, 0xf7, 0x4d, 0x6b, 0xd0, 0x60,
    0x3, 0xa2, 0x7d, 0xd7, 0xe8, 0xa6, 0xc1, 0xe1,
    0x1, 0xf5, 0xc3, 0x18, 0x7, 0x35, 0xf9, 0x0,

    /* U+957F "长" */
    0x0, 0xde, 0x60, 0x1c, 0x34, 0x40, 0x1f, 0xfc,
    0x3, 0xf0, 0x20, 0xf, 0xf9, 0xf1, 0xa8, 0x3,
    0xfc, 0xfd, 0x79, 0x0, 0x1f, 0xe4, 0xa8, 0xc3,
    0x0, 0xf1, 0x10, 0xc1, 0x99, 0xc8, 0x45, 0xe0,
    0x1d, 0xd6, 0x5, 0x6e, 0x6e, 0xfc, 0x22, 0xff,
    0x83, 0x3f, 0x82, 0xff, 0xf8, 0x40, 0x3e, 0x17,
    0x80, 0xf, 0xfe, 0x14, 0x94, 0x80, 0x7f, 0xf0,
    0x47, 0x5a, 0x0, 0x3f, 0xe2, 0x63, 0xb7, 0xc2,
    0x0, 0xe2, 0xf, 0xed, 0xa1, 0x4d, 0xd, 0xb2,
    0x0, 0x94, 0x56, 0xbf, 0x4, 0xb, 0x2c, 0x48,
    0x2, 0x7e, 0x94, 0x0, 0xf2, 0x50, 0x0,

    /* U+9589 "閉" */
    0x5f, 0xee, 0xbd, 0x4b, 0xfb, 0xaf, 0xe0, 0x2e,
    0xe8, 0xc0, 0x2e, 0xea, 0xc0, 0x5, 0x77, 0x10,
    0x5, 0x77, 0x40, 0x0, 0x66, 0x62, 0x0, 0xa6,
    0x6a, 0x0, 0x19, 0x14, 0x1, 0x88, 0xb0, 0x0,
    0xbb, 0xa2, 0x0, 0xf, 0x75, 0x60, 0x2, 0xee,
    0xca, 0xd3, 0xdd, 0x58, 0x6, 0x23, 0x3b, 0x2c,
    0xcc, 0x1, 0xe9, 0xff, 0x9c, 0xff, 0xc4, 0x1,
    0xd7, 0x98, 0x50, 0x4c, 0xc1, 0x0, 0x7d, 0x25,
    0x20, 0x1f, 0xc9, 0xa7, 0x66, 0x1, 0xf8, 0x62,
    0x68, 0xc, 0x0, 0x67, 0x0, 0x43, 0x88, 0x1d,
    0x1a, 0x19, 0x89, 0x92, 0xe8, 0x6, 0xee, 0x30,
    0x7f, 0xb9, 0xc0,

    /* U+958B "開" */
    0x5f, 0xee, 0xbd, 0x4f, 0xfb, 0xb8, 0xb, 0xba,
    0x30, 0x0, 0xf7, 0x54, 0x0, 0x2b, 0xb8, 0xc0,
    0x3, 0x77, 0x48, 0x0, 0xaa, 0xa3, 0x0, 0xaa,
    0xa8, 0x0, 0x84, 0x60, 0xc, 0x23, 0x80, 0x5,
    0xbb, 0x8, 0x9, 0x6e, 0xd4, 0x0, 0x2d, 0xcf,
    0xf3, 0x87, 0xfd, 0xb4, 0x1, 0xb7, 0x37, 0xfd,
    0xb9, 0xe2, 0x1, 0xd9, 0xe3, 0xba, 0x2d, 0xd0,
    0x80, 0x61, 0xdc, 0x1d, 0xd1, 0x76, 0xb0, 0x6,
    0x1f, 0xb2, 0xff, 0x15, 0xfb, 0x80, 0x71, 0x7a,
    0x91, 0x1, 0x48, 0x40, 0x38, 0x9e, 0x80, 0x31,
    0x19, 0x80, 0x34, 0xd1, 0x0, 0x6a, 0xc9, 0x65,
    0xd0, 0xb4, 0x0, 0xb4, 0xe3, 0xfa, 0x0,

    /* U+9593 "間" */
    0x5f, 0xee, 0xbd, 0x87, 0xfb, 0xaf, 0xe0, 0x2e,
    0xe8, 0xc0, 0x2e, 0xea, 0xc0, 0x5, 0x77, 0x10,
    0x5, 0x77, 0x40, 0x0, 0x66, 0x63, 0x0, 0xa2,
    0x65, 0x40, 0x3, 0x22, 0x84, 0x2, 0x32, 0x28,
    0x0, 0x5d, 0xd1, 0x18, 0xf, 0x75, 0x60, 0x2,
    0xee, 0xca, 0x3d, 0xda, 0xc0, 0x3b, 0xbf, 0xba,
    0xf2, 0x0, 0xfd, 0xbd, 0xd0, 0x80, 0x7f, 0x7e,
    0xec, 0x20, 0x1f, 0xdd, 0x99, 0x0, 0x7f, 0x84,
    0x78, 0x3, 0xfb, 0x7f, 0xe1, 0x43, 0xc0, 0xe,
    0x7e, 0xff, 0xd9, 0x86, 0x95, 0xd0, 0x4, 0x88,
    0x6, 0xaf, 0xe7,

    /* U+95A2 "関" */
    0x5f, 0xee, 0xbd, 0xc7, 0xfb, 0xb8, 0xb, 0xba,
    0x50, 0xb, 0xba, 0xa0, 0x1, 0x6e, 0xca, 0x1,
    0x6e, 0xd2, 0x0, 0x2d, 0xd9, 0x40, 0x2d, 0xda,
    0x40, 0x23, 0x38, 0x40, 0x24, 0x33, 0x10, 0x0,
    0xa6, 0x60, 0x20, 0x48, 0x99, 0x50, 0x0, 0xaa,
    0x98, 0xa, 0x3a, 0xf5, 0x48, 0x0, 0xd5, 0x9,
    0xdc, 0x95, 0xe2, 0x0, 0xea, 0xef, 0x94, 0xfe,
    0xe1, 0x0, 0x75, 0xe6, 0x25, 0x33, 0x24, 0x0,
    0xea, 0xde, 0x1, 0xad, 0xd2, 0x0, 0x70, 0x9f,
    0x26, 0x43, 0x88, 0x7, 0xab, 0x2a, 0x87, 0x98,
    0xf4, 0x20, 0xd, 0x7c, 0xc0, 0x2, 0xae, 0xa9,
    0x65, 0xd0, 0x10, 0xf, 0xf, 0x7c, 0x0,

    /* U+95B2 "閲" */
    0x5f, 0xee, 0xbe, 0x83, 0x7b, 0xb8, 0xb, 0xba,
    0x70, 0xb, 0x7b, 0x94, 0x0, 0x2c, 0xc9, 0x80,
    0x2e, 0xcc, 0x48, 0x0, 0xb3, 0x26, 0x0, 0xbb,
    0x31, 0x20, 0x11, 0x9c, 0x40, 0x13, 0x11, 0x40,
    0x2, 0x88, 0x9b, 0x41, 0xe2, 0x65, 0x40, 0x2,
    0xbb, 0x40, 0xb0, 0x63, 0xdd, 0xa0, 0x3, 0xf,
    0x17, 0xec, 0xa3, 0x80, 0x7c, 0x7f, 0xdb, 0xf1,
    0xe0, 0x1f, 0xfc, 0x93, 0xee, 0x6f, 0xdf, 0x80,
    0x78, 0x74, 0x2b, 0xcb, 0x58, 0x3, 0xcb, 0x84,
    0x80, 0x15, 0x29, 0x80, 0x6e, 0x4c, 0x2, 0x1e,
    0xa, 0x86, 0x5d, 0xb, 0x80, 0xb, 0x3a, 0xff,
    0xd0,

    /* U+95E8 "门" */
    0x0, 0xf2, 0x68, 0x7, 0xc4, 0x5c, 0x66, 0x22,
    0xe0, 0x4d, 0xde, 0x81, 0xdd, 0xe4, 0x1, 0xff,
    0xd6, 0x5f, 0xf8, 0x40, 0x3f, 0xfa, 0xee, 0xa0,
    0x1f, 0xfc, 0x3, 0x80, 0xf, 0xff, 0xe1, 0x98,
    0x40, 0x3f, 0xc3, 0x98, 0x35, 0x4e, 0x0, 0xf8,
    0x7f, 0xd8, 0x20,

    /* U+95EA "闪" */
    0x5, 0x0, 0xff, 0xe0, 0xc4, 0x2, 0xff, 0xff,
    0x20, 0x63, 0x2d, 0x6e, 0xfc, 0x20, 0x1, 0xbc,
    0x12, 0x3, 0x22, 0xc0, 0xe, 0x45, 0x90, 0x4,
    0xb0, 0x7, 0xff, 0x1, 0x10, 0x1, 0xff, 0x28,
    0x18, 0x7, 0xfd, 0x21, 0x60, 0x1f, 0xe5, 0x2d,
    0x6b, 0x0, 0xfc, 0x55, 0x65, 0x8b, 0x20, 0x1e,
    0x3c, 0x65, 0x1, 0xd6, 0x60, 0x7, 0x5b, 0xc8,
    0x4, 0x72, 0x20, 0x1d, 0x12, 0x1, 0xcc, 0xe0,
    0x1f, 0xfc, 0x2, 0x34, 0x17, 0x0, 0xfe, 0xac,
    0xb4, 0x30,

    /* U+95ED "闭" */
    0x7, 0x10, 0xf, 0xfe, 0x6, 0x68, 0x27, 0xff,
    0xec, 0xb, 0x28, 0x4e, 0xef, 0xa0, 0x0, 0x35,
    0x60, 0x23, 0x10, 0x8, 0x88, 0x17, 0x10, 0xc0,
    0x36, 0xb8, 0x7, 0xc4, 0x5c, 0x2, 0x42, 0x1,
    0xd9, 0xbb, 0x86, 0x36, 0xc0, 0x3b, 0xbf, 0xdc,
    0x21, 0x3f, 0x40, 0x1f, 0xa9, 0x4, 0x3, 0xfd,
    0x6f, 0x40, 0x1f, 0xc7, 0xcf, 0xa0, 0x1f, 0xcb,
    0x93, 0x82, 0x1, 0xfc, 0xba, 0xe2, 0x66, 0x13,
    0x0, 0xf8, 0x80, 0xf3, 0x51, 0x0, 0x24, 0x1,
    0xe2, 0xfe, 0xb1, 0x3e, 0x9b, 0x5d, 0x0, 0xfc,
    0x7f, 0xce,

    /* U+95EE "问" */
    0x7, 0x10, 0xf, 0xfe, 0x6, 0xe8, 0x1, 0xdf,
    0xff, 0x70, 0x50, 0x48, 0x66, 0xef, 0xa4, 0x0,
    0x3b, 0xe0, 0x45, 0xf8, 0x13, 0xc5, 0x80, 0x3f,
    0xf8, 0x55, 0x99, 0xc0, 0x1f, 0x9e, 0xe2, 0x14,
    0x60, 0x1f, 0xc8, 0x98, 0x3, 0xff, 0xb5, 0x9f,
    0xed, 0x0, 0xff, 0x56, 0xee, 0x0, 0xfd, 0x8a,
    0x45, 0x80, 0x3f, 0x8, 0x7, 0x19, 0xc0, 0x1f,
    0xf7, 0xe4, 0xc8,

    /* U+95F2 "闲" */
    0x5, 0x0, 0xff, 0xe0, 0xc, 0x30, 0x5f, 0xff,
    0xe4, 0x1f, 0x82, 0xae, 0xef, 0x84, 0x0, 0x52,
    0xa2, 0x3f, 0x80, 0x1c, 0x6e, 0xe0, 0x7, 0x8,
    0x7, 0xff, 0x0, 0x40, 0x3f, 0xab, 0xfe, 0xe,
    0xff, 0x84, 0x3, 0x57, 0xf1, 0x80, 0xef, 0xf8,
    0x40, 0x3c, 0xe0, 0x4, 0xf1, 0x0, 0xf8, 0xa3,
    0x82, 0x1f, 0x40, 0x3c, 0x5f, 0x4, 0x7, 0x43,
    0x20, 0x1d, 0x36, 0xc0, 0x1b, 0xf0, 0x3, 0xad,
    0x80, 0x38, 0x94, 0x3, 0xf8, 0x40, 0x4, 0x43,
    0x17, 0x0, 0xf7, 0x8, 0x56, 0xe2, 0x18,

    /* U+95F4 "间" */
    0x7, 0x10, 0xf, 0xfe, 0x7, 0x60, 0x3, 0xff,
    0xf7, 0x4, 0x8c, 0x6, 0xef, 0xd2, 0x0, 0x1d,
    0x80, 0x22, 0xfc, 0xb, 0xe2, 0x1, 0xff, 0xc3,
    0xef, 0xfe, 0x30, 0xf, 0xd9, 0xff, 0x8, 0x7,
    0xf0, 0x80, 0x7f, 0xf0, 0x77, 0xfe, 0x10, 0xf,
    0xec, 0xff, 0x84, 0x3, 0xf8, 0x40, 0x3f, 0xf8,
    0x3f, 0x99, 0x8, 0x7, 0xed, 0xef, 0xfb, 0xc,
    0x3, 0xe3, 0x3f, 0x0, 0x90, 0x7, 0xff, 0x3,
    0xa5, 0xc0,

    /* U+961F "队" */
    0x0, 0xff, 0xe1, 0x9f, 0xfe, 0xc0, 0xb, 0x94,
    0x3, 0x87, 0xb8, 0x88, 0x0, 0xc2, 0x1, 0xe1,
    0x4, 0xa0, 0xf, 0xfe, 0x3, 0xa1, 0x0, 0x42,
    0xe0, 0x1f, 0x56, 0x80, 0x7f, 0xf0, 0x62, 0x2,
    0x0, 0x20, 0x60, 0xf, 0x91, 0x12, 0x0, 0x60,
    0xc0, 0xf, 0xd8, 0x60, 0x3, 0x14, 0x0, 0xfe,
    0x70, 0x6, 0x49, 0x90, 0x7, 0xe, 0xcd, 0x80,
    0xa2, 0xb4, 0x0, 0x70, 0xce, 0xb8, 0x5a, 0x94,
    0xa9, 0x80, 0x72, 0x10, 0x32, 0xc0, 0xc, 0x70,
    0x80, 0x79, 0xe6, 0x88, 0x0, 0xe3, 0x84, 0x1,
    0x86, 0xad, 0x40, 0x36, 0x32, 0x1f, 0x0, 0x7,
    0x50, 0x3, 0xd6, 0xc0,

    /* U+9632 "防" */
    0x0, 0xff, 0xe1, 0xf7, 0xfd, 0x80, 0x13, 0xe0,
    0x7, 0xaf, 0x99, 0x40, 0x3f, 0xe7, 0x17, 0xef,
    0xfa, 0xf, 0xff, 0x0, 0x46, 0x67, 0xdd, 0xc,
    0x6e, 0xf0, 0x5, 0x54, 0x2, 0x20, 0x99, 0x17,
    0x0, 0x5d, 0x80, 0x18, 0x48, 0xb0, 0x6, 0x77,
    0x28, 0x8, 0x56, 0xee, 0x20, 0xd, 0x7e, 0xa,
    0x1f, 0xf7, 0x1, 0x80, 0x63, 0x60, 0x32, 0x0,
    0x8c, 0x4, 0x0, 0xe7, 0xce, 0x16, 0x80, 0x10,
    0x80, 0x67, 0xf1, 0x93, 0x35, 0x0, 0x4e, 0x20,
    0x1b, 0x2c, 0xbd, 0x4c, 0x2, 0x22, 0x0, 0x70,
    0xd8, 0xd8, 0x9, 0x13, 0x54, 0x3, 0x94, 0x70,
    0x41, 0x37, 0x4d, 0x40, 0xe, 0x30, 0x4a, 0x10,
    0x2, 0xff, 0xb4, 0xc0, 0x0,

    /* U+9634 "阴" */
    0x11, 0xe0, 0xf, 0xec, 0xee, 0xc6, 0x6f, 0xff,
    0x18, 0x5f, 0xd0, 0x98, 0xf, 0x76, 0x10, 0xd,
    0xcc, 0x1, 0x8, 0xe0, 0xc, 0x29, 0x40, 0x1f,
    0xf3, 0x19, 0x0, 0x7, 0xff, 0x8, 0x4, 0xa4,
    0x80, 0x1, 0xee, 0xc2, 0x1, 0x14, 0x40, 0x1c,
    0x4, 0x70, 0x7, 0x39, 0x80, 0x46, 0x78, 0x40,
    0x3c, 0x23, 0x77, 0x60, 0xd, 0x5e, 0x63, 0xad,
    0xbb, 0x84, 0x2, 0x8d, 0xc0, 0x4c, 0x0, 0xfc,
    0x46, 0x4, 0x68, 0x1, 0xff, 0x72, 0x88, 0x0,
    0x88, 0x20, 0x1c, 0xc3, 0x60, 0x14, 0xe9, 0x9b,
    0x10, 0x0, 0xd8, 0x20, 0x15, 0xfe, 0x0,

    /* U+963B "阻" */
    0x0, 0xff, 0xe1, 0xef, 0xfd, 0xa1, 0xff, 0xee,
    0x0, 0xab, 0x99, 0x40, 0x19, 0xdd, 0x50, 0x6,
    0x11, 0x3d, 0x0, 0x8, 0x47, 0x0, 0x72, 0xa8,
    0x80, 0x3f, 0xf8, 0x1f, 0xa0, 0x16, 0x6e, 0xd4,
    0x1, 0xd1, 0x1, 0x0, 0x44, 0xce, 0x0, 0xe2,
    0x79, 0x0, 0x22, 0x63, 0x0, 0xf6, 0xa0, 0x7,
    0xff, 0x8, 0x40, 0x1b, 0x99, 0x48, 0x6, 0x1c,
    0xb5, 0x0, 0x54, 0xcc, 0xa0, 0x18, 0x7f, 0x60,
    0x0, 0xea, 0xb6, 0x0, 0x71, 0x90, 0x7, 0xff,
    0xc, 0x88, 0xa, 0x45, 0x80, 0x80, 0x3b, 0xb4,
    0x2f, 0x76, 0x91, 0xd3,

    /* U+9644 "附" */
    0x0, 0xf8, 0x80, 0x3e, 0xef, 0xf9, 0x1, 0x34,
    0x2, 0x3e, 0x0, 0xaf, 0x41, 0x43, 0x9c, 0x3,
    0xf3, 0x30, 0xc4, 0x4b, 0x40, 0x1f, 0xd9, 0x61,
    0x42, 0xdf, 0xf6, 0xf, 0xa8, 0x1, 0x54, 0xc8,
    0x9, 0xbb, 0x50, 0xea, 0x80, 0x1d, 0x65, 0x80,
    0x4, 0x53, 0x1, 0x0, 0x53, 0x2b, 0xb0, 0x2,
    0xd4, 0x3, 0xe3, 0x6, 0x0, 0xba, 0x0, 0x3f,
    0x13, 0x0, 0x4a, 0x68, 0x1, 0xc2, 0x86, 0xc0,
    0x19, 0x8c, 0x3, 0x9e, 0x5c, 0x80, 0x34, 0x38,
    0x7, 0x36, 0xc0, 0x7, 0xff, 0x20, 0x49, 0x40,
    0x3f, 0xf8, 0x5, 0xb0, 0xc0, 0xe, 0x20, 0x8,
    0xb8, 0x0, 0x7f, 0xd0, 0x0,

    /* U+9645 "际" */
    0x0, 0xff, 0xe1, 0x6f, 0xfd, 0x80, 0x45, 0xf0,
    0x2, 0xb9, 0xc0, 0x19, 0xbb, 0xe1, 0x1, 0x11,
    0xd8, 0x77, 0xff, 0x84, 0x2, 0x46, 0x0, 0xff,
    0x91, 0x2, 0x22, 0x2f, 0xc0, 0x7, 0x60, 0x9d,
    0xdf, 0xb0, 0x0, 0x69, 0x10, 0xff, 0x60, 0x7f,
    0xdc, 0x1, 0x6a, 0x81, 0x90, 0x4, 0x82, 0x1,
    0xc6, 0x1c, 0xc0, 0x16, 0xc0, 0x5, 0x14, 0x84,
    0x68, 0x1, 0x5b, 0x8, 0x2, 0xb6, 0xa1, 0x80,
    0x31, 0x1b, 0x80, 0x8, 0xcc, 0x92, 0x1, 0xd7,
    0x40, 0x18, 0xf0, 0x11, 0x0, 0x13, 0x78, 0x7,
    0x10, 0x5c, 0xb0, 0x0, 0x4c,

    /* U+964D "降" */
    0x0, 0xf8, 0xa4, 0x3, 0xdd, 0xff, 0x20, 0x3,
    0x8c, 0x3, 0xec, 0xe0, 0x60, 0x83, 0x4e, 0xe7,
    0xb8, 0x4, 0x24, 0x65, 0x2e, 0x3f, 0xd6, 0x2e,
    0x1, 0x92, 0x95, 0x5b, 0x38, 0xb5, 0xa0, 0x1d,
    0x8e, 0xb8, 0x4e, 0x34, 0xc6, 0x1, 0xc6, 0xc0,
    0x2d, 0xc1, 0x2f, 0xae, 0x60, 0x14, 0xc9, 0xba,
    0x27, 0x1, 0x55, 0x3e, 0x1, 0x8, 0x14, 0x63,
    0xf, 0x4, 0xe7, 0x0, 0x62, 0xc, 0xdf, 0xc6,
    0x4c, 0xf1, 0x0, 0xb, 0x1b, 0x5a, 0xc6, 0xca,
    0xee, 0x8c, 0x0, 0x3f, 0x24, 0x23, 0xbc, 0x47,
    0x0, 0x52, 0xd3, 0xc9, 0x1c, 0xe9, 0xdc, 0xa0,
    0xe, 0x9f, 0xfd, 0xb, 0xfe, 0xb0, 0xf, 0xfe,
    0x20,

    /* U+9650 "限" */
    0x0, 0xff, 0xe1, 0xf7, 0xfd, 0x83, 0xff, 0xf0,
    0x80, 0x2f, 0x95, 0x40, 0xe, 0xff, 0xb8, 0x3,
    0x38, 0xa5, 0x80, 0x4, 0x2, 0x10, 0xe, 0x52,
    0x20, 0x3, 0xfb, 0xaf, 0x0, 0xee, 0xa0, 0xb,
    0xbf, 0xed, 0x0, 0xee, 0xb0, 0x8, 0x47, 0x10,
    0x7, 0x2b, 0x30, 0x1, 0xdd, 0xc0, 0x1e, 0xdc,
    0x0, 0x6e, 0x87, 0x32, 0x10, 0xc, 0x4e, 0x0,
    0x33, 0x98, 0xf9, 0xc0, 0xe, 0x9c, 0xc0, 0x1a,
    0xbb, 0x51, 0xc0, 0x28, 0x19, 0x0, 0xcc, 0x88,
    0x90, 0x9, 0xf2, 0xc8, 0x3, 0xd, 0xa8, 0x80,
    0x78, 0xd8, 0x33, 0xb1, 0x2b, 0x10, 0x3, 0xaf,
    0xa7, 0xfb, 0x45, 0xe3, 0xc0,

    /* U+9664 "除" */
    0x0, 0xff, 0xe1, 0xf7, 0xfc, 0x80, 0x15, 0xe1,
    0x0, 0x76, 0x70, 0x28, 0x2, 0xff, 0xbc, 0x80,
    0x30, 0x91, 0x89, 0x66, 0xa1, 0x4e, 0x28, 0x6,
    0x4a, 0x6c, 0x96, 0x0, 0x26, 0xdd, 0x84, 0x1,
    0x8f, 0x98, 0xbf, 0xfd, 0x96, 0x42, 0x0, 0x36,
    0xa2, 0xef, 0x84, 0xff, 0x2c, 0x80, 0x53, 0x20,
    0xc, 0x20, 0x1f, 0x84, 0x13, 0xfe, 0x94, 0xff,
    0xa0, 0x3, 0x10, 0x77, 0x50, 0x9d, 0xd4, 0x0,
    0x5, 0x4d, 0x82, 0x44, 0x40, 0x30, 0x1, 0x87,
    0xe0, 0xac, 0x40, 0x37, 0x68, 0x6, 0xa7, 0x64,
    0x80, 0xc, 0xe0, 0xe0, 0x1d, 0x58, 0x22, 0xe0,
    0xb, 0xf4, 0x3, 0xb0, 0x87, 0x9b, 0x40, 0x7,
    0x40,

    /* U+9669 "险" */
    0x0, 0xfc, 0x52, 0x1, 0xdb, 0xff, 0x20, 0x5,
    0x2c, 0x20, 0x1d, 0x7a, 0xa, 0x0, 0x55, 0x3e,
    0x80, 0x73, 0xb8, 0xc4, 0xa, 0xea, 0x1a, 0x80,
    0x3b, 0x28, 0xb, 0x19, 0x2, 0x9a, 0x80, 0x33,
    0xb9, 0x30, 0xf1, 0x12, 0x81, 0xc1, 0x0, 0x12,
    0xfb, 0x5c, 0x46, 0xfb, 0x63, 0x0, 0x75, 0x5c,
    0x36, 0x63, 0x72, 0xc2, 0x88, 0x0, 0x40, 0x47,
    0x0, 0x94, 0x0, 0xc6, 0x0, 0xc6, 0xc4, 0xc0,
    0x88, 0x2, 0x23, 0x0, 0x13, 0x4d, 0x45, 0x50,
    0x4, 0xad, 0x80, 0x23, 0xef, 0x10, 0xc2, 0xb,
    0x7, 0x90, 0x9, 0xcc, 0x40, 0xe, 0xc0, 0xb5,
    0x22, 0x1, 0xe6, 0xcc, 0xe7, 0xac, 0xc0, 0x80,
    0x64, 0x88, 0xeb, 0x98, 0x80, 0x80,

    /* U+967A "険" */
    0x0, 0xff, 0xe1, 0xf7, 0xfd, 0x40, 0x15, 0xd9,
    0x40, 0x3b, 0x39, 0x34, 0xb, 0x22, 0xf9, 0xc0,
    0x30, 0x89, 0x16, 0x3f, 0xc6, 0x17, 0xda, 0xc0,
    0x12, 0xa5, 0x18, 0x7e, 0x64, 0xaf, 0x62, 0x0,
    0xee, 0x45, 0xff, 0x90, 0x3f, 0xd7, 0xa2, 0x1,
    0x68, 0x0, 0x8f, 0x9c, 0xcc, 0x20, 0x1a, 0xd8,
    0xf3, 0xfa, 0x53, 0xb9, 0xea, 0x1, 0x9a, 0xc3,
    0x7a, 0x53, 0xb8, 0x80, 0x1d, 0xa6, 0x1, 0xff,
    0xa, 0x71, 0x6, 0x6c, 0x26, 0xe9, 0x0, 0x27,
    0x81, 0x8d, 0xcf, 0x30, 0x5f, 0xd5, 0x0, 0x36,
    0x50, 0x88, 0xa8, 0x2d, 0xc4, 0x80, 0x3e, 0x3b,
    0x5f, 0x49, 0xc9, 0x20, 0xe, 0x9f, 0xdd, 0x10,
    0x37, 0x7, 0x87, 0x10, 0x2, 0x71, 0x80, 0x30,
    0xce, 0x80,

    /* U+968F "随" */
    0x0, 0xfe, 0x74, 0x0, 0xdd, 0xfe, 0xea, 0x40,
    0xa, 0x5c, 0x3, 0xb2, 0x8f, 0x25, 0x77, 0x43,
    0xdb, 0xac, 0x0, 0xe, 0xa3, 0x19, 0xbd, 0x97,
    0xfe, 0xe0, 0x9, 0x74, 0x21, 0x41, 0x24, 0x8b,
    0x0, 0x1c, 0x90, 0x18, 0xf8, 0x33, 0xfe, 0x40,
    0x8, 0x44, 0x0, 0x81, 0x2c, 0xff, 0x10, 0x4,
    0xed, 0xbf, 0xed, 0xc1, 0xde, 0xe1, 0x0, 0x6a,
    0x1f, 0x31, 0x10, 0x6f, 0x70, 0x80, 0x31, 0x10,
    0x3, 0xb7, 0xb8, 0x40, 0x12, 0x48, 0x80, 0x75,
    0x77, 0x8, 0x2, 0x13, 0xd0, 0xe, 0x70, 0xf,
    0x2d, 0x19, 0xdc, 0xe, 0x0, 0xd1, 0x50, 0xc,
    0x5b, 0x63, 0x5e, 0x61, 0xb8, 0x1, 0xcb, 0x49,
    0x65, 0x3f, 0xfc, 0x1c, 0x40, 0xe8, 0x0, 0x8d,
    0xff, 0xdc, 0x0,

    /* U+9690 "隐" */
    0x0, 0xf9, 0xc4, 0x3, 0xdd, 0xff, 0x20, 0x34,
    0x8, 0x7, 0xd9, 0xa0, 0xe7, 0x23, 0xdc, 0xfa,
    0x0, 0xc2, 0x86, 0x18, 0xfd, 0xca, 0x3a, 0x0,
    0xed, 0xa1, 0x24, 0xbc, 0xb1, 0xbb, 0x10, 0x0,
    0x51, 0x8b, 0x3a, 0x7b, 0x7e, 0x50, 0x3, 0x12,
    0x80, 0x91, 0x78, 0x3, 0xf, 0x58, 0x26, 0xef,
    0x80, 0x38, 0xc0, 0x93, 0x77, 0xc0, 0x1e, 0x26,
    0x8b, 0xbf, 0x0, 0x66, 0x53, 0x6a, 0x83, 0x18,
    0x8b, 0x8, 0x0, 0x5d, 0x26, 0xd3, 0xa3, 0x4,
    0xf2, 0x1, 0x25, 0xb4, 0xeb, 0xd, 0xe2, 0xa9,
    0xd4, 0x3, 0x13, 0xd8, 0x8, 0x3b, 0x74, 0x40,
    0x3, 0x1c, 0x95, 0xd7, 0xfb, 0x5d, 0x60, 0x30,
    0x80, 0x58, 0x1f, 0xff, 0x40, 0x28, 0x0,

    /* U+9694 "隔" */
    0x22, 0xc0, 0x1f, 0xec, 0xcb, 0x57, 0xff, 0xf7,
    0x6, 0x70, 0x27, 0xff, 0xee, 0x0, 0x19, 0x84,
    0x5b, 0xbe, 0xc0, 0x9, 0x2c, 0x0, 0x5b, 0xba,
    0x48, 0x2, 0xc5, 0x0, 0xff, 0xe0, 0xb8, 0x0,
    0xb7, 0x74, 0x90, 0x5, 0x16, 0x0, 0xcc, 0xf6,
    0x88, 0x0, 0xc1, 0x7b, 0x31, 0xd9, 0xd9, 0xfa,
    0x1, 0x11, 0x8e, 0xd3, 0xea, 0x6d, 0x0, 0x6,
    0x49, 0x42, 0x3a, 0x3, 0x27, 0xc0, 0x3, 0xbe,
    0x21, 0x5, 0x76, 0xc1, 0xf0, 0x9, 0x4, 0x2,
    0x98, 0x59, 0xa0, 0xf, 0xe2, 0x20, 0x11, 0x4,
    0x3, 0xff, 0x81, 0x54, 0x40,

    /* U+969B "際" */
    0x0, 0xe2, 0x60, 0x1, 0x80, 0x77, 0x7f, 0xb0,
    0x23, 0x80, 0xb4, 0x2, 0x10, 0x6, 0x48, 0xa,
    0xab, 0xb8, 0x73, 0xbd, 0xa0, 0x1, 0xeb, 0xa1,
    0xe6, 0xaa, 0xe, 0xac, 0x80, 0x47, 0x89, 0xb2,
    0xee, 0x66, 0x2b, 0x28, 0x4, 0xd1, 0x7e, 0x30,
    0x22, 0x9a, 0xe0, 0xe, 0x34, 0xb7, 0x70, 0x1,
    0xce, 0xc0, 0x35, 0x3c, 0x50, 0xff, 0xe7, 0x4b,
    0x10, 0x2, 0x58, 0xee, 0xbf, 0xf5, 0xe6, 0x4,
    0x0, 0x22, 0x87, 0x7f, 0xcc, 0x0, 0x14, 0x13,
    0xee, 0xaa, 0xfb, 0xa0, 0x9, 0xae, 0xb, 0x2a,
    0x52, 0xe7, 0xa0, 0x40, 0xf, 0xa8, 0x56, 0x20,
    0x1d, 0x80, 0x1c, 0x39, 0x4, 0x6, 0x0, 0x77,
    0x50, 0x6, 0x1d, 0x65, 0xf4, 0x30, 0x5, 0xc0,
    0x71, 0x0, 0xc, 0x17, 0xf9, 0x0, 0x2, 0x40,

    /* U+969C "障" */
    0x0, 0xff, 0xe1, 0xf7, 0xfc, 0x60, 0x12, 0x70,
    0x7, 0xb3, 0x81, 0x3b, 0xfd, 0x41, 0xdf, 0xd4,
    0x0, 0x12, 0x23, 0xf2, 0x37, 0x72, 0x8f, 0xa8,
    0x2, 0x4a, 0x9a, 0x66, 0x55, 0x24, 0x6a, 0x80,
    0x16, 0x35, 0x4f, 0x64, 0xcb, 0xb9, 0x32, 0x0,
    0x89, 0xf, 0xfb, 0xff, 0x76, 0x98, 0x5, 0x76,
    0x1, 0xec, 0xce, 0x10, 0xc, 0x40, 0x41, 0xd9,
    0x9b, 0x40, 0x3c, 0x4c, 0x1d, 0x99, 0xb4, 0x3,
    0xa, 0x9b, 0x3f, 0xe6, 0xfe, 0x69, 0x80, 0x43,
    0xf0, 0x55, 0x98, 0x91, 0xcc, 0x80, 0x35, 0x3f,
    0x76, 0xb1, 0xee, 0xc4, 0x1, 0xbb, 0xb6, 0xf,
    0x76, 0x20, 0xf, 0xfe, 0x18,

    /* U+96C6 "集" */
    0x0, 0xd2, 0x40, 0x7, 0x50, 0xf, 0xe8, 0x72,
    0x1, 0x86, 0x0, 0xfc, 0x4e, 0x19, 0x90, 0x7e,
    0x66, 0x10, 0x1, 0x60, 0x6f, 0xfa, 0x8b, 0xff,
    0x84, 0xb, 0xc, 0x22, 0x2b, 0x28, 0x8c, 0xc0,
    0x13, 0xf0, 0x4c, 0xd4, 0x53, 0x39, 0x40, 0x5,
    0x20, 0xe, 0xea, 0xcb, 0xbb, 0x30, 0x7, 0xb7,
    0x6b, 0x2d, 0xdc, 0xc0, 0x1e, 0xdd, 0xac, 0xb7,
    0x76, 0x48, 0x4, 0x7b, 0xdd, 0x33, 0x3b, 0xba,
    0x0, 0x77, 0x5f, 0xf9, 0x1b, 0xff, 0xb0, 0x87,
    0xff, 0x29, 0x9, 0x11, 0x7f, 0xf1, 0x1, 0x11,
    0xb9, 0x31, 0x17, 0x53, 0x98, 0x88, 0x3, 0x1b,
    0x57, 0x86, 0x0, 0x2c, 0xa9, 0xe9, 0x20, 0x38,
    0xe7, 0x0, 0xf3, 0x6e, 0x80, 0x80,

    /* U+96E2 "離" */
    0x0, 0xd8, 0xa0, 0x1b, 0x8, 0x70, 0x0, 0x37,
    0x71, 0xc5, 0xd9, 0xc8, 0xa6, 0x70, 0x0, 0xff,
    0xa7, 0x6b, 0xf9, 0xa9, 0xa, 0xf0, 0x80, 0x3,
    0x96, 0x96, 0xb6, 0x2c, 0xb8, 0x73, 0x86, 0x1,
    0x5c, 0x1, 0x84, 0xd, 0x70, 0xe7, 0x18, 0x0,
    0x67, 0x7d, 0xc1, 0xc8, 0xa0, 0x62, 0x0, 0x99,
    0x7b, 0x96, 0x1c, 0xf3, 0xe3, 0x5e, 0x20, 0xbf,
    0xc7, 0xfd, 0xc1, 0xb, 0xd1, 0xcd, 0x10, 0xbe,
    0xe0, 0xe7, 0x71, 0x0, 0x3f, 0x3e, 0xe9, 0x33,
    0x94, 0x1, 0x5e, 0x3b, 0xe2, 0x1, 0x2e, 0x2b,
    0x0, 0x53, 0xc3, 0x9c, 0x20, 0x4, 0xac, 0xda,
    0x0, 0x8c, 0x40, 0x44, 0x1, 0x26, 0x5d, 0x70,
    0x5, 0x7a, 0x39, 0xaa, 0x1, 0xc9, 0x8c, 0xc0,
    0x6e, 0xcd, 0xe4,

    /* U+96F6 "零" */
    0x0, 0x77, 0x77, 0xfb, 0xbb, 0x68, 0x6, 0xee,
    0xe3, 0x9e, 0xed, 0xa0, 0x17, 0x6e, 0xf1, 0xc6,
    0xef, 0x80, 0x2f, 0x99, 0xbc, 0xe3, 0xa6, 0x6e,
    0x0, 0x88, 0xc, 0xe1, 0x0, 0x31, 0x98, 0x81,
    0x80, 0x18, 0xf7, 0x72, 0xa1, 0xfd, 0xda, 0x9e,
    0xc0, 0x25, 0xcc, 0x7d, 0x9d, 0x9e, 0xe6, 0x10,
    0x3, 0x8e, 0x76, 0xed, 0xe1, 0xd0, 0x60, 0x10,
    0xbe, 0xe8, 0x42, 0xf7, 0x10, 0x87, 0x3a, 0x48,
    0x99, 0x3d, 0x1d, 0xbb, 0xd3, 0xf6, 0x60, 0x77,
    0xdb, 0xb7, 0x6e, 0xf7, 0x25, 0x10, 0x2, 0xb7,
    0x63, 0x9d, 0xdb, 0x84, 0x3, 0xff, 0x80, 0x77,
    0xe0, 0x20, 0x1f, 0xf1, 0xc7, 0xf0, 0x4,

    /* U+96FB "電" */
    0xe, 0xee, 0xff, 0x77, 0x6a, 0x0, 0xbb, 0xb8,
    0xe7, 0xbb, 0x50, 0x3, 0xbf, 0xf8, 0xe7, 0xff,
    0xa8, 0x1, 0xbf, 0xf8, 0xe7, 0xff, 0x40, 0x6,
    0xbb, 0x90, 0x1, 0x37, 0x68, 0x0, 0xa8, 0x73,
    0x27, 0x0, 0x7e, 0x63, 0xd6, 0x1, 0xd, 0x56,
    0x39, 0x47, 0x55, 0x88, 0x80, 0x7, 0xcc, 0xba,
    0xf3, 0xf3, 0x24, 0x0, 0xbd, 0xfb, 0xa3, 0xbe,
    0xe8, 0xc0, 0x39, 0xf3, 0x22, 0x8c, 0xc8, 0x80,
    0x39, 0xf3, 0x22, 0x8c, 0xc8, 0x80, 0x39, 0xbb,
    0xa2, 0xbe, 0xe8, 0x82, 0x4, 0x3a, 0x3b, 0xa3,
    0x8e, 0xeb, 0xd9, 0xc0, 0xc, 0xe0, 0x15, 0x47,
    0xfe, 0xd6, 0x10,

    /* U+9700 "需" */
    0xc, 0xff, 0xff, 0x60, 0x5, 0x9f, 0xf9, 0x9f,
    0xff, 0x60, 0x2, 0xfb, 0x77, 0x33, 0xee, 0xee,
    0xb0, 0x7a, 0xff, 0xb1, 0x9f, 0x3f, 0xea, 0x70,
    0xa, 0xe2, 0x8, 0x0, 0x78, 0x85, 0x80, 0x5a,
    0xe6, 0x0, 0x30, 0xe, 0x37, 0xe0, 0x13, 0xbb,
    0x9f, 0x30, 0xf1, 0x11, 0x90, 0x6f, 0x7f, 0xeb,
    0xaf, 0xcc, 0xbb, 0x81, 0x9f, 0xfc, 0x11, 0xff,
    0xe0, 0x19, 0xdd, 0xc3, 0x7b, 0xbc, 0x1, 0x1a,
    0x74, 0x96, 0xfb, 0xa7, 0x79, 0x80, 0x6e, 0x26,
    0x2, 0x20, 0xf9, 0x18, 0x7, 0xff, 0x8, 0x40,
    0x3e, 0x13, 0x0, 0x18, 0xbf, 0x10, 0x80, 0x2d,
    0x80, 0xb4, 0x1, 0x2c, 0xff, 0xa0, 0x0,

    /* U+9759 "静" */
    0x0, 0xff, 0xe3, 0x97, 0x80, 0x61, 0xe1, 0x0,
    0xec, 0xec, 0xe, 0xe5, 0x5, 0x8f, 0xf6, 0x0,
    0x59, 0xd8, 0x1d, 0xca, 0x54, 0xee, 0x15, 0x0,
    0x4f, 0xb8, 0x1b, 0xa9, 0xa8, 0x15, 0x16, 0x0,
    0x9f, 0x70, 0x37, 0x52, 0xd3, 0xf4, 0x5f, 0xc0,
    0x5d, 0xcc, 0x1e, 0xe6, 0xcf, 0x58, 0xf5, 0x80,
    0xb, 0xb3, 0x3c, 0x64, 0x22, 0x21, 0x2, 0x3,
    0xd9, 0x9b, 0x5f, 0xfd, 0x1, 0xf0, 0x32, 0x0,
    0x29, 0x98, 0x13, 0x31, 0xe3, 0x9c, 0x36, 0x0,
    0x29, 0x98, 0x0, 0x4d, 0x42, 0xd6, 0x1, 0x8a,
    0xaa, 0x0, 0x37, 0x98, 0x79, 0x80, 0x62, 0xaa,
    0x80, 0x9, 0x32, 0x19, 0xbe, 0x0, 0x8a, 0xee,
    0x0, 0x85, 0x80, 0x3f, 0x9f, 0xc8, 0x83, 0xd6,
    0xe0, 0x1c, 0x7a, 0xf, 0xfa, 0x3, 0xfe, 0x90,
    0xc,

    /* U+975E "非" */
    0x0, 0xec, 0x50, 0x7, 0x98, 0x7, 0xf8, 0x40,
    0x3f, 0xef, 0xfc, 0x40, 0x1b, 0x3f, 0xed, 0x0,
    0x77, 0x62, 0x0, 0xd5, 0xdd, 0x60, 0x0, 0x47,
    0x80, 0x33, 0x8, 0xe0, 0x1, 0x16, 0x10, 0xc,
    0xc4, 0x50, 0x80, 0x27, 0x32, 0x20, 0xd, 0x59,
    0x93, 0x0, 0x2f, 0xba, 0x20, 0xd, 0x9d, 0xd3,
    0x80, 0x71, 0x13, 0x18, 0x3, 0xf2, 0xdf, 0x7e,
    0x87, 0x28, 0x3, 0x3f, 0xf0, 0xb6, 0xeb, 0x8d,
    0x9c, 0xc0, 0x15, 0xbb, 0x84, 0xd8, 0xe4, 0xa0,
    0x3, 0x31, 0x16, 0x0, 0xa5, 0xe8, 0x40, 0x3f,
    0xea, 0x5c, 0x40, 0xf, 0xfe, 0x5, 0x61, 0x80,
    0x77, 0x98, 0x7, 0x0,

    /* U+9762 "面" */
    0x1f, 0xff, 0xfe, 0x10, 0x8b, 0x77, 0xc1, 0x1b,
    0xbe, 0x10, 0x22, 0xe0, 0x2, 0x91, 0x78, 0x2,
    0x22, 0xc8, 0x0, 0x22, 0xe0, 0x9, 0x77, 0x74,
    0x86, 0xef, 0x94, 0x2, 0x3f, 0xf0, 0xe7, 0xfa,
    0x53, 0xfc, 0x40, 0x1f, 0x9c, 0x46, 0x0, 0xff,
    0xe0, 0x56, 0x62, 0x40, 0x3f, 0xf8, 0x1b, 0xb4,
    0x0, 0x7f, 0xf0, 0x3e, 0xee, 0x0, 0xff, 0xe0,
    0x54, 0x41, 0x40, 0x3f, 0xf8, 0xa, 0x66, 0xe0,
    0xf, 0xc7, 0xdc, 0x1d, 0xee, 0x4a, 0x77, 0x8,
    0x3, 0x16, 0xeb, 0x37, 0x6c, 0xc6, 0xe8, 0x40,
    0x0,

    /* U+97F3 "音" */
    0x0, 0xfa, 0xa4, 0x3, 0xf1, 0xff, 0xf2, 0xb7,
    0xff, 0x28, 0x0, 0xfb, 0x89, 0x3d, 0xda, 0x87,
    0x39, 0x40, 0x21, 0x16, 0x50, 0x8e, 0xf5, 0x31,
    0x0, 0x84, 0x63, 0x22, 0x8, 0x89, 0x38, 0x46,
    0x1, 0xee, 0xac, 0x77, 0xb9, 0xa3, 0x5d, 0xd1,
    0xf, 0xff, 0xff, 0x8, 0x80, 0x2b, 0xff, 0xfe,
    0x0, 0xf3, 0xc7, 0x77, 0xac, 0x3, 0xf0, 0x8f,
    0xc0, 0x1f, 0xd3, 0xdd, 0xeb, 0x0, 0xfd, 0x3d,
    0xde, 0xc0, 0xf, 0xc2, 0x3f, 0x30, 0x7, 0xe8,
    0xff, 0xf5, 0x80, 0x60,

    /* U+97FF "響" */
    0x0, 0xa, 0x0, 0x7f, 0xf0, 0xac, 0x44, 0x5d,
    0x76, 0xe3, 0xee, 0xbc, 0x43, 0x45, 0xb0, 0x40,
    0xcc, 0x1, 0x74, 0x28, 0x84, 0x2f, 0xf0, 0x9d,
    0xd8, 0x80, 0x2b, 0x80, 0x2, 0xa5, 0x2d, 0x14,
    0x78, 0x8, 0x2, 0xe4, 0xe, 0xd6, 0xe2, 0xce,
    0xe9, 0xc8, 0x0, 0xce, 0x65, 0x16, 0x17, 0x7,
    0x94, 0x12, 0xb, 0x80, 0x41, 0x35, 0xcb, 0x5e,
    0xb7, 0x68, 0x65, 0xcc, 0x8, 0xb2, 0x7f, 0x7b,
    0x16, 0xf3, 0x9b, 0x28, 0x2, 0x67, 0xcf, 0x1d,
    0xcc, 0x68, 0xee, 0x50, 0x0, 0xb7, 0x6f, 0x3c,
    0xdd, 0x61, 0xf6, 0xec, 0x44, 0xdd, 0x5d, 0x57,
    0xf6, 0xe8, 0x80, 0x2b, 0x14, 0x4f, 0x14, 0x0,
    0x7d, 0xb5, 0x5e, 0xf0, 0xf, 0xce, 0x45, 0xe1,
    0x0, 0xc0,

    /* U+9805 "項" */
    0x0, 0xf5, 0x7f, 0xfe, 0x82, 0xee, 0xf7, 0xfc,
    0x31, 0xff, 0x41, 0xb3, 0x5, 0xd9, 0x80, 0x1,
    0x12, 0x0, 0x61, 0x88, 0x5, 0xc1, 0x6f, 0xf8,
    0x77, 0xbf, 0x80, 0x3f, 0xaf, 0xbb, 0x58, 0x7,
    0xfa, 0x73, 0x34, 0x80, 0x7f, 0xa3, 0x77, 0x40,
    0x7, 0xf8, 0x47, 0xc0, 0x1e, 0x16, 0x50, 0xae,
    0xed, 0x40, 0x12, 0x48, 0x6f, 0xb0, 0x57, 0x76,
    0xa0, 0x2, 0x48, 0xe7, 0x49, 0x85, 0x6e, 0xea,
    0x0, 0x26, 0xc1, 0x80, 0x5b, 0x10, 0xdc, 0x5c,
    0xe0, 0xf, 0x97, 0x2c, 0x40, 0x43, 0x60, 0x3,
    0xd5, 0x35, 0xa8, 0x0, 0x8d, 0x57, 0x0, 0xea,
    0xc6, 0x0, 0xe2, 0xd7,

    /* U+9806 "順" */
    0xb, 0x30, 0x1, 0x64, 0xff, 0xfa, 0xc0, 0xe,
    0x12, 0x20, 0x9, 0xff, 0x33, 0x3f, 0xd6, 0x1,
    0x94, 0x3, 0x2a, 0x90, 0x15, 0x42, 0x1, 0xf8,
    0xab, 0x10, 0x32, 0x94, 0x3, 0xfd, 0x33, 0x88,
    0x3, 0xfe, 0xdd, 0xc4, 0x1, 0xff, 0x66, 0x62,
    0x0, 0xc2, 0x1, 0xe5, 0x5c, 0x60, 0x10, 0x80,
    0x7d, 0xbb, 0x84, 0x2, 0x33, 0x0, 0x7a, 0x67,
    0x10, 0x4, 0x22, 0x0, 0xf5, 0xde, 0x20, 0x1,
    0x10, 0x3, 0x8b, 0x31, 0x10, 0xcc, 0x28, 0x2b,
    0x86, 0x8, 0x5, 0x72, 0x25, 0x70, 0x0, 0xee,
    0x0, 0x46, 0x9a, 0x5e, 0x43, 0x85, 0xa1, 0x28,
    0x1, 0xc, 0x6d, 0x8, 0x5, 0x38, 0x0,

    /* U+9808 "須" */
    0x0, 0xca, 0x20, 0x1f, 0xfc, 0x17, 0xa2, 0xef,
    0xff, 0xc2, 0x0, 0x78, 0xc3, 0xef, 0xf5, 0x86,
    0xff, 0xc2, 0x2b, 0x9c, 0x30, 0xc, 0x45, 0x0,
    0x63, 0x1f, 0x30, 0x1, 0x7f, 0x41, 0xf7, 0x3e,
    0x0, 0xa8, 0x41, 0xd8, 0x1, 0xdd, 0xca, 0x1,
    0xcd, 0xa, 0x0, 0xdd, 0xe5, 0x0, 0xd1, 0x36,
    0x60, 0xd, 0xde, 0x50, 0x0, 0xe3, 0x62, 0x0,
    0x7f, 0xc3, 0x7e, 0x60, 0x1b, 0x77, 0x94, 0x2,
    0x71, 0x5, 0xd1, 0xd, 0xde, 0x50, 0xe, 0x4b,
    0xe1, 0xe, 0xee, 0x50, 0xd, 0x17, 0x63, 0x2f,
    0x9c, 0xec, 0x8f, 0x80, 0x3d, 0x5c, 0x50, 0x6d,
    0xc0, 0xa, 0xb4, 0xc0, 0x97, 0x4c, 0x33, 0x66,
    0xc8, 0xb, 0x2f, 0x48, 0x60, 0x2, 0xcb, 0x40,
    0xe, 0x6e, 0x20,

    /* U+984C "題" */
    0x5, 0xfd, 0xd7, 0x79, 0x77, 0x7b, 0x40, 0x23,
    0xdd, 0x78, 0x17, 0x72, 0x13, 0xb9, 0xa0, 0x11,
    0xee, 0xb0, 0x0, 0xd5, 0x6d, 0x54, 0x30, 0x8,
    0xf7, 0x58, 0x0, 0xe3, 0xef, 0x94, 0x70, 0x8,
    0xf7, 0x58, 0x1, 0x24, 0xcc, 0x20, 0x12, 0xfe,
    0xed, 0xe0, 0x4, 0x99, 0x84, 0x0, 0x2a, 0xbf,
    0x0, 0x4, 0x63, 0x0, 0x1e, 0x63, 0xeb, 0x32,
    0x4, 0x88, 0x88, 0x0, 0x56, 0x36, 0x13, 0x30,
    0x3f, 0x74, 0x20, 0x13, 0x20, 0x3, 0xb9, 0x58,
    0x79, 0x8d, 0x66, 0x0, 0x8, 0x86, 0x1d, 0xca,
    0x64, 0xd8, 0x51, 0x20, 0x7, 0x17, 0x0, 0x4b,
    0x96, 0xa1, 0x87, 0x40, 0x5, 0xfb, 0x8, 0x41,
    0xa6, 0x0, 0xab, 0x81, 0x4, 0xdf, 0x42, 0x2a,
    0xff, 0xfa, 0xc1, 0x34, 0x0, 0x51, 0x9d, 0xff,
    0xf0, 0x0,

    /* U+985E "類" */
    0x0, 0xf1, 0x0, 0x7f, 0xa1, 0x93, 0x3, 0x1f,
    0xff, 0xe6, 0xa, 0xa0, 0x1, 0x10, 0xff, 0xeb,
    0xe, 0xff, 0x30, 0x5a, 0xf9, 0x69, 0xa8, 0x0,
    0xcc, 0x20, 0x18, 0x44, 0xa2, 0x30, 0x5f, 0xc1,
    0xff, 0xb8, 0x1, 0x2, 0x62, 0xbc, 0xa1, 0x3f,
    0xf6, 0x0, 0x7, 0x12, 0xb, 0x2a, 0x2, 0x37,
    0x70, 0x0, 0x5f, 0x4, 0x7, 0x20, 0x23, 0x76,
    0xa0, 0xa, 0xc5, 0xd0, 0x3, 0xf3, 0x80, 0x48,
    0x92, 0xa2, 0xc, 0x27, 0xba, 0xd0, 0xb, 0x32,
    0x3c, 0xc2, 0x84, 0xf7, 0x5a, 0x1, 0x44, 0x8,
    0x7a, 0x18, 0x27, 0xba, 0xc0, 0xc, 0x8f, 0x76,
    0xa0, 0xb9, 0xae, 0xab, 0xe0, 0x18, 0xba, 0x4c,
    0x16, 0xa8, 0x70, 0x5, 0x48, 0x0, 0xb5, 0x0,
    0x6a, 0xb, 0xcc, 0x13, 0xd5, 0xc6, 0x88, 0x2,
    0x1e, 0x81, 0x0, 0x87, 0x1c,

    /* U+9875 "页" */
    0xc, 0xff, 0xff, 0xe0, 0x86, 0xf7, 0x6d, 0x8,
    0xee, 0xf0, 0x8, 0xf8, 0x18, 0x47, 0xc0, 0x1,
    0x44, 0xa8, 0x95, 0x13, 0x10, 0x4, 0xb7, 0x10,
    0x51, 0x88, 0xd6, 0x80, 0x1d, 0x99, 0x6e, 0xb3,
    0x22, 0x0, 0xfe, 0x8b, 0x0, 0xff, 0xef, 0x91,
    0x0, 0x3f, 0xf8, 0x4, 0x9a, 0x40, 0x1f, 0x26,
    0x81, 0x79, 0xa7, 0xea, 0xfb, 0x0, 0x61, 0x9d,
    0x7c, 0x1d, 0xb8, 0xf4, 0x0, 0x57, 0x61, 0xe5,
    0x0, 0x4d, 0xb5, 0x72, 0x1d, 0xbf, 0x46, 0x1,
    0xe7, 0xda,

    /* U+9876 "顶" */
    0x2, 0x2f, 0x6f, 0xff, 0xd2, 0x3b, 0xbd, 0xf9,
    0xdc, 0x63, 0xee, 0xa4, 0x7f, 0xd0, 0x9f, 0xa2,
    0x32, 0xd8, 0x8c, 0x1, 0xf8, 0xbf, 0xc7, 0x1f,
    0xee, 0x0, 0xff, 0x77, 0x6b, 0x0, 0xff, 0x84,
    0xbc, 0x5c, 0x3, 0xff, 0x82, 0x20, 0x1f, 0xfe,
    0x27, 0x20, 0xf, 0xf8, 0xe0, 0x35, 0x0, 0xa4,
    0x3, 0xf0, 0xb9, 0xb7, 0xf2, 0xb8, 0x0, 0xd3,
    0x44, 0x2, 0x5c, 0xa6, 0x8b, 0x60, 0x5, 0x51,
    0xb8, 0xb, 0x6e, 0x94, 0x1a, 0xe5, 0x42, 0x7b,
    0x10, 0xa, 0x39, 0x40, 0x24, 0xc5,

    /* U+9879 "项" */
    0x0, 0xf6, 0x7f, 0xfe, 0x51, 0xcc, 0xd7, 0xbd,
    0xcb, 0xc, 0xee, 0x94, 0x11, 0x4d, 0x30, 0x46,
    0x33, 0x84, 0x60, 0x18, 0xb0, 0x87, 0x3f, 0xf4,
    0x1f, 0xfc, 0x80, 0x1f, 0xdd, 0xdc, 0x20, 0x1f,
    0xe1, 0x17, 0x10, 0x80, 0x7f, 0xf6, 0xc9, 0x80,
    0x38, 0x40, 0x38, 0xe8, 0x37, 0x4e, 0x0, 0x20,
    0x30, 0xc, 0x98, 0x73, 0xd6, 0xae, 0x14, 0x62,
    0x12, 0xc0, 0x9d, 0x6c, 0x20, 0x30, 0x8f, 0x13,
    0x8a, 0x40, 0x1, 0x0, 0xc5, 0x37, 0x29, 0x29,
    0xaa, 0x1, 0xe7, 0xd3, 0xd6, 0x0, 0x45, 0x50,
    0x80, 0x39, 0xfa, 0x88, 0x3, 0x2f, 0x10,

    /* U+987B "须" */
    0x0, 0xc8, 0x1, 0xff, 0xc2, 0x6a, 0x2e, 0xff,
    0xfb, 0x80, 0x25, 0x9a, 0x2c, 0xdd, 0x40, 0xee,
    0xd8, 0x0, 0x8a, 0xa2, 0x1, 0x15, 0xc8, 0x45,
    0x80, 0x1f, 0x8a, 0x0, 0x2f, 0xf3, 0x2f, 0xfc,
    0x60, 0x7, 0x30, 0x97, 0x0, 0x77, 0x70, 0x7,
    0xa1, 0xd8, 0x0, 0x22, 0xd0, 0x10, 0xc, 0x36,
    0xd8, 0x20, 0x18, 0xcc, 0x1, 0xd8, 0x1e, 0x40,
    0x1f, 0xfc, 0xc, 0xb1, 0x3, 0x0, 0xe3, 0x0,
    0xe1, 0x0, 0x47, 0x88, 0x0, 0x80, 0x40, 0x3e,
    0x56, 0xe2, 0x60, 0x54, 0x10, 0x71, 0x0, 0xa2,
    0xa8, 0x43, 0x27, 0x3f, 0x57, 0x44, 0x3, 0x8d,
    0x88, 0x0, 0x6d, 0xb4, 0xb3, 0xd6, 0x1, 0xbf,
    0x30, 0x2e, 0xad, 0x50, 0x4, 0x5c, 0x10, 0x38,
    0x80, 0xb, 0x30, 0x60, 0x19, 0x3c, 0x80,

    /* U+9884 "预" */
    0x0, 0xff, 0xe2, 0x2f, 0xff, 0x3e, 0xff, 0xfc,
    0x2b, 0xdd, 0x50, 0x36, 0xff, 0x9d, 0x3f, 0xe1,
    0x2, 0x30, 0x89, 0x10, 0x8, 0xf0, 0x3, 0x97,
    0x71, 0x18, 0x13, 0xfc, 0x91, 0xfe, 0x60, 0x3,
    0x59, 0x98, 0x2, 0x2f, 0xfc, 0x60, 0x1, 0x40,
    0x85, 0x94, 0x0, 0x99, 0xc1, 0xc0, 0xb, 0x10,
    0x92, 0x5b, 0x0, 0xbb, 0x80, 0x19, 0x33, 0x3,
    0xd4, 0xc0, 0x1f, 0xfc, 0x2a, 0xa0, 0x4, 0x20,
    0x1f, 0xed, 0x30, 0x8, 0xb8, 0x3, 0xf8, 0x41,
    0xa8, 0x51, 0x43, 0x54, 0x3, 0xf1, 0x36, 0xab,
    0xea, 0x18, 0x0, 0x88, 0x20, 0x13, 0x7b, 0x52,
    0xd6, 0xa8, 0x3, 0xf4, 0xc8, 0x16, 0xaa, 0x0,
    0x3d, 0x70, 0x3, 0x7f, 0x4, 0x17, 0x10, 0x3,
    0x2d, 0x80,

    /* U+9891 "频" */
    0x0, 0xd6, 0xa0, 0xb, 0xff, 0xf2, 0x81, 0x50,
    0x0, 0x8c, 0xaf, 0xb8, 0x71, 0xdc, 0x50, 0x3,
    0x0, 0x2b, 0xe8, 0x4, 0x46, 0xa2, 0x20, 0xf,
    0x46, 0x41, 0x44, 0x85, 0x43, 0x80, 0xa0, 0x9b,
    0xe9, 0x99, 0x97, 0xe7, 0x82, 0x41, 0x2c, 0x38,
    0xd7, 0xb8, 0x2c, 0xcc, 0x4a, 0x0, 0x2e, 0xec,
    0x1b, 0xb0, 0x80, 0x18, 0x40, 0x30, 0xf0, 0x4,
    0xb4, 0x1, 0x8, 0x80, 0x33, 0x38, 0x5, 0xda,
    0x1, 0x19, 0x80, 0x21, 0x9b, 0x0, 0x1a, 0x30,
    0x4, 0x22, 0x0, 0xd6, 0x40, 0x9d, 0x2, 0xe4,
    0x64, 0x0, 0x50, 0x15, 0x1, 0x6, 0x70, 0x39,
    0xf4, 0xc1, 0xb0, 0x9, 0x30, 0x6c, 0x2, 0xa7,
    0x98, 0xd6, 0x0, 0x6c, 0xc5, 0x0, 0x1f, 0x8e,
    0x81, 0x32, 0xd8, 0x3f, 0x54, 0x2, 0x6f, 0x91,
    0x0, 0x16, 0x30,

    /* U+9898 "题" */
    0x4, 0xfd, 0xdb, 0xcf, 0xbb, 0xe0, 0x8, 0xf7,
    0x61, 0xe, 0xe6, 0x8f, 0x74, 0x1, 0x15, 0x54,
    0x20, 0x12, 0x28, 0x7, 0x8f, 0xfe, 0x0, 0x2f,
    0xca, 0x77, 0xa0, 0x4, 0x7b, 0xb0, 0x4, 0xbd,
    0x7c, 0x60, 0x12, 0x6d, 0xdd, 0x86, 0x1, 0x58,
    0x80, 0x45, 0x9f, 0xfd, 0x80, 0x10, 0x88, 0x2,
    0x2e, 0xe8, 0xff, 0xb8, 0x0, 0x11, 0x0, 0x71,
    0xe1, 0x1, 0x14, 0x0, 0x45, 0x0, 0xe2, 0x0,
    0xbb, 0x96, 0x3b, 0xd8, 0x88, 0x70, 0x3, 0x89,
    0x7, 0x72, 0xd0, 0x19, 0x60, 0x4c, 0x0, 0x65,
    0xc0, 0x11, 0xd5, 0x3c, 0xb0, 0xa8, 0x1, 0x32,
    0xa0, 0x94, 0x7d, 0xd1, 0x0, 0x2f, 0x81, 0xd,
    0x1b, 0x83, 0xea, 0x3f, 0xfa, 0x81, 0x30, 0x0,
    0x31, 0x7d, 0xff, 0xee, 0x0,

    /* U+989C "颜" */
    0x0, 0xff, 0xe3, 0x96, 0x0, 0x7f, 0xf0, 0x88,
    0xa0, 0x6, 0x7f, 0xf9, 0x43, 0x7f, 0xc3, 0xbf,
    0xd9, 0xfe, 0x1e, 0xff, 0x28, 0x6b, 0x57, 0xf2,
    0x78, 0x0, 0xc8, 0x40, 0x3b, 0x24, 0x1c, 0x44,
    0xdd, 0xa5, 0xba, 0xc0, 0x3, 0xc9, 0x64, 0xbd,
    0x83, 0x75, 0x6f, 0x88, 0x3, 0x97, 0x7e, 0xdf,
    0xc0, 0x29, 0x10, 0xe, 0xe3, 0x6a, 0x24, 0x0,
    0xff, 0x6f, 0x73, 0x68, 0x3, 0x18, 0x80, 0x76,
    0xfd, 0xae, 0x18, 0x7, 0xf1, 0x8a, 0xe5, 0xf9,
    0x80, 0x4, 0xc0, 0x38, 0x76, 0x6b, 0x66, 0xf,
    0x91, 0xc0, 0xe, 0x0, 0x58, 0xd7, 0xa5, 0xa5,
    0x78, 0xea, 0x1a, 0x2, 0x10, 0x9e, 0x3d, 0x21,
    0xd7, 0x49, 0xd7, 0x7, 0x44, 0x7, 0x48, 0x57,
    0xdd, 0x1, 0xfd, 0x2a, 0xa9, 0xe4, 0x40, 0x11,
    0xce, 0x1, 0xe, 0x28,

    /* U+989D "额" */
    0x0, 0x96, 0x40, 0x3f, 0xf8, 0x4e, 0xc2, 0x0,
    0xef, 0xff, 0x8, 0x7f, 0xb4, 0x3b, 0xf3, 0xbf,
    0x43, 0xbf, 0xc2, 0x0, 0xea, 0xdf, 0xd1, 0x0,
    0x3a, 0x8, 0x6, 0x83, 0xa1, 0x3, 0xb8, 0xcb,
    0x5c, 0xc3, 0x0, 0x1f, 0x87, 0x7b, 0x8e, 0x4d,
    0x10, 0xa0, 0x10, 0x6, 0x37, 0xf2, 0xc8, 0x87,
    0xbe, 0x32, 0x0, 0x6, 0xe7, 0xf4, 0x18, 0x3,
    0x20, 0x6, 0x16, 0xb0, 0x75, 0x91, 0x0, 0x18,
    0x7, 0x17, 0x1e, 0xd7, 0xc, 0x80, 0x4, 0xc0,
    0x31, 0x6a, 0xef, 0x71, 0xa0, 0x0, 0xae, 0x1,
    0xc4, 0x39, 0xd8, 0x20, 0x43, 0xf8, 0x1c, 0x20,
    0x18, 0xc0, 0xc0, 0x10, 0xa8, 0xb8, 0x8c, 0x1,
    0x88, 0xa0, 0xa, 0xa0, 0xe3, 0xd0, 0x3, 0x77,
    0xf0, 0x25, 0xf2, 0x82, 0x64, 0x8, 0x3, 0xf7,
    0x6f, 0x4b, 0x50, 0x8, 0x70, 0x40,

    /* U+98A8 "風" */
    0x0, 0x5f, 0xff, 0xf8, 0xc0, 0x3a, 0x37, 0x7f,
    0x8, 0x7, 0x88, 0x80, 0xc9, 0x7d, 0x86, 0xe,
    0x1, 0xc5, 0xdf, 0x12, 0x13, 0x82, 0x1, 0xf1,
    0x76, 0xe0, 0xda, 0x90, 0x18, 0x7, 0x38, 0x6f,
    0x70, 0x73, 0xb8, 0x1, 0xf0, 0x81, 0xff, 0xe,
    0xf0, 0x80, 0x7c, 0x62, 0x1, 0x84, 0x2, 0x11,
    0x0, 0x61, 0x60, 0x53, 0x17, 0x30, 0xf, 0x84,
    0x9, 0x63, 0xc2, 0x3c, 0xc1, 0x8c, 0x2, 0x43,
    0xb, 0xcc, 0xf, 0xca, 0x1, 0x88, 0x80, 0x1c,
    0x82, 0x46, 0x82, 0xa4, 0xeb, 0xdc, 0xa0, 0x34,
    0xa9, 0xe8, 0xe6, 0xf0, 0x88, 0x22, 0x1c, 0x19,
    0x85, 0x19, 0x75, 0x30, 0xee, 0xb3, 0x65, 0x5,
    0x90, 0xf, 0xe6, 0xb, 0x90,

    /* U+98CE "风" */
    0x0, 0x27, 0xff, 0xf9, 0x80, 0x38, 0x77, 0x7f,
    0x10, 0x7, 0xc4, 0x5c, 0x28, 0x42, 0x1, 0xf0,
    0xe8, 0x80, 0x27, 0x80, 0x3e, 0x10, 0x14, 0xd0,
    0x15, 0x90, 0xf, 0xf4, 0x85, 0x32, 0x88, 0x38,
    0x7, 0x19, 0x80, 0x1a, 0x91, 0x20, 0x1f, 0x84,
    0x40, 0x1, 0x40, 0xe, 0x10, 0xd, 0xcc, 0x0,
    0x45, 0x4e, 0x0, 0x8, 0x7, 0x11, 0x0, 0xaa,
    0x2c, 0x24, 0xf, 0xc0, 0x32, 0x61, 0x62, 0xb8,
    0x73, 0x1f, 0x10, 0x18, 0x20, 0x27, 0x2d, 0x80,
    0xd, 0x6c, 0x9c, 0x7c, 0x21, 0x83, 0x6c, 0x3,
    0x54, 0x21, 0x4b, 0x8, 0xac, 0x4, 0x3, 0xe1,
    0x86, 0xe1, 0xd2, 0x0, 0xff, 0x3f, 0x20,

    /* U+98DE "飞" */
    0xbf, 0xff, 0xd8, 0x1, 0xd3, 0x99, 0xf3, 0x0,
    0x45, 0x0, 0x46, 0x7f, 0x78, 0x80, 0xe0, 0x80,
    0x7f, 0x18, 0x17, 0xb4, 0x80, 0x7f, 0x9, 0x64,
    0xc0, 0x7, 0xf9, 0xc0, 0x8, 0x1, 0xff, 0x8,
    0x3e, 0x48, 0x7, 0xf8, 0x82, 0xb5, 0x74, 0x80,
    0x3f, 0x85, 0x8b, 0x14, 0xc0, 0x3f, 0x97, 0x0,
    0x10, 0x20, 0x1f, 0xd8, 0xe0, 0x3, 0x80, 0xf,
    0xe6, 0x16, 0x6, 0x20, 0xf, 0xe1, 0x79, 0x7f,
    0xd0, 0xf, 0xf4, 0x3c, 0xbb, 0x0,

    /* U+9988 "馈" */
    0x0, 0xff, 0xe3, 0x44, 0x0, 0x22, 0x2b, 0xd0,
    0x88, 0x20, 0x11, 0xf0, 0x0, 0x76, 0x64, 0x1f,
    0x38, 0xe0, 0x12, 0x5e, 0x61, 0x46, 0xec, 0x13,
    0x6e, 0x1, 0x19, 0x74, 0x9b, 0x1e, 0xe8, 0x3f,
    0x50, 0xc0, 0x14, 0xa6, 0x4c, 0x5b, 0xb0, 0x7e,
    0xe9, 0x40, 0x5a, 0xdb, 0xef, 0x7b, 0xa1, 0xce,
    0xe9, 0xc6, 0x46, 0x20, 0x5b, 0xbf, 0xb9, 0xc1,
    0x80, 0x31, 0x67, 0xff, 0x61, 0x80, 0x7e, 0x1c,
    0xc5, 0x66, 0x4, 0x3, 0xff, 0x81, 0x22, 0x1,
    0xfc, 0x20, 0x10, 0x80, 0x80, 0x7e, 0x8d, 0x5,
    0x6, 0x30, 0x2, 0x80, 0x67, 0x13, 0xd2, 0xb8,
    0x87, 0xe5, 0xf9, 0x80, 0x50, 0xf6, 0x33, 0xc9,
    0xa7, 0x9d, 0x34, 0x1, 0x7c, 0x0, 0x3f, 0x70,
    0x80, 0xb, 0xbc, 0x0,

    /* U+9996 "首" */
    0x0, 0xc8, 0x1, 0xe4, 0x10, 0xf, 0xd, 0x40,
    0x6, 0x5b, 0x30, 0xc, 0x44, 0x38, 0x63, 0x22,
    0x1d, 0xb8, 0x11, 0x0, 0xb7, 0x69, 0x1c, 0xdd,
    0x60, 0xbe, 0xec, 0x44, 0xff, 0xf1, 0x47, 0xff,
    0x88, 0x0, 0x9b, 0xb8, 0xa7, 0x77, 0x20, 0x7,
    0x1f, 0x75, 0x9b, 0xdd, 0x10, 0x80, 0x78, 0xcf,
    0xf0, 0x80, 0x78, 0x7f, 0xff, 0x8, 0x7, 0x87,
    0xff, 0xf0, 0x80, 0x7c, 0x45, 0xf8, 0x3, 0xe1,
    0xee, 0xfc, 0x20, 0x1e, 0x1c, 0xcf, 0xc2, 0x1,
    0xe1, 0xee, 0xfc, 0x20, 0x1e, 0x1c, 0xcf, 0xc2,
    0x1, 0x0,

    /* U+9A6C "马" */
    0x0, 0xff, 0xe2, 0xef, 0xff, 0xf4, 0x0, 0x6f,
    0xdd, 0xfc, 0x5c, 0x1, 0x88, 0xbf, 0x80, 0xc0,
    0x39, 0xac, 0x3, 0xc4, 0xc0, 0x1d, 0xc2, 0x1,
    0xf0, 0x80, 0x70, 0x98, 0x7, 0x10, 0x10, 0x7,
    0x10, 0x11, 0x72, 0x1, 0x10, 0x40, 0x27, 0x6d,
    0xde, 0x90, 0xdd, 0x58, 0x5, 0x9f, 0xff, 0xca,
    0x40, 0x67, 0xfe, 0x10, 0x6e, 0x1c, 0xcf, 0xf2,
    0x1, 0x90, 0xff, 0xff, 0x94, 0x81, 0x40, 0x3f,
    0x88, 0x45, 0x64, 0x20, 0x1f, 0xd1, 0xdc, 0x79,
    0x0, 0xff, 0x57, 0xfb, 0x90, 0x0,

    /* U+9A71 "驱" */
    0x0, 0xff, 0xe2, 0xe7, 0xfe, 0x5, 0xff, 0xf9,
    0x43, 0x3f, 0xda, 0x1, 0x17, 0x77, 0x94, 0x5,
    0x40, 0x4, 0x0, 0x11, 0xe2, 0x20, 0x1, 0x78,
    0x18, 0x40, 0x26, 0x90, 0x4, 0x20, 0x0, 0x44,
    0x2, 0xe0, 0x13, 0xb9, 0x45, 0x18, 0x0, 0x44,
    0x2, 0x20, 0x4, 0x3b, 0x50, 0xa2, 0x0, 0xff,
    0x7, 0x8, 0x6, 0x37, 0x6e, 0x0, 0x8a, 0x3d,
    0x9e, 0xc0, 0x37, 0x81, 0x80, 0x55, 0xff, 0x40,
    0x80, 0x43, 0x2f, 0x2, 0x1, 0xc7, 0xe6, 0x1,
    0x42, 0xc2, 0xd8, 0xb, 0xdf, 0xc8, 0x88, 0x0,
    0xad, 0x21, 0xa, 0x44, 0xee, 0x7d, 0x2f, 0x0,
    0xe, 0x48, 0xa, 0xc8, 0xe5, 0x40, 0x4d, 0x40,
    0x55, 0x46, 0x73, 0x90, 0x1, 0xbf, 0x98, 0xc4,
    0x3b, 0xbd, 0x60, 0x6, 0xff, 0x48, 0x26, 0xef,
    0xd2,

    /* U+9A76 "驶" */
    0xc, 0xff, 0xc4, 0x1, 0x26, 0x80, 0x76, 0x7f,
    0xb8, 0x8, 0x3, 0xfc, 0x4c, 0x1, 0xb7, 0xfd,
    0x65, 0xfe, 0xe0, 0x3, 0x68, 0x10, 0x80, 0x2f,
    0xa8, 0xba, 0xc0, 0x22, 0x10, 0x73, 0x0, 0x38,
    0x88, 0x5, 0x80, 0x21, 0x20, 0x26, 0x0, 0xff,
    0xbb, 0xc0, 0x48, 0x1, 0x13, 0xe7, 0x30, 0x1,
    0x1c, 0x7c, 0x35, 0x46, 0xf8, 0x9f, 0xe4, 0x0,
    0x2b, 0xfe, 0x92, 0x25, 0x31, 0x23, 0x34, 0x1,
    0x85, 0x3b, 0xdc, 0x25, 0x70, 0x3, 0x14, 0xef,
    0xf1, 0x10, 0x35, 0xc9, 0x0, 0x31, 0xf7, 0x54,
    0xcc, 0x5, 0x12, 0xc3, 0x0, 0x85, 0xcc, 0x8,
    0xc9, 0xee, 0x76, 0xb2, 0xd4, 0x2, 0x5f, 0xd8,
    0x4b, 0xc6, 0x7, 0xd3, 0x82, 0x0, 0x2f, 0xf9,
    0xd7, 0xc, 0x2, 0x28, 0xd2,

    /* U+9A8C "验" */
    0x0, 0xff, 0x8, 0x80, 0x3b, 0xbf, 0xf1, 0x80,
    0x5b, 0x20, 0x1d, 0xdf, 0xf0, 0x8, 0x1, 0x9a,
    0x10, 0xc, 0x2a, 0x1, 0x10, 0xd, 0x52, 0x34,
    0x3, 0x2f, 0x0, 0x80, 0x7, 0x3c, 0x19, 0x98,
    0x20, 0x1, 0x10, 0x10, 0x97, 0xa3, 0xa2, 0x39,
    0xf0, 0x80, 0x88, 0xe, 0x49, 0x3d, 0x11, 0xa5,
    0x0, 0x1f, 0xe0, 0x27, 0x67, 0x76, 0x76, 0x60,
    0xa4, 0x80, 0xa3, 0xe5, 0x35, 0xdc, 0x12, 0x80,
    0xf4, 0x0, 0xaf, 0xfa, 0xc1, 0x2c, 0x30, 0xc2,
    0xb8, 0x3, 0x13, 0xb, 0x19, 0x9, 0x69, 0x82,
    0x1, 0xdf, 0x74, 0x42, 0xe, 0x49, 0xf3, 0x60,
    0x2, 0xfe, 0xc8, 0xe2, 0x9, 0x31, 0x77, 0x30,
    0x0, 0x50, 0x2, 0x4c, 0xac, 0xcc, 0x79, 0x80,
    0x9, 0xbf, 0xce, 0x93, 0x11, 0x55, 0x22, 0x0,
    0x13, 0x7f, 0xa8, 0xd, 0x13, 0xe0,

    /* U+9AA4 "骤" */
    0x1f, 0xfc, 0xb9, 0xfd, 0xf7, 0x59, 0x89, 0x1,
    0xff, 0x90, 0x70, 0x68, 0xe2, 0x18, 0x9c, 0x0,
    0x15, 0x7, 0x70, 0xe, 0x90, 0x4b, 0x2a, 0x80,
    0xb, 0xc0, 0x22, 0x0, 0x10, 0x2, 0xec, 0xc4,
    0x0, 0x22, 0x1, 0x18, 0xd, 0xaa, 0x90, 0xd8,
    0xc0, 0x3, 0xc0, 0x1, 0xc1, 0xc5, 0xfa, 0xc9,
    0x80, 0x7, 0x9, 0x8, 0x6f, 0xe4, 0x55, 0x15,
    0xec, 0x0, 0xb3, 0xa3, 0xe3, 0x7b, 0x19, 0xfe,
    0x60, 0xb, 0x3f, 0xd8, 0x0, 0xa8, 0xa1, 0xb8,
    0xd2, 0x0, 0x89, 0x94, 0x42, 0x61, 0xc5, 0x73,
    0xc8, 0x17, 0xbf, 0x84, 0x90, 0x7a, 0xc2, 0xa1,
    0xc0, 0x9, 0xfb, 0x1e, 0xc9, 0x5b, 0xc3, 0x94,
    0xc0, 0x1, 0x10, 0x1, 0x35, 0xf6, 0x90, 0xf,
    0xfd, 0x60, 0x15, 0x7b, 0xb3, 0xfa, 0x0, 0x43,
    0x36, 0x0,

    /* U+9AD8 "高" */
    0x0, 0xf5, 0xc0, 0x7, 0xaa, 0xbc, 0xaa, 0xaa,
    0xf4, 0xcf, 0xb7, 0xa6, 0x7c, 0x66, 0x7c, 0xee,
    0xf6, 0x39, 0x98, 0x2, 0x2d, 0xdf, 0x8, 0x7,
    0x8b, 0x33, 0xc2, 0x1, 0xc9, 0xdb, 0xbe, 0xe4,
    0x0, 0x1e, 0xeb, 0x33, 0xf6, 0xe9, 0x0, 0xbf,
    0xff, 0xc6, 0x20, 0x24, 0x4e, 0xef, 0x11, 0xc,
    0x3, 0x8f, 0x73, 0x1a, 0x60, 0x1f, 0xc2, 0x0,
    0x10, 0xf, 0xf7, 0x76, 0x3, 0x23, 0x0, 0xe9,
    0xee, 0xdb, 0x9a, 0x48,

    /* U+9ED1 "黑" */
    0x0, 0x47, 0xff, 0xf9, 0xc0, 0x39, 0xb7, 0x3d,
    0x99, 0xf7, 0xc8, 0x1, 0xfb, 0xc0, 0x34, 0x98,
    0x7, 0xe2, 0x2, 0x0, 0x2b, 0x90, 0x7, 0xc6,
    0x30, 0x6, 0x77, 0xb, 0x80, 0x77, 0xa7, 0xd6,
    0x2a, 0xa2, 0xbc, 0x84, 0x3, 0x3f, 0x76, 0x56,
    0xee, 0xcc, 0x1, 0xb3, 0xff, 0x2b, 0x7f, 0xec,
    0x0, 0xd9, 0xff, 0x99, 0x9f, 0xfb, 0x0, 0x3,
    0x99, 0xe7, 0x76, 0x67, 0x84, 0x51, 0x1e, 0xaa,
    0x44, 0x78, 0x41, 0x3b, 0x50, 0x4d, 0x17, 0xd1,
    0x1f, 0xa8, 0x0, 0x35, 0xa0, 0x3b, 0x1, 0x66,
    0x4, 0xbb, 0x0, 0x3e, 0xc, 0x8, 0x2, 0x5e,
    0x2, 0xbb, 0x0, 0x31, 0xc0, 0x9, 0x80, 0x8,
    0x80, 0x1, 0x74, 0x0,

    /* U+9ED8 "默" */
    0x9, 0xed, 0xfd, 0xec, 0x0, 0xf, 0xb1, 0x0,
    0x69, 0xc4, 0xc8, 0x0, 0xe2, 0xf0, 0xd, 0xcc,
    0x9, 0x80, 0x1c, 0x8f, 0x0, 0x17, 0xe8, 0x67,
    0x80, 0x7a, 0xe8, 0x2, 0x38, 0xd, 0x70, 0x9c,
    0xd0, 0xcd, 0xe2, 0x1, 0x8f, 0x4a, 0xf6, 0xda,
    0x40, 0xaa, 0x8c, 0x23, 0x74, 0x3b, 0xaa, 0x46,
    0xc0, 0x56, 0x60, 0x85, 0x77, 0x7, 0x7a, 0xc0,
    0x6, 0x8, 0x1, 0xab, 0xb8, 0x3b, 0x92, 0x0,
    0xc6, 0xb0, 0xd, 0xbd, 0xe3, 0xbf, 0xc0, 0x4,
    0x81, 0x20, 0xa, 0x6b, 0x7f, 0xed, 0x7, 0x31,
    0xab, 0x0, 0xb0, 0xa4, 0xb5, 0xe4, 0x66, 0x40,
    0xcc, 0x30, 0x15, 0x62, 0x11, 0x20, 0xd2, 0xa8,
    0x6, 0x34, 0x89, 0x61, 0xe3, 0x23, 0xf, 0x40,
    0x13, 0xa3, 0x9b, 0x3, 0x12, 0x0, 0xe0, 0x80,
    0x6a, 0x50,

    /* U+9F7F "齿" */
    0x0, 0xa6, 0x40, 0x7, 0xb0, 0xf, 0xfe, 0x1a,
    0x7f, 0xec, 0x0, 0xff, 0x1f, 0x76, 0xd0, 0xf,
    0xf3, 0x88, 0xf0, 0x0, 0x7b, 0x8c, 0xce, 0xe4,
    0x27, 0x77, 0x8c, 0x72, 0xf3, 0x73, 0x17, 0x39,
    0x9a, 0x34, 0xc0, 0xa8, 0x48, 0xad, 0xf2, 0x2d,
    0x20, 0x1f, 0xcf, 0xe0, 0x1f, 0xfc, 0x18, 0x38,
    0x70, 0xf, 0xf9, 0x5b, 0x3e, 0xec, 0x20, 0x1f,
    0xc, 0x5e, 0x88, 0xb0, 0x70, 0x80, 0x3f, 0x79,
    0x80, 0x55, 0x66, 0x1, 0xee, 0x4d, 0xcc, 0xea,
    0xd0, 0xe, 0xa8, 0x99, 0xfe, 0x0, 0x80,

    /* U+9F99 "龙" */
    0x0, 0xff, 0xe4, 0xa7, 0x80, 0xa, 0x4, 0x3,
    0xf8, 0x44, 0x0, 0x2e, 0xf5, 0x0, 0xfc, 0x66,
    0x0, 0x9b, 0x3c, 0x2, 0x1d, 0xdd, 0x5, 0xbb,
    0xbd, 0xf7, 0x42, 0x29, 0x9c, 0x49, 0x2c, 0xc9,
    0x9e, 0x10, 0x44, 0xc3, 0xa8, 0x42, 0x88, 0x7c,
    0x40, 0xf, 0x12, 0x80, 0x77, 0x0, 0x7c, 0x60,
    0x60, 0x19, 0xc2, 0x0, 0x3d, 0x4a, 0x1, 0x96,
    0x38, 0x3, 0xc2, 0xdc, 0x1, 0x3d, 0x59, 0x80,
    0x7a, 0xc9, 0x0, 0x6, 0x54, 0x80, 0x1e, 0x65,
    0xe0, 0x3c, 0x55, 0x80, 0x2a, 0x30, 0x89, 0x83,
    0x9c, 0x75, 0x62, 0x11, 0x12, 0x1, 0x35, 0x38,
    0x7d, 0xda, 0x4b, 0x7b, 0x9a, 0xa6, 0x5c, 0xa0,
    0x6, 0x40, 0x3e, 0xff, 0xd6, 0x0,

    /* U+FF01 "！" */
    0x1f, 0xa0, 0x8, 0x40, 0xc0, 0x2, 0x3, 0xe0,
    0x18, 0xc4, 0x4, 0xc3, 0x54, 0x4, 0x7, 0xa0,
    0x0, 0x22, 0xe9,

    /* U+FF08 "（" */
    0x0, 0xa0, 0x2, 0xb2, 0x0, 0x2a, 0xa8, 0x1,
    0x76, 0x0, 0x20, 0x28, 0x3, 0x5c, 0x2, 0x2f,
    0x0, 0x98, 0xc0, 0x3f, 0x31, 0x0, 0x47, 0xa0,
    0x15, 0xa8, 0x4, 0x66, 0x70, 0xa, 0x24, 0x40,
    0x8, 0xda, 0x1, 0x44, 0x80,

    /* U+FF09 "）" */
    0x8, 0x0, 0xc5, 0x40, 0x15, 0x22, 0x80, 0x57,
    0x0, 0x12, 0x9a, 0x0, 0x4f, 0xa0, 0x17, 0x90,
    0x4, 0x6c, 0x1, 0x84, 0x2, 0x27, 0x0, 0xb4,
    0xc0, 0x25, 0xb0, 0x3, 0x99, 0x80, 0x66, 0x0,
    0x1a, 0xc8, 0x0, 0x98, 0x0, 0x0,

    /* U+FF0C "，" */
    0xb, 0x80, 0x34, 0x71, 0x3a, 0x3, 0x0, 0x11,
    0x1e, 0xf8, 0xb, 0xc, 0x0,

    /* U+FF1A "：" */
    0x0, 0xee, 0xe0, 0x8, 0xf7, 0x70, 0x40, 0x44,
    0x1, 0xff, 0xc2, 0x11, 0x0, 0xf7, 0x4, 0x78,
    0x3b, 0x80,

    /* U+FF1B "；" */
    0x0, 0xee, 0xe0, 0x8, 0xf7, 0x70, 0x40, 0x44,
    0x1, 0xff, 0x8, 0x3, 0x78, 0x40, 0x27, 0xd,
    0x23, 0x2, 0x22, 0x23, 0x24, 0x43, 0x58, 0x0,

    /* U+FF1F "？" */
    0x0, 0x84, 0x40, 0x19, 0xbb, 0xaf, 0x80, 0x88,
    0xb7, 0xa5, 0xdd, 0x58, 0xc4, 0x2c, 0x96, 0x44,
    0x0, 0xce, 0xc0, 0x1d, 0x25, 0x0, 0x1a, 0x93,
    0xc8, 0x2, 0x87, 0xc1, 0x0, 0xcb, 0x42, 0x1,
    0xd8, 0xe0, 0x1e, 0x10, 0xf, 0xf, 0x40, 0x7,
    0xc2, 0x1, 0xc3, 0xd2, 0x1, 0x0
};


/*---------------------
 *  GLYPH DESCRIPTION
 *--------------------*/

static const lv_font_fmt_txt_glyph_dsc_t glyph_dsc[] = {
    {.bitmap_index = 0, .adv_w = 0, .box_w = 0, .box_h = 0, .ofs_x = 0, .ofs_y = 0} /* id = 0 reserved */,
    {.bitmap_index = 0, .adv_w = 256, .box_w = 6, .box_h = 5, .ofs_x = 0, .ofs_y = -1},
    {.bitmap_index = 15, .adv_w = 256, .box_w = 6, .box_h = 5, .ofs_x = 0, .ofs_y = -1},
    {.bitmap_index = 31, .adv_w = 256, .box_w = 13, .box_h = 14, .ofs_x = 1, .ofs_y = -1},
    {.bitmap_index = 100, .adv_w = 256, .box_w = 6, .box_h = 11, .ofs_x = 10, .ofs_y = 2},
    {.bitmap_index = 113, .adv_w = 256, .box_w = 6, .box_h = 11, .ofs_x = 0, .ofs_y = -1},
    {.bitmap_index = 126, .adv_w = 256, .box_w = 16, .box_h = 6, .ofs_x = 0, .ofs_y = 3},
    {.bitmap_index = 166, .adv_w = 256, .box_w = 14, .box_h = 15, .ofs_x = 1, .ofs_y = -1},
    {.bitmap_index = 260, .adv_w = 256, .box_w = 13, .box_h = 13, .ofs_x = 2, .ofs_y = -1},
    {.bitmap_index = 323, .adv_w = 256, .box_w = 11, .box_h = 14, .ofs_x = 2, .ofs_y = -1},
    {.bitmap_index = 387, .adv_w = 256, .box_w = 14, .box_h = 14, .ofs_x = 1, .ofs_y = -1},
    {.bitmap_index = 465, .adv_w = 256, .box_w = 15, .box_h = 14, .ofs_x = 1, .ofs_y = -1},
    {.bitmap_index = 554, .adv_w = 256, .box_w = 15, .box_h = 14, .ofs_x = 1, .ofs_y = -1},
    {.bitmap_index = 644, .adv_w = 256, .box_w = 16, .box_h = 15, .ofs_x = 0, .ofs_y = -1},
    {.bitmap_index = 746, .adv_w = 256, .box_w = 12, .box_h = 14, .ofs_x = 2, .ofs_y = -1},
    {.bitmap_index = 824, .adv_w = 256, .box_w = 15, .box_h = 15, .ofs_x = 1, .ofs_y = -1},
    {.bitmap_index = 919, .adv_w = 256, .box_w = 10, .box_h = 15, .ofs_x = 2, .ofs_y = -2},
    {.bitmap_index = 973, .adv_w = 256, .box_w = 12, .box_h = 15, .ofs_x = 2, .ofs_y = -2},
    {.bitmap_index = 1039, .adv_w = 256, .box_w = 14, .box_h = 14, .ofs_x = 1, .ofs_y = -1},
    {.bitmap_index = 1121, .adv_w = 256, .box_w = 15, .box_h = 16, .ofs_x = 1, .ofs_y = -2},
    {.bitmap_index = 1216, .adv_w = 256, .box_w = 12, .box_h = 13, .ofs_x = 2, .ofs_y = -1},
    {.bitmap_index = 1269, .adv_w = 256, .box_w = 14, .box_h = 15, .ofs_x = 2, .ofs_y = -1},
    {.bitmap_index = 1335, .adv_w = 256, .box_w = 12, .box_h = 14, .ofs_x = 2, .ofs_y = -1},
    {.bitmap_index = 1408, .adv_w = 256, .box_w = 14, .box_h = 16, .ofs_x = 2, .ofs_y = -2},
    {.bitmap_index = 1501, .adv_w = 256, .box_w = 12, .box_h = 15, .ofs_x = 3, .ofs_y = -1},
    {.bitmap_index = 1554, .adv_w = 256, .box_w = 12, .box_h = 14, .ofs_x = 3, .ofs_y = -1},
    {.bitmap_index = 1614, .adv_w = 256, .box_w = 14, .box_h = 14, .ofs_x = 1, .ofs_y = -1},
    {.bitmap_index = 1682, .adv_w = 256, .box_w = 15, .box_h = 16, .ofs_x = 0, .ofs_y = -2},
    {.bitmap_index = 1767, .adv_w = 256, .box_w = 15, .box_h = 14, .ofs_x = 0, .ofs_y = -1},
    {.bitmap_index = 1845, .adv_w = 256, .box_w = 14, .box_h = 15, .ofs_x = 1, .ofs_y = -2},
    {.bitmap_index = 1923, .adv_w = 256, .box_w = 14, .box_h = 14, .ofs_x = 1, .ofs_y = -1},
    {.bitmap_index = 2003, .adv_w = 256, .box_w = 15, .box_h = 14, .ofs_x = 1, .ofs_y = -1},
    {.bitmap_index = 2095, .adv_w = 256, .box_w = 13, .box_h = 15, .ofs_x = 1, .ofs_y = -1},
    {.bitmap_index = 2172, .adv_w = 256, .box_w = 12, .box_h = 10, .ofs_x = 2, .ofs_y = -1},
    {.bitmap_index = 2219, .adv_w = 256, .box_w = 14, .box_h = 11, .ofs_x = 1, .ofs_y = 0},
    {.bitmap_index = 2276, .adv_w = 256, .box_w = 16, .box_h = 15, .ofs_x = 0, .ofs_y = -1},
    {.bitmap_index = 2358, .adv_w = 256, .box_w = 14, .box_h = 13, .ofs_x = 1, .ofs_y = -1},
    {.bitmap_index = 2421, .adv_w = 256, .box_w = 14, .box_h = 13, .ofs_x = 1, .ofs_y = -1},
    {.bitmap_index = 2492, .adv_w = 256, .box_w = 11, .box_h = 14, .ofs_x = 3, .ofs_y = -1},
    {.bitmap_index = 2552, .adv_w = 256, .box_w = 14, .box_h = 14, .ofs_x = 2, .ofs_y = -1},
    {.bitmap_index = 2626, .adv_w = 256, .box_w = 14, .box_h = 14, .ofs_x = 1, .ofs_y = -1},
    {.bitmap_index = 2714, .adv_w = 256, .box_w = 14, .box_h = 13, .ofs_x = 1, .ofs_y = -1},
    {.bitmap_index = 2785, .adv_w = 256, .box_w = 14, .box_h = 13, .ofs_x = 1, .ofs_y = -1},
    {.bitmap_index = 2869, .adv_w = 256, .box_w = 15, .box_h = 14, .ofs_x = 1, .ofs_y = -1},
    {.bitmap_index = 2962, .adv_w = 256, .box_w = 15, .box_h = 15, .ofs_x = 1, .ofs_y = -1},
    {.bitmap_index = 3059, .adv_w = 256, .box_w = 16, .box_h = 14, .ofs_x = 0, .ofs_y = -1},
    {.bitmap_index = 3153, .adv_w = 256, .box_w = 16, .box_h = 11, .ofs_x = 0, .ofs_y = 0},
    {.bitmap_index = 3213, .adv_w = 256, .box_w = 16, .box_h = 12, .ofs_x = 0, .ofs_y = 0},
    {.bitmap_index = 3286, .adv_w = 256, .box_w = 15, .box_h = 14, .ofs_x = 1, .ofs_y = -1},
    {.bitmap_index = 3382, .adv_w = 256, .box_w = 12, .box_h = 14, .ofs_x = 2, .ofs_y = -1},
    {.bitmap_index = 3460, .adv_w = 256, .box_w = 15, .box_h = 14, .ofs_x = 1, .ofs_y = -1},
    {.bitmap_index = 3549, .adv_w = 256, .box_w = 14, .box_h = 14, .ofs_x = 1, .ofs_y = -1},
    {.bitmap_index = 3638, .adv_w = 256, .box_w = 14, .box_h = 15, .ofs_x = 1, .ofs_y = -1},
    {.bitmap_index = 3719, .adv_w = 256, .box_w = 15, .box_h = 14, .ofs_x = 0, .ofs_y = -1},
    {.bitmap_index = 3802, .adv_w = 256, .box_w = 10, .box_h = 11, .ofs_x = 3, .ofs_y = -1},
    {.bitmap_index = 3847, .adv_w = 256, .box_w = 12, .box_h = 14, .ofs_x = 2, .ofs_y = -1},
    {.bitmap_index = 3909, .adv_w = 256, .box_w = 12, .box_h = 15, .ofs_x = 2, .ofs_y = -2},
    {.bitmap_index = 3984, .adv_w = 256, .box_w = 10, .box_h = 15, .ofs_x = 3, .ofs_y = -1},
    {.bitmap_index = 4045, .adv_w = 256, .box_w = 13, .box_h = 14, .ofs_x = 1, .ofs_y = -1},
    {.bitmap_index = 4124, .adv_w = 256, .box_w = 16, .box_h = 15, .ofs_x = 0, .ofs_y = -1},
    {.bitmap_index = 4214, .adv_w = 256, .box_w = 13, .box_h = 15, .ofs_x = 1, .ofs_y = -2},
    {.bitmap_index = 4293, .adv_w = 256, .box_w = 15, .box_h = 15, .ofs_x = 0, .ofs_y = -1},
    {.bitmap_index = 4379, .adv_w = 256, .box_w = 14, .box_h = 14, .ofs_x = 1, .ofs_y = -1},
    {.bitmap_index = 4464, .adv_w = 256, .box_w = 14, .box_h = 14, .ofs_x = 1, .ofs_y = -1},
    {.bitmap_index = 4535, .adv_w = 256, .box_w = 12, .box_h = 11, .ofs_x = 2, .ofs_y = -2},
    {.bitmap_index = 4581, .adv_w = 256, .box_w = 14, .box_h = 13, .ofs_x = 1, .ofs_y = -1},
    {.bitmap_index = 4641, .adv_w = 256, .box_w = 12, .box_h = 12, .ofs_x = 1, .ofs_y = -1},
    {.bitmap_index = 4680, .adv_w = 256, .box_w = 13, .box_h = 14, .ofs_x = 1, .ofs_y = -1},
    {.bitmap_index = 4728, .adv_w = 256, .box_w = 12, .box_h = 14, .ofs_x = 2, .ofs_y = -1},
    {.bitmap_index = 4789, .adv_w = 256, .box_w = 12, .box_h = 10, .ofs_x = 2, .ofs_y = -1},
    {.bitmap_index = 4818, .adv_w = 256, .box_w = 14, .box_h = 11, .ofs_x = 1, .ofs_y = 0},
    {.bitmap_index = 4847, .adv_w = 256, .box_w = 12, .box_h = 12, .ofs_x = 2, .ofs_y = -2},
    {.bitmap_index = 4903, .adv_w = 256, .box_w = 14, .box_h = 14, .ofs_x = 1, .ofs_y = -1},
    {.bitmap_index = 4969, .adv_w = 256, .box_w = 13, .box_h = 14, .ofs_x = 1, .ofs_y = -1},
    {.bitmap_index = 5042, .adv_w = 256, .box_w = 15, .box_h = 15, .ofs_x = 1, .ofs_y = -1},
    {.bitmap_index = 5133, .adv_w = 256, .box_w = 14, .box_h = 14, .ofs_x = 1, .ofs_y = -1},
    {.bitmap_index = 5212, .adv_w = 256, .box_w = 15, .box_h = 16, .ofs_x = 1, .ofs_y = -2},
    {.bitmap_index = 5308, .adv_w = 256, .box_w = 13, .box_h = 14, .ofs_x = 1, .ofs_y = -1},
    {.bitmap_index = 5376, .adv_w = 256, .box_w = 16, .box_h = 16, .ofs_x = 0, .ofs_y = -2},
    {.bitmap_index = 5467, .adv_w = 256, .box_w = 14, .box_h = 14, .ofs_x = 1, .ofs_y = -1},
    {.bitmap_index = 5534, .adv_w = 256, .box_w = 16, .box_h = 15, .ofs_x = 0, .ofs_y = -1},
    {.bitmap_index = 5620, .adv_w = 256, .box_w = 12, .box_h = 13, .ofs_x = 2, .ofs_y = -1},
    {.bitmap_index = 5655, .adv_w = 256, .box_w = 14, .box_h = 15, .ofs_x = 2, .ofs_y = -1},
    {.bitmap_index = 5701, .adv_w = 256, .box_w = 14, .box_h = 14, .ofs_x = 1, .ofs_y = -1},
    {.bitmap_index = 5770, .adv_w = 256, .box_w = 16, .box_h = 14, .ofs_x = 0, .ofs_y = -1},
    {.bitmap_index = 5852, .adv_w = 256, .box_w = 14, .box_h = 14, .ofs_x = 1, .ofs_y = -1},
    {.bitmap_index = 5923, .adv_w = 256, .box_w = 15, .box_h = 14, .ofs_x = 1, .ofs_y = -1},
    {.bitmap_index = 6005, .adv_w = 256, .box_w = 14, .box_h = 13, .ofs_x = 1, .ofs_y = -1},
    {.bitmap_index = 6071, .adv_w = 256, .box_w = 15, .box_h = 15, .ofs_x = 1, .ofs_y = -1},
    {.bitmap_index = 6152, .adv_w = 256, .box_w = 15, .box_h = 14, .ofs_x = 0, .ofs_y = -1},
    {.bitmap_index = 6229, .adv_w = 256, .box_w = 13, .box_h = 13, .ofs_x = 1, .ofs_y = -1},
    {.bitmap_index = 6291, .adv_w = 256, .box_w = 15, .box_h = 15, .ofs_x = 1, .ofs_y = -1},
    {.bitmap_index = 6366, .adv_w = 256, .box_w = 13, .box_h = 15, .ofs_x = 1, .ofs_y = -1},
    {.bitmap_index = 6443, .adv_w = 256, .box_w = 16, .box_h = 16, .ofs_x = 0, .ofs_y = -2},
    {.bitmap_index = 6538, .adv_w = 256, .box_w = 14, .box_h = 14, .ofs_x = 1, .ofs_y = -1},
    {.bitmap_index = 6605, .adv_w = 256, .box_w = 12, .box_h = 12, .ofs_x = 2, .ofs_y = -2},
    {.bitmap_index = 6665, .adv_w = 256, .box_w = 14, .box_h = 14, .ofs_x = 1, .ofs_y = -1},
    {.bitmap_index = 6739, .adv_w = 256, .box_w = 14, .box_h = 14, .ofs_x = 1, .ofs_y = -1},
    {.bitmap_index = 6800, .adv_w = 256, .box_w = 15, .box_h = 16, .ofs_x = 1, .ofs_y = -2},
    {.bitmap_index = 6876, .adv_w = 256, .box_w = 9, .box_h = 13, .ofs_x = 5, .ofs_y = 0},
    {.bitmap_index = 6914, .adv_w = 256, .box_w = 10, .box_h = 14, .ofs_x = 4, .ofs_y = -1},
    {.bitmap_index = 6963, .adv_w = 256, .box_w = 14, .box_h = 14, .ofs_x = 1, .ofs_y = -1},
    {.bitmap_index = 7019, .adv_w = 256, .box_w = 14, .box_h = 11, .ofs_x = 1, .ofs_y = 0},
    {.bitmap_index = 7048, .adv_w = 256, .box_w = 14, .box_h = 14, .ofs_x = 1, .ofs_y = -1},
    {.bitmap_index = 7117, .adv_w = 256, .box_w = 11, .box_h = 13, .ofs_x = 2, .ofs_y = -1},
    {.bitmap_index = 7165, .adv_w = 256, .box_w = 14, .box_h = 12, .ofs_x = 1, .ofs_y = 0},
    {.bitmap_index = 7227, .adv_w = 256, .box_w = 15, .box_h = 15, .ofs_x = 1, .ofs_y = -1},
    {.bitmap_index = 7307, .adv_w = 256, .box_w = 15, .box_h = 14, .ofs_x = 1, .ofs_y = -1},
    {.bitmap_index = 7388, .adv_w = 256, .box_w = 11, .box_h = 14, .ofs_x = 3, .ofs_y = -1},
    {.bitmap_index = 7437, .adv_w = 256, .box_w = 13, .box_h = 15, .ofs_x = 2, .ofs_y = -1},
    {.bitmap_index = 7499, .adv_w = 256, .box_w = 13, .box_h = 14, .ofs_x = 2, .ofs_y = -1},
    {.bitmap_index = 7561, .adv_w = 256, .box_w = 12, .box_h = 13, .ofs_x = 2, .ofs_y = -1},
    {.bitmap_index = 7613, .adv_w = 256, .box_w = 14, .box_h = 15, .ofs_x = 2, .ofs_y = -1},
    {.bitmap_index = 7677, .adv_w = 256, .box_w = 14, .box_h = 14, .ofs_x = 2, .ofs_y = -1},
    {.bitmap_index = 7737, .adv_w = 256, .box_w = 16, .box_h = 11, .ofs_x = 0, .ofs_y = 0},
    {.bitmap_index = 7798, .adv_w = 256, .box_w = 16, .box_h = 12, .ofs_x = 0, .ofs_y = 0},
    {.bitmap_index = 7870, .adv_w = 256, .box_w = 15, .box_h = 12, .ofs_x = 0, .ofs_y = 0},
    {.bitmap_index = 7941, .adv_w = 256, .box_w = 14, .box_h = 14, .ofs_x = 1, .ofs_y = -1},
    {.bitmap_index = 8014, .adv_w = 256, .box_w = 16, .box_h = 14, .ofs_x = 0, .ofs_y = -1},
    {.bitmap_index = 8097, .adv_w = 256, .box_w = 15, .box_h = 14, .ofs_x = 0, .ofs_y = -1},
    {.bitmap_index = 8175, .adv_w = 256, .box_w = 14, .box_h = 13, .ofs_x = 1, .ofs_y = -1},
    {.bitmap_index = 8235, .adv_w = 256, .box_w = 11, .box_h = 14, .ofs_x = 2, .ofs_y = -1},
    {.bitmap_index = 8301, .adv_w = 256, .box_w = 14, .box_h = 14, .ofs_x = 1, .ofs_y = -1},
    {.bitmap_index = 8373, .adv_w = 256, .box_w = 13, .box_h = 14, .ofs_x = 1, .ofs_y = -1},
    {.bitmap_index = 8439, .adv_w = 256, .box_w = 14, .box_h = 13, .ofs_x = 1, .ofs_y = -1},
    {.bitmap_index = 8498, .adv_w = 256, .box_w = 12, .box_h = 12, .ofs_x = 2, .ofs_y = -2},
    {.bitmap_index = 8552, .adv_w = 256, .box_w = 14, .box_h = 14, .ofs_x = 1, .ofs_y = -1},
    {.bitmap_index = 8626, .adv_w = 256, .box_w = 12, .box_h = 9, .ofs_x = 2, .ofs_y = 0},
    {.bitmap_index = 8661, .adv_w = 256, .box_w = 14, .box_h = 12, .ofs_x = 1, .ofs_y = 0},
    {.bitmap_index = 8712, .adv_w = 256, .box_w = 10, .box_h = 10, .ofs_x = 3, .ofs_y = -1},
    {.bitmap_index = 8746, .adv_w = 256, .box_w = 13, .box_h = 14, .ofs_x = 2, .ofs_y = -1},
    {.bitmap_index = 8807, .adv_w = 256, .box_w = 10, .box_h = 14, .ofs_x = 3, .ofs_y = -1},
    {.bitmap_index = 8849, .adv_w = 256, .box_w = 15, .box_h = 13, .ofs_x = 1, .ofs_y = -1},
    {.bitmap_index = 8914, .adv_w = 256, .box_w = 12, .box_h = 13, .ofs_x = 3, .ofs_y = -1},
    {.bitmap_index = 8954, .adv_w = 256, .box_w = 12, .box_h = 12, .ofs_x = 2, .ofs_y = -1},
    {.bitmap_index = 8984, .adv_w = 256, .box_w = 12, .box_h = 13, .ofs_x = 2, .ofs_y = -1},
    {.bitmap_index = 9036, .adv_w = 256, .box_w = 13, .box_h = 13, .ofs_x = 2, .ofs_y = -1},
    {.bitmap_index = 9097, .adv_w = 256, .box_w = 4, .box_h = 4, .ofs_x = 6, .ofs_y = 4},
    {.bitmap_index = 9106, .adv_w = 256, .box_w = 14, .box_h = 2, .ofs_x = 1, .ofs_y = 5},
    {.bitmap_index = 9115, .adv_w = 256, .box_w = 16, .box_h = 2, .ofs_x = 0, .ofs_y = 5},
    {.bitmap_index = 9124, .adv_w = 256, .box_w = 14, .box_h = 13, .ofs_x = 1, .ofs_y = -1},
    {.bitmap_index = 9163, .adv_w = 256, .box_w = 16, .box_h = 14, .ofs_x = 0, .ofs_y = -1},
    {.bitmap_index = 9196, .adv_w = 256, .box_w = 16, .box_h = 14, .ofs_x = 0, .ofs_y = -1},
    {.bitmap_index = 9242, .adv_w = 256, .box_w = 16, .box_h = 14, .ofs_x = 0, .ofs_y = -1},
    {.bitmap_index = 9309, .adv_w = 256, .box_w = 16, .box_h = 16, .ofs_x = 0, .ofs_y = -2},
    {.bitmap_index = 9389, .adv_w = 256, .box_w = 15, .box_h = 16, .ofs_x = 0, .ofs_y = -2},
    {.bitmap_index = 9475, .adv_w = 256, .box_w = 16, .box_h = 14, .ofs_x = 0, .ofs_y = -1},
    {.bitmap_index = 9535, .adv_w = 256, .box_w = 16, .box_h = 14, .ofs_x = 0, .ofs_y = -1},
    {.bitmap_index = 9598, .adv_w = 256, .box_w = 16, .box_h = 15, .ofs_x = 0, .ofs_y = -1},
    {.bitmap_index = 9702, .adv_w = 256, .box_w = 16, .box_h = 14, .ofs_x = 0, .ofs_y = -1},
    {.bitmap_index = 9771, .adv_w = 256, .box_w = 16, .box_h = 16, .ofs_x = 0, .ofs_y = -2},
    {.bitmap_index = 9873, .adv_w = 256, .box_w = 16, .box_h = 14, .ofs_x = 0, .ofs_y = -1},
    {.bitmap_index = 9960, .adv_w = 256, .box_w = 15, .box_h = 15, .ofs_x = 0, .ofs_y = -2},
    {.bitmap_index = 10041, .adv_w = 256, .box_w = 16, .box_h = 15, .ofs_x = 0, .ofs_y = -1},
    {.bitmap_index = 10134, .adv_w = 256, .box_w = 16, .box_h = 14, .ofs_x = 0, .ofs_y = -1},
    {.bitmap_index = 10190, .adv_w = 256, .box_w = 14, .box_h = 14, .ofs_x = 1, .ofs_y = -1},
    {.bitmap_index = 10243, .adv_w = 256, .box_w = 15, .box_h = 16, .ofs_x = 1, .ofs_y = -2},
    {.bitmap_index = 10324, .adv_w = 256, .box_w = 16, .box_h = 15, .ofs_x = 0, .ofs_y = -2},
    {.bitmap_index = 10406, .adv_w = 256, .box_w = 14, .box_h = 15, .ofs_x = 1, .ofs_y = -2},
    {.bitmap_index = 10494, .adv_w = 256, .box_w = 16, .box_h = 15, .ofs_x = 0, .ofs_y = -1},
    {.bitmap_index = 10560, .adv_w = 256, .box_w = 16, .box_h = 16, .ofs_x = 0, .ofs_y = -2},
    {.bitmap_index = 10660, .adv_w = 256, .box_w = 16, .box_h = 15, .ofs_x = 0, .ofs_y = -2},
    {.bitmap_index = 10745, .adv_w = 256, .box_w = 16, .box_h = 14, .ofs_x = 0, .ofs_y = -1},
    {.bitmap_index = 10827, .adv_w = 256, .box_w = 16, .box_h = 15, .ofs_x = 0, .ofs_y = -2},
    {.bitmap_index = 10935, .adv_w = 256, .box_w = 14, .box_h = 14, .ofs_x = 1, .ofs_y = -1},
    {.bitmap_index = 10977, .adv_w = 256, .box_w = 15, .box_h = 15, .ofs_x = 1, .ofs_y = -1},
    {.bitmap_index = 11050, .adv_w = 256, .box_w = 16, .box_h = 14, .ofs_x = 0, .ofs_y = -1},
    {.bitmap_index = 11138, .adv_w = 256, .box_w = 16, .box_h = 12, .ofs_x = 0, .ofs_y = 0},
    {.bitmap_index = 11169, .adv_w = 256, .box_w = 16, .box_h = 14, .ofs_x = 0, .ofs_y = -1},
    {.bitmap_index = 11216, .adv_w = 256, .box_w = 16, .box_h = 14, .ofs_x = 0, .ofs_y = -1},
    {.bitmap_index = 11292, .adv_w = 256, .box_w = 16, .box_h = 13, .ofs_x = 0, .ofs_y = -1},
    {.bitmap_index = 11360, .adv_w = 256, .box_w = 16, .box_h = 14, .ofs_x = 0, .ofs_y = -1},
    {.bitmap_index = 11444, .adv_w = 256, .box_w = 16, .box_h = 15, .ofs_x = 0, .ofs_y = -2},
    {.bitmap_index = 11541, .adv_w = 256, .box_w = 16, .box_h = 14, .ofs_x = 0, .ofs_y = -1},
    {.bitmap_index = 11612, .adv_w = 256, .box_w = 16, .box_h = 15, .ofs_x = 0, .ofs_y = -2},
    {.bitmap_index = 11701, .adv_w = 256, .box_w = 16, .box_h = 15, .ofs_x = 0, .ofs_y = -2},
    {.bitmap_index = 11782, .adv_w = 256, .box_w = 16, .box_h = 16, .ofs_x = 0, .ofs_y = -2},
    {.bitmap_index = 11879, .adv_w = 256, .box_w = 16, .box_h = 15, .ofs_x = 0, .ofs_y = -2},
    {.bitmap_index = 11959, .adv_w = 256, .box_w = 16, .box_h = 15, .ofs_x = 0, .ofs_y = -2},
    {.bitmap_index = 12042, .adv_w = 256, .box_w = 16, .box_h = 16, .ofs_x = 0, .ofs_y = -2},
    {.bitmap_index = 12145, .adv_w = 256, .box_w = 16, .box_h = 16, .ofs_x = 0, .ofs_y = -2},
    {.bitmap_index = 12246, .adv_w = 256, .box_w = 16, .box_h = 15, .ofs_x = 0, .ofs_y = -1},
    {.bitmap_index = 12332, .adv_w = 256, .box_w = 16, .box_h = 16, .ofs_x = 0, .ofs_y = -2},
    {.bitmap_index = 12428, .adv_w = 256, .box_w = 16, .box_h = 15, .ofs_x = 0, .ofs_y = -1},
    {.bitmap_index = 12505, .adv_w = 256, .box_w = 16, .box_h = 16, .ofs_x = 0, .ofs_y = -2},
    {.bitmap_index = 12602, .adv_w = 256, .box_w = 16, .box_h = 14, .ofs_x = 0, .ofs_y = -1},
    {.bitmap_index = 12678, .adv_w = 256, .box_w = 16, .box_h = 15, .ofs_x = 0, .ofs_y = -1},
    {.bitmap_index = 12773, .adv_w = 256, .box_w = 15, .box_h = 15, .ofs_x = 0, .ofs_y = -1},
    {.bitmap_index = 12828, .adv_w = 256, .box_w = 16, .box_h = 15, .ofs_x = 0, .ofs_y = -1},
    {.bitmap_index = 12900, .adv_w = 256, .box_w = 16, .box_h = 16, .ofs_x = 0, .ofs_y = -2},
    {.bitmap_index = 12991, .adv_w = 256, .box_w = 16, .box_h = 15, .ofs_x = 0, .ofs_y = -1},
    {.bitmap_index = 13066, .adv_w = 256, .box_w = 16, .box_h = 16, .ofs_x = 0, .ofs_y = -2},
    {.bitmap_index = 13169, .adv_w = 256, .box_w = 16, .box_h = 15, .ofs_x = 0, .ofs_y = -1},
    {.bitmap_index = 13255, .adv_w = 256, .box_w = 16, .box_h = 15, .ofs_x = 0, .ofs_y = -1},
    {.bitmap_index = 13344, .adv_w = 256, .box_w = 16, .box_h = 15, .ofs_x = 0, .ofs_y = -2},
    {.bitmap_index = 13441, .adv_w = 256, .box_w = 16, .box_h = 16, .ofs_x = 0, .ofs_y = -2},
    {.bitmap_index = 13535, .adv_w = 256, .box_w = 16, .box_h = 16, .ofs_x = 0, .ofs_y = -2},
    {.bitmap_index = 13633, .adv_w = 256, .box_w = 15, .box_h = 15, .ofs_x = 0, .ofs_y = -1},
    {.bitmap_index = 13723, .adv_w = 256, .box_w = 16, .box_h = 15, .ofs_x = 0, .ofs_y = -2},
    {.bitmap_index = 13801, .adv_w = 256, .box_w = 16, .box_h = 16, .ofs_x = 0, .ofs_y = -2},
    {.bitmap_index = 13907, .adv_w = 256, .box_w = 16, .box_h = 15, .ofs_x = 0, .ofs_y = -1},
    {.bitmap_index = 13981, .adv_w = 256, .box_w = 16, .box_h = 15, .ofs_x = 0, .ofs_y = -1},
    {.bitmap_index = 14068, .adv_w = 256, .box_w = 16, .box_h = 15, .ofs_x = 0, .ofs_y = -1},
    {.bitmap_index = 14163, .adv_w = 256, .box_w = 16, .box_h = 15, .ofs_x = 0, .ofs_y = -1},
    {.bitmap_index = 14241, .adv_w = 256, .box_w = 16, .box_h = 15, .ofs_x = 0, .ofs_y = -1},
    {.bitmap_index = 14333, .adv_w = 256, .box_w = 16, .box_h = 16, .ofs_x = 0, .ofs_y = -2},
    {.bitmap_index = 14416, .adv_w = 256, .box_w = 16, .box_h = 15, .ofs_x = 0, .ofs_y = -2},
    {.bitmap_index = 14519, .adv_w = 256, .box_w = 16, .box_h = 15, .ofs_x = 0, .ofs_y = -1},
    {.bitmap_index = 14595, .adv_w = 256, .box_w = 16, .box_h = 14, .ofs_x = 0, .ofs_y = -1},
    {.bitmap_index = 14680, .adv_w = 256, .box_w = 16, .box_h = 15, .ofs_x = 0, .ofs_y = -1},
    {.bitmap_index = 14774, .adv_w = 256, .box_w = 15, .box_h = 16, .ofs_x = 0, .ofs_y = -2},
    {.bitmap_index = 14872, .adv_w = 256, .box_w = 16, .box_h = 16, .ofs_x = 0, .ofs_y = -2},
    {.bitmap_index = 14965, .adv_w = 256, .box_w = 17, .box_h = 15, .ofs_x = 0, .ofs_y = -1},
    {.bitmap_index = 15062, .adv_w = 256, .box_w = 16, .box_h = 15, .ofs_x = 0, .ofs_y = -1},
    {.bitmap_index = 15135, .adv_w = 256, .box_w = 15, .box_h = 16, .ofs_x = 0, .ofs_y = -2},
    {.bitmap_index = 15221, .adv_w = 256, .box_w = 16, .box_h = 16, .ofs_x = 0, .ofs_y = -2},
    {.bitmap_index = 15330, .adv_w = 256, .box_w = 16, .box_h = 15, .ofs_x = 0, .ofs_y = -1},
    {.bitmap_index = 15426, .adv_w = 256, .box_w = 16, .box_h = 15, .ofs_x = 0, .ofs_y = -1},
    {.bitmap_index = 15501, .adv_w = 256, .box_w = 16, .box_h = 15, .ofs_x = 0, .ofs_y = -1},
    {.bitmap_index = 15604, .adv_w = 256, .box_w = 16, .box_h = 16, .ofs_x = 0, .ofs_y = -2},
    {.bitmap_index = 15693, .adv_w = 256, .box_w = 17, .box_h = 16, .ofs_x = 0, .ofs_y = -2},
    {.bitmap_index = 15803, .adv_w = 256, .box_w = 16, .box_h = 15, .ofs_x = 0, .ofs_y = -1},
    {.bitmap_index = 15889, .adv_w = 256, .box_w = 16, .box_h = 15, .ofs_x = 0, .ofs_y = -1},
    {.bitmap_index = 15969, .adv_w = 256, .box_w = 16, .box_h = 16, .ofs_x = 0, .ofs_y = -2},
    {.bitmap_index = 16068, .adv_w = 256, .box_w = 16, .box_h = 15, .ofs_x = 0, .ofs_y = -1},
    {.bitmap_index = 16159, .adv_w = 256, .box_w = 16, .box_h = 15, .ofs_x = 0, .ofs_y = -1},
    {.bitmap_index = 16243, .adv_w = 256, .box_w = 16, .box_h = 16, .ofs_x = 0, .ofs_y = -2},
    {.bitmap_index = 16338, .adv_w = 256, .box_w = 16, .box_h = 14, .ofs_x = 0, .ofs_y = -1},
    {.bitmap_index = 16433, .adv_w = 256, .box_w = 16, .box_h = 16, .ofs_x = 0, .ofs_y = -2},
    {.bitmap_index = 16542, .adv_w = 256, .box_w = 16, .box_h = 16, .ofs_x = 0, .ofs_y = -2},
    {.bitmap_index = 16651, .adv_w = 256, .box_w = 15, .box_h = 16, .ofs_x = 0, .ofs_y = -2},
    {.bitmap_index = 16759, .adv_w = 256, .box_w = 16, .box_h = 15, .ofs_x = 0, .ofs_y = -1},
    {.bitmap_index = 16867, .adv_w = 256, .box_w = 16, .box_h = 16, .ofs_x = 0, .ofs_y = -2},
    {.bitmap_index = 16979, .adv_w = 256, .box_w = 16, .box_h = 16, .ofs_x = 0, .ofs_y = -2},
    {.bitmap_index = 17080, .adv_w = 256, .box_w = 16, .box_h = 15, .ofs_x = 0, .ofs_y = -2},
    {.bitmap_index = 17156, .adv_w = 256, .box_w = 16, .box_h = 15, .ofs_x = 0, .ofs_y = -2},
    {.bitmap_index = 17256, .adv_w = 256, .box_w = 16, .box_h = 15, .ofs_x = 0, .ofs_y = -2},
    {.bitmap_index = 17349, .adv_w = 256, .box_w = 16, .box_h = 15, .ofs_x = 0, .ofs_y = -2},
    {.bitmap_index = 17443, .adv_w = 256, .box_w = 16, .box_h = 15, .ofs_x = 0, .ofs_y = -2},
    {.bitmap_index = 17528, .adv_w = 256, .box_w = 16, .box_h = 14, .ofs_x = 0, .ofs_y = -1},
    {.bitmap_index = 17606, .adv_w = 256, .box_w = 16, .box_h = 14, .ofs_x = 0, .ofs_y = -1},
    {.bitmap_index = 17689, .adv_w = 256, .box_w = 16, .box_h = 16, .ofs_x = 0, .ofs_y = -2},
    {.bitmap_index = 17795, .adv_w = 256, .box_w = 16, .box_h = 14, .ofs_x = 0, .ofs_y = -1},
    {.bitmap_index = 17863, .adv_w = 256, .box_w = 16, .box_h = 15, .ofs_x = 0, .ofs_y = -2},
    {.bitmap_index = 17949, .adv_w = 256, .box_w = 12, .box_h = 16, .ofs_x = 2, .ofs_y = -2},
    {.bitmap_index = 18032, .adv_w = 256, .box_w = 16, .box_h = 15, .ofs_x = 0, .ofs_y = -2},
    {.bitmap_index = 18122, .adv_w = 256, .box_w = 16, .box_h = 15, .ofs_x = 0, .ofs_y = -2},
    {.bitmap_index = 18202, .adv_w = 256, .box_w = 16, .box_h = 15, .ofs_x = 0, .ofs_y = -1},
    {.bitmap_index = 18310, .adv_w = 256, .box_w = 14, .box_h = 14, .ofs_x = 1, .ofs_y = -1},
    {.bitmap_index = 18377, .adv_w = 256, .box_w = 14, .box_h = 14, .ofs_x = 1, .ofs_y = -1},
    {.bitmap_index = 18416, .adv_w = 256, .box_w = 16, .box_h = 14, .ofs_x = 0, .ofs_y = -1},
    {.bitmap_index = 18499, .adv_w = 256, .box_w = 16, .box_h = 15, .ofs_x = 0, .ofs_y = -2},
    {.bitmap_index = 18584, .adv_w = 256, .box_w = 15, .box_h = 14, .ofs_x = 0, .ofs_y = -1},
    {.bitmap_index = 18658, .adv_w = 256, .box_w = 16, .box_h = 15, .ofs_x = 0, .ofs_y = -2},
    {.bitmap_index = 18759, .adv_w = 256, .box_w = 16, .box_h = 15, .ofs_x = 0, .ofs_y = -2},
    {.bitmap_index = 18850, .adv_w = 256, .box_w = 16, .box_h = 14, .ofs_x = 0, .ofs_y = -1},
    {.bitmap_index = 18939, .adv_w = 256, .box_w = 16, .box_h = 15, .ofs_x = 0, .ofs_y = -1},
    {.bitmap_index = 19039, .adv_w = 256, .box_w = 16, .box_h = 16, .ofs_x = 0, .ofs_y = -2},
    {.bitmap_index = 19152, .adv_w = 256, .box_w = 16, .box_h = 15, .ofs_x = 0, .ofs_y = -1},
    {.bitmap_index = 19260, .adv_w = 256, .box_w = 16, .box_h = 14, .ofs_x = 0, .ofs_y = -1},
    {.bitmap_index = 19363, .adv_w = 256, .box_w = 16, .box_h = 16, .ofs_x = 0, .ofs_y = -2},
    {.bitmap_index = 19481, .adv_w = 256, .box_w = 16, .box_h = 15, .ofs_x = 0, .ofs_y = -2},
    {.bitmap_index = 19548, .adv_w = 256, .box_w = 16, .box_h = 16, .ofs_x = 0, .ofs_y = -2},
    {.bitmap_index = 19654, .adv_w = 256, .box_w = 16, .box_h = 16, .ofs_x = 0, .ofs_y = -2},
    {.bitmap_index = 19756, .adv_w = 256, .box_w = 14, .box_h = 14, .ofs_x = 1, .ofs_y = -1},
    {.bitmap_index = 19806, .adv_w = 256, .box_w = 14, .box_h = 14, .ofs_x = 1, .ofs_y = -1},
    {.bitmap_index = 19859, .adv_w = 256, .box_w = 15, .box_h = 14, .ofs_x = 0, .ofs_y = -2},
    {.bitmap_index = 19941, .adv_w = 256, .box_w = 16, .box_h = 15, .ofs_x = 0, .ofs_y = -2},
    {.bitmap_index = 20038, .adv_w = 256, .box_w = 15, .box_h = 15, .ofs_x = 0, .ofs_y = -2},
    {.bitmap_index = 20134, .adv_w = 256, .box_w = 15, .box_h = 15, .ofs_x = 0, .ofs_y = -2},
    {.bitmap_index = 20219, .adv_w = 256, .box_w = 15, .box_h = 15, .ofs_x = 0, .ofs_y = -2},
    {.bitmap_index = 20289, .adv_w = 256, .box_w = 14, .box_h = 15, .ofs_x = 1, .ofs_y = -2},
    {.bitmap_index = 20370, .adv_w = 256, .box_w = 15, .box_h = 16, .ofs_x = 0, .ofs_y = -2},
    {.bitmap_index = 20462, .adv_w = 256, .box_w = 15, .box_h = 15, .ofs_x = 0, .ofs_y = -2},
    {.bitmap_index = 20563, .adv_w = 256, .box_w = 15, .box_h = 15, .ofs_x = 0, .ofs_y = -2},
    {.bitmap_index = 20651, .adv_w = 256, .box_w = 15, .box_h = 15, .ofs_x = 0, .ofs_y = -2},
    {.bitmap_index = 20736, .adv_w = 256, .box_w = 15, .box_h = 16, .ofs_x = 0, .ofs_y = -2},
    {.bitmap_index = 20823, .adv_w = 256, .box_w = 15, .box_h = 15, .ofs_x = 0, .ofs_y = -2},
    {.bitmap_index = 20910, .adv_w = 256, .box_w = 15, .box_h = 15, .ofs_x = 0, .ofs_y = -2},
    {.bitmap_index = 20999, .adv_w = 256, .box_w = 16, .box_h = 16, .ofs_x = 0, .ofs_y = -2},
    {.bitmap_index = 21093, .adv_w = 256, .box_w = 15, .box_h = 15, .ofs_x = 0, .ofs_y = -2},
    {.bitmap_index = 21177, .adv_w = 256, .box_w = 15, .box_h = 15, .ofs_x = 0, .ofs_y = -2},
    {.bitmap_index = 21270, .adv_w = 256, .box_w = 15, .box_h = 16, .ofs_x = 0, .ofs_y = -2},
    {.bitmap_index = 21359, .adv_w = 256, .box_w = 15, .box_h = 15, .ofs_x = 0, .ofs_y = -2},
    {.bitmap_index = 21444, .adv_w = 256, .box_w = 16, .box_h = 16, .ofs_x = 0, .ofs_y = -2},
    {.bitmap_index = 21539, .adv_w = 256, .box_w = 15, .box_h = 16, .ofs_x = 0, .ofs_y = -2},
    {.bitmap_index = 21631, .adv_w = 256, .box_w = 15, .box_h = 16, .ofs_x = 0, .ofs_y = -2},
    {.bitmap_index = 21737, .adv_w = 256, .box_w = 16, .box_h = 16, .ofs_x = 0, .ofs_y = -2},
    {.bitmap_index = 21844, .adv_w = 256, .box_w = 15, .box_h = 15, .ofs_x = 0, .ofs_y = -2},
    {.bitmap_index = 21933, .adv_w = 256, .box_w = 14, .box_h = 15, .ofs_x = 1, .ofs_y = -2},
    {.bitmap_index = 22007, .adv_w = 256, .box_w = 16, .box_h = 15, .ofs_x = 0, .ofs_y = -2},
    {.bitmap_index = 22105, .adv_w = 256, .box_w = 15, .box_h = 15, .ofs_x = 0, .ofs_y = -2},
    {.bitmap_index = 22192, .adv_w = 256, .box_w = 16, .box_h = 16, .ofs_x = 0, .ofs_y = -2},
    {.bitmap_index = 22301, .adv_w = 256, .box_w = 16, .box_h = 15, .ofs_x = 0, .ofs_y = -2},
    {.bitmap_index = 22405, .adv_w = 256, .box_w = 15, .box_h = 15, .ofs_x = 0, .ofs_y = -2},
    {.bitmap_index = 22506, .adv_w = 256, .box_w = 16, .box_h = 15, .ofs_x = 0, .ofs_y = -2},
    {.bitmap_index = 22618, .adv_w = 256, .box_w = 16, .box_h = 15, .ofs_x = 0, .ofs_y = -2},
    {.bitmap_index = 22730, .adv_w = 256, .box_w = 16, .box_h = 16, .ofs_x = 0, .ofs_y = -2},
    {.bitmap_index = 22848, .adv_w = 256, .box_w = 15, .box_h = 15, .ofs_x = 0, .ofs_y = -1},
    {.bitmap_index = 22950, .adv_w = 256, .box_w = 16, .box_h = 15, .ofs_x = 0, .ofs_y = -1},
    {.bitmap_index = 23035, .adv_w = 256, .box_w = 16, .box_h = 16, .ofs_x = 0, .ofs_y = -2},
    {.bitmap_index = 23113, .adv_w = 256, .box_w = 15, .box_h = 14, .ofs_x = 1, .ofs_y = -1},
    {.bitmap_index = 23187, .adv_w = 256, .box_w = 15, .box_h = 14, .ofs_x = 1, .ofs_y = -1},
    {.bitmap_index = 23262, .adv_w = 256, .box_w = 15, .box_h = 14, .ofs_x = 1, .ofs_y = -1},
    {.bitmap_index = 23351, .adv_w = 256, .box_w = 16, .box_h = 14, .ofs_x = 0, .ofs_y = -1},
    {.bitmap_index = 23379, .adv_w = 256, .box_w = 16, .box_h = 16, .ofs_x = 0, .ofs_y = -2},
    {.bitmap_index = 23458, .adv_w = 256, .box_w = 16, .box_h = 15, .ofs_x = 0, .ofs_y = -2},
    {.bitmap_index = 23562, .adv_w = 256, .box_w = 16, .box_h = 15, .ofs_x = 0, .ofs_y = -1},
    {.bitmap_index = 23650, .adv_w = 256, .box_w = 16, .box_h = 15, .ofs_x = 0, .ofs_y = -2},
    {.bitmap_index = 23739, .adv_w = 256, .box_w = 16, .box_h = 15, .ofs_x = 0, .ofs_y = -1},
    {.bitmap_index = 23828, .adv_w = 256, .box_w = 16, .box_h = 14, .ofs_x = 0, .ofs_y = -1},
    {.bitmap_index = 23888, .adv_w = 256, .box_w = 14, .box_h = 15, .ofs_x = 1, .ofs_y = -1},
    {.bitmap_index = 23950, .adv_w = 256, .box_w = 16, .box_h = 16, .ofs_x = 0, .ofs_y = -2},
    {.bitmap_index = 24048, .adv_w = 256, .box_w = 15, .box_h = 14, .ofs_x = 0, .ofs_y = -1},
    {.bitmap_index = 24125, .adv_w = 256, .box_w = 15, .box_h = 14, .ofs_x = 0, .ofs_y = -1},
    {.bitmap_index = 24211, .adv_w = 256, .box_w = 16, .box_h = 15, .ofs_x = 0, .ofs_y = -1},
    {.bitmap_index = 24320, .adv_w = 256, .box_w = 15, .box_h = 16, .ofs_x = 0, .ofs_y = -1},
    {.bitmap_index = 24410, .adv_w = 256, .box_w = 15, .box_h = 15, .ofs_x = 0, .ofs_y = -2},
    {.bitmap_index = 24464, .adv_w = 256, .box_w = 16, .box_h = 15, .ofs_x = 0, .ofs_y = -2},
    {.bitmap_index = 24559, .adv_w = 256, .box_w = 16, .box_h = 15, .ofs_x = 0, .ofs_y = -2},
    {.bitmap_index = 24640, .adv_w = 256, .box_w = 16, .box_h = 14, .ofs_x = 0, .ofs_y = -1},
    {.bitmap_index = 24721, .adv_w = 256, .box_w = 16, .box_h = 14, .ofs_x = 0, .ofs_y = -1},
    {.bitmap_index = 24814, .adv_w = 256, .box_w = 16, .box_h = 16, .ofs_x = 0, .ofs_y = -2},
    {.bitmap_index = 24925, .adv_w = 256, .box_w = 16, .box_h = 16, .ofs_x = 0, .ofs_y = -2},
    {.bitmap_index = 25031, .adv_w = 256, .box_w = 16, .box_h = 15, .ofs_x = 0, .ofs_y = -2},
    {.bitmap_index = 25121, .adv_w = 256, .box_w = 16, .box_h = 14, .ofs_x = 0, .ofs_y = -1},
    {.bitmap_index = 25208, .adv_w = 256, .box_w = 16, .box_h = 16, .ofs_x = 0, .ofs_y = -2},
    {.bitmap_index = 25318, .adv_w = 256, .box_w = 16, .box_h = 14, .ofs_x = 0, .ofs_y = -1},
    {.bitmap_index = 25416, .adv_w = 256, .box_w = 16, .box_h = 17, .ofs_x = 0, .ofs_y = -2},
    {.bitmap_index = 25528, .adv_w = 256, .box_w = 16, .box_h = 16, .ofs_x = 0, .ofs_y = -2},
    {.bitmap_index = 25634, .adv_w = 256, .box_w = 13, .box_h = 13, .ofs_x = 2, .ofs_y = -1},
    {.bitmap_index = 25662, .adv_w = 256, .box_w = 16, .box_h = 14, .ofs_x = 0, .ofs_y = -1},
    {.bitmap_index = 25713, .adv_w = 256, .box_w = 15, .box_h = 15, .ofs_x = 0, .ofs_y = -2},
    {.bitmap_index = 25790, .adv_w = 256, .box_w = 16, .box_h = 15, .ofs_x = 0, .ofs_y = -2},
    {.bitmap_index = 25853, .adv_w = 256, .box_w = 16, .box_h = 14, .ofs_x = 0, .ofs_y = -1},
    {.bitmap_index = 25909, .adv_w = 256, .box_w = 15, .box_h = 15, .ofs_x = 1, .ofs_y = -1},
    {.bitmap_index = 25984, .adv_w = 256, .box_w = 16, .box_h = 15, .ofs_x = 0, .ofs_y = -2},
    {.bitmap_index = 26068, .adv_w = 256, .box_w = 16, .box_h = 15, .ofs_x = 0, .ofs_y = -2},
    {.bitmap_index = 26143, .adv_w = 256, .box_w = 16, .box_h = 15, .ofs_x = 0, .ofs_y = -1},
    {.bitmap_index = 26230, .adv_w = 256, .box_w = 16, .box_h = 14, .ofs_x = 0, .ofs_y = -1},
    {.bitmap_index = 26297, .adv_w = 256, .box_w = 14, .box_h = 14, .ofs_x = 1, .ofs_y = -1},
    {.bitmap_index = 26353, .adv_w = 256, .box_w = 15, .box_h = 16, .ofs_x = 0, .ofs_y = -2},
    {.bitmap_index = 26440, .adv_w = 256, .box_w = 16, .box_h = 15, .ofs_x = 0, .ofs_y = -1},
    {.bitmap_index = 26520, .adv_w = 256, .box_w = 14, .box_h = 15, .ofs_x = 1, .ofs_y = -1},
    {.bitmap_index = 26584, .adv_w = 256, .box_w = 14, .box_h = 16, .ofs_x = 1, .ofs_y = -2},
    {.bitmap_index = 26667, .adv_w = 256, .box_w = 16, .box_h = 14, .ofs_x = 0, .ofs_y = -1},
    {.bitmap_index = 26744, .adv_w = 256, .box_w = 16, .box_h = 14, .ofs_x = 0, .ofs_y = -1},
    {.bitmap_index = 26819, .adv_w = 256, .box_w = 15, .box_h = 15, .ofs_x = 1, .ofs_y = -1},
    {.bitmap_index = 26896, .adv_w = 256, .box_w = 15, .box_h = 15, .ofs_x = 0, .ofs_y = -1},
    {.bitmap_index = 26973, .adv_w = 256, .box_w = 16, .box_h = 14, .ofs_x = 0, .ofs_y = -1},
    {.bitmap_index = 27043, .adv_w = 256, .box_w = 14, .box_h = 15, .ofs_x = 0, .ofs_y = -2},
    {.bitmap_index = 27128, .adv_w = 256, .box_w = 15, .box_h = 14, .ofs_x = 1, .ofs_y = -1},
    {.bitmap_index = 27214, .adv_w = 256, .box_w = 16, .box_h = 14, .ofs_x = 0, .ofs_y = -1},
    {.bitmap_index = 27300, .adv_w = 256, .box_w = 15, .box_h = 15, .ofs_x = 0, .ofs_y = -1},
    {.bitmap_index = 27380, .adv_w = 256, .box_w = 14, .box_h = 14, .ofs_x = 1, .ofs_y = -1},
    {.bitmap_index = 27441, .adv_w = 256, .box_w = 14, .box_h = 16, .ofs_x = 1, .ofs_y = -2},
    {.bitmap_index = 27516, .adv_w = 256, .box_w = 15, .box_h = 16, .ofs_x = 1, .ofs_y = -2},
    {.bitmap_index = 27617, .adv_w = 256, .box_w = 14, .box_h = 15, .ofs_x = 1, .ofs_y = -2},
    {.bitmap_index = 27706, .adv_w = 256, .box_w = 14, .box_h = 15, .ofs_x = 1, .ofs_y = -2},
    {.bitmap_index = 27783, .adv_w = 256, .box_w = 16, .box_h = 15, .ofs_x = 0, .ofs_y = -1},
    {.bitmap_index = 27878, .adv_w = 256, .box_w = 16, .box_h = 14, .ofs_x = 0, .ofs_y = -1},
    {.bitmap_index = 27959, .adv_w = 256, .box_w = 15, .box_h = 15, .ofs_x = 1, .ofs_y = -2},
    {.bitmap_index = 28055, .adv_w = 256, .box_w = 15, .box_h = 16, .ofs_x = 1, .ofs_y = -2},
    {.bitmap_index = 28162, .adv_w = 256, .box_w = 16, .box_h = 14, .ofs_x = 0, .ofs_y = -1},
    {.bitmap_index = 28254, .adv_w = 256, .box_w = 15, .box_h = 14, .ofs_x = 1, .ofs_y = -1},
    {.bitmap_index = 28345, .adv_w = 256, .box_w = 16, .box_h = 15, .ofs_x = 0, .ofs_y = -2},
    {.bitmap_index = 28459, .adv_w = 256, .box_w = 14, .box_h = 13, .ofs_x = 1, .ofs_y = -1},
    {.bitmap_index = 28527, .adv_w = 256, .box_w = 14, .box_h = 14, .ofs_x = 1, .ofs_y = -1},
    {.bitmap_index = 28575, .adv_w = 256, .box_w = 14, .box_h = 14, .ofs_x = 1, .ofs_y = -1},
    {.bitmap_index = 28647, .adv_w = 256, .box_w = 14, .box_h = 14, .ofs_x = 1, .ofs_y = -1},
    {.bitmap_index = 28722, .adv_w = 256, .box_w = 14, .box_h = 14, .ofs_x = 1, .ofs_y = -1},
    {.bitmap_index = 28800, .adv_w = 256, .box_w = 14, .box_h = 14, .ofs_x = 1, .ofs_y = -1},
    {.bitmap_index = 28874, .adv_w = 256, .box_w = 14, .box_h = 14, .ofs_x = 1, .ofs_y = -1},
    {.bitmap_index = 28933, .adv_w = 256, .box_w = 14, .box_h = 14, .ofs_x = 1, .ofs_y = -1},
    {.bitmap_index = 29015, .adv_w = 256, .box_w = 14, .box_h = 14, .ofs_x = 1, .ofs_y = -1},
    {.bitmap_index = 29085, .adv_w = 256, .box_w = 14, .box_h = 14, .ofs_x = 1, .ofs_y = -1},
    {.bitmap_index = 29169, .adv_w = 256, .box_w = 16, .box_h = 14, .ofs_x = 0, .ofs_y = -1},
    {.bitmap_index = 29207, .adv_w = 256, .box_w = 16, .box_h = 15, .ofs_x = 0, .ofs_y = -2},
    {.bitmap_index = 29277, .adv_w = 256, .box_w = 16, .box_h = 15, .ofs_x = 0, .ofs_y = -1},
    {.bitmap_index = 29356, .adv_w = 256, .box_w = 16, .box_h = 14, .ofs_x = 0, .ofs_y = -1},
    {.bitmap_index = 29444, .adv_w = 256, .box_w = 16, .box_h = 14, .ofs_x = 0, .ofs_y = -1},
    {.bitmap_index = 29519, .adv_w = 256, .box_w = 16, .box_h = 16, .ofs_x = 0, .ofs_y = -2},
    {.bitmap_index = 29619, .adv_w = 256, .box_w = 16, .box_h = 14, .ofs_x = 0, .ofs_y = -1},
    {.bitmap_index = 29699, .adv_w = 256, .box_w = 16, .box_h = 15, .ofs_x = 0, .ofs_y = -2},
    {.bitmap_index = 29795, .adv_w = 256, .box_w = 16, .box_h = 15, .ofs_x = 0, .ofs_y = -1},
    {.bitmap_index = 29904, .adv_w = 256, .box_w = 16, .box_h = 14, .ofs_x = 0, .ofs_y = -1},
    {.bitmap_index = 29993, .adv_w = 256, .box_w = 16, .box_h = 15, .ofs_x = 0, .ofs_y = -1},
    {.bitmap_index = 30094, .adv_w = 256, .box_w = 16, .box_h = 14, .ofs_x = 0, .ofs_y = -1},
    {.bitmap_index = 30185, .adv_w = 256, .box_w = 16, .box_h = 15, .ofs_x = 0, .ofs_y = -2},
    {.bitmap_index = 30296, .adv_w = 256, .box_w = 16, .box_h = 15, .ofs_x = 0, .ofs_y = -2},
    {.bitmap_index = 30392, .adv_w = 256, .box_w = 16, .box_h = 14, .ofs_x = 0, .ofs_y = -1},
    {.bitmap_index = 30491, .adv_w = 256, .box_w = 16, .box_h = 14, .ofs_x = 0, .ofs_y = -1},
    {.bitmap_index = 30589, .adv_w = 256, .box_w = 16, .box_h = 14, .ofs_x = 0, .ofs_y = -1},
    {.bitmap_index = 30691, .adv_w = 256, .box_w = 16, .box_h = 14, .ofs_x = 0, .ofs_y = -1},
    {.bitmap_index = 30798, .adv_w = 256, .box_w = 16, .box_h = 15, .ofs_x = 0, .ofs_y = -2},
    {.bitmap_index = 30895, .adv_w = 256, .box_w = 16, .box_h = 15, .ofs_x = 0, .ofs_y = -2},
    {.bitmap_index = 31000, .adv_w = 256, .box_w = 15, .box_h = 15, .ofs_x = 0, .ofs_y = -1},
    {.bitmap_index = 31089, .adv_w = 256, .box_w = 16, .box_h = 14, .ofs_x = 0, .ofs_y = -1},
    {.bitmap_index = 31181, .adv_w = 256, .box_w = 15, .box_h = 15, .ofs_x = 0, .ofs_y = -2},
    {.bitmap_index = 31261, .adv_w = 256, .box_w = 16, .box_h = 16, .ofs_x = 0, .ofs_y = -2},
    {.bitmap_index = 31361, .adv_w = 256, .box_w = 16, .box_h = 15, .ofs_x = 0, .ofs_y = -1},
    {.bitmap_index = 31457, .adv_w = 256, .box_w = 16, .box_h = 15, .ofs_x = 0, .ofs_y = -2},
    {.bitmap_index = 31563, .adv_w = 256, .box_w = 12, .box_h = 16, .ofs_x = 2, .ofs_y = -2},
    {.bitmap_index = 31644, .adv_w = 256, .box_w = 16, .box_h = 15, .ofs_x = 0, .ofs_y = -1},
    {.bitmap_index = 31732, .adv_w = 256, .box_w = 15, .box_h = 16, .ofs_x = 1, .ofs_y = -2},
    {.bitmap_index = 31835, .adv_w = 256, .box_w = 16, .box_h = 15, .ofs_x = 0, .ofs_y = -2},
    {.bitmap_index = 31913, .adv_w = 256, .box_w = 16, .box_h = 15, .ofs_x = 0, .ofs_y = -2},
    {.bitmap_index = 31997, .adv_w = 256, .box_w = 16, .box_h = 15, .ofs_x = 0, .ofs_y = -2},
    {.bitmap_index = 32084, .adv_w = 256, .box_w = 16, .box_h = 15, .ofs_x = 0, .ofs_y = -2},
    {.bitmap_index = 32172, .adv_w = 256, .box_w = 16, .box_h = 15, .ofs_x = 0, .ofs_y = -2},
    {.bitmap_index = 32264, .adv_w = 256, .box_w = 16, .box_h = 15, .ofs_x = 0, .ofs_y = -2},
    {.bitmap_index = 32356, .adv_w = 256, .box_w = 16, .box_h = 16, .ofs_x = 0, .ofs_y = -2},
    {.bitmap_index = 32475, .adv_w = 256, .box_w = 16, .box_h = 16, .ofs_x = 0, .ofs_y = -2},
    {.bitmap_index = 32580, .adv_w = 256, .box_w = 15, .box_h = 16, .ofs_x = 0, .ofs_y = -2},
    {.bitmap_index = 32673, .adv_w = 256, .box_w = 16, .box_h = 16, .ofs_x = 0, .ofs_y = -2},
    {.bitmap_index = 32783, .adv_w = 256, .box_w = 16, .box_h = 16, .ofs_x = 0, .ofs_y = -2},
    {.bitmap_index = 32896, .adv_w = 256, .box_w = 16, .box_h = 15, .ofs_x = 0, .ofs_y = -2},
    {.bitmap_index = 32959, .adv_w = 256, .box_w = 14, .box_h = 14, .ofs_x = 1, .ofs_y = -1},
    {.bitmap_index = 33027, .adv_w = 256, .box_w = 16, .box_h = 15, .ofs_x = 0, .ofs_y = -1},
    {.bitmap_index = 33112, .adv_w = 256, .box_w = 16, .box_h = 15, .ofs_x = 0, .ofs_y = -1},
    {.bitmap_index = 33200, .adv_w = 256, .box_w = 16, .box_h = 15, .ofs_x = 0, .ofs_y = -2},
    {.bitmap_index = 33298, .adv_w = 256, .box_w = 16, .box_h = 15, .ofs_x = 0, .ofs_y = -2},
    {.bitmap_index = 33384, .adv_w = 256, .box_w = 16, .box_h = 15, .ofs_x = 0, .ofs_y = -2},
    {.bitmap_index = 33484, .adv_w = 256, .box_w = 15, .box_h = 15, .ofs_x = 0, .ofs_y = -2},
    {.bitmap_index = 33570, .adv_w = 256, .box_w = 14, .box_h = 16, .ofs_x = 1, .ofs_y = -2},
    {.bitmap_index = 33665, .adv_w = 256, .box_w = 16, .box_h = 15, .ofs_x = 0, .ofs_y = -2},
    {.bitmap_index = 33760, .adv_w = 256, .box_w = 16, .box_h = 14, .ofs_x = 0, .ofs_y = -1},
    {.bitmap_index = 33848, .adv_w = 256, .box_w = 16, .box_h = 14, .ofs_x = 0, .ofs_y = -1},
    {.bitmap_index = 33938, .adv_w = 256, .box_w = 16, .box_h = 16, .ofs_x = 0, .ofs_y = -2},
    {.bitmap_index = 34045, .adv_w = 256, .box_w = 16, .box_h = 14, .ofs_x = 0, .ofs_y = -1},
    {.bitmap_index = 34136, .adv_w = 256, .box_w = 16, .box_h = 14, .ofs_x = 0, .ofs_y = -1},
    {.bitmap_index = 34238, .adv_w = 256, .box_w = 16, .box_h = 15, .ofs_x = 0, .ofs_y = -2},
    {.bitmap_index = 34305, .adv_w = 256, .box_w = 16, .box_h = 15, .ofs_x = 0, .ofs_y = -2},
    {.bitmap_index = 34395, .adv_w = 256, .box_w = 16, .box_h = 14, .ofs_x = 0, .ofs_y = -1},
    {.bitmap_index = 34472, .adv_w = 256, .box_w = 16, .box_h = 15, .ofs_x = 0, .ofs_y = -2},
    {.bitmap_index = 34567, .adv_w = 256, .box_w = 16, .box_h = 16, .ofs_x = 0, .ofs_y = -2},
    {.bitmap_index = 34671, .adv_w = 256, .box_w = 16, .box_h = 14, .ofs_x = 0, .ofs_y = -1},
    {.bitmap_index = 34759, .adv_w = 256, .box_w = 16, .box_h = 15, .ofs_x = 0, .ofs_y = -1},
    {.bitmap_index = 34852, .adv_w = 256, .box_w = 16, .box_h = 15, .ofs_x = 0, .ofs_y = -1},
    {.bitmap_index = 34951, .adv_w = 256, .box_w = 16, .box_h = 15, .ofs_x = 0, .ofs_y = -2},
    {.bitmap_index = 35022, .adv_w = 256, .box_w = 16, .box_h = 15, .ofs_x = 0, .ofs_y = -2},
    {.bitmap_index = 35110, .adv_w = 256, .box_w = 16, .box_h = 15, .ofs_x = 0, .ofs_y = -2},
    {.bitmap_index = 35205, .adv_w = 256, .box_w = 14, .box_h = 14, .ofs_x = 1, .ofs_y = -1},
    {.bitmap_index = 35273, .adv_w = 256, .box_w = 14, .box_h = 15, .ofs_x = 1, .ofs_y = -2},
    {.bitmap_index = 35361, .adv_w = 256, .box_w = 16, .box_h = 16, .ofs_x = 0, .ofs_y = -2},
    {.bitmap_index = 35471, .adv_w = 256, .box_w = 16, .box_h = 15, .ofs_x = 0, .ofs_y = -2},
    {.bitmap_index = 35547, .adv_w = 256, .box_w = 14, .box_h = 15, .ofs_x = 1, .ofs_y = -2},
    {.bitmap_index = 35627, .adv_w = 256, .box_w = 16, .box_h = 15, .ofs_x = 0, .ofs_y = -2},
    {.bitmap_index = 35719, .adv_w = 256, .box_w = 15, .box_h = 14, .ofs_x = 0, .ofs_y = -1},
    {.bitmap_index = 35795, .adv_w = 256, .box_w = 16, .box_h = 15, .ofs_x = 0, .ofs_y = -2},
    {.bitmap_index = 35885, .adv_w = 256, .box_w = 16, .box_h = 15, .ofs_x = 0, .ofs_y = -2},
    {.bitmap_index = 35980, .adv_w = 256, .box_w = 16, .box_h = 15, .ofs_x = 0, .ofs_y = -2},
    {.bitmap_index = 36081, .adv_w = 256, .box_w = 15, .box_h = 15, .ofs_x = 0, .ofs_y = -2},
    {.bitmap_index = 36181, .adv_w = 256, .box_w = 16, .box_h = 15, .ofs_x = 0, .ofs_y = -2},
    {.bitmap_index = 36282, .adv_w = 256, .box_w = 15, .box_h = 15, .ofs_x = 1, .ofs_y = -1},
    {.bitmap_index = 36376, .adv_w = 256, .box_w = 15, .box_h = 15, .ofs_x = 0, .ofs_y = -2},
    {.bitmap_index = 36474, .adv_w = 256, .box_w = 16, .box_h = 13, .ofs_x = 0, .ofs_y = -1},
    {.bitmap_index = 36511, .adv_w = 256, .box_w = 16, .box_h = 15, .ofs_x = 0, .ofs_y = -2},
    {.bitmap_index = 36597, .adv_w = 256, .box_w = 16, .box_h = 16, .ofs_x = 0, .ofs_y = -2},
    {.bitmap_index = 36695, .adv_w = 256, .box_w = 15, .box_h = 14, .ofs_x = 1, .ofs_y = -1},
    {.bitmap_index = 36755, .adv_w = 256, .box_w = 16, .box_h = 15, .ofs_x = 0, .ofs_y = -1},
    {.bitmap_index = 36857, .adv_w = 256, .box_w = 16, .box_h = 15, .ofs_x = 0, .ofs_y = -1},
    {.bitmap_index = 36938, .adv_w = 256, .box_w = 16, .box_h = 15, .ofs_x = 0, .ofs_y = -1},
    {.bitmap_index = 37038, .adv_w = 256, .box_w = 16, .box_h = 14, .ofs_x = 0, .ofs_y = -1},
    {.bitmap_index = 37129, .adv_w = 256, .box_w = 14, .box_h = 16, .ofs_x = 1, .ofs_y = -2},
    {.bitmap_index = 37209, .adv_w = 256, .box_w = 16, .box_h = 15, .ofs_x = 0, .ofs_y = -1},
    {.bitmap_index = 37310, .adv_w = 256, .box_w = 14, .box_h = 14, .ofs_x = 1, .ofs_y = -1},
    {.bitmap_index = 37388, .adv_w = 256, .box_w = 15, .box_h = 14, .ofs_x = 1, .ofs_y = -1},
    {.bitmap_index = 37467, .adv_w = 256, .box_w = 16, .box_h = 14, .ofs_x = 0, .ofs_y = -1},
    {.bitmap_index = 37555, .adv_w = 256, .box_w = 16, .box_h = 14, .ofs_x = 0, .ofs_y = -1},
    {.bitmap_index = 37595, .adv_w = 256, .box_w = 16, .box_h = 14, .ofs_x = 0, .ofs_y = -1},
    {.bitmap_index = 37659, .adv_w = 256, .box_w = 16, .box_h = 15, .ofs_x = 0, .ofs_y = -1},
    {.bitmap_index = 37736, .adv_w = 256, .box_w = 16, .box_h = 16, .ofs_x = 0, .ofs_y = -2},
    {.bitmap_index = 37829, .adv_w = 256, .box_w = 16, .box_h = 14, .ofs_x = 0, .ofs_y = -1},
    {.bitmap_index = 37915, .adv_w = 256, .box_w = 16, .box_h = 14, .ofs_x = 0, .ofs_y = -1},
    {.bitmap_index = 38007, .adv_w = 256, .box_w = 16, .box_h = 16, .ofs_x = 0, .ofs_y = -2},
    {.bitmap_index = 38107, .adv_w = 256, .box_w = 16, .box_h = 16, .ofs_x = 0, .ofs_y = -2},
    {.bitmap_index = 38209, .adv_w = 256, .box_w = 16, .box_h = 15, .ofs_x = 0, .ofs_y = -2},
    {.bitmap_index = 38309, .adv_w = 256, .box_w = 16, .box_h = 15, .ofs_x = 0, .ofs_y = -2},
    {.bitmap_index = 38409, .adv_w = 256, .box_w = 16, .box_h = 15, .ofs_x = 0, .ofs_y = -2},
    {.bitmap_index = 38505, .adv_w = 256, .box_w = 16, .box_h = 14, .ofs_x = 0, .ofs_y = -1},
    {.bitmap_index = 38599, .adv_w = 256, .box_w = 16, .box_h = 16, .ofs_x = 0, .ofs_y = -2},
    {.bitmap_index = 38709, .adv_w = 256, .box_w = 16, .box_h = 16, .ofs_x = 0, .ofs_y = -2},
    {.bitmap_index = 38825, .adv_w = 256, .box_w = 16, .box_h = 15, .ofs_x = 0, .ofs_y = -2},
    {.bitmap_index = 38901, .adv_w = 256, .box_w = 16, .box_h = 15, .ofs_x = 0, .ofs_y = -2},
    {.bitmap_index = 38984, .adv_w = 256, .box_w = 16, .box_h = 15, .ofs_x = 0, .ofs_y = -2},
    {.bitmap_index = 39081, .adv_w = 256, .box_w = 16, .box_h = 14, .ofs_x = 0, .ofs_y = -1},
    {.bitmap_index = 39167, .adv_w = 256, .box_w = 13, .box_h = 15, .ofs_x = 1, .ofs_y = -2},
    {.bitmap_index = 39229, .adv_w = 256, .box_w = 16, .box_h = 15, .ofs_x = 0, .ofs_y = -2},
    {.bitmap_index = 39331, .adv_w = 256, .box_w = 15, .box_h = 15, .ofs_x = 1, .ofs_y = -2},
    {.bitmap_index = 39432, .adv_w = 256, .box_w = 16, .box_h = 15, .ofs_x = 0, .ofs_y = -2},
    {.bitmap_index = 39525, .adv_w = 256, .box_w = 16, .box_h = 15, .ofs_x = 0, .ofs_y = -2},
    {.bitmap_index = 39630, .adv_w = 256, .box_w = 16, .box_h = 16, .ofs_x = 0, .ofs_y = -2},
    {.bitmap_index = 39751, .adv_w = 256, .box_w = 16, .box_h = 16, .ofs_x = 0, .ofs_y = -2},
    {.bitmap_index = 39866, .adv_w = 256, .box_w = 16, .box_h = 16, .ofs_x = 0, .ofs_y = -2},
    {.bitmap_index = 39972, .adv_w = 256, .box_w = 14, .box_h = 15, .ofs_x = 1, .ofs_y = -2},
    {.bitmap_index = 40036, .adv_w = 256, .box_w = 14, .box_h = 14, .ofs_x = 1, .ofs_y = -1},
    {.bitmap_index = 40104, .adv_w = 256, .box_w = 15, .box_h = 15, .ofs_x = 1, .ofs_y = -1},
    {.bitmap_index = 40194, .adv_w = 256, .box_w = 16, .box_h = 16, .ofs_x = 0, .ofs_y = -2},
    {.bitmap_index = 40302, .adv_w = 256, .box_w = 16, .box_h = 15, .ofs_x = 0, .ofs_y = -1},
    {.bitmap_index = 40407, .adv_w = 256, .box_w = 16, .box_h = 16, .ofs_x = 0, .ofs_y = -2},
    {.bitmap_index = 40515, .adv_w = 256, .box_w = 16, .box_h = 15, .ofs_x = 0, .ofs_y = -1},
    {.bitmap_index = 40617, .adv_w = 256, .box_w = 16, .box_h = 16, .ofs_x = 0, .ofs_y = -2},
    {.bitmap_index = 40717, .adv_w = 256, .box_w = 16, .box_h = 16, .ofs_x = 0, .ofs_y = -2},
    {.bitmap_index = 40817, .adv_w = 256, .box_w = 16, .box_h = 15, .ofs_x = 0, .ofs_y = -1},
    {.bitmap_index = 40922, .adv_w = 256, .box_w = 16, .box_h = 16, .ofs_x = 0, .ofs_y = -2},
    {.bitmap_index = 41036, .adv_w = 256, .box_w = 16, .box_h = 15, .ofs_x = 0, .ofs_y = -1},
    {.bitmap_index = 41132, .adv_w = 256, .box_w = 15, .box_h = 15, .ofs_x = 0, .ofs_y = -1},
    {.bitmap_index = 41227, .adv_w = 256, .box_w = 16, .box_h = 15, .ofs_x = 0, .ofs_y = -1},
    {.bitmap_index = 41325, .adv_w = 256, .box_w = 16, .box_h = 15, .ofs_x = 0, .ofs_y = -1},
    {.bitmap_index = 41433, .adv_w = 256, .box_w = 16, .box_h = 16, .ofs_x = 0, .ofs_y = -2},
    {.bitmap_index = 41545, .adv_w = 256, .box_w = 16, .box_h = 16, .ofs_x = 0, .ofs_y = -2},
    {.bitmap_index = 41659, .adv_w = 256, .box_w = 16, .box_h = 15, .ofs_x = 0, .ofs_y = -1},
    {.bitmap_index = 41745, .adv_w = 256, .box_w = 16, .box_h = 15, .ofs_x = 0, .ofs_y = -1},
    {.bitmap_index = 41848, .adv_w = 256, .box_w = 16, .box_h = 14, .ofs_x = 0, .ofs_y = -1},
    {.bitmap_index = 41932, .adv_w = 256, .box_w = 16, .box_h = 14, .ofs_x = 0, .ofs_y = -1},
    {.bitmap_index = 42015, .adv_w = 256, .box_w = 16, .box_h = 14, .ofs_x = 0, .ofs_y = -1},
    {.bitmap_index = 42075, .adv_w = 256, .box_w = 16, .box_h = 15, .ofs_x = 0, .ofs_y = -2},
    {.bitmap_index = 42171, .adv_w = 256, .box_w = 16, .box_h = 15, .ofs_x = 0, .ofs_y = -2},
    {.bitmap_index = 42268, .adv_w = 256, .box_w = 16, .box_h = 15, .ofs_x = 0, .ofs_y = -1},
    {.bitmap_index = 42374, .adv_w = 256, .box_w = 16, .box_h = 14, .ofs_x = 0, .ofs_y = -1},
    {.bitmap_index = 42469, .adv_w = 256, .box_w = 16, .box_h = 15, .ofs_x = 0, .ofs_y = -1},
    {.bitmap_index = 42560, .adv_w = 256, .box_w = 16, .box_h = 14, .ofs_x = 0, .ofs_y = -1},
    {.bitmap_index = 42643, .adv_w = 256, .box_w = 16, .box_h = 15, .ofs_x = 0, .ofs_y = -1},
    {.bitmap_index = 42733, .adv_w = 256, .box_w = 16, .box_h = 15, .ofs_x = 0, .ofs_y = -2},
    {.bitmap_index = 42838, .adv_w = 256, .box_w = 16, .box_h = 15, .ofs_x = 0, .ofs_y = -1},
    {.bitmap_index = 42923, .adv_w = 256, .box_w = 16, .box_h = 15, .ofs_x = 0, .ofs_y = -1},
    {.bitmap_index = 43029, .adv_w = 256, .box_w = 16, .box_h = 14, .ofs_x = 0, .ofs_y = -1},
    {.bitmap_index = 43113, .adv_w = 256, .box_w = 16, .box_h = 14, .ofs_x = 0, .ofs_y = -1},
    {.bitmap_index = 43216, .adv_w = 256, .box_w = 16, .box_h = 14, .ofs_x = 0, .ofs_y = -1},
    {.bitmap_index = 43305, .adv_w = 256, .box_w = 16, .box_h = 15, .ofs_x = 0, .ofs_y = -1},
    {.bitmap_index = 43410, .adv_w = 256, .box_w = 16, .box_h = 15, .ofs_x = 0, .ofs_y = -1},
    {.bitmap_index = 43522, .adv_w = 256, .box_w = 16, .box_h = 15, .ofs_x = 0, .ofs_y = -2},
    {.bitmap_index = 43629, .adv_w = 256, .box_w = 16, .box_h = 15, .ofs_x = 0, .ofs_y = -2},
    {.bitmap_index = 43739, .adv_w = 256, .box_w = 16, .box_h = 15, .ofs_x = 0, .ofs_y = -2},
    {.bitmap_index = 43852, .adv_w = 256, .box_w = 16, .box_h = 14, .ofs_x = 0, .ofs_y = -1},
    {.bitmap_index = 43948, .adv_w = 256, .box_w = 16, .box_h = 15, .ofs_x = 0, .ofs_y = -2},
    {.bitmap_index = 44042, .adv_w = 256, .box_w = 16, .box_h = 16, .ofs_x = 0, .ofs_y = -2},
    {.bitmap_index = 44138, .adv_w = 256, .box_w = 15, .box_h = 16, .ofs_x = 0, .ofs_y = -2},
    {.bitmap_index = 44238, .adv_w = 256, .box_w = 15, .box_h = 14, .ofs_x = 0, .ofs_y = -1},
    {.bitmap_index = 44321, .adv_w = 256, .box_w = 16, .box_h = 15, .ofs_x = 0, .ofs_y = -1},
    {.bitmap_index = 44394, .adv_w = 256, .box_w = 15, .box_h = 16, .ofs_x = 0, .ofs_y = -2},
    {.bitmap_index = 44469, .adv_w = 256, .box_w = 16, .box_h = 15, .ofs_x = 0, .ofs_y = -2},
    {.bitmap_index = 44540, .adv_w = 256, .box_w = 16, .box_h = 16, .ofs_x = 0, .ofs_y = -2},
    {.bitmap_index = 44637, .adv_w = 256, .box_w = 16, .box_h = 15, .ofs_x = 0, .ofs_y = -2},
    {.bitmap_index = 44716, .adv_w = 256, .box_w = 15, .box_h = 15, .ofs_x = 0, .ofs_y = -2},
    {.bitmap_index = 44787, .adv_w = 256, .box_w = 16, .box_h = 16, .ofs_x = 0, .ofs_y = -2},
    {.bitmap_index = 44899, .adv_w = 256, .box_w = 16, .box_h = 15, .ofs_x = 0, .ofs_y = -1},
    {.bitmap_index = 44997, .adv_w = 256, .box_w = 16, .box_h = 15, .ofs_x = 0, .ofs_y = -2},
    {.bitmap_index = 45098, .adv_w = 256, .box_w = 16, .box_h = 16, .ofs_x = 0, .ofs_y = -2},
    {.bitmap_index = 45191, .adv_w = 256, .box_w = 16, .box_h = 15, .ofs_x = 0, .ofs_y = -2},
    {.bitmap_index = 45301, .adv_w = 256, .box_w = 16, .box_h = 16, .ofs_x = 0, .ofs_y = -2},
    {.bitmap_index = 45411, .adv_w = 256, .box_w = 16, .box_h = 15, .ofs_x = 0, .ofs_y = -2},
    {.bitmap_index = 45512, .adv_w = 256, .box_w = 16, .box_h = 14, .ofs_x = 0, .ofs_y = -1},
    {.bitmap_index = 45594, .adv_w = 256, .box_w = 16, .box_h = 16, .ofs_x = 0, .ofs_y = -2},
    {.bitmap_index = 45681, .adv_w = 256, .box_w = 16, .box_h = 15, .ofs_x = 0, .ofs_y = -2},
    {.bitmap_index = 45773, .adv_w = 256, .box_w = 16, .box_h = 15, .ofs_x = 0, .ofs_y = -2},
    {.bitmap_index = 45863, .adv_w = 256, .box_w = 16, .box_h = 15, .ofs_x = 0, .ofs_y = -2},
    {.bitmap_index = 45960, .adv_w = 256, .box_w = 15, .box_h = 15, .ofs_x = 0, .ofs_y = -2},
    {.bitmap_index = 46046, .adv_w = 256, .box_w = 16, .box_h = 15, .ofs_x = 0, .ofs_y = -2},
    {.bitmap_index = 46152, .adv_w = 256, .box_w = 16, .box_h = 15, .ofs_x = 0, .ofs_y = -2},
    {.bitmap_index = 46243, .adv_w = 256, .box_w = 16, .box_h = 14, .ofs_x = 0, .ofs_y = -1},
    {.bitmap_index = 46342, .adv_w = 256, .box_w = 15, .box_h = 14, .ofs_x = 0, .ofs_y = -1},
    {.bitmap_index = 46422, .adv_w = 256, .box_w = 16, .box_h = 15, .ofs_x = 0, .ofs_y = -2},
    {.bitmap_index = 46514, .adv_w = 256, .box_w = 16, .box_h = 16, .ofs_x = 0, .ofs_y = -2},
    {.bitmap_index = 46616, .adv_w = 256, .box_w = 15, .box_h = 15, .ofs_x = 0, .ofs_y = -2},
    {.bitmap_index = 46694, .adv_w = 256, .box_w = 16, .box_h = 15, .ofs_x = 0, .ofs_y = -2},
    {.bitmap_index = 46778, .adv_w = 256, .box_w = 16, .box_h = 16, .ofs_x = 0, .ofs_y = -2},
    {.bitmap_index = 46887, .adv_w = 256, .box_w = 16, .box_h = 15, .ofs_x = 0, .ofs_y = -1},
    {.bitmap_index = 46984, .adv_w = 256, .box_w = 16, .box_h = 16, .ofs_x = 0, .ofs_y = -2},
    {.bitmap_index = 47066, .adv_w = 256, .box_w = 16, .box_h = 15, .ofs_x = 0, .ofs_y = -1},
    {.bitmap_index = 47168, .adv_w = 256, .box_w = 16, .box_h = 16, .ofs_x = 0, .ofs_y = -2},
    {.bitmap_index = 47269, .adv_w = 256, .box_w = 16, .box_h = 15, .ofs_x = 0, .ofs_y = -1},
    {.bitmap_index = 47362, .adv_w = 256, .box_w = 16, .box_h = 16, .ofs_x = 0, .ofs_y = -2},
    {.bitmap_index = 47464, .adv_w = 256, .box_w = 16, .box_h = 15, .ofs_x = 0, .ofs_y = -2},
    {.bitmap_index = 47571, .adv_w = 256, .box_w = 16, .box_h = 15, .ofs_x = 0, .ofs_y = -1},
    {.bitmap_index = 47662, .adv_w = 256, .box_w = 16, .box_h = 14, .ofs_x = 0, .ofs_y = -1},
    {.bitmap_index = 47756, .adv_w = 256, .box_w = 16, .box_h = 15, .ofs_x = 0, .ofs_y = -1},
    {.bitmap_index = 47858, .adv_w = 256, .box_w = 16, .box_h = 14, .ofs_x = 0, .ofs_y = -1},
    {.bitmap_index = 47950, .adv_w = 256, .box_w = 16, .box_h = 14, .ofs_x = 0, .ofs_y = -1},
    {.bitmap_index = 48044, .adv_w = 256, .box_w = 16, .box_h = 15, .ofs_x = 0, .ofs_y = -2},
    {.bitmap_index = 48149, .adv_w = 256, .box_w = 16, .box_h = 15, .ofs_x = 0, .ofs_y = -2},
    {.bitmap_index = 48250, .adv_w = 256, .box_w = 16, .box_h = 16, .ofs_x = 0, .ofs_y = -2},
    {.bitmap_index = 48359, .adv_w = 256, .box_w = 16, .box_h = 14, .ofs_x = 0, .ofs_y = -1},
    {.bitmap_index = 48453, .adv_w = 256, .box_w = 16, .box_h = 15, .ofs_x = 0, .ofs_y = -2},
    {.bitmap_index = 48558, .adv_w = 256, .box_w = 16, .box_h = 14, .ofs_x = 0, .ofs_y = -1},
    {.bitmap_index = 48647, .adv_w = 256, .box_w = 16, .box_h = 14, .ofs_x = 0, .ofs_y = -1},
    {.bitmap_index = 48743, .adv_w = 256, .box_w = 16, .box_h = 14, .ofs_x = 0, .ofs_y = -1},
    {.bitmap_index = 48843, .adv_w = 256, .box_w = 16, .box_h = 15, .ofs_x = 0, .ofs_y = -2},
    {.bitmap_index = 48953, .adv_w = 256, .box_w = 16, .box_h = 14, .ofs_x = 0, .ofs_y = -1},
    {.bitmap_index = 49047, .adv_w = 256, .box_w = 16, .box_h = 16, .ofs_x = 0, .ofs_y = -2},
    {.bitmap_index = 49156, .adv_w = 256, .box_w = 16, .box_h = 14, .ofs_x = 0, .ofs_y = -1},
    {.bitmap_index = 49248, .adv_w = 256, .box_w = 16, .box_h = 15, .ofs_x = 0, .ofs_y = -2},
    {.bitmap_index = 49350, .adv_w = 256, .box_w = 16, .box_h = 15, .ofs_x = 0, .ofs_y = -2},
    {.bitmap_index = 49452, .adv_w = 256, .box_w = 16, .box_h = 16, .ofs_x = 0, .ofs_y = -2},
    {.bitmap_index = 49564, .adv_w = 256, .box_w = 16, .box_h = 16, .ofs_x = 0, .ofs_y = -2},
    {.bitmap_index = 49681, .adv_w = 256, .box_w = 16, .box_h = 15, .ofs_x = 0, .ofs_y = -2},
    {.bitmap_index = 49779, .adv_w = 256, .box_w = 16, .box_h = 15, .ofs_x = 0, .ofs_y = -2},
    {.bitmap_index = 49889, .adv_w = 256, .box_w = 16, .box_h = 15, .ofs_x = 0, .ofs_y = -2},
    {.bitmap_index = 49992, .adv_w = 256, .box_w = 16, .box_h = 16, .ofs_x = 0, .ofs_y = -2},
    {.bitmap_index = 50106, .adv_w = 256, .box_w = 16, .box_h = 15, .ofs_x = 0, .ofs_y = -2},
    {.bitmap_index = 50216, .adv_w = 256, .box_w = 16, .box_h = 15, .ofs_x = 0, .ofs_y = -2},
    {.bitmap_index = 50320, .adv_w = 256, .box_w = 16, .box_h = 15, .ofs_x = 0, .ofs_y = -2},
    {.bitmap_index = 50426, .adv_w = 256, .box_w = 16, .box_h = 15, .ofs_x = 0, .ofs_y = -2},
    {.bitmap_index = 50534, .adv_w = 256, .box_w = 16, .box_h = 16, .ofs_x = 0, .ofs_y = -2},
    {.bitmap_index = 50649, .adv_w = 256, .box_w = 16, .box_h = 16, .ofs_x = 0, .ofs_y = -2},
    {.bitmap_index = 50764, .adv_w = 256, .box_w = 16, .box_h = 15, .ofs_x = 0, .ofs_y = -2},
    {.bitmap_index = 50867, .adv_w = 256, .box_w = 16, .box_h = 15, .ofs_x = 0, .ofs_y = -2},
    {.bitmap_index = 50977, .adv_w = 256, .box_w = 16, .box_h = 15, .ofs_x = 0, .ofs_y = -1},
    {.bitmap_index = 51081, .adv_w = 256, .box_w = 16, .box_h = 15, .ofs_x = 0, .ofs_y = -2},
    {.bitmap_index = 51169, .adv_w = 256, .box_w = 16, .box_h = 16, .ofs_x = 0, .ofs_y = -2},
    {.bitmap_index = 51267, .adv_w = 256, .box_w = 15, .box_h = 16, .ofs_x = 1, .ofs_y = -2},
    {.bitmap_index = 51371, .adv_w = 256, .box_w = 16, .box_h = 16, .ofs_x = 0, .ofs_y = -2},
    {.bitmap_index = 51481, .adv_w = 256, .box_w = 16, .box_h = 15, .ofs_x = 0, .ofs_y = -2},
    {.bitmap_index = 51583, .adv_w = 256, .box_w = 16, .box_h = 16, .ofs_x = 0, .ofs_y = -2},
    {.bitmap_index = 51697, .adv_w = 256, .box_w = 16, .box_h = 15, .ofs_x = 0, .ofs_y = -1},
    {.bitmap_index = 51807, .adv_w = 256, .box_w = 16, .box_h = 16, .ofs_x = 0, .ofs_y = -2},
    {.bitmap_index = 51916, .adv_w = 256, .box_w = 16, .box_h = 16, .ofs_x = 0, .ofs_y = -2},
    {.bitmap_index = 52035, .adv_w = 256, .box_w = 16, .box_h = 16, .ofs_x = 0, .ofs_y = -2},
    {.bitmap_index = 52157, .adv_w = 256, .box_w = 16, .box_h = 15, .ofs_x = 0, .ofs_y = -1},
    {.bitmap_index = 52266, .adv_w = 256, .box_w = 16, .box_h = 15, .ofs_x = 0, .ofs_y = -2},
    {.bitmap_index = 52355, .adv_w = 256, .box_w = 16, .box_h = 15, .ofs_x = 0, .ofs_y = -1},
    {.bitmap_index = 52446, .adv_w = 256, .box_w = 16, .box_h = 15, .ofs_x = 0, .ofs_y = -2},
    {.bitmap_index = 52551, .adv_w = 256, .box_w = 15, .box_h = 16, .ofs_x = 1, .ofs_y = -2},
    {.bitmap_index = 52652, .adv_w = 256, .box_w = 16, .box_h = 16, .ofs_x = 0, .ofs_y = -2},
    {.bitmap_index = 52756, .adv_w = 256, .box_w = 16, .box_h = 15, .ofs_x = 0, .ofs_y = -2},
    {.bitmap_index = 52840, .adv_w = 256, .box_w = 16, .box_h = 16, .ofs_x = 0, .ofs_y = -2},
    {.bitmap_index = 52952, .adv_w = 256, .box_w = 16, .box_h = 15, .ofs_x = 0, .ofs_y = -2},
    {.bitmap_index = 53050, .adv_w = 256, .box_w = 16, .box_h = 16, .ofs_x = 0, .ofs_y = -2},
    {.bitmap_index = 53162, .adv_w = 256, .box_w = 16, .box_h = 15, .ofs_x = 0, .ofs_y = -2},
    {.bitmap_index = 53247, .adv_w = 256, .box_w = 16, .box_h = 16, .ofs_x = 0, .ofs_y = -2},
    {.bitmap_index = 53355, .adv_w = 256, .box_w = 12, .box_h = 14, .ofs_x = 2, .ofs_y = -1},
    {.bitmap_index = 53390, .adv_w = 256, .box_w = 14, .box_h = 14, .ofs_x = 1, .ofs_y = -1},
    {.bitmap_index = 53431, .adv_w = 256, .box_w = 16, .box_h = 14, .ofs_x = 0, .ofs_y = -1},
    {.bitmap_index = 53490, .adv_w = 256, .box_w = 15, .box_h = 14, .ofs_x = 1, .ofs_y = -1},
    {.bitmap_index = 53568, .adv_w = 256, .box_w = 14, .box_h = 15, .ofs_x = 1, .ofs_y = -2},
    {.bitmap_index = 53651, .adv_w = 256, .box_w = 15, .box_h = 15, .ofs_x = 0, .ofs_y = -2},
    {.bitmap_index = 53736, .adv_w = 256, .box_w = 15, .box_h = 14, .ofs_x = 0, .ofs_y = -1},
    {.bitmap_index = 53809, .adv_w = 256, .box_w = 15, .box_h = 15, .ofs_x = 1, .ofs_y = -2},
    {.bitmap_index = 53901, .adv_w = 256, .box_w = 16, .box_h = 15, .ofs_x = 0, .ofs_y = -2},
    {.bitmap_index = 53988, .adv_w = 256, .box_w = 16, .box_h = 14, .ofs_x = 0, .ofs_y = -1},
    {.bitmap_index = 54064, .adv_w = 256, .box_w = 15, .box_h = 14, .ofs_x = 1, .ofs_y = -1},
    {.bitmap_index = 54154, .adv_w = 256, .box_w = 16, .box_h = 14, .ofs_x = 0, .ofs_y = -1},
    {.bitmap_index = 54235, .adv_w = 256, .box_w = 15, .box_h = 15, .ofs_x = 0, .ofs_y = -1},
    {.bitmap_index = 54324, .adv_w = 256, .box_w = 16, .box_h = 15, .ofs_x = 0, .ofs_y = -1},
    {.bitmap_index = 54418, .adv_w = 256, .box_w = 15, .box_h = 14, .ofs_x = 1, .ofs_y = -1},
    {.bitmap_index = 54504, .adv_w = 256, .box_w = 16, .box_h = 14, .ofs_x = 0, .ofs_y = -1},
    {.bitmap_index = 54603, .adv_w = 256, .box_w = 14, .box_h = 14, .ofs_x = 1, .ofs_y = -1},
    {.bitmap_index = 54668, .adv_w = 256, .box_w = 16, .box_h = 15, .ofs_x = 0, .ofs_y = -2},
    {.bitmap_index = 54760, .adv_w = 256, .box_w = 16, .box_h = 14, .ofs_x = 0, .ofs_y = -1},
    {.bitmap_index = 54841, .adv_w = 256, .box_w = 16, .box_h = 14, .ofs_x = 0, .ofs_y = -1},
    {.bitmap_index = 54937, .adv_w = 256, .box_w = 16, .box_h = 14, .ofs_x = 0, .ofs_y = -1},
    {.bitmap_index = 55021, .adv_w = 256, .box_w = 13, .box_h = 15, .ofs_x = 0, .ofs_y = -2},
    {.bitmap_index = 55086, .adv_w = 256, .box_w = 16, .box_h = 15, .ofs_x = 0, .ofs_y = -1},
    {.bitmap_index = 55164, .adv_w = 256, .box_w = 16, .box_h = 15, .ofs_x = 0, .ofs_y = -2},
    {.bitmap_index = 55266, .adv_w = 256, .box_w = 16, .box_h = 14, .ofs_x = 0, .ofs_y = -1},
    {.bitmap_index = 55362, .adv_w = 256, .box_w = 15, .box_h = 15, .ofs_x = 0, .ofs_y = -2},
    {.bitmap_index = 55470, .adv_w = 256, .box_w = 16, .box_h = 14, .ofs_x = 0, .ofs_y = -1},
    {.bitmap_index = 55541, .adv_w = 256, .box_w = 16, .box_h = 14, .ofs_x = 0, .ofs_y = -1},
    {.bitmap_index = 55616, .adv_w = 256, .box_w = 16, .box_h = 14, .ofs_x = 0, .ofs_y = -1},
    {.bitmap_index = 55695, .adv_w = 256, .box_w = 16, .box_h = 15, .ofs_x = 0, .ofs_y = -2},
    {.bitmap_index = 55784, .adv_w = 256, .box_w = 16, .box_h = 15, .ofs_x = 0, .ofs_y = -2},
    {.bitmap_index = 55886, .adv_w = 256, .box_w = 16, .box_h = 16, .ofs_x = 0, .ofs_y = -2},
    {.bitmap_index = 55981, .adv_w = 256, .box_w = 16, .box_h = 14, .ofs_x = 0, .ofs_y = -1},
    {.bitmap_index = 56065, .adv_w = 256, .box_w = 16, .box_h = 15, .ofs_x = 0, .ofs_y = -1},
    {.bitmap_index = 56168, .adv_w = 256, .box_w = 16, .box_h = 14, .ofs_x = 0, .ofs_y = -1},
    {.bitmap_index = 56261, .adv_w = 256, .box_w = 16, .box_h = 15, .ofs_x = 0, .ofs_y = -2},
    {.bitmap_index = 56371, .adv_w = 256, .box_w = 16, .box_h = 15, .ofs_x = 0, .ofs_y = -2},
    {.bitmap_index = 56477, .adv_w = 256, .box_w = 16, .box_h = 16, .ofs_x = 0, .ofs_y = -2},
    {.bitmap_index = 56590, .adv_w = 256, .box_w = 16, .box_h = 16, .ofs_x = 0, .ofs_y = -2},
    {.bitmap_index = 56694, .adv_w = 256, .box_w = 16, .box_h = 14, .ofs_x = 0, .ofs_y = -1},
    {.bitmap_index = 56781, .adv_w = 256, .box_w = 16, .box_h = 16, .ofs_x = 0, .ofs_y = -2},
    {.bitmap_index = 56890, .adv_w = 256, .box_w = 16, .box_h = 14, .ofs_x = 0, .ofs_y = -1},
    {.bitmap_index = 56977, .adv_w = 256, .box_w = 16, .box_h = 14, .ofs_x = 0, .ofs_y = -1},
    {.bitmap_index = 57076, .adv_w = 256, .box_w = 16, .box_h = 14, .ofs_x = 0, .ofs_y = -1},
    {.bitmap_index = 57165, .adv_w = 256, .box_w = 16, .box_h = 15, .ofs_x = 0, .ofs_y = -1},
    {.bitmap_index = 57271, .adv_w = 256, .box_w = 16, .box_h = 15, .ofs_x = 0, .ofs_y = -1},
    {.bitmap_index = 57372, .adv_w = 256, .box_w = 16, .box_h = 14, .ofs_x = 0, .ofs_y = -1},
    {.bitmap_index = 57456, .adv_w = 256, .box_w = 16, .box_h = 15, .ofs_x = 0, .ofs_y = -2},
    {.bitmap_index = 57558, .adv_w = 256, .box_w = 16, .box_h = 15, .ofs_x = 0, .ofs_y = -2},
    {.bitmap_index = 57655, .adv_w = 256, .box_w = 16, .box_h = 14, .ofs_x = 0, .ofs_y = -1},
    {.bitmap_index = 57738, .adv_w = 256, .box_w = 16, .box_h = 15, .ofs_x = 0, .ofs_y = -2},
    {.bitmap_index = 57839, .adv_w = 256, .box_w = 16, .box_h = 15, .ofs_x = 0, .ofs_y = -1},
    {.bitmap_index = 57930, .adv_w = 256, .box_w = 16, .box_h = 16, .ofs_x = 0, .ofs_y = -2},
    {.bitmap_index = 58037, .adv_w = 256, .box_w = 16, .box_h = 15, .ofs_x = 0, .ofs_y = -2},
    {.bitmap_index = 58138, .adv_w = 256, .box_w = 16, .box_h = 16, .ofs_x = 0, .ofs_y = -2},
    {.bitmap_index = 58237, .adv_w = 256, .box_w = 16, .box_h = 14, .ofs_x = 0, .ofs_y = -1},
    {.bitmap_index = 58319, .adv_w = 256, .box_w = 16, .box_h = 14, .ofs_x = 0, .ofs_y = -1},
    {.bitmap_index = 58407, .adv_w = 256, .box_w = 16, .box_h = 14, .ofs_x = 0, .ofs_y = -1},
    {.bitmap_index = 58497, .adv_w = 256, .box_w = 16, .box_h = 15, .ofs_x = 0, .ofs_y = -2},
    {.bitmap_index = 58600, .adv_w = 256, .box_w = 16, .box_h = 14, .ofs_x = 0, .ofs_y = -1},
    {.bitmap_index = 58701, .adv_w = 256, .box_w = 16, .box_h = 15, .ofs_x = 0, .ofs_y = -1},
    {.bitmap_index = 58802, .adv_w = 256, .box_w = 16, .box_h = 14, .ofs_x = 0, .ofs_y = -1},
    {.bitmap_index = 58908, .adv_w = 256, .box_w = 15, .box_h = 15, .ofs_x = 0, .ofs_y = -2},
    {.bitmap_index = 59011, .adv_w = 256, .box_w = 16, .box_h = 16, .ofs_x = 0, .ofs_y = -2},
    {.bitmap_index = 59121, .adv_w = 256, .box_w = 16, .box_h = 15, .ofs_x = 0, .ofs_y = -2},
    {.bitmap_index = 59230, .adv_w = 256, .box_w = 16, .box_h = 14, .ofs_x = 0, .ofs_y = -1},
    {.bitmap_index = 59334, .adv_w = 256, .box_w = 16, .box_h = 14, .ofs_x = 0, .ofs_y = -1},
    {.bitmap_index = 59434, .adv_w = 256, .box_w = 16, .box_h = 14, .ofs_x = 0, .ofs_y = -1},
    {.bitmap_index = 59533, .adv_w = 256, .box_w = 16, .box_h = 15, .ofs_x = 0, .ofs_y = -2},
    {.bitmap_index = 59643, .adv_w = 256, .box_w = 16, .box_h = 15, .ofs_x = 0, .ofs_y = -1},
    {.bitmap_index = 59745, .adv_w = 256, .box_w = 16, .box_h = 15, .ofs_x = 0, .ofs_y = -1},
    {.bitmap_index = 59854, .adv_w = 256, .box_w = 16, .box_h = 16, .ofs_x = 0, .ofs_y = -2},
    {.bitmap_index = 59962, .adv_w = 256, .box_w = 16, .box_h = 16, .ofs_x = 0, .ofs_y = -2},
    {.bitmap_index = 60072, .adv_w = 256, .box_w = 16, .box_h = 14, .ofs_x = 0, .ofs_y = -1},
    {.bitmap_index = 60118, .adv_w = 256, .box_w = 16, .box_h = 14, .ofs_x = 0, .ofs_y = -1},
    {.bitmap_index = 60171, .adv_w = 256, .box_w = 16, .box_h = 15, .ofs_x = 0, .ofs_y = -2},
    {.bitmap_index = 60241, .adv_w = 256, .box_w = 16, .box_h = 15, .ofs_x = 0, .ofs_y = -2},
    {.bitmap_index = 60336, .adv_w = 256, .box_w = 16, .box_h = 15, .ofs_x = 0, .ofs_y = -2},
    {.bitmap_index = 60441, .adv_w = 256, .box_w = 16, .box_h = 15, .ofs_x = 0, .ofs_y = -2},
    {.bitmap_index = 60540, .adv_w = 256, .box_w = 16, .box_h = 16, .ofs_x = 0, .ofs_y = -2},
    {.bitmap_index = 60661, .adv_w = 256, .box_w = 16, .box_h = 16, .ofs_x = 0, .ofs_y = -2},
    {.bitmap_index = 60773, .adv_w = 256, .box_w = 16, .box_h = 16, .ofs_x = 0, .ofs_y = -2},
    {.bitmap_index = 60877, .adv_w = 256, .box_w = 16, .box_h = 14, .ofs_x = 0, .ofs_y = -1},
    {.bitmap_index = 60936, .adv_w = 256, .box_w = 16, .box_h = 14, .ofs_x = 0, .ofs_y = -1},
    {.bitmap_index = 61028, .adv_w = 256, .box_w = 16, .box_h = 15, .ofs_x = 0, .ofs_y = -1},
    {.bitmap_index = 61103, .adv_w = 256, .box_w = 16, .box_h = 16, .ofs_x = 0, .ofs_y = -2},
    {.bitmap_index = 61203, .adv_w = 256, .box_w = 16, .box_h = 15, .ofs_x = 0, .ofs_y = -2},
    {.bitmap_index = 61294, .adv_w = 256, .box_w = 16, .box_h = 15, .ofs_x = 0, .ofs_y = -2},
    {.bitmap_index = 61396, .adv_w = 256, .box_w = 16, .box_h = 16, .ofs_x = 0, .ofs_y = -2},
    {.bitmap_index = 61493, .adv_w = 256, .box_w = 16, .box_h = 14, .ofs_x = 0, .ofs_y = -1},
    {.bitmap_index = 61585, .adv_w = 256, .box_w = 16, .box_h = 15, .ofs_x = 0, .ofs_y = -2},
    {.bitmap_index = 61687, .adv_w = 256, .box_w = 16, .box_h = 16, .ofs_x = 0, .ofs_y = -2},
    {.bitmap_index = 61798, .adv_w = 256, .box_w = 16, .box_h = 16, .ofs_x = 0, .ofs_y = -2},
    {.bitmap_index = 61899, .adv_w = 256, .box_w = 16, .box_h = 16, .ofs_x = 0, .ofs_y = -2},
    {.bitmap_index = 61998, .adv_w = 256, .box_w = 16, .box_h = 15, .ofs_x = 0, .ofs_y = -2},
    {.bitmap_index = 62102, .adv_w = 256, .box_w = 16, .box_h = 15, .ofs_x = 0, .ofs_y = -1},
    {.bitmap_index = 62206, .adv_w = 256, .box_w = 16, .box_h = 15, .ofs_x = 0, .ofs_y = -2},
    {.bitmap_index = 62316, .adv_w = 256, .box_w = 16, .box_h = 16, .ofs_x = 0, .ofs_y = -2},
    {.bitmap_index = 62416, .adv_w = 256, .box_w = 16, .box_h = 15, .ofs_x = 0, .ofs_y = -1},
    {.bitmap_index = 62519, .adv_w = 256, .box_w = 16, .box_h = 14, .ofs_x = 0, .ofs_y = -1},
    {.bitmap_index = 62608, .adv_w = 256, .box_w = 16, .box_h = 15, .ofs_x = 0, .ofs_y = -2},
    {.bitmap_index = 62714, .adv_w = 256, .box_w = 16, .box_h = 15, .ofs_x = 0, .ofs_y = -1},
    {.bitmap_index = 62807, .adv_w = 256, .box_w = 16, .box_h = 15, .ofs_x = 0, .ofs_y = -2},
    {.bitmap_index = 62911, .adv_w = 256, .box_w = 16, .box_h = 15, .ofs_x = 0, .ofs_y = -1},
    {.bitmap_index = 63020, .adv_w = 256, .box_w = 15, .box_h = 16, .ofs_x = 0, .ofs_y = -2},
    {.bitmap_index = 63111, .adv_w = 256, .box_w = 15, .box_h = 15, .ofs_x = 0, .ofs_y = -2},
    {.bitmap_index = 63208, .adv_w = 256, .box_w = 16, .box_h = 15, .ofs_x = 0, .ofs_y = -1},
    {.bitmap_index = 63312, .adv_w = 256, .box_w = 16, .box_h = 16, .ofs_x = 0, .ofs_y = -2},
    {.bitmap_index = 63420, .adv_w = 256, .box_w = 16, .box_h = 14, .ofs_x = 0, .ofs_y = -1},
    {.bitmap_index = 63513, .adv_w = 256, .box_w = 16, .box_h = 16, .ofs_x = 0, .ofs_y = -2},
    {.bitmap_index = 63627, .adv_w = 256, .box_w = 16, .box_h = 15, .ofs_x = 0, .ofs_y = -1},
    {.bitmap_index = 63732, .adv_w = 256, .box_w = 16, .box_h = 15, .ofs_x = 0, .ofs_y = -1},
    {.bitmap_index = 63846, .adv_w = 256, .box_w = 16, .box_h = 14, .ofs_x = 0, .ofs_y = -1},
    {.bitmap_index = 63940, .adv_w = 256, .box_w = 16, .box_h = 15, .ofs_x = 0, .ofs_y = -2},
    {.bitmap_index = 64043, .adv_w = 256, .box_w = 16, .box_h = 15, .ofs_x = 0, .ofs_y = -2},
    {.bitmap_index = 64152, .adv_w = 256, .box_w = 16, .box_h = 16, .ofs_x = 0, .ofs_y = -2},
    {.bitmap_index = 64267, .adv_w = 256, .box_w = 16, .box_h = 15, .ofs_x = 0, .ofs_y = -1},
    {.bitmap_index = 64368, .adv_w = 256, .box_w = 16, .box_h = 16, .ofs_x = 0, .ofs_y = -2},
    {.bitmap_index = 64464, .adv_w = 256, .box_w = 15, .box_h = 15, .ofs_x = 0, .ofs_y = -2},
    {.bitmap_index = 64559, .adv_w = 256, .box_w = 16, .box_h = 15, .ofs_x = 0, .ofs_y = -2},
    {.bitmap_index = 64652, .adv_w = 256, .box_w = 16, .box_h = 15, .ofs_x = 0, .ofs_y = -1},
    {.bitmap_index = 64761, .adv_w = 256, .box_w = 16, .box_h = 16, .ofs_x = 0, .ofs_y = -2},
    {.bitmap_index = 64863, .adv_w = 256, .box_w = 16, .box_h = 14, .ofs_x = 0, .ofs_y = -1},
    {.bitmap_index = 64964, .adv_w = 256, .box_w = 16, .box_h = 15, .ofs_x = 0, .ofs_y = -2},
    {.bitmap_index = 65071, .adv_w = 256, .box_w = 16, .box_h = 15, .ofs_x = 0, .ofs_y = -1},
    {.bitmap_index = 65178, .adv_w = 256, .box_w = 16, .box_h = 15, .ofs_x = 0, .ofs_y = -1},
    {.bitmap_index = 65278, .adv_w = 256, .box_w = 16, .box_h = 16, .ofs_x = 0, .ofs_y = -2},
    {.bitmap_index = 65387, .adv_w = 256, .box_w = 15, .box_h = 16, .ofs_x = 0, .ofs_y = -2},
    {.bitmap_index = 65500, .adv_w = 256, .box_w = 16, .box_h = 16, .ofs_x = 0, .ofs_y = -2},
    {.bitmap_index = 65616, .adv_w = 256, .box_w = 16, .box_h = 16, .ofs_x = 0, .ofs_y = -2},
    {.bitmap_index = 65723, .adv_w = 256, .box_w = 16, .box_h = 15, .ofs_x = 0, .ofs_y = -2},
    {.bitmap_index = 65835, .adv_w = 256, .box_w = 16, .box_h = 14, .ofs_x = 0, .ofs_y = -1},
    {.bitmap_index = 65943, .adv_w = 256, .box_w = 16, .box_h = 15, .ofs_x = 0, .ofs_y = -2},
    {.bitmap_index = 66058, .adv_w = 256, .box_w = 16, .box_h = 16, .ofs_x = 0, .ofs_y = -2},
    {.bitmap_index = 66179, .adv_w = 256, .box_w = 16, .box_h = 15, .ofs_x = 0, .ofs_y = -2},
    {.bitmap_index = 66292, .adv_w = 256, .box_w = 16, .box_h = 16, .ofs_x = 0, .ofs_y = -2},
    {.bitmap_index = 66407, .adv_w = 256, .box_w = 16, .box_h = 16, .ofs_x = 0, .ofs_y = -2},
    {.bitmap_index = 66530, .adv_w = 256, .box_w = 16, .box_h = 15, .ofs_x = 0, .ofs_y = -2},
    {.bitmap_index = 66615, .adv_w = 256, .box_w = 16, .box_h = 14, .ofs_x = 0, .ofs_y = -1},
    {.bitmap_index = 66708, .adv_w = 256, .box_w = 16, .box_h = 15, .ofs_x = 0, .ofs_y = -2},
    {.bitmap_index = 66793, .adv_w = 256, .box_w = 16, .box_h = 14, .ofs_x = 0, .ofs_y = -1},
    {.bitmap_index = 66890, .adv_w = 256, .box_w = 16, .box_h = 15, .ofs_x = 0, .ofs_y = -2},
    {.bitmap_index = 66986, .adv_w = 256, .box_w = 16, .box_h = 15, .ofs_x = 0, .ofs_y = -2},
    {.bitmap_index = 67085, .adv_w = 256, .box_w = 16, .box_h = 15, .ofs_x = 0, .ofs_y = -2},
    {.bitmap_index = 67172, .adv_w = 256, .box_w = 16, .box_h = 15, .ofs_x = 0, .ofs_y = -1},
    {.bitmap_index = 67277, .adv_w = 256, .box_w = 16, .box_h = 15, .ofs_x = 0, .ofs_y = -2},
    {.bitmap_index = 67381, .adv_w = 256, .box_w = 16, .box_h = 15, .ofs_x = 0, .ofs_y = -2},
    {.bitmap_index = 67494, .adv_w = 256, .box_w = 16, .box_h = 16, .ofs_x = 0, .ofs_y = -2},
    {.bitmap_index = 67608, .adv_w = 256, .box_w = 16, .box_h = 16, .ofs_x = 0, .ofs_y = -2},
    {.bitmap_index = 67719, .adv_w = 256, .box_w = 16, .box_h = 16, .ofs_x = 0, .ofs_y = -2},
    {.bitmap_index = 67841, .adv_w = 256, .box_w = 16, .box_h = 16, .ofs_x = 0, .ofs_y = -2},
    {.bitmap_index = 67949, .adv_w = 256, .box_w = 16, .box_h = 16, .ofs_x = 0, .ofs_y = -2},
    {.bitmap_index = 68064, .adv_w = 256, .box_w = 16, .box_h = 16, .ofs_x = 0, .ofs_y = -2},
    {.bitmap_index = 68184, .adv_w = 256, .box_w = 16, .box_h = 14, .ofs_x = 0, .ofs_y = -1},
    {.bitmap_index = 68288, .adv_w = 256, .box_w = 15, .box_h = 15, .ofs_x = 0, .ofs_y = -2},
    {.bitmap_index = 68352, .adv_w = 256, .box_w = 16, .box_h = 15, .ofs_x = 0, .ofs_y = -2},
    {.bitmap_index = 68453, .adv_w = 256, .box_w = 16, .box_h = 15, .ofs_x = 0, .ofs_y = -2},
    {.bitmap_index = 68540, .adv_w = 256, .box_w = 16, .box_h = 16, .ofs_x = 0, .ofs_y = -2},
    {.bitmap_index = 68650, .adv_w = 256, .box_w = 16, .box_h = 15, .ofs_x = 0, .ofs_y = -2},
    {.bitmap_index = 68752, .adv_w = 256, .box_w = 16, .box_h = 15, .ofs_x = 0, .ofs_y = -1},
    {.bitmap_index = 68847, .adv_w = 256, .box_w = 16, .box_h = 15, .ofs_x = 0, .ofs_y = -2},
    {.bitmap_index = 68953, .adv_w = 256, .box_w = 16, .box_h = 14, .ofs_x = 0, .ofs_y = -1},
    {.bitmap_index = 69042, .adv_w = 256, .box_w = 16, .box_h = 14, .ofs_x = 0, .ofs_y = -1},
    {.bitmap_index = 69128, .adv_w = 256, .box_w = 16, .box_h = 15, .ofs_x = 0, .ofs_y = -2},
    {.bitmap_index = 69224, .adv_w = 256, .box_w = 16, .box_h = 15, .ofs_x = 0, .ofs_y = -2},
    {.bitmap_index = 69322, .adv_w = 256, .box_w = 16, .box_h = 14, .ofs_x = 0, .ofs_y = -1},
    {.bitmap_index = 69419, .adv_w = 256, .box_w = 16, .box_h = 15, .ofs_x = 0, .ofs_y = -2},
    {.bitmap_index = 69518, .adv_w = 256, .box_w = 16, .box_h = 14, .ofs_x = 0, .ofs_y = -1},
    {.bitmap_index = 69611, .adv_w = 256, .box_w = 16, .box_h = 14, .ofs_x = 0, .ofs_y = -1},
    {.bitmap_index = 69681, .adv_w = 256, .box_w = 14, .box_h = 15, .ofs_x = 0, .ofs_y = -2},
    {.bitmap_index = 69759, .adv_w = 256, .box_w = 13, .box_h = 14, .ofs_x = 1, .ofs_y = -1},
    {.bitmap_index = 69810, .adv_w = 256, .box_w = 14, .box_h = 14, .ofs_x = 2, .ofs_y = -1},
    {.bitmap_index = 69885, .adv_w = 256, .box_w = 16, .box_h = 14, .ofs_x = 0, .ofs_y = -1},
    {.bitmap_index = 69961, .adv_w = 256, .box_w = 16, .box_h = 15, .ofs_x = 0, .ofs_y = -2},
    {.bitmap_index = 70051, .adv_w = 256, .box_w = 15, .box_h = 15, .ofs_x = 0, .ofs_y = -1},
    {.bitmap_index = 70150, .adv_w = 256, .box_w = 15, .box_h = 15, .ofs_x = 1, .ofs_y = -1},
    {.bitmap_index = 70245, .adv_w = 256, .box_w = 16, .box_h = 15, .ofs_x = 0, .ofs_y = -1},
    {.bitmap_index = 70345, .adv_w = 256, .box_w = 16, .box_h = 15, .ofs_x = 0, .ofs_y = -2},
    {.bitmap_index = 70451, .adv_w = 256, .box_w = 16, .box_h = 16, .ofs_x = 0, .ofs_y = -2},
    {.bitmap_index = 70569, .adv_w = 256, .box_w = 16, .box_h = 15, .ofs_x = 0, .ofs_y = -2},
    {.bitmap_index = 70670, .adv_w = 256, .box_w = 16, .box_h = 16, .ofs_x = 0, .ofs_y = -2},
    {.bitmap_index = 70786, .adv_w = 256, .box_w = 16, .box_h = 15, .ofs_x = 0, .ofs_y = -1},
    {.bitmap_index = 70882, .adv_w = 256, .box_w = 12, .box_h = 15, .ofs_x = 2, .ofs_y = -1},
    {.bitmap_index = 70932, .adv_w = 256, .box_w = 14, .box_h = 16, .ofs_x = 1, .ofs_y = -2},
    {.bitmap_index = 71028, .adv_w = 256, .box_w = 16, .box_h = 15, .ofs_x = 0, .ofs_y = -2},
    {.bitmap_index = 71127, .adv_w = 256, .box_w = 16, .box_h = 15, .ofs_x = 0, .ofs_y = -1},
    {.bitmap_index = 71214, .adv_w = 256, .box_w = 16, .box_h = 14, .ofs_x = 0, .ofs_y = -1},
    {.bitmap_index = 71298, .adv_w = 256, .box_w = 16, .box_h = 15, .ofs_x = 0, .ofs_y = -1},
    {.bitmap_index = 71389, .adv_w = 256, .box_w = 16, .box_h = 15, .ofs_x = 0, .ofs_y = -1},
    {.bitmap_index = 71486, .adv_w = 256, .box_w = 16, .box_h = 15, .ofs_x = 0, .ofs_y = -1},
    {.bitmap_index = 71583, .adv_w = 256, .box_w = 12, .box_h = 14, .ofs_x = 2, .ofs_y = -1},
    {.bitmap_index = 71631, .adv_w = 256, .box_w = 16, .box_h = 15, .ofs_x = 0, .ofs_y = -1},
    {.bitmap_index = 71703, .adv_w = 256, .box_w = 15, .box_h = 15, .ofs_x = 0, .ofs_y = -2},
    {.bitmap_index = 71789, .adv_w = 256, .box_w = 16, .box_h = 14, .ofs_x = 0, .ofs_y = -1},
    {.bitmap_index = 71873, .adv_w = 256, .box_w = 16, .box_h = 15, .ofs_x = 0, .ofs_y = -1},
    {.bitmap_index = 71964, .adv_w = 256, .box_w = 15, .box_h = 15, .ofs_x = 1, .ofs_y = -1},
    {.bitmap_index = 72058, .adv_w = 256, .box_w = 15, .box_h = 15, .ofs_x = 0, .ofs_y = -1},
    {.bitmap_index = 72152, .adv_w = 256, .box_w = 15, .box_h = 16, .ofs_x = 0, .ofs_y = -2},
    {.bitmap_index = 72246, .adv_w = 256, .box_w = 16, .box_h = 16, .ofs_x = 0, .ofs_y = -2},
    {.bitmap_index = 72355, .adv_w = 256, .box_w = 16, .box_h = 16, .ofs_x = 0, .ofs_y = -2},
    {.bitmap_index = 72461, .adv_w = 256, .box_w = 16, .box_h = 14, .ofs_x = 0, .ofs_y = -1},
    {.bitmap_index = 72565, .adv_w = 256, .box_w = 16, .box_h = 15, .ofs_x = 0, .ofs_y = -2},
    {.bitmap_index = 72674, .adv_w = 256, .box_w = 15, .box_h = 16, .ofs_x = 0, .ofs_y = -2},
    {.bitmap_index = 72782, .adv_w = 256, .box_w = 16, .box_h = 16, .ofs_x = 0, .ofs_y = -2},
    {.bitmap_index = 72897, .adv_w = 256, .box_w = 16, .box_h = 15, .ofs_x = 0, .ofs_y = -1},
    {.bitmap_index = 72999, .adv_w = 256, .box_w = 16, .box_h = 15, .ofs_x = 0, .ofs_y = -1},
    {.bitmap_index = 73106, .adv_w = 256, .box_w = 16, .box_h = 15, .ofs_x = 0, .ofs_y = -1},
    {.bitmap_index = 73222, .adv_w = 256, .box_w = 16, .box_h = 14, .ofs_x = 0, .ofs_y = -1},
    {.bitmap_index = 73296, .adv_w = 256, .box_w = 16, .box_h = 15, .ofs_x = 0, .ofs_y = -1},
    {.bitmap_index = 73377, .adv_w = 256, .box_w = 16, .box_h = 14, .ofs_x = 0, .ofs_y = -1},
    {.bitmap_index = 73481, .adv_w = 256, .box_w = 16, .box_h = 15, .ofs_x = 0, .ofs_y = -2},
    {.bitmap_index = 73575, .adv_w = 256, .box_w = 16, .box_h = 16, .ofs_x = 0, .ofs_y = -2},
    {.bitmap_index = 73690, .adv_w = 256, .box_w = 16, .box_h = 16, .ofs_x = 0, .ofs_y = -2},
    {.bitmap_index = 73803, .adv_w = 256, .box_w = 16, .box_h = 15, .ofs_x = 0, .ofs_y = -2},
    {.bitmap_index = 73905, .adv_w = 256, .box_w = 16, .box_h = 15, .ofs_x = 0, .ofs_y = -1},
    {.bitmap_index = 74006, .adv_w = 256, .box_w = 16, .box_h = 16, .ofs_x = 0, .ofs_y = -2},
    {.bitmap_index = 74120, .adv_w = 256, .box_w = 16, .box_h = 15, .ofs_x = 0, .ofs_y = -1},
    {.bitmap_index = 74215, .adv_w = 256, .box_w = 16, .box_h = 14, .ofs_x = 0, .ofs_y = -1},
    {.bitmap_index = 74313, .adv_w = 256, .box_w = 16, .box_h = 15, .ofs_x = 0, .ofs_y = -1},
    {.bitmap_index = 74427, .adv_w = 256, .box_w = 16, .box_h = 15, .ofs_x = 0, .ofs_y = -1},
    {.bitmap_index = 74531, .adv_w = 256, .box_w = 16, .box_h = 16, .ofs_x = 0, .ofs_y = -2},
    {.bitmap_index = 74650, .adv_w = 256, .box_w = 16, .box_h = 14, .ofs_x = 0, .ofs_y = -1},
    {.bitmap_index = 74735, .adv_w = 256, .box_w = 16, .box_h = 14, .ofs_x = 0, .ofs_y = -1},
    {.bitmap_index = 74811, .adv_w = 256, .box_w = 16, .box_h = 14, .ofs_x = 0, .ofs_y = -1},
    {.bitmap_index = 74901, .adv_w = 256, .box_w = 16, .box_h = 15, .ofs_x = 0, .ofs_y = -2},
    {.bitmap_index = 74999, .adv_w = 256, .box_w = 16, .box_h = 16, .ofs_x = 0, .ofs_y = -2},
    {.bitmap_index = 75103, .adv_w = 256, .box_w = 15, .box_h = 15, .ofs_x = 0, .ofs_y = -1},
    {.bitmap_index = 75203, .adv_w = 256, .box_w = 16, .box_h = 15, .ofs_x = 0, .ofs_y = -1},
    {.bitmap_index = 75299, .adv_w = 256, .box_w = 16, .box_h = 15, .ofs_x = 0, .ofs_y = -1},
    {.bitmap_index = 75391, .adv_w = 256, .box_w = 16, .box_h = 16, .ofs_x = 0, .ofs_y = -2},
    {.bitmap_index = 75497, .adv_w = 256, .box_w = 16, .box_h = 15, .ofs_x = 0, .ofs_y = -1},
    {.bitmap_index = 75604, .adv_w = 256, .box_w = 15, .box_h = 15, .ofs_x = 0, .ofs_y = -1},
    {.bitmap_index = 75688, .adv_w = 256, .box_w = 16, .box_h = 16, .ofs_x = 0, .ofs_y = -2},
    {.bitmap_index = 75788, .adv_w = 256, .box_w = 16, .box_h = 15, .ofs_x = 0, .ofs_y = -1},
    {.bitmap_index = 75875, .adv_w = 256, .box_w = 15, .box_h = 16, .ofs_x = 0, .ofs_y = -2},
    {.bitmap_index = 75982, .adv_w = 256, .box_w = 16, .box_h = 15, .ofs_x = 0, .ofs_y = -1},
    {.bitmap_index = 76082, .adv_w = 256, .box_w = 16, .box_h = 15, .ofs_x = 0, .ofs_y = -1},
    {.bitmap_index = 76189, .adv_w = 256, .box_w = 16, .box_h = 15, .ofs_x = 0, .ofs_y = -1},
    {.bitmap_index = 76300, .adv_w = 256, .box_w = 16, .box_h = 16, .ofs_x = 0, .ofs_y = -2},
    {.bitmap_index = 76404, .adv_w = 256, .box_w = 16, .box_h = 14, .ofs_x = 0, .ofs_y = -1},
    {.bitmap_index = 76489, .adv_w = 256, .box_w = 16, .box_h = 15, .ofs_x = 0, .ofs_y = -2},
    {.bitmap_index = 76601, .adv_w = 256, .box_w = 16, .box_h = 14, .ofs_x = 0, .ofs_y = -1},
    {.bitmap_index = 76698, .adv_w = 256, .box_w = 16, .box_h = 16, .ofs_x = 0, .ofs_y = -2},
    {.bitmap_index = 76809, .adv_w = 256, .box_w = 16, .box_h = 15, .ofs_x = 0, .ofs_y = -1},
    {.bitmap_index = 76915, .adv_w = 256, .box_w = 15, .box_h = 16, .ofs_x = 0, .ofs_y = -2},
    {.bitmap_index = 77022, .adv_w = 256, .box_w = 16, .box_h = 15, .ofs_x = 0, .ofs_y = -2},
    {.bitmap_index = 77133, .adv_w = 256, .box_w = 15, .box_h = 15, .ofs_x = 0, .ofs_y = -2},
    {.bitmap_index = 77238, .adv_w = 256, .box_w = 16, .box_h = 16, .ofs_x = 0, .ofs_y = -2},
    {.bitmap_index = 77355, .adv_w = 256, .box_w = 16, .box_h = 14, .ofs_x = 0, .ofs_y = -1},
    {.bitmap_index = 77451, .adv_w = 256, .box_w = 16, .box_h = 14, .ofs_x = 0, .ofs_y = -1},
    {.bitmap_index = 77548, .adv_w = 256, .box_w = 15, .box_h = 15, .ofs_x = 1, .ofs_y = -1},
    {.bitmap_index = 77648, .adv_w = 256, .box_w = 16, .box_h = 14, .ofs_x = 0, .ofs_y = -1},
    {.bitmap_index = 77744, .adv_w = 256, .box_w = 15, .box_h = 16, .ofs_x = 0, .ofs_y = -2},
    {.bitmap_index = 77840, .adv_w = 256, .box_w = 16, .box_h = 16, .ofs_x = 0, .ofs_y = -2},
    {.bitmap_index = 77958, .adv_w = 256, .box_w = 16, .box_h = 15, .ofs_x = 0, .ofs_y = -1},
    {.bitmap_index = 78070, .adv_w = 256, .box_w = 16, .box_h = 15, .ofs_x = 0, .ofs_y = -2},
    {.bitmap_index = 78172, .adv_w = 256, .box_w = 16, .box_h = 16, .ofs_x = 0, .ofs_y = -2},
    {.bitmap_index = 78277, .adv_w = 256, .box_w = 16, .box_h = 15, .ofs_x = 0, .ofs_y = -2},
    {.bitmap_index = 78391, .adv_w = 256, .box_w = 16, .box_h = 16, .ofs_x = 0, .ofs_y = -2},
    {.bitmap_index = 78510, .adv_w = 256, .box_w = 16, .box_h = 15, .ofs_x = 0, .ofs_y = -2},
    {.bitmap_index = 78621, .adv_w = 256, .box_w = 16, .box_h = 15, .ofs_x = 0, .ofs_y = -1},
    {.bitmap_index = 78735, .adv_w = 256, .box_w = 16, .box_h = 15, .ofs_x = 0, .ofs_y = -1},
    {.bitmap_index = 78846, .adv_w = 256, .box_w = 16, .box_h = 15, .ofs_x = 0, .ofs_y = -1},
    {.bitmap_index = 78965, .adv_w = 256, .box_w = 16, .box_h = 16, .ofs_x = 0, .ofs_y = -2},
    {.bitmap_index = 79087, .adv_w = 256, .box_w = 15, .box_h = 15, .ofs_x = 0, .ofs_y = -2},
    {.bitmap_index = 79192, .adv_w = 256, .box_w = 16, .box_h = 15, .ofs_x = 0, .ofs_y = -1},
    {.bitmap_index = 79296, .adv_w = 256, .box_w = 16, .box_h = 16, .ofs_x = 0, .ofs_y = -2},
    {.bitmap_index = 79421, .adv_w = 256, .box_w = 16, .box_h = 15, .ofs_x = 0, .ofs_y = -2},
    {.bitmap_index = 79531, .adv_w = 256, .box_w = 16, .box_h = 16, .ofs_x = 0, .ofs_y = -1},
    {.bitmap_index = 79648, .adv_w = 256, .box_w = 16, .box_h = 15, .ofs_x = 0, .ofs_y = -1},
    {.bitmap_index = 79761, .adv_w = 256, .box_w = 15, .box_h = 15, .ofs_x = 0, .ofs_y = -1},
    {.bitmap_index = 79861, .adv_w = 256, .box_w = 16, .box_h = 17, .ofs_x = 0, .ofs_y = -2},
    {.bitmap_index = 79984, .adv_w = 256, .box_w = 16, .box_h = 16, .ofs_x = 0, .ofs_y = -2},
    {.bitmap_index = 80101, .adv_w = 256, .box_w = 16, .box_h = 16, .ofs_x = 0, .ofs_y = -2},
    {.bitmap_index = 80218, .adv_w = 256, .box_w = 16, .box_h = 14, .ofs_x = 0, .ofs_y = -1},
    {.bitmap_index = 80327, .adv_w = 256, .box_w = 16, .box_h = 15, .ofs_x = 0, .ofs_y = -1},
    {.bitmap_index = 80427, .adv_w = 256, .box_w = 15, .box_h = 15, .ofs_x = 0, .ofs_y = -1},
    {.bitmap_index = 80522, .adv_w = 256, .box_w = 16, .box_h = 16, .ofs_x = 0, .ofs_y = -2},
    {.bitmap_index = 80641, .adv_w = 256, .box_w = 16, .box_h = 15, .ofs_x = 0, .ofs_y = -1},
    {.bitmap_index = 80743, .adv_w = 256, .box_w = 16, .box_h = 16, .ofs_x = 0, .ofs_y = -2},
    {.bitmap_index = 80861, .adv_w = 256, .box_w = 16, .box_h = 14, .ofs_x = 0, .ofs_y = -1},
    {.bitmap_index = 80958, .adv_w = 256, .box_w = 16, .box_h = 16, .ofs_x = 0, .ofs_y = -2},
    {.bitmap_index = 81074, .adv_w = 256, .box_w = 16, .box_h = 15, .ofs_x = 0, .ofs_y = -1},
    {.bitmap_index = 81181, .adv_w = 256, .box_w = 16, .box_h = 15, .ofs_x = 0, .ofs_y = -1},
    {.bitmap_index = 81285, .adv_w = 256, .box_w = 16, .box_h = 16, .ofs_x = 0, .ofs_y = -2},
    {.bitmap_index = 81405, .adv_w = 256, .box_w = 16, .box_h = 15, .ofs_x = 0, .ofs_y = -1},
    {.bitmap_index = 81516, .adv_w = 256, .box_w = 16, .box_h = 14, .ofs_x = 0, .ofs_y = -1},
    {.bitmap_index = 81625, .adv_w = 256, .box_w = 16, .box_h = 15, .ofs_x = 0, .ofs_y = -2},
    {.bitmap_index = 81742, .adv_w = 256, .box_w = 16, .box_h = 15, .ofs_x = 0, .ofs_y = -1},
    {.bitmap_index = 81851, .adv_w = 256, .box_w = 16, .box_h = 16, .ofs_x = 0, .ofs_y = -2},
    {.bitmap_index = 81976, .adv_w = 256, .box_w = 15, .box_h = 16, .ofs_x = 0, .ofs_y = -2},
    {.bitmap_index = 82086, .adv_w = 256, .box_w = 16, .box_h = 17, .ofs_x = 0, .ofs_y = -2},
    {.bitmap_index = 82208, .adv_w = 256, .box_w = 16, .box_h = 15, .ofs_x = 0, .ofs_y = -1},
    {.bitmap_index = 82316, .adv_w = 256, .box_w = 16, .box_h = 16, .ofs_x = 0, .ofs_y = -2},
    {.bitmap_index = 82427, .adv_w = 256, .box_w = 14, .box_h = 14, .ofs_x = 1, .ofs_y = -1},
    {.bitmap_index = 82510, .adv_w = 256, .box_w = 15, .box_h = 14, .ofs_x = 1, .ofs_y = -1},
    {.bitmap_index = 82593, .adv_w = 256, .box_w = 16, .box_h = 14, .ofs_x = 0, .ofs_y = -1},
    {.bitmap_index = 82690, .adv_w = 256, .box_w = 16, .box_h = 15, .ofs_x = 0, .ofs_y = -1},
    {.bitmap_index = 82801, .adv_w = 256, .box_w = 16, .box_h = 15, .ofs_x = 0, .ofs_y = -1},
    {.bitmap_index = 82916, .adv_w = 256, .box_w = 15, .box_h = 15, .ofs_x = 0, .ofs_y = -2},
    {.bitmap_index = 83010, .adv_w = 256, .box_w = 16, .box_h = 14, .ofs_x = 0, .ofs_y = -1},
    {.bitmap_index = 83097, .adv_w = 256, .box_w = 16, .box_h = 14, .ofs_x = 0, .ofs_y = -1},
    {.bitmap_index = 83147, .adv_w = 256, .box_w = 16, .box_h = 15, .ofs_x = 0, .ofs_y = -1},
    {.bitmap_index = 83253, .adv_w = 256, .box_w = 16, .box_h = 16, .ofs_x = 0, .ofs_y = -2},
    {.bitmap_index = 83371, .adv_w = 256, .box_w = 16, .box_h = 15, .ofs_x = 0, .ofs_y = -2},
    {.bitmap_index = 83476, .adv_w = 256, .box_w = 16, .box_h = 15, .ofs_x = 0, .ofs_y = -2},
    {.bitmap_index = 83581, .adv_w = 256, .box_w = 16, .box_h = 15, .ofs_x = 0, .ofs_y = -2},
    {.bitmap_index = 83672, .adv_w = 256, .box_w = 16, .box_h = 15, .ofs_x = 0, .ofs_y = -2},
    {.bitmap_index = 83782, .adv_w = 256, .box_w = 16, .box_h = 15, .ofs_x = 0, .ofs_y = -1},
    {.bitmap_index = 83886, .adv_w = 256, .box_w = 15, .box_h = 15, .ofs_x = 0, .ofs_y = -2},
    {.bitmap_index = 83985, .adv_w = 256, .box_w = 16, .box_h = 15, .ofs_x = 0, .ofs_y = -2},
    {.bitmap_index = 84091, .adv_w = 256, .box_w = 15, .box_h = 16, .ofs_x = 0, .ofs_y = -2},
    {.bitmap_index = 84204, .adv_w = 256, .box_w = 12, .box_h = 15, .ofs_x = 2, .ofs_y = -1},
    {.bitmap_index = 84260, .adv_w = 256, .box_w = 16, .box_h = 14, .ofs_x = 0, .ofs_y = -1},
    {.bitmap_index = 84349, .adv_w = 256, .box_w = 16, .box_h = 17, .ofs_x = 0, .ofs_y = -2},
    {.bitmap_index = 84467, .adv_w = 256, .box_w = 16, .box_h = 16, .ofs_x = 0, .ofs_y = -2},
    {.bitmap_index = 84570, .adv_w = 256, .box_w = 16, .box_h = 16, .ofs_x = 0, .ofs_y = -2},
    {.bitmap_index = 84672, .adv_w = 256, .box_w = 16, .box_h = 16, .ofs_x = 0, .ofs_y = -2},
    {.bitmap_index = 84781, .adv_w = 256, .box_w = 15, .box_h = 15, .ofs_x = 1, .ofs_y = -2},
    {.bitmap_index = 84862, .adv_w = 256, .box_w = 16, .box_h = 15, .ofs_x = 0, .ofs_y = -1},
    {.bitmap_index = 84946, .adv_w = 256, .box_w = 16, .box_h = 14, .ofs_x = 0, .ofs_y = -1},
    {.bitmap_index = 85018, .adv_w = 256, .box_w = 16, .box_h = 15, .ofs_x = 0, .ofs_y = -2},
    {.bitmap_index = 85118, .adv_w = 256, .box_w = 16, .box_h = 14, .ofs_x = 0, .ofs_y = -1},
    {.bitmap_index = 85211, .adv_w = 256, .box_w = 16, .box_h = 15, .ofs_x = 0, .ofs_y = -2},
    {.bitmap_index = 85325, .adv_w = 256, .box_w = 16, .box_h = 15, .ofs_x = 0, .ofs_y = -2},
    {.bitmap_index = 85418, .adv_w = 256, .box_w = 16, .box_h = 15, .ofs_x = 0, .ofs_y = -2},
    {.bitmap_index = 85530, .adv_w = 256, .box_w = 16, .box_h = 14, .ofs_x = 0, .ofs_y = -1},
    {.bitmap_index = 85633, .adv_w = 256, .box_w = 16, .box_h = 14, .ofs_x = 0, .ofs_y = -1},
    {.bitmap_index = 85725, .adv_w = 256, .box_w = 16, .box_h = 15, .ofs_x = 0, .ofs_y = -2},
    {.bitmap_index = 85832, .adv_w = 256, .box_w = 16, .box_h = 15, .ofs_x = 0, .ofs_y = -2},
    {.bitmap_index = 85947, .adv_w = 256, .box_w = 16, .box_h = 15, .ofs_x = 0, .ofs_y = -2},
    {.bitmap_index = 86050, .adv_w = 256, .box_w = 15, .box_h = 15, .ofs_x = 0, .ofs_y = -2},
    {.bitmap_index = 86146, .adv_w = 256, .box_w = 16, .box_h = 14, .ofs_x = 0, .ofs_y = -1},
    {.bitmap_index = 86250, .adv_w = 256, .box_w = 16, .box_h = 16, .ofs_x = 0, .ofs_y = -2},
    {.bitmap_index = 86327, .adv_w = 256, .box_w = 16, .box_h = 16, .ofs_x = 0, .ofs_y = -2},
    {.bitmap_index = 86440, .adv_w = 256, .box_w = 16, .box_h = 14, .ofs_x = 0, .ofs_y = -1},
    {.bitmap_index = 86511, .adv_w = 256, .box_w = 16, .box_h = 15, .ofs_x = 0, .ofs_y = -2},
    {.bitmap_index = 86612, .adv_w = 256, .box_w = 16, .box_h = 15, .ofs_x = 0, .ofs_y = -2},
    {.bitmap_index = 86712, .adv_w = 256, .box_w = 16, .box_h = 15, .ofs_x = 0, .ofs_y = -2},
    {.bitmap_index = 86818, .adv_w = 256, .box_w = 16, .box_h = 15, .ofs_x = 0, .ofs_y = -2},
    {.bitmap_index = 86928, .adv_w = 256, .box_w = 16, .box_h = 14, .ofs_x = 0, .ofs_y = -1},
    {.bitmap_index = 87022, .adv_w = 256, .box_w = 16, .box_h = 16, .ofs_x = 0, .ofs_y = -2},
    {.bitmap_index = 87136, .adv_w = 256, .box_w = 16, .box_h = 16, .ofs_x = 0, .ofs_y = -2},
    {.bitmap_index = 87244, .adv_w = 256, .box_w = 16, .box_h = 15, .ofs_x = 0, .ofs_y = -2},
    {.bitmap_index = 87349, .adv_w = 256, .box_w = 16, .box_h = 15, .ofs_x = 0, .ofs_y = -2},
    {.bitmap_index = 87460, .adv_w = 256, .box_w = 16, .box_h = 15, .ofs_x = 0, .ofs_y = -2},
    {.bitmap_index = 87537, .adv_w = 256, .box_w = 16, .box_h = 15, .ofs_x = 0, .ofs_y = -2},
    {.bitmap_index = 87647, .adv_w = 256, .box_w = 16, .box_h = 15, .ofs_x = 0, .ofs_y = -2},
    {.bitmap_index = 87747, .adv_w = 256, .box_w = 15, .box_h = 16, .ofs_x = 0, .ofs_y = -2},
    {.bitmap_index = 87844, .adv_w = 256, .box_w = 16, .box_h = 16, .ofs_x = 0, .ofs_y = -2},
    {.bitmap_index = 87946, .adv_w = 256, .box_w = 16, .box_h = 16, .ofs_x = 0, .ofs_y = -2},
    {.bitmap_index = 88063, .adv_w = 256, .box_w = 16, .box_h = 15, .ofs_x = 0, .ofs_y = -2},
    {.bitmap_index = 88149, .adv_w = 256, .box_w = 16, .box_h = 15, .ofs_x = 0, .ofs_y = -2},
    {.bitmap_index = 88254, .adv_w = 256, .box_w = 16, .box_h = 16, .ofs_x = 0, .ofs_y = -2},
    {.bitmap_index = 88359, .adv_w = 256, .box_w = 14, .box_h = 16, .ofs_x = 1, .ofs_y = -2},
    {.bitmap_index = 88450, .adv_w = 256, .box_w = 15, .box_h = 16, .ofs_x = 0, .ofs_y = -2},
    {.bitmap_index = 88553, .adv_w = 256, .box_w = 14, .box_h = 16, .ofs_x = 0, .ofs_y = -2},
    {.bitmap_index = 88649, .adv_w = 256, .box_w = 16, .box_h = 16, .ofs_x = 0, .ofs_y = -2},
    {.bitmap_index = 88767, .adv_w = 256, .box_w = 16, .box_h = 16, .ofs_x = 0, .ofs_y = -2},
    {.bitmap_index = 88872, .adv_w = 256, .box_w = 16, .box_h = 14, .ofs_x = 0, .ofs_y = -1},
    {.bitmap_index = 88936, .adv_w = 256, .box_w = 16, .box_h = 14, .ofs_x = 0, .ofs_y = -1},
    {.bitmap_index = 89008, .adv_w = 256, .box_w = 16, .box_h = 14, .ofs_x = 0, .ofs_y = -1},
    {.bitmap_index = 89090, .adv_w = 256, .box_w = 16, .box_h = 16, .ofs_x = 0, .ofs_y = -2},
    {.bitmap_index = 89201, .adv_w = 256, .box_w = 16, .box_h = 15, .ofs_x = 0, .ofs_y = -1},
    {.bitmap_index = 89282, .adv_w = 256, .box_w = 16, .box_h = 15, .ofs_x = 0, .ofs_y = -2},
    {.bitmap_index = 89390, .adv_w = 256, .box_w = 16, .box_h = 14, .ofs_x = 0, .ofs_y = -1},
    {.bitmap_index = 89470, .adv_w = 256, .box_w = 16, .box_h = 15, .ofs_x = 0, .ofs_y = -2},
    {.bitmap_index = 89572, .adv_w = 256, .box_w = 16, .box_h = 14, .ofs_x = 0, .ofs_y = -1},
    {.bitmap_index = 89660, .adv_w = 256, .box_w = 16, .box_h = 15, .ofs_x = 0, .ofs_y = -1},
    {.bitmap_index = 89763, .adv_w = 256, .box_w = 16, .box_h = 14, .ofs_x = 0, .ofs_y = -1},
    {.bitmap_index = 89867, .adv_w = 256, .box_w = 16, .box_h = 14, .ofs_x = 0, .ofs_y = -1},
    {.bitmap_index = 89958, .adv_w = 256, .box_w = 16, .box_h = 15, .ofs_x = 0, .ofs_y = -2},
    {.bitmap_index = 90063, .adv_w = 256, .box_w = 16, .box_h = 16, .ofs_x = 0, .ofs_y = -2},
    {.bitmap_index = 90169, .adv_w = 256, .box_w = 16, .box_h = 15, .ofs_x = 0, .ofs_y = -2},
    {.bitmap_index = 90276, .adv_w = 256, .box_w = 15, .box_h = 15, .ofs_x = 0, .ofs_y = -2},
    {.bitmap_index = 90379, .adv_w = 256, .box_w = 16, .box_h = 15, .ofs_x = 0, .ofs_y = -2},
    {.bitmap_index = 90494, .adv_w = 256, .box_w = 16, .box_h = 15, .ofs_x = 0, .ofs_y = -1},
    {.bitmap_index = 90585, .adv_w = 256, .box_w = 16, .box_h = 15, .ofs_x = 0, .ofs_y = -2},
    {.bitmap_index = 90701, .adv_w = 256, .box_w = 16, .box_h = 14, .ofs_x = 0, .ofs_y = -1},
    {.bitmap_index = 90770, .adv_w = 256, .box_w = 16, .box_h = 15, .ofs_x = 0, .ofs_y = -2},
    {.bitmap_index = 90858, .adv_w = 256, .box_w = 16, .box_h = 15, .ofs_x = 0, .ofs_y = -2},
    {.bitmap_index = 90944, .adv_w = 256, .box_w = 16, .box_h = 15, .ofs_x = 0, .ofs_y = -2},
    {.bitmap_index = 91013, .adv_w = 256, .box_w = 16, .box_h = 15, .ofs_x = 0, .ofs_y = -2},
    {.bitmap_index = 91118, .adv_w = 256, .box_w = 16, .box_h = 14, .ofs_x = 0, .ofs_y = -1},
    {.bitmap_index = 91194, .adv_w = 256, .box_w = 16, .box_h = 15, .ofs_x = 0, .ofs_y = -1},
    {.bitmap_index = 91279, .adv_w = 256, .box_w = 16, .box_h = 16, .ofs_x = 0, .ofs_y = -2},
    {.bitmap_index = 91383, .adv_w = 256, .box_w = 16, .box_h = 16, .ofs_x = 0, .ofs_y = -2},
    {.bitmap_index = 91488, .adv_w = 256, .box_w = 16, .box_h = 16, .ofs_x = 0, .ofs_y = -2},
    {.bitmap_index = 91594, .adv_w = 256, .box_w = 16, .box_h = 15, .ofs_x = 0, .ofs_y = -2},
    {.bitmap_index = 91678, .adv_w = 256, .box_w = 16, .box_h = 15, .ofs_x = 0, .ofs_y = -2},
    {.bitmap_index = 91766, .adv_w = 256, .box_w = 16, .box_h = 15, .ofs_x = 0, .ofs_y = -1},
    {.bitmap_index = 91861, .adv_w = 256, .box_w = 16, .box_h = 16, .ofs_x = 0, .ofs_y = -2},
    {.bitmap_index = 91967, .adv_w = 256, .box_w = 16, .box_h = 15, .ofs_x = 0, .ofs_y = -2},
    {.bitmap_index = 92066, .adv_w = 256, .box_w = 16, .box_h = 15, .ofs_x = 0, .ofs_y = -1},
    {.bitmap_index = 92154, .adv_w = 256, .box_w = 16, .box_h = 16, .ofs_x = 0, .ofs_y = -2},
    {.bitmap_index = 92258, .adv_w = 256, .box_w = 15, .box_h = 16, .ofs_x = 0, .ofs_y = -2},
    {.bitmap_index = 92366, .adv_w = 256, .box_w = 16, .box_h = 15, .ofs_x = 0, .ofs_y = -1},
    {.bitmap_index = 92463, .adv_w = 256, .box_w = 16, .box_h = 15, .ofs_x = 0, .ofs_y = -1},
    {.bitmap_index = 92552, .adv_w = 256, .box_w = 16, .box_h = 16, .ofs_x = 0, .ofs_y = -2},
    {.bitmap_index = 92654, .adv_w = 256, .box_w = 16, .box_h = 16, .ofs_x = 0, .ofs_y = -2},
    {.bitmap_index = 92759, .adv_w = 256, .box_w = 16, .box_h = 14, .ofs_x = 0, .ofs_y = -1},
    {.bitmap_index = 92847, .adv_w = 256, .box_w = 16, .box_h = 15, .ofs_x = 0, .ofs_y = -2},
    {.bitmap_index = 92953, .adv_w = 256, .box_w = 15, .box_h = 16, .ofs_x = 0, .ofs_y = -2},
    {.bitmap_index = 93052, .adv_w = 256, .box_w = 16, .box_h = 16, .ofs_x = 0, .ofs_y = -2},
    {.bitmap_index = 93159, .adv_w = 256, .box_w = 15, .box_h = 16, .ofs_x = 1, .ofs_y = -2},
    {.bitmap_index = 93270, .adv_w = 256, .box_w = 16, .box_h = 15, .ofs_x = 0, .ofs_y = -2},
    {.bitmap_index = 93365, .adv_w = 256, .box_w = 16, .box_h = 16, .ofs_x = 0, .ofs_y = -2},
    {.bitmap_index = 93467, .adv_w = 256, .box_w = 16, .box_h = 16, .ofs_x = 0, .ofs_y = -2},
    {.bitmap_index = 93571, .adv_w = 256, .box_w = 16, .box_h = 15, .ofs_x = 0, .ofs_y = -1},
    {.bitmap_index = 93672, .adv_w = 256, .box_w = 16, .box_h = 16, .ofs_x = 0, .ofs_y = -2},
    {.bitmap_index = 93773, .adv_w = 256, .box_w = 16, .box_h = 16, .ofs_x = 0, .ofs_y = -2},
    {.bitmap_index = 93877, .adv_w = 256, .box_w = 16, .box_h = 15, .ofs_x = 0, .ofs_y = -2},
    {.bitmap_index = 93959, .adv_w = 256, .box_w = 16, .box_h = 16, .ofs_x = 0, .ofs_y = -2},
    {.bitmap_index = 94069, .adv_w = 256, .box_w = 16, .box_h = 15, .ofs_x = 0, .ofs_y = -2},
    {.bitmap_index = 94160, .adv_w = 256, .box_w = 16, .box_h = 15, .ofs_x = 0, .ofs_y = -2},
    {.bitmap_index = 94262, .adv_w = 256, .box_w = 16, .box_h = 15, .ofs_x = 0, .ofs_y = -2},
    {.bitmap_index = 94371, .adv_w = 256, .box_w = 16, .box_h = 15, .ofs_x = 0, .ofs_y = -2},
    {.bitmap_index = 94488, .adv_w = 256, .box_w = 16, .box_h = 15, .ofs_x = 0, .ofs_y = -2},
    {.bitmap_index = 94595, .adv_w = 256, .box_w = 16, .box_h = 15, .ofs_x = 0, .ofs_y = -2},
    {.bitmap_index = 94675, .adv_w = 256, .box_w = 16, .box_h = 14, .ofs_x = 0, .ofs_y = -1},
    {.bitmap_index = 94756, .adv_w = 256, .box_w = 16, .box_h = 15, .ofs_x = 0, .ofs_y = -2},
    {.bitmap_index = 94858, .adv_w = 256, .box_w = 16, .box_h = 15, .ofs_x = 0, .ofs_y = -2},
    {.bitmap_index = 94961, .adv_w = 256, .box_w = 16, .box_h = 15, .ofs_x = 0, .ofs_y = -1},
    {.bitmap_index = 95061, .adv_w = 256, .box_w = 16, .box_h = 15, .ofs_x = 0, .ofs_y = -2},
    {.bitmap_index = 95169, .adv_w = 256, .box_w = 16, .box_h = 14, .ofs_x = 0, .ofs_y = -1},
    {.bitmap_index = 95267, .adv_w = 256, .box_w = 15, .box_h = 15, .ofs_x = 0, .ofs_y = -1},
    {.bitmap_index = 95352, .adv_w = 256, .box_w = 16, .box_h = 14, .ofs_x = 0, .ofs_y = -1},
    {.bitmap_index = 95453, .adv_w = 256, .box_w = 16, .box_h = 15, .ofs_x = 0, .ofs_y = -2},
    {.bitmap_index = 95549, .adv_w = 256, .box_w = 16, .box_h = 15, .ofs_x = 0, .ofs_y = -1},
    {.bitmap_index = 95657, .adv_w = 256, .box_w = 16, .box_h = 15, .ofs_x = 0, .ofs_y = -2},
    {.bitmap_index = 95774, .adv_w = 256, .box_w = 16, .box_h = 15, .ofs_x = 0, .ofs_y = -1},
    {.bitmap_index = 95885, .adv_w = 256, .box_w = 16, .box_h = 16, .ofs_x = 0, .ofs_y = -2},
    {.bitmap_index = 95999, .adv_w = 256, .box_w = 16, .box_h = 15, .ofs_x = 0, .ofs_y = -1},
    {.bitmap_index = 96107, .adv_w = 256, .box_w = 16, .box_h = 16, .ofs_x = 0, .ofs_y = -2},
    {.bitmap_index = 96223, .adv_w = 256, .box_w = 15, .box_h = 15, .ofs_x = 0, .ofs_y = -1},
    {.bitmap_index = 96315, .adv_w = 256, .box_w = 16, .box_h = 15, .ofs_x = 0, .ofs_y = -1},
    {.bitmap_index = 96416, .adv_w = 256, .box_w = 16, .box_h = 16, .ofs_x = 0, .ofs_y = -2},
    {.bitmap_index = 96536, .adv_w = 256, .box_w = 16, .box_h = 16, .ofs_x = 0, .ofs_y = -2},
    {.bitmap_index = 96655, .adv_w = 256, .box_w = 16, .box_h = 14, .ofs_x = 0, .ofs_y = -1},
    {.bitmap_index = 96758, .adv_w = 256, .box_w = 16, .box_h = 16, .ofs_x = 0, .ofs_y = -2},
    {.bitmap_index = 96871, .adv_w = 256, .box_w = 16, .box_h = 16, .ofs_x = 0, .ofs_y = -2},
    {.bitmap_index = 96984, .adv_w = 256, .box_w = 16, .box_h = 16, .ofs_x = 0, .ofs_y = -2},
    {.bitmap_index = 97103, .adv_w = 256, .box_w = 16, .box_h = 15, .ofs_x = 0, .ofs_y = -2},
    {.bitmap_index = 97209, .adv_w = 256, .box_w = 16, .box_h = 16, .ofs_x = 0, .ofs_y = -2},
    {.bitmap_index = 97312, .adv_w = 256, .box_w = 16, .box_h = 15, .ofs_x = 0, .ofs_y = -2},
    {.bitmap_index = 97413, .adv_w = 256, .box_w = 16, .box_h = 15, .ofs_x = 0, .ofs_y = -2},
    {.bitmap_index = 97509, .adv_w = 256, .box_w = 16, .box_h = 16, .ofs_x = 0, .ofs_y = -2},
    {.bitmap_index = 97604, .adv_w = 256, .box_w = 16, .box_h = 16, .ofs_x = 0, .ofs_y = -2},
    {.bitmap_index = 97711, .adv_w = 256, .box_w = 16, .box_h = 16, .ofs_x = 0, .ofs_y = -2},
    {.bitmap_index = 97809, .adv_w = 256, .box_w = 16, .box_h = 16, .ofs_x = 0, .ofs_y = -2},
    {.bitmap_index = 97917, .adv_w = 256, .box_w = 16, .box_h = 16, .ofs_x = 0, .ofs_y = -2},
    {.bitmap_index = 98015, .adv_w = 256, .box_w = 16, .box_h = 16, .ofs_x = 0, .ofs_y = -2},
    {.bitmap_index = 98122, .adv_w = 256, .box_w = 16, .box_h = 15, .ofs_x = 0, .ofs_y = -2},
    {.bitmap_index = 98227, .adv_w = 256, .box_w = 16, .box_h = 16, .ofs_x = 0, .ofs_y = -2},
    {.bitmap_index = 98327, .adv_w = 256, .box_w = 16, .box_h = 16, .ofs_x = 0, .ofs_y = -2},
    {.bitmap_index = 98437, .adv_w = 256, .box_w = 16, .box_h = 16, .ofs_x = 0, .ofs_y = -2},
    {.bitmap_index = 98543, .adv_w = 256, .box_w = 16, .box_h = 16, .ofs_x = 0, .ofs_y = -2},
    {.bitmap_index = 98640, .adv_w = 256, .box_w = 16, .box_h = 16, .ofs_x = 0, .ofs_y = -2},
    {.bitmap_index = 98744, .adv_w = 256, .box_w = 16, .box_h = 16, .ofs_x = 0, .ofs_y = -2},
    {.bitmap_index = 98852, .adv_w = 256, .box_w = 16, .box_h = 16, .ofs_x = 0, .ofs_y = -2},
    {.bitmap_index = 98957, .adv_w = 256, .box_w = 16, .box_h = 15, .ofs_x = 0, .ofs_y = -2},
    {.bitmap_index = 99063, .adv_w = 256, .box_w = 16, .box_h = 16, .ofs_x = 0, .ofs_y = -2},
    {.bitmap_index = 99181, .adv_w = 256, .box_w = 16, .box_h = 15, .ofs_x = 0, .ofs_y = -2},
    {.bitmap_index = 99291, .adv_w = 256, .box_w = 16, .box_h = 16, .ofs_x = 0, .ofs_y = -2},
    {.bitmap_index = 99399, .adv_w = 256, .box_w = 16, .box_h = 15, .ofs_x = 0, .ofs_y = -2},
    {.bitmap_index = 99508, .adv_w = 256, .box_w = 16, .box_h = 15, .ofs_x = 0, .ofs_y = -2},
    {.bitmap_index = 99602, .adv_w = 256, .box_w = 16, .box_h = 15, .ofs_x = 0, .ofs_y = -2},
    {.bitmap_index = 99707, .adv_w = 256, .box_w = 16, .box_h = 16, .ofs_x = 0, .ofs_y = -2},
    {.bitmap_index = 99815, .adv_w = 256, .box_w = 16, .box_h = 16, .ofs_x = 0, .ofs_y = -2},
    {.bitmap_index = 99926, .adv_w = 256, .box_w = 16, .box_h = 16, .ofs_x = 0, .ofs_y = -2},
    {.bitmap_index = 100036, .adv_w = 256, .box_w = 16, .box_h = 16, .ofs_x = 0, .ofs_y = -2},
    {.bitmap_index = 100134, .adv_w = 256, .box_w = 16, .box_h = 16, .ofs_x = 0, .ofs_y = -2},
    {.bitmap_index = 100240, .adv_w = 256, .box_w = 16, .box_h = 15, .ofs_x = 0, .ofs_y = -2},
    {.bitmap_index = 100347, .adv_w = 256, .box_w = 16, .box_h = 16, .ofs_x = 0, .ofs_y = -2},
    {.bitmap_index = 100459, .adv_w = 256, .box_w = 16, .box_h = 15, .ofs_x = 0, .ofs_y = -2},
    {.bitmap_index = 100560, .adv_w = 256, .box_w = 16, .box_h = 16, .ofs_x = 0, .ofs_y = -2},
    {.bitmap_index = 100670, .adv_w = 256, .box_w = 16, .box_h = 15, .ofs_x = 0, .ofs_y = -2},
    {.bitmap_index = 100772, .adv_w = 256, .box_w = 16, .box_h = 16, .ofs_x = 0, .ofs_y = -2},
    {.bitmap_index = 100886, .adv_w = 256, .box_w = 16, .box_h = 15, .ofs_x = 0, .ofs_y = -2},
    {.bitmap_index = 100994, .adv_w = 256, .box_w = 16, .box_h = 16, .ofs_x = 0, .ofs_y = -2},
    {.bitmap_index = 101098, .adv_w = 256, .box_w = 16, .box_h = 16, .ofs_x = 0, .ofs_y = -2},
    {.bitmap_index = 101210, .adv_w = 256, .box_w = 16, .box_h = 16, .ofs_x = 0, .ofs_y = -2},
    {.bitmap_index = 101308, .adv_w = 256, .box_w = 16, .box_h = 14, .ofs_x = 0, .ofs_y = -1},
    {.bitmap_index = 101410, .adv_w = 256, .box_w = 16, .box_h = 15, .ofs_x = 0, .ofs_y = -1},
    {.bitmap_index = 101516, .adv_w = 256, .box_w = 16, .box_h = 15, .ofs_x = 0, .ofs_y = -1},
    {.bitmap_index = 101626, .adv_w = 256, .box_w = 16, .box_h = 14, .ofs_x = 0, .ofs_y = -1},
    {.bitmap_index = 101708, .adv_w = 256, .box_w = 16, .box_h = 15, .ofs_x = 0, .ofs_y = -1},
    {.bitmap_index = 101803, .adv_w = 256, .box_w = 16, .box_h = 14, .ofs_x = 0, .ofs_y = -1},
    {.bitmap_index = 101882, .adv_w = 256, .box_w = 16, .box_h = 14, .ofs_x = 0, .ofs_y = -1},
    {.bitmap_index = 101975, .adv_w = 256, .box_w = 16, .box_h = 14, .ofs_x = 0, .ofs_y = -1},
    {.bitmap_index = 102081, .adv_w = 256, .box_w = 16, .box_h = 15, .ofs_x = 0, .ofs_y = -1},
    {.bitmap_index = 102161, .adv_w = 256, .box_w = 15, .box_h = 15, .ofs_x = 0, .ofs_y = -1},
    {.bitmap_index = 102248, .adv_w = 256, .box_w = 16, .box_h = 16, .ofs_x = 0, .ofs_y = -2},
    {.bitmap_index = 102365, .adv_w = 256, .box_w = 16, .box_h = 14, .ofs_x = 0, .ofs_y = -1},
    {.bitmap_index = 102464, .adv_w = 256, .box_w = 16, .box_h = 16, .ofs_x = 0, .ofs_y = -2},
    {.bitmap_index = 102571, .adv_w = 256, .box_w = 16, .box_h = 14, .ofs_x = 0, .ofs_y = -1},
    {.bitmap_index = 102670, .adv_w = 256, .box_w = 16, .box_h = 16, .ofs_x = 0, .ofs_y = -2},
    {.bitmap_index = 102789, .adv_w = 256, .box_w = 16, .box_h = 16, .ofs_x = 0, .ofs_y = -2},
    {.bitmap_index = 102907, .adv_w = 256, .box_w = 16, .box_h = 15, .ofs_x = 0, .ofs_y = -2},
    {.bitmap_index = 102995, .adv_w = 256, .box_w = 16, .box_h = 15, .ofs_x = 0, .ofs_y = -2},
    {.bitmap_index = 103082, .adv_w = 256, .box_w = 14, .box_h = 15, .ofs_x = 1, .ofs_y = -2},
    {.bitmap_index = 103173, .adv_w = 256, .box_w = 14, .box_h = 15, .ofs_x = 1, .ofs_y = -2},
    {.bitmap_index = 103268, .adv_w = 256, .box_w = 14, .box_h = 15, .ofs_x = 1, .ofs_y = -2},
    {.bitmap_index = 103351, .adv_w = 256, .box_w = 14, .box_h = 15, .ofs_x = 1, .ofs_y = -2},
    {.bitmap_index = 103446, .adv_w = 256, .box_w = 14, .box_h = 15, .ofs_x = 1, .ofs_y = -2},
    {.bitmap_index = 103535, .adv_w = 256, .box_w = 14, .box_h = 15, .ofs_x = 1, .ofs_y = -2},
    {.bitmap_index = 103578, .adv_w = 256, .box_w = 14, .box_h = 15, .ofs_x = 1, .ofs_y = -1},
    {.bitmap_index = 103652, .adv_w = 256, .box_w = 14, .box_h = 16, .ofs_x = 1, .ofs_y = -2},
    {.bitmap_index = 103734, .adv_w = 256, .box_w = 14, .box_h = 15, .ofs_x = 1, .ofs_y = -1},
    {.bitmap_index = 103793, .adv_w = 256, .box_w = 14, .box_h = 15, .ofs_x = 1, .ofs_y = -1},
    {.bitmap_index = 103872, .adv_w = 256, .box_w = 14, .box_h = 15, .ofs_x = 1, .ofs_y = -1},
    {.bitmap_index = 103938, .adv_w = 256, .box_w = 15, .box_h = 16, .ofs_x = 1, .ofs_y = -2},
    {.bitmap_index = 104030, .adv_w = 256, .box_w = 15, .box_h = 16, .ofs_x = 1, .ofs_y = -2},
    {.bitmap_index = 104131, .adv_w = 256, .box_w = 14, .box_h = 16, .ofs_x = 1, .ofs_y = -2},
    {.bitmap_index = 104218, .adv_w = 256, .box_w = 15, .box_h = 15, .ofs_x = 1, .ofs_y = -1},
    {.bitmap_index = 104302, .adv_w = 256, .box_w = 15, .box_h = 16, .ofs_x = 1, .ofs_y = -2},
    {.bitmap_index = 104395, .adv_w = 256, .box_w = 14, .box_h = 15, .ofs_x = 1, .ofs_y = -1},
    {.bitmap_index = 104480, .adv_w = 256, .box_w = 15, .box_h = 15, .ofs_x = 1, .ofs_y = -1},
    {.bitmap_index = 104577, .adv_w = 256, .box_w = 15, .box_h = 15, .ofs_x = 1, .ofs_y = -1},
    {.bitmap_index = 104670, .adv_w = 256, .box_w = 15, .box_h = 15, .ofs_x = 1, .ofs_y = -1},
    {.bitmap_index = 104767, .adv_w = 256, .box_w = 15, .box_h = 15, .ofs_x = 1, .ofs_y = -1},
    {.bitmap_index = 104869, .adv_w = 256, .box_w = 15, .box_h = 16, .ofs_x = 1, .ofs_y = -2},
    {.bitmap_index = 104975, .adv_w = 256, .box_w = 15, .box_h = 16, .ofs_x = 1, .ofs_y = -2},
    {.bitmap_index = 105082, .adv_w = 256, .box_w = 15, .box_h = 16, .ofs_x = 1, .ofs_y = -2},
    {.bitmap_index = 105185, .adv_w = 256, .box_w = 14, .box_h = 15, .ofs_x = 1, .ofs_y = -1},
    {.bitmap_index = 105270, .adv_w = 256, .box_w = 15, .box_h = 16, .ofs_x = 1, .ofs_y = -2},
    {.bitmap_index = 105382, .adv_w = 256, .box_w = 15, .box_h = 15, .ofs_x = 1, .ofs_y = -1},
    {.bitmap_index = 105475, .adv_w = 256, .box_w = 16, .box_h = 15, .ofs_x = 0, .ofs_y = -1},
    {.bitmap_index = 105577, .adv_w = 256, .box_w = 16, .box_h = 14, .ofs_x = 0, .ofs_y = -1},
    {.bitmap_index = 105684, .adv_w = 256, .box_w = 16, .box_h = 14, .ofs_x = 0, .ofs_y = -1},
    {.bitmap_index = 105779, .adv_w = 256, .box_w = 15, .box_h = 14, .ofs_x = 1, .ofs_y = -1},
    {.bitmap_index = 105870, .adv_w = 256, .box_w = 15, .box_h = 15, .ofs_x = 1, .ofs_y = -2},
    {.bitmap_index = 105965, .adv_w = 256, .box_w = 16, .box_h = 16, .ofs_x = 0, .ofs_y = -2},
    {.bitmap_index = 106078, .adv_w = 256, .box_w = 16, .box_h = 15, .ofs_x = 0, .ofs_y = -2},
    {.bitmap_index = 106170, .adv_w = 256, .box_w = 16, .box_h = 14, .ofs_x = 0, .ofs_y = -1},
    {.bitmap_index = 106251, .adv_w = 256, .box_w = 16, .box_h = 14, .ofs_x = 0, .ofs_y = -1},
    {.bitmap_index = 106327, .adv_w = 256, .box_w = 16, .box_h = 15, .ofs_x = 0, .ofs_y = -1},
    {.bitmap_index = 106433, .adv_w = 256, .box_w = 16, .box_h = 15, .ofs_x = 0, .ofs_y = -2},
    {.bitmap_index = 106525, .adv_w = 256, .box_w = 16, .box_h = 15, .ofs_x = 0, .ofs_y = -2},
    {.bitmap_index = 106620, .adv_w = 256, .box_w = 16, .box_h = 16, .ofs_x = 0, .ofs_y = -2},
    {.bitmap_index = 106727, .adv_w = 256, .box_w = 16, .box_h = 15, .ofs_x = 0, .ofs_y = -2},
    {.bitmap_index = 106841, .adv_w = 256, .box_w = 16, .box_h = 16, .ofs_x = 0, .ofs_y = -2},
    {.bitmap_index = 106958, .adv_w = 256, .box_w = 15, .box_h = 15, .ofs_x = 0, .ofs_y = -2},
    {.bitmap_index = 107032, .adv_w = 256, .box_w = 16, .box_h = 15, .ofs_x = 0, .ofs_y = -2},
    {.bitmap_index = 107110, .adv_w = 256, .box_w = 16, .box_h = 15, .ofs_x = 0, .ofs_y = -2},
    {.bitmap_index = 107197, .adv_w = 256, .box_w = 16, .box_h = 16, .ofs_x = 0, .ofs_y = -2},
    {.bitmap_index = 107308, .adv_w = 256, .box_w = 16, .box_h = 16, .ofs_x = 0, .ofs_y = -2},
    {.bitmap_index = 107414, .adv_w = 256, .box_w = 16, .box_h = 15, .ofs_x = 0, .ofs_y = -2},
    {.bitmap_index = 107529, .adv_w = 256, .box_w = 16, .box_h = 15, .ofs_x = 0, .ofs_y = -2},
    {.bitmap_index = 107638, .adv_w = 256, .box_w = 16, .box_h = 17, .ofs_x = 0, .ofs_y = -2},
    {.bitmap_index = 107754, .adv_w = 256, .box_w = 16, .box_h = 16, .ofs_x = 0, .ofs_y = -2},
    {.bitmap_index = 107872, .adv_w = 256, .box_w = 16, .box_h = 15, .ofs_x = 0, .ofs_y = -2},
    {.bitmap_index = 107973, .adv_w = 256, .box_w = 16, .box_h = 15, .ofs_x = 0, .ofs_y = -2},
    {.bitmap_index = 108068, .adv_w = 256, .box_w = 15, .box_h = 14, .ofs_x = 1, .ofs_y = -1},
    {.bitmap_index = 108138, .adv_w = 256, .box_w = 16, .box_h = 16, .ofs_x = 0, .ofs_y = -2},
    {.bitmap_index = 108246, .adv_w = 256, .box_w = 16, .box_h = 15, .ofs_x = 0, .ofs_y = -1},
    {.bitmap_index = 108328, .adv_w = 256, .box_w = 15, .box_h = 16, .ofs_x = 0, .ofs_y = -2},
    {.bitmap_index = 108406, .adv_w = 256, .box_w = 16, .box_h = 16, .ofs_x = 0, .ofs_y = -2},
    {.bitmap_index = 108519, .adv_w = 256, .box_w = 16, .box_h = 15, .ofs_x = 0, .ofs_y = -2},
    {.bitmap_index = 108628, .adv_w = 256, .box_w = 16, .box_h = 16, .ofs_x = 0, .ofs_y = -2},
    {.bitmap_index = 108746, .adv_w = 256, .box_w = 16, .box_h = 14, .ofs_x = 0, .ofs_y = -1},
    {.bitmap_index = 108860, .adv_w = 256, .box_w = 14, .box_h = 14, .ofs_x = 1, .ofs_y = -1},
    {.bitmap_index = 108928, .adv_w = 256, .box_w = 16, .box_h = 15, .ofs_x = 0, .ofs_y = -2},
    {.bitmap_index = 109028, .adv_w = 256, .box_w = 16, .box_h = 15, .ofs_x = 0, .ofs_y = -2},
    {.bitmap_index = 109142, .adv_w = 256, .box_w = 16, .box_h = 14, .ofs_x = 0, .ofs_y = -1},
    {.bitmap_index = 109221, .adv_w = 256, .box_w = 16, .box_h = 16, .ofs_x = 0, .ofs_y = -2},
    {.bitmap_index = 109323, .adv_w = 256, .box_w = 3, .box_h = 13, .ofs_x = 6, .ofs_y = -1},
    {.bitmap_index = 109342, .adv_w = 256, .box_w = 5, .box_h = 16, .ofs_x = 11, .ofs_y = -2},
    {.bitmap_index = 109379, .adv_w = 256, .box_w = 5, .box_h = 16, .ofs_x = 0, .ofs_y = -2},
    {.bitmap_index = 109417, .adv_w = 256, .box_w = 4, .box_h = 6, .ofs_x = 2, .ofs_y = -2},
    {.bitmap_index = 109430, .adv_w = 256, .box_w = 4, .box_h = 12, .ofs_x = 6, .ofs_y = 0},
    {.bitmap_index = 109448, .adv_w = 256, .box_w = 4, .box_h = 14, .ofs_x = 6, .ofs_y = -2},
    {.bitmap_index = 109472, .adv_w = 256, .box_w = 8, .box_h = 14, .ofs_x = 4, .ofs_y = -1}
};

/*---------------------
 *  CHARACTER MAPPING
 *--------------------*/

static const uint16_t unicode_list_0[] = {
    0x0, 0x1, 0x4, 0xb, 0xc, 0x1b, 0x41, 0x43,
    0x45, 0x47
};

static const uint8_t glyph_id_ofs_list_2[] = {
    0, 0, 1, 2, 3, 0, 4, 5,
    6, 7, 8, 9, 10, 11, 12, 0,
    0, 13, 14, 15, 0, 0, 0, 0,
    0, 16, 0, 17, 18, 0, 19, 0,
    0, 20, 21, 0, 22, 23, 0, 24,
    0, 0, 25, 26, 27, 28, 29, 30,
    31, 0, 32, 0, 0, 33, 34, 0,
    0, 0, 0, 0, 0, 0, 0, 0,
    0, 0, 0, 0, 35, 36, 37, 38,
    0, 39, 40, 41, 42, 43, 44, 45,
    46, 47, 48, 49, 50, 51, 52, 53,
    54, 55, 56, 57, 58, 59, 60, 0,
    61, 62, 63, 64, 65, 0, 66, 67,
    0, 68, 69, 70, 71, 72, 73
};

static const uint16_t unicode_list_4[] = {
    0x0, 0x1, 0x2, 0x3, 0x4, 0x6, 0xa, 0x12,
    0x13, 0x1d17, 0x1d20, 0x1d21, 0x1d22, 0x1d24, 0x1d25, 0x1d2a,
    0x1d2b, 0x1d31, 0x1d34, 0x1d38, 0x1d39, 0x1d3b, 0x1d3c, 0x1d3d,
    0x1d41, 0x1d44, 0x1d4b, 0x1d4f, 0x1d51, 0x1d52, 0x1d60, 0x1d62,
    0x1d76, 0x1d95, 0x1d9d, 0x1d9f, 0x1da2, 0x1da3, 0x1da5, 0x1da9,
    0x1dab, 0x1db2, 0x1dbb, 0x1dc2, 0x1dc5, 0x1dd1, 0x1ddc, 0x1de1,
    0x1de2, 0x1de4, 0x1de5, 0x1dea, 0x1ded, 0x1def, 0x1dfa, 0x1dfb,
    0x1dfc, 0x1e03, 0x1e0d, 0x1e0e, 0x1e12, 0x1e14, 0x1e28, 0x1e2f,
    0x1e31, 0x1e34, 0x1e37, 0x1e41, 0x1e47, 0x1e53, 0x1e5d, 0x1e64,
    0x1e65, 0x1e66, 0x1e6a, 0x1e6c, 0x1e70, 0x1e73, 0x1e8a, 0x1e96,
    0x1ea2, 0x1eb2, 0x1eb4, 0x1eb8, 0x1ebe, 0x1ed6, 0x1ef4, 0x1ef8,
    0x1f05, 0x1f22, 0x1f30, 0x1f3b, 0x1f53, 0x1f55, 0x1f66, 0x1f73,
    0x1f8b, 0x1f96, 0x1fb0, 0x1fd5, 0x1fe4, 0x1fe6, 0x2041, 0x2058,
    0x205a, 0x205c, 0x205f, 0x2060, 0x2062, 0x207c, 0x207f, 0x2083,
    0x2084, 0x2088, 0x208a, 0x208d, 0x208e, 0x2093, 0x209c, 0x209d,
    0x20a4, 0x20b0, 0x20c9, 0x20ca, 0x20cc, 0x20ce, 0x20d2, 0x20d7,
    0x20dd, 0x20e6, 0x20e8, 0x20f7, 0x20fd, 0x2104, 0x2111, 0x2112,
    0x2117, 0x211d, 0x211e, 0x212e, 0x2130, 0x2131, 0x2132, 0x2134,
    0x2137, 0x213c, 0x2140, 0x2142, 0x2147, 0x214d, 0x214e, 0x2152,
    0x2159, 0x2161, 0x2164, 0x217b, 0x2180, 0x2181, 0x2189, 0x21b2,
    0x21b6, 0x21b7, 0x21b8, 0x21bf, 0x21c0, 0x21d0, 0x21d6, 0x21ec,
    0x2216, 0x221c, 0x222d, 0x2250, 0x2251, 0x2256, 0x2258, 0x225e,
    0x226b, 0x226c, 0x226e, 0x226f, 0x2278, 0x2287, 0x2288, 0x228a,
    0x228b, 0x228e, 0x228f, 0x2299, 0x229d, 0x22a2, 0x22b1, 0x22b6,
    0x22d9, 0x22e1, 0x22e4, 0x22e5, 0x22e8, 0x22ed, 0x22ee, 0x22ef,
    0x22fa, 0x22fb, 0x22fd, 0x2301, 0x2306, 0x2307, 0x2309, 0x230e,
    0x231b, 0x231f, 0x2323, 0x2324, 0x2325, 0x2328, 0x232e, 0x233d,
    0x2342, 0x2343, 0x2346, 0x2361, 0x237f, 0x238a, 0x2394, 0x23a3,
    0x23d8, 0x23e4, 0x243b, 0x245d, 0x2466, 0x249b, 0x24b3, 0x24ce,
    0x254b, 0x257f, 0x2581, 0x25e1, 0x25f2, 0x25f5, 0x25f7, 0x2609,
    0x260a, 0x260b, 0x2611, 0x2615, 0x261d, 0x261f, 0x2636, 0x263e,
    0x263f, 0x2647, 0x2657, 0x265e, 0x2666, 0x266e, 0x2699, 0x26a2,
    0x26f6, 0x2711, 0x2748, 0x274b, 0x274c, 0x276b, 0x276e, 0x2775,
    0x2782, 0x279a, 0x27ae, 0x27b5, 0x2807, 0x281b, 0x281e, 0x2820,
    0x2824, 0x282d, 0x2831, 0x283e, 0x2840, 0x2841, 0x2845, 0x2848,
    0x284b, 0x287f, 0x2894, 0x2899, 0x28b0, 0x28e2, 0x2a67, 0x2a6e,
    0x2a6f, 0x2a7d, 0x2aa0, 0x2aa3, 0x2aa6, 0x2ab1, 0x2ab5, 0x2ab6,
    0x2abb, 0x2ad0, 0x2ad4, 0x2add, 0x2af6, 0x2b0f, 0x2b10, 0x2b13,
    0x2b15, 0x2b18, 0x2b19, 0x2b1b, 0x2b1d, 0x2b26, 0x2b28, 0x2b2d,
    0x2b31, 0x2b34, 0x2b48, 0x2b51, 0x2b53, 0x2b54, 0x2b57, 0x2b59,
    0x2b66, 0x2b6c, 0x2b75, 0x2b7c, 0x2c07, 0x2c40, 0x2cfc, 0x2cfe,
    0x2d05, 0x2d09, 0x2d12, 0x2d1a, 0x2d23, 0x2d3d, 0x2d3e, 0x2d45,
    0x2d4f, 0x2d5c, 0x2d6c, 0x2d89, 0x2d8a, 0x2d8b, 0x2d8d, 0x2da1,
    0x2da6, 0x2daa, 0x2dab, 0x2dac, 0x2dbd, 0x2dbe, 0x2dc2, 0x2e0d,
    0x2e11, 0x2e17, 0x2e19, 0x2e1a, 0x2e26, 0x2e2c, 0x2e32, 0x2e37,
    0x2e46, 0x2e4c, 0x2e4e, 0x2e50, 0x2e51, 0x2e69, 0x2e6a, 0x2e6c,
    0x2e79, 0x2e88, 0x2e90, 0x2e9b, 0x2e9c, 0x2e9f, 0x2ea3, 0x2eaa,
    0x2eae, 0x2eb8, 0x2ec0, 0x2ec1, 0x2ec5, 0x2ed0, 0x2eda, 0x2edc,
    0x2eee, 0x2eef, 0x2ef0, 0x2ef3, 0x2f02, 0x2f14, 0x2f18, 0x2f3c,
    0x2f3e, 0x2f52, 0x2f79, 0x2f86, 0x2fbf, 0x2fdc, 0x300a, 0x3026,
    0x3036, 0x3062, 0x3085, 0x3127, 0x3128, 0x312d, 0x3152, 0x3157,
    0x3158, 0x315e, 0x3162, 0x3164, 0x316a, 0x317e, 0x3180, 0x3182,
    0x3183, 0x3187, 0x318a, 0x3190, 0x3195, 0x3196, 0x3197, 0x31a1,
    0x31a8, 0x31ad, 0x31ae, 0x31b5, 0x31bb, 0x31bc, 0x31c3, 0x31cc,
    0x31d3, 0x31d4, 0x31e0, 0x31e4, 0x31e9, 0x31f6, 0x31f8, 0x31fe,
    0x3200, 0x3204, 0x3218, 0x321e, 0x3220, 0x323b, 0x3246, 0x3256,
    0x325d, 0x326c, 0x326e, 0x3276, 0x3279, 0x3285, 0x328e, 0x329a,
    0x32a9, 0x32b9, 0x32bc, 0x32be, 0x32bf, 0x32e6, 0x32e7, 0x32e9,
    0x32f2, 0x330b, 0x3324, 0x3333, 0x3344, 0x3351, 0x335b, 0x336f,
    0x3380, 0x338f, 0x33bb, 0x33c4, 0x33c5, 0x33e4, 0x33fd, 0x3446,
    0x344d, 0x3450, 0x3455, 0x345c, 0x345f, 0x3466, 0x346e, 0x3470,
    0x3487, 0x348b, 0x349e, 0x34b0, 0x34b3, 0x34c4, 0x34c7, 0x34d0,
    0x34d4, 0x34d8, 0x34e2, 0x34f7, 0x34f9, 0x34fc, 0x34fe, 0x3500,
    0x350d, 0x3525, 0x352a, 0x3536, 0x3537, 0x3546, 0x3555, 0x3559,
    0x3586, 0x3591, 0x3599, 0x35ae, 0x35cb, 0x3609, 0x360b, 0x360f,
    0x3616, 0x3617, 0x361f, 0x3620, 0x3624, 0x3632, 0x3636, 0x363f,
    0x3641, 0x3643, 0x3651, 0x365a, 0x3667, 0x3676, 0x3678, 0x367c,
    0x3695, 0x3696, 0x3698, 0x369b, 0x36a7, 0x36b1, 0x36b3, 0x36cd,
    0x36e7, 0x36ea, 0x36eb, 0x36fc, 0x371c, 0x371e, 0x3726, 0x3738,
    0x374e, 0x374f, 0x3750, 0x3753, 0x3758, 0x375d, 0x377a, 0x377c,
    0x37c7, 0x37d7, 0x37db, 0x37f1, 0x3833, 0x3899, 0x38e2, 0x3914,
    0x3930, 0x3938, 0x3940, 0x3976, 0x3a38, 0x3a39, 0x3a79, 0x3a7a,
    0x3a7b, 0x3a7c, 0x3a8b, 0x3a92, 0x3aa2, 0x3acc, 0x3ae6, 0x3aeb,
    0x3b02, 0x3b2b, 0x3b2e, 0x3b4b, 0x3b59, 0x3b65, 0x3b77, 0x3b91,
    0x3bb8, 0x3bb9, 0x3bd8, 0x3bec, 0x3bf8, 0x3bf9, 0x3bff, 0x3c14,
    0x3c18, 0x3c2e, 0x3c52, 0x3c58, 0x3c5c, 0x3c62, 0x3c66, 0x3c85,
    0x3c8f, 0x3c9f, 0x3cb6, 0x3d08, 0x3d12, 0x3d1c, 0x3d1f, 0x3d20,
    0x3d32, 0x3d37, 0x3d40, 0x3d43, 0x3d49, 0x3d4f, 0x3d96, 0x3d97,
    0x3d9a, 0x3da7, 0x3dad, 0x3db9, 0x3dc6, 0x3ddc, 0x3de8, 0x3df1,
    0x3df8, 0x3dfb, 0x3e09, 0x3e41, 0x3e42, 0x3ed7, 0x3f82, 0x3f84,
    0x3f86, 0x3f87, 0x3f8c, 0x3fc4, 0x3fd0, 0x3fd8, 0x3fef, 0x3ffb,
    0x4004, 0x4038, 0x404d, 0x407e, 0x409b, 0x40c8, 0x40fc, 0x415e,
    0x415f, 0x4170, 0x4180, 0x4190, 0x41cd, 0x4203, 0x429e, 0x42c6,
    0x42c7, 0x4315, 0x431d, 0x436c, 0x43c7, 0x4436, 0x443f, 0x4448,
    0x444c, 0x4452, 0x4463, 0x4470, 0x447c, 0x4481, 0x4487, 0x44a8,
    0x44cc, 0x4591, 0x4592, 0x4594, 0x459b, 0x45c5, 0x45e8, 0x45e9,
    0x45ed, 0x45ef, 0x45fa, 0x4605, 0x460b, 0x460f, 0x4618, 0x4622,
    0x4637, 0x4657, 0x46fc, 0x4704, 0x4718, 0x474b, 0x4783, 0x4785,
    0x47a3, 0x47c7, 0x47d1, 0x47d8, 0x4851, 0x4855, 0x4898, 0x48d2,
    0x48d7, 0x48d8, 0x48e9, 0x4907, 0x4912, 0x4922, 0x4924, 0x4945,
    0x494a, 0x4953, 0x4991, 0x49e2, 0x49f0, 0x4a06, 0x4a3d, 0x4a43,
    0x4a60, 0x4a6b, 0x4a72, 0x4a95, 0x4a97, 0x4aae, 0x4ab8, 0x4ac8,
    0x4ad7, 0x4adb, 0x4ae0, 0x4b38, 0x4b8a, 0x4b92, 0x4bae, 0x4bd5,
    0x4c12, 0x4c1b, 0x4c22, 0x4c24, 0x4c30, 0x4c37, 0x4c39, 0x4c3e,
    0x4c46, 0x4c47, 0x4c59, 0x4c63, 0x4c67, 0x4c7d, 0x4c88, 0x4cb0,
    0x4cb1, 0x4cc4, 0x4ce1, 0x4ce6, 0x4cf1, 0x4cf7, 0x4cff, 0x4d00,
    0x4d45, 0x4d58, 0x4d87, 0x4dbd, 0x4dbe, 0x4dcf, 0x4dd0, 0x4dd6,
    0x4ddb, 0x4ddd, 0x4ddf, 0x4de6, 0x4de8, 0x4dea, 0x4def, 0x4df3,
    0x4df4, 0x4df6, 0x4dfe, 0x4e01, 0x4e04, 0x4e0b, 0x4e2a, 0x4e2d,
    0x4e2f, 0x4e40, 0x4e51, 0x4e68, 0x4e85, 0x4e89, 0x4ec0, 0x4f12,
    0x4f1a, 0x4f1c, 0x4f23, 0x4f2e, 0x4f6b, 0x4f8b, 0x4fd7, 0x4fe3,
    0x500d, 0x5014, 0x5031, 0x506b, 0x50bf, 0x5101, 0x510a, 0x510b,
    0x5129, 0x5141, 0x514c, 0x5186, 0x5189, 0x5199, 0x521a, 0x5267,
    0x5278, 0x528e, 0x52ce, 0x5354, 0x53f4, 0x544c, 0x54e6, 0x5568,
    0x5571, 0x56d1, 0x5763, 0x5778, 0x577c, 0x577f, 0x5787, 0x57c2,
    0x57dc, 0x57f3, 0x5814, 0x581e, 0x5898, 0x589d, 0x58a2, 0x58a6,
    0x58ad, 0x58b1, 0x58be, 0x58ca, 0x58d8, 0x58d9, 0x58dd, 0x58df,
    0x58e0, 0x58e9, 0x58fa, 0x58fd, 0x5917, 0x591f, 0x592f, 0x5944,
    0x5948, 0x5951, 0x5953, 0x597d, 0x5987, 0x598a, 0x59a4, 0x59b5,
    0x59bb, 0x59c3, 0x59c4, 0x59d6, 0x5a6f, 0x5a7d, 0x5a8e, 0x5ab8,
    0x5abb, 0x5abf, 0x5ac0, 0x5ac5, 0x5ac7, 0x5acf, 0x5ad1, 0x5ad5,
    0x5ad6, 0x5ad8, 0x5add, 0x5ae0, 0x5ae1, 0x5aec, 0x5af4, 0x5af9,
    0x5afc, 0x5afd, 0x5b04, 0x5b06, 0x5b0b, 0x5b0e, 0x5b12, 0x5b1a,
    0x5b39, 0x5b78, 0x5bc2, 0x5bde, 0x5c01, 0x5c3c, 0x5c3e, 0x5c3f,
    0x5c4b, 0x5c5b, 0x5c87, 0x5c8e, 0x5c9c, 0x5ca1, 0x5ca2, 0x5cca,
    0x5cf4, 0x5cf6, 0x5cf8, 0x5d06, 0x5d0a, 0x5d41, 0x5dc2, 0x5df9,
    0x5e0f, 0x5e14, 0x5e1a, 0x5e20, 0x5e83, 0x5e85, 0x5e86, 0x5e8b,
    0x5e92, 0x5e94, 0x5e9a, 0x5e9c, 0x5ea8, 0x5eaa, 0x5ebf, 0x5ed0,
    0x5ed3, 0x5ed5, 0x5ede, 0x5ee5, 0x5ee7, 0x5ee8, 0x5eeb, 0x5eef,
    0x5ef0, 0x5ef2, 0x5ef3, 0x5ef5, 0x5f07, 0x5f14, 0x5f17, 0x5f18,
    0x5f19, 0x5f20, 0x5f26, 0x5f2b, 0x5f31, 0x5f36, 0x5f37, 0x5f3a,
    0x5f48, 0x5f49, 0x5f5e, 0x5f65, 0x5f6a, 0x5f6b, 0x5f6c, 0x5f77,
    0x5f7c, 0x5f80, 0x5f8f, 0x5fba, 0x5fff, 0x6014, 0x6064, 0x60a9,
    0x60de, 0x60e1, 0x60e3, 0x60e4, 0x60e6, 0x60e8, 0x6249, 0x639f,
    0x63b6, 0x63c5, 0x6417, 0x6418, 0x6430, 0x6445, 0x6473, 0x648e,
    0x6496, 0x64a0, 0x64a2, 0x64aa, 0x64b9, 0x64c9, 0x64ff, 0x6501,
    0x6504, 0x6505, 0x6509, 0x650b, 0x6536, 0x6549, 0x654b, 0x6552,
    0x655b, 0x655c, 0x6564, 0x6567, 0x657b, 0x6580, 0x6591, 0x65a6,
    0x65a7, 0x65ab, 0x65b2, 0x65b3, 0x65dd, 0x65f9, 0x660d, 0x6612,
    0x6617, 0x6670, 0x6675, 0x6679, 0x670a, 0x6716, 0x671c, 0x671d,
    0x671f, 0x6763, 0x6775, 0x678c, 0x678d, 0x6790, 0x6792, 0x679b,
    0x67a8, 0x67af, 0x67b3, 0x67b4, 0x67bf, 0x67e5, 0x67f5, 0x689f,
    0x68ad, 0x6983, 0x6988, 0x698d, 0x69a3, 0x69bb, 0x69ef, 0x6de8,
    0x6def, 0x6e96, 0x6eb0, 0xce18, 0xce1f, 0xce20, 0xce23, 0xce31,
    0xce32, 0xce36
};

/*Collect the unicode lists and glyph_id offsets*/
static const lv_font_fmt_txt_cmap_t cmaps[] =
{
    {
        .range_start = 12289, .range_length = 72, .glyph_id_start = 1,
        .unicode_list = unicode_list_0, .glyph_id_ofs_list = NULL, .list_length = 10, .type = LV_FONT_FMT_TXT_CMAP_SPARSE_TINY
    },
    {
        .range_start = 12362, .range_length = 18, .glyph_id_start = 11,
        .unicode_list = NULL, .glyph_id_ofs_list = NULL, .list_length = 0, .type = LV_FONT_FMT_TXT_CMAP_FORMAT0_TINY
    },
    {
        .range_start = 12381, .range_length = 111, .glyph_id_start = 29,
        .unicode_list = NULL, .glyph_id_ofs_list = glyph_id_ofs_list_2, .list_length = 111, .type = LV_FONT_FMT_TXT_CMAP_FORMAT0_FULL
    },
    {
        .range_start = 12493, .range_length = 27, .glyph_id_start = 103,
        .unicode_list = NULL, .glyph_id_ofs_list = NULL, .list_length = 0, .type = LV_FONT_FMT_TXT_CMAP_FORMAT0_TINY
    },
    {
        .range_start = 12521, .range_length = 52791, .glyph_id_start = 130,
        .unicode_list = unicode_list_4, .glyph_id_ofs_list = NULL, .list_length = 1074, .type = LV_FONT_FMT_TXT_CMAP_SPARSE_TINY
    }
};

/*-----------------
 *    KERNING
 *----------------*/


/*Pair left and right glyphs for kerning*/
static const uint16_t kern_pair_glyph_ids[] =
{
    7, 36,
    7, 37,
    7, 90,
    7, 91,
    7, 111,
    8, 36,
    8, 37,
    8, 55,
    9, 2,
    9, 111,
    9, 112,
    9, 113,
    9, 1200,
    10, 14,
    10, 15,
    10, 16,
    10, 17,
    10, 34,
    10, 35,
    10, 36,
    10, 37,
    10, 46,
    10, 47,
    10, 58,
    10, 83,
    10, 111,
    10, 112,
    10, 114,
    10, 115,
    10, 116,
    12, 1,
    12, 2,
    12, 43,
    12, 55,
    12, 1200,
    13, 1,
    13, 2,
    13, 55,
    13, 1200,
    14, 1,
    14, 2,
    14, 9,
    14, 33,
    14, 58,
    14, 1200,
    15, 1,
    15, 2,
    15, 16,
    15, 17,
    15, 33,
    15, 54,
    15, 1200,
    16, 9,
    16, 36,
    16, 37,
    16, 50,
    16, 58,
    16, 1200,
    17, 1,
    17, 9,
    17, 36,
    17, 37,
    17, 50,
    17, 58,
    17, 1200,
    18, 1,
    18, 2,
    18, 1200,
    19, 1,
    19, 2,
    19, 1200,
    20, 1,
    20, 26,
    20, 27,
    20, 33,
    20, 1200,
    21, 26,
    21, 27,
    21, 36,
    21, 37,
    21, 1200,
    23, 55,
    24, 26,
    24, 27,
    24, 34,
    24, 35,
    24, 36,
    24, 37,
    24, 53,
    24, 83,
    26, 1,
    26, 2,
    26, 33,
    26, 36,
    26, 37,
    26, 45,
    26, 46,
    26, 47,
    26, 77,
    26, 104,
    26, 114,
    26, 115,
    26, 116,
    26, 1200,
    27, 1,
    27, 2,
    27, 31,
    27, 46,
    27, 47,
    27, 104,
    27, 114,
    27, 115,
    27, 116,
    27, 1200,
    29, 1200,
    30, 49,
    30, 60,
    30, 1200,
    31, 1,
    31, 2,
    31, 49,
    31, 60,
    31, 1200,
    33, 36,
    33, 42,
    34, 1,
    34, 2,
    34, 1200,
    35, 1,
    35, 2,
    35, 1200,
    36, 1,
    36, 2,
    36, 7,
    36, 11,
    36, 14,
    36, 15,
    36, 16,
    36, 17,
    36, 29,
    36, 33,
    36, 34,
    36, 35,
    36, 43,
    36, 44,
    36, 49,
    36, 52,
    36, 62,
    36, 1200,
    37, 1,
    37, 2,
    37, 7,
    37, 17,
    37, 1200,
    38, 1,
    38, 16,
    38, 26,
    38, 27,
    38, 29,
    38, 33,
    38, 34,
    38, 35,
    38, 36,
    38, 37,
    38, 40,
    38, 42,
    38, 46,
    38, 47,
    38, 1200,
    39, 1,
    39, 2,
    39, 14,
    39, 15,
    39, 16,
    39, 17,
    39, 20,
    39, 21,
    39, 22,
    39, 23,
    39, 29,
    39, 34,
    39, 35,
    39, 36,
    39, 37,
    39, 40,
    39, 46,
    39, 47,
    39, 50,
    39, 1200,
    41, 1,
    41, 13,
    41, 16,
    41, 17,
    41, 20,
    41, 21,
    41, 22,
    41, 23,
    41, 26,
    41, 27,
    41, 29,
    41, 1200,
    42, 14,
    42, 1200,
    43, 30,
    43, 31,
    44, 12,
    45, 32,
    45, 1200,
    46, 36,
    46, 37,
    46, 38,
    46, 39,
    46, 1200,
    47, 36,
    47, 37,
    47, 39,
    47, 1200,
    49, 1,
    49, 2,
    49, 28,
    49, 33,
    49, 1200,
    50, 1200,
    51, 1200,
    52, 1,
    52, 8,
    52, 9,
    52, 29,
    52, 34,
    52, 36,
    52, 37,
    52, 38,
    52, 39,
    52, 1200,
    53, 1,
    53, 2,
    53, 1200,
    55, 33,
    55, 57,
    55, 58,
    56, 26,
    56, 27,
    56, 28,
    56, 36,
    56, 37,
    56, 1200,
    57, 1,
    57, 2,
    57, 34,
    57, 1200,
    58, 34,
    58, 35,
    58, 96,
    58, 120,
    59, 1,
    59, 2,
    59, 34,
    59, 35,
    59, 36,
    59, 37,
    59, 45,
    61, 59,
    63, 26,
    63, 36,
    63, 37,
    63, 39,
    64, 1,
    64, 2,
    64, 1200,
    65, 1,
    65, 2,
    65, 38,
    65, 39,
    65, 45,
    65, 67,
    65, 77,
    65, 78,
    65, 85,
    65, 86,
    65, 89,
    65, 94,
    65, 101,
    65, 102,
    65, 104,
    65, 105,
    65, 106,
    65, 107,
    65, 114,
    65, 115,
    65, 116,
    65, 121,
    65, 122,
    65, 123,
    65, 132,
    65, 136,
    65, 138,
    65, 1200,
    67, 1,
    67, 2,
    67, 45,
    67, 70,
    67, 77,
    67, 78,
    67, 87,
    67, 88,
    67, 92,
    67, 93,
    67, 97,
    67, 101,
    67, 105,
    67, 106,
    67, 107,
    67, 122,
    67, 126,
    67, 128,
    68, 1,
    68, 2,
    71, 1,
    71, 2,
    71, 1200,
    72, 1,
    72, 2,
    72, 77,
    72, 78,
    72, 122,
    72, 1200,
    73, 1,
    73, 1200,
    74, 1,
    74, 1200,
    75, 1,
    75, 2,
    75, 87,
    75, 104,
    75, 136,
    75, 1200,
    76, 1,
    76, 2,
    76, 104,
    76, 1200,
    77, 1,
    77, 2,
    77, 69,
    77, 77,
    77, 78,
    77, 87,
    77, 88,
    77, 92,
    77, 93,
    77, 104,
    77, 105,
    77, 106,
    77, 107,
    77, 122,
    77, 123,
    77, 132,
    77, 137,
    77, 1200,
    78, 1,
    78, 2,
    78, 77,
    78, 78,
    78, 91,
    78, 104,
    78, 122,
    78, 1200,
    79, 1,
    79, 2,
    79, 67,
    79, 97,
    79, 98,
    79, 104,
    79, 105,
    79, 106,
    79, 107,
    79, 114,
    79, 115,
    79, 116,
    79, 121,
    79, 122,
    79, 123,
    79, 133,
    79, 136,
    79, 1200,
    80, 1,
    80, 2,
    80, 66,
    80, 67,
    80, 69,
    80, 104,
    80, 105,
    80, 106,
    80, 107,
    80, 121,
    80, 122,
    80, 123,
    80, 1200,
    81, 68,
    82, 87,
    82, 88,
    83, 1,
    83, 2,
    83, 87,
    83, 104,
    83, 105,
    83, 106,
    83, 107,
    83, 122,
    83, 1200,
    84, 1,
    84, 2,
    84, 87,
    84, 104,
    84, 122,
    84, 1200,
    85, 1,
    85, 2,
    85, 105,
    85, 106,
    85, 107,
    85, 1200,
    86, 1,
    86, 2,
    86, 92,
    86, 93,
    86, 104,
    86, 105,
    86, 106,
    86, 107,
    86, 125,
    86, 127,
    86, 1200,
    87, 114,
    87, 115,
    87, 116,
    87, 120,
    89, 114,
    89, 123,
    90, 1,
    90, 2,
    90, 104,
    90, 122,
    90, 1200,
    91, 1,
    91, 2,
    91, 104,
    91, 1200,
    92, 1,
    92, 2,
    92, 104,
    92, 123,
    92, 1200,
    93, 1,
    93, 2,
    93, 85,
    93, 86,
    93, 104,
    93, 123,
    93, 1200,
    94, 1,
    94, 2,
    94, 104,
    94, 122,
    94, 125,
    94, 1200,
    95, 1,
    95, 2,
    95, 1200,
    96, 1,
    96, 2,
    96, 122,
    96, 1200,
    97, 1,
    97, 2,
    97, 66,
    97, 104,
    97, 105,
    97, 122,
    97, 1200,
    98, 1,
    98, 2,
    98, 66,
    98, 122,
    98, 1200,
    99, 1,
    99, 2,
    99, 1200,
    100, 1,
    100, 2,
    100, 104,
    100, 1200,
    101, 1,
    101, 2,
    101, 104,
    101, 122,
    101, 1200,
    103, 81,
    103, 82,
    104, 1,
    104, 2,
    104, 64,
    104, 66,
    104, 69,
    104, 71,
    104, 92,
    104, 95,
    104, 127,
    105, 67,
    105, 99,
    106, 99,
    106, 100,
    106, 136,
    106, 1200,
    107, 99,
    107, 100,
    107, 136,
    109, 66,
    111, 1,
    111, 2,
    111, 66,
    111, 80,
    111, 122,
    111, 136,
    111, 1200,
    112, 1,
    112, 2,
    112, 66,
    112, 1200,
    113, 1,
    113, 2,
    113, 66,
    113, 127,
    113, 1200,
    115, 87,
    115, 88,
    120, 1,
    120, 2,
    120, 104,
    120, 1200,
    122, 111,
    122, 112,
    122, 113,
    122, 130,
    123, 1200,
    125, 1,
    125, 2,
    126, 1,
    126, 2,
    126, 67,
    126, 104,
    126, 105,
    126, 106,
    126, 107,
    126, 122,
    126, 123,
    126, 1200,
    127, 1,
    127, 65,
    127, 133,
    130, 1,
    130, 2,
    130, 85,
    130, 86,
    130, 87,
    130, 88,
    130, 104,
    130, 105,
    130, 106,
    130, 107,
    130, 122,
    130, 123,
    130, 1200,
    131, 1,
    131, 2,
    131, 1200,
    132, 73,
    132, 74,
    132, 81,
    132, 82,
    132, 122,
    132, 136,
    133, 122,
    135, 1,
    135, 2,
    135, 66,
    135, 104,
    135, 105,
    135, 106,
    135, 107,
    135, 1200,
    136, 1,
    136, 2,
    136, 87,
    136, 88,
    136, 103,
    136, 104,
    136, 111,
    136, 112,
    136, 113,
    136, 122,
    136, 123,
    136, 1200,
    138, 1,
    138, 2,
    138, 36,
    138, 37,
    138, 45,
    138, 65,
    138, 66,
    138, 83,
    138, 84,
    138, 85,
    138, 86,
    138, 87,
    138, 88,
    138, 96,
    138, 104,
    138, 105,
    138, 106,
    138, 107,
    138, 111,
    138, 112,
    138, 113,
    138, 122,
    138, 123,
    138, 136
};

/* Kerning between the respective left and right glyphs
 * 4.4 format which needs to scaled with `kern_scale`*/
static const int8_t kern_pair_values[] =
{
    -5, -5, -3, -3, -5, -8, -8, -5,
    -15, -5, -5, -5, -26, -8, -8, -8,
    -8, -8, -8, -13, -8, -18, -18, -8,
    -8, -5, -5, -5, -5, -5, -5, -5,
    -10, -13, -15, -5, -5, -13, -15, -18,
    -13, -5, -10, -5, -8, -13, -13, 5,
    5, -10, -13, -15, -5, -8, -8, 10,
    -5, -8, -8, -5, 3, 3, 8, -5,
    -13, -13, -13, -13, -18, -13, -26, -5,
    -5, -5, -18, -13, 3, 3, 3, 3,
    3, -10, -5, -5, -15, -15, -8, -8,
    -3, -5, -20, -26, -10, 3, 3, -5,
    -18, -18, -8, -15, -23, -18, -23, -10,
    -18, -26, -3, -13, -13, -18, -18, -18,
    -18, -13, -13, -8, -15, -5, -8, -8,
    -5, -15, -13, -13, 8, -10, -10, -13,
    -8, -8, -10, -13, -8, -8, -8, -8,
    -8, -8, -8, -8, -15, -5, -5, -5,
    -5, -13, -13, -5, -18, -10, -10, -3,
    5, -10, -10, -8, -8, -8, -8, -8,
    -10, -10, -8, -8, -8, -3, -13, -13,
    -10, -13, -13, -8, -8, -8, -8, -8,
    -8, -8, -8, -8, -8, -8, -5, -5,
    -5, -13, -13, -8, -13, -8, -5, -5,
    -5, -5, -5, -5, -5, 3, 3, -5,
    -13, -8, -15, -5, -5, 5, 3, -13,
    -18, -18, -13, -13, -8, -10, -10, -10,
    -8, -10, -10, -8, -10, -13, -10, -13,
    -8, -5, -8, -5, -10, -10, -10, -5,
    -5, -10, -8, -3, -10, -8, -5, -8,
    -5, -5, -5, -8, -8, -8, -10, -5,
    3, -18, -10, -10, -5, -10, 3, 3,
    -5, -5, -8, -8, 3, -13, -5, -13,
    -13, -8, -13, -13, -13, -26, -26, -5,
    -8, -5, -13, -13, -13, -10, -10, -5,
    -5, -5, -5, -23, -10, -10, -5, -5,
    -5, -5, -5, -18, -13, -3, -10, -15,
    -26, -5, -5, -3, -3, -5, -5, -8,
    -8, -10, -10, -5, -5, -5, -5, -5,
    -5, -8, -5, -8, -5, -13, -13, -13,
    -15, -15, -5, -5, -8, -13, -5, -8,
    -5, -8, -10, -10, -8, -18, -8, -8,
    -8, -8, -10, -18, -23, -20, -3, -10,
    -10, -8, -5, -10, -10, -15, -13, -13,
    -13, -20, -10, -8, -5, -23, -18, -20,
    -5, -5, 3, -5, -5, -18, -20, -23,
    -5, -5, -5, -15, -10, -10, -10, -8,
    -8, -8, -8, -18, -8, -5, -8, -26,
    -20, -20, -8, -5, -5, -8, -5, -5,
    -5, -3, -13, -8, -18, -10, 5, 5,
    -23, -23, -5, -5, -10, -10, -10, -5,
    -18, -20, -18, -3, -5, -5, -15, -5,
    -5, -8, -8, -8, -8, -8, -8, -5,
    -5, -5, -15, -15, -15, -13, -18, -8,
    -18, -18, -18, -8, -5, -5, -15, -15,
    -8, -5, -18, -15, -15, -8, -18, -8,
    -8, -8, -8, -13, -13, -8, 5, 5,
    -8, -8, -13, -15, -13, -8, -5, -3,
    -8, -3, -3, -13, -20, -8, -5, -13,
    -8, -8, -15, -8, -5, -8, -10, -8,
    -8, -18, -5, -13, -5, -5, -8, -10,
    -5, -5, -5, -13, -13, -13, -8, -20,
    -5, -5, -5, -5, -5, -10, -5, -8,
    -5, -5, -5, -5, 8, 8, 8, 13,
    3, 8, 8, 13, -5, -10, -10, -5,
    -3, -8, 5, -5, -8, -8, -8, -13,
    -8, -8, -8, -5, -13, 5, 5, -13,
    -8, -8, -13, -15, -15, -15, -13, -8,
    -5, -5, -20, -20, -5, -20, -5, -5,
    -5, -8, -5, -18, -5, -5, -5, -5,
    -5, -5, -5, -5, -5, -5, -3, -3,
    -3, -8, -8, -13, -15, -10, -8, -8,
    -8, -5, -5, -5, -5, -5, -15, -15,
    -8, -13, -3, -5, -5, -13, -15, -15,
    -5, -5, -5, -13, -8, -8, -8, -5,
    -8, -13, -3, -3, -15, -15, -10, -10,
    -10, -5, -5, -5, -5, -13, -13, -5,
    -15, -5, -3, -3, -15, -15, -15, -8,
    -10, -13
};

/*Collect the kern pair's data in one place*/
static const lv_font_fmt_txt_kern_pair_t kern_pairs =
{
    .glyph_ids = kern_pair_glyph_ids,
    .values = kern_pair_values,
    .pair_cnt = 626,
    .glyph_ids_size = 1
};

/*--------------------
 *  ALL CUSTOM DATA
 *--------------------*/

#if LVGL_VERSION_MAJOR == 8
/*Store all the custom data of the font*/
static  lv_font_fmt_txt_glyph_cache_t cache;
#endif

#if LVGL_VERSION_MAJOR >= 8
static const lv_font_fmt_txt_dsc_t font_dsc = {
#else
static lv_font_fmt_txt_dsc_t font_dsc = {
#endif
    .glyph_bitmap = glyph_bitmap,
    .glyph_dsc = glyph_dsc,
    .cmaps = cmaps,
    .kern_dsc = &kern_pairs,
    .kern_scale = 16,
    .cmap_num = 5,
    .bpp = 4,
    .kern_classes = 0,
    .bitmap_format = 1,
#if LVGL_VERSION_MAJOR == 8
    .cache = &cache
#endif
};



/*-----------------
 *  PUBLIC FONT
 *----------------*/

/*Initialize a public general font descriptor*/
#if LVGL_VERSION_MAJOR >= 8
const lv_font_t noto_sans_cjk_16_compiled = {
#else
lv_font_t noto_sans_cjk_16_compiled = {
#endif
    .get_glyph_dsc = lv_font_get_glyph_dsc_fmt_txt,    /*Function pointer to get glyph's data*/
    .get_glyph_bitmap = lv_font_get_bitmap_fmt_txt,    /*Function pointer to get glyph's bitmap*/
    .line_height = 17,          /*The maximum line height required by the font*/
    .base_line = 2,             /*Baseline measured from the bottom of the line*/
#if !(LVGL_VERSION_MAJOR == 6 && LVGL_VERSION_MINOR == 0)
    .subpx = LV_FONT_SUBPX_NONE,
#endif
#if LV_VERSION_CHECK(7, 4, 0) || LVGL_VERSION_MAJOR >= 8
    .underline_position = -2,
    .underline_thickness = 1,
#endif
    .dsc = &font_dsc,          /*The custom font data. Will be accessed by `get_glyph_bitmap/dsc` */
#if LV_VERSION_CHECK(8, 2, 0) || LVGL_VERSION_MAJOR >= 9
    .fallback = NULL,
#endif
    .user_data = NULL,
};



#endif /*#if NOTO_SANS_CJK_16_COMPILED*/

