// SPDX-License-Identifier: GPL-3.0-or-later
// Auto-generated from ANTHEAD.1311.webp — Micron AntHead toolhead image

#include "nozzle_renderer_anthead.h"

// The AntHead is one selectable toolhead-visualization style. On ESP32 (v1
// size cut) its 65 KB ARGB source image is dropped: draw_nozzle_anthead becomes
// a no-op so the dispatch (nozzle_renderer_dispatch.h) and the three UI callers
// still link, and a user who selects the AntHead style sees no toolhead glyph
// (every other style renders normally). Firmware-only; desktop keeps the image.
#if !defined(HELIX_PLATFORM_ESP32)

static const uint8_t img_anthead_data[65200] = {
    0x00, 0x00, 0x00, 0x00, 0x00, 0x00, 0x00, 0x00, 0x00, 0x00, 0x00, 0x00, 0x00, 0x00, 0x00, 0x00,
    0x00, 0x00, 0x00, 0x00, 0x00, 0x00, 0x00, 0x00, 0x00, 0x00, 0x00, 0x00, 0x00, 0x00, 0x00, 0x00,
    0x00, 0x00, 0x00, 0x00, 0x00, 0x00, 0x00, 0x00, 0x00, 0x00, 0x00, 0x00, 0x00, 0x00, 0x00, 0x00,
    0x00, 0x00, 0x00, 0x00, 0x00, 0x00, 0x00, 0x00, 0x00, 0x00, 0x00, 0x00, 0x00, 0x00, 0x00, 0x00,
    0x00, 0x00, 0x00, 0x00, 0x00, 0x00, 0x00, 0x00, 0x00, 0x00, 0x00, 0x00, 0x00, 0x00, 0x00, 0x00,
    0x00, 0x00, 0x00, 0x00, 0x00, 0x00, 0x00, 0x00, 0x00, 0x00, 0x00, 0x00, 0x00, 0x00, 0x00, 0x00,
    0x00, 0x00, 0x00, 0x00, 0x00, 0x00, 0x00, 0x00, 0x00, 0x00, 0x00, 0x00, 0x00, 0x00, 0x00, 0x00,
    0x00, 0x00, 0x00, 0x00, 0x00, 0x00, 0x00, 0x00, 0x00, 0x00, 0x00, 0x00, 0x00, 0x00, 0x00, 0x00,
    0x00, 0x00, 0x00, 0x00, 0x00, 0x00, 0x00, 0x00, 0x00, 0x00, 0x00, 0x00, 0x00, 0x00, 0x00, 0x00,
    0x00, 0x00, 0x00, 0x00, 0x00, 0x00, 0x00, 0x00, 0x00, 0x00, 0x00, 0x00, 0x00, 0x00, 0x00, 0x00,
    0x00, 0x00, 0x00, 0x00, 0x00, 0x00, 0x00, 0x00, 0x00, 0x00, 0x00, 0x00, 0x00, 0x00, 0x00, 0x00,
    0x00, 0x00, 0x00, 0x00, 0x00, 0x00, 0x00, 0x00, 0x00, 0x00, 0x00, 0x00, 0x00, 0x00, 0x00, 0x00,
    0x00, 0x00, 0x00, 0x00, 0x00, 0x00, 0x00, 0x00, 0x00, 0x00, 0x00, 0x00, 0x00, 0x00, 0x00, 0x00,
    0x00, 0x00, 0x00, 0x00, 0x00, 0x00, 0x00, 0x00, 0x00, 0x00, 0x00, 0x00, 0x00, 0x00, 0x00, 0x00,
    0x00, 0x00, 0x00, 0x00, 0x00, 0x00, 0x00, 0x00, 0x00, 0x00, 0x00, 0x00, 0x00, 0x00, 0x00, 0x00,
    0x00, 0x00, 0x00, 0x00, 0x00, 0x00, 0x00, 0x00, 0x00, 0x00, 0x00, 0x00, 0x00, 0x00, 0x00, 0x00,
    0x00, 0x00, 0x00, 0x00, 0x00, 0x00, 0x00, 0x00, 0x00, 0x00, 0x00, 0x00, 0x00, 0x00, 0x00, 0x00,
    0x00, 0x00, 0x00, 0x00, 0x00, 0x00, 0x00, 0x00, 0x00, 0x00, 0x00, 0x00, 0x00, 0x00, 0x00, 0x00,
    0x00, 0x00, 0x00, 0x00, 0x00, 0x00, 0x00, 0x00, 0x00, 0x00, 0x00, 0x00, 0x00, 0x00, 0x00, 0x00,
    0x00, 0x00, 0x00, 0x00, 0x00, 0x00, 0x00, 0x00, 0x00, 0x00, 0x00, 0x00, 0x00, 0x00, 0x00, 0x00,
    0x00, 0x00, 0x00, 0x00, 0x00, 0x00, 0x00, 0x00, 0x00, 0x00, 0x00, 0x00, 0x00, 0x00, 0x00, 0x00,
    0x00, 0x00, 0x00, 0x00, 0x00, 0x00, 0x00, 0x00, 0x00, 0x00, 0x00, 0x00, 0x00, 0x00, 0x00, 0x00,
    0x00, 0x00, 0x00, 0x00, 0x00, 0x00, 0x00, 0x00, 0x00, 0x00, 0x00, 0x00, 0x00, 0x00, 0x00, 0x00,
    0x00, 0x00, 0x00, 0x00, 0x00, 0x00, 0x00, 0x00, 0x00, 0x00, 0x00, 0x00, 0x00, 0x00, 0x00, 0x00,
    0x00, 0x00, 0x00, 0x00, 0x00, 0x00, 0x00, 0x00, 0x00, 0x00, 0x00, 0x00, 0x00, 0x00, 0x00, 0x00,
    0x00, 0x00, 0x00, 0x00, 0x00, 0x00, 0x00, 0x00, 0x00, 0x00, 0x00, 0x00, 0x00, 0x00, 0x00, 0x00,
    0x00, 0x00, 0x00, 0x00, 0x00, 0x00, 0x00, 0x00, 0x00, 0x00, 0x00, 0x00, 0x00, 0x00, 0x00, 0x00,
    0x00, 0x00, 0x00, 0x00, 0x00, 0x00, 0x00, 0x00, 0x00, 0x00, 0x00, 0x00, 0x00, 0x00, 0x00, 0x00,
    0x00, 0x00, 0x00, 0x00, 0x00, 0x00, 0x00, 0x00, 0x00, 0x00, 0x00, 0x00, 0x00, 0x00, 0x00, 0x00,
    0x00, 0x00, 0x00, 0x00, 0x00, 0x00, 0x00, 0x00, 0x00, 0x00, 0x00, 0x00, 0x00, 0x00, 0x00, 0x00,
    0x00, 0x00, 0x00, 0x00, 0x00, 0x00, 0x00, 0x00, 0x00, 0x00, 0x00, 0x00, 0x00, 0x00, 0x00, 0x00,
    0x00, 0x00, 0x00, 0x00, 0x00, 0x00, 0x00, 0x00, 0x00, 0x00, 0x00, 0x00, 0x00, 0x00, 0x00, 0x00,
    0x00, 0x00, 0x00, 0x00, 0x00, 0x00, 0x00, 0x00, 0x00, 0x00, 0x00, 0x00, 0x00, 0x00, 0x00, 0x00,
    0x00, 0x00, 0x00, 0x00, 0x00, 0x00, 0x00, 0x00, 0x00, 0x00, 0x00, 0x00, 0x00, 0x00, 0x00, 0x00,
    0x00, 0x00, 0x00, 0x00, 0x00, 0x00, 0x00, 0x00, 0x00, 0x00, 0x00, 0x00, 0x00, 0x00, 0x00, 0x00,
    0x00, 0x00, 0x00, 0x00, 0x00, 0x00, 0x00, 0x00, 0x00, 0x00, 0x00, 0x00, 0x00, 0x00, 0x00, 0x00,
    0x00, 0x00, 0x00, 0x00, 0x00, 0x00, 0x00, 0x00, 0x00, 0x00, 0x00, 0x00, 0x00, 0x00, 0x00, 0x00,
    0x00, 0x00, 0x00, 0x00, 0x00, 0x7f, 0x7f, 0x02, 0x3f, 0xff, 0x3f, 0x04, 0x3f, 0xbf, 0x3f, 0x04,
    0x3f, 0xbf, 0x3f, 0x04, 0x3f, 0xbf, 0x3f, 0x04, 0x3f, 0xbf, 0x3f, 0x04, 0x3f, 0xbf, 0x3f, 0x04,
    0x3f, 0xbf, 0x3f, 0x04, 0x3f, 0xbf, 0x3f, 0x04, 0x3f, 0xff, 0x7f, 0x04, 0x00, 0xff, 0xff, 0x01,
    0x00, 0x00, 0x00, 0x00, 0x00, 0x00, 0x00, 0x00, 0x00, 0x00, 0x00, 0x00, 0x00, 0x00, 0x00, 0x00,
    0x00, 0x00, 0x00, 0x00, 0x00, 0x00, 0x00, 0x00, 0x00, 0x00, 0x00, 0x00, 0x00, 0x00, 0x00, 0x00,
    0x00, 0x00, 0x00, 0x00, 0x00, 0x00, 0x00, 0x00, 0x00, 0x00, 0x00, 0x00, 0x00, 0x00, 0x00, 0x00,
    0x00, 0x00, 0x00, 0x00, 0x00, 0x00, 0x00, 0x00, 0x00, 0x00, 0x00, 0x00, 0x00, 0x00, 0x00, 0x00,
    0x00, 0x00, 0x00, 0x00, 0x00, 0x00, 0x00, 0x00, 0x00, 0x00, 0x00, 0x00, 0x00, 0x00, 0x00, 0x00,
    0x00, 0x00, 0x00, 0x00, 0x00, 0x00, 0x00, 0x00, 0x00, 0x00, 0x00, 0x00, 0x00, 0x00, 0x00, 0x00,
    0x00, 0x00, 0x00, 0x00, 0x00, 0x00, 0x00, 0x00, 0x00, 0x00, 0x00, 0x00, 0x00, 0x00, 0x00, 0x00,
    0x00, 0x00, 0x00, 0x00, 0x00, 0x00, 0x00, 0x00, 0x00, 0x00, 0x00, 0x00, 0x00, 0x00, 0x00, 0x00,
    0x00, 0x00, 0x00, 0x00, 0x00, 0x00, 0x00, 0x00, 0x00, 0x00, 0x00, 0x00, 0x00, 0x00, 0x00, 0x00,
    0x00, 0x00, 0x00, 0x00, 0x00, 0x00, 0x00, 0x00, 0x00, 0x00, 0x00, 0x00, 0x00, 0x00, 0x00, 0x00,
    0x00, 0x00, 0x00, 0x00, 0x00, 0x00, 0x00, 0x00, 0x00, 0x00, 0x00, 0x00, 0x00, 0x00, 0x00, 0x00,
    0x00, 0x00, 0x00, 0x00, 0x00, 0x00, 0x00, 0x00, 0x00, 0x00, 0x00, 0x00, 0x00, 0x00, 0x00, 0x00,
    0x00, 0x00, 0x00, 0x00, 0x00, 0x00, 0x00, 0x00, 0x00, 0x00, 0x00, 0x00, 0x00, 0x00, 0x00, 0x00,
    0x00, 0x00, 0x00, 0x00, 0x00, 0x00, 0x00, 0x00, 0x00, 0x00, 0x00, 0x00, 0x00, 0x00, 0x00, 0x00,
    0x00, 0x00, 0x00, 0x00, 0x00, 0x00, 0x00, 0x00, 0x00, 0x00, 0x00, 0x00, 0x00, 0x00, 0x00, 0x00,
    0x00, 0x00, 0x00, 0x00, 0x00, 0x00, 0x00, 0x00, 0x00, 0x00, 0x00, 0x00, 0x00, 0x00, 0x00, 0x00,
    0x00, 0x00, 0x00, 0x00, 0x00, 0x00, 0x00, 0x00, 0x00, 0x00, 0x00, 0x00, 0x00, 0x00, 0x00, 0x00,
    0x00, 0x00, 0x00, 0x00, 0x00, 0x00, 0x00, 0x00, 0x00, 0x00, 0x00, 0x00, 0x00, 0x00, 0x00, 0x00,
    0x00, 0x00, 0x00, 0x00, 0x00, 0x00, 0x00, 0x00, 0x00, 0x00, 0x00, 0x00, 0x00, 0x00, 0x00, 0x00,
    0x00, 0x00, 0x00, 0x00, 0x00, 0x00, 0x00, 0x00, 0x00, 0x00, 0x00, 0x00, 0x00, 0x00, 0x00, 0x00,
    0x00, 0x00, 0x00, 0x00, 0x00, 0x00, 0x00, 0x00, 0x00, 0x00, 0x00, 0x00, 0x00, 0x00, 0x00, 0x00,
    0x00, 0x00, 0x00, 0x00, 0x00, 0x00, 0x00, 0x00, 0x00, 0x00, 0x00, 0x00, 0x00, 0x00, 0x00, 0x00,
    0x00, 0x00, 0x00, 0x00, 0x00, 0x00, 0x00, 0x00, 0x00, 0x00, 0x00, 0x00, 0x00, 0x00, 0x00, 0x00,
    0x00, 0x00, 0x00, 0x00, 0x00, 0x00, 0x00, 0x00, 0x00, 0x00, 0x00, 0x00, 0x00, 0x00, 0x00, 0x00,
    0x00, 0x00, 0x00, 0x00, 0x00, 0x00, 0x00, 0x00, 0x00, 0x00, 0x00, 0x00, 0x00, 0x00, 0x00, 0x00,
    0x00, 0x00, 0x00, 0x00, 0x00, 0x00, 0x00, 0x00, 0x00, 0x00, 0x00, 0x00, 0x00, 0x00, 0x00, 0x00,
    0x00, 0x00, 0x00, 0x00, 0x00, 0x00, 0x00, 0x00, 0x00, 0x00, 0x00, 0x00, 0x00, 0x00, 0x00, 0x00,
    0x00, 0x00, 0x00, 0x00, 0x00, 0x00, 0x00, 0x00, 0x00, 0x00, 0x00, 0x00, 0x00, 0x00, 0x00, 0x00,
    0x00, 0x00, 0x00, 0x00, 0x00, 0x00, 0x00, 0x00, 0x00, 0x00, 0x00, 0x00, 0x00, 0x00, 0x00, 0x00,
    0x00, 0x00, 0x00, 0x00, 0x00, 0x00, 0x00, 0x00, 0x00, 0x00, 0x00, 0x00, 0x00, 0x00, 0x00, 0x00,
    0x00, 0x00, 0x00, 0x00, 0x00, 0x00, 0x00, 0x00, 0x00, 0x00, 0x00, 0x00, 0x00, 0x00, 0x00, 0x00,
    0x00, 0x00, 0x00, 0x00, 0x00, 0x00, 0x00, 0x00, 0x00, 0x00, 0x00, 0x00, 0x00, 0x00, 0x00, 0x00,
    0x00, 0x00, 0x00, 0x00, 0x00, 0x00, 0x00, 0x00, 0x00, 0x00, 0x00, 0x00, 0x00, 0x00, 0x00, 0x00,
    0x00, 0x00, 0x00, 0x00, 0x00, 0x00, 0x00, 0x00, 0x00, 0x00, 0x00, 0x00, 0x00, 0x00, 0x00, 0x00,
    0x00, 0x00, 0x00, 0x00, 0x00, 0x00, 0x00, 0x00, 0x00, 0x00, 0x00, 0x00, 0x00, 0x00, 0x00, 0x00,
    0x00, 0x00, 0x00, 0x00, 0x00, 0x00, 0x00, 0x00, 0x00, 0x00, 0x00, 0x00, 0x00, 0x00, 0x00, 0x00,
    0x00, 0x00, 0x00, 0x00, 0x00, 0x00, 0x00, 0x00, 0x00, 0x00, 0x00, 0x00, 0x00, 0x00, 0x00, 0x00,
    0x00, 0x00, 0x00, 0x00, 0x00, 0x00, 0x00, 0x00, 0x00, 0x00, 0x00, 0x00, 0x00, 0x00, 0x00, 0x00,
    0x00, 0x00, 0x00, 0x00, 0x00, 0x00, 0x00, 0x00, 0x00, 0x00, 0x00, 0x00, 0x00, 0x00, 0x00, 0x00,
    0x00, 0x00, 0x00, 0x00, 0x00, 0x00, 0x00, 0x00, 0x00, 0x00, 0x00, 0x00, 0x00, 0x00, 0x00, 0x00,
    0x00, 0x00, 0x00, 0x00, 0x00, 0x00, 0x00, 0x00, 0x00, 0x00, 0x00, 0x00, 0x00, 0x00, 0x00, 0x00,
    0x00, 0x00, 0x00, 0x00, 0x00, 0x00, 0x00, 0x00, 0x00, 0x00, 0x00, 0x00, 0x00, 0x00, 0x00, 0x00,
    0x00, 0x00, 0x00, 0x00, 0x00, 0x00, 0x00, 0x00, 0x00, 0x00, 0x00, 0x00, 0x00, 0x00, 0x00, 0x00,
    0x00, 0x00, 0x00, 0x00, 0x00, 0x00, 0x00, 0x00, 0x00, 0x00, 0x00, 0x00, 0x00, 0x00, 0x00, 0x00,
    0x00, 0x00, 0x00, 0x00, 0x00, 0x00, 0x00, 0x00, 0x00, 0x00, 0x00, 0x00, 0x00, 0x00, 0x00, 0x00,
    0x00, 0x00, 0x00, 0x00, 0x00, 0x00, 0x00, 0x00, 0x00, 0x00, 0x00, 0x00, 0x00, 0x00, 0x00, 0x00,
    0x00, 0x00, 0x00, 0x00, 0x00, 0x00, 0x00, 0x00, 0x00, 0x00, 0x00, 0x00, 0x7f, 0xff, 0x7f, 0x02,
    0x00, 0x00, 0x00, 0x00, 0x64, 0xed, 0x82, 0x2b, 0x62, 0xf8, 0x82, 0x77, 0x5c, 0xe9, 0x7d, 0x76,
    0x5d, 0xe9, 0x7d, 0x78, 0x5d, 0xee, 0x7d, 0x78, 0x5c, 0xec, 0x7e, 0x79, 0x5c, 0xee, 0x7e, 0x79,
    0x59, 0xec, 0x7b, 0x7a, 0x58, 0xe9, 0x7a, 0x79, 0x60, 0xf8, 0x83, 0x7a, 0x66, 0xf2, 0x8c, 0x28,
    0x00, 0x00, 0x00, 0x00, 0x7f, 0x7f, 0x7f, 0x02, 0x00, 0x00, 0x00, 0x00, 0x00, 0x00, 0x00, 0x00,
    0xff, 0xff, 0xff, 0x01, 0x55, 0xff, 0x55, 0x03, 0x3f, 0xbf, 0x7f, 0x04, 0x7f, 0xff, 0x7f, 0x02,
    0x00, 0x00, 0x00, 0x00, 0x00, 0x00, 0x00, 0x00, 0x00, 0x00, 0x00, 0x00, 0x00, 0x00, 0x00, 0x00,
    0x00, 0x00, 0x00, 0x00, 0x00, 0x00, 0x00, 0x00, 0x00, 0x00, 0x00, 0x00, 0x00, 0x00, 0x00, 0x00,
    0x00, 0x00, 0x00, 0x00, 0x00, 0x00, 0x00, 0x00, 0x00, 0x00, 0x00, 0x00, 0x00, 0x00, 0x00, 0x00,
    0x00, 0x00, 0x00, 0x00, 0x00, 0x00, 0x00, 0x00, 0x00, 0x00, 0x00, 0x00, 0x00, 0x00, 0x00, 0x00,
    0x00, 0x00, 0x00, 0x00, 0x00, 0x00, 0x00, 0x00, 0x00, 0x00, 0x00, 0x00, 0x00, 0x00, 0x00, 0x00,
    0x00, 0x00, 0x00, 0x00, 0x00, 0x00, 0x00, 0x00, 0x00, 0x00, 0x00, 0x00, 0x00, 0x00, 0x00, 0x00,
    0x00, 0x00, 0x00, 0x00, 0x00, 0x00, 0x00, 0x00, 0x00, 0x00, 0x00, 0x00, 0x00, 0x00, 0x00, 0x00,
    0x00, 0x00, 0x00, 0x00, 0x00, 0x00, 0x00, 0x00, 0x00, 0x00, 0x00, 0x00, 0x00, 0x00, 0x00, 0x00,
    0x00, 0x00, 0x00, 0x00, 0x00, 0x00, 0x00, 0x00, 0x00, 0x00, 0x00, 0x00, 0x00, 0x00, 0x00, 0x00,
    0x00, 0x00, 0x00, 0x00, 0x00, 0x00, 0x00, 0x00, 0x00, 0x00, 0x00, 0x00, 0x00, 0x00, 0x00, 0x00,
    0x00, 0x00, 0x00, 0x00, 0x00, 0x00, 0x00, 0x00, 0x00, 0x00, 0x00, 0x00, 0x00, 0x00, 0x00, 0x00,
    0x00, 0x00, 0x00, 0x00, 0x00, 0x00, 0x00, 0x00, 0x00, 0x00, 0x00, 0x00, 0x00, 0x00, 0x00, 0x00,
    0x00, 0x00, 0x00, 0x00, 0x00, 0x00, 0x00, 0x00, 0x00, 0x00, 0x00, 0x00, 0x00, 0x00, 0x00, 0x00,
    0x00, 0x00, 0x00, 0x00, 0x00, 0x00, 0x00, 0x00, 0x00, 0x00, 0x00, 0x00, 0x00, 0x00, 0x00, 0x00,
    0x00, 0x00, 0x00, 0x00, 0x00, 0x00, 0x00, 0x00, 0x00, 0x00, 0x00, 0x00, 0x00, 0x00, 0x00, 0x00,
    0x00, 0x00, 0x00, 0x00, 0x00, 0x00, 0x00, 0x00, 0x00, 0x00, 0x00, 0x00, 0x00, 0x00, 0x00, 0x00,
    0x00, 0x00, 0x00, 0x00, 0x00, 0x00, 0x00, 0x00, 0x00, 0x00, 0x00, 0x00, 0x00, 0x00, 0x00, 0x00,
    0x00, 0x00, 0x00, 0x00, 0x00, 0x00, 0x00, 0x00, 0x00, 0x00, 0x00, 0x00, 0x00, 0x00, 0x00, 0x00,
    0x00, 0x00, 0x00, 0x00, 0x00, 0x00, 0x00, 0x00, 0x00, 0x00, 0x00, 0x00, 0x00, 0x00, 0x00, 0x00,
    0x00, 0x00, 0x00, 0x00, 0x00, 0x00, 0x00, 0x00, 0x00, 0x00, 0x00, 0x00, 0x3f, 0xff, 0x3f, 0x04,
    0x00, 0x00, 0x00, 0x00, 0x3b, 0xe5, 0x5d, 0x78, 0x37, 0xff, 0x63, 0xff, 0x36, 0xf4, 0x60, 0xff,
    0x36, 0xf6, 0x60, 0xff, 0x35, 0xf5, 0x5f, 0xff, 0x35, 0xf3, 0x5e, 0xff, 0x35, 0xf4, 0x5e, 0xff,
    0x35, 0xf6, 0x5f, 0xff, 0x35, 0xf5, 0x5f, 0xff, 0x39, 0xff, 0x67, 0xff, 0x59, 0xec, 0x7b, 0x7a,
    0x00, 0x00, 0x00, 0x00, 0x3f, 0xbf, 0x3f, 0x04, 0x00, 0x00, 0x00, 0x00, 0x00, 0x00, 0x00, 0x00,
    0x00, 0x00, 0x00, 0x00, 0x00, 0x00, 0x00, 0x00, 0x00, 0x00, 0x00, 0x00, 0x00, 0x00, 0x00, 0x00,
    0x00, 0xff, 0x00, 0x02, 0x3f, 0xbf, 0x7f, 0x04, 0xff, 0xff, 0xff, 0x01, 0x00, 0x00, 0x00, 0x00,
    0x00, 0x00, 0x00, 0x00, 0x00, 0x00, 0x00, 0x00, 0x00, 0x00, 0x00, 0x00, 0x00, 0x00, 0x00, 0x00,
    0x00, 0x00, 0x00, 0x00, 0x00, 0x00, 0x00, 0x00, 0x00, 0x00, 0x00, 0x00, 0x00, 0x00, 0x00, 0x00,
    0x00, 0x00, 0x00, 0x00, 0x00, 0x00, 0x00, 0x00, 0x00, 0x00, 0x00, 0x00, 0x00, 0x00, 0x00, 0x00,
    0x00, 0x00, 0x00, 0x00, 0x00, 0x00, 0x00, 0x00, 0x00, 0x00, 0x00, 0x00, 0x00, 0x00, 0x00, 0x00,
    0x00, 0x00, 0x00, 0x00, 0x00, 0x00, 0x00, 0x00, 0x00, 0x00, 0x00, 0x00, 0x00, 0x00, 0x00, 0x00,
    0x00, 0x00, 0x00, 0x00, 0x00, 0x00, 0x00, 0x00, 0x00, 0x00, 0x00, 0x00, 0x00, 0x00, 0x00, 0x00,
    0x00, 0x00, 0x00, 0x00, 0x00, 0x00, 0x00, 0x00, 0x00, 0x00, 0x00, 0x00, 0x00, 0x00, 0x00, 0x00,
    0x00, 0x00, 0x00, 0x00, 0x00, 0x00, 0x00, 0x00, 0x00, 0x00, 0x00, 0x00, 0x00, 0x00, 0x00, 0x00,
    0x00, 0x00, 0x00, 0x00, 0x00, 0x00, 0x00, 0x00, 0x00, 0x00, 0x00, 0x00, 0x00, 0x00, 0x00, 0x00,
    0x00, 0x00, 0x00, 0x00, 0x00, 0x00, 0x00, 0x00, 0x00, 0x00, 0x00, 0x00, 0x00, 0x00, 0x00, 0x00,
    0x00, 0x00, 0x00, 0x00, 0x00, 0x00, 0x00, 0x00, 0x00, 0x00, 0x00, 0x00, 0x00, 0x00, 0x00, 0x00,
    0x00, 0x00, 0x00, 0x00, 0x00, 0x00, 0x00, 0x00, 0x00, 0x00, 0x00, 0x00, 0x00, 0x00, 0x00, 0x00,
    0x00, 0x00, 0x00, 0x00, 0x00, 0x00, 0x00, 0x00, 0x00, 0x00, 0x00, 0x00, 0x00, 0x00, 0x00, 0x00,
    0x00, 0x00, 0x00, 0x00, 0x00, 0x00, 0x00, 0x00, 0x00, 0x00, 0x00, 0x00, 0x00, 0x00, 0x00, 0x00,
    0x00, 0x00, 0x00, 0x00, 0x00, 0x00, 0x00, 0x00, 0x00, 0x00, 0x00, 0x00, 0x00, 0x00, 0x00, 0x00,
    0x00, 0x00, 0x00, 0x00, 0x00, 0x00, 0x00, 0x00, 0x00, 0x00, 0x00, 0x00, 0x00, 0x00, 0x00, 0x00,
    0x00, 0x00, 0x00, 0x00, 0x00, 0x00, 0x00, 0x00, 0x00, 0x00, 0x00, 0x00, 0x00, 0x00, 0x00, 0x00,
    0x00, 0x00, 0x00, 0x00, 0x00, 0x00, 0x00, 0x00, 0x00, 0x00, 0x00, 0x00, 0x00, 0x00, 0x00, 0x00,
    0x00, 0x00, 0x00, 0x00, 0x00, 0x00, 0x00, 0x00, 0x00, 0x00, 0x00, 0x00, 0x3f, 0xbf, 0x7f, 0x04,
    0x00, 0x00, 0x00, 0x00, 0x70, 0xed, 0x87, 0x64, 0x35, 0xd5, 0x4e, 0xfb, 0x18, 0xa1, 0x29, 0xf8,
    0x1b, 0xa8, 0x2e, 0xfb, 0x1e, 0xb7, 0x34, 0xfb, 0x20, 0xbe, 0x39, 0xfb, 0x21, 0xbd, 0x39, 0xfb,
    0x1a, 0xaa, 0x2e, 0xfb, 0x18, 0x98, 0x28, 0xf7, 0x2e, 0xd0, 0x49, 0xfb, 0x5c, 0xeb, 0x78, 0x77,
    0x00, 0x00, 0x00, 0x00, 0x3f, 0xbf, 0x3f, 0x04, 0xff, 0xff, 0xff, 0x01, 0x00, 0x00, 0x00, 0x00,
    0xdf, 0xff, 0xdf, 0x10, 0x71, 0xf0, 0x8f, 0xab, 0x63, 0xf3, 0x89, 0x80, 0x99, 0xf8, 0xb2, 0x28,
    0x02, 0x00, 0x00, 0x00, 0x00, 0x00, 0x00, 0x00, 0x00, 0x00, 0x00, 0x00, 0x00, 0xaa, 0x55, 0x03,
    0x00, 0x00, 0x00, 0x00, 0x00, 0x00, 0x00, 0x00, 0x00, 0x00, 0x00, 0x00, 0x00, 0x00, 0x00, 0x00,
    0x00, 0x00, 0x00, 0x00, 0x00, 0x00, 0x00, 0x00, 0x00, 0x00, 0x00, 0x00, 0x00, 0x00, 0x00, 0x00,
    0x00, 0x00, 0x00, 0x00, 0x00, 0x00, 0x00, 0x00, 0x00, 0x00, 0x00, 0x00, 0x00, 0x00, 0x00, 0x00,
    0x00, 0x00, 0x00, 0x00, 0x00, 0x00, 0x00, 0x00, 0x00, 0x00, 0x00, 0x00, 0x00, 0x00, 0x00, 0x00,
    0x00, 0x00, 0x00, 0x00, 0x00, 0x00, 0x00, 0x00, 0x00, 0x00, 0x00, 0x00, 0x00, 0x00, 0x00, 0x00,
    0x00, 0x00, 0x00, 0x00, 0x00, 0x00, 0x00, 0x00, 0x00, 0x00, 0x00, 0x00, 0x00, 0x00, 0x00, 0x00,
    0x00, 0x00, 0x00, 0x00, 0x00, 0x00, 0x00, 0x00, 0x00, 0x00, 0x00, 0x00, 0x00, 0x00, 0x00, 0x00,
    0x00, 0x00, 0x00, 0x00, 0x00, 0x00, 0x00, 0x00, 0x00, 0x00, 0x00, 0x00, 0x00, 0x00, 0x00, 0x00,
    0x00, 0x00, 0x00, 0x00, 0x00, 0x00, 0x00, 0x00, 0x00, 0x00, 0x00, 0x00, 0x00, 0x00, 0x00, 0x00,
    0x00, 0x00, 0x00, 0x00, 0x00, 0x00, 0x00, 0x00, 0x00, 0x00, 0x00, 0x00, 0x00, 0x00, 0x00, 0x00,
    0x00, 0x00, 0x00, 0x00, 0x00, 0x00, 0x00, 0x00, 0x00, 0x00, 0x00, 0x00, 0x00, 0x00, 0x00, 0x00,
    0x00, 0x00, 0x00, 0x00, 0x00, 0x00, 0x00, 0x00, 0x00, 0x00, 0x00, 0x00, 0x00, 0x00, 0x00, 0x00,
    0x00, 0x00, 0x00, 0x00, 0x00, 0x00, 0x00, 0x00, 0x00, 0x00, 0x00, 0x00, 0x00, 0x00, 0x00, 0x00,
    0x00, 0x00, 0x00, 0x00, 0x00, 0x00, 0x00, 0x00, 0x00, 0x00, 0x00, 0x00, 0x00, 0x00, 0x00, 0x00,
    0x00, 0x00, 0x00, 0x00, 0x00, 0x00, 0x00, 0x00, 0x00, 0x00, 0x00, 0x00, 0x00, 0x00, 0x00, 0x00,
    0x00, 0x00, 0x00, 0x00, 0x00, 0x00, 0x00, 0x00, 0x00, 0x00, 0x00, 0x00, 0x00, 0x00, 0x00, 0x00,
    0x00, 0x00, 0x00, 0x00, 0x00, 0x00, 0x00, 0x00, 0x00, 0x00, 0x00, 0x00, 0x00, 0x00, 0x00, 0x00,
    0x00, 0x00, 0x00, 0x00, 0x00, 0x00, 0x00, 0x00, 0x00, 0x00, 0x00, 0x00, 0x00, 0x00, 0x00, 0x00,
    0x00, 0x00, 0x00, 0x00, 0x00, 0x00, 0x00, 0x00, 0x00, 0x00, 0x00, 0x00, 0x7f, 0xff, 0x7f, 0x04,
    0x00, 0x00, 0x00, 0x00, 0x9a, 0xf4, 0xac, 0x63, 0x6a, 0xf2, 0x7f, 0xff, 0x21, 0xc9, 0x38, 0xfc,
    0x1d, 0xcd, 0x38, 0xff, 0x23, 0xda, 0x43, 0xff, 0x25, 0xdf, 0x48, 0xff, 0x2e, 0xe1, 0x51, 0xff,
    0x2a, 0xd7, 0x4a, 0xff, 0x29, 0xd1, 0x48, 0xfb, 0x3d, 0xf3, 0x63, 0xff, 0x55, 0xeb, 0x77, 0x78,
    0x00, 0x00, 0x00, 0x00, 0x3f, 0xbf, 0x3f, 0x04, 0x7f, 0xff, 0x7f, 0x04, 0x00, 0x00, 0x00, 0x00,
    0x93, 0xf3, 0xa6, 0x6d, 0x5a, 0xff, 0x85, 0xff, 0x4b, 0xf9, 0x78, 0xff, 0x53, 0xf1, 0x7b, 0xf8,
    0x59, 0xf1, 0x80, 0xba, 0x6b, 0xf2, 0x8e, 0x64, 0xa3, 0xf4, 0xc1, 0x19, 0x00, 0x00, 0x00, 0x00,
    0x00, 0x00, 0x00, 0x00, 0x00, 0x00, 0x00, 0x00, 0x00, 0x00, 0x00, 0x00, 0x00, 0x00, 0x00, 0x00,
    0x00, 0x00, 0x00, 0x00, 0x00, 0x00, 0x00, 0x00, 0x00, 0x00, 0x00, 0x00, 0x00, 0x00, 0x00, 0x00,
    0x00, 0x00, 0x00, 0x00, 0x00, 0x00, 0x00, 0x00, 0x00, 0x00, 0x00, 0x00, 0x00, 0x00, 0x00, 0x00,
    0x00, 0x00, 0x00, 0x00, 0x00, 0x00, 0x00, 0x00, 0x00, 0x00, 0x00, 0x00, 0x00, 0x00, 0x00, 0x00,
    0x00, 0x00, 0x00, 0x00, 0x00, 0x00, 0x00, 0x00, 0x00, 0x00, 0x00, 0x00, 0x00, 0x00, 0x00, 0x00,
    0x00, 0x00, 0x00, 0x00, 0x00, 0x00, 0x00, 0x00, 0x00, 0x00, 0x00, 0x00, 0x00, 0x00, 0x00, 0x00,
    0x00, 0x00, 0x00, 0x00, 0x00, 0x00, 0x00, 0x00, 0x00, 0x00, 0x00, 0x00, 0x00, 0x00, 0x00, 0x00,
    0x00, 0x00, 0x00, 0x00, 0x00, 0x00, 0x00, 0x00, 0x00, 0x00, 0x00, 0x00, 0x00, 0x00, 0x00, 0x00,
    0x00, 0x00, 0x00, 0x00, 0x00, 0x00, 0x00, 0x00, 0x00, 0x00, 0x00, 0x00, 0x00, 0x00, 0x00, 0x00,
    0x00, 0x00, 0x00, 0x00, 0x00, 0x00, 0x00, 0x00, 0x00, 0x00, 0x00, 0x00, 0x00, 0x00, 0x00, 0x00,
    0x00, 0x00, 0x00, 0x00, 0x00, 0x00, 0x00, 0x00, 0x00, 0x00, 0x00, 0x00, 0x00, 0x00, 0x00, 0x00,
    0x00, 0x00, 0x00, 0x00, 0x00, 0x00, 0x00, 0x00, 0x00, 0x00, 0x00, 0x00, 0x00, 0x00, 0x00, 0x00,
    0x00, 0x00, 0x00, 0x00, 0x00, 0x00, 0x00, 0x00, 0x00, 0x00, 0x00, 0x00, 0x00, 0x00, 0x00, 0x00,
    0x00, 0x00, 0x00, 0x00, 0x00, 0x00, 0x00, 0x00, 0x00, 0x00, 0x00, 0x00, 0x00, 0x00, 0x00, 0x00,
    0x00, 0x00, 0x00, 0x00, 0x00, 0x00, 0x00, 0x00, 0x00, 0x00, 0x00, 0x00, 0x00, 0x00, 0x00, 0x00,
    0x00, 0x00, 0x00, 0x00, 0x00, 0x00, 0x00, 0x00, 0x00, 0x00, 0x00, 0x00, 0x00, 0x00, 0x00, 0x00,
    0x00, 0x00, 0x00, 0x00, 0x00, 0x00, 0x00, 0x00, 0x00, 0x00, 0x00, 0x00, 0x00, 0x00, 0x00, 0x00,
    0x00, 0x00, 0x00, 0x00, 0x00, 0x00, 0x00, 0x00, 0x00, 0x00, 0x00, 0x00, 0x00, 0x00, 0x00, 0x00,
    0x00, 0x00, 0x00, 0x00, 0x00, 0x00, 0x00, 0x00, 0x00, 0x00, 0x00, 0x00, 0x7f, 0xff, 0x7f, 0x04,
    0x00, 0x00, 0x00, 0x00, 0x92, 0xf2, 0xa4, 0x63, 0x7c, 0xf9, 0x91, 0xff, 0x40, 0xe0, 0x5b, 0xfc,
    0x29, 0xdb, 0x47, 0xff, 0x27, 0xdd, 0x48, 0xff, 0x29, 0xe2, 0x4d, 0xff, 0x30, 0xe2, 0x54, 0xff,
    0x30, 0xe3, 0x54, 0xff, 0x3c, 0xe8, 0x60, 0xfb, 0x3a, 0xf7, 0x64, 0xff, 0x52, 0xeb, 0x77, 0x78,
    0x00, 0x00, 0x00, 0x00, 0x3f, 0xff, 0x7f, 0x04, 0x00, 0xff, 0xff, 0x01, 0xff, 0xff, 0xff, 0x03,
    0x72, 0xed, 0x8c, 0xd0, 0x48, 0xf5, 0x74, 0xfc, 0x48, 0xec, 0x71, 0xf9, 0x45, 0xed, 0x70, 0xff,
    0x49, 0xf8, 0x76, 0xff, 0x4c, 0xfa, 0x79, 0xff, 0x50, 0xf2, 0x7a, 0xee, 0x61, 0xee, 0x86, 0x98,
    0xff, 0xff, 0xff, 0x05, 0xff, 0xff, 0xff, 0x01, 0x00, 0x00, 0x00, 0x00, 0x00, 0x00, 0x00, 0x00,
    0x00, 0x00, 0x00, 0x00, 0x00, 0x00, 0x00, 0x00, 0xff, 0xff, 0xff, 0x01, 0x00, 0x00, 0x00, 0x00,
    0x00, 0x00, 0x00, 0x00, 0x00, 0x00, 0x00, 0x00, 0x00, 0x00, 0x00, 0x00, 0x00, 0x00, 0x00, 0x00,
    0x00, 0x00, 0x00, 0x00, 0x00, 0x00, 0x00, 0x00, 0x00, 0x00, 0x00, 0x00, 0x00, 0x00, 0x00, 0x00,
    0x00, 0x00, 0x00, 0x00, 0x00, 0x00, 0x00, 0x00, 0x00, 0x00, 0x00, 0x00, 0x00, 0x00, 0x00, 0x00,
    0x00, 0x00, 0x00, 0x00, 0x00, 0x00, 0x00, 0x00, 0x00, 0x00, 0x00, 0x00, 0x00, 0x00, 0x00, 0x00,
    0x00, 0x00, 0x00, 0x00, 0x00, 0x00, 0x00, 0x00, 0x00, 0x00, 0x00, 0x00, 0x00, 0x00, 0x00, 0x00,
    0x00, 0x00, 0x00, 0x00, 0x00, 0x00, 0x00, 0x00, 0x00, 0x00, 0x00, 0x00, 0x00, 0x00, 0x00, 0x00,
    0x00, 0x00, 0x00, 0x00, 0x00, 0x00, 0x00, 0x00, 0x00, 0x00, 0x00, 0x00, 0x00, 0x00, 0x00, 0x00,
    0x00, 0x00, 0x00, 0x00, 0x00, 0x00, 0x00, 0x00, 0x00, 0x00, 0x00, 0x00, 0x00, 0x00, 0x00, 0x00,
    0x00, 0x00, 0x00, 0x00, 0x00, 0x00, 0x00, 0x00, 0x00, 0x00, 0x00, 0x00, 0x00, 0x00, 0x00, 0x00,
    0x00, 0x00, 0x00, 0x00, 0x00, 0x00, 0x00, 0x00, 0x00, 0x00, 0x00, 0x00, 0x00, 0x00, 0x00, 0x00,
    0x00, 0x00, 0x00, 0x00, 0x00, 0x00, 0x00, 0x00, 0x00, 0x00, 0x00, 0x00, 0x00, 0x00, 0x00, 0x00,
    0x00, 0x00, 0x00, 0x00, 0x00, 0x00, 0x00, 0x00, 0x00, 0x00, 0x00, 0x00, 0x00, 0x00, 0x00, 0x00,
    0x00, 0x00, 0x00, 0x00, 0x00, 0x00, 0x00, 0x00, 0x00, 0x00, 0x00, 0x00, 0x00, 0x00, 0x00, 0x00,
    0x00, 0x00, 0x00, 0x00, 0x00, 0x00, 0x00, 0x00, 0x00, 0x00, 0x00, 0x00, 0x00, 0x00, 0x00, 0x00,
    0x00, 0x00, 0x00, 0x00, 0x00, 0x00, 0x00, 0x00, 0x00, 0x00, 0x00, 0x00, 0x00, 0x00, 0x00, 0x00,
    0x00, 0x00, 0x00, 0x00, 0x00, 0x00, 0x00, 0x00, 0x00, 0x00, 0x00, 0x00, 0x00, 0x00, 0x00, 0x00,
    0x00, 0x00, 0x00, 0x00, 0x00, 0x00, 0x00, 0x00, 0x00, 0x00, 0x00, 0x00, 0x7f, 0xff, 0x7f, 0x04,
    0x00, 0x00, 0x00, 0x00, 0x87, 0xef, 0x9e, 0x64, 0x6e, 0xfb, 0x89, 0xff, 0x41, 0xe5, 0x60, 0xfc,
    0x2e, 0xe2, 0x50, 0xff, 0x28, 0xe3, 0x4c, 0xff, 0x2a, 0xe5, 0x4f, 0xff, 0x2d, 0xe6, 0x53, 0xff,
    0x2e, 0xe6, 0x53, 0xff, 0x3a, 0xe8, 0x5e, 0xfb, 0x39, 0xf9, 0x64, 0xff, 0x50, 0xeb, 0x77, 0x78,
    0x00, 0x00, 0x00, 0x00, 0x48, 0xda, 0x6d, 0x07, 0x00, 0xff, 0x00, 0x01, 0xaa, 0xf7, 0xb9, 0x42,
    0x5d, 0xf6, 0x82, 0xff, 0x42, 0xeb, 0x6e, 0xfd, 0x49, 0xec, 0x72, 0xff, 0x4a, 0xec, 0x73, 0xfe,
    0x49, 0xec, 0x72, 0xfc, 0x47, 0xeb, 0x71, 0xfc, 0x44, 0xee, 0x70, 0xff, 0x50, 0xff, 0x7f, 0xff,
    0x73, 0xf1, 0x94, 0x5d, 0x00, 0x00, 0x00, 0x00, 0x55, 0xff, 0xaa, 0x03, 0x00, 0x00, 0x00, 0x00,
    0x7f, 0x7f, 0x7f, 0x02, 0xaa, 0xaa, 0xaa, 0x03, 0x00, 0x00, 0x00, 0x00, 0x7f, 0x7f, 0x7f, 0x02,
    0x7f, 0x7f, 0x7f, 0x04, 0x7f, 0x7f, 0x7f, 0x02, 0x00, 0x00, 0x00, 0x00, 0x00, 0x00, 0x00, 0x00,
    0x00, 0x00, 0x00, 0x00, 0x00, 0x00, 0x00, 0x00, 0x00, 0x00, 0x00, 0x00, 0x00, 0x00, 0x00, 0x00,
    0x00, 0x00, 0x00, 0x00, 0x00, 0x00, 0x00, 0x00, 0x00, 0x00, 0x00, 0x00, 0x00, 0x00, 0x00, 0x00,
    0x00, 0x00, 0x00, 0x00, 0x00, 0x00, 0x00, 0x00, 0x00, 0x00, 0x00, 0x00, 0x00, 0x00, 0x00, 0x00,
    0x00, 0x00, 0x00, 0x00, 0x00, 0x00, 0x00, 0x00, 0x00, 0x00, 0x00, 0x00, 0x00, 0x00, 0x00, 0x00,
    0x00, 0x00, 0x00, 0x00, 0x00, 0x00, 0x00, 0x00, 0x00, 0x00, 0x00, 0x00, 0x00, 0x00, 0x00, 0x00,
    0x00, 0x00, 0x00, 0x00, 0x00, 0x00, 0x00, 0x00, 0x00, 0x00, 0x00, 0x00, 0x00, 0x00, 0x00, 0x00,
    0x00, 0x00, 0x00, 0x00, 0x00, 0x00, 0x00, 0x00, 0x00, 0x00, 0x00, 0x00, 0x00, 0x00, 0x00, 0x00,
    0x00, 0x00, 0x00, 0x00, 0x00, 0x00, 0x00, 0x00, 0x00, 0x00, 0x00, 0x00, 0x00, 0x00, 0x00, 0x00,
    0x00, 0x00, 0x00, 0x00, 0x00, 0x00, 0x00, 0x00, 0x00, 0x00, 0x00, 0x00, 0x00, 0x00, 0x00, 0x00,
    0x00, 0x00, 0x00, 0x00, 0x00, 0x00, 0x00, 0x00, 0x00, 0x00, 0x00, 0x00, 0x00, 0x00, 0x00, 0x00,
    0x00, 0x00, 0x00, 0x00, 0x00, 0x00, 0x00, 0x00, 0x00, 0x00, 0x00, 0x00, 0x00, 0x00, 0x00, 0x00,
    0x00, 0x00, 0x00, 0x00, 0x00, 0x00, 0x00, 0x00, 0x00, 0x00, 0x00, 0x00, 0x00, 0x00, 0x00, 0x00,
    0x00, 0x00, 0x00, 0x00, 0x00, 0x00, 0x00, 0x00, 0x00, 0x00, 0x00, 0x00, 0x00, 0x00, 0x00, 0x00,
    0x00, 0x00, 0x00, 0x00, 0x00, 0x00, 0x00, 0x00, 0x00, 0x00, 0x00, 0x00, 0x00, 0x00, 0x00, 0x00,
    0x00, 0x00, 0x00, 0x00, 0x00, 0x00, 0x00, 0x00, 0x00, 0x00, 0x00, 0x00, 0x00, 0x00, 0x00, 0x00,
    0x00, 0x00, 0x00, 0x00, 0x00, 0x00, 0x00, 0x00, 0x00, 0x00, 0x00, 0x00, 0x3f, 0xff, 0x7f, 0x04,
    0x00, 0x00, 0x00, 0x00, 0x49, 0xe4, 0x66, 0x6b, 0x30, 0xea, 0x54, 0xff, 0x29, 0xd3, 0x4b, 0xfb,
    0x2b, 0xd4, 0x4c, 0xff, 0x2a, 0xd4, 0x4b, 0xff, 0x29, 0xd4, 0x49, 0xff, 0x2a, 0xd4, 0x49, 0xff,
    0x2a, 0xd3, 0x4b, 0xff, 0x27, 0xd0, 0x49, 0xfb, 0x2f, 0xe6, 0x52, 0xff, 0x59, 0xe9, 0x79, 0x78,
    0x00, 0x00, 0x00, 0x00, 0x2a, 0xff, 0x55, 0x06, 0x01, 0x00, 0x00, 0x00, 0x7e, 0xee, 0x96, 0xa9,
    0x4f, 0xfa, 0x79, 0xff, 0x46, 0xec, 0x70, 0xfb, 0x46, 0xec, 0x70, 0xff, 0x46, 0xec, 0x71, 0xff,
    0x49, 0xec, 0x72, 0xff, 0x48, 0xec, 0x72, 0xff, 0x46, 0xec, 0x70, 0xfb, 0x4a, 0xf5, 0x76, 0xfc,
    0x57, 0xee, 0x7e, 0xd7, 0xff, 0xff, 0xff, 0x07, 0x7f, 0xff, 0x7f, 0x02, 0xbf, 0xbf, 0x7f, 0x04,
    0x00, 0x00, 0x00, 0x00, 0x00, 0x00, 0x00, 0x00, 0xff, 0xff, 0xff, 0x09, 0x00, 0x00, 0x00, 0x00,
    0x00, 0x00, 0x00, 0x00, 0x00, 0x00, 0x00, 0x00, 0x00, 0x00, 0x00, 0x02, 0x7f, 0x7f, 0x7f, 0x04,
    0x7f, 0x7f, 0x7f, 0x02, 0x00, 0x00, 0x00, 0x00, 0x00, 0x00, 0x00, 0x00, 0x00, 0x00, 0x00, 0x00,
    0x00, 0x00, 0x00, 0x00, 0x00, 0x00, 0x00, 0x00, 0x00, 0x00, 0x00, 0x00, 0x00, 0x00, 0x00, 0x00,
    0x00, 0x00, 0x00, 0x00, 0x00, 0x00, 0x00, 0x00, 0x00, 0x00, 0x00, 0x00, 0x00, 0x00, 0x00, 0x00,
    0x00, 0x00, 0x00, 0x00, 0x00, 0x00, 0x00, 0x00, 0x00, 0x00, 0x00, 0x00, 0x00, 0x00, 0x00, 0x00,
    0x00, 0x00, 0x00, 0x00, 0x00, 0x00, 0x00, 0x00, 0x00, 0x00, 0x00, 0x00, 0x00, 0x00, 0x00, 0x00,
    0x00, 0x00, 0x00, 0x00, 0x00, 0x00, 0x00, 0x00, 0x00, 0x00, 0x00, 0x00, 0x00, 0x00, 0x00, 0x00,
    0x00, 0x00, 0x00, 0x00, 0x00, 0x00, 0x00, 0x00, 0x00, 0x00, 0x00, 0x00, 0x00, 0x00, 0x00, 0x00,
    0x00, 0x00, 0x00, 0x00, 0x00, 0x00, 0x00, 0x00, 0x00, 0x00, 0x00, 0x00, 0x00, 0x00, 0x00, 0x00,
    0x00, 0x00, 0x00, 0x00, 0x00, 0x00, 0x00, 0x00, 0x00, 0x00, 0x00, 0x00, 0x00, 0x00, 0x00, 0x00,
    0x00, 0x00, 0x00, 0x00, 0x00, 0x00, 0x00, 0x00, 0x00, 0x00, 0x00, 0x00, 0x00, 0x00, 0x00, 0x00,
    0x00, 0x00, 0x00, 0x00, 0x00, 0x00, 0x00, 0x00, 0x00, 0x00, 0x00, 0x00, 0x00, 0x00, 0x00, 0x00,
    0x00, 0x00, 0x00, 0x00, 0x00, 0x00, 0x00, 0x00, 0x00, 0x00, 0x00, 0x00, 0x00, 0x00, 0x00, 0x00,
    0x00, 0x00, 0x00, 0x00, 0x00, 0x00, 0x00, 0x00, 0x00, 0x00, 0x00, 0x00, 0x00, 0x00, 0x00, 0x00,
    0x00, 0x00, 0x00, 0x00, 0x00, 0x00, 0x00, 0x00, 0x00, 0x00, 0x00, 0x00, 0x00, 0x00, 0x00, 0x00,
    0x00, 0x00, 0x00, 0x00, 0x00, 0x00, 0x00, 0x00, 0x00, 0x00, 0x00, 0x00, 0x00, 0x00, 0x00, 0x00,
    0x00, 0x00, 0x00, 0x00, 0x00, 0x00, 0x00, 0x00, 0x00, 0x00, 0x00, 0x00, 0x7f, 0xff, 0x7f, 0x04,
    0xff, 0xff, 0xff, 0x01, 0x8c, 0xf2, 0x9e, 0x64, 0x45, 0xd7, 0x58, 0xff, 0x15, 0x99, 0x21, 0xfc,
    0x18, 0xa2, 0x26, 0xff, 0x1e, 0xba, 0x33, 0xff, 0x22, 0xc2, 0x3b, 0xff, 0x26, 0xc1, 0x3d, 0xff,
    0x1d, 0xaa, 0x2f, 0xff, 0x1a, 0x93, 0x27, 0xfb, 0x2d, 0xd4, 0x4b, 0xff, 0x55, 0xee, 0x74, 0x78,
    0x00, 0x00, 0x00, 0x00, 0x00, 0xff, 0x00, 0x01, 0xd5, 0xf6, 0xde, 0x1f, 0x66, 0xef, 0x86, 0xf5,
    0x44, 0xee, 0x6f, 0xfe, 0x49, 0xeb, 0x72, 0xfe, 0x46, 0xec, 0x70, 0xff, 0x47, 0xec, 0x70, 0xff,
    0x49, 0xec, 0x72, 0xff, 0x46, 0xec, 0x71, 0xff, 0x47, 0xec, 0x71, 0xff, 0x48, 0xeb, 0x71, 0xfc,
    0x4f, 0xfb, 0x7b, 0xff, 0x6e, 0xef, 0x92, 0x63, 0x00, 0x00, 0x00, 0x00, 0x00, 0x00, 0x00, 0x00,
    0xc8, 0xbf, 0xbf, 0x1c, 0xab, 0xa4, 0xa4, 0x8d, 0xa0, 0x9a, 0x9a, 0xe1, 0xa4, 0x9f, 0x9f, 0xb2,
    0xad, 0xa8, 0xa8, 0x64, 0xc7, 0xbf, 0xbf, 0x20, 0x00, 0x00, 0x00, 0x00, 0x00, 0x00, 0x00, 0x00,
    0x00, 0x00, 0x00, 0x00, 0x00, 0x00, 0x00, 0x01, 0x00, 0x00, 0x00, 0x00, 0x00, 0x00, 0x00, 0x00,
    0x00, 0x00, 0x00, 0x00, 0x00, 0x00, 0x00, 0x00, 0x00, 0x00, 0x00, 0x00, 0x00, 0x00, 0x00, 0x00,
    0x00, 0x00, 0x00, 0x00, 0x00, 0x00, 0x00, 0x00, 0x00, 0x00, 0x00, 0x00, 0x00, 0x00, 0x00, 0x00,
    0x00, 0x00, 0x00, 0x00, 0x00, 0x00, 0x00, 0x00, 0x00, 0x00, 0x00, 0x00, 0x00, 0x00, 0x00, 0x00,
    0x00, 0x00, 0x00, 0x00, 0x00, 0x00, 0x00, 0x00, 0x00, 0x00, 0x00, 0x00, 0x00, 0x00, 0x00, 0x00,
    0x00, 0x00, 0x00, 0x00, 0x00, 0x00, 0x00, 0x00, 0x00, 0x00, 0x00, 0x00, 0x00, 0x00, 0x00, 0x00,
    0x00, 0x00, 0x00, 0x00, 0x00, 0x00, 0x00, 0x00, 0x00, 0x00, 0x00, 0x00, 0x00, 0x00, 0x00, 0x00,
    0x00, 0x00, 0x00, 0x00, 0x00, 0x00, 0x00, 0x00, 0x00, 0x00, 0x00, 0x00, 0x00, 0x00, 0x00, 0x00,
    0x00, 0x00, 0x00, 0x00, 0x00, 0x00, 0x00, 0x00, 0x00, 0x00, 0x00, 0x00, 0x00, 0x00, 0x00, 0x00,
    0x00, 0x00, 0x00, 0x00, 0x00, 0x00, 0x00, 0x00, 0x00, 0x00, 0x00, 0x00, 0x00, 0x00, 0x00, 0x00,
    0x00, 0x00, 0x00, 0x00, 0x00, 0x00, 0x00, 0x00, 0x00, 0x00, 0x00, 0x00, 0x00, 0x00, 0x00, 0x00,
    0x00, 0x00, 0x00, 0x00, 0x00, 0x00, 0x00, 0x00, 0x00, 0x00, 0x00, 0x00, 0x00, 0x00, 0x00, 0x00,
    0x00, 0x00, 0x00, 0x00, 0x00, 0x00, 0x00, 0x00, 0x00, 0x00, 0x00, 0x00, 0x00, 0x00, 0x00, 0x00,
    0x00, 0x00, 0x00, 0x00, 0x00, 0x00, 0x00, 0x00, 0x00, 0x00, 0x00, 0x00, 0x00, 0x00, 0x00, 0x00,
    0x00, 0x00, 0x00, 0x00, 0x00, 0x00, 0x00, 0x00, 0x00, 0x00, 0x00, 0x00, 0x00, 0x00, 0x00, 0x00,
    0x00, 0x00, 0x00, 0x00, 0x00, 0x00, 0x00, 0x00, 0x00, 0x00, 0x00, 0x00, 0x7f, 0xff, 0x7f, 0x04,
    0x00, 0x00, 0x00, 0x00, 0x87, 0xfc, 0xa9, 0x5c, 0x66, 0xff, 0x86, 0xff, 0x23, 0xe3, 0x48, 0xfc,
    0x17, 0xe2, 0x41, 0xff, 0x19, 0xe9, 0x47, 0xff, 0x1a, 0xed, 0x4d, 0xff, 0x23, 0xef, 0x56, 0xff,
    0x27, 0xed, 0x54, 0xff, 0x32, 0xee, 0x5c, 0xfb, 0x39, 0xfd, 0x66, 0xff, 0x50, 0xe9, 0x74, 0x78,
    0x00, 0x00, 0x00, 0x00, 0x00, 0x00, 0x00, 0x00, 0x8a, 0xf0, 0x9f, 0x7d, 0x58, 0xfd, 0x7f, 0xff,
    0x48, 0xeb, 0x71, 0xfb, 0x47, 0xec, 0x70, 0xff, 0x47, 0xec, 0x71, 0xff, 0x46, 0xec, 0x70, 0xff,
    0x47, 0xec, 0x71, 0xff, 0x48, 0xec, 0x71, 0xff, 0x45, 0xec, 0x6f, 0xff, 0x45, 0xeb, 0x70, 0xfd,
    0x48, 0xf4, 0x74, 0xfe, 0x54, 0xee, 0x7b, 0xd7, 0xb7, 0xea, 0xc1, 0x19, 0xa9, 0xa3, 0xa3, 0x80,
    0xa0, 0x9b, 0x9a, 0xec, 0xa3, 0x9d, 0x9c, 0xff, 0x9b, 0x95, 0x95, 0xff, 0xa1, 0x9b, 0x9a, 0xff,
    0xa4, 0x9d, 0x9d, 0xff, 0x9f, 0x99, 0x98, 0xf4, 0xa5, 0xa0, 0xa0, 0xba, 0xb1, 0xaa, 0xaa, 0x6c,
    0xc9, 0xc2, 0xc2, 0x26, 0x00, 0x00, 0x00, 0x00, 0x00, 0x00, 0x00, 0x00, 0x00, 0x00, 0x00, 0x00,
    0x00, 0x00, 0x00, 0x00, 0x00, 0x00, 0x00, 0x00, 0x00, 0x00, 0x00, 0x00, 0x00, 0x00, 0x00, 0x00,
    0x00, 0x00, 0x00, 0x00, 0x00, 0x00, 0x00, 0x00, 0x00, 0x00, 0x00, 0x00, 0x00, 0x00, 0x00, 0x00,
    0x00, 0x00, 0x00, 0x00, 0x00, 0x00, 0x00, 0x00, 0x00, 0x00, 0x00, 0x00, 0x00, 0x00, 0x00, 0x00,
    0x00, 0x00, 0x00, 0x00, 0x00, 0x00, 0x00, 0x00, 0x00, 0x00, 0x00, 0x00, 0x00, 0x00, 0x00, 0x00,
    0x00, 0x00, 0x00, 0x00, 0x00, 0x00, 0x00, 0x00, 0x00, 0x00, 0x00, 0x00, 0x00, 0x00, 0x00, 0x00,
    0x00, 0x00, 0x00, 0x00, 0x00, 0x00, 0x00, 0x00, 0x00, 0x00, 0x00, 0x00, 0x00, 0x00, 0x00, 0x00,
    0x00, 0x00, 0x00, 0x00, 0x00, 0x00, 0x00, 0x00, 0x00, 0x00, 0x00, 0x00, 0x00, 0x00, 0x00, 0x00,
    0x00, 0x00, 0x00, 0x00, 0x00, 0x00, 0x00, 0x00, 0x00, 0x00, 0x00, 0x00, 0x00, 0x00, 0x00, 0x00,
    0x00, 0x00, 0x00, 0x00, 0x00, 0x00, 0x00, 0x00, 0x00, 0x00, 0x00, 0x00, 0x00, 0x00, 0x00, 0x00,
    0x00, 0x00, 0x00, 0x00, 0x00, 0x00, 0x00, 0x00, 0x00, 0x00, 0x00, 0x00, 0x00, 0x00, 0x00, 0x00,
    0x00, 0x00, 0x00, 0x00, 0x00, 0x00, 0x00, 0x00, 0x00, 0x00, 0x00, 0x00, 0x00, 0x00, 0x00, 0x00,
    0x00, 0x00, 0x00, 0x00, 0x00, 0x00, 0x00, 0x00, 0x00, 0x00, 0x00, 0x00, 0x00, 0x00, 0x00, 0x00,
    0x00, 0x00, 0x00, 0x00, 0x00, 0x00, 0x00, 0x00, 0x00, 0x00, 0x00, 0x00, 0x00, 0x00, 0x00, 0x00,
    0x00, 0xff, 0xff, 0x01, 0xff, 0xff, 0xff, 0x01, 0xff, 0xff, 0xff, 0x01, 0xff, 0xff, 0xff, 0x01,
    0xff, 0xff, 0xff, 0x01, 0xff, 0xff, 0xff, 0x01, 0x00, 0x00, 0x00, 0x01, 0x7f, 0xff, 0x7f, 0x02,
    0xff, 0xff, 0xff, 0x11, 0xbf, 0xdf, 0xaa, 0x81, 0x9a, 0xdb, 0x87, 0xff, 0x78, 0xba, 0x5b, 0xfc,
    0x74, 0xb0, 0x4d, 0xff, 0x76, 0xb2, 0x4c, 0xff, 0x79, 0xb8, 0x50, 0xff, 0x75, 0xbb, 0x51, 0xff,
    0x5a, 0xb6, 0x48, 0xff, 0x4f, 0xc2, 0x4d, 0xfb, 0x45, 0xeb, 0x5e, 0xff, 0x56, 0xee, 0x78, 0x79,
    0x00, 0x00, 0x00, 0x00, 0xff, 0xff, 0xff, 0x0b, 0x73, 0xee, 0x8d, 0xdd, 0x4b, 0xf4, 0x75, 0xff,
    0x47, 0xec, 0x70, 0xfd, 0x46, 0xec, 0x6f, 0xff, 0x47, 0xec, 0x70, 0xff, 0x47, 0xec, 0x71, 0xff,
    0x47, 0xec, 0x71, 0xff, 0x48, 0xec, 0x71, 0xff, 0x4a, 0xec, 0x72, 0xff, 0x49, 0xec, 0x72, 0xff,
    0x45, 0xee, 0x70, 0xff, 0x46, 0xf1, 0x72, 0xf2, 0x8f, 0xa1, 0x8f, 0xca, 0xa6, 0x9c, 0x9e, 0xff,
    0x9b, 0x95, 0x94, 0xff, 0x98, 0x92, 0x91, 0xfc, 0x99, 0x93, 0x92, 0xfe, 0x9a, 0x94, 0x93, 0xfc,
    0x99, 0x93, 0x92, 0xfc, 0x9b, 0x95, 0x94, 0xff, 0xa1, 0x9b, 0x9a, 0xff, 0xa4, 0x9d, 0x9d, 0xff,
    0xa1, 0x9b, 0x9a, 0xf8, 0xa7, 0xa1, 0xa1, 0xab, 0xe2, 0xc6, 0xc6, 0x09, 0x00, 0x00, 0x00, 0x01,
    0x00, 0x00, 0x00, 0x01, 0x00, 0x00, 0x00, 0x00, 0x00, 0x00, 0x00, 0x00, 0x00, 0x00, 0x00, 0x00,
    0x00, 0x00, 0x00, 0x00, 0x00, 0x00, 0x00, 0x00, 0x00, 0x00, 0x00, 0x00, 0x00, 0x00, 0x00, 0x00,
    0x00, 0x00, 0x00, 0x00, 0x00, 0x00, 0x00, 0x00, 0x00, 0x00, 0x00, 0x00, 0x00, 0x00, 0x00, 0x00,
    0x00, 0x00, 0x00, 0x00, 0x00, 0x00, 0x00, 0x00, 0x00, 0x00, 0x00, 0x00, 0x00, 0x00, 0x00, 0x00,
    0x00, 0x00, 0x00, 0x00, 0x00, 0x00, 0x00, 0x00, 0x00, 0x00, 0x00, 0x00, 0x00, 0x00, 0x00, 0x00,
    0x00, 0x00, 0x00, 0x00, 0x00, 0x00, 0x00, 0x00, 0x00, 0x00, 0x00, 0x00, 0x00, 0x00, 0x00, 0x00,
    0x00, 0x00, 0x00, 0x00, 0x00, 0x00, 0x00, 0x00, 0x00, 0x00, 0x00, 0x00, 0x00, 0x00, 0x00, 0x00,
    0x00, 0x00, 0x00, 0x00, 0x00, 0x00, 0x00, 0x00, 0x00, 0x00, 0x00, 0x00, 0x00, 0x00, 0x00, 0x00,
    0x00, 0x00, 0x00, 0x00, 0x00, 0x00, 0x00, 0x00, 0x00, 0x00, 0x00, 0x00, 0x00, 0x00, 0x00, 0x00,
    0x00, 0x00, 0x00, 0x00, 0x00, 0x00, 0x00, 0x00, 0x00, 0x00, 0x00, 0x00, 0x00, 0x00, 0x00, 0x00,
    0x00, 0x00, 0x00, 0x00, 0x00, 0x00, 0x00, 0x00, 0x00, 0x00, 0x00, 0x00, 0x00, 0x00, 0x00, 0x00,
    0x00, 0x00, 0x00, 0x00, 0x00, 0x00, 0x00, 0x00, 0x00, 0x00, 0x00, 0x00, 0xaa, 0xff, 0xaa, 0x03,
    0x7f, 0xff, 0x7f, 0x04, 0x7f, 0xff, 0x7f, 0x04, 0xaa, 0xff, 0xaa, 0x03, 0x00, 0x7f, 0x00, 0x02,
    0x00, 0x00, 0x00, 0x00, 0x00, 0x00, 0x00, 0x00, 0x00, 0x00, 0x00, 0x00, 0x00, 0x00, 0x00, 0x00,
    0x00, 0x00, 0x00, 0x00, 0x00, 0x00, 0x00, 0x00, 0x00, 0xaa, 0x55, 0x03, 0xee, 0xdd, 0xbb, 0x0f,
    0xd1, 0x99, 0x89, 0xe4, 0xbf, 0x7a, 0x69, 0xff, 0x9e, 0x4b, 0x40, 0xfe, 0x8c, 0x28, 0x20, 0xff,
    0x8e, 0x1c, 0x15, 0xff, 0x96, 0x1e, 0x15, 0xff, 0x9e, 0x25, 0x18, 0xff, 0x8a, 0x22, 0x13, 0xff,
    0x67, 0x1b, 0x0b, 0xff, 0x5d, 0x18, 0x0b, 0xfb, 0x4f, 0x50, 0x1d, 0xff, 0x56, 0xc9, 0x62, 0x7c,
    0x00, 0xff, 0x00, 0x01, 0x99, 0xe9, 0xa2, 0x53, 0x4d, 0xf2, 0x6e, 0xff, 0x3b, 0xe8, 0x64, 0xfd,
    0x47, 0xec, 0x6f, 0xff, 0x48, 0xec, 0x71, 0xff, 0x48, 0xec, 0x71, 0xff, 0x4b, 0xec, 0x72, 0xff,
    0x47, 0xec, 0x71, 0xff, 0x48, 0xec, 0x72, 0xff, 0x48, 0xec, 0x71, 0xff, 0x47, 0xea, 0x70, 0xff,
    0x47, 0xf6, 0x74, 0xff, 0x3f, 0xbb, 0x5a, 0xfd, 0x86, 0x7d, 0x7d, 0xff, 0x9b, 0x95, 0x95, 0xfc,
    0x99, 0x92, 0x91, 0xfe, 0x9a, 0x93, 0x93, 0xff, 0x98, 0x92, 0x92, 0xff, 0x99, 0x92, 0x92, 0xff,
    0x9a, 0x93, 0x93, 0xff, 0x99, 0x93, 0x93, 0xfe, 0x9a, 0x93, 0x93, 0xfc, 0x99, 0x92, 0x92, 0xfb,
    0x9b, 0x94, 0x93, 0xff, 0x9f, 0x98, 0x98, 0xff, 0xb7, 0xb0, 0xb0, 0x27, 0x00, 0x00, 0x00, 0x00,
    0x7f, 0x7f, 0x7f, 0x02, 0x00, 0x00, 0x00, 0x00, 0x00, 0x00, 0x00, 0x00, 0x00, 0x00, 0x00, 0x00,
    0xff, 0xff, 0xff, 0x01, 0x55, 0x55, 0x55, 0x03, 0x55, 0x55, 0x55, 0x03, 0xff, 0xff, 0xff, 0x01,
    0x00, 0x00, 0x00, 0x00, 0x00, 0x00, 0x00, 0x00, 0x00, 0x00, 0x00, 0x00, 0x00, 0x00, 0x00, 0x00,
    0x00, 0x00, 0x00, 0x00, 0x00, 0x00, 0x00, 0x00, 0x00, 0x00, 0x00, 0x00, 0x00, 0x00, 0x00, 0x00,
    0x00, 0x00, 0x00, 0x00, 0x00, 0x00, 0x00, 0x00, 0x00, 0x00, 0x00, 0x00, 0x00, 0x00, 0x00, 0x00,
    0x00, 0x00, 0x00, 0x00, 0x00, 0x00, 0x00, 0x00, 0x00, 0x00, 0x00, 0x00, 0x00, 0x00, 0x00, 0x00,
    0x00, 0x00, 0x00, 0x00, 0x00, 0x00, 0x00, 0x00, 0x00, 0x00, 0x00, 0x00, 0x00, 0x00, 0x00, 0x00,
    0x00, 0x00, 0x00, 0x00, 0x00, 0x00, 0x00, 0x00, 0x00, 0x00, 0x00, 0x00, 0x00, 0x00, 0x00, 0x00,
    0x00, 0x00, 0x00, 0x00, 0x00, 0x00, 0x00, 0x00, 0x00, 0x00, 0x00, 0x00, 0x00, 0x00, 0x00, 0x00,
    0x00, 0x00, 0x00, 0x00, 0x00, 0x00, 0x00, 0x00, 0x00, 0x00, 0x00, 0x00, 0x00, 0x00, 0x00, 0x00,
    0x00, 0x00, 0x00, 0x00, 0x00, 0x00, 0x00, 0x00, 0x00, 0x00, 0x00, 0x00, 0x00, 0x00, 0x00, 0x00,
    0x00, 0x00, 0x00, 0x00, 0xff, 0xff, 0xff, 0x01, 0x00, 0x00, 0x00, 0x00, 0x00, 0x00, 0x00, 0x00,
    0x00, 0x00, 0x00, 0x00, 0x00, 0x00, 0x00, 0x00, 0x00, 0x00, 0x00, 0x00, 0x00, 0x00, 0x00, 0x00,
    0xff, 0xff, 0xff, 0x05, 0xa5, 0xff, 0xc3, 0x11, 0x93, 0xf1, 0xae, 0x13, 0x9b, 0xff, 0xb8, 0x12,
    0x93, 0xff, 0xae, 0x13, 0xa5, 0xff, 0xc3, 0x11, 0x00, 0x00, 0x00, 0x00, 0x09, 0x01, 0x06, 0x00,
    0xb5, 0x9e, 0x8e, 0x6f, 0xab, 0xa3, 0x9a, 0xd2, 0xb9, 0xb0, 0xab, 0xfe, 0x99, 0x8f, 0x8a, 0xfe,
    0x80, 0x71, 0x6c, 0xff, 0x66, 0x50, 0x48, 0xff, 0x64, 0x4f, 0x46, 0xff, 0x58, 0x4f, 0x44, 0xff,
    0x33, 0x3e, 0x29, 0xff, 0x2a, 0x6c, 0x30, 0xfb, 0x35, 0xb1, 0x4b, 0xff, 0x5e, 0xe1, 0x7c, 0x79,
    0x00, 0x00, 0x00, 0x00, 0x6a, 0xe6, 0x7e, 0xae, 0x31, 0xef, 0x56, 0xfe, 0x2d, 0xe4, 0x54, 0xfb,
    0x32, 0xe5, 0x59, 0xff, 0x37, 0xe8, 0x5f, 0xff, 0x40, 0xea, 0x6a, 0xff, 0x4b, 0xec, 0x72, 0xff,
    0x4b, 0xec, 0x73, 0xff, 0x48, 0xec, 0x71, 0xff, 0x46, 0xec, 0x70, 0xff, 0x4c, 0xeb, 0x73, 0xff,
    0x41, 0xf0, 0x6d, 0xff, 0x44, 0x83, 0x4e, 0xff, 0x97, 0x87, 0x8e, 0xfe, 0x99, 0x95, 0x93, 0xff,
    0x98, 0x92, 0x91, 0xff, 0x99, 0x93, 0x92, 0xff, 0x99, 0x93, 0x92, 0xff, 0x9a, 0x93, 0x93, 0xff,
    0x9a, 0x93, 0x93, 0xff, 0x9b, 0x94, 0x94, 0xff, 0x9a, 0x94, 0x93, 0xff, 0x9a, 0x93, 0x93, 0xfd,
    0x9f, 0x98, 0x97, 0xfe, 0x9d, 0x97, 0x97, 0xce, 0xdf, 0xdf, 0xdf, 0x08, 0x7f, 0x7f, 0x7f, 0x04,
    0x00, 0x00, 0x00, 0x00, 0x00, 0x00, 0x00, 0x00, 0x00, 0x00, 0x00, 0x00, 0x00, 0x00, 0x00, 0x00,
    0x00, 0x00, 0x00, 0x00, 0x00, 0x00, 0x00, 0x00, 0x00, 0x00, 0x00, 0x00, 0x00, 0x00, 0x00, 0x00,
    0x00, 0x00, 0x00, 0x03, 0x55, 0x55, 0x55, 0x03, 0x00, 0x00, 0x00, 0x00, 0x00, 0x00, 0x00, 0x00,
    0x00, 0x00, 0x00, 0x00, 0x00, 0x00, 0x00, 0x00, 0x00, 0x00, 0x00, 0x00, 0x00, 0x00, 0x00, 0x00,
    0x00, 0x00, 0x00, 0x00, 0x00, 0x00, 0x00, 0x00, 0x00, 0x00, 0x00, 0x00, 0x00, 0x00, 0x00, 0x00,
    0x00, 0x00, 0x00, 0x00, 0x00, 0x00, 0x00, 0x00, 0x00, 0x00, 0x00, 0x00, 0x00, 0x00, 0x00, 0x00,
    0x00, 0x00, 0x00, 0x00, 0x00, 0x00, 0x00, 0x00, 0x00, 0x00, 0x00, 0x00, 0x00, 0x00, 0x00, 0x00,
    0x00, 0x00, 0x00, 0x00, 0x00, 0x00, 0x00, 0x00, 0x00, 0x00, 0x00, 0x00, 0x00, 0x00, 0x00, 0x00,
    0x00, 0x00, 0x00, 0x00, 0x00, 0x00, 0x00, 0x00, 0x00, 0x00, 0x00, 0x00, 0x00, 0x00, 0x00, 0x00,
    0x00, 0x00, 0x00, 0x00, 0x00, 0x00, 0x00, 0x00, 0x00, 0x00, 0x00, 0x00, 0x00, 0x00, 0x00, 0x00,
    0x00, 0x00, 0x00, 0x00, 0x00, 0x00, 0x00, 0x00, 0x00, 0x00, 0x00, 0x00, 0x00, 0x00, 0x00, 0x00,
    0x7f, 0xff, 0x7f, 0x02, 0x00, 0x00, 0x00, 0x00, 0x01, 0x00, 0x00, 0x00, 0xaa, 0xfa, 0xbf, 0x3c,
    0x90, 0xf4, 0xaa, 0x61, 0x93, 0xf5, 0xab, 0x80, 0x8b, 0xf5, 0xa6, 0xa1, 0x83, 0xf2, 0x9f, 0xbe,
    0x70, 0xef, 0x8e, 0xda, 0x5c, 0xec, 0x7e, 0xed, 0x5b, 0xec, 0x7d, 0xee, 0x5b, 0xec, 0x7d, 0xee,
    0x56, 0xec, 0x7a, 0xef, 0x5b, 0xef, 0x80, 0xec, 0x59, 0xed, 0x7e, 0xae, 0xc4, 0xf0, 0xcc, 0xbf,
    0xff, 0xff, 0xff, 0xde, 0xdf, 0xef, 0xe0, 0xf1, 0xdb, 0xd5, 0xd9, 0xff, 0xd5, 0xcb, 0xd2, 0xff,
    0xc9, 0xbf, 0xc6, 0xff, 0xc5, 0xb9, 0xc2, 0xff, 0xfc, 0xf0, 0xf9, 0xff, 0xff, 0xff, 0xff, 0xff,
    0x86, 0xee, 0x9e, 0xff, 0x39, 0xf0, 0x63, 0xfd, 0x4c, 0xf0, 0x6d, 0xff, 0x49, 0xdb, 0x66, 0xd3,
    0xf2, 0xff, 0xeb, 0x28, 0x53, 0xe3, 0x6b, 0xee, 0x2a, 0xe7, 0x51, 0xff, 0x30, 0xe3, 0x55, 0xfe,
    0x2e, 0xe4, 0x54, 0xff, 0x2e, 0xe3, 0x53, 0xff, 0x2e, 0xe4, 0x55, 0xff, 0x34, 0xe6, 0x5b, 0xff,
    0x3a, 0xe8, 0x62, 0xff, 0x41, 0xeb, 0x6a, 0xff, 0x48, 0xeb, 0x70, 0xff, 0x50, 0xf4, 0x79, 0xff,
    0x32, 0xca, 0x57, 0xff, 0x67, 0x70, 0x64, 0xff, 0x9f, 0x97, 0x98, 0xff, 0x96, 0x91, 0x90, 0xff,
    0x99, 0x93, 0x92, 0xff, 0x99, 0x93, 0x92, 0xff, 0x9a, 0x93, 0x93, 0xff, 0x99, 0x92, 0x92, 0xff,
    0x98, 0x92, 0x92, 0xff, 0x99, 0x93, 0x92, 0xff, 0x98, 0x92, 0x92, 0xff, 0x99, 0x92, 0x92, 0xfb,
    0xa2, 0x9b, 0x9b, 0xff, 0x9d, 0x9a, 0x98, 0x86, 0x00, 0x00, 0x00, 0x00, 0x00, 0x00, 0x00, 0x00,
    0x7f, 0x7f, 0x7f, 0x02, 0xaa, 0xaa, 0xaa, 0x03, 0x7f, 0x7f, 0x7f, 0x02, 0xff, 0xff, 0xff, 0x01,
    0xa6, 0xa6, 0xa6, 0x2b, 0x6d, 0x6c, 0x6c, 0x9e, 0x66, 0x66, 0x66, 0x57, 0xff, 0xff, 0xff, 0x0f,
    0x00, 0x00, 0x00, 0x00, 0x00, 0x00, 0x00, 0x00, 0x00, 0x00, 0x00, 0x00, 0x00, 0x00, 0x00, 0x00,
    0x00, 0x00, 0x00, 0x00, 0x00, 0x00, 0x00, 0x00, 0x00, 0x00, 0x00, 0x00, 0x00, 0x00, 0x00, 0x00,
    0x00, 0x00, 0x00, 0x00, 0x00, 0x00, 0x00, 0x00, 0x00, 0x00, 0x00, 0x00, 0x00, 0x00, 0x00, 0x00,
    0x00, 0x00, 0x00, 0x00, 0x00, 0x00, 0x00, 0x00, 0x00, 0x00, 0x00, 0x00, 0x00, 0x00, 0x00, 0x00,
    0x00, 0x00, 0x00, 0x00, 0x00, 0x00, 0x00, 0x00, 0x00, 0x00, 0x00, 0x00, 0x00, 0x00, 0x00, 0x00,
    0x00, 0x00, 0x00, 0x00, 0x00, 0x00, 0x00, 0x00, 0x00, 0x00, 0x00, 0x00, 0x00, 0x00, 0x00, 0x00,
    0x00, 0x00, 0x00, 0x00, 0x00, 0x00, 0x00, 0x00, 0x00, 0x00, 0x00, 0x00, 0x00, 0x00, 0x00, 0x00,
    0x00, 0x00, 0x00, 0x00, 0x00, 0x00, 0x00, 0x00, 0x00, 0x00, 0x00, 0x00, 0x00, 0x00, 0x00, 0x00,
    0x00, 0x00, 0x00, 0x00, 0x00, 0x00, 0x00, 0x00, 0x00, 0x00, 0x00, 0x00, 0x7f, 0xff, 0xff, 0x02,
    0x00, 0x00, 0x00, 0x00, 0xff, 0xe5, 0xff, 0x0a, 0x91, 0xf7, 0xaa, 0xae, 0x86, 0xfe, 0xa5, 0xff,
    0x89, 0xff, 0xa6, 0xff, 0x87, 0xff, 0xa5, 0xff, 0x77, 0xff, 0x97, 0xff, 0x5f, 0xf9, 0x83, 0xff,
    0x51, 0xf3, 0x77, 0xff, 0x58, 0xf0, 0x7b, 0xff, 0x55, 0xf0, 0x79, 0xff, 0x52, 0xf0, 0x78, 0xff,
    0x54, 0xf0, 0x78, 0xff, 0x55, 0xf0, 0x79, 0xff, 0x57, 0xf9, 0x7e, 0xff, 0x5f, 0xf7, 0x83, 0xff,
    0x7b, 0xf4, 0x95, 0xff, 0x7f, 0xe7, 0x93, 0xff, 0x8a, 0xd8, 0x99, 0xff, 0x8c, 0xd8, 0x9c, 0xff,
    0x79, 0xce, 0x8c, 0xff, 0x6f, 0xc5, 0x7c, 0xff, 0x89, 0xd8, 0x94, 0xff, 0x9a, 0xdd, 0xa0, 0xff,
    0x43, 0xd1, 0x59, 0xff, 0x28, 0xcb, 0x44, 0xff, 0x32, 0xc5, 0x48, 0xff, 0x20, 0xbf, 0x31, 0xf5,
    0x74, 0xe0, 0x81, 0xa9, 0x3a, 0xe7, 0x5b, 0xff, 0x2c, 0xe3, 0x52, 0xfe, 0x2f, 0xe3, 0x54, 0xff,
    0x2f, 0xe4, 0x55, 0xff, 0x30, 0xe4, 0x55, 0xff, 0x2f, 0xe4, 0x55, 0xff, 0x2f, 0xe3, 0x54, 0xff,
    0x2e, 0xe4, 0x53, 0xff, 0x30, 0xe5, 0x56, 0xff, 0x35, 0xe4, 0x5c, 0xff, 0x3d, 0xf4, 0x69, 0xff,
    0x37, 0x98, 0x4c, 0xff, 0x8c, 0x7e, 0x83, 0xff, 0x9b, 0x97, 0x94, 0xff, 0x98, 0x91, 0x91, 0xff,
    0x99, 0x92, 0x92, 0xff, 0x98, 0x91, 0x91, 0xff, 0x99, 0x92, 0x92, 0xff, 0x97, 0x91, 0x91, 0xff,
    0x98, 0x91, 0x91, 0xff, 0x98, 0x92, 0x92, 0xff, 0x98, 0x92, 0x92, 0xff, 0x9d, 0x96, 0x96, 0xfc,
    0x8e, 0x88, 0x88, 0xff, 0x6e, 0x6d, 0x6d, 0xa6, 0xc0, 0xc0, 0xc0, 0x29, 0xa4, 0xa4, 0xa4, 0x5a,
    0x00, 0x00, 0x00, 0x00, 0x00, 0x00, 0x00, 0x00, 0x7f, 0x7f, 0x7f, 0x04, 0x00, 0x00, 0x00, 0x00,
    0xa9, 0xa7, 0xa7, 0x9b, 0x4b, 0x49, 0x49, 0xff, 0x37, 0x35, 0x35, 0xff, 0x47, 0x46, 0x46, 0xe4,
    0x5a, 0x58, 0x58, 0x9b, 0x79, 0x79, 0x79, 0x3d, 0xff, 0xff, 0xff, 0x01, 0x00, 0x00, 0x00, 0x01,
    0x00, 0x00, 0x00, 0x00, 0x00, 0x00, 0x00, 0x00, 0x00, 0x00, 0x00, 0x00, 0x00, 0x00, 0x00, 0x00,
    0x00, 0x00, 0x00, 0x00, 0x00, 0x00, 0x00, 0x00, 0x00, 0x00, 0x00, 0x00, 0x00, 0x00, 0x00, 0x00,
    0x00, 0x00, 0x00, 0x00, 0x00, 0x00, 0x00, 0x00, 0x00, 0x00, 0x00, 0x00, 0x00, 0x00, 0x00, 0x00,
    0x00, 0x00, 0x00, 0x00, 0x00, 0x00, 0x00, 0x00, 0x00, 0x00, 0x00, 0x00, 0x00, 0x00, 0x00, 0x00,
    0x00, 0x00, 0x00, 0x00, 0x00, 0x00, 0x00, 0x00, 0x00, 0x00, 0x00, 0x00, 0x00, 0x00, 0x00, 0x00,
    0x00, 0x00, 0x00, 0x00, 0x00, 0x00, 0x00, 0x00, 0x00, 0x00, 0x00, 0x00, 0x00, 0x00, 0x00, 0x00,
    0x00, 0x00, 0x00, 0x00, 0x00, 0x00, 0x00, 0x00, 0x00, 0x00, 0x00, 0x00, 0x00, 0x00, 0x00, 0x00,
    0x00, 0x00, 0x00, 0x00, 0x00, 0x00, 0x00, 0x00, 0xaa, 0xff, 0xaa, 0x03, 0x00, 0x00, 0x00, 0x00,
    0xff, 0xff, 0xeb, 0x0d, 0x92, 0xf8, 0xac, 0xbc, 0x85, 0xff, 0xa5, 0xff, 0x7a, 0xf1, 0x97, 0xfc,
    0x70, 0xf0, 0x8f, 0xfb, 0x5e, 0xed, 0x7e, 0xfb, 0x55, 0xeb, 0x77, 0xfb, 0x52, 0xeb, 0x77, 0xfc,
    0x55, 0xeb, 0x77, 0xfd, 0x56, 0xeb, 0x78, 0xfe, 0x56, 0xeb, 0x78, 0xfe, 0x54, 0xeb, 0x78, 0xfe,
    0x50, 0xeb, 0x75, 0xfe, 0x51, 0xeb, 0x76, 0xfe, 0x51, 0xeb, 0x76, 0xfc, 0x4f, 0xeb, 0x74, 0xfc,
    0x49, 0xeb, 0x6f, 0xfe, 0x4c, 0xec, 0x72, 0xff, 0x4d, 0xef, 0x72, 0xff, 0x52, 0xf0, 0x76, 0xff,
    0x3e, 0xeb, 0x62, 0xff, 0x2f, 0xe1, 0x4d, 0xff, 0x20, 0xd4, 0x3b, 0xff, 0x10, 0xc6, 0x27, 0xff,
    0x13, 0xb9, 0x24, 0xff, 0x14, 0xaa, 0x21, 0xff, 0x13, 0xa3, 0x20, 0xff, 0x19, 0xa7, 0x26, 0xfe,
    0x48, 0xdf, 0x5e, 0xff, 0x2d, 0xe4, 0x53, 0xff, 0x2f, 0xe4, 0x55, 0xff, 0x2e, 0xe3, 0x54, 0xff,
    0x2f, 0xe3, 0x54, 0xff, 0x2f, 0xe4, 0x55, 0xff, 0x2f, 0xe4, 0x54, 0xff, 0x2f, 0xe4, 0x55, 0xff,
    0x2f, 0xe4, 0x54, 0xff, 0x2f, 0xe3, 0x54, 0xff, 0x31, 0xe5, 0x56, 0xff, 0x34, 0xe1, 0x58, 0xff,
    0x3d, 0x5d, 0x3f, 0xff, 0x8c, 0x80, 0x83, 0xff, 0x95, 0x90, 0x8e, 0xff, 0x99, 0x93, 0x92, 0xff,
    0x99, 0x92, 0x92, 0xff, 0x99, 0x93, 0x92, 0xff, 0x99, 0x92, 0x92, 0xff, 0x98, 0x92, 0x92, 0xff,
    0x9a, 0x93, 0x93, 0xff, 0x98, 0x92, 0x92, 0xff, 0x98, 0x92, 0x91, 0xff, 0xa1, 0x9a, 0x99, 0xfc,
    0x6c, 0x68, 0x68, 0xff, 0x78, 0x79, 0x79, 0xae, 0x73, 0x75, 0x72, 0xd6, 0x8b, 0x8b, 0x8b, 0xe5,
    0xee, 0xfa, 0xf2, 0x3c, 0xc1, 0xc1, 0xc1, 0x96, 0x00, 0x00, 0x00, 0x00, 0xff, 0xff, 0xff, 0x0e,
    0x88, 0x86, 0x86, 0xe8, 0x26, 0x24, 0x25, 0xfb, 0x2c, 0x2b, 0x2b, 0xfb, 0x2d, 0x2c, 0x2c, 0xff,
    0x33, 0x31, 0x31, 0xff, 0x41, 0x3f, 0x3f, 0xec, 0xff, 0xff, 0xff, 0x0b, 0x00, 0x00, 0x00, 0x00,
    0x00, 0x00, 0x00, 0x00, 0x00, 0x00, 0x00, 0x00, 0x00, 0x00, 0x00, 0x00, 0x00, 0x00, 0x00, 0x00,
    0x00, 0x00, 0x00, 0x00, 0x00, 0x00, 0x00, 0x00, 0x00, 0x00, 0x00, 0x00, 0x00, 0x00, 0x00, 0x00,
    0x00, 0x00, 0x00, 0x00, 0x00, 0x00, 0x00, 0x00, 0x00, 0x00, 0x00, 0x00, 0x00, 0x00, 0x00, 0x00,
    0x00, 0x00, 0x00, 0x00, 0x00, 0x00, 0x00, 0x00, 0x00, 0x00, 0x00, 0x00, 0x00, 0x00, 0x00, 0x00,
    0x00, 0x00, 0x00, 0x00, 0x00, 0x00, 0x00, 0x00, 0x00, 0x00, 0x00, 0x00, 0x00, 0x00, 0x00, 0x00,
    0x00, 0x00, 0x00, 0x00, 0x00, 0x00, 0x00, 0x00, 0x00, 0x00, 0x00, 0x00, 0x00, 0x00, 0x00, 0x00,
    0x00, 0x00, 0x00, 0x00, 0x00, 0x00, 0x00, 0x00, 0x00, 0x00, 0x00, 0x00, 0x00, 0x00, 0x00, 0x00,
    0x00, 0x00, 0x00, 0x00, 0xaa, 0xff, 0xaa, 0x03, 0x00, 0x00, 0x00, 0x00, 0xd2, 0xf0, 0xe1, 0x11,
    0x93, 0xf8, 0xac, 0xc3, 0x8c, 0xff, 0xa5, 0xff, 0x84, 0xed, 0x97, 0xfb, 0x8d, 0xed, 0x9a, 0xff,
    0x67, 0xec, 0x83, 0xff, 0x54, 0xec, 0x77, 0xff, 0x57, 0xec, 0x78, 0xff, 0x54, 0xec, 0x77, 0xff,
    0x55, 0xec, 0x78, 0xff, 0x55, 0xec, 0x78, 0xff, 0x55, 0xec, 0x79, 0xff, 0x51, 0xec, 0x76, 0xff,
    0x51, 0xeb, 0x76, 0xff, 0x55, 0xec, 0x79, 0xff, 0x50, 0xec, 0x75, 0xff, 0x52, 0xec, 0x76, 0xff,
    0x54, 0xec, 0x78, 0xff, 0x51, 0xec, 0x76, 0xff, 0x55, 0xec, 0x78, 0xff, 0x57, 0xea, 0x77, 0xff,
    0x47, 0xe2, 0x61, 0xff, 0x3d, 0xdb, 0x54, 0xff, 0x29, 0xd1, 0x40, 0xff, 0x23, 0xce, 0x39, 0xff,
    0x1f, 0xc5, 0x33, 0xff, 0x18, 0xb4, 0x28, 0xff, 0x0c, 0xa1, 0x19, 0xff, 0x30, 0xb7, 0x3c, 0xff,
    0x45, 0xe4, 0x61, 0xfd, 0x2a, 0xe3, 0x51, 0xff, 0x30, 0xe4, 0x55, 0xff, 0x2e, 0xe3, 0x54, 0xff,
    0x2e, 0xe3, 0x54, 0xff, 0x2f, 0xe4, 0x54, 0xff, 0x2f, 0xe3, 0x54, 0xff, 0x2f, 0xe4, 0x54, 0xff,
    0x2f, 0xe4, 0x55, 0xff, 0x2e, 0xe2, 0x53, 0xff, 0x35, 0xef, 0x5c, 0xff, 0x35, 0xb6, 0x4e, 0xff,
    0x42, 0x3e, 0x3d, 0xff, 0x81, 0x7c, 0x7b, 0xff, 0x83, 0x7d, 0x7d, 0xff, 0x87, 0x81, 0x81, 0xff,
    0x8d, 0x87, 0x87, 0xff, 0x95, 0x8e, 0x8e, 0xff, 0x99, 0x92, 0x91, 0xff, 0x9a, 0x94, 0x93, 0xff,
    0x99, 0x93, 0x92, 0xff, 0x99, 0x93, 0x92, 0xff, 0x9a, 0x94, 0x94, 0xff, 0x92, 0x8b, 0x8a, 0xff,
    0x6e, 0x6b, 0x6c, 0xff, 0x5d, 0x5e, 0x5e, 0xea, 0x3c, 0x42, 0x3d, 0xff, 0x9a, 0x9b, 0x9a, 0xc5,
    0x92, 0xa7, 0x97, 0xd8, 0xb1, 0xb1, 0xb1, 0xff, 0xaa, 0xbf, 0xad, 0x54, 0xb0, 0xb3, 0xb0, 0xbd,
    0x4c, 0x48, 0x49, 0xff, 0x29, 0x27, 0x27, 0xff, 0x2f, 0x2d, 0x2d, 0xff, 0x2c, 0x2a, 0x2a, 0xfa,
    0x2e, 0x2c, 0x2c, 0xfb, 0x45, 0x44, 0x42, 0xb0, 0xff, 0xff, 0xff, 0x01, 0x00, 0x00, 0x00, 0x02,
    0x00, 0x00, 0x00, 0x00, 0x00, 0x00, 0x00, 0x00, 0x00, 0x00, 0x00, 0x00, 0x00, 0x00, 0x00, 0x00,
    0x00, 0x00, 0x00, 0x00, 0x00, 0x00, 0x00, 0x00, 0x00, 0x00, 0x00, 0x00, 0x00, 0x00, 0x00, 0x00,
    0x00, 0x00, 0x00, 0x00, 0x00, 0x00, 0x00, 0x00, 0x00, 0x00, 0x00, 0x00, 0x00, 0x00, 0x00, 0x00,
    0x00, 0x00, 0x00, 0x00, 0x00, 0x00, 0x00, 0x00, 0x00, 0x00, 0x00, 0x00, 0x00, 0x00, 0x00, 0x00,
    0x00, 0x00, 0x00, 0x00, 0x00, 0x00, 0x00, 0x00, 0x00, 0x00, 0x00, 0x00, 0x00, 0x00, 0x00, 0x00,
    0x00, 0x00, 0x00, 0x00, 0x00, 0x00, 0x00, 0x00, 0x00, 0x00, 0x00, 0x00, 0x00, 0x00, 0x00, 0x00,
    0x00, 0x00, 0x00, 0x00, 0x00, 0x00, 0x00, 0x00, 0x00, 0x00, 0x00, 0x00, 0x00, 0x00, 0x00, 0x00,
    0x7f, 0xff, 0x7f, 0x02, 0x00, 0x00, 0x00, 0x00, 0xce, 0xf2, 0xda, 0x15, 0x96, 0xf7, 0xae, 0xca,
    0x94, 0xfe, 0xa7, 0xff, 0x93, 0xeb, 0x9b, 0xfb, 0x90, 0xec, 0x99, 0xff, 0x8f, 0xec, 0x99, 0xff,
    0x81, 0xec, 0x91, 0xff, 0x56, 0xec, 0x78, 0xff, 0x58, 0xec, 0x79, 0xff, 0x53, 0xec, 0x77, 0xff,
    0x53, 0xec, 0x77, 0xff, 0x52, 0xeb, 0x75, 0xff, 0x53, 0xec, 0x77, 0xff, 0x4f, 0xeb, 0x75, 0xff,
    0x4f, 0xeb, 0x74, 0xff, 0x52, 0xec, 0x77, 0xff, 0x56, 0xec, 0x78, 0xff, 0x54, 0xec, 0x77, 0xff,
    0x52, 0xec, 0x76, 0xff, 0x55, 0xec, 0x78, 0xff, 0x52, 0xeb, 0x75, 0xff, 0x53, 0xeb, 0x76, 0xff,
    0x4d, 0xea, 0x70, 0xff, 0x3d, 0xde, 0x57, 0xff, 0x21, 0xce, 0x38, 0xff, 0x20, 0xcd, 0x38, 0xff,
    0x1b, 0xc6, 0x30, 0xff, 0x12, 0xb3, 0x22, 0xff, 0x26, 0xb3, 0x33, 0xff, 0x51, 0xd8, 0x63, 0xff,
    0x33, 0xe4, 0x56, 0xff, 0x2d, 0xe2, 0x53, 0xff, 0x2f, 0xe1, 0x53, 0xff, 0x2f, 0xe1, 0x54, 0xff,
    0x2e, 0xe2, 0x53, 0xff, 0x2e, 0xe3, 0x53, 0xff, 0x2f, 0xe4, 0x55, 0xff, 0x2f, 0xe4, 0x54, 0xff,
    0x2f, 0xe4, 0x55, 0xff, 0x2e, 0xe1, 0x53, 0xff, 0x38, 0xf2, 0x5f, 0xff, 0x2f, 0x76, 0x3a, 0xff,
    0x5b, 0x4e, 0x54, 0xff, 0x85, 0x80, 0x7f, 0xff, 0x7f, 0x79, 0x79, 0xff, 0x7f, 0x79, 0x79, 0xff,
    0x80, 0x7a, 0x79, 0xff, 0x83, 0x7d, 0x7d, 0xff, 0x88, 0x82, 0x81, 0xff, 0x8e, 0x88, 0x87, 0xff,
    0x93, 0x8d, 0x8c, 0xff, 0x98, 0x91, 0x91, 0xff, 0xa1, 0x9a, 0x99, 0xff, 0x78, 0x72, 0x72, 0xfe,
    0x74, 0x72, 0x73, 0xff, 0x2d, 0x2b, 0x2c, 0xff, 0x56, 0x54, 0x56, 0xfe, 0x70, 0x70, 0x70, 0xf8,
    0x43, 0x4a, 0x44, 0xff, 0x91, 0x8f, 0x91, 0xdd, 0x6b, 0x7d, 0x6e, 0xd5, 0x53, 0x55, 0x51, 0xfb,
    0x36, 0x32, 0x33, 0xfe, 0x3c, 0x38, 0x38, 0xfe, 0x37, 0x34, 0x34, 0xff, 0x2e, 0x2b, 0x2b, 0xfc,
    0x53, 0x4f, 0x4f, 0xff, 0x78, 0x75, 0x75, 0x55, 0x00, 0x00, 0x00, 0x00, 0x3f, 0x3f, 0x3f, 0x04,
    0x00, 0x00, 0x00, 0x00, 0x00, 0x00, 0x00, 0x00, 0x00, 0x00, 0x00, 0x00, 0x00, 0x00, 0x00, 0x00,
    0x00, 0x00, 0x00, 0x00, 0x00, 0x00, 0x00, 0x00, 0x00, 0x00, 0x00, 0x00, 0x00, 0x00, 0x00, 0x00,
    0x00, 0x00, 0x00, 0x00, 0x00, 0x00, 0x00, 0x00, 0x00, 0x00, 0x00, 0x00, 0x00, 0x00, 0x00, 0x00,
    0x00, 0x00, 0x00, 0x00, 0x00, 0x00, 0x00, 0x00, 0x00, 0x00, 0x00, 0x00, 0x00, 0x00, 0x00, 0x00,
    0x00, 0x00, 0x00, 0x00, 0x00, 0x00, 0x00, 0x00, 0x00, 0x00, 0x00, 0x00, 0x00, 0x00, 0x00, 0x00,
    0x00, 0x00, 0x00, 0x00, 0x00, 0x00, 0x00, 0x00, 0x00, 0x00, 0x00, 0x00, 0x00, 0x00, 0x00, 0x00,
    0x00, 0x00, 0x00, 0x00, 0x00, 0x00, 0x00, 0x00, 0x00, 0x00, 0x00, 0x00, 0x7f, 0xff, 0x7f, 0x02,
    0x00, 0x00, 0x00, 0x00, 0xcc, 0xf2, 0xd8, 0x14, 0x93, 0xf8, 0xac, 0xd0, 0x8c, 0xfc, 0xa0, 0xff,
    0x8e, 0xea, 0x97, 0xfb, 0x8e, 0xec, 0x98, 0xff, 0x87, 0xec, 0x94, 0xff, 0x91, 0xec, 0x9a, 0xff,
    0x91, 0xec, 0x9a, 0xff, 0x61, 0xec, 0x7e, 0xff, 0x54, 0xec, 0x78, 0xff, 0x56, 0xec, 0x79, 0xff,
    0x53, 0xec, 0x77, 0xff, 0x54, 0xec, 0x77, 0xff, 0x50, 0xec, 0x75, 0xff, 0x53, 0xec, 0x77, 0xff,
    0x53, 0xeb, 0x76, 0xff, 0x51, 0xec, 0x76, 0xff, 0x52, 0xec, 0x76, 0xff, 0x54, 0xec, 0x77, 0xff,
    0x54, 0xec, 0x77, 0xff, 0x52, 0xec, 0x76, 0xff, 0x52, 0xec, 0x76, 0xff, 0x50, 0xec, 0x75, 0xff,
    0x53, 0xed, 0x79, 0xff, 0x48, 0xe9, 0x6c, 0xff, 0x21, 0xd1, 0x3a, 0xff, 0x19, 0xc8, 0x30, 0xff,
    0x28, 0xcb, 0x3c, 0xff, 0x45, 0xd4, 0x59, 0xff, 0x4c, 0xe4, 0x68, 0xff, 0x34, 0xe6, 0x59, 0xff,
    0x2c, 0xe1, 0x51, 0xff, 0x30, 0xe4, 0x55, 0xff, 0x31, 0xec, 0x57, 0xff, 0x30, 0xed, 0x56, 0xff,
    0x30, 0xea, 0x56, 0xff, 0x30, 0xe4, 0x56, 0xff, 0x2e, 0xe3, 0x53, 0xff, 0x2f, 0xe3, 0x54, 0xff,
    0x2f, 0xe3, 0x54, 0xff, 0x31, 0xe7, 0x56, 0xff, 0x3b, 0xdb, 0x5b, 0xff, 0x33, 0x46, 0x33, 0xff,
    0x73, 0x69, 0x6c, 0xff, 0x81, 0x7b, 0x7a, 0xff, 0x7f, 0x79, 0x78, 0xff, 0x7f, 0x79, 0x78, 0xff,
    0x80, 0x79, 0x79, 0xff, 0x80, 0x7a, 0x7a, 0xff, 0x80, 0x7a, 0x7a, 0xff, 0x80, 0x7a, 0x7a, 0xff,
    0x83, 0x7d, 0x7d, 0xff, 0x86, 0x80, 0x80, 0xff, 0x97, 0x90, 0x90, 0xff, 0x58, 0x55, 0x54, 0xff,
    0x59, 0x59, 0x5a, 0xfe, 0x11, 0x11, 0x11, 0xfd, 0x79, 0x78, 0x79, 0xff, 0x34, 0x32, 0x33, 0xff,
    0x56, 0x54, 0x56, 0xfe, 0x63, 0x62, 0x62, 0xff, 0x1a, 0x1b, 0x19, 0xfe, 0x2d, 0x2b, 0x2b, 0xfb,
    0x3b, 0x38, 0x38, 0xff, 0x3e, 0x3a, 0x3a, 0xff, 0x3d, 0x39, 0x39, 0xfd, 0x43, 0x3f, 0x3f, 0xff,
    0x76, 0x71, 0x71, 0xe8, 0x99, 0x99, 0x99, 0x0f, 0x00, 0x00, 0x00, 0x00, 0xff, 0xff, 0xff, 0x01,
    0x00, 0x00, 0x00, 0x00, 0x00, 0x00, 0x00, 0x00, 0x00, 0x00, 0x00, 0x00, 0x00, 0x00, 0x00, 0x00,
    0x00, 0x00, 0x00, 0x00, 0x00, 0x00, 0x00, 0x00, 0x00, 0x00, 0x00, 0x00, 0x00, 0x00, 0x00, 0x00,
    0x00, 0x00, 0x00, 0x00, 0x00, 0x00, 0x00, 0x00, 0x00, 0x00, 0x00, 0x00, 0x00, 0x00, 0x00, 0x00,
    0x00, 0x00, 0x00, 0x00, 0x00, 0x00, 0x00, 0x00, 0x00, 0x00, 0x00, 0x00, 0x00, 0x00, 0x00, 0x00,
    0x00, 0x00, 0x00, 0x00, 0x00, 0x00, 0x00, 0x00, 0x00, 0x00, 0x00, 0x00, 0x00, 0x00, 0x00, 0x00,
    0x00, 0x00, 0x00, 0x00, 0x00, 0x00, 0x00, 0x00, 0x00, 0x00, 0x00, 0x00, 0x00, 0x00, 0x00, 0x00,
    0x00, 0x00, 0x00, 0x00, 0x00, 0x00, 0x00, 0x00, 0xff, 0xff, 0xff, 0x01, 0x00, 0x7f, 0x7f, 0x02,
    0xff, 0xff, 0xff, 0x08, 0x93, 0xf5, 0xac, 0xc2, 0x93, 0xfe, 0xa5, 0xff, 0x8b, 0xea, 0x95, 0xfb,
    0x93, 0xec, 0x9c, 0xff, 0x93, 0xec, 0x9c, 0xff, 0x92, 0xec, 0x9b, 0xff, 0x96, 0xec, 0x9e, 0xff,
    0x94, 0xec, 0x9c, 0xff, 0x76, 0xec, 0x8a, 0xff, 0x53, 0xec, 0x76, 0xff, 0x57, 0xec, 0x79, 0xff,
    0x57, 0xec, 0x79, 0xff, 0x55, 0xec, 0x78, 0xff, 0x56, 0xec, 0x78, 0xff, 0x52, 0xec, 0x76, 0xff,
    0x52, 0xec, 0x76, 0xff, 0x50, 0xec, 0x75, 0xff, 0x4d, 0xec, 0x74, 0xff, 0x51, 0xec, 0x75, 0xff,
    0x55, 0xec, 0x78, 0xff, 0x53, 0xec, 0x76, 0xff, 0x52, 0xec, 0x76, 0xff, 0x51, 0xec, 0x76, 0xff,
    0x50, 0xeb, 0x74, 0xff, 0x4d, 0xee, 0x74, 0xff, 0x3d, 0xde, 0x5a, 0xff, 0x40, 0xd8, 0x56, 0xff,
    0x4f, 0xe5, 0x6a, 0xff, 0x3b, 0xe7, 0x5e, 0xff, 0x2a, 0xe3, 0x50, 0xff, 0x2c, 0xe1, 0x52, 0xff,
    0x34, 0xeb, 0x58, 0xff, 0x2c, 0xdd, 0x4b, 0xff, 0x1b, 0xa9, 0x2f, 0xff, 0x12, 0x92, 0x22, 0xff,
    0x19, 0xb3, 0x2e, 0xff, 0x27, 0xe0, 0x47, 0xff, 0x2f, 0xe6, 0x55, 0xff, 0x2f, 0xe2, 0x54, 0xff,
    0x2d, 0xe1, 0x53, 0xff, 0x37, 0xf1, 0x5e, 0xff, 0x35, 0xa6, 0x4a, 0xff, 0x45, 0x3c, 0x3f, 0xff,
    0x81, 0x7c, 0x7a, 0xff, 0x7e, 0x78, 0x78, 0xff, 0x7e, 0x78, 0x77, 0xff, 0x7e, 0x78, 0x78, 0xff,
    0x7e, 0x78, 0x78, 0xff, 0x80, 0x79, 0x79, 0xff, 0x7f, 0x79, 0x78, 0xff, 0x7f, 0x79, 0x79, 0xff,
    0x80, 0x7a, 0x79, 0xff, 0x81, 0x7b, 0x7b, 0xff, 0x8c, 0x85, 0x85, 0xfb, 0x62, 0x63, 0x60, 0xec,
    0x46, 0x4c, 0x48, 0xff, 0x16, 0x17, 0x15, 0xff, 0x68, 0x66, 0x68, 0xfe, 0x0c, 0x0d, 0x0c, 0xff,
    0x57, 0x56, 0x57, 0xff, 0x21, 0x21, 0x21, 0xfe, 0x08, 0x07, 0x08, 0xff, 0x29, 0x27, 0x28, 0xff,
    0x35, 0x33, 0x32, 0xff, 0x37, 0x35, 0x35, 0xff, 0x35, 0x32, 0x32, 0xfb, 0x58, 0x53, 0x53, 0xff,
    0x7c, 0x77, 0x77, 0x9a, 0x00, 0x00, 0x00, 0x00, 0x55, 0x55, 0x55, 0x03, 0x00, 0x00, 0x00, 0x00,
    0x00, 0x00, 0x00, 0x00, 0x00, 0x00, 0x00, 0x00, 0x00, 0x00, 0x00, 0x00, 0x00, 0x00, 0x00, 0x00,
    0x00, 0x00, 0x00, 0x00, 0x00, 0x00, 0x00, 0x00, 0x00, 0x00, 0x00, 0x00, 0x00, 0x00, 0x00, 0x00,
    0x00, 0x00, 0x00, 0x00, 0x00, 0x00, 0x00, 0x00, 0x00, 0x00, 0x00, 0x00, 0x00, 0x00, 0x00, 0x00,
    0x00, 0x00, 0x00, 0x00, 0x00, 0x00, 0x00, 0x00, 0x00, 0x00, 0x00, 0x00, 0x00, 0x00, 0x00, 0x00,
    0x00, 0x00, 0x00, 0x00, 0x00, 0x00, 0x00, 0x00, 0x00, 0x00, 0x00, 0x00, 0x00, 0x00, 0x00, 0x00,
    0x00, 0x00, 0x00, 0x00, 0x00, 0x00, 0x00, 0x00, 0x00, 0x00, 0x00, 0x00, 0x00, 0x00, 0x00, 0x00,
    0x00, 0x00, 0x00, 0x00, 0xff, 0xff, 0xff, 0x01, 0x55, 0xff, 0x55, 0x03, 0x02, 0x00, 0x02, 0x00,
    0x97, 0xf6, 0xae, 0xaa, 0x95, 0xff, 0xa6, 0xff, 0x8e, 0xea, 0x97, 0xfb, 0x87, 0xec, 0x94, 0xff,
    0x92, 0xec, 0x9b, 0xff, 0x92, 0xec, 0x9b, 0xff, 0x94, 0xec, 0x9d, 0xff, 0x8f, 0xeb, 0x99, 0xff,
    0x90, 0xeb, 0x9a, 0xff, 0x8a, 0xec, 0x96, 0xff, 0x64, 0xec, 0x81, 0xff, 0x54, 0xec, 0x79, 0xff,
    0x58, 0xed, 0x7b, 0xff, 0x58, 0xec, 0x7a, 0xff, 0x59, 0xec, 0x7b, 0xff, 0x53, 0xec, 0x78, 0xff,
    0x51, 0xec, 0x76, 0xff, 0x54, 0xec, 0x78, 0xff, 0x53, 0xec, 0x77, 0xff, 0x57, 0xec, 0x79, 0xff,
    0x53, 0xec, 0x77, 0xff, 0x54, 0xec, 0x78, 0xff, 0x55, 0xec, 0x79, 0xff, 0x57, 0xec, 0x79, 0xff,
    0x5a, 0xec, 0x7b, 0xff, 0x5c, 0xeb, 0x7b, 0xff, 0x52, 0xe8, 0x6f, 0xff, 0x39, 0xe6, 0x5d, 0xff,
    0x2c, 0xe3, 0x52, 0xff, 0x2b, 0xe3, 0x51, 0xff, 0x2e, 0xe1, 0x53, 0xff, 0x36, 0xec, 0x5b, 0xff,
    0x27, 0xbe, 0x42, 0xff, 0x10, 0x44, 0x17, 0xff, 0x17, 0x1c, 0x1a, 0xff, 0x17, 0x16, 0x18, 0xff,
    0x0b, 0x15, 0x0c, 0xff, 0x08, 0x5c, 0x10, 0xff, 0x21, 0xd1, 0x3c, 0xff, 0x30, 0xe6, 0x56, 0xff,
    0x2d, 0xe0, 0x52, 0xff, 0x3a, 0xef, 0x5f, 0xff, 0x2d, 0x65, 0x35, 0xff, 0x61, 0x54, 0x5a, 0xff,
    0x83, 0x7e, 0x7c, 0xff, 0x7d, 0x77, 0x77, 0xff, 0x7f, 0x78, 0x78, 0xff, 0x7f, 0x78, 0x78, 0xff,
    0x7f, 0x78, 0x78, 0xff, 0x7f, 0x78, 0x78, 0xff, 0x7f, 0x79, 0x78, 0xff, 0x7f, 0x79, 0x79, 0xff,
    0x7e, 0x77, 0x77, 0xfe, 0x88, 0x82, 0x81, 0xff, 0x93, 0x8a, 0x8c, 0xda, 0x61, 0x73, 0x61, 0xe3,
    0x7d, 0x8a, 0x80, 0xe0, 0x61, 0x67, 0x61, 0xa2, 0x50, 0x5c, 0x51, 0xff, 0x1b, 0x1e, 0x1b, 0xf9,
    0x56, 0x54, 0x55, 0xfe, 0x02, 0x04, 0x03, 0xff, 0x13, 0x13, 0x13, 0xff, 0x27, 0x26, 0x26, 0xff,
    0x2b, 0x29, 0x29, 0xff, 0x2e, 0x2c, 0x2c, 0xff, 0x2f, 0x2d, 0x2d, 0xfd, 0x4e, 0x4a, 0x4b, 0xff,
    0x73, 0x6f, 0x6f, 0x40, 0x00, 0x00, 0x00, 0x00, 0x55, 0x55, 0x55, 0x03, 0x00, 0x00, 0x00, 0x00,
    0x00, 0x00, 0x00, 0x00, 0x00, 0x00, 0x00, 0x00, 0x00, 0x00, 0x00, 0x00, 0x00, 0x00, 0x00, 0x00,
    0x00, 0x00, 0x00, 0x00, 0x00, 0x00, 0x00, 0x00, 0x00, 0x00, 0x00, 0x00, 0x00, 0x00, 0x00, 0x00,
    0x00, 0x00, 0x00, 0x00, 0x00, 0x00, 0x00, 0x00, 0x00, 0x00, 0x00, 0x00, 0x00, 0x00, 0x00, 0x00,
    0x00, 0x00, 0x00, 0x00, 0x00, 0x00, 0x00, 0x00, 0x00, 0x00, 0x00, 0x00, 0x00, 0x00, 0x00, 0x00,
    0x00, 0x00, 0x00, 0x00, 0x00, 0x00, 0x00, 0x00, 0x00, 0x00, 0x00, 0x00, 0x00, 0x00, 0x00, 0x00,
    0x00, 0x00, 0x00, 0x00, 0x00, 0x00, 0x00, 0x00, 0x00, 0x00, 0x00, 0x00, 0x00, 0x00, 0x00, 0x00,
    0x00, 0x00, 0x00, 0x00, 0x7f, 0xbf, 0x7f, 0x04, 0x00, 0x00, 0x00, 0x00, 0x99, 0xf2, 0xae, 0x92,
    0x96, 0xff, 0xa7, 0xff, 0x89, 0xeb, 0x94, 0xfa, 0x89, 0xec, 0x95, 0xff, 0x8e, 0xec, 0x98, 0xff,
    0x96, 0xec, 0x9e, 0xff, 0x91, 0xec, 0x9b, 0xff, 0x8b, 0xec, 0x96, 0xff, 0x89, 0xeb, 0x94, 0xff,
    0x8b, 0xeb, 0x96, 0xff, 0x94, 0xec, 0x9c, 0xff, 0x65, 0xe9, 0x7c, 0xff, 0x3f, 0xe9, 0x66, 0xff,
    0x45, 0xe9, 0x69, 0xff, 0x45, 0xe9, 0x69, 0xff, 0x47, 0xe9, 0x6a, 0xff, 0x45, 0xe8, 0x69, 0xff,
    0x41, 0xe8, 0x66, 0xff, 0x45, 0xe8, 0x69, 0xff, 0x46, 0xe8, 0x69, 0xff, 0x43, 0xe8, 0x67, 0xff,
    0x42, 0xe9, 0x68, 0xff, 0x43, 0xe8, 0x68, 0xff, 0x42, 0xe8, 0x66, 0xff, 0x42, 0xe8, 0x67, 0xff,
    0x49, 0xe7, 0x69, 0xff, 0x3b, 0xe4, 0x5b, 0xff, 0x2a, 0xe2, 0x50, 0xff, 0x2b, 0xe3, 0x51, 0xff,
    0x2f, 0xe3, 0x54, 0xff, 0x2e, 0xe2, 0x53, 0xff, 0x32, 0xe8, 0x57, 0xff, 0x2f, 0xd0, 0x4f, 0xff,
    0x11, 0x3c, 0x17, 0xff, 0x25, 0x20, 0x2a, 0xff, 0x2a, 0x2d, 0x31, 0xff, 0x29, 0x30, 0x2f, 0xff,
    0x23, 0x25, 0x29, 0xff, 0x11, 0x07, 0x12, 0xff, 0x0a, 0x61, 0x11, 0xff, 0x28, 0xe2, 0x49, 0xff,
    0x32, 0xe9, 0x59, 0xff, 0x38, 0xce, 0x55, 0xff, 0x35, 0x3e, 0x33, 0xff, 0x77, 0x70, 0x71, 0xff,
    0x7e, 0x79, 0x78, 0xff, 0x7d, 0x77, 0x77, 0xff, 0x7f, 0x78, 0x78, 0xff, 0x7e, 0x77, 0x77, 0xff,
    0x7e, 0x78, 0x78, 0xff, 0x7e, 0x78, 0x78, 0xff, 0x7e, 0x78, 0x78, 0xff, 0x7e, 0x77, 0x77, 0xff,
    0x7e, 0x78, 0x77, 0xfc, 0x92, 0x8b, 0x8b, 0xff, 0x96, 0x8f, 0x8f, 0x8b, 0x81, 0x84, 0x81, 0x9a,
    0xdf, 0xd9, 0xdf, 0x52, 0x59, 0x6f, 0x5a, 0xa9, 0x76, 0x84, 0x77, 0xeb, 0x81, 0x8e, 0x81, 0x78,
    0x2f, 0x41, 0x2f, 0xff, 0x12, 0x10, 0x12, 0xea, 0x18, 0x18, 0x18, 0xff, 0x22, 0x21, 0x21, 0xff,
    0x23, 0x22, 0x22, 0xff, 0x25, 0x24, 0x24, 0xfd, 0x2c, 0x2a, 0x29, 0xff, 0x44, 0x42, 0x42, 0xd8,
    0xff, 0xff, 0xff, 0x06, 0x00, 0x00, 0x00, 0x01, 0x00, 0x00, 0x00, 0x01, 0x00, 0x00, 0x00, 0x00,
    0x00, 0x00, 0x00, 0x00, 0x00, 0x00, 0x00, 0x00, 0x00, 0x00, 0x00, 0x00, 0x00, 0x00, 0x00, 0x00,
    0x00, 0x00, 0x00, 0x00, 0x00, 0x00, 0x00, 0x00, 0x00, 0x00, 0x00, 0x00, 0x00, 0x00, 0x00, 0x00,
    0x00, 0x00, 0x00, 0x00, 0x00, 0x00, 0x00, 0x00, 0x00, 0x00, 0x00, 0x00, 0x00, 0x00, 0x00, 0x00,
    0x00, 0x00, 0x00, 0x00, 0x00, 0x00, 0x00, 0x00, 0x00, 0x00, 0x00, 0x00, 0x00, 0x00, 0x00, 0x00,
    0x00, 0x00, 0x00, 0x00, 0x00, 0x00, 0x00, 0x00, 0x00, 0x00, 0x00, 0x00, 0x00, 0x00, 0x00, 0x00,
    0x00, 0x00, 0x00, 0x00, 0x00, 0x00, 0x00, 0x00, 0x00, 0x00, 0x00, 0x00, 0x00, 0x00, 0x00, 0x00,
    0x55, 0xff, 0xaa, 0x03, 0x00, 0x00, 0x00, 0x00, 0xa0, 0xf2, 0xb1, 0x69, 0x9e, 0xff, 0xab, 0xff,
    0x90, 0xec, 0x9a, 0xfa, 0x90, 0xeb, 0x99, 0xff, 0x8d, 0xec, 0x97, 0xff, 0x89, 0xeb, 0x94, 0xff,
    0x91, 0xeb, 0x9a, 0xff, 0x94, 0xec, 0x9c, 0xff, 0x8d, 0xeb, 0x97, 0xff, 0x8a, 0xeb, 0x94, 0xff,
    0x96, 0xec, 0x9d, 0xff, 0x75, 0xe7, 0x83, 0xff, 0x2c, 0xe1, 0x4f, 0xff, 0x29, 0xe2, 0x4f, 0xff,
    0x2a, 0xe2, 0x4f, 0xff, 0x2a, 0xe2, 0x4f, 0xff, 0x2a, 0xe2, 0x4f, 0xff, 0x2b, 0xe3, 0x50, 0xff,
    0x2a, 0xe2, 0x50, 0xff, 0x2a, 0xe3, 0x50, 0xff, 0x2a, 0xe3, 0x50, 0xff, 0x2b, 0xe3, 0x50, 0xff,
    0x2b, 0xe3, 0x50, 0xff, 0x2b, 0xe3, 0x51, 0xff, 0x2c, 0xe3, 0x52, 0xff, 0x2c, 0xe3, 0x51, 0xff,
    0x2a, 0xe3, 0x51, 0xff, 0x2b, 0xe3, 0x51, 0xff, 0x2e, 0xe3, 0x53, 0xff, 0x2e, 0xe3, 0x53, 0xff,
    0x2e, 0xe3, 0x53, 0xff, 0x2c, 0xe0, 0x50, 0xff, 0x39, 0xf2, 0x60, 0xff, 0x1f, 0x83, 0x30, 0xff,
    0x1d, 0x20, 0x20, 0xff, 0x27, 0x2b, 0x2e, 0xff, 0x15, 0x19, 0x17, 0xff, 0x11, 0x16, 0x11, 0xff,
    0x1d, 0x26, 0x20, 0xff, 0x22, 0x21, 0x26, 0xff, 0x0a, 0x1c, 0x0c, 0xff, 0x1a, 0xb8, 0x30, 0xff,
    0x37, 0xf8, 0x60, 0xff, 0x30, 0x92, 0x41, 0xff, 0x4d, 0x41, 0x46, 0xff, 0x82, 0x7e, 0x7c, 0xff,
    0x7b, 0x75, 0x75, 0xff, 0x7e, 0x78, 0x78, 0xff, 0x7d, 0x77, 0x77, 0xff, 0x7d, 0x77, 0x77, 0xff,
    0x7f, 0x78, 0x78, 0xff, 0x7e, 0x78, 0x78, 0xff, 0x7e, 0x78, 0x77, 0xff, 0x7d, 0x77, 0x77, 0xff,
    0x80, 0x79, 0x79, 0xfe, 0x92, 0x8c, 0x8b, 0xfe, 0xb8, 0xb3, 0xae, 0x36, 0x00, 0x00, 0x00, 0x00,
    0x00, 0x00, 0x00, 0x00, 0x92, 0x97, 0x90, 0x6a, 0xd3, 0xc8, 0xcf, 0x41, 0x5b, 0x72, 0x5d, 0x86,
    0x35, 0x49, 0x36, 0xee, 0x41, 0x3c, 0x41, 0x94, 0x19, 0x1a, 0x19, 0xff, 0x1e, 0x1e, 0x1e, 0xfd,
    0x1f, 0x1f, 0x1e, 0xff, 0x1f, 0x1e, 0x1e, 0xfb, 0x2a, 0x28, 0x28, 0xff, 0x4d, 0x4b, 0x4b, 0x83,
    0x00, 0x00, 0x00, 0x00, 0x00, 0x00, 0x00, 0x04, 0x00, 0x00, 0x00, 0x00, 0x00, 0x00, 0x00, 0x00,
    0x00, 0x00, 0x00, 0x00, 0x00, 0x00, 0x00, 0x00, 0x00, 0x00, 0x00, 0x00, 0x00, 0x00, 0x00, 0x00,
    0x00, 0x00, 0x00, 0x00, 0x00, 0x00, 0x00, 0x00, 0x00, 0x00, 0x00, 0x00, 0x00, 0x00, 0x00, 0x00,
    0x00, 0x00, 0x00, 0x00, 0x00, 0x00, 0x00, 0x00, 0x00, 0x00, 0x00, 0x00, 0x00, 0x00, 0x00, 0x00,
    0x00, 0x00, 0x00, 0x00, 0x00, 0x00, 0x00, 0x00, 0x00, 0x00, 0x00, 0x00, 0x00, 0x00, 0x00, 0x00,
    0x00, 0x00, 0x00, 0x00, 0x00, 0x00, 0x00, 0x00, 0x00, 0x00, 0x00, 0x00, 0x00, 0x00, 0x00, 0x00,
    0x00, 0x00, 0x00, 0x00, 0x00, 0x00, 0x00, 0x00, 0x00, 0x00, 0x00, 0x00, 0xff, 0xff, 0xff, 0x02,
    0x00, 0xff, 0xff, 0x01, 0xc5, 0xf2, 0xcc, 0x28, 0x95, 0xf3, 0xa3, 0xf4, 0x8b, 0xee, 0x97, 0xfd,
    0x90, 0xeb, 0x99, 0xfd, 0x90, 0xec, 0x9a, 0xff, 0x8f, 0xec, 0x99, 0xff, 0x8c, 0xec, 0x97, 0xff,
    0x8b, 0xeb, 0x95, 0xff, 0x92, 0xec, 0x9a, 0xff, 0x90, 0xeb, 0x99, 0xff, 0x94, 0xed, 0x9c, 0xff,
    0x7f, 0xe8, 0x8b, 0xff, 0x31, 0xe1, 0x52, 0xff, 0x2a, 0xe3, 0x50, 0xff, 0x2d, 0xe3, 0x52, 0xff,
    0x2d, 0xe3, 0x51, 0xff, 0x2d, 0xe3, 0x52, 0xff, 0x2d, 0xe3, 0x52, 0xff, 0x2d, 0xe3, 0x52, 0xff,
    0x2d, 0xe3, 0x52, 0xff, 0x2d, 0xe3, 0x52, 0xff, 0x2d, 0xe3, 0x52, 0xff, 0x2e, 0xe3, 0x53, 0xff,
    0x2e, 0xe3, 0x52, 0xff, 0x2e, 0xe3, 0x53, 0xff, 0x2e, 0xe3, 0x53, 0xff, 0x2e, 0xe3, 0x53, 0xff,
    0x2e, 0xe3, 0x53, 0xff, 0x2e, 0xe3, 0x53, 0xff, 0x2e, 0xe3, 0x53, 0xff, 0x2d, 0xe2, 0x52, 0xff,
    0x2e, 0xe3, 0x53, 0xff, 0x2d, 0xe1, 0x51, 0xff, 0x3a, 0xee, 0x5f, 0xff, 0x1a, 0x63, 0x27, 0xff,
    0x24, 0x24, 0x29, 0xff, 0x21, 0x25, 0x26, 0xff, 0x14, 0x14, 0x15, 0xff, 0x14, 0x12, 0x15, 0xff,
    0x12, 0x16, 0x13, 0xff, 0x23, 0x28, 0x28, 0xff, 0x0f, 0x13, 0x10, 0xff, 0x15, 0xa0, 0x28, 0xff,
    0x3a, 0xf3, 0x60, 0xff, 0x2d, 0x56, 0x32, 0xff, 0x67, 0x5b, 0x60, 0xff, 0x81, 0x7b, 0x7a, 0xff,
    0x7d, 0x76, 0x76, 0xff, 0x7d, 0x77, 0x77, 0xff, 0x7d, 0x76, 0x76, 0xff, 0x7e, 0x78, 0x78, 0xff,
    0x7e, 0x77, 0x77, 0xff, 0x7e, 0x78, 0x77, 0xff, 0x7e, 0x78, 0x78, 0xff, 0x7e, 0x78, 0x78, 0xfc,
    0x89, 0x82, 0x82, 0xff, 0x97, 0x91, 0x90, 0xcf, 0xff, 0xff, 0xff, 0x03, 0x00, 0x00, 0x00, 0x03,
    0x7f, 0xff, 0xff, 0x02, 0x00, 0x00, 0x00, 0x00, 0x00, 0x00, 0x00, 0x00, 0x94, 0x94, 0x8f, 0x30,
    0x9e, 0x9e, 0x9e, 0x3d, 0x1d, 0x1e, 0x1d, 0xd1, 0x17, 0x19, 0x16, 0xff, 0x1b, 0x1c, 0x1a, 0xfd,
    0x1c, 0x1c, 0x1c, 0xff, 0x1b, 0x1b, 0x1a, 0xfe, 0x2c, 0x2b, 0x2b, 0xfb, 0x7f, 0x7f, 0x7f, 0x2c,
    0x00, 0x00, 0x00, 0x00, 0x7f, 0x7f, 0x7f, 0x02, 0x00, 0x00, 0x00, 0x00, 0x00, 0x00, 0x00, 0x00,
    0x00, 0x00, 0x00, 0x00, 0x00, 0x00, 0x00, 0x00, 0x00, 0x00, 0x00, 0x00, 0x00, 0x00, 0x00, 0x00,
    0x00, 0x00, 0x00, 0x00, 0x00, 0x00, 0x00, 0x00, 0x00, 0x00, 0x00, 0x00, 0x00, 0x00, 0x00, 0x00,
    0x00, 0x00, 0x00, 0x00, 0x00, 0x00, 0x00, 0x00, 0x00, 0x00, 0x00, 0x00, 0x00, 0x00, 0x00, 0x00,
    0x00, 0x00, 0x00, 0x00, 0x00, 0x00, 0x00, 0x00, 0x00, 0x00, 0x00, 0x00, 0x00, 0x00, 0x00, 0x00,
    0x00, 0x00, 0x00, 0x00, 0x00, 0x00, 0x00, 0x00, 0x00, 0x00, 0x00, 0x00, 0x00, 0x00, 0x00, 0x00,
    0x00, 0x00, 0x00, 0x00, 0x00, 0x00, 0x00, 0x00, 0x00, 0x00, 0x00, 0x00, 0xaa, 0xff, 0xaa, 0x03,
    0x00, 0x00, 0x00, 0x00, 0xa1, 0xf0, 0xaa, 0x99, 0x98, 0xfd, 0xa3, 0xff, 0x90, 0xea, 0x9a, 0xfb,
    0x92, 0xec, 0x9b, 0xff, 0x92, 0xeb, 0x9b, 0xff, 0x8f, 0xeb, 0x98, 0xff, 0x90, 0xeb, 0x99, 0xff,
    0x8e, 0xec, 0x98, 0xff, 0x8b, 0xeb, 0x96, 0xff, 0x8f, 0xec, 0x98, 0xff, 0x84, 0xea, 0x8f, 0xff,
    0x39, 0xe1, 0x57, 0xff, 0x28, 0xe2, 0x4e, 0xff, 0x2e, 0xe3, 0x52, 0xff, 0x2c, 0xe2, 0x50, 0xff,
    0x2c, 0xe2, 0x51, 0xff, 0x2c, 0xe2, 0x51, 0xff, 0x2c, 0xe3, 0x51, 0xff, 0x2c, 0xe2, 0x51, 0xff,
    0x2d, 0xe3, 0x51, 0xff, 0x2d, 0xe2, 0x52, 0xff, 0x2d, 0xe2, 0x51, 0xff, 0x2c, 0xe3, 0x51, 0xff,
    0x2d, 0xe3, 0x52, 0xff, 0x2d, 0xe3, 0x52, 0xff, 0x2d, 0xe3, 0x52, 0xff, 0x2d, 0xe3, 0x52, 0xff,
    0x2e, 0xe3, 0x52, 0xff, 0x2d, 0xe3, 0x52, 0xff, 0x2e, 0xe3, 0x52, 0xff, 0x2e, 0xe3, 0x52, 0xff,
    0x2e, 0xe3, 0x53, 0xff, 0x2c, 0xe0, 0x50, 0xff, 0x39, 0xf1, 0x60, 0xff, 0x19, 0x74, 0x2a, 0xff,
    0x21, 0x23, 0x26, 0xff, 0x27, 0x29, 0x2c, 0xff, 0x17, 0x19, 0x1a, 0xff, 0x13, 0x14, 0x14, 0xff,
    0x18, 0x1c, 0x1b, 0xff, 0x25, 0x28, 0x2c, 0xff, 0x0b, 0x15, 0x0c, 0xff, 0x1d, 0xbb, 0x35, 0xff,
    0x33, 0xca, 0x51, 0xff, 0x37, 0x39, 0x34, 0xff, 0x7b, 0x74, 0x74, 0xff, 0x7c, 0x76, 0x76, 0xff,
    0x7c, 0x76, 0x76, 0xff, 0x7d, 0x77, 0x77, 0xff, 0x7e, 0x77, 0x77, 0xff, 0x7e, 0x78, 0x77, 0xff,
    0x7e, 0x77, 0x77, 0xff, 0x7e, 0x78, 0x78, 0xff, 0x7f, 0x79, 0x78, 0xff, 0x7d, 0x77, 0x76, 0xfb,
    0x93, 0x8c, 0x8c, 0xff, 0xa3, 0x9f, 0x9d, 0x78, 0x00, 0x00, 0x00, 0x00, 0x7f, 0x7f, 0x7f, 0x04,
    0x00, 0x00, 0x00, 0x00, 0x55, 0x55, 0x55, 0x03, 0x55, 0x55, 0x55, 0x06, 0x00, 0x00, 0x00, 0x00,
    0x3d, 0x3d, 0x3d, 0x3a, 0x15, 0x1a, 0x15, 0xff, 0x12, 0x1b, 0x12, 0xfd, 0x15, 0x1b, 0x15, 0xff,
    0x17, 0x1b, 0x17, 0xfc, 0x19, 0x1b, 0x18, 0xff, 0x39, 0x39, 0x38, 0xc3, 0x04, 0x04, 0x04, 0x00,
    0x00, 0x00, 0x00, 0x02, 0x00, 0x00, 0x00, 0x00, 0x00, 0x00, 0x00, 0x00, 0x00, 0x00, 0x00, 0x00,
    0x00, 0x00, 0x00, 0x00, 0x00, 0x00, 0x00, 0x00, 0x00, 0x00, 0x00, 0x00, 0x00, 0x00, 0x00, 0x00,
    0x00, 0x00, 0x00, 0x00, 0x00, 0x00, 0x00, 0x00, 0x00, 0x00, 0x00, 0x00, 0x00, 0x00, 0x00, 0x00,
    0x00, 0x00, 0x00, 0x00, 0x00, 0x00, 0x00, 0x00, 0x00, 0x00, 0x00, 0x00, 0x00, 0x00, 0x00, 0x00,
    0x00, 0x00, 0x00, 0x00, 0x00, 0x00, 0x00, 0x00, 0x00, 0x00, 0x00, 0x00, 0x00, 0x00, 0x00, 0x00,
    0x00, 0x00, 0x00, 0x00, 0x00, 0x00, 0x00, 0x00, 0x00, 0x00, 0x00, 0x00, 0x00, 0x00, 0x00, 0x00,
    0x00, 0x00, 0x00, 0x00, 0x00, 0x00, 0x00, 0x00, 0xff, 0xff, 0xff, 0x01, 0x00, 0x00, 0x00, 0x00,
    0xe9, 0xff, 0xe9, 0x0c, 0x99, 0xec, 0xa1, 0xe5, 0x92, 0xf1, 0x9c, 0xfe, 0x94, 0xeb, 0x9c, 0xfd,
    0x91, 0xec, 0x9a, 0xff, 0x8f, 0xec, 0x98, 0xff, 0x8e, 0xeb, 0x98, 0xff, 0x87, 0xeb, 0x92, 0xff,
    0x8e, 0xeb, 0x98, 0xff, 0x8d, 0xeb, 0x98, 0xff, 0x8e, 0xeb, 0x96, 0xff, 0x41, 0xe2, 0x5d, 0xff,
    0x27, 0xe2, 0x4d, 0xff, 0x2e, 0xe2, 0x52, 0xff, 0x2c, 0xe2, 0x50, 0xff, 0x2c, 0xe2, 0x50, 0xff,
    0x2c, 0xe2, 0x50, 0xff, 0x2b, 0xe2, 0x51, 0xff, 0x2c, 0xe2, 0x51, 0xff, 0x2c, 0xe2, 0x51, 0xff,
    0x2c, 0xe2, 0x51, 0xff, 0x2d, 0xe2, 0x51, 0xff, 0x2d, 0xe3, 0x52, 0xff, 0x2d, 0xe3, 0x52, 0xff,
    0x2c, 0xe3, 0x51, 0xff, 0x2c, 0xe2, 0x51, 0xff, 0x2d, 0xe3, 0x51, 0xff, 0x2d, 0xe3, 0x52, 0xff,
    0x2d, 0xe3, 0x52, 0xff, 0x2e, 0xe3, 0x52, 0xff, 0x2e, 0xe3, 0x52, 0xff, 0x2e, 0xe3, 0x52, 0xff,
    0x2d, 0xe3, 0x52, 0xff, 0x2c, 0xe0, 0x51, 0xff, 0x35, 0xed, 0x5c, 0xff, 0x2c, 0xba, 0x4b, 0xff,
    0x12, 0x24, 0x15, 0xff, 0x2b, 0x2c, 0x32, 0xff, 0x28, 0x2a, 0x2e, 0xff, 0x22, 0x25, 0x27, 0xff,
    0x2a, 0x2e, 0x32, 0xff, 0x1e, 0x12, 0x21, 0xff, 0x07, 0x46, 0x0c, 0xff, 0x30, 0xee, 0x52, 0xff,
    0x2b, 0x86, 0x3b, 0xff, 0x52, 0x46, 0x4c, 0xff, 0x82, 0x7e, 0x7c, 0xff, 0x7c, 0x76, 0x76, 0xff,
    0x7e, 0x77, 0x77, 0xff, 0x7d, 0x77, 0x77, 0xff, 0x7d, 0x77, 0x77, 0xff, 0x7d, 0x77, 0x77, 0xff,
    0x7e, 0x78, 0x78, 0xff, 0x7f, 0x78, 0x78, 0xff, 0x7e, 0x77, 0x77, 0xfe, 0x80, 0x79, 0x79, 0xfe,
    0x93, 0x8b, 0x8a, 0xf8, 0xc6, 0xbf, 0xbf, 0x24, 0x00, 0x00, 0x00, 0x00, 0xff, 0xff, 0xff, 0x02,
    0x00, 0x00, 0x00, 0x00, 0x00, 0x00, 0x00, 0x00, 0x00, 0x00, 0x00, 0x03, 0xff, 0xff, 0xff, 0x01,
    0x28, 0x29, 0x28, 0x9f, 0x0c, 0x18, 0x0d, 0xfc, 0x0f, 0x1e, 0x0f, 0xfb, 0x10, 0x1e, 0x10, 0xff,
    0x0f, 0x1c, 0x10, 0xfc, 0x1c, 0x23, 0x1d, 0xff, 0x55, 0x55, 0x55, 0x68, 0x00, 0x00, 0x00, 0x00,
    0x3f, 0x3f, 0x3f, 0x04, 0x00, 0x00, 0x00, 0x00, 0x00, 0x00, 0x00, 0x00, 0x00, 0x00, 0x00, 0x00,
    0x00, 0x00, 0x00, 0x00, 0x00, 0x00, 0x00, 0x00, 0x00, 0x00, 0x00, 0x00, 0x00, 0x00, 0x00, 0x00,
    0x00, 0x00, 0x00, 0x00, 0x00, 0x00, 0x00, 0x00, 0x00, 0x00, 0x00, 0x00, 0x00, 0x00, 0x00, 0x00,
    0x00, 0x00, 0x00, 0x00, 0x00, 0x00, 0x00, 0x00, 0x00, 0x00, 0x00, 0x00, 0x00, 0x00, 0x00, 0x00,
    0x00, 0x00, 0x00, 0x00, 0x00, 0x00, 0x00, 0x00, 0x00, 0x00, 0x00, 0x00, 0x00, 0x00, 0x00, 0x00,
    0x00, 0x00, 0x00, 0x00, 0x00, 0x00, 0x00, 0x00, 0x00, 0x00, 0x00, 0x00, 0x00, 0x00, 0x00, 0x00,
    0x00, 0x00, 0x00, 0x00, 0x00, 0x00, 0x00, 0x00, 0x7f, 0xbf, 0x7f, 0x04, 0x00, 0x00, 0x00, 0x00,
    0xab, 0xf2, 0xb4, 0x4f, 0x9d, 0xf8, 0xa5, 0xff, 0x91, 0xea, 0x9a, 0xfd, 0x8d, 0xeb, 0x97, 0xff,
    0x8c, 0xeb, 0x96, 0xff, 0x8e, 0xeb, 0x97, 0xff, 0x8d, 0xeb, 0x96, 0xff, 0x8e, 0xeb, 0x96, 0xff,
    0x91, 0xeb, 0x99, 0xff, 0x97, 0xeb, 0x9e, 0xff, 0x4e, 0xe3, 0x67, 0xff, 0x24, 0xe1, 0x4b, 0xff,
    0x2e, 0xe2, 0x52, 0xff, 0x2c, 0xe2, 0x51, 0xff, 0x2d, 0xe2, 0x50, 0xff, 0x2c, 0xe2, 0x51, 0xff,
    0x2c, 0xe2, 0x50, 0xff, 0x2b, 0xe2, 0x50, 0xff, 0x2c, 0xe2, 0x50, 0xff, 0x2c, 0xe2, 0x50, 0xff,
    0x2c, 0xe2, 0x51, 0xff, 0x2c, 0xe2, 0x51, 0xff, 0x2c, 0xe2, 0x51, 0xff, 0x2c, 0xe2, 0x51, 0xff,
    0x2c, 0xe3, 0x51, 0xff, 0x2d, 0xe3, 0x52, 0xff, 0x2d, 0xe3, 0x51, 0xff, 0x2d, 0xe3, 0x52, 0xff,
    0x2d, 0xe3, 0x52, 0xff, 0x2d, 0xe3, 0x53, 0xff, 0x2d, 0xe3, 0x52, 0xff, 0x2e, 0xe3, 0x52, 0xff,
    0x2d, 0xe3, 0x52, 0xff, 0x2e, 0xe2, 0x52, 0xff, 0x2d, 0xe1, 0x51, 0xff, 0x36, 0xee, 0x5e, 0xff,
    0x23, 0x99, 0x3a, 0xff, 0x13, 0x2f, 0x18, 0xff, 0x21, 0x26, 0x24, 0xff, 0x23, 0x22, 0x28, 0xff,
    0x1a, 0x1c, 0x1e, 0xff, 0x0c, 0x45, 0x13, 0xff, 0x20, 0xc9, 0x3b, 0xff, 0x39, 0xe9, 0x5c, 0xff,
    0x2d, 0x51, 0x2f, 0xff, 0x6d, 0x62, 0x67, 0xff, 0x81, 0x7b, 0x7a, 0xff, 0x7b, 0x75, 0x75, 0xff,
    0x7d, 0x77, 0x77, 0xff, 0x7d, 0x76, 0x76, 0xff, 0x7d, 0x77, 0x77, 0xff, 0x7d, 0x77, 0x77, 0xff,
    0x7e, 0x77, 0x77, 0xff, 0x7e, 0x78, 0x77, 0xff, 0x7d, 0x76, 0x76, 0xfc, 0x8d, 0x86, 0x85, 0xff,
    0x9a, 0x94, 0x94, 0xba, 0x00, 0x00, 0x00, 0x00, 0x7f, 0x7f, 0x7f, 0x02, 0x00, 0x00, 0x00, 0x00,
    0x00, 0x00, 0x00, 0x00, 0x00, 0x00, 0x00, 0x01, 0x00, 0x00, 0x00, 0x00, 0xff, 0xff, 0xff, 0x0a,
    0x24, 0x2a, 0x24, 0xf0, 0x0e, 0x15, 0x0e, 0xff, 0x0d, 0x18, 0x0d, 0xfd, 0x0e, 0x1c, 0x0e, 0xfa,
    0x0a, 0x1c, 0x0b, 0xfc, 0x29, 0x30, 0x2a, 0xf0, 0xbf, 0xb4, 0xbf, 0x18, 0x00, 0x00, 0x00, 0x00,
    0x7f, 0x7f, 0x7f, 0x02, 0x00, 0x00, 0x00, 0x00, 0x00, 0x00, 0x00, 0x00, 0x00, 0x00, 0x00, 0x00,
    0x00, 0x00, 0x00, 0x00, 0x00, 0x00, 0x00, 0x00, 0x00, 0x00, 0x00, 0x00, 0x00, 0x00, 0x00, 0x00,
    0x00, 0x00, 0x00, 0x00, 0x00, 0x00, 0x00, 0x00, 0x00, 0x00, 0x00, 0x00, 0x00, 0x00, 0x00, 0x00,
    0x00, 0x00, 0x00, 0x00, 0x00, 0x00, 0x00, 0x00, 0x00, 0x00, 0x00, 0x00, 0x00, 0x00, 0x00, 0x00,
    0x00, 0x00, 0x00, 0x00, 0x00, 0x00, 0x00, 0x00, 0x00, 0x00, 0x00, 0x00, 0x00, 0x00, 0x00, 0x00,
    0x00, 0x00, 0x00, 0x00, 0x00, 0x00, 0x00, 0x00, 0x00, 0x00, 0x00, 0x00, 0x00, 0x00, 0x00, 0x00,
    0x00, 0x00, 0x00, 0x00, 0x00, 0x00, 0x00, 0x00, 0x55, 0xff, 0x55, 0x03, 0x00, 0x00, 0x00, 0x00,
    0x9e, 0xef, 0xa7, 0xa6, 0x9e, 0xfa, 0xa6, 0xfe, 0x8d, 0xeb, 0x97, 0xfb, 0x8d, 0xeb, 0x97, 0xff,
    0x8e, 0xec, 0x98, 0xff, 0x8d, 0xeb, 0x97, 0xff, 0x8b, 0xec, 0x96, 0xff, 0x8f, 0xeb, 0x98, 0xff,
    0x9a, 0xec, 0x9f, 0xff, 0x58, 0xe4, 0x6e, 0xff, 0x24, 0xe0, 0x4a, 0xff, 0x2d, 0xe2, 0x51, 0xff,
    0x2b, 0xe1, 0x4f, 0xff, 0x2b, 0xe2, 0x50, 0xff, 0x2c, 0xe2, 0x50, 0xff, 0x2c, 0xe2, 0x51, 0xff,
    0x2d, 0xe1, 0x51, 0xff, 0x2d, 0xe1, 0x50, 0xff, 0x2d, 0xe1, 0x51, 0xff, 0x2d, 0xe1, 0x51, 0xff,
    0x2d, 0xe1, 0x51, 0xff, 0x2d, 0xe1, 0x50, 0xff, 0x2c, 0xe2, 0x51, 0xff, 0x2d, 0xe2, 0x51, 0xff,
    0x2d, 0xe3, 0x52, 0xff, 0x2d, 0xe2, 0x52, 0xff, 0x2c, 0xe3, 0x51, 0xff, 0x2c, 0xe2, 0x51, 0xff,
    0x2d, 0xe3, 0x52, 0xff, 0x2d, 0xe3, 0x53, 0xff, 0x2d, 0xe3, 0x52, 0xff, 0x2e, 0xe2, 0x52, 0xff,
    0x2e, 0xe3, 0x52, 0xff, 0x2d, 0xe3, 0x52, 0xff, 0x2e, 0xe2, 0x52, 0xff, 0x2d, 0xe2, 0x51, 0xff,
    0x36, 0xef, 0x5d, 0xff, 0x29, 0xc8, 0x4a, 0xff, 0x1c, 0x91, 0x31, 0xff, 0x19, 0x84, 0x2b, 0xff,
    0x1a, 0xa2, 0x30, 0xff, 0x26, 0xdd, 0x47, 0xff, 0x36, 0xf2, 0x5e, 0xff, 0x2e, 0xb6, 0x48, 0xff,
    0x3d, 0x3e, 0x3a, 0xff, 0x7f, 0x77, 0x78, 0xff, 0x7d, 0x76, 0x76, 0xff, 0x7d, 0x77, 0x77, 0xff,
    0x7d, 0x77, 0x77, 0xff, 0x7d, 0x77, 0x77, 0xff, 0x7d, 0x77, 0x77, 0xff, 0x7d, 0x77, 0x77, 0xff,
    0x7e, 0x78, 0x77, 0xff, 0x7e, 0x78, 0x77, 0xff, 0x7d, 0x77, 0x77, 0xfc, 0x95, 0x8e, 0x8d, 0xff,
    0xaa, 0xa4, 0xa2, 0x60, 0x00, 0x00, 0x00, 0x00, 0x7f, 0x7f, 0x7f, 0x04, 0x00, 0x00, 0x00, 0x00,
    0x00, 0x00, 0x00, 0x00, 0x00, 0x00, 0x00, 0x00, 0x00, 0x00, 0x00, 0x01, 0xff, 0xff, 0xff, 0x03,
    0x55, 0x55, 0x52, 0x66, 0x38, 0x36, 0x35, 0xc8, 0x26, 0x27, 0x24, 0xff, 0x19, 0x1f, 0x18, 0xff,
    0x17, 0x22, 0x17, 0xff, 0x4c, 0x4f, 0x4c, 0xab, 0x02, 0x02, 0x02, 0x00, 0x00, 0x00, 0x00, 0x03,
    0x00, 0x00, 0x00, 0x00, 0x00, 0x00, 0x00, 0x00, 0x00, 0x00, 0x00, 0x00, 0x00, 0x00, 0x00, 0x00,
    0x00, 0x00, 0x00, 0x00, 0x00, 0x00, 0x00, 0x00, 0x00, 0x00, 0x00, 0x00, 0x00, 0x00, 0x00, 0x00,
    0x00, 0x00, 0x00, 0x00, 0x00, 0x00, 0x00, 0x00, 0x00, 0x00, 0x00, 0x00, 0x00, 0x00, 0x00, 0x00,
    0x00, 0x00, 0x00, 0x00, 0x00, 0x00, 0x00, 0x00, 0x00, 0x00, 0x00, 0x00, 0x00, 0x00, 0x00, 0x00,
    0x00, 0x00, 0x00, 0x00, 0x00, 0x00, 0x00, 0x00, 0x00, 0x00, 0x00, 0x00, 0x00, 0x00, 0x00, 0x00,
    0x00, 0x00, 0x00, 0x00, 0x00, 0x00, 0x00, 0x00, 0x00, 0x00, 0x00, 0x00, 0x00, 0x00, 0x00, 0x00,
    0x00, 0x00, 0x00, 0x00, 0xff, 0xff, 0xff, 0x01, 0x00, 0x00, 0x00, 0x01, 0xd8, 0xff, 0xd8, 0x14,
    0x9d, 0xed, 0xa4, 0xed, 0x8f, 0xef, 0x99, 0xff, 0x8b, 0xeb, 0x96, 0xfe, 0x90, 0xeb, 0x99, 0xff,
    0x93, 0xeb, 0x9b, 0xff, 0x91, 0xeb, 0x99, 0xff, 0x88, 0xeb, 0x94, 0xff, 0x96, 0xec, 0x9e, 0xff,
    0x67, 0xe5, 0x78, 0xff, 0x24, 0xe0, 0x49, 0xff, 0x2c, 0xe1, 0x50, 0xff, 0x2a, 0xe1, 0x4e, 0xff,
    0x2a, 0xe1, 0x4e, 0xff, 0x2c, 0xe0, 0x4f, 0xff, 0x2c, 0xe0, 0x4f, 0xff, 0x2a, 0xe3, 0x4f, 0xff,
    0x24, 0xe5, 0x4a, 0xff, 0x23, 0xe4, 0x4a, 0xff, 0x25, 0xe5, 0x4b, 0xff, 0x24, 0xe7, 0x4c, 0xff,
    0x27, 0xe6, 0x4d, 0xff, 0x29, 0xe4, 0x4f, 0xff, 0x2c, 0xe1, 0x50, 0xff, 0x2e, 0xe1, 0x52, 0xff,
    0x2d, 0xe2, 0x51, 0xff, 0x2d, 0xe2, 0x51, 0xff, 0x2d, 0xe2, 0x51, 0xff, 0x2d, 0xe3, 0x52, 0xff,
    0x2d, 0xe3, 0x52, 0xff, 0x2d, 0xe2, 0x52, 0xff, 0x2d, 0xe2, 0x52, 0xff, 0x2d, 0xe3, 0x52, 0xff,
    0x2e, 0xe3, 0x52, 0xff, 0x2d, 0xe3, 0x52, 0xff, 0x2e, 0xe3, 0x52, 0xff, 0x2e, 0xe3, 0x53, 0xff,
    0x2d, 0xe0, 0x51, 0xff, 0x30, 0xea, 0x57, 0xff, 0x32, 0xf0, 0x59, 0xff, 0x30, 0xf0, 0x57, 0xff,
    0x31, 0xee, 0x57, 0xff, 0x2e, 0xe1, 0x53, 0xff, 0x3b, 0xf0, 0x60, 0xff, 0x2f, 0x7e, 0x3a, 0xff,
    0x59, 0x4d, 0x53, 0xff, 0x82, 0x7e, 0x7c, 0xff, 0x7c, 0x76, 0x75, 0xff, 0x7d, 0x76, 0x76, 0xff,
    0x7c, 0x76, 0x76, 0xff, 0x7d, 0x77, 0x76, 0xff, 0x7e, 0x77, 0x77, 0xff, 0x7d, 0x77, 0x77, 0xff,
    0x7e, 0x78, 0x78, 0xff, 0x7c, 0x76, 0x76, 0xfe, 0x83, 0x7d, 0x7c, 0xff, 0x94, 0x8d, 0x8c, 0xee,
    0xcc, 0xcc, 0xcc, 0x14, 0x00, 0x00, 0x00, 0x00, 0xff, 0xff, 0xff, 0x01, 0x00, 0x00, 0x00, 0x00,
    0x00, 0x00, 0x00, 0x00, 0x00, 0x00, 0x00, 0x00, 0x00, 0x00, 0x00, 0x00, 0x00, 0x00, 0x00, 0x00,
    0x00, 0x00, 0x00, 0x00, 0x07, 0x07, 0x07, 0x00, 0x78, 0x73, 0x78, 0x33, 0x46, 0x46, 0x44, 0x86,
    0x4f, 0x4f, 0x4e, 0xc7, 0x88, 0x88, 0x88, 0x3c, 0x00, 0x00, 0x00, 0x01, 0x55, 0x55, 0x55, 0x03,
    0x00, 0x00, 0x00, 0x00, 0x00, 0x00, 0x00, 0x00, 0x00, 0x00, 0x00, 0x00, 0x00, 0x00, 0x00, 0x00,
    0x00, 0x00, 0x00, 0x00, 0x00, 0x00, 0x00, 0x00, 0x00, 0x00, 0x00, 0x00, 0x00, 0x00, 0x00, 0x00,
    0x00, 0x00, 0x00, 0x00, 0x00, 0x00, 0x00, 0x00, 0x00, 0x00, 0x00, 0x00, 0x00, 0x00, 0x00, 0x00,
    0x00, 0x00, 0x00, 0x00, 0x00, 0x00, 0x00, 0x00, 0x00, 0x00, 0x00, 0x00, 0x00, 0x00, 0x00, 0x00,
    0x00, 0x00, 0x00, 0x00, 0x00, 0x00, 0x00, 0x00, 0x00, 0x00, 0x00, 0x00, 0x00, 0x00, 0x00, 0x00,
    0x00, 0x00, 0x00, 0x00, 0x00, 0x00, 0x00, 0x00, 0x00, 0x00, 0x00, 0x00, 0x00, 0x00, 0x00, 0x00,
    0x00, 0x00, 0x00, 0x00, 0x7f, 0xbf, 0x7f, 0x04, 0x00, 0x00, 0x00, 0x00, 0xa6, 0xf3, 0xae, 0x5c,
    0x99, 0xfa, 0xa3, 0xff, 0x92, 0xea, 0x9a, 0xfc, 0x8b, 0xeb, 0x96, 0xff, 0x91, 0xeb, 0x9a, 0xff,
    0x91, 0xeb, 0x9a, 0xff, 0x8f, 0xeb, 0x98, 0xff, 0x8f, 0xec, 0x99, 0xff, 0x6f, 0xe6, 0x7f, 0xff,
    0x28, 0xdf, 0x4b, 0xff, 0x2a, 0xe1, 0x4d, 0xff, 0x2b, 0xe0, 0x4e, 0xff, 0x2b, 0xe0, 0x4d, 0xff,
    0x29, 0xe0, 0x4d, 0xff, 0x23, 0xe5, 0x49, 0xff, 0x26, 0xe5, 0x4b, 0xff, 0x2e, 0xdc, 0x4f, 0xff,
    0x52, 0xd2, 0x69, 0xff, 0x86, 0xbc, 0x8c, 0xff, 0x7e, 0xb2, 0x83, 0xff, 0x57, 0xc2, 0x68, 0xff,
    0x43, 0xcd, 0x5c, 0xff, 0x37, 0xdb, 0x57, 0xff, 0x2a, 0xe5, 0x4f, 0xff, 0x25, 0xe8, 0x4d, 0xff,
    0x2a, 0xe3, 0x50, 0xff, 0x2e, 0xe2, 0x52, 0xff, 0x2d, 0xe3, 0x51, 0xff, 0x2c, 0xe2, 0x51, 0xff,
    0x2d, 0xe2, 0x51, 0xff, 0x2d, 0xe3, 0x52, 0xff, 0x2d, 0xe2, 0x52, 0xff, 0x2d, 0xe3, 0x52, 0xff,
    0x2e, 0xe3, 0x53, 0xff, 0x2e, 0xe3, 0x53, 0xff, 0x2e, 0xe2, 0x52, 0xff, 0x2e, 0xe3, 0x52, 0xff,
    0x2e, 0xe3, 0x52, 0xff, 0x2e, 0xe1, 0x52, 0xff, 0x2e, 0xe0, 0x51, 0xff, 0x2e, 0xe0, 0x52, 0xff,
    0x2d, 0xdd, 0x51, 0xff, 0x33, 0xe9, 0x58, 0xff, 0x34, 0xde, 0x56, 0xff, 0x2f, 0x44, 0x2f, 0xff,
    0x74, 0x6a, 0x6d, 0xff, 0x7f, 0x79, 0x78, 0xff, 0x7c, 0x75, 0x75, 0xff, 0x7d, 0x77, 0x76, 0xff,
    0x7e, 0x77, 0x77, 0xff, 0x7d, 0x78, 0x77, 0xff, 0x7d, 0x76, 0x76, 0xff, 0x7d, 0x77, 0x76, 0xff,
    0x7d, 0x77, 0x77, 0xff, 0x7c, 0x76, 0x76, 0xfb, 0x8f, 0x88, 0x88, 0xff, 0x9e, 0x97, 0x96, 0xa3,
    0x00, 0x00, 0x00, 0x00, 0x55, 0x55, 0x55, 0x03, 0x00, 0x00, 0x00, 0x00, 0x00, 0x00, 0x00, 0x00,
    0x00, 0x00, 0x00, 0x00, 0x00, 0x00, 0x00, 0x00, 0x00, 0x00, 0x00, 0x00, 0x00, 0x00, 0x00, 0x00,
    0x55, 0x55, 0x55, 0x03, 0x00, 0x00, 0x00, 0x00, 0x00, 0x00, 0x00, 0x00, 0x00, 0x00, 0x00, 0x00,
    0x06, 0x06, 0x06, 0x00, 0x00, 0x00, 0x00, 0x00, 0x00, 0x00, 0x00, 0x00, 0x00, 0x00, 0x00, 0x00,
    0x00, 0x00, 0x00, 0x00, 0x00, 0x00, 0x00, 0x00, 0x00, 0x00, 0x00, 0x00, 0x00, 0x00, 0x00, 0x00,
    0x00, 0x00, 0x00, 0x00, 0x00, 0x00, 0x00, 0x00, 0x00, 0x00, 0x00, 0x00, 0x00, 0x00, 0x00, 0x00,
    0x00, 0x00, 0x00, 0x00, 0x00, 0x00, 0x00, 0x00, 0x00, 0x00, 0x00, 0x00, 0x00, 0x00, 0x00, 0x00,
    0x00, 0x00, 0x00, 0x00, 0x00, 0x00, 0x00, 0x00, 0x00, 0x00, 0x00, 0x00, 0x00, 0x00, 0x00, 0x00,
    0x00, 0x00, 0x00, 0x00, 0x00, 0x00, 0x00, 0x00, 0x00, 0x00, 0x00, 0x00, 0x00, 0x00, 0x00, 0x00,
    0x00, 0x00, 0x00, 0x00, 0x00, 0x00, 0x00, 0x00, 0x00, 0x00, 0x00, 0x00, 0x00, 0x00, 0x00, 0x00,
    0xff, 0xff, 0xff, 0x01, 0x7f, 0xff, 0x7f, 0x02, 0xff, 0xdf, 0xff, 0x08, 0x99, 0xe8, 0xa1, 0xd3,
    0x92, 0xf5, 0x9d, 0xfe, 0x94, 0xec, 0x9c, 0xfc, 0x92, 0xeb, 0x9a, 0xff, 0x93, 0xeb, 0x9b, 0xff,
    0x93, 0xeb, 0x9b, 0xff, 0x98, 0xec, 0x9e, 0xff, 0x7e, 0xe7, 0x89, 0xff, 0x2d, 0xdf, 0x4e, 0xff,
    0x29, 0xe0, 0x4c, 0xff, 0x2a, 0xdf, 0x4c, 0xff, 0x2b, 0xdf, 0x4d, 0xff, 0x22, 0xe2, 0x46, 0xff,
    0x29, 0xe3, 0x4c, 0xff, 0x4f, 0xcb, 0x63, 0xff, 0x6f, 0xa7, 0x74, 0xff, 0x93, 0x9f, 0x8f, 0xff,
    0xb4, 0xa7, 0xa9, 0xff, 0x8c, 0x7b, 0x83, 0xff, 0x82, 0x73, 0x7b, 0xff, 0xa3, 0x91, 0x98, 0xff,
    0x95, 0x8a, 0x8c, 0xff, 0x82, 0x88, 0x7d, 0xff, 0x76, 0x9f, 0x79, 0xff, 0x56, 0xbf, 0x67, 0xff,
    0x32, 0xdf, 0x53, 0xff, 0x25, 0xe7, 0x4d, 0xff, 0x2d, 0xe2, 0x51, 0xff, 0x2d, 0xe2, 0x51, 0xff,
    0x2c, 0xe3, 0x51, 0xff, 0x2d, 0xe2, 0x51, 0xff, 0x2d, 0xe2, 0x51, 0xff, 0x2d, 0xe3, 0x52, 0xff,
    0x2d, 0xe3, 0x52, 0xff, 0x2d, 0xe2, 0x52, 0xff, 0x2e, 0xe3, 0x52, 0xff, 0x2d, 0xe3, 0x52, 0xff,
    0x2e, 0xe3, 0x52, 0xff, 0x2e, 0xe2, 0x52, 0xff, 0x2e, 0xe0, 0x52, 0xff, 0x30, 0xe4, 0x55, 0xff,
    0x31, 0xed, 0x56, 0xff, 0x2d, 0xde, 0x4d, 0xff, 0x22, 0x76, 0x30, 0xff, 0x47, 0x40, 0x43, 0xff,
    0x80, 0x7b, 0x79, 0xff, 0x7c, 0x75, 0x75, 0xff, 0x7c, 0x76, 0x75, 0xff, 0x7d, 0x76, 0x76, 0xff,
    0x7d, 0x77, 0x77, 0xff, 0x7e, 0x78, 0x77, 0xff, 0x7c, 0x76, 0x76, 0xff, 0x7e, 0x77, 0x77, 0xff,
    0x7d, 0x76, 0x76, 0xff, 0x7d, 0x76, 0x76, 0xfd, 0x93, 0x8d, 0x8c, 0xff, 0xb1, 0xaa, 0xaa, 0x48,
    0x00, 0x00, 0x00, 0x01, 0xaa, 0xaa, 0xaa, 0x03, 0x00, 0x00, 0x00, 0x00, 0x00, 0x00, 0x00, 0x00,
    0x00, 0x00, 0x00, 0x01, 0xff, 0xff, 0xff, 0x01, 0xff, 0xff, 0xff, 0x01, 0xff, 0xff, 0xff, 0x01,
    0xff, 0xff, 0xff, 0x01, 0x00, 0x00, 0x00, 0x01, 0x7f, 0x7f, 0x7f, 0x02, 0x00, 0x00, 0x00, 0x03,
    0x00, 0x00, 0x00, 0x01, 0x00, 0x00, 0x00, 0x01, 0x00, 0x00, 0x00, 0x00, 0x00, 0x00, 0x00, 0x00,
    0x00, 0x00, 0x00, 0x00, 0x00, 0x00, 0x00, 0x00, 0x00, 0x00, 0x00, 0x00, 0x00, 0x00, 0x00, 0x00,
    0x00, 0x00, 0x00, 0x00, 0x00, 0x00, 0x00, 0x00, 0x00, 0x00, 0x00, 0x00, 0x00, 0x00, 0x00, 0x00,
    0x00, 0x00, 0x00, 0x00, 0x00, 0x00, 0x00, 0x00, 0x00, 0x00, 0x00, 0x00, 0x00, 0x00, 0x00, 0x00,
    0x00, 0x00, 0x00, 0x00, 0x00, 0x00, 0x00, 0x00, 0x00, 0x00, 0x00, 0x00, 0x00, 0x00, 0x00, 0x00,
    0x00, 0x00, 0x00, 0x00, 0x00, 0x00, 0x00, 0x00, 0x00, 0x00, 0x00, 0x00, 0x00, 0x00, 0x00, 0x00,
    0x00, 0x00, 0x00, 0x00, 0x00, 0x00, 0x00, 0x00, 0x00, 0x00, 0x00, 0x00, 0x00, 0x00, 0x00, 0x00,
    0xaa, 0xff, 0xaa, 0x03, 0x00, 0x00, 0x00, 0x00, 0xc3, 0xc5, 0xbd, 0x78, 0x92, 0xf4, 0xa1, 0xff,
    0x8d, 0xec, 0x97, 0xfc, 0x91, 0xeb, 0x9a, 0xff, 0x92, 0xeb, 0x9a, 0xff, 0x91, 0xeb, 0x99, 0xff,
    0x92, 0xec, 0x9b, 0xff, 0x89, 0xe9, 0x91, 0xff, 0x34, 0xdf, 0x52, 0xff, 0x26, 0xdf, 0x4a, 0xff,
    0x2b, 0xdf, 0x4c, 0xff, 0x29, 0xe0, 0x4c, 0xff, 0x21, 0xe3, 0x45, 0xff, 0x48, 0xd2, 0x5e, 0xff,
    0x80, 0xa3, 0x80, 0xff, 0x91, 0x83, 0x87, 0xff, 0xa5, 0x94, 0x9b, 0xff, 0xb4, 0xa9, 0xaa, 0xff,
    0x76, 0x73, 0x71, 0xff, 0x49, 0x4a, 0x47, 0xff, 0x4a, 0x4a, 0x48, 0xff, 0x70, 0x6e, 0x6b, 0xff,
    0x9c, 0x96, 0x94, 0xff, 0x98, 0x8f, 0x90, 0xff, 0x8d, 0x7e, 0x84, 0xff, 0x90, 0x7e, 0x85, 0xff,
    0x85, 0x94, 0x81, 0xff, 0x55, 0xc3, 0x67, 0xff, 0x28, 0xe5, 0x4d, 0xff, 0x2a, 0xe3, 0x4f, 0xff,
    0x2d, 0xe2, 0x51, 0xff, 0x2c, 0xe2, 0x50, 0xff, 0x2d, 0xe2, 0x51, 0xff, 0x2d, 0xe2, 0x51, 0xff,
    0x2d, 0xe3, 0x51, 0xff, 0x2d, 0xe2, 0x52, 0xff, 0x2e, 0xe3, 0x53, 0xff, 0x2e, 0xe3, 0x52, 0xff,
    0x2e, 0xe1, 0x52, 0xff, 0x2f, 0xe3, 0x54, 0xff, 0x30, 0xed, 0x56, 0xff, 0x2b, 0xdf, 0x4c, 0xff,
    0x28, 0x9b, 0x3b, 0xff, 0x38, 0x55, 0x39, 0xff, 0x5c, 0x51, 0x56, 0xff, 0x77, 0x72, 0x71, 0xff,
    0x7d, 0x77, 0x76, 0xff, 0x7c, 0x76, 0x75, 0xff, 0x7c, 0x76, 0x76, 0xff, 0x7d, 0x76, 0x76, 0xff,
    0x7d, 0x76, 0x76, 0xff, 0x7d, 0x76, 0x76, 0xff, 0x7e, 0x77, 0x77, 0xff, 0x7d, 0x77, 0x77, 0xff,
    0x7c, 0x76, 0x76, 0xfd, 0x85, 0x7f, 0x7e, 0xff, 0x93, 0x8f, 0x8d, 0xe0, 0xff, 0xff, 0xff, 0x0a,
    0x7f, 0x7f, 0x7f, 0x02, 0xaa, 0xaa, 0xaa, 0x03, 0x7f, 0x7f, 0x7f, 0x04, 0xaa, 0xaa, 0xaa, 0x03,
    0x00, 0x00, 0x00, 0x00, 0x00, 0x00, 0x00, 0x00, 0x00, 0x00, 0x00, 0x00, 0x00, 0x00, 0x00, 0x00,
    0x00, 0x00, 0x00, 0x00, 0x55, 0x55, 0x55, 0x03, 0x7f, 0x7f, 0x7f, 0x04, 0x00, 0x00, 0x00, 0x00,
    0x00, 0x00, 0x00, 0x00, 0x00, 0x00, 0x00, 0x00, 0x00, 0x00, 0x00, 0x00, 0x00, 0x00, 0x00, 0x00,
    0x00, 0x00, 0x00, 0x00, 0x00, 0x00, 0x00, 0x00, 0x00, 0x00, 0x00, 0x00, 0x00, 0x00, 0x00, 0x00,
    0x00, 0x00, 0x00, 0x00, 0x00, 0x00, 0x00, 0x00, 0x00, 0x00, 0x00, 0x00, 0x00, 0x00, 0x00, 0x00,
    0x00, 0x00, 0x00, 0x00, 0x00, 0x00, 0x00, 0x00, 0x00, 0x00, 0x00, 0x00, 0x00, 0x00, 0x00, 0x00,
    0x00, 0x00, 0x00, 0x00, 0x00, 0x00, 0x00, 0x00, 0x00, 0x00, 0x00, 0x00, 0x00, 0x00, 0x00, 0x00,
    0x00, 0x00, 0x00, 0x00, 0x00, 0x00, 0x00, 0x00, 0x00, 0x00, 0x00, 0x00, 0x00, 0x00, 0x00, 0x00,
    0x00, 0x00, 0x00, 0x00, 0x00, 0x00, 0x00, 0x00, 0x00, 0x00, 0x00, 0x00, 0x7f, 0x7f, 0x7f, 0x02,
    0x00, 0xff, 0xff, 0x01, 0xe6, 0xbd, 0xde, 0x1f, 0xb4, 0xc6, 0xb0, 0xf1, 0x77, 0xf0, 0x8e, 0xfd,
    0x8a, 0xeb, 0x96, 0xfe, 0x8d, 0xeb, 0x97, 0xff, 0x89, 0xeb, 0x94, 0xff, 0x8f, 0xeb, 0x98, 0xff,
    0x8e, 0xea, 0x96, 0xff, 0x3d, 0xe0, 0x59, 0xff, 0x24, 0xdf, 0x48, 0xff, 0x2c, 0xe0, 0x4d, 0xff,
    0x29, 0xe0, 0x4b, 0xff, 0x1e, 0xd7, 0x3c, 0xff, 0x60, 0xba, 0x6a, 0xff, 0x97, 0x8d, 0x8e, 0xff,
    0x90, 0x82, 0x87, 0xff, 0xa2, 0x9e, 0x9b, 0xff, 0xa6, 0xa2, 0x9e, 0xff, 0x6c, 0x6a, 0x68, 0xff,
    0x4b, 0x4a, 0x49, 0xff, 0x51, 0x4f, 0x4e, 0xff, 0x51, 0x4f, 0x4e, 0xff, 0x4c, 0x4a, 0x4a, 0xff,
    0x62, 0x5f, 0x5e, 0xff, 0x90, 0x8a, 0x89, 0xff, 0x9a, 0x95, 0x93, 0xff, 0x90, 0x8d, 0x89, 0xff,
    0x8c, 0x82, 0x84, 0xff, 0x8e, 0x7d, 0x84, 0xff, 0x6e, 0xa9, 0x74, 0xff, 0x2f, 0xe1, 0x51, 0xff,
    0x29, 0xe3, 0x4e, 0xff, 0x2d, 0xe1, 0x50, 0xff, 0x2d, 0xe2, 0x51, 0xff, 0x2d, 0xe2, 0x51, 0xff,
    0x2d, 0xe2, 0x52, 0xff, 0x2d, 0xe2, 0x51, 0xff, 0x2d, 0xe1, 0x51, 0xff, 0x2e, 0xe2, 0x53, 0xff,
    0x31, 0xec, 0x56, 0xff, 0x2e, 0xe3, 0x4f, 0xff, 0x26, 0xa4, 0x3b, 0xff, 0x34, 0x5a, 0x37, 0xff,
    0x58, 0x4b, 0x51, 0xff, 0x76, 0x6a, 0x6f, 0xff, 0x7e, 0x79, 0x77, 0xff, 0x7e, 0x77, 0x77, 0xff,
    0x7c, 0x76, 0x76, 0xff, 0x7d, 0x76, 0x76, 0xff, 0x7c, 0x76, 0x76, 0xff, 0x7c, 0x76, 0x75, 0xff,
    0x7d, 0x77, 0x76, 0xff, 0x7c, 0x76, 0x76, 0xff, 0x7d, 0x77, 0x76, 0xff, 0x7e, 0x77, 0x77, 0xff,
    0x7c, 0x76, 0x76, 0xfb, 0x92, 0x8a, 0x8b, 0xff, 0xa5, 0x99, 0x9d, 0x80, 0x00, 0x00, 0x00, 0x00,
    0x00, 0x00, 0x00, 0x00, 0x00, 0x00, 0x00, 0x00, 0x00, 0x00, 0x00, 0x00, 0x00, 0x00, 0x00, 0x00,
    0x04, 0x04, 0x04, 0x00, 0xff, 0xff, 0xff, 0x0d, 0xff, 0xff, 0xff, 0x0c, 0xff, 0xff, 0xff, 0x0d,
    0xff, 0xff, 0xff, 0x08, 0x00, 0x00, 0x00, 0x00, 0x00, 0x00, 0x00, 0x00, 0x00, 0x00, 0x00, 0x00,
    0x00, 0x00, 0x00, 0x00, 0x00, 0x00, 0x00, 0x00, 0x00, 0x00, 0x00, 0x00, 0x00, 0x00, 0x00, 0x00,
    0x00, 0x00, 0x00, 0x00, 0x00, 0x00, 0x00, 0x00, 0x00, 0x00, 0x00, 0x00, 0x00, 0x00, 0x00, 0x00,
    0x00, 0x00, 0x00, 0x00, 0x00, 0x00, 0x00, 0x00, 0x00, 0x00, 0x00, 0x00, 0x00, 0x00, 0x00, 0x00,
    0x00, 0x00, 0x00, 0x00, 0x00, 0x00, 0x00, 0x00, 0x00, 0x00, 0x00, 0x00, 0x00, 0x00, 0x00, 0x00,
    0x00, 0x00, 0x00, 0x00, 0x00, 0x00, 0x00, 0x00, 0x00, 0x00, 0x00, 0x00, 0x00, 0x00, 0x00, 0x00,
    0x00, 0x00, 0x00, 0x00, 0x00, 0x00, 0x00, 0x00, 0x00, 0x00, 0x00, 0x00, 0x00, 0x00, 0x00, 0x00,
    0x00, 0x00, 0x00, 0x00, 0x00, 0x00, 0x00, 0x00, 0x00, 0x00, 0x00, 0x00, 0x7f, 0x7f, 0x7f, 0x04,
    0x00, 0x00, 0x00, 0x00, 0xc8, 0xb2, 0xbd, 0x8c, 0xae, 0xd7, 0xaf, 0xff, 0x6b, 0xf0, 0x86, 0xfb,
    0x86, 0xeb, 0x94, 0xff, 0x8f, 0xeb, 0x97, 0xff, 0x90, 0xeb, 0x99, 0xff, 0x98, 0xeb, 0x9d, 0xff,
    0x49, 0xe0, 0x61, 0xff, 0x23, 0xde, 0x47, 0xff, 0x2c, 0xe1, 0x4e, 0xff, 0x24, 0xd8, 0x43, 0xff,
    0x13, 0xc3, 0x2a, 0xff, 0x60, 0xa2, 0x61, 0xff, 0x9d, 0x89, 0x92, 0xff, 0xa0, 0x9a, 0x98, 0xff,
    0xab, 0xa7, 0xa3, 0xff, 0x90, 0x8b, 0x89, 0xff, 0x5b, 0x58, 0x57, 0xff, 0x4c, 0x4a, 0x49, 0xff,
    0x4f, 0x4d, 0x4d, 0xff, 0x52, 0x4f, 0x4f, 0xff, 0x51, 0x4f, 0x4e, 0xff, 0x54, 0x51, 0x50, 0xff,
    0x4d, 0x4b, 0x4a, 0xff, 0x51, 0x4f, 0x4e, 0xff, 0x72, 0x6e, 0x6d, 0xff, 0x95, 0x8e, 0x8e, 0xff,
    0x9a, 0x94, 0x93, 0xff, 0x91, 0x8f, 0x8b, 0xff, 0x93, 0x80, 0x89, 0xff, 0x78, 0x9f, 0x79, 0xff,
    0x2e, 0xdf, 0x50, 0xff, 0x2a, 0xe2, 0x4e, 0xff, 0x2d, 0xe1, 0x50, 0xff, 0x2c, 0xe2, 0x50, 0xff,
    0x2d, 0xe1, 0x50, 0xff, 0x2d, 0xe1, 0x52, 0xff, 0x30, 0xeb, 0x55, 0xff, 0x2e, 0xe6, 0x50, 0xff,
    0x29, 0xae, 0x3f, 0xff, 0x32, 0x60, 0x37, 0xff, 0x54, 0x4a, 0x4e, 0xff, 0x73, 0x66, 0x6c, 0xff,
    0x7e, 0x79, 0x77, 0xff, 0x7d, 0x78, 0x76, 0xff, 0x7b, 0x75, 0x75, 0xff, 0x7c, 0x76, 0x76, 0xff,
    0x7b, 0x75, 0x75, 0xff, 0x7c, 0x75, 0x76, 0xff, 0x7c, 0x75, 0x75, 0xff, 0x7c, 0x76, 0x76, 0xff,
    0x7d, 0x77, 0x77, 0xff, 0x7d, 0x77, 0x76, 0xff, 0x7d, 0x76, 0x76, 0xff, 0x7d, 0x77, 0x76, 0xff,
    0x80, 0x78, 0x79, 0xfc, 0x91, 0x91, 0x8a, 0xff, 0x8e, 0xbe, 0x92, 0x7a, 0xcf, 0xc6, 0xcf, 0x1b,
    0xa7, 0xa7, 0xa7, 0x29, 0xaa, 0xa5, 0xa5, 0x3f, 0xa4, 0x9f, 0x9f, 0x65, 0x9d, 0x96, 0x96, 0x98,
    0x97, 0x91, 0x8f, 0xd1, 0x99, 0x93, 0x92, 0xe4, 0x98, 0x92, 0x92, 0xe2, 0x99, 0x93, 0x93, 0xe4,
    0x9e, 0x97, 0x97, 0xdb, 0xa1, 0x9b, 0x9b, 0xa9, 0xab, 0xa6, 0xa6, 0x62, 0xff, 0xff, 0xff, 0x05,
    0x00, 0x00, 0x00, 0x00, 0x00, 0x00, 0x00, 0x00, 0x00, 0x00, 0x00, 0x00, 0x00, 0x00, 0x00, 0x00,
    0x00, 0x00, 0x00, 0x00, 0x00, 0x00, 0x00, 0x00, 0x00, 0x00, 0x00, 0x00, 0x00, 0x00, 0x00, 0x00,
    0x00, 0x00, 0x00, 0x00, 0x00, 0x00, 0x00, 0x00, 0x00, 0x00, 0x00, 0x00, 0x00, 0x00, 0x00, 0x00,
    0x00, 0x00, 0x00, 0x00, 0x00, 0x00, 0x00, 0x00, 0x00, 0x00, 0x00, 0x00, 0x00, 0x00, 0x00, 0x00,
    0x00, 0x00, 0x00, 0x00, 0x00, 0x00, 0x00, 0x00, 0x00, 0x00, 0x00, 0x00, 0x00, 0x00, 0x00, 0x00,
    0x00, 0x00, 0x00, 0x00, 0x00, 0x00, 0x00, 0x00, 0x00, 0x00, 0x00, 0x00, 0x00, 0x00, 0x00, 0x00,
    0x00, 0x00, 0x00, 0x00, 0x00, 0x00, 0x00, 0x00, 0xff, 0xff, 0xff, 0x01, 0x00, 0x00, 0x00, 0x00,
    0xd6, 0xe4, 0xd6, 0x13, 0xc1, 0xb3, 0xb6, 0xe9, 0x93, 0xda, 0x9b, 0xfe, 0x6e, 0xef, 0x86, 0xfe,
    0x7e, 0xeb, 0x90, 0xff, 0x91, 0xeb, 0x99, 0xff, 0x98, 0xeb, 0x9e, 0xff, 0x58, 0xe1, 0x6b, 0xff,
    0x22, 0xde, 0x45, 0xff, 0x2b, 0xdf, 0x4c, 0xff, 0x20, 0xcc, 0x38, 0xff, 0x11, 0xb6, 0x23, 0xff,
    0x62, 0xa9, 0x64, 0xff, 0xad, 0x9c, 0xa3, 0xff, 0xa3, 0x9f, 0x9c, 0xff, 0x99, 0x94, 0x91, 0xff,
    0x6c, 0x69, 0x68, 0xff, 0x4e, 0x4c, 0x4b, 0xff, 0x4d, 0x4b, 0x4b, 0xff, 0x53, 0x51, 0x50, 0xff,
    0x5e, 0x5b, 0x5a, 0xff, 0x4f, 0x4c, 0x4b, 0xff, 0x31, 0x30, 0x30, 0xff, 0x41, 0x40, 0x3f, 0xff,
    0x51, 0x4e, 0x4e, 0xff, 0x50, 0x4e, 0x4e, 0xff, 0x4b, 0x49, 0x49, 0xff, 0x57, 0x54, 0x53, 0xff,
    0x73, 0x6e, 0x6e, 0xff, 0x8c, 0x87, 0x86, 0xff, 0x95, 0x94, 0x8f, 0xff, 0xa0, 0x8c, 0x95, 0xff,
    0x76, 0xaa, 0x7a, 0xff, 0x27, 0xe3, 0x4b, 0xff, 0x2c, 0xe1, 0x4f, 0xff, 0x2b, 0xdf, 0x4e, 0xff,
    0x2e, 0xe6, 0x52, 0xff, 0x2c, 0xe8, 0x4f, 0xff, 0x27, 0xb4, 0x3f, 0xff, 0x2f, 0x66, 0x36, 0xff,
    0x4e, 0x49, 0x4a, 0xff, 0x70, 0x62, 0x69, 0xff, 0x7d, 0x78, 0x77, 0xff, 0x7d, 0x79, 0x77, 0xff,
    0x7b, 0x74, 0x74, 0xff, 0x7c, 0x75, 0x75, 0xff, 0x7b, 0x75, 0x75, 0xff, 0x7c, 0x75, 0x75, 0xff,
    0x7c, 0x75, 0x75, 0xff, 0x7c, 0x76, 0x75, 0xff, 0x7c, 0x76, 0x76, 0xff, 0x7c, 0x76, 0x76, 0xff,
    0x7c, 0x76, 0x76, 0xff, 0x7d, 0x76, 0x76, 0xff, 0x7e, 0x77, 0x77, 0xff, 0x7c, 0x76, 0x76, 0xff,
    0x86, 0x7f, 0x7f, 0xff, 0x8c, 0x87, 0x84, 0xff, 0x84, 0x89, 0x7f, 0xff, 0x8d, 0x87, 0x86, 0xf1,
    0x8c, 0x86, 0x85, 0xfc, 0x8e, 0x87, 0x87, 0xff, 0x94, 0x8d, 0x8c, 0xff, 0x95, 0x8e, 0x8d, 0xff,
    0x90, 0x89, 0x88, 0xff, 0x8f, 0x88, 0x88, 0xff, 0x92, 0x8c, 0x8b, 0xff, 0x93, 0x8c, 0x8b, 0xff,
    0x94, 0x8c, 0x8b, 0xff, 0x9a, 0x93, 0x92, 0xff, 0x99, 0x93, 0x92, 0xff, 0xbf, 0xbf, 0xbf, 0x18,
    0x00, 0x00, 0x00, 0x00, 0xff, 0xff, 0xff, 0x01, 0x00, 0x00, 0x00, 0x00, 0x00, 0x00, 0x00, 0x00,
    0x00, 0x00, 0x00, 0x00, 0x00, 0x00, 0x00, 0x00, 0x00, 0x00, 0x00, 0x00, 0x00, 0x00, 0x00, 0x00,
    0x00, 0x00, 0x00, 0x00, 0x00, 0x00, 0x00, 0x00, 0x00, 0x00, 0x00, 0x00, 0x00, 0x00, 0x00, 0x00,
    0x00, 0x00, 0x00, 0x00, 0x00, 0x00, 0x00, 0x00, 0x00, 0x00, 0x00, 0x00, 0x00, 0x00, 0x00, 0x00,
    0x00, 0x00, 0x00, 0x00, 0x00, 0x00, 0x00, 0x00, 0x00, 0x00, 0x00, 0x00, 0x00, 0x00, 0x00, 0x00,
    0x00, 0x00, 0x00, 0x00, 0x00, 0x00, 0x00, 0x00, 0x00, 0x00, 0x00, 0x00, 0x00, 0x00, 0x00, 0x00,
    0x00, 0x00, 0x00, 0x00, 0x00, 0x00, 0x00, 0x00, 0xbf, 0xbf, 0xbf, 0x04, 0x00, 0x00, 0x00, 0x00,
    0xc4, 0xbf, 0xbc, 0x68, 0xc4, 0xbb, 0xb9, 0xff, 0x83, 0xe1, 0x91, 0xfc, 0x72, 0xee, 0x88, 0xff,
    0x79, 0xeb, 0x8c, 0xff, 0x94, 0xec, 0x9d, 0xff, 0x61, 0xe2, 0x72, 0xff, 0x23, 0xde, 0x46, 0xff,
    0x28, 0xdc, 0x48, 0xff, 0x1d, 0xc3, 0x32, 0xff, 0x10, 0xb3, 0x20, 0xff, 0x6f, 0xac, 0x70, 0xff,
    0xb0, 0x9d, 0xa6, 0xff, 0x84, 0x82, 0x7e, 0xff, 0x69, 0x66, 0x65, 0xff, 0x4e, 0x4c, 0x4b, 0xff,
    0x49, 0x47, 0x47, 0xff, 0x4f, 0x4d, 0x4d, 0xff, 0x57, 0x54, 0x53, 0xff, 0x5d, 0x59, 0x59, 0xff,
    0x4e, 0x4b, 0x4b, 0xff, 0x3a, 0x38, 0x38, 0xff, 0x44, 0x42, 0x42, 0xff, 0x30, 0x2f, 0x2f, 0xff,
    0x31, 0x30, 0x30, 0xff, 0x44, 0x43, 0x43, 0xff, 0x51, 0x4f, 0x4e, 0xff, 0x50, 0x4d, 0x4d, 0xff,
    0x4d, 0x4a, 0x4a, 0xff, 0x52, 0x4f, 0x4f, 0xff, 0x5e, 0x5a, 0x5a, 0xff, 0x76, 0x75, 0x71, 0xff,
    0x9b, 0x88, 0x91, 0xff, 0x58, 0xbc, 0x67, 0xff, 0x22, 0xe3, 0x47, 0xff, 0x32, 0xe8, 0x56, 0xff,
    0x2c, 0xcd, 0x49, 0xff, 0x2a, 0x6c, 0x32, 0xff, 0x4a, 0x48, 0x46, 0xff, 0x6b, 0x5c, 0x64, 0xff,
    0x7b, 0x75, 0x75, 0xff, 0x7c, 0x77, 0x76, 0xff, 0x7a, 0x74, 0x74, 0xff, 0x7c, 0x75, 0x75, 0xff,
    0x7c, 0x75, 0x75, 0xff, 0x7c, 0x75, 0x75, 0xff, 0x7c, 0x75, 0x75, 0xff, 0x7c, 0x75, 0x75, 0xff,
    0x7b, 0x75, 0x75, 0xff, 0x7c, 0x76, 0x75, 0xff, 0x7c, 0x76, 0x75, 0xff, 0x7c, 0x76, 0x76, 0xff,
    0x7c, 0x75, 0x75, 0xff, 0x7c, 0x76, 0x76, 0xff, 0x7d, 0x77, 0x77, 0xff, 0x7e, 0x77, 0x77, 0xff,
    0x88, 0x81, 0x81, 0xff, 0x89, 0x81, 0x80, 0xff, 0x83, 0x7a, 0x7c, 0xff, 0x84, 0x7e, 0x7d, 0xff,
    0x85, 0x7e, 0x7d, 0xff, 0x86, 0x7f, 0x7e, 0xfe, 0x87, 0x80, 0x80, 0xfb, 0x89, 0x82, 0x82, 0xfb,
    0x89, 0x82, 0x82, 0xfd, 0x8c, 0x85, 0x85, 0xfd, 0x8f, 0x88, 0x87, 0xfd, 0x89, 0x83, 0x82, 0xfd,
    0x8d, 0x87, 0x86, 0xfc, 0x91, 0x8a, 0x89, 0xfc, 0x96, 0x8f, 0x8e, 0xee, 0xbc, 0xbc, 0xbc, 0x17,
    0x00, 0x00, 0x00, 0x00, 0xff, 0xff, 0xff, 0x01, 0x00, 0x00, 0x00, 0x00, 0x00, 0x00, 0x00, 0x00,
    0x00, 0x00, 0x00, 0x00, 0x00, 0x00, 0x00, 0x00, 0x00, 0x00, 0x00, 0x00, 0x00, 0x00, 0x00, 0x00,
    0x00, 0x00, 0x00, 0x00, 0x00, 0x00, 0x00, 0x00, 0x00, 0x00, 0x00, 0x00, 0x00, 0x00, 0x00, 0x00,
    0x00, 0x00, 0x00, 0x00, 0x00, 0x00, 0x00, 0x00, 0x00, 0x00, 0x00, 0x00, 0x00, 0x00, 0x00, 0x00,
    0x00, 0x00, 0x00, 0x00, 0x00, 0x00, 0x00, 0x00, 0x00, 0x00, 0x00, 0x00, 0x00, 0x00, 0x00, 0x00,
    0x00, 0x00, 0x00, 0x00, 0x00, 0x00, 0x00, 0x00, 0x00, 0x00, 0x00, 0x00, 0x00, 0x00, 0x00, 0x00,
    0x00, 0x00, 0x00, 0x00, 0x00, 0x00, 0x00, 0x00, 0x7f, 0x7f, 0x7f, 0x02, 0x00, 0x00, 0x00, 0x00,
    0xbc, 0xb5, 0xb3, 0xb7, 0xbd, 0xb9, 0xb2, 0xfe, 0x7d, 0xe5, 0x8e, 0xfc, 0x73, 0xee, 0x88, 0xff,
    0x7c, 0xec, 0x8e, 0xff, 0x6c, 0xe6, 0x7d, 0xff, 0x26, 0xde, 0x48, 0xff, 0x26, 0xdb, 0x46, 0xff,
    0x1b, 0xbf, 0x2f, 0xff, 0x11, 0xb3, 0x22, 0xff, 0x29, 0xad, 0x35, 0xff, 0x9d, 0x98, 0x95, 0xff,
    0x63, 0x61, 0x60, 0xff, 0x48, 0x47, 0x45, 0xff, 0x4c, 0x4a, 0x4a, 0xff, 0x4e, 0x4c, 0x4c, 0xff,
    0x53, 0x52, 0x51, 0xff, 0x5e, 0x5b, 0x5a, 0xff, 0x55, 0x51, 0x51, 0xff, 0x42, 0x3f, 0x3f, 0xff,
    0x43, 0x40, 0x40, 0xff, 0x51, 0x4e, 0x4d, 0xff, 0x66, 0x62, 0x62, 0xff, 0x69, 0x64, 0x64, 0xff,
    0x48, 0x46, 0x46, 0xff, 0x2d, 0x2c, 0x2c, 0xff, 0x34, 0x33, 0x34, 0xff, 0x48, 0x46, 0x46, 0xff,
    0x51, 0x4f, 0x4e, 0xff, 0x50, 0x4e, 0x4d, 0xff, 0x4d, 0x4b, 0x4b, 0xff, 0x50, 0x4e, 0x4d, 0xff,
    0x86, 0x7e, 0x7f, 0xff, 0x8b, 0x91, 0x85, 0xff, 0x3a, 0xe1, 0x57, 0xff, 0x2d, 0xcb, 0x49, 0xff,
    0x30, 0x47, 0x31, 0xff, 0x64, 0x52, 0x5c, 0xff, 0x7b, 0x75, 0x74, 0xff, 0x7c, 0x77, 0x75, 0xff,
    0x79, 0x72, 0x72, 0xff, 0x7a, 0x73, 0x73, 0xff, 0x7a, 0x74, 0x74, 0xff, 0x7b, 0x74, 0x74, 0xff,
    0x7b, 0x75, 0x74, 0xff, 0x7b, 0x75, 0x75, 0xff, 0x7c, 0x76, 0x76, 0xff, 0x7c, 0x76, 0x75, 0xff,
    0x7b, 0x75, 0x74, 0xff, 0x7c, 0x75, 0x75, 0xff, 0x7c, 0x75, 0x75, 0xff, 0x7c, 0x76, 0x76, 0xff,
    0x7c, 0x76, 0x75, 0xff, 0x7d, 0x77, 0x77, 0xff, 0x7e, 0x77, 0x77, 0xff, 0x81, 0x7a, 0x7a, 0xff,
    0x8b, 0x84, 0x83, 0xff, 0x84, 0x7d, 0x7b, 0xff, 0x81, 0x7b, 0x7a, 0xff, 0x85, 0x7e, 0x7d, 0xfe,
    0x84, 0x7e, 0x7d, 0xfe, 0x85, 0x7e, 0x7d, 0xff, 0x87, 0x81, 0x80, 0xff, 0x88, 0x81, 0x80, 0xff,
    0x8b, 0x84, 0x83, 0xff, 0x8a, 0x84, 0x83, 0xff, 0x86, 0x7e, 0x7e, 0xff, 0x84, 0x7c, 0x7c, 0xff,
    0x8d, 0x87, 0x85, 0xfe, 0x92, 0x8b, 0x89, 0xff, 0x97, 0x90, 0x8f, 0xf1, 0xc7, 0xbc, 0xbc, 0x17,
    0x00, 0x00, 0x00, 0x00, 0xff, 0xff, 0xff, 0x01, 0x00, 0x00, 0x00, 0x00, 0x00, 0x00, 0x00, 0x00,
    0x00, 0x00, 0x00, 0x00, 0x00, 0x00, 0x00, 0x00, 0x00, 0x00, 0x00, 0x00, 0x00, 0x00, 0x00, 0x00,
    0x00, 0x00, 0x00, 0x00, 0x00, 0x00, 0x00, 0x00, 0x00, 0x00, 0x00, 0x00, 0x00, 0x00, 0x00, 0x00,
    0x00, 0x00, 0x00, 0x00, 0x00, 0x00, 0x00, 0x00, 0x00, 0x00, 0x00, 0x00, 0x00, 0x00, 0x00, 0x00,
    0x00, 0x00, 0x00, 0x00, 0x00, 0x00, 0x00, 0x00, 0x00, 0x00, 0x00, 0x00, 0x00, 0x00, 0x00, 0x00,
    0x00, 0x00, 0x00, 0x00, 0x00, 0x00, 0x00, 0x00, 0x00, 0x00, 0x00, 0x00, 0x00, 0x00, 0x00, 0x00,
    0x00, 0x00, 0x00, 0x00, 0xff, 0xff, 0xff, 0x01, 0x00, 0x00, 0x00, 0x00, 0xdc, 0xdc, 0xdc, 0x16,
    0xb7, 0xaf, 0xae, 0xf0, 0xb4, 0xb3, 0xab, 0xff, 0x79, 0xe5, 0x8c, 0xfe, 0x74, 0xed, 0x89, 0xff,
    0x7d, 0xed, 0x90, 0xff, 0x52, 0xdf, 0x68, 0xff, 0x1b, 0xce, 0x36, 0xff, 0x1b, 0xbd, 0x2d, 0xff,
    0x18, 0xb2, 0x27, 0xff, 0x0f, 0xb1, 0x1f, 0xff, 0x38, 0x9d, 0x3f, 0xff, 0x83, 0x79, 0x7a, 0xff,
    0x51, 0x51, 0x4e, 0xff, 0x50, 0x4e, 0x4d, 0xff, 0x50, 0x4e, 0x4d, 0xff, 0x58, 0x55, 0x55, 0xff,
    0x62, 0x5d, 0x5d, 0xff, 0x49, 0x47, 0x46, 0xff, 0x3d, 0x3b, 0x3b, 0xff, 0x4b, 0x48, 0x48, 0xff,
    0x54, 0x52, 0x51, 0xff, 0x51, 0x4e, 0x4e, 0xff, 0x4d, 0x4b, 0x4a, 0xff, 0x57, 0x54, 0x54, 0xff,
    0x6c, 0x67, 0x67, 0xff, 0x65, 0x61, 0x60, 0xff, 0x41, 0x3f, 0x3f, 0xff, 0x2e, 0x2d, 0x2d, 0xff,
    0x3d, 0x3c, 0x3b, 0xff, 0x4f, 0x4d, 0x4d, 0xff, 0x50, 0x4d, 0x4d, 0xff, 0x57, 0x54, 0x53, 0xff,
    0x85, 0x81, 0x7e, 0xff, 0x96, 0x89, 0x8c, 0xff, 0x5c, 0x9d, 0x62, 0xff, 0x27, 0x4b, 0x2a, 0xff,
    0x63, 0x54, 0x5c, 0xff, 0x7c, 0x79, 0x76, 0xff, 0x78, 0x72, 0x71, 0xff, 0x79, 0x72, 0x72, 0xff,
    0x7a, 0x73, 0x73, 0xff, 0x7a, 0x74, 0x74, 0xff, 0x79, 0x72, 0x72, 0xff, 0x7a, 0x73, 0x73, 0xff,
    0x7a, 0x74, 0x74, 0xff, 0x7a, 0x74, 0x73, 0xff, 0x7c, 0x75, 0x75, 0xff, 0x7b, 0x74, 0x74, 0xff,
    0x7c, 0x75, 0x75, 0xff, 0x7c, 0x75, 0x75, 0xff, 0x7c, 0x75, 0x75, 0xff, 0x7c, 0x76, 0x75, 0xff,
    0x7d, 0x77, 0x76, 0xff, 0x7d, 0x76, 0x76, 0xff, 0x7c, 0x76, 0x76, 0xff, 0x84, 0x7e, 0x7d, 0xff,
    0x8c, 0x84, 0x83, 0xff, 0x81, 0x7a, 0x79, 0xff, 0x83, 0x7c, 0x7c, 0xff, 0x83, 0x7c, 0x7b, 0xff,
    0x84, 0x7d, 0x7d, 0xff, 0x86, 0x7f, 0x7e, 0xff, 0x87, 0x80, 0x7f, 0xff, 0x86, 0x80, 0x7f, 0xff,
    0x88, 0x81, 0x80, 0xff, 0x85, 0x7e, 0x7e, 0xff, 0x83, 0x7c, 0x7c, 0xff, 0x84, 0x7d, 0x7d, 0xff,
    0x8d, 0x86, 0x85, 0xfe, 0x92, 0x8b, 0x8a, 0xff, 0x97, 0x90, 0x8f, 0xf1, 0xc7, 0xbc, 0xbc, 0x17,
    0x00, 0x00, 0x00, 0x00, 0xff, 0xff, 0xff, 0x01, 0x00, 0x00, 0x00, 0x00, 0x00, 0x00, 0x00, 0x00,
    0x00, 0x00, 0x00, 0x00, 0x00, 0x00, 0x00, 0x00, 0x00, 0x00, 0x00, 0x00, 0x00, 0x00, 0x00, 0x00,
    0x00, 0x00, 0x00, 0x00, 0x00, 0x00, 0x00, 0x00, 0x00, 0x00, 0x00, 0x00, 0x00, 0x00, 0x00, 0x00,
    0x00, 0x00, 0x00, 0x00, 0x00, 0x00, 0x00, 0x00, 0x00, 0x00, 0x00, 0x00, 0x00, 0x00, 0x00, 0x00,
    0x00, 0x00, 0x00, 0x00, 0x00, 0x00, 0x00, 0x00, 0x00, 0x00, 0x00, 0x00, 0x00, 0x00, 0x00, 0x00,
    0x00, 0x00, 0x00, 0x00, 0x00, 0x00, 0x00, 0x00, 0x00, 0x00, 0x00, 0x00, 0x00, 0x00, 0x00, 0x00,
    0x00, 0x00, 0x00, 0x00, 0xff, 0xaa, 0xaa, 0x03, 0x00, 0x00, 0x00, 0x00, 0xc4, 0xc0, 0xbd, 0x4e,
    0xbe, 0xb5, 0xb4, 0xff, 0xae, 0xb0, 0xa6, 0xfd, 0x7a, 0xe7, 0x8d, 0xff, 0x70, 0xed, 0x87, 0xff,
    0x7a, 0xef, 0x8f, 0xff, 0x52, 0xd7, 0x64, 0xff, 0x11, 0xb2, 0x20, 0xff, 0x17, 0xb1, 0x27, 0xff,
    0x17, 0xad, 0x26, 0xff, 0x0c, 0xa6, 0x1a, 0xff, 0x5a, 0x8d, 0x5a, 0xff, 0x91, 0x83, 0x87, 0xff,
    0x60, 0x5f, 0x5c, 0xff, 0x4d, 0x4b, 0x4b, 0xff, 0x52, 0x50, 0x4f, 0xff, 0x6f, 0x69, 0x69, 0xff,
    0x44, 0x41, 0x41, 0xff, 0x40, 0x3f, 0x3e, 0xff, 0x53, 0x50, 0x50, 0xff, 0x51, 0x4f, 0x4e, 0xff,
    0x50, 0x4e, 0x4e, 0xff, 0x4f, 0x4d, 0x4d, 0xff, 0x50, 0x4d, 0x4d, 0xff, 0x4e, 0x4c, 0x4b, 0xff,
    0x4d, 0x4a, 0x4a, 0xff, 0x59, 0x57, 0x56, 0xff, 0x70, 0x6b, 0x6b, 0xff, 0x52, 0x4e, 0x4e, 0xff,
    0x2c, 0x2b, 0x2b, 0xff, 0x49, 0x47, 0x47, 0xff, 0x4f, 0x4d, 0x4c, 0xff, 0x5e, 0x5b, 0x5a, 0xff,
    0x8d, 0x87, 0x85, 0xff, 0x90, 0x8a, 0x87, 0xff, 0x6f, 0x66, 0x68, 0xff, 0x4f, 0x49, 0x4a, 0xff,
    0x7c, 0x77, 0x76, 0xff, 0x77, 0x70, 0x70, 0xff, 0x7a, 0x74, 0x74, 0xff, 0x79, 0x72, 0x72, 0xff,
    0x74, 0x6e, 0x6d, 0xff, 0x7a, 0x73, 0x72, 0xff, 0x7d, 0x76, 0x76, 0xff, 0x79, 0x73, 0x73, 0xff,
    0x7a, 0x74, 0x74, 0xff, 0x7a, 0x73, 0x73, 0xff, 0x7b, 0x74, 0x74, 0xff, 0x7b, 0x74, 0x74, 0xff,
    0x7c, 0x75, 0x75, 0xff, 0x7c, 0x75, 0x75, 0xff, 0x7c, 0x75, 0x75, 0xff, 0x7c, 0x75, 0x75, 0xff,
    0x7c, 0x76, 0x76, 0xff, 0x7c, 0x76, 0x76, 0xff, 0x7e, 0x78, 0x78, 0xff, 0x8a, 0x84, 0x83, 0xff,
    0x84, 0x7d, 0x7c, 0xff, 0x7e, 0x77, 0x77, 0xff, 0x82, 0x7b, 0x7a, 0xff, 0x83, 0x7c, 0x7b, 0xff,
    0x83, 0x7c, 0x7c, 0xff, 0x86, 0x7f, 0x7e, 0xff, 0x87, 0x80, 0x80, 0xff, 0x86, 0x7e, 0x7e, 0xff,
    0x83, 0x7c, 0x7b, 0xff, 0x85, 0x7e, 0x7d, 0xff, 0x85, 0x7e, 0x7e, 0xff, 0x84, 0x7d, 0x7d, 0xff,
    0x8d, 0x86, 0x85, 0xfe, 0x92, 0x8b, 0x8a, 0xff, 0x97, 0x90, 0x8f, 0xf1, 0xbc, 0xbc, 0xbc, 0x17,
    0x00, 0x00, 0x00, 0x00, 0xff, 0xff, 0xff, 0x01, 0x00, 0x00, 0x00, 0x00, 0x00, 0x00, 0x00, 0x00,
    0x00, 0x00, 0x00, 0x00, 0x00, 0x00, 0x00, 0x00, 0x00, 0x00, 0x00, 0x00, 0x00, 0x00, 0x00, 0x00,
    0x00, 0x00, 0x00, 0x00, 0x00, 0x00, 0x00, 0x00, 0x00, 0x00, 0x00, 0x00, 0x00, 0x00, 0x00, 0x00,
    0x00, 0x00, 0x00, 0x00, 0x00, 0x00, 0x00, 0x00, 0x00, 0x00, 0x00, 0x00, 0x00, 0x00, 0x00, 0x00,
    0x00, 0x00, 0x00, 0x00, 0x00, 0x00, 0x00, 0x00, 0x00, 0x00, 0x00, 0x00, 0x00, 0x00, 0x00, 0x00,
    0x00, 0x00, 0x00, 0x00, 0x00, 0x00, 0x00, 0x00, 0x00, 0x00, 0x00, 0x00, 0x00, 0x00, 0x00, 0x00,
    0x00, 0x00, 0x00, 0x00, 0xbf, 0xbf, 0xbf, 0x04, 0x00, 0x00, 0x00, 0x00, 0xbc, 0xb7, 0xb5, 0x7a,
    0xbc, 0xb3, 0xb2, 0xff, 0xab, 0xaa, 0xa3, 0xfb, 0x7d, 0xe6, 0x8e, 0xff, 0x73, 0xec, 0x88, 0xff,
    0x77, 0xef, 0x8d, 0xff, 0x4f, 0xd5, 0x61, 0xff, 0x10, 0xad, 0x1f, 0xff, 0x17, 0xae, 0x25, 0xff,
    0x13, 0xa5, 0x21, 0xff, 0x16, 0x9e, 0x21, 0xff, 0x71, 0x82, 0x6c, 0xff, 0x8f, 0x84, 0x85, 0xff,
    0x6c, 0x69, 0x66, 0xff, 0x4a, 0x4a, 0x49, 0xff, 0x55, 0x53, 0x52, 0xff, 0x6a, 0x65, 0x65, 0xff,
    0x31, 0x30, 0x30, 0xff, 0x43, 0x41, 0x41, 0xff, 0x53, 0x51, 0x50, 0xff, 0x4f, 0x4d, 0x4c, 0xff,
    0x4f, 0x4d, 0x4d, 0xff, 0x4e, 0x4d, 0x4c, 0xff, 0x50, 0x4e, 0x4e, 0xff, 0x50, 0x4e, 0x4e, 0xff,
    0x50, 0x4e, 0x4d, 0xff, 0x4a, 0x48, 0x48, 0xff, 0x57, 0x54, 0x54, 0xff, 0x64, 0x5f, 0x60, 0xff,
    0x2b, 0x2b, 0x2b, 0xff, 0x48, 0x47, 0x46, 0xff, 0x4d, 0x4b, 0x4b, 0xff, 0x63, 0x5f, 0x5f, 0xff,
    0x90, 0x8a, 0x88, 0xff, 0x89, 0x82, 0x81, 0xff, 0x7f, 0x7b, 0x78, 0xff, 0x68, 0x64, 0x62, 0xff,
    0x76, 0x6e, 0x6e, 0xff, 0x79, 0x72, 0x72, 0xff, 0x71, 0x6c, 0x6b, 0xff, 0x6a, 0x67, 0x68, 0xff,
    0x6d, 0x6b, 0x6c, 0xff, 0x5e, 0x5b, 0x5c, 0xff, 0x67, 0x61, 0x61, 0xff, 0x7d, 0x77, 0x77, 0xff,
    0x7a, 0x74, 0x74, 0xff, 0x7b, 0x75, 0x74, 0xff, 0x7a, 0x74, 0x74, 0xff, 0x7b, 0x74, 0x74, 0xff,
    0x7c, 0x75, 0x75, 0xff, 0x7b, 0x75, 0x75, 0xff, 0x7c, 0x75, 0x75, 0xff, 0x7c, 0x76, 0x76, 0xff,
    0x7d, 0x76, 0x76, 0xff, 0x7b, 0x75, 0x74, 0xff, 0x81, 0x7b, 0x7a, 0xff, 0x8b, 0x84, 0x83, 0xff,
    0x80, 0x79, 0x78, 0xff, 0x7f, 0x77, 0x76, 0xff, 0x81, 0x7a, 0x79, 0xff, 0x83, 0x7d, 0x7c, 0xff,
    0x85, 0x7d, 0x7d, 0xff, 0x87, 0x80, 0x7f, 0xff, 0x82, 0x7c, 0x7b, 0xff, 0x81, 0x7b, 0x7a, 0xff,
    0x83, 0x7c, 0x7b, 0xff, 0x84, 0x7d, 0x7c, 0xff, 0x85, 0x7e, 0x7d, 0xff, 0x85, 0x7e, 0x7e, 0xff,
    0x8d, 0x86, 0x85, 0xfe, 0x92, 0x8b, 0x8a, 0xff, 0x95, 0x8f, 0x8e, 0xf2, 0xbf, 0xb4, 0xb4, 0x18,
    0x00, 0x00, 0x00, 0x00, 0xff, 0xff, 0xff, 0x01, 0x00, 0x00, 0x00, 0x00, 0x00, 0x00, 0x00, 0x00,
    0x00, 0x00, 0x00, 0x00, 0x00, 0x00, 0x00, 0x00, 0x00, 0x00, 0x00, 0x00, 0x00, 0x00, 0x00, 0x00,
    0x00, 0x00, 0x00, 0x00, 0x00, 0x00, 0x00, 0x00, 0x00, 0x00, 0x00, 0x00, 0x00, 0x00, 0x00, 0x00,
    0x00, 0x00, 0x00, 0x00, 0x00, 0x00, 0x00, 0x00, 0x00, 0x00, 0x00, 0x00, 0x00, 0x00, 0x00, 0x00,
    0x00, 0x00, 0x00, 0x00, 0x00, 0x00, 0x00, 0x00, 0x00, 0x00, 0x00, 0x00, 0x00, 0x00, 0x00, 0x00,
    0x00, 0x00, 0x00, 0x00, 0x00, 0x00, 0x00, 0x00, 0x00, 0x00, 0x00, 0x00, 0x00, 0x00, 0x00, 0x00,
    0x00, 0x00, 0x00, 0x00, 0x7f, 0x7f, 0x7f, 0x04, 0x00, 0x00, 0x00, 0x00, 0xb5, 0xaf, 0xac, 0xa4,
    0xba, 0xb4, 0xb1, 0xff, 0xb4, 0xa7, 0xa9, 0xfb, 0x8e, 0xd5, 0x96, 0xff, 0x70, 0xef, 0x86, 0xff,
    0x7e, 0xee, 0x91, 0xff, 0x54, 0xd4, 0x63, 0xff, 0x0f, 0xa8, 0x1d, 0xff, 0x16, 0xa6, 0x24, 0xff,
    0x0f, 0x9f, 0x1c, 0xff, 0x24, 0x9a, 0x2c, 0xff, 0x75, 0x75, 0x6e, 0xff, 0x80, 0x79, 0x77, 0xff,
    0x75, 0x71, 0x6e, 0xff, 0x4b, 0x4a, 0x49, 0xff, 0x55, 0x53, 0x52, 0xff, 0x66, 0x61, 0x61, 0xff,
    0x2d, 0x2c, 0x2c, 0xff, 0x44, 0x43, 0x42, 0xff, 0x51, 0x4f, 0x4f, 0xff, 0x4e, 0x4c, 0x4b, 0xff,
    0x50, 0x4e, 0x4d, 0xff, 0x4f, 0x4e, 0x4d, 0xff, 0x4f, 0x4d, 0x4c, 0xff, 0x50, 0x4d, 0x4d, 0xff,
    0x50, 0x4d, 0x4d, 0xff, 0x4e, 0x4c, 0x4b, 0xff, 0x56, 0x53, 0x53, 0xff, 0x61, 0x5d, 0x5d, 0xff,
    0x2b, 0x2a, 0x2a, 0xff, 0x48, 0x46, 0x45, 0xff, 0x4e, 0x4b, 0x4b, 0xff, 0x67, 0x63, 0x63, 0xff,
    0x92, 0x8b, 0x8a, 0xff, 0x85, 0x7f, 0x7d, 0xff, 0x81, 0x7b, 0x7a, 0xff, 0x74, 0x6e, 0x6d, 0xff,
    0x72, 0x6b, 0x6b, 0xff, 0x78, 0x72, 0x71, 0xff, 0x81, 0x81, 0x82, 0xff, 0x96, 0x98, 0x9a, 0xff,
    0x9a, 0x9c, 0x9d, 0xff, 0x96, 0x98, 0x99, 0xff, 0x61, 0x62, 0x63, 0xff, 0x65, 0x60, 0x60, 0xff,
    0x7d, 0x76, 0x76, 0xff, 0x7a, 0x74, 0x73, 0xff, 0x7b, 0x75, 0x74, 0xff, 0x7b, 0x74, 0x74, 0xff,
    0x7c, 0x75, 0x75, 0xff, 0x7b, 0x75, 0x75, 0xff, 0x7b, 0x75, 0x75, 0xff, 0x7b, 0x75, 0x75, 0xff,
    0x7d, 0x76, 0x76, 0xff, 0x7c, 0x75, 0x75, 0xff, 0x87, 0x81, 0x80, 0xff, 0x86, 0x7f, 0x7e, 0xff,
    0x79, 0x73, 0x72, 0xff, 0x7a, 0x73, 0x73, 0xff, 0x7a, 0x73, 0x73, 0xff, 0x7d, 0x76, 0x76, 0xff,
    0x84, 0x7d, 0x7c, 0xff, 0x83, 0x7c, 0x7b, 0xff, 0x81, 0x7a, 0x79, 0xff, 0x82, 0x7b, 0x7b, 0xff,
    0x83, 0x7c, 0x7c, 0xff, 0x84, 0x7d, 0x7d, 0xff, 0x83, 0x7d, 0x7c, 0xff, 0x84, 0x7d, 0x7c, 0xff,
    0x8d, 0x86, 0x85, 0xfe, 0x92, 0x8b, 0x8a, 0xff, 0x95, 0x8f, 0x8e, 0xf2, 0xb4, 0xb4, 0xb4, 0x18,
    0x00, 0x00, 0x00, 0x00, 0xff, 0xff, 0xff, 0x01, 0x00, 0x00, 0x00, 0x00, 0x00, 0x00, 0x00, 0x00,
    0x00, 0x00, 0x00, 0x00, 0x00, 0x00, 0x00, 0x00, 0x00, 0x00, 0x00, 0x00, 0x00, 0x00, 0x00, 0x00,
    0x00, 0x00, 0x00, 0x00, 0x00, 0x00, 0x00, 0x00, 0x00, 0x00, 0x00, 0x00, 0x00, 0x00, 0x00, 0x00,
    0x00, 0x00, 0x00, 0x00, 0x00, 0x00, 0x00, 0x00, 0x00, 0x00, 0x00, 0x00, 0x00, 0x00, 0x00, 0x00,
    0x00, 0x00, 0x00, 0x00, 0x00, 0x00, 0x00, 0x00, 0x00, 0x00, 0x00, 0x00, 0x00, 0x00, 0x00, 0x00,
    0x00, 0x00, 0x00, 0x00, 0x00, 0x00, 0x00, 0x00, 0x00, 0x00, 0x00, 0x00, 0x00, 0x00, 0x00, 0x00,
    0x00, 0x00, 0x00, 0x00, 0x00, 0x00, 0x00, 0x01, 0x00, 0x00, 0x00, 0x00, 0xb9, 0xb2, 0xb0, 0xc5,
    0xb4, 0xae, 0xa9, 0xff, 0xb0, 0xa2, 0xa4, 0xfc, 0xa5, 0xba, 0xa0, 0xff, 0x6f, 0xec, 0x84, 0xff,
    0x7a, 0xef, 0x90, 0xff, 0x52, 0xd2, 0x62, 0xff, 0x0e, 0xa4, 0x1c, 0xff, 0x16, 0xa2, 0x22, 0xff,
    0x0d, 0x9c, 0x1a, 0xff, 0x2b, 0x95, 0x32, 0xff, 0x69, 0x62, 0x61, 0xff, 0x75, 0x71, 0x6e, 0xff,
    0x86, 0x81, 0x7d, 0xff, 0x4d, 0x4b, 0x4a, 0xff, 0x55, 0x52, 0x52, 0xff, 0x66, 0x61, 0x61, 0xff,
    0x2f, 0x2e, 0x2e, 0xff, 0x42, 0x41, 0x40, 0xff, 0x51, 0x4f, 0x4e, 0xff, 0x4f, 0x4d, 0x4c, 0xff,
    0x50, 0x4e, 0x4d, 0xff, 0x50, 0x4e, 0x4d, 0xff, 0x51, 0x4e, 0x4e, 0xff, 0x50, 0x4e, 0x4d, 0xff,
    0x4f, 0x4d, 0x4c, 0xff, 0x4e, 0x4c, 0x4b, 0xff, 0x55, 0x52, 0x52, 0xff, 0x62, 0x5e, 0x5d, 0xff,
    0x2b, 0x2a, 0x2b, 0xff, 0x47, 0x45, 0x45, 0xff, 0x4c, 0x4a, 0x4a, 0xff, 0x67, 0x63, 0x62, 0xff,
    0x91, 0x8b, 0x89, 0xff, 0x84, 0x7e, 0x7c, 0xff, 0x85, 0x7f, 0x7d, 0xff, 0x79, 0x72, 0x71, 0xff,
    0x72, 0x6c, 0x6b, 0xff, 0x84, 0x81, 0x82, 0xff, 0x9b, 0x9d, 0x9f, 0xff, 0x97, 0x99, 0x9a, 0xff,
    0x96, 0x97, 0x99, 0xff, 0x9b, 0x9b, 0x9d, 0xff, 0x93, 0x95, 0x97, 0xff, 0x56, 0x54, 0x54, 0xff,
    0x7a, 0x73, 0x72, 0xff, 0x7b, 0x74, 0x74, 0xff, 0x7a, 0x74, 0x73, 0xff, 0x7b, 0x74, 0x74, 0xff,
    0x7b, 0x75, 0x75, 0xff, 0x7b, 0x75, 0x75, 0xff, 0x7b, 0x75, 0x75, 0xff, 0x7b, 0x75, 0x74, 0xff,
    0x7c, 0x76, 0x75, 0xff, 0x7e, 0x78, 0x78, 0xff, 0x8a, 0x83, 0x82, 0xff, 0x7a, 0x73, 0x72, 0xff,
    0x6f, 0x69, 0x68, 0xff, 0x71, 0x6a, 0x6a, 0xff, 0x6e, 0x68, 0x68, 0xff, 0x76, 0x6f, 0x6f, 0xff,
    0x81, 0x7b, 0x7a, 0xff, 0x81, 0x7a, 0x7a, 0xff, 0x82, 0x7b, 0x7b, 0xff, 0x83, 0x7c, 0x7b, 0xff,
    0x82, 0x7b, 0x7b, 0xff, 0x85, 0x7f, 0x7e, 0xff, 0x85, 0x7e, 0x7d, 0xff, 0x84, 0x7d, 0x7c, 0xff,
    0x8d, 0x87, 0x86, 0xfe, 0x91, 0x8a, 0x89, 0xff, 0x95, 0x8f, 0x8e, 0xf2, 0xbf, 0xb4, 0xb4, 0x18,
    0x00, 0x00, 0x00, 0x00, 0xff, 0xff, 0xff, 0x01, 0x00, 0x00, 0x00, 0x00, 0x00, 0x00, 0x00, 0x00,
    0x00, 0x00, 0x00, 0x00, 0x00, 0x00, 0x00, 0x00, 0x00, 0x00, 0x00, 0x00, 0x00, 0x00, 0x00, 0x00,
    0x00, 0x00, 0x00, 0x00, 0x00, 0x00, 0x00, 0x00, 0x00, 0x00, 0x00, 0x00, 0x00, 0x00, 0x00, 0x00,
    0x00, 0x00, 0x00, 0x00, 0x00, 0x00, 0x00, 0x00, 0x00, 0x00, 0x00, 0x00, 0x00, 0x00, 0x00, 0x00,
    0x00, 0x00, 0x00, 0x00, 0x00, 0x00, 0x00, 0x00, 0x00, 0x00, 0x00, 0x00, 0x00, 0x00, 0x00, 0x00,
    0x00, 0x00, 0x00, 0x00, 0x00, 0x00, 0x00, 0x00, 0x00, 0x00, 0x00, 0x00, 0x00, 0x00, 0x00, 0x00,
    0x00, 0x00, 0x00, 0x01, 0x00, 0x00, 0x00, 0x00, 0x01, 0x02, 0x02, 0x00, 0xb5, 0xaf, 0xab, 0xd0,
    0xb1, 0xaa, 0xa7, 0xff, 0xaa, 0xa3, 0xa0, 0xfd, 0xad, 0xa4, 0xa2, 0xff, 0x7a, 0xd9, 0x86, 0xff,
    0x73, 0xf3, 0x8b, 0xff, 0x50, 0xd0, 0x5f, 0xff, 0x0e, 0xa1, 0x1b, 0xff, 0x15, 0x9e, 0x21, 0xff,
    0x0d, 0x9c, 0x1a, 0xff, 0x2b, 0x90, 0x32, 0xff, 0x5a, 0x53, 0x54, 0xff, 0x6e, 0x6b, 0x68, 0xff,
    0x92, 0x8c, 0x88, 0xff, 0x4b, 0x4a, 0x49, 0xff, 0x53, 0x52, 0x51, 0xff, 0x68, 0x63, 0x63, 0xff,
    0x30, 0x2f, 0x2f, 0xff, 0x41, 0x3f, 0x3f, 0xff, 0x52, 0x50, 0x4f, 0xff, 0x4f, 0x4d, 0x4c, 0xff,
    0x4f, 0x4d, 0x4c, 0xff, 0x4f, 0x4d, 0x4c, 0xff, 0x4f, 0x4d, 0x4d, 0xff, 0x4f, 0x4c, 0x4c, 0xff,
    0x50, 0x4d, 0x4d, 0xff, 0x4d, 0x4b, 0x4b, 0xff, 0x54, 0x52, 0x51, 0xff, 0x62, 0x5e, 0x5e, 0xff,
    0x2b, 0x2a, 0x2a, 0xff, 0x47, 0x45, 0x44, 0xff, 0x4d, 0x4b, 0x4b, 0xff, 0x64, 0x61, 0x60, 0xff,
    0x90, 0x8a, 0x88, 0xff, 0x85, 0x7e, 0x7d, 0xff, 0x83, 0x7d, 0x7c, 0xff, 0x7b, 0x74, 0x74, 0xff,
    0x71, 0x69, 0x69, 0xff, 0x8b, 0x89, 0x8a, 0xff, 0x98, 0x9a, 0x9c, 0xff, 0x96, 0x98, 0x99, 0xff,
    0x97, 0x99, 0x9a, 0xff, 0x96, 0x98, 0x98, 0xff, 0x9a, 0x9c, 0x9d, 0xff, 0x5f, 0x5d, 0x5e, 0xff,
    0x73, 0x6c, 0x6b, 0xff, 0x7d, 0x76, 0x76, 0xff, 0x7a, 0x73, 0x73, 0xff, 0x7a, 0x74, 0x74, 0xff,
    0x7c, 0x75, 0x75, 0xff, 0x7b, 0x74, 0x74, 0xff, 0x7c, 0x75, 0x75, 0xff, 0x7b, 0x74, 0x74, 0xff,
    0x7a, 0x74, 0x74, 0xff, 0x83, 0x7d, 0x7d, 0xff, 0x87, 0x80, 0x7f, 0xff, 0x71, 0x6a, 0x69, 0xff,
    0x6f, 0x69, 0x68, 0xff, 0x6f, 0x69, 0x69, 0xff, 0x6e, 0x68, 0x67, 0xff, 0x74, 0x6d, 0x6d, 0xff,
    0x82, 0x7b, 0x7a, 0xff, 0x84, 0x7d, 0x7c, 0xff, 0x83, 0x7c, 0x7b, 0xff, 0x82, 0x7b, 0x7b, 0xff,
    0x83, 0x7b, 0x7b, 0xff, 0x86, 0x80, 0x7f, 0xff, 0x86, 0x7f, 0x7e, 0xff, 0x82, 0x7c, 0x7b, 0xff,
    0x8c, 0x86, 0x85, 0xfe, 0x91, 0x8b, 0x89, 0xff, 0x95, 0x8f, 0x8d, 0xf2, 0xbf, 0xb4, 0xb4, 0x18,
    0x00, 0x00, 0x00, 0x00, 0xff, 0xff, 0xff, 0x01, 0x00, 0x00, 0x00, 0x00, 0x00, 0x00, 0x00, 0x00,
    0x00, 0x00, 0x00, 0x00, 0x00, 0x00, 0x00, 0x00, 0x00, 0x00, 0x00, 0x00, 0x00, 0x00, 0x00, 0x00,
    0x00, 0x00, 0x00, 0x00, 0x00, 0x00, 0x00, 0x00, 0x00, 0x00, 0x00, 0x00, 0x00, 0x00, 0x00, 0x00,
    0x00, 0x00, 0x00, 0x00, 0x00, 0x00, 0x00, 0x00, 0x00, 0x00, 0x00, 0x00, 0x00, 0x00, 0x00, 0x00,
    0x00, 0x00, 0x00, 0x00, 0x00, 0x00, 0x00, 0x00, 0x00, 0x00, 0x00, 0x00, 0x00, 0x00, 0x00, 0x00,
    0x00, 0x00, 0x00, 0x00, 0x00, 0x00, 0x00, 0x00, 0x00, 0x00, 0x00, 0x00, 0x00, 0x00, 0x00, 0x00,
    0x00, 0x00, 0x00, 0x01, 0x00, 0x00, 0x00, 0x00, 0xff, 0xff, 0xff, 0x02, 0xb2, 0xab, 0xa9, 0xd9,
    0xaf, 0xa7, 0xa5, 0xff, 0xa8, 0xa2, 0x9e, 0xfd, 0xab, 0x9c, 0xa0, 0xff, 0x90, 0xbb, 0x90, 0xff,
    0x73, 0xf3, 0x89, 0xff, 0x4f, 0xcf, 0x5e, 0xff, 0x0d, 0x9d, 0x19, 0xff, 0x14, 0x9d, 0x20, 0xff,
    0x0e, 0x9b, 0x1a, 0xff, 0x25, 0x8e, 0x2d, 0xff, 0x52, 0x4e, 0x4d, 0xff, 0x6a, 0x67, 0x65, 0xff,
    0x8d, 0x88, 0x85, 0xff, 0x4a, 0x49, 0x48, 0xff, 0x51, 0x4f, 0x4f, 0xff, 0x6a, 0x65, 0x64, 0xff,
    0x31, 0x30, 0x30, 0xff, 0x41, 0x40, 0x3f, 0xff, 0x51, 0x4f, 0x4f, 0xff, 0x4e, 0x4c, 0x4c, 0xff,
    0x4d, 0x4b, 0x4a, 0xff, 0x4f, 0x4d, 0x4c, 0xff, 0x50, 0x4d, 0x4d, 0xff, 0x50, 0x4d, 0x4d, 0xff,
    0x4f, 0x4e, 0x4d, 0xff, 0x4d, 0x4b, 0x4b, 0xff, 0x54, 0x51, 0x51, 0xff, 0x67, 0x62, 0x62, 0xff,
    0x2c, 0x2b, 0x2b, 0xff, 0x45, 0x43, 0x43, 0xff, 0x50, 0x4d, 0x4e, 0xff, 0x5f, 0x5d, 0x5c, 0xff,
    0x8f, 0x89, 0x87, 0xff, 0x86, 0x80, 0x7f, 0xff, 0x80, 0x7a, 0x78, 0xff, 0x77, 0x71, 0x70, 0xff,
    0x70, 0x69, 0x68, 0xff, 0x84, 0x81, 0x82, 0xff, 0x9a, 0x9c, 0x9e, 0xff, 0x96, 0x98, 0x99, 0xff,
    0x96, 0x98, 0x99, 0xff, 0x9a, 0x9c, 0x9c, 0xff, 0x95, 0x97, 0x99, 0xff, 0x59, 0x57, 0x57, 0xff,
    0x78, 0x71, 0x71, 0xff, 0x7b, 0x74, 0x74, 0xff, 0x7a, 0x74, 0x74, 0xff, 0x7b, 0x74, 0x74, 0xff,
    0x7c, 0x75, 0x75, 0xff, 0x7b, 0x75, 0x75, 0xff, 0x7a, 0x74, 0x74, 0xff, 0x7b, 0x75, 0x74, 0xff,
    0x7d, 0x76, 0x76, 0xff, 0x87, 0x81, 0x7f, 0xff, 0x7f, 0x78, 0x77, 0xff, 0x6d, 0x66, 0x66, 0xff,
    0x6f, 0x68, 0x68, 0xff, 0x6f, 0x68, 0x68, 0xff, 0x6e, 0x68, 0x68, 0xff, 0x74, 0x6d, 0x6d, 0xff,
    0x81, 0x7a, 0x7a, 0xff, 0x83, 0x7c, 0x7b, 0xff, 0x84, 0x7d, 0x7d, 0xff, 0x82, 0x7b, 0x7b, 0xff,
    0x85, 0x7d, 0x7d, 0xff, 0x84, 0x7d, 0x7d, 0xff, 0x85, 0x7e, 0x7e, 0xff, 0x85, 0x7e, 0x7d, 0xff,
    0x8e, 0x86, 0x85, 0xfe, 0x92, 0x8b, 0x89, 0xff, 0x96, 0x90, 0x8f, 0xf2, 0xbf, 0xb4, 0xb4, 0x18,
    0x00, 0x00, 0x00, 0x00, 0xff, 0xff, 0xff, 0x01, 0x00, 0x00, 0x00, 0x00, 0x00, 0x00, 0x00, 0x00,
    0x00, 0x00, 0x00, 0x00, 0x00, 0x00, 0x00, 0x00, 0x00, 0x00, 0x00, 0x00, 0x00, 0x00, 0x00, 0x00,
    0x00, 0x00, 0x00, 0x00, 0x00, 0x00, 0x00, 0x00, 0x00, 0x00, 0x00, 0x00, 0x00, 0x00, 0x00, 0x00,
    0x00, 0x00, 0x00, 0x00, 0x00, 0x00, 0x00, 0x00, 0x00, 0x00, 0x00, 0x00, 0x00, 0x00, 0x00, 0x00,
    0x00, 0x00, 0x00, 0x00, 0x00, 0x00, 0x00, 0x00, 0x00, 0x00, 0x00, 0x00, 0x00, 0x00, 0x00, 0x00,
    0x00, 0x00, 0x00, 0x00, 0x00, 0x00, 0x00, 0x00, 0x00, 0x00, 0x00, 0x00, 0x00, 0x00, 0x00, 0x00,
    0xff, 0x00, 0x00, 0x01, 0x00, 0x00, 0x00, 0x00, 0xff, 0xff, 0xff, 0x04, 0xaa, 0xa3, 0xa1, 0xdd,
    0xab, 0xa4, 0xa1, 0xff, 0xa6, 0x9f, 0x9c, 0xfd, 0xa8, 0x9e, 0x9d, 0xff, 0xa1, 0xa2, 0x98, 0xff,
    0x79, 0xe5, 0x88, 0xff, 0x4d, 0xd0, 0x5d, 0xff, 0x0d, 0x9b, 0x19, 0xff, 0x14, 0x9c, 0x20, 0xff,
    0x0f, 0x99, 0x1b, 0xff, 0x1d, 0x91, 0x26, 0xff, 0x4c, 0x50, 0x48, 0xff, 0x76, 0x71, 0x6f, 0xff,
    0x89, 0x84, 0x82, 0xff, 0x4a, 0x49, 0x48, 0xff, 0x51, 0x4f, 0x4f, 0xff, 0x68, 0x64, 0x64, 0xff,
    0x30, 0x2f, 0x2f, 0xff, 0x3b, 0x3b, 0x3a, 0xff, 0x51, 0x4f, 0x4e, 0xff, 0x4f, 0x4d, 0x4c, 0xff,
    0x4f, 0x4d, 0x4c, 0xff, 0x50, 0x4e, 0x4e, 0xff, 0x4f, 0x4d, 0x4d, 0xff, 0x51, 0x4f, 0x4e, 0xff,
    0x4e, 0x4c, 0x4b, 0xff, 0x4a, 0x48, 0x48, 0xff, 0x5b, 0x58, 0x57, 0xff, 0x5c, 0x58, 0x58, 0xff,
    0x28, 0x28, 0x28, 0xff, 0x43, 0x42, 0x42, 0xff, 0x50, 0x4d, 0x4d, 0xff, 0x57, 0x55, 0x54, 0xff,
    0x8b, 0x85, 0x84, 0xff, 0x88, 0x81, 0x80, 0xff, 0x80, 0x7a, 0x79, 0xff, 0x73, 0x6d, 0x6c, 0xff,
    0x6f, 0x68, 0x68, 0xff, 0x76, 0x6f, 0x6f, 0xff, 0x8d, 0x8c, 0x8e, 0xff, 0x9a, 0x9c, 0x9d, 0xff,
    0x9b, 0x9d, 0x9e, 0xff, 0x99, 0x9b, 0x9c, 0xff, 0x68, 0x68, 0x69, 0xff, 0x65, 0x5f, 0x60, 0xff,
    0x7c, 0x75, 0x75, 0xff, 0x79, 0x73, 0x72, 0xff, 0x7a, 0x74, 0x74, 0xff, 0x7a, 0x73, 0x73, 0xff,
    0x7a, 0x74, 0x74, 0xff, 0x7b, 0x74, 0x74, 0xff, 0x7b, 0x75, 0x75, 0xff, 0x7f, 0x78, 0x78, 0xff,
    0x7c, 0x77, 0x76, 0xff, 0x80, 0x79, 0x77, 0xff, 0x75, 0x6e, 0x6d, 0xff, 0x6f, 0x68, 0x68, 0xff,
    0x6f, 0x68, 0x68, 0xff, 0x6f, 0x69, 0x69, 0xff, 0x6e, 0x67, 0x67, 0xff, 0x74, 0x6d, 0x6c, 0xff,
    0x82, 0x7b, 0x7a, 0xff, 0x83, 0x7c, 0x7c, 0xff, 0x84, 0x7d, 0x7c, 0xff, 0x84, 0x7d, 0x7c, 0xff,
    0x83, 0x7d, 0x7c, 0xff, 0x84, 0x7d, 0x7d, 0xff, 0x85, 0x7f, 0x7e, 0xff, 0x84, 0x7e, 0x7d, 0xff,
    0x8e, 0x87, 0x86, 0xfe, 0x92, 0x8b, 0x8a, 0xff, 0x96, 0x90, 0x8f, 0xf2, 0xbf, 0xb4, 0xb4, 0x18,
    0x00, 0x00, 0x00, 0x00, 0xff, 0xff, 0xff, 0x01, 0x00, 0x00, 0x00, 0x00, 0x00, 0x00, 0x00, 0x00,
    0x00, 0x00, 0x00, 0x00, 0x00, 0x00, 0x00, 0x00, 0x00, 0x00, 0x00, 0x00, 0x00, 0x00, 0x00, 0x00,
    0x00, 0x00, 0x00, 0x00, 0x00, 0x00, 0x00, 0x00, 0x00, 0x00, 0x00, 0x00, 0x00, 0x00, 0x00, 0x00,
    0x00, 0x00, 0x00, 0x00, 0x00, 0x00, 0x00, 0x00, 0x00, 0x00, 0x00, 0x00, 0x00, 0x00, 0x00, 0x00,
    0x00, 0x00, 0x00, 0x00, 0x00, 0x00, 0x00, 0x00, 0x00, 0x00, 0x00, 0x00, 0x00, 0x00, 0x00, 0x00,
    0x00, 0x00, 0x00, 0x00, 0x00, 0x00, 0x00, 0x00, 0x00, 0x00, 0x00, 0x00, 0x00, 0x00, 0x00, 0x00,
    0x00, 0x00, 0x00, 0x00, 0x00, 0x00, 0x00, 0x00, 0x01, 0x02, 0x02, 0x00, 0xa9, 0xa3, 0x9f, 0xce,
    0xaa, 0xa2, 0xa0, 0xff, 0xa2, 0x9b, 0x98, 0xfd, 0xa0, 0x9b, 0x96, 0xff, 0xa0, 0x90, 0x94, 0xff,
    0x8c, 0xca, 0x90, 0xff, 0x45, 0xd5, 0x57, 0xff, 0x0e, 0x9a, 0x1a, 0xff, 0x14, 0x9b, 0x1f, 0xff,
    0x11, 0x97, 0x1c, 0xff, 0x13, 0x95, 0x1e, 0xff, 0x41, 0x58, 0x40, 0xff, 0x85, 0x7c, 0x7d, 0xff,
    0x87, 0x83, 0x80, 0xff, 0x49, 0x48, 0x47, 0xff, 0x4e, 0x4d, 0x4c, 0xff, 0x6d, 0x68, 0x68, 0xff,
    0x49, 0x46, 0x46, 0xff, 0x29, 0x29, 0x29, 0xff, 0x39, 0x38, 0x38, 0xff, 0x4b, 0x49, 0x49, 0xff,
    0x52, 0x50, 0x50, 0xff, 0x50, 0x4e, 0x4d, 0xff, 0x4e, 0x4d, 0x4c, 0xff, 0x4c, 0x4b, 0x4a, 0xff,
    0x51, 0x4e, 0x4e, 0xff, 0x5e, 0x5a, 0x5a, 0xff, 0x52, 0x4e, 0x4f, 0xff, 0x37, 0x35, 0x35, 0xff,
    0x37, 0x36, 0x36, 0xff, 0x4d, 0x4b, 0x4a, 0xff, 0x51, 0x4f, 0x4f, 0xff, 0x53, 0x50, 0x50, 0xff,
    0x84, 0x7f, 0x7e, 0xff, 0x8d, 0x86, 0x85, 0xff, 0x7c, 0x78, 0x75, 0xff, 0x64, 0x61, 0x5f, 0xff,
    0x72, 0x6b, 0x6b, 0xff, 0x72, 0x6b, 0x6a, 0xff, 0x70, 0x6a, 0x6b, 0xff, 0x75, 0x72, 0x73, 0xff,
    0x77, 0x76, 0x77, 0xff, 0x63, 0x61, 0x62, 0xff, 0x66, 0x60, 0x60, 0xff, 0x7b, 0x74, 0x74, 0xff,
    0x79, 0x72, 0x72, 0xff, 0x7a, 0x73, 0x73, 0xff, 0x7a, 0x74, 0x73, 0xff, 0x7a, 0x73, 0x73, 0xff,
    0x7a, 0x74, 0x73, 0xff, 0x7c, 0x75, 0x75, 0xff, 0x7c, 0x76, 0x76, 0xff, 0x7d, 0x78, 0x76, 0xff,
    0x85, 0x7d, 0x7b, 0xff, 0x7f, 0x77, 0x76, 0xff, 0x6f, 0x68, 0x68, 0xff, 0x70, 0x69, 0x69, 0xff,
    0x6f, 0x68, 0x68, 0xff, 0x70, 0x69, 0x68, 0xff, 0x6e, 0x67, 0x67, 0xff, 0x75, 0x6e, 0x6d, 0xff,
    0x81, 0x7a, 0x7a, 0xff, 0x81, 0x7b, 0x7a, 0xff, 0x83, 0x7c, 0x7c, 0xff, 0x83, 0x7c, 0x7c, 0xff,
    0x83, 0x7d, 0x7c, 0xff, 0x86, 0x7f, 0x7e, 0xff, 0x83, 0x7c, 0x7c, 0xff, 0x83, 0x7c, 0x7c, 0xff,
    0x8d, 0x86, 0x85, 0xfe, 0x91, 0x8a, 0x89, 0xff, 0x95, 0x8f, 0x8e, 0xf2, 0xbf, 0xb4, 0xb4, 0x18,
    0x00, 0x00, 0x00, 0x00, 0xff, 0xff, 0xff, 0x01, 0x00, 0x00, 0x00, 0x00, 0x00, 0x00, 0x00, 0x00,
    0x00, 0x00, 0x00, 0x00, 0x00, 0x00, 0x00, 0x00, 0x00, 0x00, 0x00, 0x00, 0x00, 0x00, 0x00, 0x00,
    0x00, 0x00, 0x00, 0x00, 0x00, 0x00, 0x00, 0x00, 0x00, 0x00, 0x00, 0x00, 0x00, 0x00, 0x00, 0x00,
    0x00, 0x00, 0x00, 0x00, 0x00, 0x00, 0x00, 0x00, 0x00, 0x00, 0x00, 0x00, 0x00, 0x00, 0x00, 0x00,
    0x00, 0x00, 0x00, 0x00, 0x00, 0x00, 0x00, 0x00, 0x00, 0x00, 0x00, 0x00, 0x00, 0x00, 0x00, 0x00,
    0x00, 0x00, 0x00, 0x00, 0x00, 0x00, 0x00, 0x00, 0x00, 0x00, 0x00, 0x00, 0x00, 0x00, 0x00, 0x00,
    0x00, 0x00, 0x00, 0x00, 0x7f, 0x00, 0x00, 0x02, 0x00, 0x00, 0x00, 0x00, 0xaa, 0xa5, 0xa2, 0xbc,
    0xa8, 0xa0, 0x9d, 0xff, 0xa1, 0x9a, 0x98, 0xfc, 0x9e, 0x98, 0x94, 0xff, 0x9d, 0x91, 0x92, 0xff,
    0x8b, 0x9d, 0x86, 0xff, 0x5a, 0xdd, 0x6b, 0xff, 0x18, 0xa6, 0x25, 0xff, 0x11, 0x98, 0x1c, 0xff,
    0x13, 0x96, 0x1d, 0xff, 0x0d, 0x96, 0x18, 0xff, 0x31, 0x69, 0x33, 0xff, 0x9c, 0x8e, 0x93, 0xff,
    0x73, 0x71, 0x6d, 0xff, 0x4a, 0x49, 0x48, 0xff, 0x4f, 0x4e, 0x4c, 0xff, 0x55, 0x53, 0x53, 0xff,
    0x6e, 0x69, 0x68, 0xff, 0x5c, 0x58, 0x58, 0xff, 0x39, 0x37, 0x37, 0xff, 0x2c, 0x2c, 0x2c, 0xff,
    0x3c, 0x3b, 0x3b, 0xff, 0x4c, 0x4a, 0x4a, 0xff, 0x51, 0x4f, 0x4f, 0xff, 0x5a, 0x57, 0x57, 0xff,
    0x5b, 0x57, 0x57, 0xff, 0x47, 0x45, 0x44, 0xff, 0x3f, 0x3d, 0x3d, 0xff, 0x4b, 0x49, 0x48, 0xff,
    0x51, 0x4f, 0x4e, 0xff, 0x50, 0x4e, 0x4e, 0xff, 0x51, 0x4e, 0x4f, 0xff, 0x4d, 0x4a, 0x4a, 0xff,
    0x76, 0x71, 0x70, 0xff, 0x97, 0x91, 0x8f, 0xff, 0x6c, 0x66, 0x65, 0xff, 0x36, 0x30, 0x32, 0xff,
    0x76, 0x70, 0x6f, 0xff, 0x72, 0x6b, 0x6b, 0xff, 0x73, 0x6c, 0x6c, 0xff, 0x71, 0x6a, 0x69, 0xff,
    0x6f, 0x68, 0x68, 0xff, 0x73, 0x6d, 0x6c, 0xff, 0x79, 0x73, 0x72, 0xff, 0x77, 0x71, 0x70, 0xff,
    0x79, 0x72, 0x72, 0xff, 0x79, 0x73, 0x72, 0xff, 0x79, 0x72, 0x72, 0xff, 0x79, 0x73, 0x72, 0xff,
    0x7c, 0x75, 0x75, 0xff, 0x7c, 0x76, 0x75, 0xff, 0x7e, 0x7a, 0x76, 0xff, 0x7f, 0x77, 0x75, 0xff,
    0x7d, 0x75, 0x74, 0xff, 0x7a, 0x73, 0x72, 0xff, 0x6e, 0x67, 0x67, 0xff, 0x6f, 0x68, 0x68, 0xff,
    0x6f, 0x69, 0x68, 0xff, 0x70, 0x69, 0x69, 0xff, 0x70, 0x69, 0x69, 0xff, 0x76, 0x6f, 0x6f, 0xff,
    0x82, 0x7b, 0x7a, 0xff, 0x82, 0x7b, 0x7a, 0xff, 0x84, 0x7d, 0x7d, 0xff, 0x84, 0x7d, 0x7d, 0xff,
    0x82, 0x7b, 0x7b, 0xff, 0x84, 0x7d, 0x7c, 0xff, 0x85, 0x7e, 0x7e, 0xff, 0x86, 0x7f, 0x7e, 0xff,
    0x8e, 0x87, 0x86, 0xfe, 0x92, 0x8b, 0x8a, 0xff, 0x95, 0x8f, 0x8e, 0xf2, 0xbf, 0xb4, 0xb4, 0x18,
    0x00, 0x00, 0x00, 0x00, 0xff, 0xff, 0xff, 0x01, 0x00, 0x00, 0x00, 0x00, 0x00, 0x00, 0x00, 0x00,
    0x00, 0x00, 0x00, 0x00, 0x00, 0x00, 0x00, 0x00, 0x00, 0x00, 0x00, 0x00, 0x00, 0x00, 0x00, 0x00,
    0x00, 0x00, 0x00, 0x00, 0x00, 0x00, 0x00, 0x00, 0x00, 0x00, 0x00, 0x00, 0x00, 0x00, 0x00, 0x00,
    0x00, 0x00, 0x00, 0x00, 0x00, 0x00, 0x00, 0x00, 0x00, 0x00, 0x00, 0x00, 0x00, 0x00, 0x00, 0x00,
    0x00, 0x00, 0x00, 0x00, 0x00, 0x00, 0x00, 0x00, 0x00, 0x00, 0x00, 0x00, 0x00, 0x00, 0x00, 0x00,
    0x00, 0x00, 0x00, 0x00, 0x00, 0x00, 0x00, 0x00, 0x00, 0x00, 0x00, 0x00, 0x00, 0x00, 0x00, 0x00,
    0x00, 0x00, 0x00, 0x00, 0xaa, 0xaa, 0x55, 0x03, 0x00, 0x00, 0x00, 0x00, 0xa4, 0xa0, 0x9d, 0xa4,
    0xa4, 0x9c, 0x99, 0xff, 0x99, 0x92, 0x8f, 0xfb, 0x9a, 0x93, 0x90, 0xff, 0x9e, 0x97, 0x93, 0xff,
    0x86, 0x7c, 0x7c, 0xff, 0x5c, 0xbc, 0x69, 0xff, 0x35, 0xc6, 0x44, 0xff, 0x0c, 0x94, 0x17, 0xff,
    0x13, 0x97, 0x1e, 0xff, 0x0d, 0x93, 0x18, 0xff, 0x1d, 0x80, 0x24, 0xff, 0x7d, 0x79, 0x76, 0xff,
    0x5a, 0x59, 0x56, 0xff, 0x4c, 0x4a, 0x4a, 0xff, 0x51, 0x4f, 0x4e, 0xff, 0x4e, 0x4c, 0x4c, 0xff,
    0x4d, 0x4b, 0x4b, 0xff, 0x60, 0x5d, 0x5c, 0xff, 0x6c, 0x67, 0x67, 0xff, 0x58, 0x54, 0x54, 0xff,
    0x35, 0x34, 0x34, 0xff, 0x2d, 0x2d, 0x2d, 0xff, 0x4a, 0x48, 0x47, 0xff, 0x51, 0x4d, 0x4d, 0xff,
    0x40, 0x3d, 0x3e, 0xff, 0x46, 0x44, 0x43, 0xff, 0x50, 0x4e, 0x4d, 0xff, 0x51, 0x4f, 0x4f, 0xff,
    0x4d, 0x4b, 0x4b, 0xff, 0x4c, 0x4a, 0x4a, 0xff, 0x4d, 0x4b, 0x4b, 0xff, 0x54, 0x50, 0x51, 0xff,
    0x7a, 0x77, 0x75, 0xff, 0x92, 0x88, 0x87, 0xff, 0x56, 0xb1, 0x62, 0xff, 0x0b, 0x43, 0x16, 0xff,
    0x3e, 0x2f, 0x37, 0xff, 0x76, 0x72, 0x6f, 0xff, 0x73, 0x6c, 0x6c, 0xff, 0x74, 0x6d, 0x6d, 0xff,
    0x75, 0x6e, 0x6e, 0xff, 0x75, 0x6e, 0x6e, 0xff, 0x75, 0x6e, 0x6e, 0xff, 0x76, 0x70, 0x70, 0xff,
    0x78, 0x72, 0x71, 0xff, 0x79, 0x73, 0x72, 0xff, 0x79, 0x72, 0x72, 0xff, 0x7c, 0x75, 0x75, 0xff,
    0x7c, 0x78, 0x75, 0xff, 0x7d, 0x78, 0x75, 0xff, 0x7b, 0x73, 0x71, 0xff, 0x6b, 0x63, 0x64, 0xff,
    0x7a, 0x73, 0x73, 0xff, 0x74, 0x6d, 0x6c, 0xff, 0x6f, 0x68, 0x67, 0xff, 0x6f, 0x69, 0x68, 0xff,
    0x6f, 0x68, 0x68, 0xff, 0x70, 0x69, 0x68, 0xff, 0x70, 0x69, 0x68, 0xff, 0x76, 0x6f, 0x6e, 0xff,
    0x83, 0x7c, 0x7b, 0xff, 0x82, 0x7b, 0x7b, 0xff, 0x83, 0x7c, 0x7b, 0xff, 0x83, 0x7c, 0x7c, 0xff,
    0x85, 0x7e, 0x7d, 0xff, 0x84, 0x7d, 0x7d, 0xff, 0x84, 0x7d, 0x7d, 0xff, 0x85, 0x7e, 0x7e, 0xff,
    0x8d, 0x87, 0x85, 0xfe, 0x91, 0x8a, 0x88, 0xff, 0x96, 0x8f, 0x8e, 0xf3, 0xc1, 0xc1, 0xb7, 0x19,
    0x00, 0x00, 0x00, 0x00, 0xff, 0xff, 0xff, 0x01, 0x00, 0x00, 0x00, 0x00, 0x00, 0x00, 0x00, 0x00,
    0x00, 0x00, 0x00, 0x00, 0x00, 0x00, 0x00, 0x00, 0x00, 0x00, 0x00, 0x00, 0x00, 0x00, 0x00, 0x00,
    0x00, 0x00, 0x00, 0x00, 0x00, 0x00, 0x00, 0x00, 0x00, 0x00, 0x00, 0x00, 0x00, 0x00, 0x00, 0x00,
    0x00, 0x00, 0x00, 0x00, 0x00, 0x00, 0x00, 0x00, 0x00, 0x00, 0x00, 0x00, 0x00, 0x00, 0x00, 0x00,
    0x00, 0x00, 0x00, 0x00, 0x00, 0x00, 0x00, 0x00, 0x00, 0x00, 0x00, 0x00, 0x00, 0x00, 0x00, 0x00,
    0x00, 0x00, 0x00, 0x00, 0x00, 0x00, 0x00, 0x00, 0x00, 0x00, 0x00, 0x00, 0x00, 0x00, 0x00, 0x00,
    0x00, 0x00, 0x00, 0x00, 0x7f, 0x7f, 0x7f, 0x04, 0x00, 0x00, 0x00, 0x00, 0xac, 0xa5, 0xa3, 0x72,
    0xa3, 0x9b, 0x98, 0xff, 0x99, 0x91, 0x8e, 0xfb, 0x96, 0x8e, 0x8b, 0xff, 0x90, 0x8b, 0x87, 0xff,
    0x8f, 0x80, 0x84, 0xff, 0x55, 0x82, 0x58, 0xff, 0x4c, 0xdd, 0x5f, 0xff, 0x11, 0x9c, 0x1d, 0xff,
    0x12, 0x98, 0x1d, 0xff, 0x11, 0x92, 0x1c, 0xff, 0x0c, 0x8d, 0x16, 0xff, 0x39, 0x61, 0x3a, 0xff,
    0x47, 0x44, 0x45, 0xff, 0x40, 0x46, 0x3f, 0xff, 0x46, 0x47, 0x44, 0xff, 0x4b, 0x4a, 0x49, 0xff,
    0x4f, 0x4d, 0x4d, 0xff, 0x4d, 0x4b, 0x4a, 0xff, 0x4f, 0x4d, 0x4c, 0xff, 0x64, 0x60, 0x5f, 0xff,
    0x6d, 0x68, 0x67, 0xff, 0x5d, 0x58, 0x59, 0xff, 0x47, 0x44, 0x44, 0xff, 0x44, 0x41, 0x41, 0xff,
    0x4f, 0x4c, 0x4b, 0xff, 0x53, 0x50, 0x50, 0xff, 0x4e, 0x4c, 0x4c, 0xff, 0x4d, 0x4b, 0x4a, 0xff,
    0x4f, 0x4d, 0x4d, 0xff, 0x5a, 0x57, 0x56, 0xff, 0x69, 0x66, 0x64, 0xff, 0x65, 0x65, 0x60, 0xff,
    0x73, 0x74, 0x6c, 0xff, 0x78, 0x92, 0x73, 0xff, 0x2c, 0xdd, 0x49, 0xff, 0x2f, 0xde, 0x51, 0xff,
    0x12, 0x3e, 0x1a, 0xff, 0x3c, 0x30, 0x36, 0xff, 0x76, 0x73, 0x70, 0xff, 0x73, 0x6c, 0x6c, 0xff,
    0x72, 0x6b, 0x6b, 0xff, 0x72, 0x6c, 0x6b, 0xff, 0x73, 0x6d, 0x6d, 0xff, 0x75, 0x6f, 0x6e, 0xff,
    0x77, 0x70, 0x70, 0xff, 0x78, 0x71, 0x71, 0xff, 0x7c, 0x75, 0x75, 0xff, 0x7c, 0x79, 0x76, 0xff,
    0x7d, 0x78, 0x74, 0xff, 0x76, 0x6e, 0x6d, 0xff, 0x67, 0x60, 0x60, 0xff, 0x71, 0x6a, 0x69, 0xff,
    0x7e, 0x77, 0x76, 0xff, 0x6d, 0x67, 0x66, 0xff, 0x6f, 0x68, 0x68, 0xff, 0x6f, 0x69, 0x68, 0xff,
    0x70, 0x69, 0x69, 0xff, 0x71, 0x6a, 0x6a, 0xff, 0x70, 0x69, 0x68, 0xff, 0x75, 0x6e, 0x6e, 0xff,
    0x83, 0x7c, 0x7b, 0xff, 0x83, 0x7c, 0x7c, 0xff, 0x84, 0x7d, 0x7c, 0xff, 0x84, 0x7e, 0x7d, 0xff,
    0x84, 0x7e, 0x7d, 0xff, 0x86, 0x7f, 0x7f, 0xff, 0x85, 0x7e, 0x7e, 0xff, 0x87, 0x80, 0x80, 0xff,
    0x8b, 0x84, 0x83, 0xfd, 0x8d, 0x86, 0x85, 0xff, 0x92, 0x8c, 0x8b, 0xe5, 0xda, 0xda, 0xda, 0x0e,
    0x00, 0x00, 0x00, 0x00, 0xff, 0xff, 0xff, 0x01, 0x00, 0x00, 0x00, 0x00, 0x00, 0x00, 0x00, 0x00,
    0x00, 0x00, 0x00, 0x00, 0x00, 0x00, 0x00, 0x00, 0x00, 0x00, 0x00, 0x00, 0x00, 0x00, 0x00, 0x00,
    0x00, 0x00, 0x00, 0x00, 0x00, 0x00, 0x00, 0x00, 0x00, 0x00, 0x00, 0x00, 0x00, 0x00, 0x00, 0x00,
    0x00, 0x00, 0x00, 0x00, 0x00, 0x00, 0x00, 0x00, 0x00, 0x00, 0x00, 0x00, 0x00, 0x00, 0x00, 0x00,
    0x00, 0x00, 0x00, 0x00, 0x00, 0x00, 0x00, 0x00, 0x00, 0x00, 0x00, 0x00, 0x00, 0x00, 0x00, 0x00,
    0x00, 0x00, 0x00, 0x00, 0x00, 0x00, 0x00, 0x00, 0x00, 0x00, 0x00, 0x00, 0x00, 0x00, 0x00, 0x00,
    0x00, 0x00, 0x00, 0x00, 0xaa, 0xaa, 0xaa, 0x03, 0x00, 0x00, 0x00, 0x00, 0xb4, 0xac, 0xac, 0x41,
    0x9c, 0x94, 0x91, 0xff, 0x91, 0x8a, 0x87, 0xfe, 0x91, 0x8a, 0x86, 0xff, 0x8c, 0x86, 0x82, 0xff,
    0x93, 0x8a, 0x88, 0xff, 0x56, 0x58, 0x51, 0xff, 0x4c, 0xca, 0x5f, 0xff, 0x2a, 0xbe, 0x3a, 0xff,
    0x0e, 0x95, 0x19, 0xff, 0x12, 0x97, 0x1e, 0xff, 0x0e, 0x90, 0x19, 0xff, 0x16, 0x7b, 0x1d, 0xff,
    0x3a, 0x43, 0x38, 0xff, 0x32, 0x38, 0x31, 0xff, 0x36, 0x3e, 0x35, 0xff, 0x3c, 0x42, 0x3b, 0xff,
    0x41, 0x44, 0x40, 0xff, 0x49, 0x48, 0x47, 0xff, 0x4f, 0x4d, 0x4c, 0xff, 0x4c, 0x4b, 0x4a, 0xff,
    0x53, 0x50, 0x50, 0xff, 0x67, 0x63, 0x62, 0xff, 0x5f, 0x5b, 0x5b, 0xff, 0x51, 0x4e, 0x4d, 0xff,
    0x4f, 0x4c, 0x4c, 0xff, 0x4c, 0x4a, 0x4a, 0xff, 0x4e, 0x4c, 0x4c, 0xff, 0x5c, 0x59, 0x58, 0xff,
    0x6c, 0x69, 0x67, 0xff, 0x62, 0x62, 0x5d, 0xff, 0x4d, 0x51, 0x48, 0xff, 0x46, 0x4d, 0x40, 0xff,
    0x65, 0x5f, 0x5b, 0xff, 0x41, 0xb9, 0x51, 0xff, 0x1f, 0xdc, 0x3d, 0xff, 0x2c, 0xe0, 0x4a, 0xff,
    0x31, 0xde, 0x52, 0xff, 0x13, 0x40, 0x1c, 0xff, 0x3d, 0x31, 0x38, 0xff, 0x77, 0x74, 0x71, 0xff,
    0x78, 0x73, 0x71, 0xff, 0x77, 0x73, 0x71, 0xff, 0x79, 0x74, 0x72, 0xff, 0x7b, 0x76, 0x74, 0xff,
    0x7b, 0x75, 0x74, 0xff, 0x7b, 0x74, 0x74, 0xff, 0x77, 0x75, 0x70, 0xff, 0x7d, 0x77, 0x73, 0xff,
    0x73, 0x6a, 0x6a, 0xff, 0x67, 0x60, 0x60, 0xff, 0x69, 0x63, 0x62, 0xff, 0x7b, 0x74, 0x74, 0xff,
    0x79, 0x72, 0x71, 0xff, 0x6d, 0x66, 0x66, 0xff, 0x6e, 0x68, 0x68, 0xff, 0x6f, 0x68, 0x68, 0xff,
    0x70, 0x69, 0x69, 0xff, 0x71, 0x6a, 0x6a, 0xff, 0x70, 0x69, 0x69, 0xff, 0x75, 0x6f, 0x6e, 0xff,
    0x85, 0x7e, 0x7d, 0xff, 0x84, 0x7d, 0x7c, 0xff, 0x83, 0x7c, 0x7c, 0xff, 0x84, 0x7d, 0x7c, 0xff,
    0x83, 0x7d, 0x7c, 0xff, 0x85, 0x7e, 0x7e, 0xff, 0x84, 0x7d, 0x7d, 0xff, 0x88, 0x81, 0x80, 0xff,
    0x88, 0x82, 0x80, 0xfc, 0x90, 0x89, 0x87, 0xff, 0x96, 0x90, 0x8e, 0xaf, 0x00, 0x00, 0x00, 0x00,
    0x7f, 0x7f, 0x7f, 0x02, 0x00, 0x00, 0x00, 0x00, 0x00, 0x00, 0x00, 0x00, 0x00, 0x00, 0x00, 0x00,
    0x00, 0x00, 0x00, 0x00, 0x00, 0x00, 0x00, 0x00, 0x00, 0x00, 0x00, 0x00, 0x00, 0x00, 0x00, 0x00,
    0x00, 0x00, 0x00, 0x00, 0x00, 0x00, 0x00, 0x00, 0x00, 0x00, 0x00, 0x00, 0x00, 0x00, 0x00, 0x00,
    0x00, 0x00, 0x00, 0x00, 0x00, 0x00, 0x00, 0x00, 0x00, 0x00, 0x00, 0x00, 0x00, 0x00, 0x00, 0x00,
    0x00, 0x00, 0x00, 0x00, 0x00, 0x00, 0x00, 0x00, 0x00, 0x00, 0x00, 0x00, 0x00, 0x00, 0x00, 0x00,
    0x00, 0x00, 0x00, 0x00, 0x00, 0x00, 0x00, 0x00, 0x00, 0x00, 0x00, 0x00, 0x00, 0x00, 0x00, 0x00,
    0x00, 0x00, 0x00, 0x00, 0xff, 0xff, 0xff, 0x01, 0x00, 0x00, 0x00, 0x00, 0xd6, 0xd6, 0xd6, 0x13,
    0x94, 0x8f, 0x8b, 0xed, 0x8e, 0x87, 0x84, 0xff, 0x8a, 0x83, 0x81, 0xfe, 0x89, 0x82, 0x7f, 0xff,
    0x89, 0x84, 0x80, 0xff, 0x6f, 0x64, 0x66, 0xff, 0x30, 0x53, 0x34, 0xff, 0x34, 0xc2, 0x45, 0xff,
    0x0f, 0xa3, 0x1c, 0xff, 0x11, 0x97, 0x1c, 0xff, 0x11, 0x92, 0x1c, 0xff, 0x0d, 0x8c, 0x17, 0xff,
    0x1c, 0x65, 0x21, 0xff, 0x28, 0x25, 0x26, 0xff, 0x1b, 0x1f, 0x1b, 0xff, 0x26, 0x2c, 0x25, 0xff,
    0x34, 0x39, 0x33, 0xff, 0x3a, 0x3f, 0x39, 0xff, 0x41, 0x43, 0x3f, 0xff, 0x4d, 0x4b, 0x4a, 0xff,
    0x4e, 0x4c, 0x4c, 0xff, 0x4a, 0x48, 0x48, 0xff, 0x4e, 0x4c, 0x4b, 0xff, 0x4e, 0x4c, 0x4b, 0xff,
    0x4b, 0x49, 0x49, 0xff, 0x54, 0x51, 0x50, 0xff, 0x6a, 0x66, 0x64, 0xff, 0x73, 0x71, 0x6d, 0xff,
    0x55, 0x56, 0x4f, 0xff, 0x3a, 0x3d, 0x35, 0xff, 0x49, 0x4b, 0x44, 0xff, 0x68, 0x56, 0x5f, 0xff,
    0x51, 0x9c, 0x58, 0xff, 0x20, 0xde, 0x3e, 0xff, 0x27, 0xd9, 0x44, 0xff, 0x25, 0xd7, 0x42, 0xff,
    0x2b, 0xe1, 0x4a, 0xff, 0x33, 0xde, 0x54, 0xff, 0x16, 0x44, 0x1f, 0xff, 0x3b, 0x2a, 0x35, 0xff,
    0x56, 0x48, 0x4f, 0xff, 0x54, 0x44, 0x4d, 0xff, 0x55, 0x45, 0x4e, 0xff, 0x57, 0x48, 0x50, 0xff,
    0x5c, 0x57, 0x56, 0xff, 0x78, 0x7a, 0x72, 0xff, 0x7d, 0x77, 0x73, 0xff, 0x6d, 0x65, 0x65, 0xff,
    0x67, 0x61, 0x61, 0xff, 0x6b, 0x64, 0x64, 0xff, 0x6f, 0x67, 0x68, 0xff, 0x80, 0x79, 0x78, 0xff,
    0x71, 0x6a, 0x69, 0xff, 0x6f, 0x68, 0x67, 0xff, 0x6f, 0x69, 0x68, 0xff, 0x6f, 0x68, 0x68, 0xff,
    0x6f, 0x68, 0x68, 0xff, 0x70, 0x69, 0x69, 0xff, 0x71, 0x6a, 0x6a, 0xff, 0x76, 0x6f, 0x6f, 0xff,
    0x82, 0x7b, 0x7b, 0xff, 0x84, 0x7c, 0x7c, 0xff, 0x85, 0x7e, 0x7d, 0xff, 0x83, 0x7c, 0x7c, 0xff,
    0x84, 0x7d, 0x7d, 0xff, 0x85, 0x7e, 0x7e, 0xff, 0x87, 0x80, 0x7f, 0xff, 0x8a, 0x83, 0x82, 0xff,
    0x88, 0x82, 0x80, 0xfb, 0x92, 0x8b, 0x89, 0xff, 0x9e, 0x99, 0x97, 0x6c, 0x00, 0x00, 0x00, 0x00,
    0x7f, 0x7f, 0x7f, 0x04, 0x00, 0x00, 0x00, 0x00, 0x00, 0x00, 0x00, 0x00, 0x00, 0x00, 0x00, 0x00,
    0x00, 0x00, 0x00, 0x00, 0x00, 0x00, 0x00, 0x00, 0x00, 0x00, 0x00, 0x00, 0x00, 0x00, 0x00, 0x00,
    0x00, 0x00, 0x00, 0x00, 0x00, 0x00, 0x00, 0x00, 0x00, 0x00, 0x00, 0x00, 0x00, 0x00, 0x00, 0x00,
    0x00, 0x00, 0x00, 0x00, 0x00, 0x00, 0x00, 0x00, 0x00, 0x00, 0x00, 0x00, 0x00, 0x00, 0x00, 0x00,
    0x00, 0x00, 0x00, 0x00, 0x00, 0x00, 0x00, 0x00, 0x00, 0x00, 0x00, 0x00, 0x00, 0x00, 0x00, 0x00,
    0x00, 0x00, 0x00, 0x00, 0x00, 0x00, 0x00, 0x00, 0x00, 0x00, 0x00, 0x00, 0x00, 0x00, 0x00, 0x00,
    0x00, 0x00, 0x00, 0x00, 0x00, 0x00, 0x00, 0x00, 0x55, 0x55, 0x55, 0x03, 0x00, 0x00, 0x00, 0x00,
    0x98, 0x92, 0x90, 0xab, 0x90, 0x89, 0x86, 0xff, 0x89, 0x82, 0x80, 0xfb, 0x83, 0x7c, 0x79, 0xff,
    0x7a, 0x74, 0x71, 0xff, 0x86, 0x80, 0x7c, 0xff, 0x3f, 0x37, 0x3a, 0xff, 0x1e, 0x3d, 0x20, 0xff,
    0x2a, 0xaf, 0x36, 0xff, 0x13, 0xa7, 0x1f, 0xff, 0x10, 0x93, 0x1a, 0xff, 0x11, 0x90, 0x1b, 0xff,
    0x0c, 0x88, 0x15, 0xff, 0x1c, 0x5a, 0x20, 0xff, 0x22, 0x20, 0x21, 0xff, 0x13, 0x15, 0x13, 0xff,
    0x15, 0x1a, 0x15, 0xff, 0x26, 0x2a, 0x25, 0xff, 0x36, 0x3a, 0x35, 0xff, 0x3c, 0x3f, 0x3b, 0xff,
    0x47, 0x45, 0x45, 0xff, 0x50, 0x4e, 0x4e, 0xff, 0x4f, 0x4c, 0x4c, 0xff, 0x4b, 0x4a, 0x49, 0xff,
    0x5a, 0x57, 0x56, 0xff, 0x74, 0x70, 0x6e, 0xff, 0x72, 0x6f, 0x6a, 0xff, 0x4e, 0x4d, 0x47, 0xff,
    0x45, 0x45, 0x3f, 0xff, 0x5c, 0x59, 0x56, 0xff, 0x6f, 0x5c, 0x65, 0xff, 0x52, 0x94, 0x57, 0xff,
    0x22, 0xdb, 0x3f, 0xff, 0x25, 0xd8, 0x42, 0xff, 0x26, 0xd9, 0x44, 0xff, 0x26, 0xdb, 0x45, 0xff,
    0x25, 0xd7, 0x43, 0xff, 0x2b, 0xe2, 0x4b, 0xff, 0x31, 0xd9, 0x51, 0xff, 0x1b, 0x7e, 0x2c, 0xff,
    0x1b, 0x77, 0x29, 0xff, 0x1d, 0x7a, 0x2c, 0xff, 0x1f, 0x7a, 0x2f, 0xff, 0x1d, 0x64, 0x2a, 0xff,
    0x29, 0x46, 0x2b, 0xff, 0x70, 0x61, 0x64, 0xff, 0x6e, 0x64, 0x66, 0xff, 0x67, 0x62, 0x61, 0xff,
    0x6d, 0x66, 0x66, 0xff, 0x6c, 0x65, 0x65, 0xff, 0x76, 0x6f, 0x6f, 0xff, 0x7c, 0x75, 0x74, 0xff,
    0x6d, 0x66, 0x66, 0xff, 0x6e, 0x68, 0x68, 0xff, 0x6f, 0x68, 0x67, 0xff, 0x70, 0x69, 0x69, 0xff,
    0x70, 0x69, 0x69, 0xff, 0x70, 0x69, 0x69, 0xff, 0x70, 0x69, 0x69, 0xff, 0x77, 0x6f, 0x6f, 0xff,
    0x82, 0x7b, 0x7b, 0xff, 0x82, 0x7b, 0x7a, 0xff, 0x84, 0x7d, 0x7c, 0xff, 0x84, 0x7d, 0x7d, 0xff,
    0x84, 0x7d, 0x7c, 0xff, 0x86, 0x7f, 0x7e, 0xff, 0x8a, 0x83, 0x81, 0xff, 0x89, 0x82, 0x81, 0xff,
    0x88, 0x81, 0x7f, 0xfe, 0x8e, 0x88, 0x86, 0xfc, 0xb1, 0xab, 0xab, 0x2e, 0x00, 0x00, 0x00, 0x00,
    0x7f, 0x7f, 0x7f, 0x02, 0x00, 0x00, 0x00, 0x00, 0x00, 0x00, 0x00, 0x00, 0x00, 0x00, 0x00, 0x00,
    0x00, 0x00, 0x00, 0x00, 0x00, 0x00, 0x00, 0x00, 0x00, 0x00, 0x00, 0x00, 0x00, 0x00, 0x00, 0x00,
    0x00, 0x00, 0x00, 0x00, 0x00, 0x00, 0x00, 0x00, 0x00, 0x00, 0x00, 0x00, 0x00, 0x00, 0x00, 0x00,
    0x00, 0x00, 0x00, 0x00, 0x00, 0x00, 0x00, 0x00, 0x00, 0x00, 0x00, 0x00, 0x00, 0x00, 0x00, 0x00,
    0x00, 0x00, 0x00, 0x00, 0x00, 0x00, 0x00, 0x00, 0x00, 0x00, 0x00, 0x00, 0x00, 0x00, 0x00, 0x00,
    0x00, 0x00, 0x00, 0x00, 0x00, 0x00, 0x00, 0x00, 0x00, 0x00, 0x00, 0x00, 0x00, 0x00, 0x00, 0x00,
    0x00, 0x00, 0x00, 0x00, 0x00, 0x00, 0x00, 0x00, 0x99, 0x99, 0x99, 0x05, 0x3f, 0xbf, 0x7f, 0x04,
    0xa1, 0xa1, 0x9b, 0x4a, 0x93, 0x8e, 0x89, 0xff, 0x86, 0x81, 0x7b, 0xfd, 0x84, 0x80, 0x7b, 0xff,
    0x88, 0x83, 0x7f, 0xff, 0x64, 0x60, 0x5e, 0xff, 0x2e, 0x33, 0x2c, 0xff, 0x14, 0x13, 0x13, 0xff,
    0x1a, 0x2b, 0x1a, 0xff, 0x2c, 0xa3, 0x35, 0xff, 0x14, 0xaa, 0x21, 0xff, 0x10, 0x91, 0x1a, 0xff,
    0x10, 0x8d, 0x1a, 0xff, 0x0c, 0x85, 0x15, 0xff, 0x17, 0x57, 0x1c, 0xff, 0x20, 0x24, 0x20, 0xff,
    0x18, 0x18, 0x18, 0xff, 0x11, 0x15, 0x11, 0xff, 0x19, 0x1d, 0x18, 0xff, 0x2f, 0x35, 0x2e, 0xff,
    0x3b, 0x3f, 0x3a, 0xff, 0x46, 0x46, 0x44, 0xff, 0x4b, 0x4a, 0x4a, 0xff, 0x5d, 0x59, 0x59, 0xff,
    0x78, 0x74, 0x72, 0xff, 0x70, 0x70, 0x68, 0xff, 0x56, 0x56, 0x4f, 0xff, 0x50, 0x4f, 0x4b, 0xff,
    0x5f, 0x52, 0x57, 0xff, 0x62, 0x5b, 0x5b, 0xff, 0x42, 0x99, 0x4b, 0xff, 0x21, 0xda, 0x3e, 0xff,
    0x23, 0xd8, 0x40, 0xff, 0x25, 0xd8, 0x42, 0xff, 0x26, 0xda, 0x44, 0xff, 0x27, 0xda, 0x45, 0xff,
    0x28, 0xdc, 0x46, 0xff, 0x27, 0xda, 0x45, 0xff, 0x29, 0xde, 0x48, 0xff, 0x2a, 0xe9, 0x4c, 0xff,
    0x2c, 0xf2, 0x4f, 0xff, 0x29, 0xee, 0x48, 0xff, 0x21, 0xda, 0x3c, 0xff, 0x23, 0xe1, 0x41, 0xff,
    0x30, 0xe7, 0x52, 0xff, 0x4e, 0xaf, 0x60, 0xff, 0x68, 0x63, 0x61, 0xff, 0x6c, 0x61, 0x64, 0xff,
    0x6c, 0x68, 0x66, 0xff, 0x6d, 0x66, 0x66, 0xff, 0x7b, 0x74, 0x74, 0xff, 0x75, 0x6e, 0x6d, 0xff,
    0x6c, 0x66, 0x65, 0xff, 0x6e, 0x67, 0x67, 0xff, 0x70, 0x69, 0x68, 0xff, 0x6f, 0x68, 0x68, 0xff,
    0x70, 0x6a, 0x69, 0xff, 0x71, 0x6a, 0x69, 0xff, 0x70, 0x6a, 0x69, 0xff, 0x76, 0x6f, 0x6f, 0xff,
    0x83, 0x7b, 0x7b, 0xff, 0x83, 0x7c, 0x7b, 0xff, 0x85, 0x7e, 0x7d, 0xff, 0x83, 0x7d, 0x7c, 0xff,
    0x82, 0x7c, 0x7b, 0xff, 0x87, 0x80, 0x7f, 0xff, 0x89, 0x82, 0x81, 0xff, 0x89, 0x82, 0x80, 0xfd,
    0x8c, 0x85, 0x83, 0xff, 0x91, 0x8a, 0x88, 0xd8, 0xff, 0xff, 0xff, 0x05, 0x00, 0x00, 0x00, 0x00,
    0x00, 0x00, 0x00, 0x01, 0x00, 0x00, 0x00, 0x00, 0x00, 0x00, 0x00, 0x00, 0x00, 0x00, 0x00, 0x00,
    0x00, 0x00, 0x00, 0x00, 0x00, 0x00, 0x00, 0x00, 0x00, 0x00, 0x00, 0x00, 0x00, 0x00, 0x00, 0x00,
    0x00, 0x00, 0x00, 0x00, 0x00, 0x00, 0x00, 0x00, 0x00, 0x00, 0x00, 0x00, 0x00, 0x00, 0x00, 0x00,
    0x00, 0x00, 0x00, 0x00, 0x00, 0x00, 0x00, 0x00, 0x00, 0x00, 0x00, 0x00, 0x00, 0x00, 0x00, 0x00,
    0x00, 0x00, 0x00, 0x00, 0x00, 0x00, 0x00, 0x00, 0x00, 0x00, 0x00, 0x00, 0x00, 0x00, 0x00, 0x00,
    0x00, 0x00, 0x00, 0x00, 0x00, 0x00, 0x00, 0x00, 0x00, 0x00, 0x00, 0x00, 0x00, 0x00, 0x00, 0x00,
    0x00, 0x00, 0x00, 0x00, 0x00, 0x00, 0x00, 0x00, 0x00, 0x00, 0x00, 0x00, 0x00, 0x00, 0x00, 0x00,
    0xb7, 0x91, 0xab, 0x4f, 0x7f, 0x70, 0x75, 0xfe, 0x80, 0x70, 0x75, 0xfe, 0x7a, 0x6b, 0x71, 0xff,
    0x46, 0x3d, 0x41, 0xff, 0x1e, 0x22, 0x1e, 0xff, 0x13, 0x1a, 0x13, 0xff, 0x3f, 0x46, 0x3e, 0xff,
    0x57, 0x55, 0x56, 0xff, 0x2e, 0x33, 0x2d, 0xff, 0x28, 0x94, 0x31, 0xff, 0x10, 0xaa, 0x1f, 0xff,
    0x10, 0x90, 0x1a, 0xff, 0x10, 0x8c, 0x1a, 0xff, 0x0c, 0x86, 0x16, 0xff, 0x0f, 0x61, 0x15, 0xff,
    0x19, 0x32, 0x1a, 0xff, 0x1c, 0x1d, 0x1c, 0xff, 0x17, 0x16, 0x16, 0xff, 0x16, 0x16, 0x15, 0xff,
    0x2b, 0x2f, 0x2b, 0xff, 0x3b, 0x3e, 0x3a, 0xff, 0x4b, 0x4a, 0x49, 0xff, 0x76, 0x72, 0x70, 0xff,
    0x77, 0x77, 0x6e, 0xff, 0x5c, 0x59, 0x55, 0xff, 0x51, 0x45, 0x4b, 0xff, 0x5a, 0x52, 0x53, 0xff,
    0x4a, 0x73, 0x4b, 0xff, 0x2f, 0xb8, 0x41, 0xff, 0x1f, 0xdd, 0x3c, 0xff, 0x24, 0xd7, 0x40, 0xff,
    0x25, 0xd8, 0x42, 0xff, 0x25, 0xd9, 0x42, 0xff, 0x27, 0xda, 0x44, 0xff, 0x27, 0xdb, 0x45, 0xff,
    0x28, 0xda, 0x46, 0xff, 0x28, 0xdc, 0x47, 0xff, 0x28, 0xda, 0x46, 0xff, 0x2d, 0xe2, 0x4d, 0xff,
    0x20, 0xa9, 0x35, 0xff, 0x11, 0x52, 0x19, 0xff, 0x0b, 0x2e, 0x0d, 0xff, 0x07, 0x35, 0x0a, 0xff,
    0x0d, 0x7c, 0x18, 0xff, 0x25, 0xe3, 0x46, 0xff, 0x4b, 0xcd, 0x65, 0xff, 0x6c, 0x6a, 0x65, 0xff,
    0x6e, 0x61, 0x65, 0xff, 0x6f, 0x6a, 0x68, 0xff, 0x7e, 0x79, 0x76, 0xff, 0x6e, 0x6a, 0x68, 0xff,
    0x6d, 0x69, 0x66, 0xff, 0x6d, 0x69, 0x67, 0xff, 0x6e, 0x69, 0x67, 0xff, 0x70, 0x6a, 0x69, 0xff,
    0x70, 0x6a, 0x69, 0xff, 0x71, 0x6b, 0x6a, 0xff, 0x70, 0x69, 0x69, 0xff, 0x77, 0x70, 0x70, 0xff,
    0x84, 0x7d, 0x7c, 0xff, 0x82, 0x7b, 0x7b, 0xff, 0x84, 0x7d, 0x7d, 0xff, 0x83, 0x7d, 0x7c, 0xff,
    0x85, 0x7f, 0x7e, 0xff, 0x8a, 0x84, 0x82, 0xff, 0x88, 0x81, 0x7f, 0xff, 0x88, 0x82, 0x80, 0xfb,
    0x91, 0x8a, 0x88, 0xff, 0x96, 0x8f, 0x8f, 0x9c, 0x00, 0x00, 0x00, 0x00, 0x55, 0x55, 0x55, 0x03,
    0x00, 0x00, 0x00, 0x00, 0x00, 0x00, 0x00, 0x00, 0x00, 0x00, 0x00, 0x00, 0x00, 0x00, 0x00, 0x00,
    0x00, 0x00, 0x00, 0x00, 0x00, 0x00, 0x00, 0x00, 0x00, 0x00, 0x00, 0x00, 0x00, 0x00, 0x00, 0x00,
    0x00, 0x00, 0x00, 0x00, 0x00, 0x00, 0x00, 0x00, 0x00, 0x00, 0x00, 0x00, 0x00, 0x00, 0x00, 0x00,
    0x00, 0x00, 0x00, 0x00, 0x00, 0x00, 0x00, 0x00, 0x00, 0x00, 0x00, 0x00, 0x00, 0x00, 0x00, 0x00,
    0x00, 0x00, 0x00, 0x00, 0x00, 0x00, 0x00, 0x00, 0x00, 0x00, 0x00, 0x00, 0x00, 0x00, 0x00, 0x00,
    0x00, 0x00, 0x00, 0x00, 0x00, 0x00, 0x00, 0x00, 0x00, 0x00, 0x00, 0x00, 0x00, 0x00, 0x00, 0x00,
    0x7f, 0xff, 0x7f, 0x02, 0x00, 0xff, 0x00, 0x01, 0xb9, 0xf7, 0xb9, 0x21, 0x87, 0xf2, 0x97, 0x7e,
    0x61, 0xad, 0x6b, 0xf2, 0x47, 0x92, 0x51, 0xff, 0x58, 0x9d, 0x60, 0xfe, 0x49, 0x8e, 0x52, 0xff,
    0x2a, 0x62, 0x32, 0xff, 0x1e, 0x22, 0x1d, 0xff, 0x83, 0x7b, 0x80, 0xff, 0xe2, 0xd6, 0xdf, 0xff,
    0xb7, 0xbc, 0xb6, 0xff, 0x3a, 0x4f, 0x39, 0xff, 0x3b, 0x3c, 0x3b, 0xff, 0x32, 0x8e, 0x3b, 0xff,
    0x12, 0xa5, 0x20, 0xff, 0x0e, 0x90, 0x19, 0xff, 0x10, 0x8d, 0x1a, 0xff, 0x0d, 0x8a, 0x17, 0xff,
    0x0b, 0x73, 0x13, 0xff, 0x0f, 0x51, 0x13, 0xff, 0x15, 0x37, 0x16, 0xff, 0x16, 0x24, 0x17, 0xff,
    0x16, 0x1c, 0x17, 0xff, 0x26, 0x2b, 0x26, 0xff, 0x31, 0x3b, 0x30, 0xff, 0x43, 0x4e, 0x3f, 0xff,
    0x4d, 0x4e, 0x47, 0xff, 0x36, 0x3e, 0x32, 0xff, 0x32, 0x6c, 0x35, 0xff, 0x2a, 0xae, 0x3a, 0xff,
    0x1e, 0xd4, 0x38, 0xff, 0x20, 0xdb, 0x3c, 0xff, 0x25, 0xd5, 0x41, 0xff, 0x25, 0xd8, 0x41, 0xff,
    0x25, 0xd9, 0x42, 0xff, 0x26, 0xd9, 0x43, 0xff, 0x26, 0xda, 0x44, 0xff, 0x27, 0xda, 0x45, 0xff,
    0x27, 0xdb, 0x45, 0xff, 0x27, 0xd9, 0x45, 0xff, 0x30, 0xe7, 0x51, 0xff, 0x1d, 0x99, 0x32, 0xff,
    0x12, 0x1f, 0x14, 0xff, 0x21, 0x19, 0x25, 0xff, 0x23, 0x20, 0x28, 0xff, 0x1d, 0x16, 0x1f, 0xff,
    0x0d, 0x06, 0x0d, 0xff, 0x07, 0x58, 0x0d, 0xff, 0x28, 0xe6, 0x49, 0xff, 0x4b, 0xcc, 0x65, 0xff,
    0x6a, 0x6f, 0x65, 0xff, 0x78, 0x6b, 0x6f, 0xff, 0x7c, 0x6b, 0x71, 0xff, 0x70, 0x5d, 0x66, 0xff,
    0x72, 0x5f, 0x68, 0xff, 0x72, 0x5f, 0x68, 0xff, 0x72, 0x61, 0x69, 0xff, 0x71, 0x63, 0x68, 0xff,
    0x70, 0x65, 0x68, 0xff, 0x71, 0x6a, 0x6a, 0xff, 0x71, 0x6b, 0x6a, 0xff, 0x77, 0x70, 0x70, 0xff,
    0x84, 0x7d, 0x7c, 0xff, 0x83, 0x7c, 0x7c, 0xff, 0x83, 0x7d, 0x7c, 0xff, 0x84, 0x7e, 0x7d, 0xff,
    0x8a, 0x82, 0x81, 0xff, 0x88, 0x82, 0x81, 0xff, 0x8e, 0x86, 0x85, 0xff, 0x8b, 0x84, 0x83, 0xfc,
    0x92, 0x8a, 0x89, 0xff, 0xa3, 0x9d, 0x9a, 0x59, 0x00, 0x00, 0x00, 0x00, 0xaa, 0xaa, 0xaa, 0x03,
    0x00, 0x00, 0x00, 0x00, 0x00, 0x00, 0x00, 0x00, 0x00, 0x00, 0x00, 0x00, 0x00, 0x00, 0x00, 0x00,
    0x00, 0x00, 0x00, 0x00, 0x00, 0x00, 0x00, 0x00, 0x00, 0x00, 0x00, 0x00, 0x00, 0x00, 0x00, 0x00,
    0x00, 0x00, 0x00, 0x00, 0x00, 0x00, 0x00, 0x00, 0x00, 0x00, 0x00, 0x00, 0x00, 0x00, 0x00, 0x00,
    0x00, 0x00, 0x00, 0x00, 0x00, 0x00, 0x00, 0x00, 0x00, 0x00, 0x00, 0x00, 0x00, 0x00, 0x00, 0x00,
    0x00, 0x00, 0x00, 0x00, 0x00, 0x00, 0x00, 0x00, 0x00, 0x00, 0x00, 0x00, 0x00, 0x00, 0x00, 0x00,
    0x00, 0x00, 0x00, 0x00, 0x00, 0x00, 0x00, 0x00, 0x00, 0x00, 0x00, 0x00, 0x00, 0x00, 0x00, 0x00,
    0x55, 0xff, 0x55, 0x03, 0x00, 0x00, 0x00, 0x00, 0x78, 0xe6, 0x86, 0x9d, 0x54, 0xfa, 0x6c, 0xff,
    0x44, 0xe0, 0x5a, 0xfd, 0x49, 0xe4, 0x5f, 0xff, 0x48, 0xe1, 0x5d, 0xff, 0x4a, 0xe6, 0x60, 0xff,
    0x44, 0xe6, 0x5b, 0xff, 0x3f, 0xa6, 0x4b, 0xff, 0x9f, 0xe1, 0xa6, 0xff, 0x7e, 0xba, 0x85, 0xff,
    0x34, 0x84, 0x3d, 0xff, 0x1c, 0x90, 0x2a, 0xff, 0x28, 0x99, 0x36, 0xff, 0x30, 0x9a, 0x3d, 0xff,
    0x29, 0xa6, 0x31, 0xff, 0x17, 0xa2, 0x23, 0xff, 0x0e, 0x94, 0x1a, 0xff, 0x11, 0x90, 0x1b, 0xff,
    0x0f, 0x8d, 0x1a, 0xff, 0x0d, 0x84, 0x16, 0xff, 0x0c, 0x76, 0x13, 0xff, 0x0c, 0x68, 0x12, 0xff,
    0x0e, 0x5e, 0x13, 0xff, 0x0e, 0x53, 0x12, 0xff, 0x0d, 0x51, 0x10, 0xff, 0x0b, 0x53, 0x0f, 0xff,
    0x0f, 0x6f, 0x17, 0xff, 0x15, 0xa5, 0x26, 0xff, 0x1b, 0xd4, 0x36, 0xff, 0x1f, 0xdb, 0x3b, 0xff,
    0x22, 0xd4, 0x3d, 0xff, 0x24, 0xd6, 0x40, 0xff, 0x24, 0xd8, 0x41, 0xff, 0x25, 0xd8, 0x41, 0xff,
    0x25, 0xd9, 0x43, 0xff, 0x26, 0xda, 0x43, 0xff, 0x26, 0xda, 0x44, 0xff, 0x28, 0xdb, 0x45, 0xff,
    0x27, 0xda, 0x45, 0xff, 0x2b, 0xe1, 0x4a, 0xff, 0x2b, 0xcc, 0x49, 0xff, 0x10, 0x2e, 0x14, 0xff,
    0x26, 0x25, 0x2b, 0xff, 0x20, 0x27, 0x25, 0xff, 0x18, 0x1e, 0x1a, 0xff, 0x1d, 0x27, 0x21, 0xff,
    0x1f, 0x20, 0x23, 0xff, 0x0a, 0x0d, 0x0b, 0xff, 0x12, 0x98, 0x22, 0xff, 0x30, 0xf0, 0x57, 0xff,
    0x37, 0xd8, 0x57, 0xff, 0x42, 0xc7, 0x5a, 0xff, 0x45, 0xbc, 0x5a, 0xff, 0x4a, 0xb0, 0x5b, 0xff,
    0x50, 0xa4, 0x5d, 0xff, 0x58, 0x99, 0x61, 0xff, 0x62, 0x8e, 0x66, 0xff, 0x69, 0x80, 0x69, 0xff,
    0x6d, 0x75, 0x69, 0xff, 0x72, 0x6a, 0x6a, 0xff, 0x71, 0x69, 0x6a, 0xff, 0x76, 0x70, 0x6f, 0xff,
    0x83, 0x7c, 0x7c, 0xff, 0x84, 0x7d, 0x7d, 0xff, 0x84, 0x7e, 0x7d, 0xff, 0x87, 0x80, 0x7f, 0xff,
    0x88, 0x82, 0x80, 0xff, 0x91, 0x8a, 0x88, 0xff, 0x63, 0x5e, 0x5d, 0xfe, 0x60, 0x5b, 0x59, 0xff,
    0x94, 0x8e, 0x8b, 0xf6, 0xbb, 0xb2, 0xb2, 0x1e, 0x00, 0x00, 0x00, 0x00, 0x7f, 0x7f, 0x7f, 0x02,
    0x00, 0x00, 0x00, 0x00, 0x00, 0x00, 0x00, 0x00, 0x00, 0x00, 0x00, 0x00, 0x00, 0x00, 0x00, 0x00,
    0x00, 0x00, 0x00, 0x00, 0x00, 0x00, 0x00, 0x00, 0x00, 0x00, 0x00, 0x00, 0x00, 0x00, 0x00, 0x00,
    0x00, 0x00, 0x00, 0x00, 0x00, 0x00, 0x00, 0x00, 0x00, 0x00, 0x00, 0x00, 0x00, 0x00, 0x00, 0x00,
    0x00, 0x00, 0x00, 0x00, 0x00, 0x00, 0x00, 0x00, 0x00, 0x00, 0x00, 0x00, 0x00, 0x00, 0x00, 0x00,
    0x00, 0x00, 0x00, 0x00, 0x00, 0x00, 0x00, 0x00, 0x00, 0x00, 0x00, 0x00, 0x00, 0x00, 0x00, 0x00,
    0x00, 0x00, 0x00, 0x00, 0x00, 0x00, 0x00, 0x00, 0x00, 0x00, 0x00, 0x00, 0x7f, 0x7f, 0x7f, 0x02,
    0x00, 0x00, 0x00, 0x00, 0xc1, 0xff, 0xc1, 0x19, 0x5c, 0xe1, 0x6e, 0xf1, 0x48, 0xde, 0x5c, 0xfb,
    0x4a, 0xe2, 0x60, 0xfd, 0x4a, 0xe3, 0x5f, 0xff, 0x4e, 0xe4, 0x62, 0xff, 0x4a, 0xdf, 0x5f, 0xff,
    0x41, 0xda, 0x57, 0xff, 0x45, 0xe1, 0x5b, 0xff, 0x2c, 0xd0, 0x42, 0xff, 0x29, 0xc8, 0x3b, 0xff,
    0x2b, 0xce, 0x3f, 0xff, 0x23, 0xcb, 0x38, 0xff, 0x19, 0xba, 0x2b, 0xff, 0x15, 0xbd, 0x26, 0xff,
    0x1c, 0xac, 0x28, 0xff, 0x26, 0x9d, 0x2d, 0xff, 0x16, 0xa0, 0x22, 0xff, 0x0f, 0x9a, 0x1b, 0xff,
    0x11, 0x96, 0x1c, 0xff, 0x10, 0x93, 0x1b, 0xff, 0x0f, 0x8c, 0x19, 0xff, 0x0e, 0x87, 0x16, 0xff,
    0x0d, 0x88, 0x16, 0xff, 0x0e, 0x8f, 0x18, 0xff, 0x12, 0x9f, 0x1f, 0xff, 0x19, 0xbb, 0x2c, 0xff,
    0x1f, 0xd6, 0x3a, 0xff, 0x22, 0xdc, 0x3f, 0xff, 0x23, 0xd5, 0x3e, 0xff, 0x23, 0xd5, 0x3e, 0xff,
    0x24, 0xd8, 0x40, 0xff, 0x24, 0xd8, 0x41, 0xff, 0x24, 0xd8, 0x41, 0xff, 0x25, 0xd9, 0x42, 0xff,
    0x26, 0xd9, 0x43, 0xff, 0x27, 0xdb, 0x45, 0xff, 0x28, 0xdb, 0x46, 0xff, 0x28, 0xdc, 0x46, 0xff,
    0x26, 0xd8, 0x44, 0xff, 0x31, 0xea, 0x52, 0xff, 0x25, 0x9c, 0x3b, 0xff, 0x1a, 0x22, 0x1c, 0xff,
    0x25, 0x27, 0x2b, 0xff, 0x14, 0x16, 0x16, 0xff, 0x11, 0x11, 0x12, 0xff, 0x11, 0x15, 0x12, 0xff,
    0x1e, 0x26, 0x23, 0xff, 0x14, 0x0d, 0x16, 0xff, 0x0b, 0x65, 0x14, 0xff, 0x2a, 0xe6, 0x4b, 0xff,
    0x2c, 0xe2, 0x4f, 0xff, 0x29, 0xe7, 0x4e, 0xff, 0x2a, 0xe9, 0x50, 0xff, 0x2a, 0xea, 0x51, 0xff,
    0x2a, 0xeb, 0x50, 0xff, 0x2b, 0xeb, 0x51, 0xff, 0x32, 0xeb, 0x5b, 0xff, 0x3b, 0xe9, 0x65, 0xff,
    0x3d, 0xe4, 0x64, 0xff, 0x4d, 0xc6, 0x67, 0xff, 0x70, 0x6c, 0x69, 0xff, 0x77, 0x6f, 0x6f, 0xff,
    0x82, 0x7b, 0x7b, 0xff, 0x83, 0x7c, 0x7c, 0xff, 0x85, 0x7f, 0x7e, 0xff, 0x88, 0x81, 0x7f, 0xff,
    0x8d, 0x86, 0x85, 0xff, 0x7b, 0x74, 0x73, 0xff, 0x14, 0x13, 0x12, 0xfc, 0x4c, 0x48, 0x47, 0xff,
    0x9b, 0x93, 0x92, 0xc8, 0x01, 0x01, 0x01, 0x00, 0x00, 0x00, 0x00, 0x01, 0x00, 0x00, 0x00, 0x00,
    0x00, 0x00, 0x00, 0x00, 0x00, 0x00, 0x00, 0x00, 0x00, 0x00, 0x00, 0x00, 0x00, 0x00, 0x00, 0x00,
    0x00, 0x00, 0x00, 0x00, 0x00, 0x00, 0x00, 0x00, 0x00, 0x00, 0x00, 0x00, 0x00, 0x00, 0x00, 0x00,
    0x00, 0x00, 0x00, 0x00, 0x00, 0x00, 0x00, 0x00, 0x00, 0x00, 0x00, 0x00, 0x00, 0x00, 0x00, 0x00,
    0x00, 0x00, 0x00, 0x00, 0x00, 0x00, 0x00, 0x00, 0x00, 0x00, 0x00, 0x00, 0x00, 0x00, 0x00, 0x00,
    0x00, 0x00, 0x00, 0x00, 0x00, 0x00, 0x00, 0x00, 0x00, 0x00, 0x00, 0x00, 0x00, 0x00, 0x00, 0x00,
    0x00, 0x00, 0x00, 0x00, 0x00, 0x00, 0x00, 0x00, 0x00, 0x00, 0x00, 0x00, 0x3f, 0xbf, 0x7f, 0x04,
    0x00, 0x00, 0x00, 0x00, 0x79, 0xeb, 0x8e, 0x78, 0x5f, 0xf7, 0x79, 0xff, 0x50, 0xe7, 0x66, 0xfb,
    0x42, 0xbe, 0x53, 0xff, 0x46, 0xa5, 0x53, 0xff, 0x3d, 0xa6, 0x4a, 0xff, 0x43, 0xcc, 0x54, 0xff,
    0x48, 0xe3, 0x5e, 0xff, 0x46, 0xdb, 0x5b, 0xff, 0x3b, 0xdb, 0x53, 0xff, 0x13, 0xb6, 0x26, 0xff,
    0x0e, 0xa2, 0x1b, 0xff, 0x11, 0xa7, 0x1f, 0xff, 0x12, 0xa2, 0x1e, 0xff, 0x13, 0x9d, 0x1f, 0xff,
    0x17, 0xb4, 0x26, 0xff, 0x16, 0xad, 0x24, 0xff, 0x24, 0x9a, 0x2b, 0xff, 0x1c, 0xa0, 0x26, 0xff,
    0x0f, 0xa1, 0x1c, 0xff, 0x12, 0xa1, 0x1f, 0xff, 0x14, 0xa8, 0x22, 0xff, 0x16, 0xb0, 0x27, 0xff,
    0x19, 0xbc, 0x2e, 0xff, 0x1e, 0xcb, 0x37, 0xff, 0x22, 0xd8, 0x3f, 0xff, 0x23, 0xda, 0x40, 0xff,
    0x23, 0xd7, 0x3f, 0xff, 0x23, 0xd5, 0x3e, 0xff, 0x23, 0xd7, 0x40, 0xff, 0x24, 0xd8, 0x41, 0xff,
    0x24, 0xd9, 0x42, 0xff, 0x25, 0xd9, 0x42, 0xff, 0x25, 0xd9, 0x43, 0xff, 0x26, 0xda, 0x43, 0xff,
    0x26, 0xda, 0x44, 0xff, 0x27, 0xdb, 0x45, 0xff, 0x27, 0xdb, 0x45, 0xff, 0x28, 0xdc, 0x46, 0xff,
    0x26, 0xd9, 0x45, 0xff, 0x31, 0xeb, 0x52, 0xff, 0x26, 0x98, 0x3b, 0xff, 0x1c, 0x23, 0x1f, 0xff,
    0x25, 0x28, 0x2b, 0xff, 0x17, 0x18, 0x19, 0xff, 0x14, 0x14, 0x16, 0xff, 0x10, 0x12, 0x11, 0xff,
    0x1f, 0x26, 0x24, 0xff, 0x15, 0x0e, 0x18, 0xff, 0x0b, 0x63, 0x14, 0xff, 0x2c, 0xe7, 0x4d, 0xff,
    0x2f, 0xdf, 0x51, 0xff, 0x2e, 0xe0, 0x50, 0xff, 0x2e, 0xe0, 0x51, 0xff, 0x2f, 0xe0, 0x51, 0xff,
    0x2f, 0xe0, 0x51, 0xff, 0x2e, 0xe0, 0x51, 0xff, 0x2f, 0xe2, 0x53, 0xff, 0x36, 0xe9, 0x62, 0xff,
    0x36, 0xeb, 0x63, 0xff, 0x35, 0xf5, 0x64, 0xff, 0x62, 0x96, 0x69, 0xff, 0x7a, 0x68, 0x70, 0xff,
    0x81, 0x7d, 0x7a, 0xff, 0x83, 0x7c, 0x7b, 0xff, 0x87, 0x80, 0x7f, 0xff, 0x89, 0x83, 0x80, 0xff,
    0x8c, 0x85, 0x83, 0xff, 0x35, 0x33, 0x32, 0xff, 0x0e, 0x0e, 0x0e, 0xfb, 0x64, 0x5f, 0x5e, 0xff,
    0xa5, 0x9f, 0x9d, 0x88, 0x00, 0x00, 0x00, 0x00, 0x7f, 0x7f, 0x7f, 0x04, 0x00, 0x00, 0x00, 0x00,
    0x00, 0x00, 0x00, 0x00, 0x00, 0x00, 0x00, 0x00, 0x00, 0x00, 0x00, 0x00, 0x00, 0x00, 0x00, 0x00,
    0x00, 0x00, 0x00, 0x00, 0x00, 0x00, 0x00, 0x00, 0x00, 0x00, 0x00, 0x00, 0x00, 0x00, 0x00, 0x00,
    0x00, 0x00, 0x00, 0x00, 0x00, 0x00, 0x00, 0x00, 0x00, 0x00, 0x00, 0x00, 0x00, 0x00, 0x00, 0x00,
    0x00, 0x00, 0x00, 0x00, 0x00, 0x00, 0x00, 0x00, 0x00, 0x00, 0x00, 0x00, 0x00, 0x00, 0x00, 0x00,
    0x00, 0x00, 0x00, 0x00, 0x00, 0x00, 0x00, 0x00, 0x00, 0x00, 0x00, 0x00, 0x00, 0x00, 0x00, 0x00,
    0x00, 0x00, 0x00, 0x00, 0x00, 0x00, 0x00, 0x00, 0xff, 0xff, 0xff, 0x01, 0x7f, 0x7f, 0x7f, 0x02,
    0xff, 0xff, 0xff, 0x06, 0x70, 0xee, 0x8b, 0xdc, 0x57, 0xf0, 0x76, 0xff, 0x37, 0x7a, 0x44, 0xfd,
    0x2c, 0x2b, 0x31, 0xff, 0x2f, 0x2a, 0x35, 0xff, 0x2c, 0x28, 0x31, 0xff, 0x26, 0x39, 0x2b, 0xff,
    0x3c, 0xa8, 0x49, 0xff, 0x51, 0xe8, 0x68, 0xff, 0x40, 0xdc, 0x59, 0xff, 0x1e, 0xcd, 0x35, 0xff,
    0x13, 0xb5, 0x24, 0xff, 0x12, 0xa8, 0x21, 0xff, 0x13, 0xab, 0x22, 0xff, 0x13, 0xa5, 0x20, 0xff,
    0x17, 0xa8, 0x24, 0xff, 0x18, 0xb9, 0x28, 0xff, 0x17, 0xaa, 0x24, 0xff, 0x23, 0x96, 0x29, 0xff,
    0x1d, 0xa5, 0x28, 0xff, 0x1f, 0xd7, 0x3b, 0xff, 0x24, 0xdb, 0x42, 0xff, 0x23, 0xdb, 0x42, 0xff,
    0x23, 0xdc, 0x42, 0xff, 0x23, 0xda, 0x41, 0xff, 0x23, 0xd7, 0x3f, 0xff, 0x23, 0xd7, 0x3f, 0xff,
    0x23, 0xd8, 0x40, 0xff, 0x24, 0xd8, 0x41, 0xff, 0x25, 0xd9, 0x42, 0xff, 0x25, 0xda, 0x43, 0xff,
    0x25, 0xda, 0x43, 0xff, 0x25, 0xda, 0x43, 0xff, 0x26, 0xda, 0x44, 0xff, 0x26, 0xdb, 0x44, 0xff,
    0x27, 0xdb, 0x45, 0xff, 0x27, 0xdb, 0x46, 0xff, 0x27, 0xdb, 0x45, 0xff, 0x29, 0xdc, 0x47, 0xff,
    0x27, 0xda, 0x46, 0xff, 0x2f, 0xe6, 0x4f, 0xff, 0x2e, 0xc0, 0x4a, 0xff, 0x12, 0x28, 0x15, 0xff,
    0x2a, 0x2c, 0x30, 0xff, 0x22, 0x25, 0x26, 0xff, 0x18, 0x1b, 0x1b, 0xff, 0x1c, 0x21, 0x1f, 0xff,
    0x27, 0x2a, 0x2d, 0xff, 0x0f, 0x0d, 0x10, 0xff, 0x11, 0x91, 0x20, 0xff, 0x2e, 0xea, 0x52, 0xff,
    0x2d, 0xdf, 0x50, 0xff, 0x2e, 0xe1, 0x50, 0xff, 0x2e, 0xe2, 0x51, 0xff, 0x2e, 0xe2, 0x51, 0xff,
    0x2e, 0xe2, 0x51, 0xff, 0x2e, 0xe2, 0x51, 0xff, 0x2f, 0xe1, 0x51, 0xff, 0x35, 0xe8, 0x5f, 0xff,
    0x3a, 0xe8, 0x66, 0xff, 0x34, 0xf0, 0x63, 0xff, 0x4b, 0xca, 0x67, 0xff, 0x7b, 0x6d, 0x71, 0xff,
    0x83, 0x7d, 0x7c, 0xff, 0x86, 0x7f, 0x7e, 0xff, 0x88, 0x81, 0x80, 0xff, 0x92, 0x8b, 0x89, 0xff,
    0x5a, 0x56, 0x55, 0xff, 0x12, 0x12, 0x11, 0xff, 0x1d, 0x1c, 0x1c, 0xfd, 0x78, 0x72, 0x71, 0xff,
    0xb9, 0xb2, 0xb2, 0x46, 0x00, 0x00, 0x00, 0x00, 0xaa, 0xaa, 0xaa, 0x03, 0x00, 0x00, 0x00, 0x00,
    0x00, 0x00, 0x00, 0x00, 0x00, 0x00, 0x00, 0x00, 0x00, 0x00, 0x00, 0x00, 0x00, 0x00, 0x00, 0x00,
    0x00, 0x00, 0x00, 0x00, 0x00, 0x00, 0x00, 0x00, 0x00, 0x00, 0x00, 0x00, 0x00, 0x00, 0x00, 0x00,
    0x00, 0x00, 0x00, 0x00, 0x00, 0x00, 0x00, 0x00, 0x00, 0x00, 0x00, 0x00, 0x00, 0x00, 0x00, 0x00,
    0x00, 0x00, 0x00, 0x00, 0x00, 0x00, 0x00, 0x00, 0x00, 0x00, 0x00, 0x00, 0x00, 0x00, 0x00, 0x00,
    0x00, 0x00, 0x00, 0x00, 0x00, 0x00, 0x00, 0x00, 0x00, 0x00, 0x00, 0x00, 0x00, 0x00, 0x00, 0x00,
    0x00, 0x00, 0x00, 0x00, 0x00, 0x00, 0x00, 0x00, 0xaa, 0xff, 0xaa, 0x03, 0x00, 0x00, 0x00, 0x00,
    0x9e, 0xea, 0xa8, 0x64, 0x62, 0xf8, 0x7c, 0xff, 0x4a, 0x92, 0x57, 0xfc, 0x2b, 0x1f, 0x2f, 0xff,
    0x20, 0x25, 0x26, 0xff, 0x18, 0x1f, 0x1c, 0xff, 0x1e, 0x27, 0x24, 0xff, 0x25, 0x20, 0x2c, 0xff,
    0x26, 0x3a, 0x2b, 0xff, 0x4f, 0xd8, 0x68, 0xff, 0x56, 0xef, 0x77, 0xff, 0x31, 0xdc, 0x51, 0xff,
    0x12, 0xc3, 0x27, 0xff, 0x13, 0xb2, 0x23, 0xff, 0x12, 0xa6, 0x20, 0xff, 0x13, 0xa9, 0x21, 0xff,
    0x13, 0x9e, 0x1e, 0xff, 0x15, 0xac, 0x22, 0xff, 0x17, 0xb3, 0x26, 0xff, 0x14, 0xac, 0x22, 0xff,
    0x1c, 0x92, 0x22, 0xff, 0x1d, 0xa2, 0x2b, 0xff, 0x24, 0xd8, 0x41, 0xff, 0x24, 0xda, 0x43, 0xff,
    0x24, 0xd9, 0x42, 0xff, 0x24, 0xd9, 0x41, 0xff, 0x24, 0xd9, 0x42, 0xff, 0x24, 0xd9, 0x41, 0xff,
    0x24, 0xd9, 0x41, 0xff, 0x25, 0xd9, 0x42, 0xff, 0x25, 0xd9, 0x42, 0xff, 0x26, 0xda, 0x43, 0xff,
    0x26, 0xda, 0x43, 0xff, 0x26, 0xdb, 0x45, 0xff, 0x27, 0xda, 0x45, 0xff, 0x26, 0xdb, 0x45, 0xff,
    0x27, 0xdb, 0x46, 0xff, 0x27, 0xdc, 0x46, 0xff, 0x28, 0xdc, 0x47, 0xff, 0x28, 0xdc, 0x47, 0xff,
    0x28, 0xdd, 0x48, 0xff, 0x28, 0xdb, 0x47, 0xff, 0x36, 0xea, 0x58, 0xff, 0x1c, 0x7d, 0x2e, 0xff,
    0x15, 0x1b, 0x17, 0xff, 0x25, 0x24, 0x2b, 0xff, 0x27, 0x26, 0x2d, 0xff, 0x28, 0x25, 0x2e, 0xff,
    0x19, 0x10, 0x1b, 0xff, 0x0a, 0x54, 0x10, 0xff, 0x25, 0xda, 0x42, 0xff, 0x2e, 0xe2, 0x51, 0xff,
    0x2d, 0xe1, 0x4f, 0xff, 0x2d, 0xe1, 0x50, 0xff, 0x2d, 0xe1, 0x50, 0xff, 0x2e, 0xe1, 0x51, 0xff,
    0x2f, 0xe2, 0x52, 0xff, 0x2f, 0xe2, 0x52, 0xff, 0x2f, 0xe2, 0x51, 0xff, 0x31, 0xe4, 0x57, 0xff,
    0x38, 0xea, 0x64, 0xff, 0x37, 0xe9, 0x63, 0xff, 0x38, 0xea, 0x63, 0xff, 0x6e, 0x8a, 0x6e, 0xff,
    0x83, 0x74, 0x79, 0xff, 0x80, 0x7c, 0x78, 0xff, 0x86, 0x80, 0x7d, 0xff, 0x78, 0x72, 0x70, 0xff,
    0x28, 0x26, 0x26, 0xff, 0x20, 0x1f, 0x1f, 0xfe, 0x3c, 0x38, 0x38, 0xff, 0x8b, 0x84, 0x83, 0xec,
    0xe1, 0xe1, 0xe1, 0x11, 0x00, 0x00, 0x00, 0x00, 0xff, 0xff, 0xff, 0x01, 0x00, 0x00, 0x00, 0x00,
    0x00, 0x00, 0x00, 0x00, 0x00, 0x00, 0x00, 0x00, 0x00, 0x00, 0x00, 0x00, 0x00, 0x00, 0x00, 0x00,
    0x00, 0x00, 0x00, 0x00, 0x00, 0x00, 0x00, 0x00, 0x00, 0x00, 0x00, 0x00, 0x00, 0x00, 0x00, 0x00,
    0x00, 0x00, 0x00, 0x00, 0x00, 0x00, 0x00, 0x00, 0x00, 0x00, 0x00, 0x00, 0x00, 0x00, 0x00, 0x00,
    0x00, 0x00, 0x00, 0x00, 0x00, 0x00, 0x00, 0x00, 0x00, 0x00, 0x00, 0x00, 0x00, 0x00, 0x00, 0x00,
    0x00, 0x00, 0x00, 0x00, 0x00, 0x00, 0x00, 0x00, 0x00, 0x00, 0x00, 0x00, 0x00, 0x00, 0x00, 0x00,
    0x00, 0x00, 0x00, 0x00, 0x7f, 0x7f, 0x7f, 0x02, 0x00, 0x00, 0x00, 0x01, 0xd9, 0xaa, 0xc6, 0x1b,
    0x97, 0xdf, 0x9b, 0xec, 0x61, 0xd2, 0x6c, 0xfe, 0x31, 0x39, 0x35, 0xfd, 0x28, 0x2a, 0x2f, 0xff,
    0x18, 0x1b, 0x1a, 0xff, 0x12, 0x11, 0x12, 0xff, 0x12, 0x13, 0x12, 0xff, 0x21, 0x27, 0x27, 0xff,
    0x27, 0x21, 0x2b, 0xff, 0x3b, 0xa0, 0x4e, 0xff, 0x58, 0xf5, 0x79, 0xff, 0x48, 0xea, 0x70, 0xff,
    0x26, 0xdb, 0x4a, 0xff, 0x15, 0xc0, 0x28, 0xff, 0x10, 0xae, 0x1f, 0xff, 0x17, 0xb4, 0x27, 0xff,
    0x17, 0x91, 0x22, 0xff, 0x1a, 0xbd, 0x2f, 0xff, 0x25, 0xd9, 0x42, 0xff, 0x23, 0xd2, 0x3f, 0xff,
    0x20, 0xce, 0x3a, 0xff, 0x23, 0xb1, 0x34, 0xff, 0x24, 0xc8, 0x3c, 0xff, 0x25, 0xde, 0x45, 0xff,
    0x26, 0xdb, 0x44, 0xff, 0x24, 0xda, 0x44, 0xff, 0x25, 0xda, 0x43, 0xff, 0x25, 0xda, 0x43, 0xff,
    0x25, 0xda, 0x44, 0xff, 0x26, 0xda, 0x43, 0xff, 0x25, 0xda, 0x43, 0xff, 0x26, 0xda, 0x44, 0xff,
    0x26, 0xdb, 0x44, 0xff, 0x26, 0xdb, 0x45, 0xff, 0x27, 0xdb, 0x46, 0xff, 0x27, 0xdb, 0x46, 0xff,
    0x27, 0xdc, 0x46, 0xff, 0x28, 0xdc, 0x47, 0xff, 0x28, 0xdc, 0x47, 0xff, 0x28, 0xdc, 0x48, 0xff,
    0x29, 0xdd, 0x48, 0xff, 0x28, 0xdd, 0x48, 0xff, 0x2b, 0xdf, 0x4a, 0xff, 0x35, 0xe7, 0x57, 0xff,
    0x1f, 0x93, 0x34, 0xff, 0x12, 0x4b, 0x1b, 0xff, 0x14, 0x39, 0x1a, 0xff, 0x12, 0x40, 0x18, 0xff,
    0x10, 0x7c, 0x1e, 0xff, 0x23, 0xd9, 0x40, 0xff, 0x2e, 0xe3, 0x51, 0xff, 0x2d, 0xe0, 0x4f, 0xff,
    0x2c, 0xe1, 0x4f, 0xff, 0x2d, 0xe1, 0x50, 0xff, 0x2d, 0xe2, 0x50, 0xff, 0x2e, 0xe2, 0x51, 0xff,
    0x2e, 0xe2, 0x51, 0xff, 0x2e, 0xe2, 0x51, 0xff, 0x2e, 0xe2, 0x51, 0xff, 0x2d, 0xe2, 0x51, 0xff,
    0x35, 0xe8, 0x5f, 0xff, 0x39, 0xe8, 0x64, 0xff, 0x38, 0xf5, 0x66, 0xff, 0x41, 0xa8, 0x54, 0xff,
    0x37, 0x29, 0x2e, 0xff, 0x36, 0x36, 0x32, 0xff, 0x47, 0x43, 0x41, 0xff, 0x36, 0x33, 0x32, 0xff,
    0x34, 0x30, 0x30, 0xff, 0x36, 0x33, 0x33, 0xfc, 0x6c, 0x66, 0x65, 0xfe, 0x99, 0x93, 0x92, 0xb7,
    0x00, 0x00, 0x00, 0x00, 0x7f, 0x7f, 0x7f, 0x02, 0x00, 0x00, 0x00, 0x00, 0x00, 0x00, 0x00, 0x00,
    0x00, 0x00, 0x00, 0x00, 0x00, 0x00, 0x00, 0x00, 0x00, 0x00, 0x00, 0x00, 0x00, 0x00, 0x00, 0x00,
    0x00, 0x00, 0x00, 0x00, 0x00, 0x00, 0x00, 0x00, 0x00, 0x00, 0x00, 0x00, 0x00, 0x00, 0x00, 0x00,
    0x00, 0x00, 0x00, 0x00, 0x00, 0x00, 0x00, 0x00, 0x00, 0x00, 0x00, 0x00, 0x00, 0x00, 0x00, 0x00,
    0x00, 0x00, 0x00, 0x00, 0x00, 0x00, 0x00, 0x00, 0x00, 0x00, 0x00, 0x00, 0x00, 0x00, 0x00, 0x00,
    0x00, 0x00, 0x00, 0x00, 0x00, 0x00, 0x00, 0x00, 0x00, 0x00, 0x00, 0x00, 0x00, 0x00, 0x00, 0x00,
    0x00, 0x00, 0x00, 0x00, 0xaa, 0xaa, 0xaa, 0x03, 0x04, 0x04, 0x04, 0x00, 0x80, 0x77, 0x78, 0xad,
    0x7f, 0xc9, 0x84, 0xff, 0x62, 0xc4, 0x6c, 0xfc, 0x17, 0x20, 0x1d, 0xff, 0x29, 0x2a, 0x30, 0xff,
    0x18, 0x19, 0x1a, 0xff, 0x15, 0x15, 0x15, 0xff, 0x11, 0x11, 0x11, 0xff, 0x20, 0x23, 0x24, 0xff,
    0x24, 0x20, 0x29, 0xff, 0x32, 0x94, 0x42, 0xff, 0x56, 0xf6, 0x76, 0xff, 0x47, 0xe8, 0x6e, 0xff,
    0x39, 0xee, 0x6a, 0xff, 0x2e, 0xe3, 0x56, 0xff, 0x27, 0xdc, 0x4a, 0xff, 0x30, 0xe6, 0x54, 0xff,
    0x1f, 0x97, 0x2f, 0xff, 0x1b, 0xc4, 0x33, 0xff, 0x27, 0xe1, 0x47, 0xff, 0x24, 0xdb, 0x44, 0xff,
    0x26, 0xde, 0x46, 0xff, 0x25, 0xe2, 0x47, 0xff, 0x25, 0xdd, 0x45, 0xff, 0x26, 0xdc, 0x45, 0xff,
    0x26, 0xdc, 0x45, 0xff, 0x26, 0xdc, 0x45, 0xff, 0x26, 0xdb, 0x45, 0xff, 0x26, 0xdb, 0x45, 0xff,
    0x26, 0xdb, 0x44, 0xff, 0x26, 0xdc, 0x45, 0xff, 0x27, 0xdb, 0x45, 0xff, 0x27, 0xdb, 0x45, 0xff,
    0x26, 0xdc, 0x45, 0xff, 0x26, 0xdc, 0x45, 0xff, 0x27, 0xdc, 0x46, 0xff, 0x27, 0xdc, 0x46, 0xff,
    0x28, 0xdc, 0x46, 0xff, 0x28, 0xdc, 0x47, 0xff, 0x28, 0xdd, 0x48, 0xff, 0x28, 0xdd, 0x48, 0xff,
    0x28, 0xdd, 0x48, 0xff, 0x29, 0xde, 0x4a, 0xff, 0x29, 0xdd, 0x49, 0xff, 0x29, 0xde, 0x49, 0xff,
    0x30, 0xec, 0x53, 0xff, 0x2c, 0xe0, 0x4e, 0xff, 0x25, 0xcf, 0x43, 0xff, 0x25, 0xdb, 0x44, 0xff,
    0x2b, 0xea, 0x4d, 0xff, 0x2d, 0xe2, 0x50, 0xff, 0x2c, 0xe0, 0x4f, 0xff, 0x2d, 0xe1, 0x4f, 0xff,
    0x2d, 0xe1, 0x4f, 0xff, 0x2e, 0xe1, 0x51, 0xff, 0x2d, 0xe1, 0x50, 0xff, 0x2e, 0xe2, 0x51, 0xff,
    0x2d, 0xe2, 0x51, 0xff, 0x2d, 0xe2, 0x51, 0xff, 0x2e, 0xe2, 0x51, 0xff, 0x2d, 0xe2, 0x51, 0xff,
    0x32, 0xe5, 0x59, 0xff, 0x3a, 0xea, 0x65, 0xff, 0x37, 0xec, 0x64, 0xff, 0x3e, 0xe3, 0x64, 0xff,
    0x45, 0x50, 0x43, 0xff, 0x2a, 0x24, 0x27, 0xff, 0x33, 0x30, 0x30, 0xff, 0x39, 0x35, 0x35, 0xff,
    0x3c, 0x38, 0x38, 0xff, 0x3d, 0x39, 0x39, 0xfc, 0x88, 0x81, 0x7f, 0xff, 0xa4, 0x9f, 0x9d, 0x63,
    0x00, 0x00, 0x00, 0x00, 0x7f, 0x7f, 0x7f, 0x04, 0x00, 0x00, 0x00, 0x00, 0x00, 0x00, 0x00, 0x00,
    0x00, 0x00, 0x00, 0x00, 0x00, 0x00, 0x00, 0x00, 0x00, 0x00, 0x00, 0x00, 0x00, 0x00, 0x00, 0x00,
    0x00, 0x00, 0x00, 0x00, 0x00, 0x00, 0x00, 0x00, 0x00, 0x00, 0x00, 0x00, 0x00, 0x00, 0x00, 0x00,
    0x00, 0x00, 0x00, 0x00, 0x00, 0x00, 0x00, 0x00, 0x00, 0x00, 0x00, 0x00, 0x00, 0x00, 0x00, 0x00,
    0x00, 0x00, 0x00, 0x00, 0x00, 0x00, 0x00, 0x00, 0x00, 0x00, 0x00, 0x00, 0x00, 0x00, 0x00, 0x00,
    0x00, 0x00, 0x00, 0x00, 0x00, 0x00, 0x00, 0x00, 0x00, 0x00, 0x00, 0x00, 0x00, 0x00, 0x00, 0x00,
    0xaa, 0xaa, 0xaa, 0x03, 0x00, 0x00, 0x00, 0x00, 0xbc, 0xb6, 0xb6, 0x58, 0x47, 0x47, 0x45, 0xff,
    0x77, 0xb8, 0x79, 0xfc, 0x80, 0xe5, 0x89, 0xff, 0x12, 0x38, 0x1a, 0xff, 0x29, 0x26, 0x2f, 0xff,
    0x22, 0x25, 0x27, 0xff, 0x18, 0x1a, 0x1a, 0xff, 0x1a, 0x1e, 0x1e, 0xff, 0x28, 0x27, 0x2e, 0xff,
    0x17, 0x1d, 0x19, 0xff, 0x38, 0xc1, 0x4e, 0xff, 0x54, 0xef, 0x72, 0xff, 0x4c, 0xe9, 0x6f, 0xff,
    0x38, 0xec, 0x67, 0xff, 0x39, 0xed, 0x69, 0xff, 0x37, 0xeb, 0x66, 0xff, 0x3e, 0xf0, 0x67, 0xff,
    0x22, 0x92, 0x30, 0xff, 0x19, 0xbf, 0x31, 0xff, 0x26, 0xe0, 0x46, 0xff, 0x24, 0xd9, 0x42, 0xff,
    0x25, 0xda, 0x43, 0xff, 0x25, 0xda, 0x44, 0xff, 0x26, 0xdc, 0x46, 0xff, 0x27, 0xdc, 0x46, 0xff,
    0x26, 0xdc, 0x45, 0xff, 0x27, 0xdc, 0x47, 0xff, 0x27, 0xdc, 0x47, 0xff, 0x27, 0xdc, 0x47, 0xff,
    0x27, 0xdc, 0x47, 0xff, 0x27, 0xdc, 0x46, 0xff, 0x27, 0xdc, 0x46, 0xff, 0x27, 0xdc, 0x47, 0xff,
    0x27, 0xdc, 0x46, 0xff, 0x27, 0xdc, 0x46, 0xff, 0x28, 0xdc, 0x47, 0xff, 0x28, 0xdc, 0x47, 0xff,
    0x28, 0xdc, 0x47, 0xff, 0x28, 0xdd, 0x47, 0xff, 0x28, 0xdd, 0x48, 0xff, 0x29, 0xdd, 0x48, 0xff,
    0x29, 0xde, 0x49, 0xff, 0x29, 0xde, 0x4a, 0xff, 0x29, 0xde, 0x4a, 0xff, 0x2a, 0xde, 0x4a, 0xff,
    0x29, 0xdc, 0x49, 0xff, 0x2b, 0xdf, 0x4c, 0xff, 0x2c, 0xe4, 0x4f, 0xff, 0x2c, 0xe1, 0x4e, 0xff,
    0x2c, 0xde, 0x4d, 0xff, 0x2c, 0xe0, 0x4e, 0xff, 0x2c, 0xe1, 0x4f, 0xff, 0x2e, 0xe1, 0x4f, 0xff,
    0x2d, 0xe1, 0x50, 0xff, 0x2d, 0xe1, 0x50, 0xff, 0x2d, 0xe1, 0x51, 0xff, 0x2e, 0xe2, 0x51, 0xff,
    0x2e, 0xe2, 0x51, 0xff, 0x2e, 0xe1, 0x51, 0xff, 0x2e, 0xe2, 0x52, 0xff, 0x2e, 0xe2, 0x52, 0xff,
    0x2e, 0xe3, 0x53, 0xff, 0x38, 0xe9, 0x63, 0xff, 0x38, 0xe7, 0x64, 0xff, 0x39, 0xf6, 0x68, 0xff,
    0x56, 0xa0, 0x63, 0xff, 0x40, 0x2c, 0x38, 0xff, 0x3d, 0x3c, 0x39, 0xff, 0x41, 0x3c, 0x3d, 0xff,
    0x3b, 0x37, 0x37, 0xfe, 0x5d, 0x58, 0x57, 0xff, 0x91, 0x8a, 0x89, 0xeb, 0xc6, 0xc6, 0xc6, 0x12,
    0x00, 0x00, 0x00, 0x00, 0xff, 0xff, 0xff, 0x01, 0x00, 0x00, 0x00, 0x00, 0x00, 0x00, 0x00, 0x00,
    0x00, 0x00, 0x00, 0x00, 0x00, 0x00, 0x00, 0x00, 0x00, 0x00, 0x00, 0x00, 0x00, 0x00, 0x00, 0x00,
    0x00, 0x00, 0x00, 0x00, 0x00, 0x00, 0x00, 0x00, 0x00, 0x00, 0x00, 0x00, 0x00, 0x00, 0x00, 0x00,
    0x00, 0x00, 0x00, 0x00, 0x00, 0x00, 0x00, 0x00, 0x00, 0x00, 0x00, 0x00, 0x00, 0x00, 0x00, 0x00,
    0x00, 0x00, 0x00, 0x00, 0x00, 0x00, 0x00, 0x00, 0x00, 0x00, 0x00, 0x00, 0x00, 0x00, 0x00, 0x00,
    0x00, 0x00, 0x00, 0x00, 0x00, 0x00, 0x00, 0x00, 0x00, 0x00, 0x00, 0x00, 0x7f, 0x7f, 0x7f, 0x02,
    0x00, 0x00, 0x00, 0x02, 0xff, 0xff, 0xff, 0x16, 0x6a, 0x67, 0x66, 0xe8, 0x21, 0x24, 0x21, 0xfe,
    0x6e, 0xbc, 0x74, 0xfd, 0x9a, 0xfb, 0xa0, 0xff, 0x43, 0x94, 0x4d, 0xff, 0x11, 0x1e, 0x16, 0xff,
    0x27, 0x23, 0x2c, 0xff, 0x27, 0x24, 0x2d, 0xff, 0x23, 0x1e, 0x28, 0xff, 0x16, 0x11, 0x18, 0xff,
    0x25, 0x81, 0x35, 0xff, 0x4e, 0xf1, 0x6c, 0xff, 0x54, 0xe6, 0x6e, 0xff, 0x52, 0xe9, 0x71, 0xff,
    0x3a, 0xec, 0x68, 0xff, 0x38, 0xeb, 0x66, 0xff, 0x36, 0xe9, 0x65, 0xff, 0x3d, 0xf1, 0x67, 0xff,
    0x1e, 0x8b, 0x2c, 0xff, 0x19, 0xb9, 0x2f, 0xff, 0x26, 0xe1, 0x46, 0xff, 0x24, 0xda, 0x43, 0xff,
    0x25, 0xdb, 0x44, 0xff, 0x26, 0xdb, 0x45, 0xff, 0x26, 0xdc, 0x46, 0xff, 0x27, 0xdd, 0x46, 0xff,
    0x27, 0xdd, 0x47, 0xff, 0x27, 0xdd, 0x47, 0xff, 0x27, 0xdd, 0x47, 0xff, 0x28, 0xdd, 0x48, 0xff,
    0x28, 0xdd, 0x47, 0xff, 0x27, 0xdc, 0x47, 0xff, 0x28, 0xdd, 0x47, 0xff, 0x27, 0xdd, 0x47, 0xff,
    0x28, 0xdc, 0x47, 0xff, 0x28, 0xdc, 0x47, 0xff, 0x27, 0xdc, 0x47, 0xff, 0x27, 0xdc, 0x47, 0xff,
    0x27, 0xdd, 0x47, 0xff, 0x28, 0xdd, 0x48, 0xff, 0x28, 0xdd, 0x48, 0xff, 0x29, 0xde, 0x49, 0xff,
    0x29, 0xde, 0x4a, 0xff, 0x2a, 0xde, 0x4a, 0xff, 0x2a, 0xdf, 0x4b, 0xff, 0x2a, 0xdf, 0x4b, 0xff,
    0x2b, 0xdf, 0x4c, 0xff, 0x2b, 0xdf, 0x4c, 0xff, 0x2b, 0xdf, 0x4d, 0xff, 0x2b, 0xe0, 0x4d, 0xff,
    0x2c, 0xe0, 0x4e, 0xff, 0x2c, 0xe0, 0x4e, 0xff, 0x2c, 0xe1, 0x4f, 0xff, 0x2d, 0xe1, 0x4f, 0xff,
    0x2c, 0xe1, 0x4f, 0xff, 0x2d, 0xe1, 0x50, 0xff, 0x2d, 0xe1, 0x50, 0xff, 0x2d, 0xe1, 0x50, 0xff,
    0x2d, 0xe2, 0x51, 0xff, 0x2e, 0xe2, 0x51, 0xff, 0x2e, 0xe2, 0x52, 0xff, 0x2e, 0xe2, 0x53, 0xff,
    0x2c, 0xe1, 0x4f, 0xff, 0x34, 0xe7, 0x5c, 0xff, 0x3b, 0xec, 0x67, 0xff, 0x37, 0xed, 0x62, 0xff,
    0x3e, 0xd3, 0x5f, 0xff, 0x42, 0x4c, 0x3f, 0xff, 0x42, 0x3a, 0x3d, 0xff, 0x45, 0x42, 0x41, 0xff,
    0x42, 0x3c, 0x3c, 0xfb, 0x7e, 0x78, 0x76, 0xff, 0x9e, 0x97, 0x96, 0x99, 0x00, 0x00, 0x00, 0x00,
    0x55, 0x55, 0x55, 0x03, 0x00, 0x00, 0x00, 0x00, 0x00, 0x00, 0x00, 0x00, 0x00, 0x00, 0x00, 0x00,
    0x00, 0x00, 0x00, 0x00, 0x00, 0x00, 0x00, 0x00, 0x00, 0x00, 0x00, 0x00, 0x00, 0x00, 0x00, 0x00,
    0x00, 0x00, 0x00, 0x00, 0x00, 0x00, 0x00, 0x00, 0x00, 0x00, 0x00, 0x00, 0x00, 0x00, 0x00, 0x00,
    0x00, 0x00, 0x00, 0x00, 0x00, 0x00, 0x00, 0x00, 0x00, 0x00, 0x00, 0x00, 0x00, 0x00, 0x00, 0x00,
    0x00, 0x00, 0x00, 0x00, 0x00, 0x00, 0x00, 0x00, 0x00, 0x00, 0x00, 0x00, 0x00, 0x00, 0x00, 0x00,
    0x00, 0x00, 0x00, 0x00, 0x00, 0x00, 0x00, 0x00, 0x00, 0x00, 0x00, 0x00, 0x7f, 0x3f, 0x3f, 0x04,
    0x02, 0x02, 0x02, 0x00, 0x8b, 0x88, 0x87, 0xa6, 0x38, 0x37, 0x36, 0xff, 0x25, 0x28, 0x24, 0xfc,
    0x78, 0xc1, 0x7d, 0xff, 0x95, 0xef, 0x9a, 0xff, 0x8e, 0xec, 0x94, 0xff, 0x4f, 0xa0, 0x57, 0xff,
    0x19, 0x55, 0x24, 0xff, 0x1e, 0x40, 0x26, 0xff, 0x22, 0x4f, 0x2b, 0xff, 0x3b, 0xa5, 0x4e, 0xff,
    0x51, 0xf0, 0x6f, 0xff, 0x49, 0xe8, 0x6a, 0xff, 0x50, 0xe8, 0x6e, 0xff, 0x50, 0xe9, 0x70, 0xff,
    0x3c, 0xec, 0x6a, 0xff, 0x37, 0xec, 0x67, 0xff, 0x36, 0xea, 0x65, 0xff, 0x40, 0xf1, 0x69, 0xff,
    0x21, 0x88, 0x2d, 0xff, 0x15, 0xb4, 0x2b, 0xff, 0x25, 0xe0, 0x44, 0xff, 0x24, 0xda, 0x43, 0xff,
    0x25, 0xdc, 0x45, 0xff, 0x26, 0xdc, 0x46, 0xff, 0x27, 0xdc, 0x46, 0xff, 0x27, 0xdd, 0x47, 0xff,
    0x27, 0xdd, 0x48, 0xff, 0x27, 0xdd, 0x47, 0xff, 0x27, 0xdd, 0x48, 0xff, 0x28, 0xdd, 0x48, 0xff,
    0x28, 0xdd, 0x48, 0xff, 0x27, 0xdd, 0x47, 0xff, 0x27, 0xdd, 0x48, 0xff, 0x28, 0xdd, 0x48, 0xff,
    0x28, 0xdd, 0x48, 0xff, 0x27, 0xdd, 0x47, 0xff, 0x28, 0xdd, 0x48, 0xff, 0x27, 0xdd, 0x47, 0xff,
    0x29, 0xdd, 0x48, 0xff, 0x28, 0xdd, 0x48, 0xff, 0x28, 0xde, 0x49, 0xff, 0x28, 0xdd, 0x49, 0xff,
    0x29, 0xde, 0x4a, 0xff, 0x29, 0xdf, 0x4a, 0xff, 0x2a, 0xdf, 0x4b, 0xff, 0x2a, 0xdf, 0x4c, 0xff,
    0x2b, 0xdf, 0x4c, 0xff, 0x2b, 0xe0, 0x4d, 0xff, 0x2b, 0xe0, 0x4d, 0xff, 0x2c, 0xe0, 0x4e, 0xff,
    0x2b, 0xe0, 0x4e, 0xff, 0x2c, 0xe1, 0x4e, 0xff, 0x2c, 0xe1, 0x4f, 0xff, 0x2c, 0xe1, 0x4f, 0xff,
    0x2d, 0xe1, 0x50, 0xff, 0x2d, 0xe2, 0x51, 0xff, 0x2d, 0xe1, 0x50, 0xff, 0x2d, 0xe2, 0x51, 0xff,
    0x2d, 0xe1, 0x50, 0xff, 0x2d, 0xe2, 0x51, 0xff, 0x2e, 0xe1, 0x51, 0xff, 0x2d, 0xe2, 0x51, 0xff,
    0x2e, 0xe5, 0x52, 0xff, 0x2a, 0xdd, 0x4c, 0xff, 0x2c, 0xdc, 0x50, 0xff, 0x2f, 0xe1, 0x52, 0xff,
    0x2e, 0xe4, 0x52, 0xff, 0x34, 0xd4, 0x53, 0xff, 0x46, 0x52, 0x44, 0xff, 0x43, 0x3a, 0x3d, 0xff,
    0x5e, 0x5a, 0x58, 0xfe, 0x90, 0x89, 0x87, 0xfe, 0xaa, 0xa5, 0xa5, 0x39, 0x00, 0x00, 0x00, 0x00,
    0xaa, 0xaa, 0xaa, 0x03, 0x00, 0x00, 0x00, 0x00, 0x00, 0x00, 0x00, 0x00, 0x00, 0x00, 0x00, 0x00,
    0x00, 0x00, 0x00, 0x00, 0x00, 0x00, 0x00, 0x00, 0x00, 0x00, 0x00, 0x00, 0x00, 0x00, 0x00, 0x00,
    0x00, 0x00, 0x00, 0x00, 0x00, 0x00, 0x00, 0x00, 0x00, 0x00, 0x00, 0x00, 0x00, 0x00, 0x00, 0x00,
    0x00, 0x00, 0x00, 0x00, 0x00, 0x00, 0x00, 0x00, 0x00, 0x00, 0x00, 0x00, 0x00, 0x00, 0x00, 0x00,
    0x00, 0x00, 0x00, 0x00, 0x00, 0x00, 0x00, 0x00, 0x00, 0x00, 0x00, 0x00, 0x00, 0x00, 0x00, 0x00,
    0x00, 0x00, 0x00, 0x00, 0x00, 0x00, 0x00, 0x00, 0xaa, 0xaa, 0xaa, 0x03, 0x00, 0x00, 0x00, 0x00,
    0xc0, 0xbc, 0xb9, 0x51, 0x52, 0x50, 0x4f, 0xff, 0x25, 0x24, 0x24, 0xfc, 0x29, 0x2f, 0x28, 0xff,
    0x75, 0xc5, 0x7b, 0xff, 0x8d, 0xed, 0x94, 0xff, 0x94, 0xe5, 0x97, 0xff, 0x93, 0xf1, 0x99, 0xff,
    0x5c, 0xeb, 0x77, 0xff, 0x4d, 0xe2, 0x6c, 0xff, 0x53, 0xf0, 0x75, 0xff, 0x5c, 0xf7, 0x7d, 0xff,
    0x54, 0xe9, 0x73, 0xff, 0x52, 0xe8, 0x70, 0xff, 0x52, 0xe9, 0x71, 0xff, 0x52, 0xe9, 0x71, 0xff,
    0x42, 0xeb, 0x6b, 0xff, 0x37, 0xec, 0x66, 0xff, 0x37, 0xea, 0x66, 0xff, 0x41, 0xf1, 0x69, 0xff,
    0x24, 0x89, 0x30, 0xff, 0x15, 0xb4, 0x2a, 0xff, 0x25, 0xde, 0x42, 0xff, 0x24, 0xd9, 0x43, 0xff,
    0x25, 0xdb, 0x45, 0xff, 0x26, 0xdc, 0x45, 0xff, 0x27, 0xdc, 0x46, 0xff, 0x26, 0xdd, 0x47, 0xff,
    0x27, 0xdd, 0x48, 0xff, 0x27, 0xdd, 0x47, 0xff, 0x27, 0xdd, 0x48, 0xff, 0x28, 0xde, 0x48, 0xff,
    0x28, 0xde, 0x49, 0xff, 0x28, 0xde, 0x49, 0xff, 0x28, 0xde, 0x48, 0xff, 0x28, 0xde, 0x49, 0xff,
    0x28, 0xde, 0x48, 0xff, 0x28, 0xde, 0x49, 0xff, 0x28, 0xdd, 0x48, 0xff, 0x28, 0xdd, 0x48, 0xff,
    0x29, 0xdd, 0x48, 0xff, 0x29, 0xde, 0x49, 0xff, 0x29, 0xde, 0x4a, 0xff, 0x29, 0xde, 0x4a, 0xff,
    0x29, 0xdf, 0x4b, 0xff, 0x29, 0xdf, 0x4b, 0xff, 0x29, 0xdf, 0x4b, 0xff, 0x2a, 0xdf, 0x4b, 0xff,
    0x2a, 0xe0, 0x4c, 0xff, 0x2b, 0xe0, 0x4d, 0xff, 0x2a, 0xe0, 0x4d, 0xff, 0x2a, 0xe0, 0x4d, 0xff,
    0x2b, 0xe1, 0x4e, 0xff, 0x2c, 0xe1, 0x4f, 0xff, 0x2b, 0xe1, 0x4e, 0xff, 0x2c, 0xe1, 0x4f, 0xff,
    0x2d, 0xe2, 0x50, 0xff, 0x2d, 0xe1, 0x50, 0xff, 0x2c, 0xe1, 0x50, 0xff, 0x2d, 0xe2, 0x50, 0xff,
    0x2d, 0xe1, 0x50, 0xff, 0x2d, 0xe1, 0x50, 0xff, 0x2d, 0xe2, 0x50, 0xff, 0x2c, 0xe2, 0x4e, 0xff,
    0x24, 0xcf, 0x3e, 0xff, 0x19, 0xb9, 0x2b, 0xff, 0x26, 0xd5, 0x43, 0xff, 0x2f, 0xe3, 0x52, 0xff,
    0x30, 0xde, 0x50, 0xff, 0x2f, 0xef, 0x54, 0xff, 0x3f, 0xa3, 0x51, 0xff, 0x5f, 0x4d, 0x56, 0xfc,
    0x82, 0x7e, 0x7a, 0xfe, 0x91, 0x8a, 0x89, 0xcc, 0xff, 0xff, 0xff, 0x02, 0x00, 0x00, 0x00, 0x01,
    0x00, 0x00, 0x00, 0x00, 0x00, 0x00, 0x00, 0x00, 0x00, 0x00, 0x00, 0x00, 0x00, 0x00, 0x00, 0x00,
    0x00, 0x00, 0x00, 0x00, 0x00, 0x00, 0x00, 0x00, 0x00, 0x00, 0x00, 0x00, 0x00, 0x00, 0x00, 0x00,
    0x00, 0x00, 0x00, 0x00, 0x00, 0x00, 0x00, 0x00, 0x00, 0x00, 0x00, 0x00, 0x00, 0x00, 0x00, 0x00,
    0x00, 0x00, 0x00, 0x00, 0x00, 0x00, 0x00, 0x00, 0x00, 0x00, 0x00, 0x00, 0x00, 0x00, 0x00, 0x00,
    0x00, 0x00, 0x00, 0x00, 0x00, 0x00, 0x00, 0x00, 0x00, 0x00, 0x00, 0x00, 0x00, 0x00, 0x00, 0x00,
    0x00, 0x00, 0x00, 0x00, 0x7f, 0x7f, 0x7f, 0x02, 0x00, 0x00, 0x00, 0x02, 0xff, 0xff, 0xff, 0x12,
    0x6e, 0x6b, 0x6a, 0xe4, 0x29, 0x2a, 0x28, 0xfe, 0x2c, 0x2b, 0x2b, 0xfd, 0x29, 0x2e, 0x28, 0xff,
    0x77, 0xc9, 0x7d, 0xff, 0x8f, 0xed, 0x95, 0xff, 0x91, 0xe6, 0x95, 0xff, 0x94, 0xe5, 0x97, 0xff,
    0x78, 0xe8, 0x87, 0xff, 0x57, 0xed, 0x78, 0xff, 0x57, 0xe9, 0x76, 0xff, 0x52, 0xe8, 0x73, 0xff,
    0x57, 0xeb, 0x77, 0xff, 0x55, 0xea, 0x75, 0xff, 0x55, 0xea, 0x74, 0xff, 0x53, 0xe9, 0x72, 0xff,
    0x45, 0xeb, 0x6d, 0xff, 0x38, 0xec, 0x67, 0xff, 0x38, 0xeb, 0x67, 0xff, 0x3c, 0xf0, 0x65, 0xff,
    0x1f, 0x89, 0x2c, 0xff, 0x17, 0xb5, 0x2c, 0xff, 0x23, 0xdd, 0x42, 0xff, 0x23, 0xd8, 0x41, 0xff,
    0x25, 0xdb, 0x44, 0xff, 0x26, 0xdc, 0x45, 0xff, 0x27, 0xdd, 0x47, 0xff, 0x26, 0xdd, 0x47, 0xff,
    0x27, 0xdd, 0x47, 0xff, 0x27, 0xde, 0x48, 0xff, 0x27, 0xdd, 0x47, 0xff, 0x27, 0xde, 0x48, 0xff,
    0x28, 0xde, 0x49, 0xff, 0x28, 0xde, 0x48, 0xff, 0x28, 0xde, 0x49, 0xff, 0x27, 0xdd, 0x49, 0xff,
    0x28, 0xde, 0x49, 0xff, 0x28, 0xde, 0x49, 0xff, 0x28, 0xde, 0x49, 0xff, 0x29, 0xde, 0x4a, 0xff,
    0x28, 0xde, 0x49, 0xff, 0x29, 0xde, 0x4a, 0xff, 0x29, 0xdf, 0x4a, 0xff, 0x29, 0xdf, 0x4a, 0xff,
    0x2a, 0xdf, 0x4a, 0xff, 0x29, 0xe0, 0x4b, 0xff, 0x2a, 0xdf, 0x4c, 0xff, 0x2a, 0xe0, 0x4c, 0xff,
    0x2a, 0xe0, 0x4d, 0xff, 0x2b, 0xe0, 0x4d, 0xff, 0x2b, 0xe1, 0x4d, 0xff, 0x2b, 0xe0, 0x4e, 0xff,
    0x2b, 0xe0, 0x4d, 0xff, 0x2b, 0xe0, 0x4e, 0xff, 0x2b, 0xe1, 0x4e, 0xff, 0x2b, 0xe1, 0x4e, 0xff,
    0x2c, 0xe1, 0x4f, 0xff, 0x2c, 0xe1, 0x50, 0xff, 0x2c, 0xe2, 0x4f, 0xff, 0x2c, 0xe0, 0x4f, 0xff,
    0x2c, 0xe1, 0x4f, 0xff, 0x2c, 0xe2, 0x4e, 0xff, 0x24, 0xd6, 0x42, 0xff, 0x19, 0xba, 0x2c, 0xff,
    0x17, 0xb0, 0x25, 0xff, 0x29, 0xd8, 0x47, 0xff, 0x32, 0xe5, 0x55, 0xff, 0x30, 0xe2, 0x51, 0xff,
    0x30, 0xe1, 0x52, 0xff, 0x30, 0xe1, 0x52, 0xff, 0x34, 0xe4, 0x57, 0xff, 0x6e, 0x8b, 0x6e, 0xfc,
    0x8b, 0x7c, 0x80, 0xff, 0x97, 0x97, 0x92, 0x6a, 0x00, 0x00, 0x00, 0x00, 0x7f, 0x7f, 0x7f, 0x04,
    0x00, 0x00, 0x00, 0x00, 0x00, 0x00, 0x00, 0x00, 0x00, 0x00, 0x00, 0x00, 0x00, 0x00, 0x00, 0x00,
    0x00, 0x00, 0x00, 0x00, 0x00, 0x00, 0x00, 0x00, 0x00, 0x00, 0x00, 0x00, 0x00, 0x00, 0x00, 0x00,
    0x00, 0x00, 0x00, 0x00, 0x00, 0x00, 0x00, 0x00, 0x00, 0x00, 0x00, 0x00, 0x00, 0x00, 0x00, 0x00,
    0x00, 0x00, 0x00, 0x00, 0x00, 0x00, 0x00, 0x00, 0x00, 0x00, 0x00, 0x00, 0x00, 0x00, 0x00, 0x00,
    0x00, 0x00, 0x00, 0x00, 0x00, 0x00, 0x00, 0x00, 0x00, 0x00, 0x00, 0x00, 0x00, 0x00, 0x00, 0x00,
    0x00, 0x00, 0x00, 0x00, 0xaa, 0xaa, 0xaa, 0x03, 0x01, 0x01, 0x01, 0x00, 0x90, 0x8d, 0x8b, 0x9d,
    0x3a, 0x39, 0x38, 0xff, 0x29, 0x2a, 0x29, 0xfc, 0x2b, 0x2a, 0x2a, 0xff, 0x29, 0x2f, 0x28, 0xff,
    0x77, 0xcb, 0x7e, 0xff, 0x91, 0xec, 0x96, 0xff, 0x8a, 0xe5, 0x90, 0xff, 0x8f, 0xe7, 0x94, 0xff,
    0x86, 0xe5, 0x8c, 0xff, 0x68, 0xe9, 0x7f, 0xff, 0x56, 0xeb, 0x76, 0xff, 0x58, 0xeb, 0x78, 0xff,
    0x59, 0xeb, 0x79, 0xff, 0x5b, 0xeb, 0x79, 0xff, 0x56, 0xeb, 0x76, 0xff, 0x59, 0xeb, 0x78, 0xff,
    0x4b, 0xeb, 0x71, 0xff, 0x38, 0xec, 0x67, 0xff, 0x38, 0xeb, 0x67, 0xff, 0x3d, 0xee, 0x65, 0xff,
    0x20, 0x87, 0x2c, 0xff, 0x17, 0xb4, 0x2c, 0xff, 0x24, 0xdd, 0x42, 0xff, 0x24, 0xd6, 0x40, 0xff,
    0x25, 0xd9, 0x43, 0xff, 0x26, 0xda, 0x45, 0xff, 0x26, 0xdb, 0x46, 0xff, 0x27, 0xdb, 0x46, 0xff,
    0x27, 0xdb, 0x47, 0xff, 0x28, 0xdc, 0x48, 0xff, 0x28, 0xdc, 0x48, 0xff, 0x27, 0xdc, 0x48, 0xff,
    0x28, 0xdc, 0x48, 0xff, 0x28, 0xdc, 0x48, 0xff, 0x28, 0xdc, 0x48, 0xff, 0x28, 0xdd, 0x49, 0xff,
    0x28, 0xdd, 0x49, 0xff, 0x29, 0xdd, 0x49, 0xff, 0x29, 0xdd, 0x4a, 0xff, 0x29, 0xdd, 0x49, 0xff,
    0x29, 0xdd, 0x49, 0xff, 0x29, 0xdd, 0x4a, 0xff, 0x29, 0xdd, 0x4a, 0xff, 0x29, 0xdd, 0x4a, 0xff,
    0x29, 0xde, 0x4b, 0xff, 0x2a, 0xde, 0x4b, 0xff, 0x2a, 0xde, 0x4b, 0xff, 0x2a, 0xdf, 0x4c, 0xff,
    0x2a, 0xdf, 0x4c, 0xff, 0x2b, 0xdf, 0x4d, 0xff, 0x2b, 0xdf, 0x4d, 0xff, 0x2b, 0xdf, 0x4d, 0xff,
    0x2b, 0xdf, 0x4d, 0xff, 0x2c, 0xe0, 0x4e, 0xff, 0x2b, 0xe0, 0x4e, 0xff, 0x2c, 0xe0, 0x4e, 0xff,
    0x2d, 0xe0, 0x4f, 0xff, 0x2c, 0xe0, 0x4e, 0xff, 0x2c, 0xdf, 0x4e, 0xff, 0x2c, 0xe1, 0x4f, 0xff,
    0x2a, 0xdc, 0x4a, 0xff, 0x1f, 0xc5, 0x35, 0xff, 0x16, 0xaf, 0x24, 0xff, 0x16, 0xb0, 0x25, 0xff,
    0x2b, 0xdb, 0x4b, 0xff, 0x32, 0xe5, 0x55, 0xff, 0x30, 0xe1, 0x52, 0xff, 0x30, 0xe2, 0x52, 0xff,
    0x30, 0xe2, 0x53, 0xff, 0x32, 0xe1, 0x54, 0xff, 0x2c, 0xe9, 0x51, 0xfc, 0x50, 0xca, 0x66, 0xff,
    0x89, 0x80, 0x80, 0xbf, 0xdf, 0xff, 0xff, 0x08, 0x7f, 0x7f, 0x7f, 0x02, 0x00, 0x00, 0x00, 0x01,
    0x00, 0x00, 0x00, 0x00, 0x00, 0x00, 0x00, 0x00, 0x00, 0x00, 0x00, 0x00, 0x00, 0x00, 0x00, 0x00,
    0x00, 0x00, 0x00, 0x00, 0x00, 0x00, 0x00, 0x00, 0x00, 0x00, 0x00, 0x00, 0x00, 0x00, 0x00, 0x00,
    0x00, 0x00, 0x00, 0x00, 0x00, 0x00, 0x00, 0x00, 0x00, 0x00, 0x00, 0x00, 0x00, 0x00, 0x00, 0x00,
    0x00, 0x00, 0x00, 0x00, 0x00, 0x00, 0x00, 0x00, 0x00, 0x00, 0x00, 0x00, 0x00, 0x00, 0x00, 0x00,
    0x00, 0x00, 0x00, 0x00, 0x00, 0x00, 0x00, 0x00, 0x00, 0x00, 0x00, 0x00, 0x00, 0x00, 0x00, 0x00,
    0xaa, 0xaa, 0xaa, 0x03, 0x00, 0x00, 0x00, 0x00, 0xc3, 0xc0, 0xbc, 0x49, 0x55, 0x53, 0x52, 0xff,
    0x26, 0x26, 0x26, 0xfc, 0x2e, 0x2e, 0x2d, 0xfe, 0x29, 0x28, 0x28, 0xff, 0x2a, 0x33, 0x2a, 0xff,
    0x79, 0xd0, 0x7f, 0xff, 0x90, 0xec, 0x96, 0xff, 0x8d, 0xe5, 0x92, 0xff, 0x88, 0xe6, 0x8e, 0xff,
    0x93, 0xe6, 0x96, 0xff, 0x5f, 0xe4, 0x73, 0xff, 0x35, 0xe6, 0x5c, 0xff, 0x41, 0xe7, 0x64, 0xff,
    0x40, 0xe7, 0x63, 0xff, 0x3e, 0xe7, 0x62, 0xff, 0x3f, 0xe7, 0x63, 0xff, 0x40, 0xe7, 0x63, 0xff,
    0x3f, 0xe8, 0x65, 0xff, 0x3a, 0xec, 0x68, 0xff, 0x39, 0xea, 0x69, 0xff, 0x3a, 0xf3, 0x62, 0xff,
    0x1d, 0x8d, 0x2b, 0xff, 0x13, 0xb7, 0x29, 0xff, 0x1e, 0xe1, 0x3d, 0xff, 0x1d, 0xda, 0x3a, 0xff,
    0x1f, 0xdc, 0x3d, 0xff, 0x20, 0xdf, 0x40, 0xff, 0x21, 0xe0, 0x42, 0xff, 0x21, 0xe1, 0x42, 0xff,
    0x21, 0xe1, 0x42, 0xff, 0x22, 0xe1, 0x43, 0xff, 0x22, 0xe1, 0x43, 0xff, 0x22, 0xe1, 0x43, 0xff,
    0x23, 0xe2, 0x45, 0xff, 0x23, 0xe3, 0x45, 0xff, 0x23, 0xe3, 0x46, 0xff, 0x23, 0xe2, 0x46, 0xff,
    0x23, 0xe2, 0x46, 0xff, 0x24, 0xe2, 0x46, 0xff, 0x24, 0xe2, 0x46, 0xff, 0x24, 0xe3, 0x46, 0xff,
    0x24, 0xe3, 0x47, 0xff, 0x24, 0xe3, 0x47, 0xff, 0x25, 0xe3, 0x47, 0xff, 0x25, 0xe3, 0x47, 0xff,
    0x25, 0xe4, 0x48, 0xff, 0x25, 0xe4, 0x48, 0xff, 0x26, 0xe4, 0x49, 0xff, 0x25, 0xe4, 0x49, 0xff,
    0x26, 0xe4, 0x49, 0xff, 0x26, 0xe5, 0x4a, 0xff, 0x25, 0xe4, 0x49, 0xff, 0x26, 0xe4, 0x49, 0xff,
    0x26, 0xe5, 0x4a, 0xff, 0x27, 0xe5, 0x4b, 0xff, 0x27, 0xe5, 0x4a, 0xff, 0x27, 0xe5, 0x4b, 0xff,
    0x27, 0xe5, 0x4b, 0xff, 0x27, 0xe5, 0x4b, 0xff, 0x25, 0xe3, 0x48, 0xff, 0x1e, 0xd4, 0x39, 0xff,
    0x12, 0xb9, 0x24, 0xff, 0x11, 0xb2, 0x21, 0xff, 0x13, 0xa9, 0x20, 0xff, 0x20, 0xc9, 0x39, 0xff,
    0x31, 0xe8, 0x56, 0xff, 0x2f, 0xe0, 0x51, 0xff, 0x2f, 0xe3, 0x53, 0xff, 0x30, 0xe2, 0x52, 0xff,
    0x31, 0xe2, 0x53, 0xff, 0x31, 0xe2, 0x54, 0xff, 0x30, 0xe1, 0x52, 0xfb, 0x39, 0xf3, 0x5d, 0xff,
    0x6b, 0xeb, 0x86, 0x68, 0x00, 0x00, 0x00, 0x00, 0x33, 0x99, 0x66, 0x05, 0x00, 0x00, 0x00, 0x00,
    0x00, 0x00, 0x00, 0x00, 0x00, 0x00, 0x00, 0x00, 0x00, 0x00, 0x00, 0x00, 0x00, 0x00, 0x00, 0x00,
    0x00, 0x00, 0x00, 0x00, 0x00, 0x00, 0x00, 0x00, 0x00, 0x00, 0x00, 0x00, 0x00, 0x00, 0x00, 0x00,
    0x00, 0x00, 0x00, 0x00, 0x00, 0x00, 0x00, 0x00, 0x00, 0x00, 0x00, 0x00, 0x00, 0x00, 0x00, 0x00,
    0x00, 0x00, 0x00, 0x00, 0x00, 0x00, 0x00, 0x00, 0x00, 0x00, 0x00, 0x00, 0x00, 0x00, 0x00, 0x00,
    0x00, 0x00, 0x00, 0x00, 0x00, 0x00, 0x00, 0x00, 0x00, 0x00, 0x00, 0x00, 0xff, 0xff, 0xff, 0x01,
    0x00, 0x00, 0x00, 0x02, 0xff, 0xff, 0xff, 0x0f, 0x70, 0x6d, 0x6b, 0xdf, 0x2b, 0x2b, 0x2b, 0xfe,
    0x2e, 0x2e, 0x2d, 0xfd, 0x2c, 0x2c, 0x2b, 0xff, 0x28, 0x28, 0x27, 0xff, 0x2a, 0x34, 0x2a, 0xff,
    0x80, 0xd4, 0x85, 0xff, 0x93, 0xea, 0x97, 0xff, 0x90, 0xe5, 0x94, 0xff, 0x8b, 0xe6, 0x90, 0xff,
    0x84, 0xe4, 0x8a, 0xff, 0x35, 0xe2, 0x56, 0xff, 0x2c, 0xe4, 0x53, 0xff, 0x2d, 0xe3, 0x54, 0xff,
    0x2d, 0xe4, 0x54, 0xff, 0x2e, 0xe4, 0x54, 0xff, 0x2e, 0xe4, 0x54, 0xff, 0x2e, 0xe4, 0x54, 0xff,
    0x2d, 0xe3, 0x53, 0xff, 0x37, 0xe7, 0x60, 0xff, 0x40, 0xf4, 0x6f, 0xff, 0x2c, 0xbf, 0x4b, 0xff,
    0x10, 0x46, 0x14, 0xff, 0x35, 0x75, 0x3a, 0xff, 0x67, 0x9f, 0x6a, 0xff, 0x60, 0x99, 0x64, 0xff,
    0x5f, 0x98, 0x64, 0xff, 0x5f, 0x98, 0x64, 0xff, 0x5f, 0x98, 0x64, 0xff, 0x5f, 0x99, 0x64, 0xff,
    0x5e, 0x98, 0x63, 0xff, 0x5e, 0x98, 0x63, 0xff, 0x5d, 0x97, 0x63, 0xff, 0x5d, 0x97, 0x62, 0xff,
    0x5c, 0x96, 0x62, 0xff, 0x5d, 0x97, 0x63, 0xff, 0x5c, 0x96, 0x61, 0xff, 0x5c, 0x97, 0x62, 0xff,
    0x5c, 0x96, 0x62, 0xff, 0x5c, 0x96, 0x61, 0xff, 0x5c, 0x96, 0x62, 0xff, 0x5c, 0x97, 0x62, 0xff,
    0x5c, 0x97, 0x62, 0xff, 0x5c, 0x97, 0x62, 0xff, 0x5c, 0x98, 0x63, 0xff, 0x5d, 0x98, 0x63, 0xff,
    0x5e, 0x99, 0x64, 0xff, 0x5e, 0x98, 0x64, 0xff, 0x5f, 0x99, 0x65, 0xff, 0x60, 0x99, 0x65, 0xff,
    0x5f, 0x97, 0x65, 0xff, 0x5f, 0x97, 0x65, 0xff, 0x5f, 0x96, 0x65, 0xff, 0x60, 0x98, 0x66, 0xff,
    0x60, 0x98, 0x65, 0xff, 0x5f, 0x98, 0x65, 0xff, 0x60, 0x99, 0x67, 0xff, 0x60, 0x9a, 0x67, 0xff,
    0x60, 0x9a, 0x67, 0xff, 0x60, 0x99, 0x66, 0xff, 0x5d, 0x95, 0x62, 0xff, 0x5a, 0x8a, 0x59, 0xff,
    0x6a, 0x9b, 0x6a, 0xff, 0x4c, 0x7c, 0x4d, 0xff, 0x0a, 0x74, 0x13, 0xff, 0x20, 0xd1, 0x3b, 0xff,
    0x31, 0xe4, 0x54, 0xff, 0x2e, 0xe1, 0x51, 0xff, 0x31, 0xe2, 0x53, 0xff, 0x31, 0xe3, 0x53, 0xff,
    0x32, 0xe2, 0x54, 0xff, 0x32, 0xe2, 0x54, 0xff, 0x32, 0xe1, 0x53, 0xfc, 0x3b, 0xf4, 0x64, 0xff,
    0x4f, 0xed, 0x76, 0xae, 0x02, 0x00, 0x01, 0x00, 0x00, 0xff, 0x00, 0x02, 0x00, 0x00, 0x00, 0x00,
    0x00, 0x00, 0x00, 0x00, 0x00, 0x00, 0x00, 0x00, 0x00, 0x00, 0x00, 0x00, 0x00, 0x00, 0x00, 0x00,
    0x00, 0x00, 0x00, 0x00, 0x00, 0x00, 0x00, 0x00, 0x00, 0x00, 0x00, 0x00, 0x00, 0x00, 0x00, 0x00,
    0x00, 0x00, 0x00, 0x00, 0x00, 0x00, 0x00, 0x00, 0x00, 0x00, 0x00, 0x00, 0x00, 0x00, 0x00, 0x00,
    0x00, 0x00, 0x00, 0x00, 0x00, 0x00, 0x00, 0x00, 0x00, 0x00, 0x00, 0x00, 0x00, 0x00, 0x00, 0x00,
    0x00, 0x00, 0x00, 0x00, 0x00, 0x00, 0x00, 0x00, 0x00, 0x00, 0x00, 0x00, 0x7f, 0x7f, 0x7f, 0x04,
    0x00, 0x00, 0x00, 0x00, 0x94, 0x8f, 0x8f, 0x95, 0x40, 0x3f, 0x3e, 0xff, 0x2a, 0x2a, 0x29, 0xfc,
    0x2d, 0x2d, 0x2c, 0xff, 0x2b, 0x2c, 0x2a, 0xff, 0x28, 0x27, 0x27, 0xff, 0x2a, 0x36, 0x2a, 0xff,
    0x85, 0xd7, 0x89, 0xff, 0x90, 0xea, 0x95, 0xff, 0x88, 0xe5, 0x8e, 0xff, 0x97, 0xe6, 0x99, 0xff,
    0x61, 0xe2, 0x72, 0xff, 0x2a, 0xe4, 0x51, 0xff, 0x31, 0xe4, 0x56, 0xff, 0x2f, 0xe3, 0x54, 0xff,
    0x30, 0xe4, 0x55, 0xff, 0x30, 0xe3, 0x55, 0xff, 0x31, 0xe4, 0x55, 0xff, 0x30, 0xe3, 0x55, 0xff,
    0x2f, 0xe4, 0x54, 0xff, 0x2f, 0xe1, 0x53, 0xff, 0x3b, 0xf8, 0x68, 0xff, 0x20, 0x8b, 0x36, 0xff,
    0x0c, 0x14, 0x09, 0xff, 0x4e, 0x59, 0x4a, 0xff, 0x8e, 0x7e, 0x84, 0xff, 0x89, 0x7b, 0x80, 0xff,
    0x85, 0x78, 0x7d, 0xff, 0x82, 0x76, 0x7a, 0xff, 0x80, 0x74, 0x78, 0xff, 0x80, 0x73, 0x77, 0xff,
    0x7d, 0x72, 0x76, 0xff, 0x7d, 0x72, 0x75, 0xff, 0x7e, 0x72, 0x75, 0xff, 0x7c, 0x71, 0x74, 0xff,
    0x7a, 0x6f, 0x72, 0xff, 0x7b, 0x6f, 0x72, 0xff, 0x7a, 0x6f, 0x72, 0xff, 0x7a, 0x70, 0x72, 0xff,
    0x7a, 0x70, 0x72, 0xff, 0x7a, 0x6f, 0x72, 0xff, 0x79, 0x6f, 0x71, 0xff, 0x79, 0x6f, 0x71, 0xff,
    0x78, 0x6f, 0x71, 0xff, 0x79, 0x6f, 0x71, 0xff, 0x7a, 0x71, 0x72, 0xff, 0x7a, 0x70, 0x72, 0xff,
    0x7b, 0x71, 0x73, 0xff, 0x7b, 0x72, 0x73, 0xff, 0x7c, 0x71, 0x74, 0xff, 0x7c, 0x71, 0x74, 0xff,
    0x7c, 0x6f, 0x74, 0xff, 0x7d, 0x70, 0x75, 0xff, 0x7d, 0x70, 0x75, 0xff, 0x7d, 0x70, 0x75, 0xff,
    0x7d, 0x71, 0x76, 0xff, 0x7e, 0x72, 0x75, 0xff, 0x7d, 0x71, 0x75, 0xff, 0x7c, 0x72, 0x75, 0xff,
    0x7e, 0x74, 0x76, 0xff, 0x7e, 0x74, 0x76, 0xff, 0x7d, 0x74, 0x75, 0xff, 0x7e, 0x76, 0x77, 0xff,
    0x99, 0x92, 0x91, 0xff, 0x6a, 0x5a, 0x64, 0xff, 0x08, 0x53, 0x0f, 0xff, 0x23, 0xdb, 0x3f, 0xff,
    0x31, 0xe3, 0x55, 0xff, 0x2f, 0xe2, 0x52, 0xff, 0x30, 0xe2, 0x53, 0xff, 0x32, 0xe3, 0x54, 0xff,
    0x32, 0xe3, 0x55, 0xff, 0x33, 0xe3, 0x55, 0xff, 0x3c, 0xe7, 0x62, 0xfe, 0x3a, 0xeb, 0x66, 0xfe,
    0x42, 0xee, 0x6d, 0xfa, 0x85, 0xf2, 0xa5, 0x28, 0x00, 0x00, 0x00, 0x00, 0x7f, 0xff, 0x7f, 0x02,
    0x00, 0x00, 0x00, 0x00, 0x00, 0x00, 0x00, 0x00, 0x00, 0x00, 0x00, 0x00, 0x00, 0x00, 0x00, 0x00,
    0x00, 0x00, 0x00, 0x00, 0x00, 0x00, 0x00, 0x00, 0x00, 0x00, 0x00, 0x00, 0x00, 0x00, 0x00, 0x00,
    0x00, 0x00, 0x00, 0x00, 0x00, 0x00, 0x00, 0x00, 0x00, 0x00, 0x00, 0x00, 0x00, 0x00, 0x00, 0x00,
    0x00, 0x00, 0x00, 0x00, 0x00, 0x00, 0x00, 0x00, 0x00, 0x00, 0x00, 0x00, 0x00, 0x00, 0x00, 0x00,
    0x00, 0x00, 0x00, 0x00, 0x00, 0x00, 0x00, 0x00, 0xaa, 0xaa, 0xaa, 0x03, 0x00, 0x00, 0x00, 0x00,
    0xcf, 0xc8, 0xc8, 0x41, 0x5b, 0x58, 0x57, 0xff, 0x29, 0x28, 0x28, 0xfc, 0x2f, 0x2f, 0x2e, 0xff,
    0x2c, 0x2c, 0x2b, 0xff, 0x2b, 0x2c, 0x2a, 0xff, 0x27, 0x25, 0x26, 0xff, 0x2b, 0x39, 0x2b, 0xff,
    0x82, 0xd9, 0x87, 0xff, 0x91, 0xe9, 0x95, 0xff, 0x8f, 0xe5, 0x93, 0xff, 0x94, 0xe5, 0x95, 0xff,
    0x42, 0xe2, 0x5e, 0xff, 0x2c, 0xe4, 0x53, 0xff, 0x30, 0xe3, 0x55, 0xff, 0x2f, 0xe3, 0x53, 0xff,
    0x2f, 0xe3, 0x53, 0xff, 0x2f, 0xe3, 0x54, 0xff, 0x2f, 0xe3, 0x54, 0xff, 0x2f, 0xe3, 0x54, 0xff,
    0x2f, 0xe3, 0x54, 0xff, 0x2e, 0xe0, 0x52, 0xff, 0x37, 0xf4, 0x60, 0xff, 0x1e, 0x80, 0x31, 0xff,
    0x0f, 0x1a, 0x0d, 0xff, 0x52, 0x66, 0x4f, 0xff, 0x8a, 0x88, 0x82, 0xff, 0x83, 0x83, 0x7d, 0xff,
    0x82, 0x81, 0x7c, 0xff, 0x81, 0x81, 0x7b, 0xff, 0x7e, 0x7f, 0x78, 0xff, 0x7c, 0x7d, 0x76, 0xff,
    0x7c, 0x7d, 0x76, 0xff, 0x7b, 0x7c, 0x75, 0xff, 0x7a, 0x7b, 0x74, 0xff, 0x77, 0x79, 0x72, 0xff,
    0x76, 0x79, 0x71, 0xff, 0x78, 0x7a, 0x72, 0xff, 0x77, 0x7a, 0x72, 0xff, 0x76, 0x78, 0x71, 0xff,
    0x77, 0x7a, 0x72, 0xff, 0x76, 0x79, 0x70, 0xff, 0x76, 0x79, 0x71, 0xff, 0x76, 0x79, 0x70, 0xff,
    0x74, 0x78, 0x6f, 0xff, 0x75, 0x78, 0x6f, 0xff, 0x75, 0x79, 0x70, 0xff, 0x75, 0x79, 0x70, 0xff,
    0x75, 0x79, 0x70, 0xff, 0x76, 0x79, 0x70, 0xff, 0x76, 0x79, 0x71, 0xff, 0x77, 0x78, 0x72, 0xff,
    0x77, 0x78, 0x72, 0xff, 0x78, 0x78, 0x72, 0xff, 0x7a, 0x7a, 0x74, 0xff, 0x7a, 0x7a, 0x74, 0xff,
    0x7a, 0x7b, 0x75, 0xff, 0x7a, 0x7b, 0x75, 0xff, 0x7a, 0x7c, 0x74, 0xff, 0x7a, 0x7c, 0x74, 0xff,
    0x7b, 0x7c, 0x75, 0xff, 0x7a, 0x7c, 0x75, 0xff, 0x79, 0x7c, 0x74, 0xff, 0x78, 0x7a, 0x72, 0xff,
    0x90, 0x94, 0x8a, 0xff, 0x63, 0x5c, 0x5e, 0xff, 0x0b, 0x59, 0x11, 0xff, 0x27, 0xdd, 0x43, 0xff,
    0x32, 0xe4, 0x57, 0xff, 0x31, 0xe3, 0x54, 0xff, 0x33, 0xe4, 0x56, 0xff, 0x33, 0xe3, 0x56, 0xff,
    0x34, 0xe3, 0x56, 0xff, 0x3b, 0xe7, 0x61, 0xff, 0x3b, 0xeb, 0x67, 0xff, 0x38, 0xe9, 0x64, 0xfb,
    0x3c, 0xfa, 0x6b, 0xff, 0x55, 0xee, 0x7b, 0x8c, 0x00, 0x00, 0x00, 0x00, 0x55, 0xff, 0x55, 0x03,
    0x00, 0x00, 0x00, 0x00, 0x00, 0x00, 0x00, 0x00, 0x00, 0x00, 0x00, 0x00, 0x00, 0x00, 0x00, 0x00,
    0x00, 0x00, 0x00, 0x00, 0x00, 0x00, 0x00, 0x00, 0x00, 0x00, 0x00, 0x00, 0x00, 0x00, 0x00, 0x00,
    0x00, 0x00, 0x00, 0x00, 0x00, 0x00, 0x00, 0x00, 0x00, 0x00, 0x00, 0x00, 0x00, 0x00, 0x00, 0x00,
    0x00, 0x00, 0x00, 0x00, 0x00, 0x00, 0x00, 0x00, 0x00, 0x00, 0x00, 0x00, 0x00, 0x00, 0x00, 0x00,
    0x00, 0x00, 0x00, 0x00, 0xff, 0xff, 0xff, 0x01, 0xff, 0xff, 0x00, 0x01, 0xff, 0xff, 0xff, 0x0f,
    0x76, 0x73, 0x71, 0xd9, 0x33, 0x32, 0x31, 0xff, 0x2f, 0x2f, 0x2e, 0xfd, 0x2d, 0x2d, 0x2c, 0xff,
    0x2b, 0x2c, 0x2a, 0xff, 0x2a, 0x2c, 0x2a, 0xff, 0x27, 0x25, 0x26, 0xff, 0x2c, 0x3c, 0x2c, 0xff,
    0x85, 0xdd, 0x8b, 0xff, 0x90, 0xe9, 0x95, 0xff, 0x8d, 0xe6, 0x91, 0xff, 0x72, 0xe3, 0x7d, 0xff,
    0x2b, 0xe3, 0x51, 0xff, 0x30, 0xe4, 0x55, 0xff, 0x2e, 0xe3, 0x53, 0xff, 0x2f, 0xe3, 0x53, 0xff,
    0x2e, 0xe3, 0x53, 0xff, 0x2e, 0xe3, 0x53, 0xff, 0x2e, 0xe3, 0x53, 0xff, 0x2f, 0xe3, 0x53, 0xff,
    0x2f, 0xe3, 0x54, 0xff, 0x2e, 0xe0, 0x53, 0xff, 0x37, 0xf4, 0x60, 0xff, 0x1b, 0x72, 0x2c, 0xff,
    0x11, 0x1b, 0x0f, 0xff, 0x5c, 0x6c, 0x59, 0xff, 0x8e, 0x89, 0x86, 0xff, 0x85, 0x82, 0x7e, 0xff,
    0x84, 0x81, 0x7e, 0xff, 0x84, 0x82, 0x7d, 0xff, 0x82, 0x80, 0x7c, 0xff, 0x81, 0x7f, 0x7a, 0xff,
    0x80, 0x7f, 0x7a, 0xff, 0x7f, 0x7d, 0x78, 0xff, 0x7d, 0x7c, 0x77, 0xff, 0x7b, 0x7a, 0x75, 0xff,
    0x7a, 0x79, 0x74, 0xff, 0x79, 0x78, 0x73, 0xff, 0x7a, 0x79, 0x74, 0xff, 0x78, 0x79, 0x73, 0xff,
    0x78, 0x78, 0x73, 0xff, 0x77, 0x77, 0x71, 0xff, 0x77, 0x78, 0x71, 0xff, 0x77, 0x78, 0x72, 0xff,
    0x77, 0x77, 0x71, 0xff, 0x77, 0x77, 0x71, 0xff, 0x78, 0x79, 0x72, 0xff, 0x77, 0x77, 0x71, 0xff,
    0x78, 0x78, 0x72, 0xff, 0x78, 0x78, 0x72, 0xff, 0x78, 0x78, 0x72, 0xff, 0x79, 0x79, 0x74, 0xff,
    0x7a, 0x78, 0x74, 0xff, 0x7c, 0x79, 0x75, 0xff, 0x7c, 0x79, 0x76, 0xff, 0x7d, 0x7b, 0x77, 0xff,
    0x7e, 0x7c, 0x78, 0xff, 0x7d, 0x7b, 0x77, 0xff, 0x7d, 0x7c, 0x77, 0xff, 0x7e, 0x7d, 0x78, 0xff,
    0x7d, 0x7c, 0x78, 0xff, 0x7d, 0x7c, 0x77, 0xff, 0x7c, 0x7b, 0x76, 0xff, 0x7c, 0x7b, 0x76, 0xff,
    0x93, 0x93, 0x8d, 0xff, 0x66, 0x5b, 0x60, 0xff, 0x0b, 0x59, 0x12, 0xff, 0x28, 0xdf, 0x44, 0xff,
    0x34, 0xe4, 0x59, 0xff, 0x32, 0xe3, 0x56, 0xff, 0x33, 0xe4, 0x57, 0xff, 0x35, 0xe4, 0x58, 0xff,
    0x3b, 0xe8, 0x62, 0xff, 0x3a, 0xeb, 0x66, 0xff, 0x38, 0xea, 0x65, 0xff, 0x39, 0xe9, 0x66, 0xfe,
    0x38, 0xef, 0x65, 0xff, 0x44, 0xeb, 0x6d, 0xe8, 0xbf, 0xff, 0xbf, 0x10, 0x00, 0x00, 0x00, 0x01,
    0xff, 0xff, 0xff, 0x01, 0x00, 0x00, 0x00, 0x00, 0x00, 0x00, 0x00, 0x00, 0x00, 0x00, 0x00, 0x00,
    0x00, 0x00, 0x00, 0x00, 0x00, 0x00, 0x00, 0x00, 0x00, 0x00, 0x00, 0x00, 0x00, 0x00, 0x00, 0x00,
    0x00, 0x00, 0x00, 0x00, 0x00, 0x00, 0x00, 0x00, 0x00, 0x00, 0x00, 0x00, 0x00, 0x00, 0x00, 0x00,
    0x00, 0x00, 0x00, 0x00, 0x00, 0x00, 0x00, 0x00, 0x00, 0x00, 0x00, 0x00, 0x00, 0x00, 0x00, 0x00,
    0x00, 0x00, 0x00, 0x00, 0x7f, 0x7f, 0x7f, 0x04, 0x00, 0x00, 0x00, 0x00, 0xa4, 0xa0, 0x9e, 0x74,
    0x4d, 0x4a, 0x4a, 0xff, 0x2d, 0x2d, 0x2c, 0xfb, 0x2f, 0x2e, 0x2d, 0xff, 0x2c, 0x2c, 0x2b, 0xff,
    0x2b, 0x2b, 0x2a, 0xff, 0x2a, 0x2b, 0x29, 0xff, 0x26, 0x24, 0x25, 0xff, 0x2d, 0x3d, 0x2e, 0xff,
    0x77, 0xda, 0x7e, 0xff, 0x83, 0xe4, 0x88, 0xff, 0x83, 0xe0, 0x87, 0xff, 0x4b, 0xe0, 0x63, 0xff,
    0x2b, 0xe4, 0x52, 0xff, 0x30, 0xe3, 0x54, 0xff, 0x2f, 0xe3, 0x53, 0xff, 0x2f, 0xe3, 0x54, 0xff,
    0x2f, 0xe3, 0x53, 0xff, 0x2f, 0xe3, 0x53, 0xff, 0x2f, 0xe3, 0x54, 0xff, 0x2f, 0xe3, 0x53, 0xff,
    0x2f, 0xe3, 0x53, 0xff, 0x2e, 0xe0, 0x52, 0xff, 0x3a, 0xf4, 0x61, 0xff, 0x19, 0x64, 0x27, 0xff,
    0x16, 0x1e, 0x13, 0xff, 0x63, 0x70, 0x5e, 0xff, 0x90, 0x8b, 0x88, 0xff, 0x87, 0x84, 0x80, 0xff,
    0x88, 0x85, 0x81, 0xff, 0x88, 0x85, 0x81, 0xff, 0x84, 0x82, 0x7e, 0xff, 0x83, 0x80, 0x7c, 0xff,
    0x82, 0x81, 0x7c, 0xff, 0x82, 0x80, 0x7c, 0xff, 0x7f, 0x7d, 0x78, 0xff, 0x7e, 0x7d, 0x78, 0xff,
    0x7b, 0x7a, 0x75, 0xff, 0x7b, 0x7a, 0x75, 0xff, 0x7a, 0x79, 0x74, 0xff, 0x7a, 0x79, 0x74, 0xff,
    0x7a, 0x7a, 0x74, 0xff, 0x78, 0x79, 0x73, 0xff, 0x77, 0x78, 0x71, 0xff, 0x78, 0x78, 0x72, 0xff,
    0x78, 0x79, 0x72, 0xff, 0x78, 0x79, 0x72, 0xff, 0x78, 0x79, 0x72, 0xff, 0x79, 0x79, 0x73, 0xff,
    0x78, 0x78, 0x72, 0xff, 0x78, 0x79, 0x72, 0xff, 0x78, 0x78, 0x73, 0xff, 0x7a, 0x79, 0x74, 0xff,
    0x7b, 0x79, 0x75, 0xff, 0x7c, 0x7a, 0x75, 0xff, 0x7d, 0x7b, 0x77, 0xff, 0x80, 0x7e, 0x7a, 0xff,
    0x7f, 0x7d, 0x79, 0xff, 0x7f, 0x7d, 0x79, 0xff, 0x7f, 0x7d, 0x79, 0xff, 0x80, 0x80, 0x7a, 0xff,
    0x80, 0x7f, 0x7a, 0xff, 0x7f, 0x7f, 0x79, 0xff, 0x80, 0x7f, 0x7a, 0xff, 0x81, 0x80, 0x7a, 0xff,
    0x95, 0x95, 0x8e, 0xff, 0x67, 0x5d, 0x62, 0xff, 0x0c, 0x58, 0x13, 0xff, 0x2c, 0xe0, 0x48, 0xff,
    0x36, 0xe5, 0x5b, 0xff, 0x31, 0xe4, 0x56, 0xff, 0x35, 0xe4, 0x59, 0xff, 0x3c, 0xe8, 0x62, 0xff,
    0x3b, 0xeb, 0x67, 0xff, 0x39, 0xea, 0x65, 0xff, 0x38, 0xea, 0x65, 0xff, 0x38, 0xea, 0x65, 0xff,
    0x38, 0xe9, 0x64, 0xfc, 0x3f, 0xfa, 0x6d, 0xff, 0x61, 0xf0, 0x84, 0x66, 0x00, 0x00, 0x00, 0x00,
    0x3f, 0xbf, 0x7f, 0x04, 0x00, 0x00, 0x00, 0x00, 0x00, 0x00, 0x00, 0x00, 0x00, 0x00, 0x00, 0x00,
    0x00, 0x00, 0x00, 0x00, 0x00, 0x00, 0x00, 0x00, 0x00, 0x00, 0x00, 0x00, 0x00, 0x00, 0x00, 0x00,
    0x00, 0x00, 0x00, 0x00, 0x00, 0x00, 0x00, 0x00, 0x00, 0x00, 0x00, 0x00, 0x00, 0x00, 0x00, 0x00,
    0x00, 0x00, 0x00, 0x00, 0x00, 0x00, 0x00, 0x00, 0x00, 0x00, 0x00, 0x00, 0x00, 0x00, 0x00, 0x00,
    0x00, 0x00, 0x00, 0x00, 0x00, 0x00, 0x00, 0x02, 0x03, 0x03, 0x03, 0x00, 0x7e, 0x7a, 0x79, 0xbd,
    0x39, 0x38, 0x37, 0xfe, 0x31, 0x30, 0x30, 0xfc, 0x2d, 0x2d, 0x2c, 0xff, 0x2c, 0x2c, 0x2b, 0xff,
    0x2b, 0x2b, 0x2a, 0xff, 0x2a, 0x2b, 0x29, 0xff, 0x27, 0x24, 0x25, 0xff, 0x2c, 0x3c, 0x2d, 0xff,
    0x6a, 0xd5, 0x71, 0xff, 0x77, 0xe0, 0x7c, 0xff, 0x79, 0xdb, 0x7c, 0xff, 0x3b, 0xde, 0x56, 0xff,
    0x2d, 0xe4, 0x53, 0xff, 0x30, 0xe3, 0x53, 0xff, 0x2f, 0xe3, 0x53, 0xff, 0x2e, 0xe3, 0x53, 0xff,
    0x2f, 0xe3, 0x53, 0xff, 0x2e, 0xe3, 0x53, 0xff, 0x2f, 0xe3, 0x53, 0xff, 0x2f, 0xe3, 0x53, 0xff,
    0x2f, 0xe3, 0x53, 0xff, 0x2e, 0xe0, 0x51, 0xff, 0x3a, 0xf1, 0x60, 0xff, 0x18, 0x58, 0x24, 0xff,
    0x1f, 0x26, 0x1d, 0xff, 0x6a, 0x73, 0x65, 0xff, 0x8b, 0x85, 0x84, 0xff, 0x85, 0x82, 0x7f, 0xff,
    0x85, 0x81, 0x7f, 0xff, 0x83, 0x7f, 0x7d, 0xff, 0x83, 0x7f, 0x7d, 0xff, 0x82, 0x7d, 0x7b, 0xff,
    0x81, 0x7e, 0x7b, 0xff, 0x81, 0x7d, 0x7a, 0xff, 0x7f, 0x7c, 0x79, 0xff, 0x7d, 0x7a, 0x77, 0xff,
    0x7c, 0x79, 0x76, 0xff, 0x7c, 0x7a, 0x77, 0xff, 0x7b, 0x79, 0x75, 0xff, 0x7b, 0x78, 0x75, 0xff,
    0x7b, 0x78, 0x75, 0xff, 0x7b, 0x79, 0x76, 0xff, 0x7b, 0x78, 0x75, 0xff, 0x7a, 0x79, 0x74, 0xff,
    0x7a, 0x78, 0x74, 0xff, 0x79, 0x78, 0x73, 0xff, 0x7a, 0x78, 0x74, 0xff, 0x7b, 0x79, 0x75, 0xff,
    0x7b, 0x78, 0x74, 0xff, 0x7b, 0x79, 0x75, 0xff, 0x7b, 0x79, 0x75, 0xff, 0x7b, 0x78, 0x75, 0xff,
    0x7d, 0x79, 0x76, 0xff, 0x7d, 0x7a, 0x77, 0xff, 0x7e, 0x7a, 0x78, 0xff, 0x80, 0x7c, 0x79, 0xff,
    0x7f, 0x7b, 0x79, 0xff, 0x80, 0x7b, 0x79, 0xff, 0x82, 0x7e, 0x7b, 0xff, 0x80, 0x7d, 0x7a, 0xff,
    0x82, 0x7f, 0x7b, 0xff, 0x82, 0x7e, 0x7c, 0xff, 0x81, 0x7e, 0x7b, 0xff, 0x81, 0x7e, 0x7b, 0xff,
    0x96, 0x95, 0x8f, 0xff, 0x68, 0x5c, 0x63, 0xff, 0x0c, 0x58, 0x13, 0xff, 0x2d, 0xe7, 0x4e, 0xff,
    0x34, 0xe5, 0x5c, 0xff, 0x32, 0xe5, 0x59, 0xff, 0x37, 0xe7, 0x5d, 0xff, 0x3e, 0xea, 0x67, 0xff,
    0x38, 0xea, 0x65, 0xff, 0x3a, 0xea, 0x66, 0xff, 0x39, 0xea, 0x65, 0xff, 0x39, 0xea, 0x65, 0xff,
    0x39, 0xea, 0x66, 0xfc, 0x38, 0xf4, 0x67, 0xfe, 0x48, 0xec, 0x71, 0xcd, 0xff, 0xff, 0xff, 0x03,
    0x00, 0xff, 0x00, 0x01, 0x00, 0x00, 0x00, 0x00, 0x00, 0x00, 0x00, 0x00, 0x00, 0x00, 0x00, 0x00,
    0x00, 0x00, 0x00, 0x00, 0x00, 0x00, 0x00, 0x00, 0x00, 0x00, 0x00, 0x00, 0x00, 0x00, 0x00, 0x00,
    0x00, 0x00, 0x00, 0x00, 0x00, 0x00, 0x00, 0x00, 0x00, 0x00, 0x00, 0x00, 0x00, 0x00, 0x00, 0x00,
    0x00, 0x00, 0x00, 0x00, 0x00, 0x00, 0x00, 0x00, 0x00, 0x00, 0x00, 0x00, 0x00, 0x00, 0x00, 0x00,
    0xff, 0xff, 0xff, 0x01, 0x7f, 0xff, 0x7f, 0x02, 0xff, 0xff, 0xff, 0x16, 0x63, 0x61, 0x60, 0xef,
    0x31, 0x30, 0x30, 0xff, 0x30, 0x30, 0x30, 0xfe, 0x2d, 0x2c, 0x2c, 0xff, 0x2c, 0x2c, 0x2b, 0xff,
    0x2a, 0x2b, 0x29, 0xff, 0x2a, 0x2b, 0x29, 0xff, 0x26, 0x25, 0x25, 0xff, 0x29, 0x37, 0x2a, 0xff,
    0x6b, 0xd3, 0x72, 0xff, 0x76, 0xdf, 0x7c, 0xff, 0x76, 0xdb, 0x7a, 0xff, 0x3e, 0xde, 0x58, 0xff,
    0x2d, 0xe4, 0x53, 0xff, 0x2f, 0xe2, 0x53, 0xff, 0x2e, 0xe3, 0x53, 0xff, 0x2f, 0xe3, 0x53, 0xff,
    0x2f, 0xe3, 0x53, 0xff, 0x2e, 0xe3, 0x53, 0xff, 0x2e, 0xe3, 0x52, 0xff, 0x2f, 0xe3, 0x53, 0xff,
    0x2f, 0xe3, 0x53, 0xff, 0x2f, 0xe2, 0x53, 0xff, 0x35, 0xec, 0x5b, 0xff, 0x17, 0x4f, 0x21, 0xff,
    0x38, 0x39, 0x35, 0xff, 0x78, 0x75, 0x73, 0xff, 0x7d, 0x76, 0x77, 0xff, 0x7c, 0x76, 0x76, 0xff,
    0x7d, 0x77, 0x77, 0xff, 0x7d, 0x77, 0x77, 0xff, 0x7d, 0x77, 0x77, 0xff, 0x7e, 0x78, 0x77, 0xff,
    0x7e, 0x78, 0x78, 0xff, 0x7e, 0x77, 0x77, 0xff, 0x7d, 0x77, 0x77, 0xff, 0x7d, 0x77, 0x77, 0xff,
    0x7e, 0x78, 0x78, 0xff, 0x7e, 0x78, 0x78, 0xff, 0x7e, 0x78, 0x78, 0xff, 0x7e, 0x77, 0x77, 0xff,
    0x7e, 0x78, 0x77, 0xff, 0x7f, 0x78, 0x78, 0xff, 0x7e, 0x78, 0x78, 0xff, 0x7e, 0x77, 0x78, 0xff,
    0x7f, 0x78, 0x79, 0xff, 0x7e, 0x77, 0x78, 0xff, 0x7e, 0x78, 0x78, 0xff, 0x7f, 0x79, 0x79, 0xff,
    0x80, 0x79, 0x79, 0xff, 0x7f, 0x78, 0x79, 0xff, 0x7e, 0x78, 0x78, 0xff, 0x80, 0x79, 0x79, 0xff,
    0x80, 0x7a, 0x79, 0xff, 0x7f, 0x79, 0x79, 0xff, 0x80, 0x79, 0x79, 0xff, 0x80, 0x79, 0x7a, 0xff,
    0x7f, 0x79, 0x79, 0xff, 0x80, 0x7a, 0x79, 0xff, 0x81, 0x7a, 0x7a, 0xff, 0x81, 0x7a, 0x7a, 0xff,
    0x80, 0x7a, 0x7a, 0xff, 0x81, 0x7b, 0x7a, 0xff, 0x81, 0x7b, 0x7b, 0xff, 0x80, 0x79, 0x79, 0xff,
    0x8e, 0x8a, 0x87, 0xff, 0x78, 0x6b, 0x72, 0xff, 0x13, 0x5b, 0x1a, 0xff, 0x2d, 0xe8, 0x51, 0xff,
    0x34, 0xe6, 0x5c, 0xff, 0x33, 0xe6, 0x5a, 0xff, 0x34, 0xe7, 0x5b, 0xff, 0x3d, 0xe9, 0x65, 0xff,
    0x39, 0xea, 0x65, 0xff, 0x39, 0xea, 0x64, 0xff, 0x39, 0xea, 0x65, 0xff, 0x3a, 0xea, 0x66, 0xff,
    0x39, 0xea, 0x65, 0xff, 0x37, 0xe9, 0x63, 0xfd, 0x3f, 0xf3, 0x6c, 0xff, 0x70, 0xf3, 0x92, 0x42,
    0x00, 0x00, 0x00, 0x01, 0x3f, 0xbf, 0x3f, 0x04, 0x00, 0x00, 0x00, 0x00, 0x00, 0x00, 0x00, 0x00,
    0x00, 0x00, 0x00, 0x00, 0x00, 0x00, 0x00, 0x00, 0x00, 0x00, 0x00, 0x00, 0x00, 0x00, 0x00, 0x00,
    0x00, 0x00, 0x00, 0x00, 0x00, 0x00, 0x00, 0x00, 0x00, 0x00, 0x00, 0x00, 0x00, 0x00, 0x00, 0x00,
    0x00, 0x00, 0x00, 0x00, 0x00, 0x00, 0x00, 0x00, 0x00, 0x00, 0x00, 0x00, 0x00, 0x00, 0x00, 0x00,
    0x7f, 0xaa, 0x7f, 0x06, 0x00, 0x00, 0x00, 0x00, 0xc0, 0xad, 0xb8, 0x45, 0x56, 0x54, 0x53, 0xff,
    0x2e, 0x2d, 0x2d, 0xfc, 0x2f, 0x2f, 0x2e, 0xff, 0x2c, 0x2c, 0x2b, 0xff, 0x2b, 0x2b, 0x2a, 0xff,
    0x2a, 0x2a, 0x29, 0xff, 0x2a, 0x2c, 0x29, 0xff, 0x21, 0x21, 0x21, 0xff, 0x19, 0x27, 0x1a, 0xff,
    0x67, 0xd3, 0x6f, 0xff, 0x7a, 0xdf, 0x7f, 0xff, 0x7d, 0xdb, 0x7e, 0xff, 0x3f, 0xde, 0x59, 0xff,
    0x2c, 0xe4, 0x52, 0xff, 0x30, 0xe2, 0x53, 0xff, 0x2e, 0xe3, 0x52, 0xff, 0x2e, 0xe3, 0x52, 0xff,
    0x2e, 0xe3, 0x53, 0xff, 0x2e, 0xe3, 0x53, 0xff, 0x2f, 0xe3, 0x53, 0xff, 0x2e, 0xe3, 0x53, 0xff,
    0x2e, 0xe2, 0x52, 0xff, 0x2f, 0xe4, 0x54, 0xff, 0x31, 0xe2, 0x53, 0xff, 0x1f, 0x4c, 0x23, 0xff,
    0x47, 0x42, 0x44, 0xff, 0x7f, 0x79, 0x78, 0xff, 0x7b, 0x75, 0x75, 0xff, 0x7c, 0x76, 0x75, 0xff,
    0x7d, 0x77, 0x76, 0xff, 0x7d, 0x77, 0x76, 0xff, 0x7c, 0x76, 0x76, 0xff, 0x7c, 0x76, 0x76, 0xff,
    0x7d, 0x76, 0x76, 0xff, 0x7d, 0x77, 0x77, 0xff, 0x7c, 0x77, 0x76, 0xff, 0x7d, 0x77, 0x76, 0xff,
    0x7c, 0x76, 0x76, 0xff, 0x7d, 0x77, 0x76, 0xff, 0x7d, 0x77, 0x77, 0xff, 0x7d, 0x76, 0x76, 0xff,
    0x7d, 0x77, 0x76, 0xff, 0x7e, 0x78, 0x77, 0xff, 0x7e, 0x78, 0x78, 0xff, 0x7d, 0x77, 0x77, 0xff,
    0x7d, 0x77, 0x77, 0xff, 0x7d, 0x78, 0x77, 0xff, 0x7d, 0x77, 0x76, 0xff, 0x7e, 0x78, 0x78, 0xff,
    0x7e, 0x78, 0x78, 0xff, 0x7e, 0x78, 0x77, 0xff, 0x7e, 0x78, 0x77, 0xff, 0x7e, 0x78, 0x77, 0xff,
    0x7e, 0x79, 0x78, 0xff, 0x7f, 0x79, 0x78, 0xff, 0x7f, 0x79, 0x78, 0xff, 0x80, 0x7a, 0x79, 0xff,
    0x7f, 0x79, 0x79, 0xff, 0x80, 0x7a, 0x7a, 0xff, 0x80, 0x7b, 0x7a, 0xff, 0x81, 0x7b, 0x7a, 0xff,
    0x80, 0x79, 0x79, 0xff, 0x80, 0x7a, 0x7a, 0xff, 0x80, 0x7b, 0x7a, 0xff, 0x81, 0x7a, 0x7a, 0xff,
    0x85, 0x81, 0x7e, 0xff, 0x91, 0x80, 0x88, 0xff, 0x35, 0x7a, 0x3a, 0xff, 0x27, 0xe1, 0x4a, 0xff,
    0x35, 0xe7, 0x5d, 0xff, 0x33, 0xe5, 0x5a, 0xff, 0x33, 0xe5, 0x59, 0xff, 0x37, 0xe7, 0x5f, 0xff,
    0x3b, 0xea, 0x66, 0xff, 0x3a, 0xea, 0x65, 0xff, 0x3a, 0xea, 0x66, 0xff, 0x38, 0xea, 0x65, 0xff,
    0x39, 0xea, 0x64, 0xff, 0x3a, 0xe9, 0x66, 0xfc, 0x3a, 0xf9, 0x69, 0xff, 0x4e, 0xed, 0x75, 0xac,
    0x01, 0x00, 0x00, 0x00, 0x00, 0xff, 0x00, 0x02, 0x00, 0x00, 0x00, 0x00, 0x00, 0x00, 0x00, 0x00,
    0x00, 0x00, 0x00, 0x00, 0x00, 0x00, 0x00, 0x00, 0x00, 0x00, 0x00, 0x00, 0x00, 0x00, 0x00, 0x00,
    0x00, 0x00, 0x00, 0x00, 0x00, 0x00, 0x00, 0x00, 0x00, 0x00, 0x00, 0x00, 0x00, 0x00, 0x00, 0x00,
    0x00, 0x00, 0x00, 0x00, 0x00, 0x00, 0x00, 0x00, 0x00, 0x00, 0x00, 0x00, 0x7f, 0xff, 0x7f, 0x02,
    0x00, 0x00, 0x00, 0x00, 0x92, 0xff, 0xa3, 0x3d, 0x8e, 0xa8, 0x8d, 0xbc, 0x43, 0x3d, 0x40, 0xfd,
    0x30, 0x30, 0x2f, 0xfd, 0x2e, 0x2e, 0x2d, 0xff, 0x2c, 0x2c, 0x2b, 0xff, 0x2b, 0x2b, 0x2a, 0xff,
    0x2a, 0x2b, 0x2a, 0xff, 0x29, 0x2c, 0x28, 0xff, 0x10, 0x10, 0x10, 0xff, 0x0f, 0x25, 0x11, 0xff,
    0x6e, 0xd5, 0x74, 0xff, 0x6f, 0xde, 0x76, 0xff, 0x74, 0xda, 0x78, 0xff, 0x40, 0xdd, 0x59, 0xff,
    0x2c, 0xe4, 0x52, 0xff, 0x2f, 0xe2, 0x52, 0xff, 0x2e, 0xe3, 0x52, 0xff, 0x2e, 0xe3, 0x53, 0xff,
    0x2f, 0xe3, 0x52, 0xff, 0x2f, 0xe2, 0x53, 0xff, 0x2e, 0xe3, 0x52, 0xff, 0x2f, 0xe3, 0x53, 0xff,
    0x2e, 0xe2, 0x53, 0xff, 0x2f, 0xe3, 0x54, 0xff, 0x2d, 0xe1, 0x4f, 0xff, 0x22, 0x4d, 0x26, 0xff,
    0x46, 0x3f, 0x43, 0xff, 0x7c, 0x77, 0x75, 0xff, 0x7a, 0x75, 0x74, 0xff, 0x7b, 0x75, 0x75, 0xff,
    0x7b, 0x75, 0x75, 0xff, 0x7c, 0x76, 0x76, 0xff, 0x7b, 0x76, 0x75, 0xff, 0x7b, 0x75, 0x74, 0xff,
    0x7c, 0x75, 0x75, 0xff, 0x7c, 0x76, 0x76, 0xff, 0x7c, 0x76, 0x76, 0xff, 0x7d, 0x77, 0x76, 0xff,
    0x7b, 0x75, 0x74, 0xff, 0x7c, 0x76, 0x76, 0xff, 0x7d, 0x77, 0x77, 0xff, 0x7d, 0x77, 0x77, 0xff,
    0x7d, 0x76, 0x76, 0xff, 0x7d, 0x76, 0x76, 0xff, 0x7e, 0x78, 0x77, 0xff, 0x7d, 0x76, 0x76, 0xff,
    0x7d, 0x77, 0x77, 0xff, 0x84, 0x7e, 0x7d, 0xff, 0x82, 0x7c, 0x7c, 0xff, 0x81, 0x7b, 0x7b, 0xff,
    0x7f, 0x79, 0x79, 0xff, 0x7f, 0x79, 0x79, 0xff, 0x84, 0x7e, 0x7d, 0xff, 0x84, 0x7d, 0x7d, 0xff,
    0x82, 0x7c, 0x7b, 0xff, 0x81, 0x7a, 0x7a, 0xff, 0x7f, 0x79, 0x79, 0xff, 0x7f, 0x79, 0x78, 0xff,
    0x7f, 0x79, 0x78, 0xff, 0x7f, 0x79, 0x79, 0xff, 0x80, 0x7a, 0x7a, 0xff, 0x7f, 0x79, 0x79, 0xff,
    0x80, 0x79, 0x79, 0xff, 0x7f, 0x7a, 0x79, 0xff, 0x80, 0x7a, 0x7a, 0xff, 0x80, 0x79, 0x79, 0xff,
    0x83, 0x7f, 0x7d, 0xff, 0x90, 0x80, 0x88, 0xff, 0x3c, 0x7f, 0x40, 0xff, 0x26, 0xe0, 0x49, 0xff,
    0x35, 0xe7, 0x5c, 0xff, 0x33, 0xe5, 0x5a, 0xff, 0x32, 0xe5, 0x58, 0xff, 0x34, 0xe6, 0x5b, 0xff,
    0x3a, 0xe9, 0x65, 0xff, 0x39, 0xea, 0x65, 0xff, 0x38, 0xea, 0x65, 0xff, 0x38, 0xea, 0x64, 0xff,
    0x3a, 0xea, 0x66, 0xff, 0x3a, 0xea, 0x66, 0xfe, 0x37, 0xeb, 0x64, 0xfe, 0x41, 0xee, 0x6b, 0xf7,
    0x86, 0xf1, 0xa1, 0x26, 0x00, 0x00, 0x00, 0x00, 0x7f, 0xff, 0x7f, 0x02, 0x00, 0x00, 0x00, 0x00,
    0x00, 0x00, 0x00, 0x00, 0x00, 0x00, 0x00, 0x00, 0x00, 0x00, 0x00, 0x00, 0x00, 0x00, 0x00, 0x00,
    0x00, 0x00, 0x00, 0x00, 0x00, 0x00, 0x00, 0x00, 0x00, 0x00, 0x00, 0x00, 0x00, 0x00, 0x00, 0x00,
    0x00, 0x00, 0x00, 0x00, 0x00, 0x00, 0x00, 0x00, 0x7f, 0xff, 0x7f, 0x02, 0x00, 0x00, 0x00, 0x00,
    0xa0, 0xf8, 0xb2, 0x49, 0x7d, 0xf0, 0x89, 0xfa, 0x6c, 0x89, 0x6a, 0xff, 0x37, 0x2f, 0x34, 0xfe,
    0x31, 0x32, 0x30, 0xff, 0x2d, 0x2d, 0x2c, 0xff, 0x2c, 0x2c, 0x2b, 0xff, 0x2b, 0x2b, 0x2a, 0xff,
    0x2b, 0x2c, 0x2a, 0xff, 0x1d, 0x20, 0x1c, 0xff, 0x01, 0x01, 0x01, 0xff, 0x0d, 0x36, 0x10, 0xff,
    0x6b, 0xd7, 0x72, 0xff, 0x6e, 0xdd, 0x75, 0xff, 0x76, 0xda, 0x79, 0xff, 0x40, 0xdd, 0x59, 0xff,
    0x2b, 0xe4, 0x51, 0xff, 0x2e, 0xe3, 0x53, 0xff, 0x2f, 0xe3, 0x53, 0xff, 0x2f, 0xe3, 0x52, 0xff,
    0x2f, 0xe3, 0x53, 0xff, 0x2e, 0xe3, 0x52, 0xff, 0x2e, 0xe3, 0x52, 0xff, 0x2f, 0xe3, 0x53, 0xff,
    0x2f, 0xe2, 0x53, 0xff, 0x30, 0xe4, 0x54, 0xff, 0x2e, 0xe1, 0x50, 0xff, 0x21, 0x4b, 0x25, 0xff,
    0x46, 0x3f, 0x42, 0xff, 0x7c, 0x78, 0x76, 0xff, 0x7a, 0x74, 0x74, 0xff, 0x7a, 0x74, 0x74, 0xff,
    0x7b, 0x75, 0x75, 0xff, 0x7b, 0x75, 0x75, 0xff, 0x7b, 0x75, 0x75, 0xff, 0x7b, 0x75, 0x75, 0xff,
    0x7c, 0x76, 0x76, 0xff, 0x7c, 0x77, 0x76, 0xff, 0x7c, 0x76, 0x76, 0xff, 0x7c, 0x76, 0x76, 0xff,
    0x7c, 0x76, 0x76, 0xff, 0x7c, 0x76, 0x76, 0xff, 0x7c, 0x76, 0x76, 0xff, 0x7d, 0x77, 0x76, 0xff,
    0x7d, 0x76, 0x76, 0xff, 0x7d, 0x77, 0x77, 0xff, 0x7c, 0x76, 0x76, 0xff, 0x80, 0x7a, 0x79, 0xff,
    0x77, 0x71, 0x70, 0xff, 0x5e, 0x59, 0x59, 0xff, 0x64, 0x5f, 0x5e, 0xff, 0x6a, 0x65, 0x65, 0xff,
    0x7a, 0x75, 0x74, 0xff, 0x7a, 0x74, 0x74, 0xff, 0x5f, 0x5a, 0x5a, 0xff, 0x64, 0x5f, 0x5e, 0xff,
    0x6a, 0x66, 0x65, 0xff, 0x76, 0x71, 0x71, 0xff, 0x80, 0x7a, 0x7a, 0xff, 0x7e, 0x78, 0x78, 0xff,
    0x7e, 0x78, 0x78, 0xff, 0x7f, 0x79, 0x78, 0xff, 0x80, 0x79, 0x79, 0xff, 0x7f, 0x79, 0x79, 0xff,
    0x80, 0x7a, 0x79, 0xff, 0x81, 0x7a, 0x7a, 0xff, 0x80, 0x7a, 0x79, 0xff, 0x7f, 0x79, 0x79, 0xff,
    0x83, 0x7f, 0x7d, 0xff, 0x8e, 0x7e, 0x86, 0xff, 0x38, 0x7b, 0x3c, 0xff, 0x26, 0xe0, 0x49, 0xff,
    0x35, 0xe6, 0x5c, 0xff, 0x33, 0xe5, 0x59, 0xff, 0x33, 0xe5, 0x58, 0xff, 0x34, 0xe6, 0x5a, 0xff,
    0x39, 0xe8, 0x61, 0xff, 0x3a, 0xea, 0x66, 0xff, 0x39, 0xea, 0x65, 0xff, 0x39, 0xea, 0x65, 0xff,
    0x39, 0xea, 0x65, 0xff, 0x39, 0xea, 0x64, 0xff, 0x37, 0xea, 0x64, 0xfb, 0x3e, 0xfa, 0x6d, 0xff,
    0x55, 0xed, 0x7a, 0x75, 0x00, 0x00, 0x00, 0x00, 0x3f, 0xff, 0x7f, 0x04, 0x00, 0x00, 0x00, 0x00,
    0x00, 0x00, 0x00, 0x00, 0x00, 0x00, 0x00, 0x00, 0x00, 0x00, 0x00, 0x00, 0x00, 0x00, 0x00, 0x00,
    0x00, 0x00, 0x00, 0x00, 0x00, 0x00, 0x00, 0x00, 0x00, 0x00, 0x00, 0x00, 0x00, 0x00, 0x00, 0x00,
    0x00, 0x00, 0x00, 0x00, 0x7f, 0x7f, 0x7f, 0x02, 0x00, 0x00, 0x00, 0x00, 0xb7, 0xf7, 0xc7, 0x20,
    0x7c, 0xeb, 0x8c, 0xf5, 0x47, 0xb6, 0x4e, 0xff, 0x5b, 0x58, 0x56, 0xfb, 0x35, 0x34, 0x33, 0xff,
    0x31, 0x30, 0x2f, 0xff, 0x2d, 0x2c, 0x2c, 0xff, 0x2c, 0x2b, 0x2b, 0xff, 0x2b, 0x2b, 0x2a, 0xff,
    0x2a, 0x2b, 0x29, 0xff, 0x10, 0x13, 0x10, 0xff, 0x00, 0x00, 0x00, 0xff, 0x0c, 0x21, 0x0e, 0xff,
    0x68, 0xd3, 0x70, 0xff, 0x73, 0xde, 0x7a, 0xff, 0x6e, 0xda, 0x74, 0xff, 0x3b, 0xdc, 0x55, 0xff,
    0x2c, 0xe3, 0x52, 0xff, 0x2f, 0xe2, 0x53, 0xff, 0x2f, 0xe3, 0x53, 0xff, 0x2f, 0xe2, 0x52, 0xff,
    0x2e, 0xe3, 0x53, 0xff, 0x2e, 0xe3, 0x53, 0xff, 0x2f, 0xe3, 0x53, 0xff, 0x2f, 0xe3, 0x52, 0xff,
    0x2e, 0xe2, 0x52, 0xff, 0x2f, 0xe4, 0x54, 0xff, 0x2c, 0xe1, 0x4f, 0xff, 0x21, 0x4c, 0x25, 0xff,
    0x48, 0x41, 0x45, 0xff, 0x7e, 0x79, 0x77, 0xff, 0x7a, 0x74, 0x74, 0xff, 0x7b, 0x75, 0x74, 0xff,
    0x7b, 0x75, 0x75, 0xff, 0x7b, 0x75, 0x75, 0xff, 0x7b, 0x75, 0x74, 0xff, 0x7c, 0x76, 0x75, 0xff,
    0x7b, 0x75, 0x75, 0xff, 0x7b, 0x75, 0x74, 0xff, 0x7b, 0x75, 0x74, 0xff, 0x7b, 0x75, 0x75, 0xff,
    0x7c, 0x76, 0x76, 0xff, 0x7b, 0x75, 0x75, 0xff, 0x7d, 0x77, 0x76, 0xff, 0x7c, 0x76, 0x76, 0xff,
    0x7c, 0x76, 0x75, 0xff, 0x7c, 0x76, 0x76, 0xff, 0x7e, 0x78, 0x77, 0xff, 0x7c, 0x76, 0x75, 0xff,
    0x71, 0x6d, 0x6d, 0xff, 0xa4, 0xa2, 0xa2, 0xff, 0x96, 0x93, 0x94, 0xff, 0x46, 0x42, 0x42, 0xff,
    0x78, 0x72, 0x71, 0xff, 0x71, 0x6d, 0x6c, 0xff, 0xa0, 0x9d, 0x9d, 0xff, 0x9c, 0x99, 0x99, 0xff,
    0x46, 0x43, 0x43, 0xff, 0x71, 0x6c, 0x6c, 0xff, 0x82, 0x7b, 0x7a, 0xff, 0x7e, 0x78, 0x78, 0xff,
    0x7e, 0x78, 0x78, 0xff, 0x7e, 0x78, 0x78, 0xff, 0x7f, 0x78, 0x78, 0xff, 0x80, 0x79, 0x79, 0xff,
    0x7f, 0x78, 0x78, 0xff, 0x7f, 0x79, 0x78, 0xff, 0x80, 0x79, 0x79, 0xff, 0x7f, 0x79, 0x79, 0xff,
    0x82, 0x7e, 0x7c, 0xff, 0x8f, 0x7f, 0x87, 0xff, 0x3c, 0x80, 0x40, 0xff, 0x24, 0xdf, 0x47, 0xff,
    0x34, 0xe6, 0x5b, 0xff, 0x32, 0xe5, 0x58, 0xff, 0x34, 0xe5, 0x59, 0xff, 0x33, 0xe5, 0x59, 0xff,
    0x35, 0xe6, 0x5c, 0xff, 0x3b, 0xea, 0x65, 0xff, 0x39, 0xea, 0x65, 0xff, 0x39, 0xea, 0x65, 0xff,
    0x39, 0xea, 0x64, 0xff, 0x39, 0xea, 0x65, 0xff, 0x38, 0xea, 0x63, 0xfb, 0x3c, 0xf9, 0x6b, 0xff,
    0x49, 0xed, 0x73, 0x80, 0x00, 0x00, 0x00, 0x00, 0x3f, 0xff, 0x7f, 0x04, 0x00, 0x00, 0x00, 0x00,
    0x00, 0x00, 0x00, 0x00, 0x00, 0x00, 0x00, 0x00, 0x00, 0x00, 0x00, 0x00, 0x00, 0x00, 0x00, 0x00,
    0x00, 0x00, 0x00, 0x00, 0x00, 0x00, 0x00, 0x00, 0x00, 0x00, 0x00, 0x00, 0x00, 0x00, 0x00, 0x00,
    0x00, 0x00, 0x00, 0x00, 0xaa, 0xff, 0xaa, 0x03, 0x00, 0x00, 0x00, 0x00, 0xba, 0xff, 0xc6, 0x3f,
    0x3e, 0xc7, 0x4c, 0xff, 0x3d, 0x88, 0x3f, 0xfd, 0x57, 0x4b, 0x52, 0xff, 0x33, 0x35, 0x32, 0xff,
    0x2f, 0x2f, 0x2e, 0xff, 0x2c, 0x2c, 0x2b, 0xff, 0x2c, 0x2c, 0x2b, 0xff, 0x2b, 0x2b, 0x2a, 0xff,
    0x26, 0x28, 0x26, 0xff, 0x0a, 0x0c, 0x0a, 0xff, 0x00, 0x01, 0x00, 0xff, 0x09, 0x1c, 0x0b, 0xff,
    0x64, 0xd0, 0x6c, 0xff, 0x74, 0xdf, 0x7b, 0xff, 0x6e, 0xd9, 0x73, 0xff, 0x3b, 0xdc, 0x55, 0xff,
    0x2c, 0xe4, 0x52, 0xff, 0x2f, 0xe2, 0x53, 0xff, 0x2e, 0xe3, 0x52, 0xff, 0x2e, 0xe3, 0x53, 0xff,
    0x2f, 0xe2, 0x52, 0xff, 0x2e, 0xe3, 0x53, 0xff, 0x2e, 0xe3, 0x52, 0xff, 0x2e, 0xe3, 0x52, 0xff,
    0x2e, 0xe2, 0x52, 0xff, 0x2f, 0xe4, 0x54, 0xff, 0x30, 0xe1, 0x51, 0xff, 0x25, 0x4f, 0x28, 0xff,
    0x53, 0x4b, 0x4f, 0xff, 0x7e, 0x7a, 0x79, 0xff, 0x7a, 0x74, 0x73, 0xff, 0x7b, 0x75, 0x74, 0xff,
    0x7a, 0x74, 0x74, 0xff, 0x7a, 0x74, 0x74, 0xff, 0x7b, 0x75, 0x75, 0xff, 0x7b, 0x75, 0x75, 0xff,
    0x7b, 0x75, 0x74, 0xff, 0x7b, 0x75, 0x74, 0xff, 0x7b, 0x75, 0x75, 0xff, 0x7b, 0x75, 0x74, 0xff,
    0x7b, 0x75, 0x75, 0xff, 0x7b, 0x75, 0x75, 0xff, 0x7c, 0x76, 0x75, 0xff, 0x7c, 0x76, 0x76, 0xff,
    0x7c, 0x76, 0x76, 0xff, 0x7b, 0x75, 0x74, 0xff, 0x83, 0x7d, 0x7c, 0xff, 0x67, 0x62, 0x61, 0xff,
    0xb9, 0xb6, 0xb6, 0xff, 0xff, 0xff, 0xff, 0xff, 0x87, 0x84, 0x84, 0xff, 0x65, 0x60, 0x5f, 0xff,
    0x6f, 0x69, 0x69, 0xff, 0xb1, 0xaf, 0xaf, 0xff, 0xff, 0xff, 0xff, 0xff, 0x98, 0x95, 0x95, 0xff,
    0x58, 0x52, 0x52, 0xff, 0x84, 0x7e, 0x7d, 0xff, 0x7d, 0x77, 0x77, 0xff, 0x7e, 0x78, 0x78, 0xff,
    0x7e, 0x78, 0x78, 0xff, 0x7e, 0x78, 0x77, 0xff, 0x7f, 0x78, 0x78, 0xff, 0x7f, 0x78, 0x78, 0xff,
    0x7f, 0x78, 0x78, 0xff, 0x7f, 0x79, 0x79, 0xff, 0x7f, 0x79, 0x78, 0xff, 0x7e, 0x78, 0x78, 0xff,
    0x80, 0x7b, 0x79, 0xff, 0x92, 0x82, 0x8a, 0xff, 0x4a, 0x8c, 0x4d, 0xff, 0x24, 0xde, 0x47, 0xff,
    0x35, 0xe6, 0x5b, 0xff, 0x33, 0xe5, 0x58, 0xff, 0x33, 0xe5, 0x59, 0xff, 0x33, 0xe5, 0x59, 0xff,
    0x32, 0xe6, 0x59, 0xff, 0x3a, 0xe8, 0x62, 0xff, 0x39, 0xea, 0x64, 0xff, 0x39, 0xeb, 0x65, 0xff,
    0x39, 0xea, 0x66, 0xff, 0x39, 0xea, 0x65, 0xff, 0x39, 0xe9, 0x65, 0xfb, 0x3d, 0xfa, 0x6c, 0xff,
    0x49, 0xed, 0x72, 0x81, 0x00, 0x00, 0x00, 0x00, 0x3f, 0xff, 0x7f, 0x04, 0x00, 0x00, 0x00, 0x00,
    0x00, 0x00, 0x00, 0x00, 0x00, 0x00, 0x00, 0x00, 0x00, 0x00, 0x00, 0x00, 0x00, 0x00, 0x00, 0x00,
    0x00, 0x00, 0x00, 0x00, 0x00, 0x00, 0x00, 0x00, 0x00, 0x00, 0x00, 0x00, 0x00, 0x00, 0x00, 0x00,
    0x00, 0x00, 0x00, 0x00, 0xaa, 0xff, 0xaa, 0x03, 0x00, 0x00, 0x00, 0x00, 0x9c, 0xef, 0xa3, 0x43,
    0x29, 0xae, 0x33, 0xfc, 0x57, 0x7a, 0x55, 0xfd, 0x49, 0x3f, 0x46, 0xff, 0x36, 0x36, 0x35, 0xff,
    0x2e, 0x2e, 0x2d, 0xff, 0x2d, 0x2c, 0x2c, 0xff, 0x2b, 0x2b, 0x2a, 0xff, 0x2c, 0x2c, 0x2b, 0xff,
    0x20, 0x23, 0x20, 0xff, 0x04, 0x07, 0x05, 0xff, 0x00, 0x03, 0x00, 0xff, 0x05, 0x10, 0x06, 0xff,
    0x5d, 0xc2, 0x65, 0xff, 0x78, 0xe2, 0x7e, 0xff, 0x70, 0xd9, 0x75, 0xff, 0x3d, 0xde, 0x57, 0xff,
    0x2c, 0xe4, 0x52, 0xff, 0x30, 0xe3, 0x54, 0xff, 0x2f, 0xe3, 0x53, 0xff, 0x2e, 0xe3, 0x52, 0xff,
    0x2e, 0xe2, 0x52, 0xff, 0x2e, 0xe2, 0x52, 0xff, 0x2e, 0xe3, 0x52, 0xff, 0x2e, 0xe2, 0x52, 0xff,
    0x2e, 0xe2, 0x52, 0xff, 0x30, 0xe5, 0x55, 0xff, 0x2f, 0xda, 0x4e, 0xff, 0x28, 0x46, 0x2a, 0xff,
    0x60, 0x59, 0x5b, 0xff, 0x7e, 0x79, 0x78, 0xff, 0x79, 0x73, 0x73, 0xff, 0x7b, 0x75, 0x74, 0xff,
    0x7a, 0x74, 0x74, 0xff, 0x7a, 0x75, 0x74, 0xff, 0x7b, 0x75, 0x75, 0xff, 0x7b, 0x75, 0x74, 0xff,
    0x7b, 0x75, 0x74, 0xff, 0x7b, 0x74, 0x74, 0xff, 0x7b, 0x75, 0x75, 0xff, 0x7b, 0x75, 0x75, 0xff,
    0x7b, 0x75, 0x75, 0xff, 0x7b, 0x75, 0x75, 0xff, 0x7b, 0x75, 0x75, 0xff, 0x7b, 0x75, 0x75, 0xff,
    0x7b, 0x75, 0x75, 0xff, 0x80, 0x7b, 0x7a, 0xff, 0x70, 0x6a, 0x69, 0xff, 0x8e, 0x8b, 0x8b, 0xff,
    0xf7, 0xf5, 0xf5, 0xff, 0xb1, 0xae, 0xae, 0xff, 0x4f, 0x4a, 0x4a, 0xff, 0x76, 0x70, 0x6f, 0xff,
    0x8b, 0x88, 0x87, 0xff, 0xf4, 0xf2, 0xf2, 0xff, 0xc0, 0xbd, 0xbd, 0xff, 0x48, 0x45, 0x44, 0xff,
    0x7f, 0x78, 0x78, 0xff, 0x7e, 0x77, 0x77, 0xff, 0x7e, 0x77, 0x77, 0xff, 0x7e, 0x78, 0x77, 0xff,
    0x7e, 0x78, 0x77, 0xff, 0x7e, 0x78, 0x78, 0xff, 0x7e, 0x78, 0x77, 0xff, 0x7f, 0x79, 0x78, 0xff,
    0x7f, 0x79, 0x78, 0xff, 0x7f, 0x79, 0x78, 0xff, 0x7f, 0x79, 0x79, 0xff, 0x7f, 0x79, 0x78, 0xff,
    0x7e, 0x7a, 0x78, 0xff, 0x91, 0x82, 0x88, 0xff, 0x59, 0x8c, 0x59, 0xff, 0x24, 0xdc, 0x45, 0xff,
    0x35, 0xe7, 0x5c, 0xff, 0x32, 0xe4, 0x57, 0xff, 0x32, 0xe5, 0x58, 0xff, 0x32, 0xe5, 0x58, 0xff,
    0x33, 0xe5, 0x59, 0xff, 0x37, 0xe7, 0x5e, 0xff, 0x3b, 0xea, 0x66, 0xff, 0x37, 0xea, 0x64, 0xff,
    0x3a, 0xea, 0x66, 0xff, 0x3a, 0xea, 0x65, 0xff, 0x38, 0xea, 0x65, 0xfb, 0x3e, 0xfa, 0x6c, 0xff,
    0x48, 0xeb, 0x72, 0x83, 0x00, 0x00, 0x00, 0x00, 0x3f, 0xff, 0x7f, 0x04, 0x00, 0x00, 0x00, 0x00,
    0x00, 0x00, 0x00, 0x00, 0x00, 0x00, 0x00, 0x00, 0x00, 0x00, 0x00, 0x00, 0x00, 0x00, 0x00, 0x00,
    0x00, 0x00, 0x00, 0x00, 0x00, 0x00, 0x00, 0x00, 0x00, 0x00, 0x00, 0x00, 0x00, 0x00, 0x00, 0x00,
    0x00, 0x00, 0x00, 0x00, 0xaa, 0xff, 0xaa, 0x03, 0x00, 0x00, 0x00, 0x00, 0x84, 0xe6, 0x8f, 0x49,
    0x3a, 0xb7, 0x43, 0xff, 0x5c, 0x65, 0x58, 0xfd, 0x40, 0x3b, 0x3d, 0xff, 0x37, 0x37, 0x36, 0xff,
    0x2e, 0x2d, 0x2d, 0xff, 0x2c, 0x2c, 0x2c, 0xff, 0x2b, 0x2b, 0x2a, 0xff, 0x2c, 0x2c, 0x2b, 0xff,
    0x1a, 0x1c, 0x1a, 0xff, 0x02, 0x05, 0x02, 0xff, 0x02, 0x06, 0x02, 0xfe, 0x01, 0x09, 0x02, 0xfc,
    0x58, 0xb6, 0x5f, 0xfd, 0x76, 0xe4, 0x7c, 0xff, 0x70, 0xd8, 0x75, 0xff, 0x3f, 0xdd, 0x59, 0xff,
    0x2c, 0xe4, 0x52, 0xff, 0x2f, 0xe2, 0x52, 0xff, 0x2e, 0xe3, 0x52, 0xff, 0x2e, 0xe3, 0x52, 0xff,
    0x2f, 0xe3, 0x53, 0xff, 0x2e, 0xe3, 0x52, 0xff, 0x2f, 0xe3, 0x53, 0xff, 0x2e, 0xe2, 0x52, 0xff,
    0x2e, 0xe1, 0x52, 0xff, 0x30, 0xea, 0x56, 0xff, 0x2c, 0xc4, 0x47, 0xff, 0x2e, 0x38, 0x2c, 0xff,
    0x6b, 0x66, 0x66, 0xff, 0x7d, 0x78, 0x77, 0xff, 0x7a, 0x74, 0x73, 0xff, 0x7b, 0x75, 0x75, 0xff,
    0x7b, 0x75, 0x75, 0xff, 0x7b, 0x75, 0x75, 0xff, 0x7b, 0x75, 0x75, 0xff, 0x7a, 0x74, 0x74, 0xff,
    0x7b, 0x75, 0x75, 0xff, 0x7b, 0x75, 0x74, 0xff, 0x7a, 0x74, 0x74, 0xff, 0x7c, 0x76, 0x75, 0xff,
    0x7b, 0x75, 0x75, 0xff, 0x7b, 0x75, 0x75, 0xff, 0x7c, 0x76, 0x75, 0xff, 0x7c, 0x75, 0x75, 0xff,
    0x7d, 0x77, 0x77, 0xff, 0x7c, 0x76, 0x75, 0xff, 0x70, 0x6b, 0x6b, 0xff, 0xe0, 0xde, 0xde, 0xff,
    0xe1, 0xdf, 0xdf, 0xff, 0x58, 0x55, 0x55, 0xff, 0x75, 0x6f, 0x6e, 0xff, 0x74, 0x70, 0x6f, 0xff,
    0xda, 0xd8, 0xd8, 0xff, 0xeb, 0xe8, 0xe8, 0xff, 0x61, 0x5e, 0x5d, 0xff, 0x6a, 0x64, 0x64, 0xff,
    0x83, 0x7d, 0x7c, 0xff, 0x7d, 0x77, 0x77, 0xff, 0x7e, 0x78, 0x77, 0xff, 0x7e, 0x78, 0x77, 0xff,
    0x7e, 0x77, 0x77, 0xff, 0x7f, 0x78, 0x78, 0xff, 0x7e, 0x77, 0x77, 0xff, 0x7f, 0x79, 0x78, 0xff,
    0x7f, 0x78, 0x78, 0xff, 0x7f, 0x79, 0x78, 0xff, 0x7f, 0x79, 0x79, 0xff, 0x7f, 0x79, 0x78, 0xff,
    0x7d, 0x79, 0x77, 0xff, 0x8e, 0x82, 0x87, 0xff, 0x6b, 0x85, 0x68, 0xff, 0x22, 0xd0, 0x40, 0xff,
    0x34, 0xe8, 0x5b, 0xff, 0x31, 0xe4, 0x56, 0xff, 0x32, 0xe5, 0x58, 0xff, 0x33, 0xe5, 0x59, 0xff,
    0x34, 0xe5, 0x5a, 0xff, 0x33, 0xe6, 0x5a, 0xff, 0x3a, 0xe9, 0x64, 0xff, 0x3a, 0xea, 0x66, 0xff,
    0x3a, 0xea, 0x65, 0xff, 0x39, 0xea, 0x65, 0xff, 0x38, 0xea, 0x65, 0xfb, 0x3d, 0xfa, 0x6c, 0xff,
    0x47, 0xeb, 0x71, 0x84, 0x00, 0x00, 0x00, 0x00, 0x3f, 0xff, 0x7f, 0x04, 0x00, 0x00, 0x00, 0x00,
    0x00, 0x00, 0x00, 0x00, 0x00, 0x00, 0x00, 0x00, 0x00, 0x00, 0x00, 0x00, 0x00, 0x00, 0x00, 0x00,
    0x00, 0x00, 0x00, 0x00, 0x00, 0x00, 0x00, 0x00, 0x00, 0x00, 0x00, 0x00, 0x00, 0x00, 0x00, 0x00,
    0x00, 0x00, 0x00, 0x00, 0x7f, 0x7f, 0x7f, 0x02, 0x00, 0x00, 0x00, 0x01, 0x6f, 0xde, 0x7c, 0x27,
    0x5c, 0xb4, 0x61, 0xcb, 0x5c, 0x5a, 0x58, 0xfe, 0x3c, 0x3a, 0x3a, 0xfe, 0x37, 0x36, 0x36, 0xff,
    0x2c, 0x2d, 0x2b, 0xff, 0x2c, 0x2c, 0x2b, 0xff, 0x2b, 0x2b, 0x2b, 0xff, 0x2a, 0x2b, 0x29, 0xff,
    0x14, 0x17, 0x13, 0xff, 0x01, 0x06, 0x01, 0xff, 0x00, 0x07, 0x01, 0xff, 0x00, 0x01, 0x00, 0xff,
    0x4d, 0xa6, 0x53, 0xff, 0x79, 0xe7, 0x7f, 0xff, 0x73, 0xd8, 0x77, 0xff, 0x3d, 0xdd, 0x57, 0xff,
    0x2b, 0xe4, 0x52, 0xff, 0x2f, 0xe3, 0x52, 0xff, 0x2e, 0xe2, 0x51, 0xff, 0x2e, 0xe3, 0x53, 0xff,
    0x2f, 0xe3, 0x53, 0xff, 0x2e, 0xe2, 0x52, 0xff, 0x2e, 0xe3, 0x52, 0xff, 0x2f, 0xe3, 0x53, 0xff,
    0x2e, 0xe0, 0x51, 0xff, 0x31, 0xed, 0x57, 0xff, 0x2b, 0xa9, 0x3f, 0xff, 0x35, 0x33, 0x32, 0xff,
    0x74, 0x70, 0x6f, 0xff, 0x7c, 0x76, 0x75, 0xff, 0x7a, 0x74, 0x74, 0xff, 0x7a, 0x74, 0x73, 0xff,
    0x7b, 0x74, 0x73, 0xff, 0x7a, 0x74, 0x74, 0xff, 0x7b, 0x75, 0x75, 0xff, 0x7b, 0x75, 0x75, 0xff,
    0x7a, 0x74, 0x74, 0xff, 0x7b, 0x75, 0x75, 0xff, 0x7b, 0x75, 0x74, 0xff, 0x7b, 0x75, 0x74, 0xff,
    0x7b, 0x74, 0x74, 0xff, 0x7b, 0x75, 0x74, 0xff, 0x7c, 0x75, 0x75, 0xff, 0x7b, 0x75, 0x75, 0xff,
    0x82, 0x7c, 0x7c, 0xff, 0x68, 0x62, 0x61, 0xff, 0xb8, 0xb6, 0xb6, 0xff, 0xf8, 0xf6, 0xf6, 0xff,
    0x82, 0x7f, 0x7e, 0xff, 0x63, 0x5d, 0x5d, 0xff, 0x72, 0x6b, 0x6b, 0xff, 0xb3, 0xb1, 0xb1, 0xff,
    0xfa, 0xf8, 0xf8, 0xff, 0x91, 0x8f, 0x8f, 0xff, 0x54, 0x4f, 0x4e, 0xff, 0x85, 0x7e, 0x7e, 0xff,
    0x7c, 0x76, 0x76, 0xff, 0x7d, 0x77, 0x76, 0xff, 0x7d, 0x77, 0x77, 0xff, 0x7e, 0x78, 0x78, 0xff,
    0x7e, 0x78, 0x77, 0xff, 0x7e, 0x78, 0x77, 0xff, 0x7e, 0x78, 0x78, 0xff, 0x7f, 0x78, 0x78, 0xff,
    0x7e, 0x78, 0x77, 0xff, 0x7e, 0x78, 0x77, 0xff, 0x7e, 0x77, 0x77, 0xff, 0x7f, 0x79, 0x78, 0xff,
    0x7e, 0x78, 0x78, 0xff, 0x8a, 0x83, 0x84, 0xff, 0x7c, 0x80, 0x75, 0xff, 0x27, 0xc1, 0x3f, 0xff,
    0x32, 0xea, 0x5a, 0xff, 0x32, 0xe4, 0x57, 0xff, 0x33, 0xe5, 0x58, 0xff, 0x33, 0xe5, 0x58, 0xff,
    0x33, 0xe5, 0x59, 0xff, 0x33, 0xe5, 0x59, 0xff, 0x37, 0xe7, 0x5f, 0xff, 0x3c, 0xea, 0x66, 0xff,
    0x39, 0xea, 0x65, 0xff, 0x39, 0xea, 0x65, 0xff, 0x37, 0xea, 0x64, 0xfb, 0x3c, 0xfa, 0x6b, 0xff,
    0x47, 0xeb, 0x70, 0x84, 0x00, 0x00, 0x00, 0x00, 0x3f, 0xff, 0x7f, 0x04, 0x00, 0x00, 0x00, 0x00,
    0x00, 0x00, 0x00, 0x00, 0x00, 0x00, 0x00, 0x00, 0x00, 0x00, 0x00, 0x00, 0x00, 0x00, 0x00, 0x00,
    0x00, 0x00, 0x00, 0x00, 0x00, 0x00, 0x00, 0x00, 0x00, 0x00, 0x00, 0x00, 0x00, 0x00, 0x00, 0x00,
    0x00, 0x00, 0x00, 0x00, 0x00, 0x00, 0x00, 0x00, 0x7f, 0x7f, 0x7f, 0x04, 0x00, 0x00, 0x00, 0x00,
    0x96, 0x85, 0x91, 0x69, 0x4f, 0x4d, 0x4c, 0xff, 0x3c, 0x3b, 0x3a, 0xfb, 0x36, 0x35, 0x35, 0xff,
    0x2d, 0x2c, 0x2c, 0xff, 0x2c, 0x2c, 0x2b, 0xff, 0x2c, 0x2b, 0x2b, 0xff, 0x26, 0x28, 0x26, 0xff,
    0x17, 0x20, 0x16, 0xfe, 0x06, 0x16, 0x06, 0xfd, 0x11, 0x21, 0x11, 0xed, 0x09, 0x11, 0x09, 0xb3,
    0x50, 0xa6, 0x56, 0xd8, 0x77, 0xe8, 0x7e, 0xff, 0x6d, 0xd7, 0x72, 0xfe, 0x3d, 0xdd, 0x57, 0xff,
    0x2c, 0xe4, 0x52, 0xff, 0x2f, 0xe2, 0x52, 0xff, 0x2e, 0xe2, 0x52, 0xff, 0x2f, 0xe2, 0x52, 0xff,
    0x2f, 0xe3, 0x52, 0xff, 0x2e, 0xe2, 0x52, 0xff, 0x2e, 0xe2, 0x52, 0xff, 0x2e, 0xe3, 0x53, 0xff,
    0x2e, 0xe0, 0x52, 0xff, 0x32, 0xee, 0x58, 0xff, 0x28, 0x89, 0x36, 0xff, 0x40, 0x38, 0x3c, 0xff,
    0x7b, 0x77, 0x75, 0xff, 0x7a, 0x74, 0x74, 0xff, 0x7a, 0x73, 0x73, 0xff, 0x7a, 0x74, 0x74, 0xff,
    0x7b, 0x75, 0x74, 0xff, 0x7b, 0x75, 0x74, 0xff, 0x7a, 0x74, 0x74, 0xff, 0x7b, 0x76, 0x75, 0xff,
    0x7b, 0x75, 0x74, 0xff, 0x7b, 0x75, 0x75, 0xff, 0x7b, 0x75, 0x75, 0xff, 0x7b, 0x75, 0x74, 0xff,
    0x7c, 0x75, 0x75, 0xff, 0x7b, 0x75, 0x75, 0xff, 0x7a, 0x74, 0x74, 0xff, 0x80, 0x7a, 0x7a, 0xff,
    0x70, 0x6a, 0x69, 0xff, 0x8d, 0x8b, 0x8a, 0xff, 0xf3, 0xf1, 0xf1, 0xff, 0xbd, 0xbb, 0xbb, 0xff,
    0x45, 0x41, 0x41, 0xff, 0x5b, 0x56, 0x56, 0xff, 0x8e, 0x8b, 0x8a, 0xff, 0xf0, 0xef, 0xef, 0xff,
    0xc5, 0xc3, 0xc2, 0xff, 0x4d, 0x49, 0x48, 0xff, 0x7f, 0x79, 0x78, 0xff, 0x7e, 0x78, 0x77, 0xff,
    0x7d, 0x76, 0x76, 0xff, 0x7c, 0x77, 0x76, 0xff, 0x7d, 0x77, 0x76, 0xff, 0x7d, 0x77, 0x77, 0xff,
    0x7e, 0x78, 0x77, 0xff, 0x7e, 0x78, 0x78, 0xff, 0x7e, 0x78, 0x78, 0xff, 0x7e, 0x78, 0x78, 0xff,
    0x7f, 0x79, 0x78, 0xff, 0x7f, 0x79, 0x78, 0xff, 0x7e, 0x78, 0x78, 0xff, 0x7f, 0x78, 0x78, 0xff,
    0x7e, 0x78, 0x77, 0xff, 0x86, 0x80, 0x7f, 0xff, 0x89, 0x80, 0x80, 0xff, 0x2f, 0xaf, 0x40, 0xff,
    0x2e, 0xea, 0x56, 0xff, 0x33, 0xe4, 0x58, 0xff, 0x33, 0xe5, 0x58, 0xff, 0x33, 0xe5, 0x59, 0xff,
    0x33, 0xe5, 0x59, 0xff, 0x33, 0xe5, 0x59, 0xff, 0x34, 0xe6, 0x5b, 0xff, 0x3d, 0xea, 0x66, 0xff,
    0x38, 0xea, 0x65, 0xff, 0x38, 0xea, 0x64, 0xff, 0x39, 0xea, 0x65, 0xfb, 0x3d, 0xfa, 0x6c, 0xff,
    0x46, 0xeb, 0x72, 0x86, 0x00, 0x00, 0x00, 0x00, 0x3f, 0xff, 0x7f, 0x04, 0x00, 0x00, 0x00, 0x00,
    0x00, 0x00, 0x00, 0x00, 0x00, 0x00, 0x00, 0x00, 0x00, 0x00, 0x00, 0x00, 0x00, 0x00, 0x00, 0x00,
    0x00, 0x00, 0x00, 0x00, 0x00, 0x00, 0x00, 0x00, 0x00, 0x00, 0x00, 0x00, 0x00, 0x00, 0x00, 0x00,
    0x00, 0x00, 0x00, 0x00, 0x00, 0x00, 0x00, 0x00, 0x00, 0x00, 0x00, 0x03, 0xff, 0xff, 0xff, 0x01,
    0x51, 0x51, 0x4f, 0xb0, 0x3d, 0x3c, 0x3b, 0xff, 0x39, 0x38, 0x38, 0xfc, 0x33, 0x33, 0x32, 0xff,
    0x2e, 0x2d, 0x2d, 0xff, 0x2d, 0x2d, 0x2c, 0xff, 0x2d, 0x2c, 0x2c, 0xff, 0x24, 0x26, 0x23, 0xff,
    0x17, 0x21, 0x14, 0xfc, 0x0a, 0x21, 0x0b, 0xff, 0x4e, 0x66, 0x4c, 0x68, 0x03, 0x02, 0x03, 0x00,
    0x74, 0xe2, 0x7e, 0x6d, 0x6b, 0xea, 0x75, 0xff, 0x71, 0xda, 0x75, 0xfb, 0x41, 0xdd, 0x5a, 0xff,
    0x2b, 0xe3, 0x51, 0xff, 0x2f, 0xe2, 0x53, 0xff, 0x2f, 0xe3, 0x53, 0xff, 0x2f, 0xe2, 0x52, 0xff,
    0x2e, 0xe3, 0x52, 0xff, 0x2f, 0xe2, 0x53, 0xff, 0x2f, 0xe2, 0x53, 0xff, 0x2e, 0xe2, 0x52, 0xff,
    0x2f, 0xe1, 0x53, 0xff, 0x2f, 0xeb, 0x54, 0xff, 0x26, 0x6b, 0x2e, 0xff, 0x4d, 0x43, 0x49, 0xff,
    0x7e, 0x79, 0x77, 0xff, 0x79, 0x73, 0x73, 0xff, 0x7a, 0x74, 0x74, 0xff, 0x7a, 0x74, 0x73, 0xff,
    0x7a, 0x74, 0x74, 0xff, 0x7b, 0x74, 0x74, 0xff, 0x7a, 0x74, 0x73, 0xff, 0x7a, 0x74, 0x74, 0xff,
    0x7a, 0x74, 0x74, 0xff, 0x7a, 0x75, 0x74, 0xff, 0x7b, 0x75, 0x74, 0xff, 0x7b, 0x74, 0x74, 0xff,
    0x7c, 0x76, 0x75, 0xff, 0x7b, 0x75, 0x75, 0xff, 0x7c, 0x76, 0x75, 0xff, 0x7c, 0x75, 0x75, 0xff,
    0x6e, 0x69, 0x69, 0xff, 0xda, 0xd8, 0xd8, 0xff, 0xed, 0xeb, 0xeb, 0xff, 0xe3, 0xe0, 0xe0, 0xff,
    0xda, 0xd9, 0xd8, 0xff, 0xd6, 0xd4, 0xd4, 0xff, 0xe8, 0xe6, 0xe6, 0xff, 0xf0, 0xee, 0xee, 0xff,
    0xdd, 0xdb, 0xda, 0xff, 0x63, 0x60, 0x5f, 0xff, 0x79, 0x73, 0x72, 0xff, 0x7f, 0x78, 0x78, 0xff,
    0x7d, 0x77, 0x77, 0xff, 0x7d, 0x77, 0x77, 0xff, 0x7d, 0x77, 0x76, 0xff, 0x7e, 0x78, 0x77, 0xff,
    0x7e, 0x78, 0x78, 0xff, 0x7e, 0x77, 0x77, 0xff, 0x7e, 0x78, 0x77, 0xff, 0x7e, 0x78, 0x77, 0xff,
    0x7e, 0x78, 0x77, 0xff, 0x7f, 0x79, 0x78, 0xff, 0x7f, 0x79, 0x79, 0xff, 0x7f, 0x79, 0x79, 0xff,
    0x7f, 0x78, 0x78, 0xff, 0x81, 0x7e, 0x7b, 0xff, 0x8f, 0x80, 0x87, 0xff, 0x3e, 0xa0, 0x48, 0xff,
    0x29, 0xe6, 0x4f, 0xff, 0x35, 0xe4, 0x5a, 0xff, 0x33, 0xe5, 0x58, 0xff, 0x33, 0xe5, 0x59, 0xff,
    0x33, 0xe5, 0x59, 0xff, 0x33, 0xe5, 0x59, 0xff, 0x33, 0xe5, 0x59, 0xff, 0x3c, 0xe8, 0x63, 0xff,
    0x3a, 0xea, 0x66, 0xff, 0x39, 0xea, 0x64, 0xff, 0x38, 0xea, 0x64, 0xfb, 0x3e, 0xfa, 0x6e, 0xff,
    0x45, 0xeb, 0x70, 0x8f, 0x00, 0x00, 0x00, 0x00, 0x3f, 0xff, 0x7f, 0x04, 0x00, 0x00, 0x00, 0x00,
    0x00, 0x00, 0x00, 0x00, 0x00, 0x00, 0x00, 0x00, 0x00, 0x00, 0x00, 0x00, 0x00, 0x00, 0x00, 0x00,
    0x00, 0x00, 0x00, 0x00, 0x00, 0x00, 0x00, 0x00, 0x00, 0x00, 0x00, 0x00, 0x00, 0x00, 0x00, 0x00,
    0x00, 0x00, 0x00, 0x00, 0x00, 0x00, 0x00, 0x01, 0x00, 0x00, 0x00, 0x00, 0xff, 0xff, 0xff, 0x04,
    0x4a, 0x49, 0x49, 0xd7, 0x39, 0x37, 0x36, 0xff, 0x37, 0x35, 0x34, 0xfd, 0x32, 0x31, 0x30, 0xff,
    0x30, 0x30, 0x2f, 0xff, 0x2e, 0x2e, 0x2d, 0xff, 0x2d, 0x2c, 0x2c, 0xff, 0x24, 0x28, 0x22, 0xfc,
    0x2d, 0x3e, 0x26, 0xff, 0x35, 0x43, 0x31, 0xc4, 0xff, 0xff, 0xff, 0x09, 0x00, 0x00, 0x00, 0x03,
    0x6e, 0xdd, 0x77, 0x5a, 0x6d, 0xe7, 0x76, 0xff, 0x73, 0xda, 0x77, 0xfc, 0x40, 0xdd, 0x59, 0xff,
    0x2b, 0xe3, 0x51, 0xff, 0x2f, 0xe2, 0x53, 0xff, 0x2e, 0xe2, 0x52, 0xff, 0x2e, 0xe3, 0x52, 0xff,
    0x2e, 0xe2, 0x52, 0xff, 0x2e, 0xe2, 0x52, 0xff, 0x2e, 0xe3, 0x52, 0xff, 0x2e, 0xe2, 0x52, 0xff,
    0x2f, 0xe3, 0x54, 0xff, 0x2f, 0xe1, 0x50, 0xff, 0x27, 0x51, 0x2b, 0xff, 0x59, 0x51, 0x55, 0xff,
    0x7e, 0x79, 0x77, 0xff, 0x79, 0x73, 0x72, 0xff, 0x79, 0x73, 0x73, 0xff, 0x7a, 0x74, 0x74, 0xff,
    0x7b, 0x74, 0x74, 0xff, 0x7a, 0x74, 0x74, 0xff, 0x7a, 0x74, 0x74, 0xff, 0x7a, 0x74, 0x74, 0xff,
    0x7b, 0x75, 0x74, 0xff, 0x7b, 0x75, 0x74, 0xff, 0x7c, 0x76, 0x75, 0xff, 0x7a, 0x74, 0x74, 0xff,
    0x7c, 0x76, 0x75, 0xff, 0x7a, 0x74, 0x74, 0xff, 0x81, 0x7b, 0x7a, 0xff, 0x67, 0x62, 0x61, 0xff,
    0xb5, 0xb3, 0xb3, 0xff, 0xef, 0xed, 0xed, 0xff, 0xc1, 0xbf, 0xbe, 0xff, 0xba, 0xb7, 0xb7, 0xff,
    0xbe, 0xbc, 0xbc, 0xff, 0xbe, 0xbb, 0xbb, 0xff, 0xb9, 0xb7, 0xb6, 0xff, 0xb4, 0xb1, 0xb1, 0xff,
    0xc5, 0xc3, 0xc3, 0xff, 0x7f, 0x7c, 0x7c, 0xff, 0x50, 0x4c, 0x4c, 0xff, 0x83, 0x7d, 0x7c, 0xff,
    0x7d, 0x77, 0x76, 0xff, 0x7e, 0x77, 0x77, 0xff, 0x7e, 0x77, 0x77, 0xff, 0x7d, 0x77, 0x77, 0xff,
    0x7e, 0x78, 0x78, 0xff, 0x7e, 0x77, 0x77, 0xff, 0x7e, 0x78, 0x77, 0xff, 0x7e, 0x78, 0x78, 0xff,
    0x7e, 0x77, 0x77, 0xff, 0x7f, 0x79, 0x78, 0xff, 0x7f, 0x78, 0x78, 0xff, 0x7f, 0x79, 0x79, 0xff,
    0x7f, 0x79, 0x79, 0xff, 0x80, 0x7c, 0x79, 0xff, 0x92, 0x82, 0x8a, 0xff, 0x50, 0x93, 0x54, 0xff,
    0x25, 0xe0, 0x48, 0xff, 0x35, 0xe5, 0x5b, 0xff, 0x32, 0xe4, 0x57, 0xff, 0x32, 0xe5, 0x58, 0xff,
    0x34, 0xe5, 0x59, 0xff, 0x32, 0xe5, 0x59, 0xff, 0x33, 0xe5, 0x59, 0xff, 0x38, 0xe7, 0x5e, 0xff,
    0x3f, 0xea, 0x68, 0xff, 0x39, 0xea, 0x65, 0xff, 0x38, 0xe9, 0x64, 0xfb, 0x3c, 0xfa, 0x6c, 0xff,
    0x41, 0xeb, 0x6b, 0x91, 0x00, 0x00, 0x00, 0x00, 0x3f, 0xff, 0x7f, 0x04, 0x00, 0x00, 0x00, 0x00,
    0x00, 0x00, 0x00, 0x00, 0x00, 0x00, 0x00, 0x00, 0x00, 0x00, 0x00, 0x00, 0x00, 0x00, 0x00, 0x00,
    0x00, 0x00, 0x00, 0x00, 0x00, 0x00, 0x00, 0x00, 0x00, 0x00, 0x00, 0x00, 0x00, 0x00, 0x00, 0x00,
    0x00, 0x00, 0x00, 0x00, 0x7f, 0x7f, 0x7f, 0x02, 0x00, 0x00, 0x00, 0x00, 0x99, 0x99, 0x99, 0x1e,
    0x42, 0x41, 0x40, 0xf6, 0x35, 0x34, 0x33, 0xff, 0x32, 0x31, 0x30, 0xfe, 0x2f, 0x2e, 0x2e, 0xff,
    0x30, 0x2f, 0x2e, 0xff, 0x31, 0x30, 0x2f, 0xff, 0x2e, 0x2c, 0x2d, 0xff, 0x25, 0x2e, 0x22, 0xfd,
    0x48, 0x58, 0x3e, 0xff, 0x83, 0x87, 0x77, 0x3e, 0x00, 0x00, 0x00, 0x00, 0x00, 0x00, 0x00, 0x00,
    0x91, 0xe3, 0x95, 0x41, 0x72, 0xe2, 0x79, 0xff, 0x70, 0xd9, 0x74, 0xfe, 0x3f, 0xdd, 0x58, 0xff,
    0x2b, 0xe4, 0x51, 0xff, 0x2f, 0xe2, 0x52, 0xff, 0x2f, 0xe3, 0x53, 0xff, 0x2e, 0xe2, 0x52, 0xff,
    0x2d, 0xe2, 0x51, 0xff, 0x2e, 0xe2, 0x51, 0xff, 0x2f, 0xe2, 0x52, 0xff, 0x2e, 0xe1, 0x52, 0xff,
    0x30, 0xe7, 0x56, 0xff, 0x2e, 0xce, 0x4a, 0xff, 0x2b, 0x3e, 0x2b, 0xff, 0x67, 0x60, 0x62, 0xff,
    0x7e, 0x78, 0x78, 0xff, 0x79, 0x73, 0x72, 0xff, 0x7a, 0x74, 0x74, 0xff, 0x7a, 0x74, 0x74, 0xff,
    0x7a, 0x74, 0x73, 0xff, 0x7b, 0x74, 0x74, 0xff, 0x7b, 0x74, 0x74, 0xff, 0x7b, 0x75, 0x74, 0xff,
    0x7a, 0x74, 0x74, 0xff, 0x7b, 0x75, 0x74, 0xff, 0x7a, 0x74, 0x74, 0xff, 0x7b, 0x75, 0x74, 0xff,
    0x7a, 0x74, 0x74, 0xff, 0x7f, 0x78, 0x78, 0xff, 0x72, 0x6c, 0x6b, 0xff, 0x88, 0x85, 0x85, 0xff,
    0xf4, 0xf2, 0xf2, 0xff, 0xb5, 0xb3, 0xb2, 0xff, 0x4a, 0x46, 0x46, 0xff, 0x65, 0x5f, 0x5f, 0xff,
    0x62, 0x5c, 0x5b, 0xff, 0x61, 0x5b, 0x5c, 0xff, 0x62, 0x5c, 0x5c, 0xff, 0x62, 0x5d, 0x5c, 0xff,
    0x60, 0x5b, 0x5a, 0xff, 0x69, 0x63, 0x63, 0xff, 0x6c, 0x67, 0x66, 0xff, 0x7c, 0x76, 0x75, 0xff,
    0x7d, 0x77, 0x76, 0xff, 0x7c, 0x76, 0x76, 0xff, 0x7d, 0x77, 0x77, 0xff, 0x7d, 0x77, 0x76, 0xff,
    0x7e, 0x78, 0x77, 0xff, 0x7f, 0x79, 0x78, 0xff, 0x7f, 0x78, 0x78, 0xff, 0x7e, 0x78, 0x78, 0xff,
    0x7f, 0x78, 0x78, 0xff, 0x7e, 0x77, 0x77, 0xff, 0x7e, 0x78, 0x78, 0xff, 0x7f, 0x78, 0x78, 0xff,
    0x7f, 0x79, 0x79, 0xff, 0x7f, 0x7a, 0x78, 0xff, 0x8d, 0x80, 0x86, 0xff, 0x62, 0x88, 0x61, 0xff,
    0x23, 0xd6, 0x42, 0xff, 0x35, 0xe7, 0x5c, 0xff, 0x32, 0xe4, 0x57, 0xff, 0x33, 0xe5, 0x59, 0xff,
    0x34, 0xe5, 0x59, 0xff, 0x33, 0xe5, 0x59, 0xff, 0x34, 0xe5, 0x59, 0xff, 0x34, 0xe5, 0x59, 0xff,
    0x3d, 0xe8, 0x64, 0xff, 0x3a, 0xea, 0x66, 0xff, 0x38, 0xe9, 0x64, 0xfb, 0x3d, 0xfa, 0x6c, 0xff,
    0x3f, 0xec, 0x6a, 0x94, 0x00, 0x00, 0x00, 0x00, 0x3f, 0xff, 0x3f, 0x04, 0x00, 0x00, 0x00, 0x00,
    0x00, 0x00, 0x00, 0x00, 0x00, 0x00, 0x00, 0x00, 0x00, 0x00, 0x00, 0x00, 0x00, 0x00, 0x00, 0x00,
    0x00, 0x00, 0x00, 0x00, 0x00, 0x00, 0x00, 0x00, 0x00, 0x00, 0x00, 0x00, 0x00, 0x00, 0x00, 0x00,
    0x00, 0x00, 0x00, 0x00, 0x55, 0x55, 0x55, 0x03, 0x00, 0x00, 0x00, 0x00, 0x6a, 0x6a, 0x66, 0x43,
    0x40, 0x3f, 0x3e, 0xff, 0x32, 0x30, 0x30, 0xfd, 0x30, 0x2f, 0x2e, 0xff, 0x30, 0x2f, 0x2e, 0xff,
    0x2f, 0x2f, 0x2e, 0xff, 0x30, 0x2f, 0x2e, 0xff, 0x2a, 0x29, 0x29, 0xfe, 0x2a, 0x37, 0x24, 0xff,
    0x4e, 0x5b, 0x45, 0xea, 0xbf, 0xaf, 0xbf, 0x10, 0x00, 0x00, 0x00, 0x01, 0x00, 0x00, 0x00, 0x00,
    0x92, 0xe3, 0x97, 0x2f, 0x76, 0xde, 0x7c, 0xfe, 0x74, 0xda, 0x77, 0xff, 0x3b, 0xdc, 0x55, 0xff,
    0x2c, 0xe3, 0x52, 0xff, 0x2f, 0xe2, 0x53, 0xff, 0x2e, 0xe3, 0x52, 0xff, 0x2f, 0xe2, 0x52, 0xff,
    0x2e, 0xe2, 0x52, 0xff, 0x2e, 0xe2, 0x52, 0xff, 0x2f, 0xe3, 0x53, 0xff, 0x2e, 0xe0, 0x51, 0xff,
    0x31, 0xeb, 0x57, 0xff, 0x2e, 0xb6, 0x44, 0xff, 0x32, 0x34, 0x2f, 0xff, 0x71, 0x6c, 0x6b, 0xff,
    0x7c, 0x76, 0x75, 0xff, 0x79, 0x73, 0x73, 0xff, 0x7a, 0x74, 0x74, 0xff, 0x7a, 0x74, 0x74, 0xff,
    0x7a, 0x74, 0x74, 0xff, 0x7b, 0x74, 0x74, 0xff, 0x7a, 0x74, 0x74, 0xff, 0x7b, 0x75, 0x75, 0xff,
    0x7a, 0x74, 0x74, 0xff, 0x7a, 0x74, 0x74, 0xff, 0x7a, 0x75, 0x75, 0xff, 0x7a, 0x74, 0x74, 0xff,
    0x7b, 0x74, 0x74, 0xff, 0x7c, 0x76, 0x75, 0xff, 0x69, 0x65, 0x64, 0xff, 0xd7, 0xd5, 0xd5, 0xff,
    0xe1, 0xe0, 0xdf, 0xff, 0x55, 0x52, 0x52, 0xff, 0x6f, 0x69, 0x68, 0xff, 0x85, 0x7e, 0x7e, 0xff,
    0x80, 0x79, 0x79, 0xff, 0x81, 0x7a, 0x7a, 0xff, 0x81, 0x7b, 0x7b, 0xff, 0x82, 0x7c, 0x7b, 0xff,
    0x81, 0x7a, 0x7a, 0xff, 0x81, 0x7a, 0x7a, 0xff, 0x81, 0x7a, 0x7a, 0xff, 0x7d, 0x77, 0x77, 0xff,
    0x7d, 0x76, 0x76, 0xff, 0x7d, 0x77, 0x77, 0xff, 0x7d, 0x77, 0x77, 0xff, 0x7d, 0x77, 0x76, 0xff,
    0x7e, 0x78, 0x77, 0xff, 0x7e, 0x78, 0x78, 0xff, 0x7e, 0x78, 0x77, 0xff, 0x7e, 0x78, 0x77, 0xff,
    0x7f, 0x78, 0x78, 0xff, 0x7f, 0x78, 0x78, 0xff, 0x7f, 0x78, 0x78, 0xff, 0x7e, 0x78, 0x77, 0xff,
    0x7f, 0x79, 0x78, 0xff, 0x7f, 0x79, 0x78, 0xff, 0x8a, 0x80, 0x83, 0xff, 0x74, 0x81, 0x6e, 0xff,
    0x25, 0xc8, 0x3e, 0xff, 0x33, 0xe9, 0x5a, 0xff, 0x32, 0xe4, 0x57, 0xff, 0x33, 0xe5, 0x58, 0xff,
    0x32, 0xe5, 0x58, 0xff, 0x33, 0xe5, 0x58, 0xff, 0x34, 0xe6, 0x59, 0xff, 0x33, 0xe5, 0x59, 0xff,
    0x37, 0xe7, 0x5e, 0xff, 0x3b, 0xea, 0x66, 0xff, 0x37, 0xe9, 0x64, 0xfb, 0x3c, 0xfa, 0x6a, 0xff,
    0x3e, 0xec, 0x67, 0x96, 0x00, 0x00, 0x00, 0x00, 0x3f, 0xbf, 0x3f, 0x04, 0x00, 0x00, 0x00, 0x00,
    0x00, 0x00, 0x00, 0x00, 0x00, 0x00, 0x00, 0x00, 0x00, 0x00, 0x00, 0x00, 0x00, 0x00, 0x00, 0x00,
    0x00, 0x00, 0x00, 0x00, 0x00, 0x00, 0x00, 0x00, 0x00, 0x00, 0x00, 0x00, 0x00, 0x00, 0x00, 0x00,
    0x00, 0x00, 0x00, 0x00, 0x3f, 0x3f, 0x3f, 0x04, 0x00, 0x00, 0x00, 0x00, 0x63, 0x61, 0x61, 0x6e,
    0x3b, 0x3a, 0x39, 0xff, 0x31, 0x30, 0x2f, 0xfb, 0x30, 0x2f, 0x2e, 0xff, 0x2f, 0x2e, 0x2d, 0xff,
    0x2f, 0x2e, 0x2d, 0xff, 0x30, 0x2f, 0x2e, 0xff, 0x26, 0x26, 0x25, 0xfc, 0x33, 0x42, 0x2d, 0xff,
    0x59, 0x64, 0x4f, 0xb9, 0x01, 0x01, 0x01, 0x00, 0x00, 0x55, 0x00, 0x03, 0x00, 0x00, 0x00, 0x00,
    0x84, 0xe0, 0x8e, 0x19, 0x6b, 0xdb, 0x72, 0xf4, 0x70, 0xdd, 0x76, 0xff, 0x3e, 0xdc, 0x58, 0xfe,
    0x2b, 0xe4, 0x52, 0xff, 0x2f, 0xe2, 0x53, 0xff, 0x2d, 0xe2, 0x52, 0xff, 0x2e, 0xe2, 0x52, 0xff,
    0x2e, 0xe2, 0x52, 0xff, 0x2e, 0xe2, 0x52, 0xff, 0x2e, 0xe2, 0x52, 0xff, 0x2e, 0xe0, 0x51, 0xff,
    0x31, 0xee, 0x57, 0xff, 0x29, 0x99, 0x39, 0xff, 0x3b, 0x35, 0x37, 0xff, 0x77, 0x73, 0x71, 0xff,
    0x7a, 0x74, 0x74, 0xff, 0x79, 0x73, 0x73, 0xff, 0x7a, 0x73, 0x73, 0xff, 0x7b, 0x74, 0x74, 0xff,
    0x7b, 0x75, 0x75, 0xff, 0x7b, 0x74, 0x74, 0xff, 0x7a, 0x74, 0x74, 0xff, 0x7a, 0x74, 0x74, 0xff,
    0x7a, 0x74, 0x73, 0xff, 0x7b, 0x74, 0x74, 0xff, 0x7b, 0x75, 0x75, 0xff, 0x79, 0x73, 0x73, 0xff,
    0x80, 0x7a, 0x79, 0xff, 0x6b, 0x65, 0x65, 0xff, 0xb8, 0xb6, 0xb5, 0xff, 0xfa, 0xf8, 0xf8, 0xff,
    0x7b, 0x78, 0x78, 0xff, 0x59, 0x53, 0x53, 0xff, 0x83, 0x7d, 0x7d, 0xff, 0x7a, 0x74, 0x73, 0xff,
    0x7b, 0x74, 0x74, 0xff, 0x7b, 0x75, 0x74, 0xff, 0x7b, 0x75, 0x75, 0xff, 0x7c, 0x76, 0x75, 0xff,
    0x7c, 0x76, 0x75, 0xff, 0x7c, 0x76, 0x76, 0xff, 0x7c, 0x76, 0x76, 0xff, 0x7e, 0x77, 0x77, 0xff,
    0x7d, 0x77, 0x77, 0xff, 0x7e, 0x77, 0x77, 0xff, 0x7d, 0x77, 0x77, 0xff, 0x7e, 0x77, 0x77, 0xff,
    0x7e, 0x78, 0x78, 0xff, 0x7e, 0x77, 0x77, 0xff, 0x7d, 0x77, 0x76, 0xff, 0x7e, 0x78, 0x77, 0xff,
    0x7e, 0x78, 0x78, 0xff, 0x7e, 0x78, 0x78, 0xff, 0x7f, 0x79, 0x78, 0xff, 0x7f, 0x79, 0x79, 0xff,
    0x7f, 0x79, 0x78, 0xff, 0x7e, 0x78, 0x78, 0xff, 0x86, 0x80, 0x7f, 0xff, 0x83, 0x7f, 0x7b, 0xff,
    0x2b, 0xb8, 0x3f, 0xff, 0x31, 0xea, 0x58, 0xff, 0x33, 0xe4, 0x58, 0xff, 0x33, 0xe5, 0x58, 0xff,
    0x32, 0xe5, 0x58, 0xff, 0x33, 0xe5, 0x58, 0xff, 0x34, 0xe5, 0x5a, 0xff, 0x33, 0xe6, 0x59, 0xff,
    0x34, 0xe6, 0x5a, 0xff, 0x3c, 0xe9, 0x64, 0xff, 0x39, 0xea, 0x66, 0xfb, 0x3b, 0xfa, 0x6b, 0xff,
    0x3e, 0xea, 0x68, 0x98, 0x00, 0x00, 0x00, 0x00, 0x3f, 0xbf, 0x3f, 0x04, 0x00, 0x00, 0x00, 0x00,
    0x00, 0x00, 0x00, 0x00, 0x00, 0x00, 0x00, 0x00, 0x00, 0x00, 0x00, 0x00, 0x00, 0x00, 0x00, 0x00,
    0x00, 0x00, 0x00, 0x00, 0x00, 0x00, 0x00, 0x00, 0x00, 0x00, 0x00, 0x00, 0x00, 0x00, 0x00, 0x00,
    0x00, 0x00, 0x00, 0x00, 0x3f, 0x3f, 0x3f, 0x04, 0x00, 0x00, 0x00, 0x00, 0x62, 0x62, 0x60, 0x96,
    0x38, 0x37, 0x36, 0xff, 0x30, 0x2f, 0x2e, 0xfb, 0x30, 0x2f, 0x2e, 0xff, 0x2f, 0x2e, 0x2d, 0xff,
    0x2f, 0x2e, 0x2d, 0xff, 0x30, 0x2e, 0x2d, 0xff, 0x24, 0x26, 0x23, 0xfb, 0x3d, 0x4d, 0x36, 0xff,
    0x66, 0x70, 0x5d, 0x7d, 0x00, 0x00, 0x00, 0x00, 0x66, 0x66, 0x66, 0x05, 0x00, 0x00, 0x00, 0x00,
    0x91, 0xec, 0xa3, 0x0e, 0x70, 0xdb, 0x77, 0xe5, 0x72, 0xdf, 0x77, 0xff, 0x3f, 0xdb, 0x58, 0xfe,
    0x2b, 0xe3, 0x51, 0xff, 0x2f, 0xe2, 0x53, 0xff, 0x2e, 0xe2, 0x53, 0xff, 0x2e, 0xe2, 0x52, 0xff,
    0x2d, 0xe2, 0x51, 0xff, 0x2d, 0xe2, 0x51, 0xff, 0x2e, 0xe2, 0x52, 0xff, 0x2f, 0xe0, 0x53, 0xff,
    0x30, 0xed, 0x55, 0xff, 0x26, 0x79, 0x31, 0xff, 0x47, 0x3d, 0x42, 0xff, 0x7c, 0x77, 0x76, 0xff,
    0x7a, 0x74, 0x74, 0xff, 0x7a, 0x74, 0x73, 0xff, 0x7a, 0x74, 0x73, 0xff, 0x7a, 0x74, 0x74, 0xff,
    0x7b, 0x75, 0x74, 0xff, 0x7b, 0x74, 0x74, 0xff, 0x7a, 0x74, 0x74, 0xff, 0x7a, 0x74, 0x73, 0xff,
    0x7b, 0x75, 0x74, 0xff, 0x7a, 0x73, 0x73, 0xff, 0x7b, 0x75, 0x74, 0xff, 0x7b, 0x75, 0x75, 0xff,
    0x7c, 0x76, 0x75, 0xff, 0x5a, 0x56, 0x56, 0xff, 0x88, 0x86, 0x86, 0xff, 0x80, 0x7d, 0x7c, 0xff,
    0x50, 0x4c, 0x4c, 0xff, 0x7f, 0x78, 0x78, 0xff, 0x7c, 0x76, 0x75, 0xff, 0x7b, 0x75, 0x75, 0xff,
    0x7c, 0x75, 0x75, 0xff, 0x7c, 0x75, 0x75, 0xff, 0x7b, 0x75, 0x75, 0xff, 0x7b, 0x75, 0x75, 0xff,
    0x7c, 0x76, 0x75, 0xff, 0x7c, 0x75, 0x75, 0xff, 0x7d, 0x77, 0x77, 0xff, 0x7d, 0x77, 0x77, 0xff,
    0x7d, 0x77, 0x76, 0xff, 0x7d, 0x76, 0x76, 0xff, 0x7d, 0x76, 0x77, 0xff, 0x7d, 0x77, 0x77, 0xff,
    0x7d, 0x77, 0x77, 0xff, 0x7f, 0x78, 0x78, 0xff, 0x7e, 0x77, 0x77, 0xff, 0x7e, 0x78, 0x77, 0xff,
    0x7e, 0x78, 0x78, 0xff, 0x7e, 0x78, 0x78, 0xff, 0x7f, 0x79, 0x78, 0xff, 0x7f, 0x79, 0x78, 0xff,
    0x7f, 0x79, 0x78, 0xff, 0x7e, 0x78, 0x78, 0xff, 0x82, 0x7e, 0x7c, 0xff, 0x8c, 0x7e, 0x83, 0xff,
    0x37, 0xa8, 0x44, 0xff, 0x2c, 0xe9, 0x53, 0xff, 0x33, 0xe4, 0x59, 0xff, 0x33, 0xe5, 0x58, 0xff,
    0x33, 0xe5, 0x58, 0xff, 0x32, 0xe5, 0x58, 0xff, 0x33, 0xe5, 0x59, 0xff, 0x33, 0xe5, 0x59, 0xff,
    0x33, 0xe6, 0x5a, 0xff, 0x38, 0xe8, 0x60, 0xff, 0x39, 0xea, 0x65, 0xfb, 0x3b, 0xfa, 0x6b, 0xff,
    0x3d, 0xeb, 0x68, 0x9a, 0x00, 0x00, 0x00, 0x00, 0x3f, 0xbf, 0x3f, 0x04, 0x00, 0x00, 0x00, 0x00,
    0x00, 0x00, 0x00, 0x00, 0x00, 0x00, 0x00, 0x00, 0x00, 0x00, 0x00, 0x00, 0x00, 0x00, 0x00, 0x00,
    0x00, 0x00, 0x00, 0x00, 0x00, 0x00, 0x00, 0x00, 0x00, 0x00, 0x00, 0x00, 0x00, 0x00, 0x00, 0x00,
    0x00, 0x00, 0x00, 0x00, 0x00, 0x00, 0x00, 0x03, 0x00, 0x00, 0x00, 0x00, 0x5f, 0x5d, 0x5c, 0xa3,
    0x37, 0x36, 0x34, 0xff, 0x2f, 0x2e, 0x2e, 0xfb, 0x2f, 0x2e, 0x2d, 0xff, 0x2f, 0x2f, 0x2e, 0xff,
    0x2f, 0x2e, 0x2d, 0xff, 0x30, 0x2e, 0x2e, 0xff, 0x24, 0x29, 0x22, 0xfd, 0x45, 0x53, 0x3c, 0xff,
    0x7b, 0x7f, 0x73, 0x42, 0x00, 0x00, 0x00, 0x00, 0x7f, 0x7f, 0x7f, 0x04, 0x00, 0x00, 0x00, 0x00,
    0xcc, 0xff, 0xff, 0x05, 0x76, 0xdd, 0x7c, 0xd7, 0x74, 0xe2, 0x79, 0xff, 0x3b, 0xdc, 0x56, 0xfd,
    0x2c, 0xe4, 0x52, 0xff, 0x2f, 0xe2, 0x52, 0xff, 0x2e, 0xe3, 0x52, 0xff, 0x2e, 0xe3, 0x52, 0xff,
    0x2e, 0xe2, 0x52, 0xff, 0x2e, 0xe3, 0x52, 0xff, 0x2f, 0xe2, 0x52, 0xff, 0x2e, 0xe2, 0x53, 0xff,
    0x31, 0xe7, 0x53, 0xff, 0x26, 0x5c, 0x2c, 0xff, 0x53, 0x4a, 0x4f, 0xff, 0x7e, 0x79, 0x77, 0xff,
    0x79, 0x73, 0x73, 0xff, 0x7a, 0x74, 0x74, 0xff, 0x7a, 0x74, 0x74, 0xff, 0x79, 0x73, 0x73, 0xff,
    0x7a, 0x75, 0x74, 0xff, 0x7a, 0x74, 0x74, 0xff, 0x7a, 0x74, 0x74, 0xff, 0x7a, 0x74, 0x73, 0xff,
    0x7b, 0x75, 0x74, 0xff, 0x7b, 0x75, 0x75, 0xff, 0x7b, 0x75, 0x74, 0xff, 0x7c, 0x75, 0x75, 0xff,
    0x7c, 0x75, 0x75, 0xff, 0x75, 0x6e, 0x6e, 0xff, 0x6a, 0x64, 0x63, 0xff, 0x6b, 0x65, 0x65, 0xff,
    0x7b, 0x75, 0x75, 0xff, 0x7d, 0x77, 0x77, 0xff, 0x7c, 0x75, 0x75, 0xff, 0x7d, 0x77, 0x76, 0xff,
    0x7c, 0x76, 0x76, 0xff, 0x7c, 0x75, 0x75, 0xff, 0x7d, 0x76, 0x76, 0xff, 0x7d, 0x77, 0x76, 0xff,
    0x7d, 0x76, 0x76, 0xff, 0x7d, 0x76, 0x76, 0xff, 0x7d, 0x76, 0x76, 0xff, 0x7d, 0x77, 0x77, 0xff,
    0x7d, 0x77, 0x76, 0xff, 0x7e, 0x77, 0x77, 0xff, 0x7e, 0x78, 0x77, 0xff, 0x7d, 0x77, 0x77, 0xff,
    0x7e, 0x77, 0x77, 0xff, 0x7f, 0x78, 0x78, 0xff, 0x7d, 0x77, 0x77, 0xff, 0x7e, 0x78, 0x77, 0xff,
    0x7e, 0x78, 0x78, 0xff, 0x7e, 0x78, 0x78, 0xff, 0x7e, 0x78, 0x78, 0xff, 0x7f, 0x79, 0x78, 0xff,
    0x7f, 0x78, 0x78, 0xff, 0x7f, 0x79, 0x79, 0xff, 0x80, 0x7c, 0x79, 0xff, 0x91, 0x80, 0x88, 0xff,
    0x49, 0x9a, 0x4f, 0xff, 0x27, 0xe4, 0x4c, 0xff, 0x35, 0xe5, 0x5a, 0xff, 0x32, 0xe5, 0x58, 0xff,
    0x33, 0xe5, 0x58, 0xff, 0x33, 0xe5, 0x58, 0xff, 0x33, 0xe5, 0x59, 0xff, 0x33, 0xe5, 0x59, 0xff,
    0x33, 0xe5, 0x59, 0xff, 0x38, 0xe6, 0x5e, 0xff, 0x3e, 0xe9, 0x66, 0xfb, 0x3d, 0xf9, 0x6a, 0xff,
    0x3e, 0xe9, 0x67, 0x9b, 0x00, 0x00, 0x00, 0x00, 0x3f, 0xbf, 0x3f, 0x04, 0x00, 0x00, 0x00, 0x00,
    0x00, 0x00, 0x00, 0x00, 0x00, 0x00, 0x00, 0x00, 0x00, 0x00, 0x00, 0x00, 0x00, 0x00, 0x00, 0x00,
    0x00, 0x00, 0x00, 0x00, 0x00, 0x00, 0x00, 0x00, 0x00, 0x00, 0x00, 0x00, 0x00, 0x00, 0x00, 0x00,
    0x00, 0x00, 0x00, 0x00, 0x00, 0x00, 0x00, 0x03, 0x00, 0x00, 0x00, 0x00, 0x5f, 0x5c, 0x5a, 0xa3,
    0x36, 0x35, 0x34, 0xff, 0x2f, 0x2e, 0x2d, 0xfb, 0x2f, 0x2f, 0x2e, 0xff, 0x2f, 0x2e, 0x2d, 0xff,
    0x2f, 0x2e, 0x2d, 0xff, 0x2e, 0x2c, 0x2c, 0xfe, 0x26, 0x2e, 0x23, 0xff, 0x4d, 0x59, 0x44, 0xec,
    0xc6, 0xb8, 0xb8, 0x12, 0x00, 0x00, 0x00, 0x00, 0xff, 0xff, 0xff, 0x01, 0x00, 0x7f, 0x00, 0x02,
    0x00, 0x00, 0x00, 0x00, 0x6b, 0xdb, 0x72, 0xc0, 0x73, 0xe5, 0x79, 0xff, 0x39, 0xdc, 0x53, 0xfc,
    0x2c, 0xe4, 0x53, 0xff, 0x2f, 0xe2, 0x52, 0xff, 0x2e, 0xe2, 0x51, 0xff, 0x2e, 0xe2, 0x52, 0xff,
    0x2e, 0xe3, 0x52, 0xff, 0x2e, 0xe2, 0x52, 0xff, 0x2f, 0xe2, 0x52, 0xff, 0x2f, 0xe5, 0x54, 0xff,
    0x32, 0xd8, 0x4f, 0xff, 0x29, 0x45, 0x2b, 0xff, 0x5f, 0x58, 0x5b, 0xff, 0x7d, 0x78, 0x76, 0xff,
    0x78, 0x73, 0x72, 0xff, 0x7a, 0x74, 0x74, 0xff, 0x79, 0x73, 0x73, 0xff, 0x7a, 0x74, 0x74, 0xff,
    0x7b, 0x75, 0x74, 0xff, 0x79, 0x73, 0x72, 0xff, 0x7b, 0x74, 0x74, 0xff, 0x7d, 0x77, 0x76, 0xff,
    0x79, 0x73, 0x73, 0xff, 0x7a, 0x74, 0x74, 0xff, 0x79, 0x73, 0x73, 0xff, 0x79, 0x73, 0x73, 0xff,
    0x7a, 0x74, 0x73, 0xff, 0x7b, 0x76, 0x75, 0xff, 0x7e, 0x78, 0x78, 0xff, 0x7e, 0x78, 0x78, 0xff,
    0x7b, 0x75, 0x74, 0xff, 0x7a, 0x74, 0x73, 0xff, 0x7b, 0x75, 0x75, 0xff, 0x7b, 0x75, 0x75, 0xff,
    0x7b, 0x75, 0x74, 0xff, 0x7b, 0x75, 0x74, 0xff, 0x7b, 0x75, 0x74, 0xff, 0x7b, 0x76, 0x75, 0xff,
    0x7c, 0x76, 0x75, 0xff, 0x7b, 0x75, 0x75, 0xff, 0x7a, 0x75, 0x74, 0xff, 0x7c, 0x76, 0x75, 0xff,
    0x7b, 0x75, 0x75, 0xff, 0x7c, 0x76, 0x75, 0xff, 0x7c, 0x76, 0x75, 0xff, 0x7c, 0x77, 0x77, 0xff,
    0x7c, 0x76, 0x76, 0xff, 0x7c, 0x76, 0x76, 0xff, 0x81, 0x7b, 0x7a, 0xff, 0x81, 0x7a, 0x79, 0xff,
    0x7e, 0x78, 0x77, 0xff, 0x7e, 0x78, 0x77, 0xff, 0x7f, 0x79, 0x78, 0xff, 0x7f, 0x78, 0x78, 0xff,
    0x80, 0x79, 0x79, 0xff, 0x7f, 0x79, 0x78, 0xff, 0x7e, 0x7a, 0x78, 0xff, 0x91, 0x81, 0x89, 0xff,
    0x5a, 0x8e, 0x5b, 0xff, 0x24, 0xda, 0x44, 0xff, 0x35, 0xe7, 0x5b, 0xff, 0x32, 0xe4, 0x58, 0xff,
    0x33, 0xe5, 0x59, 0xff, 0x33, 0xe5, 0x59, 0xff, 0x33, 0xe5, 0x59, 0xff, 0x34, 0xe5, 0x59, 0xff,
    0x33, 0xe5, 0x59, 0xff, 0x36, 0xe6, 0x5b, 0xff, 0x41, 0xe8, 0x65, 0xfb, 0x3e, 0xf8, 0x6a, 0xff,
    0x3f, 0xe8, 0x66, 0x9c, 0x00, 0x00, 0x00, 0x00, 0x3f, 0xbf, 0x3f, 0x04, 0x00, 0x00, 0x00, 0x00,
    0x00, 0x00, 0x00, 0x00, 0x00, 0x00, 0x00, 0x00, 0x00, 0x00, 0x00, 0x00, 0x00, 0x00, 0x00, 0x00,
    0x00, 0x00, 0x00, 0x00, 0x00, 0x00, 0x00, 0x00, 0x00, 0x00, 0x00, 0x00, 0x00, 0x00, 0x00, 0x00,
    0x00, 0x00, 0x00, 0x00, 0x00, 0x00, 0x00, 0x03, 0x00, 0x00, 0x00, 0x00, 0x5c, 0x59, 0x59, 0xa5,
    0x36, 0x35, 0x34, 0xff, 0x30, 0x2f, 0x2e, 0xfb, 0x30, 0x2f, 0x2e, 0xff, 0x2f, 0x2e, 0x2d, 0xff,
    0x2f, 0x2e, 0x2c, 0xff, 0x2a, 0x28, 0x29, 0xfc, 0x2c, 0x37, 0x28, 0xff, 0x59, 0x64, 0x50, 0xbc,
    0x02, 0x01, 0x02, 0x00, 0x00, 0x00, 0x00, 0x02, 0x00, 0x00, 0x00, 0x00, 0x7f, 0xff, 0x7f, 0x02,
    0x00, 0x00, 0x00, 0x00, 0x6b, 0xdd, 0x72, 0xb6, 0x75, 0xe6, 0x7a, 0xff, 0x3b, 0xdc, 0x56, 0xfc,
    0x2c, 0xe4, 0x51, 0xff, 0x2f, 0xe2, 0x52, 0xff, 0x2e, 0xe2, 0x52, 0xff, 0x2e, 0xe2, 0x52, 0xff,
    0x2e, 0xe2, 0x51, 0xff, 0x2e, 0xe2, 0x52, 0xff, 0x2e, 0xe1, 0x51, 0xff, 0x30, 0xe9, 0x56, 0xff,
    0x2c, 0xc2, 0x45, 0xff, 0x2e, 0x37, 0x2c, 0xff, 0x6b, 0x65, 0x65, 0xff, 0x7c, 0x76, 0x75, 0xff,
    0x79, 0x73, 0x73, 0xff, 0x7a, 0x73, 0x73, 0xff, 0x7a, 0x74, 0x73, 0xff, 0x7b, 0x74, 0x74, 0xff,
    0x78, 0x72, 0x72, 0xff, 0x7b, 0x75, 0x75, 0xff, 0x7f, 0x78, 0x78, 0xff, 0x4a, 0x47, 0x46, 0xff,
    0x40, 0x3f, 0x3d, 0xff, 0x44, 0x43, 0x41, 0xff, 0x45, 0x45, 0x42, 0xff, 0x44, 0x43, 0x42, 0xff,
    0x46, 0x44, 0x43, 0xff, 0x45, 0x44, 0x42, 0xff, 0x42, 0x40, 0x3f, 0xff, 0x43, 0x40, 0x40, 0xff,
    0x43, 0x40, 0x40, 0xff, 0x43, 0x40, 0x40, 0xff, 0x43, 0x43, 0x40, 0xff, 0x45, 0x44, 0x42, 0xff,
    0x46, 0x45, 0x43, 0xff, 0x47, 0x46, 0x44, 0xff, 0x46, 0x46, 0x43, 0xff, 0x43, 0x42, 0x40, 0xff,
    0x43, 0x41, 0x40, 0xff, 0x44, 0x42, 0x41, 0xff, 0x44, 0x41, 0x41, 0xff, 0x44, 0x43, 0x41, 0xff,
    0x47, 0x46, 0x44, 0xff, 0x46, 0x45, 0x43, 0xff, 0x46, 0x45, 0x43, 0xff, 0x47, 0x47, 0x44, 0xff,
    0x44, 0x43, 0x41, 0xff, 0x44, 0x41, 0x40, 0xff, 0x41, 0x3f, 0x3e, 0xff, 0x75, 0x6f, 0x6f, 0xff,
    0x82, 0x7c, 0x7b, 0xff, 0x7d, 0x77, 0x77, 0xff, 0x7f, 0x78, 0x78, 0xff, 0x80, 0x78, 0x78, 0xff,
    0x80, 0x79, 0x79, 0xff, 0x7f, 0x79, 0x79, 0xff, 0x7e, 0x78, 0x77, 0xff, 0x8f, 0x83, 0x87, 0xff,
    0x6d, 0x85, 0x69, 0xff, 0x23, 0xcf, 0x40, 0xff, 0x35, 0xe9, 0x5c, 0xff, 0x33, 0xe4, 0x58, 0xff,
    0x33, 0xe5, 0x58, 0xff, 0x33, 0xe5, 0x58, 0xff, 0x34, 0xe5, 0x59, 0xff, 0x33, 0xe5, 0x59, 0xff,
    0x33, 0xe5, 0x59, 0xff, 0x33, 0xe6, 0x5a, 0xff, 0x3c, 0xe8, 0x64, 0xfb, 0x3f, 0xf8, 0x6a, 0xff,
    0x3e, 0xe9, 0x66, 0x9c, 0x00, 0x00, 0x00, 0x00, 0x3f, 0xbf, 0x3f, 0x04, 0x00, 0x00, 0x00, 0x00,
    0x00, 0x00, 0x00, 0x00, 0x00, 0x00, 0x00, 0x00, 0x00, 0x00, 0x00, 0x00, 0x00, 0x00, 0x00, 0x00,
    0x00, 0x00, 0x00, 0x00, 0x00, 0x00, 0x00, 0x00, 0x00, 0x00, 0x00, 0x00, 0x00, 0x00, 0x00, 0x00,
    0x00, 0x00, 0x00, 0x00, 0x00, 0x00, 0x00, 0x03, 0x00, 0x00, 0x00, 0x00, 0x5b, 0x5a, 0x58, 0xa7,
    0x34, 0x33, 0x32, 0xff, 0x30, 0x2f, 0x2e, 0xfb, 0x2f, 0x2f, 0x2e, 0xff, 0x2f, 0x2e, 0x2d, 0xff,
    0x2f, 0x2f, 0x2d, 0xff, 0x27, 0x27, 0x26, 0xfb, 0x36, 0x42, 0x30, 0xff, 0x69, 0x71, 0x5f, 0x80,
    0x00, 0x00, 0x00, 0x00, 0x3f, 0x3f, 0x3f, 0x04, 0x00, 0x00, 0x00, 0x00, 0x7f, 0xff, 0x7f, 0x02,
    0x00, 0x00, 0x00, 0x00, 0x70, 0xdc, 0x77, 0xb7, 0x74, 0xe6, 0x79, 0xff, 0x3c, 0xdc, 0x57, 0xfc,
    0x2b, 0xe3, 0x51, 0xff, 0x2f, 0xe2, 0x52, 0xff, 0x2e, 0xe2, 0x52, 0xff, 0x2e, 0xe2, 0x52, 0xff,
    0x2e, 0xe2, 0x51, 0xff, 0x2e, 0xe2, 0x52, 0xff, 0x2e, 0xe0, 0x51, 0xff, 0x30, 0xed, 0x56, 0xff,
    0x28, 0xa6, 0x3c, 0xff, 0x36, 0x34, 0x33, 0xff, 0x75, 0x71, 0x6f, 0xff, 0x7a, 0x75, 0x74, 0xff,
    0x79, 0x74, 0x73, 0xff, 0x7a, 0x74, 0x74, 0xff, 0x7a, 0x74, 0x73, 0xff, 0x79, 0x73, 0x73, 0xff,
    0x7b, 0x75, 0x75, 0xff, 0x7e, 0x78, 0x77, 0xff, 0x3d, 0x3c, 0x3b, 0xff, 0x52, 0x4e, 0x4d, 0xff,
    0x78, 0x71, 0x72, 0xff, 0x74, 0x65, 0x6b, 0xff, 0x69, 0x5c, 0x62, 0xff, 0x68, 0x5b, 0x61, 0xff,
    0x69, 0x5b, 0x61, 0xff, 0x6c, 0x5c, 0x65, 0xff, 0x78, 0x6e, 0x71, 0xff, 0x76, 0x70, 0x6f, 0xff,
    0x72, 0x6c, 0x6c, 0xff, 0x75, 0x6f, 0x6f, 0xff, 0x77, 0x67, 0x6f, 0xff, 0x6b, 0x5d, 0x63, 0xff,
    0x6a, 0x5c, 0x62, 0xff, 0x6c, 0x5e, 0x63, 0xff, 0x6c, 0x5d, 0x65, 0xff, 0x75, 0x6b, 0x6f, 0xff,
    0x76, 0x71, 0x6f, 0xff, 0x73, 0x6d, 0x6d, 0xff, 0x75, 0x70, 0x6f, 0xff, 0x79, 0x6a, 0x71, 0xff,
    0x6e, 0x5f, 0x66, 0xff, 0x6b, 0x5d, 0x63, 0xff, 0x6b, 0x5d, 0x63, 0xff, 0x6c, 0x5d, 0x65, 0xff,
    0x76, 0x6a, 0x6f, 0xff, 0x7e, 0x78, 0x77, 0xff, 0x62, 0x5e, 0x5d, 0xff, 0x35, 0x35, 0x33, 0xff,
    0x77, 0x71, 0x71, 0xff, 0x83, 0x7c, 0x7c, 0xff, 0x7d, 0x77, 0x76, 0xff, 0x7f, 0x78, 0x78, 0xff,
    0x7f, 0x78, 0x78, 0xff, 0x7f, 0x79, 0x78, 0xff, 0x7d, 0x78, 0x77, 0xff, 0x8a, 0x81, 0x82, 0xff,
    0x7d, 0x81, 0x76, 0xff, 0x27, 0xc0, 0x3e, 0xff, 0x32, 0xea, 0x59, 0xff, 0x33, 0xe4, 0x58, 0xff,
    0x32, 0xe5, 0x58, 0xff, 0x33, 0xe5, 0x58, 0xff, 0x33, 0xe5, 0x58, 0xff, 0x33, 0xe5, 0x59, 0xff,
    0x33, 0xe5, 0x59, 0xff, 0x33, 0xe6, 0x5a, 0xff, 0x3a, 0xe7, 0x62, 0xfb, 0x3e, 0xf8, 0x69, 0xff,
    0x3c, 0xe8, 0x63, 0x9c, 0x00, 0x00, 0x00, 0x00, 0x3f, 0xbf, 0x3f, 0x04, 0x00, 0x00, 0x00, 0x00,
    0x00, 0x00, 0x00, 0x00, 0x00, 0x00, 0x00, 0x00, 0x00, 0x00, 0x00, 0x00, 0x00, 0x00, 0x00, 0x00,
    0x00, 0x00, 0x00, 0x00, 0x00, 0x00, 0x00, 0x00, 0x00, 0x00, 0x00, 0x00, 0x00, 0x00, 0x00, 0x00,
    0x00, 0x00, 0x00, 0x00, 0x00, 0x00, 0x00, 0x03, 0x00, 0x00, 0x00, 0x00, 0x5b, 0x58, 0x57, 0xaa,
    0x34, 0x33, 0x32, 0xff, 0x30, 0x2f, 0x2e, 0xfb, 0x2f, 0x2e, 0x2e, 0xff, 0x2f, 0x2e, 0x2d, 0xff,
    0x2f, 0x2e, 0x2e, 0xff, 0x25, 0x26, 0x24, 0xfd, 0x3e, 0x49, 0x37, 0xff, 0x7f, 0x83, 0x78, 0x44,
    0x00, 0x00, 0x00, 0x00, 0x55, 0x55, 0x55, 0x03, 0x00, 0x00, 0x00, 0x00, 0x7f, 0xff, 0x7f, 0x02,
    0x00, 0x00, 0x00, 0x00, 0x6d, 0xdd, 0x74, 0xb5, 0x76, 0xe6, 0x7b, 0xff, 0x3b, 0xdc, 0x56, 0xfc,
    0x2b, 0xe3, 0x51, 0xff, 0x2f, 0xe2, 0x52, 0xff, 0x2e, 0xe2, 0x52, 0xff, 0x2e, 0xe2, 0x52, 0xff,
    0x2e, 0xe2, 0x51, 0xff, 0x2e, 0xe3, 0x52, 0xff, 0x2e, 0xe0, 0x51, 0xff, 0x32, 0xee, 0x57, 0xff,
    0x28, 0x88, 0x35, 0xff, 0x40, 0x38, 0x3c, 0xff, 0x7a, 0x76, 0x74, 0xff, 0x79, 0x73, 0x73, 0xff,
    0x79, 0x73, 0x73, 0xff, 0x7a, 0x74, 0x74, 0xff, 0x79, 0x73, 0x73, 0xff, 0x7b, 0x75, 0x75, 0xff,
    0x7d, 0x76, 0x76, 0xff, 0x3b, 0x45, 0x39, 0xff, 0x4e, 0x4f, 0x4b, 0xff, 0x81, 0x77, 0x79, 0xff,
    0x79, 0x74, 0x72, 0xff, 0x5b, 0x9f, 0x63, 0xff, 0x35, 0xad, 0x49, 0xff, 0x32, 0xa9, 0x47, 0xff,
    0x31, 0xa8, 0x45, 0xff, 0x2b, 0x88, 0x36, 0xff, 0x4b, 0x5a, 0x49, 0xff, 0x76, 0x6b, 0x6f, 0xff,
    0x7f, 0x78, 0x78, 0xff, 0x7e, 0x73, 0x75, 0xff, 0x61, 0x9c, 0x67, 0xff, 0x37, 0xac, 0x4b, 0xff,
    0x35, 0xa7, 0x48, 0xff, 0x34, 0xa8, 0x48, 0xff, 0x2b, 0x8d, 0x38, 0xff, 0x47, 0x5c, 0x45, 0xff,
    0x75, 0x68, 0x6f, 0xff, 0x82, 0x7c, 0x7c, 0xff, 0x81, 0x75, 0x78, 0xff, 0x64, 0x97, 0x69, 0xff,
    0x39, 0xaf, 0x4d, 0xff, 0x34, 0xa9, 0x49, 0xff, 0x35, 0xab, 0x4a, 0xff, 0x2c, 0x94, 0x3a, 0xff,
    0x43, 0x61, 0x42, 0xff, 0x71, 0x65, 0x6b, 0xff, 0x8f, 0x87, 0x87, 0xff, 0x67, 0x6a, 0x62, 0xff,
    0x33, 0x3a, 0x32, 0xff, 0x75, 0x6e, 0x6f, 0xff, 0x83, 0x7c, 0x7c, 0xff, 0x7d, 0x77, 0x76, 0xff,
    0x7e, 0x78, 0x78, 0xff, 0x7f, 0x79, 0x78, 0xff, 0x7e, 0x78, 0x78, 0xff, 0x83, 0x7e, 0x7d, 0xff,
    0x89, 0x7f, 0x80, 0xff, 0x31, 0xaf, 0x41, 0xff, 0x2e, 0xe9, 0x55, 0xff, 0x34, 0xe4, 0x59, 0xff,
    0x32, 0xe5, 0x58, 0xff, 0x32, 0xe5, 0x58, 0xff, 0x32, 0xe5, 0x58, 0xff, 0x33, 0xe5, 0x59, 0xff,
    0x34, 0xe5, 0x59, 0xff, 0x35, 0xe6, 0x5a, 0xff, 0x3d, 0xe8, 0x64, 0xfb, 0x3d, 0xf8, 0x69, 0xff,
    0x3e, 0xe8, 0x65, 0x9c, 0x00, 0x00, 0x00, 0x00, 0x3f, 0xbf, 0x3f, 0x04, 0x00, 0x00, 0x00, 0x00,
    0x00, 0x00, 0x00, 0x00, 0x00, 0x00, 0x00, 0x00, 0x00, 0x00, 0x00, 0x00, 0x00, 0x00, 0x00, 0x00,
    0x00, 0x00, 0x00, 0x00, 0x00, 0x00, 0x00, 0x00, 0x00, 0x00, 0x00, 0x00, 0x00, 0x00, 0x00, 0x00,
    0x00, 0x00, 0x00, 0x00, 0x00, 0x00, 0x00, 0x03, 0x01, 0x01, 0x01, 0x00, 0x5a, 0x58, 0x57, 0xac,
    0x34, 0x33, 0x32, 0xff, 0x2f, 0x2e, 0x2d, 0xfc, 0x2f, 0x2e, 0x2d, 0xff, 0x2e, 0x2d, 0x2c, 0xff,
    0x30, 0x2e, 0x2d, 0xfe, 0x25, 0x28, 0x23, 0xff, 0x46, 0x50, 0x3e, 0xef, 0xcc, 0xcc, 0xbf, 0x14,
    0x00, 0x00, 0x00, 0x00, 0xff, 0xff, 0xff, 0x01, 0x00, 0x00, 0x00, 0x00, 0x7f, 0xff, 0x7f, 0x02,
    0x00, 0x00, 0x00, 0x00, 0x6f, 0xdc, 0x76, 0xb7, 0x73, 0xe6, 0x79, 0xff, 0x3c, 0xdc, 0x57, 0xfc,
    0x2b, 0xe4, 0x51, 0xff, 0x2e, 0xe2, 0x52, 0xff, 0x2e, 0xe2, 0x52, 0xff, 0x2e, 0xe2, 0x52, 0xff,
    0x2e, 0xe2, 0x52, 0xff, 0x2e, 0xe2, 0x52, 0xff, 0x2e, 0xe1, 0x52, 0xff, 0x33, 0xeb, 0x56, 0xff,
    0x28, 0x68, 0x2f, 0xff, 0x4d, 0x44, 0x49, 0xff, 0x7d, 0x79, 0x76, 0xff, 0x78, 0x72, 0x72, 0xff,
    0x79, 0x73, 0x73, 0xff, 0x78, 0x73, 0x72, 0xff, 0x7d, 0x76, 0x76, 0xff, 0x7d, 0x76, 0x77, 0xff,
    0x3b, 0x46, 0x3a, 0xff, 0x54, 0x51, 0x50, 0xff, 0x85, 0x79, 0x7e, 0xff, 0x7b, 0x83, 0x77, 0xff,
    0x42, 0xc7, 0x59, 0xff, 0x2a, 0xe9, 0x4f, 0xff, 0x2b, 0xeb, 0x51, 0xff, 0x2b, 0xeb, 0x51, 0xff,
    0x2b, 0xeb, 0x51, 0xff, 0x29, 0xe9, 0x4d, 0xff, 0x1b, 0xc0, 0x34, 0xff, 0x34, 0x61, 0x37, 0xff,
    0x7c, 0x76, 0x76, 0xff, 0x48, 0xc7, 0x5d, 0xff, 0x28, 0xec, 0x4f, 0xff, 0x29, 0xf0, 0x50, 0xff,
    0x29, 0xf1, 0x51, 0xff, 0x29, 0xf2, 0x51, 0xff, 0x28, 0xef, 0x4f, 0xff, 0x1b, 0xcb, 0x37, 0xff,
    0x2a, 0x6a, 0x30, 0xff, 0x7a, 0x6e, 0x73, 0xff, 0x57, 0xbe, 0x66, 0xff, 0x2c, 0xe7, 0x51, 0xff,
    0x2b, 0xec, 0x52, 0xff, 0x2c, 0xeb, 0x53, 0xff, 0x2d, 0xec, 0x53, 0xff, 0x2b, 0xec, 0x50, 0xff,
    0x20, 0xd1, 0x3d, 0xff, 0x28, 0x71, 0x2e, 0xff, 0x6b, 0x61, 0x65, 0xff, 0x90, 0x82, 0x88, 0xff,
    0x6c, 0x6a, 0x67, 0xff, 0x33, 0x3b, 0x32, 0xff, 0x77, 0x6f, 0x71, 0xff, 0x82, 0x7c, 0x7b, 0xff,
    0x7e, 0x77, 0x77, 0xff, 0x7f, 0x78, 0x78, 0xff, 0x7e, 0x78, 0x77, 0xff, 0x80, 0x7c, 0x7a, 0xff,
    0x8f, 0x7f, 0x85, 0xff, 0x3f, 0x9e, 0x48, 0xff, 0x2a, 0xe6, 0x4f, 0xff, 0x34, 0xe5, 0x5a, 0xff,
    0x33, 0xe5, 0x58, 0xff, 0x33, 0xe5, 0x58, 0xff, 0x33, 0xe5, 0x59, 0xff, 0x33, 0xe5, 0x58, 0xff,
    0x33, 0xe5, 0x59, 0xff, 0x33, 0xe6, 0x5a, 0xff, 0x3c, 0xe8, 0x63, 0xfb, 0x3e, 0xf8, 0x69, 0xff,
    0x3f, 0xe8, 0x66, 0x9c, 0x00, 0x00, 0x00, 0x00, 0x3f, 0xbf, 0x3f, 0x04, 0x00, 0x00, 0x00, 0x00,
    0x00, 0x00, 0x00, 0x00, 0x00, 0x00, 0x00, 0x00, 0x00, 0x00, 0x00, 0x00, 0x00, 0x00, 0x00, 0x00,
    0x00, 0x00, 0x00, 0x00, 0x00, 0x00, 0x00, 0x00, 0x00, 0x00, 0x00, 0x00, 0x00, 0x00, 0x00, 0x00,
    0x00, 0x00, 0x00, 0x00, 0x00, 0x00, 0x00, 0x03, 0x01, 0x01, 0x01, 0x00, 0x5c, 0x59, 0x57, 0xae,
    0x33, 0x32, 0x31, 0xff, 0x2f, 0x2e, 0x2d, 0xfc, 0x2f, 0x2e, 0x2d, 0xff, 0x2e, 0x2d, 0x2c, 0xff,
    0x2d, 0x2c, 0x2c, 0xfc, 0x29, 0x2f, 0x26, 0xff, 0x55, 0x5c, 0x4b, 0xbc, 0x03, 0x02, 0x03, 0x00,
    0x00, 0x00, 0x00, 0x02, 0x00, 0x00, 0x00, 0x00, 0x00, 0x00, 0x00, 0x00, 0x7f, 0xff, 0x7f, 0x02,
    0x00, 0x00, 0x00, 0x00, 0x6b, 0xdd, 0x74, 0xb6, 0x6f, 0xe5, 0x76, 0xff, 0x3b, 0xdc, 0x56, 0xfc,
    0x2c, 0xe4, 0x52, 0xff, 0x2e, 0xe2, 0x52, 0xff, 0x2e, 0xe2, 0x52, 0xff, 0x2f, 0xe3, 0x52, 0xff,
    0x2e, 0xe2, 0x52, 0xff, 0x2d, 0xe1, 0x51, 0xff, 0x2e, 0xe3, 0x53, 0xff, 0x2f, 0xdf, 0x4f, 0xff,
    0x28, 0x4f, 0x2b, 0xff, 0x5a, 0x52, 0x56, 0xff, 0x7e, 0x79, 0x78, 0xff, 0x79, 0x72, 0x73, 0xff,
    0x79, 0x73, 0x73, 0xff, 0x7c, 0x75, 0x75, 0xff, 0x7e, 0x77, 0x77, 0xff, 0x3c, 0x44, 0x39, 0xff,
    0x58, 0x52, 0x53, 0xff, 0x61, 0x71, 0x5e, 0xff, 0x60, 0x5c, 0x5b, 0xff, 0x79, 0x99, 0x79, 0xff,
    0x2e, 0xe9, 0x52, 0xff, 0x2d, 0xe0, 0x50, 0xff, 0x2e, 0xe0, 0x51, 0xff, 0x2e, 0xe0, 0x51, 0xff,
    0x2e, 0xdf, 0x51, 0xff, 0x31, 0xdd, 0x54, 0xff, 0x2b, 0xf2, 0x51, 0xff, 0x20, 0x88, 0x2c, 0xff,
    0x75, 0x73, 0x70, 0xff, 0x3d, 0xdf, 0x5b, 0xff, 0x2f, 0xd2, 0x4f, 0xff, 0x3b, 0xc7, 0x54, 0xff,
    0x3e, 0xc3, 0x56, 0xff, 0x3d, 0xc3, 0x55, 0xff, 0x3c, 0xcb, 0x57, 0xff, 0x34, 0xe4, 0x55, 0xff,
    0x2b, 0x85, 0x35, 0xff, 0x71, 0x72, 0x6c, 0xff, 0x38, 0xea, 0x5b, 0xff, 0x2b, 0xe4, 0x51, 0xff,
    0x32, 0xdf, 0x54, 0xff, 0x30, 0xe0, 0x53, 0xff, 0x2e, 0xe1, 0x52, 0xff, 0x30, 0xe0, 0x54, 0xff,
    0x32, 0xf0, 0x59, 0xff, 0x1d, 0xa8, 0x30, 0xff, 0x68, 0x5d, 0x61, 0xff, 0x64, 0x82, 0x63, 0xff,
    0x57, 0x65, 0x54, 0xff, 0x6a, 0x66, 0x65, 0xff, 0x35, 0x3d, 0x34, 0xff, 0x75, 0x6e, 0x6f, 0xff,
    0x82, 0x7b, 0x7b, 0xff, 0x7e, 0x77, 0x77, 0xff, 0x7f, 0x78, 0x78, 0xff, 0x7f, 0x7b, 0x79, 0xff,
    0x91, 0x80, 0x88, 0xff, 0x52, 0x92, 0x55, 0xff, 0x25, 0xe0, 0x48, 0xff, 0x36, 0xe5, 0x5b, 0xff,
    0x33, 0xe4, 0x58, 0xff, 0x33, 0xe5, 0x59, 0xff, 0x34, 0xe5, 0x59, 0xff, 0x33, 0xe5, 0x59, 0xff,
    0x33, 0xe5, 0x59, 0xff, 0x36, 0xe6, 0x5b, 0xff, 0x3d, 0xe8, 0x63, 0xfb, 0x3e, 0xf8, 0x6a, 0xff,
    0x3e, 0xe9, 0x66, 0x9b, 0x00, 0x00, 0x00, 0x00, 0x3f, 0xbf, 0x3f, 0x04, 0x00, 0x00, 0x00, 0x00,
    0x00, 0x00, 0x00, 0x00, 0x00, 0x00, 0x00, 0x00, 0x00, 0x00, 0x00, 0x00, 0x00, 0x00, 0x00, 0x00,
    0x00, 0x00, 0x00, 0x00, 0x00, 0x00, 0x00, 0x00, 0x00, 0x00, 0x00, 0x00, 0x00, 0x00, 0x00, 0x00,
    0x00, 0x00, 0x00, 0x00, 0x00, 0x00, 0x00, 0x02, 0x02, 0x02, 0x02, 0x00, 0x5c, 0x59, 0x57, 0xae,
    0x33, 0x32, 0x31, 0xfb, 0x2f, 0x2e, 0x2d, 0xfa, 0x2f, 0x2e, 0x2d, 0xfe, 0x2e, 0x2d, 0x2c, 0xff,
    0x2b, 0x29, 0x29, 0xfb, 0x31, 0x36, 0x2c, 0xff, 0x67, 0x6e, 0x5e, 0x71, 0x00, 0x00, 0x00, 0x00,
    0x3f, 0x3f, 0x3f, 0x04, 0x00, 0x00, 0x00, 0x00, 0x00, 0x00, 0x00, 0x00, 0x7f, 0xff, 0x7f, 0x02,
    0x00, 0x00, 0x00, 0x00, 0x66, 0xda, 0x70, 0xb8, 0x6e, 0xe5, 0x75, 0xff, 0x3e, 0xdc, 0x58, 0xfc,
    0x2b, 0xe4, 0x51, 0xff, 0x2e, 0xe2, 0x52, 0xff, 0x2e, 0xe2, 0x52, 0xff, 0x2e, 0xe2, 0x52, 0xff,
    0x2e, 0xe2, 0x52, 0xff, 0x2e, 0xe2, 0x51, 0xff, 0x2f, 0xe5, 0x54, 0xff, 0x2f, 0xd9, 0x4e, 0xff,
    0x28, 0x48, 0x2a, 0xff, 0x60, 0x58, 0x5b, 0xff, 0x7d, 0x78, 0x77, 0xff, 0x78, 0x73, 0x72, 0xff,
    0x7a, 0x73, 0x73, 0xff, 0x7f, 0x79, 0x78, 0xff, 0x3f, 0x49, 0x3c, 0xff, 0x54, 0x4b, 0x4e, 0xff,
    0x6e, 0xa0, 0x72, 0xff, 0x24, 0xd9, 0x42, 0xff, 0x2b, 0x65, 0x2e, 0xff, 0x74, 0x8a, 0x74, 0xff,
    0x32, 0xe6, 0x55, 0xff, 0x2d, 0xe1, 0x50, 0xff, 0x2e, 0xe2, 0x51, 0xff, 0x2e, 0xe0, 0x52, 0xff,
    0x2e, 0xe5, 0x53, 0xff, 0x2a, 0xea, 0x50, 0xff, 0x2d, 0xd9, 0x4d, 0xff, 0x3a, 0x71, 0x3f, 0xff,
    0x78, 0x6a, 0x70, 0xff, 0x78, 0x7c, 0x73, 0xff, 0x6f, 0x72, 0x6a, 0xff, 0x7a, 0x70, 0x73, 0xff,
    0x7e, 0x70, 0x75, 0xff, 0x7e, 0x71, 0x76, 0xff, 0x7c, 0x74, 0x75, 0xff, 0x76, 0x7b, 0x71, 0xff,
    0x6f, 0x6c, 0x6a, 0xff, 0x84, 0x7f, 0x7d, 0xff, 0x52, 0xbe, 0x65, 0xff, 0x2d, 0xe4, 0x53, 0xff,
    0x2a, 0xe9, 0x51, 0xff, 0x2f, 0xe3, 0x54, 0xff, 0x31, 0xe2, 0x54, 0xff, 0x30, 0xe2, 0x54, 0xff,
    0x30, 0xec, 0x57, 0xff, 0x20, 0xa5, 0x34, 0xff, 0x6c, 0x64, 0x65, 0xff, 0x46, 0xdc, 0x60, 0xff,
    0x12, 0xac, 0x27, 0xff, 0x51, 0x60, 0x4f, 0xff, 0x67, 0x65, 0x62, 0xff, 0x35, 0x3d, 0x34, 0xff,
    0x77, 0x70, 0x71, 0xff, 0x80, 0x7a, 0x7a, 0xff, 0x7f, 0x78, 0x78, 0xff, 0x7d, 0x79, 0x77, 0xff,
    0x90, 0x81, 0x88, 0xff, 0x56, 0x8d, 0x57, 0xff, 0x24, 0xdb, 0x45, 0xff, 0x36, 0xe7, 0x5c, 0xff,
    0x32, 0xe4, 0x57, 0xff, 0x32, 0xe5, 0x57, 0xff, 0x33, 0xe5, 0x59, 0xff, 0x33, 0xe5, 0x5a, 0xff,
    0x34, 0xe5, 0x59, 0xff, 0x34, 0xe6, 0x5a, 0xff, 0x3e, 0xe8, 0x65, 0xfb, 0x3e, 0xf8, 0x69, 0xff,
    0x3e, 0xe9, 0x66, 0x9c, 0x00, 0x00, 0x00, 0x00, 0x3f, 0xbf, 0x3f, 0x04, 0x00, 0x00, 0x00, 0x00,
    0x00, 0x00, 0x00, 0x00, 0x00, 0x00, 0x00, 0x00, 0x00, 0x00, 0x00, 0x00, 0x00, 0x00, 0x00, 0x00,
    0x00, 0x00, 0x00, 0x00, 0x00, 0x00, 0x00, 0x00, 0x00, 0x00, 0x00, 0x00, 0x00, 0x00, 0x00, 0x00,
    0x00, 0x00, 0x00, 0x00, 0x00, 0x00, 0x00, 0x02, 0x02, 0x02, 0x03, 0x00, 0x5c, 0x5a, 0x58, 0xbc,
    0x34, 0x33, 0x32, 0xff, 0x2e, 0x2d, 0x2c, 0xff, 0x2d, 0x2c, 0x2b, 0xff, 0x2e, 0x2d, 0x2c, 0xfb,
    0x29, 0x28, 0x27, 0xfb, 0x37, 0x3c, 0x32, 0xf9, 0x9b, 0xa1, 0x95, 0x29, 0x00, 0x00, 0x00, 0x00,
    0x7f, 0x7f, 0x7f, 0x02, 0x00, 0x00, 0x00, 0x00, 0x00, 0x00, 0x00, 0x00, 0x7f, 0xff, 0x7f, 0x02,
    0x00, 0x00, 0x00, 0x00, 0x63, 0xdb, 0x6d, 0xb6, 0x6d, 0xe5, 0x74, 0xff, 0x3c, 0xdc, 0x57, 0xfc,
    0x2b, 0xe3, 0x51, 0xff, 0x2f, 0xe2, 0x52, 0xff, 0x2e, 0xe2, 0x52, 0xff, 0x2e, 0xe2, 0x52, 0xff,
    0x2e, 0xe3, 0x52, 0xff, 0x2e, 0xe2, 0x51, 0xff, 0x2e, 0xe5, 0x53, 0xff, 0x31, 0xd9, 0x4f, 0xff,
    0x28, 0x49, 0x2a, 0xff, 0x60, 0x58, 0x5b, 0xff, 0x7e, 0x78, 0x77, 0xff, 0x77, 0x71, 0x71, 0xff,
    0x80, 0x79, 0x79, 0xff, 0x64, 0x64, 0x5f, 0xff, 0x33, 0x31, 0x30, 0xff, 0x75, 0x98, 0x76, 0xff,
    0x30, 0xe2, 0x53, 0xff, 0x25, 0xe9, 0x4a, 0xff, 0x2f, 0x78, 0x35, 0xff, 0x6d, 0x84, 0x6d, 0xff,
    0x32, 0xe7, 0x55, 0xff, 0x2d, 0xe0, 0x51, 0xff, 0x2f, 0xe2, 0x53, 0xff, 0x2b, 0xeb, 0x51, 0xff,
    0x2f, 0xd4, 0x4e, 0xff, 0x47, 0x99, 0x53, 0xff, 0x63, 0x6f, 0x60, 0xff, 0x78, 0x69, 0x70, 0xff,
    0x81, 0x75, 0x7a, 0xff, 0x81, 0x76, 0x7a, 0xff, 0x7d, 0x78, 0x76, 0xff, 0x72, 0x77, 0x6e, 0xff,
    0x6d, 0x76, 0x6a, 0xff, 0x6c, 0x74, 0x68, 0xff, 0x73, 0x75, 0x6e, 0xff, 0x7c, 0x75, 0x76, 0xff,
    0x82, 0x78, 0x7b, 0xff, 0x85, 0x78, 0x7c, 0xff, 0x85, 0x76, 0x7c, 0xff, 0x73, 0x8c, 0x73, 0xff,
    0x53, 0xb9, 0x64, 0xff, 0x30, 0xe4, 0x55, 0xff, 0x2c, 0xe8, 0x52, 0xff, 0x31, 0xe0, 0x54, 0xff,
    0x31, 0xeb, 0x57, 0xff, 0x21, 0xa5, 0x34, 0xff, 0x67, 0x64, 0x61, 0xff, 0x46, 0xdb, 0x63, 0xff,
    0x2b, 0xed, 0x51, 0xff, 0x16, 0xa6, 0x29, 0xff, 0x63, 0x67, 0x5e, 0xff, 0x46, 0x49, 0x44, 0xff,
    0x5c, 0x59, 0x57, 0xff, 0x85, 0x7e, 0x7e, 0xff, 0x7e, 0x78, 0x77, 0xff, 0x7e, 0x7a, 0x78, 0xff,
    0x8d, 0x7e, 0x85, 0xff, 0x55, 0x8d, 0x57, 0xff, 0x23, 0xdc, 0x45, 0xff, 0x35, 0xe7, 0x5b, 0xff,
    0x33, 0xe4, 0x58, 0xff, 0x33, 0xe5, 0x59, 0xff, 0x33, 0xe5, 0x59, 0xff, 0x33, 0xe5, 0x59, 0xff,
    0x33, 0xe5, 0x59, 0xff, 0x34, 0xe5, 0x59, 0xff, 0x3d, 0xe8, 0x63, 0xfb, 0x3e, 0xf8, 0x6a, 0xff,
    0x3f, 0xe8, 0x66, 0x9c, 0x00, 0x00, 0x00, 0x00, 0x3f, 0xbf, 0x3f, 0x04, 0x00, 0x00, 0x00, 0x00,
    0x00, 0x00, 0x00, 0x00, 0x00, 0x00, 0x00, 0x00, 0x00, 0x00, 0x00, 0x00, 0x00, 0x00, 0x00, 0x00,
    0x00, 0x00, 0x00, 0x00, 0x00, 0x00, 0x00, 0x00, 0x00, 0x00, 0x00, 0x00, 0x00, 0x00, 0x00, 0x00,
    0x00, 0x00, 0x00, 0x00, 0x00, 0x00, 0x00, 0x01, 0x01, 0x01, 0x01, 0x00, 0x78, 0x74, 0x74, 0x44,
    0x4d, 0x4b, 0x4b, 0x9b, 0x3e, 0x3d, 0x3b, 0xd5, 0x35, 0x34, 0x34, 0xfd, 0x34, 0x32, 0x31, 0xff,
    0x2a, 0x2b, 0x28, 0xff, 0x3e, 0x44, 0x39, 0xcf, 0xff, 0xff, 0xff, 0x01, 0x00, 0x00, 0x00, 0x01,
    0x00, 0x00, 0x00, 0x00, 0x00, 0x00, 0x00, 0x00, 0x00, 0x00, 0x00, 0x00, 0x7f, 0xff, 0x7f, 0x02,
    0x00, 0x00, 0x00, 0x00, 0x69, 0xda, 0x72, 0xb7, 0x70, 0xe5, 0x76, 0xff, 0x3a, 0xdc, 0x53, 0xfc,
    0x2c, 0xe3, 0x52, 0xff, 0x2f, 0xe2, 0x52, 0xff, 0x2e, 0xe2, 0x52, 0xff, 0x2f, 0xe2, 0x52, 0xff,
    0x2e, 0xe2, 0x52, 0xff, 0x2d, 0xe1, 0x51, 0xff, 0x2f, 0xe5, 0x53, 0xff, 0x2e, 0xd9, 0x4d, 0xff,
    0x28, 0x49, 0x2a, 0xff, 0x61, 0x59, 0x5c, 0xff, 0x7e, 0x79, 0x78, 0xff, 0x77, 0x71, 0x71, 0xff,
    0x81, 0x7b, 0x7b, 0xff, 0x55, 0x56, 0x52, 0xff, 0x3c, 0x30, 0x37, 0xff, 0x67, 0xb3, 0x71, 0xff,
    0x29, 0xe8, 0x50, 0xff, 0x25, 0xec, 0x49, 0xff, 0x2c, 0x77, 0x34, 0xff, 0x71, 0x88, 0x71, 0xff,
    0x2e, 0xed, 0x54, 0xff, 0x2a, 0xe8, 0x51, 0xff, 0x2b, 0xe7, 0x4f, 0xff, 0x3c, 0xa8, 0x4d, 0xff,
    0x60, 0x6b, 0x5d, 0xff, 0x7b, 0x64, 0x71, 0xff, 0x85, 0x76, 0x7d, 0xff, 0x7b, 0x86, 0x77, 0xff,
    0x58, 0x7e, 0x59, 0xff, 0x36, 0x66, 0x3a, 0xff, 0x22, 0x50, 0x26, 0xff, 0x1d, 0x42, 0x1f, 0xff,
    0x1a, 0x3a, 0x1b, 0xff, 0x1b, 0x3a, 0x1d, 0xff, 0x1d, 0x40, 0x1f, 0xff, 0x22, 0x48, 0x24, 0xff,
    0x34, 0x57, 0x35, 0xff, 0x53, 0x68, 0x51, 0xff, 0x71, 0x73, 0x6d, 0xff, 0x86, 0x74, 0x7d, 0xff,
    0x89, 0x75, 0x7f, 0xff, 0x76, 0x91, 0x76, 0xff, 0x47, 0xcd, 0x60, 0xff, 0x2a, 0xe8, 0x51, 0xff,
    0x2e, 0xf3, 0x57, 0xff, 0x1e, 0xa6, 0x32, 0xff, 0x6b, 0x64, 0x64, 0xff, 0x45, 0xe0, 0x63, 0xff,
    0x29, 0xea, 0x52, 0xff, 0x22, 0xd3, 0x40, 0xff, 0x4a, 0x68, 0x49, 0xff, 0x4d, 0x46, 0x49, 0xff,
    0x5c, 0x5a, 0x58, 0xff, 0x84, 0x7d, 0x7c, 0xff, 0x7c, 0x76, 0x76, 0xff, 0x7e, 0x7a, 0x78, 0xff,
    0x8f, 0x80, 0x87, 0xff, 0x57, 0x8f, 0x59, 0xff, 0x24, 0xdc, 0x45, 0xff, 0x36, 0xe6, 0x5b, 0xff,
    0x33, 0xe4, 0x57, 0xff, 0x34, 0xe5, 0x59, 0xff, 0x33, 0xe5, 0x59, 0xff, 0x32, 0xe5, 0x58, 0xff,
    0x33, 0xe5, 0x58, 0xff, 0x35, 0xe6, 0x5a, 0xff, 0x3d, 0xe8, 0x64, 0xfb, 0x3f, 0xf8, 0x6a, 0xff,
    0x3e, 0xe9, 0x65, 0x9c, 0x00, 0x00, 0x00, 0x00, 0x3f, 0xbf, 0x3f, 0x04, 0x00, 0x00, 0x00, 0x00,
    0x00, 0x00, 0x00, 0x00, 0x00, 0x00, 0x00, 0x00, 0x00, 0x00, 0x00, 0x00, 0x00, 0x00, 0x00, 0x00,
    0x00, 0x00, 0x00, 0x00, 0x00, 0x00, 0x00, 0x00, 0x00, 0x00, 0x00, 0x00, 0x00, 0x00, 0x00, 0x00,
    0x00, 0x00, 0x00, 0x00, 0x00, 0x00, 0x00, 0x00, 0x00, 0x00, 0x00, 0x00, 0x00, 0x00, 0x00, 0x00,
    0x00, 0x00, 0x00, 0x00, 0xff, 0xff, 0xff, 0x03, 0x6e, 0x6e, 0x6e, 0x2e, 0x52, 0x52, 0x52, 0x69,
    0x43, 0x45, 0x42, 0xb1, 0x55, 0x5c, 0x52, 0x6c, 0x00, 0x00, 0x00, 0x00, 0x55, 0x55, 0x55, 0x03,
    0x00, 0x00, 0x00, 0x00, 0x00, 0x00, 0x00, 0x00, 0x00, 0x00, 0x00, 0x00, 0x7f, 0xff, 0x7f, 0x02,
    0x00, 0x00, 0x00, 0x00, 0x69, 0xdb, 0x71, 0xba, 0x6b, 0xe4, 0x72, 0xff, 0x3c, 0xdc, 0x56, 0xfc,
    0x2b, 0xe3, 0x51, 0xff, 0x2f, 0xe2, 0x52, 0xff, 0x2e, 0xe2, 0x52, 0xff, 0x2e, 0xe2, 0x52, 0xff,
    0x2e, 0xe2, 0x52, 0xff, 0x2d, 0xe1, 0x51, 0xff, 0x2f, 0xe4, 0x53, 0xff, 0x2e, 0xd9, 0x4d, 0xff,
    0x28, 0x49, 0x2a, 0xff, 0x60, 0x58, 0x5b, 0xff, 0x7d, 0x78, 0x77, 0xff, 0x78, 0x72, 0x71, 0xff,
    0x82, 0x7b, 0x7b, 0xff, 0x5b, 0x5a, 0x57, 0xff, 0x39, 0x2f, 0x35, 0xff, 0x6e, 0xa8, 0x75, 0xff,
    0x27, 0xe8, 0x4d, 0xff, 0x39, 0xaf, 0x4c, 0xff, 0x59, 0x5b, 0x54, 0xff, 0x7c, 0x6b, 0x74, 0xff,
    0x5e, 0xb2, 0x6b, 0xff, 0x35, 0xcf, 0x51, 0xff, 0x48, 0x88, 0x50, 0xff, 0x70, 0x5f, 0x68, 0xff,
    0x84, 0x73, 0x7b, 0xff, 0x7d, 0x8b, 0x7a, 0xff, 0x54, 0x83, 0x57, 0xff, 0x1e, 0x4d, 0x23, 0xff,
    0x02, 0x1f, 0x06, 0xff, 0x00, 0x05, 0x00, 0xff, 0x00, 0x00, 0x00, 0xff, 0x18, 0x13, 0x16, 0xff,
    0x23, 0x1c, 0x21, 0xff, 0x2a, 0x23, 0x27, 0xff, 0x1f, 0x1a, 0x1c, 0xff, 0x0c, 0x0c, 0x0c, 0xff,
    0x03, 0x0c, 0x04, 0xff, 0x03, 0x1b, 0x06, 0xff, 0x15, 0x3d, 0x18, 0xff, 0x40, 0x60, 0x40, 0xff,
    0x70, 0x72, 0x6b, 0xff, 0x87, 0x74, 0x7e, 0xff, 0x87, 0x7e, 0x7e, 0xff, 0x5b, 0xb8, 0x6a, 0xff,
    0x38, 0xcb, 0x53, 0xff, 0x4c, 0x73, 0x4f, 0xff, 0x75, 0x5c, 0x6b, 0xff, 0x70, 0x9b, 0x75, 0xff,
    0x42, 0xe1, 0x62, 0xff, 0x1c, 0xd0, 0x3c, 0xff, 0x50, 0x64, 0x4d, 0xff, 0x4d, 0x48, 0x49, 0xff,
    0x5d, 0x5a, 0x58, 0xff, 0x85, 0x7e, 0x7e, 0xff, 0x7d, 0x77, 0x77, 0xff, 0x7d, 0x79, 0x77, 0xff,
    0x91, 0x81, 0x88, 0xff, 0x58, 0x8f, 0x59, 0xff, 0x24, 0xdc, 0x45, 0xff, 0x35, 0xe7, 0x5b, 0xff,
    0x32, 0xe4, 0x57, 0xff, 0x33, 0xe5, 0x58, 0xff, 0x33, 0xe5, 0x59, 0xff, 0x33, 0xe5, 0x5a, 0xff,
    0x33, 0xe5, 0x59, 0xff, 0x35, 0xe6, 0x5b, 0xff, 0x3e, 0xe8, 0x64, 0xfb, 0x3c, 0xf8, 0x67, 0xff,
    0x3c, 0xe9, 0x65, 0x9c, 0x00, 0x00, 0x00, 0x00, 0x3f, 0xbf, 0x3f, 0x04, 0x00, 0x00, 0x00, 0x00,
    0x00, 0x00, 0x00, 0x00, 0x00, 0x00, 0x00, 0x00, 0x00, 0x00, 0x00, 0x00, 0x00, 0x00, 0x00, 0x00,
    0x00, 0x00, 0x00, 0x00, 0x00, 0x00, 0x00, 0x00, 0x00, 0x00, 0x00, 0x00, 0x00, 0x00, 0x00, 0x00,
    0x00, 0x00, 0x00, 0x00, 0x00, 0x00, 0x00, 0x00, 0x00, 0x00, 0x00, 0x00, 0x55, 0x55, 0x55, 0x03,
    0x00, 0x00, 0x00, 0x03, 0x00, 0x00, 0x00, 0x00, 0x00, 0x00, 0x00, 0x00, 0x00, 0x00, 0x00, 0x00,
    0x02, 0x02, 0x02, 0x00, 0x01, 0x00, 0x01, 0x00, 0x00, 0x00, 0x00, 0x00, 0x00, 0x00, 0x00, 0x00,
    0x00, 0x00, 0x00, 0x00, 0x00, 0x00, 0x00, 0x00, 0x00, 0x00, 0x00, 0x00, 0x7f, 0xff, 0x7f, 0x02,
    0x00, 0x00, 0x00, 0x00, 0x6a, 0xdc, 0x73, 0xb8, 0x6d, 0xe4, 0x74, 0xff, 0x38, 0xdb, 0x52, 0xfc,
    0x2c, 0xe3, 0x51, 0xff, 0x2f, 0xe2, 0x52, 0xff, 0x2e, 0xe2, 0x51, 0xff, 0x2d, 0xe2, 0x51, 0xff,
    0x2e, 0xe2, 0x52, 0xff, 0x2e, 0xe1, 0x52, 0xff, 0x2e, 0xe4, 0x53, 0xff, 0x2d, 0xd9, 0x4c, 0xff,
    0x28, 0x48, 0x2a, 0xff, 0x5f, 0x57, 0x5a, 0xff, 0x7d, 0x78, 0x77, 0xff, 0x77, 0x72, 0x71, 0xff,
    0x82, 0x7b, 0x7b, 0xff, 0x59, 0x56, 0x55, 0xff, 0x32, 0x32, 0x30, 0xff, 0x82, 0x82, 0x7c, 0xff,
    0x67, 0x77, 0x65, 0xff, 0x6d, 0x65, 0x65, 0xff, 0x58, 0xa0, 0x61, 0xff, 0x27, 0x80, 0x31, 0xff,
    0x64, 0x5b, 0x5d, 0xff, 0x78, 0x71, 0x71, 0xff, 0x76, 0x66, 0x6e, 0xff, 0x87, 0x7f, 0x80, 0xff,
    0x6c, 0x92, 0x6d, 0xff, 0x21, 0x52, 0x27, 0xff, 0x00, 0x0d, 0x00, 0xff, 0x00, 0x00, 0x00, 0xff,
    0x00, 0x00, 0x00, 0xff, 0x02, 0x04, 0x02, 0xff, 0x01, 0x05, 0x01, 0xff, 0x18, 0x19, 0x17, 0xff,
    0x33, 0x31, 0x30, 0xff, 0x3a, 0x39, 0x37, 0xff, 0x2a, 0x29, 0x28, 0xff, 0x1a, 0x19, 0x19, 0xff,
    0x11, 0x0e, 0x10, 0xff, 0x08, 0x03, 0x08, 0xff, 0x01, 0x00, 0x00, 0xff, 0x00, 0x11, 0x00, 0xff,
    0x14, 0x3e, 0x18, 0xff, 0x54, 0x68, 0x52, 0xff, 0x81, 0x74, 0x7a, 0xff, 0x83, 0x77, 0x7a, 0xff,
    0x7b, 0x6d, 0x72, 0xff, 0x75, 0x89, 0x74, 0xff, 0x30, 0x9c, 0x3f, 0xff, 0x44, 0x5d, 0x41, 0xff,
    0x73, 0x6f, 0x6d, 0xff, 0x62, 0x84, 0x64, 0xff, 0x7b, 0x76, 0x74, 0xff, 0x4a, 0x4a, 0x47, 0xff,
    0x5d, 0x59, 0x59, 0xff, 0x85, 0x7e, 0x7e, 0xff, 0x7e, 0x77, 0x77, 0xff, 0x7d, 0x79, 0x77, 0xff,
    0x8e, 0x7f, 0x86, 0xff, 0x56, 0x8d, 0x58, 0xff, 0x24, 0xdb, 0x46, 0xff, 0x35, 0xe6, 0x5b, 0xff,
    0x33, 0xe4, 0x58, 0xff, 0x33, 0xe5, 0x58, 0xff, 0x33, 0xe5, 0x58, 0xff, 0x34, 0xe5, 0x59, 0xff,
    0x33, 0xe5, 0x58, 0xff, 0x35, 0xe6, 0x5a, 0xff, 0x3d, 0xe8, 0x63, 0xfb, 0x3d, 0xf7, 0x68, 0xff,
    0x3e, 0xe9, 0x66, 0x9c, 0x00, 0x00, 0x00, 0x00, 0x3f, 0xbf, 0x3f, 0x04, 0x00, 0x00, 0x00, 0x00,
    0x00, 0x00, 0x00, 0x00, 0x00, 0x00, 0x00, 0x00, 0x00, 0x00, 0x00, 0x00, 0x00, 0x00, 0x00, 0x00,
    0x00, 0x00, 0x00, 0x00, 0x00, 0x00, 0x00, 0x00, 0x00, 0x00, 0x00, 0x00, 0x00, 0x00, 0x00, 0x00,
    0x00, 0x00, 0x00, 0x00, 0x00, 0x00, 0x00, 0x00, 0x00, 0x00, 0x00, 0x00, 0x00, 0x00, 0x00, 0x00,
    0x00, 0x00, 0x00, 0x00, 0x00, 0x00, 0x00, 0x01, 0x7f, 0x7f, 0x7f, 0x02, 0x3f, 0x3f, 0x3f, 0x04,
    0x00, 0x00, 0x00, 0x02, 0x00, 0x00, 0x00, 0x01, 0x00, 0x00, 0x00, 0x00, 0x00, 0x00, 0x00, 0x00,
    0x00, 0x00, 0x00, 0x00, 0x00, 0x00, 0x00, 0x00, 0x00, 0x00, 0x00, 0x00, 0x7f, 0xff, 0x7f, 0x02,
    0x00, 0x00, 0x00, 0x00, 0x6a, 0xdc, 0x73, 0xb8, 0x76, 0xe5, 0x7b, 0xff, 0x3d, 0xdb, 0x57, 0xfc,
    0x2c, 0xe4, 0x51, 0xff, 0x2f, 0xe2, 0x53, 0xff, 0x2e, 0xe2, 0x52, 0xff, 0x2e, 0xe2, 0x52, 0xff,
    0x2f, 0xe2, 0x52, 0xff, 0x2d, 0xe1, 0x51, 0xff, 0x2e, 0xe4, 0x53, 0xff, 0x32, 0xd9, 0x50, 0xff,
    0x29, 0x48, 0x2a, 0xff, 0x60, 0x58, 0x5b, 0xff, 0x7d, 0x78, 0x77, 0xff, 0x78, 0x72, 0x71, 0xff,
    0x81, 0x7a, 0x7b, 0xff, 0x59, 0x56, 0x55, 0xff, 0x30, 0x32, 0x2f, 0xff, 0x7f, 0x76, 0x77, 0xff,
    0x61, 0x8d, 0x64, 0xff, 0x3d, 0xcf, 0x57, 0xff, 0x2d, 0xf1, 0x53, 0xff, 0x1b, 0xc7, 0x36, 0xff,
    0x47, 0x54, 0x44, 0xff, 0x7f, 0x73, 0x78, 0xff, 0x87, 0x86, 0x80, 0xff, 0x5a, 0x8b, 0x5c, 0xff,
    0x09, 0x28, 0x0e, 0xff, 0x00, 0x00, 0x00, 0xff, 0x04, 0x01, 0x04, 0xff, 0x02, 0x03, 0x02, 0xff,
    0x00, 0x00, 0x00, 0xff, 0x00, 0x02, 0x00, 0xff, 0x01, 0x04, 0x01, 0xff, 0x0d, 0x0e, 0x0d, 0xff,
    0x1b, 0x1a, 0x1a, 0xff, 0x1b, 0x1a, 0x1a, 0xff, 0x16, 0x15, 0x15, 0xff, 0x11, 0x11, 0x10, 0xff,
    0x0c, 0x0c, 0x0b, 0xff, 0x07, 0x08, 0x07, 0xff, 0x05, 0x06, 0x05, 0xff, 0x03, 0x00, 0x03, 0xff,
    0x00, 0x00, 0x00, 0xff, 0x03, 0x27, 0x06, 0xff, 0x3f, 0x5d, 0x3f, 0xff, 0x7a, 0x74, 0x74, 0xff,
    0x87, 0x77, 0x7e, 0xff, 0x71, 0xa9, 0x77, 0xff, 0x27, 0xf2, 0x4f, 0xff, 0x21, 0xd3, 0x3f, 0xff,
    0x26, 0x8a, 0x31, 0xff, 0x4f, 0x56, 0x4b, 0xff, 0x88, 0x7e, 0x81, 0xff, 0x49, 0x4b, 0x46, 0xff,
    0x5d, 0x59, 0x58, 0xff, 0x85, 0x7e, 0x7e, 0xff, 0x7e, 0x77, 0x77, 0xff, 0x7d, 0x79, 0x77, 0xff,
    0x8f, 0x80, 0x87, 0xff, 0x56, 0x8d, 0x58, 0xff, 0x24, 0xdc, 0x45, 0xff, 0x35, 0xe6, 0x5b, 0xff,
    0x31, 0xe4, 0x57, 0xff, 0x32, 0xe5, 0x58, 0xff, 0x33, 0xe5, 0x59, 0xff, 0x34, 0xe5, 0x59, 0xff,
    0x33, 0xe5, 0x59, 0xff, 0x34, 0xe5, 0x59, 0xff, 0x3a, 0xe7, 0x61, 0xfb, 0x3c, 0xf8, 0x68, 0xff,
    0x3f, 0xe9, 0x66, 0x9c, 0x00, 0x00, 0x00, 0x00, 0x3f, 0xbf, 0x3f, 0x04, 0x00, 0x00, 0x00, 0x00,
    0x00, 0x00, 0x00, 0x00, 0x00, 0x00, 0x00, 0x00, 0x00, 0x00, 0x00, 0x00, 0x00, 0x00, 0x00, 0x00,
    0x00, 0x00, 0x00, 0x00, 0x00, 0x00, 0x00, 0x00, 0x00, 0x00, 0x00, 0x00, 0x00, 0x00, 0x00, 0x00,
    0x00, 0x00, 0x00, 0x00, 0x00, 0x00, 0x00, 0x00, 0x00, 0x00, 0x00, 0x00, 0x00, 0x00, 0x00, 0x00,
    0x00, 0x00, 0x00, 0x00, 0x00, 0x00, 0x00, 0x00, 0x00, 0x00, 0x00, 0x00, 0x00, 0x00, 0x00, 0x00,
    0x00, 0x00, 0x00, 0x00, 0x00, 0x00, 0x00, 0x00, 0x00, 0x00, 0x00, 0x00, 0x00, 0x00, 0x00, 0x00,
    0x00, 0x00, 0x00, 0x00, 0x00, 0x00, 0x00, 0x00, 0x00, 0x00, 0x00, 0x00, 0x7f, 0xff, 0x7f, 0x02,
    0x00, 0x00, 0x00, 0x00, 0x6a, 0xdb, 0x72, 0xb9, 0x70, 0xe4, 0x75, 0xff, 0x3b, 0xdc, 0x55, 0xfc,
    0x2c, 0xe3, 0x51, 0xff, 0x2f, 0xe2, 0x52, 0xff, 0x2f, 0xe2, 0x52, 0xff, 0x2e, 0xe2, 0x52, 0xff,
    0x2e, 0xe2, 0x51, 0xff, 0x2e, 0xe1, 0x51, 0xff, 0x30, 0xe5, 0x55, 0xff, 0x2f, 0xd9, 0x4d, 0xff,
    0x28, 0x48, 0x2a, 0xff, 0x60, 0x58, 0x5b, 0xff, 0x7e, 0x78, 0x77, 0xff, 0x77, 0x71, 0x71, 0xff,
    0x82, 0x7b, 0x7b, 0xff, 0x57, 0x56, 0x53, 0xff, 0x38, 0x2f, 0x34, 0xff, 0x6d, 0xa1, 0x72, 0xff,
    0x2a, 0xea, 0x4f, 0xff, 0x2b, 0xe4, 0x4f, 0xff, 0x2c, 0xe6, 0x50, 0xff, 0x3b, 0x81, 0x45, 0xff,
    0x72, 0x61, 0x69, 0xff, 0x8a, 0x88, 0x83, 0xff, 0x56, 0x89, 0x59, 0xff, 0x04, 0x16, 0x06, 0xff,
    0x04, 0x00, 0x02, 0xff, 0x06, 0x07, 0x06, 0xff, 0x02, 0x03, 0x02, 0xff, 0x01, 0x01, 0x01, 0xff,
    0x06, 0x07, 0x06, 0xff, 0x0f, 0x0f, 0x0f, 0xff, 0x15, 0x15, 0x14, 0xff, 0x16, 0x16, 0x16, 0xff,
    0x16, 0x15, 0x15, 0xff, 0x15, 0x15, 0x15, 0xff, 0x16, 0x15, 0x16, 0xff, 0x15, 0x14, 0x14, 0xff,
    0x11, 0x11, 0x11, 0xff, 0x0a, 0x0a, 0x09, 0xff, 0x02, 0x02, 0x02, 0xff, 0x02, 0x03, 0x02, 0xff,
    0x03, 0x03, 0x04, 0xff, 0x01, 0x00, 0x01, 0xff, 0x00, 0x1c, 0x02, 0xff, 0x39, 0x59, 0x3a, 0xff,
    0x7d, 0x73, 0x77, 0xff, 0x88, 0x7b, 0x7f, 0xff, 0x52, 0xbf, 0x65, 0xff, 0x2c, 0xec, 0x54, 0xff,
    0x2e, 0xed, 0x52, 0xff, 0x15, 0xb2, 0x2b, 0xff, 0x56, 0x62, 0x52, 0xff, 0x4c, 0x49, 0x48, 0xff,
    0x5c, 0x59, 0x58, 0xff, 0x84, 0x7e, 0x7d, 0xff, 0x7e, 0x78, 0x78, 0xff, 0x7e, 0x7a, 0x77, 0xff,
    0x90, 0x80, 0x87, 0xff, 0x56, 0x8d, 0x58, 0xff, 0x24, 0xdc, 0x46, 0xff, 0x36, 0xe7, 0x5c, 0xff,
    0x32, 0xe4, 0x57, 0xff, 0x32, 0xe5, 0x58, 0xff, 0x33, 0xe5, 0x59, 0xff, 0x33, 0xe5, 0x59, 0xff,
    0x33, 0xe5, 0x59, 0xff, 0x35, 0xe5, 0x5a, 0xff, 0x42, 0xe8, 0x66, 0xfb, 0x3e, 0xf8, 0x69, 0xff,
    0x3e, 0xe8, 0x65, 0x9c, 0x00, 0x00, 0x00, 0x00, 0x3f, 0xbf, 0x3f, 0x04, 0x00, 0x00, 0x00, 0x00,
    0x00, 0x00, 0x00, 0x00, 0x00, 0x00, 0x00, 0x00, 0x00, 0x00, 0x00, 0x00, 0x00, 0x00, 0x00, 0x00,
    0x00, 0x00, 0x00, 0x00, 0x00, 0x00, 0x00, 0x00, 0x00, 0x00, 0x00, 0x00, 0x00, 0x00, 0x00, 0x00,
    0x00, 0x00, 0x00, 0x00, 0x00, 0x00, 0x00, 0x00, 0x00, 0x00, 0x00, 0x00, 0x00, 0x00, 0x00, 0x00,
    0x00, 0x00, 0x00, 0x00, 0x00, 0x00, 0x00, 0x00, 0x00, 0x00, 0x00, 0x00, 0x00, 0x00, 0x00, 0x00,
    0x00, 0x00, 0x00, 0x00, 0x00, 0x00, 0x00, 0x00, 0x00, 0x00, 0x00, 0x00, 0x00, 0x00, 0x00, 0x00,
    0x00, 0x00, 0x00, 0x00, 0x00, 0x00, 0x00, 0x00, 0x00, 0x00, 0x00, 0x00, 0x7f, 0xff, 0x7f, 0x02,
    0x00, 0x00, 0x00, 0x00, 0x6a, 0xda, 0x71, 0xb8, 0x6d, 0xe4, 0x73, 0xff, 0x37, 0xdb, 0x51, 0xfc,
    0x2d, 0xe4, 0x52, 0xff, 0x2e, 0xe2, 0x52, 0xff, 0x2e, 0xe2, 0x52, 0xff, 0x2e, 0xe2, 0x51, 0xff,
    0x2e, 0xe2, 0x51, 0xff, 0x2e, 0xe1, 0x51, 0xff, 0x2e, 0xe5, 0x53, 0xff, 0x31, 0xd9, 0x4f, 0xff,
    0x28, 0x48, 0x2a, 0xff, 0x60, 0x58, 0x5b, 0xff, 0x7e, 0x78, 0x77, 0xff, 0x77, 0x71, 0x71, 0xff,
    0x82, 0x7b, 0x7b, 0xff, 0x56, 0x56, 0x53, 0xff, 0x3a, 0x30, 0x35, 0xff, 0x6b, 0xb0, 0x73, 0xff,
    0x2a, 0xe5, 0x4f, 0xff, 0x2e, 0xe9, 0x52, 0xff, 0x2c, 0xa7, 0x41, 0xff, 0x64, 0x57, 0x5d, 0xff,
    0x8b, 0x81, 0x83, 0xff, 0x60, 0x92, 0x64, 0xff, 0x0a, 0x1e, 0x0d, 0xff, 0x0a, 0x03, 0x08, 0xff,
    0x0a, 0x0b, 0x09, 0xff, 0x04, 0x03, 0x03, 0xff, 0x05, 0x05, 0x05, 0xff, 0x13, 0x13, 0x13, 0xff,
    0x1a, 0x1a, 0x1a, 0xff, 0x1a, 0x1a, 0x1a, 0xff, 0x19, 0x19, 0x19, 0xff, 0x19, 0x19, 0x19, 0xff,
    0x1a, 0x19, 0x19, 0xff, 0x1a, 0x19, 0x19, 0xff, 0x1a, 0x19, 0x1a, 0xff, 0x1a, 0x1a, 0x1a, 0xff,
    0x1b, 0x1a, 0x1a, 0xff, 0x1b, 0x1a, 0x1a, 0xff, 0x13, 0x12, 0x12, 0xff, 0x04, 0x04, 0x04, 0xff,
    0x00, 0x01, 0x00, 0xff, 0x03, 0x04, 0x03, 0xff, 0x01, 0x00, 0x01, 0xff, 0x00, 0x1e, 0x02, 0xff,
    0x46, 0x5f, 0x45, 0xff, 0x84, 0x74, 0x7c, 0xff, 0x84, 0x87, 0x7e, 0xff, 0x3a, 0xd7, 0x5a, 0xff,
    0x30, 0xe8, 0x57, 0xff, 0x22, 0xd2, 0x3f, 0xff, 0x4d, 0x69, 0x4b, 0xff, 0x4d, 0x47, 0x49, 0xff,
    0x5d, 0x5a, 0x58, 0xff, 0x84, 0x7d, 0x7d, 0xff, 0x7d, 0x77, 0x77, 0xff, 0x7e, 0x79, 0x77, 0xff,
    0x90, 0x80, 0x87, 0xff, 0x56, 0x8c, 0x57, 0xff, 0x25, 0xdc, 0x46, 0xff, 0x35, 0xe6, 0x5a, 0xff,
    0x32, 0xe4, 0x57, 0xff, 0x34, 0xe5, 0x59, 0xff, 0x35, 0xe5, 0x5a, 0xff, 0x33, 0xe5, 0x59, 0xff,
    0x33, 0xe5, 0x59, 0xff, 0x34, 0xe5, 0x5a, 0xff, 0x3c, 0xe7, 0x63, 0xfb, 0x3e, 0xf8, 0x69, 0xff,
    0x41, 0xe8, 0x66, 0x9c, 0x00, 0x00, 0x00, 0x00, 0x3f, 0xbf, 0x3f, 0x04, 0x00, 0x00, 0x00, 0x00,
    0x00, 0x00, 0x00, 0x00, 0x00, 0x00, 0x00, 0x00, 0x00, 0x00, 0x00, 0x00, 0x00, 0x00, 0x00, 0x00,
    0x00, 0x00, 0x00, 0x00, 0x00, 0x00, 0x00, 0x00, 0x00, 0x00, 0x00, 0x00, 0x00, 0x00, 0x00, 0x00,
    0x00, 0x00, 0x00, 0x00, 0x00, 0x00, 0x00, 0x00, 0x00, 0x00, 0x00, 0x00, 0x00, 0x00, 0x00, 0x00,
    0x00, 0x00, 0x00, 0x00, 0x00, 0x00, 0x00, 0x00, 0x00, 0x00, 0x00, 0x00, 0x00, 0x00, 0x00, 0x00,
    0x00, 0x00, 0x00, 0x00, 0x00, 0x00, 0x00, 0x00, 0x00, 0x00, 0x00, 0x00, 0x00, 0x00, 0x00, 0x00,
    0x00, 0x00, 0x00, 0x00, 0x00, 0x00, 0x00, 0x00, 0x00, 0x00, 0x00, 0x00, 0x7f, 0xff, 0x7f, 0x02,
    0x00, 0x00, 0x00, 0x00, 0x66, 0xda, 0x6e, 0xb8, 0x6f, 0xe4, 0x75, 0xff, 0x3c, 0xdc, 0x56, 0xfc,
    0x2b, 0xe3, 0x51, 0xff, 0x2f, 0xe2, 0x52, 0xff, 0x2e, 0xe2, 0x51, 0xff, 0x2e, 0xe2, 0x52, 0xff,
    0x2e, 0xe2, 0x52, 0xff, 0x2e, 0xe2, 0x51, 0xff, 0x2f, 0xe5, 0x54, 0xff, 0x2f, 0xd9, 0x4c, 0xff,
    0x28, 0x48, 0x2a, 0xff, 0x5f, 0x58, 0x5a, 0xff, 0x7d, 0x78, 0x76, 0xff, 0x77, 0x71, 0x71, 0xff,
    0x82, 0x7b, 0x7b, 0xff, 0x56, 0x56, 0x53, 0xff, 0x39, 0x2f, 0x34, 0xff, 0x6e, 0xad, 0x75, 0xff,
    0x2d, 0xeb, 0x53, 0xff, 0x27, 0xd3, 0x47, 0xff, 0x46, 0x5e, 0x47, 0xff, 0x83, 0x6f, 0x7a, 0xff,
    0x7a, 0x9b, 0x79, 0xff, 0x20, 0x41, 0x23, 0xff, 0x10, 0x07, 0x0e, 0xff, 0x13, 0x14, 0x13, 0xff,
    0x0a, 0x0a, 0x0a, 0xff, 0x09, 0x09, 0x08, 0xff, 0x1b, 0x1a, 0x1a, 0xff, 0x20, 0x1f, 0x1f, 0xff,
    0x1f, 0x1d, 0x1d, 0xff, 0x1d, 0x1c, 0x1c, 0xff, 0x1c, 0x1b, 0x1b, 0xff, 0x1a, 0x19, 0x19, 0xff,
    0x19, 0x19, 0x19, 0xff, 0x19, 0x19, 0x19, 0xff, 0x1a, 0x19, 0x19, 0xff, 0x1a, 0x19, 0x19, 0xff,
    0x19, 0x19, 0x19, 0xff, 0x19, 0x19, 0x19, 0xff, 0x1b, 0x1b, 0x1b, 0xff, 0x19, 0x19, 0x18, 0xff,
    0x06, 0x06, 0x06, 0xff, 0x00, 0x01, 0x00, 0xff, 0x02, 0x05, 0x02, 0xff, 0x01, 0x04, 0x01, 0xff,
    0x09, 0x32, 0x0c, 0xff, 0x5f, 0x6a, 0x5c, 0xff, 0x8b, 0x76, 0x81, 0xff, 0x68, 0xa4, 0x70, 0xff,
    0x2f, 0xec, 0x57, 0xff, 0x22, 0xce, 0x3f, 0xff, 0x4e, 0x68, 0x4d, 0xff, 0x4b, 0x46, 0x47, 0xff,
    0x5d, 0x5a, 0x58, 0xff, 0x84, 0x7e, 0x7d, 0xff, 0x7e, 0x78, 0x78, 0xff, 0x7e, 0x7a, 0x78, 0xff,
    0x91, 0x82, 0x89, 0xff, 0x57, 0x8e, 0x59, 0xff, 0x24, 0xdb, 0x45, 0xff, 0x36, 0xe7, 0x5b, 0xff,
    0x33, 0xe5, 0x58, 0xff, 0x33, 0xe5, 0x59, 0xff, 0x34, 0xe5, 0x59, 0xff, 0x33, 0xe5, 0x58, 0xff,
    0x32, 0xe5, 0x58, 0xff, 0x35, 0xe6, 0x5b, 0xff, 0x3e, 0xe8, 0x64, 0xfb, 0x3d, 0xf8, 0x68, 0xff,
    0x3c, 0xe9, 0x65, 0x9c, 0x00, 0x00, 0x00, 0x00, 0x3f, 0xbf, 0x3f, 0x04, 0x00, 0x00, 0x00, 0x00,
    0x00, 0x00, 0x00, 0x00, 0x00, 0x00, 0x00, 0x00, 0x00, 0x00, 0x00, 0x00, 0x00, 0x00, 0x00, 0x00,
    0x00, 0x00, 0x00, 0x00, 0x00, 0x00, 0x00, 0x00, 0x00, 0x00, 0x00, 0x00, 0x00, 0x00, 0x00, 0x00,
    0x00, 0x00, 0x00, 0x00, 0x00, 0x00, 0x00, 0x00, 0x00, 0x00, 0x00, 0x00, 0x00, 0x00, 0x00, 0x00,
    0x00, 0x00, 0x00, 0x00, 0x00, 0x00, 0x00, 0x00, 0x00, 0x00, 0x00, 0x00, 0x00, 0x00, 0x00, 0x00,
    0x00, 0x00, 0x00, 0x00, 0x00, 0x00, 0x00, 0x00, 0x00, 0x00, 0x00, 0x00, 0x00, 0x00, 0x00, 0x00,
    0x00, 0x00, 0x00, 0x00, 0x00, 0x00, 0x00, 0x00, 0x00, 0x00, 0x00, 0x00, 0x7f, 0xff, 0x7f, 0x02,
    0x00, 0x00, 0x00, 0x00, 0x66, 0xdb, 0x6e, 0xb9, 0x6c, 0xe3, 0x72, 0xff, 0x39, 0xdc, 0x53, 0xfc,
    0x2b, 0xe3, 0x51, 0xff, 0x2f, 0xe2, 0x52, 0xff, 0x2e, 0xe2, 0x52, 0xff, 0x2e, 0xe2, 0x51, 0xff,
    0x2e, 0xe3, 0x52, 0xff, 0x2e, 0xe2, 0x52, 0xff, 0x2f, 0xe5, 0x53, 0xff, 0x2e, 0xd8, 0x4c, 0xff,
    0x28, 0x48, 0x2a, 0xff, 0x60, 0x58, 0x5b, 0xff, 0x7d, 0x77, 0x76, 0xff, 0x76, 0x70, 0x70, 0xff,
    0x82, 0x7b, 0x7a, 0xff, 0x56, 0x56, 0x53, 0xff, 0x39, 0x2f, 0x35, 0xff, 0x6a, 0xaf, 0x74, 0xff,
    0x27, 0xf5, 0x50, 0xff, 0x2a, 0x8d, 0x38, 0xff, 0x6b, 0x57, 0x62, 0xff, 0x8e, 0x93, 0x88, 0xff,
    0x4b, 0x7b, 0x4e, 0xff, 0x22, 0x1c, 0x1f, 0xff, 0x2c, 0x2b, 0x2a, 0xff, 0x1a, 0x19, 0x19, 0xff,
    0x0a, 0x0a, 0x0a, 0xff, 0x1b, 0x1a, 0x1a, 0xff, 0x1f, 0x1e, 0x1e, 0xff, 0x1f, 0x1d, 0x1d, 0xff,
    0x1f, 0x1e, 0x1e, 0xff, 0x1f, 0x1e, 0x1e, 0xff, 0x20, 0x1e, 0x1e, 0xff, 0x1e, 0x1d, 0x1d, 0xff,
    0x1b, 0x1a, 0x1b, 0xff, 0x1a, 0x19, 0x19, 0xff, 0x1a, 0x19, 0x19, 0xff, 0x1a, 0x19, 0x19, 0xff,
    0x1a, 0x19, 0x19, 0xff, 0x1a, 0x19, 0x19, 0xff, 0x19, 0x19, 0x19, 0xff, 0x1b, 0x1a, 0x1b, 0xff,
    0x1b, 0x1a, 0x1a, 0xff, 0x05, 0x07, 0x04, 0xff, 0x00, 0x04, 0x01, 0xff, 0x02, 0x00, 0x01, 0xff,
    0x00, 0x07, 0x00, 0xff, 0x26, 0x4d, 0x28, 0xff, 0x7b, 0x71, 0x74, 0xff, 0x88, 0x80, 0x80, 0xff,
    0x45, 0xd6, 0x62, 0xff, 0x1d, 0xd8, 0x3e, 0xff, 0x4c, 0x67, 0x4b, 0xff, 0x4a, 0x44, 0x47, 0xff,
    0x5c, 0x59, 0x57, 0xff, 0x85, 0x7e, 0x7e, 0xff, 0x7d, 0x77, 0x77, 0xff, 0x7d, 0x79, 0x77, 0xff,
    0x91, 0x81, 0x88, 0xff, 0x56, 0x8d, 0x58, 0xff, 0x24, 0xdb, 0x45, 0xff, 0x36, 0xe7, 0x5c, 0xff,
    0x33, 0xe4, 0x58, 0xff, 0x33, 0xe5, 0x58, 0xff, 0x33, 0xe5, 0x59, 0xff, 0x34, 0xe5, 0x59, 0xff,
    0x33, 0xe5, 0x58, 0xff, 0x35, 0xe5, 0x5b, 0xff, 0x3d, 0xe8, 0x63, 0xfb, 0x41, 0xf8, 0x6b, 0xff,
    0x3f, 0xe8, 0x66, 0x9d, 0x00, 0x00, 0x00, 0x00, 0x3f, 0xbf, 0x3f, 0x04, 0x00, 0x00, 0x00, 0x00,
    0x00, 0x00, 0x00, 0x00, 0x00, 0x00, 0x00, 0x00, 0x00, 0x00, 0x00, 0x00, 0x00, 0x00, 0x00, 0x00,
    0x00, 0x00, 0x00, 0x00, 0x00, 0x00, 0x00, 0x00, 0x00, 0x00, 0x00, 0x00, 0x00, 0x00, 0x00, 0x00,
    0x00, 0x00, 0x00, 0x00, 0x00, 0x00, 0x00, 0x00, 0x00, 0x00, 0x00, 0x00, 0x00, 0x00, 0x00, 0x00,
    0x00, 0x00, 0x00, 0x00, 0x00, 0x00, 0x00, 0x00, 0x00, 0x00, 0x00, 0x00, 0x00, 0x00, 0x00, 0x00,
    0x00, 0x00, 0x00, 0x00, 0x00, 0x00, 0x00, 0x00, 0x00, 0x00, 0x00, 0x00, 0x00, 0x00, 0x00, 0x00,
    0x00, 0x00, 0x00, 0x00, 0x00, 0x00, 0x00, 0x00, 0x00, 0x00, 0x00, 0x00, 0x7f, 0xff, 0x7f, 0x02,
    0x00, 0x00, 0x00, 0x00, 0x6b, 0xda, 0x72, 0xb7, 0x6f, 0xe5, 0x75, 0xff, 0x38, 0xdc, 0x52, 0xfc,
    0x2d, 0xe4, 0x52, 0xff, 0x2e, 0xe2, 0x52, 0xff, 0x2e, 0xe2, 0x51, 0xff, 0x2e, 0xe2, 0x52, 0xff,
    0x2f, 0xe2, 0x52, 0xff, 0x2e, 0xe1, 0x51, 0xff, 0x2f, 0xe5, 0x53, 0xff, 0x2f, 0xd9, 0x4d, 0xff,
    0x28, 0x48, 0x2a, 0xff, 0x61, 0x59, 0x5c, 0xff, 0x7d, 0x78, 0x76, 0xff, 0x76, 0x70, 0x70, 0xff,
    0x82, 0x7b, 0x7b, 0xff, 0x58, 0x57, 0x54, 0xff, 0x38, 0x2e, 0x34, 0xff, 0x72, 0xa9, 0x79, 0xff,
    0x26, 0xd2, 0x45, 0xff, 0x44, 0x5b, 0x43, 0xff, 0x84, 0x71, 0x7b, 0xff, 0x75, 0x9b, 0x75, 0xff,
    0x25, 0x3b, 0x27, 0xff, 0x2a, 0x23, 0x26, 0xff, 0x2c, 0x2b, 0x2a, 0xff, 0x0f, 0x0f, 0x0f, 0xff,
    0x15, 0x15, 0x15, 0xff, 0x20, 0x1f, 0x1f, 0xff, 0x1e, 0x1d, 0x1d, 0xff, 0x1f, 0x1e, 0x1e, 0xff,
    0x1f, 0x1e, 0x1e, 0xff, 0x20, 0x1e, 0x1e, 0xff, 0x20, 0x1e, 0x1e, 0xff, 0x20, 0x1e, 0x1f, 0xff,
    0x1f, 0x1e, 0x1e, 0xff, 0x1c, 0x1b, 0x1b, 0xff, 0x1a, 0x19, 0x19, 0xff, 0x1a, 0x19, 0x19, 0xff,
    0x1a, 0x19, 0x19, 0xff, 0x1a, 0x19, 0x19, 0xff, 0x1a, 0x1a, 0x19, 0xff, 0x19, 0x19, 0x19, 0xff,
    0x1c, 0x1b, 0x1b, 0xff, 0x17, 0x17, 0x17, 0xff, 0x00, 0x00, 0x00, 0xff, 0x04, 0x05, 0x04, 0xff,
    0x0e, 0x09, 0x0e, 0xff, 0x0b, 0x28, 0x0e, 0xff, 0x55, 0x66, 0x52, 0xff, 0x8c, 0x76, 0x81, 0xff,
    0x6d, 0xad, 0x76, 0xff, 0x20, 0xca, 0x3e, 0xff, 0x54, 0x63, 0x51, 0xff, 0x4c, 0x47, 0x48, 0xff,
    0x5c, 0x59, 0x58, 0xff, 0x86, 0x7e, 0x7e, 0xff, 0x7d, 0x77, 0x77, 0xff, 0x7c, 0x78, 0x76, 0xff,
    0x8f, 0x80, 0x87, 0xff, 0x55, 0x8d, 0x57, 0xff, 0x24, 0xdc, 0x46, 0xff, 0x36, 0xe6, 0x5b, 0xff,
    0x32, 0xe4, 0x57, 0xff, 0x33, 0xe5, 0x58, 0xff, 0x34, 0xe5, 0x58, 0xff, 0x34, 0xe5, 0x59, 0xff,
    0x35, 0xe5, 0x5a, 0xff, 0x35, 0xe5, 0x5a, 0xff, 0x3b, 0xe7, 0x61, 0xfb, 0x3e, 0xf8, 0x69, 0xff,
    0x3e, 0xe9, 0x66, 0x9b, 0x00, 0x00, 0x00, 0x00, 0x3f, 0xbf, 0x3f, 0x04, 0x00, 0x00, 0x00, 0x00,
    0x00, 0x00, 0x00, 0x00, 0x00, 0x00, 0x00, 0x00, 0x00, 0x00, 0x00, 0x00, 0x00, 0x00, 0x00, 0x00,
    0x00, 0x00, 0x00, 0x00, 0x00, 0x00, 0x00, 0x00, 0x00, 0x00, 0x00, 0x00, 0x00, 0x00, 0x00, 0x00,
    0x00, 0x00, 0x00, 0x00, 0x00, 0x00, 0x00, 0x00, 0x00, 0x00, 0x00, 0x00, 0x00, 0x00, 0x00, 0x00,
    0x00, 0x00, 0x00, 0x00, 0x00, 0x00, 0x00, 0x00, 0x00, 0x00, 0x00, 0x00, 0x00, 0x00, 0x00, 0x00,
    0x00, 0x00, 0x00, 0x00, 0x00, 0x00, 0x00, 0x00, 0x00, 0x00, 0x00, 0x00, 0x00, 0x00, 0x00, 0x00,
    0x00, 0x00, 0x00, 0x00, 0x00, 0x00, 0x00, 0x00, 0x00, 0x00, 0x00, 0x00, 0x7f, 0xff, 0x7f, 0x02,
    0x00, 0x00, 0x00, 0x00, 0x64, 0xda, 0x6e, 0xb7, 0x71, 0xe5, 0x77, 0xff, 0x39, 0xdb, 0x53, 0xfc,
    0x2c, 0xe4, 0x52, 0xff, 0x2f, 0xe2, 0x52, 0xff, 0x2e, 0xe2, 0x51, 0xff, 0x2d, 0xe2, 0x51, 0xff,
    0x2f, 0xe2, 0x52, 0xff, 0x2e, 0xe1, 0x51, 0xff, 0x2f, 0xe5, 0x54, 0xff, 0x30, 0xd9, 0x4e, 0xff,
    0x28, 0x48, 0x2a, 0xff, 0x60, 0x58, 0x5b, 0xff, 0x7d, 0x77, 0x76, 0xff, 0x76, 0x70, 0x70, 0xff,
    0x81, 0x7b, 0x7b, 0xff, 0x5a, 0x57, 0x55, 0xff, 0x31, 0x31, 0x2f, 0xff, 0x83, 0x7e, 0x7c, 0xff,
    0x69, 0x73, 0x66, 0xff, 0x6f, 0x66, 0x69, 0xff, 0x8b, 0x8b, 0x85, 0xff, 0x4d, 0x80, 0x52, 0xff,
    0x19, 0x18, 0x17, 0xff, 0x27, 0x27, 0x25, 0xff, 0x1d, 0x1c, 0x1b, 0xff, 0x0d, 0x0f, 0x0e, 0xff,
    0x1f, 0x1e, 0x1e, 0xff, 0x1e, 0x1d, 0x1d, 0xff, 0x1f, 0x1e, 0x1e, 0xff, 0x1f, 0x1e, 0x1e, 0xff,
    0x1f, 0x1e, 0x1e, 0xff, 0x1f, 0x1e, 0x1e, 0xff, 0x20, 0x1f, 0x1f, 0xff, 0x20, 0x1f, 0x1f, 0xff,
    0x20, 0x1f, 0x1f, 0xff, 0x1f, 0x1e, 0x1e, 0xff, 0x1c, 0x1c, 0x1c, 0xff, 0x1a, 0x1a, 0x1a, 0xff,
    0x1a, 0x19, 0x19, 0xff, 0x1a, 0x19, 0x19, 0xff, 0x1a, 0x19, 0x19, 0xff, 0x1a, 0x1a, 0x1a, 0xff,
    0x19, 0x19, 0x19, 0xff, 0x1d, 0x1c, 0x1c, 0xff, 0x13, 0x13, 0x13, 0xff, 0x16, 0x16, 0x15, 0xff,
    0x14, 0x12, 0x13, 0xff, 0x09, 0x12, 0x0a, 0xff, 0x2d, 0x4e, 0x2e, 0xff, 0x7e, 0x74, 0x77, 0xff,
    0x84, 0x7f, 0x7d, 0xff, 0x6a, 0x76, 0x67, 0xff, 0x7f, 0x78, 0x78, 0xff, 0x4a, 0x4b, 0x47, 0xff,
    0x5c, 0x59, 0x58, 0xff, 0x84, 0x7d, 0x7d, 0xff, 0x7e, 0x78, 0x77, 0xff, 0x7d, 0x79, 0x77, 0xff,
    0x8f, 0x80, 0x87, 0xff, 0x56, 0x8d, 0x58, 0xff, 0x24, 0xdb, 0x45, 0xff, 0x36, 0xe7, 0x5b, 0xff,
    0x33, 0xe4, 0x58, 0xff, 0x33, 0xe5, 0x58, 0xff, 0x33, 0xe5, 0x58, 0xff, 0x33, 0xe5, 0x58, 0xff,
    0x34, 0xe5, 0x59, 0xff, 0x35, 0xe5, 0x5b, 0xff, 0x3e, 0xe7, 0x64, 0xfb, 0x3e, 0xf8, 0x69, 0xff,
    0x3e, 0xe8, 0x65, 0x9c, 0x00, 0x00, 0x00, 0x00, 0x3f, 0xbf, 0x3f, 0x04, 0x00, 0x00, 0x00, 0x00,
    0x00, 0x00, 0x00, 0x00, 0x00, 0x00, 0x00, 0x00, 0x00, 0x00, 0x00, 0x00, 0x00, 0x00, 0x00, 0x00,
    0x00, 0x00, 0x00, 0x00, 0x00, 0x00, 0x00, 0x00, 0x00, 0x00, 0x00, 0x00, 0x00, 0x00, 0x00, 0x00,
    0x00, 0x00, 0x00, 0x00, 0x00, 0x00, 0x00, 0x00, 0x00, 0x00, 0x00, 0x00, 0x00, 0x00, 0x00, 0x00,
    0x00, 0x00, 0x00, 0x00, 0x00, 0x00, 0x00, 0x00, 0x00, 0x00, 0x00, 0x00, 0x00, 0x00, 0x00, 0x00,
    0x00, 0x00, 0x00, 0x00, 0x00, 0x00, 0x00, 0x00, 0x00, 0x00, 0x00, 0x00, 0x00, 0x00, 0x00, 0x00,
    0x00, 0x00, 0x00, 0x00, 0x00, 0x00, 0x00, 0x00, 0x00, 0x00, 0x00, 0x00, 0x7f, 0xff, 0x7f, 0x02,
    0x00, 0x00, 0x00, 0x00, 0x5d, 0xd9, 0x6a, 0xb9, 0x6d, 0xe4, 0x74, 0xff, 0x3a, 0xdb, 0x53, 0xfc,
    0x2d, 0xe3, 0x52, 0xff, 0x2e, 0xe2, 0x52, 0xff, 0x2d, 0xe2, 0x51, 0xff, 0x2e, 0xe2, 0x52, 0xff,
    0x2f, 0xe2, 0x52, 0xff, 0x2e, 0xe1, 0x51, 0xff, 0x2e, 0xe5, 0x53, 0xff, 0x30, 0xd9, 0x4e, 0xff,
    0x28, 0x48, 0x2a, 0xff, 0x60, 0x58, 0x5b, 0xff, 0x7d, 0x78, 0x77, 0xff, 0x76, 0x70, 0x70, 0xff,
    0x81, 0x7a, 0x7a, 0xff, 0x5a, 0x57, 0x56, 0xff, 0x30, 0x31, 0x2f, 0xff, 0x7d, 0x76, 0x77, 0xff,
    0x7c, 0x73, 0x75, 0xff, 0x7c, 0x70, 0x74, 0xff, 0x88, 0x9a, 0x84, 0xff, 0x2f, 0x58, 0x33, 0xff,
    0x1a, 0x16, 0x18, 0xff, 0x24, 0x25, 0x22, 0xff, 0x14, 0x16, 0x13, 0xff, 0x16, 0x17, 0x16, 0xff,
    0x20, 0x1e, 0x1f, 0xff, 0x1e, 0x1e, 0x1e, 0xff, 0x1f, 0x1e, 0x1e, 0xff, 0x1f, 0x1e, 0x1e, 0xff,
    0x1f, 0x1e, 0x1e, 0xff, 0x20, 0x1e, 0x1e, 0xff, 0x20, 0x1f, 0x1f, 0xff, 0x20, 0x1f, 0x1f, 0xff,
    0x20, 0x1f, 0x1f, 0xff, 0x20, 0x1f, 0x1f, 0xff, 0x1f, 0x1e, 0x1e, 0xff, 0x1c, 0x1b, 0x1b, 0xff,
    0x1a, 0x19, 0x19, 0xff, 0x1a, 0x19, 0x19, 0xff, 0x1a, 0x1a, 0x1a, 0xff, 0x1a, 0x19, 0x1a, 0xff,
    0x1a, 0x1a, 0x1a, 0xff, 0x1a, 0x1a, 0x1a, 0xff, 0x1e, 0x1e, 0x1d, 0xff, 0x18, 0x18, 0x17, 0xff,
    0x13, 0x14, 0x13, 0xff, 0x0d, 0x0b, 0x0d, 0xff, 0x14, 0x37, 0x17, 0xff, 0x6d, 0x6e, 0x68, 0xff,
    0x81, 0x79, 0x7a, 0xff, 0x7e, 0x74, 0x76, 0xff, 0x8b, 0x84, 0x84, 0xff, 0x47, 0x48, 0x44, 0xff,
    0x5d, 0x59, 0x58, 0xff, 0x85, 0x7e, 0x7d, 0xff, 0x7d, 0x77, 0x77, 0xff, 0x7d, 0x79, 0x77, 0xff,
    0x8f, 0x7f, 0x87, 0xff, 0x55, 0x8c, 0x57, 0xff, 0x24, 0xdc, 0x46, 0xff, 0x35, 0xe6, 0x5b, 0xff,
    0x32, 0xe4, 0x57, 0xff, 0x33, 0xe5, 0x58, 0xff, 0x33, 0xe5, 0x58, 0xff, 0x33, 0xe5, 0x58, 0xff,
    0x33, 0xe5, 0x59, 0xff, 0x35, 0xe5, 0x5b, 0xff, 0x40, 0xe8, 0x64, 0xfb, 0x3e, 0xf8, 0x69, 0xff,
    0x3e, 0xe9, 0x65, 0x9c, 0x00, 0x00, 0x00, 0x00, 0x3f, 0xbf, 0x3f, 0x04, 0x00, 0x00, 0x00, 0x00,
    0x00, 0x00, 0x00, 0x00, 0x00, 0x00, 0x00, 0x00, 0x00, 0x00, 0x00, 0x00, 0x00, 0x00, 0x00, 0x00,
    0x00, 0x00, 0x00, 0x00, 0x00, 0x00, 0x00, 0x00, 0x00, 0x00, 0x00, 0x00, 0x00, 0x00, 0x00, 0x00,
    0x00, 0x00, 0x00, 0x00, 0x00, 0x00, 0x00, 0x00, 0x00, 0x00, 0x00, 0x00, 0x00, 0x00, 0x00, 0x00,
    0x00, 0x00, 0x00, 0x00, 0x00, 0x00, 0x00, 0x00, 0x00, 0x00, 0x00, 0x00, 0x00, 0x00, 0x00, 0x00,
    0x00, 0x00, 0x00, 0x00, 0x00, 0x00, 0x00, 0x00, 0x00, 0x00, 0x00, 0x00, 0x00, 0x00, 0x00, 0x00,
    0x00, 0x00, 0x00, 0x00, 0x00, 0x00, 0x00, 0x00, 0x00, 0x00, 0x00, 0x00, 0x7f, 0xff, 0x7f, 0x02,
    0x00, 0x00, 0x00, 0x00, 0x5f, 0xd9, 0x68, 0xb9, 0x6b, 0xe4, 0x72, 0xff, 0x3b, 0xdc, 0x55, 0xfc,
    0x2c, 0xe4, 0x52, 0xff, 0x2e, 0xe2, 0x52, 0xff, 0x2e, 0xe2, 0x51, 0xff, 0x2e, 0xe2, 0x52, 0xff,
    0x2e, 0xe2, 0x52, 0xff, 0x2e, 0xe1, 0x51, 0xff, 0x2f, 0xe5, 0x54, 0xff, 0x31, 0xd9, 0x4f, 0xff,
    0x29, 0x48, 0x2a, 0xff, 0x60, 0x58, 0x5b, 0xff, 0x7d, 0x78, 0x76, 0xff, 0x76, 0x70, 0x70, 0xff,
    0x81, 0x7a, 0x7a, 0xff, 0x5a, 0x57, 0x56, 0xff, 0x30, 0x32, 0x2f, 0xff, 0x7e, 0x77, 0x77, 0xff,
    0x77, 0x74, 0x71, 0xff, 0x7f, 0x73, 0x77, 0xff, 0x7c, 0xa0, 0x7b, 0xff, 0x1e, 0x37, 0x20, 0xff,
    0x1c, 0x1a, 0x1a, 0xff, 0x20, 0x21, 0x1f, 0xff, 0x16, 0x19, 0x15, 0xff, 0x1c, 0x1c, 0x1b, 0xff,
    0x1f, 0x1e, 0x1e, 0xff, 0x1f, 0x1e, 0x1e, 0xff, 0x1f, 0x1e, 0x1e, 0xff, 0x1f, 0x1e, 0x1e, 0xff,
    0x20, 0x1e, 0x1e, 0xff, 0x1f, 0x1e, 0x1e, 0xff, 0x20, 0x1f, 0x1f, 0xff, 0x20, 0x1f, 0x1f, 0xff,
    0x20, 0x1f, 0x1f, 0xff, 0x20, 0x1f, 0x1f, 0xff, 0x21, 0x1f, 0x1f, 0xff, 0x1f, 0x1e, 0x1e, 0xff,
    0x1b, 0x1a, 0x1a, 0xff, 0x1a, 0x19, 0x19, 0xff, 0x1a, 0x1a, 0x1a, 0xff, 0x1a, 0x1a, 0x1a, 0xff,
    0x1a, 0x1a, 0x1a, 0xff, 0x1a, 0x1a, 0x1a, 0xff, 0x1c, 0x1b, 0x1b, 0xff, 0x13, 0x13, 0x12, 0xff,
    0x12, 0x14, 0x12, 0xff, 0x0f, 0x0b, 0x0e, 0xff, 0x09, 0x25, 0x0c, 0xff, 0x58, 0x65, 0x55, 0xff,
    0x84, 0x7a, 0x7d, 0xff, 0x7a, 0x75, 0x74, 0xff, 0x8a, 0x83, 0x83, 0xff, 0x48, 0x49, 0x45, 0xff,
    0x5e, 0x5a, 0x59, 0xff, 0x84, 0x7d, 0x7d, 0xff, 0x7d, 0x76, 0x76, 0xff, 0x7e, 0x79, 0x77, 0xff,
    0x90, 0x80, 0x87, 0xff, 0x56, 0x8d, 0x57, 0xff, 0x24, 0xdb, 0x45, 0xff, 0x36, 0xe6, 0x5b, 0xff,
    0x33, 0xe4, 0x57, 0xff, 0x33, 0xe5, 0x58, 0xff, 0x33, 0xe5, 0x58, 0xff, 0x34, 0xe5, 0x58, 0xff,
    0x34, 0xe5, 0x59, 0xff, 0x35, 0xe5, 0x5a, 0xff, 0x3c, 0xe7, 0x62, 0xfb, 0x3f, 0xf8, 0x6a, 0xff,
    0x43, 0xe9, 0x68, 0x9c, 0x00, 0x00, 0x00, 0x00, 0x3f, 0xbf, 0x3f, 0x04, 0x00, 0x00, 0x00, 0x00,
    0x00, 0x00, 0x00, 0x00, 0x00, 0x00, 0x00, 0x00, 0x00, 0x00, 0x00, 0x00, 0x00, 0x00, 0x00, 0x00,
    0x00, 0x00, 0x00, 0x00, 0x00, 0x00, 0x00, 0x00, 0x00, 0x00, 0x00, 0x00, 0x00, 0x00, 0x00, 0x00,
    0x00, 0x00, 0x00, 0x00, 0x00, 0x00, 0x00, 0x00, 0x00, 0x00, 0x00, 0x00, 0x00, 0x00, 0x00, 0x00,
    0x00, 0x00, 0x00, 0x00, 0x00, 0x00, 0x00, 0x00, 0x00, 0x00, 0x00, 0x00, 0x00, 0x00, 0x00, 0x00,
    0x00, 0x00, 0x00, 0x00, 0x00, 0x00, 0x00, 0x00, 0x00, 0x00, 0x00, 0x00, 0x00, 0x00, 0x00, 0x00,
    0x00, 0x00, 0x00, 0x00, 0x00, 0x00, 0x00, 0x00, 0x00, 0x00, 0x00, 0x00, 0x7f, 0xff, 0x7f, 0x02,
    0x00, 0x00, 0x00, 0x00, 0x64, 0xda, 0x6c, 0xb7, 0x6e, 0xe4, 0x74, 0xff, 0x39, 0xdb, 0x53, 0xfc,
    0x2c, 0xe3, 0x52, 0xff, 0x2f, 0xe2, 0x52, 0xff, 0x2e, 0xe2, 0x52, 0xff, 0x2e, 0xe2, 0x51, 0xff,
    0x2e, 0xe2, 0x51, 0xff, 0x2e, 0xe1, 0x51, 0xff, 0x2f, 0xe5, 0x54, 0xff, 0x31, 0xd9, 0x4f, 0xff,
    0x29, 0x48, 0x2a, 0xff, 0x5f, 0x58, 0x5b, 0xff, 0x7d, 0x78, 0x77, 0xff, 0x76, 0x70, 0x6f, 0xff,
    0x81, 0x7b, 0x7a, 0xff, 0x59, 0x56, 0x55, 0xff, 0x30, 0x31, 0x2e, 0xff, 0x7e, 0x77, 0x77, 0xff,
    0x76, 0x71, 0x70, 0xff, 0x87, 0x7c, 0x7f, 0xff, 0x66, 0x96, 0x69, 0xff, 0x05, 0x11, 0x05, 0xff,
    0x0a, 0x09, 0x0a, 0xff, 0x07, 0x09, 0x07, 0xff, 0x12, 0x13, 0x11, 0xff, 0x1f, 0x1e, 0x1e, 0xff,
    0x1e, 0x1d, 0x1d, 0xff, 0x1f, 0x1e, 0x1e, 0xff, 0x1f, 0x1e, 0x1e, 0xff, 0x1f, 0x1e, 0x1e, 0xff,
    0x21, 0x1f, 0x20, 0xff, 0x20, 0x1f, 0x1f, 0xff, 0x20, 0x1f, 0x1f, 0xff, 0x20, 0x20, 0x1f, 0xff,
    0x1d, 0x1c, 0x1c, 0xff, 0x1a, 0x1b, 0x1a, 0xff, 0x1d, 0x1d, 0x1c, 0xff, 0x20, 0x1f, 0x1f, 0xff,
    0x1e, 0x1d, 0x1d, 0xff, 0x1a, 0x1a, 0x1a, 0xff, 0x1a, 0x1a, 0x1a, 0xff, 0x1a, 0x1a, 0x1a, 0xff,
    0x19, 0x19, 0x18, 0xff, 0x19, 0x19, 0x19, 0xff, 0x1c, 0x1c, 0x1c, 0xff, 0x12, 0x12, 0x11, 0xff,
    0x0e, 0x10, 0x0e, 0xff, 0x0f, 0x0b, 0x0e, 0xff, 0x06, 0x1a, 0x08, 0xff, 0x46, 0x5e, 0x45, 0xff,
    0x84, 0x78, 0x7c, 0xff, 0x7b, 0x76, 0x75, 0xff, 0x8a, 0x83, 0x83, 0xff, 0x48, 0x49, 0x45, 0xff,
    0x5d, 0x59, 0x58, 0xff, 0x85, 0x7e, 0x7e, 0xff, 0x7e, 0x77, 0x77, 0xff, 0x7d, 0x79, 0x77, 0xff,
    0x8f, 0x80, 0x87, 0xff, 0x57, 0x8d, 0x58, 0xff, 0x24, 0xdc, 0x45, 0xff, 0x36, 0xe6, 0x5b, 0xff,
    0x32, 0xe4, 0x57, 0xff, 0x33, 0xe5, 0x58, 0xff, 0x34, 0xe5, 0x58, 0xff, 0x34, 0xe5, 0x59, 0xff,
    0x34, 0xe5, 0x59, 0xff, 0x35, 0xe5, 0x5a, 0xff, 0x39, 0xe7, 0x61, 0xfb, 0x3e, 0xf8, 0x68, 0xff,
    0x3f, 0xe9, 0x66, 0x9c, 0x00, 0x00, 0x00, 0x00, 0x3f, 0xbf, 0x3f, 0x04, 0x00, 0x00, 0x00, 0x00,
    0x00, 0x00, 0x00, 0x00, 0x00, 0x00, 0x00, 0x00, 0x00, 0x00, 0x00, 0x00, 0x00, 0x00, 0x00, 0x00,
    0x00, 0x00, 0x00, 0x00, 0x00, 0x00, 0x00, 0x00, 0x00, 0x00, 0x00, 0x00, 0x00, 0x00, 0x00, 0x00,
    0x00, 0x00, 0x00, 0x00, 0x00, 0x00, 0x00, 0x00, 0x00, 0x00, 0x00, 0x00, 0x00, 0x00, 0x00, 0x00,
    0x00, 0x00, 0x00, 0x00, 0x00, 0x00, 0x00, 0x00, 0x00, 0x00, 0x00, 0x00, 0x00, 0x00, 0x00, 0x00,
    0x00, 0x00, 0x00, 0x00, 0x00, 0x00, 0x00, 0x00, 0x00, 0x00, 0x00, 0x00, 0x00, 0x00, 0x00, 0x00,
    0x00, 0x00, 0x00, 0x00, 0x00, 0x00, 0x00, 0x00, 0x00, 0x00, 0x00, 0x00, 0x7f, 0xff, 0x7f, 0x02,
    0x00, 0x00, 0x00, 0x00, 0x63, 0xd9, 0x6c, 0xb9, 0x6b, 0xe3, 0x72, 0xff, 0x38, 0xdb, 0x52, 0xfc,
    0x2d, 0xe4, 0x52, 0xff, 0x2f, 0xe2, 0x52, 0xff, 0x2e, 0xe2, 0x52, 0xff, 0x2e, 0xe2, 0x52, 0xff,
    0x2f, 0xe2, 0x52, 0xff, 0x2e, 0xe1, 0x51, 0xff, 0x2f, 0xe5, 0x53, 0xff, 0x2f, 0xd8, 0x4d, 0xff,
    0x28, 0x47, 0x29, 0xff, 0x60, 0x58, 0x5b, 0xff, 0x7d, 0x78, 0x76, 0xff, 0x77, 0x70, 0x70, 0xff,
    0x80, 0x79, 0x79, 0xff, 0x58, 0x56, 0x54, 0xff, 0x30, 0x31, 0x2e, 0xff, 0x7d, 0x76, 0x77, 0xff,
    0x76, 0x71, 0x70, 0xff, 0x8b, 0x83, 0x83, 0xff, 0x55, 0x8e, 0x5b, 0xff, 0x00, 0x03, 0x00, 0xff,
    0x07, 0x07, 0x07, 0xff, 0x03, 0x05, 0x03, 0xff, 0x11, 0x13, 0x11, 0xff, 0x20, 0x1f, 0x1f, 0xff,
    0x1e, 0x1e, 0x1e, 0xff, 0x1f, 0x1e, 0x1e, 0xff, 0x1f, 0x1e, 0x1e, 0xff, 0x1f, 0x1e, 0x1e, 0xff,
    0x21, 0x20, 0x20, 0xff, 0x21, 0x20, 0x20, 0xff, 0x23, 0x21, 0x21, 0xff, 0x22, 0x21, 0x20, 0xff,
    0x20, 0x1f, 0x1f, 0xff, 0x20, 0x1e, 0x1f, 0xff, 0x18, 0x19, 0x18, 0xff, 0x1f, 0x1e, 0x1e, 0xff,
    0x20, 0x1e, 0x1f, 0xff, 0x1b, 0x1b, 0x1b, 0xff, 0x1b, 0x1a, 0x1a, 0xff, 0x1a, 0x19, 0x19, 0xff,
    0x18, 0x18, 0x18, 0xff, 0x16, 0x17, 0x16, 0xff, 0x1c, 0x1b, 0x1b, 0xff, 0x12, 0x12, 0x11, 0xff,
    0x0a, 0x0c, 0x0a, 0xff, 0x0d, 0x0b, 0x0d, 0xff, 0x04, 0x12, 0x06, 0xff, 0x3b, 0x57, 0x3b, 0xff,
    0x83, 0x77, 0x7b, 0xff, 0x7b, 0x76, 0x75, 0xff, 0x8b, 0x84, 0x84, 0xff, 0x48, 0x49, 0x45, 0xff,
    0x5d, 0x59, 0x58, 0xff, 0x85, 0x7e, 0x7e, 0xff, 0x7e, 0x78, 0x77, 0xff, 0x7d, 0x79, 0x77, 0xff,
    0x92, 0x83, 0x8a, 0xff, 0x56, 0x8c, 0x58, 0xff, 0x24, 0xdb, 0x46, 0xff, 0x35, 0xe6, 0x5b, 0xff,
    0x32, 0xe4, 0x57, 0xff, 0x33, 0xe5, 0x58, 0xff, 0x33, 0xe5, 0x58, 0xff, 0x34, 0xe5, 0x59, 0xff,
    0x34, 0xe5, 0x59, 0xff, 0x35, 0xe5, 0x5a, 0xff, 0x3d, 0xe8, 0x63, 0xfb, 0x41, 0xf8, 0x6a, 0xff,
    0x3f, 0xe8, 0x65, 0x9c, 0x00, 0x00, 0x00, 0x00, 0x3f, 0xbf, 0x3f, 0x04, 0x00, 0x00, 0x00, 0x00,
    0x00, 0x00, 0x00, 0x00, 0x00, 0x00, 0x00, 0x00, 0x00, 0x00, 0x00, 0x00, 0x00, 0x00, 0x00, 0x00,
    0x00, 0x00, 0x00, 0x00, 0x00, 0x00, 0x00, 0x00, 0x00, 0x00, 0x00, 0x00, 0x00, 0x00, 0x00, 0x00,
    0x00, 0x00, 0x00, 0x00, 0x00, 0x00, 0x00, 0x00, 0x00, 0x00, 0x00, 0x00, 0x00, 0x00, 0x00, 0x00,
    0x00, 0x00, 0x00, 0x00, 0x00, 0x00, 0x00, 0x00, 0x00, 0x00, 0x00, 0x00, 0x00, 0x00, 0x00, 0x00,
    0x00, 0x00, 0x00, 0x00, 0x00, 0x00, 0x00, 0x00, 0x00, 0x00, 0x00, 0x00, 0x00, 0x00, 0x00, 0x00,
    0x00, 0x00, 0x00, 0x00, 0x00, 0x00, 0x00, 0x00, 0x00, 0x00, 0x00, 0x00, 0x7f, 0xff, 0x7f, 0x02,
    0x00, 0x00, 0x00, 0x00, 0x68, 0xda, 0x70, 0xb7, 0x6c, 0xe4, 0x72, 0xff, 0x3a, 0xdc, 0x55, 0xfc,
    0x2c, 0xe4, 0x52, 0xff, 0x2f, 0xe2, 0x52, 0xff, 0x2f, 0xe2, 0x52, 0xff, 0x2e, 0xe2, 0x51, 0xff,
    0x2e, 0xe2, 0x52, 0xff, 0x2d, 0xe1, 0x50, 0xff, 0x2f, 0xe5, 0x53, 0xff, 0x2f, 0xd8, 0x4d, 0xff,
    0x28, 0x48, 0x29, 0xff, 0x60, 0x58, 0x5b, 0xff, 0x7e, 0x78, 0x77, 0xff, 0x76, 0x70, 0x70, 0xff,
    0x81, 0x7a, 0x7a, 0xff, 0x5a, 0x58, 0x56, 0xff, 0x30, 0x32, 0x2f, 0xff, 0x7d, 0x77, 0x76, 0xff,
    0x76, 0x70, 0x6f, 0xff, 0x8b, 0x83, 0x83, 0xff, 0x53, 0x89, 0x58, 0xff, 0x00, 0x03, 0x00, 0xff,
    0x08, 0x07, 0x08, 0xff, 0x03, 0x04, 0x03, 0xff, 0x11, 0x12, 0x10, 0xff, 0x20, 0x1f, 0x1f, 0xff,
    0x1f, 0x1d, 0x1e, 0xff, 0x1f, 0x1e, 0x1e, 0xff, 0x1f, 0x1e, 0x1e, 0xff, 0x20, 0x1e, 0x1e, 0xff,
    0x21, 0x20, 0x20, 0xff, 0x1b, 0x1a, 0x1a, 0xff, 0x3b, 0x38, 0x38, 0xff, 0x43, 0x3f, 0x40, 0xff,
    0x19, 0x18, 0x18, 0xff, 0x22, 0x20, 0x21, 0xff, 0x19, 0x19, 0x18, 0xff, 0x1e, 0x1e, 0x1e, 0xff,
    0x21, 0x20, 0x20, 0xff, 0x1d, 0x1c, 0x1c, 0xff, 0x1c, 0x1b, 0x1b, 0xff, 0x23, 0x22, 0x22, 0xff,
    0x1c, 0x1c, 0x1c, 0xff, 0x16, 0x16, 0x16, 0xff, 0x1b, 0x1b, 0x1b, 0xff, 0x11, 0x11, 0x10, 0xff,
    0x05, 0x07, 0x05, 0xff, 0x0a, 0x09, 0x0a, 0xff, 0x03, 0x0f, 0x04, 0xff, 0x36, 0x55, 0x37, 0xff,
    0x82, 0x77, 0x7b, 0xff, 0x7b, 0x76, 0x74, 0xff, 0x8b, 0x84, 0x83, 0xff, 0x48, 0x49, 0x45, 0xff,
    0x5d, 0x59, 0x58, 0xff, 0x86, 0x7f, 0x7e, 0xff, 0x7d, 0x77, 0x76, 0xff, 0x7e, 0x79, 0x77, 0xff,
    0x90, 0x80, 0x87, 0xff, 0x56, 0x8c, 0x57, 0xff, 0x24, 0xdc, 0x45, 0xff, 0x36, 0xe6, 0x5b, 0xff,
    0x33, 0xe4, 0x57, 0xff, 0x33, 0xe5, 0x58, 0xff, 0x33, 0xe5, 0x58, 0xff, 0x34, 0xe5, 0x58, 0xff,
    0x33, 0xe5, 0x58, 0xff, 0x34, 0xe6, 0x5a, 0xff, 0x3d, 0xe8, 0x63, 0xfb, 0x3e, 0xf8, 0x69, 0xff,
    0x3f, 0xe9, 0x66, 0x9c, 0x00, 0x00, 0x00, 0x00, 0x3f, 0xbf, 0x3f, 0x04, 0x00, 0x00, 0x00, 0x00,
    0x00, 0x00, 0x00, 0x00, 0x00, 0x00, 0x00, 0x00, 0x00, 0x00, 0x00, 0x00, 0x00, 0x00, 0x00, 0x00,
    0x00, 0x00, 0x00, 0x00, 0x00, 0x00, 0x00, 0x00, 0x00, 0x00, 0x00, 0x00, 0x00, 0x00, 0x00, 0x00,
    0x00, 0x00, 0x00, 0x00, 0x00, 0x00, 0x00, 0x00, 0x00, 0x00, 0x00, 0x00, 0x00, 0x00, 0x00, 0x00,
    0x00, 0x00, 0x00, 0x00, 0x00, 0x00, 0x00, 0x00, 0x00, 0x00, 0x00, 0x00, 0x00, 0x00, 0x00, 0x00,
    0x00, 0x00, 0x00, 0x00, 0x00, 0x00, 0x00, 0x00, 0x00, 0x00, 0x00, 0x00, 0x00, 0x00, 0x00, 0x00,
    0x00, 0x00, 0x00, 0x00, 0x00, 0x00, 0x00, 0x00, 0x00, 0x00, 0x00, 0x00, 0x7f, 0xff, 0x7f, 0x02,
    0x00, 0x00, 0x00, 0x00, 0x60, 0xda, 0x6a, 0xb6, 0x65, 0xe4, 0x6e, 0xff, 0x3b, 0xdb, 0x55, 0xfc,
    0x2c, 0xe3, 0x51, 0xff, 0x2e, 0xe2, 0x52, 0xff, 0x2e, 0xe2, 0x51, 0xff, 0x2e, 0xe2, 0x51, 0xff,
    0x2e, 0xe3, 0x52, 0xff, 0x2e, 0xe1, 0x51, 0xff, 0x2f, 0xe4, 0x53, 0xff, 0x30, 0xd8, 0x4c, 0xff,
    0x28, 0x48, 0x2a, 0xff, 0x60, 0x58, 0x5b, 0xff, 0x7d, 0x77, 0x77, 0xff, 0x77, 0x71, 0x71, 0xff,
    0x80, 0x79, 0x79, 0xff, 0x59, 0x57, 0x55, 0xff, 0x31, 0x32, 0x2f, 0xff, 0x7e, 0x77, 0x77, 0xff,
    0x77, 0x71, 0x71, 0xff, 0x89, 0x80, 0x81, 0xff, 0x54, 0x8e, 0x5a, 0xff, 0x00, 0x02, 0x00, 0xff,
    0x04, 0x02, 0x03, 0xff, 0x00, 0x00, 0x00, 0xff, 0x0e, 0x10, 0x0e, 0xff, 0x20, 0x1f, 0x1f, 0xff,
    0x1f, 0x1d, 0x1e, 0xff, 0x1f, 0x1e, 0x1e, 0xff, 0x1f, 0x1e, 0x1e, 0xff, 0x20, 0x1e, 0x1e, 0xff,
    0x20, 0x1f, 0x1f, 0xff, 0x1d, 0x1c, 0x1c, 0xff, 0x2b, 0x2a, 0x2a, 0xff, 0x5f, 0x5a, 0x5a, 0xff,
    0x25, 0x24, 0x24, 0xff, 0x1e, 0x1d, 0x1d, 0xff, 0x1d, 0x1d, 0x1c, 0xff, 0x20, 0x1f, 0x1f, 0xff,
    0x21, 0x1f, 0x20, 0xff, 0x1f, 0x1e, 0x1e, 0xff, 0x1a, 0x1a, 0x1a, 0xff, 0x20, 0x20, 0x20, 0xff,
    0x1c, 0x1b, 0x1b, 0xff, 0x18, 0x18, 0x18, 0xff, 0x1d, 0x1c, 0x1c, 0xff, 0x0d, 0x0e, 0x0d, 0xff,
    0x03, 0x04, 0x03, 0xff, 0x08, 0x06, 0x07, 0xff, 0x01, 0x0e, 0x03, 0xff, 0x39, 0x56, 0x39, 0xff,
    0x82, 0x76, 0x7b, 0xff, 0x7b, 0x76, 0x75, 0xff, 0x8a, 0x83, 0x83, 0xff, 0x48, 0x49, 0x45, 0xff,
    0x5c, 0x58, 0x57, 0xff, 0x84, 0x7d, 0x7d, 0xff, 0x7e, 0x77, 0x77, 0xff, 0x7e, 0x79, 0x77, 0xff,
    0x90, 0x80, 0x87, 0xff, 0x55, 0x8b, 0x56, 0xff, 0x24, 0xdc, 0x46, 0xff, 0x37, 0xe6, 0x5c, 0xff,
    0x33, 0xe4, 0x58, 0xff, 0x33, 0xe5, 0x57, 0xff, 0x33, 0xe5, 0x58, 0xff, 0x33, 0xe5, 0x58, 0xff,
    0x32, 0xe5, 0x58, 0xff, 0x36, 0xe5, 0x5b, 0xff, 0x3d, 0xe7, 0x62, 0xfb, 0x3f, 0xf7, 0x68, 0xff,
    0x3e, 0xe9, 0x65, 0x9c, 0x00, 0x00, 0x00, 0x00, 0x3f, 0xbf, 0x3f, 0x04, 0x00, 0x00, 0x00, 0x00,
    0x00, 0x00, 0x00, 0x00, 0x00, 0x00, 0x00, 0x00, 0x00, 0x00, 0x00, 0x00, 0x00, 0x00, 0x00, 0x00,
    0x00, 0x00, 0x00, 0x00, 0x00, 0x00, 0x00, 0x00, 0x00, 0x00, 0x00, 0x00, 0x00, 0x00, 0x00, 0x00,
    0x00, 0x00, 0x00, 0x00, 0x00, 0x00, 0x00, 0x00, 0x00, 0x00, 0x00, 0x00, 0x00, 0x00, 0x00, 0x00,
    0x00, 0x00, 0x00, 0x00, 0x00, 0x00, 0x00, 0x00, 0x00, 0x00, 0x00, 0x00, 0x00, 0x00, 0x00, 0x00,
    0x00, 0x00, 0x00, 0x00, 0x00, 0x00, 0x00, 0x00, 0x00, 0x00, 0x00, 0x00, 0x00, 0x00, 0x00, 0x00,
    0x00, 0x00, 0x00, 0x00, 0x00, 0x00, 0x00, 0x00, 0x00, 0x00, 0x00, 0x00, 0x7f, 0xff, 0x7f, 0x02,
    0x00, 0x00, 0x00, 0x00, 0x61, 0xda, 0x6a, 0xb8, 0x5f, 0xe2, 0x69, 0xff, 0x35, 0xdb, 0x50, 0xfc,
    0x2d, 0xe3, 0x52, 0xff, 0x2e, 0xe2, 0x51, 0xff, 0x2e, 0xe1, 0x51, 0xff, 0x2e, 0xe2, 0x51, 0xff,
    0x2e, 0xe2, 0x52, 0xff, 0x2e, 0xe1, 0x51, 0xff, 0x2f, 0xe5, 0x54, 0xff, 0x30, 0xd8, 0x4d, 0xff,
    0x28, 0x48, 0x2a, 0xff, 0x60, 0x58, 0x5b, 0xff, 0x7d, 0x77, 0x76, 0xff, 0x76, 0x70, 0x70, 0xff,
    0x81, 0x7a, 0x7a, 0xff, 0x59, 0x56, 0x55, 0xff, 0x31, 0x33, 0x30, 0xff, 0x7e, 0x77, 0x77, 0xff,
    0x77, 0x72, 0x70, 0xff, 0x85, 0x79, 0x7c, 0xff, 0x5f, 0x95, 0x65, 0xff, 0x00, 0x0a, 0x00, 0xff,
    0x02, 0x00, 0x01, 0xff, 0x00, 0x00, 0x00, 0xff, 0x0a, 0x0c, 0x0a, 0xff, 0x20, 0x1f, 0x1e, 0xff,
    0x1f, 0x1e, 0x1e, 0xff, 0x1f, 0x1e, 0x1e, 0xff, 0x1f, 0x1e, 0x1e, 0xff, 0x1f, 0x1e, 0x1e, 0xff,
    0x1f, 0x1e, 0x1e, 0xff, 0x20, 0x1f, 0x1f, 0xff, 0x1d, 0x1c, 0x1c, 0xff, 0x23, 0x21, 0x21, 0xff,
    0x26, 0x24, 0x24, 0xff, 0x1f, 0x1e, 0x1e, 0xff, 0x20, 0x1f, 0x1f, 0xff, 0x22, 0x21, 0x21, 0xff,
    0x22, 0x20, 0x20, 0xff, 0x1f, 0x1e, 0x1e, 0xff, 0x1c, 0x1b, 0x1b, 0xff, 0x19, 0x19, 0x19, 0xff,
    0x1a, 0x1a, 0x1a, 0xff, 0x1a, 0x1a, 0x1a, 0xff, 0x1d, 0x1c, 0x1c, 0xff, 0x09, 0x08, 0x08, 0xff,
    0x02, 0x03, 0x02, 0xff, 0x05, 0x01, 0x05, 0xff, 0x01, 0x14, 0x03, 0xff, 0x43, 0x5d, 0x43, 0xff,
    0x83, 0x78, 0x7c, 0xff, 0x7a, 0x75, 0x74, 0xff, 0x8a, 0x82, 0x82, 0xff, 0x47, 0x48, 0x44, 0xff,
    0x5c, 0x58, 0x58, 0xff, 0x85, 0x7f, 0x7e, 0xff, 0x7e, 0x78, 0x77, 0xff, 0x7d, 0x79, 0x77, 0xff,
    0x90, 0x80, 0x88, 0xff, 0x56, 0x8c, 0x57, 0xff, 0x25, 0xdb, 0x46, 0xff, 0x36, 0xe6, 0x5c, 0xff,
    0x33, 0xe4, 0x57, 0xff, 0x33, 0xe5, 0x57, 0xff, 0x33, 0xe4, 0x58, 0xff, 0x33, 0xe4, 0x58, 0xff,
    0x33, 0xe5, 0x58, 0xff, 0x36, 0xe6, 0x5b, 0xff, 0x3e, 0xe7, 0x63, 0xfb, 0x3e, 0xf7, 0x68, 0xff,
    0x3c, 0xe8, 0x63, 0x9d, 0x00, 0x00, 0x00, 0x00, 0x3f, 0xbf, 0x3f, 0x04, 0x00, 0x00, 0x00, 0x00,
    0x00, 0x00, 0x00, 0x00, 0x00, 0x00, 0x00, 0x00, 0x00, 0x00, 0x00, 0x00, 0x00, 0x00, 0x00, 0x00,
    0x00, 0x00, 0x00, 0x00, 0x00, 0x00, 0x00, 0x00, 0x00, 0x00, 0x00, 0x00, 0x00, 0x00, 0x00, 0x00,
    0x00, 0x00, 0x00, 0x00, 0x00, 0x00, 0x00, 0x00, 0x00, 0x00, 0x00, 0x00, 0x00, 0x00, 0x00, 0x00,
    0x00, 0x00, 0x00, 0x00, 0x00, 0x00, 0x00, 0x00, 0x00, 0x00, 0x00, 0x00, 0x00, 0x00, 0x00, 0x00,
    0x00, 0x00, 0x00, 0x00, 0x00, 0x00, 0x00, 0x00, 0x00, 0x00, 0x00, 0x00, 0x00, 0x00, 0x00, 0x00,
    0x00, 0x00, 0x00, 0x00, 0x00, 0x00, 0x00, 0x00, 0x00, 0x00, 0x00, 0x00, 0x7f, 0xff, 0x7f, 0x02,
    0x00, 0x00, 0x00, 0x00, 0x64, 0xd9, 0x6c, 0xb9, 0x69, 0xe3, 0x70, 0xff, 0x36, 0xdb, 0x51, 0xfc,
    0x2d, 0xe4, 0x53, 0xff, 0x2f, 0xe2, 0x51, 0xff, 0x2d, 0xe2, 0x51, 0xff, 0x2e, 0xe2, 0x52, 0xff,
    0x2e, 0xe2, 0x52, 0xff, 0x2d, 0xe1, 0x50, 0xff, 0x2f, 0xe5, 0x54, 0xff, 0x2e, 0xd8, 0x4d, 0xff,
    0x28, 0x48, 0x2a, 0xff, 0x60, 0x58, 0x5b, 0xff, 0x7d, 0x77, 0x76, 0xff, 0x76, 0x70, 0x70, 0xff,
    0x81, 0x7a, 0x7b, 0xff, 0x59, 0x56, 0x55, 0xff, 0x30, 0x32, 0x2f, 0xff, 0x7d, 0x76, 0x76, 0xff,
    0x77, 0x73, 0x71, 0xff, 0x7f, 0x71, 0x77, 0xff, 0x6f, 0x9f, 0x74, 0xff, 0x04, 0x23, 0x09, 0xff,
    0x01, 0x00, 0x00, 0xff, 0x01, 0x02, 0x01, 0xff, 0x04, 0x06, 0x04, 0xff, 0x1c, 0x1c, 0x1b, 0xff,
    0x1f, 0x1e, 0x1e, 0xff, 0x1f, 0x1e, 0x1e, 0xff, 0x1f, 0x1e, 0x1e, 0xff, 0x20, 0x1f, 0x1f, 0xff,
    0x20, 0x1e, 0x1e, 0xff, 0x20, 0x1e, 0x1f, 0xff, 0x21, 0x20, 0x20, 0xff, 0x1f, 0x1e, 0x1e, 0xff,
    0x1f, 0x1e, 0x1e, 0xff, 0x20, 0x1f, 0x1f, 0xff, 0x20, 0x1e, 0x1f, 0xff, 0x24, 0x23, 0x23, 0xff,
    0x25, 0x23, 0x23, 0xff, 0x1f, 0x1e, 0x1e, 0xff, 0x1c, 0x1c, 0x1c, 0xff, 0x1a, 0x1a, 0x1a, 0xff,
    0x1a, 0x1a, 0x1a, 0xff, 0x1b, 0x1a, 0x1a, 0xff, 0x18, 0x17, 0x17, 0xff, 0x04, 0x04, 0x03, 0xff,
    0x03, 0x04, 0x03, 0xff, 0x03, 0x00, 0x02, 0xff, 0x02, 0x1f, 0x05, 0xff, 0x57, 0x66, 0x54, 0xff,
    0x85, 0x7a, 0x7d, 0xff, 0x79, 0x74, 0x72, 0xff, 0x89, 0x82, 0x82, 0xff, 0x48, 0x49, 0x45, 0xff,
    0x5d, 0x59, 0x58, 0xff, 0x85, 0x7e, 0x7d, 0xff, 0x7d, 0x77, 0x77, 0xff, 0x7e, 0x7a, 0x78, 0xff,
    0x8f, 0x80, 0x87, 0xff, 0x56, 0x8c, 0x57, 0xff, 0x24, 0xdb, 0x46, 0xff, 0x35, 0xe6, 0x5b, 0xff,
    0x32, 0xe4, 0x57, 0xff, 0x33, 0xe5, 0x58, 0xff, 0x33, 0xe5, 0x58, 0xff, 0x33, 0xe4, 0x58, 0xff,
    0x33, 0xe5, 0x59, 0xff, 0x35, 0xe5, 0x5b, 0xff, 0x3d, 0xe8, 0x63, 0xfb, 0x41, 0xf8, 0x6a, 0xff,
    0x41, 0xe8, 0x66, 0x9c, 0x00, 0x00, 0x00, 0x00, 0x3f, 0xbf, 0x3f, 0x04, 0x00, 0x00, 0x00, 0x00,
    0x00, 0x00, 0x00, 0x00, 0x00, 0x00, 0x00, 0x00, 0x00, 0x00, 0x00, 0x00, 0x00, 0x00, 0x00, 0x00,
    0x00, 0x00, 0x00, 0x00, 0x00, 0x00, 0x00, 0x00, 0x00, 0x00, 0x00, 0x00, 0x00, 0x00, 0x00, 0x00,
    0x00, 0x00, 0x00, 0x00, 0x00, 0x00, 0x00, 0x00, 0x00, 0x00, 0x00, 0x00, 0x00, 0x00, 0x00, 0x00,
    0x00, 0x00, 0x00, 0x00, 0x00, 0x00, 0x00, 0x00, 0x00, 0x00, 0x00, 0x00, 0x00, 0x00, 0x00, 0x00,
    0x00, 0x00, 0x00, 0x00, 0x00, 0x00, 0x00, 0x00, 0x00, 0x00, 0x00, 0x00, 0x00, 0x00, 0x00, 0x00,
    0x00, 0x00, 0x00, 0x00, 0x00, 0x00, 0x00, 0x00, 0x00, 0x00, 0x00, 0x00, 0x7f, 0xff, 0x7f, 0x02,
    0x00, 0x00, 0x00, 0x00, 0x63, 0xd9, 0x6b, 0xb9, 0x68, 0xe3, 0x70, 0xff, 0x3a, 0xdc, 0x55, 0xfc,
    0x2c, 0xe3, 0x51, 0xff, 0x2f, 0xe2, 0x51, 0xff, 0x2e, 0xe2, 0x52, 0xff, 0x2e, 0xe2, 0x52, 0xff,
    0x2e, 0xe2, 0x51, 0xff, 0x2e, 0xe1, 0x51, 0xff, 0x2f, 0xe4, 0x54, 0xff, 0x2e, 0xd8, 0x4d, 0xff,
    0x28, 0x47, 0x2a, 0xff, 0x60, 0x58, 0x5b, 0xff, 0x7c, 0x77, 0x76, 0xff, 0x76, 0x70, 0x70, 0xff,
    0x81, 0x7a, 0x7a, 0xff, 0x59, 0x56, 0x55, 0xff, 0x30, 0x31, 0x2e, 0xff, 0x7e, 0x76, 0x77, 0xff,
    0x7e, 0x77, 0x77, 0xff, 0x7b, 0x6e, 0x73, 0xff, 0x81, 0x9c, 0x81, 0xff, 0x18, 0x4c, 0x21, 0xff,
    0x00, 0x00, 0x00, 0xff, 0x05, 0x07, 0x05, 0xff, 0x03, 0x03, 0x03, 0xff, 0x14, 0x15, 0x13, 0xff,
    0x20, 0x1f, 0x1f, 0xff, 0x1f, 0x1e, 0x1e, 0xff, 0x1f, 0x1e, 0x1e, 0xff, 0x1f, 0x1e, 0x1e, 0xff,
    0x20, 0x1e, 0x1e, 0xff, 0x20, 0x1f, 0x1f, 0xff, 0x20, 0x1f, 0x1f, 0xff, 0x20, 0x1f, 0x1f, 0xff,
    0x20, 0x1f, 0x1f, 0xff, 0x20, 0x1f, 0x1f, 0xff, 0x20, 0x1f, 0x1f, 0xff, 0x21, 0x1f, 0x1f, 0xff,
    0x23, 0x21, 0x21, 0xff, 0x20, 0x1f, 0x1f, 0xff, 0x1d, 0x1c, 0x1c, 0xff, 0x1a, 0x1a, 0x1a, 0xff,
    0x1a, 0x1a, 0x1a, 0xff, 0x1d, 0x1c, 0x1c, 0xfc, 0x10, 0x10, 0x10, 0xfb, 0x02, 0x02, 0x02, 0xfb,
    0x04, 0x05, 0x04, 0xfc, 0x01, 0x00, 0x01, 0xfe, 0x0e, 0x34, 0x11, 0xff, 0x6b, 0x6e, 0x66, 0xff,
    0x81, 0x79, 0x7a, 0xff, 0x7f, 0x77, 0x78, 0xff, 0x8c, 0x85, 0x84, 0xff, 0x48, 0x49, 0x45, 0xff,
    0x5d, 0x59, 0x58, 0xff, 0x84, 0x7d, 0x7d, 0xff, 0x7e, 0x77, 0x77, 0xff, 0x7e, 0x79, 0x77, 0xff,
    0x90, 0x80, 0x87, 0xff, 0x56, 0x8c, 0x58, 0xff, 0x24, 0xdb, 0x45, 0xff, 0x36, 0xe6, 0x5b, 0xff,
    0x32, 0xe4, 0x57, 0xff, 0x33, 0xe5, 0x58, 0xff, 0x35, 0xe4, 0x59, 0xff, 0x33, 0xe5, 0x58, 0xff,
    0x33, 0xe5, 0x58, 0xff, 0x36, 0xe5, 0x5b, 0xff, 0x41, 0xe7, 0x65, 0xfb, 0x40, 0xf8, 0x6a, 0xff,
    0x3f, 0xe8, 0x66, 0x9c, 0x00, 0x00, 0x00, 0x00, 0x3f, 0xbf, 0x3f, 0x04, 0x00, 0x00, 0x00, 0x00,
    0x00, 0x00, 0x00, 0x00, 0x00, 0x00, 0x00, 0x00, 0x00, 0x00, 0x00, 0x00, 0x00, 0x00, 0x00, 0x00,
    0x00, 0x00, 0x00, 0x00, 0x00, 0x00, 0x00, 0x00, 0x00, 0x00, 0x00, 0x00, 0x00, 0x00, 0x00, 0x00,
    0x00, 0x00, 0x00, 0x00, 0x00, 0x00, 0x00, 0x00, 0x00, 0x00, 0x00, 0x00, 0x00, 0x00, 0x00, 0x00,
    0x00, 0x00, 0x00, 0x00, 0x00, 0x00, 0x00, 0x00, 0x00, 0x00, 0x00, 0x00, 0x00, 0x00, 0x00, 0x00,
    0x00, 0x00, 0x00, 0x00, 0x00, 0x00, 0x00, 0x00, 0x00, 0x00, 0x00, 0x00, 0x00, 0x00, 0x00, 0x00,
    0x00, 0x00, 0x00, 0x00, 0x00, 0x00, 0x00, 0x00, 0x00, 0x00, 0x00, 0x00, 0x7f, 0xff, 0x7f, 0x02,
    0x00, 0x00, 0x00, 0x00, 0x5f, 0xd9, 0x6a, 0xba, 0x65, 0xe3, 0x6e, 0xff, 0x39, 0xdc, 0x55, 0xfc,
    0x2c, 0xe3, 0x52, 0xff, 0x2f, 0xe2, 0x52, 0xff, 0x2e, 0xe2, 0x52, 0xff, 0x2f, 0xe2, 0x52, 0xff,
    0x2e, 0xe2, 0x51, 0xff, 0x2e, 0xe1, 0x51, 0xff, 0x2f, 0xe4, 0x54, 0xff, 0x2f, 0xd8, 0x4d, 0xff,
    0x28, 0x47, 0x29, 0xff, 0x60, 0x58, 0x5b, 0xff, 0x7c, 0x77, 0x76, 0xff, 0x77, 0x71, 0x70, 0xff,
    0x80, 0x7a, 0x79, 0xff, 0x58, 0x55, 0x54, 0xff, 0x32, 0x33, 0x30, 0xff, 0x7c, 0x77, 0x75, 0xff,
    0x5c, 0x5f, 0x58, 0xff, 0x70, 0x67, 0x6a, 0xff, 0x89, 0x89, 0x83, 0xff, 0x3e, 0x83, 0x49, 0xff,
    0x00, 0x01, 0x00, 0xff, 0x08, 0x09, 0x08, 0xff, 0x06, 0x07, 0x06, 0xff, 0x0a, 0x0c, 0x09, 0xff,
    0x1e, 0x1e, 0x1d, 0xff, 0x1f, 0x1e, 0x1e, 0xff, 0x1f, 0x1e, 0x1e, 0xff, 0x1f, 0x1e, 0x1e, 0xff,
    0x20, 0x1e, 0x1e, 0xff, 0x20, 0x1f, 0x1f, 0xff, 0x20, 0x1f, 0x1f, 0xff, 0x20, 0x1f, 0x1f, 0xff,
    0x20, 0x1f, 0x1f, 0xff, 0x20, 0x1f, 0x1f, 0xff, 0x20, 0x1f, 0x1f, 0xff, 0x20, 0x1f, 0x1f, 0xff,
    0x21, 0x1f, 0x1f, 0xff, 0x21, 0x1f, 0x1f, 0xff, 0x1d, 0x1c, 0x1c, 0xff, 0x1a, 0x19, 0x19, 0xff,
    0x1a, 0x1a, 0x1a, 0xff, 0x19, 0x18, 0x18, 0xff, 0x0a, 0x0b, 0x09, 0xff, 0x05, 0x06, 0x05, 0xff,
    0x07, 0x05, 0x06, 0xff, 0x00, 0x05, 0x00, 0xff, 0x28, 0x4f, 0x2a, 0xff, 0x7e, 0x74, 0x77, 0xff,
    0x7f, 0x79, 0x78, 0xff, 0x5f, 0x60, 0x5a, 0xff, 0x81, 0x79, 0x7a, 0xff, 0x4a, 0x4b, 0x47, 0xff,
    0x5c, 0x58, 0x58, 0xff, 0x84, 0x7e, 0x7d, 0xff, 0x7d, 0x76, 0x76, 0xff, 0x7e, 0x7a, 0x78, 0xff,
    0x8f, 0x7f, 0x86, 0xff, 0x56, 0x8c, 0x57, 0xff, 0x24, 0xdb, 0x45, 0xff, 0x35, 0xe6, 0x5b, 0xff,
    0x33, 0xe4, 0x58, 0xff, 0x32, 0xe5, 0x57, 0xff, 0x32, 0xe5, 0x57, 0xff, 0x33, 0xe5, 0x59, 0xff,
    0x34, 0xe5, 0x59, 0xff, 0x36, 0xe5, 0x5a, 0xff, 0x41, 0xe7, 0x64, 0xfb, 0x3e, 0xf8, 0x69, 0xff,
    0x3e, 0xe8, 0x65, 0x9c, 0x00, 0x00, 0x00, 0x00, 0x3f, 0xbf, 0x3f, 0x04, 0x00, 0x00, 0x00, 0x00,
    0x00, 0x00, 0x00, 0x00, 0x00, 0x00, 0x00, 0x00, 0x00, 0x00, 0x00, 0x00, 0x00, 0x00, 0x00, 0x00,
    0x00, 0x00, 0x00, 0x00, 0x00, 0x00, 0x00, 0x00, 0x00, 0x00, 0x00, 0x00, 0x00, 0x00, 0x00, 0x00,
    0x00, 0x00, 0x00, 0x00, 0x00, 0x00, 0x00, 0x00, 0x00, 0x00, 0x00, 0x00, 0x00, 0x00, 0x00, 0x00,
    0x00, 0x00, 0x00, 0x00, 0x00, 0x00, 0x00, 0x00, 0x00, 0x00, 0x00, 0x00, 0x00, 0x00, 0x00, 0x00,
    0x00, 0x00, 0x00, 0x00, 0x00, 0x00, 0x00, 0x00, 0x00, 0x00, 0x00, 0x00, 0x00, 0x00, 0x00, 0x00,
    0x00, 0x00, 0x00, 0x00, 0x00, 0x00, 0x00, 0x00, 0x00, 0x00, 0x00, 0x00, 0x00, 0xff, 0x7f, 0x02,
    0x00, 0x00, 0x00, 0x00, 0x61, 0xd9, 0x6a, 0xba, 0x67, 0xe3, 0x6f, 0xff, 0x3a, 0xdc, 0x55, 0xfc,
    0x2c, 0xe3, 0x52, 0xff, 0x2f, 0xe2, 0x52, 0xff, 0x2e, 0xe2, 0x51, 0xff, 0x2e, 0xe2, 0x52, 0xff,
    0x2e, 0xe2, 0x52, 0xff, 0x2e, 0xe1, 0x51, 0xff, 0x2f, 0xe4, 0x54, 0xff, 0x30, 0xd8, 0x4e, 0xff,
    0x28, 0x48, 0x2a, 0xff, 0x5f, 0x57, 0x5a, 0xff, 0x7c, 0x77, 0x75, 0xff, 0x77, 0x71, 0x70, 0xff,
    0x82, 0x7b, 0x7b, 0xff, 0x56, 0x55, 0x53, 0xff, 0x37, 0x2e, 0x33, 0xff, 0x72, 0xa3, 0x76, 0xff,
    0x1a, 0xae, 0x2e, 0xff, 0x44, 0x54, 0x42, 0xff, 0x87, 0x73, 0x7e, 0xff, 0x6d, 0xa3, 0x73, 0xff,
    0x07, 0x2a, 0x0d, 0xff, 0x08, 0x02, 0x06, 0xff, 0x08, 0x0d, 0x08, 0xff, 0x07, 0x0d, 0x07, 0xff,
    0x11, 0x13, 0x10, 0xff, 0x20, 0x1f, 0x1f, 0xff, 0x1f, 0x1e, 0x1e, 0xff, 0x1f, 0x1e, 0x1e, 0xff,
    0x1f, 0x1e, 0x1e, 0xff, 0x20, 0x1f, 0x1f, 0xff, 0x20, 0x1f, 0x1f, 0xff, 0x20, 0x1f, 0x1f, 0xff,
    0x20, 0x1f, 0x1f, 0xff, 0x20, 0x1f, 0x1f, 0xff, 0x20, 0x1f, 0x1f, 0xff, 0x20, 0x1f, 0x1f, 0xff,
    0x21, 0x1f, 0x1f, 0xff, 0x20, 0x1f, 0x1f, 0xff, 0x1d, 0x1c, 0x1c, 0xff, 0x19, 0x19, 0x19, 0xff,
    0x1f, 0x1e, 0x1e, 0xfc, 0x24, 0x25, 0x24, 0xa9, 0x0a, 0x10, 0x0c, 0x8e, 0x0f, 0x15, 0x11, 0x76,
    0x2f, 0x24, 0x2d, 0x71, 0x09, 0x2b, 0x0b, 0xf2, 0x4f, 0x64, 0x4e, 0xff, 0x89, 0x74, 0x80, 0xfe,
    0x6e, 0xa3, 0x74, 0xff, 0x19, 0xad, 0x2f, 0xff, 0x54, 0x60, 0x50, 0xff, 0x4c, 0x48, 0x48, 0xff,
    0x5d, 0x5a, 0x58, 0xff, 0x84, 0x7e, 0x7d, 0xff, 0x7d, 0x76, 0x76, 0xff, 0x7e, 0x7a, 0x77, 0xff,
    0x90, 0x80, 0x87, 0xff, 0x56, 0x8c, 0x58, 0xff, 0x24, 0xdb, 0x45, 0xff, 0x37, 0xe6, 0x5c, 0xff,
    0x33, 0xe4, 0x58, 0xff, 0x34, 0xe5, 0x59, 0xff, 0x34, 0xe5, 0x58, 0xff, 0x34, 0xe5, 0x59, 0xff,
    0x33, 0xe5, 0x59, 0xff, 0x35, 0xe5, 0x5a, 0xff, 0x3d, 0xe7, 0x63, 0xfb, 0x3c, 0xf7, 0x67, 0xff,
    0x3f, 0xe8, 0x65, 0x9c, 0x00, 0x00, 0x00, 0x00, 0x3f, 0xbf, 0x3f, 0x04, 0x00, 0x00, 0x00, 0x00,
    0x00, 0x00, 0x00, 0x00, 0x00, 0x00, 0x00, 0x00, 0x00, 0x00, 0x00, 0x00, 0x00, 0x00, 0x00, 0x00,
    0x00, 0x00, 0x00, 0x00, 0x00, 0x00, 0x00, 0x00, 0x00, 0x00, 0x00, 0x00, 0x00, 0x00, 0x00, 0x00,
    0x00, 0x00, 0x00, 0x00, 0x00, 0x00, 0x00, 0x00, 0x00, 0x00, 0x00, 0x00, 0x00, 0x00, 0x00, 0x00,
    0x00, 0x00, 0x00, 0x00, 0x00, 0x00, 0x00, 0x00, 0x00, 0x00, 0x00, 0x00, 0x00, 0x00, 0x00, 0x00,
    0x00, 0x00, 0x00, 0x00, 0x00, 0x00, 0x00, 0x00, 0x00, 0x00, 0x00, 0x00, 0x00, 0x00, 0x00, 0x00,
    0x00, 0x00, 0x00, 0x00, 0x00, 0x00, 0x00, 0x00, 0x00, 0x00, 0x00, 0x00, 0x7f, 0xff, 0x7f, 0x02,
    0x00, 0x00, 0x00, 0x00, 0x63, 0xdb, 0x6c, 0xb9, 0x6c, 0xe3, 0x72, 0xff, 0x38, 0xdb, 0x51, 0xfc,
    0x2c, 0xe3, 0x51, 0xff, 0x2e, 0xe1, 0x51, 0xff, 0x2e, 0xe2, 0x51, 0xff, 0x2e, 0xe2, 0x51, 0xff,
    0x2e, 0xe2, 0x52, 0xff, 0x2e, 0xe1, 0x51, 0xff, 0x2f, 0xe5, 0x53, 0xff, 0x2d, 0xd7, 0x4b, 0xff,
    0x28, 0x48, 0x2a, 0xff, 0x5f, 0x57, 0x5a, 0xff, 0x7c, 0x77, 0x75, 0xff, 0x77, 0x71, 0x70, 0xff,
    0x82, 0x7b, 0x7b, 0xff, 0x57, 0x56, 0x53, 0xff, 0x3a, 0x2f, 0x35, 0xff, 0x68, 0xb1, 0x73, 0xff,
    0x21, 0xec, 0x45, 0xff, 0x25, 0x75, 0x2b, 0xff, 0x6e, 0x5c, 0x67, 0xff, 0x8a, 0x92, 0x85, 0xff,
    0x34, 0x80, 0x41, 0xff, 0x00, 0x00, 0x00, 0xff, 0x0b, 0x10, 0x0b, 0xff, 0x0c, 0x13, 0x0c, 0xff,
    0x0b, 0x12, 0x0b, 0xff, 0x13, 0x15, 0x13, 0xff, 0x20, 0x1f, 0x1f, 0xff, 0x20, 0x1f, 0x1f, 0xfe,
    0x20, 0x1f, 0x1f, 0xfe, 0x1f, 0x1f, 0x1f, 0xff, 0x20, 0x1f, 0x1f, 0xff, 0x20, 0x1f, 0x1f, 0xff,
    0x20, 0x1f, 0x1f, 0xff, 0x20, 0x1f, 0x1f, 0xff, 0x20, 0x1f, 0x1f, 0xff, 0x20, 0x1f, 0x1f, 0xff,
    0x20, 0x1f, 0x1f, 0xff, 0x20, 0x1f, 0x1f, 0xff, 0x1d, 0x1c, 0x1c, 0xff, 0x1a, 0x1a, 0x1a, 0xff,
    0x12, 0x12, 0x12, 0xfa, 0x64, 0x64, 0x5f, 0x65, 0xd1, 0xcc, 0xc0, 0x3d, 0xa3, 0x93, 0x8e, 0x32,
    0xff, 0xff, 0xff, 0x0a, 0x36, 0x68, 0x39, 0xcb, 0x75, 0x6f, 0x6f, 0xff, 0x89, 0x7c, 0x7e, 0xfd,
    0x51, 0xd3, 0x68, 0xff, 0x1a, 0xd9, 0x3b, 0xff, 0x4e, 0x67, 0x4c, 0xff, 0x4c, 0x47, 0x48, 0xff,
    0x5c, 0x5a, 0x57, 0xff, 0x85, 0x7e, 0x7e, 0xff, 0x7d, 0x77, 0x76, 0xff, 0x7e, 0x79, 0x78, 0xff,
    0x90, 0x81, 0x88, 0xff, 0x55, 0x8b, 0x57, 0xff, 0x25, 0xdb, 0x46, 0xff, 0x36, 0xe6, 0x5b, 0xff,
    0x33, 0xe4, 0x57, 0xff, 0x33, 0xe4, 0x58, 0xff, 0x34, 0xe5, 0x59, 0xff, 0x34, 0xe5, 0x59, 0xff,
    0x32, 0xe5, 0x58, 0xff, 0x35, 0xe5, 0x5a, 0xff, 0x40, 0xe7, 0x63, 0xfb, 0x3d, 0xf8, 0x68, 0xff,
    0x3f, 0xe9, 0x66, 0x9c, 0x00, 0x00, 0x00, 0x00, 0x3f, 0xbf, 0x3f, 0x04, 0x00, 0x00, 0x00, 0x00,
    0x00, 0x00, 0x00, 0x00, 0x00, 0x00, 0x00, 0x00, 0x00, 0x00, 0x00, 0x00, 0x00, 0x00, 0x00, 0x00,
    0x00, 0x00, 0x00, 0x00, 0x00, 0x00, 0x00, 0x00, 0x00, 0x00, 0x00, 0x00, 0x00, 0x00, 0x00, 0x00,
    0x00, 0x00, 0x00, 0x00, 0x00, 0x00, 0x00, 0x00, 0x00, 0x00, 0x00, 0x00, 0x00, 0x00, 0x00, 0x00,
    0x00, 0x00, 0x00, 0x00, 0x00, 0x00, 0x00, 0x00, 0x00, 0x00, 0x00, 0x00, 0x00, 0x00, 0x00, 0x00,
    0x00, 0x00, 0x00, 0x00, 0x00, 0x00, 0x00, 0x00, 0x00, 0x00, 0x00, 0x00, 0x00, 0x00, 0x00, 0x00,
    0x00, 0x00, 0x00, 0x00, 0x00, 0x00, 0x00, 0x00, 0x00, 0x00, 0x00, 0x00, 0x7f, 0xff, 0x7f, 0x02,
    0x00, 0x00, 0x00, 0x00, 0x58, 0xd7, 0x64, 0xbb, 0x65, 0xe2, 0x6d, 0xff, 0x39, 0xdb, 0x53, 0xfc,
    0x2c, 0xe3, 0x51, 0xff, 0x2f, 0xe2, 0x51, 0xff, 0x2d, 0xe2, 0x51, 0xff, 0x2e, 0xe2, 0x52, 0xff,
    0x2e, 0xe2, 0x51, 0xff, 0x2d, 0xe1, 0x50, 0xff, 0x2e, 0xe5, 0x53, 0xff, 0x30, 0xd8, 0x4d, 0xff,
    0x28, 0x47, 0x2a, 0xff, 0x5f, 0x57, 0x5a, 0xff, 0x7c, 0x77, 0x76, 0xff, 0x77, 0x71, 0x70, 0xff,
    0x81, 0x7a, 0x7a, 0xff, 0x55, 0x55, 0x51, 0xff, 0x3a, 0x30, 0x35, 0xff, 0x6a, 0xad, 0x72, 0xff,
    0x2a, 0xeb, 0x51, 0xff, 0x1c, 0xb4, 0x30, 0xff, 0x47, 0x54, 0x45, 0xff, 0x84, 0x70, 0x7a, 0xff,
    0x76, 0xa4, 0x7a, 0xff, 0x11, 0x4a, 0x1c, 0xff, 0x07, 0x00, 0x05, 0xff, 0x0e, 0x18, 0x0f, 0xff,
    0x11, 0x18, 0x11, 0xff, 0x0e, 0x15, 0x0e, 0xff, 0x12, 0x17, 0x12, 0xff, 0x1b, 0x1b, 0x1a, 0xff,
    0x1d, 0x1b, 0x1b, 0xff, 0x20, 0x1e, 0x1f, 0xff, 0x20, 0x1e, 0x1e, 0xff, 0x20, 0x1f, 0x1f, 0xff,
    0x20, 0x1f, 0x1f, 0xff, 0x20, 0x1f, 0x1f, 0xff, 0x20, 0x1f, 0x1f, 0xff, 0x20, 0x1f, 0x1f, 0xff,
    0x21, 0x20, 0x20, 0xff, 0x22, 0x20, 0x21, 0xff, 0x19, 0x19, 0x19, 0xff, 0x13, 0x13, 0x12, 0xff,
    0x14, 0x14, 0x13, 0xff, 0x1a, 0x19, 0x18, 0xff, 0x2b, 0x2d, 0x26, 0xff, 0x24, 0x21, 0x20, 0xff,
    0x27, 0x50, 0x29, 0xe4, 0x5e, 0x6a, 0x5b, 0xf7, 0x88, 0x75, 0x7f, 0xff, 0x73, 0x9d, 0x74, 0xff,
    0x36, 0xeb, 0x5a, 0xff, 0x20, 0xcd, 0x3e, 0xff, 0x4e, 0x68, 0x4d, 0xff, 0x4c, 0x47, 0x48, 0xff,
    0x5b, 0x59, 0x57, 0xff, 0x85, 0x7e, 0x7d, 0xff, 0x7d, 0x77, 0x77, 0xff, 0x7d, 0x79, 0x77, 0xff,
    0x8e, 0x80, 0x86, 0xff, 0x56, 0x8c, 0x57, 0xff, 0x25, 0xdb, 0x45, 0xff, 0x36, 0xe7, 0x5b, 0xff,
    0x32, 0xe4, 0x57, 0xff, 0x33, 0xe4, 0x58, 0xff, 0x34, 0xe4, 0x58, 0xff, 0x33, 0xe4, 0x58, 0xff,
    0x32, 0xe5, 0x58, 0xff, 0x36, 0xe5, 0x5a, 0xff, 0x43, 0xe8, 0x65, 0xfb, 0x3e, 0xf8, 0x69, 0xff,
    0x3d, 0xe8, 0x64, 0x9d, 0x00, 0x00, 0x00, 0x00, 0x3f, 0xbf, 0x3f, 0x04, 0x00, 0x00, 0x00, 0x00,
    0x00, 0x00, 0x00, 0x00, 0x00, 0x00, 0x00, 0x00, 0x00, 0x00, 0x00, 0x00, 0x00, 0x00, 0x00, 0x00,
    0x00, 0x00, 0x00, 0x00, 0x00, 0x00, 0x00, 0x00, 0x00, 0x00, 0x00, 0x00, 0x00, 0x00, 0x00, 0x00,
    0x00, 0x00, 0x00, 0x00, 0x00, 0x00, 0x00, 0x00, 0x00, 0x00, 0x00, 0x00, 0x00, 0x00, 0x00, 0x00,
    0x00, 0x00, 0x00, 0x00, 0x00, 0x00, 0x00, 0x00, 0x00, 0x00, 0x00, 0x00, 0x00, 0x00, 0x00, 0x00,
    0x00, 0x00, 0x00, 0x00, 0x00, 0x00, 0x00, 0x00, 0x00, 0x00, 0x00, 0x00, 0x00, 0x00, 0x00, 0x00,
    0x00, 0x00, 0x00, 0x00, 0x00, 0x00, 0x00, 0x00, 0x00, 0x00, 0x00, 0x00, 0x7f, 0xff, 0x7f, 0x02,
    0x00, 0x00, 0x00, 0x00, 0x59, 0xd8, 0x64, 0xb9, 0x64, 0xe2, 0x6c, 0xff, 0x38, 0xdb, 0x52, 0xfc,
    0x2c, 0xe3, 0x52, 0xff, 0x2f, 0xe2, 0x52, 0xff, 0x2e, 0xe2, 0x51, 0xff, 0x2d, 0xe2, 0x50, 0xff,
    0x2e, 0xe2, 0x50, 0xff, 0x2d, 0xe1, 0x50, 0xff, 0x2f, 0xe4, 0x54, 0xff, 0x2e, 0xd8, 0x4c, 0xff,
    0x27, 0x47, 0x29, 0xff, 0x5f, 0x57, 0x5a, 0xff, 0x7c, 0x77, 0x75, 0xff, 0x76, 0x70, 0x70, 0xff,
    0x81, 0x7a, 0x7a, 0xff, 0x55, 0x55, 0x51, 0xff, 0x3a, 0x30, 0x35, 0xff, 0x69, 0xb0, 0x72, 0xff,
    0x2c, 0xe6, 0x50, 0xff, 0x29, 0xe0, 0x48, 0xff, 0x20, 0x7f, 0x29, 0xff, 0x65, 0x58, 0x5f, 0xff,
    0x8a, 0x7f, 0x82, 0xff, 0x60, 0xa6, 0x69, 0xff, 0x0a, 0x2d, 0x10, 0xff, 0x10, 0x0b, 0x0d, 0xff,
    0x14, 0x1e, 0x15, 0xff, 0x17, 0x1c, 0x16, 0xfe, 0x12, 0x17, 0x13, 0xff, 0x25, 0x29, 0x25, 0xe6,
    0x34, 0x35, 0x33, 0xda, 0x1d, 0x1d, 0x1c, 0xff, 0x22, 0x21, 0x21, 0xfe, 0x22, 0x21, 0x21, 0xff,
    0x22, 0x21, 0x21, 0xff, 0x22, 0x21, 0x21, 0xff, 0x22, 0x21, 0x21, 0xff, 0x21, 0x20, 0x20, 0xff,
    0x1e, 0x1e, 0x1d, 0xff, 0x15, 0x15, 0x14, 0xff, 0x0e, 0x10, 0x0e, 0xff, 0x14, 0x16, 0x14, 0xff,
    0x17, 0x18, 0x17, 0xfd, 0x12, 0x15, 0x12, 0xfc, 0x23, 0x1b, 0x23, 0xc4, 0x4a, 0x8b, 0x54, 0x6a,
    0x44, 0x64, 0x45, 0xfd, 0x7f, 0x72, 0x78, 0xff, 0x84, 0x80, 0x7c, 0xfe, 0x49, 0xd4, 0x61, 0xff,
    0x2f, 0xe8, 0x56, 0xff, 0x22, 0xd0, 0x3f, 0xff, 0x4c, 0x69, 0x4b, 0xff, 0x4c, 0x45, 0x48, 0xff,
    0x5c, 0x5a, 0x58, 0xff, 0x84, 0x7d, 0x7d, 0xff, 0x7d, 0x77, 0x77, 0xff, 0x7d, 0x79, 0x76, 0xff,
    0x8f, 0x7f, 0x86, 0xff, 0x57, 0x8d, 0x58, 0xff, 0x24, 0xdb, 0x45, 0xff, 0x36, 0xe6, 0x5b, 0xff,
    0x34, 0xe4, 0x58, 0xff, 0x32, 0xe4, 0x57, 0xff, 0x33, 0xe5, 0x58, 0xff, 0x33, 0xe4, 0x58, 0xff,
    0x33, 0xe5, 0x59, 0xff, 0x34, 0xe5, 0x5a, 0xff, 0x43, 0xe8, 0x66, 0xfb, 0x41, 0xf7, 0x6a, 0xff,
    0x3c, 0xe9, 0x65, 0x9c, 0x00, 0x00, 0x00, 0x00, 0x3f, 0xbf, 0x3f, 0x04, 0x00, 0x00, 0x00, 0x00,
    0x00, 0x00, 0x00, 0x00, 0x00, 0x00, 0x00, 0x00, 0x00, 0x00, 0x00, 0x00, 0x00, 0x00, 0x00, 0x00,
    0x00, 0x00, 0x00, 0x00, 0x00, 0x00, 0x00, 0x00, 0x00, 0x00, 0x00, 0x00, 0x00, 0x00, 0x00, 0x00,
    0x00, 0x00, 0x00, 0x00, 0x00, 0x00, 0x00, 0x00, 0x00, 0x00, 0x00, 0x00, 0x00, 0x00, 0x00, 0x00,
    0x00, 0x00, 0x00, 0x00, 0x00, 0x00, 0x00, 0x00, 0x00, 0x00, 0x00, 0x00, 0x00, 0x00, 0x00, 0x00,
    0x00, 0x00, 0x00, 0x00, 0x00, 0x00, 0x00, 0x00, 0x00, 0x00, 0x00, 0x00, 0x00, 0x00, 0x00, 0x00,
    0x00, 0x00, 0x00, 0x00, 0x00, 0x00, 0x00, 0x00, 0x00, 0x00, 0x00, 0x00, 0x7f, 0xff, 0x7f, 0x02,
    0x00, 0x00, 0x00, 0x00, 0x5a, 0xd9, 0x65, 0xbc, 0x63, 0xe2, 0x6b, 0xff, 0x36, 0xdb, 0x51, 0xfc,
    0x2d, 0xe3, 0x52, 0xff, 0x2e, 0xe2, 0x51, 0xff, 0x2e, 0xe2, 0x52, 0xff, 0x2e, 0xe2, 0x51, 0xff,
    0x2f, 0xe2, 0x52, 0xff, 0x2d, 0xe1, 0x50, 0xff, 0x30, 0xe5, 0x54, 0xff, 0x2e, 0xd8, 0x4c, 0xff,
    0x28, 0x47, 0x2a, 0xff, 0x5f, 0x58, 0x5b, 0xff, 0x7d, 0x77, 0x76, 0xff, 0x76, 0x70, 0x70, 0xff,
    0x81, 0x7b, 0x7b, 0xff, 0x56, 0x56, 0x52, 0xff, 0x39, 0x30, 0x35, 0xff, 0x6f, 0xa7, 0x75, 0xff,
    0x26, 0xea, 0x4d, 0xff, 0x2c, 0xe6, 0x51, 0xff, 0x20, 0xcd, 0x3a, 0xff, 0x31, 0x60, 0x33, 0xff,
    0x74, 0x65, 0x6d, 0xff, 0x88, 0x84, 0x81, 0xff, 0x52, 0xa1, 0x5f, 0xff, 0x0a, 0x2c, 0x10, 0xff,
    0x12, 0x0c, 0x0f, 0xff, 0x17, 0x1f, 0x17, 0xfe, 0x15, 0x1a, 0x15, 0xff, 0x35, 0x33, 0x30, 0xef,
    0x41, 0x40, 0x39, 0xe2, 0x04, 0x08, 0x05, 0xff, 0x0c, 0x0e, 0x0c, 0xff, 0x12, 0x13, 0x12, 0xff,
    0x15, 0x15, 0x14, 0xff, 0x15, 0x15, 0x14, 0xff, 0x12, 0x13, 0x12, 0xff, 0x0e, 0x0f, 0x0e, 0xff,
    0x09, 0x0d, 0x0a, 0xff, 0x0b, 0x10, 0x0b, 0xff, 0x11, 0x15, 0x12, 0xff, 0x13, 0x17, 0x13, 0xff,
    0x12, 0x15, 0x12, 0xff, 0x0f, 0x05, 0x0d, 0xff, 0x0c, 0x33, 0x12, 0xfd, 0x3d, 0x6d, 0x41, 0xf6,
    0x79, 0x6f, 0x72, 0xff, 0x86, 0x78, 0x7d, 0xfe, 0x5f, 0xb5, 0x6b, 0xff, 0x2f, 0xe8, 0x54, 0xff,
    0x2f, 0xee, 0x56, 0xff, 0x1f, 0xcb, 0x3d, 0xff, 0x52, 0x63, 0x50, 0xff, 0x4c, 0x48, 0x48, 0xff,
    0x5c, 0x59, 0x57, 0xff, 0x84, 0x7e, 0x7d, 0xff, 0x7d, 0x77, 0x77, 0xff, 0x7d, 0x79, 0x77, 0xff,
    0x8e, 0x7e, 0x85, 0xff, 0x57, 0x8c, 0x58, 0xff, 0x24, 0xdc, 0x46, 0xff, 0x36, 0xe7, 0x5c, 0xff,
    0x32, 0xe4, 0x56, 0xff, 0x32, 0xe4, 0x57, 0xff, 0x33, 0xe5, 0x58, 0xff, 0x33, 0xe5, 0x58, 0xff,
    0x34, 0xe5, 0x58, 0xff, 0x36, 0xe6, 0x5a, 0xff, 0x42, 0xe7, 0x65, 0xfb, 0x40, 0xf7, 0x69, 0xff,
    0x3f, 0xe8, 0x65, 0x9c, 0x00, 0x00, 0x00, 0x00, 0x3f, 0xbf, 0x3f, 0x04, 0x00, 0x00, 0x00, 0x00,
    0x00, 0x00, 0x00, 0x00, 0x00, 0x00, 0x00, 0x00, 0x00, 0x00, 0x00, 0x00, 0x00, 0x00, 0x00, 0x00,
    0x00, 0x00, 0x00, 0x00, 0x00, 0x00, 0x00, 0x00, 0x00, 0x00, 0x00, 0x00, 0x00, 0x00, 0x00, 0x00,
    0x00, 0x00, 0x00, 0x00, 0x00, 0x00, 0x00, 0x00, 0x00, 0x00, 0x00, 0x00, 0x00, 0x00, 0x00, 0x00,
    0x00, 0x00, 0x00, 0x00, 0x00, 0x00, 0x00, 0x00, 0x00, 0x00, 0x00, 0x00, 0x00, 0x00, 0x00, 0x00,
    0x00, 0x00, 0x00, 0x00, 0x00, 0x00, 0x00, 0x00, 0x00, 0x00, 0x00, 0x00, 0x00, 0x00, 0x00, 0x00,
    0x00, 0x00, 0x00, 0x00, 0x00, 0x00, 0x00, 0x00, 0x00, 0x00, 0x00, 0x00, 0x7f, 0xff, 0x7f, 0x02,
    0x00, 0x00, 0x00, 0x00, 0x5f, 0xd8, 0x68, 0xb9, 0x65, 0xe3, 0x6e, 0xff, 0x35, 0xdb, 0x50, 0xfc,
    0x2d, 0xe4, 0x52, 0xff, 0x2e, 0xe2, 0x51, 0xff, 0x2e, 0xe2, 0x52, 0xff, 0x2e, 0xe2, 0x52, 0xff,
    0x2e, 0xe2, 0x51, 0xff, 0x2e, 0xe1, 0x50, 0xff, 0x2f, 0xe5, 0x53, 0xff, 0x2f, 0xd7, 0x4c, 0xff,
    0x28, 0x47, 0x2a, 0xff, 0x5f, 0x57, 0x5a, 0xff, 0x7e, 0x78, 0x77, 0xff, 0x76, 0x71, 0x70, 0xff,
    0x81, 0x7a, 0x7a, 0xff, 0x57, 0x55, 0x53, 0xff, 0x30, 0x32, 0x2f, 0xff, 0x84, 0x7b, 0x7d, 0xff,
    0x6a, 0xa2, 0x70, 0xff, 0x3c, 0xd9, 0x59, 0xff, 0x28, 0xef, 0x4f, 0xff, 0x15, 0xb7, 0x2b, 0xff,
    0x4b, 0x56, 0x48, 0xff, 0x80, 0x75, 0x79, 0xff, 0x87, 0x85, 0x80, 0xff, 0x57, 0xa4, 0x63, 0xff,
    0x14, 0x47, 0x1d, 0xff, 0x0d, 0x0a, 0x0b, 0xff, 0x1a, 0x1a, 0x19, 0xff, 0x17, 0x1a, 0x15, 0xff,
    0x0f, 0x14, 0x0f, 0xff, 0x01, 0x06, 0x01, 0xff, 0x00, 0x02, 0x00, 0xff, 0x00, 0x00, 0x00, 0xff,
    0x00, 0x00, 0x00, 0xff, 0x01, 0x02, 0x01, 0xff, 0x02, 0x04, 0x02, 0xff, 0x05, 0x09, 0x05, 0xff,
    0x09, 0x0e, 0x0a, 0xff, 0x0d, 0x14, 0x0e, 0xff, 0x0f, 0x15, 0x0f, 0xff, 0x0f, 0x0c, 0x0f, 0xff,
    0x0a, 0x07, 0x09, 0xff, 0x0d, 0x40, 0x13, 0xff, 0x3b, 0x6f, 0x40, 0xff, 0x77, 0x70, 0x71, 0xff,
    0x89, 0x7b, 0x80, 0xff, 0x6f, 0xa0, 0x73, 0xff, 0x2e, 0xef, 0x54, 0xff, 0x2b, 0xe9, 0x50, 0xff,
    0x39, 0xbb, 0x50, 0xff, 0x5b, 0x74, 0x5b, 0xff, 0x81, 0x77, 0x7a, 0xff, 0x48, 0x4a, 0x45, 0xff,
    0x5c, 0x58, 0x57, 0xff, 0x85, 0x7e, 0x7e, 0xff, 0x7d, 0x77, 0x76, 0xff, 0x7c, 0x78, 0x76, 0xff,
    0x8e, 0x7e, 0x85, 0xff, 0x55, 0x8b, 0x56, 0xff, 0x24, 0xdc, 0x46, 0xff, 0x36, 0xe6, 0x5b, 0xff,
    0x32, 0xe4, 0x57, 0xff, 0x33, 0xe5, 0x58, 0xff, 0x32, 0xe5, 0x57, 0xff, 0x33, 0xe5, 0x58, 0xff,
    0x33, 0xe4, 0x57, 0xff, 0x36, 0xe5, 0x5a, 0xff, 0x42, 0xe7, 0x65, 0xfb, 0x3d, 0xf7, 0x68, 0xff,
    0x3e, 0xe8, 0x63, 0x9c, 0x00, 0x00, 0x00, 0x00, 0x3f, 0xbf, 0x3f, 0x04, 0x00, 0x00, 0x00, 0x00,
    0x00, 0x00, 0x00, 0x00, 0x00, 0x00, 0x00, 0x00, 0x00, 0x00, 0x00, 0x00, 0x00, 0x00, 0x00, 0x00,
    0x00, 0x00, 0x00, 0x00, 0x00, 0x00, 0x00, 0x00, 0x00, 0x00, 0x00, 0x00, 0x00, 0x00, 0x00, 0x00,
    0x00, 0x00, 0x00, 0x00, 0x00, 0x00, 0x00, 0x00, 0x00, 0x00, 0x00, 0x00, 0x00, 0x00, 0x00, 0x00,
    0x00, 0x00, 0x00, 0x00, 0x00, 0x00, 0x00, 0x00, 0x00, 0x00, 0x00, 0x00, 0x00, 0x00, 0x00, 0x00,
    0x00, 0x00, 0x00, 0x00, 0x00, 0x00, 0x00, 0x00, 0x00, 0x00, 0x00, 0x00, 0x00, 0x00, 0x00, 0x00,
    0x00, 0x00, 0x00, 0x00, 0x00, 0x00, 0x00, 0x00, 0x00, 0x00, 0x00, 0x00, 0x7f, 0xff, 0x7f, 0x02,
    0x00, 0x00, 0x00, 0x00, 0x5e, 0xd8, 0x68, 0xba, 0x65, 0xe2, 0x6d, 0xff, 0x36, 0xdb, 0x50, 0xfc,
    0x2d, 0xe3, 0x52, 0xff, 0x2f, 0xe1, 0x52, 0xff, 0x2d, 0xe2, 0x51, 0xff, 0x2d, 0xe2, 0x50, 0xff,
    0x2d, 0xe2, 0x51, 0xff, 0x2e, 0xe1, 0x50, 0xff, 0x30, 0xe4, 0x53, 0xff, 0x32, 0xd8, 0x4f, 0xff,
    0x29, 0x47, 0x2a, 0xff, 0x60, 0x58, 0x5b, 0xff, 0x7c, 0x77, 0x76, 0xff, 0x76, 0x70, 0x70, 0xff,
    0x81, 0x7a, 0x7a, 0xff, 0x58, 0x55, 0x54, 0xff, 0x31, 0x32, 0x30, 0xff, 0x7a, 0x78, 0x74, 0xff,
    0x5b, 0x5d, 0x54, 0xff, 0x70, 0x69, 0x69, 0xff, 0x5e, 0xb6, 0x6c, 0xff, 0x37, 0xa3, 0x47, 0xff,
    0x5c, 0x54, 0x55, 0xff, 0x6d, 0x63, 0x67, 0xff, 0x75, 0x68, 0x6e, 0xff, 0x87, 0x7f, 0x80, 0xff,
    0x6b, 0xa3, 0x72, 0xff, 0x2a, 0x74, 0x37, 0xff, 0x14, 0x2b, 0x17, 0xff, 0x26, 0x1c, 0x1e, 0xfd,
    0x24, 0x1c, 0x1f, 0xfa, 0x01, 0x03, 0x02, 0xff, 0x03, 0x06, 0x03, 0xff, 0x03, 0x04, 0x03, 0xff,
    0x04, 0x05, 0x04, 0xff, 0x05, 0x07, 0x05, 0xff, 0x07, 0x0a, 0x07, 0xff, 0x09, 0x0c, 0x09, 0xff,
    0x0b, 0x0b, 0x0a, 0xff, 0x0b, 0x06, 0x0a, 0xff, 0x08, 0x04, 0x07, 0xff, 0x08, 0x21, 0x0b, 0xff,
    0x1e, 0x5f, 0x26, 0xff, 0x55, 0x79, 0x56, 0xff, 0x7e, 0x72, 0x77, 0xff, 0x80, 0x73, 0x78, 0xfe,
    0x75, 0x60, 0x6b, 0xff, 0x76, 0x95, 0x78, 0xff, 0x3e, 0xc6, 0x57, 0xff, 0x50, 0x83, 0x56, 0xff,
    0x6d, 0x64, 0x65, 0xff, 0x52, 0x5f, 0x4f, 0xff, 0x7b, 0x76, 0x75, 0xff, 0x49, 0x4a, 0x46, 0xff,
    0x5c, 0x58, 0x57, 0xff, 0x85, 0x7e, 0x7e, 0xff, 0x7d, 0x77, 0x77, 0xff, 0x7d, 0x79, 0x77, 0xff,
    0x8f, 0x80, 0x87, 0xff, 0x57, 0x8c, 0x57, 0xff, 0x24, 0xdb, 0x45, 0xff, 0x36, 0xe6, 0x5b, 0xff,
    0x33, 0xe4, 0x57, 0xff, 0x33, 0xe4, 0x58, 0xff, 0x32, 0xe4, 0x57, 0xff, 0x33, 0xe5, 0x58, 0xff,
    0x35, 0xe5, 0x59, 0xff, 0x34, 0xe5, 0x59, 0xff, 0x3b, 0xe7, 0x62, 0xfb, 0x3e, 0xf7, 0x68, 0xff,
    0x3d, 0xe8, 0x66, 0x9d, 0x00, 0x00, 0x00, 0x00, 0x3f, 0xbf, 0x3f, 0x04, 0x00, 0x00, 0x00, 0x00,
    0x00, 0x00, 0x00, 0x00, 0x00, 0x00, 0x00, 0x00, 0x00, 0x00, 0x00, 0x00, 0x00, 0x00, 0x00, 0x00,
    0x00, 0x00, 0x00, 0x00, 0x00, 0x00, 0x00, 0x00, 0x00, 0x00, 0x00, 0x00, 0x00, 0x00, 0x00, 0x00,
    0x00, 0x00, 0x00, 0x00, 0x00, 0x00, 0x00, 0x00, 0x00, 0x00, 0x00, 0x00, 0x00, 0x00, 0x00, 0x00,
    0x00, 0x00, 0x00, 0x00, 0x00, 0x00, 0x00, 0x00, 0x00, 0x00, 0x00, 0x00, 0x00, 0x00, 0x00, 0x00,
    0x00, 0x00, 0x00, 0x00, 0x00, 0x00, 0x00, 0x00, 0x00, 0x00, 0x00, 0x00, 0x00, 0x00, 0x00, 0x00,
    0x00, 0x00, 0x00, 0x00, 0x00, 0x00, 0x00, 0x00, 0x00, 0x00, 0x00, 0x00, 0x7f, 0xff, 0x7f, 0x02,
    0x00, 0x00, 0x00, 0x00, 0x5c, 0xd8, 0x67, 0xbb, 0x64, 0xe2, 0x6c, 0xff, 0x37, 0xdb, 0x51, 0xfc,
    0x2d, 0xe3, 0x52, 0xff, 0x2f, 0xe2, 0x52, 0xff, 0x2e, 0xe2, 0x51, 0xff, 0x2e, 0xe2, 0x52, 0xff,
    0x2e, 0xe2, 0x51, 0xff, 0x2e, 0xe1, 0x51, 0xff, 0x2f, 0xe4, 0x53, 0xff, 0x2f, 0xd8, 0x4d, 0xff,
    0x28, 0x47, 0x2a, 0xff, 0x60, 0x58, 0x5a, 0xff, 0x7c, 0x77, 0x76, 0xff, 0x75, 0x70, 0x70, 0xff,
    0x81, 0x7a, 0x7a, 0xff, 0x58, 0x58, 0x54, 0xff, 0x38, 0x2f, 0x34, 0xff, 0x70, 0xa5, 0x75, 0xff,
    0x1d, 0xce, 0x3b, 0xff, 0x25, 0x81, 0x2f, 0xff, 0x5c, 0x57, 0x56, 0xff, 0x7c, 0x6a, 0x72, 0xff,
    0x5f, 0xa3, 0x67, 0xff, 0x25, 0xa9, 0x37, 0xff, 0x36, 0x5f, 0x37, 0xff, 0x6e, 0x5e, 0x67, 0xff,
    0x87, 0x75, 0x7e, 0xff, 0x80, 0x93, 0x7e, 0xff, 0x5b, 0x9f, 0x64, 0xff, 0x3d, 0x7f, 0x44, 0xff,
    0x18, 0x3c, 0x1b, 0xff, 0x00, 0x0b, 0x00, 0xff, 0x00, 0x00, 0x00, 0xff, 0x00, 0x00, 0x00, 0xff,
    0x00, 0x00, 0x00, 0xff, 0x00, 0x00, 0x00, 0xff, 0x01, 0x00, 0x01, 0xff, 0x02, 0x02, 0x02, 0xff,
    0x03, 0x12, 0x06, 0xff, 0x0a, 0x30, 0x10, 0xff, 0x1f, 0x60, 0x27, 0xff, 0x47, 0x7c, 0x4b, 0xff,
    0x70, 0x79, 0x6c, 0xff, 0x84, 0x70, 0x7b, 0xff, 0x80, 0x74, 0x77, 0xff, 0x5c, 0xa4, 0x65, 0xff,
    0x25, 0x9b, 0x34, 0xff, 0x47, 0x5c, 0x46, 0xff, 0x7d, 0x68, 0x73, 0xff, 0x6b, 0x84, 0x6a, 0xff,
    0x46, 0xd0, 0x5e, 0xff, 0x16, 0xbd, 0x30, 0xff, 0x50, 0x62, 0x4e, 0xff, 0x4e, 0x49, 0x4a, 0xff,
    0x5c, 0x59, 0x57, 0xff, 0x85, 0x7e, 0x7e, 0xff, 0x7d, 0x77, 0x76, 0xff, 0x7d, 0x78, 0x76, 0xff,
    0x8e, 0x7f, 0x86, 0xff, 0x56, 0x8c, 0x57, 0xff, 0x24, 0xdb, 0x45, 0xff, 0x36, 0xe6, 0x5b, 0xff,
    0x33, 0xe4, 0x57, 0xff, 0x33, 0xe5, 0x57, 0xff, 0x33, 0xe5, 0x58, 0xff, 0x33, 0xe5, 0x58, 0xff,
    0x33, 0xe5, 0x58, 0xff, 0x34, 0xe5, 0x59, 0xff, 0x3a, 0xe7, 0x60, 0xfb, 0x3c, 0xf7, 0x67, 0xff,
    0x3e, 0xe8, 0x65, 0x9c, 0x00, 0x00, 0x00, 0x00, 0x3f, 0xbf, 0x3f, 0x04, 0x00, 0x00, 0x00, 0x00,
    0x00, 0x00, 0x00, 0x00, 0x00, 0x00, 0x00, 0x00, 0x00, 0x00, 0x00, 0x00, 0x00, 0x00, 0x00, 0x00,
    0x00, 0x00, 0x00, 0x00, 0x00, 0x00, 0x00, 0x00, 0x00, 0x00, 0x00, 0x00, 0x00, 0x00, 0x00, 0x00,
    0x00, 0x00, 0x00, 0x00, 0x00, 0x00, 0x00, 0x00, 0x00, 0x00, 0x00, 0x00, 0x00, 0x00, 0x00, 0x00,
    0x00, 0x00, 0x00, 0x00, 0x00, 0x00, 0x00, 0x00, 0x00, 0x00, 0x00, 0x00, 0x00, 0x00, 0x00, 0x00,
    0x00, 0x00, 0x00, 0x00, 0x00, 0x00, 0x00, 0x00, 0x00, 0x00, 0x00, 0x00, 0x00, 0x00, 0x00, 0x00,
    0x00, 0x00, 0x00, 0x00, 0x00, 0x00, 0x00, 0x00, 0x00, 0x00, 0x00, 0x00, 0x7f, 0xff, 0x7f, 0x02,
    0x00, 0x00, 0x00, 0x00, 0x5c, 0xd9, 0x67, 0xb9, 0x69, 0xe3, 0x70, 0xff, 0x37, 0xdc, 0x51, 0xfc,
    0x2c, 0xe4, 0x51, 0xff, 0x2e, 0xe2, 0x51, 0xff, 0x2e, 0xe2, 0x51, 0xff, 0x2e, 0xe2, 0x51, 0xff,
    0x2d, 0xe2, 0x50, 0xff, 0x2d, 0xe1, 0x50, 0xff, 0x2f, 0xe5, 0x54, 0xff, 0x2f, 0xd8, 0x4c, 0xff,
    0x28, 0x47, 0x29, 0xff, 0x5f, 0x57, 0x5a, 0xff, 0x7c, 0x77, 0x76, 0xff, 0x76, 0x71, 0x70, 0xff,
    0x7f, 0x78, 0x78, 0xff, 0x60, 0x5e, 0x5b, 0xff, 0x34, 0x2b, 0x30, 0xff, 0x6f, 0xa4, 0x74, 0xff,
    0x2f, 0xed, 0x55, 0xff, 0x21, 0xe6, 0x43, 0xff, 0x28, 0x6c, 0x2d, 0xff, 0x71, 0x85, 0x71, 0xff,
    0x34, 0xec, 0x56, 0xff, 0x2a, 0xea, 0x4f, 0xff, 0x21, 0xcd, 0x3b, 0xff, 0x28, 0x79, 0x30, 0xff,
    0x55, 0x57, 0x51, 0xff, 0x79, 0x63, 0x71, 0xff, 0x87, 0x78, 0x7e, 0xff, 0x7d, 0x8f, 0x7b, 0xff,
    0x65, 0x97, 0x6a, 0xff, 0x47, 0x8c, 0x50, 0xff, 0x2c, 0x72, 0x36, 0xff, 0x1e, 0x5d, 0x28, 0xff,
    0x19, 0x51, 0x22, 0xff, 0x18, 0x51, 0x21, 0xff, 0x1f, 0x5e, 0x28, 0xff, 0x2b, 0x6d, 0x34, 0xff,
    0x3f, 0x7c, 0x46, 0xff, 0x5a, 0x84, 0x5c, 0xff, 0x74, 0x7d, 0x70, 0xff, 0x81, 0x6f, 0x79, 0xff,
    0x81, 0x6d, 0x78, 0xff, 0x74, 0x84, 0x70, 0xff, 0x4c, 0xbf, 0x5e, 0xff, 0x2e, 0xe8, 0x53, 0xff,
    0x2d, 0xf2, 0x52, 0xff, 0x19, 0x97, 0x29, 0xff, 0x6e, 0x64, 0x66, 0xff, 0x52, 0xe0, 0x6a, 0xff,
    0x28, 0xef, 0x51, 0xff, 0x23, 0xcb, 0x3f, 0xff, 0x53, 0x65, 0x50, 0xff, 0x47, 0x43, 0x43, 0xff,
    0x64, 0x60, 0x5e, 0xff, 0x83, 0x7d, 0x7c, 0xff, 0x7e, 0x78, 0x77, 0xff, 0x7e, 0x79, 0x77, 0xff,
    0x8e, 0x7e, 0x86, 0xff, 0x56, 0x8b, 0x57, 0xff, 0x24, 0xdb, 0x45, 0xff, 0x36, 0xe6, 0x5b, 0xff,
    0x32, 0xe4, 0x57, 0xff, 0x33, 0xe5, 0x58, 0xff, 0x33, 0xe5, 0x58, 0xff, 0x33, 0xe5, 0x59, 0xff,
    0x33, 0xe5, 0x58, 0xff, 0x36, 0xe5, 0x5a, 0xff, 0x41, 0xe7, 0x64, 0xfb, 0x3e, 0xf7, 0x68, 0xff,
    0x40, 0xe9, 0x66, 0x9b, 0x00, 0x00, 0x00, 0x00, 0x3f, 0xbf, 0x3f, 0x04, 0x00, 0x00, 0x00, 0x00,
    0x00, 0x00, 0x00, 0x00, 0x00, 0x00, 0x00, 0x00, 0x00, 0x00, 0x00, 0x00, 0x00, 0x00, 0x00, 0x00,
    0x00, 0x00, 0x00, 0x00, 0x00, 0x00, 0x00, 0x00, 0x00, 0x00, 0x00, 0x00, 0x00, 0x00, 0x00, 0x00,
    0x00, 0x00, 0x00, 0x00, 0x00, 0x00, 0x00, 0x00, 0x00, 0x00, 0x00, 0x00, 0x00, 0x00, 0x00, 0x00,
    0x00, 0x00, 0x00, 0x00, 0x00, 0x00, 0x00, 0x00, 0x00, 0x00, 0x00, 0x00, 0x00, 0x00, 0x00, 0x00,
    0x00, 0x00, 0x00, 0x00, 0x00, 0x00, 0x00, 0x00, 0x00, 0x00, 0x00, 0x00, 0x00, 0x00, 0x00, 0x00,
    0x00, 0x00, 0x00, 0x00, 0x00, 0x00, 0x00, 0x00, 0x00, 0x00, 0x00, 0x00, 0x7f, 0xff, 0x7f, 0x02,
    0x00, 0x00, 0x00, 0x00, 0x5e, 0xd8, 0x68, 0xba, 0x64, 0xe2, 0x6c, 0xff, 0x35, 0xdb, 0x50, 0xfc,
    0x2d, 0xe4, 0x52, 0xff, 0x2f, 0xe2, 0x52, 0xff, 0x2e, 0xe2, 0x52, 0xff, 0x2e, 0xe2, 0x51, 0xff,
    0x2d, 0xe2, 0x51, 0xff, 0x2e, 0xe1, 0x51, 0xff, 0x2f, 0xe5, 0x53, 0xff, 0x31, 0xd8, 0x4e, 0xff,
    0x28, 0x47, 0x2a, 0xff, 0x5f, 0x57, 0x5a, 0xff, 0x7c, 0x77, 0x76, 0xff, 0x77, 0x71, 0x70, 0xff,
    0x7b, 0x75, 0x75, 0xff, 0x72, 0x6d, 0x6c, 0xff, 0x2b, 0x26, 0x29, 0xff, 0x72, 0x89, 0x71, 0xff,
    0x37, 0xe1, 0x58, 0xff, 0x26, 0xe6, 0x49, 0xff, 0x2e, 0x77, 0x35, 0xff, 0x72, 0x87, 0x71, 0xff,
    0x34, 0xe8, 0x56, 0xff, 0x2c, 0xde, 0x4f, 0xff, 0x30, 0xe5, 0x54, 0xff, 0x28, 0xe4, 0x49, 0xff,
    0x1f, 0xae, 0x34, 0xff, 0x33, 0x6f, 0x38, 0xff, 0x57, 0x59, 0x52, 0xff, 0x77, 0x66, 0x6f, 0xff,
    0x81, 0x72, 0x79, 0xff, 0x85, 0x7a, 0x7e, 0xff, 0x84, 0x85, 0x7f, 0xff, 0x7e, 0x8d, 0x7b, 0xff,
    0x79, 0x8d, 0x77, 0xff, 0x77, 0x8b, 0x75, 0xff, 0x7b, 0x86, 0x77, 0xff, 0x81, 0x80, 0x7b, 0xff,
    0x83, 0x77, 0x7b, 0xff, 0x81, 0x71, 0x79, 0xff, 0x7f, 0x6e, 0x75, 0xff, 0x6f, 0x7d, 0x6c, 0xff,
    0x52, 0xa7, 0x5e, 0xff, 0x35, 0xdc, 0x54, 0xff, 0x2c, 0xe9, 0x52, 0xff, 0x2f, 0xdf, 0x52, 0xff,
    0x31, 0xeb, 0x57, 0xff, 0x21, 0xa6, 0x34, 0xff, 0x66, 0x63, 0x5f, 0xff, 0x47, 0xdb, 0x62, 0xff,
    0x2e, 0xec, 0x55, 0xff, 0x24, 0xb3, 0x3a, 0xff, 0x5e, 0x5c, 0x58, 0xff, 0x40, 0x40, 0x3d, 0xff,
    0x73, 0x6e, 0x6d, 0xff, 0x80, 0x7a, 0x7a, 0xff, 0x7e, 0x77, 0x77, 0xff, 0x7d, 0x78, 0x77, 0xff,
    0x8f, 0x80, 0x86, 0xff, 0x56, 0x8b, 0x57, 0xff, 0x24, 0xdb, 0x44, 0xff, 0x35, 0xe6, 0x5b, 0xff,
    0x33, 0xe4, 0x58, 0xff, 0x33, 0xe4, 0x58, 0xff, 0x33, 0xe4, 0x58, 0xff, 0x33, 0xe5, 0x58, 0xff,
    0x34, 0xe5, 0x58, 0xff, 0x34, 0xe5, 0x5a, 0xff, 0x3c, 0xe7, 0x62, 0xfb, 0x3e, 0xf8, 0x68, 0xff,
    0x41, 0xe8, 0x65, 0x9c, 0x00, 0x00, 0x00, 0x00, 0x3f, 0xbf, 0x3f, 0x04, 0x00, 0x00, 0x00, 0x00,
    0x00, 0x00, 0x00, 0x00, 0x00, 0x00, 0x00, 0x00, 0x00, 0x00, 0x00, 0x00, 0x00, 0x00, 0x00, 0x00,
    0x00, 0x00, 0x00, 0x00, 0x00, 0x00, 0x00, 0x00, 0x00, 0x00, 0x00, 0x00, 0x00, 0x00, 0x00, 0x00,
    0x00, 0x00, 0x00, 0x00, 0x00, 0x00, 0x00, 0x00, 0x00, 0x00, 0x00, 0x00, 0x00, 0x00, 0x00, 0x00,
    0x00, 0x00, 0x00, 0x00, 0x00, 0x00, 0x00, 0x00, 0x00, 0x00, 0x00, 0x00, 0x00, 0x00, 0x00, 0x00,
    0x00, 0x00, 0x00, 0x00, 0x00, 0x00, 0x00, 0x00, 0x00, 0x00, 0x00, 0x00, 0x00, 0x00, 0x00, 0x00,
    0x00, 0x00, 0x00, 0x00, 0x00, 0x00, 0x00, 0x00, 0x00, 0x00, 0x00, 0x00, 0x7f, 0xff, 0x7f, 0x02,
    0x00, 0x00, 0x00, 0x00, 0x5c, 0xd9, 0x67, 0xb9, 0x62, 0xe1, 0x6b, 0xff, 0x38, 0xdb, 0x52, 0xfc,
    0x2c, 0xe3, 0x51, 0xff, 0x2e, 0xe2, 0x51, 0xff, 0x2e, 0xe2, 0x51, 0xff, 0x2e, 0xe2, 0x52, 0xff,
    0x2f, 0xe2, 0x52, 0xff, 0x2e, 0xe1, 0x50, 0xff, 0x2f, 0xe5, 0x53, 0xff, 0x30, 0xd8, 0x4d, 0xff,
    0x28, 0x46, 0x29, 0xff, 0x60, 0x58, 0x5b, 0xff, 0x7d, 0x78, 0x77, 0xff, 0x78, 0x72, 0x71, 0xff,
    0x78, 0x72, 0x72, 0xff, 0x7c, 0x76, 0x75, 0xff, 0x2c, 0x2b, 0x2a, 0xff, 0x68, 0x6d, 0x64, 0xff,
    0x42, 0xdc, 0x5f, 0xff, 0x24, 0xe7, 0x48, 0xff, 0x30, 0x76, 0x36, 0xff, 0x70, 0x85, 0x6f, 0xff,
    0x34, 0xe7, 0x56, 0xff, 0x2c, 0xe1, 0x4f, 0xff, 0x2d, 0xe1, 0x50, 0xff, 0x30, 0xe1, 0x52, 0xff,
    0x2f, 0xe9, 0x53, 0xff, 0x27, 0xe2, 0x49, 0xff, 0x1e, 0xb4, 0x34, 0xff, 0x35, 0x60, 0x37, 0xff,
    0x79, 0x6e, 0x72, 0xff, 0x6a, 0x69, 0x63, 0xff, 0x60, 0x5c, 0x5a, 0xff, 0x6c, 0x5c, 0x65, 0xff,
    0x70, 0x5e, 0x67, 0xff, 0x73, 0x61, 0x6a, 0xff, 0x73, 0x66, 0x6b, 0xff, 0x6a, 0x66, 0x63, 0xff,
    0x6a, 0x64, 0x65, 0xff, 0x82, 0x7d, 0x7b, 0xff, 0x54, 0xae, 0x61, 0xff, 0x33, 0xdd, 0x53, 0xff,
    0x2d, 0xea, 0x52, 0xff, 0x2e, 0xe4, 0x52, 0xff, 0x2f, 0xe1, 0x53, 0xff, 0x2f, 0xe1, 0x53, 0xff,
    0x31, 0xec, 0x56, 0xff, 0x21, 0xa3, 0x34, 0xff, 0x67, 0x63, 0x60, 0xff, 0x4a, 0xda, 0x65, 0xff,
    0x2c, 0xee, 0x53, 0xff, 0x29, 0x9b, 0x39, 0xff, 0x62, 0x57, 0x5b, 0xff, 0x3e, 0x3f, 0x3c, 0xff,
    0x7d, 0x76, 0x76, 0xff, 0x7f, 0x79, 0x78, 0xff, 0x7e, 0x77, 0x77, 0xff, 0x7c, 0x78, 0x76, 0xff,
    0x90, 0x81, 0x87, 0xff, 0x56, 0x8b, 0x57, 0xff, 0x24, 0xdb, 0x45, 0xff, 0x35, 0xe6, 0x5b, 0xff,
    0x32, 0xe4, 0x57, 0xff, 0x34, 0xe4, 0x58, 0xff, 0x33, 0xe4, 0x58, 0xff, 0x33, 0xe5, 0x58, 0xff,
    0x34, 0xe5, 0x59, 0xff, 0x36, 0xe5, 0x5b, 0xff, 0x3b, 0xe6, 0x61, 0xfb, 0x3d, 0xf7, 0x68, 0xff,
    0x3f, 0xe8, 0x64, 0x9d, 0x00, 0x00, 0x00, 0x00, 0x3f, 0xbf, 0x3f, 0x04, 0x00, 0x00, 0x00, 0x00,
    0x00, 0x00, 0x00, 0x00, 0x00, 0x00, 0x00, 0x00, 0x00, 0x00, 0x00, 0x00, 0x00, 0x00, 0x00, 0x00,
    0x00, 0x00, 0x00, 0x00, 0x00, 0x00, 0x00, 0x00, 0x00, 0x00, 0x00, 0x00, 0x00, 0x00, 0x00, 0x00,
    0x00, 0x00, 0x00, 0x00, 0x00, 0x00, 0x00, 0x00, 0x00, 0x00, 0x00, 0x00, 0x00, 0x00, 0x00, 0x00,
    0x00, 0x00, 0x00, 0x00, 0x00, 0x00, 0x00, 0x00, 0x00, 0x00, 0x00, 0x00, 0x00, 0x00, 0x00, 0x00,
    0x00, 0x00, 0x00, 0x00, 0x00, 0x00, 0x00, 0x00, 0x00, 0x00, 0x00, 0x00, 0x00, 0x00, 0x00, 0x00,
    0x00, 0x00, 0x00, 0x00, 0x00, 0x00, 0x00, 0x00, 0x00, 0x00, 0x00, 0x00, 0x7f, 0xff, 0x7f, 0x02,
    0x00, 0x00, 0x00, 0x00, 0x59, 0xd9, 0x66, 0xb9, 0x6b, 0xe2, 0x71, 0xff, 0x38, 0xdb, 0x52, 0xfc,
    0x2c, 0xe3, 0x51, 0xff, 0x2e, 0xe1, 0x51, 0xff, 0x2e, 0xe2, 0x51, 0xff, 0x2f, 0xe2, 0x52, 0xff,
    0x2e, 0xe2, 0x51, 0xff, 0x2d, 0xe1, 0x51, 0xff, 0x2f, 0xe3, 0x53, 0xff, 0x2d, 0xe0, 0x4d, 0xff,
    0x26, 0x53, 0x2a, 0xff, 0x57, 0x4f, 0x53, 0xff, 0x7d, 0x77, 0x76, 0xff, 0x78, 0x72, 0x71, 0xff,
    0x76, 0x71, 0x70, 0xff, 0x82, 0x7b, 0x7b, 0xff, 0x35, 0x36, 0x33, 0xff, 0x5b, 0x54, 0x55, 0xff,
    0x52, 0xd1, 0x69, 0xff, 0x20, 0xee, 0x46, 0xff, 0x2c, 0x77, 0x33, 0xff, 0x6e, 0x88, 0x6e, 0xff,
    0x2f, 0xeb, 0x53, 0xff, 0x2e, 0xe0, 0x50, 0xff, 0x2f, 0xe1, 0x52, 0xff, 0x2e, 0xe2, 0x51, 0xff,
    0x2e, 0xe0, 0x51, 0xff, 0x30, 0xdf, 0x54, 0xff, 0x2c, 0xf2, 0x51, 0xff, 0x20, 0x88, 0x2c, 0xff,
    0x6f, 0x6f, 0x6b, 0xff, 0x37, 0xcb, 0x50, 0xff, 0x25, 0xb8, 0x3e, 0xff, 0x2e, 0xae, 0x43, 0xff,
    0x2f, 0xad, 0x45, 0xff, 0x34, 0xb0, 0x49, 0xff, 0x38, 0xbb, 0x4f, 0xff, 0x29, 0xc6, 0x43, 0xff,
    0x23, 0x73, 0x2b, 0xff, 0x71, 0x75, 0x6d, 0xff, 0x36, 0xe9, 0x59, 0xff, 0x2b, 0xe4, 0x50, 0xff,
    0x33, 0xdf, 0x54, 0xff, 0x30, 0xe2, 0x53, 0xff, 0x30, 0xe3, 0x53, 0xff, 0x31, 0xdf, 0x54, 0xff,
    0x32, 0xec, 0x57, 0xff, 0x1e, 0xa9, 0x32, 0xff, 0x66, 0x63, 0x60, 0xff, 0x47, 0xde, 0x63, 0xff,
    0x27, 0xec, 0x4d, 0xff, 0x33, 0x88, 0x3d, 0xff, 0x5d, 0x50, 0x57, 0xff, 0x43, 0x44, 0x40, 0xff,
    0x82, 0x7b, 0x7b, 0xff, 0x7d, 0x77, 0x77, 0xff, 0x7e, 0x78, 0x77, 0xff, 0x7f, 0x7b, 0x78, 0xff,
    0x8d, 0x7d, 0x84, 0xff, 0x49, 0x8e, 0x4d, 0xff, 0x26, 0xe1, 0x49, 0xff, 0x35, 0xe5, 0x5a, 0xff,
    0x31, 0xe4, 0x56, 0xff, 0x33, 0xe4, 0x57, 0xff, 0x33, 0xe4, 0x57, 0xff, 0x33, 0xe5, 0x58, 0xff,
    0x33, 0xe5, 0x58, 0xff, 0x35, 0xe5, 0x5a, 0xff, 0x40, 0xe7, 0x64, 0xfb, 0x3e, 0xf8, 0x68, 0xff,
    0x3f, 0xe9, 0x65, 0x9c, 0x00, 0x00, 0x00, 0x00, 0x3f, 0xbf, 0x3f, 0x04, 0x00, 0x00, 0x00, 0x00,
    0x00, 0x00, 0x00, 0x00, 0x00, 0x00, 0x00, 0x00, 0x00, 0x00, 0x00, 0x00, 0x00, 0x00, 0x00, 0x00,
    0x00, 0x00, 0x00, 0x00, 0x00, 0x00, 0x00, 0x00, 0x00, 0x00, 0x00, 0x00, 0x00, 0x00, 0x00, 0x00,
    0x00, 0x00, 0x00, 0x00, 0x00, 0x00, 0x00, 0x00, 0x00, 0x00, 0x00, 0x00, 0x00, 0x00, 0x00, 0x00,
    0x00, 0x00, 0x00, 0x00, 0x00, 0x00, 0x00, 0x00, 0x00, 0x00, 0x00, 0x00, 0x00, 0x00, 0x00, 0x00,
    0x00, 0x00, 0x00, 0x00, 0x00, 0x00, 0x00, 0x00, 0x00, 0x00, 0x00, 0x00, 0x00, 0x00, 0x00, 0x00,
    0x00, 0x00, 0x00, 0x00, 0x00, 0x00, 0x00, 0x00, 0x00, 0x00, 0x00, 0x00, 0x7f, 0xff, 0x7f, 0x02,
    0x00, 0x00, 0x00, 0x00, 0x57, 0xd9, 0x63, 0xb8, 0x5f, 0xe1, 0x68, 0xff, 0x35, 0xdb, 0x4f, 0xfc,
    0x2d, 0xe3, 0x52, 0xff, 0x2f, 0xe2, 0x52, 0xff, 0x2d, 0xe2, 0x50, 0xff, 0x2e, 0xe2, 0x51, 0xff,
    0x2e, 0xe2, 0x51, 0xff, 0x2d, 0xe2, 0x51, 0xff, 0x2e, 0xe0, 0x51, 0xff, 0x2f, 0xea, 0x53, 0xff,
    0x24, 0x6e, 0x2d, 0xff, 0x4a, 0x41, 0x46, 0xff, 0x7b, 0x77, 0x75, 0xff, 0x78, 0x72, 0x71, 0xff,
    0x76, 0x71, 0x70, 0xff, 0x83, 0x7c, 0x7c, 0xff, 0x45, 0x46, 0x42, 0xff, 0x4b, 0x3d, 0x44, 0xff,
    0x65, 0xbd, 0x73, 0xff, 0x22, 0xdc, 0x44, 0xff, 0x41, 0x63, 0x42, 0xff, 0x81, 0x7c, 0x7b, 0xff,
    0x43, 0xd8, 0x5e, 0xff, 0x26, 0xea, 0x4e, 0xff, 0x2c, 0xe3, 0x51, 0xff, 0x2f, 0xe0, 0x52, 0xff,
    0x30, 0xe2, 0x52, 0xff, 0x2c, 0xea, 0x51, 0xff, 0x29, 0xe2, 0x4c, 0xff, 0x3b, 0x6f, 0x40, 0xff,
    0x80, 0x74, 0x78, 0xff, 0x49, 0xda, 0x64, 0xff, 0x27, 0xf2, 0x50, 0xff, 0x2a, 0xed, 0x51, 0xff,
    0x2e, 0xe9, 0x52, 0xff, 0x2f, 0xea, 0x54, 0xff, 0x2a, 0xf0, 0x52, 0xff, 0x29, 0xf0, 0x4f, 0xff,
    0x31, 0x7d, 0x3a, 0xff, 0x7c, 0x68, 0x73, 0xff, 0x54, 0xcd, 0x69, 0xff, 0x29, 0xea, 0x4f, 0xff,
    0x2e, 0xe5, 0x53, 0xff, 0x31, 0xe1, 0x54, 0xff, 0x31, 0xe1, 0x55, 0xff, 0x2e, 0xe8, 0x54, 0xff,
    0x2d, 0xef, 0x52, 0xff, 0x30, 0x8c, 0x3c, 0xff, 0x79, 0x62, 0x6f, 0xff, 0x5e, 0xca, 0x70, 0xff,
    0x22, 0xe2, 0x46, 0xff, 0x41, 0x71, 0x44, 0xff, 0x56, 0x4b, 0x50, 0xff, 0x4e, 0x4e, 0x4a, 0xff,
    0x84, 0x7e, 0x7d, 0xff, 0x7d, 0x77, 0x76, 0xff, 0x7e, 0x78, 0x78, 0xff, 0x81, 0x7d, 0x7b, 0xff,
    0x89, 0x7b, 0x80, 0xff, 0x38, 0x9d, 0x42, 0xff, 0x2a, 0xe7, 0x4f, 0xff, 0x34, 0xe4, 0x58, 0xff,
    0x32, 0xe4, 0x57, 0xff, 0x33, 0xe5, 0x58, 0xff, 0x34, 0xe4, 0x58, 0xff, 0x35, 0xe5, 0x5a, 0xff,
    0x34, 0xe5, 0x59, 0xff, 0x34, 0xe5, 0x59, 0xff, 0x40, 0xe7, 0x63, 0xfb, 0x3c, 0xf7, 0x66, 0xff,
    0x3c, 0xe8, 0x63, 0x9c, 0x00, 0x00, 0x00, 0x00, 0x3f, 0xbf, 0x3f, 0x04, 0x00, 0x00, 0x00, 0x00,
    0x00, 0x00, 0x00, 0x00, 0x00, 0x00, 0x00, 0x00, 0x00, 0x00, 0x00, 0x00, 0x00, 0x00, 0x00, 0x00,
    0x00, 0x00, 0x00, 0x00, 0x00, 0x00, 0x00, 0x00, 0x00, 0x00, 0x00, 0x00, 0x00, 0x00, 0x00, 0x00,
    0x00, 0x00, 0x00, 0x00, 0x00, 0x00, 0x00, 0x00, 0x00, 0x00, 0x00, 0x00, 0x00, 0x00, 0x00, 0x00,
    0x00, 0x00, 0x00, 0x00, 0x00, 0x00, 0x00, 0x00, 0x00, 0x00, 0x00, 0x00, 0x00, 0x00, 0x00, 0x00,
    0x00, 0x00, 0x00, 0x00, 0x00, 0x00, 0x00, 0x00, 0x00, 0x00, 0x00, 0x00, 0x00, 0x00, 0x00, 0x00,
    0x00, 0x00, 0x00, 0x00, 0x00, 0x00, 0x00, 0x00, 0x00, 0x00, 0x00, 0x00, 0x00, 0xff, 0x7f, 0x02,
    0x00, 0x00, 0x00, 0x00, 0x62, 0xd8, 0x6a, 0xba, 0x59, 0xe1, 0x65, 0xff, 0x33, 0xda, 0x4e, 0xfc,
    0x2d, 0xe3, 0x52, 0xff, 0x2e, 0xe2, 0x51, 0xff, 0x2e, 0xe2, 0x51, 0xff, 0x2e, 0xe2, 0x51, 0xff,
    0x2e, 0xe2, 0x51, 0xff, 0x2e, 0xe2, 0x51, 0xff, 0x2e, 0xe0, 0x51, 0xff, 0x30, 0xed, 0x55, 0xff,
    0x26, 0x8c, 0x34, 0xff, 0x3d, 0x36, 0x3a, 0xff, 0x78, 0x74, 0x72, 0xff, 0x79, 0x72, 0x72, 0xff,
    0x76, 0x71, 0x71, 0xff, 0x81, 0x7a, 0x7a, 0xff, 0x59, 0x56, 0x55, 0xff, 0x34, 0x32, 0x32, 0xff,
    0x7e, 0x80, 0x79, 0xff, 0x6b, 0x6c, 0x65, 0xff, 0x61, 0x70, 0x5f, 0xff, 0x4a, 0x65, 0x49, 0xff,
    0x70, 0x66, 0x69, 0xff, 0x62, 0xae, 0x6e, 0xff, 0x36, 0xe1, 0x57, 0xff, 0x28, 0xea, 0x4f, 0xff,
    0x29, 0xe7, 0x4e, 0xff, 0x3a, 0xb7, 0x4f, 0xff, 0x5c, 0x6b, 0x5a, 0xff, 0x68, 0x6e, 0x63, 0xff,
    0x4a, 0x69, 0x4a, 0xff, 0x6d, 0x61, 0x66, 0xff, 0x67, 0xa7, 0x6f, 0xff, 0x37, 0xdc, 0x56, 0xff,
    0x29, 0xe8, 0x4f, 0xff, 0x2b, 0xe7, 0x4f, 0xff, 0x35, 0xbe, 0x4e, 0xff, 0x5a, 0x71, 0x5a, 0xff,
    0x6a, 0x6a, 0x64, 0xff, 0x4b, 0x6b, 0x4b, 0xff, 0x69, 0x5f, 0x62, 0xff, 0x6a, 0xa1, 0x71, 0xff,
    0x3c, 0xdc, 0x5b, 0xff, 0x2c, 0xeb, 0x52, 0xff, 0x2c, 0xeb, 0x53, 0xff, 0x34, 0xc8, 0x4f, 0xff,
    0x56, 0x7c, 0x58, 0xff, 0x70, 0x6c, 0x69, 0xff, 0x51, 0x70, 0x50, 0xff, 0x66, 0x61, 0x60, 0xff,
    0x67, 0x7f, 0x68, 0xff, 0x77, 0x76, 0x71, 0xff, 0x4a, 0x49, 0x46, 0xff, 0x5c, 0x59, 0x58, 0xff,
    0x84, 0x7d, 0x7d, 0xff, 0x7d, 0x76, 0x76, 0xff, 0x7c, 0x76, 0x76, 0xff, 0x84, 0x7e, 0x7d, 0xff,
    0x82, 0x7a, 0x7a, 0xff, 0x2d, 0xaf, 0x3e, 0xff, 0x2f, 0xe9, 0x56, 0xff, 0x33, 0xe3, 0x57, 0xff,
    0x34, 0xe4, 0x57, 0xff, 0x34, 0xe4, 0x58, 0xff, 0x34, 0xe5, 0x58, 0xff, 0x35, 0xe5, 0x59, 0xff,
    0x33, 0xe5, 0x59, 0xff, 0x35, 0xe5, 0x5a, 0xff, 0x42, 0xe7, 0x65, 0xfb, 0x3f, 0xf7, 0x68, 0xff,
    0x3c, 0xe8, 0x63, 0x9c, 0x00, 0x00, 0x00, 0x00, 0x3f, 0xbf, 0x3f, 0x04, 0x00, 0x00, 0x00, 0x00,
    0x00, 0x00, 0x00, 0x00, 0x00, 0x00, 0x00, 0x00, 0x00, 0x00, 0x00, 0x00, 0x00, 0x00, 0x00, 0x00,
    0x00, 0x00, 0x00, 0x00, 0x00, 0x00, 0x00, 0x00, 0x00, 0x00, 0x00, 0x00, 0x00, 0x00, 0x00, 0x00,
    0x00, 0x00, 0x00, 0x00, 0x00, 0x00, 0x00, 0x00, 0x00, 0x00, 0x00, 0x00, 0x00, 0x00, 0x00, 0x00,
    0x00, 0x00, 0x00, 0x00, 0x00, 0x00, 0x00, 0x00, 0x00, 0x00, 0x00, 0x00, 0x00, 0x00, 0x00, 0x00,
    0x00, 0x00, 0x00, 0x00, 0x00, 0x00, 0x00, 0x00, 0x00, 0x00, 0x00, 0x00, 0x00, 0x00, 0x00, 0x00,
    0x00, 0x00, 0x00, 0x00, 0x00, 0x00, 0x00, 0x00, 0x00, 0x00, 0x00, 0x00, 0x7f, 0xff, 0x7f, 0x02,
    0x00, 0x00, 0x00, 0x00, 0x5d, 0xd9, 0x68, 0xbc, 0x60, 0xe1, 0x68, 0xff, 0x35, 0xda, 0x50, 0xfc,
    0x2c, 0xe3, 0x51, 0xff, 0x2e, 0xe1, 0x51, 0xff, 0x2e, 0xe2, 0x51, 0xff, 0x2e, 0xe2, 0x52, 0xff,
    0x2e, 0xe2, 0x51, 0xff, 0x2e, 0xe2, 0x51, 0xff, 0x2e, 0xe0, 0x50, 0xff, 0x30, 0xeb, 0x56, 0xff,
    0x28, 0xaa, 0x3c, 0xff, 0x34, 0x34, 0x31, 0xff, 0x72, 0x6d, 0x6c, 0xff, 0x79, 0x74, 0x73, 0xff,
    0x78, 0x72, 0x72, 0xff, 0x7d, 0x76, 0x76, 0xff, 0x6b, 0x66, 0x65, 0xff, 0x28, 0x2b, 0x27, 0xff,
    0x7c, 0x6f, 0x74, 0xff, 0x61, 0xa0, 0x68, 0xff, 0x32, 0xdd, 0x52, 0xff, 0x1f, 0xcd, 0x3b, 0xff,
    0x24, 0x88, 0x2f, 0xff, 0x54, 0x55, 0x4e, 0xff, 0x74, 0x7a, 0x71, 0xff, 0x51, 0xb3, 0x61, 0xff,
    0x4e, 0x80, 0x53, 0xff, 0x6c, 0x5f, 0x63, 0xff, 0x59, 0x98, 0x60, 0xff, 0x39, 0xd9, 0x56, 0xff,
    0x20, 0xd4, 0x3e, 0xff, 0x22, 0x8e, 0x2f, 0xff, 0x4f, 0x56, 0x4a, 0xff, 0x74, 0x74, 0x6f, 0xff,
    0x55, 0xb3, 0x64, 0xff, 0x4c, 0x8a, 0x54, 0xff, 0x6b, 0x5e, 0x63, 0xff, 0x5e, 0x90, 0x63, 0xff,
    0x3c, 0xd5, 0x57, 0xff, 0x21, 0xd8, 0x40, 0xff, 0x20, 0x96, 0x2f, 0xff, 0x4a, 0x59, 0x46, 0xff,
    0x75, 0x6f, 0x6e, 0xff, 0x5b, 0xb4, 0x69, 0xff, 0x49, 0x94, 0x54, 0xff, 0x6a, 0x5e, 0x62, 0xff,
    0x65, 0x88, 0x66, 0xff, 0x43, 0xd0, 0x5b, 0xff, 0x26, 0xda, 0x45, 0xff, 0x1d, 0x9b, 0x2d, 0xff,
    0x49, 0x58, 0x46, 0xff, 0x89, 0x7e, 0x81, 0xff, 0x3d, 0x3f, 0x3b, 0xff, 0x6d, 0x67, 0x67, 0xff,
    0x82, 0x7c, 0x7b, 0xff, 0x7e, 0x78, 0x77, 0xff, 0x7c, 0x76, 0x76, 0xff, 0x88, 0x7f, 0x80, 0xff,
    0x73, 0x7a, 0x6d, 0xff, 0x24, 0xc0, 0x3c, 0xff, 0x33, 0xe9, 0x59, 0xff, 0x33, 0xe3, 0x57, 0xff,
    0x33, 0xe4, 0x57, 0xff, 0x32, 0xe4, 0x57, 0xff, 0x33, 0xe4, 0x57, 0xff, 0x33, 0xe5, 0x58, 0xff,
    0x35, 0xe5, 0x59, 0xff, 0x35, 0xe5, 0x5a, 0xff, 0x3d, 0xe7, 0x62, 0xfb, 0x3c, 0xf7, 0x66, 0xff,
    0x3c, 0xe8, 0x63, 0x9d, 0x00, 0x00, 0x00, 0x00, 0x3f, 0xbf, 0x3f, 0x04, 0x00, 0x00, 0x00, 0x00,
    0x00, 0x00, 0x00, 0x00, 0x00, 0x00, 0x00, 0x00, 0x00, 0x00, 0x00, 0x00, 0x00, 0x00, 0x00, 0x00,
    0x00, 0x00, 0x00, 0x00, 0x00, 0x00, 0x00, 0x00, 0x00, 0x00, 0x00, 0x00, 0x00, 0x00, 0x00, 0x00,
    0x00, 0x00, 0x00, 0x00, 0x00, 0x00, 0x00, 0x00, 0x00, 0x00, 0x00, 0x00, 0x00, 0x00, 0x00, 0x00,
    0x00, 0x00, 0x00, 0x00, 0x00, 0x00, 0x00, 0x00, 0x00, 0x00, 0x00, 0x00, 0x00, 0x00, 0x00, 0x00,
    0x00, 0x00, 0x00, 0x00, 0x00, 0x00, 0x00, 0x00, 0x00, 0x00, 0x00, 0x00, 0x00, 0x00, 0x00, 0x00,
    0x00, 0x00, 0x00, 0x00, 0x00, 0x00, 0x00, 0x00, 0x00, 0x00, 0x00, 0x00, 0x7f, 0xff, 0x7f, 0x02,
    0x00, 0x00, 0x00, 0x00, 0x57, 0xd8, 0x63, 0xbb, 0x5d, 0xe1, 0x67, 0xff, 0x33, 0xdb, 0x4e, 0xfc,
    0x2d, 0xe3, 0x52, 0xff, 0x2e, 0xe1, 0x51, 0xff, 0x2d, 0xe2, 0x51, 0xff, 0x2e, 0xe2, 0x51, 0xff,
    0x2d, 0xe2, 0x51, 0xff, 0x2e, 0xe2, 0x51, 0xff, 0x2e, 0xe1, 0x50, 0xff, 0x30, 0xe8, 0x55, 0xff,
    0x2f, 0xc6, 0x47, 0xff, 0x2c, 0x3a, 0x2b, 0xff, 0x68, 0x62, 0x63, 0xff, 0x7b, 0x75, 0x74, 0xff,
    0x78, 0x72, 0x72, 0xff, 0x7a, 0x74, 0x73, 0xff, 0x77, 0x71, 0x70, 0xff, 0x24, 0x28, 0x24, 0xff,
    0x77, 0x6b, 0x6f, 0xff, 0x5b, 0xc9, 0x6c, 0xff, 0x25, 0xe9, 0x4b, 0xff, 0x29, 0xe9, 0x4f, 0xff,
    0x27, 0xe8, 0x4a, 0xff, 0x1c, 0xc0, 0x35, 0xff, 0x2e, 0x6d, 0x32, 0xff, 0x71, 0x5a, 0x68, 0xff,
    0x6f, 0x86, 0x6e, 0xff, 0x3e, 0xcd, 0x57, 0xff, 0x2b, 0xea, 0x50, 0xff, 0x2b, 0xe4, 0x4f, 0xff,
    0x30, 0xe4, 0x53, 0xff, 0x2c, 0xea, 0x4f, 0xff, 0x1d, 0xc8, 0x38, 0xff, 0x29, 0x75, 0x30, 0xff,
    0x6a, 0x57, 0x62, 0xff, 0x78, 0x81, 0x73, 0xff, 0x44, 0xc7, 0x5a, 0xff, 0x2a, 0xea, 0x50, 0xff,
    0x2c, 0xe5, 0x50, 0xff, 0x31, 0xe4, 0x54, 0xff, 0x2d, 0xea, 0x50, 0xff, 0x20, 0xcf, 0x3c, 0xff,
    0x26, 0x7e, 0x2f, 0xff, 0x65, 0x58, 0x5e, 0xff, 0x79, 0x78, 0x73, 0xff, 0x4a, 0xbc, 0x5d, 0xff,
    0x30, 0xe8, 0x54, 0xff, 0x2a, 0xe9, 0x50, 0xff, 0x2e, 0xed, 0x56, 0xff, 0x26, 0xe6, 0x48, 0xff,
    0x36, 0x6e, 0x3a, 0xff, 0x7e, 0x70, 0x76, 0xff, 0x36, 0x39, 0x34, 0xff, 0x79, 0x73, 0x72, 0xff,
    0x7e, 0x78, 0x77, 0xff, 0x7d, 0x77, 0x76, 0xff, 0x7d, 0x78, 0x76, 0xff, 0x8c, 0x7f, 0x83, 0xff,
    0x63, 0x80, 0x60, 0xff, 0x23, 0xd0, 0x3f, 0xff, 0x34, 0xe7, 0x5a, 0xff, 0x33, 0xe3, 0x57, 0xff,
    0x34, 0xe4, 0x58, 0xff, 0x33, 0xe4, 0x57, 0xff, 0x33, 0xe4, 0x57, 0xff, 0x34, 0xe4, 0x58, 0xff,
    0x33, 0xe4, 0x57, 0xff, 0x35, 0xe5, 0x5a, 0xff, 0x3c, 0xe7, 0x62, 0xfb, 0x3d, 0xf7, 0x67, 0xff,
    0x3d, 0xe8, 0x64, 0x9d, 0x00, 0x00, 0x00, 0x00, 0x3f, 0xbf, 0x3f, 0x04, 0x00, 0x00, 0x00, 0x00,
    0x00, 0x00, 0x00, 0x00, 0x00, 0x00, 0x00, 0x00, 0x00, 0x00, 0x00, 0x00, 0x00, 0x00, 0x00, 0x00,
    0x00, 0x00, 0x00, 0x00, 0x00, 0x00, 0x00, 0x00, 0x00, 0x00, 0x00, 0x00, 0x00, 0x00, 0x00, 0x00,
    0x00, 0x00, 0x00, 0x00, 0x00, 0x00, 0x00, 0x00, 0x00, 0x00, 0x00, 0x00, 0x00, 0x00, 0x00, 0x00,
    0x00, 0x00, 0x00, 0x00, 0x00, 0x00, 0x00, 0x00, 0x00, 0x00, 0x00, 0x00, 0x00, 0x00, 0x00, 0x00,
    0x00, 0x00, 0x00, 0x00, 0x00, 0x00, 0x00, 0x00, 0x00, 0x00, 0x00, 0x00, 0x00, 0x00, 0x00, 0x00,
    0x00, 0x00, 0x00, 0x00, 0x00, 0x00, 0x00, 0x00, 0x00, 0x00, 0x00, 0x00, 0x7f, 0xff, 0x7f, 0x02,
    0x00, 0x00, 0x00, 0x00, 0x5b, 0xd8, 0x65, 0xba, 0x60, 0xe1, 0x69, 0xff, 0x37, 0xdb, 0x52, 0xfc,
    0x2d, 0xe3, 0x52, 0xff, 0x2e, 0xe2, 0x51, 0xff, 0x2e, 0xe2, 0x52, 0xff, 0x2e, 0xe2, 0x51, 0xff,
    0x2e, 0xe2, 0x51, 0xff, 0x2e, 0xe2, 0x51, 0xff, 0x2e, 0xe1, 0x51, 0xff, 0x2f, 0xe4, 0x53, 0xff,
    0x2f, 0xd9, 0x4c, 0xff, 0x27, 0x49, 0x2a, 0xff, 0x5c, 0x54, 0x58, 0xff, 0x7d, 0x77, 0x76, 0xff,
    0x78, 0x72, 0x72, 0xff, 0x77, 0x71, 0x71, 0xff, 0x7f, 0x78, 0x78, 0xff, 0x39, 0x3a, 0x37, 0xff,
    0x30, 0x30, 0x2f, 0xff, 0x65, 0x5f, 0x60, 0xff, 0x6b, 0x92, 0x6e, 0xff, 0x53, 0xc0, 0x65, 0xff,
    0x35, 0xdb, 0x55, 0xff, 0x2b, 0xf3, 0x53, 0xff, 0x12, 0xc7, 0x2d, 0xff, 0x51, 0x53, 0x4b, 0xff,
    0x5a, 0xc7, 0x6c, 0xff, 0x26, 0xec, 0x4c, 0xff, 0x30, 0xde, 0x51, 0xff, 0x2e, 0xe1, 0x51, 0xff,
    0x2e, 0xe1, 0x50, 0xff, 0x2e, 0xdf, 0x51, 0xff, 0x32, 0xec, 0x57, 0xff, 0x1a, 0xce, 0x35, 0xff,
    0x49, 0x58, 0x46, 0xff, 0x64, 0xbb, 0x71, 0xff, 0x25, 0xee, 0x4d, 0xff, 0x30, 0xdf, 0x52, 0xff,
    0x30, 0xe2, 0x53, 0xff, 0x2f, 0xe2, 0x52, 0xff, 0x30, 0xe0, 0x52, 0xff, 0x33, 0xe9, 0x59, 0xff,
    0x1d, 0xdb, 0x3c, 0xff, 0x41, 0x5c, 0x3f, 0xff, 0x68, 0xb0, 0x72, 0xff, 0x24, 0xf8, 0x4e, 0xff,
    0x2a, 0xe5, 0x4f, 0xff, 0x34, 0xd3, 0x51, 0xff, 0x48, 0xac, 0x58, 0xff, 0x5f, 0x7c, 0x60, 0xff,
    0x68, 0x60, 0x62, 0xff, 0x50, 0x52, 0x4b, 0xff, 0x44, 0x44, 0x41, 0xff, 0x80, 0x78, 0x78, 0xff,
    0x7d, 0x77, 0x77, 0xff, 0x7c, 0x76, 0x76, 0xff, 0x7d, 0x79, 0x77, 0xff, 0x8c, 0x7c, 0x83, 0xff,
    0x52, 0x8a, 0x53, 0xff, 0x24, 0xdc, 0x45, 0xff, 0x36, 0xe6, 0x5b, 0xff, 0x32, 0xe4, 0x56, 0xff,
    0x33, 0xe4, 0x58, 0xff, 0x33, 0xe5, 0x58, 0xff, 0x34, 0xe5, 0x58, 0xff, 0x34, 0xe4, 0x58, 0xff,
    0x34, 0xe5, 0x59, 0xff, 0x36, 0xe5, 0x5a, 0xff, 0x3c, 0xe7, 0x62, 0xfb, 0x3e, 0xf8, 0x68, 0xff,
    0x3f, 0xe8, 0x65, 0x9c, 0x00, 0x00, 0x00, 0x00, 0x3f, 0xbf, 0x3f, 0x04, 0x00, 0x00, 0x00, 0x00,
    0x00, 0x00, 0x00, 0x00, 0x00, 0x00, 0x00, 0x00, 0x00, 0x00, 0x00, 0x00, 0x00, 0x00, 0x00, 0x00,
    0x00, 0x00, 0x00, 0x00, 0x00, 0x00, 0x00, 0x00, 0x00, 0x00, 0x00, 0x00, 0x00, 0x00, 0x00, 0x00,
    0x00, 0x00, 0x00, 0x00, 0x00, 0x00, 0x00, 0x00, 0x00, 0x00, 0x00, 0x00, 0x00, 0x00, 0x00, 0x00,
    0x00, 0x00, 0x00, 0x00, 0x00, 0x00, 0x00, 0x00, 0x00, 0x00, 0x00, 0x00, 0x00, 0x00, 0x00, 0x00,
    0x00, 0x00, 0x00, 0x00, 0x00, 0x00, 0x00, 0x00, 0x00, 0x00, 0x00, 0x00, 0x00, 0x00, 0x00, 0x00,
    0x00, 0x00, 0x00, 0x00, 0x00, 0x00, 0x00, 0x00, 0x00, 0x00, 0x00, 0x00, 0x7f, 0xff, 0x7f, 0x02,
    0x00, 0x00, 0x00, 0x00, 0x57, 0xd8, 0x63, 0xbb, 0x5d, 0xe1, 0x67, 0xff, 0x37, 0xda, 0x51, 0xfc,
    0x2d, 0xe3, 0x51, 0xff, 0x2f, 0xe1, 0x51, 0xff, 0x2f, 0xe2, 0x52, 0xff, 0x2e, 0xe2, 0x51, 0xff,
    0x2e, 0xe2, 0x51, 0xff, 0x2e, 0xe1, 0x51, 0xff, 0x2f, 0xe1, 0x51, 0xff, 0x2e, 0xe1, 0x52, 0xff,
    0x31, 0xe6, 0x52, 0xff, 0x25, 0x5f, 0x2b, 0xff, 0x50, 0x46, 0x4c, 0xff, 0x7d, 0x78, 0x76, 0xff,
    0x77, 0x71, 0x71, 0xff, 0x79, 0x72, 0x72, 0xff, 0x79, 0x73, 0x73, 0xff, 0x79, 0x73, 0x72, 0xff,
    0x55, 0x51, 0x51, 0xff, 0x33, 0x31, 0x31, 0xff, 0x35, 0x2b, 0x32, 0xff, 0x56, 0x48, 0x50, 0xff,
    0x6e, 0x79, 0x6a, 0xff, 0x62, 0xb1, 0x6d, 0xff, 0x3d, 0x9d, 0x4b, 0xff, 0x69, 0x5b, 0x60, 0xff,
    0x53, 0xc7, 0x67, 0xff, 0x27, 0xe8, 0x4e, 0xff, 0x30, 0xdf, 0x52, 0xff, 0x30, 0xe1, 0x52, 0xff,
    0x2e, 0xe2, 0x52, 0xff, 0x2e, 0xe1, 0x51, 0xff, 0x31, 0xe5, 0x55, 0xff, 0x22, 0xce, 0x3f, 0xff,
    0x4d, 0x5c, 0x49, 0xff, 0x64, 0xb8, 0x70, 0xff, 0x29, 0xe8, 0x4f, 0xff, 0x31, 0xe1, 0x53, 0xff,
    0x2f, 0xe3, 0x53, 0xff, 0x2f, 0xe2, 0x52, 0xff, 0x31, 0xe0, 0x53, 0xff, 0x32, 0xe2, 0x56, 0xff,
    0x22, 0xdd, 0x43, 0xff, 0x3e, 0x62, 0x3e, 0xff, 0x75, 0x91, 0x76, 0xff, 0x41, 0xc1, 0x58, 0xff,
    0x56, 0x94, 0x5e, 0xff, 0x66, 0x6b, 0x62, 0xff, 0x5f, 0x4f, 0x57, 0xff, 0x4f, 0x44, 0x49, 0xff,
    0x4b, 0x49, 0x47, 0xff, 0x61, 0x5e, 0x5c, 0xff, 0x7b, 0x74, 0x74, 0xff, 0x7d, 0x76, 0x76, 0xff,
    0x7e, 0x78, 0x77, 0xff, 0x7d, 0x77, 0x76, 0xff, 0x80, 0x7c, 0x79, 0xff, 0x8d, 0x7d, 0x84, 0xff,
    0x3f, 0x96, 0x46, 0xff, 0x29, 0xe4, 0x4c, 0xff, 0x35, 0xe4, 0x59, 0xff, 0x33, 0xe4, 0x57, 0xff,
    0x33, 0xe4, 0x58, 0xff, 0x32, 0xe5, 0x57, 0xff, 0x34, 0xe5, 0x58, 0xff, 0x34, 0xe5, 0x58, 0xff,
    0x34, 0xe5, 0x59, 0xff, 0x36, 0xe5, 0x5a, 0xff, 0x42, 0xe7, 0x64, 0xfb, 0x3e, 0xf7, 0x67, 0xff,
    0x3d, 0xe8, 0x64, 0x9d, 0x00, 0x00, 0x00, 0x00, 0x3f, 0xbf, 0x3f, 0x04, 0x00, 0x00, 0x00, 0x00,
    0x00, 0x00, 0x00, 0x00, 0x00, 0x00, 0x00, 0x00, 0x00, 0x00, 0x00, 0x00, 0x00, 0x00, 0x00, 0x00,
    0x00, 0x00, 0x00, 0x00, 0x00, 0x00, 0x00, 0x00, 0x00, 0x00, 0x00, 0x00, 0x00, 0x00, 0x00, 0x00,
    0x00, 0x00, 0x00, 0x00, 0x00, 0x00, 0x00, 0x00, 0x00, 0x00, 0x00, 0x00, 0x00, 0x00, 0x00, 0x00,
    0x00, 0x00, 0x00, 0x00, 0x00, 0x00, 0x00, 0x00, 0x00, 0x00, 0x00, 0x00, 0x00, 0x00, 0x00, 0x00,
    0x00, 0x00, 0x00, 0x00, 0x00, 0x00, 0x00, 0x00, 0x00, 0x00, 0x00, 0x00, 0x00, 0x00, 0x00, 0x00,
    0x00, 0x00, 0x00, 0x00, 0x00, 0x00, 0x00, 0x00, 0x00, 0x00, 0x00, 0x00, 0x7f, 0xff, 0x7f, 0x02,
    0x00, 0x00, 0x00, 0x00, 0x58, 0xd7, 0x64, 0xbc, 0x59, 0xe0, 0x63, 0xff, 0x34, 0xda, 0x4f, 0xfc,
    0x2d, 0xe3, 0x51, 0xff, 0x2e, 0xe2, 0x51, 0xff, 0x2e, 0xe2, 0x51, 0xff, 0x2e, 0xe2, 0x51, 0xff,
    0x2e, 0xe2, 0x51, 0xff, 0x2e, 0xe2, 0x51, 0xff, 0x2f, 0xe2, 0x52, 0xff, 0x2e, 0xe0, 0x51, 0xff,
    0x32, 0xec, 0x56, 0xff, 0x28, 0x7d, 0x32, 0xff, 0x42, 0x3a, 0x3f, 0xff, 0x7a, 0x76, 0x74, 0xff,
    0x77, 0x71, 0x71, 0xff, 0x79, 0x72, 0x72, 0xff, 0x79, 0x72, 0x72, 0xff, 0x79, 0x73, 0x72, 0xff,
    0x7f, 0x79, 0x79, 0xff, 0x7c, 0x76, 0x76, 0xff, 0x63, 0x60, 0x5e, 0xff, 0x3f, 0x3f, 0x3d, 0xff,
    0x30, 0x2a, 0x2e, 0xff, 0x43, 0x36, 0x3e, 0xff, 0x5c, 0x51, 0x56, 0xff, 0x83, 0x73, 0x7a, 0xff,
    0x6d, 0xae, 0x75, 0xff, 0x33, 0xe1, 0x55, 0xff, 0x28, 0xe7, 0x4e, 0xff, 0x2a, 0xe5, 0x50, 0xff,
    0x2f, 0xe1, 0x52, 0xff, 0x2f, 0xe0, 0x52, 0xff, 0x32, 0xe6, 0x56, 0xff, 0x21, 0xcd, 0x3e, 0xff,
    0x4d, 0x5c, 0x48, 0xff, 0x66, 0xb6, 0x72, 0xff, 0x2b, 0xe8, 0x50, 0xff, 0x31, 0xe0, 0x52, 0xff,
    0x31, 0xe0, 0x54, 0xff, 0x30, 0xe3, 0x53, 0xff, 0x2d, 0xe9, 0x52, 0xff, 0x2c, 0xeb, 0x52, 0xff,
    0x2b, 0xc6, 0x45, 0xff, 0x4d, 0x61, 0x4c, 0xff, 0x86, 0x76, 0x7d, 0xff, 0x6c, 0x5f, 0x64, 0xff,
    0x55, 0x46, 0x4e, 0xff, 0x4a, 0x44, 0x46, 0xff, 0x53, 0x52, 0x4f, 0xff, 0x6c, 0x68, 0x67, 0xff,
    0x7e, 0x77, 0x77, 0xff, 0x82, 0x7b, 0x7b, 0xff, 0x7e, 0x77, 0x77, 0xff, 0x7c, 0x76, 0x76, 0xff,
    0x7e, 0x78, 0x77, 0xff, 0x7d, 0x76, 0x76, 0xff, 0x83, 0x7f, 0x7c, 0xff, 0x84, 0x78, 0x7b, 0xff,
    0x33, 0xa8, 0x40, 0xff, 0x2e, 0xe9, 0x53, 0xff, 0x34, 0xe3, 0x58, 0xff, 0x33, 0xe4, 0x57, 0xff,
    0x34, 0xe5, 0x58, 0xff, 0x34, 0xe4, 0x58, 0xff, 0x35, 0xe4, 0x59, 0xff, 0x34, 0xe4, 0x58, 0xff,
    0x33, 0xe5, 0x58, 0xff, 0x36, 0xe5, 0x5a, 0xff, 0x42, 0xe7, 0x65, 0xfb, 0x3e, 0xf7, 0x68, 0xff,
    0x41, 0xe8, 0x66, 0x9c, 0x00, 0x00, 0x00, 0x00, 0x3f, 0xbf, 0x3f, 0x04, 0x00, 0x00, 0x00, 0x00,
    0x00, 0x00, 0x00, 0x00, 0x00, 0x00, 0x00, 0x00, 0x00, 0x00, 0x00, 0x00, 0x00, 0x00, 0x00, 0x00,
    0x00, 0x00, 0x00, 0x00, 0x00, 0x00, 0x00, 0x00, 0x00, 0x00, 0x00, 0x00, 0x00, 0x00, 0x00, 0x00,
    0x00, 0x00, 0x00, 0x00, 0x00, 0x00, 0x00, 0x00, 0x00, 0x00, 0x00, 0x00, 0x00, 0x00, 0x00, 0x00,
    0x00, 0x00, 0x00, 0x00, 0x00, 0x00, 0x00, 0x00, 0x00, 0x00, 0x00, 0x00, 0x00, 0x00, 0x00, 0x00,
    0x00, 0x00, 0x00, 0x00, 0x00, 0x00, 0x00, 0x00, 0x00, 0x00, 0x00, 0x00, 0x00, 0x00, 0x00, 0x00,
    0x00, 0x00, 0x00, 0x00, 0x00, 0x00, 0x00, 0x00, 0x00, 0x00, 0x00, 0x00, 0x7f, 0xff, 0x7f, 0x02,
    0x00, 0x00, 0x00, 0x00, 0x59, 0xd7, 0x64, 0xba, 0x5e, 0xe0, 0x67, 0xff, 0x37, 0xdb, 0x51, 0xfc,
    0x2d, 0xe3, 0x52, 0xff, 0x2e, 0xe2, 0x51, 0xff, 0x2f, 0xe2, 0x52, 0xff, 0x2e, 0xe1, 0x51, 0xff,
    0x2f, 0xe2, 0x52, 0xff, 0x2e, 0xe2, 0x51, 0xff, 0x2e, 0xe2, 0x51, 0xff, 0x2d, 0xdf, 0x50, 0xff,
    0x32, 0xec, 0x56, 0xff, 0x2b, 0x9d, 0x3a, 0xff, 0x37, 0x35, 0x34, 0xff, 0x73, 0x6f, 0x6e, 0xff,
    0x7d, 0x77, 0x77, 0xff, 0x7a, 0x73, 0x73, 0xff, 0x78, 0x72, 0x72, 0xff, 0x77, 0x71, 0x71, 0xff,
    0x77, 0x71, 0x71, 0xff, 0x78, 0x72, 0x72, 0xff, 0x7d, 0x77, 0x76, 0xff, 0x80, 0x7a, 0x7a, 0xff,
    0x72, 0x6e, 0x6c, 0xff, 0x52, 0x51, 0x4e, 0xff, 0x34, 0x35, 0x32, 0xff, 0x32, 0x31, 0x30, 0xff,
    0x53, 0x4a, 0x4e, 0xff, 0x6c, 0x78, 0x6a, 0xff, 0x63, 0xad, 0x6e, 0xff, 0x44, 0xd3, 0x5e, 0xff,
    0x2d, 0xe5, 0x51, 0xff, 0x28, 0xe7, 0x4f, 0xff, 0x30, 0xe9, 0x56, 0xff, 0x1f, 0xd5, 0x3e, 0xff,
    0x4b, 0x5a, 0x46, 0xff, 0x60, 0xb9, 0x6f, 0xff, 0x28, 0xed, 0x50, 0xff, 0x2f, 0xe4, 0x53, 0xff,
    0x2b, 0xeb, 0x51, 0xff, 0x2d, 0xe0, 0x50, 0xff, 0x3c, 0xbf, 0x53, 0xff, 0x56, 0x93, 0x5d, 0xff,
    0x64, 0x68, 0x60, 0xff, 0x5e, 0x57, 0x59, 0xff, 0x4d, 0x4b, 0x48, 0xff, 0x4a, 0x49, 0x47, 0xff,
    0x5f, 0x5d, 0x5a, 0xff, 0x76, 0x70, 0x6f, 0xff, 0x80, 0x7a, 0x79, 0xff, 0x7f, 0x79, 0x78, 0xff,
    0x7d, 0x76, 0x76, 0xff, 0x7c, 0x76, 0x75, 0xff, 0x7c, 0x75, 0x75, 0xff, 0x7d, 0x76, 0x76, 0xff,
    0x7e, 0x78, 0x78, 0xff, 0x7e, 0x78, 0x77, 0xff, 0x84, 0x7d, 0x7e, 0xff, 0x7b, 0x7c, 0x74, 0xff,
    0x28, 0xb8, 0x3c, 0xff, 0x33, 0xe9, 0x59, 0xff, 0x33, 0xe3, 0x57, 0xff, 0x33, 0xe4, 0x57, 0xff,
    0x33, 0xe4, 0x57, 0xff, 0x34, 0xe4, 0x58, 0xff, 0x34, 0xe4, 0x59, 0xff, 0x33, 0xe4, 0x58, 0xff,
    0x34, 0xe5, 0x58, 0xff, 0x36, 0xe5, 0x5b, 0xff, 0x41, 0xe7, 0x64, 0xfb, 0x3e, 0xf7, 0x68, 0xff,
    0x3f, 0xe8, 0x65, 0x9c, 0x00, 0x00, 0x00, 0x00, 0x3f, 0xbf, 0x3f, 0x04, 0x00, 0x00, 0x00, 0x00,
    0x00, 0x00, 0x00, 0x00, 0x00, 0x00, 0x00, 0x00, 0x00, 0x00, 0x00, 0x00, 0x00, 0x00, 0x00, 0x00,
    0x00, 0x00, 0x00, 0x00, 0x00, 0x00, 0x00, 0x00, 0x00, 0x00, 0x00, 0x00, 0x00, 0x00, 0x00, 0x00,
    0x00, 0x00, 0x00, 0x00, 0x00, 0x00, 0x00, 0x00, 0x00, 0x00, 0x00, 0x00, 0x00, 0x00, 0x00, 0x00,
    0x00, 0x00, 0x00, 0x00, 0x00, 0x00, 0x00, 0x00, 0x00, 0x00, 0x00, 0x00, 0x00, 0x00, 0x00, 0x00,
    0x00, 0x00, 0x00, 0x00, 0x00, 0x00, 0x00, 0x00, 0x00, 0x00, 0x00, 0x00, 0x00, 0x00, 0x00, 0x00,
    0x00, 0x00, 0x00, 0x00, 0x00, 0x00, 0x00, 0x00, 0x00, 0x00, 0x00, 0x00, 0x7f, 0xff, 0x7f, 0x02,
    0x00, 0x00, 0x00, 0x00, 0x55, 0xd7, 0x61, 0xba, 0x5c, 0xe1, 0x67, 0xff, 0x35, 0xda, 0x50, 0xfc,
    0x2d, 0xe3, 0x52, 0xff, 0x2f, 0xe2, 0x52, 0xff, 0x2e, 0xe1, 0x51, 0xff, 0x2e, 0xe2, 0x51, 0xff,
    0x2e, 0xe2, 0x51, 0xff, 0x2e, 0xe1, 0x50, 0xff, 0x2e, 0xe2, 0x51, 0xff, 0x2d, 0xe0, 0x50, 0xff,
    0x30, 0xea, 0x55, 0xff, 0x27, 0xb8, 0x3e, 0xff, 0x2e, 0x30, 0x2c, 0xff, 0x40, 0x43, 0x3f, 0xff,
    0x57, 0x57, 0x54, 0xff, 0x6f, 0x6a, 0x69, 0xff, 0x7c, 0x75, 0x75, 0xff, 0x7c, 0x76, 0x75, 0xff,
    0x79, 0x73, 0x72, 0xff, 0x78, 0x72, 0x71, 0xff, 0x78, 0x72, 0x71, 0xff, 0x77, 0x71, 0x70, 0xff,
    0x7a, 0x74, 0x74, 0xff, 0x80, 0x79, 0x7a, 0xff, 0x7d, 0x76, 0x76, 0xff, 0x65, 0x60, 0x5f, 0xff,
    0x41, 0x40, 0x3e, 0xff, 0x30, 0x2b, 0x2e, 0xff, 0x44, 0x35, 0x3e, 0xff, 0x64, 0x5f, 0x5f, 0xff,
    0x6b, 0x93, 0x6e, 0xff, 0x55, 0xc2, 0x67, 0xff, 0x38, 0xe1, 0x58, 0xff, 0x2e, 0xa9, 0x42, 0xff,
    0x5f, 0x59, 0x59, 0xff, 0x76, 0x9b, 0x79, 0xff, 0x36, 0xd8, 0x56, 0xff, 0x33, 0xd2, 0x51, 0xff,
    0x4b, 0xa9, 0x59, 0xff, 0x60, 0x7c, 0x60, 0xff, 0x62, 0x58, 0x5b, 0xff, 0x57, 0x48, 0x50, 0xff,
    0x4b, 0x45, 0x46, 0xff, 0x54, 0x51, 0x4f, 0xff, 0x6c, 0x66, 0x66, 0xff, 0x7e, 0x77, 0x77, 0xff,
    0x80, 0x7a, 0x79, 0xff, 0x7d, 0x77, 0x77, 0xff, 0x7c, 0x76, 0x75, 0xff, 0x7c, 0x75, 0x75, 0xff,
    0x7c, 0x76, 0x75, 0xff, 0x7d, 0x76, 0x76, 0xff, 0x7f, 0x78, 0x78, 0xff, 0x80, 0x79, 0x79, 0xff,
    0x7a, 0x74, 0x74, 0xff, 0x70, 0x6d, 0x6a, 0xff, 0x70, 0x68, 0x6a, 0xff, 0x5c, 0x69, 0x57, 0xff,
    0x23, 0xc9, 0x3d, 0xff, 0x34, 0xe8, 0x5a, 0xff, 0x32, 0xe3, 0x56, 0xff, 0x33, 0xe4, 0x58, 0xff,
    0x33, 0xe4, 0x57, 0xff, 0x34, 0xe4, 0x58, 0xff, 0x33, 0xe4, 0x58, 0xff, 0x33, 0xe4, 0x58, 0xff,
    0x33, 0xe4, 0x57, 0xff, 0x36, 0xe5, 0x5a, 0xff, 0x42, 0xe7, 0x65, 0xfb, 0x3f, 0xf7, 0x68, 0xff,
    0x3d, 0xe8, 0x64, 0x9d, 0x00, 0x00, 0x00, 0x00, 0x3f, 0xbf, 0x3f, 0x04, 0x00, 0x00, 0x00, 0x00,
    0x00, 0x00, 0x00, 0x00, 0x00, 0x00, 0x00, 0x00, 0x00, 0x00, 0x00, 0x00, 0x00, 0x00, 0x00, 0x00,
    0x00, 0x00, 0x00, 0x00, 0x00, 0x00, 0x00, 0x00, 0x00, 0x00, 0x00, 0x00, 0x00, 0x00, 0x00, 0x00,
    0x00, 0x00, 0x00, 0x00, 0x00, 0x00, 0x00, 0x00, 0x00, 0x00, 0x00, 0x00, 0x00, 0x00, 0x00, 0x00,
    0x00, 0x00, 0x00, 0x00, 0x00, 0x00, 0x00, 0x00, 0x00, 0x00, 0x00, 0x00, 0x00, 0x00, 0x00, 0x00,
    0x00, 0x00, 0x00, 0x00, 0x00, 0x00, 0x00, 0x00, 0x00, 0x00, 0x00, 0x00, 0x00, 0x00, 0x00, 0x00,
    0x00, 0x00, 0x00, 0x00, 0x00, 0x00, 0x00, 0x00, 0x00, 0x00, 0x00, 0x00, 0x7f, 0xff, 0x7f, 0x02,
    0x00, 0x00, 0x00, 0x00, 0x57, 0xd7, 0x63, 0xbb, 0x5f, 0xe1, 0x68, 0xff, 0x35, 0xda, 0x50, 0xfc,
    0x2d, 0xe3, 0x53, 0xff, 0x2e, 0xe2, 0x51, 0xff, 0x2e, 0xe2, 0x51, 0xff, 0x2e, 0xe2, 0x52, 0xff,
    0x2e, 0xe2, 0x51, 0xff, 0x2f, 0xe2, 0x51, 0xff, 0x2e, 0xe2, 0x51, 0xff, 0x2e, 0xe1, 0x50, 0xff,
    0x2f, 0xe2, 0x52, 0xff, 0x30, 0xe1, 0x51, 0xff, 0x1d, 0x57, 0x23, 0xff, 0x2e, 0x25, 0x2c, 0xff,
    0x2f, 0x36, 0x2f, 0xff, 0x37, 0x3a, 0x36, 0xff, 0x4b, 0x4c, 0x49, 0xff, 0x65, 0x61, 0x60, 0xff,
    0x77, 0x71, 0x70, 0xff, 0x7c, 0x75, 0x75, 0xff, 0x7b, 0x75, 0x74, 0xff, 0x78, 0x72, 0x72, 0xff,
    0x78, 0x72, 0x72, 0xff, 0x77, 0x71, 0x71, 0xff, 0x78, 0x72, 0x71, 0xff, 0x7d, 0x77, 0x77, 0xff,
    0x81, 0x7b, 0x7a, 0xff, 0x75, 0x6f, 0x6f, 0xff, 0x52, 0x51, 0x4e, 0xff, 0x35, 0x33, 0x32, 0xff,
    0x36, 0x2c, 0x33, 0xff, 0x56, 0x49, 0x4f, 0xff, 0x67, 0x70, 0x64, 0xff, 0x73, 0x6c, 0x6d, 0xff,
    0x81, 0x78, 0x7a, 0xff, 0x85, 0x78, 0x7d, 0xff, 0x7e, 0x81, 0x79, 0xff, 0x65, 0x6b, 0x61, 0xff,
    0x5d, 0x4c, 0x55, 0xff, 0x4d, 0x43, 0x47, 0xff, 0x4b, 0x48, 0x47, 0xff, 0x5f, 0x5d, 0x5b, 0xff,
    0x75, 0x70, 0x6f, 0xff, 0x80, 0x79, 0x79, 0xff, 0x7f, 0x78, 0x78, 0xff, 0x7c, 0x75, 0x75, 0xff,
    0x7a, 0x74, 0x73, 0xff, 0x7b, 0x74, 0x74, 0xff, 0x7c, 0x76, 0x75, 0xff, 0x7d, 0x77, 0x76, 0xff,
    0x7f, 0x78, 0x78, 0xff, 0x7e, 0x77, 0x77, 0xff, 0x77, 0x72, 0x71, 0xff, 0x6d, 0x68, 0x67, 0xff,
    0x62, 0x5e, 0x5c, 0xff, 0x62, 0x60, 0x5c, 0xff, 0x57, 0x49, 0x51, 0xff, 0x1b, 0x63, 0x1f, 0xff,
    0x26, 0xda, 0x45, 0xff, 0x34, 0xe6, 0x59, 0xff, 0x33, 0xe3, 0x56, 0xff, 0x33, 0xe4, 0x57, 0xff,
    0x34, 0xe4, 0x57, 0xff, 0x34, 0xe4, 0x58, 0xff, 0x34, 0xe4, 0x58, 0xff, 0x34, 0xe5, 0x58, 0xff,
    0x35, 0xe4, 0x59, 0xff, 0x36, 0xe5, 0x5a, 0xff, 0x42, 0xe7, 0x64, 0xfb, 0x3d, 0xf7, 0x66, 0xff,
    0x3c, 0xe9, 0x64, 0x9b, 0x00, 0x00, 0x00, 0x00, 0x3f, 0xbf, 0x3f, 0x04, 0x00, 0x00, 0x00, 0x00,
    0x00, 0x00, 0x00, 0x00, 0x00, 0x00, 0x00, 0x00, 0x00, 0x00, 0x00, 0x00, 0x00, 0x00, 0x00, 0x00,
    0x00, 0x00, 0x00, 0x00, 0x00, 0x00, 0x00, 0x00, 0x00, 0x00, 0x00, 0x00, 0x00, 0x00, 0x00, 0x00,
    0x00, 0x00, 0x00, 0x00, 0x00, 0x00, 0x00, 0x00, 0x00, 0x00, 0x00, 0x00, 0x00, 0x00, 0x00, 0x00,
    0x00, 0x00, 0x00, 0x00, 0x00, 0x00, 0x00, 0x00, 0x00, 0x00, 0x00, 0x00, 0x00, 0x00, 0x00, 0x00,
    0x00, 0x00, 0x00, 0x00, 0x00, 0x00, 0x00, 0x00, 0x00, 0x00, 0x00, 0x00, 0x00, 0x00, 0x00, 0x00,
    0x00, 0x00, 0x00, 0x00, 0x00, 0x00, 0x00, 0x00, 0x00, 0x00, 0x00, 0x00, 0x7f, 0xff, 0x7f, 0x02,
    0x00, 0x00, 0x00, 0x00, 0x59, 0xd7, 0x65, 0xbd, 0x60, 0xe1, 0x6a, 0xff, 0x35, 0xdb, 0x4f, 0xfc,
    0x2c, 0xe3, 0x51, 0xff, 0x2e, 0xe1, 0x51, 0xff, 0x2e, 0xe2, 0x51, 0xff, 0x2e, 0xe2, 0x51, 0xff,
    0x2e, 0xe2, 0x52, 0xff, 0x2e, 0xe2, 0x51, 0xff, 0x2d, 0xe2, 0x51, 0xff, 0x2e, 0xe1, 0x51, 0xff,
    0x2c, 0xe0, 0x4f, 0xff, 0x38, 0xeb, 0x5d, 0xff, 0x21, 0xca, 0x3c, 0xff, 0x1a, 0x40, 0x1b, 0xff,
    0x33, 0x2f, 0x32, 0xff, 0x32, 0x36, 0x31, 0xff, 0x2f, 0x33, 0x2e, 0xff, 0x32, 0x35, 0x31, 0xff,
    0x41, 0x42, 0x3f, 0xff, 0x5b, 0x57, 0x56, 0xff, 0x70, 0x6b, 0x6a, 0xff, 0x7a, 0x74, 0x73, 0xff,
    0x7b, 0x75, 0x74, 0xff, 0x79, 0x73, 0x72, 0xff, 0x77, 0x71, 0x71, 0xff, 0x78, 0x72, 0x71, 0xff,
    0x77, 0x72, 0x71, 0xff, 0x7b, 0x74, 0x74, 0xff, 0x80, 0x7a, 0x7a, 0xff, 0x7e, 0x78, 0x77, 0xff,
    0x66, 0x62, 0x60, 0xff, 0x41, 0x40, 0x3e, 0xff, 0x30, 0x2b, 0x2e, 0xff, 0x3e, 0x3c, 0x3c, 0xff,
    0x5e, 0x5b, 0x5a, 0xff, 0x68, 0x65, 0x63, 0xff, 0x53, 0x4d, 0x4e, 0xff, 0x4c, 0x45, 0x47, 0xff,
    0x54, 0x52, 0x50, 0xff, 0x6c, 0x68, 0x66, 0xff, 0x7d, 0x76, 0x76, 0xff, 0x80, 0x79, 0x79, 0xff,
    0x7c, 0x76, 0x75, 0xff, 0x7a, 0x73, 0x73, 0xff, 0x7a, 0x74, 0x74, 0xff, 0x7c, 0x75, 0x75, 0xff,
    0x7b, 0x75, 0x74, 0xff, 0x7d, 0x77, 0x77, 0xff, 0x7e, 0x78, 0x77, 0xff, 0x79, 0x74, 0x73, 0xff,
    0x72, 0x6c, 0x6c, 0xff, 0x68, 0x64, 0x63, 0xff, 0x60, 0x5c, 0x5a, 0xff, 0x5d, 0x5a, 0x58, 0xff,
    0x63, 0x61, 0x5e, 0xff, 0x52, 0x49, 0x4e, 0xff, 0x1a, 0x49, 0x1c, 0xff, 0x0f, 0xa5, 0x1d, 0xff,
    0x30, 0xe0, 0x51, 0xff, 0x34, 0xe5, 0x58, 0xff, 0x33, 0xe4, 0x57, 0xff, 0x33, 0xe4, 0x57, 0xff,
    0x34, 0xe4, 0x58, 0xff, 0x34, 0xe4, 0x58, 0xff, 0x34, 0xe4, 0x58, 0xff, 0x33, 0xe4, 0x57, 0xff,
    0x34, 0xe5, 0x58, 0xff, 0x35, 0xe5, 0x5a, 0xff, 0x3d, 0xe7, 0x62, 0xfb, 0x3d, 0xf7, 0x67, 0xff,
    0x3e, 0xe8, 0x65, 0x9f, 0x00, 0x00, 0x00, 0x00, 0x3f, 0xbf, 0x3f, 0x04, 0x00, 0x00, 0x00, 0x00,
    0x00, 0x00, 0x00, 0x00, 0x00, 0x00, 0x00, 0x00, 0x00, 0x00, 0x00, 0x00, 0x00, 0x00, 0x00, 0x00,
    0x00, 0x00, 0x00, 0x00, 0x00, 0x00, 0x00, 0x00, 0x00, 0x00, 0x00, 0x00, 0x00, 0x00, 0x00, 0x00,
    0x00, 0x00, 0x00, 0x00, 0x00, 0x00, 0x00, 0x00, 0x00, 0x00, 0x00, 0x00, 0x00, 0x00, 0x00, 0x00,
    0x00, 0x00, 0x00, 0x00, 0x00, 0x00, 0x00, 0x00, 0x00, 0x00, 0x00, 0x00, 0x00, 0x00, 0x00, 0x00,
    0x00, 0x00, 0x00, 0x00, 0x00, 0x00, 0x00, 0x00, 0x00, 0x00, 0x00, 0x00, 0x00, 0x00, 0x00, 0x00,
    0x00, 0x00, 0x00, 0x00, 0x00, 0x00, 0x00, 0x00, 0x00, 0x00, 0x00, 0x00, 0x55, 0xff, 0x55, 0x03,
    0x00, 0x00, 0x00, 0x00, 0x57, 0xda, 0x65, 0x94, 0x5e, 0xe3, 0x68, 0xff, 0x36, 0xdb, 0x51, 0xfb,
    0x2d, 0xe3, 0x51, 0xff, 0x2e, 0xe1, 0x51, 0xff, 0x2e, 0xe2, 0x51, 0xff, 0x2f, 0xe2, 0x51, 0xff,
    0x2e, 0xe2, 0x51, 0xff, 0x2d, 0xe1, 0x50, 0xff, 0x2e, 0xe2, 0x51, 0xff, 0x2f, 0xe2, 0x52, 0xff,
    0x2d, 0xe2, 0x50, 0xff, 0x33, 0xe1, 0x56, 0xff, 0x37, 0xed, 0x5c, 0xff, 0x15, 0xa1, 0x26, 0xff,
    0x13, 0x19, 0x12, 0xff, 0x25, 0x27, 0x25, 0xff, 0x32, 0x35, 0x30, 0xff, 0x35, 0x38, 0x34, 0xff,
    0x35, 0x37, 0x33, 0xff, 0x35, 0x36, 0x33, 0xff, 0x3d, 0x3c, 0x3b, 0xff, 0x4f, 0x4d, 0x4b, 0xff,
    0x66, 0x61, 0x61, 0xff, 0x77, 0x71, 0x71, 0xff, 0x7e, 0x77, 0x77, 0xff, 0x7b, 0x75, 0x74, 0xff,
    0x78, 0x72, 0x72, 0xff, 0x78, 0x72, 0x72, 0xff, 0x78, 0x72, 0x72, 0xff, 0x79, 0x73, 0x73, 0xff,
    0x7f, 0x78, 0x78, 0xff, 0x82, 0x7b, 0x7b, 0xff, 0x74, 0x6f, 0x6e, 0xff, 0x55, 0x51, 0x51, 0xff,
    0x41, 0x3f, 0x3e, 0xff, 0x4a, 0x46, 0x45, 0xff, 0x5f, 0x5a, 0x5a, 0xff, 0x75, 0x70, 0x6e, 0xff,
    0x7f, 0x79, 0x79, 0xff, 0x7d, 0x77, 0x77, 0xff, 0x7b, 0x75, 0x74, 0xff, 0x7b, 0x74, 0x74, 0xff,
    0x7b, 0x74, 0x74, 0xff, 0x7b, 0x75, 0x74, 0xff, 0x7b, 0x75, 0x75, 0xff, 0x7f, 0x78, 0x77, 0xff,
    0x7d, 0x77, 0x76, 0xff, 0x76, 0x71, 0x70, 0xff, 0x6e, 0x69, 0x68, 0xff, 0x64, 0x60, 0x5f, 0xff,
    0x60, 0x5c, 0x5b, 0xff, 0x62, 0x5d, 0x5c, 0xff, 0x67, 0x62, 0x61, 0xff, 0x61, 0x5d, 0x5b, 0xff,
    0x3e, 0x3a, 0x3b, 0xff, 0x15, 0x23, 0x16, 0xff, 0x0d, 0x8c, 0x17, 0xff, 0x19, 0xb4, 0x2a, 0xff,
    0x32, 0xe4, 0x56, 0xff, 0x33, 0xe4, 0x57, 0xff, 0x33, 0xe4, 0x57, 0xff, 0x34, 0xe4, 0x57, 0xff,
    0x33, 0xe4, 0x57, 0xff, 0x33, 0xe4, 0x57, 0xff, 0x34, 0xe5, 0x58, 0xff, 0x35, 0xe4, 0x59, 0xff,
    0x33, 0xe4, 0x57, 0xff, 0x37, 0xe5, 0x5b, 0xff, 0x42, 0xe7, 0x64, 0xfb, 0x3d, 0xf7, 0x67, 0xff,
    0x47, 0xe8, 0x6c, 0x7d, 0x00, 0x00, 0x00, 0x00, 0x3f, 0xbf, 0x3f, 0x04, 0x00, 0x00, 0x00, 0x00,
    0x00, 0x00, 0x00, 0x00, 0x00, 0x00, 0x00, 0x00, 0x00, 0x00, 0x00, 0x00, 0x00, 0x00, 0x00, 0x00,
    0x00, 0x00, 0x00, 0x00, 0x00, 0x00, 0x00, 0x00, 0x00, 0x00, 0x00, 0x00, 0x00, 0x00, 0x00, 0x00,
    0x00, 0x00, 0x00, 0x00, 0x00, 0x00, 0x00, 0x00, 0x00, 0x00, 0x00, 0x00, 0x00, 0x00, 0x00, 0x00,
    0x00, 0x00, 0x00, 0x00, 0x00, 0x00, 0x00, 0x00, 0x00, 0x00, 0x00, 0x00, 0x00, 0x00, 0x00, 0x00,
    0x00, 0x00, 0x00, 0x00, 0x00, 0x00, 0x00, 0x00, 0x00, 0x00, 0x00, 0x00, 0x00, 0x00, 0x00, 0x00,
    0x00, 0x00, 0x00, 0x00, 0x00, 0x00, 0x00, 0x00, 0x00, 0x00, 0x00, 0x00, 0x55, 0xaa, 0x55, 0x03,
    0x00, 0x00, 0x00, 0x00, 0x66, 0xdd, 0x72, 0x3c, 0x58, 0xdc, 0x63, 0xff, 0x39, 0xdb, 0x53, 0xfd,
    0x2c, 0xe3, 0x52, 0xff, 0x2e, 0xe2, 0x51, 0xff, 0x2f, 0xe2, 0x52, 0xff, 0x2f, 0xe2, 0x52, 0xff,
    0x2e, 0xe2, 0x51, 0xff, 0x2d, 0xe2, 0x51, 0xff, 0x2e, 0xe2, 0x51, 0xff, 0x30, 0xe2, 0x53, 0xff,
    0x2e, 0xe1, 0x50, 0xff, 0x31, 0xe2, 0x54, 0xff, 0x39, 0xe8, 0x5f, 0xff, 0x28, 0xd8, 0x48, 0xff,
    0x05, 0x3a, 0x08, 0xff, 0x09, 0x10, 0x08, 0xff, 0x14, 0x17, 0x13, 0xff, 0x1e, 0x21, 0x1e, 0xff,
    0x32, 0x33, 0x31, 0xff, 0x3c, 0x3c, 0x39, 0xff, 0x3a, 0x39, 0x37, 0xff, 0x36, 0x35, 0x34, 0xff,
    0x37, 0x36, 0x35, 0xff, 0x45, 0x43, 0x42, 0xff, 0x5b, 0x57, 0x57, 0xff, 0x70, 0x6b, 0x6b, 0xff,
    0x7c, 0x75, 0x75, 0xff, 0x7c, 0x75, 0x75, 0xff, 0x7a, 0x73, 0x73, 0xff, 0x79, 0x72, 0x72, 0xff,
    0x78, 0x72, 0x72, 0xff, 0x78, 0x72, 0x71, 0xff, 0x7b, 0x75, 0x74, 0xff, 0x82, 0x7b, 0x7b, 0xff,
    0x80, 0x78, 0x78, 0xff, 0x7c, 0x76, 0x75, 0xff, 0x7f, 0x79, 0x78, 0xff, 0x7b, 0x75, 0x74, 0xff,
    0x7a, 0x73, 0x73, 0xff, 0x7a, 0x74, 0x74, 0xff, 0x7b, 0x74, 0x74, 0xff, 0x7b, 0x75, 0x75, 0xff,
    0x7c, 0x76, 0x75, 0xff, 0x7e, 0x77, 0x77, 0xff, 0x7b, 0x75, 0x74, 0xff, 0x71, 0x6b, 0x6b, 0xff,
    0x6a, 0x65, 0x64, 0xff, 0x64, 0x5f, 0x5e, 0xff, 0x63, 0x5e, 0x5d, 0xff, 0x66, 0x61, 0x60, 0xff,
    0x66, 0x61, 0x60, 0xff, 0x59, 0x55, 0x54, 0xff, 0x39, 0x36, 0x36, 0xff, 0x18, 0x17, 0x16, 0xff,
    0x05, 0x05, 0x04, 0xff, 0x07, 0x35, 0x0a, 0xff, 0x11, 0x9d, 0x1c, 0xff, 0x1d, 0xbb, 0x31, 0xff,
    0x34, 0xe7, 0x59, 0xff, 0x34, 0xe3, 0x57, 0xff, 0x32, 0xe4, 0x56, 0xff, 0x34, 0xe4, 0x57, 0xff,
    0x33, 0xe4, 0x57, 0xff, 0x33, 0xe4, 0x57, 0xff, 0x34, 0xe4, 0x58, 0xff, 0x33, 0xe4, 0x57, 0xff,
    0x34, 0xe4, 0x59, 0xff, 0x36, 0xe5, 0x5a, 0xff, 0x3f, 0xe8, 0x63, 0xfe, 0x3d, 0xea, 0x64, 0xfb,
    0x63, 0xec, 0x82, 0x29, 0x00, 0x00, 0x00, 0x00, 0x7f, 0xff, 0x7f, 0x02, 0x00, 0x00, 0x00, 0x00,
    0x00, 0x00, 0x00, 0x00, 0x00, 0x00, 0x00, 0x00, 0x00, 0x00, 0x00, 0x00, 0x00, 0x00, 0x00, 0x00,
    0x00, 0x00, 0x00, 0x00, 0x00, 0x00, 0x00, 0x00, 0x00, 0x00, 0x00, 0x00, 0x00, 0x00, 0x00, 0x00,
    0x00, 0x00, 0x00, 0x00, 0x00, 0x00, 0x00, 0x00, 0x00, 0x00, 0x00, 0x00, 0x00, 0x00, 0x00, 0x00,
    0x00, 0x00, 0x00, 0x00, 0x00, 0x00, 0x00, 0x00, 0x00, 0x00, 0x00, 0x00, 0x00, 0x00, 0x00, 0x00,
    0x00, 0x00, 0x00, 0x00, 0x00, 0x00, 0x00, 0x00, 0x00, 0x00, 0x00, 0x00, 0x00, 0x00, 0x00, 0x00,
    0x00, 0x00, 0x00, 0x00, 0x00, 0x00, 0x00, 0x00, 0x00, 0x00, 0x00, 0x00, 0x00, 0x00, 0x00, 0x00,
    0x00, 0xff, 0x00, 0x02, 0xff, 0xff, 0xff, 0x01, 0x53, 0xca, 0x5a, 0xba, 0x38, 0xe5, 0x53, 0xff,
    0x2c, 0xe4, 0x51, 0xfc, 0x2f, 0xe1, 0x51, 0xff, 0x2e, 0xe2, 0x52, 0xff, 0x2e, 0xe2, 0x51, 0xff,
    0x2d, 0xe2, 0x50, 0xff, 0x2e, 0xe1, 0x51, 0xff, 0x2e, 0xe2, 0x51, 0xff, 0x2e, 0xe2, 0x51, 0xff,
    0x2d, 0xe1, 0x50, 0xff, 0x30, 0xe2, 0x52, 0xff, 0x35, 0xe3, 0x5a, 0xff, 0x33, 0xee, 0x5b, 0xff,
    0x15, 0x7f, 0x22, 0xff, 0x09, 0x2e, 0x09, 0xff, 0x0a, 0x0d, 0x08, 0xff, 0x00, 0x01, 0x00, 0xff,
    0x06, 0x06, 0x06, 0xff, 0x1c, 0x1c, 0x1b, 0xff, 0x2e, 0x2e, 0x2d, 0xff, 0x3a, 0x39, 0x38, 0xff,
    0x3d, 0x3c, 0x3a, 0xff, 0x38, 0x37, 0x35, 0xff, 0x35, 0x34, 0x33, 0xff, 0x3c, 0x3b, 0x3a, 0xff,
    0x50, 0x4d, 0x4c, 0xff, 0x68, 0x62, 0x62, 0xff, 0x79, 0x73, 0x72, 0xff, 0x7e, 0x77, 0x77, 0xff,
    0x7b, 0x75, 0x74, 0xff, 0x79, 0x73, 0x73, 0xff, 0x78, 0x72, 0x72, 0xff, 0x78, 0x72, 0x72, 0xff,
    0x78, 0x72, 0x72, 0xff, 0x7a, 0x74, 0x73, 0xff, 0x79, 0x73, 0x72, 0xff, 0x7a, 0x74, 0x73, 0xff,
    0x7a, 0x74, 0x74, 0xff, 0x7c, 0x75, 0x75, 0xff, 0x7e, 0x77, 0x76, 0xff, 0x7c, 0x76, 0x74, 0xff,
    0x76, 0x70, 0x6f, 0xff, 0x6e, 0x69, 0x68, 0xff, 0x65, 0x60, 0x5f, 0xff, 0x60, 0x5b, 0x5a, 0xff,
    0x63, 0x5e, 0x5d, 0xff, 0x68, 0x63, 0x62, 0xff, 0x62, 0x5d, 0x5c, 0xff, 0x4e, 0x4b, 0x49, 0xff,
    0x2b, 0x29, 0x28, 0xff, 0x0f, 0x0f, 0x0e, 0xff, 0x00, 0x00, 0x00, 0xff, 0x00, 0x00, 0x00, 0xff,
    0x08, 0x10, 0x07, 0xff, 0x0d, 0x58, 0x13, 0xff, 0x11, 0xa3, 0x1c, 0xff, 0x22, 0xc6, 0x3b, 0xff,
    0x34, 0xe8, 0x59, 0xff, 0x33, 0xe3, 0x57, 0xff, 0x34, 0xe4, 0x57, 0xff, 0x34, 0xe4, 0x58, 0xff,
    0x32, 0xe4, 0x56, 0xff, 0x33, 0xe4, 0x57, 0xff, 0x33, 0xe4, 0x58, 0xff, 0x34, 0xe4, 0x58, 0xff,
    0x35, 0xe5, 0x59, 0xff, 0x33, 0xe4, 0x59, 0xfc, 0x42, 0xf4, 0x67, 0xff, 0x4b, 0xe3, 0x66, 0xb0,
    0x01, 0x00, 0x01, 0x00, 0x00, 0xff, 0x7f, 0x02, 0x00, 0x00, 0x00, 0x00, 0x00, 0x00, 0x00, 0x00,
    0x00, 0x00, 0x00, 0x00, 0x00, 0x00, 0x00, 0x00, 0x00, 0x00, 0x00, 0x00, 0x00, 0x00, 0x00, 0x00,
    0x00, 0x00, 0x00, 0x00, 0x00, 0x00, 0x00, 0x00, 0x00, 0x00, 0x00, 0x00, 0x00, 0x00, 0x00, 0x00,
    0x00, 0x00, 0x00, 0x00, 0x00, 0x00, 0x00, 0x00, 0x00, 0x00, 0x00, 0x00, 0x00, 0x00, 0x00, 0x00,
    0x00, 0x00, 0x00, 0x00, 0x00, 0x00, 0x00, 0x00, 0x00, 0x00, 0x00, 0x00, 0x00, 0x00, 0x00, 0x00,
    0x00, 0x00, 0x00, 0x00, 0x00, 0x00, 0x00, 0x00, 0x00, 0x00, 0x00, 0x00, 0x00, 0x00, 0x00, 0x00,
    0x00, 0x00, 0x00, 0x00, 0x00, 0x00, 0x00, 0x00, 0x00, 0x00, 0x00, 0x00, 0x00, 0x00, 0x00, 0x00,
    0x55, 0xaa, 0x55, 0x03, 0x00, 0x00, 0x00, 0x00, 0x6e, 0xc8, 0x6e, 0x33, 0x47, 0xcc, 0x52, 0xfb,
    0x2b, 0xde, 0x4b, 0xfd, 0x2e, 0xe3, 0x52, 0xff, 0x2e, 0xe1, 0x50, 0xff, 0x2f, 0xe2, 0x51, 0xff,
    0x2e, 0xe2, 0x51, 0xff, 0x2e, 0xe2, 0x51, 0xff, 0x2e, 0xe2, 0x51, 0xff, 0x2e, 0xe2, 0x51, 0xff,
    0x2d, 0xe1, 0x51, 0xff, 0x2f, 0xe2, 0x52, 0xff, 0x37, 0xe3, 0x5a, 0xff, 0x38, 0xed, 0x60, 0xff,
    0x1e, 0xac, 0x34, 0xff, 0x0a, 0x3b, 0x0a, 0xff, 0x0d, 0x0f, 0x0b, 0xff, 0x07, 0x0b, 0x06, 0xfe,
    0x01, 0x02, 0x01, 0xfc, 0x06, 0x05, 0x05, 0xfe, 0x0a, 0x09, 0x09, 0xfe, 0x16, 0x14, 0x14, 0xfe,
    0x28, 0x27, 0x26, 0xff, 0x37, 0x36, 0x35, 0xff, 0x3c, 0x3b, 0x3a, 0xff, 0x3a, 0x39, 0x37, 0xff,
    0x35, 0x35, 0x33, 0xff, 0x38, 0x37, 0x36, 0xff, 0x45, 0x43, 0x42, 0xff, 0x5c, 0x58, 0x58, 0xff,
    0x71, 0x6c, 0x6b, 0xff, 0x7d, 0x76, 0x76, 0xff, 0x7d, 0x77, 0x76, 0xff, 0x7a, 0x74, 0x74, 0xff,
    0x78, 0x73, 0x72, 0xff, 0x79, 0x73, 0x72, 0xff, 0x7a, 0x74, 0x74, 0xff, 0x7d, 0x76, 0x76, 0xff,
    0x7c, 0x76, 0x76, 0xff, 0x7a, 0x74, 0x73, 0xff, 0x70, 0x6a, 0x69, 0xff, 0x67, 0x62, 0x61, 0xff,
    0x62, 0x5d, 0x5c, 0xff, 0x62, 0x5d, 0x5c, 0xff, 0x66, 0x61, 0x60, 0xff, 0x68, 0x63, 0x62, 0xff,
    0x5b, 0x56, 0x55, 0xff, 0x3b, 0x38, 0x37, 0xff, 0x1b, 0x1a, 0x19, 0xff, 0x07, 0x06, 0x06, 0xff,
    0x03, 0x03, 0x03, 0xfe, 0x08, 0x07, 0x07, 0xfe, 0x07, 0x07, 0x07, 0xfd, 0x05, 0x05, 0x04, 0xfe,
    0x09, 0x19, 0x09, 0xff, 0x0f, 0x74, 0x17, 0xff, 0x11, 0xa6, 0x1e, 0xff, 0x27, 0xd1, 0x43, 0xff,
    0x34, 0xe7, 0x59, 0xff, 0x33, 0xe4, 0x57, 0xff, 0x33, 0xe4, 0x57, 0xff, 0x32, 0xe4, 0x57, 0xff,
    0x34, 0xe4, 0x57, 0xff, 0x33, 0xe4, 0x57, 0xff, 0x34, 0xe4, 0x58, 0xff, 0x34, 0xe5, 0x59, 0xff,
    0x32, 0xe4, 0x57, 0xff, 0x42, 0xe6, 0x62, 0xfd, 0x51, 0xe5, 0x67, 0xfe, 0x66, 0xe1, 0x72, 0x3c,
    0x00, 0x00, 0x00, 0x00, 0x55, 0xff, 0x55, 0x03, 0x00, 0x00, 0x00, 0x00, 0x00, 0x00, 0x00, 0x00,
    0x00, 0x00, 0x00, 0x00, 0x00, 0x00, 0x00, 0x00, 0x00, 0x00, 0x00, 0x00, 0x00, 0x00, 0x00, 0x00,
    0x00, 0x00, 0x00, 0x00, 0x00, 0x00, 0x00, 0x00, 0x00, 0x00, 0x00, 0x00, 0x00, 0x00, 0x00, 0x00,
    0x00, 0x00, 0x00, 0x00, 0x00, 0x00, 0x00, 0x00, 0x00, 0x00, 0x00, 0x00, 0x00, 0x00, 0x00, 0x00,
    0x00, 0x00, 0x00, 0x00, 0x00, 0x00, 0x00, 0x00, 0x00, 0x00, 0x00, 0x00, 0x00, 0x00, 0x00, 0x00,
    0x00, 0x00, 0x00, 0x00, 0x00, 0x00, 0x00, 0x00, 0x00, 0x00, 0x00, 0x00, 0x00, 0x00, 0x00, 0x00,
    0x00, 0x00, 0x00, 0x00, 0x00, 0x00, 0x00, 0x00, 0x00, 0x00, 0x00, 0x00, 0x00, 0x00, 0x00, 0x00,
    0x00, 0x00, 0x00, 0x00, 0x55, 0xaa, 0x55, 0x03, 0x00, 0x00, 0x00, 0x00, 0x5a, 0xc1, 0x5b, 0xa1,
    0x46, 0xcf, 0x50, 0xff, 0x29, 0xdc, 0x4a, 0xfc, 0x2e, 0xe3, 0x52, 0xff, 0x2e, 0xe1, 0x51, 0xff,
    0x2e, 0xe2, 0x51, 0xff, 0x2d, 0xe2, 0x50, 0xff, 0x2e, 0xe2, 0x51, 0xff, 0x2e, 0xe1, 0x51, 0xff,
    0x2e, 0xe1, 0x50, 0xff, 0x2e, 0xe2, 0x51, 0xff, 0x38, 0xe3, 0x5a, 0xff, 0x39, 0xeb, 0x60, 0xff,
    0x26, 0xc9, 0x42, 0xff, 0x10, 0x41, 0x11, 0xff, 0x12, 0x16, 0x0f, 0xff, 0x0b, 0x12, 0x0a, 0xff,
    0x05, 0x08, 0x04, 0xff, 0x09, 0x08, 0x08, 0xff, 0x0a, 0x0a, 0x09, 0xff, 0x08, 0x07, 0x06, 0xff,
    0x07, 0x07, 0x06, 0xff, 0x0e, 0x0d, 0x0c, 0xfe, 0x1d, 0x1d, 0x1c, 0xfd, 0x2e, 0x2d, 0x2c, 0xfc,
    0x39, 0x38, 0x37, 0xfc, 0x3b, 0x3a, 0x38, 0xfe, 0x38, 0x36, 0x35, 0xff, 0x34, 0x34, 0x33, 0xff,
    0x3d, 0x3b, 0x3b, 0xff, 0x50, 0x4d, 0x4c, 0xff, 0x67, 0x62, 0x62, 0xff, 0x79, 0x73, 0x72, 0xff,
    0x7d, 0x77, 0x77, 0xff, 0x7c, 0x76, 0x75, 0xff, 0x7a, 0x74, 0x74, 0xff, 0x76, 0x70, 0x6f, 0xff,
    0x6a, 0x65, 0x64, 0xff, 0x62, 0x5e, 0x5e, 0xff, 0x60, 0x5b, 0x5b, 0xff, 0x64, 0x5f, 0x5d, 0xff,
    0x69, 0x63, 0x61, 0xff, 0x63, 0x5e, 0x5d, 0xfd, 0x50, 0x4c, 0x4b, 0xfb, 0x2b, 0x29, 0x28, 0xfc,
    0x0f, 0x0e, 0x0d, 0xfc, 0x03, 0x02, 0x02, 0xfd, 0x04, 0x04, 0x03, 0xfe, 0x09, 0x08, 0x07, 0xfe,
    0x09, 0x08, 0x08, 0xff, 0x09, 0x08, 0x08, 0xff, 0x05, 0x05, 0x04, 0xff, 0x09, 0x09, 0x08, 0xff,
    0x12, 0x22, 0x10, 0xff, 0x10, 0x89, 0x1a, 0xff, 0x13, 0xa9, 0x21, 0xff, 0x2c, 0xda, 0x4b, 0xff,
    0x34, 0xe5, 0x58, 0xff, 0x33, 0xe4, 0x57, 0xff, 0x33, 0xe4, 0x57, 0xff, 0x32, 0xe4, 0x57, 0xff,
    0x33, 0xe4, 0x57, 0xff, 0x34, 0xe4, 0x58, 0xff, 0x34, 0xe4, 0x58, 0xff, 0x33, 0xe5, 0x58, 0xff,
    0x43, 0xe5, 0x63, 0xfc, 0x55, 0xea, 0x69, 0xff, 0x51, 0xdc, 0x63, 0xbe, 0x01, 0x00, 0x01, 0x00,
    0x7f, 0x7f, 0x7f, 0x02, 0x00, 0x00, 0x00, 0x00, 0x00, 0x00, 0x00, 0x00, 0x00, 0x00, 0x00, 0x00,
    0x00, 0x00, 0x00, 0x00, 0x00, 0x00, 0x00, 0x00, 0x00, 0x00, 0x00, 0x00, 0x00, 0x00, 0x00, 0x00,
    0x00, 0x00, 0x00, 0x00, 0x00, 0x00, 0x00, 0x00, 0x00, 0x00, 0x00, 0x00, 0x00, 0x00, 0x00, 0x00,
    0x00, 0x00, 0x00, 0x00, 0x00, 0x00, 0x00, 0x00, 0x00, 0x00, 0x00, 0x00, 0x00, 0x00, 0x00, 0x00,
    0x00, 0x00, 0x00, 0x00, 0x00, 0x00, 0x00, 0x00, 0x00, 0x00, 0x00, 0x00, 0x00, 0x00, 0x00, 0x00,
    0x00, 0x00, 0x00, 0x00, 0x00, 0x00, 0x00, 0x00, 0x00, 0x00, 0x00, 0x00, 0x00, 0x00, 0x00, 0x00,
    0x00, 0x00, 0x00, 0x00, 0x00, 0x00, 0x00, 0x00, 0x00, 0x00, 0x00, 0x00, 0x00, 0x00, 0x00, 0x00,
    0x00, 0x00, 0x00, 0x00, 0x7f, 0xff, 0x7f, 0x02, 0x00, 0xff, 0x00, 0x01, 0x69, 0xd2, 0x70, 0x22,
    0x54, 0xc2, 0x57, 0xf4, 0x44, 0xc6, 0x4d, 0xfd, 0x2b, 0xdc, 0x4b, 0xfe, 0x2e, 0xe3, 0x52, 0xff,
    0x2e, 0xe1, 0x51, 0xff, 0x2e, 0xe2, 0x50, 0xff, 0x2e, 0xe2, 0x51, 0xff, 0x2e, 0xe2, 0x51, 0xff,
    0x2e, 0xe2, 0x51, 0xff, 0x2d, 0xe2, 0x50, 0xff, 0x34, 0xe3, 0x57, 0xff, 0x39, 0xe8, 0x5f, 0xff,
    0x2c, 0xdb, 0x4f, 0xff, 0x12, 0x6f, 0x18, 0xff, 0x17, 0x29, 0x15, 0xff, 0x1a, 0x21, 0x17, 0xf6,
    0x21, 0x22, 0x1f, 0xa8, 0x0e, 0x0e, 0x0e, 0xe7, 0x0d, 0x0c, 0x0c, 0xfa, 0x12, 0x11, 0x10, 0xfd,
    0x11, 0x10, 0x10, 0xff, 0x10, 0x0f, 0x0e, 0xff, 0x0d, 0x0c, 0x0c, 0xff, 0x0e, 0x0d, 0x0d, 0xff,
    0x19, 0x18, 0x17, 0xff, 0x27, 0x27, 0x27, 0xff, 0x35, 0x35, 0x34, 0xff, 0x3d, 0x3b, 0x39, 0xff,
    0x3a, 0x39, 0x37, 0xff, 0x36, 0x35, 0x34, 0xff, 0x37, 0x36, 0x36, 0xff, 0x45, 0x42, 0x42, 0xff,
    0x5f, 0x5b, 0x5b, 0xff, 0x70, 0x6b, 0x6a, 0xff, 0x65, 0x5f, 0x5f, 0xff, 0x60, 0x5b, 0x5b, 0xff,
    0x60, 0x5c, 0x5b, 0xff, 0x69, 0x63, 0x5d, 0xff, 0x69, 0x64, 0x5e, 0xff, 0x59, 0x54, 0x54, 0xff,
    0x3a, 0x37, 0x3d, 0xff, 0x1c, 0x1b, 0x1f, 0xff, 0x09, 0x08, 0x07, 0xff, 0x06, 0x06, 0x06, 0xff,
    0x0a, 0x0a, 0x09, 0xff, 0x0f, 0x0e, 0x0e, 0xff, 0x10, 0x10, 0x0f, 0xff, 0x10, 0x0f, 0x0e, 0xff,
    0x0f, 0x0f, 0x0e, 0xff, 0x0e, 0x0d, 0x0d, 0xfe, 0x11, 0x12, 0x11, 0xda, 0x1b, 0x1b, 0x19, 0xe4,
    0x12, 0x3e, 0x13, 0xff, 0x0f, 0x97, 0x1b, 0xfe, 0x17, 0xb0, 0x27, 0xff, 0x31, 0xe2, 0x53, 0xff,
    0x33, 0xe4, 0x57, 0xff, 0x33, 0xe4, 0x56, 0xff, 0x33, 0xe4, 0x57, 0xff, 0x33, 0xe4, 0x57, 0xff,
    0x34, 0xe4, 0x58, 0xff, 0x34, 0xe4, 0x58, 0xff, 0x32, 0xe4, 0x57, 0xff, 0x42, 0xe6, 0x63, 0xff,
    0x4e, 0xdd, 0x62, 0xfd, 0x54, 0xe5, 0x65, 0xff, 0x60, 0xe3, 0x75, 0x4a, 0x00, 0x00, 0x00, 0x00,
    0x55, 0xff, 0x55, 0x03, 0x00, 0x00, 0x00, 0x00, 0x00, 0x00, 0x00, 0x00, 0x00, 0x00, 0x00, 0x00,
    0x00, 0x00, 0x00, 0x00, 0x00, 0x00, 0x00, 0x00, 0x00, 0x00, 0x00, 0x00, 0x00, 0x00, 0x00, 0x00,
    0x00, 0x00, 0x00, 0x00, 0x00, 0x00, 0x00, 0x00, 0x00, 0x00, 0x00, 0x00, 0x00, 0x00, 0x00, 0x00,
    0x00, 0x00, 0x00, 0x00, 0x00, 0x00, 0x00, 0x00, 0x00, 0x00, 0x00, 0x00, 0x00, 0x00, 0x00, 0x00,
    0x00, 0x00, 0x00, 0x00, 0x00, 0x00, 0x00, 0x00, 0x00, 0x00, 0x00, 0x00, 0x00, 0x00, 0x00, 0x00,
    0x00, 0x00, 0x00, 0x00, 0x00, 0x00, 0x00, 0x00, 0x00, 0x00, 0x00, 0x00, 0x00, 0x00, 0x00, 0x00,
    0x00, 0x00, 0x00, 0x00, 0x00, 0x00, 0x00, 0x00, 0x00, 0x00, 0x00, 0x00, 0x00, 0x00, 0x00, 0x00,
    0x00, 0x00, 0x00, 0x00, 0x00, 0x00, 0x00, 0x00, 0x55, 0xff, 0x55, 0x03, 0x00, 0x00, 0x00, 0x00,
    0x58, 0xc4, 0x5d, 0x88, 0x54, 0xca, 0x57, 0xff, 0x40, 0xc1, 0x49, 0xfc, 0x2b, 0xdd, 0x4b, 0xff,
    0x2e, 0xe3, 0x53, 0xff, 0x2f, 0xe1, 0x51, 0xff, 0x2e, 0xe2, 0x51, 0xff, 0x2e, 0xe1, 0x51, 0xff,
    0x2e, 0xe2, 0x51, 0xff, 0x2d, 0xe1, 0x50, 0xff, 0x32, 0xe3, 0x55, 0xff, 0x37, 0xe6, 0x5c, 0xff,
    0x32, 0xe5, 0x57, 0xff, 0x13, 0x96, 0x20, 0xfb, 0x1c, 0x4b, 0x1a, 0xfe, 0x42, 0x49, 0x3b, 0xb5,
    0x05, 0x04, 0x05, 0x00, 0x30, 0x3c, 0x30, 0x15, 0x3d, 0x36, 0x36, 0x21, 0x58, 0x58, 0x58, 0x2b,
    0x4e, 0x4e, 0x4e, 0x31, 0x47, 0x47, 0x42, 0x3d, 0x3c, 0x3c, 0x3c, 0x43, 0x1c, 0x1c, 0x1c, 0x50,
    0x12, 0x12, 0x12, 0x55, 0x15, 0x16, 0x1d, 0xbe, 0x09, 0x0a, 0x15, 0xff, 0x1c, 0x1c, 0x28, 0xfc,
    0x30, 0x2f, 0x34, 0xff, 0x3a, 0x39, 0x36, 0xff, 0x3d, 0x3b, 0x37, 0xff, 0x36, 0x35, 0x33, 0xff,
    0x3c, 0x3b, 0x3b, 0xff, 0x61, 0x5c, 0x5c, 0xff, 0x63, 0x5e, 0x5c, 0xff, 0x68, 0x62, 0x5b, 0xff,
    0x62, 0x5c, 0x5a, 0xff, 0x4c, 0x48, 0x5c, 0xff, 0x2a, 0x28, 0x55, 0xff, 0x0a, 0x0a, 0x27, 0xfd,
    0x00, 0x00, 0x11, 0xff, 0x14, 0x15, 0x1e, 0xaf, 0x22, 0x22, 0x20, 0x5f, 0x16, 0x16, 0x16, 0x59,
    0x15, 0x18, 0x15, 0x53, 0x2a, 0x2a, 0x26, 0x48, 0x3e, 0x3e, 0x3e, 0x41, 0x41, 0x41, 0x41, 0x3a,
    0x51, 0x51, 0x51, 0x2f, 0x46, 0x46, 0x46, 0x2f, 0xd0, 0xb9, 0xd0, 0x0b, 0x2f, 0x3a, 0x2b, 0xa0,
    0x10, 0x5d, 0x14, 0xff, 0x10, 0xa1, 0x1c, 0xfb, 0x1b, 0xb9, 0x2e, 0xff, 0x33, 0xe6, 0x58, 0xff,
    0x34, 0xe3, 0x57, 0xff, 0x33, 0xe3, 0x57, 0xff, 0x34, 0xe4, 0x57, 0xff, 0x34, 0xe4, 0x57, 0xff,
    0x33, 0xe4, 0x57, 0xff, 0x32, 0xe4, 0x57, 0xff, 0x48, 0xe6, 0x67, 0xff, 0x51, 0xde, 0x65, 0xfc,
    0x50, 0xe4, 0x62, 0xff, 0x52, 0xdd, 0x65, 0xcb, 0xff, 0xff, 0xaa, 0x03, 0x00, 0x7f, 0x00, 0x02,
    0x00, 0x00, 0x00, 0x00, 0x00, 0x00, 0x00, 0x00, 0x00, 0x00, 0x00, 0x00, 0x00, 0x00, 0x00, 0x00,
    0x00, 0x00, 0x00, 0x00, 0x00, 0x00, 0x00, 0x00, 0x00, 0x00, 0x00, 0x00, 0x00, 0x00, 0x00, 0x00,
    0x00, 0x00, 0x00, 0x00, 0x00, 0x00, 0x00, 0x00, 0x00, 0x00, 0x00, 0x00, 0x00, 0x00, 0x00, 0x00,
    0x00, 0x00, 0x00, 0x00, 0x00, 0x00, 0x00, 0x00, 0x00, 0x00, 0x00, 0x00, 0x00, 0x00, 0x00, 0x00,
    0x00, 0x00, 0x00, 0x00, 0x00, 0x00, 0x00, 0x00, 0x00, 0x00, 0x00, 0x00, 0x00, 0x00, 0x00, 0x00,
    0x00, 0x00, 0x00, 0x00, 0x00, 0x00, 0x00, 0x00, 0x00, 0x00, 0x00, 0x00, 0x00, 0x00, 0x00, 0x00,
    0x00, 0x00, 0x00, 0x00, 0x00, 0x00, 0x00, 0x00, 0x00, 0x00, 0x00, 0x00, 0x00, 0x00, 0x00, 0x00,
    0x00, 0x00, 0x00, 0x00, 0x00, 0x00, 0x00, 0x00, 0x7f, 0x7f, 0x7f, 0x02, 0x00, 0x7f, 0x00, 0x02,
    0x7f, 0xe2, 0x8d, 0x12, 0x50, 0xc3, 0x56, 0xe7, 0x4f, 0xc0, 0x52, 0xfe, 0x41, 0xc1, 0x4a, 0xfe,
    0x2b, 0xdd, 0x4b, 0xff, 0x2e, 0xe3, 0x52, 0xff, 0x2f, 0xe1, 0x51, 0xff, 0x2e, 0xe2, 0x51, 0xff,
    0x2e, 0xe2, 0x51, 0xff, 0x2f, 0xe2, 0x51, 0xff, 0x31, 0xe2, 0x53, 0xff, 0x36, 0xe4, 0x5a, 0xff,
    0x37, 0xea, 0x5e, 0xff, 0x16, 0xaa, 0x29, 0xfc, 0x24, 0x75, 0x24, 0xff, 0x69, 0x71, 0x5e, 0x5e,
    0x00, 0x00, 0x00, 0x03, 0x00, 0x00, 0x00, 0x00, 0x00, 0x00, 0x00, 0x00, 0x00, 0x00, 0x00, 0x00,
    0x00, 0x00, 0x00, 0x00, 0x00, 0x00, 0x00, 0x00, 0x00, 0x00, 0x00, 0x00, 0x00, 0x00, 0x00, 0x00,
    0x00, 0x00, 0x00, 0x00, 0x2a, 0x2b, 0x36, 0x91, 0x07, 0x07, 0x18, 0xff, 0x03, 0x04, 0x23, 0xfb,
    0x06, 0x07, 0x30, 0xff, 0x14, 0x14, 0x3a, 0xff, 0x28, 0x27, 0x3c, 0xff, 0x36, 0x35, 0x37, 0xff,
    0x42, 0x40, 0x39, 0xff, 0x66, 0x60, 0x5a, 0xff, 0x58, 0x53, 0x5a, 0xff, 0x3c, 0x39, 0x5d, 0xff,
    0x1d, 0x1c, 0x63, 0xff, 0x06, 0x07, 0x68, 0xff, 0x01, 0x01, 0x57, 0xff, 0x04, 0x04, 0x29, 0xfb,
    0x0b, 0x0b, 0x1f, 0xff, 0x26, 0x28, 0x36, 0x6b, 0x00, 0x00, 0x00, 0x00, 0x00, 0x00, 0x00, 0x00,
    0x00, 0x00, 0x00, 0x00, 0x00, 0x00, 0x00, 0x00, 0x00, 0x00, 0x00, 0x00, 0x00, 0x00, 0x00, 0x00,
    0x00, 0x00, 0x00, 0x00, 0x00, 0x00, 0x00, 0x00, 0x00, 0x00, 0x00, 0x00, 0x20, 0x4d, 0x20, 0x9b,
    0x0f, 0x76, 0x17, 0xff, 0x11, 0xa5, 0x1d, 0xfb, 0x1f, 0xc2, 0x36, 0xff, 0x33, 0xe8, 0x59, 0xff,
    0x33, 0xe3, 0x56, 0xff, 0x34, 0xe4, 0x58, 0xff, 0x33, 0xe4, 0x57, 0xff, 0x33, 0xe4, 0x57, 0xff,
    0x2f, 0xe4, 0x55, 0xff, 0x43, 0xe6, 0x63, 0xff, 0x51, 0xdf, 0x65, 0xff, 0x49, 0xda, 0x5c, 0xfc,
    0x52, 0xe9, 0x66, 0xff, 0x60, 0xdf, 0x71, 0x5a, 0x00, 0x00, 0x00, 0x00, 0x3f, 0xbf, 0x3f, 0x04,
    0x00, 0x00, 0x00, 0x00, 0x00, 0x00, 0x00, 0x00, 0x00, 0x00, 0x00, 0x00, 0x00, 0x00, 0x00, 0x00,
    0x00, 0x00, 0x00, 0x00, 0x00, 0x00, 0x00, 0x00, 0x00, 0x00, 0x00, 0x00, 0x00, 0x00, 0x00, 0x00,
    0x00, 0x00, 0x00, 0x00, 0x00, 0x00, 0x00, 0x00, 0x00, 0x00, 0x00, 0x00, 0x00, 0x00, 0x00, 0x00,
    0x00, 0x00, 0x00, 0x00, 0x00, 0x00, 0x00, 0x00, 0x00, 0x00, 0x00, 0x00, 0x00, 0x00, 0x00, 0x00,
    0x00, 0x00, 0x00, 0x00, 0x00, 0x00, 0x00, 0x00, 0x00, 0x00, 0x00, 0x00, 0x00, 0x00, 0x00, 0x00,
    0x00, 0x00, 0x00, 0x00, 0x00, 0x00, 0x00, 0x00, 0x00, 0x00, 0x00, 0x00, 0x00, 0x00, 0x00, 0x00,
    0x00, 0x00, 0x00, 0x00, 0x00, 0x00, 0x00, 0x00, 0x00, 0x00, 0x00, 0x00, 0x00, 0x00, 0x00, 0x00,
    0x00, 0x00, 0x00, 0x00, 0x00, 0x00, 0x00, 0x00, 0x00, 0x00, 0x00, 0x00, 0x55, 0xff, 0x55, 0x03,
    0x00, 0x00, 0x00, 0x00, 0x5c, 0xc5, 0x61, 0x6e, 0x51, 0xcb, 0x56, 0xff, 0x4e, 0xbb, 0x50, 0xfc,
    0x41, 0xc2, 0x4b, 0xff, 0x2b, 0xdd, 0x4b, 0xff, 0x2f, 0xe3, 0x52, 0xff, 0x2f, 0xe1, 0x51, 0xff,
    0x2e, 0xe2, 0x51, 0xff, 0x2e, 0xe2, 0x51, 0xff, 0x2f, 0xe2, 0x52, 0xff, 0x38, 0xe4, 0x5b, 0xff,
    0x37, 0xeb, 0x60, 0xfe, 0x1d, 0xbf, 0x36, 0xff, 0x24, 0x77, 0x25, 0xef, 0x9d, 0x6d, 0x91, 0x15,
    0x00, 0x00, 0x00, 0x00, 0x00, 0x7f, 0x00, 0x02, 0x00, 0x00, 0x00, 0x02, 0x7f, 0x7f, 0x7f, 0x02,
    0x7f, 0x7f, 0x7f, 0x02, 0x55, 0x55, 0x55, 0x03, 0x55, 0x55, 0x55, 0x03, 0x00, 0x00, 0x00, 0x06,
    0x3f, 0x3f, 0x00, 0x04, 0x29, 0x29, 0x34, 0x9f, 0x08, 0x09, 0x1b, 0xfc, 0x08, 0x08, 0x2b, 0xf7,
    0x07, 0x08, 0x39, 0xfc, 0x06, 0x07, 0x45, 0xfd, 0x06, 0x07, 0x4e, 0xfd, 0x0f, 0x0f, 0x53, 0xff,
    0x23, 0x23, 0x4e, 0xff, 0x2c, 0x2a, 0x5e, 0xff, 0x14, 0x13, 0x69, 0xff, 0x0b, 0x0b, 0x6e, 0xfe,
    0x0b, 0x0b, 0x70, 0xfd, 0x0c, 0x0c, 0x71, 0xfc, 0x09, 0x09, 0x60, 0xfc, 0x06, 0x06, 0x2f, 0xf7,
    0x0a, 0x0a, 0x1f, 0xfd, 0x23, 0x23, 0x33, 0x7b, 0x00, 0x00, 0x00, 0x04, 0x00, 0x00, 0x1f, 0x08,
    0x00, 0x00, 0x00, 0x04, 0x00, 0x00, 0x00, 0x03, 0x55, 0x55, 0x55, 0x03, 0x55, 0x55, 0x55, 0x03,
    0x7f, 0x7f, 0x7f, 0x02, 0x2a, 0x55, 0x2a, 0x06, 0x00, 0x00, 0x00, 0x01, 0x1f, 0x5e, 0x23, 0x79,
    0x11, 0x89, 0x1b, 0xff, 0x11, 0xa7, 0x1e, 0xfb, 0x25, 0xce, 0x41, 0xff, 0x35, 0xe7, 0x59, 0xff,
    0x32, 0xe3, 0x56, 0xff, 0x33, 0xe4, 0x57, 0xff, 0x33, 0xe4, 0x57, 0xff, 0x32, 0xe4, 0x57, 0xff,
    0x40, 0xe5, 0x61, 0xff, 0x4f, 0xde, 0x63, 0xff, 0x4c, 0xdb, 0x5e, 0xfc, 0x4e, 0xe3, 0x61, 0xfe,
    0x52, 0xdb, 0x62, 0xd6, 0x91, 0xda, 0x91, 0x07, 0x00, 0xff, 0x00, 0x01, 0x00, 0xff, 0x00, 0x01,
    0x00, 0x00, 0x00, 0x00, 0x00, 0x00, 0x00, 0x00, 0x00, 0x00, 0x00, 0x00, 0x00, 0x00, 0x00, 0x00,
    0x00, 0x00, 0x00, 0x00, 0x00, 0x00, 0x00, 0x00, 0x00, 0x00, 0x00, 0x00, 0x00, 0x00, 0x00, 0x00,
    0x00, 0x00, 0x00, 0x00, 0x00, 0x00, 0x00, 0x00, 0x00, 0x00, 0x00, 0x00, 0x00, 0x00, 0x00, 0x00,
    0x00, 0x00, 0x00, 0x00, 0x00, 0x00, 0x00, 0x00, 0x00, 0x00, 0x00, 0x00, 0x00, 0x00, 0x00, 0x00,
    0x00, 0x00, 0x00, 0x00, 0x00, 0x00, 0x00, 0x00, 0x00, 0x00, 0x00, 0x00, 0x00, 0x00, 0x00, 0x00,
    0x00, 0x00, 0x00, 0x00, 0x00, 0x00, 0x00, 0x00, 0x00, 0x00, 0x00, 0x00, 0x00, 0x00, 0x00, 0x00,
    0x00, 0x00, 0x00, 0x00, 0x00, 0x00, 0x00, 0x00, 0x00, 0x00, 0x00, 0x00, 0x00, 0x00, 0x00, 0x00,
    0x00, 0x00, 0x00, 0x00, 0x00, 0x00, 0x00, 0x00, 0x00, 0x00, 0x00, 0x00, 0x00, 0xff, 0x00, 0x01,
    0x00, 0x7f, 0x00, 0x02, 0x9f, 0xdf, 0x9f, 0x08, 0x51, 0xc1, 0x56, 0xd7, 0x4d, 0xc4, 0x52, 0xfe,
    0x4c, 0xba, 0x50, 0xfd, 0x41, 0xc1, 0x4a, 0xff, 0x2c, 0xdd, 0x4c, 0xff, 0x2e, 0xe3, 0x52, 0xff,
    0x30, 0xe0, 0x51, 0xff, 0x2d, 0xe1, 0x50, 0xff, 0x2f, 0xe2, 0x52, 0xff, 0x38, 0xe2, 0x59, 0xff,
    0x35, 0xe7, 0x59, 0xfb, 0x2e, 0xd6, 0x4a, 0xff, 0x2f, 0x74, 0x2f, 0x9c, 0x00, 0x00, 0x00, 0x00,
    0x00, 0xaa, 0x00, 0x03, 0x00, 0x00, 0x00, 0x00, 0x00, 0x00, 0x00, 0x00, 0x00, 0x00, 0x00, 0x00,
    0x00, 0x00, 0x00, 0x00, 0x00, 0x00, 0x00, 0x00, 0x00, 0x00, 0x00, 0x00, 0x00, 0x00, 0x3f, 0x04,
    0x00, 0x00, 0x00, 0x00, 0x37, 0x3a, 0x46, 0x7b, 0x18, 0x18, 0x33, 0xff, 0x0c, 0x0d, 0x3a, 0xff,
    0x09, 0x09, 0x46, 0xff, 0x09, 0x09, 0x50, 0xff, 0x09, 0x0a, 0x5a, 0xff, 0x05, 0x04, 0x5c, 0xfe,
    0x05, 0x04, 0x66, 0xff, 0x05, 0x05, 0x6c, 0xff, 0x0b, 0x0a, 0x71, 0xff, 0x0e, 0x0d, 0x75, 0xff,
    0x0e, 0x0e, 0x7c, 0xff, 0x0a, 0x0a, 0x80, 0xff, 0x09, 0x09, 0x70, 0xff, 0x0b, 0x0b, 0x40, 0xff,
    0x17, 0x18, 0x36, 0xff, 0x39, 0x39, 0x4e, 0x58, 0x00, 0x00, 0x00, 0x00, 0x55, 0x55, 0x55, 0x03,
    0x00, 0x00, 0x00, 0x00, 0x00, 0x00, 0x00, 0x00, 0x00, 0x00, 0x00, 0x00, 0x00, 0x00, 0x00, 0x00,
    0x00, 0x00, 0x00, 0x00, 0x7f, 0x7f, 0x7f, 0x02, 0x00, 0x00, 0x00, 0x00, 0x46, 0x7f, 0x46, 0x28,
    0x18, 0x97, 0x22, 0xf8, 0x13, 0xa7, 0x1f, 0xfe, 0x27, 0xcf, 0x42, 0xfe, 0x34, 0xe6, 0x59, 0xff,
    0x32, 0xe3, 0x56, 0xff, 0x32, 0xe4, 0x56, 0xff, 0x32, 0xe4, 0x56, 0xff, 0x44, 0xe6, 0x64, 0xff,
    0x51, 0xde, 0x64, 0xff, 0x4b, 0xdb, 0x5d, 0xff, 0x4b, 0xda, 0x5e, 0xfc, 0x51, 0xe9, 0x64, 0xff,
    0x5c, 0xe1, 0x6e, 0x66, 0x00, 0x00, 0x00, 0x00, 0x3f, 0xbf, 0x3f, 0x04, 0x00, 0x00, 0x00, 0x00,
    0x00, 0x00, 0x00, 0x00, 0x00, 0x00, 0x00, 0x00, 0x00, 0x00, 0x00, 0x00, 0x00, 0x00, 0x00, 0x00,
    0x00, 0x00, 0x00, 0x00, 0x00, 0x00, 0x00, 0x00, 0x00, 0x00, 0x00, 0x00, 0x00, 0x00, 0x00, 0x00,
    0x00, 0x00, 0x00, 0x00, 0x00, 0x00, 0x00, 0x00, 0x00, 0x00, 0x00, 0x00, 0x00, 0x00, 0x00, 0x00,
    0x00, 0x00, 0x00, 0x00, 0x00, 0x00, 0x00, 0x00, 0x00, 0x00, 0x00, 0x00, 0x00, 0x00, 0x00, 0x00,
    0x00, 0x00, 0x00, 0x00, 0x00, 0x00, 0x00, 0x00, 0x00, 0x00, 0x00, 0x00, 0x00, 0x00, 0x00, 0x00,
    0x00, 0x00, 0x00, 0x00, 0x00, 0x00, 0x00, 0x00, 0x00, 0x00, 0x00, 0x00, 0x00, 0x00, 0x00, 0x00,
    0x00, 0x00, 0x00, 0x00, 0x00, 0x00, 0x00, 0x00, 0x00, 0x00, 0x00, 0x00, 0x00, 0x00, 0x00, 0x00,
    0x00, 0x00, 0x00, 0x00, 0x00, 0x00, 0x00, 0x00, 0x00, 0x00, 0x00, 0x00, 0x00, 0x00, 0x00, 0x00,
    0x55, 0xff, 0x55, 0x03, 0x00, 0x00, 0x00, 0x00, 0x61, 0xc8, 0x67, 0x54, 0x52, 0xcb, 0x57, 0xff,
    0x4a, 0xbd, 0x4e, 0xfa, 0x4f, 0xbb, 0x51, 0xfb, 0x41, 0xc2, 0x4a, 0xfd, 0x2b, 0xdd, 0x4b, 0xff,
    0x30, 0xe6, 0x55, 0xff, 0x2f, 0xe4, 0x53, 0xff, 0x34, 0xe5, 0x58, 0xff, 0x39, 0xe2, 0x59, 0xfe,
    0x36, 0xe6, 0x58, 0xfe, 0x41, 0xd6, 0x59, 0xfa, 0x6d, 0x8b, 0x67, 0x2a, 0x00, 0x00, 0x00, 0x00,
    0x7f, 0x7f, 0x7f, 0x02, 0x00, 0x00, 0x00, 0x00, 0x00, 0x00, 0x00, 0x00, 0x00, 0x00, 0x00, 0x00,
    0x00, 0x00, 0x00, 0x00, 0x00, 0x00, 0x00, 0x00, 0x00, 0x00, 0x00, 0x00, 0x00, 0x00, 0x00, 0x00,
    0x00, 0x00, 0x00, 0x01, 0xaa, 0xaa, 0xc6, 0x09, 0x46, 0x46, 0x66, 0x69, 0x24, 0x26, 0x5a, 0xa1,
    0x25, 0x25, 0x66, 0xb9, 0x22, 0x22, 0x6f, 0xca, 0x1b, 0x1b, 0x71, 0xd7, 0x22, 0x27, 0x7d, 0xff,
    0x1b, 0x20, 0x7e, 0xfd, 0x1a, 0x1e, 0x82, 0xfe, 0x1b, 0x1f, 0x87, 0xfe, 0x1d, 0x21, 0x8b, 0xfd,
    0x19, 0x19, 0x8a, 0xd5, 0x21, 0x21, 0x91, 0xc8, 0x20, 0x20, 0x85, 0xb5, 0x24, 0x24, 0x69, 0x9b,
    0x44, 0x44, 0x71, 0x5a, 0xff, 0xff, 0xff, 0x01, 0x00, 0x00, 0x00, 0x01, 0x00, 0x00, 0x00, 0x00,
    0x00, 0x00, 0x00, 0x00, 0x00, 0x00, 0x00, 0x00, 0x00, 0x00, 0x00, 0x00, 0x00, 0x00, 0x00, 0x00,
    0x00, 0x00, 0x00, 0x00, 0x00, 0x00, 0x00, 0x01, 0x00, 0x00, 0x00, 0x00, 0xff, 0xff, 0xff, 0x01,
    0x21, 0xa5, 0x2c, 0xd4, 0x14, 0xa9, 0x20, 0xff, 0x1e, 0xbc, 0x31, 0xfd, 0x33, 0xe8, 0x59, 0xff,
    0x34, 0xe6, 0x59, 0xff, 0x34, 0xe6, 0x59, 0xff, 0x45, 0xe5, 0x64, 0xff, 0x54, 0xdd, 0x66, 0xfe,
    0x4a, 0xda, 0x5c, 0xfc, 0x4c, 0xdb, 0x5e, 0xf9, 0x4c, 0xe1, 0x5e, 0xfd, 0x4f, 0xdb, 0x61, 0xe1,
    0x7f, 0xe9, 0x94, 0x0c, 0x00, 0xff, 0x00, 0x01, 0x00, 0xff, 0x00, 0x01, 0x00, 0x00, 0x00, 0x00,
    0x00, 0x00, 0x00, 0x00, 0x00, 0x00, 0x00, 0x00, 0x00, 0x00, 0x00, 0x00, 0x00, 0x00, 0x00, 0x00,
    0x00, 0x00, 0x00, 0x00, 0x00, 0x00, 0x00, 0x00, 0x00, 0x00, 0x00, 0x00, 0x00, 0x00, 0x00, 0x00,
    0x00, 0x00, 0x00, 0x00, 0x00, 0x00, 0x00, 0x00, 0x00, 0x00, 0x00, 0x00, 0x00, 0x00, 0x00, 0x00,
    0x00, 0x00, 0x00, 0x00, 0x00, 0x00, 0x00, 0x00, 0x00, 0x00, 0x00, 0x00, 0x00, 0x00, 0x00, 0x00,
    0x00, 0x00, 0x00, 0x00, 0x00, 0x00, 0x00, 0x00, 0x00, 0x00, 0x00, 0x00, 0x00, 0x00, 0x00, 0x00,
    0x00, 0x00, 0x00, 0x00, 0x00, 0x00, 0x00, 0x00, 0x00, 0x00, 0x00, 0x00, 0x00, 0x00, 0x00, 0x00,
    0x00, 0x00, 0x00, 0x00, 0x00, 0x00, 0x00, 0x00, 0x00, 0x00, 0x00, 0x00, 0x00, 0x00, 0x00, 0x00,
    0x00, 0x00, 0x00, 0x00, 0x00, 0x00, 0x00, 0x00, 0x00, 0x00, 0x00, 0x00, 0x00, 0x00, 0x00, 0x00,
    0x00, 0x00, 0x00, 0x00, 0x7f, 0x7f, 0x7f, 0x02, 0xff, 0xff, 0xff, 0x01, 0x55, 0xc1, 0x5a, 0xba,
    0x53, 0xcd, 0x58, 0xff, 0x51, 0xc8, 0x56, 0xff, 0x4f, 0xc1, 0x52, 0xff, 0x40, 0xc1, 0x4a, 0xff,
    0x26, 0xd0, 0x42, 0xfb, 0x27, 0xcf, 0x41, 0xfc, 0x30, 0xd6, 0x4b, 0xfd, 0x39, 0xe3, 0x59, 0xfa,
    0x39, 0xef, 0x5c, 0xff, 0x4d, 0xd8, 0x64, 0x9e, 0x00, 0x00, 0x00, 0x00, 0x55, 0xff, 0x55, 0x03,
    0x00, 0x00, 0x00, 0x00, 0x00, 0x00, 0x00, 0x00, 0x00, 0x00, 0x00, 0x00, 0x00, 0x00, 0x00, 0x00,
    0x00, 0x00, 0x00, 0x00, 0x00, 0x00, 0x00, 0x00, 0x00, 0x00, 0x00, 0x00, 0x00, 0x00, 0x00, 0x00,
    0x00, 0x00, 0x00, 0x00, 0x00, 0x00, 0x00, 0x00, 0x00, 0x00, 0x00, 0x00, 0x00, 0x00, 0x00, 0x00,
    0x05, 0x05, 0x02, 0x00, 0x07, 0x07, 0x06, 0x00, 0xff, 0xff, 0xff, 0x03, 0x93, 0xb5, 0xc5, 0x8e,
    0x8f, 0xba, 0xcc, 0xff, 0x72, 0x9e, 0xb2, 0xf7, 0x7b, 0xa6, 0xb9, 0xff, 0x83, 0xa3, 0xb9, 0x67,
    0xff, 0xff, 0xff, 0x02, 0x07, 0x07, 0x03, 0x00, 0x03, 0x03, 0x00, 0x00, 0x00, 0x00, 0x00, 0x00,
    0x00, 0x00, 0x00, 0x00, 0x00, 0x00, 0x00, 0x00, 0x00, 0x00, 0x00, 0x00, 0x00, 0x00, 0x00, 0x00,
    0x00, 0x00, 0x00, 0x00, 0x00, 0x00, 0x00, 0x00, 0x00, 0x00, 0x00, 0x00, 0x00, 0x00, 0x00, 0x00,
    0x00, 0x00, 0x00, 0x00, 0x00, 0x00, 0x00, 0x00, 0x00, 0xaa, 0x00, 0x03, 0x01, 0x00, 0x00, 0x00,
    0x25, 0xa7, 0x31, 0x95, 0x16, 0xad, 0x23, 0xfd, 0x17, 0xab, 0x25, 0xfa, 0x29, 0xd1, 0x44, 0xfe,
    0x29, 0xd3, 0x46, 0xfd, 0x33, 0xda, 0x50, 0xfb, 0x4d, 0xdd, 0x61, 0xfd, 0x4b, 0xdd, 0x5d, 0xff,
    0x4f, 0xe6, 0x62, 0xff, 0x51, 0xe7, 0x63, 0xff, 0x56, 0xee, 0x68, 0xff, 0x5b, 0xdf, 0x6b, 0x72,
    0x00, 0x00, 0x00, 0x00, 0x55, 0xff, 0x55, 0x03, 0x00, 0x00, 0x00, 0x00, 0x00, 0x00, 0x00, 0x00,
    0x00, 0x00, 0x00, 0x00, 0x00, 0x00, 0x00, 0x00, 0x00, 0x00, 0x00, 0x00, 0x00, 0x00, 0x00, 0x00,
    0x00, 0x00, 0x00, 0x00, 0x00, 0x00, 0x00, 0x00, 0x00, 0x00, 0x00, 0x00, 0x00, 0x00, 0x00, 0x00,
    0x00, 0x00, 0x00, 0x00, 0x00, 0x00, 0x00, 0x00, 0x00, 0x00, 0x00, 0x00, 0x00, 0x00, 0x00, 0x00,
    0x00, 0x00, 0x00, 0x00, 0x00, 0x00, 0x00, 0x00, 0x00, 0x00, 0x00, 0x00, 0x00, 0x00, 0x00, 0x00,
    0x00, 0x00, 0x00, 0x00, 0x00, 0x00, 0x00, 0x00, 0x00, 0x00, 0x00, 0x00, 0x00, 0x00, 0x00, 0x00,
    0x00, 0x00, 0x00, 0x00, 0x00, 0x00, 0x00, 0x00, 0x00, 0x00, 0x00, 0x00, 0x00, 0x00, 0x00, 0x00,
    0x00, 0x00, 0x00, 0x00, 0x00, 0x00, 0x00, 0x00, 0x00, 0x00, 0x00, 0x00, 0x00, 0x00, 0x00, 0x00,
    0x00, 0x00, 0x00, 0x00, 0x00, 0x00, 0x00, 0x00, 0x00, 0x00, 0x00, 0x00, 0x00, 0x00, 0x00, 0x00,
    0x00, 0x00, 0x00, 0x00, 0x00, 0xff, 0x00, 0x01, 0x00, 0x00, 0x00, 0x01, 0x7f, 0xd4, 0x94, 0x0c,
    0x61, 0xc9, 0x64, 0x4c, 0x53, 0xbf, 0x58, 0x95, 0x4e, 0xbd, 0x53, 0xd7, 0x51, 0xbf, 0x55, 0xff,
    0x3c, 0xc2, 0x43, 0xff, 0x1a, 0xb8, 0x28, 0xff, 0x1a, 0xb8, 0x28, 0xff, 0x2d, 0xdc, 0x48, 0xff,
    0x3a, 0xe9, 0x5c, 0xff, 0x59, 0xe5, 0x72, 0x28, 0x00, 0x00, 0x00, 0x01, 0x7f, 0xff, 0x7f, 0x02,
    0x00, 0x00, 0x00, 0x00, 0x00, 0x00, 0x00, 0x00, 0x00, 0x00, 0x00, 0x00, 0x00, 0x00, 0x00, 0x00,
    0x00, 0x00, 0x00, 0x00, 0x00, 0x00, 0x00, 0x00, 0x00, 0x00, 0x00, 0x00, 0x00, 0x00, 0x00, 0x00,
    0x00, 0x00, 0x00, 0x00, 0x00, 0x00, 0x00, 0x01, 0x3f, 0x3f, 0x3f, 0x04, 0x00, 0x00, 0x3f, 0x04,
    0x00, 0x00, 0x55, 0x03, 0x00, 0x00, 0x00, 0x01, 0x00, 0x00, 0x00, 0x01, 0xff, 0xff, 0xff, 0x04,
    0x93, 0xbe, 0xc4, 0xc1, 0x8e, 0xc2, 0xcd, 0xff, 0x7e, 0xa9, 0xb1, 0xa1, 0x00, 0x00, 0x00, 0x00,
    0x00, 0x00, 0x00, 0x01, 0x00, 0x00, 0x00, 0x01, 0x00, 0x00, 0x00, 0x02, 0x00, 0x00, 0x3f, 0x04,
    0x55, 0x55, 0x55, 0x03, 0x00, 0x00, 0x00, 0x00, 0x00, 0x00, 0x00, 0x00, 0x00, 0x00, 0x00, 0x00,
    0x00, 0x00, 0x00, 0x00, 0x00, 0x00, 0x00, 0x00, 0x00, 0x00, 0x00, 0x00, 0x00, 0x00, 0x00, 0x00,
    0x00, 0x00, 0x00, 0x00, 0x00, 0x00, 0x00, 0x00, 0x55, 0xaa, 0x55, 0x03, 0x00, 0x00, 0x00, 0x00,
    0x39, 0xac, 0x45, 0x3e, 0x19, 0xb0, 0x27, 0xff, 0x17, 0xb4, 0x26, 0xff, 0x18, 0xb5, 0x27, 0xff,
    0x1b, 0xbc, 0x2b, 0xff, 0x43, 0xe1, 0x56, 0xff, 0x54, 0xe6, 0x66, 0xff, 0x4e, 0xdc, 0x61, 0xef,
    0x51, 0xdd, 0x62, 0xc0, 0x59, 0xdd, 0x69, 0x83, 0x63, 0xdd, 0x72, 0x45, 0x7f, 0xd4, 0xaa, 0x06,
    0xff, 0xff, 0xff, 0x01, 0x00, 0x00, 0x00, 0x00, 0x00, 0x00, 0x00, 0x00, 0x00, 0x00, 0x00, 0x00,
    0x00, 0x00, 0x00, 0x00, 0x00, 0x00, 0x00, 0x00, 0x00, 0x00, 0x00, 0x00, 0x00, 0x00, 0x00, 0x00,
    0x00, 0x00, 0x00, 0x00, 0x00, 0x00, 0x00, 0x00, 0x00, 0x00, 0x00, 0x00, 0x00, 0x00, 0x00, 0x00,
    0x00, 0x00, 0x00, 0x00, 0x00, 0x00, 0x00, 0x00, 0x00, 0x00, 0x00, 0x00, 0x00, 0x00, 0x00, 0x00,
    0x00, 0x00, 0x00, 0x00, 0x00, 0x00, 0x00, 0x00, 0x00, 0x00, 0x00, 0x00, 0x00, 0x00, 0x00, 0x00,
    0x00, 0x00, 0x00, 0x00, 0x00, 0x00, 0x00, 0x00, 0x00, 0x00, 0x00, 0x00, 0x00, 0x00, 0x00, 0x00,
    0x00, 0x00, 0x00, 0x00, 0x00, 0x00, 0x00, 0x00, 0x00, 0x00, 0x00, 0x00, 0x00, 0x00, 0x00, 0x00,
    0x00, 0x00, 0x00, 0x00, 0x00, 0x00, 0x00, 0x00, 0x00, 0x00, 0x00, 0x00, 0x00, 0x00, 0x00, 0x00,
    0x00, 0x00, 0x00, 0x00, 0x00, 0x00, 0x00, 0x00, 0x00, 0x00, 0x00, 0x00, 0x00, 0x00, 0x00, 0x00,
    0x00, 0x00, 0x00, 0x00, 0x00, 0x00, 0x00, 0x00, 0x00, 0x00, 0x00, 0x00, 0x00, 0x00, 0x00, 0x00,
    0x00, 0x00, 0x00, 0x00, 0x00, 0x00, 0x00, 0x00, 0xcc, 0xff, 0xcc, 0x05, 0x65, 0xc5, 0x69, 0x35,
    0x5b, 0xc2, 0x5f, 0x7b, 0x33, 0xb8, 0x3e, 0xc1, 0x28, 0xb3, 0x34, 0xd1, 0x2f, 0xc3, 0x3e, 0xd3,
    0x45, 0xdb, 0x5d, 0x80, 0x00, 0x00, 0x00, 0x00, 0x00, 0xff, 0x00, 0x01, 0x00, 0x00, 0x00, 0x00,
    0x00, 0x00, 0x00, 0x00, 0x00, 0x00, 0x00, 0x00, 0x00, 0x00, 0x00, 0x00, 0x00, 0x00, 0x00, 0x00,
    0x00, 0x00, 0x00, 0x00, 0x00, 0x00, 0x00, 0x00, 0x00, 0x00, 0x00, 0x00, 0x00, 0x00, 0x00, 0x00,
    0x00, 0x00, 0x00, 0x00, 0x00, 0x00, 0x00, 0x00, 0x00, 0x00, 0x00, 0x00, 0x00, 0x00, 0x00, 0x00,
    0xff, 0xff, 0xff, 0x01, 0x00, 0x00, 0x00, 0x00, 0x7f, 0x7f, 0xff, 0x02, 0x00, 0x00, 0x00, 0x00,
    0x99, 0xb7, 0xcc, 0x19, 0x86, 0xb2, 0xbf, 0x5d, 0x8b, 0xa2, 0xb9, 0x0b, 0x00, 0x00, 0xff, 0x01,
    0x7f, 0x7f, 0x7f, 0x02, 0x00, 0x00, 0x00, 0x00, 0x00, 0x00, 0x00, 0x00, 0x00, 0x00, 0x00, 0x00,
    0x00, 0x00, 0x00, 0x00, 0x00, 0x00, 0x00, 0x00, 0x00, 0x00, 0x00, 0x00, 0x00, 0x00, 0x00, 0x00,
    0x00, 0x00, 0x00, 0x00, 0x00, 0x00, 0x00, 0x00, 0x00, 0x00, 0x00, 0x00, 0x00, 0x00, 0x00, 0x00,
    0x00, 0x00, 0x00, 0x00, 0x00, 0x00, 0x00, 0x00, 0x00, 0x00, 0x00, 0x00, 0x00, 0x00, 0x00, 0x01,
    0xcc, 0xcc, 0xcc, 0x05, 0x28, 0xb0, 0x35, 0xac, 0x22, 0xb9, 0x32, 0xe5, 0x20, 0xb4, 0x2f, 0xe2,
    0x39, 0xca, 0x49, 0xcc, 0x5b, 0xe4, 0x6d, 0x8e, 0x5e, 0xe1, 0x6b, 0x4e, 0x74, 0xe9, 0x8a, 0x18,
    0x00, 0x00, 0x00, 0x00, 0x00, 0x00, 0x00, 0x00, 0x00, 0x00, 0x00, 0x00, 0x00, 0x00, 0x00, 0x00,
    0x00, 0x00, 0x00, 0x00, 0x00, 0x00, 0x00, 0x00, 0x00, 0x00, 0x00, 0x00, 0x00, 0x00, 0x00, 0x00,
    0x00, 0x00, 0x00, 0x00, 0x00, 0x00, 0x00, 0x00, 0x00, 0x00, 0x00, 0x00, 0x00, 0x00, 0x00, 0x00,
    0x00, 0x00, 0x00, 0x00, 0x00, 0x00, 0x00, 0x00, 0x00, 0x00, 0x00, 0x00, 0x00, 0x00, 0x00, 0x00,
    0x00, 0x00, 0x00, 0x00, 0x00, 0x00, 0x00, 0x00, 0x00, 0x00, 0x00, 0x00, 0x00, 0x00, 0x00, 0x00,
    0x00, 0x00, 0x00, 0x00, 0x00, 0x00, 0x00, 0x00, 0x00, 0x00, 0x00, 0x00, 0x00, 0x00, 0x00, 0x00,
    0x00, 0x00, 0x00, 0x00, 0x00, 0x00, 0x00, 0x00, 0x00, 0x00, 0x00, 0x00, 0x00, 0x00, 0x00, 0x00,
    0x00, 0x00, 0x00, 0x00, 0x00, 0x00, 0x00, 0x00, 0x00, 0x00, 0x00, 0x00, 0x00, 0x00, 0x00, 0x00,
    0x00, 0x00, 0x00, 0x00, 0x00, 0x00, 0x00, 0x00, 0x00, 0x00, 0x00, 0x00, 0x00, 0x00, 0x00, 0x00,
    0x00, 0x00, 0x00, 0x00, 0x00, 0x00, 0x00, 0x00, 0x00, 0x00, 0x00, 0x00, 0x00, 0x00, 0x00, 0x00,
    0x00, 0x00, 0x00, 0x00, 0x00, 0x00, 0x00, 0x00, 0x00, 0x00, 0x00, 0x00, 0x00, 0xff, 0x00, 0x01,
    0x55, 0xaa, 0x55, 0x03, 0x55, 0xaa, 0x55, 0x03, 0x00, 0x00, 0x00, 0x00, 0x00, 0x00, 0x00, 0x00,
    0x00, 0x00, 0x00, 0x00, 0x03, 0x00, 0x02, 0x00, 0xff, 0xff, 0xff, 0x02, 0xff, 0xff, 0xff, 0x02,
    0x00, 0x00, 0x00, 0x00, 0x00, 0xff, 0x00, 0x01, 0x00, 0x00, 0x00, 0x00, 0x00, 0x00, 0x00, 0x00,
    0x00, 0x00, 0x00, 0x00, 0x00, 0x00, 0x00, 0x00, 0x00, 0x00, 0x00, 0x00, 0x00, 0x00, 0x00, 0x00,
    0x00, 0x00, 0x00, 0x00, 0x00, 0x00, 0x00, 0x00, 0x00, 0x00, 0x00, 0x00, 0x00, 0x00, 0x00, 0x00,
    0x00, 0x00, 0x00, 0x00, 0x00, 0x00, 0x00, 0x00, 0x00, 0x00, 0x00, 0x00, 0x00, 0x00, 0x00, 0x00,
    0xff, 0xff, 0xff, 0x01, 0x00, 0x00, 0x00, 0x00, 0x00, 0x00, 0x00, 0x00, 0x00, 0x00, 0xff, 0x01,
    0x00, 0x00, 0x00, 0x00, 0x00, 0x00, 0x00, 0x00, 0x00, 0x00, 0x00, 0x00, 0x00, 0x00, 0x00, 0x00,
    0x00, 0x00, 0x00, 0x00, 0x00, 0x00, 0x00, 0x00, 0x00, 0x00, 0x00, 0x00, 0x00, 0x00, 0x00, 0x00,
    0x00, 0x00, 0x00, 0x00, 0x00, 0x00, 0x00, 0x00, 0x00, 0x00, 0x00, 0x00, 0x00, 0x00, 0x00, 0x00,
    0x00, 0x00, 0x00, 0x00, 0x00, 0x00, 0x00, 0x00, 0x00, 0x00, 0x00, 0x00, 0x00, 0x00, 0x00, 0x00,
    0x00, 0x00, 0x00, 0x00, 0x00, 0x00, 0x00, 0x00, 0x00, 0x00, 0x00, 0x00, 0x00, 0x00, 0x00, 0x00,
    0x00, 0x00, 0x00, 0x00, 0x02, 0x00, 0x02, 0x00, 0x6a, 0xbf, 0x7f, 0x0c, 0x6a, 0xd4, 0x7f, 0x0c,
    0x04, 0x00, 0x03, 0x00, 0x00, 0x00, 0x00, 0x00, 0x00, 0x00, 0x00, 0x00, 0x00, 0x00, 0x00, 0x00,
    0x00, 0xff, 0x00, 0x01, 0x3f, 0xbf, 0x3f, 0x04, 0x55, 0xff, 0x55, 0x03, 0x00, 0x00, 0x00, 0x01,
    0x00, 0x00, 0x00, 0x00, 0x00, 0x00, 0x00, 0x00, 0x00, 0x00, 0x00, 0x00, 0x00, 0x00, 0x00, 0x00,
    0x00, 0x00, 0x00, 0x00, 0x00, 0x00, 0x00, 0x00, 0x00, 0x00, 0x00, 0x00, 0x00, 0x00, 0x00, 0x00,
    0x00, 0x00, 0x00, 0x00, 0x00, 0x00, 0x00, 0x00, 0x00, 0x00, 0x00, 0x00, 0x00, 0x00, 0x00, 0x00,
    0x00, 0x00, 0x00, 0x00, 0x00, 0x00, 0x00, 0x00, 0x00, 0x00, 0x00, 0x00, 0x00, 0x00, 0x00, 0x00,
    0x00, 0x00, 0x00, 0x00, 0x00, 0x00, 0x00, 0x00, 0x00, 0x00, 0x00, 0x00, 0x00, 0x00, 0x00, 0x00,
    0x00, 0x00, 0x00, 0x00, 0x00, 0x00, 0x00, 0x00, 0x00, 0x00, 0x00, 0x00, 0x00, 0x00, 0x00, 0x00,
    0x00, 0x00, 0x00, 0x00, 0x00, 0x00, 0x00, 0x00, 0x00, 0x00, 0x00, 0x00, 0x00, 0x00, 0x00, 0x00,
    0x00, 0x00, 0x00, 0x00, 0x00, 0x00, 0x00, 0x00, 0x00, 0x00, 0x00, 0x00, 0x00, 0x00, 0x00, 0x00,
    0x00, 0x00, 0x00, 0x00, 0x00, 0x00, 0x00, 0x00, 0x00, 0x00, 0x00, 0x00, 0x00, 0x00, 0x00, 0x00,
    0x00, 0x00, 0x00, 0x00, 0x00, 0x00, 0x00, 0x00, 0x00, 0x00, 0x00, 0x00, 0x00, 0x00, 0x00, 0x00,
    0x00, 0x00, 0x00, 0x00, 0x00, 0x00, 0x00, 0x00, 0x00, 0xff, 0x00, 0x01, 0x7f, 0xff, 0x7f, 0x02,
    0x3f, 0xbf, 0x3f, 0x04, 0x00, 0xff, 0x00, 0x01, 0x00, 0x00, 0x00, 0x00, 0x00, 0x00, 0x00, 0x00,
    0x00, 0xff, 0x00, 0x02, 0x00, 0x00, 0x00, 0x00, 0x00, 0x00, 0x00, 0x00, 0x00, 0x00, 0x00, 0x00,
    0x00, 0x00, 0x00, 0x00, 0x00, 0x00, 0x00, 0x00, 0x00, 0x00, 0x00, 0x00, 0x00, 0x00, 0x00, 0x00,
    0x00, 0x00, 0x00, 0x00, 0x00, 0x00, 0x00, 0x00, 0x00, 0x00, 0x00, 0x00, 0x00, 0x00, 0x00, 0x00,
    0x00, 0x00, 0x00, 0x00, 0x00, 0x00, 0x00, 0x00, 0x00, 0x00, 0x00, 0x00, 0x00, 0x00, 0x00, 0x00,
    0x00, 0xff, 0xff, 0x01, 0x00, 0x00, 0x00, 0x00, 0x00, 0x00, 0x00, 0x00, 0x00, 0x00, 0x00, 0x00,
    0xff, 0xff, 0xff, 0x01, 0x7f, 0xbf, 0xbf, 0x04, 0x00, 0xff, 0xff, 0x01, 0x00, 0x00, 0x00, 0x00,
    0x00, 0x00, 0x00, 0x00, 0x00, 0x00, 0x00, 0x00, 0x00, 0x00, 0x00, 0x00, 0x00, 0x00, 0x00, 0x00,
    0x00, 0x00, 0x00, 0x00, 0x00, 0x00, 0x00, 0x00, 0x00, 0x00, 0x00, 0x00, 0x00, 0x00, 0x00, 0x00,
    0x00, 0x00, 0x00, 0x00, 0x00, 0x00, 0x00, 0x00, 0x00, 0x00, 0x00, 0x00, 0x00, 0x00, 0x00, 0x00,
    0x00, 0x00, 0x00, 0x00, 0x00, 0x00, 0x00, 0x00, 0x00, 0x00, 0x00, 0x00, 0x00, 0x00, 0x00, 0x00,
    0x00, 0x00, 0x00, 0x00, 0x00, 0x00, 0x00, 0x01, 0x00, 0x00, 0x00, 0x00, 0x00, 0x00, 0x00, 0x00,
    0x00, 0x00, 0x00, 0x00, 0x3f, 0xbf, 0x3f, 0x04, 0x55, 0xff, 0x55, 0x03, 0xff, 0xff, 0xff, 0x01,
    0x00, 0x00, 0x00, 0x00, 0x00, 0x00, 0x00, 0x00, 0x00, 0x00, 0x00, 0x00, 0x00, 0x00, 0x00, 0x00,
    0x00, 0x00, 0x00, 0x00, 0x00, 0x00, 0x00, 0x00, 0x00, 0x00, 0x00, 0x00, 0x00, 0x00, 0x00, 0x00,
    0x00, 0x00, 0x00, 0x00, 0x00, 0x00, 0x00, 0x00, 0x00, 0x00, 0x00, 0x00, 0x00, 0x00, 0x00, 0x00,
    0x00, 0x00, 0x00, 0x00, 0x00, 0x00, 0x00, 0x00, 0x00, 0x00, 0x00, 0x00, 0x00, 0x00, 0x00, 0x00,
    0x00, 0x00, 0x00, 0x00, 0x00, 0x00, 0x00, 0x00, 0x00, 0x00, 0x00, 0x00, 0x00, 0x00, 0x00, 0x00,
    0x00, 0x00, 0x00, 0x00, 0x00, 0x00, 0x00, 0x00, 0x00, 0x00, 0x00, 0x00, 0x00, 0x00, 0x00, 0x00,
    0x00, 0x00, 0x00, 0x00, 0x00, 0x00, 0x00, 0x00, 0x00, 0x00, 0x00, 0x00, 0x00, 0x00, 0x00, 0x00,
    0x00, 0x00, 0x00, 0x00, 0x00, 0x00, 0x00, 0x00, 0x00, 0x00, 0x00, 0x00, 0x00, 0x00, 0x00, 0x00,
    0x00, 0x00, 0x00, 0x00, 0x00, 0x00, 0x00, 0x00, 0x00, 0x00, 0x00, 0x00, 0x00, 0x00, 0x00, 0x00,
    0x00, 0x00, 0x00, 0x00, 0x00, 0x00, 0x00, 0x00, 0x00, 0x00, 0x00, 0x00, 0x00, 0x00, 0x00, 0x00,
    0x00, 0x00, 0x00, 0x00, 0x00, 0x00, 0x00, 0x00, 0x00, 0x00, 0x00, 0x00, 0x00, 0x00, 0x00, 0x00,
    0x00, 0x00, 0x00, 0x00, 0x00, 0x00, 0x00, 0x00, 0x00, 0x00, 0x00, 0x00, 0x00, 0x00, 0x00, 0x00,
    0x00, 0x00, 0x00, 0x00, 0x00, 0x00, 0x00, 0x00, 0x00, 0x00, 0x00, 0x01, 0x00, 0x00, 0x00, 0x01,
    0x00, 0x00, 0x00, 0x00, 0x00, 0x00, 0x00, 0x00, 0x00, 0x00, 0x00, 0x00, 0x00, 0x00, 0x00, 0x00,
    0x00, 0x00, 0x00, 0x00, 0x00, 0x00, 0x00, 0x00, 0x00, 0x00, 0x00, 0x00, 0x00, 0x00, 0x00, 0x00,
    0x00, 0x00, 0x00, 0x00, 0x00, 0x00, 0x00, 0x00, 0x00, 0x00, 0x00, 0x00, 0x00, 0x00, 0x00, 0x00,
    0x00, 0x00, 0x00, 0x00, 0x00, 0x00, 0x00, 0x00, 0x00, 0x00, 0x00, 0x00, 0x00, 0x00, 0x00, 0x00,
    0x00, 0x00, 0x00, 0x00, 0xff, 0xff, 0xff, 0x01, 0x00, 0x00, 0x00, 0x00, 0x00, 0x00, 0x00, 0x00,
    0x00, 0x00, 0x00, 0x00, 0x00, 0x00, 0x00, 0x00, 0x00, 0x00, 0x00, 0x00, 0x00, 0x00, 0x00, 0x00,
    0x00, 0x00, 0x00, 0x00, 0x00, 0x00, 0x00, 0x00, 0x00, 0x00, 0x00, 0x00, 0x00, 0x00, 0x00, 0x00,
    0x00, 0x00, 0x00, 0x00, 0x00, 0x00, 0x00, 0x00, 0x00, 0x00, 0x00, 0x00, 0x00, 0x00, 0x00, 0x00,
    0x00, 0x00, 0x00, 0x00, 0x00, 0x00, 0x00, 0x00, 0x00, 0x00, 0x00, 0x00, 0x00, 0x00, 0x00, 0x00,
    0x00, 0x00, 0x00, 0x00, 0x00, 0x00, 0x00, 0x00, 0x00, 0x00, 0x00, 0x00, 0x00, 0x00, 0x00, 0x00,
    0x00, 0x00, 0x00, 0x00, 0x00, 0x00, 0x00, 0x00, 0x00, 0xff, 0x00, 0x01, 0x00, 0xff, 0x00, 0x01,
    0x00, 0x00, 0x00, 0x00, 0x00, 0x00, 0x00, 0x00, 0x00, 0x00, 0x00, 0x00, 0x00, 0x00, 0x00, 0x00,
    0x00, 0x00, 0x00, 0x00, 0x00, 0x00, 0x00, 0x00, 0x00, 0x00, 0x00, 0x00, 0x00, 0x00, 0x00, 0x00,
    0x00, 0x00, 0x00, 0x00, 0x00, 0x00, 0x00, 0x00, 0x00, 0x00, 0x00, 0x00, 0x00, 0x00, 0x00, 0x00,
    0x00, 0x00, 0x00, 0x00, 0x00, 0x00, 0x00, 0x00, 0x00, 0x00, 0x00, 0x00, 0x00, 0x00, 0x00, 0x00,
    0x00, 0x00, 0x00, 0x00, 0x00, 0x00, 0x00, 0x00, 0x00, 0x00, 0x00, 0x00, 0x00, 0x00, 0x00, 0x00,
    0x00, 0x00, 0x00, 0x00, 0x00, 0x00, 0x00, 0x00, 0x00, 0x00, 0x00, 0x00, 0x00, 0x00, 0x00, 0x00,
    0x00, 0x00, 0x00, 0x00, 0x00, 0x00, 0x00, 0x00, 0x00, 0x00, 0x00, 0x00, 0x00, 0x00, 0x00, 0x00,
    0x00, 0x00, 0x00, 0x00, 0x00, 0x00, 0x00, 0x00, 0x00, 0x00, 0x00, 0x00, 0x00, 0x00, 0x00, 0x00,
    0x00, 0x00, 0x00, 0x00, 0x00, 0x00, 0x00, 0x00, 0x00, 0x00, 0x00, 0x00, 0x00, 0x00, 0x00, 0x00,
    0x00, 0x00, 0x00, 0x00, 0x00, 0x00, 0x00, 0x00, 0x00, 0x00, 0x00, 0x00, 0x00, 0x00, 0x00, 0x00,
    0x00, 0x00, 0x00, 0x00, 0x00, 0x00, 0x00, 0x00, 0x00, 0x00, 0x00, 0x00, 0x00, 0x00, 0x00, 0x00,
    0x00, 0x00, 0x00, 0x00, 0x00, 0x00, 0x00, 0x00, 0x00, 0x00, 0x00, 0x00, 0x00, 0x00, 0x00, 0x00,
    0x00, 0x00, 0x00, 0x00, 0x00, 0x00, 0x00, 0x00, 0x00, 0x00, 0x00, 0x00, 0x00, 0x00, 0x00, 0x00,
    0x00, 0x00, 0x00, 0x00, 0x00, 0x00, 0x00, 0x00, 0x00, 0x00, 0x00, 0x00, 0x00, 0x00, 0x00, 0x00,
    0x00, 0x00, 0x00, 0x00, 0x00, 0x00, 0x00, 0x00, 0x00, 0x00, 0x00, 0x00, 0x00, 0x00, 0x00, 0x00,
    0x00, 0x00, 0x00, 0x00, 0x00, 0x00, 0x00, 0x00, 0x00, 0x00, 0x00, 0x00, 0x00, 0x00, 0x00, 0x00,
    0x00, 0x00, 0x00, 0x00, 0x00, 0x00, 0x00, 0x00, 0x00, 0x00, 0x00, 0x00, 0x00, 0x00, 0x00, 0x00,
    0x00, 0x00, 0x00, 0x00, 0x00, 0x00, 0x00, 0x00, 0x00, 0x00, 0x00, 0x00, 0x00, 0x00, 0x00, 0x00,
    0x00, 0x00, 0x00, 0x00, 0xff, 0xff, 0xff, 0x01, 0x00, 0x00, 0x00, 0x00, 0x00, 0x00, 0x00, 0x00,
    0x00, 0x00, 0x00, 0x00, 0x00, 0x00, 0x00, 0x00, 0x00, 0x00, 0x00, 0x00, 0x00, 0x00, 0x00, 0x00,
    0x00, 0x00, 0x00, 0x00, 0x00, 0x00, 0x00, 0x00, 0x00, 0x00, 0x00, 0x00, 0x00, 0x00, 0x00, 0x00,
    0x00, 0x00, 0x00, 0x00, 0x00, 0x00, 0x00, 0x00, 0x00, 0x00, 0x00, 0x00, 0x00, 0x00, 0x00, 0x00,
    0x00, 0x00, 0x00, 0x00, 0x00, 0x00, 0x00, 0x00, 0x00, 0x00, 0x00, 0x00, 0x00, 0x00, 0x00, 0x00,
    0x00, 0x00, 0x00, 0x00, 0x00, 0x00, 0x00, 0x00, 0x00, 0x00, 0x00, 0x00, 0x00, 0x00, 0x00, 0x00,
    0x00, 0x00, 0x00, 0x00, 0x00, 0x00, 0x00, 0x00, 0x00, 0x00, 0x00, 0x00, 0x00, 0x00, 0x00, 0x00,
    0x00, 0x00, 0x00, 0x00, 0x00, 0x00, 0x00, 0x00, 0x00, 0x00, 0x00, 0x00, 0x00, 0x00, 0x00, 0x00,
    0x00, 0x00, 0x00, 0x00, 0x00, 0x00, 0x00, 0x00, 0x00, 0x00, 0x00, 0x00, 0x00, 0x00, 0x00, 0x00,
    0x00, 0x00, 0x00, 0x00, 0x00, 0x00, 0x00, 0x00, 0x00, 0x00, 0x00, 0x00, 0x00, 0x00, 0x00, 0x00,
    0x00, 0x00, 0x00, 0x00, 0x00, 0x00, 0x00, 0x00, 0x00, 0x00, 0x00, 0x00, 0x00, 0x00, 0x00, 0x00,
    0x00, 0x00, 0x00, 0x00, 0x00, 0x00, 0x00, 0x00, 0x00, 0x00, 0x00, 0x00, 0x00, 0x00, 0x00, 0x00,
    0x00, 0x00, 0x00, 0x00, 0x00, 0x00, 0x00, 0x00, 0x00, 0x00, 0x00, 0x00, 0x00, 0x00, 0x00, 0x00,
};

const lv_image_dsc_t img_anthead = [] {
    lv_image_dsc_t img{};
    img.header.magic = LV_IMAGE_HEADER_MAGIC;
    img.header.cf = LV_COLOR_FORMAT_ARGB8888;
    img.header.w = 100;
    img.header.h = 163;
    img.header.stride = 400;
    img.data_size = 65200;
    img.data = img_anthead_data;
    return img;
}();

// Source image dimensions and visual center (measured from content bounds)
static constexpr int32_t IMG_W = 100;
static constexpr int32_t IMG_H = 163;
static constexpr int32_t IMG_CENTER_X = 50; // horizontal center of content
static constexpr int32_t IMG_CENTER_Y = 81; // vertical center of main body

void draw_nozzle_anthead(lv_layer_t* layer, int32_t cx, int32_t cy, lv_color_t filament_color,
                         int32_t scale_unit, lv_opa_t opa) {
    (void)filament_color;

    // Scale to match other toolhead renderers' visual footprint
    int32_t render_height = (scale_unit * 65) / 10;
    // LV_SCALE_NONE (256) = 1:1.  Scale maps source height to desired rendered height.
    int32_t scale = 256 * render_height / IMG_H;
    if (scale <= 0)
        return;

    // Pivot is at the visual center of the toolhead body.  LVGL scales around
    // this point, keeping it stationary on screen.
    lv_draw_image_dsc_t dsc;
    lv_draw_image_dsc_init(&dsc);
    dsc.src = &img_anthead;
    dsc.opa = opa;
    dsc.scale_x = scale;
    dsc.scale_y = scale;
    dsc.pivot.x = IMG_CENTER_X;
    dsc.pivot.y = IMG_CENTER_Y;

    // coords defines where the ORIGINAL (unscaled) image top-left goes.
    // The pivot stays at (coords.x1 + pivot.x, coords.y1 + pivot.y) after scaling,
    // so we offset to place the pivot at (cx, cy).
    lv_area_t coords;
    coords.x1 = cx - IMG_CENTER_X;
    coords.y1 = cy - IMG_CENTER_Y;
    coords.x2 = coords.x1 + IMG_W - 1;
    coords.y2 = coords.y1 + IMG_H - 1;

    lv_draw_image(layer, &dsc, &coords);
}

#else // HELIX_PLATFORM_ESP32 — 65 KB AntHead image dropped (see top of file)

void draw_nozzle_anthead(lv_layer_t*, int32_t, int32_t, lv_color_t, int32_t, lv_opa_t) {}

#endif // !HELIX_PLATFORM_ESP32
